=== campaign_d_path :: hpac,rac (3 reps) on instances/campaign_d_path -> results/raw/campaign_d_path_hpac-rac.csv ===
[1/600] path_n100000_anti-correlated_seed0.pcf: ok (6 rows)
[2/600] path_n100000_anti-correlated_seed1.pcf: ok (6 rows)
[3/600] path_n100000_anti-correlated_seed2.pcf: ok (6 rows)
[4/600] path_n100000_anti-correlated_seed3.pcf: ok (6 rows)
[5/600] path_n100000_anti-correlated_seed4.pcf: ok (6 rows)
[6/600] path_n100000_anti-correlated_seed5.pcf: ok (6 rows)
[7/600] path_n100000_anti-correlated_seed6.pcf: ok (6 rows)
[8/600] path_n100000_anti-correlated_seed7.pcf: ok (6 rows)
[9/600] path_n100000_anti-correlated_seed8.pcf: ok (6 rows)
[10/600] path_n100000_anti-correlated_seed9.pcf: ok (6 rows)
[11/600] path_n100000_correlated_seed0.pcf: ok (6 rows)
[12/600] path_n100000_correlated_seed1.pcf: ok (6 rows)
[13/600] path_n100000_correlated_seed2.pcf: ok (6 rows)
[14/600] path_n100000_correlated_seed3.pcf: ok (6 rows)
[15/600] path_n100000_correlated_seed4.pcf: ok (6 rows)
[16/600] path_n100000_correlated_seed5.pcf: ok (6 rows)
[17/600] path_n100000_correlated_seed6.pcf: ok (6 rows)
[18/600] path_n100000_correlated_seed7.pcf: ok (6 rows)
[19/600] path_n100000_correlated_seed8.pcf: ok (6 rows)
[20/600] path_n100000_correlated_seed9.pcf: ok (6 rows)
[21/600] path_n100000_exact-ties_seed0.pcf: ok (6 rows)
[22/600] path_n100000_exact-ties_seed1.pcf: ok (6 rows)
[23/600] path_n100000_exact-ties_seed2.pcf: ok (6 rows)
[24/600] path_n100000_exact-ties_seed3.pcf: ok (6 rows)
[25/600] path_n100000_exact-ties_seed4.pcf: ok (6 rows)
[26/600] path_n100000_exact-ties_seed5.pcf: ok (6 rows)
[27/600] path_n100000_exact-ties_seed6.pcf: ok (6 rows)
[28/600] path_n100000_exact-ties_seed7.pcf: ok (6 rows)
[29/600] path_n100000_exact-ties_seed8.pcf: ok (6 rows)
[30/600] path_n100000_exact-ties_seed9.pcf: ok (6 rows)
[31/600] path_n100000_independent-positive_seed0.pcf: ok (6 rows)
[32/600] path_n100000_independent-positive_seed1.pcf: ok (6 rows)
[33/600] path_n100000_independent-positive_seed2.pcf: ok (6 rows)
[34/600] path_n100000_independent-positive_seed3.pcf: ok (6 rows)
[35/600] path_n100000_independent-positive_seed4.pcf: ok (6 rows)
[36/600] path_n100000_independent-positive_seed5.pcf: ok (6 rows)
[37/600] path_n100000_independent-positive_seed6.pcf: ok (6 rows)
[38/600] path_n100000_independent-positive_seed7.pcf: ok (6 rows)
[39/600] path_n100000_independent-positive_seed8.pcf: ok (6 rows)
[40/600] path_n100000_independent-positive_seed9.pcf: ok (6 rows)
[41/600] path_n100000_independent-signed_seed0.pcf: ok (6 rows)
[42/600] path_n100000_independent-signed_seed1.pcf: ok (6 rows)
[43/600] path_n100000_independent-signed_seed2.pcf: ok (6 rows)
[44/600] path_n100000_independent-signed_seed3.pcf: ok (6 rows)
[45/600] path_n100000_independent-signed_seed4.pcf: ok (6 rows)
[46/600] path_n100000_independent-signed_seed5.pcf: ok (6 rows)
[47/600] path_n100000_independent-signed_seed6.pcf: ok (6 rows)
[48/600] path_n100000_independent-signed_seed7.pcf: ok (6 rows)
[49/600] path_n100000_independent-signed_seed8.pcf: ok (6 rows)
[50/600] path_n100000_independent-signed_seed9.pcf: ok (6 rows)
[51/600] path_n100000_near-ties_seed0.pcf: ok (6 rows)
[52/600] path_n100000_near-ties_seed1.pcf: ok (6 rows)
[53/600] path_n100000_near-ties_seed2.pcf: ok (6 rows)
[54/600] path_n100000_near-ties_seed3.pcf: ok (6 rows)
[55/600] path_n100000_near-ties_seed4.pcf: ok (6 rows)
[56/600] path_n100000_near-ties_seed5.pcf: ok (6 rows)
[57/600] path_n100000_near-ties_seed6.pcf: ok (6 rows)
[58/600] path_n100000_near-ties_seed7.pcf: ok (6 rows)
[59/600] path_n100000_near-ties_seed8.pcf: ok (6 rows)
[60/600] path_n100000_near-ties_seed9.pcf: ok (6 rows)
[61/600] path_n10000_anti-correlated_seed0.pcf: ok (6 rows)
[62/600] path_n10000_anti-correlated_seed1.pcf: ok (6 rows)
[63/600] path_n10000_anti-correlated_seed2.pcf: ok (6 rows)
[64/600] path_n10000_anti-correlated_seed3.pcf: ok (6 rows)
[65/600] path_n10000_anti-correlated_seed4.pcf: ok (6 rows)
[66/600] path_n10000_anti-correlated_seed5.pcf: ok (6 rows)
[67/600] path_n10000_anti-correlated_seed6.pcf: ok (6 rows)
[68/600] path_n10000_anti-correlated_seed7.pcf: ok (6 rows)
[69/600] path_n10000_anti-correlated_seed8.pcf: ok (6 rows)
[70/600] path_n10000_anti-correlated_seed9.pcf: ok (6 rows)
[71/600] path_n10000_correlated_seed0.pcf: ok (6 rows)
[72/600] path_n10000_correlated_seed1.pcf: ok (6 rows)
[73/600] path_n10000_correlated_seed2.pcf: ok (6 rows)
[74/600] path_n10000_correlated_seed3.pcf: ok (6 rows)
[75/600] path_n10000_correlated_seed4.pcf: ok (6 rows)
[76/600] path_n10000_correlated_seed5.pcf: ok (6 rows)
[77/600] path_n10000_correlated_seed6.pcf: ok (6 rows)
[78/600] path_n10000_correlated_seed7.pcf: ok (6 rows)
[79/600] path_n10000_correlated_seed8.pcf: ok (6 rows)
[80/600] path_n10000_correlated_seed9.pcf: ok (6 rows)
[81/600] path_n10000_exact-ties_seed0.pcf: ok (6 rows)
[82/600] path_n10000_exact-ties_seed1.pcf: ok (6 rows)
[83/600] path_n10000_exact-ties_seed2.pcf: ok (6 rows)
[84/600] path_n10000_exact-ties_seed3.pcf: ok (6 rows)
[85/600] path_n10000_exact-ties_seed4.pcf: ok (6 rows)
[86/600] path_n10000_exact-ties_seed5.pcf: ok (6 rows)
[87/600] path_n10000_exact-ties_seed6.pcf: ok (6 rows)
[88/600] path_n10000_exact-ties_seed7.pcf: ok (6 rows)
[89/600] path_n10000_exact-ties_seed8.pcf: ok (6 rows)
[90/600] path_n10000_exact-ties_seed9.pcf: ok (6 rows)
[91/600] path_n10000_independent-positive_seed0.pcf: ok (6 rows)
[92/600] path_n10000_independent-positive_seed1.pcf: ok (6 rows)
[93/600] path_n10000_independent-positive_seed2.pcf: ok (6 rows)
[94/600] path_n10000_independent-positive_seed3.pcf: ok (6 rows)
[95/600] path_n10000_independent-positive_seed4.pcf: ok (6 rows)
[96/600] path_n10000_independent-positive_seed5.pcf: ok (6 rows)
[97/600] path_n10000_independent-positive_seed6.pcf: ok (6 rows)
[98/600] path_n10000_independent-positive_seed7.pcf: ok (6 rows)
[99/600] path_n10000_independent-positive_seed8.pcf: ok (6 rows)
[100/600] path_n10000_independent-positive_seed9.pcf: ok (6 rows)
[101/600] path_n10000_independent-signed_seed0.pcf: ok (6 rows)
[102/600] path_n10000_independent-signed_seed1.pcf: ok (6 rows)
[103/600] path_n10000_independent-signed_seed2.pcf: ok (6 rows)
[104/600] path_n10000_independent-signed_seed3.pcf: ok (6 rows)
[105/600] path_n10000_independent-signed_seed4.pcf: ok (6 rows)
[106/600] path_n10000_independent-signed_seed5.pcf: ok (6 rows)
[107/600] path_n10000_independent-signed_seed6.pcf: ok (6 rows)
[108/600] path_n10000_independent-signed_seed7.pcf: ok (6 rows)
[109/600] path_n10000_independent-signed_seed8.pcf: ok (6 rows)
[110/600] path_n10000_independent-signed_seed9.pcf: ok (6 rows)
[111/600] path_n10000_near-ties_seed0.pcf: ok (6 rows)
[112/600] path_n10000_near-ties_seed1.pcf: ok (6 rows)
[113/600] path_n10000_near-ties_seed2.pcf: ok (6 rows)
[114/600] path_n10000_near-ties_seed3.pcf: ok (6 rows)
[115/600] path_n10000_near-ties_seed4.pcf: ok (6 rows)
[116/600] path_n10000_near-ties_seed5.pcf: ok (6 rows)
[117/600] path_n10000_near-ties_seed6.pcf: ok (6 rows)
[118/600] path_n10000_near-ties_seed7.pcf: ok (6 rows)
[119/600] path_n10000_near-ties_seed8.pcf: ok (6 rows)
[120/600] path_n10000_near-ties_seed9.pcf: ok (6 rows)
[121/600] path_n1000_anti-correlated_seed0.pcf: ok (6 rows)
[122/600] path_n1000_anti-correlated_seed1.pcf: ok (6 rows)
[123/600] path_n1000_anti-correlated_seed2.pcf: ok (6 rows)
[124/600] path_n1000_anti-correlated_seed3.pcf: ok (6 rows)
[125/600] path_n1000_anti-correlated_seed4.pcf: ok (6 rows)
[126/600] path_n1000_anti-correlated_seed5.pcf: ok (6 rows)
[127/600] path_n1000_anti-correlated_seed6.pcf: ok (6 rows)
[128/600] path_n1000_anti-correlated_seed7.pcf: ok (6 rows)
[129/600] path_n1000_anti-correlated_seed8.pcf: ok (6 rows)
[130/600] path_n1000_anti-correlated_seed9.pcf: ok (6 rows)
[131/600] path_n1000_correlated_seed0.pcf: ok (6 rows)
[132/600] path_n1000_correlated_seed1.pcf: ok (6 rows)
[133/600] path_n1000_correlated_seed2.pcf: ok (6 rows)
[134/600] path_n1000_correlated_seed3.pcf: ok (6 rows)
[135/600] path_n1000_correlated_seed4.pcf: ok (6 rows)
[136/600] path_n1000_correlated_seed5.pcf: ok (6 rows)
[137/600] path_n1000_correlated_seed6.pcf: ok (6 rows)
[138/600] path_n1000_correlated_seed7.pcf: ok (6 rows)
[139/600] path_n1000_correlated_seed8.pcf: ok (6 rows)
[140/600] path_n1000_correlated_seed9.pcf: ok (6 rows)
[141/600] path_n1000_exact-ties_seed0.pcf: ok (6 rows)
[142/600] path_n1000_exact-ties_seed1.pcf: ok (6 rows)
[143/600] path_n1000_exact-ties_seed2.pcf: ok (6 rows)
[144/600] path_n1000_exact-ties_seed3.pcf: ok (6 rows)
[145/600] path_n1000_exact-ties_seed4.pcf: ok (6 rows)
[146/600] path_n1000_exact-ties_seed5.pcf: ok (6 rows)
[147/600] path_n1000_exact-ties_seed6.pcf: ok (6 rows)
[148/600] path_n1000_exact-ties_seed7.pcf: ok (6 rows)
[149/600] path_n1000_exact-ties_seed8.pcf: ok (6 rows)
[150/600] path_n1000_exact-ties_seed9.pcf: ok (6 rows)
[151/600] path_n1000_independent-positive_seed0.pcf: ok (6 rows)
[152/600] path_n1000_independent-positive_seed1.pcf: ok (6 rows)
[153/600] path_n1000_independent-positive_seed2.pcf: ok (6 rows)
[154/600] path_n1000_independent-positive_seed3.pcf: ok (6 rows)
[155/600] path_n1000_independent-positive_seed4.pcf: ok (6 rows)
[156/600] path_n1000_independent-positive_seed5.pcf: ok (6 rows)
[157/600] path_n1000_independent-positive_seed6.pcf: ok (6 rows)
[158/600] path_n1000_independent-positive_seed7.pcf: ok (6 rows)
[159/600] path_n1000_independent-positive_seed8.pcf: ok (6 rows)
[160/600] path_n1000_independent-positive_seed9.pcf: ok (6 rows)
[161/600] path_n1000_independent-signed_seed0.pcf: ok (6 rows)
[162/600] path_n1000_independent-signed_seed1.pcf: ok (6 rows)
[163/600] path_n1000_independent-signed_seed2.pcf: ok (6 rows)
[164/600] path_n1000_independent-signed_seed3.pcf: ok (6 rows)
[165/600] path_n1000_independent-signed_seed4.pcf: ok (6 rows)
[166/600] path_n1000_independent-signed_seed5.pcf: ok (6 rows)
[167/600] path_n1000_independent-signed_seed6.pcf: ok (6 rows)
[168/600] path_n1000_independent-signed_seed7.pcf: ok (6 rows)
[169/600] path_n1000_independent-signed_seed8.pcf: ok (6 rows)
[170/600] path_n1000_independent-signed_seed9.pcf: ok (6 rows)
[171/600] path_n1000_near-ties_seed0.pcf: ok (6 rows)
[172/600] path_n1000_near-ties_seed1.pcf: ok (6 rows)
[173/600] path_n1000_near-ties_seed2.pcf: ok (6 rows)
[174/600] path_n1000_near-ties_seed3.pcf: ok (6 rows)
[175/600] path_n1000_near-ties_seed4.pcf: ok (6 rows)
[176/600] path_n1000_near-ties_seed5.pcf: ok (6 rows)
[177/600] path_n1000_near-ties_seed6.pcf: ok (6 rows)
[178/600] path_n1000_near-ties_seed7.pcf: ok (6 rows)
[179/600] path_n1000_near-ties_seed8.pcf: ok (6 rows)
[180/600] path_n1000_near-ties_seed9.pcf: ok (6 rows)
[181/600] path_n100_anti-correlated_seed0.pcf: ok (6 rows)
[182/600] path_n100_anti-correlated_seed1.pcf: ok (6 rows)
[183/600] path_n100_anti-correlated_seed2.pcf: ok (6 rows)
[184/600] path_n100_anti-correlated_seed3.pcf: ok (6 rows)
[185/600] path_n100_anti-correlated_seed4.pcf: ok (6 rows)
[186/600] path_n100_anti-correlated_seed5.pcf: ok (6 rows)
[187/600] path_n100_anti-correlated_seed6.pcf: ok (6 rows)
[188/600] path_n100_anti-correlated_seed7.pcf: ok (6 rows)
[189/600] path_n100_anti-correlated_seed8.pcf: ok (6 rows)
[190/600] path_n100_anti-correlated_seed9.pcf: ok (6 rows)
[191/600] path_n100_correlated_seed0.pcf: ok (6 rows)
[192/600] path_n100_correlated_seed1.pcf: ok (6 rows)
[193/600] path_n100_correlated_seed2.pcf: ok (6 rows)
[194/600] path_n100_correlated_seed3.pcf: ok (6 rows)
[195/600] path_n100_correlated_seed4.pcf: ok (6 rows)
[196/600] path_n100_correlated_seed5.pcf: ok (6 rows)
[197/600] path_n100_correlated_seed6.pcf: ok (6 rows)
[198/600] path_n100_correlated_seed7.pcf: ok (6 rows)
[199/600] path_n100_correlated_seed8.pcf: ok (6 rows)
[200/600] path_n100_correlated_seed9.pcf: ok (6 rows)
[201/600] path_n100_exact-ties_seed0.pcf: ok (6 rows)
[202/600] path_n100_exact-ties_seed1.pcf: ok (6 rows)
[203/600] path_n100_exact-ties_seed2.pcf: ok (6 rows)
[204/600] path_n100_exact-ties_seed3.pcf: ok (6 rows)
[205/600] path_n100_exact-ties_seed4.pcf: ok (6 rows)
[206/600] path_n100_exact-ties_seed5.pcf: ok (6 rows)
[207/600] path_n100_exact-ties_seed6.pcf: ok (6 rows)
[208/600] path_n100_exact-ties_seed7.pcf: ok (6 rows)
[209/600] path_n100_exact-ties_seed8.pcf: ok (6 rows)
[210/600] path_n100_exact-ties_seed9.pcf: ok (6 rows)
[211/600] path_n100_independent-positive_seed0.pcf: ok (6 rows)
[212/600] path_n100_independent-positive_seed1.pcf: ok (6 rows)
[213/600] path_n100_independent-positive_seed2.pcf: ok (6 rows)
[214/600] path_n100_independent-positive_seed3.pcf: ok (6 rows)
[215/600] path_n100_independent-positive_seed4.pcf: ok (6 rows)
[216/600] path_n100_independent-positive_seed5.pcf: ok (6 rows)
[217/600] path_n100_independent-positive_seed6.pcf: ok (6 rows)
[218/600] path_n100_independent-positive_seed7.pcf: ok (6 rows)
[219/600] path_n100_independent-positive_seed8.pcf: ok (6 rows)
[220/600] path_n100_independent-positive_seed9.pcf: ok (6 rows)
[221/600] path_n100_independent-signed_seed0.pcf: ok (6 rows)
[222/600] path_n100_independent-signed_seed1.pcf: ok (6 rows)
[223/600] path_n100_independent-signed_seed2.pcf: ok (6 rows)
[224/600] path_n100_independent-signed_seed3.pcf: ok (6 rows)
[225/600] path_n100_independent-signed_seed4.pcf: ok (6 rows)
[226/600] path_n100_independent-signed_seed5.pcf: ok (6 rows)
[227/600] path_n100_independent-signed_seed6.pcf: ok (6 rows)
[228/600] path_n100_independent-signed_seed7.pcf: ok (6 rows)
[229/600] path_n100_independent-signed_seed8.pcf: ok (6 rows)
[230/600] path_n100_independent-signed_seed9.pcf: ok (6 rows)
[231/600] path_n100_near-ties_seed0.pcf: ok (6 rows)
[232/600] path_n100_near-ties_seed1.pcf: ok (6 rows)
[233/600] path_n100_near-ties_seed2.pcf: ok (6 rows)
[234/600] path_n100_near-ties_seed3.pcf: ok (6 rows)
[235/600] path_n100_near-ties_seed4.pcf: ok (6 rows)
[236/600] path_n100_near-ties_seed5.pcf: ok (6 rows)
[237/600] path_n100_near-ties_seed6.pcf: ok (6 rows)
[238/600] path_n100_near-ties_seed7.pcf: ok (6 rows)
[239/600] path_n100_near-ties_seed8.pcf: ok (6 rows)
[240/600] path_n100_near-ties_seed9.pcf: ok (6 rows)
[241/600] path_n20000_anti-correlated_seed0.pcf: ok (6 rows)
[242/600] path_n20000_anti-correlated_seed1.pcf: ok (6 rows)
[243/600] path_n20000_anti-correlated_seed2.pcf: ok (6 rows)
[244/600] path_n20000_anti-correlated_seed3.pcf: ok (6 rows)
[245/600] path_n20000_anti-correlated_seed4.pcf: ok (6 rows)
[246/600] path_n20000_anti-correlated_seed5.pcf: ok (6 rows)
[247/600] path_n20000_anti-correlated_seed6.pcf: ok (6 rows)
[248/600] path_n20000_anti-correlated_seed7.pcf: ok (6 rows)
[249/600] path_n20000_anti-correlated_seed8.pcf: ok (6 rows)
[250/600] path_n20000_anti-correlated_seed9.pcf: ok (6 rows)
[251/600] path_n20000_correlated_seed0.pcf: ok (6 rows)
[252/600] path_n20000_correlated_seed1.pcf: ok (6 rows)
[253/600] path_n20000_correlated_seed2.pcf: ok (6 rows)
[254/600] path_n20000_correlated_seed3.pcf: ok (6 rows)
[255/600] path_n20000_correlated_seed4.pcf: ok (6 rows)
[256/600] path_n20000_correlated_seed5.pcf: ok (6 rows)
[257/600] path_n20000_correlated_seed6.pcf: ok (6 rows)
[258/600] path_n20000_correlated_seed7.pcf: ok (6 rows)
[259/600] path_n20000_correlated_seed8.pcf: ok (6 rows)
[260/600] path_n20000_correlated_seed9.pcf: ok (6 rows)
[261/600] path_n20000_exact-ties_seed0.pcf: ok (6 rows)
[262/600] path_n20000_exact-ties_seed1.pcf: ok (6 rows)
[263/600] path_n20000_exact-ties_seed2.pcf: ok (6 rows)
[264/600] path_n20000_exact-ties_seed3.pcf: ok (6 rows)
[265/600] path_n20000_exact-ties_seed4.pcf: ok (6 rows)
[266/600] path_n20000_exact-ties_seed5.pcf: ok (6 rows)
[267/600] path_n20000_exact-ties_seed6.pcf: ok (6 rows)
[268/600] path_n20000_exact-ties_seed7.pcf: ok (6 rows)
[269/600] path_n20000_exact-ties_seed8.pcf: ok (6 rows)
[270/600] path_n20000_exact-ties_seed9.pcf: ok (6 rows)
[271/600] path_n20000_independent-positive_seed0.pcf: ok (6 rows)
[272/600] path_n20000_independent-positive_seed1.pcf: ok (6 rows)
[273/600] path_n20000_independent-positive_seed2.pcf: ok (6 rows)
[274/600] path_n20000_independent-positive_seed3.pcf: ok (6 rows)
[275/600] path_n20000_independent-positive_seed4.pcf: ok (6 rows)
[276/600] path_n20000_independent-positive_seed5.pcf: ok (6 rows)
[277/600] path_n20000_independent-positive_seed6.pcf: ok (6 rows)
[278/600] path_n20000_independent-positive_seed7.pcf: ok (6 rows)
[279/600] path_n20000_independent-positive_seed8.pcf: ok (6 rows)
[280/600] path_n20000_independent-positive_seed9.pcf: ok (6 rows)
[281/600] path_n20000_independent-signed_seed0.pcf: ok (6 rows)
[282/600] path_n20000_independent-signed_seed1.pcf: ok (6 rows)
[283/600] path_n20000_independent-signed_seed2.pcf: ok (6 rows)
[284/600] path_n20000_independent-signed_seed3.pcf: ok (6 rows)
[285/600] path_n20000_independent-signed_seed4.pcf: ok (6 rows)
[286/600] path_n20000_independent-signed_seed5.pcf: ok (6 rows)
[287/600] path_n20000_independent-signed_seed6.pcf: ok (6 rows)
[288/600] path_n20000_independent-signed_seed7.pcf: ok (6 rows)
[289/600] path_n20000_independent-signed_seed8.pcf: ok (6 rows)
[290/600] path_n20000_independent-signed_seed9.pcf: ok (6 rows)
[291/600] path_n20000_near-ties_seed0.pcf: ok (6 rows)
[292/600] path_n20000_near-ties_seed1.pcf: ok (6 rows)
[293/600] path_n20000_near-ties_seed2.pcf: ok (6 rows)
[294/600] path_n20000_near-ties_seed3.pcf: ok (6 rows)
[295/600] path_n20000_near-ties_seed4.pcf: ok (6 rows)
[296/600] path_n20000_near-ties_seed5.pcf: ok (6 rows)
[297/600] path_n20000_near-ties_seed6.pcf: ok (6 rows)
[298/600] path_n20000_near-ties_seed7.pcf: ok (6 rows)
[299/600] path_n20000_near-ties_seed8.pcf: ok (6 rows)
[300/600] path_n20000_near-ties_seed9.pcf: ok (6 rows)
[301/600] path_n2000_anti-correlated_seed0.pcf: ok (6 rows)
[302/600] path_n2000_anti-correlated_seed1.pcf: ok (6 rows)
[303/600] path_n2000_anti-correlated_seed2.pcf: ok (6 rows)
[304/600] path_n2000_anti-correlated_seed3.pcf: ok (6 rows)
[305/600] path_n2000_anti-correlated_seed4.pcf: ok (6 rows)
[306/600] path_n2000_anti-correlated_seed5.pcf: ok (6 rows)
[307/600] path_n2000_anti-correlated_seed6.pcf: ok (6 rows)
[308/600] path_n2000_anti-correlated_seed7.pcf: ok (6 rows)
[309/600] path_n2000_anti-correlated_seed8.pcf: ok (6 rows)
[310/600] path_n2000_anti-correlated_seed9.pcf: ok (6 rows)
[311/600] path_n2000_correlated_seed0.pcf: ok (6 rows)
[312/600] path_n2000_correlated_seed1.pcf: ok (6 rows)
[313/600] path_n2000_correlated_seed2.pcf: ok (6 rows)
[314/600] path_n2000_correlated_seed3.pcf: ok (6 rows)
[315/600] path_n2000_correlated_seed4.pcf: ok (6 rows)
[316/600] path_n2000_correlated_seed5.pcf: ok (6 rows)
[317/600] path_n2000_correlated_seed6.pcf: ok (6 rows)
[318/600] path_n2000_correlated_seed7.pcf: ok (6 rows)
[319/600] path_n2000_correlated_seed8.pcf: ok (6 rows)
[320/600] path_n2000_correlated_seed9.pcf: ok (6 rows)
[321/600] path_n2000_exact-ties_seed0.pcf: ok (6 rows)
[322/600] path_n2000_exact-ties_seed1.pcf: ok (6 rows)
[323/600] path_n2000_exact-ties_seed2.pcf: ok (6 rows)
[324/600] path_n2000_exact-ties_seed3.pcf: ok (6 rows)
[325/600] path_n2000_exact-ties_seed4.pcf: ok (6 rows)
[326/600] path_n2000_exact-ties_seed5.pcf: ok (6 rows)
[327/600] path_n2000_exact-ties_seed6.pcf: ok (6 rows)
[328/600] path_n2000_exact-ties_seed7.pcf: ok (6 rows)
[329/600] path_n2000_exact-ties_seed8.pcf: ok (6 rows)
[330/600] path_n2000_exact-ties_seed9.pcf: ok (6 rows)
[331/600] path_n2000_independent-positive_seed0.pcf: ok (6 rows)
[332/600] path_n2000_independent-positive_seed1.pcf: ok (6 rows)
[333/600] path_n2000_independent-positive_seed2.pcf: ok (6 rows)
[334/600] path_n2000_independent-positive_seed3.pcf: ok (6 rows)
[335/600] path_n2000_independent-positive_seed4.pcf: ok (6 rows)
[336/600] path_n2000_independent-positive_seed5.pcf: ok (6 rows)
[337/600] path_n2000_independent-positive_seed6.pcf: ok (6 rows)
[338/600] path_n2000_independent-positive_seed7.pcf: ok (6 rows)
[339/600] path_n2000_independent-positive_seed8.pcf: ok (6 rows)
[340/600] path_n2000_independent-positive_seed9.pcf: ok (6 rows)
[341/600] path_n2000_independent-signed_seed0.pcf: ok (6 rows)
[342/600] path_n2000_independent-signed_seed1.pcf: ok (6 rows)
[343/600] path_n2000_independent-signed_seed2.pcf: ok (6 rows)
[344/600] path_n2000_independent-signed_seed3.pcf: ok (6 rows)
[345/600] path_n2000_independent-signed_seed4.pcf: ok (6 rows)
[346/600] path_n2000_independent-signed_seed5.pcf: ok (6 rows)
[347/600] path_n2000_independent-signed_seed6.pcf: ok (6 rows)
[348/600] path_n2000_independent-signed_seed7.pcf: ok (6 rows)
[349/600] path_n2000_independent-signed_seed8.pcf: ok (6 rows)
[350/600] path_n2000_independent-signed_seed9.pcf: ok (6 rows)
[351/600] path_n2000_near-ties_seed0.pcf: ok (6 rows)
[352/600] path_n2000_near-ties_seed1.pcf: ok (6 rows)
[353/600] path_n2000_near-ties_seed2.pcf: ok (6 rows)
[354/600] path_n2000_near-ties_seed3.pcf: ok (6 rows)
[355/600] path_n2000_near-ties_seed4.pcf: ok (6 rows)
[356/600] path_n2000_near-ties_seed5.pcf: ok (6 rows)
[357/600] path_n2000_near-ties_seed6.pcf: ok (6 rows)
[358/600] path_n2000_near-ties_seed7.pcf: ok (6 rows)
[359/600] path_n2000_near-ties_seed8.pcf: ok (6 rows)
[360/600] path_n2000_near-ties_seed9.pcf: ok (6 rows)
[361/600] path_n200_anti-correlated_seed0.pcf: ok (6 rows)
[362/600] path_n200_anti-correlated_seed1.pcf: ok (6 rows)
[363/600] path_n200_anti-correlated_seed2.pcf: ok (6 rows)
[364/600] path_n200_anti-correlated_seed3.pcf: ok (6 rows)
[365/600] path_n200_anti-correlated_seed4.pcf: ok (6 rows)
[366/600] path_n200_anti-correlated_seed5.pcf: ok (6 rows)
[367/600] path_n200_anti-correlated_seed6.pcf: ok (6 rows)
[368/600] path_n200_anti-correlated_seed7.pcf: ok (6 rows)
[369/600] path_n200_anti-correlated_seed8.pcf: ok (6 rows)
[370/600] path_n200_anti-correlated_seed9.pcf: ok (6 rows)
[371/600] path_n200_correlated_seed0.pcf: ok (6 rows)
[372/600] path_n200_correlated_seed1.pcf: ok (6 rows)
[373/600] path_n200_correlated_seed2.pcf: ok (6 rows)
[374/600] path_n200_correlated_seed3.pcf: ok (6 rows)
[375/600] path_n200_correlated_seed4.pcf: ok (6 rows)
[376/600] path_n200_correlated_seed5.pcf: ok (6 rows)
[377/600] path_n200_correlated_seed6.pcf: ok (6 rows)
[378/600] path_n200_correlated_seed7.pcf: ok (6 rows)
[379/600] path_n200_correlated_seed8.pcf: ok (6 rows)
[380/600] path_n200_correlated_seed9.pcf: ok (6 rows)
[381/600] path_n200_exact-ties_seed0.pcf: ok (6 rows)
[382/600] path_n200_exact-ties_seed1.pcf: ok (6 rows)
[383/600] path_n200_exact-ties_seed2.pcf: ok (6 rows)
[384/600] path_n200_exact-ties_seed3.pcf: ok (6 rows)
[385/600] path_n200_exact-ties_seed4.pcf: ok (6 rows)
[386/600] path_n200_exact-ties_seed5.pcf: ok (6 rows)
[387/600] path_n200_exact-ties_seed6.pcf: ok (6 rows)
[388/600] path_n200_exact-ties_seed7.pcf: ok (6 rows)
[389/600] path_n200_exact-ties_seed8.pcf: ok (6 rows)
[390/600] path_n200_exact-ties_seed9.pcf: ok (6 rows)
[391/600] path_n200_independent-positive_seed0.pcf: ok (6 rows)
[392/600] path_n200_independent-positive_seed1.pcf: ok (6 rows)
[393/600] path_n200_independent-positive_seed2.pcf: ok (6 rows)
[394/600] path_n200_independent-positive_seed3.pcf: ok (6 rows)
[395/600] path_n200_independent-positive_seed4.pcf: ok (6 rows)
[396/600] path_n200_independent-positive_seed5.pcf: ok (6 rows)
[397/600] path_n200_independent-positive_seed6.pcf: ok (6 rows)
[398/600] path_n200_independent-positive_seed7.pcf: ok (6 rows)
[399/600] path_n200_independent-positive_seed8.pcf: ok (6 rows)
[400/600] path_n200_independent-positive_seed9.pcf: ok (6 rows)
[401/600] path_n200_independent-signed_seed0.pcf: ok (6 rows)
[402/600] path_n200_independent-signed_seed1.pcf: ok (6 rows)
[403/600] path_n200_independent-signed_seed2.pcf: ok (6 rows)
[404/600] path_n200_independent-signed_seed3.pcf: ok (6 rows)
[405/600] path_n200_independent-signed_seed4.pcf: ok (6 rows)
[406/600] path_n200_independent-signed_seed5.pcf: ok (6 rows)
[407/600] path_n200_independent-signed_seed6.pcf: ok (6 rows)
[408/600] path_n200_independent-signed_seed7.pcf: ok (6 rows)
[409/600] path_n200_independent-signed_seed8.pcf: ok (6 rows)
[410/600] path_n200_independent-signed_seed9.pcf: ok (6 rows)
[411/600] path_n200_near-ties_seed0.pcf: ok (6 rows)
[412/600] path_n200_near-ties_seed1.pcf: ok (6 rows)
[413/600] path_n200_near-ties_seed2.pcf: ok (6 rows)
[414/600] path_n200_near-ties_seed3.pcf: ok (6 rows)
[415/600] path_n200_near-ties_seed4.pcf: ok (6 rows)
[416/600] path_n200_near-ties_seed5.pcf: ok (6 rows)
[417/600] path_n200_near-ties_seed6.pcf: ok (6 rows)
[418/600] path_n200_near-ties_seed7.pcf: ok (6 rows)
[419/600] path_n200_near-ties_seed8.pcf: ok (6 rows)
[420/600] path_n200_near-ties_seed9.pcf: ok (6 rows)
[421/600] path_n50000_anti-correlated_seed0.pcf: ok (6 rows)
[422/600] path_n50000_anti-correlated_seed1.pcf: ok (6 rows)
[423/600] path_n50000_anti-correlated_seed2.pcf: ok (6 rows)
[424/600] path_n50000_anti-correlated_seed3.pcf: ok (6 rows)
[425/600] path_n50000_anti-correlated_seed4.pcf: ok (6 rows)
[426/600] path_n50000_anti-correlated_seed5.pcf: ok (6 rows)
[427/600] path_n50000_anti-correlated_seed6.pcf: ok (6 rows)
[428/600] path_n50000_anti-correlated_seed7.pcf: ok (6 rows)
[429/600] path_n50000_anti-correlated_seed8.pcf: ok (6 rows)
[430/600] path_n50000_anti-correlated_seed9.pcf: ok (6 rows)
[431/600] path_n50000_correlated_seed0.pcf: ok (6 rows)
[432/600] path_n50000_correlated_seed1.pcf: ok (6 rows)
[433/600] path_n50000_correlated_seed2.pcf: ok (6 rows)
[434/600] path_n50000_correlated_seed3.pcf: ok (6 rows)
[435/600] path_n50000_correlated_seed4.pcf: ok (6 rows)
[436/600] path_n50000_correlated_seed5.pcf: ok (6 rows)
[437/600] path_n50000_correlated_seed6.pcf: ok (6 rows)
[438/600] path_n50000_correlated_seed7.pcf: ok (6 rows)
[439/600] path_n50000_correlated_seed8.pcf: ok (6 rows)
[440/600] path_n50000_correlated_seed9.pcf: ok (6 rows)
[441/600] path_n50000_exact-ties_seed0.pcf: ok (6 rows)
[442/600] path_n50000_exact-ties_seed1.pcf: ok (6 rows)
[443/600] path_n50000_exact-ties_seed2.pcf: ok (6 rows)
[444/600] path_n50000_exact-ties_seed3.pcf: ok (6 rows)
[445/600] path_n50000_exact-ties_seed4.pcf: ok (6 rows)
[446/600] path_n50000_exact-ties_seed5.pcf: ok (6 rows)
[447/600] path_n50000_exact-ties_seed6.pcf: ok (6 rows)
[448/600] path_n50000_exact-ties_seed7.pcf: ok (6 rows)
[449/600] path_n50000_exact-ties_seed8.pcf: ok (6 rows)
[450/600] path_n50000_exact-ties_seed9.pcf: ok (6 rows)
[451/600] path_n50000_independent-positive_seed0.pcf: ok (6 rows)
[452/600] path_n50000_independent-positive_seed1.pcf: ok (6 rows)
[453/600] path_n50000_independent-positive_seed2.pcf: ok (6 rows)
[454/600] path_n50000_independent-positive_seed3.pcf: ok (6 rows)
[455/600] path_n50000_independent-positive_seed4.pcf: ok (6 rows)
[456/600] path_n50000_independent-positive_seed5.pcf: ok (6 rows)
[457/600] path_n50000_independent-positive_seed6.pcf: ok (6 rows)
[458/600] path_n50000_independent-positive_seed7.pcf: ok (6 rows)
[459/600] path_n50000_independent-positive_seed8.pcf: ok (6 rows)
[460/600] path_n50000_independent-positive_seed9.pcf: ok (6 rows)
[461/600] path_n50000_independent-signed_seed0.pcf: ok (6 rows)
[462/600] path_n50000_independent-signed_seed1.pcf: ok (6 rows)
[463/600] path_n50000_independent-signed_seed2.pcf: ok (6 rows)
[464/600] path_n50000_independent-signed_seed3.pcf: ok (6 rows)
[465/600] path_n50000_independent-signed_seed4.pcf: ok (6 rows)
[466/600] path_n50000_independent-signed_seed5.pcf: ok (6 rows)
[467/600] path_n50000_independent-signed_seed6.pcf: ok (6 rows)
[468/600] path_n50000_independent-signed_seed7.pcf: ok (6 rows)
[469/600] path_n50000_independent-signed_seed8.pcf: ok (6 rows)
[470/600] path_n50000_independent-signed_seed9.pcf: ok (6 rows)
[471/600] path_n50000_near-ties_seed0.pcf: ok (6 rows)
[472/600] path_n50000_near-ties_seed1.pcf: ok (6 rows)
[473/600] path_n50000_near-ties_seed2.pcf: ok (6 rows)
[474/600] path_n50000_near-ties_seed3.pcf: ok (6 rows)
[475/600] path_n50000_near-ties_seed4.pcf: ok (6 rows)
[476/600] path_n50000_near-ties_seed5.pcf: ok (6 rows)
[477/600] path_n50000_near-ties_seed6.pcf: ok (6 rows)
[478/600] path_n50000_near-ties_seed7.pcf: ok (6 rows)
[479/600] path_n50000_near-ties_seed8.pcf: ok (6 rows)
[480/600] path_n50000_near-ties_seed9.pcf: ok (6 rows)
[481/600] path_n5000_anti-correlated_seed0.pcf: ok (6 rows)
[482/600] path_n5000_anti-correlated_seed1.pcf: ok (6 rows)
[483/600] path_n5000_anti-correlated_seed2.pcf: ok (6 rows)
[484/600] path_n5000_anti-correlated_seed3.pcf: ok (6 rows)
[485/600] path_n5000_anti-correlated_seed4.pcf: ok (6 rows)
[486/600] path_n5000_anti-correlated_seed5.pcf: ok (6 rows)
[487/600] path_n5000_anti-correlated_seed6.pcf: ok (6 rows)
[488/600] path_n5000_anti-correlated_seed7.pcf: ok (6 rows)
[489/600] path_n5000_anti-correlated_seed8.pcf: ok (6 rows)
[490/600] path_n5000_anti-correlated_seed9.pcf: ok (6 rows)
[491/600] path_n5000_correlated_seed0.pcf: ok (6 rows)
[492/600] path_n5000_correlated_seed1.pcf: ok (6 rows)
[493/600] path_n5000_correlated_seed2.pcf: ok (6 rows)
[494/600] path_n5000_correlated_seed3.pcf: ok (6 rows)
[495/600] path_n5000_correlated_seed4.pcf: ok (6 rows)
[496/600] path_n5000_correlated_seed5.pcf: ok (6 rows)
[497/600] path_n5000_correlated_seed6.pcf: ok (6 rows)
[498/600] path_n5000_correlated_seed7.pcf: ok (6 rows)
[499/600] path_n5000_correlated_seed8.pcf: ok (6 rows)
[500/600] path_n5000_correlated_seed9.pcf: ok (6 rows)
[501/600] path_n5000_exact-ties_seed0.pcf: ok (6 rows)
[502/600] path_n5000_exact-ties_seed1.pcf: ok (6 rows)
[503/600] path_n5000_exact-ties_seed2.pcf: ok (6 rows)
[504/600] path_n5000_exact-ties_seed3.pcf: ok (6 rows)
[505/600] path_n5000_exact-ties_seed4.pcf: ok (6 rows)
[506/600] path_n5000_exact-ties_seed5.pcf: ok (6 rows)
[507/600] path_n5000_exact-ties_seed6.pcf: ok (6 rows)
[508/600] path_n5000_exact-ties_seed7.pcf: ok (6 rows)
[509/600] path_n5000_exact-ties_seed8.pcf: ok (6 rows)
[510/600] path_n5000_exact-ties_seed9.pcf: ok (6 rows)
[511/600] path_n5000_independent-positive_seed0.pcf: ok (6 rows)
[512/600] path_n5000_independent-positive_seed1.pcf: ok (6 rows)
[513/600] path_n5000_independent-positive_seed2.pcf: ok (6 rows)
[514/600] path_n5000_independent-positive_seed3.pcf: ok (6 rows)
[515/600] path_n5000_independent-positive_seed4.pcf: ok (6 rows)
[516/600] path_n5000_independent-positive_seed5.pcf: ok (6 rows)
[517/600] path_n5000_independent-positive_seed6.pcf: ok (6 rows)
[518/600] path_n5000_independent-positive_seed7.pcf: ok (6 rows)
[519/600] path_n5000_independent-positive_seed8.pcf: ok (6 rows)
[520/600] path_n5000_independent-positive_seed9.pcf: ok (6 rows)
[521/600] path_n5000_independent-signed_seed0.pcf: ok (6 rows)
[522/600] path_n5000_independent-signed_seed1.pcf: ok (6 rows)
[523/600] path_n5000_independent-signed_seed2.pcf: ok (6 rows)
[524/600] path_n5000_independent-signed_seed3.pcf: ok (6 rows)
[525/600] path_n5000_independent-signed_seed4.pcf: ok (6 rows)
[526/600] path_n5000_independent-signed_seed5.pcf: ok (6 rows)
[527/600] path_n5000_independent-signed_seed6.pcf: ok (6 rows)
[528/600] path_n5000_independent-signed_seed7.pcf: ok (6 rows)
[529/600] path_n5000_independent-signed_seed8.pcf: ok (6 rows)
[530/600] path_n5000_independent-signed_seed9.pcf: ok (6 rows)
[531/600] path_n5000_near-ties_seed0.pcf: ok (6 rows)
[532/600] path_n5000_near-ties_seed1.pcf: ok (6 rows)
[533/600] path_n5000_near-ties_seed2.pcf: ok (6 rows)
[534/600] path_n5000_near-ties_seed3.pcf: ok (6 rows)
[535/600] path_n5000_near-ties_seed4.pcf: ok (6 rows)
[536/600] path_n5000_near-ties_seed5.pcf: ok (6 rows)
[537/600] path_n5000_near-ties_seed6.pcf: ok (6 rows)
[538/600] path_n5000_near-ties_seed7.pcf: ok (6 rows)
[539/600] path_n5000_near-ties_seed8.pcf: ok (6 rows)
[540/600] path_n5000_near-ties_seed9.pcf: ok (6 rows)
[541/600] path_n500_anti-correlated_seed0.pcf: ok (6 rows)
[542/600] path_n500_anti-correlated_seed1.pcf: ok (6 rows)
[543/600] path_n500_anti-correlated_seed2.pcf: ok (6 rows)
[544/600] path_n500_anti-correlated_seed3.pcf: ok (6 rows)
[545/600] path_n500_anti-correlated_seed4.pcf: ok (6 rows)
[546/600] path_n500_anti-correlated_seed5.pcf: ok (6 rows)
[547/600] path_n500_anti-correlated_seed6.pcf: ok (6 rows)
[548/600] path_n500_anti-correlated_seed7.pcf: ok (6 rows)
[549/600] path_n500_anti-correlated_seed8.pcf: ok (6 rows)
[550/600] path_n500_anti-correlated_seed9.pcf: ok (6 rows)
[551/600] path_n500_correlated_seed0.pcf: ok (6 rows)
[552/600] path_n500_correlated_seed1.pcf: ok (6 rows)
[553/600] path_n500_correlated_seed2.pcf: ok (6 rows)
[554/600] path_n500_correlated_seed3.pcf: ok (6 rows)
[555/600] path_n500_correlated_seed4.pcf: ok (6 rows)
[556/600] path_n500_correlated_seed5.pcf: ok (6 rows)
[557/600] path_n500_correlated_seed6.pcf: ok (6 rows)
[558/600] path_n500_correlated_seed7.pcf: ok (6 rows)
[559/600] path_n500_correlated_seed8.pcf: ok (6 rows)
[560/600] path_n500_correlated_seed9.pcf: ok (6 rows)
[561/600] path_n500_exact-ties_seed0.pcf: ok (6 rows)
[562/600] path_n500_exact-ties_seed1.pcf: ok (6 rows)
[563/600] path_n500_exact-ties_seed2.pcf: ok (6 rows)
[564/600] path_n500_exact-ties_seed3.pcf: ok (6 rows)
[565/600] path_n500_exact-ties_seed4.pcf: ok (6 rows)
[566/600] path_n500_exact-ties_seed5.pcf: ok (6 rows)
[567/600] path_n500_exact-ties_seed6.pcf: ok (6 rows)
[568/600] path_n500_exact-ties_seed7.pcf: ok (6 rows)
[569/600] path_n500_exact-ties_seed8.pcf: ok (6 rows)
[570/600] path_n500_exact-ties_seed9.pcf: ok (6 rows)
[571/600] path_n500_independent-positive_seed0.pcf: ok (6 rows)
[572/600] path_n500_independent-positive_seed1.pcf: ok (6 rows)
[573/600] path_n500_independent-positive_seed2.pcf: ok (6 rows)
[574/600] path_n500_independent-positive_seed3.pcf: ok (6 rows)
[575/600] path_n500_independent-positive_seed4.pcf: ok (6 rows)
[576/600] path_n500_independent-positive_seed5.pcf: ok (6 rows)
[577/600] path_n500_independent-positive_seed6.pcf: ok (6 rows)
[578/600] path_n500_independent-positive_seed7.pcf: ok (6 rows)
[579/600] path_n500_independent-positive_seed8.pcf: ok (6 rows)
[580/600] path_n500_independent-positive_seed9.pcf: ok (6 rows)
[581/600] path_n500_independent-signed_seed0.pcf: ok (6 rows)
[582/600] path_n500_independent-signed_seed1.pcf: ok (6 rows)
[583/600] path_n500_independent-signed_seed2.pcf: ok (6 rows)
[584/600] path_n500_independent-signed_seed3.pcf: ok (6 rows)
[585/600] path_n500_independent-signed_seed4.pcf: ok (6 rows)
[586/600] path_n500_independent-signed_seed5.pcf: ok (6 rows)
[587/600] path_n500_independent-signed_seed6.pcf: ok (6 rows)
[588/600] path_n500_independent-signed_seed7.pcf: ok (6 rows)
[589/600] path_n500_independent-signed_seed8.pcf: ok (6 rows)
[590/600] path_n500_independent-signed_seed9.pcf: ok (6 rows)
[591/600] path_n500_near-ties_seed0.pcf: ok (6 rows)
[592/600] path_n500_near-ties_seed1.pcf: ok (6 rows)
[593/600] path_n500_near-ties_seed2.pcf: ok (6 rows)
[594/600] path_n500_near-ties_seed3.pcf: ok (6 rows)
[595/600] path_n500_near-ties_seed4.pcf: ok (6 rows)
[596/600] path_n500_near-ties_seed5.pcf: ok (6 rows)
[597/600] path_n500_near-ties_seed6.pcf: ok (6 rows)
[598/600] path_n500_near-ties_seed7.pcf: ok (6 rows)
[599/600] path_n500_near-ties_seed8.pcf: ok (6 rows)
[600/600] path_n500_near-ties_seed9.pcf: ok (6 rows)
wrote results/raw/campaign_d_path_hpac-rac.csv (3600 rows), results/raw/campaign_d_path_hpac-rac.failures.csv (0 censored instances)
=== campaign_d_path :: pac (3 reps) on instances/campaign_d_path_pac_subset -> results/raw/campaign_d_path_pac.csv ===
[1/300] path_n1000_anti-correlated_seed0.pcf: ok (3 rows)
[2/300] path_n1000_anti-correlated_seed1.pcf: ok (3 rows)
[3/300] path_n1000_anti-correlated_seed2.pcf: ok (3 rows)
[4/300] path_n1000_anti-correlated_seed3.pcf: ok (3 rows)
[5/300] path_n1000_anti-correlated_seed4.pcf: ok (3 rows)
[6/300] path_n1000_anti-correlated_seed5.pcf: ok (3 rows)
[7/300] path_n1000_anti-correlated_seed6.pcf: ok (3 rows)
[8/300] path_n1000_anti-correlated_seed7.pcf: ok (3 rows)
[9/300] path_n1000_anti-correlated_seed8.pcf: ok (3 rows)
[10/300] path_n1000_anti-correlated_seed9.pcf: ok (3 rows)
[11/300] path_n1000_correlated_seed0.pcf: ok (3 rows)
[12/300] path_n1000_correlated_seed1.pcf: ok (3 rows)
[13/300] path_n1000_correlated_seed2.pcf: ok (3 rows)
[14/300] path_n1000_correlated_seed3.pcf: ok (3 rows)
[15/300] path_n1000_correlated_seed4.pcf: ok (3 rows)
[16/300] path_n1000_correlated_seed5.pcf: ok (3 rows)
[17/300] path_n1000_correlated_seed6.pcf: ok (3 rows)
[18/300] path_n1000_correlated_seed7.pcf: ok (3 rows)
[19/300] path_n1000_correlated_seed8.pcf: ok (3 rows)
[20/300] path_n1000_correlated_seed9.pcf: ok (3 rows)
[21/300] path_n1000_exact-ties_seed0.pcf: ok (3 rows)
[22/300] path_n1000_exact-ties_seed1.pcf: ok (3 rows)
[23/300] path_n1000_exact-ties_seed2.pcf: ok (3 rows)
[24/300] path_n1000_exact-ties_seed3.pcf: ok (3 rows)
[25/300] path_n1000_exact-ties_seed4.pcf: ok (3 rows)
[26/300] path_n1000_exact-ties_seed5.pcf: ok (3 rows)
[27/300] path_n1000_exact-ties_seed6.pcf: ok (3 rows)
[28/300] path_n1000_exact-ties_seed7.pcf: ok (3 rows)
[29/300] path_n1000_exact-ties_seed8.pcf: ok (3 rows)
[30/300] path_n1000_exact-ties_seed9.pcf: ok (3 rows)
[31/300] path_n1000_independent-positive_seed0.pcf: ok (3 rows)
[32/300] path_n1000_independent-positive_seed1.pcf: ok (3 rows)
[33/300] path_n1000_independent-positive_seed2.pcf: ok (3 rows)
[34/300] path_n1000_independent-positive_seed3.pcf: ok (3 rows)
[35/300] path_n1000_independent-positive_seed4.pcf: ok (3 rows)
[36/300] path_n1000_independent-positive_seed5.pcf: ok (3 rows)
[37/300] path_n1000_independent-positive_seed6.pcf: ok (3 rows)
[38/300] path_n1000_independent-positive_seed7.pcf: ok (3 rows)
[39/300] path_n1000_independent-positive_seed8.pcf: ok (3 rows)
[40/300] path_n1000_independent-positive_seed9.pcf: ok (3 rows)
[41/300] path_n1000_independent-signed_seed0.pcf: ok (3 rows)
[42/300] path_n1000_independent-signed_seed1.pcf: ok (3 rows)
[43/300] path_n1000_independent-signed_seed2.pcf: ok (3 rows)
[44/300] path_n1000_independent-signed_seed3.pcf: ok (3 rows)
[45/300] path_n1000_independent-signed_seed4.pcf: ok (3 rows)
[46/300] path_n1000_independent-signed_seed5.pcf: ok (3 rows)
[47/300] path_n1000_independent-signed_seed6.pcf: ok (3 rows)
[48/300] path_n1000_independent-signed_seed7.pcf: ok (3 rows)
[49/300] path_n1000_independent-signed_seed8.pcf: ok (3 rows)
[50/300] path_n1000_independent-signed_seed9.pcf: ok (3 rows)
[51/300] path_n1000_near-ties_seed0.pcf: ok (3 rows)
[52/300] path_n1000_near-ties_seed1.pcf: ok (3 rows)
[53/300] path_n1000_near-ties_seed2.pcf: ok (3 rows)
[54/300] path_n1000_near-ties_seed3.pcf: ok (3 rows)
[55/300] path_n1000_near-ties_seed4.pcf: ok (3 rows)
[56/300] path_n1000_near-ties_seed5.pcf: ok (3 rows)
[57/300] path_n1000_near-ties_seed6.pcf: ok (3 rows)
[58/300] path_n1000_near-ties_seed7.pcf: ok (3 rows)
[59/300] path_n1000_near-ties_seed8.pcf: ok (3 rows)
[60/300] path_n1000_near-ties_seed9.pcf: ok (3 rows)
[61/300] path_n100_anti-correlated_seed0.pcf: ok (3 rows)
[62/300] path_n100_anti-correlated_seed1.pcf: ok (3 rows)
[63/300] path_n100_anti-correlated_seed2.pcf: ok (3 rows)
[64/300] path_n100_anti-correlated_seed3.pcf: ok (3 rows)
[65/300] path_n100_anti-correlated_seed4.pcf: ok (3 rows)
[66/300] path_n100_anti-correlated_seed5.pcf: ok (3 rows)
[67/300] path_n100_anti-correlated_seed6.pcf: ok (3 rows)
[68/300] path_n100_anti-correlated_seed7.pcf: ok (3 rows)
[69/300] path_n100_anti-correlated_seed8.pcf: ok (3 rows)
[70/300] path_n100_anti-correlated_seed9.pcf: ok (3 rows)
[71/300] path_n100_correlated_seed0.pcf: ok (3 rows)
[72/300] path_n100_correlated_seed1.pcf: ok (3 rows)
[73/300] path_n100_correlated_seed2.pcf: ok (3 rows)
[74/300] path_n100_correlated_seed3.pcf: ok (3 rows)
[75/300] path_n100_correlated_seed4.pcf: ok (3 rows)
[76/300] path_n100_correlated_seed5.pcf: ok (3 rows)
[77/300] path_n100_correlated_seed6.pcf: ok (3 rows)
[78/300] path_n100_correlated_seed7.pcf: ok (3 rows)
[79/300] path_n100_correlated_seed8.pcf: ok (3 rows)
[80/300] path_n100_correlated_seed9.pcf: ok (3 rows)
[81/300] path_n100_exact-ties_seed0.pcf: ok (3 rows)
[82/300] path_n100_exact-ties_seed1.pcf: ok (3 rows)
[83/300] path_n100_exact-ties_seed2.pcf: ok (3 rows)
[84/300] path_n100_exact-ties_seed3.pcf: ok (3 rows)
[85/300] path_n100_exact-ties_seed4.pcf: ok (3 rows)
[86/300] path_n100_exact-ties_seed5.pcf: ok (3 rows)
[87/300] path_n100_exact-ties_seed6.pcf: ok (3 rows)
[88/300] path_n100_exact-ties_seed7.pcf: ok (3 rows)
[89/300] path_n100_exact-ties_seed8.pcf: ok (3 rows)
[90/300] path_n100_exact-ties_seed9.pcf: ok (3 rows)
[91/300] path_n100_independent-positive_seed0.pcf: ok (3 rows)
[92/300] path_n100_independent-positive_seed1.pcf: ok (3 rows)
[93/300] path_n100_independent-positive_seed2.pcf: ok (3 rows)
[94/300] path_n100_independent-positive_seed3.pcf: ok (3 rows)
[95/300] path_n100_independent-positive_seed4.pcf: ok (3 rows)
[96/300] path_n100_independent-positive_seed5.pcf: ok (3 rows)
[97/300] path_n100_independent-positive_seed6.pcf: ok (3 rows)
[98/300] path_n100_independent-positive_seed7.pcf: ok (3 rows)
[99/300] path_n100_independent-positive_seed8.pcf: ok (3 rows)
[100/300] path_n100_independent-positive_seed9.pcf: ok (3 rows)
[101/300] path_n100_independent-signed_seed0.pcf: ok (3 rows)
[102/300] path_n100_independent-signed_seed1.pcf: ok (3 rows)
[103/300] path_n100_independent-signed_seed2.pcf: ok (3 rows)
[104/300] path_n100_independent-signed_seed3.pcf: ok (3 rows)
[105/300] path_n100_independent-signed_seed4.pcf: ok (3 rows)
[106/300] path_n100_independent-signed_seed5.pcf: ok (3 rows)
[107/300] path_n100_independent-signed_seed6.pcf: ok (3 rows)
[108/300] path_n100_independent-signed_seed7.pcf: ok (3 rows)
[109/300] path_n100_independent-signed_seed8.pcf: ok (3 rows)
[110/300] path_n100_independent-signed_seed9.pcf: ok (3 rows)
[111/300] path_n100_near-ties_seed0.pcf: ok (3 rows)
[112/300] path_n100_near-ties_seed1.pcf: ok (3 rows)
[113/300] path_n100_near-ties_seed2.pcf: ok (3 rows)
[114/300] path_n100_near-ties_seed3.pcf: ok (3 rows)
[115/300] path_n100_near-ties_seed4.pcf: ok (3 rows)
[116/300] path_n100_near-ties_seed5.pcf: ok (3 rows)
[117/300] path_n100_near-ties_seed6.pcf: ok (3 rows)
[118/300] path_n100_near-ties_seed7.pcf: ok (3 rows)
[119/300] path_n100_near-ties_seed8.pcf: ok (3 rows)
[120/300] path_n100_near-ties_seed9.pcf: ok (3 rows)
[121/300] path_n2000_anti-correlated_seed0.pcf: ok (3 rows)
[122/300] path_n2000_anti-correlated_seed1.pcf: ok (3 rows)
[123/300] path_n2000_anti-correlated_seed2.pcf: ok (3 rows)
[124/300] path_n2000_anti-correlated_seed3.pcf: ok (3 rows)
[125/300] path_n2000_anti-correlated_seed4.pcf: ok (3 rows)
[126/300] path_n2000_anti-correlated_seed5.pcf: ok (3 rows)
[127/300] path_n2000_anti-correlated_seed6.pcf: ok (3 rows)
[128/300] path_n2000_anti-correlated_seed7.pcf: ok (3 rows)
[129/300] path_n2000_anti-correlated_seed8.pcf: ok (3 rows)
[130/300] path_n2000_anti-correlated_seed9.pcf: ok (3 rows)
[131/300] path_n2000_correlated_seed0.pcf: ok (3 rows)
[132/300] path_n2000_correlated_seed1.pcf: ok (3 rows)
[133/300] path_n2000_correlated_seed2.pcf: ok (3 rows)
[134/300] path_n2000_correlated_seed3.pcf: ok (3 rows)
[135/300] path_n2000_correlated_seed4.pcf: ok (3 rows)
[136/300] path_n2000_correlated_seed5.pcf: ok (3 rows)
[137/300] path_n2000_correlated_seed6.pcf: ok (3 rows)
[138/300] path_n2000_correlated_seed7.pcf: ok (3 rows)
[139/300] path_n2000_correlated_seed8.pcf: ok (3 rows)
[140/300] path_n2000_correlated_seed9.pcf: ok (3 rows)
[141/300] path_n2000_exact-ties_seed0.pcf: ok (3 rows)
[142/300] path_n2000_exact-ties_seed1.pcf: ok (3 rows)
[143/300] path_n2000_exact-ties_seed2.pcf: ok (3 rows)
[144/300] path_n2000_exact-ties_seed3.pcf: ok (3 rows)
[145/300] path_n2000_exact-ties_seed4.pcf: ok (3 rows)
[146/300] path_n2000_exact-ties_seed5.pcf: ok (3 rows)
[147/300] path_n2000_exact-ties_seed6.pcf: ok (3 rows)
[148/300] path_n2000_exact-ties_seed7.pcf: ok (3 rows)
[149/300] path_n2000_exact-ties_seed8.pcf: ok (3 rows)
[150/300] path_n2000_exact-ties_seed9.pcf: ok (3 rows)
[151/300] path_n2000_independent-positive_seed0.pcf: ok (3 rows)
[152/300] path_n2000_independent-positive_seed1.pcf: ok (3 rows)
[153/300] path_n2000_independent-positive_seed2.pcf: ok (3 rows)
[154/300] path_n2000_independent-positive_seed3.pcf: ok (3 rows)
[155/300] path_n2000_independent-positive_seed4.pcf: ok (3 rows)
[156/300] path_n2000_independent-positive_seed5.pcf: ok (3 rows)
[157/300] path_n2000_independent-positive_seed6.pcf: ok (3 rows)
[158/300] path_n2000_independent-positive_seed7.pcf: ok (3 rows)
[159/300] path_n2000_independent-positive_seed8.pcf: ok (3 rows)
[160/300] path_n2000_independent-positive_seed9.pcf: ok (3 rows)
[161/300] path_n2000_independent-signed_seed0.pcf: ok (3 rows)
[162/300] path_n2000_independent-signed_seed1.pcf: ok (3 rows)
[163/300] path_n2000_independent-signed_seed2.pcf: ok (3 rows)
[164/300] path_n2000_independent-signed_seed3.pcf: ok (3 rows)
[165/300] path_n2000_independent-signed_seed4.pcf: ok (3 rows)
[166/300] path_n2000_independent-signed_seed5.pcf: ok (3 rows)
[167/300] path_n2000_independent-signed_seed6.pcf: ok (3 rows)
[168/300] path_n2000_independent-signed_seed7.pcf: ok (3 rows)
[169/300] path_n2000_independent-signed_seed8.pcf: ok (3 rows)
[170/300] path_n2000_independent-signed_seed9.pcf: ok (3 rows)
[171/300] path_n2000_near-ties_seed0.pcf: ok (3 rows)
[172/300] path_n2000_near-ties_seed1.pcf: ok (3 rows)
[173/300] path_n2000_near-ties_seed2.pcf: ok (3 rows)
[174/300] path_n2000_near-ties_seed3.pcf: ok (3 rows)
[175/300] path_n2000_near-ties_seed4.pcf: ok (3 rows)
[176/300] path_n2000_near-ties_seed5.pcf: ok (3 rows)
[177/300] path_n2000_near-ties_seed6.pcf: ok (3 rows)
[178/300] path_n2000_near-ties_seed7.pcf: ok (3 rows)
[179/300] path_n2000_near-ties_seed8.pcf: ok (3 rows)
[180/300] path_n2000_near-ties_seed9.pcf: ok (3 rows)
[181/300] path_n200_anti-correlated_seed0.pcf: ok (3 rows)
[182/300] path_n200_anti-correlated_seed1.pcf: ok (3 rows)
[183/300] path_n200_anti-correlated_seed2.pcf: ok (3 rows)
[184/300] path_n200_anti-correlated_seed3.pcf: ok (3 rows)
[185/300] path_n200_anti-correlated_seed4.pcf: ok (3 rows)
[186/300] path_n200_anti-correlated_seed5.pcf: ok (3 rows)
[187/300] path_n200_anti-correlated_seed6.pcf: ok (3 rows)
[188/300] path_n200_anti-correlated_seed7.pcf: ok (3 rows)
[189/300] path_n200_anti-correlated_seed8.pcf: ok (3 rows)
[190/300] path_n200_anti-correlated_seed9.pcf: ok (3 rows)
[191/300] path_n200_correlated_seed0.pcf: ok (3 rows)
[192/300] path_n200_correlated_seed1.pcf: ok (3 rows)
[193/300] path_n200_correlated_seed2.pcf: ok (3 rows)
[194/300] path_n200_correlated_seed3.pcf: ok (3 rows)
[195/300] path_n200_correlated_seed4.pcf: ok (3 rows)
[196/300] path_n200_correlated_seed5.pcf: ok (3 rows)
[197/300] path_n200_correlated_seed6.pcf: ok (3 rows)
[198/300] path_n200_correlated_seed7.pcf: ok (3 rows)
[199/300] path_n200_correlated_seed8.pcf: ok (3 rows)
[200/300] path_n200_correlated_seed9.pcf: ok (3 rows)
[201/300] path_n200_exact-ties_seed0.pcf: ok (3 rows)
[202/300] path_n200_exact-ties_seed1.pcf: ok (3 rows)
[203/300] path_n200_exact-ties_seed2.pcf: ok (3 rows)
[204/300] path_n200_exact-ties_seed3.pcf: ok (3 rows)
[205/300] path_n200_exact-ties_seed4.pcf: ok (3 rows)
[206/300] path_n200_exact-ties_seed5.pcf: ok (3 rows)
[207/300] path_n200_exact-ties_seed6.pcf: ok (3 rows)
[208/300] path_n200_exact-ties_seed7.pcf: ok (3 rows)
[209/300] path_n200_exact-ties_seed8.pcf: ok (3 rows)
[210/300] path_n200_exact-ties_seed9.pcf: ok (3 rows)
[211/300] path_n200_independent-positive_seed0.pcf: ok (3 rows)
[212/300] path_n200_independent-positive_seed1.pcf: ok (3 rows)
[213/300] path_n200_independent-positive_seed2.pcf: ok (3 rows)
[214/300] path_n200_independent-positive_seed3.pcf: ok (3 rows)
[215/300] path_n200_independent-positive_seed4.pcf: ok (3 rows)
[216/300] path_n200_independent-positive_seed5.pcf: ok (3 rows)
[217/300] path_n200_independent-positive_seed6.pcf: ok (3 rows)
[218/300] path_n200_independent-positive_seed7.pcf: ok (3 rows)
[219/300] path_n200_independent-positive_seed8.pcf: ok (3 rows)
[220/300] path_n200_independent-positive_seed9.pcf: ok (3 rows)
[221/300] path_n200_independent-signed_seed0.pcf: ok (3 rows)
[222/300] path_n200_independent-signed_seed1.pcf: ok (3 rows)
[223/300] path_n200_independent-signed_seed2.pcf: ok (3 rows)
[224/300] path_n200_independent-signed_seed3.pcf: ok (3 rows)
[225/300] path_n200_independent-signed_seed4.pcf: ok (3 rows)
[226/300] path_n200_independent-signed_seed5.pcf: ok (3 rows)
[227/300] path_n200_independent-signed_seed6.pcf: ok (3 rows)
[228/300] path_n200_independent-signed_seed7.pcf: ok (3 rows)
[229/300] path_n200_independent-signed_seed8.pcf: ok (3 rows)
[230/300] path_n200_independent-signed_seed9.pcf: ok (3 rows)
[231/300] path_n200_near-ties_seed0.pcf: ok (3 rows)
[232/300] path_n200_near-ties_seed1.pcf: ok (3 rows)
[233/300] path_n200_near-ties_seed2.pcf: ok (3 rows)
[234/300] path_n200_near-ties_seed3.pcf: ok (3 rows)
[235/300] path_n200_near-ties_seed4.pcf: ok (3 rows)
[236/300] path_n200_near-ties_seed5.pcf: ok (3 rows)
[237/300] path_n200_near-ties_seed6.pcf: ok (3 rows)
[238/300] path_n200_near-ties_seed7.pcf: ok (3 rows)
[239/300] path_n200_near-ties_seed8.pcf: ok (3 rows)
[240/300] path_n200_near-ties_seed9.pcf: ok (3 rows)
[241/300] path_n500_anti-correlated_seed0.pcf: ok (3 rows)
[242/300] path_n500_anti-correlated_seed1.pcf: ok (3 rows)
[243/300] path_n500_anti-correlated_seed2.pcf: ok (3 rows)
[244/300] path_n500_anti-correlated_seed3.pcf: ok (3 rows)
[245/300] path_n500_anti-correlated_seed4.pcf: ok (3 rows)
[246/300] path_n500_anti-correlated_seed5.pcf: ok (3 rows)
[247/300] path_n500_anti-correlated_seed6.pcf: ok (3 rows)
[248/300] path_n500_anti-correlated_seed7.pcf: ok (3 rows)
[249/300] path_n500_anti-correlated_seed8.pcf: ok (3 rows)
[250/300] path_n500_anti-correlated_seed9.pcf: ok (3 rows)
[251/300] path_n500_correlated_seed0.pcf: ok (3 rows)
[252/300] path_n500_correlated_seed1.pcf: ok (3 rows)
[253/300] path_n500_correlated_seed2.pcf: ok (3 rows)
[254/300] path_n500_correlated_seed3.pcf: ok (3 rows)
[255/300] path_n500_correlated_seed4.pcf: ok (3 rows)
[256/300] path_n500_correlated_seed5.pcf: ok (3 rows)
[257/300] path_n500_correlated_seed6.pcf: ok (3 rows)
[258/300] path_n500_correlated_seed7.pcf: ok (3 rows)
[259/300] path_n500_correlated_seed8.pcf: ok (3 rows)
[260/300] path_n500_correlated_seed9.pcf: ok (3 rows)
[261/300] path_n500_exact-ties_seed0.pcf: ok (3 rows)
[262/300] path_n500_exact-ties_seed1.pcf: ok (3 rows)
[263/300] path_n500_exact-ties_seed2.pcf: ok (3 rows)
[264/300] path_n500_exact-ties_seed3.pcf: ok (3 rows)
[265/300] path_n500_exact-ties_seed4.pcf: ok (3 rows)
[266/300] path_n500_exact-ties_seed5.pcf: ok (3 rows)
[267/300] path_n500_exact-ties_seed6.pcf: ok (3 rows)
[268/300] path_n500_exact-ties_seed7.pcf: ok (3 rows)
[269/300] path_n500_exact-ties_seed8.pcf: ok (3 rows)
[270/300] path_n500_exact-ties_seed9.pcf: ok (3 rows)
[271/300] path_n500_independent-positive_seed0.pcf: ok (3 rows)
[272/300] path_n500_independent-positive_seed1.pcf: ok (3 rows)
[273/300] path_n500_independent-positive_seed2.pcf: ok (3 rows)
[274/300] path_n500_independent-positive_seed3.pcf: ok (3 rows)
[275/300] path_n500_independent-positive_seed4.pcf: ok (3 rows)
[276/300] path_n500_independent-positive_seed5.pcf: ok (3 rows)
[277/300] path_n500_independent-positive_seed6.pcf: ok (3 rows)
[278/300] path_n500_independent-positive_seed7.pcf: ok (3 rows)
[279/300] path_n500_independent-positive_seed8.pcf: ok (3 rows)
[280/300] path_n500_independent-positive_seed9.pcf: ok (3 rows)
[281/300] path_n500_independent-signed_seed0.pcf: ok (3 rows)
[282/300] path_n500_independent-signed_seed1.pcf: ok (3 rows)
[283/300] path_n500_independent-signed_seed2.pcf: ok (3 rows)
[284/300] path_n500_independent-signed_seed3.pcf: ok (3 rows)
[285/300] path_n500_independent-signed_seed4.pcf: ok (3 rows)
[286/300] path_n500_independent-signed_seed5.pcf: ok (3 rows)
[287/300] path_n500_independent-signed_seed6.pcf: ok (3 rows)
[288/300] path_n500_independent-signed_seed7.pcf: ok (3 rows)
[289/300] path_n500_independent-signed_seed8.pcf: ok (3 rows)
[290/300] path_n500_independent-signed_seed9.pcf: ok (3 rows)
[291/300] path_n500_near-ties_seed0.pcf: ok (3 rows)
[292/300] path_n500_near-ties_seed1.pcf: ok (3 rows)
[293/300] path_n500_near-ties_seed2.pcf: ok (3 rows)
[294/300] path_n500_near-ties_seed3.pcf: ok (3 rows)
[295/300] path_n500_near-ties_seed4.pcf: ok (3 rows)
[296/300] path_n500_near-ties_seed5.pcf: ok (3 rows)
[297/300] path_n500_near-ties_seed6.pcf: ok (3 rows)
[298/300] path_n500_near-ties_seed7.pcf: ok (3 rows)
[299/300] path_n500_near-ties_seed8.pcf: ok (3 rows)
[300/300] path_n500_near-ties_seed9.pcf: ok (3 rows)
wrote results/raw/campaign_d_path_pac.csv (900 rows), results/raw/campaign_d_path_pac.failures.csv (0 censored instances)
=== campaign_d_binary :: hpac,rac (3 reps) on instances/campaign_d_binary -> results/raw/campaign_d_binary_hpac-rac.csv ===
[1/600] binary_n100000_anti-correlated_seed0.pcf: ok (6 rows)
[2/600] binary_n100000_anti-correlated_seed1.pcf: ok (6 rows)
[3/600] binary_n100000_anti-correlated_seed2.pcf: ok (6 rows)
[4/600] binary_n100000_anti-correlated_seed3.pcf: ok (6 rows)
[5/600] binary_n100000_anti-correlated_seed4.pcf: ok (6 rows)
[6/600] binary_n100000_anti-correlated_seed5.pcf: ok (6 rows)
[7/600] binary_n100000_anti-correlated_seed6.pcf: ok (6 rows)
[8/600] binary_n100000_anti-correlated_seed7.pcf: ok (6 rows)
[9/600] binary_n100000_anti-correlated_seed8.pcf: ok (6 rows)
[10/600] binary_n100000_anti-correlated_seed9.pcf: ok (6 rows)
[11/600] binary_n100000_correlated_seed0.pcf: ok (6 rows)
[12/600] binary_n100000_correlated_seed1.pcf: ok (6 rows)
[13/600] binary_n100000_correlated_seed2.pcf: ok (6 rows)
[14/600] binary_n100000_correlated_seed3.pcf: ok (6 rows)
[15/600] binary_n100000_correlated_seed4.pcf: ok (6 rows)
[16/600] binary_n100000_correlated_seed5.pcf: ok (6 rows)
[17/600] binary_n100000_correlated_seed6.pcf: ok (6 rows)
[18/600] binary_n100000_correlated_seed7.pcf: ok (6 rows)
[19/600] binary_n100000_correlated_seed8.pcf: ok (6 rows)
[20/600] binary_n100000_correlated_seed9.pcf: ok (6 rows)
[21/600] binary_n100000_exact-ties_seed0.pcf: ok (6 rows)
[22/600] binary_n100000_exact-ties_seed1.pcf: ok (6 rows)
[23/600] binary_n100000_exact-ties_seed2.pcf: ok (6 rows)
[24/600] binary_n100000_exact-ties_seed3.pcf: ok (6 rows)
[25/600] binary_n100000_exact-ties_seed4.pcf: ok (6 rows)
[26/600] binary_n100000_exact-ties_seed5.pcf: ok (6 rows)
[27/600] binary_n100000_exact-ties_seed6.pcf: ok (6 rows)
[28/600] binary_n100000_exact-ties_seed7.pcf: ok (6 rows)
[29/600] binary_n100000_exact-ties_seed8.pcf: ok (6 rows)
[30/600] binary_n100000_exact-ties_seed9.pcf: ok (6 rows)
[31/600] binary_n100000_independent-positive_seed0.pcf: ok (6 rows)
[32/600] binary_n100000_independent-positive_seed1.pcf: ok (6 rows)
[33/600] binary_n100000_independent-positive_seed2.pcf: ok (6 rows)
[34/600] binary_n100000_independent-positive_seed3.pcf: ok (6 rows)
[35/600] binary_n100000_independent-positive_seed4.pcf: ok (6 rows)
[36/600] binary_n100000_independent-positive_seed5.pcf: ok (6 rows)
[37/600] binary_n100000_independent-positive_seed6.pcf: ok (6 rows)
[38/600] binary_n100000_independent-positive_seed7.pcf: ok (6 rows)
[39/600] binary_n100000_independent-positive_seed8.pcf: ok (6 rows)
[40/600] binary_n100000_independent-positive_seed9.pcf: ok (6 rows)
[41/600] binary_n100000_independent-signed_seed0.pcf: ok (6 rows)
[42/600] binary_n100000_independent-signed_seed1.pcf: ok (6 rows)
[43/600] binary_n100000_independent-signed_seed2.pcf: ok (6 rows)
[44/600] binary_n100000_independent-signed_seed3.pcf: ok (6 rows)
[45/600] binary_n100000_independent-signed_seed4.pcf: ok (6 rows)
[46/600] binary_n100000_independent-signed_seed5.pcf: ok (6 rows)
[47/600] binary_n100000_independent-signed_seed6.pcf: ok (6 rows)
[48/600] binary_n100000_independent-signed_seed7.pcf: ok (6 rows)
[49/600] binary_n100000_independent-signed_seed8.pcf: ok (6 rows)
[50/600] binary_n100000_independent-signed_seed9.pcf: ok (6 rows)
[51/600] binary_n100000_near-ties_seed0.pcf: ok (6 rows)
[52/600] binary_n100000_near-ties_seed1.pcf: ok (6 rows)
[53/600] binary_n100000_near-ties_seed2.pcf: ok (6 rows)
[54/600] binary_n100000_near-ties_seed3.pcf: ok (6 rows)
[55/600] binary_n100000_near-ties_seed4.pcf: ok (6 rows)
[56/600] binary_n100000_near-ties_seed5.pcf: ok (6 rows)
[57/600] binary_n100000_near-ties_seed6.pcf: ok (6 rows)
[58/600] binary_n100000_near-ties_seed7.pcf: ok (6 rows)
[59/600] binary_n100000_near-ties_seed8.pcf: ok (6 rows)
[60/600] binary_n100000_near-ties_seed9.pcf: ok (6 rows)
[61/600] binary_n10000_anti-correlated_seed0.pcf: ok (6 rows)
[62/600] binary_n10000_anti-correlated_seed1.pcf: ok (6 rows)
[63/600] binary_n10000_anti-correlated_seed2.pcf: ok (6 rows)
[64/600] binary_n10000_anti-correlated_seed3.pcf: ok (6 rows)
[65/600] binary_n10000_anti-correlated_seed4.pcf: ok (6 rows)
[66/600] binary_n10000_anti-correlated_seed5.pcf: ok (6 rows)
[67/600] binary_n10000_anti-correlated_seed6.pcf: ok (6 rows)
[68/600] binary_n10000_anti-correlated_seed7.pcf: ok (6 rows)
[69/600] binary_n10000_anti-correlated_seed8.pcf: ok (6 rows)
[70/600] binary_n10000_anti-correlated_seed9.pcf: ok (6 rows)
[71/600] binary_n10000_correlated_seed0.pcf: ok (6 rows)
[72/600] binary_n10000_correlated_seed1.pcf: ok (6 rows)
[73/600] binary_n10000_correlated_seed2.pcf: ok (6 rows)
[74/600] binary_n10000_correlated_seed3.pcf: ok (6 rows)
[75/600] binary_n10000_correlated_seed4.pcf: ok (6 rows)
[76/600] binary_n10000_correlated_seed5.pcf: ok (6 rows)
[77/600] binary_n10000_correlated_seed6.pcf: ok (6 rows)
[78/600] binary_n10000_correlated_seed7.pcf: ok (6 rows)
[79/600] binary_n10000_correlated_seed8.pcf: ok (6 rows)
[80/600] binary_n10000_correlated_seed9.pcf: ok (6 rows)
[81/600] binary_n10000_exact-ties_seed0.pcf: ok (6 rows)
[82/600] binary_n10000_exact-ties_seed1.pcf: ok (6 rows)
[83/600] binary_n10000_exact-ties_seed2.pcf: ok (6 rows)
[84/600] binary_n10000_exact-ties_seed3.pcf: ok (6 rows)
[85/600] binary_n10000_exact-ties_seed4.pcf: ok (6 rows)
[86/600] binary_n10000_exact-ties_seed5.pcf: ok (6 rows)
[87/600] binary_n10000_exact-ties_seed6.pcf: ok (6 rows)
[88/600] binary_n10000_exact-ties_seed7.pcf: ok (6 rows)
[89/600] binary_n10000_exact-ties_seed8.pcf: ok (6 rows)
[90/600] binary_n10000_exact-ties_seed9.pcf: ok (6 rows)
[91/600] binary_n10000_independent-positive_seed0.pcf: ok (6 rows)
[92/600] binary_n10000_independent-positive_seed1.pcf: ok (6 rows)
[93/600] binary_n10000_independent-positive_seed2.pcf: ok (6 rows)
[94/600] binary_n10000_independent-positive_seed3.pcf: ok (6 rows)
[95/600] binary_n10000_independent-positive_seed4.pcf: ok (6 rows)
[96/600] binary_n10000_independent-positive_seed5.pcf: ok (6 rows)
[97/600] binary_n10000_independent-positive_seed6.pcf: ok (6 rows)
[98/600] binary_n10000_independent-positive_seed7.pcf: ok (6 rows)
[99/600] binary_n10000_independent-positive_seed8.pcf: ok (6 rows)
[100/600] binary_n10000_independent-positive_seed9.pcf: ok (6 rows)
[101/600] binary_n10000_independent-signed_seed0.pcf: ok (6 rows)
[102/600] binary_n10000_independent-signed_seed1.pcf: ok (6 rows)
[103/600] binary_n10000_independent-signed_seed2.pcf: ok (6 rows)
[104/600] binary_n10000_independent-signed_seed3.pcf: ok (6 rows)
[105/600] binary_n10000_independent-signed_seed4.pcf: ok (6 rows)
[106/600] binary_n10000_independent-signed_seed5.pcf: ok (6 rows)
[107/600] binary_n10000_independent-signed_seed6.pcf: ok (6 rows)
[108/600] binary_n10000_independent-signed_seed7.pcf: ok (6 rows)
[109/600] binary_n10000_independent-signed_seed8.pcf: ok (6 rows)
[110/600] binary_n10000_independent-signed_seed9.pcf: ok (6 rows)
[111/600] binary_n10000_near-ties_seed0.pcf: ok (6 rows)
[112/600] binary_n10000_near-ties_seed1.pcf: ok (6 rows)
[113/600] binary_n10000_near-ties_seed2.pcf: ok (6 rows)
[114/600] binary_n10000_near-ties_seed3.pcf: ok (6 rows)
[115/600] binary_n10000_near-ties_seed4.pcf: ok (6 rows)
[116/600] binary_n10000_near-ties_seed5.pcf: ok (6 rows)
[117/600] binary_n10000_near-ties_seed6.pcf: ok (6 rows)
[118/600] binary_n10000_near-ties_seed7.pcf: ok (6 rows)
[119/600] binary_n10000_near-ties_seed8.pcf: ok (6 rows)
[120/600] binary_n10000_near-ties_seed9.pcf: ok (6 rows)
[121/600] binary_n1000_anti-correlated_seed0.pcf: ok (6 rows)
[122/600] binary_n1000_anti-correlated_seed1.pcf: ok (6 rows)
[123/600] binary_n1000_anti-correlated_seed2.pcf: ok (6 rows)
[124/600] binary_n1000_anti-correlated_seed3.pcf: ok (6 rows)
[125/600] binary_n1000_anti-correlated_seed4.pcf: ok (6 rows)
[126/600] binary_n1000_anti-correlated_seed5.pcf: ok (6 rows)
[127/600] binary_n1000_anti-correlated_seed6.pcf: ok (6 rows)
[128/600] binary_n1000_anti-correlated_seed7.pcf: ok (6 rows)
[129/600] binary_n1000_anti-correlated_seed8.pcf: ok (6 rows)
[130/600] binary_n1000_anti-correlated_seed9.pcf: ok (6 rows)
[131/600] binary_n1000_correlated_seed0.pcf: ok (6 rows)
[132/600] binary_n1000_correlated_seed1.pcf: ok (6 rows)
[133/600] binary_n1000_correlated_seed2.pcf: ok (6 rows)
[134/600] binary_n1000_correlated_seed3.pcf: ok (6 rows)
[135/600] binary_n1000_correlated_seed4.pcf: ok (6 rows)
[136/600] binary_n1000_correlated_seed5.pcf: ok (6 rows)
[137/600] binary_n1000_correlated_seed6.pcf: ok (6 rows)
[138/600] binary_n1000_correlated_seed7.pcf: ok (6 rows)
[139/600] binary_n1000_correlated_seed8.pcf: ok (6 rows)
[140/600] binary_n1000_correlated_seed9.pcf: ok (6 rows)
[141/600] binary_n1000_exact-ties_seed0.pcf: ok (6 rows)
[142/600] binary_n1000_exact-ties_seed1.pcf: ok (6 rows)
[143/600] binary_n1000_exact-ties_seed2.pcf: ok (6 rows)
[144/600] binary_n1000_exact-ties_seed3.pcf: ok (6 rows)
[145/600] binary_n1000_exact-ties_seed4.pcf: ok (6 rows)
[146/600] binary_n1000_exact-ties_seed5.pcf: ok (6 rows)
[147/600] binary_n1000_exact-ties_seed6.pcf: ok (6 rows)
[148/600] binary_n1000_exact-ties_seed7.pcf: ok (6 rows)
[149/600] binary_n1000_exact-ties_seed8.pcf: ok (6 rows)
[150/600] binary_n1000_exact-ties_seed9.pcf: ok (6 rows)
[151/600] binary_n1000_independent-positive_seed0.pcf: ok (6 rows)
[152/600] binary_n1000_independent-positive_seed1.pcf: ok (6 rows)
[153/600] binary_n1000_independent-positive_seed2.pcf: ok (6 rows)
[154/600] binary_n1000_independent-positive_seed3.pcf: ok (6 rows)
[155/600] binary_n1000_independent-positive_seed4.pcf: ok (6 rows)
[156/600] binary_n1000_independent-positive_seed5.pcf: ok (6 rows)
[157/600] binary_n1000_independent-positive_seed6.pcf: ok (6 rows)
[158/600] binary_n1000_independent-positive_seed7.pcf: ok (6 rows)
[159/600] binary_n1000_independent-positive_seed8.pcf: ok (6 rows)
[160/600] binary_n1000_independent-positive_seed9.pcf: ok (6 rows)
[161/600] binary_n1000_independent-signed_seed0.pcf: ok (6 rows)
[162/600] binary_n1000_independent-signed_seed1.pcf: ok (6 rows)
[163/600] binary_n1000_independent-signed_seed2.pcf: ok (6 rows)
[164/600] binary_n1000_independent-signed_seed3.pcf: ok (6 rows)
[165/600] binary_n1000_independent-signed_seed4.pcf: ok (6 rows)
[166/600] binary_n1000_independent-signed_seed5.pcf: ok (6 rows)
[167/600] binary_n1000_independent-signed_seed6.pcf: ok (6 rows)
[168/600] binary_n1000_independent-signed_seed7.pcf: ok (6 rows)
[169/600] binary_n1000_independent-signed_seed8.pcf: ok (6 rows)
[170/600] binary_n1000_independent-signed_seed9.pcf: ok (6 rows)
[171/600] binary_n1000_near-ties_seed0.pcf: ok (6 rows)
[172/600] binary_n1000_near-ties_seed1.pcf: ok (6 rows)
[173/600] binary_n1000_near-ties_seed2.pcf: ok (6 rows)
[174/600] binary_n1000_near-ties_seed3.pcf: ok (6 rows)
[175/600] binary_n1000_near-ties_seed4.pcf: ok (6 rows)
[176/600] binary_n1000_near-ties_seed5.pcf: ok (6 rows)
[177/600] binary_n1000_near-ties_seed6.pcf: ok (6 rows)
[178/600] binary_n1000_near-ties_seed7.pcf: ok (6 rows)
[179/600] binary_n1000_near-ties_seed8.pcf: ok (6 rows)
[180/600] binary_n1000_near-ties_seed9.pcf: ok (6 rows)
[181/600] binary_n100_anti-correlated_seed0.pcf: ok (6 rows)
[182/600] binary_n100_anti-correlated_seed1.pcf: ok (6 rows)
[183/600] binary_n100_anti-correlated_seed2.pcf: ok (6 rows)
[184/600] binary_n100_anti-correlated_seed3.pcf: ok (6 rows)
[185/600] binary_n100_anti-correlated_seed4.pcf: ok (6 rows)
[186/600] binary_n100_anti-correlated_seed5.pcf: ok (6 rows)
[187/600] binary_n100_anti-correlated_seed6.pcf: ok (6 rows)
[188/600] binary_n100_anti-correlated_seed7.pcf: ok (6 rows)
[189/600] binary_n100_anti-correlated_seed8.pcf: ok (6 rows)
[190/600] binary_n100_anti-correlated_seed9.pcf: ok (6 rows)
[191/600] binary_n100_correlated_seed0.pcf: ok (6 rows)
[192/600] binary_n100_correlated_seed1.pcf: ok (6 rows)
[193/600] binary_n100_correlated_seed2.pcf: ok (6 rows)
[194/600] binary_n100_correlated_seed3.pcf: ok (6 rows)
[195/600] binary_n100_correlated_seed4.pcf: ok (6 rows)
[196/600] binary_n100_correlated_seed5.pcf: ok (6 rows)
[197/600] binary_n100_correlated_seed6.pcf: ok (6 rows)
[198/600] binary_n100_correlated_seed7.pcf: ok (6 rows)
[199/600] binary_n100_correlated_seed8.pcf: ok (6 rows)
[200/600] binary_n100_correlated_seed9.pcf: ok (6 rows)
[201/600] binary_n100_exact-ties_seed0.pcf: ok (6 rows)
[202/600] binary_n100_exact-ties_seed1.pcf: ok (6 rows)
[203/600] binary_n100_exact-ties_seed2.pcf: ok (6 rows)
[204/600] binary_n100_exact-ties_seed3.pcf: ok (6 rows)
[205/600] binary_n100_exact-ties_seed4.pcf: ok (6 rows)
[206/600] binary_n100_exact-ties_seed5.pcf: ok (6 rows)
[207/600] binary_n100_exact-ties_seed6.pcf: ok (6 rows)
[208/600] binary_n100_exact-ties_seed7.pcf: ok (6 rows)
[209/600] binary_n100_exact-ties_seed8.pcf: ok (6 rows)
[210/600] binary_n100_exact-ties_seed9.pcf: ok (6 rows)
[211/600] binary_n100_independent-positive_seed0.pcf: ok (6 rows)
[212/600] binary_n100_independent-positive_seed1.pcf: ok (6 rows)
[213/600] binary_n100_independent-positive_seed2.pcf: ok (6 rows)
[214/600] binary_n100_independent-positive_seed3.pcf: ok (6 rows)
[215/600] binary_n100_independent-positive_seed4.pcf: ok (6 rows)
[216/600] binary_n100_independent-positive_seed5.pcf: ok (6 rows)
[217/600] binary_n100_independent-positive_seed6.pcf: ok (6 rows)
[218/600] binary_n100_independent-positive_seed7.pcf: ok (6 rows)
[219/600] binary_n100_independent-positive_seed8.pcf: ok (6 rows)
[220/600] binary_n100_independent-positive_seed9.pcf: ok (6 rows)
[221/600] binary_n100_independent-signed_seed0.pcf: ok (6 rows)
[222/600] binary_n100_independent-signed_seed1.pcf: ok (6 rows)
[223/600] binary_n100_independent-signed_seed2.pcf: ok (6 rows)
[224/600] binary_n100_independent-signed_seed3.pcf: ok (6 rows)
[225/600] binary_n100_independent-signed_seed4.pcf: ok (6 rows)
[226/600] binary_n100_independent-signed_seed5.pcf: ok (6 rows)
[227/600] binary_n100_independent-signed_seed6.pcf: ok (6 rows)
[228/600] binary_n100_independent-signed_seed7.pcf: ok (6 rows)
[229/600] binary_n100_independent-signed_seed8.pcf: ok (6 rows)
[230/600] binary_n100_independent-signed_seed9.pcf: ok (6 rows)
[231/600] binary_n100_near-ties_seed0.pcf: ok (6 rows)
[232/600] binary_n100_near-ties_seed1.pcf: ok (6 rows)
[233/600] binary_n100_near-ties_seed2.pcf: ok (6 rows)
[234/600] binary_n100_near-ties_seed3.pcf: ok (6 rows)
[235/600] binary_n100_near-ties_seed4.pcf: ok (6 rows)
[236/600] binary_n100_near-ties_seed5.pcf: ok (6 rows)
[237/600] binary_n100_near-ties_seed6.pcf: ok (6 rows)
[238/600] binary_n100_near-ties_seed7.pcf: ok (6 rows)
[239/600] binary_n100_near-ties_seed8.pcf: ok (6 rows)
[240/600] binary_n100_near-ties_seed9.pcf: ok (6 rows)
[241/600] binary_n20000_anti-correlated_seed0.pcf: ok (6 rows)
[242/600] binary_n20000_anti-correlated_seed1.pcf: ok (6 rows)
[243/600] binary_n20000_anti-correlated_seed2.pcf: ok (6 rows)
[244/600] binary_n20000_anti-correlated_seed3.pcf: ok (6 rows)
[245/600] binary_n20000_anti-correlated_seed4.pcf: ok (6 rows)
[246/600] binary_n20000_anti-correlated_seed5.pcf: ok (6 rows)
[247/600] binary_n20000_anti-correlated_seed6.pcf: ok (6 rows)
[248/600] binary_n20000_anti-correlated_seed7.pcf: ok (6 rows)
[249/600] binary_n20000_anti-correlated_seed8.pcf: ok (6 rows)
[250/600] binary_n20000_anti-correlated_seed9.pcf: ok (6 rows)
[251/600] binary_n20000_correlated_seed0.pcf: ok (6 rows)
[252/600] binary_n20000_correlated_seed1.pcf: ok (6 rows)
[253/600] binary_n20000_correlated_seed2.pcf: ok (6 rows)
[254/600] binary_n20000_correlated_seed3.pcf: ok (6 rows)
[255/600] binary_n20000_correlated_seed4.pcf: ok (6 rows)
[256/600] binary_n20000_correlated_seed5.pcf: ok (6 rows)
[257/600] binary_n20000_correlated_seed6.pcf: ok (6 rows)
[258/600] binary_n20000_correlated_seed7.pcf: ok (6 rows)
[259/600] binary_n20000_correlated_seed8.pcf: ok (6 rows)
[260/600] binary_n20000_correlated_seed9.pcf: ok (6 rows)
[261/600] binary_n20000_exact-ties_seed0.pcf: ok (6 rows)
[262/600] binary_n20000_exact-ties_seed1.pcf: ok (6 rows)
[263/600] binary_n20000_exact-ties_seed2.pcf: ok (6 rows)
[264/600] binary_n20000_exact-ties_seed3.pcf: ok (6 rows)
[265/600] binary_n20000_exact-ties_seed4.pcf: ok (6 rows)
[266/600] binary_n20000_exact-ties_seed5.pcf: ok (6 rows)
[267/600] binary_n20000_exact-ties_seed6.pcf: ok (6 rows)
[268/600] binary_n20000_exact-ties_seed7.pcf: ok (6 rows)
[269/600] binary_n20000_exact-ties_seed8.pcf: ok (6 rows)
[270/600] binary_n20000_exact-ties_seed9.pcf: ok (6 rows)
[271/600] binary_n20000_independent-positive_seed0.pcf: ok (6 rows)
[272/600] binary_n20000_independent-positive_seed1.pcf: ok (6 rows)
[273/600] binary_n20000_independent-positive_seed2.pcf: ok (6 rows)
[274/600] binary_n20000_independent-positive_seed3.pcf: ok (6 rows)
[275/600] binary_n20000_independent-positive_seed4.pcf: ok (6 rows)
[276/600] binary_n20000_independent-positive_seed5.pcf: ok (6 rows)
[277/600] binary_n20000_independent-positive_seed6.pcf: ok (6 rows)
[278/600] binary_n20000_independent-positive_seed7.pcf: ok (6 rows)
[279/600] binary_n20000_independent-positive_seed8.pcf: ok (6 rows)
[280/600] binary_n20000_independent-positive_seed9.pcf: ok (6 rows)
[281/600] binary_n20000_independent-signed_seed0.pcf: ok (6 rows)
[282/600] binary_n20000_independent-signed_seed1.pcf: ok (6 rows)
[283/600] binary_n20000_independent-signed_seed2.pcf: ok (6 rows)
[284/600] binary_n20000_independent-signed_seed3.pcf: ok (6 rows)
[285/600] binary_n20000_independent-signed_seed4.pcf: ok (6 rows)
[286/600] binary_n20000_independent-signed_seed5.pcf: ok (6 rows)
[287/600] binary_n20000_independent-signed_seed6.pcf: ok (6 rows)
[288/600] binary_n20000_independent-signed_seed7.pcf: ok (6 rows)
[289/600] binary_n20000_independent-signed_seed8.pcf: ok (6 rows)
[290/600] binary_n20000_independent-signed_seed9.pcf: ok (6 rows)
[291/600] binary_n20000_near-ties_seed0.pcf: ok (6 rows)
[292/600] binary_n20000_near-ties_seed1.pcf: ok (6 rows)
[293/600] binary_n20000_near-ties_seed2.pcf: ok (6 rows)
[294/600] binary_n20000_near-ties_seed3.pcf: ok (6 rows)
[295/600] binary_n20000_near-ties_seed4.pcf: ok (6 rows)
[296/600] binary_n20000_near-ties_seed5.pcf: ok (6 rows)
[297/600] binary_n20000_near-ties_seed6.pcf: ok (6 rows)
[298/600] binary_n20000_near-ties_seed7.pcf: ok (6 rows)
[299/600] binary_n20000_near-ties_seed8.pcf: ok (6 rows)
[300/600] binary_n20000_near-ties_seed9.pcf: ok (6 rows)
[301/600] binary_n2000_anti-correlated_seed0.pcf: ok (6 rows)
[302/600] binary_n2000_anti-correlated_seed1.pcf: ok (6 rows)
[303/600] binary_n2000_anti-correlated_seed2.pcf: ok (6 rows)
[304/600] binary_n2000_anti-correlated_seed3.pcf: ok (6 rows)
[305/600] binary_n2000_anti-correlated_seed4.pcf: ok (6 rows)
[306/600] binary_n2000_anti-correlated_seed5.pcf: ok (6 rows)
[307/600] binary_n2000_anti-correlated_seed6.pcf: ok (6 rows)
[308/600] binary_n2000_anti-correlated_seed7.pcf: ok (6 rows)
[309/600] binary_n2000_anti-correlated_seed8.pcf: ok (6 rows)
[310/600] binary_n2000_anti-correlated_seed9.pcf: ok (6 rows)
[311/600] binary_n2000_correlated_seed0.pcf: ok (6 rows)
[312/600] binary_n2000_correlated_seed1.pcf: ok (6 rows)
[313/600] binary_n2000_correlated_seed2.pcf: ok (6 rows)
[314/600] binary_n2000_correlated_seed3.pcf: ok (6 rows)
[315/600] binary_n2000_correlated_seed4.pcf: ok (6 rows)
[316/600] binary_n2000_correlated_seed5.pcf: ok (6 rows)
[317/600] binary_n2000_correlated_seed6.pcf: ok (6 rows)
[318/600] binary_n2000_correlated_seed7.pcf: ok (6 rows)
[319/600] binary_n2000_correlated_seed8.pcf: ok (6 rows)
[320/600] binary_n2000_correlated_seed9.pcf: ok (6 rows)
[321/600] binary_n2000_exact-ties_seed0.pcf: ok (6 rows)
[322/600] binary_n2000_exact-ties_seed1.pcf: ok (6 rows)
[323/600] binary_n2000_exact-ties_seed2.pcf: ok (6 rows)
[324/600] binary_n2000_exact-ties_seed3.pcf: ok (6 rows)
[325/600] binary_n2000_exact-ties_seed4.pcf: ok (6 rows)
[326/600] binary_n2000_exact-ties_seed5.pcf: ok (6 rows)
[327/600] binary_n2000_exact-ties_seed6.pcf: ok (6 rows)
[328/600] binary_n2000_exact-ties_seed7.pcf: ok (6 rows)
[329/600] binary_n2000_exact-ties_seed8.pcf: ok (6 rows)
[330/600] binary_n2000_exact-ties_seed9.pcf: ok (6 rows)
[331/600] binary_n2000_independent-positive_seed0.pcf: ok (6 rows)
[332/600] binary_n2000_independent-positive_seed1.pcf: ok (6 rows)
[333/600] binary_n2000_independent-positive_seed2.pcf: ok (6 rows)
[334/600] binary_n2000_independent-positive_seed3.pcf: ok (6 rows)
[335/600] binary_n2000_independent-positive_seed4.pcf: ok (6 rows)
[336/600] binary_n2000_independent-positive_seed5.pcf: ok (6 rows)
[337/600] binary_n2000_independent-positive_seed6.pcf: ok (6 rows)
[338/600] binary_n2000_independent-positive_seed7.pcf: ok (6 rows)
[339/600] binary_n2000_independent-positive_seed8.pcf: ok (6 rows)
[340/600] binary_n2000_independent-positive_seed9.pcf: ok (6 rows)
[341/600] binary_n2000_independent-signed_seed0.pcf: ok (6 rows)
[342/600] binary_n2000_independent-signed_seed1.pcf: ok (6 rows)
[343/600] binary_n2000_independent-signed_seed2.pcf: ok (6 rows)
[344/600] binary_n2000_independent-signed_seed3.pcf: ok (6 rows)
[345/600] binary_n2000_independent-signed_seed4.pcf: ok (6 rows)
[346/600] binary_n2000_independent-signed_seed5.pcf: ok (6 rows)
[347/600] binary_n2000_independent-signed_seed6.pcf: ok (6 rows)
[348/600] binary_n2000_independent-signed_seed7.pcf: ok (6 rows)
[349/600] binary_n2000_independent-signed_seed8.pcf: ok (6 rows)
[350/600] binary_n2000_independent-signed_seed9.pcf: ok (6 rows)
[351/600] binary_n2000_near-ties_seed0.pcf: ok (6 rows)
[352/600] binary_n2000_near-ties_seed1.pcf: ok (6 rows)
[353/600] binary_n2000_near-ties_seed2.pcf: ok (6 rows)
[354/600] binary_n2000_near-ties_seed3.pcf: ok (6 rows)
[355/600] binary_n2000_near-ties_seed4.pcf: ok (6 rows)
[356/600] binary_n2000_near-ties_seed5.pcf: ok (6 rows)
[357/600] binary_n2000_near-ties_seed6.pcf: ok (6 rows)
[358/600] binary_n2000_near-ties_seed7.pcf: ok (6 rows)
[359/600] binary_n2000_near-ties_seed8.pcf: ok (6 rows)
[360/600] binary_n2000_near-ties_seed9.pcf: ok (6 rows)
[361/600] binary_n200_anti-correlated_seed0.pcf: ok (6 rows)
[362/600] binary_n200_anti-correlated_seed1.pcf: ok (6 rows)
[363/600] binary_n200_anti-correlated_seed2.pcf: ok (6 rows)
[364/600] binary_n200_anti-correlated_seed3.pcf: ok (6 rows)
[365/600] binary_n200_anti-correlated_seed4.pcf: ok (6 rows)
[366/600] binary_n200_anti-correlated_seed5.pcf: ok (6 rows)
[367/600] binary_n200_anti-correlated_seed6.pcf: ok (6 rows)
[368/600] binary_n200_anti-correlated_seed7.pcf: ok (6 rows)
[369/600] binary_n200_anti-correlated_seed8.pcf: ok (6 rows)
[370/600] binary_n200_anti-correlated_seed9.pcf: ok (6 rows)
[371/600] binary_n200_correlated_seed0.pcf: ok (6 rows)
[372/600] binary_n200_correlated_seed1.pcf: ok (6 rows)
[373/600] binary_n200_correlated_seed2.pcf: ok (6 rows)
[374/600] binary_n200_correlated_seed3.pcf: ok (6 rows)
[375/600] binary_n200_correlated_seed4.pcf: ok (6 rows)
[376/600] binary_n200_correlated_seed5.pcf: ok (6 rows)
[377/600] binary_n200_correlated_seed6.pcf: ok (6 rows)
[378/600] binary_n200_correlated_seed7.pcf: ok (6 rows)
[379/600] binary_n200_correlated_seed8.pcf: ok (6 rows)
[380/600] binary_n200_correlated_seed9.pcf: ok (6 rows)
[381/600] binary_n200_exact-ties_seed0.pcf: ok (6 rows)
[382/600] binary_n200_exact-ties_seed1.pcf: ok (6 rows)
[383/600] binary_n200_exact-ties_seed2.pcf: ok (6 rows)
[384/600] binary_n200_exact-ties_seed3.pcf: ok (6 rows)
[385/600] binary_n200_exact-ties_seed4.pcf: ok (6 rows)
[386/600] binary_n200_exact-ties_seed5.pcf: ok (6 rows)
[387/600] binary_n200_exact-ties_seed6.pcf: ok (6 rows)
[388/600] binary_n200_exact-ties_seed7.pcf: ok (6 rows)
[389/600] binary_n200_exact-ties_seed8.pcf: ok (6 rows)
[390/600] binary_n200_exact-ties_seed9.pcf: ok (6 rows)
[391/600] binary_n200_independent-positive_seed0.pcf: ok (6 rows)
[392/600] binary_n200_independent-positive_seed1.pcf: ok (6 rows)
[393/600] binary_n200_independent-positive_seed2.pcf: ok (6 rows)
[394/600] binary_n200_independent-positive_seed3.pcf: ok (6 rows)
[395/600] binary_n200_independent-positive_seed4.pcf: ok (6 rows)
[396/600] binary_n200_independent-positive_seed5.pcf: ok (6 rows)
[397/600] binary_n200_independent-positive_seed6.pcf: ok (6 rows)
[398/600] binary_n200_independent-positive_seed7.pcf: ok (6 rows)
[399/600] binary_n200_independent-positive_seed8.pcf: ok (6 rows)
[400/600] binary_n200_independent-positive_seed9.pcf: ok (6 rows)
[401/600] binary_n200_independent-signed_seed0.pcf: ok (6 rows)
[402/600] binary_n200_independent-signed_seed1.pcf: ok (6 rows)
[403/600] binary_n200_independent-signed_seed2.pcf: ok (6 rows)
[404/600] binary_n200_independent-signed_seed3.pcf: ok (6 rows)
[405/600] binary_n200_independent-signed_seed4.pcf: ok (6 rows)
[406/600] binary_n200_independent-signed_seed5.pcf: ok (6 rows)
[407/600] binary_n200_independent-signed_seed6.pcf: ok (6 rows)
[408/600] binary_n200_independent-signed_seed7.pcf: ok (6 rows)
[409/600] binary_n200_independent-signed_seed8.pcf: ok (6 rows)
[410/600] binary_n200_independent-signed_seed9.pcf: ok (6 rows)
[411/600] binary_n200_near-ties_seed0.pcf: ok (6 rows)
[412/600] binary_n200_near-ties_seed1.pcf: ok (6 rows)
[413/600] binary_n200_near-ties_seed2.pcf: ok (6 rows)
[414/600] binary_n200_near-ties_seed3.pcf: ok (6 rows)
[415/600] binary_n200_near-ties_seed4.pcf: ok (6 rows)
[416/600] binary_n200_near-ties_seed5.pcf: ok (6 rows)
[417/600] binary_n200_near-ties_seed6.pcf: ok (6 rows)
[418/600] binary_n200_near-ties_seed7.pcf: ok (6 rows)
[419/600] binary_n200_near-ties_seed8.pcf: ok (6 rows)
[420/600] binary_n200_near-ties_seed9.pcf: ok (6 rows)
[421/600] binary_n50000_anti-correlated_seed0.pcf: ok (6 rows)
[422/600] binary_n50000_anti-correlated_seed1.pcf: ok (6 rows)
[423/600] binary_n50000_anti-correlated_seed2.pcf: ok (6 rows)
[424/600] binary_n50000_anti-correlated_seed3.pcf: ok (6 rows)
[425/600] binary_n50000_anti-correlated_seed4.pcf: ok (6 rows)
[426/600] binary_n50000_anti-correlated_seed5.pcf: ok (6 rows)
[427/600] binary_n50000_anti-correlated_seed6.pcf: ok (6 rows)
[428/600] binary_n50000_anti-correlated_seed7.pcf: ok (6 rows)
[429/600] binary_n50000_anti-correlated_seed8.pcf: ok (6 rows)
[430/600] binary_n50000_anti-correlated_seed9.pcf: ok (6 rows)
[431/600] binary_n50000_correlated_seed0.pcf: ok (6 rows)
[432/600] binary_n50000_correlated_seed1.pcf: ok (6 rows)
[433/600] binary_n50000_correlated_seed2.pcf: ok (6 rows)
[434/600] binary_n50000_correlated_seed3.pcf: ok (6 rows)
[435/600] binary_n50000_correlated_seed4.pcf: ok (6 rows)
[436/600] binary_n50000_correlated_seed5.pcf: ok (6 rows)
[437/600] binary_n50000_correlated_seed6.pcf: ok (6 rows)
[438/600] binary_n50000_correlated_seed7.pcf: ok (6 rows)
[439/600] binary_n50000_correlated_seed8.pcf: ok (6 rows)
[440/600] binary_n50000_correlated_seed9.pcf: ok (6 rows)
[441/600] binary_n50000_exact-ties_seed0.pcf: ok (6 rows)
[442/600] binary_n50000_exact-ties_seed1.pcf: ok (6 rows)
[443/600] binary_n50000_exact-ties_seed2.pcf: ok (6 rows)
[444/600] binary_n50000_exact-ties_seed3.pcf: ok (6 rows)
[445/600] binary_n50000_exact-ties_seed4.pcf: ok (6 rows)
[446/600] binary_n50000_exact-ties_seed5.pcf: ok (6 rows)
[447/600] binary_n50000_exact-ties_seed6.pcf: ok (6 rows)
[448/600] binary_n50000_exact-ties_seed7.pcf: ok (6 rows)
[449/600] binary_n50000_exact-ties_seed8.pcf: ok (6 rows)
[450/600] binary_n50000_exact-ties_seed9.pcf: ok (6 rows)
[451/600] binary_n50000_independent-positive_seed0.pcf: ok (6 rows)
[452/600] binary_n50000_independent-positive_seed1.pcf: ok (6 rows)
[453/600] binary_n50000_independent-positive_seed2.pcf: ok (6 rows)
[454/600] binary_n50000_independent-positive_seed3.pcf: ok (6 rows)
[455/600] binary_n50000_independent-positive_seed4.pcf: ok (6 rows)
[456/600] binary_n50000_independent-positive_seed5.pcf: ok (6 rows)
[457/600] binary_n50000_independent-positive_seed6.pcf: ok (6 rows)
[458/600] binary_n50000_independent-positive_seed7.pcf: ok (6 rows)
[459/600] binary_n50000_independent-positive_seed8.pcf: ok (6 rows)
[460/600] binary_n50000_independent-positive_seed9.pcf: ok (6 rows)
[461/600] binary_n50000_independent-signed_seed0.pcf: ok (6 rows)
[462/600] binary_n50000_independent-signed_seed1.pcf: ok (6 rows)
[463/600] binary_n50000_independent-signed_seed2.pcf: ok (6 rows)
[464/600] binary_n50000_independent-signed_seed3.pcf: ok (6 rows)
[465/600] binary_n50000_independent-signed_seed4.pcf: ok (6 rows)
[466/600] binary_n50000_independent-signed_seed5.pcf: ok (6 rows)
[467/600] binary_n50000_independent-signed_seed6.pcf: ok (6 rows)
[468/600] binary_n50000_independent-signed_seed7.pcf: ok (6 rows)
[469/600] binary_n50000_independent-signed_seed8.pcf: ok (6 rows)
[470/600] binary_n50000_independent-signed_seed9.pcf: ok (6 rows)
[471/600] binary_n50000_near-ties_seed0.pcf: ok (6 rows)
[472/600] binary_n50000_near-ties_seed1.pcf: ok (6 rows)
[473/600] binary_n50000_near-ties_seed2.pcf: ok (6 rows)
[474/600] binary_n50000_near-ties_seed3.pcf: ok (6 rows)
[475/600] binary_n50000_near-ties_seed4.pcf: ok (6 rows)
[476/600] binary_n50000_near-ties_seed5.pcf: ok (6 rows)
[477/600] binary_n50000_near-ties_seed6.pcf: ok (6 rows)
[478/600] binary_n50000_near-ties_seed7.pcf: ok (6 rows)
[479/600] binary_n50000_near-ties_seed8.pcf: ok (6 rows)
[480/600] binary_n50000_near-ties_seed9.pcf: ok (6 rows)
[481/600] binary_n5000_anti-correlated_seed0.pcf: ok (6 rows)
[482/600] binary_n5000_anti-correlated_seed1.pcf: ok (6 rows)
[483/600] binary_n5000_anti-correlated_seed2.pcf: ok (6 rows)
[484/600] binary_n5000_anti-correlated_seed3.pcf: ok (6 rows)
[485/600] binary_n5000_anti-correlated_seed4.pcf: ok (6 rows)
[486/600] binary_n5000_anti-correlated_seed5.pcf: ok (6 rows)
[487/600] binary_n5000_anti-correlated_seed6.pcf: ok (6 rows)
[488/600] binary_n5000_anti-correlated_seed7.pcf: ok (6 rows)
[489/600] binary_n5000_anti-correlated_seed8.pcf: ok (6 rows)
[490/600] binary_n5000_anti-correlated_seed9.pcf: ok (6 rows)
[491/600] binary_n5000_correlated_seed0.pcf: ok (6 rows)
[492/600] binary_n5000_correlated_seed1.pcf: ok (6 rows)
[493/600] binary_n5000_correlated_seed2.pcf: ok (6 rows)
[494/600] binary_n5000_correlated_seed3.pcf: ok (6 rows)
[495/600] binary_n5000_correlated_seed4.pcf: ok (6 rows)
[496/600] binary_n5000_correlated_seed5.pcf: ok (6 rows)
[497/600] binary_n5000_correlated_seed6.pcf: ok (6 rows)
[498/600] binary_n5000_correlated_seed7.pcf: ok (6 rows)
[499/600] binary_n5000_correlated_seed8.pcf: ok (6 rows)
[500/600] binary_n5000_correlated_seed9.pcf: ok (6 rows)
[501/600] binary_n5000_exact-ties_seed0.pcf: ok (6 rows)
[502/600] binary_n5000_exact-ties_seed1.pcf: ok (6 rows)
[503/600] binary_n5000_exact-ties_seed2.pcf: ok (6 rows)
[504/600] binary_n5000_exact-ties_seed3.pcf: ok (6 rows)
[505/600] binary_n5000_exact-ties_seed4.pcf: ok (6 rows)
[506/600] binary_n5000_exact-ties_seed5.pcf: ok (6 rows)
[507/600] binary_n5000_exact-ties_seed6.pcf: ok (6 rows)
[508/600] binary_n5000_exact-ties_seed7.pcf: ok (6 rows)
[509/600] binary_n5000_exact-ties_seed8.pcf: ok (6 rows)
[510/600] binary_n5000_exact-ties_seed9.pcf: ok (6 rows)
[511/600] binary_n5000_independent-positive_seed0.pcf: ok (6 rows)
[512/600] binary_n5000_independent-positive_seed1.pcf: ok (6 rows)
[513/600] binary_n5000_independent-positive_seed2.pcf: ok (6 rows)
[514/600] binary_n5000_independent-positive_seed3.pcf: ok (6 rows)
[515/600] binary_n5000_independent-positive_seed4.pcf: ok (6 rows)
[516/600] binary_n5000_independent-positive_seed5.pcf: ok (6 rows)
[517/600] binary_n5000_independent-positive_seed6.pcf: ok (6 rows)
[518/600] binary_n5000_independent-positive_seed7.pcf: ok (6 rows)
[519/600] binary_n5000_independent-positive_seed8.pcf: ok (6 rows)
[520/600] binary_n5000_independent-positive_seed9.pcf: ok (6 rows)
[521/600] binary_n5000_independent-signed_seed0.pcf: ok (6 rows)
[522/600] binary_n5000_independent-signed_seed1.pcf: ok (6 rows)
[523/600] binary_n5000_independent-signed_seed2.pcf: ok (6 rows)
[524/600] binary_n5000_independent-signed_seed3.pcf: ok (6 rows)
[525/600] binary_n5000_independent-signed_seed4.pcf: ok (6 rows)
[526/600] binary_n5000_independent-signed_seed5.pcf: ok (6 rows)
[527/600] binary_n5000_independent-signed_seed6.pcf: ok (6 rows)
[528/600] binary_n5000_independent-signed_seed7.pcf: ok (6 rows)
[529/600] binary_n5000_independent-signed_seed8.pcf: ok (6 rows)
[530/600] binary_n5000_independent-signed_seed9.pcf: ok (6 rows)
[531/600] binary_n5000_near-ties_seed0.pcf: ok (6 rows)
[532/600] binary_n5000_near-ties_seed1.pcf: ok (6 rows)
[533/600] binary_n5000_near-ties_seed2.pcf: ok (6 rows)
[534/600] binary_n5000_near-ties_seed3.pcf: ok (6 rows)
[535/600] binary_n5000_near-ties_seed4.pcf: ok (6 rows)
[536/600] binary_n5000_near-ties_seed5.pcf: ok (6 rows)
[537/600] binary_n5000_near-ties_seed6.pcf: ok (6 rows)
[538/600] binary_n5000_near-ties_seed7.pcf: ok (6 rows)
[539/600] binary_n5000_near-ties_seed8.pcf: ok (6 rows)
[540/600] binary_n5000_near-ties_seed9.pcf: ok (6 rows)
[541/600] binary_n500_anti-correlated_seed0.pcf: ok (6 rows)
[542/600] binary_n500_anti-correlated_seed1.pcf: ok (6 rows)
[543/600] binary_n500_anti-correlated_seed2.pcf: ok (6 rows)
[544/600] binary_n500_anti-correlated_seed3.pcf: ok (6 rows)
[545/600] binary_n500_anti-correlated_seed4.pcf: ok (6 rows)
[546/600] binary_n500_anti-correlated_seed5.pcf: ok (6 rows)
[547/600] binary_n500_anti-correlated_seed6.pcf: ok (6 rows)
[548/600] binary_n500_anti-correlated_seed7.pcf: ok (6 rows)
[549/600] binary_n500_anti-correlated_seed8.pcf: ok (6 rows)
[550/600] binary_n500_anti-correlated_seed9.pcf: ok (6 rows)
[551/600] binary_n500_correlated_seed0.pcf: ok (6 rows)
[552/600] binary_n500_correlated_seed1.pcf: ok (6 rows)
[553/600] binary_n500_correlated_seed2.pcf: ok (6 rows)
[554/600] binary_n500_correlated_seed3.pcf: ok (6 rows)
[555/600] binary_n500_correlated_seed4.pcf: ok (6 rows)
[556/600] binary_n500_correlated_seed5.pcf: ok (6 rows)
[557/600] binary_n500_correlated_seed6.pcf: ok (6 rows)
[558/600] binary_n500_correlated_seed7.pcf: ok (6 rows)
[559/600] binary_n500_correlated_seed8.pcf: ok (6 rows)
[560/600] binary_n500_correlated_seed9.pcf: ok (6 rows)
[561/600] binary_n500_exact-ties_seed0.pcf: ok (6 rows)
[562/600] binary_n500_exact-ties_seed1.pcf: ok (6 rows)
[563/600] binary_n500_exact-ties_seed2.pcf: ok (6 rows)
[564/600] binary_n500_exact-ties_seed3.pcf: ok (6 rows)
[565/600] binary_n500_exact-ties_seed4.pcf: ok (6 rows)
[566/600] binary_n500_exact-ties_seed5.pcf: ok (6 rows)
[567/600] binary_n500_exact-ties_seed6.pcf: ok (6 rows)
[568/600] binary_n500_exact-ties_seed7.pcf: ok (6 rows)
[569/600] binary_n500_exact-ties_seed8.pcf: ok (6 rows)
[570/600] binary_n500_exact-ties_seed9.pcf: ok (6 rows)
[571/600] binary_n500_independent-positive_seed0.pcf: ok (6 rows)
[572/600] binary_n500_independent-positive_seed1.pcf: ok (6 rows)
[573/600] binary_n500_independent-positive_seed2.pcf: ok (6 rows)
[574/600] binary_n500_independent-positive_seed3.pcf: ok (6 rows)
[575/600] binary_n500_independent-positive_seed4.pcf: ok (6 rows)
[576/600] binary_n500_independent-positive_seed5.pcf: ok (6 rows)
[577/600] binary_n500_independent-positive_seed6.pcf: ok (6 rows)
[578/600] binary_n500_independent-positive_seed7.pcf: ok (6 rows)
[579/600] binary_n500_independent-positive_seed8.pcf: ok (6 rows)
[580/600] binary_n500_independent-positive_seed9.pcf: ok (6 rows)
[581/600] binary_n500_independent-signed_seed0.pcf: ok (6 rows)
[582/600] binary_n500_independent-signed_seed1.pcf: ok (6 rows)
[583/600] binary_n500_independent-signed_seed2.pcf: ok (6 rows)
[584/600] binary_n500_independent-signed_seed3.pcf: ok (6 rows)
[585/600] binary_n500_independent-signed_seed4.pcf: ok (6 rows)
[586/600] binary_n500_independent-signed_seed5.pcf: ok (6 rows)
[587/600] binary_n500_independent-signed_seed6.pcf: ok (6 rows)
[588/600] binary_n500_independent-signed_seed7.pcf: ok (6 rows)
[589/600] binary_n500_independent-signed_seed8.pcf: ok (6 rows)
[590/600] binary_n500_independent-signed_seed9.pcf: ok (6 rows)
[591/600] binary_n500_near-ties_seed0.pcf: ok (6 rows)
[592/600] binary_n500_near-ties_seed1.pcf: ok (6 rows)
[593/600] binary_n500_near-ties_seed2.pcf: ok (6 rows)
[594/600] binary_n500_near-ties_seed3.pcf: ok (6 rows)
[595/600] binary_n500_near-ties_seed4.pcf: ok (6 rows)
[596/600] binary_n500_near-ties_seed5.pcf: ok (6 rows)
[597/600] binary_n500_near-ties_seed6.pcf: ok (6 rows)
[598/600] binary_n500_near-ties_seed7.pcf: ok (6 rows)
[599/600] binary_n500_near-ties_seed8.pcf: ok (6 rows)
[600/600] binary_n500_near-ties_seed9.pcf: ok (6 rows)
wrote results/raw/campaign_d_binary_hpac-rac.csv (3600 rows), results/raw/campaign_d_binary_hpac-rac.failures.csv (0 censored instances)
=== campaign_d_binary :: pac (3 reps) on instances/campaign_d_binary_pac_subset -> results/raw/campaign_d_binary_pac.csv ===
[1/300] binary_n1000_anti-correlated_seed0.pcf: ok (3 rows)
[2/300] binary_n1000_anti-correlated_seed1.pcf: ok (3 rows)
[3/300] binary_n1000_anti-correlated_seed2.pcf: ok (3 rows)
[4/300] binary_n1000_anti-correlated_seed3.pcf: ok (3 rows)
[5/300] binary_n1000_anti-correlated_seed4.pcf: ok (3 rows)
[6/300] binary_n1000_anti-correlated_seed5.pcf: ok (3 rows)
[7/300] binary_n1000_anti-correlated_seed6.pcf: ok (3 rows)
[8/300] binary_n1000_anti-correlated_seed7.pcf: ok (3 rows)
[9/300] binary_n1000_anti-correlated_seed8.pcf: ok (3 rows)
[10/300] binary_n1000_anti-correlated_seed9.pcf: ok (3 rows)
[11/300] binary_n1000_correlated_seed0.pcf: ok (3 rows)
[12/300] binary_n1000_correlated_seed1.pcf: ok (3 rows)
[13/300] binary_n1000_correlated_seed2.pcf: ok (3 rows)
[14/300] binary_n1000_correlated_seed3.pcf: ok (3 rows)
[15/300] binary_n1000_correlated_seed4.pcf: ok (3 rows)
[16/300] binary_n1000_correlated_seed5.pcf: ok (3 rows)
[17/300] binary_n1000_correlated_seed6.pcf: ok (3 rows)
[18/300] binary_n1000_correlated_seed7.pcf: ok (3 rows)
[19/300] binary_n1000_correlated_seed8.pcf: ok (3 rows)
[20/300] binary_n1000_correlated_seed9.pcf: ok (3 rows)
[21/300] binary_n1000_exact-ties_seed0.pcf: ok (3 rows)
[22/300] binary_n1000_exact-ties_seed1.pcf: ok (3 rows)
[23/300] binary_n1000_exact-ties_seed2.pcf: ok (3 rows)
[24/300] binary_n1000_exact-ties_seed3.pcf: ok (3 rows)
[25/300] binary_n1000_exact-ties_seed4.pcf: ok (3 rows)
[26/300] binary_n1000_exact-ties_seed5.pcf: ok (3 rows)
[27/300] binary_n1000_exact-ties_seed6.pcf: ok (3 rows)
[28/300] binary_n1000_exact-ties_seed7.pcf: ok (3 rows)
[29/300] binary_n1000_exact-ties_seed8.pcf: ok (3 rows)
[30/300] binary_n1000_exact-ties_seed9.pcf: ok (3 rows)
[31/300] binary_n1000_independent-positive_seed0.pcf: ok (3 rows)
[32/300] binary_n1000_independent-positive_seed1.pcf: ok (3 rows)
[33/300] binary_n1000_independent-positive_seed2.pcf: ok (3 rows)
[34/300] binary_n1000_independent-positive_seed3.pcf: ok (3 rows)
[35/300] binary_n1000_independent-positive_seed4.pcf: ok (3 rows)
[36/300] binary_n1000_independent-positive_seed5.pcf: ok (3 rows)
[37/300] binary_n1000_independent-positive_seed6.pcf: ok (3 rows)
[38/300] binary_n1000_independent-positive_seed7.pcf: ok (3 rows)
[39/300] binary_n1000_independent-positive_seed8.pcf: ok (3 rows)
[40/300] binary_n1000_independent-positive_seed9.pcf: ok (3 rows)
[41/300] binary_n1000_independent-signed_seed0.pcf: ok (3 rows)
[42/300] binary_n1000_independent-signed_seed1.pcf: ok (3 rows)
[43/300] binary_n1000_independent-signed_seed2.pcf: ok (3 rows)
[44/300] binary_n1000_independent-signed_seed3.pcf: ok (3 rows)
[45/300] binary_n1000_independent-signed_seed4.pcf: ok (3 rows)
[46/300] binary_n1000_independent-signed_seed5.pcf: ok (3 rows)
[47/300] binary_n1000_independent-signed_seed6.pcf: ok (3 rows)
[48/300] binary_n1000_independent-signed_seed7.pcf: ok (3 rows)
[49/300] binary_n1000_independent-signed_seed8.pcf: ok (3 rows)
[50/300] binary_n1000_independent-signed_seed9.pcf: ok (3 rows)
[51/300] binary_n1000_near-ties_seed0.pcf: ok (3 rows)
[52/300] binary_n1000_near-ties_seed1.pcf: ok (3 rows)
[53/300] binary_n1000_near-ties_seed2.pcf: ok (3 rows)
[54/300] binary_n1000_near-ties_seed3.pcf: ok (3 rows)
[55/300] binary_n1000_near-ties_seed4.pcf: ok (3 rows)
[56/300] binary_n1000_near-ties_seed5.pcf: ok (3 rows)
[57/300] binary_n1000_near-ties_seed6.pcf: ok (3 rows)
[58/300] binary_n1000_near-ties_seed7.pcf: ok (3 rows)
[59/300] binary_n1000_near-ties_seed8.pcf: ok (3 rows)
[60/300] binary_n1000_near-ties_seed9.pcf: ok (3 rows)
[61/300] binary_n100_anti-correlated_seed0.pcf: ok (3 rows)
[62/300] binary_n100_anti-correlated_seed1.pcf: ok (3 rows)
[63/300] binary_n100_anti-correlated_seed2.pcf: ok (3 rows)
[64/300] binary_n100_anti-correlated_seed3.pcf: ok (3 rows)
[65/300] binary_n100_anti-correlated_seed4.pcf: ok (3 rows)
[66/300] binary_n100_anti-correlated_seed5.pcf: ok (3 rows)
[67/300] binary_n100_anti-correlated_seed6.pcf: ok (3 rows)
[68/300] binary_n100_anti-correlated_seed7.pcf: ok (3 rows)
[69/300] binary_n100_anti-correlated_seed8.pcf: ok (3 rows)
[70/300] binary_n100_anti-correlated_seed9.pcf: ok (3 rows)
[71/300] binary_n100_correlated_seed0.pcf: ok (3 rows)
[72/300] binary_n100_correlated_seed1.pcf: ok (3 rows)
[73/300] binary_n100_correlated_seed2.pcf: ok (3 rows)
[74/300] binary_n100_correlated_seed3.pcf: ok (3 rows)
[75/300] binary_n100_correlated_seed4.pcf: ok (3 rows)
[76/300] binary_n100_correlated_seed5.pcf: ok (3 rows)
[77/300] binary_n100_correlated_seed6.pcf: ok (3 rows)
[78/300] binary_n100_correlated_seed7.pcf: ok (3 rows)
[79/300] binary_n100_correlated_seed8.pcf: ok (3 rows)
[80/300] binary_n100_correlated_seed9.pcf: ok (3 rows)
[81/300] binary_n100_exact-ties_seed0.pcf: ok (3 rows)
[82/300] binary_n100_exact-ties_seed1.pcf: ok (3 rows)
[83/300] binary_n100_exact-ties_seed2.pcf: ok (3 rows)
[84/300] binary_n100_exact-ties_seed3.pcf: ok (3 rows)
[85/300] binary_n100_exact-ties_seed4.pcf: ok (3 rows)
[86/300] binary_n100_exact-ties_seed5.pcf: ok (3 rows)
[87/300] binary_n100_exact-ties_seed6.pcf: ok (3 rows)
[88/300] binary_n100_exact-ties_seed7.pcf: ok (3 rows)
[89/300] binary_n100_exact-ties_seed8.pcf: ok (3 rows)
[90/300] binary_n100_exact-ties_seed9.pcf: ok (3 rows)
[91/300] binary_n100_independent-positive_seed0.pcf: ok (3 rows)
[92/300] binary_n100_independent-positive_seed1.pcf: ok (3 rows)
[93/300] binary_n100_independent-positive_seed2.pcf: ok (3 rows)
[94/300] binary_n100_independent-positive_seed3.pcf: ok (3 rows)
[95/300] binary_n100_independent-positive_seed4.pcf: ok (3 rows)
[96/300] binary_n100_independent-positive_seed5.pcf: ok (3 rows)
[97/300] binary_n100_independent-positive_seed6.pcf: ok (3 rows)
[98/300] binary_n100_independent-positive_seed7.pcf: ok (3 rows)
[99/300] binary_n100_independent-positive_seed8.pcf: ok (3 rows)
[100/300] binary_n100_independent-positive_seed9.pcf: ok (3 rows)
[101/300] binary_n100_independent-signed_seed0.pcf: ok (3 rows)
[102/300] binary_n100_independent-signed_seed1.pcf: ok (3 rows)
[103/300] binary_n100_independent-signed_seed2.pcf: ok (3 rows)
[104/300] binary_n100_independent-signed_seed3.pcf: ok (3 rows)
[105/300] binary_n100_independent-signed_seed4.pcf: ok (3 rows)
[106/300] binary_n100_independent-signed_seed5.pcf: ok (3 rows)
[107/300] binary_n100_independent-signed_seed6.pcf: ok (3 rows)
[108/300] binary_n100_independent-signed_seed7.pcf: ok (3 rows)
[109/300] binary_n100_independent-signed_seed8.pcf: ok (3 rows)
[110/300] binary_n100_independent-signed_seed9.pcf: ok (3 rows)
[111/300] binary_n100_near-ties_seed0.pcf: ok (3 rows)
[112/300] binary_n100_near-ties_seed1.pcf: ok (3 rows)
[113/300] binary_n100_near-ties_seed2.pcf: ok (3 rows)
[114/300] binary_n100_near-ties_seed3.pcf: ok (3 rows)
[115/300] binary_n100_near-ties_seed4.pcf: ok (3 rows)
[116/300] binary_n100_near-ties_seed5.pcf: ok (3 rows)
[117/300] binary_n100_near-ties_seed6.pcf: ok (3 rows)
[118/300] binary_n100_near-ties_seed7.pcf: ok (3 rows)
[119/300] binary_n100_near-ties_seed8.pcf: ok (3 rows)
[120/300] binary_n100_near-ties_seed9.pcf: ok (3 rows)
[121/300] binary_n2000_anti-correlated_seed0.pcf: ok (3 rows)
[122/300] binary_n2000_anti-correlated_seed1.pcf: ok (3 rows)
[123/300] binary_n2000_anti-correlated_seed2.pcf: ok (3 rows)
[124/300] binary_n2000_anti-correlated_seed3.pcf: ok (3 rows)
[125/300] binary_n2000_anti-correlated_seed4.pcf: ok (3 rows)
[126/300] binary_n2000_anti-correlated_seed5.pcf: ok (3 rows)
[127/300] binary_n2000_anti-correlated_seed6.pcf: ok (3 rows)
[128/300] binary_n2000_anti-correlated_seed7.pcf: ok (3 rows)
[129/300] binary_n2000_anti-correlated_seed8.pcf: ok (3 rows)
[130/300] binary_n2000_anti-correlated_seed9.pcf: ok (3 rows)
[131/300] binary_n2000_correlated_seed0.pcf: ok (3 rows)
[132/300] binary_n2000_correlated_seed1.pcf: ok (3 rows)
[133/300] binary_n2000_correlated_seed2.pcf: ok (3 rows)
[134/300] binary_n2000_correlated_seed3.pcf: ok (3 rows)
[135/300] binary_n2000_correlated_seed4.pcf: ok (3 rows)
[136/300] binary_n2000_correlated_seed5.pcf: ok (3 rows)
[137/300] binary_n2000_correlated_seed6.pcf: ok (3 rows)
[138/300] binary_n2000_correlated_seed7.pcf: ok (3 rows)
[139/300] binary_n2000_correlated_seed8.pcf: ok (3 rows)
[140/300] binary_n2000_correlated_seed9.pcf: ok (3 rows)
[141/300] binary_n2000_exact-ties_seed0.pcf: ok (3 rows)
[142/300] binary_n2000_exact-ties_seed1.pcf: ok (3 rows)
[143/300] binary_n2000_exact-ties_seed2.pcf: ok (3 rows)
[144/300] binary_n2000_exact-ties_seed3.pcf: ok (3 rows)
[145/300] binary_n2000_exact-ties_seed4.pcf: ok (3 rows)
[146/300] binary_n2000_exact-ties_seed5.pcf: ok (3 rows)
[147/300] binary_n2000_exact-ties_seed6.pcf: ok (3 rows)
[148/300] binary_n2000_exact-ties_seed7.pcf: ok (3 rows)
[149/300] binary_n2000_exact-ties_seed8.pcf: ok (3 rows)
[150/300] binary_n2000_exact-ties_seed9.pcf: ok (3 rows)
[151/300] binary_n2000_independent-positive_seed0.pcf: ok (3 rows)
[152/300] binary_n2000_independent-positive_seed1.pcf: ok (3 rows)
[153/300] binary_n2000_independent-positive_seed2.pcf: ok (3 rows)
[154/300] binary_n2000_independent-positive_seed3.pcf: ok (3 rows)
[155/300] binary_n2000_independent-positive_seed4.pcf: ok (3 rows)
[156/300] binary_n2000_independent-positive_seed5.pcf: ok (3 rows)
[157/300] binary_n2000_independent-positive_seed6.pcf: ok (3 rows)
[158/300] binary_n2000_independent-positive_seed7.pcf: ok (3 rows)
[159/300] binary_n2000_independent-positive_seed8.pcf: ok (3 rows)
[160/300] binary_n2000_independent-positive_seed9.pcf: ok (3 rows)
[161/300] binary_n2000_independent-signed_seed0.pcf: ok (3 rows)
[162/300] binary_n2000_independent-signed_seed1.pcf: ok (3 rows)
[163/300] binary_n2000_independent-signed_seed2.pcf: ok (3 rows)
[164/300] binary_n2000_independent-signed_seed3.pcf: ok (3 rows)
[165/300] binary_n2000_independent-signed_seed4.pcf: ok (3 rows)
[166/300] binary_n2000_independent-signed_seed5.pcf: ok (3 rows)
[167/300] binary_n2000_independent-signed_seed6.pcf: ok (3 rows)
[168/300] binary_n2000_independent-signed_seed7.pcf: ok (3 rows)
[169/300] binary_n2000_independent-signed_seed8.pcf: ok (3 rows)
[170/300] binary_n2000_independent-signed_seed9.pcf: ok (3 rows)
[171/300] binary_n2000_near-ties_seed0.pcf: ok (3 rows)
[172/300] binary_n2000_near-ties_seed1.pcf: ok (3 rows)
[173/300] binary_n2000_near-ties_seed2.pcf: ok (3 rows)
[174/300] binary_n2000_near-ties_seed3.pcf: ok (3 rows)
[175/300] binary_n2000_near-ties_seed4.pcf: ok (3 rows)
[176/300] binary_n2000_near-ties_seed5.pcf: ok (3 rows)
[177/300] binary_n2000_near-ties_seed6.pcf: ok (3 rows)
[178/300] binary_n2000_near-ties_seed7.pcf: ok (3 rows)
[179/300] binary_n2000_near-ties_seed8.pcf: ok (3 rows)
[180/300] binary_n2000_near-ties_seed9.pcf: ok (3 rows)
[181/300] binary_n200_anti-correlated_seed0.pcf: ok (3 rows)
[182/300] binary_n200_anti-correlated_seed1.pcf: ok (3 rows)
[183/300] binary_n200_anti-correlated_seed2.pcf: ok (3 rows)
[184/300] binary_n200_anti-correlated_seed3.pcf: ok (3 rows)
[185/300] binary_n200_anti-correlated_seed4.pcf: ok (3 rows)
[186/300] binary_n200_anti-correlated_seed5.pcf: ok (3 rows)
[187/300] binary_n200_anti-correlated_seed6.pcf: ok (3 rows)
[188/300] binary_n200_anti-correlated_seed7.pcf: ok (3 rows)
[189/300] binary_n200_anti-correlated_seed8.pcf: ok (3 rows)
[190/300] binary_n200_anti-correlated_seed9.pcf: ok (3 rows)
[191/300] binary_n200_correlated_seed0.pcf: ok (3 rows)
[192/300] binary_n200_correlated_seed1.pcf: ok (3 rows)
[193/300] binary_n200_correlated_seed2.pcf: ok (3 rows)
[194/300] binary_n200_correlated_seed3.pcf: ok (3 rows)
[195/300] binary_n200_correlated_seed4.pcf: ok (3 rows)
[196/300] binary_n200_correlated_seed5.pcf: ok (3 rows)
[197/300] binary_n200_correlated_seed6.pcf: ok (3 rows)
[198/300] binary_n200_correlated_seed7.pcf: ok (3 rows)
[199/300] binary_n200_correlated_seed8.pcf: ok (3 rows)
[200/300] binary_n200_correlated_seed9.pcf: ok (3 rows)
[201/300] binary_n200_exact-ties_seed0.pcf: ok (3 rows)
[202/300] binary_n200_exact-ties_seed1.pcf: ok (3 rows)
[203/300] binary_n200_exact-ties_seed2.pcf: ok (3 rows)
[204/300] binary_n200_exact-ties_seed3.pcf: ok (3 rows)
[205/300] binary_n200_exact-ties_seed4.pcf: ok (3 rows)
[206/300] binary_n200_exact-ties_seed5.pcf: ok (3 rows)
[207/300] binary_n200_exact-ties_seed6.pcf: ok (3 rows)
[208/300] binary_n200_exact-ties_seed7.pcf: ok (3 rows)
[209/300] binary_n200_exact-ties_seed8.pcf: ok (3 rows)
[210/300] binary_n200_exact-ties_seed9.pcf: ok (3 rows)
[211/300] binary_n200_independent-positive_seed0.pcf: ok (3 rows)
[212/300] binary_n200_independent-positive_seed1.pcf: ok (3 rows)
[213/300] binary_n200_independent-positive_seed2.pcf: ok (3 rows)
[214/300] binary_n200_independent-positive_seed3.pcf: ok (3 rows)
[215/300] binary_n200_independent-positive_seed4.pcf: ok (3 rows)
[216/300] binary_n200_independent-positive_seed5.pcf: ok (3 rows)
[217/300] binary_n200_independent-positive_seed6.pcf: ok (3 rows)
[218/300] binary_n200_independent-positive_seed7.pcf: ok (3 rows)
[219/300] binary_n200_independent-positive_seed8.pcf: ok (3 rows)
[220/300] binary_n200_independent-positive_seed9.pcf: ok (3 rows)
[221/300] binary_n200_independent-signed_seed0.pcf: ok (3 rows)
[222/300] binary_n200_independent-signed_seed1.pcf: ok (3 rows)
[223/300] binary_n200_independent-signed_seed2.pcf: ok (3 rows)
[224/300] binary_n200_independent-signed_seed3.pcf: ok (3 rows)
[225/300] binary_n200_independent-signed_seed4.pcf: ok (3 rows)
[226/300] binary_n200_independent-signed_seed5.pcf: ok (3 rows)
[227/300] binary_n200_independent-signed_seed6.pcf: ok (3 rows)
[228/300] binary_n200_independent-signed_seed7.pcf: ok (3 rows)
[229/300] binary_n200_independent-signed_seed8.pcf: ok (3 rows)
[230/300] binary_n200_independent-signed_seed9.pcf: ok (3 rows)
[231/300] binary_n200_near-ties_seed0.pcf: ok (3 rows)
[232/300] binary_n200_near-ties_seed1.pcf: ok (3 rows)
[233/300] binary_n200_near-ties_seed2.pcf: ok (3 rows)
[234/300] binary_n200_near-ties_seed3.pcf: ok (3 rows)
[235/300] binary_n200_near-ties_seed4.pcf: ok (3 rows)
[236/300] binary_n200_near-ties_seed5.pcf: ok (3 rows)
[237/300] binary_n200_near-ties_seed6.pcf: ok (3 rows)
[238/300] binary_n200_near-ties_seed7.pcf: ok (3 rows)
[239/300] binary_n200_near-ties_seed8.pcf: ok (3 rows)
[240/300] binary_n200_near-ties_seed9.pcf: ok (3 rows)
[241/300] binary_n500_anti-correlated_seed0.pcf: ok (3 rows)
[242/300] binary_n500_anti-correlated_seed1.pcf: ok (3 rows)
[243/300] binary_n500_anti-correlated_seed2.pcf: ok (3 rows)
[244/300] binary_n500_anti-correlated_seed3.pcf: ok (3 rows)
[245/300] binary_n500_anti-correlated_seed4.pcf: ok (3 rows)
[246/300] binary_n500_anti-correlated_seed5.pcf: ok (3 rows)
[247/300] binary_n500_anti-correlated_seed6.pcf: ok (3 rows)
[248/300] binary_n500_anti-correlated_seed7.pcf: ok (3 rows)
[249/300] binary_n500_anti-correlated_seed8.pcf: ok (3 rows)
[250/300] binary_n500_anti-correlated_seed9.pcf: ok (3 rows)
[251/300] binary_n500_correlated_seed0.pcf: ok (3 rows)
[252/300] binary_n500_correlated_seed1.pcf: ok (3 rows)
[253/300] binary_n500_correlated_seed2.pcf: ok (3 rows)
[254/300] binary_n500_correlated_seed3.pcf: ok (3 rows)
[255/300] binary_n500_correlated_seed4.pcf: ok (3 rows)
[256/300] binary_n500_correlated_seed5.pcf: ok (3 rows)
[257/300] binary_n500_correlated_seed6.pcf: ok (3 rows)
[258/300] binary_n500_correlated_seed7.pcf: ok (3 rows)
[259/300] binary_n500_correlated_seed8.pcf: ok (3 rows)
[260/300] binary_n500_correlated_seed9.pcf: ok (3 rows)
[261/300] binary_n500_exact-ties_seed0.pcf: ok (3 rows)
[262/300] binary_n500_exact-ties_seed1.pcf: ok (3 rows)
[263/300] binary_n500_exact-ties_seed2.pcf: ok (3 rows)
[264/300] binary_n500_exact-ties_seed3.pcf: ok (3 rows)
[265/300] binary_n500_exact-ties_seed4.pcf: ok (3 rows)
[266/300] binary_n500_exact-ties_seed5.pcf: ok (3 rows)
[267/300] binary_n500_exact-ties_seed6.pcf: ok (3 rows)
[268/300] binary_n500_exact-ties_seed7.pcf: ok (3 rows)
[269/300] binary_n500_exact-ties_seed8.pcf: ok (3 rows)
[270/300] binary_n500_exact-ties_seed9.pcf: ok (3 rows)
[271/300] binary_n500_independent-positive_seed0.pcf: ok (3 rows)
[272/300] binary_n500_independent-positive_seed1.pcf: ok (3 rows)
[273/300] binary_n500_independent-positive_seed2.pcf: ok (3 rows)
[274/300] binary_n500_independent-positive_seed3.pcf: ok (3 rows)
[275/300] binary_n500_independent-positive_seed4.pcf: ok (3 rows)
[276/300] binary_n500_independent-positive_seed5.pcf: ok (3 rows)
[277/300] binary_n500_independent-positive_seed6.pcf: ok (3 rows)
[278/300] binary_n500_independent-positive_seed7.pcf: ok (3 rows)
[279/300] binary_n500_independent-positive_seed8.pcf: ok (3 rows)
[280/300] binary_n500_independent-positive_seed9.pcf: ok (3 rows)
[281/300] binary_n500_independent-signed_seed0.pcf: ok (3 rows)
[282/300] binary_n500_independent-signed_seed1.pcf: ok (3 rows)
[283/300] binary_n500_independent-signed_seed2.pcf: ok (3 rows)
[284/300] binary_n500_independent-signed_seed3.pcf: ok (3 rows)
[285/300] binary_n500_independent-signed_seed4.pcf: ok (3 rows)
[286/300] binary_n500_independent-signed_seed5.pcf: ok (3 rows)
[287/300] binary_n500_independent-signed_seed6.pcf: ok (3 rows)
[288/300] binary_n500_independent-signed_seed7.pcf: ok (3 rows)
[289/300] binary_n500_independent-signed_seed8.pcf: ok (3 rows)
[290/300] binary_n500_independent-signed_seed9.pcf: ok (3 rows)
[291/300] binary_n500_near-ties_seed0.pcf: ok (3 rows)
[292/300] binary_n500_near-ties_seed1.pcf: ok (3 rows)
[293/300] binary_n500_near-ties_seed2.pcf: ok (3 rows)
[294/300] binary_n500_near-ties_seed3.pcf: ok (3 rows)
[295/300] binary_n500_near-ties_seed4.pcf: ok (3 rows)
[296/300] binary_n500_near-ties_seed5.pcf: ok (3 rows)
[297/300] binary_n500_near-ties_seed6.pcf: ok (3 rows)
[298/300] binary_n500_near-ties_seed7.pcf: ok (3 rows)
[299/300] binary_n500_near-ties_seed8.pcf: ok (3 rows)
[300/300] binary_n500_near-ties_seed9.pcf: ok (3 rows)
wrote results/raw/campaign_d_binary_pac.csv (900 rows), results/raw/campaign_d_binary_pac.failures.csv (0 censored instances)
=== campaign_d_star :: hpac,rac (3 reps) on instances/campaign_d_star_small -> results/raw/campaign_d_star_hpac-rac.csv ===
[1/480] star_n10000_anti-correlated_seed0.pcf: ok (6 rows)
[2/480] star_n10000_anti-correlated_seed1.pcf: ok (6 rows)
[3/480] star_n10000_anti-correlated_seed2.pcf: ok (6 rows)
[4/480] star_n10000_anti-correlated_seed3.pcf: ok (6 rows)
[5/480] star_n10000_anti-correlated_seed4.pcf: ok (6 rows)
[6/480] star_n10000_anti-correlated_seed5.pcf: ok (6 rows)
[7/480] star_n10000_anti-correlated_seed6.pcf: ok (6 rows)
[8/480] star_n10000_anti-correlated_seed7.pcf: ok (6 rows)
[9/480] star_n10000_anti-correlated_seed8.pcf: ok (6 rows)
[10/480] star_n10000_anti-correlated_seed9.pcf: ok (6 rows)
[11/480] star_n10000_correlated_seed0.pcf: ok (6 rows)
[12/480] star_n10000_correlated_seed1.pcf: ok (6 rows)
[13/480] star_n10000_correlated_seed2.pcf: ok (6 rows)
[14/480] star_n10000_correlated_seed3.pcf: ok (6 rows)
[15/480] star_n10000_correlated_seed4.pcf: ok (6 rows)
[16/480] star_n10000_correlated_seed5.pcf: ok (6 rows)
[17/480] star_n10000_correlated_seed6.pcf: ok (6 rows)
[18/480] star_n10000_correlated_seed7.pcf: ok (6 rows)
[19/480] star_n10000_correlated_seed8.pcf: ok (6 rows)
[20/480] star_n10000_correlated_seed9.pcf: ok (6 rows)
[21/480] star_n10000_exact-ties_seed0.pcf: ok (6 rows)
[22/480] star_n10000_exact-ties_seed1.pcf: ok (6 rows)
[23/480] star_n10000_exact-ties_seed2.pcf: ok (6 rows)
[24/480] star_n10000_exact-ties_seed3.pcf: ok (6 rows)
[25/480] star_n10000_exact-ties_seed4.pcf: ok (6 rows)
[26/480] star_n10000_exact-ties_seed5.pcf: ok (6 rows)
[27/480] star_n10000_exact-ties_seed6.pcf: ok (6 rows)
[28/480] star_n10000_exact-ties_seed7.pcf: ok (6 rows)
[29/480] star_n10000_exact-ties_seed8.pcf: ok (6 rows)
[30/480] star_n10000_exact-ties_seed9.pcf: ok (6 rows)
[31/480] star_n10000_independent-positive_seed0.pcf: ok (6 rows)
[32/480] star_n10000_independent-positive_seed1.pcf: ok (6 rows)
[33/480] star_n10000_independent-positive_seed2.pcf: ok (6 rows)
[34/480] star_n10000_independent-positive_seed3.pcf: ok (6 rows)
[35/480] star_n10000_independent-positive_seed4.pcf: ok (6 rows)
[36/480] star_n10000_independent-positive_seed5.pcf: ok (6 rows)
[37/480] star_n10000_independent-positive_seed6.pcf: ok (6 rows)
[38/480] star_n10000_independent-positive_seed7.pcf: ok (6 rows)
[39/480] star_n10000_independent-positive_seed8.pcf: ok (6 rows)
[40/480] star_n10000_independent-positive_seed9.pcf: ok (6 rows)
[41/480] star_n10000_independent-signed_seed0.pcf: ok (6 rows)
[42/480] star_n10000_independent-signed_seed1.pcf: ok (6 rows)
[43/480] star_n10000_independent-signed_seed2.pcf: ok (6 rows)
[44/480] star_n10000_independent-signed_seed3.pcf: ok (6 rows)
[45/480] star_n10000_independent-signed_seed4.pcf: ok (6 rows)
[46/480] star_n10000_independent-signed_seed5.pcf: ok (6 rows)
[47/480] star_n10000_independent-signed_seed6.pcf: ok (6 rows)
[48/480] star_n10000_independent-signed_seed7.pcf: ok (6 rows)
[49/480] star_n10000_independent-signed_seed8.pcf: ok (6 rows)
[50/480] star_n10000_independent-signed_seed9.pcf: ok (6 rows)
[51/480] star_n10000_near-ties_seed0.pcf: ok (6 rows)
[52/480] star_n10000_near-ties_seed1.pcf: ok (6 rows)
[53/480] star_n10000_near-ties_seed2.pcf: ok (6 rows)
[54/480] star_n10000_near-ties_seed3.pcf: ok (6 rows)
[55/480] star_n10000_near-ties_seed4.pcf: ok (6 rows)
[56/480] star_n10000_near-ties_seed5.pcf: ok (6 rows)
[57/480] star_n10000_near-ties_seed6.pcf: ok (6 rows)
[58/480] star_n10000_near-ties_seed7.pcf: ok (6 rows)
[59/480] star_n10000_near-ties_seed8.pcf: ok (6 rows)
[60/480] star_n10000_near-ties_seed9.pcf: ok (6 rows)
[61/480] star_n1000_anti-correlated_seed0.pcf: ok (6 rows)
[62/480] star_n1000_anti-correlated_seed1.pcf: ok (6 rows)
[63/480] star_n1000_anti-correlated_seed2.pcf: ok (6 rows)
[64/480] star_n1000_anti-correlated_seed3.pcf: ok (6 rows)
[65/480] star_n1000_anti-correlated_seed4.pcf: ok (6 rows)
[66/480] star_n1000_anti-correlated_seed5.pcf: ok (6 rows)
[67/480] star_n1000_anti-correlated_seed6.pcf: ok (6 rows)
[68/480] star_n1000_anti-correlated_seed7.pcf: ok (6 rows)
[69/480] star_n1000_anti-correlated_seed8.pcf: ok (6 rows)
[70/480] star_n1000_anti-correlated_seed9.pcf: ok (6 rows)
[71/480] star_n1000_correlated_seed0.pcf: ok (6 rows)
[72/480] star_n1000_correlated_seed1.pcf: ok (6 rows)
[73/480] star_n1000_correlated_seed2.pcf: ok (6 rows)
[74/480] star_n1000_correlated_seed3.pcf: ok (6 rows)
[75/480] star_n1000_correlated_seed4.pcf: ok (6 rows)
[76/480] star_n1000_correlated_seed5.pcf: ok (6 rows)
[77/480] star_n1000_correlated_seed6.pcf: ok (6 rows)
[78/480] star_n1000_correlated_seed7.pcf: ok (6 rows)
[79/480] star_n1000_correlated_seed8.pcf: ok (6 rows)
[80/480] star_n1000_correlated_seed9.pcf: ok (6 rows)
[81/480] star_n1000_exact-ties_seed0.pcf: ok (6 rows)
[82/480] star_n1000_exact-ties_seed1.pcf: ok (6 rows)
[83/480] star_n1000_exact-ties_seed2.pcf: ok (6 rows)
[84/480] star_n1000_exact-ties_seed3.pcf: ok (6 rows)
[85/480] star_n1000_exact-ties_seed4.pcf: ok (6 rows)
[86/480] star_n1000_exact-ties_seed5.pcf: ok (6 rows)
[87/480] star_n1000_exact-ties_seed6.pcf: ok (6 rows)
[88/480] star_n1000_exact-ties_seed7.pcf: ok (6 rows)
[89/480] star_n1000_exact-ties_seed8.pcf: ok (6 rows)
[90/480] star_n1000_exact-ties_seed9.pcf: ok (6 rows)
[91/480] star_n1000_independent-positive_seed0.pcf: ok (6 rows)
[92/480] star_n1000_independent-positive_seed1.pcf: ok (6 rows)
[93/480] star_n1000_independent-positive_seed2.pcf: ok (6 rows)
[94/480] star_n1000_independent-positive_seed3.pcf: ok (6 rows)
[95/480] star_n1000_independent-positive_seed4.pcf: ok (6 rows)
[96/480] star_n1000_independent-positive_seed5.pcf: ok (6 rows)
[97/480] star_n1000_independent-positive_seed6.pcf: ok (6 rows)
[98/480] star_n1000_independent-positive_seed7.pcf: ok (6 rows)
[99/480] star_n1000_independent-positive_seed8.pcf: ok (6 rows)
[100/480] star_n1000_independent-positive_seed9.pcf: ok (6 rows)
[101/480] star_n1000_independent-signed_seed0.pcf: ok (6 rows)
[102/480] star_n1000_independent-signed_seed1.pcf: ok (6 rows)
[103/480] star_n1000_independent-signed_seed2.pcf: ok (6 rows)
[104/480] star_n1000_independent-signed_seed3.pcf: ok (6 rows)
[105/480] star_n1000_independent-signed_seed4.pcf: ok (6 rows)
[106/480] star_n1000_independent-signed_seed5.pcf: ok (6 rows)
[107/480] star_n1000_independent-signed_seed6.pcf: ok (6 rows)
[108/480] star_n1000_independent-signed_seed7.pcf: ok (6 rows)
[109/480] star_n1000_independent-signed_seed8.pcf: ok (6 rows)
[110/480] star_n1000_independent-signed_seed9.pcf: ok (6 rows)
[111/480] star_n1000_near-ties_seed0.pcf: ok (6 rows)
[112/480] star_n1000_near-ties_seed1.pcf: ok (6 rows)
[113/480] star_n1000_near-ties_seed2.pcf: ok (6 rows)
[114/480] star_n1000_near-ties_seed3.pcf: ok (6 rows)
[115/480] star_n1000_near-ties_seed4.pcf: ok (6 rows)
[116/480] star_n1000_near-ties_seed5.pcf: ok (6 rows)
[117/480] star_n1000_near-ties_seed6.pcf: ok (6 rows)
[118/480] star_n1000_near-ties_seed7.pcf: ok (6 rows)
[119/480] star_n1000_near-ties_seed8.pcf: ok (6 rows)
[120/480] star_n1000_near-ties_seed9.pcf: ok (6 rows)
[121/480] star_n100_anti-correlated_seed0.pcf: ok (6 rows)
[122/480] star_n100_anti-correlated_seed1.pcf: ok (6 rows)
[123/480] star_n100_anti-correlated_seed2.pcf: ok (6 rows)
[124/480] star_n100_anti-correlated_seed3.pcf: ok (6 rows)
[125/480] star_n100_anti-correlated_seed4.pcf: ok (6 rows)
[126/480] star_n100_anti-correlated_seed5.pcf: ok (6 rows)
[127/480] star_n100_anti-correlated_seed6.pcf: ok (6 rows)
[128/480] star_n100_anti-correlated_seed7.pcf: ok (6 rows)
[129/480] star_n100_anti-correlated_seed8.pcf: ok (6 rows)
[130/480] star_n100_anti-correlated_seed9.pcf: ok (6 rows)
[131/480] star_n100_correlated_seed0.pcf: ok (6 rows)
[132/480] star_n100_correlated_seed1.pcf: ok (6 rows)
[133/480] star_n100_correlated_seed2.pcf: ok (6 rows)
[134/480] star_n100_correlated_seed3.pcf: ok (6 rows)
[135/480] star_n100_correlated_seed4.pcf: ok (6 rows)
[136/480] star_n100_correlated_seed5.pcf: ok (6 rows)
[137/480] star_n100_correlated_seed6.pcf: ok (6 rows)
[138/480] star_n100_correlated_seed7.pcf: ok (6 rows)
[139/480] star_n100_correlated_seed8.pcf: ok (6 rows)
[140/480] star_n100_correlated_seed9.pcf: ok (6 rows)
[141/480] star_n100_exact-ties_seed0.pcf: ok (6 rows)
[142/480] star_n100_exact-ties_seed1.pcf: ok (6 rows)
[143/480] star_n100_exact-ties_seed2.pcf: ok (6 rows)
[144/480] star_n100_exact-ties_seed3.pcf: ok (6 rows)
[145/480] star_n100_exact-ties_seed4.pcf: ok (6 rows)
[146/480] star_n100_exact-ties_seed5.pcf: ok (6 rows)
[147/480] star_n100_exact-ties_seed6.pcf: ok (6 rows)
[148/480] star_n100_exact-ties_seed7.pcf: ok (6 rows)
[149/480] star_n100_exact-ties_seed8.pcf: ok (6 rows)
[150/480] star_n100_exact-ties_seed9.pcf: ok (6 rows)
[151/480] star_n100_independent-positive_seed0.pcf: ok (6 rows)
[152/480] star_n100_independent-positive_seed1.pcf: ok (6 rows)
[153/480] star_n100_independent-positive_seed2.pcf: ok (6 rows)
[154/480] star_n100_independent-positive_seed3.pcf: ok (6 rows)
[155/480] star_n100_independent-positive_seed4.pcf: ok (6 rows)
[156/480] star_n100_independent-positive_seed5.pcf: ok (6 rows)
[157/480] star_n100_independent-positive_seed6.pcf: ok (6 rows)
[158/480] star_n100_independent-positive_seed7.pcf: ok (6 rows)
[159/480] star_n100_independent-positive_seed8.pcf: ok (6 rows)
[160/480] star_n100_independent-positive_seed9.pcf: ok (6 rows)
[161/480] star_n100_independent-signed_seed0.pcf: ok (6 rows)
[162/480] star_n100_independent-signed_seed1.pcf: ok (6 rows)
[163/480] star_n100_independent-signed_seed2.pcf: ok (6 rows)
[164/480] star_n100_independent-signed_seed3.pcf: ok (6 rows)
[165/480] star_n100_independent-signed_seed4.pcf: ok (6 rows)
[166/480] star_n100_independent-signed_seed5.pcf: ok (6 rows)
[167/480] star_n100_independent-signed_seed6.pcf: ok (6 rows)
[168/480] star_n100_independent-signed_seed7.pcf: ok (6 rows)
[169/480] star_n100_independent-signed_seed8.pcf: ok (6 rows)
[170/480] star_n100_independent-signed_seed9.pcf: ok (6 rows)
[171/480] star_n100_near-ties_seed0.pcf: ok (6 rows)
[172/480] star_n100_near-ties_seed1.pcf: ok (6 rows)
[173/480] star_n100_near-ties_seed2.pcf: ok (6 rows)
[174/480] star_n100_near-ties_seed3.pcf: ok (6 rows)
[175/480] star_n100_near-ties_seed4.pcf: ok (6 rows)
[176/480] star_n100_near-ties_seed5.pcf: ok (6 rows)
[177/480] star_n100_near-ties_seed6.pcf: ok (6 rows)
[178/480] star_n100_near-ties_seed7.pcf: ok (6 rows)
[179/480] star_n100_near-ties_seed8.pcf: ok (6 rows)
[180/480] star_n100_near-ties_seed9.pcf: ok (6 rows)
[181/480] star_n20000_anti-correlated_seed0.pcf: ok (6 rows)
[182/480] star_n20000_anti-correlated_seed1.pcf: ok (6 rows)
[183/480] star_n20000_anti-correlated_seed2.pcf: ok (6 rows)
[184/480] star_n20000_anti-correlated_seed3.pcf: ok (6 rows)
[185/480] star_n20000_anti-correlated_seed4.pcf: ok (6 rows)
[186/480] star_n20000_anti-correlated_seed5.pcf: ok (6 rows)
[187/480] star_n20000_anti-correlated_seed6.pcf: ok (6 rows)
[188/480] star_n20000_anti-correlated_seed7.pcf: ok (6 rows)
[189/480] star_n20000_anti-correlated_seed8.pcf: ok (6 rows)
[190/480] star_n20000_anti-correlated_seed9.pcf: ok (6 rows)
[191/480] star_n20000_correlated_seed0.pcf: ok (6 rows)
[192/480] star_n20000_correlated_seed1.pcf: ok (6 rows)
[193/480] star_n20000_correlated_seed2.pcf: ok (6 rows)
[194/480] star_n20000_correlated_seed3.pcf: ok (6 rows)
[195/480] star_n20000_correlated_seed4.pcf: ok (6 rows)
[196/480] star_n20000_correlated_seed5.pcf: ok (6 rows)
[197/480] star_n20000_correlated_seed6.pcf: ok (6 rows)
[198/480] star_n20000_correlated_seed7.pcf: ok (6 rows)
[199/480] star_n20000_correlated_seed8.pcf: ok (6 rows)
[200/480] star_n20000_correlated_seed9.pcf: ok (6 rows)
[201/480] star_n20000_exact-ties_seed0.pcf: ok (6 rows)
[202/480] star_n20000_exact-ties_seed1.pcf: ok (6 rows)
[203/480] star_n20000_exact-ties_seed2.pcf: ok (6 rows)
[204/480] star_n20000_exact-ties_seed3.pcf: ok (6 rows)
[205/480] star_n20000_exact-ties_seed4.pcf: ok (6 rows)
[206/480] star_n20000_exact-ties_seed5.pcf: ok (6 rows)
[207/480] star_n20000_exact-ties_seed6.pcf: ok (6 rows)
[208/480] star_n20000_exact-ties_seed7.pcf: ok (6 rows)
[209/480] star_n20000_exact-ties_seed8.pcf: ok (6 rows)
[210/480] star_n20000_exact-ties_seed9.pcf: ok (6 rows)
[211/480] star_n20000_independent-positive_seed0.pcf: ok (6 rows)
[212/480] star_n20000_independent-positive_seed1.pcf: ok (6 rows)
[213/480] star_n20000_independent-positive_seed2.pcf: ok (6 rows)
[214/480] star_n20000_independent-positive_seed3.pcf: ok (6 rows)
[215/480] star_n20000_independent-positive_seed4.pcf: ok (6 rows)
[216/480] star_n20000_independent-positive_seed5.pcf: ok (6 rows)
[217/480] star_n20000_independent-positive_seed6.pcf: ok (6 rows)
[218/480] star_n20000_independent-positive_seed7.pcf: ok (6 rows)
[219/480] star_n20000_independent-positive_seed8.pcf: ok (6 rows)
[220/480] star_n20000_independent-positive_seed9.pcf: ok (6 rows)
[221/480] star_n20000_independent-signed_seed0.pcf: ok (6 rows)
[222/480] star_n20000_independent-signed_seed1.pcf: ok (6 rows)
[223/480] star_n20000_independent-signed_seed2.pcf: ok (6 rows)
[224/480] star_n20000_independent-signed_seed3.pcf: ok (6 rows)
[225/480] star_n20000_independent-signed_seed4.pcf: ok (6 rows)
[226/480] star_n20000_independent-signed_seed5.pcf: ok (6 rows)
[227/480] star_n20000_independent-signed_seed6.pcf: ok (6 rows)
[228/480] star_n20000_independent-signed_seed7.pcf: ok (6 rows)
[229/480] star_n20000_independent-signed_seed8.pcf: ok (6 rows)
[230/480] star_n20000_independent-signed_seed9.pcf: ok (6 rows)
[231/480] star_n20000_near-ties_seed0.pcf: ok (6 rows)
[232/480] star_n20000_near-ties_seed1.pcf: ok (6 rows)
[233/480] star_n20000_near-ties_seed2.pcf: ok (6 rows)
[234/480] star_n20000_near-ties_seed3.pcf: ok (6 rows)
[235/480] star_n20000_near-ties_seed4.pcf: ok (6 rows)
[236/480] star_n20000_near-ties_seed5.pcf: ok (6 rows)
[237/480] star_n20000_near-ties_seed6.pcf: ok (6 rows)
[238/480] star_n20000_near-ties_seed7.pcf: ok (6 rows)
[239/480] star_n20000_near-ties_seed8.pcf: ok (6 rows)
[240/480] star_n20000_near-ties_seed9.pcf: ok (6 rows)
[241/480] star_n2000_anti-correlated_seed0.pcf: ok (6 rows)
[242/480] star_n2000_anti-correlated_seed1.pcf: ok (6 rows)
[243/480] star_n2000_anti-correlated_seed2.pcf: ok (6 rows)
[244/480] star_n2000_anti-correlated_seed3.pcf: ok (6 rows)
[245/480] star_n2000_anti-correlated_seed4.pcf: ok (6 rows)
[246/480] star_n2000_anti-correlated_seed5.pcf: ok (6 rows)
[247/480] star_n2000_anti-correlated_seed6.pcf: ok (6 rows)
[248/480] star_n2000_anti-correlated_seed7.pcf: ok (6 rows)
[249/480] star_n2000_anti-correlated_seed8.pcf: ok (6 rows)
[250/480] star_n2000_anti-correlated_seed9.pcf: ok (6 rows)
[251/480] star_n2000_correlated_seed0.pcf: ok (6 rows)
[252/480] star_n2000_correlated_seed1.pcf: ok (6 rows)
[253/480] star_n2000_correlated_seed2.pcf: ok (6 rows)
[254/480] star_n2000_correlated_seed3.pcf: ok (6 rows)
[255/480] star_n2000_correlated_seed4.pcf: ok (6 rows)
[256/480] star_n2000_correlated_seed5.pcf: ok (6 rows)
[257/480] star_n2000_correlated_seed6.pcf: ok (6 rows)
[258/480] star_n2000_correlated_seed7.pcf: ok (6 rows)
[259/480] star_n2000_correlated_seed8.pcf: ok (6 rows)
[260/480] star_n2000_correlated_seed9.pcf: ok (6 rows)
[261/480] star_n2000_exact-ties_seed0.pcf: ok (6 rows)
[262/480] star_n2000_exact-ties_seed1.pcf: ok (6 rows)
[263/480] star_n2000_exact-ties_seed2.pcf: ok (6 rows)
[264/480] star_n2000_exact-ties_seed3.pcf: ok (6 rows)
[265/480] star_n2000_exact-ties_seed4.pcf: ok (6 rows)
[266/480] star_n2000_exact-ties_seed5.pcf: ok (6 rows)
[267/480] star_n2000_exact-ties_seed6.pcf: ok (6 rows)
[268/480] star_n2000_exact-ties_seed7.pcf: ok (6 rows)
[269/480] star_n2000_exact-ties_seed8.pcf: ok (6 rows)
[270/480] star_n2000_exact-ties_seed9.pcf: ok (6 rows)
[271/480] star_n2000_independent-positive_seed0.pcf: ok (6 rows)
[272/480] star_n2000_independent-positive_seed1.pcf: ok (6 rows)
[273/480] star_n2000_independent-positive_seed2.pcf: ok (6 rows)
[274/480] star_n2000_independent-positive_seed3.pcf: ok (6 rows)
[275/480] star_n2000_independent-positive_seed4.pcf: ok (6 rows)
[276/480] star_n2000_independent-positive_seed5.pcf: ok (6 rows)
[277/480] star_n2000_independent-positive_seed6.pcf: ok (6 rows)
[278/480] star_n2000_independent-positive_seed7.pcf: ok (6 rows)
[279/480] star_n2000_independent-positive_seed8.pcf: ok (6 rows)
[280/480] star_n2000_independent-positive_seed9.pcf: ok (6 rows)
[281/480] star_n2000_independent-signed_seed0.pcf: ok (6 rows)
[282/480] star_n2000_independent-signed_seed1.pcf: ok (6 rows)
[283/480] star_n2000_independent-signed_seed2.pcf: ok (6 rows)
[284/480] star_n2000_independent-signed_seed3.pcf: ok (6 rows)
[285/480] star_n2000_independent-signed_seed4.pcf: ok (6 rows)
[286/480] star_n2000_independent-signed_seed5.pcf: ok (6 rows)
[287/480] star_n2000_independent-signed_seed6.pcf: ok (6 rows)
[288/480] star_n2000_independent-signed_seed7.pcf: ok (6 rows)
[289/480] star_n2000_independent-signed_seed8.pcf: ok (6 rows)
[290/480] star_n2000_independent-signed_seed9.pcf: ok (6 rows)
[291/480] star_n2000_near-ties_seed0.pcf: ok (6 rows)
[292/480] star_n2000_near-ties_seed1.pcf: ok (6 rows)
[293/480] star_n2000_near-ties_seed2.pcf: ok (6 rows)
[294/480] star_n2000_near-ties_seed3.pcf: ok (6 rows)
[295/480] star_n2000_near-ties_seed4.pcf: ok (6 rows)
[296/480] star_n2000_near-ties_seed5.pcf: ok (6 rows)
[297/480] star_n2000_near-ties_seed6.pcf: ok (6 rows)
[298/480] star_n2000_near-ties_seed7.pcf: ok (6 rows)
[299/480] star_n2000_near-ties_seed8.pcf: ok (6 rows)
[300/480] star_n2000_near-ties_seed9.pcf: ok (6 rows)
[301/480] star_n200_anti-correlated_seed0.pcf: ok (6 rows)
[302/480] star_n200_anti-correlated_seed1.pcf: ok (6 rows)
[303/480] star_n200_anti-correlated_seed2.pcf: ok (6 rows)
[304/480] star_n200_anti-correlated_seed3.pcf: ok (6 rows)
[305/480] star_n200_anti-correlated_seed4.pcf: ok (6 rows)
[306/480] star_n200_anti-correlated_seed5.pcf: ok (6 rows)
[307/480] star_n200_anti-correlated_seed6.pcf: ok (6 rows)
[308/480] star_n200_anti-correlated_seed7.pcf: ok (6 rows)
[309/480] star_n200_anti-correlated_seed8.pcf: ok (6 rows)
[310/480] star_n200_anti-correlated_seed9.pcf: ok (6 rows)
[311/480] star_n200_correlated_seed0.pcf: ok (6 rows)
[312/480] star_n200_correlated_seed1.pcf: ok (6 rows)
[313/480] star_n200_correlated_seed2.pcf: ok (6 rows)
[314/480] star_n200_correlated_seed3.pcf: ok (6 rows)
[315/480] star_n200_correlated_seed4.pcf: ok (6 rows)
[316/480] star_n200_correlated_seed5.pcf: ok (6 rows)
[317/480] star_n200_correlated_seed6.pcf: ok (6 rows)
[318/480] star_n200_correlated_seed7.pcf: ok (6 rows)
[319/480] star_n200_correlated_seed8.pcf: ok (6 rows)
[320/480] star_n200_correlated_seed9.pcf: ok (6 rows)
[321/480] star_n200_exact-ties_seed0.pcf: ok (6 rows)
[322/480] star_n200_exact-ties_seed1.pcf: ok (6 rows)
[323/480] star_n200_exact-ties_seed2.pcf: ok (6 rows)
[324/480] star_n200_exact-ties_seed3.pcf: ok (6 rows)
[325/480] star_n200_exact-ties_seed4.pcf: ok (6 rows)
[326/480] star_n200_exact-ties_seed5.pcf: ok (6 rows)
[327/480] star_n200_exact-ties_seed6.pcf: ok (6 rows)
[328/480] star_n200_exact-ties_seed7.pcf: ok (6 rows)
[329/480] star_n200_exact-ties_seed8.pcf: ok (6 rows)
[330/480] star_n200_exact-ties_seed9.pcf: ok (6 rows)
[331/480] star_n200_independent-positive_seed0.pcf: ok (6 rows)
[332/480] star_n200_independent-positive_seed1.pcf: ok (6 rows)
[333/480] star_n200_independent-positive_seed2.pcf: ok (6 rows)
[334/480] star_n200_independent-positive_seed3.pcf: ok (6 rows)
[335/480] star_n200_independent-positive_seed4.pcf: ok (6 rows)
[336/480] star_n200_independent-positive_seed5.pcf: ok (6 rows)
[337/480] star_n200_independent-positive_seed6.pcf: ok (6 rows)
[338/480] star_n200_independent-positive_seed7.pcf: ok (6 rows)
[339/480] star_n200_independent-positive_seed8.pcf: ok (6 rows)
[340/480] star_n200_independent-positive_seed9.pcf: ok (6 rows)
[341/480] star_n200_independent-signed_seed0.pcf: ok (6 rows)
[342/480] star_n200_independent-signed_seed1.pcf: ok (6 rows)
[343/480] star_n200_independent-signed_seed2.pcf: ok (6 rows)
[344/480] star_n200_independent-signed_seed3.pcf: ok (6 rows)
[345/480] star_n200_independent-signed_seed4.pcf: ok (6 rows)
[346/480] star_n200_independent-signed_seed5.pcf: ok (6 rows)
[347/480] star_n200_independent-signed_seed6.pcf: ok (6 rows)
[348/480] star_n200_independent-signed_seed7.pcf: ok (6 rows)
[349/480] star_n200_independent-signed_seed8.pcf: ok (6 rows)
[350/480] star_n200_independent-signed_seed9.pcf: ok (6 rows)
[351/480] star_n200_near-ties_seed0.pcf: ok (6 rows)
[352/480] star_n200_near-ties_seed1.pcf: ok (6 rows)
[353/480] star_n200_near-ties_seed2.pcf: ok (6 rows)
[354/480] star_n200_near-ties_seed3.pcf: ok (6 rows)
[355/480] star_n200_near-ties_seed4.pcf: ok (6 rows)
[356/480] star_n200_near-ties_seed5.pcf: ok (6 rows)
[357/480] star_n200_near-ties_seed6.pcf: ok (6 rows)
[358/480] star_n200_near-ties_seed7.pcf: ok (6 rows)
[359/480] star_n200_near-ties_seed8.pcf: ok (6 rows)
[360/480] star_n200_near-ties_seed9.pcf: ok (6 rows)
[361/480] star_n5000_anti-correlated_seed0.pcf: ok (6 rows)
[362/480] star_n5000_anti-correlated_seed1.pcf: ok (6 rows)
[363/480] star_n5000_anti-correlated_seed2.pcf: ok (6 rows)
[364/480] star_n5000_anti-correlated_seed3.pcf: ok (6 rows)
[365/480] star_n5000_anti-correlated_seed4.pcf: ok (6 rows)
[366/480] star_n5000_anti-correlated_seed5.pcf: ok (6 rows)
[367/480] star_n5000_anti-correlated_seed6.pcf: ok (6 rows)
[368/480] star_n5000_anti-correlated_seed7.pcf: ok (6 rows)
[369/480] star_n5000_anti-correlated_seed8.pcf: ok (6 rows)
[370/480] star_n5000_anti-correlated_seed9.pcf: ok (6 rows)
[371/480] star_n5000_correlated_seed0.pcf: ok (6 rows)
[372/480] star_n5000_correlated_seed1.pcf: ok (6 rows)
[373/480] star_n5000_correlated_seed2.pcf: ok (6 rows)
[374/480] star_n5000_correlated_seed3.pcf: ok (6 rows)
[375/480] star_n5000_correlated_seed4.pcf: ok (6 rows)
[376/480] star_n5000_correlated_seed5.pcf: ok (6 rows)
[377/480] star_n5000_correlated_seed6.pcf: ok (6 rows)
[378/480] star_n5000_correlated_seed7.pcf: ok (6 rows)
[379/480] star_n5000_correlated_seed8.pcf: ok (6 rows)
[380/480] star_n5000_correlated_seed9.pcf: ok (6 rows)
[381/480] star_n5000_exact-ties_seed0.pcf: ok (6 rows)
[382/480] star_n5000_exact-ties_seed1.pcf: ok (6 rows)
[383/480] star_n5000_exact-ties_seed2.pcf: ok (6 rows)
[384/480] star_n5000_exact-ties_seed3.pcf: ok (6 rows)
[385/480] star_n5000_exact-ties_seed4.pcf: ok (6 rows)
[386/480] star_n5000_exact-ties_seed5.pcf: ok (6 rows)
[387/480] star_n5000_exact-ties_seed6.pcf: ok (6 rows)
[388/480] star_n5000_exact-ties_seed7.pcf: ok (6 rows)
[389/480] star_n5000_exact-ties_seed8.pcf: ok (6 rows)
[390/480] star_n5000_exact-ties_seed9.pcf: ok (6 rows)
[391/480] star_n5000_independent-positive_seed0.pcf: ok (6 rows)
[392/480] star_n5000_independent-positive_seed1.pcf: ok (6 rows)
[393/480] star_n5000_independent-positive_seed2.pcf: ok (6 rows)
[394/480] star_n5000_independent-positive_seed3.pcf: ok (6 rows)
[395/480] star_n5000_independent-positive_seed4.pcf: ok (6 rows)
[396/480] star_n5000_independent-positive_seed5.pcf: ok (6 rows)
[397/480] star_n5000_independent-positive_seed6.pcf: ok (6 rows)
[398/480] star_n5000_independent-positive_seed7.pcf: ok (6 rows)
[399/480] star_n5000_independent-positive_seed8.pcf: ok (6 rows)
[400/480] star_n5000_independent-positive_seed9.pcf: ok (6 rows)
[401/480] star_n5000_independent-signed_seed0.pcf: ok (6 rows)
[402/480] star_n5000_independent-signed_seed1.pcf: ok (6 rows)
[403/480] star_n5000_independent-signed_seed2.pcf: ok (6 rows)
[404/480] star_n5000_independent-signed_seed3.pcf: ok (6 rows)
[405/480] star_n5000_independent-signed_seed4.pcf: ok (6 rows)
[406/480] star_n5000_independent-signed_seed5.pcf: ok (6 rows)
[407/480] star_n5000_independent-signed_seed6.pcf: ok (6 rows)
[408/480] star_n5000_independent-signed_seed7.pcf: ok (6 rows)
[409/480] star_n5000_independent-signed_seed8.pcf: ok (6 rows)
[410/480] star_n5000_independent-signed_seed9.pcf: ok (6 rows)
[411/480] star_n5000_near-ties_seed0.pcf: ok (6 rows)
[412/480] star_n5000_near-ties_seed1.pcf: ok (6 rows)
[413/480] star_n5000_near-ties_seed2.pcf: ok (6 rows)
[414/480] star_n5000_near-ties_seed3.pcf: ok (6 rows)
[415/480] star_n5000_near-ties_seed4.pcf: ok (6 rows)
[416/480] star_n5000_near-ties_seed5.pcf: ok (6 rows)
[417/480] star_n5000_near-ties_seed6.pcf: ok (6 rows)
[418/480] star_n5000_near-ties_seed7.pcf: ok (6 rows)
[419/480] star_n5000_near-ties_seed8.pcf: ok (6 rows)
[420/480] star_n5000_near-ties_seed9.pcf: ok (6 rows)
[421/480] star_n500_anti-correlated_seed0.pcf: ok (6 rows)
[422/480] star_n500_anti-correlated_seed1.pcf: ok (6 rows)
[423/480] star_n500_anti-correlated_seed2.pcf: ok (6 rows)
[424/480] star_n500_anti-correlated_seed3.pcf: ok (6 rows)
[425/480] star_n500_anti-correlated_seed4.pcf: ok (6 rows)
[426/480] star_n500_anti-correlated_seed5.pcf: ok (6 rows)
[427/480] star_n500_anti-correlated_seed6.pcf: ok (6 rows)
[428/480] star_n500_anti-correlated_seed7.pcf: ok (6 rows)
[429/480] star_n500_anti-correlated_seed8.pcf: ok (6 rows)
[430/480] star_n500_anti-correlated_seed9.pcf: ok (6 rows)
[431/480] star_n500_correlated_seed0.pcf: ok (6 rows)
[432/480] star_n500_correlated_seed1.pcf: ok (6 rows)
[433/480] star_n500_correlated_seed2.pcf: ok (6 rows)
[434/480] star_n500_correlated_seed3.pcf: ok (6 rows)
[435/480] star_n500_correlated_seed4.pcf: ok (6 rows)
[436/480] star_n500_correlated_seed5.pcf: ok (6 rows)
[437/480] star_n500_correlated_seed6.pcf: ok (6 rows)
[438/480] star_n500_correlated_seed7.pcf: ok (6 rows)
[439/480] star_n500_correlated_seed8.pcf: ok (6 rows)
[440/480] star_n500_correlated_seed9.pcf: ok (6 rows)
[441/480] star_n500_exact-ties_seed0.pcf: ok (6 rows)
[442/480] star_n500_exact-ties_seed1.pcf: ok (6 rows)
[443/480] star_n500_exact-ties_seed2.pcf: ok (6 rows)
[444/480] star_n500_exact-ties_seed3.pcf: ok (6 rows)
[445/480] star_n500_exact-ties_seed4.pcf: ok (6 rows)
[446/480] star_n500_exact-ties_seed5.pcf: ok (6 rows)
[447/480] star_n500_exact-ties_seed6.pcf: ok (6 rows)
[448/480] star_n500_exact-ties_seed7.pcf: ok (6 rows)
[449/480] star_n500_exact-ties_seed8.pcf: ok (6 rows)
[450/480] star_n500_exact-ties_seed9.pcf: ok (6 rows)
[451/480] star_n500_independent-positive_seed0.pcf: ok (6 rows)
[452/480] star_n500_independent-positive_seed1.pcf: ok (6 rows)
[453/480] star_n500_independent-positive_seed2.pcf: ok (6 rows)
[454/480] star_n500_independent-positive_seed3.pcf: ok (6 rows)
[455/480] star_n500_independent-positive_seed4.pcf: ok (6 rows)
[456/480] star_n500_independent-positive_seed5.pcf: ok (6 rows)
[457/480] star_n500_independent-positive_seed6.pcf: ok (6 rows)
[458/480] star_n500_independent-positive_seed7.pcf: ok (6 rows)
[459/480] star_n500_independent-positive_seed8.pcf: ok (6 rows)
[460/480] star_n500_independent-positive_seed9.pcf: ok (6 rows)
[461/480] star_n500_independent-signed_seed0.pcf: ok (6 rows)
[462/480] star_n500_independent-signed_seed1.pcf: ok (6 rows)
[463/480] star_n500_independent-signed_seed2.pcf: ok (6 rows)
[464/480] star_n500_independent-signed_seed3.pcf: ok (6 rows)
[465/480] star_n500_independent-signed_seed4.pcf: ok (6 rows)
[466/480] star_n500_independent-signed_seed5.pcf: ok (6 rows)
[467/480] star_n500_independent-signed_seed6.pcf: ok (6 rows)
[468/480] star_n500_independent-signed_seed7.pcf: ok (6 rows)
[469/480] star_n500_independent-signed_seed8.pcf: ok (6 rows)
[470/480] star_n500_independent-signed_seed9.pcf: ok (6 rows)
[471/480] star_n500_near-ties_seed0.pcf: ok (6 rows)
[472/480] star_n500_near-ties_seed1.pcf: ok (6 rows)
[473/480] star_n500_near-ties_seed2.pcf: ok (6 rows)
[474/480] star_n500_near-ties_seed3.pcf: ok (6 rows)
[475/480] star_n500_near-ties_seed4.pcf: ok (6 rows)
[476/480] star_n500_near-ties_seed5.pcf: ok (6 rows)
[477/480] star_n500_near-ties_seed6.pcf: ok (6 rows)
[478/480] star_n500_near-ties_seed7.pcf: ok (6 rows)
[479/480] star_n500_near-ties_seed8.pcf: ok (6 rows)
[480/480] star_n500_near-ties_seed9.pcf: ok (6 rows)
wrote results/raw/campaign_d_star_hpac-rac.csv (2880 rows), results/raw/campaign_d_star_hpac-rac.failures.csv (0 censored instances)
=== campaign_d_star :: rac (3 reps) on instances/campaign_d_star_large_only -> results/raw/campaign_d_star_rac.csv ===
[1/120] star_n100000_anti-correlated_seed0.pcf: ok (3 rows)
[2/120] star_n100000_anti-correlated_seed1.pcf: ok (3 rows)
[3/120] star_n100000_anti-correlated_seed2.pcf: ok (3 rows)
[4/120] star_n100000_anti-correlated_seed3.pcf: ok (3 rows)
[5/120] star_n100000_anti-correlated_seed4.pcf: ok (3 rows)
[6/120] star_n100000_anti-correlated_seed5.pcf: ok (3 rows)
[7/120] star_n100000_anti-correlated_seed6.pcf: ok (3 rows)
[8/120] star_n100000_anti-correlated_seed7.pcf: ok (3 rows)
[9/120] star_n100000_anti-correlated_seed8.pcf: ok (3 rows)
[10/120] star_n100000_anti-correlated_seed9.pcf: ok (3 rows)
[11/120] star_n100000_correlated_seed0.pcf: ok (3 rows)
[12/120] star_n100000_correlated_seed1.pcf: ok (3 rows)
[13/120] star_n100000_correlated_seed2.pcf: ok (3 rows)
[14/120] star_n100000_correlated_seed3.pcf: ok (3 rows)
[15/120] star_n100000_correlated_seed4.pcf: ok (3 rows)
[16/120] star_n100000_correlated_seed5.pcf: ok (3 rows)
[17/120] star_n100000_correlated_seed6.pcf: ok (3 rows)
[18/120] star_n100000_correlated_seed7.pcf: ok (3 rows)
[19/120] star_n100000_correlated_seed8.pcf: ok (3 rows)
[20/120] star_n100000_correlated_seed9.pcf: ok (3 rows)
[21/120] star_n100000_exact-ties_seed0.pcf: ok (3 rows)
[22/120] star_n100000_exact-ties_seed1.pcf: ok (3 rows)
[23/120] star_n100000_exact-ties_seed2.pcf: ok (3 rows)
[24/120] star_n100000_exact-ties_seed3.pcf: ok (3 rows)
[25/120] star_n100000_exact-ties_seed4.pcf: ok (3 rows)
[26/120] star_n100000_exact-ties_seed5.pcf: ok (3 rows)
[27/120] star_n100000_exact-ties_seed6.pcf: ok (3 rows)
[28/120] star_n100000_exact-ties_seed7.pcf: ok (3 rows)
[29/120] star_n100000_exact-ties_seed8.pcf: ok (3 rows)
[30/120] star_n100000_exact-ties_seed9.pcf: ok (3 rows)
[31/120] star_n100000_independent-positive_seed0.pcf: ok (3 rows)
[32/120] star_n100000_independent-positive_seed1.pcf: ok (3 rows)
[33/120] star_n100000_independent-positive_seed2.pcf: ok (3 rows)
[34/120] star_n100000_independent-positive_seed3.pcf: ok (3 rows)
[35/120] star_n100000_independent-positive_seed4.pcf: ok (3 rows)
[36/120] star_n100000_independent-positive_seed5.pcf: ok (3 rows)
[37/120] star_n100000_independent-positive_seed6.pcf: ok (3 rows)
[38/120] star_n100000_independent-positive_seed7.pcf: ok (3 rows)
[39/120] star_n100000_independent-positive_seed8.pcf: ok (3 rows)
[40/120] star_n100000_independent-positive_seed9.pcf: ok (3 rows)
[41/120] star_n100000_independent-signed_seed0.pcf: ok (3 rows)
[42/120] star_n100000_independent-signed_seed1.pcf: ok (3 rows)
[43/120] star_n100000_independent-signed_seed2.pcf: ok (3 rows)
[44/120] star_n100000_independent-signed_seed3.pcf: ok (3 rows)
[45/120] star_n100000_independent-signed_seed4.pcf: ok (3 rows)
[46/120] star_n100000_independent-signed_seed5.pcf: ok (3 rows)
[47/120] star_n100000_independent-signed_seed6.pcf: ok (3 rows)
[48/120] star_n100000_independent-signed_seed7.pcf: ok (3 rows)
[49/120] star_n100000_independent-signed_seed8.pcf: ok (3 rows)
[50/120] star_n100000_independent-signed_seed9.pcf: ok (3 rows)
[51/120] star_n100000_near-ties_seed0.pcf: ok (3 rows)
[52/120] star_n100000_near-ties_seed1.pcf: ok (3 rows)
[53/120] star_n100000_near-ties_seed2.pcf: ok (3 rows)
[54/120] star_n100000_near-ties_seed3.pcf: ok (3 rows)
[55/120] star_n100000_near-ties_seed4.pcf: ok (3 rows)
[56/120] star_n100000_near-ties_seed5.pcf: ok (3 rows)
[57/120] star_n100000_near-ties_seed6.pcf: ok (3 rows)
[58/120] star_n100000_near-ties_seed7.pcf: ok (3 rows)
[59/120] star_n100000_near-ties_seed8.pcf: ok (3 rows)
[60/120] star_n100000_near-ties_seed9.pcf: ok (3 rows)
[61/120] star_n50000_anti-correlated_seed0.pcf: ok (3 rows)
[62/120] star_n50000_anti-correlated_seed1.pcf: ok (3 rows)
[63/120] star_n50000_anti-correlated_seed2.pcf: ok (3 rows)
[64/120] star_n50000_anti-correlated_seed3.pcf: ok (3 rows)
[65/120] star_n50000_anti-correlated_seed4.pcf: ok (3 rows)
[66/120] star_n50000_anti-correlated_seed5.pcf: ok (3 rows)
[67/120] star_n50000_anti-correlated_seed6.pcf: ok (3 rows)
[68/120] star_n50000_anti-correlated_seed7.pcf: ok (3 rows)
[69/120] star_n50000_anti-correlated_seed8.pcf: ok (3 rows)
[70/120] star_n50000_anti-correlated_seed9.pcf: ok (3 rows)
[71/120] star_n50000_correlated_seed0.pcf: ok (3 rows)
[72/120] star_n50000_correlated_seed1.pcf: ok (3 rows)
[73/120] star_n50000_correlated_seed2.pcf: ok (3 rows)
[74/120] star_n50000_correlated_seed3.pcf: ok (3 rows)
[75/120] star_n50000_correlated_seed4.pcf: ok (3 rows)
[76/120] star_n50000_correlated_seed5.pcf: ok (3 rows)
[77/120] star_n50000_correlated_seed6.pcf: ok (3 rows)
[78/120] star_n50000_correlated_seed7.pcf: ok (3 rows)
[79/120] star_n50000_correlated_seed8.pcf: ok (3 rows)
[80/120] star_n50000_correlated_seed9.pcf: ok (3 rows)
[81/120] star_n50000_exact-ties_seed0.pcf: ok (3 rows)
[82/120] star_n50000_exact-ties_seed1.pcf: ok (3 rows)
[83/120] star_n50000_exact-ties_seed2.pcf: ok (3 rows)
[84/120] star_n50000_exact-ties_seed3.pcf: ok (3 rows)
[85/120] star_n50000_exact-ties_seed4.pcf: ok (3 rows)
[86/120] star_n50000_exact-ties_seed5.pcf: ok (3 rows)
[87/120] star_n50000_exact-ties_seed6.pcf: ok (3 rows)
[88/120] star_n50000_exact-ties_seed7.pcf: ok (3 rows)
[89/120] star_n50000_exact-ties_seed8.pcf: ok (3 rows)
[90/120] star_n50000_exact-ties_seed9.pcf: ok (3 rows)
[91/120] star_n50000_independent-positive_seed0.pcf: ok (3 rows)
[92/120] star_n50000_independent-positive_seed1.pcf: ok (3 rows)
[93/120] star_n50000_independent-positive_seed2.pcf: ok (3 rows)
[94/120] star_n50000_independent-positive_seed3.pcf: ok (3 rows)
[95/120] star_n50000_independent-positive_seed4.pcf: ok (3 rows)
[96/120] star_n50000_independent-positive_seed5.pcf: ok (3 rows)
[97/120] star_n50000_independent-positive_seed6.pcf: ok (3 rows)
[98/120] star_n50000_independent-positive_seed7.pcf: ok (3 rows)
[99/120] star_n50000_independent-positive_seed8.pcf: ok (3 rows)
[100/120] star_n50000_independent-positive_seed9.pcf: ok (3 rows)
[101/120] star_n50000_independent-signed_seed0.pcf: ok (3 rows)
[102/120] star_n50000_independent-signed_seed1.pcf: ok (3 rows)
[103/120] star_n50000_independent-signed_seed2.pcf: ok (3 rows)
[104/120] star_n50000_independent-signed_seed3.pcf: ok (3 rows)
[105/120] star_n50000_independent-signed_seed4.pcf: ok (3 rows)
[106/120] star_n50000_independent-signed_seed5.pcf: ok (3 rows)
[107/120] star_n50000_independent-signed_seed6.pcf: ok (3 rows)
[108/120] star_n50000_independent-signed_seed7.pcf: ok (3 rows)
[109/120] star_n50000_independent-signed_seed8.pcf: ok (3 rows)
[110/120] star_n50000_independent-signed_seed9.pcf: ok (3 rows)
[111/120] star_n50000_near-ties_seed0.pcf: ok (3 rows)
[112/120] star_n50000_near-ties_seed1.pcf: ok (3 rows)
[113/120] star_n50000_near-ties_seed2.pcf: ok (3 rows)
[114/120] star_n50000_near-ties_seed3.pcf: ok (3 rows)
[115/120] star_n50000_near-ties_seed4.pcf: ok (3 rows)
[116/120] star_n50000_near-ties_seed5.pcf: ok (3 rows)
[117/120] star_n50000_near-ties_seed6.pcf: ok (3 rows)
[118/120] star_n50000_near-ties_seed7.pcf: ok (3 rows)
[119/120] star_n50000_near-ties_seed8.pcf: ok (3 rows)
[120/120] star_n50000_near-ties_seed9.pcf: ok (3 rows)
wrote results/raw/campaign_d_star_rac.csv (360 rows), results/raw/campaign_d_star_rac.failures.csv (0 censored instances)
=== campaign_d_star :: pac (3 reps) on instances/campaign_d_star -> results/raw/campaign_d_star_pac.csv ===
[1/600] star_n100000_anti-correlated_seed0.pcf: ok (3 rows)
[2/600] star_n100000_anti-correlated_seed1.pcf: ok (3 rows)
[3/600] star_n100000_anti-correlated_seed2.pcf: ok (3 rows)
[4/600] star_n100000_anti-correlated_seed3.pcf: ok (3 rows)
[5/600] star_n100000_anti-correlated_seed4.pcf: ok (3 rows)
[6/600] star_n100000_anti-correlated_seed5.pcf: ok (3 rows)
[7/600] star_n100000_anti-correlated_seed6.pcf: ok (3 rows)
[8/600] star_n100000_anti-correlated_seed7.pcf: ok (3 rows)
[9/600] star_n100000_anti-correlated_seed8.pcf: ok (3 rows)
[10/600] star_n100000_anti-correlated_seed9.pcf: ok (3 rows)
[11/600] star_n100000_correlated_seed0.pcf: ok (3 rows)
[12/600] star_n100000_correlated_seed1.pcf: ok (3 rows)
[13/600] star_n100000_correlated_seed2.pcf: ok (3 rows)
[14/600] star_n100000_correlated_seed3.pcf: ok (3 rows)
[15/600] star_n100000_correlated_seed4.pcf: ok (3 rows)
[16/600] star_n100000_correlated_seed5.pcf: ok (3 rows)
[17/600] star_n100000_correlated_seed6.pcf: ok (3 rows)
[18/600] star_n100000_correlated_seed7.pcf: ok (3 rows)
[19/600] star_n100000_correlated_seed8.pcf: ok (3 rows)
[20/600] star_n100000_correlated_seed9.pcf: ok (3 rows)
[21/600] star_n100000_exact-ties_seed0.pcf: ok (3 rows)
[22/600] star_n100000_exact-ties_seed1.pcf: ok (3 rows)
[23/600] star_n100000_exact-ties_seed2.pcf: ok (3 rows)
[24/600] star_n100000_exact-ties_seed3.pcf: ok (3 rows)
[25/600] star_n100000_exact-ties_seed4.pcf: ok (3 rows)
[26/600] star_n100000_exact-ties_seed5.pcf: ok (3 rows)
[27/600] star_n100000_exact-ties_seed6.pcf: ok (3 rows)
[28/600] star_n100000_exact-ties_seed7.pcf: ok (3 rows)
[29/600] star_n100000_exact-ties_seed8.pcf: ok (3 rows)
[30/600] star_n100000_exact-ties_seed9.pcf: ok (3 rows)
[31/600] star_n100000_independent-positive_seed0.pcf: ok (3 rows)
[32/600] star_n100000_independent-positive_seed1.pcf: ok (3 rows)
[33/600] star_n100000_independent-positive_seed2.pcf: ok (3 rows)
[34/600] star_n100000_independent-positive_seed3.pcf: ok (3 rows)
[35/600] star_n100000_independent-positive_seed4.pcf: ok (3 rows)
[36/600] star_n100000_independent-positive_seed5.pcf: ok (3 rows)
[37/600] star_n100000_independent-positive_seed6.pcf: ok (3 rows)
[38/600] star_n100000_independent-positive_seed7.pcf: ok (3 rows)
[39/600] star_n100000_independent-positive_seed8.pcf: ok (3 rows)
[40/600] star_n100000_independent-positive_seed9.pcf: ok (3 rows)
[41/600] star_n100000_independent-signed_seed0.pcf: ok (3 rows)
[42/600] star_n100000_independent-signed_seed1.pcf: ok (3 rows)
[43/600] star_n100000_independent-signed_seed2.pcf: ok (3 rows)
[44/600] star_n100000_independent-signed_seed3.pcf: ok (3 rows)
[45/600] star_n100000_independent-signed_seed4.pcf: ok (3 rows)
[46/600] star_n100000_independent-signed_seed5.pcf: ok (3 rows)
[47/600] star_n100000_independent-signed_seed6.pcf: ok (3 rows)
[48/600] star_n100000_independent-signed_seed7.pcf: ok (3 rows)
[49/600] star_n100000_independent-signed_seed8.pcf: ok (3 rows)
[50/600] star_n100000_independent-signed_seed9.pcf: ok (3 rows)
[51/600] star_n100000_near-ties_seed0.pcf: ok (3 rows)
[52/600] star_n100000_near-ties_seed1.pcf: ok (3 rows)
[53/600] star_n100000_near-ties_seed2.pcf: ok (3 rows)
[54/600] star_n100000_near-ties_seed3.pcf: ok (3 rows)
[55/600] star_n100000_near-ties_seed4.pcf: ok (3 rows)
[56/600] star_n100000_near-ties_seed5.pcf: ok (3 rows)
[57/600] star_n100000_near-ties_seed6.pcf: ok (3 rows)
[58/600] star_n100000_near-ties_seed7.pcf: ok (3 rows)
[59/600] star_n100000_near-ties_seed8.pcf: ok (3 rows)
[60/600] star_n100000_near-ties_seed9.pcf: ok (3 rows)
[61/600] star_n10000_anti-correlated_seed0.pcf: ok (3 rows)
[62/600] star_n10000_anti-correlated_seed1.pcf: ok (3 rows)
[63/600] star_n10000_anti-correlated_seed2.pcf: ok (3 rows)
[64/600] star_n10000_anti-correlated_seed3.pcf: ok (3 rows)
[65/600] star_n10000_anti-correlated_seed4.pcf: ok (3 rows)
[66/600] star_n10000_anti-correlated_seed5.pcf: ok (3 rows)
[67/600] star_n10000_anti-correlated_seed6.pcf: ok (3 rows)
[68/600] star_n10000_anti-correlated_seed7.pcf: ok (3 rows)
[69/600] star_n10000_anti-correlated_seed8.pcf: ok (3 rows)
[70/600] star_n10000_anti-correlated_seed9.pcf: ok (3 rows)
[71/600] star_n10000_correlated_seed0.pcf: ok (3 rows)
[72/600] star_n10000_correlated_seed1.pcf: ok (3 rows)
[73/600] star_n10000_correlated_seed2.pcf: ok (3 rows)
[74/600] star_n10000_correlated_seed3.pcf: ok (3 rows)
[75/600] star_n10000_correlated_seed4.pcf: ok (3 rows)
[76/600] star_n10000_correlated_seed5.pcf: ok (3 rows)
[77/600] star_n10000_correlated_seed6.pcf: ok (3 rows)
[78/600] star_n10000_correlated_seed7.pcf: ok (3 rows)
[79/600] star_n10000_correlated_seed8.pcf: ok (3 rows)
[80/600] star_n10000_correlated_seed9.pcf: ok (3 rows)
[81/600] star_n10000_exact-ties_seed0.pcf: ok (3 rows)
[82/600] star_n10000_exact-ties_seed1.pcf: ok (3 rows)
[83/600] star_n10000_exact-ties_seed2.pcf: ok (3 rows)
[84/600] star_n10000_exact-ties_seed3.pcf: ok (3 rows)
[85/600] star_n10000_exact-ties_seed4.pcf: ok (3 rows)
[86/600] star_n10000_exact-ties_seed5.pcf: ok (3 rows)
[87/600] star_n10000_exact-ties_seed6.pcf: ok (3 rows)
[88/600] star_n10000_exact-ties_seed7.pcf: ok (3 rows)
[89/600] star_n10000_exact-ties_seed8.pcf: ok (3 rows)
[90/600] star_n10000_exact-ties_seed9.pcf: ok (3 rows)
[91/600] star_n10000_independent-positive_seed0.pcf: ok (3 rows)
[92/600] star_n10000_independent-positive_seed1.pcf: ok (3 rows)
[93/600] star_n10000_independent-positive_seed2.pcf: ok (3 rows)
[94/600] star_n10000_independent-positive_seed3.pcf: ok (3 rows)
[95/600] star_n10000_independent-positive_seed4.pcf: ok (3 rows)
[96/600] star_n10000_independent-positive_seed5.pcf: ok (3 rows)
[97/600] star_n10000_independent-positive_seed6.pcf: ok (3 rows)
[98/600] star_n10000_independent-positive_seed7.pcf: ok (3 rows)
[99/600] star_n10000_independent-positive_seed8.pcf: ok (3 rows)
[100/600] star_n10000_independent-positive_seed9.pcf: ok (3 rows)
[101/600] star_n10000_independent-signed_seed0.pcf: ok (3 rows)
[102/600] star_n10000_independent-signed_seed1.pcf: ok (3 rows)
[103/600] star_n10000_independent-signed_seed2.pcf: ok (3 rows)
[104/600] star_n10000_independent-signed_seed3.pcf: ok (3 rows)
[105/600] star_n10000_independent-signed_seed4.pcf: ok (3 rows)
[106/600] star_n10000_independent-signed_seed5.pcf: ok (3 rows)
[107/600] star_n10000_independent-signed_seed6.pcf: ok (3 rows)
[108/600] star_n10000_independent-signed_seed7.pcf: ok (3 rows)
[109/600] star_n10000_independent-signed_seed8.pcf: ok (3 rows)
[110/600] star_n10000_independent-signed_seed9.pcf: ok (3 rows)
[111/600] star_n10000_near-ties_seed0.pcf: ok (3 rows)
[112/600] star_n10000_near-ties_seed1.pcf: ok (3 rows)
[113/600] star_n10000_near-ties_seed2.pcf: ok (3 rows)
[114/600] star_n10000_near-ties_seed3.pcf: ok (3 rows)
[115/600] star_n10000_near-ties_seed4.pcf: ok (3 rows)
[116/600] star_n10000_near-ties_seed5.pcf: ok (3 rows)
[117/600] star_n10000_near-ties_seed6.pcf: ok (3 rows)
[118/600] star_n10000_near-ties_seed7.pcf: ok (3 rows)
[119/600] star_n10000_near-ties_seed8.pcf: ok (3 rows)
[120/600] star_n10000_near-ties_seed9.pcf: ok (3 rows)
[121/600] star_n1000_anti-correlated_seed0.pcf: ok (3 rows)
[122/600] star_n1000_anti-correlated_seed1.pcf: ok (3 rows)
[123/600] star_n1000_anti-correlated_seed2.pcf: ok (3 rows)
[124/600] star_n1000_anti-correlated_seed3.pcf: ok (3 rows)
[125/600] star_n1000_anti-correlated_seed4.pcf: ok (3 rows)
[126/600] star_n1000_anti-correlated_seed5.pcf: ok (3 rows)
[127/600] star_n1000_anti-correlated_seed6.pcf: ok (3 rows)
[128/600] star_n1000_anti-correlated_seed7.pcf: ok (3 rows)
[129/600] star_n1000_anti-correlated_seed8.pcf: ok (3 rows)
[130/600] star_n1000_anti-correlated_seed9.pcf: ok (3 rows)
[131/600] star_n1000_correlated_seed0.pcf: ok (3 rows)
[132/600] star_n1000_correlated_seed1.pcf: ok (3 rows)
[133/600] star_n1000_correlated_seed2.pcf: ok (3 rows)
[134/600] star_n1000_correlated_seed3.pcf: ok (3 rows)
[135/600] star_n1000_correlated_seed4.pcf: ok (3 rows)
[136/600] star_n1000_correlated_seed5.pcf: ok (3 rows)
[137/600] star_n1000_correlated_seed6.pcf: ok (3 rows)
[138/600] star_n1000_correlated_seed7.pcf: ok (3 rows)
[139/600] star_n1000_correlated_seed8.pcf: ok (3 rows)
[140/600] star_n1000_correlated_seed9.pcf: ok (3 rows)
[141/600] star_n1000_exact-ties_seed0.pcf: ok (3 rows)
[142/600] star_n1000_exact-ties_seed1.pcf: ok (3 rows)
[143/600] star_n1000_exact-ties_seed2.pcf: ok (3 rows)
[144/600] star_n1000_exact-ties_seed3.pcf: ok (3 rows)
[145/600] star_n1000_exact-ties_seed4.pcf: ok (3 rows)
[146/600] star_n1000_exact-ties_seed5.pcf: ok (3 rows)
[147/600] star_n1000_exact-ties_seed6.pcf: ok (3 rows)
[148/600] star_n1000_exact-ties_seed7.pcf: ok (3 rows)
[149/600] star_n1000_exact-ties_seed8.pcf: ok (3 rows)
[150/600] star_n1000_exact-ties_seed9.pcf: ok (3 rows)
[151/600] star_n1000_independent-positive_seed0.pcf: ok (3 rows)
[152/600] star_n1000_independent-positive_seed1.pcf: ok (3 rows)
[153/600] star_n1000_independent-positive_seed2.pcf: ok (3 rows)
[154/600] star_n1000_independent-positive_seed3.pcf: ok (3 rows)
[155/600] star_n1000_independent-positive_seed4.pcf: ok (3 rows)
[156/600] star_n1000_independent-positive_seed5.pcf: ok (3 rows)
[157/600] star_n1000_independent-positive_seed6.pcf: ok (3 rows)
[158/600] star_n1000_independent-positive_seed7.pcf: ok (3 rows)
[159/600] star_n1000_independent-positive_seed8.pcf: ok (3 rows)
[160/600] star_n1000_independent-positive_seed9.pcf: ok (3 rows)
[161/600] star_n1000_independent-signed_seed0.pcf: ok (3 rows)
[162/600] star_n1000_independent-signed_seed1.pcf: ok (3 rows)
[163/600] star_n1000_independent-signed_seed2.pcf: ok (3 rows)
[164/600] star_n1000_independent-signed_seed3.pcf: ok (3 rows)
[165/600] star_n1000_independent-signed_seed4.pcf: ok (3 rows)
[166/600] star_n1000_independent-signed_seed5.pcf: ok (3 rows)
[167/600] star_n1000_independent-signed_seed6.pcf: ok (3 rows)
[168/600] star_n1000_independent-signed_seed7.pcf: ok (3 rows)
[169/600] star_n1000_independent-signed_seed8.pcf: ok (3 rows)
[170/600] star_n1000_independent-signed_seed9.pcf: ok (3 rows)
[171/600] star_n1000_near-ties_seed0.pcf: ok (3 rows)
[172/600] star_n1000_near-ties_seed1.pcf: ok (3 rows)
[173/600] star_n1000_near-ties_seed2.pcf: ok (3 rows)
[174/600] star_n1000_near-ties_seed3.pcf: ok (3 rows)
[175/600] star_n1000_near-ties_seed4.pcf: ok (3 rows)
[176/600] star_n1000_near-ties_seed5.pcf: ok (3 rows)
[177/600] star_n1000_near-ties_seed6.pcf: ok (3 rows)
[178/600] star_n1000_near-ties_seed7.pcf: ok (3 rows)
[179/600] star_n1000_near-ties_seed8.pcf: ok (3 rows)
[180/600] star_n1000_near-ties_seed9.pcf: ok (3 rows)
[181/600] star_n100_anti-correlated_seed0.pcf: ok (3 rows)
[182/600] star_n100_anti-correlated_seed1.pcf: ok (3 rows)
[183/600] star_n100_anti-correlated_seed2.pcf: ok (3 rows)
[184/600] star_n100_anti-correlated_seed3.pcf: ok (3 rows)
[185/600] star_n100_anti-correlated_seed4.pcf: ok (3 rows)
[186/600] star_n100_anti-correlated_seed5.pcf: ok (3 rows)
[187/600] star_n100_anti-correlated_seed6.pcf: ok (3 rows)
[188/600] star_n100_anti-correlated_seed7.pcf: ok (3 rows)
[189/600] star_n100_anti-correlated_seed8.pcf: ok (3 rows)
[190/600] star_n100_anti-correlated_seed9.pcf: ok (3 rows)
[191/600] star_n100_correlated_seed0.pcf: ok (3 rows)
[192/600] star_n100_correlated_seed1.pcf: ok (3 rows)
[193/600] star_n100_correlated_seed2.pcf: ok (3 rows)
[194/600] star_n100_correlated_seed3.pcf: ok (3 rows)
[195/600] star_n100_correlated_seed4.pcf: ok (3 rows)
[196/600] star_n100_correlated_seed5.pcf: ok (3 rows)
[197/600] star_n100_correlated_seed6.pcf: ok (3 rows)
[198/600] star_n100_correlated_seed7.pcf: ok (3 rows)
[199/600] star_n100_correlated_seed8.pcf: ok (3 rows)
[200/600] star_n100_correlated_seed9.pcf: ok (3 rows)
[201/600] star_n100_exact-ties_seed0.pcf: ok (3 rows)
[202/600] star_n100_exact-ties_seed1.pcf: ok (3 rows)
[203/600] star_n100_exact-ties_seed2.pcf: ok (3 rows)
[204/600] star_n100_exact-ties_seed3.pcf: ok (3 rows)
[205/600] star_n100_exact-ties_seed4.pcf: ok (3 rows)
[206/600] star_n100_exact-ties_seed5.pcf: ok (3 rows)
[207/600] star_n100_exact-ties_seed6.pcf: ok (3 rows)
[208/600] star_n100_exact-ties_seed7.pcf: ok (3 rows)
[209/600] star_n100_exact-ties_seed8.pcf: ok (3 rows)
[210/600] star_n100_exact-ties_seed9.pcf: ok (3 rows)
[211/600] star_n100_independent-positive_seed0.pcf: ok (3 rows)
[212/600] star_n100_independent-positive_seed1.pcf: ok (3 rows)
[213/600] star_n100_independent-positive_seed2.pcf: ok (3 rows)
[214/600] star_n100_independent-positive_seed3.pcf: ok (3 rows)
[215/600] star_n100_independent-positive_seed4.pcf: ok (3 rows)
[216/600] star_n100_independent-positive_seed5.pcf: ok (3 rows)
[217/600] star_n100_independent-positive_seed6.pcf: ok (3 rows)
[218/600] star_n100_independent-positive_seed7.pcf: ok (3 rows)
[219/600] star_n100_independent-positive_seed8.pcf: ok (3 rows)
[220/600] star_n100_independent-positive_seed9.pcf: ok (3 rows)
[221/600] star_n100_independent-signed_seed0.pcf: ok (3 rows)
[222/600] star_n100_independent-signed_seed1.pcf: ok (3 rows)
[223/600] star_n100_independent-signed_seed2.pcf: ok (3 rows)
[224/600] star_n100_independent-signed_seed3.pcf: ok (3 rows)
[225/600] star_n100_independent-signed_seed4.pcf: ok (3 rows)
[226/600] star_n100_independent-signed_seed5.pcf: ok (3 rows)
[227/600] star_n100_independent-signed_seed6.pcf: ok (3 rows)
[228/600] star_n100_independent-signed_seed7.pcf: ok (3 rows)
[229/600] star_n100_independent-signed_seed8.pcf: ok (3 rows)
[230/600] star_n100_independent-signed_seed9.pcf: ok (3 rows)
[231/600] star_n100_near-ties_seed0.pcf: ok (3 rows)
[232/600] star_n100_near-ties_seed1.pcf: ok (3 rows)
[233/600] star_n100_near-ties_seed2.pcf: ok (3 rows)
[234/600] star_n100_near-ties_seed3.pcf: ok (3 rows)
[235/600] star_n100_near-ties_seed4.pcf: ok (3 rows)
[236/600] star_n100_near-ties_seed5.pcf: ok (3 rows)
[237/600] star_n100_near-ties_seed6.pcf: ok (3 rows)
[238/600] star_n100_near-ties_seed7.pcf: ok (3 rows)
[239/600] star_n100_near-ties_seed8.pcf: ok (3 rows)
[240/600] star_n100_near-ties_seed9.pcf: ok (3 rows)
[241/600] star_n20000_anti-correlated_seed0.pcf: ok (3 rows)
[242/600] star_n20000_anti-correlated_seed1.pcf: ok (3 rows)
[243/600] star_n20000_anti-correlated_seed2.pcf: ok (3 rows)
[244/600] star_n20000_anti-correlated_seed3.pcf: ok (3 rows)
[245/600] star_n20000_anti-correlated_seed4.pcf: ok (3 rows)
[246/600] star_n20000_anti-correlated_seed5.pcf: ok (3 rows)
[247/600] star_n20000_anti-correlated_seed6.pcf: ok (3 rows)
[248/600] star_n20000_anti-correlated_seed7.pcf: ok (3 rows)
[249/600] star_n20000_anti-correlated_seed8.pcf: ok (3 rows)
[250/600] star_n20000_anti-correlated_seed9.pcf: ok (3 rows)
[251/600] star_n20000_correlated_seed0.pcf: ok (3 rows)
[252/600] star_n20000_correlated_seed1.pcf: ok (3 rows)
[253/600] star_n20000_correlated_seed2.pcf: ok (3 rows)
[254/600] star_n20000_correlated_seed3.pcf: ok (3 rows)
[255/600] star_n20000_correlated_seed4.pcf: ok (3 rows)
[256/600] star_n20000_correlated_seed5.pcf: ok (3 rows)
[257/600] star_n20000_correlated_seed6.pcf: ok (3 rows)
[258/600] star_n20000_correlated_seed7.pcf: ok (3 rows)
[259/600] star_n20000_correlated_seed8.pcf: ok (3 rows)
[260/600] star_n20000_correlated_seed9.pcf: ok (3 rows)
[261/600] star_n20000_exact-ties_seed0.pcf: ok (3 rows)
[262/600] star_n20000_exact-ties_seed1.pcf: ok (3 rows)
[263/600] star_n20000_exact-ties_seed2.pcf: ok (3 rows)
[264/600] star_n20000_exact-ties_seed3.pcf: ok (3 rows)
[265/600] star_n20000_exact-ties_seed4.pcf: ok (3 rows)
[266/600] star_n20000_exact-ties_seed5.pcf: ok (3 rows)
[267/600] star_n20000_exact-ties_seed6.pcf: ok (3 rows)
[268/600] star_n20000_exact-ties_seed7.pcf: ok (3 rows)
[269/600] star_n20000_exact-ties_seed8.pcf: ok (3 rows)
[270/600] star_n20000_exact-ties_seed9.pcf: ok (3 rows)
[271/600] star_n20000_independent-positive_seed0.pcf: ok (3 rows)
[272/600] star_n20000_independent-positive_seed1.pcf: ok (3 rows)
[273/600] star_n20000_independent-positive_seed2.pcf: ok (3 rows)
[274/600] star_n20000_independent-positive_seed3.pcf: ok (3 rows)
[275/600] star_n20000_independent-positive_seed4.pcf: ok (3 rows)
[276/600] star_n20000_independent-positive_seed5.pcf: ok (3 rows)
[277/600] star_n20000_independent-positive_seed6.pcf: ok (3 rows)
[278/600] star_n20000_independent-positive_seed7.pcf: ok (3 rows)
[279/600] star_n20000_independent-positive_seed8.pcf: ok (3 rows)
[280/600] star_n20000_independent-positive_seed9.pcf: ok (3 rows)
[281/600] star_n20000_independent-signed_seed0.pcf: ok (3 rows)
[282/600] star_n20000_independent-signed_seed1.pcf: ok (3 rows)
[283/600] star_n20000_independent-signed_seed2.pcf: ok (3 rows)
[284/600] star_n20000_independent-signed_seed3.pcf: ok (3 rows)
[285/600] star_n20000_independent-signed_seed4.pcf: ok (3 rows)
[286/600] star_n20000_independent-signed_seed5.pcf: ok (3 rows)
[287/600] star_n20000_independent-signed_seed6.pcf: ok (3 rows)
[288/600] star_n20000_independent-signed_seed7.pcf: ok (3 rows)
[289/600] star_n20000_independent-signed_seed8.pcf: ok (3 rows)
[290/600] star_n20000_independent-signed_seed9.pcf: ok (3 rows)
[291/600] star_n20000_near-ties_seed0.pcf: ok (3 rows)
[292/600] star_n20000_near-ties_seed1.pcf: ok (3 rows)
[293/600] star_n20000_near-ties_seed2.pcf: ok (3 rows)
[294/600] star_n20000_near-ties_seed3.pcf: ok (3 rows)
[295/600] star_n20000_near-ties_seed4.pcf: ok (3 rows)
[296/600] star_n20000_near-ties_seed5.pcf: ok (3 rows)
[297/600] star_n20000_near-ties_seed6.pcf: ok (3 rows)
[298/600] star_n20000_near-ties_seed7.pcf: ok (3 rows)
[299/600] star_n20000_near-ties_seed8.pcf: ok (3 rows)
[300/600] star_n20000_near-ties_seed9.pcf: ok (3 rows)
[301/600] star_n2000_anti-correlated_seed0.pcf: ok (3 rows)
[302/600] star_n2000_anti-correlated_seed1.pcf: ok (3 rows)
[303/600] star_n2000_anti-correlated_seed2.pcf: ok (3 rows)
[304/600] star_n2000_anti-correlated_seed3.pcf: ok (3 rows)
[305/600] star_n2000_anti-correlated_seed4.pcf: ok (3 rows)
[306/600] star_n2000_anti-correlated_seed5.pcf: ok (3 rows)
[307/600] star_n2000_anti-correlated_seed6.pcf: ok (3 rows)
[308/600] star_n2000_anti-correlated_seed7.pcf: ok (3 rows)
[309/600] star_n2000_anti-correlated_seed8.pcf: ok (3 rows)
[310/600] star_n2000_anti-correlated_seed9.pcf: ok (3 rows)
[311/600] star_n2000_correlated_seed0.pcf: ok (3 rows)
[312/600] star_n2000_correlated_seed1.pcf: ok (3 rows)
[313/600] star_n2000_correlated_seed2.pcf: ok (3 rows)
[314/600] star_n2000_correlated_seed3.pcf: ok (3 rows)
[315/600] star_n2000_correlated_seed4.pcf: ok (3 rows)
[316/600] star_n2000_correlated_seed5.pcf: ok (3 rows)
[317/600] star_n2000_correlated_seed6.pcf: ok (3 rows)
[318/600] star_n2000_correlated_seed7.pcf: ok (3 rows)
[319/600] star_n2000_correlated_seed8.pcf: ok (3 rows)
[320/600] star_n2000_correlated_seed9.pcf: ok (3 rows)
[321/600] star_n2000_exact-ties_seed0.pcf: ok (3 rows)
[322/600] star_n2000_exact-ties_seed1.pcf: ok (3 rows)
[323/600] star_n2000_exact-ties_seed2.pcf: ok (3 rows)
[324/600] star_n2000_exact-ties_seed3.pcf: ok (3 rows)
[325/600] star_n2000_exact-ties_seed4.pcf: ok (3 rows)
[326/600] star_n2000_exact-ties_seed5.pcf: ok (3 rows)
[327/600] star_n2000_exact-ties_seed6.pcf: ok (3 rows)
[328/600] star_n2000_exact-ties_seed7.pcf: ok (3 rows)
[329/600] star_n2000_exact-ties_seed8.pcf: ok (3 rows)
[330/600] star_n2000_exact-ties_seed9.pcf: ok (3 rows)
[331/600] star_n2000_independent-positive_seed0.pcf: ok (3 rows)
[332/600] star_n2000_independent-positive_seed1.pcf: ok (3 rows)
[333/600] star_n2000_independent-positive_seed2.pcf: ok (3 rows)
[334/600] star_n2000_independent-positive_seed3.pcf: ok (3 rows)
[335/600] star_n2000_independent-positive_seed4.pcf: ok (3 rows)
[336/600] star_n2000_independent-positive_seed5.pcf: ok (3 rows)
[337/600] star_n2000_independent-positive_seed6.pcf: ok (3 rows)
[338/600] star_n2000_independent-positive_seed7.pcf: ok (3 rows)
[339/600] star_n2000_independent-positive_seed8.pcf: ok (3 rows)
[340/600] star_n2000_independent-positive_seed9.pcf: ok (3 rows)
[341/600] star_n2000_independent-signed_seed0.pcf: ok (3 rows)
[342/600] star_n2000_independent-signed_seed1.pcf: ok (3 rows)
[343/600] star_n2000_independent-signed_seed2.pcf: ok (3 rows)
[344/600] star_n2000_independent-signed_seed3.pcf: ok (3 rows)
[345/600] star_n2000_independent-signed_seed4.pcf: ok (3 rows)
[346/600] star_n2000_independent-signed_seed5.pcf: ok (3 rows)
[347/600] star_n2000_independent-signed_seed6.pcf: ok (3 rows)
[348/600] star_n2000_independent-signed_seed7.pcf: ok (3 rows)
[349/600] star_n2000_independent-signed_seed8.pcf: ok (3 rows)
[350/600] star_n2000_independent-signed_seed9.pcf: ok (3 rows)
[351/600] star_n2000_near-ties_seed0.pcf: ok (3 rows)
[352/600] star_n2000_near-ties_seed1.pcf: ok (3 rows)
[353/600] star_n2000_near-ties_seed2.pcf: ok (3 rows)
[354/600] star_n2000_near-ties_seed3.pcf: ok (3 rows)
[355/600] star_n2000_near-ties_seed4.pcf: ok (3 rows)
[356/600] star_n2000_near-ties_seed5.pcf: ok (3 rows)
[357/600] star_n2000_near-ties_seed6.pcf: ok (3 rows)
[358/600] star_n2000_near-ties_seed7.pcf: ok (3 rows)
[359/600] star_n2000_near-ties_seed8.pcf: ok (3 rows)
[360/600] star_n2000_near-ties_seed9.pcf: ok (3 rows)
[361/600] star_n200_anti-correlated_seed0.pcf: ok (3 rows)
[362/600] star_n200_anti-correlated_seed1.pcf: ok (3 rows)
[363/600] star_n200_anti-correlated_seed2.pcf: ok (3 rows)
[364/600] star_n200_anti-correlated_seed3.pcf: ok (3 rows)
[365/600] star_n200_anti-correlated_seed4.pcf: ok (3 rows)
[366/600] star_n200_anti-correlated_seed5.pcf: ok (3 rows)
[367/600] star_n200_anti-correlated_seed6.pcf: ok (3 rows)
[368/600] star_n200_anti-correlated_seed7.pcf: ok (3 rows)
[369/600] star_n200_anti-correlated_seed8.pcf: ok (3 rows)
[370/600] star_n200_anti-correlated_seed9.pcf: ok (3 rows)
[371/600] star_n200_correlated_seed0.pcf: ok (3 rows)
[372/600] star_n200_correlated_seed1.pcf: ok (3 rows)
[373/600] star_n200_correlated_seed2.pcf: ok (3 rows)
[374/600] star_n200_correlated_seed3.pcf: ok (3 rows)
[375/600] star_n200_correlated_seed4.pcf: ok (3 rows)
[376/600] star_n200_correlated_seed5.pcf: ok (3 rows)
[377/600] star_n200_correlated_seed6.pcf: ok (3 rows)
[378/600] star_n200_correlated_seed7.pcf: ok (3 rows)
[379/600] star_n200_correlated_seed8.pcf: ok (3 rows)
[380/600] star_n200_correlated_seed9.pcf: ok (3 rows)
[381/600] star_n200_exact-ties_seed0.pcf: ok (3 rows)
[382/600] star_n200_exact-ties_seed1.pcf: ok (3 rows)
[383/600] star_n200_exact-ties_seed2.pcf: ok (3 rows)
[384/600] star_n200_exact-ties_seed3.pcf: ok (3 rows)
[385/600] star_n200_exact-ties_seed4.pcf: ok (3 rows)
[386/600] star_n200_exact-ties_seed5.pcf: ok (3 rows)
[387/600] star_n200_exact-ties_seed6.pcf: ok (3 rows)
[388/600] star_n200_exact-ties_seed7.pcf: ok (3 rows)
[389/600] star_n200_exact-ties_seed8.pcf: ok (3 rows)
[390/600] star_n200_exact-ties_seed9.pcf: ok (3 rows)
[391/600] star_n200_independent-positive_seed0.pcf: ok (3 rows)
[392/600] star_n200_independent-positive_seed1.pcf: ok (3 rows)
[393/600] star_n200_independent-positive_seed2.pcf: ok (3 rows)
[394/600] star_n200_independent-positive_seed3.pcf: ok (3 rows)
[395/600] star_n200_independent-positive_seed4.pcf: ok (3 rows)
[396/600] star_n200_independent-positive_seed5.pcf: ok (3 rows)
[397/600] star_n200_independent-positive_seed6.pcf: ok (3 rows)
[398/600] star_n200_independent-positive_seed7.pcf: ok (3 rows)
[399/600] star_n200_independent-positive_seed8.pcf: ok (3 rows)
[400/600] star_n200_independent-positive_seed9.pcf: ok (3 rows)
[401/600] star_n200_independent-signed_seed0.pcf: ok (3 rows)
[402/600] star_n200_independent-signed_seed1.pcf: ok (3 rows)
[403/600] star_n200_independent-signed_seed2.pcf: ok (3 rows)
[404/600] star_n200_independent-signed_seed3.pcf: ok (3 rows)
[405/600] star_n200_independent-signed_seed4.pcf: ok (3 rows)
[406/600] star_n200_independent-signed_seed5.pcf: ok (3 rows)
[407/600] star_n200_independent-signed_seed6.pcf: ok (3 rows)
[408/600] star_n200_independent-signed_seed7.pcf: ok (3 rows)
[409/600] star_n200_independent-signed_seed8.pcf: ok (3 rows)
[410/600] star_n200_independent-signed_seed9.pcf: ok (3 rows)
[411/600] star_n200_near-ties_seed0.pcf: ok (3 rows)
[412/600] star_n200_near-ties_seed1.pcf: ok (3 rows)
[413/600] star_n200_near-ties_seed2.pcf: ok (3 rows)
[414/600] star_n200_near-ties_seed3.pcf: ok (3 rows)
[415/600] star_n200_near-ties_seed4.pcf: ok (3 rows)
[416/600] star_n200_near-ties_seed5.pcf: ok (3 rows)
[417/600] star_n200_near-ties_seed6.pcf: ok (3 rows)
[418/600] star_n200_near-ties_seed7.pcf: ok (3 rows)
[419/600] star_n200_near-ties_seed8.pcf: ok (3 rows)
[420/600] star_n200_near-ties_seed9.pcf: ok (3 rows)
[421/600] star_n50000_anti-correlated_seed0.pcf: ok (3 rows)
[422/600] star_n50000_anti-correlated_seed1.pcf: ok (3 rows)
[423/600] star_n50000_anti-correlated_seed2.pcf: ok (3 rows)
[424/600] star_n50000_anti-correlated_seed3.pcf: ok (3 rows)
[425/600] star_n50000_anti-correlated_seed4.pcf: ok (3 rows)
[426/600] star_n50000_anti-correlated_seed5.pcf: ok (3 rows)
[427/600] star_n50000_anti-correlated_seed6.pcf: ok (3 rows)
[428/600] star_n50000_anti-correlated_seed7.pcf: ok (3 rows)
[429/600] star_n50000_anti-correlated_seed8.pcf: ok (3 rows)
[430/600] star_n50000_anti-correlated_seed9.pcf: ok (3 rows)
[431/600] star_n50000_correlated_seed0.pcf: ok (3 rows)
[432/600] star_n50000_correlated_seed1.pcf: ok (3 rows)
[433/600] star_n50000_correlated_seed2.pcf: ok (3 rows)
[434/600] star_n50000_correlated_seed3.pcf: ok (3 rows)
[435/600] star_n50000_correlated_seed4.pcf: ok (3 rows)
[436/600] star_n50000_correlated_seed5.pcf: ok (3 rows)
[437/600] star_n50000_correlated_seed6.pcf: ok (3 rows)
[438/600] star_n50000_correlated_seed7.pcf: ok (3 rows)
[439/600] star_n50000_correlated_seed8.pcf: ok (3 rows)
[440/600] star_n50000_correlated_seed9.pcf: ok (3 rows)
[441/600] star_n50000_exact-ties_seed0.pcf: ok (3 rows)
[442/600] star_n50000_exact-ties_seed1.pcf: ok (3 rows)
[443/600] star_n50000_exact-ties_seed2.pcf: ok (3 rows)
[444/600] star_n50000_exact-ties_seed3.pcf: ok (3 rows)
[445/600] star_n50000_exact-ties_seed4.pcf: ok (3 rows)
[446/600] star_n50000_exact-ties_seed5.pcf: ok (3 rows)
[447/600] star_n50000_exact-ties_seed6.pcf: ok (3 rows)
[448/600] star_n50000_exact-ties_seed7.pcf: ok (3 rows)
[449/600] star_n50000_exact-ties_seed8.pcf: ok (3 rows)
[450/600] star_n50000_exact-ties_seed9.pcf: ok (3 rows)
[451/600] star_n50000_independent-positive_seed0.pcf: ok (3 rows)
[452/600] star_n50000_independent-positive_seed1.pcf: ok (3 rows)
[453/600] star_n50000_independent-positive_seed2.pcf: ok (3 rows)
[454/600] star_n50000_independent-positive_seed3.pcf: ok (3 rows)
[455/600] star_n50000_independent-positive_seed4.pcf: ok (3 rows)
[456/600] star_n50000_independent-positive_seed5.pcf: ok (3 rows)
[457/600] star_n50000_independent-positive_seed6.pcf: ok (3 rows)
[458/600] star_n50000_independent-positive_seed7.pcf: ok (3 rows)
[459/600] star_n50000_independent-positive_seed8.pcf: ok (3 rows)
[460/600] star_n50000_independent-positive_seed9.pcf: ok (3 rows)
[461/600] star_n50000_independent-signed_seed0.pcf: ok (3 rows)
[462/600] star_n50000_independent-signed_seed1.pcf: ok (3 rows)
[463/600] star_n50000_independent-signed_seed2.pcf: ok (3 rows)
[464/600] star_n50000_independent-signed_seed3.pcf: ok (3 rows)
[465/600] star_n50000_independent-signed_seed4.pcf: ok (3 rows)
[466/600] star_n50000_independent-signed_seed5.pcf: ok (3 rows)
[467/600] star_n50000_independent-signed_seed6.pcf: ok (3 rows)
[468/600] star_n50000_independent-signed_seed7.pcf: ok (3 rows)
[469/600] star_n50000_independent-signed_seed8.pcf: ok (3 rows)
[470/600] star_n50000_independent-signed_seed9.pcf: ok (3 rows)
[471/600] star_n50000_near-ties_seed0.pcf: ok (3 rows)
[472/600] star_n50000_near-ties_seed1.pcf: ok (3 rows)
[473/600] star_n50000_near-ties_seed2.pcf: ok (3 rows)
[474/600] star_n50000_near-ties_seed3.pcf: ok (3 rows)
[475/600] star_n50000_near-ties_seed4.pcf: ok (3 rows)
[476/600] star_n50000_near-ties_seed5.pcf: ok (3 rows)
[477/600] star_n50000_near-ties_seed6.pcf: ok (3 rows)
[478/600] star_n50000_near-ties_seed7.pcf: ok (3 rows)
[479/600] star_n50000_near-ties_seed8.pcf: ok (3 rows)
[480/600] star_n50000_near-ties_seed9.pcf: ok (3 rows)
[481/600] star_n5000_anti-correlated_seed0.pcf: ok (3 rows)
[482/600] star_n5000_anti-correlated_seed1.pcf: ok (3 rows)
[483/600] star_n5000_anti-correlated_seed2.pcf: ok (3 rows)
[484/600] star_n5000_anti-correlated_seed3.pcf: ok (3 rows)
[485/600] star_n5000_anti-correlated_seed4.pcf: ok (3 rows)
[486/600] star_n5000_anti-correlated_seed5.pcf: ok (3 rows)
[487/600] star_n5000_anti-correlated_seed6.pcf: ok (3 rows)
[488/600] star_n5000_anti-correlated_seed7.pcf: ok (3 rows)
[489/600] star_n5000_anti-correlated_seed8.pcf: ok (3 rows)
[490/600] star_n5000_anti-correlated_seed9.pcf: ok (3 rows)
[491/600] star_n5000_correlated_seed0.pcf: ok (3 rows)
[492/600] star_n5000_correlated_seed1.pcf: ok (3 rows)
[493/600] star_n5000_correlated_seed2.pcf: ok (3 rows)
[494/600] star_n5000_correlated_seed3.pcf: ok (3 rows)
[495/600] star_n5000_correlated_seed4.pcf: ok (3 rows)
[496/600] star_n5000_correlated_seed5.pcf: ok (3 rows)
[497/600] star_n5000_correlated_seed6.pcf: ok (3 rows)
[498/600] star_n5000_correlated_seed7.pcf: ok (3 rows)
[499/600] star_n5000_correlated_seed8.pcf: ok (3 rows)
[500/600] star_n5000_correlated_seed9.pcf: ok (3 rows)
[501/600] star_n5000_exact-ties_seed0.pcf: ok (3 rows)
[502/600] star_n5000_exact-ties_seed1.pcf: ok (3 rows)
[503/600] star_n5000_exact-ties_seed2.pcf: ok (3 rows)
[504/600] star_n5000_exact-ties_seed3.pcf: ok (3 rows)
[505/600] star_n5000_exact-ties_seed4.pcf: ok (3 rows)
[506/600] star_n5000_exact-ties_seed5.pcf: ok (3 rows)
[507/600] star_n5000_exact-ties_seed6.pcf: ok (3 rows)
[508/600] star_n5000_exact-ties_seed7.pcf: ok (3 rows)
[509/600] star_n5000_exact-ties_seed8.pcf: ok (3 rows)
[510/600] star_n5000_exact-ties_seed9.pcf: ok (3 rows)
[511/600] star_n5000_independent-positive_seed0.pcf: ok (3 rows)
[512/600] star_n5000_independent-positive_seed1.pcf: ok (3 rows)
[513/600] star_n5000_independent-positive_seed2.pcf: ok (3 rows)
[514/600] star_n5000_independent-positive_seed3.pcf: ok (3 rows)
[515/600] star_n5000_independent-positive_seed4.pcf: ok (3 rows)
[516/600] star_n5000_independent-positive_seed5.pcf: ok (3 rows)
[517/600] star_n5000_independent-positive_seed6.pcf: ok (3 rows)
[518/600] star_n5000_independent-positive_seed7.pcf: ok (3 rows)
[519/600] star_n5000_independent-positive_seed8.pcf: ok (3 rows)
[520/600] star_n5000_independent-positive_seed9.pcf: ok (3 rows)
[521/600] star_n5000_independent-signed_seed0.pcf: ok (3 rows)
[522/600] star_n5000_independent-signed_seed1.pcf: ok (3 rows)
[523/600] star_n5000_independent-signed_seed2.pcf: ok (3 rows)
[524/600] star_n5000_independent-signed_seed3.pcf: ok (3 rows)
[525/600] star_n5000_independent-signed_seed4.pcf: ok (3 rows)
[526/600] star_n5000_independent-signed_seed5.pcf: ok (3 rows)
[527/600] star_n5000_independent-signed_seed6.pcf: ok (3 rows)
[528/600] star_n5000_independent-signed_seed7.pcf: ok (3 rows)
[529/600] star_n5000_independent-signed_seed8.pcf: ok (3 rows)
[530/600] star_n5000_independent-signed_seed9.pcf: ok (3 rows)
[531/600] star_n5000_near-ties_seed0.pcf: ok (3 rows)
[532/600] star_n5000_near-ties_seed1.pcf: ok (3 rows)
[533/600] star_n5000_near-ties_seed2.pcf: ok (3 rows)
[534/600] star_n5000_near-ties_seed3.pcf: ok (3 rows)
[535/600] star_n5000_near-ties_seed4.pcf: ok (3 rows)
[536/600] star_n5000_near-ties_seed5.pcf: ok (3 rows)
[537/600] star_n5000_near-ties_seed6.pcf: ok (3 rows)
[538/600] star_n5000_near-ties_seed7.pcf: ok (3 rows)
[539/600] star_n5000_near-ties_seed8.pcf: ok (3 rows)
[540/600] star_n5000_near-ties_seed9.pcf: ok (3 rows)
[541/600] star_n500_anti-correlated_seed0.pcf: ok (3 rows)
[542/600] star_n500_anti-correlated_seed1.pcf: ok (3 rows)
[543/600] star_n500_anti-correlated_seed2.pcf: ok (3 rows)
[544/600] star_n500_anti-correlated_seed3.pcf: ok (3 rows)
[545/600] star_n500_anti-correlated_seed4.pcf: ok (3 rows)
[546/600] star_n500_anti-correlated_seed5.pcf: ok (3 rows)
[547/600] star_n500_anti-correlated_seed6.pcf: ok (3 rows)
[548/600] star_n500_anti-correlated_seed7.pcf: ok (3 rows)
[549/600] star_n500_anti-correlated_seed8.pcf: ok (3 rows)
[550/600] star_n500_anti-correlated_seed9.pcf: ok (3 rows)
[551/600] star_n500_correlated_seed0.pcf: ok (3 rows)
[552/600] star_n500_correlated_seed1.pcf: ok (3 rows)
[553/600] star_n500_correlated_seed2.pcf: ok (3 rows)
[554/600] star_n500_correlated_seed3.pcf: ok (3 rows)
[555/600] star_n500_correlated_seed4.pcf: ok (3 rows)
[556/600] star_n500_correlated_seed5.pcf: ok (3 rows)
[557/600] star_n500_correlated_seed6.pcf: ok (3 rows)
[558/600] star_n500_correlated_seed7.pcf: ok (3 rows)
[559/600] star_n500_correlated_seed8.pcf: ok (3 rows)
[560/600] star_n500_correlated_seed9.pcf: ok (3 rows)
[561/600] star_n500_exact-ties_seed0.pcf: ok (3 rows)
[562/600] star_n500_exact-ties_seed1.pcf: ok (3 rows)
[563/600] star_n500_exact-ties_seed2.pcf: ok (3 rows)
[564/600] star_n500_exact-ties_seed3.pcf: ok (3 rows)
[565/600] star_n500_exact-ties_seed4.pcf: ok (3 rows)
[566/600] star_n500_exact-ties_seed5.pcf: ok (3 rows)
[567/600] star_n500_exact-ties_seed6.pcf: ok (3 rows)
[568/600] star_n500_exact-ties_seed7.pcf: ok (3 rows)
[569/600] star_n500_exact-ties_seed8.pcf: ok (3 rows)
[570/600] star_n500_exact-ties_seed9.pcf: ok (3 rows)
[571/600] star_n500_independent-positive_seed0.pcf: ok (3 rows)
[572/600] star_n500_independent-positive_seed1.pcf: ok (3 rows)
[573/600] star_n500_independent-positive_seed2.pcf: ok (3 rows)
[574/600] star_n500_independent-positive_seed3.pcf: ok (3 rows)
[575/600] star_n500_independent-positive_seed4.pcf: ok (3 rows)
[576/600] star_n500_independent-positive_seed5.pcf: ok (3 rows)
[577/600] star_n500_independent-positive_seed6.pcf: ok (3 rows)
[578/600] star_n500_independent-positive_seed7.pcf: ok (3 rows)
[579/600] star_n500_independent-positive_seed8.pcf: ok (3 rows)
[580/600] star_n500_independent-positive_seed9.pcf: ok (3 rows)
[581/600] star_n500_independent-signed_seed0.pcf: ok (3 rows)
[582/600] star_n500_independent-signed_seed1.pcf: ok (3 rows)
[583/600] star_n500_independent-signed_seed2.pcf: ok (3 rows)
[584/600] star_n500_independent-signed_seed3.pcf: ok (3 rows)
[585/600] star_n500_independent-signed_seed4.pcf: ok (3 rows)
[586/600] star_n500_independent-signed_seed5.pcf: ok (3 rows)
[587/600] star_n500_independent-signed_seed6.pcf: ok (3 rows)
[588/600] star_n500_independent-signed_seed7.pcf: ok (3 rows)
[589/600] star_n500_independent-signed_seed8.pcf: ok (3 rows)
[590/600] star_n500_independent-signed_seed9.pcf: ok (3 rows)
[591/600] star_n500_near-ties_seed0.pcf: ok (3 rows)
[592/600] star_n500_near-ties_seed1.pcf: ok (3 rows)
[593/600] star_n500_near-ties_seed2.pcf: ok (3 rows)
[594/600] star_n500_near-ties_seed3.pcf: ok (3 rows)
[595/600] star_n500_near-ties_seed4.pcf: ok (3 rows)
[596/600] star_n500_near-ties_seed5.pcf: ok (3 rows)
[597/600] star_n500_near-ties_seed6.pcf: ok (3 rows)
[598/600] star_n500_near-ties_seed7.pcf: ok (3 rows)
[599/600] star_n500_near-ties_seed8.pcf: ok (3 rows)
[600/600] star_n500_near-ties_seed9.pcf: ok (3 rows)
wrote results/raw/campaign_d_star_pac.csv (1800 rows), results/raw/campaign_d_star_pac.failures.csv (0 censored instances)
=== official campaigns finished: 2026-09-01T01:41:18Z ===
gen_n1000_rho0.3_anti-correlated_seed0.pcf: n=1000 hpac_breakpoints=873 bppf_distinct=874 hpac=287911ns bppf_internal=7826000ns bppf_wall=8741664ns
gen_n1000_rho0.3_anti-correlated_seed1.pcf: n=1000 hpac_breakpoints=858 bppf_distinct=859 hpac=279881ns bppf_internal=7595000ns bppf_wall=8466587ns
gen_n1000_rho0.3_anti-correlated_seed2.pcf: n=1000 hpac_breakpoints=857 bppf_distinct=858 hpac=288681ns bppf_internal=7600000ns bppf_wall=8455613ns
gen_n1000_rho0.3_anti-correlated_seed3.pcf: n=1000 hpac_breakpoints=853 bppf_distinct=854 hpac=289570ns bppf_internal=7561000ns bppf_wall=8441459ns
gen_n1000_rho0.3_anti-correlated_seed4.pcf: n=1000 hpac_breakpoints=851 bppf_distinct=852 hpac=303102ns bppf_internal=7545000ns bppf_wall=8420840ns
gen_n1000_rho0.3_anti-correlated_seed5.pcf: n=1000 hpac_breakpoints=849 bppf_distinct=850 hpac=303088ns bppf_internal=7500000ns bppf_wall=8406052ns
gen_n1000_rho0.3_anti-correlated_seed6.pcf: n=1000 hpac_breakpoints=834 bppf_distinct=835 hpac=302001ns bppf_internal=7410000ns bppf_wall=8391870ns
gen_n1000_rho0.3_anti-correlated_seed7.pcf: n=1000 hpac_breakpoints=847 bppf_distinct=848 hpac=302003ns bppf_internal=7548000ns bppf_wall=8396323ns
gen_n1000_rho0.3_anti-correlated_seed8.pcf: n=1000 hpac_breakpoints=835 bppf_distinct=836 hpac=313177ns bppf_internal=7434000ns bppf_wall=8290903ns
gen_n1000_rho0.3_anti-correlated_seed9.pcf: n=1000 hpac_breakpoints=846 bppf_distinct=847 hpac=301930ns bppf_internal=7503000ns bppf_wall=8344445ns
gen_n1000_rho0.3_correlated_seed0.pcf: n=1000 hpac_breakpoints=862 bppf_distinct=863 hpac=266473ns bppf_internal=7552000ns bppf_wall=8403313ns
gen_n1000_rho0.3_correlated_seed1.pcf: n=1000 hpac_breakpoints=843 bppf_distinct=844 hpac=271784ns bppf_internal=7428000ns bppf_wall=8306022ns
gen_n1000_rho0.3_correlated_seed2.pcf: n=1000 hpac_breakpoints=832 bppf_distinct=833 hpac=280952ns bppf_internal=7404000ns bppf_wall=8233873ns
gen_n1000_rho0.3_correlated_seed3.pcf: n=1000 hpac_breakpoints=845 bppf_distinct=846 hpac=283769ns bppf_internal=7405000ns bppf_wall=8248695ns
gen_n1000_rho0.3_correlated_seed4.pcf: n=1000 hpac_breakpoints=814 bppf_distinct=815 hpac=299683ns bppf_internal=7188000ns bppf_wall=8076071ns
gen_n1000_rho0.3_correlated_seed5.pcf: n=1000 hpac_breakpoints=812 bppf_distinct=813 hpac=298760ns bppf_internal=7224000ns bppf_wall=8057849ns
gen_n1000_rho0.3_correlated_seed6.pcf: n=1000 hpac_breakpoints=816 bppf_distinct=817 hpac=276901ns bppf_internal=7244000ns bppf_wall=8076592ns
gen_n1000_rho0.3_correlated_seed7.pcf: n=1000 hpac_breakpoints=818 bppf_distinct=819 hpac=295842ns bppf_internal=7245000ns bppf_wall=8074071ns
gen_n1000_rho0.3_correlated_seed8.pcf: n=1000 hpac_breakpoints=818 bppf_distinct=819 hpac=314847ns bppf_internal=7242000ns bppf_wall=8194573ns
gen_n1000_rho0.3_correlated_seed9.pcf: n=1000 hpac_breakpoints=829 bppf_distinct=830 hpac=286921ns bppf_internal=7340000ns bppf_wall=8145299ns
gen_n1000_rho0.3_exact-ties_seed0.pcf: n=1000 hpac_breakpoints=142 bppf_distinct=143 hpac=258779ns bppf_internal=1352000ns bppf_wall=2063360ns
gen_n1000_rho0.3_exact-ties_seed1.pcf: n=1000 hpac_breakpoints=146 bppf_distinct=147 hpac=248050ns bppf_internal=1404000ns bppf_wall=2106255ns
gen_n1000_rho0.3_exact-ties_seed2.pcf: n=1000 hpac_breakpoints=134 bppf_distinct=135 hpac=255270ns bppf_internal=1310000ns bppf_wall=2024305ns
gen_n1000_rho0.3_exact-ties_seed3.pcf: n=1000 hpac_breakpoints=137 bppf_distinct=138 hpac=249784ns bppf_internal=1313000ns bppf_wall=2019136ns
gen_n1000_rho0.3_exact-ties_seed4.pcf: n=1000 hpac_breakpoints=144 bppf_distinct=145 hpac=270804ns bppf_internal=1380000ns bppf_wall=2091357ns
gen_n1000_rho0.3_exact-ties_seed5.pcf: n=1000 hpac_breakpoints=147 bppf_distinct=148 hpac=269571ns bppf_internal=1393000ns bppf_wall=2124525ns
gen_n1000_rho0.3_exact-ties_seed6.pcf: n=1000 hpac_breakpoints=138 bppf_distinct=139 hpac=241839ns bppf_internal=1315000ns bppf_wall=2032019ns
gen_n1000_rho0.3_exact-ties_seed7.pcf: n=1000 hpac_breakpoints=140 bppf_distinct=141 hpac=244126ns bppf_internal=1366000ns bppf_wall=2080653ns
gen_n1000_rho0.3_exact-ties_seed8.pcf: n=1000 hpac_breakpoints=164 bppf_distinct=165 hpac=259832ns bppf_internal=1547000ns bppf_wall=2257771ns
gen_n1000_rho0.3_exact-ties_seed9.pcf: n=1000 hpac_breakpoints=144 bppf_distinct=145 hpac=267597ns bppf_internal=1358000ns bppf_wall=2067563ns
gen_n1000_rho0.3_independent-positive_seed0.pcf: n=1000 hpac_breakpoints=855 bppf_distinct=856 hpac=274308ns bppf_internal=7561000ns bppf_wall=8387637ns
gen_n1000_rho0.3_independent-positive_seed1.pcf: n=1000 hpac_breakpoints=863 bppf_distinct=864 hpac=282395ns bppf_internal=7619000ns bppf_wall=8456365ns
gen_n1000_rho0.3_independent-positive_seed2.pcf: n=1000 hpac_breakpoints=846 bppf_distinct=847 hpac=281858ns bppf_internal=7478000ns bppf_wall=8324560ns
gen_n1000_rho0.3_independent-positive_seed3.pcf: n=1000 hpac_breakpoints=852 bppf_distinct=853 hpac=287072ns bppf_internal=7457000ns bppf_wall=8332053ns
gen_n1000_rho0.3_independent-positive_seed4.pcf: n=1000 hpac_breakpoints=833 bppf_distinct=834 hpac=314588ns bppf_internal=7391000ns bppf_wall=8227398ns
gen_n1000_rho0.3_independent-positive_seed5.pcf: n=1000 hpac_breakpoints=849 bppf_distinct=850 hpac=309121ns bppf_internal=7491000ns bppf_wall=8345391ns
gen_n1000_rho0.3_independent-positive_seed6.pcf: n=1000 hpac_breakpoints=853 bppf_distinct=854 hpac=300237ns bppf_internal=7503000ns bppf_wall=8441929ns
gen_n1000_rho0.3_independent-positive_seed7.pcf: n=1000 hpac_breakpoints=845 bppf_distinct=846 hpac=309076ns bppf_internal=7538000ns bppf_wall=8372605ns
gen_n1000_rho0.3_independent-positive_seed8.pcf: n=1000 hpac_breakpoints=865 bppf_distinct=866 hpac=303824ns bppf_internal=7634000ns bppf_wall=8506205ns
gen_n1000_rho0.3_independent-positive_seed9.pcf: n=1000 hpac_breakpoints=830 bppf_distinct=831 hpac=315533ns bppf_internal=7377000ns bppf_wall=8272456ns
gen_n1000_rho0.3_independent-signed_seed0.pcf: n=1000 hpac_breakpoints=845 bppf_distinct=846 hpac=292389ns bppf_internal=7469000ns bppf_wall=8371593ns
gen_n1000_rho0.3_independent-signed_seed1.pcf: n=1000 hpac_breakpoints=871 bppf_distinct=872 hpac=280806ns bppf_internal=7620000ns bppf_wall=8469968ns
gen_n1000_rho0.3_independent-signed_seed2.pcf: n=1000 hpac_breakpoints=841 bppf_distinct=842 hpac=289878ns bppf_internal=7451000ns bppf_wall=8297187ns
gen_n1000_rho0.3_independent-signed_seed3.pcf: n=1000 hpac_breakpoints=861 bppf_distinct=862 hpac=276811ns bppf_internal=7551000ns bppf_wall=8403532ns
gen_n1000_rho0.3_independent-signed_seed4.pcf: n=1000 hpac_breakpoints=847 bppf_distinct=848 hpac=326633ns bppf_internal=7524000ns bppf_wall=8420427ns
gen_n1000_rho0.3_independent-signed_seed5.pcf: n=1000 hpac_breakpoints=856 bppf_distinct=857 hpac=308273ns bppf_internal=7504000ns bppf_wall=8373555ns
gen_n1000_rho0.3_independent-signed_seed6.pcf: n=1000 hpac_breakpoints=852 bppf_distinct=853 hpac=290961ns bppf_internal=7521000ns bppf_wall=8361609ns
gen_n1000_rho0.3_independent-signed_seed7.pcf: n=1000 hpac_breakpoints=854 bppf_distinct=855 hpac=302163ns bppf_internal=7710000ns bppf_wall=8538791ns
gen_n1000_rho0.3_independent-signed_seed8.pcf: n=1000 hpac_breakpoints=839 bppf_distinct=840 hpac=313473ns bppf_internal=7424000ns bppf_wall=8286823ns
gen_n1000_rho0.3_independent-signed_seed9.pcf: n=1000 hpac_breakpoints=838 bppf_distinct=839 hpac=299407ns bppf_internal=7397000ns bppf_wall=8241031ns
gen_n1000_rho0.3_near-ties_seed0.pcf: n=1000 hpac_breakpoints=196 bppf_distinct=197 hpac=269662ns bppf_internal=2027000ns bppf_wall=2729299ns
gen_n1000_rho0.3_near-ties_seed1.pcf: n=1000 hpac_breakpoints=190 bppf_distinct=191 hpac=273681ns bppf_internal=1961000ns bppf_wall=2682085ns
gen_n1000_rho0.3_near-ties_seed2.pcf: n=1000 hpac_breakpoints=199 bppf_distinct=200 hpac=282108ns bppf_internal=2094000ns bppf_wall=2846325ns
gen_n1000_rho0.3_near-ties_seed3.pcf: n=1000 hpac_breakpoints=195 bppf_distinct=196 hpac=271545ns bppf_internal=2040000ns bppf_wall=2762180ns
gen_n1000_rho0.3_near-ties_seed4.pcf: n=1000 hpac_breakpoints=188 bppf_distinct=189 hpac=280515ns bppf_internal=1980000ns bppf_wall=2715592ns
gen_n1000_rho0.3_near-ties_seed5.pcf: n=1000 hpac_breakpoints=201 bppf_distinct=202 hpac=286370ns bppf_internal=2082000ns bppf_wall=2787067ns
gen_n1000_rho0.3_near-ties_seed6.pcf: n=1000 hpac_breakpoints=191 bppf_distinct=192 hpac=283364ns bppf_internal=2053000ns bppf_wall=2797420ns
gen_n1000_rho0.3_near-ties_seed7.pcf: n=1000 hpac_breakpoints=194 bppf_distinct=195 hpac=281283ns bppf_internal=2042000ns bppf_wall=2762645ns
gen_n1000_rho0.3_near-ties_seed8.pcf: n=1000 hpac_breakpoints=198 bppf_distinct=199 hpac=282343ns bppf_internal=2062000ns bppf_wall=2842367ns
gen_n1000_rho0.3_near-ties_seed9.pcf: n=1000 hpac_breakpoints=194 bppf_distinct=195 hpac=287293ns bppf_internal=2033999ns bppf_wall=2756163ns
gen_n1000_rho0.6_anti-correlated_seed0.pcf: n=1000 hpac_breakpoints=682 bppf_distinct=683 hpac=570895ns bppf_internal=6426000ns bppf_wall=7237380ns
gen_n1000_rho0.6_anti-correlated_seed1.pcf: n=1000 hpac_breakpoints=711 bppf_distinct=712 hpac=549965ns bppf_internal=6632000ns bppf_wall=7468371ns
gen_n1000_rho0.6_anti-correlated_seed2.pcf: n=1000 hpac_breakpoints=688 bppf_distinct=689 hpac=580796ns bppf_internal=6465000ns bppf_wall=7326960ns
gen_n1000_rho0.6_anti-correlated_seed3.pcf: n=1000 hpac_breakpoints=694 bppf_distinct=695 hpac=550820ns bppf_internal=6521000ns bppf_wall=7374609ns
gen_n1000_rho0.6_anti-correlated_seed4.pcf: n=1000 hpac_breakpoints=713 bppf_distinct=714 hpac=536635ns bppf_internal=6692000ns bppf_wall=7558657ns
gen_n1000_rho0.6_anti-correlated_seed5.pcf: n=1000 hpac_breakpoints=697 bppf_distinct=698 hpac=641220ns bppf_internal=6527000ns bppf_wall=7374093ns
gen_n1000_rho0.6_anti-correlated_seed6.pcf: n=1000 hpac_breakpoints=724 bppf_distinct=725 hpac=548374ns bppf_internal=6752000ns bppf_wall=7650893ns
gen_n1000_rho0.6_anti-correlated_seed7.pcf: n=1000 hpac_breakpoints=719 bppf_distinct=720 hpac=550024ns bppf_internal=6696000ns bppf_wall=7548820ns
gen_n1000_rho0.6_anti-correlated_seed8.pcf: n=1000 hpac_breakpoints=681 bppf_distinct=682 hpac=662884ns bppf_internal=6676000ns bppf_wall=7603451ns
gen_n1000_rho0.6_anti-correlated_seed9.pcf: n=1000 hpac_breakpoints=713 bppf_distinct=714 hpac=637214ns bppf_internal=6941000ns bppf_wall=7805733ns
gen_n1000_rho0.6_correlated_seed0.pcf: n=1000 hpac_breakpoints=706 bppf_distinct=706 hpac=540341ns bppf_internal=6564000ns bppf_wall=7476003ns
gen_n1000_rho0.6_correlated_seed1.pcf: n=1000 hpac_breakpoints=668 bppf_distinct=669 hpac=558447ns bppf_internal=6295000ns bppf_wall=7123826ns
gen_n1000_rho0.6_correlated_seed2.pcf: n=1000 hpac_breakpoints=686 bppf_distinct=687 hpac=585532ns bppf_internal=6434000ns bppf_wall=7278805ns
gen_n1000_rho0.6_correlated_seed3.pcf: n=1000 hpac_breakpoints=679 bppf_distinct=680 hpac=567101ns bppf_internal=6366000ns bppf_wall=7208381ns
gen_n1000_rho0.6_correlated_seed4.pcf: n=1000 hpac_breakpoints=691 bppf_distinct=692 hpac=540242ns bppf_internal=6475000ns bppf_wall=7302125ns
gen_n1000_rho0.6_correlated_seed5.pcf: n=1000 hpac_breakpoints=679 bppf_distinct=680 hpac=595456ns bppf_internal=6372000ns bppf_wall=7209320ns
gen_n1000_rho0.6_correlated_seed6.pcf: n=1000 hpac_breakpoints=685 bppf_distinct=686 hpac=530147ns bppf_internal=6452000ns bppf_wall=7346631ns
gen_n1000_rho0.6_correlated_seed7.pcf: n=1000 hpac_breakpoints=685 bppf_distinct=686 hpac=533475ns bppf_internal=6397000ns bppf_wall=7268581ns
gen_n1000_rho0.6_correlated_seed8.pcf: n=1000 hpac_breakpoints=667 bppf_distinct=668 hpac=653929ns bppf_internal=6306000ns bppf_wall=7147756ns
gen_n1000_rho0.6_correlated_seed9.pcf: n=1000 hpac_breakpoints=686 bppf_distinct=687 hpac=594214ns bppf_internal=6464000ns bppf_wall=7319649ns
gen_n1000_rho0.6_exact-ties_seed0.pcf: n=1000 hpac_breakpoints=203 bppf_distinct=204 hpac=504872ns bppf_internal=2204000ns bppf_wall=2956061ns
gen_n1000_rho0.6_exact-ties_seed1.pcf: n=1000 hpac_breakpoints=190 bppf_distinct=191 hpac=507649ns bppf_internal=2096000ns bppf_wall=2868561ns
gen_n1000_rho0.6_exact-ties_seed2.pcf: n=1000 hpac_breakpoints=202 bppf_distinct=203 hpac=496351ns bppf_internal=2178000ns bppf_wall=2927591ns
gen_n1000_rho0.6_exact-ties_seed3.pcf: n=1000 hpac_breakpoints=189 bppf_distinct=190 hpac=615328ns bppf_internal=2101000ns bppf_wall=2847052ns
gen_n1000_rho0.6_exact-ties_seed4.pcf: n=1000 hpac_breakpoints=192 bppf_distinct=193 hpac=460562ns bppf_internal=2017000ns bppf_wall=2790954ns
gen_n1000_rho0.6_exact-ties_seed5.pcf: n=1000 hpac_breakpoints=194 bppf_distinct=195 hpac=477624ns bppf_internal=2108000ns bppf_wall=2871879ns
gen_n1000_rho0.6_exact-ties_seed6.pcf: n=1000 hpac_breakpoints=202 bppf_distinct=203 hpac=539212ns bppf_internal=2156000ns bppf_wall=2909928ns
gen_n1000_rho0.6_exact-ties_seed7.pcf: n=1000 hpac_breakpoints=210 bppf_distinct=211 hpac=480404ns bppf_internal=2262000ns bppf_wall=3019389ns
gen_n1000_rho0.6_exact-ties_seed8.pcf: n=1000 hpac_breakpoints=203 bppf_distinct=204 hpac=532317ns bppf_internal=2297000ns bppf_wall=3079204ns
gen_n1000_rho0.6_exact-ties_seed9.pcf: n=1000 hpac_breakpoints=186 bppf_distinct=187 hpac=588445ns bppf_internal=2053999ns bppf_wall=2804749ns
gen_n1000_rho0.6_independent-positive_seed0.pcf: n=1000 hpac_breakpoints=711 bppf_distinct=712 hpac=511371ns bppf_internal=6806000ns bppf_wall=7649885ns
gen_n1000_rho0.6_independent-positive_seed1.pcf: n=1000 hpac_breakpoints=707 bppf_distinct=708 hpac=662820ns bppf_internal=6664000ns bppf_wall=7522017ns
gen_n1000_rho0.6_independent-positive_seed2.pcf: n=1000 hpac_breakpoints=702 bppf_distinct=703 hpac=530119ns bppf_internal=6581000ns bppf_wall=7449954ns
gen_n1000_rho0.6_independent-positive_seed3.pcf: n=1000 hpac_breakpoints=691 bppf_distinct=692 hpac=624525ns bppf_internal=6539000ns bppf_wall=7382129ns
gen_n1000_rho0.6_independent-positive_seed4.pcf: n=1000 hpac_breakpoints=724 bppf_distinct=725 hpac=502330ns bppf_internal=6806000ns bppf_wall=7647647ns
gen_n1000_rho0.6_independent-positive_seed5.pcf: n=1000 hpac_breakpoints=699 bppf_distinct=700 hpac=546676ns bppf_internal=6549000ns bppf_wall=7422503ns
gen_n1000_rho0.6_independent-positive_seed6.pcf: n=1000 hpac_breakpoints=693 bppf_distinct=694 hpac=578242ns bppf_internal=6584000ns bppf_wall=7454231ns
gen_n1000_rho0.6_independent-positive_seed7.pcf: n=1000 hpac_breakpoints=705 bppf_distinct=706 hpac=519698ns bppf_internal=6595000ns bppf_wall=7437527ns
gen_n1000_rho0.6_independent-positive_seed8.pcf: n=1000 hpac_breakpoints=699 bppf_distinct=700 hpac=561832ns bppf_internal=6591000ns bppf_wall=7487912ns
gen_n1000_rho0.6_independent-positive_seed9.pcf: n=1000 hpac_breakpoints=704 bppf_distinct=705 hpac=538785ns bppf_internal=6618000ns bppf_wall=7431495ns
gen_n1000_rho0.6_independent-signed_seed0.pcf: n=1000 hpac_breakpoints=711 bppf_distinct=712 hpac=488886ns bppf_internal=6683000ns bppf_wall=7593892ns
gen_n1000_rho0.6_independent-signed_seed1.pcf: n=1000 hpac_breakpoints=715 bppf_distinct=716 hpac=701494ns bppf_internal=6722000ns bppf_wall=7599614ns
gen_n1000_rho0.6_independent-signed_seed2.pcf: n=1000 hpac_breakpoints=705 bppf_distinct=706 hpac=524593ns bppf_internal=6628000ns bppf_wall=7501342ns
gen_n1000_rho0.6_independent-signed_seed3.pcf: n=1000 hpac_breakpoints=702 bppf_distinct=703 hpac=608586ns bppf_internal=6637000ns bppf_wall=7586628ns
gen_n1000_rho0.6_independent-signed_seed4.pcf: n=1000 hpac_breakpoints=715 bppf_distinct=716 hpac=493184ns bppf_internal=6665000ns bppf_wall=7520662ns
gen_n1000_rho0.6_independent-signed_seed5.pcf: n=1000 hpac_breakpoints=722 bppf_distinct=723 hpac=541289ns bppf_internal=6750000ns bppf_wall=7638338ns
gen_n1000_rho0.6_independent-signed_seed6.pcf: n=1000 hpac_breakpoints=695 bppf_distinct=696 hpac=579742ns bppf_internal=6543000ns bppf_wall=7423574ns
gen_n1000_rho0.6_independent-signed_seed7.pcf: n=1000 hpac_breakpoints=712 bppf_distinct=713 hpac=522574ns bppf_internal=6664000ns bppf_wall=7509872ns
gen_n1000_rho0.6_independent-signed_seed8.pcf: n=1000 hpac_breakpoints=713 bppf_distinct=714 hpac=545989ns bppf_internal=6724000ns bppf_wall=7583499ns
gen_n1000_rho0.6_independent-signed_seed9.pcf: n=1000 hpac_breakpoints=678 bppf_distinct=679 hpac=530714ns bppf_internal=6465000ns bppf_wall=7388765ns
gen_n1000_rho0.6_near-ties_seed0.pcf: n=1000 hpac_breakpoints=223 bppf_distinct=224 hpac=475239ns bppf_internal=2422000ns bppf_wall=3213256ns
gen_n1000_rho0.6_near-ties_seed1.pcf: n=1000 hpac_breakpoints=210 bppf_distinct=211 hpac=556867ns bppf_internal=2393000ns bppf_wall=3218224ns
gen_n1000_rho0.6_near-ties_seed2.pcf: n=1000 hpac_breakpoints=213 bppf_distinct=214 hpac=522963ns bppf_internal=2353000ns bppf_wall=3130968ns
gen_n1000_rho0.6_near-ties_seed3.pcf: n=1000 hpac_breakpoints=228 bppf_distinct=229 hpac=509514ns bppf_internal=2476000ns bppf_wall=3265303ns
gen_n1000_rho0.6_near-ties_seed4.pcf: n=1000 hpac_breakpoints=217 bppf_distinct=218 hpac=527036ns bppf_internal=2362000ns bppf_wall=3137601ns
gen_n1000_rho0.6_near-ties_seed5.pcf: n=1000 hpac_breakpoints=218 bppf_distinct=219 hpac=566280ns bppf_internal=2372000ns bppf_wall=3123457ns
gen_n1000_rho0.6_near-ties_seed6.pcf: n=1000 hpac_breakpoints=226 bppf_distinct=227 hpac=579419ns bppf_internal=2487000ns bppf_wall=3261636ns
gen_n1000_rho0.6_near-ties_seed7.pcf: n=1000 hpac_breakpoints=220 bppf_distinct=221 hpac=539434ns bppf_internal=2388000ns bppf_wall=3155403ns
gen_n1000_rho0.6_near-ties_seed8.pcf: n=1000 hpac_breakpoints=222 bppf_distinct=223 hpac=605396ns bppf_internal=2436000ns bppf_wall=3199569ns
gen_n1000_rho0.6_near-ties_seed9.pcf: n=1000 hpac_breakpoints=205 bppf_distinct=206 hpac=520537ns bppf_internal=2258000ns bppf_wall=3023357ns
gen_n1000_rho0.9_anti-correlated_seed0.pcf: n=1000 hpac_breakpoints=533 bppf_distinct=534 hpac=1082339ns bppf_internal=5489000ns bppf_wall=6314360ns
gen_n1000_rho0.9_anti-correlated_seed1.pcf: n=1000 hpac_breakpoints=568 bppf_distinct=569 hpac=1344635ns bppf_internal=5749000ns bppf_wall=6609420ns
gen_n1000_rho0.9_anti-correlated_seed2.pcf: n=1000 hpac_breakpoints=522 bppf_distinct=523 hpac=1319417ns bppf_internal=5448000ns bppf_wall=6275447ns
gen_n1000_rho0.9_anti-correlated_seed3.pcf: n=1000 hpac_breakpoints=567 bppf_distinct=568 hpac=1462817ns bppf_internal=5821000ns bppf_wall=6663951ns
gen_n1000_rho0.9_anti-correlated_seed4.pcf: n=1000 hpac_breakpoints=550 bppf_distinct=551 hpac=1271565ns bppf_internal=5669000ns bppf_wall=6547123ns
gen_n1000_rho0.9_anti-correlated_seed5.pcf: n=1000 hpac_breakpoints=537 bppf_distinct=538 hpac=1169133ns bppf_internal=5481000ns bppf_wall=6304317ns
gen_n1000_rho0.9_anti-correlated_seed6.pcf: n=1000 hpac_breakpoints=524 bppf_distinct=525 hpac=1222719ns bppf_internal=5411000ns bppf_wall=6248087ns
gen_n1000_rho0.9_anti-correlated_seed7.pcf: n=1000 hpac_breakpoints=542 bppf_distinct=543 hpac=1133400ns bppf_internal=5541000ns bppf_wall=6388157ns
gen_n1000_rho0.9_anti-correlated_seed8.pcf: n=1000 hpac_breakpoints=581 bppf_distinct=582 hpac=1082676ns bppf_internal=5860000ns bppf_wall=6733827ns
gen_n1000_rho0.9_anti-correlated_seed9.pcf: n=1000 hpac_breakpoints=549 bppf_distinct=550 hpac=1226737ns bppf_internal=5644000ns bppf_wall=6537349ns
gen_n1000_rho0.9_correlated_seed0.pcf: n=1000 hpac_breakpoints=553 bppf_distinct=554 hpac=1112504ns bppf_internal=5634000ns bppf_wall=6497174ns
gen_n1000_rho0.9_correlated_seed1.pcf: n=1000 hpac_breakpoints=526 bppf_distinct=527 hpac=1288218ns bppf_internal=5446000ns bppf_wall=6306505ns
gen_n1000_rho0.9_correlated_seed2.pcf: n=1000 hpac_breakpoints=550 bppf_distinct=551 hpac=1300301ns bppf_internal=5607000ns bppf_wall=6453103ns
gen_n1000_rho0.9_correlated_seed3.pcf: n=1000 hpac_breakpoints=537 bppf_distinct=538 hpac=1442392ns bppf_internal=5524000ns bppf_wall=6435834ns
gen_n1000_rho0.9_correlated_seed4.pcf: n=1000 hpac_breakpoints=550 bppf_distinct=551 hpac=1231077ns bppf_internal=5665000ns bppf_wall=6567452ns
gen_n1000_rho0.9_correlated_seed5.pcf: n=1000 hpac_breakpoints=548 bppf_distinct=549 hpac=1128310ns bppf_internal=5630000ns bppf_wall=6481874ns
gen_n1000_rho0.9_correlated_seed6.pcf: n=1000 hpac_breakpoints=536 bppf_distinct=537 hpac=1220371ns bppf_internal=5546000ns bppf_wall=6365062ns
gen_n1000_rho0.9_correlated_seed7.pcf: n=1000 hpac_breakpoints=550 bppf_distinct=550 hpac=1160591ns bppf_internal=5591000ns bppf_wall=6439857ns
gen_n1000_rho0.9_correlated_seed8.pcf: n=1000 hpac_breakpoints=571 bppf_distinct=572 hpac=1092421ns bppf_internal=5802000ns bppf_wall=6687680ns
gen_n1000_rho0.9_correlated_seed9.pcf: n=1000 hpac_breakpoints=523 bppf_distinct=524 hpac=1180209ns bppf_internal=5407000ns bppf_wall=6293582ns
gen_n1000_rho0.9_exact-ties_seed0.pcf: n=1000 hpac_breakpoints=205 bppf_distinct=206 hpac=1254475ns bppf_internal=2500000ns bppf_wall=3299563ns
gen_n1000_rho0.9_exact-ties_seed1.pcf: n=1000 hpac_breakpoints=212 bppf_distinct=213 hpac=1143555ns bppf_internal=2627000ns bppf_wall=3424649ns
gen_n1000_rho0.9_exact-ties_seed2.pcf: n=1000 hpac_breakpoints=180 bppf_distinct=181 hpac=1474817ns bppf_internal=2260000ns bppf_wall=3067280ns
gen_n1000_rho0.9_exact-ties_seed3.pcf: n=1000 hpac_breakpoints=214 bppf_distinct=215 hpac=1208189ns bppf_internal=2630000ns bppf_wall=3446448ns
gen_n1000_rho0.9_exact-ties_seed4.pcf: n=1000 hpac_breakpoints=213 bppf_distinct=214 hpac=1373156ns bppf_internal=2574000ns bppf_wall=3367077ns
gen_n1000_rho0.9_exact-ties_seed5.pcf: n=1000 hpac_breakpoints=209 bppf_distinct=210 hpac=1157685ns bppf_internal=2504000ns bppf_wall=3290606ns
gen_n1000_rho0.9_exact-ties_seed6.pcf: n=1000 hpac_breakpoints=207 bppf_distinct=208 hpac=1046862ns bppf_internal=2493000ns bppf_wall=3299775ns
gen_n1000_rho0.9_exact-ties_seed7.pcf: n=1000 hpac_breakpoints=219 bppf_distinct=220 hpac=1404338ns bppf_internal=2652000ns bppf_wall=3452884ns
gen_n1000_rho0.9_exact-ties_seed8.pcf: n=1000 hpac_breakpoints=200 bppf_distinct=201 hpac=1044664ns bppf_internal=2482000ns bppf_wall=3301830ns
gen_n1000_rho0.9_exact-ties_seed9.pcf: n=1000 hpac_breakpoints=204 bppf_distinct=205 hpac=1292166ns bppf_internal=2489000ns bppf_wall=3291462ns
gen_n1000_rho0.9_independent-positive_seed0.pcf: n=1000 hpac_breakpoints=524 bppf_distinct=525 hpac=1216862ns bppf_internal=5483000ns bppf_wall=6330214ns
gen_n1000_rho0.9_independent-positive_seed1.pcf: n=1000 hpac_breakpoints=535 bppf_distinct=536 hpac=1343117ns bppf_internal=5562000ns bppf_wall=6431620ns
gen_n1000_rho0.9_independent-positive_seed2.pcf: n=1000 hpac_breakpoints=564 bppf_distinct=565 hpac=1369872ns bppf_internal=5764000ns bppf_wall=6604081ns
gen_n1000_rho0.9_independent-positive_seed3.pcf: n=1000 hpac_breakpoints=545 bppf_distinct=546 hpac=1472267ns bppf_internal=5694000ns bppf_wall=6534925ns
gen_n1000_rho0.9_independent-positive_seed4.pcf: n=1000 hpac_breakpoints=541 bppf_distinct=542 hpac=1317375ns bppf_internal=5617000ns bppf_wall=6518734ns
gen_n1000_rho0.9_independent-positive_seed5.pcf: n=1000 hpac_breakpoints=543 bppf_distinct=544 hpac=1435763ns bppf_internal=5706000ns bppf_wall=6547125ns
gen_n1000_rho0.9_independent-positive_seed6.pcf: n=1000 hpac_breakpoints=571 bppf_distinct=572 hpac=1041898ns bppf_internal=5855000ns bppf_wall=6684500ns
gen_n1000_rho0.9_independent-positive_seed7.pcf: n=1000 hpac_breakpoints=572 bppf_distinct=573 hpac=1379964ns bppf_internal=5865000ns bppf_wall=6705596ns
gen_n1000_rho0.9_independent-positive_seed8.pcf: n=1000 hpac_breakpoints=551 bppf_distinct=552 hpac=1211680ns bppf_internal=5908000ns bppf_wall=6804751ns
gen_n1000_rho0.9_independent-positive_seed9.pcf: n=1000 hpac_breakpoints=542 bppf_distinct=543 hpac=1311082ns bppf_internal=5697000ns bppf_wall=6581329ns
gen_n1000_rho0.9_independent-signed_seed0.pcf: n=1000 hpac_breakpoints=541 bppf_distinct=542 hpac=1187032ns bppf_internal=5623000ns bppf_wall=6515532ns
gen_n1000_rho0.9_independent-signed_seed1.pcf: n=1000 hpac_breakpoints=548 bppf_distinct=549 hpac=1418753ns bppf_internal=5632000ns bppf_wall=6471294ns
gen_n1000_rho0.9_independent-signed_seed2.pcf: n=1000 hpac_breakpoints=556 bppf_distinct=557 hpac=1383876ns bppf_internal=5722000ns bppf_wall=6571763ns
gen_n1000_rho0.9_independent-signed_seed3.pcf: n=1000 hpac_breakpoints=549 bppf_distinct=550 hpac=1443398ns bppf_internal=5747000ns bppf_wall=6584158ns
gen_n1000_rho0.9_independent-signed_seed4.pcf: n=1000 hpac_breakpoints=532 bppf_distinct=533 hpac=1389374ns bppf_internal=5533000ns bppf_wall=6451200ns
gen_n1000_rho0.9_independent-signed_seed5.pcf: n=1000 hpac_breakpoints=551 bppf_distinct=552 hpac=1383689ns bppf_internal=5659000ns bppf_wall=6485551ns
gen_n1000_rho0.9_independent-signed_seed6.pcf: n=1000 hpac_breakpoints=533 bppf_distinct=534 hpac=1041135ns bppf_internal=5528000ns bppf_wall=6462627ns
gen_n1000_rho0.9_independent-signed_seed7.pcf: n=1000 hpac_breakpoints=566 bppf_distinct=567 hpac=1380326ns bppf_internal=5832000ns bppf_wall=6700376ns
gen_n1000_rho0.9_independent-signed_seed8.pcf: n=1000 hpac_breakpoints=555 bppf_distinct=556 hpac=1202174ns bppf_internal=5720000ns bppf_wall=6564976ns
gen_n1000_rho0.9_independent-signed_seed9.pcf: n=1000 hpac_breakpoints=538 bppf_distinct=539 hpac=1367863ns bppf_internal=5712000ns bppf_wall=6615260ns
gen_n1000_rho0.9_near-ties_seed0.pcf: n=1000 hpac_breakpoints=227 bppf_distinct=228 hpac=1147002ns bppf_internal=2648000ns bppf_wall=3451112ns
gen_n1000_rho0.9_near-ties_seed1.pcf: n=1000 hpac_breakpoints=226 bppf_distinct=227 hpac=1195405ns bppf_internal=2626000ns bppf_wall=3435481ns
gen_n1000_rho0.9_near-ties_seed2.pcf: n=1000 hpac_breakpoints=214 bppf_distinct=215 hpac=1266397ns bppf_internal=2516000ns bppf_wall=3312480ns
gen_n1000_rho0.9_near-ties_seed3.pcf: n=1000 hpac_breakpoints=225 bppf_distinct=226 hpac=1115836ns bppf_internal=2643000ns bppf_wall=3435090ns
gen_n1000_rho0.9_near-ties_seed4.pcf: n=1000 hpac_breakpoints=227 bppf_distinct=228 hpac=1314813ns bppf_internal=2671000ns bppf_wall=3470133ns
gen_n1000_rho0.9_near-ties_seed5.pcf: n=1000 hpac_breakpoints=224 bppf_distinct=225 hpac=1258944ns bppf_internal=2639000ns bppf_wall=3444205ns
gen_n1000_rho0.9_near-ties_seed6.pcf: n=1000 hpac_breakpoints=219 bppf_distinct=220 hpac=1244971ns bppf_internal=2598000ns bppf_wall=3401581ns
gen_n1000_rho0.9_near-ties_seed7.pcf: n=1000 hpac_breakpoints=230 bppf_distinct=231 hpac=1251459ns bppf_internal=2705000ns bppf_wall=3536865ns
gen_n1000_rho0.9_near-ties_seed8.pcf: n=1000 hpac_breakpoints=219 bppf_distinct=220 hpac=1360067ns bppf_internal=2585000ns bppf_wall=3366689ns
gen_n1000_rho0.9_near-ties_seed9.pcf: n=1000 hpac_breakpoints=227 bppf_distinct=228 hpac=1086986ns bppf_internal=2671000ns bppf_wall=3482365ns
gen_n1000_rho1.0_anti-correlated_seed0.pcf: n=1000 hpac_breakpoints=483 bppf_distinct=484 hpac=1565810ns bppf_internal=5210000ns bppf_wall=6043956ns
gen_n1000_rho1.0_anti-correlated_seed1.pcf: n=1000 hpac_breakpoints=496 bppf_distinct=497 hpac=1839667ns bppf_internal=5248000ns bppf_wall=6084736ns
gen_n1000_rho1.0_anti-correlated_seed2.pcf: n=1000 hpac_breakpoints=458 bppf_distinct=459 hpac=2184809ns bppf_internal=5009000ns bppf_wall=5880823ns
gen_n1000_rho1.0_anti-correlated_seed3.pcf: n=1000 hpac_breakpoints=513 bppf_distinct=514 hpac=1465908ns bppf_internal=5421000ns bppf_wall=6277621ns
gen_n1000_rho1.0_anti-correlated_seed4.pcf: n=1000 hpac_breakpoints=499 bppf_distinct=500 hpac=1356010ns bppf_internal=5265000ns bppf_wall=6102552ns
gen_n1000_rho1.0_anti-correlated_seed5.pcf: n=1000 hpac_breakpoints=491 bppf_distinct=492 hpac=2440624ns bppf_internal=5245000ns bppf_wall=6061702ns
gen_n1000_rho1.0_anti-correlated_seed6.pcf: n=1000 hpac_breakpoints=515 bppf_distinct=516 hpac=1904660ns bppf_internal=5439000ns bppf_wall=6368497ns
gen_n1000_rho1.0_anti-correlated_seed7.pcf: n=1000 hpac_breakpoints=502 bppf_distinct=503 hpac=1537842ns bppf_internal=5295000ns bppf_wall=6126642ns
gen_n1000_rho1.0_anti-correlated_seed8.pcf: n=1000 hpac_breakpoints=504 bppf_distinct=505 hpac=2144923ns bppf_internal=5334000ns bppf_wall=6166292ns
gen_n1000_rho1.0_anti-correlated_seed9.pcf: n=1000 hpac_breakpoints=502 bppf_distinct=503 hpac=1786892ns bppf_internal=5319000ns bppf_wall=6159125ns
gen_n1000_rho1.0_correlated_seed0.pcf: n=1000 hpac_breakpoints=490 bppf_distinct=491 hpac=1614645ns bppf_internal=5176000ns bppf_wall=6035727ns
gen_n1000_rho1.0_correlated_seed1.pcf: n=1000 hpac_breakpoints=487 bppf_distinct=488 hpac=1731265ns bppf_internal=5179000ns bppf_wall=6009520ns
gen_n1000_rho1.0_correlated_seed2.pcf: n=1000 hpac_breakpoints=485 bppf_distinct=486 hpac=2094509ns bppf_internal=5382000ns bppf_wall=6264685ns
gen_n1000_rho1.0_correlated_seed3.pcf: n=1000 hpac_breakpoints=494 bppf_distinct=495 hpac=1585874ns bppf_internal=5381000ns bppf_wall=6236278ns
gen_n1000_rho1.0_correlated_seed4.pcf: n=1000 hpac_breakpoints=539 bppf_distinct=540 hpac=1373759ns bppf_internal=5745000ns bppf_wall=6606720ns
gen_n1000_rho1.0_correlated_seed5.pcf: n=1000 hpac_breakpoints=472 bppf_distinct=472 hpac=2501770ns bppf_internal=5223000ns bppf_wall=6107626ns
gen_n1000_rho1.0_correlated_seed6.pcf: n=1000 hpac_breakpoints=519 bppf_distinct=520 hpac=1612958ns bppf_internal=5731000ns bppf_wall=6647180ns
gen_n1000_rho1.0_correlated_seed7.pcf: n=1000 hpac_breakpoints=493 bppf_distinct=494 hpac=1518276ns bppf_internal=5231000ns bppf_wall=6069962ns
gen_n1000_rho1.0_correlated_seed8.pcf: n=1000 hpac_breakpoints=511 bppf_distinct=512 hpac=1925974ns bppf_internal=5432000ns bppf_wall=6394941ns
gen_n1000_rho1.0_correlated_seed9.pcf: n=1000 hpac_breakpoints=506 bppf_distinct=507 hpac=1770874ns bppf_internal=5377000ns bppf_wall=6212489ns
gen_n1000_rho1.0_exact-ties_seed0.pcf: n=1000 hpac_breakpoints=222 bppf_distinct=223 hpac=1582437ns bppf_internal=2733000ns bppf_wall=3515734ns
gen_n1000_rho1.0_exact-ties_seed1.pcf: n=1000 hpac_breakpoints=206 bppf_distinct=207 hpac=1723313ns bppf_internal=2664000ns bppf_wall=3469510ns
gen_n1000_rho1.0_exact-ties_seed2.pcf: n=1000 hpac_breakpoints=213 bppf_distinct=214 hpac=1633396ns bppf_internal=2720000ns bppf_wall=3561747ns
gen_n1000_rho1.0_exact-ties_seed3.pcf: n=1000 hpac_breakpoints=197 bppf_distinct=198 hpac=1910108ns bppf_internal=2540000ns bppf_wall=3338520ns
gen_n1000_rho1.0_exact-ties_seed4.pcf: n=1000 hpac_breakpoints=206 bppf_distinct=207 hpac=1814777ns bppf_internal=2639000ns bppf_wall=3453875ns
gen_n1000_rho1.0_exact-ties_seed5.pcf: n=1000 hpac_breakpoints=207 bppf_distinct=208 hpac=1685170ns bppf_internal=2621000ns bppf_wall=3419785ns
gen_n1000_rho1.0_exact-ties_seed6.pcf: n=1000 hpac_breakpoints=210 bppf_distinct=211 hpac=1357934ns bppf_internal=2591000ns bppf_wall=3392369ns
gen_n1000_rho1.0_exact-ties_seed7.pcf: n=1000 hpac_breakpoints=200 bppf_distinct=201 hpac=1496825ns bppf_internal=2553000ns bppf_wall=3342060ns
gen_n1000_rho1.0_exact-ties_seed8.pcf: n=1000 hpac_breakpoints=207 bppf_distinct=208 hpac=1892760ns bppf_internal=2686000ns bppf_wall=3500794ns
gen_n1000_rho1.0_exact-ties_seed9.pcf: n=1000 hpac_breakpoints=183 bppf_distinct=184 hpac=1637109ns bppf_internal=2417000ns bppf_wall=3206580ns
gen_n1000_rho1.0_independent-positive_seed0.pcf: n=1000 hpac_breakpoints=489 bppf_distinct=490 hpac=1726905ns bppf_internal=5251000ns bppf_wall=6131435ns
gen_n1000_rho1.0_independent-positive_seed1.pcf: n=1000 hpac_breakpoints=521 bppf_distinct=522 hpac=1834557ns bppf_internal=5559000ns bppf_wall=6414915ns
gen_n1000_rho1.0_independent-positive_seed2.pcf: n=1000 hpac_breakpoints=502 bppf_distinct=503 hpac=1953219ns bppf_internal=5343000ns bppf_wall=6193340ns
gen_n1000_rho1.0_independent-positive_seed3.pcf: n=1000 hpac_breakpoints=499 bppf_distinct=500 hpac=1520559ns bppf_internal=5303000ns bppf_wall=6169675ns
gen_n1000_rho1.0_independent-positive_seed4.pcf: n=1000 hpac_breakpoints=518 bppf_distinct=519 hpac=1432712ns bppf_internal=5469000ns bppf_wall=6418277ns
gen_n1000_rho1.0_independent-positive_seed5.pcf: n=1000 hpac_breakpoints=485 bppf_distinct=486 hpac=1802459ns bppf_internal=5265000ns bppf_wall=6142522ns
gen_n1000_rho1.0_independent-positive_seed6.pcf: n=1000 hpac_breakpoints=507 bppf_distinct=508 hpac=1270303ns bppf_internal=5348000ns bppf_wall=6171608ns
gen_n1000_rho1.0_independent-positive_seed7.pcf: n=1000 hpac_breakpoints=499 bppf_distinct=500 hpac=1669067ns bppf_internal=5325000ns bppf_wall=6174127ns
gen_n1000_rho1.0_independent-positive_seed8.pcf: n=1000 hpac_breakpoints=528 bppf_distinct=529 hpac=1935620ns bppf_internal=5624000ns bppf_wall=6475655ns
gen_n1000_rho1.0_independent-positive_seed9.pcf: n=1000 hpac_breakpoints=555 bppf_distinct=556 hpac=1536773ns bppf_internal=5794000ns bppf_wall=6774599ns
gen_n1000_rho1.0_independent-signed_seed0.pcf: n=1000 hpac_breakpoints=507 bppf_distinct=508 hpac=1482625ns bppf_internal=5324000ns bppf_wall=6176773ns
gen_n1000_rho1.0_independent-signed_seed1.pcf: n=1000 hpac_breakpoints=510 bppf_distinct=511 hpac=1803796ns bppf_internal=5442000ns bppf_wall=6294819ns
gen_n1000_rho1.0_independent-signed_seed2.pcf: n=1000 hpac_breakpoints=508 bppf_distinct=509 hpac=1837162ns bppf_internal=5480000ns bppf_wall=6315197ns
gen_n1000_rho1.0_independent-signed_seed3.pcf: n=1000 hpac_breakpoints=483 bppf_distinct=484 hpac=1599593ns bppf_internal=5260000ns bppf_wall=6174094ns
gen_n1000_rho1.0_independent-signed_seed4.pcf: n=1000 hpac_breakpoints=540 bppf_distinct=541 hpac=1402060ns bppf_internal=5686000ns bppf_wall=6548550ns
gen_n1000_rho1.0_independent-signed_seed5.pcf: n=1000 hpac_breakpoints=527 bppf_distinct=528 hpac=1855322ns bppf_internal=5532000ns bppf_wall=6423657ns
gen_n1000_rho1.0_independent-signed_seed6.pcf: n=1000 hpac_breakpoints=505 bppf_distinct=506 hpac=1822631ns bppf_internal=5316000ns bppf_wall=6217220ns
gen_n1000_rho1.0_independent-signed_seed7.pcf: n=1000 hpac_breakpoints=514 bppf_distinct=515 hpac=1677718ns bppf_internal=5508000ns bppf_wall=6389706ns
gen_n1000_rho1.0_independent-signed_seed8.pcf: n=1000 hpac_breakpoints=502 bppf_distinct=503 hpac=1727034ns bppf_internal=5522000ns bppf_wall=6471733ns
gen_n1000_rho1.0_independent-signed_seed9.pcf: n=1000 hpac_breakpoints=536 bppf_distinct=537 hpac=1638786ns bppf_internal=5833000ns bppf_wall=7170406ns
gen_n1000_rho1.0_near-ties_seed0.pcf: n=1000 hpac_breakpoints=223 bppf_distinct=224 hpac=1547176ns bppf_internal=2739000ns bppf_wall=3607632ns
gen_n1000_rho1.0_near-ties_seed1.pcf: n=1000 hpac_breakpoints=214 bppf_distinct=215 hpac=1725763ns bppf_internal=2658000ns bppf_wall=3500094ns
gen_n1000_rho1.0_near-ties_seed2.pcf: n=1000 hpac_breakpoints=205 bppf_distinct=206 hpac=1877459ns bppf_internal=2515000ns bppf_wall=3485005ns
gen_n1000_rho1.0_near-ties_seed3.pcf: n=1000 hpac_breakpoints=232 bppf_distinct=233 hpac=1532164ns bppf_internal=2802000ns bppf_wall=3658293ns
gen_n1000_rho1.0_near-ties_seed4.pcf: n=1000 hpac_breakpoints=232 bppf_distinct=233 hpac=1519251ns bppf_internal=2901000ns bppf_wall=3870322ns
gen_n1000_rho1.0_near-ties_seed5.pcf: n=1000 hpac_breakpoints=238 bppf_distinct=239 hpac=1386149ns bppf_internal=2871000ns bppf_wall=3743609ns
gen_n1000_rho1.0_near-ties_seed6.pcf: n=1000 hpac_breakpoints=230 bppf_distinct=231 hpac=1781795ns bppf_internal=2971000ns bppf_wall=4214240ns
gen_n1000_rho1.0_near-ties_seed7.pcf: n=1000 hpac_breakpoints=222 bppf_distinct=223 hpac=1573781ns bppf_internal=2817000ns bppf_wall=3689646ns
gen_n1000_rho1.0_near-ties_seed8.pcf: n=1000 hpac_breakpoints=213 bppf_distinct=214 hpac=1594852ns bppf_internal=2713000ns bppf_wall=3657662ns
gen_n1000_rho1.0_near-ties_seed9.pcf: n=1000 hpac_breakpoints=215 bppf_distinct=216 hpac=2051155ns bppf_internal=2601000ns bppf_wall=3394445ns
gen_n100_rho0.3_anti-correlated_seed0.pcf: n=100 hpac_breakpoints=88 bppf_distinct=89 hpac=21359ns bppf_internal=132000ns bppf_wall=566006ns
gen_n100_rho0.3_anti-correlated_seed1.pcf: n=100 hpac_breakpoints=84 bppf_distinct=85 hpac=22571ns bppf_internal=128000ns bppf_wall=546711ns
gen_n100_rho0.3_anti-correlated_seed2.pcf: n=100 hpac_breakpoints=82 bppf_distinct=83 hpac=21633ns bppf_internal=124000ns bppf_wall=547619ns
gen_n100_rho0.3_anti-correlated_seed3.pcf: n=100 hpac_breakpoints=87 bppf_distinct=88 hpac=21385ns bppf_internal=128999ns bppf_wall=559603ns
gen_n100_rho0.3_anti-correlated_seed4.pcf: n=100 hpac_breakpoints=86 bppf_distinct=87 hpac=19583ns bppf_internal=128000ns bppf_wall=576933ns
gen_n100_rho0.3_anti-correlated_seed5.pcf: n=100 hpac_breakpoints=88 bppf_distinct=89 hpac=23845ns bppf_internal=132000ns bppf_wall=558752ns
gen_n100_rho0.3_anti-correlated_seed6.pcf: n=100 hpac_breakpoints=83 bppf_distinct=84 hpac=21716ns bppf_internal=123000ns bppf_wall=551454ns
gen_n100_rho0.3_anti-correlated_seed7.pcf: n=100 hpac_breakpoints=82 bppf_distinct=83 hpac=22539ns bppf_internal=126000ns bppf_wall=546546ns
gen_n100_rho0.3_anti-correlated_seed8.pcf: n=100 hpac_breakpoints=87 bppf_distinct=88 hpac=20714ns bppf_internal=131000ns bppf_wall=549485ns
gen_n100_rho0.3_anti-correlated_seed9.pcf: n=100 hpac_breakpoints=91 bppf_distinct=92 hpac=22828ns bppf_internal=128999ns bppf_wall=550055ns
gen_n100_rho0.3_correlated_seed0.pcf: n=100 hpac_breakpoints=88 bppf_distinct=89 hpac=19557ns bppf_internal=128999ns bppf_wall=549499ns
gen_n100_rho0.3_correlated_seed1.pcf: n=100 hpac_breakpoints=87 bppf_distinct=88 hpac=20602ns bppf_internal=131000ns bppf_wall=563036ns
gen_n100_rho0.3_correlated_seed2.pcf: n=100 hpac_breakpoints=88 bppf_distinct=89 hpac=21601ns bppf_internal=131000ns bppf_wall=561588ns
gen_n100_rho0.3_correlated_seed3.pcf: n=100 hpac_breakpoints=87 bppf_distinct=88 hpac=23856ns bppf_internal=128000ns bppf_wall=549545ns
gen_n100_rho0.3_correlated_seed4.pcf: n=100 hpac_breakpoints=86 bppf_distinct=87 hpac=22560ns bppf_internal=128000ns bppf_wall=553562ns
gen_n100_rho0.3_correlated_seed5.pcf: n=100 hpac_breakpoints=81 bppf_distinct=82 hpac=25084ns bppf_internal=122000ns bppf_wall=544840ns
gen_n100_rho0.3_correlated_seed6.pcf: n=100 hpac_breakpoints=85 bppf_distinct=86 hpac=20555ns bppf_internal=126000ns bppf_wall=552346ns
gen_n100_rho0.3_correlated_seed7.pcf: n=100 hpac_breakpoints=82 bppf_distinct=83 hpac=26984ns bppf_internal=125000ns bppf_wall=550172ns
gen_n100_rho0.3_correlated_seed8.pcf: n=100 hpac_breakpoints=84 bppf_distinct=85 hpac=25721ns bppf_internal=127000ns bppf_wall=554989ns
gen_n100_rho0.3_correlated_seed9.pcf: n=100 hpac_breakpoints=85 bppf_distinct=86 hpac=20550ns bppf_internal=128000ns bppf_wall=550378ns
gen_n100_rho0.3_exact-ties_seed0.pcf: n=100 hpac_breakpoints=15 bppf_distinct=16 hpac=16668ns bppf_internal=32000ns bppf_wall=446891ns
gen_n100_rho0.3_exact-ties_seed1.pcf: n=100 hpac_breakpoints=14 bppf_distinct=15 hpac=20114ns bppf_internal=31000ns bppf_wall=436862ns
gen_n100_rho0.3_exact-ties_seed2.pcf: n=100 hpac_breakpoints=15 bppf_distinct=16 hpac=15567ns bppf_internal=33000ns bppf_wall=439541ns
gen_n100_rho0.3_exact-ties_seed3.pcf: n=100 hpac_breakpoints=14 bppf_distinct=15 hpac=18646ns bppf_internal=30000ns bppf_wall=450766ns
gen_n100_rho0.3_exact-ties_seed4.pcf: n=100 hpac_breakpoints=11 bppf_distinct=12 hpac=12802ns bppf_internal=26000ns bppf_wall=432413ns
gen_n100_rho0.3_exact-ties_seed5.pcf: n=100 hpac_breakpoints=15 bppf_distinct=16 hpac=16644ns bppf_internal=34000ns bppf_wall=438730ns
gen_n100_rho0.3_exact-ties_seed6.pcf: n=100 hpac_breakpoints=17 bppf_distinct=18 hpac=20373ns bppf_internal=37000ns bppf_wall=443404ns
gen_n100_rho0.3_exact-ties_seed7.pcf: n=100 hpac_breakpoints=13 bppf_distinct=14 hpac=13488ns bppf_internal=30000ns bppf_wall=440291ns
gen_n100_rho0.3_exact-ties_seed8.pcf: n=100 hpac_breakpoints=10 bppf_distinct=11 hpac=22319ns bppf_internal=28000ns bppf_wall=438257ns
gen_n100_rho0.3_exact-ties_seed9.pcf: n=100 hpac_breakpoints=13 bppf_distinct=14 hpac=18173ns bppf_internal=30000ns bppf_wall=446226ns
gen_n100_rho0.3_independent-positive_seed0.pcf: n=100 hpac_breakpoints=86 bppf_distinct=87 hpac=25157ns bppf_internal=132000ns bppf_wall=554337ns
gen_n100_rho0.3_independent-positive_seed1.pcf: n=100 hpac_breakpoints=81 bppf_distinct=82 hpac=23923ns bppf_internal=125000ns bppf_wall=544418ns
gen_n100_rho0.3_independent-positive_seed2.pcf: n=100 hpac_breakpoints=86 bppf_distinct=87 hpac=26457ns bppf_internal=128999ns bppf_wall=551435ns
gen_n100_rho0.3_independent-positive_seed3.pcf: n=100 hpac_breakpoints=83 bppf_distinct=84 hpac=25927ns bppf_internal=127000ns bppf_wall=546822ns
gen_n100_rho0.3_independent-positive_seed4.pcf: n=100 hpac_breakpoints=85 bppf_distinct=86 hpac=22130ns bppf_internal=128000ns bppf_wall=561435ns
gen_n100_rho0.3_independent-positive_seed5.pcf: n=100 hpac_breakpoints=84 bppf_distinct=85 hpac=26338ns bppf_internal=134000ns bppf_wall=585132ns
gen_n100_rho0.3_independent-positive_seed6.pcf: n=100 hpac_breakpoints=80 bppf_distinct=81 hpac=25283ns bppf_internal=129999ns bppf_wall=574983ns
gen_n100_rho0.3_independent-positive_seed7.pcf: n=100 hpac_breakpoints=82 bppf_distinct=83 hpac=24714ns bppf_internal=134000ns bppf_wall=584360ns
gen_n100_rho0.3_independent-positive_seed8.pcf: n=100 hpac_breakpoints=84 bppf_distinct=85 hpac=24701ns bppf_internal=138000ns bppf_wall=605715ns
gen_n100_rho0.3_independent-positive_seed9.pcf: n=100 hpac_breakpoints=87 bppf_distinct=88 hpac=26710ns bppf_internal=140000ns bppf_wall=593479ns
gen_n100_rho0.3_independent-signed_seed0.pcf: n=100 hpac_breakpoints=85 bppf_distinct=86 hpac=22936ns bppf_internal=137000ns bppf_wall=593262ns
gen_n100_rho0.3_independent-signed_seed1.pcf: n=100 hpac_breakpoints=77 bppf_distinct=78 hpac=31146ns bppf_internal=131000ns bppf_wall=589870ns
gen_n100_rho0.3_independent-signed_seed2.pcf: n=100 hpac_breakpoints=85 bppf_distinct=86 hpac=23386ns bppf_internal=136000ns bppf_wall=584475ns
gen_n100_rho0.3_independent-signed_seed3.pcf: n=100 hpac_breakpoints=84 bppf_distinct=85 hpac=24406ns bppf_internal=131000ns bppf_wall=573989ns
gen_n100_rho0.3_independent-signed_seed4.pcf: n=100 hpac_breakpoints=86 bppf_distinct=87 hpac=23156ns bppf_internal=135000ns bppf_wall=584447ns
gen_n100_rho0.3_independent-signed_seed5.pcf: n=100 hpac_breakpoints=84 bppf_distinct=85 hpac=25120ns bppf_internal=129999ns bppf_wall=567609ns
gen_n100_rho0.3_independent-signed_seed6.pcf: n=100 hpac_breakpoints=85 bppf_distinct=86 hpac=24866ns bppf_internal=131000ns bppf_wall=562587ns
gen_n100_rho0.3_independent-signed_seed7.pcf: n=100 hpac_breakpoints=87 bppf_distinct=88 hpac=23948ns bppf_internal=134000ns bppf_wall=565399ns
gen_n100_rho0.3_independent-signed_seed8.pcf: n=100 hpac_breakpoints=82 bppf_distinct=83 hpac=25600ns bppf_internal=128000ns bppf_wall=563289ns
gen_n100_rho0.3_independent-signed_seed9.pcf: n=100 hpac_breakpoints=87 bppf_distinct=88 hpac=23821ns bppf_internal=132000ns bppf_wall=564246ns
gen_n100_rho0.3_near-ties_seed0.pcf: n=100 hpac_breakpoints=70 bppf_distinct=71 hpac=23789ns bppf_internal=101000ns bppf_wall=518642ns
gen_n100_rho0.3_near-ties_seed1.pcf: n=100 hpac_breakpoints=63 bppf_distinct=64 hpac=17977ns bppf_internal=97000ns bppf_wall=531670ns
gen_n100_rho0.3_near-ties_seed2.pcf: n=100 hpac_breakpoints=65 bppf_distinct=66 hpac=30888ns bppf_internal=101000ns bppf_wall=528041ns
gen_n100_rho0.3_near-ties_seed3.pcf: n=100 hpac_breakpoints=63 bppf_distinct=64 hpac=23244ns bppf_internal=99000ns bppf_wall=524042ns
gen_n100_rho0.3_near-ties_seed4.pcf: n=100 hpac_breakpoints=65 bppf_distinct=66 hpac=21310ns bppf_internal=103000ns bppf_wall=547826ns
gen_n100_rho0.3_near-ties_seed5.pcf: n=100 hpac_breakpoints=65 bppf_distinct=66 hpac=25158ns bppf_internal=97000ns bppf_wall=521762ns
gen_n100_rho0.3_near-ties_seed6.pcf: n=100 hpac_breakpoints=67 bppf_distinct=68 hpac=26959ns bppf_internal=104000ns bppf_wall=522791ns
gen_n100_rho0.3_near-ties_seed7.pcf: n=100 hpac_breakpoints=69 bppf_distinct=70 hpac=22374ns bppf_internal=101000ns bppf_wall=519838ns
gen_n100_rho0.3_near-ties_seed8.pcf: n=100 hpac_breakpoints=66 bppf_distinct=67 hpac=24490ns bppf_internal=102000ns bppf_wall=522119ns
gen_n100_rho0.3_near-ties_seed9.pcf: n=100 hpac_breakpoints=60 bppf_distinct=61 hpac=20043ns bppf_internal=91000ns bppf_wall=507498ns
gen_n100_rho0.6_anti-correlated_seed0.pcf: n=100 hpac_breakpoints=60 bppf_distinct=61 hpac=42242ns bppf_internal=107000ns bppf_wall=524499ns
gen_n100_rho0.6_anti-correlated_seed1.pcf: n=100 hpac_breakpoints=70 bppf_distinct=71 hpac=39923ns bppf_internal=121000ns bppf_wall=540315ns
gen_n100_rho0.6_anti-correlated_seed2.pcf: n=100 hpac_breakpoints=73 bppf_distinct=74 hpac=30066ns bppf_internal=121000ns bppf_wall=548662ns
gen_n100_rho0.6_anti-correlated_seed3.pcf: n=100 hpac_breakpoints=80 bppf_distinct=81 hpac=30337ns bppf_internal=128999ns bppf_wall=565536ns
gen_n100_rho0.6_anti-correlated_seed4.pcf: n=100 hpac_breakpoints=73 bppf_distinct=74 hpac=51233ns bppf_internal=119000ns bppf_wall=547435ns
gen_n100_rho0.6_anti-correlated_seed5.pcf: n=100 hpac_breakpoints=73 bppf_distinct=74 hpac=31913ns bppf_internal=120000ns bppf_wall=543324ns
gen_n100_rho0.6_anti-correlated_seed6.pcf: n=100 hpac_breakpoints=77 bppf_distinct=78 hpac=35429ns bppf_internal=123000ns bppf_wall=548146ns
gen_n100_rho0.6_anti-correlated_seed7.pcf: n=100 hpac_breakpoints=76 bppf_distinct=77 hpac=43394ns bppf_internal=126000ns bppf_wall=545349ns
gen_n100_rho0.6_anti-correlated_seed8.pcf: n=100 hpac_breakpoints=77 bppf_distinct=78 hpac=39110ns bppf_internal=125000ns bppf_wall=557700ns
gen_n100_rho0.6_anti-correlated_seed9.pcf: n=100 hpac_breakpoints=67 bppf_distinct=68 hpac=47479ns bppf_internal=115000ns bppf_wall=538207ns
gen_n100_rho0.6_correlated_seed0.pcf: n=100 hpac_breakpoints=72 bppf_distinct=73 hpac=52211ns bppf_internal=122000ns bppf_wall=544509ns
gen_n100_rho0.6_correlated_seed1.pcf: n=100 hpac_breakpoints=75 bppf_distinct=76 hpac=33536ns bppf_internal=123000ns bppf_wall=548144ns
gen_n100_rho0.6_correlated_seed2.pcf: n=100 hpac_breakpoints=76 bppf_distinct=77 hpac=28297ns bppf_internal=124000ns bppf_wall=550808ns
gen_n100_rho0.6_correlated_seed3.pcf: n=100 hpac_breakpoints=74 bppf_distinct=75 hpac=30912ns bppf_internal=120000ns bppf_wall=545214ns
gen_n100_rho0.6_correlated_seed4.pcf: n=100 hpac_breakpoints=68 bppf_distinct=69 hpac=50284ns bppf_internal=118000ns bppf_wall=539897ns
gen_n100_rho0.6_correlated_seed5.pcf: n=100 hpac_breakpoints=76 bppf_distinct=77 hpac=30754ns bppf_internal=120000ns bppf_wall=546594ns
gen_n100_rho0.6_correlated_seed6.pcf: n=100 hpac_breakpoints=73 bppf_distinct=74 hpac=31956ns bppf_internal=117000ns bppf_wall=544738ns
gen_n100_rho0.6_correlated_seed7.pcf: n=100 hpac_breakpoints=78 bppf_distinct=79 hpac=33305ns bppf_internal=125000ns bppf_wall=553731ns
gen_n100_rho0.6_correlated_seed8.pcf: n=100 hpac_breakpoints=78 bppf_distinct=79 hpac=40158ns bppf_internal=124000ns bppf_wall=545844ns
gen_n100_rho0.6_correlated_seed9.pcf: n=100 hpac_breakpoints=66 bppf_distinct=67 hpac=44041ns bppf_internal=116000ns bppf_wall=535405ns
gen_n100_rho0.6_exact-ties_seed0.pcf: n=100 hpac_breakpoints=18 bppf_distinct=19 hpac=35808ns bppf_internal=41000ns bppf_wall=468324ns
gen_n100_rho0.6_exact-ties_seed1.pcf: n=100 hpac_breakpoints=18 bppf_distinct=19 hpac=41985ns bppf_internal=42000ns bppf_wall=457805ns
gen_n100_rho0.6_exact-ties_seed2.pcf: n=100 hpac_breakpoints=21 bppf_distinct=22 hpac=34894ns bppf_internal=48000ns bppf_wall=461479ns
gen_n100_rho0.6_exact-ties_seed3.pcf: n=100 hpac_breakpoints=15 bppf_distinct=16 hpac=27532ns bppf_internal=36000ns bppf_wall=443325ns
gen_n100_rho0.6_exact-ties_seed4.pcf: n=100 hpac_breakpoints=22 bppf_distinct=23 hpac=37007ns bppf_internal=51000ns bppf_wall=465275ns
gen_n100_rho0.6_exact-ties_seed5.pcf: n=100 hpac_breakpoints=19 bppf_distinct=20 hpac=22950ns bppf_internal=43000ns bppf_wall=453348ns
gen_n100_rho0.6_exact-ties_seed6.pcf: n=100 hpac_breakpoints=16 bppf_distinct=17 hpac=41428ns bppf_internal=39000ns bppf_wall=452261ns
gen_n100_rho0.6_exact-ties_seed7.pcf: n=100 hpac_breakpoints=21 bppf_distinct=22 hpac=28479ns bppf_internal=49000ns bppf_wall=476625ns
gen_n100_rho0.6_exact-ties_seed8.pcf: n=100 hpac_breakpoints=18 bppf_distinct=19 hpac=32840ns bppf_internal=40000ns bppf_wall=460899ns
gen_n100_rho0.6_exact-ties_seed9.pcf: n=100 hpac_breakpoints=18 bppf_distinct=19 hpac=27013ns bppf_internal=43000ns bppf_wall=457241ns
gen_n100_rho0.6_independent-positive_seed0.pcf: n=100 hpac_breakpoints=63 bppf_distinct=64 hpac=43871ns bppf_internal=111000ns bppf_wall=545979ns
gen_n100_rho0.6_independent-positive_seed1.pcf: n=100 hpac_breakpoints=69 bppf_distinct=70 hpac=52673ns bppf_internal=114000ns bppf_wall=544888ns
gen_n100_rho0.6_independent-positive_seed2.pcf: n=100 hpac_breakpoints=76 bppf_distinct=77 hpac=30726ns bppf_internal=121000ns bppf_wall=547527ns
gen_n100_rho0.6_independent-positive_seed3.pcf: n=100 hpac_breakpoints=76 bppf_distinct=77 hpac=47855ns bppf_internal=128000ns bppf_wall=556797ns
gen_n100_rho0.6_independent-positive_seed4.pcf: n=100 hpac_breakpoints=72 bppf_distinct=73 hpac=52235ns bppf_internal=123000ns bppf_wall=548491ns
gen_n100_rho0.6_independent-positive_seed5.pcf: n=100 hpac_breakpoints=76 bppf_distinct=77 hpac=36789ns bppf_internal=121000ns bppf_wall=541936ns
gen_n100_rho0.6_independent-positive_seed6.pcf: n=100 hpac_breakpoints=72 bppf_distinct=73 hpac=39001ns bppf_internal=120000ns bppf_wall=563481ns
gen_n100_rho0.6_independent-positive_seed7.pcf: n=100 hpac_breakpoints=63 bppf_distinct=64 hpac=48885ns bppf_internal=112000ns bppf_wall=546256ns
gen_n100_rho0.6_independent-positive_seed8.pcf: n=100 hpac_breakpoints=66 bppf_distinct=67 hpac=38616ns bppf_internal=118000ns bppf_wall=553415ns
gen_n100_rho0.6_independent-positive_seed9.pcf: n=100 hpac_breakpoints=71 bppf_distinct=72 hpac=42761ns bppf_internal=118000ns bppf_wall=546658ns
gen_n100_rho0.6_independent-signed_seed0.pcf: n=100 hpac_breakpoints=66 bppf_distinct=67 hpac=58963ns bppf_internal=114000ns bppf_wall=536821ns
gen_n100_rho0.6_independent-signed_seed1.pcf: n=100 hpac_breakpoints=68 bppf_distinct=69 hpac=36847ns bppf_internal=113000ns bppf_wall=535714ns
gen_n100_rho0.6_independent-signed_seed2.pcf: n=100 hpac_breakpoints=77 bppf_distinct=78 hpac=29865ns bppf_internal=121000ns bppf_wall=542388ns
gen_n100_rho0.6_independent-signed_seed3.pcf: n=100 hpac_breakpoints=62 bppf_distinct=63 hpac=42314ns bppf_internal=112000ns bppf_wall=532236ns
gen_n100_rho0.6_independent-signed_seed4.pcf: n=100 hpac_breakpoints=73 bppf_distinct=74 hpac=46615ns bppf_internal=121000ns bppf_wall=539481ns
gen_n100_rho0.6_independent-signed_seed5.pcf: n=100 hpac_breakpoints=78 bppf_distinct=79 hpac=38072ns bppf_internal=123000ns bppf_wall=551794ns
gen_n100_rho0.6_independent-signed_seed6.pcf: n=100 hpac_breakpoints=74 bppf_distinct=75 hpac=39125ns bppf_internal=119000ns bppf_wall=545526ns
gen_n100_rho0.6_independent-signed_seed7.pcf: n=100 hpac_breakpoints=64 bppf_distinct=65 hpac=43087ns bppf_internal=114000ns bppf_wall=535297ns
gen_n100_rho0.6_independent-signed_seed8.pcf: n=100 hpac_breakpoints=69 bppf_distinct=70 hpac=45087ns bppf_internal=116000ns bppf_wall=544188ns
gen_n100_rho0.6_independent-signed_seed9.pcf: n=100 hpac_breakpoints=72 bppf_distinct=73 hpac=48724ns bppf_internal=120000ns bppf_wall=548665ns
gen_n100_rho0.6_near-ties_seed0.pcf: n=100 hpac_breakpoints=56 bppf_distinct=57 hpac=56758ns bppf_internal=97000ns bppf_wall=530192ns
gen_n100_rho0.6_near-ties_seed1.pcf: n=100 hpac_breakpoints=61 bppf_distinct=62 hpac=46875ns bppf_internal=104000ns bppf_wall=531452ns
gen_n100_rho0.6_near-ties_seed2.pcf: n=100 hpac_breakpoints=64 bppf_distinct=65 hpac=44020ns bppf_internal=107000ns bppf_wall=533878ns
gen_n100_rho0.6_near-ties_seed3.pcf: n=100 hpac_breakpoints=58 bppf_distinct=59 hpac=54877ns bppf_internal=103000ns bppf_wall=534933ns
gen_n100_rho0.6_near-ties_seed4.pcf: n=100 hpac_breakpoints=63 bppf_distinct=64 hpac=32993ns bppf_internal=103000ns bppf_wall=533957ns
gen_n100_rho0.6_near-ties_seed5.pcf: n=100 hpac_breakpoints=57 bppf_distinct=58 hpac=32863ns bppf_internal=97000ns bppf_wall=535258ns
gen_n100_rho0.6_near-ties_seed6.pcf: n=100 hpac_breakpoints=58 bppf_distinct=59 hpac=38602ns bppf_internal=101000ns bppf_wall=531316ns
gen_n100_rho0.6_near-ties_seed7.pcf: n=100 hpac_breakpoints=62 bppf_distinct=63 hpac=31362ns bppf_internal=105000ns bppf_wall=532578ns
gen_n100_rho0.6_near-ties_seed8.pcf: n=100 hpac_breakpoints=55 bppf_distinct=56 hpac=41022ns bppf_internal=93000ns bppf_wall=521247ns
gen_n100_rho0.6_near-ties_seed9.pcf: n=100 hpac_breakpoints=60 bppf_distinct=61 hpac=37113ns bppf_internal=100000ns bppf_wall=534392ns
gen_n100_rho0.9_anti-correlated_seed0.pcf: n=100 hpac_breakpoints=61 bppf_distinct=62 hpac=69210ns bppf_internal=113000ns bppf_wall=554823ns
gen_n100_rho0.9_anti-correlated_seed1.pcf: n=100 hpac_breakpoints=57 bppf_distinct=58 hpac=100488ns bppf_internal=110000ns bppf_wall=547475ns
gen_n100_rho0.9_anti-correlated_seed2.pcf: n=100 hpac_breakpoints=57 bppf_distinct=58 hpac=82517ns bppf_internal=107000ns bppf_wall=545337ns
gen_n100_rho0.9_anti-correlated_seed3.pcf: n=100 hpac_breakpoints=51 bppf_distinct=52 hpac=110639ns bppf_internal=103000ns bppf_wall=529428ns
gen_n100_rho0.9_anti-correlated_seed4.pcf: n=100 hpac_breakpoints=64 bppf_distinct=65 hpac=74564ns bppf_internal=118000ns bppf_wall=548821ns
gen_n100_rho0.9_anti-correlated_seed5.pcf: n=100 hpac_breakpoints=59 bppf_distinct=60 hpac=81307ns bppf_internal=111000ns bppf_wall=552794ns
gen_n100_rho0.9_anti-correlated_seed6.pcf: n=100 hpac_breakpoints=61 bppf_distinct=62 hpac=77425ns bppf_internal=117000ns bppf_wall=548678ns
gen_n100_rho0.9_anti-correlated_seed7.pcf: n=100 hpac_breakpoints=62 bppf_distinct=63 hpac=95521ns bppf_internal=115000ns bppf_wall=542492ns
gen_n100_rho0.9_anti-correlated_seed8.pcf: n=100 hpac_breakpoints=59 bppf_distinct=60 hpac=78627ns bppf_internal=109000ns bppf_wall=539253ns
gen_n100_rho0.9_anti-correlated_seed9.pcf: n=100 hpac_breakpoints=58 bppf_distinct=59 hpac=97086ns bppf_internal=111000ns bppf_wall=538874ns
gen_n100_rho0.9_correlated_seed0.pcf: n=100 hpac_breakpoints=58 bppf_distinct=59 hpac=76101ns bppf_internal=110000ns bppf_wall=548459ns
gen_n100_rho0.9_correlated_seed1.pcf: n=100 hpac_breakpoints=59 bppf_distinct=60 hpac=94808ns bppf_internal=115000ns bppf_wall=571386ns
gen_n100_rho0.9_correlated_seed2.pcf: n=100 hpac_breakpoints=58 bppf_distinct=59 hpac=77947ns bppf_internal=114000ns bppf_wall=588044ns
gen_n100_rho0.9_correlated_seed3.pcf: n=100 hpac_breakpoints=63 bppf_distinct=64 hpac=102153ns bppf_internal=120000ns bppf_wall=584245ns
gen_n100_rho0.9_correlated_seed4.pcf: n=100 hpac_breakpoints=66 bppf_distinct=67 hpac=72174ns bppf_internal=126000ns bppf_wall=616392ns
gen_n100_rho0.9_correlated_seed5.pcf: n=100 hpac_breakpoints=55 bppf_distinct=56 hpac=81896ns bppf_internal=110000ns bppf_wall=570755ns
gen_n100_rho0.9_correlated_seed6.pcf: n=100 hpac_breakpoints=59 bppf_distinct=60 hpac=78426ns bppf_internal=117000ns bppf_wall=724962ns
gen_n100_rho0.9_correlated_seed7.pcf: n=100 hpac_breakpoints=52 bppf_distinct=53 hpac=104989ns bppf_internal=105000ns bppf_wall=561284ns
gen_n100_rho0.9_correlated_seed8.pcf: n=100 hpac_breakpoints=52 bppf_distinct=53 hpac=89893ns bppf_internal=101000ns bppf_wall=554328ns
gen_n100_rho0.9_correlated_seed9.pcf: n=100 hpac_breakpoints=55 bppf_distinct=56 hpac=96146ns bppf_internal=108000ns bppf_wall=550525ns
gen_n100_rho0.9_exact-ties_seed0.pcf: n=100 hpac_breakpoints=21 bppf_distinct=22 hpac=72994ns bppf_internal=52000ns bppf_wall=499174ns
gen_n100_rho0.9_exact-ties_seed1.pcf: n=100 hpac_breakpoints=20 bppf_distinct=21 hpac=111004ns bppf_internal=55000ns bppf_wall=495021ns
gen_n100_rho0.9_exact-ties_seed2.pcf: n=100 hpac_breakpoints=20 bppf_distinct=21 hpac=73633ns bppf_internal=52000ns bppf_wall=487373ns
gen_n100_rho0.9_exact-ties_seed3.pcf: n=100 hpac_breakpoints=21 bppf_distinct=22 hpac=84575ns bppf_internal=57000ns bppf_wall=489681ns
gen_n100_rho0.9_exact-ties_seed4.pcf: n=100 hpac_breakpoints=21 bppf_distinct=22 hpac=75655ns bppf_internal=57000ns bppf_wall=490564ns
gen_n100_rho0.9_exact-ties_seed5.pcf: n=100 hpac_breakpoints=18 bppf_distinct=19 hpac=84386ns bppf_internal=47000ns bppf_wall=474812ns
gen_n100_rho0.9_exact-ties_seed6.pcf: n=100 hpac_breakpoints=19 bppf_distinct=20 hpac=78477ns bppf_internal=49000ns bppf_wall=481873ns
gen_n100_rho0.9_exact-ties_seed7.pcf: n=100 hpac_breakpoints=20 bppf_distinct=21 hpac=79193ns bppf_internal=54000ns bppf_wall=479825ns
gen_n100_rho0.9_exact-ties_seed8.pcf: n=100 hpac_breakpoints=22 bppf_distinct=23 hpac=71091ns bppf_internal=55000ns bppf_wall=479214ns
gen_n100_rho0.9_exact-ties_seed9.pcf: n=100 hpac_breakpoints=24 bppf_distinct=25 hpac=70512ns bppf_internal=55000ns bppf_wall=485434ns
gen_n100_rho0.9_independent-positive_seed0.pcf: n=100 hpac_breakpoints=47 bppf_distinct=48 hpac=77693ns bppf_internal=97000ns bppf_wall=536798ns
gen_n100_rho0.9_independent-positive_seed1.pcf: n=100 hpac_breakpoints=56 bppf_distinct=57 hpac=107095ns bppf_internal=110000ns bppf_wall=542976ns
gen_n100_rho0.9_independent-positive_seed2.pcf: n=100 hpac_breakpoints=58 bppf_distinct=59 hpac=82356ns bppf_internal=112000ns bppf_wall=549642ns
gen_n100_rho0.9_independent-positive_seed3.pcf: n=100 hpac_breakpoints=50 bppf_distinct=51 hpac=65355ns bppf_internal=100000ns bppf_wall=548179ns
gen_n100_rho0.9_independent-positive_seed4.pcf: n=100 hpac_breakpoints=54 bppf_distinct=55 hpac=99243ns bppf_internal=110000ns bppf_wall=568541ns
gen_n100_rho0.9_independent-positive_seed5.pcf: n=100 hpac_breakpoints=57 bppf_distinct=58 hpac=84890ns bppf_internal=113000ns bppf_wall=571331ns
gen_n100_rho0.9_independent-positive_seed6.pcf: n=100 hpac_breakpoints=59 bppf_distinct=60 hpac=62879ns bppf_internal=114000ns bppf_wall=558363ns
gen_n100_rho0.9_independent-positive_seed7.pcf: n=100 hpac_breakpoints=51 bppf_distinct=52 hpac=112148ns bppf_internal=103000ns bppf_wall=539903ns
gen_n100_rho0.9_independent-positive_seed8.pcf: n=100 hpac_breakpoints=50 bppf_distinct=51 hpac=95301ns bppf_internal=101000ns bppf_wall=541740ns
gen_n100_rho0.9_independent-positive_seed9.pcf: n=100 hpac_breakpoints=55 bppf_distinct=56 hpac=91011ns bppf_internal=104000ns bppf_wall=534112ns
gen_n100_rho0.9_independent-signed_seed0.pcf: n=100 hpac_breakpoints=52 bppf_distinct=53 hpac=81453ns bppf_internal=105000ns bppf_wall=571743ns
gen_n100_rho0.9_independent-signed_seed1.pcf: n=100 hpac_breakpoints=56 bppf_distinct=57 hpac=92007ns bppf_internal=109000ns bppf_wall=560218ns
gen_n100_rho0.9_independent-signed_seed2.pcf: n=100 hpac_breakpoints=53 bppf_distinct=54 hpac=83938ns bppf_internal=106000ns bppf_wall=570740ns
gen_n100_rho0.9_independent-signed_seed3.pcf: n=100 hpac_breakpoints=57 bppf_distinct=58 hpac=82636ns bppf_internal=115000ns bppf_wall=579565ns
gen_n100_rho0.9_independent-signed_seed4.pcf: n=100 hpac_breakpoints=52 bppf_distinct=53 hpac=95936ns bppf_internal=104000ns bppf_wall=551110ns
gen_n100_rho0.9_independent-signed_seed5.pcf: n=100 hpac_breakpoints=60 bppf_distinct=61 hpac=80728ns bppf_internal=119000ns bppf_wall=582328ns
gen_n100_rho0.9_independent-signed_seed6.pcf: n=100 hpac_breakpoints=53 bppf_distinct=54 hpac=74504ns bppf_internal=107000ns bppf_wall=563997ns
gen_n100_rho0.9_independent-signed_seed7.pcf: n=100 hpac_breakpoints=51 bppf_distinct=52 hpac=113845ns bppf_internal=105000ns bppf_wall=561889ns
gen_n100_rho0.9_independent-signed_seed8.pcf: n=100 hpac_breakpoints=57 bppf_distinct=58 hpac=95474ns bppf_internal=111000ns bppf_wall=579323ns
gen_n100_rho0.9_independent-signed_seed9.pcf: n=100 hpac_breakpoints=62 bppf_distinct=63 hpac=83021ns bppf_internal=119000ns bppf_wall=573125ns
gen_n100_rho0.9_near-ties_seed0.pcf: n=100 hpac_breakpoints=45 bppf_distinct=46 hpac=78662ns bppf_internal=90000ns bppf_wall=523979ns
gen_n100_rho0.9_near-ties_seed1.pcf: n=100 hpac_breakpoints=48 bppf_distinct=49 hpac=83191ns bppf_internal=94000ns bppf_wall=549945ns
gen_n100_rho0.9_near-ties_seed2.pcf: n=100 hpac_breakpoints=44 bppf_distinct=45 hpac=74805ns bppf_internal=92000ns bppf_wall=541888ns
gen_n100_rho0.9_near-ties_seed3.pcf: n=100 hpac_breakpoints=45 bppf_distinct=46 hpac=101950ns bppf_internal=95000ns bppf_wall=537468ns
gen_n100_rho0.9_near-ties_seed4.pcf: n=100 hpac_breakpoints=45 bppf_distinct=46 hpac=72943ns bppf_internal=94000ns bppf_wall=545985ns
gen_n100_rho0.9_near-ties_seed5.pcf: n=100 hpac_breakpoints=43 bppf_distinct=44 hpac=104483ns bppf_internal=89000ns bppf_wall=523436ns
gen_n100_rho0.9_near-ties_seed6.pcf: n=100 hpac_breakpoints=49 bppf_distinct=50 hpac=67644ns bppf_internal=95000ns bppf_wall=520658ns
gen_n100_rho0.9_near-ties_seed7.pcf: n=100 hpac_breakpoints=48 bppf_distinct=49 hpac=76039ns bppf_internal=93000ns bppf_wall=520966ns
gen_n100_rho0.9_near-ties_seed8.pcf: n=100 hpac_breakpoints=48 bppf_distinct=49 hpac=75139ns bppf_internal=91000ns bppf_wall=524090ns
gen_n100_rho0.9_near-ties_seed9.pcf: n=100 hpac_breakpoints=48 bppf_distinct=49 hpac=85238ns bppf_internal=91000ns bppf_wall=527722ns
gen_n100_rho1.0_anti-correlated_seed0.pcf: n=100 hpac_breakpoints=49 bppf_distinct=50 hpac=106826ns bppf_internal=105000ns bppf_wall=545000ns
gen_n100_rho1.0_anti-correlated_seed1.pcf: n=100 hpac_breakpoints=50 bppf_distinct=51 hpac=118464ns bppf_internal=96000ns bppf_wall=530765ns
gen_n100_rho1.0_anti-correlated_seed2.pcf: n=100 hpac_breakpoints=58 bppf_distinct=59 hpac=103297ns bppf_internal=112000ns bppf_wall=562857ns
gen_n100_rho1.0_anti-correlated_seed3.pcf: n=100 hpac_breakpoints=41 bppf_distinct=42 hpac=133288ns bppf_internal=84000ns bppf_wall=515568ns
gen_n100_rho1.0_anti-correlated_seed4.pcf: n=100 hpac_breakpoints=48 bppf_distinct=49 hpac=114480ns bppf_internal=102000ns bppf_wall=533489ns
gen_n100_rho1.0_anti-correlated_seed5.pcf: n=100 hpac_breakpoints=50 bppf_distinct=51 hpac=108071ns bppf_internal=102000ns bppf_wall=529010ns
gen_n100_rho1.0_anti-correlated_seed6.pcf: n=100 hpac_breakpoints=51 bppf_distinct=52 hpac=91444ns bppf_internal=103000ns bppf_wall=533039ns
gen_n100_rho1.0_anti-correlated_seed7.pcf: n=100 hpac_breakpoints=49 bppf_distinct=50 hpac=107501ns bppf_internal=100000ns bppf_wall=531288ns
gen_n100_rho1.0_anti-correlated_seed8.pcf: n=100 hpac_breakpoints=47 bppf_distinct=48 hpac=123229ns bppf_internal=97000ns bppf_wall=515771ns
gen_n100_rho1.0_anti-correlated_seed9.pcf: n=100 hpac_breakpoints=47 bppf_distinct=48 hpac=93792ns bppf_internal=96000ns bppf_wall=514301ns
gen_n100_rho1.0_correlated_seed0.pcf: n=100 hpac_breakpoints=50 bppf_distinct=51 hpac=98296ns bppf_internal=101000ns bppf_wall=535873ns
gen_n100_rho1.0_correlated_seed1.pcf: n=100 hpac_breakpoints=50 bppf_distinct=51 hpac=118225ns bppf_internal=98000ns bppf_wall=513709ns
gen_n100_rho1.0_correlated_seed2.pcf: n=100 hpac_breakpoints=58 bppf_distinct=59 hpac=83713ns bppf_internal=105000ns bppf_wall=526463ns
gen_n100_rho1.0_correlated_seed3.pcf: n=100 hpac_breakpoints=42 bppf_distinct=43 hpac=130002ns bppf_internal=88000ns bppf_wall=552118ns
gen_n100_rho1.0_correlated_seed4.pcf: n=100 hpac_breakpoints=55 bppf_distinct=56 hpac=113110ns bppf_internal=109000ns bppf_wall=546140ns
gen_n100_rho1.0_correlated_seed5.pcf: n=100 hpac_breakpoints=48 bppf_distinct=49 hpac=108479ns bppf_internal=97000ns bppf_wall=524521ns
gen_n100_rho1.0_correlated_seed6.pcf: n=100 hpac_breakpoints=43 bppf_distinct=44 hpac=107220ns bppf_internal=92000ns bppf_wall=519433ns
gen_n100_rho1.0_correlated_seed7.pcf: n=100 hpac_breakpoints=55 bppf_distinct=56 hpac=102399ns bppf_internal=105000ns bppf_wall=532064ns
gen_n100_rho1.0_correlated_seed8.pcf: n=100 hpac_breakpoints=51 bppf_distinct=52 hpac=116197ns bppf_internal=101000ns bppf_wall=519032ns
gen_n100_rho1.0_correlated_seed9.pcf: n=100 hpac_breakpoints=56 bppf_distinct=57 hpac=98993ns bppf_internal=106000ns bppf_wall=540110ns
gen_n100_rho1.0_exact-ties_seed0.pcf: n=100 hpac_breakpoints=21 bppf_distinct=22 hpac=76621ns bppf_internal=55000ns bppf_wall=471238ns
gen_n100_rho1.0_exact-ties_seed1.pcf: n=100 hpac_breakpoints=23 bppf_distinct=24 hpac=84439ns bppf_internal=59000ns bppf_wall=485137ns
gen_n100_rho1.0_exact-ties_seed2.pcf: n=100 hpac_breakpoints=19 bppf_distinct=20 hpac=94082ns bppf_internal=53000ns bppf_wall=470692ns
gen_n100_rho1.0_exact-ties_seed3.pcf: n=100 hpac_breakpoints=22 bppf_distinct=23 hpac=104810ns bppf_internal=57000ns bppf_wall=477988ns
gen_n100_rho1.0_exact-ties_seed4.pcf: n=100 hpac_breakpoints=19 bppf_distinct=20 hpac=132203ns bppf_internal=49000ns bppf_wall=475156ns
gen_n100_rho1.0_exact-ties_seed5.pcf: n=100 hpac_breakpoints=24 bppf_distinct=25 hpac=124079ns bppf_internal=61000ns bppf_wall=485217ns
gen_n100_rho1.0_exact-ties_seed6.pcf: n=100 hpac_breakpoints=21 bppf_distinct=22 hpac=99501ns bppf_internal=54000ns bppf_wall=467190ns
gen_n100_rho1.0_exact-ties_seed7.pcf: n=100 hpac_breakpoints=13 bppf_distinct=14 hpac=107357ns bppf_internal=42000ns bppf_wall=455953ns
gen_n100_rho1.0_exact-ties_seed8.pcf: n=100 hpac_breakpoints=18 bppf_distinct=19 hpac=98960ns bppf_internal=49000ns bppf_wall=471980ns
gen_n100_rho1.0_exact-ties_seed9.pcf: n=100 hpac_breakpoints=19 bppf_distinct=20 hpac=99666ns bppf_internal=50000ns bppf_wall=467227ns
gen_n100_rho1.0_independent-positive_seed0.pcf: n=100 hpac_breakpoints=47 bppf_distinct=48 hpac=128960ns bppf_internal=97000ns bppf_wall=520031ns
gen_n100_rho1.0_independent-positive_seed1.pcf: n=100 hpac_breakpoints=58 bppf_distinct=59 hpac=86954ns bppf_internal=108000ns bppf_wall=536229ns
gen_n100_rho1.0_independent-positive_seed2.pcf: n=100 hpac_breakpoints=56 bppf_distinct=57 hpac=101481ns bppf_internal=104000ns bppf_wall=544453ns
gen_n100_rho1.0_independent-positive_seed3.pcf: n=100 hpac_breakpoints=63 bppf_distinct=64 hpac=89334ns bppf_internal=119000ns bppf_wall=551098ns
gen_n100_rho1.0_independent-positive_seed4.pcf: n=100 hpac_breakpoints=48 bppf_distinct=49 hpac=129172ns bppf_internal=99000ns bppf_wall=531542ns
gen_n100_rho1.0_independent-positive_seed5.pcf: n=100 hpac_breakpoints=51 bppf_distinct=52 hpac=115644ns bppf_internal=105000ns bppf_wall=544577ns
gen_n100_rho1.0_independent-positive_seed6.pcf: n=100 hpac_breakpoints=43 bppf_distinct=44 hpac=108033ns bppf_internal=94000ns bppf_wall=522562ns
gen_n100_rho1.0_independent-positive_seed7.pcf: n=100 hpac_breakpoints=49 bppf_distinct=50 hpac=91183ns bppf_internal=100000ns bppf_wall=532403ns
gen_n100_rho1.0_independent-positive_seed8.pcf: n=100 hpac_breakpoints=60 bppf_distinct=61 hpac=94057ns bppf_internal=114000ns bppf_wall=543143ns
gen_n100_rho1.0_independent-positive_seed9.pcf: n=100 hpac_breakpoints=53 bppf_distinct=54 hpac=108347ns bppf_internal=103000ns bppf_wall=535091ns
gen_n100_rho1.0_independent-signed_seed0.pcf: n=100 hpac_breakpoints=49 bppf_distinct=50 hpac=128478ns bppf_internal=100000ns bppf_wall=523352ns
gen_n100_rho1.0_independent-signed_seed1.pcf: n=100 hpac_breakpoints=56 bppf_distinct=57 hpac=95730ns bppf_internal=107000ns bppf_wall=536560ns
gen_n100_rho1.0_independent-signed_seed2.pcf: n=100 hpac_breakpoints=56 bppf_distinct=57 hpac=98669ns bppf_internal=105000ns bppf_wall=528606ns
gen_n100_rho1.0_independent-signed_seed3.pcf: n=100 hpac_breakpoints=55 bppf_distinct=56 hpac=90200ns bppf_internal=110000ns bppf_wall=545151ns
gen_n100_rho1.0_independent-signed_seed4.pcf: n=100 hpac_breakpoints=48 bppf_distinct=49 hpac=107780ns bppf_internal=99000ns bppf_wall=542677ns
gen_n100_rho1.0_independent-signed_seed5.pcf: n=100 hpac_breakpoints=49 bppf_distinct=50 hpac=123323ns bppf_internal=97000ns bppf_wall=528178ns
gen_n100_rho1.0_independent-signed_seed6.pcf: n=100 hpac_breakpoints=48 bppf_distinct=49 hpac=95122ns bppf_internal=97000ns bppf_wall=529614ns
gen_n100_rho1.0_independent-signed_seed7.pcf: n=100 hpac_breakpoints=54 bppf_distinct=55 hpac=85531ns bppf_internal=106000ns bppf_wall=530880ns
gen_n100_rho1.0_independent-signed_seed8.pcf: n=100 hpac_breakpoints=54 bppf_distinct=55 hpac=98296ns bppf_internal=104000ns bppf_wall=532707ns
gen_n100_rho1.0_independent-signed_seed9.pcf: n=100 hpac_breakpoints=55 bppf_distinct=56 hpac=106958ns bppf_internal=104000ns bppf_wall=528159ns
gen_n100_rho1.0_near-ties_seed0.pcf: n=100 hpac_breakpoints=41 bppf_distinct=42 hpac=127511ns bppf_internal=81000ns bppf_wall=500411ns
gen_n100_rho1.0_near-ties_seed1.pcf: n=100 hpac_breakpoints=39 bppf_distinct=40 hpac=105045ns bppf_internal=81000ns bppf_wall=503294ns
gen_n100_rho1.0_near-ties_seed2.pcf: n=100 hpac_breakpoints=49 bppf_distinct=50 hpac=99744ns bppf_internal=94000ns bppf_wall=515786ns
gen_n100_rho1.0_near-ties_seed3.pcf: n=100 hpac_breakpoints=39 bppf_distinct=40 hpac=125156ns bppf_internal=80000ns bppf_wall=506979ns
gen_n100_rho1.0_near-ties_seed4.pcf: n=100 hpac_breakpoints=41 bppf_distinct=42 hpac=100744ns bppf_internal=84000ns bppf_wall=502802ns
gen_n100_rho1.0_near-ties_seed5.pcf: n=100 hpac_breakpoints=38 bppf_distinct=39 hpac=104334ns bppf_internal=79000ns bppf_wall=496550ns
gen_n100_rho1.0_near-ties_seed6.pcf: n=100 hpac_breakpoints=44 bppf_distinct=45 hpac=128253ns bppf_internal=87000ns bppf_wall=507913ns
gen_n100_rho1.0_near-ties_seed7.pcf: n=100 hpac_breakpoints=50 bppf_distinct=51 hpac=92784ns bppf_internal=97000ns bppf_wall=522548ns
gen_n100_rho1.0_near-ties_seed8.pcf: n=100 hpac_breakpoints=49 bppf_distinct=50 hpac=115245ns bppf_internal=95000ns bppf_wall=520752ns
gen_n100_rho1.0_near-ties_seed9.pcf: n=100 hpac_breakpoints=42 bppf_distinct=43 hpac=81720ns bppf_internal=86000ns bppf_wall=507103ns
gen_n200_rho0.3_anti-correlated_seed0.pcf: n=200 hpac_breakpoints=164 bppf_distinct=165 hpac=56755ns bppf_internal=385000ns bppf_wall=851630ns
gen_n200_rho0.3_anti-correlated_seed1.pcf: n=200 hpac_breakpoints=160 bppf_distinct=161 hpac=51459ns bppf_internal=372000ns bppf_wall=829289ns
gen_n200_rho0.3_anti-correlated_seed2.pcf: n=200 hpac_breakpoints=174 bppf_distinct=175 hpac=45527ns bppf_internal=392000ns bppf_wall=855863ns
gen_n200_rho0.3_anti-correlated_seed3.pcf: n=200 hpac_breakpoints=173 bppf_distinct=174 hpac=46990ns bppf_internal=389000ns bppf_wall=847573ns
gen_n200_rho0.3_anti-correlated_seed4.pcf: n=200 hpac_breakpoints=164 bppf_distinct=165 hpac=48813ns bppf_internal=391000ns bppf_wall=887063ns
gen_n200_rho0.3_anti-correlated_seed5.pcf: n=200 hpac_breakpoints=171 bppf_distinct=172 hpac=49365ns bppf_internal=393000ns bppf_wall=857803ns
gen_n200_rho0.3_anti-correlated_seed6.pcf: n=200 hpac_breakpoints=168 bppf_distinct=169 hpac=52846ns bppf_internal=390000ns bppf_wall=846343ns
gen_n200_rho0.3_anti-correlated_seed7.pcf: n=200 hpac_breakpoints=177 bppf_distinct=178 hpac=49038ns bppf_internal=403000ns bppf_wall=862415ns
gen_n200_rho0.3_anti-correlated_seed8.pcf: n=200 hpac_breakpoints=166 bppf_distinct=167 hpac=49795ns bppf_internal=386000ns bppf_wall=852353ns
gen_n200_rho0.3_anti-correlated_seed9.pcf: n=200 hpac_breakpoints=169 bppf_distinct=170 hpac=47906ns bppf_internal=389000ns bppf_wall=863058ns
gen_n200_rho0.3_correlated_seed0.pcf: n=200 hpac_breakpoints=167 bppf_distinct=168 hpac=50061ns bppf_internal=387000ns bppf_wall=841474ns
gen_n200_rho0.3_correlated_seed1.pcf: n=200 hpac_breakpoints=162 bppf_distinct=163 hpac=54438ns bppf_internal=380000ns bppf_wall=839387ns
gen_n200_rho0.3_correlated_seed2.pcf: n=200 hpac_breakpoints=174 bppf_distinct=175 hpac=51264ns bppf_internal=390000ns bppf_wall=849555ns
gen_n200_rho0.3_correlated_seed3.pcf: n=200 hpac_breakpoints=162 bppf_distinct=163 hpac=43735ns bppf_internal=379000ns bppf_wall=841480ns
gen_n200_rho0.3_correlated_seed4.pcf: n=200 hpac_breakpoints=167 bppf_distinct=168 hpac=46440ns bppf_internal=379000ns bppf_wall=839188ns
gen_n200_rho0.3_correlated_seed5.pcf: n=200 hpac_breakpoints=172 bppf_distinct=173 hpac=49000ns bppf_internal=389000ns bppf_wall=849467ns
gen_n200_rho0.3_correlated_seed6.pcf: n=200 hpac_breakpoints=168 bppf_distinct=169 hpac=49101ns bppf_internal=380000ns bppf_wall=847587ns
gen_n200_rho0.3_correlated_seed7.pcf: n=200 hpac_breakpoints=168 bppf_distinct=169 hpac=49770ns bppf_internal=390000ns bppf_wall=855080ns
gen_n200_rho0.3_correlated_seed8.pcf: n=200 hpac_breakpoints=176 bppf_distinct=177 hpac=46227ns bppf_internal=406000ns bppf_wall=868764ns
gen_n200_rho0.3_correlated_seed9.pcf: n=200 hpac_breakpoints=169 bppf_distinct=170 hpac=46917ns bppf_internal=385000ns bppf_wall=843504ns
gen_n200_rho0.3_exact-ties_seed0.pcf: n=200 hpac_breakpoints=36 bppf_distinct=37 hpac=48602ns bppf_internal=107000ns bppf_wall=552614ns
gen_n200_rho0.3_exact-ties_seed1.pcf: n=200 hpac_breakpoints=36 bppf_distinct=37 hpac=34416ns bppf_internal=104000ns bppf_wall=561996ns
gen_n200_rho0.3_exact-ties_seed2.pcf: n=200 hpac_breakpoints=29 bppf_distinct=30 hpac=41711ns bppf_internal=84000ns bppf_wall=529343ns
gen_n200_rho0.3_exact-ties_seed3.pcf: n=200 hpac_breakpoints=30 bppf_distinct=31 hpac=42858ns bppf_internal=90000ns bppf_wall=536793ns
gen_n200_rho0.3_exact-ties_seed4.pcf: n=200 hpac_breakpoints=31 bppf_distinct=32 hpac=44394ns bppf_internal=96000ns bppf_wall=531589ns
gen_n200_rho0.3_exact-ties_seed5.pcf: n=200 hpac_breakpoints=24 bppf_distinct=25 hpac=29614ns bppf_internal=72000ns bppf_wall=524773ns
gen_n200_rho0.3_exact-ties_seed6.pcf: n=200 hpac_breakpoints=33 bppf_distinct=34 hpac=53030ns bppf_internal=101000ns bppf_wall=547882ns
gen_n200_rho0.3_exact-ties_seed7.pcf: n=200 hpac_breakpoints=39 bppf_distinct=40 hpac=47302ns bppf_internal=114000ns bppf_wall=566380ns
gen_n200_rho0.3_exact-ties_seed8.pcf: n=200 hpac_breakpoints=24 bppf_distinct=25 hpac=38973ns bppf_internal=71000ns bppf_wall=516221ns
gen_n200_rho0.3_exact-ties_seed9.pcf: n=200 hpac_breakpoints=27 bppf_distinct=28 hpac=44867ns bppf_internal=83000ns bppf_wall=536715ns
gen_n200_rho0.3_independent-positive_seed0.pcf: n=200 hpac_breakpoints=171 bppf_distinct=172 hpac=51838ns bppf_internal=402000ns bppf_wall=872114ns
gen_n200_rho0.3_independent-positive_seed1.pcf: n=200 hpac_breakpoints=157 bppf_distinct=158 hpac=55191ns bppf_internal=367000ns bppf_wall=827122ns
gen_n200_rho0.3_independent-positive_seed2.pcf: n=200 hpac_breakpoints=170 bppf_distinct=171 hpac=45451ns bppf_internal=391000ns bppf_wall=856057ns
gen_n200_rho0.3_independent-positive_seed3.pcf: n=200 hpac_breakpoints=167 bppf_distinct=168 hpac=50190ns bppf_internal=383000ns bppf_wall=852301ns
gen_n200_rho0.3_independent-positive_seed4.pcf: n=200 hpac_breakpoints=162 bppf_distinct=163 hpac=54267ns bppf_internal=394000ns bppf_wall=889872ns
gen_n200_rho0.3_independent-positive_seed5.pcf: n=200 hpac_breakpoints=173 bppf_distinct=174 hpac=46310ns bppf_internal=394000ns bppf_wall=859232ns
gen_n200_rho0.3_independent-positive_seed6.pcf: n=200 hpac_breakpoints=164 bppf_distinct=165 hpac=48088ns bppf_internal=379000ns bppf_wall=838168ns
gen_n200_rho0.3_independent-positive_seed7.pcf: n=200 hpac_breakpoints=162 bppf_distinct=163 hpac=48046ns bppf_internal=381000ns bppf_wall=888169ns
gen_n200_rho0.3_independent-positive_seed8.pcf: n=200 hpac_breakpoints=169 bppf_distinct=170 hpac=47217ns bppf_internal=388000ns bppf_wall=865021ns
gen_n200_rho0.3_independent-positive_seed9.pcf: n=200 hpac_breakpoints=169 bppf_distinct=170 hpac=51424ns bppf_internal=396000ns bppf_wall=886254ns
gen_n200_rho0.3_independent-signed_seed0.pcf: n=200 hpac_breakpoints=166 bppf_distinct=167 hpac=49016ns bppf_internal=385000ns bppf_wall=853108ns
gen_n200_rho0.3_independent-signed_seed1.pcf: n=200 hpac_breakpoints=160 bppf_distinct=161 hpac=51677ns bppf_internal=379000ns bppf_wall=838352ns
gen_n200_rho0.3_independent-signed_seed2.pcf: n=200 hpac_breakpoints=173 bppf_distinct=174 hpac=47256ns bppf_internal=393000ns bppf_wall=853023ns
gen_n200_rho0.3_independent-signed_seed3.pcf: n=200 hpac_breakpoints=171 bppf_distinct=172 hpac=49173ns bppf_internal=395000ns bppf_wall=854356ns
gen_n200_rho0.3_independent-signed_seed4.pcf: n=200 hpac_breakpoints=163 bppf_distinct=164 hpac=49634ns bppf_internal=380000ns bppf_wall=843438ns
gen_n200_rho0.3_independent-signed_seed5.pcf: n=200 hpac_breakpoints=172 bppf_distinct=173 hpac=46101ns bppf_internal=391000ns bppf_wall=854857ns
gen_n200_rho0.3_independent-signed_seed6.pcf: n=200 hpac_breakpoints=168 bppf_distinct=169 hpac=47766ns bppf_internal=384000ns bppf_wall=844925ns
gen_n200_rho0.3_independent-signed_seed7.pcf: n=200 hpac_breakpoints=167 bppf_distinct=168 hpac=47755ns bppf_internal=383000ns bppf_wall=849956ns
gen_n200_rho0.3_independent-signed_seed8.pcf: n=200 hpac_breakpoints=169 bppf_distinct=170 hpac=54736ns bppf_internal=403000ns bppf_wall=886297ns
gen_n200_rho0.3_independent-signed_seed9.pcf: n=200 hpac_breakpoints=174 bppf_distinct=175 hpac=48674ns bppf_internal=406000ns bppf_wall=873026ns
gen_n200_rho0.3_near-ties_seed0.pcf: n=200 hpac_breakpoints=106 bppf_distinct=107 hpac=44712ns bppf_internal=261000ns bppf_wall=721852ns
gen_n200_rho0.3_near-ties_seed1.pcf: n=200 hpac_breakpoints=106 bppf_distinct=107 hpac=63676ns bppf_internal=255000ns bppf_wall=723830ns
gen_n200_rho0.3_near-ties_seed2.pcf: n=200 hpac_breakpoints=98 bppf_distinct=99 hpac=38719ns bppf_internal=241000ns bppf_wall=702551ns
gen_n200_rho0.3_near-ties_seed3.pcf: n=200 hpac_breakpoints=102 bppf_distinct=103 hpac=47582ns bppf_internal=250999ns bppf_wall=711590ns
gen_n200_rho0.3_near-ties_seed4.pcf: n=200 hpac_breakpoints=101 bppf_distinct=102 hpac=50341ns bppf_internal=248000ns bppf_wall=706756ns
gen_n200_rho0.3_near-ties_seed5.pcf: n=200 hpac_breakpoints=105 bppf_distinct=106 hpac=45109ns bppf_internal=259000ns bppf_wall=720193ns
gen_n200_rho0.3_near-ties_seed6.pcf: n=200 hpac_breakpoints=98 bppf_distinct=99 hpac=43757ns bppf_internal=246000ns bppf_wall=715644ns
gen_n200_rho0.3_near-ties_seed7.pcf: n=200 hpac_breakpoints=105 bppf_distinct=106 hpac=42689ns bppf_internal=255000ns bppf_wall=724491ns
gen_n200_rho0.3_near-ties_seed8.pcf: n=200 hpac_breakpoints=109 bppf_distinct=110 hpac=43784ns bppf_internal=262000ns bppf_wall=727251ns
gen_n200_rho0.3_near-ties_seed9.pcf: n=200 hpac_breakpoints=102 bppf_distinct=103 hpac=41366ns bppf_internal=246000ns bppf_wall=707477ns
gen_n200_rho0.6_anti-correlated_seed0.pcf: n=200 hpac_breakpoints=135 bppf_distinct=136 hpac=93318ns bppf_internal=341000ns bppf_wall=805894ns
gen_n200_rho0.6_anti-correlated_seed1.pcf: n=200 hpac_breakpoints=136 bppf_distinct=137 hpac=92404ns bppf_internal=344000ns bppf_wall=804767ns
gen_n200_rho0.6_anti-correlated_seed2.pcf: n=200 hpac_breakpoints=139 bppf_distinct=140 hpac=107753ns bppf_internal=348000ns bppf_wall=812244ns
gen_n200_rho0.6_anti-correlated_seed3.pcf: n=200 hpac_breakpoints=150 bppf_distinct=151 hpac=88666ns bppf_internal=372000ns bppf_wall=840434ns
gen_n200_rho0.6_anti-correlated_seed4.pcf: n=200 hpac_breakpoints=133 bppf_distinct=134 hpac=85719ns bppf_internal=338000ns bppf_wall=798276ns
gen_n200_rho0.6_anti-correlated_seed5.pcf: n=200 hpac_breakpoints=130 bppf_distinct=131 hpac=108917ns bppf_internal=334000ns bppf_wall=795961ns
gen_n200_rho0.6_anti-correlated_seed6.pcf: n=200 hpac_breakpoints=135 bppf_distinct=136 hpac=104308ns bppf_internal=348000ns bppf_wall=805242ns
gen_n200_rho0.6_anti-correlated_seed7.pcf: n=200 hpac_breakpoints=141 bppf_distinct=142 hpac=86879ns bppf_internal=357000ns bppf_wall=822526ns
gen_n200_rho0.6_anti-correlated_seed8.pcf: n=200 hpac_breakpoints=139 bppf_distinct=140 hpac=98861ns bppf_internal=348000ns bppf_wall=811047ns
gen_n200_rho0.6_anti-correlated_seed9.pcf: n=200 hpac_breakpoints=132 bppf_distinct=133 hpac=109056ns bppf_internal=335000ns bppf_wall=804068ns
gen_n200_rho0.6_correlated_seed0.pcf: n=200 hpac_breakpoints=148 bppf_distinct=149 hpac=89483ns bppf_internal=365000ns bppf_wall=832485ns
gen_n200_rho0.6_correlated_seed1.pcf: n=200 hpac_breakpoints=137 bppf_distinct=138 hpac=93695ns bppf_internal=344000ns bppf_wall=805842ns
gen_n200_rho0.6_correlated_seed2.pcf: n=200 hpac_breakpoints=135 bppf_distinct=136 hpac=103292ns bppf_internal=342000ns bppf_wall=811028ns
gen_n200_rho0.6_correlated_seed3.pcf: n=200 hpac_breakpoints=146 bppf_distinct=147 hpac=92744ns bppf_internal=357000ns bppf_wall=819356ns
gen_n200_rho0.6_correlated_seed4.pcf: n=200 hpac_breakpoints=134 bppf_distinct=135 hpac=91066ns bppf_internal=341000ns bppf_wall=802464ns
gen_n200_rho0.6_correlated_seed5.pcf: n=200 hpac_breakpoints=133 bppf_distinct=134 hpac=113449ns bppf_internal=343000ns bppf_wall=800363ns
gen_n200_rho0.6_correlated_seed6.pcf: n=200 hpac_breakpoints=140 bppf_distinct=141 hpac=105348ns bppf_internal=353000ns bppf_wall=822547ns
gen_n200_rho0.6_correlated_seed7.pcf: n=200 hpac_breakpoints=145 bppf_distinct=146 hpac=83480ns bppf_internal=359000ns bppf_wall=826388ns
gen_n200_rho0.6_correlated_seed8.pcf: n=200 hpac_breakpoints=143 bppf_distinct=144 hpac=98551ns bppf_internal=357000ns bppf_wall=836311ns
gen_n200_rho0.6_correlated_seed9.pcf: n=200 hpac_breakpoints=134 bppf_distinct=135 hpac=97019ns bppf_internal=337000ns bppf_wall=808248ns
gen_n200_rho0.6_exact-ties_seed0.pcf: n=200 hpac_breakpoints=32 bppf_distinct=33 hpac=104123ns bppf_internal=107000ns bppf_wall=566219ns
gen_n200_rho0.6_exact-ties_seed1.pcf: n=200 hpac_breakpoints=50 bppf_distinct=51 hpac=75847ns bppf_internal=146000ns bppf_wall=601080ns
gen_n200_rho0.6_exact-ties_seed2.pcf: n=200 hpac_breakpoints=42 bppf_distinct=43 hpac=73082ns bppf_internal=129999ns bppf_wall=582576ns
gen_n200_rho0.6_exact-ties_seed3.pcf: n=200 hpac_breakpoints=38 bppf_distinct=39 hpac=73819ns bppf_internal=118000ns bppf_wall=570708ns
gen_n200_rho0.6_exact-ties_seed4.pcf: n=200 hpac_breakpoints=46 bppf_distinct=47 hpac=98758ns bppf_internal=141000ns bppf_wall=589518ns
gen_n200_rho0.6_exact-ties_seed5.pcf: n=200 hpac_breakpoints=34 bppf_distinct=35 hpac=97630ns bppf_internal=113000ns bppf_wall=563625ns
gen_n200_rho0.6_exact-ties_seed6.pcf: n=200 hpac_breakpoints=36 bppf_distinct=37 hpac=137864ns bppf_internal=124000ns bppf_wall=579684ns
gen_n200_rho0.6_exact-ties_seed7.pcf: n=200 hpac_breakpoints=44 bppf_distinct=45 hpac=92160ns bppf_internal=138000ns bppf_wall=604702ns
gen_n200_rho0.6_exact-ties_seed8.pcf: n=200 hpac_breakpoints=43 bppf_distinct=44 hpac=106667ns bppf_internal=145000ns bppf_wall=609623ns
gen_n200_rho0.6_exact-ties_seed9.pcf: n=200 hpac_breakpoints=40 bppf_distinct=41 hpac=89172ns bppf_internal=135000ns bppf_wall=594933ns
gen_n200_rho0.6_independent-positive_seed0.pcf: n=200 hpac_breakpoints=138 bppf_distinct=139 hpac=97377ns bppf_internal=351000ns bppf_wall=810286ns
gen_n200_rho0.6_independent-positive_seed1.pcf: n=200 hpac_breakpoints=137 bppf_distinct=138 hpac=89453ns bppf_internal=342000ns bppf_wall=805821ns
gen_n200_rho0.6_independent-positive_seed2.pcf: n=200 hpac_breakpoints=143 bppf_distinct=144 hpac=96730ns bppf_internal=356000ns bppf_wall=815702ns
gen_n200_rho0.6_independent-positive_seed3.pcf: n=200 hpac_breakpoints=151 bppf_distinct=152 hpac=87381ns bppf_internal=365000ns bppf_wall=835545ns
gen_n200_rho0.6_independent-positive_seed4.pcf: n=200 hpac_breakpoints=140 bppf_distinct=141 hpac=84834ns bppf_internal=347000ns bppf_wall=811447ns
gen_n200_rho0.6_independent-positive_seed5.pcf: n=200 hpac_breakpoints=128 bppf_distinct=129 hpac=116999ns bppf_internal=333000ns bppf_wall=796598ns
gen_n200_rho0.6_independent-positive_seed6.pcf: n=200 hpac_breakpoints=143 bppf_distinct=144 hpac=109200ns bppf_internal=357000ns bppf_wall=829896ns
gen_n200_rho0.6_independent-positive_seed7.pcf: n=200 hpac_breakpoints=147 bppf_distinct=148 hpac=108892ns bppf_internal=374000ns bppf_wall=862234ns
gen_n200_rho0.6_independent-positive_seed8.pcf: n=200 hpac_breakpoints=145 bppf_distinct=146 hpac=101506ns bppf_internal=373000ns bppf_wall=858948ns
gen_n200_rho0.6_independent-positive_seed9.pcf: n=200 hpac_breakpoints=134 bppf_distinct=135 hpac=91147ns bppf_internal=347000ns bppf_wall=831084ns
gen_n200_rho0.6_independent-signed_seed0.pcf: n=200 hpac_breakpoints=141 bppf_distinct=142 hpac=103113ns bppf_internal=359000ns bppf_wall=836835ns
gen_n200_rho0.6_independent-signed_seed1.pcf: n=200 hpac_breakpoints=144 bppf_distinct=145 hpac=88523ns bppf_internal=363000ns bppf_wall=841176ns
gen_n200_rho0.6_independent-signed_seed2.pcf: n=200 hpac_breakpoints=141 bppf_distinct=142 hpac=114090ns bppf_internal=374000ns bppf_wall=865726ns
gen_n200_rho0.6_independent-signed_seed3.pcf: n=200 hpac_breakpoints=144 bppf_distinct=145 hpac=91425ns bppf_internal=368000ns bppf_wall=851642ns
gen_n200_rho0.6_independent-signed_seed4.pcf: n=200 hpac_breakpoints=138 bppf_distinct=139 hpac=88291ns bppf_internal=350000ns bppf_wall=825952ns
gen_n200_rho0.6_independent-signed_seed5.pcf: n=200 hpac_breakpoints=129 bppf_distinct=130 hpac=120011ns bppf_internal=349000ns bppf_wall=852949ns
gen_n200_rho0.6_independent-signed_seed6.pcf: n=200 hpac_breakpoints=145 bppf_distinct=146 hpac=118091ns bppf_internal=376000ns bppf_wall=891473ns
gen_n200_rho0.6_independent-signed_seed7.pcf: n=200 hpac_breakpoints=142 bppf_distinct=143 hpac=102868ns bppf_internal=365000ns bppf_wall=846426ns
gen_n200_rho0.6_independent-signed_seed8.pcf: n=200 hpac_breakpoints=140 bppf_distinct=141 hpac=98131ns bppf_internal=354000ns bppf_wall=841620ns
gen_n200_rho0.6_independent-signed_seed9.pcf: n=200 hpac_breakpoints=132 bppf_distinct=133 hpac=89661ns bppf_internal=340000ns bppf_wall=807121ns
gen_n200_rho0.6_near-ties_seed0.pcf: n=200 hpac_breakpoints=102 bppf_distinct=103 hpac=91733ns bppf_internal=268000ns bppf_wall=733362ns
gen_n200_rho0.6_near-ties_seed1.pcf: n=200 hpac_breakpoints=98 bppf_distinct=99 hpac=95316ns bppf_internal=257000ns bppf_wall=717266ns
gen_n200_rho0.6_near-ties_seed2.pcf: n=200 hpac_breakpoints=100 bppf_distinct=101 hpac=87830ns bppf_internal=264000ns bppf_wall=734129ns
gen_n200_rho0.6_near-ties_seed3.pcf: n=200 hpac_breakpoints=95 bppf_distinct=96 hpac=85700ns bppf_internal=254000ns bppf_wall=723727ns
gen_n200_rho0.6_near-ties_seed4.pcf: n=200 hpac_breakpoints=102 bppf_distinct=103 hpac=89961ns bppf_internal=265000ns bppf_wall=724974ns
gen_n200_rho0.6_near-ties_seed5.pcf: n=200 hpac_breakpoints=95 bppf_distinct=96 hpac=91398ns bppf_internal=257000ns bppf_wall=710593ns
gen_n200_rho0.6_near-ties_seed6.pcf: n=200 hpac_breakpoints=99 bppf_distinct=100 hpac=107441ns bppf_internal=257000ns bppf_wall=724157ns
gen_n200_rho0.6_near-ties_seed7.pcf: n=200 hpac_breakpoints=96 bppf_distinct=97 hpac=102103ns bppf_internal=255000ns bppf_wall=709928ns
gen_n200_rho0.6_near-ties_seed8.pcf: n=200 hpac_breakpoints=98 bppf_distinct=99 hpac=105975ns bppf_internal=259999ns bppf_wall=717512ns
gen_n200_rho0.6_near-ties_seed9.pcf: n=200 hpac_breakpoints=91 bppf_distinct=92 hpac=88964ns bppf_internal=242000ns bppf_wall=714959ns
gen_n200_rho0.9_anti-correlated_seed0.pcf: n=200 hpac_breakpoints=114 bppf_distinct=115 hpac=264638ns bppf_internal=317000ns bppf_wall=779069ns
gen_n200_rho0.9_anti-correlated_seed1.pcf: n=200 hpac_breakpoints=109 bppf_distinct=110 hpac=175530ns bppf_internal=311000ns bppf_wall=772972ns
gen_n200_rho0.9_anti-correlated_seed2.pcf: n=200 hpac_breakpoints=109 bppf_distinct=110 hpac=195551ns bppf_internal=308000ns bppf_wall=780929ns
gen_n200_rho0.9_anti-correlated_seed3.pcf: n=200 hpac_breakpoints=124 bppf_distinct=125 hpac=232142ns bppf_internal=337000ns bppf_wall=795891ns
gen_n200_rho0.9_anti-correlated_seed4.pcf: n=200 hpac_breakpoints=109 bppf_distinct=110 hpac=164281ns bppf_internal=304000ns bppf_wall=805967ns
gen_n200_rho0.9_anti-correlated_seed5.pcf: n=200 hpac_breakpoints=107 bppf_distinct=108 hpac=168208ns bppf_internal=297000ns bppf_wall=765375ns
gen_n200_rho0.9_anti-correlated_seed6.pcf: n=200 hpac_breakpoints=113 bppf_distinct=114 hpac=263849ns bppf_internal=313000ns bppf_wall=780643ns
gen_n200_rho0.9_anti-correlated_seed7.pcf: n=200 hpac_breakpoints=110 bppf_distinct=111 hpac=179377ns bppf_internal=311000ns bppf_wall=777312ns
gen_n200_rho0.9_anti-correlated_seed8.pcf: n=200 hpac_breakpoints=107 bppf_distinct=108 hpac=194148ns bppf_internal=302000ns bppf_wall=777083ns
gen_n200_rho0.9_anti-correlated_seed9.pcf: n=200 hpac_breakpoints=108 bppf_distinct=109 hpac=182584ns bppf_internal=316000ns bppf_wall=789137ns
gen_n200_rho0.9_correlated_seed0.pcf: n=200 hpac_breakpoints=113 bppf_distinct=114 hpac=263120ns bppf_internal=314000ns bppf_wall=794536ns
gen_n200_rho0.9_correlated_seed1.pcf: n=200 hpac_breakpoints=105 bppf_distinct=106 hpac=168046ns bppf_internal=302000ns bppf_wall=776497ns
gen_n200_rho0.9_correlated_seed2.pcf: n=200 hpac_breakpoints=114 bppf_distinct=115 hpac=177762ns bppf_internal=317000ns bppf_wall=795409ns
gen_n200_rho0.9_correlated_seed3.pcf: n=200 hpac_breakpoints=109 bppf_distinct=110 hpac=222437ns bppf_internal=309000ns bppf_wall=785894ns
gen_n200_rho0.9_correlated_seed4.pcf: n=200 hpac_breakpoints=115 bppf_distinct=116 hpac=147939ns bppf_internal=315000ns bppf_wall=780092ns
gen_n200_rho0.9_correlated_seed5.pcf: n=200 hpac_breakpoints=103 bppf_distinct=104 hpac=167958ns bppf_internal=295000ns bppf_wall=766233ns
gen_n200_rho0.9_correlated_seed6.pcf: n=200 hpac_breakpoints=101 bppf_distinct=102 hpac=232598ns bppf_internal=290000ns bppf_wall=762618ns
gen_n200_rho0.9_correlated_seed7.pcf: n=200 hpac_breakpoints=105 bppf_distinct=106 hpac=171530ns bppf_internal=302000ns bppf_wall=768631ns
gen_n200_rho0.9_correlated_seed8.pcf: n=200 hpac_breakpoints=103 bppf_distinct=104 hpac=203202ns bppf_internal=295000ns bppf_wall=763017ns
gen_n200_rho0.9_correlated_seed9.pcf: n=200 hpac_breakpoints=112 bppf_distinct=113 hpac=186882ns bppf_internal=313000ns bppf_wall=787099ns
gen_n200_rho0.9_exact-ties_seed0.pcf: n=200 hpac_breakpoints=40 bppf_distinct=41 hpac=149687ns bppf_internal=140000ns bppf_wall=608520ns
gen_n200_rho0.9_exact-ties_seed1.pcf: n=200 hpac_breakpoints=41 bppf_distinct=42 hpac=219966ns bppf_internal=148000ns bppf_wall=610140ns
gen_n200_rho0.9_exact-ties_seed2.pcf: n=200 hpac_breakpoints=41 bppf_distinct=42 hpac=164567ns bppf_internal=146000ns bppf_wall=599494ns
gen_n200_rho0.9_exact-ties_seed3.pcf: n=200 hpac_breakpoints=35 bppf_distinct=36 hpac=181708ns bppf_internal=129999ns bppf_wall=590918ns
gen_n200_rho0.9_exact-ties_seed4.pcf: n=200 hpac_breakpoints=38 bppf_distinct=39 hpac=135275ns bppf_internal=136000ns bppf_wall=610754ns
gen_n200_rho0.9_exact-ties_seed5.pcf: n=200 hpac_breakpoints=47 bppf_distinct=48 hpac=172722ns bppf_internal=163000ns bppf_wall=635764ns
gen_n200_rho0.9_exact-ties_seed6.pcf: n=200 hpac_breakpoints=42 bppf_distinct=43 hpac=243746ns bppf_internal=160000ns bppf_wall=664500ns
gen_n200_rho0.9_exact-ties_seed7.pcf: n=200 hpac_breakpoints=48 bppf_distinct=49 hpac=184030ns bppf_internal=171000ns bppf_wall=658506ns
gen_n200_rho0.9_exact-ties_seed8.pcf: n=200 hpac_breakpoints=46 bppf_distinct=47 hpac=158026ns bppf_internal=160000ns bppf_wall=627771ns
gen_n200_rho0.9_exact-ties_seed9.pcf: n=200 hpac_breakpoints=40 bppf_distinct=41 hpac=217300ns bppf_internal=147000ns bppf_wall=602899ns
gen_n200_rho0.9_independent-positive_seed0.pcf: n=200 hpac_breakpoints=132 bppf_distinct=133 hpac=162472ns bppf_internal=342000ns bppf_wall=815894ns
gen_n200_rho0.9_independent-positive_seed1.pcf: n=200 hpac_breakpoints=103 bppf_distinct=104 hpac=176729ns bppf_internal=291000ns bppf_wall=778470ns
gen_n200_rho0.9_independent-positive_seed2.pcf: n=200 hpac_breakpoints=127 bppf_distinct=128 hpac=191787ns bppf_internal=337000ns bppf_wall=815175ns
gen_n200_rho0.9_independent-positive_seed3.pcf: n=200 hpac_breakpoints=115 bppf_distinct=116 hpac=168914ns bppf_internal=315000ns bppf_wall=788127ns
gen_n200_rho0.9_independent-positive_seed4.pcf: n=200 hpac_breakpoints=123 bppf_distinct=124 hpac=161376ns bppf_internal=347000ns bppf_wall=839937ns
gen_n200_rho0.9_independent-positive_seed5.pcf: n=200 hpac_breakpoints=117 bppf_distinct=118 hpac=204476ns bppf_internal=337000ns bppf_wall=821474ns
gen_n200_rho0.9_independent-positive_seed6.pcf: n=200 hpac_breakpoints=111 bppf_distinct=112 hpac=219245ns bppf_internal=323000ns bppf_wall=806698ns
gen_n200_rho0.9_independent-positive_seed7.pcf: n=200 hpac_breakpoints=117 bppf_distinct=118 hpac=182229ns bppf_internal=329000ns bppf_wall=804738ns
gen_n200_rho0.9_independent-positive_seed8.pcf: n=200 hpac_breakpoints=105 bppf_distinct=106 hpac=214307ns bppf_internal=306000ns bppf_wall=767461ns
gen_n200_rho0.9_independent-positive_seed9.pcf: n=200 hpac_breakpoints=123 bppf_distinct=124 hpac=206642ns bppf_internal=332000ns bppf_wall=811546ns
gen_n200_rho0.9_independent-signed_seed0.pcf: n=200 hpac_breakpoints=108 bppf_distinct=109 hpac=166626ns bppf_internal=304000ns bppf_wall=770315ns
gen_n200_rho0.9_independent-signed_seed1.pcf: n=200 hpac_breakpoints=112 bppf_distinct=113 hpac=169462ns bppf_internal=316000ns bppf_wall=781363ns
gen_n200_rho0.9_independent-signed_seed2.pcf: n=200 hpac_breakpoints=111 bppf_distinct=112 hpac=190153ns bppf_internal=312000ns bppf_wall=785685ns
gen_n200_rho0.9_independent-signed_seed3.pcf: n=200 hpac_breakpoints=124 bppf_distinct=125 hpac=165849ns bppf_internal=338000ns bppf_wall=814624ns
gen_n200_rho0.9_independent-signed_seed4.pcf: n=200 hpac_breakpoints=126 bppf_distinct=127 hpac=154952ns bppf_internal=336000ns bppf_wall=801870ns
gen_n200_rho0.9_independent-signed_seed5.pcf: n=200 hpac_breakpoints=110 bppf_distinct=111 hpac=190920ns bppf_internal=309000ns bppf_wall=784682ns
gen_n200_rho0.9_independent-signed_seed6.pcf: n=200 hpac_breakpoints=108 bppf_distinct=109 hpac=208494ns bppf_internal=305000ns bppf_wall=773554ns
gen_n200_rho0.9_independent-signed_seed7.pcf: n=200 hpac_breakpoints=119 bppf_distinct=120 hpac=173157ns bppf_internal=326000ns bppf_wall=802824ns
gen_n200_rho0.9_independent-signed_seed8.pcf: n=200 hpac_breakpoints=111 bppf_distinct=112 hpac=214024ns bppf_internal=318000ns bppf_wall=786584ns
gen_n200_rho0.9_independent-signed_seed9.pcf: n=200 hpac_breakpoints=119 bppf_distinct=120 hpac=215371ns bppf_internal=328000ns bppf_wall=809900ns
gen_n200_rho0.9_near-ties_seed0.pcf: n=200 hpac_breakpoints=82 bppf_distinct=83 hpac=176826ns bppf_internal=238000ns bppf_wall=707197ns
gen_n200_rho0.9_near-ties_seed1.pcf: n=200 hpac_breakpoints=82 bppf_distinct=83 hpac=186910ns bppf_internal=241000ns bppf_wall=721057ns
gen_n200_rho0.9_near-ties_seed2.pcf: n=200 hpac_breakpoints=80 bppf_distinct=81 hpac=205958ns bppf_internal=238000ns bppf_wall=708800ns
gen_n200_rho0.9_near-ties_seed3.pcf: n=200 hpac_breakpoints=92 bppf_distinct=93 hpac=180249ns bppf_internal=262000ns bppf_wall=728374ns
gen_n200_rho0.9_near-ties_seed4.pcf: n=200 hpac_breakpoints=83 bppf_distinct=84 hpac=162448ns bppf_internal=242000ns bppf_wall=713127ns
gen_n200_rho0.9_near-ties_seed5.pcf: n=200 hpac_breakpoints=80 bppf_distinct=81 hpac=182646ns bppf_internal=233000ns bppf_wall=701891ns
gen_n200_rho0.9_near-ties_seed6.pcf: n=200 hpac_breakpoints=78 bppf_distinct=79 hpac=184190ns bppf_internal=230000ns bppf_wall=695622ns
gen_n200_rho0.9_near-ties_seed7.pcf: n=200 hpac_breakpoints=84 bppf_distinct=85 hpac=183846ns bppf_internal=248999ns bppf_wall=712229ns
gen_n200_rho0.9_near-ties_seed8.pcf: n=200 hpac_breakpoints=80 bppf_distinct=81 hpac=172768ns bppf_internal=227000ns bppf_wall=686206ns
gen_n200_rho0.9_near-ties_seed9.pcf: n=200 hpac_breakpoints=89 bppf_distinct=90 hpac=211459ns bppf_internal=259000ns bppf_wall=720727ns
gen_n200_rho1.0_anti-correlated_seed0.pcf: n=200 hpac_breakpoints=92 bppf_distinct=93 hpac=254674ns bppf_internal=282000ns bppf_wall=746833ns
gen_n200_rho1.0_anti-correlated_seed1.pcf: n=200 hpac_breakpoints=102 bppf_distinct=103 hpac=246948ns bppf_internal=305000ns bppf_wall=813195ns
gen_n200_rho1.0_anti-correlated_seed2.pcf: n=200 hpac_breakpoints=104 bppf_distinct=105 hpac=251940ns bppf_internal=319000ns bppf_wall=810492ns
gen_n200_rho1.0_anti-correlated_seed3.pcf: n=200 hpac_breakpoints=96 bppf_distinct=97 hpac=274592ns bppf_internal=293000ns bppf_wall=769149ns
gen_n200_rho1.0_anti-correlated_seed4.pcf: n=200 hpac_breakpoints=99 bppf_distinct=100 hpac=240756ns bppf_internal=290000ns bppf_wall=758990ns
gen_n200_rho1.0_anti-correlated_seed5.pcf: n=200 hpac_breakpoints=106 bppf_distinct=107 hpac=205477ns bppf_internal=309000ns bppf_wall=789973ns
gen_n200_rho1.0_anti-correlated_seed6.pcf: n=200 hpac_breakpoints=111 bppf_distinct=112 hpac=301934ns bppf_internal=319000ns bppf_wall=791784ns
gen_n200_rho1.0_anti-correlated_seed7.pcf: n=200 hpac_breakpoints=104 bppf_distinct=105 hpac=234393ns bppf_internal=306000ns bppf_wall=779580ns
gen_n200_rho1.0_anti-correlated_seed8.pcf: n=200 hpac_breakpoints=98 bppf_distinct=99 hpac=278030ns bppf_internal=293000ns bppf_wall=774295ns
gen_n200_rho1.0_anti-correlated_seed9.pcf: n=200 hpac_breakpoints=84 bppf_distinct=85 hpac=235460ns bppf_internal=255000ns bppf_wall=731421ns
gen_n200_rho1.0_correlated_seed0.pcf: n=200 hpac_breakpoints=96 bppf_distinct=97 hpac=221574ns bppf_internal=285000ns bppf_wall=749173ns
gen_n200_rho1.0_correlated_seed1.pcf: n=200 hpac_breakpoints=111 bppf_distinct=112 hpac=213794ns bppf_internal=312000ns bppf_wall=794289ns
gen_n200_rho1.0_correlated_seed2.pcf: n=200 hpac_breakpoints=105 bppf_distinct=106 hpac=231465ns bppf_internal=300000ns bppf_wall=770046ns
gen_n200_rho1.0_correlated_seed3.pcf: n=200 hpac_breakpoints=98 bppf_distinct=99 hpac=279359ns bppf_internal=280000ns bppf_wall=754730ns
gen_n200_rho1.0_correlated_seed4.pcf: n=200 hpac_breakpoints=111 bppf_distinct=112 hpac=238516ns bppf_internal=315000ns bppf_wall=777054ns
gen_n200_rho1.0_correlated_seed5.pcf: n=200 hpac_breakpoints=104 bppf_distinct=105 hpac=181822ns bppf_internal=297000ns bppf_wall=763035ns
gen_n200_rho1.0_correlated_seed6.pcf: n=200 hpac_breakpoints=100 bppf_distinct=101 hpac=295040ns bppf_internal=290000ns bppf_wall=756494ns
gen_n200_rho1.0_correlated_seed7.pcf: n=200 hpac_breakpoints=109 bppf_distinct=110 hpac=254038ns bppf_internal=305000ns bppf_wall=779721ns
gen_n200_rho1.0_correlated_seed8.pcf: n=200 hpac_breakpoints=99 bppf_distinct=100 hpac=265067ns bppf_internal=290000ns bppf_wall=755251ns
gen_n200_rho1.0_correlated_seed9.pcf: n=200 hpac_breakpoints=89 bppf_distinct=90 hpac=240704ns bppf_internal=262000ns bppf_wall=724715ns
gen_n200_rho1.0_exact-ties_seed0.pcf: n=200 hpac_breakpoints=43 bppf_distinct=44 hpac=201725ns bppf_internal=154000ns bppf_wall=608806ns
gen_n200_rho1.0_exact-ties_seed1.pcf: n=200 hpac_breakpoints=38 bppf_distinct=39 hpac=215932ns bppf_internal=146000ns bppf_wall=620894ns
gen_n200_rho1.0_exact-ties_seed2.pcf: n=200 hpac_breakpoints=35 bppf_distinct=36 hpac=208679ns bppf_internal=138000ns bppf_wall=612594ns
gen_n200_rho1.0_exact-ties_seed3.pcf: n=200 hpac_breakpoints=39 bppf_distinct=40 hpac=280979ns bppf_internal=149000ns bppf_wall=622069ns
gen_n200_rho1.0_exact-ties_seed4.pcf: n=200 hpac_breakpoints=43 bppf_distinct=44 hpac=255431ns bppf_internal=156000ns bppf_wall=624102ns
gen_n200_rho1.0_exact-ties_seed5.pcf: n=200 hpac_breakpoints=36 bppf_distinct=37 hpac=241245ns bppf_internal=154000ns bppf_wall=623680ns
gen_n200_rho1.0_exact-ties_seed6.pcf: n=200 hpac_breakpoints=37 bppf_distinct=38 hpac=231474ns bppf_internal=142000ns bppf_wall=613673ns
gen_n200_rho1.0_exact-ties_seed7.pcf: n=200 hpac_breakpoints=44 bppf_distinct=45 hpac=192604ns bppf_internal=159000ns bppf_wall=632307ns
gen_n200_rho1.0_exact-ties_seed8.pcf: n=200 hpac_breakpoints=42 bppf_distinct=43 hpac=240706ns bppf_internal=163000ns bppf_wall=634836ns
gen_n200_rho1.0_exact-ties_seed9.pcf: n=200 hpac_breakpoints=31 bppf_distinct=32 hpac=235217ns bppf_internal=135000ns bppf_wall=600800ns
gen_n200_rho1.0_independent-positive_seed0.pcf: n=200 hpac_breakpoints=98 bppf_distinct=99 hpac=243045ns bppf_internal=298000ns bppf_wall=776353ns
gen_n200_rho1.0_independent-positive_seed1.pcf: n=200 hpac_breakpoints=110 bppf_distinct=111 hpac=242549ns bppf_internal=323000ns bppf_wall=806628ns
gen_n200_rho1.0_independent-positive_seed2.pcf: n=200 hpac_breakpoints=99 bppf_distinct=100 hpac=250906ns bppf_internal=299000ns bppf_wall=775902ns
gen_n200_rho1.0_independent-positive_seed3.pcf: n=200 hpac_breakpoints=97 bppf_distinct=98 hpac=272972ns bppf_internal=293000ns bppf_wall=769990ns
gen_n200_rho1.0_independent-positive_seed4.pcf: n=200 hpac_breakpoints=105 bppf_distinct=106 hpac=234746ns bppf_internal=303000ns bppf_wall=795297ns
gen_n200_rho1.0_independent-positive_seed5.pcf: n=200 hpac_breakpoints=97 bppf_distinct=98 hpac=284060ns bppf_internal=295000ns bppf_wall=772432ns
gen_n200_rho1.0_independent-positive_seed6.pcf: n=200 hpac_breakpoints=102 bppf_distinct=103 hpac=226865ns bppf_internal=303000ns bppf_wall=778029ns
gen_n200_rho1.0_independent-positive_seed7.pcf: n=200 hpac_breakpoints=98 bppf_distinct=99 hpac=253080ns bppf_internal=288000ns bppf_wall=767667ns
gen_n200_rho1.0_independent-positive_seed8.pcf: n=200 hpac_breakpoints=105 bppf_distinct=106 hpac=239068ns bppf_internal=300000ns bppf_wall=763838ns
gen_n200_rho1.0_independent-positive_seed9.pcf: n=200 hpac_breakpoints=97 bppf_distinct=98 hpac=244020ns bppf_internal=288000ns bppf_wall=758026ns
gen_n200_rho1.0_independent-signed_seed0.pcf: n=200 hpac_breakpoints=103 bppf_distinct=104 hpac=206740ns bppf_internal=304000ns bppf_wall=786266ns
gen_n200_rho1.0_independent-signed_seed1.pcf: n=200 hpac_breakpoints=101 bppf_distinct=102 hpac=232402ns bppf_internal=300000ns bppf_wall=778323ns
gen_n200_rho1.0_independent-signed_seed2.pcf: n=200 hpac_breakpoints=85 bppf_distinct=86 hpac=254711ns bppf_internal=265000ns bppf_wall=730661ns
gen_n200_rho1.0_independent-signed_seed3.pcf: n=200 hpac_breakpoints=102 bppf_distinct=103 hpac=236469ns bppf_internal=296000ns bppf_wall=772290ns
gen_n200_rho1.0_independent-signed_seed4.pcf: n=200 hpac_breakpoints=103 bppf_distinct=104 hpac=228973ns bppf_internal=297000ns bppf_wall=771658ns
gen_n200_rho1.0_independent-signed_seed5.pcf: n=200 hpac_breakpoints=97 bppf_distinct=98 hpac=287530ns bppf_internal=291000ns bppf_wall=773548ns
gen_n200_rho1.0_independent-signed_seed6.pcf: n=200 hpac_breakpoints=102 bppf_distinct=103 hpac=312493ns bppf_internal=304000ns bppf_wall=768794ns
gen_n200_rho1.0_independent-signed_seed7.pcf: n=200 hpac_breakpoints=109 bppf_distinct=110 hpac=235947ns bppf_internal=321000ns bppf_wall=814228ns
gen_n200_rho1.0_independent-signed_seed8.pcf: n=200 hpac_breakpoints=102 bppf_distinct=103 hpac=235886ns bppf_internal=299000ns bppf_wall=776153ns
gen_n200_rho1.0_independent-signed_seed9.pcf: n=200 hpac_breakpoints=101 bppf_distinct=102 hpac=265022ns bppf_internal=299000ns bppf_wall=780654ns
gen_n200_rho1.0_near-ties_seed0.pcf: n=200 hpac_breakpoints=77 bppf_distinct=78 hpac=215852ns bppf_internal=230000ns bppf_wall=703180ns
gen_n200_rho1.0_near-ties_seed1.pcf: n=200 hpac_breakpoints=74 bppf_distinct=75 hpac=273046ns bppf_internal=232000ns bppf_wall=700119ns
gen_n200_rho1.0_near-ties_seed2.pcf: n=200 hpac_breakpoints=77 bppf_distinct=78 hpac=221259ns bppf_internal=227000ns bppf_wall=699604ns
gen_n200_rho1.0_near-ties_seed3.pcf: n=200 hpac_breakpoints=83 bppf_distinct=84 hpac=266091ns bppf_internal=248999ns bppf_wall=724022ns
gen_n200_rho1.0_near-ties_seed4.pcf: n=200 hpac_breakpoints=79 bppf_distinct=80 hpac=285830ns bppf_internal=235000ns bppf_wall=704670ns
gen_n200_rho1.0_near-ties_seed5.pcf: n=200 hpac_breakpoints=70 bppf_distinct=71 hpac=196761ns bppf_internal=220000ns bppf_wall=687254ns
gen_n200_rho1.0_near-ties_seed6.pcf: n=200 hpac_breakpoints=87 bppf_distinct=88 hpac=212513ns bppf_internal=250999ns bppf_wall=714242ns
gen_n200_rho1.0_near-ties_seed7.pcf: n=200 hpac_breakpoints=78 bppf_distinct=79 hpac=249324ns bppf_internal=232000ns bppf_wall=694721ns
gen_n200_rho1.0_near-ties_seed8.pcf: n=200 hpac_breakpoints=72 bppf_distinct=73 hpac=206420ns bppf_internal=223000ns bppf_wall=684503ns
gen_n200_rho1.0_near-ties_seed9.pcf: n=200 hpac_breakpoints=69 bppf_distinct=70 hpac=237597ns bppf_internal=214000ns bppf_wall=677113ns
gen_n300_rho0.3_anti-correlated_seed0.pcf: n=300 hpac_breakpoints=253 bppf_distinct=254 hpac=74782ns bppf_internal=788000ns bppf_wall=1292899ns
gen_n300_rho0.3_anti-correlated_seed1.pcf: n=300 hpac_breakpoints=256 bppf_distinct=257 hpac=73512ns bppf_internal=798000ns bppf_wall=1299297ns
gen_n300_rho0.3_anti-correlated_seed2.pcf: n=300 hpac_breakpoints=256 bppf_distinct=257 hpac=76562ns bppf_internal=795000ns bppf_wall=1298855ns
gen_n300_rho0.3_anti-correlated_seed3.pcf: n=300 hpac_breakpoints=259 bppf_distinct=260 hpac=76605ns bppf_internal=797000ns bppf_wall=1297220ns
gen_n300_rho0.3_anti-correlated_seed4.pcf: n=300 hpac_breakpoints=254 bppf_distinct=255 hpac=75080ns bppf_internal=793000ns bppf_wall=1303222ns
gen_n300_rho0.3_anti-correlated_seed5.pcf: n=300 hpac_breakpoints=253 bppf_distinct=254 hpac=76924ns bppf_internal=791000ns bppf_wall=1285469ns
gen_n300_rho0.3_anti-correlated_seed6.pcf: n=300 hpac_breakpoints=253 bppf_distinct=254 hpac=80105ns bppf_internal=790000ns bppf_wall=1287454ns
gen_n300_rho0.3_anti-correlated_seed7.pcf: n=300 hpac_breakpoints=256 bppf_distinct=257 hpac=76876ns bppf_internal=792000ns bppf_wall=1306468ns
gen_n300_rho0.3_anti-correlated_seed8.pcf: n=300 hpac_breakpoints=252 bppf_distinct=253 hpac=81831ns bppf_internal=817000ns bppf_wall=1346916ns
gen_n300_rho0.3_anti-correlated_seed9.pcf: n=300 hpac_breakpoints=264 bppf_distinct=265 hpac=81855ns bppf_internal=857000ns bppf_wall=1368681ns
gen_n300_rho0.3_correlated_seed0.pcf: n=300 hpac_breakpoints=255 bppf_distinct=256 hpac=75354ns bppf_internal=810000ns bppf_wall=1328042ns
gen_n300_rho0.3_correlated_seed1.pcf: n=300 hpac_breakpoints=255 bppf_distinct=256 hpac=74737ns bppf_internal=786000ns bppf_wall=1285888ns
gen_n300_rho0.3_correlated_seed2.pcf: n=300 hpac_breakpoints=243 bppf_distinct=244 hpac=74360ns bppf_internal=766000ns bppf_wall=1273652ns
gen_n300_rho0.3_correlated_seed3.pcf: n=300 hpac_breakpoints=256 bppf_distinct=257 hpac=73466ns bppf_internal=791000ns bppf_wall=1305171ns
gen_n300_rho0.3_correlated_seed4.pcf: n=300 hpac_breakpoints=255 bppf_distinct=256 hpac=73309ns bppf_internal=798000ns bppf_wall=1298222ns
gen_n300_rho0.3_correlated_seed5.pcf: n=300 hpac_breakpoints=253 bppf_distinct=254 hpac=79936ns bppf_internal=780000ns bppf_wall=1282165ns
gen_n300_rho0.3_correlated_seed6.pcf: n=300 hpac_breakpoints=247 bppf_distinct=248 hpac=79512ns bppf_internal=766000ns bppf_wall=1278158ns
gen_n300_rho0.3_correlated_seed7.pcf: n=300 hpac_breakpoints=251 bppf_distinct=252 hpac=77817ns bppf_internal=782000ns bppf_wall=1283903ns
gen_n300_rho0.3_correlated_seed8.pcf: n=300 hpac_breakpoints=258 bppf_distinct=259 hpac=80641ns bppf_internal=807000ns bppf_wall=1338573ns
gen_n300_rho0.3_correlated_seed9.pcf: n=300 hpac_breakpoints=261 bppf_distinct=262 hpac=78348ns bppf_internal=799000ns bppf_wall=1330910ns
gen_n300_rho0.3_exact-ties_seed0.pcf: n=300 hpac_breakpoints=46 bppf_distinct=47 hpac=64782ns bppf_internal=172000ns bppf_wall=655931ns
gen_n300_rho0.3_exact-ties_seed1.pcf: n=300 hpac_breakpoints=35 bppf_distinct=36 hpac=60735ns bppf_internal=138000ns bppf_wall=619736ns
gen_n300_rho0.3_exact-ties_seed2.pcf: n=300 hpac_breakpoints=44 bppf_distinct=45 hpac=61707ns bppf_internal=163000ns bppf_wall=643729ns
gen_n300_rho0.3_exact-ties_seed3.pcf: n=300 hpac_breakpoints=45 bppf_distinct=46 hpac=55247ns bppf_internal=169000ns bppf_wall=653573ns
gen_n300_rho0.3_exact-ties_seed4.pcf: n=300 hpac_breakpoints=45 bppf_distinct=46 hpac=63650ns bppf_internal=174000ns bppf_wall=664739ns
gen_n300_rho0.3_exact-ties_seed5.pcf: n=300 hpac_breakpoints=43 bppf_distinct=44 hpac=63322ns bppf_internal=164000ns bppf_wall=656595ns
gen_n300_rho0.3_exact-ties_seed6.pcf: n=300 hpac_breakpoints=47 bppf_distinct=48 hpac=72066ns bppf_internal=179000ns bppf_wall=663717ns
gen_n300_rho0.3_exact-ties_seed7.pcf: n=300 hpac_breakpoints=45 bppf_distinct=46 hpac=64550ns bppf_internal=170000ns bppf_wall=658136ns
gen_n300_rho0.3_exact-ties_seed8.pcf: n=300 hpac_breakpoints=49 bppf_distinct=50 hpac=69613ns bppf_internal=180000ns bppf_wall=664916ns
gen_n300_rho0.3_exact-ties_seed9.pcf: n=300 hpac_breakpoints=46 bppf_distinct=47 hpac=77076ns bppf_internal=166000ns bppf_wall=649412ns
gen_n300_rho0.3_independent-positive_seed0.pcf: n=300 hpac_breakpoints=241 bppf_distinct=242 hpac=90808ns bppf_internal=763000ns bppf_wall=1275078ns
gen_n300_rho0.3_independent-positive_seed1.pcf: n=300 hpac_breakpoints=266 bppf_distinct=267 hpac=70309ns bppf_internal=815000ns bppf_wall=1329649ns
gen_n300_rho0.3_independent-positive_seed2.pcf: n=300 hpac_breakpoints=257 bppf_distinct=258 hpac=76280ns bppf_internal=795000ns bppf_wall=1304469ns
gen_n300_rho0.3_independent-positive_seed3.pcf: n=300 hpac_breakpoints=261 bppf_distinct=262 hpac=77807ns bppf_internal=805000ns bppf_wall=1305819ns
gen_n300_rho0.3_independent-positive_seed4.pcf: n=300 hpac_breakpoints=253 bppf_distinct=254 hpac=77151ns bppf_internal=786000ns bppf_wall=1298308ns
gen_n300_rho0.3_independent-positive_seed5.pcf: n=300 hpac_breakpoints=255 bppf_distinct=256 hpac=76975ns bppf_internal=794000ns bppf_wall=1295564ns
gen_n300_rho0.3_independent-positive_seed6.pcf: n=300 hpac_breakpoints=250 bppf_distinct=251 hpac=81409ns bppf_internal=779000ns bppf_wall=1290390ns
gen_n300_rho0.3_independent-positive_seed7.pcf: n=300 hpac_breakpoints=254 bppf_distinct=255 hpac=74890ns bppf_internal=788000ns bppf_wall=1284277ns
gen_n300_rho0.3_independent-positive_seed8.pcf: n=300 hpac_breakpoints=257 bppf_distinct=258 hpac=74373ns bppf_internal=798000ns bppf_wall=1313232ns
gen_n300_rho0.3_independent-positive_seed9.pcf: n=300 hpac_breakpoints=250 bppf_distinct=251 hpac=86440ns bppf_internal=785000ns bppf_wall=1285875ns
gen_n300_rho0.3_independent-signed_seed0.pcf: n=300 hpac_breakpoints=246 bppf_distinct=247 hpac=84344ns bppf_internal=774000ns bppf_wall=1279970ns
gen_n300_rho0.3_independent-signed_seed1.pcf: n=300 hpac_breakpoints=267 bppf_distinct=268 hpac=70736ns bppf_internal=816000ns bppf_wall=1337165ns
gen_n300_rho0.3_independent-signed_seed2.pcf: n=300 hpac_breakpoints=255 bppf_distinct=256 hpac=78503ns bppf_internal=790000ns bppf_wall=1290833ns
gen_n300_rho0.3_independent-signed_seed3.pcf: n=300 hpac_breakpoints=256 bppf_distinct=257 hpac=79991ns bppf_internal=848000ns bppf_wall=1377867ns
gen_n300_rho0.3_independent-signed_seed4.pcf: n=300 hpac_breakpoints=254 bppf_distinct=255 hpac=83274ns bppf_internal=790000ns bppf_wall=1295053ns
gen_n300_rho0.3_independent-signed_seed5.pcf: n=300 hpac_breakpoints=256 bppf_distinct=257 hpac=82408ns bppf_internal=825000ns bppf_wall=1362532ns
gen_n300_rho0.3_independent-signed_seed6.pcf: n=300 hpac_breakpoints=253 bppf_distinct=254 hpac=76749ns bppf_internal=795000ns bppf_wall=1301339ns
gen_n300_rho0.3_independent-signed_seed7.pcf: n=300 hpac_breakpoints=256 bppf_distinct=257 hpac=76123ns bppf_internal=796000ns bppf_wall=1309029ns
gen_n300_rho0.3_independent-signed_seed8.pcf: n=300 hpac_breakpoints=256 bppf_distinct=257 hpac=69015ns bppf_internal=798000ns bppf_wall=1314044ns
gen_n300_rho0.3_independent-signed_seed9.pcf: n=300 hpac_breakpoints=245 bppf_distinct=246 hpac=76036ns bppf_internal=774000ns bppf_wall=1271120ns
gen_n300_rho0.3_near-ties_seed0.pcf: n=300 hpac_breakpoints=134 bppf_distinct=135 hpac=79081ns bppf_internal=459000ns bppf_wall=954417ns
gen_n300_rho0.3_near-ties_seed1.pcf: n=300 hpac_breakpoints=128 bppf_distinct=129 hpac=79762ns bppf_internal=440000ns bppf_wall=944173ns
gen_n300_rho0.3_near-ties_seed2.pcf: n=300 hpac_breakpoints=138 bppf_distinct=139 hpac=77631ns bppf_internal=459000ns bppf_wall=954465ns
gen_n300_rho0.3_near-ties_seed3.pcf: n=300 hpac_breakpoints=135 bppf_distinct=136 hpac=69805ns bppf_internal=459000ns bppf_wall=960869ns
gen_n300_rho0.3_near-ties_seed4.pcf: n=300 hpac_breakpoints=128 bppf_distinct=129 hpac=73094ns bppf_internal=440000ns bppf_wall=936780ns
gen_n300_rho0.3_near-ties_seed5.pcf: n=300 hpac_breakpoints=136 bppf_distinct=137 hpac=81135ns bppf_internal=471000ns bppf_wall=981127ns
gen_n300_rho0.3_near-ties_seed6.pcf: n=300 hpac_breakpoints=133 bppf_distinct=134 hpac=78174ns bppf_internal=458000ns bppf_wall=973210ns
gen_n300_rho0.3_near-ties_seed7.pcf: n=300 hpac_breakpoints=135 bppf_distinct=136 hpac=72853ns bppf_internal=460000ns bppf_wall=948246ns
gen_n300_rho0.3_near-ties_seed8.pcf: n=300 hpac_breakpoints=131 bppf_distinct=132 hpac=82761ns bppf_internal=444000ns bppf_wall=955875ns
gen_n300_rho0.3_near-ties_seed9.pcf: n=300 hpac_breakpoints=122 bppf_distinct=123 hpac=76931ns bppf_internal=419000ns bppf_wall=925452ns
gen_n300_rho0.6_anti-correlated_seed0.pcf: n=300 hpac_breakpoints=220 bppf_distinct=221 hpac=139166ns bppf_internal=741000ns bppf_wall=1252258ns
gen_n300_rho0.6_anti-correlated_seed1.pcf: n=300 hpac_breakpoints=207 bppf_distinct=208 hpac=169595ns bppf_internal=699000ns bppf_wall=1204075ns
gen_n300_rho0.6_anti-correlated_seed2.pcf: n=300 hpac_breakpoints=213 bppf_distinct=214 hpac=151311ns bppf_internal=716000ns bppf_wall=1225857ns
gen_n300_rho0.6_anti-correlated_seed3.pcf: n=300 hpac_breakpoints=199 bppf_distinct=200 hpac=169799ns bppf_internal=689000ns bppf_wall=1194682ns
gen_n300_rho0.6_anti-correlated_seed4.pcf: n=300 hpac_breakpoints=191 bppf_distinct=192 hpac=163372ns bppf_internal=668000ns bppf_wall=1174110ns
gen_n300_rho0.6_anti-correlated_seed5.pcf: n=300 hpac_breakpoints=211 bppf_distinct=212 hpac=152206ns bppf_internal=710000ns bppf_wall=1226069ns
gen_n300_rho0.6_anti-correlated_seed6.pcf: n=300 hpac_breakpoints=210 bppf_distinct=211 hpac=161310ns bppf_internal=708000ns bppf_wall=1220824ns
gen_n300_rho0.6_anti-correlated_seed7.pcf: n=300 hpac_breakpoints=213 bppf_distinct=214 hpac=141868ns bppf_internal=725000ns bppf_wall=1239059ns
gen_n300_rho0.6_anti-correlated_seed8.pcf: n=300 hpac_breakpoints=219 bppf_distinct=220 hpac=129581ns bppf_internal=716000ns bppf_wall=1219397ns
gen_n300_rho0.6_anti-correlated_seed9.pcf: n=300 hpac_breakpoints=215 bppf_distinct=216 hpac=150644ns bppf_internal=717000ns bppf_wall=1220621ns
gen_n300_rho0.6_correlated_seed0.pcf: n=300 hpac_breakpoints=222 bppf_distinct=223 hpac=132618ns bppf_internal=732000ns bppf_wall=1243160ns
gen_n300_rho0.6_correlated_seed1.pcf: n=300 hpac_breakpoints=211 bppf_distinct=212 hpac=165738ns bppf_internal=713000ns bppf_wall=1214864ns
gen_n300_rho0.6_correlated_seed2.pcf: n=300 hpac_breakpoints=202 bppf_distinct=203 hpac=139287ns bppf_internal=685000ns bppf_wall=1190785ns
gen_n300_rho0.6_correlated_seed3.pcf: n=300 hpac_breakpoints=211 bppf_distinct=212 hpac=160857ns bppf_internal=701000ns bppf_wall=1219042ns
gen_n300_rho0.6_correlated_seed4.pcf: n=300 hpac_breakpoints=192 bppf_distinct=193 hpac=167598ns bppf_internal=656000ns bppf_wall=1157090ns
gen_n300_rho0.6_correlated_seed5.pcf: n=300 hpac_breakpoints=210 bppf_distinct=211 hpac=155858ns bppf_internal=736000ns bppf_wall=1263991ns
gen_n300_rho0.6_correlated_seed6.pcf: n=300 hpac_breakpoints=211 bppf_distinct=212 hpac=142431ns bppf_internal=709000ns bppf_wall=1216228ns
gen_n300_rho0.6_correlated_seed7.pcf: n=300 hpac_breakpoints=203 bppf_distinct=204 hpac=145874ns bppf_internal=679000ns bppf_wall=1188408ns
gen_n300_rho0.6_correlated_seed8.pcf: n=300 hpac_breakpoints=216 bppf_distinct=217 hpac=123467ns bppf_internal=710000ns bppf_wall=1240152ns
gen_n300_rho0.6_correlated_seed9.pcf: n=300 hpac_breakpoints=215 bppf_distinct=216 hpac=145628ns bppf_internal=713000ns bppf_wall=1216862ns
gen_n300_rho0.6_exact-ties_seed0.pcf: n=300 hpac_breakpoints=60 bppf_distinct=61 hpac=126718ns bppf_internal=252000ns bppf_wall=746248ns
gen_n300_rho0.6_exact-ties_seed1.pcf: n=300 hpac_breakpoints=61 bppf_distinct=62 hpac=125386ns bppf_internal=250000ns bppf_wall=748849ns
gen_n300_rho0.6_exact-ties_seed2.pcf: n=300 hpac_breakpoints=58 bppf_distinct=59 hpac=164792ns bppf_internal=248999ns bppf_wall=744245ns
gen_n300_rho0.6_exact-ties_seed3.pcf: n=300 hpac_breakpoints=59 bppf_distinct=60 hpac=189363ns bppf_internal=265000ns bppf_wall=760815ns
gen_n300_rho0.6_exact-ties_seed4.pcf: n=300 hpac_breakpoints=56 bppf_distinct=57 hpac=169230ns bppf_internal=250000ns bppf_wall=773751ns
gen_n300_rho0.6_exact-ties_seed5.pcf: n=300 hpac_breakpoints=68 bppf_distinct=69 hpac=166729ns bppf_internal=301000ns bppf_wall=828457ns
gen_n300_rho0.6_exact-ties_seed6.pcf: n=300 hpac_breakpoints=56 bppf_distinct=57 hpac=142436ns bppf_internal=248999ns bppf_wall=758391ns
gen_n300_rho0.6_exact-ties_seed7.pcf: n=300 hpac_breakpoints=69 bppf_distinct=70 hpac=136761ns bppf_internal=282000ns bppf_wall=784263ns
gen_n300_rho0.6_exact-ties_seed8.pcf: n=300 hpac_breakpoints=57 bppf_distinct=58 hpac=129199ns bppf_internal=234000ns bppf_wall=730331ns
gen_n300_rho0.6_exact-ties_seed9.pcf: n=300 hpac_breakpoints=51 bppf_distinct=52 hpac=151039ns bppf_internal=226000ns bppf_wall=722759ns
gen_n300_rho0.6_independent-positive_seed0.pcf: n=300 hpac_breakpoints=203 bppf_distinct=204 hpac=164504ns bppf_internal=704000ns bppf_wall=1220542ns
gen_n300_rho0.6_independent-positive_seed1.pcf: n=300 hpac_breakpoints=215 bppf_distinct=216 hpac=148711ns bppf_internal=713000ns bppf_wall=1228077ns
gen_n300_rho0.6_independent-positive_seed2.pcf: n=300 hpac_breakpoints=215 bppf_distinct=216 hpac=195414ns bppf_internal=726000ns bppf_wall=1241191ns
gen_n300_rho0.6_independent-positive_seed3.pcf: n=300 hpac_breakpoints=197 bppf_distinct=198 hpac=161062ns bppf_internal=677000ns bppf_wall=1176439ns
gen_n300_rho0.6_independent-positive_seed4.pcf: n=300 hpac_breakpoints=207 bppf_distinct=208 hpac=144861ns bppf_internal=697000ns bppf_wall=1215337ns
gen_n300_rho0.6_independent-positive_seed5.pcf: n=300 hpac_breakpoints=202 bppf_distinct=203 hpac=138323ns bppf_internal=684000ns bppf_wall=1185155ns
gen_n300_rho0.6_independent-positive_seed6.pcf: n=300 hpac_breakpoints=210 bppf_distinct=211 hpac=174574ns bppf_internal=700000ns bppf_wall=1204885ns
gen_n300_rho0.6_independent-positive_seed7.pcf: n=300 hpac_breakpoints=212 bppf_distinct=213 hpac=147567ns bppf_internal=708000ns bppf_wall=1209294ns
gen_n300_rho0.6_independent-positive_seed8.pcf: n=300 hpac_breakpoints=208 bppf_distinct=209 hpac=146408ns bppf_internal=704000ns bppf_wall=1234842ns
gen_n300_rho0.6_independent-positive_seed9.pcf: n=300 hpac_breakpoints=208 bppf_distinct=209 hpac=149510ns bppf_internal=695000ns bppf_wall=1200749ns
gen_n300_rho0.6_independent-signed_seed0.pcf: n=300 hpac_breakpoints=202 bppf_distinct=203 hpac=169196ns bppf_internal=689000ns bppf_wall=1196014ns
gen_n300_rho0.6_independent-signed_seed1.pcf: n=300 hpac_breakpoints=218 bppf_distinct=219 hpac=163726ns bppf_internal=725000ns bppf_wall=1240741ns
gen_n300_rho0.6_independent-signed_seed2.pcf: n=300 hpac_breakpoints=210 bppf_distinct=211 hpac=160242ns bppf_internal=714000ns bppf_wall=1230281ns
gen_n300_rho0.6_independent-signed_seed3.pcf: n=300 hpac_breakpoints=204 bppf_distinct=205 hpac=162265ns bppf_internal=694000ns bppf_wall=1202179ns
gen_n300_rho0.6_independent-signed_seed4.pcf: n=300 hpac_breakpoints=217 bppf_distinct=218 hpac=156932ns bppf_internal=729000ns bppf_wall=1241428ns
gen_n300_rho0.6_independent-signed_seed5.pcf: n=300 hpac_breakpoints=201 bppf_distinct=202 hpac=149563ns bppf_internal=682000ns bppf_wall=1189598ns
gen_n300_rho0.6_independent-signed_seed6.pcf: n=300 hpac_breakpoints=213 bppf_distinct=214 hpac=164504ns bppf_internal=733000ns bppf_wall=1252630ns
gen_n300_rho0.6_independent-signed_seed7.pcf: n=300 hpac_breakpoints=221 bppf_distinct=222 hpac=149461ns bppf_internal=736000ns bppf_wall=1251191ns
gen_n300_rho0.6_independent-signed_seed8.pcf: n=300 hpac_breakpoints=201 bppf_distinct=202 hpac=148427ns bppf_internal=685000ns bppf_wall=1194988ns
gen_n300_rho0.6_independent-signed_seed9.pcf: n=300 hpac_breakpoints=211 bppf_distinct=212 hpac=162734ns bppf_internal=707000ns bppf_wall=1220442ns
gen_n300_rho0.6_near-ties_seed0.pcf: n=300 hpac_breakpoints=127 bppf_distinct=128 hpac=145614ns bppf_internal=471000ns bppf_wall=979274ns
gen_n300_rho0.6_near-ties_seed1.pcf: n=300 hpac_breakpoints=120 bppf_distinct=121 hpac=153503ns bppf_internal=436000ns bppf_wall=932431ns
gen_n300_rho0.6_near-ties_seed2.pcf: n=300 hpac_breakpoints=122 bppf_distinct=123 hpac=150065ns bppf_internal=450000ns bppf_wall=959444ns
gen_n300_rho0.6_near-ties_seed3.pcf: n=300 hpac_breakpoints=130 bppf_distinct=131 hpac=183813ns bppf_internal=484000ns bppf_wall=990353ns
gen_n300_rho0.6_near-ties_seed4.pcf: n=300 hpac_breakpoints=115 bppf_distinct=116 hpac=190475ns bppf_internal=427000ns bppf_wall=933881ns
gen_n300_rho0.6_near-ties_seed5.pcf: n=300 hpac_breakpoints=128 bppf_distinct=129 hpac=119671ns bppf_internal=459000ns bppf_wall=948036ns
gen_n300_rho0.6_near-ties_seed6.pcf: n=300 hpac_breakpoints=122 bppf_distinct=123 hpac=142645ns bppf_internal=445000ns bppf_wall=942710ns
gen_n300_rho0.6_near-ties_seed7.pcf: n=300 hpac_breakpoints=124 bppf_distinct=125 hpac=158000ns bppf_internal=452000ns bppf_wall=965475ns
gen_n300_rho0.6_near-ties_seed8.pcf: n=300 hpac_breakpoints=139 bppf_distinct=140 hpac=147393ns bppf_internal=496000ns bppf_wall=985321ns
gen_n300_rho0.6_near-ties_seed9.pcf: n=300 hpac_breakpoints=132 bppf_distinct=133 hpac=127731ns bppf_internal=482000ns bppf_wall=971358ns
gen_n300_rho0.9_anti-correlated_seed0.pcf: n=300 hpac_breakpoints=158 bppf_distinct=159 hpac=322889ns bppf_internal=595000ns bppf_wall=1107596ns
gen_n300_rho0.9_anti-correlated_seed1.pcf: n=300 hpac_breakpoints=164 bppf_distinct=165 hpac=346096ns bppf_internal=619000ns bppf_wall=1135593ns
gen_n300_rho0.9_anti-correlated_seed2.pcf: n=300 hpac_breakpoints=152 bppf_distinct=153 hpac=297326ns bppf_internal=582000ns bppf_wall=1091139ns
gen_n300_rho0.9_anti-correlated_seed3.pcf: n=300 hpac_breakpoints=161 bppf_distinct=162 hpac=447101ns bppf_internal=603000ns bppf_wall=1115190ns
gen_n300_rho0.9_anti-correlated_seed4.pcf: n=300 hpac_breakpoints=165 bppf_distinct=166 hpac=267854ns bppf_internal=616000ns bppf_wall=1119178ns
gen_n300_rho0.9_anti-correlated_seed5.pcf: n=300 hpac_breakpoints=160 bppf_distinct=161 hpac=361199ns bppf_internal=583000ns bppf_wall=1094562ns
gen_n300_rho0.9_anti-correlated_seed6.pcf: n=300 hpac_breakpoints=166 bppf_distinct=167 hpac=284397ns bppf_internal=617000ns bppf_wall=1130811ns
gen_n300_rho0.9_anti-correlated_seed7.pcf: n=300 hpac_breakpoints=174 bppf_distinct=175 hpac=303304ns bppf_internal=643000ns bppf_wall=1149982ns
gen_n300_rho0.9_anti-correlated_seed8.pcf: n=300 hpac_breakpoints=158 bppf_distinct=159 hpac=264190ns bppf_internal=591000ns bppf_wall=1099100ns
gen_n300_rho0.9_anti-correlated_seed9.pcf: n=300 hpac_breakpoints=174 bppf_distinct=175 hpac=259306ns bppf_internal=674000ns bppf_wall=1220463ns
gen_n300_rho0.9_correlated_seed0.pcf: n=300 hpac_breakpoints=161 bppf_distinct=162 hpac=322886ns bppf_internal=609000ns bppf_wall=1140044ns
gen_n300_rho0.9_correlated_seed1.pcf: n=300 hpac_breakpoints=166 bppf_distinct=167 hpac=332363ns bppf_internal=629000ns bppf_wall=1151052ns
gen_n300_rho0.9_correlated_seed2.pcf: n=300 hpac_breakpoints=167 bppf_distinct=168 hpac=296484ns bppf_internal=645000ns bppf_wall=1197484ns
gen_n300_rho0.9_correlated_seed3.pcf: n=300 hpac_breakpoints=171 bppf_distinct=172 hpac=431135ns bppf_internal=637000ns bppf_wall=1138017ns
gen_n300_rho0.9_correlated_seed4.pcf: n=300 hpac_breakpoints=166 bppf_distinct=167 hpac=264034ns bppf_internal=615000ns bppf_wall=1127363ns
gen_n300_rho0.9_correlated_seed5.pcf: n=300 hpac_breakpoints=145 bppf_distinct=146 hpac=342806ns bppf_internal=569000ns bppf_wall=1112805ns
gen_n300_rho0.9_correlated_seed6.pcf: n=300 hpac_breakpoints=146 bppf_distinct=147 hpac=286417ns bppf_internal=566000ns bppf_wall=1071388ns
gen_n300_rho0.9_correlated_seed7.pcf: n=300 hpac_breakpoints=160 bppf_distinct=161 hpac=281022ns bppf_internal=599000ns bppf_wall=1111877ns
gen_n300_rho0.9_correlated_seed8.pcf: n=300 hpac_breakpoints=146 bppf_distinct=147 hpac=261522ns bppf_internal=560000ns bppf_wall=1069206ns
gen_n300_rho0.9_correlated_seed9.pcf: n=300 hpac_breakpoints=179 bppf_distinct=180 hpac=250336ns bppf_internal=640000ns bppf_wall=1154615ns
gen_n300_rho0.9_exact-ties_seed0.pcf: n=300 hpac_breakpoints=60 bppf_distinct=61 hpac=265197ns bppf_internal=288000ns bppf_wall=791018ns
gen_n300_rho0.9_exact-ties_seed1.pcf: n=300 hpac_breakpoints=58 bppf_distinct=59 hpac=301445ns bppf_internal=280000ns bppf_wall=779280ns
gen_n300_rho0.9_exact-ties_seed2.pcf: n=300 hpac_breakpoints=68 bppf_distinct=69 hpac=310920ns bppf_internal=315000ns bppf_wall=819590ns
gen_n300_rho0.9_exact-ties_seed3.pcf: n=300 hpac_breakpoints=62 bppf_distinct=63 hpac=259684ns bppf_internal=282000ns bppf_wall=792009ns
gen_n300_rho0.9_exact-ties_seed4.pcf: n=300 hpac_breakpoints=61 bppf_distinct=62 hpac=313909ns bppf_internal=306000ns bppf_wall=823222ns
gen_n300_rho0.9_exact-ties_seed5.pcf: n=300 hpac_breakpoints=59 bppf_distinct=60 hpac=379715ns bppf_internal=287000ns bppf_wall=802304ns
gen_n300_rho0.9_exact-ties_seed6.pcf: n=300 hpac_breakpoints=60 bppf_distinct=61 hpac=299820ns bppf_internal=286000ns bppf_wall=803982ns
gen_n300_rho0.9_exact-ties_seed7.pcf: n=300 hpac_breakpoints=73 bppf_distinct=74 hpac=248217ns bppf_internal=326000ns bppf_wall=844610ns
gen_n300_rho0.9_exact-ties_seed8.pcf: n=300 hpac_breakpoints=70 bppf_distinct=71 hpac=256260ns bppf_internal=315000ns bppf_wall=818134ns
gen_n300_rho0.9_exact-ties_seed9.pcf: n=300 hpac_breakpoints=75 bppf_distinct=76 hpac=262568ns bppf_internal=334000ns bppf_wall=846040ns
gen_n300_rho0.9_independent-positive_seed0.pcf: n=300 hpac_breakpoints=167 bppf_distinct=168 hpac=283785ns bppf_internal=627000ns bppf_wall=1133806ns
gen_n300_rho0.9_independent-positive_seed1.pcf: n=300 hpac_breakpoints=152 bppf_distinct=153 hpac=284228ns bppf_internal=578000ns bppf_wall=1099605ns
gen_n300_rho0.9_independent-positive_seed2.pcf: n=300 hpac_breakpoints=173 bppf_distinct=174 hpac=358028ns bppf_internal=649000ns bppf_wall=1169234ns
gen_n300_rho0.9_independent-positive_seed3.pcf: n=300 hpac_breakpoints=157 bppf_distinct=158 hpac=338212ns bppf_internal=608000ns bppf_wall=1111034ns
gen_n300_rho0.9_independent-positive_seed4.pcf: n=300 hpac_breakpoints=161 bppf_distinct=162 hpac=306920ns bppf_internal=608000ns bppf_wall=1118338ns
gen_n300_rho0.9_independent-positive_seed5.pcf: n=300 hpac_breakpoints=178 bppf_distinct=179 hpac=331468ns bppf_internal=654000ns bppf_wall=1171018ns
gen_n300_rho0.9_independent-positive_seed6.pcf: n=300 hpac_breakpoints=173 bppf_distinct=174 hpac=261898ns bppf_internal=654000ns bppf_wall=1160397ns
gen_n300_rho0.9_independent-positive_seed7.pcf: n=300 hpac_breakpoints=170 bppf_distinct=171 hpac=323222ns bppf_internal=635000ns bppf_wall=1149602ns
gen_n300_rho0.9_independent-positive_seed8.pcf: n=300 hpac_breakpoints=157 bppf_distinct=158 hpac=400759ns bppf_internal=597000ns bppf_wall=1102063ns
gen_n300_rho0.9_independent-positive_seed9.pcf: n=300 hpac_breakpoints=167 bppf_distinct=168 hpac=327402ns bppf_internal=632000ns bppf_wall=1135230ns
gen_n300_rho0.9_independent-signed_seed0.pcf: n=300 hpac_breakpoints=166 bppf_distinct=167 hpac=287032ns bppf_internal=625000ns bppf_wall=1148669ns
gen_n300_rho0.9_independent-signed_seed1.pcf: n=300 hpac_breakpoints=142 bppf_distinct=143 hpac=269390ns bppf_internal=558000ns bppf_wall=1072220ns
gen_n300_rho0.9_independent-signed_seed2.pcf: n=300 hpac_breakpoints=174 bppf_distinct=175 hpac=271758ns bppf_internal=644000ns bppf_wall=1157382ns
gen_n300_rho0.9_independent-signed_seed3.pcf: n=300 hpac_breakpoints=166 bppf_distinct=167 hpac=321850ns bppf_internal=650000ns bppf_wall=1153554ns
gen_n300_rho0.9_independent-signed_seed4.pcf: n=300 hpac_breakpoints=171 bppf_distinct=172 hpac=333469ns bppf_internal=635000ns bppf_wall=1143082ns
gen_n300_rho0.9_independent-signed_seed5.pcf: n=300 hpac_breakpoints=172 bppf_distinct=173 hpac=323196ns bppf_internal=627000ns bppf_wall=1134721ns
gen_n300_rho0.9_independent-signed_seed6.pcf: n=300 hpac_breakpoints=175 bppf_distinct=176 hpac=245738ns bppf_internal=647000ns bppf_wall=1167100ns
gen_n300_rho0.9_independent-signed_seed7.pcf: n=300 hpac_breakpoints=169 bppf_distinct=170 hpac=336942ns bppf_internal=641000ns bppf_wall=1175216ns
gen_n300_rho0.9_independent-signed_seed8.pcf: n=300 hpac_breakpoints=168 bppf_distinct=169 hpac=282895ns bppf_internal=647000ns bppf_wall=1167192ns
gen_n300_rho0.9_independent-signed_seed9.pcf: n=300 hpac_breakpoints=161 bppf_distinct=162 hpac=358067ns bppf_internal=623000ns bppf_wall=1150822ns
gen_n300_rho0.9_near-ties_seed0.pcf: n=300 hpac_breakpoints=113 bppf_distinct=114 hpac=299953ns bppf_internal=451000ns bppf_wall=968266ns
gen_n300_rho0.9_near-ties_seed1.pcf: n=300 hpac_breakpoints=109 bppf_distinct=110 hpac=291845ns bppf_internal=450000ns bppf_wall=963658ns
gen_n300_rho0.9_near-ties_seed2.pcf: n=300 hpac_breakpoints=113 bppf_distinct=114 hpac=350663ns bppf_internal=450000ns bppf_wall=961920ns
gen_n300_rho0.9_near-ties_seed3.pcf: n=300 hpac_breakpoints=116 bppf_distinct=117 hpac=267788ns bppf_internal=472000ns bppf_wall=998809ns
gen_n300_rho0.9_near-ties_seed4.pcf: n=300 hpac_breakpoints=112 bppf_distinct=113 hpac=266790ns bppf_internal=460000ns bppf_wall=967156ns
gen_n300_rho0.9_near-ties_seed5.pcf: n=300 hpac_breakpoints=108 bppf_distinct=109 hpac=310081ns bppf_internal=434000ns bppf_wall=950078ns
gen_n300_rho0.9_near-ties_seed6.pcf: n=300 hpac_breakpoints=106 bppf_distinct=107 hpac=303628ns bppf_internal=442000ns bppf_wall=941952ns
gen_n300_rho0.9_near-ties_seed7.pcf: n=300 hpac_breakpoints=119 bppf_distinct=120 hpac=255888ns bppf_internal=458000ns bppf_wall=970387ns
gen_n300_rho0.9_near-ties_seed8.pcf: n=300 hpac_breakpoints=120 bppf_distinct=121 hpac=304946ns bppf_internal=473000ns bppf_wall=976187ns
gen_n300_rho0.9_near-ties_seed9.pcf: n=300 hpac_breakpoints=116 bppf_distinct=117 hpac=269792ns bppf_internal=452000ns bppf_wall=971077ns
gen_n300_rho1.0_anti-correlated_seed0.pcf: n=300 hpac_breakpoints=146 bppf_distinct=147 hpac=489786ns bppf_internal=573000ns bppf_wall=1087870ns
gen_n300_rho1.0_anti-correlated_seed1.pcf: n=300 hpac_breakpoints=146 bppf_distinct=147 hpac=396200ns bppf_internal=603000ns bppf_wall=1140966ns
gen_n300_rho1.0_anti-correlated_seed2.pcf: n=300 hpac_breakpoints=149 bppf_distinct=150 hpac=467195ns bppf_internal=592000ns bppf_wall=1112385ns
gen_n300_rho1.0_anti-correlated_seed3.pcf: n=300 hpac_breakpoints=132 bppf_distinct=133 hpac=558923ns bppf_internal=559000ns bppf_wall=1085414ns
gen_n300_rho1.0_anti-correlated_seed4.pcf: n=300 hpac_breakpoints=168 bppf_distinct=169 hpac=507698ns bppf_internal=670000ns bppf_wall=1201817ns
gen_n300_rho1.0_anti-correlated_seed5.pcf: n=300 hpac_breakpoints=141 bppf_distinct=142 hpac=400558ns bppf_internal=588000ns bppf_wall=1118885ns
gen_n300_rho1.0_anti-correlated_seed6.pcf: n=300 hpac_breakpoints=152 bppf_distinct=153 hpac=485176ns bppf_internal=596000ns bppf_wall=1113824ns
gen_n300_rho1.0_anti-correlated_seed7.pcf: n=300 hpac_breakpoints=159 bppf_distinct=160 hpac=362534ns bppf_internal=605000ns bppf_wall=1123560ns
gen_n300_rho1.0_anti-correlated_seed8.pcf: n=300 hpac_breakpoints=153 bppf_distinct=154 hpac=448503ns bppf_internal=586000ns bppf_wall=1091065ns
gen_n300_rho1.0_anti-correlated_seed9.pcf: n=300 hpac_breakpoints=158 bppf_distinct=159 hpac=398825ns bppf_internal=643000ns bppf_wall=1174118ns
gen_n300_rho1.0_correlated_seed0.pcf: n=300 hpac_breakpoints=163 bppf_distinct=164 hpac=514193ns bppf_internal=619000ns bppf_wall=1134570ns
gen_n300_rho1.0_correlated_seed1.pcf: n=300 hpac_breakpoints=154 bppf_distinct=155 hpac=366566ns bppf_internal=597000ns bppf_wall=1104264ns
gen_n300_rho1.0_correlated_seed2.pcf: n=300 hpac_breakpoints=132 bppf_distinct=133 hpac=463269ns bppf_internal=553000ns bppf_wall=1058702ns
gen_n300_rho1.0_correlated_seed3.pcf: n=300 hpac_breakpoints=141 bppf_distinct=142 hpac=490763ns bppf_internal=574000ns bppf_wall=1115005ns
gen_n300_rho1.0_correlated_seed4.pcf: n=300 hpac_breakpoints=143 bppf_distinct=144 hpac=465844ns bppf_internal=572000ns bppf_wall=1095168ns
gen_n300_rho1.0_correlated_seed5.pcf: n=300 hpac_breakpoints=141 bppf_distinct=142 hpac=381342ns bppf_internal=564000ns bppf_wall=1080300ns
gen_n300_rho1.0_correlated_seed6.pcf: n=300 hpac_breakpoints=178 bppf_distinct=179 hpac=376762ns bppf_internal=659000ns bppf_wall=1170643ns
gen_n300_rho1.0_correlated_seed7.pcf: n=300 hpac_breakpoints=163 bppf_distinct=164 hpac=357001ns bppf_internal=621000ns bppf_wall=1134221ns
gen_n300_rho1.0_correlated_seed8.pcf: n=300 hpac_breakpoints=159 bppf_distinct=160 hpac=376810ns bppf_internal=615000ns bppf_wall=1142495ns
gen_n300_rho1.0_correlated_seed9.pcf: n=300 hpac_breakpoints=147 bppf_distinct=148 hpac=360098ns bppf_internal=575000ns bppf_wall=1088861ns
gen_n300_rho1.0_exact-ties_seed0.pcf: n=300 hpac_breakpoints=64 bppf_distinct=65 hpac=318872ns bppf_internal=306000ns bppf_wall=806857ns
gen_n300_rho1.0_exact-ties_seed1.pcf: n=300 hpac_breakpoints=67 bppf_distinct=68 hpac=366732ns bppf_internal=316000ns bppf_wall=826424ns
gen_n300_rho1.0_exact-ties_seed2.pcf: n=300 hpac_breakpoints=54 bppf_distinct=55 hpac=424541ns bppf_internal=274000ns bppf_wall=779073ns
gen_n300_rho1.0_exact-ties_seed3.pcf: n=300 hpac_breakpoints=63 bppf_distinct=64 hpac=362973ns bppf_internal=302000ns bppf_wall=805105ns
gen_n300_rho1.0_exact-ties_seed4.pcf: n=300 hpac_breakpoints=62 bppf_distinct=63 hpac=419067ns bppf_internal=298000ns bppf_wall=801609ns
gen_n300_rho1.0_exact-ties_seed5.pcf: n=300 hpac_breakpoints=61 bppf_distinct=62 hpac=361628ns bppf_internal=306000ns bppf_wall=816581ns
gen_n300_rho1.0_exact-ties_seed6.pcf: n=300 hpac_breakpoints=68 bppf_distinct=69 hpac=295890ns bppf_internal=320000ns bppf_wall=823677ns
gen_n300_rho1.0_exact-ties_seed7.pcf: n=300 hpac_breakpoints=67 bppf_distinct=68 hpac=413542ns bppf_internal=322000ns bppf_wall=830495ns
gen_n300_rho1.0_exact-ties_seed8.pcf: n=300 hpac_breakpoints=52 bppf_distinct=53 hpac=384042ns bppf_internal=275000ns bppf_wall=782411ns
gen_n300_rho1.0_exact-ties_seed9.pcf: n=300 hpac_breakpoints=56 bppf_distinct=57 hpac=488577ns bppf_internal=285000ns bppf_wall=792444ns
gen_n300_rho1.0_independent-positive_seed0.pcf: n=300 hpac_breakpoints=155 bppf_distinct=156 hpac=377048ns bppf_internal=602000ns bppf_wall=1122048ns
gen_n300_rho1.0_independent-positive_seed1.pcf: n=300 hpac_breakpoints=150 bppf_distinct=151 hpac=360657ns bppf_internal=586000ns bppf_wall=1099894ns
gen_n300_rho1.0_independent-positive_seed2.pcf: n=300 hpac_breakpoints=156 bppf_distinct=157 hpac=417132ns bppf_internal=617000ns bppf_wall=1130616ns
gen_n300_rho1.0_independent-positive_seed3.pcf: n=300 hpac_breakpoints=151 bppf_distinct=152 hpac=357466ns bppf_internal=594000ns bppf_wall=1109108ns
gen_n300_rho1.0_independent-positive_seed4.pcf: n=300 hpac_breakpoints=156 bppf_distinct=157 hpac=387505ns bppf_internal=599000ns bppf_wall=1119313ns
gen_n300_rho1.0_independent-positive_seed5.pcf: n=300 hpac_breakpoints=146 bppf_distinct=147 hpac=508832ns bppf_internal=586000ns bppf_wall=1110052ns
gen_n300_rho1.0_independent-positive_seed6.pcf: n=300 hpac_breakpoints=143 bppf_distinct=144 hpac=476792ns bppf_internal=563000ns bppf_wall=1083187ns
gen_n300_rho1.0_independent-positive_seed7.pcf: n=300 hpac_breakpoints=155 bppf_distinct=156 hpac=323066ns bppf_internal=601000ns bppf_wall=1114220ns
gen_n300_rho1.0_independent-positive_seed8.pcf: n=300 hpac_breakpoints=153 bppf_distinct=154 hpac=389408ns bppf_internal=588000ns bppf_wall=1101068ns
gen_n300_rho1.0_independent-positive_seed9.pcf: n=300 hpac_breakpoints=136 bppf_distinct=137 hpac=456587ns bppf_internal=557000ns bppf_wall=1071723ns
gen_n300_rho1.0_independent-signed_seed0.pcf: n=300 hpac_breakpoints=152 bppf_distinct=153 hpac=356268ns bppf_internal=587000ns bppf_wall=1093718ns
gen_n300_rho1.0_independent-signed_seed1.pcf: n=300 hpac_breakpoints=162 bppf_distinct=163 hpac=339917ns bppf_internal=619000ns bppf_wall=1127209ns
gen_n300_rho1.0_independent-signed_seed2.pcf: n=300 hpac_breakpoints=148 bppf_distinct=149 hpac=417766ns bppf_internal=589000ns bppf_wall=1095365ns
gen_n300_rho1.0_independent-signed_seed3.pcf: n=300 hpac_breakpoints=153 bppf_distinct=154 hpac=328369ns bppf_internal=611000ns bppf_wall=1119189ns
gen_n300_rho1.0_independent-signed_seed4.pcf: n=300 hpac_breakpoints=155 bppf_distinct=156 hpac=363375ns bppf_internal=596000ns bppf_wall=1112498ns
gen_n300_rho1.0_independent-signed_seed5.pcf: n=300 hpac_breakpoints=145 bppf_distinct=146 hpac=569177ns bppf_internal=581000ns bppf_wall=1099967ns
gen_n300_rho1.0_independent-signed_seed6.pcf: n=300 hpac_breakpoints=154 bppf_distinct=155 hpac=441920ns bppf_internal=596000ns bppf_wall=1116344ns
gen_n300_rho1.0_independent-signed_seed7.pcf: n=300 hpac_breakpoints=160 bppf_distinct=161 hpac=308033ns bppf_internal=621000ns bppf_wall=1141007ns
gen_n300_rho1.0_independent-signed_seed8.pcf: n=300 hpac_breakpoints=167 bppf_distinct=168 hpac=380342ns bppf_internal=631000ns bppf_wall=1142949ns
gen_n300_rho1.0_independent-signed_seed9.pcf: n=300 hpac_breakpoints=146 bppf_distinct=147 hpac=418492ns bppf_internal=583000ns bppf_wall=1111275ns
gen_n300_rho1.0_near-ties_seed0.pcf: n=300 hpac_breakpoints=114 bppf_distinct=115 hpac=309937ns bppf_internal=459000ns bppf_wall=959680ns
gen_n300_rho1.0_near-ties_seed1.pcf: n=300 hpac_breakpoints=103 bppf_distinct=104 hpac=402728ns bppf_internal=453000ns bppf_wall=990525ns
gen_n300_rho1.0_near-ties_seed2.pcf: n=300 hpac_breakpoints=105 bppf_distinct=106 hpac=359320ns bppf_internal=452000ns bppf_wall=975265ns
gen_n300_rho1.0_near-ties_seed3.pcf: n=300 hpac_breakpoints=106 bppf_distinct=107 hpac=412556ns bppf_internal=432000ns bppf_wall=944433ns
gen_n300_rho1.0_near-ties_seed4.pcf: n=300 hpac_breakpoints=98 bppf_distinct=99 hpac=431125ns bppf_internal=414000ns bppf_wall=922298ns
gen_n300_rho1.0_near-ties_seed5.pcf: n=300 hpac_breakpoints=103 bppf_distinct=104 hpac=344936ns bppf_internal=424000ns bppf_wall=954508ns
gen_n300_rho1.0_near-ties_seed6.pcf: n=300 hpac_breakpoints=114 bppf_distinct=115 hpac=309594ns bppf_internal=471000ns bppf_wall=979527ns
gen_n300_rho1.0_near-ties_seed7.pcf: n=300 hpac_breakpoints=103 bppf_distinct=104 hpac=371401ns bppf_internal=423000ns bppf_wall=952627ns
gen_n300_rho1.0_near-ties_seed8.pcf: n=300 hpac_breakpoints=102 bppf_distinct=103 hpac=430767ns bppf_internal=436000ns bppf_wall=932453ns
gen_n300_rho1.0_near-ties_seed9.pcf: n=300 hpac_breakpoints=106 bppf_distinct=107 hpac=389141ns bppf_internal=445000ns bppf_wall=947690ns
gen_n400_rho0.3_anti-correlated_seed0.pcf: n=400 hpac_breakpoints=344 bppf_distinct=345 hpac=101028ns bppf_internal=1325000ns bppf_wall=1920998ns
gen_n400_rho0.3_anti-correlated_seed1.pcf: n=400 hpac_breakpoints=345 bppf_distinct=346 hpac=113694ns bppf_internal=1345000ns bppf_wall=1912321ns
gen_n400_rho0.3_anti-correlated_seed2.pcf: n=400 hpac_breakpoints=336 bppf_distinct=337 hpac=106846ns bppf_internal=1312000ns bppf_wall=1856283ns
gen_n400_rho0.3_anti-correlated_seed3.pcf: n=400 hpac_breakpoints=340 bppf_distinct=341 hpac=114923ns bppf_internal=1322000ns bppf_wall=1872199ns
gen_n400_rho0.3_anti-correlated_seed4.pcf: n=400 hpac_breakpoints=342 bppf_distinct=343 hpac=114343ns bppf_internal=1326000ns bppf_wall=1864738ns
gen_n400_rho0.3_anti-correlated_seed5.pcf: n=400 hpac_breakpoints=339 bppf_distinct=340 hpac=110486ns bppf_internal=1313000ns bppf_wall=1855688ns
gen_n400_rho0.3_anti-correlated_seed6.pcf: n=400 hpac_breakpoints=339 bppf_distinct=340 hpac=110630ns bppf_internal=1329000ns bppf_wall=1904336ns
gen_n400_rho0.3_anti-correlated_seed7.pcf: n=400 hpac_breakpoints=331 bppf_distinct=332 hpac=113846ns bppf_internal=1302000ns bppf_wall=1856183ns
gen_n400_rho0.3_anti-correlated_seed8.pcf: n=400 hpac_breakpoints=344 bppf_distinct=345 hpac=100224ns bppf_internal=1331000ns bppf_wall=1883003ns
gen_n400_rho0.3_anti-correlated_seed9.pcf: n=400 hpac_breakpoints=345 bppf_distinct=346 hpac=111603ns bppf_internal=1327000ns bppf_wall=1897514ns
gen_n400_rho0.3_correlated_seed0.pcf: n=400 hpac_breakpoints=348 bppf_distinct=349 hpac=103808ns bppf_internal=1339000ns bppf_wall=1877361ns
gen_n400_rho0.3_correlated_seed1.pcf: n=400 hpac_breakpoints=320 bppf_distinct=321 hpac=114864ns bppf_internal=1253000ns bppf_wall=1808758ns
gen_n400_rho0.3_correlated_seed2.pcf: n=400 hpac_breakpoints=347 bppf_distinct=348 hpac=109889ns bppf_internal=1335000ns bppf_wall=1885373ns
gen_n400_rho0.3_correlated_seed3.pcf: n=400 hpac_breakpoints=332 bppf_distinct=333 hpac=114219ns bppf_internal=1295000ns bppf_wall=1837663ns
gen_n400_rho0.3_correlated_seed4.pcf: n=400 hpac_breakpoints=333 bppf_distinct=334 hpac=113598ns bppf_internal=1289000ns bppf_wall=1829026ns
gen_n400_rho0.3_correlated_seed5.pcf: n=400 hpac_breakpoints=327 bppf_distinct=328 hpac=112998ns bppf_internal=1265000ns bppf_wall=1850645ns
gen_n400_rho0.3_correlated_seed6.pcf: n=400 hpac_breakpoints=338 bppf_distinct=339 hpac=105929ns bppf_internal=1303000ns bppf_wall=1867195ns
gen_n400_rho0.3_correlated_seed7.pcf: n=400 hpac_breakpoints=336 bppf_distinct=337 hpac=113972ns bppf_internal=1311000ns bppf_wall=1849578ns
gen_n400_rho0.3_correlated_seed8.pcf: n=400 hpac_breakpoints=343 bppf_distinct=344 hpac=96958ns bppf_internal=1346000ns bppf_wall=1928048ns
gen_n400_rho0.3_correlated_seed9.pcf: n=400 hpac_breakpoints=335 bppf_distinct=336 hpac=114491ns bppf_internal=1288000ns bppf_wall=1841057ns
gen_n400_rho0.3_exact-ties_seed0.pcf: n=400 hpac_breakpoints=55 bppf_distinct=56 hpac=94706ns bppf_internal=256000ns bppf_wall=773542ns
gen_n400_rho0.3_exact-ties_seed1.pcf: n=400 hpac_breakpoints=55 bppf_distinct=56 hpac=91829ns bppf_internal=250999ns bppf_wall=766495ns
gen_n400_rho0.3_exact-ties_seed2.pcf: n=400 hpac_breakpoints=60 bppf_distinct=61 hpac=92885ns bppf_internal=274000ns bppf_wall=795851ns
gen_n400_rho0.3_exact-ties_seed3.pcf: n=400 hpac_breakpoints=67 bppf_distinct=68 hpac=92114ns bppf_internal=312000ns bppf_wall=858961ns
gen_n400_rho0.3_exact-ties_seed4.pcf: n=400 hpac_breakpoints=62 bppf_distinct=63 hpac=91740ns bppf_internal=292000ns bppf_wall=818908ns
gen_n400_rho0.3_exact-ties_seed5.pcf: n=400 hpac_breakpoints=53 bppf_distinct=54 hpac=87717ns bppf_internal=248999ns bppf_wall=761820ns
gen_n400_rho0.3_exact-ties_seed6.pcf: n=400 hpac_breakpoints=64 bppf_distinct=65 hpac=88343ns bppf_internal=295000ns bppf_wall=811515ns
gen_n400_rho0.3_exact-ties_seed7.pcf: n=400 hpac_breakpoints=60 bppf_distinct=61 hpac=95019ns bppf_internal=282000ns bppf_wall=810538ns
gen_n400_rho0.3_exact-ties_seed8.pcf: n=400 hpac_breakpoints=57 bppf_distinct=58 hpac=80261ns bppf_internal=270000ns bppf_wall=792935ns
gen_n400_rho0.3_exact-ties_seed9.pcf: n=400 hpac_breakpoints=63 bppf_distinct=64 hpac=97576ns bppf_internal=298000ns bppf_wall=843652ns
gen_n400_rho0.3_independent-positive_seed0.pcf: n=400 hpac_breakpoints=332 bppf_distinct=333 hpac=110361ns bppf_internal=1294000ns bppf_wall=1840278ns
gen_n400_rho0.3_independent-positive_seed1.pcf: n=400 hpac_breakpoints=344 bppf_distinct=345 hpac=103452ns bppf_internal=1351000ns bppf_wall=1937381ns
gen_n400_rho0.3_independent-positive_seed2.pcf: n=400 hpac_breakpoints=342 bppf_distinct=343 hpac=107192ns bppf_internal=1330000ns bppf_wall=1884903ns
gen_n400_rho0.3_independent-positive_seed3.pcf: n=400 hpac_breakpoints=343 bppf_distinct=344 hpac=104957ns bppf_internal=1323000ns bppf_wall=1891216ns
gen_n400_rho0.3_independent-positive_seed4.pcf: n=400 hpac_breakpoints=335 bppf_distinct=336 hpac=109307ns bppf_internal=1290000ns bppf_wall=1832893ns
gen_n400_rho0.3_independent-positive_seed5.pcf: n=400 hpac_breakpoints=333 bppf_distinct=334 hpac=113627ns bppf_internal=1278000ns bppf_wall=1812870ns
gen_n400_rho0.3_independent-positive_seed6.pcf: n=400 hpac_breakpoints=350 bppf_distinct=351 hpac=103546ns bppf_internal=1337000ns bppf_wall=1895795ns
gen_n400_rho0.3_independent-positive_seed7.pcf: n=400 hpac_breakpoints=339 bppf_distinct=340 hpac=118534ns bppf_internal=1313000ns bppf_wall=1885516ns
gen_n400_rho0.3_independent-positive_seed8.pcf: n=400 hpac_breakpoints=345 bppf_distinct=346 hpac=121209ns bppf_internal=1327000ns bppf_wall=1881116ns
gen_n400_rho0.3_independent-positive_seed9.pcf: n=400 hpac_breakpoints=330 bppf_distinct=331 hpac=119943ns bppf_internal=1307000ns bppf_wall=1863339ns
gen_n400_rho0.3_independent-signed_seed0.pcf: n=400 hpac_breakpoints=336 bppf_distinct=337 hpac=109471ns bppf_internal=1305000ns bppf_wall=1855935ns
gen_n400_rho0.3_independent-signed_seed1.pcf: n=400 hpac_breakpoints=348 bppf_distinct=349 hpac=104770ns bppf_internal=1343000ns bppf_wall=1907748ns
gen_n400_rho0.3_independent-signed_seed2.pcf: n=400 hpac_breakpoints=346 bppf_distinct=347 hpac=106547ns bppf_internal=1332000ns bppf_wall=1900752ns
gen_n400_rho0.3_independent-signed_seed3.pcf: n=400 hpac_breakpoints=336 bppf_distinct=337 hpac=112324ns bppf_internal=1312000ns bppf_wall=1861194ns
gen_n400_rho0.3_independent-signed_seed4.pcf: n=400 hpac_breakpoints=338 bppf_distinct=339 hpac=114319ns bppf_internal=1300000ns bppf_wall=1863806ns
gen_n400_rho0.3_independent-signed_seed5.pcf: n=400 hpac_breakpoints=344 bppf_distinct=345 hpac=106518ns bppf_internal=1330000ns bppf_wall=1877033ns
gen_n400_rho0.3_independent-signed_seed6.pcf: n=400 hpac_breakpoints=347 bppf_distinct=348 hpac=102135ns bppf_internal=1331000ns bppf_wall=1900448ns
gen_n400_rho0.3_independent-signed_seed7.pcf: n=400 hpac_breakpoints=333 bppf_distinct=334 hpac=106675ns bppf_internal=1301000ns bppf_wall=1860657ns
gen_n400_rho0.3_independent-signed_seed8.pcf: n=400 hpac_breakpoints=343 bppf_distinct=344 hpac=106397ns bppf_internal=1326000ns bppf_wall=1891010ns
gen_n400_rho0.3_independent-signed_seed9.pcf: n=400 hpac_breakpoints=345 bppf_distinct=346 hpac=117626ns bppf_internal=1329000ns bppf_wall=1891600ns
gen_n400_rho0.3_near-ties_seed0.pcf: n=400 hpac_breakpoints=146 bppf_distinct=147 hpac=114394ns bppf_internal=636000ns bppf_wall=1154506ns
gen_n400_rho0.3_near-ties_seed1.pcf: n=400 hpac_breakpoints=147 bppf_distinct=148 hpac=96801ns bppf_internal=625000ns bppf_wall=1167704ns
gen_n400_rho0.3_near-ties_seed2.pcf: n=400 hpac_breakpoints=152 bppf_distinct=153 hpac=100292ns bppf_internal=666000ns bppf_wall=1199448ns
gen_n400_rho0.3_near-ties_seed3.pcf: n=400 hpac_breakpoints=152 bppf_distinct=153 hpac=102880ns bppf_internal=654000ns bppf_wall=1189347ns
gen_n400_rho0.3_near-ties_seed4.pcf: n=400 hpac_breakpoints=145 bppf_distinct=146 hpac=114024ns bppf_internal=628000ns bppf_wall=1144225ns
gen_n400_rho0.3_near-ties_seed5.pcf: n=400 hpac_breakpoints=147 bppf_distinct=148 hpac=112633ns bppf_internal=648000ns bppf_wall=1179057ns
gen_n400_rho0.3_near-ties_seed6.pcf: n=400 hpac_breakpoints=145 bppf_distinct=146 hpac=112860ns bppf_internal=633000ns bppf_wall=1159120ns
gen_n400_rho0.3_near-ties_seed7.pcf: n=400 hpac_breakpoints=143 bppf_distinct=144 hpac=100153ns bppf_internal=620000ns bppf_wall=1147855ns
gen_n400_rho0.3_near-ties_seed8.pcf: n=400 hpac_breakpoints=145 bppf_distinct=146 hpac=106675ns bppf_internal=635000ns bppf_wall=1160038ns
gen_n400_rho0.3_near-ties_seed9.pcf: n=400 hpac_breakpoints=154 bppf_distinct=155 hpac=102904ns bppf_internal=661000ns bppf_wall=1192305ns
gen_n400_rho0.6_anti-correlated_seed0.pcf: n=400 hpac_breakpoints=285 bppf_distinct=286 hpac=217300ns bppf_internal=1186000ns bppf_wall=1743974ns
gen_n400_rho0.6_anti-correlated_seed1.pcf: n=400 hpac_breakpoints=275 bppf_distinct=276 hpac=213962ns bppf_internal=1186000ns bppf_wall=1787074ns
gen_n400_rho0.6_anti-correlated_seed2.pcf: n=400 hpac_breakpoints=264 bppf_distinct=265 hpac=208489ns bppf_internal=1173000ns bppf_wall=1742744ns
gen_n400_rho0.6_anti-correlated_seed3.pcf: n=400 hpac_breakpoints=286 bppf_distinct=287 hpac=208484ns bppf_internal=1254000ns bppf_wall=1848285ns
gen_n400_rho0.6_anti-correlated_seed4.pcf: n=400 hpac_breakpoints=279 bppf_distinct=280 hpac=192188ns bppf_internal=1176000ns bppf_wall=1748543ns
gen_n400_rho0.6_anti-correlated_seed5.pcf: n=400 hpac_breakpoints=290 bppf_distinct=291 hpac=194776ns bppf_internal=1202000ns bppf_wall=1753298ns
gen_n400_rho0.6_anti-correlated_seed6.pcf: n=400 hpac_breakpoints=267 bppf_distinct=268 hpac=212292ns bppf_internal=1154000ns bppf_wall=1716990ns
gen_n400_rho0.6_anti-correlated_seed7.pcf: n=400 hpac_breakpoints=292 bppf_distinct=293 hpac=187638ns bppf_internal=1221000ns bppf_wall=1788681ns
gen_n400_rho0.6_anti-correlated_seed8.pcf: n=400 hpac_breakpoints=275 bppf_distinct=276 hpac=245636ns bppf_internal=1177000ns bppf_wall=1750290ns
gen_n400_rho0.6_anti-correlated_seed9.pcf: n=400 hpac_breakpoints=278 bppf_distinct=279 hpac=220288ns bppf_internal=1177000ns bppf_wall=1720881ns
gen_n400_rho0.6_correlated_seed0.pcf: n=400 hpac_breakpoints=273 bppf_distinct=274 hpac=230832ns bppf_internal=1169000ns bppf_wall=1739245ns
gen_n400_rho0.6_correlated_seed1.pcf: n=400 hpac_breakpoints=277 bppf_distinct=278 hpac=200084ns bppf_internal=1147000ns bppf_wall=1695226ns
gen_n400_rho0.6_correlated_seed2.pcf: n=400 hpac_breakpoints=272 bppf_distinct=273 hpac=206603ns bppf_internal=1147000ns bppf_wall=1715333ns
gen_n400_rho0.6_correlated_seed3.pcf: n=400 hpac_breakpoints=270 bppf_distinct=271 hpac=195010ns bppf_internal=1129000ns bppf_wall=1668651ns
gen_n400_rho0.6_correlated_seed4.pcf: n=400 hpac_breakpoints=284 bppf_distinct=285 hpac=180026ns bppf_internal=1192000ns bppf_wall=1739449ns
gen_n400_rho0.6_correlated_seed5.pcf: n=400 hpac_breakpoints=287 bppf_distinct=288 hpac=190169ns bppf_internal=1182000ns bppf_wall=1732749ns
gen_n400_rho0.6_correlated_seed6.pcf: n=400 hpac_breakpoints=265 bppf_distinct=266 hpac=194805ns bppf_internal=1124000ns bppf_wall=1677976ns
gen_n400_rho0.6_correlated_seed7.pcf: n=400 hpac_breakpoints=289 bppf_distinct=290 hpac=184150ns bppf_internal=1196000ns bppf_wall=1745862ns
gen_n400_rho0.6_correlated_seed8.pcf: n=400 hpac_breakpoints=266 bppf_distinct=267 hpac=225322ns bppf_internal=1127000ns bppf_wall=1681241ns
gen_n400_rho0.6_correlated_seed9.pcf: n=400 hpac_breakpoints=270 bppf_distinct=271 hpac=234218ns bppf_internal=1158000ns bppf_wall=1717101ns
gen_n400_rho0.6_exact-ties_seed0.pcf: n=400 hpac_breakpoints=84 bppf_distinct=85 hpac=174480ns bppf_internal=429000ns bppf_wall=960816ns
gen_n400_rho0.6_exact-ties_seed1.pcf: n=400 hpac_breakpoints=79 bppf_distinct=80 hpac=201536ns bppf_internal=411000ns bppf_wall=939908ns
gen_n400_rho0.6_exact-ties_seed2.pcf: n=400 hpac_breakpoints=78 bppf_distinct=79 hpac=174877ns bppf_internal=412000ns bppf_wall=955580ns
gen_n400_rho0.6_exact-ties_seed3.pcf: n=400 hpac_breakpoints=79 bppf_distinct=80 hpac=211174ns bppf_internal=420000ns bppf_wall=969402ns
gen_n400_rho0.6_exact-ties_seed4.pcf: n=400 hpac_breakpoints=78 bppf_distinct=79 hpac=198105ns bppf_internal=404000ns bppf_wall=946981ns
gen_n400_rho0.6_exact-ties_seed5.pcf: n=400 hpac_breakpoints=71 bppf_distinct=72 hpac=195419ns bppf_internal=365000ns bppf_wall=888378ns
gen_n400_rho0.6_exact-ties_seed6.pcf: n=400 hpac_breakpoints=92 bppf_distinct=93 hpac=173298ns bppf_internal=470000ns bppf_wall=999637ns
gen_n400_rho0.6_exact-ties_seed7.pcf: n=400 hpac_breakpoints=82 bppf_distinct=83 hpac=178338ns bppf_internal=426000ns bppf_wall=952514ns
gen_n400_rho0.6_exact-ties_seed8.pcf: n=400 hpac_breakpoints=76 bppf_distinct=77 hpac=216867ns bppf_internal=407000ns bppf_wall=935746ns
gen_n400_rho0.6_exact-ties_seed9.pcf: n=400 hpac_breakpoints=78 bppf_distinct=79 hpac=228279ns bppf_internal=401000ns bppf_wall=932151ns
gen_n400_rho0.6_independent-positive_seed0.pcf: n=400 hpac_breakpoints=272 bppf_distinct=273 hpac=224402ns bppf_internal=1156000ns bppf_wall=1699892ns
gen_n400_rho0.6_independent-positive_seed1.pcf: n=400 hpac_breakpoints=279 bppf_distinct=280 hpac=229105ns bppf_internal=1226000ns bppf_wall=1798475ns
gen_n400_rho0.6_independent-positive_seed2.pcf: n=400 hpac_breakpoints=268 bppf_distinct=269 hpac=208787ns bppf_internal=1167000ns bppf_wall=1736728ns
gen_n400_rho0.6_independent-positive_seed3.pcf: n=400 hpac_breakpoints=288 bppf_distinct=289 hpac=208006ns bppf_internal=1233000ns bppf_wall=1788988ns
gen_n400_rho0.6_independent-positive_seed4.pcf: n=400 hpac_breakpoints=286 bppf_distinct=287 hpac=198527ns bppf_internal=1182000ns bppf_wall=1735618ns
gen_n400_rho0.6_independent-positive_seed5.pcf: n=400 hpac_breakpoints=295 bppf_distinct=296 hpac=188341ns bppf_internal=1229000ns bppf_wall=1772936ns
gen_n400_rho0.6_independent-positive_seed6.pcf: n=400 hpac_breakpoints=264 bppf_distinct=265 hpac=244879ns bppf_internal=1140000ns bppf_wall=1690034ns
gen_n400_rho0.6_independent-positive_seed7.pcf: n=400 hpac_breakpoints=266 bppf_distinct=267 hpac=202753ns bppf_internal=1141000ns bppf_wall=1705567ns
gen_n400_rho0.6_independent-positive_seed8.pcf: n=400 hpac_breakpoints=262 bppf_distinct=263 hpac=251486ns bppf_internal=1128000ns bppf_wall=1674735ns
gen_n400_rho0.6_independent-positive_seed9.pcf: n=400 hpac_breakpoints=269 bppf_distinct=270 hpac=205270ns bppf_internal=1160000ns bppf_wall=1732070ns
gen_n400_rho0.6_independent-signed_seed0.pcf: n=400 hpac_breakpoints=266 bppf_distinct=267 hpac=231245ns bppf_internal=1140000ns bppf_wall=1691728ns
gen_n400_rho0.6_independent-signed_seed1.pcf: n=400 hpac_breakpoints=288 bppf_distinct=289 hpac=212759ns bppf_internal=1222000ns bppf_wall=1795948ns
gen_n400_rho0.6_independent-signed_seed2.pcf: n=400 hpac_breakpoints=277 bppf_distinct=278 hpac=214907ns bppf_internal=1162000ns bppf_wall=1709683ns
gen_n400_rho0.6_independent-signed_seed3.pcf: n=400 hpac_breakpoints=284 bppf_distinct=285 hpac=208813ns bppf_internal=1183000ns bppf_wall=1758423ns
gen_n400_rho0.6_independent-signed_seed4.pcf: n=400 hpac_breakpoints=295 bppf_distinct=296 hpac=197382ns bppf_internal=1224000ns bppf_wall=1781325ns
gen_n400_rho0.6_independent-signed_seed5.pcf: n=400 hpac_breakpoints=295 bppf_distinct=296 hpac=191125ns bppf_internal=1216000ns bppf_wall=1775631ns
gen_n400_rho0.6_independent-signed_seed6.pcf: n=400 hpac_breakpoints=265 bppf_distinct=266 hpac=240953ns bppf_internal=1142000ns bppf_wall=1705670ns
gen_n400_rho0.6_independent-signed_seed7.pcf: n=400 hpac_breakpoints=271 bppf_distinct=272 hpac=191554ns bppf_internal=1144000ns bppf_wall=1689367ns
gen_n400_rho0.6_independent-signed_seed8.pcf: n=400 hpac_breakpoints=272 bppf_distinct=273 hpac=254757ns bppf_internal=1172000ns bppf_wall=1731652ns
gen_n400_rho0.6_independent-signed_seed9.pcf: n=400 hpac_breakpoints=259 bppf_distinct=260 hpac=211302ns bppf_internal=1123000ns bppf_wall=1674125ns
gen_n400_rho0.6_near-ties_seed0.pcf: n=400 hpac_breakpoints=138 bppf_distinct=139 hpac=233352ns bppf_internal=649000ns bppf_wall=1185406ns
gen_n400_rho0.6_near-ties_seed1.pcf: n=400 hpac_breakpoints=147 bppf_distinct=148 hpac=200444ns bppf_internal=686000ns bppf_wall=1221952ns
gen_n400_rho0.6_near-ties_seed2.pcf: n=400 hpac_breakpoints=148 bppf_distinct=149 hpac=200309ns bppf_internal=669000ns bppf_wall=1200663ns
gen_n400_rho0.6_near-ties_seed3.pcf: n=400 hpac_breakpoints=140 bppf_distinct=141 hpac=199222ns bppf_internal=669000ns bppf_wall=1206414ns
gen_n400_rho0.6_near-ties_seed4.pcf: n=400 hpac_breakpoints=162 bppf_distinct=163 hpac=207266ns bppf_internal=724000ns bppf_wall=1259993ns
gen_n400_rho0.6_near-ties_seed5.pcf: n=400 hpac_breakpoints=145 bppf_distinct=146 hpac=178514ns bppf_internal=665000ns bppf_wall=1202270ns
gen_n400_rho0.6_near-ties_seed6.pcf: n=400 hpac_breakpoints=133 bppf_distinct=134 hpac=200421ns bppf_internal=632000ns bppf_wall=1176752ns
gen_n400_rho0.6_near-ties_seed7.pcf: n=400 hpac_breakpoints=145 bppf_distinct=146 hpac=210660ns bppf_internal=678000ns bppf_wall=1216707ns
gen_n400_rho0.6_near-ties_seed8.pcf: n=400 hpac_breakpoints=140 bppf_distinct=141 hpac=236457ns bppf_internal=667000ns bppf_wall=1206494ns
gen_n400_rho0.6_near-ties_seed9.pcf: n=400 hpac_breakpoints=135 bppf_distinct=136 hpac=198272ns bppf_internal=642000ns bppf_wall=1213127ns
gen_n400_rho0.9_anti-correlated_seed0.pcf: n=400 hpac_breakpoints=211 bppf_distinct=212 hpac=525034ns bppf_internal=1021999ns bppf_wall=1586970ns
gen_n400_rho0.9_anti-correlated_seed1.pcf: n=400 hpac_breakpoints=212 bppf_distinct=213 hpac=461177ns bppf_internal=1003999ns bppf_wall=1556730ns
gen_n400_rho0.9_anti-correlated_seed2.pcf: n=400 hpac_breakpoints=232 bppf_distinct=233 hpac=371897ns bppf_internal=1053000ns bppf_wall=1602105ns
gen_n400_rho0.9_anti-correlated_seed3.pcf: n=400 hpac_breakpoints=205 bppf_distinct=206 hpac=496972ns bppf_internal=973000ns bppf_wall=1520773ns
gen_n400_rho0.9_anti-correlated_seed4.pcf: n=400 hpac_breakpoints=235 bppf_distinct=236 hpac=458263ns bppf_internal=1070000ns bppf_wall=1627064ns
gen_n400_rho0.9_anti-correlated_seed5.pcf: n=400 hpac_breakpoints=211 bppf_distinct=212 hpac=401374ns bppf_internal=982000ns bppf_wall=1548368ns
gen_n400_rho0.9_anti-correlated_seed6.pcf: n=400 hpac_breakpoints=209 bppf_distinct=210 hpac=439372ns bppf_internal=990000ns bppf_wall=1542996ns
gen_n400_rho0.9_anti-correlated_seed7.pcf: n=400 hpac_breakpoints=211 bppf_distinct=212 hpac=480137ns bppf_internal=990999ns bppf_wall=1556403ns
gen_n400_rho0.9_anti-correlated_seed8.pcf: n=400 hpac_breakpoints=231 bppf_distinct=232 hpac=402969ns bppf_internal=1067000ns bppf_wall=1648220ns
gen_n400_rho0.9_anti-correlated_seed9.pcf: n=400 hpac_breakpoints=221 bppf_distinct=222 hpac=466410ns bppf_internal=1018000ns bppf_wall=1571355ns
gen_n400_rho0.9_correlated_seed0.pcf: n=400 hpac_breakpoints=202 bppf_distinct=203 hpac=531475ns bppf_internal=962000ns bppf_wall=1518540ns
gen_n400_rho0.9_correlated_seed1.pcf: n=400 hpac_breakpoints=200 bppf_distinct=201 hpac=474736ns bppf_internal=985000ns bppf_wall=1561713ns
gen_n400_rho0.9_correlated_seed2.pcf: n=400 hpac_breakpoints=211 bppf_distinct=212 hpac=374681ns bppf_internal=995000ns bppf_wall=1542365ns
gen_n400_rho0.9_correlated_seed3.pcf: n=400 hpac_breakpoints=203 bppf_distinct=204 hpac=463790ns bppf_internal=998000ns bppf_wall=1564305ns
gen_n400_rho0.9_correlated_seed4.pcf: n=400 hpac_breakpoints=225 bppf_distinct=226 hpac=455502ns bppf_internal=1028000ns bppf_wall=1583134ns
gen_n400_rho0.9_correlated_seed5.pcf: n=400 hpac_breakpoints=211 bppf_distinct=212 hpac=413070ns bppf_internal=993000ns bppf_wall=1544874ns
gen_n400_rho0.9_correlated_seed6.pcf: n=400 hpac_breakpoints=210 bppf_distinct=211 hpac=452997ns bppf_internal=1018999ns bppf_wall=1604274ns
gen_n400_rho0.9_correlated_seed7.pcf: n=400 hpac_breakpoints=209 bppf_distinct=210 hpac=483110ns bppf_internal=1050000ns bppf_wall=1629108ns
gen_n400_rho0.9_correlated_seed8.pcf: n=400 hpac_breakpoints=215 bppf_distinct=216 hpac=430768ns bppf_internal=1024000ns bppf_wall=1588005ns
gen_n400_rho0.9_correlated_seed9.pcf: n=400 hpac_breakpoints=204 bppf_distinct=205 hpac=481161ns bppf_internal=1000999ns bppf_wall=1582615ns
gen_n400_rho0.9_exact-ties_seed0.pcf: n=400 hpac_breakpoints=98 bppf_distinct=99 hpac=373132ns bppf_internal=549000ns bppf_wall=1101148ns
gen_n400_rho0.9_exact-ties_seed1.pcf: n=400 hpac_breakpoints=87 bppf_distinct=88 hpac=408623ns bppf_internal=508000ns bppf_wall=1077108ns
gen_n400_rho0.9_exact-ties_seed2.pcf: n=400 hpac_breakpoints=84 bppf_distinct=85 hpac=466403ns bppf_internal=506999ns bppf_wall=1072239ns
gen_n400_rho0.9_exact-ties_seed3.pcf: n=400 hpac_breakpoints=85 bppf_distinct=86 hpac=397054ns bppf_internal=478000ns bppf_wall=1028867ns
gen_n400_rho0.9_exact-ties_seed4.pcf: n=400 hpac_breakpoints=85 bppf_distinct=86 hpac=412764ns bppf_internal=487000ns bppf_wall=1029073ns
gen_n400_rho0.9_exact-ties_seed5.pcf: n=400 hpac_breakpoints=85 bppf_distinct=86 hpac=399979ns bppf_internal=482000ns bppf_wall=1017329ns
gen_n400_rho0.9_exact-ties_seed6.pcf: n=400 hpac_breakpoints=93 bppf_distinct=94 hpac=352460ns bppf_internal=512000ns bppf_wall=1083256ns
gen_n400_rho0.9_exact-ties_seed7.pcf: n=400 hpac_breakpoints=89 bppf_distinct=90 hpac=360170ns bppf_internal=515999ns bppf_wall=1057330ns
gen_n400_rho0.9_exact-ties_seed8.pcf: n=400 hpac_breakpoints=91 bppf_distinct=92 hpac=367931ns bppf_internal=505000ns bppf_wall=1051666ns
gen_n400_rho0.9_exact-ties_seed9.pcf: n=400 hpac_breakpoints=88 bppf_distinct=89 hpac=379691ns bppf_internal=499000ns bppf_wall=1078981ns
gen_n400_rho0.9_independent-positive_seed0.pcf: n=400 hpac_breakpoints=221 bppf_distinct=222 hpac=438883ns bppf_internal=1039000ns bppf_wall=1596627ns
gen_n400_rho0.9_independent-positive_seed1.pcf: n=400 hpac_breakpoints=213 bppf_distinct=214 hpac=514924ns bppf_internal=1062000ns bppf_wall=1648665ns
gen_n400_rho0.9_independent-positive_seed2.pcf: n=400 hpac_breakpoints=205 bppf_distinct=206 hpac=418812ns bppf_internal=999000ns bppf_wall=1557483ns
gen_n400_rho0.9_independent-positive_seed3.pcf: n=400 hpac_breakpoints=220 bppf_distinct=221 hpac=362337ns bppf_internal=1038000ns bppf_wall=1619667ns
gen_n400_rho0.9_independent-positive_seed4.pcf: n=400 hpac_breakpoints=227 bppf_distinct=228 hpac=381236ns bppf_internal=1082000ns bppf_wall=1636592ns
gen_n400_rho0.9_independent-positive_seed5.pcf: n=400 hpac_breakpoints=203 bppf_distinct=204 hpac=472373ns bppf_internal=959000ns bppf_wall=1503779ns
gen_n400_rho0.9_independent-positive_seed6.pcf: n=400 hpac_breakpoints=200 bppf_distinct=201 hpac=411753ns bppf_internal=947000ns bppf_wall=1539628ns
gen_n400_rho0.9_independent-positive_seed7.pcf: n=400 hpac_breakpoints=216 bppf_distinct=217 hpac=460731ns bppf_internal=1029000ns bppf_wall=1578968ns
gen_n400_rho0.9_independent-positive_seed8.pcf: n=400 hpac_breakpoints=218 bppf_distinct=219 hpac=440919ns bppf_internal=1039000ns bppf_wall=1604223ns
gen_n400_rho0.9_independent-positive_seed9.pcf: n=400 hpac_breakpoints=232 bppf_distinct=233 hpac=373557ns bppf_internal=1057000ns bppf_wall=1606664ns
gen_n400_rho0.9_independent-signed_seed0.pcf: n=400 hpac_breakpoints=214 bppf_distinct=215 hpac=398382ns bppf_internal=1013000ns bppf_wall=1568461ns
gen_n400_rho0.9_independent-signed_seed1.pcf: n=400 hpac_breakpoints=225 bppf_distinct=226 hpac=462254ns bppf_internal=1044000ns bppf_wall=1629689ns
gen_n400_rho0.9_independent-signed_seed2.pcf: n=400 hpac_breakpoints=208 bppf_distinct=209 hpac=393128ns bppf_internal=977999ns bppf_wall=1537096ns
gen_n400_rho0.9_independent-signed_seed3.pcf: n=400 hpac_breakpoints=227 bppf_distinct=228 hpac=383499ns bppf_internal=1054000ns bppf_wall=1607876ns
gen_n400_rho0.9_independent-signed_seed4.pcf: n=400 hpac_breakpoints=227 bppf_distinct=228 hpac=397809ns bppf_internal=1055000ns bppf_wall=1619868ns
gen_n400_rho0.9_independent-signed_seed5.pcf: n=400 hpac_breakpoints=204 bppf_distinct=205 hpac=476908ns bppf_internal=981000ns bppf_wall=1537452ns
gen_n400_rho0.9_independent-signed_seed6.pcf: n=400 hpac_breakpoints=203 bppf_distinct=204 hpac=406341ns bppf_internal=964000ns bppf_wall=1525853ns
gen_n400_rho0.9_independent-signed_seed7.pcf: n=400 hpac_breakpoints=220 bppf_distinct=221 hpac=469050ns bppf_internal=1046000ns bppf_wall=1607341ns
gen_n400_rho0.9_independent-signed_seed8.pcf: n=400 hpac_breakpoints=220 bppf_distinct=221 hpac=462604ns bppf_internal=1020000ns bppf_wall=1582985ns
gen_n400_rho0.9_independent-signed_seed9.pcf: n=400 hpac_breakpoints=241 bppf_distinct=242 hpac=379212ns bppf_internal=1098000ns bppf_wall=1646852ns
gen_n400_rho0.9_near-ties_seed0.pcf: n=400 hpac_breakpoints=141 bppf_distinct=142 hpac=388858ns bppf_internal=705000ns bppf_wall=1244807ns
gen_n400_rho0.9_near-ties_seed1.pcf: n=400 hpac_breakpoints=127 bppf_distinct=128 hpac=400658ns bppf_internal=660000ns bppf_wall=1212475ns
gen_n400_rho0.9_near-ties_seed2.pcf: n=400 hpac_breakpoints=138 bppf_distinct=139 hpac=502124ns bppf_internal=679000ns bppf_wall=1235682ns
gen_n400_rho0.9_near-ties_seed3.pcf: n=400 hpac_breakpoints=147 bppf_distinct=148 hpac=332741ns bppf_internal=730000ns bppf_wall=1273931ns
gen_n400_rho0.9_near-ties_seed4.pcf: n=400 hpac_breakpoints=137 bppf_distinct=138 hpac=470018ns bppf_internal=692000ns bppf_wall=1234139ns
gen_n400_rho0.9_near-ties_seed5.pcf: n=400 hpac_breakpoints=129 bppf_distinct=130 hpac=514135ns bppf_internal=669000ns bppf_wall=1238290ns
gen_n400_rho0.9_near-ties_seed6.pcf: n=400 hpac_breakpoints=135 bppf_distinct=136 hpac=585016ns bppf_internal=713000ns bppf_wall=1273144ns
gen_n400_rho0.9_near-ties_seed7.pcf: n=400 hpac_breakpoints=127 bppf_distinct=128 hpac=383485ns bppf_internal=632000ns bppf_wall=1178969ns
gen_n400_rho0.9_near-ties_seed8.pcf: n=400 hpac_breakpoints=132 bppf_distinct=133 hpac=394142ns bppf_internal=679000ns bppf_wall=1223938ns
gen_n400_rho0.9_near-ties_seed9.pcf: n=400 hpac_breakpoints=146 bppf_distinct=147 hpac=414661ns bppf_internal=716000ns bppf_wall=1249925ns
gen_n400_rho1.0_anti-correlated_seed0.pcf: n=400 hpac_breakpoints=187 bppf_distinct=188 hpac=593313ns bppf_internal=919000ns bppf_wall=1463705ns
gen_n400_rho1.0_anti-correlated_seed1.pcf: n=400 hpac_breakpoints=217 bppf_distinct=218 hpac=479614ns bppf_internal=1023000ns bppf_wall=1572899ns
gen_n400_rho1.0_anti-correlated_seed2.pcf: n=400 hpac_breakpoints=208 bppf_distinct=209 hpac=792958ns bppf_internal=988000ns bppf_wall=1537464ns
gen_n400_rho1.0_anti-correlated_seed3.pcf: n=400 hpac_breakpoints=190 bppf_distinct=191 hpac=537720ns bppf_internal=930000ns bppf_wall=1489275ns
gen_n400_rho1.0_anti-correlated_seed4.pcf: n=400 hpac_breakpoints=202 bppf_distinct=203 hpac=691788ns bppf_internal=1026999ns bppf_wall=1617229ns
gen_n400_rho1.0_anti-correlated_seed5.pcf: n=400 hpac_breakpoints=203 bppf_distinct=204 hpac=691933ns bppf_internal=993000ns bppf_wall=1545498ns
gen_n400_rho1.0_anti-correlated_seed6.pcf: n=400 hpac_breakpoints=205 bppf_distinct=206 hpac=662327ns bppf_internal=968000ns bppf_wall=1562321ns
gen_n400_rho1.0_anti-correlated_seed7.pcf: n=400 hpac_breakpoints=204 bppf_distinct=205 hpac=622394ns bppf_internal=990999ns bppf_wall=1545167ns
gen_n400_rho1.0_anti-correlated_seed8.pcf: n=400 hpac_breakpoints=202 bppf_distinct=203 hpac=548410ns bppf_internal=966000ns bppf_wall=1513883ns
gen_n400_rho1.0_anti-correlated_seed9.pcf: n=400 hpac_breakpoints=214 bppf_distinct=215 hpac=626697ns bppf_internal=1024000ns bppf_wall=1582834ns
gen_n400_rho1.0_correlated_seed0.pcf: n=400 hpac_breakpoints=191 bppf_distinct=192 hpac=616767ns bppf_internal=934000ns bppf_wall=1491127ns
gen_n400_rho1.0_correlated_seed1.pcf: n=400 hpac_breakpoints=210 bppf_distinct=211 hpac=484816ns bppf_internal=1007000ns bppf_wall=1565691ns
gen_n400_rho1.0_correlated_seed2.pcf: n=400 hpac_breakpoints=181 bppf_distinct=182 hpac=747427ns bppf_internal=897000ns bppf_wall=1451488ns
gen_n400_rho1.0_correlated_seed3.pcf: n=400 hpac_breakpoints=195 bppf_distinct=196 hpac=574544ns bppf_internal=943000ns bppf_wall=1498322ns
gen_n400_rho1.0_correlated_seed4.pcf: n=400 hpac_breakpoints=188 bppf_distinct=189 hpac=666673ns bppf_internal=928000ns bppf_wall=1477725ns
gen_n400_rho1.0_correlated_seed5.pcf: n=400 hpac_breakpoints=191 bppf_distinct=192 hpac=770729ns bppf_internal=960000ns bppf_wall=1530373ns
gen_n400_rho1.0_correlated_seed6.pcf: n=400 hpac_breakpoints=184 bppf_distinct=185 hpac=611906ns bppf_internal=915000ns bppf_wall=1469160ns
gen_n400_rho1.0_correlated_seed7.pcf: n=400 hpac_breakpoints=195 bppf_distinct=196 hpac=581370ns bppf_internal=944000ns bppf_wall=1494220ns
gen_n400_rho1.0_correlated_seed8.pcf: n=400 hpac_breakpoints=192 bppf_distinct=193 hpac=522759ns bppf_internal=948000ns bppf_wall=1508660ns
gen_n400_rho1.0_correlated_seed9.pcf: n=400 hpac_breakpoints=196 bppf_distinct=197 hpac=653742ns bppf_internal=954000ns bppf_wall=1560546ns
gen_n400_rho1.0_exact-ties_seed0.pcf: n=400 hpac_breakpoints=83 bppf_distinct=84 hpac=463744ns bppf_internal=486000ns bppf_wall=1038002ns
gen_n400_rho1.0_exact-ties_seed1.pcf: n=400 hpac_breakpoints=93 bppf_distinct=94 hpac=417267ns bppf_internal=545000ns bppf_wall=1107666ns
gen_n400_rho1.0_exact-ties_seed2.pcf: n=400 hpac_breakpoints=82 bppf_distinct=83 hpac=499693ns bppf_internal=521000ns bppf_wall=1067648ns
gen_n400_rho1.0_exact-ties_seed3.pcf: n=400 hpac_breakpoints=87 bppf_distinct=88 hpac=504464ns bppf_internal=503000ns bppf_wall=1068054ns
gen_n400_rho1.0_exact-ties_seed4.pcf: n=400 hpac_breakpoints=78 bppf_distinct=79 hpac=569054ns bppf_internal=487000ns bppf_wall=1034444ns
gen_n400_rho1.0_exact-ties_seed5.pcf: n=400 hpac_breakpoints=91 bppf_distinct=92 hpac=505394ns bppf_internal=534000ns bppf_wall=1088057ns
gen_n400_rho1.0_exact-ties_seed6.pcf: n=400 hpac_breakpoints=77 bppf_distinct=78 hpac=598345ns bppf_internal=455000ns bppf_wall=999943ns
gen_n400_rho1.0_exact-ties_seed7.pcf: n=400 hpac_breakpoints=84 bppf_distinct=85 hpac=590749ns bppf_internal=499000ns bppf_wall=1052167ns
gen_n400_rho1.0_exact-ties_seed8.pcf: n=400 hpac_breakpoints=82 bppf_distinct=83 hpac=510578ns bppf_internal=510000ns bppf_wall=1050525ns
gen_n400_rho1.0_exact-ties_seed9.pcf: n=400 hpac_breakpoints=89 bppf_distinct=90 hpac=536038ns bppf_internal=519999ns bppf_wall=1065859ns
gen_n400_rho1.0_independent-positive_seed0.pcf: n=400 hpac_breakpoints=205 bppf_distinct=206 hpac=602024ns bppf_internal=1012000ns bppf_wall=1581093ns
gen_n400_rho1.0_independent-positive_seed1.pcf: n=400 hpac_breakpoints=204 bppf_distinct=205 hpac=565143ns bppf_internal=985000ns bppf_wall=1539125ns
gen_n400_rho1.0_independent-positive_seed2.pcf: n=400 hpac_breakpoints=188 bppf_distinct=189 hpac=475026ns bppf_internal=921000ns bppf_wall=1474001ns
gen_n400_rho1.0_independent-positive_seed3.pcf: n=400 hpac_breakpoints=185 bppf_distinct=186 hpac=666378ns bppf_internal=943000ns bppf_wall=1504769ns
gen_n400_rho1.0_independent-positive_seed4.pcf: n=400 hpac_breakpoints=209 bppf_distinct=210 hpac=505554ns bppf_internal=998000ns bppf_wall=1546546ns
gen_n400_rho1.0_independent-positive_seed5.pcf: n=400 hpac_breakpoints=190 bppf_distinct=191 hpac=563262ns bppf_internal=933000ns bppf_wall=1490504ns
gen_n400_rho1.0_independent-positive_seed6.pcf: n=400 hpac_breakpoints=202 bppf_distinct=203 hpac=542338ns bppf_internal=981000ns bppf_wall=1529848ns
gen_n400_rho1.0_independent-positive_seed7.pcf: n=400 hpac_breakpoints=191 bppf_distinct=192 hpac=660409ns bppf_internal=944000ns bppf_wall=1492110ns
gen_n400_rho1.0_independent-positive_seed8.pcf: n=400 hpac_breakpoints=205 bppf_distinct=206 hpac=596616ns bppf_internal=1013000ns bppf_wall=1569364ns
gen_n400_rho1.0_independent-positive_seed9.pcf: n=400 hpac_breakpoints=189 bppf_distinct=190 hpac=622885ns bppf_internal=969000ns bppf_wall=1539796ns
gen_n400_rho1.0_independent-signed_seed0.pcf: n=400 hpac_breakpoints=195 bppf_distinct=196 hpac=575824ns bppf_internal=956000ns bppf_wall=1506796ns
gen_n400_rho1.0_independent-signed_seed1.pcf: n=400 hpac_breakpoints=207 bppf_distinct=208 hpac=540225ns bppf_internal=1011000ns bppf_wall=1567804ns
gen_n400_rho1.0_independent-signed_seed2.pcf: n=400 hpac_breakpoints=190 bppf_distinct=191 hpac=479798ns bppf_internal=960000ns bppf_wall=1535107ns
gen_n400_rho1.0_independent-signed_seed3.pcf: n=400 hpac_breakpoints=196 bppf_distinct=197 hpac=580387ns bppf_internal=963000ns bppf_wall=1509795ns
gen_n400_rho1.0_independent-signed_seed4.pcf: n=400 hpac_breakpoints=195 bppf_distinct=196 hpac=565420ns bppf_internal=944000ns bppf_wall=1504847ns
gen_n400_rho1.0_independent-signed_seed5.pcf: n=400 hpac_breakpoints=201 bppf_distinct=202 hpac=542907ns bppf_internal=974000ns bppf_wall=1523308ns
gen_n400_rho1.0_independent-signed_seed6.pcf: n=400 hpac_breakpoints=204 bppf_distinct=205 hpac=532240ns bppf_internal=985999ns bppf_wall=1535907ns
gen_n400_rho1.0_independent-signed_seed7.pcf: n=400 hpac_breakpoints=196 bppf_distinct=197 hpac=652560ns bppf_internal=970000ns bppf_wall=1520002ns
gen_n400_rho1.0_independent-signed_seed8.pcf: n=400 hpac_breakpoints=205 bppf_distinct=206 hpac=580486ns bppf_internal=1000999ns bppf_wall=1564699ns
gen_n400_rho1.0_independent-signed_seed9.pcf: n=400 hpac_breakpoints=195 bppf_distinct=196 hpac=577369ns bppf_internal=963000ns bppf_wall=1508302ns
gen_n400_rho1.0_near-ties_seed0.pcf: n=400 hpac_breakpoints=126 bppf_distinct=127 hpac=484154ns bppf_internal=661000ns bppf_wall=1199160ns
gen_n400_rho1.0_near-ties_seed1.pcf: n=400 hpac_breakpoints=136 bppf_distinct=137 hpac=459575ns bppf_internal=696000ns bppf_wall=1256402ns
gen_n400_rho1.0_near-ties_seed2.pcf: n=400 hpac_breakpoints=131 bppf_distinct=132 hpac=532756ns bppf_internal=711000ns bppf_wall=1291806ns
gen_n400_rho1.0_near-ties_seed3.pcf: n=400 hpac_breakpoints=123 bppf_distinct=124 hpac=571856ns bppf_internal=639000ns bppf_wall=1184679ns
gen_n400_rho1.0_near-ties_seed4.pcf: n=400 hpac_breakpoints=122 bppf_distinct=123 hpac=559142ns bppf_internal=651000ns bppf_wall=1203832ns
gen_n400_rho1.0_near-ties_seed5.pcf: n=400 hpac_breakpoints=132 bppf_distinct=133 hpac=708701ns bppf_internal=667000ns bppf_wall=1208801ns
gen_n400_rho1.0_near-ties_seed6.pcf: n=400 hpac_breakpoints=133 bppf_distinct=134 hpac=542947ns bppf_internal=671000ns bppf_wall=1213445ns
gen_n400_rho1.0_near-ties_seed7.pcf: n=400 hpac_breakpoints=136 bppf_distinct=137 hpac=541250ns bppf_internal=697000ns bppf_wall=1242879ns
gen_n400_rho1.0_near-ties_seed8.pcf: n=400 hpac_breakpoints=127 bppf_distinct=128 hpac=601004ns bppf_internal=662000ns bppf_wall=1214326ns
gen_n400_rho1.0_near-ties_seed9.pcf: n=400 hpac_breakpoints=130 bppf_distinct=131 hpac=533604ns bppf_internal=679000ns bppf_wall=1215535ns
gen_n500_rho0.3_anti-correlated_seed0.pcf: n=500 hpac_breakpoints=438 bppf_distinct=439 hpac=129972ns bppf_internal=2025000ns bppf_wall=2599473ns
gen_n500_rho0.3_anti-correlated_seed1.pcf: n=500 hpac_breakpoints=428 bppf_distinct=429 hpac=140500ns bppf_internal=2004999ns bppf_wall=2599213ns
gen_n500_rho0.3_anti-correlated_seed2.pcf: n=500 hpac_breakpoints=420 bppf_distinct=421 hpac=127885ns bppf_internal=1968999ns bppf_wall=2583510ns
gen_n500_rho0.3_anti-correlated_seed3.pcf: n=500 hpac_breakpoints=424 bppf_distinct=425 hpac=128228ns bppf_internal=1971000ns bppf_wall=2562467ns
gen_n500_rho0.3_anti-correlated_seed4.pcf: n=500 hpac_breakpoints=426 bppf_distinct=427 hpac=146405ns bppf_internal=2085000ns bppf_wall=2743567ns
gen_n500_rho0.3_anti-correlated_seed5.pcf: n=500 hpac_breakpoints=425 bppf_distinct=426 hpac=136527ns bppf_internal=1994000ns bppf_wall=2600545ns
gen_n500_rho0.3_anti-correlated_seed6.pcf: n=500 hpac_breakpoints=419 bppf_distinct=420 hpac=142132ns bppf_internal=1952000ns bppf_wall=2541073ns
gen_n500_rho0.3_anti-correlated_seed7.pcf: n=500 hpac_breakpoints=412 bppf_distinct=413 hpac=150570ns bppf_internal=1947000ns bppf_wall=2571382ns
gen_n500_rho0.3_anti-correlated_seed8.pcf: n=500 hpac_breakpoints=412 bppf_distinct=413 hpac=125507ns bppf_internal=1932000ns bppf_wall=2534763ns
gen_n500_rho0.3_anti-correlated_seed9.pcf: n=500 hpac_breakpoints=419 bppf_distinct=420 hpac=144852ns bppf_internal=2004999ns bppf_wall=2609699ns
gen_n500_rho0.3_correlated_seed0.pcf: n=500 hpac_breakpoints=429 bppf_distinct=430 hpac=127292ns bppf_internal=1993000ns bppf_wall=2606375ns
gen_n500_rho0.3_correlated_seed1.pcf: n=500 hpac_breakpoints=412 bppf_distinct=413 hpac=138507ns bppf_internal=1938000ns bppf_wall=2529486ns
gen_n500_rho0.3_correlated_seed2.pcf: n=500 hpac_breakpoints=433 bppf_distinct=434 hpac=134504ns bppf_internal=1988999ns bppf_wall=2577925ns
gen_n500_rho0.3_correlated_seed3.pcf: n=500 hpac_breakpoints=434 bppf_distinct=435 hpac=131231ns bppf_internal=2016000ns bppf_wall=2602078ns
gen_n500_rho0.3_correlated_seed4.pcf: n=500 hpac_breakpoints=408 bppf_distinct=409 hpac=148855ns bppf_internal=1907000ns bppf_wall=2507367ns
gen_n500_rho0.3_correlated_seed5.pcf: n=500 hpac_breakpoints=415 bppf_distinct=416 hpac=139963ns bppf_internal=2020999ns bppf_wall=2693125ns
gen_n500_rho0.3_correlated_seed6.pcf: n=500 hpac_breakpoints=425 bppf_distinct=426 hpac=137718ns bppf_internal=1983000ns bppf_wall=2590428ns
gen_n500_rho0.3_correlated_seed7.pcf: n=500 hpac_breakpoints=413 bppf_distinct=414 hpac=138711ns bppf_internal=1933000ns bppf_wall=2533984ns
gen_n500_rho0.3_correlated_seed8.pcf: n=500 hpac_breakpoints=416 bppf_distinct=417 hpac=125710ns bppf_internal=1958999ns bppf_wall=2541326ns
gen_n500_rho0.3_correlated_seed9.pcf: n=500 hpac_breakpoints=416 bppf_distinct=417 hpac=149249ns bppf_internal=1967000ns bppf_wall=2600414ns
gen_n500_rho0.3_exact-ties_seed0.pcf: n=500 hpac_breakpoints=69 bppf_distinct=70 hpac=115750ns bppf_internal=373000ns bppf_wall=939078ns
gen_n500_rho0.3_exact-ties_seed1.pcf: n=500 hpac_breakpoints=80 bppf_distinct=81 hpac=117716ns bppf_internal=445000ns bppf_wall=1002780ns
gen_n500_rho0.3_exact-ties_seed2.pcf: n=500 hpac_breakpoints=83 bppf_distinct=84 hpac=130814ns bppf_internal=470000ns bppf_wall=1022629ns
gen_n500_rho0.3_exact-ties_seed3.pcf: n=500 hpac_breakpoints=75 bppf_distinct=76 hpac=116036ns bppf_internal=413000ns bppf_wall=972637ns
gen_n500_rho0.3_exact-ties_seed4.pcf: n=500 hpac_breakpoints=87 bppf_distinct=88 hpac=126325ns bppf_internal=464000ns bppf_wall=1025627ns
gen_n500_rho0.3_exact-ties_seed5.pcf: n=500 hpac_breakpoints=67 bppf_distinct=68 hpac=113825ns bppf_internal=370000ns bppf_wall=913676ns
gen_n500_rho0.3_exact-ties_seed6.pcf: n=500 hpac_breakpoints=84 bppf_distinct=85 hpac=125953ns bppf_internal=449000ns bppf_wall=1006506ns
gen_n500_rho0.3_exact-ties_seed7.pcf: n=500 hpac_breakpoints=66 bppf_distinct=67 hpac=106232ns bppf_internal=351000ns bppf_wall=909075ns
gen_n500_rho0.3_exact-ties_seed8.pcf: n=500 hpac_breakpoints=76 bppf_distinct=77 hpac=134330ns bppf_internal=426000ns bppf_wall=974275ns
gen_n500_rho0.3_exact-ties_seed9.pcf: n=500 hpac_breakpoints=77 bppf_distinct=78 hpac=132487ns bppf_internal=423000ns bppf_wall=969880ns
gen_n500_rho0.3_independent-positive_seed0.pcf: n=500 hpac_breakpoints=433 bppf_distinct=434 hpac=129271ns bppf_internal=1994999ns bppf_wall=2632535ns
gen_n500_rho0.3_independent-positive_seed1.pcf: n=500 hpac_breakpoints=425 bppf_distinct=426 hpac=140123ns bppf_internal=1980000ns bppf_wall=2579149ns
gen_n500_rho0.3_independent-positive_seed2.pcf: n=500 hpac_breakpoints=428 bppf_distinct=429 hpac=144161ns bppf_internal=1997000ns bppf_wall=2595660ns
gen_n500_rho0.3_independent-positive_seed3.pcf: n=500 hpac_breakpoints=420 bppf_distinct=421 hpac=137792ns bppf_internal=1952000ns bppf_wall=2559977ns
gen_n500_rho0.3_independent-positive_seed4.pcf: n=500 hpac_breakpoints=416 bppf_distinct=417 hpac=142040ns bppf_internal=1955999ns bppf_wall=2541823ns
gen_n500_rho0.3_independent-positive_seed5.pcf: n=500 hpac_breakpoints=418 bppf_distinct=419 hpac=138696ns bppf_internal=1963000ns bppf_wall=2583278ns
gen_n500_rho0.3_independent-positive_seed6.pcf: n=500 hpac_breakpoints=427 bppf_distinct=428 hpac=146586ns bppf_internal=1994000ns bppf_wall=2584404ns
gen_n500_rho0.3_independent-positive_seed7.pcf: n=500 hpac_breakpoints=417 bppf_distinct=418 hpac=199676ns bppf_internal=1981999ns bppf_wall=2622346ns
gen_n500_rho0.3_independent-positive_seed8.pcf: n=500 hpac_breakpoints=420 bppf_distinct=421 hpac=138274ns bppf_internal=1952000ns bppf_wall=2555083ns
gen_n500_rho0.3_independent-positive_seed9.pcf: n=500 hpac_breakpoints=426 bppf_distinct=427 hpac=161293ns bppf_internal=2004000ns bppf_wall=2650730ns
gen_n500_rho0.3_independent-signed_seed0.pcf: n=500 hpac_breakpoints=437 bppf_distinct=438 hpac=127335ns bppf_internal=2029000ns bppf_wall=2615665ns
gen_n500_rho0.3_independent-signed_seed1.pcf: n=500 hpac_breakpoints=415 bppf_distinct=416 hpac=148423ns bppf_internal=1960000ns bppf_wall=2545444ns
gen_n500_rho0.3_independent-signed_seed2.pcf: n=500 hpac_breakpoints=424 bppf_distinct=425 hpac=145380ns bppf_internal=1960000ns bppf_wall=2541050ns
gen_n500_rho0.3_independent-signed_seed3.pcf: n=500 hpac_breakpoints=430 bppf_distinct=431 hpac=134127ns bppf_internal=2023000ns bppf_wall=2627371ns
gen_n500_rho0.3_independent-signed_seed4.pcf: n=500 hpac_breakpoints=426 bppf_distinct=427 hpac=148132ns bppf_internal=1981999ns bppf_wall=2578052ns
gen_n500_rho0.3_independent-signed_seed5.pcf: n=500 hpac_breakpoints=420 bppf_distinct=421 hpac=138334ns bppf_internal=1978999ns bppf_wall=2572754ns
gen_n500_rho0.3_independent-signed_seed6.pcf: n=500 hpac_breakpoints=420 bppf_distinct=421 hpac=150949ns bppf_internal=1991000ns bppf_wall=2652025ns
gen_n500_rho0.3_independent-signed_seed7.pcf: n=500 hpac_breakpoints=417 bppf_distinct=418 hpac=131898ns bppf_internal=1961000ns bppf_wall=2577905ns
gen_n500_rho0.3_independent-signed_seed8.pcf: n=500 hpac_breakpoints=414 bppf_distinct=415 hpac=134559ns bppf_internal=1950000ns bppf_wall=2593456ns
gen_n500_rho0.3_independent-signed_seed9.pcf: n=500 hpac_breakpoints=426 bppf_distinct=427 hpac=169938ns bppf_internal=1999000ns bppf_wall=2589401ns
gen_n500_rho0.3_near-ties_seed0.pcf: n=500 hpac_breakpoints=158 bppf_distinct=159 hpac=123859ns bppf_internal=840000ns bppf_wall=1396387ns
gen_n500_rho0.3_near-ties_seed1.pcf: n=500 hpac_breakpoints=156 bppf_distinct=157 hpac=137977ns bppf_internal=830000ns bppf_wall=1392353ns
gen_n500_rho0.3_near-ties_seed2.pcf: n=500 hpac_breakpoints=161 bppf_distinct=162 hpac=135122ns bppf_internal=845000ns bppf_wall=1400335ns
gen_n500_rho0.3_near-ties_seed3.pcf: n=500 hpac_breakpoints=160 bppf_distinct=161 hpac=144472ns bppf_internal=852000ns bppf_wall=1417287ns
gen_n500_rho0.3_near-ties_seed4.pcf: n=500 hpac_breakpoints=153 bppf_distinct=154 hpac=139964ns bppf_internal=812000ns bppf_wall=1364433ns
gen_n500_rho0.3_near-ties_seed5.pcf: n=500 hpac_breakpoints=157 bppf_distinct=158 hpac=154958ns bppf_internal=842000ns bppf_wall=1395430ns
gen_n500_rho0.3_near-ties_seed6.pcf: n=500 hpac_breakpoints=167 bppf_distinct=168 hpac=125986ns bppf_internal=880000ns bppf_wall=1435415ns
gen_n500_rho0.3_near-ties_seed7.pcf: n=500 hpac_breakpoints=166 bppf_distinct=167 hpac=137074ns bppf_internal=878000ns bppf_wall=1436797ns
gen_n500_rho0.3_near-ties_seed8.pcf: n=500 hpac_breakpoints=167 bppf_distinct=168 hpac=144785ns bppf_internal=873000ns bppf_wall=1427264ns
gen_n500_rho0.3_near-ties_seed9.pcf: n=500 hpac_breakpoints=160 bppf_distinct=161 hpac=145382ns bppf_internal=851000ns bppf_wall=1406984ns
gen_n500_rho0.6_anti-correlated_seed0.pcf: n=500 hpac_breakpoints=350 bppf_distinct=351 hpac=255090ns bppf_internal=1765000ns bppf_wall=2353911ns
gen_n500_rho0.6_anti-correlated_seed1.pcf: n=500 hpac_breakpoints=361 bppf_distinct=362 hpac=241696ns bppf_internal=1801000ns bppf_wall=2425174ns
gen_n500_rho0.6_anti-correlated_seed2.pcf: n=500 hpac_breakpoints=336 bppf_distinct=337 hpac=313987ns bppf_internal=1706000ns bppf_wall=2316726ns
gen_n500_rho0.6_anti-correlated_seed3.pcf: n=500 hpac_breakpoints=367 bppf_distinct=368 hpac=264198ns bppf_internal=1835000ns bppf_wall=2430145ns
gen_n500_rho0.6_anti-correlated_seed4.pcf: n=500 hpac_breakpoints=349 bppf_distinct=350 hpac=306625ns bppf_internal=1793000ns bppf_wall=2407072ns
gen_n500_rho0.6_anti-correlated_seed5.pcf: n=500 hpac_breakpoints=372 bppf_distinct=373 hpac=249868ns bppf_internal=1911000ns bppf_wall=2545160ns
gen_n500_rho0.6_anti-correlated_seed6.pcf: n=500 hpac_breakpoints=343 bppf_distinct=344 hpac=245327ns bppf_internal=1744000ns bppf_wall=2383407ns
gen_n500_rho0.6_anti-correlated_seed7.pcf: n=500 hpac_breakpoints=347 bppf_distinct=348 hpac=260502ns bppf_internal=1753000ns bppf_wall=2355188ns
gen_n500_rho0.6_anti-correlated_seed8.pcf: n=500 hpac_breakpoints=350 bppf_distinct=351 hpac=241801ns bppf_internal=1754000ns bppf_wall=2373508ns
gen_n500_rho0.6_anti-correlated_seed9.pcf: n=500 hpac_breakpoints=350 bppf_distinct=351 hpac=241627ns bppf_internal=1766000ns bppf_wall=2377289ns
gen_n500_rho0.6_correlated_seed0.pcf: n=500 hpac_breakpoints=339 bppf_distinct=340 hpac=258244ns bppf_internal=1707000ns bppf_wall=2294851ns
gen_n500_rho0.6_correlated_seed1.pcf: n=500 hpac_breakpoints=359 bppf_distinct=360 hpac=228410ns bppf_internal=1800000ns bppf_wall=2394827ns
gen_n500_rho0.6_correlated_seed2.pcf: n=500 hpac_breakpoints=349 bppf_distinct=350 hpac=316530ns bppf_internal=1754000ns bppf_wall=2388184ns
gen_n500_rho0.6_correlated_seed3.pcf: n=500 hpac_breakpoints=340 bppf_distinct=340 hpac=254349ns bppf_internal=1714000ns bppf_wall=2350314ns
gen_n500_rho0.6_correlated_seed4.pcf: n=500 hpac_breakpoints=350 bppf_distinct=351 hpac=287300ns bppf_internal=1752000ns bppf_wall=2366202ns
gen_n500_rho0.6_correlated_seed5.pcf: n=500 hpac_breakpoints=370 bppf_distinct=371 hpac=223080ns bppf_internal=1819000ns bppf_wall=2400845ns
gen_n500_rho0.6_correlated_seed6.pcf: n=500 hpac_breakpoints=356 bppf_distinct=357 hpac=240447ns bppf_internal=1780000ns bppf_wall=2371486ns
gen_n500_rho0.6_correlated_seed7.pcf: n=500 hpac_breakpoints=354 bppf_distinct=355 hpac=273332ns bppf_internal=1776000ns bppf_wall=2396214ns
gen_n500_rho0.6_correlated_seed8.pcf: n=500 hpac_breakpoints=332 bppf_distinct=333 hpac=237253ns bppf_internal=1692000ns bppf_wall=2300175ns
gen_n500_rho0.6_correlated_seed9.pcf: n=500 hpac_breakpoints=334 bppf_distinct=335 hpac=251887ns bppf_internal=1693000ns bppf_wall=2307729ns
gen_n500_rho0.6_exact-ties_seed0.pcf: n=500 hpac_breakpoints=109 bppf_distinct=110 hpac=250507ns bppf_internal=671000ns bppf_wall=1268969ns
gen_n500_rho0.6_exact-ties_seed1.pcf: n=500 hpac_breakpoints=92 bppf_distinct=93 hpac=229033ns bppf_internal=580000ns bppf_wall=1182153ns
gen_n500_rho0.6_exact-ties_seed2.pcf: n=500 hpac_breakpoints=99 bppf_distinct=100 hpac=289476ns bppf_internal=613000ns bppf_wall=1196510ns
gen_n500_rho0.6_exact-ties_seed3.pcf: n=500 hpac_breakpoints=103 bppf_distinct=104 hpac=229350ns bppf_internal=625000ns bppf_wall=1206409ns
gen_n500_rho0.6_exact-ties_seed4.pcf: n=500 hpac_breakpoints=100 bppf_distinct=101 hpac=221566ns bppf_internal=613000ns bppf_wall=1178464ns
gen_n500_rho0.6_exact-ties_seed5.pcf: n=500 hpac_breakpoints=83 bppf_distinct=84 hpac=251530ns bppf_internal=509000ns bppf_wall=1085606ns
gen_n500_rho0.6_exact-ties_seed6.pcf: n=500 hpac_breakpoints=99 bppf_distinct=100 hpac=243515ns bppf_internal=582000ns bppf_wall=1145206ns
gen_n500_rho0.6_exact-ties_seed7.pcf: n=500 hpac_breakpoints=106 bppf_distinct=107 hpac=251013ns bppf_internal=644000ns bppf_wall=1206801ns
gen_n500_rho0.6_exact-ties_seed8.pcf: n=500 hpac_breakpoints=105 bppf_distinct=106 hpac=208402ns bppf_internal=623000ns bppf_wall=1187748ns
gen_n500_rho0.6_exact-ties_seed9.pcf: n=500 hpac_breakpoints=100 bppf_distinct=101 hpac=251093ns bppf_internal=615000ns bppf_wall=1191908ns
gen_n500_rho0.6_independent-positive_seed0.pcf: n=500 hpac_breakpoints=348 bppf_distinct=349 hpac=245164ns bppf_internal=1749000ns bppf_wall=2361068ns
gen_n500_rho0.6_independent-positive_seed1.pcf: n=500 hpac_breakpoints=350 bppf_distinct=351 hpac=239877ns bppf_internal=1759000ns bppf_wall=2377600ns
gen_n500_rho0.6_independent-positive_seed2.pcf: n=500 hpac_breakpoints=339 bppf_distinct=340 hpac=290074ns bppf_internal=1708000ns bppf_wall=2313765ns
gen_n500_rho0.6_independent-positive_seed3.pcf: n=500 hpac_breakpoints=352 bppf_distinct=353 hpac=250617ns bppf_internal=1763000ns bppf_wall=2365310ns
gen_n500_rho0.6_independent-positive_seed4.pcf: n=500 hpac_breakpoints=348 bppf_distinct=349 hpac=279548ns bppf_internal=1763000ns bppf_wall=2354873ns
gen_n500_rho0.6_independent-positive_seed5.pcf: n=500 hpac_breakpoints=359 bppf_distinct=360 hpac=265961ns bppf_internal=1781000ns bppf_wall=2403758ns
gen_n500_rho0.6_independent-positive_seed6.pcf: n=500 hpac_breakpoints=339 bppf_distinct=340 hpac=241625ns bppf_internal=1733000ns bppf_wall=2338040ns
gen_n500_rho0.6_independent-positive_seed7.pcf: n=500 hpac_breakpoints=353 bppf_distinct=354 hpac=300589ns bppf_internal=1792000ns bppf_wall=2415115ns
gen_n500_rho0.6_independent-positive_seed8.pcf: n=500 hpac_breakpoints=356 bppf_distinct=357 hpac=283423ns bppf_internal=1780000ns bppf_wall=2410062ns
gen_n500_rho0.6_independent-positive_seed9.pcf: n=500 hpac_breakpoints=353 bppf_distinct=354 hpac=248294ns bppf_internal=1781000ns bppf_wall=2393692ns
gen_n500_rho0.6_independent-signed_seed0.pcf: n=500 hpac_breakpoints=356 bppf_distinct=357 hpac=243422ns bppf_internal=1785000ns bppf_wall=2389669ns
gen_n500_rho0.6_independent-signed_seed1.pcf: n=500 hpac_breakpoints=351 bppf_distinct=352 hpac=245205ns bppf_internal=1758000ns bppf_wall=2355107ns
gen_n500_rho0.6_independent-signed_seed2.pcf: n=500 hpac_breakpoints=351 bppf_distinct=352 hpac=285037ns bppf_internal=1790000ns bppf_wall=2442356ns
gen_n500_rho0.6_independent-signed_seed3.pcf: n=500 hpac_breakpoints=343 bppf_distinct=344 hpac=240512ns bppf_internal=1717000ns bppf_wall=2323038ns
gen_n500_rho0.6_independent-signed_seed4.pcf: n=500 hpac_breakpoints=344 bppf_distinct=345 hpac=273174ns bppf_internal=1741000ns bppf_wall=2359982ns
gen_n500_rho0.6_independent-signed_seed5.pcf: n=500 hpac_breakpoints=361 bppf_distinct=362 hpac=253498ns bppf_internal=1795000ns bppf_wall=2397280ns
gen_n500_rho0.6_independent-signed_seed6.pcf: n=500 hpac_breakpoints=349 bppf_distinct=350 hpac=230919ns bppf_internal=1765000ns bppf_wall=2360481ns
gen_n500_rho0.6_independent-signed_seed7.pcf: n=500 hpac_breakpoints=348 bppf_distinct=349 hpac=308365ns bppf_internal=1760000ns bppf_wall=2373799ns
gen_n500_rho0.6_independent-signed_seed8.pcf: n=500 hpac_breakpoints=351 bppf_distinct=352 hpac=276436ns bppf_internal=1765000ns bppf_wall=2358941ns
gen_n500_rho0.6_independent-signed_seed9.pcf: n=500 hpac_breakpoints=357 bppf_distinct=358 hpac=248284ns bppf_internal=1780000ns bppf_wall=2390806ns
gen_n500_rho0.6_near-ties_seed0.pcf: n=500 hpac_breakpoints=160 bppf_distinct=161 hpac=272882ns bppf_internal=900000ns bppf_wall=1462354ns
gen_n500_rho0.6_near-ties_seed1.pcf: n=500 hpac_breakpoints=163 bppf_distinct=164 hpac=223231ns bppf_internal=909000ns bppf_wall=1480951ns
gen_n500_rho0.6_near-ties_seed2.pcf: n=500 hpac_breakpoints=173 bppf_distinct=174 hpac=239808ns bppf_internal=956000ns bppf_wall=1521402ns
gen_n500_rho0.6_near-ties_seed3.pcf: n=500 hpac_breakpoints=170 bppf_distinct=171 hpac=274359ns bppf_internal=955000ns bppf_wall=1528528ns
gen_n500_rho0.6_near-ties_seed4.pcf: n=500 hpac_breakpoints=173 bppf_distinct=174 hpac=248986ns bppf_internal=958000ns bppf_wall=1534110ns
gen_n500_rho0.6_near-ties_seed5.pcf: n=500 hpac_breakpoints=161 bppf_distinct=162 hpac=225147ns bppf_internal=893000ns bppf_wall=1464446ns
gen_n500_rho0.6_near-ties_seed6.pcf: n=500 hpac_breakpoints=155 bppf_distinct=156 hpac=275514ns bppf_internal=874000ns bppf_wall=1441431ns
gen_n500_rho0.6_near-ties_seed7.pcf: n=500 hpac_breakpoints=169 bppf_distinct=170 hpac=286717ns bppf_internal=937000ns bppf_wall=1510403ns
gen_n500_rho0.6_near-ties_seed8.pcf: n=500 hpac_breakpoints=163 bppf_distinct=164 hpac=245594ns bppf_internal=913000ns bppf_wall=1480097ns
gen_n500_rho0.6_near-ties_seed9.pcf: n=500 hpac_breakpoints=176 bppf_distinct=177 hpac=265055ns bppf_internal=980000ns bppf_wall=1557965ns
gen_n500_rho0.9_anti-correlated_seed0.pcf: n=500 hpac_breakpoints=277 bppf_distinct=278 hpac=564035ns bppf_internal=1547000ns bppf_wall=2178339ns
gen_n500_rho0.9_anti-correlated_seed1.pcf: n=500 hpac_breakpoints=276 bppf_distinct=277 hpac=638437ns bppf_internal=1553000ns bppf_wall=2161699ns
gen_n500_rho0.9_anti-correlated_seed2.pcf: n=500 hpac_breakpoints=267 bppf_distinct=268 hpac=613956ns bppf_internal=1483000ns bppf_wall=2083502ns
gen_n500_rho0.9_anti-correlated_seed3.pcf: n=500 hpac_breakpoints=270 bppf_distinct=271 hpac=585155ns bppf_internal=1536000ns bppf_wall=2145337ns
gen_n500_rho0.9_anti-correlated_seed4.pcf: n=500 hpac_breakpoints=293 bppf_distinct=294 hpac=484707ns bppf_internal=1622000ns bppf_wall=2211683ns
gen_n500_rho0.9_anti-correlated_seed5.pcf: n=500 hpac_breakpoints=293 bppf_distinct=294 hpac=575917ns bppf_internal=1590000ns bppf_wall=2178153ns
gen_n500_rho0.9_anti-correlated_seed6.pcf: n=500 hpac_breakpoints=273 bppf_distinct=274 hpac=539204ns bppf_internal=1514000ns bppf_wall=2101315ns
gen_n500_rho0.9_anti-correlated_seed7.pcf: n=500 hpac_breakpoints=300 bppf_distinct=301 hpac=446858ns bppf_internal=1614000ns bppf_wall=2232101ns
gen_n500_rho0.9_anti-correlated_seed8.pcf: n=500 hpac_breakpoints=291 bppf_distinct=292 hpac=644795ns bppf_internal=1599000ns bppf_wall=2205340ns
gen_n500_rho0.9_anti-correlated_seed9.pcf: n=500 hpac_breakpoints=270 bppf_distinct=271 hpac=610894ns bppf_internal=1528000ns bppf_wall=2115676ns
gen_n500_rho0.9_correlated_seed0.pcf: n=500 hpac_breakpoints=279 bppf_distinct=280 hpac=573495ns bppf_internal=1534000ns bppf_wall=2145682ns
gen_n500_rho0.9_correlated_seed1.pcf: n=500 hpac_breakpoints=269 bppf_distinct=270 hpac=585610ns bppf_internal=1516000ns bppf_wall=2120619ns
gen_n500_rho0.9_correlated_seed2.pcf: n=500 hpac_breakpoints=254 bppf_distinct=255 hpac=606700ns bppf_internal=1441000ns bppf_wall=2054293ns
gen_n500_rho0.9_correlated_seed3.pcf: n=500 hpac_breakpoints=266 bppf_distinct=267 hpac=583508ns bppf_internal=1488000ns bppf_wall=2077618ns
gen_n500_rho0.9_correlated_seed4.pcf: n=500 hpac_breakpoints=283 bppf_distinct=284 hpac=494901ns bppf_internal=1552000ns bppf_wall=2151282ns
gen_n500_rho0.9_correlated_seed5.pcf: n=500 hpac_breakpoints=268 bppf_distinct=269 hpac=551168ns bppf_internal=1483000ns bppf_wall=2078261ns
gen_n500_rho0.9_correlated_seed6.pcf: n=500 hpac_breakpoints=270 bppf_distinct=271 hpac=535477ns bppf_internal=1493000ns bppf_wall=2105050ns
gen_n500_rho0.9_correlated_seed7.pcf: n=500 hpac_breakpoints=292 bppf_distinct=293 hpac=448502ns bppf_internal=1632000ns bppf_wall=2235690ns
gen_n500_rho0.9_correlated_seed8.pcf: n=500 hpac_breakpoints=265 bppf_distinct=266 hpac=667628ns bppf_internal=1483000ns bppf_wall=2069101ns
gen_n500_rho0.9_correlated_seed9.pcf: n=500 hpac_breakpoints=272 bppf_distinct=273 hpac=586630ns bppf_internal=1522000ns bppf_wall=2106046ns
gen_n500_rho0.9_exact-ties_seed0.pcf: n=500 hpac_breakpoints=106 bppf_distinct=107 hpac=541579ns bppf_internal=720000ns bppf_wall=1295393ns
gen_n500_rho0.9_exact-ties_seed1.pcf: n=500 hpac_breakpoints=102 bppf_distinct=103 hpac=474703ns bppf_internal=705000ns bppf_wall=1278681ns
gen_n500_rho0.9_exact-ties_seed2.pcf: n=500 hpac_breakpoints=96 bppf_distinct=97 hpac=710696ns bppf_internal=688000ns bppf_wall=1301466ns
gen_n500_rho0.9_exact-ties_seed3.pcf: n=500 hpac_breakpoints=111 bppf_distinct=112 hpac=505680ns bppf_internal=756000ns bppf_wall=1341741ns
gen_n500_rho0.9_exact-ties_seed4.pcf: n=500 hpac_breakpoints=114 bppf_distinct=115 hpac=457081ns bppf_internal=753000ns bppf_wall=1340727ns
gen_n500_rho0.9_exact-ties_seed5.pcf: n=500 hpac_breakpoints=100 bppf_distinct=101 hpac=552809ns bppf_internal=691000ns bppf_wall=1268521ns
gen_n500_rho0.9_exact-ties_seed6.pcf: n=500 hpac_breakpoints=111 bppf_distinct=112 hpac=636848ns bppf_internal=768000ns bppf_wall=1348486ns
gen_n500_rho0.9_exact-ties_seed7.pcf: n=500 hpac_breakpoints=106 bppf_distinct=107 hpac=487813ns bppf_internal=721000ns bppf_wall=1298335ns
gen_n500_rho0.9_exact-ties_seed8.pcf: n=500 hpac_breakpoints=105 bppf_distinct=106 hpac=542805ns bppf_internal=734000ns bppf_wall=1303839ns
gen_n500_rho0.9_exact-ties_seed9.pcf: n=500 hpac_breakpoints=117 bppf_distinct=118 hpac=467145ns bppf_internal=775000ns bppf_wall=1361021ns
gen_n500_rho0.9_independent-positive_seed0.pcf: n=500 hpac_breakpoints=277 bppf_distinct=278 hpac=591033ns bppf_internal=1546000ns bppf_wall=2139104ns
gen_n500_rho0.9_independent-positive_seed1.pcf: n=500 hpac_breakpoints=272 bppf_distinct=273 hpac=549098ns bppf_internal=1507000ns bppf_wall=2107881ns
gen_n500_rho0.9_independent-positive_seed2.pcf: n=500 hpac_breakpoints=274 bppf_distinct=275 hpac=583375ns bppf_internal=1522000ns bppf_wall=2121125ns
gen_n500_rho0.9_independent-positive_seed3.pcf: n=500 hpac_breakpoints=269 bppf_distinct=270 hpac=581680ns bppf_internal=1519000ns bppf_wall=2120772ns
gen_n500_rho0.9_independent-positive_seed4.pcf: n=500 hpac_breakpoints=274 bppf_distinct=275 hpac=613614ns bppf_internal=1534000ns bppf_wall=2144281ns
gen_n500_rho0.9_independent-positive_seed5.pcf: n=500 hpac_breakpoints=278 bppf_distinct=279 hpac=599378ns bppf_internal=1546000ns bppf_wall=2140396ns
gen_n500_rho0.9_independent-positive_seed6.pcf: n=500 hpac_breakpoints=273 bppf_distinct=274 hpac=486658ns bppf_internal=1523000ns bppf_wall=2116298ns
gen_n500_rho0.9_independent-positive_seed7.pcf: n=500 hpac_breakpoints=269 bppf_distinct=270 hpac=682568ns bppf_internal=1517000ns bppf_wall=2114471ns
gen_n500_rho0.9_independent-positive_seed8.pcf: n=500 hpac_breakpoints=276 bppf_distinct=277 hpac=547684ns bppf_internal=1535000ns bppf_wall=2147846ns
gen_n500_rho0.9_independent-positive_seed9.pcf: n=500 hpac_breakpoints=272 bppf_distinct=273 hpac=571648ns bppf_internal=1509000ns bppf_wall=2100387ns
gen_n500_rho0.9_independent-signed_seed0.pcf: n=500 hpac_breakpoints=274 bppf_distinct=275 hpac=633426ns bppf_internal=1559000ns bppf_wall=2189861ns
gen_n500_rho0.9_independent-signed_seed1.pcf: n=500 hpac_breakpoints=255 bppf_distinct=256 hpac=583023ns bppf_internal=1446000ns bppf_wall=2055762ns
gen_n500_rho0.9_independent-signed_seed2.pcf: n=500 hpac_breakpoints=273 bppf_distinct=274 hpac=608250ns bppf_internal=1529000ns bppf_wall=2128959ns
gen_n500_rho0.9_independent-signed_seed3.pcf: n=500 hpac_breakpoints=273 bppf_distinct=274 hpac=561712ns bppf_internal=1546000ns bppf_wall=2133438ns
gen_n500_rho0.9_independent-signed_seed4.pcf: n=500 hpac_breakpoints=266 bppf_distinct=267 hpac=617337ns bppf_internal=1506000ns bppf_wall=2107351ns
gen_n500_rho0.9_independent-signed_seed5.pcf: n=500 hpac_breakpoints=277 bppf_distinct=278 hpac=577329ns bppf_internal=1534000ns bppf_wall=2135764ns
gen_n500_rho0.9_independent-signed_seed6.pcf: n=500 hpac_breakpoints=267 bppf_distinct=268 hpac=508612ns bppf_internal=1508000ns bppf_wall=2133162ns
gen_n500_rho0.9_independent-signed_seed7.pcf: n=500 hpac_breakpoints=265 bppf_distinct=266 hpac=718483ns bppf_internal=1505000ns bppf_wall=2100003ns
gen_n500_rho0.9_independent-signed_seed8.pcf: n=500 hpac_breakpoints=262 bppf_distinct=263 hpac=630711ns bppf_internal=1483000ns bppf_wall=2082402ns
gen_n500_rho0.9_independent-signed_seed9.pcf: n=500 hpac_breakpoints=294 bppf_distinct=295 hpac=576284ns bppf_internal=1618000ns bppf_wall=2230360ns
gen_n500_rho0.9_near-ties_seed0.pcf: n=500 hpac_breakpoints=152 bppf_distinct=153 hpac=676923ns bppf_internal=928000ns bppf_wall=1502899ns
gen_n500_rho0.9_near-ties_seed1.pcf: n=500 hpac_breakpoints=154 bppf_distinct=155 hpac=712166ns bppf_internal=943000ns bppf_wall=1539699ns
gen_n500_rho0.9_near-ties_seed2.pcf: n=500 hpac_breakpoints=159 bppf_distinct=160 hpac=682556ns bppf_internal=955000ns bppf_wall=1547187ns
gen_n500_rho0.9_near-ties_seed3.pcf: n=500 hpac_breakpoints=160 bppf_distinct=161 hpac=478528ns bppf_internal=955000ns bppf_wall=1531051ns
gen_n500_rho0.9_near-ties_seed4.pcf: n=500 hpac_breakpoints=159 bppf_distinct=160 hpac=527242ns bppf_internal=955000ns bppf_wall=1545467ns
gen_n500_rho0.9_near-ties_seed5.pcf: n=500 hpac_breakpoints=160 bppf_distinct=161 hpac=507189ns bppf_internal=964000ns bppf_wall=1541084ns
gen_n500_rho0.9_near-ties_seed6.pcf: n=500 hpac_breakpoints=153 bppf_distinct=154 hpac=469889ns bppf_internal=919000ns bppf_wall=1546124ns
gen_n500_rho0.9_near-ties_seed7.pcf: n=500 hpac_breakpoints=156 bppf_distinct=157 hpac=562546ns bppf_internal=957000ns bppf_wall=1550061ns
gen_n500_rho0.9_near-ties_seed8.pcf: n=500 hpac_breakpoints=156 bppf_distinct=157 hpac=515852ns bppf_internal=943000ns bppf_wall=1520905ns
gen_n500_rho0.9_near-ties_seed9.pcf: n=500 hpac_breakpoints=153 bppf_distinct=154 hpac=529635ns bppf_internal=940000ns bppf_wall=1520045ns
gen_n500_rho1.0_anti-correlated_seed0.pcf: n=500 hpac_breakpoints=265 bppf_distinct=266 hpac=814898ns bppf_internal=1511000ns bppf_wall=2108775ns
gen_n500_rho1.0_anti-correlated_seed1.pcf: n=500 hpac_breakpoints=276 bppf_distinct=277 hpac=704948ns bppf_internal=1563000ns bppf_wall=2157125ns
gen_n500_rho1.0_anti-correlated_seed2.pcf: n=500 hpac_breakpoints=263 bppf_distinct=264 hpac=700548ns bppf_internal=1520000ns bppf_wall=2114195ns
gen_n500_rho1.0_anti-correlated_seed3.pcf: n=500 hpac_breakpoints=249 bppf_distinct=250 hpac=760565ns bppf_internal=1455000ns bppf_wall=2058407ns
gen_n500_rho1.0_anti-correlated_seed4.pcf: n=500 hpac_breakpoints=253 bppf_distinct=254 hpac=597789ns bppf_internal=1460000ns bppf_wall=2066148ns
gen_n500_rho1.0_anti-correlated_seed5.pcf: n=500 hpac_breakpoints=252 bppf_distinct=253 hpac=736433ns bppf_internal=1452000ns bppf_wall=2058841ns
gen_n500_rho1.0_anti-correlated_seed6.pcf: n=500 hpac_breakpoints=265 bppf_distinct=266 hpac=676399ns bppf_internal=1541000ns bppf_wall=2152740ns
gen_n500_rho1.0_anti-correlated_seed7.pcf: n=500 hpac_breakpoints=237 bppf_distinct=238 hpac=908009ns bppf_internal=1378000ns bppf_wall=1968931ns
gen_n500_rho1.0_anti-correlated_seed8.pcf: n=500 hpac_breakpoints=256 bppf_distinct=257 hpac=640674ns bppf_internal=1486000ns bppf_wall=2097889ns
gen_n500_rho1.0_anti-correlated_seed9.pcf: n=500 hpac_breakpoints=252 bppf_distinct=253 hpac=854029ns bppf_internal=1505000ns bppf_wall=2143999ns
gen_n500_rho1.0_correlated_seed0.pcf: n=500 hpac_breakpoints=241 bppf_distinct=242 hpac=854765ns bppf_internal=1386000ns bppf_wall=1982613ns
gen_n500_rho1.0_correlated_seed1.pcf: n=500 hpac_breakpoints=252 bppf_distinct=253 hpac=732679ns bppf_internal=1448000ns bppf_wall=2044615ns
gen_n500_rho1.0_correlated_seed2.pcf: n=500 hpac_breakpoints=257 bppf_distinct=258 hpac=730530ns bppf_internal=1542000ns bppf_wall=2170736ns
gen_n500_rho1.0_correlated_seed3.pcf: n=500 hpac_breakpoints=240 bppf_distinct=241 hpac=672716ns bppf_internal=1421000ns bppf_wall=2034837ns
gen_n500_rho1.0_correlated_seed4.pcf: n=500 hpac_breakpoints=237 bppf_distinct=238 hpac=602835ns bppf_internal=1411000ns bppf_wall=2006892ns
gen_n500_rho1.0_correlated_seed5.pcf: n=500 hpac_breakpoints=242 bppf_distinct=243 hpac=729866ns bppf_internal=1406000ns bppf_wall=1986468ns
gen_n500_rho1.0_correlated_seed6.pcf: n=500 hpac_breakpoints=244 bppf_distinct=245 hpac=711007ns bppf_internal=1421000ns bppf_wall=2014931ns
gen_n500_rho1.0_correlated_seed7.pcf: n=500 hpac_breakpoints=239 bppf_distinct=239 hpac=932184ns bppf_internal=1389000ns bppf_wall=1978181ns
gen_n500_rho1.0_correlated_seed8.pcf: n=500 hpac_breakpoints=249 bppf_distinct=250 hpac=643865ns bppf_internal=1447000ns bppf_wall=2075413ns
gen_n500_rho1.0_correlated_seed9.pcf: n=500 hpac_breakpoints=228 bppf_distinct=229 hpac=793493ns bppf_internal=1363000ns bppf_wall=1952855ns
gen_n500_rho1.0_exact-ties_seed0.pcf: n=500 hpac_breakpoints=109 bppf_distinct=110 hpac=654800ns bppf_internal=748000ns bppf_wall=1333457ns
gen_n500_rho1.0_exact-ties_seed1.pcf: n=500 hpac_breakpoints=104 bppf_distinct=105 hpac=622728ns bppf_internal=729000ns bppf_wall=1319862ns
gen_n500_rho1.0_exact-ties_seed2.pcf: n=500 hpac_breakpoints=99 bppf_distinct=100 hpac=705828ns bppf_internal=714000ns bppf_wall=1299661ns
gen_n500_rho1.0_exact-ties_seed3.pcf: n=500 hpac_breakpoints=94 bppf_distinct=95 hpac=807269ns bppf_internal=694000ns bppf_wall=1267053ns
gen_n500_rho1.0_exact-ties_seed4.pcf: n=500 hpac_breakpoints=95 bppf_distinct=96 hpac=772021ns bppf_internal=683000ns bppf_wall=1260507ns
gen_n500_rho1.0_exact-ties_seed5.pcf: n=500 hpac_breakpoints=102 bppf_distinct=103 hpac=774230ns bppf_internal=751000ns bppf_wall=1325277ns
gen_n500_rho1.0_exact-ties_seed6.pcf: n=500 hpac_breakpoints=101 bppf_distinct=102 hpac=598980ns bppf_internal=726000ns bppf_wall=1330666ns
gen_n500_rho1.0_exact-ties_seed7.pcf: n=500 hpac_breakpoints=106 bppf_distinct=107 hpac=595286ns bppf_internal=750000ns bppf_wall=1384310ns
gen_n500_rho1.0_exact-ties_seed8.pcf: n=500 hpac_breakpoints=106 bppf_distinct=107 hpac=580690ns bppf_internal=738000ns bppf_wall=1316249ns
gen_n500_rho1.0_exact-ties_seed9.pcf: n=500 hpac_breakpoints=105 bppf_distinct=106 hpac=904398ns bppf_internal=749000ns bppf_wall=1339335ns
gen_n500_rho1.0_independent-positive_seed0.pcf: n=500 hpac_breakpoints=245 bppf_distinct=246 hpac=754022ns bppf_internal=1451000ns bppf_wall=2047193ns
gen_n500_rho1.0_independent-positive_seed1.pcf: n=500 hpac_breakpoints=242 bppf_distinct=243 hpac=673427ns bppf_internal=1415000ns bppf_wall=2019559ns
gen_n500_rho1.0_independent-positive_seed2.pcf: n=500 hpac_breakpoints=253 bppf_distinct=254 hpac=978257ns bppf_internal=1465000ns bppf_wall=2057303ns
gen_n500_rho1.0_independent-positive_seed3.pcf: n=500 hpac_breakpoints=261 bppf_distinct=262 hpac=710508ns bppf_internal=1514000ns bppf_wall=2110929ns
gen_n500_rho1.0_independent-positive_seed4.pcf: n=500 hpac_breakpoints=260 bppf_distinct=261 hpac=806960ns bppf_internal=1495000ns bppf_wall=2086390ns
gen_n500_rho1.0_independent-positive_seed5.pcf: n=500 hpac_breakpoints=261 bppf_distinct=262 hpac=788210ns bppf_internal=1603000ns bppf_wall=2246007ns
gen_n500_rho1.0_independent-positive_seed6.pcf: n=500 hpac_breakpoints=240 bppf_distinct=241 hpac=745008ns bppf_internal=1412000ns bppf_wall=2003400ns
gen_n500_rho1.0_independent-positive_seed7.pcf: n=500 hpac_breakpoints=238 bppf_distinct=239 hpac=705843ns bppf_internal=1393000ns bppf_wall=2000770ns
gen_n500_rho1.0_independent-positive_seed8.pcf: n=500 hpac_breakpoints=269 bppf_distinct=270 hpac=827001ns bppf_internal=1543000ns bppf_wall=2142084ns
gen_n500_rho1.0_independent-positive_seed9.pcf: n=500 hpac_breakpoints=271 bppf_distinct=272 hpac=610380ns bppf_internal=1562000ns bppf_wall=2179077ns
gen_n500_rho1.0_independent-signed_seed0.pcf: n=500 hpac_breakpoints=247 bppf_distinct=248 hpac=777559ns bppf_internal=1453000ns bppf_wall=2055946ns
gen_n500_rho1.0_independent-signed_seed1.pcf: n=500 hpac_breakpoints=249 bppf_distinct=250 hpac=695840ns bppf_internal=1466000ns bppf_wall=2080217ns
gen_n500_rho1.0_independent-signed_seed2.pcf: n=500 hpac_breakpoints=253 bppf_distinct=254 hpac=759855ns bppf_internal=1541000ns bppf_wall=2184104ns
gen_n500_rho1.0_independent-signed_seed3.pcf: n=500 hpac_breakpoints=253 bppf_distinct=254 hpac=612892ns bppf_internal=1468000ns bppf_wall=2059046ns
gen_n500_rho1.0_independent-signed_seed4.pcf: n=500 hpac_breakpoints=263 bppf_distinct=264 hpac=785296ns bppf_internal=1517000ns bppf_wall=2108655ns
gen_n500_rho1.0_independent-signed_seed5.pcf: n=500 hpac_breakpoints=259 bppf_distinct=260 hpac=746248ns bppf_internal=1475000ns bppf_wall=2105219ns
gen_n500_rho1.0_independent-signed_seed6.pcf: n=500 hpac_breakpoints=267 bppf_distinct=268 hpac=657011ns bppf_internal=1517000ns bppf_wall=2136009ns
gen_n500_rho1.0_independent-signed_seed7.pcf: n=500 hpac_breakpoints=244 bppf_distinct=245 hpac=717542ns bppf_internal=1423000ns bppf_wall=2037272ns
gen_n500_rho1.0_independent-signed_seed8.pcf: n=500 hpac_breakpoints=255 bppf_distinct=256 hpac=804044ns bppf_internal=1465000ns bppf_wall=2074418ns
gen_n500_rho1.0_independent-signed_seed9.pcf: n=500 hpac_breakpoints=259 bppf_distinct=260 hpac=661012ns bppf_internal=1505000ns bppf_wall=2101256ns
gen_n500_rho1.0_near-ties_seed0.pcf: n=500 hpac_breakpoints=157 bppf_distinct=158 hpac=653853ns bppf_internal=958000ns bppf_wall=1538010ns
gen_n500_rho1.0_near-ties_seed1.pcf: n=500 hpac_breakpoints=158 bppf_distinct=159 hpac=735926ns bppf_internal=950000ns bppf_wall=1533542ns
gen_n500_rho1.0_near-ties_seed2.pcf: n=500 hpac_breakpoints=148 bppf_distinct=149 hpac=809871ns bppf_internal=937000ns bppf_wall=1521701ns
gen_n500_rho1.0_near-ties_seed3.pcf: n=500 hpac_breakpoints=154 bppf_distinct=155 hpac=676521ns bppf_internal=974000ns bppf_wall=1553524ns
gen_n500_rho1.0_near-ties_seed4.pcf: n=500 hpac_breakpoints=151 bppf_distinct=152 hpac=806301ns bppf_internal=953000ns bppf_wall=1536530ns
gen_n500_rho1.0_near-ties_seed5.pcf: n=500 hpac_breakpoints=146 bppf_distinct=147 hpac=742499ns bppf_internal=932000ns bppf_wall=1581668ns
gen_n500_rho1.0_near-ties_seed6.pcf: n=500 hpac_breakpoints=147 bppf_distinct=148 hpac=792125ns bppf_internal=928000ns bppf_wall=1517288ns
gen_n500_rho1.0_near-ties_seed7.pcf: n=500 hpac_breakpoints=140 bppf_distinct=141 hpac=662253ns bppf_internal=902000ns bppf_wall=1499929ns
gen_n500_rho1.0_near-ties_seed8.pcf: n=500 hpac_breakpoints=141 bppf_distinct=142 hpac=688330ns bppf_internal=913000ns bppf_wall=1497479ns
gen_n500_rho1.0_near-ties_seed9.pcf: n=500 hpac_breakpoints=146 bppf_distinct=147 hpac=678649ns bppf_internal=927000ns bppf_wall=1505390ns
gen_n600_rho0.3_anti-correlated_seed0.pcf: n=600 hpac_breakpoints=511 bppf_distinct=512 hpac=178686ns bppf_internal=2786000ns bppf_wall=3504907ns
gen_n600_rho0.3_anti-correlated_seed1.pcf: n=600 hpac_breakpoints=501 bppf_distinct=502 hpac=175678ns bppf_internal=2765000ns bppf_wall=3441993ns
gen_n600_rho0.3_anti-correlated_seed2.pcf: n=600 hpac_breakpoints=506 bppf_distinct=507 hpac=171087ns bppf_internal=2799000ns bppf_wall=3454627ns
gen_n600_rho0.3_anti-correlated_seed3.pcf: n=600 hpac_breakpoints=515 bppf_distinct=516 hpac=174046ns bppf_internal=2810000ns bppf_wall=3466763ns
gen_n600_rho0.3_anti-correlated_seed4.pcf: n=600 hpac_breakpoints=508 bppf_distinct=509 hpac=167784ns bppf_internal=2794000ns bppf_wall=3429065ns
gen_n600_rho0.3_anti-correlated_seed5.pcf: n=600 hpac_breakpoints=493 bppf_distinct=494 hpac=177045ns bppf_internal=2729000ns bppf_wall=3364275ns
gen_n600_rho0.3_anti-correlated_seed6.pcf: n=600 hpac_breakpoints=516 bppf_distinct=517 hpac=176240ns bppf_internal=2845000ns bppf_wall=3480249ns
gen_n600_rho0.3_anti-correlated_seed7.pcf: n=600 hpac_breakpoints=508 bppf_distinct=509 hpac=172330ns bppf_internal=2810000ns bppf_wall=3510763ns
gen_n600_rho0.3_anti-correlated_seed8.pcf: n=600 hpac_breakpoints=508 bppf_distinct=509 hpac=166426ns bppf_internal=2819000ns bppf_wall=3505354ns
gen_n600_rho0.3_anti-correlated_seed9.pcf: n=600 hpac_breakpoints=501 bppf_distinct=502 hpac=172982ns bppf_internal=2744000ns bppf_wall=3393447ns
gen_n600_rho0.3_correlated_seed0.pcf: n=600 hpac_breakpoints=521 bppf_distinct=522 hpac=176444ns bppf_internal=2824000ns bppf_wall=3486051ns
gen_n600_rho0.3_correlated_seed1.pcf: n=600 hpac_breakpoints=505 bppf_distinct=506 hpac=175688ns bppf_internal=2772000ns bppf_wall=3424407ns
gen_n600_rho0.3_correlated_seed2.pcf: n=600 hpac_breakpoints=494 bppf_distinct=495 hpac=162873ns bppf_internal=2732000ns bppf_wall=3399502ns
gen_n600_rho0.3_correlated_seed3.pcf: n=600 hpac_breakpoints=512 bppf_distinct=513 hpac=170692ns bppf_internal=2891000ns bppf_wall=3620688ns
gen_n600_rho0.3_correlated_seed4.pcf: n=600 hpac_breakpoints=516 bppf_distinct=517 hpac=169300ns bppf_internal=2811000ns bppf_wall=3507479ns
gen_n600_rho0.3_correlated_seed5.pcf: n=600 hpac_breakpoints=496 bppf_distinct=497 hpac=172273ns bppf_internal=2716000ns bppf_wall=3363181ns
gen_n600_rho0.3_correlated_seed6.pcf: n=600 hpac_breakpoints=493 bppf_distinct=494 hpac=170076ns bppf_internal=2697000ns bppf_wall=3391132ns
gen_n600_rho0.3_correlated_seed7.pcf: n=600 hpac_breakpoints=494 bppf_distinct=495 hpac=166754ns bppf_internal=2696000ns bppf_wall=3374578ns
gen_n600_rho0.3_correlated_seed8.pcf: n=600 hpac_breakpoints=492 bppf_distinct=493 hpac=165483ns bppf_internal=2702000ns bppf_wall=3349961ns
gen_n600_rho0.3_correlated_seed9.pcf: n=600 hpac_breakpoints=507 bppf_distinct=508 hpac=167530ns bppf_internal=2750000ns bppf_wall=3404503ns
gen_n600_rho0.3_exact-ties_seed0.pcf: n=600 hpac_breakpoints=98 bppf_distinct=99 hpac=140667ns bppf_internal=614000ns bppf_wall=1191647ns
gen_n600_rho0.3_exact-ties_seed1.pcf: n=600 hpac_breakpoints=97 bppf_distinct=98 hpac=146120ns bppf_internal=616000ns bppf_wall=1197281ns
gen_n600_rho0.3_exact-ties_seed2.pcf: n=600 hpac_breakpoints=92 bppf_distinct=93 hpac=152389ns bppf_internal=591000ns bppf_wall=1184732ns
gen_n600_rho0.3_exact-ties_seed3.pcf: n=600 hpac_breakpoints=80 bppf_distinct=81 hpac=140262ns bppf_internal=503000ns bppf_wall=1084509ns
gen_n600_rho0.3_exact-ties_seed4.pcf: n=600 hpac_breakpoints=87 bppf_distinct=88 hpac=142620ns bppf_internal=557000ns bppf_wall=1142914ns
gen_n600_rho0.3_exact-ties_seed5.pcf: n=600 hpac_breakpoints=101 bppf_distinct=102 hpac=155479ns bppf_internal=646000ns bppf_wall=1229468ns
gen_n600_rho0.3_exact-ties_seed6.pcf: n=600 hpac_breakpoints=101 bppf_distinct=102 hpac=140630ns bppf_internal=623000ns bppf_wall=1213758ns
gen_n600_rho0.3_exact-ties_seed7.pcf: n=600 hpac_breakpoints=82 bppf_distinct=83 hpac=140768ns bppf_internal=506000ns bppf_wall=1087631ns
gen_n600_rho0.3_exact-ties_seed8.pcf: n=600 hpac_breakpoints=86 bppf_distinct=87 hpac=145758ns bppf_internal=525000ns bppf_wall=1115844ns
gen_n600_rho0.3_exact-ties_seed9.pcf: n=600 hpac_breakpoints=99 bppf_distinct=100 hpac=148329ns bppf_internal=636000ns bppf_wall=1225304ns
gen_n600_rho0.3_independent-positive_seed0.pcf: n=600 hpac_breakpoints=495 bppf_distinct=496 hpac=189484ns bppf_internal=2754000ns bppf_wall=3399636ns
gen_n600_rho0.3_independent-positive_seed1.pcf: n=600 hpac_breakpoints=503 bppf_distinct=504 hpac=175279ns bppf_internal=2765000ns bppf_wall=3426674ns
gen_n600_rho0.3_independent-positive_seed2.pcf: n=600 hpac_breakpoints=519 bppf_distinct=520 hpac=169354ns bppf_internal=2822000ns bppf_wall=3500318ns
gen_n600_rho0.3_independent-positive_seed3.pcf: n=600 hpac_breakpoints=508 bppf_distinct=509 hpac=173567ns bppf_internal=2772000ns bppf_wall=3442508ns
gen_n600_rho0.3_independent-positive_seed4.pcf: n=600 hpac_breakpoints=509 bppf_distinct=510 hpac=158185ns bppf_internal=2779000ns bppf_wall=3426875ns
gen_n600_rho0.3_independent-positive_seed5.pcf: n=600 hpac_breakpoints=509 bppf_distinct=510 hpac=162820ns bppf_internal=2795000ns bppf_wall=3456719ns
gen_n600_rho0.3_independent-positive_seed6.pcf: n=600 hpac_breakpoints=503 bppf_distinct=504 hpac=169986ns bppf_internal=2768000ns bppf_wall=3465113ns
gen_n600_rho0.3_independent-positive_seed7.pcf: n=600 hpac_breakpoints=520 bppf_distinct=521 hpac=163607ns bppf_internal=2834000ns bppf_wall=3504071ns
gen_n600_rho0.3_independent-positive_seed8.pcf: n=600 hpac_breakpoints=506 bppf_distinct=507 hpac=177987ns bppf_internal=2786000ns bppf_wall=3459901ns
gen_n600_rho0.3_independent-positive_seed9.pcf: n=600 hpac_breakpoints=506 bppf_distinct=507 hpac=190984ns bppf_internal=2770000ns bppf_wall=3438811ns
gen_n600_rho0.3_independent-signed_seed0.pcf: n=600 hpac_breakpoints=505 bppf_distinct=506 hpac=183745ns bppf_internal=2806000ns bppf_wall=3525392ns
gen_n600_rho0.3_independent-signed_seed1.pcf: n=600 hpac_breakpoints=498 bppf_distinct=499 hpac=178710ns bppf_internal=2767000ns bppf_wall=3494454ns
gen_n600_rho0.3_independent-signed_seed2.pcf: n=600 hpac_breakpoints=504 bppf_distinct=505 hpac=168247ns bppf_internal=2764000ns bppf_wall=3426791ns
gen_n600_rho0.3_independent-signed_seed3.pcf: n=600 hpac_breakpoints=510 bppf_distinct=511 hpac=169089ns bppf_internal=2785000ns bppf_wall=3451498ns
gen_n600_rho0.3_independent-signed_seed4.pcf: n=600 hpac_breakpoints=512 bppf_distinct=513 hpac=155725ns bppf_internal=2795000ns bppf_wall=3453420ns
gen_n600_rho0.3_independent-signed_seed5.pcf: n=600 hpac_breakpoints=504 bppf_distinct=505 hpac=163063ns bppf_internal=2776000ns bppf_wall=3415679ns
gen_n600_rho0.3_independent-signed_seed6.pcf: n=600 hpac_breakpoints=517 bppf_distinct=518 hpac=169757ns bppf_internal=2826000ns bppf_wall=3486734ns
gen_n600_rho0.3_independent-signed_seed7.pcf: n=600 hpac_breakpoints=518 bppf_distinct=519 hpac=163529ns bppf_internal=2832000ns bppf_wall=3486675ns
gen_n600_rho0.3_independent-signed_seed8.pcf: n=600 hpac_breakpoints=508 bppf_distinct=509 hpac=176843ns bppf_internal=2788000ns bppf_wall=3426583ns
gen_n600_rho0.3_independent-signed_seed9.pcf: n=600 hpac_breakpoints=515 bppf_distinct=516 hpac=169805ns bppf_internal=2828000ns bppf_wall=3515105ns
gen_n600_rho0.3_near-ties_seed0.pcf: n=600 hpac_breakpoints=172 bppf_distinct=173 hpac=159079ns bppf_internal=1092000ns bppf_wall=1693889ns
gen_n600_rho0.3_near-ties_seed1.pcf: n=600 hpac_breakpoints=165 bppf_distinct=166 hpac=161963ns bppf_internal=1044000ns bppf_wall=1648162ns
gen_n600_rho0.3_near-ties_seed2.pcf: n=600 hpac_breakpoints=163 bppf_distinct=164 hpac=178679ns bppf_internal=1046000ns bppf_wall=1668804ns
gen_n600_rho0.3_near-ties_seed3.pcf: n=600 hpac_breakpoints=169 bppf_distinct=170 hpac=157092ns bppf_internal=1106000ns bppf_wall=1716427ns
gen_n600_rho0.3_near-ties_seed4.pcf: n=600 hpac_breakpoints=169 bppf_distinct=170 hpac=160056ns bppf_internal=1075000ns bppf_wall=1662452ns
gen_n600_rho0.3_near-ties_seed5.pcf: n=600 hpac_breakpoints=166 bppf_distinct=167 hpac=165933ns bppf_internal=1057000ns bppf_wall=1670668ns
gen_n600_rho0.3_near-ties_seed6.pcf: n=600 hpac_breakpoints=171 bppf_distinct=172 hpac=159864ns bppf_internal=1075000ns bppf_wall=1674719ns
gen_n600_rho0.3_near-ties_seed7.pcf: n=600 hpac_breakpoints=168 bppf_distinct=169 hpac=157716ns bppf_internal=1067000ns bppf_wall=1663684ns
gen_n600_rho0.3_near-ties_seed8.pcf: n=600 hpac_breakpoints=176 bppf_distinct=177 hpac=172465ns bppf_internal=1116000ns bppf_wall=1709141ns
gen_n600_rho0.3_near-ties_seed9.pcf: n=600 hpac_breakpoints=166 bppf_distinct=167 hpac=175537ns bppf_internal=1068000ns bppf_wall=1652883ns
gen_n600_rho0.6_anti-correlated_seed0.pcf: n=600 hpac_breakpoints=434 bppf_distinct=435 hpac=303240ns bppf_internal=2519000ns bppf_wall=3182045ns
gen_n600_rho0.6_anti-correlated_seed1.pcf: n=600 hpac_breakpoints=442 bppf_distinct=443 hpac=287864ns bppf_internal=2576000ns bppf_wall=3252438ns
gen_n600_rho0.6_anti-correlated_seed2.pcf: n=600 hpac_breakpoints=408 bppf_distinct=409 hpac=319274ns bppf_internal=2422000ns bppf_wall=3110067ns
gen_n600_rho0.6_anti-correlated_seed3.pcf: n=600 hpac_breakpoints=425 bppf_distinct=426 hpac=286244ns bppf_internal=2466000ns bppf_wall=3123813ns
gen_n600_rho0.6_anti-correlated_seed4.pcf: n=600 hpac_breakpoints=419 bppf_distinct=420 hpac=340067ns bppf_internal=2473000ns bppf_wall=3116859ns
gen_n600_rho0.6_anti-correlated_seed5.pcf: n=600 hpac_breakpoints=426 bppf_distinct=427 hpac=389543ns bppf_internal=2538000ns bppf_wall=3204841ns
gen_n600_rho0.6_anti-correlated_seed6.pcf: n=600 hpac_breakpoints=426 bppf_distinct=427 hpac=323316ns bppf_internal=2536000ns bppf_wall=3210825ns
gen_n600_rho0.6_anti-correlated_seed7.pcf: n=600 hpac_breakpoints=396 bppf_distinct=397 hpac=386046ns bppf_internal=2368000ns bppf_wall=3024713ns
gen_n600_rho0.6_anti-correlated_seed8.pcf: n=600 hpac_breakpoints=423 bppf_distinct=424 hpac=313212ns bppf_internal=2486000ns bppf_wall=3167777ns
gen_n600_rho0.6_anti-correlated_seed9.pcf: n=600 hpac_breakpoints=444 bppf_distinct=445 hpac=264875ns bppf_internal=2556000ns bppf_wall=3228089ns
gen_n600_rho0.6_correlated_seed0.pcf: n=600 hpac_breakpoints=421 bppf_distinct=422 hpac=305202ns bppf_internal=2446000ns bppf_wall=3110134ns
gen_n600_rho0.6_correlated_seed1.pcf: n=600 hpac_breakpoints=427 bppf_distinct=428 hpac=282671ns bppf_internal=2491000ns bppf_wall=3148353ns
gen_n600_rho0.6_correlated_seed2.pcf: n=600 hpac_breakpoints=417 bppf_distinct=418 hpac=304350ns bppf_internal=2459000ns bppf_wall=3133031ns
gen_n600_rho0.6_correlated_seed3.pcf: n=600 hpac_breakpoints=429 bppf_distinct=430 hpac=287623ns bppf_internal=2496000ns bppf_wall=3145528ns
gen_n600_rho0.6_correlated_seed4.pcf: n=600 hpac_breakpoints=415 bppf_distinct=416 hpac=325384ns bppf_internal=2430000ns bppf_wall=3068056ns
gen_n600_rho0.6_correlated_seed5.pcf: n=600 hpac_breakpoints=418 bppf_distinct=419 hpac=313843ns bppf_internal=2433000ns bppf_wall=3105896ns
gen_n600_rho0.6_correlated_seed6.pcf: n=600 hpac_breakpoints=420 bppf_distinct=421 hpac=337677ns bppf_internal=2499000ns bppf_wall=3186831ns
gen_n600_rho0.6_correlated_seed7.pcf: n=600 hpac_breakpoints=409 bppf_distinct=410 hpac=407539ns bppf_internal=2444000ns bppf_wall=3119223ns
gen_n600_rho0.6_correlated_seed8.pcf: n=600 hpac_breakpoints=409 bppf_distinct=410 hpac=321744ns bppf_internal=2419000ns bppf_wall=3118834ns
gen_n600_rho0.6_correlated_seed9.pcf: n=600 hpac_breakpoints=432 bppf_distinct=433 hpac=261494ns bppf_internal=2495000ns bppf_wall=3176020ns
gen_n600_rho0.6_exact-ties_seed0.pcf: n=600 hpac_breakpoints=116 bppf_distinct=117 hpac=319756ns bppf_internal=808000ns bppf_wall=1411870ns
gen_n600_rho0.6_exact-ties_seed1.pcf: n=600 hpac_breakpoints=124 bppf_distinct=125 hpac=278239ns bppf_internal=871000ns bppf_wall=1471138ns
gen_n600_rho0.6_exact-ties_seed2.pcf: n=600 hpac_breakpoints=117 bppf_distinct=118 hpac=281171ns bppf_internal=805000ns bppf_wall=1413897ns
gen_n600_rho0.6_exact-ties_seed3.pcf: n=600 hpac_breakpoints=128 bppf_distinct=129 hpac=304097ns bppf_internal=895000ns bppf_wall=1503265ns
gen_n600_rho0.6_exact-ties_seed4.pcf: n=600 hpac_breakpoints=115 bppf_distinct=116 hpac=331039ns bppf_internal=814000ns bppf_wall=1421555ns
gen_n600_rho0.6_exact-ties_seed5.pcf: n=600 hpac_breakpoints=113 bppf_distinct=114 hpac=313516ns bppf_internal=813000ns bppf_wall=1422637ns
gen_n600_rho0.6_exact-ties_seed6.pcf: n=600 hpac_breakpoints=126 bppf_distinct=127 hpac=309179ns bppf_internal=895000ns bppf_wall=1494846ns
gen_n600_rho0.6_exact-ties_seed7.pcf: n=600 hpac_breakpoints=117 bppf_distinct=118 hpac=334998ns bppf_internal=837000ns bppf_wall=1439466ns
gen_n600_rho0.6_exact-ties_seed8.pcf: n=600 hpac_breakpoints=121 bppf_distinct=122 hpac=307912ns bppf_internal=843000ns bppf_wall=1452029ns
gen_n600_rho0.6_exact-ties_seed9.pcf: n=600 hpac_breakpoints=126 bppf_distinct=127 hpac=304089ns bppf_internal=883000ns bppf_wall=1530344ns
gen_n600_rho0.6_independent-positive_seed0.pcf: n=600 hpac_breakpoints=413 bppf_distinct=414 hpac=331198ns bppf_internal=2464000ns bppf_wall=3194193ns
gen_n600_rho0.6_independent-positive_seed1.pcf: n=600 hpac_breakpoints=413 bppf_distinct=414 hpac=327623ns bppf_internal=2455000ns bppf_wall=3162411ns
gen_n600_rho0.6_independent-positive_seed2.pcf: n=600 hpac_breakpoints=420 bppf_distinct=421 hpac=306528ns bppf_internal=2481000ns bppf_wall=3168302ns
gen_n600_rho0.6_independent-positive_seed3.pcf: n=600 hpac_breakpoints=428 bppf_distinct=429 hpac=315315ns bppf_internal=2517000ns bppf_wall=3176953ns
gen_n600_rho0.6_independent-positive_seed4.pcf: n=600 hpac_breakpoints=419 bppf_distinct=420 hpac=353046ns bppf_internal=2466000ns bppf_wall=3141763ns
gen_n600_rho0.6_independent-positive_seed5.pcf: n=600 hpac_breakpoints=427 bppf_distinct=428 hpac=355083ns bppf_internal=2495000ns bppf_wall=3136588ns
gen_n600_rho0.6_independent-positive_seed6.pcf: n=600 hpac_breakpoints=424 bppf_distinct=425 hpac=313067ns bppf_internal=2487000ns bppf_wall=3141490ns
gen_n600_rho0.6_independent-positive_seed7.pcf: n=600 hpac_breakpoints=427 bppf_distinct=428 hpac=336364ns bppf_internal=2520000ns bppf_wall=3207227ns
gen_n600_rho0.6_independent-positive_seed8.pcf: n=600 hpac_breakpoints=412 bppf_distinct=413 hpac=309783ns bppf_internal=2430000ns bppf_wall=3101156ns
gen_n600_rho0.6_independent-positive_seed9.pcf: n=600 hpac_breakpoints=426 bppf_distinct=427 hpac=291728ns bppf_internal=2492000ns bppf_wall=3155740ns
gen_n600_rho0.6_independent-signed_seed0.pcf: n=600 hpac_breakpoints=404 bppf_distinct=405 hpac=332432ns bppf_internal=2400000ns bppf_wall=3064578ns
gen_n600_rho0.6_independent-signed_seed1.pcf: n=600 hpac_breakpoints=404 bppf_distinct=405 hpac=327602ns bppf_internal=2400000ns bppf_wall=3041308ns
gen_n600_rho0.6_independent-signed_seed2.pcf: n=600 hpac_breakpoints=428 bppf_distinct=429 hpac=316125ns bppf_internal=2522000ns bppf_wall=3183638ns
gen_n600_rho0.6_independent-signed_seed3.pcf: n=600 hpac_breakpoints=414 bppf_distinct=415 hpac=312649ns bppf_internal=2440000ns bppf_wall=3089660ns
gen_n600_rho0.6_independent-signed_seed4.pcf: n=600 hpac_breakpoints=404 bppf_distinct=405 hpac=331381ns bppf_internal=2417000ns bppf_wall=3111110ns
gen_n600_rho0.6_independent-signed_seed5.pcf: n=600 hpac_breakpoints=420 bppf_distinct=421 hpac=346893ns bppf_internal=2477000ns bppf_wall=3143331ns
gen_n600_rho0.6_independent-signed_seed6.pcf: n=600 hpac_breakpoints=439 bppf_distinct=440 hpac=303916ns bppf_internal=2571000ns bppf_wall=3302287ns
gen_n600_rho0.6_independent-signed_seed7.pcf: n=600 hpac_breakpoints=419 bppf_distinct=420 hpac=345580ns bppf_internal=2491000ns bppf_wall=3203137ns
gen_n600_rho0.6_independent-signed_seed8.pcf: n=600 hpac_breakpoints=421 bppf_distinct=422 hpac=310603ns bppf_internal=2482000ns bppf_wall=3134815ns
gen_n600_rho0.6_independent-signed_seed9.pcf: n=600 hpac_breakpoints=435 bppf_distinct=436 hpac=278627ns bppf_internal=2539000ns bppf_wall=3194924ns
gen_n600_rho0.6_near-ties_seed0.pcf: n=600 hpac_breakpoints=176 bppf_distinct=177 hpac=321438ns bppf_internal=1196000ns bppf_wall=1827945ns
gen_n600_rho0.6_near-ties_seed1.pcf: n=600 hpac_breakpoints=185 bppf_distinct=186 hpac=328331ns bppf_internal=1222000ns bppf_wall=1835038ns
gen_n600_rho0.6_near-ties_seed2.pcf: n=600 hpac_breakpoints=182 bppf_distinct=183 hpac=282292ns bppf_internal=1225000ns bppf_wall=1825267ns
gen_n600_rho0.6_near-ties_seed3.pcf: n=600 hpac_breakpoints=177 bppf_distinct=178 hpac=277952ns bppf_internal=1165000ns bppf_wall=1762725ns
gen_n600_rho0.6_near-ties_seed4.pcf: n=600 hpac_breakpoints=188 bppf_distinct=189 hpac=302344ns bppf_internal=1226000ns bppf_wall=1830029ns
gen_n600_rho0.6_near-ties_seed5.pcf: n=600 hpac_breakpoints=181 bppf_distinct=182 hpac=334247ns bppf_internal=1189000ns bppf_wall=1805411ns
gen_n600_rho0.6_near-ties_seed6.pcf: n=600 hpac_breakpoints=177 bppf_distinct=178 hpac=290549ns bppf_internal=1165000ns bppf_wall=1768821ns
gen_n600_rho0.6_near-ties_seed7.pcf: n=600 hpac_breakpoints=183 bppf_distinct=184 hpac=306773ns bppf_internal=1205000ns bppf_wall=1806417ns
gen_n600_rho0.6_near-ties_seed8.pcf: n=600 hpac_breakpoints=171 bppf_distinct=172 hpac=332899ns bppf_internal=1149000ns bppf_wall=1757929ns
gen_n600_rho0.6_near-ties_seed9.pcf: n=600 hpac_breakpoints=180 bppf_distinct=181 hpac=283944ns bppf_internal=1183000ns bppf_wall=1783585ns
gen_n600_rho0.9_anti-correlated_seed0.pcf: n=600 hpac_breakpoints=320 bppf_distinct=321 hpac=669409ns bppf_internal=2082000ns bppf_wall=2711777ns
gen_n600_rho0.9_anti-correlated_seed1.pcf: n=600 hpac_breakpoints=321 bppf_distinct=322 hpac=769663ns bppf_internal=2115000ns bppf_wall=2800977ns
gen_n600_rho0.9_anti-correlated_seed2.pcf: n=600 hpac_breakpoints=328 bppf_distinct=329 hpac=949889ns bppf_internal=2222000ns bppf_wall=2899912ns
gen_n600_rho0.9_anti-correlated_seed3.pcf: n=600 hpac_breakpoints=322 bppf_distinct=323 hpac=694845ns bppf_internal=2082000ns bppf_wall=2724470ns
gen_n600_rho0.9_anti-correlated_seed4.pcf: n=600 hpac_breakpoints=335 bppf_distinct=336 hpac=631907ns bppf_internal=2160000ns bppf_wall=2832460ns
gen_n600_rho0.9_anti-correlated_seed5.pcf: n=600 hpac_breakpoints=325 bppf_distinct=326 hpac=665320ns bppf_internal=2123000ns bppf_wall=2774087ns
gen_n600_rho0.9_anti-correlated_seed6.pcf: n=600 hpac_breakpoints=342 bppf_distinct=343 hpac=790774ns bppf_internal=2187000ns bppf_wall=2839078ns
gen_n600_rho0.9_anti-correlated_seed7.pcf: n=600 hpac_breakpoints=321 bppf_distinct=322 hpac=652860ns bppf_internal=2056000ns bppf_wall=2697103ns
gen_n600_rho0.9_anti-correlated_seed8.pcf: n=600 hpac_breakpoints=314 bppf_distinct=315 hpac=615018ns bppf_internal=2050000ns bppf_wall=2700964ns
gen_n600_rho0.9_anti-correlated_seed9.pcf: n=600 hpac_breakpoints=334 bppf_distinct=335 hpac=753260ns bppf_internal=2164000ns bppf_wall=2814305ns
gen_n600_rho0.9_correlated_seed0.pcf: n=600 hpac_breakpoints=314 bppf_distinct=315 hpac=725282ns bppf_internal=2050000ns bppf_wall=2692810ns
gen_n600_rho0.9_correlated_seed1.pcf: n=600 hpac_breakpoints=314 bppf_distinct=315 hpac=728692ns bppf_internal=2079000ns bppf_wall=2735043ns
gen_n600_rho0.9_correlated_seed2.pcf: n=600 hpac_breakpoints=331 bppf_distinct=332 hpac=874074ns bppf_internal=2150000ns bppf_wall=2786728ns
gen_n600_rho0.9_correlated_seed3.pcf: n=600 hpac_breakpoints=318 bppf_distinct=319 hpac=631130ns bppf_internal=2065000ns bppf_wall=2721832ns
gen_n600_rho0.9_correlated_seed4.pcf: n=600 hpac_breakpoints=335 bppf_distinct=336 hpac=619176ns bppf_internal=2147000ns bppf_wall=2810118ns
gen_n600_rho0.9_correlated_seed5.pcf: n=600 hpac_breakpoints=343 bppf_distinct=344 hpac=690824ns bppf_internal=2190000ns bppf_wall=2833989ns
gen_n600_rho0.9_correlated_seed6.pcf: n=600 hpac_breakpoints=335 bppf_distinct=335 hpac=697384ns bppf_internal=2180000ns bppf_wall=2853927ns
gen_n600_rho0.9_correlated_seed7.pcf: n=600 hpac_breakpoints=334 bppf_distinct=334 hpac=599177ns bppf_internal=2138000ns bppf_wall=2789865ns
gen_n600_rho0.9_correlated_seed8.pcf: n=600 hpac_breakpoints=316 bppf_distinct=317 hpac=616087ns bppf_internal=2058000ns bppf_wall=2688813ns
gen_n600_rho0.9_correlated_seed9.pcf: n=600 hpac_breakpoints=331 bppf_distinct=332 hpac=780116ns bppf_internal=2143000ns bppf_wall=2812735ns
gen_n600_rho0.9_exact-ties_seed0.pcf: n=600 hpac_breakpoints=130 bppf_distinct=131 hpac=712994ns bppf_internal=1036000ns bppf_wall=1652284ns
gen_n600_rho0.9_exact-ties_seed1.pcf: n=600 hpac_breakpoints=130 bppf_distinct=131 hpac=717463ns bppf_internal=1013000ns bppf_wall=1624144ns
gen_n600_rho0.9_exact-ties_seed2.pcf: n=600 hpac_breakpoints=134 bppf_distinct=135 hpac=662111ns bppf_internal=1053000ns bppf_wall=1662538ns
gen_n600_rho0.9_exact-ties_seed3.pcf: n=600 hpac_breakpoints=109 bppf_distinct=110 hpac=644694ns bppf_internal=864000ns bppf_wall=1474715ns
gen_n600_rho0.9_exact-ties_seed4.pcf: n=600 hpac_breakpoints=130 bppf_distinct=131 hpac=611280ns bppf_internal=1018999ns bppf_wall=1633323ns
gen_n600_rho0.9_exact-ties_seed5.pcf: n=600 hpac_breakpoints=134 bppf_distinct=135 hpac=671853ns bppf_internal=1074000ns bppf_wall=1753319ns
gen_n600_rho0.9_exact-ties_seed6.pcf: n=600 hpac_breakpoints=123 bppf_distinct=124 hpac=595212ns bppf_internal=987000ns bppf_wall=1630080ns
gen_n600_rho0.9_exact-ties_seed7.pcf: n=600 hpac_breakpoints=136 bppf_distinct=137 hpac=777457ns bppf_internal=1044000ns bppf_wall=1661178ns
gen_n600_rho0.9_exact-ties_seed8.pcf: n=600 hpac_breakpoints=126 bppf_distinct=127 hpac=705426ns bppf_internal=998000ns bppf_wall=1613630ns
gen_n600_rho0.9_exact-ties_seed9.pcf: n=600 hpac_breakpoints=131 bppf_distinct=132 hpac=624430ns bppf_internal=1029000ns bppf_wall=1658353ns
gen_n600_rho0.9_independent-positive_seed0.pcf: n=600 hpac_breakpoints=315 bppf_distinct=316 hpac=546502ns bppf_internal=2082000ns bppf_wall=2723835ns
gen_n600_rho0.9_independent-positive_seed1.pcf: n=600 hpac_breakpoints=336 bppf_distinct=337 hpac=678946ns bppf_internal=2184000ns bppf_wall=2834299ns
gen_n600_rho0.9_independent-positive_seed2.pcf: n=600 hpac_breakpoints=321 bppf_distinct=322 hpac=713637ns bppf_internal=2098000ns bppf_wall=2761574ns
gen_n600_rho0.9_independent-positive_seed3.pcf: n=600 hpac_breakpoints=344 bppf_distinct=345 hpac=661967ns bppf_internal=2205000ns bppf_wall=2836903ns
gen_n600_rho0.9_independent-positive_seed4.pcf: n=600 hpac_breakpoints=353 bppf_distinct=354 hpac=555751ns bppf_internal=2227000ns bppf_wall=2890563ns
gen_n600_rho0.9_independent-positive_seed5.pcf: n=600 hpac_breakpoints=323 bppf_distinct=324 hpac=771273ns bppf_internal=2107000ns bppf_wall=2755565ns
gen_n600_rho0.9_independent-positive_seed6.pcf: n=600 hpac_breakpoints=346 bppf_distinct=347 hpac=589196ns bppf_internal=2210000ns bppf_wall=2845641ns
gen_n600_rho0.9_independent-positive_seed7.pcf: n=600 hpac_breakpoints=361 bppf_distinct=362 hpac=524242ns bppf_internal=2266000ns bppf_wall=2914470ns
gen_n600_rho0.9_independent-positive_seed8.pcf: n=600 hpac_breakpoints=321 bppf_distinct=322 hpac=742087ns bppf_internal=2108000ns bppf_wall=2755251ns
gen_n600_rho0.9_independent-positive_seed9.pcf: n=600 hpac_breakpoints=320 bppf_distinct=321 hpac=652124ns bppf_internal=2111000ns bppf_wall=2794488ns
gen_n600_rho0.9_independent-signed_seed0.pcf: n=600 hpac_breakpoints=313 bppf_distinct=314 hpac=657561ns bppf_internal=2045000ns bppf_wall=2718295ns
gen_n600_rho0.9_independent-signed_seed1.pcf: n=600 hpac_breakpoints=332 bppf_distinct=333 hpac=671357ns bppf_internal=2167000ns bppf_wall=2831046ns
gen_n600_rho0.9_independent-signed_seed2.pcf: n=600 hpac_breakpoints=321 bppf_distinct=322 hpac=748573ns bppf_internal=2137000ns bppf_wall=2787774ns
gen_n600_rho0.9_independent-signed_seed3.pcf: n=600 hpac_breakpoints=359 bppf_distinct=360 hpac=648862ns bppf_internal=2265000ns bppf_wall=2932444ns
gen_n600_rho0.9_independent-signed_seed4.pcf: n=600 hpac_breakpoints=352 bppf_distinct=353 hpac=574049ns bppf_internal=2233000ns bppf_wall=2917095ns
gen_n600_rho0.9_independent-signed_seed5.pcf: n=600 hpac_breakpoints=327 bppf_distinct=328 hpac=812985ns bppf_internal=2129000ns bppf_wall=2790343ns
gen_n600_rho0.9_independent-signed_seed6.pcf: n=600 hpac_breakpoints=346 bppf_distinct=347 hpac=595840ns bppf_internal=2203000ns bppf_wall=2851426ns
gen_n600_rho0.9_independent-signed_seed7.pcf: n=600 hpac_breakpoints=365 bppf_distinct=366 hpac=512642ns bppf_internal=2289000ns bppf_wall=2932270ns
gen_n600_rho0.9_independent-signed_seed8.pcf: n=600 hpac_breakpoints=334 bppf_distinct=335 hpac=665164ns bppf_internal=2191000ns bppf_wall=2850225ns
gen_n600_rho0.9_independent-signed_seed9.pcf: n=600 hpac_breakpoints=338 bppf_distinct=339 hpac=724828ns bppf_internal=2319000ns bppf_wall=3019475ns
gen_n600_rho0.9_near-ties_seed0.pcf: n=600 hpac_breakpoints=178 bppf_distinct=179 hpac=672463ns bppf_internal=1256000ns bppf_wall=1873415ns
gen_n600_rho0.9_near-ties_seed1.pcf: n=600 hpac_breakpoints=168 bppf_distinct=169 hpac=697718ns bppf_internal=1222000ns bppf_wall=1844160ns
gen_n600_rho0.9_near-ties_seed2.pcf: n=600 hpac_breakpoints=164 bppf_distinct=165 hpac=613225ns bppf_internal=1169000ns bppf_wall=1780673ns
gen_n600_rho0.9_near-ties_seed3.pcf: n=600 hpac_breakpoints=177 bppf_distinct=178 hpac=665112ns bppf_internal=1275000ns bppf_wall=1889657ns
gen_n600_rho0.9_near-ties_seed4.pcf: n=600 hpac_breakpoints=163 bppf_distinct=164 hpac=752436ns bppf_internal=1175000ns bppf_wall=1788745ns
gen_n600_rho0.9_near-ties_seed5.pcf: n=600 hpac_breakpoints=171 bppf_distinct=172 hpac=593217ns bppf_internal=1249000ns bppf_wall=1867316ns
gen_n600_rho0.9_near-ties_seed6.pcf: n=600 hpac_breakpoints=171 bppf_distinct=172 hpac=608980ns bppf_internal=1225000ns bppf_wall=1838715ns
gen_n600_rho0.9_near-ties_seed7.pcf: n=600 hpac_breakpoints=172 bppf_distinct=173 hpac=674182ns bppf_internal=1243000ns bppf_wall=1867138ns
gen_n600_rho0.9_near-ties_seed8.pcf: n=600 hpac_breakpoints=163 bppf_distinct=164 hpac=736868ns bppf_internal=1216000ns bppf_wall=1827594ns
gen_n600_rho0.9_near-ties_seed9.pcf: n=600 hpac_breakpoints=172 bppf_distinct=173 hpac=670948ns bppf_internal=1230000ns bppf_wall=1842044ns
gen_n600_rho1.0_anti-correlated_seed0.pcf: n=600 hpac_breakpoints=307 bppf_distinct=308 hpac=963784ns bppf_internal=2040000ns bppf_wall=2688969ns
gen_n600_rho1.0_anti-correlated_seed1.pcf: n=600 hpac_breakpoints=307 bppf_distinct=308 hpac=864567ns bppf_internal=2060000ns bppf_wall=2729744ns
gen_n600_rho1.0_anti-correlated_seed2.pcf: n=600 hpac_breakpoints=337 bppf_distinct=338 hpac=963144ns bppf_internal=2191000ns bppf_wall=2841600ns
gen_n600_rho1.0_anti-correlated_seed3.pcf: n=600 hpac_breakpoints=302 bppf_distinct=303 hpac=1032325ns bppf_internal=2009000ns bppf_wall=2656495ns
gen_n600_rho1.0_anti-correlated_seed4.pcf: n=600 hpac_breakpoints=329 bppf_distinct=330 hpac=886453ns bppf_internal=2154000ns bppf_wall=2790554ns
gen_n600_rho1.0_anti-correlated_seed5.pcf: n=600 hpac_breakpoints=297 bppf_distinct=298 hpac=979634ns bppf_internal=2017000ns bppf_wall=2659037ns
gen_n600_rho1.0_anti-correlated_seed6.pcf: n=600 hpac_breakpoints=301 bppf_distinct=302 hpac=936921ns bppf_internal=2058000ns bppf_wall=2688194ns
gen_n600_rho1.0_anti-correlated_seed7.pcf: n=600 hpac_breakpoints=303 bppf_distinct=304 hpac=1034992ns bppf_internal=2020999ns bppf_wall=2660319ns
gen_n600_rho1.0_anti-correlated_seed8.pcf: n=600 hpac_breakpoints=301 bppf_distinct=302 hpac=884333ns bppf_internal=2037000ns bppf_wall=2700440ns
gen_n600_rho1.0_anti-correlated_seed9.pcf: n=600 hpac_breakpoints=301 bppf_distinct=302 hpac=938355ns bppf_internal=2092999ns bppf_wall=2781462ns
gen_n600_rho1.0_correlated_seed0.pcf: n=600 hpac_breakpoints=303 bppf_distinct=304 hpac=921541ns bppf_internal=2006000ns bppf_wall=2651493ns
gen_n600_rho1.0_correlated_seed1.pcf: n=600 hpac_breakpoints=305 bppf_distinct=306 hpac=963375ns bppf_internal=2127000ns bppf_wall=2803586ns
gen_n600_rho1.0_correlated_seed2.pcf: n=600 hpac_breakpoints=314 bppf_distinct=315 hpac=886071ns bppf_internal=2094000ns bppf_wall=2756217ns
gen_n600_rho1.0_correlated_seed3.pcf: n=600 hpac_breakpoints=304 bppf_distinct=305 hpac=1050244ns bppf_internal=2106000ns bppf_wall=2779658ns
gen_n600_rho1.0_correlated_seed4.pcf: n=600 hpac_breakpoints=307 bppf_distinct=308 hpac=880780ns bppf_internal=2043999ns bppf_wall=2680615ns
gen_n600_rho1.0_correlated_seed5.pcf: n=600 hpac_breakpoints=281 bppf_distinct=282 hpac=996474ns bppf_internal=1955000ns bppf_wall=2597850ns
gen_n600_rho1.0_correlated_seed6.pcf: n=600 hpac_breakpoints=289 bppf_distinct=290 hpac=869476ns bppf_internal=1968000ns bppf_wall=2619524ns
gen_n600_rho1.0_correlated_seed7.pcf: n=600 hpac_breakpoints=304 bppf_distinct=305 hpac=1024464ns bppf_internal=2050999ns bppf_wall=2712936ns
gen_n600_rho1.0_correlated_seed8.pcf: n=600 hpac_breakpoints=297 bppf_distinct=298 hpac=828451ns bppf_internal=2000000ns bppf_wall=2655439ns
gen_n600_rho1.0_correlated_seed9.pcf: n=600 hpac_breakpoints=308 bppf_distinct=309 hpac=870134ns bppf_internal=2076000ns bppf_wall=2719863ns
gen_n600_rho1.0_exact-ties_seed0.pcf: n=600 hpac_breakpoints=128 bppf_distinct=129 hpac=775065ns bppf_internal=1052000ns bppf_wall=1667860ns
gen_n600_rho1.0_exact-ties_seed1.pcf: n=600 hpac_breakpoints=134 bppf_distinct=135 hpac=907834ns bppf_internal=1156000ns bppf_wall=1869152ns
gen_n600_rho1.0_exact-ties_seed2.pcf: n=600 hpac_breakpoints=133 bppf_distinct=134 hpac=862737ns bppf_internal=1056000ns bppf_wall=1685876ns
gen_n600_rho1.0_exact-ties_seed3.pcf: n=600 hpac_breakpoints=121 bppf_distinct=122 hpac=737319ns bppf_internal=1000000ns bppf_wall=1647300ns
gen_n600_rho1.0_exact-ties_seed4.pcf: n=600 hpac_breakpoints=124 bppf_distinct=125 hpac=775496ns bppf_internal=1016000ns bppf_wall=1656002ns
gen_n600_rho1.0_exact-ties_seed5.pcf: n=600 hpac_breakpoints=129 bppf_distinct=130 hpac=914595ns bppf_internal=1088000ns bppf_wall=1700837ns
gen_n600_rho1.0_exact-ties_seed6.pcf: n=600 hpac_breakpoints=126 bppf_distinct=127 hpac=871783ns bppf_internal=1054000ns bppf_wall=1688879ns
gen_n600_rho1.0_exact-ties_seed7.pcf: n=600 hpac_breakpoints=112 bppf_distinct=113 hpac=1076547ns bppf_internal=961000ns bppf_wall=1575714ns
gen_n600_rho1.0_exact-ties_seed8.pcf: n=600 hpac_breakpoints=112 bppf_distinct=113 hpac=1016996ns bppf_internal=963000ns bppf_wall=1582271ns
gen_n600_rho1.0_exact-ties_seed9.pcf: n=600 hpac_breakpoints=133 bppf_distinct=134 hpac=677292ns bppf_internal=1067000ns bppf_wall=1689638ns
gen_n600_rho1.0_independent-positive_seed0.pcf: n=600 hpac_breakpoints=300 bppf_distinct=301 hpac=1366520ns bppf_internal=2202000ns bppf_wall=2869218ns
gen_n600_rho1.0_independent-positive_seed1.pcf: n=600 hpac_breakpoints=304 bppf_distinct=305 hpac=1012169ns bppf_internal=2043999ns bppf_wall=2725294ns
gen_n600_rho1.0_independent-positive_seed2.pcf: n=600 hpac_breakpoints=262 bppf_distinct=263 hpac=1503072ns bppf_internal=1852000ns bppf_wall=2508572ns
gen_n600_rho1.0_independent-positive_seed3.pcf: n=600 hpac_breakpoints=323 bppf_distinct=324 hpac=879654ns bppf_internal=2113000ns bppf_wall=2750313ns
gen_n600_rho1.0_independent-positive_seed4.pcf: n=600 hpac_breakpoints=287 bppf_distinct=288 hpac=869678ns bppf_internal=1940000ns bppf_wall=2594608ns
gen_n600_rho1.0_independent-positive_seed5.pcf: n=600 hpac_breakpoints=313 bppf_distinct=314 hpac=910622ns bppf_internal=2095000ns bppf_wall=2731456ns
gen_n600_rho1.0_independent-positive_seed6.pcf: n=600 hpac_breakpoints=302 bppf_distinct=303 hpac=891152ns bppf_internal=2033000ns bppf_wall=2711605ns
gen_n600_rho1.0_independent-positive_seed7.pcf: n=600 hpac_breakpoints=292 bppf_distinct=293 hpac=1171995ns bppf_internal=1987000ns bppf_wall=2643675ns
gen_n600_rho1.0_independent-positive_seed8.pcf: n=600 hpac_breakpoints=297 bppf_distinct=298 hpac=1053708ns bppf_internal=2026000ns bppf_wall=2685602ns
gen_n600_rho1.0_independent-positive_seed9.pcf: n=600 hpac_breakpoints=300 bppf_distinct=301 hpac=1051558ns bppf_internal=2035000ns bppf_wall=2679305ns
gen_n600_rho1.0_independent-signed_seed0.pcf: n=600 hpac_breakpoints=293 bppf_distinct=294 hpac=1108261ns bppf_internal=2022000ns bppf_wall=2656211ns
gen_n600_rho1.0_independent-signed_seed1.pcf: n=600 hpac_breakpoints=298 bppf_distinct=299 hpac=974298ns bppf_internal=2026000ns bppf_wall=2677090ns
gen_n600_rho1.0_independent-signed_seed2.pcf: n=600 hpac_breakpoints=278 bppf_distinct=279 hpac=1324129ns bppf_internal=1938000ns bppf_wall=2598197ns
gen_n600_rho1.0_independent-signed_seed3.pcf: n=600 hpac_breakpoints=310 bppf_distinct=311 hpac=866414ns bppf_internal=2086999ns bppf_wall=2742417ns
gen_n600_rho1.0_independent-signed_seed4.pcf: n=600 hpac_breakpoints=281 bppf_distinct=282 hpac=903094ns bppf_internal=1946000ns bppf_wall=2581808ns
gen_n600_rho1.0_independent-signed_seed5.pcf: n=600 hpac_breakpoints=293 bppf_distinct=294 hpac=779569ns bppf_internal=2011000ns bppf_wall=2653355ns
gen_n600_rho1.0_independent-signed_seed6.pcf: n=600 hpac_breakpoints=306 bppf_distinct=307 hpac=850573ns bppf_internal=2056999ns bppf_wall=2716827ns
gen_n600_rho1.0_independent-signed_seed7.pcf: n=600 hpac_breakpoints=283 bppf_distinct=284 hpac=1056604ns bppf_internal=1961000ns bppf_wall=2593992ns
gen_n600_rho1.0_independent-signed_seed8.pcf: n=600 hpac_breakpoints=314 bppf_distinct=315 hpac=1030010ns bppf_internal=2085000ns bppf_wall=2735682ns
gen_n600_rho1.0_independent-signed_seed9.pcf: n=600 hpac_breakpoints=284 bppf_distinct=285 hpac=1158828ns bppf_internal=1965999ns bppf_wall=2603930ns
gen_n600_rho1.0_near-ties_seed0.pcf: n=600 hpac_breakpoints=161 bppf_distinct=162 hpac=803565ns bppf_internal=1200000ns bppf_wall=1818383ns
gen_n600_rho1.0_near-ties_seed1.pcf: n=600 hpac_breakpoints=165 bppf_distinct=166 hpac=1049424ns bppf_internal=1227000ns bppf_wall=1852742ns
gen_n600_rho1.0_near-ties_seed2.pcf: n=600 hpac_breakpoints=180 bppf_distinct=181 hpac=687402ns bppf_internal=1317000ns bppf_wall=1939749ns
gen_n600_rho1.0_near-ties_seed3.pcf: n=600 hpac_breakpoints=163 bppf_distinct=164 hpac=1259820ns bppf_internal=1203000ns bppf_wall=1823486ns
gen_n600_rho1.0_near-ties_seed4.pcf: n=600 hpac_breakpoints=156 bppf_distinct=157 hpac=1238768ns bppf_internal=1172000ns bppf_wall=1794083ns
gen_n600_rho1.0_near-ties_seed5.pcf: n=600 hpac_breakpoints=154 bppf_distinct=155 hpac=927601ns bppf_internal=1183000ns bppf_wall=1810511ns
gen_n600_rho1.0_near-ties_seed6.pcf: n=600 hpac_breakpoints=164 bppf_distinct=165 hpac=959096ns bppf_internal=1221000ns bppf_wall=1844187ns
gen_n600_rho1.0_near-ties_seed7.pcf: n=600 hpac_breakpoints=167 bppf_distinct=168 hpac=906225ns bppf_internal=1250000ns bppf_wall=1911843ns
gen_n600_rho1.0_near-ties_seed8.pcf: n=600 hpac_breakpoints=167 bppf_distinct=168 hpac=846196ns bppf_internal=1240000ns bppf_wall=1859256ns
gen_n600_rho1.0_near-ties_seed9.pcf: n=600 hpac_breakpoints=175 bppf_distinct=176 hpac=938022ns bppf_internal=1277000ns bppf_wall=1898227ns
gen_n700_rho0.3_anti-correlated_seed0.pcf: n=700 hpac_breakpoints=585 bppf_distinct=586 hpac=191177ns bppf_internal=3716000ns bppf_wall=4427112ns
gen_n700_rho0.3_anti-correlated_seed1.pcf: n=700 hpac_breakpoints=595 bppf_distinct=596 hpac=213542ns bppf_internal=4007000ns bppf_wall=4825991ns
gen_n700_rho0.3_anti-correlated_seed2.pcf: n=700 hpac_breakpoints=587 bppf_distinct=588 hpac=214977ns bppf_internal=3862000ns bppf_wall=4626214ns
gen_n700_rho0.3_anti-correlated_seed3.pcf: n=700 hpac_breakpoints=586 bppf_distinct=587 hpac=207321ns bppf_internal=3856000ns bppf_wall=4679004ns
gen_n700_rho0.3_anti-correlated_seed4.pcf: n=700 hpac_breakpoints=601 bppf_distinct=602 hpac=195845ns bppf_internal=3896000ns bppf_wall=4656999ns
gen_n700_rho0.3_anti-correlated_seed5.pcf: n=700 hpac_breakpoints=599 bppf_distinct=600 hpac=201804ns bppf_internal=3837000ns bppf_wall=4544528ns
gen_n700_rho0.3_anti-correlated_seed6.pcf: n=700 hpac_breakpoints=596 bppf_distinct=597 hpac=210200ns bppf_internal=3850000ns bppf_wall=4664153ns
gen_n700_rho0.3_anti-correlated_seed7.pcf: n=700 hpac_breakpoints=595 bppf_distinct=596 hpac=212211ns bppf_internal=4015999ns bppf_wall=4757686ns
gen_n700_rho0.3_anti-correlated_seed8.pcf: n=700 hpac_breakpoints=598 bppf_distinct=599 hpac=196748ns bppf_internal=3747000ns bppf_wall=4467689ns
gen_n700_rho0.3_anti-correlated_seed9.pcf: n=700 hpac_breakpoints=600 bppf_distinct=601 hpac=205531ns bppf_internal=3893000ns bppf_wall=4644898ns
gen_n700_rho0.3_correlated_seed0.pcf: n=700 hpac_breakpoints=576 bppf_distinct=577 hpac=191234ns bppf_internal=3629000ns bppf_wall=4339349ns
gen_n700_rho0.3_correlated_seed1.pcf: n=700 hpac_breakpoints=586 bppf_distinct=587 hpac=198950ns bppf_internal=3684000ns bppf_wall=4389354ns
gen_n700_rho0.3_correlated_seed2.pcf: n=700 hpac_breakpoints=579 bppf_distinct=580 hpac=204523ns bppf_internal=3725000ns bppf_wall=4532483ns
gen_n700_rho0.3_correlated_seed3.pcf: n=700 hpac_breakpoints=582 bppf_distinct=583 hpac=206773ns bppf_internal=3749000ns bppf_wall=4485335ns
gen_n700_rho0.3_correlated_seed4.pcf: n=700 hpac_breakpoints=593 bppf_distinct=594 hpac=194718ns bppf_internal=3714000ns bppf_wall=4389976ns
gen_n700_rho0.3_correlated_seed5.pcf: n=700 hpac_breakpoints=588 bppf_distinct=588 hpac=198126ns bppf_internal=3758000ns bppf_wall=4451981ns
gen_n700_rho0.3_correlated_seed6.pcf: n=700 hpac_breakpoints=586 bppf_distinct=587 hpac=200679ns bppf_internal=3676000ns bppf_wall=4389066ns
gen_n700_rho0.3_correlated_seed7.pcf: n=700 hpac_breakpoints=589 bppf_distinct=590 hpac=197856ns bppf_internal=3695000ns bppf_wall=4404084ns
gen_n700_rho0.3_correlated_seed8.pcf: n=700 hpac_breakpoints=592 bppf_distinct=593 hpac=187359ns bppf_internal=3736000ns bppf_wall=4420875ns
gen_n700_rho0.3_correlated_seed9.pcf: n=700 hpac_breakpoints=576 bppf_distinct=577 hpac=201677ns bppf_internal=3695000ns bppf_wall=4403879ns
gen_n700_rho0.3_exact-ties_seed0.pcf: n=700 hpac_breakpoints=109 bppf_distinct=110 hpac=186655ns bppf_internal=792000ns bppf_wall=1415889ns
gen_n700_rho0.3_exact-ties_seed1.pcf: n=700 hpac_breakpoints=107 bppf_distinct=108 hpac=163886ns bppf_internal=737000ns bppf_wall=1357532ns
gen_n700_rho0.3_exact-ties_seed2.pcf: n=700 hpac_breakpoints=105 bppf_distinct=106 hpac=174582ns bppf_internal=742000ns bppf_wall=1363591ns
gen_n700_rho0.3_exact-ties_seed3.pcf: n=700 hpac_breakpoints=95 bppf_distinct=96 hpac=180178ns bppf_internal=707000ns bppf_wall=1328833ns
gen_n700_rho0.3_exact-ties_seed4.pcf: n=700 hpac_breakpoints=103 bppf_distinct=104 hpac=174931ns bppf_internal=713000ns bppf_wall=1330985ns
gen_n700_rho0.3_exact-ties_seed5.pcf: n=700 hpac_breakpoints=106 bppf_distinct=107 hpac=177518ns bppf_internal=743000ns bppf_wall=1373419ns
gen_n700_rho0.3_exact-ties_seed6.pcf: n=700 hpac_breakpoints=105 bppf_distinct=106 hpac=164066ns bppf_internal=741000ns bppf_wall=1350726ns
gen_n700_rho0.3_exact-ties_seed7.pcf: n=700 hpac_breakpoints=108 bppf_distinct=109 hpac=170714ns bppf_internal=758000ns bppf_wall=1366002ns
gen_n700_rho0.3_exact-ties_seed8.pcf: n=700 hpac_breakpoints=106 bppf_distinct=107 hpac=174498ns bppf_internal=751000ns bppf_wall=1365865ns
gen_n700_rho0.3_exact-ties_seed9.pcf: n=700 hpac_breakpoints=120 bppf_distinct=121 hpac=179992ns bppf_internal=851000ns bppf_wall=1464079ns
gen_n700_rho0.3_independent-positive_seed0.pcf: n=700 hpac_breakpoints=584 bppf_distinct=585 hpac=197025ns bppf_internal=3683000ns bppf_wall=4366951ns
gen_n700_rho0.3_independent-positive_seed1.pcf: n=700 hpac_breakpoints=602 bppf_distinct=603 hpac=195020ns bppf_internal=3790000ns bppf_wall=4508054ns
gen_n700_rho0.3_independent-positive_seed2.pcf: n=700 hpac_breakpoints=601 bppf_distinct=602 hpac=195378ns bppf_internal=3779000ns bppf_wall=4451663ns
gen_n700_rho0.3_independent-positive_seed3.pcf: n=700 hpac_breakpoints=599 bppf_distinct=600 hpac=212797ns bppf_internal=3746000ns bppf_wall=4447753ns
gen_n700_rho0.3_independent-positive_seed4.pcf: n=700 hpac_breakpoints=603 bppf_distinct=604 hpac=186358ns bppf_internal=3752000ns bppf_wall=4483092ns
gen_n700_rho0.3_independent-positive_seed5.pcf: n=700 hpac_breakpoints=599 bppf_distinct=600 hpac=189599ns bppf_internal=3763000ns bppf_wall=4442794ns
gen_n700_rho0.3_independent-positive_seed6.pcf: n=700 hpac_breakpoints=581 bppf_distinct=582 hpac=209130ns bppf_internal=3685000ns bppf_wall=4357440ns
gen_n700_rho0.3_independent-positive_seed7.pcf: n=700 hpac_breakpoints=594 bppf_distinct=595 hpac=196047ns bppf_internal=3729000ns bppf_wall=4425784ns
gen_n700_rho0.3_independent-positive_seed8.pcf: n=700 hpac_breakpoints=601 bppf_distinct=602 hpac=198303ns bppf_internal=3766000ns bppf_wall=4442511ns
gen_n700_rho0.3_independent-positive_seed9.pcf: n=700 hpac_breakpoints=568 bppf_distinct=569 hpac=210732ns bppf_internal=3607000ns bppf_wall=4300560ns
gen_n700_rho0.3_independent-signed_seed0.pcf: n=700 hpac_breakpoints=590 bppf_distinct=591 hpac=200138ns bppf_internal=3734000ns bppf_wall=4409602ns
gen_n700_rho0.3_independent-signed_seed1.pcf: n=700 hpac_breakpoints=591 bppf_distinct=592 hpac=195657ns bppf_internal=3736000ns bppf_wall=4465084ns
gen_n700_rho0.3_independent-signed_seed2.pcf: n=700 hpac_breakpoints=595 bppf_distinct=596 hpac=194773ns bppf_internal=3751000ns bppf_wall=4449883ns
gen_n700_rho0.3_independent-signed_seed3.pcf: n=700 hpac_breakpoints=594 bppf_distinct=595 hpac=198510ns bppf_internal=3763000ns bppf_wall=4472824ns
gen_n700_rho0.3_independent-signed_seed4.pcf: n=700 hpac_breakpoints=611 bppf_distinct=612 hpac=190811ns bppf_internal=3813000ns bppf_wall=4518068ns
gen_n700_rho0.3_independent-signed_seed5.pcf: n=700 hpac_breakpoints=603 bppf_distinct=604 hpac=198316ns bppf_internal=3812000ns bppf_wall=4507392ns
gen_n700_rho0.3_independent-signed_seed6.pcf: n=700 hpac_breakpoints=597 bppf_distinct=598 hpac=207544ns bppf_internal=3778000ns bppf_wall=4475294ns
gen_n700_rho0.3_independent-signed_seed7.pcf: n=700 hpac_breakpoints=601 bppf_distinct=602 hpac=194774ns bppf_internal=3744000ns bppf_wall=4451144ns
gen_n700_rho0.3_independent-signed_seed8.pcf: n=700 hpac_breakpoints=591 bppf_distinct=592 hpac=203258ns bppf_internal=3751000ns bppf_wall=4486554ns
gen_n700_rho0.3_independent-signed_seed9.pcf: n=700 hpac_breakpoints=578 bppf_distinct=579 hpac=205819ns bppf_internal=3695000ns bppf_wall=4378797ns
gen_n700_rho0.3_near-ties_seed0.pcf: n=700 hpac_breakpoints=177 bppf_distinct=178 hpac=203703ns bppf_internal=1290000ns bppf_wall=1934177ns
gen_n700_rho0.3_near-ties_seed1.pcf: n=700 hpac_breakpoints=183 bppf_distinct=184 hpac=189374ns bppf_internal=1340000ns bppf_wall=1989448ns
gen_n700_rho0.3_near-ties_seed2.pcf: n=700 hpac_breakpoints=174 bppf_distinct=175 hpac=186075ns bppf_internal=1280000ns bppf_wall=1895662ns
gen_n700_rho0.3_near-ties_seed3.pcf: n=700 hpac_breakpoints=170 bppf_distinct=171 hpac=179981ns bppf_internal=1239000ns bppf_wall=1872515ns
gen_n700_rho0.3_near-ties_seed4.pcf: n=700 hpac_breakpoints=172 bppf_distinct=173 hpac=177356ns bppf_internal=1259000ns bppf_wall=1881936ns
gen_n700_rho0.3_near-ties_seed5.pcf: n=700 hpac_breakpoints=177 bppf_distinct=178 hpac=184523ns bppf_internal=1284000ns bppf_wall=1897457ns
gen_n700_rho0.3_near-ties_seed6.pcf: n=700 hpac_breakpoints=178 bppf_distinct=179 hpac=208772ns bppf_internal=1336000ns bppf_wall=1952919ns
gen_n700_rho0.3_near-ties_seed7.pcf: n=700 hpac_breakpoints=176 bppf_distinct=177 hpac=198820ns bppf_internal=1288000ns bppf_wall=1924084ns
gen_n700_rho0.3_near-ties_seed8.pcf: n=700 hpac_breakpoints=172 bppf_distinct=173 hpac=200556ns bppf_internal=1269000ns bppf_wall=1889187ns
gen_n700_rho0.3_near-ties_seed9.pcf: n=700 hpac_breakpoints=182 bppf_distinct=183 hpac=199032ns bppf_internal=1321000ns bppf_wall=1940632ns
gen_n700_rho0.6_anti-correlated_seed0.pcf: n=700 hpac_breakpoints=494 bppf_distinct=495 hpac=391624ns bppf_internal=3347000ns bppf_wall=4085758ns
gen_n700_rho0.6_anti-correlated_seed1.pcf: n=700 hpac_breakpoints=474 bppf_distinct=475 hpac=394623ns bppf_internal=3301000ns bppf_wall=4081763ns
gen_n700_rho0.6_anti-correlated_seed2.pcf: n=700 hpac_breakpoints=500 bppf_distinct=501 hpac=338488ns bppf_internal=3342000ns bppf_wall=4125130ns
gen_n700_rho0.6_anti-correlated_seed3.pcf: n=700 hpac_breakpoints=467 bppf_distinct=468 hpac=387138ns bppf_internal=3213000ns bppf_wall=3895618ns
gen_n700_rho0.6_anti-correlated_seed4.pcf: n=700 hpac_breakpoints=489 bppf_distinct=490 hpac=367522ns bppf_internal=3298000ns bppf_wall=4006648ns
gen_n700_rho0.6_anti-correlated_seed5.pcf: n=700 hpac_breakpoints=482 bppf_distinct=483 hpac=432231ns bppf_internal=3246000ns bppf_wall=3923635ns
gen_n700_rho0.6_anti-correlated_seed6.pcf: n=700 hpac_breakpoints=490 bppf_distinct=491 hpac=359799ns bppf_internal=3300000ns bppf_wall=3994797ns
gen_n700_rho0.6_anti-correlated_seed7.pcf: n=700 hpac_breakpoints=482 bppf_distinct=483 hpac=381181ns bppf_internal=3245000ns bppf_wall=3967525ns
gen_n700_rho0.6_anti-correlated_seed8.pcf: n=700 hpac_breakpoints=499 bppf_distinct=500 hpac=379407ns bppf_internal=3332000ns bppf_wall=4041130ns
gen_n700_rho0.6_anti-correlated_seed9.pcf: n=700 hpac_breakpoints=484 bppf_distinct=485 hpac=354035ns bppf_internal=3261000ns bppf_wall=4027828ns
gen_n700_rho0.6_correlated_seed0.pcf: n=700 hpac_breakpoints=486 bppf_distinct=487 hpac=385099ns bppf_internal=3263000ns bppf_wall=3973327ns
gen_n700_rho0.6_correlated_seed1.pcf: n=700 hpac_breakpoints=453 bppf_distinct=454 hpac=388080ns bppf_internal=3120000ns bppf_wall=3834387ns
gen_n700_rho0.6_correlated_seed2.pcf: n=700 hpac_breakpoints=489 bppf_distinct=490 hpac=345975ns bppf_internal=3286000ns bppf_wall=3989854ns
gen_n700_rho0.6_correlated_seed3.pcf: n=700 hpac_breakpoints=494 bppf_distinct=495 hpac=394434ns bppf_internal=3367000ns bppf_wall=4108368ns
gen_n700_rho0.6_correlated_seed4.pcf: n=700 hpac_breakpoints=470 bppf_distinct=471 hpac=370981ns bppf_internal=3179000ns bppf_wall=3913912ns
gen_n700_rho0.6_correlated_seed5.pcf: n=700 hpac_breakpoints=485 bppf_distinct=486 hpac=418791ns bppf_internal=3269000ns bppf_wall=4004451ns
gen_n700_rho0.6_correlated_seed6.pcf: n=700 hpac_breakpoints=487 bppf_distinct=488 hpac=350069ns bppf_internal=3285000ns bppf_wall=3970305ns
gen_n700_rho0.6_correlated_seed7.pcf: n=700 hpac_breakpoints=484 bppf_distinct=485 hpac=391014ns bppf_internal=3245000ns bppf_wall=3961798ns
gen_n700_rho0.6_correlated_seed8.pcf: n=700 hpac_breakpoints=464 bppf_distinct=465 hpac=384357ns bppf_internal=3156000ns bppf_wall=3890418ns
gen_n700_rho0.6_correlated_seed9.pcf: n=700 hpac_breakpoints=498 bppf_distinct=499 hpac=346960ns bppf_internal=3337000ns bppf_wall=4064672ns
gen_n700_rho0.6_exact-ties_seed0.pcf: n=700 hpac_breakpoints=145 bppf_distinct=146 hpac=370433ns bppf_internal=1143000ns bppf_wall=1774238ns
gen_n700_rho0.6_exact-ties_seed1.pcf: n=700 hpac_breakpoints=142 bppf_distinct=143 hpac=351318ns bppf_internal=1144000ns bppf_wall=1784965ns
gen_n700_rho0.6_exact-ties_seed2.pcf: n=700 hpac_breakpoints=143 bppf_distinct=144 hpac=348457ns bppf_internal=1106000ns bppf_wall=1728973ns
gen_n700_rho0.6_exact-ties_seed3.pcf: n=700 hpac_breakpoints=136 bppf_distinct=137 hpac=374145ns bppf_internal=1079000ns bppf_wall=1716090ns
gen_n700_rho0.6_exact-ties_seed4.pcf: n=700 hpac_breakpoints=141 bppf_distinct=142 hpac=328443ns bppf_internal=1081000ns bppf_wall=1720276ns
gen_n700_rho0.6_exact-ties_seed5.pcf: n=700 hpac_breakpoints=129 bppf_distinct=130 hpac=388885ns bppf_internal=1033000ns bppf_wall=1678597ns
gen_n700_rho0.6_exact-ties_seed6.pcf: n=700 hpac_breakpoints=138 bppf_distinct=139 hpac=343526ns bppf_internal=1092000ns bppf_wall=1755101ns
gen_n700_rho0.6_exact-ties_seed7.pcf: n=700 hpac_breakpoints=144 bppf_distinct=145 hpac=376679ns bppf_internal=1162000ns bppf_wall=1812519ns
gen_n700_rho0.6_exact-ties_seed8.pcf: n=700 hpac_breakpoints=152 bppf_distinct=153 hpac=357043ns bppf_internal=1204000ns bppf_wall=1836594ns
gen_n700_rho0.6_exact-ties_seed9.pcf: n=700 hpac_breakpoints=131 bppf_distinct=132 hpac=361747ns bppf_internal=1023000ns bppf_wall=1653743ns
gen_n700_rho0.6_independent-positive_seed0.pcf: n=700 hpac_breakpoints=488 bppf_distinct=489 hpac=419181ns bppf_internal=3269000ns bppf_wall=4002857ns
gen_n700_rho0.6_independent-positive_seed1.pcf: n=700 hpac_breakpoints=489 bppf_distinct=490 hpac=397947ns bppf_internal=3317000ns bppf_wall=4030333ns
gen_n700_rho0.6_independent-positive_seed2.pcf: n=700 hpac_breakpoints=501 bppf_distinct=502 hpac=355823ns bppf_internal=3354000ns bppf_wall=4067676ns
gen_n700_rho0.6_independent-positive_seed3.pcf: n=700 hpac_breakpoints=498 bppf_distinct=499 hpac=396075ns bppf_internal=3348000ns bppf_wall=4083309ns
gen_n700_rho0.6_independent-positive_seed4.pcf: n=700 hpac_breakpoints=492 bppf_distinct=493 hpac=357167ns bppf_internal=3293000ns bppf_wall=4029888ns
gen_n700_rho0.6_independent-positive_seed5.pcf: n=700 hpac_breakpoints=497 bppf_distinct=498 hpac=371547ns bppf_internal=3334000ns bppf_wall=4083738ns
gen_n700_rho0.6_independent-positive_seed6.pcf: n=700 hpac_breakpoints=474 bppf_distinct=475 hpac=399679ns bppf_internal=3236000ns bppf_wall=4017427ns
gen_n700_rho0.6_independent-positive_seed7.pcf: n=700 hpac_breakpoints=478 bppf_distinct=479 hpac=440020ns bppf_internal=3253000ns bppf_wall=3940132ns
gen_n700_rho0.6_independent-positive_seed8.pcf: n=700 hpac_breakpoints=481 bppf_distinct=482 hpac=379667ns bppf_internal=3270000ns bppf_wall=4019816ns
gen_n700_rho0.6_independent-positive_seed9.pcf: n=700 hpac_breakpoints=507 bppf_distinct=508 hpac=359139ns bppf_internal=3371000ns bppf_wall=4088531ns
gen_n700_rho0.6_independent-signed_seed0.pcf: n=700 hpac_breakpoints=485 bppf_distinct=486 hpac=421684ns bppf_internal=3299000ns bppf_wall=4025294ns
gen_n700_rho0.6_independent-signed_seed1.pcf: n=700 hpac_breakpoints=472 bppf_distinct=473 hpac=384162ns bppf_internal=3306000ns bppf_wall=4079251ns
gen_n700_rho0.6_independent-signed_seed2.pcf: n=700 hpac_breakpoints=496 bppf_distinct=497 hpac=377086ns bppf_internal=3347000ns bppf_wall=4096489ns
gen_n700_rho0.6_independent-signed_seed3.pcf: n=700 hpac_breakpoints=474 bppf_distinct=475 hpac=392603ns bppf_internal=3219000ns bppf_wall=3924374ns
gen_n700_rho0.6_independent-signed_seed4.pcf: n=700 hpac_breakpoints=502 bppf_distinct=503 hpac=350264ns bppf_internal=3360000ns bppf_wall=4061140ns
gen_n700_rho0.6_independent-signed_seed5.pcf: n=700 hpac_breakpoints=497 bppf_distinct=498 hpac=363794ns bppf_internal=3339000ns bppf_wall=4029592ns
gen_n700_rho0.6_independent-signed_seed6.pcf: n=700 hpac_breakpoints=465 bppf_distinct=466 hpac=411586ns bppf_internal=3211000ns bppf_wall=3968417ns
gen_n700_rho0.6_independent-signed_seed7.pcf: n=700 hpac_breakpoints=473 bppf_distinct=474 hpac=416195ns bppf_internal=3241000ns bppf_wall=3984616ns
gen_n700_rho0.6_independent-signed_seed8.pcf: n=700 hpac_breakpoints=501 bppf_distinct=502 hpac=353913ns bppf_internal=3396000ns bppf_wall=4095768ns
gen_n700_rho0.6_independent-signed_seed9.pcf: n=700 hpac_breakpoints=503 bppf_distinct=504 hpac=347443ns bppf_internal=3327000ns bppf_wall=4034357ns
gen_n700_rho0.6_near-ties_seed0.pcf: n=700 hpac_breakpoints=193 bppf_distinct=194 hpac=325236ns bppf_internal=1470000ns bppf_wall=2108542ns
gen_n700_rho0.6_near-ties_seed1.pcf: n=700 hpac_breakpoints=209 bppf_distinct=210 hpac=384013ns bppf_internal=1582000ns bppf_wall=2242309ns
gen_n700_rho0.6_near-ties_seed2.pcf: n=700 hpac_breakpoints=189 bppf_distinct=190 hpac=344393ns bppf_internal=1451000ns bppf_wall=2080631ns
gen_n700_rho0.6_near-ties_seed3.pcf: n=700 hpac_breakpoints=194 bppf_distinct=195 hpac=363503ns bppf_internal=1484000ns bppf_wall=2143051ns
gen_n700_rho0.6_near-ties_seed4.pcf: n=700 hpac_breakpoints=193 bppf_distinct=194 hpac=318343ns bppf_internal=1460000ns bppf_wall=2104770ns
gen_n700_rho0.6_near-ties_seed5.pcf: n=700 hpac_breakpoints=190 bppf_distinct=191 hpac=351151ns bppf_internal=1472000ns bppf_wall=2101048ns
gen_n700_rho0.6_near-ties_seed6.pcf: n=700 hpac_breakpoints=195 bppf_distinct=196 hpac=345793ns bppf_internal=1494000ns bppf_wall=2136317ns
gen_n700_rho0.6_near-ties_seed7.pcf: n=700 hpac_breakpoints=188 bppf_distinct=189 hpac=407147ns bppf_internal=1467000ns bppf_wall=2110049ns
gen_n700_rho0.6_near-ties_seed8.pcf: n=700 hpac_breakpoints=183 bppf_distinct=184 hpac=341920ns bppf_internal=1417000ns bppf_wall=2055928ns
gen_n700_rho0.6_near-ties_seed9.pcf: n=700 hpac_breakpoints=189 bppf_distinct=190 hpac=341592ns bppf_internal=1444000ns bppf_wall=2089457ns
gen_n700_rho0.9_anti-correlated_seed0.pcf: n=700 hpac_breakpoints=378 bppf_distinct=379 hpac=942788ns bppf_internal=2826000ns bppf_wall=3528966ns
gen_n700_rho0.9_anti-correlated_seed1.pcf: n=700 hpac_breakpoints=397 bppf_distinct=398 hpac=741495ns bppf_internal=2931000ns bppf_wall=3631184ns
gen_n700_rho0.9_anti-correlated_seed2.pcf: n=700 hpac_breakpoints=388 bppf_distinct=389 hpac=736194ns bppf_internal=2829000ns bppf_wall=3531347ns
gen_n700_rho0.9_anti-correlated_seed3.pcf: n=700 hpac_breakpoints=378 bppf_distinct=379 hpac=890653ns bppf_internal=2828000ns bppf_wall=3520088ns
gen_n700_rho0.9_anti-correlated_seed4.pcf: n=700 hpac_breakpoints=399 bppf_distinct=400 hpac=729374ns bppf_internal=2920000ns bppf_wall=3610514ns
gen_n700_rho0.9_anti-correlated_seed5.pcf: n=700 hpac_breakpoints=384 bppf_distinct=385 hpac=755027ns bppf_internal=2849000ns bppf_wall=3552761ns
gen_n700_rho0.9_anti-correlated_seed6.pcf: n=700 hpac_breakpoints=383 bppf_distinct=384 hpac=1031153ns bppf_internal=2841000ns bppf_wall=3551579ns
gen_n700_rho0.9_anti-correlated_seed7.pcf: n=700 hpac_breakpoints=381 bppf_distinct=382 hpac=733974ns bppf_internal=2820000ns bppf_wall=3521724ns
gen_n700_rho0.9_anti-correlated_seed8.pcf: n=700 hpac_breakpoints=381 bppf_distinct=382 hpac=976055ns bppf_internal=2838000ns bppf_wall=3552667ns
gen_n700_rho0.9_anti-correlated_seed9.pcf: n=700 hpac_breakpoints=372 bppf_distinct=373 hpac=890809ns bppf_internal=2802000ns bppf_wall=3502977ns
gen_n700_rho0.9_correlated_seed0.pcf: n=700 hpac_breakpoints=360 bppf_distinct=361 hpac=905874ns bppf_internal=2692000ns bppf_wall=3385159ns
gen_n700_rho0.9_correlated_seed1.pcf: n=700 hpac_breakpoints=380 bppf_distinct=381 hpac=850272ns bppf_internal=2815000ns bppf_wall=3542782ns
gen_n700_rho0.9_correlated_seed2.pcf: n=700 hpac_breakpoints=366 bppf_distinct=367 hpac=752501ns bppf_internal=2818000ns bppf_wall=3527938ns
gen_n700_rho0.9_correlated_seed3.pcf: n=700 hpac_breakpoints=367 bppf_distinct=368 hpac=833139ns bppf_internal=2727000ns bppf_wall=3463786ns
gen_n700_rho0.9_correlated_seed4.pcf: n=700 hpac_breakpoints=365 bppf_distinct=366 hpac=758515ns bppf_internal=2712000ns bppf_wall=3413091ns
gen_n700_rho0.9_correlated_seed5.pcf: n=700 hpac_breakpoints=385 bppf_distinct=386 hpac=719951ns bppf_internal=2855000ns bppf_wall=3561974ns
gen_n700_rho0.9_correlated_seed6.pcf: n=700 hpac_breakpoints=366 bppf_distinct=367 hpac=1091173ns bppf_internal=2738000ns bppf_wall=3419170ns
gen_n700_rho0.9_correlated_seed7.pcf: n=700 hpac_breakpoints=377 bppf_distinct=378 hpac=724984ns bppf_internal=2799000ns bppf_wall=3556696ns
gen_n700_rho0.9_correlated_seed8.pcf: n=700 hpac_breakpoints=383 bppf_distinct=384 hpac=936587ns bppf_internal=2819000ns bppf_wall=3539866ns
gen_n700_rho0.9_correlated_seed9.pcf: n=700 hpac_breakpoints=399 bppf_distinct=400 hpac=796528ns bppf_internal=2929000ns bppf_wall=3662806ns
gen_n700_rho0.9_exact-ties_seed0.pcf: n=700 hpac_breakpoints=147 bppf_distinct=148 hpac=817643ns bppf_internal=1299000ns bppf_wall=1956498ns
gen_n700_rho0.9_exact-ties_seed1.pcf: n=700 hpac_breakpoints=154 bppf_distinct=155 hpac=620778ns bppf_internal=1339000ns bppf_wall=2002855ns
gen_n700_rho0.9_exact-ties_seed2.pcf: n=700 hpac_breakpoints=152 bppf_distinct=153 hpac=751357ns bppf_internal=1322000ns bppf_wall=1975377ns
gen_n700_rho0.9_exact-ties_seed3.pcf: n=700 hpac_breakpoints=143 bppf_distinct=144 hpac=798224ns bppf_internal=1273000ns bppf_wall=1929170ns
gen_n700_rho0.9_exact-ties_seed4.pcf: n=700 hpac_breakpoints=156 bppf_distinct=157 hpac=765600ns bppf_internal=1365000ns bppf_wall=2030188ns
gen_n700_rho0.9_exact-ties_seed5.pcf: n=700 hpac_breakpoints=149 bppf_distinct=150 hpac=660659ns bppf_internal=1319000ns bppf_wall=1956897ns
gen_n700_rho0.9_exact-ties_seed6.pcf: n=700 hpac_breakpoints=131 bppf_distinct=132 hpac=947169ns bppf_internal=1249000ns bppf_wall=1901269ns
gen_n700_rho0.9_exact-ties_seed7.pcf: n=700 hpac_breakpoints=157 bppf_distinct=158 hpac=814528ns bppf_internal=1344000ns bppf_wall=1988948ns
gen_n700_rho0.9_exact-ties_seed8.pcf: n=700 hpac_breakpoints=154 bppf_distinct=155 hpac=636446ns bppf_internal=1316000ns bppf_wall=1985970ns
gen_n700_rho0.9_exact-ties_seed9.pcf: n=700 hpac_breakpoints=156 bppf_distinct=157 hpac=691425ns bppf_internal=1469000ns bppf_wall=2166972ns
gen_n700_rho0.9_independent-positive_seed0.pcf: n=700 hpac_breakpoints=385 bppf_distinct=386 hpac=791350ns bppf_internal=2824000ns bppf_wall=3581498ns
gen_n700_rho0.9_independent-positive_seed1.pcf: n=700 hpac_breakpoints=380 bppf_distinct=381 hpac=894482ns bppf_internal=2844000ns bppf_wall=3592065ns
gen_n700_rho0.9_independent-positive_seed2.pcf: n=700 hpac_breakpoints=372 bppf_distinct=373 hpac=802167ns bppf_internal=2882000ns bppf_wall=3641291ns
gen_n700_rho0.9_independent-positive_seed3.pcf: n=700 hpac_breakpoints=364 bppf_distinct=365 hpac=838839ns bppf_internal=2746000ns bppf_wall=3469982ns
gen_n700_rho0.9_independent-positive_seed4.pcf: n=700 hpac_breakpoints=392 bppf_distinct=393 hpac=724522ns bppf_internal=2876000ns bppf_wall=3559105ns
gen_n700_rho0.9_independent-positive_seed5.pcf: n=700 hpac_breakpoints=401 bppf_distinct=402 hpac=753837ns bppf_internal=2968000ns bppf_wall=3677424ns
gen_n700_rho0.9_independent-positive_seed6.pcf: n=700 hpac_breakpoints=374 bppf_distinct=375 hpac=1080288ns bppf_internal=2822000ns bppf_wall=3518619ns
gen_n700_rho0.9_independent-positive_seed7.pcf: n=700 hpac_breakpoints=407 bppf_distinct=408 hpac=772764ns bppf_internal=2965000ns bppf_wall=3656053ns
gen_n700_rho0.9_independent-positive_seed8.pcf: n=700 hpac_breakpoints=358 bppf_distinct=359 hpac=735261ns bppf_internal=2700000ns bppf_wall=3393293ns
gen_n700_rho0.9_independent-positive_seed9.pcf: n=700 hpac_breakpoints=387 bppf_distinct=388 hpac=737919ns bppf_internal=2839000ns bppf_wall=3549834ns
gen_n700_rho0.9_independent-signed_seed0.pcf: n=700 hpac_breakpoints=397 bppf_distinct=398 hpac=795050ns bppf_internal=2930000ns bppf_wall=3667910ns
gen_n700_rho0.9_independent-signed_seed1.pcf: n=700 hpac_breakpoints=373 bppf_distinct=374 hpac=892126ns bppf_internal=2879000ns bppf_wall=3611922ns
gen_n700_rho0.9_independent-signed_seed2.pcf: n=700 hpac_breakpoints=367 bppf_distinct=368 hpac=815733ns bppf_internal=2760000ns bppf_wall=3504006ns
gen_n700_rho0.9_independent-signed_seed3.pcf: n=700 hpac_breakpoints=387 bppf_distinct=388 hpac=691249ns bppf_internal=2847000ns bppf_wall=3566095ns
gen_n700_rho0.9_independent-signed_seed4.pcf: n=700 hpac_breakpoints=386 bppf_distinct=387 hpac=707002ns bppf_internal=2855000ns bppf_wall=3605474ns
gen_n700_rho0.9_independent-signed_seed5.pcf: n=700 hpac_breakpoints=407 bppf_distinct=408 hpac=796416ns bppf_internal=2996000ns bppf_wall=3715399ns
gen_n700_rho0.9_independent-signed_seed6.pcf: n=700 hpac_breakpoints=364 bppf_distinct=365 hpac=1133255ns bppf_internal=2746000ns bppf_wall=3486992ns
gen_n700_rho0.9_independent-signed_seed7.pcf: n=700 hpac_breakpoints=392 bppf_distinct=393 hpac=792728ns bppf_internal=2883000ns bppf_wall=3584804ns
gen_n700_rho0.9_independent-signed_seed8.pcf: n=700 hpac_breakpoints=393 bppf_distinct=394 hpac=803782ns bppf_internal=2931000ns bppf_wall=3661213ns
gen_n700_rho0.9_independent-signed_seed9.pcf: n=700 hpac_breakpoints=378 bppf_distinct=379 hpac=753119ns bppf_internal=2845000ns bppf_wall=3555135ns
gen_n700_rho0.9_near-ties_seed0.pcf: n=700 hpac_breakpoints=195 bppf_distinct=196 hpac=944423ns bppf_internal=1603000ns bppf_wall=2268723ns
gen_n700_rho0.9_near-ties_seed1.pcf: n=700 hpac_breakpoints=192 bppf_distinct=193 hpac=703572ns bppf_internal=1560000ns bppf_wall=2209883ns
gen_n700_rho0.9_near-ties_seed2.pcf: n=700 hpac_breakpoints=184 bppf_distinct=185 hpac=678182ns bppf_internal=1605000ns bppf_wall=2290968ns
gen_n700_rho0.9_near-ties_seed3.pcf: n=700 hpac_breakpoints=186 bppf_distinct=187 hpac=792136ns bppf_internal=1570000ns bppf_wall=2245932ns
gen_n700_rho0.9_near-ties_seed4.pcf: n=700 hpac_breakpoints=186 bppf_distinct=187 hpac=750134ns bppf_internal=1529000ns bppf_wall=2194695ns
gen_n700_rho0.9_near-ties_seed5.pcf: n=700 hpac_breakpoints=195 bppf_distinct=196 hpac=804692ns bppf_internal=1620000ns bppf_wall=2271334ns
gen_n700_rho0.9_near-ties_seed6.pcf: n=700 hpac_breakpoints=184 bppf_distinct=185 hpac=725652ns bppf_internal=1526000ns bppf_wall=2173601ns
gen_n700_rho0.9_near-ties_seed7.pcf: n=700 hpac_breakpoints=183 bppf_distinct=184 hpac=777831ns bppf_internal=1517000ns bppf_wall=2168264ns
gen_n700_rho0.9_near-ties_seed8.pcf: n=700 hpac_breakpoints=186 bppf_distinct=187 hpac=725551ns bppf_internal=1524000ns bppf_wall=2177669ns
gen_n700_rho0.9_near-ties_seed9.pcf: n=700 hpac_breakpoints=185 bppf_distinct=186 hpac=870875ns bppf_internal=1532000ns bppf_wall=2192326ns
gen_n700_rho1.0_anti-correlated_seed0.pcf: n=700 hpac_breakpoints=346 bppf_distinct=347 hpac=1700613ns bppf_internal=2679000ns bppf_wall=3407940ns
gen_n700_rho1.0_anti-correlated_seed1.pcf: n=700 hpac_breakpoints=356 bppf_distinct=357 hpac=1084407ns bppf_internal=2708000ns bppf_wall=3409742ns
gen_n700_rho1.0_anti-correlated_seed2.pcf: n=700 hpac_breakpoints=356 bppf_distinct=357 hpac=1004401ns bppf_internal=2726000ns bppf_wall=3436962ns
gen_n700_rho1.0_anti-correlated_seed3.pcf: n=700 hpac_breakpoints=366 bppf_distinct=367 hpac=1154121ns bppf_internal=2788000ns bppf_wall=3499353ns
gen_n700_rho1.0_anti-correlated_seed4.pcf: n=700 hpac_breakpoints=342 bppf_distinct=343 hpac=1497201ns bppf_internal=2692000ns bppf_wall=3388004ns
gen_n700_rho1.0_anti-correlated_seed5.pcf: n=700 hpac_breakpoints=375 bppf_distinct=376 hpac=992199ns bppf_internal=2807000ns bppf_wall=3572973ns
gen_n700_rho1.0_anti-correlated_seed6.pcf: n=700 hpac_breakpoints=346 bppf_distinct=347 hpac=1426690ns bppf_internal=2681000ns bppf_wall=3408928ns
gen_n700_rho1.0_anti-correlated_seed7.pcf: n=700 hpac_breakpoints=365 bppf_distinct=366 hpac=1068285ns bppf_internal=2887000ns bppf_wall=3649376ns
gen_n700_rho1.0_anti-correlated_seed8.pcf: n=700 hpac_breakpoints=337 bppf_distinct=338 hpac=1383866ns bppf_internal=2616000ns bppf_wall=3293459ns
gen_n700_rho1.0_anti-correlated_seed9.pcf: n=700 hpac_breakpoints=319 bppf_distinct=320 hpac=1198550ns bppf_internal=2595000ns bppf_wall=3273788ns
gen_n700_rho1.0_correlated_seed0.pcf: n=700 hpac_breakpoints=311 bppf_distinct=312 hpac=1820230ns bppf_internal=2455000ns bppf_wall=3160273ns
gen_n700_rho1.0_correlated_seed1.pcf: n=700 hpac_breakpoints=345 bppf_distinct=346 hpac=1068246ns bppf_internal=2658000ns bppf_wall=3408694ns
gen_n700_rho1.0_correlated_seed2.pcf: n=700 hpac_breakpoints=349 bppf_distinct=350 hpac=1110172ns bppf_internal=2723000ns bppf_wall=3436678ns
gen_n700_rho1.0_correlated_seed3.pcf: n=700 hpac_breakpoints=357 bppf_distinct=358 hpac=1138335ns bppf_internal=2731000ns bppf_wall=3467532ns
gen_n700_rho1.0_correlated_seed4.pcf: n=700 hpac_breakpoints=331 bppf_distinct=332 hpac=1343275ns bppf_internal=2613000ns bppf_wall=3351573ns
gen_n700_rho1.0_correlated_seed5.pcf: n=700 hpac_breakpoints=364 bppf_distinct=365 hpac=966147ns bppf_internal=2752000ns bppf_wall=3467397ns
gen_n700_rho1.0_correlated_seed6.pcf: n=700 hpac_breakpoints=370 bppf_distinct=371 hpac=1393721ns bppf_internal=2760000ns bppf_wall=3462373ns
gen_n700_rho1.0_correlated_seed7.pcf: n=700 hpac_breakpoints=368 bppf_distinct=369 hpac=917244ns bppf_internal=2793000ns bppf_wall=3485099ns
gen_n700_rho1.0_correlated_seed8.pcf: n=700 hpac_breakpoints=326 bppf_distinct=327 hpac=1514920ns bppf_internal=2565000ns bppf_wall=3248433ns
gen_n700_rho1.0_correlated_seed9.pcf: n=700 hpac_breakpoints=344 bppf_distinct=345 hpac=1346945ns bppf_internal=2786000ns bppf_wall=3569267ns
gen_n700_rho1.0_exact-ties_seed0.pcf: n=700 hpac_breakpoints=148 bppf_distinct=149 hpac=907413ns bppf_internal=1392000ns bppf_wall=2053847ns
gen_n700_rho1.0_exact-ties_seed1.pcf: n=700 hpac_breakpoints=133 bppf_distinct=134 hpac=836835ns bppf_internal=1244000ns bppf_wall=1909975ns
gen_n700_rho1.0_exact-ties_seed2.pcf: n=700 hpac_breakpoints=144 bppf_distinct=145 hpac=1110757ns bppf_internal=1348000ns bppf_wall=2012858ns
gen_n700_rho1.0_exact-ties_seed3.pcf: n=700 hpac_breakpoints=134 bppf_distinct=135 hpac=1302032ns bppf_internal=1277000ns bppf_wall=1935097ns
gen_n700_rho1.0_exact-ties_seed4.pcf: n=700 hpac_breakpoints=134 bppf_distinct=135 hpac=1102167ns bppf_internal=1285000ns bppf_wall=1957418ns
gen_n700_rho1.0_exact-ties_seed5.pcf: n=700 hpac_breakpoints=133 bppf_distinct=134 hpac=1048991ns bppf_internal=1228000ns bppf_wall=1895411ns
gen_n700_rho1.0_exact-ties_seed6.pcf: n=700 hpac_breakpoints=138 bppf_distinct=139 hpac=1039380ns bppf_internal=1275000ns bppf_wall=1934719ns
gen_n700_rho1.0_exact-ties_seed7.pcf: n=700 hpac_breakpoints=147 bppf_distinct=148 hpac=916665ns bppf_internal=1344000ns bppf_wall=2001456ns
gen_n700_rho1.0_exact-ties_seed8.pcf: n=700 hpac_breakpoints=148 bppf_distinct=149 hpac=949409ns bppf_internal=1366000ns bppf_wall=2010081ns
gen_n700_rho1.0_exact-ties_seed9.pcf: n=700 hpac_breakpoints=146 bppf_distinct=147 hpac=1095026ns bppf_internal=1334000ns bppf_wall=2027309ns
gen_n700_rho1.0_independent-positive_seed0.pcf: n=700 hpac_breakpoints=339 bppf_distinct=340 hpac=1044710ns bppf_internal=2601000ns bppf_wall=3297002ns
gen_n700_rho1.0_independent-positive_seed1.pcf: n=700 hpac_breakpoints=351 bppf_distinct=352 hpac=1016569ns bppf_internal=2699000ns bppf_wall=3392530ns
gen_n700_rho1.0_independent-positive_seed2.pcf: n=700 hpac_breakpoints=347 bppf_distinct=348 hpac=1442499ns bppf_internal=2712000ns bppf_wall=3445843ns
gen_n700_rho1.0_independent-positive_seed3.pcf: n=700 hpac_breakpoints=346 bppf_distinct=347 hpac=1100987ns bppf_internal=2680000ns bppf_wall=3412230ns
gen_n700_rho1.0_independent-positive_seed4.pcf: n=700 hpac_breakpoints=343 bppf_distinct=344 hpac=1282475ns bppf_internal=2673000ns bppf_wall=3393437ns
gen_n700_rho1.0_independent-positive_seed5.pcf: n=700 hpac_breakpoints=336 bppf_distinct=337 hpac=1370778ns bppf_internal=2637000ns bppf_wall=3337330ns
gen_n700_rho1.0_independent-positive_seed6.pcf: n=700 hpac_breakpoints=358 bppf_distinct=359 hpac=1107890ns bppf_internal=2768000ns bppf_wall=3515915ns
gen_n700_rho1.0_independent-positive_seed7.pcf: n=700 hpac_breakpoints=366 bppf_distinct=367 hpac=1069750ns bppf_internal=2774000ns bppf_wall=3468851ns
gen_n700_rho1.0_independent-positive_seed8.pcf: n=700 hpac_breakpoints=361 bppf_distinct=362 hpac=937389ns bppf_internal=2777000ns bppf_wall=3467749ns
gen_n700_rho1.0_independent-positive_seed9.pcf: n=700 hpac_breakpoints=353 bppf_distinct=354 hpac=1091930ns bppf_internal=2784000ns bppf_wall=3558493ns
gen_n700_rho1.0_independent-signed_seed0.pcf: n=700 hpac_breakpoints=363 bppf_distinct=364 hpac=1000649ns bppf_internal=2804000ns bppf_wall=3512314ns
gen_n700_rho1.0_independent-signed_seed1.pcf: n=700 hpac_breakpoints=346 bppf_distinct=347 hpac=1039801ns bppf_internal=2669000ns bppf_wall=3359641ns
gen_n700_rho1.0_independent-signed_seed2.pcf: n=700 hpac_breakpoints=343 bppf_distinct=344 hpac=1341046ns bppf_internal=2673000ns bppf_wall=3371045ns
gen_n700_rho1.0_independent-signed_seed3.pcf: n=700 hpac_breakpoints=347 bppf_distinct=348 hpac=1060959ns bppf_internal=2694000ns bppf_wall=3438606ns
gen_n700_rho1.0_independent-signed_seed4.pcf: n=700 hpac_breakpoints=349 bppf_distinct=350 hpac=1109956ns bppf_internal=2673000ns bppf_wall=3400164ns
gen_n700_rho1.0_independent-signed_seed5.pcf: n=700 hpac_breakpoints=337 bppf_distinct=338 hpac=1316350ns bppf_internal=2652000ns bppf_wall=3343934ns
gen_n700_rho1.0_independent-signed_seed6.pcf: n=700 hpac_breakpoints=352 bppf_distinct=353 hpac=1083626ns bppf_internal=2720000ns bppf_wall=3413805ns
gen_n700_rho1.0_independent-signed_seed7.pcf: n=700 hpac_breakpoints=346 bppf_distinct=347 hpac=1127940ns bppf_internal=2676000ns bppf_wall=3391441ns
gen_n700_rho1.0_independent-signed_seed8.pcf: n=700 hpac_breakpoints=369 bppf_distinct=370 hpac=978701ns bppf_internal=2776000ns bppf_wall=3478666ns
gen_n700_rho1.0_independent-signed_seed9.pcf: n=700 hpac_breakpoints=335 bppf_distinct=336 hpac=1023934ns bppf_internal=2672000ns bppf_wall=3414645ns
gen_n700_rho1.0_near-ties_seed0.pcf: n=700 hpac_breakpoints=192 bppf_distinct=193 hpac=961584ns bppf_internal=1605000ns bppf_wall=2269293ns
gen_n700_rho1.0_near-ties_seed1.pcf: n=700 hpac_breakpoints=188 bppf_distinct=189 hpac=934200ns bppf_internal=1596000ns bppf_wall=2254760ns
gen_n700_rho1.0_near-ties_seed2.pcf: n=700 hpac_breakpoints=195 bppf_distinct=196 hpac=981703ns bppf_internal=1643000ns bppf_wall=2297686ns
gen_n700_rho1.0_near-ties_seed3.pcf: n=700 hpac_breakpoints=174 bppf_distinct=175 hpac=1252918ns bppf_internal=1509000ns bppf_wall=2178333ns
gen_n700_rho1.0_near-ties_seed4.pcf: n=700 hpac_breakpoints=172 bppf_distinct=173 hpac=1467269ns bppf_internal=1507000ns bppf_wall=2187550ns
gen_n700_rho1.0_near-ties_seed5.pcf: n=700 hpac_breakpoints=174 bppf_distinct=175 hpac=1432371ns bppf_internal=1502000ns bppf_wall=2157137ns
gen_n700_rho1.0_near-ties_seed6.pcf: n=700 hpac_breakpoints=175 bppf_distinct=176 hpac=1323723ns bppf_internal=1496000ns bppf_wall=2150336ns
gen_n700_rho1.0_near-ties_seed7.pcf: n=700 hpac_breakpoints=192 bppf_distinct=193 hpac=1116504ns bppf_internal=1622000ns bppf_wall=2285847ns
gen_n700_rho1.0_near-ties_seed8.pcf: n=700 hpac_breakpoints=172 bppf_distinct=173 hpac=1078204ns bppf_internal=1493000ns bppf_wall=2143194ns
gen_n700_rho1.0_near-ties_seed9.pcf: n=700 hpac_breakpoints=178 bppf_distinct=179 hpac=832365ns bppf_internal=1522000ns bppf_wall=2177703ns
gen_n800_rho0.3_anti-correlated_seed0.pcf: n=800 hpac_breakpoints=647 bppf_distinct=648 hpac=242600ns bppf_internal=4655000ns bppf_wall=5411071ns
gen_n800_rho0.3_anti-correlated_seed1.pcf: n=800 hpac_breakpoints=668 bppf_distinct=669 hpac=223163ns bppf_internal=4792000ns bppf_wall=5528729ns
gen_n800_rho0.3_anti-correlated_seed2.pcf: n=800 hpac_breakpoints=680 bppf_distinct=681 hpac=222184ns bppf_internal=4855000ns bppf_wall=5599209ns
gen_n800_rho0.3_anti-correlated_seed3.pcf: n=800 hpac_breakpoints=684 bppf_distinct=685 hpac=217000ns bppf_internal=4858000ns bppf_wall=5605802ns
gen_n800_rho0.3_anti-correlated_seed4.pcf: n=800 hpac_breakpoints=689 bppf_distinct=690 hpac=235292ns bppf_internal=4898000ns bppf_wall=5652395ns
gen_n800_rho0.3_anti-correlated_seed5.pcf: n=800 hpac_breakpoints=691 bppf_distinct=692 hpac=226353ns bppf_internal=4919000ns bppf_wall=5669216ns
gen_n800_rho0.3_anti-correlated_seed6.pcf: n=800 hpac_breakpoints=686 bppf_distinct=687 hpac=222110ns bppf_internal=4972000ns bppf_wall=5755474ns
gen_n800_rho0.3_anti-correlated_seed7.pcf: n=800 hpac_breakpoints=682 bppf_distinct=683 hpac=241675ns bppf_internal=4846000ns bppf_wall=5570599ns
gen_n800_rho0.3_anti-correlated_seed8.pcf: n=800 hpac_breakpoints=679 bppf_distinct=680 hpac=223547ns bppf_internal=4843000ns bppf_wall=5614253ns
gen_n800_rho0.3_anti-correlated_seed9.pcf: n=800 hpac_breakpoints=681 bppf_distinct=682 hpac=230673ns bppf_internal=4862000ns bppf_wall=5636592ns
gen_n800_rho0.3_correlated_seed0.pcf: n=800 hpac_breakpoints=666 bppf_distinct=667 hpac=248448ns bppf_internal=4734000ns bppf_wall=5458834ns
gen_n800_rho0.3_correlated_seed1.pcf: n=800 hpac_breakpoints=671 bppf_distinct=672 hpac=232933ns bppf_internal=4839000ns bppf_wall=5621990ns
gen_n800_rho0.3_correlated_seed2.pcf: n=800 hpac_breakpoints=666 bppf_distinct=667 hpac=226852ns bppf_internal=4750000ns bppf_wall=5536305ns
gen_n800_rho0.3_correlated_seed3.pcf: n=800 hpac_breakpoints=662 bppf_distinct=663 hpac=214627ns bppf_internal=4709000ns bppf_wall=5426228ns
gen_n800_rho0.3_correlated_seed4.pcf: n=800 hpac_breakpoints=653 bppf_distinct=654 hpac=229973ns bppf_internal=4646000ns bppf_wall=5408248ns
gen_n800_rho0.3_correlated_seed5.pcf: n=800 hpac_breakpoints=654 bppf_distinct=655 hpac=242421ns bppf_internal=4693000ns bppf_wall=5409620ns
gen_n800_rho0.3_correlated_seed6.pcf: n=800 hpac_breakpoints=683 bppf_distinct=684 hpac=220963ns bppf_internal=4853000ns bppf_wall=5594651ns
gen_n800_rho0.3_correlated_seed7.pcf: n=800 hpac_breakpoints=666 bppf_distinct=667 hpac=238926ns bppf_internal=4740000ns bppf_wall=5505004ns
gen_n800_rho0.3_correlated_seed8.pcf: n=800 hpac_breakpoints=669 bppf_distinct=670 hpac=221198ns bppf_internal=4761000ns bppf_wall=5508232ns
gen_n800_rho0.3_correlated_seed9.pcf: n=800 hpac_breakpoints=672 bppf_distinct=673 hpac=230538ns bppf_internal=4774000ns bppf_wall=5518972ns
gen_n800_rho0.3_exact-ties_seed0.pcf: n=800 hpac_breakpoints=123 bppf_distinct=124 hpac=202330ns bppf_internal=976000ns bppf_wall=1620479ns
gen_n800_rho0.3_exact-ties_seed1.pcf: n=800 hpac_breakpoints=115 bppf_distinct=116 hpac=201422ns bppf_internal=893000ns bppf_wall=1534938ns
gen_n800_rho0.3_exact-ties_seed2.pcf: n=800 hpac_breakpoints=111 bppf_distinct=112 hpac=190682ns bppf_internal=869000ns bppf_wall=1522261ns
gen_n800_rho0.3_exact-ties_seed3.pcf: n=800 hpac_breakpoints=115 bppf_distinct=116 hpac=203738ns bppf_internal=895000ns bppf_wall=1541299ns
gen_n800_rho0.3_exact-ties_seed4.pcf: n=800 hpac_breakpoints=125 bppf_distinct=126 hpac=222159ns bppf_internal=985000ns bppf_wall=1629525ns
gen_n800_rho0.3_exact-ties_seed5.pcf: n=800 hpac_breakpoints=111 bppf_distinct=112 hpac=207495ns bppf_internal=877000ns bppf_wall=1544812ns
gen_n800_rho0.3_exact-ties_seed6.pcf: n=800 hpac_breakpoints=112 bppf_distinct=113 hpac=194744ns bppf_internal=877000ns bppf_wall=1521499ns
gen_n800_rho0.3_exact-ties_seed7.pcf: n=800 hpac_breakpoints=107 bppf_distinct=108 hpac=196582ns bppf_internal=838000ns bppf_wall=1487254ns
gen_n800_rho0.3_exact-ties_seed8.pcf: n=800 hpac_breakpoints=122 bppf_distinct=123 hpac=211693ns bppf_internal=976000ns bppf_wall=1622102ns
gen_n800_rho0.3_exact-ties_seed9.pcf: n=800 hpac_breakpoints=131 bppf_distinct=132 hpac=201503ns bppf_internal=1044000ns bppf_wall=1695019ns
gen_n800_rho0.3_independent-positive_seed0.pcf: n=800 hpac_breakpoints=685 bppf_distinct=686 hpac=236451ns bppf_internal=4863000ns bppf_wall=5610178ns
gen_n800_rho0.3_independent-positive_seed1.pcf: n=800 hpac_breakpoints=658 bppf_distinct=659 hpac=241082ns bppf_internal=4700000ns bppf_wall=5458314ns
gen_n800_rho0.3_independent-positive_seed2.pcf: n=800 hpac_breakpoints=674 bppf_distinct=675 hpac=236855ns bppf_internal=4807000ns bppf_wall=5606062ns
gen_n800_rho0.3_independent-positive_seed3.pcf: n=800 hpac_breakpoints=698 bppf_distinct=699 hpac=225436ns bppf_internal=4940000ns bppf_wall=5673019ns
gen_n800_rho0.3_independent-positive_seed4.pcf: n=800 hpac_breakpoints=663 bppf_distinct=664 hpac=228286ns bppf_internal=4775000ns bppf_wall=5521696ns
gen_n800_rho0.3_independent-positive_seed5.pcf: n=800 hpac_breakpoints=679 bppf_distinct=680 hpac=221497ns bppf_internal=4828000ns bppf_wall=5578595ns
gen_n800_rho0.3_independent-positive_seed6.pcf: n=800 hpac_breakpoints=677 bppf_distinct=678 hpac=227957ns bppf_internal=4805000ns bppf_wall=5547941ns
gen_n800_rho0.3_independent-positive_seed7.pcf: n=800 hpac_breakpoints=675 bppf_distinct=676 hpac=245036ns bppf_internal=4806000ns bppf_wall=5535476ns
gen_n800_rho0.3_independent-positive_seed8.pcf: n=800 hpac_breakpoints=676 bppf_distinct=677 hpac=235109ns bppf_internal=4803000ns bppf_wall=5552764ns
gen_n800_rho0.3_independent-positive_seed9.pcf: n=800 hpac_breakpoints=689 bppf_distinct=690 hpac=223680ns bppf_internal=4915000ns bppf_wall=5642443ns
gen_n800_rho0.3_independent-signed_seed0.pcf: n=800 hpac_breakpoints=685 bppf_distinct=686 hpac=248375ns bppf_internal=4870000ns bppf_wall=5609120ns
gen_n800_rho0.3_independent-signed_seed1.pcf: n=800 hpac_breakpoints=667 bppf_distinct=668 hpac=239434ns bppf_internal=4760000ns bppf_wall=5530108ns
gen_n800_rho0.3_independent-signed_seed2.pcf: n=800 hpac_breakpoints=682 bppf_distinct=683 hpac=232178ns bppf_internal=4846000ns bppf_wall=5582454ns
gen_n800_rho0.3_independent-signed_seed3.pcf: n=800 hpac_breakpoints=709 bppf_distinct=710 hpac=220233ns bppf_internal=4986000ns bppf_wall=5740146ns
gen_n800_rho0.3_independent-signed_seed4.pcf: n=800 hpac_breakpoints=668 bppf_distinct=669 hpac=240734ns bppf_internal=4802000ns bppf_wall=5535580ns
gen_n800_rho0.3_independent-signed_seed5.pcf: n=800 hpac_breakpoints=690 bppf_distinct=691 hpac=222586ns bppf_internal=4879000ns bppf_wall=5621859ns
gen_n800_rho0.3_independent-signed_seed6.pcf: n=800 hpac_breakpoints=668 bppf_distinct=669 hpac=231051ns bppf_internal=4860000ns bppf_wall=5624443ns
gen_n800_rho0.3_independent-signed_seed7.pcf: n=800 hpac_breakpoints=692 bppf_distinct=693 hpac=236476ns bppf_internal=4934000ns bppf_wall=5667843ns
gen_n800_rho0.3_independent-signed_seed8.pcf: n=800 hpac_breakpoints=679 bppf_distinct=680 hpac=233083ns bppf_internal=4829000ns bppf_wall=5592694ns
gen_n800_rho0.3_independent-signed_seed9.pcf: n=800 hpac_breakpoints=693 bppf_distinct=694 hpac=222909ns bppf_internal=4952000ns bppf_wall=5689707ns
gen_n800_rho0.3_near-ties_seed0.pcf: n=800 hpac_breakpoints=186 bppf_distinct=187 hpac=234733ns bppf_internal=1553000ns bppf_wall=2213591ns
gen_n800_rho0.3_near-ties_seed1.pcf: n=800 hpac_breakpoints=179 bppf_distinct=180 hpac=221423ns bppf_internal=1527000ns bppf_wall=2198351ns
gen_n800_rho0.3_near-ties_seed2.pcf: n=800 hpac_breakpoints=183 bppf_distinct=184 hpac=226591ns bppf_internal=1553000ns bppf_wall=2235103ns
gen_n800_rho0.3_near-ties_seed3.pcf: n=800 hpac_breakpoints=181 bppf_distinct=182 hpac=226751ns bppf_internal=1519000ns bppf_wall=2172061ns
gen_n800_rho0.3_near-ties_seed4.pcf: n=800 hpac_breakpoints=180 bppf_distinct=181 hpac=212666ns bppf_internal=1506000ns bppf_wall=2150143ns
gen_n800_rho0.3_near-ties_seed5.pcf: n=800 hpac_breakpoints=180 bppf_distinct=181 hpac=210649ns bppf_internal=1510000ns bppf_wall=2165913ns
gen_n800_rho0.3_near-ties_seed6.pcf: n=800 hpac_breakpoints=188 bppf_distinct=189 hpac=211715ns bppf_internal=1562000ns bppf_wall=2211400ns
gen_n800_rho0.3_near-ties_seed7.pcf: n=800 hpac_breakpoints=187 bppf_distinct=188 hpac=223664ns bppf_internal=1624000ns bppf_wall=2356690ns
gen_n800_rho0.3_near-ties_seed8.pcf: n=800 hpac_breakpoints=194 bppf_distinct=195 hpac=231712ns bppf_internal=1623000ns bppf_wall=2291289ns
gen_n800_rho0.3_near-ties_seed9.pcf: n=800 hpac_breakpoints=182 bppf_distinct=183 hpac=231708ns bppf_internal=1527000ns bppf_wall=2189226ns
gen_n800_rho0.6_anti-correlated_seed0.pcf: n=800 hpac_breakpoints=542 bppf_distinct=543 hpac=459733ns bppf_internal=4153999ns bppf_wall=4898544ns
gen_n800_rho0.6_anti-correlated_seed1.pcf: n=800 hpac_breakpoints=561 bppf_distinct=562 hpac=459754ns bppf_internal=4255000ns bppf_wall=5016838ns
gen_n800_rho0.6_anti-correlated_seed2.pcf: n=800 hpac_breakpoints=553 bppf_distinct=554 hpac=482134ns bppf_internal=4215000ns bppf_wall=4980694ns
gen_n800_rho0.6_anti-correlated_seed3.pcf: n=800 hpac_breakpoints=570 bppf_distinct=571 hpac=419254ns bppf_internal=4398000ns bppf_wall=5180466ns
gen_n800_rho0.6_anti-correlated_seed4.pcf: n=800 hpac_breakpoints=539 bppf_distinct=540 hpac=480333ns bppf_internal=4137000ns bppf_wall=4867272ns
gen_n800_rho0.6_anti-correlated_seed5.pcf: n=800 hpac_breakpoints=552 bppf_distinct=553 hpac=436799ns bppf_internal=4201000ns bppf_wall=4949057ns
gen_n800_rho0.6_anti-correlated_seed6.pcf: n=800 hpac_breakpoints=567 bppf_distinct=568 hpac=431712ns bppf_internal=4298000ns bppf_wall=5044654ns
gen_n800_rho0.6_anti-correlated_seed7.pcf: n=800 hpac_breakpoints=572 bppf_distinct=573 hpac=496695ns bppf_internal=4352000ns bppf_wall=5129947ns
gen_n800_rho0.6_anti-correlated_seed8.pcf: n=800 hpac_breakpoints=557 bppf_distinct=558 hpac=491387ns bppf_internal=4263000ns bppf_wall=4994456ns
gen_n800_rho0.6_anti-correlated_seed9.pcf: n=800 hpac_breakpoints=563 bppf_distinct=564 hpac=433034ns bppf_internal=4295000ns bppf_wall=5050524ns
gen_n800_rho0.6_correlated_seed0.pcf: n=800 hpac_breakpoints=558 bppf_distinct=559 hpac=425975ns bppf_internal=4240000ns bppf_wall=5038249ns
gen_n800_rho0.6_correlated_seed1.pcf: n=800 hpac_breakpoints=555 bppf_distinct=556 hpac=453438ns bppf_internal=4234000ns bppf_wall=4964084ns
gen_n800_rho0.6_correlated_seed2.pcf: n=800 hpac_breakpoints=528 bppf_distinct=529 hpac=478917ns bppf_internal=4067000ns bppf_wall=4830294ns
gen_n800_rho0.6_correlated_seed3.pcf: n=800 hpac_breakpoints=564 bppf_distinct=565 hpac=388977ns bppf_internal=4265000ns bppf_wall=5020426ns
gen_n800_rho0.6_correlated_seed4.pcf: n=800 hpac_breakpoints=547 bppf_distinct=548 hpac=494142ns bppf_internal=4184000ns bppf_wall=4941093ns
gen_n800_rho0.6_correlated_seed5.pcf: n=800 hpac_breakpoints=543 bppf_distinct=544 hpac=432346ns bppf_internal=4149000ns bppf_wall=4893418ns
gen_n800_rho0.6_correlated_seed6.pcf: n=800 hpac_breakpoints=548 bppf_distinct=549 hpac=468498ns bppf_internal=4207000ns bppf_wall=4934034ns
gen_n800_rho0.6_correlated_seed7.pcf: n=800 hpac_breakpoints=536 bppf_distinct=536 hpac=507528ns bppf_internal=4103000ns bppf_wall=4846833ns
gen_n800_rho0.6_correlated_seed8.pcf: n=800 hpac_breakpoints=543 bppf_distinct=544 hpac=517559ns bppf_internal=4249000ns bppf_wall=5050587ns
gen_n800_rho0.6_correlated_seed9.pcf: n=800 hpac_breakpoints=534 bppf_distinct=535 hpac=423654ns bppf_internal=4104000ns bppf_wall=4826607ns
gen_n800_rho0.6_exact-ties_seed0.pcf: n=800 hpac_breakpoints=157 bppf_distinct=158 hpac=437940ns bppf_internal=1413000ns bppf_wall=2087962ns
gen_n800_rho0.6_exact-ties_seed1.pcf: n=800 hpac_breakpoints=156 bppf_distinct=157 hpac=375407ns bppf_internal=1394000ns bppf_wall=2053751ns
gen_n800_rho0.6_exact-ties_seed2.pcf: n=800 hpac_breakpoints=154 bppf_distinct=155 hpac=441918ns bppf_internal=1355000ns bppf_wall=2024537ns
gen_n800_rho0.6_exact-ties_seed3.pcf: n=800 hpac_breakpoints=160 bppf_distinct=161 hpac=408762ns bppf_internal=1405000ns bppf_wall=2069236ns
gen_n800_rho0.6_exact-ties_seed4.pcf: n=800 hpac_breakpoints=154 bppf_distinct=155 hpac=459574ns bppf_internal=1394000ns bppf_wall=2071400ns
gen_n800_rho0.6_exact-ties_seed5.pcf: n=800 hpac_breakpoints=168 bppf_distinct=169 hpac=397651ns bppf_internal=1466000ns bppf_wall=2140128ns
gen_n800_rho0.6_exact-ties_seed6.pcf: n=800 hpac_breakpoints=152 bppf_distinct=153 hpac=408357ns bppf_internal=1317000ns bppf_wall=1993025ns
gen_n800_rho0.6_exact-ties_seed7.pcf: n=800 hpac_breakpoints=172 bppf_distinct=173 hpac=423042ns bppf_internal=1526000ns bppf_wall=2197656ns
gen_n800_rho0.6_exact-ties_seed8.pcf: n=800 hpac_breakpoints=159 bppf_distinct=160 hpac=387634ns bppf_internal=1408000ns bppf_wall=2073327ns
gen_n800_rho0.6_exact-ties_seed9.pcf: n=800 hpac_breakpoints=167 bppf_distinct=168 hpac=421257ns bppf_internal=1481000ns bppf_wall=2161077ns
gen_n800_rho0.6_independent-positive_seed0.pcf: n=800 hpac_breakpoints=549 bppf_distinct=550 hpac=431426ns bppf_internal=4179000ns bppf_wall=4925278ns
gen_n800_rho0.6_independent-positive_seed1.pcf: n=800 hpac_breakpoints=540 bppf_distinct=541 hpac=431219ns bppf_internal=4144000ns bppf_wall=4895227ns
gen_n800_rho0.6_independent-positive_seed2.pcf: n=800 hpac_breakpoints=546 bppf_distinct=547 hpac=470342ns bppf_internal=4191000ns bppf_wall=4925847ns
gen_n800_rho0.6_independent-positive_seed3.pcf: n=800 hpac_breakpoints=571 bppf_distinct=572 hpac=418834ns bppf_internal=4312000ns bppf_wall=5079142ns
gen_n800_rho0.6_independent-positive_seed4.pcf: n=800 hpac_breakpoints=547 bppf_distinct=548 hpac=471625ns bppf_internal=4210000ns bppf_wall=4963941ns
gen_n800_rho0.6_independent-positive_seed5.pcf: n=800 hpac_breakpoints=551 bppf_distinct=552 hpac=463137ns bppf_internal=4241000ns bppf_wall=4972557ns
gen_n800_rho0.6_independent-positive_seed6.pcf: n=800 hpac_breakpoints=555 bppf_distinct=556 hpac=465533ns bppf_internal=4271000ns bppf_wall=5026330ns
gen_n800_rho0.6_independent-positive_seed7.pcf: n=800 hpac_breakpoints=557 bppf_distinct=558 hpac=413556ns bppf_internal=4239000ns bppf_wall=4965875ns
gen_n800_rho0.6_independent-positive_seed8.pcf: n=800 hpac_breakpoints=561 bppf_distinct=562 hpac=410805ns bppf_internal=4273000ns bppf_wall=5067588ns
gen_n800_rho0.6_independent-positive_seed9.pcf: n=800 hpac_breakpoints=570 bppf_distinct=571 hpac=462490ns bppf_internal=4357000ns bppf_wall=5092924ns
gen_n800_rho0.6_independent-signed_seed0.pcf: n=800 hpac_breakpoints=568 bppf_distinct=569 hpac=415258ns bppf_internal=4359000ns bppf_wall=5101677ns
gen_n800_rho0.6_independent-signed_seed1.pcf: n=800 hpac_breakpoints=559 bppf_distinct=560 hpac=441332ns bppf_internal=4287000ns bppf_wall=5030865ns
gen_n800_rho0.6_independent-signed_seed2.pcf: n=800 hpac_breakpoints=532 bppf_distinct=533 hpac=476666ns bppf_internal=4118000ns bppf_wall=4848575ns
gen_n800_rho0.6_independent-signed_seed3.pcf: n=800 hpac_breakpoints=583 bppf_distinct=584 hpac=394540ns bppf_internal=4416000ns bppf_wall=5165820ns
gen_n800_rho0.6_independent-signed_seed4.pcf: n=800 hpac_breakpoints=547 bppf_distinct=548 hpac=469152ns bppf_internal=4218000ns bppf_wall=4959479ns
gen_n800_rho0.6_independent-signed_seed5.pcf: n=800 hpac_breakpoints=553 bppf_distinct=554 hpac=464942ns bppf_internal=4234000ns bppf_wall=4973311ns
gen_n800_rho0.6_independent-signed_seed6.pcf: n=800 hpac_breakpoints=561 bppf_distinct=562 hpac=463060ns bppf_internal=4303000ns bppf_wall=5037379ns
gen_n800_rho0.6_independent-signed_seed7.pcf: n=800 hpac_breakpoints=550 bppf_distinct=551 hpac=430698ns bppf_internal=4208000ns bppf_wall=5057375ns
gen_n800_rho0.6_independent-signed_seed8.pcf: n=800 hpac_breakpoints=564 bppf_distinct=565 hpac=428841ns bppf_internal=4277000ns bppf_wall=5037985ns
gen_n800_rho0.6_independent-signed_seed9.pcf: n=800 hpac_breakpoints=553 bppf_distinct=554 hpac=441332ns bppf_internal=4260000ns bppf_wall=5059519ns
gen_n800_rho0.6_near-ties_seed0.pcf: n=800 hpac_breakpoints=199 bppf_distinct=200 hpac=426908ns bppf_internal=1749000ns bppf_wall=2427417ns
gen_n800_rho0.6_near-ties_seed1.pcf: n=800 hpac_breakpoints=206 bppf_distinct=207 hpac=426864ns bppf_internal=1792000ns bppf_wall=2464377ns
gen_n800_rho0.6_near-ties_seed2.pcf: n=800 hpac_breakpoints=200 bppf_distinct=201 hpac=413604ns bppf_internal=1733000ns bppf_wall=2415026ns
gen_n800_rho0.6_near-ties_seed3.pcf: n=800 hpac_breakpoints=216 bppf_distinct=217 hpac=442298ns bppf_internal=1981999ns bppf_wall=2710057ns
gen_n800_rho0.6_near-ties_seed4.pcf: n=800 hpac_breakpoints=196 bppf_distinct=197 hpac=427853ns bppf_internal=1727000ns bppf_wall=2422893ns
gen_n800_rho0.6_near-ties_seed5.pcf: n=800 hpac_breakpoints=207 bppf_distinct=208 hpac=407079ns bppf_internal=1791000ns bppf_wall=2463815ns
gen_n800_rho0.6_near-ties_seed6.pcf: n=800 hpac_breakpoints=202 bppf_distinct=203 hpac=428467ns bppf_internal=1773000ns bppf_wall=2443858ns
gen_n800_rho0.6_near-ties_seed7.pcf: n=800 hpac_breakpoints=201 bppf_distinct=202 hpac=450395ns bppf_internal=1755000ns bppf_wall=2427519ns
gen_n800_rho0.6_near-ties_seed8.pcf: n=800 hpac_breakpoints=199 bppf_distinct=200 hpac=413773ns bppf_internal=1731000ns bppf_wall=2400997ns
gen_n800_rho0.6_near-ties_seed9.pcf: n=800 hpac_breakpoints=210 bppf_distinct=211 hpac=391920ns bppf_internal=1820000ns bppf_wall=2520331ns
gen_n800_rho0.9_anti-correlated_seed0.pcf: n=800 hpac_breakpoints=455 bppf_distinct=456 hpac=1032008ns bppf_internal=3802000ns bppf_wall=4551442ns
gen_n800_rho0.9_anti-correlated_seed1.pcf: n=800 hpac_breakpoints=451 bppf_distinct=452 hpac=876813ns bppf_internal=3730000ns bppf_wall=4474373ns
gen_n800_rho0.9_anti-correlated_seed2.pcf: n=800 hpac_breakpoints=438 bppf_distinct=439 hpac=979468ns bppf_internal=3649000ns bppf_wall=4389998ns
gen_n800_rho0.9_anti-correlated_seed3.pcf: n=800 hpac_breakpoints=449 bppf_distinct=450 hpac=1027816ns bppf_internal=3685000ns bppf_wall=4452310ns
gen_n800_rho0.9_anti-correlated_seed4.pcf: n=800 hpac_breakpoints=424 bppf_distinct=425 hpac=1050515ns bppf_internal=3590000ns bppf_wall=4357286ns
gen_n800_rho0.9_anti-correlated_seed5.pcf: n=800 hpac_breakpoints=464 bppf_distinct=465 hpac=954397ns bppf_internal=3826000ns bppf_wall=4617158ns
gen_n800_rho0.9_anti-correlated_seed6.pcf: n=800 hpac_breakpoints=418 bppf_distinct=419 hpac=1049339ns bppf_internal=3532000ns bppf_wall=4276216ns
gen_n800_rho0.9_anti-correlated_seed7.pcf: n=800 hpac_breakpoints=439 bppf_distinct=440 hpac=1277606ns bppf_internal=3657000ns bppf_wall=4394074ns
gen_n800_rho0.9_anti-correlated_seed8.pcf: n=800 hpac_breakpoints=429 bppf_distinct=430 hpac=1252561ns bppf_internal=3580000ns bppf_wall=4329653ns
gen_n800_rho0.9_anti-correlated_seed9.pcf: n=800 hpac_breakpoints=443 bppf_distinct=444 hpac=896636ns bppf_internal=3693000ns bppf_wall=4429502ns
gen_n800_rho0.9_correlated_seed0.pcf: n=800 hpac_breakpoints=445 bppf_distinct=446 hpac=1001713ns bppf_internal=3659000ns bppf_wall=4410444ns
gen_n800_rho0.9_correlated_seed1.pcf: n=800 hpac_breakpoints=434 bppf_distinct=435 hpac=833031ns bppf_internal=3600000ns bppf_wall=4341315ns
gen_n800_rho0.9_correlated_seed2.pcf: n=800 hpac_breakpoints=460 bppf_distinct=461 hpac=968370ns bppf_internal=3791000ns bppf_wall=4537651ns
gen_n800_rho0.9_correlated_seed3.pcf: n=800 hpac_breakpoints=426 bppf_distinct=427 hpac=1009368ns bppf_internal=3559000ns bppf_wall=4304104ns
gen_n800_rho0.9_correlated_seed4.pcf: n=800 hpac_breakpoints=438 bppf_distinct=438 hpac=997480ns bppf_internal=3769000ns bppf_wall=4519471ns
gen_n800_rho0.9_correlated_seed5.pcf: n=800 hpac_breakpoints=443 bppf_distinct=444 hpac=921779ns bppf_internal=3689000ns bppf_wall=4482416ns
gen_n800_rho0.9_correlated_seed6.pcf: n=800 hpac_breakpoints=440 bppf_distinct=441 hpac=1016830ns bppf_internal=3675000ns bppf_wall=4408465ns
gen_n800_rho0.9_correlated_seed7.pcf: n=800 hpac_breakpoints=416 bppf_distinct=417 hpac=1319327ns bppf_internal=3511000ns bppf_wall=4246840ns
gen_n800_rho0.9_correlated_seed8.pcf: n=800 hpac_breakpoints=455 bppf_distinct=456 hpac=1200597ns bppf_internal=3754000ns bppf_wall=4527298ns
gen_n800_rho0.9_correlated_seed9.pcf: n=800 hpac_breakpoints=438 bppf_distinct=439 hpac=906576ns bppf_internal=3636000ns bppf_wall=4372699ns
gen_n800_rho0.9_exact-ties_seed0.pcf: n=800 hpac_breakpoints=168 bppf_distinct=169 hpac=807515ns bppf_internal=1645000ns bppf_wall=2336669ns
gen_n800_rho0.9_exact-ties_seed1.pcf: n=800 hpac_breakpoints=174 bppf_distinct=175 hpac=852364ns bppf_internal=1806000ns bppf_wall=2529927ns
gen_n800_rho0.9_exact-ties_seed2.pcf: n=800 hpac_breakpoints=181 bppf_distinct=182 hpac=823840ns bppf_internal=1745000ns bppf_wall=2456460ns
gen_n800_rho0.9_exact-ties_seed3.pcf: n=800 hpac_breakpoints=164 bppf_distinct=165 hpac=799218ns bppf_internal=1647000ns bppf_wall=2345891ns
gen_n800_rho0.9_exact-ties_seed4.pcf: n=800 hpac_breakpoints=182 bppf_distinct=183 hpac=865144ns bppf_internal=1766000ns bppf_wall=2466649ns
gen_n800_rho0.9_exact-ties_seed5.pcf: n=800 hpac_breakpoints=160 bppf_distinct=161 hpac=856278ns bppf_internal=1634000ns bppf_wall=2343799ns
gen_n800_rho0.9_exact-ties_seed6.pcf: n=800 hpac_breakpoints=161 bppf_distinct=162 hpac=1046986ns bppf_internal=1662000ns bppf_wall=2346853ns
gen_n800_rho0.9_exact-ties_seed7.pcf: n=800 hpac_breakpoints=151 bppf_distinct=152 hpac=1149431ns bppf_internal=1564000ns bppf_wall=2259853ns
gen_n800_rho0.9_exact-ties_seed8.pcf: n=800 hpac_breakpoints=165 bppf_distinct=166 hpac=1005457ns bppf_internal=1732000ns bppf_wall=2441975ns
gen_n800_rho0.9_exact-ties_seed9.pcf: n=800 hpac_breakpoints=156 bppf_distinct=157 hpac=910598ns bppf_internal=1613000ns bppf_wall=2345836ns
gen_n800_rho0.9_independent-positive_seed0.pcf: n=800 hpac_breakpoints=434 bppf_distinct=435 hpac=1230245ns bppf_internal=3669000ns bppf_wall=4410732ns
gen_n800_rho0.9_independent-positive_seed1.pcf: n=800 hpac_breakpoints=425 bppf_distinct=426 hpac=1027704ns bppf_internal=3581000ns bppf_wall=4361542ns
gen_n800_rho0.9_independent-positive_seed2.pcf: n=800 hpac_breakpoints=418 bppf_distinct=419 hpac=885879ns bppf_internal=3569000ns bppf_wall=4323051ns
gen_n800_rho0.9_independent-positive_seed3.pcf: n=800 hpac_breakpoints=445 bppf_distinct=446 hpac=923343ns bppf_internal=3703000ns bppf_wall=4477778ns
gen_n800_rho0.9_independent-positive_seed4.pcf: n=800 hpac_breakpoints=447 bppf_distinct=448 hpac=877961ns bppf_internal=3755000ns bppf_wall=4506478ns
gen_n800_rho0.9_independent-positive_seed5.pcf: n=800 hpac_breakpoints=456 bppf_distinct=457 hpac=946889ns bppf_internal=3766000ns bppf_wall=4544492ns
gen_n800_rho0.9_independent-positive_seed6.pcf: n=800 hpac_breakpoints=430 bppf_distinct=431 hpac=933307ns bppf_internal=3617000ns bppf_wall=4360883ns
gen_n800_rho0.9_independent-positive_seed7.pcf: n=800 hpac_breakpoints=450 bppf_distinct=451 hpac=832876ns bppf_internal=3747000ns bppf_wall=4495773ns
gen_n800_rho0.9_independent-positive_seed8.pcf: n=800 hpac_breakpoints=427 bppf_distinct=428 hpac=1070394ns bppf_internal=3628000ns bppf_wall=4362731ns
gen_n800_rho0.9_independent-positive_seed9.pcf: n=800 hpac_breakpoints=429 bppf_distinct=430 hpac=901309ns bppf_internal=3651000ns bppf_wall=4389868ns
gen_n800_rho0.9_independent-signed_seed0.pcf: n=800 hpac_breakpoints=413 bppf_distinct=414 hpac=1217794ns bppf_internal=3521000ns bppf_wall=4270411ns
gen_n800_rho0.9_independent-signed_seed1.pcf: n=800 hpac_breakpoints=437 bppf_distinct=438 hpac=1076036ns bppf_internal=3692000ns bppf_wall=4430013ns
gen_n800_rho0.9_independent-signed_seed2.pcf: n=800 hpac_breakpoints=435 bppf_distinct=436 hpac=812181ns bppf_internal=3696000ns bppf_wall=4423444ns
gen_n800_rho0.9_independent-signed_seed3.pcf: n=800 hpac_breakpoints=445 bppf_distinct=446 hpac=872803ns bppf_internal=3714000ns bppf_wall=4472964ns
gen_n800_rho0.9_independent-signed_seed4.pcf: n=800 hpac_breakpoints=430 bppf_distinct=431 hpac=891805ns bppf_internal=3609000ns bppf_wall=4350982ns
gen_n800_rho0.9_independent-signed_seed5.pcf: n=800 hpac_breakpoints=456 bppf_distinct=457 hpac=893776ns bppf_internal=3797000ns bppf_wall=4538815ns
gen_n800_rho0.9_independent-signed_seed6.pcf: n=800 hpac_breakpoints=426 bppf_distinct=427 hpac=939646ns bppf_internal=3595000ns bppf_wall=4341201ns
gen_n800_rho0.9_independent-signed_seed7.pcf: n=800 hpac_breakpoints=444 bppf_distinct=445 hpac=886476ns bppf_internal=3699000ns bppf_wall=4448963ns
gen_n800_rho0.9_independent-signed_seed8.pcf: n=800 hpac_breakpoints=450 bppf_distinct=451 hpac=1094848ns bppf_internal=3724000ns bppf_wall=4493126ns
gen_n800_rho0.9_independent-signed_seed9.pcf: n=800 hpac_breakpoints=421 bppf_distinct=422 hpac=1048206ns bppf_internal=3559000ns bppf_wall=4306929ns
gen_n800_rho0.9_near-ties_seed0.pcf: n=800 hpac_breakpoints=194 bppf_distinct=195 hpac=988283ns bppf_internal=1838000ns bppf_wall=2533334ns
gen_n800_rho0.9_near-ties_seed1.pcf: n=800 hpac_breakpoints=192 bppf_distinct=193 hpac=879101ns bppf_internal=1808000ns bppf_wall=2492134ns
gen_n800_rho0.9_near-ties_seed2.pcf: n=800 hpac_breakpoints=187 bppf_distinct=188 hpac=1258733ns bppf_internal=1792000ns bppf_wall=2488559ns
gen_n800_rho0.9_near-ties_seed3.pcf: n=800 hpac_breakpoints=194 bppf_distinct=195 hpac=951221ns bppf_internal=1804000ns bppf_wall=2524494ns
gen_n800_rho0.9_near-ties_seed4.pcf: n=800 hpac_breakpoints=197 bppf_distinct=198 hpac=1091109ns bppf_internal=1840000ns bppf_wall=2527259ns
gen_n800_rho0.9_near-ties_seed5.pcf: n=800 hpac_breakpoints=194 bppf_distinct=195 hpac=940258ns bppf_internal=1821000ns bppf_wall=2510053ns
gen_n800_rho0.9_near-ties_seed6.pcf: n=800 hpac_breakpoints=192 bppf_distinct=193 hpac=1007874ns bppf_internal=1809000ns bppf_wall=2507403ns
gen_n800_rho0.9_near-ties_seed7.pcf: n=800 hpac_breakpoints=192 bppf_distinct=193 hpac=1150880ns bppf_internal=1821000ns bppf_wall=2505664ns
gen_n800_rho0.9_near-ties_seed8.pcf: n=800 hpac_breakpoints=201 bppf_distinct=202 hpac=892712ns bppf_internal=1908000ns bppf_wall=2594795ns
gen_n800_rho0.9_near-ties_seed9.pcf: n=800 hpac_breakpoints=206 bppf_distinct=207 hpac=831068ns bppf_internal=1905000ns bppf_wall=2595484ns
gen_n800_rho1.0_anti-correlated_seed0.pcf: n=800 hpac_breakpoints=396 bppf_distinct=397 hpac=1236633ns bppf_internal=3424000ns bppf_wall=4179936ns
gen_n800_rho1.0_anti-correlated_seed1.pcf: n=800 hpac_breakpoints=392 bppf_distinct=393 hpac=1389921ns bppf_internal=3464000ns bppf_wall=4251818ns
gen_n800_rho1.0_anti-correlated_seed2.pcf: n=800 hpac_breakpoints=388 bppf_distinct=389 hpac=1524766ns bppf_internal=3400000ns bppf_wall=4172609ns
gen_n800_rho1.0_anti-correlated_seed3.pcf: n=800 hpac_breakpoints=424 bppf_distinct=425 hpac=1601785ns bppf_internal=3633000ns bppf_wall=4443595ns
gen_n800_rho1.0_anti-correlated_seed4.pcf: n=800 hpac_breakpoints=411 bppf_distinct=412 hpac=1595531ns bppf_internal=3573000ns bppf_wall=4339087ns
gen_n800_rho1.0_anti-correlated_seed5.pcf: n=800 hpac_breakpoints=421 bppf_distinct=422 hpac=1264145ns bppf_internal=3633000ns bppf_wall=4380014ns
gen_n800_rho1.0_anti-correlated_seed6.pcf: n=800 hpac_breakpoints=417 bppf_distinct=418 hpac=1243069ns bppf_internal=3579000ns bppf_wall=4327000ns
gen_n800_rho1.0_anti-correlated_seed7.pcf: n=800 hpac_breakpoints=406 bppf_distinct=407 hpac=1248143ns bppf_internal=3483000ns bppf_wall=4271389ns
gen_n800_rho1.0_anti-correlated_seed8.pcf: n=800 hpac_breakpoints=394 bppf_distinct=395 hpac=1696837ns bppf_internal=3470000ns bppf_wall=4226160ns
gen_n800_rho1.0_anti-correlated_seed9.pcf: n=800 hpac_breakpoints=398 bppf_distinct=399 hpac=1417252ns bppf_internal=3463000ns bppf_wall=4294261ns
gen_n800_rho1.0_correlated_seed0.pcf: n=800 hpac_breakpoints=413 bppf_distinct=414 hpac=1184250ns bppf_internal=3616000ns bppf_wall=4382371ns
gen_n800_rho1.0_correlated_seed1.pcf: n=800 hpac_breakpoints=395 bppf_distinct=396 hpac=1374306ns bppf_internal=3459000ns bppf_wall=4254012ns
gen_n800_rho1.0_correlated_seed2.pcf: n=800 hpac_breakpoints=388 bppf_distinct=389 hpac=1461435ns bppf_internal=3376000ns bppf_wall=4119554ns
gen_n800_rho1.0_correlated_seed3.pcf: n=800 hpac_breakpoints=395 bppf_distinct=396 hpac=1461559ns bppf_internal=3427000ns bppf_wall=4226106ns
gen_n800_rho1.0_correlated_seed4.pcf: n=800 hpac_breakpoints=409 bppf_distinct=410 hpac=1561429ns bppf_internal=3545000ns bppf_wall=4288460ns
gen_n800_rho1.0_correlated_seed5.pcf: n=800 hpac_breakpoints=414 bppf_distinct=415 hpac=1235400ns bppf_internal=3540000ns bppf_wall=4279623ns
gen_n800_rho1.0_correlated_seed6.pcf: n=800 hpac_breakpoints=397 bppf_distinct=398 hpac=1263594ns bppf_internal=3516000ns bppf_wall=4302232ns
gen_n800_rho1.0_correlated_seed7.pcf: n=800 hpac_breakpoints=394 bppf_distinct=395 hpac=1158514ns bppf_internal=3412000ns bppf_wall=4232534ns
gen_n800_rho1.0_correlated_seed8.pcf: n=800 hpac_breakpoints=421 bppf_distinct=421 hpac=1678095ns bppf_internal=3625000ns bppf_wall=4390092ns
gen_n800_rho1.0_correlated_seed9.pcf: n=800 hpac_breakpoints=403 bppf_distinct=404 hpac=1387177ns bppf_internal=3452000ns bppf_wall=4230713ns
gen_n800_rho1.0_exact-ties_seed0.pcf: n=800 hpac_breakpoints=163 bppf_distinct=164 hpac=1343007ns bppf_internal=1731000ns bppf_wall=2427390ns
gen_n800_rho1.0_exact-ties_seed1.pcf: n=800 hpac_breakpoints=173 bppf_distinct=174 hpac=1438511ns bppf_internal=1777000ns bppf_wall=2490006ns
gen_n800_rho1.0_exact-ties_seed2.pcf: n=800 hpac_breakpoints=167 bppf_distinct=168 hpac=1277332ns bppf_internal=1739000ns bppf_wall=2436676ns
gen_n800_rho1.0_exact-ties_seed3.pcf: n=800 hpac_breakpoints=156 bppf_distinct=157 hpac=1301302ns bppf_internal=1704000ns bppf_wall=2418185ns
gen_n800_rho1.0_exact-ties_seed4.pcf: n=800 hpac_breakpoints=155 bppf_distinct=156 hpac=1319016ns bppf_internal=1636000ns bppf_wall=2327809ns
gen_n800_rho1.0_exact-ties_seed5.pcf: n=800 hpac_breakpoints=162 bppf_distinct=163 hpac=1516196ns bppf_internal=1674000ns bppf_wall=2372809ns
gen_n800_rho1.0_exact-ties_seed6.pcf: n=800 hpac_breakpoints=172 bppf_distinct=173 hpac=1120302ns bppf_internal=1751000ns bppf_wall=2444948ns
gen_n800_rho1.0_exact-ties_seed7.pcf: n=800 hpac_breakpoints=171 bppf_distinct=172 hpac=1335484ns bppf_internal=1763000ns bppf_wall=2476313ns
gen_n800_rho1.0_exact-ties_seed8.pcf: n=800 hpac_breakpoints=160 bppf_distinct=161 hpac=1154001ns bppf_internal=1694000ns bppf_wall=2395079ns
gen_n800_rho1.0_exact-ties_seed9.pcf: n=800 hpac_breakpoints=163 bppf_distinct=164 hpac=1274575ns bppf_internal=1729000ns bppf_wall=2428879ns
gen_n800_rho1.0_independent-positive_seed0.pcf: n=800 hpac_breakpoints=397 bppf_distinct=398 hpac=1441039ns bppf_internal=3499000ns bppf_wall=4308393ns
gen_n800_rho1.0_independent-positive_seed1.pcf: n=800 hpac_breakpoints=378 bppf_distinct=379 hpac=1474472ns bppf_internal=3366000ns bppf_wall=4100171ns
gen_n800_rho1.0_independent-positive_seed2.pcf: n=800 hpac_breakpoints=403 bppf_distinct=404 hpac=1391650ns bppf_internal=3517000ns bppf_wall=4288800ns
gen_n800_rho1.0_independent-positive_seed3.pcf: n=800 hpac_breakpoints=391 bppf_distinct=392 hpac=1403101ns bppf_internal=3391000ns bppf_wall=4173238ns
gen_n800_rho1.0_independent-positive_seed4.pcf: n=800 hpac_breakpoints=390 bppf_distinct=391 hpac=1219046ns bppf_internal=3453000ns bppf_wall=4206663ns
gen_n800_rho1.0_independent-positive_seed5.pcf: n=800 hpac_breakpoints=396 bppf_distinct=397 hpac=1760922ns bppf_internal=3480000ns bppf_wall=4268571ns
gen_n800_rho1.0_independent-positive_seed6.pcf: n=800 hpac_breakpoints=418 bppf_distinct=419 hpac=1651689ns bppf_internal=3585000ns bppf_wall=4377746ns
gen_n800_rho1.0_independent-positive_seed7.pcf: n=800 hpac_breakpoints=410 bppf_distinct=411 hpac=1278681ns bppf_internal=3551000ns bppf_wall=4311069ns
gen_n800_rho1.0_independent-positive_seed8.pcf: n=800 hpac_breakpoints=397 bppf_distinct=398 hpac=1713516ns bppf_internal=3497000ns bppf_wall=4249996ns
gen_n800_rho1.0_independent-positive_seed9.pcf: n=800 hpac_breakpoints=384 bppf_distinct=385 hpac=1578692ns bppf_internal=3371000ns bppf_wall=4129470ns
gen_n800_rho1.0_independent-signed_seed0.pcf: n=800 hpac_breakpoints=388 bppf_distinct=389 hpac=1417364ns bppf_internal=3439000ns bppf_wall=4246612ns
gen_n800_rho1.0_independent-signed_seed1.pcf: n=800 hpac_breakpoints=380 bppf_distinct=381 hpac=1453918ns bppf_internal=3375000ns bppf_wall=4135301ns
gen_n800_rho1.0_independent-signed_seed2.pcf: n=800 hpac_breakpoints=397 bppf_distinct=398 hpac=1329767ns bppf_internal=3533000ns bppf_wall=4278131ns
gen_n800_rho1.0_independent-signed_seed3.pcf: n=800 hpac_breakpoints=386 bppf_distinct=387 hpac=1408761ns bppf_internal=3363000ns bppf_wall=4123816ns
gen_n800_rho1.0_independent-signed_seed4.pcf: n=800 hpac_breakpoints=404 bppf_distinct=405 hpac=1247117ns bppf_internal=3570000ns bppf_wall=4321039ns
gen_n800_rho1.0_independent-signed_seed5.pcf: n=800 hpac_breakpoints=401 bppf_distinct=402 hpac=1671339ns bppf_internal=3479000ns bppf_wall=4226685ns
gen_n800_rho1.0_independent-signed_seed6.pcf: n=800 hpac_breakpoints=411 bppf_distinct=412 hpac=1662779ns bppf_internal=3594000ns bppf_wall=4384652ns
gen_n800_rho1.0_independent-signed_seed7.pcf: n=800 hpac_breakpoints=418 bppf_distinct=419 hpac=1197339ns bppf_internal=3605000ns bppf_wall=4390288ns
gen_n800_rho1.0_independent-signed_seed8.pcf: n=800 hpac_breakpoints=402 bppf_distinct=403 hpac=1681108ns bppf_internal=3497000ns bppf_wall=4286761ns
gen_n800_rho1.0_independent-signed_seed9.pcf: n=800 hpac_breakpoints=391 bppf_distinct=392 hpac=1381382ns bppf_internal=3427000ns bppf_wall=4189215ns
gen_n800_rho1.0_near-ties_seed0.pcf: n=800 hpac_breakpoints=210 bppf_distinct=211 hpac=1329686ns bppf_internal=2003000ns bppf_wall=2699074ns
gen_n800_rho1.0_near-ties_seed1.pcf: n=800 hpac_breakpoints=201 bppf_distinct=202 hpac=1107235ns bppf_internal=1961000ns bppf_wall=2665491ns
gen_n800_rho1.0_near-ties_seed2.pcf: n=800 hpac_breakpoints=192 bppf_distinct=193 hpac=1457516ns bppf_internal=1884000ns bppf_wall=2610850ns
gen_n800_rho1.0_near-ties_seed3.pcf: n=800 hpac_breakpoints=199 bppf_distinct=200 hpac=1214816ns bppf_internal=1897000ns bppf_wall=2618236ns
gen_n800_rho1.0_near-ties_seed4.pcf: n=800 hpac_breakpoints=191 bppf_distinct=192 hpac=1109158ns bppf_internal=1874000ns bppf_wall=2565273ns
gen_n800_rho1.0_near-ties_seed5.pcf: n=800 hpac_breakpoints=198 bppf_distinct=199 hpac=1340544ns bppf_internal=1888000ns bppf_wall=2609575ns
gen_n800_rho1.0_near-ties_seed6.pcf: n=800 hpac_breakpoints=194 bppf_distinct=195 hpac=1193714ns bppf_internal=1903000ns bppf_wall=2622068ns
gen_n800_rho1.0_near-ties_seed7.pcf: n=800 hpac_breakpoints=195 bppf_distinct=196 hpac=1196912ns bppf_internal=1892000ns bppf_wall=2600291ns
gen_n800_rho1.0_near-ties_seed8.pcf: n=800 hpac_breakpoints=194 bppf_distinct=195 hpac=1654059ns bppf_internal=1888000ns bppf_wall=2588058ns
gen_n800_rho1.0_near-ties_seed9.pcf: n=800 hpac_breakpoints=203 bppf_distinct=204 hpac=1638612ns bppf_internal=1954000ns bppf_wall=2677297ns
gen_n900_rho0.3_anti-correlated_seed0.pcf: n=900 hpac_breakpoints=771 bppf_distinct=772 hpac=266663ns bppf_internal=6131000ns bppf_wall=6917819ns
gen_n900_rho0.3_anti-correlated_seed1.pcf: n=900 hpac_breakpoints=732 bppf_distinct=733 hpac=273447ns bppf_internal=5882000ns bppf_wall=6662340ns
gen_n900_rho0.3_anti-correlated_seed2.pcf: n=900 hpac_breakpoints=741 bppf_distinct=742 hpac=288117ns bppf_internal=5992000ns bppf_wall=6876885ns
gen_n900_rho0.3_anti-correlated_seed3.pcf: n=900 hpac_breakpoints=757 bppf_distinct=758 hpac=276051ns bppf_internal=6077000ns bppf_wall=6889650ns
gen_n900_rho0.3_anti-correlated_seed4.pcf: n=900 hpac_breakpoints=746 bppf_distinct=747 hpac=267080ns bppf_internal=5947000ns bppf_wall=6715368ns
gen_n900_rho0.3_anti-correlated_seed5.pcf: n=900 hpac_breakpoints=763 bppf_distinct=764 hpac=276910ns bppf_internal=6131000ns bppf_wall=6919262ns
gen_n900_rho0.3_anti-correlated_seed6.pcf: n=900 hpac_breakpoints=782 bppf_distinct=783 hpac=264303ns bppf_internal=6215000ns bppf_wall=6970021ns
gen_n900_rho0.3_anti-correlated_seed7.pcf: n=900 hpac_breakpoints=769 bppf_distinct=770 hpac=256956ns bppf_internal=6118000ns bppf_wall=6942093ns
gen_n900_rho0.3_anti-correlated_seed8.pcf: n=900 hpac_breakpoints=766 bppf_distinct=767 hpac=263490ns bppf_internal=6106000ns bppf_wall=6881680ns
gen_n900_rho0.3_anti-correlated_seed9.pcf: n=900 hpac_breakpoints=742 bppf_distinct=743 hpac=278945ns bppf_internal=5952000ns bppf_wall=6754630ns
gen_n900_rho0.3_correlated_seed0.pcf: n=900 hpac_breakpoints=766 bppf_distinct=767 hpac=258214ns bppf_internal=6081000ns bppf_wall=6890690ns
gen_n900_rho0.3_correlated_seed1.pcf: n=900 hpac_breakpoints=750 bppf_distinct=751 hpac=272841ns bppf_internal=6071000ns bppf_wall=6921753ns
gen_n900_rho0.3_correlated_seed2.pcf: n=900 hpac_breakpoints=743 bppf_distinct=744 hpac=272541ns bppf_internal=5923000ns bppf_wall=6693483ns
gen_n900_rho0.3_correlated_seed3.pcf: n=900 hpac_breakpoints=743 bppf_distinct=744 hpac=276820ns bppf_internal=5926000ns bppf_wall=6748173ns
gen_n900_rho0.3_correlated_seed4.pcf: n=900 hpac_breakpoints=748 bppf_distinct=749 hpac=256406ns bppf_internal=5988000ns bppf_wall=6755580ns
gen_n900_rho0.3_correlated_seed5.pcf: n=900 hpac_breakpoints=758 bppf_distinct=759 hpac=265109ns bppf_internal=6031000ns bppf_wall=6809434ns
gen_n900_rho0.3_correlated_seed6.pcf: n=900 hpac_breakpoints=747 bppf_distinct=748 hpac=274933ns bppf_internal=6117000ns bppf_wall=6975744ns
gen_n900_rho0.3_correlated_seed7.pcf: n=900 hpac_breakpoints=747 bppf_distinct=748 hpac=254686ns bppf_internal=6088000ns bppf_wall=6971724ns
gen_n900_rho0.3_correlated_seed8.pcf: n=900 hpac_breakpoints=735 bppf_distinct=736 hpac=326974ns bppf_internal=5973000ns bppf_wall=6908317ns
gen_n900_rho0.3_correlated_seed9.pcf: n=900 hpac_breakpoints=740 bppf_distinct=741 hpac=273039ns bppf_internal=5951000ns bppf_wall=6757253ns
gen_n900_rho0.3_exact-ties_seed0.pcf: n=900 hpac_breakpoints=135 bppf_distinct=136 hpac=238220ns bppf_internal=1201000ns bppf_wall=1878559ns
gen_n900_rho0.3_exact-ties_seed1.pcf: n=900 hpac_breakpoints=130 bppf_distinct=131 hpac=234861ns bppf_internal=1138000ns bppf_wall=1842407ns
gen_n900_rho0.3_exact-ties_seed2.pcf: n=900 hpac_breakpoints=148 bppf_distinct=149 hpac=258926ns bppf_internal=1319000ns bppf_wall=2003854ns
gen_n900_rho0.3_exact-ties_seed3.pcf: n=900 hpac_breakpoints=148 bppf_distinct=149 hpac=277014ns bppf_internal=1299000ns bppf_wall=1989838ns
gen_n900_rho0.3_exact-ties_seed4.pcf: n=900 hpac_breakpoints=128 bppf_distinct=129 hpac=224279ns bppf_internal=1107000ns bppf_wall=1799051ns
gen_n900_rho0.3_exact-ties_seed5.pcf: n=900 hpac_breakpoints=129 bppf_distinct=130 hpac=244589ns bppf_internal=1123000ns bppf_wall=1807725ns
gen_n900_rho0.3_exact-ties_seed6.pcf: n=900 hpac_breakpoints=136 bppf_distinct=137 hpac=236297ns bppf_internal=1203000ns bppf_wall=1886994ns
gen_n900_rho0.3_exact-ties_seed7.pcf: n=900 hpac_breakpoints=124 bppf_distinct=125 hpac=214004ns bppf_internal=1050000ns bppf_wall=1733109ns
gen_n900_rho0.3_exact-ties_seed8.pcf: n=900 hpac_breakpoints=145 bppf_distinct=146 hpac=235794ns bppf_internal=1258000ns bppf_wall=1939276ns
gen_n900_rho0.3_exact-ties_seed9.pcf: n=900 hpac_breakpoints=144 bppf_distinct=145 hpac=225603ns bppf_internal=1267000ns bppf_wall=1966181ns
gen_n900_rho0.3_independent-positive_seed0.pcf: n=900 hpac_breakpoints=754 bppf_distinct=755 hpac=285612ns bppf_internal=6061000ns bppf_wall=6854911ns
gen_n900_rho0.3_independent-positive_seed1.pcf: n=900 hpac_breakpoints=754 bppf_distinct=755 hpac=275320ns bppf_internal=6200000ns bppf_wall=7058838ns
gen_n900_rho0.3_independent-positive_seed2.pcf: n=900 hpac_breakpoints=759 bppf_distinct=760 hpac=274546ns bppf_internal=6216000ns bppf_wall=7063455ns
gen_n900_rho0.3_independent-positive_seed3.pcf: n=900 hpac_breakpoints=749 bppf_distinct=750 hpac=263125ns bppf_internal=6037000ns bppf_wall=6876504ns
gen_n900_rho0.3_independent-positive_seed4.pcf: n=900 hpac_breakpoints=755 bppf_distinct=756 hpac=279326ns bppf_internal=6083000ns bppf_wall=6922897ns
gen_n900_rho0.3_independent-positive_seed5.pcf: n=900 hpac_breakpoints=760 bppf_distinct=761 hpac=284580ns bppf_internal=6131000ns bppf_wall=6931860ns
gen_n900_rho0.3_independent-positive_seed6.pcf: n=900 hpac_breakpoints=764 bppf_distinct=765 hpac=270357ns bppf_internal=6112000ns bppf_wall=6887254ns
gen_n900_rho0.3_independent-positive_seed7.pcf: n=900 hpac_breakpoints=753 bppf_distinct=754 hpac=257784ns bppf_internal=6016000ns bppf_wall=6906456ns
gen_n900_rho0.3_independent-positive_seed8.pcf: n=900 hpac_breakpoints=754 bppf_distinct=755 hpac=276572ns bppf_internal=6029000ns bppf_wall=6848614ns
gen_n900_rho0.3_independent-positive_seed9.pcf: n=900 hpac_breakpoints=751 bppf_distinct=752 hpac=294257ns bppf_internal=6049000ns bppf_wall=6820920ns
gen_n900_rho0.3_independent-signed_seed0.pcf: n=900 hpac_breakpoints=757 bppf_distinct=758 hpac=272069ns bppf_internal=6085000ns bppf_wall=6884194ns
gen_n900_rho0.3_independent-signed_seed1.pcf: n=900 hpac_breakpoints=762 bppf_distinct=763 hpac=260312ns bppf_internal=6128000ns bppf_wall=6934722ns
gen_n900_rho0.3_independent-signed_seed2.pcf: n=900 hpac_breakpoints=773 bppf_distinct=774 hpac=270561ns bppf_internal=6170000ns bppf_wall=6955490ns
gen_n900_rho0.3_independent-signed_seed3.pcf: n=900 hpac_breakpoints=748 bppf_distinct=749 hpac=269213ns bppf_internal=5993000ns bppf_wall=6766764ns
gen_n900_rho0.3_independent-signed_seed4.pcf: n=900 hpac_breakpoints=759 bppf_distinct=760 hpac=269015ns bppf_internal=6069000ns bppf_wall=6854831ns
gen_n900_rho0.3_independent-signed_seed5.pcf: n=900 hpac_breakpoints=755 bppf_distinct=756 hpac=280276ns bppf_internal=6064000ns bppf_wall=6896953ns
gen_n900_rho0.3_independent-signed_seed6.pcf: n=900 hpac_breakpoints=773 bppf_distinct=774 hpac=264503ns bppf_internal=6175000ns bppf_wall=6978151ns
gen_n900_rho0.3_independent-signed_seed7.pcf: n=900 hpac_breakpoints=762 bppf_distinct=763 hpac=267216ns bppf_internal=6230000ns bppf_wall=7022224ns
gen_n900_rho0.3_independent-signed_seed8.pcf: n=900 hpac_breakpoints=762 bppf_distinct=763 hpac=263261ns bppf_internal=6089000ns bppf_wall=6892649ns
gen_n900_rho0.3_independent-signed_seed9.pcf: n=900 hpac_breakpoints=741 bppf_distinct=742 hpac=289673ns bppf_internal=5968000ns bppf_wall=6792525ns
gen_n900_rho0.3_near-ties_seed0.pcf: n=900 hpac_breakpoints=196 bppf_distinct=197 hpac=252554ns bppf_internal=1830000ns bppf_wall=2541549ns
gen_n900_rho0.3_near-ties_seed1.pcf: n=900 hpac_breakpoints=190 bppf_distinct=191 hpac=263334ns bppf_internal=1790000ns bppf_wall=2487855ns
gen_n900_rho0.3_near-ties_seed2.pcf: n=900 hpac_breakpoints=186 bppf_distinct=187 hpac=246427ns bppf_internal=1727000ns bppf_wall=2433537ns
gen_n900_rho0.3_near-ties_seed3.pcf: n=900 hpac_breakpoints=195 bppf_distinct=196 hpac=243657ns bppf_internal=1817000ns bppf_wall=2511893ns
gen_n900_rho0.3_near-ties_seed4.pcf: n=900 hpac_breakpoints=194 bppf_distinct=195 hpac=265146ns bppf_internal=1847000ns bppf_wall=2540229ns
gen_n900_rho0.3_near-ties_seed5.pcf: n=900 hpac_breakpoints=195 bppf_distinct=196 hpac=278398ns bppf_internal=1863000ns bppf_wall=2572415ns
gen_n900_rho0.3_near-ties_seed6.pcf: n=900 hpac_breakpoints=197 bppf_distinct=198 hpac=243019ns bppf_internal=1833000ns bppf_wall=2522640ns
gen_n900_rho0.3_near-ties_seed7.pcf: n=900 hpac_breakpoints=186 bppf_distinct=187 hpac=250498ns bppf_internal=1768000ns bppf_wall=2468678ns
gen_n900_rho0.3_near-ties_seed8.pcf: n=900 hpac_breakpoints=196 bppf_distinct=197 hpac=248372ns bppf_internal=1830000ns bppf_wall=2549857ns
gen_n900_rho0.3_near-ties_seed9.pcf: n=900 hpac_breakpoints=194 bppf_distinct=195 hpac=257076ns bppf_internal=1823000ns bppf_wall=2521919ns
gen_n900_rho0.6_anti-correlated_seed0.pcf: n=900 hpac_breakpoints=641 bppf_distinct=642 hpac=476206ns bppf_internal=5406000ns bppf_wall=6206764ns
gen_n900_rho0.6_anti-correlated_seed1.pcf: n=900 hpac_breakpoints=637 bppf_distinct=638 hpac=496297ns bppf_internal=5386000ns bppf_wall=6176121ns
gen_n900_rho0.6_anti-correlated_seed2.pcf: n=900 hpac_breakpoints=620 bppf_distinct=621 hpac=493142ns bppf_internal=5250000ns bppf_wall=6052573ns
gen_n900_rho0.6_anti-correlated_seed3.pcf: n=900 hpac_breakpoints=620 bppf_distinct=621 hpac=530621ns bppf_internal=5280000ns bppf_wall=6090001ns
gen_n900_rho0.6_anti-correlated_seed4.pcf: n=900 hpac_breakpoints=636 bppf_distinct=637 hpac=479509ns bppf_internal=5381000ns bppf_wall=6185367ns
gen_n900_rho0.6_anti-correlated_seed5.pcf: n=900 hpac_breakpoints=622 bppf_distinct=623 hpac=470336ns bppf_internal=5257000ns bppf_wall=6047363ns
gen_n900_rho0.6_anti-correlated_seed6.pcf: n=900 hpac_breakpoints=624 bppf_distinct=625 hpac=521704ns bppf_internal=5355000ns bppf_wall=6212595ns
gen_n900_rho0.6_anti-correlated_seed7.pcf: n=900 hpac_breakpoints=625 bppf_distinct=626 hpac=505648ns bppf_internal=5304000ns bppf_wall=6078686ns
gen_n900_rho0.6_anti-correlated_seed8.pcf: n=900 hpac_breakpoints=637 bppf_distinct=638 hpac=501329ns bppf_internal=5366000ns bppf_wall=6190867ns
gen_n900_rho0.6_anti-correlated_seed9.pcf: n=900 hpac_breakpoints=643 bppf_distinct=644 hpac=485304ns bppf_internal=5456000ns bppf_wall=6269172ns
gen_n900_rho0.6_correlated_seed0.pcf: n=900 hpac_breakpoints=635 bppf_distinct=635 hpac=473974ns bppf_internal=5418000ns bppf_wall=6270084ns
gen_n900_rho0.6_correlated_seed1.pcf: n=900 hpac_breakpoints=643 bppf_distinct=644 hpac=477795ns bppf_internal=5445000ns bppf_wall=6336266ns
gen_n900_rho0.6_correlated_seed2.pcf: n=900 hpac_breakpoints=619 bppf_distinct=620 hpac=482023ns bppf_internal=5271000ns bppf_wall=6111692ns
gen_n900_rho0.6_correlated_seed3.pcf: n=900 hpac_breakpoints=606 bppf_distinct=607 hpac=516345ns bppf_internal=5198000ns bppf_wall=5988473ns
gen_n900_rho0.6_correlated_seed4.pcf: n=900 hpac_breakpoints=620 bppf_distinct=621 hpac=444685ns bppf_internal=5252000ns bppf_wall=6051433ns
gen_n900_rho0.6_correlated_seed5.pcf: n=900 hpac_breakpoints=618 bppf_distinct=619 hpac=483600ns bppf_internal=5253000ns bppf_wall=6038113ns
gen_n900_rho0.6_correlated_seed6.pcf: n=900 hpac_breakpoints=619 bppf_distinct=619 hpac=484806ns bppf_internal=5273000ns bppf_wall=6067219ns
gen_n900_rho0.6_correlated_seed7.pcf: n=900 hpac_breakpoints=631 bppf_distinct=632 hpac=513752ns bppf_internal=5338000ns bppf_wall=6123731ns
gen_n900_rho0.6_correlated_seed8.pcf: n=900 hpac_breakpoints=618 bppf_distinct=619 hpac=493234ns bppf_internal=5233000ns bppf_wall=6011464ns
gen_n900_rho0.6_correlated_seed9.pcf: n=900 hpac_breakpoints=621 bppf_distinct=622 hpac=477829ns bppf_internal=5280000ns bppf_wall=6055772ns
gen_n900_rho0.6_exact-ties_seed0.pcf: n=900 hpac_breakpoints=188 bppf_distinct=189 hpac=444262ns bppf_internal=1821000ns bppf_wall=2547125ns
gen_n900_rho0.6_exact-ties_seed1.pcf: n=900 hpac_breakpoints=198 bppf_distinct=199 hpac=433976ns bppf_internal=1875000ns bppf_wall=2591511ns
gen_n900_rho0.6_exact-ties_seed2.pcf: n=900 hpac_breakpoints=170 bppf_distinct=171 hpac=434945ns bppf_internal=1694000ns bppf_wall=2403809ns
gen_n900_rho0.6_exact-ties_seed3.pcf: n=900 hpac_breakpoints=177 bppf_distinct=178 hpac=491446ns bppf_internal=1785000ns bppf_wall=2500620ns
gen_n900_rho0.6_exact-ties_seed4.pcf: n=900 hpac_breakpoints=181 bppf_distinct=182 hpac=454235ns bppf_internal=1774000ns bppf_wall=2502686ns
gen_n900_rho0.6_exact-ties_seed5.pcf: n=900 hpac_breakpoints=169 bppf_distinct=170 hpac=477528ns bppf_internal=1685000ns bppf_wall=2403876ns
gen_n900_rho0.6_exact-ties_seed6.pcf: n=900 hpac_breakpoints=187 bppf_distinct=188 hpac=440150ns bppf_internal=1846000ns bppf_wall=2550044ns
gen_n900_rho0.6_exact-ties_seed7.pcf: n=900 hpac_breakpoints=182 bppf_distinct=183 hpac=491876ns bppf_internal=1849000ns bppf_wall=2574345ns
gen_n900_rho0.6_exact-ties_seed8.pcf: n=900 hpac_breakpoints=168 bppf_distinct=169 hpac=459116ns bppf_internal=1644000ns bppf_wall=2363471ns
gen_n900_rho0.6_exact-ties_seed9.pcf: n=900 hpac_breakpoints=179 bppf_distinct=180 hpac=496828ns bppf_internal=1759000ns bppf_wall=2462084ns
gen_n900_rho0.6_independent-positive_seed0.pcf: n=900 hpac_breakpoints=637 bppf_distinct=638 hpac=505987ns bppf_internal=5432000ns bppf_wall=6268438ns
gen_n900_rho0.6_independent-positive_seed1.pcf: n=900 hpac_breakpoints=614 bppf_distinct=615 hpac=503973ns bppf_internal=5281000ns bppf_wall=6079152ns
gen_n900_rho0.6_independent-positive_seed2.pcf: n=900 hpac_breakpoints=627 bppf_distinct=628 hpac=483982ns bppf_internal=5357000ns bppf_wall=6154899ns
gen_n900_rho0.6_independent-positive_seed3.pcf: n=900 hpac_breakpoints=610 bppf_distinct=611 hpac=525340ns bppf_internal=5245000ns bppf_wall=6034173ns
gen_n900_rho0.6_independent-positive_seed4.pcf: n=900 hpac_breakpoints=643 bppf_distinct=644 hpac=537347ns bppf_internal=5475000ns bppf_wall=6318928ns
gen_n900_rho0.6_independent-positive_seed5.pcf: n=900 hpac_breakpoints=661 bppf_distinct=662 hpac=474265ns bppf_internal=5597000ns bppf_wall=6413639ns
gen_n900_rho0.6_independent-positive_seed6.pcf: n=900 hpac_breakpoints=634 bppf_distinct=635 hpac=527626ns bppf_internal=5411000ns bppf_wall=6211148ns
gen_n900_rho0.6_independent-positive_seed7.pcf: n=900 hpac_breakpoints=627 bppf_distinct=628 hpac=499344ns bppf_internal=5349000ns bppf_wall=6117743ns
gen_n900_rho0.6_independent-positive_seed8.pcf: n=900 hpac_breakpoints=621 bppf_distinct=622 hpac=600795ns bppf_internal=5353000ns bppf_wall=6138200ns
gen_n900_rho0.6_independent-positive_seed9.pcf: n=900 hpac_breakpoints=629 bppf_distinct=630 hpac=487923ns bppf_internal=5376000ns bppf_wall=6191607ns
gen_n900_rho0.6_independent-signed_seed0.pcf: n=900 hpac_breakpoints=657 bppf_distinct=658 hpac=497714ns bppf_internal=5656000ns bppf_wall=6472733ns
gen_n900_rho0.6_independent-signed_seed1.pcf: n=900 hpac_breakpoints=630 bppf_distinct=631 hpac=527036ns bppf_internal=5409000ns bppf_wall=6263247ns
gen_n900_rho0.6_independent-signed_seed2.pcf: n=900 hpac_breakpoints=626 bppf_distinct=627 hpac=503263ns bppf_internal=5331000ns bppf_wall=6124349ns
gen_n900_rho0.6_independent-signed_seed3.pcf: n=900 hpac_breakpoints=614 bppf_distinct=615 hpac=494249ns bppf_internal=5301000ns bppf_wall=6067818ns
gen_n900_rho0.6_independent-signed_seed4.pcf: n=900 hpac_breakpoints=620 bppf_distinct=621 hpac=520076ns bppf_internal=5292000ns bppf_wall=6099112ns
gen_n900_rho0.6_independent-signed_seed5.pcf: n=900 hpac_breakpoints=636 bppf_distinct=637 hpac=521998ns bppf_internal=5390000ns bppf_wall=6185411ns
gen_n900_rho0.6_independent-signed_seed6.pcf: n=900 hpac_breakpoints=615 bppf_distinct=616 hpac=550945ns bppf_internal=5373000ns bppf_wall=6208624ns
gen_n900_rho0.6_independent-signed_seed7.pcf: n=900 hpac_breakpoints=612 bppf_distinct=613 hpac=496039ns bppf_internal=5241000ns bppf_wall=6047827ns
gen_n900_rho0.6_independent-signed_seed8.pcf: n=900 hpac_breakpoints=616 bppf_distinct=617 hpac=588772ns bppf_internal=5268000ns bppf_wall=6047461ns
gen_n900_rho0.6_independent-signed_seed9.pcf: n=900 hpac_breakpoints=626 bppf_distinct=627 hpac=492208ns bppf_internal=5409000ns bppf_wall=6233734ns
gen_n900_rho0.6_near-ties_seed0.pcf: n=900 hpac_breakpoints=201 bppf_distinct=202 hpac=500632ns bppf_internal=1998000ns bppf_wall=2720674ns
gen_n900_rho0.6_near-ties_seed1.pcf: n=900 hpac_breakpoints=210 bppf_distinct=211 hpac=491610ns bppf_internal=2082000ns bppf_wall=2797225ns
gen_n900_rho0.6_near-ties_seed2.pcf: n=900 hpac_breakpoints=217 bppf_distinct=218 hpac=512761ns bppf_internal=2201000ns bppf_wall=2915705ns
gen_n900_rho0.6_near-ties_seed3.pcf: n=900 hpac_breakpoints=208 bppf_distinct=209 hpac=511912ns bppf_internal=2042000ns bppf_wall=2770142ns
gen_n900_rho0.6_near-ties_seed4.pcf: n=900 hpac_breakpoints=206 bppf_distinct=207 hpac=488551ns bppf_internal=2032000ns bppf_wall=2736246ns
gen_n900_rho0.6_near-ties_seed5.pcf: n=900 hpac_breakpoints=211 bppf_distinct=212 hpac=483334ns bppf_internal=2053999ns bppf_wall=2762521ns
gen_n900_rho0.6_near-ties_seed6.pcf: n=900 hpac_breakpoints=218 bppf_distinct=219 hpac=538658ns bppf_internal=2159000ns bppf_wall=2868302ns
gen_n900_rho0.6_near-ties_seed7.pcf: n=900 hpac_breakpoints=206 bppf_distinct=207 hpac=483134ns bppf_internal=2164000ns bppf_wall=2931086ns
gen_n900_rho0.6_near-ties_seed8.pcf: n=900 hpac_breakpoints=221 bppf_distinct=222 hpac=451027ns bppf_internal=2218000ns bppf_wall=2951185ns
gen_n900_rho0.6_near-ties_seed9.pcf: n=900 hpac_breakpoints=218 bppf_distinct=219 hpac=452345ns bppf_internal=2139000ns bppf_wall=2835348ns
gen_n900_rho0.9_anti-correlated_seed0.pcf: n=900 hpac_breakpoints=478 bppf_distinct=479 hpac=1178928ns bppf_internal=4449000ns bppf_wall=5218199ns
gen_n900_rho0.9_anti-correlated_seed1.pcf: n=900 hpac_breakpoints=495 bppf_distinct=496 hpac=941003ns bppf_internal=4562000ns bppf_wall=5427574ns
gen_n900_rho0.9_anti-correlated_seed2.pcf: n=900 hpac_breakpoints=498 bppf_distinct=499 hpac=1066318ns bppf_internal=4647000ns bppf_wall=5430523ns
gen_n900_rho0.9_anti-correlated_seed3.pcf: n=900 hpac_breakpoints=507 bppf_distinct=508 hpac=1192587ns bppf_internal=4733000ns bppf_wall=5537475ns
gen_n900_rho0.9_anti-correlated_seed4.pcf: n=900 hpac_breakpoints=509 bppf_distinct=510 hpac=1097906ns bppf_internal=4707000ns bppf_wall=5484906ns
gen_n900_rho0.9_anti-correlated_seed5.pcf: n=900 hpac_breakpoints=474 bppf_distinct=475 hpac=1295342ns bppf_internal=4455000ns bppf_wall=5259793ns
gen_n900_rho0.9_anti-correlated_seed6.pcf: n=900 hpac_breakpoints=510 bppf_distinct=511 hpac=1205507ns bppf_internal=4679000ns bppf_wall=5474148ns
gen_n900_rho0.9_anti-correlated_seed7.pcf: n=900 hpac_breakpoints=488 bppf_distinct=489 hpac=1188888ns bppf_internal=4605000ns bppf_wall=5395526ns
gen_n900_rho0.9_anti-correlated_seed8.pcf: n=900 hpac_breakpoints=504 bppf_distinct=505 hpac=1095985ns bppf_internal=4630000ns bppf_wall=5420017ns
gen_n900_rho0.9_anti-correlated_seed9.pcf: n=900 hpac_breakpoints=487 bppf_distinct=488 hpac=1078603ns bppf_internal=4554000ns bppf_wall=5333160ns
gen_n900_rho0.9_correlated_seed0.pcf: n=900 hpac_breakpoints=485 bppf_distinct=486 hpac=1185259ns bppf_internal=4604000ns bppf_wall=5436750ns
gen_n900_rho0.9_correlated_seed1.pcf: n=900 hpac_breakpoints=519 bppf_distinct=519 hpac=914909ns bppf_internal=4733000ns bppf_wall=5525323ns
gen_n900_rho0.9_correlated_seed2.pcf: n=900 hpac_breakpoints=484 bppf_distinct=485 hpac=1037445ns bppf_internal=4517000ns bppf_wall=5312544ns
gen_n900_rho0.9_correlated_seed3.pcf: n=900 hpac_breakpoints=497 bppf_distinct=498 hpac=1054679ns bppf_internal=4577000ns bppf_wall=5365926ns
gen_n900_rho0.9_correlated_seed4.pcf: n=900 hpac_breakpoints=512 bppf_distinct=513 hpac=1089869ns bppf_internal=4715000ns bppf_wall=5542127ns
gen_n900_rho0.9_correlated_seed5.pcf: n=900 hpac_breakpoints=491 bppf_distinct=492 hpac=1279809ns bppf_internal=4584000ns bppf_wall=5365064ns
gen_n900_rho0.9_correlated_seed6.pcf: n=900 hpac_breakpoints=468 bppf_distinct=469 hpac=1198410ns bppf_internal=4466000ns bppf_wall=5285556ns
gen_n900_rho0.9_correlated_seed7.pcf: n=900 hpac_breakpoints=491 bppf_distinct=492 hpac=1110011ns bppf_internal=4580000ns bppf_wall=5366511ns
gen_n900_rho0.9_correlated_seed8.pcf: n=900 hpac_breakpoints=469 bppf_distinct=470 hpac=1142980ns bppf_internal=4390000ns bppf_wall=5178470ns
gen_n900_rho0.9_correlated_seed9.pcf: n=900 hpac_breakpoints=515 bppf_distinct=516 hpac=1039629ns bppf_internal=4701000ns bppf_wall=5513590ns
gen_n900_rho0.9_exact-ties_seed0.pcf: n=900 hpac_breakpoints=176 bppf_distinct=177 hpac=1176693ns bppf_internal=2000000ns bppf_wall=2729923ns
gen_n900_rho0.9_exact-ties_seed1.pcf: n=900 hpac_breakpoints=182 bppf_distinct=183 hpac=989389ns bppf_internal=2019000ns bppf_wall=2763507ns
gen_n900_rho0.9_exact-ties_seed2.pcf: n=900 hpac_breakpoints=199 bppf_distinct=200 hpac=903449ns bppf_internal=2168000ns bppf_wall=2900317ns
gen_n900_rho0.9_exact-ties_seed3.pcf: n=900 hpac_breakpoints=193 bppf_distinct=194 hpac=1011688ns bppf_internal=2144000ns bppf_wall=2869206ns
gen_n900_rho0.9_exact-ties_seed4.pcf: n=900 hpac_breakpoints=196 bppf_distinct=197 hpac=1116239ns bppf_internal=2147000ns bppf_wall=2873083ns
gen_n900_rho0.9_exact-ties_seed5.pcf: n=900 hpac_breakpoints=189 bppf_distinct=190 hpac=934330ns bppf_internal=2043000ns bppf_wall=2770776ns
gen_n900_rho0.9_exact-ties_seed6.pcf: n=900 hpac_breakpoints=193 bppf_distinct=194 hpac=1008032ns bppf_internal=2159000ns bppf_wall=2887562ns
gen_n900_rho0.9_exact-ties_seed7.pcf: n=900 hpac_breakpoints=188 bppf_distinct=189 hpac=1061359ns bppf_internal=2107000ns bppf_wall=2837935ns
gen_n900_rho0.9_exact-ties_seed8.pcf: n=900 hpac_breakpoints=190 bppf_distinct=191 hpac=1350184ns bppf_internal=2155000ns bppf_wall=2895951ns
gen_n900_rho0.9_exact-ties_seed9.pcf: n=900 hpac_breakpoints=203 bppf_distinct=204 hpac=1016077ns bppf_internal=2206000ns bppf_wall=2963703ns
gen_n900_rho0.9_independent-positive_seed0.pcf: n=900 hpac_breakpoints=498 bppf_distinct=499 hpac=1143559ns bppf_internal=4629000ns bppf_wall=5442878ns
gen_n900_rho0.9_independent-positive_seed1.pcf: n=900 hpac_breakpoints=500 bppf_distinct=501 hpac=1249507ns bppf_internal=4672000ns bppf_wall=5443489ns
gen_n900_rho0.9_independent-positive_seed2.pcf: n=900 hpac_breakpoints=515 bppf_distinct=516 hpac=1016315ns bppf_internal=4755000ns bppf_wall=5556641ns
gen_n900_rho0.9_independent-positive_seed3.pcf: n=900 hpac_breakpoints=492 bppf_distinct=493 hpac=1194027ns bppf_internal=4608000ns bppf_wall=5399793ns
gen_n900_rho0.9_independent-positive_seed4.pcf: n=900 hpac_breakpoints=498 bppf_distinct=499 hpac=1038558ns bppf_internal=4659000ns bppf_wall=5434709ns
gen_n900_rho0.9_independent-positive_seed5.pcf: n=900 hpac_breakpoints=488 bppf_distinct=489 hpac=1332964ns bppf_internal=4574000ns bppf_wall=5354611ns
gen_n900_rho0.9_independent-positive_seed6.pcf: n=900 hpac_breakpoints=457 bppf_distinct=458 hpac=1107696ns bppf_internal=4334000ns bppf_wall=5139478ns
gen_n900_rho0.9_independent-positive_seed7.pcf: n=900 hpac_breakpoints=495 bppf_distinct=496 hpac=1102175ns bppf_internal=4633000ns bppf_wall=5442842ns
gen_n900_rho0.9_independent-positive_seed8.pcf: n=900 hpac_breakpoints=495 bppf_distinct=496 hpac=1000921ns bppf_internal=4622000ns bppf_wall=5410314ns
gen_n900_rho0.9_independent-positive_seed9.pcf: n=900 hpac_breakpoints=486 bppf_distinct=487 hpac=1120624ns bppf_internal=4679000ns bppf_wall=5503849ns
gen_n900_rho0.9_independent-signed_seed0.pcf: n=900 hpac_breakpoints=511 bppf_distinct=512 hpac=1108437ns bppf_internal=4710000ns bppf_wall=5520589ns
gen_n900_rho0.9_independent-signed_seed1.pcf: n=900 hpac_breakpoints=483 bppf_distinct=484 hpac=1190016ns bppf_internal=4630000ns bppf_wall=5430423ns
gen_n900_rho0.9_independent-signed_seed2.pcf: n=900 hpac_breakpoints=498 bppf_distinct=499 hpac=1024462ns bppf_internal=4633000ns bppf_wall=5430726ns
gen_n900_rho0.9_independent-signed_seed3.pcf: n=900 hpac_breakpoints=504 bppf_distinct=505 hpac=1165416ns bppf_internal=4680000ns bppf_wall=5480705ns
gen_n900_rho0.9_independent-signed_seed4.pcf: n=900 hpac_breakpoints=499 bppf_distinct=500 hpac=1012123ns bppf_internal=4616000ns bppf_wall=5414641ns
gen_n900_rho0.9_independent-signed_seed5.pcf: n=900 hpac_breakpoints=481 bppf_distinct=482 hpac=1277303ns bppf_internal=4653000ns bppf_wall=5433940ns
gen_n900_rho0.9_independent-signed_seed6.pcf: n=900 hpac_breakpoints=467 bppf_distinct=468 hpac=1076040ns bppf_internal=4452000ns bppf_wall=5230881ns
gen_n900_rho0.9_independent-signed_seed7.pcf: n=900 hpac_breakpoints=476 bppf_distinct=477 hpac=1145151ns bppf_internal=4481000ns bppf_wall=5281135ns
gen_n900_rho0.9_independent-signed_seed8.pcf: n=900 hpac_breakpoints=504 bppf_distinct=505 hpac=976897ns bppf_internal=4670000ns bppf_wall=5472371ns
gen_n900_rho0.9_independent-signed_seed9.pcf: n=900 hpac_breakpoints=505 bppf_distinct=506 hpac=1121518ns bppf_internal=4662000ns bppf_wall=5498948ns
gen_n900_rho0.9_near-ties_seed0.pcf: n=900 hpac_breakpoints=211 bppf_distinct=212 hpac=1162191ns bppf_internal=2264000ns bppf_wall=3018805ns
gen_n900_rho0.9_near-ties_seed1.pcf: n=900 hpac_breakpoints=214 bppf_distinct=215 hpac=1146732ns bppf_internal=2240000ns bppf_wall=2986161ns
gen_n900_rho0.9_near-ties_seed2.pcf: n=900 hpac_breakpoints=214 bppf_distinct=215 hpac=966435ns bppf_internal=2193000ns bppf_wall=2958835ns
gen_n900_rho0.9_near-ties_seed3.pcf: n=900 hpac_breakpoints=201 bppf_distinct=202 hpac=1119093ns bppf_internal=2145000ns bppf_wall=2865802ns
gen_n900_rho0.9_near-ties_seed4.pcf: n=900 hpac_breakpoints=220 bppf_distinct=221 hpac=1049574ns bppf_internal=2276000ns bppf_wall=3012432ns
gen_n900_rho0.9_near-ties_seed5.pcf: n=900 hpac_breakpoints=213 bppf_distinct=214 hpac=1068775ns bppf_internal=2223000ns bppf_wall=2947619ns
gen_n900_rho0.9_near-ties_seed6.pcf: n=900 hpac_breakpoints=217 bppf_distinct=218 hpac=1037090ns bppf_internal=2246000ns bppf_wall=2977004ns
gen_n900_rho0.9_near-ties_seed7.pcf: n=900 hpac_breakpoints=216 bppf_distinct=217 hpac=1122106ns bppf_internal=2269000ns bppf_wall=3027385ns
gen_n900_rho0.9_near-ties_seed8.pcf: n=900 hpac_breakpoints=219 bppf_distinct=220 hpac=1054676ns bppf_internal=2462000ns bppf_wall=3283948ns
gen_n900_rho0.9_near-ties_seed9.pcf: n=900 hpac_breakpoints=213 bppf_distinct=214 hpac=1103478ns bppf_internal=2255000ns bppf_wall=3028022ns
gen_n900_rho1.0_anti-correlated_seed0.pcf: n=900 hpac_breakpoints=457 bppf_distinct=458 hpac=1718248ns bppf_internal=4397000ns bppf_wall=5198778ns
gen_n900_rho1.0_anti-correlated_seed1.pcf: n=900 hpac_breakpoints=441 bppf_distinct=441 hpac=1478817ns bppf_internal=4232000ns bppf_wall=5036776ns
gen_n900_rho1.0_anti-correlated_seed2.pcf: n=900 hpac_breakpoints=470 bppf_distinct=471 hpac=1950670ns bppf_internal=4517000ns bppf_wall=5319654ns
gen_n900_rho1.0_anti-correlated_seed3.pcf: n=900 hpac_breakpoints=443 bppf_distinct=444 hpac=1702369ns bppf_internal=4321000ns bppf_wall=5142820ns
gen_n900_rho1.0_anti-correlated_seed4.pcf: n=900 hpac_breakpoints=429 bppf_distinct=430 hpac=1370400ns bppf_internal=4207000ns bppf_wall=5032575ns
gen_n900_rho1.0_anti-correlated_seed5.pcf: n=900 hpac_breakpoints=470 bppf_distinct=471 hpac=1403980ns bppf_internal=4450000ns bppf_wall=5254879ns
gen_n900_rho1.0_anti-correlated_seed6.pcf: n=900 hpac_breakpoints=445 bppf_distinct=446 hpac=1791923ns bppf_internal=4337000ns bppf_wall=5131558ns
gen_n900_rho1.0_anti-correlated_seed7.pcf: n=900 hpac_breakpoints=444 bppf_distinct=445 hpac=1362676ns bppf_internal=4303000ns bppf_wall=5096922ns
gen_n900_rho1.0_anti-correlated_seed8.pcf: n=900 hpac_breakpoints=440 bppf_distinct=441 hpac=1804260ns bppf_internal=4255000ns bppf_wall=5052836ns
gen_n900_rho1.0_anti-correlated_seed9.pcf: n=900 hpac_breakpoints=438 bppf_distinct=439 hpac=1313658ns bppf_internal=4329000ns bppf_wall=5150913ns
gen_n900_rho1.0_correlated_seed0.pcf: n=900 hpac_breakpoints=427 bppf_distinct=427 hpac=1630582ns bppf_internal=4158000ns bppf_wall=4956511ns
gen_n900_rho1.0_correlated_seed1.pcf: n=900 hpac_breakpoints=453 bppf_distinct=454 hpac=1405051ns bppf_internal=4359000ns bppf_wall=5142627ns
gen_n900_rho1.0_correlated_seed2.pcf: n=900 hpac_breakpoints=451 bppf_distinct=452 hpac=1954526ns bppf_internal=4347000ns bppf_wall=5152500ns
gen_n900_rho1.0_correlated_seed3.pcf: n=900 hpac_breakpoints=433 bppf_distinct=434 hpac=1563988ns bppf_internal=4235000ns bppf_wall=5021541ns
gen_n900_rho1.0_correlated_seed4.pcf: n=900 hpac_breakpoints=458 bppf_distinct=459 hpac=1348295ns bppf_internal=4366000ns bppf_wall=5191105ns
gen_n900_rho1.0_correlated_seed5.pcf: n=900 hpac_breakpoints=465 bppf_distinct=466 hpac=1395154ns bppf_internal=4488000ns bppf_wall=5308085ns
gen_n900_rho1.0_correlated_seed6.pcf: n=900 hpac_breakpoints=439 bppf_distinct=440 hpac=1991158ns bppf_internal=4257000ns bppf_wall=5057436ns
gen_n900_rho1.0_correlated_seed7.pcf: n=900 hpac_breakpoints=446 bppf_distinct=447 hpac=1362013ns bppf_internal=4296000ns bppf_wall=5084006ns
gen_n900_rho1.0_correlated_seed8.pcf: n=900 hpac_breakpoints=470 bppf_distinct=471 hpac=1730988ns bppf_internal=4514000ns bppf_wall=5328439ns
gen_n900_rho1.0_correlated_seed9.pcf: n=900 hpac_breakpoints=428 bppf_distinct=429 hpac=1322459ns bppf_internal=4189000ns bppf_wall=4993687ns
gen_n900_rho1.0_exact-ties_seed0.pcf: n=900 hpac_breakpoints=177 bppf_distinct=178 hpac=1368326ns bppf_internal=2071000ns bppf_wall=2809014ns
gen_n900_rho1.0_exact-ties_seed1.pcf: n=900 hpac_breakpoints=164 bppf_distinct=165 hpac=1503463ns bppf_internal=1978000ns bppf_wall=2709762ns
gen_n900_rho1.0_exact-ties_seed2.pcf: n=900 hpac_breakpoints=189 bppf_distinct=190 hpac=1854443ns bppf_internal=2154000ns bppf_wall=2893055ns
gen_n900_rho1.0_exact-ties_seed3.pcf: n=900 hpac_breakpoints=191 bppf_distinct=192 hpac=1551221ns bppf_internal=2221000ns bppf_wall=2968695ns
gen_n900_rho1.0_exact-ties_seed4.pcf: n=900 hpac_breakpoints=182 bppf_distinct=183 hpac=1540396ns bppf_internal=2134000ns bppf_wall=2879069ns
gen_n900_rho1.0_exact-ties_seed5.pcf: n=900 hpac_breakpoints=169 bppf_distinct=170 hpac=1410700ns bppf_internal=2007000ns bppf_wall=2740131ns
gen_n900_rho1.0_exact-ties_seed6.pcf: n=900 hpac_breakpoints=171 bppf_distinct=172 hpac=1481605ns bppf_internal=2066000ns bppf_wall=2822137ns
gen_n900_rho1.0_exact-ties_seed7.pcf: n=900 hpac_breakpoints=191 bppf_distinct=192 hpac=1915377ns bppf_internal=2176000ns bppf_wall=2902976ns
gen_n900_rho1.0_exact-ties_seed8.pcf: n=900 hpac_breakpoints=186 bppf_distinct=187 hpac=1630664ns bppf_internal=2130000ns bppf_wall=2885067ns
gen_n900_rho1.0_exact-ties_seed9.pcf: n=900 hpac_breakpoints=184 bppf_distinct=185 hpac=1367794ns bppf_internal=2196000ns bppf_wall=2952309ns
gen_n900_rho1.0_independent-positive_seed0.pcf: n=900 hpac_breakpoints=464 bppf_distinct=465 hpac=1457502ns bppf_internal=4435000ns bppf_wall=5313590ns
gen_n900_rho1.0_independent-positive_seed1.pcf: n=900 hpac_breakpoints=415 bppf_distinct=416 hpac=1900347ns bppf_internal=4131000ns bppf_wall=4931318ns
gen_n900_rho1.0_independent-positive_seed2.pcf: n=900 hpac_breakpoints=475 bppf_distinct=476 hpac=1423534ns bppf_internal=4571000ns bppf_wall=5360898ns
gen_n900_rho1.0_independent-positive_seed3.pcf: n=900 hpac_breakpoints=478 bppf_distinct=479 hpac=1591780ns bppf_internal=4582000ns bppf_wall=5372203ns
gen_n900_rho1.0_independent-positive_seed4.pcf: n=900 hpac_breakpoints=435 bppf_distinct=436 hpac=1486978ns bppf_internal=4265000ns bppf_wall=5070303ns
gen_n900_rho1.0_independent-positive_seed5.pcf: n=900 hpac_breakpoints=456 bppf_distinct=457 hpac=1622671ns bppf_internal=4544000ns bppf_wall=5368868ns
gen_n900_rho1.0_independent-positive_seed6.pcf: n=900 hpac_breakpoints=468 bppf_distinct=469 hpac=1531566ns bppf_internal=4509000ns bppf_wall=5295351ns
gen_n900_rho1.0_independent-positive_seed7.pcf: n=900 hpac_breakpoints=429 bppf_distinct=430 hpac=2144396ns bppf_internal=4220000ns bppf_wall=5016535ns
gen_n900_rho1.0_independent-positive_seed8.pcf: n=900 hpac_breakpoints=453 bppf_distinct=454 hpac=1883014ns bppf_internal=4478000ns bppf_wall=5286706ns
gen_n900_rho1.0_independent-positive_seed9.pcf: n=900 hpac_breakpoints=462 bppf_distinct=463 hpac=1354558ns bppf_internal=4437000ns bppf_wall=5279455ns
gen_n900_rho1.0_independent-signed_seed0.pcf: n=900 hpac_breakpoints=484 bppf_distinct=485 hpac=1434354ns bppf_internal=4592000ns bppf_wall=5441369ns
gen_n900_rho1.0_independent-signed_seed1.pcf: n=900 hpac_breakpoints=424 bppf_distinct=425 hpac=1832439ns bppf_internal=4192000ns bppf_wall=4996166ns
gen_n900_rho1.0_independent-signed_seed2.pcf: n=900 hpac_breakpoints=457 bppf_distinct=458 hpac=1455369ns bppf_internal=4395000ns bppf_wall=5192086ns
gen_n900_rho1.0_independent-signed_seed3.pcf: n=900 hpac_breakpoints=465 bppf_distinct=466 hpac=1640776ns bppf_internal=4460000ns bppf_wall=5268515ns
gen_n900_rho1.0_independent-signed_seed4.pcf: n=900 hpac_breakpoints=452 bppf_distinct=453 hpac=1395333ns bppf_internal=4396000ns bppf_wall=5189897ns
gen_n900_rho1.0_independent-signed_seed5.pcf: n=900 hpac_breakpoints=464 bppf_distinct=465 hpac=1588722ns bppf_internal=4446000ns bppf_wall=5240424ns
gen_n900_rho1.0_independent-signed_seed6.pcf: n=900 hpac_breakpoints=469 bppf_distinct=470 hpac=1475473ns bppf_internal=4505000ns bppf_wall=5312407ns
gen_n900_rho1.0_independent-signed_seed7.pcf: n=900 hpac_breakpoints=427 bppf_distinct=428 hpac=2174747ns bppf_internal=4216000ns bppf_wall=5021786ns
gen_n900_rho1.0_independent-signed_seed8.pcf: n=900 hpac_breakpoints=431 bppf_distinct=432 hpac=1977713ns bppf_internal=4223000ns bppf_wall=5018268ns
gen_n900_rho1.0_independent-signed_seed9.pcf: n=900 hpac_breakpoints=448 bppf_distinct=449 hpac=1390314ns bppf_internal=4382000ns bppf_wall=5206642ns
gen_n900_rho1.0_near-ties_seed0.pcf: n=900 hpac_breakpoints=211 bppf_distinct=212 hpac=1120932ns bppf_internal=2267000ns bppf_wall=3046199ns
gen_n900_rho1.0_near-ties_seed1.pcf: n=900 hpac_breakpoints=211 bppf_distinct=212 hpac=1501976ns bppf_internal=2297000ns bppf_wall=3080328ns
gen_n900_rho1.0_near-ties_seed2.pcf: n=900 hpac_breakpoints=226 bppf_distinct=227 hpac=1310846ns bppf_internal=2442000ns bppf_wall=3192113ns
gen_n900_rho1.0_near-ties_seed3.pcf: n=900 hpac_breakpoints=205 bppf_distinct=206 hpac=1719763ns bppf_internal=2273000ns bppf_wall=3029406ns
gen_n900_rho1.0_near-ties_seed4.pcf: n=900 hpac_breakpoints=208 bppf_distinct=209 hpac=1607705ns bppf_internal=2320000ns bppf_wall=3071936ns
gen_n900_rho1.0_near-ties_seed5.pcf: n=900 hpac_breakpoints=211 bppf_distinct=212 hpac=1294627ns bppf_internal=2327000ns bppf_wall=3100542ns
gen_n900_rho1.0_near-ties_seed6.pcf: n=900 hpac_breakpoints=203 bppf_distinct=204 hpac=1905936ns bppf_internal=2177000ns bppf_wall=2914341ns
gen_n900_rho1.0_near-ties_seed7.pcf: n=900 hpac_breakpoints=212 bppf_distinct=213 hpac=1410599ns bppf_internal=2298000ns bppf_wall=3058346ns
gen_n900_rho1.0_near-ties_seed8.pcf: n=900 hpac_breakpoints=206 bppf_distinct=207 hpac=1553268ns bppf_internal=2252000ns bppf_wall=3030771ns
gen_n900_rho1.0_near-ties_seed9.pcf: n=900 hpac_breakpoints=201 bppf_distinct=202 hpac=1497652ns bppf_internal=2213000ns bppf_wall=2932185ns
wrote results/raw/campaign_g_bppf_native.csv (2400 instances)
