=== campaign_e_out :: hpac,hopac,rac (3 reps) on instances/campaign_e_out -> results/raw/campaign_e_out_hpac-hopac-rac.csv ===
[1/4800] out_n100000_rho0.3_anti-correlated_seed0.pcf: ok (9 rows)
[2/4800] out_n100000_rho0.3_anti-correlated_seed1.pcf: ok (9 rows)
[3/4800] out_n100000_rho0.3_anti-correlated_seed2.pcf: ok (9 rows)
[4/4800] out_n100000_rho0.3_anti-correlated_seed3.pcf: ok (9 rows)
[5/4800] out_n100000_rho0.3_anti-correlated_seed4.pcf: ok (9 rows)
[6/4800] out_n100000_rho0.3_anti-correlated_seed5.pcf: ok (9 rows)
[7/4800] out_n100000_rho0.3_anti-correlated_seed6.pcf: ok (9 rows)
[8/4800] out_n100000_rho0.3_anti-correlated_seed7.pcf: ok (9 rows)
[9/4800] out_n100000_rho0.3_anti-correlated_seed8.pcf: ok (9 rows)
[10/4800] out_n100000_rho0.3_anti-correlated_seed9.pcf: ok (9 rows)
[11/4800] out_n100000_rho0.3_correlated_seed0.pcf: ok (9 rows)
[12/4800] out_n100000_rho0.3_correlated_seed1.pcf: ok (9 rows)
[13/4800] out_n100000_rho0.3_correlated_seed2.pcf: ok (9 rows)
[14/4800] out_n100000_rho0.3_correlated_seed3.pcf: ok (9 rows)
[15/4800] out_n100000_rho0.3_correlated_seed4.pcf: ok (9 rows)
[16/4800] out_n100000_rho0.3_correlated_seed5.pcf: ok (9 rows)
[17/4800] out_n100000_rho0.3_correlated_seed6.pcf: ok (9 rows)
[18/4800] out_n100000_rho0.3_correlated_seed7.pcf: ok (9 rows)
[19/4800] out_n100000_rho0.3_correlated_seed8.pcf: ok (9 rows)
[20/4800] out_n100000_rho0.3_correlated_seed9.pcf: ok (9 rows)
[21/4800] out_n100000_rho0.3_exact-ties_seed0.pcf: ok (9 rows)
[22/4800] out_n100000_rho0.3_exact-ties_seed1.pcf: ok (9 rows)
[23/4800] out_n100000_rho0.3_exact-ties_seed2.pcf: ok (9 rows)
[24/4800] out_n100000_rho0.3_exact-ties_seed3.pcf: ok (9 rows)
[25/4800] out_n100000_rho0.3_exact-ties_seed4.pcf: ok (9 rows)
[26/4800] out_n100000_rho0.3_exact-ties_seed5.pcf: ok (9 rows)
[27/4800] out_n100000_rho0.3_exact-ties_seed6.pcf: ok (9 rows)
[28/4800] out_n100000_rho0.3_exact-ties_seed7.pcf: ok (9 rows)
[29/4800] out_n100000_rho0.3_exact-ties_seed8.pcf: ok (9 rows)
[30/4800] out_n100000_rho0.3_exact-ties_seed9.pcf: ok (9 rows)
[31/4800] out_n100000_rho0.3_independent-positive_seed0.pcf: ok (9 rows)
[32/4800] out_n100000_rho0.3_independent-positive_seed1.pcf: ok (9 rows)
[33/4800] out_n100000_rho0.3_independent-positive_seed2.pcf: ok (9 rows)
[34/4800] out_n100000_rho0.3_independent-positive_seed3.pcf: ok (9 rows)
[35/4800] out_n100000_rho0.3_independent-positive_seed4.pcf: ok (9 rows)
[36/4800] out_n100000_rho0.3_independent-positive_seed5.pcf: ok (9 rows)
[37/4800] out_n100000_rho0.3_independent-positive_seed6.pcf: ok (9 rows)
[38/4800] out_n100000_rho0.3_independent-positive_seed7.pcf: ok (9 rows)
[39/4800] out_n100000_rho0.3_independent-positive_seed8.pcf: ok (9 rows)
[40/4800] out_n100000_rho0.3_independent-positive_seed9.pcf: ok (9 rows)
[41/4800] out_n100000_rho0.3_independent-signed_seed0.pcf: ok (9 rows)
[42/4800] out_n100000_rho0.3_independent-signed_seed1.pcf: ok (9 rows)
[43/4800] out_n100000_rho0.3_independent-signed_seed2.pcf: ok (9 rows)
[44/4800] out_n100000_rho0.3_independent-signed_seed3.pcf: ok (9 rows)
[45/4800] out_n100000_rho0.3_independent-signed_seed4.pcf: ok (9 rows)
[46/4800] out_n100000_rho0.3_independent-signed_seed5.pcf: ok (9 rows)
[47/4800] out_n100000_rho0.3_independent-signed_seed6.pcf: ok (9 rows)
[48/4800] out_n100000_rho0.3_independent-signed_seed7.pcf: ok (9 rows)
[49/4800] out_n100000_rho0.3_independent-signed_seed8.pcf: ok (9 rows)
[50/4800] out_n100000_rho0.3_independent-signed_seed9.pcf: ok (9 rows)
[51/4800] out_n100000_rho0.3_near-ties_seed0.pcf: ok (9 rows)
[52/4800] out_n100000_rho0.3_near-ties_seed1.pcf: ok (9 rows)
[53/4800] out_n100000_rho0.3_near-ties_seed2.pcf: ok (9 rows)
[54/4800] out_n100000_rho0.3_near-ties_seed3.pcf: ok (9 rows)
[55/4800] out_n100000_rho0.3_near-ties_seed4.pcf: ok (9 rows)
[56/4800] out_n100000_rho0.3_near-ties_seed5.pcf: ok (9 rows)
[57/4800] out_n100000_rho0.3_near-ties_seed6.pcf: ok (9 rows)
[58/4800] out_n100000_rho0.3_near-ties_seed7.pcf: ok (9 rows)
[59/4800] out_n100000_rho0.3_near-ties_seed8.pcf: ok (9 rows)
[60/4800] out_n100000_rho0.3_near-ties_seed9.pcf: ok (9 rows)
[61/4800] out_n100000_rho0.6_anti-correlated_seed0.pcf: ok (9 rows)
[62/4800] out_n100000_rho0.6_anti-correlated_seed1.pcf: ok (9 rows)
[63/4800] out_n100000_rho0.6_anti-correlated_seed2.pcf: ok (9 rows)
[64/4800] out_n100000_rho0.6_anti-correlated_seed3.pcf: ok (9 rows)
[65/4800] out_n100000_rho0.6_anti-correlated_seed4.pcf: ok (9 rows)
[66/4800] out_n100000_rho0.6_anti-correlated_seed5.pcf: ok (9 rows)
[67/4800] out_n100000_rho0.6_anti-correlated_seed6.pcf: ok (9 rows)
[68/4800] out_n100000_rho0.6_anti-correlated_seed7.pcf: ok (9 rows)
[69/4800] out_n100000_rho0.6_anti-correlated_seed8.pcf: ok (9 rows)
[70/4800] out_n100000_rho0.6_anti-correlated_seed9.pcf: ok (9 rows)
[71/4800] out_n100000_rho0.6_correlated_seed0.pcf: ok (9 rows)
[72/4800] out_n100000_rho0.6_correlated_seed1.pcf: ok (9 rows)
[73/4800] out_n100000_rho0.6_correlated_seed2.pcf: ok (9 rows)
[74/4800] out_n100000_rho0.6_correlated_seed3.pcf: ok (9 rows)
[75/4800] out_n100000_rho0.6_correlated_seed4.pcf: ok (9 rows)
[76/4800] out_n100000_rho0.6_correlated_seed5.pcf: ok (9 rows)
[77/4800] out_n100000_rho0.6_correlated_seed6.pcf: ok (9 rows)
[78/4800] out_n100000_rho0.6_correlated_seed7.pcf: ok (9 rows)
[79/4800] out_n100000_rho0.6_correlated_seed8.pcf: ok (9 rows)
[80/4800] out_n100000_rho0.6_correlated_seed9.pcf: ok (9 rows)
[81/4800] out_n100000_rho0.6_exact-ties_seed0.pcf: ok (9 rows)
[82/4800] out_n100000_rho0.6_exact-ties_seed1.pcf: ok (9 rows)
[83/4800] out_n100000_rho0.6_exact-ties_seed2.pcf: ok (9 rows)
[84/4800] out_n100000_rho0.6_exact-ties_seed3.pcf: ok (9 rows)
[85/4800] out_n100000_rho0.6_exact-ties_seed4.pcf: ok (9 rows)
[86/4800] out_n100000_rho0.6_exact-ties_seed5.pcf: ok (9 rows)
[87/4800] out_n100000_rho0.6_exact-ties_seed6.pcf: ok (9 rows)
[88/4800] out_n100000_rho0.6_exact-ties_seed7.pcf: ok (9 rows)
[89/4800] out_n100000_rho0.6_exact-ties_seed8.pcf: ok (9 rows)
[90/4800] out_n100000_rho0.6_exact-ties_seed9.pcf: ok (9 rows)
[91/4800] out_n100000_rho0.6_independent-positive_seed0.pcf: ok (9 rows)
[92/4800] out_n100000_rho0.6_independent-positive_seed1.pcf: ok (9 rows)
[93/4800] out_n100000_rho0.6_independent-positive_seed2.pcf: ok (9 rows)
[94/4800] out_n100000_rho0.6_independent-positive_seed3.pcf: ok (9 rows)
[95/4800] out_n100000_rho0.6_independent-positive_seed4.pcf: ok (9 rows)
[96/4800] out_n100000_rho0.6_independent-positive_seed5.pcf: ok (9 rows)
[97/4800] out_n100000_rho0.6_independent-positive_seed6.pcf: ok (9 rows)
[98/4800] out_n100000_rho0.6_independent-positive_seed7.pcf: ok (9 rows)
[99/4800] out_n100000_rho0.6_independent-positive_seed8.pcf: ok (9 rows)
[100/4800] out_n100000_rho0.6_independent-positive_seed9.pcf: ok (9 rows)
[101/4800] out_n100000_rho0.6_independent-signed_seed0.pcf: ok (9 rows)
[102/4800] out_n100000_rho0.6_independent-signed_seed1.pcf: ok (9 rows)
[103/4800] out_n100000_rho0.6_independent-signed_seed2.pcf: ok (9 rows)
[104/4800] out_n100000_rho0.6_independent-signed_seed3.pcf: ok (9 rows)
[105/4800] out_n100000_rho0.6_independent-signed_seed4.pcf: ok (9 rows)
[106/4800] out_n100000_rho0.6_independent-signed_seed5.pcf: ok (9 rows)
[107/4800] out_n100000_rho0.6_independent-signed_seed6.pcf: ok (9 rows)
[108/4800] out_n100000_rho0.6_independent-signed_seed7.pcf: ok (9 rows)
[109/4800] out_n100000_rho0.6_independent-signed_seed8.pcf: ok (9 rows)
[110/4800] out_n100000_rho0.6_independent-signed_seed9.pcf: ok (9 rows)
[111/4800] out_n100000_rho0.6_near-ties_seed0.pcf: ok (9 rows)
[112/4800] out_n100000_rho0.6_near-ties_seed1.pcf: ok (9 rows)
[113/4800] out_n100000_rho0.6_near-ties_seed2.pcf: ok (9 rows)
[114/4800] out_n100000_rho0.6_near-ties_seed3.pcf: ok (9 rows)
[115/4800] out_n100000_rho0.6_near-ties_seed4.pcf: ok (9 rows)
[116/4800] out_n100000_rho0.6_near-ties_seed5.pcf: ok (9 rows)
[117/4800] out_n100000_rho0.6_near-ties_seed6.pcf: ok (9 rows)
[118/4800] out_n100000_rho0.6_near-ties_seed7.pcf: ok (9 rows)
[119/4800] out_n100000_rho0.6_near-ties_seed8.pcf: ok (9 rows)
[120/4800] out_n100000_rho0.6_near-ties_seed9.pcf: ok (9 rows)
[121/4800] out_n100000_rho0.9_anti-correlated_seed0.pcf: ok (9 rows)
[122/4800] out_n100000_rho0.9_anti-correlated_seed1.pcf: ok (9 rows)
[123/4800] out_n100000_rho0.9_anti-correlated_seed2.pcf: ok (9 rows)
[124/4800] out_n100000_rho0.9_anti-correlated_seed3.pcf: ok (9 rows)
[125/4800] out_n100000_rho0.9_anti-correlated_seed4.pcf: ok (9 rows)
[126/4800] out_n100000_rho0.9_anti-correlated_seed5.pcf: ok (9 rows)
[127/4800] out_n100000_rho0.9_anti-correlated_seed6.pcf: ok (9 rows)
[128/4800] out_n100000_rho0.9_anti-correlated_seed7.pcf: ok (9 rows)
[129/4800] out_n100000_rho0.9_anti-correlated_seed8.pcf: ok (9 rows)
[130/4800] out_n100000_rho0.9_anti-correlated_seed9.pcf: ok (9 rows)
[131/4800] out_n100000_rho0.9_correlated_seed0.pcf: ok (9 rows)
[132/4800] out_n100000_rho0.9_correlated_seed1.pcf: ok (9 rows)
[133/4800] out_n100000_rho0.9_correlated_seed2.pcf: ok (9 rows)
[134/4800] out_n100000_rho0.9_correlated_seed3.pcf: ok (9 rows)
[135/4800] out_n100000_rho0.9_correlated_seed4.pcf: ok (9 rows)
[136/4800] out_n100000_rho0.9_correlated_seed5.pcf: ok (9 rows)
[137/4800] out_n100000_rho0.9_correlated_seed6.pcf: ok (9 rows)
[138/4800] out_n100000_rho0.9_correlated_seed7.pcf: ok (9 rows)
[139/4800] out_n100000_rho0.9_correlated_seed8.pcf: ok (9 rows)
[140/4800] out_n100000_rho0.9_correlated_seed9.pcf: ok (9 rows)
[141/4800] out_n100000_rho0.9_exact-ties_seed0.pcf: ok (9 rows)
[142/4800] out_n100000_rho0.9_exact-ties_seed1.pcf: ok (9 rows)
[143/4800] out_n100000_rho0.9_exact-ties_seed2.pcf: ok (9 rows)
[144/4800] out_n100000_rho0.9_exact-ties_seed3.pcf: ok (9 rows)
[145/4800] out_n100000_rho0.9_exact-ties_seed4.pcf: ok (9 rows)
[146/4800] out_n100000_rho0.9_exact-ties_seed5.pcf: ok (9 rows)
[147/4800] out_n100000_rho0.9_exact-ties_seed6.pcf: ok (9 rows)
[148/4800] out_n100000_rho0.9_exact-ties_seed7.pcf: ok (9 rows)
[149/4800] out_n100000_rho0.9_exact-ties_seed8.pcf: ok (9 rows)
[150/4800] out_n100000_rho0.9_exact-ties_seed9.pcf: ok (9 rows)
[151/4800] out_n100000_rho0.9_independent-positive_seed0.pcf: ok (9 rows)
[152/4800] out_n100000_rho0.9_independent-positive_seed1.pcf: ok (9 rows)
[153/4800] out_n100000_rho0.9_independent-positive_seed2.pcf: ok (9 rows)
[154/4800] out_n100000_rho0.9_independent-positive_seed3.pcf: ok (9 rows)
[155/4800] out_n100000_rho0.9_independent-positive_seed4.pcf: ok (9 rows)
[156/4800] out_n100000_rho0.9_independent-positive_seed5.pcf: ok (9 rows)
[157/4800] out_n100000_rho0.9_independent-positive_seed6.pcf: ok (9 rows)
[158/4800] out_n100000_rho0.9_independent-positive_seed7.pcf: ok (9 rows)
[159/4800] out_n100000_rho0.9_independent-positive_seed8.pcf: ok (9 rows)
[160/4800] out_n100000_rho0.9_independent-positive_seed9.pcf: ok (9 rows)
[161/4800] out_n100000_rho0.9_independent-signed_seed0.pcf: ok (9 rows)
[162/4800] out_n100000_rho0.9_independent-signed_seed1.pcf: ok (9 rows)
[163/4800] out_n100000_rho0.9_independent-signed_seed2.pcf: ok (9 rows)
[164/4800] out_n100000_rho0.9_independent-signed_seed3.pcf: ok (9 rows)
[165/4800] out_n100000_rho0.9_independent-signed_seed4.pcf: ok (9 rows)
[166/4800] out_n100000_rho0.9_independent-signed_seed5.pcf: ok (9 rows)
[167/4800] out_n100000_rho0.9_independent-signed_seed6.pcf: ok (9 rows)
[168/4800] out_n100000_rho0.9_independent-signed_seed7.pcf: ok (9 rows)
[169/4800] out_n100000_rho0.9_independent-signed_seed8.pcf: ok (9 rows)
[170/4800] out_n100000_rho0.9_independent-signed_seed9.pcf: ok (9 rows)
[171/4800] out_n100000_rho0.9_near-ties_seed0.pcf: ok (9 rows)
[172/4800] out_n100000_rho0.9_near-ties_seed1.pcf: ok (9 rows)
[173/4800] out_n100000_rho0.9_near-ties_seed2.pcf: ok (9 rows)
[174/4800] out_n100000_rho0.9_near-ties_seed3.pcf: ok (9 rows)
[175/4800] out_n100000_rho0.9_near-ties_seed4.pcf: ok (9 rows)
[176/4800] out_n100000_rho0.9_near-ties_seed5.pcf: ok (9 rows)
[177/4800] out_n100000_rho0.9_near-ties_seed6.pcf: ok (9 rows)
[178/4800] out_n100000_rho0.9_near-ties_seed7.pcf: ok (9 rows)
[179/4800] out_n100000_rho0.9_near-ties_seed8.pcf: ok (9 rows)
[180/4800] out_n100000_rho0.9_near-ties_seed9.pcf: ok (9 rows)
[181/4800] out_n100000_rho1.0_anti-correlated_seed0.pcf: ok (9 rows)
[182/4800] out_n100000_rho1.0_anti-correlated_seed1.pcf: ok (9 rows)
[183/4800] out_n100000_rho1.0_anti-correlated_seed2.pcf: ok (9 rows)
[184/4800] out_n100000_rho1.0_anti-correlated_seed3.pcf: ok (9 rows)
[185/4800] out_n100000_rho1.0_anti-correlated_seed4.pcf: ok (9 rows)
[186/4800] out_n100000_rho1.0_anti-correlated_seed5.pcf: ok (9 rows)
[187/4800] out_n100000_rho1.0_anti-correlated_seed6.pcf: ok (9 rows)
[188/4800] out_n100000_rho1.0_anti-correlated_seed7.pcf: ok (9 rows)
[189/4800] out_n100000_rho1.0_anti-correlated_seed8.pcf: ok (9 rows)
[190/4800] out_n100000_rho1.0_anti-correlated_seed9.pcf: ok (9 rows)
[191/4800] out_n100000_rho1.0_correlated_seed0.pcf: ok (9 rows)
[192/4800] out_n100000_rho1.0_correlated_seed1.pcf: ok (9 rows)
[193/4800] out_n100000_rho1.0_correlated_seed2.pcf: ok (9 rows)
[194/4800] out_n100000_rho1.0_correlated_seed3.pcf: ok (9 rows)
[195/4800] out_n100000_rho1.0_correlated_seed4.pcf: ok (9 rows)
[196/4800] out_n100000_rho1.0_correlated_seed5.pcf: ok (9 rows)
[197/4800] out_n100000_rho1.0_correlated_seed6.pcf: ok (9 rows)
[198/4800] out_n100000_rho1.0_correlated_seed7.pcf: ok (9 rows)
[199/4800] out_n100000_rho1.0_correlated_seed8.pcf: ok (9 rows)
[200/4800] out_n100000_rho1.0_correlated_seed9.pcf: ok (9 rows)
[201/4800] out_n100000_rho1.0_exact-ties_seed0.pcf: ok (9 rows)
[202/4800] out_n100000_rho1.0_exact-ties_seed1.pcf: ok (9 rows)
[203/4800] out_n100000_rho1.0_exact-ties_seed2.pcf: ok (9 rows)
[204/4800] out_n100000_rho1.0_exact-ties_seed3.pcf: ok (9 rows)
[205/4800] out_n100000_rho1.0_exact-ties_seed4.pcf: ok (9 rows)
[206/4800] out_n100000_rho1.0_exact-ties_seed5.pcf: ok (9 rows)
[207/4800] out_n100000_rho1.0_exact-ties_seed6.pcf: ok (9 rows)
[208/4800] out_n100000_rho1.0_exact-ties_seed7.pcf: ok (9 rows)
[209/4800] out_n100000_rho1.0_exact-ties_seed8.pcf: ok (9 rows)
[210/4800] out_n100000_rho1.0_exact-ties_seed9.pcf: ok (9 rows)
[211/4800] out_n100000_rho1.0_independent-positive_seed0.pcf: ok (9 rows)
[212/4800] out_n100000_rho1.0_independent-positive_seed1.pcf: ok (9 rows)
[213/4800] out_n100000_rho1.0_independent-positive_seed2.pcf: ok (9 rows)
[214/4800] out_n100000_rho1.0_independent-positive_seed3.pcf: ok (9 rows)
[215/4800] out_n100000_rho1.0_independent-positive_seed4.pcf: ok (9 rows)
[216/4800] out_n100000_rho1.0_independent-positive_seed5.pcf: ok (9 rows)
[217/4800] out_n100000_rho1.0_independent-positive_seed6.pcf: ok (9 rows)
[218/4800] out_n100000_rho1.0_independent-positive_seed7.pcf: ok (9 rows)
[219/4800] out_n100000_rho1.0_independent-positive_seed8.pcf: ok (9 rows)
[220/4800] out_n100000_rho1.0_independent-positive_seed9.pcf: ok (9 rows)
[221/4800] out_n100000_rho1.0_independent-signed_seed0.pcf: ok (9 rows)
[222/4800] out_n100000_rho1.0_independent-signed_seed1.pcf: ok (9 rows)
[223/4800] out_n100000_rho1.0_independent-signed_seed2.pcf: ok (9 rows)
[224/4800] out_n100000_rho1.0_independent-signed_seed3.pcf: ok (9 rows)
[225/4800] out_n100000_rho1.0_independent-signed_seed4.pcf: ok (9 rows)
[226/4800] out_n100000_rho1.0_independent-signed_seed5.pcf: ok (9 rows)
[227/4800] out_n100000_rho1.0_independent-signed_seed6.pcf: ok (9 rows)
[228/4800] out_n100000_rho1.0_independent-signed_seed7.pcf: ok (9 rows)
[229/4800] out_n100000_rho1.0_independent-signed_seed8.pcf: ok (9 rows)
[230/4800] out_n100000_rho1.0_independent-signed_seed9.pcf: ok (9 rows)
[231/4800] out_n100000_rho1.0_near-ties_seed0.pcf: ok (9 rows)
[232/4800] out_n100000_rho1.0_near-ties_seed1.pcf: ok (9 rows)
[233/4800] out_n100000_rho1.0_near-ties_seed2.pcf: ok (9 rows)
[234/4800] out_n100000_rho1.0_near-ties_seed3.pcf: ok (9 rows)
[235/4800] out_n100000_rho1.0_near-ties_seed4.pcf: ok (9 rows)
[236/4800] out_n100000_rho1.0_near-ties_seed5.pcf: ok (9 rows)
[237/4800] out_n100000_rho1.0_near-ties_seed6.pcf: ok (9 rows)
[238/4800] out_n100000_rho1.0_near-ties_seed7.pcf: ok (9 rows)
[239/4800] out_n100000_rho1.0_near-ties_seed8.pcf: ok (9 rows)
[240/4800] out_n100000_rho1.0_near-ties_seed9.pcf: ok (9 rows)
[241/4800] out_n10000_rho0.3_anti-correlated_seed0.pcf: ok (9 rows)
[242/4800] out_n10000_rho0.3_anti-correlated_seed1.pcf: ok (9 rows)
[243/4800] out_n10000_rho0.3_anti-correlated_seed2.pcf: ok (9 rows)
[244/4800] out_n10000_rho0.3_anti-correlated_seed3.pcf: ok (9 rows)
[245/4800] out_n10000_rho0.3_anti-correlated_seed4.pcf: ok (9 rows)
[246/4800] out_n10000_rho0.3_anti-correlated_seed5.pcf: ok (9 rows)
[247/4800] out_n10000_rho0.3_anti-correlated_seed6.pcf: ok (9 rows)
[248/4800] out_n10000_rho0.3_anti-correlated_seed7.pcf: ok (9 rows)
[249/4800] out_n10000_rho0.3_anti-correlated_seed8.pcf: ok (9 rows)
[250/4800] out_n10000_rho0.3_anti-correlated_seed9.pcf: ok (9 rows)
[251/4800] out_n10000_rho0.3_correlated_seed0.pcf: ok (9 rows)
[252/4800] out_n10000_rho0.3_correlated_seed1.pcf: ok (9 rows)
[253/4800] out_n10000_rho0.3_correlated_seed2.pcf: ok (9 rows)
[254/4800] out_n10000_rho0.3_correlated_seed3.pcf: ok (9 rows)
[255/4800] out_n10000_rho0.3_correlated_seed4.pcf: ok (9 rows)
[256/4800] out_n10000_rho0.3_correlated_seed5.pcf: ok (9 rows)
[257/4800] out_n10000_rho0.3_correlated_seed6.pcf: ok (9 rows)
[258/4800] out_n10000_rho0.3_correlated_seed7.pcf: ok (9 rows)
[259/4800] out_n10000_rho0.3_correlated_seed8.pcf: ok (9 rows)
[260/4800] out_n10000_rho0.3_correlated_seed9.pcf: ok (9 rows)
[261/4800] out_n10000_rho0.3_exact-ties_seed0.pcf: ok (9 rows)
[262/4800] out_n10000_rho0.3_exact-ties_seed1.pcf: ok (9 rows)
[263/4800] out_n10000_rho0.3_exact-ties_seed2.pcf: ok (9 rows)
[264/4800] out_n10000_rho0.3_exact-ties_seed3.pcf: ok (9 rows)
[265/4800] out_n10000_rho0.3_exact-ties_seed4.pcf: ok (9 rows)
[266/4800] out_n10000_rho0.3_exact-ties_seed5.pcf: ok (9 rows)
[267/4800] out_n10000_rho0.3_exact-ties_seed6.pcf: ok (9 rows)
[268/4800] out_n10000_rho0.3_exact-ties_seed7.pcf: ok (9 rows)
[269/4800] out_n10000_rho0.3_exact-ties_seed8.pcf: ok (9 rows)
[270/4800] out_n10000_rho0.3_exact-ties_seed9.pcf: ok (9 rows)
[271/4800] out_n10000_rho0.3_independent-positive_seed0.pcf: ok (9 rows)
[272/4800] out_n10000_rho0.3_independent-positive_seed1.pcf: ok (9 rows)
[273/4800] out_n10000_rho0.3_independent-positive_seed2.pcf: ok (9 rows)
[274/4800] out_n10000_rho0.3_independent-positive_seed3.pcf: ok (9 rows)
[275/4800] out_n10000_rho0.3_independent-positive_seed4.pcf: ok (9 rows)
[276/4800] out_n10000_rho0.3_independent-positive_seed5.pcf: ok (9 rows)
[277/4800] out_n10000_rho0.3_independent-positive_seed6.pcf: ok (9 rows)
[278/4800] out_n10000_rho0.3_independent-positive_seed7.pcf: ok (9 rows)
[279/4800] out_n10000_rho0.3_independent-positive_seed8.pcf: ok (9 rows)
[280/4800] out_n10000_rho0.3_independent-positive_seed9.pcf: ok (9 rows)
[281/4800] out_n10000_rho0.3_independent-signed_seed0.pcf: ok (9 rows)
[282/4800] out_n10000_rho0.3_independent-signed_seed1.pcf: ok (9 rows)
[283/4800] out_n10000_rho0.3_independent-signed_seed2.pcf: ok (9 rows)
[284/4800] out_n10000_rho0.3_independent-signed_seed3.pcf: ok (9 rows)
[285/4800] out_n10000_rho0.3_independent-signed_seed4.pcf: ok (9 rows)
[286/4800] out_n10000_rho0.3_independent-signed_seed5.pcf: ok (9 rows)
[287/4800] out_n10000_rho0.3_independent-signed_seed6.pcf: ok (9 rows)
[288/4800] out_n10000_rho0.3_independent-signed_seed7.pcf: ok (9 rows)
[289/4800] out_n10000_rho0.3_independent-signed_seed8.pcf: ok (9 rows)
[290/4800] out_n10000_rho0.3_independent-signed_seed9.pcf: ok (9 rows)
[291/4800] out_n10000_rho0.3_near-ties_seed0.pcf: ok (9 rows)
[292/4800] out_n10000_rho0.3_near-ties_seed1.pcf: ok (9 rows)
[293/4800] out_n10000_rho0.3_near-ties_seed2.pcf: ok (9 rows)
[294/4800] out_n10000_rho0.3_near-ties_seed3.pcf: ok (9 rows)
[295/4800] out_n10000_rho0.3_near-ties_seed4.pcf: ok (9 rows)
[296/4800] out_n10000_rho0.3_near-ties_seed5.pcf: ok (9 rows)
[297/4800] out_n10000_rho0.3_near-ties_seed6.pcf: ok (9 rows)
[298/4800] out_n10000_rho0.3_near-ties_seed7.pcf: ok (9 rows)
[299/4800] out_n10000_rho0.3_near-ties_seed8.pcf: ok (9 rows)
[300/4800] out_n10000_rho0.3_near-ties_seed9.pcf: ok (9 rows)
[301/4800] out_n10000_rho0.6_anti-correlated_seed0.pcf: ok (9 rows)
[302/4800] out_n10000_rho0.6_anti-correlated_seed1.pcf: ok (9 rows)
[303/4800] out_n10000_rho0.6_anti-correlated_seed2.pcf: ok (9 rows)
[304/4800] out_n10000_rho0.6_anti-correlated_seed3.pcf: ok (9 rows)
[305/4800] out_n10000_rho0.6_anti-correlated_seed4.pcf: ok (9 rows)
[306/4800] out_n10000_rho0.6_anti-correlated_seed5.pcf: ok (9 rows)
[307/4800] out_n10000_rho0.6_anti-correlated_seed6.pcf: ok (9 rows)
[308/4800] out_n10000_rho0.6_anti-correlated_seed7.pcf: ok (9 rows)
[309/4800] out_n10000_rho0.6_anti-correlated_seed8.pcf: ok (9 rows)
[310/4800] out_n10000_rho0.6_anti-correlated_seed9.pcf: ok (9 rows)
[311/4800] out_n10000_rho0.6_correlated_seed0.pcf: ok (9 rows)
[312/4800] out_n10000_rho0.6_correlated_seed1.pcf: ok (9 rows)
[313/4800] out_n10000_rho0.6_correlated_seed2.pcf: ok (9 rows)
[314/4800] out_n10000_rho0.6_correlated_seed3.pcf: ok (9 rows)
[315/4800] out_n10000_rho0.6_correlated_seed4.pcf: ok (9 rows)
[316/4800] out_n10000_rho0.6_correlated_seed5.pcf: ok (9 rows)
[317/4800] out_n10000_rho0.6_correlated_seed6.pcf: ok (9 rows)
[318/4800] out_n10000_rho0.6_correlated_seed7.pcf: ok (9 rows)
[319/4800] out_n10000_rho0.6_correlated_seed8.pcf: ok (9 rows)
[320/4800] out_n10000_rho0.6_correlated_seed9.pcf: ok (9 rows)
[321/4800] out_n10000_rho0.6_exact-ties_seed0.pcf: ok (9 rows)
[322/4800] out_n10000_rho0.6_exact-ties_seed1.pcf: ok (9 rows)
[323/4800] out_n10000_rho0.6_exact-ties_seed2.pcf: ok (9 rows)
[324/4800] out_n10000_rho0.6_exact-ties_seed3.pcf: ok (9 rows)
[325/4800] out_n10000_rho0.6_exact-ties_seed4.pcf: ok (9 rows)
[326/4800] out_n10000_rho0.6_exact-ties_seed5.pcf: ok (9 rows)
[327/4800] out_n10000_rho0.6_exact-ties_seed6.pcf: ok (9 rows)
[328/4800] out_n10000_rho0.6_exact-ties_seed7.pcf: ok (9 rows)
[329/4800] out_n10000_rho0.6_exact-ties_seed8.pcf: ok (9 rows)
[330/4800] out_n10000_rho0.6_exact-ties_seed9.pcf: ok (9 rows)
[331/4800] out_n10000_rho0.6_independent-positive_seed0.pcf: ok (9 rows)
[332/4800] out_n10000_rho0.6_independent-positive_seed1.pcf: ok (9 rows)
[333/4800] out_n10000_rho0.6_independent-positive_seed2.pcf: ok (9 rows)
[334/4800] out_n10000_rho0.6_independent-positive_seed3.pcf: ok (9 rows)
[335/4800] out_n10000_rho0.6_independent-positive_seed4.pcf: ok (9 rows)
[336/4800] out_n10000_rho0.6_independent-positive_seed5.pcf: ok (9 rows)
[337/4800] out_n10000_rho0.6_independent-positive_seed6.pcf: ok (9 rows)
[338/4800] out_n10000_rho0.6_independent-positive_seed7.pcf: ok (9 rows)
[339/4800] out_n10000_rho0.6_independent-positive_seed8.pcf: ok (9 rows)
[340/4800] out_n10000_rho0.6_independent-positive_seed9.pcf: ok (9 rows)
[341/4800] out_n10000_rho0.6_independent-signed_seed0.pcf: ok (9 rows)
[342/4800] out_n10000_rho0.6_independent-signed_seed1.pcf: ok (9 rows)
[343/4800] out_n10000_rho0.6_independent-signed_seed2.pcf: ok (9 rows)
[344/4800] out_n10000_rho0.6_independent-signed_seed3.pcf: ok (9 rows)
[345/4800] out_n10000_rho0.6_independent-signed_seed4.pcf: ok (9 rows)
[346/4800] out_n10000_rho0.6_independent-signed_seed5.pcf: ok (9 rows)
[347/4800] out_n10000_rho0.6_independent-signed_seed6.pcf: ok (9 rows)
[348/4800] out_n10000_rho0.6_independent-signed_seed7.pcf: ok (9 rows)
[349/4800] out_n10000_rho0.6_independent-signed_seed8.pcf: ok (9 rows)
[350/4800] out_n10000_rho0.6_independent-signed_seed9.pcf: ok (9 rows)
[351/4800] out_n10000_rho0.6_near-ties_seed0.pcf: ok (9 rows)
[352/4800] out_n10000_rho0.6_near-ties_seed1.pcf: ok (9 rows)
[353/4800] out_n10000_rho0.6_near-ties_seed2.pcf: ok (9 rows)
[354/4800] out_n10000_rho0.6_near-ties_seed3.pcf: ok (9 rows)
[355/4800] out_n10000_rho0.6_near-ties_seed4.pcf: ok (9 rows)
[356/4800] out_n10000_rho0.6_near-ties_seed5.pcf: ok (9 rows)
[357/4800] out_n10000_rho0.6_near-ties_seed6.pcf: ok (9 rows)
[358/4800] out_n10000_rho0.6_near-ties_seed7.pcf: ok (9 rows)
[359/4800] out_n10000_rho0.6_near-ties_seed8.pcf: ok (9 rows)
[360/4800] out_n10000_rho0.6_near-ties_seed9.pcf: ok (9 rows)
[361/4800] out_n10000_rho0.9_anti-correlated_seed0.pcf: ok (9 rows)
[362/4800] out_n10000_rho0.9_anti-correlated_seed1.pcf: ok (9 rows)
[363/4800] out_n10000_rho0.9_anti-correlated_seed2.pcf: ok (9 rows)
[364/4800] out_n10000_rho0.9_anti-correlated_seed3.pcf: ok (9 rows)
[365/4800] out_n10000_rho0.9_anti-correlated_seed4.pcf: ok (9 rows)
[366/4800] out_n10000_rho0.9_anti-correlated_seed5.pcf: ok (9 rows)
[367/4800] out_n10000_rho0.9_anti-correlated_seed6.pcf: ok (9 rows)
[368/4800] out_n10000_rho0.9_anti-correlated_seed7.pcf: ok (9 rows)
[369/4800] out_n10000_rho0.9_anti-correlated_seed8.pcf: ok (9 rows)
[370/4800] out_n10000_rho0.9_anti-correlated_seed9.pcf: ok (9 rows)
[371/4800] out_n10000_rho0.9_correlated_seed0.pcf: ok (9 rows)
[372/4800] out_n10000_rho0.9_correlated_seed1.pcf: ok (9 rows)
[373/4800] out_n10000_rho0.9_correlated_seed2.pcf: ok (9 rows)
[374/4800] out_n10000_rho0.9_correlated_seed3.pcf: ok (9 rows)
[375/4800] out_n10000_rho0.9_correlated_seed4.pcf: ok (9 rows)
[376/4800] out_n10000_rho0.9_correlated_seed5.pcf: ok (9 rows)
[377/4800] out_n10000_rho0.9_correlated_seed6.pcf: ok (9 rows)
[378/4800] out_n10000_rho0.9_correlated_seed7.pcf: ok (9 rows)
[379/4800] out_n10000_rho0.9_correlated_seed8.pcf: ok (9 rows)
[380/4800] out_n10000_rho0.9_correlated_seed9.pcf: ok (9 rows)
[381/4800] out_n10000_rho0.9_exact-ties_seed0.pcf: ok (9 rows)
[382/4800] out_n10000_rho0.9_exact-ties_seed1.pcf: ok (9 rows)
[383/4800] out_n10000_rho0.9_exact-ties_seed2.pcf: ok (9 rows)
[384/4800] out_n10000_rho0.9_exact-ties_seed3.pcf: ok (9 rows)
[385/4800] out_n10000_rho0.9_exact-ties_seed4.pcf: ok (9 rows)
[386/4800] out_n10000_rho0.9_exact-ties_seed5.pcf: ok (9 rows)
[387/4800] out_n10000_rho0.9_exact-ties_seed6.pcf: ok (9 rows)
[388/4800] out_n10000_rho0.9_exact-ties_seed7.pcf: ok (9 rows)
[389/4800] out_n10000_rho0.9_exact-ties_seed8.pcf: ok (9 rows)
[390/4800] out_n10000_rho0.9_exact-ties_seed9.pcf: ok (9 rows)
[391/4800] out_n10000_rho0.9_independent-positive_seed0.pcf: ok (9 rows)
[392/4800] out_n10000_rho0.9_independent-positive_seed1.pcf: ok (9 rows)
[393/4800] out_n10000_rho0.9_independent-positive_seed2.pcf: ok (9 rows)
[394/4800] out_n10000_rho0.9_independent-positive_seed3.pcf: ok (9 rows)
[395/4800] out_n10000_rho0.9_independent-positive_seed4.pcf: ok (9 rows)
[396/4800] out_n10000_rho0.9_independent-positive_seed5.pcf: ok (9 rows)
[397/4800] out_n10000_rho0.9_independent-positive_seed6.pcf: ok (9 rows)
[398/4800] out_n10000_rho0.9_independent-positive_seed7.pcf: ok (9 rows)
[399/4800] out_n10000_rho0.9_independent-positive_seed8.pcf: ok (9 rows)
[400/4800] out_n10000_rho0.9_independent-positive_seed9.pcf: ok (9 rows)
[401/4800] out_n10000_rho0.9_independent-signed_seed0.pcf: ok (9 rows)
[402/4800] out_n10000_rho0.9_independent-signed_seed1.pcf: ok (9 rows)
[403/4800] out_n10000_rho0.9_independent-signed_seed2.pcf: ok (9 rows)
[404/4800] out_n10000_rho0.9_independent-signed_seed3.pcf: ok (9 rows)
[405/4800] out_n10000_rho0.9_independent-signed_seed4.pcf: ok (9 rows)
[406/4800] out_n10000_rho0.9_independent-signed_seed5.pcf: ok (9 rows)
[407/4800] out_n10000_rho0.9_independent-signed_seed6.pcf: ok (9 rows)
[408/4800] out_n10000_rho0.9_independent-signed_seed7.pcf: ok (9 rows)
[409/4800] out_n10000_rho0.9_independent-signed_seed8.pcf: ok (9 rows)
[410/4800] out_n10000_rho0.9_independent-signed_seed9.pcf: ok (9 rows)
[411/4800] out_n10000_rho0.9_near-ties_seed0.pcf: ok (9 rows)
[412/4800] out_n10000_rho0.9_near-ties_seed1.pcf: ok (9 rows)
[413/4800] out_n10000_rho0.9_near-ties_seed2.pcf: ok (9 rows)
[414/4800] out_n10000_rho0.9_near-ties_seed3.pcf: ok (9 rows)
[415/4800] out_n10000_rho0.9_near-ties_seed4.pcf: ok (9 rows)
[416/4800] out_n10000_rho0.9_near-ties_seed5.pcf: ok (9 rows)
[417/4800] out_n10000_rho0.9_near-ties_seed6.pcf: ok (9 rows)
[418/4800] out_n10000_rho0.9_near-ties_seed7.pcf: ok (9 rows)
[419/4800] out_n10000_rho0.9_near-ties_seed8.pcf: ok (9 rows)
[420/4800] out_n10000_rho0.9_near-ties_seed9.pcf: ok (9 rows)
[421/4800] out_n10000_rho1.0_anti-correlated_seed0.pcf: ok (9 rows)
[422/4800] out_n10000_rho1.0_anti-correlated_seed1.pcf: ok (9 rows)
[423/4800] out_n10000_rho1.0_anti-correlated_seed2.pcf: ok (9 rows)
[424/4800] out_n10000_rho1.0_anti-correlated_seed3.pcf: ok (9 rows)
[425/4800] out_n10000_rho1.0_anti-correlated_seed4.pcf: ok (9 rows)
[426/4800] out_n10000_rho1.0_anti-correlated_seed5.pcf: ok (9 rows)
[427/4800] out_n10000_rho1.0_anti-correlated_seed6.pcf: ok (9 rows)
[428/4800] out_n10000_rho1.0_anti-correlated_seed7.pcf: ok (9 rows)
[429/4800] out_n10000_rho1.0_anti-correlated_seed8.pcf: ok (9 rows)
[430/4800] out_n10000_rho1.0_anti-correlated_seed9.pcf: ok (9 rows)
[431/4800] out_n10000_rho1.0_correlated_seed0.pcf: ok (9 rows)
[432/4800] out_n10000_rho1.0_correlated_seed1.pcf: ok (9 rows)
[433/4800] out_n10000_rho1.0_correlated_seed2.pcf: ok (9 rows)
[434/4800] out_n10000_rho1.0_correlated_seed3.pcf: ok (9 rows)
[435/4800] out_n10000_rho1.0_correlated_seed4.pcf: ok (9 rows)
[436/4800] out_n10000_rho1.0_correlated_seed5.pcf: ok (9 rows)
[437/4800] out_n10000_rho1.0_correlated_seed6.pcf: ok (9 rows)
[438/4800] out_n10000_rho1.0_correlated_seed7.pcf: ok (9 rows)
[439/4800] out_n10000_rho1.0_correlated_seed8.pcf: ok (9 rows)
[440/4800] out_n10000_rho1.0_correlated_seed9.pcf: ok (9 rows)
[441/4800] out_n10000_rho1.0_exact-ties_seed0.pcf: ok (9 rows)
[442/4800] out_n10000_rho1.0_exact-ties_seed1.pcf: ok (9 rows)
[443/4800] out_n10000_rho1.0_exact-ties_seed2.pcf: ok (9 rows)
[444/4800] out_n10000_rho1.0_exact-ties_seed3.pcf: ok (9 rows)
[445/4800] out_n10000_rho1.0_exact-ties_seed4.pcf: ok (9 rows)
[446/4800] out_n10000_rho1.0_exact-ties_seed5.pcf: ok (9 rows)
[447/4800] out_n10000_rho1.0_exact-ties_seed6.pcf: ok (9 rows)
[448/4800] out_n10000_rho1.0_exact-ties_seed7.pcf: ok (9 rows)
[449/4800] out_n10000_rho1.0_exact-ties_seed8.pcf: ok (9 rows)
[450/4800] out_n10000_rho1.0_exact-ties_seed9.pcf: ok (9 rows)
[451/4800] out_n10000_rho1.0_independent-positive_seed0.pcf: ok (9 rows)
[452/4800] out_n10000_rho1.0_independent-positive_seed1.pcf: ok (9 rows)
[453/4800] out_n10000_rho1.0_independent-positive_seed2.pcf: ok (9 rows)
[454/4800] out_n10000_rho1.0_independent-positive_seed3.pcf: ok (9 rows)
[455/4800] out_n10000_rho1.0_independent-positive_seed4.pcf: ok (9 rows)
[456/4800] out_n10000_rho1.0_independent-positive_seed5.pcf: ok (9 rows)
[457/4800] out_n10000_rho1.0_independent-positive_seed6.pcf: ok (9 rows)
[458/4800] out_n10000_rho1.0_independent-positive_seed7.pcf: ok (9 rows)
[459/4800] out_n10000_rho1.0_independent-positive_seed8.pcf: ok (9 rows)
[460/4800] out_n10000_rho1.0_independent-positive_seed9.pcf: ok (9 rows)
[461/4800] out_n10000_rho1.0_independent-signed_seed0.pcf: ok (9 rows)
[462/4800] out_n10000_rho1.0_independent-signed_seed1.pcf: ok (9 rows)
[463/4800] out_n10000_rho1.0_independent-signed_seed2.pcf: ok (9 rows)
[464/4800] out_n10000_rho1.0_independent-signed_seed3.pcf: ok (9 rows)
[465/4800] out_n10000_rho1.0_independent-signed_seed4.pcf: ok (9 rows)
[466/4800] out_n10000_rho1.0_independent-signed_seed5.pcf: ok (9 rows)
[467/4800] out_n10000_rho1.0_independent-signed_seed6.pcf: ok (9 rows)
[468/4800] out_n10000_rho1.0_independent-signed_seed7.pcf: ok (9 rows)
[469/4800] out_n10000_rho1.0_independent-signed_seed8.pcf: ok (9 rows)
[470/4800] out_n10000_rho1.0_independent-signed_seed9.pcf: ok (9 rows)
[471/4800] out_n10000_rho1.0_near-ties_seed0.pcf: ok (9 rows)
[472/4800] out_n10000_rho1.0_near-ties_seed1.pcf: ok (9 rows)
[473/4800] out_n10000_rho1.0_near-ties_seed2.pcf: ok (9 rows)
[474/4800] out_n10000_rho1.0_near-ties_seed3.pcf: ok (9 rows)
[475/4800] out_n10000_rho1.0_near-ties_seed4.pcf: ok (9 rows)
[476/4800] out_n10000_rho1.0_near-ties_seed5.pcf: ok (9 rows)
[477/4800] out_n10000_rho1.0_near-ties_seed6.pcf: ok (9 rows)
[478/4800] out_n10000_rho1.0_near-ties_seed7.pcf: ok (9 rows)
[479/4800] out_n10000_rho1.0_near-ties_seed8.pcf: ok (9 rows)
[480/4800] out_n10000_rho1.0_near-ties_seed9.pcf: ok (9 rows)
[481/4800] out_n1000_rho0.3_anti-correlated_seed0.pcf: ok (9 rows)
[482/4800] out_n1000_rho0.3_anti-correlated_seed1.pcf: ok (9 rows)
[483/4800] out_n1000_rho0.3_anti-correlated_seed2.pcf: ok (9 rows)
[484/4800] out_n1000_rho0.3_anti-correlated_seed3.pcf: ok (9 rows)
[485/4800] out_n1000_rho0.3_anti-correlated_seed4.pcf: ok (9 rows)
[486/4800] out_n1000_rho0.3_anti-correlated_seed5.pcf: ok (9 rows)
[487/4800] out_n1000_rho0.3_anti-correlated_seed6.pcf: ok (9 rows)
[488/4800] out_n1000_rho0.3_anti-correlated_seed7.pcf: ok (9 rows)
[489/4800] out_n1000_rho0.3_anti-correlated_seed8.pcf: ok (9 rows)
[490/4800] out_n1000_rho0.3_anti-correlated_seed9.pcf: ok (9 rows)
[491/4800] out_n1000_rho0.3_correlated_seed0.pcf: ok (9 rows)
[492/4800] out_n1000_rho0.3_correlated_seed1.pcf: ok (9 rows)
[493/4800] out_n1000_rho0.3_correlated_seed2.pcf: ok (9 rows)
[494/4800] out_n1000_rho0.3_correlated_seed3.pcf: ok (9 rows)
[495/4800] out_n1000_rho0.3_correlated_seed4.pcf: ok (9 rows)
[496/4800] out_n1000_rho0.3_correlated_seed5.pcf: ok (9 rows)
[497/4800] out_n1000_rho0.3_correlated_seed6.pcf: ok (9 rows)
[498/4800] out_n1000_rho0.3_correlated_seed7.pcf: ok (9 rows)
[499/4800] out_n1000_rho0.3_correlated_seed8.pcf: ok (9 rows)
[500/4800] out_n1000_rho0.3_correlated_seed9.pcf: ok (9 rows)
[501/4800] out_n1000_rho0.3_exact-ties_seed0.pcf: ok (9 rows)
[502/4800] out_n1000_rho0.3_exact-ties_seed1.pcf: ok (9 rows)
[503/4800] out_n1000_rho0.3_exact-ties_seed2.pcf: ok (9 rows)
[504/4800] out_n1000_rho0.3_exact-ties_seed3.pcf: ok (9 rows)
[505/4800] out_n1000_rho0.3_exact-ties_seed4.pcf: ok (9 rows)
[506/4800] out_n1000_rho0.3_exact-ties_seed5.pcf: ok (9 rows)
[507/4800] out_n1000_rho0.3_exact-ties_seed6.pcf: ok (9 rows)
[508/4800] out_n1000_rho0.3_exact-ties_seed7.pcf: ok (9 rows)
[509/4800] out_n1000_rho0.3_exact-ties_seed8.pcf: ok (9 rows)
[510/4800] out_n1000_rho0.3_exact-ties_seed9.pcf: ok (9 rows)
[511/4800] out_n1000_rho0.3_independent-positive_seed0.pcf: ok (9 rows)
[512/4800] out_n1000_rho0.3_independent-positive_seed1.pcf: ok (9 rows)
[513/4800] out_n1000_rho0.3_independent-positive_seed2.pcf: ok (9 rows)
[514/4800] out_n1000_rho0.3_independent-positive_seed3.pcf: ok (9 rows)
[515/4800] out_n1000_rho0.3_independent-positive_seed4.pcf: ok (9 rows)
[516/4800] out_n1000_rho0.3_independent-positive_seed5.pcf: ok (9 rows)
[517/4800] out_n1000_rho0.3_independent-positive_seed6.pcf: ok (9 rows)
[518/4800] out_n1000_rho0.3_independent-positive_seed7.pcf: ok (9 rows)
[519/4800] out_n1000_rho0.3_independent-positive_seed8.pcf: ok (9 rows)
[520/4800] out_n1000_rho0.3_independent-positive_seed9.pcf: ok (9 rows)
[521/4800] out_n1000_rho0.3_independent-signed_seed0.pcf: ok (9 rows)
[522/4800] out_n1000_rho0.3_independent-signed_seed1.pcf: ok (9 rows)
[523/4800] out_n1000_rho0.3_independent-signed_seed2.pcf: ok (9 rows)
[524/4800] out_n1000_rho0.3_independent-signed_seed3.pcf: ok (9 rows)
[525/4800] out_n1000_rho0.3_independent-signed_seed4.pcf: ok (9 rows)
[526/4800] out_n1000_rho0.3_independent-signed_seed5.pcf: ok (9 rows)
[527/4800] out_n1000_rho0.3_independent-signed_seed6.pcf: ok (9 rows)
[528/4800] out_n1000_rho0.3_independent-signed_seed7.pcf: ok (9 rows)
[529/4800] out_n1000_rho0.3_independent-signed_seed8.pcf: ok (9 rows)
[530/4800] out_n1000_rho0.3_independent-signed_seed9.pcf: ok (9 rows)
[531/4800] out_n1000_rho0.3_near-ties_seed0.pcf: ok (9 rows)
[532/4800] out_n1000_rho0.3_near-ties_seed1.pcf: ok (9 rows)
[533/4800] out_n1000_rho0.3_near-ties_seed2.pcf: ok (9 rows)
[534/4800] out_n1000_rho0.3_near-ties_seed3.pcf: ok (9 rows)
[535/4800] out_n1000_rho0.3_near-ties_seed4.pcf: ok (9 rows)
[536/4800] out_n1000_rho0.3_near-ties_seed5.pcf: ok (9 rows)
[537/4800] out_n1000_rho0.3_near-ties_seed6.pcf: ok (9 rows)
[538/4800] out_n1000_rho0.3_near-ties_seed7.pcf: ok (9 rows)
[539/4800] out_n1000_rho0.3_near-ties_seed8.pcf: ok (9 rows)
[540/4800] out_n1000_rho0.3_near-ties_seed9.pcf: ok (9 rows)
[541/4800] out_n1000_rho0.6_anti-correlated_seed0.pcf: ok (9 rows)
[542/4800] out_n1000_rho0.6_anti-correlated_seed1.pcf: ok (9 rows)
[543/4800] out_n1000_rho0.6_anti-correlated_seed2.pcf: ok (9 rows)
[544/4800] out_n1000_rho0.6_anti-correlated_seed3.pcf: ok (9 rows)
[545/4800] out_n1000_rho0.6_anti-correlated_seed4.pcf: ok (9 rows)
[546/4800] out_n1000_rho0.6_anti-correlated_seed5.pcf: ok (9 rows)
[547/4800] out_n1000_rho0.6_anti-correlated_seed6.pcf: ok (9 rows)
[548/4800] out_n1000_rho0.6_anti-correlated_seed7.pcf: ok (9 rows)
[549/4800] out_n1000_rho0.6_anti-correlated_seed8.pcf: ok (9 rows)
[550/4800] out_n1000_rho0.6_anti-correlated_seed9.pcf: ok (9 rows)
[551/4800] out_n1000_rho0.6_correlated_seed0.pcf: ok (9 rows)
[552/4800] out_n1000_rho0.6_correlated_seed1.pcf: ok (9 rows)
[553/4800] out_n1000_rho0.6_correlated_seed2.pcf: ok (9 rows)
[554/4800] out_n1000_rho0.6_correlated_seed3.pcf: ok (9 rows)
[555/4800] out_n1000_rho0.6_correlated_seed4.pcf: ok (9 rows)
[556/4800] out_n1000_rho0.6_correlated_seed5.pcf: ok (9 rows)
[557/4800] out_n1000_rho0.6_correlated_seed6.pcf: ok (9 rows)
[558/4800] out_n1000_rho0.6_correlated_seed7.pcf: ok (9 rows)
[559/4800] out_n1000_rho0.6_correlated_seed8.pcf: ok (9 rows)
[560/4800] out_n1000_rho0.6_correlated_seed9.pcf: ok (9 rows)
[561/4800] out_n1000_rho0.6_exact-ties_seed0.pcf: ok (9 rows)
[562/4800] out_n1000_rho0.6_exact-ties_seed1.pcf: ok (9 rows)
[563/4800] out_n1000_rho0.6_exact-ties_seed2.pcf: ok (9 rows)
[564/4800] out_n1000_rho0.6_exact-ties_seed3.pcf: ok (9 rows)
[565/4800] out_n1000_rho0.6_exact-ties_seed4.pcf: ok (9 rows)
[566/4800] out_n1000_rho0.6_exact-ties_seed5.pcf: ok (9 rows)
[567/4800] out_n1000_rho0.6_exact-ties_seed6.pcf: ok (9 rows)
[568/4800] out_n1000_rho0.6_exact-ties_seed7.pcf: ok (9 rows)
[569/4800] out_n1000_rho0.6_exact-ties_seed8.pcf: ok (9 rows)
[570/4800] out_n1000_rho0.6_exact-ties_seed9.pcf: ok (9 rows)
[571/4800] out_n1000_rho0.6_independent-positive_seed0.pcf: ok (9 rows)
[572/4800] out_n1000_rho0.6_independent-positive_seed1.pcf: ok (9 rows)
[573/4800] out_n1000_rho0.6_independent-positive_seed2.pcf: ok (9 rows)
[574/4800] out_n1000_rho0.6_independent-positive_seed3.pcf: ok (9 rows)
[575/4800] out_n1000_rho0.6_independent-positive_seed4.pcf: ok (9 rows)
[576/4800] out_n1000_rho0.6_independent-positive_seed5.pcf: ok (9 rows)
[577/4800] out_n1000_rho0.6_independent-positive_seed6.pcf: ok (9 rows)
[578/4800] out_n1000_rho0.6_independent-positive_seed7.pcf: ok (9 rows)
[579/4800] out_n1000_rho0.6_independent-positive_seed8.pcf: ok (9 rows)
[580/4800] out_n1000_rho0.6_independent-positive_seed9.pcf: ok (9 rows)
[581/4800] out_n1000_rho0.6_independent-signed_seed0.pcf: ok (9 rows)
[582/4800] out_n1000_rho0.6_independent-signed_seed1.pcf: ok (9 rows)
[583/4800] out_n1000_rho0.6_independent-signed_seed2.pcf: ok (9 rows)
[584/4800] out_n1000_rho0.6_independent-signed_seed3.pcf: ok (9 rows)
[585/4800] out_n1000_rho0.6_independent-signed_seed4.pcf: ok (9 rows)
[586/4800] out_n1000_rho0.6_independent-signed_seed5.pcf: ok (9 rows)
[587/4800] out_n1000_rho0.6_independent-signed_seed6.pcf: ok (9 rows)
[588/4800] out_n1000_rho0.6_independent-signed_seed7.pcf: ok (9 rows)
[589/4800] out_n1000_rho0.6_independent-signed_seed8.pcf: ok (9 rows)
[590/4800] out_n1000_rho0.6_independent-signed_seed9.pcf: ok (9 rows)
[591/4800] out_n1000_rho0.6_near-ties_seed0.pcf: ok (9 rows)
[592/4800] out_n1000_rho0.6_near-ties_seed1.pcf: ok (9 rows)
[593/4800] out_n1000_rho0.6_near-ties_seed2.pcf: ok (9 rows)
[594/4800] out_n1000_rho0.6_near-ties_seed3.pcf: ok (9 rows)
[595/4800] out_n1000_rho0.6_near-ties_seed4.pcf: ok (9 rows)
[596/4800] out_n1000_rho0.6_near-ties_seed5.pcf: ok (9 rows)
[597/4800] out_n1000_rho0.6_near-ties_seed6.pcf: ok (9 rows)
[598/4800] out_n1000_rho0.6_near-ties_seed7.pcf: ok (9 rows)
[599/4800] out_n1000_rho0.6_near-ties_seed8.pcf: ok (9 rows)
[600/4800] out_n1000_rho0.6_near-ties_seed9.pcf: ok (9 rows)
[601/4800] out_n1000_rho0.9_anti-correlated_seed0.pcf: ok (9 rows)
[602/4800] out_n1000_rho0.9_anti-correlated_seed1.pcf: ok (9 rows)
[603/4800] out_n1000_rho0.9_anti-correlated_seed2.pcf: ok (9 rows)
[604/4800] out_n1000_rho0.9_anti-correlated_seed3.pcf: ok (9 rows)
[605/4800] out_n1000_rho0.9_anti-correlated_seed4.pcf: ok (9 rows)
[606/4800] out_n1000_rho0.9_anti-correlated_seed5.pcf: ok (9 rows)
[607/4800] out_n1000_rho0.9_anti-correlated_seed6.pcf: ok (9 rows)
[608/4800] out_n1000_rho0.9_anti-correlated_seed7.pcf: ok (9 rows)
[609/4800] out_n1000_rho0.9_anti-correlated_seed8.pcf: ok (9 rows)
[610/4800] out_n1000_rho0.9_anti-correlated_seed9.pcf: ok (9 rows)
[611/4800] out_n1000_rho0.9_correlated_seed0.pcf: ok (9 rows)
[612/4800] out_n1000_rho0.9_correlated_seed1.pcf: ok (9 rows)
[613/4800] out_n1000_rho0.9_correlated_seed2.pcf: ok (9 rows)
[614/4800] out_n1000_rho0.9_correlated_seed3.pcf: ok (9 rows)
[615/4800] out_n1000_rho0.9_correlated_seed4.pcf: ok (9 rows)
[616/4800] out_n1000_rho0.9_correlated_seed5.pcf: ok (9 rows)
[617/4800] out_n1000_rho0.9_correlated_seed6.pcf: ok (9 rows)
[618/4800] out_n1000_rho0.9_correlated_seed7.pcf: ok (9 rows)
[619/4800] out_n1000_rho0.9_correlated_seed8.pcf: ok (9 rows)
[620/4800] out_n1000_rho0.9_correlated_seed9.pcf: ok (9 rows)
[621/4800] out_n1000_rho0.9_exact-ties_seed0.pcf: ok (9 rows)
[622/4800] out_n1000_rho0.9_exact-ties_seed1.pcf: ok (9 rows)
[623/4800] out_n1000_rho0.9_exact-ties_seed2.pcf: ok (9 rows)
[624/4800] out_n1000_rho0.9_exact-ties_seed3.pcf: ok (9 rows)
[625/4800] out_n1000_rho0.9_exact-ties_seed4.pcf: ok (9 rows)
[626/4800] out_n1000_rho0.9_exact-ties_seed5.pcf: ok (9 rows)
[627/4800] out_n1000_rho0.9_exact-ties_seed6.pcf: ok (9 rows)
[628/4800] out_n1000_rho0.9_exact-ties_seed7.pcf: ok (9 rows)
[629/4800] out_n1000_rho0.9_exact-ties_seed8.pcf: ok (9 rows)
[630/4800] out_n1000_rho0.9_exact-ties_seed9.pcf: ok (9 rows)
[631/4800] out_n1000_rho0.9_independent-positive_seed0.pcf: ok (9 rows)
[632/4800] out_n1000_rho0.9_independent-positive_seed1.pcf: ok (9 rows)
[633/4800] out_n1000_rho0.9_independent-positive_seed2.pcf: ok (9 rows)
[634/4800] out_n1000_rho0.9_independent-positive_seed3.pcf: ok (9 rows)
[635/4800] out_n1000_rho0.9_independent-positive_seed4.pcf: ok (9 rows)
[636/4800] out_n1000_rho0.9_independent-positive_seed5.pcf: ok (9 rows)
[637/4800] out_n1000_rho0.9_independent-positive_seed6.pcf: ok (9 rows)
[638/4800] out_n1000_rho0.9_independent-positive_seed7.pcf: ok (9 rows)
[639/4800] out_n1000_rho0.9_independent-positive_seed8.pcf: ok (9 rows)
[640/4800] out_n1000_rho0.9_independent-positive_seed9.pcf: ok (9 rows)
[641/4800] out_n1000_rho0.9_independent-signed_seed0.pcf: ok (9 rows)
[642/4800] out_n1000_rho0.9_independent-signed_seed1.pcf: ok (9 rows)
[643/4800] out_n1000_rho0.9_independent-signed_seed2.pcf: ok (9 rows)
[644/4800] out_n1000_rho0.9_independent-signed_seed3.pcf: ok (9 rows)
[645/4800] out_n1000_rho0.9_independent-signed_seed4.pcf: ok (9 rows)
[646/4800] out_n1000_rho0.9_independent-signed_seed5.pcf: ok (9 rows)
[647/4800] out_n1000_rho0.9_independent-signed_seed6.pcf: ok (9 rows)
[648/4800] out_n1000_rho0.9_independent-signed_seed7.pcf: ok (9 rows)
[649/4800] out_n1000_rho0.9_independent-signed_seed8.pcf: ok (9 rows)
[650/4800] out_n1000_rho0.9_independent-signed_seed9.pcf: ok (9 rows)
[651/4800] out_n1000_rho0.9_near-ties_seed0.pcf: ok (9 rows)
[652/4800] out_n1000_rho0.9_near-ties_seed1.pcf: ok (9 rows)
[653/4800] out_n1000_rho0.9_near-ties_seed2.pcf: ok (9 rows)
[654/4800] out_n1000_rho0.9_near-ties_seed3.pcf: ok (9 rows)
[655/4800] out_n1000_rho0.9_near-ties_seed4.pcf: ok (9 rows)
[656/4800] out_n1000_rho0.9_near-ties_seed5.pcf: ok (9 rows)
[657/4800] out_n1000_rho0.9_near-ties_seed6.pcf: ok (9 rows)
[658/4800] out_n1000_rho0.9_near-ties_seed7.pcf: ok (9 rows)
[659/4800] out_n1000_rho0.9_near-ties_seed8.pcf: ok (9 rows)
[660/4800] out_n1000_rho0.9_near-ties_seed9.pcf: ok (9 rows)
[661/4800] out_n1000_rho1.0_anti-correlated_seed0.pcf: ok (9 rows)
[662/4800] out_n1000_rho1.0_anti-correlated_seed1.pcf: ok (9 rows)
[663/4800] out_n1000_rho1.0_anti-correlated_seed2.pcf: ok (9 rows)
[664/4800] out_n1000_rho1.0_anti-correlated_seed3.pcf: ok (9 rows)
[665/4800] out_n1000_rho1.0_anti-correlated_seed4.pcf: ok (9 rows)
[666/4800] out_n1000_rho1.0_anti-correlated_seed5.pcf: ok (9 rows)
[667/4800] out_n1000_rho1.0_anti-correlated_seed6.pcf: ok (9 rows)
[668/4800] out_n1000_rho1.0_anti-correlated_seed7.pcf: ok (9 rows)
[669/4800] out_n1000_rho1.0_anti-correlated_seed8.pcf: ok (9 rows)
[670/4800] out_n1000_rho1.0_anti-correlated_seed9.pcf: ok (9 rows)
[671/4800] out_n1000_rho1.0_correlated_seed0.pcf: ok (9 rows)
[672/4800] out_n1000_rho1.0_correlated_seed1.pcf: ok (9 rows)
[673/4800] out_n1000_rho1.0_correlated_seed2.pcf: ok (9 rows)
[674/4800] out_n1000_rho1.0_correlated_seed3.pcf: ok (9 rows)
[675/4800] out_n1000_rho1.0_correlated_seed4.pcf: ok (9 rows)
[676/4800] out_n1000_rho1.0_correlated_seed5.pcf: ok (9 rows)
[677/4800] out_n1000_rho1.0_correlated_seed6.pcf: ok (9 rows)
[678/4800] out_n1000_rho1.0_correlated_seed7.pcf: ok (9 rows)
[679/4800] out_n1000_rho1.0_correlated_seed8.pcf: ok (9 rows)
[680/4800] out_n1000_rho1.0_correlated_seed9.pcf: ok (9 rows)
[681/4800] out_n1000_rho1.0_exact-ties_seed0.pcf: ok (9 rows)
[682/4800] out_n1000_rho1.0_exact-ties_seed1.pcf: ok (9 rows)
[683/4800] out_n1000_rho1.0_exact-ties_seed2.pcf: ok (9 rows)
[684/4800] out_n1000_rho1.0_exact-ties_seed3.pcf: ok (9 rows)
[685/4800] out_n1000_rho1.0_exact-ties_seed4.pcf: ok (9 rows)
[686/4800] out_n1000_rho1.0_exact-ties_seed5.pcf: ok (9 rows)
[687/4800] out_n1000_rho1.0_exact-ties_seed6.pcf: ok (9 rows)
[688/4800] out_n1000_rho1.0_exact-ties_seed7.pcf: ok (9 rows)
[689/4800] out_n1000_rho1.0_exact-ties_seed8.pcf: ok (9 rows)
[690/4800] out_n1000_rho1.0_exact-ties_seed9.pcf: ok (9 rows)
[691/4800] out_n1000_rho1.0_independent-positive_seed0.pcf: ok (9 rows)
[692/4800] out_n1000_rho1.0_independent-positive_seed1.pcf: ok (9 rows)
[693/4800] out_n1000_rho1.0_independent-positive_seed2.pcf: ok (9 rows)
[694/4800] out_n1000_rho1.0_independent-positive_seed3.pcf: ok (9 rows)
[695/4800] out_n1000_rho1.0_independent-positive_seed4.pcf: ok (9 rows)
[696/4800] out_n1000_rho1.0_independent-positive_seed5.pcf: ok (9 rows)
[697/4800] out_n1000_rho1.0_independent-positive_seed6.pcf: ok (9 rows)
[698/4800] out_n1000_rho1.0_independent-positive_seed7.pcf: ok (9 rows)
[699/4800] out_n1000_rho1.0_independent-positive_seed8.pcf: ok (9 rows)
[700/4800] out_n1000_rho1.0_independent-positive_seed9.pcf: ok (9 rows)
[701/4800] out_n1000_rho1.0_independent-signed_seed0.pcf: ok (9 rows)
[702/4800] out_n1000_rho1.0_independent-signed_seed1.pcf: ok (9 rows)
[703/4800] out_n1000_rho1.0_independent-signed_seed2.pcf: ok (9 rows)
[704/4800] out_n1000_rho1.0_independent-signed_seed3.pcf: ok (9 rows)
[705/4800] out_n1000_rho1.0_independent-signed_seed4.pcf: ok (9 rows)
[706/4800] out_n1000_rho1.0_independent-signed_seed5.pcf: ok (9 rows)
[707/4800] out_n1000_rho1.0_independent-signed_seed6.pcf: ok (9 rows)
[708/4800] out_n1000_rho1.0_independent-signed_seed7.pcf: ok (9 rows)
[709/4800] out_n1000_rho1.0_independent-signed_seed8.pcf: ok (9 rows)
[710/4800] out_n1000_rho1.0_independent-signed_seed9.pcf: ok (9 rows)
[711/4800] out_n1000_rho1.0_near-ties_seed0.pcf: ok (9 rows)
[712/4800] out_n1000_rho1.0_near-ties_seed1.pcf: ok (9 rows)
[713/4800] out_n1000_rho1.0_near-ties_seed2.pcf: ok (9 rows)
[714/4800] out_n1000_rho1.0_near-ties_seed3.pcf: ok (9 rows)
[715/4800] out_n1000_rho1.0_near-ties_seed4.pcf: ok (9 rows)
[716/4800] out_n1000_rho1.0_near-ties_seed5.pcf: ok (9 rows)
[717/4800] out_n1000_rho1.0_near-ties_seed6.pcf: ok (9 rows)
[718/4800] out_n1000_rho1.0_near-ties_seed7.pcf: ok (9 rows)
[719/4800] out_n1000_rho1.0_near-ties_seed8.pcf: ok (9 rows)
[720/4800] out_n1000_rho1.0_near-ties_seed9.pcf: ok (9 rows)
[721/4800] out_n100_rho0.3_anti-correlated_seed0.pcf: ok (9 rows)
[722/4800] out_n100_rho0.3_anti-correlated_seed1.pcf: ok (9 rows)
[723/4800] out_n100_rho0.3_anti-correlated_seed2.pcf: ok (9 rows)
[724/4800] out_n100_rho0.3_anti-correlated_seed3.pcf: ok (9 rows)
[725/4800] out_n100_rho0.3_anti-correlated_seed4.pcf: ok (9 rows)
[726/4800] out_n100_rho0.3_anti-correlated_seed5.pcf: ok (9 rows)
[727/4800] out_n100_rho0.3_anti-correlated_seed6.pcf: ok (9 rows)
[728/4800] out_n100_rho0.3_anti-correlated_seed7.pcf: ok (9 rows)
[729/4800] out_n100_rho0.3_anti-correlated_seed8.pcf: ok (9 rows)
[730/4800] out_n100_rho0.3_anti-correlated_seed9.pcf: ok (9 rows)
[731/4800] out_n100_rho0.3_correlated_seed0.pcf: ok (9 rows)
[732/4800] out_n100_rho0.3_correlated_seed1.pcf: ok (9 rows)
[733/4800] out_n100_rho0.3_correlated_seed2.pcf: ok (9 rows)
[734/4800] out_n100_rho0.3_correlated_seed3.pcf: ok (9 rows)
[735/4800] out_n100_rho0.3_correlated_seed4.pcf: ok (9 rows)
[736/4800] out_n100_rho0.3_correlated_seed5.pcf: ok (9 rows)
[737/4800] out_n100_rho0.3_correlated_seed6.pcf: ok (9 rows)
[738/4800] out_n100_rho0.3_correlated_seed7.pcf: ok (9 rows)
[739/4800] out_n100_rho0.3_correlated_seed8.pcf: ok (9 rows)
[740/4800] out_n100_rho0.3_correlated_seed9.pcf: ok (9 rows)
[741/4800] out_n100_rho0.3_exact-ties_seed0.pcf: ok (9 rows)
[742/4800] out_n100_rho0.3_exact-ties_seed1.pcf: ok (9 rows)
[743/4800] out_n100_rho0.3_exact-ties_seed2.pcf: ok (9 rows)
[744/4800] out_n100_rho0.3_exact-ties_seed3.pcf: ok (9 rows)
[745/4800] out_n100_rho0.3_exact-ties_seed4.pcf: ok (9 rows)
[746/4800] out_n100_rho0.3_exact-ties_seed5.pcf: ok (9 rows)
[747/4800] out_n100_rho0.3_exact-ties_seed6.pcf: ok (9 rows)
[748/4800] out_n100_rho0.3_exact-ties_seed7.pcf: ok (9 rows)
[749/4800] out_n100_rho0.3_exact-ties_seed8.pcf: ok (9 rows)
[750/4800] out_n100_rho0.3_exact-ties_seed9.pcf: ok (9 rows)
[751/4800] out_n100_rho0.3_independent-positive_seed0.pcf: ok (9 rows)
[752/4800] out_n100_rho0.3_independent-positive_seed1.pcf: ok (9 rows)
[753/4800] out_n100_rho0.3_independent-positive_seed2.pcf: ok (9 rows)
[754/4800] out_n100_rho0.3_independent-positive_seed3.pcf: ok (9 rows)
[755/4800] out_n100_rho0.3_independent-positive_seed4.pcf: ok (9 rows)
[756/4800] out_n100_rho0.3_independent-positive_seed5.pcf: ok (9 rows)
[757/4800] out_n100_rho0.3_independent-positive_seed6.pcf: ok (9 rows)
[758/4800] out_n100_rho0.3_independent-positive_seed7.pcf: ok (9 rows)
[759/4800] out_n100_rho0.3_independent-positive_seed8.pcf: ok (9 rows)
[760/4800] out_n100_rho0.3_independent-positive_seed9.pcf: ok (9 rows)
[761/4800] out_n100_rho0.3_independent-signed_seed0.pcf: ok (9 rows)
[762/4800] out_n100_rho0.3_independent-signed_seed1.pcf: ok (9 rows)
[763/4800] out_n100_rho0.3_independent-signed_seed2.pcf: ok (9 rows)
[764/4800] out_n100_rho0.3_independent-signed_seed3.pcf: ok (9 rows)
[765/4800] out_n100_rho0.3_independent-signed_seed4.pcf: ok (9 rows)
[766/4800] out_n100_rho0.3_independent-signed_seed5.pcf: ok (9 rows)
[767/4800] out_n100_rho0.3_independent-signed_seed6.pcf: ok (9 rows)
[768/4800] out_n100_rho0.3_independent-signed_seed7.pcf: ok (9 rows)
[769/4800] out_n100_rho0.3_independent-signed_seed8.pcf: ok (9 rows)
[770/4800] out_n100_rho0.3_independent-signed_seed9.pcf: ok (9 rows)
[771/4800] out_n100_rho0.3_near-ties_seed0.pcf: ok (9 rows)
[772/4800] out_n100_rho0.3_near-ties_seed1.pcf: ok (9 rows)
[773/4800] out_n100_rho0.3_near-ties_seed2.pcf: ok (9 rows)
[774/4800] out_n100_rho0.3_near-ties_seed3.pcf: ok (9 rows)
[775/4800] out_n100_rho0.3_near-ties_seed4.pcf: ok (9 rows)
[776/4800] out_n100_rho0.3_near-ties_seed5.pcf: ok (9 rows)
[777/4800] out_n100_rho0.3_near-ties_seed6.pcf: ok (9 rows)
[778/4800] out_n100_rho0.3_near-ties_seed7.pcf: ok (9 rows)
[779/4800] out_n100_rho0.3_near-ties_seed8.pcf: ok (9 rows)
[780/4800] out_n100_rho0.3_near-ties_seed9.pcf: ok (9 rows)
[781/4800] out_n100_rho0.6_anti-correlated_seed0.pcf: ok (9 rows)
[782/4800] out_n100_rho0.6_anti-correlated_seed1.pcf: ok (9 rows)
[783/4800] out_n100_rho0.6_anti-correlated_seed2.pcf: ok (9 rows)
[784/4800] out_n100_rho0.6_anti-correlated_seed3.pcf: ok (9 rows)
[785/4800] out_n100_rho0.6_anti-correlated_seed4.pcf: ok (9 rows)
[786/4800] out_n100_rho0.6_anti-correlated_seed5.pcf: ok (9 rows)
[787/4800] out_n100_rho0.6_anti-correlated_seed6.pcf: ok (9 rows)
[788/4800] out_n100_rho0.6_anti-correlated_seed7.pcf: ok (9 rows)
[789/4800] out_n100_rho0.6_anti-correlated_seed8.pcf: ok (9 rows)
[790/4800] out_n100_rho0.6_anti-correlated_seed9.pcf: ok (9 rows)
[791/4800] out_n100_rho0.6_correlated_seed0.pcf: ok (9 rows)
[792/4800] out_n100_rho0.6_correlated_seed1.pcf: ok (9 rows)
[793/4800] out_n100_rho0.6_correlated_seed2.pcf: ok (9 rows)
[794/4800] out_n100_rho0.6_correlated_seed3.pcf: ok (9 rows)
[795/4800] out_n100_rho0.6_correlated_seed4.pcf: ok (9 rows)
[796/4800] out_n100_rho0.6_correlated_seed5.pcf: ok (9 rows)
[797/4800] out_n100_rho0.6_correlated_seed6.pcf: ok (9 rows)
[798/4800] out_n100_rho0.6_correlated_seed7.pcf: ok (9 rows)
[799/4800] out_n100_rho0.6_correlated_seed8.pcf: ok (9 rows)
[800/4800] out_n100_rho0.6_correlated_seed9.pcf: ok (9 rows)
[801/4800] out_n100_rho0.6_exact-ties_seed0.pcf: ok (9 rows)
[802/4800] out_n100_rho0.6_exact-ties_seed1.pcf: ok (9 rows)
[803/4800] out_n100_rho0.6_exact-ties_seed2.pcf: ok (9 rows)
[804/4800] out_n100_rho0.6_exact-ties_seed3.pcf: ok (9 rows)
[805/4800] out_n100_rho0.6_exact-ties_seed4.pcf: ok (9 rows)
[806/4800] out_n100_rho0.6_exact-ties_seed5.pcf: ok (9 rows)
[807/4800] out_n100_rho0.6_exact-ties_seed6.pcf: ok (9 rows)
[808/4800] out_n100_rho0.6_exact-ties_seed7.pcf: ok (9 rows)
[809/4800] out_n100_rho0.6_exact-ties_seed8.pcf: ok (9 rows)
[810/4800] out_n100_rho0.6_exact-ties_seed9.pcf: ok (9 rows)
[811/4800] out_n100_rho0.6_independent-positive_seed0.pcf: ok (9 rows)
[812/4800] out_n100_rho0.6_independent-positive_seed1.pcf: ok (9 rows)
[813/4800] out_n100_rho0.6_independent-positive_seed2.pcf: ok (9 rows)
[814/4800] out_n100_rho0.6_independent-positive_seed3.pcf: ok (9 rows)
[815/4800] out_n100_rho0.6_independent-positive_seed4.pcf: ok (9 rows)
[816/4800] out_n100_rho0.6_independent-positive_seed5.pcf: ok (9 rows)
[817/4800] out_n100_rho0.6_independent-positive_seed6.pcf: ok (9 rows)
[818/4800] out_n100_rho0.6_independent-positive_seed7.pcf: ok (9 rows)
[819/4800] out_n100_rho0.6_independent-positive_seed8.pcf: ok (9 rows)
[820/4800] out_n100_rho0.6_independent-positive_seed9.pcf: ok (9 rows)
[821/4800] out_n100_rho0.6_independent-signed_seed0.pcf: ok (9 rows)
[822/4800] out_n100_rho0.6_independent-signed_seed1.pcf: ok (9 rows)
[823/4800] out_n100_rho0.6_independent-signed_seed2.pcf: ok (9 rows)
[824/4800] out_n100_rho0.6_independent-signed_seed3.pcf: ok (9 rows)
[825/4800] out_n100_rho0.6_independent-signed_seed4.pcf: ok (9 rows)
[826/4800] out_n100_rho0.6_independent-signed_seed5.pcf: ok (9 rows)
[827/4800] out_n100_rho0.6_independent-signed_seed6.pcf: ok (9 rows)
[828/4800] out_n100_rho0.6_independent-signed_seed7.pcf: ok (9 rows)
[829/4800] out_n100_rho0.6_independent-signed_seed8.pcf: ok (9 rows)
[830/4800] out_n100_rho0.6_independent-signed_seed9.pcf: ok (9 rows)
[831/4800] out_n100_rho0.6_near-ties_seed0.pcf: ok (9 rows)
[832/4800] out_n100_rho0.6_near-ties_seed1.pcf: ok (9 rows)
[833/4800] out_n100_rho0.6_near-ties_seed2.pcf: ok (9 rows)
[834/4800] out_n100_rho0.6_near-ties_seed3.pcf: ok (9 rows)
[835/4800] out_n100_rho0.6_near-ties_seed4.pcf: ok (9 rows)
[836/4800] out_n100_rho0.6_near-ties_seed5.pcf: ok (9 rows)
[837/4800] out_n100_rho0.6_near-ties_seed6.pcf: ok (9 rows)
[838/4800] out_n100_rho0.6_near-ties_seed7.pcf: ok (9 rows)
[839/4800] out_n100_rho0.6_near-ties_seed8.pcf: ok (9 rows)
[840/4800] out_n100_rho0.6_near-ties_seed9.pcf: ok (9 rows)
[841/4800] out_n100_rho0.9_anti-correlated_seed0.pcf: ok (9 rows)
[842/4800] out_n100_rho0.9_anti-correlated_seed1.pcf: ok (9 rows)
[843/4800] out_n100_rho0.9_anti-correlated_seed2.pcf: ok (9 rows)
[844/4800] out_n100_rho0.9_anti-correlated_seed3.pcf: ok (9 rows)
[845/4800] out_n100_rho0.9_anti-correlated_seed4.pcf: ok (9 rows)
[846/4800] out_n100_rho0.9_anti-correlated_seed5.pcf: ok (9 rows)
[847/4800] out_n100_rho0.9_anti-correlated_seed6.pcf: ok (9 rows)
[848/4800] out_n100_rho0.9_anti-correlated_seed7.pcf: ok (9 rows)
[849/4800] out_n100_rho0.9_anti-correlated_seed8.pcf: ok (9 rows)
[850/4800] out_n100_rho0.9_anti-correlated_seed9.pcf: ok (9 rows)
[851/4800] out_n100_rho0.9_correlated_seed0.pcf: ok (9 rows)
[852/4800] out_n100_rho0.9_correlated_seed1.pcf: ok (9 rows)
[853/4800] out_n100_rho0.9_correlated_seed2.pcf: ok (9 rows)
[854/4800] out_n100_rho0.9_correlated_seed3.pcf: ok (9 rows)
[855/4800] out_n100_rho0.9_correlated_seed4.pcf: ok (9 rows)
[856/4800] out_n100_rho0.9_correlated_seed5.pcf: ok (9 rows)
[857/4800] out_n100_rho0.9_correlated_seed6.pcf: ok (9 rows)
[858/4800] out_n100_rho0.9_correlated_seed7.pcf: ok (9 rows)
[859/4800] out_n100_rho0.9_correlated_seed8.pcf: ok (9 rows)
[860/4800] out_n100_rho0.9_correlated_seed9.pcf: ok (9 rows)
[861/4800] out_n100_rho0.9_exact-ties_seed0.pcf: ok (9 rows)
[862/4800] out_n100_rho0.9_exact-ties_seed1.pcf: ok (9 rows)
[863/4800] out_n100_rho0.9_exact-ties_seed2.pcf: ok (9 rows)
[864/4800] out_n100_rho0.9_exact-ties_seed3.pcf: ok (9 rows)
[865/4800] out_n100_rho0.9_exact-ties_seed4.pcf: ok (9 rows)
[866/4800] out_n100_rho0.9_exact-ties_seed5.pcf: ok (9 rows)
[867/4800] out_n100_rho0.9_exact-ties_seed6.pcf: ok (9 rows)
[868/4800] out_n100_rho0.9_exact-ties_seed7.pcf: ok (9 rows)
[869/4800] out_n100_rho0.9_exact-ties_seed8.pcf: ok (9 rows)
[870/4800] out_n100_rho0.9_exact-ties_seed9.pcf: ok (9 rows)
[871/4800] out_n100_rho0.9_independent-positive_seed0.pcf: ok (9 rows)
[872/4800] out_n100_rho0.9_independent-positive_seed1.pcf: ok (9 rows)
[873/4800] out_n100_rho0.9_independent-positive_seed2.pcf: ok (9 rows)
[874/4800] out_n100_rho0.9_independent-positive_seed3.pcf: ok (9 rows)
[875/4800] out_n100_rho0.9_independent-positive_seed4.pcf: ok (9 rows)
[876/4800] out_n100_rho0.9_independent-positive_seed5.pcf: ok (9 rows)
[877/4800] out_n100_rho0.9_independent-positive_seed6.pcf: ok (9 rows)
[878/4800] out_n100_rho0.9_independent-positive_seed7.pcf: ok (9 rows)
[879/4800] out_n100_rho0.9_independent-positive_seed8.pcf: ok (9 rows)
[880/4800] out_n100_rho0.9_independent-positive_seed9.pcf: ok (9 rows)
[881/4800] out_n100_rho0.9_independent-signed_seed0.pcf: ok (9 rows)
[882/4800] out_n100_rho0.9_independent-signed_seed1.pcf: ok (9 rows)
[883/4800] out_n100_rho0.9_independent-signed_seed2.pcf: ok (9 rows)
[884/4800] out_n100_rho0.9_independent-signed_seed3.pcf: ok (9 rows)
[885/4800] out_n100_rho0.9_independent-signed_seed4.pcf: ok (9 rows)
[886/4800] out_n100_rho0.9_independent-signed_seed5.pcf: ok (9 rows)
[887/4800] out_n100_rho0.9_independent-signed_seed6.pcf: ok (9 rows)
[888/4800] out_n100_rho0.9_independent-signed_seed7.pcf: ok (9 rows)
[889/4800] out_n100_rho0.9_independent-signed_seed8.pcf: ok (9 rows)
[890/4800] out_n100_rho0.9_independent-signed_seed9.pcf: ok (9 rows)
[891/4800] out_n100_rho0.9_near-ties_seed0.pcf: ok (9 rows)
[892/4800] out_n100_rho0.9_near-ties_seed1.pcf: ok (9 rows)
[893/4800] out_n100_rho0.9_near-ties_seed2.pcf: ok (9 rows)
[894/4800] out_n100_rho0.9_near-ties_seed3.pcf: ok (9 rows)
[895/4800] out_n100_rho0.9_near-ties_seed4.pcf: ok (9 rows)
[896/4800] out_n100_rho0.9_near-ties_seed5.pcf: ok (9 rows)
[897/4800] out_n100_rho0.9_near-ties_seed6.pcf: ok (9 rows)
[898/4800] out_n100_rho0.9_near-ties_seed7.pcf: ok (9 rows)
[899/4800] out_n100_rho0.9_near-ties_seed8.pcf: ok (9 rows)
[900/4800] out_n100_rho0.9_near-ties_seed9.pcf: ok (9 rows)
[901/4800] out_n100_rho1.0_anti-correlated_seed0.pcf: ok (9 rows)
[902/4800] out_n100_rho1.0_anti-correlated_seed1.pcf: ok (9 rows)
[903/4800] out_n100_rho1.0_anti-correlated_seed2.pcf: ok (9 rows)
[904/4800] out_n100_rho1.0_anti-correlated_seed3.pcf: ok (9 rows)
[905/4800] out_n100_rho1.0_anti-correlated_seed4.pcf: ok (9 rows)
[906/4800] out_n100_rho1.0_anti-correlated_seed5.pcf: ok (9 rows)
[907/4800] out_n100_rho1.0_anti-correlated_seed6.pcf: ok (9 rows)
[908/4800] out_n100_rho1.0_anti-correlated_seed7.pcf: ok (9 rows)
[909/4800] out_n100_rho1.0_anti-correlated_seed8.pcf: ok (9 rows)
[910/4800] out_n100_rho1.0_anti-correlated_seed9.pcf: ok (9 rows)
[911/4800] out_n100_rho1.0_correlated_seed0.pcf: ok (9 rows)
[912/4800] out_n100_rho1.0_correlated_seed1.pcf: ok (9 rows)
[913/4800] out_n100_rho1.0_correlated_seed2.pcf: ok (9 rows)
[914/4800] out_n100_rho1.0_correlated_seed3.pcf: ok (9 rows)
[915/4800] out_n100_rho1.0_correlated_seed4.pcf: ok (9 rows)
[916/4800] out_n100_rho1.0_correlated_seed5.pcf: ok (9 rows)
[917/4800] out_n100_rho1.0_correlated_seed6.pcf: ok (9 rows)
[918/4800] out_n100_rho1.0_correlated_seed7.pcf: ok (9 rows)
[919/4800] out_n100_rho1.0_correlated_seed8.pcf: ok (9 rows)
[920/4800] out_n100_rho1.0_correlated_seed9.pcf: ok (9 rows)
[921/4800] out_n100_rho1.0_exact-ties_seed0.pcf: ok (9 rows)
[922/4800] out_n100_rho1.0_exact-ties_seed1.pcf: ok (9 rows)
[923/4800] out_n100_rho1.0_exact-ties_seed2.pcf: ok (9 rows)
[924/4800] out_n100_rho1.0_exact-ties_seed3.pcf: ok (9 rows)
[925/4800] out_n100_rho1.0_exact-ties_seed4.pcf: ok (9 rows)
[926/4800] out_n100_rho1.0_exact-ties_seed5.pcf: ok (9 rows)
[927/4800] out_n100_rho1.0_exact-ties_seed6.pcf: ok (9 rows)
[928/4800] out_n100_rho1.0_exact-ties_seed7.pcf: ok (9 rows)
[929/4800] out_n100_rho1.0_exact-ties_seed8.pcf: ok (9 rows)
[930/4800] out_n100_rho1.0_exact-ties_seed9.pcf: ok (9 rows)
[931/4800] out_n100_rho1.0_independent-positive_seed0.pcf: ok (9 rows)
[932/4800] out_n100_rho1.0_independent-positive_seed1.pcf: ok (9 rows)
[933/4800] out_n100_rho1.0_independent-positive_seed2.pcf: ok (9 rows)
[934/4800] out_n100_rho1.0_independent-positive_seed3.pcf: ok (9 rows)
[935/4800] out_n100_rho1.0_independent-positive_seed4.pcf: ok (9 rows)
[936/4800] out_n100_rho1.0_independent-positive_seed5.pcf: ok (9 rows)
[937/4800] out_n100_rho1.0_independent-positive_seed6.pcf: ok (9 rows)
[938/4800] out_n100_rho1.0_independent-positive_seed7.pcf: ok (9 rows)
[939/4800] out_n100_rho1.0_independent-positive_seed8.pcf: ok (9 rows)
[940/4800] out_n100_rho1.0_independent-positive_seed9.pcf: ok (9 rows)
[941/4800] out_n100_rho1.0_independent-signed_seed0.pcf: ok (9 rows)
[942/4800] out_n100_rho1.0_independent-signed_seed1.pcf: ok (9 rows)
[943/4800] out_n100_rho1.0_independent-signed_seed2.pcf: ok (9 rows)
[944/4800] out_n100_rho1.0_independent-signed_seed3.pcf: ok (9 rows)
[945/4800] out_n100_rho1.0_independent-signed_seed4.pcf: ok (9 rows)
[946/4800] out_n100_rho1.0_independent-signed_seed5.pcf: ok (9 rows)
[947/4800] out_n100_rho1.0_independent-signed_seed6.pcf: ok (9 rows)
[948/4800] out_n100_rho1.0_independent-signed_seed7.pcf: ok (9 rows)
[949/4800] out_n100_rho1.0_independent-signed_seed8.pcf: ok (9 rows)
[950/4800] out_n100_rho1.0_independent-signed_seed9.pcf: ok (9 rows)
[951/4800] out_n100_rho1.0_near-ties_seed0.pcf: ok (9 rows)
[952/4800] out_n100_rho1.0_near-ties_seed1.pcf: ok (9 rows)
[953/4800] out_n100_rho1.0_near-ties_seed2.pcf: ok (9 rows)
[954/4800] out_n100_rho1.0_near-ties_seed3.pcf: ok (9 rows)
[955/4800] out_n100_rho1.0_near-ties_seed4.pcf: ok (9 rows)
[956/4800] out_n100_rho1.0_near-ties_seed5.pcf: ok (9 rows)
[957/4800] out_n100_rho1.0_near-ties_seed6.pcf: ok (9 rows)
[958/4800] out_n100_rho1.0_near-ties_seed7.pcf: ok (9 rows)
[959/4800] out_n100_rho1.0_near-ties_seed8.pcf: ok (9 rows)
[960/4800] out_n100_rho1.0_near-ties_seed9.pcf: ok (9 rows)
[961/4800] out_n20000_rho0.3_anti-correlated_seed0.pcf: ok (9 rows)
[962/4800] out_n20000_rho0.3_anti-correlated_seed1.pcf: ok (9 rows)
[963/4800] out_n20000_rho0.3_anti-correlated_seed2.pcf: ok (9 rows)
[964/4800] out_n20000_rho0.3_anti-correlated_seed3.pcf: ok (9 rows)
[965/4800] out_n20000_rho0.3_anti-correlated_seed4.pcf: ok (9 rows)
[966/4800] out_n20000_rho0.3_anti-correlated_seed5.pcf: ok (9 rows)
[967/4800] out_n20000_rho0.3_anti-correlated_seed6.pcf: ok (9 rows)
[968/4800] out_n20000_rho0.3_anti-correlated_seed7.pcf: ok (9 rows)
[969/4800] out_n20000_rho0.3_anti-correlated_seed8.pcf: ok (9 rows)
[970/4800] out_n20000_rho0.3_anti-correlated_seed9.pcf: ok (9 rows)
[971/4800] out_n20000_rho0.3_correlated_seed0.pcf: ok (9 rows)
[972/4800] out_n20000_rho0.3_correlated_seed1.pcf: ok (9 rows)
[973/4800] out_n20000_rho0.3_correlated_seed2.pcf: ok (9 rows)
[974/4800] out_n20000_rho0.3_correlated_seed3.pcf: ok (9 rows)
[975/4800] out_n20000_rho0.3_correlated_seed4.pcf: ok (9 rows)
[976/4800] out_n20000_rho0.3_correlated_seed5.pcf: ok (9 rows)
[977/4800] out_n20000_rho0.3_correlated_seed6.pcf: ok (9 rows)
[978/4800] out_n20000_rho0.3_correlated_seed7.pcf: ok (9 rows)
[979/4800] out_n20000_rho0.3_correlated_seed8.pcf: ok (9 rows)
[980/4800] out_n20000_rho0.3_correlated_seed9.pcf: ok (9 rows)
[981/4800] out_n20000_rho0.3_exact-ties_seed0.pcf: ok (9 rows)
[982/4800] out_n20000_rho0.3_exact-ties_seed1.pcf: ok (9 rows)
[983/4800] out_n20000_rho0.3_exact-ties_seed2.pcf: ok (9 rows)
[984/4800] out_n20000_rho0.3_exact-ties_seed3.pcf: ok (9 rows)
[985/4800] out_n20000_rho0.3_exact-ties_seed4.pcf: ok (9 rows)
[986/4800] out_n20000_rho0.3_exact-ties_seed5.pcf: ok (9 rows)
[987/4800] out_n20000_rho0.3_exact-ties_seed6.pcf: ok (9 rows)
[988/4800] out_n20000_rho0.3_exact-ties_seed7.pcf: ok (9 rows)
[989/4800] out_n20000_rho0.3_exact-ties_seed8.pcf: ok (9 rows)
[990/4800] out_n20000_rho0.3_exact-ties_seed9.pcf: ok (9 rows)
[991/4800] out_n20000_rho0.3_independent-positive_seed0.pcf: ok (9 rows)
[992/4800] out_n20000_rho0.3_independent-positive_seed1.pcf: ok (9 rows)
[993/4800] out_n20000_rho0.3_independent-positive_seed2.pcf: ok (9 rows)
[994/4800] out_n20000_rho0.3_independent-positive_seed3.pcf: ok (9 rows)
[995/4800] out_n20000_rho0.3_independent-positive_seed4.pcf: ok (9 rows)
[996/4800] out_n20000_rho0.3_independent-positive_seed5.pcf: ok (9 rows)
[997/4800] out_n20000_rho0.3_independent-positive_seed6.pcf: ok (9 rows)
[998/4800] out_n20000_rho0.3_independent-positive_seed7.pcf: ok (9 rows)
[999/4800] out_n20000_rho0.3_independent-positive_seed8.pcf: ok (9 rows)
[1000/4800] out_n20000_rho0.3_independent-positive_seed9.pcf: ok (9 rows)
[1001/4800] out_n20000_rho0.3_independent-signed_seed0.pcf: ok (9 rows)
[1002/4800] out_n20000_rho0.3_independent-signed_seed1.pcf: ok (9 rows)
[1003/4800] out_n20000_rho0.3_independent-signed_seed2.pcf: ok (9 rows)
[1004/4800] out_n20000_rho0.3_independent-signed_seed3.pcf: ok (9 rows)
[1005/4800] out_n20000_rho0.3_independent-signed_seed4.pcf: ok (9 rows)
[1006/4800] out_n20000_rho0.3_independent-signed_seed5.pcf: ok (9 rows)
[1007/4800] out_n20000_rho0.3_independent-signed_seed6.pcf: ok (9 rows)
[1008/4800] out_n20000_rho0.3_independent-signed_seed7.pcf: ok (9 rows)
[1009/4800] out_n20000_rho0.3_independent-signed_seed8.pcf: ok (9 rows)
[1010/4800] out_n20000_rho0.3_independent-signed_seed9.pcf: ok (9 rows)
[1011/4800] out_n20000_rho0.3_near-ties_seed0.pcf: ok (9 rows)
[1012/4800] out_n20000_rho0.3_near-ties_seed1.pcf: ok (9 rows)
[1013/4800] out_n20000_rho0.3_near-ties_seed2.pcf: ok (9 rows)
[1014/4800] out_n20000_rho0.3_near-ties_seed3.pcf: ok (9 rows)
[1015/4800] out_n20000_rho0.3_near-ties_seed4.pcf: ok (9 rows)
[1016/4800] out_n20000_rho0.3_near-ties_seed5.pcf: ok (9 rows)
[1017/4800] out_n20000_rho0.3_near-ties_seed6.pcf: ok (9 rows)
[1018/4800] out_n20000_rho0.3_near-ties_seed7.pcf: ok (9 rows)
[1019/4800] out_n20000_rho0.3_near-ties_seed8.pcf: ok (9 rows)
[1020/4800] out_n20000_rho0.3_near-ties_seed9.pcf: ok (9 rows)
[1021/4800] out_n20000_rho0.6_anti-correlated_seed0.pcf: ok (9 rows)
[1022/4800] out_n20000_rho0.6_anti-correlated_seed1.pcf: ok (9 rows)
[1023/4800] out_n20000_rho0.6_anti-correlated_seed2.pcf: ok (9 rows)
[1024/4800] out_n20000_rho0.6_anti-correlated_seed3.pcf: ok (9 rows)
[1025/4800] out_n20000_rho0.6_anti-correlated_seed4.pcf: ok (9 rows)
[1026/4800] out_n20000_rho0.6_anti-correlated_seed5.pcf: ok (9 rows)
[1027/4800] out_n20000_rho0.6_anti-correlated_seed6.pcf: ok (9 rows)
[1028/4800] out_n20000_rho0.6_anti-correlated_seed7.pcf: ok (9 rows)
[1029/4800] out_n20000_rho0.6_anti-correlated_seed8.pcf: ok (9 rows)
[1030/4800] out_n20000_rho0.6_anti-correlated_seed9.pcf: ok (9 rows)
[1031/4800] out_n20000_rho0.6_correlated_seed0.pcf: ok (9 rows)
[1032/4800] out_n20000_rho0.6_correlated_seed1.pcf: ok (9 rows)
[1033/4800] out_n20000_rho0.6_correlated_seed2.pcf: ok (9 rows)
[1034/4800] out_n20000_rho0.6_correlated_seed3.pcf: ok (9 rows)
[1035/4800] out_n20000_rho0.6_correlated_seed4.pcf: ok (9 rows)
[1036/4800] out_n20000_rho0.6_correlated_seed5.pcf: ok (9 rows)
[1037/4800] out_n20000_rho0.6_correlated_seed6.pcf: ok (9 rows)
[1038/4800] out_n20000_rho0.6_correlated_seed7.pcf: ok (9 rows)
[1039/4800] out_n20000_rho0.6_correlated_seed8.pcf: ok (9 rows)
[1040/4800] out_n20000_rho0.6_correlated_seed9.pcf: ok (9 rows)
[1041/4800] out_n20000_rho0.6_exact-ties_seed0.pcf: ok (9 rows)
[1042/4800] out_n20000_rho0.6_exact-ties_seed1.pcf: ok (9 rows)
[1043/4800] out_n20000_rho0.6_exact-ties_seed2.pcf: ok (9 rows)
[1044/4800] out_n20000_rho0.6_exact-ties_seed3.pcf: ok (9 rows)
[1045/4800] out_n20000_rho0.6_exact-ties_seed4.pcf: ok (9 rows)
[1046/4800] out_n20000_rho0.6_exact-ties_seed5.pcf: ok (9 rows)
[1047/4800] out_n20000_rho0.6_exact-ties_seed6.pcf: ok (9 rows)
[1048/4800] out_n20000_rho0.6_exact-ties_seed7.pcf: ok (9 rows)
[1049/4800] out_n20000_rho0.6_exact-ties_seed8.pcf: ok (9 rows)
[1050/4800] out_n20000_rho0.6_exact-ties_seed9.pcf: ok (9 rows)
[1051/4800] out_n20000_rho0.6_independent-positive_seed0.pcf: ok (9 rows)
[1052/4800] out_n20000_rho0.6_independent-positive_seed1.pcf: ok (9 rows)
[1053/4800] out_n20000_rho0.6_independent-positive_seed2.pcf: ok (9 rows)
[1054/4800] out_n20000_rho0.6_independent-positive_seed3.pcf: ok (9 rows)
[1055/4800] out_n20000_rho0.6_independent-positive_seed4.pcf: ok (9 rows)
[1056/4800] out_n20000_rho0.6_independent-positive_seed5.pcf: ok (9 rows)
[1057/4800] out_n20000_rho0.6_independent-positive_seed6.pcf: ok (9 rows)
[1058/4800] out_n20000_rho0.6_independent-positive_seed7.pcf: ok (9 rows)
[1059/4800] out_n20000_rho0.6_independent-positive_seed8.pcf: ok (9 rows)
[1060/4800] out_n20000_rho0.6_independent-positive_seed9.pcf: ok (9 rows)
[1061/4800] out_n20000_rho0.6_independent-signed_seed0.pcf: ok (9 rows)
[1062/4800] out_n20000_rho0.6_independent-signed_seed1.pcf: ok (9 rows)
[1063/4800] out_n20000_rho0.6_independent-signed_seed2.pcf: ok (9 rows)
[1064/4800] out_n20000_rho0.6_independent-signed_seed3.pcf: ok (9 rows)
[1065/4800] out_n20000_rho0.6_independent-signed_seed4.pcf: ok (9 rows)
[1066/4800] out_n20000_rho0.6_independent-signed_seed5.pcf: ok (9 rows)
[1067/4800] out_n20000_rho0.6_independent-signed_seed6.pcf: ok (9 rows)
[1068/4800] out_n20000_rho0.6_independent-signed_seed7.pcf: ok (9 rows)
[1069/4800] out_n20000_rho0.6_independent-signed_seed8.pcf: ok (9 rows)
[1070/4800] out_n20000_rho0.6_independent-signed_seed9.pcf: ok (9 rows)
[1071/4800] out_n20000_rho0.6_near-ties_seed0.pcf: ok (9 rows)
[1072/4800] out_n20000_rho0.6_near-ties_seed1.pcf: ok (9 rows)
[1073/4800] out_n20000_rho0.6_near-ties_seed2.pcf: ok (9 rows)
[1074/4800] out_n20000_rho0.6_near-ties_seed3.pcf: ok (9 rows)
[1075/4800] out_n20000_rho0.6_near-ties_seed4.pcf: ok (9 rows)
[1076/4800] out_n20000_rho0.6_near-ties_seed5.pcf: ok (9 rows)
[1077/4800] out_n20000_rho0.6_near-ties_seed6.pcf: ok (9 rows)
[1078/4800] out_n20000_rho0.6_near-ties_seed7.pcf: ok (9 rows)
[1079/4800] out_n20000_rho0.6_near-ties_seed8.pcf: ok (9 rows)
[1080/4800] out_n20000_rho0.6_near-ties_seed9.pcf: ok (9 rows)
[1081/4800] out_n20000_rho0.9_anti-correlated_seed0.pcf: ok (9 rows)
[1082/4800] out_n20000_rho0.9_anti-correlated_seed1.pcf: ok (9 rows)
[1083/4800] out_n20000_rho0.9_anti-correlated_seed2.pcf: ok (9 rows)
[1084/4800] out_n20000_rho0.9_anti-correlated_seed3.pcf: ok (9 rows)
[1085/4800] out_n20000_rho0.9_anti-correlated_seed4.pcf: ok (9 rows)
[1086/4800] out_n20000_rho0.9_anti-correlated_seed5.pcf: ok (9 rows)
[1087/4800] out_n20000_rho0.9_anti-correlated_seed6.pcf: ok (9 rows)
[1088/4800] out_n20000_rho0.9_anti-correlated_seed7.pcf: ok (9 rows)
[1089/4800] out_n20000_rho0.9_anti-correlated_seed8.pcf: ok (9 rows)
[1090/4800] out_n20000_rho0.9_anti-correlated_seed9.pcf: ok (9 rows)
[1091/4800] out_n20000_rho0.9_correlated_seed0.pcf: ok (9 rows)
[1092/4800] out_n20000_rho0.9_correlated_seed1.pcf: ok (9 rows)
[1093/4800] out_n20000_rho0.9_correlated_seed2.pcf: ok (9 rows)
[1094/4800] out_n20000_rho0.9_correlated_seed3.pcf: ok (9 rows)
[1095/4800] out_n20000_rho0.9_correlated_seed4.pcf: ok (9 rows)
[1096/4800] out_n20000_rho0.9_correlated_seed5.pcf: ok (9 rows)
[1097/4800] out_n20000_rho0.9_correlated_seed6.pcf: ok (9 rows)
[1098/4800] out_n20000_rho0.9_correlated_seed7.pcf: ok (9 rows)
[1099/4800] out_n20000_rho0.9_correlated_seed8.pcf: ok (9 rows)
[1100/4800] out_n20000_rho0.9_correlated_seed9.pcf: ok (9 rows)
[1101/4800] out_n20000_rho0.9_exact-ties_seed0.pcf: ok (9 rows)
[1102/4800] out_n20000_rho0.9_exact-ties_seed1.pcf: ok (9 rows)
[1103/4800] out_n20000_rho0.9_exact-ties_seed2.pcf: ok (9 rows)
[1104/4800] out_n20000_rho0.9_exact-ties_seed3.pcf: ok (9 rows)
[1105/4800] out_n20000_rho0.9_exact-ties_seed4.pcf: ok (9 rows)
[1106/4800] out_n20000_rho0.9_exact-ties_seed5.pcf: ok (9 rows)
[1107/4800] out_n20000_rho0.9_exact-ties_seed6.pcf: ok (9 rows)
[1108/4800] out_n20000_rho0.9_exact-ties_seed7.pcf: ok (9 rows)
[1109/4800] out_n20000_rho0.9_exact-ties_seed8.pcf: ok (9 rows)
[1110/4800] out_n20000_rho0.9_exact-ties_seed9.pcf: ok (9 rows)
[1111/4800] out_n20000_rho0.9_independent-positive_seed0.pcf: ok (9 rows)
[1112/4800] out_n20000_rho0.9_independent-positive_seed1.pcf: ok (9 rows)
[1113/4800] out_n20000_rho0.9_independent-positive_seed2.pcf: ok (9 rows)
[1114/4800] out_n20000_rho0.9_independent-positive_seed3.pcf: ok (9 rows)
[1115/4800] out_n20000_rho0.9_independent-positive_seed4.pcf: ok (9 rows)
[1116/4800] out_n20000_rho0.9_independent-positive_seed5.pcf: ok (9 rows)
[1117/4800] out_n20000_rho0.9_independent-positive_seed6.pcf: ok (9 rows)
[1118/4800] out_n20000_rho0.9_independent-positive_seed7.pcf: ok (9 rows)
[1119/4800] out_n20000_rho0.9_independent-positive_seed8.pcf: ok (9 rows)
[1120/4800] out_n20000_rho0.9_independent-positive_seed9.pcf: ok (9 rows)
[1121/4800] out_n20000_rho0.9_independent-signed_seed0.pcf: ok (9 rows)
[1122/4800] out_n20000_rho0.9_independent-signed_seed1.pcf: ok (9 rows)
[1123/4800] out_n20000_rho0.9_independent-signed_seed2.pcf: ok (9 rows)
[1124/4800] out_n20000_rho0.9_independent-signed_seed3.pcf: ok (9 rows)
[1125/4800] out_n20000_rho0.9_independent-signed_seed4.pcf: ok (9 rows)
[1126/4800] out_n20000_rho0.9_independent-signed_seed5.pcf: ok (9 rows)
[1127/4800] out_n20000_rho0.9_independent-signed_seed6.pcf: ok (9 rows)
[1128/4800] out_n20000_rho0.9_independent-signed_seed7.pcf: ok (9 rows)
[1129/4800] out_n20000_rho0.9_independent-signed_seed8.pcf: ok (9 rows)
[1130/4800] out_n20000_rho0.9_independent-signed_seed9.pcf: ok (9 rows)
[1131/4800] out_n20000_rho0.9_near-ties_seed0.pcf: ok (9 rows)
[1132/4800] out_n20000_rho0.9_near-ties_seed1.pcf: ok (9 rows)
[1133/4800] out_n20000_rho0.9_near-ties_seed2.pcf: ok (9 rows)
[1134/4800] out_n20000_rho0.9_near-ties_seed3.pcf: ok (9 rows)
[1135/4800] out_n20000_rho0.9_near-ties_seed4.pcf: ok (9 rows)
[1136/4800] out_n20000_rho0.9_near-ties_seed5.pcf: ok (9 rows)
[1137/4800] out_n20000_rho0.9_near-ties_seed6.pcf: ok (9 rows)
[1138/4800] out_n20000_rho0.9_near-ties_seed7.pcf: ok (9 rows)
[1139/4800] out_n20000_rho0.9_near-ties_seed8.pcf: ok (9 rows)
[1140/4800] out_n20000_rho0.9_near-ties_seed9.pcf: ok (9 rows)
[1141/4800] out_n20000_rho1.0_anti-correlated_seed0.pcf: ok (9 rows)
[1142/4800] out_n20000_rho1.0_anti-correlated_seed1.pcf: ok (9 rows)
[1143/4800] out_n20000_rho1.0_anti-correlated_seed2.pcf: ok (9 rows)
[1144/4800] out_n20000_rho1.0_anti-correlated_seed3.pcf: ok (9 rows)
[1145/4800] out_n20000_rho1.0_anti-correlated_seed4.pcf: ok (9 rows)
[1146/4800] out_n20000_rho1.0_anti-correlated_seed5.pcf: ok (9 rows)
[1147/4800] out_n20000_rho1.0_anti-correlated_seed6.pcf: ok (9 rows)
[1148/4800] out_n20000_rho1.0_anti-correlated_seed7.pcf: ok (9 rows)
[1149/4800] out_n20000_rho1.0_anti-correlated_seed8.pcf: ok (9 rows)
[1150/4800] out_n20000_rho1.0_anti-correlated_seed9.pcf: ok (9 rows)
[1151/4800] out_n20000_rho1.0_correlated_seed0.pcf: ok (9 rows)
[1152/4800] out_n20000_rho1.0_correlated_seed1.pcf: ok (9 rows)
[1153/4800] out_n20000_rho1.0_correlated_seed2.pcf: ok (9 rows)
[1154/4800] out_n20000_rho1.0_correlated_seed3.pcf: ok (9 rows)
[1155/4800] out_n20000_rho1.0_correlated_seed4.pcf: ok (9 rows)
[1156/4800] out_n20000_rho1.0_correlated_seed5.pcf: ok (9 rows)
[1157/4800] out_n20000_rho1.0_correlated_seed6.pcf: ok (9 rows)
[1158/4800] out_n20000_rho1.0_correlated_seed7.pcf: ok (9 rows)
[1159/4800] out_n20000_rho1.0_correlated_seed8.pcf: ok (9 rows)
[1160/4800] out_n20000_rho1.0_correlated_seed9.pcf: ok (9 rows)
[1161/4800] out_n20000_rho1.0_exact-ties_seed0.pcf: ok (9 rows)
[1162/4800] out_n20000_rho1.0_exact-ties_seed1.pcf: ok (9 rows)
[1163/4800] out_n20000_rho1.0_exact-ties_seed2.pcf: ok (9 rows)
[1164/4800] out_n20000_rho1.0_exact-ties_seed3.pcf: ok (9 rows)
[1165/4800] out_n20000_rho1.0_exact-ties_seed4.pcf: ok (9 rows)
[1166/4800] out_n20000_rho1.0_exact-ties_seed5.pcf: ok (9 rows)
[1167/4800] out_n20000_rho1.0_exact-ties_seed6.pcf: ok (9 rows)
[1168/4800] out_n20000_rho1.0_exact-ties_seed7.pcf: ok (9 rows)
[1169/4800] out_n20000_rho1.0_exact-ties_seed8.pcf: ok (9 rows)
[1170/4800] out_n20000_rho1.0_exact-ties_seed9.pcf: ok (9 rows)
[1171/4800] out_n20000_rho1.0_independent-positive_seed0.pcf: ok (9 rows)
[1172/4800] out_n20000_rho1.0_independent-positive_seed1.pcf: ok (9 rows)
[1173/4800] out_n20000_rho1.0_independent-positive_seed2.pcf: ok (9 rows)
[1174/4800] out_n20000_rho1.0_independent-positive_seed3.pcf: ok (9 rows)
[1175/4800] out_n20000_rho1.0_independent-positive_seed4.pcf: ok (9 rows)
[1176/4800] out_n20000_rho1.0_independent-positive_seed5.pcf: ok (9 rows)
[1177/4800] out_n20000_rho1.0_independent-positive_seed6.pcf: ok (9 rows)
[1178/4800] out_n20000_rho1.0_independent-positive_seed7.pcf: ok (9 rows)
[1179/4800] out_n20000_rho1.0_independent-positive_seed8.pcf: ok (9 rows)
[1180/4800] out_n20000_rho1.0_independent-positive_seed9.pcf: ok (9 rows)
[1181/4800] out_n20000_rho1.0_independent-signed_seed0.pcf: ok (9 rows)
[1182/4800] out_n20000_rho1.0_independent-signed_seed1.pcf: ok (9 rows)
[1183/4800] out_n20000_rho1.0_independent-signed_seed2.pcf: ok (9 rows)
[1184/4800] out_n20000_rho1.0_independent-signed_seed3.pcf: ok (9 rows)
[1185/4800] out_n20000_rho1.0_independent-signed_seed4.pcf: ok (9 rows)
[1186/4800] out_n20000_rho1.0_independent-signed_seed5.pcf: ok (9 rows)
[1187/4800] out_n20000_rho1.0_independent-signed_seed6.pcf: ok (9 rows)
[1188/4800] out_n20000_rho1.0_independent-signed_seed7.pcf: ok (9 rows)
[1189/4800] out_n20000_rho1.0_independent-signed_seed8.pcf: ok (9 rows)
[1190/4800] out_n20000_rho1.0_independent-signed_seed9.pcf: ok (9 rows)
[1191/4800] out_n20000_rho1.0_near-ties_seed0.pcf: ok (9 rows)
[1192/4800] out_n20000_rho1.0_near-ties_seed1.pcf: ok (9 rows)
[1193/4800] out_n20000_rho1.0_near-ties_seed2.pcf: ok (9 rows)
[1194/4800] out_n20000_rho1.0_near-ties_seed3.pcf: ok (9 rows)
[1195/4800] out_n20000_rho1.0_near-ties_seed4.pcf: ok (9 rows)
[1196/4800] out_n20000_rho1.0_near-ties_seed5.pcf: ok (9 rows)
[1197/4800] out_n20000_rho1.0_near-ties_seed6.pcf: ok (9 rows)
[1198/4800] out_n20000_rho1.0_near-ties_seed7.pcf: ok (9 rows)
[1199/4800] out_n20000_rho1.0_near-ties_seed8.pcf: ok (9 rows)
[1200/4800] out_n20000_rho1.0_near-ties_seed9.pcf: ok (9 rows)
[1201/4800] out_n200_rho0.3_anti-correlated_seed0.pcf: ok (9 rows)
[1202/4800] out_n200_rho0.3_anti-correlated_seed1.pcf: ok (9 rows)
[1203/4800] out_n200_rho0.3_anti-correlated_seed2.pcf: ok (9 rows)
[1204/4800] out_n200_rho0.3_anti-correlated_seed3.pcf: ok (9 rows)
[1205/4800] out_n200_rho0.3_anti-correlated_seed4.pcf: ok (9 rows)
[1206/4800] out_n200_rho0.3_anti-correlated_seed5.pcf: ok (9 rows)
[1207/4800] out_n200_rho0.3_anti-correlated_seed6.pcf: ok (9 rows)
[1208/4800] out_n200_rho0.3_anti-correlated_seed7.pcf: ok (9 rows)
[1209/4800] out_n200_rho0.3_anti-correlated_seed8.pcf: ok (9 rows)
[1210/4800] out_n200_rho0.3_anti-correlated_seed9.pcf: ok (9 rows)
[1211/4800] out_n200_rho0.3_correlated_seed0.pcf: ok (9 rows)
[1212/4800] out_n200_rho0.3_correlated_seed1.pcf: ok (9 rows)
[1213/4800] out_n200_rho0.3_correlated_seed2.pcf: ok (9 rows)
[1214/4800] out_n200_rho0.3_correlated_seed3.pcf: ok (9 rows)
[1215/4800] out_n200_rho0.3_correlated_seed4.pcf: ok (9 rows)
[1216/4800] out_n200_rho0.3_correlated_seed5.pcf: ok (9 rows)
[1217/4800] out_n200_rho0.3_correlated_seed6.pcf: ok (9 rows)
[1218/4800] out_n200_rho0.3_correlated_seed7.pcf: ok (9 rows)
[1219/4800] out_n200_rho0.3_correlated_seed8.pcf: ok (9 rows)
[1220/4800] out_n200_rho0.3_correlated_seed9.pcf: ok (9 rows)
[1221/4800] out_n200_rho0.3_exact-ties_seed0.pcf: ok (9 rows)
[1222/4800] out_n200_rho0.3_exact-ties_seed1.pcf: ok (9 rows)
[1223/4800] out_n200_rho0.3_exact-ties_seed2.pcf: ok (9 rows)
[1224/4800] out_n200_rho0.3_exact-ties_seed3.pcf: ok (9 rows)
[1225/4800] out_n200_rho0.3_exact-ties_seed4.pcf: ok (9 rows)
[1226/4800] out_n200_rho0.3_exact-ties_seed5.pcf: ok (9 rows)
[1227/4800] out_n200_rho0.3_exact-ties_seed6.pcf: ok (9 rows)
[1228/4800] out_n200_rho0.3_exact-ties_seed7.pcf: ok (9 rows)
[1229/4800] out_n200_rho0.3_exact-ties_seed8.pcf: ok (9 rows)
[1230/4800] out_n200_rho0.3_exact-ties_seed9.pcf: ok (9 rows)
[1231/4800] out_n200_rho0.3_independent-positive_seed0.pcf: ok (9 rows)
[1232/4800] out_n200_rho0.3_independent-positive_seed1.pcf: ok (9 rows)
[1233/4800] out_n200_rho0.3_independent-positive_seed2.pcf: ok (9 rows)
[1234/4800] out_n200_rho0.3_independent-positive_seed3.pcf: ok (9 rows)
[1235/4800] out_n200_rho0.3_independent-positive_seed4.pcf: ok (9 rows)
[1236/4800] out_n200_rho0.3_independent-positive_seed5.pcf: ok (9 rows)
[1237/4800] out_n200_rho0.3_independent-positive_seed6.pcf: ok (9 rows)
[1238/4800] out_n200_rho0.3_independent-positive_seed7.pcf: ok (9 rows)
[1239/4800] out_n200_rho0.3_independent-positive_seed8.pcf: ok (9 rows)
[1240/4800] out_n200_rho0.3_independent-positive_seed9.pcf: ok (9 rows)
[1241/4800] out_n200_rho0.3_independent-signed_seed0.pcf: ok (9 rows)
[1242/4800] out_n200_rho0.3_independent-signed_seed1.pcf: ok (9 rows)
[1243/4800] out_n200_rho0.3_independent-signed_seed2.pcf: ok (9 rows)
[1244/4800] out_n200_rho0.3_independent-signed_seed3.pcf: ok (9 rows)
[1245/4800] out_n200_rho0.3_independent-signed_seed4.pcf: ok (9 rows)
[1246/4800] out_n200_rho0.3_independent-signed_seed5.pcf: ok (9 rows)
[1247/4800] out_n200_rho0.3_independent-signed_seed6.pcf: ok (9 rows)
[1248/4800] out_n200_rho0.3_independent-signed_seed7.pcf: ok (9 rows)
[1249/4800] out_n200_rho0.3_independent-signed_seed8.pcf: ok (9 rows)
[1250/4800] out_n200_rho0.3_independent-signed_seed9.pcf: ok (9 rows)
[1251/4800] out_n200_rho0.3_near-ties_seed0.pcf: ok (9 rows)
[1252/4800] out_n200_rho0.3_near-ties_seed1.pcf: ok (9 rows)
[1253/4800] out_n200_rho0.3_near-ties_seed2.pcf: ok (9 rows)
[1254/4800] out_n200_rho0.3_near-ties_seed3.pcf: ok (9 rows)
[1255/4800] out_n200_rho0.3_near-ties_seed4.pcf: ok (9 rows)
[1256/4800] out_n200_rho0.3_near-ties_seed5.pcf: ok (9 rows)
[1257/4800] out_n200_rho0.3_near-ties_seed6.pcf: ok (9 rows)
[1258/4800] out_n200_rho0.3_near-ties_seed7.pcf: ok (9 rows)
[1259/4800] out_n200_rho0.3_near-ties_seed8.pcf: ok (9 rows)
[1260/4800] out_n200_rho0.3_near-ties_seed9.pcf: ok (9 rows)
[1261/4800] out_n200_rho0.6_anti-correlated_seed0.pcf: ok (9 rows)
[1262/4800] out_n200_rho0.6_anti-correlated_seed1.pcf: ok (9 rows)
[1263/4800] out_n200_rho0.6_anti-correlated_seed2.pcf: ok (9 rows)
[1264/4800] out_n200_rho0.6_anti-correlated_seed3.pcf: ok (9 rows)
[1265/4800] out_n200_rho0.6_anti-correlated_seed4.pcf: ok (9 rows)
[1266/4800] out_n200_rho0.6_anti-correlated_seed5.pcf: ok (9 rows)
[1267/4800] out_n200_rho0.6_anti-correlated_seed6.pcf: ok (9 rows)
[1268/4800] out_n200_rho0.6_anti-correlated_seed7.pcf: ok (9 rows)
[1269/4800] out_n200_rho0.6_anti-correlated_seed8.pcf: ok (9 rows)
[1270/4800] out_n200_rho0.6_anti-correlated_seed9.pcf: ok (9 rows)
[1271/4800] out_n200_rho0.6_correlated_seed0.pcf: ok (9 rows)
[1272/4800] out_n200_rho0.6_correlated_seed1.pcf: ok (9 rows)
[1273/4800] out_n200_rho0.6_correlated_seed2.pcf: ok (9 rows)
[1274/4800] out_n200_rho0.6_correlated_seed3.pcf: ok (9 rows)
[1275/4800] out_n200_rho0.6_correlated_seed4.pcf: ok (9 rows)
[1276/4800] out_n200_rho0.6_correlated_seed5.pcf: ok (9 rows)
[1277/4800] out_n200_rho0.6_correlated_seed6.pcf: ok (9 rows)
[1278/4800] out_n200_rho0.6_correlated_seed7.pcf: ok (9 rows)
[1279/4800] out_n200_rho0.6_correlated_seed8.pcf: ok (9 rows)
[1280/4800] out_n200_rho0.6_correlated_seed9.pcf: ok (9 rows)
[1281/4800] out_n200_rho0.6_exact-ties_seed0.pcf: ok (9 rows)
[1282/4800] out_n200_rho0.6_exact-ties_seed1.pcf: ok (9 rows)
[1283/4800] out_n200_rho0.6_exact-ties_seed2.pcf: ok (9 rows)
[1284/4800] out_n200_rho0.6_exact-ties_seed3.pcf: ok (9 rows)
[1285/4800] out_n200_rho0.6_exact-ties_seed4.pcf: ok (9 rows)
[1286/4800] out_n200_rho0.6_exact-ties_seed5.pcf: ok (9 rows)
[1287/4800] out_n200_rho0.6_exact-ties_seed6.pcf: ok (9 rows)
[1288/4800] out_n200_rho0.6_exact-ties_seed7.pcf: ok (9 rows)
[1289/4800] out_n200_rho0.6_exact-ties_seed8.pcf: ok (9 rows)
[1290/4800] out_n200_rho0.6_exact-ties_seed9.pcf: ok (9 rows)
[1291/4800] out_n200_rho0.6_independent-positive_seed0.pcf: ok (9 rows)
[1292/4800] out_n200_rho0.6_independent-positive_seed1.pcf: ok (9 rows)
[1293/4800] out_n200_rho0.6_independent-positive_seed2.pcf: ok (9 rows)
[1294/4800] out_n200_rho0.6_independent-positive_seed3.pcf: ok (9 rows)
[1295/4800] out_n200_rho0.6_independent-positive_seed4.pcf: ok (9 rows)
[1296/4800] out_n200_rho0.6_independent-positive_seed5.pcf: ok (9 rows)
[1297/4800] out_n200_rho0.6_independent-positive_seed6.pcf: ok (9 rows)
[1298/4800] out_n200_rho0.6_independent-positive_seed7.pcf: ok (9 rows)
[1299/4800] out_n200_rho0.6_independent-positive_seed8.pcf: ok (9 rows)
[1300/4800] out_n200_rho0.6_independent-positive_seed9.pcf: ok (9 rows)
[1301/4800] out_n200_rho0.6_independent-signed_seed0.pcf: ok (9 rows)
[1302/4800] out_n200_rho0.6_independent-signed_seed1.pcf: ok (9 rows)
[1303/4800] out_n200_rho0.6_independent-signed_seed2.pcf: ok (9 rows)
[1304/4800] out_n200_rho0.6_independent-signed_seed3.pcf: ok (9 rows)
[1305/4800] out_n200_rho0.6_independent-signed_seed4.pcf: ok (9 rows)
[1306/4800] out_n200_rho0.6_independent-signed_seed5.pcf: ok (9 rows)
[1307/4800] out_n200_rho0.6_independent-signed_seed6.pcf: ok (9 rows)
[1308/4800] out_n200_rho0.6_independent-signed_seed7.pcf: ok (9 rows)
[1309/4800] out_n200_rho0.6_independent-signed_seed8.pcf: ok (9 rows)
[1310/4800] out_n200_rho0.6_independent-signed_seed9.pcf: ok (9 rows)
[1311/4800] out_n200_rho0.6_near-ties_seed0.pcf: ok (9 rows)
[1312/4800] out_n200_rho0.6_near-ties_seed1.pcf: ok (9 rows)
[1313/4800] out_n200_rho0.6_near-ties_seed2.pcf: ok (9 rows)
[1314/4800] out_n200_rho0.6_near-ties_seed3.pcf: ok (9 rows)
[1315/4800] out_n200_rho0.6_near-ties_seed4.pcf: ok (9 rows)
[1316/4800] out_n200_rho0.6_near-ties_seed5.pcf: ok (9 rows)
[1317/4800] out_n200_rho0.6_near-ties_seed6.pcf: ok (9 rows)
[1318/4800] out_n200_rho0.6_near-ties_seed7.pcf: ok (9 rows)
[1319/4800] out_n200_rho0.6_near-ties_seed8.pcf: ok (9 rows)
[1320/4800] out_n200_rho0.6_near-ties_seed9.pcf: ok (9 rows)
[1321/4800] out_n200_rho0.9_anti-correlated_seed0.pcf: ok (9 rows)
[1322/4800] out_n200_rho0.9_anti-correlated_seed1.pcf: ok (9 rows)
[1323/4800] out_n200_rho0.9_anti-correlated_seed2.pcf: ok (9 rows)
[1324/4800] out_n200_rho0.9_anti-correlated_seed3.pcf: ok (9 rows)
[1325/4800] out_n200_rho0.9_anti-correlated_seed4.pcf: ok (9 rows)
[1326/4800] out_n200_rho0.9_anti-correlated_seed5.pcf: ok (9 rows)
[1327/4800] out_n200_rho0.9_anti-correlated_seed6.pcf: ok (9 rows)
[1328/4800] out_n200_rho0.9_anti-correlated_seed7.pcf: ok (9 rows)
[1329/4800] out_n200_rho0.9_anti-correlated_seed8.pcf: ok (9 rows)
[1330/4800] out_n200_rho0.9_anti-correlated_seed9.pcf: ok (9 rows)
[1331/4800] out_n200_rho0.9_correlated_seed0.pcf: ok (9 rows)
[1332/4800] out_n200_rho0.9_correlated_seed1.pcf: ok (9 rows)
[1333/4800] out_n200_rho0.9_correlated_seed2.pcf: ok (9 rows)
[1334/4800] out_n200_rho0.9_correlated_seed3.pcf: ok (9 rows)
[1335/4800] out_n200_rho0.9_correlated_seed4.pcf: ok (9 rows)
[1336/4800] out_n200_rho0.9_correlated_seed5.pcf: ok (9 rows)
[1337/4800] out_n200_rho0.9_correlated_seed6.pcf: ok (9 rows)
[1338/4800] out_n200_rho0.9_correlated_seed7.pcf: ok (9 rows)
[1339/4800] out_n200_rho0.9_correlated_seed8.pcf: ok (9 rows)
[1340/4800] out_n200_rho0.9_correlated_seed9.pcf: ok (9 rows)
[1341/4800] out_n200_rho0.9_exact-ties_seed0.pcf: ok (9 rows)
[1342/4800] out_n200_rho0.9_exact-ties_seed1.pcf: ok (9 rows)
[1343/4800] out_n200_rho0.9_exact-ties_seed2.pcf: ok (9 rows)
[1344/4800] out_n200_rho0.9_exact-ties_seed3.pcf: ok (9 rows)
[1345/4800] out_n200_rho0.9_exact-ties_seed4.pcf: ok (9 rows)
[1346/4800] out_n200_rho0.9_exact-ties_seed5.pcf: ok (9 rows)
[1347/4800] out_n200_rho0.9_exact-ties_seed6.pcf: ok (9 rows)
[1348/4800] out_n200_rho0.9_exact-ties_seed7.pcf: ok (9 rows)
[1349/4800] out_n200_rho0.9_exact-ties_seed8.pcf: ok (9 rows)
[1350/4800] out_n200_rho0.9_exact-ties_seed9.pcf: ok (9 rows)
[1351/4800] out_n200_rho0.9_independent-positive_seed0.pcf: ok (9 rows)
[1352/4800] out_n200_rho0.9_independent-positive_seed1.pcf: ok (9 rows)
[1353/4800] out_n200_rho0.9_independent-positive_seed2.pcf: ok (9 rows)
[1354/4800] out_n200_rho0.9_independent-positive_seed3.pcf: ok (9 rows)
[1355/4800] out_n200_rho0.9_independent-positive_seed4.pcf: ok (9 rows)
[1356/4800] out_n200_rho0.9_independent-positive_seed5.pcf: ok (9 rows)
[1357/4800] out_n200_rho0.9_independent-positive_seed6.pcf: ok (9 rows)
[1358/4800] out_n200_rho0.9_independent-positive_seed7.pcf: ok (9 rows)
[1359/4800] out_n200_rho0.9_independent-positive_seed8.pcf: ok (9 rows)
[1360/4800] out_n200_rho0.9_independent-positive_seed9.pcf: ok (9 rows)
[1361/4800] out_n200_rho0.9_independent-signed_seed0.pcf: ok (9 rows)
[1362/4800] out_n200_rho0.9_independent-signed_seed1.pcf: ok (9 rows)
[1363/4800] out_n200_rho0.9_independent-signed_seed2.pcf: ok (9 rows)
[1364/4800] out_n200_rho0.9_independent-signed_seed3.pcf: ok (9 rows)
[1365/4800] out_n200_rho0.9_independent-signed_seed4.pcf: ok (9 rows)
[1366/4800] out_n200_rho0.9_independent-signed_seed5.pcf: ok (9 rows)
[1367/4800] out_n200_rho0.9_independent-signed_seed6.pcf: ok (9 rows)
[1368/4800] out_n200_rho0.9_independent-signed_seed7.pcf: ok (9 rows)
[1369/4800] out_n200_rho0.9_independent-signed_seed8.pcf: ok (9 rows)
[1370/4800] out_n200_rho0.9_independent-signed_seed9.pcf: ok (9 rows)
[1371/4800] out_n200_rho0.9_near-ties_seed0.pcf: ok (9 rows)
[1372/4800] out_n200_rho0.9_near-ties_seed1.pcf: ok (9 rows)
[1373/4800] out_n200_rho0.9_near-ties_seed2.pcf: ok (9 rows)
[1374/4800] out_n200_rho0.9_near-ties_seed3.pcf: ok (9 rows)
[1375/4800] out_n200_rho0.9_near-ties_seed4.pcf: ok (9 rows)
[1376/4800] out_n200_rho0.9_near-ties_seed5.pcf: ok (9 rows)
[1377/4800] out_n200_rho0.9_near-ties_seed6.pcf: ok (9 rows)
[1378/4800] out_n200_rho0.9_near-ties_seed7.pcf: ok (9 rows)
[1379/4800] out_n200_rho0.9_near-ties_seed8.pcf: ok (9 rows)
[1380/4800] out_n200_rho0.9_near-ties_seed9.pcf: ok (9 rows)
[1381/4800] out_n200_rho1.0_anti-correlated_seed0.pcf: ok (9 rows)
[1382/4800] out_n200_rho1.0_anti-correlated_seed1.pcf: ok (9 rows)
[1383/4800] out_n200_rho1.0_anti-correlated_seed2.pcf: ok (9 rows)
[1384/4800] out_n200_rho1.0_anti-correlated_seed3.pcf: ok (9 rows)
[1385/4800] out_n200_rho1.0_anti-correlated_seed4.pcf: ok (9 rows)
[1386/4800] out_n200_rho1.0_anti-correlated_seed5.pcf: ok (9 rows)
[1387/4800] out_n200_rho1.0_anti-correlated_seed6.pcf: ok (9 rows)
[1388/4800] out_n200_rho1.0_anti-correlated_seed7.pcf: ok (9 rows)
[1389/4800] out_n200_rho1.0_anti-correlated_seed8.pcf: ok (9 rows)
[1390/4800] out_n200_rho1.0_anti-correlated_seed9.pcf: ok (9 rows)
[1391/4800] out_n200_rho1.0_correlated_seed0.pcf: ok (9 rows)
[1392/4800] out_n200_rho1.0_correlated_seed1.pcf: ok (9 rows)
[1393/4800] out_n200_rho1.0_correlated_seed2.pcf: ok (9 rows)
[1394/4800] out_n200_rho1.0_correlated_seed3.pcf: ok (9 rows)
[1395/4800] out_n200_rho1.0_correlated_seed4.pcf: ok (9 rows)
[1396/4800] out_n200_rho1.0_correlated_seed5.pcf: ok (9 rows)
[1397/4800] out_n200_rho1.0_correlated_seed6.pcf: ok (9 rows)
[1398/4800] out_n200_rho1.0_correlated_seed7.pcf: ok (9 rows)
[1399/4800] out_n200_rho1.0_correlated_seed8.pcf: ok (9 rows)
[1400/4800] out_n200_rho1.0_correlated_seed9.pcf: ok (9 rows)
[1401/4800] out_n200_rho1.0_exact-ties_seed0.pcf: ok (9 rows)
[1402/4800] out_n200_rho1.0_exact-ties_seed1.pcf: ok (9 rows)
[1403/4800] out_n200_rho1.0_exact-ties_seed2.pcf: ok (9 rows)
[1404/4800] out_n200_rho1.0_exact-ties_seed3.pcf: ok (9 rows)
[1405/4800] out_n200_rho1.0_exact-ties_seed4.pcf: ok (9 rows)
[1406/4800] out_n200_rho1.0_exact-ties_seed5.pcf: ok (9 rows)
[1407/4800] out_n200_rho1.0_exact-ties_seed6.pcf: ok (9 rows)
[1408/4800] out_n200_rho1.0_exact-ties_seed7.pcf: ok (9 rows)
[1409/4800] out_n200_rho1.0_exact-ties_seed8.pcf: ok (9 rows)
[1410/4800] out_n200_rho1.0_exact-ties_seed9.pcf: ok (9 rows)
[1411/4800] out_n200_rho1.0_independent-positive_seed0.pcf: ok (9 rows)
[1412/4800] out_n200_rho1.0_independent-positive_seed1.pcf: ok (9 rows)
[1413/4800] out_n200_rho1.0_independent-positive_seed2.pcf: ok (9 rows)
[1414/4800] out_n200_rho1.0_independent-positive_seed3.pcf: ok (9 rows)
[1415/4800] out_n200_rho1.0_independent-positive_seed4.pcf: ok (9 rows)
[1416/4800] out_n200_rho1.0_independent-positive_seed5.pcf: ok (9 rows)
[1417/4800] out_n200_rho1.0_independent-positive_seed6.pcf: ok (9 rows)
[1418/4800] out_n200_rho1.0_independent-positive_seed7.pcf: ok (9 rows)
[1419/4800] out_n200_rho1.0_independent-positive_seed8.pcf: ok (9 rows)
[1420/4800] out_n200_rho1.0_independent-positive_seed9.pcf: ok (9 rows)
[1421/4800] out_n200_rho1.0_independent-signed_seed0.pcf: ok (9 rows)
[1422/4800] out_n200_rho1.0_independent-signed_seed1.pcf: ok (9 rows)
[1423/4800] out_n200_rho1.0_independent-signed_seed2.pcf: ok (9 rows)
[1424/4800] out_n200_rho1.0_independent-signed_seed3.pcf: ok (9 rows)
[1425/4800] out_n200_rho1.0_independent-signed_seed4.pcf: ok (9 rows)
[1426/4800] out_n200_rho1.0_independent-signed_seed5.pcf: ok (9 rows)
[1427/4800] out_n200_rho1.0_independent-signed_seed6.pcf: ok (9 rows)
[1428/4800] out_n200_rho1.0_independent-signed_seed7.pcf: ok (9 rows)
[1429/4800] out_n200_rho1.0_independent-signed_seed8.pcf: ok (9 rows)
[1430/4800] out_n200_rho1.0_independent-signed_seed9.pcf: ok (9 rows)
[1431/4800] out_n200_rho1.0_near-ties_seed0.pcf: ok (9 rows)
[1432/4800] out_n200_rho1.0_near-ties_seed1.pcf: ok (9 rows)
[1433/4800] out_n200_rho1.0_near-ties_seed2.pcf: ok (9 rows)
[1434/4800] out_n200_rho1.0_near-ties_seed3.pcf: ok (9 rows)
[1435/4800] out_n200_rho1.0_near-ties_seed4.pcf: ok (9 rows)
[1436/4800] out_n200_rho1.0_near-ties_seed5.pcf: ok (9 rows)
[1437/4800] out_n200_rho1.0_near-ties_seed6.pcf: ok (9 rows)
[1438/4800] out_n200_rho1.0_near-ties_seed7.pcf: ok (9 rows)
[1439/4800] out_n200_rho1.0_near-ties_seed8.pcf: ok (9 rows)
[1440/4800] out_n200_rho1.0_near-ties_seed9.pcf: ok (9 rows)
[1441/4800] out_n30000_rho0.3_anti-correlated_seed0.pcf: ok (9 rows)
[1442/4800] out_n30000_rho0.3_anti-correlated_seed1.pcf: ok (9 rows)
[1443/4800] out_n30000_rho0.3_anti-correlated_seed2.pcf: ok (9 rows)
[1444/4800] out_n30000_rho0.3_anti-correlated_seed3.pcf: ok (9 rows)
[1445/4800] out_n30000_rho0.3_anti-correlated_seed4.pcf: ok (9 rows)
[1446/4800] out_n30000_rho0.3_anti-correlated_seed5.pcf: ok (9 rows)
[1447/4800] out_n30000_rho0.3_anti-correlated_seed6.pcf: ok (9 rows)
[1448/4800] out_n30000_rho0.3_anti-correlated_seed7.pcf: ok (9 rows)
[1449/4800] out_n30000_rho0.3_anti-correlated_seed8.pcf: ok (9 rows)
[1450/4800] out_n30000_rho0.3_anti-correlated_seed9.pcf: ok (9 rows)
[1451/4800] out_n30000_rho0.3_correlated_seed0.pcf: ok (9 rows)
[1452/4800] out_n30000_rho0.3_correlated_seed1.pcf: ok (9 rows)
[1453/4800] out_n30000_rho0.3_correlated_seed2.pcf: ok (9 rows)
[1454/4800] out_n30000_rho0.3_correlated_seed3.pcf: ok (9 rows)
[1455/4800] out_n30000_rho0.3_correlated_seed4.pcf: ok (9 rows)
[1456/4800] out_n30000_rho0.3_correlated_seed5.pcf: ok (9 rows)
[1457/4800] out_n30000_rho0.3_correlated_seed6.pcf: ok (9 rows)
[1458/4800] out_n30000_rho0.3_correlated_seed7.pcf: ok (9 rows)
[1459/4800] out_n30000_rho0.3_correlated_seed8.pcf: ok (9 rows)
[1460/4800] out_n30000_rho0.3_correlated_seed9.pcf: ok (9 rows)
[1461/4800] out_n30000_rho0.3_exact-ties_seed0.pcf: ok (9 rows)
[1462/4800] out_n30000_rho0.3_exact-ties_seed1.pcf: ok (9 rows)
[1463/4800] out_n30000_rho0.3_exact-ties_seed2.pcf: ok (9 rows)
[1464/4800] out_n30000_rho0.3_exact-ties_seed3.pcf: ok (9 rows)
[1465/4800] out_n30000_rho0.3_exact-ties_seed4.pcf: ok (9 rows)
[1466/4800] out_n30000_rho0.3_exact-ties_seed5.pcf: ok (9 rows)
[1467/4800] out_n30000_rho0.3_exact-ties_seed6.pcf: ok (9 rows)
[1468/4800] out_n30000_rho0.3_exact-ties_seed7.pcf: ok (9 rows)
[1469/4800] out_n30000_rho0.3_exact-ties_seed8.pcf: ok (9 rows)
[1470/4800] out_n30000_rho0.3_exact-ties_seed9.pcf: ok (9 rows)
[1471/4800] out_n30000_rho0.3_independent-positive_seed0.pcf: ok (9 rows)
[1472/4800] out_n30000_rho0.3_independent-positive_seed1.pcf: ok (9 rows)
[1473/4800] out_n30000_rho0.3_independent-positive_seed2.pcf: ok (9 rows)
[1474/4800] out_n30000_rho0.3_independent-positive_seed3.pcf: ok (9 rows)
[1475/4800] out_n30000_rho0.3_independent-positive_seed4.pcf: ok (9 rows)
[1476/4800] out_n30000_rho0.3_independent-positive_seed5.pcf: ok (9 rows)
[1477/4800] out_n30000_rho0.3_independent-positive_seed6.pcf: ok (9 rows)
[1478/4800] out_n30000_rho0.3_independent-positive_seed7.pcf: ok (9 rows)
[1479/4800] out_n30000_rho0.3_independent-positive_seed8.pcf: ok (9 rows)
[1480/4800] out_n30000_rho0.3_independent-positive_seed9.pcf: ok (9 rows)
[1481/4800] out_n30000_rho0.3_independent-signed_seed0.pcf: ok (9 rows)
[1482/4800] out_n30000_rho0.3_independent-signed_seed1.pcf: ok (9 rows)
[1483/4800] out_n30000_rho0.3_independent-signed_seed2.pcf: ok (9 rows)
[1484/4800] out_n30000_rho0.3_independent-signed_seed3.pcf: ok (9 rows)
[1485/4800] out_n30000_rho0.3_independent-signed_seed4.pcf: ok (9 rows)
[1486/4800] out_n30000_rho0.3_independent-signed_seed5.pcf: ok (9 rows)
[1487/4800] out_n30000_rho0.3_independent-signed_seed6.pcf: ok (9 rows)
[1488/4800] out_n30000_rho0.3_independent-signed_seed7.pcf: ok (9 rows)
[1489/4800] out_n30000_rho0.3_independent-signed_seed8.pcf: ok (9 rows)
[1490/4800] out_n30000_rho0.3_independent-signed_seed9.pcf: ok (9 rows)
[1491/4800] out_n30000_rho0.3_near-ties_seed0.pcf: ok (9 rows)
[1492/4800] out_n30000_rho0.3_near-ties_seed1.pcf: ok (9 rows)
[1493/4800] out_n30000_rho0.3_near-ties_seed2.pcf: ok (9 rows)
[1494/4800] out_n30000_rho0.3_near-ties_seed3.pcf: ok (9 rows)
[1495/4800] out_n30000_rho0.3_near-ties_seed4.pcf: ok (9 rows)
[1496/4800] out_n30000_rho0.3_near-ties_seed5.pcf: ok (9 rows)
[1497/4800] out_n30000_rho0.3_near-ties_seed6.pcf: ok (9 rows)
[1498/4800] out_n30000_rho0.3_near-ties_seed7.pcf: ok (9 rows)
[1499/4800] out_n30000_rho0.3_near-ties_seed8.pcf: ok (9 rows)
[1500/4800] out_n30000_rho0.3_near-ties_seed9.pcf: ok (9 rows)
[1501/4800] out_n30000_rho0.6_anti-correlated_seed0.pcf: ok (9 rows)
[1502/4800] out_n30000_rho0.6_anti-correlated_seed1.pcf: ok (9 rows)
[1503/4800] out_n30000_rho0.6_anti-correlated_seed2.pcf: ok (9 rows)
[1504/4800] out_n30000_rho0.6_anti-correlated_seed3.pcf: ok (9 rows)
[1505/4800] out_n30000_rho0.6_anti-correlated_seed4.pcf: ok (9 rows)
[1506/4800] out_n30000_rho0.6_anti-correlated_seed5.pcf: ok (9 rows)
[1507/4800] out_n30000_rho0.6_anti-correlated_seed6.pcf: ok (9 rows)
[1508/4800] out_n30000_rho0.6_anti-correlated_seed7.pcf: ok (9 rows)
[1509/4800] out_n30000_rho0.6_anti-correlated_seed8.pcf: ok (9 rows)
[1510/4800] out_n30000_rho0.6_anti-correlated_seed9.pcf: ok (9 rows)
[1511/4800] out_n30000_rho0.6_correlated_seed0.pcf: ok (9 rows)
[1512/4800] out_n30000_rho0.6_correlated_seed1.pcf: ok (9 rows)
[1513/4800] out_n30000_rho0.6_correlated_seed2.pcf: ok (9 rows)
[1514/4800] out_n30000_rho0.6_correlated_seed3.pcf: ok (9 rows)
[1515/4800] out_n30000_rho0.6_correlated_seed4.pcf: ok (9 rows)
[1516/4800] out_n30000_rho0.6_correlated_seed5.pcf: ok (9 rows)
[1517/4800] out_n30000_rho0.6_correlated_seed6.pcf: ok (9 rows)
[1518/4800] out_n30000_rho0.6_correlated_seed7.pcf: ok (9 rows)
[1519/4800] out_n30000_rho0.6_correlated_seed8.pcf: ok (9 rows)
[1520/4800] out_n30000_rho0.6_correlated_seed9.pcf: ok (9 rows)
[1521/4800] out_n30000_rho0.6_exact-ties_seed0.pcf: ok (9 rows)
[1522/4800] out_n30000_rho0.6_exact-ties_seed1.pcf: ok (9 rows)
[1523/4800] out_n30000_rho0.6_exact-ties_seed2.pcf: ok (9 rows)
[1524/4800] out_n30000_rho0.6_exact-ties_seed3.pcf: ok (9 rows)
[1525/4800] out_n30000_rho0.6_exact-ties_seed4.pcf: ok (9 rows)
[1526/4800] out_n30000_rho0.6_exact-ties_seed5.pcf: ok (9 rows)
[1527/4800] out_n30000_rho0.6_exact-ties_seed6.pcf: ok (9 rows)
[1528/4800] out_n30000_rho0.6_exact-ties_seed7.pcf: ok (9 rows)
[1529/4800] out_n30000_rho0.6_exact-ties_seed8.pcf: ok (9 rows)
[1530/4800] out_n30000_rho0.6_exact-ties_seed9.pcf: ok (9 rows)
[1531/4800] out_n30000_rho0.6_independent-positive_seed0.pcf: ok (9 rows)
[1532/4800] out_n30000_rho0.6_independent-positive_seed1.pcf: ok (9 rows)
[1533/4800] out_n30000_rho0.6_independent-positive_seed2.pcf: ok (9 rows)
[1534/4800] out_n30000_rho0.6_independent-positive_seed3.pcf: ok (9 rows)
[1535/4800] out_n30000_rho0.6_independent-positive_seed4.pcf: ok (9 rows)
[1536/4800] out_n30000_rho0.6_independent-positive_seed5.pcf: ok (9 rows)
[1537/4800] out_n30000_rho0.6_independent-positive_seed6.pcf: ok (9 rows)
[1538/4800] out_n30000_rho0.6_independent-positive_seed7.pcf: ok (9 rows)
[1539/4800] out_n30000_rho0.6_independent-positive_seed8.pcf: ok (9 rows)
[1540/4800] out_n30000_rho0.6_independent-positive_seed9.pcf: ok (9 rows)
[1541/4800] out_n30000_rho0.6_independent-signed_seed0.pcf: ok (9 rows)
[1542/4800] out_n30000_rho0.6_independent-signed_seed1.pcf: ok (9 rows)
[1543/4800] out_n30000_rho0.6_independent-signed_seed2.pcf: ok (9 rows)
[1544/4800] out_n30000_rho0.6_independent-signed_seed3.pcf: ok (9 rows)
[1545/4800] out_n30000_rho0.6_independent-signed_seed4.pcf: ok (9 rows)
[1546/4800] out_n30000_rho0.6_independent-signed_seed5.pcf: ok (9 rows)
[1547/4800] out_n30000_rho0.6_independent-signed_seed6.pcf: ok (9 rows)
[1548/4800] out_n30000_rho0.6_independent-signed_seed7.pcf: ok (9 rows)
[1549/4800] out_n30000_rho0.6_independent-signed_seed8.pcf: ok (9 rows)
[1550/4800] out_n30000_rho0.6_independent-signed_seed9.pcf: ok (9 rows)
[1551/4800] out_n30000_rho0.6_near-ties_seed0.pcf: ok (9 rows)
[1552/4800] out_n30000_rho0.6_near-ties_seed1.pcf: ok (9 rows)
[1553/4800] out_n30000_rho0.6_near-ties_seed2.pcf: ok (9 rows)
[1554/4800] out_n30000_rho0.6_near-ties_seed3.pcf: ok (9 rows)
[1555/4800] out_n30000_rho0.6_near-ties_seed4.pcf: ok (9 rows)
[1556/4800] out_n30000_rho0.6_near-ties_seed5.pcf: ok (9 rows)
[1557/4800] out_n30000_rho0.6_near-ties_seed6.pcf: ok (9 rows)
[1558/4800] out_n30000_rho0.6_near-ties_seed7.pcf: ok (9 rows)
[1559/4800] out_n30000_rho0.6_near-ties_seed8.pcf: ok (9 rows)
[1560/4800] out_n30000_rho0.6_near-ties_seed9.pcf: ok (9 rows)
[1561/4800] out_n30000_rho0.9_anti-correlated_seed0.pcf: ok (9 rows)
[1562/4800] out_n30000_rho0.9_anti-correlated_seed1.pcf: ok (9 rows)
[1563/4800] out_n30000_rho0.9_anti-correlated_seed2.pcf: ok (9 rows)
[1564/4800] out_n30000_rho0.9_anti-correlated_seed3.pcf: ok (9 rows)
[1565/4800] out_n30000_rho0.9_anti-correlated_seed4.pcf: ok (9 rows)
[1566/4800] out_n30000_rho0.9_anti-correlated_seed5.pcf: ok (9 rows)
[1567/4800] out_n30000_rho0.9_anti-correlated_seed6.pcf: ok (9 rows)
[1568/4800] out_n30000_rho0.9_anti-correlated_seed7.pcf: ok (9 rows)
[1569/4800] out_n30000_rho0.9_anti-correlated_seed8.pcf: ok (9 rows)
[1570/4800] out_n30000_rho0.9_anti-correlated_seed9.pcf: ok (9 rows)
[1571/4800] out_n30000_rho0.9_correlated_seed0.pcf: ok (9 rows)
[1572/4800] out_n30000_rho0.9_correlated_seed1.pcf: ok (9 rows)
[1573/4800] out_n30000_rho0.9_correlated_seed2.pcf: ok (9 rows)
[1574/4800] out_n30000_rho0.9_correlated_seed3.pcf: ok (9 rows)
[1575/4800] out_n30000_rho0.9_correlated_seed4.pcf: ok (9 rows)
[1576/4800] out_n30000_rho0.9_correlated_seed5.pcf: ok (9 rows)
[1577/4800] out_n30000_rho0.9_correlated_seed6.pcf: ok (9 rows)
[1578/4800] out_n30000_rho0.9_correlated_seed7.pcf: ok (9 rows)
[1579/4800] out_n30000_rho0.9_correlated_seed8.pcf: ok (9 rows)
[1580/4800] out_n30000_rho0.9_correlated_seed9.pcf: ok (9 rows)
[1581/4800] out_n30000_rho0.9_exact-ties_seed0.pcf: ok (9 rows)
[1582/4800] out_n30000_rho0.9_exact-ties_seed1.pcf: ok (9 rows)
[1583/4800] out_n30000_rho0.9_exact-ties_seed2.pcf: ok (9 rows)
[1584/4800] out_n30000_rho0.9_exact-ties_seed3.pcf: ok (9 rows)
[1585/4800] out_n30000_rho0.9_exact-ties_seed4.pcf: ok (9 rows)
[1586/4800] out_n30000_rho0.9_exact-ties_seed5.pcf: ok (9 rows)
[1587/4800] out_n30000_rho0.9_exact-ties_seed6.pcf: ok (9 rows)
[1588/4800] out_n30000_rho0.9_exact-ties_seed7.pcf: ok (9 rows)
[1589/4800] out_n30000_rho0.9_exact-ties_seed8.pcf: ok (9 rows)
[1590/4800] out_n30000_rho0.9_exact-ties_seed9.pcf: ok (9 rows)
[1591/4800] out_n30000_rho0.9_independent-positive_seed0.pcf: ok (9 rows)
[1592/4800] out_n30000_rho0.9_independent-positive_seed1.pcf: ok (9 rows)
[1593/4800] out_n30000_rho0.9_independent-positive_seed2.pcf: ok (9 rows)
[1594/4800] out_n30000_rho0.9_independent-positive_seed3.pcf: ok (9 rows)
[1595/4800] out_n30000_rho0.9_independent-positive_seed4.pcf: ok (9 rows)
[1596/4800] out_n30000_rho0.9_independent-positive_seed5.pcf: ok (9 rows)
[1597/4800] out_n30000_rho0.9_independent-positive_seed6.pcf: ok (9 rows)
[1598/4800] out_n30000_rho0.9_independent-positive_seed7.pcf: ok (9 rows)
[1599/4800] out_n30000_rho0.9_independent-positive_seed8.pcf: ok (9 rows)
[1600/4800] out_n30000_rho0.9_independent-positive_seed9.pcf: ok (9 rows)
[1601/4800] out_n30000_rho0.9_independent-signed_seed0.pcf: ok (9 rows)
[1602/4800] out_n30000_rho0.9_independent-signed_seed1.pcf: ok (9 rows)
[1603/4800] out_n30000_rho0.9_independent-signed_seed2.pcf: ok (9 rows)
[1604/4800] out_n30000_rho0.9_independent-signed_seed3.pcf: ok (9 rows)
[1605/4800] out_n30000_rho0.9_independent-signed_seed4.pcf: ok (9 rows)
[1606/4800] out_n30000_rho0.9_independent-signed_seed5.pcf: ok (9 rows)
[1607/4800] out_n30000_rho0.9_independent-signed_seed6.pcf: ok (9 rows)
[1608/4800] out_n30000_rho0.9_independent-signed_seed7.pcf: ok (9 rows)
[1609/4800] out_n30000_rho0.9_independent-signed_seed8.pcf: ok (9 rows)
[1610/4800] out_n30000_rho0.9_independent-signed_seed9.pcf: ok (9 rows)
[1611/4800] out_n30000_rho0.9_near-ties_seed0.pcf: ok (9 rows)
[1612/4800] out_n30000_rho0.9_near-ties_seed1.pcf: ok (9 rows)
[1613/4800] out_n30000_rho0.9_near-ties_seed2.pcf: ok (9 rows)
[1614/4800] out_n30000_rho0.9_near-ties_seed3.pcf: ok (9 rows)
[1615/4800] out_n30000_rho0.9_near-ties_seed4.pcf: ok (9 rows)
[1616/4800] out_n30000_rho0.9_near-ties_seed5.pcf: ok (9 rows)
[1617/4800] out_n30000_rho0.9_near-ties_seed6.pcf: ok (9 rows)
[1618/4800] out_n30000_rho0.9_near-ties_seed7.pcf: ok (9 rows)
[1619/4800] out_n30000_rho0.9_near-ties_seed8.pcf: ok (9 rows)
[1620/4800] out_n30000_rho0.9_near-ties_seed9.pcf: ok (9 rows)
[1621/4800] out_n30000_rho1.0_anti-correlated_seed0.pcf: ok (9 rows)
[1622/4800] out_n30000_rho1.0_anti-correlated_seed1.pcf: ok (9 rows)
[1623/4800] out_n30000_rho1.0_anti-correlated_seed2.pcf: ok (9 rows)
[1624/4800] out_n30000_rho1.0_anti-correlated_seed3.pcf: ok (9 rows)
[1625/4800] out_n30000_rho1.0_anti-correlated_seed4.pcf: ok (9 rows)
[1626/4800] out_n30000_rho1.0_anti-correlated_seed5.pcf: ok (9 rows)
[1627/4800] out_n30000_rho1.0_anti-correlated_seed6.pcf: ok (9 rows)
[1628/4800] out_n30000_rho1.0_anti-correlated_seed7.pcf: ok (9 rows)
[1629/4800] out_n30000_rho1.0_anti-correlated_seed8.pcf: ok (9 rows)
[1630/4800] out_n30000_rho1.0_anti-correlated_seed9.pcf: ok (9 rows)
[1631/4800] out_n30000_rho1.0_correlated_seed0.pcf: ok (9 rows)
[1632/4800] out_n30000_rho1.0_correlated_seed1.pcf: ok (9 rows)
[1633/4800] out_n30000_rho1.0_correlated_seed2.pcf: ok (9 rows)
[1634/4800] out_n30000_rho1.0_correlated_seed3.pcf: ok (9 rows)
[1635/4800] out_n30000_rho1.0_correlated_seed4.pcf: ok (9 rows)
[1636/4800] out_n30000_rho1.0_correlated_seed5.pcf: ok (9 rows)
[1637/4800] out_n30000_rho1.0_correlated_seed6.pcf: ok (9 rows)
[1638/4800] out_n30000_rho1.0_correlated_seed7.pcf: ok (9 rows)
[1639/4800] out_n30000_rho1.0_correlated_seed8.pcf: ok (9 rows)
[1640/4800] out_n30000_rho1.0_correlated_seed9.pcf: ok (9 rows)
[1641/4800] out_n30000_rho1.0_exact-ties_seed0.pcf: ok (9 rows)
[1642/4800] out_n30000_rho1.0_exact-ties_seed1.pcf: ok (9 rows)
[1643/4800] out_n30000_rho1.0_exact-ties_seed2.pcf: ok (9 rows)
[1644/4800] out_n30000_rho1.0_exact-ties_seed3.pcf: ok (9 rows)
[1645/4800] out_n30000_rho1.0_exact-ties_seed4.pcf: ok (9 rows)
[1646/4800] out_n30000_rho1.0_exact-ties_seed5.pcf: ok (9 rows)
[1647/4800] out_n30000_rho1.0_exact-ties_seed6.pcf: ok (9 rows)
[1648/4800] out_n30000_rho1.0_exact-ties_seed7.pcf: ok (9 rows)
[1649/4800] out_n30000_rho1.0_exact-ties_seed8.pcf: ok (9 rows)
[1650/4800] out_n30000_rho1.0_exact-ties_seed9.pcf: ok (9 rows)
[1651/4800] out_n30000_rho1.0_independent-positive_seed0.pcf: ok (9 rows)
[1652/4800] out_n30000_rho1.0_independent-positive_seed1.pcf: ok (9 rows)
[1653/4800] out_n30000_rho1.0_independent-positive_seed2.pcf: ok (9 rows)
[1654/4800] out_n30000_rho1.0_independent-positive_seed3.pcf: ok (9 rows)
[1655/4800] out_n30000_rho1.0_independent-positive_seed4.pcf: ok (9 rows)
[1656/4800] out_n30000_rho1.0_independent-positive_seed5.pcf: ok (9 rows)
[1657/4800] out_n30000_rho1.0_independent-positive_seed6.pcf: ok (9 rows)
[1658/4800] out_n30000_rho1.0_independent-positive_seed7.pcf: ok (9 rows)
[1659/4800] out_n30000_rho1.0_independent-positive_seed8.pcf: ok (9 rows)
[1660/4800] out_n30000_rho1.0_independent-positive_seed9.pcf: ok (9 rows)
[1661/4800] out_n30000_rho1.0_independent-signed_seed0.pcf: ok (9 rows)
[1662/4800] out_n30000_rho1.0_independent-signed_seed1.pcf: ok (9 rows)
[1663/4800] out_n30000_rho1.0_independent-signed_seed2.pcf: ok (9 rows)
[1664/4800] out_n30000_rho1.0_independent-signed_seed3.pcf: ok (9 rows)
[1665/4800] out_n30000_rho1.0_independent-signed_seed4.pcf: ok (9 rows)
[1666/4800] out_n30000_rho1.0_independent-signed_seed5.pcf: ok (9 rows)
[1667/4800] out_n30000_rho1.0_independent-signed_seed6.pcf: ok (9 rows)
[1668/4800] out_n30000_rho1.0_independent-signed_seed7.pcf: ok (9 rows)
[1669/4800] out_n30000_rho1.0_independent-signed_seed8.pcf: ok (9 rows)
[1670/4800] out_n30000_rho1.0_independent-signed_seed9.pcf: ok (9 rows)
[1671/4800] out_n30000_rho1.0_near-ties_seed0.pcf: ok (9 rows)
[1672/4800] out_n30000_rho1.0_near-ties_seed1.pcf: ok (9 rows)
[1673/4800] out_n30000_rho1.0_near-ties_seed2.pcf: ok (9 rows)
[1674/4800] out_n30000_rho1.0_near-ties_seed3.pcf: ok (9 rows)
[1675/4800] out_n30000_rho1.0_near-ties_seed4.pcf: ok (9 rows)
[1676/4800] out_n30000_rho1.0_near-ties_seed5.pcf: ok (9 rows)
[1677/4800] out_n30000_rho1.0_near-ties_seed6.pcf: ok (9 rows)
[1678/4800] out_n30000_rho1.0_near-ties_seed7.pcf: ok (9 rows)
[1679/4800] out_n30000_rho1.0_near-ties_seed8.pcf: ok (9 rows)
[1680/4800] out_n30000_rho1.0_near-ties_seed9.pcf: ok (9 rows)
[1681/4800] out_n300_rho0.3_anti-correlated_seed0.pcf: ok (9 rows)
[1682/4800] out_n300_rho0.3_anti-correlated_seed1.pcf: ok (9 rows)
[1683/4800] out_n300_rho0.3_anti-correlated_seed2.pcf: ok (9 rows)
[1684/4800] out_n300_rho0.3_anti-correlated_seed3.pcf: ok (9 rows)
[1685/4800] out_n300_rho0.3_anti-correlated_seed4.pcf: ok (9 rows)
[1686/4800] out_n300_rho0.3_anti-correlated_seed5.pcf: ok (9 rows)
[1687/4800] out_n300_rho0.3_anti-correlated_seed6.pcf: ok (9 rows)
[1688/4800] out_n300_rho0.3_anti-correlated_seed7.pcf: ok (9 rows)
[1689/4800] out_n300_rho0.3_anti-correlated_seed8.pcf: ok (9 rows)
[1690/4800] out_n300_rho0.3_anti-correlated_seed9.pcf: ok (9 rows)
[1691/4800] out_n300_rho0.3_correlated_seed0.pcf: ok (9 rows)
[1692/4800] out_n300_rho0.3_correlated_seed1.pcf: ok (9 rows)
[1693/4800] out_n300_rho0.3_correlated_seed2.pcf: ok (9 rows)
[1694/4800] out_n300_rho0.3_correlated_seed3.pcf: ok (9 rows)
[1695/4800] out_n300_rho0.3_correlated_seed4.pcf: ok (9 rows)
[1696/4800] out_n300_rho0.3_correlated_seed5.pcf: ok (9 rows)
[1697/4800] out_n300_rho0.3_correlated_seed6.pcf: ok (9 rows)
[1698/4800] out_n300_rho0.3_correlated_seed7.pcf: ok (9 rows)
[1699/4800] out_n300_rho0.3_correlated_seed8.pcf: ok (9 rows)
[1700/4800] out_n300_rho0.3_correlated_seed9.pcf: ok (9 rows)
[1701/4800] out_n300_rho0.3_exact-ties_seed0.pcf: ok (9 rows)
[1702/4800] out_n300_rho0.3_exact-ties_seed1.pcf: ok (9 rows)
[1703/4800] out_n300_rho0.3_exact-ties_seed2.pcf: ok (9 rows)
[1704/4800] out_n300_rho0.3_exact-ties_seed3.pcf: ok (9 rows)
[1705/4800] out_n300_rho0.3_exact-ties_seed4.pcf: ok (9 rows)
[1706/4800] out_n300_rho0.3_exact-ties_seed5.pcf: ok (9 rows)
[1707/4800] out_n300_rho0.3_exact-ties_seed6.pcf: ok (9 rows)
[1708/4800] out_n300_rho0.3_exact-ties_seed7.pcf: ok (9 rows)
[1709/4800] out_n300_rho0.3_exact-ties_seed8.pcf: ok (9 rows)
[1710/4800] out_n300_rho0.3_exact-ties_seed9.pcf: ok (9 rows)
[1711/4800] out_n300_rho0.3_independent-positive_seed0.pcf: ok (9 rows)
[1712/4800] out_n300_rho0.3_independent-positive_seed1.pcf: ok (9 rows)
[1713/4800] out_n300_rho0.3_independent-positive_seed2.pcf: ok (9 rows)
[1714/4800] out_n300_rho0.3_independent-positive_seed3.pcf: ok (9 rows)
[1715/4800] out_n300_rho0.3_independent-positive_seed4.pcf: ok (9 rows)
[1716/4800] out_n300_rho0.3_independent-positive_seed5.pcf: ok (9 rows)
[1717/4800] out_n300_rho0.3_independent-positive_seed6.pcf: ok (9 rows)
[1718/4800] out_n300_rho0.3_independent-positive_seed7.pcf: ok (9 rows)
[1719/4800] out_n300_rho0.3_independent-positive_seed8.pcf: ok (9 rows)
[1720/4800] out_n300_rho0.3_independent-positive_seed9.pcf: ok (9 rows)
[1721/4800] out_n300_rho0.3_independent-signed_seed0.pcf: ok (9 rows)
[1722/4800] out_n300_rho0.3_independent-signed_seed1.pcf: ok (9 rows)
[1723/4800] out_n300_rho0.3_independent-signed_seed2.pcf: ok (9 rows)
[1724/4800] out_n300_rho0.3_independent-signed_seed3.pcf: ok (9 rows)
[1725/4800] out_n300_rho0.3_independent-signed_seed4.pcf: ok (9 rows)
[1726/4800] out_n300_rho0.3_independent-signed_seed5.pcf: ok (9 rows)
[1727/4800] out_n300_rho0.3_independent-signed_seed6.pcf: ok (9 rows)
[1728/4800] out_n300_rho0.3_independent-signed_seed7.pcf: ok (9 rows)
[1729/4800] out_n300_rho0.3_independent-signed_seed8.pcf: ok (9 rows)
[1730/4800] out_n300_rho0.3_independent-signed_seed9.pcf: ok (9 rows)
[1731/4800] out_n300_rho0.3_near-ties_seed0.pcf: ok (9 rows)
[1732/4800] out_n300_rho0.3_near-ties_seed1.pcf: ok (9 rows)
[1733/4800] out_n300_rho0.3_near-ties_seed2.pcf: ok (9 rows)
[1734/4800] out_n300_rho0.3_near-ties_seed3.pcf: ok (9 rows)
[1735/4800] out_n300_rho0.3_near-ties_seed4.pcf: ok (9 rows)
[1736/4800] out_n300_rho0.3_near-ties_seed5.pcf: ok (9 rows)
[1737/4800] out_n300_rho0.3_near-ties_seed6.pcf: ok (9 rows)
[1738/4800] out_n300_rho0.3_near-ties_seed7.pcf: ok (9 rows)
[1739/4800] out_n300_rho0.3_near-ties_seed8.pcf: ok (9 rows)
[1740/4800] out_n300_rho0.3_near-ties_seed9.pcf: ok (9 rows)
[1741/4800] out_n300_rho0.6_anti-correlated_seed0.pcf: ok (9 rows)
[1742/4800] out_n300_rho0.6_anti-correlated_seed1.pcf: ok (9 rows)
[1743/4800] out_n300_rho0.6_anti-correlated_seed2.pcf: ok (9 rows)
[1744/4800] out_n300_rho0.6_anti-correlated_seed3.pcf: ok (9 rows)
[1745/4800] out_n300_rho0.6_anti-correlated_seed4.pcf: ok (9 rows)
[1746/4800] out_n300_rho0.6_anti-correlated_seed5.pcf: ok (9 rows)
[1747/4800] out_n300_rho0.6_anti-correlated_seed6.pcf: ok (9 rows)
[1748/4800] out_n300_rho0.6_anti-correlated_seed7.pcf: ok (9 rows)
[1749/4800] out_n300_rho0.6_anti-correlated_seed8.pcf: ok (9 rows)
[1750/4800] out_n300_rho0.6_anti-correlated_seed9.pcf: ok (9 rows)
[1751/4800] out_n300_rho0.6_correlated_seed0.pcf: ok (9 rows)
[1752/4800] out_n300_rho0.6_correlated_seed1.pcf: ok (9 rows)
[1753/4800] out_n300_rho0.6_correlated_seed2.pcf: ok (9 rows)
[1754/4800] out_n300_rho0.6_correlated_seed3.pcf: ok (9 rows)
[1755/4800] out_n300_rho0.6_correlated_seed4.pcf: ok (9 rows)
[1756/4800] out_n300_rho0.6_correlated_seed5.pcf: ok (9 rows)
[1757/4800] out_n300_rho0.6_correlated_seed6.pcf: ok (9 rows)
[1758/4800] out_n300_rho0.6_correlated_seed7.pcf: ok (9 rows)
[1759/4800] out_n300_rho0.6_correlated_seed8.pcf: ok (9 rows)
[1760/4800] out_n300_rho0.6_correlated_seed9.pcf: ok (9 rows)
[1761/4800] out_n300_rho0.6_exact-ties_seed0.pcf: ok (9 rows)
[1762/4800] out_n300_rho0.6_exact-ties_seed1.pcf: ok (9 rows)
[1763/4800] out_n300_rho0.6_exact-ties_seed2.pcf: ok (9 rows)
[1764/4800] out_n300_rho0.6_exact-ties_seed3.pcf: ok (9 rows)
[1765/4800] out_n300_rho0.6_exact-ties_seed4.pcf: ok (9 rows)
[1766/4800] out_n300_rho0.6_exact-ties_seed5.pcf: ok (9 rows)
[1767/4800] out_n300_rho0.6_exact-ties_seed6.pcf: ok (9 rows)
[1768/4800] out_n300_rho0.6_exact-ties_seed7.pcf: ok (9 rows)
[1769/4800] out_n300_rho0.6_exact-ties_seed8.pcf: ok (9 rows)
[1770/4800] out_n300_rho0.6_exact-ties_seed9.pcf: ok (9 rows)
[1771/4800] out_n300_rho0.6_independent-positive_seed0.pcf: ok (9 rows)
[1772/4800] out_n300_rho0.6_independent-positive_seed1.pcf: ok (9 rows)
[1773/4800] out_n300_rho0.6_independent-positive_seed2.pcf: ok (9 rows)
[1774/4800] out_n300_rho0.6_independent-positive_seed3.pcf: ok (9 rows)
[1775/4800] out_n300_rho0.6_independent-positive_seed4.pcf: ok (9 rows)
[1776/4800] out_n300_rho0.6_independent-positive_seed5.pcf: ok (9 rows)
[1777/4800] out_n300_rho0.6_independent-positive_seed6.pcf: ok (9 rows)
[1778/4800] out_n300_rho0.6_independent-positive_seed7.pcf: ok (9 rows)
[1779/4800] out_n300_rho0.6_independent-positive_seed8.pcf: ok (9 rows)
[1780/4800] out_n300_rho0.6_independent-positive_seed9.pcf: ok (9 rows)
[1781/4800] out_n300_rho0.6_independent-signed_seed0.pcf: ok (9 rows)
[1782/4800] out_n300_rho0.6_independent-signed_seed1.pcf: ok (9 rows)
[1783/4800] out_n300_rho0.6_independent-signed_seed2.pcf: ok (9 rows)
[1784/4800] out_n300_rho0.6_independent-signed_seed3.pcf: ok (9 rows)
[1785/4800] out_n300_rho0.6_independent-signed_seed4.pcf: ok (9 rows)
[1786/4800] out_n300_rho0.6_independent-signed_seed5.pcf: ok (9 rows)
[1787/4800] out_n300_rho0.6_independent-signed_seed6.pcf: ok (9 rows)
[1788/4800] out_n300_rho0.6_independent-signed_seed7.pcf: ok (9 rows)
[1789/4800] out_n300_rho0.6_independent-signed_seed8.pcf: ok (9 rows)
[1790/4800] out_n300_rho0.6_independent-signed_seed9.pcf: ok (9 rows)
[1791/4800] out_n300_rho0.6_near-ties_seed0.pcf: ok (9 rows)
[1792/4800] out_n300_rho0.6_near-ties_seed1.pcf: ok (9 rows)
[1793/4800] out_n300_rho0.6_near-ties_seed2.pcf: ok (9 rows)
[1794/4800] out_n300_rho0.6_near-ties_seed3.pcf: ok (9 rows)
[1795/4800] out_n300_rho0.6_near-ties_seed4.pcf: ok (9 rows)
[1796/4800] out_n300_rho0.6_near-ties_seed5.pcf: ok (9 rows)
[1797/4800] out_n300_rho0.6_near-ties_seed6.pcf: ok (9 rows)
[1798/4800] out_n300_rho0.6_near-ties_seed7.pcf: ok (9 rows)
[1799/4800] out_n300_rho0.6_near-ties_seed8.pcf: ok (9 rows)
[1800/4800] out_n300_rho0.6_near-ties_seed9.pcf: ok (9 rows)
[1801/4800] out_n300_rho0.9_anti-correlated_seed0.pcf: ok (9 rows)
[1802/4800] out_n300_rho0.9_anti-correlated_seed1.pcf: ok (9 rows)
[1803/4800] out_n300_rho0.9_anti-correlated_seed2.pcf: ok (9 rows)
[1804/4800] out_n300_rho0.9_anti-correlated_seed3.pcf: ok (9 rows)
[1805/4800] out_n300_rho0.9_anti-correlated_seed4.pcf: ok (9 rows)
[1806/4800] out_n300_rho0.9_anti-correlated_seed5.pcf: ok (9 rows)
[1807/4800] out_n300_rho0.9_anti-correlated_seed6.pcf: ok (9 rows)
[1808/4800] out_n300_rho0.9_anti-correlated_seed7.pcf: ok (9 rows)
[1809/4800] out_n300_rho0.9_anti-correlated_seed8.pcf: ok (9 rows)
[1810/4800] out_n300_rho0.9_anti-correlated_seed9.pcf: ok (9 rows)
[1811/4800] out_n300_rho0.9_correlated_seed0.pcf: ok (9 rows)
[1812/4800] out_n300_rho0.9_correlated_seed1.pcf: ok (9 rows)
[1813/4800] out_n300_rho0.9_correlated_seed2.pcf: ok (9 rows)
[1814/4800] out_n300_rho0.9_correlated_seed3.pcf: ok (9 rows)
[1815/4800] out_n300_rho0.9_correlated_seed4.pcf: ok (9 rows)
[1816/4800] out_n300_rho0.9_correlated_seed5.pcf: ok (9 rows)
[1817/4800] out_n300_rho0.9_correlated_seed6.pcf: ok (9 rows)
[1818/4800] out_n300_rho0.9_correlated_seed7.pcf: ok (9 rows)
[1819/4800] out_n300_rho0.9_correlated_seed8.pcf: ok (9 rows)
[1820/4800] out_n300_rho0.9_correlated_seed9.pcf: ok (9 rows)
[1821/4800] out_n300_rho0.9_exact-ties_seed0.pcf: ok (9 rows)
[1822/4800] out_n300_rho0.9_exact-ties_seed1.pcf: ok (9 rows)
[1823/4800] out_n300_rho0.9_exact-ties_seed2.pcf: ok (9 rows)
[1824/4800] out_n300_rho0.9_exact-ties_seed3.pcf: ok (9 rows)
[1825/4800] out_n300_rho0.9_exact-ties_seed4.pcf: ok (9 rows)
[1826/4800] out_n300_rho0.9_exact-ties_seed5.pcf: ok (9 rows)
[1827/4800] out_n300_rho0.9_exact-ties_seed6.pcf: ok (9 rows)
[1828/4800] out_n300_rho0.9_exact-ties_seed7.pcf: ok (9 rows)
[1829/4800] out_n300_rho0.9_exact-ties_seed8.pcf: ok (9 rows)
[1830/4800] out_n300_rho0.9_exact-ties_seed9.pcf: ok (9 rows)
[1831/4800] out_n300_rho0.9_independent-positive_seed0.pcf: ok (9 rows)
[1832/4800] out_n300_rho0.9_independent-positive_seed1.pcf: ok (9 rows)
[1833/4800] out_n300_rho0.9_independent-positive_seed2.pcf: ok (9 rows)
[1834/4800] out_n300_rho0.9_independent-positive_seed3.pcf: ok (9 rows)
[1835/4800] out_n300_rho0.9_independent-positive_seed4.pcf: ok (9 rows)
[1836/4800] out_n300_rho0.9_independent-positive_seed5.pcf: ok (9 rows)
[1837/4800] out_n300_rho0.9_independent-positive_seed6.pcf: ok (9 rows)
[1838/4800] out_n300_rho0.9_independent-positive_seed7.pcf: ok (9 rows)
[1839/4800] out_n300_rho0.9_independent-positive_seed8.pcf: ok (9 rows)
[1840/4800] out_n300_rho0.9_independent-positive_seed9.pcf: ok (9 rows)
[1841/4800] out_n300_rho0.9_independent-signed_seed0.pcf: ok (9 rows)
[1842/4800] out_n300_rho0.9_independent-signed_seed1.pcf: ok (9 rows)
[1843/4800] out_n300_rho0.9_independent-signed_seed2.pcf: ok (9 rows)
[1844/4800] out_n300_rho0.9_independent-signed_seed3.pcf: ok (9 rows)
[1845/4800] out_n300_rho0.9_independent-signed_seed4.pcf: ok (9 rows)
[1846/4800] out_n300_rho0.9_independent-signed_seed5.pcf: ok (9 rows)
[1847/4800] out_n300_rho0.9_independent-signed_seed6.pcf: ok (9 rows)
[1848/4800] out_n300_rho0.9_independent-signed_seed7.pcf: ok (9 rows)
[1849/4800] out_n300_rho0.9_independent-signed_seed8.pcf: ok (9 rows)
[1850/4800] out_n300_rho0.9_independent-signed_seed9.pcf: ok (9 rows)
[1851/4800] out_n300_rho0.9_near-ties_seed0.pcf: ok (9 rows)
[1852/4800] out_n300_rho0.9_near-ties_seed1.pcf: ok (9 rows)
[1853/4800] out_n300_rho0.9_near-ties_seed2.pcf: ok (9 rows)
[1854/4800] out_n300_rho0.9_near-ties_seed3.pcf: ok (9 rows)
[1855/4800] out_n300_rho0.9_near-ties_seed4.pcf: ok (9 rows)
[1856/4800] out_n300_rho0.9_near-ties_seed5.pcf: ok (9 rows)
[1857/4800] out_n300_rho0.9_near-ties_seed6.pcf: ok (9 rows)
[1858/4800] out_n300_rho0.9_near-ties_seed7.pcf: ok (9 rows)
[1859/4800] out_n300_rho0.9_near-ties_seed8.pcf: ok (9 rows)
[1860/4800] out_n300_rho0.9_near-ties_seed9.pcf: ok (9 rows)
[1861/4800] out_n300_rho1.0_anti-correlated_seed0.pcf: ok (9 rows)
[1862/4800] out_n300_rho1.0_anti-correlated_seed1.pcf: ok (9 rows)
[1863/4800] out_n300_rho1.0_anti-correlated_seed2.pcf: ok (9 rows)
[1864/4800] out_n300_rho1.0_anti-correlated_seed3.pcf: ok (9 rows)
[1865/4800] out_n300_rho1.0_anti-correlated_seed4.pcf: ok (9 rows)
[1866/4800] out_n300_rho1.0_anti-correlated_seed5.pcf: ok (9 rows)
[1867/4800] out_n300_rho1.0_anti-correlated_seed6.pcf: ok (9 rows)
[1868/4800] out_n300_rho1.0_anti-correlated_seed7.pcf: ok (9 rows)
[1869/4800] out_n300_rho1.0_anti-correlated_seed8.pcf: ok (9 rows)
[1870/4800] out_n300_rho1.0_anti-correlated_seed9.pcf: ok (9 rows)
[1871/4800] out_n300_rho1.0_correlated_seed0.pcf: ok (9 rows)
[1872/4800] out_n300_rho1.0_correlated_seed1.pcf: ok (9 rows)
[1873/4800] out_n300_rho1.0_correlated_seed2.pcf: ok (9 rows)
[1874/4800] out_n300_rho1.0_correlated_seed3.pcf: ok (9 rows)
[1875/4800] out_n300_rho1.0_correlated_seed4.pcf: ok (9 rows)
[1876/4800] out_n300_rho1.0_correlated_seed5.pcf: ok (9 rows)
[1877/4800] out_n300_rho1.0_correlated_seed6.pcf: ok (9 rows)
[1878/4800] out_n300_rho1.0_correlated_seed7.pcf: ok (9 rows)
[1879/4800] out_n300_rho1.0_correlated_seed8.pcf: ok (9 rows)
[1880/4800] out_n300_rho1.0_correlated_seed9.pcf: ok (9 rows)
[1881/4800] out_n300_rho1.0_exact-ties_seed0.pcf: ok (9 rows)
[1882/4800] out_n300_rho1.0_exact-ties_seed1.pcf: ok (9 rows)
[1883/4800] out_n300_rho1.0_exact-ties_seed2.pcf: ok (9 rows)
[1884/4800] out_n300_rho1.0_exact-ties_seed3.pcf: ok (9 rows)
[1885/4800] out_n300_rho1.0_exact-ties_seed4.pcf: ok (9 rows)
[1886/4800] out_n300_rho1.0_exact-ties_seed5.pcf: ok (9 rows)
[1887/4800] out_n300_rho1.0_exact-ties_seed6.pcf: ok (9 rows)
[1888/4800] out_n300_rho1.0_exact-ties_seed7.pcf: ok (9 rows)
[1889/4800] out_n300_rho1.0_exact-ties_seed8.pcf: ok (9 rows)
[1890/4800] out_n300_rho1.0_exact-ties_seed9.pcf: ok (9 rows)
[1891/4800] out_n300_rho1.0_independent-positive_seed0.pcf: ok (9 rows)
[1892/4800] out_n300_rho1.0_independent-positive_seed1.pcf: ok (9 rows)
[1893/4800] out_n300_rho1.0_independent-positive_seed2.pcf: ok (9 rows)
[1894/4800] out_n300_rho1.0_independent-positive_seed3.pcf: ok (9 rows)
[1895/4800] out_n300_rho1.0_independent-positive_seed4.pcf: ok (9 rows)
[1896/4800] out_n300_rho1.0_independent-positive_seed5.pcf: ok (9 rows)
[1897/4800] out_n300_rho1.0_independent-positive_seed6.pcf: ok (9 rows)
[1898/4800] out_n300_rho1.0_independent-positive_seed7.pcf: ok (9 rows)
[1899/4800] out_n300_rho1.0_independent-positive_seed8.pcf: ok (9 rows)
[1900/4800] out_n300_rho1.0_independent-positive_seed9.pcf: ok (9 rows)
[1901/4800] out_n300_rho1.0_independent-signed_seed0.pcf: ok (9 rows)
[1902/4800] out_n300_rho1.0_independent-signed_seed1.pcf: ok (9 rows)
[1903/4800] out_n300_rho1.0_independent-signed_seed2.pcf: ok (9 rows)
[1904/4800] out_n300_rho1.0_independent-signed_seed3.pcf: ok (9 rows)
[1905/4800] out_n300_rho1.0_independent-signed_seed4.pcf: ok (9 rows)
[1906/4800] out_n300_rho1.0_independent-signed_seed5.pcf: ok (9 rows)
[1907/4800] out_n300_rho1.0_independent-signed_seed6.pcf: ok (9 rows)
[1908/4800] out_n300_rho1.0_independent-signed_seed7.pcf: ok (9 rows)
[1909/4800] out_n300_rho1.0_independent-signed_seed8.pcf: ok (9 rows)
[1910/4800] out_n300_rho1.0_independent-signed_seed9.pcf: ok (9 rows)
[1911/4800] out_n300_rho1.0_near-ties_seed0.pcf: ok (9 rows)
[1912/4800] out_n300_rho1.0_near-ties_seed1.pcf: ok (9 rows)
[1913/4800] out_n300_rho1.0_near-ties_seed2.pcf: ok (9 rows)
[1914/4800] out_n300_rho1.0_near-ties_seed3.pcf: ok (9 rows)
[1915/4800] out_n300_rho1.0_near-ties_seed4.pcf: ok (9 rows)
[1916/4800] out_n300_rho1.0_near-ties_seed5.pcf: ok (9 rows)
[1917/4800] out_n300_rho1.0_near-ties_seed6.pcf: ok (9 rows)
[1918/4800] out_n300_rho1.0_near-ties_seed7.pcf: ok (9 rows)
[1919/4800] out_n300_rho1.0_near-ties_seed8.pcf: ok (9 rows)
[1920/4800] out_n300_rho1.0_near-ties_seed9.pcf: ok (9 rows)
[1921/4800] out_n40000_rho0.3_anti-correlated_seed0.pcf: ok (9 rows)
[1922/4800] out_n40000_rho0.3_anti-correlated_seed1.pcf: ok (9 rows)
[1923/4800] out_n40000_rho0.3_anti-correlated_seed2.pcf: ok (9 rows)
[1924/4800] out_n40000_rho0.3_anti-correlated_seed3.pcf: ok (9 rows)
[1925/4800] out_n40000_rho0.3_anti-correlated_seed4.pcf: ok (9 rows)
[1926/4800] out_n40000_rho0.3_anti-correlated_seed5.pcf: ok (9 rows)
[1927/4800] out_n40000_rho0.3_anti-correlated_seed6.pcf: ok (9 rows)
[1928/4800] out_n40000_rho0.3_anti-correlated_seed7.pcf: ok (9 rows)
[1929/4800] out_n40000_rho0.3_anti-correlated_seed8.pcf: ok (9 rows)
[1930/4800] out_n40000_rho0.3_anti-correlated_seed9.pcf: ok (9 rows)
[1931/4800] out_n40000_rho0.3_correlated_seed0.pcf: ok (9 rows)
[1932/4800] out_n40000_rho0.3_correlated_seed1.pcf: ok (9 rows)
[1933/4800] out_n40000_rho0.3_correlated_seed2.pcf: ok (9 rows)
[1934/4800] out_n40000_rho0.3_correlated_seed3.pcf: ok (9 rows)
[1935/4800] out_n40000_rho0.3_correlated_seed4.pcf: ok (9 rows)
[1936/4800] out_n40000_rho0.3_correlated_seed5.pcf: ok (9 rows)
[1937/4800] out_n40000_rho0.3_correlated_seed6.pcf: ok (9 rows)
[1938/4800] out_n40000_rho0.3_correlated_seed7.pcf: ok (9 rows)
[1939/4800] out_n40000_rho0.3_correlated_seed8.pcf: ok (9 rows)
[1940/4800] out_n40000_rho0.3_correlated_seed9.pcf: ok (9 rows)
[1941/4800] out_n40000_rho0.3_exact-ties_seed0.pcf: ok (9 rows)
[1942/4800] out_n40000_rho0.3_exact-ties_seed1.pcf: ok (9 rows)
[1943/4800] out_n40000_rho0.3_exact-ties_seed2.pcf: ok (9 rows)
[1944/4800] out_n40000_rho0.3_exact-ties_seed3.pcf: ok (9 rows)
[1945/4800] out_n40000_rho0.3_exact-ties_seed4.pcf: ok (9 rows)
[1946/4800] out_n40000_rho0.3_exact-ties_seed5.pcf: ok (9 rows)
[1947/4800] out_n40000_rho0.3_exact-ties_seed6.pcf: ok (9 rows)
[1948/4800] out_n40000_rho0.3_exact-ties_seed7.pcf: ok (9 rows)
[1949/4800] out_n40000_rho0.3_exact-ties_seed8.pcf: ok (9 rows)
[1950/4800] out_n40000_rho0.3_exact-ties_seed9.pcf: ok (9 rows)
[1951/4800] out_n40000_rho0.3_independent-positive_seed0.pcf: ok (9 rows)
[1952/4800] out_n40000_rho0.3_independent-positive_seed1.pcf: ok (9 rows)
[1953/4800] out_n40000_rho0.3_independent-positive_seed2.pcf: ok (9 rows)
[1954/4800] out_n40000_rho0.3_independent-positive_seed3.pcf: ok (9 rows)
[1955/4800] out_n40000_rho0.3_independent-positive_seed4.pcf: ok (9 rows)
[1956/4800] out_n40000_rho0.3_independent-positive_seed5.pcf: ok (9 rows)
[1957/4800] out_n40000_rho0.3_independent-positive_seed6.pcf: ok (9 rows)
[1958/4800] out_n40000_rho0.3_independent-positive_seed7.pcf: ok (9 rows)
[1959/4800] out_n40000_rho0.3_independent-positive_seed8.pcf: ok (9 rows)
[1960/4800] out_n40000_rho0.3_independent-positive_seed9.pcf: ok (9 rows)
[1961/4800] out_n40000_rho0.3_independent-signed_seed0.pcf: ok (9 rows)
[1962/4800] out_n40000_rho0.3_independent-signed_seed1.pcf: ok (9 rows)
[1963/4800] out_n40000_rho0.3_independent-signed_seed2.pcf: ok (9 rows)
[1964/4800] out_n40000_rho0.3_independent-signed_seed3.pcf: ok (9 rows)
[1965/4800] out_n40000_rho0.3_independent-signed_seed4.pcf: ok (9 rows)
[1966/4800] out_n40000_rho0.3_independent-signed_seed5.pcf: ok (9 rows)
[1967/4800] out_n40000_rho0.3_independent-signed_seed6.pcf: ok (9 rows)
[1968/4800] out_n40000_rho0.3_independent-signed_seed7.pcf: ok (9 rows)
[1969/4800] out_n40000_rho0.3_independent-signed_seed8.pcf: ok (9 rows)
[1970/4800] out_n40000_rho0.3_independent-signed_seed9.pcf: ok (9 rows)
[1971/4800] out_n40000_rho0.3_near-ties_seed0.pcf: ok (9 rows)
[1972/4800] out_n40000_rho0.3_near-ties_seed1.pcf: ok (9 rows)
[1973/4800] out_n40000_rho0.3_near-ties_seed2.pcf: ok (9 rows)
[1974/4800] out_n40000_rho0.3_near-ties_seed3.pcf: ok (9 rows)
[1975/4800] out_n40000_rho0.3_near-ties_seed4.pcf: ok (9 rows)
[1976/4800] out_n40000_rho0.3_near-ties_seed5.pcf: ok (9 rows)
[1977/4800] out_n40000_rho0.3_near-ties_seed6.pcf: ok (9 rows)
[1978/4800] out_n40000_rho0.3_near-ties_seed7.pcf: ok (9 rows)
[1979/4800] out_n40000_rho0.3_near-ties_seed8.pcf: ok (9 rows)
[1980/4800] out_n40000_rho0.3_near-ties_seed9.pcf: ok (9 rows)
[1981/4800] out_n40000_rho0.6_anti-correlated_seed0.pcf: ok (9 rows)
[1982/4800] out_n40000_rho0.6_anti-correlated_seed1.pcf: ok (9 rows)
[1983/4800] out_n40000_rho0.6_anti-correlated_seed2.pcf: ok (9 rows)
[1984/4800] out_n40000_rho0.6_anti-correlated_seed3.pcf: ok (9 rows)
[1985/4800] out_n40000_rho0.6_anti-correlated_seed4.pcf: ok (9 rows)
[1986/4800] out_n40000_rho0.6_anti-correlated_seed5.pcf: ok (9 rows)
[1987/4800] out_n40000_rho0.6_anti-correlated_seed6.pcf: ok (9 rows)
[1988/4800] out_n40000_rho0.6_anti-correlated_seed7.pcf: ok (9 rows)
[1989/4800] out_n40000_rho0.6_anti-correlated_seed8.pcf: ok (9 rows)
[1990/4800] out_n40000_rho0.6_anti-correlated_seed9.pcf: ok (9 rows)
[1991/4800] out_n40000_rho0.6_correlated_seed0.pcf: ok (9 rows)
[1992/4800] out_n40000_rho0.6_correlated_seed1.pcf: ok (9 rows)
[1993/4800] out_n40000_rho0.6_correlated_seed2.pcf: ok (9 rows)
[1994/4800] out_n40000_rho0.6_correlated_seed3.pcf: ok (9 rows)
[1995/4800] out_n40000_rho0.6_correlated_seed4.pcf: ok (9 rows)
[1996/4800] out_n40000_rho0.6_correlated_seed5.pcf: ok (9 rows)
[1997/4800] out_n40000_rho0.6_correlated_seed6.pcf: ok (9 rows)
[1998/4800] out_n40000_rho0.6_correlated_seed7.pcf: ok (9 rows)
[1999/4800] out_n40000_rho0.6_correlated_seed8.pcf: ok (9 rows)
[2000/4800] out_n40000_rho0.6_correlated_seed9.pcf: ok (9 rows)
[2001/4800] out_n40000_rho0.6_exact-ties_seed0.pcf: ok (9 rows)
[2002/4800] out_n40000_rho0.6_exact-ties_seed1.pcf: ok (9 rows)
[2003/4800] out_n40000_rho0.6_exact-ties_seed2.pcf: ok (9 rows)
[2004/4800] out_n40000_rho0.6_exact-ties_seed3.pcf: ok (9 rows)
[2005/4800] out_n40000_rho0.6_exact-ties_seed4.pcf: ok (9 rows)
[2006/4800] out_n40000_rho0.6_exact-ties_seed5.pcf: ok (9 rows)
[2007/4800] out_n40000_rho0.6_exact-ties_seed6.pcf: ok (9 rows)
[2008/4800] out_n40000_rho0.6_exact-ties_seed7.pcf: ok (9 rows)
[2009/4800] out_n40000_rho0.6_exact-ties_seed8.pcf: ok (9 rows)
[2010/4800] out_n40000_rho0.6_exact-ties_seed9.pcf: ok (9 rows)
[2011/4800] out_n40000_rho0.6_independent-positive_seed0.pcf: ok (9 rows)
[2012/4800] out_n40000_rho0.6_independent-positive_seed1.pcf: ok (9 rows)
[2013/4800] out_n40000_rho0.6_independent-positive_seed2.pcf: ok (9 rows)
[2014/4800] out_n40000_rho0.6_independent-positive_seed3.pcf: ok (9 rows)
[2015/4800] out_n40000_rho0.6_independent-positive_seed4.pcf: ok (9 rows)
[2016/4800] out_n40000_rho0.6_independent-positive_seed5.pcf: ok (9 rows)
[2017/4800] out_n40000_rho0.6_independent-positive_seed6.pcf: ok (9 rows)
[2018/4800] out_n40000_rho0.6_independent-positive_seed7.pcf: ok (9 rows)
[2019/4800] out_n40000_rho0.6_independent-positive_seed8.pcf: ok (9 rows)
[2020/4800] out_n40000_rho0.6_independent-positive_seed9.pcf: ok (9 rows)
[2021/4800] out_n40000_rho0.6_independent-signed_seed0.pcf: ok (9 rows)
[2022/4800] out_n40000_rho0.6_independent-signed_seed1.pcf: ok (9 rows)
[2023/4800] out_n40000_rho0.6_independent-signed_seed2.pcf: ok (9 rows)
[2024/4800] out_n40000_rho0.6_independent-signed_seed3.pcf: ok (9 rows)
[2025/4800] out_n40000_rho0.6_independent-signed_seed4.pcf: ok (9 rows)
[2026/4800] out_n40000_rho0.6_independent-signed_seed5.pcf: ok (9 rows)
[2027/4800] out_n40000_rho0.6_independent-signed_seed6.pcf: ok (9 rows)
[2028/4800] out_n40000_rho0.6_independent-signed_seed7.pcf: ok (9 rows)
[2029/4800] out_n40000_rho0.6_independent-signed_seed8.pcf: ok (9 rows)
[2030/4800] out_n40000_rho0.6_independent-signed_seed9.pcf: ok (9 rows)
[2031/4800] out_n40000_rho0.6_near-ties_seed0.pcf: ok (9 rows)
[2032/4800] out_n40000_rho0.6_near-ties_seed1.pcf: ok (9 rows)
[2033/4800] out_n40000_rho0.6_near-ties_seed2.pcf: ok (9 rows)
[2034/4800] out_n40000_rho0.6_near-ties_seed3.pcf: ok (9 rows)
[2035/4800] out_n40000_rho0.6_near-ties_seed4.pcf: ok (9 rows)
[2036/4800] out_n40000_rho0.6_near-ties_seed5.pcf: ok (9 rows)
[2037/4800] out_n40000_rho0.6_near-ties_seed6.pcf: ok (9 rows)
[2038/4800] out_n40000_rho0.6_near-ties_seed7.pcf: ok (9 rows)
[2039/4800] out_n40000_rho0.6_near-ties_seed8.pcf: ok (9 rows)
[2040/4800] out_n40000_rho0.6_near-ties_seed9.pcf: ok (9 rows)
[2041/4800] out_n40000_rho0.9_anti-correlated_seed0.pcf: ok (9 rows)
[2042/4800] out_n40000_rho0.9_anti-correlated_seed1.pcf: ok (9 rows)
[2043/4800] out_n40000_rho0.9_anti-correlated_seed2.pcf: ok (9 rows)
[2044/4800] out_n40000_rho0.9_anti-correlated_seed3.pcf: ok (9 rows)
[2045/4800] out_n40000_rho0.9_anti-correlated_seed4.pcf: ok (9 rows)
[2046/4800] out_n40000_rho0.9_anti-correlated_seed5.pcf: ok (9 rows)
[2047/4800] out_n40000_rho0.9_anti-correlated_seed6.pcf: ok (9 rows)
[2048/4800] out_n40000_rho0.9_anti-correlated_seed7.pcf: ok (9 rows)
[2049/4800] out_n40000_rho0.9_anti-correlated_seed8.pcf: ok (9 rows)
[2050/4800] out_n40000_rho0.9_anti-correlated_seed9.pcf: ok (9 rows)
[2051/4800] out_n40000_rho0.9_correlated_seed0.pcf: ok (9 rows)
[2052/4800] out_n40000_rho0.9_correlated_seed1.pcf: ok (9 rows)
[2053/4800] out_n40000_rho0.9_correlated_seed2.pcf: ok (9 rows)
[2054/4800] out_n40000_rho0.9_correlated_seed3.pcf: ok (9 rows)
[2055/4800] out_n40000_rho0.9_correlated_seed4.pcf: ok (9 rows)
[2056/4800] out_n40000_rho0.9_correlated_seed5.pcf: ok (9 rows)
[2057/4800] out_n40000_rho0.9_correlated_seed6.pcf: ok (9 rows)
[2058/4800] out_n40000_rho0.9_correlated_seed7.pcf: ok (9 rows)
[2059/4800] out_n40000_rho0.9_correlated_seed8.pcf: ok (9 rows)
[2060/4800] out_n40000_rho0.9_correlated_seed9.pcf: ok (9 rows)
[2061/4800] out_n40000_rho0.9_exact-ties_seed0.pcf: ok (9 rows)
[2062/4800] out_n40000_rho0.9_exact-ties_seed1.pcf: ok (9 rows)
[2063/4800] out_n40000_rho0.9_exact-ties_seed2.pcf: ok (9 rows)
[2064/4800] out_n40000_rho0.9_exact-ties_seed3.pcf: ok (9 rows)
[2065/4800] out_n40000_rho0.9_exact-ties_seed4.pcf: ok (9 rows)
[2066/4800] out_n40000_rho0.9_exact-ties_seed5.pcf: ok (9 rows)
[2067/4800] out_n40000_rho0.9_exact-ties_seed6.pcf: ok (9 rows)
[2068/4800] out_n40000_rho0.9_exact-ties_seed7.pcf: ok (9 rows)
[2069/4800] out_n40000_rho0.9_exact-ties_seed8.pcf: ok (9 rows)
[2070/4800] out_n40000_rho0.9_exact-ties_seed9.pcf: ok (9 rows)
[2071/4800] out_n40000_rho0.9_independent-positive_seed0.pcf: ok (9 rows)
[2072/4800] out_n40000_rho0.9_independent-positive_seed1.pcf: ok (9 rows)
[2073/4800] out_n40000_rho0.9_independent-positive_seed2.pcf: ok (9 rows)
[2074/4800] out_n40000_rho0.9_independent-positive_seed3.pcf: ok (9 rows)
[2075/4800] out_n40000_rho0.9_independent-positive_seed4.pcf: ok (9 rows)
[2076/4800] out_n40000_rho0.9_independent-positive_seed5.pcf: ok (9 rows)
[2077/4800] out_n40000_rho0.9_independent-positive_seed6.pcf: ok (9 rows)
[2078/4800] out_n40000_rho0.9_independent-positive_seed7.pcf: ok (9 rows)
[2079/4800] out_n40000_rho0.9_independent-positive_seed8.pcf: ok (9 rows)
[2080/4800] out_n40000_rho0.9_independent-positive_seed9.pcf: ok (9 rows)
[2081/4800] out_n40000_rho0.9_independent-signed_seed0.pcf: ok (9 rows)
[2082/4800] out_n40000_rho0.9_independent-signed_seed1.pcf: ok (9 rows)
[2083/4800] out_n40000_rho0.9_independent-signed_seed2.pcf: ok (9 rows)
[2084/4800] out_n40000_rho0.9_independent-signed_seed3.pcf: ok (9 rows)
[2085/4800] out_n40000_rho0.9_independent-signed_seed4.pcf: ok (9 rows)
[2086/4800] out_n40000_rho0.9_independent-signed_seed5.pcf: ok (9 rows)
[2087/4800] out_n40000_rho0.9_independent-signed_seed6.pcf: ok (9 rows)
[2088/4800] out_n40000_rho0.9_independent-signed_seed7.pcf: ok (9 rows)
[2089/4800] out_n40000_rho0.9_independent-signed_seed8.pcf: ok (9 rows)
[2090/4800] out_n40000_rho0.9_independent-signed_seed9.pcf: ok (9 rows)
[2091/4800] out_n40000_rho0.9_near-ties_seed0.pcf: ok (9 rows)
[2092/4800] out_n40000_rho0.9_near-ties_seed1.pcf: ok (9 rows)
[2093/4800] out_n40000_rho0.9_near-ties_seed2.pcf: ok (9 rows)
[2094/4800] out_n40000_rho0.9_near-ties_seed3.pcf: ok (9 rows)
[2095/4800] out_n40000_rho0.9_near-ties_seed4.pcf: ok (9 rows)
[2096/4800] out_n40000_rho0.9_near-ties_seed5.pcf: ok (9 rows)
[2097/4800] out_n40000_rho0.9_near-ties_seed6.pcf: ok (9 rows)
[2098/4800] out_n40000_rho0.9_near-ties_seed7.pcf: ok (9 rows)
[2099/4800] out_n40000_rho0.9_near-ties_seed8.pcf: ok (9 rows)
[2100/4800] out_n40000_rho0.9_near-ties_seed9.pcf: ok (9 rows)
[2101/4800] out_n40000_rho1.0_anti-correlated_seed0.pcf: ok (9 rows)
[2102/4800] out_n40000_rho1.0_anti-correlated_seed1.pcf: ok (9 rows)
[2103/4800] out_n40000_rho1.0_anti-correlated_seed2.pcf: ok (9 rows)
[2104/4800] out_n40000_rho1.0_anti-correlated_seed3.pcf: ok (9 rows)
[2105/4800] out_n40000_rho1.0_anti-correlated_seed4.pcf: ok (9 rows)
[2106/4800] out_n40000_rho1.0_anti-correlated_seed5.pcf: ok (9 rows)
[2107/4800] out_n40000_rho1.0_anti-correlated_seed6.pcf: ok (9 rows)
[2108/4800] out_n40000_rho1.0_anti-correlated_seed7.pcf: ok (9 rows)
[2109/4800] out_n40000_rho1.0_anti-correlated_seed8.pcf: ok (9 rows)
[2110/4800] out_n40000_rho1.0_anti-correlated_seed9.pcf: ok (9 rows)
[2111/4800] out_n40000_rho1.0_correlated_seed0.pcf: ok (9 rows)
[2112/4800] out_n40000_rho1.0_correlated_seed1.pcf: ok (9 rows)
[2113/4800] out_n40000_rho1.0_correlated_seed2.pcf: ok (9 rows)
[2114/4800] out_n40000_rho1.0_correlated_seed3.pcf: ok (9 rows)
[2115/4800] out_n40000_rho1.0_correlated_seed4.pcf: ok (9 rows)
[2116/4800] out_n40000_rho1.0_correlated_seed5.pcf: ok (9 rows)
[2117/4800] out_n40000_rho1.0_correlated_seed6.pcf: ok (9 rows)
[2118/4800] out_n40000_rho1.0_correlated_seed7.pcf: ok (9 rows)
[2119/4800] out_n40000_rho1.0_correlated_seed8.pcf: ok (9 rows)
[2120/4800] out_n40000_rho1.0_correlated_seed9.pcf: ok (9 rows)
[2121/4800] out_n40000_rho1.0_exact-ties_seed0.pcf: ok (9 rows)
[2122/4800] out_n40000_rho1.0_exact-ties_seed1.pcf: ok (9 rows)
[2123/4800] out_n40000_rho1.0_exact-ties_seed2.pcf: ok (9 rows)
[2124/4800] out_n40000_rho1.0_exact-ties_seed3.pcf: ok (9 rows)
[2125/4800] out_n40000_rho1.0_exact-ties_seed4.pcf: ok (9 rows)
[2126/4800] out_n40000_rho1.0_exact-ties_seed5.pcf: ok (9 rows)
[2127/4800] out_n40000_rho1.0_exact-ties_seed6.pcf: ok (9 rows)
[2128/4800] out_n40000_rho1.0_exact-ties_seed7.pcf: ok (9 rows)
[2129/4800] out_n40000_rho1.0_exact-ties_seed8.pcf: ok (9 rows)
[2130/4800] out_n40000_rho1.0_exact-ties_seed9.pcf: ok (9 rows)
[2131/4800] out_n40000_rho1.0_independent-positive_seed0.pcf: ok (9 rows)
[2132/4800] out_n40000_rho1.0_independent-positive_seed1.pcf: ok (9 rows)
[2133/4800] out_n40000_rho1.0_independent-positive_seed2.pcf: ok (9 rows)
[2134/4800] out_n40000_rho1.0_independent-positive_seed3.pcf: ok (9 rows)
[2135/4800] out_n40000_rho1.0_independent-positive_seed4.pcf: ok (9 rows)
[2136/4800] out_n40000_rho1.0_independent-positive_seed5.pcf: ok (9 rows)
[2137/4800] out_n40000_rho1.0_independent-positive_seed6.pcf: ok (9 rows)
[2138/4800] out_n40000_rho1.0_independent-positive_seed7.pcf: ok (9 rows)
[2139/4800] out_n40000_rho1.0_independent-positive_seed8.pcf: ok (9 rows)
[2140/4800] out_n40000_rho1.0_independent-positive_seed9.pcf: ok (9 rows)
[2141/4800] out_n40000_rho1.0_independent-signed_seed0.pcf: ok (9 rows)
[2142/4800] out_n40000_rho1.0_independent-signed_seed1.pcf: ok (9 rows)
[2143/4800] out_n40000_rho1.0_independent-signed_seed2.pcf: ok (9 rows)
[2144/4800] out_n40000_rho1.0_independent-signed_seed3.pcf: ok (9 rows)
[2145/4800] out_n40000_rho1.0_independent-signed_seed4.pcf: ok (9 rows)
[2146/4800] out_n40000_rho1.0_independent-signed_seed5.pcf: ok (9 rows)
[2147/4800] out_n40000_rho1.0_independent-signed_seed6.pcf: ok (9 rows)
[2148/4800] out_n40000_rho1.0_independent-signed_seed7.pcf: ok (9 rows)
[2149/4800] out_n40000_rho1.0_independent-signed_seed8.pcf: ok (9 rows)
[2150/4800] out_n40000_rho1.0_independent-signed_seed9.pcf: ok (9 rows)
[2151/4800] out_n40000_rho1.0_near-ties_seed0.pcf: ok (9 rows)
[2152/4800] out_n40000_rho1.0_near-ties_seed1.pcf: ok (9 rows)
[2153/4800] out_n40000_rho1.0_near-ties_seed2.pcf: ok (9 rows)
[2154/4800] out_n40000_rho1.0_near-ties_seed3.pcf: ok (9 rows)
[2155/4800] out_n40000_rho1.0_near-ties_seed4.pcf: ok (9 rows)
[2156/4800] out_n40000_rho1.0_near-ties_seed5.pcf: ok (9 rows)
[2157/4800] out_n40000_rho1.0_near-ties_seed6.pcf: ok (9 rows)
[2158/4800] out_n40000_rho1.0_near-ties_seed7.pcf: ok (9 rows)
[2159/4800] out_n40000_rho1.0_near-ties_seed8.pcf: ok (9 rows)
[2160/4800] out_n40000_rho1.0_near-ties_seed9.pcf: ok (9 rows)
[2161/4800] out_n400_rho0.3_anti-correlated_seed0.pcf: ok (9 rows)
[2162/4800] out_n400_rho0.3_anti-correlated_seed1.pcf: ok (9 rows)
[2163/4800] out_n400_rho0.3_anti-correlated_seed2.pcf: ok (9 rows)
[2164/4800] out_n400_rho0.3_anti-correlated_seed3.pcf: ok (9 rows)
[2165/4800] out_n400_rho0.3_anti-correlated_seed4.pcf: ok (9 rows)
[2166/4800] out_n400_rho0.3_anti-correlated_seed5.pcf: ok (9 rows)
[2167/4800] out_n400_rho0.3_anti-correlated_seed6.pcf: ok (9 rows)
[2168/4800] out_n400_rho0.3_anti-correlated_seed7.pcf: ok (9 rows)
[2169/4800] out_n400_rho0.3_anti-correlated_seed8.pcf: ok (9 rows)
[2170/4800] out_n400_rho0.3_anti-correlated_seed9.pcf: ok (9 rows)
[2171/4800] out_n400_rho0.3_correlated_seed0.pcf: ok (9 rows)
[2172/4800] out_n400_rho0.3_correlated_seed1.pcf: ok (9 rows)
[2173/4800] out_n400_rho0.3_correlated_seed2.pcf: ok (9 rows)
[2174/4800] out_n400_rho0.3_correlated_seed3.pcf: ok (9 rows)
[2175/4800] out_n400_rho0.3_correlated_seed4.pcf: ok (9 rows)
[2176/4800] out_n400_rho0.3_correlated_seed5.pcf: ok (9 rows)
[2177/4800] out_n400_rho0.3_correlated_seed6.pcf: ok (9 rows)
[2178/4800] out_n400_rho0.3_correlated_seed7.pcf: ok (9 rows)
[2179/4800] out_n400_rho0.3_correlated_seed8.pcf: ok (9 rows)
[2180/4800] out_n400_rho0.3_correlated_seed9.pcf: ok (9 rows)
[2181/4800] out_n400_rho0.3_exact-ties_seed0.pcf: ok (9 rows)
[2182/4800] out_n400_rho0.3_exact-ties_seed1.pcf: ok (9 rows)
[2183/4800] out_n400_rho0.3_exact-ties_seed2.pcf: ok (9 rows)
[2184/4800] out_n400_rho0.3_exact-ties_seed3.pcf: ok (9 rows)
[2185/4800] out_n400_rho0.3_exact-ties_seed4.pcf: ok (9 rows)
[2186/4800] out_n400_rho0.3_exact-ties_seed5.pcf: ok (9 rows)
[2187/4800] out_n400_rho0.3_exact-ties_seed6.pcf: ok (9 rows)
[2188/4800] out_n400_rho0.3_exact-ties_seed7.pcf: ok (9 rows)
[2189/4800] out_n400_rho0.3_exact-ties_seed8.pcf: ok (9 rows)
[2190/4800] out_n400_rho0.3_exact-ties_seed9.pcf: ok (9 rows)
[2191/4800] out_n400_rho0.3_independent-positive_seed0.pcf: ok (9 rows)
[2192/4800] out_n400_rho0.3_independent-positive_seed1.pcf: ok (9 rows)
[2193/4800] out_n400_rho0.3_independent-positive_seed2.pcf: ok (9 rows)
[2194/4800] out_n400_rho0.3_independent-positive_seed3.pcf: ok (9 rows)
[2195/4800] out_n400_rho0.3_independent-positive_seed4.pcf: ok (9 rows)
[2196/4800] out_n400_rho0.3_independent-positive_seed5.pcf: ok (9 rows)
[2197/4800] out_n400_rho0.3_independent-positive_seed6.pcf: ok (9 rows)
[2198/4800] out_n400_rho0.3_independent-positive_seed7.pcf: ok (9 rows)
[2199/4800] out_n400_rho0.3_independent-positive_seed8.pcf: ok (9 rows)
[2200/4800] out_n400_rho0.3_independent-positive_seed9.pcf: ok (9 rows)
[2201/4800] out_n400_rho0.3_independent-signed_seed0.pcf: ok (9 rows)
[2202/4800] out_n400_rho0.3_independent-signed_seed1.pcf: ok (9 rows)
[2203/4800] out_n400_rho0.3_independent-signed_seed2.pcf: ok (9 rows)
[2204/4800] out_n400_rho0.3_independent-signed_seed3.pcf: ok (9 rows)
[2205/4800] out_n400_rho0.3_independent-signed_seed4.pcf: ok (9 rows)
[2206/4800] out_n400_rho0.3_independent-signed_seed5.pcf: ok (9 rows)
[2207/4800] out_n400_rho0.3_independent-signed_seed6.pcf: ok (9 rows)
[2208/4800] out_n400_rho0.3_independent-signed_seed7.pcf: ok (9 rows)
[2209/4800] out_n400_rho0.3_independent-signed_seed8.pcf: ok (9 rows)
[2210/4800] out_n400_rho0.3_independent-signed_seed9.pcf: ok (9 rows)
[2211/4800] out_n400_rho0.3_near-ties_seed0.pcf: ok (9 rows)
[2212/4800] out_n400_rho0.3_near-ties_seed1.pcf: ok (9 rows)
[2213/4800] out_n400_rho0.3_near-ties_seed2.pcf: ok (9 rows)
[2214/4800] out_n400_rho0.3_near-ties_seed3.pcf: ok (9 rows)
[2215/4800] out_n400_rho0.3_near-ties_seed4.pcf: ok (9 rows)
[2216/4800] out_n400_rho0.3_near-ties_seed5.pcf: ok (9 rows)
[2217/4800] out_n400_rho0.3_near-ties_seed6.pcf: ok (9 rows)
[2218/4800] out_n400_rho0.3_near-ties_seed7.pcf: ok (9 rows)
[2219/4800] out_n400_rho0.3_near-ties_seed8.pcf: ok (9 rows)
[2220/4800] out_n400_rho0.3_near-ties_seed9.pcf: ok (9 rows)
[2221/4800] out_n400_rho0.6_anti-correlated_seed0.pcf: ok (9 rows)
[2222/4800] out_n400_rho0.6_anti-correlated_seed1.pcf: ok (9 rows)
[2223/4800] out_n400_rho0.6_anti-correlated_seed2.pcf: ok (9 rows)
[2224/4800] out_n400_rho0.6_anti-correlated_seed3.pcf: ok (9 rows)
[2225/4800] out_n400_rho0.6_anti-correlated_seed4.pcf: ok (9 rows)
[2226/4800] out_n400_rho0.6_anti-correlated_seed5.pcf: ok (9 rows)
[2227/4800] out_n400_rho0.6_anti-correlated_seed6.pcf: ok (9 rows)
[2228/4800] out_n400_rho0.6_anti-correlated_seed7.pcf: ok (9 rows)
[2229/4800] out_n400_rho0.6_anti-correlated_seed8.pcf: ok (9 rows)
[2230/4800] out_n400_rho0.6_anti-correlated_seed9.pcf: ok (9 rows)
[2231/4800] out_n400_rho0.6_correlated_seed0.pcf: ok (9 rows)
[2232/4800] out_n400_rho0.6_correlated_seed1.pcf: ok (9 rows)
[2233/4800] out_n400_rho0.6_correlated_seed2.pcf: ok (9 rows)
[2234/4800] out_n400_rho0.6_correlated_seed3.pcf: ok (9 rows)
[2235/4800] out_n400_rho0.6_correlated_seed4.pcf: ok (9 rows)
[2236/4800] out_n400_rho0.6_correlated_seed5.pcf: ok (9 rows)
[2237/4800] out_n400_rho0.6_correlated_seed6.pcf: ok (9 rows)
[2238/4800] out_n400_rho0.6_correlated_seed7.pcf: ok (9 rows)
[2239/4800] out_n400_rho0.6_correlated_seed8.pcf: ok (9 rows)
[2240/4800] out_n400_rho0.6_correlated_seed9.pcf: ok (9 rows)
[2241/4800] out_n400_rho0.6_exact-ties_seed0.pcf: ok (9 rows)
[2242/4800] out_n400_rho0.6_exact-ties_seed1.pcf: ok (9 rows)
[2243/4800] out_n400_rho0.6_exact-ties_seed2.pcf: ok (9 rows)
[2244/4800] out_n400_rho0.6_exact-ties_seed3.pcf: ok (9 rows)
[2245/4800] out_n400_rho0.6_exact-ties_seed4.pcf: ok (9 rows)
[2246/4800] out_n400_rho0.6_exact-ties_seed5.pcf: ok (9 rows)
[2247/4800] out_n400_rho0.6_exact-ties_seed6.pcf: ok (9 rows)
[2248/4800] out_n400_rho0.6_exact-ties_seed7.pcf: ok (9 rows)
[2249/4800] out_n400_rho0.6_exact-ties_seed8.pcf: ok (9 rows)
[2250/4800] out_n400_rho0.6_exact-ties_seed9.pcf: ok (9 rows)
[2251/4800] out_n400_rho0.6_independent-positive_seed0.pcf: ok (9 rows)
[2252/4800] out_n400_rho0.6_independent-positive_seed1.pcf: ok (9 rows)
[2253/4800] out_n400_rho0.6_independent-positive_seed2.pcf: ok (9 rows)
[2254/4800] out_n400_rho0.6_independent-positive_seed3.pcf: ok (9 rows)
[2255/4800] out_n400_rho0.6_independent-positive_seed4.pcf: ok (9 rows)
[2256/4800] out_n400_rho0.6_independent-positive_seed5.pcf: ok (9 rows)
[2257/4800] out_n400_rho0.6_independent-positive_seed6.pcf: ok (9 rows)
[2258/4800] out_n400_rho0.6_independent-positive_seed7.pcf: ok (9 rows)
[2259/4800] out_n400_rho0.6_independent-positive_seed8.pcf: ok (9 rows)
[2260/4800] out_n400_rho0.6_independent-positive_seed9.pcf: ok (9 rows)
[2261/4800] out_n400_rho0.6_independent-signed_seed0.pcf: ok (9 rows)
[2262/4800] out_n400_rho0.6_independent-signed_seed1.pcf: ok (9 rows)
[2263/4800] out_n400_rho0.6_independent-signed_seed2.pcf: ok (9 rows)
[2264/4800] out_n400_rho0.6_independent-signed_seed3.pcf: ok (9 rows)
[2265/4800] out_n400_rho0.6_independent-signed_seed4.pcf: ok (9 rows)
[2266/4800] out_n400_rho0.6_independent-signed_seed5.pcf: ok (9 rows)
[2267/4800] out_n400_rho0.6_independent-signed_seed6.pcf: ok (9 rows)
[2268/4800] out_n400_rho0.6_independent-signed_seed7.pcf: ok (9 rows)
[2269/4800] out_n400_rho0.6_independent-signed_seed8.pcf: ok (9 rows)
[2270/4800] out_n400_rho0.6_independent-signed_seed9.pcf: ok (9 rows)
[2271/4800] out_n400_rho0.6_near-ties_seed0.pcf: ok (9 rows)
[2272/4800] out_n400_rho0.6_near-ties_seed1.pcf: ok (9 rows)
[2273/4800] out_n400_rho0.6_near-ties_seed2.pcf: ok (9 rows)
[2274/4800] out_n400_rho0.6_near-ties_seed3.pcf: ok (9 rows)
[2275/4800] out_n400_rho0.6_near-ties_seed4.pcf: ok (9 rows)
[2276/4800] out_n400_rho0.6_near-ties_seed5.pcf: ok (9 rows)
[2277/4800] out_n400_rho0.6_near-ties_seed6.pcf: ok (9 rows)
[2278/4800] out_n400_rho0.6_near-ties_seed7.pcf: ok (9 rows)
[2279/4800] out_n400_rho0.6_near-ties_seed8.pcf: ok (9 rows)
[2280/4800] out_n400_rho0.6_near-ties_seed9.pcf: ok (9 rows)
[2281/4800] out_n400_rho0.9_anti-correlated_seed0.pcf: ok (9 rows)
[2282/4800] out_n400_rho0.9_anti-correlated_seed1.pcf: ok (9 rows)
[2283/4800] out_n400_rho0.9_anti-correlated_seed2.pcf: ok (9 rows)
[2284/4800] out_n400_rho0.9_anti-correlated_seed3.pcf: ok (9 rows)
[2285/4800] out_n400_rho0.9_anti-correlated_seed4.pcf: ok (9 rows)
[2286/4800] out_n400_rho0.9_anti-correlated_seed5.pcf: ok (9 rows)
[2287/4800] out_n400_rho0.9_anti-correlated_seed6.pcf: ok (9 rows)
[2288/4800] out_n400_rho0.9_anti-correlated_seed7.pcf: ok (9 rows)
[2289/4800] out_n400_rho0.9_anti-correlated_seed8.pcf: ok (9 rows)
[2290/4800] out_n400_rho0.9_anti-correlated_seed9.pcf: ok (9 rows)
[2291/4800] out_n400_rho0.9_correlated_seed0.pcf: ok (9 rows)
[2292/4800] out_n400_rho0.9_correlated_seed1.pcf: ok (9 rows)
[2293/4800] out_n400_rho0.9_correlated_seed2.pcf: ok (9 rows)
[2294/4800] out_n400_rho0.9_correlated_seed3.pcf: ok (9 rows)
[2295/4800] out_n400_rho0.9_correlated_seed4.pcf: ok (9 rows)
[2296/4800] out_n400_rho0.9_correlated_seed5.pcf: ok (9 rows)
[2297/4800] out_n400_rho0.9_correlated_seed6.pcf: ok (9 rows)
[2298/4800] out_n400_rho0.9_correlated_seed7.pcf: ok (9 rows)
[2299/4800] out_n400_rho0.9_correlated_seed8.pcf: ok (9 rows)
[2300/4800] out_n400_rho0.9_correlated_seed9.pcf: ok (9 rows)
[2301/4800] out_n400_rho0.9_exact-ties_seed0.pcf: ok (9 rows)
[2302/4800] out_n400_rho0.9_exact-ties_seed1.pcf: ok (9 rows)
[2303/4800] out_n400_rho0.9_exact-ties_seed2.pcf: ok (9 rows)
[2304/4800] out_n400_rho0.9_exact-ties_seed3.pcf: ok (9 rows)
[2305/4800] out_n400_rho0.9_exact-ties_seed4.pcf: ok (9 rows)
[2306/4800] out_n400_rho0.9_exact-ties_seed5.pcf: ok (9 rows)
[2307/4800] out_n400_rho0.9_exact-ties_seed6.pcf: ok (9 rows)
[2308/4800] out_n400_rho0.9_exact-ties_seed7.pcf: ok (9 rows)
[2309/4800] out_n400_rho0.9_exact-ties_seed8.pcf: ok (9 rows)
[2310/4800] out_n400_rho0.9_exact-ties_seed9.pcf: ok (9 rows)
[2311/4800] out_n400_rho0.9_independent-positive_seed0.pcf: ok (9 rows)
[2312/4800] out_n400_rho0.9_independent-positive_seed1.pcf: ok (9 rows)
[2313/4800] out_n400_rho0.9_independent-positive_seed2.pcf: ok (9 rows)
[2314/4800] out_n400_rho0.9_independent-positive_seed3.pcf: ok (9 rows)
[2315/4800] out_n400_rho0.9_independent-positive_seed4.pcf: ok (9 rows)
[2316/4800] out_n400_rho0.9_independent-positive_seed5.pcf: ok (9 rows)
[2317/4800] out_n400_rho0.9_independent-positive_seed6.pcf: ok (9 rows)
[2318/4800] out_n400_rho0.9_independent-positive_seed7.pcf: ok (9 rows)
[2319/4800] out_n400_rho0.9_independent-positive_seed8.pcf: ok (9 rows)
[2320/4800] out_n400_rho0.9_independent-positive_seed9.pcf: ok (9 rows)
[2321/4800] out_n400_rho0.9_independent-signed_seed0.pcf: ok (9 rows)
[2322/4800] out_n400_rho0.9_independent-signed_seed1.pcf: ok (9 rows)
[2323/4800] out_n400_rho0.9_independent-signed_seed2.pcf: ok (9 rows)
[2324/4800] out_n400_rho0.9_independent-signed_seed3.pcf: ok (9 rows)
[2325/4800] out_n400_rho0.9_independent-signed_seed4.pcf: ok (9 rows)
[2326/4800] out_n400_rho0.9_independent-signed_seed5.pcf: ok (9 rows)
[2327/4800] out_n400_rho0.9_independent-signed_seed6.pcf: ok (9 rows)
[2328/4800] out_n400_rho0.9_independent-signed_seed7.pcf: ok (9 rows)
[2329/4800] out_n400_rho0.9_independent-signed_seed8.pcf: ok (9 rows)
[2330/4800] out_n400_rho0.9_independent-signed_seed9.pcf: ok (9 rows)
[2331/4800] out_n400_rho0.9_near-ties_seed0.pcf: ok (9 rows)
[2332/4800] out_n400_rho0.9_near-ties_seed1.pcf: ok (9 rows)
[2333/4800] out_n400_rho0.9_near-ties_seed2.pcf: ok (9 rows)
[2334/4800] out_n400_rho0.9_near-ties_seed3.pcf: ok (9 rows)
[2335/4800] out_n400_rho0.9_near-ties_seed4.pcf: ok (9 rows)
[2336/4800] out_n400_rho0.9_near-ties_seed5.pcf: ok (9 rows)
[2337/4800] out_n400_rho0.9_near-ties_seed6.pcf: ok (9 rows)
[2338/4800] out_n400_rho0.9_near-ties_seed7.pcf: ok (9 rows)
[2339/4800] out_n400_rho0.9_near-ties_seed8.pcf: ok (9 rows)
[2340/4800] out_n400_rho0.9_near-ties_seed9.pcf: ok (9 rows)
[2341/4800] out_n400_rho1.0_anti-correlated_seed0.pcf: ok (9 rows)
[2342/4800] out_n400_rho1.0_anti-correlated_seed1.pcf: ok (9 rows)
[2343/4800] out_n400_rho1.0_anti-correlated_seed2.pcf: ok (9 rows)
[2344/4800] out_n400_rho1.0_anti-correlated_seed3.pcf: ok (9 rows)
[2345/4800] out_n400_rho1.0_anti-correlated_seed4.pcf: ok (9 rows)
[2346/4800] out_n400_rho1.0_anti-correlated_seed5.pcf: ok (9 rows)
[2347/4800] out_n400_rho1.0_anti-correlated_seed6.pcf: ok (9 rows)
[2348/4800] out_n400_rho1.0_anti-correlated_seed7.pcf: ok (9 rows)
[2349/4800] out_n400_rho1.0_anti-correlated_seed8.pcf: ok (9 rows)
[2350/4800] out_n400_rho1.0_anti-correlated_seed9.pcf: ok (9 rows)
[2351/4800] out_n400_rho1.0_correlated_seed0.pcf: ok (9 rows)
[2352/4800] out_n400_rho1.0_correlated_seed1.pcf: ok (9 rows)
[2353/4800] out_n400_rho1.0_correlated_seed2.pcf: ok (9 rows)
[2354/4800] out_n400_rho1.0_correlated_seed3.pcf: ok (9 rows)
[2355/4800] out_n400_rho1.0_correlated_seed4.pcf: ok (9 rows)
[2356/4800] out_n400_rho1.0_correlated_seed5.pcf: ok (9 rows)
[2357/4800] out_n400_rho1.0_correlated_seed6.pcf: ok (9 rows)
[2358/4800] out_n400_rho1.0_correlated_seed7.pcf: ok (9 rows)
[2359/4800] out_n400_rho1.0_correlated_seed8.pcf: ok (9 rows)
[2360/4800] out_n400_rho1.0_correlated_seed9.pcf: ok (9 rows)
[2361/4800] out_n400_rho1.0_exact-ties_seed0.pcf: ok (9 rows)
[2362/4800] out_n400_rho1.0_exact-ties_seed1.pcf: ok (9 rows)
[2363/4800] out_n400_rho1.0_exact-ties_seed2.pcf: ok (9 rows)
[2364/4800] out_n400_rho1.0_exact-ties_seed3.pcf: ok (9 rows)
[2365/4800] out_n400_rho1.0_exact-ties_seed4.pcf: ok (9 rows)
[2366/4800] out_n400_rho1.0_exact-ties_seed5.pcf: ok (9 rows)
[2367/4800] out_n400_rho1.0_exact-ties_seed6.pcf: ok (9 rows)
[2368/4800] out_n400_rho1.0_exact-ties_seed7.pcf: ok (9 rows)
[2369/4800] out_n400_rho1.0_exact-ties_seed8.pcf: ok (9 rows)
[2370/4800] out_n400_rho1.0_exact-ties_seed9.pcf: ok (9 rows)
[2371/4800] out_n400_rho1.0_independent-positive_seed0.pcf: ok (9 rows)
[2372/4800] out_n400_rho1.0_independent-positive_seed1.pcf: ok (9 rows)
[2373/4800] out_n400_rho1.0_independent-positive_seed2.pcf: ok (9 rows)
[2374/4800] out_n400_rho1.0_independent-positive_seed3.pcf: ok (9 rows)
[2375/4800] out_n400_rho1.0_independent-positive_seed4.pcf: ok (9 rows)
[2376/4800] out_n400_rho1.0_independent-positive_seed5.pcf: ok (9 rows)
[2377/4800] out_n400_rho1.0_independent-positive_seed6.pcf: ok (9 rows)
[2378/4800] out_n400_rho1.0_independent-positive_seed7.pcf: ok (9 rows)
[2379/4800] out_n400_rho1.0_independent-positive_seed8.pcf: ok (9 rows)
[2380/4800] out_n400_rho1.0_independent-positive_seed9.pcf: ok (9 rows)
[2381/4800] out_n400_rho1.0_independent-signed_seed0.pcf: ok (9 rows)
[2382/4800] out_n400_rho1.0_independent-signed_seed1.pcf: ok (9 rows)
[2383/4800] out_n400_rho1.0_independent-signed_seed2.pcf: ok (9 rows)
[2384/4800] out_n400_rho1.0_independent-signed_seed3.pcf: ok (9 rows)
[2385/4800] out_n400_rho1.0_independent-signed_seed4.pcf: ok (9 rows)
[2386/4800] out_n400_rho1.0_independent-signed_seed5.pcf: ok (9 rows)
[2387/4800] out_n400_rho1.0_independent-signed_seed6.pcf: ok (9 rows)
[2388/4800] out_n400_rho1.0_independent-signed_seed7.pcf: ok (9 rows)
[2389/4800] out_n400_rho1.0_independent-signed_seed8.pcf: ok (9 rows)
[2390/4800] out_n400_rho1.0_independent-signed_seed9.pcf: ok (9 rows)
[2391/4800] out_n400_rho1.0_near-ties_seed0.pcf: ok (9 rows)
[2392/4800] out_n400_rho1.0_near-ties_seed1.pcf: ok (9 rows)
[2393/4800] out_n400_rho1.0_near-ties_seed2.pcf: ok (9 rows)
[2394/4800] out_n400_rho1.0_near-ties_seed3.pcf: ok (9 rows)
[2395/4800] out_n400_rho1.0_near-ties_seed4.pcf: ok (9 rows)
[2396/4800] out_n400_rho1.0_near-ties_seed5.pcf: ok (9 rows)
[2397/4800] out_n400_rho1.0_near-ties_seed6.pcf: ok (9 rows)
[2398/4800] out_n400_rho1.0_near-ties_seed7.pcf: ok (9 rows)
[2399/4800] out_n400_rho1.0_near-ties_seed8.pcf: ok (9 rows)
[2400/4800] out_n400_rho1.0_near-ties_seed9.pcf: ok (9 rows)
[2401/4800] out_n50000_rho0.3_anti-correlated_seed0.pcf: ok (9 rows)
[2402/4800] out_n50000_rho0.3_anti-correlated_seed1.pcf: ok (9 rows)
[2403/4800] out_n50000_rho0.3_anti-correlated_seed2.pcf: ok (9 rows)
[2404/4800] out_n50000_rho0.3_anti-correlated_seed3.pcf: ok (9 rows)
[2405/4800] out_n50000_rho0.3_anti-correlated_seed4.pcf: ok (9 rows)
[2406/4800] out_n50000_rho0.3_anti-correlated_seed5.pcf: ok (9 rows)
[2407/4800] out_n50000_rho0.3_anti-correlated_seed6.pcf: ok (9 rows)
[2408/4800] out_n50000_rho0.3_anti-correlated_seed7.pcf: ok (9 rows)
[2409/4800] out_n50000_rho0.3_anti-correlated_seed8.pcf: ok (9 rows)
[2410/4800] out_n50000_rho0.3_anti-correlated_seed9.pcf: ok (9 rows)
[2411/4800] out_n50000_rho0.3_correlated_seed0.pcf: ok (9 rows)
[2412/4800] out_n50000_rho0.3_correlated_seed1.pcf: ok (9 rows)
[2413/4800] out_n50000_rho0.3_correlated_seed2.pcf: ok (9 rows)
[2414/4800] out_n50000_rho0.3_correlated_seed3.pcf: ok (9 rows)
[2415/4800] out_n50000_rho0.3_correlated_seed4.pcf: ok (9 rows)
[2416/4800] out_n50000_rho0.3_correlated_seed5.pcf: ok (9 rows)
[2417/4800] out_n50000_rho0.3_correlated_seed6.pcf: ok (9 rows)
[2418/4800] out_n50000_rho0.3_correlated_seed7.pcf: ok (9 rows)
[2419/4800] out_n50000_rho0.3_correlated_seed8.pcf: ok (9 rows)
[2420/4800] out_n50000_rho0.3_correlated_seed9.pcf: ok (9 rows)
[2421/4800] out_n50000_rho0.3_exact-ties_seed0.pcf: ok (9 rows)
[2422/4800] out_n50000_rho0.3_exact-ties_seed1.pcf: ok (9 rows)
[2423/4800] out_n50000_rho0.3_exact-ties_seed2.pcf: ok (9 rows)
[2424/4800] out_n50000_rho0.3_exact-ties_seed3.pcf: ok (9 rows)
[2425/4800] out_n50000_rho0.3_exact-ties_seed4.pcf: ok (9 rows)
[2426/4800] out_n50000_rho0.3_exact-ties_seed5.pcf: ok (9 rows)
[2427/4800] out_n50000_rho0.3_exact-ties_seed6.pcf: ok (9 rows)
[2428/4800] out_n50000_rho0.3_exact-ties_seed7.pcf: ok (9 rows)
[2429/4800] out_n50000_rho0.3_exact-ties_seed8.pcf: ok (9 rows)
[2430/4800] out_n50000_rho0.3_exact-ties_seed9.pcf: ok (9 rows)
[2431/4800] out_n50000_rho0.3_independent-positive_seed0.pcf: ok (9 rows)
[2432/4800] out_n50000_rho0.3_independent-positive_seed1.pcf: ok (9 rows)
[2433/4800] out_n50000_rho0.3_independent-positive_seed2.pcf: ok (9 rows)
[2434/4800] out_n50000_rho0.3_independent-positive_seed3.pcf: ok (9 rows)
[2435/4800] out_n50000_rho0.3_independent-positive_seed4.pcf: ok (9 rows)
[2436/4800] out_n50000_rho0.3_independent-positive_seed5.pcf: ok (9 rows)
[2437/4800] out_n50000_rho0.3_independent-positive_seed6.pcf: ok (9 rows)
[2438/4800] out_n50000_rho0.3_independent-positive_seed7.pcf: ok (9 rows)
[2439/4800] out_n50000_rho0.3_independent-positive_seed8.pcf: ok (9 rows)
[2440/4800] out_n50000_rho0.3_independent-positive_seed9.pcf: ok (9 rows)
[2441/4800] out_n50000_rho0.3_independent-signed_seed0.pcf: ok (9 rows)
[2442/4800] out_n50000_rho0.3_independent-signed_seed1.pcf: ok (9 rows)
[2443/4800] out_n50000_rho0.3_independent-signed_seed2.pcf: ok (9 rows)
[2444/4800] out_n50000_rho0.3_independent-signed_seed3.pcf: ok (9 rows)
[2445/4800] out_n50000_rho0.3_independent-signed_seed4.pcf: ok (9 rows)
[2446/4800] out_n50000_rho0.3_independent-signed_seed5.pcf: ok (9 rows)
[2447/4800] out_n50000_rho0.3_independent-signed_seed6.pcf: ok (9 rows)
[2448/4800] out_n50000_rho0.3_independent-signed_seed7.pcf: ok (9 rows)
[2449/4800] out_n50000_rho0.3_independent-signed_seed8.pcf: ok (9 rows)
[2450/4800] out_n50000_rho0.3_independent-signed_seed9.pcf: ok (9 rows)
[2451/4800] out_n50000_rho0.3_near-ties_seed0.pcf: ok (9 rows)
[2452/4800] out_n50000_rho0.3_near-ties_seed1.pcf: ok (9 rows)
[2453/4800] out_n50000_rho0.3_near-ties_seed2.pcf: ok (9 rows)
[2454/4800] out_n50000_rho0.3_near-ties_seed3.pcf: ok (9 rows)
[2455/4800] out_n50000_rho0.3_near-ties_seed4.pcf: ok (9 rows)
[2456/4800] out_n50000_rho0.3_near-ties_seed5.pcf: ok (9 rows)
[2457/4800] out_n50000_rho0.3_near-ties_seed6.pcf: ok (9 rows)
[2458/4800] out_n50000_rho0.3_near-ties_seed7.pcf: ok (9 rows)
[2459/4800] out_n50000_rho0.3_near-ties_seed8.pcf: ok (9 rows)
[2460/4800] out_n50000_rho0.3_near-ties_seed9.pcf: ok (9 rows)
[2461/4800] out_n50000_rho0.6_anti-correlated_seed0.pcf: ok (9 rows)
[2462/4800] out_n50000_rho0.6_anti-correlated_seed1.pcf: ok (9 rows)
[2463/4800] out_n50000_rho0.6_anti-correlated_seed2.pcf: ok (9 rows)
[2464/4800] out_n50000_rho0.6_anti-correlated_seed3.pcf: ok (9 rows)
[2465/4800] out_n50000_rho0.6_anti-correlated_seed4.pcf: ok (9 rows)
[2466/4800] out_n50000_rho0.6_anti-correlated_seed5.pcf: ok (9 rows)
[2467/4800] out_n50000_rho0.6_anti-correlated_seed6.pcf: ok (9 rows)
[2468/4800] out_n50000_rho0.6_anti-correlated_seed7.pcf: ok (9 rows)
[2469/4800] out_n50000_rho0.6_anti-correlated_seed8.pcf: ok (9 rows)
[2470/4800] out_n50000_rho0.6_anti-correlated_seed9.pcf: ok (9 rows)
[2471/4800] out_n50000_rho0.6_correlated_seed0.pcf: ok (9 rows)
[2472/4800] out_n50000_rho0.6_correlated_seed1.pcf: ok (9 rows)
[2473/4800] out_n50000_rho0.6_correlated_seed2.pcf: ok (9 rows)
[2474/4800] out_n50000_rho0.6_correlated_seed3.pcf: ok (9 rows)
[2475/4800] out_n50000_rho0.6_correlated_seed4.pcf: ok (9 rows)
[2476/4800] out_n50000_rho0.6_correlated_seed5.pcf: ok (9 rows)
[2477/4800] out_n50000_rho0.6_correlated_seed6.pcf: ok (9 rows)
[2478/4800] out_n50000_rho0.6_correlated_seed7.pcf: ok (9 rows)
[2479/4800] out_n50000_rho0.6_correlated_seed8.pcf: ok (9 rows)
[2480/4800] out_n50000_rho0.6_correlated_seed9.pcf: ok (9 rows)
[2481/4800] out_n50000_rho0.6_exact-ties_seed0.pcf: ok (9 rows)
[2482/4800] out_n50000_rho0.6_exact-ties_seed1.pcf: ok (9 rows)
[2483/4800] out_n50000_rho0.6_exact-ties_seed2.pcf: ok (9 rows)
[2484/4800] out_n50000_rho0.6_exact-ties_seed3.pcf: ok (9 rows)
[2485/4800] out_n50000_rho0.6_exact-ties_seed4.pcf: ok (9 rows)
[2486/4800] out_n50000_rho0.6_exact-ties_seed5.pcf: ok (9 rows)
[2487/4800] out_n50000_rho0.6_exact-ties_seed6.pcf: ok (9 rows)
[2488/4800] out_n50000_rho0.6_exact-ties_seed7.pcf: ok (9 rows)
[2489/4800] out_n50000_rho0.6_exact-ties_seed8.pcf: ok (9 rows)
[2490/4800] out_n50000_rho0.6_exact-ties_seed9.pcf: ok (9 rows)
[2491/4800] out_n50000_rho0.6_independent-positive_seed0.pcf: ok (9 rows)
[2492/4800] out_n50000_rho0.6_independent-positive_seed1.pcf: ok (9 rows)
[2493/4800] out_n50000_rho0.6_independent-positive_seed2.pcf: ok (9 rows)
[2494/4800] out_n50000_rho0.6_independent-positive_seed3.pcf: ok (9 rows)
[2495/4800] out_n50000_rho0.6_independent-positive_seed4.pcf: ok (9 rows)
[2496/4800] out_n50000_rho0.6_independent-positive_seed5.pcf: ok (9 rows)
[2497/4800] out_n50000_rho0.6_independent-positive_seed6.pcf: ok (9 rows)
[2498/4800] out_n50000_rho0.6_independent-positive_seed7.pcf: ok (9 rows)
[2499/4800] out_n50000_rho0.6_independent-positive_seed8.pcf: ok (9 rows)
[2500/4800] out_n50000_rho0.6_independent-positive_seed9.pcf: ok (9 rows)
[2501/4800] out_n50000_rho0.6_independent-signed_seed0.pcf: ok (9 rows)
[2502/4800] out_n50000_rho0.6_independent-signed_seed1.pcf: ok (9 rows)
[2503/4800] out_n50000_rho0.6_independent-signed_seed2.pcf: ok (9 rows)
[2504/4800] out_n50000_rho0.6_independent-signed_seed3.pcf: ok (9 rows)
[2505/4800] out_n50000_rho0.6_independent-signed_seed4.pcf: ok (9 rows)
[2506/4800] out_n50000_rho0.6_independent-signed_seed5.pcf: ok (9 rows)
[2507/4800] out_n50000_rho0.6_independent-signed_seed6.pcf: ok (9 rows)
[2508/4800] out_n50000_rho0.6_independent-signed_seed7.pcf: ok (9 rows)
[2509/4800] out_n50000_rho0.6_independent-signed_seed8.pcf: ok (9 rows)
[2510/4800] out_n50000_rho0.6_independent-signed_seed9.pcf: ok (9 rows)
[2511/4800] out_n50000_rho0.6_near-ties_seed0.pcf: ok (9 rows)
[2512/4800] out_n50000_rho0.6_near-ties_seed1.pcf: ok (9 rows)
[2513/4800] out_n50000_rho0.6_near-ties_seed2.pcf: ok (9 rows)
[2514/4800] out_n50000_rho0.6_near-ties_seed3.pcf: ok (9 rows)
[2515/4800] out_n50000_rho0.6_near-ties_seed4.pcf: ok (9 rows)
[2516/4800] out_n50000_rho0.6_near-ties_seed5.pcf: ok (9 rows)
[2517/4800] out_n50000_rho0.6_near-ties_seed6.pcf: ok (9 rows)
[2518/4800] out_n50000_rho0.6_near-ties_seed7.pcf: ok (9 rows)
[2519/4800] out_n50000_rho0.6_near-ties_seed8.pcf: ok (9 rows)
[2520/4800] out_n50000_rho0.6_near-ties_seed9.pcf: ok (9 rows)
[2521/4800] out_n50000_rho0.9_anti-correlated_seed0.pcf: ok (9 rows)
[2522/4800] out_n50000_rho0.9_anti-correlated_seed1.pcf: ok (9 rows)
[2523/4800] out_n50000_rho0.9_anti-correlated_seed2.pcf: ok (9 rows)
[2524/4800] out_n50000_rho0.9_anti-correlated_seed3.pcf: ok (9 rows)
[2525/4800] out_n50000_rho0.9_anti-correlated_seed4.pcf: ok (9 rows)
[2526/4800] out_n50000_rho0.9_anti-correlated_seed5.pcf: ok (9 rows)
[2527/4800] out_n50000_rho0.9_anti-correlated_seed6.pcf: ok (9 rows)
[2528/4800] out_n50000_rho0.9_anti-correlated_seed7.pcf: ok (9 rows)
[2529/4800] out_n50000_rho0.9_anti-correlated_seed8.pcf: ok (9 rows)
[2530/4800] out_n50000_rho0.9_anti-correlated_seed9.pcf: ok (9 rows)
[2531/4800] out_n50000_rho0.9_correlated_seed0.pcf: ok (9 rows)
[2532/4800] out_n50000_rho0.9_correlated_seed1.pcf: ok (9 rows)
[2533/4800] out_n50000_rho0.9_correlated_seed2.pcf: ok (9 rows)
[2534/4800] out_n50000_rho0.9_correlated_seed3.pcf: ok (9 rows)
[2535/4800] out_n50000_rho0.9_correlated_seed4.pcf: ok (9 rows)
[2536/4800] out_n50000_rho0.9_correlated_seed5.pcf: ok (9 rows)
[2537/4800] out_n50000_rho0.9_correlated_seed6.pcf: ok (9 rows)
[2538/4800] out_n50000_rho0.9_correlated_seed7.pcf: ok (9 rows)
[2539/4800] out_n50000_rho0.9_correlated_seed8.pcf: ok (9 rows)
[2540/4800] out_n50000_rho0.9_correlated_seed9.pcf: ok (9 rows)
[2541/4800] out_n50000_rho0.9_exact-ties_seed0.pcf: ok (9 rows)
[2542/4800] out_n50000_rho0.9_exact-ties_seed1.pcf: ok (9 rows)
[2543/4800] out_n50000_rho0.9_exact-ties_seed2.pcf: ok (9 rows)
[2544/4800] out_n50000_rho0.9_exact-ties_seed3.pcf: ok (9 rows)
[2545/4800] out_n50000_rho0.9_exact-ties_seed4.pcf: ok (9 rows)
[2546/4800] out_n50000_rho0.9_exact-ties_seed5.pcf: ok (9 rows)
[2547/4800] out_n50000_rho0.9_exact-ties_seed6.pcf: ok (9 rows)
[2548/4800] out_n50000_rho0.9_exact-ties_seed7.pcf: ok (9 rows)
[2549/4800] out_n50000_rho0.9_exact-ties_seed8.pcf: ok (9 rows)
[2550/4800] out_n50000_rho0.9_exact-ties_seed9.pcf: ok (9 rows)
[2551/4800] out_n50000_rho0.9_independent-positive_seed0.pcf: ok (9 rows)
[2552/4800] out_n50000_rho0.9_independent-positive_seed1.pcf: ok (9 rows)
[2553/4800] out_n50000_rho0.9_independent-positive_seed2.pcf: ok (9 rows)
[2554/4800] out_n50000_rho0.9_independent-positive_seed3.pcf: ok (9 rows)
[2555/4800] out_n50000_rho0.9_independent-positive_seed4.pcf: ok (9 rows)
[2556/4800] out_n50000_rho0.9_independent-positive_seed5.pcf: ok (9 rows)
[2557/4800] out_n50000_rho0.9_independent-positive_seed6.pcf: ok (9 rows)
[2558/4800] out_n50000_rho0.9_independent-positive_seed7.pcf: ok (9 rows)
[2559/4800] out_n50000_rho0.9_independent-positive_seed8.pcf: ok (9 rows)
[2560/4800] out_n50000_rho0.9_independent-positive_seed9.pcf: ok (9 rows)
[2561/4800] out_n50000_rho0.9_independent-signed_seed0.pcf: ok (9 rows)
[2562/4800] out_n50000_rho0.9_independent-signed_seed1.pcf: ok (9 rows)
[2563/4800] out_n50000_rho0.9_independent-signed_seed2.pcf: ok (9 rows)
[2564/4800] out_n50000_rho0.9_independent-signed_seed3.pcf: ok (9 rows)
[2565/4800] out_n50000_rho0.9_independent-signed_seed4.pcf: ok (9 rows)
[2566/4800] out_n50000_rho0.9_independent-signed_seed5.pcf: ok (9 rows)
[2567/4800] out_n50000_rho0.9_independent-signed_seed6.pcf: ok (9 rows)
[2568/4800] out_n50000_rho0.9_independent-signed_seed7.pcf: ok (9 rows)
[2569/4800] out_n50000_rho0.9_independent-signed_seed8.pcf: ok (9 rows)
[2570/4800] out_n50000_rho0.9_independent-signed_seed9.pcf: ok (9 rows)
[2571/4800] out_n50000_rho0.9_near-ties_seed0.pcf: ok (9 rows)
[2572/4800] out_n50000_rho0.9_near-ties_seed1.pcf: ok (9 rows)
[2573/4800] out_n50000_rho0.9_near-ties_seed2.pcf: ok (9 rows)
[2574/4800] out_n50000_rho0.9_near-ties_seed3.pcf: ok (9 rows)
[2575/4800] out_n50000_rho0.9_near-ties_seed4.pcf: ok (9 rows)
[2576/4800] out_n50000_rho0.9_near-ties_seed5.pcf: ok (9 rows)
[2577/4800] out_n50000_rho0.9_near-ties_seed6.pcf: ok (9 rows)
[2578/4800] out_n50000_rho0.9_near-ties_seed7.pcf: ok (9 rows)
[2579/4800] out_n50000_rho0.9_near-ties_seed8.pcf: ok (9 rows)
[2580/4800] out_n50000_rho0.9_near-ties_seed9.pcf: ok (9 rows)
[2581/4800] out_n50000_rho1.0_anti-correlated_seed0.pcf: ok (9 rows)
[2582/4800] out_n50000_rho1.0_anti-correlated_seed1.pcf: ok (9 rows)
[2583/4800] out_n50000_rho1.0_anti-correlated_seed2.pcf: ok (9 rows)
[2584/4800] out_n50000_rho1.0_anti-correlated_seed3.pcf: ok (9 rows)
[2585/4800] out_n50000_rho1.0_anti-correlated_seed4.pcf: ok (9 rows)
[2586/4800] out_n50000_rho1.0_anti-correlated_seed5.pcf: ok (9 rows)
[2587/4800] out_n50000_rho1.0_anti-correlated_seed6.pcf: ok (9 rows)
[2588/4800] out_n50000_rho1.0_anti-correlated_seed7.pcf: ok (9 rows)
[2589/4800] out_n50000_rho1.0_anti-correlated_seed8.pcf: ok (9 rows)
[2590/4800] out_n50000_rho1.0_anti-correlated_seed9.pcf: ok (9 rows)
[2591/4800] out_n50000_rho1.0_correlated_seed0.pcf: ok (9 rows)
[2592/4800] out_n50000_rho1.0_correlated_seed1.pcf: ok (9 rows)
[2593/4800] out_n50000_rho1.0_correlated_seed2.pcf: ok (9 rows)
[2594/4800] out_n50000_rho1.0_correlated_seed3.pcf: ok (9 rows)
[2595/4800] out_n50000_rho1.0_correlated_seed4.pcf: ok (9 rows)
[2596/4800] out_n50000_rho1.0_correlated_seed5.pcf: ok (9 rows)
[2597/4800] out_n50000_rho1.0_correlated_seed6.pcf: ok (9 rows)
[2598/4800] out_n50000_rho1.0_correlated_seed7.pcf: ok (9 rows)
[2599/4800] out_n50000_rho1.0_correlated_seed8.pcf: ok (9 rows)
[2600/4800] out_n50000_rho1.0_correlated_seed9.pcf: ok (9 rows)
[2601/4800] out_n50000_rho1.0_exact-ties_seed0.pcf: ok (9 rows)
[2602/4800] out_n50000_rho1.0_exact-ties_seed1.pcf: ok (9 rows)
[2603/4800] out_n50000_rho1.0_exact-ties_seed2.pcf: ok (9 rows)
[2604/4800] out_n50000_rho1.0_exact-ties_seed3.pcf: ok (9 rows)
[2605/4800] out_n50000_rho1.0_exact-ties_seed4.pcf: ok (9 rows)
[2606/4800] out_n50000_rho1.0_exact-ties_seed5.pcf: ok (9 rows)
[2607/4800] out_n50000_rho1.0_exact-ties_seed6.pcf: ok (9 rows)
[2608/4800] out_n50000_rho1.0_exact-ties_seed7.pcf: ok (9 rows)
[2609/4800] out_n50000_rho1.0_exact-ties_seed8.pcf: ok (9 rows)
[2610/4800] out_n50000_rho1.0_exact-ties_seed9.pcf: ok (9 rows)
[2611/4800] out_n50000_rho1.0_independent-positive_seed0.pcf: ok (9 rows)
[2612/4800] out_n50000_rho1.0_independent-positive_seed1.pcf: ok (9 rows)
[2613/4800] out_n50000_rho1.0_independent-positive_seed2.pcf: ok (9 rows)
[2614/4800] out_n50000_rho1.0_independent-positive_seed3.pcf: ok (9 rows)
[2615/4800] out_n50000_rho1.0_independent-positive_seed4.pcf: ok (9 rows)
[2616/4800] out_n50000_rho1.0_independent-positive_seed5.pcf: ok (9 rows)
[2617/4800] out_n50000_rho1.0_independent-positive_seed6.pcf: ok (9 rows)
[2618/4800] out_n50000_rho1.0_independent-positive_seed7.pcf: ok (9 rows)
[2619/4800] out_n50000_rho1.0_independent-positive_seed8.pcf: ok (9 rows)
[2620/4800] out_n50000_rho1.0_independent-positive_seed9.pcf: ok (9 rows)
[2621/4800] out_n50000_rho1.0_independent-signed_seed0.pcf: ok (9 rows)
[2622/4800] out_n50000_rho1.0_independent-signed_seed1.pcf: ok (9 rows)
[2623/4800] out_n50000_rho1.0_independent-signed_seed2.pcf: ok (9 rows)
[2624/4800] out_n50000_rho1.0_independent-signed_seed3.pcf: ok (9 rows)
[2625/4800] out_n50000_rho1.0_independent-signed_seed4.pcf: ok (9 rows)
[2626/4800] out_n50000_rho1.0_independent-signed_seed5.pcf: ok (9 rows)
[2627/4800] out_n50000_rho1.0_independent-signed_seed6.pcf: ok (9 rows)
[2628/4800] out_n50000_rho1.0_independent-signed_seed7.pcf: ok (9 rows)
[2629/4800] out_n50000_rho1.0_independent-signed_seed8.pcf: ok (9 rows)
[2630/4800] out_n50000_rho1.0_independent-signed_seed9.pcf: ok (9 rows)
[2631/4800] out_n50000_rho1.0_near-ties_seed0.pcf: ok (9 rows)
[2632/4800] out_n50000_rho1.0_near-ties_seed1.pcf: ok (9 rows)
[2633/4800] out_n50000_rho1.0_near-ties_seed2.pcf: ok (9 rows)
[2634/4800] out_n50000_rho1.0_near-ties_seed3.pcf: ok (9 rows)
[2635/4800] out_n50000_rho1.0_near-ties_seed4.pcf: ok (9 rows)
[2636/4800] out_n50000_rho1.0_near-ties_seed5.pcf: ok (9 rows)
[2637/4800] out_n50000_rho1.0_near-ties_seed6.pcf: ok (9 rows)
[2638/4800] out_n50000_rho1.0_near-ties_seed7.pcf: ok (9 rows)
[2639/4800] out_n50000_rho1.0_near-ties_seed8.pcf: ok (9 rows)
[2640/4800] out_n50000_rho1.0_near-ties_seed9.pcf: ok (9 rows)
[2641/4800] out_n500_rho0.3_anti-correlated_seed0.pcf: ok (9 rows)
[2642/4800] out_n500_rho0.3_anti-correlated_seed1.pcf: ok (9 rows)
[2643/4800] out_n500_rho0.3_anti-correlated_seed2.pcf: ok (9 rows)
[2644/4800] out_n500_rho0.3_anti-correlated_seed3.pcf: ok (9 rows)
[2645/4800] out_n500_rho0.3_anti-correlated_seed4.pcf: ok (9 rows)
[2646/4800] out_n500_rho0.3_anti-correlated_seed5.pcf: ok (9 rows)
[2647/4800] out_n500_rho0.3_anti-correlated_seed6.pcf: ok (9 rows)
[2648/4800] out_n500_rho0.3_anti-correlated_seed7.pcf: ok (9 rows)
[2649/4800] out_n500_rho0.3_anti-correlated_seed8.pcf: ok (9 rows)
[2650/4800] out_n500_rho0.3_anti-correlated_seed9.pcf: ok (9 rows)
[2651/4800] out_n500_rho0.3_correlated_seed0.pcf: ok (9 rows)
[2652/4800] out_n500_rho0.3_correlated_seed1.pcf: ok (9 rows)
[2653/4800] out_n500_rho0.3_correlated_seed2.pcf: ok (9 rows)
[2654/4800] out_n500_rho0.3_correlated_seed3.pcf: ok (9 rows)
[2655/4800] out_n500_rho0.3_correlated_seed4.pcf: ok (9 rows)
[2656/4800] out_n500_rho0.3_correlated_seed5.pcf: ok (9 rows)
[2657/4800] out_n500_rho0.3_correlated_seed6.pcf: ok (9 rows)
[2658/4800] out_n500_rho0.3_correlated_seed7.pcf: ok (9 rows)
[2659/4800] out_n500_rho0.3_correlated_seed8.pcf: ok (9 rows)
[2660/4800] out_n500_rho0.3_correlated_seed9.pcf: ok (9 rows)
[2661/4800] out_n500_rho0.3_exact-ties_seed0.pcf: ok (9 rows)
[2662/4800] out_n500_rho0.3_exact-ties_seed1.pcf: ok (9 rows)
[2663/4800] out_n500_rho0.3_exact-ties_seed2.pcf: ok (9 rows)
[2664/4800] out_n500_rho0.3_exact-ties_seed3.pcf: ok (9 rows)
[2665/4800] out_n500_rho0.3_exact-ties_seed4.pcf: ok (9 rows)
[2666/4800] out_n500_rho0.3_exact-ties_seed5.pcf: ok (9 rows)
[2667/4800] out_n500_rho0.3_exact-ties_seed6.pcf: ok (9 rows)
[2668/4800] out_n500_rho0.3_exact-ties_seed7.pcf: ok (9 rows)
[2669/4800] out_n500_rho0.3_exact-ties_seed8.pcf: ok (9 rows)
[2670/4800] out_n500_rho0.3_exact-ties_seed9.pcf: ok (9 rows)
[2671/4800] out_n500_rho0.3_independent-positive_seed0.pcf: ok (9 rows)
[2672/4800] out_n500_rho0.3_independent-positive_seed1.pcf: ok (9 rows)
[2673/4800] out_n500_rho0.3_independent-positive_seed2.pcf: ok (9 rows)
[2674/4800] out_n500_rho0.3_independent-positive_seed3.pcf: ok (9 rows)
[2675/4800] out_n500_rho0.3_independent-positive_seed4.pcf: ok (9 rows)
[2676/4800] out_n500_rho0.3_independent-positive_seed5.pcf: ok (9 rows)
[2677/4800] out_n500_rho0.3_independent-positive_seed6.pcf: ok (9 rows)
[2678/4800] out_n500_rho0.3_independent-positive_seed7.pcf: ok (9 rows)
[2679/4800] out_n500_rho0.3_independent-positive_seed8.pcf: ok (9 rows)
[2680/4800] out_n500_rho0.3_independent-positive_seed9.pcf: ok (9 rows)
[2681/4800] out_n500_rho0.3_independent-signed_seed0.pcf: ok (9 rows)
[2682/4800] out_n500_rho0.3_independent-signed_seed1.pcf: ok (9 rows)
[2683/4800] out_n500_rho0.3_independent-signed_seed2.pcf: ok (9 rows)
[2684/4800] out_n500_rho0.3_independent-signed_seed3.pcf: ok (9 rows)
[2685/4800] out_n500_rho0.3_independent-signed_seed4.pcf: ok (9 rows)
[2686/4800] out_n500_rho0.3_independent-signed_seed5.pcf: ok (9 rows)
[2687/4800] out_n500_rho0.3_independent-signed_seed6.pcf: ok (9 rows)
[2688/4800] out_n500_rho0.3_independent-signed_seed7.pcf: ok (9 rows)
[2689/4800] out_n500_rho0.3_independent-signed_seed8.pcf: ok (9 rows)
[2690/4800] out_n500_rho0.3_independent-signed_seed9.pcf: ok (9 rows)
[2691/4800] out_n500_rho0.3_near-ties_seed0.pcf: ok (9 rows)
[2692/4800] out_n500_rho0.3_near-ties_seed1.pcf: ok (9 rows)
[2693/4800] out_n500_rho0.3_near-ties_seed2.pcf: ok (9 rows)
[2694/4800] out_n500_rho0.3_near-ties_seed3.pcf: ok (9 rows)
[2695/4800] out_n500_rho0.3_near-ties_seed4.pcf: ok (9 rows)
[2696/4800] out_n500_rho0.3_near-ties_seed5.pcf: ok (9 rows)
[2697/4800] out_n500_rho0.3_near-ties_seed6.pcf: ok (9 rows)
[2698/4800] out_n500_rho0.3_near-ties_seed7.pcf: ok (9 rows)
[2699/4800] out_n500_rho0.3_near-ties_seed8.pcf: ok (9 rows)
[2700/4800] out_n500_rho0.3_near-ties_seed9.pcf: ok (9 rows)
[2701/4800] out_n500_rho0.6_anti-correlated_seed0.pcf: ok (9 rows)
[2702/4800] out_n500_rho0.6_anti-correlated_seed1.pcf: ok (9 rows)
[2703/4800] out_n500_rho0.6_anti-correlated_seed2.pcf: ok (9 rows)
[2704/4800] out_n500_rho0.6_anti-correlated_seed3.pcf: ok (9 rows)
[2705/4800] out_n500_rho0.6_anti-correlated_seed4.pcf: ok (9 rows)
[2706/4800] out_n500_rho0.6_anti-correlated_seed5.pcf: ok (9 rows)
[2707/4800] out_n500_rho0.6_anti-correlated_seed6.pcf: ok (9 rows)
[2708/4800] out_n500_rho0.6_anti-correlated_seed7.pcf: ok (9 rows)
[2709/4800] out_n500_rho0.6_anti-correlated_seed8.pcf: ok (9 rows)
[2710/4800] out_n500_rho0.6_anti-correlated_seed9.pcf: ok (9 rows)
[2711/4800] out_n500_rho0.6_correlated_seed0.pcf: ok (9 rows)
[2712/4800] out_n500_rho0.6_correlated_seed1.pcf: ok (9 rows)
[2713/4800] out_n500_rho0.6_correlated_seed2.pcf: ok (9 rows)
[2714/4800] out_n500_rho0.6_correlated_seed3.pcf: ok (9 rows)
[2715/4800] out_n500_rho0.6_correlated_seed4.pcf: ok (9 rows)
[2716/4800] out_n500_rho0.6_correlated_seed5.pcf: ok (9 rows)
[2717/4800] out_n500_rho0.6_correlated_seed6.pcf: ok (9 rows)
[2718/4800] out_n500_rho0.6_correlated_seed7.pcf: ok (9 rows)
[2719/4800] out_n500_rho0.6_correlated_seed8.pcf: ok (9 rows)
[2720/4800] out_n500_rho0.6_correlated_seed9.pcf: ok (9 rows)
[2721/4800] out_n500_rho0.6_exact-ties_seed0.pcf: ok (9 rows)
[2722/4800] out_n500_rho0.6_exact-ties_seed1.pcf: ok (9 rows)
[2723/4800] out_n500_rho0.6_exact-ties_seed2.pcf: ok (9 rows)
[2724/4800] out_n500_rho0.6_exact-ties_seed3.pcf: ok (9 rows)
[2725/4800] out_n500_rho0.6_exact-ties_seed4.pcf: ok (9 rows)
[2726/4800] out_n500_rho0.6_exact-ties_seed5.pcf: ok (9 rows)
[2727/4800] out_n500_rho0.6_exact-ties_seed6.pcf: ok (9 rows)
[2728/4800] out_n500_rho0.6_exact-ties_seed7.pcf: ok (9 rows)
[2729/4800] out_n500_rho0.6_exact-ties_seed8.pcf: ok (9 rows)
[2730/4800] out_n500_rho0.6_exact-ties_seed9.pcf: ok (9 rows)
[2731/4800] out_n500_rho0.6_independent-positive_seed0.pcf: ok (9 rows)
[2732/4800] out_n500_rho0.6_independent-positive_seed1.pcf: ok (9 rows)
[2733/4800] out_n500_rho0.6_independent-positive_seed2.pcf: ok (9 rows)
[2734/4800] out_n500_rho0.6_independent-positive_seed3.pcf: ok (9 rows)
[2735/4800] out_n500_rho0.6_independent-positive_seed4.pcf: ok (9 rows)
[2736/4800] out_n500_rho0.6_independent-positive_seed5.pcf: ok (9 rows)
[2737/4800] out_n500_rho0.6_independent-positive_seed6.pcf: ok (9 rows)
[2738/4800] out_n500_rho0.6_independent-positive_seed7.pcf: ok (9 rows)
[2739/4800] out_n500_rho0.6_independent-positive_seed8.pcf: ok (9 rows)
[2740/4800] out_n500_rho0.6_independent-positive_seed9.pcf: ok (9 rows)
[2741/4800] out_n500_rho0.6_independent-signed_seed0.pcf: ok (9 rows)
[2742/4800] out_n500_rho0.6_independent-signed_seed1.pcf: ok (9 rows)
[2743/4800] out_n500_rho0.6_independent-signed_seed2.pcf: ok (9 rows)
[2744/4800] out_n500_rho0.6_independent-signed_seed3.pcf: ok (9 rows)
[2745/4800] out_n500_rho0.6_independent-signed_seed4.pcf: ok (9 rows)
[2746/4800] out_n500_rho0.6_independent-signed_seed5.pcf: ok (9 rows)
[2747/4800] out_n500_rho0.6_independent-signed_seed6.pcf: ok (9 rows)
[2748/4800] out_n500_rho0.6_independent-signed_seed7.pcf: ok (9 rows)
[2749/4800] out_n500_rho0.6_independent-signed_seed8.pcf: ok (9 rows)
[2750/4800] out_n500_rho0.6_independent-signed_seed9.pcf: ok (9 rows)
[2751/4800] out_n500_rho0.6_near-ties_seed0.pcf: ok (9 rows)
[2752/4800] out_n500_rho0.6_near-ties_seed1.pcf: ok (9 rows)
[2753/4800] out_n500_rho0.6_near-ties_seed2.pcf: ok (9 rows)
[2754/4800] out_n500_rho0.6_near-ties_seed3.pcf: ok (9 rows)
[2755/4800] out_n500_rho0.6_near-ties_seed4.pcf: ok (9 rows)
[2756/4800] out_n500_rho0.6_near-ties_seed5.pcf: ok (9 rows)
[2757/4800] out_n500_rho0.6_near-ties_seed6.pcf: ok (9 rows)
[2758/4800] out_n500_rho0.6_near-ties_seed7.pcf: ok (9 rows)
[2759/4800] out_n500_rho0.6_near-ties_seed8.pcf: ok (9 rows)
[2760/4800] out_n500_rho0.6_near-ties_seed9.pcf: ok (9 rows)
[2761/4800] out_n500_rho0.9_anti-correlated_seed0.pcf: ok (9 rows)
[2762/4800] out_n500_rho0.9_anti-correlated_seed1.pcf: ok (9 rows)
[2763/4800] out_n500_rho0.9_anti-correlated_seed2.pcf: ok (9 rows)
[2764/4800] out_n500_rho0.9_anti-correlated_seed3.pcf: ok (9 rows)
[2765/4800] out_n500_rho0.9_anti-correlated_seed4.pcf: ok (9 rows)
[2766/4800] out_n500_rho0.9_anti-correlated_seed5.pcf: ok (9 rows)
[2767/4800] out_n500_rho0.9_anti-correlated_seed6.pcf: ok (9 rows)
[2768/4800] out_n500_rho0.9_anti-correlated_seed7.pcf: ok (9 rows)
[2769/4800] out_n500_rho0.9_anti-correlated_seed8.pcf: ok (9 rows)
[2770/4800] out_n500_rho0.9_anti-correlated_seed9.pcf: ok (9 rows)
[2771/4800] out_n500_rho0.9_correlated_seed0.pcf: ok (9 rows)
[2772/4800] out_n500_rho0.9_correlated_seed1.pcf: ok (9 rows)
[2773/4800] out_n500_rho0.9_correlated_seed2.pcf: ok (9 rows)
[2774/4800] out_n500_rho0.9_correlated_seed3.pcf: ok (9 rows)
[2775/4800] out_n500_rho0.9_correlated_seed4.pcf: ok (9 rows)
[2776/4800] out_n500_rho0.9_correlated_seed5.pcf: ok (9 rows)
[2777/4800] out_n500_rho0.9_correlated_seed6.pcf: ok (9 rows)
[2778/4800] out_n500_rho0.9_correlated_seed7.pcf: ok (9 rows)
[2779/4800] out_n500_rho0.9_correlated_seed8.pcf: ok (9 rows)
[2780/4800] out_n500_rho0.9_correlated_seed9.pcf: ok (9 rows)
[2781/4800] out_n500_rho0.9_exact-ties_seed0.pcf: ok (9 rows)
[2782/4800] out_n500_rho0.9_exact-ties_seed1.pcf: ok (9 rows)
[2783/4800] out_n500_rho0.9_exact-ties_seed2.pcf: ok (9 rows)
[2784/4800] out_n500_rho0.9_exact-ties_seed3.pcf: ok (9 rows)
[2785/4800] out_n500_rho0.9_exact-ties_seed4.pcf: ok (9 rows)
[2786/4800] out_n500_rho0.9_exact-ties_seed5.pcf: ok (9 rows)
[2787/4800] out_n500_rho0.9_exact-ties_seed6.pcf: ok (9 rows)
[2788/4800] out_n500_rho0.9_exact-ties_seed7.pcf: ok (9 rows)
[2789/4800] out_n500_rho0.9_exact-ties_seed8.pcf: ok (9 rows)
[2790/4800] out_n500_rho0.9_exact-ties_seed9.pcf: ok (9 rows)
[2791/4800] out_n500_rho0.9_independent-positive_seed0.pcf: ok (9 rows)
[2792/4800] out_n500_rho0.9_independent-positive_seed1.pcf: ok (9 rows)
[2793/4800] out_n500_rho0.9_independent-positive_seed2.pcf: ok (9 rows)
[2794/4800] out_n500_rho0.9_independent-positive_seed3.pcf: ok (9 rows)
[2795/4800] out_n500_rho0.9_independent-positive_seed4.pcf: ok (9 rows)
[2796/4800] out_n500_rho0.9_independent-positive_seed5.pcf: ok (9 rows)
[2797/4800] out_n500_rho0.9_independent-positive_seed6.pcf: ok (9 rows)
[2798/4800] out_n500_rho0.9_independent-positive_seed7.pcf: ok (9 rows)
[2799/4800] out_n500_rho0.9_independent-positive_seed8.pcf: ok (9 rows)
[2800/4800] out_n500_rho0.9_independent-positive_seed9.pcf: ok (9 rows)
[2801/4800] out_n500_rho0.9_independent-signed_seed0.pcf: ok (9 rows)
[2802/4800] out_n500_rho0.9_independent-signed_seed1.pcf: ok (9 rows)
[2803/4800] out_n500_rho0.9_independent-signed_seed2.pcf: ok (9 rows)
[2804/4800] out_n500_rho0.9_independent-signed_seed3.pcf: ok (9 rows)
[2805/4800] out_n500_rho0.9_independent-signed_seed4.pcf: ok (9 rows)
[2806/4800] out_n500_rho0.9_independent-signed_seed5.pcf: ok (9 rows)
[2807/4800] out_n500_rho0.9_independent-signed_seed6.pcf: ok (9 rows)
[2808/4800] out_n500_rho0.9_independent-signed_seed7.pcf: ok (9 rows)
[2809/4800] out_n500_rho0.9_independent-signed_seed8.pcf: ok (9 rows)
[2810/4800] out_n500_rho0.9_independent-signed_seed9.pcf: ok (9 rows)
[2811/4800] out_n500_rho0.9_near-ties_seed0.pcf: ok (9 rows)
[2812/4800] out_n500_rho0.9_near-ties_seed1.pcf: ok (9 rows)
[2813/4800] out_n500_rho0.9_near-ties_seed2.pcf: ok (9 rows)
[2814/4800] out_n500_rho0.9_near-ties_seed3.pcf: ok (9 rows)
[2815/4800] out_n500_rho0.9_near-ties_seed4.pcf: ok (9 rows)
[2816/4800] out_n500_rho0.9_near-ties_seed5.pcf: ok (9 rows)
[2817/4800] out_n500_rho0.9_near-ties_seed6.pcf: ok (9 rows)
[2818/4800] out_n500_rho0.9_near-ties_seed7.pcf: ok (9 rows)
[2819/4800] out_n500_rho0.9_near-ties_seed8.pcf: ok (9 rows)
[2820/4800] out_n500_rho0.9_near-ties_seed9.pcf: ok (9 rows)
[2821/4800] out_n500_rho1.0_anti-correlated_seed0.pcf: ok (9 rows)
[2822/4800] out_n500_rho1.0_anti-correlated_seed1.pcf: ok (9 rows)
[2823/4800] out_n500_rho1.0_anti-correlated_seed2.pcf: ok (9 rows)
[2824/4800] out_n500_rho1.0_anti-correlated_seed3.pcf: ok (9 rows)
[2825/4800] out_n500_rho1.0_anti-correlated_seed4.pcf: ok (9 rows)
[2826/4800] out_n500_rho1.0_anti-correlated_seed5.pcf: ok (9 rows)
[2827/4800] out_n500_rho1.0_anti-correlated_seed6.pcf: ok (9 rows)
[2828/4800] out_n500_rho1.0_anti-correlated_seed7.pcf: ok (9 rows)
[2829/4800] out_n500_rho1.0_anti-correlated_seed8.pcf: ok (9 rows)
[2830/4800] out_n500_rho1.0_anti-correlated_seed9.pcf: ok (9 rows)
[2831/4800] out_n500_rho1.0_correlated_seed0.pcf: ok (9 rows)
[2832/4800] out_n500_rho1.0_correlated_seed1.pcf: ok (9 rows)
[2833/4800] out_n500_rho1.0_correlated_seed2.pcf: ok (9 rows)
[2834/4800] out_n500_rho1.0_correlated_seed3.pcf: ok (9 rows)
[2835/4800] out_n500_rho1.0_correlated_seed4.pcf: ok (9 rows)
[2836/4800] out_n500_rho1.0_correlated_seed5.pcf: ok (9 rows)
[2837/4800] out_n500_rho1.0_correlated_seed6.pcf: ok (9 rows)
[2838/4800] out_n500_rho1.0_correlated_seed7.pcf: ok (9 rows)
[2839/4800] out_n500_rho1.0_correlated_seed8.pcf: ok (9 rows)
[2840/4800] out_n500_rho1.0_correlated_seed9.pcf: ok (9 rows)
[2841/4800] out_n500_rho1.0_exact-ties_seed0.pcf: ok (9 rows)
[2842/4800] out_n500_rho1.0_exact-ties_seed1.pcf: ok (9 rows)
[2843/4800] out_n500_rho1.0_exact-ties_seed2.pcf: ok (9 rows)
[2844/4800] out_n500_rho1.0_exact-ties_seed3.pcf: ok (9 rows)
[2845/4800] out_n500_rho1.0_exact-ties_seed4.pcf: ok (9 rows)
[2846/4800] out_n500_rho1.0_exact-ties_seed5.pcf: ok (9 rows)
[2847/4800] out_n500_rho1.0_exact-ties_seed6.pcf: ok (9 rows)
[2848/4800] out_n500_rho1.0_exact-ties_seed7.pcf: ok (9 rows)
[2849/4800] out_n500_rho1.0_exact-ties_seed8.pcf: ok (9 rows)
[2850/4800] out_n500_rho1.0_exact-ties_seed9.pcf: ok (9 rows)
[2851/4800] out_n500_rho1.0_independent-positive_seed0.pcf: ok (9 rows)
[2852/4800] out_n500_rho1.0_independent-positive_seed1.pcf: ok (9 rows)
[2853/4800] out_n500_rho1.0_independent-positive_seed2.pcf: ok (9 rows)
[2854/4800] out_n500_rho1.0_independent-positive_seed3.pcf: ok (9 rows)
[2855/4800] out_n500_rho1.0_independent-positive_seed4.pcf: ok (9 rows)
[2856/4800] out_n500_rho1.0_independent-positive_seed5.pcf: ok (9 rows)
[2857/4800] out_n500_rho1.0_independent-positive_seed6.pcf: ok (9 rows)
[2858/4800] out_n500_rho1.0_independent-positive_seed7.pcf: ok (9 rows)
[2859/4800] out_n500_rho1.0_independent-positive_seed8.pcf: ok (9 rows)
[2860/4800] out_n500_rho1.0_independent-positive_seed9.pcf: ok (9 rows)
[2861/4800] out_n500_rho1.0_independent-signed_seed0.pcf: ok (9 rows)
[2862/4800] out_n500_rho1.0_independent-signed_seed1.pcf: ok (9 rows)
[2863/4800] out_n500_rho1.0_independent-signed_seed2.pcf: ok (9 rows)
[2864/4800] out_n500_rho1.0_independent-signed_seed3.pcf: ok (9 rows)
[2865/4800] out_n500_rho1.0_independent-signed_seed4.pcf: ok (9 rows)
[2866/4800] out_n500_rho1.0_independent-signed_seed5.pcf: ok (9 rows)
[2867/4800] out_n500_rho1.0_independent-signed_seed6.pcf: ok (9 rows)
[2868/4800] out_n500_rho1.0_independent-signed_seed7.pcf: ok (9 rows)
[2869/4800] out_n500_rho1.0_independent-signed_seed8.pcf: ok (9 rows)
[2870/4800] out_n500_rho1.0_independent-signed_seed9.pcf: ok (9 rows)
[2871/4800] out_n500_rho1.0_near-ties_seed0.pcf: ok (9 rows)
[2872/4800] out_n500_rho1.0_near-ties_seed1.pcf: ok (9 rows)
[2873/4800] out_n500_rho1.0_near-ties_seed2.pcf: ok (9 rows)
[2874/4800] out_n500_rho1.0_near-ties_seed3.pcf: ok (9 rows)
[2875/4800] out_n500_rho1.0_near-ties_seed4.pcf: ok (9 rows)
[2876/4800] out_n500_rho1.0_near-ties_seed5.pcf: ok (9 rows)
[2877/4800] out_n500_rho1.0_near-ties_seed6.pcf: ok (9 rows)
[2878/4800] out_n500_rho1.0_near-ties_seed7.pcf: ok (9 rows)
[2879/4800] out_n500_rho1.0_near-ties_seed8.pcf: ok (9 rows)
[2880/4800] out_n500_rho1.0_near-ties_seed9.pcf: ok (9 rows)
[2881/4800] out_n60000_rho0.3_anti-correlated_seed0.pcf: ok (9 rows)
[2882/4800] out_n60000_rho0.3_anti-correlated_seed1.pcf: ok (9 rows)
[2883/4800] out_n60000_rho0.3_anti-correlated_seed2.pcf: ok (9 rows)
[2884/4800] out_n60000_rho0.3_anti-correlated_seed3.pcf: ok (9 rows)
[2885/4800] out_n60000_rho0.3_anti-correlated_seed4.pcf: ok (9 rows)
[2886/4800] out_n60000_rho0.3_anti-correlated_seed5.pcf: ok (9 rows)
[2887/4800] out_n60000_rho0.3_anti-correlated_seed6.pcf: ok (9 rows)
[2888/4800] out_n60000_rho0.3_anti-correlated_seed7.pcf: ok (9 rows)
[2889/4800] out_n60000_rho0.3_anti-correlated_seed8.pcf: ok (9 rows)
[2890/4800] out_n60000_rho0.3_anti-correlated_seed9.pcf: ok (9 rows)
[2891/4800] out_n60000_rho0.3_correlated_seed0.pcf: ok (9 rows)
[2892/4800] out_n60000_rho0.3_correlated_seed1.pcf: ok (9 rows)
[2893/4800] out_n60000_rho0.3_correlated_seed2.pcf: ok (9 rows)
[2894/4800] out_n60000_rho0.3_correlated_seed3.pcf: ok (9 rows)
[2895/4800] out_n60000_rho0.3_correlated_seed4.pcf: ok (9 rows)
[2896/4800] out_n60000_rho0.3_correlated_seed5.pcf: ok (9 rows)
[2897/4800] out_n60000_rho0.3_correlated_seed6.pcf: ok (9 rows)
[2898/4800] out_n60000_rho0.3_correlated_seed7.pcf: ok (9 rows)
[2899/4800] out_n60000_rho0.3_correlated_seed8.pcf: ok (9 rows)
[2900/4800] out_n60000_rho0.3_correlated_seed9.pcf: ok (9 rows)
[2901/4800] out_n60000_rho0.3_exact-ties_seed0.pcf: ok (9 rows)
[2902/4800] out_n60000_rho0.3_exact-ties_seed1.pcf: ok (9 rows)
[2903/4800] out_n60000_rho0.3_exact-ties_seed2.pcf: ok (9 rows)
[2904/4800] out_n60000_rho0.3_exact-ties_seed3.pcf: ok (9 rows)
[2905/4800] out_n60000_rho0.3_exact-ties_seed4.pcf: ok (9 rows)
[2906/4800] out_n60000_rho0.3_exact-ties_seed5.pcf: ok (9 rows)
[2907/4800] out_n60000_rho0.3_exact-ties_seed6.pcf: ok (9 rows)
[2908/4800] out_n60000_rho0.3_exact-ties_seed7.pcf: ok (9 rows)
[2909/4800] out_n60000_rho0.3_exact-ties_seed8.pcf: ok (9 rows)
[2910/4800] out_n60000_rho0.3_exact-ties_seed9.pcf: ok (9 rows)
[2911/4800] out_n60000_rho0.3_independent-positive_seed0.pcf: ok (9 rows)
[2912/4800] out_n60000_rho0.3_independent-positive_seed1.pcf: ok (9 rows)
[2913/4800] out_n60000_rho0.3_independent-positive_seed2.pcf: ok (9 rows)
[2914/4800] out_n60000_rho0.3_independent-positive_seed3.pcf: ok (9 rows)
[2915/4800] out_n60000_rho0.3_independent-positive_seed4.pcf: ok (9 rows)
[2916/4800] out_n60000_rho0.3_independent-positive_seed5.pcf: ok (9 rows)
[2917/4800] out_n60000_rho0.3_independent-positive_seed6.pcf: ok (9 rows)
[2918/4800] out_n60000_rho0.3_independent-positive_seed7.pcf: ok (9 rows)
[2919/4800] out_n60000_rho0.3_independent-positive_seed8.pcf: ok (9 rows)
[2920/4800] out_n60000_rho0.3_independent-positive_seed9.pcf: ok (9 rows)
[2921/4800] out_n60000_rho0.3_independent-signed_seed0.pcf: ok (9 rows)
[2922/4800] out_n60000_rho0.3_independent-signed_seed1.pcf: ok (9 rows)
[2923/4800] out_n60000_rho0.3_independent-signed_seed2.pcf: ok (9 rows)
[2924/4800] out_n60000_rho0.3_independent-signed_seed3.pcf: ok (9 rows)
[2925/4800] out_n60000_rho0.3_independent-signed_seed4.pcf: ok (9 rows)
[2926/4800] out_n60000_rho0.3_independent-signed_seed5.pcf: ok (9 rows)
[2927/4800] out_n60000_rho0.3_independent-signed_seed6.pcf: ok (9 rows)
[2928/4800] out_n60000_rho0.3_independent-signed_seed7.pcf: ok (9 rows)
[2929/4800] out_n60000_rho0.3_independent-signed_seed8.pcf: ok (9 rows)
[2930/4800] out_n60000_rho0.3_independent-signed_seed9.pcf: ok (9 rows)
[2931/4800] out_n60000_rho0.3_near-ties_seed0.pcf: ok (9 rows)
[2932/4800] out_n60000_rho0.3_near-ties_seed1.pcf: ok (9 rows)
[2933/4800] out_n60000_rho0.3_near-ties_seed2.pcf: ok (9 rows)
[2934/4800] out_n60000_rho0.3_near-ties_seed3.pcf: ok (9 rows)
[2935/4800] out_n60000_rho0.3_near-ties_seed4.pcf: ok (9 rows)
[2936/4800] out_n60000_rho0.3_near-ties_seed5.pcf: ok (9 rows)
[2937/4800] out_n60000_rho0.3_near-ties_seed6.pcf: ok (9 rows)
[2938/4800] out_n60000_rho0.3_near-ties_seed7.pcf: ok (9 rows)
[2939/4800] out_n60000_rho0.3_near-ties_seed8.pcf: ok (9 rows)
[2940/4800] out_n60000_rho0.3_near-ties_seed9.pcf: ok (9 rows)
[2941/4800] out_n60000_rho0.6_anti-correlated_seed0.pcf: ok (9 rows)
[2942/4800] out_n60000_rho0.6_anti-correlated_seed1.pcf: ok (9 rows)
[2943/4800] out_n60000_rho0.6_anti-correlated_seed2.pcf: ok (9 rows)
[2944/4800] out_n60000_rho0.6_anti-correlated_seed3.pcf: ok (9 rows)
[2945/4800] out_n60000_rho0.6_anti-correlated_seed4.pcf: ok (9 rows)
[2946/4800] out_n60000_rho0.6_anti-correlated_seed5.pcf: ok (9 rows)
[2947/4800] out_n60000_rho0.6_anti-correlated_seed6.pcf: ok (9 rows)
[2948/4800] out_n60000_rho0.6_anti-correlated_seed7.pcf: ok (9 rows)
[2949/4800] out_n60000_rho0.6_anti-correlated_seed8.pcf: ok (9 rows)
[2950/4800] out_n60000_rho0.6_anti-correlated_seed9.pcf: ok (9 rows)
[2951/4800] out_n60000_rho0.6_correlated_seed0.pcf: ok (9 rows)
[2952/4800] out_n60000_rho0.6_correlated_seed1.pcf: ok (9 rows)
[2953/4800] out_n60000_rho0.6_correlated_seed2.pcf: ok (9 rows)
[2954/4800] out_n60000_rho0.6_correlated_seed3.pcf: ok (9 rows)
[2955/4800] out_n60000_rho0.6_correlated_seed4.pcf: ok (9 rows)
[2956/4800] out_n60000_rho0.6_correlated_seed5.pcf: ok (9 rows)
[2957/4800] out_n60000_rho0.6_correlated_seed6.pcf: ok (9 rows)
[2958/4800] out_n60000_rho0.6_correlated_seed7.pcf: ok (9 rows)
[2959/4800] out_n60000_rho0.6_correlated_seed8.pcf: ok (9 rows)
[2960/4800] out_n60000_rho0.6_correlated_seed9.pcf: ok (9 rows)
[2961/4800] out_n60000_rho0.6_exact-ties_seed0.pcf: ok (9 rows)
[2962/4800] out_n60000_rho0.6_exact-ties_seed1.pcf: ok (9 rows)
[2963/4800] out_n60000_rho0.6_exact-ties_seed2.pcf: ok (9 rows)
[2964/4800] out_n60000_rho0.6_exact-ties_seed3.pcf: ok (9 rows)
[2965/4800] out_n60000_rho0.6_exact-ties_seed4.pcf: ok (9 rows)
[2966/4800] out_n60000_rho0.6_exact-ties_seed5.pcf: ok (9 rows)
[2967/4800] out_n60000_rho0.6_exact-ties_seed6.pcf: ok (9 rows)
[2968/4800] out_n60000_rho0.6_exact-ties_seed7.pcf: ok (9 rows)
[2969/4800] out_n60000_rho0.6_exact-ties_seed8.pcf: ok (9 rows)
[2970/4800] out_n60000_rho0.6_exact-ties_seed9.pcf: ok (9 rows)
[2971/4800] out_n60000_rho0.6_independent-positive_seed0.pcf: ok (9 rows)
[2972/4800] out_n60000_rho0.6_independent-positive_seed1.pcf: ok (9 rows)
[2973/4800] out_n60000_rho0.6_independent-positive_seed2.pcf: ok (9 rows)
[2974/4800] out_n60000_rho0.6_independent-positive_seed3.pcf: ok (9 rows)
[2975/4800] out_n60000_rho0.6_independent-positive_seed4.pcf: ok (9 rows)
[2976/4800] out_n60000_rho0.6_independent-positive_seed5.pcf: ok (9 rows)
[2977/4800] out_n60000_rho0.6_independent-positive_seed6.pcf: ok (9 rows)
[2978/4800] out_n60000_rho0.6_independent-positive_seed7.pcf: ok (9 rows)
[2979/4800] out_n60000_rho0.6_independent-positive_seed8.pcf: ok (9 rows)
[2980/4800] out_n60000_rho0.6_independent-positive_seed9.pcf: ok (9 rows)
[2981/4800] out_n60000_rho0.6_independent-signed_seed0.pcf: ok (9 rows)
[2982/4800] out_n60000_rho0.6_independent-signed_seed1.pcf: ok (9 rows)
[2983/4800] out_n60000_rho0.6_independent-signed_seed2.pcf: ok (9 rows)
[2984/4800] out_n60000_rho0.6_independent-signed_seed3.pcf: ok (9 rows)
[2985/4800] out_n60000_rho0.6_independent-signed_seed4.pcf: ok (9 rows)
[2986/4800] out_n60000_rho0.6_independent-signed_seed5.pcf: ok (9 rows)
[2987/4800] out_n60000_rho0.6_independent-signed_seed6.pcf: ok (9 rows)
[2988/4800] out_n60000_rho0.6_independent-signed_seed7.pcf: ok (9 rows)
[2989/4800] out_n60000_rho0.6_independent-signed_seed8.pcf: ok (9 rows)
[2990/4800] out_n60000_rho0.6_independent-signed_seed9.pcf: ok (9 rows)
[2991/4800] out_n60000_rho0.6_near-ties_seed0.pcf: ok (9 rows)
[2992/4800] out_n60000_rho0.6_near-ties_seed1.pcf: ok (9 rows)
[2993/4800] out_n60000_rho0.6_near-ties_seed2.pcf: ok (9 rows)
[2994/4800] out_n60000_rho0.6_near-ties_seed3.pcf: ok (9 rows)
[2995/4800] out_n60000_rho0.6_near-ties_seed4.pcf: ok (9 rows)
[2996/4800] out_n60000_rho0.6_near-ties_seed5.pcf: ok (9 rows)
[2997/4800] out_n60000_rho0.6_near-ties_seed6.pcf: ok (9 rows)
[2998/4800] out_n60000_rho0.6_near-ties_seed7.pcf: ok (9 rows)
[2999/4800] out_n60000_rho0.6_near-ties_seed8.pcf: ok (9 rows)
[3000/4800] out_n60000_rho0.6_near-ties_seed9.pcf: ok (9 rows)
[3001/4800] out_n60000_rho0.9_anti-correlated_seed0.pcf: ok (9 rows)
[3002/4800] out_n60000_rho0.9_anti-correlated_seed1.pcf: ok (9 rows)
[3003/4800] out_n60000_rho0.9_anti-correlated_seed2.pcf: ok (9 rows)
[3004/4800] out_n60000_rho0.9_anti-correlated_seed3.pcf: ok (9 rows)
[3005/4800] out_n60000_rho0.9_anti-correlated_seed4.pcf: ok (9 rows)
[3006/4800] out_n60000_rho0.9_anti-correlated_seed5.pcf: ok (9 rows)
[3007/4800] out_n60000_rho0.9_anti-correlated_seed6.pcf: ok (9 rows)
[3008/4800] out_n60000_rho0.9_anti-correlated_seed7.pcf: ok (9 rows)
[3009/4800] out_n60000_rho0.9_anti-correlated_seed8.pcf: ok (9 rows)
[3010/4800] out_n60000_rho0.9_anti-correlated_seed9.pcf: ok (9 rows)
[3011/4800] out_n60000_rho0.9_correlated_seed0.pcf: ok (9 rows)
[3012/4800] out_n60000_rho0.9_correlated_seed1.pcf: ok (9 rows)
[3013/4800] out_n60000_rho0.9_correlated_seed2.pcf: ok (9 rows)
[3014/4800] out_n60000_rho0.9_correlated_seed3.pcf: ok (9 rows)
[3015/4800] out_n60000_rho0.9_correlated_seed4.pcf: ok (9 rows)
[3016/4800] out_n60000_rho0.9_correlated_seed5.pcf: ok (9 rows)
[3017/4800] out_n60000_rho0.9_correlated_seed6.pcf: ok (9 rows)
[3018/4800] out_n60000_rho0.9_correlated_seed7.pcf: ok (9 rows)
[3019/4800] out_n60000_rho0.9_correlated_seed8.pcf: ok (9 rows)
[3020/4800] out_n60000_rho0.9_correlated_seed9.pcf: ok (9 rows)
[3021/4800] out_n60000_rho0.9_exact-ties_seed0.pcf: ok (9 rows)
[3022/4800] out_n60000_rho0.9_exact-ties_seed1.pcf: ok (9 rows)
[3023/4800] out_n60000_rho0.9_exact-ties_seed2.pcf: ok (9 rows)
[3024/4800] out_n60000_rho0.9_exact-ties_seed3.pcf: ok (9 rows)
[3025/4800] out_n60000_rho0.9_exact-ties_seed4.pcf: ok (9 rows)
[3026/4800] out_n60000_rho0.9_exact-ties_seed5.pcf: ok (9 rows)
[3027/4800] out_n60000_rho0.9_exact-ties_seed6.pcf: ok (9 rows)
[3028/4800] out_n60000_rho0.9_exact-ties_seed7.pcf: ok (9 rows)
[3029/4800] out_n60000_rho0.9_exact-ties_seed8.pcf: ok (9 rows)
[3030/4800] out_n60000_rho0.9_exact-ties_seed9.pcf: ok (9 rows)
[3031/4800] out_n60000_rho0.9_independent-positive_seed0.pcf: ok (9 rows)
[3032/4800] out_n60000_rho0.9_independent-positive_seed1.pcf: ok (9 rows)
[3033/4800] out_n60000_rho0.9_independent-positive_seed2.pcf: ok (9 rows)
[3034/4800] out_n60000_rho0.9_independent-positive_seed3.pcf: ok (9 rows)
[3035/4800] out_n60000_rho0.9_independent-positive_seed4.pcf: ok (9 rows)
[3036/4800] out_n60000_rho0.9_independent-positive_seed5.pcf: ok (9 rows)
[3037/4800] out_n60000_rho0.9_independent-positive_seed6.pcf: ok (9 rows)
[3038/4800] out_n60000_rho0.9_independent-positive_seed7.pcf: ok (9 rows)
[3039/4800] out_n60000_rho0.9_independent-positive_seed8.pcf: ok (9 rows)
[3040/4800] out_n60000_rho0.9_independent-positive_seed9.pcf: ok (9 rows)
[3041/4800] out_n60000_rho0.9_independent-signed_seed0.pcf: ok (9 rows)
[3042/4800] out_n60000_rho0.9_independent-signed_seed1.pcf: ok (9 rows)
[3043/4800] out_n60000_rho0.9_independent-signed_seed2.pcf: ok (9 rows)
[3044/4800] out_n60000_rho0.9_independent-signed_seed3.pcf: ok (9 rows)
[3045/4800] out_n60000_rho0.9_independent-signed_seed4.pcf: ok (9 rows)
[3046/4800] out_n60000_rho0.9_independent-signed_seed5.pcf: ok (9 rows)
[3047/4800] out_n60000_rho0.9_independent-signed_seed6.pcf: ok (9 rows)
[3048/4800] out_n60000_rho0.9_independent-signed_seed7.pcf: ok (9 rows)
[3049/4800] out_n60000_rho0.9_independent-signed_seed8.pcf: ok (9 rows)
[3050/4800] out_n60000_rho0.9_independent-signed_seed9.pcf: ok (9 rows)
[3051/4800] out_n60000_rho0.9_near-ties_seed0.pcf: ok (9 rows)
[3052/4800] out_n60000_rho0.9_near-ties_seed1.pcf: ok (9 rows)
[3053/4800] out_n60000_rho0.9_near-ties_seed2.pcf: ok (9 rows)
[3054/4800] out_n60000_rho0.9_near-ties_seed3.pcf: ok (9 rows)
[3055/4800] out_n60000_rho0.9_near-ties_seed4.pcf: ok (9 rows)
[3056/4800] out_n60000_rho0.9_near-ties_seed5.pcf: ok (9 rows)
[3057/4800] out_n60000_rho0.9_near-ties_seed6.pcf: ok (9 rows)
[3058/4800] out_n60000_rho0.9_near-ties_seed7.pcf: ok (9 rows)
[3059/4800] out_n60000_rho0.9_near-ties_seed8.pcf: ok (9 rows)
[3060/4800] out_n60000_rho0.9_near-ties_seed9.pcf: ok (9 rows)
[3061/4800] out_n60000_rho1.0_anti-correlated_seed0.pcf: ok (9 rows)
[3062/4800] out_n60000_rho1.0_anti-correlated_seed1.pcf: ok (9 rows)
[3063/4800] out_n60000_rho1.0_anti-correlated_seed2.pcf: ok (9 rows)
[3064/4800] out_n60000_rho1.0_anti-correlated_seed3.pcf: ok (9 rows)
[3065/4800] out_n60000_rho1.0_anti-correlated_seed4.pcf: ok (9 rows)
[3066/4800] out_n60000_rho1.0_anti-correlated_seed5.pcf: ok (9 rows)
[3067/4800] out_n60000_rho1.0_anti-correlated_seed6.pcf: ok (9 rows)
[3068/4800] out_n60000_rho1.0_anti-correlated_seed7.pcf: ok (9 rows)
[3069/4800] out_n60000_rho1.0_anti-correlated_seed8.pcf: ok (9 rows)
[3070/4800] out_n60000_rho1.0_anti-correlated_seed9.pcf: ok (9 rows)
[3071/4800] out_n60000_rho1.0_correlated_seed0.pcf: ok (9 rows)
[3072/4800] out_n60000_rho1.0_correlated_seed1.pcf: ok (9 rows)
[3073/4800] out_n60000_rho1.0_correlated_seed2.pcf: ok (9 rows)
[3074/4800] out_n60000_rho1.0_correlated_seed3.pcf: ok (9 rows)
[3075/4800] out_n60000_rho1.0_correlated_seed4.pcf: ok (9 rows)
[3076/4800] out_n60000_rho1.0_correlated_seed5.pcf: ok (9 rows)
[3077/4800] out_n60000_rho1.0_correlated_seed6.pcf: ok (9 rows)
[3078/4800] out_n60000_rho1.0_correlated_seed7.pcf: ok (9 rows)
[3079/4800] out_n60000_rho1.0_correlated_seed8.pcf: ok (9 rows)
[3080/4800] out_n60000_rho1.0_correlated_seed9.pcf: ok (9 rows)
[3081/4800] out_n60000_rho1.0_exact-ties_seed0.pcf: ok (9 rows)
[3082/4800] out_n60000_rho1.0_exact-ties_seed1.pcf: ok (9 rows)
[3083/4800] out_n60000_rho1.0_exact-ties_seed2.pcf: ok (9 rows)
[3084/4800] out_n60000_rho1.0_exact-ties_seed3.pcf: ok (9 rows)
[3085/4800] out_n60000_rho1.0_exact-ties_seed4.pcf: ok (9 rows)
[3086/4800] out_n60000_rho1.0_exact-ties_seed5.pcf: ok (9 rows)
[3087/4800] out_n60000_rho1.0_exact-ties_seed6.pcf: ok (9 rows)
[3088/4800] out_n60000_rho1.0_exact-ties_seed7.pcf: ok (9 rows)
[3089/4800] out_n60000_rho1.0_exact-ties_seed8.pcf: ok (9 rows)
[3090/4800] out_n60000_rho1.0_exact-ties_seed9.pcf: ok (9 rows)
[3091/4800] out_n60000_rho1.0_independent-positive_seed0.pcf: ok (9 rows)
[3092/4800] out_n60000_rho1.0_independent-positive_seed1.pcf: ok (9 rows)
[3093/4800] out_n60000_rho1.0_independent-positive_seed2.pcf: ok (9 rows)
[3094/4800] out_n60000_rho1.0_independent-positive_seed3.pcf: ok (9 rows)
[3095/4800] out_n60000_rho1.0_independent-positive_seed4.pcf: ok (9 rows)
[3096/4800] out_n60000_rho1.0_independent-positive_seed5.pcf: ok (9 rows)
[3097/4800] out_n60000_rho1.0_independent-positive_seed6.pcf: ok (9 rows)
[3098/4800] out_n60000_rho1.0_independent-positive_seed7.pcf: ok (9 rows)
[3099/4800] out_n60000_rho1.0_independent-positive_seed8.pcf: ok (9 rows)
[3100/4800] out_n60000_rho1.0_independent-positive_seed9.pcf: ok (9 rows)
[3101/4800] out_n60000_rho1.0_independent-signed_seed0.pcf: ok (9 rows)
[3102/4800] out_n60000_rho1.0_independent-signed_seed1.pcf: ok (9 rows)
[3103/4800] out_n60000_rho1.0_independent-signed_seed2.pcf: ok (9 rows)
[3104/4800] out_n60000_rho1.0_independent-signed_seed3.pcf: ok (9 rows)
[3105/4800] out_n60000_rho1.0_independent-signed_seed4.pcf: ok (9 rows)
[3106/4800] out_n60000_rho1.0_independent-signed_seed5.pcf: ok (9 rows)
[3107/4800] out_n60000_rho1.0_independent-signed_seed6.pcf: ok (9 rows)
[3108/4800] out_n60000_rho1.0_independent-signed_seed7.pcf: ok (9 rows)
[3109/4800] out_n60000_rho1.0_independent-signed_seed8.pcf: ok (9 rows)
[3110/4800] out_n60000_rho1.0_independent-signed_seed9.pcf: ok (9 rows)
[3111/4800] out_n60000_rho1.0_near-ties_seed0.pcf: ok (9 rows)
[3112/4800] out_n60000_rho1.0_near-ties_seed1.pcf: ok (9 rows)
[3113/4800] out_n60000_rho1.0_near-ties_seed2.pcf: ok (9 rows)
[3114/4800] out_n60000_rho1.0_near-ties_seed3.pcf: ok (9 rows)
[3115/4800] out_n60000_rho1.0_near-ties_seed4.pcf: ok (9 rows)
[3116/4800] out_n60000_rho1.0_near-ties_seed5.pcf: ok (9 rows)
[3117/4800] out_n60000_rho1.0_near-ties_seed6.pcf: ok (9 rows)
[3118/4800] out_n60000_rho1.0_near-ties_seed7.pcf: ok (9 rows)
[3119/4800] out_n60000_rho1.0_near-ties_seed8.pcf: ok (9 rows)
[3120/4800] out_n60000_rho1.0_near-ties_seed9.pcf: ok (9 rows)
[3121/4800] out_n600_rho0.3_anti-correlated_seed0.pcf: ok (9 rows)
[3122/4800] out_n600_rho0.3_anti-correlated_seed1.pcf: ok (9 rows)
[3123/4800] out_n600_rho0.3_anti-correlated_seed2.pcf: ok (9 rows)
[3124/4800] out_n600_rho0.3_anti-correlated_seed3.pcf: ok (9 rows)
[3125/4800] out_n600_rho0.3_anti-correlated_seed4.pcf: ok (9 rows)
[3126/4800] out_n600_rho0.3_anti-correlated_seed5.pcf: ok (9 rows)
[3127/4800] out_n600_rho0.3_anti-correlated_seed6.pcf: ok (9 rows)
[3128/4800] out_n600_rho0.3_anti-correlated_seed7.pcf: ok (9 rows)
[3129/4800] out_n600_rho0.3_anti-correlated_seed8.pcf: ok (9 rows)
[3130/4800] out_n600_rho0.3_anti-correlated_seed9.pcf: ok (9 rows)
[3131/4800] out_n600_rho0.3_correlated_seed0.pcf: ok (9 rows)
[3132/4800] out_n600_rho0.3_correlated_seed1.pcf: ok (9 rows)
[3133/4800] out_n600_rho0.3_correlated_seed2.pcf: ok (9 rows)
[3134/4800] out_n600_rho0.3_correlated_seed3.pcf: ok (9 rows)
[3135/4800] out_n600_rho0.3_correlated_seed4.pcf: ok (9 rows)
[3136/4800] out_n600_rho0.3_correlated_seed5.pcf: ok (9 rows)
[3137/4800] out_n600_rho0.3_correlated_seed6.pcf: ok (9 rows)
[3138/4800] out_n600_rho0.3_correlated_seed7.pcf: ok (9 rows)
[3139/4800] out_n600_rho0.3_correlated_seed8.pcf: ok (9 rows)
[3140/4800] out_n600_rho0.3_correlated_seed9.pcf: ok (9 rows)
[3141/4800] out_n600_rho0.3_exact-ties_seed0.pcf: ok (9 rows)
[3142/4800] out_n600_rho0.3_exact-ties_seed1.pcf: ok (9 rows)
[3143/4800] out_n600_rho0.3_exact-ties_seed2.pcf: ok (9 rows)
[3144/4800] out_n600_rho0.3_exact-ties_seed3.pcf: ok (9 rows)
[3145/4800] out_n600_rho0.3_exact-ties_seed4.pcf: ok (9 rows)
[3146/4800] out_n600_rho0.3_exact-ties_seed5.pcf: ok (9 rows)
[3147/4800] out_n600_rho0.3_exact-ties_seed6.pcf: ok (9 rows)
[3148/4800] out_n600_rho0.3_exact-ties_seed7.pcf: ok (9 rows)
[3149/4800] out_n600_rho0.3_exact-ties_seed8.pcf: ok (9 rows)
[3150/4800] out_n600_rho0.3_exact-ties_seed9.pcf: ok (9 rows)
[3151/4800] out_n600_rho0.3_independent-positive_seed0.pcf: ok (9 rows)
[3152/4800] out_n600_rho0.3_independent-positive_seed1.pcf: ok (9 rows)
[3153/4800] out_n600_rho0.3_independent-positive_seed2.pcf: ok (9 rows)
[3154/4800] out_n600_rho0.3_independent-positive_seed3.pcf: ok (9 rows)
[3155/4800] out_n600_rho0.3_independent-positive_seed4.pcf: ok (9 rows)
[3156/4800] out_n600_rho0.3_independent-positive_seed5.pcf: ok (9 rows)
[3157/4800] out_n600_rho0.3_independent-positive_seed6.pcf: ok (9 rows)
[3158/4800] out_n600_rho0.3_independent-positive_seed7.pcf: ok (9 rows)
[3159/4800] out_n600_rho0.3_independent-positive_seed8.pcf: ok (9 rows)
[3160/4800] out_n600_rho0.3_independent-positive_seed9.pcf: ok (9 rows)
[3161/4800] out_n600_rho0.3_independent-signed_seed0.pcf: ok (9 rows)
[3162/4800] out_n600_rho0.3_independent-signed_seed1.pcf: ok (9 rows)
[3163/4800] out_n600_rho0.3_independent-signed_seed2.pcf: ok (9 rows)
[3164/4800] out_n600_rho0.3_independent-signed_seed3.pcf: ok (9 rows)
[3165/4800] out_n600_rho0.3_independent-signed_seed4.pcf: ok (9 rows)
[3166/4800] out_n600_rho0.3_independent-signed_seed5.pcf: ok (9 rows)
[3167/4800] out_n600_rho0.3_independent-signed_seed6.pcf: ok (9 rows)
[3168/4800] out_n600_rho0.3_independent-signed_seed7.pcf: ok (9 rows)
[3169/4800] out_n600_rho0.3_independent-signed_seed8.pcf: ok (9 rows)
[3170/4800] out_n600_rho0.3_independent-signed_seed9.pcf: ok (9 rows)
[3171/4800] out_n600_rho0.3_near-ties_seed0.pcf: ok (9 rows)
[3172/4800] out_n600_rho0.3_near-ties_seed1.pcf: ok (9 rows)
[3173/4800] out_n600_rho0.3_near-ties_seed2.pcf: ok (9 rows)
[3174/4800] out_n600_rho0.3_near-ties_seed3.pcf: ok (9 rows)
[3175/4800] out_n600_rho0.3_near-ties_seed4.pcf: ok (9 rows)
[3176/4800] out_n600_rho0.3_near-ties_seed5.pcf: ok (9 rows)
[3177/4800] out_n600_rho0.3_near-ties_seed6.pcf: ok (9 rows)
[3178/4800] out_n600_rho0.3_near-ties_seed7.pcf: ok (9 rows)
[3179/4800] out_n600_rho0.3_near-ties_seed8.pcf: ok (9 rows)
[3180/4800] out_n600_rho0.3_near-ties_seed9.pcf: ok (9 rows)
[3181/4800] out_n600_rho0.6_anti-correlated_seed0.pcf: ok (9 rows)
[3182/4800] out_n600_rho0.6_anti-correlated_seed1.pcf: ok (9 rows)
[3183/4800] out_n600_rho0.6_anti-correlated_seed2.pcf: ok (9 rows)
[3184/4800] out_n600_rho0.6_anti-correlated_seed3.pcf: ok (9 rows)
[3185/4800] out_n600_rho0.6_anti-correlated_seed4.pcf: ok (9 rows)
[3186/4800] out_n600_rho0.6_anti-correlated_seed5.pcf: ok (9 rows)
[3187/4800] out_n600_rho0.6_anti-correlated_seed6.pcf: ok (9 rows)
[3188/4800] out_n600_rho0.6_anti-correlated_seed7.pcf: ok (9 rows)
[3189/4800] out_n600_rho0.6_anti-correlated_seed8.pcf: ok (9 rows)
[3190/4800] out_n600_rho0.6_anti-correlated_seed9.pcf: ok (9 rows)
[3191/4800] out_n600_rho0.6_correlated_seed0.pcf: ok (9 rows)
[3192/4800] out_n600_rho0.6_correlated_seed1.pcf: ok (9 rows)
[3193/4800] out_n600_rho0.6_correlated_seed2.pcf: ok (9 rows)
[3194/4800] out_n600_rho0.6_correlated_seed3.pcf: ok (9 rows)
[3195/4800] out_n600_rho0.6_correlated_seed4.pcf: ok (9 rows)
[3196/4800] out_n600_rho0.6_correlated_seed5.pcf: ok (9 rows)
[3197/4800] out_n600_rho0.6_correlated_seed6.pcf: ok (9 rows)
[3198/4800] out_n600_rho0.6_correlated_seed7.pcf: ok (9 rows)
[3199/4800] out_n600_rho0.6_correlated_seed8.pcf: ok (9 rows)
[3200/4800] out_n600_rho0.6_correlated_seed9.pcf: ok (9 rows)
[3201/4800] out_n600_rho0.6_exact-ties_seed0.pcf: ok (9 rows)
[3202/4800] out_n600_rho0.6_exact-ties_seed1.pcf: ok (9 rows)
[3203/4800] out_n600_rho0.6_exact-ties_seed2.pcf: ok (9 rows)
[3204/4800] out_n600_rho0.6_exact-ties_seed3.pcf: ok (9 rows)
[3205/4800] out_n600_rho0.6_exact-ties_seed4.pcf: ok (9 rows)
[3206/4800] out_n600_rho0.6_exact-ties_seed5.pcf: ok (9 rows)
[3207/4800] out_n600_rho0.6_exact-ties_seed6.pcf: ok (9 rows)
[3208/4800] out_n600_rho0.6_exact-ties_seed7.pcf: ok (9 rows)
[3209/4800] out_n600_rho0.6_exact-ties_seed8.pcf: ok (9 rows)
[3210/4800] out_n600_rho0.6_exact-ties_seed9.pcf: ok (9 rows)
[3211/4800] out_n600_rho0.6_independent-positive_seed0.pcf: ok (9 rows)
[3212/4800] out_n600_rho0.6_independent-positive_seed1.pcf: ok (9 rows)
[3213/4800] out_n600_rho0.6_independent-positive_seed2.pcf: ok (9 rows)
[3214/4800] out_n600_rho0.6_independent-positive_seed3.pcf: ok (9 rows)
[3215/4800] out_n600_rho0.6_independent-positive_seed4.pcf: ok (9 rows)
[3216/4800] out_n600_rho0.6_independent-positive_seed5.pcf: ok (9 rows)
[3217/4800] out_n600_rho0.6_independent-positive_seed6.pcf: ok (9 rows)
[3218/4800] out_n600_rho0.6_independent-positive_seed7.pcf: ok (9 rows)
[3219/4800] out_n600_rho0.6_independent-positive_seed8.pcf: ok (9 rows)
[3220/4800] out_n600_rho0.6_independent-positive_seed9.pcf: ok (9 rows)
[3221/4800] out_n600_rho0.6_independent-signed_seed0.pcf: ok (9 rows)
[3222/4800] out_n600_rho0.6_independent-signed_seed1.pcf: ok (9 rows)
[3223/4800] out_n600_rho0.6_independent-signed_seed2.pcf: ok (9 rows)
[3224/4800] out_n600_rho0.6_independent-signed_seed3.pcf: ok (9 rows)
[3225/4800] out_n600_rho0.6_independent-signed_seed4.pcf: ok (9 rows)
[3226/4800] out_n600_rho0.6_independent-signed_seed5.pcf: ok (9 rows)
[3227/4800] out_n600_rho0.6_independent-signed_seed6.pcf: ok (9 rows)
[3228/4800] out_n600_rho0.6_independent-signed_seed7.pcf: ok (9 rows)
[3229/4800] out_n600_rho0.6_independent-signed_seed8.pcf: ok (9 rows)
[3230/4800] out_n600_rho0.6_independent-signed_seed9.pcf: ok (9 rows)
[3231/4800] out_n600_rho0.6_near-ties_seed0.pcf: ok (9 rows)
[3232/4800] out_n600_rho0.6_near-ties_seed1.pcf: ok (9 rows)
[3233/4800] out_n600_rho0.6_near-ties_seed2.pcf: ok (9 rows)
[3234/4800] out_n600_rho0.6_near-ties_seed3.pcf: ok (9 rows)
[3235/4800] out_n600_rho0.6_near-ties_seed4.pcf: ok (9 rows)
[3236/4800] out_n600_rho0.6_near-ties_seed5.pcf: ok (9 rows)
[3237/4800] out_n600_rho0.6_near-ties_seed6.pcf: ok (9 rows)
[3238/4800] out_n600_rho0.6_near-ties_seed7.pcf: ok (9 rows)
[3239/4800] out_n600_rho0.6_near-ties_seed8.pcf: ok (9 rows)
[3240/4800] out_n600_rho0.6_near-ties_seed9.pcf: ok (9 rows)
[3241/4800] out_n600_rho0.9_anti-correlated_seed0.pcf: ok (9 rows)
[3242/4800] out_n600_rho0.9_anti-correlated_seed1.pcf: ok (9 rows)
[3243/4800] out_n600_rho0.9_anti-correlated_seed2.pcf: ok (9 rows)
[3244/4800] out_n600_rho0.9_anti-correlated_seed3.pcf: ok (9 rows)
[3245/4800] out_n600_rho0.9_anti-correlated_seed4.pcf: ok (9 rows)
[3246/4800] out_n600_rho0.9_anti-correlated_seed5.pcf: ok (9 rows)
[3247/4800] out_n600_rho0.9_anti-correlated_seed6.pcf: ok (9 rows)
[3248/4800] out_n600_rho0.9_anti-correlated_seed7.pcf: ok (9 rows)
[3249/4800] out_n600_rho0.9_anti-correlated_seed8.pcf: ok (9 rows)
[3250/4800] out_n600_rho0.9_anti-correlated_seed9.pcf: ok (9 rows)
[3251/4800] out_n600_rho0.9_correlated_seed0.pcf: ok (9 rows)
[3252/4800] out_n600_rho0.9_correlated_seed1.pcf: ok (9 rows)
[3253/4800] out_n600_rho0.9_correlated_seed2.pcf: ok (9 rows)
[3254/4800] out_n600_rho0.9_correlated_seed3.pcf: ok (9 rows)
[3255/4800] out_n600_rho0.9_correlated_seed4.pcf: ok (9 rows)
[3256/4800] out_n600_rho0.9_correlated_seed5.pcf: ok (9 rows)
[3257/4800] out_n600_rho0.9_correlated_seed6.pcf: ok (9 rows)
[3258/4800] out_n600_rho0.9_correlated_seed7.pcf: ok (9 rows)
[3259/4800] out_n600_rho0.9_correlated_seed8.pcf: ok (9 rows)
[3260/4800] out_n600_rho0.9_correlated_seed9.pcf: ok (9 rows)
[3261/4800] out_n600_rho0.9_exact-ties_seed0.pcf: ok (9 rows)
[3262/4800] out_n600_rho0.9_exact-ties_seed1.pcf: ok (9 rows)
[3263/4800] out_n600_rho0.9_exact-ties_seed2.pcf: ok (9 rows)
[3264/4800] out_n600_rho0.9_exact-ties_seed3.pcf: ok (9 rows)
[3265/4800] out_n600_rho0.9_exact-ties_seed4.pcf: ok (9 rows)
[3266/4800] out_n600_rho0.9_exact-ties_seed5.pcf: ok (9 rows)
[3267/4800] out_n600_rho0.9_exact-ties_seed6.pcf: ok (9 rows)
[3268/4800] out_n600_rho0.9_exact-ties_seed7.pcf: ok (9 rows)
[3269/4800] out_n600_rho0.9_exact-ties_seed8.pcf: ok (9 rows)
[3270/4800] out_n600_rho0.9_exact-ties_seed9.pcf: ok (9 rows)
[3271/4800] out_n600_rho0.9_independent-positive_seed0.pcf: ok (9 rows)
[3272/4800] out_n600_rho0.9_independent-positive_seed1.pcf: ok (9 rows)
[3273/4800] out_n600_rho0.9_independent-positive_seed2.pcf: ok (9 rows)
[3274/4800] out_n600_rho0.9_independent-positive_seed3.pcf: ok (9 rows)
[3275/4800] out_n600_rho0.9_independent-positive_seed4.pcf: ok (9 rows)
[3276/4800] out_n600_rho0.9_independent-positive_seed5.pcf: ok (9 rows)
[3277/4800] out_n600_rho0.9_independent-positive_seed6.pcf: ok (9 rows)
[3278/4800] out_n600_rho0.9_independent-positive_seed7.pcf: ok (9 rows)
[3279/4800] out_n600_rho0.9_independent-positive_seed8.pcf: ok (9 rows)
[3280/4800] out_n600_rho0.9_independent-positive_seed9.pcf: ok (9 rows)
[3281/4800] out_n600_rho0.9_independent-signed_seed0.pcf: ok (9 rows)
[3282/4800] out_n600_rho0.9_independent-signed_seed1.pcf: ok (9 rows)
[3283/4800] out_n600_rho0.9_independent-signed_seed2.pcf: ok (9 rows)
[3284/4800] out_n600_rho0.9_independent-signed_seed3.pcf: ok (9 rows)
[3285/4800] out_n600_rho0.9_independent-signed_seed4.pcf: ok (9 rows)
[3286/4800] out_n600_rho0.9_independent-signed_seed5.pcf: ok (9 rows)
[3287/4800] out_n600_rho0.9_independent-signed_seed6.pcf: ok (9 rows)
[3288/4800] out_n600_rho0.9_independent-signed_seed7.pcf: ok (9 rows)
[3289/4800] out_n600_rho0.9_independent-signed_seed8.pcf: ok (9 rows)
[3290/4800] out_n600_rho0.9_independent-signed_seed9.pcf: ok (9 rows)
[3291/4800] out_n600_rho0.9_near-ties_seed0.pcf: ok (9 rows)
[3292/4800] out_n600_rho0.9_near-ties_seed1.pcf: ok (9 rows)
[3293/4800] out_n600_rho0.9_near-ties_seed2.pcf: ok (9 rows)
[3294/4800] out_n600_rho0.9_near-ties_seed3.pcf: ok (9 rows)
[3295/4800] out_n600_rho0.9_near-ties_seed4.pcf: ok (9 rows)
[3296/4800] out_n600_rho0.9_near-ties_seed5.pcf: ok (9 rows)
[3297/4800] out_n600_rho0.9_near-ties_seed6.pcf: ok (9 rows)
[3298/4800] out_n600_rho0.9_near-ties_seed7.pcf: ok (9 rows)
[3299/4800] out_n600_rho0.9_near-ties_seed8.pcf: ok (9 rows)
[3300/4800] out_n600_rho0.9_near-ties_seed9.pcf: ok (9 rows)
[3301/4800] out_n600_rho1.0_anti-correlated_seed0.pcf: ok (9 rows)
[3302/4800] out_n600_rho1.0_anti-correlated_seed1.pcf: ok (9 rows)
[3303/4800] out_n600_rho1.0_anti-correlated_seed2.pcf: ok (9 rows)
[3304/4800] out_n600_rho1.0_anti-correlated_seed3.pcf: ok (9 rows)
[3305/4800] out_n600_rho1.0_anti-correlated_seed4.pcf: ok (9 rows)
[3306/4800] out_n600_rho1.0_anti-correlated_seed5.pcf: ok (9 rows)
[3307/4800] out_n600_rho1.0_anti-correlated_seed6.pcf: ok (9 rows)
[3308/4800] out_n600_rho1.0_anti-correlated_seed7.pcf: ok (9 rows)
[3309/4800] out_n600_rho1.0_anti-correlated_seed8.pcf: ok (9 rows)
[3310/4800] out_n600_rho1.0_anti-correlated_seed9.pcf: ok (9 rows)
[3311/4800] out_n600_rho1.0_correlated_seed0.pcf: ok (9 rows)
[3312/4800] out_n600_rho1.0_correlated_seed1.pcf: ok (9 rows)
[3313/4800] out_n600_rho1.0_correlated_seed2.pcf: ok (9 rows)
[3314/4800] out_n600_rho1.0_correlated_seed3.pcf: ok (9 rows)
[3315/4800] out_n600_rho1.0_correlated_seed4.pcf: ok (9 rows)
[3316/4800] out_n600_rho1.0_correlated_seed5.pcf: ok (9 rows)
[3317/4800] out_n600_rho1.0_correlated_seed6.pcf: ok (9 rows)
[3318/4800] out_n600_rho1.0_correlated_seed7.pcf: ok (9 rows)
[3319/4800] out_n600_rho1.0_correlated_seed8.pcf: ok (9 rows)
[3320/4800] out_n600_rho1.0_correlated_seed9.pcf: ok (9 rows)
[3321/4800] out_n600_rho1.0_exact-ties_seed0.pcf: ok (9 rows)
[3322/4800] out_n600_rho1.0_exact-ties_seed1.pcf: ok (9 rows)
[3323/4800] out_n600_rho1.0_exact-ties_seed2.pcf: ok (9 rows)
[3324/4800] out_n600_rho1.0_exact-ties_seed3.pcf: ok (9 rows)
[3325/4800] out_n600_rho1.0_exact-ties_seed4.pcf: ok (9 rows)
[3326/4800] out_n600_rho1.0_exact-ties_seed5.pcf: ok (9 rows)
[3327/4800] out_n600_rho1.0_exact-ties_seed6.pcf: ok (9 rows)
[3328/4800] out_n600_rho1.0_exact-ties_seed7.pcf: ok (9 rows)
[3329/4800] out_n600_rho1.0_exact-ties_seed8.pcf: ok (9 rows)
[3330/4800] out_n600_rho1.0_exact-ties_seed9.pcf: ok (9 rows)
[3331/4800] out_n600_rho1.0_independent-positive_seed0.pcf: ok (9 rows)
[3332/4800] out_n600_rho1.0_independent-positive_seed1.pcf: ok (9 rows)
[3333/4800] out_n600_rho1.0_independent-positive_seed2.pcf: ok (9 rows)
[3334/4800] out_n600_rho1.0_independent-positive_seed3.pcf: ok (9 rows)
[3335/4800] out_n600_rho1.0_independent-positive_seed4.pcf: ok (9 rows)
[3336/4800] out_n600_rho1.0_independent-positive_seed5.pcf: ok (9 rows)
[3337/4800] out_n600_rho1.0_independent-positive_seed6.pcf: ok (9 rows)
[3338/4800] out_n600_rho1.0_independent-positive_seed7.pcf: ok (9 rows)
[3339/4800] out_n600_rho1.0_independent-positive_seed8.pcf: ok (9 rows)
[3340/4800] out_n600_rho1.0_independent-positive_seed9.pcf: ok (9 rows)
[3341/4800] out_n600_rho1.0_independent-signed_seed0.pcf: ok (9 rows)
[3342/4800] out_n600_rho1.0_independent-signed_seed1.pcf: ok (9 rows)
[3343/4800] out_n600_rho1.0_independent-signed_seed2.pcf: ok (9 rows)
[3344/4800] out_n600_rho1.0_independent-signed_seed3.pcf: ok (9 rows)
[3345/4800] out_n600_rho1.0_independent-signed_seed4.pcf: ok (9 rows)
[3346/4800] out_n600_rho1.0_independent-signed_seed5.pcf: ok (9 rows)
[3347/4800] out_n600_rho1.0_independent-signed_seed6.pcf: ok (9 rows)
[3348/4800] out_n600_rho1.0_independent-signed_seed7.pcf: ok (9 rows)
[3349/4800] out_n600_rho1.0_independent-signed_seed8.pcf: ok (9 rows)
[3350/4800] out_n600_rho1.0_independent-signed_seed9.pcf: ok (9 rows)
[3351/4800] out_n600_rho1.0_near-ties_seed0.pcf: ok (9 rows)
[3352/4800] out_n600_rho1.0_near-ties_seed1.pcf: ok (9 rows)
[3353/4800] out_n600_rho1.0_near-ties_seed2.pcf: ok (9 rows)
[3354/4800] out_n600_rho1.0_near-ties_seed3.pcf: ok (9 rows)
[3355/4800] out_n600_rho1.0_near-ties_seed4.pcf: ok (9 rows)
[3356/4800] out_n600_rho1.0_near-ties_seed5.pcf: ok (9 rows)
[3357/4800] out_n600_rho1.0_near-ties_seed6.pcf: ok (9 rows)
[3358/4800] out_n600_rho1.0_near-ties_seed7.pcf: ok (9 rows)
[3359/4800] out_n600_rho1.0_near-ties_seed8.pcf: ok (9 rows)
[3360/4800] out_n600_rho1.0_near-ties_seed9.pcf: ok (9 rows)
[3361/4800] out_n70000_rho0.3_anti-correlated_seed0.pcf: ok (9 rows)
[3362/4800] out_n70000_rho0.3_anti-correlated_seed1.pcf: ok (9 rows)
[3363/4800] out_n70000_rho0.3_anti-correlated_seed2.pcf: ok (9 rows)
[3364/4800] out_n70000_rho0.3_anti-correlated_seed3.pcf: ok (9 rows)
[3365/4800] out_n70000_rho0.3_anti-correlated_seed4.pcf: ok (9 rows)
[3366/4800] out_n70000_rho0.3_anti-correlated_seed5.pcf: ok (9 rows)
[3367/4800] out_n70000_rho0.3_anti-correlated_seed6.pcf: ok (9 rows)
[3368/4800] out_n70000_rho0.3_anti-correlated_seed7.pcf: ok (9 rows)
[3369/4800] out_n70000_rho0.3_anti-correlated_seed8.pcf: ok (9 rows)
[3370/4800] out_n70000_rho0.3_anti-correlated_seed9.pcf: ok (9 rows)
[3371/4800] out_n70000_rho0.3_correlated_seed0.pcf: ok (9 rows)
[3372/4800] out_n70000_rho0.3_correlated_seed1.pcf: ok (9 rows)
[3373/4800] out_n70000_rho0.3_correlated_seed2.pcf: ok (9 rows)
[3374/4800] out_n70000_rho0.3_correlated_seed3.pcf: ok (9 rows)
[3375/4800] out_n70000_rho0.3_correlated_seed4.pcf: ok (9 rows)
[3376/4800] out_n70000_rho0.3_correlated_seed5.pcf: ok (9 rows)
[3377/4800] out_n70000_rho0.3_correlated_seed6.pcf: ok (9 rows)
[3378/4800] out_n70000_rho0.3_correlated_seed7.pcf: ok (9 rows)
[3379/4800] out_n70000_rho0.3_correlated_seed8.pcf: ok (9 rows)
[3380/4800] out_n70000_rho0.3_correlated_seed9.pcf: ok (9 rows)
[3381/4800] out_n70000_rho0.3_exact-ties_seed0.pcf: ok (9 rows)
[3382/4800] out_n70000_rho0.3_exact-ties_seed1.pcf: ok (9 rows)
[3383/4800] out_n70000_rho0.3_exact-ties_seed2.pcf: ok (9 rows)
[3384/4800] out_n70000_rho0.3_exact-ties_seed3.pcf: ok (9 rows)
[3385/4800] out_n70000_rho0.3_exact-ties_seed4.pcf: ok (9 rows)
[3386/4800] out_n70000_rho0.3_exact-ties_seed5.pcf: ok (9 rows)
[3387/4800] out_n70000_rho0.3_exact-ties_seed6.pcf: ok (9 rows)
[3388/4800] out_n70000_rho0.3_exact-ties_seed7.pcf: ok (9 rows)
[3389/4800] out_n70000_rho0.3_exact-ties_seed8.pcf: ok (9 rows)
[3390/4800] out_n70000_rho0.3_exact-ties_seed9.pcf: ok (9 rows)
[3391/4800] out_n70000_rho0.3_independent-positive_seed0.pcf: ok (9 rows)
[3392/4800] out_n70000_rho0.3_independent-positive_seed1.pcf: ok (9 rows)
[3393/4800] out_n70000_rho0.3_independent-positive_seed2.pcf: ok (9 rows)
[3394/4800] out_n70000_rho0.3_independent-positive_seed3.pcf: ok (9 rows)
[3395/4800] out_n70000_rho0.3_independent-positive_seed4.pcf: ok (9 rows)
[3396/4800] out_n70000_rho0.3_independent-positive_seed5.pcf: ok (9 rows)
[3397/4800] out_n70000_rho0.3_independent-positive_seed6.pcf: ok (9 rows)
[3398/4800] out_n70000_rho0.3_independent-positive_seed7.pcf: ok (9 rows)
[3399/4800] out_n70000_rho0.3_independent-positive_seed8.pcf: ok (9 rows)
[3400/4800] out_n70000_rho0.3_independent-positive_seed9.pcf: ok (9 rows)
[3401/4800] out_n70000_rho0.3_independent-signed_seed0.pcf: ok (9 rows)
[3402/4800] out_n70000_rho0.3_independent-signed_seed1.pcf: ok (9 rows)
[3403/4800] out_n70000_rho0.3_independent-signed_seed2.pcf: ok (9 rows)
[3404/4800] out_n70000_rho0.3_independent-signed_seed3.pcf: ok (9 rows)
[3405/4800] out_n70000_rho0.3_independent-signed_seed4.pcf: ok (9 rows)
[3406/4800] out_n70000_rho0.3_independent-signed_seed5.pcf: ok (9 rows)
[3407/4800] out_n70000_rho0.3_independent-signed_seed6.pcf: ok (9 rows)
[3408/4800] out_n70000_rho0.3_independent-signed_seed7.pcf: ok (9 rows)
[3409/4800] out_n70000_rho0.3_independent-signed_seed8.pcf: ok (9 rows)
[3410/4800] out_n70000_rho0.3_independent-signed_seed9.pcf: ok (9 rows)
[3411/4800] out_n70000_rho0.3_near-ties_seed0.pcf: ok (9 rows)
[3412/4800] out_n70000_rho0.3_near-ties_seed1.pcf: ok (9 rows)
[3413/4800] out_n70000_rho0.3_near-ties_seed2.pcf: ok (9 rows)
[3414/4800] out_n70000_rho0.3_near-ties_seed3.pcf: ok (9 rows)
[3415/4800] out_n70000_rho0.3_near-ties_seed4.pcf: ok (9 rows)
[3416/4800] out_n70000_rho0.3_near-ties_seed5.pcf: ok (9 rows)
[3417/4800] out_n70000_rho0.3_near-ties_seed6.pcf: ok (9 rows)
[3418/4800] out_n70000_rho0.3_near-ties_seed7.pcf: ok (9 rows)
[3419/4800] out_n70000_rho0.3_near-ties_seed8.pcf: ok (9 rows)
[3420/4800] out_n70000_rho0.3_near-ties_seed9.pcf: ok (9 rows)
[3421/4800] out_n70000_rho0.6_anti-correlated_seed0.pcf: ok (9 rows)
[3422/4800] out_n70000_rho0.6_anti-correlated_seed1.pcf: ok (9 rows)
[3423/4800] out_n70000_rho0.6_anti-correlated_seed2.pcf: ok (9 rows)
[3424/4800] out_n70000_rho0.6_anti-correlated_seed3.pcf: ok (9 rows)
[3425/4800] out_n70000_rho0.6_anti-correlated_seed4.pcf: ok (9 rows)
[3426/4800] out_n70000_rho0.6_anti-correlated_seed5.pcf: ok (9 rows)
[3427/4800] out_n70000_rho0.6_anti-correlated_seed6.pcf: ok (9 rows)
[3428/4800] out_n70000_rho0.6_anti-correlated_seed7.pcf: ok (9 rows)
[3429/4800] out_n70000_rho0.6_anti-correlated_seed8.pcf: ok (9 rows)
[3430/4800] out_n70000_rho0.6_anti-correlated_seed9.pcf: ok (9 rows)
[3431/4800] out_n70000_rho0.6_correlated_seed0.pcf: ok (9 rows)
[3432/4800] out_n70000_rho0.6_correlated_seed1.pcf: ok (9 rows)
[3433/4800] out_n70000_rho0.6_correlated_seed2.pcf: ok (9 rows)
[3434/4800] out_n70000_rho0.6_correlated_seed3.pcf: ok (9 rows)
[3435/4800] out_n70000_rho0.6_correlated_seed4.pcf: ok (9 rows)
[3436/4800] out_n70000_rho0.6_correlated_seed5.pcf: ok (9 rows)
[3437/4800] out_n70000_rho0.6_correlated_seed6.pcf: ok (9 rows)
[3438/4800] out_n70000_rho0.6_correlated_seed7.pcf: ok (9 rows)
[3439/4800] out_n70000_rho0.6_correlated_seed8.pcf: ok (9 rows)
[3440/4800] out_n70000_rho0.6_correlated_seed9.pcf: ok (9 rows)
[3441/4800] out_n70000_rho0.6_exact-ties_seed0.pcf: ok (9 rows)
[3442/4800] out_n70000_rho0.6_exact-ties_seed1.pcf: ok (9 rows)
[3443/4800] out_n70000_rho0.6_exact-ties_seed2.pcf: ok (9 rows)
[3444/4800] out_n70000_rho0.6_exact-ties_seed3.pcf: ok (9 rows)
[3445/4800] out_n70000_rho0.6_exact-ties_seed4.pcf: ok (9 rows)
[3446/4800] out_n70000_rho0.6_exact-ties_seed5.pcf: ok (9 rows)
[3447/4800] out_n70000_rho0.6_exact-ties_seed6.pcf: ok (9 rows)
[3448/4800] out_n70000_rho0.6_exact-ties_seed7.pcf: ok (9 rows)
[3449/4800] out_n70000_rho0.6_exact-ties_seed8.pcf: ok (9 rows)
[3450/4800] out_n70000_rho0.6_exact-ties_seed9.pcf: ok (9 rows)
[3451/4800] out_n70000_rho0.6_independent-positive_seed0.pcf: ok (9 rows)
[3452/4800] out_n70000_rho0.6_independent-positive_seed1.pcf: ok (9 rows)
[3453/4800] out_n70000_rho0.6_independent-positive_seed2.pcf: ok (9 rows)
[3454/4800] out_n70000_rho0.6_independent-positive_seed3.pcf: ok (9 rows)
[3455/4800] out_n70000_rho0.6_independent-positive_seed4.pcf: ok (9 rows)
[3456/4800] out_n70000_rho0.6_independent-positive_seed5.pcf: ok (9 rows)
[3457/4800] out_n70000_rho0.6_independent-positive_seed6.pcf: ok (9 rows)
[3458/4800] out_n70000_rho0.6_independent-positive_seed7.pcf: ok (9 rows)
[3459/4800] out_n70000_rho0.6_independent-positive_seed8.pcf: ok (9 rows)
[3460/4800] out_n70000_rho0.6_independent-positive_seed9.pcf: ok (9 rows)
[3461/4800] out_n70000_rho0.6_independent-signed_seed0.pcf: ok (9 rows)
[3462/4800] out_n70000_rho0.6_independent-signed_seed1.pcf: ok (9 rows)
[3463/4800] out_n70000_rho0.6_independent-signed_seed2.pcf: ok (9 rows)
[3464/4800] out_n70000_rho0.6_independent-signed_seed3.pcf: ok (9 rows)
[3465/4800] out_n70000_rho0.6_independent-signed_seed4.pcf: ok (9 rows)
[3466/4800] out_n70000_rho0.6_independent-signed_seed5.pcf: ok (9 rows)
[3467/4800] out_n70000_rho0.6_independent-signed_seed6.pcf: ok (9 rows)
[3468/4800] out_n70000_rho0.6_independent-signed_seed7.pcf: ok (9 rows)
[3469/4800] out_n70000_rho0.6_independent-signed_seed8.pcf: ok (9 rows)
[3470/4800] out_n70000_rho0.6_independent-signed_seed9.pcf: ok (9 rows)
[3471/4800] out_n70000_rho0.6_near-ties_seed0.pcf: ok (9 rows)
[3472/4800] out_n70000_rho0.6_near-ties_seed1.pcf: ok (9 rows)
[3473/4800] out_n70000_rho0.6_near-ties_seed2.pcf: ok (9 rows)
[3474/4800] out_n70000_rho0.6_near-ties_seed3.pcf: ok (9 rows)
[3475/4800] out_n70000_rho0.6_near-ties_seed4.pcf: ok (9 rows)
[3476/4800] out_n70000_rho0.6_near-ties_seed5.pcf: ok (9 rows)
[3477/4800] out_n70000_rho0.6_near-ties_seed6.pcf: ok (9 rows)
[3478/4800] out_n70000_rho0.6_near-ties_seed7.pcf: ok (9 rows)
[3479/4800] out_n70000_rho0.6_near-ties_seed8.pcf: ok (9 rows)
[3480/4800] out_n70000_rho0.6_near-ties_seed9.pcf: ok (9 rows)
[3481/4800] out_n70000_rho0.9_anti-correlated_seed0.pcf: ok (9 rows)
[3482/4800] out_n70000_rho0.9_anti-correlated_seed1.pcf: ok (9 rows)
[3483/4800] out_n70000_rho0.9_anti-correlated_seed2.pcf: ok (9 rows)
[3484/4800] out_n70000_rho0.9_anti-correlated_seed3.pcf: ok (9 rows)
[3485/4800] out_n70000_rho0.9_anti-correlated_seed4.pcf: ok (9 rows)
[3486/4800] out_n70000_rho0.9_anti-correlated_seed5.pcf: ok (9 rows)
[3487/4800] out_n70000_rho0.9_anti-correlated_seed6.pcf: ok (9 rows)
[3488/4800] out_n70000_rho0.9_anti-correlated_seed7.pcf: ok (9 rows)
[3489/4800] out_n70000_rho0.9_anti-correlated_seed8.pcf: ok (9 rows)
[3490/4800] out_n70000_rho0.9_anti-correlated_seed9.pcf: ok (9 rows)
[3491/4800] out_n70000_rho0.9_correlated_seed0.pcf: ok (9 rows)
[3492/4800] out_n70000_rho0.9_correlated_seed1.pcf: ok (9 rows)
[3493/4800] out_n70000_rho0.9_correlated_seed2.pcf: ok (9 rows)
[3494/4800] out_n70000_rho0.9_correlated_seed3.pcf: ok (9 rows)
[3495/4800] out_n70000_rho0.9_correlated_seed4.pcf: ok (9 rows)
[3496/4800] out_n70000_rho0.9_correlated_seed5.pcf: ok (9 rows)
[3497/4800] out_n70000_rho0.9_correlated_seed6.pcf: ok (9 rows)
[3498/4800] out_n70000_rho0.9_correlated_seed7.pcf: ok (9 rows)
[3499/4800] out_n70000_rho0.9_correlated_seed8.pcf: ok (9 rows)
[3500/4800] out_n70000_rho0.9_correlated_seed9.pcf: ok (9 rows)
[3501/4800] out_n70000_rho0.9_exact-ties_seed0.pcf: ok (9 rows)
[3502/4800] out_n70000_rho0.9_exact-ties_seed1.pcf: ok (9 rows)
[3503/4800] out_n70000_rho0.9_exact-ties_seed2.pcf: ok (9 rows)
[3504/4800] out_n70000_rho0.9_exact-ties_seed3.pcf: ok (9 rows)
[3505/4800] out_n70000_rho0.9_exact-ties_seed4.pcf: ok (9 rows)
[3506/4800] out_n70000_rho0.9_exact-ties_seed5.pcf: ok (9 rows)
[3507/4800] out_n70000_rho0.9_exact-ties_seed6.pcf: ok (9 rows)
[3508/4800] out_n70000_rho0.9_exact-ties_seed7.pcf: ok (9 rows)
[3509/4800] out_n70000_rho0.9_exact-ties_seed8.pcf: ok (9 rows)
[3510/4800] out_n70000_rho0.9_exact-ties_seed9.pcf: ok (9 rows)
[3511/4800] out_n70000_rho0.9_independent-positive_seed0.pcf: ok (9 rows)
[3512/4800] out_n70000_rho0.9_independent-positive_seed1.pcf: ok (9 rows)
[3513/4800] out_n70000_rho0.9_independent-positive_seed2.pcf: ok (9 rows)
[3514/4800] out_n70000_rho0.9_independent-positive_seed3.pcf: ok (9 rows)
[3515/4800] out_n70000_rho0.9_independent-positive_seed4.pcf: ok (9 rows)
[3516/4800] out_n70000_rho0.9_independent-positive_seed5.pcf: ok (9 rows)
[3517/4800] out_n70000_rho0.9_independent-positive_seed6.pcf: ok (9 rows)
[3518/4800] out_n70000_rho0.9_independent-positive_seed7.pcf: ok (9 rows)
[3519/4800] out_n70000_rho0.9_independent-positive_seed8.pcf: ok (9 rows)
[3520/4800] out_n70000_rho0.9_independent-positive_seed9.pcf: ok (9 rows)
[3521/4800] out_n70000_rho0.9_independent-signed_seed0.pcf: ok (9 rows)
[3522/4800] out_n70000_rho0.9_independent-signed_seed1.pcf: ok (9 rows)
[3523/4800] out_n70000_rho0.9_independent-signed_seed2.pcf: ok (9 rows)
[3524/4800] out_n70000_rho0.9_independent-signed_seed3.pcf: ok (9 rows)
[3525/4800] out_n70000_rho0.9_independent-signed_seed4.pcf: ok (9 rows)
[3526/4800] out_n70000_rho0.9_independent-signed_seed5.pcf: ok (9 rows)
[3527/4800] out_n70000_rho0.9_independent-signed_seed6.pcf: ok (9 rows)
[3528/4800] out_n70000_rho0.9_independent-signed_seed7.pcf: ok (9 rows)
[3529/4800] out_n70000_rho0.9_independent-signed_seed8.pcf: ok (9 rows)
[3530/4800] out_n70000_rho0.9_independent-signed_seed9.pcf: ok (9 rows)
[3531/4800] out_n70000_rho0.9_near-ties_seed0.pcf: ok (9 rows)
[3532/4800] out_n70000_rho0.9_near-ties_seed1.pcf: ok (9 rows)
[3533/4800] out_n70000_rho0.9_near-ties_seed2.pcf: ok (9 rows)
[3534/4800] out_n70000_rho0.9_near-ties_seed3.pcf: ok (9 rows)
[3535/4800] out_n70000_rho0.9_near-ties_seed4.pcf: ok (9 rows)
[3536/4800] out_n70000_rho0.9_near-ties_seed5.pcf: ok (9 rows)
[3537/4800] out_n70000_rho0.9_near-ties_seed6.pcf: ok (9 rows)
[3538/4800] out_n70000_rho0.9_near-ties_seed7.pcf: ok (9 rows)
[3539/4800] out_n70000_rho0.9_near-ties_seed8.pcf: ok (9 rows)
[3540/4800] out_n70000_rho0.9_near-ties_seed9.pcf: ok (9 rows)
[3541/4800] out_n70000_rho1.0_anti-correlated_seed0.pcf: ok (9 rows)
[3542/4800] out_n70000_rho1.0_anti-correlated_seed1.pcf: ok (9 rows)
[3543/4800] out_n70000_rho1.0_anti-correlated_seed2.pcf: ok (9 rows)
[3544/4800] out_n70000_rho1.0_anti-correlated_seed3.pcf: ok (9 rows)
[3545/4800] out_n70000_rho1.0_anti-correlated_seed4.pcf: ok (9 rows)
[3546/4800] out_n70000_rho1.0_anti-correlated_seed5.pcf: ok (9 rows)
[3547/4800] out_n70000_rho1.0_anti-correlated_seed6.pcf: ok (9 rows)
[3548/4800] out_n70000_rho1.0_anti-correlated_seed7.pcf: ok (9 rows)
[3549/4800] out_n70000_rho1.0_anti-correlated_seed8.pcf: ok (9 rows)
[3550/4800] out_n70000_rho1.0_anti-correlated_seed9.pcf: ok (9 rows)
[3551/4800] out_n70000_rho1.0_correlated_seed0.pcf: ok (9 rows)
[3552/4800] out_n70000_rho1.0_correlated_seed1.pcf: ok (9 rows)
[3553/4800] out_n70000_rho1.0_correlated_seed2.pcf: ok (9 rows)
[3554/4800] out_n70000_rho1.0_correlated_seed3.pcf: ok (9 rows)
[3555/4800] out_n70000_rho1.0_correlated_seed4.pcf: ok (9 rows)
[3556/4800] out_n70000_rho1.0_correlated_seed5.pcf: ok (9 rows)
[3557/4800] out_n70000_rho1.0_correlated_seed6.pcf: ok (9 rows)
[3558/4800] out_n70000_rho1.0_correlated_seed7.pcf: ok (9 rows)
[3559/4800] out_n70000_rho1.0_correlated_seed8.pcf: ok (9 rows)
[3560/4800] out_n70000_rho1.0_correlated_seed9.pcf: ok (9 rows)
[3561/4800] out_n70000_rho1.0_exact-ties_seed0.pcf: ok (9 rows)
[3562/4800] out_n70000_rho1.0_exact-ties_seed1.pcf: ok (9 rows)
[3563/4800] out_n70000_rho1.0_exact-ties_seed2.pcf: ok (9 rows)
[3564/4800] out_n70000_rho1.0_exact-ties_seed3.pcf: ok (9 rows)
[3565/4800] out_n70000_rho1.0_exact-ties_seed4.pcf: ok (9 rows)
[3566/4800] out_n70000_rho1.0_exact-ties_seed5.pcf: ok (9 rows)
[3567/4800] out_n70000_rho1.0_exact-ties_seed6.pcf: ok (9 rows)
[3568/4800] out_n70000_rho1.0_exact-ties_seed7.pcf: ok (9 rows)
[3569/4800] out_n70000_rho1.0_exact-ties_seed8.pcf: ok (9 rows)
[3570/4800] out_n70000_rho1.0_exact-ties_seed9.pcf: ok (9 rows)
[3571/4800] out_n70000_rho1.0_independent-positive_seed0.pcf: ok (9 rows)
[3572/4800] out_n70000_rho1.0_independent-positive_seed1.pcf: ok (9 rows)
[3573/4800] out_n70000_rho1.0_independent-positive_seed2.pcf: ok (9 rows)
[3574/4800] out_n70000_rho1.0_independent-positive_seed3.pcf: ok (9 rows)
[3575/4800] out_n70000_rho1.0_independent-positive_seed4.pcf: ok (9 rows)
[3576/4800] out_n70000_rho1.0_independent-positive_seed5.pcf: ok (9 rows)
[3577/4800] out_n70000_rho1.0_independent-positive_seed6.pcf: ok (9 rows)
[3578/4800] out_n70000_rho1.0_independent-positive_seed7.pcf: ok (9 rows)
[3579/4800] out_n70000_rho1.0_independent-positive_seed8.pcf: ok (9 rows)
[3580/4800] out_n70000_rho1.0_independent-positive_seed9.pcf: ok (9 rows)
[3581/4800] out_n70000_rho1.0_independent-signed_seed0.pcf: ok (9 rows)
[3582/4800] out_n70000_rho1.0_independent-signed_seed1.pcf: ok (9 rows)
[3583/4800] out_n70000_rho1.0_independent-signed_seed2.pcf: ok (9 rows)
[3584/4800] out_n70000_rho1.0_independent-signed_seed3.pcf: ok (9 rows)
[3585/4800] out_n70000_rho1.0_independent-signed_seed4.pcf: ok (9 rows)
[3586/4800] out_n70000_rho1.0_independent-signed_seed5.pcf: ok (9 rows)
[3587/4800] out_n70000_rho1.0_independent-signed_seed6.pcf: ok (9 rows)
[3588/4800] out_n70000_rho1.0_independent-signed_seed7.pcf: ok (9 rows)
[3589/4800] out_n70000_rho1.0_independent-signed_seed8.pcf: ok (9 rows)
[3590/4800] out_n70000_rho1.0_independent-signed_seed9.pcf: ok (9 rows)
[3591/4800] out_n70000_rho1.0_near-ties_seed0.pcf: ok (9 rows)
[3592/4800] out_n70000_rho1.0_near-ties_seed1.pcf: ok (9 rows)
[3593/4800] out_n70000_rho1.0_near-ties_seed2.pcf: ok (9 rows)
[3594/4800] out_n70000_rho1.0_near-ties_seed3.pcf: ok (9 rows)
[3595/4800] out_n70000_rho1.0_near-ties_seed4.pcf: ok (9 rows)
[3596/4800] out_n70000_rho1.0_near-ties_seed5.pcf: ok (9 rows)
[3597/4800] out_n70000_rho1.0_near-ties_seed6.pcf: ok (9 rows)
[3598/4800] out_n70000_rho1.0_near-ties_seed7.pcf: ok (9 rows)
[3599/4800] out_n70000_rho1.0_near-ties_seed8.pcf: ok (9 rows)
[3600/4800] out_n70000_rho1.0_near-ties_seed9.pcf: ok (9 rows)
[3601/4800] out_n700_rho0.3_anti-correlated_seed0.pcf: ok (9 rows)
[3602/4800] out_n700_rho0.3_anti-correlated_seed1.pcf: ok (9 rows)
[3603/4800] out_n700_rho0.3_anti-correlated_seed2.pcf: ok (9 rows)
[3604/4800] out_n700_rho0.3_anti-correlated_seed3.pcf: ok (9 rows)
[3605/4800] out_n700_rho0.3_anti-correlated_seed4.pcf: ok (9 rows)
[3606/4800] out_n700_rho0.3_anti-correlated_seed5.pcf: ok (9 rows)
[3607/4800] out_n700_rho0.3_anti-correlated_seed6.pcf: ok (9 rows)
[3608/4800] out_n700_rho0.3_anti-correlated_seed7.pcf: ok (9 rows)
[3609/4800] out_n700_rho0.3_anti-correlated_seed8.pcf: ok (9 rows)
[3610/4800] out_n700_rho0.3_anti-correlated_seed9.pcf: ok (9 rows)
[3611/4800] out_n700_rho0.3_correlated_seed0.pcf: ok (9 rows)
[3612/4800] out_n700_rho0.3_correlated_seed1.pcf: ok (9 rows)
[3613/4800] out_n700_rho0.3_correlated_seed2.pcf: ok (9 rows)
[3614/4800] out_n700_rho0.3_correlated_seed3.pcf: ok (9 rows)
[3615/4800] out_n700_rho0.3_correlated_seed4.pcf: ok (9 rows)
[3616/4800] out_n700_rho0.3_correlated_seed5.pcf: ok (9 rows)
[3617/4800] out_n700_rho0.3_correlated_seed6.pcf: ok (9 rows)
[3618/4800] out_n700_rho0.3_correlated_seed7.pcf: ok (9 rows)
[3619/4800] out_n700_rho0.3_correlated_seed8.pcf: ok (9 rows)
[3620/4800] out_n700_rho0.3_correlated_seed9.pcf: ok (9 rows)
[3621/4800] out_n700_rho0.3_exact-ties_seed0.pcf: ok (9 rows)
[3622/4800] out_n700_rho0.3_exact-ties_seed1.pcf: ok (9 rows)
[3623/4800] out_n700_rho0.3_exact-ties_seed2.pcf: ok (9 rows)
[3624/4800] out_n700_rho0.3_exact-ties_seed3.pcf: ok (9 rows)
[3625/4800] out_n700_rho0.3_exact-ties_seed4.pcf: ok (9 rows)
[3626/4800] out_n700_rho0.3_exact-ties_seed5.pcf: ok (9 rows)
[3627/4800] out_n700_rho0.3_exact-ties_seed6.pcf: ok (9 rows)
[3628/4800] out_n700_rho0.3_exact-ties_seed7.pcf: ok (9 rows)
[3629/4800] out_n700_rho0.3_exact-ties_seed8.pcf: ok (9 rows)
[3630/4800] out_n700_rho0.3_exact-ties_seed9.pcf: ok (9 rows)
[3631/4800] out_n700_rho0.3_independent-positive_seed0.pcf: ok (9 rows)
[3632/4800] out_n700_rho0.3_independent-positive_seed1.pcf: ok (9 rows)
[3633/4800] out_n700_rho0.3_independent-positive_seed2.pcf: ok (9 rows)
[3634/4800] out_n700_rho0.3_independent-positive_seed3.pcf: ok (9 rows)
[3635/4800] out_n700_rho0.3_independent-positive_seed4.pcf: ok (9 rows)
[3636/4800] out_n700_rho0.3_independent-positive_seed5.pcf: ok (9 rows)
[3637/4800] out_n700_rho0.3_independent-positive_seed6.pcf: ok (9 rows)
[3638/4800] out_n700_rho0.3_independent-positive_seed7.pcf: ok (9 rows)
[3639/4800] out_n700_rho0.3_independent-positive_seed8.pcf: ok (9 rows)
[3640/4800] out_n700_rho0.3_independent-positive_seed9.pcf: ok (9 rows)
[3641/4800] out_n700_rho0.3_independent-signed_seed0.pcf: ok (9 rows)
[3642/4800] out_n700_rho0.3_independent-signed_seed1.pcf: ok (9 rows)
[3643/4800] out_n700_rho0.3_independent-signed_seed2.pcf: ok (9 rows)
[3644/4800] out_n700_rho0.3_independent-signed_seed3.pcf: ok (9 rows)
[3645/4800] out_n700_rho0.3_independent-signed_seed4.pcf: ok (9 rows)
[3646/4800] out_n700_rho0.3_independent-signed_seed5.pcf: ok (9 rows)
[3647/4800] out_n700_rho0.3_independent-signed_seed6.pcf: ok (9 rows)
[3648/4800] out_n700_rho0.3_independent-signed_seed7.pcf: ok (9 rows)
[3649/4800] out_n700_rho0.3_independent-signed_seed8.pcf: ok (9 rows)
[3650/4800] out_n700_rho0.3_independent-signed_seed9.pcf: ok (9 rows)
[3651/4800] out_n700_rho0.3_near-ties_seed0.pcf: ok (9 rows)
[3652/4800] out_n700_rho0.3_near-ties_seed1.pcf: ok (9 rows)
[3653/4800] out_n700_rho0.3_near-ties_seed2.pcf: ok (9 rows)
[3654/4800] out_n700_rho0.3_near-ties_seed3.pcf: ok (9 rows)
[3655/4800] out_n700_rho0.3_near-ties_seed4.pcf: ok (9 rows)
[3656/4800] out_n700_rho0.3_near-ties_seed5.pcf: ok (9 rows)
[3657/4800] out_n700_rho0.3_near-ties_seed6.pcf: ok (9 rows)
[3658/4800] out_n700_rho0.3_near-ties_seed7.pcf: ok (9 rows)
[3659/4800] out_n700_rho0.3_near-ties_seed8.pcf: ok (9 rows)
[3660/4800] out_n700_rho0.3_near-ties_seed9.pcf: ok (9 rows)
[3661/4800] out_n700_rho0.6_anti-correlated_seed0.pcf: ok (9 rows)
[3662/4800] out_n700_rho0.6_anti-correlated_seed1.pcf: ok (9 rows)
[3663/4800] out_n700_rho0.6_anti-correlated_seed2.pcf: ok (9 rows)
[3664/4800] out_n700_rho0.6_anti-correlated_seed3.pcf: ok (9 rows)
[3665/4800] out_n700_rho0.6_anti-correlated_seed4.pcf: ok (9 rows)
[3666/4800] out_n700_rho0.6_anti-correlated_seed5.pcf: ok (9 rows)
[3667/4800] out_n700_rho0.6_anti-correlated_seed6.pcf: ok (9 rows)
[3668/4800] out_n700_rho0.6_anti-correlated_seed7.pcf: ok (9 rows)
[3669/4800] out_n700_rho0.6_anti-correlated_seed8.pcf: ok (9 rows)
[3670/4800] out_n700_rho0.6_anti-correlated_seed9.pcf: ok (9 rows)
[3671/4800] out_n700_rho0.6_correlated_seed0.pcf: ok (9 rows)
[3672/4800] out_n700_rho0.6_correlated_seed1.pcf: ok (9 rows)
[3673/4800] out_n700_rho0.6_correlated_seed2.pcf: ok (9 rows)
[3674/4800] out_n700_rho0.6_correlated_seed3.pcf: ok (9 rows)
[3675/4800] out_n700_rho0.6_correlated_seed4.pcf: ok (9 rows)
[3676/4800] out_n700_rho0.6_correlated_seed5.pcf: ok (9 rows)
[3677/4800] out_n700_rho0.6_correlated_seed6.pcf: ok (9 rows)
[3678/4800] out_n700_rho0.6_correlated_seed7.pcf: ok (9 rows)
[3679/4800] out_n700_rho0.6_correlated_seed8.pcf: ok (9 rows)
[3680/4800] out_n700_rho0.6_correlated_seed9.pcf: ok (9 rows)
[3681/4800] out_n700_rho0.6_exact-ties_seed0.pcf: ok (9 rows)
[3682/4800] out_n700_rho0.6_exact-ties_seed1.pcf: ok (9 rows)
[3683/4800] out_n700_rho0.6_exact-ties_seed2.pcf: ok (9 rows)
[3684/4800] out_n700_rho0.6_exact-ties_seed3.pcf: ok (9 rows)
[3685/4800] out_n700_rho0.6_exact-ties_seed4.pcf: ok (9 rows)
[3686/4800] out_n700_rho0.6_exact-ties_seed5.pcf: ok (9 rows)
[3687/4800] out_n700_rho0.6_exact-ties_seed6.pcf: ok (9 rows)
[3688/4800] out_n700_rho0.6_exact-ties_seed7.pcf: ok (9 rows)
[3689/4800] out_n700_rho0.6_exact-ties_seed8.pcf: ok (9 rows)
[3690/4800] out_n700_rho0.6_exact-ties_seed9.pcf: ok (9 rows)
[3691/4800] out_n700_rho0.6_independent-positive_seed0.pcf: ok (9 rows)
[3692/4800] out_n700_rho0.6_independent-positive_seed1.pcf: ok (9 rows)
[3693/4800] out_n700_rho0.6_independent-positive_seed2.pcf: ok (9 rows)
[3694/4800] out_n700_rho0.6_independent-positive_seed3.pcf: ok (9 rows)
[3695/4800] out_n700_rho0.6_independent-positive_seed4.pcf: ok (9 rows)
[3696/4800] out_n700_rho0.6_independent-positive_seed5.pcf: ok (9 rows)
[3697/4800] out_n700_rho0.6_independent-positive_seed6.pcf: ok (9 rows)
[3698/4800] out_n700_rho0.6_independent-positive_seed7.pcf: ok (9 rows)
[3699/4800] out_n700_rho0.6_independent-positive_seed8.pcf: ok (9 rows)
[3700/4800] out_n700_rho0.6_independent-positive_seed9.pcf: ok (9 rows)
[3701/4800] out_n700_rho0.6_independent-signed_seed0.pcf: ok (9 rows)
[3702/4800] out_n700_rho0.6_independent-signed_seed1.pcf: ok (9 rows)
[3703/4800] out_n700_rho0.6_independent-signed_seed2.pcf: ok (9 rows)
[3704/4800] out_n700_rho0.6_independent-signed_seed3.pcf: ok (9 rows)
[3705/4800] out_n700_rho0.6_independent-signed_seed4.pcf: ok (9 rows)
[3706/4800] out_n700_rho0.6_independent-signed_seed5.pcf: ok (9 rows)
[3707/4800] out_n700_rho0.6_independent-signed_seed6.pcf: ok (9 rows)
[3708/4800] out_n700_rho0.6_independent-signed_seed7.pcf: ok (9 rows)
[3709/4800] out_n700_rho0.6_independent-signed_seed8.pcf: ok (9 rows)
[3710/4800] out_n700_rho0.6_independent-signed_seed9.pcf: ok (9 rows)
[3711/4800] out_n700_rho0.6_near-ties_seed0.pcf: ok (9 rows)
[3712/4800] out_n700_rho0.6_near-ties_seed1.pcf: ok (9 rows)
[3713/4800] out_n700_rho0.6_near-ties_seed2.pcf: ok (9 rows)
[3714/4800] out_n700_rho0.6_near-ties_seed3.pcf: ok (9 rows)
[3715/4800] out_n700_rho0.6_near-ties_seed4.pcf: ok (9 rows)
[3716/4800] out_n700_rho0.6_near-ties_seed5.pcf: ok (9 rows)
[3717/4800] out_n700_rho0.6_near-ties_seed6.pcf: ok (9 rows)
[3718/4800] out_n700_rho0.6_near-ties_seed7.pcf: ok (9 rows)
[3719/4800] out_n700_rho0.6_near-ties_seed8.pcf: ok (9 rows)
[3720/4800] out_n700_rho0.6_near-ties_seed9.pcf: ok (9 rows)
[3721/4800] out_n700_rho0.9_anti-correlated_seed0.pcf: ok (9 rows)
[3722/4800] out_n700_rho0.9_anti-correlated_seed1.pcf: ok (9 rows)
[3723/4800] out_n700_rho0.9_anti-correlated_seed2.pcf: ok (9 rows)
[3724/4800] out_n700_rho0.9_anti-correlated_seed3.pcf: ok (9 rows)
[3725/4800] out_n700_rho0.9_anti-correlated_seed4.pcf: ok (9 rows)
[3726/4800] out_n700_rho0.9_anti-correlated_seed5.pcf: ok (9 rows)
[3727/4800] out_n700_rho0.9_anti-correlated_seed6.pcf: ok (9 rows)
[3728/4800] out_n700_rho0.9_anti-correlated_seed7.pcf: ok (9 rows)
[3729/4800] out_n700_rho0.9_anti-correlated_seed8.pcf: ok (9 rows)
[3730/4800] out_n700_rho0.9_anti-correlated_seed9.pcf: ok (9 rows)
[3731/4800] out_n700_rho0.9_correlated_seed0.pcf: ok (9 rows)
[3732/4800] out_n700_rho0.9_correlated_seed1.pcf: ok (9 rows)
[3733/4800] out_n700_rho0.9_correlated_seed2.pcf: ok (9 rows)
[3734/4800] out_n700_rho0.9_correlated_seed3.pcf: ok (9 rows)
[3735/4800] out_n700_rho0.9_correlated_seed4.pcf: ok (9 rows)
[3736/4800] out_n700_rho0.9_correlated_seed5.pcf: ok (9 rows)
[3737/4800] out_n700_rho0.9_correlated_seed6.pcf: ok (9 rows)
[3738/4800] out_n700_rho0.9_correlated_seed7.pcf: ok (9 rows)
[3739/4800] out_n700_rho0.9_correlated_seed8.pcf: ok (9 rows)
[3740/4800] out_n700_rho0.9_correlated_seed9.pcf: ok (9 rows)
[3741/4800] out_n700_rho0.9_exact-ties_seed0.pcf: ok (9 rows)
[3742/4800] out_n700_rho0.9_exact-ties_seed1.pcf: ok (9 rows)
[3743/4800] out_n700_rho0.9_exact-ties_seed2.pcf: ok (9 rows)
[3744/4800] out_n700_rho0.9_exact-ties_seed3.pcf: ok (9 rows)
[3745/4800] out_n700_rho0.9_exact-ties_seed4.pcf: ok (9 rows)
[3746/4800] out_n700_rho0.9_exact-ties_seed5.pcf: ok (9 rows)
[3747/4800] out_n700_rho0.9_exact-ties_seed6.pcf: ok (9 rows)
[3748/4800] out_n700_rho0.9_exact-ties_seed7.pcf: ok (9 rows)
[3749/4800] out_n700_rho0.9_exact-ties_seed8.pcf: ok (9 rows)
[3750/4800] out_n700_rho0.9_exact-ties_seed9.pcf: ok (9 rows)
[3751/4800] out_n700_rho0.9_independent-positive_seed0.pcf: ok (9 rows)
[3752/4800] out_n700_rho0.9_independent-positive_seed1.pcf: ok (9 rows)
[3753/4800] out_n700_rho0.9_independent-positive_seed2.pcf: ok (9 rows)
[3754/4800] out_n700_rho0.9_independent-positive_seed3.pcf: ok (9 rows)
[3755/4800] out_n700_rho0.9_independent-positive_seed4.pcf: ok (9 rows)
[3756/4800] out_n700_rho0.9_independent-positive_seed5.pcf: ok (9 rows)
[3757/4800] out_n700_rho0.9_independent-positive_seed6.pcf: ok (9 rows)
[3758/4800] out_n700_rho0.9_independent-positive_seed7.pcf: ok (9 rows)
[3759/4800] out_n700_rho0.9_independent-positive_seed8.pcf: ok (9 rows)
[3760/4800] out_n700_rho0.9_independent-positive_seed9.pcf: ok (9 rows)
[3761/4800] out_n700_rho0.9_independent-signed_seed0.pcf: ok (9 rows)
[3762/4800] out_n700_rho0.9_independent-signed_seed1.pcf: ok (9 rows)
[3763/4800] out_n700_rho0.9_independent-signed_seed2.pcf: ok (9 rows)
[3764/4800] out_n700_rho0.9_independent-signed_seed3.pcf: ok (9 rows)
[3765/4800] out_n700_rho0.9_independent-signed_seed4.pcf: ok (9 rows)
[3766/4800] out_n700_rho0.9_independent-signed_seed5.pcf: ok (9 rows)
[3767/4800] out_n700_rho0.9_independent-signed_seed6.pcf: ok (9 rows)
[3768/4800] out_n700_rho0.9_independent-signed_seed7.pcf: ok (9 rows)
[3769/4800] out_n700_rho0.9_independent-signed_seed8.pcf: ok (9 rows)
[3770/4800] out_n700_rho0.9_independent-signed_seed9.pcf: ok (9 rows)
[3771/4800] out_n700_rho0.9_near-ties_seed0.pcf: ok (9 rows)
[3772/4800] out_n700_rho0.9_near-ties_seed1.pcf: ok (9 rows)
[3773/4800] out_n700_rho0.9_near-ties_seed2.pcf: ok (9 rows)
[3774/4800] out_n700_rho0.9_near-ties_seed3.pcf: ok (9 rows)
[3775/4800] out_n700_rho0.9_near-ties_seed4.pcf: ok (9 rows)
[3776/4800] out_n700_rho0.9_near-ties_seed5.pcf: ok (9 rows)
[3777/4800] out_n700_rho0.9_near-ties_seed6.pcf: ok (9 rows)
[3778/4800] out_n700_rho0.9_near-ties_seed7.pcf: ok (9 rows)
[3779/4800] out_n700_rho0.9_near-ties_seed8.pcf: ok (9 rows)
[3780/4800] out_n700_rho0.9_near-ties_seed9.pcf: ok (9 rows)
[3781/4800] out_n700_rho1.0_anti-correlated_seed0.pcf: ok (9 rows)
[3782/4800] out_n700_rho1.0_anti-correlated_seed1.pcf: ok (9 rows)
[3783/4800] out_n700_rho1.0_anti-correlated_seed2.pcf: ok (9 rows)
[3784/4800] out_n700_rho1.0_anti-correlated_seed3.pcf: ok (9 rows)
[3785/4800] out_n700_rho1.0_anti-correlated_seed4.pcf: ok (9 rows)
[3786/4800] out_n700_rho1.0_anti-correlated_seed5.pcf: ok (9 rows)
[3787/4800] out_n700_rho1.0_anti-correlated_seed6.pcf: ok (9 rows)
[3788/4800] out_n700_rho1.0_anti-correlated_seed7.pcf: ok (9 rows)
[3789/4800] out_n700_rho1.0_anti-correlated_seed8.pcf: ok (9 rows)
[3790/4800] out_n700_rho1.0_anti-correlated_seed9.pcf: ok (9 rows)
[3791/4800] out_n700_rho1.0_correlated_seed0.pcf: ok (9 rows)
[3792/4800] out_n700_rho1.0_correlated_seed1.pcf: ok (9 rows)
[3793/4800] out_n700_rho1.0_correlated_seed2.pcf: ok (9 rows)
[3794/4800] out_n700_rho1.0_correlated_seed3.pcf: ok (9 rows)
[3795/4800] out_n700_rho1.0_correlated_seed4.pcf: ok (9 rows)
[3796/4800] out_n700_rho1.0_correlated_seed5.pcf: ok (9 rows)
[3797/4800] out_n700_rho1.0_correlated_seed6.pcf: ok (9 rows)
[3798/4800] out_n700_rho1.0_correlated_seed7.pcf: ok (9 rows)
[3799/4800] out_n700_rho1.0_correlated_seed8.pcf: ok (9 rows)
[3800/4800] out_n700_rho1.0_correlated_seed9.pcf: ok (9 rows)
[3801/4800] out_n700_rho1.0_exact-ties_seed0.pcf: ok (9 rows)
[3802/4800] out_n700_rho1.0_exact-ties_seed1.pcf: ok (9 rows)
[3803/4800] out_n700_rho1.0_exact-ties_seed2.pcf: ok (9 rows)
[3804/4800] out_n700_rho1.0_exact-ties_seed3.pcf: ok (9 rows)
[3805/4800] out_n700_rho1.0_exact-ties_seed4.pcf: ok (9 rows)
[3806/4800] out_n700_rho1.0_exact-ties_seed5.pcf: ok (9 rows)
[3807/4800] out_n700_rho1.0_exact-ties_seed6.pcf: ok (9 rows)
[3808/4800] out_n700_rho1.0_exact-ties_seed7.pcf: ok (9 rows)
[3809/4800] out_n700_rho1.0_exact-ties_seed8.pcf: ok (9 rows)
[3810/4800] out_n700_rho1.0_exact-ties_seed9.pcf: ok (9 rows)
[3811/4800] out_n700_rho1.0_independent-positive_seed0.pcf: ok (9 rows)
[3812/4800] out_n700_rho1.0_independent-positive_seed1.pcf: ok (9 rows)
[3813/4800] out_n700_rho1.0_independent-positive_seed2.pcf: ok (9 rows)
[3814/4800] out_n700_rho1.0_independent-positive_seed3.pcf: ok (9 rows)
[3815/4800] out_n700_rho1.0_independent-positive_seed4.pcf: ok (9 rows)
[3816/4800] out_n700_rho1.0_independent-positive_seed5.pcf: ok (9 rows)
[3817/4800] out_n700_rho1.0_independent-positive_seed6.pcf: ok (9 rows)
[3818/4800] out_n700_rho1.0_independent-positive_seed7.pcf: ok (9 rows)
[3819/4800] out_n700_rho1.0_independent-positive_seed8.pcf: ok (9 rows)
[3820/4800] out_n700_rho1.0_independent-positive_seed9.pcf: ok (9 rows)
[3821/4800] out_n700_rho1.0_independent-signed_seed0.pcf: ok (9 rows)
[3822/4800] out_n700_rho1.0_independent-signed_seed1.pcf: ok (9 rows)
[3823/4800] out_n700_rho1.0_independent-signed_seed2.pcf: ok (9 rows)
[3824/4800] out_n700_rho1.0_independent-signed_seed3.pcf: ok (9 rows)
[3825/4800] out_n700_rho1.0_independent-signed_seed4.pcf: ok (9 rows)
[3826/4800] out_n700_rho1.0_independent-signed_seed5.pcf: ok (9 rows)
[3827/4800] out_n700_rho1.0_independent-signed_seed6.pcf: ok (9 rows)
[3828/4800] out_n700_rho1.0_independent-signed_seed7.pcf: ok (9 rows)
[3829/4800] out_n700_rho1.0_independent-signed_seed8.pcf: ok (9 rows)
[3830/4800] out_n700_rho1.0_independent-signed_seed9.pcf: ok (9 rows)
[3831/4800] out_n700_rho1.0_near-ties_seed0.pcf: ok (9 rows)
[3832/4800] out_n700_rho1.0_near-ties_seed1.pcf: ok (9 rows)
[3833/4800] out_n700_rho1.0_near-ties_seed2.pcf: ok (9 rows)
[3834/4800] out_n700_rho1.0_near-ties_seed3.pcf: ok (9 rows)
[3835/4800] out_n700_rho1.0_near-ties_seed4.pcf: ok (9 rows)
[3836/4800] out_n700_rho1.0_near-ties_seed5.pcf: ok (9 rows)
[3837/4800] out_n700_rho1.0_near-ties_seed6.pcf: ok (9 rows)
[3838/4800] out_n700_rho1.0_near-ties_seed7.pcf: ok (9 rows)
[3839/4800] out_n700_rho1.0_near-ties_seed8.pcf: ok (9 rows)
[3840/4800] out_n700_rho1.0_near-ties_seed9.pcf: ok (9 rows)
[3841/4800] out_n80000_rho0.3_anti-correlated_seed0.pcf: ok (9 rows)
[3842/4800] out_n80000_rho0.3_anti-correlated_seed1.pcf: ok (9 rows)
[3843/4800] out_n80000_rho0.3_anti-correlated_seed2.pcf: ok (9 rows)
[3844/4800] out_n80000_rho0.3_anti-correlated_seed3.pcf: ok (9 rows)
[3845/4800] out_n80000_rho0.3_anti-correlated_seed4.pcf: ok (9 rows)
[3846/4800] out_n80000_rho0.3_anti-correlated_seed5.pcf: ok (9 rows)
[3847/4800] out_n80000_rho0.3_anti-correlated_seed6.pcf: ok (9 rows)
[3848/4800] out_n80000_rho0.3_anti-correlated_seed7.pcf: ok (9 rows)
[3849/4800] out_n80000_rho0.3_anti-correlated_seed8.pcf: ok (9 rows)
[3850/4800] out_n80000_rho0.3_anti-correlated_seed9.pcf: ok (9 rows)
[3851/4800] out_n80000_rho0.3_correlated_seed0.pcf: ok (9 rows)
[3852/4800] out_n80000_rho0.3_correlated_seed1.pcf: ok (9 rows)
[3853/4800] out_n80000_rho0.3_correlated_seed2.pcf: ok (9 rows)
[3854/4800] out_n80000_rho0.3_correlated_seed3.pcf: ok (9 rows)
[3855/4800] out_n80000_rho0.3_correlated_seed4.pcf: ok (9 rows)
[3856/4800] out_n80000_rho0.3_correlated_seed5.pcf: ok (9 rows)
[3857/4800] out_n80000_rho0.3_correlated_seed6.pcf: ok (9 rows)
[3858/4800] out_n80000_rho0.3_correlated_seed7.pcf: ok (9 rows)
[3859/4800] out_n80000_rho0.3_correlated_seed8.pcf: ok (9 rows)
[3860/4800] out_n80000_rho0.3_correlated_seed9.pcf: ok (9 rows)
[3861/4800] out_n80000_rho0.3_exact-ties_seed0.pcf: ok (9 rows)
[3862/4800] out_n80000_rho0.3_exact-ties_seed1.pcf: ok (9 rows)
[3863/4800] out_n80000_rho0.3_exact-ties_seed2.pcf: ok (9 rows)
[3864/4800] out_n80000_rho0.3_exact-ties_seed3.pcf: ok (9 rows)
[3865/4800] out_n80000_rho0.3_exact-ties_seed4.pcf: ok (9 rows)
[3866/4800] out_n80000_rho0.3_exact-ties_seed5.pcf: ok (9 rows)
[3867/4800] out_n80000_rho0.3_exact-ties_seed6.pcf: ok (9 rows)
[3868/4800] out_n80000_rho0.3_exact-ties_seed7.pcf: ok (9 rows)
[3869/4800] out_n80000_rho0.3_exact-ties_seed8.pcf: ok (9 rows)
[3870/4800] out_n80000_rho0.3_exact-ties_seed9.pcf: ok (9 rows)
[3871/4800] out_n80000_rho0.3_independent-positive_seed0.pcf: ok (9 rows)
[3872/4800] out_n80000_rho0.3_independent-positive_seed1.pcf: ok (9 rows)
[3873/4800] out_n80000_rho0.3_independent-positive_seed2.pcf: ok (9 rows)
[3874/4800] out_n80000_rho0.3_independent-positive_seed3.pcf: ok (9 rows)
[3875/4800] out_n80000_rho0.3_independent-positive_seed4.pcf: ok (9 rows)
[3876/4800] out_n80000_rho0.3_independent-positive_seed5.pcf: ok (9 rows)
[3877/4800] out_n80000_rho0.3_independent-positive_seed6.pcf: ok (9 rows)
[3878/4800] out_n80000_rho0.3_independent-positive_seed7.pcf: ok (9 rows)
[3879/4800] out_n80000_rho0.3_independent-positive_seed8.pcf: ok (9 rows)
[3880/4800] out_n80000_rho0.3_independent-positive_seed9.pcf: ok (9 rows)
[3881/4800] out_n80000_rho0.3_independent-signed_seed0.pcf: ok (9 rows)
[3882/4800] out_n80000_rho0.3_independent-signed_seed1.pcf: ok (9 rows)
[3883/4800] out_n80000_rho0.3_independent-signed_seed2.pcf: ok (9 rows)
[3884/4800] out_n80000_rho0.3_independent-signed_seed3.pcf: ok (9 rows)
[3885/4800] out_n80000_rho0.3_independent-signed_seed4.pcf: ok (9 rows)
[3886/4800] out_n80000_rho0.3_independent-signed_seed5.pcf: ok (9 rows)
[3887/4800] out_n80000_rho0.3_independent-signed_seed6.pcf: ok (9 rows)
[3888/4800] out_n80000_rho0.3_independent-signed_seed7.pcf: ok (9 rows)
[3889/4800] out_n80000_rho0.3_independent-signed_seed8.pcf: ok (9 rows)
[3890/4800] out_n80000_rho0.3_independent-signed_seed9.pcf: ok (9 rows)
[3891/4800] out_n80000_rho0.3_near-ties_seed0.pcf: ok (9 rows)
[3892/4800] out_n80000_rho0.3_near-ties_seed1.pcf: ok (9 rows)
[3893/4800] out_n80000_rho0.3_near-ties_seed2.pcf: ok (9 rows)
[3894/4800] out_n80000_rho0.3_near-ties_seed3.pcf: ok (9 rows)
[3895/4800] out_n80000_rho0.3_near-ties_seed4.pcf: ok (9 rows)
[3896/4800] out_n80000_rho0.3_near-ties_seed5.pcf: ok (9 rows)
[3897/4800] out_n80000_rho0.3_near-ties_seed6.pcf: ok (9 rows)
[3898/4800] out_n80000_rho0.3_near-ties_seed7.pcf: ok (9 rows)
[3899/4800] out_n80000_rho0.3_near-ties_seed8.pcf: ok (9 rows)
[3900/4800] out_n80000_rho0.3_near-ties_seed9.pcf: ok (9 rows)
[3901/4800] out_n80000_rho0.6_anti-correlated_seed0.pcf: ok (9 rows)
[3902/4800] out_n80000_rho0.6_anti-correlated_seed1.pcf: ok (9 rows)
[3903/4800] out_n80000_rho0.6_anti-correlated_seed2.pcf: ok (9 rows)
[3904/4800] out_n80000_rho0.6_anti-correlated_seed3.pcf: ok (9 rows)
[3905/4800] out_n80000_rho0.6_anti-correlated_seed4.pcf: ok (9 rows)
[3906/4800] out_n80000_rho0.6_anti-correlated_seed5.pcf: ok (9 rows)
[3907/4800] out_n80000_rho0.6_anti-correlated_seed6.pcf: ok (9 rows)
[3908/4800] out_n80000_rho0.6_anti-correlated_seed7.pcf: ok (9 rows)
[3909/4800] out_n80000_rho0.6_anti-correlated_seed8.pcf: ok (9 rows)
[3910/4800] out_n80000_rho0.6_anti-correlated_seed9.pcf: ok (9 rows)
[3911/4800] out_n80000_rho0.6_correlated_seed0.pcf: ok (9 rows)
[3912/4800] out_n80000_rho0.6_correlated_seed1.pcf: ok (9 rows)
[3913/4800] out_n80000_rho0.6_correlated_seed2.pcf: ok (9 rows)
[3914/4800] out_n80000_rho0.6_correlated_seed3.pcf: ok (9 rows)
[3915/4800] out_n80000_rho0.6_correlated_seed4.pcf: ok (9 rows)
[3916/4800] out_n80000_rho0.6_correlated_seed5.pcf: ok (9 rows)
[3917/4800] out_n80000_rho0.6_correlated_seed6.pcf: ok (9 rows)
[3918/4800] out_n80000_rho0.6_correlated_seed7.pcf: ok (9 rows)
[3919/4800] out_n80000_rho0.6_correlated_seed8.pcf: ok (9 rows)
[3920/4800] out_n80000_rho0.6_correlated_seed9.pcf: ok (9 rows)
[3921/4800] out_n80000_rho0.6_exact-ties_seed0.pcf: ok (9 rows)
[3922/4800] out_n80000_rho0.6_exact-ties_seed1.pcf: ok (9 rows)
[3923/4800] out_n80000_rho0.6_exact-ties_seed2.pcf: ok (9 rows)
[3924/4800] out_n80000_rho0.6_exact-ties_seed3.pcf: ok (9 rows)
[3925/4800] out_n80000_rho0.6_exact-ties_seed4.pcf: ok (9 rows)
[3926/4800] out_n80000_rho0.6_exact-ties_seed5.pcf: ok (9 rows)
[3927/4800] out_n80000_rho0.6_exact-ties_seed6.pcf: ok (9 rows)
[3928/4800] out_n80000_rho0.6_exact-ties_seed7.pcf: ok (9 rows)
[3929/4800] out_n80000_rho0.6_exact-ties_seed8.pcf: ok (9 rows)
[3930/4800] out_n80000_rho0.6_exact-ties_seed9.pcf: ok (9 rows)
[3931/4800] out_n80000_rho0.6_independent-positive_seed0.pcf: ok (9 rows)
[3932/4800] out_n80000_rho0.6_independent-positive_seed1.pcf: ok (9 rows)
[3933/4800] out_n80000_rho0.6_independent-positive_seed2.pcf: ok (9 rows)
[3934/4800] out_n80000_rho0.6_independent-positive_seed3.pcf: ok (9 rows)
[3935/4800] out_n80000_rho0.6_independent-positive_seed4.pcf: ok (9 rows)
[3936/4800] out_n80000_rho0.6_independent-positive_seed5.pcf: ok (9 rows)
[3937/4800] out_n80000_rho0.6_independent-positive_seed6.pcf: ok (9 rows)
[3938/4800] out_n80000_rho0.6_independent-positive_seed7.pcf: ok (9 rows)
[3939/4800] out_n80000_rho0.6_independent-positive_seed8.pcf: ok (9 rows)
[3940/4800] out_n80000_rho0.6_independent-positive_seed9.pcf: ok (9 rows)
[3941/4800] out_n80000_rho0.6_independent-signed_seed0.pcf: ok (9 rows)
[3942/4800] out_n80000_rho0.6_independent-signed_seed1.pcf: ok (9 rows)
[3943/4800] out_n80000_rho0.6_independent-signed_seed2.pcf: ok (9 rows)
[3944/4800] out_n80000_rho0.6_independent-signed_seed3.pcf: ok (9 rows)
[3945/4800] out_n80000_rho0.6_independent-signed_seed4.pcf: ok (9 rows)
[3946/4800] out_n80000_rho0.6_independent-signed_seed5.pcf: ok (9 rows)
[3947/4800] out_n80000_rho0.6_independent-signed_seed6.pcf: ok (9 rows)
[3948/4800] out_n80000_rho0.6_independent-signed_seed7.pcf: ok (9 rows)
[3949/4800] out_n80000_rho0.6_independent-signed_seed8.pcf: ok (9 rows)
[3950/4800] out_n80000_rho0.6_independent-signed_seed9.pcf: ok (9 rows)
[3951/4800] out_n80000_rho0.6_near-ties_seed0.pcf: ok (9 rows)
[3952/4800] out_n80000_rho0.6_near-ties_seed1.pcf: ok (9 rows)
[3953/4800] out_n80000_rho0.6_near-ties_seed2.pcf: ok (9 rows)
[3954/4800] out_n80000_rho0.6_near-ties_seed3.pcf: ok (9 rows)
[3955/4800] out_n80000_rho0.6_near-ties_seed4.pcf: ok (9 rows)
[3956/4800] out_n80000_rho0.6_near-ties_seed5.pcf: ok (9 rows)
[3957/4800] out_n80000_rho0.6_near-ties_seed6.pcf: ok (9 rows)
[3958/4800] out_n80000_rho0.6_near-ties_seed7.pcf: ok (9 rows)
[3959/4800] out_n80000_rho0.6_near-ties_seed8.pcf: ok (9 rows)
[3960/4800] out_n80000_rho0.6_near-ties_seed9.pcf: ok (9 rows)
[3961/4800] out_n80000_rho0.9_anti-correlated_seed0.pcf: ok (9 rows)
[3962/4800] out_n80000_rho0.9_anti-correlated_seed1.pcf: ok (9 rows)
[3963/4800] out_n80000_rho0.9_anti-correlated_seed2.pcf: ok (9 rows)
[3964/4800] out_n80000_rho0.9_anti-correlated_seed3.pcf: ok (9 rows)
[3965/4800] out_n80000_rho0.9_anti-correlated_seed4.pcf: ok (9 rows)
[3966/4800] out_n80000_rho0.9_anti-correlated_seed5.pcf: ok (9 rows)
[3967/4800] out_n80000_rho0.9_anti-correlated_seed6.pcf: ok (9 rows)
[3968/4800] out_n80000_rho0.9_anti-correlated_seed7.pcf: ok (9 rows)
[3969/4800] out_n80000_rho0.9_anti-correlated_seed8.pcf: ok (9 rows)
[3970/4800] out_n80000_rho0.9_anti-correlated_seed9.pcf: ok (9 rows)
[3971/4800] out_n80000_rho0.9_correlated_seed0.pcf: ok (9 rows)
[3972/4800] out_n80000_rho0.9_correlated_seed1.pcf: ok (9 rows)
[3973/4800] out_n80000_rho0.9_correlated_seed2.pcf: ok (9 rows)
[3974/4800] out_n80000_rho0.9_correlated_seed3.pcf: ok (9 rows)
[3975/4800] out_n80000_rho0.9_correlated_seed4.pcf: ok (9 rows)
[3976/4800] out_n80000_rho0.9_correlated_seed5.pcf: ok (9 rows)
[3977/4800] out_n80000_rho0.9_correlated_seed6.pcf: ok (9 rows)
[3978/4800] out_n80000_rho0.9_correlated_seed7.pcf: ok (9 rows)
[3979/4800] out_n80000_rho0.9_correlated_seed8.pcf: ok (9 rows)
[3980/4800] out_n80000_rho0.9_correlated_seed9.pcf: ok (9 rows)
[3981/4800] out_n80000_rho0.9_exact-ties_seed0.pcf: ok (9 rows)
[3982/4800] out_n80000_rho0.9_exact-ties_seed1.pcf: ok (9 rows)
[3983/4800] out_n80000_rho0.9_exact-ties_seed2.pcf: ok (9 rows)
[3984/4800] out_n80000_rho0.9_exact-ties_seed3.pcf: ok (9 rows)
[3985/4800] out_n80000_rho0.9_exact-ties_seed4.pcf: ok (9 rows)
[3986/4800] out_n80000_rho0.9_exact-ties_seed5.pcf: ok (9 rows)
[3987/4800] out_n80000_rho0.9_exact-ties_seed6.pcf: ok (9 rows)
[3988/4800] out_n80000_rho0.9_exact-ties_seed7.pcf: ok (9 rows)
[3989/4800] out_n80000_rho0.9_exact-ties_seed8.pcf: ok (9 rows)
[3990/4800] out_n80000_rho0.9_exact-ties_seed9.pcf: ok (9 rows)
[3991/4800] out_n80000_rho0.9_independent-positive_seed0.pcf: ok (9 rows)
[3992/4800] out_n80000_rho0.9_independent-positive_seed1.pcf: ok (9 rows)
[3993/4800] out_n80000_rho0.9_independent-positive_seed2.pcf: ok (9 rows)
[3994/4800] out_n80000_rho0.9_independent-positive_seed3.pcf: ok (9 rows)
[3995/4800] out_n80000_rho0.9_independent-positive_seed4.pcf: ok (9 rows)
[3996/4800] out_n80000_rho0.9_independent-positive_seed5.pcf: ok (9 rows)
[3997/4800] out_n80000_rho0.9_independent-positive_seed6.pcf: ok (9 rows)
[3998/4800] out_n80000_rho0.9_independent-positive_seed7.pcf: ok (9 rows)
[3999/4800] out_n80000_rho0.9_independent-positive_seed8.pcf: ok (9 rows)
[4000/4800] out_n80000_rho0.9_independent-positive_seed9.pcf: ok (9 rows)
[4001/4800] out_n80000_rho0.9_independent-signed_seed0.pcf: ok (9 rows)
[4002/4800] out_n80000_rho0.9_independent-signed_seed1.pcf: ok (9 rows)
[4003/4800] out_n80000_rho0.9_independent-signed_seed2.pcf: ok (9 rows)
[4004/4800] out_n80000_rho0.9_independent-signed_seed3.pcf: ok (9 rows)
[4005/4800] out_n80000_rho0.9_independent-signed_seed4.pcf: ok (9 rows)
[4006/4800] out_n80000_rho0.9_independent-signed_seed5.pcf: ok (9 rows)
[4007/4800] out_n80000_rho0.9_independent-signed_seed6.pcf: ok (9 rows)
[4008/4800] out_n80000_rho0.9_independent-signed_seed7.pcf: ok (9 rows)
[4009/4800] out_n80000_rho0.9_independent-signed_seed8.pcf: ok (9 rows)
[4010/4800] out_n80000_rho0.9_independent-signed_seed9.pcf: ok (9 rows)
[4011/4800] out_n80000_rho0.9_near-ties_seed0.pcf: ok (9 rows)
[4012/4800] out_n80000_rho0.9_near-ties_seed1.pcf: ok (9 rows)
[4013/4800] out_n80000_rho0.9_near-ties_seed2.pcf: ok (9 rows)
[4014/4800] out_n80000_rho0.9_near-ties_seed3.pcf: ok (9 rows)
[4015/4800] out_n80000_rho0.9_near-ties_seed4.pcf: ok (9 rows)
[4016/4800] out_n80000_rho0.9_near-ties_seed5.pcf: ok (9 rows)
[4017/4800] out_n80000_rho0.9_near-ties_seed6.pcf: ok (9 rows)
[4018/4800] out_n80000_rho0.9_near-ties_seed7.pcf: ok (9 rows)
[4019/4800] out_n80000_rho0.9_near-ties_seed8.pcf: ok (9 rows)
[4020/4800] out_n80000_rho0.9_near-ties_seed9.pcf: ok (9 rows)
[4021/4800] out_n80000_rho1.0_anti-correlated_seed0.pcf: ok (9 rows)
[4022/4800] out_n80000_rho1.0_anti-correlated_seed1.pcf: ok (9 rows)
[4023/4800] out_n80000_rho1.0_anti-correlated_seed2.pcf: ok (9 rows)
[4024/4800] out_n80000_rho1.0_anti-correlated_seed3.pcf: ok (9 rows)
[4025/4800] out_n80000_rho1.0_anti-correlated_seed4.pcf: ok (9 rows)
[4026/4800] out_n80000_rho1.0_anti-correlated_seed5.pcf: ok (9 rows)
[4027/4800] out_n80000_rho1.0_anti-correlated_seed6.pcf: ok (9 rows)
[4028/4800] out_n80000_rho1.0_anti-correlated_seed7.pcf: ok (9 rows)
[4029/4800] out_n80000_rho1.0_anti-correlated_seed8.pcf: ok (9 rows)
[4030/4800] out_n80000_rho1.0_anti-correlated_seed9.pcf: ok (9 rows)
[4031/4800] out_n80000_rho1.0_correlated_seed0.pcf: ok (9 rows)
[4032/4800] out_n80000_rho1.0_correlated_seed1.pcf: ok (9 rows)
[4033/4800] out_n80000_rho1.0_correlated_seed2.pcf: ok (9 rows)
[4034/4800] out_n80000_rho1.0_correlated_seed3.pcf: ok (9 rows)
[4035/4800] out_n80000_rho1.0_correlated_seed4.pcf: ok (9 rows)
[4036/4800] out_n80000_rho1.0_correlated_seed5.pcf: ok (9 rows)
[4037/4800] out_n80000_rho1.0_correlated_seed6.pcf: ok (9 rows)
[4038/4800] out_n80000_rho1.0_correlated_seed7.pcf: ok (9 rows)
[4039/4800] out_n80000_rho1.0_correlated_seed8.pcf: ok (9 rows)
[4040/4800] out_n80000_rho1.0_correlated_seed9.pcf: ok (9 rows)
[4041/4800] out_n80000_rho1.0_exact-ties_seed0.pcf: ok (9 rows)
[4042/4800] out_n80000_rho1.0_exact-ties_seed1.pcf: ok (9 rows)
[4043/4800] out_n80000_rho1.0_exact-ties_seed2.pcf: ok (9 rows)
[4044/4800] out_n80000_rho1.0_exact-ties_seed3.pcf: ok (9 rows)
[4045/4800] out_n80000_rho1.0_exact-ties_seed4.pcf: ok (9 rows)
[4046/4800] out_n80000_rho1.0_exact-ties_seed5.pcf: ok (9 rows)
[4047/4800] out_n80000_rho1.0_exact-ties_seed6.pcf: ok (9 rows)
[4048/4800] out_n80000_rho1.0_exact-ties_seed7.pcf: ok (9 rows)
[4049/4800] out_n80000_rho1.0_exact-ties_seed8.pcf: ok (9 rows)
[4050/4800] out_n80000_rho1.0_exact-ties_seed9.pcf: ok (9 rows)
[4051/4800] out_n80000_rho1.0_independent-positive_seed0.pcf: ok (9 rows)
[4052/4800] out_n80000_rho1.0_independent-positive_seed1.pcf: ok (9 rows)
[4053/4800] out_n80000_rho1.0_independent-positive_seed2.pcf: ok (9 rows)
[4054/4800] out_n80000_rho1.0_independent-positive_seed3.pcf: ok (9 rows)
[4055/4800] out_n80000_rho1.0_independent-positive_seed4.pcf: ok (9 rows)
[4056/4800] out_n80000_rho1.0_independent-positive_seed5.pcf: ok (9 rows)
[4057/4800] out_n80000_rho1.0_independent-positive_seed6.pcf: ok (9 rows)
[4058/4800] out_n80000_rho1.0_independent-positive_seed7.pcf: ok (9 rows)
[4059/4800] out_n80000_rho1.0_independent-positive_seed8.pcf: ok (9 rows)
[4060/4800] out_n80000_rho1.0_independent-positive_seed9.pcf: ok (9 rows)
[4061/4800] out_n80000_rho1.0_independent-signed_seed0.pcf: ok (9 rows)
[4062/4800] out_n80000_rho1.0_independent-signed_seed1.pcf: ok (9 rows)
[4063/4800] out_n80000_rho1.0_independent-signed_seed2.pcf: ok (9 rows)
[4064/4800] out_n80000_rho1.0_independent-signed_seed3.pcf: ok (9 rows)
[4065/4800] out_n80000_rho1.0_independent-signed_seed4.pcf: ok (9 rows)
[4066/4800] out_n80000_rho1.0_independent-signed_seed5.pcf: ok (9 rows)
[4067/4800] out_n80000_rho1.0_independent-signed_seed6.pcf: ok (9 rows)
[4068/4800] out_n80000_rho1.0_independent-signed_seed7.pcf: ok (9 rows)
[4069/4800] out_n80000_rho1.0_independent-signed_seed8.pcf: ok (9 rows)
[4070/4800] out_n80000_rho1.0_independent-signed_seed9.pcf: ok (9 rows)
[4071/4800] out_n80000_rho1.0_near-ties_seed0.pcf: ok (9 rows)
[4072/4800] out_n80000_rho1.0_near-ties_seed1.pcf: ok (9 rows)
[4073/4800] out_n80000_rho1.0_near-ties_seed2.pcf: ok (9 rows)
[4074/4800] out_n80000_rho1.0_near-ties_seed3.pcf: ok (9 rows)
[4075/4800] out_n80000_rho1.0_near-ties_seed4.pcf: ok (9 rows)
[4076/4800] out_n80000_rho1.0_near-ties_seed5.pcf: ok (9 rows)
[4077/4800] out_n80000_rho1.0_near-ties_seed6.pcf: ok (9 rows)
[4078/4800] out_n80000_rho1.0_near-ties_seed7.pcf: ok (9 rows)
[4079/4800] out_n80000_rho1.0_near-ties_seed8.pcf: ok (9 rows)
[4080/4800] out_n80000_rho1.0_near-ties_seed9.pcf: ok (9 rows)
[4081/4800] out_n800_rho0.3_anti-correlated_seed0.pcf: ok (9 rows)
[4082/4800] out_n800_rho0.3_anti-correlated_seed1.pcf: ok (9 rows)
[4083/4800] out_n800_rho0.3_anti-correlated_seed2.pcf: ok (9 rows)
[4084/4800] out_n800_rho0.3_anti-correlated_seed3.pcf: ok (9 rows)
[4085/4800] out_n800_rho0.3_anti-correlated_seed4.pcf: ok (9 rows)
[4086/4800] out_n800_rho0.3_anti-correlated_seed5.pcf: ok (9 rows)
[4087/4800] out_n800_rho0.3_anti-correlated_seed6.pcf: ok (9 rows)
[4088/4800] out_n800_rho0.3_anti-correlated_seed7.pcf: ok (9 rows)
[4089/4800] out_n800_rho0.3_anti-correlated_seed8.pcf: ok (9 rows)
[4090/4800] out_n800_rho0.3_anti-correlated_seed9.pcf: ok (9 rows)
[4091/4800] out_n800_rho0.3_correlated_seed0.pcf: ok (9 rows)
[4092/4800] out_n800_rho0.3_correlated_seed1.pcf: ok (9 rows)
[4093/4800] out_n800_rho0.3_correlated_seed2.pcf: ok (9 rows)
[4094/4800] out_n800_rho0.3_correlated_seed3.pcf: ok (9 rows)
[4095/4800] out_n800_rho0.3_correlated_seed4.pcf: ok (9 rows)
[4096/4800] out_n800_rho0.3_correlated_seed5.pcf: ok (9 rows)
[4097/4800] out_n800_rho0.3_correlated_seed6.pcf: ok (9 rows)
[4098/4800] out_n800_rho0.3_correlated_seed7.pcf: ok (9 rows)
[4099/4800] out_n800_rho0.3_correlated_seed8.pcf: ok (9 rows)
[4100/4800] out_n800_rho0.3_correlated_seed9.pcf: ok (9 rows)
[4101/4800] out_n800_rho0.3_exact-ties_seed0.pcf: ok (9 rows)
[4102/4800] out_n800_rho0.3_exact-ties_seed1.pcf: ok (9 rows)
[4103/4800] out_n800_rho0.3_exact-ties_seed2.pcf: ok (9 rows)
[4104/4800] out_n800_rho0.3_exact-ties_seed3.pcf: ok (9 rows)
[4105/4800] out_n800_rho0.3_exact-ties_seed4.pcf: ok (9 rows)
[4106/4800] out_n800_rho0.3_exact-ties_seed5.pcf: ok (9 rows)
[4107/4800] out_n800_rho0.3_exact-ties_seed6.pcf: ok (9 rows)
[4108/4800] out_n800_rho0.3_exact-ties_seed7.pcf: ok (9 rows)
[4109/4800] out_n800_rho0.3_exact-ties_seed8.pcf: ok (9 rows)
[4110/4800] out_n800_rho0.3_exact-ties_seed9.pcf: ok (9 rows)
[4111/4800] out_n800_rho0.3_independent-positive_seed0.pcf: ok (9 rows)
[4112/4800] out_n800_rho0.3_independent-positive_seed1.pcf: ok (9 rows)
[4113/4800] out_n800_rho0.3_independent-positive_seed2.pcf: ok (9 rows)
[4114/4800] out_n800_rho0.3_independent-positive_seed3.pcf: ok (9 rows)
[4115/4800] out_n800_rho0.3_independent-positive_seed4.pcf: ok (9 rows)
[4116/4800] out_n800_rho0.3_independent-positive_seed5.pcf: ok (9 rows)
[4117/4800] out_n800_rho0.3_independent-positive_seed6.pcf: ok (9 rows)
[4118/4800] out_n800_rho0.3_independent-positive_seed7.pcf: ok (9 rows)
[4119/4800] out_n800_rho0.3_independent-positive_seed8.pcf: ok (9 rows)
[4120/4800] out_n800_rho0.3_independent-positive_seed9.pcf: ok (9 rows)
[4121/4800] out_n800_rho0.3_independent-signed_seed0.pcf: ok (9 rows)
[4122/4800] out_n800_rho0.3_independent-signed_seed1.pcf: ok (9 rows)
[4123/4800] out_n800_rho0.3_independent-signed_seed2.pcf: ok (9 rows)
[4124/4800] out_n800_rho0.3_independent-signed_seed3.pcf: ok (9 rows)
[4125/4800] out_n800_rho0.3_independent-signed_seed4.pcf: ok (9 rows)
[4126/4800] out_n800_rho0.3_independent-signed_seed5.pcf: ok (9 rows)
[4127/4800] out_n800_rho0.3_independent-signed_seed6.pcf: ok (9 rows)
[4128/4800] out_n800_rho0.3_independent-signed_seed7.pcf: ok (9 rows)
[4129/4800] out_n800_rho0.3_independent-signed_seed8.pcf: ok (9 rows)
[4130/4800] out_n800_rho0.3_independent-signed_seed9.pcf: ok (9 rows)
[4131/4800] out_n800_rho0.3_near-ties_seed0.pcf: ok (9 rows)
[4132/4800] out_n800_rho0.3_near-ties_seed1.pcf: ok (9 rows)
[4133/4800] out_n800_rho0.3_near-ties_seed2.pcf: ok (9 rows)
[4134/4800] out_n800_rho0.3_near-ties_seed3.pcf: ok (9 rows)
[4135/4800] out_n800_rho0.3_near-ties_seed4.pcf: ok (9 rows)
[4136/4800] out_n800_rho0.3_near-ties_seed5.pcf: ok (9 rows)
[4137/4800] out_n800_rho0.3_near-ties_seed6.pcf: ok (9 rows)
[4138/4800] out_n800_rho0.3_near-ties_seed7.pcf: ok (9 rows)
[4139/4800] out_n800_rho0.3_near-ties_seed8.pcf: ok (9 rows)
[4140/4800] out_n800_rho0.3_near-ties_seed9.pcf: ok (9 rows)
[4141/4800] out_n800_rho0.6_anti-correlated_seed0.pcf: ok (9 rows)
[4142/4800] out_n800_rho0.6_anti-correlated_seed1.pcf: ok (9 rows)
[4143/4800] out_n800_rho0.6_anti-correlated_seed2.pcf: ok (9 rows)
[4144/4800] out_n800_rho0.6_anti-correlated_seed3.pcf: ok (9 rows)
[4145/4800] out_n800_rho0.6_anti-correlated_seed4.pcf: ok (9 rows)
[4146/4800] out_n800_rho0.6_anti-correlated_seed5.pcf: ok (9 rows)
[4147/4800] out_n800_rho0.6_anti-correlated_seed6.pcf: ok (9 rows)
[4148/4800] out_n800_rho0.6_anti-correlated_seed7.pcf: ok (9 rows)
[4149/4800] out_n800_rho0.6_anti-correlated_seed8.pcf: ok (9 rows)
[4150/4800] out_n800_rho0.6_anti-correlated_seed9.pcf: ok (9 rows)
[4151/4800] out_n800_rho0.6_correlated_seed0.pcf: ok (9 rows)
[4152/4800] out_n800_rho0.6_correlated_seed1.pcf: ok (9 rows)
[4153/4800] out_n800_rho0.6_correlated_seed2.pcf: ok (9 rows)
[4154/4800] out_n800_rho0.6_correlated_seed3.pcf: ok (9 rows)
[4155/4800] out_n800_rho0.6_correlated_seed4.pcf: ok (9 rows)
[4156/4800] out_n800_rho0.6_correlated_seed5.pcf: ok (9 rows)
[4157/4800] out_n800_rho0.6_correlated_seed6.pcf: ok (9 rows)
[4158/4800] out_n800_rho0.6_correlated_seed7.pcf: ok (9 rows)
[4159/4800] out_n800_rho0.6_correlated_seed8.pcf: ok (9 rows)
[4160/4800] out_n800_rho0.6_correlated_seed9.pcf: ok (9 rows)
[4161/4800] out_n800_rho0.6_exact-ties_seed0.pcf: ok (9 rows)
[4162/4800] out_n800_rho0.6_exact-ties_seed1.pcf: ok (9 rows)
[4163/4800] out_n800_rho0.6_exact-ties_seed2.pcf: ok (9 rows)
[4164/4800] out_n800_rho0.6_exact-ties_seed3.pcf: ok (9 rows)
[4165/4800] out_n800_rho0.6_exact-ties_seed4.pcf: ok (9 rows)
[4166/4800] out_n800_rho0.6_exact-ties_seed5.pcf: ok (9 rows)
[4167/4800] out_n800_rho0.6_exact-ties_seed6.pcf: ok (9 rows)
[4168/4800] out_n800_rho0.6_exact-ties_seed7.pcf: ok (9 rows)
[4169/4800] out_n800_rho0.6_exact-ties_seed8.pcf: ok (9 rows)
[4170/4800] out_n800_rho0.6_exact-ties_seed9.pcf: ok (9 rows)
[4171/4800] out_n800_rho0.6_independent-positive_seed0.pcf: ok (9 rows)
[4172/4800] out_n800_rho0.6_independent-positive_seed1.pcf: ok (9 rows)
[4173/4800] out_n800_rho0.6_independent-positive_seed2.pcf: ok (9 rows)
[4174/4800] out_n800_rho0.6_independent-positive_seed3.pcf: ok (9 rows)
[4175/4800] out_n800_rho0.6_independent-positive_seed4.pcf: ok (9 rows)
[4176/4800] out_n800_rho0.6_independent-positive_seed5.pcf: ok (9 rows)
[4177/4800] out_n800_rho0.6_independent-positive_seed6.pcf: ok (9 rows)
[4178/4800] out_n800_rho0.6_independent-positive_seed7.pcf: ok (9 rows)
[4179/4800] out_n800_rho0.6_independent-positive_seed8.pcf: ok (9 rows)
[4180/4800] out_n800_rho0.6_independent-positive_seed9.pcf: ok (9 rows)
[4181/4800] out_n800_rho0.6_independent-signed_seed0.pcf: ok (9 rows)
[4182/4800] out_n800_rho0.6_independent-signed_seed1.pcf: ok (9 rows)
[4183/4800] out_n800_rho0.6_independent-signed_seed2.pcf: ok (9 rows)
[4184/4800] out_n800_rho0.6_independent-signed_seed3.pcf: ok (9 rows)
[4185/4800] out_n800_rho0.6_independent-signed_seed4.pcf: ok (9 rows)
[4186/4800] out_n800_rho0.6_independent-signed_seed5.pcf: ok (9 rows)
[4187/4800] out_n800_rho0.6_independent-signed_seed6.pcf: ok (9 rows)
[4188/4800] out_n800_rho0.6_independent-signed_seed7.pcf: ok (9 rows)
[4189/4800] out_n800_rho0.6_independent-signed_seed8.pcf: ok (9 rows)
[4190/4800] out_n800_rho0.6_independent-signed_seed9.pcf: ok (9 rows)
[4191/4800] out_n800_rho0.6_near-ties_seed0.pcf: ok (9 rows)
[4192/4800] out_n800_rho0.6_near-ties_seed1.pcf: ok (9 rows)
[4193/4800] out_n800_rho0.6_near-ties_seed2.pcf: ok (9 rows)
[4194/4800] out_n800_rho0.6_near-ties_seed3.pcf: ok (9 rows)
[4195/4800] out_n800_rho0.6_near-ties_seed4.pcf: ok (9 rows)
[4196/4800] out_n800_rho0.6_near-ties_seed5.pcf: ok (9 rows)
[4197/4800] out_n800_rho0.6_near-ties_seed6.pcf: ok (9 rows)
[4198/4800] out_n800_rho0.6_near-ties_seed7.pcf: ok (9 rows)
[4199/4800] out_n800_rho0.6_near-ties_seed8.pcf: ok (9 rows)
[4200/4800] out_n800_rho0.6_near-ties_seed9.pcf: ok (9 rows)
[4201/4800] out_n800_rho0.9_anti-correlated_seed0.pcf: ok (9 rows)
[4202/4800] out_n800_rho0.9_anti-correlated_seed1.pcf: ok (9 rows)
[4203/4800] out_n800_rho0.9_anti-correlated_seed2.pcf: ok (9 rows)
[4204/4800] out_n800_rho0.9_anti-correlated_seed3.pcf: ok (9 rows)
[4205/4800] out_n800_rho0.9_anti-correlated_seed4.pcf: ok (9 rows)
[4206/4800] out_n800_rho0.9_anti-correlated_seed5.pcf: ok (9 rows)
[4207/4800] out_n800_rho0.9_anti-correlated_seed6.pcf: ok (9 rows)
[4208/4800] out_n800_rho0.9_anti-correlated_seed7.pcf: ok (9 rows)
[4209/4800] out_n800_rho0.9_anti-correlated_seed8.pcf: ok (9 rows)
[4210/4800] out_n800_rho0.9_anti-correlated_seed9.pcf: ok (9 rows)
[4211/4800] out_n800_rho0.9_correlated_seed0.pcf: ok (9 rows)
[4212/4800] out_n800_rho0.9_correlated_seed1.pcf: ok (9 rows)
[4213/4800] out_n800_rho0.9_correlated_seed2.pcf: ok (9 rows)
[4214/4800] out_n800_rho0.9_correlated_seed3.pcf: ok (9 rows)
[4215/4800] out_n800_rho0.9_correlated_seed4.pcf: ok (9 rows)
[4216/4800] out_n800_rho0.9_correlated_seed5.pcf: ok (9 rows)
[4217/4800] out_n800_rho0.9_correlated_seed6.pcf: ok (9 rows)
[4218/4800] out_n800_rho0.9_correlated_seed7.pcf: ok (9 rows)
[4219/4800] out_n800_rho0.9_correlated_seed8.pcf: ok (9 rows)
[4220/4800] out_n800_rho0.9_correlated_seed9.pcf: ok (9 rows)
[4221/4800] out_n800_rho0.9_exact-ties_seed0.pcf: ok (9 rows)
[4222/4800] out_n800_rho0.9_exact-ties_seed1.pcf: ok (9 rows)
[4223/4800] out_n800_rho0.9_exact-ties_seed2.pcf: ok (9 rows)
[4224/4800] out_n800_rho0.9_exact-ties_seed3.pcf: ok (9 rows)
[4225/4800] out_n800_rho0.9_exact-ties_seed4.pcf: ok (9 rows)
[4226/4800] out_n800_rho0.9_exact-ties_seed5.pcf: ok (9 rows)
[4227/4800] out_n800_rho0.9_exact-ties_seed6.pcf: ok (9 rows)
[4228/4800] out_n800_rho0.9_exact-ties_seed7.pcf: ok (9 rows)
[4229/4800] out_n800_rho0.9_exact-ties_seed8.pcf: ok (9 rows)
[4230/4800] out_n800_rho0.9_exact-ties_seed9.pcf: ok (9 rows)
[4231/4800] out_n800_rho0.9_independent-positive_seed0.pcf: ok (9 rows)
[4232/4800] out_n800_rho0.9_independent-positive_seed1.pcf: ok (9 rows)
[4233/4800] out_n800_rho0.9_independent-positive_seed2.pcf: ok (9 rows)
[4234/4800] out_n800_rho0.9_independent-positive_seed3.pcf: ok (9 rows)
[4235/4800] out_n800_rho0.9_independent-positive_seed4.pcf: ok (9 rows)
[4236/4800] out_n800_rho0.9_independent-positive_seed5.pcf: ok (9 rows)
[4237/4800] out_n800_rho0.9_independent-positive_seed6.pcf: ok (9 rows)
[4238/4800] out_n800_rho0.9_independent-positive_seed7.pcf: ok (9 rows)
[4239/4800] out_n800_rho0.9_independent-positive_seed8.pcf: ok (9 rows)
[4240/4800] out_n800_rho0.9_independent-positive_seed9.pcf: ok (9 rows)
[4241/4800] out_n800_rho0.9_independent-signed_seed0.pcf: ok (9 rows)
[4242/4800] out_n800_rho0.9_independent-signed_seed1.pcf: ok (9 rows)
[4243/4800] out_n800_rho0.9_independent-signed_seed2.pcf: ok (9 rows)
[4244/4800] out_n800_rho0.9_independent-signed_seed3.pcf: ok (9 rows)
[4245/4800] out_n800_rho0.9_independent-signed_seed4.pcf: ok (9 rows)
[4246/4800] out_n800_rho0.9_independent-signed_seed5.pcf: ok (9 rows)
[4247/4800] out_n800_rho0.9_independent-signed_seed6.pcf: ok (9 rows)
[4248/4800] out_n800_rho0.9_independent-signed_seed7.pcf: ok (9 rows)
[4249/4800] out_n800_rho0.9_independent-signed_seed8.pcf: ok (9 rows)
[4250/4800] out_n800_rho0.9_independent-signed_seed9.pcf: ok (9 rows)
[4251/4800] out_n800_rho0.9_near-ties_seed0.pcf: ok (9 rows)
[4252/4800] out_n800_rho0.9_near-ties_seed1.pcf: ok (9 rows)
[4253/4800] out_n800_rho0.9_near-ties_seed2.pcf: ok (9 rows)
[4254/4800] out_n800_rho0.9_near-ties_seed3.pcf: ok (9 rows)
[4255/4800] out_n800_rho0.9_near-ties_seed4.pcf: ok (9 rows)
[4256/4800] out_n800_rho0.9_near-ties_seed5.pcf: ok (9 rows)
[4257/4800] out_n800_rho0.9_near-ties_seed6.pcf: ok (9 rows)
[4258/4800] out_n800_rho0.9_near-ties_seed7.pcf: ok (9 rows)
[4259/4800] out_n800_rho0.9_near-ties_seed8.pcf: ok (9 rows)
[4260/4800] out_n800_rho0.9_near-ties_seed9.pcf: ok (9 rows)
[4261/4800] out_n800_rho1.0_anti-correlated_seed0.pcf: ok (9 rows)
[4262/4800] out_n800_rho1.0_anti-correlated_seed1.pcf: ok (9 rows)
[4263/4800] out_n800_rho1.0_anti-correlated_seed2.pcf: ok (9 rows)
[4264/4800] out_n800_rho1.0_anti-correlated_seed3.pcf: ok (9 rows)
[4265/4800] out_n800_rho1.0_anti-correlated_seed4.pcf: ok (9 rows)
[4266/4800] out_n800_rho1.0_anti-correlated_seed5.pcf: ok (9 rows)
[4267/4800] out_n800_rho1.0_anti-correlated_seed6.pcf: ok (9 rows)
[4268/4800] out_n800_rho1.0_anti-correlated_seed7.pcf: ok (9 rows)
[4269/4800] out_n800_rho1.0_anti-correlated_seed8.pcf: ok (9 rows)
[4270/4800] out_n800_rho1.0_anti-correlated_seed9.pcf: ok (9 rows)
[4271/4800] out_n800_rho1.0_correlated_seed0.pcf: ok (9 rows)
[4272/4800] out_n800_rho1.0_correlated_seed1.pcf: ok (9 rows)
[4273/4800] out_n800_rho1.0_correlated_seed2.pcf: ok (9 rows)
[4274/4800] out_n800_rho1.0_correlated_seed3.pcf: ok (9 rows)
[4275/4800] out_n800_rho1.0_correlated_seed4.pcf: ok (9 rows)
[4276/4800] out_n800_rho1.0_correlated_seed5.pcf: ok (9 rows)
[4277/4800] out_n800_rho1.0_correlated_seed6.pcf: ok (9 rows)
[4278/4800] out_n800_rho1.0_correlated_seed7.pcf: ok (9 rows)
[4279/4800] out_n800_rho1.0_correlated_seed8.pcf: ok (9 rows)
[4280/4800] out_n800_rho1.0_correlated_seed9.pcf: ok (9 rows)
[4281/4800] out_n800_rho1.0_exact-ties_seed0.pcf: ok (9 rows)
[4282/4800] out_n800_rho1.0_exact-ties_seed1.pcf: ok (9 rows)
[4283/4800] out_n800_rho1.0_exact-ties_seed2.pcf: ok (9 rows)
[4284/4800] out_n800_rho1.0_exact-ties_seed3.pcf: ok (9 rows)
[4285/4800] out_n800_rho1.0_exact-ties_seed4.pcf: ok (9 rows)
[4286/4800] out_n800_rho1.0_exact-ties_seed5.pcf: ok (9 rows)
[4287/4800] out_n800_rho1.0_exact-ties_seed6.pcf: ok (9 rows)
[4288/4800] out_n800_rho1.0_exact-ties_seed7.pcf: ok (9 rows)
[4289/4800] out_n800_rho1.0_exact-ties_seed8.pcf: ok (9 rows)
[4290/4800] out_n800_rho1.0_exact-ties_seed9.pcf: ok (9 rows)
[4291/4800] out_n800_rho1.0_independent-positive_seed0.pcf: ok (9 rows)
[4292/4800] out_n800_rho1.0_independent-positive_seed1.pcf: ok (9 rows)
[4293/4800] out_n800_rho1.0_independent-positive_seed2.pcf: ok (9 rows)
[4294/4800] out_n800_rho1.0_independent-positive_seed3.pcf: ok (9 rows)
[4295/4800] out_n800_rho1.0_independent-positive_seed4.pcf: ok (9 rows)
[4296/4800] out_n800_rho1.0_independent-positive_seed5.pcf: ok (9 rows)
[4297/4800] out_n800_rho1.0_independent-positive_seed6.pcf: ok (9 rows)
[4298/4800] out_n800_rho1.0_independent-positive_seed7.pcf: ok (9 rows)
[4299/4800] out_n800_rho1.0_independent-positive_seed8.pcf: ok (9 rows)
[4300/4800] out_n800_rho1.0_independent-positive_seed9.pcf: ok (9 rows)
[4301/4800] out_n800_rho1.0_independent-signed_seed0.pcf: ok (9 rows)
[4302/4800] out_n800_rho1.0_independent-signed_seed1.pcf: ok (9 rows)
[4303/4800] out_n800_rho1.0_independent-signed_seed2.pcf: ok (9 rows)
[4304/4800] out_n800_rho1.0_independent-signed_seed3.pcf: ok (9 rows)
[4305/4800] out_n800_rho1.0_independent-signed_seed4.pcf: ok (9 rows)
[4306/4800] out_n800_rho1.0_independent-signed_seed5.pcf: ok (9 rows)
[4307/4800] out_n800_rho1.0_independent-signed_seed6.pcf: ok (9 rows)
[4308/4800] out_n800_rho1.0_independent-signed_seed7.pcf: ok (9 rows)
[4309/4800] out_n800_rho1.0_independent-signed_seed8.pcf: ok (9 rows)
[4310/4800] out_n800_rho1.0_independent-signed_seed9.pcf: ok (9 rows)
[4311/4800] out_n800_rho1.0_near-ties_seed0.pcf: ok (9 rows)
[4312/4800] out_n800_rho1.0_near-ties_seed1.pcf: ok (9 rows)
[4313/4800] out_n800_rho1.0_near-ties_seed2.pcf: ok (9 rows)
[4314/4800] out_n800_rho1.0_near-ties_seed3.pcf: ok (9 rows)
[4315/4800] out_n800_rho1.0_near-ties_seed4.pcf: ok (9 rows)
[4316/4800] out_n800_rho1.0_near-ties_seed5.pcf: ok (9 rows)
[4317/4800] out_n800_rho1.0_near-ties_seed6.pcf: ok (9 rows)
[4318/4800] out_n800_rho1.0_near-ties_seed7.pcf: ok (9 rows)
[4319/4800] out_n800_rho1.0_near-ties_seed8.pcf: ok (9 rows)
[4320/4800] out_n800_rho1.0_near-ties_seed9.pcf: ok (9 rows)
[4321/4800] out_n90000_rho0.3_anti-correlated_seed0.pcf: ok (9 rows)
[4322/4800] out_n90000_rho0.3_anti-correlated_seed1.pcf: ok (9 rows)
[4323/4800] out_n90000_rho0.3_anti-correlated_seed2.pcf: ok (9 rows)
[4324/4800] out_n90000_rho0.3_anti-correlated_seed3.pcf: ok (9 rows)
[4325/4800] out_n90000_rho0.3_anti-correlated_seed4.pcf: ok (9 rows)
[4326/4800] out_n90000_rho0.3_anti-correlated_seed5.pcf: ok (9 rows)
[4327/4800] out_n90000_rho0.3_anti-correlated_seed6.pcf: ok (9 rows)
[4328/4800] out_n90000_rho0.3_anti-correlated_seed7.pcf: ok (9 rows)
[4329/4800] out_n90000_rho0.3_anti-correlated_seed8.pcf: ok (9 rows)
[4330/4800] out_n90000_rho0.3_anti-correlated_seed9.pcf: ok (9 rows)
[4331/4800] out_n90000_rho0.3_correlated_seed0.pcf: ok (9 rows)
[4332/4800] out_n90000_rho0.3_correlated_seed1.pcf: ok (9 rows)
[4333/4800] out_n90000_rho0.3_correlated_seed2.pcf: ok (9 rows)
[4334/4800] out_n90000_rho0.3_correlated_seed3.pcf: ok (9 rows)
[4335/4800] out_n90000_rho0.3_correlated_seed4.pcf: ok (9 rows)
[4336/4800] out_n90000_rho0.3_correlated_seed5.pcf: ok (9 rows)
[4337/4800] out_n90000_rho0.3_correlated_seed6.pcf: ok (9 rows)
[4338/4800] out_n90000_rho0.3_correlated_seed7.pcf: ok (9 rows)
[4339/4800] out_n90000_rho0.3_correlated_seed8.pcf: ok (9 rows)
[4340/4800] out_n90000_rho0.3_correlated_seed9.pcf: ok (9 rows)
[4341/4800] out_n90000_rho0.3_exact-ties_seed0.pcf: ok (9 rows)
[4342/4800] out_n90000_rho0.3_exact-ties_seed1.pcf: ok (9 rows)
[4343/4800] out_n90000_rho0.3_exact-ties_seed2.pcf: ok (9 rows)
[4344/4800] out_n90000_rho0.3_exact-ties_seed3.pcf: ok (9 rows)
[4345/4800] out_n90000_rho0.3_exact-ties_seed4.pcf: ok (9 rows)
[4346/4800] out_n90000_rho0.3_exact-ties_seed5.pcf: ok (9 rows)
[4347/4800] out_n90000_rho0.3_exact-ties_seed6.pcf: ok (9 rows)
[4348/4800] out_n90000_rho0.3_exact-ties_seed7.pcf: ok (9 rows)
[4349/4800] out_n90000_rho0.3_exact-ties_seed8.pcf: ok (9 rows)
[4350/4800] out_n90000_rho0.3_exact-ties_seed9.pcf: ok (9 rows)
[4351/4800] out_n90000_rho0.3_independent-positive_seed0.pcf: ok (9 rows)
[4352/4800] out_n90000_rho0.3_independent-positive_seed1.pcf: ok (9 rows)
[4353/4800] out_n90000_rho0.3_independent-positive_seed2.pcf: ok (9 rows)
[4354/4800] out_n90000_rho0.3_independent-positive_seed3.pcf: ok (9 rows)
[4355/4800] out_n90000_rho0.3_independent-positive_seed4.pcf: ok (9 rows)
[4356/4800] out_n90000_rho0.3_independent-positive_seed5.pcf: ok (9 rows)
[4357/4800] out_n90000_rho0.3_independent-positive_seed6.pcf: ok (9 rows)
[4358/4800] out_n90000_rho0.3_independent-positive_seed7.pcf: ok (9 rows)
[4359/4800] out_n90000_rho0.3_independent-positive_seed8.pcf: ok (9 rows)
[4360/4800] out_n90000_rho0.3_independent-positive_seed9.pcf: ok (9 rows)
[4361/4800] out_n90000_rho0.3_independent-signed_seed0.pcf: ok (9 rows)
[4362/4800] out_n90000_rho0.3_independent-signed_seed1.pcf: ok (9 rows)
[4363/4800] out_n90000_rho0.3_independent-signed_seed2.pcf: ok (9 rows)
[4364/4800] out_n90000_rho0.3_independent-signed_seed3.pcf: ok (9 rows)
[4365/4800] out_n90000_rho0.3_independent-signed_seed4.pcf: ok (9 rows)
[4366/4800] out_n90000_rho0.3_independent-signed_seed5.pcf: ok (9 rows)
[4367/4800] out_n90000_rho0.3_independent-signed_seed6.pcf: ok (9 rows)
[4368/4800] out_n90000_rho0.3_independent-signed_seed7.pcf: ok (9 rows)
[4369/4800] out_n90000_rho0.3_independent-signed_seed8.pcf: ok (9 rows)
[4370/4800] out_n90000_rho0.3_independent-signed_seed9.pcf: ok (9 rows)
[4371/4800] out_n90000_rho0.3_near-ties_seed0.pcf: ok (9 rows)
[4372/4800] out_n90000_rho0.3_near-ties_seed1.pcf: ok (9 rows)
[4373/4800] out_n90000_rho0.3_near-ties_seed2.pcf: ok (9 rows)
[4374/4800] out_n90000_rho0.3_near-ties_seed3.pcf: ok (9 rows)
[4375/4800] out_n90000_rho0.3_near-ties_seed4.pcf: ok (9 rows)
[4376/4800] out_n90000_rho0.3_near-ties_seed5.pcf: ok (9 rows)
[4377/4800] out_n90000_rho0.3_near-ties_seed6.pcf: ok (9 rows)
[4378/4800] out_n90000_rho0.3_near-ties_seed7.pcf: ok (9 rows)
[4379/4800] out_n90000_rho0.3_near-ties_seed8.pcf: ok (9 rows)
[4380/4800] out_n90000_rho0.3_near-ties_seed9.pcf: ok (9 rows)
[4381/4800] out_n90000_rho0.6_anti-correlated_seed0.pcf: ok (9 rows)
[4382/4800] out_n90000_rho0.6_anti-correlated_seed1.pcf: ok (9 rows)
[4383/4800] out_n90000_rho0.6_anti-correlated_seed2.pcf: ok (9 rows)
[4384/4800] out_n90000_rho0.6_anti-correlated_seed3.pcf: ok (9 rows)
[4385/4800] out_n90000_rho0.6_anti-correlated_seed4.pcf: ok (9 rows)
[4386/4800] out_n90000_rho0.6_anti-correlated_seed5.pcf: ok (9 rows)
[4387/4800] out_n90000_rho0.6_anti-correlated_seed6.pcf: ok (9 rows)
[4388/4800] out_n90000_rho0.6_anti-correlated_seed7.pcf: ok (9 rows)
[4389/4800] out_n90000_rho0.6_anti-correlated_seed8.pcf: ok (9 rows)
[4390/4800] out_n90000_rho0.6_anti-correlated_seed9.pcf: ok (9 rows)
[4391/4800] out_n90000_rho0.6_correlated_seed0.pcf: ok (9 rows)
[4392/4800] out_n90000_rho0.6_correlated_seed1.pcf: ok (9 rows)
[4393/4800] out_n90000_rho0.6_correlated_seed2.pcf: ok (9 rows)
[4394/4800] out_n90000_rho0.6_correlated_seed3.pcf: ok (9 rows)
[4395/4800] out_n90000_rho0.6_correlated_seed4.pcf: ok (9 rows)
[4396/4800] out_n90000_rho0.6_correlated_seed5.pcf: ok (9 rows)
[4397/4800] out_n90000_rho0.6_correlated_seed6.pcf: ok (9 rows)
[4398/4800] out_n90000_rho0.6_correlated_seed7.pcf: ok (9 rows)
[4399/4800] out_n90000_rho0.6_correlated_seed8.pcf: ok (9 rows)
[4400/4800] out_n90000_rho0.6_correlated_seed9.pcf: ok (9 rows)
[4401/4800] out_n90000_rho0.6_exact-ties_seed0.pcf: ok (9 rows)
[4402/4800] out_n90000_rho0.6_exact-ties_seed1.pcf: ok (9 rows)
[4403/4800] out_n90000_rho0.6_exact-ties_seed2.pcf: ok (9 rows)
[4404/4800] out_n90000_rho0.6_exact-ties_seed3.pcf: ok (9 rows)
[4405/4800] out_n90000_rho0.6_exact-ties_seed4.pcf: ok (9 rows)
[4406/4800] out_n90000_rho0.6_exact-ties_seed5.pcf: ok (9 rows)
[4407/4800] out_n90000_rho0.6_exact-ties_seed6.pcf: ok (9 rows)
[4408/4800] out_n90000_rho0.6_exact-ties_seed7.pcf: ok (9 rows)
[4409/4800] out_n90000_rho0.6_exact-ties_seed8.pcf: ok (9 rows)
[4410/4800] out_n90000_rho0.6_exact-ties_seed9.pcf: ok (9 rows)
[4411/4800] out_n90000_rho0.6_independent-positive_seed0.pcf: ok (9 rows)
[4412/4800] out_n90000_rho0.6_independent-positive_seed1.pcf: ok (9 rows)
[4413/4800] out_n90000_rho0.6_independent-positive_seed2.pcf: ok (9 rows)
[4414/4800] out_n90000_rho0.6_independent-positive_seed3.pcf: ok (9 rows)
[4415/4800] out_n90000_rho0.6_independent-positive_seed4.pcf: ok (9 rows)
[4416/4800] out_n90000_rho0.6_independent-positive_seed5.pcf: ok (9 rows)
[4417/4800] out_n90000_rho0.6_independent-positive_seed6.pcf: ok (9 rows)
[4418/4800] out_n90000_rho0.6_independent-positive_seed7.pcf: ok (9 rows)
[4419/4800] out_n90000_rho0.6_independent-positive_seed8.pcf: ok (9 rows)
[4420/4800] out_n90000_rho0.6_independent-positive_seed9.pcf: ok (9 rows)
[4421/4800] out_n90000_rho0.6_independent-signed_seed0.pcf: ok (9 rows)
[4422/4800] out_n90000_rho0.6_independent-signed_seed1.pcf: ok (9 rows)
[4423/4800] out_n90000_rho0.6_independent-signed_seed2.pcf: ok (9 rows)
[4424/4800] out_n90000_rho0.6_independent-signed_seed3.pcf: ok (9 rows)
[4425/4800] out_n90000_rho0.6_independent-signed_seed4.pcf: ok (9 rows)
[4426/4800] out_n90000_rho0.6_independent-signed_seed5.pcf: ok (9 rows)
[4427/4800] out_n90000_rho0.6_independent-signed_seed6.pcf: ok (9 rows)
[4428/4800] out_n90000_rho0.6_independent-signed_seed7.pcf: ok (9 rows)
[4429/4800] out_n90000_rho0.6_independent-signed_seed8.pcf: ok (9 rows)
[4430/4800] out_n90000_rho0.6_independent-signed_seed9.pcf: ok (9 rows)
[4431/4800] out_n90000_rho0.6_near-ties_seed0.pcf: ok (9 rows)
[4432/4800] out_n90000_rho0.6_near-ties_seed1.pcf: ok (9 rows)
[4433/4800] out_n90000_rho0.6_near-ties_seed2.pcf: ok (9 rows)
[4434/4800] out_n90000_rho0.6_near-ties_seed3.pcf: ok (9 rows)
[4435/4800] out_n90000_rho0.6_near-ties_seed4.pcf: ok (9 rows)
[4436/4800] out_n90000_rho0.6_near-ties_seed5.pcf: ok (9 rows)
[4437/4800] out_n90000_rho0.6_near-ties_seed6.pcf: ok (9 rows)
[4438/4800] out_n90000_rho0.6_near-ties_seed7.pcf: ok (9 rows)
[4439/4800] out_n90000_rho0.6_near-ties_seed8.pcf: ok (9 rows)
[4440/4800] out_n90000_rho0.6_near-ties_seed9.pcf: ok (9 rows)
[4441/4800] out_n90000_rho0.9_anti-correlated_seed0.pcf: ok (9 rows)
[4442/4800] out_n90000_rho0.9_anti-correlated_seed1.pcf: ok (9 rows)
[4443/4800] out_n90000_rho0.9_anti-correlated_seed2.pcf: ok (9 rows)
[4444/4800] out_n90000_rho0.9_anti-correlated_seed3.pcf: ok (9 rows)
[4445/4800] out_n90000_rho0.9_anti-correlated_seed4.pcf: ok (9 rows)
[4446/4800] out_n90000_rho0.9_anti-correlated_seed5.pcf: ok (9 rows)
[4447/4800] out_n90000_rho0.9_anti-correlated_seed6.pcf: ok (9 rows)
[4448/4800] out_n90000_rho0.9_anti-correlated_seed7.pcf: ok (9 rows)
[4449/4800] out_n90000_rho0.9_anti-correlated_seed8.pcf: ok (9 rows)
[4450/4800] out_n90000_rho0.9_anti-correlated_seed9.pcf: ok (9 rows)
[4451/4800] out_n90000_rho0.9_correlated_seed0.pcf: ok (9 rows)
[4452/4800] out_n90000_rho0.9_correlated_seed1.pcf: ok (9 rows)
[4453/4800] out_n90000_rho0.9_correlated_seed2.pcf: ok (9 rows)
[4454/4800] out_n90000_rho0.9_correlated_seed3.pcf: ok (9 rows)
[4455/4800] out_n90000_rho0.9_correlated_seed4.pcf: ok (9 rows)
[4456/4800] out_n90000_rho0.9_correlated_seed5.pcf: ok (9 rows)
[4457/4800] out_n90000_rho0.9_correlated_seed6.pcf: ok (9 rows)
[4458/4800] out_n90000_rho0.9_correlated_seed7.pcf: ok (9 rows)
[4459/4800] out_n90000_rho0.9_correlated_seed8.pcf: ok (9 rows)
[4460/4800] out_n90000_rho0.9_correlated_seed9.pcf: ok (9 rows)
[4461/4800] out_n90000_rho0.9_exact-ties_seed0.pcf: ok (9 rows)
[4462/4800] out_n90000_rho0.9_exact-ties_seed1.pcf: ok (9 rows)
[4463/4800] out_n90000_rho0.9_exact-ties_seed2.pcf: ok (9 rows)
[4464/4800] out_n90000_rho0.9_exact-ties_seed3.pcf: ok (9 rows)
[4465/4800] out_n90000_rho0.9_exact-ties_seed4.pcf: ok (9 rows)
[4466/4800] out_n90000_rho0.9_exact-ties_seed5.pcf: ok (9 rows)
[4467/4800] out_n90000_rho0.9_exact-ties_seed6.pcf: ok (9 rows)
[4468/4800] out_n90000_rho0.9_exact-ties_seed7.pcf: ok (9 rows)
[4469/4800] out_n90000_rho0.9_exact-ties_seed8.pcf: ok (9 rows)
[4470/4800] out_n90000_rho0.9_exact-ties_seed9.pcf: ok (9 rows)
[4471/4800] out_n90000_rho0.9_independent-positive_seed0.pcf: ok (9 rows)
[4472/4800] out_n90000_rho0.9_independent-positive_seed1.pcf: ok (9 rows)
[4473/4800] out_n90000_rho0.9_independent-positive_seed2.pcf: ok (9 rows)
[4474/4800] out_n90000_rho0.9_independent-positive_seed3.pcf: ok (9 rows)
[4475/4800] out_n90000_rho0.9_independent-positive_seed4.pcf: ok (9 rows)
[4476/4800] out_n90000_rho0.9_independent-positive_seed5.pcf: ok (9 rows)
[4477/4800] out_n90000_rho0.9_independent-positive_seed6.pcf: ok (9 rows)
[4478/4800] out_n90000_rho0.9_independent-positive_seed7.pcf: ok (9 rows)
[4479/4800] out_n90000_rho0.9_independent-positive_seed8.pcf: ok (9 rows)
[4480/4800] out_n90000_rho0.9_independent-positive_seed9.pcf: ok (9 rows)
[4481/4800] out_n90000_rho0.9_independent-signed_seed0.pcf: ok (9 rows)
[4482/4800] out_n90000_rho0.9_independent-signed_seed1.pcf: ok (9 rows)
[4483/4800] out_n90000_rho0.9_independent-signed_seed2.pcf: ok (9 rows)
[4484/4800] out_n90000_rho0.9_independent-signed_seed3.pcf: ok (9 rows)
[4485/4800] out_n90000_rho0.9_independent-signed_seed4.pcf: ok (9 rows)
[4486/4800] out_n90000_rho0.9_independent-signed_seed5.pcf: ok (9 rows)
[4487/4800] out_n90000_rho0.9_independent-signed_seed6.pcf: ok (9 rows)
[4488/4800] out_n90000_rho0.9_independent-signed_seed7.pcf: ok (9 rows)
[4489/4800] out_n90000_rho0.9_independent-signed_seed8.pcf: ok (9 rows)
[4490/4800] out_n90000_rho0.9_independent-signed_seed9.pcf: ok (9 rows)
[4491/4800] out_n90000_rho0.9_near-ties_seed0.pcf: ok (9 rows)
[4492/4800] out_n90000_rho0.9_near-ties_seed1.pcf: ok (9 rows)
[4493/4800] out_n90000_rho0.9_near-ties_seed2.pcf: ok (9 rows)
[4494/4800] out_n90000_rho0.9_near-ties_seed3.pcf: ok (9 rows)
[4495/4800] out_n90000_rho0.9_near-ties_seed4.pcf: ok (9 rows)
[4496/4800] out_n90000_rho0.9_near-ties_seed5.pcf: ok (9 rows)
[4497/4800] out_n90000_rho0.9_near-ties_seed6.pcf: ok (9 rows)
[4498/4800] out_n90000_rho0.9_near-ties_seed7.pcf: ok (9 rows)
[4499/4800] out_n90000_rho0.9_near-ties_seed8.pcf: ok (9 rows)
[4500/4800] out_n90000_rho0.9_near-ties_seed9.pcf: ok (9 rows)
[4501/4800] out_n90000_rho1.0_anti-correlated_seed0.pcf: ok (9 rows)
[4502/4800] out_n90000_rho1.0_anti-correlated_seed1.pcf: ok (9 rows)
[4503/4800] out_n90000_rho1.0_anti-correlated_seed2.pcf: ok (9 rows)
[4504/4800] out_n90000_rho1.0_anti-correlated_seed3.pcf: ok (9 rows)
[4505/4800] out_n90000_rho1.0_anti-correlated_seed4.pcf: ok (9 rows)
[4506/4800] out_n90000_rho1.0_anti-correlated_seed5.pcf: ok (9 rows)
[4507/4800] out_n90000_rho1.0_anti-correlated_seed6.pcf: ok (9 rows)
[4508/4800] out_n90000_rho1.0_anti-correlated_seed7.pcf: ok (9 rows)
[4509/4800] out_n90000_rho1.0_anti-correlated_seed8.pcf: ok (9 rows)
[4510/4800] out_n90000_rho1.0_anti-correlated_seed9.pcf: ok (9 rows)
[4511/4800] out_n90000_rho1.0_correlated_seed0.pcf: ok (9 rows)
[4512/4800] out_n90000_rho1.0_correlated_seed1.pcf: ok (9 rows)
[4513/4800] out_n90000_rho1.0_correlated_seed2.pcf: ok (9 rows)
[4514/4800] out_n90000_rho1.0_correlated_seed3.pcf: ok (9 rows)
[4515/4800] out_n90000_rho1.0_correlated_seed4.pcf: ok (9 rows)
[4516/4800] out_n90000_rho1.0_correlated_seed5.pcf: ok (9 rows)
[4517/4800] out_n90000_rho1.0_correlated_seed6.pcf: ok (9 rows)
[4518/4800] out_n90000_rho1.0_correlated_seed7.pcf: ok (9 rows)
[4519/4800] out_n90000_rho1.0_correlated_seed8.pcf: ok (9 rows)
[4520/4800] out_n90000_rho1.0_correlated_seed9.pcf: ok (9 rows)
[4521/4800] out_n90000_rho1.0_exact-ties_seed0.pcf: ok (9 rows)
[4522/4800] out_n90000_rho1.0_exact-ties_seed1.pcf: ok (9 rows)
[4523/4800] out_n90000_rho1.0_exact-ties_seed2.pcf: ok (9 rows)
[4524/4800] out_n90000_rho1.0_exact-ties_seed3.pcf: ok (9 rows)
[4525/4800] out_n90000_rho1.0_exact-ties_seed4.pcf: ok (9 rows)
[4526/4800] out_n90000_rho1.0_exact-ties_seed5.pcf: ok (9 rows)
[4527/4800] out_n90000_rho1.0_exact-ties_seed6.pcf: ok (9 rows)
[4528/4800] out_n90000_rho1.0_exact-ties_seed7.pcf: ok (9 rows)
[4529/4800] out_n90000_rho1.0_exact-ties_seed8.pcf: ok (9 rows)
[4530/4800] out_n90000_rho1.0_exact-ties_seed9.pcf: ok (9 rows)
[4531/4800] out_n90000_rho1.0_independent-positive_seed0.pcf: ok (9 rows)
[4532/4800] out_n90000_rho1.0_independent-positive_seed1.pcf: ok (9 rows)
[4533/4800] out_n90000_rho1.0_independent-positive_seed2.pcf: ok (9 rows)
[4534/4800] out_n90000_rho1.0_independent-positive_seed3.pcf: ok (9 rows)
[4535/4800] out_n90000_rho1.0_independent-positive_seed4.pcf: ok (9 rows)
[4536/4800] out_n90000_rho1.0_independent-positive_seed5.pcf: ok (9 rows)
[4537/4800] out_n90000_rho1.0_independent-positive_seed6.pcf: ok (9 rows)
[4538/4800] out_n90000_rho1.0_independent-positive_seed7.pcf: ok (9 rows)
[4539/4800] out_n90000_rho1.0_independent-positive_seed8.pcf: ok (9 rows)
[4540/4800] out_n90000_rho1.0_independent-positive_seed9.pcf: ok (9 rows)
[4541/4800] out_n90000_rho1.0_independent-signed_seed0.pcf: ok (9 rows)
[4542/4800] out_n90000_rho1.0_independent-signed_seed1.pcf: ok (9 rows)
[4543/4800] out_n90000_rho1.0_independent-signed_seed2.pcf: ok (9 rows)
[4544/4800] out_n90000_rho1.0_independent-signed_seed3.pcf: ok (9 rows)
[4545/4800] out_n90000_rho1.0_independent-signed_seed4.pcf: ok (9 rows)
[4546/4800] out_n90000_rho1.0_independent-signed_seed5.pcf: ok (9 rows)
[4547/4800] out_n90000_rho1.0_independent-signed_seed6.pcf: ok (9 rows)
[4548/4800] out_n90000_rho1.0_independent-signed_seed7.pcf: ok (9 rows)
[4549/4800] out_n90000_rho1.0_independent-signed_seed8.pcf: ok (9 rows)
[4550/4800] out_n90000_rho1.0_independent-signed_seed9.pcf: ok (9 rows)
[4551/4800] out_n90000_rho1.0_near-ties_seed0.pcf: ok (9 rows)
[4552/4800] out_n90000_rho1.0_near-ties_seed1.pcf: ok (9 rows)
[4553/4800] out_n90000_rho1.0_near-ties_seed2.pcf: ok (9 rows)
[4554/4800] out_n90000_rho1.0_near-ties_seed3.pcf: ok (9 rows)
[4555/4800] out_n90000_rho1.0_near-ties_seed4.pcf: ok (9 rows)
[4556/4800] out_n90000_rho1.0_near-ties_seed5.pcf: ok (9 rows)
[4557/4800] out_n90000_rho1.0_near-ties_seed6.pcf: ok (9 rows)
[4558/4800] out_n90000_rho1.0_near-ties_seed7.pcf: ok (9 rows)
[4559/4800] out_n90000_rho1.0_near-ties_seed8.pcf: ok (9 rows)
[4560/4800] out_n90000_rho1.0_near-ties_seed9.pcf: ok (9 rows)
[4561/4800] out_n900_rho0.3_anti-correlated_seed0.pcf: ok (9 rows)
[4562/4800] out_n900_rho0.3_anti-correlated_seed1.pcf: ok (9 rows)
[4563/4800] out_n900_rho0.3_anti-correlated_seed2.pcf: ok (9 rows)
[4564/4800] out_n900_rho0.3_anti-correlated_seed3.pcf: ok (9 rows)
[4565/4800] out_n900_rho0.3_anti-correlated_seed4.pcf: ok (9 rows)
[4566/4800] out_n900_rho0.3_anti-correlated_seed5.pcf: ok (9 rows)
[4567/4800] out_n900_rho0.3_anti-correlated_seed6.pcf: ok (9 rows)
[4568/4800] out_n900_rho0.3_anti-correlated_seed7.pcf: ok (9 rows)
[4569/4800] out_n900_rho0.3_anti-correlated_seed8.pcf: ok (9 rows)
[4570/4800] out_n900_rho0.3_anti-correlated_seed9.pcf: ok (9 rows)
[4571/4800] out_n900_rho0.3_correlated_seed0.pcf: ok (9 rows)
[4572/4800] out_n900_rho0.3_correlated_seed1.pcf: ok (9 rows)
[4573/4800] out_n900_rho0.3_correlated_seed2.pcf: ok (9 rows)
[4574/4800] out_n900_rho0.3_correlated_seed3.pcf: ok (9 rows)
[4575/4800] out_n900_rho0.3_correlated_seed4.pcf: ok (9 rows)
[4576/4800] out_n900_rho0.3_correlated_seed5.pcf: ok (9 rows)
[4577/4800] out_n900_rho0.3_correlated_seed6.pcf: ok (9 rows)
[4578/4800] out_n900_rho0.3_correlated_seed7.pcf: ok (9 rows)
[4579/4800] out_n900_rho0.3_correlated_seed8.pcf: ok (9 rows)
[4580/4800] out_n900_rho0.3_correlated_seed9.pcf: ok (9 rows)
[4581/4800] out_n900_rho0.3_exact-ties_seed0.pcf: ok (9 rows)
[4582/4800] out_n900_rho0.3_exact-ties_seed1.pcf: ok (9 rows)
[4583/4800] out_n900_rho0.3_exact-ties_seed2.pcf: ok (9 rows)
[4584/4800] out_n900_rho0.3_exact-ties_seed3.pcf: ok (9 rows)
[4585/4800] out_n900_rho0.3_exact-ties_seed4.pcf: ok (9 rows)
[4586/4800] out_n900_rho0.3_exact-ties_seed5.pcf: ok (9 rows)
[4587/4800] out_n900_rho0.3_exact-ties_seed6.pcf: ok (9 rows)
[4588/4800] out_n900_rho0.3_exact-ties_seed7.pcf: ok (9 rows)
[4589/4800] out_n900_rho0.3_exact-ties_seed8.pcf: ok (9 rows)
[4590/4800] out_n900_rho0.3_exact-ties_seed9.pcf: ok (9 rows)
[4591/4800] out_n900_rho0.3_independent-positive_seed0.pcf: ok (9 rows)
[4592/4800] out_n900_rho0.3_independent-positive_seed1.pcf: ok (9 rows)
[4593/4800] out_n900_rho0.3_independent-positive_seed2.pcf: ok (9 rows)
[4594/4800] out_n900_rho0.3_independent-positive_seed3.pcf: ok (9 rows)
[4595/4800] out_n900_rho0.3_independent-positive_seed4.pcf: ok (9 rows)
[4596/4800] out_n900_rho0.3_independent-positive_seed5.pcf: ok (9 rows)
[4597/4800] out_n900_rho0.3_independent-positive_seed6.pcf: ok (9 rows)
[4598/4800] out_n900_rho0.3_independent-positive_seed7.pcf: ok (9 rows)
[4599/4800] out_n900_rho0.3_independent-positive_seed8.pcf: ok (9 rows)
[4600/4800] out_n900_rho0.3_independent-positive_seed9.pcf: ok (9 rows)
[4601/4800] out_n900_rho0.3_independent-signed_seed0.pcf: ok (9 rows)
[4602/4800] out_n900_rho0.3_independent-signed_seed1.pcf: ok (9 rows)
[4603/4800] out_n900_rho0.3_independent-signed_seed2.pcf: ok (9 rows)
[4604/4800] out_n900_rho0.3_independent-signed_seed3.pcf: ok (9 rows)
[4605/4800] out_n900_rho0.3_independent-signed_seed4.pcf: ok (9 rows)
[4606/4800] out_n900_rho0.3_independent-signed_seed5.pcf: ok (9 rows)
[4607/4800] out_n900_rho0.3_independent-signed_seed6.pcf: ok (9 rows)
[4608/4800] out_n900_rho0.3_independent-signed_seed7.pcf: ok (9 rows)
[4609/4800] out_n900_rho0.3_independent-signed_seed8.pcf: ok (9 rows)
[4610/4800] out_n900_rho0.3_independent-signed_seed9.pcf: ok (9 rows)
[4611/4800] out_n900_rho0.3_near-ties_seed0.pcf: ok (9 rows)
[4612/4800] out_n900_rho0.3_near-ties_seed1.pcf: ok (9 rows)
[4613/4800] out_n900_rho0.3_near-ties_seed2.pcf: ok (9 rows)
[4614/4800] out_n900_rho0.3_near-ties_seed3.pcf: ok (9 rows)
[4615/4800] out_n900_rho0.3_near-ties_seed4.pcf: ok (9 rows)
[4616/4800] out_n900_rho0.3_near-ties_seed5.pcf: ok (9 rows)
[4617/4800] out_n900_rho0.3_near-ties_seed6.pcf: ok (9 rows)
[4618/4800] out_n900_rho0.3_near-ties_seed7.pcf: ok (9 rows)
[4619/4800] out_n900_rho0.3_near-ties_seed8.pcf: ok (9 rows)
[4620/4800] out_n900_rho0.3_near-ties_seed9.pcf: ok (9 rows)
[4621/4800] out_n900_rho0.6_anti-correlated_seed0.pcf: ok (9 rows)
[4622/4800] out_n900_rho0.6_anti-correlated_seed1.pcf: ok (9 rows)
[4623/4800] out_n900_rho0.6_anti-correlated_seed2.pcf: ok (9 rows)
[4624/4800] out_n900_rho0.6_anti-correlated_seed3.pcf: ok (9 rows)
[4625/4800] out_n900_rho0.6_anti-correlated_seed4.pcf: ok (9 rows)
[4626/4800] out_n900_rho0.6_anti-correlated_seed5.pcf: ok (9 rows)
[4627/4800] out_n900_rho0.6_anti-correlated_seed6.pcf: ok (9 rows)
[4628/4800] out_n900_rho0.6_anti-correlated_seed7.pcf: ok (9 rows)
[4629/4800] out_n900_rho0.6_anti-correlated_seed8.pcf: ok (9 rows)
[4630/4800] out_n900_rho0.6_anti-correlated_seed9.pcf: ok (9 rows)
[4631/4800] out_n900_rho0.6_correlated_seed0.pcf: ok (9 rows)
[4632/4800] out_n900_rho0.6_correlated_seed1.pcf: ok (9 rows)
[4633/4800] out_n900_rho0.6_correlated_seed2.pcf: ok (9 rows)
[4634/4800] out_n900_rho0.6_correlated_seed3.pcf: ok (9 rows)
[4635/4800] out_n900_rho0.6_correlated_seed4.pcf: ok (9 rows)
[4636/4800] out_n900_rho0.6_correlated_seed5.pcf: ok (9 rows)
[4637/4800] out_n900_rho0.6_correlated_seed6.pcf: ok (9 rows)
[4638/4800] out_n900_rho0.6_correlated_seed7.pcf: ok (9 rows)
[4639/4800] out_n900_rho0.6_correlated_seed8.pcf: ok (9 rows)
[4640/4800] out_n900_rho0.6_correlated_seed9.pcf: ok (9 rows)
[4641/4800] out_n900_rho0.6_exact-ties_seed0.pcf: ok (9 rows)
[4642/4800] out_n900_rho0.6_exact-ties_seed1.pcf: ok (9 rows)
[4643/4800] out_n900_rho0.6_exact-ties_seed2.pcf: ok (9 rows)
[4644/4800] out_n900_rho0.6_exact-ties_seed3.pcf: ok (9 rows)
[4645/4800] out_n900_rho0.6_exact-ties_seed4.pcf: ok (9 rows)
[4646/4800] out_n900_rho0.6_exact-ties_seed5.pcf: ok (9 rows)
[4647/4800] out_n900_rho0.6_exact-ties_seed6.pcf: ok (9 rows)
[4648/4800] out_n900_rho0.6_exact-ties_seed7.pcf: ok (9 rows)
[4649/4800] out_n900_rho0.6_exact-ties_seed8.pcf: ok (9 rows)
[4650/4800] out_n900_rho0.6_exact-ties_seed9.pcf: ok (9 rows)
[4651/4800] out_n900_rho0.6_independent-positive_seed0.pcf: ok (9 rows)
[4652/4800] out_n900_rho0.6_independent-positive_seed1.pcf: ok (9 rows)
[4653/4800] out_n900_rho0.6_independent-positive_seed2.pcf: ok (9 rows)
[4654/4800] out_n900_rho0.6_independent-positive_seed3.pcf: ok (9 rows)
[4655/4800] out_n900_rho0.6_independent-positive_seed4.pcf: ok (9 rows)
[4656/4800] out_n900_rho0.6_independent-positive_seed5.pcf: ok (9 rows)
[4657/4800] out_n900_rho0.6_independent-positive_seed6.pcf: ok (9 rows)
[4658/4800] out_n900_rho0.6_independent-positive_seed7.pcf: ok (9 rows)
[4659/4800] out_n900_rho0.6_independent-positive_seed8.pcf: ok (9 rows)
[4660/4800] out_n900_rho0.6_independent-positive_seed9.pcf: ok (9 rows)
[4661/4800] out_n900_rho0.6_independent-signed_seed0.pcf: ok (9 rows)
[4662/4800] out_n900_rho0.6_independent-signed_seed1.pcf: ok (9 rows)
[4663/4800] out_n900_rho0.6_independent-signed_seed2.pcf: ok (9 rows)
[4664/4800] out_n900_rho0.6_independent-signed_seed3.pcf: ok (9 rows)
[4665/4800] out_n900_rho0.6_independent-signed_seed4.pcf: ok (9 rows)
[4666/4800] out_n900_rho0.6_independent-signed_seed5.pcf: ok (9 rows)
[4667/4800] out_n900_rho0.6_independent-signed_seed6.pcf: ok (9 rows)
[4668/4800] out_n900_rho0.6_independent-signed_seed7.pcf: ok (9 rows)
[4669/4800] out_n900_rho0.6_independent-signed_seed8.pcf: ok (9 rows)
[4670/4800] out_n900_rho0.6_independent-signed_seed9.pcf: ok (9 rows)
[4671/4800] out_n900_rho0.6_near-ties_seed0.pcf: ok (9 rows)
[4672/4800] out_n900_rho0.6_near-ties_seed1.pcf: ok (9 rows)
[4673/4800] out_n900_rho0.6_near-ties_seed2.pcf: ok (9 rows)
[4674/4800] out_n900_rho0.6_near-ties_seed3.pcf: ok (9 rows)
[4675/4800] out_n900_rho0.6_near-ties_seed4.pcf: ok (9 rows)
[4676/4800] out_n900_rho0.6_near-ties_seed5.pcf: ok (9 rows)
[4677/4800] out_n900_rho0.6_near-ties_seed6.pcf: ok (9 rows)
[4678/4800] out_n900_rho0.6_near-ties_seed7.pcf: ok (9 rows)
[4679/4800] out_n900_rho0.6_near-ties_seed8.pcf: ok (9 rows)
[4680/4800] out_n900_rho0.6_near-ties_seed9.pcf: ok (9 rows)
[4681/4800] out_n900_rho0.9_anti-correlated_seed0.pcf: ok (9 rows)
[4682/4800] out_n900_rho0.9_anti-correlated_seed1.pcf: ok (9 rows)
[4683/4800] out_n900_rho0.9_anti-correlated_seed2.pcf: ok (9 rows)
[4684/4800] out_n900_rho0.9_anti-correlated_seed3.pcf: ok (9 rows)
[4685/4800] out_n900_rho0.9_anti-correlated_seed4.pcf: ok (9 rows)
[4686/4800] out_n900_rho0.9_anti-correlated_seed5.pcf: ok (9 rows)
[4687/4800] out_n900_rho0.9_anti-correlated_seed6.pcf: ok (9 rows)
[4688/4800] out_n900_rho0.9_anti-correlated_seed7.pcf: ok (9 rows)
[4689/4800] out_n900_rho0.9_anti-correlated_seed8.pcf: ok (9 rows)
[4690/4800] out_n900_rho0.9_anti-correlated_seed9.pcf: ok (9 rows)
[4691/4800] out_n900_rho0.9_correlated_seed0.pcf: ok (9 rows)
[4692/4800] out_n900_rho0.9_correlated_seed1.pcf: ok (9 rows)
[4693/4800] out_n900_rho0.9_correlated_seed2.pcf: ok (9 rows)
[4694/4800] out_n900_rho0.9_correlated_seed3.pcf: ok (9 rows)
[4695/4800] out_n900_rho0.9_correlated_seed4.pcf: ok (9 rows)
[4696/4800] out_n900_rho0.9_correlated_seed5.pcf: ok (9 rows)
[4697/4800] out_n900_rho0.9_correlated_seed6.pcf: ok (9 rows)
[4698/4800] out_n900_rho0.9_correlated_seed7.pcf: ok (9 rows)
[4699/4800] out_n900_rho0.9_correlated_seed8.pcf: ok (9 rows)
[4700/4800] out_n900_rho0.9_correlated_seed9.pcf: ok (9 rows)
[4701/4800] out_n900_rho0.9_exact-ties_seed0.pcf: ok (9 rows)
[4702/4800] out_n900_rho0.9_exact-ties_seed1.pcf: ok (9 rows)
[4703/4800] out_n900_rho0.9_exact-ties_seed2.pcf: ok (9 rows)
[4704/4800] out_n900_rho0.9_exact-ties_seed3.pcf: ok (9 rows)
[4705/4800] out_n900_rho0.9_exact-ties_seed4.pcf: ok (9 rows)
[4706/4800] out_n900_rho0.9_exact-ties_seed5.pcf: ok (9 rows)
[4707/4800] out_n900_rho0.9_exact-ties_seed6.pcf: ok (9 rows)
[4708/4800] out_n900_rho0.9_exact-ties_seed7.pcf: ok (9 rows)
[4709/4800] out_n900_rho0.9_exact-ties_seed8.pcf: ok (9 rows)
[4710/4800] out_n900_rho0.9_exact-ties_seed9.pcf: ok (9 rows)
[4711/4800] out_n900_rho0.9_independent-positive_seed0.pcf: ok (9 rows)
[4712/4800] out_n900_rho0.9_independent-positive_seed1.pcf: ok (9 rows)
[4713/4800] out_n900_rho0.9_independent-positive_seed2.pcf: ok (9 rows)
[4714/4800] out_n900_rho0.9_independent-positive_seed3.pcf: ok (9 rows)
[4715/4800] out_n900_rho0.9_independent-positive_seed4.pcf: ok (9 rows)
[4716/4800] out_n900_rho0.9_independent-positive_seed5.pcf: ok (9 rows)
[4717/4800] out_n900_rho0.9_independent-positive_seed6.pcf: ok (9 rows)
[4718/4800] out_n900_rho0.9_independent-positive_seed7.pcf: ok (9 rows)
[4719/4800] out_n900_rho0.9_independent-positive_seed8.pcf: ok (9 rows)
[4720/4800] out_n900_rho0.9_independent-positive_seed9.pcf: ok (9 rows)
[4721/4800] out_n900_rho0.9_independent-signed_seed0.pcf: ok (9 rows)
[4722/4800] out_n900_rho0.9_independent-signed_seed1.pcf: ok (9 rows)
[4723/4800] out_n900_rho0.9_independent-signed_seed2.pcf: ok (9 rows)
[4724/4800] out_n900_rho0.9_independent-signed_seed3.pcf: ok (9 rows)
[4725/4800] out_n900_rho0.9_independent-signed_seed4.pcf: ok (9 rows)
[4726/4800] out_n900_rho0.9_independent-signed_seed5.pcf: ok (9 rows)
[4727/4800] out_n900_rho0.9_independent-signed_seed6.pcf: ok (9 rows)
[4728/4800] out_n900_rho0.9_independent-signed_seed7.pcf: ok (9 rows)
[4729/4800] out_n900_rho0.9_independent-signed_seed8.pcf: ok (9 rows)
[4730/4800] out_n900_rho0.9_independent-signed_seed9.pcf: ok (9 rows)
[4731/4800] out_n900_rho0.9_near-ties_seed0.pcf: ok (9 rows)
[4732/4800] out_n900_rho0.9_near-ties_seed1.pcf: ok (9 rows)
[4733/4800] out_n900_rho0.9_near-ties_seed2.pcf: ok (9 rows)
[4734/4800] out_n900_rho0.9_near-ties_seed3.pcf: ok (9 rows)
[4735/4800] out_n900_rho0.9_near-ties_seed4.pcf: ok (9 rows)
[4736/4800] out_n900_rho0.9_near-ties_seed5.pcf: ok (9 rows)
[4737/4800] out_n900_rho0.9_near-ties_seed6.pcf: ok (9 rows)
[4738/4800] out_n900_rho0.9_near-ties_seed7.pcf: ok (9 rows)
[4739/4800] out_n900_rho0.9_near-ties_seed8.pcf: ok (9 rows)
[4740/4800] out_n900_rho0.9_near-ties_seed9.pcf: ok (9 rows)
[4741/4800] out_n900_rho1.0_anti-correlated_seed0.pcf: ok (9 rows)
[4742/4800] out_n900_rho1.0_anti-correlated_seed1.pcf: ok (9 rows)
[4743/4800] out_n900_rho1.0_anti-correlated_seed2.pcf: ok (9 rows)
[4744/4800] out_n900_rho1.0_anti-correlated_seed3.pcf: ok (9 rows)
[4745/4800] out_n900_rho1.0_anti-correlated_seed4.pcf: ok (9 rows)
[4746/4800] out_n900_rho1.0_anti-correlated_seed5.pcf: ok (9 rows)
[4747/4800] out_n900_rho1.0_anti-correlated_seed6.pcf: ok (9 rows)
[4748/4800] out_n900_rho1.0_anti-correlated_seed7.pcf: ok (9 rows)
[4749/4800] out_n900_rho1.0_anti-correlated_seed8.pcf: ok (9 rows)
[4750/4800] out_n900_rho1.0_anti-correlated_seed9.pcf: ok (9 rows)
[4751/4800] out_n900_rho1.0_correlated_seed0.pcf: ok (9 rows)
[4752/4800] out_n900_rho1.0_correlated_seed1.pcf: ok (9 rows)
[4753/4800] out_n900_rho1.0_correlated_seed2.pcf: ok (9 rows)
[4754/4800] out_n900_rho1.0_correlated_seed3.pcf: ok (9 rows)
[4755/4800] out_n900_rho1.0_correlated_seed4.pcf: ok (9 rows)
[4756/4800] out_n900_rho1.0_correlated_seed5.pcf: ok (9 rows)
[4757/4800] out_n900_rho1.0_correlated_seed6.pcf: ok (9 rows)
[4758/4800] out_n900_rho1.0_correlated_seed7.pcf: ok (9 rows)
[4759/4800] out_n900_rho1.0_correlated_seed8.pcf: ok (9 rows)
[4760/4800] out_n900_rho1.0_correlated_seed9.pcf: ok (9 rows)
[4761/4800] out_n900_rho1.0_exact-ties_seed0.pcf: ok (9 rows)
[4762/4800] out_n900_rho1.0_exact-ties_seed1.pcf: ok (9 rows)
[4763/4800] out_n900_rho1.0_exact-ties_seed2.pcf: ok (9 rows)
[4764/4800] out_n900_rho1.0_exact-ties_seed3.pcf: ok (9 rows)
[4765/4800] out_n900_rho1.0_exact-ties_seed4.pcf: ok (9 rows)
[4766/4800] out_n900_rho1.0_exact-ties_seed5.pcf: ok (9 rows)
[4767/4800] out_n900_rho1.0_exact-ties_seed6.pcf: ok (9 rows)
[4768/4800] out_n900_rho1.0_exact-ties_seed7.pcf: ok (9 rows)
[4769/4800] out_n900_rho1.0_exact-ties_seed8.pcf: ok (9 rows)
[4770/4800] out_n900_rho1.0_exact-ties_seed9.pcf: ok (9 rows)
[4771/4800] out_n900_rho1.0_independent-positive_seed0.pcf: ok (9 rows)
[4772/4800] out_n900_rho1.0_independent-positive_seed1.pcf: ok (9 rows)
[4773/4800] out_n900_rho1.0_independent-positive_seed2.pcf: ok (9 rows)
[4774/4800] out_n900_rho1.0_independent-positive_seed3.pcf: ok (9 rows)
[4775/4800] out_n900_rho1.0_independent-positive_seed4.pcf: ok (9 rows)
[4776/4800] out_n900_rho1.0_independent-positive_seed5.pcf: ok (9 rows)
[4777/4800] out_n900_rho1.0_independent-positive_seed6.pcf: ok (9 rows)
[4778/4800] out_n900_rho1.0_independent-positive_seed7.pcf: ok (9 rows)
[4779/4800] out_n900_rho1.0_independent-positive_seed8.pcf: ok (9 rows)
[4780/4800] out_n900_rho1.0_independent-positive_seed9.pcf: ok (9 rows)
[4781/4800] out_n900_rho1.0_independent-signed_seed0.pcf: ok (9 rows)
[4782/4800] out_n900_rho1.0_independent-signed_seed1.pcf: ok (9 rows)
[4783/4800] out_n900_rho1.0_independent-signed_seed2.pcf: ok (9 rows)
[4784/4800] out_n900_rho1.0_independent-signed_seed3.pcf: ok (9 rows)
[4785/4800] out_n900_rho1.0_independent-signed_seed4.pcf: ok (9 rows)
[4786/4800] out_n900_rho1.0_independent-signed_seed5.pcf: ok (9 rows)
[4787/4800] out_n900_rho1.0_independent-signed_seed6.pcf: ok (9 rows)
[4788/4800] out_n900_rho1.0_independent-signed_seed7.pcf: ok (9 rows)
[4789/4800] out_n900_rho1.0_independent-signed_seed8.pcf: ok (9 rows)
[4790/4800] out_n900_rho1.0_independent-signed_seed9.pcf: ok (9 rows)
[4791/4800] out_n900_rho1.0_near-ties_seed0.pcf: ok (9 rows)
[4792/4800] out_n900_rho1.0_near-ties_seed1.pcf: ok (9 rows)
[4793/4800] out_n900_rho1.0_near-ties_seed2.pcf: ok (9 rows)
[4794/4800] out_n900_rho1.0_near-ties_seed3.pcf: ok (9 rows)
[4795/4800] out_n900_rho1.0_near-ties_seed4.pcf: ok (9 rows)
[4796/4800] out_n900_rho1.0_near-ties_seed5.pcf: ok (9 rows)
[4797/4800] out_n900_rho1.0_near-ties_seed6.pcf: ok (9 rows)
[4798/4800] out_n900_rho1.0_near-ties_seed7.pcf: ok (9 rows)
[4799/4800] out_n900_rho1.0_near-ties_seed8.pcf: ok (9 rows)
[4800/4800] out_n900_rho1.0_near-ties_seed9.pcf: ok (9 rows)
wrote results/raw/campaign_e_out_hpac-hopac-rac.csv (43200 rows), results/raw/campaign_e_out_hpac-hopac-rac.failures.csv (0 censored instances)
=== official campaigns finished: 2026-08-31T20:53:27Z ===
