=== campaign_b :: fma,hfma,rac (11 reps) on instances/campaign_b -> results/raw/campaign_b_fma-hfma-rac.csv ===
[1/2400] gen_n1000_rho0.3_anti-correlated_seed0.pcf: ok (33 rows)
[2/2400] gen_n1000_rho0.3_anti-correlated_seed1.pcf: ok (33 rows)
[3/2400] gen_n1000_rho0.3_anti-correlated_seed2.pcf: ok (33 rows)
[4/2400] gen_n1000_rho0.3_anti-correlated_seed3.pcf: ok (33 rows)
[5/2400] gen_n1000_rho0.3_anti-correlated_seed4.pcf: ok (33 rows)
[6/2400] gen_n1000_rho0.3_anti-correlated_seed5.pcf: ok (33 rows)
[7/2400] gen_n1000_rho0.3_anti-correlated_seed6.pcf: ok (33 rows)
[8/2400] gen_n1000_rho0.3_anti-correlated_seed7.pcf: ok (33 rows)
[9/2400] gen_n1000_rho0.3_anti-correlated_seed8.pcf: ok (33 rows)
[10/2400] gen_n1000_rho0.3_anti-correlated_seed9.pcf: ok (33 rows)
[11/2400] gen_n1000_rho0.3_correlated_seed0.pcf: ok (33 rows)
[12/2400] gen_n1000_rho0.3_correlated_seed1.pcf: ok (33 rows)
[13/2400] gen_n1000_rho0.3_correlated_seed2.pcf: ok (33 rows)
[14/2400] gen_n1000_rho0.3_correlated_seed3.pcf: ok (33 rows)
[15/2400] gen_n1000_rho0.3_correlated_seed4.pcf: ok (33 rows)
[16/2400] gen_n1000_rho0.3_correlated_seed5.pcf: ok (33 rows)
[17/2400] gen_n1000_rho0.3_correlated_seed6.pcf: ok (33 rows)
[18/2400] gen_n1000_rho0.3_correlated_seed7.pcf: ok (33 rows)
[19/2400] gen_n1000_rho0.3_correlated_seed8.pcf: ok (33 rows)
[20/2400] gen_n1000_rho0.3_correlated_seed9.pcf: ok (33 rows)
[21/2400] gen_n1000_rho0.3_exact-ties_seed0.pcf: ok (33 rows)
[22/2400] gen_n1000_rho0.3_exact-ties_seed1.pcf: ok (33 rows)
[23/2400] gen_n1000_rho0.3_exact-ties_seed2.pcf: ok (33 rows)
[24/2400] gen_n1000_rho0.3_exact-ties_seed3.pcf: ok (33 rows)
[25/2400] gen_n1000_rho0.3_exact-ties_seed4.pcf: ok (33 rows)
[26/2400] gen_n1000_rho0.3_exact-ties_seed5.pcf: ok (33 rows)
[27/2400] gen_n1000_rho0.3_exact-ties_seed6.pcf: ok (33 rows)
[28/2400] gen_n1000_rho0.3_exact-ties_seed7.pcf: ok (33 rows)
[29/2400] gen_n1000_rho0.3_exact-ties_seed8.pcf: ok (33 rows)
[30/2400] gen_n1000_rho0.3_exact-ties_seed9.pcf: ok (33 rows)
[31/2400] gen_n1000_rho0.3_independent-positive_seed0.pcf: ok (33 rows)
[32/2400] gen_n1000_rho0.3_independent-positive_seed1.pcf: ok (33 rows)
[33/2400] gen_n1000_rho0.3_independent-positive_seed2.pcf: ok (33 rows)
[34/2400] gen_n1000_rho0.3_independent-positive_seed3.pcf: ok (33 rows)
[35/2400] gen_n1000_rho0.3_independent-positive_seed4.pcf: ok (33 rows)
[36/2400] gen_n1000_rho0.3_independent-positive_seed5.pcf: ok (33 rows)
[37/2400] gen_n1000_rho0.3_independent-positive_seed6.pcf: ok (33 rows)
[38/2400] gen_n1000_rho0.3_independent-positive_seed7.pcf: ok (33 rows)
[39/2400] gen_n1000_rho0.3_independent-positive_seed8.pcf: ok (33 rows)
[40/2400] gen_n1000_rho0.3_independent-positive_seed9.pcf: ok (33 rows)
[41/2400] gen_n1000_rho0.3_independent-signed_seed0.pcf: ok (33 rows)
[42/2400] gen_n1000_rho0.3_independent-signed_seed1.pcf: ok (33 rows)
[43/2400] gen_n1000_rho0.3_independent-signed_seed2.pcf: ok (33 rows)
[44/2400] gen_n1000_rho0.3_independent-signed_seed3.pcf: ok (33 rows)
[45/2400] gen_n1000_rho0.3_independent-signed_seed4.pcf: ok (33 rows)
[46/2400] gen_n1000_rho0.3_independent-signed_seed5.pcf: ok (33 rows)
[47/2400] gen_n1000_rho0.3_independent-signed_seed6.pcf: ok (33 rows)
[48/2400] gen_n1000_rho0.3_independent-signed_seed7.pcf: ok (33 rows)
[49/2400] gen_n1000_rho0.3_independent-signed_seed8.pcf: ok (33 rows)
[50/2400] gen_n1000_rho0.3_independent-signed_seed9.pcf: ok (33 rows)
[51/2400] gen_n1000_rho0.3_near-ties_seed0.pcf: ok (33 rows)
[52/2400] gen_n1000_rho0.3_near-ties_seed1.pcf: ok (33 rows)
[53/2400] gen_n1000_rho0.3_near-ties_seed2.pcf: ok (33 rows)
[54/2400] gen_n1000_rho0.3_near-ties_seed3.pcf: ok (33 rows)
[55/2400] gen_n1000_rho0.3_near-ties_seed4.pcf: ok (33 rows)
[56/2400] gen_n1000_rho0.3_near-ties_seed5.pcf: ok (33 rows)
[57/2400] gen_n1000_rho0.3_near-ties_seed6.pcf: ok (33 rows)
[58/2400] gen_n1000_rho0.3_near-ties_seed7.pcf: ok (33 rows)
[59/2400] gen_n1000_rho0.3_near-ties_seed8.pcf: ok (33 rows)
[60/2400] gen_n1000_rho0.3_near-ties_seed9.pcf: ok (33 rows)
[61/2400] gen_n1000_rho0.6_anti-correlated_seed0.pcf: ok (33 rows)
[62/2400] gen_n1000_rho0.6_anti-correlated_seed1.pcf: ok (33 rows)
[63/2400] gen_n1000_rho0.6_anti-correlated_seed2.pcf: ok (33 rows)
[64/2400] gen_n1000_rho0.6_anti-correlated_seed3.pcf: ok (33 rows)
[65/2400] gen_n1000_rho0.6_anti-correlated_seed4.pcf: ok (33 rows)
[66/2400] gen_n1000_rho0.6_anti-correlated_seed5.pcf: ok (33 rows)
[67/2400] gen_n1000_rho0.6_anti-correlated_seed6.pcf: ok (33 rows)
[68/2400] gen_n1000_rho0.6_anti-correlated_seed7.pcf: ok (33 rows)
[69/2400] gen_n1000_rho0.6_anti-correlated_seed8.pcf: ok (33 rows)
[70/2400] gen_n1000_rho0.6_anti-correlated_seed9.pcf: ok (33 rows)
[71/2400] gen_n1000_rho0.6_correlated_seed0.pcf: ok (33 rows)
[72/2400] gen_n1000_rho0.6_correlated_seed1.pcf: ok (33 rows)
[73/2400] gen_n1000_rho0.6_correlated_seed2.pcf: ok (33 rows)
[74/2400] gen_n1000_rho0.6_correlated_seed3.pcf: ok (33 rows)
[75/2400] gen_n1000_rho0.6_correlated_seed4.pcf: ok (33 rows)
[76/2400] gen_n1000_rho0.6_correlated_seed5.pcf: ok (33 rows)
[77/2400] gen_n1000_rho0.6_correlated_seed6.pcf: ok (33 rows)
[78/2400] gen_n1000_rho0.6_correlated_seed7.pcf: ok (33 rows)
[79/2400] gen_n1000_rho0.6_correlated_seed8.pcf: ok (33 rows)
[80/2400] gen_n1000_rho0.6_correlated_seed9.pcf: ok (33 rows)
[81/2400] gen_n1000_rho0.6_exact-ties_seed0.pcf: ok (33 rows)
[82/2400] gen_n1000_rho0.6_exact-ties_seed1.pcf: ok (33 rows)
[83/2400] gen_n1000_rho0.6_exact-ties_seed2.pcf: ok (33 rows)
[84/2400] gen_n1000_rho0.6_exact-ties_seed3.pcf: ok (33 rows)
[85/2400] gen_n1000_rho0.6_exact-ties_seed4.pcf: ok (33 rows)
[86/2400] gen_n1000_rho0.6_exact-ties_seed5.pcf: ok (33 rows)
[87/2400] gen_n1000_rho0.6_exact-ties_seed6.pcf: ok (33 rows)
[88/2400] gen_n1000_rho0.6_exact-ties_seed7.pcf: ok (33 rows)
[89/2400] gen_n1000_rho0.6_exact-ties_seed8.pcf: ok (33 rows)
[90/2400] gen_n1000_rho0.6_exact-ties_seed9.pcf: ok (33 rows)
[91/2400] gen_n1000_rho0.6_independent-positive_seed0.pcf: ok (33 rows)
[92/2400] gen_n1000_rho0.6_independent-positive_seed1.pcf: ok (33 rows)
[93/2400] gen_n1000_rho0.6_independent-positive_seed2.pcf: ok (33 rows)
[94/2400] gen_n1000_rho0.6_independent-positive_seed3.pcf: ok (33 rows)
[95/2400] gen_n1000_rho0.6_independent-positive_seed4.pcf: ok (33 rows)
[96/2400] gen_n1000_rho0.6_independent-positive_seed5.pcf: ok (33 rows)
[97/2400] gen_n1000_rho0.6_independent-positive_seed6.pcf: ok (33 rows)
[98/2400] gen_n1000_rho0.6_independent-positive_seed7.pcf: ok (33 rows)
[99/2400] gen_n1000_rho0.6_independent-positive_seed8.pcf: ok (33 rows)
[100/2400] gen_n1000_rho0.6_independent-positive_seed9.pcf: ok (33 rows)
[101/2400] gen_n1000_rho0.6_independent-signed_seed0.pcf: ok (33 rows)
[102/2400] gen_n1000_rho0.6_independent-signed_seed1.pcf: ok (33 rows)
[103/2400] gen_n1000_rho0.6_independent-signed_seed2.pcf: ok (33 rows)
[104/2400] gen_n1000_rho0.6_independent-signed_seed3.pcf: ok (33 rows)
[105/2400] gen_n1000_rho0.6_independent-signed_seed4.pcf: ok (33 rows)
[106/2400] gen_n1000_rho0.6_independent-signed_seed5.pcf: ok (33 rows)
[107/2400] gen_n1000_rho0.6_independent-signed_seed6.pcf: ok (33 rows)
[108/2400] gen_n1000_rho0.6_independent-signed_seed7.pcf: ok (33 rows)
[109/2400] gen_n1000_rho0.6_independent-signed_seed8.pcf: ok (33 rows)
[110/2400] gen_n1000_rho0.6_independent-signed_seed9.pcf: ok (33 rows)
[111/2400] gen_n1000_rho0.6_near-ties_seed0.pcf: ok (33 rows)
[112/2400] gen_n1000_rho0.6_near-ties_seed1.pcf: ok (33 rows)
[113/2400] gen_n1000_rho0.6_near-ties_seed2.pcf: ok (33 rows)
[114/2400] gen_n1000_rho0.6_near-ties_seed3.pcf: ok (33 rows)
[115/2400] gen_n1000_rho0.6_near-ties_seed4.pcf: ok (33 rows)
[116/2400] gen_n1000_rho0.6_near-ties_seed5.pcf: ok (33 rows)
[117/2400] gen_n1000_rho0.6_near-ties_seed6.pcf: ok (33 rows)
[118/2400] gen_n1000_rho0.6_near-ties_seed7.pcf: ok (33 rows)
[119/2400] gen_n1000_rho0.6_near-ties_seed8.pcf: ok (33 rows)
[120/2400] gen_n1000_rho0.6_near-ties_seed9.pcf: ok (33 rows)
[121/2400] gen_n1000_rho0.9_anti-correlated_seed0.pcf: ok (33 rows)
[122/2400] gen_n1000_rho0.9_anti-correlated_seed1.pcf: ok (33 rows)
[123/2400] gen_n1000_rho0.9_anti-correlated_seed2.pcf: ok (33 rows)
[124/2400] gen_n1000_rho0.9_anti-correlated_seed3.pcf: ok (33 rows)
[125/2400] gen_n1000_rho0.9_anti-correlated_seed4.pcf: ok (33 rows)
[126/2400] gen_n1000_rho0.9_anti-correlated_seed5.pcf: ok (33 rows)
[127/2400] gen_n1000_rho0.9_anti-correlated_seed6.pcf: ok (33 rows)
[128/2400] gen_n1000_rho0.9_anti-correlated_seed7.pcf: ok (33 rows)
[129/2400] gen_n1000_rho0.9_anti-correlated_seed8.pcf: ok (33 rows)
[130/2400] gen_n1000_rho0.9_anti-correlated_seed9.pcf: ok (33 rows)
[131/2400] gen_n1000_rho0.9_correlated_seed0.pcf: ok (33 rows)
[132/2400] gen_n1000_rho0.9_correlated_seed1.pcf: ok (33 rows)
[133/2400] gen_n1000_rho0.9_correlated_seed2.pcf: ok (33 rows)
[134/2400] gen_n1000_rho0.9_correlated_seed3.pcf: ok (33 rows)
[135/2400] gen_n1000_rho0.9_correlated_seed4.pcf: ok (33 rows)
[136/2400] gen_n1000_rho0.9_correlated_seed5.pcf: ok (33 rows)
[137/2400] gen_n1000_rho0.9_correlated_seed6.pcf: ok (33 rows)
[138/2400] gen_n1000_rho0.9_correlated_seed7.pcf: ok (33 rows)
[139/2400] gen_n1000_rho0.9_correlated_seed8.pcf: ok (33 rows)
[140/2400] gen_n1000_rho0.9_correlated_seed9.pcf: ok (33 rows)
[141/2400] gen_n1000_rho0.9_exact-ties_seed0.pcf: ok (33 rows)
[142/2400] gen_n1000_rho0.9_exact-ties_seed1.pcf: ok (33 rows)
[143/2400] gen_n1000_rho0.9_exact-ties_seed2.pcf: ok (33 rows)
[144/2400] gen_n1000_rho0.9_exact-ties_seed3.pcf: ok (33 rows)
[145/2400] gen_n1000_rho0.9_exact-ties_seed4.pcf: ok (33 rows)
[146/2400] gen_n1000_rho0.9_exact-ties_seed5.pcf: ok (33 rows)
[147/2400] gen_n1000_rho0.9_exact-ties_seed6.pcf: ok (33 rows)
[148/2400] gen_n1000_rho0.9_exact-ties_seed7.pcf: ok (33 rows)
[149/2400] gen_n1000_rho0.9_exact-ties_seed8.pcf: ok (33 rows)
[150/2400] gen_n1000_rho0.9_exact-ties_seed9.pcf: ok (33 rows)
[151/2400] gen_n1000_rho0.9_independent-positive_seed0.pcf: ok (33 rows)
[152/2400] gen_n1000_rho0.9_independent-positive_seed1.pcf: ok (33 rows)
[153/2400] gen_n1000_rho0.9_independent-positive_seed2.pcf: ok (33 rows)
[154/2400] gen_n1000_rho0.9_independent-positive_seed3.pcf: ok (33 rows)
[155/2400] gen_n1000_rho0.9_independent-positive_seed4.pcf: ok (33 rows)
[156/2400] gen_n1000_rho0.9_independent-positive_seed5.pcf: ok (33 rows)
[157/2400] gen_n1000_rho0.9_independent-positive_seed6.pcf: ok (33 rows)
[158/2400] gen_n1000_rho0.9_independent-positive_seed7.pcf: ok (33 rows)
[159/2400] gen_n1000_rho0.9_independent-positive_seed8.pcf: ok (33 rows)
[160/2400] gen_n1000_rho0.9_independent-positive_seed9.pcf: ok (33 rows)
[161/2400] gen_n1000_rho0.9_independent-signed_seed0.pcf: ok (33 rows)
[162/2400] gen_n1000_rho0.9_independent-signed_seed1.pcf: ok (33 rows)
[163/2400] gen_n1000_rho0.9_independent-signed_seed2.pcf: ok (33 rows)
[164/2400] gen_n1000_rho0.9_independent-signed_seed3.pcf: ok (33 rows)
[165/2400] gen_n1000_rho0.9_independent-signed_seed4.pcf: ok (33 rows)
[166/2400] gen_n1000_rho0.9_independent-signed_seed5.pcf: ok (33 rows)
[167/2400] gen_n1000_rho0.9_independent-signed_seed6.pcf: ok (33 rows)
[168/2400] gen_n1000_rho0.9_independent-signed_seed7.pcf: ok (33 rows)
[169/2400] gen_n1000_rho0.9_independent-signed_seed8.pcf: ok (33 rows)
[170/2400] gen_n1000_rho0.9_independent-signed_seed9.pcf: ok (33 rows)
[171/2400] gen_n1000_rho0.9_near-ties_seed0.pcf: ok (33 rows)
[172/2400] gen_n1000_rho0.9_near-ties_seed1.pcf: ok (33 rows)
[173/2400] gen_n1000_rho0.9_near-ties_seed2.pcf: ok (33 rows)
[174/2400] gen_n1000_rho0.9_near-ties_seed3.pcf: ok (33 rows)
[175/2400] gen_n1000_rho0.9_near-ties_seed4.pcf: ok (33 rows)
[176/2400] gen_n1000_rho0.9_near-ties_seed5.pcf: ok (33 rows)
[177/2400] gen_n1000_rho0.9_near-ties_seed6.pcf: ok (33 rows)
[178/2400] gen_n1000_rho0.9_near-ties_seed7.pcf: ok (33 rows)
[179/2400] gen_n1000_rho0.9_near-ties_seed8.pcf: ok (33 rows)
[180/2400] gen_n1000_rho0.9_near-ties_seed9.pcf: ok (33 rows)
[181/2400] gen_n1000_rho1.0_anti-correlated_seed0.pcf: ok (33 rows)
[182/2400] gen_n1000_rho1.0_anti-correlated_seed1.pcf: ok (33 rows)
[183/2400] gen_n1000_rho1.0_anti-correlated_seed2.pcf: ok (33 rows)
[184/2400] gen_n1000_rho1.0_anti-correlated_seed3.pcf: ok (33 rows)
[185/2400] gen_n1000_rho1.0_anti-correlated_seed4.pcf: ok (33 rows)
[186/2400] gen_n1000_rho1.0_anti-correlated_seed5.pcf: ok (33 rows)
[187/2400] gen_n1000_rho1.0_anti-correlated_seed6.pcf: ok (33 rows)
[188/2400] gen_n1000_rho1.0_anti-correlated_seed7.pcf: ok (33 rows)
[189/2400] gen_n1000_rho1.0_anti-correlated_seed8.pcf: ok (33 rows)
[190/2400] gen_n1000_rho1.0_anti-correlated_seed9.pcf: ok (33 rows)
[191/2400] gen_n1000_rho1.0_correlated_seed0.pcf: ok (33 rows)
[192/2400] gen_n1000_rho1.0_correlated_seed1.pcf: ok (33 rows)
[193/2400] gen_n1000_rho1.0_correlated_seed2.pcf: ok (33 rows)
[194/2400] gen_n1000_rho1.0_correlated_seed3.pcf: ok (33 rows)
[195/2400] gen_n1000_rho1.0_correlated_seed4.pcf: ok (33 rows)
[196/2400] gen_n1000_rho1.0_correlated_seed5.pcf: ok (33 rows)
[197/2400] gen_n1000_rho1.0_correlated_seed6.pcf: ok (33 rows)
[198/2400] gen_n1000_rho1.0_correlated_seed7.pcf: ok (33 rows)
[199/2400] gen_n1000_rho1.0_correlated_seed8.pcf: ok (33 rows)
[200/2400] gen_n1000_rho1.0_correlated_seed9.pcf: ok (33 rows)
[201/2400] gen_n1000_rho1.0_exact-ties_seed0.pcf: ok (33 rows)
[202/2400] gen_n1000_rho1.0_exact-ties_seed1.pcf: ok (33 rows)
[203/2400] gen_n1000_rho1.0_exact-ties_seed2.pcf: ok (33 rows)
[204/2400] gen_n1000_rho1.0_exact-ties_seed3.pcf: ok (33 rows)
[205/2400] gen_n1000_rho1.0_exact-ties_seed4.pcf: ok (33 rows)
[206/2400] gen_n1000_rho1.0_exact-ties_seed5.pcf: ok (33 rows)
[207/2400] gen_n1000_rho1.0_exact-ties_seed6.pcf: ok (33 rows)
[208/2400] gen_n1000_rho1.0_exact-ties_seed7.pcf: ok (33 rows)
[209/2400] gen_n1000_rho1.0_exact-ties_seed8.pcf: ok (33 rows)
[210/2400] gen_n1000_rho1.0_exact-ties_seed9.pcf: ok (33 rows)
[211/2400] gen_n1000_rho1.0_independent-positive_seed0.pcf: ok (33 rows)
[212/2400] gen_n1000_rho1.0_independent-positive_seed1.pcf: ok (33 rows)
[213/2400] gen_n1000_rho1.0_independent-positive_seed2.pcf: ok (33 rows)
[214/2400] gen_n1000_rho1.0_independent-positive_seed3.pcf: ok (33 rows)
[215/2400] gen_n1000_rho1.0_independent-positive_seed4.pcf: ok (33 rows)
[216/2400] gen_n1000_rho1.0_independent-positive_seed5.pcf: ok (33 rows)
[217/2400] gen_n1000_rho1.0_independent-positive_seed6.pcf: ok (33 rows)
[218/2400] gen_n1000_rho1.0_independent-positive_seed7.pcf: ok (33 rows)
[219/2400] gen_n1000_rho1.0_independent-positive_seed8.pcf: ok (33 rows)
[220/2400] gen_n1000_rho1.0_independent-positive_seed9.pcf: ok (33 rows)
[221/2400] gen_n1000_rho1.0_independent-signed_seed0.pcf: ok (33 rows)
[222/2400] gen_n1000_rho1.0_independent-signed_seed1.pcf: ok (33 rows)
[223/2400] gen_n1000_rho1.0_independent-signed_seed2.pcf: ok (33 rows)
[224/2400] gen_n1000_rho1.0_independent-signed_seed3.pcf: ok (33 rows)
[225/2400] gen_n1000_rho1.0_independent-signed_seed4.pcf: ok (33 rows)
[226/2400] gen_n1000_rho1.0_independent-signed_seed5.pcf: ok (33 rows)
[227/2400] gen_n1000_rho1.0_independent-signed_seed6.pcf: ok (33 rows)
[228/2400] gen_n1000_rho1.0_independent-signed_seed7.pcf: ok (33 rows)
[229/2400] gen_n1000_rho1.0_independent-signed_seed8.pcf: ok (33 rows)
[230/2400] gen_n1000_rho1.0_independent-signed_seed9.pcf: ok (33 rows)
[231/2400] gen_n1000_rho1.0_near-ties_seed0.pcf: ok (33 rows)
[232/2400] gen_n1000_rho1.0_near-ties_seed1.pcf: ok (33 rows)
[233/2400] gen_n1000_rho1.0_near-ties_seed2.pcf: ok (33 rows)
[234/2400] gen_n1000_rho1.0_near-ties_seed3.pcf: ok (33 rows)
[235/2400] gen_n1000_rho1.0_near-ties_seed4.pcf: ok (33 rows)
[236/2400] gen_n1000_rho1.0_near-ties_seed5.pcf: ok (33 rows)
[237/2400] gen_n1000_rho1.0_near-ties_seed6.pcf: ok (33 rows)
[238/2400] gen_n1000_rho1.0_near-ties_seed7.pcf: ok (33 rows)
[239/2400] gen_n1000_rho1.0_near-ties_seed8.pcf: ok (33 rows)
[240/2400] gen_n1000_rho1.0_near-ties_seed9.pcf: ok (33 rows)
[241/2400] gen_n100_rho0.3_anti-correlated_seed0.pcf: ok (33 rows)
[242/2400] gen_n100_rho0.3_anti-correlated_seed1.pcf: ok (33 rows)
[243/2400] gen_n100_rho0.3_anti-correlated_seed2.pcf: ok (33 rows)
[244/2400] gen_n100_rho0.3_anti-correlated_seed3.pcf: ok (33 rows)
[245/2400] gen_n100_rho0.3_anti-correlated_seed4.pcf: ok (33 rows)
[246/2400] gen_n100_rho0.3_anti-correlated_seed5.pcf: ok (33 rows)
[247/2400] gen_n100_rho0.3_anti-correlated_seed6.pcf: ok (33 rows)
[248/2400] gen_n100_rho0.3_anti-correlated_seed7.pcf: ok (33 rows)
[249/2400] gen_n100_rho0.3_anti-correlated_seed8.pcf: ok (33 rows)
[250/2400] gen_n100_rho0.3_anti-correlated_seed9.pcf: ok (33 rows)
[251/2400] gen_n100_rho0.3_correlated_seed0.pcf: ok (33 rows)
[252/2400] gen_n100_rho0.3_correlated_seed1.pcf: ok (33 rows)
[253/2400] gen_n100_rho0.3_correlated_seed2.pcf: ok (33 rows)
[254/2400] gen_n100_rho0.3_correlated_seed3.pcf: ok (33 rows)
[255/2400] gen_n100_rho0.3_correlated_seed4.pcf: ok (33 rows)
[256/2400] gen_n100_rho0.3_correlated_seed5.pcf: ok (33 rows)
[257/2400] gen_n100_rho0.3_correlated_seed6.pcf: ok (33 rows)
[258/2400] gen_n100_rho0.3_correlated_seed7.pcf: ok (33 rows)
[259/2400] gen_n100_rho0.3_correlated_seed8.pcf: ok (33 rows)
[260/2400] gen_n100_rho0.3_correlated_seed9.pcf: ok (33 rows)
[261/2400] gen_n100_rho0.3_exact-ties_seed0.pcf: ok (33 rows)
[262/2400] gen_n100_rho0.3_exact-ties_seed1.pcf: ok (33 rows)
[263/2400] gen_n100_rho0.3_exact-ties_seed2.pcf: ok (33 rows)
[264/2400] gen_n100_rho0.3_exact-ties_seed3.pcf: ok (33 rows)
[265/2400] gen_n100_rho0.3_exact-ties_seed4.pcf: ok (33 rows)
[266/2400] gen_n100_rho0.3_exact-ties_seed5.pcf: ok (33 rows)
[267/2400] gen_n100_rho0.3_exact-ties_seed6.pcf: ok (33 rows)
[268/2400] gen_n100_rho0.3_exact-ties_seed7.pcf: ok (33 rows)
[269/2400] gen_n100_rho0.3_exact-ties_seed8.pcf: ok (33 rows)
[270/2400] gen_n100_rho0.3_exact-ties_seed9.pcf: ok (33 rows)
[271/2400] gen_n100_rho0.3_independent-positive_seed0.pcf: ok (33 rows)
[272/2400] gen_n100_rho0.3_independent-positive_seed1.pcf: ok (33 rows)
[273/2400] gen_n100_rho0.3_independent-positive_seed2.pcf: ok (33 rows)
[274/2400] gen_n100_rho0.3_independent-positive_seed3.pcf: ok (33 rows)
[275/2400] gen_n100_rho0.3_independent-positive_seed4.pcf: ok (33 rows)
[276/2400] gen_n100_rho0.3_independent-positive_seed5.pcf: ok (33 rows)
[277/2400] gen_n100_rho0.3_independent-positive_seed6.pcf: ok (33 rows)
[278/2400] gen_n100_rho0.3_independent-positive_seed7.pcf: ok (33 rows)
[279/2400] gen_n100_rho0.3_independent-positive_seed8.pcf: ok (33 rows)
[280/2400] gen_n100_rho0.3_independent-positive_seed9.pcf: ok (33 rows)
[281/2400] gen_n100_rho0.3_independent-signed_seed0.pcf: ok (33 rows)
[282/2400] gen_n100_rho0.3_independent-signed_seed1.pcf: ok (33 rows)
[283/2400] gen_n100_rho0.3_independent-signed_seed2.pcf: ok (33 rows)
[284/2400] gen_n100_rho0.3_independent-signed_seed3.pcf: ok (33 rows)
[285/2400] gen_n100_rho0.3_independent-signed_seed4.pcf: ok (33 rows)
[286/2400] gen_n100_rho0.3_independent-signed_seed5.pcf: ok (33 rows)
[287/2400] gen_n100_rho0.3_independent-signed_seed6.pcf: ok (33 rows)
[288/2400] gen_n100_rho0.3_independent-signed_seed7.pcf: ok (33 rows)
[289/2400] gen_n100_rho0.3_independent-signed_seed8.pcf: ok (33 rows)
[290/2400] gen_n100_rho0.3_independent-signed_seed9.pcf: ok (33 rows)
[291/2400] gen_n100_rho0.3_near-ties_seed0.pcf: ok (33 rows)
[292/2400] gen_n100_rho0.3_near-ties_seed1.pcf: ok (33 rows)
[293/2400] gen_n100_rho0.3_near-ties_seed2.pcf: ok (33 rows)
[294/2400] gen_n100_rho0.3_near-ties_seed3.pcf: ok (33 rows)
[295/2400] gen_n100_rho0.3_near-ties_seed4.pcf: ok (33 rows)
[296/2400] gen_n100_rho0.3_near-ties_seed5.pcf: ok (33 rows)
[297/2400] gen_n100_rho0.3_near-ties_seed6.pcf: ok (33 rows)
[298/2400] gen_n100_rho0.3_near-ties_seed7.pcf: ok (33 rows)
[299/2400] gen_n100_rho0.3_near-ties_seed8.pcf: ok (33 rows)
[300/2400] gen_n100_rho0.3_near-ties_seed9.pcf: ok (33 rows)
[301/2400] gen_n100_rho0.6_anti-correlated_seed0.pcf: ok (33 rows)
[302/2400] gen_n100_rho0.6_anti-correlated_seed1.pcf: ok (33 rows)
[303/2400] gen_n100_rho0.6_anti-correlated_seed2.pcf: ok (33 rows)
[304/2400] gen_n100_rho0.6_anti-correlated_seed3.pcf: ok (33 rows)
[305/2400] gen_n100_rho0.6_anti-correlated_seed4.pcf: ok (33 rows)
[306/2400] gen_n100_rho0.6_anti-correlated_seed5.pcf: ok (33 rows)
[307/2400] gen_n100_rho0.6_anti-correlated_seed6.pcf: ok (33 rows)
[308/2400] gen_n100_rho0.6_anti-correlated_seed7.pcf: ok (33 rows)
[309/2400] gen_n100_rho0.6_anti-correlated_seed8.pcf: ok (33 rows)
[310/2400] gen_n100_rho0.6_anti-correlated_seed9.pcf: ok (33 rows)
[311/2400] gen_n100_rho0.6_correlated_seed0.pcf: ok (33 rows)
[312/2400] gen_n100_rho0.6_correlated_seed1.pcf: ok (33 rows)
[313/2400] gen_n100_rho0.6_correlated_seed2.pcf: ok (33 rows)
[314/2400] gen_n100_rho0.6_correlated_seed3.pcf: ok (33 rows)
[315/2400] gen_n100_rho0.6_correlated_seed4.pcf: ok (33 rows)
[316/2400] gen_n100_rho0.6_correlated_seed5.pcf: ok (33 rows)
[317/2400] gen_n100_rho0.6_correlated_seed6.pcf: ok (33 rows)
[318/2400] gen_n100_rho0.6_correlated_seed7.pcf: ok (33 rows)
[319/2400] gen_n100_rho0.6_correlated_seed8.pcf: ok (33 rows)
[320/2400] gen_n100_rho0.6_correlated_seed9.pcf: ok (33 rows)
[321/2400] gen_n100_rho0.6_exact-ties_seed0.pcf: ok (33 rows)
[322/2400] gen_n100_rho0.6_exact-ties_seed1.pcf: ok (33 rows)
[323/2400] gen_n100_rho0.6_exact-ties_seed2.pcf: ok (33 rows)
[324/2400] gen_n100_rho0.6_exact-ties_seed3.pcf: ok (33 rows)
[325/2400] gen_n100_rho0.6_exact-ties_seed4.pcf: ok (33 rows)
[326/2400] gen_n100_rho0.6_exact-ties_seed5.pcf: ok (33 rows)
[327/2400] gen_n100_rho0.6_exact-ties_seed6.pcf: ok (33 rows)
[328/2400] gen_n100_rho0.6_exact-ties_seed7.pcf: ok (33 rows)
[329/2400] gen_n100_rho0.6_exact-ties_seed8.pcf: ok (33 rows)
[330/2400] gen_n100_rho0.6_exact-ties_seed9.pcf: ok (33 rows)
[331/2400] gen_n100_rho0.6_independent-positive_seed0.pcf: ok (33 rows)
[332/2400] gen_n100_rho0.6_independent-positive_seed1.pcf: ok (33 rows)
[333/2400] gen_n100_rho0.6_independent-positive_seed2.pcf: ok (33 rows)
[334/2400] gen_n100_rho0.6_independent-positive_seed3.pcf: ok (33 rows)
[335/2400] gen_n100_rho0.6_independent-positive_seed4.pcf: ok (33 rows)
[336/2400] gen_n100_rho0.6_independent-positive_seed5.pcf: ok (33 rows)
[337/2400] gen_n100_rho0.6_independent-positive_seed6.pcf: ok (33 rows)
[338/2400] gen_n100_rho0.6_independent-positive_seed7.pcf: ok (33 rows)
[339/2400] gen_n100_rho0.6_independent-positive_seed8.pcf: ok (33 rows)
[340/2400] gen_n100_rho0.6_independent-positive_seed9.pcf: ok (33 rows)
[341/2400] gen_n100_rho0.6_independent-signed_seed0.pcf: ok (33 rows)
[342/2400] gen_n100_rho0.6_independent-signed_seed1.pcf: ok (33 rows)
[343/2400] gen_n100_rho0.6_independent-signed_seed2.pcf: ok (33 rows)
[344/2400] gen_n100_rho0.6_independent-signed_seed3.pcf: ok (33 rows)
[345/2400] gen_n100_rho0.6_independent-signed_seed4.pcf: ok (33 rows)
[346/2400] gen_n100_rho0.6_independent-signed_seed5.pcf: ok (33 rows)
[347/2400] gen_n100_rho0.6_independent-signed_seed6.pcf: ok (33 rows)
[348/2400] gen_n100_rho0.6_independent-signed_seed7.pcf: ok (33 rows)
[349/2400] gen_n100_rho0.6_independent-signed_seed8.pcf: ok (33 rows)
[350/2400] gen_n100_rho0.6_independent-signed_seed9.pcf: ok (33 rows)
[351/2400] gen_n100_rho0.6_near-ties_seed0.pcf: ok (33 rows)
[352/2400] gen_n100_rho0.6_near-ties_seed1.pcf: ok (33 rows)
[353/2400] gen_n100_rho0.6_near-ties_seed2.pcf: ok (33 rows)
[354/2400] gen_n100_rho0.6_near-ties_seed3.pcf: ok (33 rows)
[355/2400] gen_n100_rho0.6_near-ties_seed4.pcf: ok (33 rows)
[356/2400] gen_n100_rho0.6_near-ties_seed5.pcf: ok (33 rows)
[357/2400] gen_n100_rho0.6_near-ties_seed6.pcf: ok (33 rows)
[358/2400] gen_n100_rho0.6_near-ties_seed7.pcf: ok (33 rows)
[359/2400] gen_n100_rho0.6_near-ties_seed8.pcf: ok (33 rows)
[360/2400] gen_n100_rho0.6_near-ties_seed9.pcf: ok (33 rows)
[361/2400] gen_n100_rho0.9_anti-correlated_seed0.pcf: ok (33 rows)
[362/2400] gen_n100_rho0.9_anti-correlated_seed1.pcf: ok (33 rows)
[363/2400] gen_n100_rho0.9_anti-correlated_seed2.pcf: ok (33 rows)
[364/2400] gen_n100_rho0.9_anti-correlated_seed3.pcf: ok (33 rows)
[365/2400] gen_n100_rho0.9_anti-correlated_seed4.pcf: ok (33 rows)
[366/2400] gen_n100_rho0.9_anti-correlated_seed5.pcf: ok (33 rows)
[367/2400] gen_n100_rho0.9_anti-correlated_seed6.pcf: ok (33 rows)
[368/2400] gen_n100_rho0.9_anti-correlated_seed7.pcf: ok (33 rows)
[369/2400] gen_n100_rho0.9_anti-correlated_seed8.pcf: ok (33 rows)
[370/2400] gen_n100_rho0.9_anti-correlated_seed9.pcf: ok (33 rows)
[371/2400] gen_n100_rho0.9_correlated_seed0.pcf: ok (33 rows)
[372/2400] gen_n100_rho0.9_correlated_seed1.pcf: ok (33 rows)
[373/2400] gen_n100_rho0.9_correlated_seed2.pcf: ok (33 rows)
[374/2400] gen_n100_rho0.9_correlated_seed3.pcf: ok (33 rows)
[375/2400] gen_n100_rho0.9_correlated_seed4.pcf: ok (33 rows)
[376/2400] gen_n100_rho0.9_correlated_seed5.pcf: ok (33 rows)
[377/2400] gen_n100_rho0.9_correlated_seed6.pcf: ok (33 rows)
[378/2400] gen_n100_rho0.9_correlated_seed7.pcf: ok (33 rows)
[379/2400] gen_n100_rho0.9_correlated_seed8.pcf: ok (33 rows)
[380/2400] gen_n100_rho0.9_correlated_seed9.pcf: ok (33 rows)
[381/2400] gen_n100_rho0.9_exact-ties_seed0.pcf: ok (33 rows)
[382/2400] gen_n100_rho0.9_exact-ties_seed1.pcf: ok (33 rows)
[383/2400] gen_n100_rho0.9_exact-ties_seed2.pcf: ok (33 rows)
[384/2400] gen_n100_rho0.9_exact-ties_seed3.pcf: ok (33 rows)
[385/2400] gen_n100_rho0.9_exact-ties_seed4.pcf: ok (33 rows)
[386/2400] gen_n100_rho0.9_exact-ties_seed5.pcf: ok (33 rows)
[387/2400] gen_n100_rho0.9_exact-ties_seed6.pcf: ok (33 rows)
[388/2400] gen_n100_rho0.9_exact-ties_seed7.pcf: ok (33 rows)
[389/2400] gen_n100_rho0.9_exact-ties_seed8.pcf: ok (33 rows)
[390/2400] gen_n100_rho0.9_exact-ties_seed9.pcf: ok (33 rows)
[391/2400] gen_n100_rho0.9_independent-positive_seed0.pcf: ok (33 rows)
[392/2400] gen_n100_rho0.9_independent-positive_seed1.pcf: ok (33 rows)
[393/2400] gen_n100_rho0.9_independent-positive_seed2.pcf: ok (33 rows)
[394/2400] gen_n100_rho0.9_independent-positive_seed3.pcf: ok (33 rows)
[395/2400] gen_n100_rho0.9_independent-positive_seed4.pcf: ok (33 rows)
[396/2400] gen_n100_rho0.9_independent-positive_seed5.pcf: ok (33 rows)
[397/2400] gen_n100_rho0.9_independent-positive_seed6.pcf: ok (33 rows)
[398/2400] gen_n100_rho0.9_independent-positive_seed7.pcf: ok (33 rows)
[399/2400] gen_n100_rho0.9_independent-positive_seed8.pcf: ok (33 rows)
[400/2400] gen_n100_rho0.9_independent-positive_seed9.pcf: ok (33 rows)
[401/2400] gen_n100_rho0.9_independent-signed_seed0.pcf: ok (33 rows)
[402/2400] gen_n100_rho0.9_independent-signed_seed1.pcf: ok (33 rows)
[403/2400] gen_n100_rho0.9_independent-signed_seed2.pcf: ok (33 rows)
[404/2400] gen_n100_rho0.9_independent-signed_seed3.pcf: ok (33 rows)
[405/2400] gen_n100_rho0.9_independent-signed_seed4.pcf: ok (33 rows)
[406/2400] gen_n100_rho0.9_independent-signed_seed5.pcf: ok (33 rows)
[407/2400] gen_n100_rho0.9_independent-signed_seed6.pcf: ok (33 rows)
[408/2400] gen_n100_rho0.9_independent-signed_seed7.pcf: ok (33 rows)
[409/2400] gen_n100_rho0.9_independent-signed_seed8.pcf: ok (33 rows)
[410/2400] gen_n100_rho0.9_independent-signed_seed9.pcf: ok (33 rows)
[411/2400] gen_n100_rho0.9_near-ties_seed0.pcf: ok (33 rows)
[412/2400] gen_n100_rho0.9_near-ties_seed1.pcf: ok (33 rows)
[413/2400] gen_n100_rho0.9_near-ties_seed2.pcf: ok (33 rows)
[414/2400] gen_n100_rho0.9_near-ties_seed3.pcf: ok (33 rows)
[415/2400] gen_n100_rho0.9_near-ties_seed4.pcf: ok (33 rows)
[416/2400] gen_n100_rho0.9_near-ties_seed5.pcf: ok (33 rows)
[417/2400] gen_n100_rho0.9_near-ties_seed6.pcf: ok (33 rows)
[418/2400] gen_n100_rho0.9_near-ties_seed7.pcf: ok (33 rows)
[419/2400] gen_n100_rho0.9_near-ties_seed8.pcf: ok (33 rows)
[420/2400] gen_n100_rho0.9_near-ties_seed9.pcf: ok (33 rows)
[421/2400] gen_n100_rho1.0_anti-correlated_seed0.pcf: ok (33 rows)
[422/2400] gen_n100_rho1.0_anti-correlated_seed1.pcf: ok (33 rows)
[423/2400] gen_n100_rho1.0_anti-correlated_seed2.pcf: ok (33 rows)
[424/2400] gen_n100_rho1.0_anti-correlated_seed3.pcf: ok (33 rows)
[425/2400] gen_n100_rho1.0_anti-correlated_seed4.pcf: ok (33 rows)
[426/2400] gen_n100_rho1.0_anti-correlated_seed5.pcf: ok (33 rows)
[427/2400] gen_n100_rho1.0_anti-correlated_seed6.pcf: ok (33 rows)
[428/2400] gen_n100_rho1.0_anti-correlated_seed7.pcf: ok (33 rows)
[429/2400] gen_n100_rho1.0_anti-correlated_seed8.pcf: ok (33 rows)
[430/2400] gen_n100_rho1.0_anti-correlated_seed9.pcf: ok (33 rows)
[431/2400] gen_n100_rho1.0_correlated_seed0.pcf: ok (33 rows)
[432/2400] gen_n100_rho1.0_correlated_seed1.pcf: ok (33 rows)
[433/2400] gen_n100_rho1.0_correlated_seed2.pcf: ok (33 rows)
[434/2400] gen_n100_rho1.0_correlated_seed3.pcf: ok (33 rows)
[435/2400] gen_n100_rho1.0_correlated_seed4.pcf: ok (33 rows)
[436/2400] gen_n100_rho1.0_correlated_seed5.pcf: ok (33 rows)
[437/2400] gen_n100_rho1.0_correlated_seed6.pcf: ok (33 rows)
[438/2400] gen_n100_rho1.0_correlated_seed7.pcf: ok (33 rows)
[439/2400] gen_n100_rho1.0_correlated_seed8.pcf: ok (33 rows)
[440/2400] gen_n100_rho1.0_correlated_seed9.pcf: ok (33 rows)
[441/2400] gen_n100_rho1.0_exact-ties_seed0.pcf: ok (33 rows)
[442/2400] gen_n100_rho1.0_exact-ties_seed1.pcf: ok (33 rows)
[443/2400] gen_n100_rho1.0_exact-ties_seed2.pcf: ok (33 rows)
[444/2400] gen_n100_rho1.0_exact-ties_seed3.pcf: ok (33 rows)
[445/2400] gen_n100_rho1.0_exact-ties_seed4.pcf: ok (33 rows)
[446/2400] gen_n100_rho1.0_exact-ties_seed5.pcf: ok (33 rows)
[447/2400] gen_n100_rho1.0_exact-ties_seed6.pcf: ok (33 rows)
[448/2400] gen_n100_rho1.0_exact-ties_seed7.pcf: ok (33 rows)
[449/2400] gen_n100_rho1.0_exact-ties_seed8.pcf: ok (33 rows)
[450/2400] gen_n100_rho1.0_exact-ties_seed9.pcf: ok (33 rows)
[451/2400] gen_n100_rho1.0_independent-positive_seed0.pcf: ok (33 rows)
[452/2400] gen_n100_rho1.0_independent-positive_seed1.pcf: ok (33 rows)
[453/2400] gen_n100_rho1.0_independent-positive_seed2.pcf: ok (33 rows)
[454/2400] gen_n100_rho1.0_independent-positive_seed3.pcf: ok (33 rows)
[455/2400] gen_n100_rho1.0_independent-positive_seed4.pcf: ok (33 rows)
[456/2400] gen_n100_rho1.0_independent-positive_seed5.pcf: ok (33 rows)
[457/2400] gen_n100_rho1.0_independent-positive_seed6.pcf: ok (33 rows)
[458/2400] gen_n100_rho1.0_independent-positive_seed7.pcf: ok (33 rows)
[459/2400] gen_n100_rho1.0_independent-positive_seed8.pcf: ok (33 rows)
[460/2400] gen_n100_rho1.0_independent-positive_seed9.pcf: ok (33 rows)
[461/2400] gen_n100_rho1.0_independent-signed_seed0.pcf: ok (33 rows)
[462/2400] gen_n100_rho1.0_independent-signed_seed1.pcf: ok (33 rows)
[463/2400] gen_n100_rho1.0_independent-signed_seed2.pcf: ok (33 rows)
[464/2400] gen_n100_rho1.0_independent-signed_seed3.pcf: ok (33 rows)
[465/2400] gen_n100_rho1.0_independent-signed_seed4.pcf: ok (33 rows)
[466/2400] gen_n100_rho1.0_independent-signed_seed5.pcf: ok (33 rows)
[467/2400] gen_n100_rho1.0_independent-signed_seed6.pcf: ok (33 rows)
[468/2400] gen_n100_rho1.0_independent-signed_seed7.pcf: ok (33 rows)
[469/2400] gen_n100_rho1.0_independent-signed_seed8.pcf: ok (33 rows)
[470/2400] gen_n100_rho1.0_independent-signed_seed9.pcf: ok (33 rows)
[471/2400] gen_n100_rho1.0_near-ties_seed0.pcf: ok (33 rows)
[472/2400] gen_n100_rho1.0_near-ties_seed1.pcf: ok (33 rows)
[473/2400] gen_n100_rho1.0_near-ties_seed2.pcf: ok (33 rows)
[474/2400] gen_n100_rho1.0_near-ties_seed3.pcf: ok (33 rows)
[475/2400] gen_n100_rho1.0_near-ties_seed4.pcf: ok (33 rows)
[476/2400] gen_n100_rho1.0_near-ties_seed5.pcf: ok (33 rows)
[477/2400] gen_n100_rho1.0_near-ties_seed6.pcf: ok (33 rows)
[478/2400] gen_n100_rho1.0_near-ties_seed7.pcf: ok (33 rows)
[479/2400] gen_n100_rho1.0_near-ties_seed8.pcf: ok (33 rows)
[480/2400] gen_n100_rho1.0_near-ties_seed9.pcf: ok (33 rows)
[481/2400] gen_n200_rho0.3_anti-correlated_seed0.pcf: ok (33 rows)
[482/2400] gen_n200_rho0.3_anti-correlated_seed1.pcf: ok (33 rows)
[483/2400] gen_n200_rho0.3_anti-correlated_seed2.pcf: ok (33 rows)
[484/2400] gen_n200_rho0.3_anti-correlated_seed3.pcf: ok (33 rows)
[485/2400] gen_n200_rho0.3_anti-correlated_seed4.pcf: ok (33 rows)
[486/2400] gen_n200_rho0.3_anti-correlated_seed5.pcf: ok (33 rows)
[487/2400] gen_n200_rho0.3_anti-correlated_seed6.pcf: ok (33 rows)
[488/2400] gen_n200_rho0.3_anti-correlated_seed7.pcf: ok (33 rows)
[489/2400] gen_n200_rho0.3_anti-correlated_seed8.pcf: ok (33 rows)
[490/2400] gen_n200_rho0.3_anti-correlated_seed9.pcf: ok (33 rows)
[491/2400] gen_n200_rho0.3_correlated_seed0.pcf: ok (33 rows)
[492/2400] gen_n200_rho0.3_correlated_seed1.pcf: ok (33 rows)
[493/2400] gen_n200_rho0.3_correlated_seed2.pcf: ok (33 rows)
[494/2400] gen_n200_rho0.3_correlated_seed3.pcf: ok (33 rows)
[495/2400] gen_n200_rho0.3_correlated_seed4.pcf: ok (33 rows)
[496/2400] gen_n200_rho0.3_correlated_seed5.pcf: ok (33 rows)
[497/2400] gen_n200_rho0.3_correlated_seed6.pcf: ok (33 rows)
[498/2400] gen_n200_rho0.3_correlated_seed7.pcf: ok (33 rows)
[499/2400] gen_n200_rho0.3_correlated_seed8.pcf: ok (33 rows)
[500/2400] gen_n200_rho0.3_correlated_seed9.pcf: ok (33 rows)
[501/2400] gen_n200_rho0.3_exact-ties_seed0.pcf: ok (33 rows)
[502/2400] gen_n200_rho0.3_exact-ties_seed1.pcf: ok (33 rows)
[503/2400] gen_n200_rho0.3_exact-ties_seed2.pcf: ok (33 rows)
[504/2400] gen_n200_rho0.3_exact-ties_seed3.pcf: ok (33 rows)
[505/2400] gen_n200_rho0.3_exact-ties_seed4.pcf: ok (33 rows)
[506/2400] gen_n200_rho0.3_exact-ties_seed5.pcf: ok (33 rows)
[507/2400] gen_n200_rho0.3_exact-ties_seed6.pcf: ok (33 rows)
[508/2400] gen_n200_rho0.3_exact-ties_seed7.pcf: ok (33 rows)
[509/2400] gen_n200_rho0.3_exact-ties_seed8.pcf: ok (33 rows)
[510/2400] gen_n200_rho0.3_exact-ties_seed9.pcf: ok (33 rows)
[511/2400] gen_n200_rho0.3_independent-positive_seed0.pcf: ok (33 rows)
[512/2400] gen_n200_rho0.3_independent-positive_seed1.pcf: ok (33 rows)
[513/2400] gen_n200_rho0.3_independent-positive_seed2.pcf: ok (33 rows)
[514/2400] gen_n200_rho0.3_independent-positive_seed3.pcf: ok (33 rows)
[515/2400] gen_n200_rho0.3_independent-positive_seed4.pcf: ok (33 rows)
[516/2400] gen_n200_rho0.3_independent-positive_seed5.pcf: ok (33 rows)
[517/2400] gen_n200_rho0.3_independent-positive_seed6.pcf: ok (33 rows)
[518/2400] gen_n200_rho0.3_independent-positive_seed7.pcf: ok (33 rows)
[519/2400] gen_n200_rho0.3_independent-positive_seed8.pcf: ok (33 rows)
[520/2400] gen_n200_rho0.3_independent-positive_seed9.pcf: ok (33 rows)
[521/2400] gen_n200_rho0.3_independent-signed_seed0.pcf: ok (33 rows)
[522/2400] gen_n200_rho0.3_independent-signed_seed1.pcf: ok (33 rows)
[523/2400] gen_n200_rho0.3_independent-signed_seed2.pcf: ok (33 rows)
[524/2400] gen_n200_rho0.3_independent-signed_seed3.pcf: ok (33 rows)
[525/2400] gen_n200_rho0.3_independent-signed_seed4.pcf: ok (33 rows)
[526/2400] gen_n200_rho0.3_independent-signed_seed5.pcf: ok (33 rows)
[527/2400] gen_n200_rho0.3_independent-signed_seed6.pcf: ok (33 rows)
[528/2400] gen_n200_rho0.3_independent-signed_seed7.pcf: ok (33 rows)
[529/2400] gen_n200_rho0.3_independent-signed_seed8.pcf: ok (33 rows)
[530/2400] gen_n200_rho0.3_independent-signed_seed9.pcf: ok (33 rows)
[531/2400] gen_n200_rho0.3_near-ties_seed0.pcf: ok (33 rows)
[532/2400] gen_n200_rho0.3_near-ties_seed1.pcf: ok (33 rows)
[533/2400] gen_n200_rho0.3_near-ties_seed2.pcf: ok (33 rows)
[534/2400] gen_n200_rho0.3_near-ties_seed3.pcf: ok (33 rows)
[535/2400] gen_n200_rho0.3_near-ties_seed4.pcf: ok (33 rows)
[536/2400] gen_n200_rho0.3_near-ties_seed5.pcf: ok (33 rows)
[537/2400] gen_n200_rho0.3_near-ties_seed6.pcf: ok (33 rows)
[538/2400] gen_n200_rho0.3_near-ties_seed7.pcf: ok (33 rows)
[539/2400] gen_n200_rho0.3_near-ties_seed8.pcf: ok (33 rows)
[540/2400] gen_n200_rho0.3_near-ties_seed9.pcf: ok (33 rows)
[541/2400] gen_n200_rho0.6_anti-correlated_seed0.pcf: ok (33 rows)
[542/2400] gen_n200_rho0.6_anti-correlated_seed1.pcf: ok (33 rows)
[543/2400] gen_n200_rho0.6_anti-correlated_seed2.pcf: ok (33 rows)
[544/2400] gen_n200_rho0.6_anti-correlated_seed3.pcf: ok (33 rows)
[545/2400] gen_n200_rho0.6_anti-correlated_seed4.pcf: ok (33 rows)
[546/2400] gen_n200_rho0.6_anti-correlated_seed5.pcf: ok (33 rows)
[547/2400] gen_n200_rho0.6_anti-correlated_seed6.pcf: ok (33 rows)
[548/2400] gen_n200_rho0.6_anti-correlated_seed7.pcf: ok (33 rows)
[549/2400] gen_n200_rho0.6_anti-correlated_seed8.pcf: ok (33 rows)
[550/2400] gen_n200_rho0.6_anti-correlated_seed9.pcf: ok (33 rows)
[551/2400] gen_n200_rho0.6_correlated_seed0.pcf: ok (33 rows)
[552/2400] gen_n200_rho0.6_correlated_seed1.pcf: ok (33 rows)
[553/2400] gen_n200_rho0.6_correlated_seed2.pcf: ok (33 rows)
[554/2400] gen_n200_rho0.6_correlated_seed3.pcf: ok (33 rows)
[555/2400] gen_n200_rho0.6_correlated_seed4.pcf: ok (33 rows)
[556/2400] gen_n200_rho0.6_correlated_seed5.pcf: ok (33 rows)
[557/2400] gen_n200_rho0.6_correlated_seed6.pcf: ok (33 rows)
[558/2400] gen_n200_rho0.6_correlated_seed7.pcf: ok (33 rows)
[559/2400] gen_n200_rho0.6_correlated_seed8.pcf: ok (33 rows)
[560/2400] gen_n200_rho0.6_correlated_seed9.pcf: ok (33 rows)
[561/2400] gen_n200_rho0.6_exact-ties_seed0.pcf: ok (33 rows)
[562/2400] gen_n200_rho0.6_exact-ties_seed1.pcf: ok (33 rows)
[563/2400] gen_n200_rho0.6_exact-ties_seed2.pcf: ok (33 rows)
[564/2400] gen_n200_rho0.6_exact-ties_seed3.pcf: ok (33 rows)
[565/2400] gen_n200_rho0.6_exact-ties_seed4.pcf: ok (33 rows)
[566/2400] gen_n200_rho0.6_exact-ties_seed5.pcf: ok (33 rows)
[567/2400] gen_n200_rho0.6_exact-ties_seed6.pcf: ok (33 rows)
[568/2400] gen_n200_rho0.6_exact-ties_seed7.pcf: ok (33 rows)
[569/2400] gen_n200_rho0.6_exact-ties_seed8.pcf: ok (33 rows)
[570/2400] gen_n200_rho0.6_exact-ties_seed9.pcf: ok (33 rows)
[571/2400] gen_n200_rho0.6_independent-positive_seed0.pcf: ok (33 rows)
[572/2400] gen_n200_rho0.6_independent-positive_seed1.pcf: ok (33 rows)
[573/2400] gen_n200_rho0.6_independent-positive_seed2.pcf: ok (33 rows)
[574/2400] gen_n200_rho0.6_independent-positive_seed3.pcf: ok (33 rows)
[575/2400] gen_n200_rho0.6_independent-positive_seed4.pcf: ok (33 rows)
[576/2400] gen_n200_rho0.6_independent-positive_seed5.pcf: ok (33 rows)
[577/2400] gen_n200_rho0.6_independent-positive_seed6.pcf: ok (33 rows)
[578/2400] gen_n200_rho0.6_independent-positive_seed7.pcf: ok (33 rows)
[579/2400] gen_n200_rho0.6_independent-positive_seed8.pcf: ok (33 rows)
[580/2400] gen_n200_rho0.6_independent-positive_seed9.pcf: ok (33 rows)
[581/2400] gen_n200_rho0.6_independent-signed_seed0.pcf: ok (33 rows)
[582/2400] gen_n200_rho0.6_independent-signed_seed1.pcf: ok (33 rows)
[583/2400] gen_n200_rho0.6_independent-signed_seed2.pcf: ok (33 rows)
[584/2400] gen_n200_rho0.6_independent-signed_seed3.pcf: ok (33 rows)
[585/2400] gen_n200_rho0.6_independent-signed_seed4.pcf: ok (33 rows)
[586/2400] gen_n200_rho0.6_independent-signed_seed5.pcf: ok (33 rows)
[587/2400] gen_n200_rho0.6_independent-signed_seed6.pcf: ok (33 rows)
[588/2400] gen_n200_rho0.6_independent-signed_seed7.pcf: ok (33 rows)
[589/2400] gen_n200_rho0.6_independent-signed_seed8.pcf: ok (33 rows)
[590/2400] gen_n200_rho0.6_independent-signed_seed9.pcf: ok (33 rows)
[591/2400] gen_n200_rho0.6_near-ties_seed0.pcf: ok (33 rows)
[592/2400] gen_n200_rho0.6_near-ties_seed1.pcf: ok (33 rows)
[593/2400] gen_n200_rho0.6_near-ties_seed2.pcf: ok (33 rows)
[594/2400] gen_n200_rho0.6_near-ties_seed3.pcf: ok (33 rows)
[595/2400] gen_n200_rho0.6_near-ties_seed4.pcf: ok (33 rows)
[596/2400] gen_n200_rho0.6_near-ties_seed5.pcf: ok (33 rows)
[597/2400] gen_n200_rho0.6_near-ties_seed6.pcf: ok (33 rows)
[598/2400] gen_n200_rho0.6_near-ties_seed7.pcf: ok (33 rows)
[599/2400] gen_n200_rho0.6_near-ties_seed8.pcf: ok (33 rows)
[600/2400] gen_n200_rho0.6_near-ties_seed9.pcf: ok (33 rows)
[601/2400] gen_n200_rho0.9_anti-correlated_seed0.pcf: ok (33 rows)
[602/2400] gen_n200_rho0.9_anti-correlated_seed1.pcf: ok (33 rows)
[603/2400] gen_n200_rho0.9_anti-correlated_seed2.pcf: ok (33 rows)
[604/2400] gen_n200_rho0.9_anti-correlated_seed3.pcf: ok (33 rows)
[605/2400] gen_n200_rho0.9_anti-correlated_seed4.pcf: ok (33 rows)
[606/2400] gen_n200_rho0.9_anti-correlated_seed5.pcf: ok (33 rows)
[607/2400] gen_n200_rho0.9_anti-correlated_seed6.pcf: ok (33 rows)
[608/2400] gen_n200_rho0.9_anti-correlated_seed7.pcf: ok (33 rows)
[609/2400] gen_n200_rho0.9_anti-correlated_seed8.pcf: ok (33 rows)
[610/2400] gen_n200_rho0.9_anti-correlated_seed9.pcf: ok (33 rows)
[611/2400] gen_n200_rho0.9_correlated_seed0.pcf: ok (33 rows)
[612/2400] gen_n200_rho0.9_correlated_seed1.pcf: ok (33 rows)
[613/2400] gen_n200_rho0.9_correlated_seed2.pcf: ok (33 rows)
[614/2400] gen_n200_rho0.9_correlated_seed3.pcf: ok (33 rows)
[615/2400] gen_n200_rho0.9_correlated_seed4.pcf: ok (33 rows)
[616/2400] gen_n200_rho0.9_correlated_seed5.pcf: ok (33 rows)
[617/2400] gen_n200_rho0.9_correlated_seed6.pcf: ok (33 rows)
[618/2400] gen_n200_rho0.9_correlated_seed7.pcf: ok (33 rows)
[619/2400] gen_n200_rho0.9_correlated_seed8.pcf: ok (33 rows)
[620/2400] gen_n200_rho0.9_correlated_seed9.pcf: ok (33 rows)
[621/2400] gen_n200_rho0.9_exact-ties_seed0.pcf: ok (33 rows)
[622/2400] gen_n200_rho0.9_exact-ties_seed1.pcf: ok (33 rows)
[623/2400] gen_n200_rho0.9_exact-ties_seed2.pcf: ok (33 rows)
[624/2400] gen_n200_rho0.9_exact-ties_seed3.pcf: ok (33 rows)
[625/2400] gen_n200_rho0.9_exact-ties_seed4.pcf: ok (33 rows)
[626/2400] gen_n200_rho0.9_exact-ties_seed5.pcf: ok (33 rows)
[627/2400] gen_n200_rho0.9_exact-ties_seed6.pcf: ok (33 rows)
[628/2400] gen_n200_rho0.9_exact-ties_seed7.pcf: ok (33 rows)
[629/2400] gen_n200_rho0.9_exact-ties_seed8.pcf: ok (33 rows)
[630/2400] gen_n200_rho0.9_exact-ties_seed9.pcf: ok (33 rows)
[631/2400] gen_n200_rho0.9_independent-positive_seed0.pcf: ok (33 rows)
[632/2400] gen_n200_rho0.9_independent-positive_seed1.pcf: ok (33 rows)
[633/2400] gen_n200_rho0.9_independent-positive_seed2.pcf: ok (33 rows)
[634/2400] gen_n200_rho0.9_independent-positive_seed3.pcf: ok (33 rows)
[635/2400] gen_n200_rho0.9_independent-positive_seed4.pcf: ok (33 rows)
[636/2400] gen_n200_rho0.9_independent-positive_seed5.pcf: ok (33 rows)
[637/2400] gen_n200_rho0.9_independent-positive_seed6.pcf: ok (33 rows)
[638/2400] gen_n200_rho0.9_independent-positive_seed7.pcf: ok (33 rows)
[639/2400] gen_n200_rho0.9_independent-positive_seed8.pcf: ok (33 rows)
[640/2400] gen_n200_rho0.9_independent-positive_seed9.pcf: ok (33 rows)
[641/2400] gen_n200_rho0.9_independent-signed_seed0.pcf: ok (33 rows)
[642/2400] gen_n200_rho0.9_independent-signed_seed1.pcf: ok (33 rows)
[643/2400] gen_n200_rho0.9_independent-signed_seed2.pcf: ok (33 rows)
[644/2400] gen_n200_rho0.9_independent-signed_seed3.pcf: ok (33 rows)
[645/2400] gen_n200_rho0.9_independent-signed_seed4.pcf: ok (33 rows)
[646/2400] gen_n200_rho0.9_independent-signed_seed5.pcf: ok (33 rows)
[647/2400] gen_n200_rho0.9_independent-signed_seed6.pcf: ok (33 rows)
[648/2400] gen_n200_rho0.9_independent-signed_seed7.pcf: ok (33 rows)
[649/2400] gen_n200_rho0.9_independent-signed_seed8.pcf: ok (33 rows)
[650/2400] gen_n200_rho0.9_independent-signed_seed9.pcf: ok (33 rows)
[651/2400] gen_n200_rho0.9_near-ties_seed0.pcf: ok (33 rows)
[652/2400] gen_n200_rho0.9_near-ties_seed1.pcf: ok (33 rows)
[653/2400] gen_n200_rho0.9_near-ties_seed2.pcf: ok (33 rows)
[654/2400] gen_n200_rho0.9_near-ties_seed3.pcf: ok (33 rows)
[655/2400] gen_n200_rho0.9_near-ties_seed4.pcf: ok (33 rows)
[656/2400] gen_n200_rho0.9_near-ties_seed5.pcf: ok (33 rows)
[657/2400] gen_n200_rho0.9_near-ties_seed6.pcf: ok (33 rows)
[658/2400] gen_n200_rho0.9_near-ties_seed7.pcf: ok (33 rows)
[659/2400] gen_n200_rho0.9_near-ties_seed8.pcf: ok (33 rows)
[660/2400] gen_n200_rho0.9_near-ties_seed9.pcf: ok (33 rows)
[661/2400] gen_n200_rho1.0_anti-correlated_seed0.pcf: ok (33 rows)
[662/2400] gen_n200_rho1.0_anti-correlated_seed1.pcf: ok (33 rows)
[663/2400] gen_n200_rho1.0_anti-correlated_seed2.pcf: ok (33 rows)
[664/2400] gen_n200_rho1.0_anti-correlated_seed3.pcf: ok (33 rows)
[665/2400] gen_n200_rho1.0_anti-correlated_seed4.pcf: ok (33 rows)
[666/2400] gen_n200_rho1.0_anti-correlated_seed5.pcf: ok (33 rows)
[667/2400] gen_n200_rho1.0_anti-correlated_seed6.pcf: ok (33 rows)
[668/2400] gen_n200_rho1.0_anti-correlated_seed7.pcf: ok (33 rows)
[669/2400] gen_n200_rho1.0_anti-correlated_seed8.pcf: ok (33 rows)
[670/2400] gen_n200_rho1.0_anti-correlated_seed9.pcf: ok (33 rows)
[671/2400] gen_n200_rho1.0_correlated_seed0.pcf: ok (33 rows)
[672/2400] gen_n200_rho1.0_correlated_seed1.pcf: ok (33 rows)
[673/2400] gen_n200_rho1.0_correlated_seed2.pcf: ok (33 rows)
[674/2400] gen_n200_rho1.0_correlated_seed3.pcf: ok (33 rows)
[675/2400] gen_n200_rho1.0_correlated_seed4.pcf: ok (33 rows)
[676/2400] gen_n200_rho1.0_correlated_seed5.pcf: ok (33 rows)
[677/2400] gen_n200_rho1.0_correlated_seed6.pcf: ok (33 rows)
[678/2400] gen_n200_rho1.0_correlated_seed7.pcf: ok (33 rows)
[679/2400] gen_n200_rho1.0_correlated_seed8.pcf: ok (33 rows)
[680/2400] gen_n200_rho1.0_correlated_seed9.pcf: ok (33 rows)
[681/2400] gen_n200_rho1.0_exact-ties_seed0.pcf: ok (33 rows)
[682/2400] gen_n200_rho1.0_exact-ties_seed1.pcf: ok (33 rows)
[683/2400] gen_n200_rho1.0_exact-ties_seed2.pcf: ok (33 rows)
[684/2400] gen_n200_rho1.0_exact-ties_seed3.pcf: ok (33 rows)
[685/2400] gen_n200_rho1.0_exact-ties_seed4.pcf: ok (33 rows)
[686/2400] gen_n200_rho1.0_exact-ties_seed5.pcf: ok (33 rows)
[687/2400] gen_n200_rho1.0_exact-ties_seed6.pcf: ok (33 rows)
[688/2400] gen_n200_rho1.0_exact-ties_seed7.pcf: ok (33 rows)
[689/2400] gen_n200_rho1.0_exact-ties_seed8.pcf: ok (33 rows)
[690/2400] gen_n200_rho1.0_exact-ties_seed9.pcf: ok (33 rows)
[691/2400] gen_n200_rho1.0_independent-positive_seed0.pcf: ok (33 rows)
[692/2400] gen_n200_rho1.0_independent-positive_seed1.pcf: ok (33 rows)
[693/2400] gen_n200_rho1.0_independent-positive_seed2.pcf: ok (33 rows)
[694/2400] gen_n200_rho1.0_independent-positive_seed3.pcf: ok (33 rows)
[695/2400] gen_n200_rho1.0_independent-positive_seed4.pcf: ok (33 rows)
[696/2400] gen_n200_rho1.0_independent-positive_seed5.pcf: ok (33 rows)
[697/2400] gen_n200_rho1.0_independent-positive_seed6.pcf: ok (33 rows)
[698/2400] gen_n200_rho1.0_independent-positive_seed7.pcf: ok (33 rows)
[699/2400] gen_n200_rho1.0_independent-positive_seed8.pcf: ok (33 rows)
[700/2400] gen_n200_rho1.0_independent-positive_seed9.pcf: ok (33 rows)
[701/2400] gen_n200_rho1.0_independent-signed_seed0.pcf: ok (33 rows)
[702/2400] gen_n200_rho1.0_independent-signed_seed1.pcf: ok (33 rows)
[703/2400] gen_n200_rho1.0_independent-signed_seed2.pcf: ok (33 rows)
[704/2400] gen_n200_rho1.0_independent-signed_seed3.pcf: ok (33 rows)
[705/2400] gen_n200_rho1.0_independent-signed_seed4.pcf: ok (33 rows)
[706/2400] gen_n200_rho1.0_independent-signed_seed5.pcf: ok (33 rows)
[707/2400] gen_n200_rho1.0_independent-signed_seed6.pcf: ok (33 rows)
[708/2400] gen_n200_rho1.0_independent-signed_seed7.pcf: ok (33 rows)
[709/2400] gen_n200_rho1.0_independent-signed_seed8.pcf: ok (33 rows)
[710/2400] gen_n200_rho1.0_independent-signed_seed9.pcf: ok (33 rows)
[711/2400] gen_n200_rho1.0_near-ties_seed0.pcf: ok (33 rows)
[712/2400] gen_n200_rho1.0_near-ties_seed1.pcf: ok (33 rows)
[713/2400] gen_n200_rho1.0_near-ties_seed2.pcf: ok (33 rows)
[714/2400] gen_n200_rho1.0_near-ties_seed3.pcf: ok (33 rows)
[715/2400] gen_n200_rho1.0_near-ties_seed4.pcf: ok (33 rows)
[716/2400] gen_n200_rho1.0_near-ties_seed5.pcf: ok (33 rows)
[717/2400] gen_n200_rho1.0_near-ties_seed6.pcf: ok (33 rows)
[718/2400] gen_n200_rho1.0_near-ties_seed7.pcf: ok (33 rows)
[719/2400] gen_n200_rho1.0_near-ties_seed8.pcf: ok (33 rows)
[720/2400] gen_n200_rho1.0_near-ties_seed9.pcf: ok (33 rows)
[721/2400] gen_n300_rho0.3_anti-correlated_seed0.pcf: ok (33 rows)
[722/2400] gen_n300_rho0.3_anti-correlated_seed1.pcf: ok (33 rows)
[723/2400] gen_n300_rho0.3_anti-correlated_seed2.pcf: ok (33 rows)
[724/2400] gen_n300_rho0.3_anti-correlated_seed3.pcf: ok (33 rows)
[725/2400] gen_n300_rho0.3_anti-correlated_seed4.pcf: ok (33 rows)
[726/2400] gen_n300_rho0.3_anti-correlated_seed5.pcf: ok (33 rows)
[727/2400] gen_n300_rho0.3_anti-correlated_seed6.pcf: ok (33 rows)
[728/2400] gen_n300_rho0.3_anti-correlated_seed7.pcf: ok (33 rows)
[729/2400] gen_n300_rho0.3_anti-correlated_seed8.pcf: ok (33 rows)
[730/2400] gen_n300_rho0.3_anti-correlated_seed9.pcf: ok (33 rows)
[731/2400] gen_n300_rho0.3_correlated_seed0.pcf: ok (33 rows)
[732/2400] gen_n300_rho0.3_correlated_seed1.pcf: ok (33 rows)
[733/2400] gen_n300_rho0.3_correlated_seed2.pcf: ok (33 rows)
[734/2400] gen_n300_rho0.3_correlated_seed3.pcf: ok (33 rows)
[735/2400] gen_n300_rho0.3_correlated_seed4.pcf: ok (33 rows)
[736/2400] gen_n300_rho0.3_correlated_seed5.pcf: ok (33 rows)
[737/2400] gen_n300_rho0.3_correlated_seed6.pcf: ok (33 rows)
[738/2400] gen_n300_rho0.3_correlated_seed7.pcf: ok (33 rows)
[739/2400] gen_n300_rho0.3_correlated_seed8.pcf: ok (33 rows)
[740/2400] gen_n300_rho0.3_correlated_seed9.pcf: ok (33 rows)
[741/2400] gen_n300_rho0.3_exact-ties_seed0.pcf: ok (33 rows)
[742/2400] gen_n300_rho0.3_exact-ties_seed1.pcf: ok (33 rows)
[743/2400] gen_n300_rho0.3_exact-ties_seed2.pcf: ok (33 rows)
[744/2400] gen_n300_rho0.3_exact-ties_seed3.pcf: ok (33 rows)
[745/2400] gen_n300_rho0.3_exact-ties_seed4.pcf: ok (33 rows)
[746/2400] gen_n300_rho0.3_exact-ties_seed5.pcf: ok (33 rows)
[747/2400] gen_n300_rho0.3_exact-ties_seed6.pcf: ok (33 rows)
[748/2400] gen_n300_rho0.3_exact-ties_seed7.pcf: ok (33 rows)
[749/2400] gen_n300_rho0.3_exact-ties_seed8.pcf: ok (33 rows)
[750/2400] gen_n300_rho0.3_exact-ties_seed9.pcf: ok (33 rows)
[751/2400] gen_n300_rho0.3_independent-positive_seed0.pcf: ok (33 rows)
[752/2400] gen_n300_rho0.3_independent-positive_seed1.pcf: ok (33 rows)
[753/2400] gen_n300_rho0.3_independent-positive_seed2.pcf: ok (33 rows)
[754/2400] gen_n300_rho0.3_independent-positive_seed3.pcf: ok (33 rows)
[755/2400] gen_n300_rho0.3_independent-positive_seed4.pcf: ok (33 rows)
[756/2400] gen_n300_rho0.3_independent-positive_seed5.pcf: ok (33 rows)
[757/2400] gen_n300_rho0.3_independent-positive_seed6.pcf: ok (33 rows)
[758/2400] gen_n300_rho0.3_independent-positive_seed7.pcf: ok (33 rows)
[759/2400] gen_n300_rho0.3_independent-positive_seed8.pcf: ok (33 rows)
[760/2400] gen_n300_rho0.3_independent-positive_seed9.pcf: ok (33 rows)
[761/2400] gen_n300_rho0.3_independent-signed_seed0.pcf: ok (33 rows)
[762/2400] gen_n300_rho0.3_independent-signed_seed1.pcf: ok (33 rows)
[763/2400] gen_n300_rho0.3_independent-signed_seed2.pcf: ok (33 rows)
[764/2400] gen_n300_rho0.3_independent-signed_seed3.pcf: ok (33 rows)
[765/2400] gen_n300_rho0.3_independent-signed_seed4.pcf: ok (33 rows)
[766/2400] gen_n300_rho0.3_independent-signed_seed5.pcf: ok (33 rows)
[767/2400] gen_n300_rho0.3_independent-signed_seed6.pcf: ok (33 rows)
[768/2400] gen_n300_rho0.3_independent-signed_seed7.pcf: ok (33 rows)
[769/2400] gen_n300_rho0.3_independent-signed_seed8.pcf: ok (33 rows)
[770/2400] gen_n300_rho0.3_independent-signed_seed9.pcf: ok (33 rows)
[771/2400] gen_n300_rho0.3_near-ties_seed0.pcf: ok (33 rows)
[772/2400] gen_n300_rho0.3_near-ties_seed1.pcf: ok (33 rows)
[773/2400] gen_n300_rho0.3_near-ties_seed2.pcf: ok (33 rows)
[774/2400] gen_n300_rho0.3_near-ties_seed3.pcf: ok (33 rows)
[775/2400] gen_n300_rho0.3_near-ties_seed4.pcf: ok (33 rows)
[776/2400] gen_n300_rho0.3_near-ties_seed5.pcf: ok (33 rows)
[777/2400] gen_n300_rho0.3_near-ties_seed6.pcf: ok (33 rows)
[778/2400] gen_n300_rho0.3_near-ties_seed7.pcf: ok (33 rows)
[779/2400] gen_n300_rho0.3_near-ties_seed8.pcf: ok (33 rows)
[780/2400] gen_n300_rho0.3_near-ties_seed9.pcf: ok (33 rows)
[781/2400] gen_n300_rho0.6_anti-correlated_seed0.pcf: ok (33 rows)
[782/2400] gen_n300_rho0.6_anti-correlated_seed1.pcf: ok (33 rows)
[783/2400] gen_n300_rho0.6_anti-correlated_seed2.pcf: ok (33 rows)
[784/2400] gen_n300_rho0.6_anti-correlated_seed3.pcf: ok (33 rows)
[785/2400] gen_n300_rho0.6_anti-correlated_seed4.pcf: ok (33 rows)
[786/2400] gen_n300_rho0.6_anti-correlated_seed5.pcf: ok (33 rows)
[787/2400] gen_n300_rho0.6_anti-correlated_seed6.pcf: ok (33 rows)
[788/2400] gen_n300_rho0.6_anti-correlated_seed7.pcf: ok (33 rows)
[789/2400] gen_n300_rho0.6_anti-correlated_seed8.pcf: ok (33 rows)
[790/2400] gen_n300_rho0.6_anti-correlated_seed9.pcf: ok (33 rows)
[791/2400] gen_n300_rho0.6_correlated_seed0.pcf: ok (33 rows)
[792/2400] gen_n300_rho0.6_correlated_seed1.pcf: ok (33 rows)
[793/2400] gen_n300_rho0.6_correlated_seed2.pcf: ok (33 rows)
[794/2400] gen_n300_rho0.6_correlated_seed3.pcf: ok (33 rows)
[795/2400] gen_n300_rho0.6_correlated_seed4.pcf: ok (33 rows)
[796/2400] gen_n300_rho0.6_correlated_seed5.pcf: ok (33 rows)
[797/2400] gen_n300_rho0.6_correlated_seed6.pcf: ok (33 rows)
[798/2400] gen_n300_rho0.6_correlated_seed7.pcf: ok (33 rows)
[799/2400] gen_n300_rho0.6_correlated_seed8.pcf: ok (33 rows)
[800/2400] gen_n300_rho0.6_correlated_seed9.pcf: ok (33 rows)
[801/2400] gen_n300_rho0.6_exact-ties_seed0.pcf: ok (33 rows)
[802/2400] gen_n300_rho0.6_exact-ties_seed1.pcf: ok (33 rows)
[803/2400] gen_n300_rho0.6_exact-ties_seed2.pcf: ok (33 rows)
[804/2400] gen_n300_rho0.6_exact-ties_seed3.pcf: ok (33 rows)
[805/2400] gen_n300_rho0.6_exact-ties_seed4.pcf: ok (33 rows)
[806/2400] gen_n300_rho0.6_exact-ties_seed5.pcf: ok (33 rows)
[807/2400] gen_n300_rho0.6_exact-ties_seed6.pcf: ok (33 rows)
[808/2400] gen_n300_rho0.6_exact-ties_seed7.pcf: ok (33 rows)
[809/2400] gen_n300_rho0.6_exact-ties_seed8.pcf: ok (33 rows)
[810/2400] gen_n300_rho0.6_exact-ties_seed9.pcf: ok (33 rows)
[811/2400] gen_n300_rho0.6_independent-positive_seed0.pcf: ok (33 rows)
[812/2400] gen_n300_rho0.6_independent-positive_seed1.pcf: ok (33 rows)
[813/2400] gen_n300_rho0.6_independent-positive_seed2.pcf: ok (33 rows)
[814/2400] gen_n300_rho0.6_independent-positive_seed3.pcf: ok (33 rows)
[815/2400] gen_n300_rho0.6_independent-positive_seed4.pcf: ok (33 rows)
[816/2400] gen_n300_rho0.6_independent-positive_seed5.pcf: ok (33 rows)
[817/2400] gen_n300_rho0.6_independent-positive_seed6.pcf: ok (33 rows)
[818/2400] gen_n300_rho0.6_independent-positive_seed7.pcf: ok (33 rows)
[819/2400] gen_n300_rho0.6_independent-positive_seed8.pcf: ok (33 rows)
[820/2400] gen_n300_rho0.6_independent-positive_seed9.pcf: ok (33 rows)
[821/2400] gen_n300_rho0.6_independent-signed_seed0.pcf: ok (33 rows)
[822/2400] gen_n300_rho0.6_independent-signed_seed1.pcf: ok (33 rows)
[823/2400] gen_n300_rho0.6_independent-signed_seed2.pcf: ok (33 rows)
[824/2400] gen_n300_rho0.6_independent-signed_seed3.pcf: ok (33 rows)
[825/2400] gen_n300_rho0.6_independent-signed_seed4.pcf: ok (33 rows)
[826/2400] gen_n300_rho0.6_independent-signed_seed5.pcf: ok (33 rows)
[827/2400] gen_n300_rho0.6_independent-signed_seed6.pcf: ok (33 rows)
[828/2400] gen_n300_rho0.6_independent-signed_seed7.pcf: ok (33 rows)
[829/2400] gen_n300_rho0.6_independent-signed_seed8.pcf: ok (33 rows)
[830/2400] gen_n300_rho0.6_independent-signed_seed9.pcf: ok (33 rows)
[831/2400] gen_n300_rho0.6_near-ties_seed0.pcf: ok (33 rows)
[832/2400] gen_n300_rho0.6_near-ties_seed1.pcf: ok (33 rows)
[833/2400] gen_n300_rho0.6_near-ties_seed2.pcf: ok (33 rows)
[834/2400] gen_n300_rho0.6_near-ties_seed3.pcf: ok (33 rows)
[835/2400] gen_n300_rho0.6_near-ties_seed4.pcf: ok (33 rows)
[836/2400] gen_n300_rho0.6_near-ties_seed5.pcf: ok (33 rows)
[837/2400] gen_n300_rho0.6_near-ties_seed6.pcf: ok (33 rows)
[838/2400] gen_n300_rho0.6_near-ties_seed7.pcf: ok (33 rows)
[839/2400] gen_n300_rho0.6_near-ties_seed8.pcf: ok (33 rows)
[840/2400] gen_n300_rho0.6_near-ties_seed9.pcf: ok (33 rows)
[841/2400] gen_n300_rho0.9_anti-correlated_seed0.pcf: ok (33 rows)
[842/2400] gen_n300_rho0.9_anti-correlated_seed1.pcf: ok (33 rows)
[843/2400] gen_n300_rho0.9_anti-correlated_seed2.pcf: ok (33 rows)
[844/2400] gen_n300_rho0.9_anti-correlated_seed3.pcf: ok (33 rows)
[845/2400] gen_n300_rho0.9_anti-correlated_seed4.pcf: ok (33 rows)
[846/2400] gen_n300_rho0.9_anti-correlated_seed5.pcf: ok (33 rows)
[847/2400] gen_n300_rho0.9_anti-correlated_seed6.pcf: ok (33 rows)
[848/2400] gen_n300_rho0.9_anti-correlated_seed7.pcf: ok (33 rows)
[849/2400] gen_n300_rho0.9_anti-correlated_seed8.pcf: ok (33 rows)
[850/2400] gen_n300_rho0.9_anti-correlated_seed9.pcf: ok (33 rows)
[851/2400] gen_n300_rho0.9_correlated_seed0.pcf: ok (33 rows)
[852/2400] gen_n300_rho0.9_correlated_seed1.pcf: ok (33 rows)
[853/2400] gen_n300_rho0.9_correlated_seed2.pcf: ok (33 rows)
[854/2400] gen_n300_rho0.9_correlated_seed3.pcf: ok (33 rows)
[855/2400] gen_n300_rho0.9_correlated_seed4.pcf: ok (33 rows)
[856/2400] gen_n300_rho0.9_correlated_seed5.pcf: ok (33 rows)
[857/2400] gen_n300_rho0.9_correlated_seed6.pcf: ok (33 rows)
[858/2400] gen_n300_rho0.9_correlated_seed7.pcf: ok (33 rows)
[859/2400] gen_n300_rho0.9_correlated_seed8.pcf: ok (33 rows)
[860/2400] gen_n300_rho0.9_correlated_seed9.pcf: ok (33 rows)
[861/2400] gen_n300_rho0.9_exact-ties_seed0.pcf: ok (33 rows)
[862/2400] gen_n300_rho0.9_exact-ties_seed1.pcf: ok (33 rows)
[863/2400] gen_n300_rho0.9_exact-ties_seed2.pcf: ok (33 rows)
[864/2400] gen_n300_rho0.9_exact-ties_seed3.pcf: ok (33 rows)
[865/2400] gen_n300_rho0.9_exact-ties_seed4.pcf: ok (33 rows)
[866/2400] gen_n300_rho0.9_exact-ties_seed5.pcf: ok (33 rows)
[867/2400] gen_n300_rho0.9_exact-ties_seed6.pcf: ok (33 rows)
[868/2400] gen_n300_rho0.9_exact-ties_seed7.pcf: ok (33 rows)
[869/2400] gen_n300_rho0.9_exact-ties_seed8.pcf: ok (33 rows)
[870/2400] gen_n300_rho0.9_exact-ties_seed9.pcf: ok (33 rows)
[871/2400] gen_n300_rho0.9_independent-positive_seed0.pcf: ok (33 rows)
[872/2400] gen_n300_rho0.9_independent-positive_seed1.pcf: ok (33 rows)
[873/2400] gen_n300_rho0.9_independent-positive_seed2.pcf: ok (33 rows)
[874/2400] gen_n300_rho0.9_independent-positive_seed3.pcf: ok (33 rows)
[875/2400] gen_n300_rho0.9_independent-positive_seed4.pcf: ok (33 rows)
[876/2400] gen_n300_rho0.9_independent-positive_seed5.pcf: ok (33 rows)
[877/2400] gen_n300_rho0.9_independent-positive_seed6.pcf: ok (33 rows)
[878/2400] gen_n300_rho0.9_independent-positive_seed7.pcf: ok (33 rows)
[879/2400] gen_n300_rho0.9_independent-positive_seed8.pcf: ok (33 rows)
[880/2400] gen_n300_rho0.9_independent-positive_seed9.pcf: ok (33 rows)
[881/2400] gen_n300_rho0.9_independent-signed_seed0.pcf: ok (33 rows)
[882/2400] gen_n300_rho0.9_independent-signed_seed1.pcf: ok (33 rows)
[883/2400] gen_n300_rho0.9_independent-signed_seed2.pcf: ok (33 rows)
[884/2400] gen_n300_rho0.9_independent-signed_seed3.pcf: ok (33 rows)
[885/2400] gen_n300_rho0.9_independent-signed_seed4.pcf: ok (33 rows)
[886/2400] gen_n300_rho0.9_independent-signed_seed5.pcf: ok (33 rows)
[887/2400] gen_n300_rho0.9_independent-signed_seed6.pcf: ok (33 rows)
[888/2400] gen_n300_rho0.9_independent-signed_seed7.pcf: ok (33 rows)
[889/2400] gen_n300_rho0.9_independent-signed_seed8.pcf: ok (33 rows)
[890/2400] gen_n300_rho0.9_independent-signed_seed9.pcf: ok (33 rows)
[891/2400] gen_n300_rho0.9_near-ties_seed0.pcf: ok (33 rows)
[892/2400] gen_n300_rho0.9_near-ties_seed1.pcf: ok (33 rows)
[893/2400] gen_n300_rho0.9_near-ties_seed2.pcf: ok (33 rows)
[894/2400] gen_n300_rho0.9_near-ties_seed3.pcf: ok (33 rows)
[895/2400] gen_n300_rho0.9_near-ties_seed4.pcf: ok (33 rows)
[896/2400] gen_n300_rho0.9_near-ties_seed5.pcf: ok (33 rows)
[897/2400] gen_n300_rho0.9_near-ties_seed6.pcf: ok (33 rows)
[898/2400] gen_n300_rho0.9_near-ties_seed7.pcf: ok (33 rows)
[899/2400] gen_n300_rho0.9_near-ties_seed8.pcf: ok (33 rows)
[900/2400] gen_n300_rho0.9_near-ties_seed9.pcf: ok (33 rows)
[901/2400] gen_n300_rho1.0_anti-correlated_seed0.pcf: ok (33 rows)
[902/2400] gen_n300_rho1.0_anti-correlated_seed1.pcf: ok (33 rows)
[903/2400] gen_n300_rho1.0_anti-correlated_seed2.pcf: ok (33 rows)
[904/2400] gen_n300_rho1.0_anti-correlated_seed3.pcf: ok (33 rows)
[905/2400] gen_n300_rho1.0_anti-correlated_seed4.pcf: ok (33 rows)
[906/2400] gen_n300_rho1.0_anti-correlated_seed5.pcf: ok (33 rows)
[907/2400] gen_n300_rho1.0_anti-correlated_seed6.pcf: ok (33 rows)
[908/2400] gen_n300_rho1.0_anti-correlated_seed7.pcf: ok (33 rows)
[909/2400] gen_n300_rho1.0_anti-correlated_seed8.pcf: ok (33 rows)
[910/2400] gen_n300_rho1.0_anti-correlated_seed9.pcf: ok (33 rows)
[911/2400] gen_n300_rho1.0_correlated_seed0.pcf: ok (33 rows)
[912/2400] gen_n300_rho1.0_correlated_seed1.pcf: ok (33 rows)
[913/2400] gen_n300_rho1.0_correlated_seed2.pcf: ok (33 rows)
[914/2400] gen_n300_rho1.0_correlated_seed3.pcf: ok (33 rows)
[915/2400] gen_n300_rho1.0_correlated_seed4.pcf: ok (33 rows)
[916/2400] gen_n300_rho1.0_correlated_seed5.pcf: ok (33 rows)
[917/2400] gen_n300_rho1.0_correlated_seed6.pcf: ok (33 rows)
[918/2400] gen_n300_rho1.0_correlated_seed7.pcf: ok (33 rows)
[919/2400] gen_n300_rho1.0_correlated_seed8.pcf: ok (33 rows)
[920/2400] gen_n300_rho1.0_correlated_seed9.pcf: ok (33 rows)
[921/2400] gen_n300_rho1.0_exact-ties_seed0.pcf: ok (33 rows)
[922/2400] gen_n300_rho1.0_exact-ties_seed1.pcf: ok (33 rows)
[923/2400] gen_n300_rho1.0_exact-ties_seed2.pcf: ok (33 rows)
[924/2400] gen_n300_rho1.0_exact-ties_seed3.pcf: ok (33 rows)
[925/2400] gen_n300_rho1.0_exact-ties_seed4.pcf: ok (33 rows)
[926/2400] gen_n300_rho1.0_exact-ties_seed5.pcf: ok (33 rows)
[927/2400] gen_n300_rho1.0_exact-ties_seed6.pcf: ok (33 rows)
[928/2400] gen_n300_rho1.0_exact-ties_seed7.pcf: ok (33 rows)
[929/2400] gen_n300_rho1.0_exact-ties_seed8.pcf: ok (33 rows)
[930/2400] gen_n300_rho1.0_exact-ties_seed9.pcf: ok (33 rows)
[931/2400] gen_n300_rho1.0_independent-positive_seed0.pcf: ok (33 rows)
[932/2400] gen_n300_rho1.0_independent-positive_seed1.pcf: ok (33 rows)
[933/2400] gen_n300_rho1.0_independent-positive_seed2.pcf: ok (33 rows)
[934/2400] gen_n300_rho1.0_independent-positive_seed3.pcf: ok (33 rows)
[935/2400] gen_n300_rho1.0_independent-positive_seed4.pcf: ok (33 rows)
[936/2400] gen_n300_rho1.0_independent-positive_seed5.pcf: ok (33 rows)
[937/2400] gen_n300_rho1.0_independent-positive_seed6.pcf: ok (33 rows)
[938/2400] gen_n300_rho1.0_independent-positive_seed7.pcf: ok (33 rows)
[939/2400] gen_n300_rho1.0_independent-positive_seed8.pcf: ok (33 rows)
[940/2400] gen_n300_rho1.0_independent-positive_seed9.pcf: ok (33 rows)
[941/2400] gen_n300_rho1.0_independent-signed_seed0.pcf: ok (33 rows)
[942/2400] gen_n300_rho1.0_independent-signed_seed1.pcf: ok (33 rows)
[943/2400] gen_n300_rho1.0_independent-signed_seed2.pcf: ok (33 rows)
[944/2400] gen_n300_rho1.0_independent-signed_seed3.pcf: ok (33 rows)
[945/2400] gen_n300_rho1.0_independent-signed_seed4.pcf: ok (33 rows)
[946/2400] gen_n300_rho1.0_independent-signed_seed5.pcf: ok (33 rows)
[947/2400] gen_n300_rho1.0_independent-signed_seed6.pcf: ok (33 rows)
[948/2400] gen_n300_rho1.0_independent-signed_seed7.pcf: ok (33 rows)
[949/2400] gen_n300_rho1.0_independent-signed_seed8.pcf: ok (33 rows)
[950/2400] gen_n300_rho1.0_independent-signed_seed9.pcf: ok (33 rows)
[951/2400] gen_n300_rho1.0_near-ties_seed0.pcf: ok (33 rows)
[952/2400] gen_n300_rho1.0_near-ties_seed1.pcf: ok (33 rows)
[953/2400] gen_n300_rho1.0_near-ties_seed2.pcf: ok (33 rows)
[954/2400] gen_n300_rho1.0_near-ties_seed3.pcf: ok (33 rows)
[955/2400] gen_n300_rho1.0_near-ties_seed4.pcf: ok (33 rows)
[956/2400] gen_n300_rho1.0_near-ties_seed5.pcf: ok (33 rows)
[957/2400] gen_n300_rho1.0_near-ties_seed6.pcf: ok (33 rows)
[958/2400] gen_n300_rho1.0_near-ties_seed7.pcf: ok (33 rows)
[959/2400] gen_n300_rho1.0_near-ties_seed8.pcf: ok (33 rows)
[960/2400] gen_n300_rho1.0_near-ties_seed9.pcf: ok (33 rows)
[961/2400] gen_n400_rho0.3_anti-correlated_seed0.pcf: ok (33 rows)
[962/2400] gen_n400_rho0.3_anti-correlated_seed1.pcf: ok (33 rows)
[963/2400] gen_n400_rho0.3_anti-correlated_seed2.pcf: ok (33 rows)
[964/2400] gen_n400_rho0.3_anti-correlated_seed3.pcf: ok (33 rows)
[965/2400] gen_n400_rho0.3_anti-correlated_seed4.pcf: ok (33 rows)
[966/2400] gen_n400_rho0.3_anti-correlated_seed5.pcf: ok (33 rows)
[967/2400] gen_n400_rho0.3_anti-correlated_seed6.pcf: ok (33 rows)
[968/2400] gen_n400_rho0.3_anti-correlated_seed7.pcf: ok (33 rows)
[969/2400] gen_n400_rho0.3_anti-correlated_seed8.pcf: ok (33 rows)
[970/2400] gen_n400_rho0.3_anti-correlated_seed9.pcf: ok (33 rows)
[971/2400] gen_n400_rho0.3_correlated_seed0.pcf: ok (33 rows)
[972/2400] gen_n400_rho0.3_correlated_seed1.pcf: ok (33 rows)
[973/2400] gen_n400_rho0.3_correlated_seed2.pcf: ok (33 rows)
[974/2400] gen_n400_rho0.3_correlated_seed3.pcf: ok (33 rows)
[975/2400] gen_n400_rho0.3_correlated_seed4.pcf: ok (33 rows)
[976/2400] gen_n400_rho0.3_correlated_seed5.pcf: ok (33 rows)
[977/2400] gen_n400_rho0.3_correlated_seed6.pcf: ok (33 rows)
[978/2400] gen_n400_rho0.3_correlated_seed7.pcf: ok (33 rows)
[979/2400] gen_n400_rho0.3_correlated_seed8.pcf: ok (33 rows)
[980/2400] gen_n400_rho0.3_correlated_seed9.pcf: ok (33 rows)
[981/2400] gen_n400_rho0.3_exact-ties_seed0.pcf: ok (33 rows)
[982/2400] gen_n400_rho0.3_exact-ties_seed1.pcf: ok (33 rows)
[983/2400] gen_n400_rho0.3_exact-ties_seed2.pcf: ok (33 rows)
[984/2400] gen_n400_rho0.3_exact-ties_seed3.pcf: ok (33 rows)
[985/2400] gen_n400_rho0.3_exact-ties_seed4.pcf: ok (33 rows)
[986/2400] gen_n400_rho0.3_exact-ties_seed5.pcf: ok (33 rows)
[987/2400] gen_n400_rho0.3_exact-ties_seed6.pcf: ok (33 rows)
[988/2400] gen_n400_rho0.3_exact-ties_seed7.pcf: ok (33 rows)
[989/2400] gen_n400_rho0.3_exact-ties_seed8.pcf: ok (33 rows)
[990/2400] gen_n400_rho0.3_exact-ties_seed9.pcf: ok (33 rows)
[991/2400] gen_n400_rho0.3_independent-positive_seed0.pcf: ok (33 rows)
[992/2400] gen_n400_rho0.3_independent-positive_seed1.pcf: ok (33 rows)
[993/2400] gen_n400_rho0.3_independent-positive_seed2.pcf: ok (33 rows)
[994/2400] gen_n400_rho0.3_independent-positive_seed3.pcf: ok (33 rows)
[995/2400] gen_n400_rho0.3_independent-positive_seed4.pcf: ok (33 rows)
[996/2400] gen_n400_rho0.3_independent-positive_seed5.pcf: ok (33 rows)
[997/2400] gen_n400_rho0.3_independent-positive_seed6.pcf: ok (33 rows)
[998/2400] gen_n400_rho0.3_independent-positive_seed7.pcf: ok (33 rows)
[999/2400] gen_n400_rho0.3_independent-positive_seed8.pcf: ok (33 rows)
[1000/2400] gen_n400_rho0.3_independent-positive_seed9.pcf: ok (33 rows)
[1001/2400] gen_n400_rho0.3_independent-signed_seed0.pcf: ok (33 rows)
[1002/2400] gen_n400_rho0.3_independent-signed_seed1.pcf: ok (33 rows)
[1003/2400] gen_n400_rho0.3_independent-signed_seed2.pcf: ok (33 rows)
[1004/2400] gen_n400_rho0.3_independent-signed_seed3.pcf: ok (33 rows)
[1005/2400] gen_n400_rho0.3_independent-signed_seed4.pcf: ok (33 rows)
[1006/2400] gen_n400_rho0.3_independent-signed_seed5.pcf: ok (33 rows)
[1007/2400] gen_n400_rho0.3_independent-signed_seed6.pcf: ok (33 rows)
[1008/2400] gen_n400_rho0.3_independent-signed_seed7.pcf: ok (33 rows)
[1009/2400] gen_n400_rho0.3_independent-signed_seed8.pcf: ok (33 rows)
[1010/2400] gen_n400_rho0.3_independent-signed_seed9.pcf: ok (33 rows)
[1011/2400] gen_n400_rho0.3_near-ties_seed0.pcf: ok (33 rows)
[1012/2400] gen_n400_rho0.3_near-ties_seed1.pcf: ok (33 rows)
[1013/2400] gen_n400_rho0.3_near-ties_seed2.pcf: ok (33 rows)
[1014/2400] gen_n400_rho0.3_near-ties_seed3.pcf: ok (33 rows)
[1015/2400] gen_n400_rho0.3_near-ties_seed4.pcf: ok (33 rows)
[1016/2400] gen_n400_rho0.3_near-ties_seed5.pcf: ok (33 rows)
[1017/2400] gen_n400_rho0.3_near-ties_seed6.pcf: ok (33 rows)
[1018/2400] gen_n400_rho0.3_near-ties_seed7.pcf: ok (33 rows)
[1019/2400] gen_n400_rho0.3_near-ties_seed8.pcf: ok (33 rows)
[1020/2400] gen_n400_rho0.3_near-ties_seed9.pcf: ok (33 rows)
[1021/2400] gen_n400_rho0.6_anti-correlated_seed0.pcf: ok (33 rows)
[1022/2400] gen_n400_rho0.6_anti-correlated_seed1.pcf: ok (33 rows)
[1023/2400] gen_n400_rho0.6_anti-correlated_seed2.pcf: ok (33 rows)
[1024/2400] gen_n400_rho0.6_anti-correlated_seed3.pcf: ok (33 rows)
[1025/2400] gen_n400_rho0.6_anti-correlated_seed4.pcf: ok (33 rows)
[1026/2400] gen_n400_rho0.6_anti-correlated_seed5.pcf: ok (33 rows)
[1027/2400] gen_n400_rho0.6_anti-correlated_seed6.pcf: ok (33 rows)
[1028/2400] gen_n400_rho0.6_anti-correlated_seed7.pcf: ok (33 rows)
[1029/2400] gen_n400_rho0.6_anti-correlated_seed8.pcf: ok (33 rows)
[1030/2400] gen_n400_rho0.6_anti-correlated_seed9.pcf: ok (33 rows)
[1031/2400] gen_n400_rho0.6_correlated_seed0.pcf: ok (33 rows)
[1032/2400] gen_n400_rho0.6_correlated_seed1.pcf: ok (33 rows)
[1033/2400] gen_n400_rho0.6_correlated_seed2.pcf: ok (33 rows)
[1034/2400] gen_n400_rho0.6_correlated_seed3.pcf: ok (33 rows)
[1035/2400] gen_n400_rho0.6_correlated_seed4.pcf: ok (33 rows)
[1036/2400] gen_n400_rho0.6_correlated_seed5.pcf: ok (33 rows)
[1037/2400] gen_n400_rho0.6_correlated_seed6.pcf: ok (33 rows)
[1038/2400] gen_n400_rho0.6_correlated_seed7.pcf: ok (33 rows)
[1039/2400] gen_n400_rho0.6_correlated_seed8.pcf: ok (33 rows)
[1040/2400] gen_n400_rho0.6_correlated_seed9.pcf: ok (33 rows)
[1041/2400] gen_n400_rho0.6_exact-ties_seed0.pcf: ok (33 rows)
[1042/2400] gen_n400_rho0.6_exact-ties_seed1.pcf: ok (33 rows)
[1043/2400] gen_n400_rho0.6_exact-ties_seed2.pcf: ok (33 rows)
[1044/2400] gen_n400_rho0.6_exact-ties_seed3.pcf: ok (33 rows)
[1045/2400] gen_n400_rho0.6_exact-ties_seed4.pcf: ok (33 rows)
[1046/2400] gen_n400_rho0.6_exact-ties_seed5.pcf: ok (33 rows)
[1047/2400] gen_n400_rho0.6_exact-ties_seed6.pcf: ok (33 rows)
[1048/2400] gen_n400_rho0.6_exact-ties_seed7.pcf: ok (33 rows)
[1049/2400] gen_n400_rho0.6_exact-ties_seed8.pcf: ok (33 rows)
[1050/2400] gen_n400_rho0.6_exact-ties_seed9.pcf: ok (33 rows)
[1051/2400] gen_n400_rho0.6_independent-positive_seed0.pcf: ok (33 rows)
[1052/2400] gen_n400_rho0.6_independent-positive_seed1.pcf: ok (33 rows)
[1053/2400] gen_n400_rho0.6_independent-positive_seed2.pcf: ok (33 rows)
[1054/2400] gen_n400_rho0.6_independent-positive_seed3.pcf: ok (33 rows)
[1055/2400] gen_n400_rho0.6_independent-positive_seed4.pcf: ok (33 rows)
[1056/2400] gen_n400_rho0.6_independent-positive_seed5.pcf: ok (33 rows)
[1057/2400] gen_n400_rho0.6_independent-positive_seed6.pcf: ok (33 rows)
[1058/2400] gen_n400_rho0.6_independent-positive_seed7.pcf: ok (33 rows)
[1059/2400] gen_n400_rho0.6_independent-positive_seed8.pcf: ok (33 rows)
[1060/2400] gen_n400_rho0.6_independent-positive_seed9.pcf: ok (33 rows)
[1061/2400] gen_n400_rho0.6_independent-signed_seed0.pcf: ok (33 rows)
[1062/2400] gen_n400_rho0.6_independent-signed_seed1.pcf: ok (33 rows)
[1063/2400] gen_n400_rho0.6_independent-signed_seed2.pcf: ok (33 rows)
[1064/2400] gen_n400_rho0.6_independent-signed_seed3.pcf: ok (33 rows)
[1065/2400] gen_n400_rho0.6_independent-signed_seed4.pcf: ok (33 rows)
[1066/2400] gen_n400_rho0.6_independent-signed_seed5.pcf: ok (33 rows)
[1067/2400] gen_n400_rho0.6_independent-signed_seed6.pcf: ok (33 rows)
[1068/2400] gen_n400_rho0.6_independent-signed_seed7.pcf: ok (33 rows)
[1069/2400] gen_n400_rho0.6_independent-signed_seed8.pcf: ok (33 rows)
[1070/2400] gen_n400_rho0.6_independent-signed_seed9.pcf: ok (33 rows)
[1071/2400] gen_n400_rho0.6_near-ties_seed0.pcf: ok (33 rows)
[1072/2400] gen_n400_rho0.6_near-ties_seed1.pcf: ok (33 rows)
[1073/2400] gen_n400_rho0.6_near-ties_seed2.pcf: ok (33 rows)
[1074/2400] gen_n400_rho0.6_near-ties_seed3.pcf: ok (33 rows)
[1075/2400] gen_n400_rho0.6_near-ties_seed4.pcf: ok (33 rows)
[1076/2400] gen_n400_rho0.6_near-ties_seed5.pcf: ok (33 rows)
[1077/2400] gen_n400_rho0.6_near-ties_seed6.pcf: ok (33 rows)
[1078/2400] gen_n400_rho0.6_near-ties_seed7.pcf: ok (33 rows)
[1079/2400] gen_n400_rho0.6_near-ties_seed8.pcf: ok (33 rows)
[1080/2400] gen_n400_rho0.6_near-ties_seed9.pcf: ok (33 rows)
[1081/2400] gen_n400_rho0.9_anti-correlated_seed0.pcf: ok (33 rows)
[1082/2400] gen_n400_rho0.9_anti-correlated_seed1.pcf: ok (33 rows)
[1083/2400] gen_n400_rho0.9_anti-correlated_seed2.pcf: ok (33 rows)
[1084/2400] gen_n400_rho0.9_anti-correlated_seed3.pcf: ok (33 rows)
[1085/2400] gen_n400_rho0.9_anti-correlated_seed4.pcf: ok (33 rows)
[1086/2400] gen_n400_rho0.9_anti-correlated_seed5.pcf: ok (33 rows)
[1087/2400] gen_n400_rho0.9_anti-correlated_seed6.pcf: ok (33 rows)
[1088/2400] gen_n400_rho0.9_anti-correlated_seed7.pcf: ok (33 rows)
[1089/2400] gen_n400_rho0.9_anti-correlated_seed8.pcf: ok (33 rows)
[1090/2400] gen_n400_rho0.9_anti-correlated_seed9.pcf: ok (33 rows)
[1091/2400] gen_n400_rho0.9_correlated_seed0.pcf: ok (33 rows)
[1092/2400] gen_n400_rho0.9_correlated_seed1.pcf: ok (33 rows)
[1093/2400] gen_n400_rho0.9_correlated_seed2.pcf: ok (33 rows)
[1094/2400] gen_n400_rho0.9_correlated_seed3.pcf: ok (33 rows)
[1095/2400] gen_n400_rho0.9_correlated_seed4.pcf: ok (33 rows)
[1096/2400] gen_n400_rho0.9_correlated_seed5.pcf: ok (33 rows)
[1097/2400] gen_n400_rho0.9_correlated_seed6.pcf: ok (33 rows)
[1098/2400] gen_n400_rho0.9_correlated_seed7.pcf: ok (33 rows)
[1099/2400] gen_n400_rho0.9_correlated_seed8.pcf: ok (33 rows)
[1100/2400] gen_n400_rho0.9_correlated_seed9.pcf: ok (33 rows)
[1101/2400] gen_n400_rho0.9_exact-ties_seed0.pcf: ok (33 rows)
[1102/2400] gen_n400_rho0.9_exact-ties_seed1.pcf: ok (33 rows)
[1103/2400] gen_n400_rho0.9_exact-ties_seed2.pcf: ok (33 rows)
[1104/2400] gen_n400_rho0.9_exact-ties_seed3.pcf: ok (33 rows)
[1105/2400] gen_n400_rho0.9_exact-ties_seed4.pcf: ok (33 rows)
[1106/2400] gen_n400_rho0.9_exact-ties_seed5.pcf: ok (33 rows)
[1107/2400] gen_n400_rho0.9_exact-ties_seed6.pcf: ok (33 rows)
[1108/2400] gen_n400_rho0.9_exact-ties_seed7.pcf: ok (33 rows)
[1109/2400] gen_n400_rho0.9_exact-ties_seed8.pcf: ok (33 rows)
[1110/2400] gen_n400_rho0.9_exact-ties_seed9.pcf: ok (33 rows)
[1111/2400] gen_n400_rho0.9_independent-positive_seed0.pcf: ok (33 rows)
[1112/2400] gen_n400_rho0.9_independent-positive_seed1.pcf: ok (33 rows)
[1113/2400] gen_n400_rho0.9_independent-positive_seed2.pcf: ok (33 rows)
[1114/2400] gen_n400_rho0.9_independent-positive_seed3.pcf: ok (33 rows)
[1115/2400] gen_n400_rho0.9_independent-positive_seed4.pcf: ok (33 rows)
[1116/2400] gen_n400_rho0.9_independent-positive_seed5.pcf: ok (33 rows)
[1117/2400] gen_n400_rho0.9_independent-positive_seed6.pcf: ok (33 rows)
[1118/2400] gen_n400_rho0.9_independent-positive_seed7.pcf: ok (33 rows)
[1119/2400] gen_n400_rho0.9_independent-positive_seed8.pcf: ok (33 rows)
[1120/2400] gen_n400_rho0.9_independent-positive_seed9.pcf: ok (33 rows)
[1121/2400] gen_n400_rho0.9_independent-signed_seed0.pcf: ok (33 rows)
[1122/2400] gen_n400_rho0.9_independent-signed_seed1.pcf: ok (33 rows)
[1123/2400] gen_n400_rho0.9_independent-signed_seed2.pcf: ok (33 rows)
[1124/2400] gen_n400_rho0.9_independent-signed_seed3.pcf: ok (33 rows)
[1125/2400] gen_n400_rho0.9_independent-signed_seed4.pcf: ok (33 rows)
[1126/2400] gen_n400_rho0.9_independent-signed_seed5.pcf: ok (33 rows)
[1127/2400] gen_n400_rho0.9_independent-signed_seed6.pcf: ok (33 rows)
[1128/2400] gen_n400_rho0.9_independent-signed_seed7.pcf: ok (33 rows)
[1129/2400] gen_n400_rho0.9_independent-signed_seed8.pcf: ok (33 rows)
[1130/2400] gen_n400_rho0.9_independent-signed_seed9.pcf: ok (33 rows)
[1131/2400] gen_n400_rho0.9_near-ties_seed0.pcf: ok (33 rows)
[1132/2400] gen_n400_rho0.9_near-ties_seed1.pcf: ok (33 rows)
[1133/2400] gen_n400_rho0.9_near-ties_seed2.pcf: ok (33 rows)
[1134/2400] gen_n400_rho0.9_near-ties_seed3.pcf: ok (33 rows)
[1135/2400] gen_n400_rho0.9_near-ties_seed4.pcf: ok (33 rows)
[1136/2400] gen_n400_rho0.9_near-ties_seed5.pcf: ok (33 rows)
[1137/2400] gen_n400_rho0.9_near-ties_seed6.pcf: ok (33 rows)
[1138/2400] gen_n400_rho0.9_near-ties_seed7.pcf: ok (33 rows)
[1139/2400] gen_n400_rho0.9_near-ties_seed8.pcf: ok (33 rows)
[1140/2400] gen_n400_rho0.9_near-ties_seed9.pcf: ok (33 rows)
[1141/2400] gen_n400_rho1.0_anti-correlated_seed0.pcf: ok (33 rows)
[1142/2400] gen_n400_rho1.0_anti-correlated_seed1.pcf: ok (33 rows)
[1143/2400] gen_n400_rho1.0_anti-correlated_seed2.pcf: ok (33 rows)
[1144/2400] gen_n400_rho1.0_anti-correlated_seed3.pcf: ok (33 rows)
[1145/2400] gen_n400_rho1.0_anti-correlated_seed4.pcf: ok (33 rows)
[1146/2400] gen_n400_rho1.0_anti-correlated_seed5.pcf: ok (33 rows)
[1147/2400] gen_n400_rho1.0_anti-correlated_seed6.pcf: ok (33 rows)
[1148/2400] gen_n400_rho1.0_anti-correlated_seed7.pcf: ok (33 rows)
[1149/2400] gen_n400_rho1.0_anti-correlated_seed8.pcf: ok (33 rows)
[1150/2400] gen_n400_rho1.0_anti-correlated_seed9.pcf: ok (33 rows)
[1151/2400] gen_n400_rho1.0_correlated_seed0.pcf: ok (33 rows)
[1152/2400] gen_n400_rho1.0_correlated_seed1.pcf: ok (33 rows)
[1153/2400] gen_n400_rho1.0_correlated_seed2.pcf: ok (33 rows)
[1154/2400] gen_n400_rho1.0_correlated_seed3.pcf: ok (33 rows)
[1155/2400] gen_n400_rho1.0_correlated_seed4.pcf: ok (33 rows)
[1156/2400] gen_n400_rho1.0_correlated_seed5.pcf: ok (33 rows)
[1157/2400] gen_n400_rho1.0_correlated_seed6.pcf: ok (33 rows)
[1158/2400] gen_n400_rho1.0_correlated_seed7.pcf: ok (33 rows)
[1159/2400] gen_n400_rho1.0_correlated_seed8.pcf: ok (33 rows)
[1160/2400] gen_n400_rho1.0_correlated_seed9.pcf: ok (33 rows)
[1161/2400] gen_n400_rho1.0_exact-ties_seed0.pcf: ok (33 rows)
[1162/2400] gen_n400_rho1.0_exact-ties_seed1.pcf: ok (33 rows)
[1163/2400] gen_n400_rho1.0_exact-ties_seed2.pcf: ok (33 rows)
[1164/2400] gen_n400_rho1.0_exact-ties_seed3.pcf: ok (33 rows)
[1165/2400] gen_n400_rho1.0_exact-ties_seed4.pcf: ok (33 rows)
[1166/2400] gen_n400_rho1.0_exact-ties_seed5.pcf: ok (33 rows)
[1167/2400] gen_n400_rho1.0_exact-ties_seed6.pcf: ok (33 rows)
[1168/2400] gen_n400_rho1.0_exact-ties_seed7.pcf: ok (33 rows)
[1169/2400] gen_n400_rho1.0_exact-ties_seed8.pcf: ok (33 rows)
[1170/2400] gen_n400_rho1.0_exact-ties_seed9.pcf: ok (33 rows)
[1171/2400] gen_n400_rho1.0_independent-positive_seed0.pcf: ok (33 rows)
[1172/2400] gen_n400_rho1.0_independent-positive_seed1.pcf: ok (33 rows)
[1173/2400] gen_n400_rho1.0_independent-positive_seed2.pcf: ok (33 rows)
[1174/2400] gen_n400_rho1.0_independent-positive_seed3.pcf: ok (33 rows)
[1175/2400] gen_n400_rho1.0_independent-positive_seed4.pcf: ok (33 rows)
[1176/2400] gen_n400_rho1.0_independent-positive_seed5.pcf: ok (33 rows)
[1177/2400] gen_n400_rho1.0_independent-positive_seed6.pcf: ok (33 rows)
[1178/2400] gen_n400_rho1.0_independent-positive_seed7.pcf: ok (33 rows)
[1179/2400] gen_n400_rho1.0_independent-positive_seed8.pcf: ok (33 rows)
[1180/2400] gen_n400_rho1.0_independent-positive_seed9.pcf: ok (33 rows)
[1181/2400] gen_n400_rho1.0_independent-signed_seed0.pcf: ok (33 rows)
[1182/2400] gen_n400_rho1.0_independent-signed_seed1.pcf: ok (33 rows)
[1183/2400] gen_n400_rho1.0_independent-signed_seed2.pcf: ok (33 rows)
[1184/2400] gen_n400_rho1.0_independent-signed_seed3.pcf: ok (33 rows)
[1185/2400] gen_n400_rho1.0_independent-signed_seed4.pcf: ok (33 rows)
[1186/2400] gen_n400_rho1.0_independent-signed_seed5.pcf: ok (33 rows)
[1187/2400] gen_n400_rho1.0_independent-signed_seed6.pcf: ok (33 rows)
[1188/2400] gen_n400_rho1.0_independent-signed_seed7.pcf: ok (33 rows)
[1189/2400] gen_n400_rho1.0_independent-signed_seed8.pcf: ok (33 rows)
[1190/2400] gen_n400_rho1.0_independent-signed_seed9.pcf: ok (33 rows)
[1191/2400] gen_n400_rho1.0_near-ties_seed0.pcf: ok (33 rows)
[1192/2400] gen_n400_rho1.0_near-ties_seed1.pcf: ok (33 rows)
[1193/2400] gen_n400_rho1.0_near-ties_seed2.pcf: ok (33 rows)
[1194/2400] gen_n400_rho1.0_near-ties_seed3.pcf: ok (33 rows)
[1195/2400] gen_n400_rho1.0_near-ties_seed4.pcf: ok (33 rows)
[1196/2400] gen_n400_rho1.0_near-ties_seed5.pcf: ok (33 rows)
[1197/2400] gen_n400_rho1.0_near-ties_seed6.pcf: ok (33 rows)
[1198/2400] gen_n400_rho1.0_near-ties_seed7.pcf: ok (33 rows)
[1199/2400] gen_n400_rho1.0_near-ties_seed8.pcf: ok (33 rows)
[1200/2400] gen_n400_rho1.0_near-ties_seed9.pcf: ok (33 rows)
[1201/2400] gen_n500_rho0.3_anti-correlated_seed0.pcf: ok (33 rows)
[1202/2400] gen_n500_rho0.3_anti-correlated_seed1.pcf: ok (33 rows)
[1203/2400] gen_n500_rho0.3_anti-correlated_seed2.pcf: ok (33 rows)
[1204/2400] gen_n500_rho0.3_anti-correlated_seed3.pcf: ok (33 rows)
[1205/2400] gen_n500_rho0.3_anti-correlated_seed4.pcf: ok (33 rows)
[1206/2400] gen_n500_rho0.3_anti-correlated_seed5.pcf: ok (33 rows)
[1207/2400] gen_n500_rho0.3_anti-correlated_seed6.pcf: ok (33 rows)
[1208/2400] gen_n500_rho0.3_anti-correlated_seed7.pcf: ok (33 rows)
[1209/2400] gen_n500_rho0.3_anti-correlated_seed8.pcf: ok (33 rows)
[1210/2400] gen_n500_rho0.3_anti-correlated_seed9.pcf: ok (33 rows)
[1211/2400] gen_n500_rho0.3_correlated_seed0.pcf: ok (33 rows)
[1212/2400] gen_n500_rho0.3_correlated_seed1.pcf: ok (33 rows)
[1213/2400] gen_n500_rho0.3_correlated_seed2.pcf: ok (33 rows)
[1214/2400] gen_n500_rho0.3_correlated_seed3.pcf: ok (33 rows)
[1215/2400] gen_n500_rho0.3_correlated_seed4.pcf: ok (33 rows)
[1216/2400] gen_n500_rho0.3_correlated_seed5.pcf: ok (33 rows)
[1217/2400] gen_n500_rho0.3_correlated_seed6.pcf: ok (33 rows)
[1218/2400] gen_n500_rho0.3_correlated_seed7.pcf: ok (33 rows)
[1219/2400] gen_n500_rho0.3_correlated_seed8.pcf: ok (33 rows)
[1220/2400] gen_n500_rho0.3_correlated_seed9.pcf: ok (33 rows)
[1221/2400] gen_n500_rho0.3_exact-ties_seed0.pcf: ok (33 rows)
[1222/2400] gen_n500_rho0.3_exact-ties_seed1.pcf: ok (33 rows)
[1223/2400] gen_n500_rho0.3_exact-ties_seed2.pcf: ok (33 rows)
[1224/2400] gen_n500_rho0.3_exact-ties_seed3.pcf: ok (33 rows)
[1225/2400] gen_n500_rho0.3_exact-ties_seed4.pcf: ok (33 rows)
[1226/2400] gen_n500_rho0.3_exact-ties_seed5.pcf: ok (33 rows)
[1227/2400] gen_n500_rho0.3_exact-ties_seed6.pcf: ok (33 rows)
[1228/2400] gen_n500_rho0.3_exact-ties_seed7.pcf: ok (33 rows)
[1229/2400] gen_n500_rho0.3_exact-ties_seed8.pcf: ok (33 rows)
[1230/2400] gen_n500_rho0.3_exact-ties_seed9.pcf: ok (33 rows)
[1231/2400] gen_n500_rho0.3_independent-positive_seed0.pcf: ok (33 rows)
[1232/2400] gen_n500_rho0.3_independent-positive_seed1.pcf: ok (33 rows)
[1233/2400] gen_n500_rho0.3_independent-positive_seed2.pcf: ok (33 rows)
[1234/2400] gen_n500_rho0.3_independent-positive_seed3.pcf: ok (33 rows)
[1235/2400] gen_n500_rho0.3_independent-positive_seed4.pcf: ok (33 rows)
[1236/2400] gen_n500_rho0.3_independent-positive_seed5.pcf: ok (33 rows)
[1237/2400] gen_n500_rho0.3_independent-positive_seed6.pcf: ok (33 rows)
[1238/2400] gen_n500_rho0.3_independent-positive_seed7.pcf: ok (33 rows)
[1239/2400] gen_n500_rho0.3_independent-positive_seed8.pcf: ok (33 rows)
[1240/2400] gen_n500_rho0.3_independent-positive_seed9.pcf: ok (33 rows)
[1241/2400] gen_n500_rho0.3_independent-signed_seed0.pcf: ok (33 rows)
[1242/2400] gen_n500_rho0.3_independent-signed_seed1.pcf: ok (33 rows)
[1243/2400] gen_n500_rho0.3_independent-signed_seed2.pcf: ok (33 rows)
[1244/2400] gen_n500_rho0.3_independent-signed_seed3.pcf: ok (33 rows)
[1245/2400] gen_n500_rho0.3_independent-signed_seed4.pcf: ok (33 rows)
[1246/2400] gen_n500_rho0.3_independent-signed_seed5.pcf: ok (33 rows)
[1247/2400] gen_n500_rho0.3_independent-signed_seed6.pcf: ok (33 rows)
[1248/2400] gen_n500_rho0.3_independent-signed_seed7.pcf: ok (33 rows)
[1249/2400] gen_n500_rho0.3_independent-signed_seed8.pcf: ok (33 rows)
[1250/2400] gen_n500_rho0.3_independent-signed_seed9.pcf: ok (33 rows)
[1251/2400] gen_n500_rho0.3_near-ties_seed0.pcf: ok (33 rows)
[1252/2400] gen_n500_rho0.3_near-ties_seed1.pcf: ok (33 rows)
[1253/2400] gen_n500_rho0.3_near-ties_seed2.pcf: ok (33 rows)
[1254/2400] gen_n500_rho0.3_near-ties_seed3.pcf: ok (33 rows)
[1255/2400] gen_n500_rho0.3_near-ties_seed4.pcf: ok (33 rows)
[1256/2400] gen_n500_rho0.3_near-ties_seed5.pcf: ok (33 rows)
[1257/2400] gen_n500_rho0.3_near-ties_seed6.pcf: ok (33 rows)
[1258/2400] gen_n500_rho0.3_near-ties_seed7.pcf: ok (33 rows)
[1259/2400] gen_n500_rho0.3_near-ties_seed8.pcf: ok (33 rows)
[1260/2400] gen_n500_rho0.3_near-ties_seed9.pcf: ok (33 rows)
[1261/2400] gen_n500_rho0.6_anti-correlated_seed0.pcf: ok (33 rows)
[1262/2400] gen_n500_rho0.6_anti-correlated_seed1.pcf: ok (33 rows)
[1263/2400] gen_n500_rho0.6_anti-correlated_seed2.pcf: ok (33 rows)
[1264/2400] gen_n500_rho0.6_anti-correlated_seed3.pcf: ok (33 rows)
[1265/2400] gen_n500_rho0.6_anti-correlated_seed4.pcf: ok (33 rows)
[1266/2400] gen_n500_rho0.6_anti-correlated_seed5.pcf: ok (33 rows)
[1267/2400] gen_n500_rho0.6_anti-correlated_seed6.pcf: ok (33 rows)
[1268/2400] gen_n500_rho0.6_anti-correlated_seed7.pcf: ok (33 rows)
[1269/2400] gen_n500_rho0.6_anti-correlated_seed8.pcf: ok (33 rows)
[1270/2400] gen_n500_rho0.6_anti-correlated_seed9.pcf: ok (33 rows)
[1271/2400] gen_n500_rho0.6_correlated_seed0.pcf: ok (33 rows)
[1272/2400] gen_n500_rho0.6_correlated_seed1.pcf: ok (33 rows)
[1273/2400] gen_n500_rho0.6_correlated_seed2.pcf: ok (33 rows)
[1274/2400] gen_n500_rho0.6_correlated_seed3.pcf: ok (33 rows)
[1275/2400] gen_n500_rho0.6_correlated_seed4.pcf: ok (33 rows)
[1276/2400] gen_n500_rho0.6_correlated_seed5.pcf: ok (33 rows)
[1277/2400] gen_n500_rho0.6_correlated_seed6.pcf: ok (33 rows)
[1278/2400] gen_n500_rho0.6_correlated_seed7.pcf: ok (33 rows)
[1279/2400] gen_n500_rho0.6_correlated_seed8.pcf: ok (33 rows)
[1280/2400] gen_n500_rho0.6_correlated_seed9.pcf: ok (33 rows)
[1281/2400] gen_n500_rho0.6_exact-ties_seed0.pcf: ok (33 rows)
[1282/2400] gen_n500_rho0.6_exact-ties_seed1.pcf: ok (33 rows)
[1283/2400] gen_n500_rho0.6_exact-ties_seed2.pcf: ok (33 rows)
[1284/2400] gen_n500_rho0.6_exact-ties_seed3.pcf: ok (33 rows)
[1285/2400] gen_n500_rho0.6_exact-ties_seed4.pcf: ok (33 rows)
[1286/2400] gen_n500_rho0.6_exact-ties_seed5.pcf: ok (33 rows)
[1287/2400] gen_n500_rho0.6_exact-ties_seed6.pcf: ok (33 rows)
[1288/2400] gen_n500_rho0.6_exact-ties_seed7.pcf: ok (33 rows)
[1289/2400] gen_n500_rho0.6_exact-ties_seed8.pcf: ok (33 rows)
[1290/2400] gen_n500_rho0.6_exact-ties_seed9.pcf: ok (33 rows)
[1291/2400] gen_n500_rho0.6_independent-positive_seed0.pcf: ok (33 rows)
[1292/2400] gen_n500_rho0.6_independent-positive_seed1.pcf: ok (33 rows)
[1293/2400] gen_n500_rho0.6_independent-positive_seed2.pcf: ok (33 rows)
[1294/2400] gen_n500_rho0.6_independent-positive_seed3.pcf: ok (33 rows)
[1295/2400] gen_n500_rho0.6_independent-positive_seed4.pcf: ok (33 rows)
[1296/2400] gen_n500_rho0.6_independent-positive_seed5.pcf: ok (33 rows)
[1297/2400] gen_n500_rho0.6_independent-positive_seed6.pcf: ok (33 rows)
[1298/2400] gen_n500_rho0.6_independent-positive_seed7.pcf: ok (33 rows)
[1299/2400] gen_n500_rho0.6_independent-positive_seed8.pcf: ok (33 rows)
[1300/2400] gen_n500_rho0.6_independent-positive_seed9.pcf: ok (33 rows)
[1301/2400] gen_n500_rho0.6_independent-signed_seed0.pcf: ok (33 rows)
[1302/2400] gen_n500_rho0.6_independent-signed_seed1.pcf: ok (33 rows)
[1303/2400] gen_n500_rho0.6_independent-signed_seed2.pcf: ok (33 rows)
[1304/2400] gen_n500_rho0.6_independent-signed_seed3.pcf: ok (33 rows)
[1305/2400] gen_n500_rho0.6_independent-signed_seed4.pcf: ok (33 rows)
[1306/2400] gen_n500_rho0.6_independent-signed_seed5.pcf: ok (33 rows)
[1307/2400] gen_n500_rho0.6_independent-signed_seed6.pcf: ok (33 rows)
[1308/2400] gen_n500_rho0.6_independent-signed_seed7.pcf: ok (33 rows)
[1309/2400] gen_n500_rho0.6_independent-signed_seed8.pcf: ok (33 rows)
[1310/2400] gen_n500_rho0.6_independent-signed_seed9.pcf: ok (33 rows)
[1311/2400] gen_n500_rho0.6_near-ties_seed0.pcf: ok (33 rows)
[1312/2400] gen_n500_rho0.6_near-ties_seed1.pcf: ok (33 rows)
[1313/2400] gen_n500_rho0.6_near-ties_seed2.pcf: ok (33 rows)
[1314/2400] gen_n500_rho0.6_near-ties_seed3.pcf: ok (33 rows)
[1315/2400] gen_n500_rho0.6_near-ties_seed4.pcf: ok (33 rows)
[1316/2400] gen_n500_rho0.6_near-ties_seed5.pcf: ok (33 rows)
[1317/2400] gen_n500_rho0.6_near-ties_seed6.pcf: ok (33 rows)
[1318/2400] gen_n500_rho0.6_near-ties_seed7.pcf: ok (33 rows)
[1319/2400] gen_n500_rho0.6_near-ties_seed8.pcf: ok (33 rows)
[1320/2400] gen_n500_rho0.6_near-ties_seed9.pcf: ok (33 rows)
[1321/2400] gen_n500_rho0.9_anti-correlated_seed0.pcf: ok (33 rows)
[1322/2400] gen_n500_rho0.9_anti-correlated_seed1.pcf: ok (33 rows)
[1323/2400] gen_n500_rho0.9_anti-correlated_seed2.pcf: ok (33 rows)
[1324/2400] gen_n500_rho0.9_anti-correlated_seed3.pcf: ok (33 rows)
[1325/2400] gen_n500_rho0.9_anti-correlated_seed4.pcf: ok (33 rows)
[1326/2400] gen_n500_rho0.9_anti-correlated_seed5.pcf: ok (33 rows)
[1327/2400] gen_n500_rho0.9_anti-correlated_seed6.pcf: ok (33 rows)
[1328/2400] gen_n500_rho0.9_anti-correlated_seed7.pcf: ok (33 rows)
[1329/2400] gen_n500_rho0.9_anti-correlated_seed8.pcf: ok (33 rows)
[1330/2400] gen_n500_rho0.9_anti-correlated_seed9.pcf: ok (33 rows)
[1331/2400] gen_n500_rho0.9_correlated_seed0.pcf: ok (33 rows)
[1332/2400] gen_n500_rho0.9_correlated_seed1.pcf: ok (33 rows)
[1333/2400] gen_n500_rho0.9_correlated_seed2.pcf: ok (33 rows)
[1334/2400] gen_n500_rho0.9_correlated_seed3.pcf: ok (33 rows)
[1335/2400] gen_n500_rho0.9_correlated_seed4.pcf: ok (33 rows)
[1336/2400] gen_n500_rho0.9_correlated_seed5.pcf: ok (33 rows)
[1337/2400] gen_n500_rho0.9_correlated_seed6.pcf: ok (33 rows)
[1338/2400] gen_n500_rho0.9_correlated_seed7.pcf: ok (33 rows)
[1339/2400] gen_n500_rho0.9_correlated_seed8.pcf: ok (33 rows)
[1340/2400] gen_n500_rho0.9_correlated_seed9.pcf: ok (33 rows)
[1341/2400] gen_n500_rho0.9_exact-ties_seed0.pcf: ok (33 rows)
[1342/2400] gen_n500_rho0.9_exact-ties_seed1.pcf: ok (33 rows)
[1343/2400] gen_n500_rho0.9_exact-ties_seed2.pcf: ok (33 rows)
[1344/2400] gen_n500_rho0.9_exact-ties_seed3.pcf: ok (33 rows)
[1345/2400] gen_n500_rho0.9_exact-ties_seed4.pcf: ok (33 rows)
[1346/2400] gen_n500_rho0.9_exact-ties_seed5.pcf: ok (33 rows)
[1347/2400] gen_n500_rho0.9_exact-ties_seed6.pcf: ok (33 rows)
[1348/2400] gen_n500_rho0.9_exact-ties_seed7.pcf: ok (33 rows)
[1349/2400] gen_n500_rho0.9_exact-ties_seed8.pcf: ok (33 rows)
[1350/2400] gen_n500_rho0.9_exact-ties_seed9.pcf: ok (33 rows)
[1351/2400] gen_n500_rho0.9_independent-positive_seed0.pcf: ok (33 rows)
[1352/2400] gen_n500_rho0.9_independent-positive_seed1.pcf: ok (33 rows)
[1353/2400] gen_n500_rho0.9_independent-positive_seed2.pcf: ok (33 rows)
[1354/2400] gen_n500_rho0.9_independent-positive_seed3.pcf: ok (33 rows)
[1355/2400] gen_n500_rho0.9_independent-positive_seed4.pcf: ok (33 rows)
[1356/2400] gen_n500_rho0.9_independent-positive_seed5.pcf: ok (33 rows)
[1357/2400] gen_n500_rho0.9_independent-positive_seed6.pcf: ok (33 rows)
[1358/2400] gen_n500_rho0.9_independent-positive_seed7.pcf: ok (33 rows)
[1359/2400] gen_n500_rho0.9_independent-positive_seed8.pcf: ok (33 rows)
[1360/2400] gen_n500_rho0.9_independent-positive_seed9.pcf: ok (33 rows)
[1361/2400] gen_n500_rho0.9_independent-signed_seed0.pcf: ok (33 rows)
[1362/2400] gen_n500_rho0.9_independent-signed_seed1.pcf: ok (33 rows)
[1363/2400] gen_n500_rho0.9_independent-signed_seed2.pcf: ok (33 rows)
[1364/2400] gen_n500_rho0.9_independent-signed_seed3.pcf: ok (33 rows)
[1365/2400] gen_n500_rho0.9_independent-signed_seed4.pcf: ok (33 rows)
[1366/2400] gen_n500_rho0.9_independent-signed_seed5.pcf: ok (33 rows)
[1367/2400] gen_n500_rho0.9_independent-signed_seed6.pcf: ok (33 rows)
[1368/2400] gen_n500_rho0.9_independent-signed_seed7.pcf: ok (33 rows)
[1369/2400] gen_n500_rho0.9_independent-signed_seed8.pcf: ok (33 rows)
[1370/2400] gen_n500_rho0.9_independent-signed_seed9.pcf: ok (33 rows)
[1371/2400] gen_n500_rho0.9_near-ties_seed0.pcf: ok (33 rows)
[1372/2400] gen_n500_rho0.9_near-ties_seed1.pcf: ok (33 rows)
[1373/2400] gen_n500_rho0.9_near-ties_seed2.pcf: ok (33 rows)
[1374/2400] gen_n500_rho0.9_near-ties_seed3.pcf: ok (33 rows)
[1375/2400] gen_n500_rho0.9_near-ties_seed4.pcf: ok (33 rows)
[1376/2400] gen_n500_rho0.9_near-ties_seed5.pcf: ok (33 rows)
[1377/2400] gen_n500_rho0.9_near-ties_seed6.pcf: ok (33 rows)
[1378/2400] gen_n500_rho0.9_near-ties_seed7.pcf: ok (33 rows)
[1379/2400] gen_n500_rho0.9_near-ties_seed8.pcf: ok (33 rows)
[1380/2400] gen_n500_rho0.9_near-ties_seed9.pcf: ok (33 rows)
[1381/2400] gen_n500_rho1.0_anti-correlated_seed0.pcf: ok (33 rows)
[1382/2400] gen_n500_rho1.0_anti-correlated_seed1.pcf: ok (33 rows)
[1383/2400] gen_n500_rho1.0_anti-correlated_seed2.pcf: ok (33 rows)
[1384/2400] gen_n500_rho1.0_anti-correlated_seed3.pcf: ok (33 rows)
[1385/2400] gen_n500_rho1.0_anti-correlated_seed4.pcf: ok (33 rows)
[1386/2400] gen_n500_rho1.0_anti-correlated_seed5.pcf: ok (33 rows)
[1387/2400] gen_n500_rho1.0_anti-correlated_seed6.pcf: ok (33 rows)
[1388/2400] gen_n500_rho1.0_anti-correlated_seed7.pcf: ok (33 rows)
[1389/2400] gen_n500_rho1.0_anti-correlated_seed8.pcf: ok (33 rows)
[1390/2400] gen_n500_rho1.0_anti-correlated_seed9.pcf: ok (33 rows)
[1391/2400] gen_n500_rho1.0_correlated_seed0.pcf: ok (33 rows)
[1392/2400] gen_n500_rho1.0_correlated_seed1.pcf: ok (33 rows)
[1393/2400] gen_n500_rho1.0_correlated_seed2.pcf: ok (33 rows)
[1394/2400] gen_n500_rho1.0_correlated_seed3.pcf: ok (33 rows)
[1395/2400] gen_n500_rho1.0_correlated_seed4.pcf: ok (33 rows)
[1396/2400] gen_n500_rho1.0_correlated_seed5.pcf: ok (33 rows)
[1397/2400] gen_n500_rho1.0_correlated_seed6.pcf: ok (33 rows)
[1398/2400] gen_n500_rho1.0_correlated_seed7.pcf: ok (33 rows)
[1399/2400] gen_n500_rho1.0_correlated_seed8.pcf: ok (33 rows)
[1400/2400] gen_n500_rho1.0_correlated_seed9.pcf: ok (33 rows)
[1401/2400] gen_n500_rho1.0_exact-ties_seed0.pcf: ok (33 rows)
[1402/2400] gen_n500_rho1.0_exact-ties_seed1.pcf: ok (33 rows)
[1403/2400] gen_n500_rho1.0_exact-ties_seed2.pcf: ok (33 rows)
[1404/2400] gen_n500_rho1.0_exact-ties_seed3.pcf: ok (33 rows)
[1405/2400] gen_n500_rho1.0_exact-ties_seed4.pcf: ok (33 rows)
[1406/2400] gen_n500_rho1.0_exact-ties_seed5.pcf: ok (33 rows)
[1407/2400] gen_n500_rho1.0_exact-ties_seed6.pcf: ok (33 rows)
[1408/2400] gen_n500_rho1.0_exact-ties_seed7.pcf: ok (33 rows)
[1409/2400] gen_n500_rho1.0_exact-ties_seed8.pcf: ok (33 rows)
[1410/2400] gen_n500_rho1.0_exact-ties_seed9.pcf: ok (33 rows)
[1411/2400] gen_n500_rho1.0_independent-positive_seed0.pcf: ok (33 rows)
[1412/2400] gen_n500_rho1.0_independent-positive_seed1.pcf: ok (33 rows)
[1413/2400] gen_n500_rho1.0_independent-positive_seed2.pcf: ok (33 rows)
[1414/2400] gen_n500_rho1.0_independent-positive_seed3.pcf: ok (33 rows)
[1415/2400] gen_n500_rho1.0_independent-positive_seed4.pcf: ok (33 rows)
[1416/2400] gen_n500_rho1.0_independent-positive_seed5.pcf: ok (33 rows)
[1417/2400] gen_n500_rho1.0_independent-positive_seed6.pcf: ok (33 rows)
[1418/2400] gen_n500_rho1.0_independent-positive_seed7.pcf: ok (33 rows)
[1419/2400] gen_n500_rho1.0_independent-positive_seed8.pcf: ok (33 rows)
[1420/2400] gen_n500_rho1.0_independent-positive_seed9.pcf: ok (33 rows)
[1421/2400] gen_n500_rho1.0_independent-signed_seed0.pcf: ok (33 rows)
[1422/2400] gen_n500_rho1.0_independent-signed_seed1.pcf: ok (33 rows)
[1423/2400] gen_n500_rho1.0_independent-signed_seed2.pcf: ok (33 rows)
[1424/2400] gen_n500_rho1.0_independent-signed_seed3.pcf: ok (33 rows)
[1425/2400] gen_n500_rho1.0_independent-signed_seed4.pcf: ok (33 rows)
[1426/2400] gen_n500_rho1.0_independent-signed_seed5.pcf: ok (33 rows)
[1427/2400] gen_n500_rho1.0_independent-signed_seed6.pcf: ok (33 rows)
[1428/2400] gen_n500_rho1.0_independent-signed_seed7.pcf: ok (33 rows)
[1429/2400] gen_n500_rho1.0_independent-signed_seed8.pcf: ok (33 rows)
[1430/2400] gen_n500_rho1.0_independent-signed_seed9.pcf: ok (33 rows)
[1431/2400] gen_n500_rho1.0_near-ties_seed0.pcf: ok (33 rows)
[1432/2400] gen_n500_rho1.0_near-ties_seed1.pcf: ok (33 rows)
[1433/2400] gen_n500_rho1.0_near-ties_seed2.pcf: ok (33 rows)
[1434/2400] gen_n500_rho1.0_near-ties_seed3.pcf: ok (33 rows)
[1435/2400] gen_n500_rho1.0_near-ties_seed4.pcf: ok (33 rows)
[1436/2400] gen_n500_rho1.0_near-ties_seed5.pcf: ok (33 rows)
[1437/2400] gen_n500_rho1.0_near-ties_seed6.pcf: ok (33 rows)
[1438/2400] gen_n500_rho1.0_near-ties_seed7.pcf: ok (33 rows)
[1439/2400] gen_n500_rho1.0_near-ties_seed8.pcf: ok (33 rows)
[1440/2400] gen_n500_rho1.0_near-ties_seed9.pcf: ok (33 rows)
[1441/2400] gen_n600_rho0.3_anti-correlated_seed0.pcf: ok (33 rows)
[1442/2400] gen_n600_rho0.3_anti-correlated_seed1.pcf: ok (33 rows)
[1443/2400] gen_n600_rho0.3_anti-correlated_seed2.pcf: ok (33 rows)
[1444/2400] gen_n600_rho0.3_anti-correlated_seed3.pcf: ok (33 rows)
[1445/2400] gen_n600_rho0.3_anti-correlated_seed4.pcf: ok (33 rows)
[1446/2400] gen_n600_rho0.3_anti-correlated_seed5.pcf: ok (33 rows)
[1447/2400] gen_n600_rho0.3_anti-correlated_seed6.pcf: ok (33 rows)
[1448/2400] gen_n600_rho0.3_anti-correlated_seed7.pcf: ok (33 rows)
[1449/2400] gen_n600_rho0.3_anti-correlated_seed8.pcf: ok (33 rows)
[1450/2400] gen_n600_rho0.3_anti-correlated_seed9.pcf: ok (33 rows)
[1451/2400] gen_n600_rho0.3_correlated_seed0.pcf: ok (33 rows)
[1452/2400] gen_n600_rho0.3_correlated_seed1.pcf: ok (33 rows)
[1453/2400] gen_n600_rho0.3_correlated_seed2.pcf: ok (33 rows)
[1454/2400] gen_n600_rho0.3_correlated_seed3.pcf: ok (33 rows)
[1455/2400] gen_n600_rho0.3_correlated_seed4.pcf: ok (33 rows)
[1456/2400] gen_n600_rho0.3_correlated_seed5.pcf: ok (33 rows)
[1457/2400] gen_n600_rho0.3_correlated_seed6.pcf: ok (33 rows)
[1458/2400] gen_n600_rho0.3_correlated_seed7.pcf: ok (33 rows)
[1459/2400] gen_n600_rho0.3_correlated_seed8.pcf: ok (33 rows)
[1460/2400] gen_n600_rho0.3_correlated_seed9.pcf: ok (33 rows)
[1461/2400] gen_n600_rho0.3_exact-ties_seed0.pcf: ok (33 rows)
[1462/2400] gen_n600_rho0.3_exact-ties_seed1.pcf: ok (33 rows)
[1463/2400] gen_n600_rho0.3_exact-ties_seed2.pcf: ok (33 rows)
[1464/2400] gen_n600_rho0.3_exact-ties_seed3.pcf: ok (33 rows)
[1465/2400] gen_n600_rho0.3_exact-ties_seed4.pcf: ok (33 rows)
[1466/2400] gen_n600_rho0.3_exact-ties_seed5.pcf: ok (33 rows)
[1467/2400] gen_n600_rho0.3_exact-ties_seed6.pcf: ok (33 rows)
[1468/2400] gen_n600_rho0.3_exact-ties_seed7.pcf: ok (33 rows)
[1469/2400] gen_n600_rho0.3_exact-ties_seed8.pcf: ok (33 rows)
[1470/2400] gen_n600_rho0.3_exact-ties_seed9.pcf: ok (33 rows)
[1471/2400] gen_n600_rho0.3_independent-positive_seed0.pcf: ok (33 rows)
[1472/2400] gen_n600_rho0.3_independent-positive_seed1.pcf: ok (33 rows)
[1473/2400] gen_n600_rho0.3_independent-positive_seed2.pcf: ok (33 rows)
[1474/2400] gen_n600_rho0.3_independent-positive_seed3.pcf: ok (33 rows)
[1475/2400] gen_n600_rho0.3_independent-positive_seed4.pcf: ok (33 rows)
[1476/2400] gen_n600_rho0.3_independent-positive_seed5.pcf: ok (33 rows)
[1477/2400] gen_n600_rho0.3_independent-positive_seed6.pcf: ok (33 rows)
[1478/2400] gen_n600_rho0.3_independent-positive_seed7.pcf: ok (33 rows)
[1479/2400] gen_n600_rho0.3_independent-positive_seed8.pcf: ok (33 rows)
[1480/2400] gen_n600_rho0.3_independent-positive_seed9.pcf: ok (33 rows)
[1481/2400] gen_n600_rho0.3_independent-signed_seed0.pcf: ok (33 rows)
[1482/2400] gen_n600_rho0.3_independent-signed_seed1.pcf: ok (33 rows)
[1483/2400] gen_n600_rho0.3_independent-signed_seed2.pcf: ok (33 rows)
[1484/2400] gen_n600_rho0.3_independent-signed_seed3.pcf: ok (33 rows)
[1485/2400] gen_n600_rho0.3_independent-signed_seed4.pcf: ok (33 rows)
[1486/2400] gen_n600_rho0.3_independent-signed_seed5.pcf: ok (33 rows)
[1487/2400] gen_n600_rho0.3_independent-signed_seed6.pcf: ok (33 rows)
[1488/2400] gen_n600_rho0.3_independent-signed_seed7.pcf: ok (33 rows)
[1489/2400] gen_n600_rho0.3_independent-signed_seed8.pcf: ok (33 rows)
[1490/2400] gen_n600_rho0.3_independent-signed_seed9.pcf: ok (33 rows)
[1491/2400] gen_n600_rho0.3_near-ties_seed0.pcf: ok (33 rows)
[1492/2400] gen_n600_rho0.3_near-ties_seed1.pcf: ok (33 rows)
[1493/2400] gen_n600_rho0.3_near-ties_seed2.pcf: ok (33 rows)
[1494/2400] gen_n600_rho0.3_near-ties_seed3.pcf: ok (33 rows)
[1495/2400] gen_n600_rho0.3_near-ties_seed4.pcf: ok (33 rows)
[1496/2400] gen_n600_rho0.3_near-ties_seed5.pcf: ok (33 rows)
[1497/2400] gen_n600_rho0.3_near-ties_seed6.pcf: ok (33 rows)
[1498/2400] gen_n600_rho0.3_near-ties_seed7.pcf: ok (33 rows)
[1499/2400] gen_n600_rho0.3_near-ties_seed8.pcf: ok (33 rows)
[1500/2400] gen_n600_rho0.3_near-ties_seed9.pcf: ok (33 rows)
[1501/2400] gen_n600_rho0.6_anti-correlated_seed0.pcf: ok (33 rows)
[1502/2400] gen_n600_rho0.6_anti-correlated_seed1.pcf: ok (33 rows)
[1503/2400] gen_n600_rho0.6_anti-correlated_seed2.pcf: ok (33 rows)
[1504/2400] gen_n600_rho0.6_anti-correlated_seed3.pcf: ok (33 rows)
[1505/2400] gen_n600_rho0.6_anti-correlated_seed4.pcf: ok (33 rows)
[1506/2400] gen_n600_rho0.6_anti-correlated_seed5.pcf: ok (33 rows)
[1507/2400] gen_n600_rho0.6_anti-correlated_seed6.pcf: ok (33 rows)
[1508/2400] gen_n600_rho0.6_anti-correlated_seed7.pcf: ok (33 rows)
[1509/2400] gen_n600_rho0.6_anti-correlated_seed8.pcf: ok (33 rows)
[1510/2400] gen_n600_rho0.6_anti-correlated_seed9.pcf: ok (33 rows)
[1511/2400] gen_n600_rho0.6_correlated_seed0.pcf: ok (33 rows)
[1512/2400] gen_n600_rho0.6_correlated_seed1.pcf: ok (33 rows)
[1513/2400] gen_n600_rho0.6_correlated_seed2.pcf: ok (33 rows)
[1514/2400] gen_n600_rho0.6_correlated_seed3.pcf: ok (33 rows)
[1515/2400] gen_n600_rho0.6_correlated_seed4.pcf: ok (33 rows)
[1516/2400] gen_n600_rho0.6_correlated_seed5.pcf: ok (33 rows)
[1517/2400] gen_n600_rho0.6_correlated_seed6.pcf: ok (33 rows)
[1518/2400] gen_n600_rho0.6_correlated_seed7.pcf: ok (33 rows)
[1519/2400] gen_n600_rho0.6_correlated_seed8.pcf: ok (33 rows)
[1520/2400] gen_n600_rho0.6_correlated_seed9.pcf: ok (33 rows)
[1521/2400] gen_n600_rho0.6_exact-ties_seed0.pcf: ok (33 rows)
[1522/2400] gen_n600_rho0.6_exact-ties_seed1.pcf: ok (33 rows)
[1523/2400] gen_n600_rho0.6_exact-ties_seed2.pcf: ok (33 rows)
[1524/2400] gen_n600_rho0.6_exact-ties_seed3.pcf: ok (33 rows)
[1525/2400] gen_n600_rho0.6_exact-ties_seed4.pcf: ok (33 rows)
[1526/2400] gen_n600_rho0.6_exact-ties_seed5.pcf: ok (33 rows)
[1527/2400] gen_n600_rho0.6_exact-ties_seed6.pcf: ok (33 rows)
[1528/2400] gen_n600_rho0.6_exact-ties_seed7.pcf: ok (33 rows)
[1529/2400] gen_n600_rho0.6_exact-ties_seed8.pcf: ok (33 rows)
[1530/2400] gen_n600_rho0.6_exact-ties_seed9.pcf: ok (33 rows)
[1531/2400] gen_n600_rho0.6_independent-positive_seed0.pcf: ok (33 rows)
[1532/2400] gen_n600_rho0.6_independent-positive_seed1.pcf: ok (33 rows)
[1533/2400] gen_n600_rho0.6_independent-positive_seed2.pcf: ok (33 rows)
[1534/2400] gen_n600_rho0.6_independent-positive_seed3.pcf: ok (33 rows)
[1535/2400] gen_n600_rho0.6_independent-positive_seed4.pcf: ok (33 rows)
[1536/2400] gen_n600_rho0.6_independent-positive_seed5.pcf: ok (33 rows)
[1537/2400] gen_n600_rho0.6_independent-positive_seed6.pcf: ok (33 rows)
[1538/2400] gen_n600_rho0.6_independent-positive_seed7.pcf: ok (33 rows)
[1539/2400] gen_n600_rho0.6_independent-positive_seed8.pcf: ok (33 rows)
[1540/2400] gen_n600_rho0.6_independent-positive_seed9.pcf: ok (33 rows)
[1541/2400] gen_n600_rho0.6_independent-signed_seed0.pcf: ok (33 rows)
[1542/2400] gen_n600_rho0.6_independent-signed_seed1.pcf: ok (33 rows)
[1543/2400] gen_n600_rho0.6_independent-signed_seed2.pcf: ok (33 rows)
[1544/2400] gen_n600_rho0.6_independent-signed_seed3.pcf: ok (33 rows)
[1545/2400] gen_n600_rho0.6_independent-signed_seed4.pcf: ok (33 rows)
[1546/2400] gen_n600_rho0.6_independent-signed_seed5.pcf: ok (33 rows)
[1547/2400] gen_n600_rho0.6_independent-signed_seed6.pcf: ok (33 rows)
[1548/2400] gen_n600_rho0.6_independent-signed_seed7.pcf: ok (33 rows)
[1549/2400] gen_n600_rho0.6_independent-signed_seed8.pcf: ok (33 rows)
[1550/2400] gen_n600_rho0.6_independent-signed_seed9.pcf: ok (33 rows)
[1551/2400] gen_n600_rho0.6_near-ties_seed0.pcf: ok (33 rows)
[1552/2400] gen_n600_rho0.6_near-ties_seed1.pcf: ok (33 rows)
[1553/2400] gen_n600_rho0.6_near-ties_seed2.pcf: ok (33 rows)
[1554/2400] gen_n600_rho0.6_near-ties_seed3.pcf: ok (33 rows)
[1555/2400] gen_n600_rho0.6_near-ties_seed4.pcf: ok (33 rows)
[1556/2400] gen_n600_rho0.6_near-ties_seed5.pcf: ok (33 rows)
[1557/2400] gen_n600_rho0.6_near-ties_seed6.pcf: ok (33 rows)
[1558/2400] gen_n600_rho0.6_near-ties_seed7.pcf: ok (33 rows)
[1559/2400] gen_n600_rho0.6_near-ties_seed8.pcf: ok (33 rows)
[1560/2400] gen_n600_rho0.6_near-ties_seed9.pcf: ok (33 rows)
[1561/2400] gen_n600_rho0.9_anti-correlated_seed0.pcf: ok (33 rows)
[1562/2400] gen_n600_rho0.9_anti-correlated_seed1.pcf: ok (33 rows)
[1563/2400] gen_n600_rho0.9_anti-correlated_seed2.pcf: ok (33 rows)
[1564/2400] gen_n600_rho0.9_anti-correlated_seed3.pcf: ok (33 rows)
[1565/2400] gen_n600_rho0.9_anti-correlated_seed4.pcf: ok (33 rows)
[1566/2400] gen_n600_rho0.9_anti-correlated_seed5.pcf: ok (33 rows)
[1567/2400] gen_n600_rho0.9_anti-correlated_seed6.pcf: ok (33 rows)
[1568/2400] gen_n600_rho0.9_anti-correlated_seed7.pcf: ok (33 rows)
[1569/2400] gen_n600_rho0.9_anti-correlated_seed8.pcf: ok (33 rows)
[1570/2400] gen_n600_rho0.9_anti-correlated_seed9.pcf: ok (33 rows)
[1571/2400] gen_n600_rho0.9_correlated_seed0.pcf: ok (33 rows)
[1572/2400] gen_n600_rho0.9_correlated_seed1.pcf: ok (33 rows)
[1573/2400] gen_n600_rho0.9_correlated_seed2.pcf: ok (33 rows)
[1574/2400] gen_n600_rho0.9_correlated_seed3.pcf: ok (33 rows)
[1575/2400] gen_n600_rho0.9_correlated_seed4.pcf: ok (33 rows)
[1576/2400] gen_n600_rho0.9_correlated_seed5.pcf: ok (33 rows)
[1577/2400] gen_n600_rho0.9_correlated_seed6.pcf: ok (33 rows)
[1578/2400] gen_n600_rho0.9_correlated_seed7.pcf: ok (33 rows)
[1579/2400] gen_n600_rho0.9_correlated_seed8.pcf: ok (33 rows)
[1580/2400] gen_n600_rho0.9_correlated_seed9.pcf: ok (33 rows)
[1581/2400] gen_n600_rho0.9_exact-ties_seed0.pcf: ok (33 rows)
[1582/2400] gen_n600_rho0.9_exact-ties_seed1.pcf: ok (33 rows)
[1583/2400] gen_n600_rho0.9_exact-ties_seed2.pcf: ok (33 rows)
[1584/2400] gen_n600_rho0.9_exact-ties_seed3.pcf: ok (33 rows)
[1585/2400] gen_n600_rho0.9_exact-ties_seed4.pcf: ok (33 rows)
[1586/2400] gen_n600_rho0.9_exact-ties_seed5.pcf: ok (33 rows)
[1587/2400] gen_n600_rho0.9_exact-ties_seed6.pcf: ok (33 rows)
[1588/2400] gen_n600_rho0.9_exact-ties_seed7.pcf: ok (33 rows)
[1589/2400] gen_n600_rho0.9_exact-ties_seed8.pcf: ok (33 rows)
[1590/2400] gen_n600_rho0.9_exact-ties_seed9.pcf: ok (33 rows)
[1591/2400] gen_n600_rho0.9_independent-positive_seed0.pcf: ok (33 rows)
[1592/2400] gen_n600_rho0.9_independent-positive_seed1.pcf: ok (33 rows)
[1593/2400] gen_n600_rho0.9_independent-positive_seed2.pcf: ok (33 rows)
[1594/2400] gen_n600_rho0.9_independent-positive_seed3.pcf: ok (33 rows)
[1595/2400] gen_n600_rho0.9_independent-positive_seed4.pcf: ok (33 rows)
[1596/2400] gen_n600_rho0.9_independent-positive_seed5.pcf: ok (33 rows)
[1597/2400] gen_n600_rho0.9_independent-positive_seed6.pcf: ok (33 rows)
[1598/2400] gen_n600_rho0.9_independent-positive_seed7.pcf: ok (33 rows)
[1599/2400] gen_n600_rho0.9_independent-positive_seed8.pcf: ok (33 rows)
[1600/2400] gen_n600_rho0.9_independent-positive_seed9.pcf: ok (33 rows)
[1601/2400] gen_n600_rho0.9_independent-signed_seed0.pcf: ok (33 rows)
[1602/2400] gen_n600_rho0.9_independent-signed_seed1.pcf: ok (33 rows)
[1603/2400] gen_n600_rho0.9_independent-signed_seed2.pcf: ok (33 rows)
[1604/2400] gen_n600_rho0.9_independent-signed_seed3.pcf: ok (33 rows)
[1605/2400] gen_n600_rho0.9_independent-signed_seed4.pcf: ok (33 rows)
[1606/2400] gen_n600_rho0.9_independent-signed_seed5.pcf: ok (33 rows)
[1607/2400] gen_n600_rho0.9_independent-signed_seed6.pcf: ok (33 rows)
[1608/2400] gen_n600_rho0.9_independent-signed_seed7.pcf: ok (33 rows)
[1609/2400] gen_n600_rho0.9_independent-signed_seed8.pcf: ok (33 rows)
[1610/2400] gen_n600_rho0.9_independent-signed_seed9.pcf: ok (33 rows)
[1611/2400] gen_n600_rho0.9_near-ties_seed0.pcf: ok (33 rows)
[1612/2400] gen_n600_rho0.9_near-ties_seed1.pcf: ok (33 rows)
[1613/2400] gen_n600_rho0.9_near-ties_seed2.pcf: ok (33 rows)
[1614/2400] gen_n600_rho0.9_near-ties_seed3.pcf: ok (33 rows)
[1615/2400] gen_n600_rho0.9_near-ties_seed4.pcf: ok (33 rows)
[1616/2400] gen_n600_rho0.9_near-ties_seed5.pcf: ok (33 rows)
[1617/2400] gen_n600_rho0.9_near-ties_seed6.pcf: ok (33 rows)
[1618/2400] gen_n600_rho0.9_near-ties_seed7.pcf: ok (33 rows)
[1619/2400] gen_n600_rho0.9_near-ties_seed8.pcf: ok (33 rows)
[1620/2400] gen_n600_rho0.9_near-ties_seed9.pcf: ok (33 rows)
[1621/2400] gen_n600_rho1.0_anti-correlated_seed0.pcf: ok (33 rows)
[1622/2400] gen_n600_rho1.0_anti-correlated_seed1.pcf: ok (33 rows)
[1623/2400] gen_n600_rho1.0_anti-correlated_seed2.pcf: ok (33 rows)
[1624/2400] gen_n600_rho1.0_anti-correlated_seed3.pcf: ok (33 rows)
[1625/2400] gen_n600_rho1.0_anti-correlated_seed4.pcf: ok (33 rows)
[1626/2400] gen_n600_rho1.0_anti-correlated_seed5.pcf: ok (33 rows)
[1627/2400] gen_n600_rho1.0_anti-correlated_seed6.pcf: ok (33 rows)
[1628/2400] gen_n600_rho1.0_anti-correlated_seed7.pcf: ok (33 rows)
[1629/2400] gen_n600_rho1.0_anti-correlated_seed8.pcf: ok (33 rows)
[1630/2400] gen_n600_rho1.0_anti-correlated_seed9.pcf: ok (33 rows)
[1631/2400] gen_n600_rho1.0_correlated_seed0.pcf: ok (33 rows)
[1632/2400] gen_n600_rho1.0_correlated_seed1.pcf: ok (33 rows)
[1633/2400] gen_n600_rho1.0_correlated_seed2.pcf: ok (33 rows)
[1634/2400] gen_n600_rho1.0_correlated_seed3.pcf: ok (33 rows)
[1635/2400] gen_n600_rho1.0_correlated_seed4.pcf: ok (33 rows)
[1636/2400] gen_n600_rho1.0_correlated_seed5.pcf: ok (33 rows)
[1637/2400] gen_n600_rho1.0_correlated_seed6.pcf: ok (33 rows)
[1638/2400] gen_n600_rho1.0_correlated_seed7.pcf: ok (33 rows)
[1639/2400] gen_n600_rho1.0_correlated_seed8.pcf: ok (33 rows)
[1640/2400] gen_n600_rho1.0_correlated_seed9.pcf: ok (33 rows)
[1641/2400] gen_n600_rho1.0_exact-ties_seed0.pcf: ok (33 rows)
[1642/2400] gen_n600_rho1.0_exact-ties_seed1.pcf: ok (33 rows)
[1643/2400] gen_n600_rho1.0_exact-ties_seed2.pcf: ok (33 rows)
[1644/2400] gen_n600_rho1.0_exact-ties_seed3.pcf: ok (33 rows)
[1645/2400] gen_n600_rho1.0_exact-ties_seed4.pcf: ok (33 rows)
[1646/2400] gen_n600_rho1.0_exact-ties_seed5.pcf: ok (33 rows)
[1647/2400] gen_n600_rho1.0_exact-ties_seed6.pcf: ok (33 rows)
[1648/2400] gen_n600_rho1.0_exact-ties_seed7.pcf: ok (33 rows)
[1649/2400] gen_n600_rho1.0_exact-ties_seed8.pcf: ok (33 rows)
[1650/2400] gen_n600_rho1.0_exact-ties_seed9.pcf: ok (33 rows)
[1651/2400] gen_n600_rho1.0_independent-positive_seed0.pcf: ok (33 rows)
[1652/2400] gen_n600_rho1.0_independent-positive_seed1.pcf: ok (33 rows)
[1653/2400] gen_n600_rho1.0_independent-positive_seed2.pcf: ok (33 rows)
[1654/2400] gen_n600_rho1.0_independent-positive_seed3.pcf: ok (33 rows)
[1655/2400] gen_n600_rho1.0_independent-positive_seed4.pcf: ok (33 rows)
[1656/2400] gen_n600_rho1.0_independent-positive_seed5.pcf: ok (33 rows)
[1657/2400] gen_n600_rho1.0_independent-positive_seed6.pcf: ok (33 rows)
[1658/2400] gen_n600_rho1.0_independent-positive_seed7.pcf: ok (33 rows)
[1659/2400] gen_n600_rho1.0_independent-positive_seed8.pcf: ok (33 rows)
[1660/2400] gen_n600_rho1.0_independent-positive_seed9.pcf: ok (33 rows)
[1661/2400] gen_n600_rho1.0_independent-signed_seed0.pcf: ok (33 rows)
[1662/2400] gen_n600_rho1.0_independent-signed_seed1.pcf: ok (33 rows)
[1663/2400] gen_n600_rho1.0_independent-signed_seed2.pcf: ok (33 rows)
[1664/2400] gen_n600_rho1.0_independent-signed_seed3.pcf: ok (33 rows)
[1665/2400] gen_n600_rho1.0_independent-signed_seed4.pcf: ok (33 rows)
[1666/2400] gen_n600_rho1.0_independent-signed_seed5.pcf: ok (33 rows)
[1667/2400] gen_n600_rho1.0_independent-signed_seed6.pcf: ok (33 rows)
[1668/2400] gen_n600_rho1.0_independent-signed_seed7.pcf: ok (33 rows)
[1669/2400] gen_n600_rho1.0_independent-signed_seed8.pcf: ok (33 rows)
[1670/2400] gen_n600_rho1.0_independent-signed_seed9.pcf: ok (33 rows)
[1671/2400] gen_n600_rho1.0_near-ties_seed0.pcf: ok (33 rows)
[1672/2400] gen_n600_rho1.0_near-ties_seed1.pcf: ok (33 rows)
[1673/2400] gen_n600_rho1.0_near-ties_seed2.pcf: ok (33 rows)
[1674/2400] gen_n600_rho1.0_near-ties_seed3.pcf: ok (33 rows)
[1675/2400] gen_n600_rho1.0_near-ties_seed4.pcf: ok (33 rows)
[1676/2400] gen_n600_rho1.0_near-ties_seed5.pcf: ok (33 rows)
[1677/2400] gen_n600_rho1.0_near-ties_seed6.pcf: ok (33 rows)
[1678/2400] gen_n600_rho1.0_near-ties_seed7.pcf: ok (33 rows)
[1679/2400] gen_n600_rho1.0_near-ties_seed8.pcf: ok (33 rows)
[1680/2400] gen_n600_rho1.0_near-ties_seed9.pcf: ok (33 rows)
[1681/2400] gen_n700_rho0.3_anti-correlated_seed0.pcf: ok (33 rows)
[1682/2400] gen_n700_rho0.3_anti-correlated_seed1.pcf: ok (33 rows)
[1683/2400] gen_n700_rho0.3_anti-correlated_seed2.pcf: ok (33 rows)
[1684/2400] gen_n700_rho0.3_anti-correlated_seed3.pcf: ok (33 rows)
[1685/2400] gen_n700_rho0.3_anti-correlated_seed4.pcf: ok (33 rows)
[1686/2400] gen_n700_rho0.3_anti-correlated_seed5.pcf: ok (33 rows)
[1687/2400] gen_n700_rho0.3_anti-correlated_seed6.pcf: ok (33 rows)
[1688/2400] gen_n700_rho0.3_anti-correlated_seed7.pcf: ok (33 rows)
[1689/2400] gen_n700_rho0.3_anti-correlated_seed8.pcf: ok (33 rows)
[1690/2400] gen_n700_rho0.3_anti-correlated_seed9.pcf: ok (33 rows)
[1691/2400] gen_n700_rho0.3_correlated_seed0.pcf: ok (33 rows)
[1692/2400] gen_n700_rho0.3_correlated_seed1.pcf: ok (33 rows)
[1693/2400] gen_n700_rho0.3_correlated_seed2.pcf: ok (33 rows)
[1694/2400] gen_n700_rho0.3_correlated_seed3.pcf: ok (33 rows)
[1695/2400] gen_n700_rho0.3_correlated_seed4.pcf: ok (33 rows)
[1696/2400] gen_n700_rho0.3_correlated_seed5.pcf: ok (33 rows)
[1697/2400] gen_n700_rho0.3_correlated_seed6.pcf: ok (33 rows)
[1698/2400] gen_n700_rho0.3_correlated_seed7.pcf: ok (33 rows)
[1699/2400] gen_n700_rho0.3_correlated_seed8.pcf: ok (33 rows)
[1700/2400] gen_n700_rho0.3_correlated_seed9.pcf: ok (33 rows)
[1701/2400] gen_n700_rho0.3_exact-ties_seed0.pcf: ok (33 rows)
[1702/2400] gen_n700_rho0.3_exact-ties_seed1.pcf: ok (33 rows)
[1703/2400] gen_n700_rho0.3_exact-ties_seed2.pcf: ok (33 rows)
[1704/2400] gen_n700_rho0.3_exact-ties_seed3.pcf: ok (33 rows)
[1705/2400] gen_n700_rho0.3_exact-ties_seed4.pcf: ok (33 rows)
[1706/2400] gen_n700_rho0.3_exact-ties_seed5.pcf: ok (33 rows)
[1707/2400] gen_n700_rho0.3_exact-ties_seed6.pcf: ok (33 rows)
[1708/2400] gen_n700_rho0.3_exact-ties_seed7.pcf: ok (33 rows)
[1709/2400] gen_n700_rho0.3_exact-ties_seed8.pcf: ok (33 rows)
[1710/2400] gen_n700_rho0.3_exact-ties_seed9.pcf: ok (33 rows)
[1711/2400] gen_n700_rho0.3_independent-positive_seed0.pcf: ok (33 rows)
[1712/2400] gen_n700_rho0.3_independent-positive_seed1.pcf: ok (33 rows)
[1713/2400] gen_n700_rho0.3_independent-positive_seed2.pcf: ok (33 rows)
[1714/2400] gen_n700_rho0.3_independent-positive_seed3.pcf: ok (33 rows)
[1715/2400] gen_n700_rho0.3_independent-positive_seed4.pcf: ok (33 rows)
[1716/2400] gen_n700_rho0.3_independent-positive_seed5.pcf: ok (33 rows)
[1717/2400] gen_n700_rho0.3_independent-positive_seed6.pcf: ok (33 rows)
[1718/2400] gen_n700_rho0.3_independent-positive_seed7.pcf: ok (33 rows)
[1719/2400] gen_n700_rho0.3_independent-positive_seed8.pcf: ok (33 rows)
[1720/2400] gen_n700_rho0.3_independent-positive_seed9.pcf: ok (33 rows)
[1721/2400] gen_n700_rho0.3_independent-signed_seed0.pcf: ok (33 rows)
[1722/2400] gen_n700_rho0.3_independent-signed_seed1.pcf: ok (33 rows)
[1723/2400] gen_n700_rho0.3_independent-signed_seed2.pcf: ok (33 rows)
[1724/2400] gen_n700_rho0.3_independent-signed_seed3.pcf: ok (33 rows)
[1725/2400] gen_n700_rho0.3_independent-signed_seed4.pcf: ok (33 rows)
[1726/2400] gen_n700_rho0.3_independent-signed_seed5.pcf: ok (33 rows)
[1727/2400] gen_n700_rho0.3_independent-signed_seed6.pcf: ok (33 rows)
[1728/2400] gen_n700_rho0.3_independent-signed_seed7.pcf: ok (33 rows)
[1729/2400] gen_n700_rho0.3_independent-signed_seed8.pcf: ok (33 rows)
[1730/2400] gen_n700_rho0.3_independent-signed_seed9.pcf: ok (33 rows)
[1731/2400] gen_n700_rho0.3_near-ties_seed0.pcf: ok (33 rows)
[1732/2400] gen_n700_rho0.3_near-ties_seed1.pcf: ok (33 rows)
[1733/2400] gen_n700_rho0.3_near-ties_seed2.pcf: ok (33 rows)
[1734/2400] gen_n700_rho0.3_near-ties_seed3.pcf: ok (33 rows)
[1735/2400] gen_n700_rho0.3_near-ties_seed4.pcf: ok (33 rows)
[1736/2400] gen_n700_rho0.3_near-ties_seed5.pcf: ok (33 rows)
[1737/2400] gen_n700_rho0.3_near-ties_seed6.pcf: ok (33 rows)
[1738/2400] gen_n700_rho0.3_near-ties_seed7.pcf: ok (33 rows)
[1739/2400] gen_n700_rho0.3_near-ties_seed8.pcf: ok (33 rows)
[1740/2400] gen_n700_rho0.3_near-ties_seed9.pcf: ok (33 rows)
[1741/2400] gen_n700_rho0.6_anti-correlated_seed0.pcf: ok (33 rows)
[1742/2400] gen_n700_rho0.6_anti-correlated_seed1.pcf: ok (33 rows)
[1743/2400] gen_n700_rho0.6_anti-correlated_seed2.pcf: ok (33 rows)
[1744/2400] gen_n700_rho0.6_anti-correlated_seed3.pcf: ok (33 rows)
[1745/2400] gen_n700_rho0.6_anti-correlated_seed4.pcf: ok (33 rows)
[1746/2400] gen_n700_rho0.6_anti-correlated_seed5.pcf: ok (33 rows)
[1747/2400] gen_n700_rho0.6_anti-correlated_seed6.pcf: ok (33 rows)
[1748/2400] gen_n700_rho0.6_anti-correlated_seed7.pcf: ok (33 rows)
[1749/2400] gen_n700_rho0.6_anti-correlated_seed8.pcf: ok (33 rows)
[1750/2400] gen_n700_rho0.6_anti-correlated_seed9.pcf: ok (33 rows)
[1751/2400] gen_n700_rho0.6_correlated_seed0.pcf: ok (33 rows)
[1752/2400] gen_n700_rho0.6_correlated_seed1.pcf: ok (33 rows)
[1753/2400] gen_n700_rho0.6_correlated_seed2.pcf: ok (33 rows)
[1754/2400] gen_n700_rho0.6_correlated_seed3.pcf: ok (33 rows)
[1755/2400] gen_n700_rho0.6_correlated_seed4.pcf: ok (33 rows)
[1756/2400] gen_n700_rho0.6_correlated_seed5.pcf: ok (33 rows)
[1757/2400] gen_n700_rho0.6_correlated_seed6.pcf: ok (33 rows)
[1758/2400] gen_n700_rho0.6_correlated_seed7.pcf: ok (33 rows)
[1759/2400] gen_n700_rho0.6_correlated_seed8.pcf: ok (33 rows)
[1760/2400] gen_n700_rho0.6_correlated_seed9.pcf: ok (33 rows)
[1761/2400] gen_n700_rho0.6_exact-ties_seed0.pcf: ok (33 rows)
[1762/2400] gen_n700_rho0.6_exact-ties_seed1.pcf: ok (33 rows)
[1763/2400] gen_n700_rho0.6_exact-ties_seed2.pcf: ok (33 rows)
[1764/2400] gen_n700_rho0.6_exact-ties_seed3.pcf: ok (33 rows)
[1765/2400] gen_n700_rho0.6_exact-ties_seed4.pcf: ok (33 rows)
[1766/2400] gen_n700_rho0.6_exact-ties_seed5.pcf: ok (33 rows)
[1767/2400] gen_n700_rho0.6_exact-ties_seed6.pcf: ok (33 rows)
[1768/2400] gen_n700_rho0.6_exact-ties_seed7.pcf: ok (33 rows)
[1769/2400] gen_n700_rho0.6_exact-ties_seed8.pcf: ok (33 rows)
[1770/2400] gen_n700_rho0.6_exact-ties_seed9.pcf: ok (33 rows)
[1771/2400] gen_n700_rho0.6_independent-positive_seed0.pcf: ok (33 rows)
[1772/2400] gen_n700_rho0.6_independent-positive_seed1.pcf: ok (33 rows)
[1773/2400] gen_n700_rho0.6_independent-positive_seed2.pcf: ok (33 rows)
[1774/2400] gen_n700_rho0.6_independent-positive_seed3.pcf: ok (33 rows)
[1775/2400] gen_n700_rho0.6_independent-positive_seed4.pcf: ok (33 rows)
[1776/2400] gen_n700_rho0.6_independent-positive_seed5.pcf: ok (33 rows)
[1777/2400] gen_n700_rho0.6_independent-positive_seed6.pcf: ok (33 rows)
[1778/2400] gen_n700_rho0.6_independent-positive_seed7.pcf: ok (33 rows)
[1779/2400] gen_n700_rho0.6_independent-positive_seed8.pcf: ok (33 rows)
[1780/2400] gen_n700_rho0.6_independent-positive_seed9.pcf: ok (33 rows)
[1781/2400] gen_n700_rho0.6_independent-signed_seed0.pcf: ok (33 rows)
[1782/2400] gen_n700_rho0.6_independent-signed_seed1.pcf: ok (33 rows)
[1783/2400] gen_n700_rho0.6_independent-signed_seed2.pcf: ok (33 rows)
[1784/2400] gen_n700_rho0.6_independent-signed_seed3.pcf: ok (33 rows)
[1785/2400] gen_n700_rho0.6_independent-signed_seed4.pcf: ok (33 rows)
[1786/2400] gen_n700_rho0.6_independent-signed_seed5.pcf: ok (33 rows)
[1787/2400] gen_n700_rho0.6_independent-signed_seed6.pcf: ok (33 rows)
[1788/2400] gen_n700_rho0.6_independent-signed_seed7.pcf: ok (33 rows)
[1789/2400] gen_n700_rho0.6_independent-signed_seed8.pcf: ok (33 rows)
[1790/2400] gen_n700_rho0.6_independent-signed_seed9.pcf: ok (33 rows)
[1791/2400] gen_n700_rho0.6_near-ties_seed0.pcf: ok (33 rows)
[1792/2400] gen_n700_rho0.6_near-ties_seed1.pcf: ok (33 rows)
[1793/2400] gen_n700_rho0.6_near-ties_seed2.pcf: ok (33 rows)
[1794/2400] gen_n700_rho0.6_near-ties_seed3.pcf: ok (33 rows)
[1795/2400] gen_n700_rho0.6_near-ties_seed4.pcf: ok (33 rows)
[1796/2400] gen_n700_rho0.6_near-ties_seed5.pcf: ok (33 rows)
[1797/2400] gen_n700_rho0.6_near-ties_seed6.pcf: ok (33 rows)
[1798/2400] gen_n700_rho0.6_near-ties_seed7.pcf: ok (33 rows)
[1799/2400] gen_n700_rho0.6_near-ties_seed8.pcf: ok (33 rows)
[1800/2400] gen_n700_rho0.6_near-ties_seed9.pcf: ok (33 rows)
[1801/2400] gen_n700_rho0.9_anti-correlated_seed0.pcf: ok (33 rows)
[1802/2400] gen_n700_rho0.9_anti-correlated_seed1.pcf: ok (33 rows)
[1803/2400] gen_n700_rho0.9_anti-correlated_seed2.pcf: ok (33 rows)
[1804/2400] gen_n700_rho0.9_anti-correlated_seed3.pcf: ok (33 rows)
[1805/2400] gen_n700_rho0.9_anti-correlated_seed4.pcf: ok (33 rows)
[1806/2400] gen_n700_rho0.9_anti-correlated_seed5.pcf: ok (33 rows)
[1807/2400] gen_n700_rho0.9_anti-correlated_seed6.pcf: ok (33 rows)
[1808/2400] gen_n700_rho0.9_anti-correlated_seed7.pcf: ok (33 rows)
[1809/2400] gen_n700_rho0.9_anti-correlated_seed8.pcf: ok (33 rows)
[1810/2400] gen_n700_rho0.9_anti-correlated_seed9.pcf: ok (33 rows)
[1811/2400] gen_n700_rho0.9_correlated_seed0.pcf: ok (33 rows)
[1812/2400] gen_n700_rho0.9_correlated_seed1.pcf: ok (33 rows)
[1813/2400] gen_n700_rho0.9_correlated_seed2.pcf: ok (33 rows)
[1814/2400] gen_n700_rho0.9_correlated_seed3.pcf: ok (33 rows)
[1815/2400] gen_n700_rho0.9_correlated_seed4.pcf: ok (33 rows)
[1816/2400] gen_n700_rho0.9_correlated_seed5.pcf: ok (33 rows)
[1817/2400] gen_n700_rho0.9_correlated_seed6.pcf: ok (33 rows)
[1818/2400] gen_n700_rho0.9_correlated_seed7.pcf: ok (33 rows)
[1819/2400] gen_n700_rho0.9_correlated_seed8.pcf: ok (33 rows)
[1820/2400] gen_n700_rho0.9_correlated_seed9.pcf: ok (33 rows)
[1821/2400] gen_n700_rho0.9_exact-ties_seed0.pcf: ok (33 rows)
[1822/2400] gen_n700_rho0.9_exact-ties_seed1.pcf: ok (33 rows)
[1823/2400] gen_n700_rho0.9_exact-ties_seed2.pcf: ok (33 rows)
[1824/2400] gen_n700_rho0.9_exact-ties_seed3.pcf: ok (33 rows)
[1825/2400] gen_n700_rho0.9_exact-ties_seed4.pcf: ok (33 rows)
[1826/2400] gen_n700_rho0.9_exact-ties_seed5.pcf: ok (33 rows)
[1827/2400] gen_n700_rho0.9_exact-ties_seed6.pcf: ok (33 rows)
[1828/2400] gen_n700_rho0.9_exact-ties_seed7.pcf: ok (33 rows)
[1829/2400] gen_n700_rho0.9_exact-ties_seed8.pcf: ok (33 rows)
[1830/2400] gen_n700_rho0.9_exact-ties_seed9.pcf: ok (33 rows)
[1831/2400] gen_n700_rho0.9_independent-positive_seed0.pcf: ok (33 rows)
[1832/2400] gen_n700_rho0.9_independent-positive_seed1.pcf: ok (33 rows)
[1833/2400] gen_n700_rho0.9_independent-positive_seed2.pcf: ok (33 rows)
[1834/2400] gen_n700_rho0.9_independent-positive_seed3.pcf: ok (33 rows)
[1835/2400] gen_n700_rho0.9_independent-positive_seed4.pcf: ok (33 rows)
[1836/2400] gen_n700_rho0.9_independent-positive_seed5.pcf: ok (33 rows)
[1837/2400] gen_n700_rho0.9_independent-positive_seed6.pcf: ok (33 rows)
[1838/2400] gen_n700_rho0.9_independent-positive_seed7.pcf: ok (33 rows)
[1839/2400] gen_n700_rho0.9_independent-positive_seed8.pcf: ok (33 rows)
[1840/2400] gen_n700_rho0.9_independent-positive_seed9.pcf: ok (33 rows)
[1841/2400] gen_n700_rho0.9_independent-signed_seed0.pcf: ok (33 rows)
[1842/2400] gen_n700_rho0.9_independent-signed_seed1.pcf: ok (33 rows)
[1843/2400] gen_n700_rho0.9_independent-signed_seed2.pcf: ok (33 rows)
[1844/2400] gen_n700_rho0.9_independent-signed_seed3.pcf: ok (33 rows)
[1845/2400] gen_n700_rho0.9_independent-signed_seed4.pcf: ok (33 rows)
[1846/2400] gen_n700_rho0.9_independent-signed_seed5.pcf: ok (33 rows)
[1847/2400] gen_n700_rho0.9_independent-signed_seed6.pcf: ok (33 rows)
[1848/2400] gen_n700_rho0.9_independent-signed_seed7.pcf: ok (33 rows)
[1849/2400] gen_n700_rho0.9_independent-signed_seed8.pcf: ok (33 rows)
[1850/2400] gen_n700_rho0.9_independent-signed_seed9.pcf: ok (33 rows)
[1851/2400] gen_n700_rho0.9_near-ties_seed0.pcf: ok (33 rows)
[1852/2400] gen_n700_rho0.9_near-ties_seed1.pcf: ok (33 rows)
[1853/2400] gen_n700_rho0.9_near-ties_seed2.pcf: ok (33 rows)
[1854/2400] gen_n700_rho0.9_near-ties_seed3.pcf: ok (33 rows)
[1855/2400] gen_n700_rho0.9_near-ties_seed4.pcf: ok (33 rows)
[1856/2400] gen_n700_rho0.9_near-ties_seed5.pcf: ok (33 rows)
[1857/2400] gen_n700_rho0.9_near-ties_seed6.pcf: ok (33 rows)
[1858/2400] gen_n700_rho0.9_near-ties_seed7.pcf: ok (33 rows)
[1859/2400] gen_n700_rho0.9_near-ties_seed8.pcf: ok (33 rows)
[1860/2400] gen_n700_rho0.9_near-ties_seed9.pcf: ok (33 rows)
[1861/2400] gen_n700_rho1.0_anti-correlated_seed0.pcf: ok (33 rows)
[1862/2400] gen_n700_rho1.0_anti-correlated_seed1.pcf: ok (33 rows)
[1863/2400] gen_n700_rho1.0_anti-correlated_seed2.pcf: ok (33 rows)
[1864/2400] gen_n700_rho1.0_anti-correlated_seed3.pcf: ok (33 rows)
[1865/2400] gen_n700_rho1.0_anti-correlated_seed4.pcf: ok (33 rows)
[1866/2400] gen_n700_rho1.0_anti-correlated_seed5.pcf: ok (33 rows)
[1867/2400] gen_n700_rho1.0_anti-correlated_seed6.pcf: ok (33 rows)
[1868/2400] gen_n700_rho1.0_anti-correlated_seed7.pcf: ok (33 rows)
[1869/2400] gen_n700_rho1.0_anti-correlated_seed8.pcf: ok (33 rows)
[1870/2400] gen_n700_rho1.0_anti-correlated_seed9.pcf: ok (33 rows)
[1871/2400] gen_n700_rho1.0_correlated_seed0.pcf: ok (33 rows)
[1872/2400] gen_n700_rho1.0_correlated_seed1.pcf: ok (33 rows)
[1873/2400] gen_n700_rho1.0_correlated_seed2.pcf: ok (33 rows)
[1874/2400] gen_n700_rho1.0_correlated_seed3.pcf: ok (33 rows)
[1875/2400] gen_n700_rho1.0_correlated_seed4.pcf: ok (33 rows)
[1876/2400] gen_n700_rho1.0_correlated_seed5.pcf: ok (33 rows)
[1877/2400] gen_n700_rho1.0_correlated_seed6.pcf: ok (33 rows)
[1878/2400] gen_n700_rho1.0_correlated_seed7.pcf: ok (33 rows)
[1879/2400] gen_n700_rho1.0_correlated_seed8.pcf: ok (33 rows)
[1880/2400] gen_n700_rho1.0_correlated_seed9.pcf: ok (33 rows)
[1881/2400] gen_n700_rho1.0_exact-ties_seed0.pcf: ok (33 rows)
[1882/2400] gen_n700_rho1.0_exact-ties_seed1.pcf: ok (33 rows)
[1883/2400] gen_n700_rho1.0_exact-ties_seed2.pcf: ok (33 rows)
[1884/2400] gen_n700_rho1.0_exact-ties_seed3.pcf: ok (33 rows)
[1885/2400] gen_n700_rho1.0_exact-ties_seed4.pcf: ok (33 rows)
[1886/2400] gen_n700_rho1.0_exact-ties_seed5.pcf: ok (33 rows)
[1887/2400] gen_n700_rho1.0_exact-ties_seed6.pcf: ok (33 rows)
[1888/2400] gen_n700_rho1.0_exact-ties_seed7.pcf: ok (33 rows)
[1889/2400] gen_n700_rho1.0_exact-ties_seed8.pcf: ok (33 rows)
[1890/2400] gen_n700_rho1.0_exact-ties_seed9.pcf: ok (33 rows)
[1891/2400] gen_n700_rho1.0_independent-positive_seed0.pcf: ok (33 rows)
[1892/2400] gen_n700_rho1.0_independent-positive_seed1.pcf: ok (33 rows)
[1893/2400] gen_n700_rho1.0_independent-positive_seed2.pcf: ok (33 rows)
[1894/2400] gen_n700_rho1.0_independent-positive_seed3.pcf: ok (33 rows)
[1895/2400] gen_n700_rho1.0_independent-positive_seed4.pcf: ok (33 rows)
[1896/2400] gen_n700_rho1.0_independent-positive_seed5.pcf: ok (33 rows)
[1897/2400] gen_n700_rho1.0_independent-positive_seed6.pcf: ok (33 rows)
[1898/2400] gen_n700_rho1.0_independent-positive_seed7.pcf: ok (33 rows)
[1899/2400] gen_n700_rho1.0_independent-positive_seed8.pcf: ok (33 rows)
[1900/2400] gen_n700_rho1.0_independent-positive_seed9.pcf: ok (33 rows)
[1901/2400] gen_n700_rho1.0_independent-signed_seed0.pcf: ok (33 rows)
[1902/2400] gen_n700_rho1.0_independent-signed_seed1.pcf: ok (33 rows)
[1903/2400] gen_n700_rho1.0_independent-signed_seed2.pcf: ok (33 rows)
[1904/2400] gen_n700_rho1.0_independent-signed_seed3.pcf: ok (33 rows)
[1905/2400] gen_n700_rho1.0_independent-signed_seed4.pcf: ok (33 rows)
[1906/2400] gen_n700_rho1.0_independent-signed_seed5.pcf: ok (33 rows)
[1907/2400] gen_n700_rho1.0_independent-signed_seed6.pcf: ok (33 rows)
[1908/2400] gen_n700_rho1.0_independent-signed_seed7.pcf: ok (33 rows)
[1909/2400] gen_n700_rho1.0_independent-signed_seed8.pcf: ok (33 rows)
[1910/2400] gen_n700_rho1.0_independent-signed_seed9.pcf: ok (33 rows)
[1911/2400] gen_n700_rho1.0_near-ties_seed0.pcf: ok (33 rows)
[1912/2400] gen_n700_rho1.0_near-ties_seed1.pcf: ok (33 rows)
[1913/2400] gen_n700_rho1.0_near-ties_seed2.pcf: ok (33 rows)
[1914/2400] gen_n700_rho1.0_near-ties_seed3.pcf: ok (33 rows)
[1915/2400] gen_n700_rho1.0_near-ties_seed4.pcf: ok (33 rows)
[1916/2400] gen_n700_rho1.0_near-ties_seed5.pcf: ok (33 rows)
[1917/2400] gen_n700_rho1.0_near-ties_seed6.pcf: ok (33 rows)
[1918/2400] gen_n700_rho1.0_near-ties_seed7.pcf: ok (33 rows)
[1919/2400] gen_n700_rho1.0_near-ties_seed8.pcf: ok (33 rows)
[1920/2400] gen_n700_rho1.0_near-ties_seed9.pcf: ok (33 rows)
[1921/2400] gen_n800_rho0.3_anti-correlated_seed0.pcf: ok (33 rows)
[1922/2400] gen_n800_rho0.3_anti-correlated_seed1.pcf: ok (33 rows)
[1923/2400] gen_n800_rho0.3_anti-correlated_seed2.pcf: ok (33 rows)
[1924/2400] gen_n800_rho0.3_anti-correlated_seed3.pcf: ok (33 rows)
[1925/2400] gen_n800_rho0.3_anti-correlated_seed4.pcf: ok (33 rows)
[1926/2400] gen_n800_rho0.3_anti-correlated_seed5.pcf: ok (33 rows)
[1927/2400] gen_n800_rho0.3_anti-correlated_seed6.pcf: ok (33 rows)
[1928/2400] gen_n800_rho0.3_anti-correlated_seed7.pcf: ok (33 rows)
[1929/2400] gen_n800_rho0.3_anti-correlated_seed8.pcf: ok (33 rows)
[1930/2400] gen_n800_rho0.3_anti-correlated_seed9.pcf: ok (33 rows)
[1931/2400] gen_n800_rho0.3_correlated_seed0.pcf: ok (33 rows)
[1932/2400] gen_n800_rho0.3_correlated_seed1.pcf: ok (33 rows)
[1933/2400] gen_n800_rho0.3_correlated_seed2.pcf: ok (33 rows)
[1934/2400] gen_n800_rho0.3_correlated_seed3.pcf: ok (33 rows)
[1935/2400] gen_n800_rho0.3_correlated_seed4.pcf: ok (33 rows)
[1936/2400] gen_n800_rho0.3_correlated_seed5.pcf: ok (33 rows)
[1937/2400] gen_n800_rho0.3_correlated_seed6.pcf: ok (33 rows)
[1938/2400] gen_n800_rho0.3_correlated_seed7.pcf: ok (33 rows)
[1939/2400] gen_n800_rho0.3_correlated_seed8.pcf: ok (33 rows)
[1940/2400] gen_n800_rho0.3_correlated_seed9.pcf: ok (33 rows)
[1941/2400] gen_n800_rho0.3_exact-ties_seed0.pcf: ok (33 rows)
[1942/2400] gen_n800_rho0.3_exact-ties_seed1.pcf: ok (33 rows)
[1943/2400] gen_n800_rho0.3_exact-ties_seed2.pcf: ok (33 rows)
[1944/2400] gen_n800_rho0.3_exact-ties_seed3.pcf: ok (33 rows)
[1945/2400] gen_n800_rho0.3_exact-ties_seed4.pcf: ok (33 rows)
[1946/2400] gen_n800_rho0.3_exact-ties_seed5.pcf: ok (33 rows)
[1947/2400] gen_n800_rho0.3_exact-ties_seed6.pcf: ok (33 rows)
[1948/2400] gen_n800_rho0.3_exact-ties_seed7.pcf: ok (33 rows)
[1949/2400] gen_n800_rho0.3_exact-ties_seed8.pcf: ok (33 rows)
[1950/2400] gen_n800_rho0.3_exact-ties_seed9.pcf: ok (33 rows)
[1951/2400] gen_n800_rho0.3_independent-positive_seed0.pcf: ok (33 rows)
[1952/2400] gen_n800_rho0.3_independent-positive_seed1.pcf: ok (33 rows)
[1953/2400] gen_n800_rho0.3_independent-positive_seed2.pcf: ok (33 rows)
[1954/2400] gen_n800_rho0.3_independent-positive_seed3.pcf: ok (33 rows)
[1955/2400] gen_n800_rho0.3_independent-positive_seed4.pcf: ok (33 rows)
[1956/2400] gen_n800_rho0.3_independent-positive_seed5.pcf: ok (33 rows)
[1957/2400] gen_n800_rho0.3_independent-positive_seed6.pcf: ok (33 rows)
[1958/2400] gen_n800_rho0.3_independent-positive_seed7.pcf: ok (33 rows)
[1959/2400] gen_n800_rho0.3_independent-positive_seed8.pcf: ok (33 rows)
[1960/2400] gen_n800_rho0.3_independent-positive_seed9.pcf: ok (33 rows)
[1961/2400] gen_n800_rho0.3_independent-signed_seed0.pcf: ok (33 rows)
[1962/2400] gen_n800_rho0.3_independent-signed_seed1.pcf: ok (33 rows)
[1963/2400] gen_n800_rho0.3_independent-signed_seed2.pcf: ok (33 rows)
[1964/2400] gen_n800_rho0.3_independent-signed_seed3.pcf: ok (33 rows)
[1965/2400] gen_n800_rho0.3_independent-signed_seed4.pcf: ok (33 rows)
[1966/2400] gen_n800_rho0.3_independent-signed_seed5.pcf: ok (33 rows)
[1967/2400] gen_n800_rho0.3_independent-signed_seed6.pcf: ok (33 rows)
[1968/2400] gen_n800_rho0.3_independent-signed_seed7.pcf: ok (33 rows)
[1969/2400] gen_n800_rho0.3_independent-signed_seed8.pcf: ok (33 rows)
[1970/2400] gen_n800_rho0.3_independent-signed_seed9.pcf: ok (33 rows)
[1971/2400] gen_n800_rho0.3_near-ties_seed0.pcf: ok (33 rows)
[1972/2400] gen_n800_rho0.3_near-ties_seed1.pcf: ok (33 rows)
[1973/2400] gen_n800_rho0.3_near-ties_seed2.pcf: ok (33 rows)
[1974/2400] gen_n800_rho0.3_near-ties_seed3.pcf: ok (33 rows)
[1975/2400] gen_n800_rho0.3_near-ties_seed4.pcf: ok (33 rows)
[1976/2400] gen_n800_rho0.3_near-ties_seed5.pcf: ok (33 rows)
[1977/2400] gen_n800_rho0.3_near-ties_seed6.pcf: ok (33 rows)
[1978/2400] gen_n800_rho0.3_near-ties_seed7.pcf: ok (33 rows)
[1979/2400] gen_n800_rho0.3_near-ties_seed8.pcf: ok (33 rows)
[1980/2400] gen_n800_rho0.3_near-ties_seed9.pcf: ok (33 rows)
[1981/2400] gen_n800_rho0.6_anti-correlated_seed0.pcf: ok (33 rows)
[1982/2400] gen_n800_rho0.6_anti-correlated_seed1.pcf: ok (33 rows)
[1983/2400] gen_n800_rho0.6_anti-correlated_seed2.pcf: ok (33 rows)
[1984/2400] gen_n800_rho0.6_anti-correlated_seed3.pcf: ok (33 rows)
[1985/2400] gen_n800_rho0.6_anti-correlated_seed4.pcf: ok (33 rows)
[1986/2400] gen_n800_rho0.6_anti-correlated_seed5.pcf: ok (33 rows)
[1987/2400] gen_n800_rho0.6_anti-correlated_seed6.pcf: ok (33 rows)
[1988/2400] gen_n800_rho0.6_anti-correlated_seed7.pcf: ok (33 rows)
[1989/2400] gen_n800_rho0.6_anti-correlated_seed8.pcf: ok (33 rows)
[1990/2400] gen_n800_rho0.6_anti-correlated_seed9.pcf: ok (33 rows)
[1991/2400] gen_n800_rho0.6_correlated_seed0.pcf: ok (33 rows)
[1992/2400] gen_n800_rho0.6_correlated_seed1.pcf: ok (33 rows)
[1993/2400] gen_n800_rho0.6_correlated_seed2.pcf: ok (33 rows)
[1994/2400] gen_n800_rho0.6_correlated_seed3.pcf: ok (33 rows)
[1995/2400] gen_n800_rho0.6_correlated_seed4.pcf: ok (33 rows)
[1996/2400] gen_n800_rho0.6_correlated_seed5.pcf: ok (33 rows)
[1997/2400] gen_n800_rho0.6_correlated_seed6.pcf: ok (33 rows)
[1998/2400] gen_n800_rho0.6_correlated_seed7.pcf: ok (33 rows)
[1999/2400] gen_n800_rho0.6_correlated_seed8.pcf: ok (33 rows)
[2000/2400] gen_n800_rho0.6_correlated_seed9.pcf: ok (33 rows)
[2001/2400] gen_n800_rho0.6_exact-ties_seed0.pcf: ok (33 rows)
[2002/2400] gen_n800_rho0.6_exact-ties_seed1.pcf: ok (33 rows)
[2003/2400] gen_n800_rho0.6_exact-ties_seed2.pcf: ok (33 rows)
[2004/2400] gen_n800_rho0.6_exact-ties_seed3.pcf: ok (33 rows)
[2005/2400] gen_n800_rho0.6_exact-ties_seed4.pcf: ok (33 rows)
[2006/2400] gen_n800_rho0.6_exact-ties_seed5.pcf: ok (33 rows)
[2007/2400] gen_n800_rho0.6_exact-ties_seed6.pcf: ok (33 rows)
[2008/2400] gen_n800_rho0.6_exact-ties_seed7.pcf: ok (33 rows)
[2009/2400] gen_n800_rho0.6_exact-ties_seed8.pcf: ok (33 rows)
[2010/2400] gen_n800_rho0.6_exact-ties_seed9.pcf: ok (33 rows)
[2011/2400] gen_n800_rho0.6_independent-positive_seed0.pcf: ok (33 rows)
[2012/2400] gen_n800_rho0.6_independent-positive_seed1.pcf: ok (33 rows)
[2013/2400] gen_n800_rho0.6_independent-positive_seed2.pcf: ok (33 rows)
[2014/2400] gen_n800_rho0.6_independent-positive_seed3.pcf: ok (33 rows)
[2015/2400] gen_n800_rho0.6_independent-positive_seed4.pcf: ok (33 rows)
[2016/2400] gen_n800_rho0.6_independent-positive_seed5.pcf: ok (33 rows)
[2017/2400] gen_n800_rho0.6_independent-positive_seed6.pcf: ok (33 rows)
[2018/2400] gen_n800_rho0.6_independent-positive_seed7.pcf: ok (33 rows)
[2019/2400] gen_n800_rho0.6_independent-positive_seed8.pcf: ok (33 rows)
[2020/2400] gen_n800_rho0.6_independent-positive_seed9.pcf: ok (33 rows)
[2021/2400] gen_n800_rho0.6_independent-signed_seed0.pcf: ok (33 rows)
[2022/2400] gen_n800_rho0.6_independent-signed_seed1.pcf: ok (33 rows)
[2023/2400] gen_n800_rho0.6_independent-signed_seed2.pcf: ok (33 rows)
[2024/2400] gen_n800_rho0.6_independent-signed_seed3.pcf: ok (33 rows)
[2025/2400] gen_n800_rho0.6_independent-signed_seed4.pcf: ok (33 rows)
[2026/2400] gen_n800_rho0.6_independent-signed_seed5.pcf: ok (33 rows)
[2027/2400] gen_n800_rho0.6_independent-signed_seed6.pcf: ok (33 rows)
[2028/2400] gen_n800_rho0.6_independent-signed_seed7.pcf: ok (33 rows)
[2029/2400] gen_n800_rho0.6_independent-signed_seed8.pcf: ok (33 rows)
[2030/2400] gen_n800_rho0.6_independent-signed_seed9.pcf: ok (33 rows)
[2031/2400] gen_n800_rho0.6_near-ties_seed0.pcf: ok (33 rows)
[2032/2400] gen_n800_rho0.6_near-ties_seed1.pcf: ok (33 rows)
[2033/2400] gen_n800_rho0.6_near-ties_seed2.pcf: ok (33 rows)
[2034/2400] gen_n800_rho0.6_near-ties_seed3.pcf: ok (33 rows)
[2035/2400] gen_n800_rho0.6_near-ties_seed4.pcf: ok (33 rows)
[2036/2400] gen_n800_rho0.6_near-ties_seed5.pcf: ok (33 rows)
[2037/2400] gen_n800_rho0.6_near-ties_seed6.pcf: ok (33 rows)
[2038/2400] gen_n800_rho0.6_near-ties_seed7.pcf: ok (33 rows)
[2039/2400] gen_n800_rho0.6_near-ties_seed8.pcf: ok (33 rows)
[2040/2400] gen_n800_rho0.6_near-ties_seed9.pcf: ok (33 rows)
[2041/2400] gen_n800_rho0.9_anti-correlated_seed0.pcf: ok (33 rows)
[2042/2400] gen_n800_rho0.9_anti-correlated_seed1.pcf: ok (33 rows)
[2043/2400] gen_n800_rho0.9_anti-correlated_seed2.pcf: ok (33 rows)
[2044/2400] gen_n800_rho0.9_anti-correlated_seed3.pcf: ok (33 rows)
[2045/2400] gen_n800_rho0.9_anti-correlated_seed4.pcf: ok (33 rows)
[2046/2400] gen_n800_rho0.9_anti-correlated_seed5.pcf: ok (33 rows)
[2047/2400] gen_n800_rho0.9_anti-correlated_seed6.pcf: ok (33 rows)
[2048/2400] gen_n800_rho0.9_anti-correlated_seed7.pcf: ok (33 rows)
[2049/2400] gen_n800_rho0.9_anti-correlated_seed8.pcf: ok (33 rows)
[2050/2400] gen_n800_rho0.9_anti-correlated_seed9.pcf: ok (33 rows)
[2051/2400] gen_n800_rho0.9_correlated_seed0.pcf: ok (33 rows)
[2052/2400] gen_n800_rho0.9_correlated_seed1.pcf: ok (33 rows)
[2053/2400] gen_n800_rho0.9_correlated_seed2.pcf: ok (33 rows)
[2054/2400] gen_n800_rho0.9_correlated_seed3.pcf: ok (33 rows)
[2055/2400] gen_n800_rho0.9_correlated_seed4.pcf: ok (33 rows)
[2056/2400] gen_n800_rho0.9_correlated_seed5.pcf: ok (33 rows)
[2057/2400] gen_n800_rho0.9_correlated_seed6.pcf: ok (33 rows)
[2058/2400] gen_n800_rho0.9_correlated_seed7.pcf: ok (33 rows)
[2059/2400] gen_n800_rho0.9_correlated_seed8.pcf: ok (33 rows)
[2060/2400] gen_n800_rho0.9_correlated_seed9.pcf: ok (33 rows)
[2061/2400] gen_n800_rho0.9_exact-ties_seed0.pcf: ok (33 rows)
[2062/2400] gen_n800_rho0.9_exact-ties_seed1.pcf: ok (33 rows)
[2063/2400] gen_n800_rho0.9_exact-ties_seed2.pcf: ok (33 rows)
[2064/2400] gen_n800_rho0.9_exact-ties_seed3.pcf: ok (33 rows)
[2065/2400] gen_n800_rho0.9_exact-ties_seed4.pcf: ok (33 rows)
[2066/2400] gen_n800_rho0.9_exact-ties_seed5.pcf: ok (33 rows)
[2067/2400] gen_n800_rho0.9_exact-ties_seed6.pcf: ok (33 rows)
[2068/2400] gen_n800_rho0.9_exact-ties_seed7.pcf: ok (33 rows)
[2069/2400] gen_n800_rho0.9_exact-ties_seed8.pcf: ok (33 rows)
[2070/2400] gen_n800_rho0.9_exact-ties_seed9.pcf: ok (33 rows)
[2071/2400] gen_n800_rho0.9_independent-positive_seed0.pcf: ok (33 rows)
[2072/2400] gen_n800_rho0.9_independent-positive_seed1.pcf: ok (33 rows)
[2073/2400] gen_n800_rho0.9_independent-positive_seed2.pcf: ok (33 rows)
[2074/2400] gen_n800_rho0.9_independent-positive_seed3.pcf: ok (33 rows)
[2075/2400] gen_n800_rho0.9_independent-positive_seed4.pcf: ok (33 rows)
[2076/2400] gen_n800_rho0.9_independent-positive_seed5.pcf: ok (33 rows)
[2077/2400] gen_n800_rho0.9_independent-positive_seed6.pcf: ok (33 rows)
[2078/2400] gen_n800_rho0.9_independent-positive_seed7.pcf: ok (33 rows)
[2079/2400] gen_n800_rho0.9_independent-positive_seed8.pcf: ok (33 rows)
[2080/2400] gen_n800_rho0.9_independent-positive_seed9.pcf: ok (33 rows)
[2081/2400] gen_n800_rho0.9_independent-signed_seed0.pcf: ok (33 rows)
[2082/2400] gen_n800_rho0.9_independent-signed_seed1.pcf: ok (33 rows)
[2083/2400] gen_n800_rho0.9_independent-signed_seed2.pcf: ok (33 rows)
[2084/2400] gen_n800_rho0.9_independent-signed_seed3.pcf: ok (33 rows)
[2085/2400] gen_n800_rho0.9_independent-signed_seed4.pcf: ok (33 rows)
[2086/2400] gen_n800_rho0.9_independent-signed_seed5.pcf: ok (33 rows)
[2087/2400] gen_n800_rho0.9_independent-signed_seed6.pcf: ok (33 rows)
[2088/2400] gen_n800_rho0.9_independent-signed_seed7.pcf: ok (33 rows)
[2089/2400] gen_n800_rho0.9_independent-signed_seed8.pcf: ok (33 rows)
[2090/2400] gen_n800_rho0.9_independent-signed_seed9.pcf: ok (33 rows)
[2091/2400] gen_n800_rho0.9_near-ties_seed0.pcf: ok (33 rows)
[2092/2400] gen_n800_rho0.9_near-ties_seed1.pcf: ok (33 rows)
[2093/2400] gen_n800_rho0.9_near-ties_seed2.pcf: ok (33 rows)
[2094/2400] gen_n800_rho0.9_near-ties_seed3.pcf: ok (33 rows)
[2095/2400] gen_n800_rho0.9_near-ties_seed4.pcf: ok (33 rows)
[2096/2400] gen_n800_rho0.9_near-ties_seed5.pcf: ok (33 rows)
[2097/2400] gen_n800_rho0.9_near-ties_seed6.pcf: ok (33 rows)
[2098/2400] gen_n800_rho0.9_near-ties_seed7.pcf: ok (33 rows)
[2099/2400] gen_n800_rho0.9_near-ties_seed8.pcf: ok (33 rows)
[2100/2400] gen_n800_rho0.9_near-ties_seed9.pcf: ok (33 rows)
[2101/2400] gen_n800_rho1.0_anti-correlated_seed0.pcf: ok (33 rows)
[2102/2400] gen_n800_rho1.0_anti-correlated_seed1.pcf: ok (33 rows)
[2103/2400] gen_n800_rho1.0_anti-correlated_seed2.pcf: ok (33 rows)
[2104/2400] gen_n800_rho1.0_anti-correlated_seed3.pcf: ok (33 rows)
[2105/2400] gen_n800_rho1.0_anti-correlated_seed4.pcf: ok (33 rows)
[2106/2400] gen_n800_rho1.0_anti-correlated_seed5.pcf: ok (33 rows)
[2107/2400] gen_n800_rho1.0_anti-correlated_seed6.pcf: ok (33 rows)
[2108/2400] gen_n800_rho1.0_anti-correlated_seed7.pcf: ok (33 rows)
[2109/2400] gen_n800_rho1.0_anti-correlated_seed8.pcf: ok (33 rows)
[2110/2400] gen_n800_rho1.0_anti-correlated_seed9.pcf: ok (33 rows)
[2111/2400] gen_n800_rho1.0_correlated_seed0.pcf: ok (33 rows)
[2112/2400] gen_n800_rho1.0_correlated_seed1.pcf: ok (33 rows)
[2113/2400] gen_n800_rho1.0_correlated_seed2.pcf: ok (33 rows)
[2114/2400] gen_n800_rho1.0_correlated_seed3.pcf: ok (33 rows)
[2115/2400] gen_n800_rho1.0_correlated_seed4.pcf: ok (33 rows)
[2116/2400] gen_n800_rho1.0_correlated_seed5.pcf: ok (33 rows)
[2117/2400] gen_n800_rho1.0_correlated_seed6.pcf: ok (33 rows)
[2118/2400] gen_n800_rho1.0_correlated_seed7.pcf: ok (33 rows)
[2119/2400] gen_n800_rho1.0_correlated_seed8.pcf: ok (33 rows)
[2120/2400] gen_n800_rho1.0_correlated_seed9.pcf: ok (33 rows)
[2121/2400] gen_n800_rho1.0_exact-ties_seed0.pcf: ok (33 rows)
[2122/2400] gen_n800_rho1.0_exact-ties_seed1.pcf: ok (33 rows)
[2123/2400] gen_n800_rho1.0_exact-ties_seed2.pcf: ok (33 rows)
[2124/2400] gen_n800_rho1.0_exact-ties_seed3.pcf: ok (33 rows)
[2125/2400] gen_n800_rho1.0_exact-ties_seed4.pcf: ok (33 rows)
[2126/2400] gen_n800_rho1.0_exact-ties_seed5.pcf: ok (33 rows)
[2127/2400] gen_n800_rho1.0_exact-ties_seed6.pcf: ok (33 rows)
[2128/2400] gen_n800_rho1.0_exact-ties_seed7.pcf: ok (33 rows)
[2129/2400] gen_n800_rho1.0_exact-ties_seed8.pcf: ok (33 rows)
[2130/2400] gen_n800_rho1.0_exact-ties_seed9.pcf: ok (33 rows)
[2131/2400] gen_n800_rho1.0_independent-positive_seed0.pcf: ok (33 rows)
[2132/2400] gen_n800_rho1.0_independent-positive_seed1.pcf: ok (33 rows)
[2133/2400] gen_n800_rho1.0_independent-positive_seed2.pcf: ok (33 rows)
[2134/2400] gen_n800_rho1.0_independent-positive_seed3.pcf: ok (33 rows)
[2135/2400] gen_n800_rho1.0_independent-positive_seed4.pcf: ok (33 rows)
[2136/2400] gen_n800_rho1.0_independent-positive_seed5.pcf: ok (33 rows)
[2137/2400] gen_n800_rho1.0_independent-positive_seed6.pcf: ok (33 rows)
[2138/2400] gen_n800_rho1.0_independent-positive_seed7.pcf: ok (33 rows)
[2139/2400] gen_n800_rho1.0_independent-positive_seed8.pcf: ok (33 rows)
[2140/2400] gen_n800_rho1.0_independent-positive_seed9.pcf: ok (33 rows)
[2141/2400] gen_n800_rho1.0_independent-signed_seed0.pcf: ok (33 rows)
[2142/2400] gen_n800_rho1.0_independent-signed_seed1.pcf: ok (33 rows)
[2143/2400] gen_n800_rho1.0_independent-signed_seed2.pcf: ok (33 rows)
[2144/2400] gen_n800_rho1.0_independent-signed_seed3.pcf: ok (33 rows)
[2145/2400] gen_n800_rho1.0_independent-signed_seed4.pcf: ok (33 rows)
[2146/2400] gen_n800_rho1.0_independent-signed_seed5.pcf: ok (33 rows)
[2147/2400] gen_n800_rho1.0_independent-signed_seed6.pcf: ok (33 rows)
[2148/2400] gen_n800_rho1.0_independent-signed_seed7.pcf: ok (33 rows)
[2149/2400] gen_n800_rho1.0_independent-signed_seed8.pcf: ok (33 rows)
[2150/2400] gen_n800_rho1.0_independent-signed_seed9.pcf: ok (33 rows)
[2151/2400] gen_n800_rho1.0_near-ties_seed0.pcf: ok (33 rows)
[2152/2400] gen_n800_rho1.0_near-ties_seed1.pcf: ok (33 rows)
[2153/2400] gen_n800_rho1.0_near-ties_seed2.pcf: ok (33 rows)
[2154/2400] gen_n800_rho1.0_near-ties_seed3.pcf: ok (33 rows)
[2155/2400] gen_n800_rho1.0_near-ties_seed4.pcf: ok (33 rows)
[2156/2400] gen_n800_rho1.0_near-ties_seed5.pcf: ok (33 rows)
[2157/2400] gen_n800_rho1.0_near-ties_seed6.pcf: ok (33 rows)
[2158/2400] gen_n800_rho1.0_near-ties_seed7.pcf: ok (33 rows)
[2159/2400] gen_n800_rho1.0_near-ties_seed8.pcf: ok (33 rows)
[2160/2400] gen_n800_rho1.0_near-ties_seed9.pcf: ok (33 rows)
[2161/2400] gen_n900_rho0.3_anti-correlated_seed0.pcf: ok (33 rows)
[2162/2400] gen_n900_rho0.3_anti-correlated_seed1.pcf: ok (33 rows)
[2163/2400] gen_n900_rho0.3_anti-correlated_seed2.pcf: ok (33 rows)
[2164/2400] gen_n900_rho0.3_anti-correlated_seed3.pcf: ok (33 rows)
[2165/2400] gen_n900_rho0.3_anti-correlated_seed4.pcf: ok (33 rows)
[2166/2400] gen_n900_rho0.3_anti-correlated_seed5.pcf: ok (33 rows)
[2167/2400] gen_n900_rho0.3_anti-correlated_seed6.pcf: ok (33 rows)
[2168/2400] gen_n900_rho0.3_anti-correlated_seed7.pcf: ok (33 rows)
[2169/2400] gen_n900_rho0.3_anti-correlated_seed8.pcf: ok (33 rows)
[2170/2400] gen_n900_rho0.3_anti-correlated_seed9.pcf: ok (33 rows)
[2171/2400] gen_n900_rho0.3_correlated_seed0.pcf: ok (33 rows)
[2172/2400] gen_n900_rho0.3_correlated_seed1.pcf: ok (33 rows)
[2173/2400] gen_n900_rho0.3_correlated_seed2.pcf: ok (33 rows)
[2174/2400] gen_n900_rho0.3_correlated_seed3.pcf: ok (33 rows)
[2175/2400] gen_n900_rho0.3_correlated_seed4.pcf: ok (33 rows)
[2176/2400] gen_n900_rho0.3_correlated_seed5.pcf: ok (33 rows)
[2177/2400] gen_n900_rho0.3_correlated_seed6.pcf: ok (33 rows)
[2178/2400] gen_n900_rho0.3_correlated_seed7.pcf: ok (33 rows)
[2179/2400] gen_n900_rho0.3_correlated_seed8.pcf: ok (33 rows)
[2180/2400] gen_n900_rho0.3_correlated_seed9.pcf: ok (33 rows)
[2181/2400] gen_n900_rho0.3_exact-ties_seed0.pcf: ok (33 rows)
[2182/2400] gen_n900_rho0.3_exact-ties_seed1.pcf: ok (33 rows)
[2183/2400] gen_n900_rho0.3_exact-ties_seed2.pcf: ok (33 rows)
[2184/2400] gen_n900_rho0.3_exact-ties_seed3.pcf: ok (33 rows)
[2185/2400] gen_n900_rho0.3_exact-ties_seed4.pcf: ok (33 rows)
[2186/2400] gen_n900_rho0.3_exact-ties_seed5.pcf: ok (33 rows)
[2187/2400] gen_n900_rho0.3_exact-ties_seed6.pcf: ok (33 rows)
[2188/2400] gen_n900_rho0.3_exact-ties_seed7.pcf: ok (33 rows)
[2189/2400] gen_n900_rho0.3_exact-ties_seed8.pcf: ok (33 rows)
[2190/2400] gen_n900_rho0.3_exact-ties_seed9.pcf: ok (33 rows)
[2191/2400] gen_n900_rho0.3_independent-positive_seed0.pcf: ok (33 rows)
[2192/2400] gen_n900_rho0.3_independent-positive_seed1.pcf: ok (33 rows)
[2193/2400] gen_n900_rho0.3_independent-positive_seed2.pcf: ok (33 rows)
[2194/2400] gen_n900_rho0.3_independent-positive_seed3.pcf: ok (33 rows)
[2195/2400] gen_n900_rho0.3_independent-positive_seed4.pcf: ok (33 rows)
[2196/2400] gen_n900_rho0.3_independent-positive_seed5.pcf: ok (33 rows)
[2197/2400] gen_n900_rho0.3_independent-positive_seed6.pcf: ok (33 rows)
[2198/2400] gen_n900_rho0.3_independent-positive_seed7.pcf: ok (33 rows)
[2199/2400] gen_n900_rho0.3_independent-positive_seed8.pcf: ok (33 rows)
[2200/2400] gen_n900_rho0.3_independent-positive_seed9.pcf: ok (33 rows)
[2201/2400] gen_n900_rho0.3_independent-signed_seed0.pcf: ok (33 rows)
[2202/2400] gen_n900_rho0.3_independent-signed_seed1.pcf: ok (33 rows)
[2203/2400] gen_n900_rho0.3_independent-signed_seed2.pcf: ok (33 rows)
[2204/2400] gen_n900_rho0.3_independent-signed_seed3.pcf: ok (33 rows)
[2205/2400] gen_n900_rho0.3_independent-signed_seed4.pcf: ok (33 rows)
[2206/2400] gen_n900_rho0.3_independent-signed_seed5.pcf: ok (33 rows)
[2207/2400] gen_n900_rho0.3_independent-signed_seed6.pcf: ok (33 rows)
[2208/2400] gen_n900_rho0.3_independent-signed_seed7.pcf: ok (33 rows)
[2209/2400] gen_n900_rho0.3_independent-signed_seed8.pcf: ok (33 rows)
[2210/2400] gen_n900_rho0.3_independent-signed_seed9.pcf: ok (33 rows)
[2211/2400] gen_n900_rho0.3_near-ties_seed0.pcf: ok (33 rows)
[2212/2400] gen_n900_rho0.3_near-ties_seed1.pcf: ok (33 rows)
[2213/2400] gen_n900_rho0.3_near-ties_seed2.pcf: ok (33 rows)
[2214/2400] gen_n900_rho0.3_near-ties_seed3.pcf: ok (33 rows)
[2215/2400] gen_n900_rho0.3_near-ties_seed4.pcf: ok (33 rows)
[2216/2400] gen_n900_rho0.3_near-ties_seed5.pcf: ok (33 rows)
[2217/2400] gen_n900_rho0.3_near-ties_seed6.pcf: ok (33 rows)
[2218/2400] gen_n900_rho0.3_near-ties_seed7.pcf: ok (33 rows)
[2219/2400] gen_n900_rho0.3_near-ties_seed8.pcf: ok (33 rows)
[2220/2400] gen_n900_rho0.3_near-ties_seed9.pcf: ok (33 rows)
[2221/2400] gen_n900_rho0.6_anti-correlated_seed0.pcf: ok (33 rows)
[2222/2400] gen_n900_rho0.6_anti-correlated_seed1.pcf: ok (33 rows)
[2223/2400] gen_n900_rho0.6_anti-correlated_seed2.pcf: ok (33 rows)
[2224/2400] gen_n900_rho0.6_anti-correlated_seed3.pcf: ok (33 rows)
[2225/2400] gen_n900_rho0.6_anti-correlated_seed4.pcf: ok (33 rows)
[2226/2400] gen_n900_rho0.6_anti-correlated_seed5.pcf: ok (33 rows)
[2227/2400] gen_n900_rho0.6_anti-correlated_seed6.pcf: ok (33 rows)
[2228/2400] gen_n900_rho0.6_anti-correlated_seed7.pcf: ok (33 rows)
[2229/2400] gen_n900_rho0.6_anti-correlated_seed8.pcf: ok (33 rows)
[2230/2400] gen_n900_rho0.6_anti-correlated_seed9.pcf: ok (33 rows)
[2231/2400] gen_n900_rho0.6_correlated_seed0.pcf: ok (33 rows)
[2232/2400] gen_n900_rho0.6_correlated_seed1.pcf: ok (33 rows)
[2233/2400] gen_n900_rho0.6_correlated_seed2.pcf: ok (33 rows)
[2234/2400] gen_n900_rho0.6_correlated_seed3.pcf: ok (33 rows)
[2235/2400] gen_n900_rho0.6_correlated_seed4.pcf: ok (33 rows)
[2236/2400] gen_n900_rho0.6_correlated_seed5.pcf: ok (33 rows)
[2237/2400] gen_n900_rho0.6_correlated_seed6.pcf: ok (33 rows)
[2238/2400] gen_n900_rho0.6_correlated_seed7.pcf: ok (33 rows)
[2239/2400] gen_n900_rho0.6_correlated_seed8.pcf: ok (33 rows)
[2240/2400] gen_n900_rho0.6_correlated_seed9.pcf: ok (33 rows)
[2241/2400] gen_n900_rho0.6_exact-ties_seed0.pcf: ok (33 rows)
[2242/2400] gen_n900_rho0.6_exact-ties_seed1.pcf: ok (33 rows)
[2243/2400] gen_n900_rho0.6_exact-ties_seed2.pcf: ok (33 rows)
[2244/2400] gen_n900_rho0.6_exact-ties_seed3.pcf: ok (33 rows)
[2245/2400] gen_n900_rho0.6_exact-ties_seed4.pcf: ok (33 rows)
[2246/2400] gen_n900_rho0.6_exact-ties_seed5.pcf: ok (33 rows)
[2247/2400] gen_n900_rho0.6_exact-ties_seed6.pcf: ok (33 rows)
[2248/2400] gen_n900_rho0.6_exact-ties_seed7.pcf: ok (33 rows)
[2249/2400] gen_n900_rho0.6_exact-ties_seed8.pcf: ok (33 rows)
[2250/2400] gen_n900_rho0.6_exact-ties_seed9.pcf: ok (33 rows)
[2251/2400] gen_n900_rho0.6_independent-positive_seed0.pcf: ok (33 rows)
[2252/2400] gen_n900_rho0.6_independent-positive_seed1.pcf: ok (33 rows)
[2253/2400] gen_n900_rho0.6_independent-positive_seed2.pcf: ok (33 rows)
[2254/2400] gen_n900_rho0.6_independent-positive_seed3.pcf: ok (33 rows)
[2255/2400] gen_n900_rho0.6_independent-positive_seed4.pcf: ok (33 rows)
[2256/2400] gen_n900_rho0.6_independent-positive_seed5.pcf: ok (33 rows)
[2257/2400] gen_n900_rho0.6_independent-positive_seed6.pcf: ok (33 rows)
[2258/2400] gen_n900_rho0.6_independent-positive_seed7.pcf: ok (33 rows)
[2259/2400] gen_n900_rho0.6_independent-positive_seed8.pcf: ok (33 rows)
[2260/2400] gen_n900_rho0.6_independent-positive_seed9.pcf: ok (33 rows)
[2261/2400] gen_n900_rho0.6_independent-signed_seed0.pcf: ok (33 rows)
[2262/2400] gen_n900_rho0.6_independent-signed_seed1.pcf: ok (33 rows)
[2263/2400] gen_n900_rho0.6_independent-signed_seed2.pcf: ok (33 rows)
[2264/2400] gen_n900_rho0.6_independent-signed_seed3.pcf: ok (33 rows)
[2265/2400] gen_n900_rho0.6_independent-signed_seed4.pcf: ok (33 rows)
[2266/2400] gen_n900_rho0.6_independent-signed_seed5.pcf: ok (33 rows)
[2267/2400] gen_n900_rho0.6_independent-signed_seed6.pcf: ok (33 rows)
[2268/2400] gen_n900_rho0.6_independent-signed_seed7.pcf: ok (33 rows)
[2269/2400] gen_n900_rho0.6_independent-signed_seed8.pcf: ok (33 rows)
[2270/2400] gen_n900_rho0.6_independent-signed_seed9.pcf: ok (33 rows)
[2271/2400] gen_n900_rho0.6_near-ties_seed0.pcf: ok (33 rows)
[2272/2400] gen_n900_rho0.6_near-ties_seed1.pcf: ok (33 rows)
[2273/2400] gen_n900_rho0.6_near-ties_seed2.pcf: ok (33 rows)
[2274/2400] gen_n900_rho0.6_near-ties_seed3.pcf: ok (33 rows)
[2275/2400] gen_n900_rho0.6_near-ties_seed4.pcf: ok (33 rows)
[2276/2400] gen_n900_rho0.6_near-ties_seed5.pcf: ok (33 rows)
[2277/2400] gen_n900_rho0.6_near-ties_seed6.pcf: ok (33 rows)
[2278/2400] gen_n900_rho0.6_near-ties_seed7.pcf: ok (33 rows)
[2279/2400] gen_n900_rho0.6_near-ties_seed8.pcf: ok (33 rows)
[2280/2400] gen_n900_rho0.6_near-ties_seed9.pcf: ok (33 rows)
[2281/2400] gen_n900_rho0.9_anti-correlated_seed0.pcf: ok (33 rows)
[2282/2400] gen_n900_rho0.9_anti-correlated_seed1.pcf: ok (33 rows)
[2283/2400] gen_n900_rho0.9_anti-correlated_seed2.pcf: ok (33 rows)
[2284/2400] gen_n900_rho0.9_anti-correlated_seed3.pcf: ok (33 rows)
[2285/2400] gen_n900_rho0.9_anti-correlated_seed4.pcf: ok (33 rows)
[2286/2400] gen_n900_rho0.9_anti-correlated_seed5.pcf: ok (33 rows)
[2287/2400] gen_n900_rho0.9_anti-correlated_seed6.pcf: ok (33 rows)
[2288/2400] gen_n900_rho0.9_anti-correlated_seed7.pcf: ok (33 rows)
[2289/2400] gen_n900_rho0.9_anti-correlated_seed8.pcf: ok (33 rows)
[2290/2400] gen_n900_rho0.9_anti-correlated_seed9.pcf: ok (33 rows)
[2291/2400] gen_n900_rho0.9_correlated_seed0.pcf: ok (33 rows)
[2292/2400] gen_n900_rho0.9_correlated_seed1.pcf: ok (33 rows)
[2293/2400] gen_n900_rho0.9_correlated_seed2.pcf: ok (33 rows)
[2294/2400] gen_n900_rho0.9_correlated_seed3.pcf: ok (33 rows)
[2295/2400] gen_n900_rho0.9_correlated_seed4.pcf: ok (33 rows)
[2296/2400] gen_n900_rho0.9_correlated_seed5.pcf: ok (33 rows)
[2297/2400] gen_n900_rho0.9_correlated_seed6.pcf: ok (33 rows)
[2298/2400] gen_n900_rho0.9_correlated_seed7.pcf: ok (33 rows)
[2299/2400] gen_n900_rho0.9_correlated_seed8.pcf: ok (33 rows)
[2300/2400] gen_n900_rho0.9_correlated_seed9.pcf: ok (33 rows)
[2301/2400] gen_n900_rho0.9_exact-ties_seed0.pcf: ok (33 rows)
[2302/2400] gen_n900_rho0.9_exact-ties_seed1.pcf: ok (33 rows)
[2303/2400] gen_n900_rho0.9_exact-ties_seed2.pcf: ok (33 rows)
[2304/2400] gen_n900_rho0.9_exact-ties_seed3.pcf: ok (33 rows)
[2305/2400] gen_n900_rho0.9_exact-ties_seed4.pcf: ok (33 rows)
[2306/2400] gen_n900_rho0.9_exact-ties_seed5.pcf: ok (33 rows)
[2307/2400] gen_n900_rho0.9_exact-ties_seed6.pcf: ok (33 rows)
[2308/2400] gen_n900_rho0.9_exact-ties_seed7.pcf: ok (33 rows)
[2309/2400] gen_n900_rho0.9_exact-ties_seed8.pcf: ok (33 rows)
[2310/2400] gen_n900_rho0.9_exact-ties_seed9.pcf: ok (33 rows)
[2311/2400] gen_n900_rho0.9_independent-positive_seed0.pcf: ok (33 rows)
[2312/2400] gen_n900_rho0.9_independent-positive_seed1.pcf: ok (33 rows)
[2313/2400] gen_n900_rho0.9_independent-positive_seed2.pcf: ok (33 rows)
[2314/2400] gen_n900_rho0.9_independent-positive_seed3.pcf: ok (33 rows)
[2315/2400] gen_n900_rho0.9_independent-positive_seed4.pcf: ok (33 rows)
[2316/2400] gen_n900_rho0.9_independent-positive_seed5.pcf: ok (33 rows)
[2317/2400] gen_n900_rho0.9_independent-positive_seed6.pcf: ok (33 rows)
[2318/2400] gen_n900_rho0.9_independent-positive_seed7.pcf: ok (33 rows)
[2319/2400] gen_n900_rho0.9_independent-positive_seed8.pcf: ok (33 rows)
[2320/2400] gen_n900_rho0.9_independent-positive_seed9.pcf: ok (33 rows)
[2321/2400] gen_n900_rho0.9_independent-signed_seed0.pcf: ok (33 rows)
[2322/2400] gen_n900_rho0.9_independent-signed_seed1.pcf: ok (33 rows)
[2323/2400] gen_n900_rho0.9_independent-signed_seed2.pcf: ok (33 rows)
[2324/2400] gen_n900_rho0.9_independent-signed_seed3.pcf: ok (33 rows)
[2325/2400] gen_n900_rho0.9_independent-signed_seed4.pcf: ok (33 rows)
[2326/2400] gen_n900_rho0.9_independent-signed_seed5.pcf: ok (33 rows)
[2327/2400] gen_n900_rho0.9_independent-signed_seed6.pcf: ok (33 rows)
[2328/2400] gen_n900_rho0.9_independent-signed_seed7.pcf: ok (33 rows)
[2329/2400] gen_n900_rho0.9_independent-signed_seed8.pcf: ok (33 rows)
[2330/2400] gen_n900_rho0.9_independent-signed_seed9.pcf: ok (33 rows)
[2331/2400] gen_n900_rho0.9_near-ties_seed0.pcf: ok (33 rows)
[2332/2400] gen_n900_rho0.9_near-ties_seed1.pcf: ok (33 rows)
[2333/2400] gen_n900_rho0.9_near-ties_seed2.pcf: ok (33 rows)
[2334/2400] gen_n900_rho0.9_near-ties_seed3.pcf: ok (33 rows)
[2335/2400] gen_n900_rho0.9_near-ties_seed4.pcf: ok (33 rows)
[2336/2400] gen_n900_rho0.9_near-ties_seed5.pcf: ok (33 rows)
[2337/2400] gen_n900_rho0.9_near-ties_seed6.pcf: ok (33 rows)
[2338/2400] gen_n900_rho0.9_near-ties_seed7.pcf: ok (33 rows)
[2339/2400] gen_n900_rho0.9_near-ties_seed8.pcf: ok (33 rows)
[2340/2400] gen_n900_rho0.9_near-ties_seed9.pcf: ok (33 rows)
[2341/2400] gen_n900_rho1.0_anti-correlated_seed0.pcf: ok (33 rows)
[2342/2400] gen_n900_rho1.0_anti-correlated_seed1.pcf: ok (33 rows)
[2343/2400] gen_n900_rho1.0_anti-correlated_seed2.pcf: ok (33 rows)
[2344/2400] gen_n900_rho1.0_anti-correlated_seed3.pcf: ok (33 rows)
[2345/2400] gen_n900_rho1.0_anti-correlated_seed4.pcf: ok (33 rows)
[2346/2400] gen_n900_rho1.0_anti-correlated_seed5.pcf: ok (33 rows)
[2347/2400] gen_n900_rho1.0_anti-correlated_seed6.pcf: ok (33 rows)
[2348/2400] gen_n900_rho1.0_anti-correlated_seed7.pcf: ok (33 rows)
[2349/2400] gen_n900_rho1.0_anti-correlated_seed8.pcf: ok (33 rows)
[2350/2400] gen_n900_rho1.0_anti-correlated_seed9.pcf: ok (33 rows)
[2351/2400] gen_n900_rho1.0_correlated_seed0.pcf: ok (33 rows)
[2352/2400] gen_n900_rho1.0_correlated_seed1.pcf: ok (33 rows)
[2353/2400] gen_n900_rho1.0_correlated_seed2.pcf: ok (33 rows)
[2354/2400] gen_n900_rho1.0_correlated_seed3.pcf: ok (33 rows)
[2355/2400] gen_n900_rho1.0_correlated_seed4.pcf: ok (33 rows)
[2356/2400] gen_n900_rho1.0_correlated_seed5.pcf: ok (33 rows)
[2357/2400] gen_n900_rho1.0_correlated_seed6.pcf: ok (33 rows)
[2358/2400] gen_n900_rho1.0_correlated_seed7.pcf: ok (33 rows)
[2359/2400] gen_n900_rho1.0_correlated_seed8.pcf: ok (33 rows)
[2360/2400] gen_n900_rho1.0_correlated_seed9.pcf: ok (33 rows)
[2361/2400] gen_n900_rho1.0_exact-ties_seed0.pcf: ok (33 rows)
[2362/2400] gen_n900_rho1.0_exact-ties_seed1.pcf: ok (33 rows)
[2363/2400] gen_n900_rho1.0_exact-ties_seed2.pcf: ok (33 rows)
[2364/2400] gen_n900_rho1.0_exact-ties_seed3.pcf: ok (33 rows)
[2365/2400] gen_n900_rho1.0_exact-ties_seed4.pcf: ok (33 rows)
[2366/2400] gen_n900_rho1.0_exact-ties_seed5.pcf: ok (33 rows)
[2367/2400] gen_n900_rho1.0_exact-ties_seed6.pcf: ok (33 rows)
[2368/2400] gen_n900_rho1.0_exact-ties_seed7.pcf: ok (33 rows)
[2369/2400] gen_n900_rho1.0_exact-ties_seed8.pcf: ok (33 rows)
[2370/2400] gen_n900_rho1.0_exact-ties_seed9.pcf: ok (33 rows)
[2371/2400] gen_n900_rho1.0_independent-positive_seed0.pcf: ok (33 rows)
[2372/2400] gen_n900_rho1.0_independent-positive_seed1.pcf: ok (33 rows)
[2373/2400] gen_n900_rho1.0_independent-positive_seed2.pcf: ok (33 rows)
[2374/2400] gen_n900_rho1.0_independent-positive_seed3.pcf: ok (33 rows)
[2375/2400] gen_n900_rho1.0_independent-positive_seed4.pcf: ok (33 rows)
[2376/2400] gen_n900_rho1.0_independent-positive_seed5.pcf: ok (33 rows)
[2377/2400] gen_n900_rho1.0_independent-positive_seed6.pcf: ok (33 rows)
[2378/2400] gen_n900_rho1.0_independent-positive_seed7.pcf: ok (33 rows)
[2379/2400] gen_n900_rho1.0_independent-positive_seed8.pcf: ok (33 rows)
[2380/2400] gen_n900_rho1.0_independent-positive_seed9.pcf: ok (33 rows)
[2381/2400] gen_n900_rho1.0_independent-signed_seed0.pcf: ok (33 rows)
[2382/2400] gen_n900_rho1.0_independent-signed_seed1.pcf: ok (33 rows)
[2383/2400] gen_n900_rho1.0_independent-signed_seed2.pcf: ok (33 rows)
[2384/2400] gen_n900_rho1.0_independent-signed_seed3.pcf: ok (33 rows)
[2385/2400] gen_n900_rho1.0_independent-signed_seed4.pcf: ok (33 rows)
[2386/2400] gen_n900_rho1.0_independent-signed_seed5.pcf: ok (33 rows)
[2387/2400] gen_n900_rho1.0_independent-signed_seed6.pcf: ok (33 rows)
[2388/2400] gen_n900_rho1.0_independent-signed_seed7.pcf: ok (33 rows)
[2389/2400] gen_n900_rho1.0_independent-signed_seed8.pcf: ok (33 rows)
[2390/2400] gen_n900_rho1.0_independent-signed_seed9.pcf: ok (33 rows)
[2391/2400] gen_n900_rho1.0_near-ties_seed0.pcf: ok (33 rows)
[2392/2400] gen_n900_rho1.0_near-ties_seed1.pcf: ok (33 rows)
[2393/2400] gen_n900_rho1.0_near-ties_seed2.pcf: ok (33 rows)
[2394/2400] gen_n900_rho1.0_near-ties_seed3.pcf: ok (33 rows)
[2395/2400] gen_n900_rho1.0_near-ties_seed4.pcf: ok (33 rows)
[2396/2400] gen_n900_rho1.0_near-ties_seed5.pcf: ok (33 rows)
[2397/2400] gen_n900_rho1.0_near-ties_seed6.pcf: ok (33 rows)
[2398/2400] gen_n900_rho1.0_near-ties_seed7.pcf: ok (33 rows)
[2399/2400] gen_n900_rho1.0_near-ties_seed8.pcf: ok (33 rows)
[2400/2400] gen_n900_rho1.0_near-ties_seed9.pcf: ok (33 rows)
wrote results/raw/campaign_b_fma-hfma-rac.csv (79200 rows), results/raw/campaign_b_fma-hfma-rac.failures.csv (0 censored instances)
=== campaign_c :: hfma,rac (3 reps) on instances/campaign_c -> results/raw/campaign_c_hfma-rac.csv ===
[1/2400] gen_n100000_rho0.3_anti-correlated_seed0.pcf: ok (6 rows)
[2/2400] gen_n100000_rho0.3_anti-correlated_seed1.pcf: ok (6 rows)
[3/2400] gen_n100000_rho0.3_anti-correlated_seed2.pcf: ok (6 rows)
[4/2400] gen_n100000_rho0.3_anti-correlated_seed3.pcf: ok (6 rows)
[5/2400] gen_n100000_rho0.3_anti-correlated_seed4.pcf: ok (6 rows)
[6/2400] gen_n100000_rho0.3_anti-correlated_seed5.pcf: ok (6 rows)
[7/2400] gen_n100000_rho0.3_anti-correlated_seed6.pcf: ok (6 rows)
[8/2400] gen_n100000_rho0.3_anti-correlated_seed7.pcf: ok (6 rows)
[9/2400] gen_n100000_rho0.3_anti-correlated_seed8.pcf: ok (6 rows)
[10/2400] gen_n100000_rho0.3_anti-correlated_seed9.pcf: ok (6 rows)
[11/2400] gen_n100000_rho0.3_correlated_seed0.pcf: ok (6 rows)
[12/2400] gen_n100000_rho0.3_correlated_seed1.pcf: ok (6 rows)
[13/2400] gen_n100000_rho0.3_correlated_seed2.pcf: ok (6 rows)
[14/2400] gen_n100000_rho0.3_correlated_seed3.pcf: ok (6 rows)
[15/2400] gen_n100000_rho0.3_correlated_seed4.pcf: ok (6 rows)
[16/2400] gen_n100000_rho0.3_correlated_seed5.pcf: ok (6 rows)
[17/2400] gen_n100000_rho0.3_correlated_seed6.pcf: ok (6 rows)
[18/2400] gen_n100000_rho0.3_correlated_seed7.pcf: ok (6 rows)
[19/2400] gen_n100000_rho0.3_correlated_seed8.pcf: ok (6 rows)
[20/2400] gen_n100000_rho0.3_correlated_seed9.pcf: ok (6 rows)
[21/2400] gen_n100000_rho0.3_exact-ties_seed0.pcf: ok (6 rows)
[22/2400] gen_n100000_rho0.3_exact-ties_seed1.pcf: ok (6 rows)
[23/2400] gen_n100000_rho0.3_exact-ties_seed2.pcf: ok (6 rows)
[24/2400] gen_n100000_rho0.3_exact-ties_seed3.pcf: ok (6 rows)
[25/2400] gen_n100000_rho0.3_exact-ties_seed4.pcf: ok (6 rows)
[26/2400] gen_n100000_rho0.3_exact-ties_seed5.pcf: ok (6 rows)
[27/2400] gen_n100000_rho0.3_exact-ties_seed6.pcf: ok (6 rows)
[28/2400] gen_n100000_rho0.3_exact-ties_seed7.pcf: ok (6 rows)
[29/2400] gen_n100000_rho0.3_exact-ties_seed8.pcf: ok (6 rows)
[30/2400] gen_n100000_rho0.3_exact-ties_seed9.pcf: ok (6 rows)
[31/2400] gen_n100000_rho0.3_independent-positive_seed0.pcf: ok (6 rows)
[32/2400] gen_n100000_rho0.3_independent-positive_seed1.pcf: ok (6 rows)
[33/2400] gen_n100000_rho0.3_independent-positive_seed2.pcf: ok (6 rows)
[34/2400] gen_n100000_rho0.3_independent-positive_seed3.pcf: ok (6 rows)
[35/2400] gen_n100000_rho0.3_independent-positive_seed4.pcf: ok (6 rows)
[36/2400] gen_n100000_rho0.3_independent-positive_seed5.pcf: ok (6 rows)
[37/2400] gen_n100000_rho0.3_independent-positive_seed6.pcf: ok (6 rows)
[38/2400] gen_n100000_rho0.3_independent-positive_seed7.pcf: ok (6 rows)
[39/2400] gen_n100000_rho0.3_independent-positive_seed8.pcf: ok (6 rows)
[40/2400] gen_n100000_rho0.3_independent-positive_seed9.pcf: ok (6 rows)
[41/2400] gen_n100000_rho0.3_independent-signed_seed0.pcf: ok (6 rows)
[42/2400] gen_n100000_rho0.3_independent-signed_seed1.pcf: ok (6 rows)
[43/2400] gen_n100000_rho0.3_independent-signed_seed2.pcf: ok (6 rows)
[44/2400] gen_n100000_rho0.3_independent-signed_seed3.pcf: ok (6 rows)
[45/2400] gen_n100000_rho0.3_independent-signed_seed4.pcf: ok (6 rows)
[46/2400] gen_n100000_rho0.3_independent-signed_seed5.pcf: ok (6 rows)
[47/2400] gen_n100000_rho0.3_independent-signed_seed6.pcf: ok (6 rows)
[48/2400] gen_n100000_rho0.3_independent-signed_seed7.pcf: ok (6 rows)
[49/2400] gen_n100000_rho0.3_independent-signed_seed8.pcf: ok (6 rows)
[50/2400] gen_n100000_rho0.3_independent-signed_seed9.pcf: ok (6 rows)
[51/2400] gen_n100000_rho0.3_near-ties_seed0.pcf: ok (6 rows)
[52/2400] gen_n100000_rho0.3_near-ties_seed1.pcf: ok (6 rows)
[53/2400] gen_n100000_rho0.3_near-ties_seed2.pcf: ok (6 rows)
[54/2400] gen_n100000_rho0.3_near-ties_seed3.pcf: ok (6 rows)
[55/2400] gen_n100000_rho0.3_near-ties_seed4.pcf: ok (6 rows)
[56/2400] gen_n100000_rho0.3_near-ties_seed5.pcf: ok (6 rows)
[57/2400] gen_n100000_rho0.3_near-ties_seed6.pcf: ok (6 rows)
[58/2400] gen_n100000_rho0.3_near-ties_seed7.pcf: ok (6 rows)
[59/2400] gen_n100000_rho0.3_near-ties_seed8.pcf: ok (6 rows)
[60/2400] gen_n100000_rho0.3_near-ties_seed9.pcf: ok (6 rows)
[61/2400] gen_n100000_rho0.6_anti-correlated_seed0.pcf: ok (6 rows)
[62/2400] gen_n100000_rho0.6_anti-correlated_seed1.pcf: ok (6 rows)
[63/2400] gen_n100000_rho0.6_anti-correlated_seed2.pcf: ok (6 rows)
[64/2400] gen_n100000_rho0.6_anti-correlated_seed3.pcf: ok (6 rows)
[65/2400] gen_n100000_rho0.6_anti-correlated_seed4.pcf: ok (6 rows)
[66/2400] gen_n100000_rho0.6_anti-correlated_seed5.pcf: ok (6 rows)
[67/2400] gen_n100000_rho0.6_anti-correlated_seed6.pcf: ok (6 rows)
[68/2400] gen_n100000_rho0.6_anti-correlated_seed7.pcf: ok (6 rows)
[69/2400] gen_n100000_rho0.6_anti-correlated_seed8.pcf: ok (6 rows)
[70/2400] gen_n100000_rho0.6_anti-correlated_seed9.pcf: ok (6 rows)
[71/2400] gen_n100000_rho0.6_correlated_seed0.pcf: ok (6 rows)
[72/2400] gen_n100000_rho0.6_correlated_seed1.pcf: ok (6 rows)
[73/2400] gen_n100000_rho0.6_correlated_seed2.pcf: ok (6 rows)
[74/2400] gen_n100000_rho0.6_correlated_seed3.pcf: ok (6 rows)
[75/2400] gen_n100000_rho0.6_correlated_seed4.pcf: ok (6 rows)
[76/2400] gen_n100000_rho0.6_correlated_seed5.pcf: ok (6 rows)
[77/2400] gen_n100000_rho0.6_correlated_seed6.pcf: ok (6 rows)
[78/2400] gen_n100000_rho0.6_correlated_seed7.pcf: ok (6 rows)
[79/2400] gen_n100000_rho0.6_correlated_seed8.pcf: ok (6 rows)
[80/2400] gen_n100000_rho0.6_correlated_seed9.pcf: ok (6 rows)
[81/2400] gen_n100000_rho0.6_exact-ties_seed0.pcf: ok (6 rows)
[82/2400] gen_n100000_rho0.6_exact-ties_seed1.pcf: ok (6 rows)
[83/2400] gen_n100000_rho0.6_exact-ties_seed2.pcf: ok (6 rows)
[84/2400] gen_n100000_rho0.6_exact-ties_seed3.pcf: ok (6 rows)
[85/2400] gen_n100000_rho0.6_exact-ties_seed4.pcf: ok (6 rows)
[86/2400] gen_n100000_rho0.6_exact-ties_seed5.pcf: ok (6 rows)
[87/2400] gen_n100000_rho0.6_exact-ties_seed6.pcf: ok (6 rows)
[88/2400] gen_n100000_rho0.6_exact-ties_seed7.pcf: ok (6 rows)
[89/2400] gen_n100000_rho0.6_exact-ties_seed8.pcf: ok (6 rows)
[90/2400] gen_n100000_rho0.6_exact-ties_seed9.pcf: ok (6 rows)
[91/2400] gen_n100000_rho0.6_independent-positive_seed0.pcf: ok (6 rows)
[92/2400] gen_n100000_rho0.6_independent-positive_seed1.pcf: ok (6 rows)
[93/2400] gen_n100000_rho0.6_independent-positive_seed2.pcf: ok (6 rows)
[94/2400] gen_n100000_rho0.6_independent-positive_seed3.pcf: ok (6 rows)
[95/2400] gen_n100000_rho0.6_independent-positive_seed4.pcf: ok (6 rows)
[96/2400] gen_n100000_rho0.6_independent-positive_seed5.pcf: ok (6 rows)
[97/2400] gen_n100000_rho0.6_independent-positive_seed6.pcf: ok (6 rows)
[98/2400] gen_n100000_rho0.6_independent-positive_seed7.pcf: ok (6 rows)
[99/2400] gen_n100000_rho0.6_independent-positive_seed8.pcf: ok (6 rows)
[100/2400] gen_n100000_rho0.6_independent-positive_seed9.pcf: ok (6 rows)
[101/2400] gen_n100000_rho0.6_independent-signed_seed0.pcf: ok (6 rows)
[102/2400] gen_n100000_rho0.6_independent-signed_seed1.pcf: ok (6 rows)
[103/2400] gen_n100000_rho0.6_independent-signed_seed2.pcf: ok (6 rows)
[104/2400] gen_n100000_rho0.6_independent-signed_seed3.pcf: ok (6 rows)
[105/2400] gen_n100000_rho0.6_independent-signed_seed4.pcf: ok (6 rows)
[106/2400] gen_n100000_rho0.6_independent-signed_seed5.pcf: ok (6 rows)
[107/2400] gen_n100000_rho0.6_independent-signed_seed6.pcf: ok (6 rows)
[108/2400] gen_n100000_rho0.6_independent-signed_seed7.pcf: ok (6 rows)
[109/2400] gen_n100000_rho0.6_independent-signed_seed8.pcf: ok (6 rows)
[110/2400] gen_n100000_rho0.6_independent-signed_seed9.pcf: ok (6 rows)
[111/2400] gen_n100000_rho0.6_near-ties_seed0.pcf: ok (6 rows)
[112/2400] gen_n100000_rho0.6_near-ties_seed1.pcf: ok (6 rows)
[113/2400] gen_n100000_rho0.6_near-ties_seed2.pcf: ok (6 rows)
[114/2400] gen_n100000_rho0.6_near-ties_seed3.pcf: ok (6 rows)
[115/2400] gen_n100000_rho0.6_near-ties_seed4.pcf: ok (6 rows)
[116/2400] gen_n100000_rho0.6_near-ties_seed5.pcf: ok (6 rows)
[117/2400] gen_n100000_rho0.6_near-ties_seed6.pcf: ok (6 rows)
[118/2400] gen_n100000_rho0.6_near-ties_seed7.pcf: ok (6 rows)
[119/2400] gen_n100000_rho0.6_near-ties_seed8.pcf: ok (6 rows)
[120/2400] gen_n100000_rho0.6_near-ties_seed9.pcf: ok (6 rows)
[121/2400] gen_n100000_rho0.9_anti-correlated_seed0.pcf: ok (6 rows)
[122/2400] gen_n100000_rho0.9_anti-correlated_seed1.pcf: ok (6 rows)
[123/2400] gen_n100000_rho0.9_anti-correlated_seed2.pcf: ok (6 rows)
[124/2400] gen_n100000_rho0.9_anti-correlated_seed3.pcf: ok (6 rows)
[125/2400] gen_n100000_rho0.9_anti-correlated_seed4.pcf: ok (6 rows)
[126/2400] gen_n100000_rho0.9_anti-correlated_seed5.pcf: ok (6 rows)
[127/2400] gen_n100000_rho0.9_anti-correlated_seed6.pcf: ok (6 rows)
[128/2400] gen_n100000_rho0.9_anti-correlated_seed7.pcf: ok (6 rows)
[129/2400] gen_n100000_rho0.9_anti-correlated_seed8.pcf: ok (6 rows)
[130/2400] gen_n100000_rho0.9_anti-correlated_seed9.pcf: ok (6 rows)
[131/2400] gen_n100000_rho0.9_correlated_seed0.pcf: ok (6 rows)
[132/2400] gen_n100000_rho0.9_correlated_seed1.pcf: ok (6 rows)
[133/2400] gen_n100000_rho0.9_correlated_seed2.pcf: ok (6 rows)
[134/2400] gen_n100000_rho0.9_correlated_seed3.pcf: ok (6 rows)
[135/2400] gen_n100000_rho0.9_correlated_seed4.pcf: ok (6 rows)
[136/2400] gen_n100000_rho0.9_correlated_seed5.pcf: ok (6 rows)
[137/2400] gen_n100000_rho0.9_correlated_seed6.pcf: ok (6 rows)
[138/2400] gen_n100000_rho0.9_correlated_seed7.pcf: ok (6 rows)
[139/2400] gen_n100000_rho0.9_correlated_seed8.pcf: ok (6 rows)
[140/2400] gen_n100000_rho0.9_correlated_seed9.pcf: ok (6 rows)
[141/2400] gen_n100000_rho0.9_exact-ties_seed0.pcf: ok (6 rows)
[142/2400] gen_n100000_rho0.9_exact-ties_seed1.pcf: ok (6 rows)
[143/2400] gen_n100000_rho0.9_exact-ties_seed2.pcf: ok (6 rows)
[144/2400] gen_n100000_rho0.9_exact-ties_seed3.pcf: ok (6 rows)
[145/2400] gen_n100000_rho0.9_exact-ties_seed4.pcf: ok (6 rows)
[146/2400] gen_n100000_rho0.9_exact-ties_seed5.pcf: ok (6 rows)
[147/2400] gen_n100000_rho0.9_exact-ties_seed6.pcf: ok (6 rows)
[148/2400] gen_n100000_rho0.9_exact-ties_seed7.pcf: ok (6 rows)
[149/2400] gen_n100000_rho0.9_exact-ties_seed8.pcf: ok (6 rows)
[150/2400] gen_n100000_rho0.9_exact-ties_seed9.pcf: ok (6 rows)
[151/2400] gen_n100000_rho0.9_independent-positive_seed0.pcf: ok (6 rows)
[152/2400] gen_n100000_rho0.9_independent-positive_seed1.pcf: ok (6 rows)
[153/2400] gen_n100000_rho0.9_independent-positive_seed2.pcf: ok (6 rows)
[154/2400] gen_n100000_rho0.9_independent-positive_seed3.pcf: ok (6 rows)
[155/2400] gen_n100000_rho0.9_independent-positive_seed4.pcf: ok (6 rows)
[156/2400] gen_n100000_rho0.9_independent-positive_seed5.pcf: ok (6 rows)
[157/2400] gen_n100000_rho0.9_independent-positive_seed6.pcf: ok (6 rows)
[158/2400] gen_n100000_rho0.9_independent-positive_seed7.pcf: ok (6 rows)
[159/2400] gen_n100000_rho0.9_independent-positive_seed8.pcf: ok (6 rows)
[160/2400] gen_n100000_rho0.9_independent-positive_seed9.pcf: ok (6 rows)
[161/2400] gen_n100000_rho0.9_independent-signed_seed0.pcf: ok (6 rows)
[162/2400] gen_n100000_rho0.9_independent-signed_seed1.pcf: ok (6 rows)
[163/2400] gen_n100000_rho0.9_independent-signed_seed2.pcf: ok (6 rows)
[164/2400] gen_n100000_rho0.9_independent-signed_seed3.pcf: ok (6 rows)
[165/2400] gen_n100000_rho0.9_independent-signed_seed4.pcf: ok (6 rows)
[166/2400] gen_n100000_rho0.9_independent-signed_seed5.pcf: ok (6 rows)
[167/2400] gen_n100000_rho0.9_independent-signed_seed6.pcf: ok (6 rows)
[168/2400] gen_n100000_rho0.9_independent-signed_seed7.pcf: ok (6 rows)
[169/2400] gen_n100000_rho0.9_independent-signed_seed8.pcf: ok (6 rows)
[170/2400] gen_n100000_rho0.9_independent-signed_seed9.pcf: ok (6 rows)
[171/2400] gen_n100000_rho0.9_near-ties_seed0.pcf: ok (6 rows)
[172/2400] gen_n100000_rho0.9_near-ties_seed1.pcf: ok (6 rows)
[173/2400] gen_n100000_rho0.9_near-ties_seed2.pcf: ok (6 rows)
[174/2400] gen_n100000_rho0.9_near-ties_seed3.pcf: ok (6 rows)
[175/2400] gen_n100000_rho0.9_near-ties_seed4.pcf: ok (6 rows)
[176/2400] gen_n100000_rho0.9_near-ties_seed5.pcf: ok (6 rows)
[177/2400] gen_n100000_rho0.9_near-ties_seed6.pcf: ok (6 rows)
[178/2400] gen_n100000_rho0.9_near-ties_seed7.pcf: ok (6 rows)
[179/2400] gen_n100000_rho0.9_near-ties_seed8.pcf: ok (6 rows)
[180/2400] gen_n100000_rho0.9_near-ties_seed9.pcf: ok (6 rows)
[181/2400] gen_n100000_rho1.0_anti-correlated_seed0.pcf: ok (6 rows)
[182/2400] gen_n100000_rho1.0_anti-correlated_seed1.pcf: ok (6 rows)
[183/2400] gen_n100000_rho1.0_anti-correlated_seed2.pcf: ok (6 rows)
[184/2400] gen_n100000_rho1.0_anti-correlated_seed3.pcf: ok (6 rows)
[185/2400] gen_n100000_rho1.0_anti-correlated_seed4.pcf: ok (6 rows)
[186/2400] gen_n100000_rho1.0_anti-correlated_seed5.pcf: ok (6 rows)
[187/2400] gen_n100000_rho1.0_anti-correlated_seed6.pcf: ok (6 rows)
[188/2400] gen_n100000_rho1.0_anti-correlated_seed7.pcf: ok (6 rows)
[189/2400] gen_n100000_rho1.0_anti-correlated_seed8.pcf: ok (6 rows)
[190/2400] gen_n100000_rho1.0_anti-correlated_seed9.pcf: ok (6 rows)
[191/2400] gen_n100000_rho1.0_correlated_seed0.pcf: ok (6 rows)
[192/2400] gen_n100000_rho1.0_correlated_seed1.pcf: ok (6 rows)
[193/2400] gen_n100000_rho1.0_correlated_seed2.pcf: ok (6 rows)
[194/2400] gen_n100000_rho1.0_correlated_seed3.pcf: ok (6 rows)
[195/2400] gen_n100000_rho1.0_correlated_seed4.pcf: ok (6 rows)
[196/2400] gen_n100000_rho1.0_correlated_seed5.pcf: ok (6 rows)
[197/2400] gen_n100000_rho1.0_correlated_seed6.pcf: ok (6 rows)
[198/2400] gen_n100000_rho1.0_correlated_seed7.pcf: ok (6 rows)
[199/2400] gen_n100000_rho1.0_correlated_seed8.pcf: ok (6 rows)
[200/2400] gen_n100000_rho1.0_correlated_seed9.pcf: ok (6 rows)
[201/2400] gen_n100000_rho1.0_exact-ties_seed0.pcf: ok (6 rows)
[202/2400] gen_n100000_rho1.0_exact-ties_seed1.pcf: ok (6 rows)
[203/2400] gen_n100000_rho1.0_exact-ties_seed2.pcf: ok (6 rows)
[204/2400] gen_n100000_rho1.0_exact-ties_seed3.pcf: ok (6 rows)
[205/2400] gen_n100000_rho1.0_exact-ties_seed4.pcf: ok (6 rows)
[206/2400] gen_n100000_rho1.0_exact-ties_seed5.pcf: ok (6 rows)
[207/2400] gen_n100000_rho1.0_exact-ties_seed6.pcf: ok (6 rows)
[208/2400] gen_n100000_rho1.0_exact-ties_seed7.pcf: ok (6 rows)
[209/2400] gen_n100000_rho1.0_exact-ties_seed8.pcf: ok (6 rows)
[210/2400] gen_n100000_rho1.0_exact-ties_seed9.pcf: ok (6 rows)
[211/2400] gen_n100000_rho1.0_independent-positive_seed0.pcf: ok (6 rows)
[212/2400] gen_n100000_rho1.0_independent-positive_seed1.pcf: ok (6 rows)
[213/2400] gen_n100000_rho1.0_independent-positive_seed2.pcf: ok (6 rows)
[214/2400] gen_n100000_rho1.0_independent-positive_seed3.pcf: ok (6 rows)
[215/2400] gen_n100000_rho1.0_independent-positive_seed4.pcf: ok (6 rows)
[216/2400] gen_n100000_rho1.0_independent-positive_seed5.pcf: ok (6 rows)
[217/2400] gen_n100000_rho1.0_independent-positive_seed6.pcf: ok (6 rows)
[218/2400] gen_n100000_rho1.0_independent-positive_seed7.pcf: ok (6 rows)
[219/2400] gen_n100000_rho1.0_independent-positive_seed8.pcf: ok (6 rows)
[220/2400] gen_n100000_rho1.0_independent-positive_seed9.pcf: ok (6 rows)
[221/2400] gen_n100000_rho1.0_independent-signed_seed0.pcf: ok (6 rows)
[222/2400] gen_n100000_rho1.0_independent-signed_seed1.pcf: ok (6 rows)
[223/2400] gen_n100000_rho1.0_independent-signed_seed2.pcf: ok (6 rows)
[224/2400] gen_n100000_rho1.0_independent-signed_seed3.pcf: ok (6 rows)
[225/2400] gen_n100000_rho1.0_independent-signed_seed4.pcf: ok (6 rows)
[226/2400] gen_n100000_rho1.0_independent-signed_seed5.pcf: ok (6 rows)
[227/2400] gen_n100000_rho1.0_independent-signed_seed6.pcf: ok (6 rows)
[228/2400] gen_n100000_rho1.0_independent-signed_seed7.pcf: ok (6 rows)
[229/2400] gen_n100000_rho1.0_independent-signed_seed8.pcf: ok (6 rows)
[230/2400] gen_n100000_rho1.0_independent-signed_seed9.pcf: ok (6 rows)
[231/2400] gen_n100000_rho1.0_near-ties_seed0.pcf: ok (6 rows)
[232/2400] gen_n100000_rho1.0_near-ties_seed1.pcf: ok (6 rows)
[233/2400] gen_n100000_rho1.0_near-ties_seed2.pcf: ok (6 rows)
[234/2400] gen_n100000_rho1.0_near-ties_seed3.pcf: ok (6 rows)
[235/2400] gen_n100000_rho1.0_near-ties_seed4.pcf: ok (6 rows)
[236/2400] gen_n100000_rho1.0_near-ties_seed5.pcf: ok (6 rows)
[237/2400] gen_n100000_rho1.0_near-ties_seed6.pcf: ok (6 rows)
[238/2400] gen_n100000_rho1.0_near-ties_seed7.pcf: ok (6 rows)
[239/2400] gen_n100000_rho1.0_near-ties_seed8.pcf: ok (6 rows)
[240/2400] gen_n100000_rho1.0_near-ties_seed9.pcf: ok (6 rows)
[241/2400] gen_n10000_rho0.3_anti-correlated_seed0.pcf: ok (6 rows)
[242/2400] gen_n10000_rho0.3_anti-correlated_seed1.pcf: ok (6 rows)
[243/2400] gen_n10000_rho0.3_anti-correlated_seed2.pcf: ok (6 rows)
[244/2400] gen_n10000_rho0.3_anti-correlated_seed3.pcf: ok (6 rows)
[245/2400] gen_n10000_rho0.3_anti-correlated_seed4.pcf: ok (6 rows)
[246/2400] gen_n10000_rho0.3_anti-correlated_seed5.pcf: ok (6 rows)
[247/2400] gen_n10000_rho0.3_anti-correlated_seed6.pcf: ok (6 rows)
[248/2400] gen_n10000_rho0.3_anti-correlated_seed7.pcf: ok (6 rows)
[249/2400] gen_n10000_rho0.3_anti-correlated_seed8.pcf: ok (6 rows)
[250/2400] gen_n10000_rho0.3_anti-correlated_seed9.pcf: ok (6 rows)
[251/2400] gen_n10000_rho0.3_correlated_seed0.pcf: ok (6 rows)
[252/2400] gen_n10000_rho0.3_correlated_seed1.pcf: ok (6 rows)
[253/2400] gen_n10000_rho0.3_correlated_seed2.pcf: ok (6 rows)
[254/2400] gen_n10000_rho0.3_correlated_seed3.pcf: ok (6 rows)
[255/2400] gen_n10000_rho0.3_correlated_seed4.pcf: ok (6 rows)
[256/2400] gen_n10000_rho0.3_correlated_seed5.pcf: ok (6 rows)
[257/2400] gen_n10000_rho0.3_correlated_seed6.pcf: ok (6 rows)
[258/2400] gen_n10000_rho0.3_correlated_seed7.pcf: ok (6 rows)
[259/2400] gen_n10000_rho0.3_correlated_seed8.pcf: ok (6 rows)
[260/2400] gen_n10000_rho0.3_correlated_seed9.pcf: ok (6 rows)
[261/2400] gen_n10000_rho0.3_exact-ties_seed0.pcf: ok (6 rows)
[262/2400] gen_n10000_rho0.3_exact-ties_seed1.pcf: ok (6 rows)
[263/2400] gen_n10000_rho0.3_exact-ties_seed2.pcf: ok (6 rows)
[264/2400] gen_n10000_rho0.3_exact-ties_seed3.pcf: ok (6 rows)
[265/2400] gen_n10000_rho0.3_exact-ties_seed4.pcf: ok (6 rows)
[266/2400] gen_n10000_rho0.3_exact-ties_seed5.pcf: ok (6 rows)
[267/2400] gen_n10000_rho0.3_exact-ties_seed6.pcf: ok (6 rows)
[268/2400] gen_n10000_rho0.3_exact-ties_seed7.pcf: ok (6 rows)
[269/2400] gen_n10000_rho0.3_exact-ties_seed8.pcf: ok (6 rows)
[270/2400] gen_n10000_rho0.3_exact-ties_seed9.pcf: ok (6 rows)
[271/2400] gen_n10000_rho0.3_independent-positive_seed0.pcf: ok (6 rows)
[272/2400] gen_n10000_rho0.3_independent-positive_seed1.pcf: ok (6 rows)
[273/2400] gen_n10000_rho0.3_independent-positive_seed2.pcf: ok (6 rows)
[274/2400] gen_n10000_rho0.3_independent-positive_seed3.pcf: ok (6 rows)
[275/2400] gen_n10000_rho0.3_independent-positive_seed4.pcf: ok (6 rows)
[276/2400] gen_n10000_rho0.3_independent-positive_seed5.pcf: ok (6 rows)
[277/2400] gen_n10000_rho0.3_independent-positive_seed6.pcf: ok (6 rows)
[278/2400] gen_n10000_rho0.3_independent-positive_seed7.pcf: ok (6 rows)
[279/2400] gen_n10000_rho0.3_independent-positive_seed8.pcf: ok (6 rows)
[280/2400] gen_n10000_rho0.3_independent-positive_seed9.pcf: ok (6 rows)
[281/2400] gen_n10000_rho0.3_independent-signed_seed0.pcf: ok (6 rows)
[282/2400] gen_n10000_rho0.3_independent-signed_seed1.pcf: ok (6 rows)
[283/2400] gen_n10000_rho0.3_independent-signed_seed2.pcf: ok (6 rows)
[284/2400] gen_n10000_rho0.3_independent-signed_seed3.pcf: ok (6 rows)
[285/2400] gen_n10000_rho0.3_independent-signed_seed4.pcf: ok (6 rows)
[286/2400] gen_n10000_rho0.3_independent-signed_seed5.pcf: ok (6 rows)
[287/2400] gen_n10000_rho0.3_independent-signed_seed6.pcf: ok (6 rows)
[288/2400] gen_n10000_rho0.3_independent-signed_seed7.pcf: ok (6 rows)
[289/2400] gen_n10000_rho0.3_independent-signed_seed8.pcf: ok (6 rows)
[290/2400] gen_n10000_rho0.3_independent-signed_seed9.pcf: ok (6 rows)
[291/2400] gen_n10000_rho0.3_near-ties_seed0.pcf: ok (6 rows)
[292/2400] gen_n10000_rho0.3_near-ties_seed1.pcf: ok (6 rows)
[293/2400] gen_n10000_rho0.3_near-ties_seed2.pcf: ok (6 rows)
[294/2400] gen_n10000_rho0.3_near-ties_seed3.pcf: ok (6 rows)
[295/2400] gen_n10000_rho0.3_near-ties_seed4.pcf: ok (6 rows)
[296/2400] gen_n10000_rho0.3_near-ties_seed5.pcf: ok (6 rows)
[297/2400] gen_n10000_rho0.3_near-ties_seed6.pcf: ok (6 rows)
[298/2400] gen_n10000_rho0.3_near-ties_seed7.pcf: ok (6 rows)
[299/2400] gen_n10000_rho0.3_near-ties_seed8.pcf: ok (6 rows)
[300/2400] gen_n10000_rho0.3_near-ties_seed9.pcf: ok (6 rows)
[301/2400] gen_n10000_rho0.6_anti-correlated_seed0.pcf: ok (6 rows)
[302/2400] gen_n10000_rho0.6_anti-correlated_seed1.pcf: ok (6 rows)
[303/2400] gen_n10000_rho0.6_anti-correlated_seed2.pcf: ok (6 rows)
[304/2400] gen_n10000_rho0.6_anti-correlated_seed3.pcf: ok (6 rows)
[305/2400] gen_n10000_rho0.6_anti-correlated_seed4.pcf: ok (6 rows)
[306/2400] gen_n10000_rho0.6_anti-correlated_seed5.pcf: ok (6 rows)
[307/2400] gen_n10000_rho0.6_anti-correlated_seed6.pcf: ok (6 rows)
[308/2400] gen_n10000_rho0.6_anti-correlated_seed7.pcf: ok (6 rows)
[309/2400] gen_n10000_rho0.6_anti-correlated_seed8.pcf: ok (6 rows)
[310/2400] gen_n10000_rho0.6_anti-correlated_seed9.pcf: ok (6 rows)
[311/2400] gen_n10000_rho0.6_correlated_seed0.pcf: ok (6 rows)
[312/2400] gen_n10000_rho0.6_correlated_seed1.pcf: ok (6 rows)
[313/2400] gen_n10000_rho0.6_correlated_seed2.pcf: ok (6 rows)
[314/2400] gen_n10000_rho0.6_correlated_seed3.pcf: ok (6 rows)
[315/2400] gen_n10000_rho0.6_correlated_seed4.pcf: ok (6 rows)
[316/2400] gen_n10000_rho0.6_correlated_seed5.pcf: ok (6 rows)
[317/2400] gen_n10000_rho0.6_correlated_seed6.pcf: ok (6 rows)
[318/2400] gen_n10000_rho0.6_correlated_seed7.pcf: ok (6 rows)
[319/2400] gen_n10000_rho0.6_correlated_seed8.pcf: ok (6 rows)
[320/2400] gen_n10000_rho0.6_correlated_seed9.pcf: ok (6 rows)
[321/2400] gen_n10000_rho0.6_exact-ties_seed0.pcf: ok (6 rows)
[322/2400] gen_n10000_rho0.6_exact-ties_seed1.pcf: ok (6 rows)
[323/2400] gen_n10000_rho0.6_exact-ties_seed2.pcf: ok (6 rows)
[324/2400] gen_n10000_rho0.6_exact-ties_seed3.pcf: ok (6 rows)
[325/2400] gen_n10000_rho0.6_exact-ties_seed4.pcf: ok (6 rows)
[326/2400] gen_n10000_rho0.6_exact-ties_seed5.pcf: ok (6 rows)
[327/2400] gen_n10000_rho0.6_exact-ties_seed6.pcf: ok (6 rows)
[328/2400] gen_n10000_rho0.6_exact-ties_seed7.pcf: ok (6 rows)
[329/2400] gen_n10000_rho0.6_exact-ties_seed8.pcf: ok (6 rows)
[330/2400] gen_n10000_rho0.6_exact-ties_seed9.pcf: ok (6 rows)
[331/2400] gen_n10000_rho0.6_independent-positive_seed0.pcf: ok (6 rows)
[332/2400] gen_n10000_rho0.6_independent-positive_seed1.pcf: ok (6 rows)
[333/2400] gen_n10000_rho0.6_independent-positive_seed2.pcf: ok (6 rows)
[334/2400] gen_n10000_rho0.6_independent-positive_seed3.pcf: ok (6 rows)
[335/2400] gen_n10000_rho0.6_independent-positive_seed4.pcf: ok (6 rows)
[336/2400] gen_n10000_rho0.6_independent-positive_seed5.pcf: ok (6 rows)
[337/2400] gen_n10000_rho0.6_independent-positive_seed6.pcf: ok (6 rows)
[338/2400] gen_n10000_rho0.6_independent-positive_seed7.pcf: ok (6 rows)
[339/2400] gen_n10000_rho0.6_independent-positive_seed8.pcf: ok (6 rows)
[340/2400] gen_n10000_rho0.6_independent-positive_seed9.pcf: ok (6 rows)
[341/2400] gen_n10000_rho0.6_independent-signed_seed0.pcf: ok (6 rows)
[342/2400] gen_n10000_rho0.6_independent-signed_seed1.pcf: ok (6 rows)
[343/2400] gen_n10000_rho0.6_independent-signed_seed2.pcf: ok (6 rows)
[344/2400] gen_n10000_rho0.6_independent-signed_seed3.pcf: ok (6 rows)
[345/2400] gen_n10000_rho0.6_independent-signed_seed4.pcf: ok (6 rows)
[346/2400] gen_n10000_rho0.6_independent-signed_seed5.pcf: ok (6 rows)
[347/2400] gen_n10000_rho0.6_independent-signed_seed6.pcf: ok (6 rows)
[348/2400] gen_n10000_rho0.6_independent-signed_seed7.pcf: ok (6 rows)
[349/2400] gen_n10000_rho0.6_independent-signed_seed8.pcf: ok (6 rows)
[350/2400] gen_n10000_rho0.6_independent-signed_seed9.pcf: ok (6 rows)
[351/2400] gen_n10000_rho0.6_near-ties_seed0.pcf: ok (6 rows)
[352/2400] gen_n10000_rho0.6_near-ties_seed1.pcf: ok (6 rows)
[353/2400] gen_n10000_rho0.6_near-ties_seed2.pcf: ok (6 rows)
[354/2400] gen_n10000_rho0.6_near-ties_seed3.pcf: ok (6 rows)
[355/2400] gen_n10000_rho0.6_near-ties_seed4.pcf: ok (6 rows)
[356/2400] gen_n10000_rho0.6_near-ties_seed5.pcf: ok (6 rows)
[357/2400] gen_n10000_rho0.6_near-ties_seed6.pcf: ok (6 rows)
[358/2400] gen_n10000_rho0.6_near-ties_seed7.pcf: ok (6 rows)
[359/2400] gen_n10000_rho0.6_near-ties_seed8.pcf: ok (6 rows)
[360/2400] gen_n10000_rho0.6_near-ties_seed9.pcf: ok (6 rows)
[361/2400] gen_n10000_rho0.9_anti-correlated_seed0.pcf: ok (6 rows)
[362/2400] gen_n10000_rho0.9_anti-correlated_seed1.pcf: ok (6 rows)
[363/2400] gen_n10000_rho0.9_anti-correlated_seed2.pcf: ok (6 rows)
[364/2400] gen_n10000_rho0.9_anti-correlated_seed3.pcf: ok (6 rows)
[365/2400] gen_n10000_rho0.9_anti-correlated_seed4.pcf: ok (6 rows)
[366/2400] gen_n10000_rho0.9_anti-correlated_seed5.pcf: ok (6 rows)
[367/2400] gen_n10000_rho0.9_anti-correlated_seed6.pcf: ok (6 rows)
[368/2400] gen_n10000_rho0.9_anti-correlated_seed7.pcf: ok (6 rows)
[369/2400] gen_n10000_rho0.9_anti-correlated_seed8.pcf: ok (6 rows)
[370/2400] gen_n10000_rho0.9_anti-correlated_seed9.pcf: ok (6 rows)
[371/2400] gen_n10000_rho0.9_correlated_seed0.pcf: ok (6 rows)
[372/2400] gen_n10000_rho0.9_correlated_seed1.pcf: ok (6 rows)
[373/2400] gen_n10000_rho0.9_correlated_seed2.pcf: ok (6 rows)
[374/2400] gen_n10000_rho0.9_correlated_seed3.pcf: ok (6 rows)
[375/2400] gen_n10000_rho0.9_correlated_seed4.pcf: ok (6 rows)
[376/2400] gen_n10000_rho0.9_correlated_seed5.pcf: ok (6 rows)
[377/2400] gen_n10000_rho0.9_correlated_seed6.pcf: ok (6 rows)
[378/2400] gen_n10000_rho0.9_correlated_seed7.pcf: ok (6 rows)
[379/2400] gen_n10000_rho0.9_correlated_seed8.pcf: ok (6 rows)
[380/2400] gen_n10000_rho0.9_correlated_seed9.pcf: ok (6 rows)
[381/2400] gen_n10000_rho0.9_exact-ties_seed0.pcf: ok (6 rows)
[382/2400] gen_n10000_rho0.9_exact-ties_seed1.pcf: ok (6 rows)
[383/2400] gen_n10000_rho0.9_exact-ties_seed2.pcf: ok (6 rows)
[384/2400] gen_n10000_rho0.9_exact-ties_seed3.pcf: ok (6 rows)
[385/2400] gen_n10000_rho0.9_exact-ties_seed4.pcf: ok (6 rows)
[386/2400] gen_n10000_rho0.9_exact-ties_seed5.pcf: ok (6 rows)
[387/2400] gen_n10000_rho0.9_exact-ties_seed6.pcf: ok (6 rows)
[388/2400] gen_n10000_rho0.9_exact-ties_seed7.pcf: ok (6 rows)
[389/2400] gen_n10000_rho0.9_exact-ties_seed8.pcf: ok (6 rows)
[390/2400] gen_n10000_rho0.9_exact-ties_seed9.pcf: ok (6 rows)
[391/2400] gen_n10000_rho0.9_independent-positive_seed0.pcf: ok (6 rows)
[392/2400] gen_n10000_rho0.9_independent-positive_seed1.pcf: ok (6 rows)
[393/2400] gen_n10000_rho0.9_independent-positive_seed2.pcf: ok (6 rows)
[394/2400] gen_n10000_rho0.9_independent-positive_seed3.pcf: ok (6 rows)
[395/2400] gen_n10000_rho0.9_independent-positive_seed4.pcf: ok (6 rows)
[396/2400] gen_n10000_rho0.9_independent-positive_seed5.pcf: ok (6 rows)
[397/2400] gen_n10000_rho0.9_independent-positive_seed6.pcf: ok (6 rows)
[398/2400] gen_n10000_rho0.9_independent-positive_seed7.pcf: ok (6 rows)
[399/2400] gen_n10000_rho0.9_independent-positive_seed8.pcf: ok (6 rows)
[400/2400] gen_n10000_rho0.9_independent-positive_seed9.pcf: ok (6 rows)
[401/2400] gen_n10000_rho0.9_independent-signed_seed0.pcf: ok (6 rows)
[402/2400] gen_n10000_rho0.9_independent-signed_seed1.pcf: ok (6 rows)
[403/2400] gen_n10000_rho0.9_independent-signed_seed2.pcf: ok (6 rows)
[404/2400] gen_n10000_rho0.9_independent-signed_seed3.pcf: ok (6 rows)
[405/2400] gen_n10000_rho0.9_independent-signed_seed4.pcf: ok (6 rows)
[406/2400] gen_n10000_rho0.9_independent-signed_seed5.pcf: ok (6 rows)
[407/2400] gen_n10000_rho0.9_independent-signed_seed6.pcf: ok (6 rows)
[408/2400] gen_n10000_rho0.9_independent-signed_seed7.pcf: ok (6 rows)
[409/2400] gen_n10000_rho0.9_independent-signed_seed8.pcf: ok (6 rows)
[410/2400] gen_n10000_rho0.9_independent-signed_seed9.pcf: ok (6 rows)
[411/2400] gen_n10000_rho0.9_near-ties_seed0.pcf: ok (6 rows)
[412/2400] gen_n10000_rho0.9_near-ties_seed1.pcf: ok (6 rows)
[413/2400] gen_n10000_rho0.9_near-ties_seed2.pcf: ok (6 rows)
[414/2400] gen_n10000_rho0.9_near-ties_seed3.pcf: ok (6 rows)
[415/2400] gen_n10000_rho0.9_near-ties_seed4.pcf: ok (6 rows)
[416/2400] gen_n10000_rho0.9_near-ties_seed5.pcf: ok (6 rows)
[417/2400] gen_n10000_rho0.9_near-ties_seed6.pcf: ok (6 rows)
[418/2400] gen_n10000_rho0.9_near-ties_seed7.pcf: ok (6 rows)
[419/2400] gen_n10000_rho0.9_near-ties_seed8.pcf: ok (6 rows)
[420/2400] gen_n10000_rho0.9_near-ties_seed9.pcf: ok (6 rows)
[421/2400] gen_n10000_rho1.0_anti-correlated_seed0.pcf: ok (6 rows)
[422/2400] gen_n10000_rho1.0_anti-correlated_seed1.pcf: ok (6 rows)
[423/2400] gen_n10000_rho1.0_anti-correlated_seed2.pcf: ok (6 rows)
[424/2400] gen_n10000_rho1.0_anti-correlated_seed3.pcf: ok (6 rows)
[425/2400] gen_n10000_rho1.0_anti-correlated_seed4.pcf: ok (6 rows)
[426/2400] gen_n10000_rho1.0_anti-correlated_seed5.pcf: ok (6 rows)
[427/2400] gen_n10000_rho1.0_anti-correlated_seed6.pcf: ok (6 rows)
[428/2400] gen_n10000_rho1.0_anti-correlated_seed7.pcf: ok (6 rows)
[429/2400] gen_n10000_rho1.0_anti-correlated_seed8.pcf: ok (6 rows)
[430/2400] gen_n10000_rho1.0_anti-correlated_seed9.pcf: ok (6 rows)
[431/2400] gen_n10000_rho1.0_correlated_seed0.pcf: ok (6 rows)
[432/2400] gen_n10000_rho1.0_correlated_seed1.pcf: ok (6 rows)
[433/2400] gen_n10000_rho1.0_correlated_seed2.pcf: ok (6 rows)
[434/2400] gen_n10000_rho1.0_correlated_seed3.pcf: ok (6 rows)
[435/2400] gen_n10000_rho1.0_correlated_seed4.pcf: ok (6 rows)
[436/2400] gen_n10000_rho1.0_correlated_seed5.pcf: ok (6 rows)
[437/2400] gen_n10000_rho1.0_correlated_seed6.pcf: ok (6 rows)
[438/2400] gen_n10000_rho1.0_correlated_seed7.pcf: ok (6 rows)
[439/2400] gen_n10000_rho1.0_correlated_seed8.pcf: ok (6 rows)
[440/2400] gen_n10000_rho1.0_correlated_seed9.pcf: ok (6 rows)
[441/2400] gen_n10000_rho1.0_exact-ties_seed0.pcf: ok (6 rows)
[442/2400] gen_n10000_rho1.0_exact-ties_seed1.pcf: ok (6 rows)
[443/2400] gen_n10000_rho1.0_exact-ties_seed2.pcf: ok (6 rows)
[444/2400] gen_n10000_rho1.0_exact-ties_seed3.pcf: ok (6 rows)
[445/2400] gen_n10000_rho1.0_exact-ties_seed4.pcf: ok (6 rows)
[446/2400] gen_n10000_rho1.0_exact-ties_seed5.pcf: ok (6 rows)
[447/2400] gen_n10000_rho1.0_exact-ties_seed6.pcf: ok (6 rows)
[448/2400] gen_n10000_rho1.0_exact-ties_seed7.pcf: ok (6 rows)
[449/2400] gen_n10000_rho1.0_exact-ties_seed8.pcf: ok (6 rows)
[450/2400] gen_n10000_rho1.0_exact-ties_seed9.pcf: ok (6 rows)
[451/2400] gen_n10000_rho1.0_independent-positive_seed0.pcf: ok (6 rows)
[452/2400] gen_n10000_rho1.0_independent-positive_seed1.pcf: ok (6 rows)
[453/2400] gen_n10000_rho1.0_independent-positive_seed2.pcf: ok (6 rows)
[454/2400] gen_n10000_rho1.0_independent-positive_seed3.pcf: ok (6 rows)
[455/2400] gen_n10000_rho1.0_independent-positive_seed4.pcf: ok (6 rows)
[456/2400] gen_n10000_rho1.0_independent-positive_seed5.pcf: ok (6 rows)
[457/2400] gen_n10000_rho1.0_independent-positive_seed6.pcf: ok (6 rows)
[458/2400] gen_n10000_rho1.0_independent-positive_seed7.pcf: ok (6 rows)
[459/2400] gen_n10000_rho1.0_independent-positive_seed8.pcf: ok (6 rows)
[460/2400] gen_n10000_rho1.0_independent-positive_seed9.pcf: ok (6 rows)
[461/2400] gen_n10000_rho1.0_independent-signed_seed0.pcf: ok (6 rows)
[462/2400] gen_n10000_rho1.0_independent-signed_seed1.pcf: ok (6 rows)
[463/2400] gen_n10000_rho1.0_independent-signed_seed2.pcf: ok (6 rows)
[464/2400] gen_n10000_rho1.0_independent-signed_seed3.pcf: ok (6 rows)
[465/2400] gen_n10000_rho1.0_independent-signed_seed4.pcf: ok (6 rows)
[466/2400] gen_n10000_rho1.0_independent-signed_seed5.pcf: ok (6 rows)
[467/2400] gen_n10000_rho1.0_independent-signed_seed6.pcf: ok (6 rows)
[468/2400] gen_n10000_rho1.0_independent-signed_seed7.pcf: ok (6 rows)
[469/2400] gen_n10000_rho1.0_independent-signed_seed8.pcf: ok (6 rows)
[470/2400] gen_n10000_rho1.0_independent-signed_seed9.pcf: ok (6 rows)
[471/2400] gen_n10000_rho1.0_near-ties_seed0.pcf: ok (6 rows)
[472/2400] gen_n10000_rho1.0_near-ties_seed1.pcf: ok (6 rows)
[473/2400] gen_n10000_rho1.0_near-ties_seed2.pcf: ok (6 rows)
[474/2400] gen_n10000_rho1.0_near-ties_seed3.pcf: ok (6 rows)
[475/2400] gen_n10000_rho1.0_near-ties_seed4.pcf: ok (6 rows)
[476/2400] gen_n10000_rho1.0_near-ties_seed5.pcf: ok (6 rows)
[477/2400] gen_n10000_rho1.0_near-ties_seed6.pcf: ok (6 rows)
[478/2400] gen_n10000_rho1.0_near-ties_seed7.pcf: ok (6 rows)
[479/2400] gen_n10000_rho1.0_near-ties_seed8.pcf: ok (6 rows)
[480/2400] gen_n10000_rho1.0_near-ties_seed9.pcf: ok (6 rows)
[481/2400] gen_n20000_rho0.3_anti-correlated_seed0.pcf: ok (6 rows)
[482/2400] gen_n20000_rho0.3_anti-correlated_seed1.pcf: ok (6 rows)
[483/2400] gen_n20000_rho0.3_anti-correlated_seed2.pcf: ok (6 rows)
[484/2400] gen_n20000_rho0.3_anti-correlated_seed3.pcf: ok (6 rows)
[485/2400] gen_n20000_rho0.3_anti-correlated_seed4.pcf: ok (6 rows)
[486/2400] gen_n20000_rho0.3_anti-correlated_seed5.pcf: ok (6 rows)
[487/2400] gen_n20000_rho0.3_anti-correlated_seed6.pcf: ok (6 rows)
[488/2400] gen_n20000_rho0.3_anti-correlated_seed7.pcf: ok (6 rows)
[489/2400] gen_n20000_rho0.3_anti-correlated_seed8.pcf: ok (6 rows)
[490/2400] gen_n20000_rho0.3_anti-correlated_seed9.pcf: ok (6 rows)
[491/2400] gen_n20000_rho0.3_correlated_seed0.pcf: ok (6 rows)
[492/2400] gen_n20000_rho0.3_correlated_seed1.pcf: ok (6 rows)
[493/2400] gen_n20000_rho0.3_correlated_seed2.pcf: ok (6 rows)
[494/2400] gen_n20000_rho0.3_correlated_seed3.pcf: ok (6 rows)
[495/2400] gen_n20000_rho0.3_correlated_seed4.pcf: ok (6 rows)
[496/2400] gen_n20000_rho0.3_correlated_seed5.pcf: ok (6 rows)
[497/2400] gen_n20000_rho0.3_correlated_seed6.pcf: ok (6 rows)
[498/2400] gen_n20000_rho0.3_correlated_seed7.pcf: ok (6 rows)
[499/2400] gen_n20000_rho0.3_correlated_seed8.pcf: ok (6 rows)
[500/2400] gen_n20000_rho0.3_correlated_seed9.pcf: ok (6 rows)
[501/2400] gen_n20000_rho0.3_exact-ties_seed0.pcf: ok (6 rows)
[502/2400] gen_n20000_rho0.3_exact-ties_seed1.pcf: ok (6 rows)
[503/2400] gen_n20000_rho0.3_exact-ties_seed2.pcf: ok (6 rows)
[504/2400] gen_n20000_rho0.3_exact-ties_seed3.pcf: ok (6 rows)
[505/2400] gen_n20000_rho0.3_exact-ties_seed4.pcf: ok (6 rows)
[506/2400] gen_n20000_rho0.3_exact-ties_seed5.pcf: ok (6 rows)
[507/2400] gen_n20000_rho0.3_exact-ties_seed6.pcf: ok (6 rows)
[508/2400] gen_n20000_rho0.3_exact-ties_seed7.pcf: ok (6 rows)
[509/2400] gen_n20000_rho0.3_exact-ties_seed8.pcf: ok (6 rows)
[510/2400] gen_n20000_rho0.3_exact-ties_seed9.pcf: ok (6 rows)
[511/2400] gen_n20000_rho0.3_independent-positive_seed0.pcf: ok (6 rows)
[512/2400] gen_n20000_rho0.3_independent-positive_seed1.pcf: ok (6 rows)
[513/2400] gen_n20000_rho0.3_independent-positive_seed2.pcf: ok (6 rows)
[514/2400] gen_n20000_rho0.3_independent-positive_seed3.pcf: ok (6 rows)
[515/2400] gen_n20000_rho0.3_independent-positive_seed4.pcf: ok (6 rows)
[516/2400] gen_n20000_rho0.3_independent-positive_seed5.pcf: ok (6 rows)
[517/2400] gen_n20000_rho0.3_independent-positive_seed6.pcf: ok (6 rows)
[518/2400] gen_n20000_rho0.3_independent-positive_seed7.pcf: ok (6 rows)
[519/2400] gen_n20000_rho0.3_independent-positive_seed8.pcf: ok (6 rows)
[520/2400] gen_n20000_rho0.3_independent-positive_seed9.pcf: ok (6 rows)
[521/2400] gen_n20000_rho0.3_independent-signed_seed0.pcf: ok (6 rows)
[522/2400] gen_n20000_rho0.3_independent-signed_seed1.pcf: ok (6 rows)
[523/2400] gen_n20000_rho0.3_independent-signed_seed2.pcf: ok (6 rows)
[524/2400] gen_n20000_rho0.3_independent-signed_seed3.pcf: ok (6 rows)
[525/2400] gen_n20000_rho0.3_independent-signed_seed4.pcf: ok (6 rows)
[526/2400] gen_n20000_rho0.3_independent-signed_seed5.pcf: ok (6 rows)
[527/2400] gen_n20000_rho0.3_independent-signed_seed6.pcf: ok (6 rows)
[528/2400] gen_n20000_rho0.3_independent-signed_seed7.pcf: ok (6 rows)
[529/2400] gen_n20000_rho0.3_independent-signed_seed8.pcf: ok (6 rows)
[530/2400] gen_n20000_rho0.3_independent-signed_seed9.pcf: ok (6 rows)
[531/2400] gen_n20000_rho0.3_near-ties_seed0.pcf: ok (6 rows)
[532/2400] gen_n20000_rho0.3_near-ties_seed1.pcf: ok (6 rows)
[533/2400] gen_n20000_rho0.3_near-ties_seed2.pcf: ok (6 rows)
[534/2400] gen_n20000_rho0.3_near-ties_seed3.pcf: ok (6 rows)
[535/2400] gen_n20000_rho0.3_near-ties_seed4.pcf: ok (6 rows)
[536/2400] gen_n20000_rho0.3_near-ties_seed5.pcf: ok (6 rows)
[537/2400] gen_n20000_rho0.3_near-ties_seed6.pcf: ok (6 rows)
[538/2400] gen_n20000_rho0.3_near-ties_seed7.pcf: ok (6 rows)
[539/2400] gen_n20000_rho0.3_near-ties_seed8.pcf: ok (6 rows)
[540/2400] gen_n20000_rho0.3_near-ties_seed9.pcf: ok (6 rows)
[541/2400] gen_n20000_rho0.6_anti-correlated_seed0.pcf: ok (6 rows)
[542/2400] gen_n20000_rho0.6_anti-correlated_seed1.pcf: ok (6 rows)
[543/2400] gen_n20000_rho0.6_anti-correlated_seed2.pcf: ok (6 rows)
[544/2400] gen_n20000_rho0.6_anti-correlated_seed3.pcf: ok (6 rows)
[545/2400] gen_n20000_rho0.6_anti-correlated_seed4.pcf: ok (6 rows)
[546/2400] gen_n20000_rho0.6_anti-correlated_seed5.pcf: ok (6 rows)
[547/2400] gen_n20000_rho0.6_anti-correlated_seed6.pcf: ok (6 rows)
[548/2400] gen_n20000_rho0.6_anti-correlated_seed7.pcf: ok (6 rows)
[549/2400] gen_n20000_rho0.6_anti-correlated_seed8.pcf: ok (6 rows)
[550/2400] gen_n20000_rho0.6_anti-correlated_seed9.pcf: ok (6 rows)
[551/2400] gen_n20000_rho0.6_correlated_seed0.pcf: ok (6 rows)
[552/2400] gen_n20000_rho0.6_correlated_seed1.pcf: ok (6 rows)
[553/2400] gen_n20000_rho0.6_correlated_seed2.pcf: ok (6 rows)
[554/2400] gen_n20000_rho0.6_correlated_seed3.pcf: ok (6 rows)
[555/2400] gen_n20000_rho0.6_correlated_seed4.pcf: ok (6 rows)
[556/2400] gen_n20000_rho0.6_correlated_seed5.pcf: ok (6 rows)
[557/2400] gen_n20000_rho0.6_correlated_seed6.pcf: ok (6 rows)
[558/2400] gen_n20000_rho0.6_correlated_seed7.pcf: ok (6 rows)
[559/2400] gen_n20000_rho0.6_correlated_seed8.pcf: ok (6 rows)
[560/2400] gen_n20000_rho0.6_correlated_seed9.pcf: ok (6 rows)
[561/2400] gen_n20000_rho0.6_exact-ties_seed0.pcf: ok (6 rows)
[562/2400] gen_n20000_rho0.6_exact-ties_seed1.pcf: ok (6 rows)
[563/2400] gen_n20000_rho0.6_exact-ties_seed2.pcf: ok (6 rows)
[564/2400] gen_n20000_rho0.6_exact-ties_seed3.pcf: ok (6 rows)
[565/2400] gen_n20000_rho0.6_exact-ties_seed4.pcf: ok (6 rows)
[566/2400] gen_n20000_rho0.6_exact-ties_seed5.pcf: ok (6 rows)
[567/2400] gen_n20000_rho0.6_exact-ties_seed6.pcf: ok (6 rows)
[568/2400] gen_n20000_rho0.6_exact-ties_seed7.pcf: ok (6 rows)
[569/2400] gen_n20000_rho0.6_exact-ties_seed8.pcf: ok (6 rows)
[570/2400] gen_n20000_rho0.6_exact-ties_seed9.pcf: ok (6 rows)
[571/2400] gen_n20000_rho0.6_independent-positive_seed0.pcf: ok (6 rows)
[572/2400] gen_n20000_rho0.6_independent-positive_seed1.pcf: ok (6 rows)
[573/2400] gen_n20000_rho0.6_independent-positive_seed2.pcf: ok (6 rows)
[574/2400] gen_n20000_rho0.6_independent-positive_seed3.pcf: ok (6 rows)
[575/2400] gen_n20000_rho0.6_independent-positive_seed4.pcf: ok (6 rows)
[576/2400] gen_n20000_rho0.6_independent-positive_seed5.pcf: ok (6 rows)
[577/2400] gen_n20000_rho0.6_independent-positive_seed6.pcf: ok (6 rows)
[578/2400] gen_n20000_rho0.6_independent-positive_seed7.pcf: ok (6 rows)
[579/2400] gen_n20000_rho0.6_independent-positive_seed8.pcf: ok (6 rows)
[580/2400] gen_n20000_rho0.6_independent-positive_seed9.pcf: ok (6 rows)
[581/2400] gen_n20000_rho0.6_independent-signed_seed0.pcf: ok (6 rows)
[582/2400] gen_n20000_rho0.6_independent-signed_seed1.pcf: ok (6 rows)
[583/2400] gen_n20000_rho0.6_independent-signed_seed2.pcf: ok (6 rows)
[584/2400] gen_n20000_rho0.6_independent-signed_seed3.pcf: ok (6 rows)
[585/2400] gen_n20000_rho0.6_independent-signed_seed4.pcf: ok (6 rows)
[586/2400] gen_n20000_rho0.6_independent-signed_seed5.pcf: ok (6 rows)
[587/2400] gen_n20000_rho0.6_independent-signed_seed6.pcf: ok (6 rows)
[588/2400] gen_n20000_rho0.6_independent-signed_seed7.pcf: ok (6 rows)
[589/2400] gen_n20000_rho0.6_independent-signed_seed8.pcf: ok (6 rows)
[590/2400] gen_n20000_rho0.6_independent-signed_seed9.pcf: ok (6 rows)
[591/2400] gen_n20000_rho0.6_near-ties_seed0.pcf: ok (6 rows)
[592/2400] gen_n20000_rho0.6_near-ties_seed1.pcf: ok (6 rows)
[593/2400] gen_n20000_rho0.6_near-ties_seed2.pcf: ok (6 rows)
[594/2400] gen_n20000_rho0.6_near-ties_seed3.pcf: ok (6 rows)
[595/2400] gen_n20000_rho0.6_near-ties_seed4.pcf: ok (6 rows)
[596/2400] gen_n20000_rho0.6_near-ties_seed5.pcf: ok (6 rows)
[597/2400] gen_n20000_rho0.6_near-ties_seed6.pcf: ok (6 rows)
[598/2400] gen_n20000_rho0.6_near-ties_seed7.pcf: ok (6 rows)
[599/2400] gen_n20000_rho0.6_near-ties_seed8.pcf: ok (6 rows)
[600/2400] gen_n20000_rho0.6_near-ties_seed9.pcf: ok (6 rows)
[601/2400] gen_n20000_rho0.9_anti-correlated_seed0.pcf: ok (6 rows)
[602/2400] gen_n20000_rho0.9_anti-correlated_seed1.pcf: ok (6 rows)
[603/2400] gen_n20000_rho0.9_anti-correlated_seed2.pcf: ok (6 rows)
[604/2400] gen_n20000_rho0.9_anti-correlated_seed3.pcf: ok (6 rows)
[605/2400] gen_n20000_rho0.9_anti-correlated_seed4.pcf: ok (6 rows)
[606/2400] gen_n20000_rho0.9_anti-correlated_seed5.pcf: ok (6 rows)
[607/2400] gen_n20000_rho0.9_anti-correlated_seed6.pcf: ok (6 rows)
[608/2400] gen_n20000_rho0.9_anti-correlated_seed7.pcf: ok (6 rows)
[609/2400] gen_n20000_rho0.9_anti-correlated_seed8.pcf: ok (6 rows)
[610/2400] gen_n20000_rho0.9_anti-correlated_seed9.pcf: ok (6 rows)
[611/2400] gen_n20000_rho0.9_correlated_seed0.pcf: ok (6 rows)
[612/2400] gen_n20000_rho0.9_correlated_seed1.pcf: ok (6 rows)
[613/2400] gen_n20000_rho0.9_correlated_seed2.pcf: ok (6 rows)
[614/2400] gen_n20000_rho0.9_correlated_seed3.pcf: ok (6 rows)
[615/2400] gen_n20000_rho0.9_correlated_seed4.pcf: ok (6 rows)
[616/2400] gen_n20000_rho0.9_correlated_seed5.pcf: ok (6 rows)
[617/2400] gen_n20000_rho0.9_correlated_seed6.pcf: ok (6 rows)
[618/2400] gen_n20000_rho0.9_correlated_seed7.pcf: ok (6 rows)
[619/2400] gen_n20000_rho0.9_correlated_seed8.pcf: ok (6 rows)
[620/2400] gen_n20000_rho0.9_correlated_seed9.pcf: ok (6 rows)
[621/2400] gen_n20000_rho0.9_exact-ties_seed0.pcf: ok (6 rows)
[622/2400] gen_n20000_rho0.9_exact-ties_seed1.pcf: ok (6 rows)
[623/2400] gen_n20000_rho0.9_exact-ties_seed2.pcf: ok (6 rows)
[624/2400] gen_n20000_rho0.9_exact-ties_seed3.pcf: ok (6 rows)
[625/2400] gen_n20000_rho0.9_exact-ties_seed4.pcf: ok (6 rows)
[626/2400] gen_n20000_rho0.9_exact-ties_seed5.pcf: ok (6 rows)
[627/2400] gen_n20000_rho0.9_exact-ties_seed6.pcf: ok (6 rows)
[628/2400] gen_n20000_rho0.9_exact-ties_seed7.pcf: ok (6 rows)
[629/2400] gen_n20000_rho0.9_exact-ties_seed8.pcf: ok (6 rows)
[630/2400] gen_n20000_rho0.9_exact-ties_seed9.pcf: ok (6 rows)
[631/2400] gen_n20000_rho0.9_independent-positive_seed0.pcf: ok (6 rows)
[632/2400] gen_n20000_rho0.9_independent-positive_seed1.pcf: ok (6 rows)
[633/2400] gen_n20000_rho0.9_independent-positive_seed2.pcf: ok (6 rows)
[634/2400] gen_n20000_rho0.9_independent-positive_seed3.pcf: ok (6 rows)
[635/2400] gen_n20000_rho0.9_independent-positive_seed4.pcf: ok (6 rows)
[636/2400] gen_n20000_rho0.9_independent-positive_seed5.pcf: ok (6 rows)
[637/2400] gen_n20000_rho0.9_independent-positive_seed6.pcf: ok (6 rows)
[638/2400] gen_n20000_rho0.9_independent-positive_seed7.pcf: ok (6 rows)
[639/2400] gen_n20000_rho0.9_independent-positive_seed8.pcf: ok (6 rows)
[640/2400] gen_n20000_rho0.9_independent-positive_seed9.pcf: ok (6 rows)
[641/2400] gen_n20000_rho0.9_independent-signed_seed0.pcf: ok (6 rows)
[642/2400] gen_n20000_rho0.9_independent-signed_seed1.pcf: ok (6 rows)
[643/2400] gen_n20000_rho0.9_independent-signed_seed2.pcf: ok (6 rows)
[644/2400] gen_n20000_rho0.9_independent-signed_seed3.pcf: ok (6 rows)
[645/2400] gen_n20000_rho0.9_independent-signed_seed4.pcf: ok (6 rows)
[646/2400] gen_n20000_rho0.9_independent-signed_seed5.pcf: ok (6 rows)
[647/2400] gen_n20000_rho0.9_independent-signed_seed6.pcf: ok (6 rows)
[648/2400] gen_n20000_rho0.9_independent-signed_seed7.pcf: ok (6 rows)
[649/2400] gen_n20000_rho0.9_independent-signed_seed8.pcf: ok (6 rows)
[650/2400] gen_n20000_rho0.9_independent-signed_seed9.pcf: ok (6 rows)
[651/2400] gen_n20000_rho0.9_near-ties_seed0.pcf: ok (6 rows)
[652/2400] gen_n20000_rho0.9_near-ties_seed1.pcf: ok (6 rows)
[653/2400] gen_n20000_rho0.9_near-ties_seed2.pcf: ok (6 rows)
[654/2400] gen_n20000_rho0.9_near-ties_seed3.pcf: ok (6 rows)
[655/2400] gen_n20000_rho0.9_near-ties_seed4.pcf: ok (6 rows)
[656/2400] gen_n20000_rho0.9_near-ties_seed5.pcf: ok (6 rows)
[657/2400] gen_n20000_rho0.9_near-ties_seed6.pcf: ok (6 rows)
[658/2400] gen_n20000_rho0.9_near-ties_seed7.pcf: ok (6 rows)
[659/2400] gen_n20000_rho0.9_near-ties_seed8.pcf: ok (6 rows)
[660/2400] gen_n20000_rho0.9_near-ties_seed9.pcf: ok (6 rows)
[661/2400] gen_n20000_rho1.0_anti-correlated_seed0.pcf: ok (6 rows)
[662/2400] gen_n20000_rho1.0_anti-correlated_seed1.pcf: ok (6 rows)
[663/2400] gen_n20000_rho1.0_anti-correlated_seed2.pcf: ok (6 rows)
[664/2400] gen_n20000_rho1.0_anti-correlated_seed3.pcf: ok (6 rows)
[665/2400] gen_n20000_rho1.0_anti-correlated_seed4.pcf: ok (6 rows)
[666/2400] gen_n20000_rho1.0_anti-correlated_seed5.pcf: ok (6 rows)
[667/2400] gen_n20000_rho1.0_anti-correlated_seed6.pcf: ok (6 rows)
[668/2400] gen_n20000_rho1.0_anti-correlated_seed7.pcf: ok (6 rows)
[669/2400] gen_n20000_rho1.0_anti-correlated_seed8.pcf: ok (6 rows)
[670/2400] gen_n20000_rho1.0_anti-correlated_seed9.pcf: ok (6 rows)
[671/2400] gen_n20000_rho1.0_correlated_seed0.pcf: ok (6 rows)
[672/2400] gen_n20000_rho1.0_correlated_seed1.pcf: ok (6 rows)
[673/2400] gen_n20000_rho1.0_correlated_seed2.pcf: ok (6 rows)
[674/2400] gen_n20000_rho1.0_correlated_seed3.pcf: ok (6 rows)
[675/2400] gen_n20000_rho1.0_correlated_seed4.pcf: ok (6 rows)
[676/2400] gen_n20000_rho1.0_correlated_seed5.pcf: ok (6 rows)
[677/2400] gen_n20000_rho1.0_correlated_seed6.pcf: ok (6 rows)
[678/2400] gen_n20000_rho1.0_correlated_seed7.pcf: ok (6 rows)
[679/2400] gen_n20000_rho1.0_correlated_seed8.pcf: ok (6 rows)
[680/2400] gen_n20000_rho1.0_correlated_seed9.pcf: ok (6 rows)
[681/2400] gen_n20000_rho1.0_exact-ties_seed0.pcf: ok (6 rows)
[682/2400] gen_n20000_rho1.0_exact-ties_seed1.pcf: ok (6 rows)
[683/2400] gen_n20000_rho1.0_exact-ties_seed2.pcf: ok (6 rows)
[684/2400] gen_n20000_rho1.0_exact-ties_seed3.pcf: ok (6 rows)
[685/2400] gen_n20000_rho1.0_exact-ties_seed4.pcf: ok (6 rows)
[686/2400] gen_n20000_rho1.0_exact-ties_seed5.pcf: ok (6 rows)
[687/2400] gen_n20000_rho1.0_exact-ties_seed6.pcf: ok (6 rows)
[688/2400] gen_n20000_rho1.0_exact-ties_seed7.pcf: ok (6 rows)
[689/2400] gen_n20000_rho1.0_exact-ties_seed8.pcf: ok (6 rows)
[690/2400] gen_n20000_rho1.0_exact-ties_seed9.pcf: ok (6 rows)
[691/2400] gen_n20000_rho1.0_independent-positive_seed0.pcf: ok (6 rows)
[692/2400] gen_n20000_rho1.0_independent-positive_seed1.pcf: ok (6 rows)
[693/2400] gen_n20000_rho1.0_independent-positive_seed2.pcf: ok (6 rows)
[694/2400] gen_n20000_rho1.0_independent-positive_seed3.pcf: ok (6 rows)
[695/2400] gen_n20000_rho1.0_independent-positive_seed4.pcf: ok (6 rows)
[696/2400] gen_n20000_rho1.0_independent-positive_seed5.pcf: ok (6 rows)
[697/2400] gen_n20000_rho1.0_independent-positive_seed6.pcf: ok (6 rows)
[698/2400] gen_n20000_rho1.0_independent-positive_seed7.pcf: ok (6 rows)
[699/2400] gen_n20000_rho1.0_independent-positive_seed8.pcf: ok (6 rows)
[700/2400] gen_n20000_rho1.0_independent-positive_seed9.pcf: ok (6 rows)
[701/2400] gen_n20000_rho1.0_independent-signed_seed0.pcf: ok (6 rows)
[702/2400] gen_n20000_rho1.0_independent-signed_seed1.pcf: ok (6 rows)
[703/2400] gen_n20000_rho1.0_independent-signed_seed2.pcf: ok (6 rows)
[704/2400] gen_n20000_rho1.0_independent-signed_seed3.pcf: ok (6 rows)
[705/2400] gen_n20000_rho1.0_independent-signed_seed4.pcf: ok (6 rows)
[706/2400] gen_n20000_rho1.0_independent-signed_seed5.pcf: ok (6 rows)
[707/2400] gen_n20000_rho1.0_independent-signed_seed6.pcf: ok (6 rows)
[708/2400] gen_n20000_rho1.0_independent-signed_seed7.pcf: ok (6 rows)
[709/2400] gen_n20000_rho1.0_independent-signed_seed8.pcf: ok (6 rows)
[710/2400] gen_n20000_rho1.0_independent-signed_seed9.pcf: ok (6 rows)
[711/2400] gen_n20000_rho1.0_near-ties_seed0.pcf: ok (6 rows)
[712/2400] gen_n20000_rho1.0_near-ties_seed1.pcf: ok (6 rows)
[713/2400] gen_n20000_rho1.0_near-ties_seed2.pcf: ok (6 rows)
[714/2400] gen_n20000_rho1.0_near-ties_seed3.pcf: ok (6 rows)
[715/2400] gen_n20000_rho1.0_near-ties_seed4.pcf: ok (6 rows)
[716/2400] gen_n20000_rho1.0_near-ties_seed5.pcf: ok (6 rows)
[717/2400] gen_n20000_rho1.0_near-ties_seed6.pcf: ok (6 rows)
[718/2400] gen_n20000_rho1.0_near-ties_seed7.pcf: ok (6 rows)
[719/2400] gen_n20000_rho1.0_near-ties_seed8.pcf: ok (6 rows)
[720/2400] gen_n20000_rho1.0_near-ties_seed9.pcf: ok (6 rows)
[721/2400] gen_n30000_rho0.3_anti-correlated_seed0.pcf: ok (6 rows)
[722/2400] gen_n30000_rho0.3_anti-correlated_seed1.pcf: ok (6 rows)
[723/2400] gen_n30000_rho0.3_anti-correlated_seed2.pcf: ok (6 rows)
[724/2400] gen_n30000_rho0.3_anti-correlated_seed3.pcf: ok (6 rows)
[725/2400] gen_n30000_rho0.3_anti-correlated_seed4.pcf: ok (6 rows)
[726/2400] gen_n30000_rho0.3_anti-correlated_seed5.pcf: ok (6 rows)
[727/2400] gen_n30000_rho0.3_anti-correlated_seed6.pcf: ok (6 rows)
[728/2400] gen_n30000_rho0.3_anti-correlated_seed7.pcf: ok (6 rows)
[729/2400] gen_n30000_rho0.3_anti-correlated_seed8.pcf: ok (6 rows)
[730/2400] gen_n30000_rho0.3_anti-correlated_seed9.pcf: ok (6 rows)
[731/2400] gen_n30000_rho0.3_correlated_seed0.pcf: ok (6 rows)
[732/2400] gen_n30000_rho0.3_correlated_seed1.pcf: ok (6 rows)
[733/2400] gen_n30000_rho0.3_correlated_seed2.pcf: ok (6 rows)
[734/2400] gen_n30000_rho0.3_correlated_seed3.pcf: ok (6 rows)
[735/2400] gen_n30000_rho0.3_correlated_seed4.pcf: ok (6 rows)
[736/2400] gen_n30000_rho0.3_correlated_seed5.pcf: ok (6 rows)
[737/2400] gen_n30000_rho0.3_correlated_seed6.pcf: ok (6 rows)
[738/2400] gen_n30000_rho0.3_correlated_seed7.pcf: ok (6 rows)
[739/2400] gen_n30000_rho0.3_correlated_seed8.pcf: ok (6 rows)
[740/2400] gen_n30000_rho0.3_correlated_seed9.pcf: ok (6 rows)
[741/2400] gen_n30000_rho0.3_exact-ties_seed0.pcf: ok (6 rows)
[742/2400] gen_n30000_rho0.3_exact-ties_seed1.pcf: ok (6 rows)
[743/2400] gen_n30000_rho0.3_exact-ties_seed2.pcf: ok (6 rows)
[744/2400] gen_n30000_rho0.3_exact-ties_seed3.pcf: ok (6 rows)
[745/2400] gen_n30000_rho0.3_exact-ties_seed4.pcf: ok (6 rows)
[746/2400] gen_n30000_rho0.3_exact-ties_seed5.pcf: ok (6 rows)
[747/2400] gen_n30000_rho0.3_exact-ties_seed6.pcf: ok (6 rows)
[748/2400] gen_n30000_rho0.3_exact-ties_seed7.pcf: ok (6 rows)
[749/2400] gen_n30000_rho0.3_exact-ties_seed8.pcf: ok (6 rows)
[750/2400] gen_n30000_rho0.3_exact-ties_seed9.pcf: ok (6 rows)
[751/2400] gen_n30000_rho0.3_independent-positive_seed0.pcf: ok (6 rows)
[752/2400] gen_n30000_rho0.3_independent-positive_seed1.pcf: ok (6 rows)
[753/2400] gen_n30000_rho0.3_independent-positive_seed2.pcf: ok (6 rows)
[754/2400] gen_n30000_rho0.3_independent-positive_seed3.pcf: ok (6 rows)
[755/2400] gen_n30000_rho0.3_independent-positive_seed4.pcf: ok (6 rows)
[756/2400] gen_n30000_rho0.3_independent-positive_seed5.pcf: ok (6 rows)
[757/2400] gen_n30000_rho0.3_independent-positive_seed6.pcf: ok (6 rows)
[758/2400] gen_n30000_rho0.3_independent-positive_seed7.pcf: ok (6 rows)
[759/2400] gen_n30000_rho0.3_independent-positive_seed8.pcf: ok (6 rows)
[760/2400] gen_n30000_rho0.3_independent-positive_seed9.pcf: ok (6 rows)
[761/2400] gen_n30000_rho0.3_independent-signed_seed0.pcf: ok (6 rows)
[762/2400] gen_n30000_rho0.3_independent-signed_seed1.pcf: ok (6 rows)
[763/2400] gen_n30000_rho0.3_independent-signed_seed2.pcf: ok (6 rows)
[764/2400] gen_n30000_rho0.3_independent-signed_seed3.pcf: ok (6 rows)
[765/2400] gen_n30000_rho0.3_independent-signed_seed4.pcf: ok (6 rows)
[766/2400] gen_n30000_rho0.3_independent-signed_seed5.pcf: ok (6 rows)
[767/2400] gen_n30000_rho0.3_independent-signed_seed6.pcf: ok (6 rows)
[768/2400] gen_n30000_rho0.3_independent-signed_seed7.pcf: ok (6 rows)
[769/2400] gen_n30000_rho0.3_independent-signed_seed8.pcf: ok (6 rows)
[770/2400] gen_n30000_rho0.3_independent-signed_seed9.pcf: ok (6 rows)
[771/2400] gen_n30000_rho0.3_near-ties_seed0.pcf: ok (6 rows)
[772/2400] gen_n30000_rho0.3_near-ties_seed1.pcf: ok (6 rows)
[773/2400] gen_n30000_rho0.3_near-ties_seed2.pcf: ok (6 rows)
[774/2400] gen_n30000_rho0.3_near-ties_seed3.pcf: ok (6 rows)
[775/2400] gen_n30000_rho0.3_near-ties_seed4.pcf: ok (6 rows)
[776/2400] gen_n30000_rho0.3_near-ties_seed5.pcf: ok (6 rows)
[777/2400] gen_n30000_rho0.3_near-ties_seed6.pcf: ok (6 rows)
[778/2400] gen_n30000_rho0.3_near-ties_seed7.pcf: ok (6 rows)
[779/2400] gen_n30000_rho0.3_near-ties_seed8.pcf: ok (6 rows)
[780/2400] gen_n30000_rho0.3_near-ties_seed9.pcf: ok (6 rows)
[781/2400] gen_n30000_rho0.6_anti-correlated_seed0.pcf: ok (6 rows)
[782/2400] gen_n30000_rho0.6_anti-correlated_seed1.pcf: ok (6 rows)
[783/2400] gen_n30000_rho0.6_anti-correlated_seed2.pcf: ok (6 rows)
[784/2400] gen_n30000_rho0.6_anti-correlated_seed3.pcf: ok (6 rows)
[785/2400] gen_n30000_rho0.6_anti-correlated_seed4.pcf: ok (6 rows)
[786/2400] gen_n30000_rho0.6_anti-correlated_seed5.pcf: ok (6 rows)
[787/2400] gen_n30000_rho0.6_anti-correlated_seed6.pcf: ok (6 rows)
[788/2400] gen_n30000_rho0.6_anti-correlated_seed7.pcf: ok (6 rows)
[789/2400] gen_n30000_rho0.6_anti-correlated_seed8.pcf: ok (6 rows)
[790/2400] gen_n30000_rho0.6_anti-correlated_seed9.pcf: ok (6 rows)
[791/2400] gen_n30000_rho0.6_correlated_seed0.pcf: ok (6 rows)
[792/2400] gen_n30000_rho0.6_correlated_seed1.pcf: ok (6 rows)
[793/2400] gen_n30000_rho0.6_correlated_seed2.pcf: ok (6 rows)
[794/2400] gen_n30000_rho0.6_correlated_seed3.pcf: ok (6 rows)
[795/2400] gen_n30000_rho0.6_correlated_seed4.pcf: ok (6 rows)
[796/2400] gen_n30000_rho0.6_correlated_seed5.pcf: ok (6 rows)
[797/2400] gen_n30000_rho0.6_correlated_seed6.pcf: ok (6 rows)
[798/2400] gen_n30000_rho0.6_correlated_seed7.pcf: ok (6 rows)
[799/2400] gen_n30000_rho0.6_correlated_seed8.pcf: ok (6 rows)
[800/2400] gen_n30000_rho0.6_correlated_seed9.pcf: ok (6 rows)
[801/2400] gen_n30000_rho0.6_exact-ties_seed0.pcf: ok (6 rows)
[802/2400] gen_n30000_rho0.6_exact-ties_seed1.pcf: ok (6 rows)
[803/2400] gen_n30000_rho0.6_exact-ties_seed2.pcf: ok (6 rows)
[804/2400] gen_n30000_rho0.6_exact-ties_seed3.pcf: ok (6 rows)
[805/2400] gen_n30000_rho0.6_exact-ties_seed4.pcf: ok (6 rows)
[806/2400] gen_n30000_rho0.6_exact-ties_seed5.pcf: ok (6 rows)
[807/2400] gen_n30000_rho0.6_exact-ties_seed6.pcf: ok (6 rows)
[808/2400] gen_n30000_rho0.6_exact-ties_seed7.pcf: ok (6 rows)
[809/2400] gen_n30000_rho0.6_exact-ties_seed8.pcf: ok (6 rows)
[810/2400] gen_n30000_rho0.6_exact-ties_seed9.pcf: ok (6 rows)
[811/2400] gen_n30000_rho0.6_independent-positive_seed0.pcf: ok (6 rows)
[812/2400] gen_n30000_rho0.6_independent-positive_seed1.pcf: ok (6 rows)
[813/2400] gen_n30000_rho0.6_independent-positive_seed2.pcf: ok (6 rows)
[814/2400] gen_n30000_rho0.6_independent-positive_seed3.pcf: ok (6 rows)
[815/2400] gen_n30000_rho0.6_independent-positive_seed4.pcf: ok (6 rows)
[816/2400] gen_n30000_rho0.6_independent-positive_seed5.pcf: ok (6 rows)
[817/2400] gen_n30000_rho0.6_independent-positive_seed6.pcf: ok (6 rows)
[818/2400] gen_n30000_rho0.6_independent-positive_seed7.pcf: ok (6 rows)
[819/2400] gen_n30000_rho0.6_independent-positive_seed8.pcf: ok (6 rows)
[820/2400] gen_n30000_rho0.6_independent-positive_seed9.pcf: ok (6 rows)
[821/2400] gen_n30000_rho0.6_independent-signed_seed0.pcf: ok (6 rows)
[822/2400] gen_n30000_rho0.6_independent-signed_seed1.pcf: ok (6 rows)
[823/2400] gen_n30000_rho0.6_independent-signed_seed2.pcf: ok (6 rows)
[824/2400] gen_n30000_rho0.6_independent-signed_seed3.pcf: ok (6 rows)
[825/2400] gen_n30000_rho0.6_independent-signed_seed4.pcf: ok (6 rows)
[826/2400] gen_n30000_rho0.6_independent-signed_seed5.pcf: ok (6 rows)
[827/2400] gen_n30000_rho0.6_independent-signed_seed6.pcf: ok (6 rows)
[828/2400] gen_n30000_rho0.6_independent-signed_seed7.pcf: ok (6 rows)
[829/2400] gen_n30000_rho0.6_independent-signed_seed8.pcf: ok (6 rows)
[830/2400] gen_n30000_rho0.6_independent-signed_seed9.pcf: ok (6 rows)
[831/2400] gen_n30000_rho0.6_near-ties_seed0.pcf: ok (6 rows)
[832/2400] gen_n30000_rho0.6_near-ties_seed1.pcf: ok (6 rows)
[833/2400] gen_n30000_rho0.6_near-ties_seed2.pcf: ok (6 rows)
[834/2400] gen_n30000_rho0.6_near-ties_seed3.pcf: ok (6 rows)
[835/2400] gen_n30000_rho0.6_near-ties_seed4.pcf: ok (6 rows)
[836/2400] gen_n30000_rho0.6_near-ties_seed5.pcf: ok (6 rows)
[837/2400] gen_n30000_rho0.6_near-ties_seed6.pcf: ok (6 rows)
[838/2400] gen_n30000_rho0.6_near-ties_seed7.pcf: ok (6 rows)
[839/2400] gen_n30000_rho0.6_near-ties_seed8.pcf: ok (6 rows)
[840/2400] gen_n30000_rho0.6_near-ties_seed9.pcf: ok (6 rows)
[841/2400] gen_n30000_rho0.9_anti-correlated_seed0.pcf: ok (6 rows)
[842/2400] gen_n30000_rho0.9_anti-correlated_seed1.pcf: ok (6 rows)
[843/2400] gen_n30000_rho0.9_anti-correlated_seed2.pcf: ok (6 rows)
[844/2400] gen_n30000_rho0.9_anti-correlated_seed3.pcf: ok (6 rows)
[845/2400] gen_n30000_rho0.9_anti-correlated_seed4.pcf: ok (6 rows)
[846/2400] gen_n30000_rho0.9_anti-correlated_seed5.pcf: ok (6 rows)
[847/2400] gen_n30000_rho0.9_anti-correlated_seed6.pcf: ok (6 rows)
[848/2400] gen_n30000_rho0.9_anti-correlated_seed7.pcf: ok (6 rows)
[849/2400] gen_n30000_rho0.9_anti-correlated_seed8.pcf: ok (6 rows)
[850/2400] gen_n30000_rho0.9_anti-correlated_seed9.pcf: ok (6 rows)
[851/2400] gen_n30000_rho0.9_correlated_seed0.pcf: ok (6 rows)
[852/2400] gen_n30000_rho0.9_correlated_seed1.pcf: ok (6 rows)
[853/2400] gen_n30000_rho0.9_correlated_seed2.pcf: ok (6 rows)
[854/2400] gen_n30000_rho0.9_correlated_seed3.pcf: ok (6 rows)
[855/2400] gen_n30000_rho0.9_correlated_seed4.pcf: ok (6 rows)
[856/2400] gen_n30000_rho0.9_correlated_seed5.pcf: ok (6 rows)
[857/2400] gen_n30000_rho0.9_correlated_seed6.pcf: ok (6 rows)
[858/2400] gen_n30000_rho0.9_correlated_seed7.pcf: ok (6 rows)
[859/2400] gen_n30000_rho0.9_correlated_seed8.pcf: ok (6 rows)
[860/2400] gen_n30000_rho0.9_correlated_seed9.pcf: ok (6 rows)
[861/2400] gen_n30000_rho0.9_exact-ties_seed0.pcf: ok (6 rows)
[862/2400] gen_n30000_rho0.9_exact-ties_seed1.pcf: ok (6 rows)
[863/2400] gen_n30000_rho0.9_exact-ties_seed2.pcf: ok (6 rows)
[864/2400] gen_n30000_rho0.9_exact-ties_seed3.pcf: ok (6 rows)
[865/2400] gen_n30000_rho0.9_exact-ties_seed4.pcf: ok (6 rows)
[866/2400] gen_n30000_rho0.9_exact-ties_seed5.pcf: ok (6 rows)
[867/2400] gen_n30000_rho0.9_exact-ties_seed6.pcf: ok (6 rows)
[868/2400] gen_n30000_rho0.9_exact-ties_seed7.pcf: ok (6 rows)
[869/2400] gen_n30000_rho0.9_exact-ties_seed8.pcf: ok (6 rows)
[870/2400] gen_n30000_rho0.9_exact-ties_seed9.pcf: ok (6 rows)
[871/2400] gen_n30000_rho0.9_independent-positive_seed0.pcf: ok (6 rows)
[872/2400] gen_n30000_rho0.9_independent-positive_seed1.pcf: ok (6 rows)
[873/2400] gen_n30000_rho0.9_independent-positive_seed2.pcf: ok (6 rows)
[874/2400] gen_n30000_rho0.9_independent-positive_seed3.pcf: ok (6 rows)
[875/2400] gen_n30000_rho0.9_independent-positive_seed4.pcf: ok (6 rows)
[876/2400] gen_n30000_rho0.9_independent-positive_seed5.pcf: ok (6 rows)
[877/2400] gen_n30000_rho0.9_independent-positive_seed6.pcf: ok (6 rows)
[878/2400] gen_n30000_rho0.9_independent-positive_seed7.pcf: ok (6 rows)
[879/2400] gen_n30000_rho0.9_independent-positive_seed8.pcf: ok (6 rows)
[880/2400] gen_n30000_rho0.9_independent-positive_seed9.pcf: ok (6 rows)
[881/2400] gen_n30000_rho0.9_independent-signed_seed0.pcf: ok (6 rows)
[882/2400] gen_n30000_rho0.9_independent-signed_seed1.pcf: ok (6 rows)
[883/2400] gen_n30000_rho0.9_independent-signed_seed2.pcf: ok (6 rows)
[884/2400] gen_n30000_rho0.9_independent-signed_seed3.pcf: ok (6 rows)
[885/2400] gen_n30000_rho0.9_independent-signed_seed4.pcf: ok (6 rows)
[886/2400] gen_n30000_rho0.9_independent-signed_seed5.pcf: ok (6 rows)
[887/2400] gen_n30000_rho0.9_independent-signed_seed6.pcf: ok (6 rows)
[888/2400] gen_n30000_rho0.9_independent-signed_seed7.pcf: ok (6 rows)
[889/2400] gen_n30000_rho0.9_independent-signed_seed8.pcf: ok (6 rows)
[890/2400] gen_n30000_rho0.9_independent-signed_seed9.pcf: ok (6 rows)
[891/2400] gen_n30000_rho0.9_near-ties_seed0.pcf: ok (6 rows)
[892/2400] gen_n30000_rho0.9_near-ties_seed1.pcf: ok (6 rows)
[893/2400] gen_n30000_rho0.9_near-ties_seed2.pcf: ok (6 rows)
[894/2400] gen_n30000_rho0.9_near-ties_seed3.pcf: ok (6 rows)
[895/2400] gen_n30000_rho0.9_near-ties_seed4.pcf: ok (6 rows)
[896/2400] gen_n30000_rho0.9_near-ties_seed5.pcf: ok (6 rows)
[897/2400] gen_n30000_rho0.9_near-ties_seed6.pcf: ok (6 rows)
[898/2400] gen_n30000_rho0.9_near-ties_seed7.pcf: ok (6 rows)
[899/2400] gen_n30000_rho0.9_near-ties_seed8.pcf: ok (6 rows)
[900/2400] gen_n30000_rho0.9_near-ties_seed9.pcf: ok (6 rows)
[901/2400] gen_n30000_rho1.0_anti-correlated_seed0.pcf: ok (6 rows)
[902/2400] gen_n30000_rho1.0_anti-correlated_seed1.pcf: ok (6 rows)
[903/2400] gen_n30000_rho1.0_anti-correlated_seed2.pcf: ok (6 rows)
[904/2400] gen_n30000_rho1.0_anti-correlated_seed3.pcf: ok (6 rows)
[905/2400] gen_n30000_rho1.0_anti-correlated_seed4.pcf: ok (6 rows)
[906/2400] gen_n30000_rho1.0_anti-correlated_seed5.pcf: ok (6 rows)
[907/2400] gen_n30000_rho1.0_anti-correlated_seed6.pcf: ok (6 rows)
[908/2400] gen_n30000_rho1.0_anti-correlated_seed7.pcf: ok (6 rows)
[909/2400] gen_n30000_rho1.0_anti-correlated_seed8.pcf: ok (6 rows)
[910/2400] gen_n30000_rho1.0_anti-correlated_seed9.pcf: ok (6 rows)
[911/2400] gen_n30000_rho1.0_correlated_seed0.pcf: ok (6 rows)
[912/2400] gen_n30000_rho1.0_correlated_seed1.pcf: ok (6 rows)
[913/2400] gen_n30000_rho1.0_correlated_seed2.pcf: ok (6 rows)
[914/2400] gen_n30000_rho1.0_correlated_seed3.pcf: ok (6 rows)
[915/2400] gen_n30000_rho1.0_correlated_seed4.pcf: ok (6 rows)
[916/2400] gen_n30000_rho1.0_correlated_seed5.pcf: ok (6 rows)
[917/2400] gen_n30000_rho1.0_correlated_seed6.pcf: ok (6 rows)
[918/2400] gen_n30000_rho1.0_correlated_seed7.pcf: ok (6 rows)
[919/2400] gen_n30000_rho1.0_correlated_seed8.pcf: ok (6 rows)
[920/2400] gen_n30000_rho1.0_correlated_seed9.pcf: ok (6 rows)
[921/2400] gen_n30000_rho1.0_exact-ties_seed0.pcf: ok (6 rows)
[922/2400] gen_n30000_rho1.0_exact-ties_seed1.pcf: ok (6 rows)
[923/2400] gen_n30000_rho1.0_exact-ties_seed2.pcf: ok (6 rows)
[924/2400] gen_n30000_rho1.0_exact-ties_seed3.pcf: ok (6 rows)
[925/2400] gen_n30000_rho1.0_exact-ties_seed4.pcf: ok (6 rows)
[926/2400] gen_n30000_rho1.0_exact-ties_seed5.pcf: ok (6 rows)
[927/2400] gen_n30000_rho1.0_exact-ties_seed6.pcf: ok (6 rows)
[928/2400] gen_n30000_rho1.0_exact-ties_seed7.pcf: ok (6 rows)
[929/2400] gen_n30000_rho1.0_exact-ties_seed8.pcf: ok (6 rows)
[930/2400] gen_n30000_rho1.0_exact-ties_seed9.pcf: ok (6 rows)
[931/2400] gen_n30000_rho1.0_independent-positive_seed0.pcf: ok (6 rows)
[932/2400] gen_n30000_rho1.0_independent-positive_seed1.pcf: ok (6 rows)
[933/2400] gen_n30000_rho1.0_independent-positive_seed2.pcf: ok (6 rows)
[934/2400] gen_n30000_rho1.0_independent-positive_seed3.pcf: ok (6 rows)
[935/2400] gen_n30000_rho1.0_independent-positive_seed4.pcf: ok (6 rows)
[936/2400] gen_n30000_rho1.0_independent-positive_seed5.pcf: ok (6 rows)
[937/2400] gen_n30000_rho1.0_independent-positive_seed6.pcf: ok (6 rows)
[938/2400] gen_n30000_rho1.0_independent-positive_seed7.pcf: ok (6 rows)
[939/2400] gen_n30000_rho1.0_independent-positive_seed8.pcf: ok (6 rows)
[940/2400] gen_n30000_rho1.0_independent-positive_seed9.pcf: ok (6 rows)
[941/2400] gen_n30000_rho1.0_independent-signed_seed0.pcf: ok (6 rows)
[942/2400] gen_n30000_rho1.0_independent-signed_seed1.pcf: ok (6 rows)
[943/2400] gen_n30000_rho1.0_independent-signed_seed2.pcf: ok (6 rows)
[944/2400] gen_n30000_rho1.0_independent-signed_seed3.pcf: ok (6 rows)
[945/2400] gen_n30000_rho1.0_independent-signed_seed4.pcf: ok (6 rows)
[946/2400] gen_n30000_rho1.0_independent-signed_seed5.pcf: ok (6 rows)
[947/2400] gen_n30000_rho1.0_independent-signed_seed6.pcf: ok (6 rows)
[948/2400] gen_n30000_rho1.0_independent-signed_seed7.pcf: ok (6 rows)
[949/2400] gen_n30000_rho1.0_independent-signed_seed8.pcf: ok (6 rows)
[950/2400] gen_n30000_rho1.0_independent-signed_seed9.pcf: ok (6 rows)
[951/2400] gen_n30000_rho1.0_near-ties_seed0.pcf: ok (6 rows)
[952/2400] gen_n30000_rho1.0_near-ties_seed1.pcf: ok (6 rows)
[953/2400] gen_n30000_rho1.0_near-ties_seed2.pcf: ok (6 rows)
[954/2400] gen_n30000_rho1.0_near-ties_seed3.pcf: ok (6 rows)
[955/2400] gen_n30000_rho1.0_near-ties_seed4.pcf: ok (6 rows)
[956/2400] gen_n30000_rho1.0_near-ties_seed5.pcf: ok (6 rows)
[957/2400] gen_n30000_rho1.0_near-ties_seed6.pcf: ok (6 rows)
[958/2400] gen_n30000_rho1.0_near-ties_seed7.pcf: ok (6 rows)
[959/2400] gen_n30000_rho1.0_near-ties_seed8.pcf: ok (6 rows)
[960/2400] gen_n30000_rho1.0_near-ties_seed9.pcf: ok (6 rows)
[961/2400] gen_n40000_rho0.3_anti-correlated_seed0.pcf: ok (6 rows)
[962/2400] gen_n40000_rho0.3_anti-correlated_seed1.pcf: ok (6 rows)
[963/2400] gen_n40000_rho0.3_anti-correlated_seed2.pcf: ok (6 rows)
[964/2400] gen_n40000_rho0.3_anti-correlated_seed3.pcf: ok (6 rows)
[965/2400] gen_n40000_rho0.3_anti-correlated_seed4.pcf: ok (6 rows)
[966/2400] gen_n40000_rho0.3_anti-correlated_seed5.pcf: ok (6 rows)
[967/2400] gen_n40000_rho0.3_anti-correlated_seed6.pcf: ok (6 rows)
[968/2400] gen_n40000_rho0.3_anti-correlated_seed7.pcf: ok (6 rows)
[969/2400] gen_n40000_rho0.3_anti-correlated_seed8.pcf: ok (6 rows)
[970/2400] gen_n40000_rho0.3_anti-correlated_seed9.pcf: ok (6 rows)
[971/2400] gen_n40000_rho0.3_correlated_seed0.pcf: ok (6 rows)
[972/2400] gen_n40000_rho0.3_correlated_seed1.pcf: ok (6 rows)
[973/2400] gen_n40000_rho0.3_correlated_seed2.pcf: ok (6 rows)
[974/2400] gen_n40000_rho0.3_correlated_seed3.pcf: ok (6 rows)
[975/2400] gen_n40000_rho0.3_correlated_seed4.pcf: ok (6 rows)
[976/2400] gen_n40000_rho0.3_correlated_seed5.pcf: ok (6 rows)
[977/2400] gen_n40000_rho0.3_correlated_seed6.pcf: ok (6 rows)
[978/2400] gen_n40000_rho0.3_correlated_seed7.pcf: ok (6 rows)
[979/2400] gen_n40000_rho0.3_correlated_seed8.pcf: ok (6 rows)
[980/2400] gen_n40000_rho0.3_correlated_seed9.pcf: ok (6 rows)
[981/2400] gen_n40000_rho0.3_exact-ties_seed0.pcf: ok (6 rows)
[982/2400] gen_n40000_rho0.3_exact-ties_seed1.pcf: ok (6 rows)
[983/2400] gen_n40000_rho0.3_exact-ties_seed2.pcf: ok (6 rows)
[984/2400] gen_n40000_rho0.3_exact-ties_seed3.pcf: ok (6 rows)
[985/2400] gen_n40000_rho0.3_exact-ties_seed4.pcf: ok (6 rows)
[986/2400] gen_n40000_rho0.3_exact-ties_seed5.pcf: ok (6 rows)
[987/2400] gen_n40000_rho0.3_exact-ties_seed6.pcf: ok (6 rows)
[988/2400] gen_n40000_rho0.3_exact-ties_seed7.pcf: ok (6 rows)
[989/2400] gen_n40000_rho0.3_exact-ties_seed8.pcf: ok (6 rows)
[990/2400] gen_n40000_rho0.3_exact-ties_seed9.pcf: ok (6 rows)
[991/2400] gen_n40000_rho0.3_independent-positive_seed0.pcf: ok (6 rows)
[992/2400] gen_n40000_rho0.3_independent-positive_seed1.pcf: ok (6 rows)
[993/2400] gen_n40000_rho0.3_independent-positive_seed2.pcf: ok (6 rows)
[994/2400] gen_n40000_rho0.3_independent-positive_seed3.pcf: ok (6 rows)
[995/2400] gen_n40000_rho0.3_independent-positive_seed4.pcf: ok (6 rows)
[996/2400] gen_n40000_rho0.3_independent-positive_seed5.pcf: ok (6 rows)
[997/2400] gen_n40000_rho0.3_independent-positive_seed6.pcf: ok (6 rows)
[998/2400] gen_n40000_rho0.3_independent-positive_seed7.pcf: ok (6 rows)
[999/2400] gen_n40000_rho0.3_independent-positive_seed8.pcf: ok (6 rows)
[1000/2400] gen_n40000_rho0.3_independent-positive_seed9.pcf: ok (6 rows)
[1001/2400] gen_n40000_rho0.3_independent-signed_seed0.pcf: ok (6 rows)
[1002/2400] gen_n40000_rho0.3_independent-signed_seed1.pcf: ok (6 rows)
[1003/2400] gen_n40000_rho0.3_independent-signed_seed2.pcf: ok (6 rows)
[1004/2400] gen_n40000_rho0.3_independent-signed_seed3.pcf: ok (6 rows)
[1005/2400] gen_n40000_rho0.3_independent-signed_seed4.pcf: ok (6 rows)
[1006/2400] gen_n40000_rho0.3_independent-signed_seed5.pcf: ok (6 rows)
[1007/2400] gen_n40000_rho0.3_independent-signed_seed6.pcf: ok (6 rows)
[1008/2400] gen_n40000_rho0.3_independent-signed_seed7.pcf: ok (6 rows)
[1009/2400] gen_n40000_rho0.3_independent-signed_seed8.pcf: ok (6 rows)
[1010/2400] gen_n40000_rho0.3_independent-signed_seed9.pcf: ok (6 rows)
[1011/2400] gen_n40000_rho0.3_near-ties_seed0.pcf: ok (6 rows)
[1012/2400] gen_n40000_rho0.3_near-ties_seed1.pcf: ok (6 rows)
[1013/2400] gen_n40000_rho0.3_near-ties_seed2.pcf: ok (6 rows)
[1014/2400] gen_n40000_rho0.3_near-ties_seed3.pcf: ok (6 rows)
[1015/2400] gen_n40000_rho0.3_near-ties_seed4.pcf: ok (6 rows)
[1016/2400] gen_n40000_rho0.3_near-ties_seed5.pcf: ok (6 rows)
[1017/2400] gen_n40000_rho0.3_near-ties_seed6.pcf: ok (6 rows)
[1018/2400] gen_n40000_rho0.3_near-ties_seed7.pcf: ok (6 rows)
[1019/2400] gen_n40000_rho0.3_near-ties_seed8.pcf: ok (6 rows)
[1020/2400] gen_n40000_rho0.3_near-ties_seed9.pcf: ok (6 rows)
[1021/2400] gen_n40000_rho0.6_anti-correlated_seed0.pcf: ok (6 rows)
[1022/2400] gen_n40000_rho0.6_anti-correlated_seed1.pcf: ok (6 rows)
[1023/2400] gen_n40000_rho0.6_anti-correlated_seed2.pcf: ok (6 rows)
[1024/2400] gen_n40000_rho0.6_anti-correlated_seed3.pcf: ok (6 rows)
[1025/2400] gen_n40000_rho0.6_anti-correlated_seed4.pcf: ok (6 rows)
[1026/2400] gen_n40000_rho0.6_anti-correlated_seed5.pcf: ok (6 rows)
[1027/2400] gen_n40000_rho0.6_anti-correlated_seed6.pcf: ok (6 rows)
[1028/2400] gen_n40000_rho0.6_anti-correlated_seed7.pcf: ok (6 rows)
[1029/2400] gen_n40000_rho0.6_anti-correlated_seed8.pcf: ok (6 rows)
[1030/2400] gen_n40000_rho0.6_anti-correlated_seed9.pcf: ok (6 rows)
[1031/2400] gen_n40000_rho0.6_correlated_seed0.pcf: ok (6 rows)
[1032/2400] gen_n40000_rho0.6_correlated_seed1.pcf: ok (6 rows)
[1033/2400] gen_n40000_rho0.6_correlated_seed2.pcf: ok (6 rows)
[1034/2400] gen_n40000_rho0.6_correlated_seed3.pcf: ok (6 rows)
[1035/2400] gen_n40000_rho0.6_correlated_seed4.pcf: ok (6 rows)
[1036/2400] gen_n40000_rho0.6_correlated_seed5.pcf: ok (6 rows)
[1037/2400] gen_n40000_rho0.6_correlated_seed6.pcf: ok (6 rows)
[1038/2400] gen_n40000_rho0.6_correlated_seed7.pcf: ok (6 rows)
[1039/2400] gen_n40000_rho0.6_correlated_seed8.pcf: ok (6 rows)
[1040/2400] gen_n40000_rho0.6_correlated_seed9.pcf: ok (6 rows)
[1041/2400] gen_n40000_rho0.6_exact-ties_seed0.pcf: ok (6 rows)
[1042/2400] gen_n40000_rho0.6_exact-ties_seed1.pcf: ok (6 rows)
[1043/2400] gen_n40000_rho0.6_exact-ties_seed2.pcf: ok (6 rows)
[1044/2400] gen_n40000_rho0.6_exact-ties_seed3.pcf: ok (6 rows)
[1045/2400] gen_n40000_rho0.6_exact-ties_seed4.pcf: ok (6 rows)
[1046/2400] gen_n40000_rho0.6_exact-ties_seed5.pcf: ok (6 rows)
[1047/2400] gen_n40000_rho0.6_exact-ties_seed6.pcf: ok (6 rows)
[1048/2400] gen_n40000_rho0.6_exact-ties_seed7.pcf: ok (6 rows)
[1049/2400] gen_n40000_rho0.6_exact-ties_seed8.pcf: ok (6 rows)
[1050/2400] gen_n40000_rho0.6_exact-ties_seed9.pcf: ok (6 rows)
[1051/2400] gen_n40000_rho0.6_independent-positive_seed0.pcf: ok (6 rows)
[1052/2400] gen_n40000_rho0.6_independent-positive_seed1.pcf: ok (6 rows)
[1053/2400] gen_n40000_rho0.6_independent-positive_seed2.pcf: ok (6 rows)
[1054/2400] gen_n40000_rho0.6_independent-positive_seed3.pcf: ok (6 rows)
[1055/2400] gen_n40000_rho0.6_independent-positive_seed4.pcf: ok (6 rows)
[1056/2400] gen_n40000_rho0.6_independent-positive_seed5.pcf: ok (6 rows)
[1057/2400] gen_n40000_rho0.6_independent-positive_seed6.pcf: ok (6 rows)
[1058/2400] gen_n40000_rho0.6_independent-positive_seed7.pcf: ok (6 rows)
[1059/2400] gen_n40000_rho0.6_independent-positive_seed8.pcf: ok (6 rows)
[1060/2400] gen_n40000_rho0.6_independent-positive_seed9.pcf: ok (6 rows)
[1061/2400] gen_n40000_rho0.6_independent-signed_seed0.pcf: ok (6 rows)
[1062/2400] gen_n40000_rho0.6_independent-signed_seed1.pcf: ok (6 rows)
[1063/2400] gen_n40000_rho0.6_independent-signed_seed2.pcf: ok (6 rows)
[1064/2400] gen_n40000_rho0.6_independent-signed_seed3.pcf: ok (6 rows)
[1065/2400] gen_n40000_rho0.6_independent-signed_seed4.pcf: ok (6 rows)
[1066/2400] gen_n40000_rho0.6_independent-signed_seed5.pcf: ok (6 rows)
[1067/2400] gen_n40000_rho0.6_independent-signed_seed6.pcf: ok (6 rows)
[1068/2400] gen_n40000_rho0.6_independent-signed_seed7.pcf: ok (6 rows)
[1069/2400] gen_n40000_rho0.6_independent-signed_seed8.pcf: ok (6 rows)
[1070/2400] gen_n40000_rho0.6_independent-signed_seed9.pcf: ok (6 rows)
[1071/2400] gen_n40000_rho0.6_near-ties_seed0.pcf: ok (6 rows)
[1072/2400] gen_n40000_rho0.6_near-ties_seed1.pcf: ok (6 rows)
[1073/2400] gen_n40000_rho0.6_near-ties_seed2.pcf: ok (6 rows)
[1074/2400] gen_n40000_rho0.6_near-ties_seed3.pcf: ok (6 rows)
[1075/2400] gen_n40000_rho0.6_near-ties_seed4.pcf: ok (6 rows)
[1076/2400] gen_n40000_rho0.6_near-ties_seed5.pcf: ok (6 rows)
[1077/2400] gen_n40000_rho0.6_near-ties_seed6.pcf: ok (6 rows)
[1078/2400] gen_n40000_rho0.6_near-ties_seed7.pcf: ok (6 rows)
[1079/2400] gen_n40000_rho0.6_near-ties_seed8.pcf: ok (6 rows)
[1080/2400] gen_n40000_rho0.6_near-ties_seed9.pcf: ok (6 rows)
[1081/2400] gen_n40000_rho0.9_anti-correlated_seed0.pcf: ok (6 rows)
[1082/2400] gen_n40000_rho0.9_anti-correlated_seed1.pcf: ok (6 rows)
[1083/2400] gen_n40000_rho0.9_anti-correlated_seed2.pcf: ok (6 rows)
[1084/2400] gen_n40000_rho0.9_anti-correlated_seed3.pcf: ok (6 rows)
[1085/2400] gen_n40000_rho0.9_anti-correlated_seed4.pcf: ok (6 rows)
[1086/2400] gen_n40000_rho0.9_anti-correlated_seed5.pcf: ok (6 rows)
[1087/2400] gen_n40000_rho0.9_anti-correlated_seed6.pcf: ok (6 rows)
[1088/2400] gen_n40000_rho0.9_anti-correlated_seed7.pcf: ok (6 rows)
[1089/2400] gen_n40000_rho0.9_anti-correlated_seed8.pcf: ok (6 rows)
[1090/2400] gen_n40000_rho0.9_anti-correlated_seed9.pcf: ok (6 rows)
[1091/2400] gen_n40000_rho0.9_correlated_seed0.pcf: ok (6 rows)
[1092/2400] gen_n40000_rho0.9_correlated_seed1.pcf: ok (6 rows)
[1093/2400] gen_n40000_rho0.9_correlated_seed2.pcf: ok (6 rows)
[1094/2400] gen_n40000_rho0.9_correlated_seed3.pcf: ok (6 rows)
[1095/2400] gen_n40000_rho0.9_correlated_seed4.pcf: ok (6 rows)
[1096/2400] gen_n40000_rho0.9_correlated_seed5.pcf: ok (6 rows)
[1097/2400] gen_n40000_rho0.9_correlated_seed6.pcf: ok (6 rows)
[1098/2400] gen_n40000_rho0.9_correlated_seed7.pcf: ok (6 rows)
[1099/2400] gen_n40000_rho0.9_correlated_seed8.pcf: ok (6 rows)
[1100/2400] gen_n40000_rho0.9_correlated_seed9.pcf: ok (6 rows)
[1101/2400] gen_n40000_rho0.9_exact-ties_seed0.pcf: ok (6 rows)
[1102/2400] gen_n40000_rho0.9_exact-ties_seed1.pcf: ok (6 rows)
[1103/2400] gen_n40000_rho0.9_exact-ties_seed2.pcf: ok (6 rows)
[1104/2400] gen_n40000_rho0.9_exact-ties_seed3.pcf: ok (6 rows)
[1105/2400] gen_n40000_rho0.9_exact-ties_seed4.pcf: ok (6 rows)
[1106/2400] gen_n40000_rho0.9_exact-ties_seed5.pcf: ok (6 rows)
[1107/2400] gen_n40000_rho0.9_exact-ties_seed6.pcf: ok (6 rows)
[1108/2400] gen_n40000_rho0.9_exact-ties_seed7.pcf: ok (6 rows)
[1109/2400] gen_n40000_rho0.9_exact-ties_seed8.pcf: ok (6 rows)
[1110/2400] gen_n40000_rho0.9_exact-ties_seed9.pcf: ok (6 rows)
[1111/2400] gen_n40000_rho0.9_independent-positive_seed0.pcf: ok (6 rows)
[1112/2400] gen_n40000_rho0.9_independent-positive_seed1.pcf: ok (6 rows)
[1113/2400] gen_n40000_rho0.9_independent-positive_seed2.pcf: ok (6 rows)
[1114/2400] gen_n40000_rho0.9_independent-positive_seed3.pcf: ok (6 rows)
[1115/2400] gen_n40000_rho0.9_independent-positive_seed4.pcf: ok (6 rows)
[1116/2400] gen_n40000_rho0.9_independent-positive_seed5.pcf: ok (6 rows)
[1117/2400] gen_n40000_rho0.9_independent-positive_seed6.pcf: ok (6 rows)
[1118/2400] gen_n40000_rho0.9_independent-positive_seed7.pcf: ok (6 rows)
[1119/2400] gen_n40000_rho0.9_independent-positive_seed8.pcf: ok (6 rows)
[1120/2400] gen_n40000_rho0.9_independent-positive_seed9.pcf: ok (6 rows)
[1121/2400] gen_n40000_rho0.9_independent-signed_seed0.pcf: ok (6 rows)
[1122/2400] gen_n40000_rho0.9_independent-signed_seed1.pcf: ok (6 rows)
[1123/2400] gen_n40000_rho0.9_independent-signed_seed2.pcf: ok (6 rows)
[1124/2400] gen_n40000_rho0.9_independent-signed_seed3.pcf: ok (6 rows)
[1125/2400] gen_n40000_rho0.9_independent-signed_seed4.pcf: ok (6 rows)
[1126/2400] gen_n40000_rho0.9_independent-signed_seed5.pcf: ok (6 rows)
[1127/2400] gen_n40000_rho0.9_independent-signed_seed6.pcf: ok (6 rows)
[1128/2400] gen_n40000_rho0.9_independent-signed_seed7.pcf: ok (6 rows)
[1129/2400] gen_n40000_rho0.9_independent-signed_seed8.pcf: ok (6 rows)
[1130/2400] gen_n40000_rho0.9_independent-signed_seed9.pcf: ok (6 rows)
[1131/2400] gen_n40000_rho0.9_near-ties_seed0.pcf: ok (6 rows)
[1132/2400] gen_n40000_rho0.9_near-ties_seed1.pcf: ok (6 rows)
[1133/2400] gen_n40000_rho0.9_near-ties_seed2.pcf: ok (6 rows)
[1134/2400] gen_n40000_rho0.9_near-ties_seed3.pcf: ok (6 rows)
[1135/2400] gen_n40000_rho0.9_near-ties_seed4.pcf: ok (6 rows)
[1136/2400] gen_n40000_rho0.9_near-ties_seed5.pcf: ok (6 rows)
[1137/2400] gen_n40000_rho0.9_near-ties_seed6.pcf: ok (6 rows)
[1138/2400] gen_n40000_rho0.9_near-ties_seed7.pcf: ok (6 rows)
[1139/2400] gen_n40000_rho0.9_near-ties_seed8.pcf: ok (6 rows)
[1140/2400] gen_n40000_rho0.9_near-ties_seed9.pcf: ok (6 rows)
[1141/2400] gen_n40000_rho1.0_anti-correlated_seed0.pcf: ok (6 rows)
[1142/2400] gen_n40000_rho1.0_anti-correlated_seed1.pcf: ok (6 rows)
[1143/2400] gen_n40000_rho1.0_anti-correlated_seed2.pcf: ok (6 rows)
[1144/2400] gen_n40000_rho1.0_anti-correlated_seed3.pcf: ok (6 rows)
[1145/2400] gen_n40000_rho1.0_anti-correlated_seed4.pcf: ok (6 rows)
[1146/2400] gen_n40000_rho1.0_anti-correlated_seed5.pcf: ok (6 rows)
[1147/2400] gen_n40000_rho1.0_anti-correlated_seed6.pcf: ok (6 rows)
[1148/2400] gen_n40000_rho1.0_anti-correlated_seed7.pcf: ok (6 rows)
[1149/2400] gen_n40000_rho1.0_anti-correlated_seed8.pcf: ok (6 rows)
[1150/2400] gen_n40000_rho1.0_anti-correlated_seed9.pcf: ok (6 rows)
[1151/2400] gen_n40000_rho1.0_correlated_seed0.pcf: ok (6 rows)
[1152/2400] gen_n40000_rho1.0_correlated_seed1.pcf: ok (6 rows)
[1153/2400] gen_n40000_rho1.0_correlated_seed2.pcf: ok (6 rows)
[1154/2400] gen_n40000_rho1.0_correlated_seed3.pcf: ok (6 rows)
[1155/2400] gen_n40000_rho1.0_correlated_seed4.pcf: ok (6 rows)
[1156/2400] gen_n40000_rho1.0_correlated_seed5.pcf: ok (6 rows)
[1157/2400] gen_n40000_rho1.0_correlated_seed6.pcf: ok (6 rows)
[1158/2400] gen_n40000_rho1.0_correlated_seed7.pcf: ok (6 rows)
[1159/2400] gen_n40000_rho1.0_correlated_seed8.pcf: ok (6 rows)
[1160/2400] gen_n40000_rho1.0_correlated_seed9.pcf: ok (6 rows)
[1161/2400] gen_n40000_rho1.0_exact-ties_seed0.pcf: ok (6 rows)
[1162/2400] gen_n40000_rho1.0_exact-ties_seed1.pcf: ok (6 rows)
[1163/2400] gen_n40000_rho1.0_exact-ties_seed2.pcf: ok (6 rows)
[1164/2400] gen_n40000_rho1.0_exact-ties_seed3.pcf: ok (6 rows)
[1165/2400] gen_n40000_rho1.0_exact-ties_seed4.pcf: ok (6 rows)
[1166/2400] gen_n40000_rho1.0_exact-ties_seed5.pcf: ok (6 rows)
[1167/2400] gen_n40000_rho1.0_exact-ties_seed6.pcf: ok (6 rows)
[1168/2400] gen_n40000_rho1.0_exact-ties_seed7.pcf: ok (6 rows)
[1169/2400] gen_n40000_rho1.0_exact-ties_seed8.pcf: ok (6 rows)
[1170/2400] gen_n40000_rho1.0_exact-ties_seed9.pcf: ok (6 rows)
[1171/2400] gen_n40000_rho1.0_independent-positive_seed0.pcf: ok (6 rows)
[1172/2400] gen_n40000_rho1.0_independent-positive_seed1.pcf: ok (6 rows)
[1173/2400] gen_n40000_rho1.0_independent-positive_seed2.pcf: ok (6 rows)
[1174/2400] gen_n40000_rho1.0_independent-positive_seed3.pcf: ok (6 rows)
[1175/2400] gen_n40000_rho1.0_independent-positive_seed4.pcf: ok (6 rows)
[1176/2400] gen_n40000_rho1.0_independent-positive_seed5.pcf: ok (6 rows)
[1177/2400] gen_n40000_rho1.0_independent-positive_seed6.pcf: ok (6 rows)
[1178/2400] gen_n40000_rho1.0_independent-positive_seed7.pcf: ok (6 rows)
[1179/2400] gen_n40000_rho1.0_independent-positive_seed8.pcf: ok (6 rows)
[1180/2400] gen_n40000_rho1.0_independent-positive_seed9.pcf: ok (6 rows)
[1181/2400] gen_n40000_rho1.0_independent-signed_seed0.pcf: ok (6 rows)
[1182/2400] gen_n40000_rho1.0_independent-signed_seed1.pcf: ok (6 rows)
[1183/2400] gen_n40000_rho1.0_independent-signed_seed2.pcf: ok (6 rows)
[1184/2400] gen_n40000_rho1.0_independent-signed_seed3.pcf: ok (6 rows)
[1185/2400] gen_n40000_rho1.0_independent-signed_seed4.pcf: ok (6 rows)
[1186/2400] gen_n40000_rho1.0_independent-signed_seed5.pcf: ok (6 rows)
[1187/2400] gen_n40000_rho1.0_independent-signed_seed6.pcf: ok (6 rows)
[1188/2400] gen_n40000_rho1.0_independent-signed_seed7.pcf: ok (6 rows)
[1189/2400] gen_n40000_rho1.0_independent-signed_seed8.pcf: ok (6 rows)
[1190/2400] gen_n40000_rho1.0_independent-signed_seed9.pcf: ok (6 rows)
[1191/2400] gen_n40000_rho1.0_near-ties_seed0.pcf: ok (6 rows)
[1192/2400] gen_n40000_rho1.0_near-ties_seed1.pcf: ok (6 rows)
[1193/2400] gen_n40000_rho1.0_near-ties_seed2.pcf: ok (6 rows)
[1194/2400] gen_n40000_rho1.0_near-ties_seed3.pcf: ok (6 rows)
[1195/2400] gen_n40000_rho1.0_near-ties_seed4.pcf: ok (6 rows)
[1196/2400] gen_n40000_rho1.0_near-ties_seed5.pcf: ok (6 rows)
[1197/2400] gen_n40000_rho1.0_near-ties_seed6.pcf: ok (6 rows)
[1198/2400] gen_n40000_rho1.0_near-ties_seed7.pcf: ok (6 rows)
[1199/2400] gen_n40000_rho1.0_near-ties_seed8.pcf: ok (6 rows)
[1200/2400] gen_n40000_rho1.0_near-ties_seed9.pcf: ok (6 rows)
[1201/2400] gen_n50000_rho0.3_anti-correlated_seed0.pcf: ok (6 rows)
[1202/2400] gen_n50000_rho0.3_anti-correlated_seed1.pcf: ok (6 rows)
[1203/2400] gen_n50000_rho0.3_anti-correlated_seed2.pcf: ok (6 rows)
[1204/2400] gen_n50000_rho0.3_anti-correlated_seed3.pcf: ok (6 rows)
[1205/2400] gen_n50000_rho0.3_anti-correlated_seed4.pcf: ok (6 rows)
[1206/2400] gen_n50000_rho0.3_anti-correlated_seed5.pcf: ok (6 rows)
[1207/2400] gen_n50000_rho0.3_anti-correlated_seed6.pcf: ok (6 rows)
[1208/2400] gen_n50000_rho0.3_anti-correlated_seed7.pcf: ok (6 rows)
[1209/2400] gen_n50000_rho0.3_anti-correlated_seed8.pcf: ok (6 rows)
[1210/2400] gen_n50000_rho0.3_anti-correlated_seed9.pcf: ok (6 rows)
[1211/2400] gen_n50000_rho0.3_correlated_seed0.pcf: ok (6 rows)
[1212/2400] gen_n50000_rho0.3_correlated_seed1.pcf: ok (6 rows)
[1213/2400] gen_n50000_rho0.3_correlated_seed2.pcf: ok (6 rows)
[1214/2400] gen_n50000_rho0.3_correlated_seed3.pcf: ok (6 rows)
[1215/2400] gen_n50000_rho0.3_correlated_seed4.pcf: ok (6 rows)
[1216/2400] gen_n50000_rho0.3_correlated_seed5.pcf: ok (6 rows)
[1217/2400] gen_n50000_rho0.3_correlated_seed6.pcf: ok (6 rows)
[1218/2400] gen_n50000_rho0.3_correlated_seed7.pcf: ok (6 rows)
[1219/2400] gen_n50000_rho0.3_correlated_seed8.pcf: ok (6 rows)
[1220/2400] gen_n50000_rho0.3_correlated_seed9.pcf: ok (6 rows)
[1221/2400] gen_n50000_rho0.3_exact-ties_seed0.pcf: ok (6 rows)
[1222/2400] gen_n50000_rho0.3_exact-ties_seed1.pcf: ok (6 rows)
[1223/2400] gen_n50000_rho0.3_exact-ties_seed2.pcf: ok (6 rows)
[1224/2400] gen_n50000_rho0.3_exact-ties_seed3.pcf: ok (6 rows)
[1225/2400] gen_n50000_rho0.3_exact-ties_seed4.pcf: ok (6 rows)
[1226/2400] gen_n50000_rho0.3_exact-ties_seed5.pcf: ok (6 rows)
[1227/2400] gen_n50000_rho0.3_exact-ties_seed6.pcf: ok (6 rows)
[1228/2400] gen_n50000_rho0.3_exact-ties_seed7.pcf: ok (6 rows)
[1229/2400] gen_n50000_rho0.3_exact-ties_seed8.pcf: ok (6 rows)
[1230/2400] gen_n50000_rho0.3_exact-ties_seed9.pcf: ok (6 rows)
[1231/2400] gen_n50000_rho0.3_independent-positive_seed0.pcf: ok (6 rows)
[1232/2400] gen_n50000_rho0.3_independent-positive_seed1.pcf: ok (6 rows)
[1233/2400] gen_n50000_rho0.3_independent-positive_seed2.pcf: ok (6 rows)
[1234/2400] gen_n50000_rho0.3_independent-positive_seed3.pcf: ok (6 rows)
[1235/2400] gen_n50000_rho0.3_independent-positive_seed4.pcf: ok (6 rows)
[1236/2400] gen_n50000_rho0.3_independent-positive_seed5.pcf: ok (6 rows)
[1237/2400] gen_n50000_rho0.3_independent-positive_seed6.pcf: ok (6 rows)
[1238/2400] gen_n50000_rho0.3_independent-positive_seed7.pcf: ok (6 rows)
[1239/2400] gen_n50000_rho0.3_independent-positive_seed8.pcf: ok (6 rows)
[1240/2400] gen_n50000_rho0.3_independent-positive_seed9.pcf: ok (6 rows)
[1241/2400] gen_n50000_rho0.3_independent-signed_seed0.pcf: ok (6 rows)
[1242/2400] gen_n50000_rho0.3_independent-signed_seed1.pcf: ok (6 rows)
[1243/2400] gen_n50000_rho0.3_independent-signed_seed2.pcf: ok (6 rows)
[1244/2400] gen_n50000_rho0.3_independent-signed_seed3.pcf: ok (6 rows)
[1245/2400] gen_n50000_rho0.3_independent-signed_seed4.pcf: ok (6 rows)
[1246/2400] gen_n50000_rho0.3_independent-signed_seed5.pcf: ok (6 rows)
[1247/2400] gen_n50000_rho0.3_independent-signed_seed6.pcf: ok (6 rows)
[1248/2400] gen_n50000_rho0.3_independent-signed_seed7.pcf: ok (6 rows)
[1249/2400] gen_n50000_rho0.3_independent-signed_seed8.pcf: ok (6 rows)
[1250/2400] gen_n50000_rho0.3_independent-signed_seed9.pcf: ok (6 rows)
[1251/2400] gen_n50000_rho0.3_near-ties_seed0.pcf: ok (6 rows)
[1252/2400] gen_n50000_rho0.3_near-ties_seed1.pcf: ok (6 rows)
[1253/2400] gen_n50000_rho0.3_near-ties_seed2.pcf: ok (6 rows)
[1254/2400] gen_n50000_rho0.3_near-ties_seed3.pcf: ok (6 rows)
[1255/2400] gen_n50000_rho0.3_near-ties_seed4.pcf: ok (6 rows)
[1256/2400] gen_n50000_rho0.3_near-ties_seed5.pcf: ok (6 rows)
[1257/2400] gen_n50000_rho0.3_near-ties_seed6.pcf: ok (6 rows)
[1258/2400] gen_n50000_rho0.3_near-ties_seed7.pcf: ok (6 rows)
[1259/2400] gen_n50000_rho0.3_near-ties_seed8.pcf: ok (6 rows)
[1260/2400] gen_n50000_rho0.3_near-ties_seed9.pcf: ok (6 rows)
[1261/2400] gen_n50000_rho0.6_anti-correlated_seed0.pcf: ok (6 rows)
[1262/2400] gen_n50000_rho0.6_anti-correlated_seed1.pcf: ok (6 rows)
[1263/2400] gen_n50000_rho0.6_anti-correlated_seed2.pcf: ok (6 rows)
[1264/2400] gen_n50000_rho0.6_anti-correlated_seed3.pcf: ok (6 rows)
[1265/2400] gen_n50000_rho0.6_anti-correlated_seed4.pcf: ok (6 rows)
[1266/2400] gen_n50000_rho0.6_anti-correlated_seed5.pcf: ok (6 rows)
[1267/2400] gen_n50000_rho0.6_anti-correlated_seed6.pcf: ok (6 rows)
[1268/2400] gen_n50000_rho0.6_anti-correlated_seed7.pcf: ok (6 rows)
[1269/2400] gen_n50000_rho0.6_anti-correlated_seed8.pcf: ok (6 rows)
[1270/2400] gen_n50000_rho0.6_anti-correlated_seed9.pcf: ok (6 rows)
[1271/2400] gen_n50000_rho0.6_correlated_seed0.pcf: ok (6 rows)
[1272/2400] gen_n50000_rho0.6_correlated_seed1.pcf: ok (6 rows)
[1273/2400] gen_n50000_rho0.6_correlated_seed2.pcf: ok (6 rows)
[1274/2400] gen_n50000_rho0.6_correlated_seed3.pcf: ok (6 rows)
[1275/2400] gen_n50000_rho0.6_correlated_seed4.pcf: ok (6 rows)
[1276/2400] gen_n50000_rho0.6_correlated_seed5.pcf: ok (6 rows)
[1277/2400] gen_n50000_rho0.6_correlated_seed6.pcf: ok (6 rows)
[1278/2400] gen_n50000_rho0.6_correlated_seed7.pcf: ok (6 rows)
[1279/2400] gen_n50000_rho0.6_correlated_seed8.pcf: ok (6 rows)
[1280/2400] gen_n50000_rho0.6_correlated_seed9.pcf: ok (6 rows)
[1281/2400] gen_n50000_rho0.6_exact-ties_seed0.pcf: ok (6 rows)
[1282/2400] gen_n50000_rho0.6_exact-ties_seed1.pcf: ok (6 rows)
[1283/2400] gen_n50000_rho0.6_exact-ties_seed2.pcf: ok (6 rows)
[1284/2400] gen_n50000_rho0.6_exact-ties_seed3.pcf: ok (6 rows)
[1285/2400] gen_n50000_rho0.6_exact-ties_seed4.pcf: ok (6 rows)
[1286/2400] gen_n50000_rho0.6_exact-ties_seed5.pcf: ok (6 rows)
[1287/2400] gen_n50000_rho0.6_exact-ties_seed6.pcf: ok (6 rows)
[1288/2400] gen_n50000_rho0.6_exact-ties_seed7.pcf: ok (6 rows)
[1289/2400] gen_n50000_rho0.6_exact-ties_seed8.pcf: ok (6 rows)
[1290/2400] gen_n50000_rho0.6_exact-ties_seed9.pcf: ok (6 rows)
[1291/2400] gen_n50000_rho0.6_independent-positive_seed0.pcf: ok (6 rows)
[1292/2400] gen_n50000_rho0.6_independent-positive_seed1.pcf: ok (6 rows)
[1293/2400] gen_n50000_rho0.6_independent-positive_seed2.pcf: ok (6 rows)
[1294/2400] gen_n50000_rho0.6_independent-positive_seed3.pcf: ok (6 rows)
[1295/2400] gen_n50000_rho0.6_independent-positive_seed4.pcf: ok (6 rows)
[1296/2400] gen_n50000_rho0.6_independent-positive_seed5.pcf: ok (6 rows)
[1297/2400] gen_n50000_rho0.6_independent-positive_seed6.pcf: ok (6 rows)
[1298/2400] gen_n50000_rho0.6_independent-positive_seed7.pcf: ok (6 rows)
[1299/2400] gen_n50000_rho0.6_independent-positive_seed8.pcf: ok (6 rows)
[1300/2400] gen_n50000_rho0.6_independent-positive_seed9.pcf: ok (6 rows)
[1301/2400] gen_n50000_rho0.6_independent-signed_seed0.pcf: ok (6 rows)
[1302/2400] gen_n50000_rho0.6_independent-signed_seed1.pcf: ok (6 rows)
[1303/2400] gen_n50000_rho0.6_independent-signed_seed2.pcf: ok (6 rows)
[1304/2400] gen_n50000_rho0.6_independent-signed_seed3.pcf: ok (6 rows)
[1305/2400] gen_n50000_rho0.6_independent-signed_seed4.pcf: ok (6 rows)
[1306/2400] gen_n50000_rho0.6_independent-signed_seed5.pcf: ok (6 rows)
[1307/2400] gen_n50000_rho0.6_independent-signed_seed6.pcf: ok (6 rows)
[1308/2400] gen_n50000_rho0.6_independent-signed_seed7.pcf: ok (6 rows)
[1309/2400] gen_n50000_rho0.6_independent-signed_seed8.pcf: ok (6 rows)
[1310/2400] gen_n50000_rho0.6_independent-signed_seed9.pcf: ok (6 rows)
[1311/2400] gen_n50000_rho0.6_near-ties_seed0.pcf: ok (6 rows)
[1312/2400] gen_n50000_rho0.6_near-ties_seed1.pcf: ok (6 rows)
[1313/2400] gen_n50000_rho0.6_near-ties_seed2.pcf: ok (6 rows)
[1314/2400] gen_n50000_rho0.6_near-ties_seed3.pcf: ok (6 rows)
[1315/2400] gen_n50000_rho0.6_near-ties_seed4.pcf: ok (6 rows)
[1316/2400] gen_n50000_rho0.6_near-ties_seed5.pcf: ok (6 rows)
[1317/2400] gen_n50000_rho0.6_near-ties_seed6.pcf: ok (6 rows)
[1318/2400] gen_n50000_rho0.6_near-ties_seed7.pcf: ok (6 rows)
[1319/2400] gen_n50000_rho0.6_near-ties_seed8.pcf: ok (6 rows)
[1320/2400] gen_n50000_rho0.6_near-ties_seed9.pcf: ok (6 rows)
[1321/2400] gen_n50000_rho0.9_anti-correlated_seed0.pcf: ok (6 rows)
[1322/2400] gen_n50000_rho0.9_anti-correlated_seed1.pcf: ok (6 rows)
[1323/2400] gen_n50000_rho0.9_anti-correlated_seed2.pcf: ok (6 rows)
[1324/2400] gen_n50000_rho0.9_anti-correlated_seed3.pcf: ok (6 rows)
[1325/2400] gen_n50000_rho0.9_anti-correlated_seed4.pcf: ok (6 rows)
[1326/2400] gen_n50000_rho0.9_anti-correlated_seed5.pcf: ok (6 rows)
[1327/2400] gen_n50000_rho0.9_anti-correlated_seed6.pcf: ok (6 rows)
[1328/2400] gen_n50000_rho0.9_anti-correlated_seed7.pcf: ok (6 rows)
[1329/2400] gen_n50000_rho0.9_anti-correlated_seed8.pcf: ok (6 rows)
[1330/2400] gen_n50000_rho0.9_anti-correlated_seed9.pcf: ok (6 rows)
[1331/2400] gen_n50000_rho0.9_correlated_seed0.pcf: ok (6 rows)
[1332/2400] gen_n50000_rho0.9_correlated_seed1.pcf: ok (6 rows)
[1333/2400] gen_n50000_rho0.9_correlated_seed2.pcf: ok (6 rows)
[1334/2400] gen_n50000_rho0.9_correlated_seed3.pcf: ok (6 rows)
[1335/2400] gen_n50000_rho0.9_correlated_seed4.pcf: ok (6 rows)
[1336/2400] gen_n50000_rho0.9_correlated_seed5.pcf: ok (6 rows)
[1337/2400] gen_n50000_rho0.9_correlated_seed6.pcf: ok (6 rows)
[1338/2400] gen_n50000_rho0.9_correlated_seed7.pcf: ok (6 rows)
[1339/2400] gen_n50000_rho0.9_correlated_seed8.pcf: ok (6 rows)
[1340/2400] gen_n50000_rho0.9_correlated_seed9.pcf: ok (6 rows)
[1341/2400] gen_n50000_rho0.9_exact-ties_seed0.pcf: ok (6 rows)
[1342/2400] gen_n50000_rho0.9_exact-ties_seed1.pcf: ok (6 rows)
[1343/2400] gen_n50000_rho0.9_exact-ties_seed2.pcf: ok (6 rows)
[1344/2400] gen_n50000_rho0.9_exact-ties_seed3.pcf: ok (6 rows)
[1345/2400] gen_n50000_rho0.9_exact-ties_seed4.pcf: ok (6 rows)
[1346/2400] gen_n50000_rho0.9_exact-ties_seed5.pcf: ok (6 rows)
[1347/2400] gen_n50000_rho0.9_exact-ties_seed6.pcf: ok (6 rows)
[1348/2400] gen_n50000_rho0.9_exact-ties_seed7.pcf: ok (6 rows)
[1349/2400] gen_n50000_rho0.9_exact-ties_seed8.pcf: ok (6 rows)
[1350/2400] gen_n50000_rho0.9_exact-ties_seed9.pcf: ok (6 rows)
[1351/2400] gen_n50000_rho0.9_independent-positive_seed0.pcf: ok (6 rows)
[1352/2400] gen_n50000_rho0.9_independent-positive_seed1.pcf: ok (6 rows)
[1353/2400] gen_n50000_rho0.9_independent-positive_seed2.pcf: ok (6 rows)
[1354/2400] gen_n50000_rho0.9_independent-positive_seed3.pcf: ok (6 rows)
[1355/2400] gen_n50000_rho0.9_independent-positive_seed4.pcf: ok (6 rows)
[1356/2400] gen_n50000_rho0.9_independent-positive_seed5.pcf: ok (6 rows)
[1357/2400] gen_n50000_rho0.9_independent-positive_seed6.pcf: ok (6 rows)
[1358/2400] gen_n50000_rho0.9_independent-positive_seed7.pcf: ok (6 rows)
[1359/2400] gen_n50000_rho0.9_independent-positive_seed8.pcf: ok (6 rows)
[1360/2400] gen_n50000_rho0.9_independent-positive_seed9.pcf: ok (6 rows)
[1361/2400] gen_n50000_rho0.9_independent-signed_seed0.pcf: ok (6 rows)
[1362/2400] gen_n50000_rho0.9_independent-signed_seed1.pcf: ok (6 rows)
[1363/2400] gen_n50000_rho0.9_independent-signed_seed2.pcf: ok (6 rows)
[1364/2400] gen_n50000_rho0.9_independent-signed_seed3.pcf: ok (6 rows)
[1365/2400] gen_n50000_rho0.9_independent-signed_seed4.pcf: ok (6 rows)
[1366/2400] gen_n50000_rho0.9_independent-signed_seed5.pcf: ok (6 rows)
[1367/2400] gen_n50000_rho0.9_independent-signed_seed6.pcf: ok (6 rows)
[1368/2400] gen_n50000_rho0.9_independent-signed_seed7.pcf: ok (6 rows)
[1369/2400] gen_n50000_rho0.9_independent-signed_seed8.pcf: ok (6 rows)
[1370/2400] gen_n50000_rho0.9_independent-signed_seed9.pcf: ok (6 rows)
[1371/2400] gen_n50000_rho0.9_near-ties_seed0.pcf: ok (6 rows)
[1372/2400] gen_n50000_rho0.9_near-ties_seed1.pcf: ok (6 rows)
[1373/2400] gen_n50000_rho0.9_near-ties_seed2.pcf: ok (6 rows)
[1374/2400] gen_n50000_rho0.9_near-ties_seed3.pcf: ok (6 rows)
[1375/2400] gen_n50000_rho0.9_near-ties_seed4.pcf: ok (6 rows)
[1376/2400] gen_n50000_rho0.9_near-ties_seed5.pcf: ok (6 rows)
[1377/2400] gen_n50000_rho0.9_near-ties_seed6.pcf: ok (6 rows)
[1378/2400] gen_n50000_rho0.9_near-ties_seed7.pcf: ok (6 rows)
[1379/2400] gen_n50000_rho0.9_near-ties_seed8.pcf: ok (6 rows)
[1380/2400] gen_n50000_rho0.9_near-ties_seed9.pcf: ok (6 rows)
[1381/2400] gen_n50000_rho1.0_anti-correlated_seed0.pcf: ok (6 rows)
[1382/2400] gen_n50000_rho1.0_anti-correlated_seed1.pcf: ok (6 rows)
[1383/2400] gen_n50000_rho1.0_anti-correlated_seed2.pcf: ok (6 rows)
[1384/2400] gen_n50000_rho1.0_anti-correlated_seed3.pcf: ok (6 rows)
[1385/2400] gen_n50000_rho1.0_anti-correlated_seed4.pcf: ok (6 rows)
[1386/2400] gen_n50000_rho1.0_anti-correlated_seed5.pcf: ok (6 rows)
[1387/2400] gen_n50000_rho1.0_anti-correlated_seed6.pcf: ok (6 rows)
[1388/2400] gen_n50000_rho1.0_anti-correlated_seed7.pcf: ok (6 rows)
[1389/2400] gen_n50000_rho1.0_anti-correlated_seed8.pcf: ok (6 rows)
[1390/2400] gen_n50000_rho1.0_anti-correlated_seed9.pcf: ok (6 rows)
[1391/2400] gen_n50000_rho1.0_correlated_seed0.pcf: ok (6 rows)
[1392/2400] gen_n50000_rho1.0_correlated_seed1.pcf: ok (6 rows)
[1393/2400] gen_n50000_rho1.0_correlated_seed2.pcf: ok (6 rows)
[1394/2400] gen_n50000_rho1.0_correlated_seed3.pcf: ok (6 rows)
[1395/2400] gen_n50000_rho1.0_correlated_seed4.pcf: ok (6 rows)
[1396/2400] gen_n50000_rho1.0_correlated_seed5.pcf: ok (6 rows)
[1397/2400] gen_n50000_rho1.0_correlated_seed6.pcf: ok (6 rows)
[1398/2400] gen_n50000_rho1.0_correlated_seed7.pcf: ok (6 rows)
[1399/2400] gen_n50000_rho1.0_correlated_seed8.pcf: ok (6 rows)
[1400/2400] gen_n50000_rho1.0_correlated_seed9.pcf: ok (6 rows)
[1401/2400] gen_n50000_rho1.0_exact-ties_seed0.pcf: ok (6 rows)
[1402/2400] gen_n50000_rho1.0_exact-ties_seed1.pcf: ok (6 rows)
[1403/2400] gen_n50000_rho1.0_exact-ties_seed2.pcf: ok (6 rows)
[1404/2400] gen_n50000_rho1.0_exact-ties_seed3.pcf: ok (6 rows)
[1405/2400] gen_n50000_rho1.0_exact-ties_seed4.pcf: ok (6 rows)
[1406/2400] gen_n50000_rho1.0_exact-ties_seed5.pcf: ok (6 rows)
[1407/2400] gen_n50000_rho1.0_exact-ties_seed6.pcf: ok (6 rows)
[1408/2400] gen_n50000_rho1.0_exact-ties_seed7.pcf: ok (6 rows)
[1409/2400] gen_n50000_rho1.0_exact-ties_seed8.pcf: ok (6 rows)
[1410/2400] gen_n50000_rho1.0_exact-ties_seed9.pcf: ok (6 rows)
[1411/2400] gen_n50000_rho1.0_independent-positive_seed0.pcf: ok (6 rows)
[1412/2400] gen_n50000_rho1.0_independent-positive_seed1.pcf: ok (6 rows)
[1413/2400] gen_n50000_rho1.0_independent-positive_seed2.pcf: ok (6 rows)
[1414/2400] gen_n50000_rho1.0_independent-positive_seed3.pcf: ok (6 rows)
[1415/2400] gen_n50000_rho1.0_independent-positive_seed4.pcf: ok (6 rows)
[1416/2400] gen_n50000_rho1.0_independent-positive_seed5.pcf: ok (6 rows)
[1417/2400] gen_n50000_rho1.0_independent-positive_seed6.pcf: ok (6 rows)
[1418/2400] gen_n50000_rho1.0_independent-positive_seed7.pcf: ok (6 rows)
[1419/2400] gen_n50000_rho1.0_independent-positive_seed8.pcf: ok (6 rows)
[1420/2400] gen_n50000_rho1.0_independent-positive_seed9.pcf: ok (6 rows)
[1421/2400] gen_n50000_rho1.0_independent-signed_seed0.pcf: ok (6 rows)
[1422/2400] gen_n50000_rho1.0_independent-signed_seed1.pcf: ok (6 rows)
[1423/2400] gen_n50000_rho1.0_independent-signed_seed2.pcf: ok (6 rows)
[1424/2400] gen_n50000_rho1.0_independent-signed_seed3.pcf: ok (6 rows)
[1425/2400] gen_n50000_rho1.0_independent-signed_seed4.pcf: ok (6 rows)
[1426/2400] gen_n50000_rho1.0_independent-signed_seed5.pcf: ok (6 rows)
[1427/2400] gen_n50000_rho1.0_independent-signed_seed6.pcf: ok (6 rows)
[1428/2400] gen_n50000_rho1.0_independent-signed_seed7.pcf: ok (6 rows)
[1429/2400] gen_n50000_rho1.0_independent-signed_seed8.pcf: ok (6 rows)
[1430/2400] gen_n50000_rho1.0_independent-signed_seed9.pcf: ok (6 rows)
[1431/2400] gen_n50000_rho1.0_near-ties_seed0.pcf: ok (6 rows)
[1432/2400] gen_n50000_rho1.0_near-ties_seed1.pcf: ok (6 rows)
[1433/2400] gen_n50000_rho1.0_near-ties_seed2.pcf: ok (6 rows)
[1434/2400] gen_n50000_rho1.0_near-ties_seed3.pcf: ok (6 rows)
[1435/2400] gen_n50000_rho1.0_near-ties_seed4.pcf: ok (6 rows)
[1436/2400] gen_n50000_rho1.0_near-ties_seed5.pcf: ok (6 rows)
[1437/2400] gen_n50000_rho1.0_near-ties_seed6.pcf: ok (6 rows)
[1438/2400] gen_n50000_rho1.0_near-ties_seed7.pcf: ok (6 rows)
[1439/2400] gen_n50000_rho1.0_near-ties_seed8.pcf: ok (6 rows)
[1440/2400] gen_n50000_rho1.0_near-ties_seed9.pcf: ok (6 rows)
[1441/2400] gen_n60000_rho0.3_anti-correlated_seed0.pcf: ok (6 rows)
[1442/2400] gen_n60000_rho0.3_anti-correlated_seed1.pcf: ok (6 rows)
[1443/2400] gen_n60000_rho0.3_anti-correlated_seed2.pcf: ok (6 rows)
[1444/2400] gen_n60000_rho0.3_anti-correlated_seed3.pcf: ok (6 rows)
[1445/2400] gen_n60000_rho0.3_anti-correlated_seed4.pcf: ok (6 rows)
[1446/2400] gen_n60000_rho0.3_anti-correlated_seed5.pcf: ok (6 rows)
[1447/2400] gen_n60000_rho0.3_anti-correlated_seed6.pcf: ok (6 rows)
[1448/2400] gen_n60000_rho0.3_anti-correlated_seed7.pcf: ok (6 rows)
[1449/2400] gen_n60000_rho0.3_anti-correlated_seed8.pcf: ok (6 rows)
[1450/2400] gen_n60000_rho0.3_anti-correlated_seed9.pcf: ok (6 rows)
[1451/2400] gen_n60000_rho0.3_correlated_seed0.pcf: ok (6 rows)
[1452/2400] gen_n60000_rho0.3_correlated_seed1.pcf: ok (6 rows)
[1453/2400] gen_n60000_rho0.3_correlated_seed2.pcf: ok (6 rows)
[1454/2400] gen_n60000_rho0.3_correlated_seed3.pcf: ok (6 rows)
[1455/2400] gen_n60000_rho0.3_correlated_seed4.pcf: ok (6 rows)
[1456/2400] gen_n60000_rho0.3_correlated_seed5.pcf: ok (6 rows)
[1457/2400] gen_n60000_rho0.3_correlated_seed6.pcf: ok (6 rows)
[1458/2400] gen_n60000_rho0.3_correlated_seed7.pcf: ok (6 rows)
[1459/2400] gen_n60000_rho0.3_correlated_seed8.pcf: ok (6 rows)
[1460/2400] gen_n60000_rho0.3_correlated_seed9.pcf: ok (6 rows)
[1461/2400] gen_n60000_rho0.3_exact-ties_seed0.pcf: ok (6 rows)
[1462/2400] gen_n60000_rho0.3_exact-ties_seed1.pcf: ok (6 rows)
[1463/2400] gen_n60000_rho0.3_exact-ties_seed2.pcf: ok (6 rows)
[1464/2400] gen_n60000_rho0.3_exact-ties_seed3.pcf: ok (6 rows)
[1465/2400] gen_n60000_rho0.3_exact-ties_seed4.pcf: ok (6 rows)
[1466/2400] gen_n60000_rho0.3_exact-ties_seed5.pcf: ok (6 rows)
[1467/2400] gen_n60000_rho0.3_exact-ties_seed6.pcf: ok (6 rows)
[1468/2400] gen_n60000_rho0.3_exact-ties_seed7.pcf: ok (6 rows)
[1469/2400] gen_n60000_rho0.3_exact-ties_seed8.pcf: ok (6 rows)
[1470/2400] gen_n60000_rho0.3_exact-ties_seed9.pcf: ok (6 rows)
[1471/2400] gen_n60000_rho0.3_independent-positive_seed0.pcf: ok (6 rows)
[1472/2400] gen_n60000_rho0.3_independent-positive_seed1.pcf: ok (6 rows)
[1473/2400] gen_n60000_rho0.3_independent-positive_seed2.pcf: ok (6 rows)
[1474/2400] gen_n60000_rho0.3_independent-positive_seed3.pcf: ok (6 rows)
[1475/2400] gen_n60000_rho0.3_independent-positive_seed4.pcf: ok (6 rows)
[1476/2400] gen_n60000_rho0.3_independent-positive_seed5.pcf: ok (6 rows)
[1477/2400] gen_n60000_rho0.3_independent-positive_seed6.pcf: ok (6 rows)
[1478/2400] gen_n60000_rho0.3_independent-positive_seed7.pcf: ok (6 rows)
[1479/2400] gen_n60000_rho0.3_independent-positive_seed8.pcf: ok (6 rows)
[1480/2400] gen_n60000_rho0.3_independent-positive_seed9.pcf: ok (6 rows)
[1481/2400] gen_n60000_rho0.3_independent-signed_seed0.pcf: ok (6 rows)
[1482/2400] gen_n60000_rho0.3_independent-signed_seed1.pcf: ok (6 rows)
[1483/2400] gen_n60000_rho0.3_independent-signed_seed2.pcf: ok (6 rows)
[1484/2400] gen_n60000_rho0.3_independent-signed_seed3.pcf: ok (6 rows)
[1485/2400] gen_n60000_rho0.3_independent-signed_seed4.pcf: ok (6 rows)
[1486/2400] gen_n60000_rho0.3_independent-signed_seed5.pcf: ok (6 rows)
[1487/2400] gen_n60000_rho0.3_independent-signed_seed6.pcf: ok (6 rows)
[1488/2400] gen_n60000_rho0.3_independent-signed_seed7.pcf: ok (6 rows)
[1489/2400] gen_n60000_rho0.3_independent-signed_seed8.pcf: ok (6 rows)
[1490/2400] gen_n60000_rho0.3_independent-signed_seed9.pcf: ok (6 rows)
[1491/2400] gen_n60000_rho0.3_near-ties_seed0.pcf: ok (6 rows)
[1492/2400] gen_n60000_rho0.3_near-ties_seed1.pcf: ok (6 rows)
[1493/2400] gen_n60000_rho0.3_near-ties_seed2.pcf: ok (6 rows)
[1494/2400] gen_n60000_rho0.3_near-ties_seed3.pcf: ok (6 rows)
[1495/2400] gen_n60000_rho0.3_near-ties_seed4.pcf: ok (6 rows)
[1496/2400] gen_n60000_rho0.3_near-ties_seed5.pcf: ok (6 rows)
[1497/2400] gen_n60000_rho0.3_near-ties_seed6.pcf: ok (6 rows)
[1498/2400] gen_n60000_rho0.3_near-ties_seed7.pcf: ok (6 rows)
[1499/2400] gen_n60000_rho0.3_near-ties_seed8.pcf: ok (6 rows)
[1500/2400] gen_n60000_rho0.3_near-ties_seed9.pcf: ok (6 rows)
[1501/2400] gen_n60000_rho0.6_anti-correlated_seed0.pcf: ok (6 rows)
[1502/2400] gen_n60000_rho0.6_anti-correlated_seed1.pcf: ok (6 rows)
[1503/2400] gen_n60000_rho0.6_anti-correlated_seed2.pcf: ok (6 rows)
[1504/2400] gen_n60000_rho0.6_anti-correlated_seed3.pcf: ok (6 rows)
[1505/2400] gen_n60000_rho0.6_anti-correlated_seed4.pcf: ok (6 rows)
[1506/2400] gen_n60000_rho0.6_anti-correlated_seed5.pcf: ok (6 rows)
[1507/2400] gen_n60000_rho0.6_anti-correlated_seed6.pcf: ok (6 rows)
[1508/2400] gen_n60000_rho0.6_anti-correlated_seed7.pcf: ok (6 rows)
[1509/2400] gen_n60000_rho0.6_anti-correlated_seed8.pcf: ok (6 rows)
[1510/2400] gen_n60000_rho0.6_anti-correlated_seed9.pcf: ok (6 rows)
[1511/2400] gen_n60000_rho0.6_correlated_seed0.pcf: ok (6 rows)
[1512/2400] gen_n60000_rho0.6_correlated_seed1.pcf: ok (6 rows)
[1513/2400] gen_n60000_rho0.6_correlated_seed2.pcf: ok (6 rows)
[1514/2400] gen_n60000_rho0.6_correlated_seed3.pcf: ok (6 rows)
[1515/2400] gen_n60000_rho0.6_correlated_seed4.pcf: ok (6 rows)
[1516/2400] gen_n60000_rho0.6_correlated_seed5.pcf: ok (6 rows)
[1517/2400] gen_n60000_rho0.6_correlated_seed6.pcf: ok (6 rows)
[1518/2400] gen_n60000_rho0.6_correlated_seed7.pcf: ok (6 rows)
[1519/2400] gen_n60000_rho0.6_correlated_seed8.pcf: ok (6 rows)
[1520/2400] gen_n60000_rho0.6_correlated_seed9.pcf: ok (6 rows)
[1521/2400] gen_n60000_rho0.6_exact-ties_seed0.pcf: ok (6 rows)
[1522/2400] gen_n60000_rho0.6_exact-ties_seed1.pcf: ok (6 rows)
[1523/2400] gen_n60000_rho0.6_exact-ties_seed2.pcf: ok (6 rows)
[1524/2400] gen_n60000_rho0.6_exact-ties_seed3.pcf: ok (6 rows)
[1525/2400] gen_n60000_rho0.6_exact-ties_seed4.pcf: ok (6 rows)
[1526/2400] gen_n60000_rho0.6_exact-ties_seed5.pcf: ok (6 rows)
[1527/2400] gen_n60000_rho0.6_exact-ties_seed6.pcf: ok (6 rows)
[1528/2400] gen_n60000_rho0.6_exact-ties_seed7.pcf: ok (6 rows)
[1529/2400] gen_n60000_rho0.6_exact-ties_seed8.pcf: ok (6 rows)
[1530/2400] gen_n60000_rho0.6_exact-ties_seed9.pcf: ok (6 rows)
[1531/2400] gen_n60000_rho0.6_independent-positive_seed0.pcf: ok (6 rows)
[1532/2400] gen_n60000_rho0.6_independent-positive_seed1.pcf: ok (6 rows)
[1533/2400] gen_n60000_rho0.6_independent-positive_seed2.pcf: ok (6 rows)
[1534/2400] gen_n60000_rho0.6_independent-positive_seed3.pcf: ok (6 rows)
[1535/2400] gen_n60000_rho0.6_independent-positive_seed4.pcf: ok (6 rows)
[1536/2400] gen_n60000_rho0.6_independent-positive_seed5.pcf: ok (6 rows)
[1537/2400] gen_n60000_rho0.6_independent-positive_seed6.pcf: ok (6 rows)
[1538/2400] gen_n60000_rho0.6_independent-positive_seed7.pcf: ok (6 rows)
[1539/2400] gen_n60000_rho0.6_independent-positive_seed8.pcf: ok (6 rows)
[1540/2400] gen_n60000_rho0.6_independent-positive_seed9.pcf: ok (6 rows)
[1541/2400] gen_n60000_rho0.6_independent-signed_seed0.pcf: ok (6 rows)
[1542/2400] gen_n60000_rho0.6_independent-signed_seed1.pcf: ok (6 rows)
[1543/2400] gen_n60000_rho0.6_independent-signed_seed2.pcf: ok (6 rows)
[1544/2400] gen_n60000_rho0.6_independent-signed_seed3.pcf: ok (6 rows)
[1545/2400] gen_n60000_rho0.6_independent-signed_seed4.pcf: ok (6 rows)
[1546/2400] gen_n60000_rho0.6_independent-signed_seed5.pcf: ok (6 rows)
[1547/2400] gen_n60000_rho0.6_independent-signed_seed6.pcf: ok (6 rows)
[1548/2400] gen_n60000_rho0.6_independent-signed_seed7.pcf: ok (6 rows)
[1549/2400] gen_n60000_rho0.6_independent-signed_seed8.pcf: ok (6 rows)
[1550/2400] gen_n60000_rho0.6_independent-signed_seed9.pcf: ok (6 rows)
[1551/2400] gen_n60000_rho0.6_near-ties_seed0.pcf: ok (6 rows)
[1552/2400] gen_n60000_rho0.6_near-ties_seed1.pcf: ok (6 rows)
[1553/2400] gen_n60000_rho0.6_near-ties_seed2.pcf: ok (6 rows)
[1554/2400] gen_n60000_rho0.6_near-ties_seed3.pcf: ok (6 rows)
[1555/2400] gen_n60000_rho0.6_near-ties_seed4.pcf: ok (6 rows)
[1556/2400] gen_n60000_rho0.6_near-ties_seed5.pcf: ok (6 rows)
[1557/2400] gen_n60000_rho0.6_near-ties_seed6.pcf: ok (6 rows)
[1558/2400] gen_n60000_rho0.6_near-ties_seed7.pcf: ok (6 rows)
[1559/2400] gen_n60000_rho0.6_near-ties_seed8.pcf: ok (6 rows)
[1560/2400] gen_n60000_rho0.6_near-ties_seed9.pcf: ok (6 rows)
[1561/2400] gen_n60000_rho0.9_anti-correlated_seed0.pcf: ok (6 rows)
[1562/2400] gen_n60000_rho0.9_anti-correlated_seed1.pcf: ok (6 rows)
[1563/2400] gen_n60000_rho0.9_anti-correlated_seed2.pcf: ok (6 rows)
[1564/2400] gen_n60000_rho0.9_anti-correlated_seed3.pcf: ok (6 rows)
[1565/2400] gen_n60000_rho0.9_anti-correlated_seed4.pcf: ok (6 rows)
[1566/2400] gen_n60000_rho0.9_anti-correlated_seed5.pcf: ok (6 rows)
[1567/2400] gen_n60000_rho0.9_anti-correlated_seed6.pcf: ok (6 rows)
[1568/2400] gen_n60000_rho0.9_anti-correlated_seed7.pcf: ok (6 rows)
[1569/2400] gen_n60000_rho0.9_anti-correlated_seed8.pcf: ok (6 rows)
[1570/2400] gen_n60000_rho0.9_anti-correlated_seed9.pcf: ok (6 rows)
[1571/2400] gen_n60000_rho0.9_correlated_seed0.pcf: ok (6 rows)
[1572/2400] gen_n60000_rho0.9_correlated_seed1.pcf: ok (6 rows)
[1573/2400] gen_n60000_rho0.9_correlated_seed2.pcf: ok (6 rows)
[1574/2400] gen_n60000_rho0.9_correlated_seed3.pcf: ok (6 rows)
[1575/2400] gen_n60000_rho0.9_correlated_seed4.pcf: ok (6 rows)
[1576/2400] gen_n60000_rho0.9_correlated_seed5.pcf: ok (6 rows)
[1577/2400] gen_n60000_rho0.9_correlated_seed6.pcf: ok (6 rows)
[1578/2400] gen_n60000_rho0.9_correlated_seed7.pcf: ok (6 rows)
[1579/2400] gen_n60000_rho0.9_correlated_seed8.pcf: ok (6 rows)
[1580/2400] gen_n60000_rho0.9_correlated_seed9.pcf: ok (6 rows)
[1581/2400] gen_n60000_rho0.9_exact-ties_seed0.pcf: ok (6 rows)
[1582/2400] gen_n60000_rho0.9_exact-ties_seed1.pcf: ok (6 rows)
[1583/2400] gen_n60000_rho0.9_exact-ties_seed2.pcf: ok (6 rows)
[1584/2400] gen_n60000_rho0.9_exact-ties_seed3.pcf: ok (6 rows)
[1585/2400] gen_n60000_rho0.9_exact-ties_seed4.pcf: ok (6 rows)
[1586/2400] gen_n60000_rho0.9_exact-ties_seed5.pcf: ok (6 rows)
[1587/2400] gen_n60000_rho0.9_exact-ties_seed6.pcf: ok (6 rows)
[1588/2400] gen_n60000_rho0.9_exact-ties_seed7.pcf: ok (6 rows)
[1589/2400] gen_n60000_rho0.9_exact-ties_seed8.pcf: ok (6 rows)
[1590/2400] gen_n60000_rho0.9_exact-ties_seed9.pcf: ok (6 rows)
[1591/2400] gen_n60000_rho0.9_independent-positive_seed0.pcf: ok (6 rows)
[1592/2400] gen_n60000_rho0.9_independent-positive_seed1.pcf: ok (6 rows)
[1593/2400] gen_n60000_rho0.9_independent-positive_seed2.pcf: ok (6 rows)
[1594/2400] gen_n60000_rho0.9_independent-positive_seed3.pcf: ok (6 rows)
[1595/2400] gen_n60000_rho0.9_independent-positive_seed4.pcf: ok (6 rows)
[1596/2400] gen_n60000_rho0.9_independent-positive_seed5.pcf: ok (6 rows)
[1597/2400] gen_n60000_rho0.9_independent-positive_seed6.pcf: ok (6 rows)
[1598/2400] gen_n60000_rho0.9_independent-positive_seed7.pcf: ok (6 rows)
[1599/2400] gen_n60000_rho0.9_independent-positive_seed8.pcf: ok (6 rows)
[1600/2400] gen_n60000_rho0.9_independent-positive_seed9.pcf: ok (6 rows)
[1601/2400] gen_n60000_rho0.9_independent-signed_seed0.pcf: ok (6 rows)
[1602/2400] gen_n60000_rho0.9_independent-signed_seed1.pcf: ok (6 rows)
[1603/2400] gen_n60000_rho0.9_independent-signed_seed2.pcf: ok (6 rows)
[1604/2400] gen_n60000_rho0.9_independent-signed_seed3.pcf: ok (6 rows)
[1605/2400] gen_n60000_rho0.9_independent-signed_seed4.pcf: ok (6 rows)
[1606/2400] gen_n60000_rho0.9_independent-signed_seed5.pcf: ok (6 rows)
[1607/2400] gen_n60000_rho0.9_independent-signed_seed6.pcf: ok (6 rows)
[1608/2400] gen_n60000_rho0.9_independent-signed_seed7.pcf: ok (6 rows)
[1609/2400] gen_n60000_rho0.9_independent-signed_seed8.pcf: ok (6 rows)
[1610/2400] gen_n60000_rho0.9_independent-signed_seed9.pcf: ok (6 rows)
[1611/2400] gen_n60000_rho0.9_near-ties_seed0.pcf: ok (6 rows)
[1612/2400] gen_n60000_rho0.9_near-ties_seed1.pcf: ok (6 rows)
[1613/2400] gen_n60000_rho0.9_near-ties_seed2.pcf: ok (6 rows)
[1614/2400] gen_n60000_rho0.9_near-ties_seed3.pcf: ok (6 rows)
[1615/2400] gen_n60000_rho0.9_near-ties_seed4.pcf: ok (6 rows)
[1616/2400] gen_n60000_rho0.9_near-ties_seed5.pcf: ok (6 rows)
[1617/2400] gen_n60000_rho0.9_near-ties_seed6.pcf: ok (6 rows)
[1618/2400] gen_n60000_rho0.9_near-ties_seed7.pcf: ok (6 rows)
[1619/2400] gen_n60000_rho0.9_near-ties_seed8.pcf: ok (6 rows)
[1620/2400] gen_n60000_rho0.9_near-ties_seed9.pcf: ok (6 rows)
[1621/2400] gen_n60000_rho1.0_anti-correlated_seed0.pcf: ok (6 rows)
[1622/2400] gen_n60000_rho1.0_anti-correlated_seed1.pcf: ok (6 rows)
[1623/2400] gen_n60000_rho1.0_anti-correlated_seed2.pcf: ok (6 rows)
[1624/2400] gen_n60000_rho1.0_anti-correlated_seed3.pcf: ok (6 rows)
[1625/2400] gen_n60000_rho1.0_anti-correlated_seed4.pcf: ok (6 rows)
[1626/2400] gen_n60000_rho1.0_anti-correlated_seed5.pcf: ok (6 rows)
[1627/2400] gen_n60000_rho1.0_anti-correlated_seed6.pcf: ok (6 rows)
[1628/2400] gen_n60000_rho1.0_anti-correlated_seed7.pcf: ok (6 rows)
[1629/2400] gen_n60000_rho1.0_anti-correlated_seed8.pcf: ok (6 rows)
[1630/2400] gen_n60000_rho1.0_anti-correlated_seed9.pcf: ok (6 rows)
[1631/2400] gen_n60000_rho1.0_correlated_seed0.pcf: ok (6 rows)
[1632/2400] gen_n60000_rho1.0_correlated_seed1.pcf: ok (6 rows)
[1633/2400] gen_n60000_rho1.0_correlated_seed2.pcf: ok (6 rows)
[1634/2400] gen_n60000_rho1.0_correlated_seed3.pcf: ok (6 rows)
[1635/2400] gen_n60000_rho1.0_correlated_seed4.pcf: ok (6 rows)
[1636/2400] gen_n60000_rho1.0_correlated_seed5.pcf: ok (6 rows)
[1637/2400] gen_n60000_rho1.0_correlated_seed6.pcf: ok (6 rows)
[1638/2400] gen_n60000_rho1.0_correlated_seed7.pcf: ok (6 rows)
[1639/2400] gen_n60000_rho1.0_correlated_seed8.pcf: ok (6 rows)
[1640/2400] gen_n60000_rho1.0_correlated_seed9.pcf: ok (6 rows)
[1641/2400] gen_n60000_rho1.0_exact-ties_seed0.pcf: ok (6 rows)
[1642/2400] gen_n60000_rho1.0_exact-ties_seed1.pcf: ok (6 rows)
[1643/2400] gen_n60000_rho1.0_exact-ties_seed2.pcf: ok (6 rows)
[1644/2400] gen_n60000_rho1.0_exact-ties_seed3.pcf: ok (6 rows)
[1645/2400] gen_n60000_rho1.0_exact-ties_seed4.pcf: ok (6 rows)
[1646/2400] gen_n60000_rho1.0_exact-ties_seed5.pcf: ok (6 rows)
[1647/2400] gen_n60000_rho1.0_exact-ties_seed6.pcf: ok (6 rows)
[1648/2400] gen_n60000_rho1.0_exact-ties_seed7.pcf: ok (6 rows)
[1649/2400] gen_n60000_rho1.0_exact-ties_seed8.pcf: ok (6 rows)
[1650/2400] gen_n60000_rho1.0_exact-ties_seed9.pcf: ok (6 rows)
[1651/2400] gen_n60000_rho1.0_independent-positive_seed0.pcf: ok (6 rows)
[1652/2400] gen_n60000_rho1.0_independent-positive_seed1.pcf: ok (6 rows)
[1653/2400] gen_n60000_rho1.0_independent-positive_seed2.pcf: ok (6 rows)
[1654/2400] gen_n60000_rho1.0_independent-positive_seed3.pcf: ok (6 rows)
[1655/2400] gen_n60000_rho1.0_independent-positive_seed4.pcf: ok (6 rows)
[1656/2400] gen_n60000_rho1.0_independent-positive_seed5.pcf: ok (6 rows)
[1657/2400] gen_n60000_rho1.0_independent-positive_seed6.pcf: ok (6 rows)
[1658/2400] gen_n60000_rho1.0_independent-positive_seed7.pcf: ok (6 rows)
[1659/2400] gen_n60000_rho1.0_independent-positive_seed8.pcf: ok (6 rows)
[1660/2400] gen_n60000_rho1.0_independent-positive_seed9.pcf: ok (6 rows)
[1661/2400] gen_n60000_rho1.0_independent-signed_seed0.pcf: ok (6 rows)
[1662/2400] gen_n60000_rho1.0_independent-signed_seed1.pcf: ok (6 rows)
[1663/2400] gen_n60000_rho1.0_independent-signed_seed2.pcf: ok (6 rows)
[1664/2400] gen_n60000_rho1.0_independent-signed_seed3.pcf: ok (6 rows)
[1665/2400] gen_n60000_rho1.0_independent-signed_seed4.pcf: ok (6 rows)
[1666/2400] gen_n60000_rho1.0_independent-signed_seed5.pcf: ok (6 rows)
[1667/2400] gen_n60000_rho1.0_independent-signed_seed6.pcf: ok (6 rows)
[1668/2400] gen_n60000_rho1.0_independent-signed_seed7.pcf: ok (6 rows)
[1669/2400] gen_n60000_rho1.0_independent-signed_seed8.pcf: ok (6 rows)
[1670/2400] gen_n60000_rho1.0_independent-signed_seed9.pcf: ok (6 rows)
[1671/2400] gen_n60000_rho1.0_near-ties_seed0.pcf: ok (6 rows)
[1672/2400] gen_n60000_rho1.0_near-ties_seed1.pcf: ok (6 rows)
[1673/2400] gen_n60000_rho1.0_near-ties_seed2.pcf: ok (6 rows)
[1674/2400] gen_n60000_rho1.0_near-ties_seed3.pcf: ok (6 rows)
[1675/2400] gen_n60000_rho1.0_near-ties_seed4.pcf: ok (6 rows)
[1676/2400] gen_n60000_rho1.0_near-ties_seed5.pcf: ok (6 rows)
[1677/2400] gen_n60000_rho1.0_near-ties_seed6.pcf: ok (6 rows)
[1678/2400] gen_n60000_rho1.0_near-ties_seed7.pcf: ok (6 rows)
[1679/2400] gen_n60000_rho1.0_near-ties_seed8.pcf: ok (6 rows)
[1680/2400] gen_n60000_rho1.0_near-ties_seed9.pcf: ok (6 rows)
[1681/2400] gen_n70000_rho0.3_anti-correlated_seed0.pcf: ok (6 rows)
[1682/2400] gen_n70000_rho0.3_anti-correlated_seed1.pcf: ok (6 rows)
[1683/2400] gen_n70000_rho0.3_anti-correlated_seed2.pcf: ok (6 rows)
[1684/2400] gen_n70000_rho0.3_anti-correlated_seed3.pcf: ok (6 rows)
[1685/2400] gen_n70000_rho0.3_anti-correlated_seed4.pcf: ok (6 rows)
[1686/2400] gen_n70000_rho0.3_anti-correlated_seed5.pcf: ok (6 rows)
[1687/2400] gen_n70000_rho0.3_anti-correlated_seed6.pcf: ok (6 rows)
[1688/2400] gen_n70000_rho0.3_anti-correlated_seed7.pcf: ok (6 rows)
[1689/2400] gen_n70000_rho0.3_anti-correlated_seed8.pcf: ok (6 rows)
[1690/2400] gen_n70000_rho0.3_anti-correlated_seed9.pcf: ok (6 rows)
[1691/2400] gen_n70000_rho0.3_correlated_seed0.pcf: ok (6 rows)
[1692/2400] gen_n70000_rho0.3_correlated_seed1.pcf: ok (6 rows)
[1693/2400] gen_n70000_rho0.3_correlated_seed2.pcf: ok (6 rows)
[1694/2400] gen_n70000_rho0.3_correlated_seed3.pcf: ok (6 rows)
[1695/2400] gen_n70000_rho0.3_correlated_seed4.pcf: ok (6 rows)
[1696/2400] gen_n70000_rho0.3_correlated_seed5.pcf: ok (6 rows)
[1697/2400] gen_n70000_rho0.3_correlated_seed6.pcf: ok (6 rows)
[1698/2400] gen_n70000_rho0.3_correlated_seed7.pcf: ok (6 rows)
[1699/2400] gen_n70000_rho0.3_correlated_seed8.pcf: ok (6 rows)
[1700/2400] gen_n70000_rho0.3_correlated_seed9.pcf: ok (6 rows)
[1701/2400] gen_n70000_rho0.3_exact-ties_seed0.pcf: ok (6 rows)
[1702/2400] gen_n70000_rho0.3_exact-ties_seed1.pcf: ok (6 rows)
[1703/2400] gen_n70000_rho0.3_exact-ties_seed2.pcf: ok (6 rows)
[1704/2400] gen_n70000_rho0.3_exact-ties_seed3.pcf: ok (6 rows)
[1705/2400] gen_n70000_rho0.3_exact-ties_seed4.pcf: ok (6 rows)
[1706/2400] gen_n70000_rho0.3_exact-ties_seed5.pcf: ok (6 rows)
[1707/2400] gen_n70000_rho0.3_exact-ties_seed6.pcf: ok (6 rows)
[1708/2400] gen_n70000_rho0.3_exact-ties_seed7.pcf: ok (6 rows)
[1709/2400] gen_n70000_rho0.3_exact-ties_seed8.pcf: ok (6 rows)
[1710/2400] gen_n70000_rho0.3_exact-ties_seed9.pcf: ok (6 rows)
[1711/2400] gen_n70000_rho0.3_independent-positive_seed0.pcf: ok (6 rows)
[1712/2400] gen_n70000_rho0.3_independent-positive_seed1.pcf: ok (6 rows)
[1713/2400] gen_n70000_rho0.3_independent-positive_seed2.pcf: ok (6 rows)
[1714/2400] gen_n70000_rho0.3_independent-positive_seed3.pcf: ok (6 rows)
[1715/2400] gen_n70000_rho0.3_independent-positive_seed4.pcf: ok (6 rows)
[1716/2400] gen_n70000_rho0.3_independent-positive_seed5.pcf: ok (6 rows)
[1717/2400] gen_n70000_rho0.3_independent-positive_seed6.pcf: ok (6 rows)
[1718/2400] gen_n70000_rho0.3_independent-positive_seed7.pcf: ok (6 rows)
[1719/2400] gen_n70000_rho0.3_independent-positive_seed8.pcf: ok (6 rows)
[1720/2400] gen_n70000_rho0.3_independent-positive_seed9.pcf: ok (6 rows)
[1721/2400] gen_n70000_rho0.3_independent-signed_seed0.pcf: ok (6 rows)
[1722/2400] gen_n70000_rho0.3_independent-signed_seed1.pcf: ok (6 rows)
[1723/2400] gen_n70000_rho0.3_independent-signed_seed2.pcf: ok (6 rows)
[1724/2400] gen_n70000_rho0.3_independent-signed_seed3.pcf: ok (6 rows)
[1725/2400] gen_n70000_rho0.3_independent-signed_seed4.pcf: ok (6 rows)
[1726/2400] gen_n70000_rho0.3_independent-signed_seed5.pcf: ok (6 rows)
[1727/2400] gen_n70000_rho0.3_independent-signed_seed6.pcf: ok (6 rows)
[1728/2400] gen_n70000_rho0.3_independent-signed_seed7.pcf: ok (6 rows)
[1729/2400] gen_n70000_rho0.3_independent-signed_seed8.pcf: ok (6 rows)
[1730/2400] gen_n70000_rho0.3_independent-signed_seed9.pcf: ok (6 rows)
[1731/2400] gen_n70000_rho0.3_near-ties_seed0.pcf: ok (6 rows)
[1732/2400] gen_n70000_rho0.3_near-ties_seed1.pcf: ok (6 rows)
[1733/2400] gen_n70000_rho0.3_near-ties_seed2.pcf: ok (6 rows)
[1734/2400] gen_n70000_rho0.3_near-ties_seed3.pcf: ok (6 rows)
[1735/2400] gen_n70000_rho0.3_near-ties_seed4.pcf: ok (6 rows)
[1736/2400] gen_n70000_rho0.3_near-ties_seed5.pcf: ok (6 rows)
[1737/2400] gen_n70000_rho0.3_near-ties_seed6.pcf: ok (6 rows)
[1738/2400] gen_n70000_rho0.3_near-ties_seed7.pcf: ok (6 rows)
[1739/2400] gen_n70000_rho0.3_near-ties_seed8.pcf: ok (6 rows)
[1740/2400] gen_n70000_rho0.3_near-ties_seed9.pcf: ok (6 rows)
[1741/2400] gen_n70000_rho0.6_anti-correlated_seed0.pcf: ok (6 rows)
[1742/2400] gen_n70000_rho0.6_anti-correlated_seed1.pcf: ok (6 rows)
[1743/2400] gen_n70000_rho0.6_anti-correlated_seed2.pcf: ok (6 rows)
[1744/2400] gen_n70000_rho0.6_anti-correlated_seed3.pcf: ok (6 rows)
[1745/2400] gen_n70000_rho0.6_anti-correlated_seed4.pcf: ok (6 rows)
[1746/2400] gen_n70000_rho0.6_anti-correlated_seed5.pcf: ok (6 rows)
[1747/2400] gen_n70000_rho0.6_anti-correlated_seed6.pcf: ok (6 rows)
[1748/2400] gen_n70000_rho0.6_anti-correlated_seed7.pcf: ok (6 rows)
[1749/2400] gen_n70000_rho0.6_anti-correlated_seed8.pcf: ok (6 rows)
[1750/2400] gen_n70000_rho0.6_anti-correlated_seed9.pcf: ok (6 rows)
[1751/2400] gen_n70000_rho0.6_correlated_seed0.pcf: ok (6 rows)
[1752/2400] gen_n70000_rho0.6_correlated_seed1.pcf: ok (6 rows)
[1753/2400] gen_n70000_rho0.6_correlated_seed2.pcf: ok (6 rows)
[1754/2400] gen_n70000_rho0.6_correlated_seed3.pcf: ok (6 rows)
[1755/2400] gen_n70000_rho0.6_correlated_seed4.pcf: ok (6 rows)
[1756/2400] gen_n70000_rho0.6_correlated_seed5.pcf: ok (6 rows)
[1757/2400] gen_n70000_rho0.6_correlated_seed6.pcf: ok (6 rows)
[1758/2400] gen_n70000_rho0.6_correlated_seed7.pcf: ok (6 rows)
[1759/2400] gen_n70000_rho0.6_correlated_seed8.pcf: ok (6 rows)
[1760/2400] gen_n70000_rho0.6_correlated_seed9.pcf: ok (6 rows)
[1761/2400] gen_n70000_rho0.6_exact-ties_seed0.pcf: ok (6 rows)
[1762/2400] gen_n70000_rho0.6_exact-ties_seed1.pcf: ok (6 rows)
[1763/2400] gen_n70000_rho0.6_exact-ties_seed2.pcf: ok (6 rows)
[1764/2400] gen_n70000_rho0.6_exact-ties_seed3.pcf: ok (6 rows)
[1765/2400] gen_n70000_rho0.6_exact-ties_seed4.pcf: ok (6 rows)
[1766/2400] gen_n70000_rho0.6_exact-ties_seed5.pcf: ok (6 rows)
[1767/2400] gen_n70000_rho0.6_exact-ties_seed6.pcf: ok (6 rows)
[1768/2400] gen_n70000_rho0.6_exact-ties_seed7.pcf: ok (6 rows)
[1769/2400] gen_n70000_rho0.6_exact-ties_seed8.pcf: ok (6 rows)
[1770/2400] gen_n70000_rho0.6_exact-ties_seed9.pcf: ok (6 rows)
[1771/2400] gen_n70000_rho0.6_independent-positive_seed0.pcf: ok (6 rows)
[1772/2400] gen_n70000_rho0.6_independent-positive_seed1.pcf: ok (6 rows)
[1773/2400] gen_n70000_rho0.6_independent-positive_seed2.pcf: ok (6 rows)
[1774/2400] gen_n70000_rho0.6_independent-positive_seed3.pcf: ok (6 rows)
[1775/2400] gen_n70000_rho0.6_independent-positive_seed4.pcf: ok (6 rows)
[1776/2400] gen_n70000_rho0.6_independent-positive_seed5.pcf: ok (6 rows)
[1777/2400] gen_n70000_rho0.6_independent-positive_seed6.pcf: ok (6 rows)
[1778/2400] gen_n70000_rho0.6_independent-positive_seed7.pcf: ok (6 rows)
[1779/2400] gen_n70000_rho0.6_independent-positive_seed8.pcf: ok (6 rows)
[1780/2400] gen_n70000_rho0.6_independent-positive_seed9.pcf: ok (6 rows)
[1781/2400] gen_n70000_rho0.6_independent-signed_seed0.pcf: ok (6 rows)
[1782/2400] gen_n70000_rho0.6_independent-signed_seed1.pcf: ok (6 rows)
[1783/2400] gen_n70000_rho0.6_independent-signed_seed2.pcf: ok (6 rows)
[1784/2400] gen_n70000_rho0.6_independent-signed_seed3.pcf: ok (6 rows)
[1785/2400] gen_n70000_rho0.6_independent-signed_seed4.pcf: ok (6 rows)
[1786/2400] gen_n70000_rho0.6_independent-signed_seed5.pcf: ok (6 rows)
[1787/2400] gen_n70000_rho0.6_independent-signed_seed6.pcf: ok (6 rows)
[1788/2400] gen_n70000_rho0.6_independent-signed_seed7.pcf: ok (6 rows)
[1789/2400] gen_n70000_rho0.6_independent-signed_seed8.pcf: ok (6 rows)
[1790/2400] gen_n70000_rho0.6_independent-signed_seed9.pcf: ok (6 rows)
[1791/2400] gen_n70000_rho0.6_near-ties_seed0.pcf: ok (6 rows)
[1792/2400] gen_n70000_rho0.6_near-ties_seed1.pcf: ok (6 rows)
[1793/2400] gen_n70000_rho0.6_near-ties_seed2.pcf: ok (6 rows)
[1794/2400] gen_n70000_rho0.6_near-ties_seed3.pcf: ok (6 rows)
[1795/2400] gen_n70000_rho0.6_near-ties_seed4.pcf: ok (6 rows)
[1796/2400] gen_n70000_rho0.6_near-ties_seed5.pcf: ok (6 rows)
[1797/2400] gen_n70000_rho0.6_near-ties_seed6.pcf: ok (6 rows)
[1798/2400] gen_n70000_rho0.6_near-ties_seed7.pcf: ok (6 rows)
[1799/2400] gen_n70000_rho0.6_near-ties_seed8.pcf: ok (6 rows)
[1800/2400] gen_n70000_rho0.6_near-ties_seed9.pcf: ok (6 rows)
[1801/2400] gen_n70000_rho0.9_anti-correlated_seed0.pcf: ok (6 rows)
[1802/2400] gen_n70000_rho0.9_anti-correlated_seed1.pcf: ok (6 rows)
[1803/2400] gen_n70000_rho0.9_anti-correlated_seed2.pcf: ok (6 rows)
[1804/2400] gen_n70000_rho0.9_anti-correlated_seed3.pcf: ok (6 rows)
[1805/2400] gen_n70000_rho0.9_anti-correlated_seed4.pcf: ok (6 rows)
[1806/2400] gen_n70000_rho0.9_anti-correlated_seed5.pcf: ok (6 rows)
[1807/2400] gen_n70000_rho0.9_anti-correlated_seed6.pcf: ok (6 rows)
[1808/2400] gen_n70000_rho0.9_anti-correlated_seed7.pcf: ok (6 rows)
[1809/2400] gen_n70000_rho0.9_anti-correlated_seed8.pcf: ok (6 rows)
[1810/2400] gen_n70000_rho0.9_anti-correlated_seed9.pcf: ok (6 rows)
[1811/2400] gen_n70000_rho0.9_correlated_seed0.pcf: ok (6 rows)
[1812/2400] gen_n70000_rho0.9_correlated_seed1.pcf: ok (6 rows)
[1813/2400] gen_n70000_rho0.9_correlated_seed2.pcf: ok (6 rows)
[1814/2400] gen_n70000_rho0.9_correlated_seed3.pcf: ok (6 rows)
[1815/2400] gen_n70000_rho0.9_correlated_seed4.pcf: ok (6 rows)
[1816/2400] gen_n70000_rho0.9_correlated_seed5.pcf: ok (6 rows)
[1817/2400] gen_n70000_rho0.9_correlated_seed6.pcf: ok (6 rows)
[1818/2400] gen_n70000_rho0.9_correlated_seed7.pcf: ok (6 rows)
[1819/2400] gen_n70000_rho0.9_correlated_seed8.pcf: ok (6 rows)
[1820/2400] gen_n70000_rho0.9_correlated_seed9.pcf: ok (6 rows)
[1821/2400] gen_n70000_rho0.9_exact-ties_seed0.pcf: ok (6 rows)
[1822/2400] gen_n70000_rho0.9_exact-ties_seed1.pcf: ok (6 rows)
[1823/2400] gen_n70000_rho0.9_exact-ties_seed2.pcf: ok (6 rows)
[1824/2400] gen_n70000_rho0.9_exact-ties_seed3.pcf: ok (6 rows)
[1825/2400] gen_n70000_rho0.9_exact-ties_seed4.pcf: ok (6 rows)
[1826/2400] gen_n70000_rho0.9_exact-ties_seed5.pcf: ok (6 rows)
[1827/2400] gen_n70000_rho0.9_exact-ties_seed6.pcf: ok (6 rows)
[1828/2400] gen_n70000_rho0.9_exact-ties_seed7.pcf: ok (6 rows)
[1829/2400] gen_n70000_rho0.9_exact-ties_seed8.pcf: ok (6 rows)
[1830/2400] gen_n70000_rho0.9_exact-ties_seed9.pcf: ok (6 rows)
[1831/2400] gen_n70000_rho0.9_independent-positive_seed0.pcf: ok (6 rows)
[1832/2400] gen_n70000_rho0.9_independent-positive_seed1.pcf: ok (6 rows)
[1833/2400] gen_n70000_rho0.9_independent-positive_seed2.pcf: ok (6 rows)
[1834/2400] gen_n70000_rho0.9_independent-positive_seed3.pcf: ok (6 rows)
[1835/2400] gen_n70000_rho0.9_independent-positive_seed4.pcf: ok (6 rows)
[1836/2400] gen_n70000_rho0.9_independent-positive_seed5.pcf: ok (6 rows)
[1837/2400] gen_n70000_rho0.9_independent-positive_seed6.pcf: ok (6 rows)
[1838/2400] gen_n70000_rho0.9_independent-positive_seed7.pcf: ok (6 rows)
[1839/2400] gen_n70000_rho0.9_independent-positive_seed8.pcf: ok (6 rows)
[1840/2400] gen_n70000_rho0.9_independent-positive_seed9.pcf: ok (6 rows)
[1841/2400] gen_n70000_rho0.9_independent-signed_seed0.pcf: ok (6 rows)
[1842/2400] gen_n70000_rho0.9_independent-signed_seed1.pcf: ok (6 rows)
[1843/2400] gen_n70000_rho0.9_independent-signed_seed2.pcf: ok (6 rows)
[1844/2400] gen_n70000_rho0.9_independent-signed_seed3.pcf: ok (6 rows)
[1845/2400] gen_n70000_rho0.9_independent-signed_seed4.pcf: ok (6 rows)
[1846/2400] gen_n70000_rho0.9_independent-signed_seed5.pcf: ok (6 rows)
[1847/2400] gen_n70000_rho0.9_independent-signed_seed6.pcf: ok (6 rows)
[1848/2400] gen_n70000_rho0.9_independent-signed_seed7.pcf: ok (6 rows)
[1849/2400] gen_n70000_rho0.9_independent-signed_seed8.pcf: ok (6 rows)
[1850/2400] gen_n70000_rho0.9_independent-signed_seed9.pcf: ok (6 rows)
[1851/2400] gen_n70000_rho0.9_near-ties_seed0.pcf: ok (6 rows)
[1852/2400] gen_n70000_rho0.9_near-ties_seed1.pcf: ok (6 rows)
[1853/2400] gen_n70000_rho0.9_near-ties_seed2.pcf: ok (6 rows)
[1854/2400] gen_n70000_rho0.9_near-ties_seed3.pcf: ok (6 rows)
[1855/2400] gen_n70000_rho0.9_near-ties_seed4.pcf: ok (6 rows)
[1856/2400] gen_n70000_rho0.9_near-ties_seed5.pcf: ok (6 rows)
[1857/2400] gen_n70000_rho0.9_near-ties_seed6.pcf: ok (6 rows)
[1858/2400] gen_n70000_rho0.9_near-ties_seed7.pcf: ok (6 rows)
[1859/2400] gen_n70000_rho0.9_near-ties_seed8.pcf: ok (6 rows)
[1860/2400] gen_n70000_rho0.9_near-ties_seed9.pcf: ok (6 rows)
[1861/2400] gen_n70000_rho1.0_anti-correlated_seed0.pcf: ok (6 rows)
[1862/2400] gen_n70000_rho1.0_anti-correlated_seed1.pcf: ok (6 rows)
[1863/2400] gen_n70000_rho1.0_anti-correlated_seed2.pcf: ok (6 rows)
[1864/2400] gen_n70000_rho1.0_anti-correlated_seed3.pcf: ok (6 rows)
[1865/2400] gen_n70000_rho1.0_anti-correlated_seed4.pcf: ok (6 rows)
[1866/2400] gen_n70000_rho1.0_anti-correlated_seed5.pcf: ok (6 rows)
[1867/2400] gen_n70000_rho1.0_anti-correlated_seed6.pcf: ok (6 rows)
[1868/2400] gen_n70000_rho1.0_anti-correlated_seed7.pcf: ok (6 rows)
[1869/2400] gen_n70000_rho1.0_anti-correlated_seed8.pcf: ok (6 rows)
[1870/2400] gen_n70000_rho1.0_anti-correlated_seed9.pcf: ok (6 rows)
[1871/2400] gen_n70000_rho1.0_correlated_seed0.pcf: ok (6 rows)
[1872/2400] gen_n70000_rho1.0_correlated_seed1.pcf: ok (6 rows)
[1873/2400] gen_n70000_rho1.0_correlated_seed2.pcf: ok (6 rows)
[1874/2400] gen_n70000_rho1.0_correlated_seed3.pcf: ok (6 rows)
[1875/2400] gen_n70000_rho1.0_correlated_seed4.pcf: ok (6 rows)
[1876/2400] gen_n70000_rho1.0_correlated_seed5.pcf: ok (6 rows)
[1877/2400] gen_n70000_rho1.0_correlated_seed6.pcf: ok (6 rows)
[1878/2400] gen_n70000_rho1.0_correlated_seed7.pcf: ok (6 rows)
[1879/2400] gen_n70000_rho1.0_correlated_seed8.pcf: ok (6 rows)
[1880/2400] gen_n70000_rho1.0_correlated_seed9.pcf: ok (6 rows)
[1881/2400] gen_n70000_rho1.0_exact-ties_seed0.pcf: ok (6 rows)
[1882/2400] gen_n70000_rho1.0_exact-ties_seed1.pcf: ok (6 rows)
[1883/2400] gen_n70000_rho1.0_exact-ties_seed2.pcf: ok (6 rows)
[1884/2400] gen_n70000_rho1.0_exact-ties_seed3.pcf: ok (6 rows)
[1885/2400] gen_n70000_rho1.0_exact-ties_seed4.pcf: ok (6 rows)
[1886/2400] gen_n70000_rho1.0_exact-ties_seed5.pcf: ok (6 rows)
[1887/2400] gen_n70000_rho1.0_exact-ties_seed6.pcf: ok (6 rows)
[1888/2400] gen_n70000_rho1.0_exact-ties_seed7.pcf: ok (6 rows)
[1889/2400] gen_n70000_rho1.0_exact-ties_seed8.pcf: ok (6 rows)
[1890/2400] gen_n70000_rho1.0_exact-ties_seed9.pcf: ok (6 rows)
[1891/2400] gen_n70000_rho1.0_independent-positive_seed0.pcf: ok (6 rows)
[1892/2400] gen_n70000_rho1.0_independent-positive_seed1.pcf: ok (6 rows)
[1893/2400] gen_n70000_rho1.0_independent-positive_seed2.pcf: ok (6 rows)
[1894/2400] gen_n70000_rho1.0_independent-positive_seed3.pcf: ok (6 rows)
[1895/2400] gen_n70000_rho1.0_independent-positive_seed4.pcf: ok (6 rows)
[1896/2400] gen_n70000_rho1.0_independent-positive_seed5.pcf: ok (6 rows)
[1897/2400] gen_n70000_rho1.0_independent-positive_seed6.pcf: ok (6 rows)
[1898/2400] gen_n70000_rho1.0_independent-positive_seed7.pcf: ok (6 rows)
[1899/2400] gen_n70000_rho1.0_independent-positive_seed8.pcf: ok (6 rows)
[1900/2400] gen_n70000_rho1.0_independent-positive_seed9.pcf: ok (6 rows)
[1901/2400] gen_n70000_rho1.0_independent-signed_seed0.pcf: ok (6 rows)
[1902/2400] gen_n70000_rho1.0_independent-signed_seed1.pcf: ok (6 rows)
[1903/2400] gen_n70000_rho1.0_independent-signed_seed2.pcf: ok (6 rows)
[1904/2400] gen_n70000_rho1.0_independent-signed_seed3.pcf: ok (6 rows)
[1905/2400] gen_n70000_rho1.0_independent-signed_seed4.pcf: ok (6 rows)
[1906/2400] gen_n70000_rho1.0_independent-signed_seed5.pcf: ok (6 rows)
[1907/2400] gen_n70000_rho1.0_independent-signed_seed6.pcf: ok (6 rows)
[1908/2400] gen_n70000_rho1.0_independent-signed_seed7.pcf: ok (6 rows)
[1909/2400] gen_n70000_rho1.0_independent-signed_seed8.pcf: ok (6 rows)
[1910/2400] gen_n70000_rho1.0_independent-signed_seed9.pcf: ok (6 rows)
[1911/2400] gen_n70000_rho1.0_near-ties_seed0.pcf: ok (6 rows)
[1912/2400] gen_n70000_rho1.0_near-ties_seed1.pcf: ok (6 rows)
[1913/2400] gen_n70000_rho1.0_near-ties_seed2.pcf: ok (6 rows)
[1914/2400] gen_n70000_rho1.0_near-ties_seed3.pcf: ok (6 rows)
[1915/2400] gen_n70000_rho1.0_near-ties_seed4.pcf: ok (6 rows)
[1916/2400] gen_n70000_rho1.0_near-ties_seed5.pcf: ok (6 rows)
[1917/2400] gen_n70000_rho1.0_near-ties_seed6.pcf: ok (6 rows)
[1918/2400] gen_n70000_rho1.0_near-ties_seed7.pcf: ok (6 rows)
[1919/2400] gen_n70000_rho1.0_near-ties_seed8.pcf: ok (6 rows)
[1920/2400] gen_n70000_rho1.0_near-ties_seed9.pcf: ok (6 rows)
[1921/2400] gen_n80000_rho0.3_anti-correlated_seed0.pcf: ok (6 rows)
[1922/2400] gen_n80000_rho0.3_anti-correlated_seed1.pcf: ok (6 rows)
[1923/2400] gen_n80000_rho0.3_anti-correlated_seed2.pcf: ok (6 rows)
[1924/2400] gen_n80000_rho0.3_anti-correlated_seed3.pcf: ok (6 rows)
[1925/2400] gen_n80000_rho0.3_anti-correlated_seed4.pcf: ok (6 rows)
[1926/2400] gen_n80000_rho0.3_anti-correlated_seed5.pcf: ok (6 rows)
[1927/2400] gen_n80000_rho0.3_anti-correlated_seed6.pcf: ok (6 rows)
[1928/2400] gen_n80000_rho0.3_anti-correlated_seed7.pcf: ok (6 rows)
[1929/2400] gen_n80000_rho0.3_anti-correlated_seed8.pcf: ok (6 rows)
[1930/2400] gen_n80000_rho0.3_anti-correlated_seed9.pcf: ok (6 rows)
[1931/2400] gen_n80000_rho0.3_correlated_seed0.pcf: ok (6 rows)
[1932/2400] gen_n80000_rho0.3_correlated_seed1.pcf: ok (6 rows)
[1933/2400] gen_n80000_rho0.3_correlated_seed2.pcf: ok (6 rows)
[1934/2400] gen_n80000_rho0.3_correlated_seed3.pcf: ok (6 rows)
[1935/2400] gen_n80000_rho0.3_correlated_seed4.pcf: ok (6 rows)
[1936/2400] gen_n80000_rho0.3_correlated_seed5.pcf: ok (6 rows)
[1937/2400] gen_n80000_rho0.3_correlated_seed6.pcf: ok (6 rows)
[1938/2400] gen_n80000_rho0.3_correlated_seed7.pcf: ok (6 rows)
[1939/2400] gen_n80000_rho0.3_correlated_seed8.pcf: ok (6 rows)
[1940/2400] gen_n80000_rho0.3_correlated_seed9.pcf: ok (6 rows)
[1941/2400] gen_n80000_rho0.3_exact-ties_seed0.pcf: ok (6 rows)
[1942/2400] gen_n80000_rho0.3_exact-ties_seed1.pcf: ok (6 rows)
[1943/2400] gen_n80000_rho0.3_exact-ties_seed2.pcf: ok (6 rows)
[1944/2400] gen_n80000_rho0.3_exact-ties_seed3.pcf: ok (6 rows)
[1945/2400] gen_n80000_rho0.3_exact-ties_seed4.pcf: ok (6 rows)
[1946/2400] gen_n80000_rho0.3_exact-ties_seed5.pcf: ok (6 rows)
[1947/2400] gen_n80000_rho0.3_exact-ties_seed6.pcf: ok (6 rows)
[1948/2400] gen_n80000_rho0.3_exact-ties_seed7.pcf: ok (6 rows)
[1949/2400] gen_n80000_rho0.3_exact-ties_seed8.pcf: ok (6 rows)
[1950/2400] gen_n80000_rho0.3_exact-ties_seed9.pcf: ok (6 rows)
[1951/2400] gen_n80000_rho0.3_independent-positive_seed0.pcf: ok (6 rows)
[1952/2400] gen_n80000_rho0.3_independent-positive_seed1.pcf: ok (6 rows)
[1953/2400] gen_n80000_rho0.3_independent-positive_seed2.pcf: ok (6 rows)
[1954/2400] gen_n80000_rho0.3_independent-positive_seed3.pcf: ok (6 rows)
[1955/2400] gen_n80000_rho0.3_independent-positive_seed4.pcf: ok (6 rows)
[1956/2400] gen_n80000_rho0.3_independent-positive_seed5.pcf: ok (6 rows)
[1957/2400] gen_n80000_rho0.3_independent-positive_seed6.pcf: ok (6 rows)
[1958/2400] gen_n80000_rho0.3_independent-positive_seed7.pcf: ok (6 rows)
[1959/2400] gen_n80000_rho0.3_independent-positive_seed8.pcf: ok (6 rows)
[1960/2400] gen_n80000_rho0.3_independent-positive_seed9.pcf: ok (6 rows)
[1961/2400] gen_n80000_rho0.3_independent-signed_seed0.pcf: ok (6 rows)
[1962/2400] gen_n80000_rho0.3_independent-signed_seed1.pcf: ok (6 rows)
[1963/2400] gen_n80000_rho0.3_independent-signed_seed2.pcf: ok (6 rows)
[1964/2400] gen_n80000_rho0.3_independent-signed_seed3.pcf: ok (6 rows)
[1965/2400] gen_n80000_rho0.3_independent-signed_seed4.pcf: ok (6 rows)
[1966/2400] gen_n80000_rho0.3_independent-signed_seed5.pcf: ok (6 rows)
[1967/2400] gen_n80000_rho0.3_independent-signed_seed6.pcf: ok (6 rows)
[1968/2400] gen_n80000_rho0.3_independent-signed_seed7.pcf: ok (6 rows)
[1969/2400] gen_n80000_rho0.3_independent-signed_seed8.pcf: ok (6 rows)
[1970/2400] gen_n80000_rho0.3_independent-signed_seed9.pcf: ok (6 rows)
[1971/2400] gen_n80000_rho0.3_near-ties_seed0.pcf: ok (6 rows)
[1972/2400] gen_n80000_rho0.3_near-ties_seed1.pcf: ok (6 rows)
[1973/2400] gen_n80000_rho0.3_near-ties_seed2.pcf: ok (6 rows)
[1974/2400] gen_n80000_rho0.3_near-ties_seed3.pcf: ok (6 rows)
[1975/2400] gen_n80000_rho0.3_near-ties_seed4.pcf: ok (6 rows)
[1976/2400] gen_n80000_rho0.3_near-ties_seed5.pcf: ok (6 rows)
[1977/2400] gen_n80000_rho0.3_near-ties_seed6.pcf: ok (6 rows)
[1978/2400] gen_n80000_rho0.3_near-ties_seed7.pcf: ok (6 rows)
[1979/2400] gen_n80000_rho0.3_near-ties_seed8.pcf: ok (6 rows)
[1980/2400] gen_n80000_rho0.3_near-ties_seed9.pcf: ok (6 rows)
[1981/2400] gen_n80000_rho0.6_anti-correlated_seed0.pcf: ok (6 rows)
[1982/2400] gen_n80000_rho0.6_anti-correlated_seed1.pcf: ok (6 rows)
[1983/2400] gen_n80000_rho0.6_anti-correlated_seed2.pcf: ok (6 rows)
[1984/2400] gen_n80000_rho0.6_anti-correlated_seed3.pcf: ok (6 rows)
[1985/2400] gen_n80000_rho0.6_anti-correlated_seed4.pcf: ok (6 rows)
[1986/2400] gen_n80000_rho0.6_anti-correlated_seed5.pcf: ok (6 rows)
[1987/2400] gen_n80000_rho0.6_anti-correlated_seed6.pcf: ok (6 rows)
[1988/2400] gen_n80000_rho0.6_anti-correlated_seed7.pcf: ok (6 rows)
[1989/2400] gen_n80000_rho0.6_anti-correlated_seed8.pcf: ok (6 rows)
[1990/2400] gen_n80000_rho0.6_anti-correlated_seed9.pcf: ok (6 rows)
[1991/2400] gen_n80000_rho0.6_correlated_seed0.pcf: ok (6 rows)
[1992/2400] gen_n80000_rho0.6_correlated_seed1.pcf: ok (6 rows)
[1993/2400] gen_n80000_rho0.6_correlated_seed2.pcf: ok (6 rows)
[1994/2400] gen_n80000_rho0.6_correlated_seed3.pcf: ok (6 rows)
[1995/2400] gen_n80000_rho0.6_correlated_seed4.pcf: ok (6 rows)
[1996/2400] gen_n80000_rho0.6_correlated_seed5.pcf: ok (6 rows)
[1997/2400] gen_n80000_rho0.6_correlated_seed6.pcf: ok (6 rows)
[1998/2400] gen_n80000_rho0.6_correlated_seed7.pcf: ok (6 rows)
[1999/2400] gen_n80000_rho0.6_correlated_seed8.pcf: ok (6 rows)
[2000/2400] gen_n80000_rho0.6_correlated_seed9.pcf: ok (6 rows)
[2001/2400] gen_n80000_rho0.6_exact-ties_seed0.pcf: ok (6 rows)
[2002/2400] gen_n80000_rho0.6_exact-ties_seed1.pcf: ok (6 rows)
[2003/2400] gen_n80000_rho0.6_exact-ties_seed2.pcf: ok (6 rows)
[2004/2400] gen_n80000_rho0.6_exact-ties_seed3.pcf: ok (6 rows)
[2005/2400] gen_n80000_rho0.6_exact-ties_seed4.pcf: ok (6 rows)
[2006/2400] gen_n80000_rho0.6_exact-ties_seed5.pcf: ok (6 rows)
[2007/2400] gen_n80000_rho0.6_exact-ties_seed6.pcf: ok (6 rows)
[2008/2400] gen_n80000_rho0.6_exact-ties_seed7.pcf: ok (6 rows)
[2009/2400] gen_n80000_rho0.6_exact-ties_seed8.pcf: ok (6 rows)
[2010/2400] gen_n80000_rho0.6_exact-ties_seed9.pcf: ok (6 rows)
[2011/2400] gen_n80000_rho0.6_independent-positive_seed0.pcf: ok (6 rows)
[2012/2400] gen_n80000_rho0.6_independent-positive_seed1.pcf: ok (6 rows)
[2013/2400] gen_n80000_rho0.6_independent-positive_seed2.pcf: ok (6 rows)
[2014/2400] gen_n80000_rho0.6_independent-positive_seed3.pcf: ok (6 rows)
[2015/2400] gen_n80000_rho0.6_independent-positive_seed4.pcf: ok (6 rows)
[2016/2400] gen_n80000_rho0.6_independent-positive_seed5.pcf: ok (6 rows)
[2017/2400] gen_n80000_rho0.6_independent-positive_seed6.pcf: ok (6 rows)
[2018/2400] gen_n80000_rho0.6_independent-positive_seed7.pcf: ok (6 rows)
[2019/2400] gen_n80000_rho0.6_independent-positive_seed8.pcf: ok (6 rows)
[2020/2400] gen_n80000_rho0.6_independent-positive_seed9.pcf: ok (6 rows)
[2021/2400] gen_n80000_rho0.6_independent-signed_seed0.pcf: ok (6 rows)
[2022/2400] gen_n80000_rho0.6_independent-signed_seed1.pcf: ok (6 rows)
[2023/2400] gen_n80000_rho0.6_independent-signed_seed2.pcf: ok (6 rows)
[2024/2400] gen_n80000_rho0.6_independent-signed_seed3.pcf: ok (6 rows)
[2025/2400] gen_n80000_rho0.6_independent-signed_seed4.pcf: ok (6 rows)
[2026/2400] gen_n80000_rho0.6_independent-signed_seed5.pcf: ok (6 rows)
[2027/2400] gen_n80000_rho0.6_independent-signed_seed6.pcf: ok (6 rows)
[2028/2400] gen_n80000_rho0.6_independent-signed_seed7.pcf: ok (6 rows)
[2029/2400] gen_n80000_rho0.6_independent-signed_seed8.pcf: ok (6 rows)
[2030/2400] gen_n80000_rho0.6_independent-signed_seed9.pcf: ok (6 rows)
[2031/2400] gen_n80000_rho0.6_near-ties_seed0.pcf: ok (6 rows)
[2032/2400] gen_n80000_rho0.6_near-ties_seed1.pcf: ok (6 rows)
[2033/2400] gen_n80000_rho0.6_near-ties_seed2.pcf: ok (6 rows)
[2034/2400] gen_n80000_rho0.6_near-ties_seed3.pcf: ok (6 rows)
[2035/2400] gen_n80000_rho0.6_near-ties_seed4.pcf: ok (6 rows)
[2036/2400] gen_n80000_rho0.6_near-ties_seed5.pcf: ok (6 rows)
[2037/2400] gen_n80000_rho0.6_near-ties_seed6.pcf: ok (6 rows)
[2038/2400] gen_n80000_rho0.6_near-ties_seed7.pcf: ok (6 rows)
[2039/2400] gen_n80000_rho0.6_near-ties_seed8.pcf: ok (6 rows)
[2040/2400] gen_n80000_rho0.6_near-ties_seed9.pcf: ok (6 rows)
[2041/2400] gen_n80000_rho0.9_anti-correlated_seed0.pcf: ok (6 rows)
[2042/2400] gen_n80000_rho0.9_anti-correlated_seed1.pcf: ok (6 rows)
[2043/2400] gen_n80000_rho0.9_anti-correlated_seed2.pcf: ok (6 rows)
[2044/2400] gen_n80000_rho0.9_anti-correlated_seed3.pcf: ok (6 rows)
[2045/2400] gen_n80000_rho0.9_anti-correlated_seed4.pcf: ok (6 rows)
[2046/2400] gen_n80000_rho0.9_anti-correlated_seed5.pcf: ok (6 rows)
[2047/2400] gen_n80000_rho0.9_anti-correlated_seed6.pcf: ok (6 rows)
[2048/2400] gen_n80000_rho0.9_anti-correlated_seed7.pcf: ok (6 rows)
[2049/2400] gen_n80000_rho0.9_anti-correlated_seed8.pcf: ok (6 rows)
[2050/2400] gen_n80000_rho0.9_anti-correlated_seed9.pcf: ok (6 rows)
[2051/2400] gen_n80000_rho0.9_correlated_seed0.pcf: ok (6 rows)
[2052/2400] gen_n80000_rho0.9_correlated_seed1.pcf: ok (6 rows)
[2053/2400] gen_n80000_rho0.9_correlated_seed2.pcf: ok (6 rows)
[2054/2400] gen_n80000_rho0.9_correlated_seed3.pcf: ok (6 rows)
[2055/2400] gen_n80000_rho0.9_correlated_seed4.pcf: ok (6 rows)
[2056/2400] gen_n80000_rho0.9_correlated_seed5.pcf: ok (6 rows)
[2057/2400] gen_n80000_rho0.9_correlated_seed6.pcf: ok (6 rows)
[2058/2400] gen_n80000_rho0.9_correlated_seed7.pcf: ok (6 rows)
[2059/2400] gen_n80000_rho0.9_correlated_seed8.pcf: ok (6 rows)
[2060/2400] gen_n80000_rho0.9_correlated_seed9.pcf: ok (6 rows)
[2061/2400] gen_n80000_rho0.9_exact-ties_seed0.pcf: ok (6 rows)
[2062/2400] gen_n80000_rho0.9_exact-ties_seed1.pcf: ok (6 rows)
[2063/2400] gen_n80000_rho0.9_exact-ties_seed2.pcf: ok (6 rows)
[2064/2400] gen_n80000_rho0.9_exact-ties_seed3.pcf: ok (6 rows)
[2065/2400] gen_n80000_rho0.9_exact-ties_seed4.pcf: ok (6 rows)
[2066/2400] gen_n80000_rho0.9_exact-ties_seed5.pcf: ok (6 rows)
[2067/2400] gen_n80000_rho0.9_exact-ties_seed6.pcf: ok (6 rows)
[2068/2400] gen_n80000_rho0.9_exact-ties_seed7.pcf: ok (6 rows)
[2069/2400] gen_n80000_rho0.9_exact-ties_seed8.pcf: ok (6 rows)
[2070/2400] gen_n80000_rho0.9_exact-ties_seed9.pcf: ok (6 rows)
[2071/2400] gen_n80000_rho0.9_independent-positive_seed0.pcf: ok (6 rows)
[2072/2400] gen_n80000_rho0.9_independent-positive_seed1.pcf: ok (6 rows)
[2073/2400] gen_n80000_rho0.9_independent-positive_seed2.pcf: ok (6 rows)
[2074/2400] gen_n80000_rho0.9_independent-positive_seed3.pcf: ok (6 rows)
[2075/2400] gen_n80000_rho0.9_independent-positive_seed4.pcf: ok (6 rows)
[2076/2400] gen_n80000_rho0.9_independent-positive_seed5.pcf: ok (6 rows)
[2077/2400] gen_n80000_rho0.9_independent-positive_seed6.pcf: ok (6 rows)
[2078/2400] gen_n80000_rho0.9_independent-positive_seed7.pcf: ok (6 rows)
[2079/2400] gen_n80000_rho0.9_independent-positive_seed8.pcf: ok (6 rows)
[2080/2400] gen_n80000_rho0.9_independent-positive_seed9.pcf: ok (6 rows)
[2081/2400] gen_n80000_rho0.9_independent-signed_seed0.pcf: ok (6 rows)
[2082/2400] gen_n80000_rho0.9_independent-signed_seed1.pcf: ok (6 rows)
[2083/2400] gen_n80000_rho0.9_independent-signed_seed2.pcf: ok (6 rows)
[2084/2400] gen_n80000_rho0.9_independent-signed_seed3.pcf: ok (6 rows)
[2085/2400] gen_n80000_rho0.9_independent-signed_seed4.pcf: ok (6 rows)
[2086/2400] gen_n80000_rho0.9_independent-signed_seed5.pcf: ok (6 rows)
[2087/2400] gen_n80000_rho0.9_independent-signed_seed6.pcf: ok (6 rows)
[2088/2400] gen_n80000_rho0.9_independent-signed_seed7.pcf: ok (6 rows)
[2089/2400] gen_n80000_rho0.9_independent-signed_seed8.pcf: ok (6 rows)
[2090/2400] gen_n80000_rho0.9_independent-signed_seed9.pcf: ok (6 rows)
[2091/2400] gen_n80000_rho0.9_near-ties_seed0.pcf: ok (6 rows)
[2092/2400] gen_n80000_rho0.9_near-ties_seed1.pcf: ok (6 rows)
[2093/2400] gen_n80000_rho0.9_near-ties_seed2.pcf: ok (6 rows)
[2094/2400] gen_n80000_rho0.9_near-ties_seed3.pcf: ok (6 rows)
[2095/2400] gen_n80000_rho0.9_near-ties_seed4.pcf: ok (6 rows)
[2096/2400] gen_n80000_rho0.9_near-ties_seed5.pcf: ok (6 rows)
[2097/2400] gen_n80000_rho0.9_near-ties_seed6.pcf: ok (6 rows)
[2098/2400] gen_n80000_rho0.9_near-ties_seed7.pcf: ok (6 rows)
[2099/2400] gen_n80000_rho0.9_near-ties_seed8.pcf: ok (6 rows)
[2100/2400] gen_n80000_rho0.9_near-ties_seed9.pcf: ok (6 rows)
[2101/2400] gen_n80000_rho1.0_anti-correlated_seed0.pcf: ok (6 rows)
[2102/2400] gen_n80000_rho1.0_anti-correlated_seed1.pcf: ok (6 rows)
[2103/2400] gen_n80000_rho1.0_anti-correlated_seed2.pcf: ok (6 rows)
[2104/2400] gen_n80000_rho1.0_anti-correlated_seed3.pcf: ok (6 rows)
[2105/2400] gen_n80000_rho1.0_anti-correlated_seed4.pcf: ok (6 rows)
[2106/2400] gen_n80000_rho1.0_anti-correlated_seed5.pcf: ok (6 rows)
[2107/2400] gen_n80000_rho1.0_anti-correlated_seed6.pcf: ok (6 rows)
[2108/2400] gen_n80000_rho1.0_anti-correlated_seed7.pcf: ok (6 rows)
[2109/2400] gen_n80000_rho1.0_anti-correlated_seed8.pcf: ok (6 rows)
[2110/2400] gen_n80000_rho1.0_anti-correlated_seed9.pcf: ok (6 rows)
[2111/2400] gen_n80000_rho1.0_correlated_seed0.pcf: ok (6 rows)
[2112/2400] gen_n80000_rho1.0_correlated_seed1.pcf: ok (6 rows)
[2113/2400] gen_n80000_rho1.0_correlated_seed2.pcf: ok (6 rows)
[2114/2400] gen_n80000_rho1.0_correlated_seed3.pcf: ok (6 rows)
[2115/2400] gen_n80000_rho1.0_correlated_seed4.pcf: ok (6 rows)
[2116/2400] gen_n80000_rho1.0_correlated_seed5.pcf: ok (6 rows)
[2117/2400] gen_n80000_rho1.0_correlated_seed6.pcf: ok (6 rows)
[2118/2400] gen_n80000_rho1.0_correlated_seed7.pcf: ok (6 rows)
[2119/2400] gen_n80000_rho1.0_correlated_seed8.pcf: ok (6 rows)
[2120/2400] gen_n80000_rho1.0_correlated_seed9.pcf: ok (6 rows)
[2121/2400] gen_n80000_rho1.0_exact-ties_seed0.pcf: ok (6 rows)
[2122/2400] gen_n80000_rho1.0_exact-ties_seed1.pcf: ok (6 rows)
[2123/2400] gen_n80000_rho1.0_exact-ties_seed2.pcf: ok (6 rows)
[2124/2400] gen_n80000_rho1.0_exact-ties_seed3.pcf: ok (6 rows)
[2125/2400] gen_n80000_rho1.0_exact-ties_seed4.pcf: ok (6 rows)
[2126/2400] gen_n80000_rho1.0_exact-ties_seed5.pcf: ok (6 rows)
[2127/2400] gen_n80000_rho1.0_exact-ties_seed6.pcf: ok (6 rows)
[2128/2400] gen_n80000_rho1.0_exact-ties_seed7.pcf: ok (6 rows)
[2129/2400] gen_n80000_rho1.0_exact-ties_seed8.pcf: ok (6 rows)
[2130/2400] gen_n80000_rho1.0_exact-ties_seed9.pcf: ok (6 rows)
[2131/2400] gen_n80000_rho1.0_independent-positive_seed0.pcf: ok (6 rows)
[2132/2400] gen_n80000_rho1.0_independent-positive_seed1.pcf: ok (6 rows)
[2133/2400] gen_n80000_rho1.0_independent-positive_seed2.pcf: ok (6 rows)
[2134/2400] gen_n80000_rho1.0_independent-positive_seed3.pcf: ok (6 rows)
[2135/2400] gen_n80000_rho1.0_independent-positive_seed4.pcf: ok (6 rows)
[2136/2400] gen_n80000_rho1.0_independent-positive_seed5.pcf: ok (6 rows)
[2137/2400] gen_n80000_rho1.0_independent-positive_seed6.pcf: ok (6 rows)
[2138/2400] gen_n80000_rho1.0_independent-positive_seed7.pcf: ok (6 rows)
[2139/2400] gen_n80000_rho1.0_independent-positive_seed8.pcf: ok (6 rows)
[2140/2400] gen_n80000_rho1.0_independent-positive_seed9.pcf: ok (6 rows)
[2141/2400] gen_n80000_rho1.0_independent-signed_seed0.pcf: ok (6 rows)
[2142/2400] gen_n80000_rho1.0_independent-signed_seed1.pcf: ok (6 rows)
[2143/2400] gen_n80000_rho1.0_independent-signed_seed2.pcf: ok (6 rows)
[2144/2400] gen_n80000_rho1.0_independent-signed_seed3.pcf: ok (6 rows)
[2145/2400] gen_n80000_rho1.0_independent-signed_seed4.pcf: ok (6 rows)
[2146/2400] gen_n80000_rho1.0_independent-signed_seed5.pcf: ok (6 rows)
[2147/2400] gen_n80000_rho1.0_independent-signed_seed6.pcf: ok (6 rows)
[2148/2400] gen_n80000_rho1.0_independent-signed_seed7.pcf: ok (6 rows)
[2149/2400] gen_n80000_rho1.0_independent-signed_seed8.pcf: ok (6 rows)
[2150/2400] gen_n80000_rho1.0_independent-signed_seed9.pcf: ok (6 rows)
[2151/2400] gen_n80000_rho1.0_near-ties_seed0.pcf: ok (6 rows)
[2152/2400] gen_n80000_rho1.0_near-ties_seed1.pcf: ok (6 rows)
[2153/2400] gen_n80000_rho1.0_near-ties_seed2.pcf: ok (6 rows)
[2154/2400] gen_n80000_rho1.0_near-ties_seed3.pcf: ok (6 rows)
[2155/2400] gen_n80000_rho1.0_near-ties_seed4.pcf: ok (6 rows)
[2156/2400] gen_n80000_rho1.0_near-ties_seed5.pcf: ok (6 rows)
[2157/2400] gen_n80000_rho1.0_near-ties_seed6.pcf: ok (6 rows)
[2158/2400] gen_n80000_rho1.0_near-ties_seed7.pcf: ok (6 rows)
[2159/2400] gen_n80000_rho1.0_near-ties_seed8.pcf: ok (6 rows)
[2160/2400] gen_n80000_rho1.0_near-ties_seed9.pcf: ok (6 rows)
[2161/2400] gen_n90000_rho0.3_anti-correlated_seed0.pcf: ok (6 rows)
[2162/2400] gen_n90000_rho0.3_anti-correlated_seed1.pcf: ok (6 rows)
[2163/2400] gen_n90000_rho0.3_anti-correlated_seed2.pcf: ok (6 rows)
[2164/2400] gen_n90000_rho0.3_anti-correlated_seed3.pcf: ok (6 rows)
[2165/2400] gen_n90000_rho0.3_anti-correlated_seed4.pcf: ok (6 rows)
[2166/2400] gen_n90000_rho0.3_anti-correlated_seed5.pcf: ok (6 rows)
[2167/2400] gen_n90000_rho0.3_anti-correlated_seed6.pcf: ok (6 rows)
[2168/2400] gen_n90000_rho0.3_anti-correlated_seed7.pcf: ok (6 rows)
[2169/2400] gen_n90000_rho0.3_anti-correlated_seed8.pcf: ok (6 rows)
[2170/2400] gen_n90000_rho0.3_anti-correlated_seed9.pcf: ok (6 rows)
[2171/2400] gen_n90000_rho0.3_correlated_seed0.pcf: ok (6 rows)
[2172/2400] gen_n90000_rho0.3_correlated_seed1.pcf: ok (6 rows)
[2173/2400] gen_n90000_rho0.3_correlated_seed2.pcf: ok (6 rows)
[2174/2400] gen_n90000_rho0.3_correlated_seed3.pcf: ok (6 rows)
[2175/2400] gen_n90000_rho0.3_correlated_seed4.pcf: ok (6 rows)
[2176/2400] gen_n90000_rho0.3_correlated_seed5.pcf: ok (6 rows)
[2177/2400] gen_n90000_rho0.3_correlated_seed6.pcf: ok (6 rows)
[2178/2400] gen_n90000_rho0.3_correlated_seed7.pcf: ok (6 rows)
[2179/2400] gen_n90000_rho0.3_correlated_seed8.pcf: ok (6 rows)
[2180/2400] gen_n90000_rho0.3_correlated_seed9.pcf: ok (6 rows)
[2181/2400] gen_n90000_rho0.3_exact-ties_seed0.pcf: ok (6 rows)
[2182/2400] gen_n90000_rho0.3_exact-ties_seed1.pcf: ok (6 rows)
[2183/2400] gen_n90000_rho0.3_exact-ties_seed2.pcf: ok (6 rows)
[2184/2400] gen_n90000_rho0.3_exact-ties_seed3.pcf: ok (6 rows)
[2185/2400] gen_n90000_rho0.3_exact-ties_seed4.pcf: ok (6 rows)
[2186/2400] gen_n90000_rho0.3_exact-ties_seed5.pcf: ok (6 rows)
[2187/2400] gen_n90000_rho0.3_exact-ties_seed6.pcf: ok (6 rows)
[2188/2400] gen_n90000_rho0.3_exact-ties_seed7.pcf: ok (6 rows)
[2189/2400] gen_n90000_rho0.3_exact-ties_seed8.pcf: ok (6 rows)
[2190/2400] gen_n90000_rho0.3_exact-ties_seed9.pcf: ok (6 rows)
[2191/2400] gen_n90000_rho0.3_independent-positive_seed0.pcf: ok (6 rows)
[2192/2400] gen_n90000_rho0.3_independent-positive_seed1.pcf: ok (6 rows)
[2193/2400] gen_n90000_rho0.3_independent-positive_seed2.pcf: ok (6 rows)
[2194/2400] gen_n90000_rho0.3_independent-positive_seed3.pcf: ok (6 rows)
[2195/2400] gen_n90000_rho0.3_independent-positive_seed4.pcf: ok (6 rows)
[2196/2400] gen_n90000_rho0.3_independent-positive_seed5.pcf: ok (6 rows)
[2197/2400] gen_n90000_rho0.3_independent-positive_seed6.pcf: ok (6 rows)
[2198/2400] gen_n90000_rho0.3_independent-positive_seed7.pcf: ok (6 rows)
[2199/2400] gen_n90000_rho0.3_independent-positive_seed8.pcf: ok (6 rows)
[2200/2400] gen_n90000_rho0.3_independent-positive_seed9.pcf: ok (6 rows)
[2201/2400] gen_n90000_rho0.3_independent-signed_seed0.pcf: ok (6 rows)
[2202/2400] gen_n90000_rho0.3_independent-signed_seed1.pcf: ok (6 rows)
[2203/2400] gen_n90000_rho0.3_independent-signed_seed2.pcf: ok (6 rows)
[2204/2400] gen_n90000_rho0.3_independent-signed_seed3.pcf: ok (6 rows)
[2205/2400] gen_n90000_rho0.3_independent-signed_seed4.pcf: ok (6 rows)
[2206/2400] gen_n90000_rho0.3_independent-signed_seed5.pcf: ok (6 rows)
[2207/2400] gen_n90000_rho0.3_independent-signed_seed6.pcf: ok (6 rows)
[2208/2400] gen_n90000_rho0.3_independent-signed_seed7.pcf: ok (6 rows)
[2209/2400] gen_n90000_rho0.3_independent-signed_seed8.pcf: ok (6 rows)
[2210/2400] gen_n90000_rho0.3_independent-signed_seed9.pcf: ok (6 rows)
[2211/2400] gen_n90000_rho0.3_near-ties_seed0.pcf: ok (6 rows)
[2212/2400] gen_n90000_rho0.3_near-ties_seed1.pcf: ok (6 rows)
[2213/2400] gen_n90000_rho0.3_near-ties_seed2.pcf: ok (6 rows)
[2214/2400] gen_n90000_rho0.3_near-ties_seed3.pcf: ok (6 rows)
[2215/2400] gen_n90000_rho0.3_near-ties_seed4.pcf: ok (6 rows)
[2216/2400] gen_n90000_rho0.3_near-ties_seed5.pcf: ok (6 rows)
[2217/2400] gen_n90000_rho0.3_near-ties_seed6.pcf: ok (6 rows)
[2218/2400] gen_n90000_rho0.3_near-ties_seed7.pcf: ok (6 rows)
[2219/2400] gen_n90000_rho0.3_near-ties_seed8.pcf: ok (6 rows)
[2220/2400] gen_n90000_rho0.3_near-ties_seed9.pcf: ok (6 rows)
[2221/2400] gen_n90000_rho0.6_anti-correlated_seed0.pcf: ok (6 rows)
[2222/2400] gen_n90000_rho0.6_anti-correlated_seed1.pcf: ok (6 rows)
[2223/2400] gen_n90000_rho0.6_anti-correlated_seed2.pcf: ok (6 rows)
[2224/2400] gen_n90000_rho0.6_anti-correlated_seed3.pcf: ok (6 rows)
[2225/2400] gen_n90000_rho0.6_anti-correlated_seed4.pcf: ok (6 rows)
[2226/2400] gen_n90000_rho0.6_anti-correlated_seed5.pcf: ok (6 rows)
[2227/2400] gen_n90000_rho0.6_anti-correlated_seed6.pcf: ok (6 rows)
[2228/2400] gen_n90000_rho0.6_anti-correlated_seed7.pcf: ok (6 rows)
[2229/2400] gen_n90000_rho0.6_anti-correlated_seed8.pcf: ok (6 rows)
[2230/2400] gen_n90000_rho0.6_anti-correlated_seed9.pcf: ok (6 rows)
[2231/2400] gen_n90000_rho0.6_correlated_seed0.pcf: ok (6 rows)
[2232/2400] gen_n90000_rho0.6_correlated_seed1.pcf: ok (6 rows)
[2233/2400] gen_n90000_rho0.6_correlated_seed2.pcf: ok (6 rows)
[2234/2400] gen_n90000_rho0.6_correlated_seed3.pcf: ok (6 rows)
[2235/2400] gen_n90000_rho0.6_correlated_seed4.pcf: ok (6 rows)
[2236/2400] gen_n90000_rho0.6_correlated_seed5.pcf: ok (6 rows)
[2237/2400] gen_n90000_rho0.6_correlated_seed6.pcf: ok (6 rows)
[2238/2400] gen_n90000_rho0.6_correlated_seed7.pcf: ok (6 rows)
[2239/2400] gen_n90000_rho0.6_correlated_seed8.pcf: ok (6 rows)
[2240/2400] gen_n90000_rho0.6_correlated_seed9.pcf: ok (6 rows)
[2241/2400] gen_n90000_rho0.6_exact-ties_seed0.pcf: ok (6 rows)
[2242/2400] gen_n90000_rho0.6_exact-ties_seed1.pcf: ok (6 rows)
[2243/2400] gen_n90000_rho0.6_exact-ties_seed2.pcf: ok (6 rows)
[2244/2400] gen_n90000_rho0.6_exact-ties_seed3.pcf: ok (6 rows)
[2245/2400] gen_n90000_rho0.6_exact-ties_seed4.pcf: ok (6 rows)
[2246/2400] gen_n90000_rho0.6_exact-ties_seed5.pcf: ok (6 rows)
[2247/2400] gen_n90000_rho0.6_exact-ties_seed6.pcf: ok (6 rows)
[2248/2400] gen_n90000_rho0.6_exact-ties_seed7.pcf: ok (6 rows)
[2249/2400] gen_n90000_rho0.6_exact-ties_seed8.pcf: ok (6 rows)
[2250/2400] gen_n90000_rho0.6_exact-ties_seed9.pcf: ok (6 rows)
[2251/2400] gen_n90000_rho0.6_independent-positive_seed0.pcf: ok (6 rows)
[2252/2400] gen_n90000_rho0.6_independent-positive_seed1.pcf: ok (6 rows)
[2253/2400] gen_n90000_rho0.6_independent-positive_seed2.pcf: ok (6 rows)
[2254/2400] gen_n90000_rho0.6_independent-positive_seed3.pcf: ok (6 rows)
[2255/2400] gen_n90000_rho0.6_independent-positive_seed4.pcf: ok (6 rows)
[2256/2400] gen_n90000_rho0.6_independent-positive_seed5.pcf: ok (6 rows)
[2257/2400] gen_n90000_rho0.6_independent-positive_seed6.pcf: ok (6 rows)
[2258/2400] gen_n90000_rho0.6_independent-positive_seed7.pcf: ok (6 rows)
[2259/2400] gen_n90000_rho0.6_independent-positive_seed8.pcf: ok (6 rows)
[2260/2400] gen_n90000_rho0.6_independent-positive_seed9.pcf: ok (6 rows)
[2261/2400] gen_n90000_rho0.6_independent-signed_seed0.pcf: ok (6 rows)
[2262/2400] gen_n90000_rho0.6_independent-signed_seed1.pcf: ok (6 rows)
[2263/2400] gen_n90000_rho0.6_independent-signed_seed2.pcf: ok (6 rows)
[2264/2400] gen_n90000_rho0.6_independent-signed_seed3.pcf: ok (6 rows)
[2265/2400] gen_n90000_rho0.6_independent-signed_seed4.pcf: ok (6 rows)
[2266/2400] gen_n90000_rho0.6_independent-signed_seed5.pcf: ok (6 rows)
[2267/2400] gen_n90000_rho0.6_independent-signed_seed6.pcf: ok (6 rows)
[2268/2400] gen_n90000_rho0.6_independent-signed_seed7.pcf: ok (6 rows)
[2269/2400] gen_n90000_rho0.6_independent-signed_seed8.pcf: ok (6 rows)
[2270/2400] gen_n90000_rho0.6_independent-signed_seed9.pcf: ok (6 rows)
[2271/2400] gen_n90000_rho0.6_near-ties_seed0.pcf: ok (6 rows)
[2272/2400] gen_n90000_rho0.6_near-ties_seed1.pcf: ok (6 rows)
[2273/2400] gen_n90000_rho0.6_near-ties_seed2.pcf: ok (6 rows)
[2274/2400] gen_n90000_rho0.6_near-ties_seed3.pcf: ok (6 rows)
[2275/2400] gen_n90000_rho0.6_near-ties_seed4.pcf: ok (6 rows)
[2276/2400] gen_n90000_rho0.6_near-ties_seed5.pcf: ok (6 rows)
[2277/2400] gen_n90000_rho0.6_near-ties_seed6.pcf: ok (6 rows)
[2278/2400] gen_n90000_rho0.6_near-ties_seed7.pcf: ok (6 rows)
[2279/2400] gen_n90000_rho0.6_near-ties_seed8.pcf: ok (6 rows)
[2280/2400] gen_n90000_rho0.6_near-ties_seed9.pcf: ok (6 rows)
[2281/2400] gen_n90000_rho0.9_anti-correlated_seed0.pcf: ok (6 rows)
[2282/2400] gen_n90000_rho0.9_anti-correlated_seed1.pcf: ok (6 rows)
[2283/2400] gen_n90000_rho0.9_anti-correlated_seed2.pcf: ok (6 rows)
[2284/2400] gen_n90000_rho0.9_anti-correlated_seed3.pcf: ok (6 rows)
[2285/2400] gen_n90000_rho0.9_anti-correlated_seed4.pcf: ok (6 rows)
[2286/2400] gen_n90000_rho0.9_anti-correlated_seed5.pcf: ok (6 rows)
[2287/2400] gen_n90000_rho0.9_anti-correlated_seed6.pcf: ok (6 rows)
[2288/2400] gen_n90000_rho0.9_anti-correlated_seed7.pcf: ok (6 rows)
[2289/2400] gen_n90000_rho0.9_anti-correlated_seed8.pcf: ok (6 rows)
[2290/2400] gen_n90000_rho0.9_anti-correlated_seed9.pcf: ok (6 rows)
[2291/2400] gen_n90000_rho0.9_correlated_seed0.pcf: ok (6 rows)
[2292/2400] gen_n90000_rho0.9_correlated_seed1.pcf: ok (6 rows)
[2293/2400] gen_n90000_rho0.9_correlated_seed2.pcf: ok (6 rows)
[2294/2400] gen_n90000_rho0.9_correlated_seed3.pcf: ok (6 rows)
[2295/2400] gen_n90000_rho0.9_correlated_seed4.pcf: ok (6 rows)
[2296/2400] gen_n90000_rho0.9_correlated_seed5.pcf: ok (6 rows)
[2297/2400] gen_n90000_rho0.9_correlated_seed6.pcf: ok (6 rows)
[2298/2400] gen_n90000_rho0.9_correlated_seed7.pcf: ok (6 rows)
[2299/2400] gen_n90000_rho0.9_correlated_seed8.pcf: ok (6 rows)
[2300/2400] gen_n90000_rho0.9_correlated_seed9.pcf: ok (6 rows)
[2301/2400] gen_n90000_rho0.9_exact-ties_seed0.pcf: ok (6 rows)
[2302/2400] gen_n90000_rho0.9_exact-ties_seed1.pcf: ok (6 rows)
[2303/2400] gen_n90000_rho0.9_exact-ties_seed2.pcf: ok (6 rows)
[2304/2400] gen_n90000_rho0.9_exact-ties_seed3.pcf: ok (6 rows)
[2305/2400] gen_n90000_rho0.9_exact-ties_seed4.pcf: ok (6 rows)
[2306/2400] gen_n90000_rho0.9_exact-ties_seed5.pcf: ok (6 rows)
[2307/2400] gen_n90000_rho0.9_exact-ties_seed6.pcf: ok (6 rows)
[2308/2400] gen_n90000_rho0.9_exact-ties_seed7.pcf: ok (6 rows)
[2309/2400] gen_n90000_rho0.9_exact-ties_seed8.pcf: ok (6 rows)
[2310/2400] gen_n90000_rho0.9_exact-ties_seed9.pcf: ok (6 rows)
[2311/2400] gen_n90000_rho0.9_independent-positive_seed0.pcf: ok (6 rows)
[2312/2400] gen_n90000_rho0.9_independent-positive_seed1.pcf: ok (6 rows)
[2313/2400] gen_n90000_rho0.9_independent-positive_seed2.pcf: ok (6 rows)
[2314/2400] gen_n90000_rho0.9_independent-positive_seed3.pcf: ok (6 rows)
[2315/2400] gen_n90000_rho0.9_independent-positive_seed4.pcf: ok (6 rows)
[2316/2400] gen_n90000_rho0.9_independent-positive_seed5.pcf: ok (6 rows)
[2317/2400] gen_n90000_rho0.9_independent-positive_seed6.pcf: ok (6 rows)
[2318/2400] gen_n90000_rho0.9_independent-positive_seed7.pcf: ok (6 rows)
[2319/2400] gen_n90000_rho0.9_independent-positive_seed8.pcf: ok (6 rows)
[2320/2400] gen_n90000_rho0.9_independent-positive_seed9.pcf: ok (6 rows)
[2321/2400] gen_n90000_rho0.9_independent-signed_seed0.pcf: ok (6 rows)
[2322/2400] gen_n90000_rho0.9_independent-signed_seed1.pcf: ok (6 rows)
[2323/2400] gen_n90000_rho0.9_independent-signed_seed2.pcf: ok (6 rows)
[2324/2400] gen_n90000_rho0.9_independent-signed_seed3.pcf: ok (6 rows)
[2325/2400] gen_n90000_rho0.9_independent-signed_seed4.pcf: ok (6 rows)
[2326/2400] gen_n90000_rho0.9_independent-signed_seed5.pcf: ok (6 rows)
[2327/2400] gen_n90000_rho0.9_independent-signed_seed6.pcf: ok (6 rows)
[2328/2400] gen_n90000_rho0.9_independent-signed_seed7.pcf: ok (6 rows)
[2329/2400] gen_n90000_rho0.9_independent-signed_seed8.pcf: ok (6 rows)
[2330/2400] gen_n90000_rho0.9_independent-signed_seed9.pcf: ok (6 rows)
[2331/2400] gen_n90000_rho0.9_near-ties_seed0.pcf: ok (6 rows)
[2332/2400] gen_n90000_rho0.9_near-ties_seed1.pcf: ok (6 rows)
[2333/2400] gen_n90000_rho0.9_near-ties_seed2.pcf: ok (6 rows)
[2334/2400] gen_n90000_rho0.9_near-ties_seed3.pcf: ok (6 rows)
[2335/2400] gen_n90000_rho0.9_near-ties_seed4.pcf: ok (6 rows)
[2336/2400] gen_n90000_rho0.9_near-ties_seed5.pcf: ok (6 rows)
[2337/2400] gen_n90000_rho0.9_near-ties_seed6.pcf: ok (6 rows)
[2338/2400] gen_n90000_rho0.9_near-ties_seed7.pcf: ok (6 rows)
[2339/2400] gen_n90000_rho0.9_near-ties_seed8.pcf: ok (6 rows)
[2340/2400] gen_n90000_rho0.9_near-ties_seed9.pcf: ok (6 rows)
[2341/2400] gen_n90000_rho1.0_anti-correlated_seed0.pcf: ok (6 rows)
[2342/2400] gen_n90000_rho1.0_anti-correlated_seed1.pcf: ok (6 rows)
[2343/2400] gen_n90000_rho1.0_anti-correlated_seed2.pcf: ok (6 rows)
[2344/2400] gen_n90000_rho1.0_anti-correlated_seed3.pcf: ok (6 rows)
[2345/2400] gen_n90000_rho1.0_anti-correlated_seed4.pcf: ok (6 rows)
[2346/2400] gen_n90000_rho1.0_anti-correlated_seed5.pcf: ok (6 rows)
[2347/2400] gen_n90000_rho1.0_anti-correlated_seed6.pcf: ok (6 rows)
[2348/2400] gen_n90000_rho1.0_anti-correlated_seed7.pcf: ok (6 rows)
[2349/2400] gen_n90000_rho1.0_anti-correlated_seed8.pcf: ok (6 rows)
[2350/2400] gen_n90000_rho1.0_anti-correlated_seed9.pcf: ok (6 rows)
[2351/2400] gen_n90000_rho1.0_correlated_seed0.pcf: ok (6 rows)
[2352/2400] gen_n90000_rho1.0_correlated_seed1.pcf: ok (6 rows)
[2353/2400] gen_n90000_rho1.0_correlated_seed2.pcf: ok (6 rows)
[2354/2400] gen_n90000_rho1.0_correlated_seed3.pcf: ok (6 rows)
[2355/2400] gen_n90000_rho1.0_correlated_seed4.pcf: ok (6 rows)
[2356/2400] gen_n90000_rho1.0_correlated_seed5.pcf: ok (6 rows)
[2357/2400] gen_n90000_rho1.0_correlated_seed6.pcf: ok (6 rows)
[2358/2400] gen_n90000_rho1.0_correlated_seed7.pcf: ok (6 rows)
[2359/2400] gen_n90000_rho1.0_correlated_seed8.pcf: ok (6 rows)
[2360/2400] gen_n90000_rho1.0_correlated_seed9.pcf: ok (6 rows)
[2361/2400] gen_n90000_rho1.0_exact-ties_seed0.pcf: ok (6 rows)
[2362/2400] gen_n90000_rho1.0_exact-ties_seed1.pcf: ok (6 rows)
[2363/2400] gen_n90000_rho1.0_exact-ties_seed2.pcf: ok (6 rows)
[2364/2400] gen_n90000_rho1.0_exact-ties_seed3.pcf: ok (6 rows)
[2365/2400] gen_n90000_rho1.0_exact-ties_seed4.pcf: ok (6 rows)
[2366/2400] gen_n90000_rho1.0_exact-ties_seed5.pcf: ok (6 rows)
[2367/2400] gen_n90000_rho1.0_exact-ties_seed6.pcf: ok (6 rows)
[2368/2400] gen_n90000_rho1.0_exact-ties_seed7.pcf: ok (6 rows)
[2369/2400] gen_n90000_rho1.0_exact-ties_seed8.pcf: ok (6 rows)
[2370/2400] gen_n90000_rho1.0_exact-ties_seed9.pcf: ok (6 rows)
[2371/2400] gen_n90000_rho1.0_independent-positive_seed0.pcf: ok (6 rows)
[2372/2400] gen_n90000_rho1.0_independent-positive_seed1.pcf: ok (6 rows)
[2373/2400] gen_n90000_rho1.0_independent-positive_seed2.pcf: ok (6 rows)
[2374/2400] gen_n90000_rho1.0_independent-positive_seed3.pcf: ok (6 rows)
[2375/2400] gen_n90000_rho1.0_independent-positive_seed4.pcf: ok (6 rows)
[2376/2400] gen_n90000_rho1.0_independent-positive_seed5.pcf: ok (6 rows)
[2377/2400] gen_n90000_rho1.0_independent-positive_seed6.pcf: ok (6 rows)
[2378/2400] gen_n90000_rho1.0_independent-positive_seed7.pcf: ok (6 rows)
[2379/2400] gen_n90000_rho1.0_independent-positive_seed8.pcf: ok (6 rows)
[2380/2400] gen_n90000_rho1.0_independent-positive_seed9.pcf: ok (6 rows)
[2381/2400] gen_n90000_rho1.0_independent-signed_seed0.pcf: ok (6 rows)
[2382/2400] gen_n90000_rho1.0_independent-signed_seed1.pcf: ok (6 rows)
[2383/2400] gen_n90000_rho1.0_independent-signed_seed2.pcf: ok (6 rows)
[2384/2400] gen_n90000_rho1.0_independent-signed_seed3.pcf: ok (6 rows)
[2385/2400] gen_n90000_rho1.0_independent-signed_seed4.pcf: ok (6 rows)
[2386/2400] gen_n90000_rho1.0_independent-signed_seed5.pcf: ok (6 rows)
[2387/2400] gen_n90000_rho1.0_independent-signed_seed6.pcf: ok (6 rows)
[2388/2400] gen_n90000_rho1.0_independent-signed_seed7.pcf: ok (6 rows)
[2389/2400] gen_n90000_rho1.0_independent-signed_seed8.pcf: ok (6 rows)
[2390/2400] gen_n90000_rho1.0_independent-signed_seed9.pcf: ok (6 rows)
[2391/2400] gen_n90000_rho1.0_near-ties_seed0.pcf: ok (6 rows)
[2392/2400] gen_n90000_rho1.0_near-ties_seed1.pcf: ok (6 rows)
[2393/2400] gen_n90000_rho1.0_near-ties_seed2.pcf: ok (6 rows)
[2394/2400] gen_n90000_rho1.0_near-ties_seed3.pcf: ok (6 rows)
[2395/2400] gen_n90000_rho1.0_near-ties_seed4.pcf: ok (6 rows)
[2396/2400] gen_n90000_rho1.0_near-ties_seed5.pcf: ok (6 rows)
[2397/2400] gen_n90000_rho1.0_near-ties_seed6.pcf: ok (6 rows)
[2398/2400] gen_n90000_rho1.0_near-ties_seed7.pcf: ok (6 rows)
[2399/2400] gen_n90000_rho1.0_near-ties_seed8.pcf: ok (6 rows)
[2400/2400] gen_n90000_rho1.0_near-ties_seed9.pcf: ok (6 rows)
wrote results/raw/campaign_c_hfma-rac.csv (14400 rows), results/raw/campaign_c_hfma-rac.failures.csv (0 censored instances)
=== campaign_c :: fma (2 reps) on instances/campaign_c_fma_subset -> results/raw/campaign_c_fma.csv ===
[1/240] gen_n10000_rho0.3_anti-correlated_seed0.pcf: ok (2 rows)
[2/240] gen_n10000_rho0.3_anti-correlated_seed1.pcf: ok (2 rows)
[3/240] gen_n10000_rho0.3_anti-correlated_seed2.pcf: ok (2 rows)
[4/240] gen_n10000_rho0.3_anti-correlated_seed3.pcf: ok (2 rows)
[5/240] gen_n10000_rho0.3_anti-correlated_seed4.pcf: ok (2 rows)
[6/240] gen_n10000_rho0.3_anti-correlated_seed5.pcf: ok (2 rows)
[7/240] gen_n10000_rho0.3_anti-correlated_seed6.pcf: ok (2 rows)
[8/240] gen_n10000_rho0.3_anti-correlated_seed7.pcf: ok (2 rows)
[9/240] gen_n10000_rho0.3_anti-correlated_seed8.pcf: ok (2 rows)
[10/240] gen_n10000_rho0.3_anti-correlated_seed9.pcf: ok (2 rows)
[11/240] gen_n10000_rho0.3_correlated_seed0.pcf: ok (2 rows)
[12/240] gen_n10000_rho0.3_correlated_seed1.pcf: ok (2 rows)
[13/240] gen_n10000_rho0.3_correlated_seed2.pcf: ok (2 rows)
[14/240] gen_n10000_rho0.3_correlated_seed3.pcf: ok (2 rows)
[15/240] gen_n10000_rho0.3_correlated_seed4.pcf: ok (2 rows)
[16/240] gen_n10000_rho0.3_correlated_seed5.pcf: ok (2 rows)
[17/240] gen_n10000_rho0.3_correlated_seed6.pcf: ok (2 rows)
[18/240] gen_n10000_rho0.3_correlated_seed7.pcf: ok (2 rows)
[19/240] gen_n10000_rho0.3_correlated_seed8.pcf: ok (2 rows)
[20/240] gen_n10000_rho0.3_correlated_seed9.pcf: ok (2 rows)
[21/240] gen_n10000_rho0.3_exact-ties_seed0.pcf: ok (2 rows)
[22/240] gen_n10000_rho0.3_exact-ties_seed1.pcf: ok (2 rows)
[23/240] gen_n10000_rho0.3_exact-ties_seed2.pcf: ok (2 rows)
[24/240] gen_n10000_rho0.3_exact-ties_seed3.pcf: ok (2 rows)
[25/240] gen_n10000_rho0.3_exact-ties_seed4.pcf: ok (2 rows)
[26/240] gen_n10000_rho0.3_exact-ties_seed5.pcf: ok (2 rows)
[27/240] gen_n10000_rho0.3_exact-ties_seed6.pcf: ok (2 rows)
[28/240] gen_n10000_rho0.3_exact-ties_seed7.pcf: ok (2 rows)
[29/240] gen_n10000_rho0.3_exact-ties_seed8.pcf: ok (2 rows)
[30/240] gen_n10000_rho0.3_exact-ties_seed9.pcf: ok (2 rows)
[31/240] gen_n10000_rho0.3_independent-positive_seed0.pcf: ok (2 rows)
[32/240] gen_n10000_rho0.3_independent-positive_seed1.pcf: ok (2 rows)
[33/240] gen_n10000_rho0.3_independent-positive_seed2.pcf: ok (2 rows)
[34/240] gen_n10000_rho0.3_independent-positive_seed3.pcf: ok (2 rows)
[35/240] gen_n10000_rho0.3_independent-positive_seed4.pcf: ok (2 rows)
[36/240] gen_n10000_rho0.3_independent-positive_seed5.pcf: ok (2 rows)
[37/240] gen_n10000_rho0.3_independent-positive_seed6.pcf: ok (2 rows)
[38/240] gen_n10000_rho0.3_independent-positive_seed7.pcf: ok (2 rows)
[39/240] gen_n10000_rho0.3_independent-positive_seed8.pcf: ok (2 rows)
[40/240] gen_n10000_rho0.3_independent-positive_seed9.pcf: ok (2 rows)
[41/240] gen_n10000_rho0.3_independent-signed_seed0.pcf: ok (2 rows)
[42/240] gen_n10000_rho0.3_independent-signed_seed1.pcf: ok (2 rows)
[43/240] gen_n10000_rho0.3_independent-signed_seed2.pcf: ok (2 rows)
[44/240] gen_n10000_rho0.3_independent-signed_seed3.pcf: ok (2 rows)
[45/240] gen_n10000_rho0.3_independent-signed_seed4.pcf: ok (2 rows)
[46/240] gen_n10000_rho0.3_independent-signed_seed5.pcf: ok (2 rows)
[47/240] gen_n10000_rho0.3_independent-signed_seed6.pcf: ok (2 rows)
[48/240] gen_n10000_rho0.3_independent-signed_seed7.pcf: ok (2 rows)
[49/240] gen_n10000_rho0.3_independent-signed_seed8.pcf: ok (2 rows)
[50/240] gen_n10000_rho0.3_independent-signed_seed9.pcf: ok (2 rows)
[51/240] gen_n10000_rho0.3_near-ties_seed0.pcf: ok (2 rows)
[52/240] gen_n10000_rho0.3_near-ties_seed1.pcf: ok (2 rows)
[53/240] gen_n10000_rho0.3_near-ties_seed2.pcf: ok (2 rows)
[54/240] gen_n10000_rho0.3_near-ties_seed3.pcf: ok (2 rows)
[55/240] gen_n10000_rho0.3_near-ties_seed4.pcf: ok (2 rows)
[56/240] gen_n10000_rho0.3_near-ties_seed5.pcf: ok (2 rows)
[57/240] gen_n10000_rho0.3_near-ties_seed6.pcf: ok (2 rows)
[58/240] gen_n10000_rho0.3_near-ties_seed7.pcf: ok (2 rows)
[59/240] gen_n10000_rho0.3_near-ties_seed8.pcf: ok (2 rows)
[60/240] gen_n10000_rho0.3_near-ties_seed9.pcf: ok (2 rows)
[61/240] gen_n10000_rho0.6_anti-correlated_seed0.pcf: ok (2 rows)
[62/240] gen_n10000_rho0.6_anti-correlated_seed1.pcf: ok (2 rows)
[63/240] gen_n10000_rho0.6_anti-correlated_seed2.pcf: ok (2 rows)
[64/240] gen_n10000_rho0.6_anti-correlated_seed3.pcf: ok (2 rows)
[65/240] gen_n10000_rho0.6_anti-correlated_seed4.pcf: ok (2 rows)
[66/240] gen_n10000_rho0.6_anti-correlated_seed5.pcf: ok (2 rows)
[67/240] gen_n10000_rho0.6_anti-correlated_seed6.pcf: ok (2 rows)
[68/240] gen_n10000_rho0.6_anti-correlated_seed7.pcf: ok (2 rows)
[69/240] gen_n10000_rho0.6_anti-correlated_seed8.pcf: ok (2 rows)
[70/240] gen_n10000_rho0.6_anti-correlated_seed9.pcf: ok (2 rows)
[71/240] gen_n10000_rho0.6_correlated_seed0.pcf: ok (2 rows)
[72/240] gen_n10000_rho0.6_correlated_seed1.pcf: ok (2 rows)
[73/240] gen_n10000_rho0.6_correlated_seed2.pcf: ok (2 rows)
[74/240] gen_n10000_rho0.6_correlated_seed3.pcf: ok (2 rows)
[75/240] gen_n10000_rho0.6_correlated_seed4.pcf: ok (2 rows)
[76/240] gen_n10000_rho0.6_correlated_seed5.pcf: ok (2 rows)
[77/240] gen_n10000_rho0.6_correlated_seed6.pcf: ok (2 rows)
[78/240] gen_n10000_rho0.6_correlated_seed7.pcf: ok (2 rows)
[79/240] gen_n10000_rho0.6_correlated_seed8.pcf: ok (2 rows)
[80/240] gen_n10000_rho0.6_correlated_seed9.pcf: ok (2 rows)
[81/240] gen_n10000_rho0.6_exact-ties_seed0.pcf: ok (2 rows)
[82/240] gen_n10000_rho0.6_exact-ties_seed1.pcf: ok (2 rows)
[83/240] gen_n10000_rho0.6_exact-ties_seed2.pcf: ok (2 rows)
[84/240] gen_n10000_rho0.6_exact-ties_seed3.pcf: ok (2 rows)
[85/240] gen_n10000_rho0.6_exact-ties_seed4.pcf: ok (2 rows)
[86/240] gen_n10000_rho0.6_exact-ties_seed5.pcf: ok (2 rows)
[87/240] gen_n10000_rho0.6_exact-ties_seed6.pcf: ok (2 rows)
[88/240] gen_n10000_rho0.6_exact-ties_seed7.pcf: ok (2 rows)
[89/240] gen_n10000_rho0.6_exact-ties_seed8.pcf: ok (2 rows)
[90/240] gen_n10000_rho0.6_exact-ties_seed9.pcf: ok (2 rows)
[91/240] gen_n10000_rho0.6_independent-positive_seed0.pcf: ok (2 rows)
[92/240] gen_n10000_rho0.6_independent-positive_seed1.pcf: ok (2 rows)
[93/240] gen_n10000_rho0.6_independent-positive_seed2.pcf: ok (2 rows)
[94/240] gen_n10000_rho0.6_independent-positive_seed3.pcf: ok (2 rows)
[95/240] gen_n10000_rho0.6_independent-positive_seed4.pcf: ok (2 rows)
[96/240] gen_n10000_rho0.6_independent-positive_seed5.pcf: ok (2 rows)
[97/240] gen_n10000_rho0.6_independent-positive_seed6.pcf: ok (2 rows)
[98/240] gen_n10000_rho0.6_independent-positive_seed7.pcf: ok (2 rows)
[99/240] gen_n10000_rho0.6_independent-positive_seed8.pcf: ok (2 rows)
[100/240] gen_n10000_rho0.6_independent-positive_seed9.pcf: ok (2 rows)
[101/240] gen_n10000_rho0.6_independent-signed_seed0.pcf: ok (2 rows)
[102/240] gen_n10000_rho0.6_independent-signed_seed1.pcf: ok (2 rows)
[103/240] gen_n10000_rho0.6_independent-signed_seed2.pcf: ok (2 rows)
[104/240] gen_n10000_rho0.6_independent-signed_seed3.pcf: ok (2 rows)
[105/240] gen_n10000_rho0.6_independent-signed_seed4.pcf: ok (2 rows)
[106/240] gen_n10000_rho0.6_independent-signed_seed5.pcf: ok (2 rows)
[107/240] gen_n10000_rho0.6_independent-signed_seed6.pcf: ok (2 rows)
[108/240] gen_n10000_rho0.6_independent-signed_seed7.pcf: ok (2 rows)
[109/240] gen_n10000_rho0.6_independent-signed_seed8.pcf: ok (2 rows)
[110/240] gen_n10000_rho0.6_independent-signed_seed9.pcf: ok (2 rows)
[111/240] gen_n10000_rho0.6_near-ties_seed0.pcf: ok (2 rows)
[112/240] gen_n10000_rho0.6_near-ties_seed1.pcf: ok (2 rows)
[113/240] gen_n10000_rho0.6_near-ties_seed2.pcf: ok (2 rows)
[114/240] gen_n10000_rho0.6_near-ties_seed3.pcf: ok (2 rows)
[115/240] gen_n10000_rho0.6_near-ties_seed4.pcf: ok (2 rows)
[116/240] gen_n10000_rho0.6_near-ties_seed5.pcf: ok (2 rows)
[117/240] gen_n10000_rho0.6_near-ties_seed6.pcf: ok (2 rows)
[118/240] gen_n10000_rho0.6_near-ties_seed7.pcf: ok (2 rows)
[119/240] gen_n10000_rho0.6_near-ties_seed8.pcf: ok (2 rows)
[120/240] gen_n10000_rho0.6_near-ties_seed9.pcf: ok (2 rows)
[121/240] gen_n10000_rho0.9_anti-correlated_seed0.pcf: ok (2 rows)
[122/240] gen_n10000_rho0.9_anti-correlated_seed1.pcf: ok (2 rows)
[123/240] gen_n10000_rho0.9_anti-correlated_seed2.pcf: ok (2 rows)
[124/240] gen_n10000_rho0.9_anti-correlated_seed3.pcf: ok (2 rows)
[125/240] gen_n10000_rho0.9_anti-correlated_seed4.pcf: ok (2 rows)
[126/240] gen_n10000_rho0.9_anti-correlated_seed5.pcf: ok (2 rows)
[127/240] gen_n10000_rho0.9_anti-correlated_seed6.pcf: ok (2 rows)
[128/240] gen_n10000_rho0.9_anti-correlated_seed7.pcf: ok (2 rows)
[129/240] gen_n10000_rho0.9_anti-correlated_seed8.pcf: ok (2 rows)
[130/240] gen_n10000_rho0.9_anti-correlated_seed9.pcf: ok (2 rows)
[131/240] gen_n10000_rho0.9_correlated_seed0.pcf: ok (2 rows)
[132/240] gen_n10000_rho0.9_correlated_seed1.pcf: ok (2 rows)
[133/240] gen_n10000_rho0.9_correlated_seed2.pcf: ok (2 rows)
[134/240] gen_n10000_rho0.9_correlated_seed3.pcf: ok (2 rows)
[135/240] gen_n10000_rho0.9_correlated_seed4.pcf: ok (2 rows)
[136/240] gen_n10000_rho0.9_correlated_seed5.pcf: ok (2 rows)
[137/240] gen_n10000_rho0.9_correlated_seed6.pcf: ok (2 rows)
[138/240] gen_n10000_rho0.9_correlated_seed7.pcf: ok (2 rows)
[139/240] gen_n10000_rho0.9_correlated_seed8.pcf: ok (2 rows)
[140/240] gen_n10000_rho0.9_correlated_seed9.pcf: ok (2 rows)
[141/240] gen_n10000_rho0.9_exact-ties_seed0.pcf: ok (2 rows)
[142/240] gen_n10000_rho0.9_exact-ties_seed1.pcf: ok (2 rows)
[143/240] gen_n10000_rho0.9_exact-ties_seed2.pcf: ok (2 rows)
[144/240] gen_n10000_rho0.9_exact-ties_seed3.pcf: ok (2 rows)
[145/240] gen_n10000_rho0.9_exact-ties_seed4.pcf: ok (2 rows)
[146/240] gen_n10000_rho0.9_exact-ties_seed5.pcf: ok (2 rows)
[147/240] gen_n10000_rho0.9_exact-ties_seed6.pcf: ok (2 rows)
[148/240] gen_n10000_rho0.9_exact-ties_seed7.pcf: ok (2 rows)
[149/240] gen_n10000_rho0.9_exact-ties_seed8.pcf: ok (2 rows)
[150/240] gen_n10000_rho0.9_exact-ties_seed9.pcf: ok (2 rows)
[151/240] gen_n10000_rho0.9_independent-positive_seed0.pcf: ok (2 rows)
[152/240] gen_n10000_rho0.9_independent-positive_seed1.pcf: ok (2 rows)
[153/240] gen_n10000_rho0.9_independent-positive_seed2.pcf: ok (2 rows)
[154/240] gen_n10000_rho0.9_independent-positive_seed3.pcf: ok (2 rows)
[155/240] gen_n10000_rho0.9_independent-positive_seed4.pcf: ok (2 rows)
[156/240] gen_n10000_rho0.9_independent-positive_seed5.pcf: ok (2 rows)
[157/240] gen_n10000_rho0.9_independent-positive_seed6.pcf: ok (2 rows)
[158/240] gen_n10000_rho0.9_independent-positive_seed7.pcf: ok (2 rows)
[159/240] gen_n10000_rho0.9_independent-positive_seed8.pcf: ok (2 rows)
[160/240] gen_n10000_rho0.9_independent-positive_seed9.pcf: ok (2 rows)
[161/240] gen_n10000_rho0.9_independent-signed_seed0.pcf: ok (2 rows)
[162/240] gen_n10000_rho0.9_independent-signed_seed1.pcf: ok (2 rows)
[163/240] gen_n10000_rho0.9_independent-signed_seed2.pcf: ok (2 rows)
[164/240] gen_n10000_rho0.9_independent-signed_seed3.pcf: ok (2 rows)
[165/240] gen_n10000_rho0.9_independent-signed_seed4.pcf: ok (2 rows)
[166/240] gen_n10000_rho0.9_independent-signed_seed5.pcf: ok (2 rows)
[167/240] gen_n10000_rho0.9_independent-signed_seed6.pcf: ok (2 rows)
[168/240] gen_n10000_rho0.9_independent-signed_seed7.pcf: ok (2 rows)
[169/240] gen_n10000_rho0.9_independent-signed_seed8.pcf: ok (2 rows)
[170/240] gen_n10000_rho0.9_independent-signed_seed9.pcf: ok (2 rows)
[171/240] gen_n10000_rho0.9_near-ties_seed0.pcf: ok (2 rows)
[172/240] gen_n10000_rho0.9_near-ties_seed1.pcf: ok (2 rows)
[173/240] gen_n10000_rho0.9_near-ties_seed2.pcf: ok (2 rows)
[174/240] gen_n10000_rho0.9_near-ties_seed3.pcf: ok (2 rows)
[175/240] gen_n10000_rho0.9_near-ties_seed4.pcf: ok (2 rows)
[176/240] gen_n10000_rho0.9_near-ties_seed5.pcf: ok (2 rows)
[177/240] gen_n10000_rho0.9_near-ties_seed6.pcf: ok (2 rows)
[178/240] gen_n10000_rho0.9_near-ties_seed7.pcf: ok (2 rows)
[179/240] gen_n10000_rho0.9_near-ties_seed8.pcf: ok (2 rows)
[180/240] gen_n10000_rho0.9_near-ties_seed9.pcf: ok (2 rows)
[181/240] gen_n10000_rho1.0_anti-correlated_seed0.pcf: ok (2 rows)
[182/240] gen_n10000_rho1.0_anti-correlated_seed1.pcf: ok (2 rows)
[183/240] gen_n10000_rho1.0_anti-correlated_seed2.pcf: ok (2 rows)
[184/240] gen_n10000_rho1.0_anti-correlated_seed3.pcf: ok (2 rows)
[185/240] gen_n10000_rho1.0_anti-correlated_seed4.pcf: ok (2 rows)
[186/240] gen_n10000_rho1.0_anti-correlated_seed5.pcf: ok (2 rows)
[187/240] gen_n10000_rho1.0_anti-correlated_seed6.pcf: ok (2 rows)
[188/240] gen_n10000_rho1.0_anti-correlated_seed7.pcf: ok (2 rows)
[189/240] gen_n10000_rho1.0_anti-correlated_seed8.pcf: ok (2 rows)
[190/240] gen_n10000_rho1.0_anti-correlated_seed9.pcf: ok (2 rows)
[191/240] gen_n10000_rho1.0_correlated_seed0.pcf: ok (2 rows)
[192/240] gen_n10000_rho1.0_correlated_seed1.pcf: ok (2 rows)
[193/240] gen_n10000_rho1.0_correlated_seed2.pcf: ok (2 rows)
[194/240] gen_n10000_rho1.0_correlated_seed3.pcf: ok (2 rows)
[195/240] gen_n10000_rho1.0_correlated_seed4.pcf: ok (2 rows)
[196/240] gen_n10000_rho1.0_correlated_seed5.pcf: ok (2 rows)
[197/240] gen_n10000_rho1.0_correlated_seed6.pcf: ok (2 rows)
[198/240] gen_n10000_rho1.0_correlated_seed7.pcf: ok (2 rows)
[199/240] gen_n10000_rho1.0_correlated_seed8.pcf: ok (2 rows)
[200/240] gen_n10000_rho1.0_correlated_seed9.pcf: ok (2 rows)
[201/240] gen_n10000_rho1.0_exact-ties_seed0.pcf: ok (2 rows)
[202/240] gen_n10000_rho1.0_exact-ties_seed1.pcf: ok (2 rows)
[203/240] gen_n10000_rho1.0_exact-ties_seed2.pcf: ok (2 rows)
[204/240] gen_n10000_rho1.0_exact-ties_seed3.pcf: ok (2 rows)
[205/240] gen_n10000_rho1.0_exact-ties_seed4.pcf: ok (2 rows)
[206/240] gen_n10000_rho1.0_exact-ties_seed5.pcf: ok (2 rows)
[207/240] gen_n10000_rho1.0_exact-ties_seed6.pcf: ok (2 rows)
[208/240] gen_n10000_rho1.0_exact-ties_seed7.pcf: ok (2 rows)
[209/240] gen_n10000_rho1.0_exact-ties_seed8.pcf: ok (2 rows)
[210/240] gen_n10000_rho1.0_exact-ties_seed9.pcf: ok (2 rows)
[211/240] gen_n10000_rho1.0_independent-positive_seed0.pcf: ok (2 rows)
[212/240] gen_n10000_rho1.0_independent-positive_seed1.pcf: ok (2 rows)
[213/240] gen_n10000_rho1.0_independent-positive_seed2.pcf: ok (2 rows)
[214/240] gen_n10000_rho1.0_independent-positive_seed3.pcf: ok (2 rows)
[215/240] gen_n10000_rho1.0_independent-positive_seed4.pcf: ok (2 rows)
[216/240] gen_n10000_rho1.0_independent-positive_seed5.pcf: ok (2 rows)
[217/240] gen_n10000_rho1.0_independent-positive_seed6.pcf: ok (2 rows)
[218/240] gen_n10000_rho1.0_independent-positive_seed7.pcf: ok (2 rows)
[219/240] gen_n10000_rho1.0_independent-positive_seed8.pcf: ok (2 rows)
[220/240] gen_n10000_rho1.0_independent-positive_seed9.pcf: ok (2 rows)
[221/240] gen_n10000_rho1.0_independent-signed_seed0.pcf: ok (2 rows)
[222/240] gen_n10000_rho1.0_independent-signed_seed1.pcf: ok (2 rows)
[223/240] gen_n10000_rho1.0_independent-signed_seed2.pcf: ok (2 rows)
[224/240] gen_n10000_rho1.0_independent-signed_seed3.pcf: ok (2 rows)
[225/240] gen_n10000_rho1.0_independent-signed_seed4.pcf: ok (2 rows)
[226/240] gen_n10000_rho1.0_independent-signed_seed5.pcf: ok (2 rows)
[227/240] gen_n10000_rho1.0_independent-signed_seed6.pcf: ok (2 rows)
[228/240] gen_n10000_rho1.0_independent-signed_seed7.pcf: ok (2 rows)
[229/240] gen_n10000_rho1.0_independent-signed_seed8.pcf: ok (2 rows)
[230/240] gen_n10000_rho1.0_independent-signed_seed9.pcf: ok (2 rows)
[231/240] gen_n10000_rho1.0_near-ties_seed0.pcf: ok (2 rows)
[232/240] gen_n10000_rho1.0_near-ties_seed1.pcf: ok (2 rows)
[233/240] gen_n10000_rho1.0_near-ties_seed2.pcf: ok (2 rows)
[234/240] gen_n10000_rho1.0_near-ties_seed3.pcf: ok (2 rows)
[235/240] gen_n10000_rho1.0_near-ties_seed4.pcf: ok (2 rows)
[236/240] gen_n10000_rho1.0_near-ties_seed5.pcf: ok (2 rows)
[237/240] gen_n10000_rho1.0_near-ties_seed6.pcf: ok (2 rows)
[238/240] gen_n10000_rho1.0_near-ties_seed7.pcf: ok (2 rows)
[239/240] gen_n10000_rho1.0_near-ties_seed8.pcf: ok (2 rows)
[240/240] gen_n10000_rho1.0_near-ties_seed9.pcf: ok (2 rows)
wrote results/raw/campaign_c_fma.csv (480 rows), results/raw/campaign_c_fma.failures.csv (0 censored instances)
=== campaign_d_path :: hfma,rac (3 reps) on instances/campaign_d_path -> results/raw/campaign_d_path_hfma-rac.csv ===
[1/600] path_n100000_anti-correlated_seed0.pcf: ok (6 rows)
[2/600] path_n100000_anti-correlated_seed1.pcf: ok (6 rows)
[3/600] path_n100000_anti-correlated_seed2.pcf: ok (6 rows)
[4/600] path_n100000_anti-correlated_seed3.pcf: ok (6 rows)
[5/600] path_n100000_anti-correlated_seed4.pcf: ok (6 rows)
[6/600] path_n100000_anti-correlated_seed5.pcf: ok (6 rows)
[7/600] path_n100000_anti-correlated_seed6.pcf: ok (6 rows)
[8/600] path_n100000_anti-correlated_seed7.pcf: ok (6 rows)
[9/600] path_n100000_anti-correlated_seed8.pcf: ok (6 rows)
[10/600] path_n100000_anti-correlated_seed9.pcf: ok (6 rows)
[11/600] path_n100000_correlated_seed0.pcf: ok (6 rows)
[12/600] path_n100000_correlated_seed1.pcf: ok (6 rows)
[13/600] path_n100000_correlated_seed2.pcf: ok (6 rows)
[14/600] path_n100000_correlated_seed3.pcf: ok (6 rows)
[15/600] path_n100000_correlated_seed4.pcf: ok (6 rows)
[16/600] path_n100000_correlated_seed5.pcf: ok (6 rows)
[17/600] path_n100000_correlated_seed6.pcf: ok (6 rows)
[18/600] path_n100000_correlated_seed7.pcf: ok (6 rows)
[19/600] path_n100000_correlated_seed8.pcf: ok (6 rows)
[20/600] path_n100000_correlated_seed9.pcf: ok (6 rows)
[21/600] path_n100000_exact-ties_seed0.pcf: ok (6 rows)
[22/600] path_n100000_exact-ties_seed1.pcf: ok (6 rows)
[23/600] path_n100000_exact-ties_seed2.pcf: ok (6 rows)
[24/600] path_n100000_exact-ties_seed3.pcf: ok (6 rows)
[25/600] path_n100000_exact-ties_seed4.pcf: ok (6 rows)
[26/600] path_n100000_exact-ties_seed5.pcf: ok (6 rows)
[27/600] path_n100000_exact-ties_seed6.pcf: ok (6 rows)
[28/600] path_n100000_exact-ties_seed7.pcf: ok (6 rows)
[29/600] path_n100000_exact-ties_seed8.pcf: ok (6 rows)
[30/600] path_n100000_exact-ties_seed9.pcf: ok (6 rows)
[31/600] path_n100000_independent-positive_seed0.pcf: ok (6 rows)
[32/600] path_n100000_independent-positive_seed1.pcf: ok (6 rows)
[33/600] path_n100000_independent-positive_seed2.pcf: ok (6 rows)
[34/600] path_n100000_independent-positive_seed3.pcf: ok (6 rows)
[35/600] path_n100000_independent-positive_seed4.pcf: ok (6 rows)
[36/600] path_n100000_independent-positive_seed5.pcf: ok (6 rows)
[37/600] path_n100000_independent-positive_seed6.pcf: ok (6 rows)
[38/600] path_n100000_independent-positive_seed7.pcf: ok (6 rows)
[39/600] path_n100000_independent-positive_seed8.pcf: ok (6 rows)
[40/600] path_n100000_independent-positive_seed9.pcf: ok (6 rows)
[41/600] path_n100000_independent-signed_seed0.pcf: ok (6 rows)
[42/600] path_n100000_independent-signed_seed1.pcf: ok (6 rows)
[43/600] path_n100000_independent-signed_seed2.pcf: ok (6 rows)
[44/600] path_n100000_independent-signed_seed3.pcf: ok (6 rows)
[45/600] path_n100000_independent-signed_seed4.pcf: ok (6 rows)
[46/600] path_n100000_independent-signed_seed5.pcf: ok (6 rows)
[47/600] path_n100000_independent-signed_seed6.pcf: ok (6 rows)
[48/600] path_n100000_independent-signed_seed7.pcf: ok (6 rows)
[49/600] path_n100000_independent-signed_seed8.pcf: ok (6 rows)
[50/600] path_n100000_independent-signed_seed9.pcf: ok (6 rows)
[51/600] path_n100000_near-ties_seed0.pcf: ok (6 rows)
[52/600] path_n100000_near-ties_seed1.pcf: ok (6 rows)
[53/600] path_n100000_near-ties_seed2.pcf: ok (6 rows)
[54/600] path_n100000_near-ties_seed3.pcf: ok (6 rows)
[55/600] path_n100000_near-ties_seed4.pcf: ok (6 rows)
[56/600] path_n100000_near-ties_seed5.pcf: ok (6 rows)
[57/600] path_n100000_near-ties_seed6.pcf: ok (6 rows)
[58/600] path_n100000_near-ties_seed7.pcf: ok (6 rows)
[59/600] path_n100000_near-ties_seed8.pcf: ok (6 rows)
[60/600] path_n100000_near-ties_seed9.pcf: ok (6 rows)
[61/600] path_n10000_anti-correlated_seed0.pcf: ok (6 rows)
[62/600] path_n10000_anti-correlated_seed1.pcf: ok (6 rows)
[63/600] path_n10000_anti-correlated_seed2.pcf: ok (6 rows)
[64/600] path_n10000_anti-correlated_seed3.pcf: ok (6 rows)
[65/600] path_n10000_anti-correlated_seed4.pcf: ok (6 rows)
[66/600] path_n10000_anti-correlated_seed5.pcf: ok (6 rows)
[67/600] path_n10000_anti-correlated_seed6.pcf: ok (6 rows)
[68/600] path_n10000_anti-correlated_seed7.pcf: ok (6 rows)
[69/600] path_n10000_anti-correlated_seed8.pcf: ok (6 rows)
[70/600] path_n10000_anti-correlated_seed9.pcf: ok (6 rows)
[71/600] path_n10000_correlated_seed0.pcf: ok (6 rows)
[72/600] path_n10000_correlated_seed1.pcf: ok (6 rows)
[73/600] path_n10000_correlated_seed2.pcf: ok (6 rows)
[74/600] path_n10000_correlated_seed3.pcf: ok (6 rows)
[75/600] path_n10000_correlated_seed4.pcf: ok (6 rows)
[76/600] path_n10000_correlated_seed5.pcf: ok (6 rows)
[77/600] path_n10000_correlated_seed6.pcf: ok (6 rows)
[78/600] path_n10000_correlated_seed7.pcf: ok (6 rows)
[79/600] path_n10000_correlated_seed8.pcf: ok (6 rows)
[80/600] path_n10000_correlated_seed9.pcf: ok (6 rows)
[81/600] path_n10000_exact-ties_seed0.pcf: ok (6 rows)
[82/600] path_n10000_exact-ties_seed1.pcf: ok (6 rows)
[83/600] path_n10000_exact-ties_seed2.pcf: ok (6 rows)
[84/600] path_n10000_exact-ties_seed3.pcf: ok (6 rows)
[85/600] path_n10000_exact-ties_seed4.pcf: ok (6 rows)
[86/600] path_n10000_exact-ties_seed5.pcf: ok (6 rows)
[87/600] path_n10000_exact-ties_seed6.pcf: ok (6 rows)
[88/600] path_n10000_exact-ties_seed7.pcf: ok (6 rows)
[89/600] path_n10000_exact-ties_seed8.pcf: ok (6 rows)
[90/600] path_n10000_exact-ties_seed9.pcf: ok (6 rows)
[91/600] path_n10000_independent-positive_seed0.pcf: ok (6 rows)
[92/600] path_n10000_independent-positive_seed1.pcf: ok (6 rows)
[93/600] path_n10000_independent-positive_seed2.pcf: ok (6 rows)
[94/600] path_n10000_independent-positive_seed3.pcf: ok (6 rows)
[95/600] path_n10000_independent-positive_seed4.pcf: ok (6 rows)
[96/600] path_n10000_independent-positive_seed5.pcf: ok (6 rows)
[97/600] path_n10000_independent-positive_seed6.pcf: ok (6 rows)
[98/600] path_n10000_independent-positive_seed7.pcf: ok (6 rows)
[99/600] path_n10000_independent-positive_seed8.pcf: ok (6 rows)
[100/600] path_n10000_independent-positive_seed9.pcf: ok (6 rows)
[101/600] path_n10000_independent-signed_seed0.pcf: ok (6 rows)
[102/600] path_n10000_independent-signed_seed1.pcf: ok (6 rows)
[103/600] path_n10000_independent-signed_seed2.pcf: ok (6 rows)
[104/600] path_n10000_independent-signed_seed3.pcf: ok (6 rows)
[105/600] path_n10000_independent-signed_seed4.pcf: ok (6 rows)
[106/600] path_n10000_independent-signed_seed5.pcf: ok (6 rows)
[107/600] path_n10000_independent-signed_seed6.pcf: ok (6 rows)
[108/600] path_n10000_independent-signed_seed7.pcf: ok (6 rows)
[109/600] path_n10000_independent-signed_seed8.pcf: ok (6 rows)
[110/600] path_n10000_independent-signed_seed9.pcf: ok (6 rows)
[111/600] path_n10000_near-ties_seed0.pcf: ok (6 rows)
[112/600] path_n10000_near-ties_seed1.pcf: ok (6 rows)
[113/600] path_n10000_near-ties_seed2.pcf: ok (6 rows)
[114/600] path_n10000_near-ties_seed3.pcf: ok (6 rows)
[115/600] path_n10000_near-ties_seed4.pcf: ok (6 rows)
[116/600] path_n10000_near-ties_seed5.pcf: ok (6 rows)
[117/600] path_n10000_near-ties_seed6.pcf: ok (6 rows)
[118/600] path_n10000_near-ties_seed7.pcf: ok (6 rows)
[119/600] path_n10000_near-ties_seed8.pcf: ok (6 rows)
[120/600] path_n10000_near-ties_seed9.pcf: ok (6 rows)
[121/600] path_n1000_anti-correlated_seed0.pcf: ok (6 rows)
[122/600] path_n1000_anti-correlated_seed1.pcf: ok (6 rows)
[123/600] path_n1000_anti-correlated_seed2.pcf: ok (6 rows)
[124/600] path_n1000_anti-correlated_seed3.pcf: ok (6 rows)
[125/600] path_n1000_anti-correlated_seed4.pcf: ok (6 rows)
[126/600] path_n1000_anti-correlated_seed5.pcf: ok (6 rows)
[127/600] path_n1000_anti-correlated_seed6.pcf: ok (6 rows)
[128/600] path_n1000_anti-correlated_seed7.pcf: ok (6 rows)
[129/600] path_n1000_anti-correlated_seed8.pcf: ok (6 rows)
[130/600] path_n1000_anti-correlated_seed9.pcf: ok (6 rows)
[131/600] path_n1000_correlated_seed0.pcf: ok (6 rows)
[132/600] path_n1000_correlated_seed1.pcf: ok (6 rows)
[133/600] path_n1000_correlated_seed2.pcf: ok (6 rows)
[134/600] path_n1000_correlated_seed3.pcf: ok (6 rows)
[135/600] path_n1000_correlated_seed4.pcf: ok (6 rows)
[136/600] path_n1000_correlated_seed5.pcf: ok (6 rows)
[137/600] path_n1000_correlated_seed6.pcf: ok (6 rows)
[138/600] path_n1000_correlated_seed7.pcf: ok (6 rows)
[139/600] path_n1000_correlated_seed8.pcf: ok (6 rows)
[140/600] path_n1000_correlated_seed9.pcf: ok (6 rows)
[141/600] path_n1000_exact-ties_seed0.pcf: ok (6 rows)
[142/600] path_n1000_exact-ties_seed1.pcf: ok (6 rows)
[143/600] path_n1000_exact-ties_seed2.pcf: ok (6 rows)
[144/600] path_n1000_exact-ties_seed3.pcf: ok (6 rows)
[145/600] path_n1000_exact-ties_seed4.pcf: ok (6 rows)
[146/600] path_n1000_exact-ties_seed5.pcf: ok (6 rows)
[147/600] path_n1000_exact-ties_seed6.pcf: ok (6 rows)
[148/600] path_n1000_exact-ties_seed7.pcf: ok (6 rows)
[149/600] path_n1000_exact-ties_seed8.pcf: ok (6 rows)
[150/600] path_n1000_exact-ties_seed9.pcf: ok (6 rows)
[151/600] path_n1000_independent-positive_seed0.pcf: ok (6 rows)
[152/600] path_n1000_independent-positive_seed1.pcf: ok (6 rows)
[153/600] path_n1000_independent-positive_seed2.pcf: ok (6 rows)
[154/600] path_n1000_independent-positive_seed3.pcf: ok (6 rows)
[155/600] path_n1000_independent-positive_seed4.pcf: ok (6 rows)
[156/600] path_n1000_independent-positive_seed5.pcf: ok (6 rows)
[157/600] path_n1000_independent-positive_seed6.pcf: ok (6 rows)
[158/600] path_n1000_independent-positive_seed7.pcf: ok (6 rows)
[159/600] path_n1000_independent-positive_seed8.pcf: ok (6 rows)
[160/600] path_n1000_independent-positive_seed9.pcf: ok (6 rows)
[161/600] path_n1000_independent-signed_seed0.pcf: ok (6 rows)
[162/600] path_n1000_independent-signed_seed1.pcf: ok (6 rows)
[163/600] path_n1000_independent-signed_seed2.pcf: ok (6 rows)
[164/600] path_n1000_independent-signed_seed3.pcf: ok (6 rows)
[165/600] path_n1000_independent-signed_seed4.pcf: ok (6 rows)
[166/600] path_n1000_independent-signed_seed5.pcf: ok (6 rows)
[167/600] path_n1000_independent-signed_seed6.pcf: ok (6 rows)
[168/600] path_n1000_independent-signed_seed7.pcf: ok (6 rows)
[169/600] path_n1000_independent-signed_seed8.pcf: ok (6 rows)
[170/600] path_n1000_independent-signed_seed9.pcf: ok (6 rows)
[171/600] path_n1000_near-ties_seed0.pcf: ok (6 rows)
[172/600] path_n1000_near-ties_seed1.pcf: ok (6 rows)
[173/600] path_n1000_near-ties_seed2.pcf: ok (6 rows)
[174/600] path_n1000_near-ties_seed3.pcf: ok (6 rows)
[175/600] path_n1000_near-ties_seed4.pcf: ok (6 rows)
[176/600] path_n1000_near-ties_seed5.pcf: ok (6 rows)
[177/600] path_n1000_near-ties_seed6.pcf: ok (6 rows)
[178/600] path_n1000_near-ties_seed7.pcf: ok (6 rows)
[179/600] path_n1000_near-ties_seed8.pcf: ok (6 rows)
[180/600] path_n1000_near-ties_seed9.pcf: ok (6 rows)
[181/600] path_n100_anti-correlated_seed0.pcf: ok (6 rows)
[182/600] path_n100_anti-correlated_seed1.pcf: ok (6 rows)
[183/600] path_n100_anti-correlated_seed2.pcf: ok (6 rows)
[184/600] path_n100_anti-correlated_seed3.pcf: ok (6 rows)
[185/600] path_n100_anti-correlated_seed4.pcf: ok (6 rows)
[186/600] path_n100_anti-correlated_seed5.pcf: ok (6 rows)
[187/600] path_n100_anti-correlated_seed6.pcf: ok (6 rows)
[188/600] path_n100_anti-correlated_seed7.pcf: ok (6 rows)
[189/600] path_n100_anti-correlated_seed8.pcf: ok (6 rows)
[190/600] path_n100_anti-correlated_seed9.pcf: ok (6 rows)
[191/600] path_n100_correlated_seed0.pcf: ok (6 rows)
[192/600] path_n100_correlated_seed1.pcf: ok (6 rows)
[193/600] path_n100_correlated_seed2.pcf: ok (6 rows)
[194/600] path_n100_correlated_seed3.pcf: ok (6 rows)
[195/600] path_n100_correlated_seed4.pcf: ok (6 rows)
[196/600] path_n100_correlated_seed5.pcf: ok (6 rows)
[197/600] path_n100_correlated_seed6.pcf: ok (6 rows)
[198/600] path_n100_correlated_seed7.pcf: ok (6 rows)
[199/600] path_n100_correlated_seed8.pcf: ok (6 rows)
[200/600] path_n100_correlated_seed9.pcf: ok (6 rows)
[201/600] path_n100_exact-ties_seed0.pcf: ok (6 rows)
[202/600] path_n100_exact-ties_seed1.pcf: ok (6 rows)
[203/600] path_n100_exact-ties_seed2.pcf: ok (6 rows)
[204/600] path_n100_exact-ties_seed3.pcf: ok (6 rows)
[205/600] path_n100_exact-ties_seed4.pcf: ok (6 rows)
[206/600] path_n100_exact-ties_seed5.pcf: ok (6 rows)
[207/600] path_n100_exact-ties_seed6.pcf: ok (6 rows)
[208/600] path_n100_exact-ties_seed7.pcf: ok (6 rows)
[209/600] path_n100_exact-ties_seed8.pcf: ok (6 rows)
[210/600] path_n100_exact-ties_seed9.pcf: ok (6 rows)
[211/600] path_n100_independent-positive_seed0.pcf: ok (6 rows)
[212/600] path_n100_independent-positive_seed1.pcf: ok (6 rows)
[213/600] path_n100_independent-positive_seed2.pcf: ok (6 rows)
[214/600] path_n100_independent-positive_seed3.pcf: ok (6 rows)
[215/600] path_n100_independent-positive_seed4.pcf: ok (6 rows)
[216/600] path_n100_independent-positive_seed5.pcf: ok (6 rows)
[217/600] path_n100_independent-positive_seed6.pcf: ok (6 rows)
[218/600] path_n100_independent-positive_seed7.pcf: ok (6 rows)
[219/600] path_n100_independent-positive_seed8.pcf: ok (6 rows)
[220/600] path_n100_independent-positive_seed9.pcf: ok (6 rows)
[221/600] path_n100_independent-signed_seed0.pcf: ok (6 rows)
[222/600] path_n100_independent-signed_seed1.pcf: ok (6 rows)
[223/600] path_n100_independent-signed_seed2.pcf: ok (6 rows)
[224/600] path_n100_independent-signed_seed3.pcf: ok (6 rows)
[225/600] path_n100_independent-signed_seed4.pcf: ok (6 rows)
[226/600] path_n100_independent-signed_seed5.pcf: ok (6 rows)
[227/600] path_n100_independent-signed_seed6.pcf: ok (6 rows)
[228/600] path_n100_independent-signed_seed7.pcf: ok (6 rows)
[229/600] path_n100_independent-signed_seed8.pcf: ok (6 rows)
[230/600] path_n100_independent-signed_seed9.pcf: ok (6 rows)
[231/600] path_n100_near-ties_seed0.pcf: ok (6 rows)
[232/600] path_n100_near-ties_seed1.pcf: ok (6 rows)
[233/600] path_n100_near-ties_seed2.pcf: ok (6 rows)
[234/600] path_n100_near-ties_seed3.pcf: ok (6 rows)
[235/600] path_n100_near-ties_seed4.pcf: ok (6 rows)
[236/600] path_n100_near-ties_seed5.pcf: ok (6 rows)
[237/600] path_n100_near-ties_seed6.pcf: ok (6 rows)
[238/600] path_n100_near-ties_seed7.pcf: ok (6 rows)
[239/600] path_n100_near-ties_seed8.pcf: ok (6 rows)
[240/600] path_n100_near-ties_seed9.pcf: ok (6 rows)
[241/600] path_n20000_anti-correlated_seed0.pcf: ok (6 rows)
[242/600] path_n20000_anti-correlated_seed1.pcf: ok (6 rows)
[243/600] path_n20000_anti-correlated_seed2.pcf: ok (6 rows)
[244/600] path_n20000_anti-correlated_seed3.pcf: ok (6 rows)
[245/600] path_n20000_anti-correlated_seed4.pcf: ok (6 rows)
[246/600] path_n20000_anti-correlated_seed5.pcf: ok (6 rows)
[247/600] path_n20000_anti-correlated_seed6.pcf: ok (6 rows)
[248/600] path_n20000_anti-correlated_seed7.pcf: ok (6 rows)
[249/600] path_n20000_anti-correlated_seed8.pcf: ok (6 rows)
[250/600] path_n20000_anti-correlated_seed9.pcf: ok (6 rows)
[251/600] path_n20000_correlated_seed0.pcf: ok (6 rows)
[252/600] path_n20000_correlated_seed1.pcf: ok (6 rows)
[253/600] path_n20000_correlated_seed2.pcf: ok (6 rows)
[254/600] path_n20000_correlated_seed3.pcf: ok (6 rows)
[255/600] path_n20000_correlated_seed4.pcf: ok (6 rows)
[256/600] path_n20000_correlated_seed5.pcf: ok (6 rows)
[257/600] path_n20000_correlated_seed6.pcf: ok (6 rows)
[258/600] path_n20000_correlated_seed7.pcf: ok (6 rows)
[259/600] path_n20000_correlated_seed8.pcf: ok (6 rows)
[260/600] path_n20000_correlated_seed9.pcf: ok (6 rows)
[261/600] path_n20000_exact-ties_seed0.pcf: ok (6 rows)
[262/600] path_n20000_exact-ties_seed1.pcf: ok (6 rows)
[263/600] path_n20000_exact-ties_seed2.pcf: ok (6 rows)
[264/600] path_n20000_exact-ties_seed3.pcf: ok (6 rows)
[265/600] path_n20000_exact-ties_seed4.pcf: ok (6 rows)
[266/600] path_n20000_exact-ties_seed5.pcf: ok (6 rows)
[267/600] path_n20000_exact-ties_seed6.pcf: ok (6 rows)
[268/600] path_n20000_exact-ties_seed7.pcf: ok (6 rows)
[269/600] path_n20000_exact-ties_seed8.pcf: ok (6 rows)
[270/600] path_n20000_exact-ties_seed9.pcf: ok (6 rows)
[271/600] path_n20000_independent-positive_seed0.pcf: ok (6 rows)
[272/600] path_n20000_independent-positive_seed1.pcf: ok (6 rows)
[273/600] path_n20000_independent-positive_seed2.pcf: ok (6 rows)
[274/600] path_n20000_independent-positive_seed3.pcf: ok (6 rows)
[275/600] path_n20000_independent-positive_seed4.pcf: ok (6 rows)
[276/600] path_n20000_independent-positive_seed5.pcf: ok (6 rows)
[277/600] path_n20000_independent-positive_seed6.pcf: ok (6 rows)
[278/600] path_n20000_independent-positive_seed7.pcf: ok (6 rows)
[279/600] path_n20000_independent-positive_seed8.pcf: ok (6 rows)
[280/600] path_n20000_independent-positive_seed9.pcf: ok (6 rows)
[281/600] path_n20000_independent-signed_seed0.pcf: ok (6 rows)
[282/600] path_n20000_independent-signed_seed1.pcf: ok (6 rows)
[283/600] path_n20000_independent-signed_seed2.pcf: ok (6 rows)
[284/600] path_n20000_independent-signed_seed3.pcf: ok (6 rows)
[285/600] path_n20000_independent-signed_seed4.pcf: ok (6 rows)
[286/600] path_n20000_independent-signed_seed5.pcf: ok (6 rows)
[287/600] path_n20000_independent-signed_seed6.pcf: ok (6 rows)
[288/600] path_n20000_independent-signed_seed7.pcf: ok (6 rows)
[289/600] path_n20000_independent-signed_seed8.pcf: ok (6 rows)
[290/600] path_n20000_independent-signed_seed9.pcf: ok (6 rows)
[291/600] path_n20000_near-ties_seed0.pcf: ok (6 rows)
[292/600] path_n20000_near-ties_seed1.pcf: ok (6 rows)
[293/600] path_n20000_near-ties_seed2.pcf: ok (6 rows)
[294/600] path_n20000_near-ties_seed3.pcf: ok (6 rows)
[295/600] path_n20000_near-ties_seed4.pcf: ok (6 rows)
[296/600] path_n20000_near-ties_seed5.pcf: ok (6 rows)
[297/600] path_n20000_near-ties_seed6.pcf: ok (6 rows)
[298/600] path_n20000_near-ties_seed7.pcf: ok (6 rows)
[299/600] path_n20000_near-ties_seed8.pcf: ok (6 rows)
[300/600] path_n20000_near-ties_seed9.pcf: ok (6 rows)
[301/600] path_n2000_anti-correlated_seed0.pcf: ok (6 rows)
[302/600] path_n2000_anti-correlated_seed1.pcf: ok (6 rows)
[303/600] path_n2000_anti-correlated_seed2.pcf: ok (6 rows)
[304/600] path_n2000_anti-correlated_seed3.pcf: ok (6 rows)
[305/600] path_n2000_anti-correlated_seed4.pcf: ok (6 rows)
[306/600] path_n2000_anti-correlated_seed5.pcf: ok (6 rows)
[307/600] path_n2000_anti-correlated_seed6.pcf: ok (6 rows)
[308/600] path_n2000_anti-correlated_seed7.pcf: ok (6 rows)
[309/600] path_n2000_anti-correlated_seed8.pcf: ok (6 rows)
[310/600] path_n2000_anti-correlated_seed9.pcf: ok (6 rows)
[311/600] path_n2000_correlated_seed0.pcf: ok (6 rows)
[312/600] path_n2000_correlated_seed1.pcf: ok (6 rows)
[313/600] path_n2000_correlated_seed2.pcf: ok (6 rows)
[314/600] path_n2000_correlated_seed3.pcf: ok (6 rows)
[315/600] path_n2000_correlated_seed4.pcf: ok (6 rows)
[316/600] path_n2000_correlated_seed5.pcf: ok (6 rows)
[317/600] path_n2000_correlated_seed6.pcf: ok (6 rows)
[318/600] path_n2000_correlated_seed7.pcf: ok (6 rows)
[319/600] path_n2000_correlated_seed8.pcf: ok (6 rows)
[320/600] path_n2000_correlated_seed9.pcf: ok (6 rows)
[321/600] path_n2000_exact-ties_seed0.pcf: ok (6 rows)
[322/600] path_n2000_exact-ties_seed1.pcf: ok (6 rows)
[323/600] path_n2000_exact-ties_seed2.pcf: ok (6 rows)
[324/600] path_n2000_exact-ties_seed3.pcf: ok (6 rows)
[325/600] path_n2000_exact-ties_seed4.pcf: ok (6 rows)
[326/600] path_n2000_exact-ties_seed5.pcf: ok (6 rows)
[327/600] path_n2000_exact-ties_seed6.pcf: ok (6 rows)
[328/600] path_n2000_exact-ties_seed7.pcf: ok (6 rows)
[329/600] path_n2000_exact-ties_seed8.pcf: ok (6 rows)
[330/600] path_n2000_exact-ties_seed9.pcf: ok (6 rows)
[331/600] path_n2000_independent-positive_seed0.pcf: ok (6 rows)
[332/600] path_n2000_independent-positive_seed1.pcf: ok (6 rows)
[333/600] path_n2000_independent-positive_seed2.pcf: ok (6 rows)
[334/600] path_n2000_independent-positive_seed3.pcf: ok (6 rows)
[335/600] path_n2000_independent-positive_seed4.pcf: ok (6 rows)
[336/600] path_n2000_independent-positive_seed5.pcf: ok (6 rows)
[337/600] path_n2000_independent-positive_seed6.pcf: ok (6 rows)
[338/600] path_n2000_independent-positive_seed7.pcf: ok (6 rows)
[339/600] path_n2000_independent-positive_seed8.pcf: ok (6 rows)
[340/600] path_n2000_independent-positive_seed9.pcf: ok (6 rows)
[341/600] path_n2000_independent-signed_seed0.pcf: ok (6 rows)
[342/600] path_n2000_independent-signed_seed1.pcf: ok (6 rows)
[343/600] path_n2000_independent-signed_seed2.pcf: ok (6 rows)
[344/600] path_n2000_independent-signed_seed3.pcf: ok (6 rows)
[345/600] path_n2000_independent-signed_seed4.pcf: ok (6 rows)
[346/600] path_n2000_independent-signed_seed5.pcf: ok (6 rows)
[347/600] path_n2000_independent-signed_seed6.pcf: ok (6 rows)
[348/600] path_n2000_independent-signed_seed7.pcf: ok (6 rows)
[349/600] path_n2000_independent-signed_seed8.pcf: ok (6 rows)
[350/600] path_n2000_independent-signed_seed9.pcf: ok (6 rows)
[351/600] path_n2000_near-ties_seed0.pcf: ok (6 rows)
[352/600] path_n2000_near-ties_seed1.pcf: ok (6 rows)
[353/600] path_n2000_near-ties_seed2.pcf: ok (6 rows)
[354/600] path_n2000_near-ties_seed3.pcf: ok (6 rows)
[355/600] path_n2000_near-ties_seed4.pcf: ok (6 rows)
[356/600] path_n2000_near-ties_seed5.pcf: ok (6 rows)
[357/600] path_n2000_near-ties_seed6.pcf: ok (6 rows)
[358/600] path_n2000_near-ties_seed7.pcf: ok (6 rows)
[359/600] path_n2000_near-ties_seed8.pcf: ok (6 rows)
[360/600] path_n2000_near-ties_seed9.pcf: ok (6 rows)
[361/600] path_n200_anti-correlated_seed0.pcf: ok (6 rows)
[362/600] path_n200_anti-correlated_seed1.pcf: ok (6 rows)
[363/600] path_n200_anti-correlated_seed2.pcf: ok (6 rows)
[364/600] path_n200_anti-correlated_seed3.pcf: ok (6 rows)
[365/600] path_n200_anti-correlated_seed4.pcf: ok (6 rows)
[366/600] path_n200_anti-correlated_seed5.pcf: ok (6 rows)
[367/600] path_n200_anti-correlated_seed6.pcf: ok (6 rows)
[368/600] path_n200_anti-correlated_seed7.pcf: ok (6 rows)
[369/600] path_n200_anti-correlated_seed8.pcf: ok (6 rows)
[370/600] path_n200_anti-correlated_seed9.pcf: ok (6 rows)
[371/600] path_n200_correlated_seed0.pcf: ok (6 rows)
[372/600] path_n200_correlated_seed1.pcf: ok (6 rows)
[373/600] path_n200_correlated_seed2.pcf: ok (6 rows)
[374/600] path_n200_correlated_seed3.pcf: ok (6 rows)
[375/600] path_n200_correlated_seed4.pcf: ok (6 rows)
[376/600] path_n200_correlated_seed5.pcf: ok (6 rows)
[377/600] path_n200_correlated_seed6.pcf: ok (6 rows)
[378/600] path_n200_correlated_seed7.pcf: ok (6 rows)
[379/600] path_n200_correlated_seed8.pcf: ok (6 rows)
[380/600] path_n200_correlated_seed9.pcf: ok (6 rows)
[381/600] path_n200_exact-ties_seed0.pcf: ok (6 rows)
[382/600] path_n200_exact-ties_seed1.pcf: ok (6 rows)
[383/600] path_n200_exact-ties_seed2.pcf: ok (6 rows)
[384/600] path_n200_exact-ties_seed3.pcf: ok (6 rows)
[385/600] path_n200_exact-ties_seed4.pcf: ok (6 rows)
[386/600] path_n200_exact-ties_seed5.pcf: ok (6 rows)
[387/600] path_n200_exact-ties_seed6.pcf: ok (6 rows)
[388/600] path_n200_exact-ties_seed7.pcf: ok (6 rows)
[389/600] path_n200_exact-ties_seed8.pcf: ok (6 rows)
[390/600] path_n200_exact-ties_seed9.pcf: ok (6 rows)
[391/600] path_n200_independent-positive_seed0.pcf: ok (6 rows)
[392/600] path_n200_independent-positive_seed1.pcf: ok (6 rows)
[393/600] path_n200_independent-positive_seed2.pcf: ok (6 rows)
[394/600] path_n200_independent-positive_seed3.pcf: ok (6 rows)
[395/600] path_n200_independent-positive_seed4.pcf: ok (6 rows)
[396/600] path_n200_independent-positive_seed5.pcf: ok (6 rows)
[397/600] path_n200_independent-positive_seed6.pcf: ok (6 rows)
[398/600] path_n200_independent-positive_seed7.pcf: ok (6 rows)
[399/600] path_n200_independent-positive_seed8.pcf: ok (6 rows)
[400/600] path_n200_independent-positive_seed9.pcf: ok (6 rows)
[401/600] path_n200_independent-signed_seed0.pcf: ok (6 rows)
[402/600] path_n200_independent-signed_seed1.pcf: ok (6 rows)
[403/600] path_n200_independent-signed_seed2.pcf: ok (6 rows)
[404/600] path_n200_independent-signed_seed3.pcf: ok (6 rows)
[405/600] path_n200_independent-signed_seed4.pcf: ok (6 rows)
[406/600] path_n200_independent-signed_seed5.pcf: ok (6 rows)
[407/600] path_n200_independent-signed_seed6.pcf: ok (6 rows)
[408/600] path_n200_independent-signed_seed7.pcf: ok (6 rows)
[409/600] path_n200_independent-signed_seed8.pcf: ok (6 rows)
[410/600] path_n200_independent-signed_seed9.pcf: ok (6 rows)
[411/600] path_n200_near-ties_seed0.pcf: ok (6 rows)
[412/600] path_n200_near-ties_seed1.pcf: ok (6 rows)
[413/600] path_n200_near-ties_seed2.pcf: ok (6 rows)
[414/600] path_n200_near-ties_seed3.pcf: ok (6 rows)
[415/600] path_n200_near-ties_seed4.pcf: ok (6 rows)
[416/600] path_n200_near-ties_seed5.pcf: ok (6 rows)
[417/600] path_n200_near-ties_seed6.pcf: ok (6 rows)
[418/600] path_n200_near-ties_seed7.pcf: ok (6 rows)
[419/600] path_n200_near-ties_seed8.pcf: ok (6 rows)
[420/600] path_n200_near-ties_seed9.pcf: ok (6 rows)
[421/600] path_n50000_anti-correlated_seed0.pcf: ok (6 rows)
[422/600] path_n50000_anti-correlated_seed1.pcf: ok (6 rows)
[423/600] path_n50000_anti-correlated_seed2.pcf: ok (6 rows)
[424/600] path_n50000_anti-correlated_seed3.pcf: ok (6 rows)
[425/600] path_n50000_anti-correlated_seed4.pcf: ok (6 rows)
[426/600] path_n50000_anti-correlated_seed5.pcf: ok (6 rows)
[427/600] path_n50000_anti-correlated_seed6.pcf: ok (6 rows)
[428/600] path_n50000_anti-correlated_seed7.pcf: ok (6 rows)
[429/600] path_n50000_anti-correlated_seed8.pcf: ok (6 rows)
[430/600] path_n50000_anti-correlated_seed9.pcf: ok (6 rows)
[431/600] path_n50000_correlated_seed0.pcf: ok (6 rows)
[432/600] path_n50000_correlated_seed1.pcf: ok (6 rows)
[433/600] path_n50000_correlated_seed2.pcf: ok (6 rows)
[434/600] path_n50000_correlated_seed3.pcf: ok (6 rows)
[435/600] path_n50000_correlated_seed4.pcf: ok (6 rows)
[436/600] path_n50000_correlated_seed5.pcf: ok (6 rows)
[437/600] path_n50000_correlated_seed6.pcf: ok (6 rows)
[438/600] path_n50000_correlated_seed7.pcf: ok (6 rows)
[439/600] path_n50000_correlated_seed8.pcf: ok (6 rows)
[440/600] path_n50000_correlated_seed9.pcf: ok (6 rows)
[441/600] path_n50000_exact-ties_seed0.pcf: ok (6 rows)
[442/600] path_n50000_exact-ties_seed1.pcf: ok (6 rows)
[443/600] path_n50000_exact-ties_seed2.pcf: ok (6 rows)
[444/600] path_n50000_exact-ties_seed3.pcf: ok (6 rows)
[445/600] path_n50000_exact-ties_seed4.pcf: ok (6 rows)
[446/600] path_n50000_exact-ties_seed5.pcf: ok (6 rows)
[447/600] path_n50000_exact-ties_seed6.pcf: ok (6 rows)
[448/600] path_n50000_exact-ties_seed7.pcf: ok (6 rows)
[449/600] path_n50000_exact-ties_seed8.pcf: ok (6 rows)
[450/600] path_n50000_exact-ties_seed9.pcf: ok (6 rows)
[451/600] path_n50000_independent-positive_seed0.pcf: ok (6 rows)
[452/600] path_n50000_independent-positive_seed1.pcf: ok (6 rows)
[453/600] path_n50000_independent-positive_seed2.pcf: ok (6 rows)
[454/600] path_n50000_independent-positive_seed3.pcf: ok (6 rows)
[455/600] path_n50000_independent-positive_seed4.pcf: ok (6 rows)
[456/600] path_n50000_independent-positive_seed5.pcf: ok (6 rows)
[457/600] path_n50000_independent-positive_seed6.pcf: ok (6 rows)
[458/600] path_n50000_independent-positive_seed7.pcf: ok (6 rows)
[459/600] path_n50000_independent-positive_seed8.pcf: ok (6 rows)
[460/600] path_n50000_independent-positive_seed9.pcf: ok (6 rows)
[461/600] path_n50000_independent-signed_seed0.pcf: ok (6 rows)
[462/600] path_n50000_independent-signed_seed1.pcf: ok (6 rows)
[463/600] path_n50000_independent-signed_seed2.pcf: ok (6 rows)
[464/600] path_n50000_independent-signed_seed3.pcf: ok (6 rows)
[465/600] path_n50000_independent-signed_seed4.pcf: ok (6 rows)
[466/600] path_n50000_independent-signed_seed5.pcf: ok (6 rows)
[467/600] path_n50000_independent-signed_seed6.pcf: ok (6 rows)
[468/600] path_n50000_independent-signed_seed7.pcf: ok (6 rows)
[469/600] path_n50000_independent-signed_seed8.pcf: ok (6 rows)
[470/600] path_n50000_independent-signed_seed9.pcf: ok (6 rows)
[471/600] path_n50000_near-ties_seed0.pcf: ok (6 rows)
[472/600] path_n50000_near-ties_seed1.pcf: ok (6 rows)
[473/600] path_n50000_near-ties_seed2.pcf: ok (6 rows)
[474/600] path_n50000_near-ties_seed3.pcf: ok (6 rows)
[475/600] path_n50000_near-ties_seed4.pcf: ok (6 rows)
[476/600] path_n50000_near-ties_seed5.pcf: ok (6 rows)
[477/600] path_n50000_near-ties_seed6.pcf: ok (6 rows)
[478/600] path_n50000_near-ties_seed7.pcf: ok (6 rows)
[479/600] path_n50000_near-ties_seed8.pcf: ok (6 rows)
[480/600] path_n50000_near-ties_seed9.pcf: ok (6 rows)
[481/600] path_n5000_anti-correlated_seed0.pcf: ok (6 rows)
[482/600] path_n5000_anti-correlated_seed1.pcf: ok (6 rows)
[483/600] path_n5000_anti-correlated_seed2.pcf: ok (6 rows)
[484/600] path_n5000_anti-correlated_seed3.pcf: ok (6 rows)
[485/600] path_n5000_anti-correlated_seed4.pcf: ok (6 rows)
[486/600] path_n5000_anti-correlated_seed5.pcf: ok (6 rows)
[487/600] path_n5000_anti-correlated_seed6.pcf: ok (6 rows)
[488/600] path_n5000_anti-correlated_seed7.pcf: ok (6 rows)
[489/600] path_n5000_anti-correlated_seed8.pcf: ok (6 rows)
[490/600] path_n5000_anti-correlated_seed9.pcf: ok (6 rows)
[491/600] path_n5000_correlated_seed0.pcf: ok (6 rows)
[492/600] path_n5000_correlated_seed1.pcf: ok (6 rows)
[493/600] path_n5000_correlated_seed2.pcf: ok (6 rows)
[494/600] path_n5000_correlated_seed3.pcf: ok (6 rows)
[495/600] path_n5000_correlated_seed4.pcf: ok (6 rows)
[496/600] path_n5000_correlated_seed5.pcf: ok (6 rows)
[497/600] path_n5000_correlated_seed6.pcf: ok (6 rows)
[498/600] path_n5000_correlated_seed7.pcf: ok (6 rows)
[499/600] path_n5000_correlated_seed8.pcf: ok (6 rows)
[500/600] path_n5000_correlated_seed9.pcf: ok (6 rows)
[501/600] path_n5000_exact-ties_seed0.pcf: ok (6 rows)
[502/600] path_n5000_exact-ties_seed1.pcf: ok (6 rows)
[503/600] path_n5000_exact-ties_seed2.pcf: ok (6 rows)
[504/600] path_n5000_exact-ties_seed3.pcf: ok (6 rows)
[505/600] path_n5000_exact-ties_seed4.pcf: ok (6 rows)
[506/600] path_n5000_exact-ties_seed5.pcf: ok (6 rows)
[507/600] path_n5000_exact-ties_seed6.pcf: ok (6 rows)
[508/600] path_n5000_exact-ties_seed7.pcf: ok (6 rows)
[509/600] path_n5000_exact-ties_seed8.pcf: ok (6 rows)
[510/600] path_n5000_exact-ties_seed9.pcf: ok (6 rows)
[511/600] path_n5000_independent-positive_seed0.pcf: ok (6 rows)
[512/600] path_n5000_independent-positive_seed1.pcf: ok (6 rows)
[513/600] path_n5000_independent-positive_seed2.pcf: ok (6 rows)
[514/600] path_n5000_independent-positive_seed3.pcf: ok (6 rows)
[515/600] path_n5000_independent-positive_seed4.pcf: ok (6 rows)
[516/600] path_n5000_independent-positive_seed5.pcf: ok (6 rows)
[517/600] path_n5000_independent-positive_seed6.pcf: ok (6 rows)
[518/600] path_n5000_independent-positive_seed7.pcf: ok (6 rows)
[519/600] path_n5000_independent-positive_seed8.pcf: ok (6 rows)
[520/600] path_n5000_independent-positive_seed9.pcf: ok (6 rows)
[521/600] path_n5000_independent-signed_seed0.pcf: ok (6 rows)
[522/600] path_n5000_independent-signed_seed1.pcf: ok (6 rows)
[523/600] path_n5000_independent-signed_seed2.pcf: ok (6 rows)
[524/600] path_n5000_independent-signed_seed3.pcf: ok (6 rows)
[525/600] path_n5000_independent-signed_seed4.pcf: ok (6 rows)
[526/600] path_n5000_independent-signed_seed5.pcf: ok (6 rows)
[527/600] path_n5000_independent-signed_seed6.pcf: ok (6 rows)
[528/600] path_n5000_independent-signed_seed7.pcf: ok (6 rows)
[529/600] path_n5000_independent-signed_seed8.pcf: ok (6 rows)
[530/600] path_n5000_independent-signed_seed9.pcf: ok (6 rows)
[531/600] path_n5000_near-ties_seed0.pcf: ok (6 rows)
[532/600] path_n5000_near-ties_seed1.pcf: ok (6 rows)
[533/600] path_n5000_near-ties_seed2.pcf: ok (6 rows)
[534/600] path_n5000_near-ties_seed3.pcf: ok (6 rows)
[535/600] path_n5000_near-ties_seed4.pcf: ok (6 rows)
[536/600] path_n5000_near-ties_seed5.pcf: ok (6 rows)
[537/600] path_n5000_near-ties_seed6.pcf: ok (6 rows)
[538/600] path_n5000_near-ties_seed7.pcf: ok (6 rows)
[539/600] path_n5000_near-ties_seed8.pcf: ok (6 rows)
[540/600] path_n5000_near-ties_seed9.pcf: ok (6 rows)
[541/600] path_n500_anti-correlated_seed0.pcf: ok (6 rows)
[542/600] path_n500_anti-correlated_seed1.pcf: ok (6 rows)
[543/600] path_n500_anti-correlated_seed2.pcf: ok (6 rows)
[544/600] path_n500_anti-correlated_seed3.pcf: ok (6 rows)
[545/600] path_n500_anti-correlated_seed4.pcf: ok (6 rows)
[546/600] path_n500_anti-correlated_seed5.pcf: ok (6 rows)
[547/600] path_n500_anti-correlated_seed6.pcf: ok (6 rows)
[548/600] path_n500_anti-correlated_seed7.pcf: ok (6 rows)
[549/600] path_n500_anti-correlated_seed8.pcf: ok (6 rows)
[550/600] path_n500_anti-correlated_seed9.pcf: ok (6 rows)
[551/600] path_n500_correlated_seed0.pcf: ok (6 rows)
[552/600] path_n500_correlated_seed1.pcf: ok (6 rows)
[553/600] path_n500_correlated_seed2.pcf: ok (6 rows)
[554/600] path_n500_correlated_seed3.pcf: ok (6 rows)
[555/600] path_n500_correlated_seed4.pcf: ok (6 rows)
[556/600] path_n500_correlated_seed5.pcf: ok (6 rows)
[557/600] path_n500_correlated_seed6.pcf: ok (6 rows)
[558/600] path_n500_correlated_seed7.pcf: ok (6 rows)
[559/600] path_n500_correlated_seed8.pcf: ok (6 rows)
[560/600] path_n500_correlated_seed9.pcf: ok (6 rows)
[561/600] path_n500_exact-ties_seed0.pcf: ok (6 rows)
[562/600] path_n500_exact-ties_seed1.pcf: ok (6 rows)
[563/600] path_n500_exact-ties_seed2.pcf: ok (6 rows)
[564/600] path_n500_exact-ties_seed3.pcf: ok (6 rows)
[565/600] path_n500_exact-ties_seed4.pcf: ok (6 rows)
[566/600] path_n500_exact-ties_seed5.pcf: ok (6 rows)
[567/600] path_n500_exact-ties_seed6.pcf: ok (6 rows)
[568/600] path_n500_exact-ties_seed7.pcf: ok (6 rows)
[569/600] path_n500_exact-ties_seed8.pcf: ok (6 rows)
[570/600] path_n500_exact-ties_seed9.pcf: ok (6 rows)
[571/600] path_n500_independent-positive_seed0.pcf: ok (6 rows)
[572/600] path_n500_independent-positive_seed1.pcf: ok (6 rows)
[573/600] path_n500_independent-positive_seed2.pcf: ok (6 rows)
[574/600] path_n500_independent-positive_seed3.pcf: ok (6 rows)
[575/600] path_n500_independent-positive_seed4.pcf: ok (6 rows)
[576/600] path_n500_independent-positive_seed5.pcf: ok (6 rows)
[577/600] path_n500_independent-positive_seed6.pcf: ok (6 rows)
[578/600] path_n500_independent-positive_seed7.pcf: ok (6 rows)
[579/600] path_n500_independent-positive_seed8.pcf: ok (6 rows)
[580/600] path_n500_independent-positive_seed9.pcf: ok (6 rows)
[581/600] path_n500_independent-signed_seed0.pcf: ok (6 rows)
[582/600] path_n500_independent-signed_seed1.pcf: ok (6 rows)
[583/600] path_n500_independent-signed_seed2.pcf: ok (6 rows)
[584/600] path_n500_independent-signed_seed3.pcf: ok (6 rows)
[585/600] path_n500_independent-signed_seed4.pcf: ok (6 rows)
[586/600] path_n500_independent-signed_seed5.pcf: ok (6 rows)
[587/600] path_n500_independent-signed_seed6.pcf: ok (6 rows)
[588/600] path_n500_independent-signed_seed7.pcf: ok (6 rows)
[589/600] path_n500_independent-signed_seed8.pcf: ok (6 rows)
[590/600] path_n500_independent-signed_seed9.pcf: ok (6 rows)
[591/600] path_n500_near-ties_seed0.pcf: ok (6 rows)
[592/600] path_n500_near-ties_seed1.pcf: ok (6 rows)
[593/600] path_n500_near-ties_seed2.pcf: ok (6 rows)
[594/600] path_n500_near-ties_seed3.pcf: ok (6 rows)
[595/600] path_n500_near-ties_seed4.pcf: ok (6 rows)
[596/600] path_n500_near-ties_seed5.pcf: ok (6 rows)
[597/600] path_n500_near-ties_seed6.pcf: ok (6 rows)
[598/600] path_n500_near-ties_seed7.pcf: ok (6 rows)
[599/600] path_n500_near-ties_seed8.pcf: ok (6 rows)
[600/600] path_n500_near-ties_seed9.pcf: ok (6 rows)
wrote results/raw/campaign_d_path_hfma-rac.csv (3600 rows), results/raw/campaign_d_path_hfma-rac.failures.csv (0 censored instances)
=== campaign_d_path :: fma (3 reps) on instances/campaign_d_path_fma_subset -> results/raw/campaign_d_path_fma.csv ===
[1/300] path_n1000_anti-correlated_seed0.pcf: ok (3 rows)
[2/300] path_n1000_anti-correlated_seed1.pcf: ok (3 rows)
[3/300] path_n1000_anti-correlated_seed2.pcf: ok (3 rows)
[4/300] path_n1000_anti-correlated_seed3.pcf: ok (3 rows)
[5/300] path_n1000_anti-correlated_seed4.pcf: ok (3 rows)
[6/300] path_n1000_anti-correlated_seed5.pcf: ok (3 rows)
[7/300] path_n1000_anti-correlated_seed6.pcf: ok (3 rows)
[8/300] path_n1000_anti-correlated_seed7.pcf: ok (3 rows)
[9/300] path_n1000_anti-correlated_seed8.pcf: ok (3 rows)
[10/300] path_n1000_anti-correlated_seed9.pcf: ok (3 rows)
[11/300] path_n1000_correlated_seed0.pcf: ok (3 rows)
[12/300] path_n1000_correlated_seed1.pcf: ok (3 rows)
[13/300] path_n1000_correlated_seed2.pcf: ok (3 rows)
[14/300] path_n1000_correlated_seed3.pcf: ok (3 rows)
[15/300] path_n1000_correlated_seed4.pcf: ok (3 rows)
[16/300] path_n1000_correlated_seed5.pcf: ok (3 rows)
[17/300] path_n1000_correlated_seed6.pcf: ok (3 rows)
[18/300] path_n1000_correlated_seed7.pcf: ok (3 rows)
[19/300] path_n1000_correlated_seed8.pcf: ok (3 rows)
[20/300] path_n1000_correlated_seed9.pcf: ok (3 rows)
[21/300] path_n1000_exact-ties_seed0.pcf: ok (3 rows)
[22/300] path_n1000_exact-ties_seed1.pcf: ok (3 rows)
[23/300] path_n1000_exact-ties_seed2.pcf: ok (3 rows)
[24/300] path_n1000_exact-ties_seed3.pcf: ok (3 rows)
[25/300] path_n1000_exact-ties_seed4.pcf: ok (3 rows)
[26/300] path_n1000_exact-ties_seed5.pcf: ok (3 rows)
[27/300] path_n1000_exact-ties_seed6.pcf: ok (3 rows)
[28/300] path_n1000_exact-ties_seed7.pcf: ok (3 rows)
[29/300] path_n1000_exact-ties_seed8.pcf: ok (3 rows)
[30/300] path_n1000_exact-ties_seed9.pcf: ok (3 rows)
[31/300] path_n1000_independent-positive_seed0.pcf: ok (3 rows)
[32/300] path_n1000_independent-positive_seed1.pcf: ok (3 rows)
[33/300] path_n1000_independent-positive_seed2.pcf: ok (3 rows)
[34/300] path_n1000_independent-positive_seed3.pcf: ok (3 rows)
[35/300] path_n1000_independent-positive_seed4.pcf: ok (3 rows)
[36/300] path_n1000_independent-positive_seed5.pcf: ok (3 rows)
[37/300] path_n1000_independent-positive_seed6.pcf: ok (3 rows)
[38/300] path_n1000_independent-positive_seed7.pcf: ok (3 rows)
[39/300] path_n1000_independent-positive_seed8.pcf: ok (3 rows)
[40/300] path_n1000_independent-positive_seed9.pcf: ok (3 rows)
[41/300] path_n1000_independent-signed_seed0.pcf: ok (3 rows)
[42/300] path_n1000_independent-signed_seed1.pcf: ok (3 rows)
[43/300] path_n1000_independent-signed_seed2.pcf: ok (3 rows)
[44/300] path_n1000_independent-signed_seed3.pcf: ok (3 rows)
[45/300] path_n1000_independent-signed_seed4.pcf: ok (3 rows)
[46/300] path_n1000_independent-signed_seed5.pcf: ok (3 rows)
[47/300] path_n1000_independent-signed_seed6.pcf: ok (3 rows)
[48/300] path_n1000_independent-signed_seed7.pcf: ok (3 rows)
[49/300] path_n1000_independent-signed_seed8.pcf: ok (3 rows)
[50/300] path_n1000_independent-signed_seed9.pcf: ok (3 rows)
[51/300] path_n1000_near-ties_seed0.pcf: ok (3 rows)
[52/300] path_n1000_near-ties_seed1.pcf: ok (3 rows)
[53/300] path_n1000_near-ties_seed2.pcf: ok (3 rows)
[54/300] path_n1000_near-ties_seed3.pcf: ok (3 rows)
[55/300] path_n1000_near-ties_seed4.pcf: ok (3 rows)
[56/300] path_n1000_near-ties_seed5.pcf: ok (3 rows)
[57/300] path_n1000_near-ties_seed6.pcf: ok (3 rows)
[58/300] path_n1000_near-ties_seed7.pcf: ok (3 rows)
[59/300] path_n1000_near-ties_seed8.pcf: ok (3 rows)
[60/300] path_n1000_near-ties_seed9.pcf: ok (3 rows)
[61/300] path_n100_anti-correlated_seed0.pcf: ok (3 rows)
[62/300] path_n100_anti-correlated_seed1.pcf: ok (3 rows)
[63/300] path_n100_anti-correlated_seed2.pcf: ok (3 rows)
[64/300] path_n100_anti-correlated_seed3.pcf: ok (3 rows)
[65/300] path_n100_anti-correlated_seed4.pcf: ok (3 rows)
[66/300] path_n100_anti-correlated_seed5.pcf: ok (3 rows)
[67/300] path_n100_anti-correlated_seed6.pcf: ok (3 rows)
[68/300] path_n100_anti-correlated_seed7.pcf: ok (3 rows)
[69/300] path_n100_anti-correlated_seed8.pcf: ok (3 rows)
[70/300] path_n100_anti-correlated_seed9.pcf: ok (3 rows)
[71/300] path_n100_correlated_seed0.pcf: ok (3 rows)
[72/300] path_n100_correlated_seed1.pcf: ok (3 rows)
[73/300] path_n100_correlated_seed2.pcf: ok (3 rows)
[74/300] path_n100_correlated_seed3.pcf: ok (3 rows)
[75/300] path_n100_correlated_seed4.pcf: ok (3 rows)
[76/300] path_n100_correlated_seed5.pcf: ok (3 rows)
[77/300] path_n100_correlated_seed6.pcf: ok (3 rows)
[78/300] path_n100_correlated_seed7.pcf: ok (3 rows)
[79/300] path_n100_correlated_seed8.pcf: ok (3 rows)
[80/300] path_n100_correlated_seed9.pcf: ok (3 rows)
[81/300] path_n100_exact-ties_seed0.pcf: ok (3 rows)
[82/300] path_n100_exact-ties_seed1.pcf: ok (3 rows)
[83/300] path_n100_exact-ties_seed2.pcf: ok (3 rows)
[84/300] path_n100_exact-ties_seed3.pcf: ok (3 rows)
[85/300] path_n100_exact-ties_seed4.pcf: ok (3 rows)
[86/300] path_n100_exact-ties_seed5.pcf: ok (3 rows)
[87/300] path_n100_exact-ties_seed6.pcf: ok (3 rows)
[88/300] path_n100_exact-ties_seed7.pcf: ok (3 rows)
[89/300] path_n100_exact-ties_seed8.pcf: ok (3 rows)
[90/300] path_n100_exact-ties_seed9.pcf: ok (3 rows)
[91/300] path_n100_independent-positive_seed0.pcf: ok (3 rows)
[92/300] path_n100_independent-positive_seed1.pcf: ok (3 rows)
[93/300] path_n100_independent-positive_seed2.pcf: ok (3 rows)
[94/300] path_n100_independent-positive_seed3.pcf: ok (3 rows)
[95/300] path_n100_independent-positive_seed4.pcf: ok (3 rows)
[96/300] path_n100_independent-positive_seed5.pcf: ok (3 rows)
[97/300] path_n100_independent-positive_seed6.pcf: ok (3 rows)
[98/300] path_n100_independent-positive_seed7.pcf: ok (3 rows)
[99/300] path_n100_independent-positive_seed8.pcf: ok (3 rows)
[100/300] path_n100_independent-positive_seed9.pcf: ok (3 rows)
[101/300] path_n100_independent-signed_seed0.pcf: ok (3 rows)
[102/300] path_n100_independent-signed_seed1.pcf: ok (3 rows)
[103/300] path_n100_independent-signed_seed2.pcf: ok (3 rows)
[104/300] path_n100_independent-signed_seed3.pcf: ok (3 rows)
[105/300] path_n100_independent-signed_seed4.pcf: ok (3 rows)
[106/300] path_n100_independent-signed_seed5.pcf: ok (3 rows)
[107/300] path_n100_independent-signed_seed6.pcf: ok (3 rows)
[108/300] path_n100_independent-signed_seed7.pcf: ok (3 rows)
[109/300] path_n100_independent-signed_seed8.pcf: ok (3 rows)
[110/300] path_n100_independent-signed_seed9.pcf: ok (3 rows)
[111/300] path_n100_near-ties_seed0.pcf: ok (3 rows)
[112/300] path_n100_near-ties_seed1.pcf: ok (3 rows)
[113/300] path_n100_near-ties_seed2.pcf: ok (3 rows)
[114/300] path_n100_near-ties_seed3.pcf: ok (3 rows)
[115/300] path_n100_near-ties_seed4.pcf: ok (3 rows)
[116/300] path_n100_near-ties_seed5.pcf: ok (3 rows)
[117/300] path_n100_near-ties_seed6.pcf: ok (3 rows)
[118/300] path_n100_near-ties_seed7.pcf: ok (3 rows)
[119/300] path_n100_near-ties_seed8.pcf: ok (3 rows)
[120/300] path_n100_near-ties_seed9.pcf: ok (3 rows)
[121/300] path_n2000_anti-correlated_seed0.pcf: ok (3 rows)
[122/300] path_n2000_anti-correlated_seed1.pcf: ok (3 rows)
[123/300] path_n2000_anti-correlated_seed2.pcf: ok (3 rows)
[124/300] path_n2000_anti-correlated_seed3.pcf: ok (3 rows)
[125/300] path_n2000_anti-correlated_seed4.pcf: ok (3 rows)
[126/300] path_n2000_anti-correlated_seed5.pcf: ok (3 rows)
[127/300] path_n2000_anti-correlated_seed6.pcf: ok (3 rows)
[128/300] path_n2000_anti-correlated_seed7.pcf: ok (3 rows)
[129/300] path_n2000_anti-correlated_seed8.pcf: ok (3 rows)
[130/300] path_n2000_anti-correlated_seed9.pcf: ok (3 rows)
[131/300] path_n2000_correlated_seed0.pcf: ok (3 rows)
[132/300] path_n2000_correlated_seed1.pcf: ok (3 rows)
[133/300] path_n2000_correlated_seed2.pcf: ok (3 rows)
[134/300] path_n2000_correlated_seed3.pcf: ok (3 rows)
[135/300] path_n2000_correlated_seed4.pcf: ok (3 rows)
[136/300] path_n2000_correlated_seed5.pcf: ok (3 rows)
[137/300] path_n2000_correlated_seed6.pcf: ok (3 rows)
[138/300] path_n2000_correlated_seed7.pcf: ok (3 rows)
[139/300] path_n2000_correlated_seed8.pcf: ok (3 rows)
[140/300] path_n2000_correlated_seed9.pcf: ok (3 rows)
[141/300] path_n2000_exact-ties_seed0.pcf: ok (3 rows)
[142/300] path_n2000_exact-ties_seed1.pcf: ok (3 rows)
[143/300] path_n2000_exact-ties_seed2.pcf: ok (3 rows)
[144/300] path_n2000_exact-ties_seed3.pcf: ok (3 rows)
[145/300] path_n2000_exact-ties_seed4.pcf: ok (3 rows)
[146/300] path_n2000_exact-ties_seed5.pcf: ok (3 rows)
[147/300] path_n2000_exact-ties_seed6.pcf: ok (3 rows)
[148/300] path_n2000_exact-ties_seed7.pcf: ok (3 rows)
[149/300] path_n2000_exact-ties_seed8.pcf: ok (3 rows)
[150/300] path_n2000_exact-ties_seed9.pcf: ok (3 rows)
[151/300] path_n2000_independent-positive_seed0.pcf: ok (3 rows)
[152/300] path_n2000_independent-positive_seed1.pcf: ok (3 rows)
[153/300] path_n2000_independent-positive_seed2.pcf: ok (3 rows)
[154/300] path_n2000_independent-positive_seed3.pcf: ok (3 rows)
[155/300] path_n2000_independent-positive_seed4.pcf: ok (3 rows)
[156/300] path_n2000_independent-positive_seed5.pcf: ok (3 rows)
[157/300] path_n2000_independent-positive_seed6.pcf: ok (3 rows)
[158/300] path_n2000_independent-positive_seed7.pcf: ok (3 rows)
[159/300] path_n2000_independent-positive_seed8.pcf: ok (3 rows)
[160/300] path_n2000_independent-positive_seed9.pcf: ok (3 rows)
[161/300] path_n2000_independent-signed_seed0.pcf: ok (3 rows)
[162/300] path_n2000_independent-signed_seed1.pcf: ok (3 rows)
[163/300] path_n2000_independent-signed_seed2.pcf: ok (3 rows)
[164/300] path_n2000_independent-signed_seed3.pcf: ok (3 rows)
[165/300] path_n2000_independent-signed_seed4.pcf: ok (3 rows)
[166/300] path_n2000_independent-signed_seed5.pcf: ok (3 rows)
[167/300] path_n2000_independent-signed_seed6.pcf: ok (3 rows)
[168/300] path_n2000_independent-signed_seed7.pcf: ok (3 rows)
[169/300] path_n2000_independent-signed_seed8.pcf: ok (3 rows)
[170/300] path_n2000_independent-signed_seed9.pcf: ok (3 rows)
[171/300] path_n2000_near-ties_seed0.pcf: ok (3 rows)
[172/300] path_n2000_near-ties_seed1.pcf: ok (3 rows)
[173/300] path_n2000_near-ties_seed2.pcf: ok (3 rows)
[174/300] path_n2000_near-ties_seed3.pcf: ok (3 rows)
[175/300] path_n2000_near-ties_seed4.pcf: ok (3 rows)
[176/300] path_n2000_near-ties_seed5.pcf: ok (3 rows)
[177/300] path_n2000_near-ties_seed6.pcf: ok (3 rows)
[178/300] path_n2000_near-ties_seed7.pcf: ok (3 rows)
[179/300] path_n2000_near-ties_seed8.pcf: ok (3 rows)
[180/300] path_n2000_near-ties_seed9.pcf: ok (3 rows)
[181/300] path_n200_anti-correlated_seed0.pcf: ok (3 rows)
[182/300] path_n200_anti-correlated_seed1.pcf: ok (3 rows)
[183/300] path_n200_anti-correlated_seed2.pcf: ok (3 rows)
[184/300] path_n200_anti-correlated_seed3.pcf: ok (3 rows)
[185/300] path_n200_anti-correlated_seed4.pcf: ok (3 rows)
[186/300] path_n200_anti-correlated_seed5.pcf: ok (3 rows)
[187/300] path_n200_anti-correlated_seed6.pcf: ok (3 rows)
[188/300] path_n200_anti-correlated_seed7.pcf: ok (3 rows)
[189/300] path_n200_anti-correlated_seed8.pcf: ok (3 rows)
[190/300] path_n200_anti-correlated_seed9.pcf: ok (3 rows)
[191/300] path_n200_correlated_seed0.pcf: ok (3 rows)
[192/300] path_n200_correlated_seed1.pcf: ok (3 rows)
[193/300] path_n200_correlated_seed2.pcf: ok (3 rows)
[194/300] path_n200_correlated_seed3.pcf: ok (3 rows)
[195/300] path_n200_correlated_seed4.pcf: ok (3 rows)
[196/300] path_n200_correlated_seed5.pcf: ok (3 rows)
[197/300] path_n200_correlated_seed6.pcf: ok (3 rows)
[198/300] path_n200_correlated_seed7.pcf: ok (3 rows)
[199/300] path_n200_correlated_seed8.pcf: ok (3 rows)
[200/300] path_n200_correlated_seed9.pcf: ok (3 rows)
[201/300] path_n200_exact-ties_seed0.pcf: ok (3 rows)
[202/300] path_n200_exact-ties_seed1.pcf: ok (3 rows)
[203/300] path_n200_exact-ties_seed2.pcf: ok (3 rows)
[204/300] path_n200_exact-ties_seed3.pcf: ok (3 rows)
[205/300] path_n200_exact-ties_seed4.pcf: ok (3 rows)
[206/300] path_n200_exact-ties_seed5.pcf: ok (3 rows)
[207/300] path_n200_exact-ties_seed6.pcf: ok (3 rows)
[208/300] path_n200_exact-ties_seed7.pcf: ok (3 rows)
[209/300] path_n200_exact-ties_seed8.pcf: ok (3 rows)
[210/300] path_n200_exact-ties_seed9.pcf: ok (3 rows)
[211/300] path_n200_independent-positive_seed0.pcf: ok (3 rows)
[212/300] path_n200_independent-positive_seed1.pcf: ok (3 rows)
[213/300] path_n200_independent-positive_seed2.pcf: ok (3 rows)
[214/300] path_n200_independent-positive_seed3.pcf: ok (3 rows)
[215/300] path_n200_independent-positive_seed4.pcf: ok (3 rows)
[216/300] path_n200_independent-positive_seed5.pcf: ok (3 rows)
[217/300] path_n200_independent-positive_seed6.pcf: ok (3 rows)
[218/300] path_n200_independent-positive_seed7.pcf: ok (3 rows)
[219/300] path_n200_independent-positive_seed8.pcf: ok (3 rows)
[220/300] path_n200_independent-positive_seed9.pcf: ok (3 rows)
[221/300] path_n200_independent-signed_seed0.pcf: ok (3 rows)
[222/300] path_n200_independent-signed_seed1.pcf: ok (3 rows)
[223/300] path_n200_independent-signed_seed2.pcf: ok (3 rows)
[224/300] path_n200_independent-signed_seed3.pcf: ok (3 rows)
[225/300] path_n200_independent-signed_seed4.pcf: ok (3 rows)
[226/300] path_n200_independent-signed_seed5.pcf: ok (3 rows)
[227/300] path_n200_independent-signed_seed6.pcf: ok (3 rows)
[228/300] path_n200_independent-signed_seed7.pcf: ok (3 rows)
[229/300] path_n200_independent-signed_seed8.pcf: ok (3 rows)
[230/300] path_n200_independent-signed_seed9.pcf: ok (3 rows)
[231/300] path_n200_near-ties_seed0.pcf: ok (3 rows)
[232/300] path_n200_near-ties_seed1.pcf: ok (3 rows)
[233/300] path_n200_near-ties_seed2.pcf: ok (3 rows)
[234/300] path_n200_near-ties_seed3.pcf: ok (3 rows)
[235/300] path_n200_near-ties_seed4.pcf: ok (3 rows)
[236/300] path_n200_near-ties_seed5.pcf: ok (3 rows)
[237/300] path_n200_near-ties_seed6.pcf: ok (3 rows)
[238/300] path_n200_near-ties_seed7.pcf: ok (3 rows)
[239/300] path_n200_near-ties_seed8.pcf: ok (3 rows)
[240/300] path_n200_near-ties_seed9.pcf: ok (3 rows)
[241/300] path_n500_anti-correlated_seed0.pcf: ok (3 rows)
[242/300] path_n500_anti-correlated_seed1.pcf: ok (3 rows)
[243/300] path_n500_anti-correlated_seed2.pcf: ok (3 rows)
[244/300] path_n500_anti-correlated_seed3.pcf: ok (3 rows)
[245/300] path_n500_anti-correlated_seed4.pcf: ok (3 rows)
[246/300] path_n500_anti-correlated_seed5.pcf: ok (3 rows)
[247/300] path_n500_anti-correlated_seed6.pcf: ok (3 rows)
[248/300] path_n500_anti-correlated_seed7.pcf: ok (3 rows)
[249/300] path_n500_anti-correlated_seed8.pcf: ok (3 rows)
[250/300] path_n500_anti-correlated_seed9.pcf: ok (3 rows)
[251/300] path_n500_correlated_seed0.pcf: ok (3 rows)
[252/300] path_n500_correlated_seed1.pcf: ok (3 rows)
[253/300] path_n500_correlated_seed2.pcf: ok (3 rows)
[254/300] path_n500_correlated_seed3.pcf: ok (3 rows)
[255/300] path_n500_correlated_seed4.pcf: ok (3 rows)
[256/300] path_n500_correlated_seed5.pcf: ok (3 rows)
[257/300] path_n500_correlated_seed6.pcf: ok (3 rows)
[258/300] path_n500_correlated_seed7.pcf: ok (3 rows)
[259/300] path_n500_correlated_seed8.pcf: ok (3 rows)
[260/300] path_n500_correlated_seed9.pcf: ok (3 rows)
[261/300] path_n500_exact-ties_seed0.pcf: ok (3 rows)
[262/300] path_n500_exact-ties_seed1.pcf: ok (3 rows)
[263/300] path_n500_exact-ties_seed2.pcf: ok (3 rows)
[264/300] path_n500_exact-ties_seed3.pcf: ok (3 rows)
[265/300] path_n500_exact-ties_seed4.pcf: ok (3 rows)
[266/300] path_n500_exact-ties_seed5.pcf: ok (3 rows)
[267/300] path_n500_exact-ties_seed6.pcf: ok (3 rows)
[268/300] path_n500_exact-ties_seed7.pcf: ok (3 rows)
[269/300] path_n500_exact-ties_seed8.pcf: ok (3 rows)
[270/300] path_n500_exact-ties_seed9.pcf: ok (3 rows)
[271/300] path_n500_independent-positive_seed0.pcf: ok (3 rows)
[272/300] path_n500_independent-positive_seed1.pcf: ok (3 rows)
[273/300] path_n500_independent-positive_seed2.pcf: ok (3 rows)
[274/300] path_n500_independent-positive_seed3.pcf: ok (3 rows)
[275/300] path_n500_independent-positive_seed4.pcf: ok (3 rows)
[276/300] path_n500_independent-positive_seed5.pcf: ok (3 rows)
[277/300] path_n500_independent-positive_seed6.pcf: ok (3 rows)
[278/300] path_n500_independent-positive_seed7.pcf: ok (3 rows)
[279/300] path_n500_independent-positive_seed8.pcf: ok (3 rows)
[280/300] path_n500_independent-positive_seed9.pcf: ok (3 rows)
[281/300] path_n500_independent-signed_seed0.pcf: ok (3 rows)
[282/300] path_n500_independent-signed_seed1.pcf: ok (3 rows)
[283/300] path_n500_independent-signed_seed2.pcf: ok (3 rows)
[284/300] path_n500_independent-signed_seed3.pcf: ok (3 rows)
[285/300] path_n500_independent-signed_seed4.pcf: ok (3 rows)
[286/300] path_n500_independent-signed_seed5.pcf: ok (3 rows)
[287/300] path_n500_independent-signed_seed6.pcf: ok (3 rows)
[288/300] path_n500_independent-signed_seed7.pcf: ok (3 rows)
[289/300] path_n500_independent-signed_seed8.pcf: ok (3 rows)
[290/300] path_n500_independent-signed_seed9.pcf: ok (3 rows)
[291/300] path_n500_near-ties_seed0.pcf: ok (3 rows)
[292/300] path_n500_near-ties_seed1.pcf: ok (3 rows)
[293/300] path_n500_near-ties_seed2.pcf: ok (3 rows)
[294/300] path_n500_near-ties_seed3.pcf: ok (3 rows)
[295/300] path_n500_near-ties_seed4.pcf: ok (3 rows)
[296/300] path_n500_near-ties_seed5.pcf: ok (3 rows)
[297/300] path_n500_near-ties_seed6.pcf: ok (3 rows)
[298/300] path_n500_near-ties_seed7.pcf: ok (3 rows)
[299/300] path_n500_near-ties_seed8.pcf: ok (3 rows)
[300/300] path_n500_near-ties_seed9.pcf: ok (3 rows)
wrote results/raw/campaign_d_path_fma.csv (900 rows), results/raw/campaign_d_path_fma.failures.csv (0 censored instances)
=== campaign_d_binary :: hfma,rac (3 reps) on instances/campaign_d_binary -> results/raw/campaign_d_binary_hfma-rac.csv ===
[1/600] binary_n100000_anti-correlated_seed0.pcf: ok (6 rows)
[2/600] binary_n100000_anti-correlated_seed1.pcf: ok (6 rows)
[3/600] binary_n100000_anti-correlated_seed2.pcf: ok (6 rows)
[4/600] binary_n100000_anti-correlated_seed3.pcf: ok (6 rows)
[5/600] binary_n100000_anti-correlated_seed4.pcf: ok (6 rows)
[6/600] binary_n100000_anti-correlated_seed5.pcf: ok (6 rows)
[7/600] binary_n100000_anti-correlated_seed6.pcf: ok (6 rows)
[8/600] binary_n100000_anti-correlated_seed7.pcf: ok (6 rows)
[9/600] binary_n100000_anti-correlated_seed8.pcf: ok (6 rows)
[10/600] binary_n100000_anti-correlated_seed9.pcf: ok (6 rows)
[11/600] binary_n100000_correlated_seed0.pcf: ok (6 rows)
[12/600] binary_n100000_correlated_seed1.pcf: ok (6 rows)
[13/600] binary_n100000_correlated_seed2.pcf: ok (6 rows)
[14/600] binary_n100000_correlated_seed3.pcf: ok (6 rows)
[15/600] binary_n100000_correlated_seed4.pcf: ok (6 rows)
[16/600] binary_n100000_correlated_seed5.pcf: ok (6 rows)
[17/600] binary_n100000_correlated_seed6.pcf: ok (6 rows)
[18/600] binary_n100000_correlated_seed7.pcf: ok (6 rows)
[19/600] binary_n100000_correlated_seed8.pcf: ok (6 rows)
[20/600] binary_n100000_correlated_seed9.pcf: ok (6 rows)
[21/600] binary_n100000_exact-ties_seed0.pcf: ok (6 rows)
[22/600] binary_n100000_exact-ties_seed1.pcf: ok (6 rows)
[23/600] binary_n100000_exact-ties_seed2.pcf: ok (6 rows)
[24/600] binary_n100000_exact-ties_seed3.pcf: ok (6 rows)
[25/600] binary_n100000_exact-ties_seed4.pcf: ok (6 rows)
[26/600] binary_n100000_exact-ties_seed5.pcf: ok (6 rows)
[27/600] binary_n100000_exact-ties_seed6.pcf: ok (6 rows)
[28/600] binary_n100000_exact-ties_seed7.pcf: ok (6 rows)
[29/600] binary_n100000_exact-ties_seed8.pcf: ok (6 rows)
[30/600] binary_n100000_exact-ties_seed9.pcf: ok (6 rows)
[31/600] binary_n100000_independent-positive_seed0.pcf: ok (6 rows)
[32/600] binary_n100000_independent-positive_seed1.pcf: ok (6 rows)
[33/600] binary_n100000_independent-positive_seed2.pcf: ok (6 rows)
[34/600] binary_n100000_independent-positive_seed3.pcf: ok (6 rows)
[35/600] binary_n100000_independent-positive_seed4.pcf: ok (6 rows)
[36/600] binary_n100000_independent-positive_seed5.pcf: ok (6 rows)
[37/600] binary_n100000_independent-positive_seed6.pcf: ok (6 rows)
[38/600] binary_n100000_independent-positive_seed7.pcf: ok (6 rows)
[39/600] binary_n100000_independent-positive_seed8.pcf: ok (6 rows)
[40/600] binary_n100000_independent-positive_seed9.pcf: ok (6 rows)
[41/600] binary_n100000_independent-signed_seed0.pcf: ok (6 rows)
[42/600] binary_n100000_independent-signed_seed1.pcf: ok (6 rows)
[43/600] binary_n100000_independent-signed_seed2.pcf: ok (6 rows)
[44/600] binary_n100000_independent-signed_seed3.pcf: ok (6 rows)
[45/600] binary_n100000_independent-signed_seed4.pcf: ok (6 rows)
[46/600] binary_n100000_independent-signed_seed5.pcf: ok (6 rows)
[47/600] binary_n100000_independent-signed_seed6.pcf: ok (6 rows)
[48/600] binary_n100000_independent-signed_seed7.pcf: ok (6 rows)
[49/600] binary_n100000_independent-signed_seed8.pcf: ok (6 rows)
[50/600] binary_n100000_independent-signed_seed9.pcf: ok (6 rows)
[51/600] binary_n100000_near-ties_seed0.pcf: ok (6 rows)
[52/600] binary_n100000_near-ties_seed1.pcf: ok (6 rows)
[53/600] binary_n100000_near-ties_seed2.pcf: ok (6 rows)
[54/600] binary_n100000_near-ties_seed3.pcf: ok (6 rows)
[55/600] binary_n100000_near-ties_seed4.pcf: ok (6 rows)
[56/600] binary_n100000_near-ties_seed5.pcf: ok (6 rows)
[57/600] binary_n100000_near-ties_seed6.pcf: ok (6 rows)
[58/600] binary_n100000_near-ties_seed7.pcf: ok (6 rows)
[59/600] binary_n100000_near-ties_seed8.pcf: ok (6 rows)
[60/600] binary_n100000_near-ties_seed9.pcf: ok (6 rows)
[61/600] binary_n10000_anti-correlated_seed0.pcf: ok (6 rows)
[62/600] binary_n10000_anti-correlated_seed1.pcf: ok (6 rows)
[63/600] binary_n10000_anti-correlated_seed2.pcf: ok (6 rows)
[64/600] binary_n10000_anti-correlated_seed3.pcf: ok (6 rows)
[65/600] binary_n10000_anti-correlated_seed4.pcf: ok (6 rows)
[66/600] binary_n10000_anti-correlated_seed5.pcf: ok (6 rows)
[67/600] binary_n10000_anti-correlated_seed6.pcf: ok (6 rows)
[68/600] binary_n10000_anti-correlated_seed7.pcf: ok (6 rows)
[69/600] binary_n10000_anti-correlated_seed8.pcf: ok (6 rows)
[70/600] binary_n10000_anti-correlated_seed9.pcf: ok (6 rows)
[71/600] binary_n10000_correlated_seed0.pcf: ok (6 rows)
[72/600] binary_n10000_correlated_seed1.pcf: ok (6 rows)
[73/600] binary_n10000_correlated_seed2.pcf: ok (6 rows)
[74/600] binary_n10000_correlated_seed3.pcf: ok (6 rows)
[75/600] binary_n10000_correlated_seed4.pcf: ok (6 rows)
[76/600] binary_n10000_correlated_seed5.pcf: ok (6 rows)
[77/600] binary_n10000_correlated_seed6.pcf: ok (6 rows)
[78/600] binary_n10000_correlated_seed7.pcf: ok (6 rows)
[79/600] binary_n10000_correlated_seed8.pcf: ok (6 rows)
[80/600] binary_n10000_correlated_seed9.pcf: ok (6 rows)
[81/600] binary_n10000_exact-ties_seed0.pcf: ok (6 rows)
[82/600] binary_n10000_exact-ties_seed1.pcf: ok (6 rows)
[83/600] binary_n10000_exact-ties_seed2.pcf: ok (6 rows)
[84/600] binary_n10000_exact-ties_seed3.pcf: ok (6 rows)
[85/600] binary_n10000_exact-ties_seed4.pcf: ok (6 rows)
[86/600] binary_n10000_exact-ties_seed5.pcf: ok (6 rows)
[87/600] binary_n10000_exact-ties_seed6.pcf: ok (6 rows)
[88/600] binary_n10000_exact-ties_seed7.pcf: ok (6 rows)
[89/600] binary_n10000_exact-ties_seed8.pcf: ok (6 rows)
[90/600] binary_n10000_exact-ties_seed9.pcf: ok (6 rows)
[91/600] binary_n10000_independent-positive_seed0.pcf: ok (6 rows)
[92/600] binary_n10000_independent-positive_seed1.pcf: ok (6 rows)
[93/600] binary_n10000_independent-positive_seed2.pcf: ok (6 rows)
[94/600] binary_n10000_independent-positive_seed3.pcf: ok (6 rows)
[95/600] binary_n10000_independent-positive_seed4.pcf: ok (6 rows)
[96/600] binary_n10000_independent-positive_seed5.pcf: ok (6 rows)
[97/600] binary_n10000_independent-positive_seed6.pcf: ok (6 rows)
[98/600] binary_n10000_independent-positive_seed7.pcf: ok (6 rows)
[99/600] binary_n10000_independent-positive_seed8.pcf: ok (6 rows)
[100/600] binary_n10000_independent-positive_seed9.pcf: ok (6 rows)
[101/600] binary_n10000_independent-signed_seed0.pcf: ok (6 rows)
[102/600] binary_n10000_independent-signed_seed1.pcf: ok (6 rows)
[103/600] binary_n10000_independent-signed_seed2.pcf: ok (6 rows)
[104/600] binary_n10000_independent-signed_seed3.pcf: ok (6 rows)
[105/600] binary_n10000_independent-signed_seed4.pcf: ok (6 rows)
[106/600] binary_n10000_independent-signed_seed5.pcf: ok (6 rows)
[107/600] binary_n10000_independent-signed_seed6.pcf: ok (6 rows)
[108/600] binary_n10000_independent-signed_seed7.pcf: ok (6 rows)
[109/600] binary_n10000_independent-signed_seed8.pcf: ok (6 rows)
[110/600] binary_n10000_independent-signed_seed9.pcf: ok (6 rows)
[111/600] binary_n10000_near-ties_seed0.pcf: ok (6 rows)
[112/600] binary_n10000_near-ties_seed1.pcf: ok (6 rows)
[113/600] binary_n10000_near-ties_seed2.pcf: ok (6 rows)
[114/600] binary_n10000_near-ties_seed3.pcf: ok (6 rows)
[115/600] binary_n10000_near-ties_seed4.pcf: ok (6 rows)
[116/600] binary_n10000_near-ties_seed5.pcf: ok (6 rows)
[117/600] binary_n10000_near-ties_seed6.pcf: ok (6 rows)
[118/600] binary_n10000_near-ties_seed7.pcf: ok (6 rows)
[119/600] binary_n10000_near-ties_seed8.pcf: ok (6 rows)
[120/600] binary_n10000_near-ties_seed9.pcf: ok (6 rows)
[121/600] binary_n1000_anti-correlated_seed0.pcf: ok (6 rows)
[122/600] binary_n1000_anti-correlated_seed1.pcf: ok (6 rows)
[123/600] binary_n1000_anti-correlated_seed2.pcf: ok (6 rows)
[124/600] binary_n1000_anti-correlated_seed3.pcf: ok (6 rows)
[125/600] binary_n1000_anti-correlated_seed4.pcf: ok (6 rows)
[126/600] binary_n1000_anti-correlated_seed5.pcf: ok (6 rows)
[127/600] binary_n1000_anti-correlated_seed6.pcf: ok (6 rows)
[128/600] binary_n1000_anti-correlated_seed7.pcf: ok (6 rows)
[129/600] binary_n1000_anti-correlated_seed8.pcf: ok (6 rows)
[130/600] binary_n1000_anti-correlated_seed9.pcf: ok (6 rows)
[131/600] binary_n1000_correlated_seed0.pcf: ok (6 rows)
[132/600] binary_n1000_correlated_seed1.pcf: ok (6 rows)
[133/600] binary_n1000_correlated_seed2.pcf: ok (6 rows)
[134/600] binary_n1000_correlated_seed3.pcf: ok (6 rows)
[135/600] binary_n1000_correlated_seed4.pcf: ok (6 rows)
[136/600] binary_n1000_correlated_seed5.pcf: ok (6 rows)
[137/600] binary_n1000_correlated_seed6.pcf: ok (6 rows)
[138/600] binary_n1000_correlated_seed7.pcf: ok (6 rows)
[139/600] binary_n1000_correlated_seed8.pcf: ok (6 rows)
[140/600] binary_n1000_correlated_seed9.pcf: ok (6 rows)
[141/600] binary_n1000_exact-ties_seed0.pcf: ok (6 rows)
[142/600] binary_n1000_exact-ties_seed1.pcf: ok (6 rows)
[143/600] binary_n1000_exact-ties_seed2.pcf: ok (6 rows)
[144/600] binary_n1000_exact-ties_seed3.pcf: ok (6 rows)
[145/600] binary_n1000_exact-ties_seed4.pcf: ok (6 rows)
[146/600] binary_n1000_exact-ties_seed5.pcf: ok (6 rows)
[147/600] binary_n1000_exact-ties_seed6.pcf: ok (6 rows)
[148/600] binary_n1000_exact-ties_seed7.pcf: ok (6 rows)
[149/600] binary_n1000_exact-ties_seed8.pcf: ok (6 rows)
[150/600] binary_n1000_exact-ties_seed9.pcf: ok (6 rows)
[151/600] binary_n1000_independent-positive_seed0.pcf: ok (6 rows)
[152/600] binary_n1000_independent-positive_seed1.pcf: ok (6 rows)
[153/600] binary_n1000_independent-positive_seed2.pcf: ok (6 rows)
[154/600] binary_n1000_independent-positive_seed3.pcf: ok (6 rows)
[155/600] binary_n1000_independent-positive_seed4.pcf: ok (6 rows)
[156/600] binary_n1000_independent-positive_seed5.pcf: ok (6 rows)
[157/600] binary_n1000_independent-positive_seed6.pcf: ok (6 rows)
[158/600] binary_n1000_independent-positive_seed7.pcf: ok (6 rows)
[159/600] binary_n1000_independent-positive_seed8.pcf: ok (6 rows)
[160/600] binary_n1000_independent-positive_seed9.pcf: ok (6 rows)
[161/600] binary_n1000_independent-signed_seed0.pcf: ok (6 rows)
[162/600] binary_n1000_independent-signed_seed1.pcf: ok (6 rows)
[163/600] binary_n1000_independent-signed_seed2.pcf: ok (6 rows)
[164/600] binary_n1000_independent-signed_seed3.pcf: ok (6 rows)
[165/600] binary_n1000_independent-signed_seed4.pcf: ok (6 rows)
[166/600] binary_n1000_independent-signed_seed5.pcf: ok (6 rows)
[167/600] binary_n1000_independent-signed_seed6.pcf: ok (6 rows)
[168/600] binary_n1000_independent-signed_seed7.pcf: ok (6 rows)
[169/600] binary_n1000_independent-signed_seed8.pcf: ok (6 rows)
[170/600] binary_n1000_independent-signed_seed9.pcf: ok (6 rows)
[171/600] binary_n1000_near-ties_seed0.pcf: ok (6 rows)
[172/600] binary_n1000_near-ties_seed1.pcf: ok (6 rows)
[173/600] binary_n1000_near-ties_seed2.pcf: ok (6 rows)
[174/600] binary_n1000_near-ties_seed3.pcf: ok (6 rows)
[175/600] binary_n1000_near-ties_seed4.pcf: ok (6 rows)
[176/600] binary_n1000_near-ties_seed5.pcf: ok (6 rows)
[177/600] binary_n1000_near-ties_seed6.pcf: ok (6 rows)
[178/600] binary_n1000_near-ties_seed7.pcf: ok (6 rows)
[179/600] binary_n1000_near-ties_seed8.pcf: ok (6 rows)
[180/600] binary_n1000_near-ties_seed9.pcf: ok (6 rows)
[181/600] binary_n100_anti-correlated_seed0.pcf: ok (6 rows)
[182/600] binary_n100_anti-correlated_seed1.pcf: ok (6 rows)
[183/600] binary_n100_anti-correlated_seed2.pcf: ok (6 rows)
[184/600] binary_n100_anti-correlated_seed3.pcf: ok (6 rows)
[185/600] binary_n100_anti-correlated_seed4.pcf: ok (6 rows)
[186/600] binary_n100_anti-correlated_seed5.pcf: ok (6 rows)
[187/600] binary_n100_anti-correlated_seed6.pcf: ok (6 rows)
[188/600] binary_n100_anti-correlated_seed7.pcf: ok (6 rows)
[189/600] binary_n100_anti-correlated_seed8.pcf: ok (6 rows)
[190/600] binary_n100_anti-correlated_seed9.pcf: ok (6 rows)
[191/600] binary_n100_correlated_seed0.pcf: ok (6 rows)
[192/600] binary_n100_correlated_seed1.pcf: ok (6 rows)
[193/600] binary_n100_correlated_seed2.pcf: ok (6 rows)
[194/600] binary_n100_correlated_seed3.pcf: ok (6 rows)
[195/600] binary_n100_correlated_seed4.pcf: ok (6 rows)
[196/600] binary_n100_correlated_seed5.pcf: ok (6 rows)
[197/600] binary_n100_correlated_seed6.pcf: ok (6 rows)
[198/600] binary_n100_correlated_seed7.pcf: ok (6 rows)
[199/600] binary_n100_correlated_seed8.pcf: ok (6 rows)
[200/600] binary_n100_correlated_seed9.pcf: ok (6 rows)
[201/600] binary_n100_exact-ties_seed0.pcf: ok (6 rows)
[202/600] binary_n100_exact-ties_seed1.pcf: ok (6 rows)
[203/600] binary_n100_exact-ties_seed2.pcf: ok (6 rows)
[204/600] binary_n100_exact-ties_seed3.pcf: ok (6 rows)
[205/600] binary_n100_exact-ties_seed4.pcf: ok (6 rows)
[206/600] binary_n100_exact-ties_seed5.pcf: ok (6 rows)
[207/600] binary_n100_exact-ties_seed6.pcf: ok (6 rows)
[208/600] binary_n100_exact-ties_seed7.pcf: ok (6 rows)
[209/600] binary_n100_exact-ties_seed8.pcf: ok (6 rows)
[210/600] binary_n100_exact-ties_seed9.pcf: ok (6 rows)
[211/600] binary_n100_independent-positive_seed0.pcf: ok (6 rows)
[212/600] binary_n100_independent-positive_seed1.pcf: ok (6 rows)
[213/600] binary_n100_independent-positive_seed2.pcf: ok (6 rows)
[214/600] binary_n100_independent-positive_seed3.pcf: ok (6 rows)
[215/600] binary_n100_independent-positive_seed4.pcf: ok (6 rows)
[216/600] binary_n100_independent-positive_seed5.pcf: ok (6 rows)
[217/600] binary_n100_independent-positive_seed6.pcf: ok (6 rows)
[218/600] binary_n100_independent-positive_seed7.pcf: ok (6 rows)
[219/600] binary_n100_independent-positive_seed8.pcf: ok (6 rows)
[220/600] binary_n100_independent-positive_seed9.pcf: ok (6 rows)
[221/600] binary_n100_independent-signed_seed0.pcf: ok (6 rows)
[222/600] binary_n100_independent-signed_seed1.pcf: ok (6 rows)
[223/600] binary_n100_independent-signed_seed2.pcf: ok (6 rows)
[224/600] binary_n100_independent-signed_seed3.pcf: ok (6 rows)
[225/600] binary_n100_independent-signed_seed4.pcf: ok (6 rows)
[226/600] binary_n100_independent-signed_seed5.pcf: ok (6 rows)
[227/600] binary_n100_independent-signed_seed6.pcf: ok (6 rows)
[228/600] binary_n100_independent-signed_seed7.pcf: ok (6 rows)
[229/600] binary_n100_independent-signed_seed8.pcf: ok (6 rows)
[230/600] binary_n100_independent-signed_seed9.pcf: ok (6 rows)
[231/600] binary_n100_near-ties_seed0.pcf: ok (6 rows)
[232/600] binary_n100_near-ties_seed1.pcf: ok (6 rows)
[233/600] binary_n100_near-ties_seed2.pcf: ok (6 rows)
[234/600] binary_n100_near-ties_seed3.pcf: ok (6 rows)
[235/600] binary_n100_near-ties_seed4.pcf: ok (6 rows)
[236/600] binary_n100_near-ties_seed5.pcf: ok (6 rows)
[237/600] binary_n100_near-ties_seed6.pcf: ok (6 rows)
[238/600] binary_n100_near-ties_seed7.pcf: ok (6 rows)
[239/600] binary_n100_near-ties_seed8.pcf: ok (6 rows)
[240/600] binary_n100_near-ties_seed9.pcf: ok (6 rows)
[241/600] binary_n20000_anti-correlated_seed0.pcf: ok (6 rows)
[242/600] binary_n20000_anti-correlated_seed1.pcf: ok (6 rows)
[243/600] binary_n20000_anti-correlated_seed2.pcf: ok (6 rows)
[244/600] binary_n20000_anti-correlated_seed3.pcf: ok (6 rows)
[245/600] binary_n20000_anti-correlated_seed4.pcf: ok (6 rows)
[246/600] binary_n20000_anti-correlated_seed5.pcf: ok (6 rows)
[247/600] binary_n20000_anti-correlated_seed6.pcf: ok (6 rows)
[248/600] binary_n20000_anti-correlated_seed7.pcf: ok (6 rows)
[249/600] binary_n20000_anti-correlated_seed8.pcf: ok (6 rows)
[250/600] binary_n20000_anti-correlated_seed9.pcf: ok (6 rows)
[251/600] binary_n20000_correlated_seed0.pcf: ok (6 rows)
[252/600] binary_n20000_correlated_seed1.pcf: ok (6 rows)
[253/600] binary_n20000_correlated_seed2.pcf: ok (6 rows)
[254/600] binary_n20000_correlated_seed3.pcf: ok (6 rows)
[255/600] binary_n20000_correlated_seed4.pcf: ok (6 rows)
[256/600] binary_n20000_correlated_seed5.pcf: ok (6 rows)
[257/600] binary_n20000_correlated_seed6.pcf: ok (6 rows)
[258/600] binary_n20000_correlated_seed7.pcf: ok (6 rows)
[259/600] binary_n20000_correlated_seed8.pcf: ok (6 rows)
[260/600] binary_n20000_correlated_seed9.pcf: ok (6 rows)
[261/600] binary_n20000_exact-ties_seed0.pcf: ok (6 rows)
[262/600] binary_n20000_exact-ties_seed1.pcf: ok (6 rows)
[263/600] binary_n20000_exact-ties_seed2.pcf: ok (6 rows)
[264/600] binary_n20000_exact-ties_seed3.pcf: ok (6 rows)
[265/600] binary_n20000_exact-ties_seed4.pcf: ok (6 rows)
[266/600] binary_n20000_exact-ties_seed5.pcf: ok (6 rows)
[267/600] binary_n20000_exact-ties_seed6.pcf: ok (6 rows)
[268/600] binary_n20000_exact-ties_seed7.pcf: ok (6 rows)
[269/600] binary_n20000_exact-ties_seed8.pcf: ok (6 rows)
[270/600] binary_n20000_exact-ties_seed9.pcf: ok (6 rows)
[271/600] binary_n20000_independent-positive_seed0.pcf: ok (6 rows)
[272/600] binary_n20000_independent-positive_seed1.pcf: ok (6 rows)
[273/600] binary_n20000_independent-positive_seed2.pcf: ok (6 rows)
[274/600] binary_n20000_independent-positive_seed3.pcf: ok (6 rows)
[275/600] binary_n20000_independent-positive_seed4.pcf: ok (6 rows)
[276/600] binary_n20000_independent-positive_seed5.pcf: ok (6 rows)
[277/600] binary_n20000_independent-positive_seed6.pcf: ok (6 rows)
[278/600] binary_n20000_independent-positive_seed7.pcf: ok (6 rows)
[279/600] binary_n20000_independent-positive_seed8.pcf: ok (6 rows)
[280/600] binary_n20000_independent-positive_seed9.pcf: ok (6 rows)
[281/600] binary_n20000_independent-signed_seed0.pcf: ok (6 rows)
[282/600] binary_n20000_independent-signed_seed1.pcf: ok (6 rows)
[283/600] binary_n20000_independent-signed_seed2.pcf: ok (6 rows)
[284/600] binary_n20000_independent-signed_seed3.pcf: ok (6 rows)
[285/600] binary_n20000_independent-signed_seed4.pcf: ok (6 rows)
[286/600] binary_n20000_independent-signed_seed5.pcf: ok (6 rows)
[287/600] binary_n20000_independent-signed_seed6.pcf: ok (6 rows)
[288/600] binary_n20000_independent-signed_seed7.pcf: ok (6 rows)
[289/600] binary_n20000_independent-signed_seed8.pcf: ok (6 rows)
[290/600] binary_n20000_independent-signed_seed9.pcf: ok (6 rows)
[291/600] binary_n20000_near-ties_seed0.pcf: ok (6 rows)
[292/600] binary_n20000_near-ties_seed1.pcf: ok (6 rows)
[293/600] binary_n20000_near-ties_seed2.pcf: ok (6 rows)
[294/600] binary_n20000_near-ties_seed3.pcf: ok (6 rows)
[295/600] binary_n20000_near-ties_seed4.pcf: ok (6 rows)
[296/600] binary_n20000_near-ties_seed5.pcf: ok (6 rows)
[297/600] binary_n20000_near-ties_seed6.pcf: ok (6 rows)
[298/600] binary_n20000_near-ties_seed7.pcf: ok (6 rows)
[299/600] binary_n20000_near-ties_seed8.pcf: ok (6 rows)
[300/600] binary_n20000_near-ties_seed9.pcf: ok (6 rows)
[301/600] binary_n2000_anti-correlated_seed0.pcf: ok (6 rows)
[302/600] binary_n2000_anti-correlated_seed1.pcf: ok (6 rows)
[303/600] binary_n2000_anti-correlated_seed2.pcf: ok (6 rows)
[304/600] binary_n2000_anti-correlated_seed3.pcf: ok (6 rows)
[305/600] binary_n2000_anti-correlated_seed4.pcf: ok (6 rows)
[306/600] binary_n2000_anti-correlated_seed5.pcf: ok (6 rows)
[307/600] binary_n2000_anti-correlated_seed6.pcf: ok (6 rows)
[308/600] binary_n2000_anti-correlated_seed7.pcf: ok (6 rows)
[309/600] binary_n2000_anti-correlated_seed8.pcf: ok (6 rows)
[310/600] binary_n2000_anti-correlated_seed9.pcf: ok (6 rows)
[311/600] binary_n2000_correlated_seed0.pcf: ok (6 rows)
[312/600] binary_n2000_correlated_seed1.pcf: ok (6 rows)
[313/600] binary_n2000_correlated_seed2.pcf: ok (6 rows)
[314/600] binary_n2000_correlated_seed3.pcf: ok (6 rows)
[315/600] binary_n2000_correlated_seed4.pcf: ok (6 rows)
[316/600] binary_n2000_correlated_seed5.pcf: ok (6 rows)
[317/600] binary_n2000_correlated_seed6.pcf: ok (6 rows)
[318/600] binary_n2000_correlated_seed7.pcf: ok (6 rows)
[319/600] binary_n2000_correlated_seed8.pcf: ok (6 rows)
[320/600] binary_n2000_correlated_seed9.pcf: ok (6 rows)
[321/600] binary_n2000_exact-ties_seed0.pcf: ok (6 rows)
[322/600] binary_n2000_exact-ties_seed1.pcf: ok (6 rows)
[323/600] binary_n2000_exact-ties_seed2.pcf: ok (6 rows)
[324/600] binary_n2000_exact-ties_seed3.pcf: ok (6 rows)
[325/600] binary_n2000_exact-ties_seed4.pcf: ok (6 rows)
[326/600] binary_n2000_exact-ties_seed5.pcf: ok (6 rows)
[327/600] binary_n2000_exact-ties_seed6.pcf: ok (6 rows)
[328/600] binary_n2000_exact-ties_seed7.pcf: ok (6 rows)
[329/600] binary_n2000_exact-ties_seed8.pcf: ok (6 rows)
[330/600] binary_n2000_exact-ties_seed9.pcf: ok (6 rows)
[331/600] binary_n2000_independent-positive_seed0.pcf: ok (6 rows)
[332/600] binary_n2000_independent-positive_seed1.pcf: ok (6 rows)
[333/600] binary_n2000_independent-positive_seed2.pcf: ok (6 rows)
[334/600] binary_n2000_independent-positive_seed3.pcf: ok (6 rows)
[335/600] binary_n2000_independent-positive_seed4.pcf: ok (6 rows)
[336/600] binary_n2000_independent-positive_seed5.pcf: ok (6 rows)
[337/600] binary_n2000_independent-positive_seed6.pcf: ok (6 rows)
[338/600] binary_n2000_independent-positive_seed7.pcf: ok (6 rows)
[339/600] binary_n2000_independent-positive_seed8.pcf: ok (6 rows)
[340/600] binary_n2000_independent-positive_seed9.pcf: ok (6 rows)
[341/600] binary_n2000_independent-signed_seed0.pcf: ok (6 rows)
[342/600] binary_n2000_independent-signed_seed1.pcf: ok (6 rows)
[343/600] binary_n2000_independent-signed_seed2.pcf: ok (6 rows)
[344/600] binary_n2000_independent-signed_seed3.pcf: ok (6 rows)
[345/600] binary_n2000_independent-signed_seed4.pcf: ok (6 rows)
[346/600] binary_n2000_independent-signed_seed5.pcf: ok (6 rows)
[347/600] binary_n2000_independent-signed_seed6.pcf: ok (6 rows)
[348/600] binary_n2000_independent-signed_seed7.pcf: ok (6 rows)
[349/600] binary_n2000_independent-signed_seed8.pcf: ok (6 rows)
[350/600] binary_n2000_independent-signed_seed9.pcf: ok (6 rows)
[351/600] binary_n2000_near-ties_seed0.pcf: ok (6 rows)
[352/600] binary_n2000_near-ties_seed1.pcf: ok (6 rows)
[353/600] binary_n2000_near-ties_seed2.pcf: ok (6 rows)
[354/600] binary_n2000_near-ties_seed3.pcf: ok (6 rows)
[355/600] binary_n2000_near-ties_seed4.pcf: ok (6 rows)
[356/600] binary_n2000_near-ties_seed5.pcf: ok (6 rows)
[357/600] binary_n2000_near-ties_seed6.pcf: ok (6 rows)
[358/600] binary_n2000_near-ties_seed7.pcf: ok (6 rows)
[359/600] binary_n2000_near-ties_seed8.pcf: ok (6 rows)
[360/600] binary_n2000_near-ties_seed9.pcf: ok (6 rows)
[361/600] binary_n200_anti-correlated_seed0.pcf: ok (6 rows)
[362/600] binary_n200_anti-correlated_seed1.pcf: ok (6 rows)
[363/600] binary_n200_anti-correlated_seed2.pcf: ok (6 rows)
[364/600] binary_n200_anti-correlated_seed3.pcf: ok (6 rows)
[365/600] binary_n200_anti-correlated_seed4.pcf: ok (6 rows)
[366/600] binary_n200_anti-correlated_seed5.pcf: ok (6 rows)
[367/600] binary_n200_anti-correlated_seed6.pcf: ok (6 rows)
[368/600] binary_n200_anti-correlated_seed7.pcf: ok (6 rows)
[369/600] binary_n200_anti-correlated_seed8.pcf: ok (6 rows)
[370/600] binary_n200_anti-correlated_seed9.pcf: ok (6 rows)
[371/600] binary_n200_correlated_seed0.pcf: ok (6 rows)
[372/600] binary_n200_correlated_seed1.pcf: ok (6 rows)
[373/600] binary_n200_correlated_seed2.pcf: ok (6 rows)
[374/600] binary_n200_correlated_seed3.pcf: ok (6 rows)
[375/600] binary_n200_correlated_seed4.pcf: ok (6 rows)
[376/600] binary_n200_correlated_seed5.pcf: ok (6 rows)
[377/600] binary_n200_correlated_seed6.pcf: ok (6 rows)
[378/600] binary_n200_correlated_seed7.pcf: ok (6 rows)
[379/600] binary_n200_correlated_seed8.pcf: ok (6 rows)
[380/600] binary_n200_correlated_seed9.pcf: ok (6 rows)
[381/600] binary_n200_exact-ties_seed0.pcf: ok (6 rows)
[382/600] binary_n200_exact-ties_seed1.pcf: ok (6 rows)
[383/600] binary_n200_exact-ties_seed2.pcf: ok (6 rows)
[384/600] binary_n200_exact-ties_seed3.pcf: ok (6 rows)
[385/600] binary_n200_exact-ties_seed4.pcf: ok (6 rows)
[386/600] binary_n200_exact-ties_seed5.pcf: ok (6 rows)
[387/600] binary_n200_exact-ties_seed6.pcf: ok (6 rows)
[388/600] binary_n200_exact-ties_seed7.pcf: ok (6 rows)
[389/600] binary_n200_exact-ties_seed8.pcf: ok (6 rows)
[390/600] binary_n200_exact-ties_seed9.pcf: ok (6 rows)
[391/600] binary_n200_independent-positive_seed0.pcf: ok (6 rows)
[392/600] binary_n200_independent-positive_seed1.pcf: ok (6 rows)
[393/600] binary_n200_independent-positive_seed2.pcf: ok (6 rows)
[394/600] binary_n200_independent-positive_seed3.pcf: ok (6 rows)
[395/600] binary_n200_independent-positive_seed4.pcf: ok (6 rows)
[396/600] binary_n200_independent-positive_seed5.pcf: ok (6 rows)
[397/600] binary_n200_independent-positive_seed6.pcf: ok (6 rows)
[398/600] binary_n200_independent-positive_seed7.pcf: ok (6 rows)
[399/600] binary_n200_independent-positive_seed8.pcf: ok (6 rows)
[400/600] binary_n200_independent-positive_seed9.pcf: ok (6 rows)
[401/600] binary_n200_independent-signed_seed0.pcf: ok (6 rows)
[402/600] binary_n200_independent-signed_seed1.pcf: ok (6 rows)
[403/600] binary_n200_independent-signed_seed2.pcf: ok (6 rows)
[404/600] binary_n200_independent-signed_seed3.pcf: ok (6 rows)
[405/600] binary_n200_independent-signed_seed4.pcf: ok (6 rows)
[406/600] binary_n200_independent-signed_seed5.pcf: ok (6 rows)
[407/600] binary_n200_independent-signed_seed6.pcf: ok (6 rows)
[408/600] binary_n200_independent-signed_seed7.pcf: ok (6 rows)
[409/600] binary_n200_independent-signed_seed8.pcf: ok (6 rows)
[410/600] binary_n200_independent-signed_seed9.pcf: ok (6 rows)
[411/600] binary_n200_near-ties_seed0.pcf: ok (6 rows)
[412/600] binary_n200_near-ties_seed1.pcf: ok (6 rows)
[413/600] binary_n200_near-ties_seed2.pcf: ok (6 rows)
[414/600] binary_n200_near-ties_seed3.pcf: ok (6 rows)
[415/600] binary_n200_near-ties_seed4.pcf: ok (6 rows)
[416/600] binary_n200_near-ties_seed5.pcf: ok (6 rows)
[417/600] binary_n200_near-ties_seed6.pcf: ok (6 rows)
[418/600] binary_n200_near-ties_seed7.pcf: ok (6 rows)
[419/600] binary_n200_near-ties_seed8.pcf: ok (6 rows)
[420/600] binary_n200_near-ties_seed9.pcf: ok (6 rows)
[421/600] binary_n50000_anti-correlated_seed0.pcf: ok (6 rows)
[422/600] binary_n50000_anti-correlated_seed1.pcf: ok (6 rows)
[423/600] binary_n50000_anti-correlated_seed2.pcf: ok (6 rows)
[424/600] binary_n50000_anti-correlated_seed3.pcf: ok (6 rows)
[425/600] binary_n50000_anti-correlated_seed4.pcf: ok (6 rows)
[426/600] binary_n50000_anti-correlated_seed5.pcf: ok (6 rows)
[427/600] binary_n50000_anti-correlated_seed6.pcf: ok (6 rows)
[428/600] binary_n50000_anti-correlated_seed7.pcf: ok (6 rows)
[429/600] binary_n50000_anti-correlated_seed8.pcf: ok (6 rows)
[430/600] binary_n50000_anti-correlated_seed9.pcf: ok (6 rows)
[431/600] binary_n50000_correlated_seed0.pcf: ok (6 rows)
[432/600] binary_n50000_correlated_seed1.pcf: ok (6 rows)
[433/600] binary_n50000_correlated_seed2.pcf: ok (6 rows)
[434/600] binary_n50000_correlated_seed3.pcf: ok (6 rows)
[435/600] binary_n50000_correlated_seed4.pcf: ok (6 rows)
[436/600] binary_n50000_correlated_seed5.pcf: ok (6 rows)
[437/600] binary_n50000_correlated_seed6.pcf: ok (6 rows)
[438/600] binary_n50000_correlated_seed7.pcf: ok (6 rows)
[439/600] binary_n50000_correlated_seed8.pcf: ok (6 rows)
[440/600] binary_n50000_correlated_seed9.pcf: ok (6 rows)
[441/600] binary_n50000_exact-ties_seed0.pcf: ok (6 rows)
[442/600] binary_n50000_exact-ties_seed1.pcf: ok (6 rows)
[443/600] binary_n50000_exact-ties_seed2.pcf: ok (6 rows)
[444/600] binary_n50000_exact-ties_seed3.pcf: ok (6 rows)
[445/600] binary_n50000_exact-ties_seed4.pcf: ok (6 rows)
[446/600] binary_n50000_exact-ties_seed5.pcf: ok (6 rows)
[447/600] binary_n50000_exact-ties_seed6.pcf: ok (6 rows)
[448/600] binary_n50000_exact-ties_seed7.pcf: ok (6 rows)
[449/600] binary_n50000_exact-ties_seed8.pcf: ok (6 rows)
[450/600] binary_n50000_exact-ties_seed9.pcf: ok (6 rows)
[451/600] binary_n50000_independent-positive_seed0.pcf: ok (6 rows)
[452/600] binary_n50000_independent-positive_seed1.pcf: ok (6 rows)
[453/600] binary_n50000_independent-positive_seed2.pcf: ok (6 rows)
[454/600] binary_n50000_independent-positive_seed3.pcf: ok (6 rows)
[455/600] binary_n50000_independent-positive_seed4.pcf: ok (6 rows)
[456/600] binary_n50000_independent-positive_seed5.pcf: ok (6 rows)
[457/600] binary_n50000_independent-positive_seed6.pcf: ok (6 rows)
[458/600] binary_n50000_independent-positive_seed7.pcf: ok (6 rows)
[459/600] binary_n50000_independent-positive_seed8.pcf: ok (6 rows)
[460/600] binary_n50000_independent-positive_seed9.pcf: ok (6 rows)
[461/600] binary_n50000_independent-signed_seed0.pcf: ok (6 rows)
[462/600] binary_n50000_independent-signed_seed1.pcf: ok (6 rows)
[463/600] binary_n50000_independent-signed_seed2.pcf: ok (6 rows)
[464/600] binary_n50000_independent-signed_seed3.pcf: ok (6 rows)
[465/600] binary_n50000_independent-signed_seed4.pcf: ok (6 rows)
[466/600] binary_n50000_independent-signed_seed5.pcf: ok (6 rows)
[467/600] binary_n50000_independent-signed_seed6.pcf: ok (6 rows)
[468/600] binary_n50000_independent-signed_seed7.pcf: ok (6 rows)
[469/600] binary_n50000_independent-signed_seed8.pcf: ok (6 rows)
[470/600] binary_n50000_independent-signed_seed9.pcf: ok (6 rows)
[471/600] binary_n50000_near-ties_seed0.pcf: ok (6 rows)
[472/600] binary_n50000_near-ties_seed1.pcf: ok (6 rows)
[473/600] binary_n50000_near-ties_seed2.pcf: ok (6 rows)
[474/600] binary_n50000_near-ties_seed3.pcf: ok (6 rows)
[475/600] binary_n50000_near-ties_seed4.pcf: ok (6 rows)
[476/600] binary_n50000_near-ties_seed5.pcf: ok (6 rows)
[477/600] binary_n50000_near-ties_seed6.pcf: ok (6 rows)
[478/600] binary_n50000_near-ties_seed7.pcf: ok (6 rows)
[479/600] binary_n50000_near-ties_seed8.pcf: ok (6 rows)
[480/600] binary_n50000_near-ties_seed9.pcf: ok (6 rows)
[481/600] binary_n5000_anti-correlated_seed0.pcf: ok (6 rows)
[482/600] binary_n5000_anti-correlated_seed1.pcf: ok (6 rows)
[483/600] binary_n5000_anti-correlated_seed2.pcf: ok (6 rows)
[484/600] binary_n5000_anti-correlated_seed3.pcf: ok (6 rows)
[485/600] binary_n5000_anti-correlated_seed4.pcf: ok (6 rows)
[486/600] binary_n5000_anti-correlated_seed5.pcf: ok (6 rows)
[487/600] binary_n5000_anti-correlated_seed6.pcf: ok (6 rows)
[488/600] binary_n5000_anti-correlated_seed7.pcf: ok (6 rows)
[489/600] binary_n5000_anti-correlated_seed8.pcf: ok (6 rows)
[490/600] binary_n5000_anti-correlated_seed9.pcf: ok (6 rows)
[491/600] binary_n5000_correlated_seed0.pcf: ok (6 rows)
[492/600] binary_n5000_correlated_seed1.pcf: ok (6 rows)
[493/600] binary_n5000_correlated_seed2.pcf: ok (6 rows)
[494/600] binary_n5000_correlated_seed3.pcf: ok (6 rows)
[495/600] binary_n5000_correlated_seed4.pcf: ok (6 rows)
[496/600] binary_n5000_correlated_seed5.pcf: ok (6 rows)
[497/600] binary_n5000_correlated_seed6.pcf: ok (6 rows)
[498/600] binary_n5000_correlated_seed7.pcf: ok (6 rows)
[499/600] binary_n5000_correlated_seed8.pcf: ok (6 rows)
[500/600] binary_n5000_correlated_seed9.pcf: ok (6 rows)
[501/600] binary_n5000_exact-ties_seed0.pcf: ok (6 rows)
[502/600] binary_n5000_exact-ties_seed1.pcf: ok (6 rows)
[503/600] binary_n5000_exact-ties_seed2.pcf: ok (6 rows)
[504/600] binary_n5000_exact-ties_seed3.pcf: ok (6 rows)
[505/600] binary_n5000_exact-ties_seed4.pcf: ok (6 rows)
[506/600] binary_n5000_exact-ties_seed5.pcf: ok (6 rows)
[507/600] binary_n5000_exact-ties_seed6.pcf: ok (6 rows)
[508/600] binary_n5000_exact-ties_seed7.pcf: ok (6 rows)
[509/600] binary_n5000_exact-ties_seed8.pcf: ok (6 rows)
[510/600] binary_n5000_exact-ties_seed9.pcf: ok (6 rows)
[511/600] binary_n5000_independent-positive_seed0.pcf: ok (6 rows)
[512/600] binary_n5000_independent-positive_seed1.pcf: ok (6 rows)
[513/600] binary_n5000_independent-positive_seed2.pcf: ok (6 rows)
[514/600] binary_n5000_independent-positive_seed3.pcf: ok (6 rows)
[515/600] binary_n5000_independent-positive_seed4.pcf: ok (6 rows)
[516/600] binary_n5000_independent-positive_seed5.pcf: ok (6 rows)
[517/600] binary_n5000_independent-positive_seed6.pcf: ok (6 rows)
[518/600] binary_n5000_independent-positive_seed7.pcf: ok (6 rows)
[519/600] binary_n5000_independent-positive_seed8.pcf: ok (6 rows)
[520/600] binary_n5000_independent-positive_seed9.pcf: ok (6 rows)
[521/600] binary_n5000_independent-signed_seed0.pcf: ok (6 rows)
[522/600] binary_n5000_independent-signed_seed1.pcf: ok (6 rows)
[523/600] binary_n5000_independent-signed_seed2.pcf: ok (6 rows)
[524/600] binary_n5000_independent-signed_seed3.pcf: ok (6 rows)
[525/600] binary_n5000_independent-signed_seed4.pcf: ok (6 rows)
[526/600] binary_n5000_independent-signed_seed5.pcf: ok (6 rows)
[527/600] binary_n5000_independent-signed_seed6.pcf: ok (6 rows)
[528/600] binary_n5000_independent-signed_seed7.pcf: ok (6 rows)
[529/600] binary_n5000_independent-signed_seed8.pcf: ok (6 rows)
[530/600] binary_n5000_independent-signed_seed9.pcf: ok (6 rows)
[531/600] binary_n5000_near-ties_seed0.pcf: ok (6 rows)
[532/600] binary_n5000_near-ties_seed1.pcf: ok (6 rows)
[533/600] binary_n5000_near-ties_seed2.pcf: ok (6 rows)
[534/600] binary_n5000_near-ties_seed3.pcf: ok (6 rows)
[535/600] binary_n5000_near-ties_seed4.pcf: ok (6 rows)
[536/600] binary_n5000_near-ties_seed5.pcf: ok (6 rows)
[537/600] binary_n5000_near-ties_seed6.pcf: ok (6 rows)
[538/600] binary_n5000_near-ties_seed7.pcf: ok (6 rows)
[539/600] binary_n5000_near-ties_seed8.pcf: ok (6 rows)
[540/600] binary_n5000_near-ties_seed9.pcf: ok (6 rows)
[541/600] binary_n500_anti-correlated_seed0.pcf: ok (6 rows)
[542/600] binary_n500_anti-correlated_seed1.pcf: ok (6 rows)
[543/600] binary_n500_anti-correlated_seed2.pcf: ok (6 rows)
[544/600] binary_n500_anti-correlated_seed3.pcf: ok (6 rows)
[545/600] binary_n500_anti-correlated_seed4.pcf: ok (6 rows)
[546/600] binary_n500_anti-correlated_seed5.pcf: ok (6 rows)
[547/600] binary_n500_anti-correlated_seed6.pcf: ok (6 rows)
[548/600] binary_n500_anti-correlated_seed7.pcf: ok (6 rows)
[549/600] binary_n500_anti-correlated_seed8.pcf: ok (6 rows)
[550/600] binary_n500_anti-correlated_seed9.pcf: ok (6 rows)
[551/600] binary_n500_correlated_seed0.pcf: ok (6 rows)
[552/600] binary_n500_correlated_seed1.pcf: ok (6 rows)
[553/600] binary_n500_correlated_seed2.pcf: ok (6 rows)
[554/600] binary_n500_correlated_seed3.pcf: ok (6 rows)
[555/600] binary_n500_correlated_seed4.pcf: ok (6 rows)
[556/600] binary_n500_correlated_seed5.pcf: ok (6 rows)
[557/600] binary_n500_correlated_seed6.pcf: ok (6 rows)
[558/600] binary_n500_correlated_seed7.pcf: ok (6 rows)
[559/600] binary_n500_correlated_seed8.pcf: ok (6 rows)
[560/600] binary_n500_correlated_seed9.pcf: ok (6 rows)
[561/600] binary_n500_exact-ties_seed0.pcf: ok (6 rows)
[562/600] binary_n500_exact-ties_seed1.pcf: ok (6 rows)
[563/600] binary_n500_exact-ties_seed2.pcf: ok (6 rows)
[564/600] binary_n500_exact-ties_seed3.pcf: ok (6 rows)
[565/600] binary_n500_exact-ties_seed4.pcf: ok (6 rows)
[566/600] binary_n500_exact-ties_seed5.pcf: ok (6 rows)
[567/600] binary_n500_exact-ties_seed6.pcf: ok (6 rows)
[568/600] binary_n500_exact-ties_seed7.pcf: ok (6 rows)
[569/600] binary_n500_exact-ties_seed8.pcf: ok (6 rows)
[570/600] binary_n500_exact-ties_seed9.pcf: ok (6 rows)
[571/600] binary_n500_independent-positive_seed0.pcf: ok (6 rows)
[572/600] binary_n500_independent-positive_seed1.pcf: ok (6 rows)
[573/600] binary_n500_independent-positive_seed2.pcf: ok (6 rows)
[574/600] binary_n500_independent-positive_seed3.pcf: ok (6 rows)
[575/600] binary_n500_independent-positive_seed4.pcf: ok (6 rows)
[576/600] binary_n500_independent-positive_seed5.pcf: ok (6 rows)
[577/600] binary_n500_independent-positive_seed6.pcf: ok (6 rows)
[578/600] binary_n500_independent-positive_seed7.pcf: ok (6 rows)
[579/600] binary_n500_independent-positive_seed8.pcf: ok (6 rows)
[580/600] binary_n500_independent-positive_seed9.pcf: ok (6 rows)
[581/600] binary_n500_independent-signed_seed0.pcf: ok (6 rows)
[582/600] binary_n500_independent-signed_seed1.pcf: ok (6 rows)
[583/600] binary_n500_independent-signed_seed2.pcf: ok (6 rows)
[584/600] binary_n500_independent-signed_seed3.pcf: ok (6 rows)
[585/600] binary_n500_independent-signed_seed4.pcf: ok (6 rows)
[586/600] binary_n500_independent-signed_seed5.pcf: ok (6 rows)
[587/600] binary_n500_independent-signed_seed6.pcf: ok (6 rows)
[588/600] binary_n500_independent-signed_seed7.pcf: ok (6 rows)
[589/600] binary_n500_independent-signed_seed8.pcf: ok (6 rows)
[590/600] binary_n500_independent-signed_seed9.pcf: ok (6 rows)
[591/600] binary_n500_near-ties_seed0.pcf: ok (6 rows)
[592/600] binary_n500_near-ties_seed1.pcf: ok (6 rows)
[593/600] binary_n500_near-ties_seed2.pcf: ok (6 rows)
[594/600] binary_n500_near-ties_seed3.pcf: ok (6 rows)
[595/600] binary_n500_near-ties_seed4.pcf: ok (6 rows)
[596/600] binary_n500_near-ties_seed5.pcf: ok (6 rows)
[597/600] binary_n500_near-ties_seed6.pcf: ok (6 rows)
[598/600] binary_n500_near-ties_seed7.pcf: ok (6 rows)
[599/600] binary_n500_near-ties_seed8.pcf: ok (6 rows)
[600/600] binary_n500_near-ties_seed9.pcf: ok (6 rows)
wrote results/raw/campaign_d_binary_hfma-rac.csv (3600 rows), results/raw/campaign_d_binary_hfma-rac.failures.csv (0 censored instances)
=== campaign_d_binary :: fma (3 reps) on instances/campaign_d_binary_fma_subset -> results/raw/campaign_d_binary_fma.csv ===
[1/300] binary_n1000_anti-correlated_seed0.pcf: ok (3 rows)
[2/300] binary_n1000_anti-correlated_seed1.pcf: ok (3 rows)
[3/300] binary_n1000_anti-correlated_seed2.pcf: ok (3 rows)
[4/300] binary_n1000_anti-correlated_seed3.pcf: ok (3 rows)
[5/300] binary_n1000_anti-correlated_seed4.pcf: ok (3 rows)
[6/300] binary_n1000_anti-correlated_seed5.pcf: ok (3 rows)
[7/300] binary_n1000_anti-correlated_seed6.pcf: ok (3 rows)
[8/300] binary_n1000_anti-correlated_seed7.pcf: ok (3 rows)
[9/300] binary_n1000_anti-correlated_seed8.pcf: ok (3 rows)
[10/300] binary_n1000_anti-correlated_seed9.pcf: ok (3 rows)
[11/300] binary_n1000_correlated_seed0.pcf: ok (3 rows)
[12/300] binary_n1000_correlated_seed1.pcf: ok (3 rows)
[13/300] binary_n1000_correlated_seed2.pcf: ok (3 rows)
[14/300] binary_n1000_correlated_seed3.pcf: ok (3 rows)
[15/300] binary_n1000_correlated_seed4.pcf: ok (3 rows)
[16/300] binary_n1000_correlated_seed5.pcf: ok (3 rows)
[17/300] binary_n1000_correlated_seed6.pcf: ok (3 rows)
[18/300] binary_n1000_correlated_seed7.pcf: ok (3 rows)
[19/300] binary_n1000_correlated_seed8.pcf: ok (3 rows)
[20/300] binary_n1000_correlated_seed9.pcf: ok (3 rows)
[21/300] binary_n1000_exact-ties_seed0.pcf: ok (3 rows)
[22/300] binary_n1000_exact-ties_seed1.pcf: ok (3 rows)
[23/300] binary_n1000_exact-ties_seed2.pcf: ok (3 rows)
[24/300] binary_n1000_exact-ties_seed3.pcf: ok (3 rows)
[25/300] binary_n1000_exact-ties_seed4.pcf: ok (3 rows)
[26/300] binary_n1000_exact-ties_seed5.pcf: ok (3 rows)
[27/300] binary_n1000_exact-ties_seed6.pcf: ok (3 rows)
[28/300] binary_n1000_exact-ties_seed7.pcf: ok (3 rows)
[29/300] binary_n1000_exact-ties_seed8.pcf: ok (3 rows)
[30/300] binary_n1000_exact-ties_seed9.pcf: ok (3 rows)
[31/300] binary_n1000_independent-positive_seed0.pcf: ok (3 rows)
[32/300] binary_n1000_independent-positive_seed1.pcf: ok (3 rows)
[33/300] binary_n1000_independent-positive_seed2.pcf: ok (3 rows)
[34/300] binary_n1000_independent-positive_seed3.pcf: ok (3 rows)
[35/300] binary_n1000_independent-positive_seed4.pcf: ok (3 rows)
[36/300] binary_n1000_independent-positive_seed5.pcf: ok (3 rows)
[37/300] binary_n1000_independent-positive_seed6.pcf: ok (3 rows)
[38/300] binary_n1000_independent-positive_seed7.pcf: ok (3 rows)
[39/300] binary_n1000_independent-positive_seed8.pcf: ok (3 rows)
[40/300] binary_n1000_independent-positive_seed9.pcf: ok (3 rows)
[41/300] binary_n1000_independent-signed_seed0.pcf: ok (3 rows)
[42/300] binary_n1000_independent-signed_seed1.pcf: ok (3 rows)
[43/300] binary_n1000_independent-signed_seed2.pcf: ok (3 rows)
[44/300] binary_n1000_independent-signed_seed3.pcf: ok (3 rows)
[45/300] binary_n1000_independent-signed_seed4.pcf: ok (3 rows)
[46/300] binary_n1000_independent-signed_seed5.pcf: ok (3 rows)
[47/300] binary_n1000_independent-signed_seed6.pcf: ok (3 rows)
[48/300] binary_n1000_independent-signed_seed7.pcf: ok (3 rows)
[49/300] binary_n1000_independent-signed_seed8.pcf: ok (3 rows)
[50/300] binary_n1000_independent-signed_seed9.pcf: ok (3 rows)
[51/300] binary_n1000_near-ties_seed0.pcf: ok (3 rows)
[52/300] binary_n1000_near-ties_seed1.pcf: ok (3 rows)
[53/300] binary_n1000_near-ties_seed2.pcf: ok (3 rows)
[54/300] binary_n1000_near-ties_seed3.pcf: ok (3 rows)
[55/300] binary_n1000_near-ties_seed4.pcf: ok (3 rows)
[56/300] binary_n1000_near-ties_seed5.pcf: ok (3 rows)
[57/300] binary_n1000_near-ties_seed6.pcf: ok (3 rows)
[58/300] binary_n1000_near-ties_seed7.pcf: ok (3 rows)
[59/300] binary_n1000_near-ties_seed8.pcf: ok (3 rows)
[60/300] binary_n1000_near-ties_seed9.pcf: ok (3 rows)
[61/300] binary_n100_anti-correlated_seed0.pcf: ok (3 rows)
[62/300] binary_n100_anti-correlated_seed1.pcf: ok (3 rows)
[63/300] binary_n100_anti-correlated_seed2.pcf: ok (3 rows)
[64/300] binary_n100_anti-correlated_seed3.pcf: ok (3 rows)
[65/300] binary_n100_anti-correlated_seed4.pcf: ok (3 rows)
[66/300] binary_n100_anti-correlated_seed5.pcf: ok (3 rows)
[67/300] binary_n100_anti-correlated_seed6.pcf: ok (3 rows)
[68/300] binary_n100_anti-correlated_seed7.pcf: ok (3 rows)
[69/300] binary_n100_anti-correlated_seed8.pcf: ok (3 rows)
[70/300] binary_n100_anti-correlated_seed9.pcf: ok (3 rows)
[71/300] binary_n100_correlated_seed0.pcf: ok (3 rows)
[72/300] binary_n100_correlated_seed1.pcf: ok (3 rows)
[73/300] binary_n100_correlated_seed2.pcf: ok (3 rows)
[74/300] binary_n100_correlated_seed3.pcf: ok (3 rows)
[75/300] binary_n100_correlated_seed4.pcf: ok (3 rows)
[76/300] binary_n100_correlated_seed5.pcf: ok (3 rows)
[77/300] binary_n100_correlated_seed6.pcf: ok (3 rows)
[78/300] binary_n100_correlated_seed7.pcf: ok (3 rows)
[79/300] binary_n100_correlated_seed8.pcf: ok (3 rows)
[80/300] binary_n100_correlated_seed9.pcf: ok (3 rows)
[81/300] binary_n100_exact-ties_seed0.pcf: ok (3 rows)
[82/300] binary_n100_exact-ties_seed1.pcf: ok (3 rows)
[83/300] binary_n100_exact-ties_seed2.pcf: ok (3 rows)
[84/300] binary_n100_exact-ties_seed3.pcf: ok (3 rows)
[85/300] binary_n100_exact-ties_seed4.pcf: ok (3 rows)
[86/300] binary_n100_exact-ties_seed5.pcf: ok (3 rows)
[87/300] binary_n100_exact-ties_seed6.pcf: ok (3 rows)
[88/300] binary_n100_exact-ties_seed7.pcf: ok (3 rows)
[89/300] binary_n100_exact-ties_seed8.pcf: ok (3 rows)
[90/300] binary_n100_exact-ties_seed9.pcf: ok (3 rows)
[91/300] binary_n100_independent-positive_seed0.pcf: ok (3 rows)
[92/300] binary_n100_independent-positive_seed1.pcf: ok (3 rows)
[93/300] binary_n100_independent-positive_seed2.pcf: ok (3 rows)
[94/300] binary_n100_independent-positive_seed3.pcf: ok (3 rows)
[95/300] binary_n100_independent-positive_seed4.pcf: ok (3 rows)
[96/300] binary_n100_independent-positive_seed5.pcf: ok (3 rows)
[97/300] binary_n100_independent-positive_seed6.pcf: ok (3 rows)
[98/300] binary_n100_independent-positive_seed7.pcf: ok (3 rows)
[99/300] binary_n100_independent-positive_seed8.pcf: ok (3 rows)
[100/300] binary_n100_independent-positive_seed9.pcf: ok (3 rows)
[101/300] binary_n100_independent-signed_seed0.pcf: ok (3 rows)
[102/300] binary_n100_independent-signed_seed1.pcf: ok (3 rows)
[103/300] binary_n100_independent-signed_seed2.pcf: ok (3 rows)
[104/300] binary_n100_independent-signed_seed3.pcf: ok (3 rows)
[105/300] binary_n100_independent-signed_seed4.pcf: ok (3 rows)
[106/300] binary_n100_independent-signed_seed5.pcf: ok (3 rows)
[107/300] binary_n100_independent-signed_seed6.pcf: ok (3 rows)
[108/300] binary_n100_independent-signed_seed7.pcf: ok (3 rows)
[109/300] binary_n100_independent-signed_seed8.pcf: ok (3 rows)
[110/300] binary_n100_independent-signed_seed9.pcf: ok (3 rows)
[111/300] binary_n100_near-ties_seed0.pcf: ok (3 rows)
[112/300] binary_n100_near-ties_seed1.pcf: ok (3 rows)
[113/300] binary_n100_near-ties_seed2.pcf: ok (3 rows)
[114/300] binary_n100_near-ties_seed3.pcf: ok (3 rows)
[115/300] binary_n100_near-ties_seed4.pcf: ok (3 rows)
[116/300] binary_n100_near-ties_seed5.pcf: ok (3 rows)
[117/300] binary_n100_near-ties_seed6.pcf: ok (3 rows)
[118/300] binary_n100_near-ties_seed7.pcf: ok (3 rows)
[119/300] binary_n100_near-ties_seed8.pcf: ok (3 rows)
[120/300] binary_n100_near-ties_seed9.pcf: ok (3 rows)
[121/300] binary_n2000_anti-correlated_seed0.pcf: ok (3 rows)
[122/300] binary_n2000_anti-correlated_seed1.pcf: ok (3 rows)
[123/300] binary_n2000_anti-correlated_seed2.pcf: ok (3 rows)
[124/300] binary_n2000_anti-correlated_seed3.pcf: ok (3 rows)
[125/300] binary_n2000_anti-correlated_seed4.pcf: ok (3 rows)
[126/300] binary_n2000_anti-correlated_seed5.pcf: ok (3 rows)
[127/300] binary_n2000_anti-correlated_seed6.pcf: ok (3 rows)
[128/300] binary_n2000_anti-correlated_seed7.pcf: ok (3 rows)
[129/300] binary_n2000_anti-correlated_seed8.pcf: ok (3 rows)
[130/300] binary_n2000_anti-correlated_seed9.pcf: ok (3 rows)
[131/300] binary_n2000_correlated_seed0.pcf: ok (3 rows)
[132/300] binary_n2000_correlated_seed1.pcf: ok (3 rows)
[133/300] binary_n2000_correlated_seed2.pcf: ok (3 rows)
[134/300] binary_n2000_correlated_seed3.pcf: ok (3 rows)
[135/300] binary_n2000_correlated_seed4.pcf: ok (3 rows)
[136/300] binary_n2000_correlated_seed5.pcf: ok (3 rows)
[137/300] binary_n2000_correlated_seed6.pcf: ok (3 rows)
[138/300] binary_n2000_correlated_seed7.pcf: ok (3 rows)
[139/300] binary_n2000_correlated_seed8.pcf: ok (3 rows)
[140/300] binary_n2000_correlated_seed9.pcf: ok (3 rows)
[141/300] binary_n2000_exact-ties_seed0.pcf: ok (3 rows)
[142/300] binary_n2000_exact-ties_seed1.pcf: ok (3 rows)
[143/300] binary_n2000_exact-ties_seed2.pcf: ok (3 rows)
[144/300] binary_n2000_exact-ties_seed3.pcf: ok (3 rows)
[145/300] binary_n2000_exact-ties_seed4.pcf: ok (3 rows)
[146/300] binary_n2000_exact-ties_seed5.pcf: ok (3 rows)
[147/300] binary_n2000_exact-ties_seed6.pcf: ok (3 rows)
[148/300] binary_n2000_exact-ties_seed7.pcf: ok (3 rows)
[149/300] binary_n2000_exact-ties_seed8.pcf: ok (3 rows)
[150/300] binary_n2000_exact-ties_seed9.pcf: ok (3 rows)
[151/300] binary_n2000_independent-positive_seed0.pcf: ok (3 rows)
[152/300] binary_n2000_independent-positive_seed1.pcf: ok (3 rows)
[153/300] binary_n2000_independent-positive_seed2.pcf: ok (3 rows)
[154/300] binary_n2000_independent-positive_seed3.pcf: ok (3 rows)
[155/300] binary_n2000_independent-positive_seed4.pcf: ok (3 rows)
[156/300] binary_n2000_independent-positive_seed5.pcf: ok (3 rows)
[157/300] binary_n2000_independent-positive_seed6.pcf: ok (3 rows)
[158/300] binary_n2000_independent-positive_seed7.pcf: ok (3 rows)
[159/300] binary_n2000_independent-positive_seed8.pcf: ok (3 rows)
[160/300] binary_n2000_independent-positive_seed9.pcf: ok (3 rows)
[161/300] binary_n2000_independent-signed_seed0.pcf: ok (3 rows)
[162/300] binary_n2000_independent-signed_seed1.pcf: ok (3 rows)
[163/300] binary_n2000_independent-signed_seed2.pcf: ok (3 rows)
[164/300] binary_n2000_independent-signed_seed3.pcf: ok (3 rows)
[165/300] binary_n2000_independent-signed_seed4.pcf: ok (3 rows)
[166/300] binary_n2000_independent-signed_seed5.pcf: ok (3 rows)
[167/300] binary_n2000_independent-signed_seed6.pcf: ok (3 rows)
[168/300] binary_n2000_independent-signed_seed7.pcf: ok (3 rows)
[169/300] binary_n2000_independent-signed_seed8.pcf: ok (3 rows)
[170/300] binary_n2000_independent-signed_seed9.pcf: ok (3 rows)
[171/300] binary_n2000_near-ties_seed0.pcf: ok (3 rows)
[172/300] binary_n2000_near-ties_seed1.pcf: ok (3 rows)
[173/300] binary_n2000_near-ties_seed2.pcf: ok (3 rows)
[174/300] binary_n2000_near-ties_seed3.pcf: ok (3 rows)
[175/300] binary_n2000_near-ties_seed4.pcf: ok (3 rows)
[176/300] binary_n2000_near-ties_seed5.pcf: ok (3 rows)
[177/300] binary_n2000_near-ties_seed6.pcf: ok (3 rows)
[178/300] binary_n2000_near-ties_seed7.pcf: ok (3 rows)
[179/300] binary_n2000_near-ties_seed8.pcf: ok (3 rows)
[180/300] binary_n2000_near-ties_seed9.pcf: ok (3 rows)
[181/300] binary_n200_anti-correlated_seed0.pcf: ok (3 rows)
[182/300] binary_n200_anti-correlated_seed1.pcf: ok (3 rows)
[183/300] binary_n200_anti-correlated_seed2.pcf: ok (3 rows)
[184/300] binary_n200_anti-correlated_seed3.pcf: ok (3 rows)
[185/300] binary_n200_anti-correlated_seed4.pcf: ok (3 rows)
[186/300] binary_n200_anti-correlated_seed5.pcf: ok (3 rows)
[187/300] binary_n200_anti-correlated_seed6.pcf: ok (3 rows)
[188/300] binary_n200_anti-correlated_seed7.pcf: ok (3 rows)
[189/300] binary_n200_anti-correlated_seed8.pcf: ok (3 rows)
[190/300] binary_n200_anti-correlated_seed9.pcf: ok (3 rows)
[191/300] binary_n200_correlated_seed0.pcf: ok (3 rows)
[192/300] binary_n200_correlated_seed1.pcf: ok (3 rows)
[193/300] binary_n200_correlated_seed2.pcf: ok (3 rows)
[194/300] binary_n200_correlated_seed3.pcf: ok (3 rows)
[195/300] binary_n200_correlated_seed4.pcf: ok (3 rows)
[196/300] binary_n200_correlated_seed5.pcf: ok (3 rows)
[197/300] binary_n200_correlated_seed6.pcf: ok (3 rows)
[198/300] binary_n200_correlated_seed7.pcf: ok (3 rows)
[199/300] binary_n200_correlated_seed8.pcf: ok (3 rows)
[200/300] binary_n200_correlated_seed9.pcf: ok (3 rows)
[201/300] binary_n200_exact-ties_seed0.pcf: ok (3 rows)
[202/300] binary_n200_exact-ties_seed1.pcf: ok (3 rows)
[203/300] binary_n200_exact-ties_seed2.pcf: ok (3 rows)
[204/300] binary_n200_exact-ties_seed3.pcf: ok (3 rows)
[205/300] binary_n200_exact-ties_seed4.pcf: ok (3 rows)
[206/300] binary_n200_exact-ties_seed5.pcf: ok (3 rows)
[207/300] binary_n200_exact-ties_seed6.pcf: ok (3 rows)
[208/300] binary_n200_exact-ties_seed7.pcf: ok (3 rows)
[209/300] binary_n200_exact-ties_seed8.pcf: ok (3 rows)
[210/300] binary_n200_exact-ties_seed9.pcf: ok (3 rows)
[211/300] binary_n200_independent-positive_seed0.pcf: ok (3 rows)
[212/300] binary_n200_independent-positive_seed1.pcf: ok (3 rows)
[213/300] binary_n200_independent-positive_seed2.pcf: ok (3 rows)
[214/300] binary_n200_independent-positive_seed3.pcf: ok (3 rows)
[215/300] binary_n200_independent-positive_seed4.pcf: ok (3 rows)
[216/300] binary_n200_independent-positive_seed5.pcf: ok (3 rows)
[217/300] binary_n200_independent-positive_seed6.pcf: ok (3 rows)
[218/300] binary_n200_independent-positive_seed7.pcf: ok (3 rows)
[219/300] binary_n200_independent-positive_seed8.pcf: ok (3 rows)
[220/300] binary_n200_independent-positive_seed9.pcf: ok (3 rows)
[221/300] binary_n200_independent-signed_seed0.pcf: ok (3 rows)
[222/300] binary_n200_independent-signed_seed1.pcf: ok (3 rows)
[223/300] binary_n200_independent-signed_seed2.pcf: ok (3 rows)
[224/300] binary_n200_independent-signed_seed3.pcf: ok (3 rows)
[225/300] binary_n200_independent-signed_seed4.pcf: ok (3 rows)
[226/300] binary_n200_independent-signed_seed5.pcf: ok (3 rows)
[227/300] binary_n200_independent-signed_seed6.pcf: ok (3 rows)
[228/300] binary_n200_independent-signed_seed7.pcf: ok (3 rows)
[229/300] binary_n200_independent-signed_seed8.pcf: ok (3 rows)
[230/300] binary_n200_independent-signed_seed9.pcf: ok (3 rows)
[231/300] binary_n200_near-ties_seed0.pcf: ok (3 rows)
[232/300] binary_n200_near-ties_seed1.pcf: ok (3 rows)
[233/300] binary_n200_near-ties_seed2.pcf: ok (3 rows)
[234/300] binary_n200_near-ties_seed3.pcf: ok (3 rows)
[235/300] binary_n200_near-ties_seed4.pcf: ok (3 rows)
[236/300] binary_n200_near-ties_seed5.pcf: ok (3 rows)
[237/300] binary_n200_near-ties_seed6.pcf: ok (3 rows)
[238/300] binary_n200_near-ties_seed7.pcf: ok (3 rows)
[239/300] binary_n200_near-ties_seed8.pcf: ok (3 rows)
[240/300] binary_n200_near-ties_seed9.pcf: ok (3 rows)
[241/300] binary_n500_anti-correlated_seed0.pcf: ok (3 rows)
[242/300] binary_n500_anti-correlated_seed1.pcf: ok (3 rows)
[243/300] binary_n500_anti-correlated_seed2.pcf: ok (3 rows)
[244/300] binary_n500_anti-correlated_seed3.pcf: ok (3 rows)
[245/300] binary_n500_anti-correlated_seed4.pcf: ok (3 rows)
[246/300] binary_n500_anti-correlated_seed5.pcf: ok (3 rows)
[247/300] binary_n500_anti-correlated_seed6.pcf: ok (3 rows)
[248/300] binary_n500_anti-correlated_seed7.pcf: ok (3 rows)
[249/300] binary_n500_anti-correlated_seed8.pcf: ok (3 rows)
[250/300] binary_n500_anti-correlated_seed9.pcf: ok (3 rows)
[251/300] binary_n500_correlated_seed0.pcf: ok (3 rows)
[252/300] binary_n500_correlated_seed1.pcf: ok (3 rows)
[253/300] binary_n500_correlated_seed2.pcf: ok (3 rows)
[254/300] binary_n500_correlated_seed3.pcf: ok (3 rows)
[255/300] binary_n500_correlated_seed4.pcf: ok (3 rows)
[256/300] binary_n500_correlated_seed5.pcf: ok (3 rows)
[257/300] binary_n500_correlated_seed6.pcf: ok (3 rows)
[258/300] binary_n500_correlated_seed7.pcf: ok (3 rows)
[259/300] binary_n500_correlated_seed8.pcf: ok (3 rows)
[260/300] binary_n500_correlated_seed9.pcf: ok (3 rows)
[261/300] binary_n500_exact-ties_seed0.pcf: ok (3 rows)
[262/300] binary_n500_exact-ties_seed1.pcf: ok (3 rows)
[263/300] binary_n500_exact-ties_seed2.pcf: ok (3 rows)
[264/300] binary_n500_exact-ties_seed3.pcf: ok (3 rows)
[265/300] binary_n500_exact-ties_seed4.pcf: ok (3 rows)
[266/300] binary_n500_exact-ties_seed5.pcf: ok (3 rows)
[267/300] binary_n500_exact-ties_seed6.pcf: ok (3 rows)
[268/300] binary_n500_exact-ties_seed7.pcf: ok (3 rows)
[269/300] binary_n500_exact-ties_seed8.pcf: ok (3 rows)
[270/300] binary_n500_exact-ties_seed9.pcf: ok (3 rows)
[271/300] binary_n500_independent-positive_seed0.pcf: ok (3 rows)
[272/300] binary_n500_independent-positive_seed1.pcf: ok (3 rows)
[273/300] binary_n500_independent-positive_seed2.pcf: ok (3 rows)
[274/300] binary_n500_independent-positive_seed3.pcf: ok (3 rows)
[275/300] binary_n500_independent-positive_seed4.pcf: ok (3 rows)
[276/300] binary_n500_independent-positive_seed5.pcf: ok (3 rows)
[277/300] binary_n500_independent-positive_seed6.pcf: ok (3 rows)
[278/300] binary_n500_independent-positive_seed7.pcf: ok (3 rows)
[279/300] binary_n500_independent-positive_seed8.pcf: ok (3 rows)
[280/300] binary_n500_independent-positive_seed9.pcf: ok (3 rows)
[281/300] binary_n500_independent-signed_seed0.pcf: ok (3 rows)
[282/300] binary_n500_independent-signed_seed1.pcf: ok (3 rows)
[283/300] binary_n500_independent-signed_seed2.pcf: ok (3 rows)
[284/300] binary_n500_independent-signed_seed3.pcf: ok (3 rows)
[285/300] binary_n500_independent-signed_seed4.pcf: ok (3 rows)
[286/300] binary_n500_independent-signed_seed5.pcf: ok (3 rows)
[287/300] binary_n500_independent-signed_seed6.pcf: ok (3 rows)
[288/300] binary_n500_independent-signed_seed7.pcf: ok (3 rows)
[289/300] binary_n500_independent-signed_seed8.pcf: ok (3 rows)
[290/300] binary_n500_independent-signed_seed9.pcf: ok (3 rows)
[291/300] binary_n500_near-ties_seed0.pcf: ok (3 rows)
[292/300] binary_n500_near-ties_seed1.pcf: ok (3 rows)
[293/300] binary_n500_near-ties_seed2.pcf: ok (3 rows)
[294/300] binary_n500_near-ties_seed3.pcf: ok (3 rows)
[295/300] binary_n500_near-ties_seed4.pcf: ok (3 rows)
[296/300] binary_n500_near-ties_seed5.pcf: ok (3 rows)
[297/300] binary_n500_near-ties_seed6.pcf: ok (3 rows)
[298/300] binary_n500_near-ties_seed7.pcf: ok (3 rows)
[299/300] binary_n500_near-ties_seed8.pcf: ok (3 rows)
[300/300] binary_n500_near-ties_seed9.pcf: ok (3 rows)
wrote results/raw/campaign_d_binary_fma.csv (900 rows), results/raw/campaign_d_binary_fma.failures.csv (0 censored instances)
=== campaign_d_star :: hfma,rac (3 reps) on instances/campaign_d_star -> results/raw/campaign_d_star_hfma-rac.csv ===
[1/600] star_n100000_anti-correlated_seed0.pcf: oom
[2/600] star_n100000_anti-correlated_seed1.pcf: oom
[3/600] star_n100000_anti-correlated_seed2.pcf: oom
[4/600] star_n100000_anti-correlated_seed3.pcf: oom
[5/600] star_n100000_anti-correlated_seed4.pcf: oom
[6/600] star_n100000_anti-correlated_seed5.pcf: oom
[7/600] star_n100000_anti-correlated_seed6.pcf: oom
[8/600] star_n100000_anti-correlated_seed7.pcf: oom
[9/600] star_n100000_anti-correlated_seed8.pcf: oom
[10/600] star_n100000_anti-correlated_seed9.pcf: oom
[11/600] star_n100000_correlated_seed0.pcf: oom
[12/600] star_n100000_correlated_seed1.pcf: oom
[13/600] star_n100000_correlated_seed2.pcf: oom
[14/600] star_n100000_correlated_seed3.pcf: oom
[15/600] star_n100000_correlated_seed4.pcf: oom
[16/600] star_n100000_correlated_seed5.pcf: oom
[17/600] star_n100000_correlated_seed6.pcf: oom
[18/600] star_n100000_correlated_seed7.pcf: oom
[19/600] star_n100000_correlated_seed8.pcf: oom
[20/600] star_n100000_correlated_seed9.pcf: oom
[21/600] star_n100000_exact-ties_seed0.pcf: oom
[22/600] star_n100000_exact-ties_seed1.pcf: oom
[23/600] star_n100000_exact-ties_seed2.pcf: oom
[24/600] star_n100000_exact-ties_seed3.pcf: oom
[25/600] star_n100000_exact-ties_seed4.pcf: oom
[26/600] star_n100000_exact-ties_seed5.pcf: oom
[27/600] star_n100000_exact-ties_seed6.pcf: oom
[28/600] star_n100000_exact-ties_seed7.pcf: oom
[29/600] star_n100000_exact-ties_seed8.pcf: oom
[30/600] star_n100000_exact-ties_seed9.pcf: oom
[31/600] star_n100000_independent-positive_seed0.pcf: oom
[32/600] star_n100000_independent-positive_seed1.pcf: oom
[33/600] star_n100000_independent-positive_seed2.pcf: oom
[34/600] star_n100000_independent-positive_seed3.pcf: oom
[35/600] star_n100000_independent-positive_seed4.pcf: oom
[36/600] star_n100000_independent-positive_seed5.pcf: oom
[37/600] star_n100000_independent-positive_seed6.pcf: oom
[38/600] star_n100000_independent-positive_seed7.pcf: oom
[39/600] star_n100000_independent-positive_seed8.pcf: oom
[40/600] star_n100000_independent-positive_seed9.pcf: oom
[41/600] star_n100000_independent-signed_seed0.pcf: oom
[42/600] star_n100000_independent-signed_seed1.pcf: oom
[43/600] star_n100000_independent-signed_seed2.pcf: oom
[44/600] star_n100000_independent-signed_seed3.pcf: oom
[45/600] star_n100000_independent-signed_seed4.pcf: oom
[46/600] star_n100000_independent-signed_seed5.pcf: oom
[47/600] star_n100000_independent-signed_seed6.pcf: oom
[48/600] star_n100000_independent-signed_seed7.pcf: oom
[49/600] star_n100000_independent-signed_seed8.pcf: oom
[50/600] star_n100000_independent-signed_seed9.pcf: oom
[51/600] star_n100000_near-ties_seed0.pcf: oom
[52/600] star_n100000_near-ties_seed1.pcf: oom
[53/600] star_n100000_near-ties_seed2.pcf: oom
[54/600] star_n100000_near-ties_seed3.pcf: oom
[55/600] star_n100000_near-ties_seed4.pcf: oom
[56/600] star_n100000_near-ties_seed5.pcf: oom
[57/600] star_n100000_near-ties_seed6.pcf: oom
[58/600] star_n100000_near-ties_seed7.pcf: oom
[59/600] star_n100000_near-ties_seed8.pcf: oom
[60/600] star_n100000_near-ties_seed9.pcf: oom
[61/600] star_n10000_anti-correlated_seed0.pcf: ok (6 rows)
[62/600] star_n10000_anti-correlated_seed1.pcf: ok (6 rows)
[63/600] star_n10000_anti-correlated_seed2.pcf: ok (6 rows)
[64/600] star_n10000_anti-correlated_seed3.pcf: ok (6 rows)
[65/600] star_n10000_anti-correlated_seed4.pcf: ok (6 rows)
[66/600] star_n10000_anti-correlated_seed5.pcf: ok (6 rows)
[67/600] star_n10000_anti-correlated_seed6.pcf: ok (6 rows)
[68/600] star_n10000_anti-correlated_seed7.pcf: ok (6 rows)
[69/600] star_n10000_anti-correlated_seed8.pcf: ok (6 rows)
[70/600] star_n10000_anti-correlated_seed9.pcf: ok (6 rows)
[71/600] star_n10000_correlated_seed0.pcf: ok (6 rows)
[72/600] star_n10000_correlated_seed1.pcf: ok (6 rows)
[73/600] star_n10000_correlated_seed2.pcf: ok (6 rows)
[74/600] star_n10000_correlated_seed3.pcf: ok (6 rows)
[75/600] star_n10000_correlated_seed4.pcf: ok (6 rows)
[76/600] star_n10000_correlated_seed5.pcf: ok (6 rows)
[77/600] star_n10000_correlated_seed6.pcf: ok (6 rows)
[78/600] star_n10000_correlated_seed7.pcf: ok (6 rows)
[79/600] star_n10000_correlated_seed8.pcf: ok (6 rows)
[80/600] star_n10000_correlated_seed9.pcf: ok (6 rows)
[81/600] star_n10000_exact-ties_seed0.pcf: ok (6 rows)
[82/600] star_n10000_exact-ties_seed1.pcf: ok (6 rows)
[83/600] star_n10000_exact-ties_seed2.pcf: ok (6 rows)
[84/600] star_n10000_exact-ties_seed3.pcf: ok (6 rows)
[85/600] star_n10000_exact-ties_seed4.pcf: ok (6 rows)
[86/600] star_n10000_exact-ties_seed5.pcf: ok (6 rows)
[87/600] star_n10000_exact-ties_seed6.pcf: ok (6 rows)
[88/600] star_n10000_exact-ties_seed7.pcf: ok (6 rows)
[89/600] star_n10000_exact-ties_seed8.pcf: ok (6 rows)
[90/600] star_n10000_exact-ties_seed9.pcf: ok (6 rows)
[91/600] star_n10000_independent-positive_seed0.pcf: ok (6 rows)
[92/600] star_n10000_independent-positive_seed1.pcf: ok (6 rows)
[93/600] star_n10000_independent-positive_seed2.pcf: ok (6 rows)
[94/600] star_n10000_independent-positive_seed3.pcf: ok (6 rows)
[95/600] star_n10000_independent-positive_seed4.pcf: ok (6 rows)
[96/600] star_n10000_independent-positive_seed5.pcf: ok (6 rows)
[97/600] star_n10000_independent-positive_seed6.pcf: ok (6 rows)
[98/600] star_n10000_independent-positive_seed7.pcf: ok (6 rows)
[99/600] star_n10000_independent-positive_seed8.pcf: ok (6 rows)
[100/600] star_n10000_independent-positive_seed9.pcf: ok (6 rows)
[101/600] star_n10000_independent-signed_seed0.pcf: ok (6 rows)
[102/600] star_n10000_independent-signed_seed1.pcf: ok (6 rows)
[103/600] star_n10000_independent-signed_seed2.pcf: ok (6 rows)
[104/600] star_n10000_independent-signed_seed3.pcf: ok (6 rows)
[105/600] star_n10000_independent-signed_seed4.pcf: ok (6 rows)
[106/600] star_n10000_independent-signed_seed5.pcf: ok (6 rows)
[107/600] star_n10000_independent-signed_seed6.pcf: ok (6 rows)
[108/600] star_n10000_independent-signed_seed7.pcf: ok (6 rows)
[109/600] star_n10000_independent-signed_seed8.pcf: ok (6 rows)
[110/600] star_n10000_independent-signed_seed9.pcf: ok (6 rows)
[111/600] star_n10000_near-ties_seed0.pcf: ok (6 rows)
[112/600] star_n10000_near-ties_seed1.pcf: ok (6 rows)
[113/600] star_n10000_near-ties_seed2.pcf: ok (6 rows)
[114/600] star_n10000_near-ties_seed3.pcf: ok (6 rows)
[115/600] star_n10000_near-ties_seed4.pcf: ok (6 rows)
[116/600] star_n10000_near-ties_seed5.pcf: ok (6 rows)
[117/600] star_n10000_near-ties_seed6.pcf: ok (6 rows)
[118/600] star_n10000_near-ties_seed7.pcf: ok (6 rows)
[119/600] star_n10000_near-ties_seed8.pcf: ok (6 rows)
[120/600] star_n10000_near-ties_seed9.pcf: ok (6 rows)
[121/600] star_n1000_anti-correlated_seed0.pcf: ok (6 rows)
[122/600] star_n1000_anti-correlated_seed1.pcf: ok (6 rows)
[123/600] star_n1000_anti-correlated_seed2.pcf: ok (6 rows)
[124/600] star_n1000_anti-correlated_seed3.pcf: ok (6 rows)
[125/600] star_n1000_anti-correlated_seed4.pcf: ok (6 rows)
[126/600] star_n1000_anti-correlated_seed5.pcf: ok (6 rows)
[127/600] star_n1000_anti-correlated_seed6.pcf: ok (6 rows)
[128/600] star_n1000_anti-correlated_seed7.pcf: ok (6 rows)
[129/600] star_n1000_anti-correlated_seed8.pcf: ok (6 rows)
[130/600] star_n1000_anti-correlated_seed9.pcf: ok (6 rows)
[131/600] star_n1000_correlated_seed0.pcf: ok (6 rows)
[132/600] star_n1000_correlated_seed1.pcf: ok (6 rows)
[133/600] star_n1000_correlated_seed2.pcf: ok (6 rows)
[134/600] star_n1000_correlated_seed3.pcf: ok (6 rows)
[135/600] star_n1000_correlated_seed4.pcf: ok (6 rows)
[136/600] star_n1000_correlated_seed5.pcf: ok (6 rows)
[137/600] star_n1000_correlated_seed6.pcf: ok (6 rows)
[138/600] star_n1000_correlated_seed7.pcf: ok (6 rows)
[139/600] star_n1000_correlated_seed8.pcf: ok (6 rows)
[140/600] star_n1000_correlated_seed9.pcf: ok (6 rows)
[141/600] star_n1000_exact-ties_seed0.pcf: ok (6 rows)
[142/600] star_n1000_exact-ties_seed1.pcf: ok (6 rows)
[143/600] star_n1000_exact-ties_seed2.pcf: ok (6 rows)
[144/600] star_n1000_exact-ties_seed3.pcf: ok (6 rows)
[145/600] star_n1000_exact-ties_seed4.pcf: ok (6 rows)
[146/600] star_n1000_exact-ties_seed5.pcf: ok (6 rows)
[147/600] star_n1000_exact-ties_seed6.pcf: ok (6 rows)
[148/600] star_n1000_exact-ties_seed7.pcf: ok (6 rows)
[149/600] star_n1000_exact-ties_seed8.pcf: ok (6 rows)
[150/600] star_n1000_exact-ties_seed9.pcf: ok (6 rows)
[151/600] star_n1000_independent-positive_seed0.pcf: ok (6 rows)
[152/600] star_n1000_independent-positive_seed1.pcf: ok (6 rows)
[153/600] star_n1000_independent-positive_seed2.pcf: ok (6 rows)
[154/600] star_n1000_independent-positive_seed3.pcf: ok (6 rows)
[155/600] star_n1000_independent-positive_seed4.pcf: ok (6 rows)
[156/600] star_n1000_independent-positive_seed5.pcf: ok (6 rows)
[157/600] star_n1000_independent-positive_seed6.pcf: ok (6 rows)
[158/600] star_n1000_independent-positive_seed7.pcf: ok (6 rows)
[159/600] star_n1000_independent-positive_seed8.pcf: ok (6 rows)
[160/600] star_n1000_independent-positive_seed9.pcf: ok (6 rows)
[161/600] star_n1000_independent-signed_seed0.pcf: ok (6 rows)
[162/600] star_n1000_independent-signed_seed1.pcf: ok (6 rows)
[163/600] star_n1000_independent-signed_seed2.pcf: ok (6 rows)
[164/600] star_n1000_independent-signed_seed3.pcf: ok (6 rows)
[165/600] star_n1000_independent-signed_seed4.pcf: ok (6 rows)
[166/600] star_n1000_independent-signed_seed5.pcf: ok (6 rows)
[167/600] star_n1000_independent-signed_seed6.pcf: ok (6 rows)
[168/600] star_n1000_independent-signed_seed7.pcf: ok (6 rows)
[169/600] star_n1000_independent-signed_seed8.pcf: ok (6 rows)
[170/600] star_n1000_independent-signed_seed9.pcf: ok (6 rows)
[171/600] star_n1000_near-ties_seed0.pcf: ok (6 rows)
[172/600] star_n1000_near-ties_seed1.pcf: ok (6 rows)
[173/600] star_n1000_near-ties_seed2.pcf: ok (6 rows)
[174/600] star_n1000_near-ties_seed3.pcf: ok (6 rows)
[175/600] star_n1000_near-ties_seed4.pcf: ok (6 rows)
[176/600] star_n1000_near-ties_seed5.pcf: ok (6 rows)
[177/600] star_n1000_near-ties_seed6.pcf: ok (6 rows)
[178/600] star_n1000_near-ties_seed7.pcf: ok (6 rows)
[179/600] star_n1000_near-ties_seed8.pcf: ok (6 rows)
[180/600] star_n1000_near-ties_seed9.pcf: ok (6 rows)
[181/600] star_n100_anti-correlated_seed0.pcf: ok (6 rows)
[182/600] star_n100_anti-correlated_seed1.pcf: ok (6 rows)
[183/600] star_n100_anti-correlated_seed2.pcf: ok (6 rows)
[184/600] star_n100_anti-correlated_seed3.pcf: ok (6 rows)
[185/600] star_n100_anti-correlated_seed4.pcf: ok (6 rows)
[186/600] star_n100_anti-correlated_seed5.pcf: ok (6 rows)
[187/600] star_n100_anti-correlated_seed6.pcf: ok (6 rows)
[188/600] star_n100_anti-correlated_seed7.pcf: ok (6 rows)
[189/600] star_n100_anti-correlated_seed8.pcf: ok (6 rows)
[190/600] star_n100_anti-correlated_seed9.pcf: ok (6 rows)
[191/600] star_n100_correlated_seed0.pcf: ok (6 rows)
[192/600] star_n100_correlated_seed1.pcf: ok (6 rows)
[193/600] star_n100_correlated_seed2.pcf: ok (6 rows)
[194/600] star_n100_correlated_seed3.pcf: ok (6 rows)
[195/600] star_n100_correlated_seed4.pcf: ok (6 rows)
[196/600] star_n100_correlated_seed5.pcf: ok (6 rows)
[197/600] star_n100_correlated_seed6.pcf: ok (6 rows)
[198/600] star_n100_correlated_seed7.pcf: ok (6 rows)
[199/600] star_n100_correlated_seed8.pcf: ok (6 rows)
[200/600] star_n100_correlated_seed9.pcf: ok (6 rows)
[201/600] star_n100_exact-ties_seed0.pcf: ok (6 rows)
[202/600] star_n100_exact-ties_seed1.pcf: ok (6 rows)
[203/600] star_n100_exact-ties_seed2.pcf: ok (6 rows)
[204/600] star_n100_exact-ties_seed3.pcf: ok (6 rows)
[205/600] star_n100_exact-ties_seed4.pcf: ok (6 rows)
[206/600] star_n100_exact-ties_seed5.pcf: ok (6 rows)
[207/600] star_n100_exact-ties_seed6.pcf: ok (6 rows)
[208/600] star_n100_exact-ties_seed7.pcf: ok (6 rows)
[209/600] star_n100_exact-ties_seed8.pcf: ok (6 rows)
[210/600] star_n100_exact-ties_seed9.pcf: ok (6 rows)
[211/600] star_n100_independent-positive_seed0.pcf: ok (6 rows)
[212/600] star_n100_independent-positive_seed1.pcf: ok (6 rows)
[213/600] star_n100_independent-positive_seed2.pcf: ok (6 rows)
[214/600] star_n100_independent-positive_seed3.pcf: ok (6 rows)
[215/600] star_n100_independent-positive_seed4.pcf: ok (6 rows)
[216/600] star_n100_independent-positive_seed5.pcf: ok (6 rows)
[217/600] star_n100_independent-positive_seed6.pcf: ok (6 rows)
[218/600] star_n100_independent-positive_seed7.pcf: ok (6 rows)
[219/600] star_n100_independent-positive_seed8.pcf: ok (6 rows)
[220/600] star_n100_independent-positive_seed9.pcf: ok (6 rows)
[221/600] star_n100_independent-signed_seed0.pcf: ok (6 rows)
[222/600] star_n100_independent-signed_seed1.pcf: ok (6 rows)
[223/600] star_n100_independent-signed_seed2.pcf: ok (6 rows)
[224/600] star_n100_independent-signed_seed3.pcf: ok (6 rows)
[225/600] star_n100_independent-signed_seed4.pcf: ok (6 rows)
[226/600] star_n100_independent-signed_seed5.pcf: ok (6 rows)
[227/600] star_n100_independent-signed_seed6.pcf: ok (6 rows)
[228/600] star_n100_independent-signed_seed7.pcf: ok (6 rows)
[229/600] star_n100_independent-signed_seed8.pcf: ok (6 rows)
[230/600] star_n100_independent-signed_seed9.pcf: ok (6 rows)
[231/600] star_n100_near-ties_seed0.pcf: ok (6 rows)
[232/600] star_n100_near-ties_seed1.pcf: ok (6 rows)
[233/600] star_n100_near-ties_seed2.pcf: ok (6 rows)
[234/600] star_n100_near-ties_seed3.pcf: ok (6 rows)
[235/600] star_n100_near-ties_seed4.pcf: ok (6 rows)
[236/600] star_n100_near-ties_seed5.pcf: ok (6 rows)
[237/600] star_n100_near-ties_seed6.pcf: ok (6 rows)
[238/600] star_n100_near-ties_seed7.pcf: ok (6 rows)
[239/600] star_n100_near-ties_seed8.pcf: ok (6 rows)
[240/600] star_n100_near-ties_seed9.pcf: ok (6 rows)
[241/600] star_n20000_anti-correlated_seed0.pcf: oom
[242/600] star_n20000_anti-correlated_seed1.pcf: oom
[243/600] star_n20000_anti-correlated_seed2.pcf: oom
[244/600] star_n20000_anti-correlated_seed3.pcf: oom
[245/600] star_n20000_anti-correlated_seed4.pcf: oom
[246/600] star_n20000_anti-correlated_seed5.pcf: oom
[247/600] star_n20000_anti-correlated_seed6.pcf: oom
[248/600] star_n20000_anti-correlated_seed7.pcf: oom
[249/600] star_n20000_anti-correlated_seed8.pcf: oom
[250/600] star_n20000_anti-correlated_seed9.pcf: oom
[251/600] star_n20000_correlated_seed0.pcf: oom
[252/600] star_n20000_correlated_seed1.pcf: oom
[253/600] star_n20000_correlated_seed2.pcf: oom
[254/600] star_n20000_correlated_seed3.pcf: oom
[255/600] star_n20000_correlated_seed4.pcf: oom
[256/600] star_n20000_correlated_seed5.pcf: oom
[257/600] star_n20000_correlated_seed6.pcf: oom
[258/600] star_n20000_correlated_seed7.pcf: oom
[259/600] star_n20000_correlated_seed8.pcf: oom
[260/600] star_n20000_correlated_seed9.pcf: oom
[261/600] star_n20000_exact-ties_seed0.pcf: oom
[262/600] star_n20000_exact-ties_seed1.pcf: oom
[263/600] star_n20000_exact-ties_seed2.pcf: oom
[264/600] star_n20000_exact-ties_seed3.pcf: oom
[265/600] star_n20000_exact-ties_seed4.pcf: oom
[266/600] star_n20000_exact-ties_seed5.pcf: oom
[267/600] star_n20000_exact-ties_seed6.pcf: oom
[268/600] star_n20000_exact-ties_seed7.pcf: oom
[269/600] star_n20000_exact-ties_seed8.pcf: oom
[270/600] star_n20000_exact-ties_seed9.pcf: oom
[271/600] star_n20000_independent-positive_seed0.pcf: oom
[272/600] star_n20000_independent-positive_seed1.pcf: oom
[273/600] star_n20000_independent-positive_seed2.pcf: oom
[274/600] star_n20000_independent-positive_seed3.pcf: oom
[275/600] star_n20000_independent-positive_seed4.pcf: oom
[276/600] star_n20000_independent-positive_seed5.pcf: oom
[277/600] star_n20000_independent-positive_seed6.pcf: oom
[278/600] star_n20000_independent-positive_seed7.pcf: oom
[279/600] star_n20000_independent-positive_seed8.pcf: oom
[280/600] star_n20000_independent-positive_seed9.pcf: oom
[281/600] star_n20000_independent-signed_seed0.pcf: oom
[282/600] star_n20000_independent-signed_seed1.pcf: oom
[283/600] star_n20000_independent-signed_seed2.pcf: oom
[284/600] star_n20000_independent-signed_seed3.pcf: oom
[285/600] star_n20000_independent-signed_seed4.pcf: oom
[286/600] star_n20000_independent-signed_seed5.pcf: oom
[287/600] star_n20000_independent-signed_seed6.pcf: oom
[288/600] star_n20000_independent-signed_seed7.pcf: oom
[289/600] star_n20000_independent-signed_seed8.pcf: oom
[290/600] star_n20000_independent-signed_seed9.pcf: oom
[291/600] star_n20000_near-ties_seed0.pcf: oom
[292/600] star_n20000_near-ties_seed1.pcf: oom
[293/600] star_n20000_near-ties_seed2.pcf: oom
[294/600] star_n20000_near-ties_seed3.pcf: oom
[295/600] star_n20000_near-ties_seed4.pcf: oom
[296/600] star_n20000_near-ties_seed5.pcf: oom
[297/600] star_n20000_near-ties_seed6.pcf: oom
[298/600] star_n20000_near-ties_seed7.pcf: oom
[299/600] star_n20000_near-ties_seed8.pcf: oom
[300/600] star_n20000_near-ties_seed9.pcf: oom
[301/600] star_n2000_anti-correlated_seed0.pcf: ok (6 rows)
[302/600] star_n2000_anti-correlated_seed1.pcf: ok (6 rows)
[303/600] star_n2000_anti-correlated_seed2.pcf: ok (6 rows)
[304/600] star_n2000_anti-correlated_seed3.pcf: ok (6 rows)
[305/600] star_n2000_anti-correlated_seed4.pcf: ok (6 rows)
[306/600] star_n2000_anti-correlated_seed5.pcf: ok (6 rows)
[307/600] star_n2000_anti-correlated_seed6.pcf: ok (6 rows)
[308/600] star_n2000_anti-correlated_seed7.pcf: ok (6 rows)
[309/600] star_n2000_anti-correlated_seed8.pcf: ok (6 rows)
[310/600] star_n2000_anti-correlated_seed9.pcf: ok (6 rows)
[311/600] star_n2000_correlated_seed0.pcf: ok (6 rows)
[312/600] star_n2000_correlated_seed1.pcf: ok (6 rows)
[313/600] star_n2000_correlated_seed2.pcf: ok (6 rows)
[314/600] star_n2000_correlated_seed3.pcf: ok (6 rows)
[315/600] star_n2000_correlated_seed4.pcf: ok (6 rows)
[316/600] star_n2000_correlated_seed5.pcf: ok (6 rows)
[317/600] star_n2000_correlated_seed6.pcf: ok (6 rows)
[318/600] star_n2000_correlated_seed7.pcf: ok (6 rows)
[319/600] star_n2000_correlated_seed8.pcf: ok (6 rows)
[320/600] star_n2000_correlated_seed9.pcf: ok (6 rows)
[321/600] star_n2000_exact-ties_seed0.pcf: ok (6 rows)
[322/600] star_n2000_exact-ties_seed1.pcf: ok (6 rows)
[323/600] star_n2000_exact-ties_seed2.pcf: ok (6 rows)
[324/600] star_n2000_exact-ties_seed3.pcf: ok (6 rows)
[325/600] star_n2000_exact-ties_seed4.pcf: ok (6 rows)
[326/600] star_n2000_exact-ties_seed5.pcf: ok (6 rows)
[327/600] star_n2000_exact-ties_seed6.pcf: ok (6 rows)
[328/600] star_n2000_exact-ties_seed7.pcf: ok (6 rows)
[329/600] star_n2000_exact-ties_seed8.pcf: ok (6 rows)
[330/600] star_n2000_exact-ties_seed9.pcf: ok (6 rows)
[331/600] star_n2000_independent-positive_seed0.pcf: ok (6 rows)
[332/600] star_n2000_independent-positive_seed1.pcf: ok (6 rows)
[333/600] star_n2000_independent-positive_seed2.pcf: ok (6 rows)
[334/600] star_n2000_independent-positive_seed3.pcf: ok (6 rows)
[335/600] star_n2000_independent-positive_seed4.pcf: ok (6 rows)
[336/600] star_n2000_independent-positive_seed5.pcf: ok (6 rows)
[337/600] star_n2000_independent-positive_seed6.pcf: ok (6 rows)
[338/600] star_n2000_independent-positive_seed7.pcf: ok (6 rows)
[339/600] star_n2000_independent-positive_seed8.pcf: ok (6 rows)
[340/600] star_n2000_independent-positive_seed9.pcf: ok (6 rows)
[341/600] star_n2000_independent-signed_seed0.pcf: ok (6 rows)
[342/600] star_n2000_independent-signed_seed1.pcf: ok (6 rows)
[343/600] star_n2000_independent-signed_seed2.pcf: ok (6 rows)
[344/600] star_n2000_independent-signed_seed3.pcf: ok (6 rows)
[345/600] star_n2000_independent-signed_seed4.pcf: ok (6 rows)
[346/600] star_n2000_independent-signed_seed5.pcf: ok (6 rows)
[347/600] star_n2000_independent-signed_seed6.pcf: ok (6 rows)
[348/600] star_n2000_independent-signed_seed7.pcf: ok (6 rows)
[349/600] star_n2000_independent-signed_seed8.pcf: ok (6 rows)
[350/600] star_n2000_independent-signed_seed9.pcf: ok (6 rows)
[351/600] star_n2000_near-ties_seed0.pcf: ok (6 rows)
[352/600] star_n2000_near-ties_seed1.pcf: ok (6 rows)
[353/600] star_n2000_near-ties_seed2.pcf: ok (6 rows)
[354/600] star_n2000_near-ties_seed3.pcf: ok (6 rows)
[355/600] star_n2000_near-ties_seed4.pcf: ok (6 rows)
[356/600] star_n2000_near-ties_seed5.pcf: ok (6 rows)
[357/600] star_n2000_near-ties_seed6.pcf: ok (6 rows)
[358/600] star_n2000_near-ties_seed7.pcf: ok (6 rows)
[359/600] star_n2000_near-ties_seed8.pcf: ok (6 rows)
[360/600] star_n2000_near-ties_seed9.pcf: ok (6 rows)
[361/600] star_n200_anti-correlated_seed0.pcf: ok (6 rows)
[362/600] star_n200_anti-correlated_seed1.pcf: ok (6 rows)
[363/600] star_n200_anti-correlated_seed2.pcf: ok (6 rows)
[364/600] star_n200_anti-correlated_seed3.pcf: ok (6 rows)
[365/600] star_n200_anti-correlated_seed4.pcf: ok (6 rows)
[366/600] star_n200_anti-correlated_seed5.pcf: ok (6 rows)
[367/600] star_n200_anti-correlated_seed6.pcf: ok (6 rows)
[368/600] star_n200_anti-correlated_seed7.pcf: ok (6 rows)
[369/600] star_n200_anti-correlated_seed8.pcf: ok (6 rows)
[370/600] star_n200_anti-correlated_seed9.pcf: ok (6 rows)
[371/600] star_n200_correlated_seed0.pcf: ok (6 rows)
[372/600] star_n200_correlated_seed1.pcf: ok (6 rows)
[373/600] star_n200_correlated_seed2.pcf: ok (6 rows)
[374/600] star_n200_correlated_seed3.pcf: ok (6 rows)
[375/600] star_n200_correlated_seed4.pcf: ok (6 rows)
[376/600] star_n200_correlated_seed5.pcf: ok (6 rows)
[377/600] star_n200_correlated_seed6.pcf: ok (6 rows)
[378/600] star_n200_correlated_seed7.pcf: ok (6 rows)
[379/600] star_n200_correlated_seed8.pcf: ok (6 rows)
[380/600] star_n200_correlated_seed9.pcf: ok (6 rows)
[381/600] star_n200_exact-ties_seed0.pcf: ok (6 rows)
[382/600] star_n200_exact-ties_seed1.pcf: ok (6 rows)
[383/600] star_n200_exact-ties_seed2.pcf: ok (6 rows)
[384/600] star_n200_exact-ties_seed3.pcf: ok (6 rows)
[385/600] star_n200_exact-ties_seed4.pcf: ok (6 rows)
[386/600] star_n200_exact-ties_seed5.pcf: ok (6 rows)
[387/600] star_n200_exact-ties_seed6.pcf: ok (6 rows)
[388/600] star_n200_exact-ties_seed7.pcf: ok (6 rows)
[389/600] star_n200_exact-ties_seed8.pcf: ok (6 rows)
[390/600] star_n200_exact-ties_seed9.pcf: ok (6 rows)
[391/600] star_n200_independent-positive_seed0.pcf: ok (6 rows)
[392/600] star_n200_independent-positive_seed1.pcf: ok (6 rows)
[393/600] star_n200_independent-positive_seed2.pcf: ok (6 rows)
[394/600] star_n200_independent-positive_seed3.pcf: ok (6 rows)
[395/600] star_n200_independent-positive_seed4.pcf: ok (6 rows)
[396/600] star_n200_independent-positive_seed5.pcf: ok (6 rows)
[397/600] star_n200_independent-positive_seed6.pcf: ok (6 rows)
[398/600] star_n200_independent-positive_seed7.pcf: ok (6 rows)
[399/600] star_n200_independent-positive_seed8.pcf: ok (6 rows)
[400/600] star_n200_independent-positive_seed9.pcf: ok (6 rows)
[401/600] star_n200_independent-signed_seed0.pcf: ok (6 rows)
[402/600] star_n200_independent-signed_seed1.pcf: ok (6 rows)
[403/600] star_n200_independent-signed_seed2.pcf: ok (6 rows)
[404/600] star_n200_independent-signed_seed3.pcf: ok (6 rows)
[405/600] star_n200_independent-signed_seed4.pcf: ok (6 rows)
[406/600] star_n200_independent-signed_seed5.pcf: ok (6 rows)
[407/600] star_n200_independent-signed_seed6.pcf: ok (6 rows)
[408/600] star_n200_independent-signed_seed7.pcf: ok (6 rows)
[409/600] star_n200_independent-signed_seed8.pcf: ok (6 rows)
[410/600] star_n200_independent-signed_seed9.pcf: ok (6 rows)
[411/600] star_n200_near-ties_seed0.pcf: ok (6 rows)
[412/600] star_n200_near-ties_seed1.pcf: ok (6 rows)
[413/600] star_n200_near-ties_seed2.pcf: ok (6 rows)
[414/600] star_n200_near-ties_seed3.pcf: ok (6 rows)
[415/600] star_n200_near-ties_seed4.pcf: ok (6 rows)
[416/600] star_n200_near-ties_seed5.pcf: ok (6 rows)
[417/600] star_n200_near-ties_seed6.pcf: ok (6 rows)
[418/600] star_n200_near-ties_seed7.pcf: ok (6 rows)
[419/600] star_n200_near-ties_seed8.pcf: ok (6 rows)
[420/600] star_n200_near-ties_seed9.pcf: ok (6 rows)
[421/600] star_n50000_anti-correlated_seed0.pcf: oom
[422/600] star_n50000_anti-correlated_seed1.pcf: oom
[423/600] star_n50000_anti-correlated_seed2.pcf: oom
[424/600] star_n50000_anti-correlated_seed3.pcf: oom
[425/600] star_n50000_anti-correlated_seed4.pcf: oom
[426/600] star_n50000_anti-correlated_seed5.pcf: oom
[427/600] star_n50000_anti-correlated_seed6.pcf: oom
[428/600] star_n50000_anti-correlated_seed7.pcf: oom
[429/600] star_n50000_anti-correlated_seed8.pcf: oom
[430/600] star_n50000_anti-correlated_seed9.pcf: oom
[431/600] star_n50000_correlated_seed0.pcf: oom
[432/600] star_n50000_correlated_seed1.pcf: oom
[433/600] star_n50000_correlated_seed2.pcf: oom
[434/600] star_n50000_correlated_seed3.pcf: oom
[435/600] star_n50000_correlated_seed4.pcf: oom
[436/600] star_n50000_correlated_seed5.pcf: oom
[437/600] star_n50000_correlated_seed6.pcf: oom
[438/600] star_n50000_correlated_seed7.pcf: oom
[439/600] star_n50000_correlated_seed8.pcf: oom
[440/600] star_n50000_correlated_seed9.pcf: oom
[441/600] star_n50000_exact-ties_seed0.pcf: oom
[442/600] star_n50000_exact-ties_seed1.pcf: oom
[443/600] star_n50000_exact-ties_seed2.pcf: oom
[444/600] star_n50000_exact-ties_seed3.pcf: oom
[445/600] star_n50000_exact-ties_seed4.pcf: oom
[446/600] star_n50000_exact-ties_seed5.pcf: oom
[447/600] star_n50000_exact-ties_seed6.pcf: oom
[448/600] star_n50000_exact-ties_seed7.pcf: oom
[449/600] star_n50000_exact-ties_seed8.pcf: oom
[450/600] star_n50000_exact-ties_seed9.pcf: oom
[451/600] star_n50000_independent-positive_seed0.pcf: oom
[452/600] star_n50000_independent-positive_seed1.pcf: oom
[453/600] star_n50000_independent-positive_seed2.pcf: oom
[454/600] star_n50000_independent-positive_seed3.pcf: oom
[455/600] star_n50000_independent-positive_seed4.pcf: oom
[456/600] star_n50000_independent-positive_seed5.pcf: oom
[457/600] star_n50000_independent-positive_seed6.pcf: oom
[458/600] star_n50000_independent-positive_seed7.pcf: oom
[459/600] star_n50000_independent-positive_seed8.pcf: oom
[460/600] star_n50000_independent-positive_seed9.pcf: oom
[461/600] star_n50000_independent-signed_seed0.pcf: oom
[462/600] star_n50000_independent-signed_seed1.pcf: oom
[463/600] star_n50000_independent-signed_seed2.pcf: oom
[464/600] star_n50000_independent-signed_seed3.pcf: oom
[465/600] star_n50000_independent-signed_seed4.pcf: oom
[466/600] star_n50000_independent-signed_seed5.pcf: oom
[467/600] star_n50000_independent-signed_seed6.pcf: oom
[468/600] star_n50000_independent-signed_seed7.pcf: oom
[469/600] star_n50000_independent-signed_seed8.pcf: oom
[470/600] star_n50000_independent-signed_seed9.pcf: oom
[471/600] star_n50000_near-ties_seed0.pcf: oom
[472/600] star_n50000_near-ties_seed1.pcf: oom
[473/600] star_n50000_near-ties_seed2.pcf: oom
[474/600] star_n50000_near-ties_seed3.pcf: oom
[475/600] star_n50000_near-ties_seed4.pcf: oom
[476/600] star_n50000_near-ties_seed5.pcf: oom
[477/600] star_n50000_near-ties_seed6.pcf: oom
[478/600] star_n50000_near-ties_seed7.pcf: oom
[479/600] star_n50000_near-ties_seed8.pcf: oom
[480/600] star_n50000_near-ties_seed9.pcf: oom
[481/600] star_n5000_anti-correlated_seed0.pcf: ok (6 rows)
[482/600] star_n5000_anti-correlated_seed1.pcf: ok (6 rows)
[483/600] star_n5000_anti-correlated_seed2.pcf: ok (6 rows)
[484/600] star_n5000_anti-correlated_seed3.pcf: ok (6 rows)
[485/600] star_n5000_anti-correlated_seed4.pcf: ok (6 rows)
[486/600] star_n5000_anti-correlated_seed5.pcf: ok (6 rows)
[487/600] star_n5000_anti-correlated_seed6.pcf: ok (6 rows)
[488/600] star_n5000_anti-correlated_seed7.pcf: ok (6 rows)
[489/600] star_n5000_anti-correlated_seed8.pcf: ok (6 rows)
[490/600] star_n5000_anti-correlated_seed9.pcf: ok (6 rows)
[491/600] star_n5000_correlated_seed0.pcf: ok (6 rows)
[492/600] star_n5000_correlated_seed1.pcf: ok (6 rows)
[493/600] star_n5000_correlated_seed2.pcf: ok (6 rows)
[494/600] star_n5000_correlated_seed3.pcf: ok (6 rows)
[495/600] star_n5000_correlated_seed4.pcf: ok (6 rows)
[496/600] star_n5000_correlated_seed5.pcf: ok (6 rows)
[497/600] star_n5000_correlated_seed6.pcf: ok (6 rows)
[498/600] star_n5000_correlated_seed7.pcf: ok (6 rows)
[499/600] star_n5000_correlated_seed8.pcf: ok (6 rows)
[500/600] star_n5000_correlated_seed9.pcf: ok (6 rows)
[501/600] star_n5000_exact-ties_seed0.pcf: ok (6 rows)
[502/600] star_n5000_exact-ties_seed1.pcf: ok (6 rows)
[503/600] star_n5000_exact-ties_seed2.pcf: ok (6 rows)
[504/600] star_n5000_exact-ties_seed3.pcf: ok (6 rows)
[505/600] star_n5000_exact-ties_seed4.pcf: ok (6 rows)
[506/600] star_n5000_exact-ties_seed5.pcf: ok (6 rows)
[507/600] star_n5000_exact-ties_seed6.pcf: ok (6 rows)
[508/600] star_n5000_exact-ties_seed7.pcf: ok (6 rows)
[509/600] star_n5000_exact-ties_seed8.pcf: ok (6 rows)
[510/600] star_n5000_exact-ties_seed9.pcf: ok (6 rows)
[511/600] star_n5000_independent-positive_seed0.pcf: ok (6 rows)
[512/600] star_n5000_independent-positive_seed1.pcf: ok (6 rows)
[513/600] star_n5000_independent-positive_seed2.pcf: ok (6 rows)
[514/600] star_n5000_independent-positive_seed3.pcf: ok (6 rows)
[515/600] star_n5000_independent-positive_seed4.pcf: ok (6 rows)
[516/600] star_n5000_independent-positive_seed5.pcf: ok (6 rows)
[517/600] star_n5000_independent-positive_seed6.pcf: ok (6 rows)
[518/600] star_n5000_independent-positive_seed7.pcf: ok (6 rows)
[519/600] star_n5000_independent-positive_seed8.pcf: ok (6 rows)
[520/600] star_n5000_independent-positive_seed9.pcf: ok (6 rows)
[521/600] star_n5000_independent-signed_seed0.pcf: ok (6 rows)
[522/600] star_n5000_independent-signed_seed1.pcf: ok (6 rows)
[523/600] star_n5000_independent-signed_seed2.pcf: ok (6 rows)
[524/600] star_n5000_independent-signed_seed3.pcf: ok (6 rows)
[525/600] star_n5000_independent-signed_seed4.pcf: ok (6 rows)
[526/600] star_n5000_independent-signed_seed5.pcf: ok (6 rows)
[527/600] star_n5000_independent-signed_seed6.pcf: ok (6 rows)
[528/600] star_n5000_independent-signed_seed7.pcf: ok (6 rows)
[529/600] star_n5000_independent-signed_seed8.pcf: ok (6 rows)
[530/600] star_n5000_independent-signed_seed9.pcf: ok (6 rows)
[531/600] star_n5000_near-ties_seed0.pcf: ok (6 rows)
[532/600] star_n5000_near-ties_seed1.pcf: ok (6 rows)
[533/600] star_n5000_near-ties_seed2.pcf: ok (6 rows)
[534/600] star_n5000_near-ties_seed3.pcf: ok (6 rows)
[535/600] star_n5000_near-ties_seed4.pcf: ok (6 rows)
[536/600] star_n5000_near-ties_seed5.pcf: ok (6 rows)
[537/600] star_n5000_near-ties_seed6.pcf: ok (6 rows)
[538/600] star_n5000_near-ties_seed7.pcf: ok (6 rows)
[539/600] star_n5000_near-ties_seed8.pcf: ok (6 rows)
[540/600] star_n5000_near-ties_seed9.pcf: ok (6 rows)
[541/600] star_n500_anti-correlated_seed0.pcf: ok (6 rows)
[542/600] star_n500_anti-correlated_seed1.pcf: ok (6 rows)
[543/600] star_n500_anti-correlated_seed2.pcf: ok (6 rows)
[544/600] star_n500_anti-correlated_seed3.pcf: ok (6 rows)
[545/600] star_n500_anti-correlated_seed4.pcf: ok (6 rows)
[546/600] star_n500_anti-correlated_seed5.pcf: ok (6 rows)
[547/600] star_n500_anti-correlated_seed6.pcf: ok (6 rows)
[548/600] star_n500_anti-correlated_seed7.pcf: ok (6 rows)
[549/600] star_n500_anti-correlated_seed8.pcf: ok (6 rows)
[550/600] star_n500_anti-correlated_seed9.pcf: ok (6 rows)
[551/600] star_n500_correlated_seed0.pcf: ok (6 rows)
[552/600] star_n500_correlated_seed1.pcf: ok (6 rows)
[553/600] star_n500_correlated_seed2.pcf: ok (6 rows)
[554/600] star_n500_correlated_seed3.pcf: ok (6 rows)
[555/600] star_n500_correlated_seed4.pcf: ok (6 rows)
[556/600] star_n500_correlated_seed5.pcf: ok (6 rows)
[557/600] star_n500_correlated_seed6.pcf: ok (6 rows)
[558/600] star_n500_correlated_seed7.pcf: ok (6 rows)
[559/600] star_n500_correlated_seed8.pcf: ok (6 rows)
[560/600] star_n500_correlated_seed9.pcf: ok (6 rows)
[561/600] star_n500_exact-ties_seed0.pcf: ok (6 rows)
[562/600] star_n500_exact-ties_seed1.pcf: ok (6 rows)
[563/600] star_n500_exact-ties_seed2.pcf: ok (6 rows)
[564/600] star_n500_exact-ties_seed3.pcf: ok (6 rows)
[565/600] star_n500_exact-ties_seed4.pcf: ok (6 rows)
[566/600] star_n500_exact-ties_seed5.pcf: ok (6 rows)
[567/600] star_n500_exact-ties_seed6.pcf: ok (6 rows)
[568/600] star_n500_exact-ties_seed7.pcf: ok (6 rows)
[569/600] star_n500_exact-ties_seed8.pcf: ok (6 rows)
[570/600] star_n500_exact-ties_seed9.pcf: ok (6 rows)
[571/600] star_n500_independent-positive_seed0.pcf: ok (6 rows)
[572/600] star_n500_independent-positive_seed1.pcf: ok (6 rows)
[573/600] star_n500_independent-positive_seed2.pcf: ok (6 rows)
[574/600] star_n500_independent-positive_seed3.pcf: ok (6 rows)
[575/600] star_n500_independent-positive_seed4.pcf: ok (6 rows)
[576/600] star_n500_independent-positive_seed5.pcf: ok (6 rows)
[577/600] star_n500_independent-positive_seed6.pcf: ok (6 rows)
[578/600] star_n500_independent-positive_seed7.pcf: ok (6 rows)
[579/600] star_n500_independent-positive_seed8.pcf: ok (6 rows)
[580/600] star_n500_independent-positive_seed9.pcf: ok (6 rows)
[581/600] star_n500_independent-signed_seed0.pcf: ok (6 rows)
[582/600] star_n500_independent-signed_seed1.pcf: ok (6 rows)
[583/600] star_n500_independent-signed_seed2.pcf: ok (6 rows)
[584/600] star_n500_independent-signed_seed3.pcf: ok (6 rows)
[585/600] star_n500_independent-signed_seed4.pcf: ok (6 rows)
[586/600] star_n500_independent-signed_seed5.pcf: ok (6 rows)
[587/600] star_n500_independent-signed_seed6.pcf: ok (6 rows)
[588/600] star_n500_independent-signed_seed7.pcf: ok (6 rows)
[589/600] star_n500_independent-signed_seed8.pcf: ok (6 rows)
[590/600] star_n500_independent-signed_seed9.pcf: ok (6 rows)
[591/600] star_n500_near-ties_seed0.pcf: ok (6 rows)
[592/600] star_n500_near-ties_seed1.pcf: ok (6 rows)
[593/600] star_n500_near-ties_seed2.pcf: ok (6 rows)
[594/600] star_n500_near-ties_seed3.pcf: ok (6 rows)
[595/600] star_n500_near-ties_seed4.pcf: ok (6 rows)
[596/600] star_n500_near-ties_seed5.pcf: ok (6 rows)
[597/600] star_n500_near-ties_seed6.pcf: ok (6 rows)
[598/600] star_n500_near-ties_seed7.pcf: ok (6 rows)
[599/600] star_n500_near-ties_seed8.pcf: ok (6 rows)
[600/600] star_n500_near-ties_seed9.pcf: ok (6 rows)
wrote results/raw/campaign_d_star_hfma-rac.csv (2520 rows), results/raw/campaign_d_star_hfma-rac.failures.csv (180 censored instances)
=== campaign_d_star :: fma (3 reps) on instances/campaign_d_star_fma_subset -> results/raw/campaign_d_star_fma.csv ===
[1/300] star_n1000_anti-correlated_seed0.pcf: ok (3 rows)
[2/300] star_n1000_anti-correlated_seed1.pcf: ok (3 rows)
[3/300] star_n1000_anti-correlated_seed2.pcf: ok (3 rows)
[4/300] star_n1000_anti-correlated_seed3.pcf: ok (3 rows)
[5/300] star_n1000_anti-correlated_seed4.pcf: ok (3 rows)
[6/300] star_n1000_anti-correlated_seed5.pcf: ok (3 rows)
[7/300] star_n1000_anti-correlated_seed6.pcf: ok (3 rows)
[8/300] star_n1000_anti-correlated_seed7.pcf: ok (3 rows)
[9/300] star_n1000_anti-correlated_seed8.pcf: ok (3 rows)
[10/300] star_n1000_anti-correlated_seed9.pcf: ok (3 rows)
[11/300] star_n1000_correlated_seed0.pcf: ok (3 rows)
[12/300] star_n1000_correlated_seed1.pcf: ok (3 rows)
[13/300] star_n1000_correlated_seed2.pcf: ok (3 rows)
[14/300] star_n1000_correlated_seed3.pcf: ok (3 rows)
[15/300] star_n1000_correlated_seed4.pcf: ok (3 rows)
[16/300] star_n1000_correlated_seed5.pcf: ok (3 rows)
[17/300] star_n1000_correlated_seed6.pcf: ok (3 rows)
[18/300] star_n1000_correlated_seed7.pcf: ok (3 rows)
[19/300] star_n1000_correlated_seed8.pcf: ok (3 rows)
[20/300] star_n1000_correlated_seed9.pcf: ok (3 rows)
[21/300] star_n1000_exact-ties_seed0.pcf: ok (3 rows)
[22/300] star_n1000_exact-ties_seed1.pcf: ok (3 rows)
[23/300] star_n1000_exact-ties_seed2.pcf: ok (3 rows)
[24/300] star_n1000_exact-ties_seed3.pcf: ok (3 rows)
[25/300] star_n1000_exact-ties_seed4.pcf: ok (3 rows)
[26/300] star_n1000_exact-ties_seed5.pcf: ok (3 rows)
[27/300] star_n1000_exact-ties_seed6.pcf: ok (3 rows)
[28/300] star_n1000_exact-ties_seed7.pcf: ok (3 rows)
[29/300] star_n1000_exact-ties_seed8.pcf: ok (3 rows)
[30/300] star_n1000_exact-ties_seed9.pcf: ok (3 rows)
[31/300] star_n1000_independent-positive_seed0.pcf: ok (3 rows)
[32/300] star_n1000_independent-positive_seed1.pcf: ok (3 rows)
[33/300] star_n1000_independent-positive_seed2.pcf: ok (3 rows)
[34/300] star_n1000_independent-positive_seed3.pcf: ok (3 rows)
[35/300] star_n1000_independent-positive_seed4.pcf: ok (3 rows)
[36/300] star_n1000_independent-positive_seed5.pcf: ok (3 rows)
[37/300] star_n1000_independent-positive_seed6.pcf: ok (3 rows)
[38/300] star_n1000_independent-positive_seed7.pcf: ok (3 rows)
[39/300] star_n1000_independent-positive_seed8.pcf: ok (3 rows)
[40/300] star_n1000_independent-positive_seed9.pcf: ok (3 rows)
[41/300] star_n1000_independent-signed_seed0.pcf: ok (3 rows)
[42/300] star_n1000_independent-signed_seed1.pcf: ok (3 rows)
[43/300] star_n1000_independent-signed_seed2.pcf: ok (3 rows)
[44/300] star_n1000_independent-signed_seed3.pcf: ok (3 rows)
[45/300] star_n1000_independent-signed_seed4.pcf: ok (3 rows)
[46/300] star_n1000_independent-signed_seed5.pcf: ok (3 rows)
[47/300] star_n1000_independent-signed_seed6.pcf: ok (3 rows)
[48/300] star_n1000_independent-signed_seed7.pcf: ok (3 rows)
[49/300] star_n1000_independent-signed_seed8.pcf: ok (3 rows)
[50/300] star_n1000_independent-signed_seed9.pcf: ok (3 rows)
[51/300] star_n1000_near-ties_seed0.pcf: ok (3 rows)
[52/300] star_n1000_near-ties_seed1.pcf: ok (3 rows)
[53/300] star_n1000_near-ties_seed2.pcf: ok (3 rows)
[54/300] star_n1000_near-ties_seed3.pcf: ok (3 rows)
[55/300] star_n1000_near-ties_seed4.pcf: ok (3 rows)
[56/300] star_n1000_near-ties_seed5.pcf: ok (3 rows)
[57/300] star_n1000_near-ties_seed6.pcf: ok (3 rows)
[58/300] star_n1000_near-ties_seed7.pcf: ok (3 rows)
[59/300] star_n1000_near-ties_seed8.pcf: ok (3 rows)
[60/300] star_n1000_near-ties_seed9.pcf: ok (3 rows)
[61/300] star_n100_anti-correlated_seed0.pcf: ok (3 rows)
[62/300] star_n100_anti-correlated_seed1.pcf: ok (3 rows)
[63/300] star_n100_anti-correlated_seed2.pcf: ok (3 rows)
[64/300] star_n100_anti-correlated_seed3.pcf: ok (3 rows)
[65/300] star_n100_anti-correlated_seed4.pcf: ok (3 rows)
[66/300] star_n100_anti-correlated_seed5.pcf: ok (3 rows)
[67/300] star_n100_anti-correlated_seed6.pcf: ok (3 rows)
[68/300] star_n100_anti-correlated_seed7.pcf: ok (3 rows)
[69/300] star_n100_anti-correlated_seed8.pcf: ok (3 rows)
[70/300] star_n100_anti-correlated_seed9.pcf: ok (3 rows)
[71/300] star_n100_correlated_seed0.pcf: ok (3 rows)
[72/300] star_n100_correlated_seed1.pcf: ok (3 rows)
[73/300] star_n100_correlated_seed2.pcf: ok (3 rows)
[74/300] star_n100_correlated_seed3.pcf: ok (3 rows)
[75/300] star_n100_correlated_seed4.pcf: ok (3 rows)
[76/300] star_n100_correlated_seed5.pcf: ok (3 rows)
[77/300] star_n100_correlated_seed6.pcf: ok (3 rows)
[78/300] star_n100_correlated_seed7.pcf: ok (3 rows)
[79/300] star_n100_correlated_seed8.pcf: ok (3 rows)
[80/300] star_n100_correlated_seed9.pcf: ok (3 rows)
[81/300] star_n100_exact-ties_seed0.pcf: ok (3 rows)
[82/300] star_n100_exact-ties_seed1.pcf: ok (3 rows)
[83/300] star_n100_exact-ties_seed2.pcf: ok (3 rows)
[84/300] star_n100_exact-ties_seed3.pcf: ok (3 rows)
[85/300] star_n100_exact-ties_seed4.pcf: ok (3 rows)
[86/300] star_n100_exact-ties_seed5.pcf: ok (3 rows)
[87/300] star_n100_exact-ties_seed6.pcf: ok (3 rows)
[88/300] star_n100_exact-ties_seed7.pcf: ok (3 rows)
[89/300] star_n100_exact-ties_seed8.pcf: ok (3 rows)
[90/300] star_n100_exact-ties_seed9.pcf: ok (3 rows)
[91/300] star_n100_independent-positive_seed0.pcf: ok (3 rows)
[92/300] star_n100_independent-positive_seed1.pcf: ok (3 rows)
[93/300] star_n100_independent-positive_seed2.pcf: ok (3 rows)
[94/300] star_n100_independent-positive_seed3.pcf: ok (3 rows)
[95/300] star_n100_independent-positive_seed4.pcf: ok (3 rows)
[96/300] star_n100_independent-positive_seed5.pcf: ok (3 rows)
[97/300] star_n100_independent-positive_seed6.pcf: ok (3 rows)
[98/300] star_n100_independent-positive_seed7.pcf: ok (3 rows)
[99/300] star_n100_independent-positive_seed8.pcf: ok (3 rows)
[100/300] star_n100_independent-positive_seed9.pcf: ok (3 rows)
[101/300] star_n100_independent-signed_seed0.pcf: ok (3 rows)
[102/300] star_n100_independent-signed_seed1.pcf: ok (3 rows)
[103/300] star_n100_independent-signed_seed2.pcf: ok (3 rows)
[104/300] star_n100_independent-signed_seed3.pcf: ok (3 rows)
[105/300] star_n100_independent-signed_seed4.pcf: ok (3 rows)
[106/300] star_n100_independent-signed_seed5.pcf: ok (3 rows)
[107/300] star_n100_independent-signed_seed6.pcf: ok (3 rows)
[108/300] star_n100_independent-signed_seed7.pcf: ok (3 rows)
[109/300] star_n100_independent-signed_seed8.pcf: ok (3 rows)
[110/300] star_n100_independent-signed_seed9.pcf: ok (3 rows)
[111/300] star_n100_near-ties_seed0.pcf: ok (3 rows)
[112/300] star_n100_near-ties_seed1.pcf: ok (3 rows)
[113/300] star_n100_near-ties_seed2.pcf: ok (3 rows)
[114/300] star_n100_near-ties_seed3.pcf: ok (3 rows)
[115/300] star_n100_near-ties_seed4.pcf: ok (3 rows)
[116/300] star_n100_near-ties_seed5.pcf: ok (3 rows)
[117/300] star_n100_near-ties_seed6.pcf: ok (3 rows)
[118/300] star_n100_near-ties_seed7.pcf: ok (3 rows)
[119/300] star_n100_near-ties_seed8.pcf: ok (3 rows)
[120/300] star_n100_near-ties_seed9.pcf: ok (3 rows)
[121/300] star_n2000_anti-correlated_seed0.pcf: ok (3 rows)
[122/300] star_n2000_anti-correlated_seed1.pcf: ok (3 rows)
[123/300] star_n2000_anti-correlated_seed2.pcf: ok (3 rows)
[124/300] star_n2000_anti-correlated_seed3.pcf: ok (3 rows)
[125/300] star_n2000_anti-correlated_seed4.pcf: ok (3 rows)
[126/300] star_n2000_anti-correlated_seed5.pcf: ok (3 rows)
[127/300] star_n2000_anti-correlated_seed6.pcf: ok (3 rows)
[128/300] star_n2000_anti-correlated_seed7.pcf: ok (3 rows)
[129/300] star_n2000_anti-correlated_seed8.pcf: ok (3 rows)
[130/300] star_n2000_anti-correlated_seed9.pcf: ok (3 rows)
[131/300] star_n2000_correlated_seed0.pcf: ok (3 rows)
[132/300] star_n2000_correlated_seed1.pcf: ok (3 rows)
[133/300] star_n2000_correlated_seed2.pcf: ok (3 rows)
[134/300] star_n2000_correlated_seed3.pcf: ok (3 rows)
[135/300] star_n2000_correlated_seed4.pcf: ok (3 rows)
[136/300] star_n2000_correlated_seed5.pcf: ok (3 rows)
[137/300] star_n2000_correlated_seed6.pcf: ok (3 rows)
[138/300] star_n2000_correlated_seed7.pcf: ok (3 rows)
[139/300] star_n2000_correlated_seed8.pcf: ok (3 rows)
[140/300] star_n2000_correlated_seed9.pcf: ok (3 rows)
[141/300] star_n2000_exact-ties_seed0.pcf: ok (3 rows)
[142/300] star_n2000_exact-ties_seed1.pcf: ok (3 rows)
[143/300] star_n2000_exact-ties_seed2.pcf: ok (3 rows)
[144/300] star_n2000_exact-ties_seed3.pcf: ok (3 rows)
[145/300] star_n2000_exact-ties_seed4.pcf: ok (3 rows)
[146/300] star_n2000_exact-ties_seed5.pcf: ok (3 rows)
[147/300] star_n2000_exact-ties_seed6.pcf: ok (3 rows)
[148/300] star_n2000_exact-ties_seed7.pcf: ok (3 rows)
[149/300] star_n2000_exact-ties_seed8.pcf: ok (3 rows)
[150/300] star_n2000_exact-ties_seed9.pcf: ok (3 rows)
[151/300] star_n2000_independent-positive_seed0.pcf: ok (3 rows)
[152/300] star_n2000_independent-positive_seed1.pcf: ok (3 rows)
[153/300] star_n2000_independent-positive_seed2.pcf: ok (3 rows)
[154/300] star_n2000_independent-positive_seed3.pcf: ok (3 rows)
[155/300] star_n2000_independent-positive_seed4.pcf: ok (3 rows)
[156/300] star_n2000_independent-positive_seed5.pcf: ok (3 rows)
[157/300] star_n2000_independent-positive_seed6.pcf: ok (3 rows)
[158/300] star_n2000_independent-positive_seed7.pcf: ok (3 rows)
[159/300] star_n2000_independent-positive_seed8.pcf: ok (3 rows)
[160/300] star_n2000_independent-positive_seed9.pcf: ok (3 rows)
[161/300] star_n2000_independent-signed_seed0.pcf: ok (3 rows)
[162/300] star_n2000_independent-signed_seed1.pcf: ok (3 rows)
[163/300] star_n2000_independent-signed_seed2.pcf: ok (3 rows)
[164/300] star_n2000_independent-signed_seed3.pcf: ok (3 rows)
[165/300] star_n2000_independent-signed_seed4.pcf: ok (3 rows)
[166/300] star_n2000_independent-signed_seed5.pcf: ok (3 rows)
[167/300] star_n2000_independent-signed_seed6.pcf: ok (3 rows)
[168/300] star_n2000_independent-signed_seed7.pcf: ok (3 rows)
[169/300] star_n2000_independent-signed_seed8.pcf: ok (3 rows)
[170/300] star_n2000_independent-signed_seed9.pcf: ok (3 rows)
[171/300] star_n2000_near-ties_seed0.pcf: ok (3 rows)
[172/300] star_n2000_near-ties_seed1.pcf: ok (3 rows)
[173/300] star_n2000_near-ties_seed2.pcf: ok (3 rows)
[174/300] star_n2000_near-ties_seed3.pcf: ok (3 rows)
[175/300] star_n2000_near-ties_seed4.pcf: ok (3 rows)
[176/300] star_n2000_near-ties_seed5.pcf: ok (3 rows)
[177/300] star_n2000_near-ties_seed6.pcf: ok (3 rows)
[178/300] star_n2000_near-ties_seed7.pcf: ok (3 rows)
[179/300] star_n2000_near-ties_seed8.pcf: ok (3 rows)
[180/300] star_n2000_near-ties_seed9.pcf: ok (3 rows)
[181/300] star_n200_anti-correlated_seed0.pcf: ok (3 rows)
[182/300] star_n200_anti-correlated_seed1.pcf: ok (3 rows)
[183/300] star_n200_anti-correlated_seed2.pcf: ok (3 rows)
[184/300] star_n200_anti-correlated_seed3.pcf: ok (3 rows)
[185/300] star_n200_anti-correlated_seed4.pcf: ok (3 rows)
[186/300] star_n200_anti-correlated_seed5.pcf: ok (3 rows)
[187/300] star_n200_anti-correlated_seed6.pcf: ok (3 rows)
[188/300] star_n200_anti-correlated_seed7.pcf: ok (3 rows)
[189/300] star_n200_anti-correlated_seed8.pcf: ok (3 rows)
[190/300] star_n200_anti-correlated_seed9.pcf: ok (3 rows)
[191/300] star_n200_correlated_seed0.pcf: ok (3 rows)
[192/300] star_n200_correlated_seed1.pcf: ok (3 rows)
[193/300] star_n200_correlated_seed2.pcf: ok (3 rows)
[194/300] star_n200_correlated_seed3.pcf: ok (3 rows)
[195/300] star_n200_correlated_seed4.pcf: ok (3 rows)
[196/300] star_n200_correlated_seed5.pcf: ok (3 rows)
[197/300] star_n200_correlated_seed6.pcf: ok (3 rows)
[198/300] star_n200_correlated_seed7.pcf: ok (3 rows)
[199/300] star_n200_correlated_seed8.pcf: ok (3 rows)
[200/300] star_n200_correlated_seed9.pcf: ok (3 rows)
[201/300] star_n200_exact-ties_seed0.pcf: ok (3 rows)
[202/300] star_n200_exact-ties_seed1.pcf: ok (3 rows)
[203/300] star_n200_exact-ties_seed2.pcf: ok (3 rows)
[204/300] star_n200_exact-ties_seed3.pcf: ok (3 rows)
[205/300] star_n200_exact-ties_seed4.pcf: ok (3 rows)
[206/300] star_n200_exact-ties_seed5.pcf: ok (3 rows)
[207/300] star_n200_exact-ties_seed6.pcf: ok (3 rows)
[208/300] star_n200_exact-ties_seed7.pcf: ok (3 rows)
[209/300] star_n200_exact-ties_seed8.pcf: ok (3 rows)
[210/300] star_n200_exact-ties_seed9.pcf: ok (3 rows)
[211/300] star_n200_independent-positive_seed0.pcf: ok (3 rows)
[212/300] star_n200_independent-positive_seed1.pcf: ok (3 rows)
[213/300] star_n200_independent-positive_seed2.pcf: ok (3 rows)
[214/300] star_n200_independent-positive_seed3.pcf: ok (3 rows)
[215/300] star_n200_independent-positive_seed4.pcf: ok (3 rows)
[216/300] star_n200_independent-positive_seed5.pcf: ok (3 rows)
[217/300] star_n200_independent-positive_seed6.pcf: ok (3 rows)
[218/300] star_n200_independent-positive_seed7.pcf: ok (3 rows)
[219/300] star_n200_independent-positive_seed8.pcf: ok (3 rows)
[220/300] star_n200_independent-positive_seed9.pcf: ok (3 rows)
[221/300] star_n200_independent-signed_seed0.pcf: ok (3 rows)
[222/300] star_n200_independent-signed_seed1.pcf: ok (3 rows)
[223/300] star_n200_independent-signed_seed2.pcf: ok (3 rows)
[224/300] star_n200_independent-signed_seed3.pcf: ok (3 rows)
[225/300] star_n200_independent-signed_seed4.pcf: ok (3 rows)
[226/300] star_n200_independent-signed_seed5.pcf: ok (3 rows)
[227/300] star_n200_independent-signed_seed6.pcf: ok (3 rows)
[228/300] star_n200_independent-signed_seed7.pcf: ok (3 rows)
[229/300] star_n200_independent-signed_seed8.pcf: ok (3 rows)
[230/300] star_n200_independent-signed_seed9.pcf: ok (3 rows)
[231/300] star_n200_near-ties_seed0.pcf: ok (3 rows)
[232/300] star_n200_near-ties_seed1.pcf: ok (3 rows)
[233/300] star_n200_near-ties_seed2.pcf: ok (3 rows)
[234/300] star_n200_near-ties_seed3.pcf: ok (3 rows)
[235/300] star_n200_near-ties_seed4.pcf: ok (3 rows)
[236/300] star_n200_near-ties_seed5.pcf: ok (3 rows)
[237/300] star_n200_near-ties_seed6.pcf: ok (3 rows)
[238/300] star_n200_near-ties_seed7.pcf: ok (3 rows)
[239/300] star_n200_near-ties_seed8.pcf: ok (3 rows)
[240/300] star_n200_near-ties_seed9.pcf: ok (3 rows)
[241/300] star_n500_anti-correlated_seed0.pcf: ok (3 rows)
[242/300] star_n500_anti-correlated_seed1.pcf: ok (3 rows)
[243/300] star_n500_anti-correlated_seed2.pcf: ok (3 rows)
[244/300] star_n500_anti-correlated_seed3.pcf: ok (3 rows)
[245/300] star_n500_anti-correlated_seed4.pcf: ok (3 rows)
[246/300] star_n500_anti-correlated_seed5.pcf: ok (3 rows)
[247/300] star_n500_anti-correlated_seed6.pcf: ok (3 rows)
[248/300] star_n500_anti-correlated_seed7.pcf: ok (3 rows)
[249/300] star_n500_anti-correlated_seed8.pcf: ok (3 rows)
[250/300] star_n500_anti-correlated_seed9.pcf: ok (3 rows)
[251/300] star_n500_correlated_seed0.pcf: ok (3 rows)
[252/300] star_n500_correlated_seed1.pcf: ok (3 rows)
[253/300] star_n500_correlated_seed2.pcf: ok (3 rows)
[254/300] star_n500_correlated_seed3.pcf: ok (3 rows)
[255/300] star_n500_correlated_seed4.pcf: ok (3 rows)
[256/300] star_n500_correlated_seed5.pcf: ok (3 rows)
[257/300] star_n500_correlated_seed6.pcf: ok (3 rows)
[258/300] star_n500_correlated_seed7.pcf: ok (3 rows)
[259/300] star_n500_correlated_seed8.pcf: ok (3 rows)
[260/300] star_n500_correlated_seed9.pcf: ok (3 rows)
[261/300] star_n500_exact-ties_seed0.pcf: ok (3 rows)
[262/300] star_n500_exact-ties_seed1.pcf: ok (3 rows)
[263/300] star_n500_exact-ties_seed2.pcf: ok (3 rows)
[264/300] star_n500_exact-ties_seed3.pcf: ok (3 rows)
[265/300] star_n500_exact-ties_seed4.pcf: ok (3 rows)
[266/300] star_n500_exact-ties_seed5.pcf: ok (3 rows)
[267/300] star_n500_exact-ties_seed6.pcf: ok (3 rows)
[268/300] star_n500_exact-ties_seed7.pcf: ok (3 rows)
[269/300] star_n500_exact-ties_seed8.pcf: ok (3 rows)
[270/300] star_n500_exact-ties_seed9.pcf: ok (3 rows)
[271/300] star_n500_independent-positive_seed0.pcf: ok (3 rows)
[272/300] star_n500_independent-positive_seed1.pcf: ok (3 rows)
[273/300] star_n500_independent-positive_seed2.pcf: ok (3 rows)
[274/300] star_n500_independent-positive_seed3.pcf: ok (3 rows)
[275/300] star_n500_independent-positive_seed4.pcf: ok (3 rows)
[276/300] star_n500_independent-positive_seed5.pcf: ok (3 rows)
[277/300] star_n500_independent-positive_seed6.pcf: ok (3 rows)
[278/300] star_n500_independent-positive_seed7.pcf: ok (3 rows)
[279/300] star_n500_independent-positive_seed8.pcf: ok (3 rows)
[280/300] star_n500_independent-positive_seed9.pcf: ok (3 rows)
[281/300] star_n500_independent-signed_seed0.pcf: ok (3 rows)
[282/300] star_n500_independent-signed_seed1.pcf: ok (3 rows)
[283/300] star_n500_independent-signed_seed2.pcf: ok (3 rows)
[284/300] star_n500_independent-signed_seed3.pcf: ok (3 rows)
[285/300] star_n500_independent-signed_seed4.pcf: ok (3 rows)
[286/300] star_n500_independent-signed_seed5.pcf: ok (3 rows)
[287/300] star_n500_independent-signed_seed6.pcf: ok (3 rows)
[288/300] star_n500_independent-signed_seed7.pcf: ok (3 rows)
[289/300] star_n500_independent-signed_seed8.pcf: ok (3 rows)
[290/300] star_n500_independent-signed_seed9.pcf: ok (3 rows)
[291/300] star_n500_near-ties_seed0.pcf: ok (3 rows)
[292/300] star_n500_near-ties_seed1.pcf: ok (3 rows)
[293/300] star_n500_near-ties_seed2.pcf: ok (3 rows)
[294/300] star_n500_near-ties_seed3.pcf: ok (3 rows)
[295/300] star_n500_near-ties_seed4.pcf: ok (3 rows)
[296/300] star_n500_near-ties_seed5.pcf: ok (3 rows)
[297/300] star_n500_near-ties_seed6.pcf: ok (3 rows)
[298/300] star_n500_near-ties_seed7.pcf: ok (3 rows)
[299/300] star_n500_near-ties_seed8.pcf: ok (3 rows)
[300/300] star_n500_near-ties_seed9.pcf: ok (3 rows)
wrote results/raw/campaign_d_star_fma.csv (900 rows), results/raw/campaign_d_star_fma.failures.csv (0 censored instances)
=== campaign_e_in :: hfma,hima,rac (3 reps) on instances/campaign_e_in -> results/raw/campaign_e_in_hfma-hima-rac.csv ===
[1/1200] in_n100000_rho0.6_anti-correlated_seed0.pcf: ok (9 rows)
[2/1200] in_n100000_rho0.6_anti-correlated_seed1.pcf: ok (9 rows)
[3/1200] in_n100000_rho0.6_anti-correlated_seed2.pcf: ok (9 rows)
[4/1200] in_n100000_rho0.6_anti-correlated_seed3.pcf: ok (9 rows)
[5/1200] in_n100000_rho0.6_anti-correlated_seed4.pcf: ok (9 rows)
[6/1200] in_n100000_rho0.6_correlated_seed0.pcf: ok (9 rows)
[7/1200] in_n100000_rho0.6_correlated_seed1.pcf: ok (9 rows)
[8/1200] in_n100000_rho0.6_correlated_seed2.pcf: ok (9 rows)
[9/1200] in_n100000_rho0.6_correlated_seed3.pcf: ok (9 rows)
[10/1200] in_n100000_rho0.6_correlated_seed4.pcf: ok (9 rows)
[11/1200] in_n100000_rho0.6_exact-ties_seed0.pcf: ok (9 rows)
[12/1200] in_n100000_rho0.6_exact-ties_seed1.pcf: ok (9 rows)
[13/1200] in_n100000_rho0.6_exact-ties_seed2.pcf: ok (9 rows)
[14/1200] in_n100000_rho0.6_exact-ties_seed3.pcf: ok (9 rows)
[15/1200] in_n100000_rho0.6_exact-ties_seed4.pcf: ok (9 rows)
[16/1200] in_n100000_rho0.6_independent-positive_seed0.pcf: ok (9 rows)
[17/1200] in_n100000_rho0.6_independent-positive_seed1.pcf: ok (9 rows)
[18/1200] in_n100000_rho0.6_independent-positive_seed2.pcf: ok (9 rows)
[19/1200] in_n100000_rho0.6_independent-positive_seed3.pcf: ok (9 rows)
[20/1200] in_n100000_rho0.6_independent-positive_seed4.pcf: ok (9 rows)
[21/1200] in_n100000_rho0.6_independent-signed_seed0.pcf: ok (9 rows)
[22/1200] in_n100000_rho0.6_independent-signed_seed1.pcf: ok (9 rows)
[23/1200] in_n100000_rho0.6_independent-signed_seed2.pcf: ok (9 rows)
[24/1200] in_n100000_rho0.6_independent-signed_seed3.pcf: ok (9 rows)
[25/1200] in_n100000_rho0.6_independent-signed_seed4.pcf: ok (9 rows)
[26/1200] in_n100000_rho0.6_near-ties_seed0.pcf: ok (9 rows)
[27/1200] in_n100000_rho0.6_near-ties_seed1.pcf: ok (9 rows)
[28/1200] in_n100000_rho0.6_near-ties_seed2.pcf: ok (9 rows)
[29/1200] in_n100000_rho0.6_near-ties_seed3.pcf: ok (9 rows)
[30/1200] in_n100000_rho0.6_near-ties_seed4.pcf: ok (9 rows)
[31/1200] in_n100000_rho1.0_anti-correlated_seed0.pcf: ok (9 rows)
[32/1200] in_n100000_rho1.0_anti-correlated_seed1.pcf: ok (9 rows)
[33/1200] in_n100000_rho1.0_anti-correlated_seed2.pcf: ok (9 rows)
[34/1200] in_n100000_rho1.0_anti-correlated_seed3.pcf: ok (9 rows)
[35/1200] in_n100000_rho1.0_anti-correlated_seed4.pcf: ok (9 rows)
[36/1200] in_n100000_rho1.0_correlated_seed0.pcf: ok (9 rows)
[37/1200] in_n100000_rho1.0_correlated_seed1.pcf: ok (9 rows)
[38/1200] in_n100000_rho1.0_correlated_seed2.pcf: ok (9 rows)
[39/1200] in_n100000_rho1.0_correlated_seed3.pcf: ok (9 rows)
[40/1200] in_n100000_rho1.0_correlated_seed4.pcf: ok (9 rows)
[41/1200] in_n100000_rho1.0_exact-ties_seed0.pcf: ok (9 rows)
[42/1200] in_n100000_rho1.0_exact-ties_seed1.pcf: ok (9 rows)
[43/1200] in_n100000_rho1.0_exact-ties_seed2.pcf: ok (9 rows)
[44/1200] in_n100000_rho1.0_exact-ties_seed3.pcf: ok (9 rows)
[45/1200] in_n100000_rho1.0_exact-ties_seed4.pcf: ok (9 rows)
[46/1200] in_n100000_rho1.0_independent-positive_seed0.pcf: ok (9 rows)
[47/1200] in_n100000_rho1.0_independent-positive_seed1.pcf: ok (9 rows)
[48/1200] in_n100000_rho1.0_independent-positive_seed2.pcf: ok (9 rows)
[49/1200] in_n100000_rho1.0_independent-positive_seed3.pcf: ok (9 rows)
[50/1200] in_n100000_rho1.0_independent-positive_seed4.pcf: ok (9 rows)
[51/1200] in_n100000_rho1.0_independent-signed_seed0.pcf: ok (9 rows)
[52/1200] in_n100000_rho1.0_independent-signed_seed1.pcf: ok (9 rows)
[53/1200] in_n100000_rho1.0_independent-signed_seed2.pcf: ok (9 rows)
[54/1200] in_n100000_rho1.0_independent-signed_seed3.pcf: ok (9 rows)
[55/1200] in_n100000_rho1.0_independent-signed_seed4.pcf: ok (9 rows)
[56/1200] in_n100000_rho1.0_near-ties_seed0.pcf: ok (9 rows)
[57/1200] in_n100000_rho1.0_near-ties_seed1.pcf: ok (9 rows)
[58/1200] in_n100000_rho1.0_near-ties_seed2.pcf: ok (9 rows)
[59/1200] in_n100000_rho1.0_near-ties_seed3.pcf: ok (9 rows)
[60/1200] in_n100000_rho1.0_near-ties_seed4.pcf: ok (9 rows)
[61/1200] in_n10000_rho0.6_anti-correlated_seed0.pcf: ok (9 rows)
[62/1200] in_n10000_rho0.6_anti-correlated_seed1.pcf: ok (9 rows)
[63/1200] in_n10000_rho0.6_anti-correlated_seed2.pcf: ok (9 rows)
[64/1200] in_n10000_rho0.6_anti-correlated_seed3.pcf: ok (9 rows)
[65/1200] in_n10000_rho0.6_anti-correlated_seed4.pcf: ok (9 rows)
[66/1200] in_n10000_rho0.6_correlated_seed0.pcf: ok (9 rows)
[67/1200] in_n10000_rho0.6_correlated_seed1.pcf: ok (9 rows)
[68/1200] in_n10000_rho0.6_correlated_seed2.pcf: ok (9 rows)
[69/1200] in_n10000_rho0.6_correlated_seed3.pcf: ok (9 rows)
[70/1200] in_n10000_rho0.6_correlated_seed4.pcf: ok (9 rows)
[71/1200] in_n10000_rho0.6_exact-ties_seed0.pcf: ok (9 rows)
[72/1200] in_n10000_rho0.6_exact-ties_seed1.pcf: ok (9 rows)
[73/1200] in_n10000_rho0.6_exact-ties_seed2.pcf: ok (9 rows)
[74/1200] in_n10000_rho0.6_exact-ties_seed3.pcf: ok (9 rows)
[75/1200] in_n10000_rho0.6_exact-ties_seed4.pcf: ok (9 rows)
[76/1200] in_n10000_rho0.6_independent-positive_seed0.pcf: ok (9 rows)
[77/1200] in_n10000_rho0.6_independent-positive_seed1.pcf: ok (9 rows)
[78/1200] in_n10000_rho0.6_independent-positive_seed2.pcf: ok (9 rows)
[79/1200] in_n10000_rho0.6_independent-positive_seed3.pcf: ok (9 rows)
[80/1200] in_n10000_rho0.6_independent-positive_seed4.pcf: ok (9 rows)
[81/1200] in_n10000_rho0.6_independent-signed_seed0.pcf: ok (9 rows)
[82/1200] in_n10000_rho0.6_independent-signed_seed1.pcf: ok (9 rows)
[83/1200] in_n10000_rho0.6_independent-signed_seed2.pcf: ok (9 rows)
[84/1200] in_n10000_rho0.6_independent-signed_seed3.pcf: ok (9 rows)
[85/1200] in_n10000_rho0.6_independent-signed_seed4.pcf: ok (9 rows)
[86/1200] in_n10000_rho0.6_near-ties_seed0.pcf: ok (9 rows)
[87/1200] in_n10000_rho0.6_near-ties_seed1.pcf: ok (9 rows)
[88/1200] in_n10000_rho0.6_near-ties_seed2.pcf: ok (9 rows)
[89/1200] in_n10000_rho0.6_near-ties_seed3.pcf: ok (9 rows)
[90/1200] in_n10000_rho0.6_near-ties_seed4.pcf: ok (9 rows)
[91/1200] in_n10000_rho1.0_anti-correlated_seed0.pcf: ok (9 rows)
[92/1200] in_n10000_rho1.0_anti-correlated_seed1.pcf: ok (9 rows)
[93/1200] in_n10000_rho1.0_anti-correlated_seed2.pcf: ok (9 rows)
[94/1200] in_n10000_rho1.0_anti-correlated_seed3.pcf: ok (9 rows)
[95/1200] in_n10000_rho1.0_anti-correlated_seed4.pcf: ok (9 rows)
[96/1200] in_n10000_rho1.0_correlated_seed0.pcf: ok (9 rows)
[97/1200] in_n10000_rho1.0_correlated_seed1.pcf: ok (9 rows)
[98/1200] in_n10000_rho1.0_correlated_seed2.pcf: ok (9 rows)
[99/1200] in_n10000_rho1.0_correlated_seed3.pcf: ok (9 rows)
[100/1200] in_n10000_rho1.0_correlated_seed4.pcf: ok (9 rows)
[101/1200] in_n10000_rho1.0_exact-ties_seed0.pcf: ok (9 rows)
[102/1200] in_n10000_rho1.0_exact-ties_seed1.pcf: ok (9 rows)
[103/1200] in_n10000_rho1.0_exact-ties_seed2.pcf: ok (9 rows)
[104/1200] in_n10000_rho1.0_exact-ties_seed3.pcf: ok (9 rows)
[105/1200] in_n10000_rho1.0_exact-ties_seed4.pcf: ok (9 rows)
[106/1200] in_n10000_rho1.0_independent-positive_seed0.pcf: ok (9 rows)
[107/1200] in_n10000_rho1.0_independent-positive_seed1.pcf: ok (9 rows)
[108/1200] in_n10000_rho1.0_independent-positive_seed2.pcf: ok (9 rows)
[109/1200] in_n10000_rho1.0_independent-positive_seed3.pcf: ok (9 rows)
[110/1200] in_n10000_rho1.0_independent-positive_seed4.pcf: ok (9 rows)
[111/1200] in_n10000_rho1.0_independent-signed_seed0.pcf: ok (9 rows)
[112/1200] in_n10000_rho1.0_independent-signed_seed1.pcf: ok (9 rows)
[113/1200] in_n10000_rho1.0_independent-signed_seed2.pcf: ok (9 rows)
[114/1200] in_n10000_rho1.0_independent-signed_seed3.pcf: ok (9 rows)
[115/1200] in_n10000_rho1.0_independent-signed_seed4.pcf: ok (9 rows)
[116/1200] in_n10000_rho1.0_near-ties_seed0.pcf: ok (9 rows)
[117/1200] in_n10000_rho1.0_near-ties_seed1.pcf: ok (9 rows)
[118/1200] in_n10000_rho1.0_near-ties_seed2.pcf: ok (9 rows)
[119/1200] in_n10000_rho1.0_near-ties_seed3.pcf: ok (9 rows)
[120/1200] in_n10000_rho1.0_near-ties_seed4.pcf: ok (9 rows)
[121/1200] in_n1000_rho0.6_anti-correlated_seed0.pcf: ok (9 rows)
[122/1200] in_n1000_rho0.6_anti-correlated_seed1.pcf: ok (9 rows)
[123/1200] in_n1000_rho0.6_anti-correlated_seed2.pcf: ok (9 rows)
[124/1200] in_n1000_rho0.6_anti-correlated_seed3.pcf: ok (9 rows)
[125/1200] in_n1000_rho0.6_anti-correlated_seed4.pcf: ok (9 rows)
[126/1200] in_n1000_rho0.6_correlated_seed0.pcf: ok (9 rows)
[127/1200] in_n1000_rho0.6_correlated_seed1.pcf: ok (9 rows)
[128/1200] in_n1000_rho0.6_correlated_seed2.pcf: ok (9 rows)
[129/1200] in_n1000_rho0.6_correlated_seed3.pcf: ok (9 rows)
[130/1200] in_n1000_rho0.6_correlated_seed4.pcf: ok (9 rows)
[131/1200] in_n1000_rho0.6_exact-ties_seed0.pcf: ok (9 rows)
[132/1200] in_n1000_rho0.6_exact-ties_seed1.pcf: ok (9 rows)
[133/1200] in_n1000_rho0.6_exact-ties_seed2.pcf: ok (9 rows)
[134/1200] in_n1000_rho0.6_exact-ties_seed3.pcf: ok (9 rows)
[135/1200] in_n1000_rho0.6_exact-ties_seed4.pcf: ok (9 rows)
[136/1200] in_n1000_rho0.6_independent-positive_seed0.pcf: ok (9 rows)
[137/1200] in_n1000_rho0.6_independent-positive_seed1.pcf: ok (9 rows)
[138/1200] in_n1000_rho0.6_independent-positive_seed2.pcf: ok (9 rows)
[139/1200] in_n1000_rho0.6_independent-positive_seed3.pcf: ok (9 rows)
[140/1200] in_n1000_rho0.6_independent-positive_seed4.pcf: ok (9 rows)
[141/1200] in_n1000_rho0.6_independent-signed_seed0.pcf: ok (9 rows)
[142/1200] in_n1000_rho0.6_independent-signed_seed1.pcf: ok (9 rows)
[143/1200] in_n1000_rho0.6_independent-signed_seed2.pcf: ok (9 rows)
[144/1200] in_n1000_rho0.6_independent-signed_seed3.pcf: ok (9 rows)
[145/1200] in_n1000_rho0.6_independent-signed_seed4.pcf: ok (9 rows)
[146/1200] in_n1000_rho0.6_near-ties_seed0.pcf: ok (9 rows)
[147/1200] in_n1000_rho0.6_near-ties_seed1.pcf: ok (9 rows)
[148/1200] in_n1000_rho0.6_near-ties_seed2.pcf: ok (9 rows)
[149/1200] in_n1000_rho0.6_near-ties_seed3.pcf: ok (9 rows)
[150/1200] in_n1000_rho0.6_near-ties_seed4.pcf: ok (9 rows)
[151/1200] in_n1000_rho1.0_anti-correlated_seed0.pcf: ok (9 rows)
[152/1200] in_n1000_rho1.0_anti-correlated_seed1.pcf: ok (9 rows)
[153/1200] in_n1000_rho1.0_anti-correlated_seed2.pcf: ok (9 rows)
[154/1200] in_n1000_rho1.0_anti-correlated_seed3.pcf: ok (9 rows)
[155/1200] in_n1000_rho1.0_anti-correlated_seed4.pcf: ok (9 rows)
[156/1200] in_n1000_rho1.0_correlated_seed0.pcf: ok (9 rows)
[157/1200] in_n1000_rho1.0_correlated_seed1.pcf: ok (9 rows)
[158/1200] in_n1000_rho1.0_correlated_seed2.pcf: ok (9 rows)
[159/1200] in_n1000_rho1.0_correlated_seed3.pcf: ok (9 rows)
[160/1200] in_n1000_rho1.0_correlated_seed4.pcf: ok (9 rows)
[161/1200] in_n1000_rho1.0_exact-ties_seed0.pcf: ok (9 rows)
[162/1200] in_n1000_rho1.0_exact-ties_seed1.pcf: ok (9 rows)
[163/1200] in_n1000_rho1.0_exact-ties_seed2.pcf: ok (9 rows)
[164/1200] in_n1000_rho1.0_exact-ties_seed3.pcf: ok (9 rows)
[165/1200] in_n1000_rho1.0_exact-ties_seed4.pcf: ok (9 rows)
[166/1200] in_n1000_rho1.0_independent-positive_seed0.pcf: ok (9 rows)
[167/1200] in_n1000_rho1.0_independent-positive_seed1.pcf: ok (9 rows)
[168/1200] in_n1000_rho1.0_independent-positive_seed2.pcf: ok (9 rows)
[169/1200] in_n1000_rho1.0_independent-positive_seed3.pcf: ok (9 rows)
[170/1200] in_n1000_rho1.0_independent-positive_seed4.pcf: ok (9 rows)
[171/1200] in_n1000_rho1.0_independent-signed_seed0.pcf: ok (9 rows)
[172/1200] in_n1000_rho1.0_independent-signed_seed1.pcf: ok (9 rows)
[173/1200] in_n1000_rho1.0_independent-signed_seed2.pcf: ok (9 rows)
[174/1200] in_n1000_rho1.0_independent-signed_seed3.pcf: ok (9 rows)
[175/1200] in_n1000_rho1.0_independent-signed_seed4.pcf: ok (9 rows)
[176/1200] in_n1000_rho1.0_near-ties_seed0.pcf: ok (9 rows)
[177/1200] in_n1000_rho1.0_near-ties_seed1.pcf: ok (9 rows)
[178/1200] in_n1000_rho1.0_near-ties_seed2.pcf: ok (9 rows)
[179/1200] in_n1000_rho1.0_near-ties_seed3.pcf: ok (9 rows)
[180/1200] in_n1000_rho1.0_near-ties_seed4.pcf: ok (9 rows)
[181/1200] in_n100_rho0.6_anti-correlated_seed0.pcf: ok (9 rows)
[182/1200] in_n100_rho0.6_anti-correlated_seed1.pcf: ok (9 rows)
[183/1200] in_n100_rho0.6_anti-correlated_seed2.pcf: ok (9 rows)
[184/1200] in_n100_rho0.6_anti-correlated_seed3.pcf: ok (9 rows)
[185/1200] in_n100_rho0.6_anti-correlated_seed4.pcf: ok (9 rows)
[186/1200] in_n100_rho0.6_correlated_seed0.pcf: ok (9 rows)
[187/1200] in_n100_rho0.6_correlated_seed1.pcf: ok (9 rows)
[188/1200] in_n100_rho0.6_correlated_seed2.pcf: ok (9 rows)
[189/1200] in_n100_rho0.6_correlated_seed3.pcf: ok (9 rows)
[190/1200] in_n100_rho0.6_correlated_seed4.pcf: ok (9 rows)
[191/1200] in_n100_rho0.6_exact-ties_seed0.pcf: ok (9 rows)
[192/1200] in_n100_rho0.6_exact-ties_seed1.pcf: ok (9 rows)
[193/1200] in_n100_rho0.6_exact-ties_seed2.pcf: ok (9 rows)
[194/1200] in_n100_rho0.6_exact-ties_seed3.pcf: ok (9 rows)
[195/1200] in_n100_rho0.6_exact-ties_seed4.pcf: ok (9 rows)
[196/1200] in_n100_rho0.6_independent-positive_seed0.pcf: ok (9 rows)
[197/1200] in_n100_rho0.6_independent-positive_seed1.pcf: ok (9 rows)
[198/1200] in_n100_rho0.6_independent-positive_seed2.pcf: ok (9 rows)
[199/1200] in_n100_rho0.6_independent-positive_seed3.pcf: ok (9 rows)
[200/1200] in_n100_rho0.6_independent-positive_seed4.pcf: ok (9 rows)
[201/1200] in_n100_rho0.6_independent-signed_seed0.pcf: ok (9 rows)
[202/1200] in_n100_rho0.6_independent-signed_seed1.pcf: ok (9 rows)
[203/1200] in_n100_rho0.6_independent-signed_seed2.pcf: ok (9 rows)
[204/1200] in_n100_rho0.6_independent-signed_seed3.pcf: ok (9 rows)
[205/1200] in_n100_rho0.6_independent-signed_seed4.pcf: ok (9 rows)
[206/1200] in_n100_rho0.6_near-ties_seed0.pcf: ok (9 rows)
[207/1200] in_n100_rho0.6_near-ties_seed1.pcf: ok (9 rows)
[208/1200] in_n100_rho0.6_near-ties_seed2.pcf: ok (9 rows)
[209/1200] in_n100_rho0.6_near-ties_seed3.pcf: ok (9 rows)
[210/1200] in_n100_rho0.6_near-ties_seed4.pcf: ok (9 rows)
[211/1200] in_n100_rho1.0_anti-correlated_seed0.pcf: ok (9 rows)
[212/1200] in_n100_rho1.0_anti-correlated_seed1.pcf: ok (9 rows)
[213/1200] in_n100_rho1.0_anti-correlated_seed2.pcf: ok (9 rows)
[214/1200] in_n100_rho1.0_anti-correlated_seed3.pcf: ok (9 rows)
[215/1200] in_n100_rho1.0_anti-correlated_seed4.pcf: ok (9 rows)
[216/1200] in_n100_rho1.0_correlated_seed0.pcf: ok (9 rows)
[217/1200] in_n100_rho1.0_correlated_seed1.pcf: ok (9 rows)
[218/1200] in_n100_rho1.0_correlated_seed2.pcf: ok (9 rows)
[219/1200] in_n100_rho1.0_correlated_seed3.pcf: ok (9 rows)
[220/1200] in_n100_rho1.0_correlated_seed4.pcf: ok (9 rows)
[221/1200] in_n100_rho1.0_exact-ties_seed0.pcf: ok (9 rows)
[222/1200] in_n100_rho1.0_exact-ties_seed1.pcf: ok (9 rows)
[223/1200] in_n100_rho1.0_exact-ties_seed2.pcf: ok (9 rows)
[224/1200] in_n100_rho1.0_exact-ties_seed3.pcf: ok (9 rows)
[225/1200] in_n100_rho1.0_exact-ties_seed4.pcf: ok (9 rows)
[226/1200] in_n100_rho1.0_independent-positive_seed0.pcf: ok (9 rows)
[227/1200] in_n100_rho1.0_independent-positive_seed1.pcf: ok (9 rows)
[228/1200] in_n100_rho1.0_independent-positive_seed2.pcf: ok (9 rows)
[229/1200] in_n100_rho1.0_independent-positive_seed3.pcf: ok (9 rows)
[230/1200] in_n100_rho1.0_independent-positive_seed4.pcf: ok (9 rows)
[231/1200] in_n100_rho1.0_independent-signed_seed0.pcf: ok (9 rows)
[232/1200] in_n100_rho1.0_independent-signed_seed1.pcf: ok (9 rows)
[233/1200] in_n100_rho1.0_independent-signed_seed2.pcf: ok (9 rows)
[234/1200] in_n100_rho1.0_independent-signed_seed3.pcf: ok (9 rows)
[235/1200] in_n100_rho1.0_independent-signed_seed4.pcf: ok (9 rows)
[236/1200] in_n100_rho1.0_near-ties_seed0.pcf: ok (9 rows)
[237/1200] in_n100_rho1.0_near-ties_seed1.pcf: ok (9 rows)
[238/1200] in_n100_rho1.0_near-ties_seed2.pcf: ok (9 rows)
[239/1200] in_n100_rho1.0_near-ties_seed3.pcf: ok (9 rows)
[240/1200] in_n100_rho1.0_near-ties_seed4.pcf: ok (9 rows)
[241/1200] in_n20000_rho0.6_anti-correlated_seed0.pcf: ok (9 rows)
[242/1200] in_n20000_rho0.6_anti-correlated_seed1.pcf: ok (9 rows)
[243/1200] in_n20000_rho0.6_anti-correlated_seed2.pcf: ok (9 rows)
[244/1200] in_n20000_rho0.6_anti-correlated_seed3.pcf: ok (9 rows)
[245/1200] in_n20000_rho0.6_anti-correlated_seed4.pcf: ok (9 rows)
[246/1200] in_n20000_rho0.6_correlated_seed0.pcf: ok (9 rows)
[247/1200] in_n20000_rho0.6_correlated_seed1.pcf: ok (9 rows)
[248/1200] in_n20000_rho0.6_correlated_seed2.pcf: ok (9 rows)
[249/1200] in_n20000_rho0.6_correlated_seed3.pcf: ok (9 rows)
[250/1200] in_n20000_rho0.6_correlated_seed4.pcf: ok (9 rows)
[251/1200] in_n20000_rho0.6_exact-ties_seed0.pcf: ok (9 rows)
[252/1200] in_n20000_rho0.6_exact-ties_seed1.pcf: ok (9 rows)
[253/1200] in_n20000_rho0.6_exact-ties_seed2.pcf: ok (9 rows)
[254/1200] in_n20000_rho0.6_exact-ties_seed3.pcf: ok (9 rows)
[255/1200] in_n20000_rho0.6_exact-ties_seed4.pcf: ok (9 rows)
[256/1200] in_n20000_rho0.6_independent-positive_seed0.pcf: ok (9 rows)
[257/1200] in_n20000_rho0.6_independent-positive_seed1.pcf: ok (9 rows)
[258/1200] in_n20000_rho0.6_independent-positive_seed2.pcf: ok (9 rows)
[259/1200] in_n20000_rho0.6_independent-positive_seed3.pcf: ok (9 rows)
[260/1200] in_n20000_rho0.6_independent-positive_seed4.pcf: ok (9 rows)
[261/1200] in_n20000_rho0.6_independent-signed_seed0.pcf: ok (9 rows)
[262/1200] in_n20000_rho0.6_independent-signed_seed1.pcf: ok (9 rows)
[263/1200] in_n20000_rho0.6_independent-signed_seed2.pcf: ok (9 rows)
[264/1200] in_n20000_rho0.6_independent-signed_seed3.pcf: ok (9 rows)
[265/1200] in_n20000_rho0.6_independent-signed_seed4.pcf: ok (9 rows)
[266/1200] in_n20000_rho0.6_near-ties_seed0.pcf: ok (9 rows)
[267/1200] in_n20000_rho0.6_near-ties_seed1.pcf: ok (9 rows)
[268/1200] in_n20000_rho0.6_near-ties_seed2.pcf: ok (9 rows)
[269/1200] in_n20000_rho0.6_near-ties_seed3.pcf: ok (9 rows)
[270/1200] in_n20000_rho0.6_near-ties_seed4.pcf: ok (9 rows)
[271/1200] in_n20000_rho1.0_anti-correlated_seed0.pcf: ok (9 rows)
[272/1200] in_n20000_rho1.0_anti-correlated_seed1.pcf: ok (9 rows)
[273/1200] in_n20000_rho1.0_anti-correlated_seed2.pcf: ok (9 rows)
[274/1200] in_n20000_rho1.0_anti-correlated_seed3.pcf: ok (9 rows)
[275/1200] in_n20000_rho1.0_anti-correlated_seed4.pcf: ok (9 rows)
[276/1200] in_n20000_rho1.0_correlated_seed0.pcf: ok (9 rows)
[277/1200] in_n20000_rho1.0_correlated_seed1.pcf: ok (9 rows)
[278/1200] in_n20000_rho1.0_correlated_seed2.pcf: ok (9 rows)
[279/1200] in_n20000_rho1.0_correlated_seed3.pcf: ok (9 rows)
[280/1200] in_n20000_rho1.0_correlated_seed4.pcf: ok (9 rows)
[281/1200] in_n20000_rho1.0_exact-ties_seed0.pcf: ok (9 rows)
[282/1200] in_n20000_rho1.0_exact-ties_seed1.pcf: ok (9 rows)
[283/1200] in_n20000_rho1.0_exact-ties_seed2.pcf: ok (9 rows)
[284/1200] in_n20000_rho1.0_exact-ties_seed3.pcf: ok (9 rows)
[285/1200] in_n20000_rho1.0_exact-ties_seed4.pcf: ok (9 rows)
[286/1200] in_n20000_rho1.0_independent-positive_seed0.pcf: ok (9 rows)
[287/1200] in_n20000_rho1.0_independent-positive_seed1.pcf: ok (9 rows)
[288/1200] in_n20000_rho1.0_independent-positive_seed2.pcf: ok (9 rows)
[289/1200] in_n20000_rho1.0_independent-positive_seed3.pcf: ok (9 rows)
[290/1200] in_n20000_rho1.0_independent-positive_seed4.pcf: ok (9 rows)
[291/1200] in_n20000_rho1.0_independent-signed_seed0.pcf: ok (9 rows)
[292/1200] in_n20000_rho1.0_independent-signed_seed1.pcf: ok (9 rows)
[293/1200] in_n20000_rho1.0_independent-signed_seed2.pcf: ok (9 rows)
[294/1200] in_n20000_rho1.0_independent-signed_seed3.pcf: ok (9 rows)
[295/1200] in_n20000_rho1.0_independent-signed_seed4.pcf: ok (9 rows)
[296/1200] in_n20000_rho1.0_near-ties_seed0.pcf: ok (9 rows)
[297/1200] in_n20000_rho1.0_near-ties_seed1.pcf: ok (9 rows)
[298/1200] in_n20000_rho1.0_near-ties_seed2.pcf: ok (9 rows)
[299/1200] in_n20000_rho1.0_near-ties_seed3.pcf: ok (9 rows)
[300/1200] in_n20000_rho1.0_near-ties_seed4.pcf: ok (9 rows)
[301/1200] in_n200_rho0.6_anti-correlated_seed0.pcf: ok (9 rows)
[302/1200] in_n200_rho0.6_anti-correlated_seed1.pcf: ok (9 rows)
[303/1200] in_n200_rho0.6_anti-correlated_seed2.pcf: ok (9 rows)
[304/1200] in_n200_rho0.6_anti-correlated_seed3.pcf: ok (9 rows)
[305/1200] in_n200_rho0.6_anti-correlated_seed4.pcf: ok (9 rows)
[306/1200] in_n200_rho0.6_correlated_seed0.pcf: ok (9 rows)
[307/1200] in_n200_rho0.6_correlated_seed1.pcf: ok (9 rows)
[308/1200] in_n200_rho0.6_correlated_seed2.pcf: ok (9 rows)
[309/1200] in_n200_rho0.6_correlated_seed3.pcf: ok (9 rows)
[310/1200] in_n200_rho0.6_correlated_seed4.pcf: ok (9 rows)
[311/1200] in_n200_rho0.6_exact-ties_seed0.pcf: ok (9 rows)
[312/1200] in_n200_rho0.6_exact-ties_seed1.pcf: ok (9 rows)
[313/1200] in_n200_rho0.6_exact-ties_seed2.pcf: ok (9 rows)
[314/1200] in_n200_rho0.6_exact-ties_seed3.pcf: ok (9 rows)
[315/1200] in_n200_rho0.6_exact-ties_seed4.pcf: ok (9 rows)
[316/1200] in_n200_rho0.6_independent-positive_seed0.pcf: ok (9 rows)
[317/1200] in_n200_rho0.6_independent-positive_seed1.pcf: ok (9 rows)
[318/1200] in_n200_rho0.6_independent-positive_seed2.pcf: ok (9 rows)
[319/1200] in_n200_rho0.6_independent-positive_seed3.pcf: ok (9 rows)
[320/1200] in_n200_rho0.6_independent-positive_seed4.pcf: ok (9 rows)
[321/1200] in_n200_rho0.6_independent-signed_seed0.pcf: ok (9 rows)
[322/1200] in_n200_rho0.6_independent-signed_seed1.pcf: ok (9 rows)
[323/1200] in_n200_rho0.6_independent-signed_seed2.pcf: ok (9 rows)
[324/1200] in_n200_rho0.6_independent-signed_seed3.pcf: ok (9 rows)
[325/1200] in_n200_rho0.6_independent-signed_seed4.pcf: ok (9 rows)
[326/1200] in_n200_rho0.6_near-ties_seed0.pcf: ok (9 rows)
[327/1200] in_n200_rho0.6_near-ties_seed1.pcf: ok (9 rows)
[328/1200] in_n200_rho0.6_near-ties_seed2.pcf: ok (9 rows)
[329/1200] in_n200_rho0.6_near-ties_seed3.pcf: ok (9 rows)
[330/1200] in_n200_rho0.6_near-ties_seed4.pcf: ok (9 rows)
[331/1200] in_n200_rho1.0_anti-correlated_seed0.pcf: ok (9 rows)
[332/1200] in_n200_rho1.0_anti-correlated_seed1.pcf: ok (9 rows)
[333/1200] in_n200_rho1.0_anti-correlated_seed2.pcf: ok (9 rows)
[334/1200] in_n200_rho1.0_anti-correlated_seed3.pcf: ok (9 rows)
[335/1200] in_n200_rho1.0_anti-correlated_seed4.pcf: ok (9 rows)
[336/1200] in_n200_rho1.0_correlated_seed0.pcf: ok (9 rows)
[337/1200] in_n200_rho1.0_correlated_seed1.pcf: ok (9 rows)
[338/1200] in_n200_rho1.0_correlated_seed2.pcf: ok (9 rows)
[339/1200] in_n200_rho1.0_correlated_seed3.pcf: ok (9 rows)
[340/1200] in_n200_rho1.0_correlated_seed4.pcf: ok (9 rows)
[341/1200] in_n200_rho1.0_exact-ties_seed0.pcf: ok (9 rows)
[342/1200] in_n200_rho1.0_exact-ties_seed1.pcf: ok (9 rows)
[343/1200] in_n200_rho1.0_exact-ties_seed2.pcf: ok (9 rows)
[344/1200] in_n200_rho1.0_exact-ties_seed3.pcf: ok (9 rows)
[345/1200] in_n200_rho1.0_exact-ties_seed4.pcf: ok (9 rows)
[346/1200] in_n200_rho1.0_independent-positive_seed0.pcf: ok (9 rows)
[347/1200] in_n200_rho1.0_independent-positive_seed1.pcf: ok (9 rows)
[348/1200] in_n200_rho1.0_independent-positive_seed2.pcf: ok (9 rows)
[349/1200] in_n200_rho1.0_independent-positive_seed3.pcf: ok (9 rows)
[350/1200] in_n200_rho1.0_independent-positive_seed4.pcf: ok (9 rows)
[351/1200] in_n200_rho1.0_independent-signed_seed0.pcf: ok (9 rows)
[352/1200] in_n200_rho1.0_independent-signed_seed1.pcf: ok (9 rows)
[353/1200] in_n200_rho1.0_independent-signed_seed2.pcf: ok (9 rows)
[354/1200] in_n200_rho1.0_independent-signed_seed3.pcf: ok (9 rows)
[355/1200] in_n200_rho1.0_independent-signed_seed4.pcf: ok (9 rows)
[356/1200] in_n200_rho1.0_near-ties_seed0.pcf: ok (9 rows)
[357/1200] in_n200_rho1.0_near-ties_seed1.pcf: ok (9 rows)
[358/1200] in_n200_rho1.0_near-ties_seed2.pcf: ok (9 rows)
[359/1200] in_n200_rho1.0_near-ties_seed3.pcf: ok (9 rows)
[360/1200] in_n200_rho1.0_near-ties_seed4.pcf: ok (9 rows)
[361/1200] in_n30000_rho0.6_anti-correlated_seed0.pcf: ok (9 rows)
[362/1200] in_n30000_rho0.6_anti-correlated_seed1.pcf: ok (9 rows)
[363/1200] in_n30000_rho0.6_anti-correlated_seed2.pcf: ok (9 rows)
[364/1200] in_n30000_rho0.6_anti-correlated_seed3.pcf: ok (9 rows)
[365/1200] in_n30000_rho0.6_anti-correlated_seed4.pcf: ok (9 rows)
[366/1200] in_n30000_rho0.6_correlated_seed0.pcf: ok (9 rows)
[367/1200] in_n30000_rho0.6_correlated_seed1.pcf: ok (9 rows)
[368/1200] in_n30000_rho0.6_correlated_seed2.pcf: ok (9 rows)
[369/1200] in_n30000_rho0.6_correlated_seed3.pcf: ok (9 rows)
[370/1200] in_n30000_rho0.6_correlated_seed4.pcf: ok (9 rows)
[371/1200] in_n30000_rho0.6_exact-ties_seed0.pcf: ok (9 rows)
[372/1200] in_n30000_rho0.6_exact-ties_seed1.pcf: ok (9 rows)
[373/1200] in_n30000_rho0.6_exact-ties_seed2.pcf: ok (9 rows)
[374/1200] in_n30000_rho0.6_exact-ties_seed3.pcf: ok (9 rows)
[375/1200] in_n30000_rho0.6_exact-ties_seed4.pcf: ok (9 rows)
[376/1200] in_n30000_rho0.6_independent-positive_seed0.pcf: ok (9 rows)
[377/1200] in_n30000_rho0.6_independent-positive_seed1.pcf: ok (9 rows)
[378/1200] in_n30000_rho0.6_independent-positive_seed2.pcf: ok (9 rows)
[379/1200] in_n30000_rho0.6_independent-positive_seed3.pcf: ok (9 rows)
[380/1200] in_n30000_rho0.6_independent-positive_seed4.pcf: ok (9 rows)
[381/1200] in_n30000_rho0.6_independent-signed_seed0.pcf: ok (9 rows)
[382/1200] in_n30000_rho0.6_independent-signed_seed1.pcf: ok (9 rows)
[383/1200] in_n30000_rho0.6_independent-signed_seed2.pcf: ok (9 rows)
[384/1200] in_n30000_rho0.6_independent-signed_seed3.pcf: ok (9 rows)
[385/1200] in_n30000_rho0.6_independent-signed_seed4.pcf: ok (9 rows)
[386/1200] in_n30000_rho0.6_near-ties_seed0.pcf: ok (9 rows)
[387/1200] in_n30000_rho0.6_near-ties_seed1.pcf: ok (9 rows)
[388/1200] in_n30000_rho0.6_near-ties_seed2.pcf: ok (9 rows)
[389/1200] in_n30000_rho0.6_near-ties_seed3.pcf: ok (9 rows)
[390/1200] in_n30000_rho0.6_near-ties_seed4.pcf: ok (9 rows)
[391/1200] in_n30000_rho1.0_anti-correlated_seed0.pcf: ok (9 rows)
[392/1200] in_n30000_rho1.0_anti-correlated_seed1.pcf: ok (9 rows)
[393/1200] in_n30000_rho1.0_anti-correlated_seed2.pcf: ok (9 rows)
[394/1200] in_n30000_rho1.0_anti-correlated_seed3.pcf: ok (9 rows)
[395/1200] in_n30000_rho1.0_anti-correlated_seed4.pcf: ok (9 rows)
[396/1200] in_n30000_rho1.0_correlated_seed0.pcf: ok (9 rows)
[397/1200] in_n30000_rho1.0_correlated_seed1.pcf: ok (9 rows)
[398/1200] in_n30000_rho1.0_correlated_seed2.pcf: ok (9 rows)
[399/1200] in_n30000_rho1.0_correlated_seed3.pcf: ok (9 rows)
[400/1200] in_n30000_rho1.0_correlated_seed4.pcf: ok (9 rows)
[401/1200] in_n30000_rho1.0_exact-ties_seed0.pcf: ok (9 rows)
[402/1200] in_n30000_rho1.0_exact-ties_seed1.pcf: ok (9 rows)
[403/1200] in_n30000_rho1.0_exact-ties_seed2.pcf: ok (9 rows)
[404/1200] in_n30000_rho1.0_exact-ties_seed3.pcf: ok (9 rows)
[405/1200] in_n30000_rho1.0_exact-ties_seed4.pcf: ok (9 rows)
[406/1200] in_n30000_rho1.0_independent-positive_seed0.pcf: ok (9 rows)
[407/1200] in_n30000_rho1.0_independent-positive_seed1.pcf: ok (9 rows)
[408/1200] in_n30000_rho1.0_independent-positive_seed2.pcf: ok (9 rows)
[409/1200] in_n30000_rho1.0_independent-positive_seed3.pcf: ok (9 rows)
[410/1200] in_n30000_rho1.0_independent-positive_seed4.pcf: ok (9 rows)
[411/1200] in_n30000_rho1.0_independent-signed_seed0.pcf: ok (9 rows)
[412/1200] in_n30000_rho1.0_independent-signed_seed1.pcf: ok (9 rows)
[413/1200] in_n30000_rho1.0_independent-signed_seed2.pcf: ok (9 rows)
[414/1200] in_n30000_rho1.0_independent-signed_seed3.pcf: ok (9 rows)
[415/1200] in_n30000_rho1.0_independent-signed_seed4.pcf: ok (9 rows)
[416/1200] in_n30000_rho1.0_near-ties_seed0.pcf: ok (9 rows)
[417/1200] in_n30000_rho1.0_near-ties_seed1.pcf: ok (9 rows)
[418/1200] in_n30000_rho1.0_near-ties_seed2.pcf: ok (9 rows)
[419/1200] in_n30000_rho1.0_near-ties_seed3.pcf: ok (9 rows)
[420/1200] in_n30000_rho1.0_near-ties_seed4.pcf: ok (9 rows)
[421/1200] in_n300_rho0.6_anti-correlated_seed0.pcf: ok (9 rows)
[422/1200] in_n300_rho0.6_anti-correlated_seed1.pcf: ok (9 rows)
[423/1200] in_n300_rho0.6_anti-correlated_seed2.pcf: ok (9 rows)
[424/1200] in_n300_rho0.6_anti-correlated_seed3.pcf: ok (9 rows)
[425/1200] in_n300_rho0.6_anti-correlated_seed4.pcf: ok (9 rows)
[426/1200] in_n300_rho0.6_correlated_seed0.pcf: ok (9 rows)
[427/1200] in_n300_rho0.6_correlated_seed1.pcf: ok (9 rows)
[428/1200] in_n300_rho0.6_correlated_seed2.pcf: ok (9 rows)
[429/1200] in_n300_rho0.6_correlated_seed3.pcf: ok (9 rows)
[430/1200] in_n300_rho0.6_correlated_seed4.pcf: ok (9 rows)
[431/1200] in_n300_rho0.6_exact-ties_seed0.pcf: ok (9 rows)
[432/1200] in_n300_rho0.6_exact-ties_seed1.pcf: ok (9 rows)
[433/1200] in_n300_rho0.6_exact-ties_seed2.pcf: ok (9 rows)
[434/1200] in_n300_rho0.6_exact-ties_seed3.pcf: ok (9 rows)
[435/1200] in_n300_rho0.6_exact-ties_seed4.pcf: ok (9 rows)
[436/1200] in_n300_rho0.6_independent-positive_seed0.pcf: ok (9 rows)
[437/1200] in_n300_rho0.6_independent-positive_seed1.pcf: ok (9 rows)
[438/1200] in_n300_rho0.6_independent-positive_seed2.pcf: ok (9 rows)
[439/1200] in_n300_rho0.6_independent-positive_seed3.pcf: ok (9 rows)
[440/1200] in_n300_rho0.6_independent-positive_seed4.pcf: ok (9 rows)
[441/1200] in_n300_rho0.6_independent-signed_seed0.pcf: ok (9 rows)
[442/1200] in_n300_rho0.6_independent-signed_seed1.pcf: ok (9 rows)
[443/1200] in_n300_rho0.6_independent-signed_seed2.pcf: ok (9 rows)
[444/1200] in_n300_rho0.6_independent-signed_seed3.pcf: ok (9 rows)
[445/1200] in_n300_rho0.6_independent-signed_seed4.pcf: ok (9 rows)
[446/1200] in_n300_rho0.6_near-ties_seed0.pcf: ok (9 rows)
[447/1200] in_n300_rho0.6_near-ties_seed1.pcf: ok (9 rows)
[448/1200] in_n300_rho0.6_near-ties_seed2.pcf: ok (9 rows)
[449/1200] in_n300_rho0.6_near-ties_seed3.pcf: ok (9 rows)
[450/1200] in_n300_rho0.6_near-ties_seed4.pcf: ok (9 rows)
[451/1200] in_n300_rho1.0_anti-correlated_seed0.pcf: ok (9 rows)
[452/1200] in_n300_rho1.0_anti-correlated_seed1.pcf: ok (9 rows)
[453/1200] in_n300_rho1.0_anti-correlated_seed2.pcf: ok (9 rows)
[454/1200] in_n300_rho1.0_anti-correlated_seed3.pcf: ok (9 rows)
[455/1200] in_n300_rho1.0_anti-correlated_seed4.pcf: ok (9 rows)
[456/1200] in_n300_rho1.0_correlated_seed0.pcf: ok (9 rows)
[457/1200] in_n300_rho1.0_correlated_seed1.pcf: ok (9 rows)
[458/1200] in_n300_rho1.0_correlated_seed2.pcf: ok (9 rows)
[459/1200] in_n300_rho1.0_correlated_seed3.pcf: ok (9 rows)
[460/1200] in_n300_rho1.0_correlated_seed4.pcf: ok (9 rows)
[461/1200] in_n300_rho1.0_exact-ties_seed0.pcf: ok (9 rows)
[462/1200] in_n300_rho1.0_exact-ties_seed1.pcf: ok (9 rows)
[463/1200] in_n300_rho1.0_exact-ties_seed2.pcf: ok (9 rows)
[464/1200] in_n300_rho1.0_exact-ties_seed3.pcf: ok (9 rows)
[465/1200] in_n300_rho1.0_exact-ties_seed4.pcf: ok (9 rows)
[466/1200] in_n300_rho1.0_independent-positive_seed0.pcf: ok (9 rows)
[467/1200] in_n300_rho1.0_independent-positive_seed1.pcf: ok (9 rows)
[468/1200] in_n300_rho1.0_independent-positive_seed2.pcf: ok (9 rows)
[469/1200] in_n300_rho1.0_independent-positive_seed3.pcf: ok (9 rows)
[470/1200] in_n300_rho1.0_independent-positive_seed4.pcf: ok (9 rows)
[471/1200] in_n300_rho1.0_independent-signed_seed0.pcf: ok (9 rows)
[472/1200] in_n300_rho1.0_independent-signed_seed1.pcf: ok (9 rows)
[473/1200] in_n300_rho1.0_independent-signed_seed2.pcf: ok (9 rows)
[474/1200] in_n300_rho1.0_independent-signed_seed3.pcf: ok (9 rows)
[475/1200] in_n300_rho1.0_independent-signed_seed4.pcf: ok (9 rows)
[476/1200] in_n300_rho1.0_near-ties_seed0.pcf: ok (9 rows)
[477/1200] in_n300_rho1.0_near-ties_seed1.pcf: ok (9 rows)
[478/1200] in_n300_rho1.0_near-ties_seed2.pcf: ok (9 rows)
[479/1200] in_n300_rho1.0_near-ties_seed3.pcf: ok (9 rows)
[480/1200] in_n300_rho1.0_near-ties_seed4.pcf: ok (9 rows)
[481/1200] in_n40000_rho0.6_anti-correlated_seed0.pcf: ok (9 rows)
[482/1200] in_n40000_rho0.6_anti-correlated_seed1.pcf: ok (9 rows)
[483/1200] in_n40000_rho0.6_anti-correlated_seed2.pcf: ok (9 rows)
[484/1200] in_n40000_rho0.6_anti-correlated_seed3.pcf: ok (9 rows)
[485/1200] in_n40000_rho0.6_anti-correlated_seed4.pcf: ok (9 rows)
[486/1200] in_n40000_rho0.6_correlated_seed0.pcf: ok (9 rows)
[487/1200] in_n40000_rho0.6_correlated_seed1.pcf: ok (9 rows)
[488/1200] in_n40000_rho0.6_correlated_seed2.pcf: ok (9 rows)
[489/1200] in_n40000_rho0.6_correlated_seed3.pcf: ok (9 rows)
[490/1200] in_n40000_rho0.6_correlated_seed4.pcf: ok (9 rows)
[491/1200] in_n40000_rho0.6_exact-ties_seed0.pcf: ok (9 rows)
[492/1200] in_n40000_rho0.6_exact-ties_seed1.pcf: ok (9 rows)
[493/1200] in_n40000_rho0.6_exact-ties_seed2.pcf: ok (9 rows)
[494/1200] in_n40000_rho0.6_exact-ties_seed3.pcf: ok (9 rows)
[495/1200] in_n40000_rho0.6_exact-ties_seed4.pcf: ok (9 rows)
[496/1200] in_n40000_rho0.6_independent-positive_seed0.pcf: ok (9 rows)
[497/1200] in_n40000_rho0.6_independent-positive_seed1.pcf: ok (9 rows)
[498/1200] in_n40000_rho0.6_independent-positive_seed2.pcf: ok (9 rows)
[499/1200] in_n40000_rho0.6_independent-positive_seed3.pcf: ok (9 rows)
[500/1200] in_n40000_rho0.6_independent-positive_seed4.pcf: ok (9 rows)
[501/1200] in_n40000_rho0.6_independent-signed_seed0.pcf: ok (9 rows)
[502/1200] in_n40000_rho0.6_independent-signed_seed1.pcf: ok (9 rows)
[503/1200] in_n40000_rho0.6_independent-signed_seed2.pcf: ok (9 rows)
[504/1200] in_n40000_rho0.6_independent-signed_seed3.pcf: ok (9 rows)
[505/1200] in_n40000_rho0.6_independent-signed_seed4.pcf: ok (9 rows)
[506/1200] in_n40000_rho0.6_near-ties_seed0.pcf: ok (9 rows)
[507/1200] in_n40000_rho0.6_near-ties_seed1.pcf: ok (9 rows)
[508/1200] in_n40000_rho0.6_near-ties_seed2.pcf: ok (9 rows)
[509/1200] in_n40000_rho0.6_near-ties_seed3.pcf: ok (9 rows)
[510/1200] in_n40000_rho0.6_near-ties_seed4.pcf: ok (9 rows)
[511/1200] in_n40000_rho1.0_anti-correlated_seed0.pcf: ok (9 rows)
[512/1200] in_n40000_rho1.0_anti-correlated_seed1.pcf: ok (9 rows)
[513/1200] in_n40000_rho1.0_anti-correlated_seed2.pcf: ok (9 rows)
[514/1200] in_n40000_rho1.0_anti-correlated_seed3.pcf: ok (9 rows)
[515/1200] in_n40000_rho1.0_anti-correlated_seed4.pcf: ok (9 rows)
[516/1200] in_n40000_rho1.0_correlated_seed0.pcf: ok (9 rows)
[517/1200] in_n40000_rho1.0_correlated_seed1.pcf: ok (9 rows)
[518/1200] in_n40000_rho1.0_correlated_seed2.pcf: ok (9 rows)
[519/1200] in_n40000_rho1.0_correlated_seed3.pcf: ok (9 rows)
[520/1200] in_n40000_rho1.0_correlated_seed4.pcf: ok (9 rows)
[521/1200] in_n40000_rho1.0_exact-ties_seed0.pcf: ok (9 rows)
[522/1200] in_n40000_rho1.0_exact-ties_seed1.pcf: ok (9 rows)
[523/1200] in_n40000_rho1.0_exact-ties_seed2.pcf: ok (9 rows)
[524/1200] in_n40000_rho1.0_exact-ties_seed3.pcf: ok (9 rows)
[525/1200] in_n40000_rho1.0_exact-ties_seed4.pcf: ok (9 rows)
[526/1200] in_n40000_rho1.0_independent-positive_seed0.pcf: ok (9 rows)
[527/1200] in_n40000_rho1.0_independent-positive_seed1.pcf: ok (9 rows)
[528/1200] in_n40000_rho1.0_independent-positive_seed2.pcf: ok (9 rows)
[529/1200] in_n40000_rho1.0_independent-positive_seed3.pcf: ok (9 rows)
[530/1200] in_n40000_rho1.0_independent-positive_seed4.pcf: ok (9 rows)
[531/1200] in_n40000_rho1.0_independent-signed_seed0.pcf: ok (9 rows)
[532/1200] in_n40000_rho1.0_independent-signed_seed1.pcf: ok (9 rows)
[533/1200] in_n40000_rho1.0_independent-signed_seed2.pcf: ok (9 rows)
[534/1200] in_n40000_rho1.0_independent-signed_seed3.pcf: ok (9 rows)
[535/1200] in_n40000_rho1.0_independent-signed_seed4.pcf: ok (9 rows)
[536/1200] in_n40000_rho1.0_near-ties_seed0.pcf: ok (9 rows)
[537/1200] in_n40000_rho1.0_near-ties_seed1.pcf: ok (9 rows)
[538/1200] in_n40000_rho1.0_near-ties_seed2.pcf: ok (9 rows)
[539/1200] in_n40000_rho1.0_near-ties_seed3.pcf: ok (9 rows)
[540/1200] in_n40000_rho1.0_near-ties_seed4.pcf: ok (9 rows)
[541/1200] in_n400_rho0.6_anti-correlated_seed0.pcf: ok (9 rows)
[542/1200] in_n400_rho0.6_anti-correlated_seed1.pcf: ok (9 rows)
[543/1200] in_n400_rho0.6_anti-correlated_seed2.pcf: ok (9 rows)
[544/1200] in_n400_rho0.6_anti-correlated_seed3.pcf: ok (9 rows)
[545/1200] in_n400_rho0.6_anti-correlated_seed4.pcf: ok (9 rows)
[546/1200] in_n400_rho0.6_correlated_seed0.pcf: ok (9 rows)
[547/1200] in_n400_rho0.6_correlated_seed1.pcf: ok (9 rows)
[548/1200] in_n400_rho0.6_correlated_seed2.pcf: ok (9 rows)
[549/1200] in_n400_rho0.6_correlated_seed3.pcf: ok (9 rows)
[550/1200] in_n400_rho0.6_correlated_seed4.pcf: ok (9 rows)
[551/1200] in_n400_rho0.6_exact-ties_seed0.pcf: ok (9 rows)
[552/1200] in_n400_rho0.6_exact-ties_seed1.pcf: ok (9 rows)
[553/1200] in_n400_rho0.6_exact-ties_seed2.pcf: ok (9 rows)
[554/1200] in_n400_rho0.6_exact-ties_seed3.pcf: ok (9 rows)
[555/1200] in_n400_rho0.6_exact-ties_seed4.pcf: ok (9 rows)
[556/1200] in_n400_rho0.6_independent-positive_seed0.pcf: ok (9 rows)
[557/1200] in_n400_rho0.6_independent-positive_seed1.pcf: ok (9 rows)
[558/1200] in_n400_rho0.6_independent-positive_seed2.pcf: ok (9 rows)
[559/1200] in_n400_rho0.6_independent-positive_seed3.pcf: ok (9 rows)
[560/1200] in_n400_rho0.6_independent-positive_seed4.pcf: ok (9 rows)
[561/1200] in_n400_rho0.6_independent-signed_seed0.pcf: ok (9 rows)
[562/1200] in_n400_rho0.6_independent-signed_seed1.pcf: ok (9 rows)
[563/1200] in_n400_rho0.6_independent-signed_seed2.pcf: ok (9 rows)
[564/1200] in_n400_rho0.6_independent-signed_seed3.pcf: ok (9 rows)
[565/1200] in_n400_rho0.6_independent-signed_seed4.pcf: ok (9 rows)
[566/1200] in_n400_rho0.6_near-ties_seed0.pcf: ok (9 rows)
[567/1200] in_n400_rho0.6_near-ties_seed1.pcf: ok (9 rows)
[568/1200] in_n400_rho0.6_near-ties_seed2.pcf: ok (9 rows)
[569/1200] in_n400_rho0.6_near-ties_seed3.pcf: ok (9 rows)
[570/1200] in_n400_rho0.6_near-ties_seed4.pcf: ok (9 rows)
[571/1200] in_n400_rho1.0_anti-correlated_seed0.pcf: ok (9 rows)
[572/1200] in_n400_rho1.0_anti-correlated_seed1.pcf: ok (9 rows)
[573/1200] in_n400_rho1.0_anti-correlated_seed2.pcf: ok (9 rows)
[574/1200] in_n400_rho1.0_anti-correlated_seed3.pcf: ok (9 rows)
[575/1200] in_n400_rho1.0_anti-correlated_seed4.pcf: ok (9 rows)
[576/1200] in_n400_rho1.0_correlated_seed0.pcf: ok (9 rows)
[577/1200] in_n400_rho1.0_correlated_seed1.pcf: ok (9 rows)
[578/1200] in_n400_rho1.0_correlated_seed2.pcf: ok (9 rows)
[579/1200] in_n400_rho1.0_correlated_seed3.pcf: ok (9 rows)
[580/1200] in_n400_rho1.0_correlated_seed4.pcf: ok (9 rows)
[581/1200] in_n400_rho1.0_exact-ties_seed0.pcf: ok (9 rows)
[582/1200] in_n400_rho1.0_exact-ties_seed1.pcf: ok (9 rows)
[583/1200] in_n400_rho1.0_exact-ties_seed2.pcf: ok (9 rows)
[584/1200] in_n400_rho1.0_exact-ties_seed3.pcf: ok (9 rows)
[585/1200] in_n400_rho1.0_exact-ties_seed4.pcf: ok (9 rows)
[586/1200] in_n400_rho1.0_independent-positive_seed0.pcf: ok (9 rows)
[587/1200] in_n400_rho1.0_independent-positive_seed1.pcf: ok (9 rows)
[588/1200] in_n400_rho1.0_independent-positive_seed2.pcf: ok (9 rows)
[589/1200] in_n400_rho1.0_independent-positive_seed3.pcf: ok (9 rows)
[590/1200] in_n400_rho1.0_independent-positive_seed4.pcf: ok (9 rows)
[591/1200] in_n400_rho1.0_independent-signed_seed0.pcf: ok (9 rows)
[592/1200] in_n400_rho1.0_independent-signed_seed1.pcf: ok (9 rows)
[593/1200] in_n400_rho1.0_independent-signed_seed2.pcf: ok (9 rows)
[594/1200] in_n400_rho1.0_independent-signed_seed3.pcf: ok (9 rows)
[595/1200] in_n400_rho1.0_independent-signed_seed4.pcf: ok (9 rows)
[596/1200] in_n400_rho1.0_near-ties_seed0.pcf: ok (9 rows)
[597/1200] in_n400_rho1.0_near-ties_seed1.pcf: ok (9 rows)
[598/1200] in_n400_rho1.0_near-ties_seed2.pcf: ok (9 rows)
[599/1200] in_n400_rho1.0_near-ties_seed3.pcf: ok (9 rows)
[600/1200] in_n400_rho1.0_near-ties_seed4.pcf: ok (9 rows)
[601/1200] in_n50000_rho0.6_anti-correlated_seed0.pcf: ok (9 rows)
[602/1200] in_n50000_rho0.6_anti-correlated_seed1.pcf: ok (9 rows)
[603/1200] in_n50000_rho0.6_anti-correlated_seed2.pcf: ok (9 rows)
[604/1200] in_n50000_rho0.6_anti-correlated_seed3.pcf: ok (9 rows)
[605/1200] in_n50000_rho0.6_anti-correlated_seed4.pcf: ok (9 rows)
[606/1200] in_n50000_rho0.6_correlated_seed0.pcf: ok (9 rows)
[607/1200] in_n50000_rho0.6_correlated_seed1.pcf: ok (9 rows)
[608/1200] in_n50000_rho0.6_correlated_seed2.pcf: ok (9 rows)
[609/1200] in_n50000_rho0.6_correlated_seed3.pcf: ok (9 rows)
[610/1200] in_n50000_rho0.6_correlated_seed4.pcf: ok (9 rows)
[611/1200] in_n50000_rho0.6_exact-ties_seed0.pcf: ok (9 rows)
[612/1200] in_n50000_rho0.6_exact-ties_seed1.pcf: ok (9 rows)
[613/1200] in_n50000_rho0.6_exact-ties_seed2.pcf: ok (9 rows)
[614/1200] in_n50000_rho0.6_exact-ties_seed3.pcf: ok (9 rows)
[615/1200] in_n50000_rho0.6_exact-ties_seed4.pcf: ok (9 rows)
[616/1200] in_n50000_rho0.6_independent-positive_seed0.pcf: ok (9 rows)
[617/1200] in_n50000_rho0.6_independent-positive_seed1.pcf: ok (9 rows)
[618/1200] in_n50000_rho0.6_independent-positive_seed2.pcf: ok (9 rows)
[619/1200] in_n50000_rho0.6_independent-positive_seed3.pcf: ok (9 rows)
[620/1200] in_n50000_rho0.6_independent-positive_seed4.pcf: ok (9 rows)
[621/1200] in_n50000_rho0.6_independent-signed_seed0.pcf: ok (9 rows)
[622/1200] in_n50000_rho0.6_independent-signed_seed1.pcf: ok (9 rows)
[623/1200] in_n50000_rho0.6_independent-signed_seed2.pcf: ok (9 rows)
[624/1200] in_n50000_rho0.6_independent-signed_seed3.pcf: ok (9 rows)
[625/1200] in_n50000_rho0.6_independent-signed_seed4.pcf: ok (9 rows)
[626/1200] in_n50000_rho0.6_near-ties_seed0.pcf: ok (9 rows)
[627/1200] in_n50000_rho0.6_near-ties_seed1.pcf: ok (9 rows)
[628/1200] in_n50000_rho0.6_near-ties_seed2.pcf: ok (9 rows)
[629/1200] in_n50000_rho0.6_near-ties_seed3.pcf: ok (9 rows)
[630/1200] in_n50000_rho0.6_near-ties_seed4.pcf: ok (9 rows)
[631/1200] in_n50000_rho1.0_anti-correlated_seed0.pcf: ok (9 rows)
[632/1200] in_n50000_rho1.0_anti-correlated_seed1.pcf: ok (9 rows)
[633/1200] in_n50000_rho1.0_anti-correlated_seed2.pcf: ok (9 rows)
[634/1200] in_n50000_rho1.0_anti-correlated_seed3.pcf: ok (9 rows)
[635/1200] in_n50000_rho1.0_anti-correlated_seed4.pcf: ok (9 rows)
[636/1200] in_n50000_rho1.0_correlated_seed0.pcf: ok (9 rows)
[637/1200] in_n50000_rho1.0_correlated_seed1.pcf: ok (9 rows)
[638/1200] in_n50000_rho1.0_correlated_seed2.pcf: ok (9 rows)
[639/1200] in_n50000_rho1.0_correlated_seed3.pcf: ok (9 rows)
[640/1200] in_n50000_rho1.0_correlated_seed4.pcf: ok (9 rows)
[641/1200] in_n50000_rho1.0_exact-ties_seed0.pcf: ok (9 rows)
[642/1200] in_n50000_rho1.0_exact-ties_seed1.pcf: ok (9 rows)
[643/1200] in_n50000_rho1.0_exact-ties_seed2.pcf: ok (9 rows)
[644/1200] in_n50000_rho1.0_exact-ties_seed3.pcf: ok (9 rows)
[645/1200] in_n50000_rho1.0_exact-ties_seed4.pcf: ok (9 rows)
[646/1200] in_n50000_rho1.0_independent-positive_seed0.pcf: ok (9 rows)
[647/1200] in_n50000_rho1.0_independent-positive_seed1.pcf: ok (9 rows)
[648/1200] in_n50000_rho1.0_independent-positive_seed2.pcf: ok (9 rows)
[649/1200] in_n50000_rho1.0_independent-positive_seed3.pcf: ok (9 rows)
[650/1200] in_n50000_rho1.0_independent-positive_seed4.pcf: ok (9 rows)
[651/1200] in_n50000_rho1.0_independent-signed_seed0.pcf: ok (9 rows)
[652/1200] in_n50000_rho1.0_independent-signed_seed1.pcf: ok (9 rows)
[653/1200] in_n50000_rho1.0_independent-signed_seed2.pcf: ok (9 rows)
[654/1200] in_n50000_rho1.0_independent-signed_seed3.pcf: ok (9 rows)
[655/1200] in_n50000_rho1.0_independent-signed_seed4.pcf: ok (9 rows)
[656/1200] in_n50000_rho1.0_near-ties_seed0.pcf: ok (9 rows)
[657/1200] in_n50000_rho1.0_near-ties_seed1.pcf: ok (9 rows)
[658/1200] in_n50000_rho1.0_near-ties_seed2.pcf: ok (9 rows)
[659/1200] in_n50000_rho1.0_near-ties_seed3.pcf: ok (9 rows)
[660/1200] in_n50000_rho1.0_near-ties_seed4.pcf: ok (9 rows)
[661/1200] in_n500_rho0.6_anti-correlated_seed0.pcf: ok (9 rows)
[662/1200] in_n500_rho0.6_anti-correlated_seed1.pcf: ok (9 rows)
[663/1200] in_n500_rho0.6_anti-correlated_seed2.pcf: ok (9 rows)
[664/1200] in_n500_rho0.6_anti-correlated_seed3.pcf: ok (9 rows)
[665/1200] in_n500_rho0.6_anti-correlated_seed4.pcf: ok (9 rows)
[666/1200] in_n500_rho0.6_correlated_seed0.pcf: ok (9 rows)
[667/1200] in_n500_rho0.6_correlated_seed1.pcf: ok (9 rows)
[668/1200] in_n500_rho0.6_correlated_seed2.pcf: ok (9 rows)
[669/1200] in_n500_rho0.6_correlated_seed3.pcf: ok (9 rows)
[670/1200] in_n500_rho0.6_correlated_seed4.pcf: ok (9 rows)
[671/1200] in_n500_rho0.6_exact-ties_seed0.pcf: ok (9 rows)
[672/1200] in_n500_rho0.6_exact-ties_seed1.pcf: ok (9 rows)
[673/1200] in_n500_rho0.6_exact-ties_seed2.pcf: ok (9 rows)
[674/1200] in_n500_rho0.6_exact-ties_seed3.pcf: ok (9 rows)
[675/1200] in_n500_rho0.6_exact-ties_seed4.pcf: ok (9 rows)
[676/1200] in_n500_rho0.6_independent-positive_seed0.pcf: ok (9 rows)
[677/1200] in_n500_rho0.6_independent-positive_seed1.pcf: ok (9 rows)
[678/1200] in_n500_rho0.6_independent-positive_seed2.pcf: ok (9 rows)
[679/1200] in_n500_rho0.6_independent-positive_seed3.pcf: ok (9 rows)
[680/1200] in_n500_rho0.6_independent-positive_seed4.pcf: ok (9 rows)
[681/1200] in_n500_rho0.6_independent-signed_seed0.pcf: ok (9 rows)
[682/1200] in_n500_rho0.6_independent-signed_seed1.pcf: ok (9 rows)
[683/1200] in_n500_rho0.6_independent-signed_seed2.pcf: ok (9 rows)
[684/1200] in_n500_rho0.6_independent-signed_seed3.pcf: ok (9 rows)
[685/1200] in_n500_rho0.6_independent-signed_seed4.pcf: ok (9 rows)
[686/1200] in_n500_rho0.6_near-ties_seed0.pcf: ok (9 rows)
[687/1200] in_n500_rho0.6_near-ties_seed1.pcf: ok (9 rows)
[688/1200] in_n500_rho0.6_near-ties_seed2.pcf: ok (9 rows)
[689/1200] in_n500_rho0.6_near-ties_seed3.pcf: ok (9 rows)
[690/1200] in_n500_rho0.6_near-ties_seed4.pcf: ok (9 rows)
[691/1200] in_n500_rho1.0_anti-correlated_seed0.pcf: ok (9 rows)
[692/1200] in_n500_rho1.0_anti-correlated_seed1.pcf: ok (9 rows)
[693/1200] in_n500_rho1.0_anti-correlated_seed2.pcf: ok (9 rows)
[694/1200] in_n500_rho1.0_anti-correlated_seed3.pcf: ok (9 rows)
[695/1200] in_n500_rho1.0_anti-correlated_seed4.pcf: ok (9 rows)
[696/1200] in_n500_rho1.0_correlated_seed0.pcf: ok (9 rows)
[697/1200] in_n500_rho1.0_correlated_seed1.pcf: ok (9 rows)
[698/1200] in_n500_rho1.0_correlated_seed2.pcf: ok (9 rows)
[699/1200] in_n500_rho1.0_correlated_seed3.pcf: ok (9 rows)
[700/1200] in_n500_rho1.0_correlated_seed4.pcf: ok (9 rows)
[701/1200] in_n500_rho1.0_exact-ties_seed0.pcf: ok (9 rows)
[702/1200] in_n500_rho1.0_exact-ties_seed1.pcf: ok (9 rows)
[703/1200] in_n500_rho1.0_exact-ties_seed2.pcf: ok (9 rows)
[704/1200] in_n500_rho1.0_exact-ties_seed3.pcf: ok (9 rows)
[705/1200] in_n500_rho1.0_exact-ties_seed4.pcf: ok (9 rows)
[706/1200] in_n500_rho1.0_independent-positive_seed0.pcf: ok (9 rows)
[707/1200] in_n500_rho1.0_independent-positive_seed1.pcf: ok (9 rows)
[708/1200] in_n500_rho1.0_independent-positive_seed2.pcf: ok (9 rows)
[709/1200] in_n500_rho1.0_independent-positive_seed3.pcf: ok (9 rows)
[710/1200] in_n500_rho1.0_independent-positive_seed4.pcf: ok (9 rows)
[711/1200] in_n500_rho1.0_independent-signed_seed0.pcf: ok (9 rows)
[712/1200] in_n500_rho1.0_independent-signed_seed1.pcf: ok (9 rows)
[713/1200] in_n500_rho1.0_independent-signed_seed2.pcf: ok (9 rows)
[714/1200] in_n500_rho1.0_independent-signed_seed3.pcf: ok (9 rows)
[715/1200] in_n500_rho1.0_independent-signed_seed4.pcf: ok (9 rows)
[716/1200] in_n500_rho1.0_near-ties_seed0.pcf: ok (9 rows)
[717/1200] in_n500_rho1.0_near-ties_seed1.pcf: ok (9 rows)
[718/1200] in_n500_rho1.0_near-ties_seed2.pcf: ok (9 rows)
[719/1200] in_n500_rho1.0_near-ties_seed3.pcf: ok (9 rows)
[720/1200] in_n500_rho1.0_near-ties_seed4.pcf: ok (9 rows)
[721/1200] in_n60000_rho0.6_anti-correlated_seed0.pcf: ok (9 rows)
[722/1200] in_n60000_rho0.6_anti-correlated_seed1.pcf: ok (9 rows)
[723/1200] in_n60000_rho0.6_anti-correlated_seed2.pcf: ok (9 rows)
[724/1200] in_n60000_rho0.6_anti-correlated_seed3.pcf: ok (9 rows)
[725/1200] in_n60000_rho0.6_anti-correlated_seed4.pcf: ok (9 rows)
[726/1200] in_n60000_rho0.6_correlated_seed0.pcf: ok (9 rows)
[727/1200] in_n60000_rho0.6_correlated_seed1.pcf: ok (9 rows)
[728/1200] in_n60000_rho0.6_correlated_seed2.pcf: ok (9 rows)
[729/1200] in_n60000_rho0.6_correlated_seed3.pcf: ok (9 rows)
[730/1200] in_n60000_rho0.6_correlated_seed4.pcf: ok (9 rows)
[731/1200] in_n60000_rho0.6_exact-ties_seed0.pcf: ok (9 rows)
[732/1200] in_n60000_rho0.6_exact-ties_seed1.pcf: ok (9 rows)
[733/1200] in_n60000_rho0.6_exact-ties_seed2.pcf: ok (9 rows)
[734/1200] in_n60000_rho0.6_exact-ties_seed3.pcf: ok (9 rows)
[735/1200] in_n60000_rho0.6_exact-ties_seed4.pcf: ok (9 rows)
[736/1200] in_n60000_rho0.6_independent-positive_seed0.pcf: ok (9 rows)
[737/1200] in_n60000_rho0.6_independent-positive_seed1.pcf: ok (9 rows)
[738/1200] in_n60000_rho0.6_independent-positive_seed2.pcf: ok (9 rows)
[739/1200] in_n60000_rho0.6_independent-positive_seed3.pcf: ok (9 rows)
[740/1200] in_n60000_rho0.6_independent-positive_seed4.pcf: ok (9 rows)
[741/1200] in_n60000_rho0.6_independent-signed_seed0.pcf: ok (9 rows)
[742/1200] in_n60000_rho0.6_independent-signed_seed1.pcf: ok (9 rows)
[743/1200] in_n60000_rho0.6_independent-signed_seed2.pcf: ok (9 rows)
[744/1200] in_n60000_rho0.6_independent-signed_seed3.pcf: ok (9 rows)
[745/1200] in_n60000_rho0.6_independent-signed_seed4.pcf: ok (9 rows)
[746/1200] in_n60000_rho0.6_near-ties_seed0.pcf: ok (9 rows)
[747/1200] in_n60000_rho0.6_near-ties_seed1.pcf: ok (9 rows)
[748/1200] in_n60000_rho0.6_near-ties_seed2.pcf: ok (9 rows)
[749/1200] in_n60000_rho0.6_near-ties_seed3.pcf: ok (9 rows)
[750/1200] in_n60000_rho0.6_near-ties_seed4.pcf: ok (9 rows)
[751/1200] in_n60000_rho1.0_anti-correlated_seed0.pcf: ok (9 rows)
[752/1200] in_n60000_rho1.0_anti-correlated_seed1.pcf: ok (9 rows)
[753/1200] in_n60000_rho1.0_anti-correlated_seed2.pcf: ok (9 rows)
[754/1200] in_n60000_rho1.0_anti-correlated_seed3.pcf: ok (9 rows)
[755/1200] in_n60000_rho1.0_anti-correlated_seed4.pcf: ok (9 rows)
[756/1200] in_n60000_rho1.0_correlated_seed0.pcf: ok (9 rows)
[757/1200] in_n60000_rho1.0_correlated_seed1.pcf: ok (9 rows)
[758/1200] in_n60000_rho1.0_correlated_seed2.pcf: ok (9 rows)
[759/1200] in_n60000_rho1.0_correlated_seed3.pcf: ok (9 rows)
[760/1200] in_n60000_rho1.0_correlated_seed4.pcf: ok (9 rows)
[761/1200] in_n60000_rho1.0_exact-ties_seed0.pcf: ok (9 rows)
[762/1200] in_n60000_rho1.0_exact-ties_seed1.pcf: ok (9 rows)
[763/1200] in_n60000_rho1.0_exact-ties_seed2.pcf: ok (9 rows)
[764/1200] in_n60000_rho1.0_exact-ties_seed3.pcf: ok (9 rows)
[765/1200] in_n60000_rho1.0_exact-ties_seed4.pcf: ok (9 rows)
[766/1200] in_n60000_rho1.0_independent-positive_seed0.pcf: ok (9 rows)
[767/1200] in_n60000_rho1.0_independent-positive_seed1.pcf: ok (9 rows)
[768/1200] in_n60000_rho1.0_independent-positive_seed2.pcf: ok (9 rows)
[769/1200] in_n60000_rho1.0_independent-positive_seed3.pcf: ok (9 rows)
[770/1200] in_n60000_rho1.0_independent-positive_seed4.pcf: ok (9 rows)
[771/1200] in_n60000_rho1.0_independent-signed_seed0.pcf: ok (9 rows)
[772/1200] in_n60000_rho1.0_independent-signed_seed1.pcf: ok (9 rows)
[773/1200] in_n60000_rho1.0_independent-signed_seed2.pcf: ok (9 rows)
[774/1200] in_n60000_rho1.0_independent-signed_seed3.pcf: ok (9 rows)
[775/1200] in_n60000_rho1.0_independent-signed_seed4.pcf: ok (9 rows)
[776/1200] in_n60000_rho1.0_near-ties_seed0.pcf: ok (9 rows)
[777/1200] in_n60000_rho1.0_near-ties_seed1.pcf: ok (9 rows)
[778/1200] in_n60000_rho1.0_near-ties_seed2.pcf: ok (9 rows)
[779/1200] in_n60000_rho1.0_near-ties_seed3.pcf: ok (9 rows)
[780/1200] in_n60000_rho1.0_near-ties_seed4.pcf: ok (9 rows)
[781/1200] in_n600_rho0.6_anti-correlated_seed0.pcf: ok (9 rows)
[782/1200] in_n600_rho0.6_anti-correlated_seed1.pcf: ok (9 rows)
[783/1200] in_n600_rho0.6_anti-correlated_seed2.pcf: ok (9 rows)
[784/1200] in_n600_rho0.6_anti-correlated_seed3.pcf: ok (9 rows)
[785/1200] in_n600_rho0.6_anti-correlated_seed4.pcf: ok (9 rows)
[786/1200] in_n600_rho0.6_correlated_seed0.pcf: ok (9 rows)
[787/1200] in_n600_rho0.6_correlated_seed1.pcf: ok (9 rows)
[788/1200] in_n600_rho0.6_correlated_seed2.pcf: ok (9 rows)
[789/1200] in_n600_rho0.6_correlated_seed3.pcf: ok (9 rows)
[790/1200] in_n600_rho0.6_correlated_seed4.pcf: ok (9 rows)
[791/1200] in_n600_rho0.6_exact-ties_seed0.pcf: ok (9 rows)
[792/1200] in_n600_rho0.6_exact-ties_seed1.pcf: ok (9 rows)
[793/1200] in_n600_rho0.6_exact-ties_seed2.pcf: ok (9 rows)
[794/1200] in_n600_rho0.6_exact-ties_seed3.pcf: ok (9 rows)
[795/1200] in_n600_rho0.6_exact-ties_seed4.pcf: ok (9 rows)
[796/1200] in_n600_rho0.6_independent-positive_seed0.pcf: ok (9 rows)
[797/1200] in_n600_rho0.6_independent-positive_seed1.pcf: ok (9 rows)
[798/1200] in_n600_rho0.6_independent-positive_seed2.pcf: ok (9 rows)
[799/1200] in_n600_rho0.6_independent-positive_seed3.pcf: ok (9 rows)
[800/1200] in_n600_rho0.6_independent-positive_seed4.pcf: ok (9 rows)
[801/1200] in_n600_rho0.6_independent-signed_seed0.pcf: ok (9 rows)
[802/1200] in_n600_rho0.6_independent-signed_seed1.pcf: ok (9 rows)
[803/1200] in_n600_rho0.6_independent-signed_seed2.pcf: ok (9 rows)
[804/1200] in_n600_rho0.6_independent-signed_seed3.pcf: ok (9 rows)
[805/1200] in_n600_rho0.6_independent-signed_seed4.pcf: ok (9 rows)
[806/1200] in_n600_rho0.6_near-ties_seed0.pcf: ok (9 rows)
[807/1200] in_n600_rho0.6_near-ties_seed1.pcf: ok (9 rows)
[808/1200] in_n600_rho0.6_near-ties_seed2.pcf: ok (9 rows)
[809/1200] in_n600_rho0.6_near-ties_seed3.pcf: ok (9 rows)
[810/1200] in_n600_rho0.6_near-ties_seed4.pcf: ok (9 rows)
[811/1200] in_n600_rho1.0_anti-correlated_seed0.pcf: ok (9 rows)
[812/1200] in_n600_rho1.0_anti-correlated_seed1.pcf: ok (9 rows)
[813/1200] in_n600_rho1.0_anti-correlated_seed2.pcf: ok (9 rows)
[814/1200] in_n600_rho1.0_anti-correlated_seed3.pcf: ok (9 rows)
[815/1200] in_n600_rho1.0_anti-correlated_seed4.pcf: ok (9 rows)
[816/1200] in_n600_rho1.0_correlated_seed0.pcf: ok (9 rows)
[817/1200] in_n600_rho1.0_correlated_seed1.pcf: ok (9 rows)
[818/1200] in_n600_rho1.0_correlated_seed2.pcf: ok (9 rows)
[819/1200] in_n600_rho1.0_correlated_seed3.pcf: ok (9 rows)
[820/1200] in_n600_rho1.0_correlated_seed4.pcf: ok (9 rows)
[821/1200] in_n600_rho1.0_exact-ties_seed0.pcf: ok (9 rows)
[822/1200] in_n600_rho1.0_exact-ties_seed1.pcf: ok (9 rows)
[823/1200] in_n600_rho1.0_exact-ties_seed2.pcf: ok (9 rows)
[824/1200] in_n600_rho1.0_exact-ties_seed3.pcf: ok (9 rows)
[825/1200] in_n600_rho1.0_exact-ties_seed4.pcf: ok (9 rows)
[826/1200] in_n600_rho1.0_independent-positive_seed0.pcf: ok (9 rows)
[827/1200] in_n600_rho1.0_independent-positive_seed1.pcf: ok (9 rows)
[828/1200] in_n600_rho1.0_independent-positive_seed2.pcf: ok (9 rows)
[829/1200] in_n600_rho1.0_independent-positive_seed3.pcf: ok (9 rows)
[830/1200] in_n600_rho1.0_independent-positive_seed4.pcf: ok (9 rows)
[831/1200] in_n600_rho1.0_independent-signed_seed0.pcf: ok (9 rows)
[832/1200] in_n600_rho1.0_independent-signed_seed1.pcf: ok (9 rows)
[833/1200] in_n600_rho1.0_independent-signed_seed2.pcf: ok (9 rows)
[834/1200] in_n600_rho1.0_independent-signed_seed3.pcf: ok (9 rows)
[835/1200] in_n600_rho1.0_independent-signed_seed4.pcf: ok (9 rows)
[836/1200] in_n600_rho1.0_near-ties_seed0.pcf: ok (9 rows)
[837/1200] in_n600_rho1.0_near-ties_seed1.pcf: ok (9 rows)
[838/1200] in_n600_rho1.0_near-ties_seed2.pcf: ok (9 rows)
[839/1200] in_n600_rho1.0_near-ties_seed3.pcf: ok (9 rows)
[840/1200] in_n600_rho1.0_near-ties_seed4.pcf: ok (9 rows)
[841/1200] in_n70000_rho0.6_anti-correlated_seed0.pcf: ok (9 rows)
[842/1200] in_n70000_rho0.6_anti-correlated_seed1.pcf: ok (9 rows)
[843/1200] in_n70000_rho0.6_anti-correlated_seed2.pcf: ok (9 rows)
[844/1200] in_n70000_rho0.6_anti-correlated_seed3.pcf: ok (9 rows)
[845/1200] in_n70000_rho0.6_anti-correlated_seed4.pcf: ok (9 rows)
[846/1200] in_n70000_rho0.6_correlated_seed0.pcf: ok (9 rows)
[847/1200] in_n70000_rho0.6_correlated_seed1.pcf: ok (9 rows)
[848/1200] in_n70000_rho0.6_correlated_seed2.pcf: ok (9 rows)
[849/1200] in_n70000_rho0.6_correlated_seed3.pcf: ok (9 rows)
[850/1200] in_n70000_rho0.6_correlated_seed4.pcf: ok (9 rows)
[851/1200] in_n70000_rho0.6_exact-ties_seed0.pcf: ok (9 rows)
[852/1200] in_n70000_rho0.6_exact-ties_seed1.pcf: ok (9 rows)
[853/1200] in_n70000_rho0.6_exact-ties_seed2.pcf: ok (9 rows)
[854/1200] in_n70000_rho0.6_exact-ties_seed3.pcf: ok (9 rows)
[855/1200] in_n70000_rho0.6_exact-ties_seed4.pcf: ok (9 rows)
[856/1200] in_n70000_rho0.6_independent-positive_seed0.pcf: ok (9 rows)
[857/1200] in_n70000_rho0.6_independent-positive_seed1.pcf: ok (9 rows)
[858/1200] in_n70000_rho0.6_independent-positive_seed2.pcf: ok (9 rows)
[859/1200] in_n70000_rho0.6_independent-positive_seed3.pcf: ok (9 rows)
[860/1200] in_n70000_rho0.6_independent-positive_seed4.pcf: ok (9 rows)
[861/1200] in_n70000_rho0.6_independent-signed_seed0.pcf: ok (9 rows)
[862/1200] in_n70000_rho0.6_independent-signed_seed1.pcf: ok (9 rows)
[863/1200] in_n70000_rho0.6_independent-signed_seed2.pcf: ok (9 rows)
[864/1200] in_n70000_rho0.6_independent-signed_seed3.pcf: ok (9 rows)
[865/1200] in_n70000_rho0.6_independent-signed_seed4.pcf: ok (9 rows)
[866/1200] in_n70000_rho0.6_near-ties_seed0.pcf: ok (9 rows)
[867/1200] in_n70000_rho0.6_near-ties_seed1.pcf: ok (9 rows)
[868/1200] in_n70000_rho0.6_near-ties_seed2.pcf: ok (9 rows)
[869/1200] in_n70000_rho0.6_near-ties_seed3.pcf: ok (9 rows)
[870/1200] in_n70000_rho0.6_near-ties_seed4.pcf: ok (9 rows)
[871/1200] in_n70000_rho1.0_anti-correlated_seed0.pcf: ok (9 rows)
[872/1200] in_n70000_rho1.0_anti-correlated_seed1.pcf: ok (9 rows)
[873/1200] in_n70000_rho1.0_anti-correlated_seed2.pcf: ok (9 rows)
[874/1200] in_n70000_rho1.0_anti-correlated_seed3.pcf: ok (9 rows)
[875/1200] in_n70000_rho1.0_anti-correlated_seed4.pcf: ok (9 rows)
[876/1200] in_n70000_rho1.0_correlated_seed0.pcf: ok (9 rows)
[877/1200] in_n70000_rho1.0_correlated_seed1.pcf: ok (9 rows)
[878/1200] in_n70000_rho1.0_correlated_seed2.pcf: ok (9 rows)
[879/1200] in_n70000_rho1.0_correlated_seed3.pcf: ok (9 rows)
[880/1200] in_n70000_rho1.0_correlated_seed4.pcf: ok (9 rows)
[881/1200] in_n70000_rho1.0_exact-ties_seed0.pcf: ok (9 rows)
[882/1200] in_n70000_rho1.0_exact-ties_seed1.pcf: ok (9 rows)
[883/1200] in_n70000_rho1.0_exact-ties_seed2.pcf: ok (9 rows)
[884/1200] in_n70000_rho1.0_exact-ties_seed3.pcf: ok (9 rows)
[885/1200] in_n70000_rho1.0_exact-ties_seed4.pcf: ok (9 rows)
[886/1200] in_n70000_rho1.0_independent-positive_seed0.pcf: ok (9 rows)
[887/1200] in_n70000_rho1.0_independent-positive_seed1.pcf: ok (9 rows)
[888/1200] in_n70000_rho1.0_independent-positive_seed2.pcf: ok (9 rows)
[889/1200] in_n70000_rho1.0_independent-positive_seed3.pcf: ok (9 rows)
[890/1200] in_n70000_rho1.0_independent-positive_seed4.pcf: ok (9 rows)
[891/1200] in_n70000_rho1.0_independent-signed_seed0.pcf: ok (9 rows)
[892/1200] in_n70000_rho1.0_independent-signed_seed1.pcf: ok (9 rows)
[893/1200] in_n70000_rho1.0_independent-signed_seed2.pcf: ok (9 rows)
[894/1200] in_n70000_rho1.0_independent-signed_seed3.pcf: ok (9 rows)
[895/1200] in_n70000_rho1.0_independent-signed_seed4.pcf: ok (9 rows)
[896/1200] in_n70000_rho1.0_near-ties_seed0.pcf: ok (9 rows)
[897/1200] in_n70000_rho1.0_near-ties_seed1.pcf: ok (9 rows)
[898/1200] in_n70000_rho1.0_near-ties_seed2.pcf: ok (9 rows)
[899/1200] in_n70000_rho1.0_near-ties_seed3.pcf: ok (9 rows)
[900/1200] in_n70000_rho1.0_near-ties_seed4.pcf: ok (9 rows)
[901/1200] in_n700_rho0.6_anti-correlated_seed0.pcf: ok (9 rows)
[902/1200] in_n700_rho0.6_anti-correlated_seed1.pcf: ok (9 rows)
[903/1200] in_n700_rho0.6_anti-correlated_seed2.pcf: ok (9 rows)
[904/1200] in_n700_rho0.6_anti-correlated_seed3.pcf: ok (9 rows)
[905/1200] in_n700_rho0.6_anti-correlated_seed4.pcf: ok (9 rows)
[906/1200] in_n700_rho0.6_correlated_seed0.pcf: ok (9 rows)
[907/1200] in_n700_rho0.6_correlated_seed1.pcf: ok (9 rows)
[908/1200] in_n700_rho0.6_correlated_seed2.pcf: ok (9 rows)
[909/1200] in_n700_rho0.6_correlated_seed3.pcf: ok (9 rows)
[910/1200] in_n700_rho0.6_correlated_seed4.pcf: ok (9 rows)
[911/1200] in_n700_rho0.6_exact-ties_seed0.pcf: ok (9 rows)
[912/1200] in_n700_rho0.6_exact-ties_seed1.pcf: ok (9 rows)
[913/1200] in_n700_rho0.6_exact-ties_seed2.pcf: ok (9 rows)
[914/1200] in_n700_rho0.6_exact-ties_seed3.pcf: ok (9 rows)
[915/1200] in_n700_rho0.6_exact-ties_seed4.pcf: ok (9 rows)
[916/1200] in_n700_rho0.6_independent-positive_seed0.pcf: ok (9 rows)
[917/1200] in_n700_rho0.6_independent-positive_seed1.pcf: ok (9 rows)
[918/1200] in_n700_rho0.6_independent-positive_seed2.pcf: ok (9 rows)
[919/1200] in_n700_rho0.6_independent-positive_seed3.pcf: ok (9 rows)
[920/1200] in_n700_rho0.6_independent-positive_seed4.pcf: ok (9 rows)
[921/1200] in_n700_rho0.6_independent-signed_seed0.pcf: ok (9 rows)
[922/1200] in_n700_rho0.6_independent-signed_seed1.pcf: ok (9 rows)
[923/1200] in_n700_rho0.6_independent-signed_seed2.pcf: ok (9 rows)
[924/1200] in_n700_rho0.6_independent-signed_seed3.pcf: ok (9 rows)
[925/1200] in_n700_rho0.6_independent-signed_seed4.pcf: ok (9 rows)
[926/1200] in_n700_rho0.6_near-ties_seed0.pcf: ok (9 rows)
[927/1200] in_n700_rho0.6_near-ties_seed1.pcf: ok (9 rows)
[928/1200] in_n700_rho0.6_near-ties_seed2.pcf: ok (9 rows)
[929/1200] in_n700_rho0.6_near-ties_seed3.pcf: ok (9 rows)
[930/1200] in_n700_rho0.6_near-ties_seed4.pcf: ok (9 rows)
[931/1200] in_n700_rho1.0_anti-correlated_seed0.pcf: ok (9 rows)
[932/1200] in_n700_rho1.0_anti-correlated_seed1.pcf: ok (9 rows)
[933/1200] in_n700_rho1.0_anti-correlated_seed2.pcf: ok (9 rows)
[934/1200] in_n700_rho1.0_anti-correlated_seed3.pcf: ok (9 rows)
[935/1200] in_n700_rho1.0_anti-correlated_seed4.pcf: ok (9 rows)
[936/1200] in_n700_rho1.0_correlated_seed0.pcf: ok (9 rows)
[937/1200] in_n700_rho1.0_correlated_seed1.pcf: ok (9 rows)
[938/1200] in_n700_rho1.0_correlated_seed2.pcf: ok (9 rows)
[939/1200] in_n700_rho1.0_correlated_seed3.pcf: ok (9 rows)
[940/1200] in_n700_rho1.0_correlated_seed4.pcf: ok (9 rows)
[941/1200] in_n700_rho1.0_exact-ties_seed0.pcf: ok (9 rows)
[942/1200] in_n700_rho1.0_exact-ties_seed1.pcf: ok (9 rows)
[943/1200] in_n700_rho1.0_exact-ties_seed2.pcf: ok (9 rows)
[944/1200] in_n700_rho1.0_exact-ties_seed3.pcf: ok (9 rows)
[945/1200] in_n700_rho1.0_exact-ties_seed4.pcf: ok (9 rows)
[946/1200] in_n700_rho1.0_independent-positive_seed0.pcf: ok (9 rows)
[947/1200] in_n700_rho1.0_independent-positive_seed1.pcf: ok (9 rows)
[948/1200] in_n700_rho1.0_independent-positive_seed2.pcf: ok (9 rows)
[949/1200] in_n700_rho1.0_independent-positive_seed3.pcf: ok (9 rows)
[950/1200] in_n700_rho1.0_independent-positive_seed4.pcf: ok (9 rows)
[951/1200] in_n700_rho1.0_independent-signed_seed0.pcf: ok (9 rows)
[952/1200] in_n700_rho1.0_independent-signed_seed1.pcf: ok (9 rows)
[953/1200] in_n700_rho1.0_independent-signed_seed2.pcf: ok (9 rows)
[954/1200] in_n700_rho1.0_independent-signed_seed3.pcf: ok (9 rows)
[955/1200] in_n700_rho1.0_independent-signed_seed4.pcf: ok (9 rows)
[956/1200] in_n700_rho1.0_near-ties_seed0.pcf: ok (9 rows)
[957/1200] in_n700_rho1.0_near-ties_seed1.pcf: ok (9 rows)
[958/1200] in_n700_rho1.0_near-ties_seed2.pcf: ok (9 rows)
[959/1200] in_n700_rho1.0_near-ties_seed3.pcf: ok (9 rows)
[960/1200] in_n700_rho1.0_near-ties_seed4.pcf: ok (9 rows)
[961/1200] in_n80000_rho0.6_anti-correlated_seed0.pcf: ok (9 rows)
[962/1200] in_n80000_rho0.6_anti-correlated_seed1.pcf: ok (9 rows)
[963/1200] in_n80000_rho0.6_anti-correlated_seed2.pcf: ok (9 rows)
[964/1200] in_n80000_rho0.6_anti-correlated_seed3.pcf: ok (9 rows)
[965/1200] in_n80000_rho0.6_anti-correlated_seed4.pcf: ok (9 rows)
[966/1200] in_n80000_rho0.6_correlated_seed0.pcf: ok (9 rows)
[967/1200] in_n80000_rho0.6_correlated_seed1.pcf: ok (9 rows)
[968/1200] in_n80000_rho0.6_correlated_seed2.pcf: ok (9 rows)
[969/1200] in_n80000_rho0.6_correlated_seed3.pcf: ok (9 rows)
[970/1200] in_n80000_rho0.6_correlated_seed4.pcf: ok (9 rows)
[971/1200] in_n80000_rho0.6_exact-ties_seed0.pcf: ok (9 rows)
[972/1200] in_n80000_rho0.6_exact-ties_seed1.pcf: ok (9 rows)
[973/1200] in_n80000_rho0.6_exact-ties_seed2.pcf: ok (9 rows)
[974/1200] in_n80000_rho0.6_exact-ties_seed3.pcf: ok (9 rows)
[975/1200] in_n80000_rho0.6_exact-ties_seed4.pcf: ok (9 rows)
[976/1200] in_n80000_rho0.6_independent-positive_seed0.pcf: ok (9 rows)
[977/1200] in_n80000_rho0.6_independent-positive_seed1.pcf: ok (9 rows)
[978/1200] in_n80000_rho0.6_independent-positive_seed2.pcf: ok (9 rows)
[979/1200] in_n80000_rho0.6_independent-positive_seed3.pcf: ok (9 rows)
[980/1200] in_n80000_rho0.6_independent-positive_seed4.pcf: ok (9 rows)
[981/1200] in_n80000_rho0.6_independent-signed_seed0.pcf: ok (9 rows)
[982/1200] in_n80000_rho0.6_independent-signed_seed1.pcf: ok (9 rows)
[983/1200] in_n80000_rho0.6_independent-signed_seed2.pcf: ok (9 rows)
[984/1200] in_n80000_rho0.6_independent-signed_seed3.pcf: ok (9 rows)
[985/1200] in_n80000_rho0.6_independent-signed_seed4.pcf: ok (9 rows)
[986/1200] in_n80000_rho0.6_near-ties_seed0.pcf: ok (9 rows)
[987/1200] in_n80000_rho0.6_near-ties_seed1.pcf: ok (9 rows)
[988/1200] in_n80000_rho0.6_near-ties_seed2.pcf: ok (9 rows)
[989/1200] in_n80000_rho0.6_near-ties_seed3.pcf: ok (9 rows)
[990/1200] in_n80000_rho0.6_near-ties_seed4.pcf: ok (9 rows)
[991/1200] in_n80000_rho1.0_anti-correlated_seed0.pcf: ok (9 rows)
[992/1200] in_n80000_rho1.0_anti-correlated_seed1.pcf: ok (9 rows)
[993/1200] in_n80000_rho1.0_anti-correlated_seed2.pcf: ok (9 rows)
[994/1200] in_n80000_rho1.0_anti-correlated_seed3.pcf: ok (9 rows)
[995/1200] in_n80000_rho1.0_anti-correlated_seed4.pcf: ok (9 rows)
[996/1200] in_n80000_rho1.0_correlated_seed0.pcf: ok (9 rows)
[997/1200] in_n80000_rho1.0_correlated_seed1.pcf: ok (9 rows)
[998/1200] in_n80000_rho1.0_correlated_seed2.pcf: ok (9 rows)
[999/1200] in_n80000_rho1.0_correlated_seed3.pcf: ok (9 rows)
[1000/1200] in_n80000_rho1.0_correlated_seed4.pcf: ok (9 rows)
[1001/1200] in_n80000_rho1.0_exact-ties_seed0.pcf: ok (9 rows)
[1002/1200] in_n80000_rho1.0_exact-ties_seed1.pcf: ok (9 rows)
[1003/1200] in_n80000_rho1.0_exact-ties_seed2.pcf: ok (9 rows)
[1004/1200] in_n80000_rho1.0_exact-ties_seed3.pcf: ok (9 rows)
[1005/1200] in_n80000_rho1.0_exact-ties_seed4.pcf: ok (9 rows)
[1006/1200] in_n80000_rho1.0_independent-positive_seed0.pcf: ok (9 rows)
[1007/1200] in_n80000_rho1.0_independent-positive_seed1.pcf: ok (9 rows)
[1008/1200] in_n80000_rho1.0_independent-positive_seed2.pcf: ok (9 rows)
[1009/1200] in_n80000_rho1.0_independent-positive_seed3.pcf: ok (9 rows)
[1010/1200] in_n80000_rho1.0_independent-positive_seed4.pcf: ok (9 rows)
[1011/1200] in_n80000_rho1.0_independent-signed_seed0.pcf: ok (9 rows)
[1012/1200] in_n80000_rho1.0_independent-signed_seed1.pcf: ok (9 rows)
[1013/1200] in_n80000_rho1.0_independent-signed_seed2.pcf: ok (9 rows)
[1014/1200] in_n80000_rho1.0_independent-signed_seed3.pcf: ok (9 rows)
[1015/1200] in_n80000_rho1.0_independent-signed_seed4.pcf: ok (9 rows)
[1016/1200] in_n80000_rho1.0_near-ties_seed0.pcf: ok (9 rows)
[1017/1200] in_n80000_rho1.0_near-ties_seed1.pcf: ok (9 rows)
[1018/1200] in_n80000_rho1.0_near-ties_seed2.pcf: ok (9 rows)
[1019/1200] in_n80000_rho1.0_near-ties_seed3.pcf: ok (9 rows)
[1020/1200] in_n80000_rho1.0_near-ties_seed4.pcf: ok (9 rows)
[1021/1200] in_n800_rho0.6_anti-correlated_seed0.pcf: ok (9 rows)
[1022/1200] in_n800_rho0.6_anti-correlated_seed1.pcf: ok (9 rows)
[1023/1200] in_n800_rho0.6_anti-correlated_seed2.pcf: ok (9 rows)
[1024/1200] in_n800_rho0.6_anti-correlated_seed3.pcf: ok (9 rows)
[1025/1200] in_n800_rho0.6_anti-correlated_seed4.pcf: ok (9 rows)
[1026/1200] in_n800_rho0.6_correlated_seed0.pcf: ok (9 rows)
[1027/1200] in_n800_rho0.6_correlated_seed1.pcf: ok (9 rows)
[1028/1200] in_n800_rho0.6_correlated_seed2.pcf: ok (9 rows)
[1029/1200] in_n800_rho0.6_correlated_seed3.pcf: ok (9 rows)
[1030/1200] in_n800_rho0.6_correlated_seed4.pcf: ok (9 rows)
[1031/1200] in_n800_rho0.6_exact-ties_seed0.pcf: ok (9 rows)
[1032/1200] in_n800_rho0.6_exact-ties_seed1.pcf: ok (9 rows)
[1033/1200] in_n800_rho0.6_exact-ties_seed2.pcf: ok (9 rows)
[1034/1200] in_n800_rho0.6_exact-ties_seed3.pcf: ok (9 rows)
[1035/1200] in_n800_rho0.6_exact-ties_seed4.pcf: ok (9 rows)
[1036/1200] in_n800_rho0.6_independent-positive_seed0.pcf: ok (9 rows)
[1037/1200] in_n800_rho0.6_independent-positive_seed1.pcf: ok (9 rows)
[1038/1200] in_n800_rho0.6_independent-positive_seed2.pcf: ok (9 rows)
[1039/1200] in_n800_rho0.6_independent-positive_seed3.pcf: ok (9 rows)
[1040/1200] in_n800_rho0.6_independent-positive_seed4.pcf: ok (9 rows)
[1041/1200] in_n800_rho0.6_independent-signed_seed0.pcf: ok (9 rows)
[1042/1200] in_n800_rho0.6_independent-signed_seed1.pcf: ok (9 rows)
[1043/1200] in_n800_rho0.6_independent-signed_seed2.pcf: ok (9 rows)
[1044/1200] in_n800_rho0.6_independent-signed_seed3.pcf: ok (9 rows)
[1045/1200] in_n800_rho0.6_independent-signed_seed4.pcf: ok (9 rows)
[1046/1200] in_n800_rho0.6_near-ties_seed0.pcf: ok (9 rows)
[1047/1200] in_n800_rho0.6_near-ties_seed1.pcf: ok (9 rows)
[1048/1200] in_n800_rho0.6_near-ties_seed2.pcf: ok (9 rows)
[1049/1200] in_n800_rho0.6_near-ties_seed3.pcf: ok (9 rows)
[1050/1200] in_n800_rho0.6_near-ties_seed4.pcf: ok (9 rows)
[1051/1200] in_n800_rho1.0_anti-correlated_seed0.pcf: ok (9 rows)
[1052/1200] in_n800_rho1.0_anti-correlated_seed1.pcf: ok (9 rows)
[1053/1200] in_n800_rho1.0_anti-correlated_seed2.pcf: ok (9 rows)
[1054/1200] in_n800_rho1.0_anti-correlated_seed3.pcf: ok (9 rows)
[1055/1200] in_n800_rho1.0_anti-correlated_seed4.pcf: ok (9 rows)
[1056/1200] in_n800_rho1.0_correlated_seed0.pcf: ok (9 rows)
[1057/1200] in_n800_rho1.0_correlated_seed1.pcf: ok (9 rows)
[1058/1200] in_n800_rho1.0_correlated_seed2.pcf: ok (9 rows)
[1059/1200] in_n800_rho1.0_correlated_seed3.pcf: ok (9 rows)
[1060/1200] in_n800_rho1.0_correlated_seed4.pcf: ok (9 rows)
[1061/1200] in_n800_rho1.0_exact-ties_seed0.pcf: ok (9 rows)
[1062/1200] in_n800_rho1.0_exact-ties_seed1.pcf: ok (9 rows)
[1063/1200] in_n800_rho1.0_exact-ties_seed2.pcf: ok (9 rows)
[1064/1200] in_n800_rho1.0_exact-ties_seed3.pcf: ok (9 rows)
[1065/1200] in_n800_rho1.0_exact-ties_seed4.pcf: ok (9 rows)
[1066/1200] in_n800_rho1.0_independent-positive_seed0.pcf: ok (9 rows)
[1067/1200] in_n800_rho1.0_independent-positive_seed1.pcf: ok (9 rows)
[1068/1200] in_n800_rho1.0_independent-positive_seed2.pcf: ok (9 rows)
[1069/1200] in_n800_rho1.0_independent-positive_seed3.pcf: ok (9 rows)
[1070/1200] in_n800_rho1.0_independent-positive_seed4.pcf: ok (9 rows)
[1071/1200] in_n800_rho1.0_independent-signed_seed0.pcf: ok (9 rows)
[1072/1200] in_n800_rho1.0_independent-signed_seed1.pcf: ok (9 rows)
[1073/1200] in_n800_rho1.0_independent-signed_seed2.pcf: ok (9 rows)
[1074/1200] in_n800_rho1.0_independent-signed_seed3.pcf: ok (9 rows)
[1075/1200] in_n800_rho1.0_independent-signed_seed4.pcf: ok (9 rows)
[1076/1200] in_n800_rho1.0_near-ties_seed0.pcf: ok (9 rows)
[1077/1200] in_n800_rho1.0_near-ties_seed1.pcf: ok (9 rows)
[1078/1200] in_n800_rho1.0_near-ties_seed2.pcf: ok (9 rows)
[1079/1200] in_n800_rho1.0_near-ties_seed3.pcf: ok (9 rows)
[1080/1200] in_n800_rho1.0_near-ties_seed4.pcf: ok (9 rows)
[1081/1200] in_n90000_rho0.6_anti-correlated_seed0.pcf: ok (9 rows)
[1082/1200] in_n90000_rho0.6_anti-correlated_seed1.pcf: ok (9 rows)
[1083/1200] in_n90000_rho0.6_anti-correlated_seed2.pcf: ok (9 rows)
[1084/1200] in_n90000_rho0.6_anti-correlated_seed3.pcf: ok (9 rows)
[1085/1200] in_n90000_rho0.6_anti-correlated_seed4.pcf: ok (9 rows)
[1086/1200] in_n90000_rho0.6_correlated_seed0.pcf: ok (9 rows)
[1087/1200] in_n90000_rho0.6_correlated_seed1.pcf: ok (9 rows)
[1088/1200] in_n90000_rho0.6_correlated_seed2.pcf: ok (9 rows)
[1089/1200] in_n90000_rho0.6_correlated_seed3.pcf: ok (9 rows)
[1090/1200] in_n90000_rho0.6_correlated_seed4.pcf: ok (9 rows)
[1091/1200] in_n90000_rho0.6_exact-ties_seed0.pcf: ok (9 rows)
[1092/1200] in_n90000_rho0.6_exact-ties_seed1.pcf: ok (9 rows)
[1093/1200] in_n90000_rho0.6_exact-ties_seed2.pcf: ok (9 rows)
[1094/1200] in_n90000_rho0.6_exact-ties_seed3.pcf: ok (9 rows)
[1095/1200] in_n90000_rho0.6_exact-ties_seed4.pcf: ok (9 rows)
[1096/1200] in_n90000_rho0.6_independent-positive_seed0.pcf: ok (9 rows)
[1097/1200] in_n90000_rho0.6_independent-positive_seed1.pcf: ok (9 rows)
[1098/1200] in_n90000_rho0.6_independent-positive_seed2.pcf: ok (9 rows)
[1099/1200] in_n90000_rho0.6_independent-positive_seed3.pcf: ok (9 rows)
[1100/1200] in_n90000_rho0.6_independent-positive_seed4.pcf: ok (9 rows)
[1101/1200] in_n90000_rho0.6_independent-signed_seed0.pcf: ok (9 rows)
[1102/1200] in_n90000_rho0.6_independent-signed_seed1.pcf: ok (9 rows)
[1103/1200] in_n90000_rho0.6_independent-signed_seed2.pcf: ok (9 rows)
[1104/1200] in_n90000_rho0.6_independent-signed_seed3.pcf: ok (9 rows)
[1105/1200] in_n90000_rho0.6_independent-signed_seed4.pcf: ok (9 rows)
[1106/1200] in_n90000_rho0.6_near-ties_seed0.pcf: ok (9 rows)
[1107/1200] in_n90000_rho0.6_near-ties_seed1.pcf: ok (9 rows)
[1108/1200] in_n90000_rho0.6_near-ties_seed2.pcf: ok (9 rows)
[1109/1200] in_n90000_rho0.6_near-ties_seed3.pcf: ok (9 rows)
[1110/1200] in_n90000_rho0.6_near-ties_seed4.pcf: ok (9 rows)
[1111/1200] in_n90000_rho1.0_anti-correlated_seed0.pcf: ok (9 rows)
[1112/1200] in_n90000_rho1.0_anti-correlated_seed1.pcf: ok (9 rows)
[1113/1200] in_n90000_rho1.0_anti-correlated_seed2.pcf: ok (9 rows)
[1114/1200] in_n90000_rho1.0_anti-correlated_seed3.pcf: ok (9 rows)
[1115/1200] in_n90000_rho1.0_anti-correlated_seed4.pcf: ok (9 rows)
[1116/1200] in_n90000_rho1.0_correlated_seed0.pcf: ok (9 rows)
[1117/1200] in_n90000_rho1.0_correlated_seed1.pcf: ok (9 rows)
[1118/1200] in_n90000_rho1.0_correlated_seed2.pcf: ok (9 rows)
[1119/1200] in_n90000_rho1.0_correlated_seed3.pcf: ok (9 rows)
[1120/1200] in_n90000_rho1.0_correlated_seed4.pcf: ok (9 rows)
[1121/1200] in_n90000_rho1.0_exact-ties_seed0.pcf: ok (9 rows)
[1122/1200] in_n90000_rho1.0_exact-ties_seed1.pcf: ok (9 rows)
[1123/1200] in_n90000_rho1.0_exact-ties_seed2.pcf: ok (9 rows)
[1124/1200] in_n90000_rho1.0_exact-ties_seed3.pcf: ok (9 rows)
[1125/1200] in_n90000_rho1.0_exact-ties_seed4.pcf: ok (9 rows)
[1126/1200] in_n90000_rho1.0_independent-positive_seed0.pcf: ok (9 rows)
[1127/1200] in_n90000_rho1.0_independent-positive_seed1.pcf: ok (9 rows)
[1128/1200] in_n90000_rho1.0_independent-positive_seed2.pcf: ok (9 rows)
[1129/1200] in_n90000_rho1.0_independent-positive_seed3.pcf: ok (9 rows)
[1130/1200] in_n90000_rho1.0_independent-positive_seed4.pcf: ok (9 rows)
[1131/1200] in_n90000_rho1.0_independent-signed_seed0.pcf: ok (9 rows)
[1132/1200] in_n90000_rho1.0_independent-signed_seed1.pcf: ok (9 rows)
[1133/1200] in_n90000_rho1.0_independent-signed_seed2.pcf: ok (9 rows)
[1134/1200] in_n90000_rho1.0_independent-signed_seed3.pcf: ok (9 rows)
[1135/1200] in_n90000_rho1.0_independent-signed_seed4.pcf: ok (9 rows)
[1136/1200] in_n90000_rho1.0_near-ties_seed0.pcf: ok (9 rows)
[1137/1200] in_n90000_rho1.0_near-ties_seed1.pcf: ok (9 rows)
[1138/1200] in_n90000_rho1.0_near-ties_seed2.pcf: ok (9 rows)
[1139/1200] in_n90000_rho1.0_near-ties_seed3.pcf: ok (9 rows)
[1140/1200] in_n90000_rho1.0_near-ties_seed4.pcf: ok (9 rows)
[1141/1200] in_n900_rho0.6_anti-correlated_seed0.pcf: ok (9 rows)
[1142/1200] in_n900_rho0.6_anti-correlated_seed1.pcf: ok (9 rows)
[1143/1200] in_n900_rho0.6_anti-correlated_seed2.pcf: ok (9 rows)
[1144/1200] in_n900_rho0.6_anti-correlated_seed3.pcf: ok (9 rows)
[1145/1200] in_n900_rho0.6_anti-correlated_seed4.pcf: ok (9 rows)
[1146/1200] in_n900_rho0.6_correlated_seed0.pcf: ok (9 rows)
[1147/1200] in_n900_rho0.6_correlated_seed1.pcf: ok (9 rows)
[1148/1200] in_n900_rho0.6_correlated_seed2.pcf: ok (9 rows)
[1149/1200] in_n900_rho0.6_correlated_seed3.pcf: ok (9 rows)
[1150/1200] in_n900_rho0.6_correlated_seed4.pcf: ok (9 rows)
[1151/1200] in_n900_rho0.6_exact-ties_seed0.pcf: ok (9 rows)
[1152/1200] in_n900_rho0.6_exact-ties_seed1.pcf: ok (9 rows)
[1153/1200] in_n900_rho0.6_exact-ties_seed2.pcf: ok (9 rows)
[1154/1200] in_n900_rho0.6_exact-ties_seed3.pcf: ok (9 rows)
[1155/1200] in_n900_rho0.6_exact-ties_seed4.pcf: ok (9 rows)
[1156/1200] in_n900_rho0.6_independent-positive_seed0.pcf: ok (9 rows)
[1157/1200] in_n900_rho0.6_independent-positive_seed1.pcf: ok (9 rows)
[1158/1200] in_n900_rho0.6_independent-positive_seed2.pcf: ok (9 rows)
[1159/1200] in_n900_rho0.6_independent-positive_seed3.pcf: ok (9 rows)
[1160/1200] in_n900_rho0.6_independent-positive_seed4.pcf: ok (9 rows)
[1161/1200] in_n900_rho0.6_independent-signed_seed0.pcf: ok (9 rows)
[1162/1200] in_n900_rho0.6_independent-signed_seed1.pcf: ok (9 rows)
[1163/1200] in_n900_rho0.6_independent-signed_seed2.pcf: ok (9 rows)
[1164/1200] in_n900_rho0.6_independent-signed_seed3.pcf: ok (9 rows)
[1165/1200] in_n900_rho0.6_independent-signed_seed4.pcf: ok (9 rows)
[1166/1200] in_n900_rho0.6_near-ties_seed0.pcf: ok (9 rows)
[1167/1200] in_n900_rho0.6_near-ties_seed1.pcf: ok (9 rows)
[1168/1200] in_n900_rho0.6_near-ties_seed2.pcf: ok (9 rows)
[1169/1200] in_n900_rho0.6_near-ties_seed3.pcf: ok (9 rows)
[1170/1200] in_n900_rho0.6_near-ties_seed4.pcf: ok (9 rows)
[1171/1200] in_n900_rho1.0_anti-correlated_seed0.pcf: ok (9 rows)
[1172/1200] in_n900_rho1.0_anti-correlated_seed1.pcf: ok (9 rows)
[1173/1200] in_n900_rho1.0_anti-correlated_seed2.pcf: ok (9 rows)
[1174/1200] in_n900_rho1.0_anti-correlated_seed3.pcf: ok (9 rows)
[1175/1200] in_n900_rho1.0_anti-correlated_seed4.pcf: ok (9 rows)
[1176/1200] in_n900_rho1.0_correlated_seed0.pcf: ok (9 rows)
[1177/1200] in_n900_rho1.0_correlated_seed1.pcf: ok (9 rows)
[1178/1200] in_n900_rho1.0_correlated_seed2.pcf: ok (9 rows)
[1179/1200] in_n900_rho1.0_correlated_seed3.pcf: ok (9 rows)
[1180/1200] in_n900_rho1.0_correlated_seed4.pcf: ok (9 rows)
[1181/1200] in_n900_rho1.0_exact-ties_seed0.pcf: ok (9 rows)
[1182/1200] in_n900_rho1.0_exact-ties_seed1.pcf: ok (9 rows)
[1183/1200] in_n900_rho1.0_exact-ties_seed2.pcf: ok (9 rows)
[1184/1200] in_n900_rho1.0_exact-ties_seed3.pcf: ok (9 rows)
[1185/1200] in_n900_rho1.0_exact-ties_seed4.pcf: ok (9 rows)
[1186/1200] in_n900_rho1.0_independent-positive_seed0.pcf: ok (9 rows)
[1187/1200] in_n900_rho1.0_independent-positive_seed1.pcf: ok (9 rows)
[1188/1200] in_n900_rho1.0_independent-positive_seed2.pcf: ok (9 rows)
[1189/1200] in_n900_rho1.0_independent-positive_seed3.pcf: ok (9 rows)
[1190/1200] in_n900_rho1.0_independent-positive_seed4.pcf: ok (9 rows)
[1191/1200] in_n900_rho1.0_independent-signed_seed0.pcf: ok (9 rows)
[1192/1200] in_n900_rho1.0_independent-signed_seed1.pcf: ok (9 rows)
[1193/1200] in_n900_rho1.0_independent-signed_seed2.pcf: ok (9 rows)
[1194/1200] in_n900_rho1.0_independent-signed_seed3.pcf: ok (9 rows)
[1195/1200] in_n900_rho1.0_independent-signed_seed4.pcf: ok (9 rows)
[1196/1200] in_n900_rho1.0_near-ties_seed0.pcf: ok (9 rows)
[1197/1200] in_n900_rho1.0_near-ties_seed1.pcf: ok (9 rows)
[1198/1200] in_n900_rho1.0_near-ties_seed2.pcf: ok (9 rows)
[1199/1200] in_n900_rho1.0_near-ties_seed3.pcf: ok (9 rows)
[1200/1200] in_n900_rho1.0_near-ties_seed4.pcf: ok (9 rows)
wrote results/raw/campaign_e_in_hfma-hima-rac.csv (10800 rows), results/raw/campaign_e_in_hfma-hima-rac.failures.csv (0 censored instances)
=== campaign_e_out :: hfma,homa,rac (3 reps) on instances/campaign_e_out -> results/raw/campaign_e_out_hfma-homa-rac.csv ===
[1/1200] out_n100000_rho0.6_anti-correlated_seed0.pcf: ok (9 rows)
[2/1200] out_n100000_rho0.6_anti-correlated_seed1.pcf: ok (9 rows)
[3/1200] out_n100000_rho0.6_anti-correlated_seed2.pcf: ok (9 rows)
[4/1200] out_n100000_rho0.6_anti-correlated_seed3.pcf: ok (9 rows)
[5/1200] out_n100000_rho0.6_anti-correlated_seed4.pcf: ok (9 rows)
[6/1200] out_n100000_rho0.6_correlated_seed0.pcf: ok (9 rows)
[7/1200] out_n100000_rho0.6_correlated_seed1.pcf: ok (9 rows)
[8/1200] out_n100000_rho0.6_correlated_seed2.pcf: ok (9 rows)
[9/1200] out_n100000_rho0.6_correlated_seed3.pcf: ok (9 rows)
[10/1200] out_n100000_rho0.6_correlated_seed4.pcf: ok (9 rows)
[11/1200] out_n100000_rho0.6_exact-ties_seed0.pcf: ok (9 rows)
[12/1200] out_n100000_rho0.6_exact-ties_seed1.pcf: ok (9 rows)
[13/1200] out_n100000_rho0.6_exact-ties_seed2.pcf: ok (9 rows)
[14/1200] out_n100000_rho0.6_exact-ties_seed3.pcf: ok (9 rows)
[15/1200] out_n100000_rho0.6_exact-ties_seed4.pcf: ok (9 rows)
[16/1200] out_n100000_rho0.6_independent-positive_seed0.pcf: ok (9 rows)
[17/1200] out_n100000_rho0.6_independent-positive_seed1.pcf: ok (9 rows)
[18/1200] out_n100000_rho0.6_independent-positive_seed2.pcf: ok (9 rows)
[19/1200] out_n100000_rho0.6_independent-positive_seed3.pcf: ok (9 rows)
[20/1200] out_n100000_rho0.6_independent-positive_seed4.pcf: ok (9 rows)
[21/1200] out_n100000_rho0.6_independent-signed_seed0.pcf: ok (9 rows)
[22/1200] out_n100000_rho0.6_independent-signed_seed1.pcf: ok (9 rows)
[23/1200] out_n100000_rho0.6_independent-signed_seed2.pcf: ok (9 rows)
[24/1200] out_n100000_rho0.6_independent-signed_seed3.pcf: ok (9 rows)
[25/1200] out_n100000_rho0.6_independent-signed_seed4.pcf: ok (9 rows)
[26/1200] out_n100000_rho0.6_near-ties_seed0.pcf: ok (9 rows)
[27/1200] out_n100000_rho0.6_near-ties_seed1.pcf: ok (9 rows)
[28/1200] out_n100000_rho0.6_near-ties_seed2.pcf: ok (9 rows)
[29/1200] out_n100000_rho0.6_near-ties_seed3.pcf: ok (9 rows)
[30/1200] out_n100000_rho0.6_near-ties_seed4.pcf: ok (9 rows)
[31/1200] out_n100000_rho1.0_anti-correlated_seed0.pcf: ok (9 rows)
[32/1200] out_n100000_rho1.0_anti-correlated_seed1.pcf: ok (9 rows)
[33/1200] out_n100000_rho1.0_anti-correlated_seed2.pcf: ok (9 rows)
[34/1200] out_n100000_rho1.0_anti-correlated_seed3.pcf: ok (9 rows)
[35/1200] out_n100000_rho1.0_anti-correlated_seed4.pcf: ok (9 rows)
[36/1200] out_n100000_rho1.0_correlated_seed0.pcf: ok (9 rows)
[37/1200] out_n100000_rho1.0_correlated_seed1.pcf: ok (9 rows)
[38/1200] out_n100000_rho1.0_correlated_seed2.pcf: ok (9 rows)
[39/1200] out_n100000_rho1.0_correlated_seed3.pcf: ok (9 rows)
[40/1200] out_n100000_rho1.0_correlated_seed4.pcf: ok (9 rows)
[41/1200] out_n100000_rho1.0_exact-ties_seed0.pcf: ok (9 rows)
[42/1200] out_n100000_rho1.0_exact-ties_seed1.pcf: ok (9 rows)
[43/1200] out_n100000_rho1.0_exact-ties_seed2.pcf: ok (9 rows)
[44/1200] out_n100000_rho1.0_exact-ties_seed3.pcf: ok (9 rows)
[45/1200] out_n100000_rho1.0_exact-ties_seed4.pcf: ok (9 rows)
[46/1200] out_n100000_rho1.0_independent-positive_seed0.pcf: ok (9 rows)
[47/1200] out_n100000_rho1.0_independent-positive_seed1.pcf: ok (9 rows)
[48/1200] out_n100000_rho1.0_independent-positive_seed2.pcf: ok (9 rows)
[49/1200] out_n100000_rho1.0_independent-positive_seed3.pcf: ok (9 rows)
[50/1200] out_n100000_rho1.0_independent-positive_seed4.pcf: ok (9 rows)
[51/1200] out_n100000_rho1.0_independent-signed_seed0.pcf: ok (9 rows)
[52/1200] out_n100000_rho1.0_independent-signed_seed1.pcf: ok (9 rows)
[53/1200] out_n100000_rho1.0_independent-signed_seed2.pcf: ok (9 rows)
[54/1200] out_n100000_rho1.0_independent-signed_seed3.pcf: ok (9 rows)
[55/1200] out_n100000_rho1.0_independent-signed_seed4.pcf: ok (9 rows)
[56/1200] out_n100000_rho1.0_near-ties_seed0.pcf: ok (9 rows)
[57/1200] out_n100000_rho1.0_near-ties_seed1.pcf: ok (9 rows)
[58/1200] out_n100000_rho1.0_near-ties_seed2.pcf: ok (9 rows)
[59/1200] out_n100000_rho1.0_near-ties_seed3.pcf: ok (9 rows)
[60/1200] out_n100000_rho1.0_near-ties_seed4.pcf: ok (9 rows)
[61/1200] out_n10000_rho0.6_anti-correlated_seed0.pcf: ok (9 rows)
[62/1200] out_n10000_rho0.6_anti-correlated_seed1.pcf: ok (9 rows)
[63/1200] out_n10000_rho0.6_anti-correlated_seed2.pcf: ok (9 rows)
[64/1200] out_n10000_rho0.6_anti-correlated_seed3.pcf: ok (9 rows)
[65/1200] out_n10000_rho0.6_anti-correlated_seed4.pcf: ok (9 rows)
[66/1200] out_n10000_rho0.6_correlated_seed0.pcf: ok (9 rows)
[67/1200] out_n10000_rho0.6_correlated_seed1.pcf: ok (9 rows)
[68/1200] out_n10000_rho0.6_correlated_seed2.pcf: ok (9 rows)
[69/1200] out_n10000_rho0.6_correlated_seed3.pcf: ok (9 rows)
[70/1200] out_n10000_rho0.6_correlated_seed4.pcf: ok (9 rows)
[71/1200] out_n10000_rho0.6_exact-ties_seed0.pcf: ok (9 rows)
[72/1200] out_n10000_rho0.6_exact-ties_seed1.pcf: ok (9 rows)
[73/1200] out_n10000_rho0.6_exact-ties_seed2.pcf: ok (9 rows)
[74/1200] out_n10000_rho0.6_exact-ties_seed3.pcf: ok (9 rows)
[75/1200] out_n10000_rho0.6_exact-ties_seed4.pcf: ok (9 rows)
[76/1200] out_n10000_rho0.6_independent-positive_seed0.pcf: ok (9 rows)
[77/1200] out_n10000_rho0.6_independent-positive_seed1.pcf: ok (9 rows)
[78/1200] out_n10000_rho0.6_independent-positive_seed2.pcf: ok (9 rows)
[79/1200] out_n10000_rho0.6_independent-positive_seed3.pcf: ok (9 rows)
[80/1200] out_n10000_rho0.6_independent-positive_seed4.pcf: ok (9 rows)
[81/1200] out_n10000_rho0.6_independent-signed_seed0.pcf: ok (9 rows)
[82/1200] out_n10000_rho0.6_independent-signed_seed1.pcf: ok (9 rows)
[83/1200] out_n10000_rho0.6_independent-signed_seed2.pcf: ok (9 rows)
[84/1200] out_n10000_rho0.6_independent-signed_seed3.pcf: ok (9 rows)
[85/1200] out_n10000_rho0.6_independent-signed_seed4.pcf: ok (9 rows)
[86/1200] out_n10000_rho0.6_near-ties_seed0.pcf: ok (9 rows)
[87/1200] out_n10000_rho0.6_near-ties_seed1.pcf: ok (9 rows)
[88/1200] out_n10000_rho0.6_near-ties_seed2.pcf: ok (9 rows)
[89/1200] out_n10000_rho0.6_near-ties_seed3.pcf: ok (9 rows)
[90/1200] out_n10000_rho0.6_near-ties_seed4.pcf: ok (9 rows)
[91/1200] out_n10000_rho1.0_anti-correlated_seed0.pcf: ok (9 rows)
[92/1200] out_n10000_rho1.0_anti-correlated_seed1.pcf: ok (9 rows)
[93/1200] out_n10000_rho1.0_anti-correlated_seed2.pcf: ok (9 rows)
[94/1200] out_n10000_rho1.0_anti-correlated_seed3.pcf: ok (9 rows)
[95/1200] out_n10000_rho1.0_anti-correlated_seed4.pcf: ok (9 rows)
[96/1200] out_n10000_rho1.0_correlated_seed0.pcf: ok (9 rows)
[97/1200] out_n10000_rho1.0_correlated_seed1.pcf: ok (9 rows)
[98/1200] out_n10000_rho1.0_correlated_seed2.pcf: ok (9 rows)
[99/1200] out_n10000_rho1.0_correlated_seed3.pcf: ok (9 rows)
[100/1200] out_n10000_rho1.0_correlated_seed4.pcf: ok (9 rows)
[101/1200] out_n10000_rho1.0_exact-ties_seed0.pcf: ok (9 rows)
[102/1200] out_n10000_rho1.0_exact-ties_seed1.pcf: ok (9 rows)
[103/1200] out_n10000_rho1.0_exact-ties_seed2.pcf: ok (9 rows)
[104/1200] out_n10000_rho1.0_exact-ties_seed3.pcf: ok (9 rows)
[105/1200] out_n10000_rho1.0_exact-ties_seed4.pcf: ok (9 rows)
[106/1200] out_n10000_rho1.0_independent-positive_seed0.pcf: ok (9 rows)
[107/1200] out_n10000_rho1.0_independent-positive_seed1.pcf: ok (9 rows)
[108/1200] out_n10000_rho1.0_independent-positive_seed2.pcf: ok (9 rows)
[109/1200] out_n10000_rho1.0_independent-positive_seed3.pcf: ok (9 rows)
[110/1200] out_n10000_rho1.0_independent-positive_seed4.pcf: ok (9 rows)
[111/1200] out_n10000_rho1.0_independent-signed_seed0.pcf: ok (9 rows)
[112/1200] out_n10000_rho1.0_independent-signed_seed1.pcf: ok (9 rows)
[113/1200] out_n10000_rho1.0_independent-signed_seed2.pcf: ok (9 rows)
[114/1200] out_n10000_rho1.0_independent-signed_seed3.pcf: ok (9 rows)
[115/1200] out_n10000_rho1.0_independent-signed_seed4.pcf: ok (9 rows)
[116/1200] out_n10000_rho1.0_near-ties_seed0.pcf: ok (9 rows)
[117/1200] out_n10000_rho1.0_near-ties_seed1.pcf: ok (9 rows)
[118/1200] out_n10000_rho1.0_near-ties_seed2.pcf: ok (9 rows)
[119/1200] out_n10000_rho1.0_near-ties_seed3.pcf: ok (9 rows)
[120/1200] out_n10000_rho1.0_near-ties_seed4.pcf: ok (9 rows)
[121/1200] out_n1000_rho0.6_anti-correlated_seed0.pcf: ok (9 rows)
[122/1200] out_n1000_rho0.6_anti-correlated_seed1.pcf: ok (9 rows)
[123/1200] out_n1000_rho0.6_anti-correlated_seed2.pcf: ok (9 rows)
[124/1200] out_n1000_rho0.6_anti-correlated_seed3.pcf: ok (9 rows)
[125/1200] out_n1000_rho0.6_anti-correlated_seed4.pcf: ok (9 rows)
[126/1200] out_n1000_rho0.6_correlated_seed0.pcf: ok (9 rows)
[127/1200] out_n1000_rho0.6_correlated_seed1.pcf: ok (9 rows)
[128/1200] out_n1000_rho0.6_correlated_seed2.pcf: ok (9 rows)
[129/1200] out_n1000_rho0.6_correlated_seed3.pcf: ok (9 rows)
[130/1200] out_n1000_rho0.6_correlated_seed4.pcf: ok (9 rows)
[131/1200] out_n1000_rho0.6_exact-ties_seed0.pcf: ok (9 rows)
[132/1200] out_n1000_rho0.6_exact-ties_seed1.pcf: ok (9 rows)
[133/1200] out_n1000_rho0.6_exact-ties_seed2.pcf: ok (9 rows)
[134/1200] out_n1000_rho0.6_exact-ties_seed3.pcf: ok (9 rows)
[135/1200] out_n1000_rho0.6_exact-ties_seed4.pcf: ok (9 rows)
[136/1200] out_n1000_rho0.6_independent-positive_seed0.pcf: ok (9 rows)
[137/1200] out_n1000_rho0.6_independent-positive_seed1.pcf: ok (9 rows)
[138/1200] out_n1000_rho0.6_independent-positive_seed2.pcf: ok (9 rows)
[139/1200] out_n1000_rho0.6_independent-positive_seed3.pcf: ok (9 rows)
[140/1200] out_n1000_rho0.6_independent-positive_seed4.pcf: ok (9 rows)
[141/1200] out_n1000_rho0.6_independent-signed_seed0.pcf: ok (9 rows)
[142/1200] out_n1000_rho0.6_independent-signed_seed1.pcf: ok (9 rows)
[143/1200] out_n1000_rho0.6_independent-signed_seed2.pcf: ok (9 rows)
[144/1200] out_n1000_rho0.6_independent-signed_seed3.pcf: ok (9 rows)
[145/1200] out_n1000_rho0.6_independent-signed_seed4.pcf: ok (9 rows)
[146/1200] out_n1000_rho0.6_near-ties_seed0.pcf: ok (9 rows)
[147/1200] out_n1000_rho0.6_near-ties_seed1.pcf: ok (9 rows)
[148/1200] out_n1000_rho0.6_near-ties_seed2.pcf: ok (9 rows)
[149/1200] out_n1000_rho0.6_near-ties_seed3.pcf: ok (9 rows)
[150/1200] out_n1000_rho0.6_near-ties_seed4.pcf: ok (9 rows)
[151/1200] out_n1000_rho1.0_anti-correlated_seed0.pcf: ok (9 rows)
[152/1200] out_n1000_rho1.0_anti-correlated_seed1.pcf: ok (9 rows)
[153/1200] out_n1000_rho1.0_anti-correlated_seed2.pcf: ok (9 rows)
[154/1200] out_n1000_rho1.0_anti-correlated_seed3.pcf: ok (9 rows)
[155/1200] out_n1000_rho1.0_anti-correlated_seed4.pcf: ok (9 rows)
[156/1200] out_n1000_rho1.0_correlated_seed0.pcf: ok (9 rows)
[157/1200] out_n1000_rho1.0_correlated_seed1.pcf: ok (9 rows)
[158/1200] out_n1000_rho1.0_correlated_seed2.pcf: ok (9 rows)
[159/1200] out_n1000_rho1.0_correlated_seed3.pcf: ok (9 rows)
[160/1200] out_n1000_rho1.0_correlated_seed4.pcf: ok (9 rows)
[161/1200] out_n1000_rho1.0_exact-ties_seed0.pcf: ok (9 rows)
[162/1200] out_n1000_rho1.0_exact-ties_seed1.pcf: ok (9 rows)
[163/1200] out_n1000_rho1.0_exact-ties_seed2.pcf: ok (9 rows)
[164/1200] out_n1000_rho1.0_exact-ties_seed3.pcf: ok (9 rows)
[165/1200] out_n1000_rho1.0_exact-ties_seed4.pcf: ok (9 rows)
[166/1200] out_n1000_rho1.0_independent-positive_seed0.pcf: ok (9 rows)
[167/1200] out_n1000_rho1.0_independent-positive_seed1.pcf: ok (9 rows)
[168/1200] out_n1000_rho1.0_independent-positive_seed2.pcf: ok (9 rows)
[169/1200] out_n1000_rho1.0_independent-positive_seed3.pcf: ok (9 rows)
[170/1200] out_n1000_rho1.0_independent-positive_seed4.pcf: ok (9 rows)
[171/1200] out_n1000_rho1.0_independent-signed_seed0.pcf: ok (9 rows)
[172/1200] out_n1000_rho1.0_independent-signed_seed1.pcf: ok (9 rows)
[173/1200] out_n1000_rho1.0_independent-signed_seed2.pcf: ok (9 rows)
[174/1200] out_n1000_rho1.0_independent-signed_seed3.pcf: ok (9 rows)
[175/1200] out_n1000_rho1.0_independent-signed_seed4.pcf: ok (9 rows)
[176/1200] out_n1000_rho1.0_near-ties_seed0.pcf: ok (9 rows)
[177/1200] out_n1000_rho1.0_near-ties_seed1.pcf: ok (9 rows)
[178/1200] out_n1000_rho1.0_near-ties_seed2.pcf: ok (9 rows)
[179/1200] out_n1000_rho1.0_near-ties_seed3.pcf: ok (9 rows)
[180/1200] out_n1000_rho1.0_near-ties_seed4.pcf: ok (9 rows)
[181/1200] out_n100_rho0.6_anti-correlated_seed0.pcf: ok (9 rows)
[182/1200] out_n100_rho0.6_anti-correlated_seed1.pcf: ok (9 rows)
[183/1200] out_n100_rho0.6_anti-correlated_seed2.pcf: ok (9 rows)
[184/1200] out_n100_rho0.6_anti-correlated_seed3.pcf: ok (9 rows)
[185/1200] out_n100_rho0.6_anti-correlated_seed4.pcf: ok (9 rows)
[186/1200] out_n100_rho0.6_correlated_seed0.pcf: ok (9 rows)
[187/1200] out_n100_rho0.6_correlated_seed1.pcf: ok (9 rows)
[188/1200] out_n100_rho0.6_correlated_seed2.pcf: ok (9 rows)
[189/1200] out_n100_rho0.6_correlated_seed3.pcf: ok (9 rows)
[190/1200] out_n100_rho0.6_correlated_seed4.pcf: ok (9 rows)
[191/1200] out_n100_rho0.6_exact-ties_seed0.pcf: ok (9 rows)
[192/1200] out_n100_rho0.6_exact-ties_seed1.pcf: ok (9 rows)
[193/1200] out_n100_rho0.6_exact-ties_seed2.pcf: ok (9 rows)
[194/1200] out_n100_rho0.6_exact-ties_seed3.pcf: ok (9 rows)
[195/1200] out_n100_rho0.6_exact-ties_seed4.pcf: ok (9 rows)
[196/1200] out_n100_rho0.6_independent-positive_seed0.pcf: ok (9 rows)
[197/1200] out_n100_rho0.6_independent-positive_seed1.pcf: ok (9 rows)
[198/1200] out_n100_rho0.6_independent-positive_seed2.pcf: ok (9 rows)
[199/1200] out_n100_rho0.6_independent-positive_seed3.pcf: ok (9 rows)
[200/1200] out_n100_rho0.6_independent-positive_seed4.pcf: ok (9 rows)
[201/1200] out_n100_rho0.6_independent-signed_seed0.pcf: ok (9 rows)
[202/1200] out_n100_rho0.6_independent-signed_seed1.pcf: ok (9 rows)
[203/1200] out_n100_rho0.6_independent-signed_seed2.pcf: ok (9 rows)
[204/1200] out_n100_rho0.6_independent-signed_seed3.pcf: ok (9 rows)
[205/1200] out_n100_rho0.6_independent-signed_seed4.pcf: ok (9 rows)
[206/1200] out_n100_rho0.6_near-ties_seed0.pcf: ok (9 rows)
[207/1200] out_n100_rho0.6_near-ties_seed1.pcf: ok (9 rows)
[208/1200] out_n100_rho0.6_near-ties_seed2.pcf: ok (9 rows)
[209/1200] out_n100_rho0.6_near-ties_seed3.pcf: ok (9 rows)
[210/1200] out_n100_rho0.6_near-ties_seed4.pcf: ok (9 rows)
[211/1200] out_n100_rho1.0_anti-correlated_seed0.pcf: ok (9 rows)
[212/1200] out_n100_rho1.0_anti-correlated_seed1.pcf: ok (9 rows)
[213/1200] out_n100_rho1.0_anti-correlated_seed2.pcf: ok (9 rows)
[214/1200] out_n100_rho1.0_anti-correlated_seed3.pcf: ok (9 rows)
[215/1200] out_n100_rho1.0_anti-correlated_seed4.pcf: ok (9 rows)
[216/1200] out_n100_rho1.0_correlated_seed0.pcf: ok (9 rows)
[217/1200] out_n100_rho1.0_correlated_seed1.pcf: ok (9 rows)
[218/1200] out_n100_rho1.0_correlated_seed2.pcf: ok (9 rows)
[219/1200] out_n100_rho1.0_correlated_seed3.pcf: ok (9 rows)
[220/1200] out_n100_rho1.0_correlated_seed4.pcf: ok (9 rows)
[221/1200] out_n100_rho1.0_exact-ties_seed0.pcf: ok (9 rows)
[222/1200] out_n100_rho1.0_exact-ties_seed1.pcf: ok (9 rows)
[223/1200] out_n100_rho1.0_exact-ties_seed2.pcf: ok (9 rows)
[224/1200] out_n100_rho1.0_exact-ties_seed3.pcf: ok (9 rows)
[225/1200] out_n100_rho1.0_exact-ties_seed4.pcf: ok (9 rows)
[226/1200] out_n100_rho1.0_independent-positive_seed0.pcf: ok (9 rows)
[227/1200] out_n100_rho1.0_independent-positive_seed1.pcf: ok (9 rows)
[228/1200] out_n100_rho1.0_independent-positive_seed2.pcf: ok (9 rows)
[229/1200] out_n100_rho1.0_independent-positive_seed3.pcf: ok (9 rows)
[230/1200] out_n100_rho1.0_independent-positive_seed4.pcf: ok (9 rows)
[231/1200] out_n100_rho1.0_independent-signed_seed0.pcf: ok (9 rows)
[232/1200] out_n100_rho1.0_independent-signed_seed1.pcf: ok (9 rows)
[233/1200] out_n100_rho1.0_independent-signed_seed2.pcf: ok (9 rows)
[234/1200] out_n100_rho1.0_independent-signed_seed3.pcf: ok (9 rows)
[235/1200] out_n100_rho1.0_independent-signed_seed4.pcf: ok (9 rows)
[236/1200] out_n100_rho1.0_near-ties_seed0.pcf: ok (9 rows)
[237/1200] out_n100_rho1.0_near-ties_seed1.pcf: ok (9 rows)
[238/1200] out_n100_rho1.0_near-ties_seed2.pcf: ok (9 rows)
[239/1200] out_n100_rho1.0_near-ties_seed3.pcf: ok (9 rows)
[240/1200] out_n100_rho1.0_near-ties_seed4.pcf: ok (9 rows)
[241/1200] out_n20000_rho0.6_anti-correlated_seed0.pcf: ok (9 rows)
[242/1200] out_n20000_rho0.6_anti-correlated_seed1.pcf: ok (9 rows)
[243/1200] out_n20000_rho0.6_anti-correlated_seed2.pcf: ok (9 rows)
[244/1200] out_n20000_rho0.6_anti-correlated_seed3.pcf: ok (9 rows)
[245/1200] out_n20000_rho0.6_anti-correlated_seed4.pcf: ok (9 rows)
[246/1200] out_n20000_rho0.6_correlated_seed0.pcf: ok (9 rows)
[247/1200] out_n20000_rho0.6_correlated_seed1.pcf: ok (9 rows)
[248/1200] out_n20000_rho0.6_correlated_seed2.pcf: ok (9 rows)
[249/1200] out_n20000_rho0.6_correlated_seed3.pcf: ok (9 rows)
[250/1200] out_n20000_rho0.6_correlated_seed4.pcf: ok (9 rows)
[251/1200] out_n20000_rho0.6_exact-ties_seed0.pcf: ok (9 rows)
[252/1200] out_n20000_rho0.6_exact-ties_seed1.pcf: ok (9 rows)
[253/1200] out_n20000_rho0.6_exact-ties_seed2.pcf: ok (9 rows)
[254/1200] out_n20000_rho0.6_exact-ties_seed3.pcf: ok (9 rows)
[255/1200] out_n20000_rho0.6_exact-ties_seed4.pcf: ok (9 rows)
[256/1200] out_n20000_rho0.6_independent-positive_seed0.pcf: ok (9 rows)
[257/1200] out_n20000_rho0.6_independent-positive_seed1.pcf: ok (9 rows)
[258/1200] out_n20000_rho0.6_independent-positive_seed2.pcf: ok (9 rows)
[259/1200] out_n20000_rho0.6_independent-positive_seed3.pcf: ok (9 rows)
[260/1200] out_n20000_rho0.6_independent-positive_seed4.pcf: ok (9 rows)
[261/1200] out_n20000_rho0.6_independent-signed_seed0.pcf: ok (9 rows)
[262/1200] out_n20000_rho0.6_independent-signed_seed1.pcf: ok (9 rows)
[263/1200] out_n20000_rho0.6_independent-signed_seed2.pcf: ok (9 rows)
[264/1200] out_n20000_rho0.6_independent-signed_seed3.pcf: ok (9 rows)
[265/1200] out_n20000_rho0.6_independent-signed_seed4.pcf: ok (9 rows)
[266/1200] out_n20000_rho0.6_near-ties_seed0.pcf: ok (9 rows)
[267/1200] out_n20000_rho0.6_near-ties_seed1.pcf: ok (9 rows)
[268/1200] out_n20000_rho0.6_near-ties_seed2.pcf: ok (9 rows)
[269/1200] out_n20000_rho0.6_near-ties_seed3.pcf: ok (9 rows)
[270/1200] out_n20000_rho0.6_near-ties_seed4.pcf: ok (9 rows)
[271/1200] out_n20000_rho1.0_anti-correlated_seed0.pcf: ok (9 rows)
[272/1200] out_n20000_rho1.0_anti-correlated_seed1.pcf: ok (9 rows)
[273/1200] out_n20000_rho1.0_anti-correlated_seed2.pcf: ok (9 rows)
[274/1200] out_n20000_rho1.0_anti-correlated_seed3.pcf: ok (9 rows)
[275/1200] out_n20000_rho1.0_anti-correlated_seed4.pcf: ok (9 rows)
[276/1200] out_n20000_rho1.0_correlated_seed0.pcf: ok (9 rows)
[277/1200] out_n20000_rho1.0_correlated_seed1.pcf: ok (9 rows)
[278/1200] out_n20000_rho1.0_correlated_seed2.pcf: ok (9 rows)
[279/1200] out_n20000_rho1.0_correlated_seed3.pcf: ok (9 rows)
[280/1200] out_n20000_rho1.0_correlated_seed4.pcf: ok (9 rows)
[281/1200] out_n20000_rho1.0_exact-ties_seed0.pcf: ok (9 rows)
[282/1200] out_n20000_rho1.0_exact-ties_seed1.pcf: ok (9 rows)
[283/1200] out_n20000_rho1.0_exact-ties_seed2.pcf: ok (9 rows)
[284/1200] out_n20000_rho1.0_exact-ties_seed3.pcf: ok (9 rows)
[285/1200] out_n20000_rho1.0_exact-ties_seed4.pcf: ok (9 rows)
[286/1200] out_n20000_rho1.0_independent-positive_seed0.pcf: ok (9 rows)
[287/1200] out_n20000_rho1.0_independent-positive_seed1.pcf: ok (9 rows)
[288/1200] out_n20000_rho1.0_independent-positive_seed2.pcf: ok (9 rows)
[289/1200] out_n20000_rho1.0_independent-positive_seed3.pcf: ok (9 rows)
[290/1200] out_n20000_rho1.0_independent-positive_seed4.pcf: ok (9 rows)
[291/1200] out_n20000_rho1.0_independent-signed_seed0.pcf: ok (9 rows)
[292/1200] out_n20000_rho1.0_independent-signed_seed1.pcf: ok (9 rows)
[293/1200] out_n20000_rho1.0_independent-signed_seed2.pcf: ok (9 rows)
[294/1200] out_n20000_rho1.0_independent-signed_seed3.pcf: ok (9 rows)
[295/1200] out_n20000_rho1.0_independent-signed_seed4.pcf: ok (9 rows)
[296/1200] out_n20000_rho1.0_near-ties_seed0.pcf: ok (9 rows)
[297/1200] out_n20000_rho1.0_near-ties_seed1.pcf: ok (9 rows)
[298/1200] out_n20000_rho1.0_near-ties_seed2.pcf: ok (9 rows)
[299/1200] out_n20000_rho1.0_near-ties_seed3.pcf: ok (9 rows)
[300/1200] out_n20000_rho1.0_near-ties_seed4.pcf: ok (9 rows)
[301/1200] out_n200_rho0.6_anti-correlated_seed0.pcf: ok (9 rows)
[302/1200] out_n200_rho0.6_anti-correlated_seed1.pcf: ok (9 rows)
[303/1200] out_n200_rho0.6_anti-correlated_seed2.pcf: ok (9 rows)
[304/1200] out_n200_rho0.6_anti-correlated_seed3.pcf: ok (9 rows)
[305/1200] out_n200_rho0.6_anti-correlated_seed4.pcf: ok (9 rows)
[306/1200] out_n200_rho0.6_correlated_seed0.pcf: ok (9 rows)
[307/1200] out_n200_rho0.6_correlated_seed1.pcf: ok (9 rows)
[308/1200] out_n200_rho0.6_correlated_seed2.pcf: ok (9 rows)
[309/1200] out_n200_rho0.6_correlated_seed3.pcf: ok (9 rows)
[310/1200] out_n200_rho0.6_correlated_seed4.pcf: ok (9 rows)
[311/1200] out_n200_rho0.6_exact-ties_seed0.pcf: ok (9 rows)
[312/1200] out_n200_rho0.6_exact-ties_seed1.pcf: ok (9 rows)
[313/1200] out_n200_rho0.6_exact-ties_seed2.pcf: ok (9 rows)
[314/1200] out_n200_rho0.6_exact-ties_seed3.pcf: ok (9 rows)
[315/1200] out_n200_rho0.6_exact-ties_seed4.pcf: ok (9 rows)
[316/1200] out_n200_rho0.6_independent-positive_seed0.pcf: ok (9 rows)
[317/1200] out_n200_rho0.6_independent-positive_seed1.pcf: ok (9 rows)
[318/1200] out_n200_rho0.6_independent-positive_seed2.pcf: ok (9 rows)
[319/1200] out_n200_rho0.6_independent-positive_seed3.pcf: ok (9 rows)
[320/1200] out_n200_rho0.6_independent-positive_seed4.pcf: ok (9 rows)
[321/1200] out_n200_rho0.6_independent-signed_seed0.pcf: ok (9 rows)
[322/1200] out_n200_rho0.6_independent-signed_seed1.pcf: ok (9 rows)
[323/1200] out_n200_rho0.6_independent-signed_seed2.pcf: ok (9 rows)
[324/1200] out_n200_rho0.6_independent-signed_seed3.pcf: ok (9 rows)
[325/1200] out_n200_rho0.6_independent-signed_seed4.pcf: ok (9 rows)
[326/1200] out_n200_rho0.6_near-ties_seed0.pcf: ok (9 rows)
[327/1200] out_n200_rho0.6_near-ties_seed1.pcf: ok (9 rows)
[328/1200] out_n200_rho0.6_near-ties_seed2.pcf: ok (9 rows)
[329/1200] out_n200_rho0.6_near-ties_seed3.pcf: ok (9 rows)
[330/1200] out_n200_rho0.6_near-ties_seed4.pcf: ok (9 rows)
[331/1200] out_n200_rho1.0_anti-correlated_seed0.pcf: ok (9 rows)
[332/1200] out_n200_rho1.0_anti-correlated_seed1.pcf: ok (9 rows)
[333/1200] out_n200_rho1.0_anti-correlated_seed2.pcf: ok (9 rows)
[334/1200] out_n200_rho1.0_anti-correlated_seed3.pcf: ok (9 rows)
[335/1200] out_n200_rho1.0_anti-correlated_seed4.pcf: ok (9 rows)
[336/1200] out_n200_rho1.0_correlated_seed0.pcf: ok (9 rows)
[337/1200] out_n200_rho1.0_correlated_seed1.pcf: ok (9 rows)
[338/1200] out_n200_rho1.0_correlated_seed2.pcf: ok (9 rows)
[339/1200] out_n200_rho1.0_correlated_seed3.pcf: ok (9 rows)
[340/1200] out_n200_rho1.0_correlated_seed4.pcf: ok (9 rows)
[341/1200] out_n200_rho1.0_exact-ties_seed0.pcf: ok (9 rows)
[342/1200] out_n200_rho1.0_exact-ties_seed1.pcf: ok (9 rows)
[343/1200] out_n200_rho1.0_exact-ties_seed2.pcf: ok (9 rows)
[344/1200] out_n200_rho1.0_exact-ties_seed3.pcf: ok (9 rows)
[345/1200] out_n200_rho1.0_exact-ties_seed4.pcf: ok (9 rows)
[346/1200] out_n200_rho1.0_independent-positive_seed0.pcf: ok (9 rows)
[347/1200] out_n200_rho1.0_independent-positive_seed1.pcf: ok (9 rows)
[348/1200] out_n200_rho1.0_independent-positive_seed2.pcf: ok (9 rows)
[349/1200] out_n200_rho1.0_independent-positive_seed3.pcf: ok (9 rows)
[350/1200] out_n200_rho1.0_independent-positive_seed4.pcf: ok (9 rows)
[351/1200] out_n200_rho1.0_independent-signed_seed0.pcf: ok (9 rows)
[352/1200] out_n200_rho1.0_independent-signed_seed1.pcf: ok (9 rows)
[353/1200] out_n200_rho1.0_independent-signed_seed2.pcf: ok (9 rows)
[354/1200] out_n200_rho1.0_independent-signed_seed3.pcf: ok (9 rows)
[355/1200] out_n200_rho1.0_independent-signed_seed4.pcf: ok (9 rows)
[356/1200] out_n200_rho1.0_near-ties_seed0.pcf: ok (9 rows)
[357/1200] out_n200_rho1.0_near-ties_seed1.pcf: ok (9 rows)
[358/1200] out_n200_rho1.0_near-ties_seed2.pcf: ok (9 rows)
[359/1200] out_n200_rho1.0_near-ties_seed3.pcf: ok (9 rows)
[360/1200] out_n200_rho1.0_near-ties_seed4.pcf: ok (9 rows)
[361/1200] out_n30000_rho0.6_anti-correlated_seed0.pcf: ok (9 rows)
[362/1200] out_n30000_rho0.6_anti-correlated_seed1.pcf: ok (9 rows)
[363/1200] out_n30000_rho0.6_anti-correlated_seed2.pcf: ok (9 rows)
[364/1200] out_n30000_rho0.6_anti-correlated_seed3.pcf: ok (9 rows)
[365/1200] out_n30000_rho0.6_anti-correlated_seed4.pcf: ok (9 rows)
[366/1200] out_n30000_rho0.6_correlated_seed0.pcf: ok (9 rows)
[367/1200] out_n30000_rho0.6_correlated_seed1.pcf: ok (9 rows)
[368/1200] out_n30000_rho0.6_correlated_seed2.pcf: ok (9 rows)
[369/1200] out_n30000_rho0.6_correlated_seed3.pcf: ok (9 rows)
[370/1200] out_n30000_rho0.6_correlated_seed4.pcf: ok (9 rows)
[371/1200] out_n30000_rho0.6_exact-ties_seed0.pcf: ok (9 rows)
[372/1200] out_n30000_rho0.6_exact-ties_seed1.pcf: ok (9 rows)
[373/1200] out_n30000_rho0.6_exact-ties_seed2.pcf: ok (9 rows)
[374/1200] out_n30000_rho0.6_exact-ties_seed3.pcf: ok (9 rows)
[375/1200] out_n30000_rho0.6_exact-ties_seed4.pcf: ok (9 rows)
[376/1200] out_n30000_rho0.6_independent-positive_seed0.pcf: ok (9 rows)
[377/1200] out_n30000_rho0.6_independent-positive_seed1.pcf: ok (9 rows)
[378/1200] out_n30000_rho0.6_independent-positive_seed2.pcf: ok (9 rows)
[379/1200] out_n30000_rho0.6_independent-positive_seed3.pcf: ok (9 rows)
[380/1200] out_n30000_rho0.6_independent-positive_seed4.pcf: ok (9 rows)
[381/1200] out_n30000_rho0.6_independent-signed_seed0.pcf: ok (9 rows)
[382/1200] out_n30000_rho0.6_independent-signed_seed1.pcf: ok (9 rows)
[383/1200] out_n30000_rho0.6_independent-signed_seed2.pcf: ok (9 rows)
[384/1200] out_n30000_rho0.6_independent-signed_seed3.pcf: ok (9 rows)
[385/1200] out_n30000_rho0.6_independent-signed_seed4.pcf: ok (9 rows)
[386/1200] out_n30000_rho0.6_near-ties_seed0.pcf: ok (9 rows)
[387/1200] out_n30000_rho0.6_near-ties_seed1.pcf: ok (9 rows)
[388/1200] out_n30000_rho0.6_near-ties_seed2.pcf: ok (9 rows)
[389/1200] out_n30000_rho0.6_near-ties_seed3.pcf: ok (9 rows)
[390/1200] out_n30000_rho0.6_near-ties_seed4.pcf: ok (9 rows)
[391/1200] out_n30000_rho1.0_anti-correlated_seed0.pcf: ok (9 rows)
[392/1200] out_n30000_rho1.0_anti-correlated_seed1.pcf: ok (9 rows)
[393/1200] out_n30000_rho1.0_anti-correlated_seed2.pcf: ok (9 rows)
[394/1200] out_n30000_rho1.0_anti-correlated_seed3.pcf: ok (9 rows)
[395/1200] out_n30000_rho1.0_anti-correlated_seed4.pcf: ok (9 rows)
[396/1200] out_n30000_rho1.0_correlated_seed0.pcf: ok (9 rows)
[397/1200] out_n30000_rho1.0_correlated_seed1.pcf: ok (9 rows)
[398/1200] out_n30000_rho1.0_correlated_seed2.pcf: ok (9 rows)
[399/1200] out_n30000_rho1.0_correlated_seed3.pcf: ok (9 rows)
[400/1200] out_n30000_rho1.0_correlated_seed4.pcf: ok (9 rows)
[401/1200] out_n30000_rho1.0_exact-ties_seed0.pcf: ok (9 rows)
[402/1200] out_n30000_rho1.0_exact-ties_seed1.pcf: ok (9 rows)
[403/1200] out_n30000_rho1.0_exact-ties_seed2.pcf: ok (9 rows)
[404/1200] out_n30000_rho1.0_exact-ties_seed3.pcf: ok (9 rows)
[405/1200] out_n30000_rho1.0_exact-ties_seed4.pcf: ok (9 rows)
[406/1200] out_n30000_rho1.0_independent-positive_seed0.pcf: ok (9 rows)
[407/1200] out_n30000_rho1.0_independent-positive_seed1.pcf: ok (9 rows)
[408/1200] out_n30000_rho1.0_independent-positive_seed2.pcf: ok (9 rows)
[409/1200] out_n30000_rho1.0_independent-positive_seed3.pcf: ok (9 rows)
[410/1200] out_n30000_rho1.0_independent-positive_seed4.pcf: ok (9 rows)
[411/1200] out_n30000_rho1.0_independent-signed_seed0.pcf: ok (9 rows)
[412/1200] out_n30000_rho1.0_independent-signed_seed1.pcf: ok (9 rows)
[413/1200] out_n30000_rho1.0_independent-signed_seed2.pcf: ok (9 rows)
[414/1200] out_n30000_rho1.0_independent-signed_seed3.pcf: ok (9 rows)
[415/1200] out_n30000_rho1.0_independent-signed_seed4.pcf: ok (9 rows)
[416/1200] out_n30000_rho1.0_near-ties_seed0.pcf: ok (9 rows)
[417/1200] out_n30000_rho1.0_near-ties_seed1.pcf: ok (9 rows)
[418/1200] out_n30000_rho1.0_near-ties_seed2.pcf: ok (9 rows)
[419/1200] out_n30000_rho1.0_near-ties_seed3.pcf: ok (9 rows)
[420/1200] out_n30000_rho1.0_near-ties_seed4.pcf: ok (9 rows)
[421/1200] out_n300_rho0.6_anti-correlated_seed0.pcf: ok (9 rows)
[422/1200] out_n300_rho0.6_anti-correlated_seed1.pcf: ok (9 rows)
[423/1200] out_n300_rho0.6_anti-correlated_seed2.pcf: ok (9 rows)
[424/1200] out_n300_rho0.6_anti-correlated_seed3.pcf: ok (9 rows)
[425/1200] out_n300_rho0.6_anti-correlated_seed4.pcf: ok (9 rows)
[426/1200] out_n300_rho0.6_correlated_seed0.pcf: ok (9 rows)
[427/1200] out_n300_rho0.6_correlated_seed1.pcf: ok (9 rows)
[428/1200] out_n300_rho0.6_correlated_seed2.pcf: ok (9 rows)
[429/1200] out_n300_rho0.6_correlated_seed3.pcf: ok (9 rows)
[430/1200] out_n300_rho0.6_correlated_seed4.pcf: ok (9 rows)
[431/1200] out_n300_rho0.6_exact-ties_seed0.pcf: ok (9 rows)
[432/1200] out_n300_rho0.6_exact-ties_seed1.pcf: ok (9 rows)
[433/1200] out_n300_rho0.6_exact-ties_seed2.pcf: ok (9 rows)
[434/1200] out_n300_rho0.6_exact-ties_seed3.pcf: ok (9 rows)
[435/1200] out_n300_rho0.6_exact-ties_seed4.pcf: ok (9 rows)
[436/1200] out_n300_rho0.6_independent-positive_seed0.pcf: ok (9 rows)
[437/1200] out_n300_rho0.6_independent-positive_seed1.pcf: ok (9 rows)
[438/1200] out_n300_rho0.6_independent-positive_seed2.pcf: ok (9 rows)
[439/1200] out_n300_rho0.6_independent-positive_seed3.pcf: ok (9 rows)
[440/1200] out_n300_rho0.6_independent-positive_seed4.pcf: ok (9 rows)
[441/1200] out_n300_rho0.6_independent-signed_seed0.pcf: ok (9 rows)
[442/1200] out_n300_rho0.6_independent-signed_seed1.pcf: ok (9 rows)
[443/1200] out_n300_rho0.6_independent-signed_seed2.pcf: ok (9 rows)
[444/1200] out_n300_rho0.6_independent-signed_seed3.pcf: ok (9 rows)
[445/1200] out_n300_rho0.6_independent-signed_seed4.pcf: ok (9 rows)
[446/1200] out_n300_rho0.6_near-ties_seed0.pcf: ok (9 rows)
[447/1200] out_n300_rho0.6_near-ties_seed1.pcf: ok (9 rows)
[448/1200] out_n300_rho0.6_near-ties_seed2.pcf: ok (9 rows)
[449/1200] out_n300_rho0.6_near-ties_seed3.pcf: ok (9 rows)
[450/1200] out_n300_rho0.6_near-ties_seed4.pcf: ok (9 rows)
[451/1200] out_n300_rho1.0_anti-correlated_seed0.pcf: ok (9 rows)
[452/1200] out_n300_rho1.0_anti-correlated_seed1.pcf: ok (9 rows)
[453/1200] out_n300_rho1.0_anti-correlated_seed2.pcf: ok (9 rows)
[454/1200] out_n300_rho1.0_anti-correlated_seed3.pcf: ok (9 rows)
[455/1200] out_n300_rho1.0_anti-correlated_seed4.pcf: ok (9 rows)
[456/1200] out_n300_rho1.0_correlated_seed0.pcf: ok (9 rows)
[457/1200] out_n300_rho1.0_correlated_seed1.pcf: ok (9 rows)
[458/1200] out_n300_rho1.0_correlated_seed2.pcf: ok (9 rows)
[459/1200] out_n300_rho1.0_correlated_seed3.pcf: ok (9 rows)
[460/1200] out_n300_rho1.0_correlated_seed4.pcf: ok (9 rows)
[461/1200] out_n300_rho1.0_exact-ties_seed0.pcf: ok (9 rows)
[462/1200] out_n300_rho1.0_exact-ties_seed1.pcf: ok (9 rows)
[463/1200] out_n300_rho1.0_exact-ties_seed2.pcf: ok (9 rows)
[464/1200] out_n300_rho1.0_exact-ties_seed3.pcf: ok (9 rows)
[465/1200] out_n300_rho1.0_exact-ties_seed4.pcf: ok (9 rows)
[466/1200] out_n300_rho1.0_independent-positive_seed0.pcf: ok (9 rows)
[467/1200] out_n300_rho1.0_independent-positive_seed1.pcf: ok (9 rows)
[468/1200] out_n300_rho1.0_independent-positive_seed2.pcf: ok (9 rows)
[469/1200] out_n300_rho1.0_independent-positive_seed3.pcf: ok (9 rows)
[470/1200] out_n300_rho1.0_independent-positive_seed4.pcf: ok (9 rows)
[471/1200] out_n300_rho1.0_independent-signed_seed0.pcf: ok (9 rows)
[472/1200] out_n300_rho1.0_independent-signed_seed1.pcf: ok (9 rows)
[473/1200] out_n300_rho1.0_independent-signed_seed2.pcf: ok (9 rows)
[474/1200] out_n300_rho1.0_independent-signed_seed3.pcf: ok (9 rows)
[475/1200] out_n300_rho1.0_independent-signed_seed4.pcf: ok (9 rows)
[476/1200] out_n300_rho1.0_near-ties_seed0.pcf: ok (9 rows)
[477/1200] out_n300_rho1.0_near-ties_seed1.pcf: ok (9 rows)
[478/1200] out_n300_rho1.0_near-ties_seed2.pcf: ok (9 rows)
[479/1200] out_n300_rho1.0_near-ties_seed3.pcf: ok (9 rows)
[480/1200] out_n300_rho1.0_near-ties_seed4.pcf: ok (9 rows)
[481/1200] out_n40000_rho0.6_anti-correlated_seed0.pcf: ok (9 rows)
[482/1200] out_n40000_rho0.6_anti-correlated_seed1.pcf: ok (9 rows)
[483/1200] out_n40000_rho0.6_anti-correlated_seed2.pcf: ok (9 rows)
[484/1200] out_n40000_rho0.6_anti-correlated_seed3.pcf: ok (9 rows)
[485/1200] out_n40000_rho0.6_anti-correlated_seed4.pcf: ok (9 rows)
[486/1200] out_n40000_rho0.6_correlated_seed0.pcf: ok (9 rows)
[487/1200] out_n40000_rho0.6_correlated_seed1.pcf: ok (9 rows)
[488/1200] out_n40000_rho0.6_correlated_seed2.pcf: ok (9 rows)
[489/1200] out_n40000_rho0.6_correlated_seed3.pcf: ok (9 rows)
[490/1200] out_n40000_rho0.6_correlated_seed4.pcf: ok (9 rows)
[491/1200] out_n40000_rho0.6_exact-ties_seed0.pcf: ok (9 rows)
[492/1200] out_n40000_rho0.6_exact-ties_seed1.pcf: ok (9 rows)
[493/1200] out_n40000_rho0.6_exact-ties_seed2.pcf: ok (9 rows)
[494/1200] out_n40000_rho0.6_exact-ties_seed3.pcf: ok (9 rows)
[495/1200] out_n40000_rho0.6_exact-ties_seed4.pcf: ok (9 rows)
[496/1200] out_n40000_rho0.6_independent-positive_seed0.pcf: ok (9 rows)
[497/1200] out_n40000_rho0.6_independent-positive_seed1.pcf: ok (9 rows)
[498/1200] out_n40000_rho0.6_independent-positive_seed2.pcf: ok (9 rows)
[499/1200] out_n40000_rho0.6_independent-positive_seed3.pcf: ok (9 rows)
[500/1200] out_n40000_rho0.6_independent-positive_seed4.pcf: ok (9 rows)
[501/1200] out_n40000_rho0.6_independent-signed_seed0.pcf: ok (9 rows)
[502/1200] out_n40000_rho0.6_independent-signed_seed1.pcf: ok (9 rows)
[503/1200] out_n40000_rho0.6_independent-signed_seed2.pcf: ok (9 rows)
[504/1200] out_n40000_rho0.6_independent-signed_seed3.pcf: ok (9 rows)
[505/1200] out_n40000_rho0.6_independent-signed_seed4.pcf: ok (9 rows)
[506/1200] out_n40000_rho0.6_near-ties_seed0.pcf: ok (9 rows)
[507/1200] out_n40000_rho0.6_near-ties_seed1.pcf: ok (9 rows)
[508/1200] out_n40000_rho0.6_near-ties_seed2.pcf: ok (9 rows)
[509/1200] out_n40000_rho0.6_near-ties_seed3.pcf: ok (9 rows)
[510/1200] out_n40000_rho0.6_near-ties_seed4.pcf: ok (9 rows)
[511/1200] out_n40000_rho1.0_anti-correlated_seed0.pcf: ok (9 rows)
[512/1200] out_n40000_rho1.0_anti-correlated_seed1.pcf: ok (9 rows)
[513/1200] out_n40000_rho1.0_anti-correlated_seed2.pcf: ok (9 rows)
[514/1200] out_n40000_rho1.0_anti-correlated_seed3.pcf: ok (9 rows)
[515/1200] out_n40000_rho1.0_anti-correlated_seed4.pcf: ok (9 rows)
[516/1200] out_n40000_rho1.0_correlated_seed0.pcf: ok (9 rows)
[517/1200] out_n40000_rho1.0_correlated_seed1.pcf: ok (9 rows)
[518/1200] out_n40000_rho1.0_correlated_seed2.pcf: ok (9 rows)
[519/1200] out_n40000_rho1.0_correlated_seed3.pcf: ok (9 rows)
[520/1200] out_n40000_rho1.0_correlated_seed4.pcf: ok (9 rows)
[521/1200] out_n40000_rho1.0_exact-ties_seed0.pcf: ok (9 rows)
[522/1200] out_n40000_rho1.0_exact-ties_seed1.pcf: ok (9 rows)
[523/1200] out_n40000_rho1.0_exact-ties_seed2.pcf: ok (9 rows)
[524/1200] out_n40000_rho1.0_exact-ties_seed3.pcf: ok (9 rows)
[525/1200] out_n40000_rho1.0_exact-ties_seed4.pcf: ok (9 rows)
[526/1200] out_n40000_rho1.0_independent-positive_seed0.pcf: ok (9 rows)
[527/1200] out_n40000_rho1.0_independent-positive_seed1.pcf: ok (9 rows)
[528/1200] out_n40000_rho1.0_independent-positive_seed2.pcf: ok (9 rows)
[529/1200] out_n40000_rho1.0_independent-positive_seed3.pcf: ok (9 rows)
[530/1200] out_n40000_rho1.0_independent-positive_seed4.pcf: ok (9 rows)
[531/1200] out_n40000_rho1.0_independent-signed_seed0.pcf: ok (9 rows)
[532/1200] out_n40000_rho1.0_independent-signed_seed1.pcf: ok (9 rows)
[533/1200] out_n40000_rho1.0_independent-signed_seed2.pcf: ok (9 rows)
[534/1200] out_n40000_rho1.0_independent-signed_seed3.pcf: ok (9 rows)
[535/1200] out_n40000_rho1.0_independent-signed_seed4.pcf: ok (9 rows)
[536/1200] out_n40000_rho1.0_near-ties_seed0.pcf: ok (9 rows)
[537/1200] out_n40000_rho1.0_near-ties_seed1.pcf: ok (9 rows)
[538/1200] out_n40000_rho1.0_near-ties_seed2.pcf: ok (9 rows)
[539/1200] out_n40000_rho1.0_near-ties_seed3.pcf: ok (9 rows)
[540/1200] out_n40000_rho1.0_near-ties_seed4.pcf: ok (9 rows)
[541/1200] out_n400_rho0.6_anti-correlated_seed0.pcf: ok (9 rows)
[542/1200] out_n400_rho0.6_anti-correlated_seed1.pcf: ok (9 rows)
[543/1200] out_n400_rho0.6_anti-correlated_seed2.pcf: ok (9 rows)
[544/1200] out_n400_rho0.6_anti-correlated_seed3.pcf: ok (9 rows)
[545/1200] out_n400_rho0.6_anti-correlated_seed4.pcf: ok (9 rows)
[546/1200] out_n400_rho0.6_correlated_seed0.pcf: ok (9 rows)
[547/1200] out_n400_rho0.6_correlated_seed1.pcf: ok (9 rows)
[548/1200] out_n400_rho0.6_correlated_seed2.pcf: ok (9 rows)
[549/1200] out_n400_rho0.6_correlated_seed3.pcf: ok (9 rows)
[550/1200] out_n400_rho0.6_correlated_seed4.pcf: ok (9 rows)
[551/1200] out_n400_rho0.6_exact-ties_seed0.pcf: ok (9 rows)
[552/1200] out_n400_rho0.6_exact-ties_seed1.pcf: ok (9 rows)
[553/1200] out_n400_rho0.6_exact-ties_seed2.pcf: ok (9 rows)
[554/1200] out_n400_rho0.6_exact-ties_seed3.pcf: ok (9 rows)
[555/1200] out_n400_rho0.6_exact-ties_seed4.pcf: ok (9 rows)
[556/1200] out_n400_rho0.6_independent-positive_seed0.pcf: ok (9 rows)
[557/1200] out_n400_rho0.6_independent-positive_seed1.pcf: ok (9 rows)
[558/1200] out_n400_rho0.6_independent-positive_seed2.pcf: ok (9 rows)
[559/1200] out_n400_rho0.6_independent-positive_seed3.pcf: ok (9 rows)
[560/1200] out_n400_rho0.6_independent-positive_seed4.pcf: ok (9 rows)
[561/1200] out_n400_rho0.6_independent-signed_seed0.pcf: ok (9 rows)
[562/1200] out_n400_rho0.6_independent-signed_seed1.pcf: ok (9 rows)
[563/1200] out_n400_rho0.6_independent-signed_seed2.pcf: ok (9 rows)
[564/1200] out_n400_rho0.6_independent-signed_seed3.pcf: ok (9 rows)
[565/1200] out_n400_rho0.6_independent-signed_seed4.pcf: ok (9 rows)
[566/1200] out_n400_rho0.6_near-ties_seed0.pcf: ok (9 rows)
[567/1200] out_n400_rho0.6_near-ties_seed1.pcf: ok (9 rows)
[568/1200] out_n400_rho0.6_near-ties_seed2.pcf: ok (9 rows)
[569/1200] out_n400_rho0.6_near-ties_seed3.pcf: ok (9 rows)
[570/1200] out_n400_rho0.6_near-ties_seed4.pcf: ok (9 rows)
[571/1200] out_n400_rho1.0_anti-correlated_seed0.pcf: ok (9 rows)
[572/1200] out_n400_rho1.0_anti-correlated_seed1.pcf: ok (9 rows)
[573/1200] out_n400_rho1.0_anti-correlated_seed2.pcf: ok (9 rows)
[574/1200] out_n400_rho1.0_anti-correlated_seed3.pcf: ok (9 rows)
[575/1200] out_n400_rho1.0_anti-correlated_seed4.pcf: ok (9 rows)
[576/1200] out_n400_rho1.0_correlated_seed0.pcf: ok (9 rows)
[577/1200] out_n400_rho1.0_correlated_seed1.pcf: ok (9 rows)
[578/1200] out_n400_rho1.0_correlated_seed2.pcf: ok (9 rows)
[579/1200] out_n400_rho1.0_correlated_seed3.pcf: ok (9 rows)
[580/1200] out_n400_rho1.0_correlated_seed4.pcf: ok (9 rows)
[581/1200] out_n400_rho1.0_exact-ties_seed0.pcf: ok (9 rows)
[582/1200] out_n400_rho1.0_exact-ties_seed1.pcf: ok (9 rows)
[583/1200] out_n400_rho1.0_exact-ties_seed2.pcf: ok (9 rows)
[584/1200] out_n400_rho1.0_exact-ties_seed3.pcf: ok (9 rows)
[585/1200] out_n400_rho1.0_exact-ties_seed4.pcf: ok (9 rows)
[586/1200] out_n400_rho1.0_independent-positive_seed0.pcf: ok (9 rows)
[587/1200] out_n400_rho1.0_independent-positive_seed1.pcf: ok (9 rows)
[588/1200] out_n400_rho1.0_independent-positive_seed2.pcf: ok (9 rows)
[589/1200] out_n400_rho1.0_independent-positive_seed3.pcf: ok (9 rows)
[590/1200] out_n400_rho1.0_independent-positive_seed4.pcf: ok (9 rows)
[591/1200] out_n400_rho1.0_independent-signed_seed0.pcf: ok (9 rows)
[592/1200] out_n400_rho1.0_independent-signed_seed1.pcf: ok (9 rows)
[593/1200] out_n400_rho1.0_independent-signed_seed2.pcf: ok (9 rows)
[594/1200] out_n400_rho1.0_independent-signed_seed3.pcf: ok (9 rows)
[595/1200] out_n400_rho1.0_independent-signed_seed4.pcf: ok (9 rows)
[596/1200] out_n400_rho1.0_near-ties_seed0.pcf: ok (9 rows)
[597/1200] out_n400_rho1.0_near-ties_seed1.pcf: ok (9 rows)
[598/1200] out_n400_rho1.0_near-ties_seed2.pcf: ok (9 rows)
[599/1200] out_n400_rho1.0_near-ties_seed3.pcf: ok (9 rows)
[600/1200] out_n400_rho1.0_near-ties_seed4.pcf: ok (9 rows)
[601/1200] out_n50000_rho0.6_anti-correlated_seed0.pcf: ok (9 rows)
[602/1200] out_n50000_rho0.6_anti-correlated_seed1.pcf: ok (9 rows)
[603/1200] out_n50000_rho0.6_anti-correlated_seed2.pcf: ok (9 rows)
[604/1200] out_n50000_rho0.6_anti-correlated_seed3.pcf: ok (9 rows)
[605/1200] out_n50000_rho0.6_anti-correlated_seed4.pcf: ok (9 rows)
[606/1200] out_n50000_rho0.6_correlated_seed0.pcf: ok (9 rows)
[607/1200] out_n50000_rho0.6_correlated_seed1.pcf: ok (9 rows)
[608/1200] out_n50000_rho0.6_correlated_seed2.pcf: ok (9 rows)
[609/1200] out_n50000_rho0.6_correlated_seed3.pcf: ok (9 rows)
[610/1200] out_n50000_rho0.6_correlated_seed4.pcf: ok (9 rows)
[611/1200] out_n50000_rho0.6_exact-ties_seed0.pcf: ok (9 rows)
[612/1200] out_n50000_rho0.6_exact-ties_seed1.pcf: ok (9 rows)
[613/1200] out_n50000_rho0.6_exact-ties_seed2.pcf: ok (9 rows)
[614/1200] out_n50000_rho0.6_exact-ties_seed3.pcf: ok (9 rows)
[615/1200] out_n50000_rho0.6_exact-ties_seed4.pcf: ok (9 rows)
[616/1200] out_n50000_rho0.6_independent-positive_seed0.pcf: ok (9 rows)
[617/1200] out_n50000_rho0.6_independent-positive_seed1.pcf: ok (9 rows)
[618/1200] out_n50000_rho0.6_independent-positive_seed2.pcf: ok (9 rows)
[619/1200] out_n50000_rho0.6_independent-positive_seed3.pcf: ok (9 rows)
[620/1200] out_n50000_rho0.6_independent-positive_seed4.pcf: ok (9 rows)
[621/1200] out_n50000_rho0.6_independent-signed_seed0.pcf: ok (9 rows)
[622/1200] out_n50000_rho0.6_independent-signed_seed1.pcf: ok (9 rows)
[623/1200] out_n50000_rho0.6_independent-signed_seed2.pcf: ok (9 rows)
[624/1200] out_n50000_rho0.6_independent-signed_seed3.pcf: ok (9 rows)
[625/1200] out_n50000_rho0.6_independent-signed_seed4.pcf: ok (9 rows)
[626/1200] out_n50000_rho0.6_near-ties_seed0.pcf: ok (9 rows)
[627/1200] out_n50000_rho0.6_near-ties_seed1.pcf: ok (9 rows)
[628/1200] out_n50000_rho0.6_near-ties_seed2.pcf: ok (9 rows)
[629/1200] out_n50000_rho0.6_near-ties_seed3.pcf: ok (9 rows)
[630/1200] out_n50000_rho0.6_near-ties_seed4.pcf: ok (9 rows)
[631/1200] out_n50000_rho1.0_anti-correlated_seed0.pcf: ok (9 rows)
[632/1200] out_n50000_rho1.0_anti-correlated_seed1.pcf: ok (9 rows)
[633/1200] out_n50000_rho1.0_anti-correlated_seed2.pcf: ok (9 rows)
[634/1200] out_n50000_rho1.0_anti-correlated_seed3.pcf: ok (9 rows)
[635/1200] out_n50000_rho1.0_anti-correlated_seed4.pcf: ok (9 rows)
[636/1200] out_n50000_rho1.0_correlated_seed0.pcf: ok (9 rows)
[637/1200] out_n50000_rho1.0_correlated_seed1.pcf: ok (9 rows)
[638/1200] out_n50000_rho1.0_correlated_seed2.pcf: ok (9 rows)
[639/1200] out_n50000_rho1.0_correlated_seed3.pcf: ok (9 rows)
[640/1200] out_n50000_rho1.0_correlated_seed4.pcf: ok (9 rows)
[641/1200] out_n50000_rho1.0_exact-ties_seed0.pcf: ok (9 rows)
[642/1200] out_n50000_rho1.0_exact-ties_seed1.pcf: ok (9 rows)
[643/1200] out_n50000_rho1.0_exact-ties_seed2.pcf: ok (9 rows)
[644/1200] out_n50000_rho1.0_exact-ties_seed3.pcf: ok (9 rows)
[645/1200] out_n50000_rho1.0_exact-ties_seed4.pcf: ok (9 rows)
[646/1200] out_n50000_rho1.0_independent-positive_seed0.pcf: ok (9 rows)
[647/1200] out_n50000_rho1.0_independent-positive_seed1.pcf: ok (9 rows)
[648/1200] out_n50000_rho1.0_independent-positive_seed2.pcf: ok (9 rows)
[649/1200] out_n50000_rho1.0_independent-positive_seed3.pcf: ok (9 rows)
[650/1200] out_n50000_rho1.0_independent-positive_seed4.pcf: ok (9 rows)
[651/1200] out_n50000_rho1.0_independent-signed_seed0.pcf: ok (9 rows)
[652/1200] out_n50000_rho1.0_independent-signed_seed1.pcf: ok (9 rows)
[653/1200] out_n50000_rho1.0_independent-signed_seed2.pcf: ok (9 rows)
[654/1200] out_n50000_rho1.0_independent-signed_seed3.pcf: ok (9 rows)
[655/1200] out_n50000_rho1.0_independent-signed_seed4.pcf: ok (9 rows)
[656/1200] out_n50000_rho1.0_near-ties_seed0.pcf: ok (9 rows)
[657/1200] out_n50000_rho1.0_near-ties_seed1.pcf: ok (9 rows)
[658/1200] out_n50000_rho1.0_near-ties_seed2.pcf: ok (9 rows)
[659/1200] out_n50000_rho1.0_near-ties_seed3.pcf: ok (9 rows)
[660/1200] out_n50000_rho1.0_near-ties_seed4.pcf: ok (9 rows)
[661/1200] out_n500_rho0.6_anti-correlated_seed0.pcf: ok (9 rows)
[662/1200] out_n500_rho0.6_anti-correlated_seed1.pcf: ok (9 rows)
[663/1200] out_n500_rho0.6_anti-correlated_seed2.pcf: ok (9 rows)
[664/1200] out_n500_rho0.6_anti-correlated_seed3.pcf: ok (9 rows)
[665/1200] out_n500_rho0.6_anti-correlated_seed4.pcf: ok (9 rows)
[666/1200] out_n500_rho0.6_correlated_seed0.pcf: ok (9 rows)
[667/1200] out_n500_rho0.6_correlated_seed1.pcf: ok (9 rows)
[668/1200] out_n500_rho0.6_correlated_seed2.pcf: ok (9 rows)
[669/1200] out_n500_rho0.6_correlated_seed3.pcf: ok (9 rows)
[670/1200] out_n500_rho0.6_correlated_seed4.pcf: ok (9 rows)
[671/1200] out_n500_rho0.6_exact-ties_seed0.pcf: ok (9 rows)
[672/1200] out_n500_rho0.6_exact-ties_seed1.pcf: ok (9 rows)
[673/1200] out_n500_rho0.6_exact-ties_seed2.pcf: ok (9 rows)
[674/1200] out_n500_rho0.6_exact-ties_seed3.pcf: ok (9 rows)
[675/1200] out_n500_rho0.6_exact-ties_seed4.pcf: ok (9 rows)
[676/1200] out_n500_rho0.6_independent-positive_seed0.pcf: ok (9 rows)
[677/1200] out_n500_rho0.6_independent-positive_seed1.pcf: ok (9 rows)
[678/1200] out_n500_rho0.6_independent-positive_seed2.pcf: ok (9 rows)
[679/1200] out_n500_rho0.6_independent-positive_seed3.pcf: ok (9 rows)
[680/1200] out_n500_rho0.6_independent-positive_seed4.pcf: ok (9 rows)
[681/1200] out_n500_rho0.6_independent-signed_seed0.pcf: ok (9 rows)
[682/1200] out_n500_rho0.6_independent-signed_seed1.pcf: ok (9 rows)
[683/1200] out_n500_rho0.6_independent-signed_seed2.pcf: ok (9 rows)
[684/1200] out_n500_rho0.6_independent-signed_seed3.pcf: ok (9 rows)
[685/1200] out_n500_rho0.6_independent-signed_seed4.pcf: ok (9 rows)
[686/1200] out_n500_rho0.6_near-ties_seed0.pcf: ok (9 rows)
[687/1200] out_n500_rho0.6_near-ties_seed1.pcf: ok (9 rows)
[688/1200] out_n500_rho0.6_near-ties_seed2.pcf: ok (9 rows)
[689/1200] out_n500_rho0.6_near-ties_seed3.pcf: ok (9 rows)
[690/1200] out_n500_rho0.6_near-ties_seed4.pcf: ok (9 rows)
[691/1200] out_n500_rho1.0_anti-correlated_seed0.pcf: ok (9 rows)
[692/1200] out_n500_rho1.0_anti-correlated_seed1.pcf: ok (9 rows)
[693/1200] out_n500_rho1.0_anti-correlated_seed2.pcf: ok (9 rows)
[694/1200] out_n500_rho1.0_anti-correlated_seed3.pcf: ok (9 rows)
[695/1200] out_n500_rho1.0_anti-correlated_seed4.pcf: ok (9 rows)
[696/1200] out_n500_rho1.0_correlated_seed0.pcf: ok (9 rows)
[697/1200] out_n500_rho1.0_correlated_seed1.pcf: ok (9 rows)
[698/1200] out_n500_rho1.0_correlated_seed2.pcf: ok (9 rows)
[699/1200] out_n500_rho1.0_correlated_seed3.pcf: ok (9 rows)
[700/1200] out_n500_rho1.0_correlated_seed4.pcf: ok (9 rows)
[701/1200] out_n500_rho1.0_exact-ties_seed0.pcf: ok (9 rows)
[702/1200] out_n500_rho1.0_exact-ties_seed1.pcf: ok (9 rows)
[703/1200] out_n500_rho1.0_exact-ties_seed2.pcf: ok (9 rows)
[704/1200] out_n500_rho1.0_exact-ties_seed3.pcf: ok (9 rows)
[705/1200] out_n500_rho1.0_exact-ties_seed4.pcf: ok (9 rows)
[706/1200] out_n500_rho1.0_independent-positive_seed0.pcf: ok (9 rows)
[707/1200] out_n500_rho1.0_independent-positive_seed1.pcf: ok (9 rows)
[708/1200] out_n500_rho1.0_independent-positive_seed2.pcf: ok (9 rows)
[709/1200] out_n500_rho1.0_independent-positive_seed3.pcf: ok (9 rows)
[710/1200] out_n500_rho1.0_independent-positive_seed4.pcf: ok (9 rows)
[711/1200] out_n500_rho1.0_independent-signed_seed0.pcf: ok (9 rows)
[712/1200] out_n500_rho1.0_independent-signed_seed1.pcf: ok (9 rows)
[713/1200] out_n500_rho1.0_independent-signed_seed2.pcf: ok (9 rows)
[714/1200] out_n500_rho1.0_independent-signed_seed3.pcf: ok (9 rows)
[715/1200] out_n500_rho1.0_independent-signed_seed4.pcf: ok (9 rows)
[716/1200] out_n500_rho1.0_near-ties_seed0.pcf: ok (9 rows)
[717/1200] out_n500_rho1.0_near-ties_seed1.pcf: ok (9 rows)
[718/1200] out_n500_rho1.0_near-ties_seed2.pcf: ok (9 rows)
[719/1200] out_n500_rho1.0_near-ties_seed3.pcf: ok (9 rows)
[720/1200] out_n500_rho1.0_near-ties_seed4.pcf: ok (9 rows)
[721/1200] out_n60000_rho0.6_anti-correlated_seed0.pcf: ok (9 rows)
[722/1200] out_n60000_rho0.6_anti-correlated_seed1.pcf: ok (9 rows)
[723/1200] out_n60000_rho0.6_anti-correlated_seed2.pcf: ok (9 rows)
[724/1200] out_n60000_rho0.6_anti-correlated_seed3.pcf: ok (9 rows)
[725/1200] out_n60000_rho0.6_anti-correlated_seed4.pcf: ok (9 rows)
[726/1200] out_n60000_rho0.6_correlated_seed0.pcf: ok (9 rows)
[727/1200] out_n60000_rho0.6_correlated_seed1.pcf: ok (9 rows)
[728/1200] out_n60000_rho0.6_correlated_seed2.pcf: ok (9 rows)
[729/1200] out_n60000_rho0.6_correlated_seed3.pcf: ok (9 rows)
[730/1200] out_n60000_rho0.6_correlated_seed4.pcf: ok (9 rows)
[731/1200] out_n60000_rho0.6_exact-ties_seed0.pcf: ok (9 rows)
[732/1200] out_n60000_rho0.6_exact-ties_seed1.pcf: ok (9 rows)
[733/1200] out_n60000_rho0.6_exact-ties_seed2.pcf: ok (9 rows)
[734/1200] out_n60000_rho0.6_exact-ties_seed3.pcf: ok (9 rows)
[735/1200] out_n60000_rho0.6_exact-ties_seed4.pcf: ok (9 rows)
[736/1200] out_n60000_rho0.6_independent-positive_seed0.pcf: ok (9 rows)
[737/1200] out_n60000_rho0.6_independent-positive_seed1.pcf: ok (9 rows)
[738/1200] out_n60000_rho0.6_independent-positive_seed2.pcf: ok (9 rows)
[739/1200] out_n60000_rho0.6_independent-positive_seed3.pcf: ok (9 rows)
[740/1200] out_n60000_rho0.6_independent-positive_seed4.pcf: ok (9 rows)
[741/1200] out_n60000_rho0.6_independent-signed_seed0.pcf: ok (9 rows)
[742/1200] out_n60000_rho0.6_independent-signed_seed1.pcf: ok (9 rows)
[743/1200] out_n60000_rho0.6_independent-signed_seed2.pcf: ok (9 rows)
[744/1200] out_n60000_rho0.6_independent-signed_seed3.pcf: ok (9 rows)
[745/1200] out_n60000_rho0.6_independent-signed_seed4.pcf: ok (9 rows)
[746/1200] out_n60000_rho0.6_near-ties_seed0.pcf: ok (9 rows)
[747/1200] out_n60000_rho0.6_near-ties_seed1.pcf: ok (9 rows)
[748/1200] out_n60000_rho0.6_near-ties_seed2.pcf: ok (9 rows)
[749/1200] out_n60000_rho0.6_near-ties_seed3.pcf: ok (9 rows)
[750/1200] out_n60000_rho0.6_near-ties_seed4.pcf: ok (9 rows)
[751/1200] out_n60000_rho1.0_anti-correlated_seed0.pcf: ok (9 rows)
[752/1200] out_n60000_rho1.0_anti-correlated_seed1.pcf: ok (9 rows)
[753/1200] out_n60000_rho1.0_anti-correlated_seed2.pcf: ok (9 rows)
[754/1200] out_n60000_rho1.0_anti-correlated_seed3.pcf: ok (9 rows)
[755/1200] out_n60000_rho1.0_anti-correlated_seed4.pcf: ok (9 rows)
[756/1200] out_n60000_rho1.0_correlated_seed0.pcf: ok (9 rows)
[757/1200] out_n60000_rho1.0_correlated_seed1.pcf: ok (9 rows)
[758/1200] out_n60000_rho1.0_correlated_seed2.pcf: ok (9 rows)
[759/1200] out_n60000_rho1.0_correlated_seed3.pcf: ok (9 rows)
[760/1200] out_n60000_rho1.0_correlated_seed4.pcf: ok (9 rows)
[761/1200] out_n60000_rho1.0_exact-ties_seed0.pcf: ok (9 rows)
[762/1200] out_n60000_rho1.0_exact-ties_seed1.pcf: ok (9 rows)
[763/1200] out_n60000_rho1.0_exact-ties_seed2.pcf: ok (9 rows)
[764/1200] out_n60000_rho1.0_exact-ties_seed3.pcf: ok (9 rows)
[765/1200] out_n60000_rho1.0_exact-ties_seed4.pcf: ok (9 rows)
[766/1200] out_n60000_rho1.0_independent-positive_seed0.pcf: ok (9 rows)
[767/1200] out_n60000_rho1.0_independent-positive_seed1.pcf: ok (9 rows)
[768/1200] out_n60000_rho1.0_independent-positive_seed2.pcf: ok (9 rows)
[769/1200] out_n60000_rho1.0_independent-positive_seed3.pcf: ok (9 rows)
[770/1200] out_n60000_rho1.0_independent-positive_seed4.pcf: ok (9 rows)
[771/1200] out_n60000_rho1.0_independent-signed_seed0.pcf: ok (9 rows)
[772/1200] out_n60000_rho1.0_independent-signed_seed1.pcf: ok (9 rows)
[773/1200] out_n60000_rho1.0_independent-signed_seed2.pcf: ok (9 rows)
[774/1200] out_n60000_rho1.0_independent-signed_seed3.pcf: ok (9 rows)
[775/1200] out_n60000_rho1.0_independent-signed_seed4.pcf: ok (9 rows)
[776/1200] out_n60000_rho1.0_near-ties_seed0.pcf: ok (9 rows)
[777/1200] out_n60000_rho1.0_near-ties_seed1.pcf: ok (9 rows)
[778/1200] out_n60000_rho1.0_near-ties_seed2.pcf: ok (9 rows)
[779/1200] out_n60000_rho1.0_near-ties_seed3.pcf: ok (9 rows)
[780/1200] out_n60000_rho1.0_near-ties_seed4.pcf: ok (9 rows)
[781/1200] out_n600_rho0.6_anti-correlated_seed0.pcf: ok (9 rows)
[782/1200] out_n600_rho0.6_anti-correlated_seed1.pcf: ok (9 rows)
[783/1200] out_n600_rho0.6_anti-correlated_seed2.pcf: ok (9 rows)
[784/1200] out_n600_rho0.6_anti-correlated_seed3.pcf: ok (9 rows)
[785/1200] out_n600_rho0.6_anti-correlated_seed4.pcf: ok (9 rows)
[786/1200] out_n600_rho0.6_correlated_seed0.pcf: ok (9 rows)
[787/1200] out_n600_rho0.6_correlated_seed1.pcf: ok (9 rows)
[788/1200] out_n600_rho0.6_correlated_seed2.pcf: ok (9 rows)
[789/1200] out_n600_rho0.6_correlated_seed3.pcf: ok (9 rows)
[790/1200] out_n600_rho0.6_correlated_seed4.pcf: ok (9 rows)
[791/1200] out_n600_rho0.6_exact-ties_seed0.pcf: ok (9 rows)
[792/1200] out_n600_rho0.6_exact-ties_seed1.pcf: ok (9 rows)
[793/1200] out_n600_rho0.6_exact-ties_seed2.pcf: ok (9 rows)
[794/1200] out_n600_rho0.6_exact-ties_seed3.pcf: ok (9 rows)
[795/1200] out_n600_rho0.6_exact-ties_seed4.pcf: ok (9 rows)
[796/1200] out_n600_rho0.6_independent-positive_seed0.pcf: ok (9 rows)
[797/1200] out_n600_rho0.6_independent-positive_seed1.pcf: ok (9 rows)
[798/1200] out_n600_rho0.6_independent-positive_seed2.pcf: ok (9 rows)
[799/1200] out_n600_rho0.6_independent-positive_seed3.pcf: ok (9 rows)
[800/1200] out_n600_rho0.6_independent-positive_seed4.pcf: ok (9 rows)
[801/1200] out_n600_rho0.6_independent-signed_seed0.pcf: ok (9 rows)
[802/1200] out_n600_rho0.6_independent-signed_seed1.pcf: ok (9 rows)
[803/1200] out_n600_rho0.6_independent-signed_seed2.pcf: ok (9 rows)
[804/1200] out_n600_rho0.6_independent-signed_seed3.pcf: ok (9 rows)
[805/1200] out_n600_rho0.6_independent-signed_seed4.pcf: ok (9 rows)
[806/1200] out_n600_rho0.6_near-ties_seed0.pcf: ok (9 rows)
[807/1200] out_n600_rho0.6_near-ties_seed1.pcf: ok (9 rows)
[808/1200] out_n600_rho0.6_near-ties_seed2.pcf: ok (9 rows)
[809/1200] out_n600_rho0.6_near-ties_seed3.pcf: ok (9 rows)
[810/1200] out_n600_rho0.6_near-ties_seed4.pcf: ok (9 rows)
[811/1200] out_n600_rho1.0_anti-correlated_seed0.pcf: ok (9 rows)
[812/1200] out_n600_rho1.0_anti-correlated_seed1.pcf: ok (9 rows)
[813/1200] out_n600_rho1.0_anti-correlated_seed2.pcf: ok (9 rows)
[814/1200] out_n600_rho1.0_anti-correlated_seed3.pcf: ok (9 rows)
[815/1200] out_n600_rho1.0_anti-correlated_seed4.pcf: ok (9 rows)
[816/1200] out_n600_rho1.0_correlated_seed0.pcf: ok (9 rows)
[817/1200] out_n600_rho1.0_correlated_seed1.pcf: ok (9 rows)
[818/1200] out_n600_rho1.0_correlated_seed2.pcf: ok (9 rows)
[819/1200] out_n600_rho1.0_correlated_seed3.pcf: ok (9 rows)
[820/1200] out_n600_rho1.0_correlated_seed4.pcf: ok (9 rows)
[821/1200] out_n600_rho1.0_exact-ties_seed0.pcf: ok (9 rows)
[822/1200] out_n600_rho1.0_exact-ties_seed1.pcf: ok (9 rows)
[823/1200] out_n600_rho1.0_exact-ties_seed2.pcf: ok (9 rows)
[824/1200] out_n600_rho1.0_exact-ties_seed3.pcf: ok (9 rows)
[825/1200] out_n600_rho1.0_exact-ties_seed4.pcf: ok (9 rows)
[826/1200] out_n600_rho1.0_independent-positive_seed0.pcf: ok (9 rows)
[827/1200] out_n600_rho1.0_independent-positive_seed1.pcf: ok (9 rows)
[828/1200] out_n600_rho1.0_independent-positive_seed2.pcf: ok (9 rows)
[829/1200] out_n600_rho1.0_independent-positive_seed3.pcf: ok (9 rows)
[830/1200] out_n600_rho1.0_independent-positive_seed4.pcf: ok (9 rows)
[831/1200] out_n600_rho1.0_independent-signed_seed0.pcf: ok (9 rows)
[832/1200] out_n600_rho1.0_independent-signed_seed1.pcf: ok (9 rows)
[833/1200] out_n600_rho1.0_independent-signed_seed2.pcf: ok (9 rows)
[834/1200] out_n600_rho1.0_independent-signed_seed3.pcf: ok (9 rows)
[835/1200] out_n600_rho1.0_independent-signed_seed4.pcf: ok (9 rows)
[836/1200] out_n600_rho1.0_near-ties_seed0.pcf: ok (9 rows)
[837/1200] out_n600_rho1.0_near-ties_seed1.pcf: ok (9 rows)
[838/1200] out_n600_rho1.0_near-ties_seed2.pcf: ok (9 rows)
[839/1200] out_n600_rho1.0_near-ties_seed3.pcf: ok (9 rows)
[840/1200] out_n600_rho1.0_near-ties_seed4.pcf: ok (9 rows)
[841/1200] out_n70000_rho0.6_anti-correlated_seed0.pcf: ok (9 rows)
[842/1200] out_n70000_rho0.6_anti-correlated_seed1.pcf: ok (9 rows)
[843/1200] out_n70000_rho0.6_anti-correlated_seed2.pcf: ok (9 rows)
[844/1200] out_n70000_rho0.6_anti-correlated_seed3.pcf: ok (9 rows)
[845/1200] out_n70000_rho0.6_anti-correlated_seed4.pcf: ok (9 rows)
[846/1200] out_n70000_rho0.6_correlated_seed0.pcf: ok (9 rows)
[847/1200] out_n70000_rho0.6_correlated_seed1.pcf: ok (9 rows)
[848/1200] out_n70000_rho0.6_correlated_seed2.pcf: ok (9 rows)
[849/1200] out_n70000_rho0.6_correlated_seed3.pcf: ok (9 rows)
[850/1200] out_n70000_rho0.6_correlated_seed4.pcf: ok (9 rows)
[851/1200] out_n70000_rho0.6_exact-ties_seed0.pcf: ok (9 rows)
[852/1200] out_n70000_rho0.6_exact-ties_seed1.pcf: ok (9 rows)
[853/1200] out_n70000_rho0.6_exact-ties_seed2.pcf: ok (9 rows)
[854/1200] out_n70000_rho0.6_exact-ties_seed3.pcf: ok (9 rows)
[855/1200] out_n70000_rho0.6_exact-ties_seed4.pcf: ok (9 rows)
[856/1200] out_n70000_rho0.6_independent-positive_seed0.pcf: ok (9 rows)
[857/1200] out_n70000_rho0.6_independent-positive_seed1.pcf: ok (9 rows)
[858/1200] out_n70000_rho0.6_independent-positive_seed2.pcf: ok (9 rows)
[859/1200] out_n70000_rho0.6_independent-positive_seed3.pcf: ok (9 rows)
[860/1200] out_n70000_rho0.6_independent-positive_seed4.pcf: ok (9 rows)
[861/1200] out_n70000_rho0.6_independent-signed_seed0.pcf: ok (9 rows)
[862/1200] out_n70000_rho0.6_independent-signed_seed1.pcf: ok (9 rows)
[863/1200] out_n70000_rho0.6_independent-signed_seed2.pcf: ok (9 rows)
[864/1200] out_n70000_rho0.6_independent-signed_seed3.pcf: ok (9 rows)
[865/1200] out_n70000_rho0.6_independent-signed_seed4.pcf: ok (9 rows)
[866/1200] out_n70000_rho0.6_near-ties_seed0.pcf: ok (9 rows)
[867/1200] out_n70000_rho0.6_near-ties_seed1.pcf: ok (9 rows)
[868/1200] out_n70000_rho0.6_near-ties_seed2.pcf: ok (9 rows)
[869/1200] out_n70000_rho0.6_near-ties_seed3.pcf: ok (9 rows)
[870/1200] out_n70000_rho0.6_near-ties_seed4.pcf: ok (9 rows)
[871/1200] out_n70000_rho1.0_anti-correlated_seed0.pcf: ok (9 rows)
[872/1200] out_n70000_rho1.0_anti-correlated_seed1.pcf: ok (9 rows)
[873/1200] out_n70000_rho1.0_anti-correlated_seed2.pcf: ok (9 rows)
[874/1200] out_n70000_rho1.0_anti-correlated_seed3.pcf: ok (9 rows)
[875/1200] out_n70000_rho1.0_anti-correlated_seed4.pcf: ok (9 rows)
[876/1200] out_n70000_rho1.0_correlated_seed0.pcf: ok (9 rows)
[877/1200] out_n70000_rho1.0_correlated_seed1.pcf: ok (9 rows)
[878/1200] out_n70000_rho1.0_correlated_seed2.pcf: ok (9 rows)
[879/1200] out_n70000_rho1.0_correlated_seed3.pcf: ok (9 rows)
[880/1200] out_n70000_rho1.0_correlated_seed4.pcf: ok (9 rows)
[881/1200] out_n70000_rho1.0_exact-ties_seed0.pcf: ok (9 rows)
[882/1200] out_n70000_rho1.0_exact-ties_seed1.pcf: ok (9 rows)
[883/1200] out_n70000_rho1.0_exact-ties_seed2.pcf: ok (9 rows)
[884/1200] out_n70000_rho1.0_exact-ties_seed3.pcf: ok (9 rows)
[885/1200] out_n70000_rho1.0_exact-ties_seed4.pcf: ok (9 rows)
[886/1200] out_n70000_rho1.0_independent-positive_seed0.pcf: ok (9 rows)
[887/1200] out_n70000_rho1.0_independent-positive_seed1.pcf: ok (9 rows)
[888/1200] out_n70000_rho1.0_independent-positive_seed2.pcf: ok (9 rows)
[889/1200] out_n70000_rho1.0_independent-positive_seed3.pcf: ok (9 rows)
[890/1200] out_n70000_rho1.0_independent-positive_seed4.pcf: ok (9 rows)
[891/1200] out_n70000_rho1.0_independent-signed_seed0.pcf: ok (9 rows)
[892/1200] out_n70000_rho1.0_independent-signed_seed1.pcf: ok (9 rows)
[893/1200] out_n70000_rho1.0_independent-signed_seed2.pcf: ok (9 rows)
[894/1200] out_n70000_rho1.0_independent-signed_seed3.pcf: ok (9 rows)
[895/1200] out_n70000_rho1.0_independent-signed_seed4.pcf: ok (9 rows)
[896/1200] out_n70000_rho1.0_near-ties_seed0.pcf: ok (9 rows)
[897/1200] out_n70000_rho1.0_near-ties_seed1.pcf: ok (9 rows)
[898/1200] out_n70000_rho1.0_near-ties_seed2.pcf: ok (9 rows)
[899/1200] out_n70000_rho1.0_near-ties_seed3.pcf: ok (9 rows)
[900/1200] out_n70000_rho1.0_near-ties_seed4.pcf: ok (9 rows)
[901/1200] out_n700_rho0.6_anti-correlated_seed0.pcf: ok (9 rows)
[902/1200] out_n700_rho0.6_anti-correlated_seed1.pcf: ok (9 rows)
[903/1200] out_n700_rho0.6_anti-correlated_seed2.pcf: ok (9 rows)
[904/1200] out_n700_rho0.6_anti-correlated_seed3.pcf: ok (9 rows)
[905/1200] out_n700_rho0.6_anti-correlated_seed4.pcf: ok (9 rows)
[906/1200] out_n700_rho0.6_correlated_seed0.pcf: ok (9 rows)
[907/1200] out_n700_rho0.6_correlated_seed1.pcf: ok (9 rows)
[908/1200] out_n700_rho0.6_correlated_seed2.pcf: ok (9 rows)
[909/1200] out_n700_rho0.6_correlated_seed3.pcf: ok (9 rows)
[910/1200] out_n700_rho0.6_correlated_seed4.pcf: ok (9 rows)
[911/1200] out_n700_rho0.6_exact-ties_seed0.pcf: ok (9 rows)
[912/1200] out_n700_rho0.6_exact-ties_seed1.pcf: ok (9 rows)
[913/1200] out_n700_rho0.6_exact-ties_seed2.pcf: ok (9 rows)
[914/1200] out_n700_rho0.6_exact-ties_seed3.pcf: ok (9 rows)
[915/1200] out_n700_rho0.6_exact-ties_seed4.pcf: ok (9 rows)
[916/1200] out_n700_rho0.6_independent-positive_seed0.pcf: ok (9 rows)
[917/1200] out_n700_rho0.6_independent-positive_seed1.pcf: ok (9 rows)
[918/1200] out_n700_rho0.6_independent-positive_seed2.pcf: ok (9 rows)
[919/1200] out_n700_rho0.6_independent-positive_seed3.pcf: ok (9 rows)
[920/1200] out_n700_rho0.6_independent-positive_seed4.pcf: ok (9 rows)
[921/1200] out_n700_rho0.6_independent-signed_seed0.pcf: ok (9 rows)
[922/1200] out_n700_rho0.6_independent-signed_seed1.pcf: ok (9 rows)
[923/1200] out_n700_rho0.6_independent-signed_seed2.pcf: ok (9 rows)
[924/1200] out_n700_rho0.6_independent-signed_seed3.pcf: ok (9 rows)
[925/1200] out_n700_rho0.6_independent-signed_seed4.pcf: ok (9 rows)
[926/1200] out_n700_rho0.6_near-ties_seed0.pcf: ok (9 rows)
[927/1200] out_n700_rho0.6_near-ties_seed1.pcf: ok (9 rows)
[928/1200] out_n700_rho0.6_near-ties_seed2.pcf: ok (9 rows)
[929/1200] out_n700_rho0.6_near-ties_seed3.pcf: ok (9 rows)
[930/1200] out_n700_rho0.6_near-ties_seed4.pcf: ok (9 rows)
[931/1200] out_n700_rho1.0_anti-correlated_seed0.pcf: ok (9 rows)
[932/1200] out_n700_rho1.0_anti-correlated_seed1.pcf: ok (9 rows)
[933/1200] out_n700_rho1.0_anti-correlated_seed2.pcf: ok (9 rows)
[934/1200] out_n700_rho1.0_anti-correlated_seed3.pcf: ok (9 rows)
[935/1200] out_n700_rho1.0_anti-correlated_seed4.pcf: ok (9 rows)
[936/1200] out_n700_rho1.0_correlated_seed0.pcf: ok (9 rows)
[937/1200] out_n700_rho1.0_correlated_seed1.pcf: ok (9 rows)
[938/1200] out_n700_rho1.0_correlated_seed2.pcf: ok (9 rows)
[939/1200] out_n700_rho1.0_correlated_seed3.pcf: ok (9 rows)
[940/1200] out_n700_rho1.0_correlated_seed4.pcf: ok (9 rows)
[941/1200] out_n700_rho1.0_exact-ties_seed0.pcf: ok (9 rows)
[942/1200] out_n700_rho1.0_exact-ties_seed1.pcf: ok (9 rows)
[943/1200] out_n700_rho1.0_exact-ties_seed2.pcf: ok (9 rows)
[944/1200] out_n700_rho1.0_exact-ties_seed3.pcf: ok (9 rows)
[945/1200] out_n700_rho1.0_exact-ties_seed4.pcf: ok (9 rows)
[946/1200] out_n700_rho1.0_independent-positive_seed0.pcf: ok (9 rows)
[947/1200] out_n700_rho1.0_independent-positive_seed1.pcf: ok (9 rows)
[948/1200] out_n700_rho1.0_independent-positive_seed2.pcf: ok (9 rows)
[949/1200] out_n700_rho1.0_independent-positive_seed3.pcf: ok (9 rows)
[950/1200] out_n700_rho1.0_independent-positive_seed4.pcf: ok (9 rows)
[951/1200] out_n700_rho1.0_independent-signed_seed0.pcf: ok (9 rows)
[952/1200] out_n700_rho1.0_independent-signed_seed1.pcf: ok (9 rows)
[953/1200] out_n700_rho1.0_independent-signed_seed2.pcf: ok (9 rows)
[954/1200] out_n700_rho1.0_independent-signed_seed3.pcf: ok (9 rows)
[955/1200] out_n700_rho1.0_independent-signed_seed4.pcf: ok (9 rows)
[956/1200] out_n700_rho1.0_near-ties_seed0.pcf: ok (9 rows)
[957/1200] out_n700_rho1.0_near-ties_seed1.pcf: ok (9 rows)
[958/1200] out_n700_rho1.0_near-ties_seed2.pcf: ok (9 rows)
[959/1200] out_n700_rho1.0_near-ties_seed3.pcf: ok (9 rows)
[960/1200] out_n700_rho1.0_near-ties_seed4.pcf: ok (9 rows)
[961/1200] out_n80000_rho0.6_anti-correlated_seed0.pcf: ok (9 rows)
[962/1200] out_n80000_rho0.6_anti-correlated_seed1.pcf: ok (9 rows)
[963/1200] out_n80000_rho0.6_anti-correlated_seed2.pcf: ok (9 rows)
[964/1200] out_n80000_rho0.6_anti-correlated_seed3.pcf: ok (9 rows)
[965/1200] out_n80000_rho0.6_anti-correlated_seed4.pcf: ok (9 rows)
[966/1200] out_n80000_rho0.6_correlated_seed0.pcf: ok (9 rows)
[967/1200] out_n80000_rho0.6_correlated_seed1.pcf: ok (9 rows)
[968/1200] out_n80000_rho0.6_correlated_seed2.pcf: ok (9 rows)
[969/1200] out_n80000_rho0.6_correlated_seed3.pcf: ok (9 rows)
[970/1200] out_n80000_rho0.6_correlated_seed4.pcf: ok (9 rows)
[971/1200] out_n80000_rho0.6_exact-ties_seed0.pcf: ok (9 rows)
[972/1200] out_n80000_rho0.6_exact-ties_seed1.pcf: ok (9 rows)
[973/1200] out_n80000_rho0.6_exact-ties_seed2.pcf: ok (9 rows)
[974/1200] out_n80000_rho0.6_exact-ties_seed3.pcf: ok (9 rows)
[975/1200] out_n80000_rho0.6_exact-ties_seed4.pcf: ok (9 rows)
[976/1200] out_n80000_rho0.6_independent-positive_seed0.pcf: ok (9 rows)
[977/1200] out_n80000_rho0.6_independent-positive_seed1.pcf: ok (9 rows)
[978/1200] out_n80000_rho0.6_independent-positive_seed2.pcf: ok (9 rows)
[979/1200] out_n80000_rho0.6_independent-positive_seed3.pcf: ok (9 rows)
[980/1200] out_n80000_rho0.6_independent-positive_seed4.pcf: ok (9 rows)
[981/1200] out_n80000_rho0.6_independent-signed_seed0.pcf: ok (9 rows)
[982/1200] out_n80000_rho0.6_independent-signed_seed1.pcf: ok (9 rows)
[983/1200] out_n80000_rho0.6_independent-signed_seed2.pcf: ok (9 rows)
[984/1200] out_n80000_rho0.6_independent-signed_seed3.pcf: ok (9 rows)
[985/1200] out_n80000_rho0.6_independent-signed_seed4.pcf: ok (9 rows)
[986/1200] out_n80000_rho0.6_near-ties_seed0.pcf: ok (9 rows)
[987/1200] out_n80000_rho0.6_near-ties_seed1.pcf: ok (9 rows)
[988/1200] out_n80000_rho0.6_near-ties_seed2.pcf: ok (9 rows)
[989/1200] out_n80000_rho0.6_near-ties_seed3.pcf: ok (9 rows)
[990/1200] out_n80000_rho0.6_near-ties_seed4.pcf: ok (9 rows)
[991/1200] out_n80000_rho1.0_anti-correlated_seed0.pcf: ok (9 rows)
[992/1200] out_n80000_rho1.0_anti-correlated_seed1.pcf: ok (9 rows)
[993/1200] out_n80000_rho1.0_anti-correlated_seed2.pcf: ok (9 rows)
[994/1200] out_n80000_rho1.0_anti-correlated_seed3.pcf: ok (9 rows)
[995/1200] out_n80000_rho1.0_anti-correlated_seed4.pcf: ok (9 rows)
[996/1200] out_n80000_rho1.0_correlated_seed0.pcf: ok (9 rows)
[997/1200] out_n80000_rho1.0_correlated_seed1.pcf: ok (9 rows)
[998/1200] out_n80000_rho1.0_correlated_seed2.pcf: ok (9 rows)
[999/1200] out_n80000_rho1.0_correlated_seed3.pcf: ok (9 rows)
[1000/1200] out_n80000_rho1.0_correlated_seed4.pcf: ok (9 rows)
[1001/1200] out_n80000_rho1.0_exact-ties_seed0.pcf: ok (9 rows)
[1002/1200] out_n80000_rho1.0_exact-ties_seed1.pcf: ok (9 rows)
[1003/1200] out_n80000_rho1.0_exact-ties_seed2.pcf: ok (9 rows)
[1004/1200] out_n80000_rho1.0_exact-ties_seed3.pcf: ok (9 rows)
[1005/1200] out_n80000_rho1.0_exact-ties_seed4.pcf: ok (9 rows)
[1006/1200] out_n80000_rho1.0_independent-positive_seed0.pcf: ok (9 rows)
[1007/1200] out_n80000_rho1.0_independent-positive_seed1.pcf: ok (9 rows)
[1008/1200] out_n80000_rho1.0_independent-positive_seed2.pcf: ok (9 rows)
[1009/1200] out_n80000_rho1.0_independent-positive_seed3.pcf: ok (9 rows)
[1010/1200] out_n80000_rho1.0_independent-positive_seed4.pcf: ok (9 rows)
[1011/1200] out_n80000_rho1.0_independent-signed_seed0.pcf: ok (9 rows)
[1012/1200] out_n80000_rho1.0_independent-signed_seed1.pcf: ok (9 rows)
[1013/1200] out_n80000_rho1.0_independent-signed_seed2.pcf: ok (9 rows)
[1014/1200] out_n80000_rho1.0_independent-signed_seed3.pcf: ok (9 rows)
[1015/1200] out_n80000_rho1.0_independent-signed_seed4.pcf: ok (9 rows)
[1016/1200] out_n80000_rho1.0_near-ties_seed0.pcf: ok (9 rows)
[1017/1200] out_n80000_rho1.0_near-ties_seed1.pcf: ok (9 rows)
[1018/1200] out_n80000_rho1.0_near-ties_seed2.pcf: ok (9 rows)
[1019/1200] out_n80000_rho1.0_near-ties_seed3.pcf: ok (9 rows)
[1020/1200] out_n80000_rho1.0_near-ties_seed4.pcf: ok (9 rows)
[1021/1200] out_n800_rho0.6_anti-correlated_seed0.pcf: ok (9 rows)
[1022/1200] out_n800_rho0.6_anti-correlated_seed1.pcf: ok (9 rows)
[1023/1200] out_n800_rho0.6_anti-correlated_seed2.pcf: ok (9 rows)
[1024/1200] out_n800_rho0.6_anti-correlated_seed3.pcf: ok (9 rows)
[1025/1200] out_n800_rho0.6_anti-correlated_seed4.pcf: ok (9 rows)
[1026/1200] out_n800_rho0.6_correlated_seed0.pcf: ok (9 rows)
[1027/1200] out_n800_rho0.6_correlated_seed1.pcf: ok (9 rows)
[1028/1200] out_n800_rho0.6_correlated_seed2.pcf: ok (9 rows)
[1029/1200] out_n800_rho0.6_correlated_seed3.pcf: ok (9 rows)
[1030/1200] out_n800_rho0.6_correlated_seed4.pcf: ok (9 rows)
[1031/1200] out_n800_rho0.6_exact-ties_seed0.pcf: ok (9 rows)
[1032/1200] out_n800_rho0.6_exact-ties_seed1.pcf: ok (9 rows)
[1033/1200] out_n800_rho0.6_exact-ties_seed2.pcf: ok (9 rows)
[1034/1200] out_n800_rho0.6_exact-ties_seed3.pcf: ok (9 rows)
[1035/1200] out_n800_rho0.6_exact-ties_seed4.pcf: ok (9 rows)
[1036/1200] out_n800_rho0.6_independent-positive_seed0.pcf: ok (9 rows)
[1037/1200] out_n800_rho0.6_independent-positive_seed1.pcf: ok (9 rows)
[1038/1200] out_n800_rho0.6_independent-positive_seed2.pcf: ok (9 rows)
[1039/1200] out_n800_rho0.6_independent-positive_seed3.pcf: ok (9 rows)
[1040/1200] out_n800_rho0.6_independent-positive_seed4.pcf: ok (9 rows)
[1041/1200] out_n800_rho0.6_independent-signed_seed0.pcf: ok (9 rows)
[1042/1200] out_n800_rho0.6_independent-signed_seed1.pcf: ok (9 rows)
[1043/1200] out_n800_rho0.6_independent-signed_seed2.pcf: ok (9 rows)
[1044/1200] out_n800_rho0.6_independent-signed_seed3.pcf: ok (9 rows)
[1045/1200] out_n800_rho0.6_independent-signed_seed4.pcf: ok (9 rows)
[1046/1200] out_n800_rho0.6_near-ties_seed0.pcf: ok (9 rows)
[1047/1200] out_n800_rho0.6_near-ties_seed1.pcf: ok (9 rows)
[1048/1200] out_n800_rho0.6_near-ties_seed2.pcf: ok (9 rows)
[1049/1200] out_n800_rho0.6_near-ties_seed3.pcf: ok (9 rows)
[1050/1200] out_n800_rho0.6_near-ties_seed4.pcf: ok (9 rows)
[1051/1200] out_n800_rho1.0_anti-correlated_seed0.pcf: ok (9 rows)
[1052/1200] out_n800_rho1.0_anti-correlated_seed1.pcf: ok (9 rows)
[1053/1200] out_n800_rho1.0_anti-correlated_seed2.pcf: ok (9 rows)
[1054/1200] out_n800_rho1.0_anti-correlated_seed3.pcf: ok (9 rows)
[1055/1200] out_n800_rho1.0_anti-correlated_seed4.pcf: ok (9 rows)
[1056/1200] out_n800_rho1.0_correlated_seed0.pcf: ok (9 rows)
[1057/1200] out_n800_rho1.0_correlated_seed1.pcf: ok (9 rows)
[1058/1200] out_n800_rho1.0_correlated_seed2.pcf: ok (9 rows)
[1059/1200] out_n800_rho1.0_correlated_seed3.pcf: ok (9 rows)
[1060/1200] out_n800_rho1.0_correlated_seed4.pcf: ok (9 rows)
[1061/1200] out_n800_rho1.0_exact-ties_seed0.pcf: ok (9 rows)
[1062/1200] out_n800_rho1.0_exact-ties_seed1.pcf: ok (9 rows)
[1063/1200] out_n800_rho1.0_exact-ties_seed2.pcf: ok (9 rows)
[1064/1200] out_n800_rho1.0_exact-ties_seed3.pcf: ok (9 rows)
[1065/1200] out_n800_rho1.0_exact-ties_seed4.pcf: ok (9 rows)
[1066/1200] out_n800_rho1.0_independent-positive_seed0.pcf: ok (9 rows)
[1067/1200] out_n800_rho1.0_independent-positive_seed1.pcf: ok (9 rows)
[1068/1200] out_n800_rho1.0_independent-positive_seed2.pcf: ok (9 rows)
[1069/1200] out_n800_rho1.0_independent-positive_seed3.pcf: ok (9 rows)
[1070/1200] out_n800_rho1.0_independent-positive_seed4.pcf: ok (9 rows)
[1071/1200] out_n800_rho1.0_independent-signed_seed0.pcf: ok (9 rows)
[1072/1200] out_n800_rho1.0_independent-signed_seed1.pcf: ok (9 rows)
[1073/1200] out_n800_rho1.0_independent-signed_seed2.pcf: ok (9 rows)
[1074/1200] out_n800_rho1.0_independent-signed_seed3.pcf: ok (9 rows)
[1075/1200] out_n800_rho1.0_independent-signed_seed4.pcf: ok (9 rows)
[1076/1200] out_n800_rho1.0_near-ties_seed0.pcf: ok (9 rows)
[1077/1200] out_n800_rho1.0_near-ties_seed1.pcf: ok (9 rows)
[1078/1200] out_n800_rho1.0_near-ties_seed2.pcf: ok (9 rows)
[1079/1200] out_n800_rho1.0_near-ties_seed3.pcf: ok (9 rows)
[1080/1200] out_n800_rho1.0_near-ties_seed4.pcf: ok (9 rows)
[1081/1200] out_n90000_rho0.6_anti-correlated_seed0.pcf: ok (9 rows)
[1082/1200] out_n90000_rho0.6_anti-correlated_seed1.pcf: ok (9 rows)
[1083/1200] out_n90000_rho0.6_anti-correlated_seed2.pcf: ok (9 rows)
[1084/1200] out_n90000_rho0.6_anti-correlated_seed3.pcf: ok (9 rows)
[1085/1200] out_n90000_rho0.6_anti-correlated_seed4.pcf: ok (9 rows)
[1086/1200] out_n90000_rho0.6_correlated_seed0.pcf: ok (9 rows)
[1087/1200] out_n90000_rho0.6_correlated_seed1.pcf: ok (9 rows)
[1088/1200] out_n90000_rho0.6_correlated_seed2.pcf: ok (9 rows)
[1089/1200] out_n90000_rho0.6_correlated_seed3.pcf: ok (9 rows)
[1090/1200] out_n90000_rho0.6_correlated_seed4.pcf: ok (9 rows)
[1091/1200] out_n90000_rho0.6_exact-ties_seed0.pcf: ok (9 rows)
[1092/1200] out_n90000_rho0.6_exact-ties_seed1.pcf: ok (9 rows)
[1093/1200] out_n90000_rho0.6_exact-ties_seed2.pcf: ok (9 rows)
[1094/1200] out_n90000_rho0.6_exact-ties_seed3.pcf: ok (9 rows)
[1095/1200] out_n90000_rho0.6_exact-ties_seed4.pcf: ok (9 rows)
[1096/1200] out_n90000_rho0.6_independent-positive_seed0.pcf: ok (9 rows)
[1097/1200] out_n90000_rho0.6_independent-positive_seed1.pcf: ok (9 rows)
[1098/1200] out_n90000_rho0.6_independent-positive_seed2.pcf: ok (9 rows)
[1099/1200] out_n90000_rho0.6_independent-positive_seed3.pcf: ok (9 rows)
[1100/1200] out_n90000_rho0.6_independent-positive_seed4.pcf: ok (9 rows)
[1101/1200] out_n90000_rho0.6_independent-signed_seed0.pcf: ok (9 rows)
[1102/1200] out_n90000_rho0.6_independent-signed_seed1.pcf: ok (9 rows)
[1103/1200] out_n90000_rho0.6_independent-signed_seed2.pcf: ok (9 rows)
[1104/1200] out_n90000_rho0.6_independent-signed_seed3.pcf: ok (9 rows)
[1105/1200] out_n90000_rho0.6_independent-signed_seed4.pcf: ok (9 rows)
[1106/1200] out_n90000_rho0.6_near-ties_seed0.pcf: ok (9 rows)
[1107/1200] out_n90000_rho0.6_near-ties_seed1.pcf: ok (9 rows)
[1108/1200] out_n90000_rho0.6_near-ties_seed2.pcf: ok (9 rows)
[1109/1200] out_n90000_rho0.6_near-ties_seed3.pcf: ok (9 rows)
[1110/1200] out_n90000_rho0.6_near-ties_seed4.pcf: ok (9 rows)
[1111/1200] out_n90000_rho1.0_anti-correlated_seed0.pcf: ok (9 rows)
[1112/1200] out_n90000_rho1.0_anti-correlated_seed1.pcf: ok (9 rows)
[1113/1200] out_n90000_rho1.0_anti-correlated_seed2.pcf: ok (9 rows)
[1114/1200] out_n90000_rho1.0_anti-correlated_seed3.pcf: ok (9 rows)
[1115/1200] out_n90000_rho1.0_anti-correlated_seed4.pcf: ok (9 rows)
[1116/1200] out_n90000_rho1.0_correlated_seed0.pcf: ok (9 rows)
[1117/1200] out_n90000_rho1.0_correlated_seed1.pcf: ok (9 rows)
[1118/1200] out_n90000_rho1.0_correlated_seed2.pcf: ok (9 rows)
[1119/1200] out_n90000_rho1.0_correlated_seed3.pcf: ok (9 rows)
[1120/1200] out_n90000_rho1.0_correlated_seed4.pcf: ok (9 rows)
[1121/1200] out_n90000_rho1.0_exact-ties_seed0.pcf: ok (9 rows)
[1122/1200] out_n90000_rho1.0_exact-ties_seed1.pcf: ok (9 rows)
[1123/1200] out_n90000_rho1.0_exact-ties_seed2.pcf: ok (9 rows)
[1124/1200] out_n90000_rho1.0_exact-ties_seed3.pcf: ok (9 rows)
[1125/1200] out_n90000_rho1.0_exact-ties_seed4.pcf: ok (9 rows)
[1126/1200] out_n90000_rho1.0_independent-positive_seed0.pcf: ok (9 rows)
[1127/1200] out_n90000_rho1.0_independent-positive_seed1.pcf: ok (9 rows)
[1128/1200] out_n90000_rho1.0_independent-positive_seed2.pcf: ok (9 rows)
[1129/1200] out_n90000_rho1.0_independent-positive_seed3.pcf: ok (9 rows)
[1130/1200] out_n90000_rho1.0_independent-positive_seed4.pcf: ok (9 rows)
[1131/1200] out_n90000_rho1.0_independent-signed_seed0.pcf: ok (9 rows)
[1132/1200] out_n90000_rho1.0_independent-signed_seed1.pcf: ok (9 rows)
[1133/1200] out_n90000_rho1.0_independent-signed_seed2.pcf: ok (9 rows)
[1134/1200] out_n90000_rho1.0_independent-signed_seed3.pcf: ok (9 rows)
[1135/1200] out_n90000_rho1.0_independent-signed_seed4.pcf: ok (9 rows)
[1136/1200] out_n90000_rho1.0_near-ties_seed0.pcf: ok (9 rows)
[1137/1200] out_n90000_rho1.0_near-ties_seed1.pcf: ok (9 rows)
[1138/1200] out_n90000_rho1.0_near-ties_seed2.pcf: ok (9 rows)
[1139/1200] out_n90000_rho1.0_near-ties_seed3.pcf: ok (9 rows)
[1140/1200] out_n90000_rho1.0_near-ties_seed4.pcf: ok (9 rows)
[1141/1200] out_n900_rho0.6_anti-correlated_seed0.pcf: ok (9 rows)
[1142/1200] out_n900_rho0.6_anti-correlated_seed1.pcf: ok (9 rows)
[1143/1200] out_n900_rho0.6_anti-correlated_seed2.pcf: ok (9 rows)
[1144/1200] out_n900_rho0.6_anti-correlated_seed3.pcf: ok (9 rows)
[1145/1200] out_n900_rho0.6_anti-correlated_seed4.pcf: ok (9 rows)
[1146/1200] out_n900_rho0.6_correlated_seed0.pcf: ok (9 rows)
[1147/1200] out_n900_rho0.6_correlated_seed1.pcf: ok (9 rows)
[1148/1200] out_n900_rho0.6_correlated_seed2.pcf: ok (9 rows)
[1149/1200] out_n900_rho0.6_correlated_seed3.pcf: ok (9 rows)
[1150/1200] out_n900_rho0.6_correlated_seed4.pcf: ok (9 rows)
[1151/1200] out_n900_rho0.6_exact-ties_seed0.pcf: ok (9 rows)
[1152/1200] out_n900_rho0.6_exact-ties_seed1.pcf: ok (9 rows)
[1153/1200] out_n900_rho0.6_exact-ties_seed2.pcf: ok (9 rows)
[1154/1200] out_n900_rho0.6_exact-ties_seed3.pcf: ok (9 rows)
[1155/1200] out_n900_rho0.6_exact-ties_seed4.pcf: ok (9 rows)
[1156/1200] out_n900_rho0.6_independent-positive_seed0.pcf: ok (9 rows)
[1157/1200] out_n900_rho0.6_independent-positive_seed1.pcf: ok (9 rows)
[1158/1200] out_n900_rho0.6_independent-positive_seed2.pcf: ok (9 rows)
[1159/1200] out_n900_rho0.6_independent-positive_seed3.pcf: ok (9 rows)
[1160/1200] out_n900_rho0.6_independent-positive_seed4.pcf: ok (9 rows)
[1161/1200] out_n900_rho0.6_independent-signed_seed0.pcf: ok (9 rows)
[1162/1200] out_n900_rho0.6_independent-signed_seed1.pcf: ok (9 rows)
[1163/1200] out_n900_rho0.6_independent-signed_seed2.pcf: ok (9 rows)
[1164/1200] out_n900_rho0.6_independent-signed_seed3.pcf: ok (9 rows)
[1165/1200] out_n900_rho0.6_independent-signed_seed4.pcf: ok (9 rows)
[1166/1200] out_n900_rho0.6_near-ties_seed0.pcf: ok (9 rows)
[1167/1200] out_n900_rho0.6_near-ties_seed1.pcf: ok (9 rows)
[1168/1200] out_n900_rho0.6_near-ties_seed2.pcf: ok (9 rows)
[1169/1200] out_n900_rho0.6_near-ties_seed3.pcf: ok (9 rows)
[1170/1200] out_n900_rho0.6_near-ties_seed4.pcf: ok (9 rows)
[1171/1200] out_n900_rho1.0_anti-correlated_seed0.pcf: ok (9 rows)
[1172/1200] out_n900_rho1.0_anti-correlated_seed1.pcf: ok (9 rows)
[1173/1200] out_n900_rho1.0_anti-correlated_seed2.pcf: ok (9 rows)
[1174/1200] out_n900_rho1.0_anti-correlated_seed3.pcf: ok (9 rows)
[1175/1200] out_n900_rho1.0_anti-correlated_seed4.pcf: ok (9 rows)
[1176/1200] out_n900_rho1.0_correlated_seed0.pcf: ok (9 rows)
[1177/1200] out_n900_rho1.0_correlated_seed1.pcf: ok (9 rows)
[1178/1200] out_n900_rho1.0_correlated_seed2.pcf: ok (9 rows)
[1179/1200] out_n900_rho1.0_correlated_seed3.pcf: ok (9 rows)
[1180/1200] out_n900_rho1.0_correlated_seed4.pcf: ok (9 rows)
[1181/1200] out_n900_rho1.0_exact-ties_seed0.pcf: ok (9 rows)
[1182/1200] out_n900_rho1.0_exact-ties_seed1.pcf: ok (9 rows)
[1183/1200] out_n900_rho1.0_exact-ties_seed2.pcf: ok (9 rows)
[1184/1200] out_n900_rho1.0_exact-ties_seed3.pcf: ok (9 rows)
[1185/1200] out_n900_rho1.0_exact-ties_seed4.pcf: ok (9 rows)
[1186/1200] out_n900_rho1.0_independent-positive_seed0.pcf: ok (9 rows)
[1187/1200] out_n900_rho1.0_independent-positive_seed1.pcf: ok (9 rows)
[1188/1200] out_n900_rho1.0_independent-positive_seed2.pcf: ok (9 rows)
[1189/1200] out_n900_rho1.0_independent-positive_seed3.pcf: ok (9 rows)
[1190/1200] out_n900_rho1.0_independent-positive_seed4.pcf: ok (9 rows)
[1191/1200] out_n900_rho1.0_independent-signed_seed0.pcf: ok (9 rows)
[1192/1200] out_n900_rho1.0_independent-signed_seed1.pcf: ok (9 rows)
[1193/1200] out_n900_rho1.0_independent-signed_seed2.pcf: ok (9 rows)
[1194/1200] out_n900_rho1.0_independent-signed_seed3.pcf: ok (9 rows)
[1195/1200] out_n900_rho1.0_independent-signed_seed4.pcf: ok (9 rows)
[1196/1200] out_n900_rho1.0_near-ties_seed0.pcf: ok (9 rows)
[1197/1200] out_n900_rho1.0_near-ties_seed1.pcf: ok (9 rows)
[1198/1200] out_n900_rho1.0_near-ties_seed2.pcf: ok (9 rows)
[1199/1200] out_n900_rho1.0_near-ties_seed3.pcf: ok (9 rows)
[1200/1200] out_n900_rho1.0_near-ties_seed4.pcf: ok (9 rows)
wrote results/raw/campaign_e_out_hfma-homa-rac.csv (10800 rows), results/raw/campaign_e_out_hfma-homa-rac.failures.csv (0 censored instances)
=== official campaigns finished: 2026-08-28T18:53:06Z ===
