campaign_id,instance,algorithm,repetition,order,elapsed_ns,n_layers,n_breakpoints,sequence_hash,peak_rss_kib,git_commit,timestamp_utc,n_nodes,n_arcs,n_components,rac_clusters,rac_joins,rac_internalizations,rac_envelope_sum_calls,rac_envelope_max_calls,rac_hull_calls,rac_lines_scanned,rac_line_comparisons,rac_rational_comparisons,rac_pieces_stored,rac_topdown_events,rac_topdown_scans,rac_expanded_vertices,rac_expanded_edges,rac_rounds,rac_max_cluster_depth,rac_estimated_bytes
campaign_d_path,path_n1000_anti-correlated_seed0.pcf,dpac,0,0,41066390,502,501,16935519621515723462,12480,23f703aa3bc9,2026-08-28T16:54:32Z,1000,999,1,,,,,,,,,,,,,,,,,
campaign_d_path,path_n1000_anti-correlated_seed0.pcf,dpac,1,0,39457213,502,501,16935519621515723462,12480,23f703aa3bc9,2026-08-28T16:54:32Z,1000,999,1,,,,,,,,,,,,,,,,,
campaign_d_path,path_n1000_anti-correlated_seed0.pcf,dpac,2,0,39543105,502,501,16935519621515723462,12480,23f703aa3bc9,2026-08-28T16:54:32Z,1000,999,1,,,,,,,,,,,,,,,,,
campaign_d_path,path_n1000_anti-correlated_seed1.pcf,dpac,0,0,39686154,492,491,1924066342807025193,12480,23f703aa3bc9,2026-08-28T16:54:32Z,1000,999,1,,,,,,,,,,,,,,,,,
campaign_d_path,path_n1000_anti-correlated_seed1.pcf,dpac,1,0,39632682,492,491,1924066342807025193,12480,23f703aa3bc9,2026-08-28T16:54:32Z,1000,999,1,,,,,,,,,,,,,,,,,
campaign_d_path,path_n1000_anti-correlated_seed1.pcf,dpac,2,0,39305602,492,491,1924066342807025193,12480,23f703aa3bc9,2026-08-28T16:54:32Z,1000,999,1,,,,,,,,,,,,,,,,,
campaign_d_path,path_n1000_anti-correlated_seed2.pcf,dpac,0,0,40506626,480,479,536714764170904666,12480,23f703aa3bc9,2026-08-28T16:54:32Z,1000,999,1,,,,,,,,,,,,,,,,,
campaign_d_path,path_n1000_anti-correlated_seed2.pcf,dpac,1,0,40833118,480,479,536714764170904666,12480,23f703aa3bc9,2026-08-28T16:54:32Z,1000,999,1,,,,,,,,,,,,,,,,,
campaign_d_path,path_n1000_anti-correlated_seed2.pcf,dpac,2,0,40480444,480,479,536714764170904666,12480,23f703aa3bc9,2026-08-28T16:54:32Z,1000,999,1,,,,,,,,,,,,,,,,,
campaign_d_path,path_n1000_anti-correlated_seed3.pcf,dpac,0,0,41358594,502,501,161551509251267905,12480,23f703aa3bc9,2026-08-28T16:54:32Z,1000,999,1,,,,,,,,,,,,,,,,,
campaign_d_path,path_n1000_anti-correlated_seed3.pcf,dpac,1,0,40807389,502,501,161551509251267905,12480,23f703aa3bc9,2026-08-28T16:54:32Z,1000,999,1,,,,,,,,,,,,,,,,,
campaign_d_path,path_n1000_anti-correlated_seed3.pcf,dpac,2,0,40489087,502,501,161551509251267905,12480,23f703aa3bc9,2026-08-28T16:54:32Z,1000,999,1,,,,,,,,,,,,,,,,,
campaign_d_path,path_n1000_anti-correlated_seed4.pcf,dpac,0,0,40019472,505,504,12791867884987072815,12480,23f703aa3bc9,2026-08-28T16:54:32Z,1000,999,1,,,,,,,,,,,,,,,,,
campaign_d_path,path_n1000_anti-correlated_seed4.pcf,dpac,1,0,40497808,505,504,12791867884987072815,12480,23f703aa3bc9,2026-08-28T16:54:32Z,1000,999,1,,,,,,,,,,,,,,,,,
campaign_d_path,path_n1000_anti-correlated_seed4.pcf,dpac,2,0,39891494,505,504,12791867884987072815,12480,23f703aa3bc9,2026-08-28T16:54:32Z,1000,999,1,,,,,,,,,,,,,,,,,
campaign_d_path,path_n1000_anti-correlated_seed5.pcf,dpac,0,0,39599593,482,481,11555328670351850166,12480,23f703aa3bc9,2026-08-28T16:54:32Z,1000,999,1,,,,,,,,,,,,,,,,,
campaign_d_path,path_n1000_anti-correlated_seed5.pcf,dpac,1,0,39548876,482,481,11555328670351850166,12480,23f703aa3bc9,2026-08-28T16:54:32Z,1000,999,1,,,,,,,,,,,,,,,,,
campaign_d_path,path_n1000_anti-correlated_seed5.pcf,dpac,2,0,39511659,482,481,11555328670351850166,12480,23f703aa3bc9,2026-08-28T16:54:32Z,1000,999,1,,,,,,,,,,,,,,,,,
campaign_d_path,path_n1000_anti-correlated_seed6.pcf,dpac,0,0,40177957,492,491,10658087021322306727,12480,23f703aa3bc9,2026-08-28T16:54:32Z,1000,999,1,,,,,,,,,,,,,,,,,
campaign_d_path,path_n1000_anti-correlated_seed6.pcf,dpac,1,0,40017319,492,491,10658087021322306727,12480,23f703aa3bc9,2026-08-28T16:54:32Z,1000,999,1,,,,,,,,,,,,,,,,,
campaign_d_path,path_n1000_anti-correlated_seed6.pcf,dpac,2,0,39431182,492,491,10658087021322306727,12480,23f703aa3bc9,2026-08-28T16:54:32Z,1000,999,1,,,,,,,,,,,,,,,,,
campaign_d_path,path_n1000_anti-correlated_seed7.pcf,dpac,0,0,41263125,532,531,8736938258054479315,12480,23f703aa3bc9,2026-08-28T16:54:33Z,1000,999,1,,,,,,,,,,,,,,,,,
campaign_d_path,path_n1000_anti-correlated_seed7.pcf,dpac,1,0,41411447,532,531,8736938258054479315,12480,23f703aa3bc9,2026-08-28T16:54:33Z,1000,999,1,,,,,,,,,,,,,,,,,
campaign_d_path,path_n1000_anti-correlated_seed7.pcf,dpac,2,0,41574207,532,531,8736938258054479315,12480,23f703aa3bc9,2026-08-28T16:54:33Z,1000,999,1,,,,,,,,,,,,,,,,,
campaign_d_path,path_n1000_anti-correlated_seed8.pcf,dpac,0,0,41349157,516,515,7325817241273788531,12480,23f703aa3bc9,2026-08-28T16:54:33Z,1000,999,1,,,,,,,,,,,,,,,,,
campaign_d_path,path_n1000_anti-correlated_seed8.pcf,dpac,1,0,40802434,516,515,7325817241273788531,12480,23f703aa3bc9,2026-08-28T16:54:33Z,1000,999,1,,,,,,,,,,,,,,,,,
campaign_d_path,path_n1000_anti-correlated_seed8.pcf,dpac,2,0,32909020,516,515,7325817241273788531,12480,23f703aa3bc9,2026-08-28T16:54:33Z,1000,999,1,,,,,,,,,,,,,,,,,
campaign_d_path,path_n1000_anti-correlated_seed9.pcf,dpac,0,0,41081292,522,521,13819279261967935110,12480,23f703aa3bc9,2026-08-28T16:54:33Z,1000,999,1,,,,,,,,,,,,,,,,,
campaign_d_path,path_n1000_anti-correlated_seed9.pcf,dpac,1,0,40308654,522,521,13819279261967935110,12480,23f703aa3bc9,2026-08-28T16:54:33Z,1000,999,1,,,,,,,,,,,,,,,,,
campaign_d_path,path_n1000_anti-correlated_seed9.pcf,dpac,2,0,39319527,522,521,13819279261967935110,12480,23f703aa3bc9,2026-08-28T16:54:33Z,1000,999,1,,,,,,,,,,,,,,,,,
campaign_d_path,path_n1000_correlated_seed0.pcf,dpac,0,0,35019052,487,486,7433161118459289135,12480,23f703aa3bc9,2026-08-28T16:54:33Z,1000,999,1,,,,,,,,,,,,,,,,,
campaign_d_path,path_n1000_correlated_seed0.pcf,dpac,1,0,36737111,487,486,7433161118459289135,12480,23f703aa3bc9,2026-08-28T16:54:33Z,1000,999,1,,,,,,,,,,,,,,,,,
campaign_d_path,path_n1000_correlated_seed0.pcf,dpac,2,0,36154774,487,486,7433161118459289135,12480,23f703aa3bc9,2026-08-28T16:54:33Z,1000,999,1,,,,,,,,,,,,,,,,,
campaign_d_path,path_n1000_correlated_seed1.pcf,dpac,0,0,36235176,502,501,9668108733299075144,12480,23f703aa3bc9,2026-08-28T16:54:33Z,1000,999,1,,,,,,,,,,,,,,,,,
campaign_d_path,path_n1000_correlated_seed1.pcf,dpac,1,0,37764006,502,501,9668108733299075144,12480,23f703aa3bc9,2026-08-28T16:54:33Z,1000,999,1,,,,,,,,,,,,,,,,,
campaign_d_path,path_n1000_correlated_seed1.pcf,dpac,2,0,38118444,502,501,9668108733299075144,12480,23f703aa3bc9,2026-08-28T16:54:33Z,1000,999,1,,,,,,,,,,,,,,,,,
campaign_d_path,path_n1000_correlated_seed2.pcf,dpac,0,0,37471034,479,478,16001192211034580430,12640,23f703aa3bc9,2026-08-28T16:54:33Z,1000,999,1,,,,,,,,,,,,,,,,,
campaign_d_path,path_n1000_correlated_seed2.pcf,dpac,1,0,37946105,479,478,16001192211034580430,12640,23f703aa3bc9,2026-08-28T16:54:33Z,1000,999,1,,,,,,,,,,,,,,,,,
campaign_d_path,path_n1000_correlated_seed2.pcf,dpac,2,0,38597254,479,478,16001192211034580430,12640,23f703aa3bc9,2026-08-28T16:54:33Z,1000,999,1,,,,,,,,,,,,,,,,,
campaign_d_path,path_n1000_correlated_seed3.pcf,dpac,0,0,37940701,512,511,16694597662282392873,12640,23f703aa3bc9,2026-08-28T16:54:33Z,1000,999,1,,,,,,,,,,,,,,,,,
campaign_d_path,path_n1000_correlated_seed3.pcf,dpac,1,0,33619853,512,511,16694597662282392873,12640,23f703aa3bc9,2026-08-28T16:54:33Z,1000,999,1,,,,,,,,,,,,,,,,,
campaign_d_path,path_n1000_correlated_seed3.pcf,dpac,2,0,36688311,512,511,16694597662282392873,12640,23f703aa3bc9,2026-08-28T16:54:33Z,1000,999,1,,,,,,,,,,,,,,,,,
campaign_d_path,path_n1000_correlated_seed4.pcf,dpac,0,0,37541692,468,467,1064764176270096069,12640,23f703aa3bc9,2026-08-28T16:54:33Z,1000,999,1,,,,,,,,,,,,,,,,,
campaign_d_path,path_n1000_correlated_seed4.pcf,dpac,1,0,39377352,468,467,1064764176270096069,12640,23f703aa3bc9,2026-08-28T16:54:33Z,1000,999,1,,,,,,,,,,,,,,,,,
campaign_d_path,path_n1000_correlated_seed4.pcf,dpac,2,0,38479333,468,467,1064764176270096069,12640,23f703aa3bc9,2026-08-28T16:54:33Z,1000,999,1,,,,,,,,,,,,,,,,,
campaign_d_path,path_n1000_correlated_seed5.pcf,dpac,0,0,37110245,490,489,17956302385991228350,12640,23f703aa3bc9,2026-08-28T16:54:33Z,1000,999,1,,,,,,,,,,,,,,,,,
campaign_d_path,path_n1000_correlated_seed5.pcf,dpac,1,0,37052418,490,489,17956302385991228350,12640,23f703aa3bc9,2026-08-28T16:54:34Z,1000,999,1,,,,,,,,,,,,,,,,,
campaign_d_path,path_n1000_correlated_seed5.pcf,dpac,2,0,37097681,490,489,17956302385991228350,12640,23f703aa3bc9,2026-08-28T16:54:34Z,1000,999,1,,,,,,,,,,,,,,,,,
campaign_d_path,path_n1000_correlated_seed6.pcf,dpac,0,0,37976681,515,514,14527202624831157941,12640,23f703aa3bc9,2026-08-28T16:54:34Z,1000,999,1,,,,,,,,,,,,,,,,,
campaign_d_path,path_n1000_correlated_seed6.pcf,dpac,1,0,37652050,515,514,14527202624831157941,12640,23f703aa3bc9,2026-08-28T16:54:34Z,1000,999,1,,,,,,,,,,,,,,,,,
campaign_d_path,path_n1000_correlated_seed6.pcf,dpac,2,0,37994933,515,514,14527202624831157941,12640,23f703aa3bc9,2026-08-28T16:54:34Z,1000,999,1,,,,,,,,,,,,,,,,,
campaign_d_path,path_n1000_correlated_seed7.pcf,dpac,0,0,37262564,465,464,8020516593491210679,12640,23f703aa3bc9,2026-08-28T16:54:34Z,1000,999,1,,,,,,,,,,,,,,,,,
campaign_d_path,path_n1000_correlated_seed7.pcf,dpac,1,0,37070852,465,464,8020516593491210679,12640,23f703aa3bc9,2026-08-28T16:54:34Z,1000,999,1,,,,,,,,,,,,,,,,,
campaign_d_path,path_n1000_correlated_seed7.pcf,dpac,2,0,36995016,465,464,8020516593491210679,12640,23f703aa3bc9,2026-08-28T16:54:34Z,1000,999,1,,,,,,,,,,,,,,,,,
campaign_d_path,path_n1000_correlated_seed8.pcf,dpac,0,0,37967623,489,488,4517763012840538860,12640,23f703aa3bc9,2026-08-28T16:54:34Z,1000,999,1,,,,,,,,,,,,,,,,,
campaign_d_path,path_n1000_correlated_seed8.pcf,dpac,1,0,37309870,489,488,4517763012840538860,12640,23f703aa3bc9,2026-08-28T16:54:34Z,1000,999,1,,,,,,,,,,,,,,,,,
campaign_d_path,path_n1000_correlated_seed8.pcf,dpac,2,0,37421276,489,488,4517763012840538860,12640,23f703aa3bc9,2026-08-28T16:54:34Z,1000,999,1,,,,,,,,,,,,,,,,,
campaign_d_path,path_n1000_correlated_seed9.pcf,dpac,0,0,38730358,491,490,987591904912111865,12640,23f703aa3bc9,2026-08-28T16:54:34Z,1000,999,1,,,,,,,,,,,,,,,,,
campaign_d_path,path_n1000_correlated_seed9.pcf,dpac,1,0,35749313,491,490,987591904912111865,12640,23f703aa3bc9,2026-08-28T16:54:34Z,1000,999,1,,,,,,,,,,,,,,,,,
campaign_d_path,path_n1000_correlated_seed9.pcf,dpac,2,0,32900451,491,490,987591904912111865,12640,23f703aa3bc9,2026-08-28T16:54:34Z,1000,999,1,,,,,,,,,,,,,,,,,
campaign_d_path,path_n1000_exact-ties_seed0.pcf,dpac,0,0,18225198,281,280,18443870756850826800,12640,23f703aa3bc9,2026-08-28T16:54:34Z,1000,999,1,,,,,,,,,,,,,,,,,
campaign_d_path,path_n1000_exact-ties_seed0.pcf,dpac,1,0,18579148,281,280,18443870756850826800,12640,23f703aa3bc9,2026-08-28T16:54:34Z,1000,999,1,,,,,,,,,,,,,,,,,
campaign_d_path,path_n1000_exact-ties_seed0.pcf,dpac,2,0,21500939,281,280,18443870756850826800,12640,23f703aa3bc9,2026-08-28T16:54:34Z,1000,999,1,,,,,,,,,,,,,,,,,
campaign_d_path,path_n1000_exact-ties_seed1.pcf,dpac,0,0,22105550,282,281,4085726216631117174,12640,23f703aa3bc9,2026-08-28T16:54:34Z,1000,999,1,,,,,,,,,,,,,,,,,
campaign_d_path,path_n1000_exact-ties_seed1.pcf,dpac,1,0,21978939,282,281,4085726216631117174,12640,23f703aa3bc9,2026-08-28T16:54:34Z,1000,999,1,,,,,,,,,,,,,,,,,
campaign_d_path,path_n1000_exact-ties_seed1.pcf,dpac,2,0,21802659,282,281,4085726216631117174,12640,23f703aa3bc9,2026-08-28T16:54:34Z,1000,999,1,,,,,,,,,,,,,,,,,
campaign_d_path,path_n1000_exact-ties_seed2.pcf,dpac,0,0,23183939,299,298,8224018542053058774,12640,23f703aa3bc9,2026-08-28T16:54:34Z,1000,999,1,,,,,,,,,,,,,,,,,
campaign_d_path,path_n1000_exact-ties_seed2.pcf,dpac,1,0,22647210,299,298,8224018542053058774,12640,23f703aa3bc9,2026-08-28T16:54:34Z,1000,999,1,,,,,,,,,,,,,,,,,
campaign_d_path,path_n1000_exact-ties_seed2.pcf,dpac,2,0,22943359,299,298,8224018542053058774,12640,23f703aa3bc9,2026-08-28T16:54:34Z,1000,999,1,,,,,,,,,,,,,,,,,
campaign_d_path,path_n1000_exact-ties_seed3.pcf,dpac,0,0,24103431,294,293,7709956160726887228,12640,23f703aa3bc9,2026-08-28T16:54:34Z,1000,999,1,,,,,,,,,,,,,,,,,
campaign_d_path,path_n1000_exact-ties_seed3.pcf,dpac,1,0,23532751,294,293,7709956160726887228,12640,23f703aa3bc9,2026-08-28T16:54:34Z,1000,999,1,,,,,,,,,,,,,,,,,
campaign_d_path,path_n1000_exact-ties_seed3.pcf,dpac,2,0,23587025,294,293,7709956160726887228,12640,23f703aa3bc9,2026-08-28T16:54:34Z,1000,999,1,,,,,,,,,,,,,,,,,
campaign_d_path,path_n1000_exact-ties_seed4.pcf,dpac,0,0,22541954,292,291,15696242731569857575,12640,23f703aa3bc9,2026-08-28T16:54:34Z,1000,999,1,,,,,,,,,,,,,,,,,
campaign_d_path,path_n1000_exact-ties_seed4.pcf,dpac,1,0,22283149,292,291,15696242731569857575,12640,23f703aa3bc9,2026-08-28T16:54:34Z,1000,999,1,,,,,,,,,,,,,,,,,
campaign_d_path,path_n1000_exact-ties_seed4.pcf,dpac,2,0,22162413,292,291,15696242731569857575,12640,23f703aa3bc9,2026-08-28T16:54:34Z,1000,999,1,,,,,,,,,,,,,,,,,
campaign_d_path,path_n1000_exact-ties_seed5.pcf,dpac,0,0,24947335,289,288,9051183140272186348,12640,23f703aa3bc9,2026-08-28T16:54:34Z,1000,999,1,,,,,,,,,,,,,,,,,
campaign_d_path,path_n1000_exact-ties_seed5.pcf,dpac,1,0,23761945,289,288,9051183140272186348,12640,23f703aa3bc9,2026-08-28T16:54:34Z,1000,999,1,,,,,,,,,,,,,,,,,
campaign_d_path,path_n1000_exact-ties_seed5.pcf,dpac,2,0,24078416,289,288,9051183140272186348,12640,23f703aa3bc9,2026-08-28T16:54:34Z,1000,999,1,,,,,,,,,,,,,,,,,
campaign_d_path,path_n1000_exact-ties_seed6.pcf,dpac,0,0,21820400,281,280,7330265068900645551,12640,23f703aa3bc9,2026-08-28T16:54:34Z,1000,999,1,,,,,,,,,,,,,,,,,
campaign_d_path,path_n1000_exact-ties_seed6.pcf,dpac,1,0,21749770,281,280,7330265068900645551,12640,23f703aa3bc9,2026-08-28T16:54:34Z,1000,999,1,,,,,,,,,,,,,,,,,
campaign_d_path,path_n1000_exact-ties_seed6.pcf,dpac,2,0,21361280,281,280,7330265068900645551,12640,23f703aa3bc9,2026-08-28T16:54:35Z,1000,999,1,,,,,,,,,,,,,,,,,
campaign_d_path,path_n1000_exact-ties_seed7.pcf,dpac,0,0,22517066,281,280,3668408722758941777,12640,23f703aa3bc9,2026-08-28T16:54:35Z,1000,999,1,,,,,,,,,,,,,,,,,
campaign_d_path,path_n1000_exact-ties_seed7.pcf,dpac,1,0,22386677,281,280,3668408722758941777,12640,23f703aa3bc9,2026-08-28T16:54:35Z,1000,999,1,,,,,,,,,,,,,,,,,
campaign_d_path,path_n1000_exact-ties_seed7.pcf,dpac,2,0,22345067,281,280,3668408722758941777,12640,23f703aa3bc9,2026-08-28T16:54:35Z,1000,999,1,,,,,,,,,,,,,,,,,
campaign_d_path,path_n1000_exact-ties_seed8.pcf,dpac,0,0,21152908,264,263,928583672306593038,12640,23f703aa3bc9,2026-08-28T16:54:35Z,1000,999,1,,,,,,,,,,,,,,,,,
campaign_d_path,path_n1000_exact-ties_seed8.pcf,dpac,1,0,21052078,264,263,928583672306593038,12640,23f703aa3bc9,2026-08-28T16:54:35Z,1000,999,1,,,,,,,,,,,,,,,,,
campaign_d_path,path_n1000_exact-ties_seed8.pcf,dpac,2,0,20793051,264,263,928583672306593038,12640,23f703aa3bc9,2026-08-28T16:54:35Z,1000,999,1,,,,,,,,,,,,,,,,,
campaign_d_path,path_n1000_exact-ties_seed9.pcf,dpac,0,0,23585343,291,290,10398986907534139829,12640,23f703aa3bc9,2026-08-28T16:54:35Z,1000,999,1,,,,,,,,,,,,,,,,,
campaign_d_path,path_n1000_exact-ties_seed9.pcf,dpac,1,0,23163160,291,290,10398986907534139829,12640,23f703aa3bc9,2026-08-28T16:54:35Z,1000,999,1,,,,,,,,,,,,,,,,,
campaign_d_path,path_n1000_exact-ties_seed9.pcf,dpac,2,0,23272543,291,290,10398986907534139829,12640,23f703aa3bc9,2026-08-28T16:54:35Z,1000,999,1,,,,,,,,,,,,,,,,,
campaign_d_path,path_n1000_independent-positive_seed0.pcf,dpac,0,0,41175000,506,505,10353653714617739437,12640,23f703aa3bc9,2026-08-28T16:54:35Z,1000,999,1,,,,,,,,,,,,,,,,,
campaign_d_path,path_n1000_independent-positive_seed0.pcf,dpac,1,0,40511140,506,505,10353653714617739437,12640,23f703aa3bc9,2026-08-28T16:54:35Z,1000,999,1,,,,,,,,,,,,,,,,,
campaign_d_path,path_n1000_independent-positive_seed0.pcf,dpac,2,0,40659670,506,505,10353653714617739437,12640,23f703aa3bc9,2026-08-28T16:54:35Z,1000,999,1,,,,,,,,,,,,,,,,,
campaign_d_path,path_n1000_independent-positive_seed1.pcf,dpac,0,0,40463195,515,514,15099045676642673986,12640,23f703aa3bc9,2026-08-28T16:54:35Z,1000,999,1,,,,,,,,,,,,,,,,,
campaign_d_path,path_n1000_independent-positive_seed1.pcf,dpac,1,0,40571292,515,514,15099045676642673986,12640,23f703aa3bc9,2026-08-28T16:54:35Z,1000,999,1,,,,,,,,,,,,,,,,,
campaign_d_path,path_n1000_independent-positive_seed1.pcf,dpac,2,0,40213389,515,514,15099045676642673986,12640,23f703aa3bc9,2026-08-28T16:54:35Z,1000,999,1,,,,,,,,,,,,,,,,,
campaign_d_path,path_n1000_independent-positive_seed2.pcf,dpac,0,0,39565812,488,487,12944025321405183370,12800,23f703aa3bc9,2026-08-28T16:54:35Z,1000,999,1,,,,,,,,,,,,,,,,,
campaign_d_path,path_n1000_independent-positive_seed2.pcf,dpac,1,0,39950700,488,487,12944025321405183370,12800,23f703aa3bc9,2026-08-28T16:54:35Z,1000,999,1,,,,,,,,,,,,,,,,,
campaign_d_path,path_n1000_independent-positive_seed2.pcf,dpac,2,0,39251569,488,487,12944025321405183370,12800,23f703aa3bc9,2026-08-28T16:54:35Z,1000,999,1,,,,,,,,,,,,,,,,,
campaign_d_path,path_n1000_independent-positive_seed3.pcf,dpac,0,0,39792786,521,520,9322227173902624909,12800,23f703aa3bc9,2026-08-28T16:54:35Z,1000,999,1,,,,,,,,,,,,,,,,,
campaign_d_path,path_n1000_independent-positive_seed3.pcf,dpac,1,0,40198726,521,520,9322227173902624909,12800,23f703aa3bc9,2026-08-28T16:54:35Z,1000,999,1,,,,,,,,,,,,,,,,,
campaign_d_path,path_n1000_independent-positive_seed3.pcf,dpac,2,0,40065712,521,520,9322227173902624909,12800,23f703aa3bc9,2026-08-28T16:54:35Z,1000,999,1,,,,,,,,,,,,,,,,,
campaign_d_path,path_n1000_independent-positive_seed4.pcf,dpac,0,0,39778398,495,494,8002674769749151302,12800,23f703aa3bc9,2026-08-28T16:54:35Z,1000,999,1,,,,,,,,,,,,,,,,,
campaign_d_path,path_n1000_independent-positive_seed4.pcf,dpac,1,0,40316831,495,494,8002674769749151302,12800,23f703aa3bc9,2026-08-28T16:54:35Z,1000,999,1,,,,,,,,,,,,,,,,,
campaign_d_path,path_n1000_independent-positive_seed4.pcf,dpac,2,0,40390508,495,494,8002674769749151302,12800,23f703aa3bc9,2026-08-28T16:54:35Z,1000,999,1,,,,,,,,,,,,,,,,,
campaign_d_path,path_n1000_independent-positive_seed5.pcf,dpac,0,0,39872796,467,466,9087508991122638595,12800,23f703aa3bc9,2026-08-28T16:54:35Z,1000,999,1,,,,,,,,,,,,,,,,,
campaign_d_path,path_n1000_independent-positive_seed5.pcf,dpac,1,0,39284345,467,466,9087508991122638595,12800,23f703aa3bc9,2026-08-28T16:54:35Z,1000,999,1,,,,,,,,,,,,,,,,,
campaign_d_path,path_n1000_independent-positive_seed5.pcf,dpac,2,0,39569240,467,466,9087508991122638595,12800,23f703aa3bc9,2026-08-28T16:54:35Z,1000,999,1,,,,,,,,,,,,,,,,,
campaign_d_path,path_n1000_independent-positive_seed6.pcf,dpac,0,0,40741996,497,496,7031867944954498140,12800,23f703aa3bc9,2026-08-28T16:54:36Z,1000,999,1,,,,,,,,,,,,,,,,,
campaign_d_path,path_n1000_independent-positive_seed6.pcf,dpac,1,0,40541758,497,496,7031867944954498140,12800,23f703aa3bc9,2026-08-28T16:54:36Z,1000,999,1,,,,,,,,,,,,,,,,,
campaign_d_path,path_n1000_independent-positive_seed6.pcf,dpac,2,0,40385065,497,496,7031867944954498140,12800,23f703aa3bc9,2026-08-28T16:54:36Z,1000,999,1,,,,,,,,,,,,,,,,,
campaign_d_path,path_n1000_independent-positive_seed7.pcf,dpac,0,0,41459376,517,516,9835819063531573620,12800,23f703aa3bc9,2026-08-28T16:54:36Z,1000,999,1,,,,,,,,,,,,,,,,,
campaign_d_path,path_n1000_independent-positive_seed7.pcf,dpac,1,0,40995400,517,516,9835819063531573620,12800,23f703aa3bc9,2026-08-28T16:54:36Z,1000,999,1,,,,,,,,,,,,,,,,,
campaign_d_path,path_n1000_independent-positive_seed7.pcf,dpac,2,0,40605341,517,516,9835819063531573620,12800,23f703aa3bc9,2026-08-28T16:54:36Z,1000,999,1,,,,,,,,,,,,,,,,,
campaign_d_path,path_n1000_independent-positive_seed8.pcf,dpac,0,0,39264863,482,481,15357673099102797174,12800,23f703aa3bc9,2026-08-28T16:54:36Z,1000,999,1,,,,,,,,,,,,,,,,,
campaign_d_path,path_n1000_independent-positive_seed8.pcf,dpac,1,0,39381708,482,481,15357673099102797174,12800,23f703aa3bc9,2026-08-28T16:54:36Z,1000,999,1,,,,,,,,,,,,,,,,,
campaign_d_path,path_n1000_independent-positive_seed8.pcf,dpac,2,0,39372140,482,481,15357673099102797174,12800,23f703aa3bc9,2026-08-28T16:54:36Z,1000,999,1,,,,,,,,,,,,,,,,,
campaign_d_path,path_n1000_independent-positive_seed9.pcf,dpac,0,0,40581955,512,511,13370371739337453285,12800,23f703aa3bc9,2026-08-28T16:54:36Z,1000,999,1,,,,,,,,,,,,,,,,,
campaign_d_path,path_n1000_independent-positive_seed9.pcf,dpac,1,0,40777551,512,511,13370371739337453285,12800,23f703aa3bc9,2026-08-28T16:54:36Z,1000,999,1,,,,,,,,,,,,,,,,,
campaign_d_path,path_n1000_independent-positive_seed9.pcf,dpac,2,0,40848571,512,511,13370371739337453285,12800,23f703aa3bc9,2026-08-28T16:54:36Z,1000,999,1,,,,,,,,,,,,,,,,,
campaign_d_path,path_n1000_independent-signed_seed0.pcf,dpac,0,0,39733627,500,499,1995022527166153104,12800,23f703aa3bc9,2026-08-28T16:54:36Z,1000,999,1,,,,,,,,,,,,,,,,,
campaign_d_path,path_n1000_independent-signed_seed0.pcf,dpac,1,0,39600029,500,499,1995022527166153104,12800,23f703aa3bc9,2026-08-28T16:54:36Z,1000,999,1,,,,,,,,,,,,,,,,,
campaign_d_path,path_n1000_independent-signed_seed0.pcf,dpac,2,0,39342681,500,499,1995022527166153104,12800,23f703aa3bc9,2026-08-28T16:54:36Z,1000,999,1,,,,,,,,,,,,,,,,,
campaign_d_path,path_n1000_independent-signed_seed1.pcf,dpac,0,0,40272039,526,525,17607672240116349038,12800,23f703aa3bc9,2026-08-28T16:54:36Z,1000,999,1,,,,,,,,,,,,,,,,,
campaign_d_path,path_n1000_independent-signed_seed1.pcf,dpac,1,0,40321058,526,525,17607672240116349038,12800,23f703aa3bc9,2026-08-28T16:54:36Z,1000,999,1,,,,,,,,,,,,,,,,,
campaign_d_path,path_n1000_independent-signed_seed1.pcf,dpac,2,0,40136187,526,525,17607672240116349038,12800,23f703aa3bc9,2026-08-28T16:54:36Z,1000,999,1,,,,,,,,,,,,,,,,,
campaign_d_path,path_n1000_independent-signed_seed2.pcf,dpac,0,0,40044347,503,502,4945630770981350400,12800,23f703aa3bc9,2026-08-28T16:54:36Z,1000,999,1,,,,,,,,,,,,,,,,,
campaign_d_path,path_n1000_independent-signed_seed2.pcf,dpac,1,0,40066105,503,502,4945630770981350400,12800,23f703aa3bc9,2026-08-28T16:54:36Z,1000,999,1,,,,,,,,,,,,,,,,,
campaign_d_path,path_n1000_independent-signed_seed2.pcf,dpac,2,0,39923496,503,502,4945630770981350400,12800,23f703aa3bc9,2026-08-28T16:54:36Z,1000,999,1,,,,,,,,,,,,,,,,,
campaign_d_path,path_n1000_independent-signed_seed3.pcf,dpac,0,0,40648040,518,517,8591273303766550067,12800,23f703aa3bc9,2026-08-28T16:54:36Z,1000,999,1,,,,,,,,,,,,,,,,,
campaign_d_path,path_n1000_independent-signed_seed3.pcf,dpac,1,0,41571642,518,517,8591273303766550067,12800,23f703aa3bc9,2026-08-28T16:54:36Z,1000,999,1,,,,,,,,,,,,,,,,,
campaign_d_path,path_n1000_independent-signed_seed3.pcf,dpac,2,0,41795930,518,517,8591273303766550067,12800,23f703aa3bc9,2026-08-28T16:54:36Z,1000,999,1,,,,,,,,,,,,,,,,,
campaign_d_path,path_n1000_independent-signed_seed4.pcf,dpac,0,0,41765453,499,498,13505017024664930155,12800,23f703aa3bc9,2026-08-28T16:54:37Z,1000,999,1,,,,,,,,,,,,,,,,,
campaign_d_path,path_n1000_independent-signed_seed4.pcf,dpac,1,0,39617704,499,498,13505017024664930155,12800,23f703aa3bc9,2026-08-28T16:54:37Z,1000,999,1,,,,,,,,,,,,,,,,,
campaign_d_path,path_n1000_independent-signed_seed4.pcf,dpac,2,0,39046076,499,498,13505017024664930155,12800,23f703aa3bc9,2026-08-28T16:54:37Z,1000,999,1,,,,,,,,,,,,,,,,,
campaign_d_path,path_n1000_independent-signed_seed5.pcf,dpac,0,0,38327152,465,464,14534645606636722691,12800,23f703aa3bc9,2026-08-28T16:54:37Z,1000,999,1,,,,,,,,,,,,,,,,,
campaign_d_path,path_n1000_independent-signed_seed5.pcf,dpac,1,0,38269068,465,464,14534645606636722691,12800,23f703aa3bc9,2026-08-28T16:54:37Z,1000,999,1,,,,,,,,,,,,,,,,,
campaign_d_path,path_n1000_independent-signed_seed5.pcf,dpac,2,0,38261875,465,464,14534645606636722691,12800,23f703aa3bc9,2026-08-28T16:54:37Z,1000,999,1,,,,,,,,,,,,,,,,,
campaign_d_path,path_n1000_independent-signed_seed6.pcf,dpac,0,0,38999796,501,500,985269371110221696,12800,23f703aa3bc9,2026-08-28T16:54:37Z,1000,999,1,,,,,,,,,,,,,,,,,
campaign_d_path,path_n1000_independent-signed_seed6.pcf,dpac,1,0,39439484,501,500,985269371110221696,12800,23f703aa3bc9,2026-08-28T16:54:37Z,1000,999,1,,,,,,,,,,,,,,,,,
campaign_d_path,path_n1000_independent-signed_seed6.pcf,dpac,2,0,39204604,501,500,985269371110221696,12800,23f703aa3bc9,2026-08-28T16:54:37Z,1000,999,1,,,,,,,,,,,,,,,,,
campaign_d_path,path_n1000_independent-signed_seed7.pcf,dpac,0,0,39116915,493,492,13926724897693954410,12800,23f703aa3bc9,2026-08-28T16:54:37Z,1000,999,1,,,,,,,,,,,,,,,,,
campaign_d_path,path_n1000_independent-signed_seed7.pcf,dpac,1,0,39058665,493,492,13926724897693954410,12800,23f703aa3bc9,2026-08-28T16:54:37Z,1000,999,1,,,,,,,,,,,,,,,,,
campaign_d_path,path_n1000_independent-signed_seed7.pcf,dpac,2,0,39117721,493,492,13926724897693954410,12800,23f703aa3bc9,2026-08-28T16:54:37Z,1000,999,1,,,,,,,,,,,,,,,,,
campaign_d_path,path_n1000_independent-signed_seed8.pcf,dpac,0,0,39263115,502,501,2011392312462975942,12800,23f703aa3bc9,2026-08-28T16:54:37Z,1000,999,1,,,,,,,,,,,,,,,,,
campaign_d_path,path_n1000_independent-signed_seed8.pcf,dpac,1,0,38881220,502,501,2011392312462975942,12800,23f703aa3bc9,2026-08-28T16:54:37Z,1000,999,1,,,,,,,,,,,,,,,,,
campaign_d_path,path_n1000_independent-signed_seed8.pcf,dpac,2,0,39404459,502,501,2011392312462975942,12800,23f703aa3bc9,2026-08-28T16:54:37Z,1000,999,1,,,,,,,,,,,,,,,,,
campaign_d_path,path_n1000_independent-signed_seed9.pcf,dpac,0,0,39022924,490,489,4496937817220414043,12800,23f703aa3bc9,2026-08-28T16:54:37Z,1000,999,1,,,,,,,,,,,,,,,,,
campaign_d_path,path_n1000_independent-signed_seed9.pcf,dpac,1,0,38628170,490,489,4496937817220414043,12800,23f703aa3bc9,2026-08-28T16:54:37Z,1000,999,1,,,,,,,,,,,,,,,,,
campaign_d_path,path_n1000_independent-signed_seed9.pcf,dpac,2,0,39248862,490,489,4496937817220414043,12800,23f703aa3bc9,2026-08-28T16:54:37Z,1000,999,1,,,,,,,,,,,,,,,,,
campaign_d_path,path_n1000_near-ties_seed0.pcf,dpac,0,0,26942957,248,247,17511391109668189307,12960,23f703aa3bc9,2026-08-28T16:54:37Z,1000,999,1,,,,,,,,,,,,,,,,,
campaign_d_path,path_n1000_near-ties_seed0.pcf,dpac,1,0,26861905,248,247,17511391109668189307,12960,23f703aa3bc9,2026-08-28T16:54:37Z,1000,999,1,,,,,,,,,,,,,,,,,
campaign_d_path,path_n1000_near-ties_seed0.pcf,dpac,2,0,26723442,248,247,17511391109668189307,12960,23f703aa3bc9,2026-08-28T16:54:37Z,1000,999,1,,,,,,,,,,,,,,,,,
campaign_d_path,path_n1000_near-ties_seed1.pcf,dpac,0,0,26293344,256,255,10336510207949090702,12960,23f703aa3bc9,2026-08-28T16:54:37Z,1000,999,1,,,,,,,,,,,,,,,,,
campaign_d_path,path_n1000_near-ties_seed1.pcf,dpac,1,0,25851827,256,255,10336510207949090702,12960,23f703aa3bc9,2026-08-28T16:54:37Z,1000,999,1,,,,,,,,,,,,,,,,,
campaign_d_path,path_n1000_near-ties_seed1.pcf,dpac,2,0,26061641,256,255,10336510207949090702,12960,23f703aa3bc9,2026-08-28T16:54:37Z,1000,999,1,,,,,,,,,,,,,,,,,
campaign_d_path,path_n1000_near-ties_seed2.pcf,dpac,0,0,25594309,245,244,10838699117102074687,12960,23f703aa3bc9,2026-08-28T16:54:37Z,1000,999,1,,,,,,,,,,,,,,,,,
campaign_d_path,path_n1000_near-ties_seed2.pcf,dpac,1,0,25785632,245,244,10838699117102074687,12960,23f703aa3bc9,2026-08-28T16:54:37Z,1000,999,1,,,,,,,,,,,,,,,,,
campaign_d_path,path_n1000_near-ties_seed2.pcf,dpac,2,0,25930227,245,244,10838699117102074687,12960,23f703aa3bc9,2026-08-28T16:54:37Z,1000,999,1,,,,,,,,,,,,,,,,,
campaign_d_path,path_n1000_near-ties_seed3.pcf,dpac,0,0,24807823,262,261,13083548083721345297,12960,23f703aa3bc9,2026-08-28T16:54:37Z,1000,999,1,,,,,,,,,,,,,,,,,
campaign_d_path,path_n1000_near-ties_seed3.pcf,dpac,1,0,24544377,262,261,13083548083721345297,12960,23f703aa3bc9,2026-08-28T16:54:37Z,1000,999,1,,,,,,,,,,,,,,,,,
campaign_d_path,path_n1000_near-ties_seed3.pcf,dpac,2,0,24652047,262,261,13083548083721345297,12960,23f703aa3bc9,2026-08-28T16:54:38Z,1000,999,1,,,,,,,,,,,,,,,,,
campaign_d_path,path_n1000_near-ties_seed4.pcf,dpac,0,0,24805260,244,243,11097257004031467390,12960,23f703aa3bc9,2026-08-28T16:54:38Z,1000,999,1,,,,,,,,,,,,,,,,,
campaign_d_path,path_n1000_near-ties_seed4.pcf,dpac,1,0,24890879,244,243,11097257004031467390,12960,23f703aa3bc9,2026-08-28T16:54:38Z,1000,999,1,,,,,,,,,,,,,,,,,
campaign_d_path,path_n1000_near-ties_seed4.pcf,dpac,2,0,24665422,244,243,11097257004031467390,12960,23f703aa3bc9,2026-08-28T16:54:38Z,1000,999,1,,,,,,,,,,,,,,,,,
campaign_d_path,path_n1000_near-ties_seed5.pcf,dpac,0,0,24792742,248,247,7829520148231145210,12960,23f703aa3bc9,2026-08-28T16:54:38Z,1000,999,1,,,,,,,,,,,,,,,,,
campaign_d_path,path_n1000_near-ties_seed5.pcf,dpac,1,0,24343998,248,247,7829520148231145210,12960,23f703aa3bc9,2026-08-28T16:54:38Z,1000,999,1,,,,,,,,,,,,,,,,,
campaign_d_path,path_n1000_near-ties_seed5.pcf,dpac,2,0,24228831,248,247,7829520148231145210,12960,23f703aa3bc9,2026-08-28T16:54:38Z,1000,999,1,,,,,,,,,,,,,,,,,
campaign_d_path,path_n1000_near-ties_seed6.pcf,dpac,0,0,25369306,251,250,2098629770293240137,12960,23f703aa3bc9,2026-08-28T16:54:38Z,1000,999,1,,,,,,,,,,,,,,,,,
campaign_d_path,path_n1000_near-ties_seed6.pcf,dpac,1,0,25266225,251,250,2098629770293240137,12960,23f703aa3bc9,2026-08-28T16:54:38Z,1000,999,1,,,,,,,,,,,,,,,,,
campaign_d_path,path_n1000_near-ties_seed6.pcf,dpac,2,0,25163714,251,250,2098629770293240137,12960,23f703aa3bc9,2026-08-28T16:54:38Z,1000,999,1,,,,,,,,,,,,,,,,,
campaign_d_path,path_n1000_near-ties_seed7.pcf,dpac,0,0,24657877,246,245,5586838439801860705,12960,23f703aa3bc9,2026-08-28T16:54:38Z,1000,999,1,,,,,,,,,,,,,,,,,
campaign_d_path,path_n1000_near-ties_seed7.pcf,dpac,1,0,24336478,246,245,5586838439801860705,12960,23f703aa3bc9,2026-08-28T16:54:38Z,1000,999,1,,,,,,,,,,,,,,,,,
campaign_d_path,path_n1000_near-ties_seed7.pcf,dpac,2,0,24413545,246,245,5586838439801860705,12960,23f703aa3bc9,2026-08-28T16:54:38Z,1000,999,1,,,,,,,,,,,,,,,,,
campaign_d_path,path_n1000_near-ties_seed8.pcf,dpac,0,0,23916896,251,250,4908232396016227211,12960,23f703aa3bc9,2026-08-28T16:54:38Z,1000,999,1,,,,,,,,,,,,,,,,,
campaign_d_path,path_n1000_near-ties_seed8.pcf,dpac,1,0,23612712,251,250,4908232396016227211,12960,23f703aa3bc9,2026-08-28T16:54:38Z,1000,999,1,,,,,,,,,,,,,,,,,
campaign_d_path,path_n1000_near-ties_seed8.pcf,dpac,2,0,23703501,251,250,4908232396016227211,12960,23f703aa3bc9,2026-08-28T16:54:38Z,1000,999,1,,,,,,,,,,,,,,,,,
campaign_d_path,path_n1000_near-ties_seed9.pcf,dpac,0,0,23609655,252,251,13758944289421601677,12960,23f703aa3bc9,2026-08-28T16:54:38Z,1000,999,1,,,,,,,,,,,,,,,,,
campaign_d_path,path_n1000_near-ties_seed9.pcf,dpac,1,0,23077140,252,251,13758944289421601677,12960,23f703aa3bc9,2026-08-28T16:54:38Z,1000,999,1,,,,,,,,,,,,,,,,,
campaign_d_path,path_n1000_near-ties_seed9.pcf,dpac,2,0,23206330,252,251,13758944289421601677,12960,23f703aa3bc9,2026-08-28T16:54:38Z,1000,999,1,,,,,,,,,,,,,,,,,
campaign_d_path,path_n100_anti-correlated_seed0.pcf,dpac,0,0,381232,61,60,2529510695248988757,12960,23f703aa3bc9,2026-08-28T16:54:38Z,100,99,1,,,,,,,,,,,,,,,,,
campaign_d_path,path_n100_anti-correlated_seed0.pcf,dpac,1,0,366300,61,60,2529510695248988757,12960,23f703aa3bc9,2026-08-28T16:54:38Z,100,99,1,,,,,,,,,,,,,,,,,
campaign_d_path,path_n100_anti-correlated_seed0.pcf,dpac,2,0,359119,61,60,2529510695248988757,12960,23f703aa3bc9,2026-08-28T16:54:38Z,100,99,1,,,,,,,,,,,,,,,,,
campaign_d_path,path_n100_anti-correlated_seed1.pcf,dpac,0,0,377793,47,46,11943646091352671286,12960,23f703aa3bc9,2026-08-28T16:54:38Z,100,99,1,,,,,,,,,,,,,,,,,
campaign_d_path,path_n100_anti-correlated_seed1.pcf,dpac,1,0,345715,47,46,11943646091352671286,12960,23f703aa3bc9,2026-08-28T16:54:38Z,100,99,1,,,,,,,,,,,,,,,,,
campaign_d_path,path_n100_anti-correlated_seed1.pcf,dpac,2,0,347189,47,46,11943646091352671286,12960,23f703aa3bc9,2026-08-28T16:54:38Z,100,99,1,,,,,,,,,,,,,,,,,
campaign_d_path,path_n100_anti-correlated_seed2.pcf,dpac,0,0,358480,44,43,16857737777998062248,12960,23f703aa3bc9,2026-08-28T16:54:38Z,100,99,1,,,,,,,,,,,,,,,,,
campaign_d_path,path_n100_anti-correlated_seed2.pcf,dpac,1,0,340295,44,43,16857737777998062248,12960,23f703aa3bc9,2026-08-28T16:54:38Z,100,99,1,,,,,,,,,,,,,,,,,
campaign_d_path,path_n100_anti-correlated_seed2.pcf,dpac,2,0,344886,44,43,16857737777998062248,12960,23f703aa3bc9,2026-08-28T16:54:38Z,100,99,1,,,,,,,,,,,,,,,,,
campaign_d_path,path_n100_anti-correlated_seed3.pcf,dpac,0,0,376266,51,50,9533932253617083438,12960,23f703aa3bc9,2026-08-28T16:54:38Z,100,99,1,,,,,,,,,,,,,,,,,
campaign_d_path,path_n100_anti-correlated_seed3.pcf,dpac,1,0,355178,51,50,9533932253617083438,12960,23f703aa3bc9,2026-08-28T16:54:38Z,100,99,1,,,,,,,,,,,,,,,,,
campaign_d_path,path_n100_anti-correlated_seed3.pcf,dpac,2,0,349047,51,50,9533932253617083438,12960,23f703aa3bc9,2026-08-28T16:54:38Z,100,99,1,,,,,,,,,,,,,,,,,
campaign_d_path,path_n100_anti-correlated_seed4.pcf,dpac,0,0,441029,57,56,5762337916298123576,12960,23f703aa3bc9,2026-08-28T16:54:38Z,100,99,1,,,,,,,,,,,,,,,,,
campaign_d_path,path_n100_anti-correlated_seed4.pcf,dpac,1,0,369648,57,56,5762337916298123576,12960,23f703aa3bc9,2026-08-28T16:54:38Z,100,99,1,,,,,,,,,,,,,,,,,
campaign_d_path,path_n100_anti-correlated_seed4.pcf,dpac,2,0,360599,57,56,5762337916298123576,12960,23f703aa3bc9,2026-08-28T16:54:38Z,100,99,1,,,,,,,,,,,,,,,,,
campaign_d_path,path_n100_anti-correlated_seed5.pcf,dpac,0,0,392708,53,52,165181115162578515,12960,23f703aa3bc9,2026-08-28T16:54:38Z,100,99,1,,,,,,,,,,,,,,,,,
campaign_d_path,path_n100_anti-correlated_seed5.pcf,dpac,1,0,356743,53,52,165181115162578515,12960,23f703aa3bc9,2026-08-28T16:54:38Z,100,99,1,,,,,,,,,,,,,,,,,
campaign_d_path,path_n100_anti-correlated_seed5.pcf,dpac,2,0,351634,53,52,165181115162578515,12960,23f703aa3bc9,2026-08-28T16:54:38Z,100,99,1,,,,,,,,,,,,,,,,,
campaign_d_path,path_n100_anti-correlated_seed6.pcf,dpac,0,0,383772,58,57,13671183413145188935,12960,23f703aa3bc9,2026-08-28T16:54:38Z,100,99,1,,,,,,,,,,,,,,,,,
campaign_d_path,path_n100_anti-correlated_seed6.pcf,dpac,1,0,357638,58,57,13671183413145188935,12960,23f703aa3bc9,2026-08-28T16:54:38Z,100,99,1,,,,,,,,,,,,,,,,,
campaign_d_path,path_n100_anti-correlated_seed6.pcf,dpac,2,0,356990,58,57,13671183413145188935,12960,23f703aa3bc9,2026-08-28T16:54:38Z,100,99,1,,,,,,,,,,,,,,,,,
campaign_d_path,path_n100_anti-correlated_seed7.pcf,dpac,0,0,366891,45,44,9074478635608349247,12960,23f703aa3bc9,2026-08-28T16:54:38Z,100,99,1,,,,,,,,,,,,,,,,,
campaign_d_path,path_n100_anti-correlated_seed7.pcf,dpac,1,0,487341,45,44,9074478635608349247,12960,23f703aa3bc9,2026-08-28T16:54:38Z,100,99,1,,,,,,,,,,,,,,,,,
campaign_d_path,path_n100_anti-correlated_seed7.pcf,dpac,2,0,344083,45,44,9074478635608349247,12960,23f703aa3bc9,2026-08-28T16:54:38Z,100,99,1,,,,,,,,,,,,,,,,,
campaign_d_path,path_n100_anti-correlated_seed8.pcf,dpac,0,0,378397,45,44,7497285123696470960,12960,23f703aa3bc9,2026-08-28T16:54:38Z,100,99,1,,,,,,,,,,,,,,,,,
campaign_d_path,path_n100_anti-correlated_seed8.pcf,dpac,1,0,353835,45,44,7497285123696470960,12960,23f703aa3bc9,2026-08-28T16:54:38Z,100,99,1,,,,,,,,,,,,,,,,,
campaign_d_path,path_n100_anti-correlated_seed8.pcf,dpac,2,0,348110,45,44,7497285123696470960,12960,23f703aa3bc9,2026-08-28T16:54:38Z,100,99,1,,,,,,,,,,,,,,,,,
campaign_d_path,path_n100_anti-correlated_seed9.pcf,dpac,0,0,383480,48,47,12489083139240265618,13120,23f703aa3bc9,2026-08-28T16:54:38Z,100,99,1,,,,,,,,,,,,,,,,,
campaign_d_path,path_n100_anti-correlated_seed9.pcf,dpac,1,0,357484,48,47,12489083139240265618,13120,23f703aa3bc9,2026-08-28T16:54:38Z,100,99,1,,,,,,,,,,,,,,,,,
campaign_d_path,path_n100_anti-correlated_seed9.pcf,dpac,2,0,347844,48,47,12489083139240265618,13120,23f703aa3bc9,2026-08-28T16:54:38Z,100,99,1,,,,,,,,,,,,,,,,,
campaign_d_path,path_n100_correlated_seed0.pcf,dpac,0,0,475215,63,62,11112344364938470214,13120,23f703aa3bc9,2026-08-28T16:54:38Z,100,99,1,,,,,,,,,,,,,,,,,
campaign_d_path,path_n100_correlated_seed0.pcf,dpac,1,0,367440,63,62,11112344364938470214,13120,23f703aa3bc9,2026-08-28T16:54:38Z,100,99,1,,,,,,,,,,,,,,,,,
campaign_d_path,path_n100_correlated_seed0.pcf,dpac,2,0,378515,63,62,11112344364938470214,13120,23f703aa3bc9,2026-08-28T16:54:38Z,100,99,1,,,,,,,,,,,,,,,,,
campaign_d_path,path_n100_correlated_seed1.pcf,dpac,0,0,369128,50,49,17841055723450465903,13120,23f703aa3bc9,2026-08-28T16:54:38Z,100,99,1,,,,,,,,,,,,,,,,,
campaign_d_path,path_n100_correlated_seed1.pcf,dpac,1,0,346728,50,49,17841055723450465903,13120,23f703aa3bc9,2026-08-28T16:54:38Z,100,99,1,,,,,,,,,,,,,,,,,
campaign_d_path,path_n100_correlated_seed1.pcf,dpac,2,0,360342,50,49,17841055723450465903,13120,23f703aa3bc9,2026-08-28T16:54:38Z,100,99,1,,,,,,,,,,,,,,,,,
campaign_d_path,path_n100_correlated_seed2.pcf,dpac,0,0,368180,49,48,7401779045924540606,13120,23f703aa3bc9,2026-08-28T16:54:38Z,100,99,1,,,,,,,,,,,,,,,,,
campaign_d_path,path_n100_correlated_seed2.pcf,dpac,1,0,349323,49,48,7401779045924540606,13120,23f703aa3bc9,2026-08-28T16:54:38Z,100,99,1,,,,,,,,,,,,,,,,,
campaign_d_path,path_n100_correlated_seed2.pcf,dpac,2,0,360694,49,48,7401779045924540606,13120,23f703aa3bc9,2026-08-28T16:54:38Z,100,99,1,,,,,,,,,,,,,,,,,
campaign_d_path,path_n100_correlated_seed3.pcf,dpac,0,0,379376,51,50,12691165085864060397,13120,23f703aa3bc9,2026-08-28T16:54:38Z,100,99,1,,,,,,,,,,,,,,,,,
campaign_d_path,path_n100_correlated_seed3.pcf,dpac,1,0,509141,51,50,12691165085864060397,13120,23f703aa3bc9,2026-08-28T16:54:38Z,100,99,1,,,,,,,,,,,,,,,,,
campaign_d_path,path_n100_correlated_seed3.pcf,dpac,2,0,362817,51,50,12691165085864060397,13120,23f703aa3bc9,2026-08-28T16:54:38Z,100,99,1,,,,,,,,,,,,,,,,,
campaign_d_path,path_n100_correlated_seed4.pcf,dpac,0,0,394371,60,59,14630985400552864067,13120,23f703aa3bc9,2026-08-28T16:54:38Z,100,99,1,,,,,,,,,,,,,,,,,
campaign_d_path,path_n100_correlated_seed4.pcf,dpac,1,0,369419,60,59,14630985400552864067,13120,23f703aa3bc9,2026-08-28T16:54:38Z,100,99,1,,,,,,,,,,,,,,,,,
campaign_d_path,path_n100_correlated_seed4.pcf,dpac,2,0,368029,60,59,14630985400552864067,13120,23f703aa3bc9,2026-08-28T16:54:38Z,100,99,1,,,,,,,,,,,,,,,,,
campaign_d_path,path_n100_correlated_seed5.pcf,dpac,0,0,376026,48,47,17717901111601997469,13120,23f703aa3bc9,2026-08-28T16:54:38Z,100,99,1,,,,,,,,,,,,,,,,,
campaign_d_path,path_n100_correlated_seed5.pcf,dpac,1,0,349240,48,47,17717901111601997469,13120,23f703aa3bc9,2026-08-28T16:54:38Z,100,99,1,,,,,,,,,,,,,,,,,
campaign_d_path,path_n100_correlated_seed5.pcf,dpac,2,0,470197,48,47,17717901111601997469,13120,23f703aa3bc9,2026-08-28T16:54:38Z,100,99,1,,,,,,,,,,,,,,,,,
campaign_d_path,path_n100_correlated_seed6.pcf,dpac,0,0,384462,51,50,2723210709060592364,13120,23f703aa3bc9,2026-08-28T16:54:38Z,100,99,1,,,,,,,,,,,,,,,,,
campaign_d_path,path_n100_correlated_seed6.pcf,dpac,1,0,388616,51,50,2723210709060592364,13120,23f703aa3bc9,2026-08-28T16:54:38Z,100,99,1,,,,,,,,,,,,,,,,,
campaign_d_path,path_n100_correlated_seed6.pcf,dpac,2,0,357193,51,50,2723210709060592364,13120,23f703aa3bc9,2026-08-28T16:54:38Z,100,99,1,,,,,,,,,,,,,,,,,
campaign_d_path,path_n100_correlated_seed7.pcf,dpac,0,0,468538,48,47,16676624095413641731,13120,23f703aa3bc9,2026-08-28T16:54:38Z,100,99,1,,,,,,,,,,,,,,,,,
campaign_d_path,path_n100_correlated_seed7.pcf,dpac,1,0,353404,48,47,16676624095413641731,13120,23f703aa3bc9,2026-08-28T16:54:38Z,100,99,1,,,,,,,,,,,,,,,,,
campaign_d_path,path_n100_correlated_seed7.pcf,dpac,2,0,347651,48,47,16676624095413641731,13120,23f703aa3bc9,2026-08-28T16:54:38Z,100,99,1,,,,,,,,,,,,,,,,,
campaign_d_path,path_n100_correlated_seed8.pcf,dpac,0,0,469098,57,56,16524312736083603878,13120,23f703aa3bc9,2026-08-28T16:54:38Z,100,99,1,,,,,,,,,,,,,,,,,
campaign_d_path,path_n100_correlated_seed8.pcf,dpac,1,0,360637,57,56,16524312736083603878,13120,23f703aa3bc9,2026-08-28T16:54:38Z,100,99,1,,,,,,,,,,,,,,,,,
campaign_d_path,path_n100_correlated_seed8.pcf,dpac,2,0,352621,57,56,16524312736083603878,13120,23f703aa3bc9,2026-08-28T16:54:38Z,100,99,1,,,,,,,,,,,,,,,,,
campaign_d_path,path_n100_correlated_seed9.pcf,dpac,0,0,367546,53,52,2564304627779858600,13120,23f703aa3bc9,2026-08-28T16:54:38Z,100,99,1,,,,,,,,,,,,,,,,,
campaign_d_path,path_n100_correlated_seed9.pcf,dpac,1,0,351549,53,52,2564304627779858600,13120,23f703aa3bc9,2026-08-28T16:54:38Z,100,99,1,,,,,,,,,,,,,,,,,
campaign_d_path,path_n100_correlated_seed9.pcf,dpac,2,0,352139,53,52,2564304627779858600,13120,23f703aa3bc9,2026-08-28T16:54:38Z,100,99,1,,,,,,,,,,,,,,,,,
campaign_d_path,path_n100_exact-ties_seed0.pcf,dpac,0,0,280950,34,33,3003241794561891380,13120,23f703aa3bc9,2026-08-28T16:54:38Z,100,99,1,,,,,,,,,,,,,,,,,
campaign_d_path,path_n100_exact-ties_seed0.pcf,dpac,1,0,260089,34,33,3003241794561891380,13120,23f703aa3bc9,2026-08-28T16:54:38Z,100,99,1,,,,,,,,,,,,,,,,,
campaign_d_path,path_n100_exact-ties_seed0.pcf,dpac,2,0,412516,34,33,3003241794561891380,13120,23f703aa3bc9,2026-08-28T16:54:38Z,100,99,1,,,,,,,,,,,,,,,,,
campaign_d_path,path_n100_exact-ties_seed1.pcf,dpac,0,0,306572,30,29,1822298261015591499,13120,23f703aa3bc9,2026-08-28T16:54:38Z,100,99,1,,,,,,,,,,,,,,,,,
campaign_d_path,path_n100_exact-ties_seed1.pcf,dpac,1,0,392603,30,29,1822298261015591499,13120,23f703aa3bc9,2026-08-28T16:54:38Z,100,99,1,,,,,,,,,,,,,,,,,
campaign_d_path,path_n100_exact-ties_seed1.pcf,dpac,2,0,289259,30,29,1822298261015591499,13120,23f703aa3bc9,2026-08-28T16:54:38Z,100,99,1,,,,,,,,,,,,,,,,,
campaign_d_path,path_n100_exact-ties_seed2.pcf,dpac,0,0,278659,25,24,12026828678544401844,13120,23f703aa3bc9,2026-08-28T16:54:38Z,100,99,1,,,,,,,,,,,,,,,,,
campaign_d_path,path_n100_exact-ties_seed2.pcf,dpac,1,0,257615,25,24,12026828678544401844,13120,23f703aa3bc9,2026-08-28T16:54:38Z,100,99,1,,,,,,,,,,,,,,,,,
campaign_d_path,path_n100_exact-ties_seed2.pcf,dpac,2,0,250469,25,24,12026828678544401844,13120,23f703aa3bc9,2026-08-28T16:54:38Z,100,99,1,,,,,,,,,,,,,,,,,
campaign_d_path,path_n100_exact-ties_seed3.pcf,dpac,0,0,279207,29,28,7175370470751613523,13120,23f703aa3bc9,2026-08-28T16:54:38Z,100,99,1,,,,,,,,,,,,,,,,,
campaign_d_path,path_n100_exact-ties_seed3.pcf,dpac,1,0,260134,29,28,7175370470751613523,13120,23f703aa3bc9,2026-08-28T16:54:38Z,100,99,1,,,,,,,,,,,,,,,,,
campaign_d_path,path_n100_exact-ties_seed3.pcf,dpac,2,0,280892,29,28,7175370470751613523,13120,23f703aa3bc9,2026-08-28T16:54:38Z,100,99,1,,,,,,,,,,,,,,,,,
campaign_d_path,path_n100_exact-ties_seed4.pcf,dpac,0,0,265923,26,25,14800996080022379163,13120,23f703aa3bc9,2026-08-28T16:54:38Z,100,99,1,,,,,,,,,,,,,,,,,
campaign_d_path,path_n100_exact-ties_seed4.pcf,dpac,1,0,240920,26,25,14800996080022379163,13120,23f703aa3bc9,2026-08-28T16:54:38Z,100,99,1,,,,,,,,,,,,,,,,,
campaign_d_path,path_n100_exact-ties_seed4.pcf,dpac,2,0,233986,26,25,14800996080022379163,13120,23f703aa3bc9,2026-08-28T16:54:38Z,100,99,1,,,,,,,,,,,,,,,,,
campaign_d_path,path_n100_exact-ties_seed5.pcf,dpac,0,0,290978,31,30,2159035037846571261,13120,23f703aa3bc9,2026-08-28T16:54:38Z,100,99,1,,,,,,,,,,,,,,,,,
campaign_d_path,path_n100_exact-ties_seed5.pcf,dpac,1,0,272054,31,30,2159035037846571261,13120,23f703aa3bc9,2026-08-28T16:54:38Z,100,99,1,,,,,,,,,,,,,,,,,
campaign_d_path,path_n100_exact-ties_seed5.pcf,dpac,2,0,267312,31,30,2159035037846571261,13120,23f703aa3bc9,2026-08-28T16:54:38Z,100,99,1,,,,,,,,,,,,,,,,,
campaign_d_path,path_n100_exact-ties_seed6.pcf,dpac,0,0,282443,27,26,13790997531693119275,13280,23f703aa3bc9,2026-08-28T16:54:38Z,100,99,1,,,,,,,,,,,,,,,,,
campaign_d_path,path_n100_exact-ties_seed6.pcf,dpac,1,0,257659,27,26,13790997531693119275,13280,23f703aa3bc9,2026-08-28T16:54:38Z,100,99,1,,,,,,,,,,,,,,,,,
campaign_d_path,path_n100_exact-ties_seed6.pcf,dpac,2,0,259270,27,26,13790997531693119275,13280,23f703aa3bc9,2026-08-28T16:54:38Z,100,99,1,,,,,,,,,,,,,,,,,
campaign_d_path,path_n100_exact-ties_seed7.pcf,dpac,0,0,283432,27,26,7380426371293116343,13280,23f703aa3bc9,2026-08-28T16:54:38Z,100,99,1,,,,,,,,,,,,,,,,,
campaign_d_path,path_n100_exact-ties_seed7.pcf,dpac,1,0,262415,27,26,7380426371293116343,13280,23f703aa3bc9,2026-08-28T16:54:38Z,100,99,1,,,,,,,,,,,,,,,,,
campaign_d_path,path_n100_exact-ties_seed7.pcf,dpac,2,0,256861,27,26,7380426371293116343,13280,23f703aa3bc9,2026-08-28T16:54:38Z,100,99,1,,,,,,,,,,,,,,,,,
campaign_d_path,path_n100_exact-ties_seed8.pcf,dpac,0,0,287772,31,30,13615901989650110108,13280,23f703aa3bc9,2026-08-28T16:54:38Z,100,99,1,,,,,,,,,,,,,,,,,
campaign_d_path,path_n100_exact-ties_seed8.pcf,dpac,1,0,262167,31,30,13615901989650110108,13280,23f703aa3bc9,2026-08-28T16:54:38Z,100,99,1,,,,,,,,,,,,,,,,,
campaign_d_path,path_n100_exact-ties_seed8.pcf,dpac,2,0,261708,31,30,13615901989650110108,13280,23f703aa3bc9,2026-08-28T16:54:38Z,100,99,1,,,,,,,,,,,,,,,,,
campaign_d_path,path_n100_exact-ties_seed9.pcf,dpac,0,0,310918,28,27,9330051524430608046,13280,23f703aa3bc9,2026-08-28T16:54:38Z,100,99,1,,,,,,,,,,,,,,,,,
campaign_d_path,path_n100_exact-ties_seed9.pcf,dpac,1,0,264729,28,27,9330051524430608046,13280,23f703aa3bc9,2026-08-28T16:54:38Z,100,99,1,,,,,,,,,,,,,,,,,
campaign_d_path,path_n100_exact-ties_seed9.pcf,dpac,2,0,262459,28,27,9330051524430608046,13280,23f703aa3bc9,2026-08-28T16:54:38Z,100,99,1,,,,,,,,,,,,,,,,,
campaign_d_path,path_n100_independent-positive_seed0.pcf,dpac,0,0,372264,49,48,515611213803543639,13280,23f703aa3bc9,2026-08-28T16:54:38Z,100,99,1,,,,,,,,,,,,,,,,,
campaign_d_path,path_n100_independent-positive_seed0.pcf,dpac,1,0,347366,49,48,515611213803543639,13280,23f703aa3bc9,2026-08-28T16:54:38Z,100,99,1,,,,,,,,,,,,,,,,,
campaign_d_path,path_n100_independent-positive_seed0.pcf,dpac,2,0,349067,49,48,515611213803543639,13280,23f703aa3bc9,2026-08-28T16:54:38Z,100,99,1,,,,,,,,,,,,,,,,,
campaign_d_path,path_n100_independent-positive_seed1.pcf,dpac,0,0,377719,54,53,7483800099623442398,13280,23f703aa3bc9,2026-08-28T16:54:38Z,100,99,1,,,,,,,,,,,,,,,,,
campaign_d_path,path_n100_independent-positive_seed1.pcf,dpac,1,0,357100,54,53,7483800099623442398,13280,23f703aa3bc9,2026-08-28T16:54:38Z,100,99,1,,,,,,,,,,,,,,,,,
campaign_d_path,path_n100_independent-positive_seed1.pcf,dpac,2,0,349655,54,53,7483800099623442398,13280,23f703aa3bc9,2026-08-28T16:54:38Z,100,99,1,,,,,,,,,,,,,,,,,
campaign_d_path,path_n100_independent-positive_seed2.pcf,dpac,0,0,385086,60,59,17739001820498107260,13280,23f703aa3bc9,2026-08-28T16:54:38Z,100,99,1,,,,,,,,,,,,,,,,,
campaign_d_path,path_n100_independent-positive_seed2.pcf,dpac,1,0,382082,60,59,17739001820498107260,13280,23f703aa3bc9,2026-08-28T16:54:38Z,100,99,1,,,,,,,,,,,,,,,,,
campaign_d_path,path_n100_independent-positive_seed2.pcf,dpac,2,0,354788,60,59,17739001820498107260,13280,23f703aa3bc9,2026-08-28T16:54:38Z,100,99,1,,,,,,,,,,,,,,,,,
campaign_d_path,path_n100_independent-positive_seed3.pcf,dpac,0,0,394732,52,51,8882361403108122423,13280,23f703aa3bc9,2026-08-28T16:54:38Z,100,99,1,,,,,,,,,,,,,,,,,
campaign_d_path,path_n100_independent-positive_seed3.pcf,dpac,1,0,354049,52,51,8882361403108122423,13280,23f703aa3bc9,2026-08-28T16:54:38Z,100,99,1,,,,,,,,,,,,,,,,,
campaign_d_path,path_n100_independent-positive_seed3.pcf,dpac,2,0,348338,52,51,8882361403108122423,13280,23f703aa3bc9,2026-08-28T16:54:38Z,100,99,1,,,,,,,,,,,,,,,,,
campaign_d_path,path_n100_independent-positive_seed4.pcf,dpac,0,0,371323,49,48,18185043329612267721,13280,23f703aa3bc9,2026-08-28T16:54:38Z,100,99,1,,,,,,,,,,,,,,,,,
campaign_d_path,path_n100_independent-positive_seed4.pcf,dpac,1,0,351677,49,48,18185043329612267721,13280,23f703aa3bc9,2026-08-28T16:54:38Z,100,99,1,,,,,,,,,,,,,,,,,
campaign_d_path,path_n100_independent-positive_seed4.pcf,dpac,2,0,365279,49,48,18185043329612267721,13280,23f703aa3bc9,2026-08-28T16:54:38Z,100,99,1,,,,,,,,,,,,,,,,,
campaign_d_path,path_n100_independent-positive_seed5.pcf,dpac,0,0,378340,58,57,452908379925033646,13280,23f703aa3bc9,2026-08-28T16:54:38Z,100,99,1,,,,,,,,,,,,,,,,,
campaign_d_path,path_n100_independent-positive_seed5.pcf,dpac,1,0,358959,58,57,452908379925033646,13280,23f703aa3bc9,2026-08-28T16:54:38Z,100,99,1,,,,,,,,,,,,,,,,,
campaign_d_path,path_n100_independent-positive_seed5.pcf,dpac,2,0,365367,58,57,452908379925033646,13280,23f703aa3bc9,2026-08-28T16:54:38Z,100,99,1,,,,,,,,,,,,,,,,,
campaign_d_path,path_n100_independent-positive_seed6.pcf,dpac,0,0,371889,51,50,13307055203530256361,13280,23f703aa3bc9,2026-08-28T16:54:38Z,100,99,1,,,,,,,,,,,,,,,,,
campaign_d_path,path_n100_independent-positive_seed6.pcf,dpac,1,0,355081,51,50,13307055203530256361,13280,23f703aa3bc9,2026-08-28T16:54:38Z,100,99,1,,,,,,,,,,,,,,,,,
campaign_d_path,path_n100_independent-positive_seed6.pcf,dpac,2,0,348233,51,50,13307055203530256361,13280,23f703aa3bc9,2026-08-28T16:54:38Z,100,99,1,,,,,,,,,,,,,,,,,
campaign_d_path,path_n100_independent-positive_seed7.pcf,dpac,0,0,406707,53,52,12238978225352102766,13280,23f703aa3bc9,2026-08-28T16:54:38Z,100,99,1,,,,,,,,,,,,,,,,,
campaign_d_path,path_n100_independent-positive_seed7.pcf,dpac,1,0,367844,53,52,12238978225352102766,13280,23f703aa3bc9,2026-08-28T16:54:38Z,100,99,1,,,,,,,,,,,,,,,,,
campaign_d_path,path_n100_independent-positive_seed7.pcf,dpac,2,0,362409,53,52,12238978225352102766,13280,23f703aa3bc9,2026-08-28T16:54:38Z,100,99,1,,,,,,,,,,,,,,,,,
campaign_d_path,path_n100_independent-positive_seed8.pcf,dpac,0,0,388906,57,56,4764285957890291465,13280,23f703aa3bc9,2026-08-28T16:54:38Z,100,99,1,,,,,,,,,,,,,,,,,
campaign_d_path,path_n100_independent-positive_seed8.pcf,dpac,1,0,363868,57,56,4764285957890291465,13280,23f703aa3bc9,2026-08-28T16:54:38Z,100,99,1,,,,,,,,,,,,,,,,,
campaign_d_path,path_n100_independent-positive_seed8.pcf,dpac,2,0,363310,57,56,4764285957890291465,13280,23f703aa3bc9,2026-08-28T16:54:38Z,100,99,1,,,,,,,,,,,,,,,,,
campaign_d_path,path_n100_independent-positive_seed9.pcf,dpac,0,0,369348,43,42,3669183335128364170,13280,23f703aa3bc9,2026-08-28T16:54:38Z,100,99,1,,,,,,,,,,,,,,,,,
campaign_d_path,path_n100_independent-positive_seed9.pcf,dpac,1,0,339828,43,42,3669183335128364170,13280,23f703aa3bc9,2026-08-28T16:54:38Z,100,99,1,,,,,,,,,,,,,,,,,
campaign_d_path,path_n100_independent-positive_seed9.pcf,dpac,2,0,346118,43,42,3669183335128364170,13280,23f703aa3bc9,2026-08-28T16:54:38Z,100,99,1,,,,,,,,,,,,,,,,,
campaign_d_path,path_n100_independent-signed_seed0.pcf,dpac,0,0,369965,48,47,11819907860710389606,13280,23f703aa3bc9,2026-08-28T16:54:38Z,100,99,1,,,,,,,,,,,,,,,,,
campaign_d_path,path_n100_independent-signed_seed0.pcf,dpac,1,0,348555,48,47,11819907860710389606,13280,23f703aa3bc9,2026-08-28T16:54:38Z,100,99,1,,,,,,,,,,,,,,,,,
campaign_d_path,path_n100_independent-signed_seed0.pcf,dpac,2,0,351273,48,47,11819907860710389606,13280,23f703aa3bc9,2026-08-28T16:54:38Z,100,99,1,,,,,,,,,,,,,,,,,
campaign_d_path,path_n100_independent-signed_seed1.pcf,dpac,0,0,363680,51,50,10841134020970626319,13280,23f703aa3bc9,2026-08-28T16:54:38Z,100,99,1,,,,,,,,,,,,,,,,,
campaign_d_path,path_n100_independent-signed_seed1.pcf,dpac,1,0,343376,51,50,10841134020970626319,13280,23f703aa3bc9,2026-08-28T16:54:38Z,100,99,1,,,,,,,,,,,,,,,,,
campaign_d_path,path_n100_independent-signed_seed1.pcf,dpac,2,0,447066,51,50,10841134020970626319,13280,23f703aa3bc9,2026-08-28T16:54:38Z,100,99,1,,,,,,,,,,,,,,,,,
campaign_d_path,path_n100_independent-signed_seed2.pcf,dpac,0,0,376830,54,53,11132747404807954279,13280,23f703aa3bc9,2026-08-28T16:54:38Z,100,99,1,,,,,,,,,,,,,,,,,
campaign_d_path,path_n100_independent-signed_seed2.pcf,dpac,1,0,519749,54,53,11132747404807954279,13280,23f703aa3bc9,2026-08-28T16:54:38Z,100,99,1,,,,,,,,,,,,,,,,,
campaign_d_path,path_n100_independent-signed_seed2.pcf,dpac,2,0,359105,54,53,11132747404807954279,13280,23f703aa3bc9,2026-08-28T16:54:38Z,100,99,1,,,,,,,,,,,,,,,,,
campaign_d_path,path_n100_independent-signed_seed3.pcf,dpac,0,0,477003,54,53,2313278856875648295,13280,23f703aa3bc9,2026-08-28T16:54:38Z,100,99,1,,,,,,,,,,,,,,,,,
campaign_d_path,path_n100_independent-signed_seed3.pcf,dpac,1,0,357938,54,53,2313278856875648295,13280,23f703aa3bc9,2026-08-28T16:54:38Z,100,99,1,,,,,,,,,,,,,,,,,
campaign_d_path,path_n100_independent-signed_seed3.pcf,dpac,2,0,355158,54,53,2313278856875648295,13280,23f703aa3bc9,2026-08-28T16:54:38Z,100,99,1,,,,,,,,,,,,,,,,,
campaign_d_path,path_n100_independent-signed_seed4.pcf,dpac,0,0,374230,56,55,7697923144908118768,13280,23f703aa3bc9,2026-08-28T16:54:38Z,100,99,1,,,,,,,,,,,,,,,,,
campaign_d_path,path_n100_independent-signed_seed4.pcf,dpac,1,0,353022,56,55,7697923144908118768,13280,23f703aa3bc9,2026-08-28T16:54:38Z,100,99,1,,,,,,,,,,,,,,,,,
campaign_d_path,path_n100_independent-signed_seed4.pcf,dpac,2,0,387096,56,55,7697923144908118768,13280,23f703aa3bc9,2026-08-28T16:54:38Z,100,99,1,,,,,,,,,,,,,,,,,
campaign_d_path,path_n100_independent-signed_seed5.pcf,dpac,0,0,371808,53,52,7995561559124671325,13280,23f703aa3bc9,2026-08-28T16:54:38Z,100,99,1,,,,,,,,,,,,,,,,,
campaign_d_path,path_n100_independent-signed_seed5.pcf,dpac,1,0,355546,53,52,7995561559124671325,13280,23f703aa3bc9,2026-08-28T16:54:38Z,100,99,1,,,,,,,,,,,,,,,,,
campaign_d_path,path_n100_independent-signed_seed5.pcf,dpac,2,0,343003,53,52,7995561559124671325,13280,23f703aa3bc9,2026-08-28T16:54:38Z,100,99,1,,,,,,,,,,,,,,,,,
campaign_d_path,path_n100_independent-signed_seed6.pcf,dpac,0,0,400690,49,48,13947130807716080774,13280,23f703aa3bc9,2026-08-28T16:54:38Z,100,99,1,,,,,,,,,,,,,,,,,
campaign_d_path,path_n100_independent-signed_seed6.pcf,dpac,1,0,357122,49,48,13947130807716080774,13280,23f703aa3bc9,2026-08-28T16:54:38Z,100,99,1,,,,,,,,,,,,,,,,,
campaign_d_path,path_n100_independent-signed_seed6.pcf,dpac,2,0,355107,49,48,13947130807716080774,13280,23f703aa3bc9,2026-08-28T16:54:38Z,100,99,1,,,,,,,,,,,,,,,,,
campaign_d_path,path_n100_independent-signed_seed7.pcf,dpac,0,0,383196,60,59,2958519416273289546,13440,23f703aa3bc9,2026-08-28T16:54:38Z,100,99,1,,,,,,,,,,,,,,,,,
campaign_d_path,path_n100_independent-signed_seed7.pcf,dpac,1,0,360579,60,59,2958519416273289546,13440,23f703aa3bc9,2026-08-28T16:54:38Z,100,99,1,,,,,,,,,,,,,,,,,
campaign_d_path,path_n100_independent-signed_seed7.pcf,dpac,2,0,371859,60,59,2958519416273289546,13440,23f703aa3bc9,2026-08-28T16:54:38Z,100,99,1,,,,,,,,,,,,,,,,,
campaign_d_path,path_n100_independent-signed_seed8.pcf,dpac,0,0,362993,47,46,7820656084616927790,13440,23f703aa3bc9,2026-08-28T16:54:38Z,100,99,1,,,,,,,,,,,,,,,,,
campaign_d_path,path_n100_independent-signed_seed8.pcf,dpac,1,0,348415,47,46,7820656084616927790,13440,23f703aa3bc9,2026-08-28T16:54:38Z,100,99,1,,,,,,,,,,,,,,,,,
campaign_d_path,path_n100_independent-signed_seed8.pcf,dpac,2,0,351451,47,46,7820656084616927790,13440,23f703aa3bc9,2026-08-28T16:54:38Z,100,99,1,,,,,,,,,,,,,,,,,
campaign_d_path,path_n100_independent-signed_seed9.pcf,dpac,0,0,365180,47,46,13440033875930961132,13440,23f703aa3bc9,2026-08-28T16:54:38Z,100,99,1,,,,,,,,,,,,,,,,,
campaign_d_path,path_n100_independent-signed_seed9.pcf,dpac,1,0,340351,47,46,13440033875930961132,13440,23f703aa3bc9,2026-08-28T16:54:38Z,100,99,1,,,,,,,,,,,,,,,,,
campaign_d_path,path_n100_independent-signed_seed9.pcf,dpac,2,0,334243,47,46,13440033875930961132,13440,23f703aa3bc9,2026-08-28T16:54:38Z,100,99,1,,,,,,,,,,,,,,,,,
campaign_d_path,path_n100_near-ties_seed0.pcf,dpac,0,0,346324,41,40,3060935803365146067,13440,23f703aa3bc9,2026-08-28T16:54:38Z,100,99,1,,,,,,,,,,,,,,,,,
campaign_d_path,path_n100_near-ties_seed0.pcf,dpac,1,0,322058,41,40,3060935803365146067,13440,23f703aa3bc9,2026-08-28T16:54:38Z,100,99,1,,,,,,,,,,,,,,,,,
campaign_d_path,path_n100_near-ties_seed0.pcf,dpac,2,0,315710,41,40,3060935803365146067,13440,23f703aa3bc9,2026-08-28T16:54:38Z,100,99,1,,,,,,,,,,,,,,,,,
campaign_d_path,path_n100_near-ties_seed1.pcf,dpac,0,0,334913,50,49,18205576339368493096,13440,23f703aa3bc9,2026-08-28T16:54:38Z,100,99,1,,,,,,,,,,,,,,,,,
campaign_d_path,path_n100_near-ties_seed1.pcf,dpac,1,0,308978,50,49,18205576339368493096,13440,23f703aa3bc9,2026-08-28T16:54:38Z,100,99,1,,,,,,,,,,,,,,,,,
campaign_d_path,path_n100_near-ties_seed1.pcf,dpac,2,0,306593,50,49,18205576339368493096,13440,23f703aa3bc9,2026-08-28T16:54:38Z,100,99,1,,,,,,,,,,,,,,,,,
campaign_d_path,path_n100_near-ties_seed2.pcf,dpac,0,0,339853,44,43,3313416458020779148,13440,23f703aa3bc9,2026-08-28T16:54:38Z,100,99,1,,,,,,,,,,,,,,,,,
campaign_d_path,path_n100_near-ties_seed2.pcf,dpac,1,0,317742,44,43,3313416458020779148,13440,23f703aa3bc9,2026-08-28T16:54:38Z,100,99,1,,,,,,,,,,,,,,,,,
campaign_d_path,path_n100_near-ties_seed2.pcf,dpac,2,0,312640,44,43,3313416458020779148,13440,23f703aa3bc9,2026-08-28T16:54:38Z,100,99,1,,,,,,,,,,,,,,,,,
campaign_d_path,path_n100_near-ties_seed3.pcf,dpac,0,0,342506,38,37,17423716328813924385,13440,23f703aa3bc9,2026-08-28T16:54:38Z,100,99,1,,,,,,,,,,,,,,,,,
campaign_d_path,path_n100_near-ties_seed3.pcf,dpac,1,0,300966,38,37,17423716328813924385,13440,23f703aa3bc9,2026-08-28T16:54:38Z,100,99,1,,,,,,,,,,,,,,,,,
campaign_d_path,path_n100_near-ties_seed3.pcf,dpac,2,0,297104,38,37,17423716328813924385,13440,23f703aa3bc9,2026-08-28T16:54:38Z,100,99,1,,,,,,,,,,,,,,,,,
campaign_d_path,path_n100_near-ties_seed4.pcf,dpac,0,0,482972,40,39,7382110717407710452,13440,23f703aa3bc9,2026-08-28T16:54:38Z,100,99,1,,,,,,,,,,,,,,,,,
campaign_d_path,path_n100_near-ties_seed4.pcf,dpac,1,0,331394,40,39,7382110717407710452,13440,23f703aa3bc9,2026-08-28T16:54:38Z,100,99,1,,,,,,,,,,,,,,,,,
campaign_d_path,path_n100_near-ties_seed4.pcf,dpac,2,0,323271,40,39,7382110717407710452,13440,23f703aa3bc9,2026-08-28T16:54:38Z,100,99,1,,,,,,,,,,,,,,,,,
campaign_d_path,path_n100_near-ties_seed5.pcf,dpac,0,0,449187,43,42,4910692001012510238,13440,23f703aa3bc9,2026-08-28T16:54:38Z,100,99,1,,,,,,,,,,,,,,,,,
campaign_d_path,path_n100_near-ties_seed5.pcf,dpac,1,0,316523,43,42,4910692001012510238,13440,23f703aa3bc9,2026-08-28T16:54:38Z,100,99,1,,,,,,,,,,,,,,,,,
campaign_d_path,path_n100_near-ties_seed5.pcf,dpac,2,0,317346,43,42,4910692001012510238,13440,23f703aa3bc9,2026-08-28T16:54:38Z,100,99,1,,,,,,,,,,,,,,,,,
campaign_d_path,path_n100_near-ties_seed6.pcf,dpac,0,0,334204,41,40,14863636690863145895,13440,23f703aa3bc9,2026-08-28T16:54:38Z,100,99,1,,,,,,,,,,,,,,,,,
campaign_d_path,path_n100_near-ties_seed6.pcf,dpac,1,0,308784,41,40,14863636690863145895,13440,23f703aa3bc9,2026-08-28T16:54:38Z,100,99,1,,,,,,,,,,,,,,,,,
campaign_d_path,path_n100_near-ties_seed6.pcf,dpac,2,0,316060,41,40,14863636690863145895,13440,23f703aa3bc9,2026-08-28T16:54:38Z,100,99,1,,,,,,,,,,,,,,,,,
campaign_d_path,path_n100_near-ties_seed7.pcf,dpac,0,0,328778,44,43,2259647823513456680,13440,23f703aa3bc9,2026-08-28T16:54:38Z,100,99,1,,,,,,,,,,,,,,,,,
campaign_d_path,path_n100_near-ties_seed7.pcf,dpac,1,0,312707,44,43,2259647823513456680,13440,23f703aa3bc9,2026-08-28T16:54:38Z,100,99,1,,,,,,,,,,,,,,,,,
campaign_d_path,path_n100_near-ties_seed7.pcf,dpac,2,0,311429,44,43,2259647823513456680,13440,23f703aa3bc9,2026-08-28T16:54:38Z,100,99,1,,,,,,,,,,,,,,,,,
campaign_d_path,path_n100_near-ties_seed8.pcf,dpac,0,0,339812,39,38,18427128677645474814,13440,23f703aa3bc9,2026-08-28T16:54:38Z,100,99,1,,,,,,,,,,,,,,,,,
campaign_d_path,path_n100_near-ties_seed8.pcf,dpac,1,0,319332,39,38,18427128677645474814,13440,23f703aa3bc9,2026-08-28T16:54:38Z,100,99,1,,,,,,,,,,,,,,,,,
campaign_d_path,path_n100_near-ties_seed8.pcf,dpac,2,0,312285,39,38,18427128677645474814,13440,23f703aa3bc9,2026-08-28T16:54:38Z,100,99,1,,,,,,,,,,,,,,,,,
campaign_d_path,path_n100_near-ties_seed9.pcf,dpac,0,0,319341,42,41,7906690809366357171,13440,23f703aa3bc9,2026-08-28T16:54:38Z,100,99,1,,,,,,,,,,,,,,,,,
campaign_d_path,path_n100_near-ties_seed9.pcf,dpac,1,0,309266,42,41,7906690809366357171,13440,23f703aa3bc9,2026-08-28T16:54:38Z,100,99,1,,,,,,,,,,,,,,,,,
campaign_d_path,path_n100_near-ties_seed9.pcf,dpac,2,0,299014,42,41,7906690809366357171,13440,23f703aa3bc9,2026-08-28T16:54:38Z,100,99,1,,,,,,,,,,,,,,,,,
campaign_d_path,path_n2000_anti-correlated_seed0.pcf,dpac,0,0,194855811,1002,1001,445536328249338479,13440,23f703aa3bc9,2026-08-28T16:54:38Z,2000,1999,1,,,,,,,,,,,,,,,,,
campaign_d_path,path_n2000_anti-correlated_seed0.pcf,dpac,1,0,194817646,1002,1001,445536328249338479,13440,23f703aa3bc9,2026-08-28T16:54:39Z,2000,1999,1,,,,,,,,,,,,,,,,,
campaign_d_path,path_n2000_anti-correlated_seed0.pcf,dpac,2,0,193635601,1002,1001,445536328249338479,13440,23f703aa3bc9,2026-08-28T16:54:39Z,2000,1999,1,,,,,,,,,,,,,,,,,
campaign_d_path,path_n2000_anti-correlated_seed1.pcf,dpac,0,0,195191952,976,975,10093162353288481257,13440,23f703aa3bc9,2026-08-28T16:54:39Z,2000,1999,1,,,,,,,,,,,,,,,,,
campaign_d_path,path_n2000_anti-correlated_seed1.pcf,dpac,1,0,195980836,976,975,10093162353288481257,13440,23f703aa3bc9,2026-08-28T16:54:39Z,2000,1999,1,,,,,,,,,,,,,,,,,
campaign_d_path,path_n2000_anti-correlated_seed1.pcf,dpac,2,0,193463716,976,975,10093162353288481257,13440,23f703aa3bc9,2026-08-28T16:54:39Z,2000,1999,1,,,,,,,,,,,,,,,,,
campaign_d_path,path_n2000_anti-correlated_seed2.pcf,dpac,0,0,192395187,997,996,8624563963314710917,13440,23f703aa3bc9,2026-08-28T16:54:40Z,2000,1999,1,,,,,,,,,,,,,,,,,
campaign_d_path,path_n2000_anti-correlated_seed2.pcf,dpac,1,0,194110906,997,996,8624563963314710917,13440,23f703aa3bc9,2026-08-28T16:54:40Z,2000,1999,1,,,,,,,,,,,,,,,,,
campaign_d_path,path_n2000_anti-correlated_seed2.pcf,dpac,2,0,194487725,997,996,8624563963314710917,13440,23f703aa3bc9,2026-08-28T16:54:40Z,2000,1999,1,,,,,,,,,,,,,,,,,
campaign_d_path,path_n2000_anti-correlated_seed3.pcf,dpac,0,0,196343082,992,991,15081491338219828130,13440,23f703aa3bc9,2026-08-28T16:54:40Z,2000,1999,1,,,,,,,,,,,,,,,,,
campaign_d_path,path_n2000_anti-correlated_seed3.pcf,dpac,1,0,196303833,992,991,15081491338219828130,13440,23f703aa3bc9,2026-08-28T16:54:40Z,2000,1999,1,,,,,,,,,,,,,,,,,
campaign_d_path,path_n2000_anti-correlated_seed3.pcf,dpac,2,0,194245912,992,991,15081491338219828130,13440,23f703aa3bc9,2026-08-28T16:54:41Z,2000,1999,1,,,,,,,,,,,,,,,,,
campaign_d_path,path_n2000_anti-correlated_seed4.pcf,dpac,0,0,193919449,993,992,9376936661657958262,13440,23f703aa3bc9,2026-08-28T16:54:41Z,2000,1999,1,,,,,,,,,,,,,,,,,
campaign_d_path,path_n2000_anti-correlated_seed4.pcf,dpac,1,0,199012651,993,992,9376936661657958262,13440,23f703aa3bc9,2026-08-28T16:54:41Z,2000,1999,1,,,,,,,,,,,,,,,,,
campaign_d_path,path_n2000_anti-correlated_seed4.pcf,dpac,2,0,199556510,993,992,9376936661657958262,13440,23f703aa3bc9,2026-08-28T16:54:41Z,2000,1999,1,,,,,,,,,,,,,,,,,
campaign_d_path,path_n2000_anti-correlated_seed5.pcf,dpac,0,0,199034698,1018,1017,9831627012557903238,13600,23f703aa3bc9,2026-08-28T16:54:41Z,2000,1999,1,,,,,,,,,,,,,,,,,
campaign_d_path,path_n2000_anti-correlated_seed5.pcf,dpac,1,0,199578558,1018,1017,9831627012557903238,13600,23f703aa3bc9,2026-08-28T16:54:42Z,2000,1999,1,,,,,,,,,,,,,,,,,
campaign_d_path,path_n2000_anti-correlated_seed5.pcf,dpac,2,0,201313033,1018,1017,9831627012557903238,13600,23f703aa3bc9,2026-08-28T16:54:42Z,2000,1999,1,,,,,,,,,,,,,,,,,
campaign_d_path,path_n2000_anti-correlated_seed6.pcf,dpac,0,0,202598825,992,991,14972057596547436242,13600,23f703aa3bc9,2026-08-28T16:54:42Z,2000,1999,1,,,,,,,,,,,,,,,,,
campaign_d_path,path_n2000_anti-correlated_seed6.pcf,dpac,1,0,200701389,992,991,14972057596547436242,13600,23f703aa3bc9,2026-08-28T16:54:42Z,2000,1999,1,,,,,,,,,,,,,,,,,
campaign_d_path,path_n2000_anti-correlated_seed6.pcf,dpac,2,0,201923197,992,991,14972057596547436242,13600,23f703aa3bc9,2026-08-28T16:54:42Z,2000,1999,1,,,,,,,,,,,,,,,,,
campaign_d_path,path_n2000_anti-correlated_seed7.pcf,dpac,0,0,201991441,1035,1034,4175869558312467561,13600,23f703aa3bc9,2026-08-28T16:54:43Z,2000,1999,1,,,,,,,,,,,,,,,,,
campaign_d_path,path_n2000_anti-correlated_seed7.pcf,dpac,1,0,202532194,1035,1034,4175869558312467561,13600,23f703aa3bc9,2026-08-28T16:54:43Z,2000,1999,1,,,,,,,,,,,,,,,,,
campaign_d_path,path_n2000_anti-correlated_seed7.pcf,dpac,2,0,202649094,1035,1034,4175869558312467561,13600,23f703aa3bc9,2026-08-28T16:54:43Z,2000,1999,1,,,,,,,,,,,,,,,,,
campaign_d_path,path_n2000_anti-correlated_seed8.pcf,dpac,0,0,203389421,1031,1030,13621539838856315419,13600,23f703aa3bc9,2026-08-28T16:54:43Z,2000,1999,1,,,,,,,,,,,,,,,,,
campaign_d_path,path_n2000_anti-correlated_seed8.pcf,dpac,1,0,205428611,1031,1030,13621539838856315419,13600,23f703aa3bc9,2026-08-28T16:54:43Z,2000,1999,1,,,,,,,,,,,,,,,,,
campaign_d_path,path_n2000_anti-correlated_seed8.pcf,dpac,2,0,205184934,1031,1030,13621539838856315419,13600,23f703aa3bc9,2026-08-28T16:54:44Z,2000,1999,1,,,,,,,,,,,,,,,,,
campaign_d_path,path_n2000_anti-correlated_seed9.pcf,dpac,0,0,200745184,989,988,5060009180454548903,13600,23f703aa3bc9,2026-08-28T16:54:44Z,2000,1999,1,,,,,,,,,,,,,,,,,
campaign_d_path,path_n2000_anti-correlated_seed9.pcf,dpac,1,0,200151895,989,988,5060009180454548903,13600,23f703aa3bc9,2026-08-28T16:54:44Z,2000,1999,1,,,,,,,,,,,,,,,,,
campaign_d_path,path_n2000_anti-correlated_seed9.pcf,dpac,2,0,199003150,989,988,5060009180454548903,13600,23f703aa3bc9,2026-08-28T16:54:44Z,2000,1999,1,,,,,,,,,,,,,,,,,
campaign_d_path,path_n2000_correlated_seed0.pcf,dpac,0,0,189520653,1001,1000,12881583106614997222,13600,23f703aa3bc9,2026-08-28T16:54:44Z,2000,1999,1,,,,,,,,,,,,,,,,,
campaign_d_path,path_n2000_correlated_seed0.pcf,dpac,1,0,189785229,1001,1000,12881583106614997222,13600,23f703aa3bc9,2026-08-28T16:54:45Z,2000,1999,1,,,,,,,,,,,,,,,,,
campaign_d_path,path_n2000_correlated_seed0.pcf,dpac,2,0,189079641,1001,1000,12881583106614997222,13600,23f703aa3bc9,2026-08-28T16:54:45Z,2000,1999,1,,,,,,,,,,,,,,,,,
campaign_d_path,path_n2000_correlated_seed1.pcf,dpac,0,0,185839290,971,970,4673674595902866109,13600,23f703aa3bc9,2026-08-28T16:54:45Z,2000,1999,1,,,,,,,,,,,,,,,,,
campaign_d_path,path_n2000_correlated_seed1.pcf,dpac,1,0,187183947,971,970,4673674595902866109,13600,23f703aa3bc9,2026-08-28T16:54:45Z,2000,1999,1,,,,,,,,,,,,,,,,,
campaign_d_path,path_n2000_correlated_seed1.pcf,dpac,2,0,184848273,971,970,4673674595902866109,13600,23f703aa3bc9,2026-08-28T16:54:45Z,2000,1999,1,,,,,,,,,,,,,,,,,
campaign_d_path,path_n2000_correlated_seed2.pcf,dpac,0,0,186746449,967,966,11551177645114510707,13600,23f703aa3bc9,2026-08-28T16:54:46Z,2000,1999,1,,,,,,,,,,,,,,,,,
campaign_d_path,path_n2000_correlated_seed2.pcf,dpac,1,0,188664467,967,966,11551177645114510707,13600,23f703aa3bc9,2026-08-28T16:54:46Z,2000,1999,1,,,,,,,,,,,,,,,,,
campaign_d_path,path_n2000_correlated_seed2.pcf,dpac,2,0,191576327,967,966,11551177645114510707,13600,23f703aa3bc9,2026-08-28T16:54:46Z,2000,1999,1,,,,,,,,,,,,,,,,,
campaign_d_path,path_n2000_correlated_seed3.pcf,dpac,0,0,180154345,976,975,6758354104145611385,13600,23f703aa3bc9,2026-08-28T16:54:46Z,2000,1999,1,,,,,,,,,,,,,,,,,
campaign_d_path,path_n2000_correlated_seed3.pcf,dpac,1,0,182911651,976,975,6758354104145611385,13600,23f703aa3bc9,2026-08-28T16:54:46Z,2000,1999,1,,,,,,,,,,,,,,,,,
campaign_d_path,path_n2000_correlated_seed3.pcf,dpac,2,0,184263247,976,975,6758354104145611385,13600,23f703aa3bc9,2026-08-28T16:54:46Z,2000,1999,1,,,,,,,,,,,,,,,,,
campaign_d_path,path_n2000_correlated_seed4.pcf,dpac,0,0,188414383,1002,1001,3919110831962009543,13600,23f703aa3bc9,2026-08-28T16:54:47Z,2000,1999,1,,,,,,,,,,,,,,,,,
campaign_d_path,path_n2000_correlated_seed4.pcf,dpac,1,0,190797277,1002,1001,3919110831962009543,13600,23f703aa3bc9,2026-08-28T16:54:47Z,2000,1999,1,,,,,,,,,,,,,,,,,
campaign_d_path,path_n2000_correlated_seed4.pcf,dpac,2,0,191530461,1002,1001,3919110831962009543,13600,23f703aa3bc9,2026-08-28T16:54:47Z,2000,1999,1,,,,,,,,,,,,,,,,,
campaign_d_path,path_n2000_correlated_seed5.pcf,dpac,0,0,183071517,981,980,17019632382693197736,13600,23f703aa3bc9,2026-08-28T16:54:47Z,2000,1999,1,,,,,,,,,,,,,,,,,
campaign_d_path,path_n2000_correlated_seed5.pcf,dpac,1,0,188057427,981,980,17019632382693197736,13600,23f703aa3bc9,2026-08-28T16:54:47Z,2000,1999,1,,,,,,,,,,,,,,,,,
campaign_d_path,path_n2000_correlated_seed5.pcf,dpac,2,0,189595682,981,980,17019632382693197736,13600,23f703aa3bc9,2026-08-28T16:54:48Z,2000,1999,1,,,,,,,,,,,,,,,,,
campaign_d_path,path_n2000_correlated_seed6.pcf,dpac,0,0,190923204,975,974,5688148430025782090,13600,23f703aa3bc9,2026-08-28T16:54:48Z,2000,1999,1,,,,,,,,,,,,,,,,,
campaign_d_path,path_n2000_correlated_seed6.pcf,dpac,1,0,191500903,975,974,5688148430025782090,13600,23f703aa3bc9,2026-08-28T16:54:48Z,2000,1999,1,,,,,,,,,,,,,,,,,
campaign_d_path,path_n2000_correlated_seed6.pcf,dpac,2,0,192976828,975,974,5688148430025782090,13600,23f703aa3bc9,2026-08-28T16:54:48Z,2000,1999,1,,,,,,,,,,,,,,,,,
campaign_d_path,path_n2000_correlated_seed7.pcf,dpac,0,0,192040924,980,979,9358733837355785334,13600,23f703aa3bc9,2026-08-28T16:54:48Z,2000,1999,1,,,,,,,,,,,,,,,,,
campaign_d_path,path_n2000_correlated_seed7.pcf,dpac,1,0,190230824,980,979,9358733837355785334,13600,23f703aa3bc9,2026-08-28T16:54:49Z,2000,1999,1,,,,,,,,,,,,,,,,,
campaign_d_path,path_n2000_correlated_seed7.pcf,dpac,2,0,190453431,980,979,9358733837355785334,13600,23f703aa3bc9,2026-08-28T16:54:49Z,2000,1999,1,,,,,,,,,,,,,,,,,
campaign_d_path,path_n2000_correlated_seed8.pcf,dpac,0,0,194033347,993,992,5354761258080748252,13600,23f703aa3bc9,2026-08-28T16:54:49Z,2000,1999,1,,,,,,,,,,,,,,,,,
campaign_d_path,path_n2000_correlated_seed8.pcf,dpac,1,0,192570590,993,992,5354761258080748252,13600,23f703aa3bc9,2026-08-28T16:54:49Z,2000,1999,1,,,,,,,,,,,,,,,,,
campaign_d_path,path_n2000_correlated_seed8.pcf,dpac,2,0,192587624,993,992,5354761258080748252,13600,23f703aa3bc9,2026-08-28T16:54:49Z,2000,1999,1,,,,,,,,,,,,,,,,,
campaign_d_path,path_n2000_correlated_seed9.pcf,dpac,0,0,192201983,957,956,2068620550163123839,13600,23f703aa3bc9,2026-08-28T16:54:50Z,2000,1999,1,,,,,,,,,,,,,,,,,
campaign_d_path,path_n2000_correlated_seed9.pcf,dpac,1,0,191970815,957,956,2068620550163123839,13600,23f703aa3bc9,2026-08-28T16:54:50Z,2000,1999,1,,,,,,,,,,,,,,,,,
campaign_d_path,path_n2000_correlated_seed9.pcf,dpac,2,0,191900195,957,956,2068620550163123839,13600,23f703aa3bc9,2026-08-28T16:54:50Z,2000,1999,1,,,,,,,,,,,,,,,,,
campaign_d_path,path_n2000_exact-ties_seed0.pcf,dpac,0,0,123440109,557,556,13789886910760539540,13600,23f703aa3bc9,2026-08-28T16:54:50Z,2000,1999,1,,,,,,,,,,,,,,,,,
campaign_d_path,path_n2000_exact-ties_seed0.pcf,dpac,1,0,123773965,557,556,13789886910760539540,13600,23f703aa3bc9,2026-08-28T16:54:50Z,2000,1999,1,,,,,,,,,,,,,,,,,
campaign_d_path,path_n2000_exact-ties_seed0.pcf,dpac,2,0,123680192,557,556,13789886910760539540,13600,23f703aa3bc9,2026-08-28T16:54:50Z,2000,1999,1,,,,,,,,,,,,,,,,,
campaign_d_path,path_n2000_exact-ties_seed1.pcf,dpac,0,0,124617426,573,572,9475385985173716016,13600,23f703aa3bc9,2026-08-28T16:54:50Z,2000,1999,1,,,,,,,,,,,,,,,,,
campaign_d_path,path_n2000_exact-ties_seed1.pcf,dpac,1,0,123683257,573,572,9475385985173716016,13600,23f703aa3bc9,2026-08-28T16:54:51Z,2000,1999,1,,,,,,,,,,,,,,,,,
campaign_d_path,path_n2000_exact-ties_seed1.pcf,dpac,2,0,123905784,573,572,9475385985173716016,13600,23f703aa3bc9,2026-08-28T16:54:51Z,2000,1999,1,,,,,,,,,,,,,,,,,
campaign_d_path,path_n2000_exact-ties_seed2.pcf,dpac,0,0,123310175,574,573,12423812941600843698,13600,23f703aa3bc9,2026-08-28T16:54:51Z,2000,1999,1,,,,,,,,,,,,,,,,,
campaign_d_path,path_n2000_exact-ties_seed2.pcf,dpac,1,0,124002590,574,573,12423812941600843698,13600,23f703aa3bc9,2026-08-28T16:54:51Z,2000,1999,1,,,,,,,,,,,,,,,,,
campaign_d_path,path_n2000_exact-ties_seed2.pcf,dpac,2,0,124321668,574,573,12423812941600843698,13600,23f703aa3bc9,2026-08-28T16:54:51Z,2000,1999,1,,,,,,,,,,,,,,,,,
campaign_d_path,path_n2000_exact-ties_seed3.pcf,dpac,0,0,123965294,552,551,6119999786452088797,13600,23f703aa3bc9,2026-08-28T16:54:51Z,2000,1999,1,,,,,,,,,,,,,,,,,
campaign_d_path,path_n2000_exact-ties_seed3.pcf,dpac,1,0,123985639,552,551,6119999786452088797,13600,23f703aa3bc9,2026-08-28T16:54:51Z,2000,1999,1,,,,,,,,,,,,,,,,,
campaign_d_path,path_n2000_exact-ties_seed3.pcf,dpac,2,0,123961631,552,551,6119999786452088797,13600,23f703aa3bc9,2026-08-28T16:54:51Z,2000,1999,1,,,,,,,,,,,,,,,,,
campaign_d_path,path_n2000_exact-ties_seed4.pcf,dpac,0,0,123540567,575,574,3671764330545395000,13600,23f703aa3bc9,2026-08-28T16:54:52Z,2000,1999,1,,,,,,,,,,,,,,,,,
campaign_d_path,path_n2000_exact-ties_seed4.pcf,dpac,1,0,121717429,575,574,3671764330545395000,13600,23f703aa3bc9,2026-08-28T16:54:52Z,2000,1999,1,,,,,,,,,,,,,,,,,
campaign_d_path,path_n2000_exact-ties_seed4.pcf,dpac,2,0,121622413,575,574,3671764330545395000,13600,23f703aa3bc9,2026-08-28T16:54:52Z,2000,1999,1,,,,,,,,,,,,,,,,,
campaign_d_path,path_n2000_exact-ties_seed5.pcf,dpac,0,0,116162568,549,548,15587391917606003585,13760,23f703aa3bc9,2026-08-28T16:54:52Z,2000,1999,1,,,,,,,,,,,,,,,,,
campaign_d_path,path_n2000_exact-ties_seed5.pcf,dpac,1,0,116802776,549,548,15587391917606003585,13760,23f703aa3bc9,2026-08-28T16:54:52Z,2000,1999,1,,,,,,,,,,,,,,,,,
campaign_d_path,path_n2000_exact-ties_seed5.pcf,dpac,2,0,115950899,549,548,15587391917606003585,13760,23f703aa3bc9,2026-08-28T16:54:52Z,2000,1999,1,,,,,,,,,,,,,,,,,
campaign_d_path,path_n2000_exact-ties_seed6.pcf,dpac,0,0,119337129,556,555,17999546253139202900,13760,23f703aa3bc9,2026-08-28T16:54:52Z,2000,1999,1,,,,,,,,,,,,,,,,,
campaign_d_path,path_n2000_exact-ties_seed6.pcf,dpac,1,0,121575538,556,555,17999546253139202900,13760,23f703aa3bc9,2026-08-28T16:54:52Z,2000,1999,1,,,,,,,,,,,,,,,,,
campaign_d_path,path_n2000_exact-ties_seed6.pcf,dpac,2,0,121416129,556,555,17999546253139202900,13760,23f703aa3bc9,2026-08-28T16:54:53Z,2000,1999,1,,,,,,,,,,,,,,,,,
campaign_d_path,path_n2000_exact-ties_seed7.pcf,dpac,0,0,125380506,563,562,1055358551111466270,13760,23f703aa3bc9,2026-08-28T16:54:53Z,2000,1999,1,,,,,,,,,,,,,,,,,
campaign_d_path,path_n2000_exact-ties_seed7.pcf,dpac,1,0,125880471,563,562,1055358551111466270,13760,23f703aa3bc9,2026-08-28T16:54:53Z,2000,1999,1,,,,,,,,,,,,,,,,,
campaign_d_path,path_n2000_exact-ties_seed7.pcf,dpac,2,0,125439143,563,562,1055358551111466270,13760,23f703aa3bc9,2026-08-28T16:54:53Z,2000,1999,1,,,,,,,,,,,,,,,,,
campaign_d_path,path_n2000_exact-ties_seed8.pcf,dpac,0,0,116313113,560,559,14566036525064514715,13760,23f703aa3bc9,2026-08-28T16:54:53Z,2000,1999,1,,,,,,,,,,,,,,,,,
campaign_d_path,path_n2000_exact-ties_seed8.pcf,dpac,1,0,115631130,560,559,14566036525064514715,13760,23f703aa3bc9,2026-08-28T16:54:53Z,2000,1999,1,,,,,,,,,,,,,,,,,
campaign_d_path,path_n2000_exact-ties_seed8.pcf,dpac,2,0,118035609,560,559,14566036525064514715,13760,23f703aa3bc9,2026-08-28T16:54:53Z,2000,1999,1,,,,,,,,,,,,,,,,,
campaign_d_path,path_n2000_exact-ties_seed9.pcf,dpac,0,0,121528676,577,576,3930503697747928163,13760,23f703aa3bc9,2026-08-28T16:54:53Z,2000,1999,1,,,,,,,,,,,,,,,,,
campaign_d_path,path_n2000_exact-ties_seed9.pcf,dpac,1,0,120546545,577,576,3930503697747928163,13760,23f703aa3bc9,2026-08-28T16:54:54Z,2000,1999,1,,,,,,,,,,,,,,,,,
campaign_d_path,path_n2000_exact-ties_seed9.pcf,dpac,2,0,120737169,577,576,3930503697747928163,13760,23f703aa3bc9,2026-08-28T16:54:54Z,2000,1999,1,,,,,,,,,,,,,,,,,
campaign_d_path,path_n2000_independent-positive_seed0.pcf,dpac,0,0,195674027,1001,1000,15541233905808559344,13760,23f703aa3bc9,2026-08-28T16:54:54Z,2000,1999,1,,,,,,,,,,,,,,,,,
campaign_d_path,path_n2000_independent-positive_seed0.pcf,dpac,1,0,198533457,1001,1000,15541233905808559344,13760,23f703aa3bc9,2026-08-28T16:54:54Z,2000,1999,1,,,,,,,,,,,,,,,,,
campaign_d_path,path_n2000_independent-positive_seed0.pcf,dpac,2,0,203957394,1001,1000,15541233905808559344,13760,23f703aa3bc9,2026-08-28T16:54:54Z,2000,1999,1,,,,,,,,,,,,,,,,,
campaign_d_path,path_n2000_independent-positive_seed1.pcf,dpac,0,0,200557984,1009,1008,16201875973516587958,13760,23f703aa3bc9,2026-08-28T16:54:54Z,2000,1999,1,,,,,,,,,,,,,,,,,
campaign_d_path,path_n2000_independent-positive_seed1.pcf,dpac,1,0,200627717,1009,1008,16201875973516587958,13760,23f703aa3bc9,2026-08-28T16:54:55Z,2000,1999,1,,,,,,,,,,,,,,,,,
campaign_d_path,path_n2000_independent-positive_seed1.pcf,dpac,2,0,199172242,1009,1008,16201875973516587958,13760,23f703aa3bc9,2026-08-28T16:54:55Z,2000,1999,1,,,,,,,,,,,,,,,,,
campaign_d_path,path_n2000_independent-positive_seed2.pcf,dpac,0,0,198968470,963,962,353787489302761933,13760,23f703aa3bc9,2026-08-28T16:54:55Z,2000,1999,1,,,,,,,,,,,,,,,,,
campaign_d_path,path_n2000_independent-positive_seed2.pcf,dpac,1,0,198309903,963,962,353787489302761933,13760,23f703aa3bc9,2026-08-28T16:54:55Z,2000,1999,1,,,,,,,,,,,,,,,,,
campaign_d_path,path_n2000_independent-positive_seed2.pcf,dpac,2,0,199290807,963,962,353787489302761933,13760,23f703aa3bc9,2026-08-28T16:54:55Z,2000,1999,1,,,,,,,,,,,,,,,,,
campaign_d_path,path_n2000_independent-positive_seed3.pcf,dpac,0,0,201486147,980,979,8156432088587218110,13760,23f703aa3bc9,2026-08-28T16:54:56Z,2000,1999,1,,,,,,,,,,,,,,,,,
campaign_d_path,path_n2000_independent-positive_seed3.pcf,dpac,1,0,198667800,980,979,8156432088587218110,13760,23f703aa3bc9,2026-08-28T16:54:56Z,2000,1999,1,,,,,,,,,,,,,,,,,
campaign_d_path,path_n2000_independent-positive_seed3.pcf,dpac,2,0,198970517,980,979,8156432088587218110,13760,23f703aa3bc9,2026-08-28T16:54:56Z,2000,1999,1,,,,,,,,,,,,,,,,,
campaign_d_path,path_n2000_independent-positive_seed4.pcf,dpac,0,0,198080376,984,983,4024930344597749469,13760,23f703aa3bc9,2026-08-28T16:54:56Z,2000,1999,1,,,,,,,,,,,,,,,,,
campaign_d_path,path_n2000_independent-positive_seed4.pcf,dpac,1,0,199405171,984,983,4024930344597749469,13760,23f703aa3bc9,2026-08-28T16:54:56Z,2000,1999,1,,,,,,,,,,,,,,,,,
campaign_d_path,path_n2000_independent-positive_seed4.pcf,dpac,2,0,200112971,984,983,4024930344597749469,13760,23f703aa3bc9,2026-08-28T16:54:57Z,2000,1999,1,,,,,,,,,,,,,,,,,
campaign_d_path,path_n2000_independent-positive_seed5.pcf,dpac,0,0,201737251,994,993,7218695525367228762,13760,23f703aa3bc9,2026-08-28T16:54:57Z,2000,1999,1,,,,,,,,,,,,,,,,,
campaign_d_path,path_n2000_independent-positive_seed5.pcf,dpac,1,0,200207796,994,993,7218695525367228762,13760,23f703aa3bc9,2026-08-28T16:54:57Z,2000,1999,1,,,,,,,,,,,,,,,,,
campaign_d_path,path_n2000_independent-positive_seed5.pcf,dpac,2,0,199061289,994,993,7218695525367228762,13760,23f703aa3bc9,2026-08-28T16:54:57Z,2000,1999,1,,,,,,,,,,,,,,,,,
campaign_d_path,path_n2000_independent-positive_seed6.pcf,dpac,0,0,195927870,962,961,6750428333442938248,13760,23f703aa3bc9,2026-08-28T16:54:57Z,2000,1999,1,,,,,,,,,,,,,,,,,
campaign_d_path,path_n2000_independent-positive_seed6.pcf,dpac,1,0,196516718,962,961,6750428333442938248,13760,23f703aa3bc9,2026-08-28T16:54:58Z,2000,1999,1,,,,,,,,,,,,,,,,,
campaign_d_path,path_n2000_independent-positive_seed6.pcf,dpac,2,0,194961655,962,961,6750428333442938248,13760,23f703aa3bc9,2026-08-28T16:54:58Z,2000,1999,1,,,,,,,,,,,,,,,,,
campaign_d_path,path_n2000_independent-positive_seed7.pcf,dpac,0,0,190395622,968,967,2340085223560816084,13760,23f703aa3bc9,2026-08-28T16:54:58Z,2000,1999,1,,,,,,,,,,,,,,,,,
campaign_d_path,path_n2000_independent-positive_seed7.pcf,dpac,1,0,190843177,968,967,2340085223560816084,13760,23f703aa3bc9,2026-08-28T16:54:58Z,2000,1999,1,,,,,,,,,,,,,,,,,
campaign_d_path,path_n2000_independent-positive_seed7.pcf,dpac,2,0,190441591,968,967,2340085223560816084,13760,23f703aa3bc9,2026-08-28T16:54:58Z,2000,1999,1,,,,,,,,,,,,,,,,,
campaign_d_path,path_n2000_independent-positive_seed8.pcf,dpac,0,0,200734966,1002,1001,12745531840055122909,13760,23f703aa3bc9,2026-08-28T16:54:59Z,2000,1999,1,,,,,,,,,,,,,,,,,
campaign_d_path,path_n2000_independent-positive_seed8.pcf,dpac,1,0,193185938,1002,1001,12745531840055122909,13760,23f703aa3bc9,2026-08-28T16:54:59Z,2000,1999,1,,,,,,,,,,,,,,,,,
campaign_d_path,path_n2000_independent-positive_seed8.pcf,dpac,2,0,196024486,1002,1001,12745531840055122909,13760,23f703aa3bc9,2026-08-28T16:54:59Z,2000,1999,1,,,,,,,,,,,,,,,,,
campaign_d_path,path_n2000_independent-positive_seed9.pcf,dpac,0,0,193516890,1008,1007,17529259067169940212,13760,23f703aa3bc9,2026-08-28T16:54:59Z,2000,1999,1,,,,,,,,,,,,,,,,,
campaign_d_path,path_n2000_independent-positive_seed9.pcf,dpac,1,0,191885157,1008,1007,17529259067169940212,13760,23f703aa3bc9,2026-08-28T16:54:59Z,2000,1999,1,,,,,,,,,,,,,,,,,
campaign_d_path,path_n2000_independent-positive_seed9.pcf,dpac,2,0,193870311,1008,1007,17529259067169940212,13760,23f703aa3bc9,2026-08-28T16:55:00Z,2000,1999,1,,,,,,,,,,,,,,,,,
campaign_d_path,path_n2000_independent-signed_seed0.pcf,dpac,0,0,190585226,989,988,17533912355332133914,13760,23f703aa3bc9,2026-08-28T16:55:00Z,2000,1999,1,,,,,,,,,,,,,,,,,
campaign_d_path,path_n2000_independent-signed_seed0.pcf,dpac,1,0,193306637,989,988,17533912355332133914,13760,23f703aa3bc9,2026-08-28T16:55:00Z,2000,1999,1,,,,,,,,,,,,,,,,,
campaign_d_path,path_n2000_independent-signed_seed0.pcf,dpac,2,0,194704933,989,988,17533912355332133914,13760,23f703aa3bc9,2026-08-28T16:55:00Z,2000,1999,1,,,,,,,,,,,,,,,,,
campaign_d_path,path_n2000_independent-signed_seed1.pcf,dpac,0,0,188631182,981,980,17718023883622755764,13760,23f703aa3bc9,2026-08-28T16:55:00Z,2000,1999,1,,,,,,,,,,,,,,,,,
campaign_d_path,path_n2000_independent-signed_seed1.pcf,dpac,1,0,193567053,981,980,17718023883622755764,13760,23f703aa3bc9,2026-08-28T16:55:01Z,2000,1999,1,,,,,,,,,,,,,,,,,
campaign_d_path,path_n2000_independent-signed_seed1.pcf,dpac,2,0,197369000,981,980,17718023883622755764,13760,23f703aa3bc9,2026-08-28T16:55:01Z,2000,1999,1,,,,,,,,,,,,,,,,,
campaign_d_path,path_n2000_independent-signed_seed2.pcf,dpac,0,0,200237818,1010,1009,8791592393023263318,13760,23f703aa3bc9,2026-08-28T16:55:01Z,2000,1999,1,,,,,,,,,,,,,,,,,
campaign_d_path,path_n2000_independent-signed_seed2.pcf,dpac,1,0,202672666,1010,1009,8791592393023263318,13760,23f703aa3bc9,2026-08-28T16:55:01Z,2000,1999,1,,,,,,,,,,,,,,,,,
campaign_d_path,path_n2000_independent-signed_seed2.pcf,dpac,2,0,201765833,1010,1009,8791592393023263318,13760,23f703aa3bc9,2026-08-28T16:55:01Z,2000,1999,1,,,,,,,,,,,,,,,,,
campaign_d_path,path_n2000_independent-signed_seed3.pcf,dpac,0,0,199795249,1003,1002,11057699549691560488,13920,23f703aa3bc9,2026-08-28T16:55:02Z,2000,1999,1,,,,,,,,,,,,,,,,,
campaign_d_path,path_n2000_independent-signed_seed3.pcf,dpac,1,0,198609953,1003,1002,11057699549691560488,13920,23f703aa3bc9,2026-08-28T16:55:02Z,2000,1999,1,,,,,,,,,,,,,,,,,
campaign_d_path,path_n2000_independent-signed_seed3.pcf,dpac,2,0,199402861,1003,1002,11057699549691560488,13920,23f703aa3bc9,2026-08-28T16:55:02Z,2000,1999,1,,,,,,,,,,,,,,,,,
campaign_d_path,path_n2000_independent-signed_seed4.pcf,dpac,0,0,203370210,990,989,15026973213764609700,13920,23f703aa3bc9,2026-08-28T16:55:02Z,2000,1999,1,,,,,,,,,,,,,,,,,
campaign_d_path,path_n2000_independent-signed_seed4.pcf,dpac,1,0,199206530,990,989,15026973213764609700,13920,23f703aa3bc9,2026-08-28T16:55:02Z,2000,1999,1,,,,,,,,,,,,,,,,,
campaign_d_path,path_n2000_independent-signed_seed4.pcf,dpac,2,0,197483086,990,989,15026973213764609700,13920,23f703aa3bc9,2026-08-28T16:55:03Z,2000,1999,1,,,,,,,,,,,,,,,,,
campaign_d_path,path_n2000_independent-signed_seed5.pcf,dpac,0,0,197573842,965,964,15804106190803638137,13920,23f703aa3bc9,2026-08-28T16:55:03Z,2000,1999,1,,,,,,,,,,,,,,,,,
campaign_d_path,path_n2000_independent-signed_seed5.pcf,dpac,1,0,198767485,965,964,15804106190803638137,13920,23f703aa3bc9,2026-08-28T16:55:03Z,2000,1999,1,,,,,,,,,,,,,,,,,
campaign_d_path,path_n2000_independent-signed_seed5.pcf,dpac,2,0,200280988,965,964,15804106190803638137,13920,23f703aa3bc9,2026-08-28T16:55:03Z,2000,1999,1,,,,,,,,,,,,,,,,,
campaign_d_path,path_n2000_independent-signed_seed6.pcf,dpac,0,0,197515801,1001,1000,7236980787175230741,13920,23f703aa3bc9,2026-08-28T16:55:03Z,2000,1999,1,,,,,,,,,,,,,,,,,
campaign_d_path,path_n2000_independent-signed_seed6.pcf,dpac,1,0,196594489,1001,1000,7236980787175230741,13920,23f703aa3bc9,2026-08-28T16:55:04Z,2000,1999,1,,,,,,,,,,,,,,,,,
campaign_d_path,path_n2000_independent-signed_seed6.pcf,dpac,2,0,195277685,1001,1000,7236980787175230741,13920,23f703aa3bc9,2026-08-28T16:55:04Z,2000,1999,1,,,,,,,,,,,,,,,,,
campaign_d_path,path_n2000_independent-signed_seed7.pcf,dpac,0,0,192390164,976,975,10875073930123949283,13920,23f703aa3bc9,2026-08-28T16:55:04Z,2000,1999,1,,,,,,,,,,,,,,,,,
campaign_d_path,path_n2000_independent-signed_seed7.pcf,dpac,1,0,193369875,976,975,10875073930123949283,13920,23f703aa3bc9,2026-08-28T16:55:04Z,2000,1999,1,,,,,,,,,,,,,,,,,
campaign_d_path,path_n2000_independent-signed_seed7.pcf,dpac,2,0,192876632,976,975,10875073930123949283,13920,23f703aa3bc9,2026-08-28T16:55:04Z,2000,1999,1,,,,,,,,,,,,,,,,,
campaign_d_path,path_n2000_independent-signed_seed8.pcf,dpac,0,0,192867289,982,981,3517902346720396032,13920,23f703aa3bc9,2026-08-28T16:55:05Z,2000,1999,1,,,,,,,,,,,,,,,,,
campaign_d_path,path_n2000_independent-signed_seed8.pcf,dpac,1,0,192947542,982,981,3517902346720396032,13920,23f703aa3bc9,2026-08-28T16:55:05Z,2000,1999,1,,,,,,,,,,,,,,,,,
campaign_d_path,path_n2000_independent-signed_seed8.pcf,dpac,2,0,191198514,982,981,3517902346720396032,13920,23f703aa3bc9,2026-08-28T16:55:05Z,2000,1999,1,,,,,,,,,,,,,,,,,
campaign_d_path,path_n2000_independent-signed_seed9.pcf,dpac,0,0,194292365,1013,1012,9334452907141320575,13920,23f703aa3bc9,2026-08-28T16:55:05Z,2000,1999,1,,,,,,,,,,,,,,,,,
campaign_d_path,path_n2000_independent-signed_seed9.pcf,dpac,1,0,193054298,1013,1012,9334452907141320575,13920,23f703aa3bc9,2026-08-28T16:55:05Z,2000,1999,1,,,,,,,,,,,,,,,,,
campaign_d_path,path_n2000_independent-signed_seed9.pcf,dpac,2,0,194172787,1013,1012,9334452907141320575,13920,23f703aa3bc9,2026-08-28T16:55:06Z,2000,1999,1,,,,,,,,,,,,,,,,,
campaign_d_path,path_n2000_near-ties_seed0.pcf,dpac,0,0,119535942,369,368,16571646739480287995,13920,23f703aa3bc9,2026-08-28T16:55:06Z,2000,1999,1,,,,,,,,,,,,,,,,,
campaign_d_path,path_n2000_near-ties_seed0.pcf,dpac,1,0,115134790,369,368,16571646739480287995,13920,23f703aa3bc9,2026-08-28T16:55:06Z,2000,1999,1,,,,,,,,,,,,,,,,,
campaign_d_path,path_n2000_near-ties_seed0.pcf,dpac,2,0,114766534,369,368,16571646739480287995,13920,23f703aa3bc9,2026-08-28T16:55:06Z,2000,1999,1,,,,,,,,,,,,,,,,,
campaign_d_path,path_n2000_near-ties_seed1.pcf,dpac,0,0,109222884,367,366,12639785917693007527,13920,23f703aa3bc9,2026-08-28T16:55:06Z,2000,1999,1,,,,,,,,,,,,,,,,,
campaign_d_path,path_n2000_near-ties_seed1.pcf,dpac,1,0,112250205,367,366,12639785917693007527,13920,23f703aa3bc9,2026-08-28T16:55:06Z,2000,1999,1,,,,,,,,,,,,,,,,,
campaign_d_path,path_n2000_near-ties_seed1.pcf,dpac,2,0,112686624,367,366,12639785917693007527,13920,23f703aa3bc9,2026-08-28T16:55:06Z,2000,1999,1,,,,,,,,,,,,,,,,,
campaign_d_path,path_n2000_near-ties_seed2.pcf,dpac,0,0,110925179,366,365,12982283250722462042,13920,23f703aa3bc9,2026-08-28T16:55:06Z,2000,1999,1,,,,,,,,,,,,,,,,,
campaign_d_path,path_n2000_near-ties_seed2.pcf,dpac,1,0,113072590,366,365,12982283250722462042,13920,23f703aa3bc9,2026-08-28T16:55:06Z,2000,1999,1,,,,,,,,,,,,,,,,,
campaign_d_path,path_n2000_near-ties_seed2.pcf,dpac,2,0,112991179,366,365,12982283250722462042,13920,23f703aa3bc9,2026-08-28T16:55:07Z,2000,1999,1,,,,,,,,,,,,,,,,,
campaign_d_path,path_n2000_near-ties_seed3.pcf,dpac,0,0,102909565,378,377,15198172156398678015,13920,23f703aa3bc9,2026-08-28T16:55:07Z,2000,1999,1,,,,,,,,,,,,,,,,,
campaign_d_path,path_n2000_near-ties_seed3.pcf,dpac,1,0,102682430,378,377,15198172156398678015,13920,23f703aa3bc9,2026-08-28T16:55:07Z,2000,1999,1,,,,,,,,,,,,,,,,,
campaign_d_path,path_n2000_near-ties_seed3.pcf,dpac,2,0,103317418,378,377,15198172156398678015,13920,23f703aa3bc9,2026-08-28T16:55:07Z,2000,1999,1,,,,,,,,,,,,,,,,,
campaign_d_path,path_n2000_near-ties_seed4.pcf,dpac,0,0,115012190,358,357,13099985706271085352,13920,23f703aa3bc9,2026-08-28T16:55:07Z,2000,1999,1,,,,,,,,,,,,,,,,,
campaign_d_path,path_n2000_near-ties_seed4.pcf,dpac,1,0,116044206,358,357,13099985706271085352,13920,23f703aa3bc9,2026-08-28T16:55:07Z,2000,1999,1,,,,,,,,,,,,,,,,,
campaign_d_path,path_n2000_near-ties_seed4.pcf,dpac,2,0,119687167,358,357,13099985706271085352,13920,23f703aa3bc9,2026-08-28T16:55:07Z,2000,1999,1,,,,,,,,,,,,,,,,,
campaign_d_path,path_n2000_near-ties_seed5.pcf,dpac,0,0,113305987,361,360,11856056590779710827,13920,23f703aa3bc9,2026-08-28T16:55:07Z,2000,1999,1,,,,,,,,,,,,,,,,,
campaign_d_path,path_n2000_near-ties_seed5.pcf,dpac,1,0,114057796,361,360,11856056590779710827,13920,23f703aa3bc9,2026-08-28T16:55:07Z,2000,1999,1,,,,,,,,,,,,,,,,,
campaign_d_path,path_n2000_near-ties_seed5.pcf,dpac,2,0,113934245,361,360,11856056590779710827,13920,23f703aa3bc9,2026-08-28T16:55:08Z,2000,1999,1,,,,,,,,,,,,,,,,,
campaign_d_path,path_n2000_near-ties_seed6.pcf,dpac,0,0,118431483,348,347,14246272772870698423,13920,23f703aa3bc9,2026-08-28T16:55:08Z,2000,1999,1,,,,,,,,,,,,,,,,,
campaign_d_path,path_n2000_near-ties_seed6.pcf,dpac,1,0,118062644,348,347,14246272772870698423,13920,23f703aa3bc9,2026-08-28T16:55:08Z,2000,1999,1,,,,,,,,,,,,,,,,,
campaign_d_path,path_n2000_near-ties_seed6.pcf,dpac,2,0,118162077,348,347,14246272772870698423,13920,23f703aa3bc9,2026-08-28T16:55:08Z,2000,1999,1,,,,,,,,,,,,,,,,,
campaign_d_path,path_n2000_near-ties_seed7.pcf,dpac,0,0,117861298,374,373,9204105068420153697,13920,23f703aa3bc9,2026-08-28T16:55:08Z,2000,1999,1,,,,,,,,,,,,,,,,,
campaign_d_path,path_n2000_near-ties_seed7.pcf,dpac,1,0,117731768,374,373,9204105068420153697,13920,23f703aa3bc9,2026-08-28T16:55:08Z,2000,1999,1,,,,,,,,,,,,,,,,,
campaign_d_path,path_n2000_near-ties_seed7.pcf,dpac,2,0,118238893,374,373,9204105068420153697,13920,23f703aa3bc9,2026-08-28T16:55:08Z,2000,1999,1,,,,,,,,,,,,,,,,,
campaign_d_path,path_n2000_near-ties_seed8.pcf,dpac,0,0,115598734,357,356,5449381992300528077,13920,23f703aa3bc9,2026-08-28T16:55:08Z,2000,1999,1,,,,,,,,,,,,,,,,,
campaign_d_path,path_n2000_near-ties_seed8.pcf,dpac,1,0,116240099,357,356,5449381992300528077,13920,23f703aa3bc9,2026-08-28T16:55:09Z,2000,1999,1,,,,,,,,,,,,,,,,,
campaign_d_path,path_n2000_near-ties_seed8.pcf,dpac,2,0,115506634,357,356,5449381992300528077,13920,23f703aa3bc9,2026-08-28T16:55:09Z,2000,1999,1,,,,,,,,,,,,,,,,,
campaign_d_path,path_n2000_near-ties_seed9.pcf,dpac,0,0,121089747,373,372,3928785969252775067,13920,23f703aa3bc9,2026-08-28T16:55:09Z,2000,1999,1,,,,,,,,,,,,,,,,,
campaign_d_path,path_n2000_near-ties_seed9.pcf,dpac,1,0,122169639,373,372,3928785969252775067,13920,23f703aa3bc9,2026-08-28T16:55:09Z,2000,1999,1,,,,,,,,,,,,,,,,,
campaign_d_path,path_n2000_near-ties_seed9.pcf,dpac,2,0,121958977,373,372,3928785969252775067,13920,23f703aa3bc9,2026-08-28T16:55:09Z,2000,1999,1,,,,,,,,,,,,,,,,,
campaign_d_path,path_n200_anti-correlated_seed0.pcf,dpac,0,0,1306419,90,89,12772281929508168407,13920,23f703aa3bc9,2026-08-28T16:55:09Z,200,199,1,,,,,,,,,,,,,,,,,
campaign_d_path,path_n200_anti-correlated_seed0.pcf,dpac,1,0,1234821,90,89,12772281929508168407,13920,23f703aa3bc9,2026-08-28T16:55:09Z,200,199,1,,,,,,,,,,,,,,,,,
campaign_d_path,path_n200_anti-correlated_seed0.pcf,dpac,2,0,1217909,90,89,12772281929508168407,13920,23f703aa3bc9,2026-08-28T16:55:09Z,200,199,1,,,,,,,,,,,,,,,,,
campaign_d_path,path_n200_anti-correlated_seed1.pcf,dpac,0,0,1246584,95,94,8472758968919874326,13920,23f703aa3bc9,2026-08-28T16:55:09Z,200,199,1,,,,,,,,,,,,,,,,,
campaign_d_path,path_n200_anti-correlated_seed1.pcf,dpac,1,0,1254631,95,94,8472758968919874326,13920,23f703aa3bc9,2026-08-28T16:55:09Z,200,199,1,,,,,,,,,,,,,,,,,
campaign_d_path,path_n200_anti-correlated_seed1.pcf,dpac,2,0,1254384,95,94,8472758968919874326,13920,23f703aa3bc9,2026-08-28T16:55:09Z,200,199,1,,,,,,,,,,,,,,,,,
campaign_d_path,path_n200_anti-correlated_seed2.pcf,dpac,0,0,1247507,94,93,10994161181024725057,13920,23f703aa3bc9,2026-08-28T16:55:09Z,200,199,1,,,,,,,,,,,,,,,,,
campaign_d_path,path_n200_anti-correlated_seed2.pcf,dpac,1,0,1273860,94,93,10994161181024725057,13920,23f703aa3bc9,2026-08-28T16:55:09Z,200,199,1,,,,,,,,,,,,,,,,,
campaign_d_path,path_n200_anti-correlated_seed2.pcf,dpac,2,0,1290036,94,93,10994161181024725057,13920,23f703aa3bc9,2026-08-28T16:55:09Z,200,199,1,,,,,,,,,,,,,,,,,
campaign_d_path,path_n200_anti-correlated_seed3.pcf,dpac,0,0,1337651,98,97,17024851639503937595,14080,23f703aa3bc9,2026-08-28T16:55:09Z,200,199,1,,,,,,,,,,,,,,,,,
campaign_d_path,path_n200_anti-correlated_seed3.pcf,dpac,1,0,1233533,98,97,17024851639503937595,14080,23f703aa3bc9,2026-08-28T16:55:09Z,200,199,1,,,,,,,,,,,,,,,,,
campaign_d_path,path_n200_anti-correlated_seed3.pcf,dpac,2,0,1217573,98,97,17024851639503937595,14080,23f703aa3bc9,2026-08-28T16:55:09Z,200,199,1,,,,,,,,,,,,,,,,,
campaign_d_path,path_n200_anti-correlated_seed4.pcf,dpac,0,0,1377900,91,90,6906614001204751388,14080,23f703aa3bc9,2026-08-28T16:55:09Z,200,199,1,,,,,,,,,,,,,,,,,
campaign_d_path,path_n200_anti-correlated_seed4.pcf,dpac,1,0,1224066,91,90,6906614001204751388,14080,23f703aa3bc9,2026-08-28T16:55:09Z,200,199,1,,,,,,,,,,,,,,,,,
campaign_d_path,path_n200_anti-correlated_seed4.pcf,dpac,2,0,1234191,91,90,6906614001204751388,14080,23f703aa3bc9,2026-08-28T16:55:09Z,200,199,1,,,,,,,,,,,,,,,,,
campaign_d_path,path_n200_anti-correlated_seed5.pcf,dpac,0,0,1334972,95,94,9827112722495477795,14080,23f703aa3bc9,2026-08-28T16:55:09Z,200,199,1,,,,,,,,,,,,,,,,,
campaign_d_path,path_n200_anti-correlated_seed5.pcf,dpac,1,0,1249284,95,94,9827112722495477795,14080,23f703aa3bc9,2026-08-28T16:55:09Z,200,199,1,,,,,,,,,,,,,,,,,
campaign_d_path,path_n200_anti-correlated_seed5.pcf,dpac,2,0,1211502,95,94,9827112722495477795,14080,23f703aa3bc9,2026-08-28T16:55:09Z,200,199,1,,,,,,,,,,,,,,,,,
campaign_d_path,path_n200_anti-correlated_seed6.pcf,dpac,0,0,1272003,98,97,13841617953650497689,14080,23f703aa3bc9,2026-08-28T16:55:09Z,200,199,1,,,,,,,,,,,,,,,,,
campaign_d_path,path_n200_anti-correlated_seed6.pcf,dpac,1,0,1231230,98,97,13841617953650497689,14080,23f703aa3bc9,2026-08-28T16:55:09Z,200,199,1,,,,,,,,,,,,,,,,,
campaign_d_path,path_n200_anti-correlated_seed6.pcf,dpac,2,0,1263492,98,97,13841617953650497689,14080,23f703aa3bc9,2026-08-28T16:55:09Z,200,199,1,,,,,,,,,,,,,,,,,
campaign_d_path,path_n200_anti-correlated_seed7.pcf,dpac,0,0,1280660,106,105,13736373291874711106,14080,23f703aa3bc9,2026-08-28T16:55:09Z,200,199,1,,,,,,,,,,,,,,,,,
campaign_d_path,path_n200_anti-correlated_seed7.pcf,dpac,1,0,1236161,106,105,13736373291874711106,14080,23f703aa3bc9,2026-08-28T16:55:09Z,200,199,1,,,,,,,,,,,,,,,,,
campaign_d_path,path_n200_anti-correlated_seed7.pcf,dpac,2,0,1235154,106,105,13736373291874711106,14080,23f703aa3bc9,2026-08-28T16:55:09Z,200,199,1,,,,,,,,,,,,,,,,,
campaign_d_path,path_n200_anti-correlated_seed8.pcf,dpac,0,0,1353470,108,107,13567034997167683468,14080,23f703aa3bc9,2026-08-28T16:55:09Z,200,199,1,,,,,,,,,,,,,,,,,
campaign_d_path,path_n200_anti-correlated_seed8.pcf,dpac,1,0,1249225,108,107,13567034997167683468,14080,23f703aa3bc9,2026-08-28T16:55:09Z,200,199,1,,,,,,,,,,,,,,,,,
campaign_d_path,path_n200_anti-correlated_seed8.pcf,dpac,2,0,1270350,108,107,13567034997167683468,14080,23f703aa3bc9,2026-08-28T16:55:09Z,200,199,1,,,,,,,,,,,,,,,,,
campaign_d_path,path_n200_anti-correlated_seed9.pcf,dpac,0,0,1250501,100,99,11729473116845491767,14080,23f703aa3bc9,2026-08-28T16:55:09Z,200,199,1,,,,,,,,,,,,,,,,,
campaign_d_path,path_n200_anti-correlated_seed9.pcf,dpac,1,0,1217780,100,99,11729473116845491767,14080,23f703aa3bc9,2026-08-28T16:55:09Z,200,199,1,,,,,,,,,,,,,,,,,
campaign_d_path,path_n200_anti-correlated_seed9.pcf,dpac,2,0,1225263,100,99,11729473116845491767,14080,23f703aa3bc9,2026-08-28T16:55:09Z,200,199,1,,,,,,,,,,,,,,,,,
campaign_d_path,path_n200_correlated_seed0.pcf,dpac,0,0,1267003,104,103,6432536935779578429,14080,23f703aa3bc9,2026-08-28T16:55:09Z,200,199,1,,,,,,,,,,,,,,,,,
campaign_d_path,path_n200_correlated_seed0.pcf,dpac,1,0,1221148,104,103,6432536935779578429,14080,23f703aa3bc9,2026-08-28T16:55:09Z,200,199,1,,,,,,,,,,,,,,,,,
campaign_d_path,path_n200_correlated_seed0.pcf,dpac,2,0,1231702,104,103,6432536935779578429,14080,23f703aa3bc9,2026-08-28T16:55:09Z,200,199,1,,,,,,,,,,,,,,,,,
campaign_d_path,path_n200_correlated_seed1.pcf,dpac,0,0,1223538,95,94,13246986175712289748,14080,23f703aa3bc9,2026-08-28T16:55:09Z,200,199,1,,,,,,,,,,,,,,,,,
campaign_d_path,path_n200_correlated_seed1.pcf,dpac,1,0,1246903,95,94,13246986175712289748,14080,23f703aa3bc9,2026-08-28T16:55:09Z,200,199,1,,,,,,,,,,,,,,,,,
campaign_d_path,path_n200_correlated_seed1.pcf,dpac,2,0,1230544,95,94,13246986175712289748,14080,23f703aa3bc9,2026-08-28T16:55:09Z,200,199,1,,,,,,,,,,,,,,,,,
campaign_d_path,path_n200_correlated_seed2.pcf,dpac,0,0,1248776,92,91,16097308986712912772,14080,23f703aa3bc9,2026-08-28T16:55:09Z,200,199,1,,,,,,,,,,,,,,,,,
campaign_d_path,path_n200_correlated_seed2.pcf,dpac,1,0,1212739,92,91,16097308986712912772,14080,23f703aa3bc9,2026-08-28T16:55:09Z,200,199,1,,,,,,,,,,,,,,,,,
campaign_d_path,path_n200_correlated_seed2.pcf,dpac,2,0,1208660,92,91,16097308986712912772,14080,23f703aa3bc9,2026-08-28T16:55:09Z,200,199,1,,,,,,,,,,,,,,,,,
campaign_d_path,path_n200_correlated_seed3.pcf,dpac,0,0,1318498,101,100,10118133827854357526,14080,23f703aa3bc9,2026-08-28T16:55:09Z,200,199,1,,,,,,,,,,,,,,,,,
campaign_d_path,path_n200_correlated_seed3.pcf,dpac,1,0,1231125,101,100,10118133827854357526,14080,23f703aa3bc9,2026-08-28T16:55:09Z,200,199,1,,,,,,,,,,,,,,,,,
campaign_d_path,path_n200_correlated_seed3.pcf,dpac,2,0,1286467,101,100,10118133827854357526,14080,23f703aa3bc9,2026-08-28T16:55:09Z,200,199,1,,,,,,,,,,,,,,,,,
campaign_d_path,path_n200_correlated_seed4.pcf,dpac,0,0,1261128,112,111,9905799482762907325,14080,23f703aa3bc9,2026-08-28T16:55:09Z,200,199,1,,,,,,,,,,,,,,,,,
campaign_d_path,path_n200_correlated_seed4.pcf,dpac,1,0,1225704,112,111,9905799482762907325,14080,23f703aa3bc9,2026-08-28T16:55:09Z,200,199,1,,,,,,,,,,,,,,,,,
campaign_d_path,path_n200_correlated_seed4.pcf,dpac,2,0,1247720,112,111,9905799482762907325,14080,23f703aa3bc9,2026-08-28T16:55:09Z,200,199,1,,,,,,,,,,,,,,,,,
campaign_d_path,path_n200_correlated_seed5.pcf,dpac,0,0,1233881,87,86,8526117341364356843,14080,23f703aa3bc9,2026-08-28T16:55:09Z,200,199,1,,,,,,,,,,,,,,,,,
campaign_d_path,path_n200_correlated_seed5.pcf,dpac,1,0,1213726,87,86,8526117341364356843,14080,23f703aa3bc9,2026-08-28T16:55:09Z,200,199,1,,,,,,,,,,,,,,,,,
campaign_d_path,path_n200_correlated_seed5.pcf,dpac,2,0,1187379,87,86,8526117341364356843,14080,23f703aa3bc9,2026-08-28T16:55:09Z,200,199,1,,,,,,,,,,,,,,,,,
campaign_d_path,path_n200_correlated_seed6.pcf,dpac,0,0,1280607,110,109,8136899410967162713,14080,23f703aa3bc9,2026-08-28T16:55:09Z,200,199,1,,,,,,,,,,,,,,,,,
campaign_d_path,path_n200_correlated_seed6.pcf,dpac,1,0,1258436,110,109,8136899410967162713,14080,23f703aa3bc9,2026-08-28T16:55:09Z,200,199,1,,,,,,,,,,,,,,,,,
campaign_d_path,path_n200_correlated_seed6.pcf,dpac,2,0,1256697,110,109,8136899410967162713,14080,23f703aa3bc9,2026-08-28T16:55:09Z,200,199,1,,,,,,,,,,,,,,,,,
campaign_d_path,path_n200_correlated_seed7.pcf,dpac,0,0,1206924,95,94,6467022414767470440,14080,23f703aa3bc9,2026-08-28T16:55:09Z,200,199,1,,,,,,,,,,,,,,,,,
campaign_d_path,path_n200_correlated_seed7.pcf,dpac,1,0,1204323,95,94,6467022414767470440,14080,23f703aa3bc9,2026-08-28T16:55:09Z,200,199,1,,,,,,,,,,,,,,,,,
campaign_d_path,path_n200_correlated_seed7.pcf,dpac,2,0,1226614,95,94,6467022414767470440,14080,23f703aa3bc9,2026-08-28T16:55:09Z,200,199,1,,,,,,,,,,,,,,,,,
campaign_d_path,path_n200_correlated_seed8.pcf,dpac,0,0,1218946,99,98,7237719253957327938,14080,23f703aa3bc9,2026-08-28T16:55:09Z,200,199,1,,,,,,,,,,,,,,,,,
campaign_d_path,path_n200_correlated_seed8.pcf,dpac,1,0,1186822,99,98,7237719253957327938,14080,23f703aa3bc9,2026-08-28T16:55:09Z,200,199,1,,,,,,,,,,,,,,,,,
campaign_d_path,path_n200_correlated_seed8.pcf,dpac,2,0,1191458,99,98,7237719253957327938,14080,23f703aa3bc9,2026-08-28T16:55:09Z,200,199,1,,,,,,,,,,,,,,,,,
campaign_d_path,path_n200_correlated_seed9.pcf,dpac,0,0,1221084,85,84,16269765622013526922,14080,23f703aa3bc9,2026-08-28T16:55:09Z,200,199,1,,,,,,,,,,,,,,,,,
campaign_d_path,path_n200_correlated_seed9.pcf,dpac,1,0,1209201,85,84,16269765622013526922,14080,23f703aa3bc9,2026-08-28T16:55:09Z,200,199,1,,,,,,,,,,,,,,,,,
campaign_d_path,path_n200_correlated_seed9.pcf,dpac,2,0,1197956,85,84,16269765622013526922,14080,23f703aa3bc9,2026-08-28T16:55:09Z,200,199,1,,,,,,,,,,,,,,,,,
campaign_d_path,path_n200_exact-ties_seed0.pcf,dpac,0,0,914654,61,60,6998734885425240983,14080,23f703aa3bc9,2026-08-28T16:55:09Z,200,199,1,,,,,,,,,,,,,,,,,
campaign_d_path,path_n200_exact-ties_seed0.pcf,dpac,1,0,982732,61,60,6998734885425240983,14080,23f703aa3bc9,2026-08-28T16:55:09Z,200,199,1,,,,,,,,,,,,,,,,,
campaign_d_path,path_n200_exact-ties_seed0.pcf,dpac,2,0,920931,61,60,6998734885425240983,14080,23f703aa3bc9,2026-08-28T16:55:09Z,200,199,1,,,,,,,,,,,,,,,,,
campaign_d_path,path_n200_exact-ties_seed1.pcf,dpac,0,0,960513,62,61,11967551967159811842,14080,23f703aa3bc9,2026-08-28T16:55:09Z,200,199,1,,,,,,,,,,,,,,,,,
campaign_d_path,path_n200_exact-ties_seed1.pcf,dpac,1,0,1014906,62,61,11967551967159811842,14080,23f703aa3bc9,2026-08-28T16:55:09Z,200,199,1,,,,,,,,,,,,,,,,,
campaign_d_path,path_n200_exact-ties_seed1.pcf,dpac,2,0,962922,62,61,11967551967159811842,14080,23f703aa3bc9,2026-08-28T16:55:09Z,200,199,1,,,,,,,,,,,,,,,,,
campaign_d_path,path_n200_exact-ties_seed2.pcf,dpac,0,0,1087716,62,61,3849500890774000677,14080,23f703aa3bc9,2026-08-28T16:55:09Z,200,199,1,,,,,,,,,,,,,,,,,
campaign_d_path,path_n200_exact-ties_seed2.pcf,dpac,1,0,994871,62,61,3849500890774000677,14080,23f703aa3bc9,2026-08-28T16:55:09Z,200,199,1,,,,,,,,,,,,,,,,,
campaign_d_path,path_n200_exact-ties_seed2.pcf,dpac,2,0,960195,62,61,3849500890774000677,14080,23f703aa3bc9,2026-08-28T16:55:09Z,200,199,1,,,,,,,,,,,,,,,,,
campaign_d_path,path_n200_exact-ties_seed3.pcf,dpac,0,0,815850,55,54,10142581293398228838,14240,23f703aa3bc9,2026-08-28T16:55:09Z,200,199,1,,,,,,,,,,,,,,,,,
campaign_d_path,path_n200_exact-ties_seed3.pcf,dpac,1,0,854386,55,54,10142581293398228838,14240,23f703aa3bc9,2026-08-28T16:55:09Z,200,199,1,,,,,,,,,,,,,,,,,
campaign_d_path,path_n200_exact-ties_seed3.pcf,dpac,2,0,901308,55,54,10142581293398228838,14240,23f703aa3bc9,2026-08-28T16:55:09Z,200,199,1,,,,,,,,,,,,,,,,,
campaign_d_path,path_n200_exact-ties_seed4.pcf,dpac,0,0,988979,60,59,10787727263037015435,14240,23f703aa3bc9,2026-08-28T16:55:09Z,200,199,1,,,,,,,,,,,,,,,,,
campaign_d_path,path_n200_exact-ties_seed4.pcf,dpac,1,0,973508,60,59,10787727263037015435,14240,23f703aa3bc9,2026-08-28T16:55:09Z,200,199,1,,,,,,,,,,,,,,,,,
campaign_d_path,path_n200_exact-ties_seed4.pcf,dpac,2,0,997241,60,59,10787727263037015435,14240,23f703aa3bc9,2026-08-28T16:55:09Z,200,199,1,,,,,,,,,,,,,,,,,
campaign_d_path,path_n200_exact-ties_seed5.pcf,dpac,0,0,940411,62,61,16273156722012637972,14240,23f703aa3bc9,2026-08-28T16:55:09Z,200,199,1,,,,,,,,,,,,,,,,,
campaign_d_path,path_n200_exact-ties_seed5.pcf,dpac,1,0,908697,62,61,16273156722012637972,14240,23f703aa3bc9,2026-08-28T16:55:09Z,200,199,1,,,,,,,,,,,,,,,,,
campaign_d_path,path_n200_exact-ties_seed5.pcf,dpac,2,0,952859,62,61,16273156722012637972,14240,23f703aa3bc9,2026-08-28T16:55:09Z,200,199,1,,,,,,,,,,,,,,,,,
campaign_d_path,path_n200_exact-ties_seed6.pcf,dpac,0,0,1112143,68,67,468806107666230263,14240,23f703aa3bc9,2026-08-28T16:55:09Z,200,199,1,,,,,,,,,,,,,,,,,
campaign_d_path,path_n200_exact-ties_seed6.pcf,dpac,1,0,977901,68,67,468806107666230263,14240,23f703aa3bc9,2026-08-28T16:55:09Z,200,199,1,,,,,,,,,,,,,,,,,
campaign_d_path,path_n200_exact-ties_seed6.pcf,dpac,2,0,968051,68,67,468806107666230263,14240,23f703aa3bc9,2026-08-28T16:55:09Z,200,199,1,,,,,,,,,,,,,,,,,
campaign_d_path,path_n200_exact-ties_seed7.pcf,dpac,0,0,958151,62,61,6049054786385418780,14240,23f703aa3bc9,2026-08-28T16:55:09Z,200,199,1,,,,,,,,,,,,,,,,,
campaign_d_path,path_n200_exact-ties_seed7.pcf,dpac,1,0,975628,62,61,6049054786385418780,14240,23f703aa3bc9,2026-08-28T16:55:09Z,200,199,1,,,,,,,,,,,,,,,,,
campaign_d_path,path_n200_exact-ties_seed7.pcf,dpac,2,0,943122,62,61,6049054786385418780,14240,23f703aa3bc9,2026-08-28T16:55:09Z,200,199,1,,,,,,,,,,,,,,,,,
campaign_d_path,path_n200_exact-ties_seed8.pcf,dpac,0,0,912762,60,59,3064689548959232966,14240,23f703aa3bc9,2026-08-28T16:55:09Z,200,199,1,,,,,,,,,,,,,,,,,
campaign_d_path,path_n200_exact-ties_seed8.pcf,dpac,1,0,954051,60,59,3064689548959232966,14240,23f703aa3bc9,2026-08-28T16:55:09Z,200,199,1,,,,,,,,,,,,,,,,,
campaign_d_path,path_n200_exact-ties_seed8.pcf,dpac,2,0,886049,60,59,3064689548959232966,14240,23f703aa3bc9,2026-08-28T16:55:09Z,200,199,1,,,,,,,,,,,,,,,,,
campaign_d_path,path_n200_exact-ties_seed9.pcf,dpac,0,0,902090,57,56,2965598547834259936,14240,23f703aa3bc9,2026-08-28T16:55:09Z,200,199,1,,,,,,,,,,,,,,,,,
campaign_d_path,path_n200_exact-ties_seed9.pcf,dpac,1,0,876065,57,56,2965598547834259936,14240,23f703aa3bc9,2026-08-28T16:55:09Z,200,199,1,,,,,,,,,,,,,,,,,
campaign_d_path,path_n200_exact-ties_seed9.pcf,dpac,2,0,886416,57,56,2965598547834259936,14240,23f703aa3bc9,2026-08-28T16:55:09Z,200,199,1,,,,,,,,,,,,,,,,,
campaign_d_path,path_n200_independent-positive_seed0.pcf,dpac,0,0,1249874,97,96,4348013802806869162,14240,23f703aa3bc9,2026-08-28T16:55:09Z,200,199,1,,,,,,,,,,,,,,,,,
campaign_d_path,path_n200_independent-positive_seed0.pcf,dpac,1,0,1219690,97,96,4348013802806869162,14240,23f703aa3bc9,2026-08-28T16:55:09Z,200,199,1,,,,,,,,,,,,,,,,,
campaign_d_path,path_n200_independent-positive_seed0.pcf,dpac,2,0,1209133,97,96,4348013802806869162,14240,23f703aa3bc9,2026-08-28T16:55:09Z,200,199,1,,,,,,,,,,,,,,,,,
campaign_d_path,path_n200_independent-positive_seed1.pcf,dpac,0,0,1281934,101,100,1516336897224083761,14240,23f703aa3bc9,2026-08-28T16:55:09Z,200,199,1,,,,,,,,,,,,,,,,,
campaign_d_path,path_n200_independent-positive_seed1.pcf,dpac,1,0,1258581,101,100,1516336897224083761,14240,23f703aa3bc9,2026-08-28T16:55:09Z,200,199,1,,,,,,,,,,,,,,,,,
campaign_d_path,path_n200_independent-positive_seed1.pcf,dpac,2,0,1274958,101,100,1516336897224083761,14240,23f703aa3bc9,2026-08-28T16:55:09Z,200,199,1,,,,,,,,,,,,,,,,,
campaign_d_path,path_n200_independent-positive_seed2.pcf,dpac,0,0,1266104,93,92,3513124681792090226,14240,23f703aa3bc9,2026-08-28T16:55:09Z,200,199,1,,,,,,,,,,,,,,,,,
campaign_d_path,path_n200_independent-positive_seed2.pcf,dpac,1,0,1254055,93,92,3513124681792090226,14240,23f703aa3bc9,2026-08-28T16:55:09Z,200,199,1,,,,,,,,,,,,,,,,,
campaign_d_path,path_n200_independent-positive_seed2.pcf,dpac,2,0,1235982,93,92,3513124681792090226,14240,23f703aa3bc9,2026-08-28T16:55:09Z,200,199,1,,,,,,,,,,,,,,,,,
campaign_d_path,path_n200_independent-positive_seed3.pcf,dpac,0,0,1247611,92,91,2023985185976545208,14240,23f703aa3bc9,2026-08-28T16:55:09Z,200,199,1,,,,,,,,,,,,,,,,,
campaign_d_path,path_n200_independent-positive_seed3.pcf,dpac,1,0,1237515,92,91,2023985185976545208,14240,23f703aa3bc9,2026-08-28T16:55:09Z,200,199,1,,,,,,,,,,,,,,,,,
campaign_d_path,path_n200_independent-positive_seed3.pcf,dpac,2,0,1239017,92,91,2023985185976545208,14240,23f703aa3bc9,2026-08-28T16:55:09Z,200,199,1,,,,,,,,,,,,,,,,,
campaign_d_path,path_n200_independent-positive_seed4.pcf,dpac,0,0,1288018,98,97,4157817852151689319,14240,23f703aa3bc9,2026-08-28T16:55:09Z,200,199,1,,,,,,,,,,,,,,,,,
campaign_d_path,path_n200_independent-positive_seed4.pcf,dpac,1,0,1231117,98,97,4157817852151689319,14240,23f703aa3bc9,2026-08-28T16:55:09Z,200,199,1,,,,,,,,,,,,,,,,,
campaign_d_path,path_n200_independent-positive_seed4.pcf,dpac,2,0,1230435,98,97,4157817852151689319,14240,23f703aa3bc9,2026-08-28T16:55:09Z,200,199,1,,,,,,,,,,,,,,,,,
campaign_d_path,path_n200_independent-positive_seed5.pcf,dpac,0,0,1343712,105,104,5921237492775674353,14240,23f703aa3bc9,2026-08-28T16:55:09Z,200,199,1,,,,,,,,,,,,,,,,,
campaign_d_path,path_n200_independent-positive_seed5.pcf,dpac,1,0,1257912,105,104,5921237492775674353,14240,23f703aa3bc9,2026-08-28T16:55:09Z,200,199,1,,,,,,,,,,,,,,,,,
campaign_d_path,path_n200_independent-positive_seed5.pcf,dpac,2,0,1209930,105,104,5921237492775674353,14240,23f703aa3bc9,2026-08-28T16:55:09Z,200,199,1,,,,,,,,,,,,,,,,,
campaign_d_path,path_n200_independent-positive_seed6.pcf,dpac,0,0,1299561,97,96,17513207272489718456,14240,23f703aa3bc9,2026-08-28T16:55:09Z,200,199,1,,,,,,,,,,,,,,,,,
campaign_d_path,path_n200_independent-positive_seed6.pcf,dpac,1,0,1238890,97,96,17513207272489718456,14240,23f703aa3bc9,2026-08-28T16:55:09Z,200,199,1,,,,,,,,,,,,,,,,,
campaign_d_path,path_n200_independent-positive_seed6.pcf,dpac,2,0,1207678,97,96,17513207272489718456,14240,23f703aa3bc9,2026-08-28T16:55:09Z,200,199,1,,,,,,,,,,,,,,,,,
campaign_d_path,path_n200_independent-positive_seed7.pcf,dpac,0,0,1352316,96,95,1261746940411869091,14240,23f703aa3bc9,2026-08-28T16:55:09Z,200,199,1,,,,,,,,,,,,,,,,,
campaign_d_path,path_n200_independent-positive_seed7.pcf,dpac,1,0,1231922,96,95,1261746940411869091,14240,23f703aa3bc9,2026-08-28T16:55:09Z,200,199,1,,,,,,,,,,,,,,,,,
campaign_d_path,path_n200_independent-positive_seed7.pcf,dpac,2,0,1243355,96,95,1261746940411869091,14240,23f703aa3bc9,2026-08-28T16:55:09Z,200,199,1,,,,,,,,,,,,,,,,,
campaign_d_path,path_n200_independent-positive_seed8.pcf,dpac,0,0,1295653,105,104,10092252218395522826,14240,23f703aa3bc9,2026-08-28T16:55:09Z,200,199,1,,,,,,,,,,,,,,,,,
campaign_d_path,path_n200_independent-positive_seed8.pcf,dpac,1,0,1214523,105,104,10092252218395522826,14240,23f703aa3bc9,2026-08-28T16:55:09Z,200,199,1,,,,,,,,,,,,,,,,,
campaign_d_path,path_n200_independent-positive_seed8.pcf,dpac,2,0,1216131,105,104,10092252218395522826,14240,23f703aa3bc9,2026-08-28T16:55:09Z,200,199,1,,,,,,,,,,,,,,,,,
campaign_d_path,path_n200_independent-positive_seed9.pcf,dpac,0,0,1279558,94,93,9939230752248759108,14240,23f703aa3bc9,2026-08-28T16:55:09Z,200,199,1,,,,,,,,,,,,,,,,,
campaign_d_path,path_n200_independent-positive_seed9.pcf,dpac,1,0,1274827,94,93,9939230752248759108,14240,23f703aa3bc9,2026-08-28T16:55:09Z,200,199,1,,,,,,,,,,,,,,,,,
campaign_d_path,path_n200_independent-positive_seed9.pcf,dpac,2,0,1246766,94,93,9939230752248759108,14240,23f703aa3bc9,2026-08-28T16:55:09Z,200,199,1,,,,,,,,,,,,,,,,,
campaign_d_path,path_n200_independent-signed_seed0.pcf,dpac,0,0,1277435,92,91,1182344746741189818,14240,23f703aa3bc9,2026-08-28T16:55:09Z,200,199,1,,,,,,,,,,,,,,,,,
campaign_d_path,path_n200_independent-signed_seed0.pcf,dpac,1,0,1218396,92,91,1182344746741189818,14240,23f703aa3bc9,2026-08-28T16:55:09Z,200,199,1,,,,,,,,,,,,,,,,,
campaign_d_path,path_n200_independent-signed_seed0.pcf,dpac,2,0,1230237,92,91,1182344746741189818,14240,23f703aa3bc9,2026-08-28T16:55:09Z,200,199,1,,,,,,,,,,,,,,,,,
campaign_d_path,path_n200_independent-signed_seed1.pcf,dpac,0,0,1231685,92,91,9477298156146614754,14400,23f703aa3bc9,2026-08-28T16:55:09Z,200,199,1,,,,,,,,,,,,,,,,,
campaign_d_path,path_n200_independent-signed_seed1.pcf,dpac,1,0,1223704,92,91,9477298156146614754,14400,23f703aa3bc9,2026-08-28T16:55:09Z,200,199,1,,,,,,,,,,,,,,,,,
campaign_d_path,path_n200_independent-signed_seed1.pcf,dpac,2,0,1219585,92,91,9477298156146614754,14400,23f703aa3bc9,2026-08-28T16:55:09Z,200,199,1,,,,,,,,,,,,,,,,,
campaign_d_path,path_n200_independent-signed_seed2.pcf,dpac,0,0,1249519,95,94,13572663296335657103,14400,23f703aa3bc9,2026-08-28T16:55:09Z,200,199,1,,,,,,,,,,,,,,,,,
campaign_d_path,path_n200_independent-signed_seed2.pcf,dpac,1,0,1209725,95,94,13572663296335657103,14400,23f703aa3bc9,2026-08-28T16:55:09Z,200,199,1,,,,,,,,,,,,,,,,,
campaign_d_path,path_n200_independent-signed_seed2.pcf,dpac,2,0,1225794,95,94,13572663296335657103,14400,23f703aa3bc9,2026-08-28T16:55:09Z,200,199,1,,,,,,,,,,,,,,,,,
campaign_d_path,path_n200_independent-signed_seed3.pcf,dpac,0,0,1347515,97,96,12834951803707736284,14400,23f703aa3bc9,2026-08-28T16:55:09Z,200,199,1,,,,,,,,,,,,,,,,,
campaign_d_path,path_n200_independent-signed_seed3.pcf,dpac,1,0,1230903,97,96,12834951803707736284,14400,23f703aa3bc9,2026-08-28T16:55:09Z,200,199,1,,,,,,,,,,,,,,,,,
campaign_d_path,path_n200_independent-signed_seed3.pcf,dpac,2,0,1226202,97,96,12834951803707736284,14400,23f703aa3bc9,2026-08-28T16:55:09Z,200,199,1,,,,,,,,,,,,,,,,,
campaign_d_path,path_n200_independent-signed_seed4.pcf,dpac,0,0,1252178,110,109,1808509695279505236,14400,23f703aa3bc9,2026-08-28T16:55:09Z,200,199,1,,,,,,,,,,,,,,,,,
campaign_d_path,path_n200_independent-signed_seed4.pcf,dpac,1,0,1255406,110,109,1808509695279505236,14400,23f703aa3bc9,2026-08-28T16:55:09Z,200,199,1,,,,,,,,,,,,,,,,,
campaign_d_path,path_n200_independent-signed_seed4.pcf,dpac,2,0,1226051,110,109,1808509695279505236,14400,23f703aa3bc9,2026-08-28T16:55:09Z,200,199,1,,,,,,,,,,,,,,,,,
campaign_d_path,path_n200_independent-signed_seed5.pcf,dpac,0,0,1229494,108,107,10589452313276460278,14400,23f703aa3bc9,2026-08-28T16:55:09Z,200,199,1,,,,,,,,,,,,,,,,,
campaign_d_path,path_n200_independent-signed_seed5.pcf,dpac,1,0,1242471,108,107,10589452313276460278,14400,23f703aa3bc9,2026-08-28T16:55:09Z,200,199,1,,,,,,,,,,,,,,,,,
campaign_d_path,path_n200_independent-signed_seed5.pcf,dpac,2,0,1237513,108,107,10589452313276460278,14400,23f703aa3bc9,2026-08-28T16:55:09Z,200,199,1,,,,,,,,,,,,,,,,,
campaign_d_path,path_n200_independent-signed_seed6.pcf,dpac,0,0,1258941,108,107,11846221710398309303,14400,23f703aa3bc9,2026-08-28T16:55:09Z,200,199,1,,,,,,,,,,,,,,,,,
campaign_d_path,path_n200_independent-signed_seed6.pcf,dpac,1,0,1284605,108,107,11846221710398309303,14400,23f703aa3bc9,2026-08-28T16:55:09Z,200,199,1,,,,,,,,,,,,,,,,,
campaign_d_path,path_n200_independent-signed_seed6.pcf,dpac,2,0,1242307,108,107,11846221710398309303,14400,23f703aa3bc9,2026-08-28T16:55:09Z,200,199,1,,,,,,,,,,,,,,,,,
campaign_d_path,path_n200_independent-signed_seed7.pcf,dpac,0,0,1238079,112,111,826087606360412713,14400,23f703aa3bc9,2026-08-28T16:55:09Z,200,199,1,,,,,,,,,,,,,,,,,
campaign_d_path,path_n200_independent-signed_seed7.pcf,dpac,1,0,1223860,112,111,826087606360412713,14400,23f703aa3bc9,2026-08-28T16:55:09Z,200,199,1,,,,,,,,,,,,,,,,,
campaign_d_path,path_n200_independent-signed_seed7.pcf,dpac,2,0,1227067,112,111,826087606360412713,14400,23f703aa3bc9,2026-08-28T16:55:09Z,200,199,1,,,,,,,,,,,,,,,,,
campaign_d_path,path_n200_independent-signed_seed8.pcf,dpac,0,0,1260865,101,100,11913996620250119953,14400,23f703aa3bc9,2026-08-28T16:55:09Z,200,199,1,,,,,,,,,,,,,,,,,
campaign_d_path,path_n200_independent-signed_seed8.pcf,dpac,1,0,1271169,101,100,11913996620250119953,14400,23f703aa3bc9,2026-08-28T16:55:09Z,200,199,1,,,,,,,,,,,,,,,,,
campaign_d_path,path_n200_independent-signed_seed8.pcf,dpac,2,0,1229336,101,100,11913996620250119953,14400,23f703aa3bc9,2026-08-28T16:55:09Z,200,199,1,,,,,,,,,,,,,,,,,
campaign_d_path,path_n200_independent-signed_seed9.pcf,dpac,0,0,1280270,96,95,6864845697529322937,14400,23f703aa3bc9,2026-08-28T16:55:09Z,200,199,1,,,,,,,,,,,,,,,,,
campaign_d_path,path_n200_independent-signed_seed9.pcf,dpac,1,0,1271191,96,95,6864845697529322937,14400,23f703aa3bc9,2026-08-28T16:55:09Z,200,199,1,,,,,,,,,,,,,,,,,
campaign_d_path,path_n200_independent-signed_seed9.pcf,dpac,2,0,1221268,96,95,6864845697529322937,14400,23f703aa3bc9,2026-08-28T16:55:09Z,200,199,1,,,,,,,,,,,,,,,,,
campaign_d_path,path_n200_near-ties_seed0.pcf,dpac,0,0,1094355,79,78,4947828853765436532,14400,23f703aa3bc9,2026-08-28T16:55:09Z,200,199,1,,,,,,,,,,,,,,,,,
campaign_d_path,path_n200_near-ties_seed0.pcf,dpac,1,0,1075576,79,78,4947828853765436532,14400,23f703aa3bc9,2026-08-28T16:55:09Z,200,199,1,,,,,,,,,,,,,,,,,
campaign_d_path,path_n200_near-ties_seed0.pcf,dpac,2,0,1058496,79,78,4947828853765436532,14400,23f703aa3bc9,2026-08-28T16:55:09Z,200,199,1,,,,,,,,,,,,,,,,,
campaign_d_path,path_n200_near-ties_seed1.pcf,dpac,0,0,1160480,81,80,14396354285909087870,14400,23f703aa3bc9,2026-08-28T16:55:09Z,200,199,1,,,,,,,,,,,,,,,,,
campaign_d_path,path_n200_near-ties_seed1.pcf,dpac,1,0,1040349,81,80,14396354285909087870,14400,23f703aa3bc9,2026-08-28T16:55:09Z,200,199,1,,,,,,,,,,,,,,,,,
campaign_d_path,path_n200_near-ties_seed1.pcf,dpac,2,0,1037445,81,80,14396354285909087870,14400,23f703aa3bc9,2026-08-28T16:55:09Z,200,199,1,,,,,,,,,,,,,,,,,
campaign_d_path,path_n200_near-ties_seed2.pcf,dpac,0,0,1076560,77,76,980221820169033804,14400,23f703aa3bc9,2026-08-28T16:55:09Z,200,199,1,,,,,,,,,,,,,,,,,
campaign_d_path,path_n200_near-ties_seed2.pcf,dpac,1,0,1084863,77,76,980221820169033804,14400,23f703aa3bc9,2026-08-28T16:55:09Z,200,199,1,,,,,,,,,,,,,,,,,
campaign_d_path,path_n200_near-ties_seed2.pcf,dpac,2,0,1064864,77,76,980221820169033804,14400,23f703aa3bc9,2026-08-28T16:55:09Z,200,199,1,,,,,,,,,,,,,,,,,
campaign_d_path,path_n200_near-ties_seed3.pcf,dpac,0,0,1099037,70,69,3731521641618705018,14400,23f703aa3bc9,2026-08-28T16:55:09Z,200,199,1,,,,,,,,,,,,,,,,,
campaign_d_path,path_n200_near-ties_seed3.pcf,dpac,1,0,1067668,70,69,3731521641618705018,14400,23f703aa3bc9,2026-08-28T16:55:09Z,200,199,1,,,,,,,,,,,,,,,,,
campaign_d_path,path_n200_near-ties_seed3.pcf,dpac,2,0,1060484,70,69,3731521641618705018,14400,23f703aa3bc9,2026-08-28T16:55:09Z,200,199,1,,,,,,,,,,,,,,,,,
campaign_d_path,path_n200_near-ties_seed4.pcf,dpac,0,0,1143711,82,81,12887629118527224129,14400,23f703aa3bc9,2026-08-28T16:55:09Z,200,199,1,,,,,,,,,,,,,,,,,
campaign_d_path,path_n200_near-ties_seed4.pcf,dpac,1,0,1028965,82,81,12887629118527224129,14400,23f703aa3bc9,2026-08-28T16:55:09Z,200,199,1,,,,,,,,,,,,,,,,,
campaign_d_path,path_n200_near-ties_seed4.pcf,dpac,2,0,1030495,82,81,12887629118527224129,14400,23f703aa3bc9,2026-08-28T16:55:09Z,200,199,1,,,,,,,,,,,,,,,,,
campaign_d_path,path_n200_near-ties_seed5.pcf,dpac,0,0,1078744,76,75,7893265290500380508,14400,23f703aa3bc9,2026-08-28T16:55:09Z,200,199,1,,,,,,,,,,,,,,,,,
campaign_d_path,path_n200_near-ties_seed5.pcf,dpac,1,0,1065837,76,75,7893265290500380508,14400,23f703aa3bc9,2026-08-28T16:55:09Z,200,199,1,,,,,,,,,,,,,,,,,
campaign_d_path,path_n200_near-ties_seed5.pcf,dpac,2,0,1043088,76,75,7893265290500380508,14400,23f703aa3bc9,2026-08-28T16:55:09Z,200,199,1,,,,,,,,,,,,,,,,,
campaign_d_path,path_n200_near-ties_seed6.pcf,dpac,0,0,1074371,82,81,6543223293607872046,14400,23f703aa3bc9,2026-08-28T16:55:09Z,200,199,1,,,,,,,,,,,,,,,,,
campaign_d_path,path_n200_near-ties_seed6.pcf,dpac,1,0,1105045,82,81,6543223293607872046,14400,23f703aa3bc9,2026-08-28T16:55:09Z,200,199,1,,,,,,,,,,,,,,,,,
campaign_d_path,path_n200_near-ties_seed6.pcf,dpac,2,0,1026555,82,81,6543223293607872046,14400,23f703aa3bc9,2026-08-28T16:55:09Z,200,199,1,,,,,,,,,,,,,,,,,
campaign_d_path,path_n200_near-ties_seed7.pcf,dpac,0,0,1054554,88,87,4762923130740117890,14400,23f703aa3bc9,2026-08-28T16:55:09Z,200,199,1,,,,,,,,,,,,,,,,,
campaign_d_path,path_n200_near-ties_seed7.pcf,dpac,1,0,1123308,88,87,4762923130740117890,14400,23f703aa3bc9,2026-08-28T16:55:09Z,200,199,1,,,,,,,,,,,,,,,,,
campaign_d_path,path_n200_near-ties_seed7.pcf,dpac,2,0,1034949,88,87,4762923130740117890,14400,23f703aa3bc9,2026-08-28T16:55:09Z,200,199,1,,,,,,,,,,,,,,,,,
campaign_d_path,path_n200_near-ties_seed8.pcf,dpac,0,0,1199584,81,80,10814246673348568496,14400,23f703aa3bc9,2026-08-28T16:55:09Z,200,199,1,,,,,,,,,,,,,,,,,
campaign_d_path,path_n200_near-ties_seed8.pcf,dpac,1,0,1089775,81,80,10814246673348568496,14400,23f703aa3bc9,2026-08-28T16:55:09Z,200,199,1,,,,,,,,,,,,,,,,,
campaign_d_path,path_n200_near-ties_seed8.pcf,dpac,2,0,1095970,81,80,10814246673348568496,14400,23f703aa3bc9,2026-08-28T16:55:09Z,200,199,1,,,,,,,,,,,,,,,,,
campaign_d_path,path_n200_near-ties_seed9.pcf,dpac,0,0,1181962,79,78,5942029383588307127,14560,23f703aa3bc9,2026-08-28T16:55:09Z,200,199,1,,,,,,,,,,,,,,,,,
campaign_d_path,path_n200_near-ties_seed9.pcf,dpac,1,0,1081159,79,78,5942029383588307127,14560,23f703aa3bc9,2026-08-28T16:55:09Z,200,199,1,,,,,,,,,,,,,,,,,
campaign_d_path,path_n200_near-ties_seed9.pcf,dpac,2,0,1060125,79,78,5942029383588307127,14560,23f703aa3bc9,2026-08-28T16:55:09Z,200,199,1,,,,,,,,,,,,,,,,,
campaign_d_path,path_n500_anti-correlated_seed0.pcf,dpac,0,0,7487088,251,250,14948856502060549385,14560,23f703aa3bc9,2026-08-28T16:55:09Z,500,499,1,,,,,,,,,,,,,,,,,
campaign_d_path,path_n500_anti-correlated_seed0.pcf,dpac,1,0,7346313,251,250,14948856502060549385,14560,23f703aa3bc9,2026-08-28T16:55:09Z,500,499,1,,,,,,,,,,,,,,,,,
campaign_d_path,path_n500_anti-correlated_seed0.pcf,dpac,2,0,7302837,251,250,14948856502060549385,14560,23f703aa3bc9,2026-08-28T16:55:09Z,500,499,1,,,,,,,,,,,,,,,,,
campaign_d_path,path_n500_anti-correlated_seed1.pcf,dpac,0,0,7499679,252,251,11629634339734148085,14560,23f703aa3bc9,2026-08-28T16:55:09Z,500,499,1,,,,,,,,,,,,,,,,,
campaign_d_path,path_n500_anti-correlated_seed1.pcf,dpac,1,0,7312761,252,251,11629634339734148085,14560,23f703aa3bc9,2026-08-28T16:55:09Z,500,499,1,,,,,,,,,,,,,,,,,
campaign_d_path,path_n500_anti-correlated_seed1.pcf,dpac,2,0,7293717,252,251,11629634339734148085,14560,23f703aa3bc9,2026-08-28T16:55:09Z,500,499,1,,,,,,,,,,,,,,,,,
campaign_d_path,path_n500_anti-correlated_seed2.pcf,dpac,0,0,7520868,247,246,17787011998011542075,14560,23f703aa3bc9,2026-08-28T16:55:09Z,500,499,1,,,,,,,,,,,,,,,,,
campaign_d_path,path_n500_anti-correlated_seed2.pcf,dpac,1,0,7442988,247,246,17787011998011542075,14560,23f703aa3bc9,2026-08-28T16:55:10Z,500,499,1,,,,,,,,,,,,,,,,,
campaign_d_path,path_n500_anti-correlated_seed2.pcf,dpac,2,0,7310926,247,246,17787011998011542075,14560,23f703aa3bc9,2026-08-28T16:55:10Z,500,499,1,,,,,,,,,,,,,,,,,
campaign_d_path,path_n500_anti-correlated_seed3.pcf,dpac,0,0,7459749,250,249,5306860304877070018,14560,23f703aa3bc9,2026-08-28T16:55:10Z,500,499,1,,,,,,,,,,,,,,,,,
campaign_d_path,path_n500_anti-correlated_seed3.pcf,dpac,1,0,7300277,250,249,5306860304877070018,14560,23f703aa3bc9,2026-08-28T16:55:10Z,500,499,1,,,,,,,,,,,,,,,,,
campaign_d_path,path_n500_anti-correlated_seed3.pcf,dpac,2,0,7366370,250,249,5306860304877070018,14560,23f703aa3bc9,2026-08-28T16:55:10Z,500,499,1,,,,,,,,,,,,,,,,,
campaign_d_path,path_n500_anti-correlated_seed4.pcf,dpac,0,0,7437605,244,243,8026298549792260904,14560,23f703aa3bc9,2026-08-28T16:55:10Z,500,499,1,,,,,,,,,,,,,,,,,
campaign_d_path,path_n500_anti-correlated_seed4.pcf,dpac,1,0,7328530,244,243,8026298549792260904,14560,23f703aa3bc9,2026-08-28T16:55:10Z,500,499,1,,,,,,,,,,,,,,,,,
campaign_d_path,path_n500_anti-correlated_seed4.pcf,dpac,2,0,7202974,244,243,8026298549792260904,14560,23f703aa3bc9,2026-08-28T16:55:10Z,500,499,1,,,,,,,,,,,,,,,,,
campaign_d_path,path_n500_anti-correlated_seed5.pcf,dpac,0,0,7390842,228,227,9843541977129253006,14560,23f703aa3bc9,2026-08-28T16:55:10Z,500,499,1,,,,,,,,,,,,,,,,,
campaign_d_path,path_n500_anti-correlated_seed5.pcf,dpac,1,0,7277540,228,227,9843541977129253006,14560,23f703aa3bc9,2026-08-28T16:55:10Z,500,499,1,,,,,,,,,,,,,,,,,
campaign_d_path,path_n500_anti-correlated_seed5.pcf,dpac,2,0,7214250,228,227,9843541977129253006,14560,23f703aa3bc9,2026-08-28T16:55:10Z,500,499,1,,,,,,,,,,,,,,,,,
campaign_d_path,path_n500_anti-correlated_seed6.pcf,dpac,0,0,7449501,262,261,5900466596999692315,14560,23f703aa3bc9,2026-08-28T16:55:10Z,500,499,1,,,,,,,,,,,,,,,,,
campaign_d_path,path_n500_anti-correlated_seed6.pcf,dpac,1,0,7275469,262,261,5900466596999692315,14560,23f703aa3bc9,2026-08-28T16:55:10Z,500,499,1,,,,,,,,,,,,,,,,,
campaign_d_path,path_n500_anti-correlated_seed6.pcf,dpac,2,0,7229717,262,261,5900466596999692315,14560,23f703aa3bc9,2026-08-28T16:55:10Z,500,499,1,,,,,,,,,,,,,,,,,
campaign_d_path,path_n500_anti-correlated_seed7.pcf,dpac,0,0,7537530,238,237,6203384909682901021,14560,23f703aa3bc9,2026-08-28T16:55:10Z,500,499,1,,,,,,,,,,,,,,,,,
campaign_d_path,path_n500_anti-correlated_seed7.pcf,dpac,1,0,7331315,238,237,6203384909682901021,14560,23f703aa3bc9,2026-08-28T16:55:10Z,500,499,1,,,,,,,,,,,,,,,,,
campaign_d_path,path_n500_anti-correlated_seed7.pcf,dpac,2,0,7344090,238,237,6203384909682901021,14560,23f703aa3bc9,2026-08-28T16:55:10Z,500,499,1,,,,,,,,,,,,,,,,,
campaign_d_path,path_n500_anti-correlated_seed8.pcf,dpac,0,0,7550875,251,250,17874961304733809644,14560,23f703aa3bc9,2026-08-28T16:55:10Z,500,499,1,,,,,,,,,,,,,,,,,
campaign_d_path,path_n500_anti-correlated_seed8.pcf,dpac,1,0,7351317,251,250,17874961304733809644,14560,23f703aa3bc9,2026-08-28T16:55:10Z,500,499,1,,,,,,,,,,,,,,,,,
campaign_d_path,path_n500_anti-correlated_seed8.pcf,dpac,2,0,7305022,251,250,17874961304733809644,14560,23f703aa3bc9,2026-08-28T16:55:10Z,500,499,1,,,,,,,,,,,,,,,,,
campaign_d_path,path_n500_anti-correlated_seed9.pcf,dpac,0,0,7633208,261,260,3325513417695774082,14560,23f703aa3bc9,2026-08-28T16:55:10Z,500,499,1,,,,,,,,,,,,,,,,,
campaign_d_path,path_n500_anti-correlated_seed9.pcf,dpac,1,0,7433881,261,260,3325513417695774082,14560,23f703aa3bc9,2026-08-28T16:55:10Z,500,499,1,,,,,,,,,,,,,,,,,
campaign_d_path,path_n500_anti-correlated_seed9.pcf,dpac,2,0,7423313,261,260,3325513417695774082,14560,23f703aa3bc9,2026-08-28T16:55:10Z,500,499,1,,,,,,,,,,,,,,,,,
campaign_d_path,path_n500_correlated_seed0.pcf,dpac,0,0,7327677,248,247,13354040921167560188,14560,23f703aa3bc9,2026-08-28T16:55:10Z,500,499,1,,,,,,,,,,,,,,,,,
campaign_d_path,path_n500_correlated_seed0.pcf,dpac,1,0,7157346,248,247,13354040921167560188,14560,23f703aa3bc9,2026-08-28T16:55:10Z,500,499,1,,,,,,,,,,,,,,,,,
campaign_d_path,path_n500_correlated_seed0.pcf,dpac,2,0,7198984,248,247,13354040921167560188,14560,23f703aa3bc9,2026-08-28T16:55:10Z,500,499,1,,,,,,,,,,,,,,,,,
campaign_d_path,path_n500_correlated_seed1.pcf,dpac,0,0,7468626,250,249,8492445486275596037,14560,23f703aa3bc9,2026-08-28T16:55:10Z,500,499,1,,,,,,,,,,,,,,,,,
campaign_d_path,path_n500_correlated_seed1.pcf,dpac,1,0,7171299,250,249,8492445486275596037,14560,23f703aa3bc9,2026-08-28T16:55:10Z,500,499,1,,,,,,,,,,,,,,,,,
campaign_d_path,path_n500_correlated_seed1.pcf,dpac,2,0,7159813,250,249,8492445486275596037,14560,23f703aa3bc9,2026-08-28T16:55:10Z,500,499,1,,,,,,,,,,,,,,,,,
campaign_d_path,path_n500_correlated_seed2.pcf,dpac,0,0,7216938,243,242,14582874475168774908,14560,23f703aa3bc9,2026-08-28T16:55:10Z,500,499,1,,,,,,,,,,,,,,,,,
campaign_d_path,path_n500_correlated_seed2.pcf,dpac,1,0,7107675,243,242,14582874475168774908,14560,23f703aa3bc9,2026-08-28T16:55:10Z,500,499,1,,,,,,,,,,,,,,,,,
campaign_d_path,path_n500_correlated_seed2.pcf,dpac,2,0,7039120,243,242,14582874475168774908,14560,23f703aa3bc9,2026-08-28T16:55:10Z,500,499,1,,,,,,,,,,,,,,,,,
campaign_d_path,path_n500_correlated_seed3.pcf,dpac,0,0,7388131,261,260,5345469225480851649,14560,23f703aa3bc9,2026-08-28T16:55:10Z,500,499,1,,,,,,,,,,,,,,,,,
campaign_d_path,path_n500_correlated_seed3.pcf,dpac,1,0,7287727,261,260,5345469225480851649,14560,23f703aa3bc9,2026-08-28T16:55:10Z,500,499,1,,,,,,,,,,,,,,,,,
campaign_d_path,path_n500_correlated_seed3.pcf,dpac,2,0,7241715,261,260,5345469225480851649,14560,23f703aa3bc9,2026-08-28T16:55:10Z,500,499,1,,,,,,,,,,,,,,,,,
campaign_d_path,path_n500_correlated_seed4.pcf,dpac,0,0,7311469,251,250,15435416996464372696,14560,23f703aa3bc9,2026-08-28T16:55:10Z,500,499,1,,,,,,,,,,,,,,,,,
campaign_d_path,path_n500_correlated_seed4.pcf,dpac,1,0,7182906,251,250,15435416996464372696,14560,23f703aa3bc9,2026-08-28T16:55:10Z,500,499,1,,,,,,,,,,,,,,,,,
campaign_d_path,path_n500_correlated_seed4.pcf,dpac,2,0,7116614,251,250,15435416996464372696,14560,23f703aa3bc9,2026-08-28T16:55:10Z,500,499,1,,,,,,,,,,,,,,,,,
campaign_d_path,path_n500_correlated_seed5.pcf,dpac,0,0,7292750,243,242,18333728075280714573,14560,23f703aa3bc9,2026-08-28T16:55:10Z,500,499,1,,,,,,,,,,,,,,,,,
campaign_d_path,path_n500_correlated_seed5.pcf,dpac,1,0,7112448,243,242,18333728075280714573,14560,23f703aa3bc9,2026-08-28T16:55:10Z,500,499,1,,,,,,,,,,,,,,,,,
campaign_d_path,path_n500_correlated_seed5.pcf,dpac,2,0,7072699,243,242,18333728075280714573,14560,23f703aa3bc9,2026-08-28T16:55:10Z,500,499,1,,,,,,,,,,,,,,,,,
campaign_d_path,path_n500_correlated_seed6.pcf,dpac,0,0,7192259,231,230,14531774570800707915,14560,23f703aa3bc9,2026-08-28T16:55:10Z,500,499,1,,,,,,,,,,,,,,,,,
campaign_d_path,path_n500_correlated_seed6.pcf,dpac,1,0,7051960,231,230,14531774570800707915,14560,23f703aa3bc9,2026-08-28T16:55:10Z,500,499,1,,,,,,,,,,,,,,,,,
campaign_d_path,path_n500_correlated_seed6.pcf,dpac,2,0,7036667,231,230,14531774570800707915,14560,23f703aa3bc9,2026-08-28T16:55:10Z,500,499,1,,,,,,,,,,,,,,,,,
campaign_d_path,path_n500_correlated_seed7.pcf,dpac,0,0,7443272,270,269,14452319496178207182,14560,23f703aa3bc9,2026-08-28T16:55:10Z,500,499,1,,,,,,,,,,,,,,,,,
campaign_d_path,path_n500_correlated_seed7.pcf,dpac,1,0,7237736,270,269,14452319496178207182,14560,23f703aa3bc9,2026-08-28T16:55:10Z,500,499,1,,,,,,,,,,,,,,,,,
campaign_d_path,path_n500_correlated_seed7.pcf,dpac,2,0,7221721,270,269,14452319496178207182,14560,23f703aa3bc9,2026-08-28T16:55:10Z,500,499,1,,,,,,,,,,,,,,,,,
campaign_d_path,path_n500_correlated_seed8.pcf,dpac,0,0,7162503,248,247,5257339465655997983,14560,23f703aa3bc9,2026-08-28T16:55:10Z,500,499,1,,,,,,,,,,,,,,,,,
campaign_d_path,path_n500_correlated_seed8.pcf,dpac,1,0,7094273,248,247,5257339465655997983,14560,23f703aa3bc9,2026-08-28T16:55:10Z,500,499,1,,,,,,,,,,,,,,,,,
campaign_d_path,path_n500_correlated_seed8.pcf,dpac,2,0,7100367,248,247,5257339465655997983,14560,23f703aa3bc9,2026-08-28T16:55:10Z,500,499,1,,,,,,,,,,,,,,,,,
campaign_d_path,path_n500_correlated_seed9.pcf,dpac,0,0,7145163,250,249,7204258565362047184,14560,23f703aa3bc9,2026-08-28T16:55:10Z,500,499,1,,,,,,,,,,,,,,,,,
campaign_d_path,path_n500_correlated_seed9.pcf,dpac,1,0,7113712,250,249,7204258565362047184,14560,23f703aa3bc9,2026-08-28T16:55:10Z,500,499,1,,,,,,,,,,,,,,,,,
campaign_d_path,path_n500_correlated_seed9.pcf,dpac,2,0,7208445,250,249,7204258565362047184,14560,23f703aa3bc9,2026-08-28T16:55:10Z,500,499,1,,,,,,,,,,,,,,,,,
campaign_d_path,path_n500_exact-ties_seed0.pcf,dpac,0,0,5165623,146,145,3943050613313927762,14720,23f703aa3bc9,2026-08-28T16:55:10Z,500,499,1,,,,,,,,,,,,,,,,,
campaign_d_path,path_n500_exact-ties_seed0.pcf,dpac,1,0,5137016,146,145,3943050613313927762,14720,23f703aa3bc9,2026-08-28T16:55:10Z,500,499,1,,,,,,,,,,,,,,,,,
campaign_d_path,path_n500_exact-ties_seed0.pcf,dpac,2,0,5130193,146,145,3943050613313927762,14720,23f703aa3bc9,2026-08-28T16:55:10Z,500,499,1,,,,,,,,,,,,,,,,,
campaign_d_path,path_n500_exact-ties_seed1.pcf,dpac,0,0,5236509,142,141,255015863453168881,14720,23f703aa3bc9,2026-08-28T16:55:10Z,500,499,1,,,,,,,,,,,,,,,,,
campaign_d_path,path_n500_exact-ties_seed1.pcf,dpac,1,0,5053519,142,141,255015863453168881,14720,23f703aa3bc9,2026-08-28T16:55:10Z,500,499,1,,,,,,,,,,,,,,,,,
campaign_d_path,path_n500_exact-ties_seed1.pcf,dpac,2,0,5024079,142,141,255015863453168881,14720,23f703aa3bc9,2026-08-28T16:55:10Z,500,499,1,,,,,,,,,,,,,,,,,
campaign_d_path,path_n500_exact-ties_seed2.pcf,dpac,0,0,5490452,150,149,9263942577995327094,14720,23f703aa3bc9,2026-08-28T16:55:10Z,500,499,1,,,,,,,,,,,,,,,,,
campaign_d_path,path_n500_exact-ties_seed2.pcf,dpac,1,0,5392862,150,149,9263942577995327094,14720,23f703aa3bc9,2026-08-28T16:55:10Z,500,499,1,,,,,,,,,,,,,,,,,
campaign_d_path,path_n500_exact-ties_seed2.pcf,dpac,2,0,5392449,150,149,9263942577995327094,14720,23f703aa3bc9,2026-08-28T16:55:10Z,500,499,1,,,,,,,,,,,,,,,,,
campaign_d_path,path_n500_exact-ties_seed3.pcf,dpac,0,0,5197133,145,144,5812887530259495852,14720,23f703aa3bc9,2026-08-28T16:55:10Z,500,499,1,,,,,,,,,,,,,,,,,
campaign_d_path,path_n500_exact-ties_seed3.pcf,dpac,1,0,5036667,145,144,5812887530259495852,14720,23f703aa3bc9,2026-08-28T16:55:10Z,500,499,1,,,,,,,,,,,,,,,,,
campaign_d_path,path_n500_exact-ties_seed3.pcf,dpac,2,0,5095344,145,144,5812887530259495852,14720,23f703aa3bc9,2026-08-28T16:55:10Z,500,499,1,,,,,,,,,,,,,,,,,
campaign_d_path,path_n500_exact-ties_seed4.pcf,dpac,0,0,5237439,151,150,11942910184853805624,14720,23f703aa3bc9,2026-08-28T16:55:10Z,500,499,1,,,,,,,,,,,,,,,,,
campaign_d_path,path_n500_exact-ties_seed4.pcf,dpac,1,0,5121118,151,150,11942910184853805624,14720,23f703aa3bc9,2026-08-28T16:55:10Z,500,499,1,,,,,,,,,,,,,,,,,
campaign_d_path,path_n500_exact-ties_seed4.pcf,dpac,2,0,5165009,151,150,11942910184853805624,14720,23f703aa3bc9,2026-08-28T16:55:10Z,500,499,1,,,,,,,,,,,,,,,,,
campaign_d_path,path_n500_exact-ties_seed5.pcf,dpac,0,0,5244648,139,138,1318327750586651750,14720,23f703aa3bc9,2026-08-28T16:55:10Z,500,499,1,,,,,,,,,,,,,,,,,
campaign_d_path,path_n500_exact-ties_seed5.pcf,dpac,1,0,5052099,139,138,1318327750586651750,14720,23f703aa3bc9,2026-08-28T16:55:10Z,500,499,1,,,,,,,,,,,,,,,,,
campaign_d_path,path_n500_exact-ties_seed5.pcf,dpac,2,0,5014749,139,138,1318327750586651750,14720,23f703aa3bc9,2026-08-28T16:55:10Z,500,499,1,,,,,,,,,,,,,,,,,
campaign_d_path,path_n500_exact-ties_seed6.pcf,dpac,0,0,5219166,150,149,12668608605426866025,14720,23f703aa3bc9,2026-08-28T16:55:10Z,500,499,1,,,,,,,,,,,,,,,,,
campaign_d_path,path_n500_exact-ties_seed6.pcf,dpac,1,0,5123077,150,149,12668608605426866025,14720,23f703aa3bc9,2026-08-28T16:55:10Z,500,499,1,,,,,,,,,,,,,,,,,
campaign_d_path,path_n500_exact-ties_seed6.pcf,dpac,2,0,5135653,150,149,12668608605426866025,14720,23f703aa3bc9,2026-08-28T16:55:10Z,500,499,1,,,,,,,,,,,,,,,,,
campaign_d_path,path_n500_exact-ties_seed7.pcf,dpac,0,0,4982601,140,139,6144655462529884637,14720,23f703aa3bc9,2026-08-28T16:55:10Z,500,499,1,,,,,,,,,,,,,,,,,
campaign_d_path,path_n500_exact-ties_seed7.pcf,dpac,1,0,4831368,140,139,6144655462529884637,14720,23f703aa3bc9,2026-08-28T16:55:10Z,500,499,1,,,,,,,,,,,,,,,,,
campaign_d_path,path_n500_exact-ties_seed7.pcf,dpac,2,0,4809177,140,139,6144655462529884637,14720,23f703aa3bc9,2026-08-28T16:55:10Z,500,499,1,,,,,,,,,,,,,,,,,
campaign_d_path,path_n500_exact-ties_seed8.pcf,dpac,0,0,4899743,141,140,3854561204977473939,14720,23f703aa3bc9,2026-08-28T16:55:10Z,500,499,1,,,,,,,,,,,,,,,,,
campaign_d_path,path_n500_exact-ties_seed8.pcf,dpac,1,0,4752645,141,140,3854561204977473939,14720,23f703aa3bc9,2026-08-28T16:55:10Z,500,499,1,,,,,,,,,,,,,,,,,
campaign_d_path,path_n500_exact-ties_seed8.pcf,dpac,2,0,4694269,141,140,3854561204977473939,14720,23f703aa3bc9,2026-08-28T16:55:10Z,500,499,1,,,,,,,,,,,,,,,,,
campaign_d_path,path_n500_exact-ties_seed9.pcf,dpac,0,0,4871626,138,137,13752811207060936539,14720,23f703aa3bc9,2026-08-28T16:55:10Z,500,499,1,,,,,,,,,,,,,,,,,
campaign_d_path,path_n500_exact-ties_seed9.pcf,dpac,1,0,4805146,138,137,13752811207060936539,14720,23f703aa3bc9,2026-08-28T16:55:10Z,500,499,1,,,,,,,,,,,,,,,,,
campaign_d_path,path_n500_exact-ties_seed9.pcf,dpac,2,0,4753267,138,137,13752811207060936539,14720,23f703aa3bc9,2026-08-28T16:55:10Z,500,499,1,,,,,,,,,,,,,,,,,
campaign_d_path,path_n500_independent-positive_seed0.pcf,dpac,0,0,7571916,251,250,2905672767605063790,14720,23f703aa3bc9,2026-08-28T16:55:10Z,500,499,1,,,,,,,,,,,,,,,,,
campaign_d_path,path_n500_independent-positive_seed0.pcf,dpac,1,0,7543088,251,250,2905672767605063790,14720,23f703aa3bc9,2026-08-28T16:55:10Z,500,499,1,,,,,,,,,,,,,,,,,
campaign_d_path,path_n500_independent-positive_seed0.pcf,dpac,2,0,7393505,251,250,2905672767605063790,14720,23f703aa3bc9,2026-08-28T16:55:10Z,500,499,1,,,,,,,,,,,,,,,,,
campaign_d_path,path_n500_independent-positive_seed1.pcf,dpac,0,0,7384798,233,232,8183809621832771872,14720,23f703aa3bc9,2026-08-28T16:55:10Z,500,499,1,,,,,,,,,,,,,,,,,
campaign_d_path,path_n500_independent-positive_seed1.pcf,dpac,1,0,7304975,233,232,8183809621832771872,14720,23f703aa3bc9,2026-08-28T16:55:10Z,500,499,1,,,,,,,,,,,,,,,,,
campaign_d_path,path_n500_independent-positive_seed1.pcf,dpac,2,0,7195884,233,232,8183809621832771872,14720,23f703aa3bc9,2026-08-28T16:55:10Z,500,499,1,,,,,,,,,,,,,,,,,
campaign_d_path,path_n500_independent-positive_seed2.pcf,dpac,0,0,7724625,248,247,9297733828826397807,14720,23f703aa3bc9,2026-08-28T16:55:10Z,500,499,1,,,,,,,,,,,,,,,,,
campaign_d_path,path_n500_independent-positive_seed2.pcf,dpac,1,0,7592417,248,247,9297733828826397807,14720,23f703aa3bc9,2026-08-28T16:55:10Z,500,499,1,,,,,,,,,,,,,,,,,
campaign_d_path,path_n500_independent-positive_seed2.pcf,dpac,2,0,7570041,248,247,9297733828826397807,14720,23f703aa3bc9,2026-08-28T16:55:10Z,500,499,1,,,,,,,,,,,,,,,,,
campaign_d_path,path_n500_independent-positive_seed3.pcf,dpac,0,0,7538937,238,237,15973497986010931635,14720,23f703aa3bc9,2026-08-28T16:55:10Z,500,499,1,,,,,,,,,,,,,,,,,
campaign_d_path,path_n500_independent-positive_seed3.pcf,dpac,1,0,7413679,238,237,15973497986010931635,14720,23f703aa3bc9,2026-08-28T16:55:10Z,500,499,1,,,,,,,,,,,,,,,,,
campaign_d_path,path_n500_independent-positive_seed3.pcf,dpac,2,0,7402640,238,237,15973497986010931635,14720,23f703aa3bc9,2026-08-28T16:55:10Z,500,499,1,,,,,,,,,,,,,,,,,
campaign_d_path,path_n500_independent-positive_seed4.pcf,dpac,0,0,7399209,241,240,4648188305925036218,14720,23f703aa3bc9,2026-08-28T16:55:10Z,500,499,1,,,,,,,,,,,,,,,,,
campaign_d_path,path_n500_independent-positive_seed4.pcf,dpac,1,0,7224682,241,240,4648188305925036218,14720,23f703aa3bc9,2026-08-28T16:55:10Z,500,499,1,,,,,,,,,,,,,,,,,
campaign_d_path,path_n500_independent-positive_seed4.pcf,dpac,2,0,7267861,241,240,4648188305925036218,14720,23f703aa3bc9,2026-08-28T16:55:10Z,500,499,1,,,,,,,,,,,,,,,,,
campaign_d_path,path_n500_independent-positive_seed5.pcf,dpac,0,0,7422077,245,244,1033092375761476359,14720,23f703aa3bc9,2026-08-28T16:55:10Z,500,499,1,,,,,,,,,,,,,,,,,
campaign_d_path,path_n500_independent-positive_seed5.pcf,dpac,1,0,7324162,245,244,1033092375761476359,14720,23f703aa3bc9,2026-08-28T16:55:10Z,500,499,1,,,,,,,,,,,,,,,,,
campaign_d_path,path_n500_independent-positive_seed5.pcf,dpac,2,0,7293303,245,244,1033092375761476359,14720,23f703aa3bc9,2026-08-28T16:55:10Z,500,499,1,,,,,,,,,,,,,,,,,
campaign_d_path,path_n500_independent-positive_seed6.pcf,dpac,0,0,7462141,248,247,12154403000694331095,14720,23f703aa3bc9,2026-08-28T16:55:10Z,500,499,1,,,,,,,,,,,,,,,,,
campaign_d_path,path_n500_independent-positive_seed6.pcf,dpac,1,0,7229916,248,247,12154403000694331095,14720,23f703aa3bc9,2026-08-28T16:55:10Z,500,499,1,,,,,,,,,,,,,,,,,
campaign_d_path,path_n500_independent-positive_seed6.pcf,dpac,2,0,7284411,248,247,12154403000694331095,14720,23f703aa3bc9,2026-08-28T16:55:10Z,500,499,1,,,,,,,,,,,,,,,,,
campaign_d_path,path_n500_independent-positive_seed7.pcf,dpac,0,0,7576417,263,262,5250197971678311216,14720,23f703aa3bc9,2026-08-28T16:55:10Z,500,499,1,,,,,,,,,,,,,,,,,
campaign_d_path,path_n500_independent-positive_seed7.pcf,dpac,1,0,7408502,263,262,5250197971678311216,14720,23f703aa3bc9,2026-08-28T16:55:10Z,500,499,1,,,,,,,,,,,,,,,,,
campaign_d_path,path_n500_independent-positive_seed7.pcf,dpac,2,0,7363626,263,262,5250197971678311216,14720,23f703aa3bc9,2026-08-28T16:55:10Z,500,499,1,,,,,,,,,,,,,,,,,
campaign_d_path,path_n500_independent-positive_seed8.pcf,dpac,0,0,7419198,240,239,17755375002814807135,14720,23f703aa3bc9,2026-08-28T16:55:10Z,500,499,1,,,,,,,,,,,,,,,,,
campaign_d_path,path_n500_independent-positive_seed8.pcf,dpac,1,0,7305375,240,239,17755375002814807135,14720,23f703aa3bc9,2026-08-28T16:55:10Z,500,499,1,,,,,,,,,,,,,,,,,
campaign_d_path,path_n500_independent-positive_seed8.pcf,dpac,2,0,7271532,240,239,17755375002814807135,14720,23f703aa3bc9,2026-08-28T16:55:10Z,500,499,1,,,,,,,,,,,,,,,,,
campaign_d_path,path_n500_independent-positive_seed9.pcf,dpac,0,0,7622559,257,256,5895864243120349236,14880,23f703aa3bc9,2026-08-28T16:55:10Z,500,499,1,,,,,,,,,,,,,,,,,
campaign_d_path,path_n500_independent-positive_seed9.pcf,dpac,1,0,7390265,257,256,5895864243120349236,14880,23f703aa3bc9,2026-08-28T16:55:10Z,500,499,1,,,,,,,,,,,,,,,,,
campaign_d_path,path_n500_independent-positive_seed9.pcf,dpac,2,0,7351202,257,256,5895864243120349236,14880,23f703aa3bc9,2026-08-28T16:55:10Z,500,499,1,,,,,,,,,,,,,,,,,
campaign_d_path,path_n500_independent-signed_seed0.pcf,dpac,0,0,7533699,253,252,8945413142481601275,14880,23f703aa3bc9,2026-08-28T16:55:10Z,500,499,1,,,,,,,,,,,,,,,,,
campaign_d_path,path_n500_independent-signed_seed0.pcf,dpac,1,0,7459448,253,252,8945413142481601275,14880,23f703aa3bc9,2026-08-28T16:55:10Z,500,499,1,,,,,,,,,,,,,,,,,
campaign_d_path,path_n500_independent-signed_seed0.pcf,dpac,2,0,7377323,253,252,8945413142481601275,14880,23f703aa3bc9,2026-08-28T16:55:10Z,500,499,1,,,,,,,,,,,,,,,,,
campaign_d_path,path_n500_independent-signed_seed1.pcf,dpac,0,0,7499670,254,253,9814824342953852388,14880,23f703aa3bc9,2026-08-28T16:55:10Z,500,499,1,,,,,,,,,,,,,,,,,
campaign_d_path,path_n500_independent-signed_seed1.pcf,dpac,1,0,7203012,254,253,9814824342953852388,14880,23f703aa3bc9,2026-08-28T16:55:10Z,500,499,1,,,,,,,,,,,,,,,,,
campaign_d_path,path_n500_independent-signed_seed1.pcf,dpac,2,0,7130067,254,253,9814824342953852388,14880,23f703aa3bc9,2026-08-28T16:55:10Z,500,499,1,,,,,,,,,,,,,,,,,
campaign_d_path,path_n500_independent-signed_seed2.pcf,dpac,0,0,7499704,248,247,3836844390199313911,14880,23f703aa3bc9,2026-08-28T16:55:10Z,500,499,1,,,,,,,,,,,,,,,,,
campaign_d_path,path_n500_independent-signed_seed2.pcf,dpac,1,0,7403377,248,247,3836844390199313911,14880,23f703aa3bc9,2026-08-28T16:55:10Z,500,499,1,,,,,,,,,,,,,,,,,
campaign_d_path,path_n500_independent-signed_seed2.pcf,dpac,2,0,7282373,248,247,3836844390199313911,14880,23f703aa3bc9,2026-08-28T16:55:10Z,500,499,1,,,,,,,,,,,,,,,,,
campaign_d_path,path_n500_independent-signed_seed3.pcf,dpac,0,0,7506747,247,246,4692121929330963432,14880,23f703aa3bc9,2026-08-28T16:55:10Z,500,499,1,,,,,,,,,,,,,,,,,
campaign_d_path,path_n500_independent-signed_seed3.pcf,dpac,1,0,7367972,247,246,4692121929330963432,14880,23f703aa3bc9,2026-08-28T16:55:10Z,500,499,1,,,,,,,,,,,,,,,,,
campaign_d_path,path_n500_independent-signed_seed3.pcf,dpac,2,0,7294279,247,246,4692121929330963432,14880,23f703aa3bc9,2026-08-28T16:55:11Z,500,499,1,,,,,,,,,,,,,,,,,
campaign_d_path,path_n500_independent-signed_seed4.pcf,dpac,0,0,7578769,253,252,181481095146567190,14880,23f703aa3bc9,2026-08-28T16:55:11Z,500,499,1,,,,,,,,,,,,,,,,,
campaign_d_path,path_n500_independent-signed_seed4.pcf,dpac,1,0,7548517,253,252,181481095146567190,14880,23f703aa3bc9,2026-08-28T16:55:11Z,500,499,1,,,,,,,,,,,,,,,,,
campaign_d_path,path_n500_independent-signed_seed4.pcf,dpac,2,0,7386199,253,252,181481095146567190,14880,23f703aa3bc9,2026-08-28T16:55:11Z,500,499,1,,,,,,,,,,,,,,,,,
campaign_d_path,path_n500_independent-signed_seed5.pcf,dpac,0,0,7607810,257,256,2578489056673429899,14880,23f703aa3bc9,2026-08-28T16:55:11Z,500,499,1,,,,,,,,,,,,,,,,,
campaign_d_path,path_n500_independent-signed_seed5.pcf,dpac,1,0,7371616,257,256,2578489056673429899,14880,23f703aa3bc9,2026-08-28T16:55:11Z,500,499,1,,,,,,,,,,,,,,,,,
campaign_d_path,path_n500_independent-signed_seed5.pcf,dpac,2,0,7238678,257,256,2578489056673429899,14880,23f703aa3bc9,2026-08-28T16:55:11Z,500,499,1,,,,,,,,,,,,,,,,,
campaign_d_path,path_n500_independent-signed_seed6.pcf,dpac,0,0,7208727,224,223,8355196317383950499,14880,23f703aa3bc9,2026-08-28T16:55:11Z,500,499,1,,,,,,,,,,,,,,,,,
campaign_d_path,path_n500_independent-signed_seed6.pcf,dpac,1,0,7129563,224,223,8355196317383950499,14880,23f703aa3bc9,2026-08-28T16:55:11Z,500,499,1,,,,,,,,,,,,,,,,,
campaign_d_path,path_n500_independent-signed_seed6.pcf,dpac,2,0,7092906,224,223,8355196317383950499,14880,23f703aa3bc9,2026-08-28T16:55:11Z,500,499,1,,,,,,,,,,,,,,,,,
campaign_d_path,path_n500_independent-signed_seed7.pcf,dpac,0,0,7552010,267,266,13488873693551240036,14880,23f703aa3bc9,2026-08-28T16:55:11Z,500,499,1,,,,,,,,,,,,,,,,,
campaign_d_path,path_n500_independent-signed_seed7.pcf,dpac,1,0,7365769,267,266,13488873693551240036,14880,23f703aa3bc9,2026-08-28T16:55:11Z,500,499,1,,,,,,,,,,,,,,,,,
campaign_d_path,path_n500_independent-signed_seed7.pcf,dpac,2,0,7341306,267,266,13488873693551240036,14880,23f703aa3bc9,2026-08-28T16:55:11Z,500,499,1,,,,,,,,,,,,,,,,,
campaign_d_path,path_n500_independent-signed_seed8.pcf,dpac,0,0,7530194,254,253,7679586356228175860,14880,23f703aa3bc9,2026-08-28T16:55:11Z,500,499,1,,,,,,,,,,,,,,,,,
campaign_d_path,path_n500_independent-signed_seed8.pcf,dpac,1,0,7226621,254,253,7679586356228175860,14880,23f703aa3bc9,2026-08-28T16:55:11Z,500,499,1,,,,,,,,,,,,,,,,,
campaign_d_path,path_n500_independent-signed_seed8.pcf,dpac,2,0,7250218,254,253,7679586356228175860,14880,23f703aa3bc9,2026-08-28T16:55:11Z,500,499,1,,,,,,,,,,,,,,,,,
campaign_d_path,path_n500_independent-signed_seed9.pcf,dpac,0,0,7513283,254,253,5932629134345076602,14880,23f703aa3bc9,2026-08-28T16:55:11Z,500,499,1,,,,,,,,,,,,,,,,,
campaign_d_path,path_n500_independent-signed_seed9.pcf,dpac,1,0,7363737,254,253,5932629134345076602,14880,23f703aa3bc9,2026-08-28T16:55:11Z,500,499,1,,,,,,,,,,,,,,,,,
campaign_d_path,path_n500_independent-signed_seed9.pcf,dpac,2,0,7308023,254,253,5932629134345076602,14880,23f703aa3bc9,2026-08-28T16:55:11Z,500,499,1,,,,,,,,,,,,,,,,,
campaign_d_path,path_n500_near-ties_seed0.pcf,dpac,0,0,5531436,151,150,5724770140382554599,14880,23f703aa3bc9,2026-08-28T16:55:11Z,500,499,1,,,,,,,,,,,,,,,,,
campaign_d_path,path_n500_near-ties_seed0.pcf,dpac,1,0,5457238,151,150,5724770140382554599,14880,23f703aa3bc9,2026-08-28T16:55:11Z,500,499,1,,,,,,,,,,,,,,,,,
campaign_d_path,path_n500_near-ties_seed0.pcf,dpac,2,0,5392151,151,150,5724770140382554599,14880,23f703aa3bc9,2026-08-28T16:55:11Z,500,499,1,,,,,,,,,,,,,,,,,
campaign_d_path,path_n500_near-ties_seed1.pcf,dpac,0,0,6037365,161,160,11747850767153729746,14880,23f703aa3bc9,2026-08-28T16:55:11Z,500,499,1,,,,,,,,,,,,,,,,,
campaign_d_path,path_n500_near-ties_seed1.pcf,dpac,1,0,5915657,161,160,11747850767153729746,14880,23f703aa3bc9,2026-08-28T16:55:11Z,500,499,1,,,,,,,,,,,,,,,,,
campaign_d_path,path_n500_near-ties_seed1.pcf,dpac,2,0,5898226,161,160,11747850767153729746,14880,23f703aa3bc9,2026-08-28T16:55:11Z,500,499,1,,,,,,,,,,,,,,,,,
campaign_d_path,path_n500_near-ties_seed2.pcf,dpac,0,0,5838310,152,151,10304465146095311234,14880,23f703aa3bc9,2026-08-28T16:55:11Z,500,499,1,,,,,,,,,,,,,,,,,
campaign_d_path,path_n500_near-ties_seed2.pcf,dpac,1,0,5716504,152,151,10304465146095311234,14880,23f703aa3bc9,2026-08-28T16:55:11Z,500,499,1,,,,,,,,,,,,,,,,,
campaign_d_path,path_n500_near-ties_seed2.pcf,dpac,2,0,5692872,152,151,10304465146095311234,14880,23f703aa3bc9,2026-08-28T16:55:11Z,500,499,1,,,,,,,,,,,,,,,,,
campaign_d_path,path_n500_near-ties_seed3.pcf,dpac,0,0,6127380,165,164,2221884849222739871,14880,23f703aa3bc9,2026-08-28T16:55:11Z,500,499,1,,,,,,,,,,,,,,,,,
campaign_d_path,path_n500_near-ties_seed3.pcf,dpac,1,0,5839392,165,164,2221884849222739871,14880,23f703aa3bc9,2026-08-28T16:55:11Z,500,499,1,,,,,,,,,,,,,,,,,
campaign_d_path,path_n500_near-ties_seed3.pcf,dpac,2,0,5838092,165,164,2221884849222739871,14880,23f703aa3bc9,2026-08-28T16:55:11Z,500,499,1,,,,,,,,,,,,,,,,,
campaign_d_path,path_n500_near-ties_seed4.pcf,dpac,0,0,5659569,157,156,15939831653523184692,14880,23f703aa3bc9,2026-08-28T16:55:11Z,500,499,1,,,,,,,,,,,,,,,,,
campaign_d_path,path_n500_near-ties_seed4.pcf,dpac,1,0,5460516,157,156,15939831653523184692,14880,23f703aa3bc9,2026-08-28T16:55:11Z,500,499,1,,,,,,,,,,,,,,,,,
campaign_d_path,path_n500_near-ties_seed4.pcf,dpac,2,0,5474603,157,156,15939831653523184692,14880,23f703aa3bc9,2026-08-28T16:55:11Z,500,499,1,,,,,,,,,,,,,,,,,
campaign_d_path,path_n500_near-ties_seed5.pcf,dpac,0,0,5753151,149,148,14013766737198568356,14880,23f703aa3bc9,2026-08-28T16:55:11Z,500,499,1,,,,,,,,,,,,,,,,,
campaign_d_path,path_n500_near-ties_seed5.pcf,dpac,1,0,5581634,149,148,14013766737198568356,14880,23f703aa3bc9,2026-08-28T16:55:11Z,500,499,1,,,,,,,,,,,,,,,,,
campaign_d_path,path_n500_near-ties_seed5.pcf,dpac,2,0,5493531,149,148,14013766737198568356,14880,23f703aa3bc9,2026-08-28T16:55:11Z,500,499,1,,,,,,,,,,,,,,,,,
campaign_d_path,path_n500_near-ties_seed6.pcf,dpac,0,0,5784229,148,147,13241284695352188122,14880,23f703aa3bc9,2026-08-28T16:55:11Z,500,499,1,,,,,,,,,,,,,,,,,
campaign_d_path,path_n500_near-ties_seed6.pcf,dpac,1,0,5731607,148,147,13241284695352188122,14880,23f703aa3bc9,2026-08-28T16:55:11Z,500,499,1,,,,,,,,,,,,,,,,,
campaign_d_path,path_n500_near-ties_seed6.pcf,dpac,2,0,5633820,148,147,13241284695352188122,14880,23f703aa3bc9,2026-08-28T16:55:11Z,500,499,1,,,,,,,,,,,,,,,,,
campaign_d_path,path_n500_near-ties_seed7.pcf,dpac,0,0,5815399,156,155,4015998497168419236,15040,23f703aa3bc9,2026-08-28T16:55:11Z,500,499,1,,,,,,,,,,,,,,,,,
campaign_d_path,path_n500_near-ties_seed7.pcf,dpac,1,0,5665071,156,155,4015998497168419236,15040,23f703aa3bc9,2026-08-28T16:55:11Z,500,499,1,,,,,,,,,,,,,,,,,
campaign_d_path,path_n500_near-ties_seed7.pcf,dpac,2,0,5706880,156,155,4015998497168419236,15040,23f703aa3bc9,2026-08-28T16:55:11Z,500,499,1,,,,,,,,,,,,,,,,,
campaign_d_path,path_n500_near-ties_seed8.pcf,dpac,0,0,6168130,165,164,3504952474688009736,15040,23f703aa3bc9,2026-08-28T16:55:11Z,500,499,1,,,,,,,,,,,,,,,,,
campaign_d_path,path_n500_near-ties_seed8.pcf,dpac,1,0,6063605,165,164,3504952474688009736,15040,23f703aa3bc9,2026-08-28T16:55:11Z,500,499,1,,,,,,,,,,,,,,,,,
campaign_d_path,path_n500_near-ties_seed8.pcf,dpac,2,0,6017121,165,164,3504952474688009736,15040,23f703aa3bc9,2026-08-28T16:55:11Z,500,499,1,,,,,,,,,,,,,,,,,
campaign_d_path,path_n500_near-ties_seed9.pcf,dpac,0,0,5655527,163,162,14971101369819830555,15040,23f703aa3bc9,2026-08-28T16:55:11Z,500,499,1,,,,,,,,,,,,,,,,,
campaign_d_path,path_n500_near-ties_seed9.pcf,dpac,1,0,5528058,163,162,14971101369819830555,15040,23f703aa3bc9,2026-08-28T16:55:11Z,500,499,1,,,,,,,,,,,,,,,,,
campaign_d_path,path_n500_near-ties_seed9.pcf,dpac,2,0,5550045,163,162,14971101369819830555,15040,23f703aa3bc9,2026-08-28T16:55:11Z,500,499,1,,,,,,,,,,,,,,,,,
