campaign_id,instance,algorithm,repetition,order,elapsed_ns,n_layers,n_breakpoints,sequence_hash,peak_rss_kib,git_commit,timestamp_utc,n_nodes,n_arcs,n_components,rac_clusters,rac_joins,rac_internalizations,rac_envelope_sum_calls,rac_envelope_max_calls,rac_hull_calls,rac_lines_scanned,rac_line_comparisons,rac_rational_comparisons,rac_pieces_stored,rac_topdown_events,rac_topdown_scans,rac_expanded_vertices,rac_expanded_edges,rac_rounds,rac_max_cluster_depth,rac_estimated_bytes
campaign_d_star,star_n1000_anti-correlated_seed0.pcf,pac,0,0,4857182,519,518,9651045922716511956,12480,bd9d01a0c917,2026-08-31T09:03:26Z,1000,999,1,,,,,,,,,,,,,,,,,
campaign_d_star,star_n1000_anti-correlated_seed0.pcf,pac,1,0,4478854,519,518,9651045922716511956,12480,bd9d01a0c917,2026-08-31T09:03:26Z,1000,999,1,,,,,,,,,,,,,,,,,
campaign_d_star,star_n1000_anti-correlated_seed0.pcf,pac,2,0,4436110,519,518,9651045922716511956,12480,bd9d01a0c917,2026-08-31T09:03:26Z,1000,999,1,,,,,,,,,,,,,,,,,
campaign_d_star,star_n1000_anti-correlated_seed1.pcf,pac,0,0,4403416,495,494,16721042962987245241,12480,bd9d01a0c917,2026-08-31T09:03:26Z,1000,999,1,,,,,,,,,,,,,,,,,
campaign_d_star,star_n1000_anti-correlated_seed1.pcf,pac,1,0,4311275,495,494,16721042962987245241,12480,bd9d01a0c917,2026-08-31T09:03:26Z,1000,999,1,,,,,,,,,,,,,,,,,
campaign_d_star,star_n1000_anti-correlated_seed1.pcf,pac,2,0,4287859,495,494,16721042962987245241,12480,bd9d01a0c917,2026-08-31T09:03:26Z,1000,999,1,,,,,,,,,,,,,,,,,
campaign_d_star,star_n1000_anti-correlated_seed2.pcf,pac,0,0,4361679,505,504,12691005853864238009,12480,bd9d01a0c917,2026-08-31T09:03:26Z,1000,999,1,,,,,,,,,,,,,,,,,
campaign_d_star,star_n1000_anti-correlated_seed2.pcf,pac,1,0,4299890,505,504,12691005853864238009,12480,bd9d01a0c917,2026-08-31T09:03:26Z,1000,999,1,,,,,,,,,,,,,,,,,
campaign_d_star,star_n1000_anti-correlated_seed2.pcf,pac,2,0,4346804,505,504,12691005853864238009,12480,bd9d01a0c917,2026-08-31T09:03:26Z,1000,999,1,,,,,,,,,,,,,,,,,
campaign_d_star,star_n1000_anti-correlated_seed3.pcf,pac,0,0,4363718,461,460,6388620216154664326,12480,bd9d01a0c917,2026-08-31T09:03:26Z,1000,999,1,,,,,,,,,,,,,,,,,
campaign_d_star,star_n1000_anti-correlated_seed3.pcf,pac,1,0,4312903,461,460,6388620216154664326,12480,bd9d01a0c917,2026-08-31T09:03:26Z,1000,999,1,,,,,,,,,,,,,,,,,
campaign_d_star,star_n1000_anti-correlated_seed3.pcf,pac,2,0,4416885,461,460,6388620216154664326,12480,bd9d01a0c917,2026-08-31T09:03:26Z,1000,999,1,,,,,,,,,,,,,,,,,
campaign_d_star,star_n1000_anti-correlated_seed4.pcf,pac,0,0,4573416,503,502,9155766347877564258,12480,bd9d01a0c917,2026-08-31T09:03:26Z,1000,999,1,,,,,,,,,,,,,,,,,
campaign_d_star,star_n1000_anti-correlated_seed4.pcf,pac,1,0,4465511,503,502,9155766347877564258,12480,bd9d01a0c917,2026-08-31T09:03:26Z,1000,999,1,,,,,,,,,,,,,,,,,
campaign_d_star,star_n1000_anti-correlated_seed4.pcf,pac,2,0,4495937,503,502,9155766347877564258,12480,bd9d01a0c917,2026-08-31T09:03:26Z,1000,999,1,,,,,,,,,,,,,,,,,
campaign_d_star,star_n1000_anti-correlated_seed5.pcf,pac,0,0,4371234,510,509,6285448256101686479,12480,bd9d01a0c917,2026-08-31T09:03:26Z,1000,999,1,,,,,,,,,,,,,,,,,
campaign_d_star,star_n1000_anti-correlated_seed5.pcf,pac,1,0,4260565,510,509,6285448256101686479,12480,bd9d01a0c917,2026-08-31T09:03:26Z,1000,999,1,,,,,,,,,,,,,,,,,
campaign_d_star,star_n1000_anti-correlated_seed5.pcf,pac,2,0,4248516,510,509,6285448256101686479,12480,bd9d01a0c917,2026-08-31T09:03:26Z,1000,999,1,,,,,,,,,,,,,,,,,
campaign_d_star,star_n1000_anti-correlated_seed6.pcf,pac,0,0,4401549,505,504,13379375730533673017,12480,bd9d01a0c917,2026-08-31T09:03:26Z,1000,999,1,,,,,,,,,,,,,,,,,
campaign_d_star,star_n1000_anti-correlated_seed6.pcf,pac,1,0,4370382,505,504,13379375730533673017,12480,bd9d01a0c917,2026-08-31T09:03:26Z,1000,999,1,,,,,,,,,,,,,,,,,
campaign_d_star,star_n1000_anti-correlated_seed6.pcf,pac,2,0,4352827,505,504,13379375730533673017,12480,bd9d01a0c917,2026-08-31T09:03:26Z,1000,999,1,,,,,,,,,,,,,,,,,
campaign_d_star,star_n1000_anti-correlated_seed7.pcf,pac,0,0,4390377,501,500,18065565750555106885,12480,bd9d01a0c917,2026-08-31T09:03:26Z,1000,999,1,,,,,,,,,,,,,,,,,
campaign_d_star,star_n1000_anti-correlated_seed7.pcf,pac,1,0,4352045,501,500,18065565750555106885,12480,bd9d01a0c917,2026-08-31T09:03:26Z,1000,999,1,,,,,,,,,,,,,,,,,
campaign_d_star,star_n1000_anti-correlated_seed7.pcf,pac,2,0,4416447,501,500,18065565750555106885,12480,bd9d01a0c917,2026-08-31T09:03:26Z,1000,999,1,,,,,,,,,,,,,,,,,
campaign_d_star,star_n1000_anti-correlated_seed8.pcf,pac,0,0,4400057,518,517,8846059923364626137,12480,bd9d01a0c917,2026-08-31T09:03:26Z,1000,999,1,,,,,,,,,,,,,,,,,
campaign_d_star,star_n1000_anti-correlated_seed8.pcf,pac,1,0,4374385,518,517,8846059923364626137,12480,bd9d01a0c917,2026-08-31T09:03:26Z,1000,999,1,,,,,,,,,,,,,,,,,
campaign_d_star,star_n1000_anti-correlated_seed8.pcf,pac,2,0,4305742,518,517,8846059923364626137,12480,bd9d01a0c917,2026-08-31T09:03:26Z,1000,999,1,,,,,,,,,,,,,,,,,
campaign_d_star,star_n1000_anti-correlated_seed9.pcf,pac,0,0,4501424,529,528,2219807442467580821,12480,bd9d01a0c917,2026-08-31T09:03:26Z,1000,999,1,,,,,,,,,,,,,,,,,
campaign_d_star,star_n1000_anti-correlated_seed9.pcf,pac,1,0,4394743,529,528,2219807442467580821,12480,bd9d01a0c917,2026-08-31T09:03:26Z,1000,999,1,,,,,,,,,,,,,,,,,
campaign_d_star,star_n1000_anti-correlated_seed9.pcf,pac,2,0,4401747,529,528,2219807442467580821,12480,bd9d01a0c917,2026-08-31T09:03:26Z,1000,999,1,,,,,,,,,,,,,,,,,
campaign_d_star,star_n1000_correlated_seed0.pcf,pac,0,0,4429566,487,486,18081735969472223923,12480,bd9d01a0c917,2026-08-31T09:03:26Z,1000,999,1,,,,,,,,,,,,,,,,,
campaign_d_star,star_n1000_correlated_seed0.pcf,pac,1,0,4434272,487,486,18081735969472223923,12480,bd9d01a0c917,2026-08-31T09:03:26Z,1000,999,1,,,,,,,,,,,,,,,,,
campaign_d_star,star_n1000_correlated_seed0.pcf,pac,2,0,4484139,487,486,18081735969472223923,12480,bd9d01a0c917,2026-08-31T09:03:26Z,1000,999,1,,,,,,,,,,,,,,,,,
campaign_d_star,star_n1000_correlated_seed1.pcf,pac,0,0,4601351,502,501,4874806583939304948,12480,bd9d01a0c917,2026-08-31T09:03:26Z,1000,999,1,,,,,,,,,,,,,,,,,
campaign_d_star,star_n1000_correlated_seed1.pcf,pac,1,0,4521294,502,501,4874806583939304948,12480,bd9d01a0c917,2026-08-31T09:03:26Z,1000,999,1,,,,,,,,,,,,,,,,,
campaign_d_star,star_n1000_correlated_seed1.pcf,pac,2,0,4499334,502,501,4874806583939304948,12480,bd9d01a0c917,2026-08-31T09:03:26Z,1000,999,1,,,,,,,,,,,,,,,,,
campaign_d_star,star_n1000_correlated_seed2.pcf,pac,0,0,4567204,483,482,6613407537063956292,12640,bd9d01a0c917,2026-08-31T09:03:26Z,1000,999,1,,,,,,,,,,,,,,,,,
campaign_d_star,star_n1000_correlated_seed2.pcf,pac,1,0,4441173,483,482,6613407537063956292,12640,bd9d01a0c917,2026-08-31T09:03:26Z,1000,999,1,,,,,,,,,,,,,,,,,
campaign_d_star,star_n1000_correlated_seed2.pcf,pac,2,0,4377286,483,482,6613407537063956292,12640,bd9d01a0c917,2026-08-31T09:03:26Z,1000,999,1,,,,,,,,,,,,,,,,,
campaign_d_star,star_n1000_correlated_seed3.pcf,pac,0,0,4390064,500,499,6209400503761505313,12640,bd9d01a0c917,2026-08-31T09:03:26Z,1000,999,1,,,,,,,,,,,,,,,,,
campaign_d_star,star_n1000_correlated_seed3.pcf,pac,1,0,4349357,500,499,6209400503761505313,12640,bd9d01a0c917,2026-08-31T09:03:26Z,1000,999,1,,,,,,,,,,,,,,,,,
campaign_d_star,star_n1000_correlated_seed3.pcf,pac,2,0,4288098,500,499,6209400503761505313,12640,bd9d01a0c917,2026-08-31T09:03:26Z,1000,999,1,,,,,,,,,,,,,,,,,
campaign_d_star,star_n1000_correlated_seed4.pcf,pac,0,0,4417670,481,480,1554856725961455745,12640,bd9d01a0c917,2026-08-31T09:03:26Z,1000,999,1,,,,,,,,,,,,,,,,,
campaign_d_star,star_n1000_correlated_seed4.pcf,pac,1,0,4409888,481,480,1554856725961455745,12640,bd9d01a0c917,2026-08-31T09:03:26Z,1000,999,1,,,,,,,,,,,,,,,,,
campaign_d_star,star_n1000_correlated_seed4.pcf,pac,2,0,4414970,481,480,1554856725961455745,12640,bd9d01a0c917,2026-08-31T09:03:26Z,1000,999,1,,,,,,,,,,,,,,,,,
campaign_d_star,star_n1000_correlated_seed5.pcf,pac,0,0,4450374,494,493,17745711925289304388,12640,bd9d01a0c917,2026-08-31T09:03:26Z,1000,999,1,,,,,,,,,,,,,,,,,
campaign_d_star,star_n1000_correlated_seed5.pcf,pac,1,0,4339416,494,493,17745711925289304388,12640,bd9d01a0c917,2026-08-31T09:03:27Z,1000,999,1,,,,,,,,,,,,,,,,,
campaign_d_star,star_n1000_correlated_seed5.pcf,pac,2,0,4552608,494,493,17745711925289304388,12640,bd9d01a0c917,2026-08-31T09:03:27Z,1000,999,1,,,,,,,,,,,,,,,,,
campaign_d_star,star_n1000_correlated_seed6.pcf,pac,0,0,4552694,499,498,6754074730787275547,12640,bd9d01a0c917,2026-08-31T09:03:27Z,1000,999,1,,,,,,,,,,,,,,,,,
campaign_d_star,star_n1000_correlated_seed6.pcf,pac,1,0,4429546,499,498,6754074730787275547,12640,bd9d01a0c917,2026-08-31T09:03:27Z,1000,999,1,,,,,,,,,,,,,,,,,
campaign_d_star,star_n1000_correlated_seed6.pcf,pac,2,0,4467956,499,498,6754074730787275547,12640,bd9d01a0c917,2026-08-31T09:03:27Z,1000,999,1,,,,,,,,,,,,,,,,,
campaign_d_star,star_n1000_correlated_seed7.pcf,pac,0,0,4434943,466,465,8225451626013234876,12640,bd9d01a0c917,2026-08-31T09:03:27Z,1000,999,1,,,,,,,,,,,,,,,,,
campaign_d_star,star_n1000_correlated_seed7.pcf,pac,1,0,4392017,466,465,8225451626013234876,12640,bd9d01a0c917,2026-08-31T09:03:27Z,1000,999,1,,,,,,,,,,,,,,,,,
campaign_d_star,star_n1000_correlated_seed7.pcf,pac,2,0,4336536,466,465,8225451626013234876,12640,bd9d01a0c917,2026-08-31T09:03:27Z,1000,999,1,,,,,,,,,,,,,,,,,
campaign_d_star,star_n1000_correlated_seed8.pcf,pac,0,0,4453567,485,484,4214146938725032388,12640,bd9d01a0c917,2026-08-31T09:03:27Z,1000,999,1,,,,,,,,,,,,,,,,,
campaign_d_star,star_n1000_correlated_seed8.pcf,pac,1,0,4322045,485,484,4214146938725032388,12640,bd9d01a0c917,2026-08-31T09:03:27Z,1000,999,1,,,,,,,,,,,,,,,,,
campaign_d_star,star_n1000_correlated_seed8.pcf,pac,2,0,4326912,485,484,4214146938725032388,12640,bd9d01a0c917,2026-08-31T09:03:27Z,1000,999,1,,,,,,,,,,,,,,,,,
campaign_d_star,star_n1000_correlated_seed9.pcf,pac,0,0,4429946,505,504,15795392853358998678,12640,bd9d01a0c917,2026-08-31T09:03:27Z,1000,999,1,,,,,,,,,,,,,,,,,
campaign_d_star,star_n1000_correlated_seed9.pcf,pac,1,0,4311614,505,504,15795392853358998678,12640,bd9d01a0c917,2026-08-31T09:03:27Z,1000,999,1,,,,,,,,,,,,,,,,,
campaign_d_star,star_n1000_correlated_seed9.pcf,pac,2,0,4299059,505,504,15795392853358998678,12640,bd9d01a0c917,2026-08-31T09:03:27Z,1000,999,1,,,,,,,,,,,,,,,,,
campaign_d_star,star_n1000_exact-ties_seed0.pcf,pac,0,0,3168328,42,41,11540005942481670716,12640,bd9d01a0c917,2026-08-31T09:03:27Z,1000,999,1,,,,,,,,,,,,,,,,,
campaign_d_star,star_n1000_exact-ties_seed0.pcf,pac,1,0,3103220,42,41,11540005942481670716,12640,bd9d01a0c917,2026-08-31T09:03:27Z,1000,999,1,,,,,,,,,,,,,,,,,
campaign_d_star,star_n1000_exact-ties_seed0.pcf,pac,2,0,3125774,42,41,11540005942481670716,12640,bd9d01a0c917,2026-08-31T09:03:27Z,1000,999,1,,,,,,,,,,,,,,,,,
campaign_d_star,star_n1000_exact-ties_seed1.pcf,pac,0,0,3373788,44,43,11104614533041528921,12640,bd9d01a0c917,2026-08-31T09:03:27Z,1000,999,1,,,,,,,,,,,,,,,,,
campaign_d_star,star_n1000_exact-ties_seed1.pcf,pac,1,0,3257163,44,43,11104614533041528921,12640,bd9d01a0c917,2026-08-31T09:03:27Z,1000,999,1,,,,,,,,,,,,,,,,,
campaign_d_star,star_n1000_exact-ties_seed1.pcf,pac,2,0,3270219,44,43,11104614533041528921,12640,bd9d01a0c917,2026-08-31T09:03:27Z,1000,999,1,,,,,,,,,,,,,,,,,
campaign_d_star,star_n1000_exact-ties_seed2.pcf,pac,0,0,3541916,44,43,16379545468826649678,12640,bd9d01a0c917,2026-08-31T09:03:27Z,1000,999,1,,,,,,,,,,,,,,,,,
campaign_d_star,star_n1000_exact-ties_seed2.pcf,pac,1,0,3465898,44,43,16379545468826649678,12640,bd9d01a0c917,2026-08-31T09:03:27Z,1000,999,1,,,,,,,,,,,,,,,,,
campaign_d_star,star_n1000_exact-ties_seed2.pcf,pac,2,0,3466930,44,43,16379545468826649678,12640,bd9d01a0c917,2026-08-31T09:03:27Z,1000,999,1,,,,,,,,,,,,,,,,,
campaign_d_star,star_n1000_exact-ties_seed3.pcf,pac,0,0,3216341,41,40,15649398175348037408,12640,bd9d01a0c917,2026-08-31T09:03:27Z,1000,999,1,,,,,,,,,,,,,,,,,
campaign_d_star,star_n1000_exact-ties_seed3.pcf,pac,1,0,3131628,41,40,15649398175348037408,12640,bd9d01a0c917,2026-08-31T09:03:27Z,1000,999,1,,,,,,,,,,,,,,,,,
campaign_d_star,star_n1000_exact-ties_seed3.pcf,pac,2,0,3126386,41,40,15649398175348037408,12640,bd9d01a0c917,2026-08-31T09:03:27Z,1000,999,1,,,,,,,,,,,,,,,,,
campaign_d_star,star_n1000_exact-ties_seed4.pcf,pac,0,0,3554452,39,38,5499389281006668444,12640,bd9d01a0c917,2026-08-31T09:03:27Z,1000,999,1,,,,,,,,,,,,,,,,,
campaign_d_star,star_n1000_exact-ties_seed4.pcf,pac,1,0,3486370,39,38,5499389281006668444,12640,bd9d01a0c917,2026-08-31T09:03:27Z,1000,999,1,,,,,,,,,,,,,,,,,
campaign_d_star,star_n1000_exact-ties_seed4.pcf,pac,2,0,3476129,39,38,5499389281006668444,12640,bd9d01a0c917,2026-08-31T09:03:27Z,1000,999,1,,,,,,,,,,,,,,,,,
campaign_d_star,star_n1000_exact-ties_seed5.pcf,pac,0,0,3459454,44,43,5234158076675988852,12640,bd9d01a0c917,2026-08-31T09:03:27Z,1000,999,1,,,,,,,,,,,,,,,,,
campaign_d_star,star_n1000_exact-ties_seed5.pcf,pac,1,0,3345015,44,43,5234158076675988852,12640,bd9d01a0c917,2026-08-31T09:03:27Z,1000,999,1,,,,,,,,,,,,,,,,,
campaign_d_star,star_n1000_exact-ties_seed5.pcf,pac,2,0,3346766,44,43,5234158076675988852,12640,bd9d01a0c917,2026-08-31T09:03:27Z,1000,999,1,,,,,,,,,,,,,,,,,
campaign_d_star,star_n1000_exact-ties_seed6.pcf,pac,0,0,3475393,44,43,5583234120125493949,12640,bd9d01a0c917,2026-08-31T09:03:27Z,1000,999,1,,,,,,,,,,,,,,,,,
campaign_d_star,star_n1000_exact-ties_seed6.pcf,pac,1,0,3454964,44,43,5583234120125493949,12640,bd9d01a0c917,2026-08-31T09:03:27Z,1000,999,1,,,,,,,,,,,,,,,,,
campaign_d_star,star_n1000_exact-ties_seed6.pcf,pac,2,0,3393600,44,43,5583234120125493949,12640,bd9d01a0c917,2026-08-31T09:03:27Z,1000,999,1,,,,,,,,,,,,,,,,,
campaign_d_star,star_n1000_exact-ties_seed7.pcf,pac,0,0,3361172,39,38,8452242502688351973,12640,bd9d01a0c917,2026-08-31T09:03:27Z,1000,999,1,,,,,,,,,,,,,,,,,
campaign_d_star,star_n1000_exact-ties_seed7.pcf,pac,1,0,3294079,39,38,8452242502688351973,12640,bd9d01a0c917,2026-08-31T09:03:27Z,1000,999,1,,,,,,,,,,,,,,,,,
campaign_d_star,star_n1000_exact-ties_seed7.pcf,pac,2,0,3301670,39,38,8452242502688351973,12640,bd9d01a0c917,2026-08-31T09:03:27Z,1000,999,1,,,,,,,,,,,,,,,,,
campaign_d_star,star_n1000_exact-ties_seed8.pcf,pac,0,0,3358439,40,39,18020052284643828668,12640,bd9d01a0c917,2026-08-31T09:03:27Z,1000,999,1,,,,,,,,,,,,,,,,,
campaign_d_star,star_n1000_exact-ties_seed8.pcf,pac,1,0,3287064,40,39,18020052284643828668,12640,bd9d01a0c917,2026-08-31T09:03:27Z,1000,999,1,,,,,,,,,,,,,,,,,
campaign_d_star,star_n1000_exact-ties_seed8.pcf,pac,2,0,3351413,40,39,18020052284643828668,12640,bd9d01a0c917,2026-08-31T09:03:27Z,1000,999,1,,,,,,,,,,,,,,,,,
campaign_d_star,star_n1000_exact-ties_seed9.pcf,pac,0,0,3412720,44,43,2059995280404346005,12640,bd9d01a0c917,2026-08-31T09:03:27Z,1000,999,1,,,,,,,,,,,,,,,,,
campaign_d_star,star_n1000_exact-ties_seed9.pcf,pac,1,0,3384855,44,43,2059995280404346005,12640,bd9d01a0c917,2026-08-31T09:03:27Z,1000,999,1,,,,,,,,,,,,,,,,,
campaign_d_star,star_n1000_exact-ties_seed9.pcf,pac,2,0,3370474,44,43,2059995280404346005,12640,bd9d01a0c917,2026-08-31T09:03:27Z,1000,999,1,,,,,,,,,,,,,,,,,
campaign_d_star,star_n1000_independent-positive_seed0.pcf,pac,0,0,4482480,508,507,2977179199417959959,12800,bd9d01a0c917,2026-08-31T09:03:27Z,1000,999,1,,,,,,,,,,,,,,,,,
campaign_d_star,star_n1000_independent-positive_seed0.pcf,pac,1,0,4372275,508,507,2977179199417959959,12800,bd9d01a0c917,2026-08-31T09:03:27Z,1000,999,1,,,,,,,,,,,,,,,,,
campaign_d_star,star_n1000_independent-positive_seed0.pcf,pac,2,0,4396762,508,507,2977179199417959959,12800,bd9d01a0c917,2026-08-31T09:03:27Z,1000,999,1,,,,,,,,,,,,,,,,,
campaign_d_star,star_n1000_independent-positive_seed1.pcf,pac,0,0,4394416,523,522,11677751743784854741,12800,bd9d01a0c917,2026-08-31T09:03:27Z,1000,999,1,,,,,,,,,,,,,,,,,
campaign_d_star,star_n1000_independent-positive_seed1.pcf,pac,1,0,4325149,523,522,11677751743784854741,12800,bd9d01a0c917,2026-08-31T09:03:27Z,1000,999,1,,,,,,,,,,,,,,,,,
campaign_d_star,star_n1000_independent-positive_seed1.pcf,pac,2,0,4331954,523,522,11677751743784854741,12800,bd9d01a0c917,2026-08-31T09:03:27Z,1000,999,1,,,,,,,,,,,,,,,,,
campaign_d_star,star_n1000_independent-positive_seed2.pcf,pac,0,0,4400230,481,480,14464440603180496086,12800,bd9d01a0c917,2026-08-31T09:03:27Z,1000,999,1,,,,,,,,,,,,,,,,,
campaign_d_star,star_n1000_independent-positive_seed2.pcf,pac,1,0,4337065,481,480,14464440603180496086,12800,bd9d01a0c917,2026-08-31T09:03:27Z,1000,999,1,,,,,,,,,,,,,,,,,
campaign_d_star,star_n1000_independent-positive_seed2.pcf,pac,2,0,4349421,481,480,14464440603180496086,12800,bd9d01a0c917,2026-08-31T09:03:27Z,1000,999,1,,,,,,,,,,,,,,,,,
campaign_d_star,star_n1000_independent-positive_seed3.pcf,pac,0,0,4410210,517,516,10808335945970072579,12800,bd9d01a0c917,2026-08-31T09:03:27Z,1000,999,1,,,,,,,,,,,,,,,,,
campaign_d_star,star_n1000_independent-positive_seed3.pcf,pac,1,0,4398932,517,516,10808335945970072579,12800,bd9d01a0c917,2026-08-31T09:03:27Z,1000,999,1,,,,,,,,,,,,,,,,,
campaign_d_star,star_n1000_independent-positive_seed3.pcf,pac,2,0,4363368,517,516,10808335945970072579,12800,bd9d01a0c917,2026-08-31T09:03:27Z,1000,999,1,,,,,,,,,,,,,,,,,
campaign_d_star,star_n1000_independent-positive_seed4.pcf,pac,0,0,4392740,500,499,11368572363198134688,12800,bd9d01a0c917,2026-08-31T09:03:27Z,1000,999,1,,,,,,,,,,,,,,,,,
campaign_d_star,star_n1000_independent-positive_seed4.pcf,pac,1,0,4327551,500,499,11368572363198134688,12800,bd9d01a0c917,2026-08-31T09:03:27Z,1000,999,1,,,,,,,,,,,,,,,,,
campaign_d_star,star_n1000_independent-positive_seed4.pcf,pac,2,0,4296722,500,499,11368572363198134688,12800,bd9d01a0c917,2026-08-31T09:03:27Z,1000,999,1,,,,,,,,,,,,,,,,,
campaign_d_star,star_n1000_independent-positive_seed5.pcf,pac,0,0,4341688,492,491,13523798028844921153,12800,bd9d01a0c917,2026-08-31T09:03:27Z,1000,999,1,,,,,,,,,,,,,,,,,
campaign_d_star,star_n1000_independent-positive_seed5.pcf,pac,1,0,4295626,492,491,13523798028844921153,12800,bd9d01a0c917,2026-08-31T09:03:27Z,1000,999,1,,,,,,,,,,,,,,,,,
campaign_d_star,star_n1000_independent-positive_seed5.pcf,pac,2,0,4309406,492,491,13523798028844921153,12800,bd9d01a0c917,2026-08-31T09:03:27Z,1000,999,1,,,,,,,,,,,,,,,,,
campaign_d_star,star_n1000_independent-positive_seed6.pcf,pac,0,0,4452123,495,494,9798721756659889132,12800,bd9d01a0c917,2026-08-31T09:03:27Z,1000,999,1,,,,,,,,,,,,,,,,,
campaign_d_star,star_n1000_independent-positive_seed6.pcf,pac,1,0,4397927,495,494,9798721756659889132,12800,bd9d01a0c917,2026-08-31T09:03:27Z,1000,999,1,,,,,,,,,,,,,,,,,
campaign_d_star,star_n1000_independent-positive_seed6.pcf,pac,2,0,4363902,495,494,9798721756659889132,12800,bd9d01a0c917,2026-08-31T09:03:27Z,1000,999,1,,,,,,,,,,,,,,,,,
campaign_d_star,star_n1000_independent-positive_seed7.pcf,pac,0,0,4334460,506,505,15805227355976740268,12800,bd9d01a0c917,2026-08-31T09:03:27Z,1000,999,1,,,,,,,,,,,,,,,,,
campaign_d_star,star_n1000_independent-positive_seed7.pcf,pac,1,0,4288222,506,505,15805227355976740268,12800,bd9d01a0c917,2026-08-31T09:03:27Z,1000,999,1,,,,,,,,,,,,,,,,,
campaign_d_star,star_n1000_independent-positive_seed7.pcf,pac,2,0,4267697,506,505,15805227355976740268,12800,bd9d01a0c917,2026-08-31T09:03:27Z,1000,999,1,,,,,,,,,,,,,,,,,
campaign_d_star,star_n1000_independent-positive_seed8.pcf,pac,0,0,4491922,490,489,5436727297771239887,12800,bd9d01a0c917,2026-08-31T09:03:27Z,1000,999,1,,,,,,,,,,,,,,,,,
campaign_d_star,star_n1000_independent-positive_seed8.pcf,pac,1,0,4392735,490,489,5436727297771239887,12800,bd9d01a0c917,2026-08-31T09:03:27Z,1000,999,1,,,,,,,,,,,,,,,,,
campaign_d_star,star_n1000_independent-positive_seed8.pcf,pac,2,0,4422830,490,489,5436727297771239887,12800,bd9d01a0c917,2026-08-31T09:03:27Z,1000,999,1,,,,,,,,,,,,,,,,,
campaign_d_star,star_n1000_independent-positive_seed9.pcf,pac,0,0,4499250,514,513,18426583363914117056,12800,bd9d01a0c917,2026-08-31T09:03:27Z,1000,999,1,,,,,,,,,,,,,,,,,
campaign_d_star,star_n1000_independent-positive_seed9.pcf,pac,1,0,4417844,514,513,18426583363914117056,12800,bd9d01a0c917,2026-08-31T09:03:27Z,1000,999,1,,,,,,,,,,,,,,,,,
campaign_d_star,star_n1000_independent-positive_seed9.pcf,pac,2,0,4412573,514,513,18426583363914117056,12800,bd9d01a0c917,2026-08-31T09:03:27Z,1000,999,1,,,,,,,,,,,,,,,,,
campaign_d_star,star_n1000_independent-signed_seed0.pcf,pac,0,0,4353208,487,486,10909247742545559957,12800,bd9d01a0c917,2026-08-31T09:03:27Z,1000,999,1,,,,,,,,,,,,,,,,,
campaign_d_star,star_n1000_independent-signed_seed0.pcf,pac,1,0,4310325,487,486,10909247742545559957,12800,bd9d01a0c917,2026-08-31T09:03:27Z,1000,999,1,,,,,,,,,,,,,,,,,
campaign_d_star,star_n1000_independent-signed_seed0.pcf,pac,2,0,4280864,487,486,10909247742545559957,12800,bd9d01a0c917,2026-08-31T09:03:27Z,1000,999,1,,,,,,,,,,,,,,,,,
campaign_d_star,star_n1000_independent-signed_seed1.pcf,pac,0,0,4502506,516,515,13409206205681182412,12800,bd9d01a0c917,2026-08-31T09:03:27Z,1000,999,1,,,,,,,,,,,,,,,,,
campaign_d_star,star_n1000_independent-signed_seed1.pcf,pac,1,0,4380508,516,515,13409206205681182412,12800,bd9d01a0c917,2026-08-31T09:03:27Z,1000,999,1,,,,,,,,,,,,,,,,,
campaign_d_star,star_n1000_independent-signed_seed1.pcf,pac,2,0,4371843,516,515,13409206205681182412,12800,bd9d01a0c917,2026-08-31T09:03:27Z,1000,999,1,,,,,,,,,,,,,,,,,
campaign_d_star,star_n1000_independent-signed_seed2.pcf,pac,0,0,4420444,508,507,7291622848369658081,12800,bd9d01a0c917,2026-08-31T09:03:27Z,1000,999,1,,,,,,,,,,,,,,,,,
campaign_d_star,star_n1000_independent-signed_seed2.pcf,pac,1,0,4345937,508,507,7291622848369658081,12800,bd9d01a0c917,2026-08-31T09:03:27Z,1000,999,1,,,,,,,,,,,,,,,,,
campaign_d_star,star_n1000_independent-signed_seed2.pcf,pac,2,0,4329125,508,507,7291622848369658081,12800,bd9d01a0c917,2026-08-31T09:03:27Z,1000,999,1,,,,,,,,,,,,,,,,,
campaign_d_star,star_n1000_independent-signed_seed3.pcf,pac,0,0,4393990,536,535,18179145515386686843,12800,bd9d01a0c917,2026-08-31T09:03:27Z,1000,999,1,,,,,,,,,,,,,,,,,
campaign_d_star,star_n1000_independent-signed_seed3.pcf,pac,1,0,4342307,536,535,18179145515386686843,12800,bd9d01a0c917,2026-08-31T09:03:27Z,1000,999,1,,,,,,,,,,,,,,,,,
campaign_d_star,star_n1000_independent-signed_seed3.pcf,pac,2,0,4316480,536,535,18179145515386686843,12800,bd9d01a0c917,2026-08-31T09:03:27Z,1000,999,1,,,,,,,,,,,,,,,,,
campaign_d_star,star_n1000_independent-signed_seed4.pcf,pac,0,0,4465398,528,527,10678130936148490206,12800,bd9d01a0c917,2026-08-31T09:03:27Z,1000,999,1,,,,,,,,,,,,,,,,,
campaign_d_star,star_n1000_independent-signed_seed4.pcf,pac,1,0,4389035,528,527,10678130936148490206,12800,bd9d01a0c917,2026-08-31T09:03:27Z,1000,999,1,,,,,,,,,,,,,,,,,
campaign_d_star,star_n1000_independent-signed_seed4.pcf,pac,2,0,4377786,528,527,10678130936148490206,12800,bd9d01a0c917,2026-08-31T09:03:27Z,1000,999,1,,,,,,,,,,,,,,,,,
campaign_d_star,star_n1000_independent-signed_seed5.pcf,pac,0,0,4351514,489,488,7835925581346364214,12800,bd9d01a0c917,2026-08-31T09:03:27Z,1000,999,1,,,,,,,,,,,,,,,,,
campaign_d_star,star_n1000_independent-signed_seed5.pcf,pac,1,0,4297491,489,488,7835925581346364214,12800,bd9d01a0c917,2026-08-31T09:03:27Z,1000,999,1,,,,,,,,,,,,,,,,,
campaign_d_star,star_n1000_independent-signed_seed5.pcf,pac,2,0,4292137,489,488,7835925581346364214,12800,bd9d01a0c917,2026-08-31T09:03:27Z,1000,999,1,,,,,,,,,,,,,,,,,
campaign_d_star,star_n1000_independent-signed_seed6.pcf,pac,0,0,4448613,490,489,6437165670174605684,12800,bd9d01a0c917,2026-08-31T09:03:27Z,1000,999,1,,,,,,,,,,,,,,,,,
campaign_d_star,star_n1000_independent-signed_seed6.pcf,pac,1,0,4348469,490,489,6437165670174605684,12800,bd9d01a0c917,2026-08-31T09:03:27Z,1000,999,1,,,,,,,,,,,,,,,,,
campaign_d_star,star_n1000_independent-signed_seed6.pcf,pac,2,0,4327057,490,489,6437165670174605684,12800,bd9d01a0c917,2026-08-31T09:03:27Z,1000,999,1,,,,,,,,,,,,,,,,,
campaign_d_star,star_n1000_independent-signed_seed7.pcf,pac,0,0,4326547,500,499,13927981533881445568,12800,bd9d01a0c917,2026-08-31T09:03:27Z,1000,999,1,,,,,,,,,,,,,,,,,
campaign_d_star,star_n1000_independent-signed_seed7.pcf,pac,1,0,4271928,500,499,13927981533881445568,12800,bd9d01a0c917,2026-08-31T09:03:27Z,1000,999,1,,,,,,,,,,,,,,,,,
campaign_d_star,star_n1000_independent-signed_seed7.pcf,pac,2,0,4284389,500,499,13927981533881445568,12800,bd9d01a0c917,2026-08-31T09:03:27Z,1000,999,1,,,,,,,,,,,,,,,,,
campaign_d_star,star_n1000_independent-signed_seed8.pcf,pac,0,0,4407646,500,499,14676177332163166470,12800,bd9d01a0c917,2026-08-31T09:03:27Z,1000,999,1,,,,,,,,,,,,,,,,,
campaign_d_star,star_n1000_independent-signed_seed8.pcf,pac,1,0,4370636,500,499,14676177332163166470,12800,bd9d01a0c917,2026-08-31T09:03:27Z,1000,999,1,,,,,,,,,,,,,,,,,
campaign_d_star,star_n1000_independent-signed_seed8.pcf,pac,2,0,4355992,500,499,14676177332163166470,12800,bd9d01a0c917,2026-08-31T09:03:27Z,1000,999,1,,,,,,,,,,,,,,,,,
campaign_d_star,star_n1000_independent-signed_seed9.pcf,pac,0,0,4389839,470,469,6948526028651799821,12800,bd9d01a0c917,2026-08-31T09:03:27Z,1000,999,1,,,,,,,,,,,,,,,,,
campaign_d_star,star_n1000_independent-signed_seed9.pcf,pac,1,0,4395223,470,469,6948526028651799821,12800,bd9d01a0c917,2026-08-31T09:03:27Z,1000,999,1,,,,,,,,,,,,,,,,,
campaign_d_star,star_n1000_independent-signed_seed9.pcf,pac,2,0,4313420,470,469,6948526028651799821,12800,bd9d01a0c917,2026-08-31T09:03:27Z,1000,999,1,,,,,,,,,,,,,,,,,
campaign_d_star,star_n1000_near-ties_seed0.pcf,pac,0,0,3713510,143,142,11347977995335425638,12960,bd9d01a0c917,2026-08-31T09:03:27Z,1000,999,1,,,,,,,,,,,,,,,,,
campaign_d_star,star_n1000_near-ties_seed0.pcf,pac,1,0,3708564,143,142,11347977995335425638,12960,bd9d01a0c917,2026-08-31T09:03:27Z,1000,999,1,,,,,,,,,,,,,,,,,
campaign_d_star,star_n1000_near-ties_seed0.pcf,pac,2,0,3652334,143,142,11347977995335425638,12960,bd9d01a0c917,2026-08-31T09:03:27Z,1000,999,1,,,,,,,,,,,,,,,,,
campaign_d_star,star_n1000_near-ties_seed1.pcf,pac,0,0,3611199,140,139,7764344732527192466,12960,bd9d01a0c917,2026-08-31T09:03:27Z,1000,999,1,,,,,,,,,,,,,,,,,
campaign_d_star,star_n1000_near-ties_seed1.pcf,pac,1,0,3531395,140,139,7764344732527192466,12960,bd9d01a0c917,2026-08-31T09:03:27Z,1000,999,1,,,,,,,,,,,,,,,,,
campaign_d_star,star_n1000_near-ties_seed1.pcf,pac,2,0,3507116,140,139,7764344732527192466,12960,bd9d01a0c917,2026-08-31T09:03:27Z,1000,999,1,,,,,,,,,,,,,,,,,
campaign_d_star,star_n1000_near-ties_seed2.pcf,pac,0,0,3638043,144,143,13833798733725098193,12960,bd9d01a0c917,2026-08-31T09:03:27Z,1000,999,1,,,,,,,,,,,,,,,,,
campaign_d_star,star_n1000_near-ties_seed2.pcf,pac,1,0,3572953,144,143,13833798733725098193,12960,bd9d01a0c917,2026-08-31T09:03:27Z,1000,999,1,,,,,,,,,,,,,,,,,
campaign_d_star,star_n1000_near-ties_seed2.pcf,pac,2,0,3588680,144,143,13833798733725098193,12960,bd9d01a0c917,2026-08-31T09:03:27Z,1000,999,1,,,,,,,,,,,,,,,,,
campaign_d_star,star_n1000_near-ties_seed3.pcf,pac,0,0,3771010,141,140,17793490502955309835,12960,bd9d01a0c917,2026-08-31T09:03:27Z,1000,999,1,,,,,,,,,,,,,,,,,
campaign_d_star,star_n1000_near-ties_seed3.pcf,pac,1,0,3674592,141,140,17793490502955309835,12960,bd9d01a0c917,2026-08-31T09:03:27Z,1000,999,1,,,,,,,,,,,,,,,,,
campaign_d_star,star_n1000_near-ties_seed3.pcf,pac,2,0,3630318,141,140,17793490502955309835,12960,bd9d01a0c917,2026-08-31T09:03:27Z,1000,999,1,,,,,,,,,,,,,,,,,
campaign_d_star,star_n1000_near-ties_seed4.pcf,pac,0,0,3746747,142,141,3319771985616037798,12960,bd9d01a0c917,2026-08-31T09:03:27Z,1000,999,1,,,,,,,,,,,,,,,,,
campaign_d_star,star_n1000_near-ties_seed4.pcf,pac,1,0,3616074,142,141,3319771985616037798,12960,bd9d01a0c917,2026-08-31T09:03:27Z,1000,999,1,,,,,,,,,,,,,,,,,
campaign_d_star,star_n1000_near-ties_seed4.pcf,pac,2,0,3659587,142,141,3319771985616037798,12960,bd9d01a0c917,2026-08-31T09:03:27Z,1000,999,1,,,,,,,,,,,,,,,,,
campaign_d_star,star_n1000_near-ties_seed5.pcf,pac,0,0,3548566,141,140,8240320036642890907,12960,bd9d01a0c917,2026-08-31T09:03:27Z,1000,999,1,,,,,,,,,,,,,,,,,
campaign_d_star,star_n1000_near-ties_seed5.pcf,pac,1,0,3472340,141,140,8240320036642890907,12960,bd9d01a0c917,2026-08-31T09:03:27Z,1000,999,1,,,,,,,,,,,,,,,,,
campaign_d_star,star_n1000_near-ties_seed5.pcf,pac,2,0,3530897,141,140,8240320036642890907,12960,bd9d01a0c917,2026-08-31T09:03:27Z,1000,999,1,,,,,,,,,,,,,,,,,
campaign_d_star,star_n1000_near-ties_seed6.pcf,pac,0,0,3564578,144,143,8292678402801948910,12960,bd9d01a0c917,2026-08-31T09:03:27Z,1000,999,1,,,,,,,,,,,,,,,,,
campaign_d_star,star_n1000_near-ties_seed6.pcf,pac,1,0,3508961,144,143,8292678402801948910,12960,bd9d01a0c917,2026-08-31T09:03:27Z,1000,999,1,,,,,,,,,,,,,,,,,
campaign_d_star,star_n1000_near-ties_seed6.pcf,pac,2,0,3503616,144,143,8292678402801948910,12960,bd9d01a0c917,2026-08-31T09:03:27Z,1000,999,1,,,,,,,,,,,,,,,,,
campaign_d_star,star_n1000_near-ties_seed7.pcf,pac,0,0,3501778,143,142,995122887213663629,12960,bd9d01a0c917,2026-08-31T09:03:27Z,1000,999,1,,,,,,,,,,,,,,,,,
campaign_d_star,star_n1000_near-ties_seed7.pcf,pac,1,0,3449438,143,142,995122887213663629,12960,bd9d01a0c917,2026-08-31T09:03:27Z,1000,999,1,,,,,,,,,,,,,,,,,
campaign_d_star,star_n1000_near-ties_seed7.pcf,pac,2,0,3462273,143,142,995122887213663629,12960,bd9d01a0c917,2026-08-31T09:03:27Z,1000,999,1,,,,,,,,,,,,,,,,,
campaign_d_star,star_n1000_near-ties_seed8.pcf,pac,0,0,3715720,147,146,3832144489465694996,12960,bd9d01a0c917,2026-08-31T09:03:27Z,1000,999,1,,,,,,,,,,,,,,,,,
campaign_d_star,star_n1000_near-ties_seed8.pcf,pac,1,0,3653678,147,146,3832144489465694996,12960,bd9d01a0c917,2026-08-31T09:03:27Z,1000,999,1,,,,,,,,,,,,,,,,,
campaign_d_star,star_n1000_near-ties_seed8.pcf,pac,2,0,3669608,147,146,3832144489465694996,12960,bd9d01a0c917,2026-08-31T09:03:27Z,1000,999,1,,,,,,,,,,,,,,,,,
campaign_d_star,star_n1000_near-ties_seed9.pcf,pac,0,0,3755183,142,141,1841961875407723861,12960,bd9d01a0c917,2026-08-31T09:03:27Z,1000,999,1,,,,,,,,,,,,,,,,,
campaign_d_star,star_n1000_near-ties_seed9.pcf,pac,1,0,3746271,142,141,1841961875407723861,12960,bd9d01a0c917,2026-08-31T09:03:27Z,1000,999,1,,,,,,,,,,,,,,,,,
campaign_d_star,star_n1000_near-ties_seed9.pcf,pac,2,0,3579703,142,141,1841961875407723861,12960,bd9d01a0c917,2026-08-31T09:03:27Z,1000,999,1,,,,,,,,,,,,,,,,,
campaign_d_star,star_n100_anti-correlated_seed0.pcf,pac,0,0,85183,46,45,8171667932460996290,12960,bd9d01a0c917,2026-08-31T09:03:27Z,100,99,1,,,,,,,,,,,,,,,,,
campaign_d_star,star_n100_anti-correlated_seed0.pcf,pac,1,0,74064,46,45,8171667932460996290,12960,bd9d01a0c917,2026-08-31T09:03:27Z,100,99,1,,,,,,,,,,,,,,,,,
campaign_d_star,star_n100_anti-correlated_seed0.pcf,pac,2,0,66427,46,45,8171667932460996290,12960,bd9d01a0c917,2026-08-31T09:03:27Z,100,99,1,,,,,,,,,,,,,,,,,
campaign_d_star,star_n100_anti-correlated_seed1.pcf,pac,0,0,86545,57,56,17915884518512160209,12960,bd9d01a0c917,2026-08-31T09:03:27Z,100,99,1,,,,,,,,,,,,,,,,,
campaign_d_star,star_n100_anti-correlated_seed1.pcf,pac,1,0,75281,57,56,17915884518512160209,12960,bd9d01a0c917,2026-08-31T09:03:27Z,100,99,1,,,,,,,,,,,,,,,,,
campaign_d_star,star_n100_anti-correlated_seed1.pcf,pac,2,0,66097,57,56,17915884518512160209,12960,bd9d01a0c917,2026-08-31T09:03:27Z,100,99,1,,,,,,,,,,,,,,,,,
campaign_d_star,star_n100_anti-correlated_seed2.pcf,pac,0,0,87991,56,55,901203100304024073,12960,bd9d01a0c917,2026-08-31T09:03:27Z,100,99,1,,,,,,,,,,,,,,,,,
campaign_d_star,star_n100_anti-correlated_seed2.pcf,pac,1,0,74868,56,55,901203100304024073,12960,bd9d01a0c917,2026-08-31T09:03:27Z,100,99,1,,,,,,,,,,,,,,,,,
campaign_d_star,star_n100_anti-correlated_seed2.pcf,pac,2,0,66214,56,55,901203100304024073,12960,bd9d01a0c917,2026-08-31T09:03:27Z,100,99,1,,,,,,,,,,,,,,,,,
campaign_d_star,star_n100_anti-correlated_seed3.pcf,pac,0,0,89585,49,48,13583116737782035359,12960,bd9d01a0c917,2026-08-31T09:03:27Z,100,99,1,,,,,,,,,,,,,,,,,
campaign_d_star,star_n100_anti-correlated_seed3.pcf,pac,1,0,77030,49,48,13583116737782035359,12960,bd9d01a0c917,2026-08-31T09:03:27Z,100,99,1,,,,,,,,,,,,,,,,,
campaign_d_star,star_n100_anti-correlated_seed3.pcf,pac,2,0,71240,49,48,13583116737782035359,12960,bd9d01a0c917,2026-08-31T09:03:27Z,100,99,1,,,,,,,,,,,,,,,,,
campaign_d_star,star_n100_anti-correlated_seed4.pcf,pac,0,0,85214,47,46,7473841392589565695,12960,bd9d01a0c917,2026-08-31T09:03:27Z,100,99,1,,,,,,,,,,,,,,,,,
campaign_d_star,star_n100_anti-correlated_seed4.pcf,pac,1,0,74494,47,46,7473841392589565695,12960,bd9d01a0c917,2026-08-31T09:03:27Z,100,99,1,,,,,,,,,,,,,,,,,
campaign_d_star,star_n100_anti-correlated_seed4.pcf,pac,2,0,66152,47,46,7473841392589565695,12960,bd9d01a0c917,2026-08-31T09:03:27Z,100,99,1,,,,,,,,,,,,,,,,,
campaign_d_star,star_n100_anti-correlated_seed5.pcf,pac,0,0,88276,55,54,7066891983576662043,12960,bd9d01a0c917,2026-08-31T09:03:27Z,100,99,1,,,,,,,,,,,,,,,,,
campaign_d_star,star_n100_anti-correlated_seed5.pcf,pac,1,0,79715,55,54,7066891983576662043,12960,bd9d01a0c917,2026-08-31T09:03:27Z,100,99,1,,,,,,,,,,,,,,,,,
campaign_d_star,star_n100_anti-correlated_seed5.pcf,pac,2,0,72292,55,54,7066891983576662043,12960,bd9d01a0c917,2026-08-31T09:03:27Z,100,99,1,,,,,,,,,,,,,,,,,
campaign_d_star,star_n100_anti-correlated_seed6.pcf,pac,0,0,83421,57,56,16102038715497251979,12960,bd9d01a0c917,2026-08-31T09:03:27Z,100,99,1,,,,,,,,,,,,,,,,,
campaign_d_star,star_n100_anti-correlated_seed6.pcf,pac,1,0,73705,57,56,16102038715497251979,12960,bd9d01a0c917,2026-08-31T09:03:27Z,100,99,1,,,,,,,,,,,,,,,,,
campaign_d_star,star_n100_anti-correlated_seed6.pcf,pac,2,0,152280,57,56,16102038715497251979,12960,bd9d01a0c917,2026-08-31T09:03:27Z,100,99,1,,,,,,,,,,,,,,,,,
campaign_d_star,star_n100_anti-correlated_seed7.pcf,pac,0,0,83018,47,46,15144458079967507381,13120,bd9d01a0c917,2026-08-31T09:03:27Z,100,99,1,,,,,,,,,,,,,,,,,
campaign_d_star,star_n100_anti-correlated_seed7.pcf,pac,1,0,71681,47,46,15144458079967507381,13120,bd9d01a0c917,2026-08-31T09:03:27Z,100,99,1,,,,,,,,,,,,,,,,,
campaign_d_star,star_n100_anti-correlated_seed7.pcf,pac,2,0,64630,47,46,15144458079967507381,13120,bd9d01a0c917,2026-08-31T09:03:27Z,100,99,1,,,,,,,,,,,,,,,,,
campaign_d_star,star_n100_anti-correlated_seed8.pcf,pac,0,0,184999,48,47,13234516180487040337,13120,bd9d01a0c917,2026-08-31T09:03:27Z,100,99,1,,,,,,,,,,,,,,,,,
campaign_d_star,star_n100_anti-correlated_seed8.pcf,pac,1,0,76651,48,47,13234516180487040337,13120,bd9d01a0c917,2026-08-31T09:03:27Z,100,99,1,,,,,,,,,,,,,,,,,
campaign_d_star,star_n100_anti-correlated_seed8.pcf,pac,2,0,68053,48,47,13234516180487040337,13120,bd9d01a0c917,2026-08-31T09:03:27Z,100,99,1,,,,,,,,,,,,,,,,,
campaign_d_star,star_n100_anti-correlated_seed9.pcf,pac,0,0,85288,51,50,3061868255176995863,13120,bd9d01a0c917,2026-08-31T09:03:27Z,100,99,1,,,,,,,,,,,,,,,,,
campaign_d_star,star_n100_anti-correlated_seed9.pcf,pac,1,0,75018,51,50,3061868255176995863,13120,bd9d01a0c917,2026-08-31T09:03:27Z,100,99,1,,,,,,,,,,,,,,,,,
campaign_d_star,star_n100_anti-correlated_seed9.pcf,pac,2,0,66003,51,50,3061868255176995863,13120,bd9d01a0c917,2026-08-31T09:03:27Z,100,99,1,,,,,,,,,,,,,,,,,
campaign_d_star,star_n100_correlated_seed0.pcf,pac,0,0,83715,51,50,14792977421013493983,13120,bd9d01a0c917,2026-08-31T09:03:27Z,100,99,1,,,,,,,,,,,,,,,,,
campaign_d_star,star_n100_correlated_seed0.pcf,pac,1,0,71952,51,50,14792977421013493983,13120,bd9d01a0c917,2026-08-31T09:03:27Z,100,99,1,,,,,,,,,,,,,,,,,
campaign_d_star,star_n100_correlated_seed0.pcf,pac,2,0,63529,51,50,14792977421013493983,13120,bd9d01a0c917,2026-08-31T09:03:27Z,100,99,1,,,,,,,,,,,,,,,,,
campaign_d_star,star_n100_correlated_seed1.pcf,pac,0,0,114727,51,50,6776654306472818206,13120,bd9d01a0c917,2026-08-31T09:03:27Z,100,99,1,,,,,,,,,,,,,,,,,
campaign_d_star,star_n100_correlated_seed1.pcf,pac,1,0,76709,51,50,6776654306472818206,13120,bd9d01a0c917,2026-08-31T09:03:27Z,100,99,1,,,,,,,,,,,,,,,,,
campaign_d_star,star_n100_correlated_seed1.pcf,pac,2,0,65949,51,50,6776654306472818206,13120,bd9d01a0c917,2026-08-31T09:03:27Z,100,99,1,,,,,,,,,,,,,,,,,
campaign_d_star,star_n100_correlated_seed2.pcf,pac,0,0,89025,52,51,9224926863527623166,13120,bd9d01a0c917,2026-08-31T09:03:27Z,100,99,1,,,,,,,,,,,,,,,,,
campaign_d_star,star_n100_correlated_seed2.pcf,pac,1,0,74808,52,51,9224926863527623166,13120,bd9d01a0c917,2026-08-31T09:03:27Z,100,99,1,,,,,,,,,,,,,,,,,
campaign_d_star,star_n100_correlated_seed2.pcf,pac,2,0,66741,52,51,9224926863527623166,13120,bd9d01a0c917,2026-08-31T09:03:27Z,100,99,1,,,,,,,,,,,,,,,,,
campaign_d_star,star_n100_correlated_seed3.pcf,pac,0,0,85225,52,51,12849817083249415999,13120,bd9d01a0c917,2026-08-31T09:03:27Z,100,99,1,,,,,,,,,,,,,,,,,
campaign_d_star,star_n100_correlated_seed3.pcf,pac,1,0,74631,52,51,12849817083249415999,13120,bd9d01a0c917,2026-08-31T09:03:27Z,100,99,1,,,,,,,,,,,,,,,,,
campaign_d_star,star_n100_correlated_seed3.pcf,pac,2,0,66855,52,51,12849817083249415999,13120,bd9d01a0c917,2026-08-31T09:03:27Z,100,99,1,,,,,,,,,,,,,,,,,
campaign_d_star,star_n100_correlated_seed4.pcf,pac,0,0,85510,56,55,18141656619752634408,13120,bd9d01a0c917,2026-08-31T09:03:27Z,100,99,1,,,,,,,,,,,,,,,,,
campaign_d_star,star_n100_correlated_seed4.pcf,pac,1,0,72357,56,55,18141656619752634408,13120,bd9d01a0c917,2026-08-31T09:03:27Z,100,99,1,,,,,,,,,,,,,,,,,
campaign_d_star,star_n100_correlated_seed4.pcf,pac,2,0,65231,56,55,18141656619752634408,13120,bd9d01a0c917,2026-08-31T09:03:27Z,100,99,1,,,,,,,,,,,,,,,,,
campaign_d_star,star_n100_correlated_seed5.pcf,pac,0,0,85905,48,47,17764621360495319392,13120,bd9d01a0c917,2026-08-31T09:03:27Z,100,99,1,,,,,,,,,,,,,,,,,
campaign_d_star,star_n100_correlated_seed5.pcf,pac,1,0,153091,48,47,17764621360495319392,13120,bd9d01a0c917,2026-08-31T09:03:27Z,100,99,1,,,,,,,,,,,,,,,,,
campaign_d_star,star_n100_correlated_seed5.pcf,pac,2,0,67584,48,47,17764621360495319392,13120,bd9d01a0c917,2026-08-31T09:03:27Z,100,99,1,,,,,,,,,,,,,,,,,
campaign_d_star,star_n100_correlated_seed6.pcf,pac,0,0,82826,59,58,16168571166624144723,13120,bd9d01a0c917,2026-08-31T09:03:27Z,100,99,1,,,,,,,,,,,,,,,,,
campaign_d_star,star_n100_correlated_seed6.pcf,pac,1,0,72928,59,58,16168571166624144723,13120,bd9d01a0c917,2026-08-31T09:03:27Z,100,99,1,,,,,,,,,,,,,,,,,
campaign_d_star,star_n100_correlated_seed6.pcf,pac,2,0,64250,59,58,16168571166624144723,13120,bd9d01a0c917,2026-08-31T09:03:27Z,100,99,1,,,,,,,,,,,,,,,,,
campaign_d_star,star_n100_correlated_seed7.pcf,pac,0,0,89465,53,52,18187422898176483690,13120,bd9d01a0c917,2026-08-31T09:03:27Z,100,99,1,,,,,,,,,,,,,,,,,
campaign_d_star,star_n100_correlated_seed7.pcf,pac,1,0,76313,53,52,18187422898176483690,13120,bd9d01a0c917,2026-08-31T09:03:27Z,100,99,1,,,,,,,,,,,,,,,,,
campaign_d_star,star_n100_correlated_seed7.pcf,pac,2,0,67534,53,52,18187422898176483690,13120,bd9d01a0c917,2026-08-31T09:03:27Z,100,99,1,,,,,,,,,,,,,,,,,
campaign_d_star,star_n100_correlated_seed8.pcf,pac,0,0,84574,57,56,3124682796396855702,13120,bd9d01a0c917,2026-08-31T09:03:27Z,100,99,1,,,,,,,,,,,,,,,,,
campaign_d_star,star_n100_correlated_seed8.pcf,pac,1,0,72533,57,56,3124682796396855702,13120,bd9d01a0c917,2026-08-31T09:03:27Z,100,99,1,,,,,,,,,,,,,,,,,
campaign_d_star,star_n100_correlated_seed8.pcf,pac,2,0,65819,57,56,3124682796396855702,13120,bd9d01a0c917,2026-08-31T09:03:27Z,100,99,1,,,,,,,,,,,,,,,,,
campaign_d_star,star_n100_correlated_seed9.pcf,pac,0,0,81594,52,51,12454153991728890422,13120,bd9d01a0c917,2026-08-31T09:03:27Z,100,99,1,,,,,,,,,,,,,,,,,
campaign_d_star,star_n100_correlated_seed9.pcf,pac,1,0,73040,52,51,12454153991728890422,13120,bd9d01a0c917,2026-08-31T09:03:27Z,100,99,1,,,,,,,,,,,,,,,,,
campaign_d_star,star_n100_correlated_seed9.pcf,pac,2,0,64182,52,51,12454153991728890422,13120,bd9d01a0c917,2026-08-31T09:03:27Z,100,99,1,,,,,,,,,,,,,,,,,
campaign_d_star,star_n100_exact-ties_seed0.pcf,pac,0,0,64171,6,5,13771009476453559882,13120,bd9d01a0c917,2026-08-31T09:03:27Z,100,99,1,,,,,,,,,,,,,,,,,
campaign_d_star,star_n100_exact-ties_seed0.pcf,pac,1,0,55940,6,5,13771009476453559882,13120,bd9d01a0c917,2026-08-31T09:03:27Z,100,99,1,,,,,,,,,,,,,,,,,
campaign_d_star,star_n100_exact-ties_seed0.pcf,pac,2,0,48204,6,5,13771009476453559882,13120,bd9d01a0c917,2026-08-31T09:03:27Z,100,99,1,,,,,,,,,,,,,,,,,
campaign_d_star,star_n100_exact-ties_seed1.pcf,pac,0,0,70142,6,5,14877475430821439842,13120,bd9d01a0c917,2026-08-31T09:03:27Z,100,99,1,,,,,,,,,,,,,,,,,
campaign_d_star,star_n100_exact-ties_seed1.pcf,pac,1,0,62392,6,5,14877475430821439842,13120,bd9d01a0c917,2026-08-31T09:03:27Z,100,99,1,,,,,,,,,,,,,,,,,
campaign_d_star,star_n100_exact-ties_seed1.pcf,pac,2,0,52433,6,5,14877475430821439842,13120,bd9d01a0c917,2026-08-31T09:03:27Z,100,99,1,,,,,,,,,,,,,,,,,
campaign_d_star,star_n100_exact-ties_seed2.pcf,pac,0,0,58663,5,4,11473380169442509908,13120,bd9d01a0c917,2026-08-31T09:03:27Z,100,99,1,,,,,,,,,,,,,,,,,
campaign_d_star,star_n100_exact-ties_seed2.pcf,pac,1,0,50680,5,4,11473380169442509908,13120,bd9d01a0c917,2026-08-31T09:03:27Z,100,99,1,,,,,,,,,,,,,,,,,
campaign_d_star,star_n100_exact-ties_seed2.pcf,pac,2,0,43477,5,4,11473380169442509908,13120,bd9d01a0c917,2026-08-31T09:03:27Z,100,99,1,,,,,,,,,,,,,,,,,
campaign_d_star,star_n100_exact-ties_seed3.pcf,pac,0,0,63941,6,5,16679667594443053691,13120,bd9d01a0c917,2026-08-31T09:03:27Z,100,99,1,,,,,,,,,,,,,,,,,
campaign_d_star,star_n100_exact-ties_seed3.pcf,pac,1,0,59075,6,5,16679667594443053691,13120,bd9d01a0c917,2026-08-31T09:03:27Z,100,99,1,,,,,,,,,,,,,,,,,
campaign_d_star,star_n100_exact-ties_seed3.pcf,pac,2,0,49347,6,5,16679667594443053691,13120,bd9d01a0c917,2026-08-31T09:03:27Z,100,99,1,,,,,,,,,,,,,,,,,
campaign_d_star,star_n100_exact-ties_seed4.pcf,pac,0,0,66928,6,5,2586369529125698510,13120,bd9d01a0c917,2026-08-31T09:03:27Z,100,99,1,,,,,,,,,,,,,,,,,
campaign_d_star,star_n100_exact-ties_seed4.pcf,pac,1,0,64993,6,5,2586369529125698510,13120,bd9d01a0c917,2026-08-31T09:03:27Z,100,99,1,,,,,,,,,,,,,,,,,
campaign_d_star,star_n100_exact-ties_seed4.pcf,pac,2,0,52783,6,5,2586369529125698510,13120,bd9d01a0c917,2026-08-31T09:03:27Z,100,99,1,,,,,,,,,,,,,,,,,
campaign_d_star,star_n100_exact-ties_seed5.pcf,pac,0,0,81629,6,5,13267814081698648862,13120,bd9d01a0c917,2026-08-31T09:03:27Z,100,99,1,,,,,,,,,,,,,,,,,
campaign_d_star,star_n100_exact-ties_seed5.pcf,pac,1,0,73242,6,5,13267814081698648862,13120,bd9d01a0c917,2026-08-31T09:03:27Z,100,99,1,,,,,,,,,,,,,,,,,
campaign_d_star,star_n100_exact-ties_seed5.pcf,pac,2,0,63629,6,5,13267814081698648862,13120,bd9d01a0c917,2026-08-31T09:03:27Z,100,99,1,,,,,,,,,,,,,,,,,
campaign_d_star,star_n100_exact-ties_seed6.pcf,pac,0,0,66799,5,4,2940405594357488182,13280,bd9d01a0c917,2026-08-31T09:03:27Z,100,99,1,,,,,,,,,,,,,,,,,
campaign_d_star,star_n100_exact-ties_seed6.pcf,pac,1,0,57098,5,4,2940405594357488182,13280,bd9d01a0c917,2026-08-31T09:03:27Z,100,99,1,,,,,,,,,,,,,,,,,
campaign_d_star,star_n100_exact-ties_seed6.pcf,pac,2,0,50832,5,4,2940405594357488182,13280,bd9d01a0c917,2026-08-31T09:03:27Z,100,99,1,,,,,,,,,,,,,,,,,
campaign_d_star,star_n100_exact-ties_seed7.pcf,pac,0,0,57727,6,5,10814063472503422347,13280,bd9d01a0c917,2026-08-31T09:03:27Z,100,99,1,,,,,,,,,,,,,,,,,
campaign_d_star,star_n100_exact-ties_seed7.pcf,pac,1,0,48225,6,5,10814063472503422347,13280,bd9d01a0c917,2026-08-31T09:03:27Z,100,99,1,,,,,,,,,,,,,,,,,
campaign_d_star,star_n100_exact-ties_seed7.pcf,pac,2,0,40512,6,5,10814063472503422347,13280,bd9d01a0c917,2026-08-31T09:03:27Z,100,99,1,,,,,,,,,,,,,,,,,
campaign_d_star,star_n100_exact-ties_seed8.pcf,pac,0,0,60905,6,5,5695098277049289631,13280,bd9d01a0c917,2026-08-31T09:03:27Z,100,99,1,,,,,,,,,,,,,,,,,
campaign_d_star,star_n100_exact-ties_seed8.pcf,pac,1,0,53372,6,5,5695098277049289631,13280,bd9d01a0c917,2026-08-31T09:03:27Z,100,99,1,,,,,,,,,,,,,,,,,
campaign_d_star,star_n100_exact-ties_seed8.pcf,pac,2,0,46900,6,5,5695098277049289631,13280,bd9d01a0c917,2026-08-31T09:03:27Z,100,99,1,,,,,,,,,,,,,,,,,
campaign_d_star,star_n100_exact-ties_seed9.pcf,pac,0,0,66303,6,5,14111330927528539964,13280,bd9d01a0c917,2026-08-31T09:03:27Z,100,99,1,,,,,,,,,,,,,,,,,
campaign_d_star,star_n100_exact-ties_seed9.pcf,pac,1,0,56416,6,5,14111330927528539964,13280,bd9d01a0c917,2026-08-31T09:03:27Z,100,99,1,,,,,,,,,,,,,,,,,
campaign_d_star,star_n100_exact-ties_seed9.pcf,pac,2,0,49564,6,5,14111330927528539964,13280,bd9d01a0c917,2026-08-31T09:03:27Z,100,99,1,,,,,,,,,,,,,,,,,
campaign_d_star,star_n100_independent-positive_seed0.pcf,pac,0,0,88003,48,47,9442211351469222067,13280,bd9d01a0c917,2026-08-31T09:03:27Z,100,99,1,,,,,,,,,,,,,,,,,
campaign_d_star,star_n100_independent-positive_seed0.pcf,pac,1,0,81862,48,47,9442211351469222067,13280,bd9d01a0c917,2026-08-31T09:03:27Z,100,99,1,,,,,,,,,,,,,,,,,
campaign_d_star,star_n100_independent-positive_seed0.pcf,pac,2,0,68935,48,47,9442211351469222067,13280,bd9d01a0c917,2026-08-31T09:03:27Z,100,99,1,,,,,,,,,,,,,,,,,
campaign_d_star,star_n100_independent-positive_seed1.pcf,pac,0,0,88040,49,48,6769080843623727446,13280,bd9d01a0c917,2026-08-31T09:03:27Z,100,99,1,,,,,,,,,,,,,,,,,
campaign_d_star,star_n100_independent-positive_seed1.pcf,pac,1,0,75433,49,48,6769080843623727446,13280,bd9d01a0c917,2026-08-31T09:03:27Z,100,99,1,,,,,,,,,,,,,,,,,
campaign_d_star,star_n100_independent-positive_seed1.pcf,pac,2,0,67062,49,48,6769080843623727446,13280,bd9d01a0c917,2026-08-31T09:03:27Z,100,99,1,,,,,,,,,,,,,,,,,
campaign_d_star,star_n100_independent-positive_seed2.pcf,pac,0,0,85736,54,53,7573497015216237916,13280,bd9d01a0c917,2026-08-31T09:03:27Z,100,99,1,,,,,,,,,,,,,,,,,
campaign_d_star,star_n100_independent-positive_seed2.pcf,pac,1,0,75240,54,53,7573497015216237916,13280,bd9d01a0c917,2026-08-31T09:03:27Z,100,99,1,,,,,,,,,,,,,,,,,
campaign_d_star,star_n100_independent-positive_seed2.pcf,pac,2,0,66813,54,53,7573497015216237916,13280,bd9d01a0c917,2026-08-31T09:03:27Z,100,99,1,,,,,,,,,,,,,,,,,
campaign_d_star,star_n100_independent-positive_seed3.pcf,pac,0,0,86542,52,51,7465497315787086467,13280,bd9d01a0c917,2026-08-31T09:03:27Z,100,99,1,,,,,,,,,,,,,,,,,
campaign_d_star,star_n100_independent-positive_seed3.pcf,pac,1,0,73003,52,51,7465497315787086467,13280,bd9d01a0c917,2026-08-31T09:03:27Z,100,99,1,,,,,,,,,,,,,,,,,
campaign_d_star,star_n100_independent-positive_seed3.pcf,pac,2,0,64882,52,51,7465497315787086467,13280,bd9d01a0c917,2026-08-31T09:03:27Z,100,99,1,,,,,,,,,,,,,,,,,
campaign_d_star,star_n100_independent-positive_seed4.pcf,pac,0,0,85997,53,52,8619465562732880506,13280,bd9d01a0c917,2026-08-31T09:03:27Z,100,99,1,,,,,,,,,,,,,,,,,
campaign_d_star,star_n100_independent-positive_seed4.pcf,pac,1,0,73938,53,52,8619465562732880506,13280,bd9d01a0c917,2026-08-31T09:03:27Z,100,99,1,,,,,,,,,,,,,,,,,
campaign_d_star,star_n100_independent-positive_seed4.pcf,pac,2,0,65030,53,52,8619465562732880506,13280,bd9d01a0c917,2026-08-31T09:03:27Z,100,99,1,,,,,,,,,,,,,,,,,
campaign_d_star,star_n100_independent-positive_seed5.pcf,pac,0,0,90498,60,59,15544115870906421615,13280,bd9d01a0c917,2026-08-31T09:03:27Z,100,99,1,,,,,,,,,,,,,,,,,
campaign_d_star,star_n100_independent-positive_seed5.pcf,pac,1,0,76617,60,59,15544115870906421615,13280,bd9d01a0c917,2026-08-31T09:03:27Z,100,99,1,,,,,,,,,,,,,,,,,
campaign_d_star,star_n100_independent-positive_seed5.pcf,pac,2,0,67132,60,59,15544115870906421615,13280,bd9d01a0c917,2026-08-31T09:03:27Z,100,99,1,,,,,,,,,,,,,,,,,
campaign_d_star,star_n100_independent-positive_seed6.pcf,pac,0,0,89441,54,53,4757897412351070292,13280,bd9d01a0c917,2026-08-31T09:03:27Z,100,99,1,,,,,,,,,,,,,,,,,
campaign_d_star,star_n100_independent-positive_seed6.pcf,pac,1,0,81909,54,53,4757897412351070292,13280,bd9d01a0c917,2026-08-31T09:03:27Z,100,99,1,,,,,,,,,,,,,,,,,
campaign_d_star,star_n100_independent-positive_seed6.pcf,pac,2,0,66837,54,53,4757897412351070292,13280,bd9d01a0c917,2026-08-31T09:03:27Z,100,99,1,,,,,,,,,,,,,,,,,
campaign_d_star,star_n100_independent-positive_seed7.pcf,pac,0,0,88851,54,53,4029890738605210215,13280,bd9d01a0c917,2026-08-31T09:03:27Z,100,99,1,,,,,,,,,,,,,,,,,
campaign_d_star,star_n100_independent-positive_seed7.pcf,pac,1,0,76383,54,53,4029890738605210215,13280,bd9d01a0c917,2026-08-31T09:03:27Z,100,99,1,,,,,,,,,,,,,,,,,
campaign_d_star,star_n100_independent-positive_seed7.pcf,pac,2,0,67461,54,53,4029890738605210215,13280,bd9d01a0c917,2026-08-31T09:03:27Z,100,99,1,,,,,,,,,,,,,,,,,
campaign_d_star,star_n100_independent-positive_seed8.pcf,pac,0,0,84136,46,45,16280112909786079006,13280,bd9d01a0c917,2026-08-31T09:03:27Z,100,99,1,,,,,,,,,,,,,,,,,
campaign_d_star,star_n100_independent-positive_seed8.pcf,pac,1,0,73858,46,45,16280112909786079006,13280,bd9d01a0c917,2026-08-31T09:03:27Z,100,99,1,,,,,,,,,,,,,,,,,
campaign_d_star,star_n100_independent-positive_seed8.pcf,pac,2,0,65107,46,45,16280112909786079006,13280,bd9d01a0c917,2026-08-31T09:03:27Z,100,99,1,,,,,,,,,,,,,,,,,
campaign_d_star,star_n100_independent-positive_seed9.pcf,pac,0,0,87522,50,49,11109931627751805689,13280,bd9d01a0c917,2026-08-31T09:03:27Z,100,99,1,,,,,,,,,,,,,,,,,
campaign_d_star,star_n100_independent-positive_seed9.pcf,pac,1,0,73949,50,49,11109931627751805689,13280,bd9d01a0c917,2026-08-31T09:03:27Z,100,99,1,,,,,,,,,,,,,,,,,
campaign_d_star,star_n100_independent-positive_seed9.pcf,pac,2,0,64217,50,49,11109931627751805689,13280,bd9d01a0c917,2026-08-31T09:03:27Z,100,99,1,,,,,,,,,,,,,,,,,
campaign_d_star,star_n100_independent-signed_seed0.pcf,pac,0,0,86129,49,48,11679105974462364474,13280,bd9d01a0c917,2026-08-31T09:03:27Z,100,99,1,,,,,,,,,,,,,,,,,
campaign_d_star,star_n100_independent-signed_seed0.pcf,pac,1,0,75325,49,48,11679105974462364474,13280,bd9d01a0c917,2026-08-31T09:03:27Z,100,99,1,,,,,,,,,,,,,,,,,
campaign_d_star,star_n100_independent-signed_seed0.pcf,pac,2,0,67107,49,48,11679105974462364474,13280,bd9d01a0c917,2026-08-31T09:03:27Z,100,99,1,,,,,,,,,,,,,,,,,
campaign_d_star,star_n100_independent-signed_seed1.pcf,pac,0,0,83886,49,48,17285426215495598282,13280,bd9d01a0c917,2026-08-31T09:03:27Z,100,99,1,,,,,,,,,,,,,,,,,
campaign_d_star,star_n100_independent-signed_seed1.pcf,pac,1,0,75105,49,48,17285426215495598282,13280,bd9d01a0c917,2026-08-31T09:03:27Z,100,99,1,,,,,,,,,,,,,,,,,
campaign_d_star,star_n100_independent-signed_seed1.pcf,pac,2,0,67145,49,48,17285426215495598282,13280,bd9d01a0c917,2026-08-31T09:03:27Z,100,99,1,,,,,,,,,,,,,,,,,
campaign_d_star,star_n100_independent-signed_seed2.pcf,pac,0,0,84996,51,50,9986101477905773327,13280,bd9d01a0c917,2026-08-31T09:03:27Z,100,99,1,,,,,,,,,,,,,,,,,
campaign_d_star,star_n100_independent-signed_seed2.pcf,pac,1,0,73809,51,50,9986101477905773327,13280,bd9d01a0c917,2026-08-31T09:03:27Z,100,99,1,,,,,,,,,,,,,,,,,
campaign_d_star,star_n100_independent-signed_seed2.pcf,pac,2,0,66502,51,50,9986101477905773327,13280,bd9d01a0c917,2026-08-31T09:03:27Z,100,99,1,,,,,,,,,,,,,,,,,
campaign_d_star,star_n100_independent-signed_seed3.pcf,pac,0,0,84533,49,48,14790346382168479060,13280,bd9d01a0c917,2026-08-31T09:03:27Z,100,99,1,,,,,,,,,,,,,,,,,
campaign_d_star,star_n100_independent-signed_seed3.pcf,pac,1,0,72966,49,48,14790346382168479060,13280,bd9d01a0c917,2026-08-31T09:03:27Z,100,99,1,,,,,,,,,,,,,,,,,
campaign_d_star,star_n100_independent-signed_seed3.pcf,pac,2,0,65299,49,48,14790346382168479060,13280,bd9d01a0c917,2026-08-31T09:03:27Z,100,99,1,,,,,,,,,,,,,,,,,
campaign_d_star,star_n100_independent-signed_seed4.pcf,pac,0,0,86214,48,47,8758919303300845073,13280,bd9d01a0c917,2026-08-31T09:03:27Z,100,99,1,,,,,,,,,,,,,,,,,
campaign_d_star,star_n100_independent-signed_seed4.pcf,pac,1,0,73336,48,47,8758919303300845073,13280,bd9d01a0c917,2026-08-31T09:03:27Z,100,99,1,,,,,,,,,,,,,,,,,
campaign_d_star,star_n100_independent-signed_seed4.pcf,pac,2,0,64816,48,47,8758919303300845073,13280,bd9d01a0c917,2026-08-31T09:03:27Z,100,99,1,,,,,,,,,,,,,,,,,
campaign_d_star,star_n100_independent-signed_seed5.pcf,pac,0,0,87381,60,59,10718470112862178880,13280,bd9d01a0c917,2026-08-31T09:03:27Z,100,99,1,,,,,,,,,,,,,,,,,
campaign_d_star,star_n100_independent-signed_seed5.pcf,pac,1,0,82616,60,59,10718470112862178880,13280,bd9d01a0c917,2026-08-31T09:03:27Z,100,99,1,,,,,,,,,,,,,,,,,
campaign_d_star,star_n100_independent-signed_seed5.pcf,pac,2,0,67653,60,59,10718470112862178880,13280,bd9d01a0c917,2026-08-31T09:03:27Z,100,99,1,,,,,,,,,,,,,,,,,
campaign_d_star,star_n100_independent-signed_seed6.pcf,pac,0,0,88684,56,55,17898197173381688793,13440,bd9d01a0c917,2026-08-31T09:03:27Z,100,99,1,,,,,,,,,,,,,,,,,
campaign_d_star,star_n100_independent-signed_seed6.pcf,pac,1,0,77526,56,55,17898197173381688793,13440,bd9d01a0c917,2026-08-31T09:03:27Z,100,99,1,,,,,,,,,,,,,,,,,
campaign_d_star,star_n100_independent-signed_seed6.pcf,pac,2,0,67944,56,55,17898197173381688793,13440,bd9d01a0c917,2026-08-31T09:03:27Z,100,99,1,,,,,,,,,,,,,,,,,
campaign_d_star,star_n100_independent-signed_seed7.pcf,pac,0,0,87441,54,53,15558326751461292596,13440,bd9d01a0c917,2026-08-31T09:03:27Z,100,99,1,,,,,,,,,,,,,,,,,
campaign_d_star,star_n100_independent-signed_seed7.pcf,pac,1,0,80217,54,53,15558326751461292596,13440,bd9d01a0c917,2026-08-31T09:03:27Z,100,99,1,,,,,,,,,,,,,,,,,
campaign_d_star,star_n100_independent-signed_seed7.pcf,pac,2,0,70305,54,53,15558326751461292596,13440,bd9d01a0c917,2026-08-31T09:03:27Z,100,99,1,,,,,,,,,,,,,,,,,
campaign_d_star,star_n100_independent-signed_seed8.pcf,pac,0,0,85021,47,46,9477712772407427272,13440,bd9d01a0c917,2026-08-31T09:03:27Z,100,99,1,,,,,,,,,,,,,,,,,
campaign_d_star,star_n100_independent-signed_seed8.pcf,pac,1,0,74207,47,46,9477712772407427272,13440,bd9d01a0c917,2026-08-31T09:03:27Z,100,99,1,,,,,,,,,,,,,,,,,
campaign_d_star,star_n100_independent-signed_seed8.pcf,pac,2,0,65458,47,46,9477712772407427272,13440,bd9d01a0c917,2026-08-31T09:03:27Z,100,99,1,,,,,,,,,,,,,,,,,
campaign_d_star,star_n100_independent-signed_seed9.pcf,pac,0,0,82734,45,44,11544481504529678326,13440,bd9d01a0c917,2026-08-31T09:03:27Z,100,99,1,,,,,,,,,,,,,,,,,
campaign_d_star,star_n100_independent-signed_seed9.pcf,pac,1,0,71051,45,44,11544481504529678326,13440,bd9d01a0c917,2026-08-31T09:03:27Z,100,99,1,,,,,,,,,,,,,,,,,
campaign_d_star,star_n100_independent-signed_seed9.pcf,pac,2,0,63421,45,44,11544481504529678326,13440,bd9d01a0c917,2026-08-31T09:03:27Z,100,99,1,,,,,,,,,,,,,,,,,
campaign_d_star,star_n100_near-ties_seed0.pcf,pac,0,0,79632,41,40,6725514832244054641,13440,bd9d01a0c917,2026-08-31T09:03:27Z,100,99,1,,,,,,,,,,,,,,,,,
campaign_d_star,star_n100_near-ties_seed0.pcf,pac,1,0,67655,41,40,6725514832244054641,13440,bd9d01a0c917,2026-08-31T09:03:27Z,100,99,1,,,,,,,,,,,,,,,,,
campaign_d_star,star_n100_near-ties_seed0.pcf,pac,2,0,62792,41,40,6725514832244054641,13440,bd9d01a0c917,2026-08-31T09:03:27Z,100,99,1,,,,,,,,,,,,,,,,,
campaign_d_star,star_n100_near-ties_seed1.pcf,pac,0,0,80925,45,44,4993320088059270174,13440,bd9d01a0c917,2026-08-31T09:03:27Z,100,99,1,,,,,,,,,,,,,,,,,
campaign_d_star,star_n100_near-ties_seed1.pcf,pac,1,0,68138,45,44,4993320088059270174,13440,bd9d01a0c917,2026-08-31T09:03:27Z,100,99,1,,,,,,,,,,,,,,,,,
campaign_d_star,star_n100_near-ties_seed1.pcf,pac,2,0,62555,45,44,4993320088059270174,13440,bd9d01a0c917,2026-08-31T09:03:27Z,100,99,1,,,,,,,,,,,,,,,,,
campaign_d_star,star_n100_near-ties_seed2.pcf,pac,0,0,80738,43,42,3997440971098070207,13440,bd9d01a0c917,2026-08-31T09:03:27Z,100,99,1,,,,,,,,,,,,,,,,,
campaign_d_star,star_n100_near-ties_seed2.pcf,pac,1,0,68508,43,42,3997440971098070207,13440,bd9d01a0c917,2026-08-31T09:03:27Z,100,99,1,,,,,,,,,,,,,,,,,
campaign_d_star,star_n100_near-ties_seed2.pcf,pac,2,0,59544,43,42,3997440971098070207,13440,bd9d01a0c917,2026-08-31T09:03:27Z,100,99,1,,,,,,,,,,,,,,,,,
campaign_d_star,star_n100_near-ties_seed3.pcf,pac,0,0,81237,45,44,2278225166129808602,13440,bd9d01a0c917,2026-08-31T09:03:27Z,100,99,1,,,,,,,,,,,,,,,,,
campaign_d_star,star_n100_near-ties_seed3.pcf,pac,1,0,72190,45,44,2278225166129808602,13440,bd9d01a0c917,2026-08-31T09:03:27Z,100,99,1,,,,,,,,,,,,,,,,,
campaign_d_star,star_n100_near-ties_seed3.pcf,pac,2,0,63041,45,44,2278225166129808602,13440,bd9d01a0c917,2026-08-31T09:03:27Z,100,99,1,,,,,,,,,,,,,,,,,
campaign_d_star,star_n100_near-ties_seed4.pcf,pac,0,0,83487,39,38,835268077803022732,13440,bd9d01a0c917,2026-08-31T09:03:27Z,100,99,1,,,,,,,,,,,,,,,,,
campaign_d_star,star_n100_near-ties_seed4.pcf,pac,1,0,72587,39,38,835268077803022732,13440,bd9d01a0c917,2026-08-31T09:03:27Z,100,99,1,,,,,,,,,,,,,,,,,
campaign_d_star,star_n100_near-ties_seed4.pcf,pac,2,0,63915,39,38,835268077803022732,13440,bd9d01a0c917,2026-08-31T09:03:27Z,100,99,1,,,,,,,,,,,,,,,,,
campaign_d_star,star_n100_near-ties_seed5.pcf,pac,0,0,79337,43,42,1413487555412042322,13440,bd9d01a0c917,2026-08-31T09:03:27Z,100,99,1,,,,,,,,,,,,,,,,,
campaign_d_star,star_n100_near-ties_seed5.pcf,pac,1,0,70764,43,42,1413487555412042322,13440,bd9d01a0c917,2026-08-31T09:03:27Z,100,99,1,,,,,,,,,,,,,,,,,
campaign_d_star,star_n100_near-ties_seed5.pcf,pac,2,0,61553,43,42,1413487555412042322,13440,bd9d01a0c917,2026-08-31T09:03:27Z,100,99,1,,,,,,,,,,,,,,,,,
campaign_d_star,star_n100_near-ties_seed6.pcf,pac,0,0,84602,41,40,7855959555677879938,13440,bd9d01a0c917,2026-08-31T09:03:27Z,100,99,1,,,,,,,,,,,,,,,,,
campaign_d_star,star_n100_near-ties_seed6.pcf,pac,1,0,73244,41,40,7855959555677879938,13440,bd9d01a0c917,2026-08-31T09:03:27Z,100,99,1,,,,,,,,,,,,,,,,,
campaign_d_star,star_n100_near-ties_seed6.pcf,pac,2,0,67169,41,40,7855959555677879938,13440,bd9d01a0c917,2026-08-31T09:03:27Z,100,99,1,,,,,,,,,,,,,,,,,
campaign_d_star,star_n100_near-ties_seed7.pcf,pac,0,0,83883,43,42,1970451960255201173,13440,bd9d01a0c917,2026-08-31T09:03:27Z,100,99,1,,,,,,,,,,,,,,,,,
campaign_d_star,star_n100_near-ties_seed7.pcf,pac,1,0,78595,43,42,1970451960255201173,13440,bd9d01a0c917,2026-08-31T09:03:27Z,100,99,1,,,,,,,,,,,,,,,,,
campaign_d_star,star_n100_near-ties_seed7.pcf,pac,2,0,67106,43,42,1970451960255201173,13440,bd9d01a0c917,2026-08-31T09:03:27Z,100,99,1,,,,,,,,,,,,,,,,,
campaign_d_star,star_n100_near-ties_seed8.pcf,pac,0,0,80384,39,38,12091162109372138989,13440,bd9d01a0c917,2026-08-31T09:03:27Z,100,99,1,,,,,,,,,,,,,,,,,
campaign_d_star,star_n100_near-ties_seed8.pcf,pac,1,0,69716,39,38,12091162109372138989,13440,bd9d01a0c917,2026-08-31T09:03:27Z,100,99,1,,,,,,,,,,,,,,,,,
campaign_d_star,star_n100_near-ties_seed8.pcf,pac,2,0,63800,39,38,12091162109372138989,13440,bd9d01a0c917,2026-08-31T09:03:27Z,100,99,1,,,,,,,,,,,,,,,,,
campaign_d_star,star_n100_near-ties_seed9.pcf,pac,0,0,81549,40,39,1378881995754041,13440,bd9d01a0c917,2026-08-31T09:03:27Z,100,99,1,,,,,,,,,,,,,,,,,
campaign_d_star,star_n100_near-ties_seed9.pcf,pac,1,0,70780,40,39,1378881995754041,13440,bd9d01a0c917,2026-08-31T09:03:27Z,100,99,1,,,,,,,,,,,,,,,,,
campaign_d_star,star_n100_near-ties_seed9.pcf,pac,2,0,65160,40,39,1378881995754041,13440,bd9d01a0c917,2026-08-31T09:03:27Z,100,99,1,,,,,,,,,,,,,,,,,
campaign_d_star,star_n2000_anti-correlated_seed0.pcf,pac,0,0,17703094,992,991,8455648729247659929,13440,bd9d01a0c917,2026-08-31T09:03:27Z,2000,1999,1,,,,,,,,,,,,,,,,,
campaign_d_star,star_n2000_anti-correlated_seed0.pcf,pac,1,0,17835144,992,991,8455648729247659929,13440,bd9d01a0c917,2026-08-31T09:03:27Z,2000,1999,1,,,,,,,,,,,,,,,,,
campaign_d_star,star_n2000_anti-correlated_seed0.pcf,pac,2,0,18217668,992,991,8455648729247659929,13440,bd9d01a0c917,2026-08-31T09:03:27Z,2000,1999,1,,,,,,,,,,,,,,,,,
campaign_d_star,star_n2000_anti-correlated_seed1.pcf,pac,0,0,17871083,1011,1010,10454110449720628305,13440,bd9d01a0c917,2026-08-31T09:03:27Z,2000,1999,1,,,,,,,,,,,,,,,,,
campaign_d_star,star_n2000_anti-correlated_seed1.pcf,pac,1,0,17299040,1011,1010,10454110449720628305,13440,bd9d01a0c917,2026-08-31T09:03:27Z,2000,1999,1,,,,,,,,,,,,,,,,,
campaign_d_star,star_n2000_anti-correlated_seed1.pcf,pac,2,0,17272692,1011,1010,10454110449720628305,13440,bd9d01a0c917,2026-08-31T09:03:27Z,2000,1999,1,,,,,,,,,,,,,,,,,
campaign_d_star,star_n2000_anti-correlated_seed2.pcf,pac,0,0,17593522,999,998,10131694127168616139,13440,bd9d01a0c917,2026-08-31T09:03:27Z,2000,1999,1,,,,,,,,,,,,,,,,,
campaign_d_star,star_n2000_anti-correlated_seed2.pcf,pac,1,0,17240489,999,998,10131694127168616139,13440,bd9d01a0c917,2026-08-31T09:03:27Z,2000,1999,1,,,,,,,,,,,,,,,,,
campaign_d_star,star_n2000_anti-correlated_seed2.pcf,pac,2,0,17307438,999,998,10131694127168616139,13440,bd9d01a0c917,2026-08-31T09:03:27Z,2000,1999,1,,,,,,,,,,,,,,,,,
campaign_d_star,star_n2000_anti-correlated_seed3.pcf,pac,0,0,17524895,1025,1024,5807141940699350248,13440,bd9d01a0c917,2026-08-31T09:03:27Z,2000,1999,1,,,,,,,,,,,,,,,,,
campaign_d_star,star_n2000_anti-correlated_seed3.pcf,pac,1,0,17384568,1025,1024,5807141940699350248,13440,bd9d01a0c917,2026-08-31T09:03:27Z,2000,1999,1,,,,,,,,,,,,,,,,,
campaign_d_star,star_n2000_anti-correlated_seed3.pcf,pac,2,0,17400318,1025,1024,5807141940699350248,13440,bd9d01a0c917,2026-08-31T09:03:27Z,2000,1999,1,,,,,,,,,,,,,,,,,
campaign_d_star,star_n2000_anti-correlated_seed4.pcf,pac,0,0,17497887,972,971,11554831783673665734,13600,bd9d01a0c917,2026-08-31T09:03:28Z,2000,1999,1,,,,,,,,,,,,,,,,,
campaign_d_star,star_n2000_anti-correlated_seed4.pcf,pac,1,0,17414140,972,971,11554831783673665734,13600,bd9d01a0c917,2026-08-31T09:03:28Z,2000,1999,1,,,,,,,,,,,,,,,,,
campaign_d_star,star_n2000_anti-correlated_seed4.pcf,pac,2,0,17381320,972,971,11554831783673665734,13600,bd9d01a0c917,2026-08-31T09:03:28Z,2000,1999,1,,,,,,,,,,,,,,,,,
campaign_d_star,star_n2000_anti-correlated_seed5.pcf,pac,0,0,17206230,1009,1008,15742714111392669126,13600,bd9d01a0c917,2026-08-31T09:03:28Z,2000,1999,1,,,,,,,,,,,,,,,,,
campaign_d_star,star_n2000_anti-correlated_seed5.pcf,pac,1,0,17038817,1009,1008,15742714111392669126,13600,bd9d01a0c917,2026-08-31T09:03:28Z,2000,1999,1,,,,,,,,,,,,,,,,,
campaign_d_star,star_n2000_anti-correlated_seed5.pcf,pac,2,0,17107203,1009,1008,15742714111392669126,13600,bd9d01a0c917,2026-08-31T09:03:28Z,2000,1999,1,,,,,,,,,,,,,,,,,
campaign_d_star,star_n2000_anti-correlated_seed6.pcf,pac,0,0,17220419,974,973,12242731606151500848,13600,bd9d01a0c917,2026-08-31T09:03:28Z,2000,1999,1,,,,,,,,,,,,,,,,,
campaign_d_star,star_n2000_anti-correlated_seed6.pcf,pac,1,0,17106256,974,973,12242731606151500848,13600,bd9d01a0c917,2026-08-31T09:03:28Z,2000,1999,1,,,,,,,,,,,,,,,,,
campaign_d_star,star_n2000_anti-correlated_seed6.pcf,pac,2,0,17061991,974,973,12242731606151500848,13600,bd9d01a0c917,2026-08-31T09:03:28Z,2000,1999,1,,,,,,,,,,,,,,,,,
campaign_d_star,star_n2000_anti-correlated_seed7.pcf,pac,0,0,17623349,949,948,4302788227280310795,13600,bd9d01a0c917,2026-08-31T09:03:28Z,2000,1999,1,,,,,,,,,,,,,,,,,
campaign_d_star,star_n2000_anti-correlated_seed7.pcf,pac,1,0,17525473,949,948,4302788227280310795,13600,bd9d01a0c917,2026-08-31T09:03:28Z,2000,1999,1,,,,,,,,,,,,,,,,,
campaign_d_star,star_n2000_anti-correlated_seed7.pcf,pac,2,0,17529785,949,948,4302788227280310795,13600,bd9d01a0c917,2026-08-31T09:03:28Z,2000,1999,1,,,,,,,,,,,,,,,,,
campaign_d_star,star_n2000_anti-correlated_seed8.pcf,pac,0,0,17382164,1047,1046,12376412627289901886,13600,bd9d01a0c917,2026-08-31T09:03:28Z,2000,1999,1,,,,,,,,,,,,,,,,,
campaign_d_star,star_n2000_anti-correlated_seed8.pcf,pac,1,0,17207665,1047,1046,12376412627289901886,13600,bd9d01a0c917,2026-08-31T09:03:28Z,2000,1999,1,,,,,,,,,,,,,,,,,
campaign_d_star,star_n2000_anti-correlated_seed8.pcf,pac,2,0,17455505,1047,1046,12376412627289901886,13600,bd9d01a0c917,2026-08-31T09:03:28Z,2000,1999,1,,,,,,,,,,,,,,,,,
campaign_d_star,star_n2000_anti-correlated_seed9.pcf,pac,0,0,17799277,976,975,3741572096689707581,13600,bd9d01a0c917,2026-08-31T09:03:28Z,2000,1999,1,,,,,,,,,,,,,,,,,
campaign_d_star,star_n2000_anti-correlated_seed9.pcf,pac,1,0,17528765,976,975,3741572096689707581,13600,bd9d01a0c917,2026-08-31T09:03:28Z,2000,1999,1,,,,,,,,,,,,,,,,,
campaign_d_star,star_n2000_anti-correlated_seed9.pcf,pac,2,0,17536753,976,975,3741572096689707581,13600,bd9d01a0c917,2026-08-31T09:03:28Z,2000,1999,1,,,,,,,,,,,,,,,,,
campaign_d_star,star_n2000_correlated_seed0.pcf,pac,0,0,17356729,957,956,5018648542710820924,13600,bd9d01a0c917,2026-08-31T09:03:28Z,2000,1999,1,,,,,,,,,,,,,,,,,
campaign_d_star,star_n2000_correlated_seed0.pcf,pac,1,0,17297273,957,956,5018648542710820924,13600,bd9d01a0c917,2026-08-31T09:03:28Z,2000,1999,1,,,,,,,,,,,,,,,,,
campaign_d_star,star_n2000_correlated_seed0.pcf,pac,2,0,17303647,957,956,5018648542710820924,13600,bd9d01a0c917,2026-08-31T09:03:28Z,2000,1999,1,,,,,,,,,,,,,,,,,
campaign_d_star,star_n2000_correlated_seed1.pcf,pac,0,0,17341607,973,972,1615439339552588527,13600,bd9d01a0c917,2026-08-31T09:03:28Z,2000,1999,1,,,,,,,,,,,,,,,,,
campaign_d_star,star_n2000_correlated_seed1.pcf,pac,1,0,17128855,973,972,1615439339552588527,13600,bd9d01a0c917,2026-08-31T09:03:28Z,2000,1999,1,,,,,,,,,,,,,,,,,
campaign_d_star,star_n2000_correlated_seed1.pcf,pac,2,0,17127022,973,972,1615439339552588527,13600,bd9d01a0c917,2026-08-31T09:03:28Z,2000,1999,1,,,,,,,,,,,,,,,,,
campaign_d_star,star_n2000_correlated_seed2.pcf,pac,0,0,17441079,974,973,15231526559422547930,13600,bd9d01a0c917,2026-08-31T09:03:28Z,2000,1999,1,,,,,,,,,,,,,,,,,
campaign_d_star,star_n2000_correlated_seed2.pcf,pac,1,0,17705922,974,973,15231526559422547930,13600,bd9d01a0c917,2026-08-31T09:03:28Z,2000,1999,1,,,,,,,,,,,,,,,,,
campaign_d_star,star_n2000_correlated_seed2.pcf,pac,2,0,17759972,974,973,15231526559422547930,13600,bd9d01a0c917,2026-08-31T09:03:28Z,2000,1999,1,,,,,,,,,,,,,,,,,
campaign_d_star,star_n2000_correlated_seed3.pcf,pac,0,0,17289195,986,985,2444669959476595923,13600,bd9d01a0c917,2026-08-31T09:03:28Z,2000,1999,1,,,,,,,,,,,,,,,,,
campaign_d_star,star_n2000_correlated_seed3.pcf,pac,1,0,17106483,986,985,2444669959476595923,13600,bd9d01a0c917,2026-08-31T09:03:28Z,2000,1999,1,,,,,,,,,,,,,,,,,
campaign_d_star,star_n2000_correlated_seed3.pcf,pac,2,0,17200793,986,985,2444669959476595923,13600,bd9d01a0c917,2026-08-31T09:03:28Z,2000,1999,1,,,,,,,,,,,,,,,,,
campaign_d_star,star_n2000_correlated_seed4.pcf,pac,0,0,17402594,983,982,6713294801827997134,13600,bd9d01a0c917,2026-08-31T09:03:28Z,2000,1999,1,,,,,,,,,,,,,,,,,
campaign_d_star,star_n2000_correlated_seed4.pcf,pac,1,0,17248276,983,982,6713294801827997134,13600,bd9d01a0c917,2026-08-31T09:03:28Z,2000,1999,1,,,,,,,,,,,,,,,,,
campaign_d_star,star_n2000_correlated_seed4.pcf,pac,2,0,17269361,983,982,6713294801827997134,13600,bd9d01a0c917,2026-08-31T09:03:28Z,2000,1999,1,,,,,,,,,,,,,,,,,
campaign_d_star,star_n2000_correlated_seed5.pcf,pac,0,0,17381935,937,936,10016982525628361884,13600,bd9d01a0c917,2026-08-31T09:03:28Z,2000,1999,1,,,,,,,,,,,,,,,,,
campaign_d_star,star_n2000_correlated_seed5.pcf,pac,1,0,17353745,937,936,10016982525628361884,13600,bd9d01a0c917,2026-08-31T09:03:28Z,2000,1999,1,,,,,,,,,,,,,,,,,
campaign_d_star,star_n2000_correlated_seed5.pcf,pac,2,0,17294261,937,936,10016982525628361884,13600,bd9d01a0c917,2026-08-31T09:03:28Z,2000,1999,1,,,,,,,,,,,,,,,,,
campaign_d_star,star_n2000_correlated_seed6.pcf,pac,0,0,17326038,955,954,15502836910320795179,13600,bd9d01a0c917,2026-08-31T09:03:28Z,2000,1999,1,,,,,,,,,,,,,,,,,
campaign_d_star,star_n2000_correlated_seed6.pcf,pac,1,0,17166085,955,954,15502836910320795179,13600,bd9d01a0c917,2026-08-31T09:03:28Z,2000,1999,1,,,,,,,,,,,,,,,,,
campaign_d_star,star_n2000_correlated_seed6.pcf,pac,2,0,17131871,955,954,15502836910320795179,13600,bd9d01a0c917,2026-08-31T09:03:28Z,2000,1999,1,,,,,,,,,,,,,,,,,
campaign_d_star,star_n2000_correlated_seed7.pcf,pac,0,0,17170501,964,963,506633763034433042,13600,bd9d01a0c917,2026-08-31T09:03:28Z,2000,1999,1,,,,,,,,,,,,,,,,,
campaign_d_star,star_n2000_correlated_seed7.pcf,pac,1,0,17043555,964,963,506633763034433042,13600,bd9d01a0c917,2026-08-31T09:03:28Z,2000,1999,1,,,,,,,,,,,,,,,,,
campaign_d_star,star_n2000_correlated_seed7.pcf,pac,2,0,17074299,964,963,506633763034433042,13600,bd9d01a0c917,2026-08-31T09:03:28Z,2000,1999,1,,,,,,,,,,,,,,,,,
campaign_d_star,star_n2000_correlated_seed8.pcf,pac,0,0,17531655,969,968,17331503381131438134,13600,bd9d01a0c917,2026-08-31T09:03:28Z,2000,1999,1,,,,,,,,,,,,,,,,,
campaign_d_star,star_n2000_correlated_seed8.pcf,pac,1,0,17475675,969,968,17331503381131438134,13600,bd9d01a0c917,2026-08-31T09:03:28Z,2000,1999,1,,,,,,,,,,,,,,,,,
campaign_d_star,star_n2000_correlated_seed8.pcf,pac,2,0,17475399,969,968,17331503381131438134,13600,bd9d01a0c917,2026-08-31T09:03:28Z,2000,1999,1,,,,,,,,,,,,,,,,,
campaign_d_star,star_n2000_correlated_seed9.pcf,pac,0,0,17631485,954,953,15792608848452920732,13600,bd9d01a0c917,2026-08-31T09:03:28Z,2000,1999,1,,,,,,,,,,,,,,,,,
campaign_d_star,star_n2000_correlated_seed9.pcf,pac,1,0,17213863,954,953,15792608848452920732,13600,bd9d01a0c917,2026-08-31T09:03:28Z,2000,1999,1,,,,,,,,,,,,,,,,,
campaign_d_star,star_n2000_correlated_seed9.pcf,pac,2,0,17195074,954,953,15792608848452920732,13600,bd9d01a0c917,2026-08-31T09:03:28Z,2000,1999,1,,,,,,,,,,,,,,,,,
campaign_d_star,star_n2000_exact-ties_seed0.pcf,pac,0,0,13264336,72,71,17558847630245465169,13600,bd9d01a0c917,2026-08-31T09:03:28Z,2000,1999,1,,,,,,,,,,,,,,,,,
campaign_d_star,star_n2000_exact-ties_seed0.pcf,pac,1,0,13050367,72,71,17558847630245465169,13600,bd9d01a0c917,2026-08-31T09:03:28Z,2000,1999,1,,,,,,,,,,,,,,,,,
campaign_d_star,star_n2000_exact-ties_seed0.pcf,pac,2,0,13074076,72,71,17558847630245465169,13600,bd9d01a0c917,2026-08-31T09:03:28Z,2000,1999,1,,,,,,,,,,,,,,,,,
campaign_d_star,star_n2000_exact-ties_seed1.pcf,pac,0,0,14360448,79,78,8408839214642994796,13600,bd9d01a0c917,2026-08-31T09:03:28Z,2000,1999,1,,,,,,,,,,,,,,,,,
campaign_d_star,star_n2000_exact-ties_seed1.pcf,pac,1,0,14346838,79,78,8408839214642994796,13600,bd9d01a0c917,2026-08-31T09:03:28Z,2000,1999,1,,,,,,,,,,,,,,,,,
campaign_d_star,star_n2000_exact-ties_seed1.pcf,pac,2,0,14307400,79,78,8408839214642994796,13600,bd9d01a0c917,2026-08-31T09:03:28Z,2000,1999,1,,,,,,,,,,,,,,,,,
campaign_d_star,star_n2000_exact-ties_seed2.pcf,pac,0,0,14487203,82,81,3664427909695701511,13600,bd9d01a0c917,2026-08-31T09:03:28Z,2000,1999,1,,,,,,,,,,,,,,,,,
campaign_d_star,star_n2000_exact-ties_seed2.pcf,pac,1,0,14451914,82,81,3664427909695701511,13600,bd9d01a0c917,2026-08-31T09:03:28Z,2000,1999,1,,,,,,,,,,,,,,,,,
campaign_d_star,star_n2000_exact-ties_seed2.pcf,pac,2,0,14377497,82,81,3664427909695701511,13600,bd9d01a0c917,2026-08-31T09:03:29Z,2000,1999,1,,,,,,,,,,,,,,,,,
campaign_d_star,star_n2000_exact-ties_seed3.pcf,pac,0,0,12898756,78,77,13997963416116003662,13600,bd9d01a0c917,2026-08-31T09:03:29Z,2000,1999,1,,,,,,,,,,,,,,,,,
campaign_d_star,star_n2000_exact-ties_seed3.pcf,pac,1,0,12754482,78,77,13997963416116003662,13600,bd9d01a0c917,2026-08-31T09:03:29Z,2000,1999,1,,,,,,,,,,,,,,,,,
campaign_d_star,star_n2000_exact-ties_seed3.pcf,pac,2,0,12746999,78,77,13997963416116003662,13600,bd9d01a0c917,2026-08-31T09:03:29Z,2000,1999,1,,,,,,,,,,,,,,,,,
campaign_d_star,star_n2000_exact-ties_seed4.pcf,pac,0,0,13919174,76,75,13689240033084267590,13760,bd9d01a0c917,2026-08-31T09:03:29Z,2000,1999,1,,,,,,,,,,,,,,,,,
campaign_d_star,star_n2000_exact-ties_seed4.pcf,pac,1,0,13750331,76,75,13689240033084267590,13760,bd9d01a0c917,2026-08-31T09:03:29Z,2000,1999,1,,,,,,,,,,,,,,,,,
campaign_d_star,star_n2000_exact-ties_seed4.pcf,pac,2,0,13735278,76,75,13689240033084267590,13760,bd9d01a0c917,2026-08-31T09:03:29Z,2000,1999,1,,,,,,,,,,,,,,,,,
campaign_d_star,star_n2000_exact-ties_seed5.pcf,pac,0,0,13446482,70,69,2711744899152924170,13760,bd9d01a0c917,2026-08-31T09:03:29Z,2000,1999,1,,,,,,,,,,,,,,,,,
campaign_d_star,star_n2000_exact-ties_seed5.pcf,pac,1,0,12930755,70,69,2711744899152924170,13760,bd9d01a0c917,2026-08-31T09:03:29Z,2000,1999,1,,,,,,,,,,,,,,,,,
campaign_d_star,star_n2000_exact-ties_seed5.pcf,pac,2,0,12805409,70,69,2711744899152924170,13760,bd9d01a0c917,2026-08-31T09:03:29Z,2000,1999,1,,,,,,,,,,,,,,,,,
campaign_d_star,star_n2000_exact-ties_seed6.pcf,pac,0,0,13544211,77,76,13886848935013556483,13760,bd9d01a0c917,2026-08-31T09:03:29Z,2000,1999,1,,,,,,,,,,,,,,,,,
campaign_d_star,star_n2000_exact-ties_seed6.pcf,pac,1,0,13447825,77,76,13886848935013556483,13760,bd9d01a0c917,2026-08-31T09:03:29Z,2000,1999,1,,,,,,,,,,,,,,,,,
campaign_d_star,star_n2000_exact-ties_seed6.pcf,pac,2,0,13359977,77,76,13886848935013556483,13760,bd9d01a0c917,2026-08-31T09:03:29Z,2000,1999,1,,,,,,,,,,,,,,,,,
campaign_d_star,star_n2000_exact-ties_seed7.pcf,pac,0,0,13853455,72,71,14379942816903210300,13760,bd9d01a0c917,2026-08-31T09:03:29Z,2000,1999,1,,,,,,,,,,,,,,,,,
campaign_d_star,star_n2000_exact-ties_seed7.pcf,pac,1,0,13749306,72,71,14379942816903210300,13760,bd9d01a0c917,2026-08-31T09:03:29Z,2000,1999,1,,,,,,,,,,,,,,,,,
campaign_d_star,star_n2000_exact-ties_seed7.pcf,pac,2,0,13685695,72,71,14379942816903210300,13760,bd9d01a0c917,2026-08-31T09:03:29Z,2000,1999,1,,,,,,,,,,,,,,,,,
campaign_d_star,star_n2000_exact-ties_seed8.pcf,pac,0,0,12681726,77,76,10749292412349570735,13760,bd9d01a0c917,2026-08-31T09:03:29Z,2000,1999,1,,,,,,,,,,,,,,,,,
campaign_d_star,star_n2000_exact-ties_seed8.pcf,pac,1,0,12597358,77,76,10749292412349570735,13760,bd9d01a0c917,2026-08-31T09:03:29Z,2000,1999,1,,,,,,,,,,,,,,,,,
campaign_d_star,star_n2000_exact-ties_seed8.pcf,pac,2,0,12764289,77,76,10749292412349570735,13760,bd9d01a0c917,2026-08-31T09:03:29Z,2000,1999,1,,,,,,,,,,,,,,,,,
campaign_d_star,star_n2000_exact-ties_seed9.pcf,pac,0,0,14040238,73,72,13125201839755513706,13760,bd9d01a0c917,2026-08-31T09:03:29Z,2000,1999,1,,,,,,,,,,,,,,,,,
campaign_d_star,star_n2000_exact-ties_seed9.pcf,pac,1,0,13895243,73,72,13125201839755513706,13760,bd9d01a0c917,2026-08-31T09:03:29Z,2000,1999,1,,,,,,,,,,,,,,,,,
campaign_d_star,star_n2000_exact-ties_seed9.pcf,pac,2,0,13919272,73,72,13125201839755513706,13760,bd9d01a0c917,2026-08-31T09:03:29Z,2000,1999,1,,,,,,,,,,,,,,,,,
campaign_d_star,star_n2000_independent-positive_seed0.pcf,pac,0,0,17326750,983,982,14210127766801480953,13760,bd9d01a0c917,2026-08-31T09:03:29Z,2000,1999,1,,,,,,,,,,,,,,,,,
campaign_d_star,star_n2000_independent-positive_seed0.pcf,pac,1,0,17199270,983,982,14210127766801480953,13760,bd9d01a0c917,2026-08-31T09:03:29Z,2000,1999,1,,,,,,,,,,,,,,,,,
campaign_d_star,star_n2000_independent-positive_seed0.pcf,pac,2,0,17200308,983,982,14210127766801480953,13760,bd9d01a0c917,2026-08-31T09:03:29Z,2000,1999,1,,,,,,,,,,,,,,,,,
campaign_d_star,star_n2000_independent-positive_seed1.pcf,pac,0,0,17487203,1042,1041,6338179204961283259,13760,bd9d01a0c917,2026-08-31T09:03:29Z,2000,1999,1,,,,,,,,,,,,,,,,,
campaign_d_star,star_n2000_independent-positive_seed1.pcf,pac,1,0,17316118,1042,1041,6338179204961283259,13760,bd9d01a0c917,2026-08-31T09:03:29Z,2000,1999,1,,,,,,,,,,,,,,,,,
campaign_d_star,star_n2000_independent-positive_seed1.pcf,pac,2,0,17252785,1042,1041,6338179204961283259,13760,bd9d01a0c917,2026-08-31T09:03:29Z,2000,1999,1,,,,,,,,,,,,,,,,,
campaign_d_star,star_n2000_independent-positive_seed2.pcf,pac,0,0,17523798,993,992,14004313208618583575,13760,bd9d01a0c917,2026-08-31T09:03:29Z,2000,1999,1,,,,,,,,,,,,,,,,,
campaign_d_star,star_n2000_independent-positive_seed2.pcf,pac,1,0,17411960,993,992,14004313208618583575,13760,bd9d01a0c917,2026-08-31T09:03:29Z,2000,1999,1,,,,,,,,,,,,,,,,,
campaign_d_star,star_n2000_independent-positive_seed2.pcf,pac,2,0,17423308,993,992,14004313208618583575,13760,bd9d01a0c917,2026-08-31T09:03:29Z,2000,1999,1,,,,,,,,,,,,,,,,,
campaign_d_star,star_n2000_independent-positive_seed3.pcf,pac,0,0,17815376,973,972,17303155167744120115,13760,bd9d01a0c917,2026-08-31T09:03:29Z,2000,1999,1,,,,,,,,,,,,,,,,,
campaign_d_star,star_n2000_independent-positive_seed3.pcf,pac,1,0,17687514,973,972,17303155167744120115,13760,bd9d01a0c917,2026-08-31T09:03:29Z,2000,1999,1,,,,,,,,,,,,,,,,,
campaign_d_star,star_n2000_independent-positive_seed3.pcf,pac,2,0,17684030,973,972,17303155167744120115,13760,bd9d01a0c917,2026-08-31T09:03:29Z,2000,1999,1,,,,,,,,,,,,,,,,,
campaign_d_star,star_n2000_independent-positive_seed4.pcf,pac,0,0,17498992,970,969,6636229612841722749,13760,bd9d01a0c917,2026-08-31T09:03:29Z,2000,1999,1,,,,,,,,,,,,,,,,,
campaign_d_star,star_n2000_independent-positive_seed4.pcf,pac,1,0,17404738,970,969,6636229612841722749,13760,bd9d01a0c917,2026-08-31T09:03:29Z,2000,1999,1,,,,,,,,,,,,,,,,,
campaign_d_star,star_n2000_independent-positive_seed4.pcf,pac,2,0,17503106,970,969,6636229612841722749,13760,bd9d01a0c917,2026-08-31T09:03:29Z,2000,1999,1,,,,,,,,,,,,,,,,,
campaign_d_star,star_n2000_independent-positive_seed5.pcf,pac,0,0,17656584,984,983,2026336741950156551,13760,bd9d01a0c917,2026-08-31T09:03:29Z,2000,1999,1,,,,,,,,,,,,,,,,,
campaign_d_star,star_n2000_independent-positive_seed5.pcf,pac,1,0,17591146,984,983,2026336741950156551,13760,bd9d01a0c917,2026-08-31T09:03:29Z,2000,1999,1,,,,,,,,,,,,,,,,,
campaign_d_star,star_n2000_independent-positive_seed5.pcf,pac,2,0,17506169,984,983,2026336741950156551,13760,bd9d01a0c917,2026-08-31T09:03:29Z,2000,1999,1,,,,,,,,,,,,,,,,,
campaign_d_star,star_n2000_independent-positive_seed6.pcf,pac,0,0,17501658,959,958,358750792399597685,13760,bd9d01a0c917,2026-08-31T09:03:29Z,2000,1999,1,,,,,,,,,,,,,,,,,
campaign_d_star,star_n2000_independent-positive_seed6.pcf,pac,1,0,17415080,959,958,358750792399597685,13760,bd9d01a0c917,2026-08-31T09:03:29Z,2000,1999,1,,,,,,,,,,,,,,,,,
campaign_d_star,star_n2000_independent-positive_seed6.pcf,pac,2,0,17433071,959,958,358750792399597685,13760,bd9d01a0c917,2026-08-31T09:03:29Z,2000,1999,1,,,,,,,,,,,,,,,,,
campaign_d_star,star_n2000_independent-positive_seed7.pcf,pac,0,0,17149903,998,997,4418295907754670747,13760,bd9d01a0c917,2026-08-31T09:03:29Z,2000,1999,1,,,,,,,,,,,,,,,,,
campaign_d_star,star_n2000_independent-positive_seed7.pcf,pac,1,0,16971607,998,997,4418295907754670747,13760,bd9d01a0c917,2026-08-31T09:03:29Z,2000,1999,1,,,,,,,,,,,,,,,,,
campaign_d_star,star_n2000_independent-positive_seed7.pcf,pac,2,0,16981266,998,997,4418295907754670747,13760,bd9d01a0c917,2026-08-31T09:03:29Z,2000,1999,1,,,,,,,,,,,,,,,,,
campaign_d_star,star_n2000_independent-positive_seed8.pcf,pac,0,0,17553855,1022,1021,17019583281463635704,13760,bd9d01a0c917,2026-08-31T09:03:29Z,2000,1999,1,,,,,,,,,,,,,,,,,
campaign_d_star,star_n2000_independent-positive_seed8.pcf,pac,1,0,17374912,1022,1021,17019583281463635704,13760,bd9d01a0c917,2026-08-31T09:03:29Z,2000,1999,1,,,,,,,,,,,,,,,,,
campaign_d_star,star_n2000_independent-positive_seed8.pcf,pac,2,0,17423127,1022,1021,17019583281463635704,13760,bd9d01a0c917,2026-08-31T09:03:29Z,2000,1999,1,,,,,,,,,,,,,,,,,
campaign_d_star,star_n2000_independent-positive_seed9.pcf,pac,0,0,18242544,1033,1032,3726063196730596538,13760,bd9d01a0c917,2026-08-31T09:03:29Z,2000,1999,1,,,,,,,,,,,,,,,,,
campaign_d_star,star_n2000_independent-positive_seed9.pcf,pac,1,0,18343270,1033,1032,3726063196730596538,13760,bd9d01a0c917,2026-08-31T09:03:29Z,2000,1999,1,,,,,,,,,,,,,,,,,
campaign_d_star,star_n2000_independent-positive_seed9.pcf,pac,2,0,17773062,1033,1032,3726063196730596538,13760,bd9d01a0c917,2026-08-31T09:03:29Z,2000,1999,1,,,,,,,,,,,,,,,,,
campaign_d_star,star_n2000_independent-signed_seed0.pcf,pac,0,0,17429130,1008,1007,4058036136570221228,13760,bd9d01a0c917,2026-08-31T09:03:29Z,2000,1999,1,,,,,,,,,,,,,,,,,
campaign_d_star,star_n2000_independent-signed_seed0.pcf,pac,1,0,17287021,1008,1007,4058036136570221228,13760,bd9d01a0c917,2026-08-31T09:03:29Z,2000,1999,1,,,,,,,,,,,,,,,,,
campaign_d_star,star_n2000_independent-signed_seed0.pcf,pac,2,0,17207862,1008,1007,4058036136570221228,13760,bd9d01a0c917,2026-08-31T09:03:29Z,2000,1999,1,,,,,,,,,,,,,,,,,
campaign_d_star,star_n2000_independent-signed_seed1.pcf,pac,0,0,17435218,1032,1031,7161378042819589161,13760,bd9d01a0c917,2026-08-31T09:03:29Z,2000,1999,1,,,,,,,,,,,,,,,,,
campaign_d_star,star_n2000_independent-signed_seed1.pcf,pac,1,0,17246094,1032,1031,7161378042819589161,13760,bd9d01a0c917,2026-08-31T09:03:29Z,2000,1999,1,,,,,,,,,,,,,,,,,
campaign_d_star,star_n2000_independent-signed_seed1.pcf,pac,2,0,17274203,1032,1031,7161378042819589161,13760,bd9d01a0c917,2026-08-31T09:03:29Z,2000,1999,1,,,,,,,,,,,,,,,,,
campaign_d_star,star_n2000_independent-signed_seed2.pcf,pac,0,0,17474651,998,997,14497803670446291441,13760,bd9d01a0c917,2026-08-31T09:03:30Z,2000,1999,1,,,,,,,,,,,,,,,,,
campaign_d_star,star_n2000_independent-signed_seed2.pcf,pac,1,0,17386126,998,997,14497803670446291441,13760,bd9d01a0c917,2026-08-31T09:03:30Z,2000,1999,1,,,,,,,,,,,,,,,,,
campaign_d_star,star_n2000_independent-signed_seed2.pcf,pac,2,0,17335770,998,997,14497803670446291441,13760,bd9d01a0c917,2026-08-31T09:03:30Z,2000,1999,1,,,,,,,,,,,,,,,,,
campaign_d_star,star_n2000_independent-signed_seed3.pcf,pac,0,0,17230245,1010,1009,5634878218353539202,13920,bd9d01a0c917,2026-08-31T09:03:30Z,2000,1999,1,,,,,,,,,,,,,,,,,
campaign_d_star,star_n2000_independent-signed_seed3.pcf,pac,1,0,17250569,1010,1009,5634878218353539202,13920,bd9d01a0c917,2026-08-31T09:03:30Z,2000,1999,1,,,,,,,,,,,,,,,,,
campaign_d_star,star_n2000_independent-signed_seed3.pcf,pac,2,0,17110490,1010,1009,5634878218353539202,13920,bd9d01a0c917,2026-08-31T09:03:30Z,2000,1999,1,,,,,,,,,,,,,,,,,
campaign_d_star,star_n2000_independent-signed_seed4.pcf,pac,0,0,17342139,1008,1007,5725416634857488045,13920,bd9d01a0c917,2026-08-31T09:03:30Z,2000,1999,1,,,,,,,,,,,,,,,,,
campaign_d_star,star_n2000_independent-signed_seed4.pcf,pac,1,0,17169524,1008,1007,5725416634857488045,13920,bd9d01a0c917,2026-08-31T09:03:30Z,2000,1999,1,,,,,,,,,,,,,,,,,
campaign_d_star,star_n2000_independent-signed_seed4.pcf,pac,2,0,17231676,1008,1007,5725416634857488045,13920,bd9d01a0c917,2026-08-31T09:03:30Z,2000,1999,1,,,,,,,,,,,,,,,,,
campaign_d_star,star_n2000_independent-signed_seed5.pcf,pac,0,0,17496267,935,934,17208176046090812195,13920,bd9d01a0c917,2026-08-31T09:03:30Z,2000,1999,1,,,,,,,,,,,,,,,,,
campaign_d_star,star_n2000_independent-signed_seed5.pcf,pac,1,0,17467458,935,934,17208176046090812195,13920,bd9d01a0c917,2026-08-31T09:03:30Z,2000,1999,1,,,,,,,,,,,,,,,,,
campaign_d_star,star_n2000_independent-signed_seed5.pcf,pac,2,0,17467462,935,934,17208176046090812195,13920,bd9d01a0c917,2026-08-31T09:03:30Z,2000,1999,1,,,,,,,,,,,,,,,,,
campaign_d_star,star_n2000_independent-signed_seed6.pcf,pac,0,0,17379054,965,964,15504740151332991937,13920,bd9d01a0c917,2026-08-31T09:03:30Z,2000,1999,1,,,,,,,,,,,,,,,,,
campaign_d_star,star_n2000_independent-signed_seed6.pcf,pac,1,0,17287995,965,964,15504740151332991937,13920,bd9d01a0c917,2026-08-31T09:03:30Z,2000,1999,1,,,,,,,,,,,,,,,,,
campaign_d_star,star_n2000_independent-signed_seed6.pcf,pac,2,0,17311484,965,964,15504740151332991937,13920,bd9d01a0c917,2026-08-31T09:03:30Z,2000,1999,1,,,,,,,,,,,,,,,,,
campaign_d_star,star_n2000_independent-signed_seed7.pcf,pac,0,0,17494621,996,995,11021434480237650257,13920,bd9d01a0c917,2026-08-31T09:03:30Z,2000,1999,1,,,,,,,,,,,,,,,,,
campaign_d_star,star_n2000_independent-signed_seed7.pcf,pac,1,0,17343190,996,995,11021434480237650257,13920,bd9d01a0c917,2026-08-31T09:03:30Z,2000,1999,1,,,,,,,,,,,,,,,,,
campaign_d_star,star_n2000_independent-signed_seed7.pcf,pac,2,0,17296329,996,995,11021434480237650257,13920,bd9d01a0c917,2026-08-31T09:03:30Z,2000,1999,1,,,,,,,,,,,,,,,,,
campaign_d_star,star_n2000_independent-signed_seed8.pcf,pac,0,0,17431964,987,986,9672685063402202928,13920,bd9d01a0c917,2026-08-31T09:03:30Z,2000,1999,1,,,,,,,,,,,,,,,,,
campaign_d_star,star_n2000_independent-signed_seed8.pcf,pac,1,0,17307918,987,986,9672685063402202928,13920,bd9d01a0c917,2026-08-31T09:03:30Z,2000,1999,1,,,,,,,,,,,,,,,,,
campaign_d_star,star_n2000_independent-signed_seed8.pcf,pac,2,0,17304490,987,986,9672685063402202928,13920,bd9d01a0c917,2026-08-31T09:03:30Z,2000,1999,1,,,,,,,,,,,,,,,,,
campaign_d_star,star_n2000_independent-signed_seed9.pcf,pac,0,0,17515229,1016,1015,10887387414862307442,13920,bd9d01a0c917,2026-08-31T09:03:30Z,2000,1999,1,,,,,,,,,,,,,,,,,
campaign_d_star,star_n2000_independent-signed_seed9.pcf,pac,1,0,17396175,1016,1015,10887387414862307442,13920,bd9d01a0c917,2026-08-31T09:03:30Z,2000,1999,1,,,,,,,,,,,,,,,,,
campaign_d_star,star_n2000_independent-signed_seed9.pcf,pac,2,0,17375424,1016,1015,10887387414862307442,13920,bd9d01a0c917,2026-08-31T09:03:30Z,2000,1999,1,,,,,,,,,,,,,,,,,
campaign_d_star,star_n2000_near-ties_seed0.pcf,pac,0,0,14270520,150,149,10026595230372110317,13920,bd9d01a0c917,2026-08-31T09:03:30Z,2000,1999,1,,,,,,,,,,,,,,,,,
campaign_d_star,star_n2000_near-ties_seed0.pcf,pac,1,0,14133327,150,149,10026595230372110317,13920,bd9d01a0c917,2026-08-31T09:03:30Z,2000,1999,1,,,,,,,,,,,,,,,,,
campaign_d_star,star_n2000_near-ties_seed0.pcf,pac,2,0,14153294,150,149,10026595230372110317,13920,bd9d01a0c917,2026-08-31T09:03:30Z,2000,1999,1,,,,,,,,,,,,,,,,,
campaign_d_star,star_n2000_near-ties_seed1.pcf,pac,0,0,13941105,150,149,14536666215728903496,13920,bd9d01a0c917,2026-08-31T09:03:30Z,2000,1999,1,,,,,,,,,,,,,,,,,
campaign_d_star,star_n2000_near-ties_seed1.pcf,pac,1,0,13833592,150,149,14536666215728903496,13920,bd9d01a0c917,2026-08-31T09:03:30Z,2000,1999,1,,,,,,,,,,,,,,,,,
campaign_d_star,star_n2000_near-ties_seed1.pcf,pac,2,0,13816543,150,149,14536666215728903496,13920,bd9d01a0c917,2026-08-31T09:03:30Z,2000,1999,1,,,,,,,,,,,,,,,,,
campaign_d_star,star_n2000_near-ties_seed2.pcf,pac,0,0,14168238,151,150,8541394412618895704,13920,bd9d01a0c917,2026-08-31T09:03:30Z,2000,1999,1,,,,,,,,,,,,,,,,,
campaign_d_star,star_n2000_near-ties_seed2.pcf,pac,1,0,14174880,151,150,8541394412618895704,13920,bd9d01a0c917,2026-08-31T09:03:30Z,2000,1999,1,,,,,,,,,,,,,,,,,
campaign_d_star,star_n2000_near-ties_seed2.pcf,pac,2,0,14019468,151,150,8541394412618895704,13920,bd9d01a0c917,2026-08-31T09:03:30Z,2000,1999,1,,,,,,,,,,,,,,,,,
campaign_d_star,star_n2000_near-ties_seed3.pcf,pac,0,0,13916499,151,150,591114446947658616,13920,bd9d01a0c917,2026-08-31T09:03:30Z,2000,1999,1,,,,,,,,,,,,,,,,,
campaign_d_star,star_n2000_near-ties_seed3.pcf,pac,1,0,13770459,151,150,591114446947658616,13920,bd9d01a0c917,2026-08-31T09:03:30Z,2000,1999,1,,,,,,,,,,,,,,,,,
campaign_d_star,star_n2000_near-ties_seed3.pcf,pac,2,0,13805235,151,150,591114446947658616,13920,bd9d01a0c917,2026-08-31T09:03:30Z,2000,1999,1,,,,,,,,,,,,,,,,,
campaign_d_star,star_n2000_near-ties_seed4.pcf,pac,0,0,14126192,151,150,5422351269064897810,13920,bd9d01a0c917,2026-08-31T09:03:30Z,2000,1999,1,,,,,,,,,,,,,,,,,
campaign_d_star,star_n2000_near-ties_seed4.pcf,pac,1,0,14038378,151,150,5422351269064897810,13920,bd9d01a0c917,2026-08-31T09:03:30Z,2000,1999,1,,,,,,,,,,,,,,,,,
campaign_d_star,star_n2000_near-ties_seed4.pcf,pac,2,0,14127277,151,150,5422351269064897810,13920,bd9d01a0c917,2026-08-31T09:03:30Z,2000,1999,1,,,,,,,,,,,,,,,,,
campaign_d_star,star_n2000_near-ties_seed5.pcf,pac,0,0,13649329,150,149,1010605918014557917,13920,bd9d01a0c917,2026-08-31T09:03:30Z,2000,1999,1,,,,,,,,,,,,,,,,,
campaign_d_star,star_n2000_near-ties_seed5.pcf,pac,1,0,13678345,150,149,1010605918014557917,13920,bd9d01a0c917,2026-08-31T09:03:30Z,2000,1999,1,,,,,,,,,,,,,,,,,
campaign_d_star,star_n2000_near-ties_seed5.pcf,pac,2,0,13634040,150,149,1010605918014557917,13920,bd9d01a0c917,2026-08-31T09:03:30Z,2000,1999,1,,,,,,,,,,,,,,,,,
campaign_d_star,star_n2000_near-ties_seed6.pcf,pac,0,0,13973910,151,150,7017864363122959617,13920,bd9d01a0c917,2026-08-31T09:03:30Z,2000,1999,1,,,,,,,,,,,,,,,,,
campaign_d_star,star_n2000_near-ties_seed6.pcf,pac,1,0,13899180,151,150,7017864363122959617,13920,bd9d01a0c917,2026-08-31T09:03:30Z,2000,1999,1,,,,,,,,,,,,,,,,,
campaign_d_star,star_n2000_near-ties_seed6.pcf,pac,2,0,13935383,151,150,7017864363122959617,13920,bd9d01a0c917,2026-08-31T09:03:30Z,2000,1999,1,,,,,,,,,,,,,,,,,
campaign_d_star,star_n2000_near-ties_seed7.pcf,pac,0,0,14143714,151,150,13337728975735859003,13920,bd9d01a0c917,2026-08-31T09:03:30Z,2000,1999,1,,,,,,,,,,,,,,,,,
campaign_d_star,star_n2000_near-ties_seed7.pcf,pac,1,0,14056200,151,150,13337728975735859003,13920,bd9d01a0c917,2026-08-31T09:03:30Z,2000,1999,1,,,,,,,,,,,,,,,,,
campaign_d_star,star_n2000_near-ties_seed7.pcf,pac,2,0,14063104,151,150,13337728975735859003,13920,bd9d01a0c917,2026-08-31T09:03:30Z,2000,1999,1,,,,,,,,,,,,,,,,,
campaign_d_star,star_n2000_near-ties_seed8.pcf,pac,0,0,14176486,150,149,3218773465020421774,13920,bd9d01a0c917,2026-08-31T09:03:30Z,2000,1999,1,,,,,,,,,,,,,,,,,
campaign_d_star,star_n2000_near-ties_seed8.pcf,pac,1,0,14166201,150,149,3218773465020421774,13920,bd9d01a0c917,2026-08-31T09:03:30Z,2000,1999,1,,,,,,,,,,,,,,,,,
campaign_d_star,star_n2000_near-ties_seed8.pcf,pac,2,0,14286363,150,149,3218773465020421774,13920,bd9d01a0c917,2026-08-31T09:03:30Z,2000,1999,1,,,,,,,,,,,,,,,,,
campaign_d_star,star_n2000_near-ties_seed9.pcf,pac,0,0,14366727,150,149,10924357703707449684,13920,bd9d01a0c917,2026-08-31T09:03:30Z,2000,1999,1,,,,,,,,,,,,,,,,,
campaign_d_star,star_n2000_near-ties_seed9.pcf,pac,1,0,14007989,150,149,10924357703707449684,13920,bd9d01a0c917,2026-08-31T09:03:30Z,2000,1999,1,,,,,,,,,,,,,,,,,
campaign_d_star,star_n2000_near-ties_seed9.pcf,pac,2,0,13970725,150,149,10924357703707449684,13920,bd9d01a0c917,2026-08-31T09:03:30Z,2000,1999,1,,,,,,,,,,,,,,,,,
campaign_d_star,star_n200_anti-correlated_seed0.pcf,pac,0,0,242203,92,91,4727668018353308117,13920,bd9d01a0c917,2026-08-31T09:03:30Z,200,199,1,,,,,,,,,,,,,,,,,
campaign_d_star,star_n200_anti-correlated_seed0.pcf,pac,1,0,224906,92,91,4727668018353308117,13920,bd9d01a0c917,2026-08-31T09:03:30Z,200,199,1,,,,,,,,,,,,,,,,,
campaign_d_star,star_n200_anti-correlated_seed0.pcf,pac,2,0,228390,92,91,4727668018353308117,13920,bd9d01a0c917,2026-08-31T09:03:30Z,200,199,1,,,,,,,,,,,,,,,,,
campaign_d_star,star_n200_anti-correlated_seed1.pcf,pac,0,0,244925,100,99,13049184042356703483,13920,bd9d01a0c917,2026-08-31T09:03:30Z,200,199,1,,,,,,,,,,,,,,,,,
campaign_d_star,star_n200_anti-correlated_seed1.pcf,pac,1,0,226919,100,99,13049184042356703483,13920,bd9d01a0c917,2026-08-31T09:03:30Z,200,199,1,,,,,,,,,,,,,,,,,
campaign_d_star,star_n200_anti-correlated_seed1.pcf,pac,2,0,229788,100,99,13049184042356703483,13920,bd9d01a0c917,2026-08-31T09:03:30Z,200,199,1,,,,,,,,,,,,,,,,,
campaign_d_star,star_n200_anti-correlated_seed2.pcf,pac,0,0,233909,106,105,1554691153746027880,13920,bd9d01a0c917,2026-08-31T09:03:30Z,200,199,1,,,,,,,,,,,,,,,,,
campaign_d_star,star_n200_anti-correlated_seed2.pcf,pac,1,0,220671,106,105,1554691153746027880,13920,bd9d01a0c917,2026-08-31T09:03:30Z,200,199,1,,,,,,,,,,,,,,,,,
campaign_d_star,star_n200_anti-correlated_seed2.pcf,pac,2,0,218976,106,105,1554691153746027880,13920,bd9d01a0c917,2026-08-31T09:03:30Z,200,199,1,,,,,,,,,,,,,,,,,
campaign_d_star,star_n200_anti-correlated_seed3.pcf,pac,0,0,238283,99,98,13462920383049682510,14080,bd9d01a0c917,2026-08-31T09:03:30Z,200,199,1,,,,,,,,,,,,,,,,,
campaign_d_star,star_n200_anti-correlated_seed3.pcf,pac,1,0,221284,99,98,13462920383049682510,14080,bd9d01a0c917,2026-08-31T09:03:30Z,200,199,1,,,,,,,,,,,,,,,,,
campaign_d_star,star_n200_anti-correlated_seed3.pcf,pac,2,0,224997,99,98,13462920383049682510,14080,bd9d01a0c917,2026-08-31T09:03:30Z,200,199,1,,,,,,,,,,,,,,,,,
campaign_d_star,star_n200_anti-correlated_seed4.pcf,pac,0,0,239406,106,105,2147999452346730386,14080,bd9d01a0c917,2026-08-31T09:03:30Z,200,199,1,,,,,,,,,,,,,,,,,
campaign_d_star,star_n200_anti-correlated_seed4.pcf,pac,1,0,225785,106,105,2147999452346730386,14080,bd9d01a0c917,2026-08-31T09:03:30Z,200,199,1,,,,,,,,,,,,,,,,,
campaign_d_star,star_n200_anti-correlated_seed4.pcf,pac,2,0,216289,106,105,2147999452346730386,14080,bd9d01a0c917,2026-08-31T09:03:30Z,200,199,1,,,,,,,,,,,,,,,,,
campaign_d_star,star_n200_anti-correlated_seed5.pcf,pac,0,0,234142,91,90,11827057096223066927,14080,bd9d01a0c917,2026-08-31T09:03:30Z,200,199,1,,,,,,,,,,,,,,,,,
campaign_d_star,star_n200_anti-correlated_seed5.pcf,pac,1,0,219011,91,90,11827057096223066927,14080,bd9d01a0c917,2026-08-31T09:03:30Z,200,199,1,,,,,,,,,,,,,,,,,
campaign_d_star,star_n200_anti-correlated_seed5.pcf,pac,2,0,225961,91,90,11827057096223066927,14080,bd9d01a0c917,2026-08-31T09:03:30Z,200,199,1,,,,,,,,,,,,,,,,,
campaign_d_star,star_n200_anti-correlated_seed6.pcf,pac,0,0,239432,96,95,16541776902885019920,14080,bd9d01a0c917,2026-08-31T09:03:30Z,200,199,1,,,,,,,,,,,,,,,,,
campaign_d_star,star_n200_anti-correlated_seed6.pcf,pac,1,0,226792,96,95,16541776902885019920,14080,bd9d01a0c917,2026-08-31T09:03:30Z,200,199,1,,,,,,,,,,,,,,,,,
campaign_d_star,star_n200_anti-correlated_seed6.pcf,pac,2,0,226935,96,95,16541776902885019920,14080,bd9d01a0c917,2026-08-31T09:03:30Z,200,199,1,,,,,,,,,,,,,,,,,
campaign_d_star,star_n200_anti-correlated_seed7.pcf,pac,0,0,244427,105,104,8140955843061464636,14080,bd9d01a0c917,2026-08-31T09:03:30Z,200,199,1,,,,,,,,,,,,,,,,,
campaign_d_star,star_n200_anti-correlated_seed7.pcf,pac,1,0,227160,105,104,8140955843061464636,14080,bd9d01a0c917,2026-08-31T09:03:30Z,200,199,1,,,,,,,,,,,,,,,,,
campaign_d_star,star_n200_anti-correlated_seed7.pcf,pac,2,0,326419,105,104,8140955843061464636,14080,bd9d01a0c917,2026-08-31T09:03:30Z,200,199,1,,,,,,,,,,,,,,,,,
campaign_d_star,star_n200_anti-correlated_seed8.pcf,pac,0,0,244336,105,104,12176162399887302969,14080,bd9d01a0c917,2026-08-31T09:03:30Z,200,199,1,,,,,,,,,,,,,,,,,
campaign_d_star,star_n200_anti-correlated_seed8.pcf,pac,1,0,238732,105,104,12176162399887302969,14080,bd9d01a0c917,2026-08-31T09:03:30Z,200,199,1,,,,,,,,,,,,,,,,,
campaign_d_star,star_n200_anti-correlated_seed8.pcf,pac,2,0,215244,105,104,12176162399887302969,14080,bd9d01a0c917,2026-08-31T09:03:30Z,200,199,1,,,,,,,,,,,,,,,,,
campaign_d_star,star_n200_anti-correlated_seed9.pcf,pac,0,0,240389,94,93,4477951880721345234,14080,bd9d01a0c917,2026-08-31T09:03:30Z,200,199,1,,,,,,,,,,,,,,,,,
campaign_d_star,star_n200_anti-correlated_seed9.pcf,pac,1,0,232146,94,93,4477951880721345234,14080,bd9d01a0c917,2026-08-31T09:03:30Z,200,199,1,,,,,,,,,,,,,,,,,
campaign_d_star,star_n200_anti-correlated_seed9.pcf,pac,2,0,224742,94,93,4477951880721345234,14080,bd9d01a0c917,2026-08-31T09:03:30Z,200,199,1,,,,,,,,,,,,,,,,,
campaign_d_star,star_n200_correlated_seed0.pcf,pac,0,0,246353,104,103,11814608048128321284,14080,bd9d01a0c917,2026-08-31T09:03:30Z,200,199,1,,,,,,,,,,,,,,,,,
campaign_d_star,star_n200_correlated_seed0.pcf,pac,1,0,223138,104,103,11814608048128321284,14080,bd9d01a0c917,2026-08-31T09:03:30Z,200,199,1,,,,,,,,,,,,,,,,,
campaign_d_star,star_n200_correlated_seed0.pcf,pac,2,0,213853,104,103,11814608048128321284,14080,bd9d01a0c917,2026-08-31T09:03:30Z,200,199,1,,,,,,,,,,,,,,,,,
campaign_d_star,star_n200_correlated_seed1.pcf,pac,0,0,241682,95,94,8994400533291324821,14080,bd9d01a0c917,2026-08-31T09:03:30Z,200,199,1,,,,,,,,,,,,,,,,,
campaign_d_star,star_n200_correlated_seed1.pcf,pac,1,0,223822,95,94,8994400533291324821,14080,bd9d01a0c917,2026-08-31T09:03:30Z,200,199,1,,,,,,,,,,,,,,,,,
campaign_d_star,star_n200_correlated_seed1.pcf,pac,2,0,221976,95,94,8994400533291324821,14080,bd9d01a0c917,2026-08-31T09:03:30Z,200,199,1,,,,,,,,,,,,,,,,,
campaign_d_star,star_n200_correlated_seed2.pcf,pac,0,0,237569,97,96,17532827420953547806,14080,bd9d01a0c917,2026-08-31T09:03:30Z,200,199,1,,,,,,,,,,,,,,,,,
campaign_d_star,star_n200_correlated_seed2.pcf,pac,1,0,217776,97,96,17532827420953547806,14080,bd9d01a0c917,2026-08-31T09:03:30Z,200,199,1,,,,,,,,,,,,,,,,,
campaign_d_star,star_n200_correlated_seed2.pcf,pac,2,0,218376,97,96,17532827420953547806,14080,bd9d01a0c917,2026-08-31T09:03:30Z,200,199,1,,,,,,,,,,,,,,,,,
campaign_d_star,star_n200_correlated_seed3.pcf,pac,0,0,232221,100,99,3097019196501071134,14080,bd9d01a0c917,2026-08-31T09:03:30Z,200,199,1,,,,,,,,,,,,,,,,,
campaign_d_star,star_n200_correlated_seed3.pcf,pac,1,0,221169,100,99,3097019196501071134,14080,bd9d01a0c917,2026-08-31T09:03:30Z,200,199,1,,,,,,,,,,,,,,,,,
campaign_d_star,star_n200_correlated_seed3.pcf,pac,2,0,222240,100,99,3097019196501071134,14080,bd9d01a0c917,2026-08-31T09:03:30Z,200,199,1,,,,,,,,,,,,,,,,,
campaign_d_star,star_n200_correlated_seed4.pcf,pac,0,0,240385,97,96,9829222944125341348,14080,bd9d01a0c917,2026-08-31T09:03:30Z,200,199,1,,,,,,,,,,,,,,,,,
campaign_d_star,star_n200_correlated_seed4.pcf,pac,1,0,217633,97,96,9829222944125341348,14080,bd9d01a0c917,2026-08-31T09:03:30Z,200,199,1,,,,,,,,,,,,,,,,,
campaign_d_star,star_n200_correlated_seed4.pcf,pac,2,0,223761,97,96,9829222944125341348,14080,bd9d01a0c917,2026-08-31T09:03:30Z,200,199,1,,,,,,,,,,,,,,,,,
campaign_d_star,star_n200_correlated_seed5.pcf,pac,0,0,235066,100,99,11121074798976559963,14080,bd9d01a0c917,2026-08-31T09:03:30Z,200,199,1,,,,,,,,,,,,,,,,,
campaign_d_star,star_n200_correlated_seed5.pcf,pac,1,0,216047,100,99,11121074798976559963,14080,bd9d01a0c917,2026-08-31T09:03:30Z,200,199,1,,,,,,,,,,,,,,,,,
campaign_d_star,star_n200_correlated_seed5.pcf,pac,2,0,354368,100,99,11121074798976559963,14080,bd9d01a0c917,2026-08-31T09:03:30Z,200,199,1,,,,,,,,,,,,,,,,,
campaign_d_star,star_n200_correlated_seed6.pcf,pac,0,0,233215,113,112,18420626158417057410,14080,bd9d01a0c917,2026-08-31T09:03:30Z,200,199,1,,,,,,,,,,,,,,,,,
campaign_d_star,star_n200_correlated_seed6.pcf,pac,1,0,259783,113,112,18420626158417057410,14080,bd9d01a0c917,2026-08-31T09:03:30Z,200,199,1,,,,,,,,,,,,,,,,,
campaign_d_star,star_n200_correlated_seed6.pcf,pac,2,0,221272,113,112,18420626158417057410,14080,bd9d01a0c917,2026-08-31T09:03:30Z,200,199,1,,,,,,,,,,,,,,,,,
campaign_d_star,star_n200_correlated_seed7.pcf,pac,0,0,233790,99,98,12583670146337740281,14080,bd9d01a0c917,2026-08-31T09:03:30Z,200,199,1,,,,,,,,,,,,,,,,,
campaign_d_star,star_n200_correlated_seed7.pcf,pac,1,0,226004,99,98,12583670146337740281,14080,bd9d01a0c917,2026-08-31T09:03:30Z,200,199,1,,,,,,,,,,,,,,,,,
campaign_d_star,star_n200_correlated_seed7.pcf,pac,2,0,216198,99,98,12583670146337740281,14080,bd9d01a0c917,2026-08-31T09:03:30Z,200,199,1,,,,,,,,,,,,,,,,,
campaign_d_star,star_n200_correlated_seed8.pcf,pac,0,0,330076,109,108,14514897538100727781,14080,bd9d01a0c917,2026-08-31T09:03:30Z,200,199,1,,,,,,,,,,,,,,,,,
campaign_d_star,star_n200_correlated_seed8.pcf,pac,1,0,222072,109,108,14514897538100727781,14080,bd9d01a0c917,2026-08-31T09:03:30Z,200,199,1,,,,,,,,,,,,,,,,,
campaign_d_star,star_n200_correlated_seed8.pcf,pac,2,0,222006,109,108,14514897538100727781,14080,bd9d01a0c917,2026-08-31T09:03:30Z,200,199,1,,,,,,,,,,,,,,,,,
campaign_d_star,star_n200_correlated_seed9.pcf,pac,0,0,232986,91,90,351656703722556726,14080,bd9d01a0c917,2026-08-31T09:03:30Z,200,199,1,,,,,,,,,,,,,,,,,
campaign_d_star,star_n200_correlated_seed9.pcf,pac,1,0,217341,91,90,351656703722556726,14080,bd9d01a0c917,2026-08-31T09:03:30Z,200,199,1,,,,,,,,,,,,,,,,,
campaign_d_star,star_n200_correlated_seed9.pcf,pac,2,0,218624,91,90,351656703722556726,14080,bd9d01a0c917,2026-08-31T09:03:30Z,200,199,1,,,,,,,,,,,,,,,,,
campaign_d_star,star_n200_exact-ties_seed0.pcf,pac,0,0,197146,11,10,3993033959126479205,14080,bd9d01a0c917,2026-08-31T09:03:30Z,200,199,1,,,,,,,,,,,,,,,,,
campaign_d_star,star_n200_exact-ties_seed0.pcf,pac,1,0,183917,11,10,3993033959126479205,14080,bd9d01a0c917,2026-08-31T09:03:30Z,200,199,1,,,,,,,,,,,,,,,,,
campaign_d_star,star_n200_exact-ties_seed0.pcf,pac,2,0,173319,11,10,3993033959126479205,14080,bd9d01a0c917,2026-08-31T09:03:30Z,200,199,1,,,,,,,,,,,,,,,,,
campaign_d_star,star_n200_exact-ties_seed1.pcf,pac,0,0,194162,11,10,5862131846378376885,14240,bd9d01a0c917,2026-08-31T09:03:30Z,200,199,1,,,,,,,,,,,,,,,,,
campaign_d_star,star_n200_exact-ties_seed1.pcf,pac,1,0,186117,11,10,5862131846378376885,14240,bd9d01a0c917,2026-08-31T09:03:30Z,200,199,1,,,,,,,,,,,,,,,,,
campaign_d_star,star_n200_exact-ties_seed1.pcf,pac,2,0,168616,11,10,5862131846378376885,14240,bd9d01a0c917,2026-08-31T09:03:30Z,200,199,1,,,,,,,,,,,,,,,,,
campaign_d_star,star_n200_exact-ties_seed2.pcf,pac,0,0,195591,11,10,4372394140903821753,14240,bd9d01a0c917,2026-08-31T09:03:30Z,200,199,1,,,,,,,,,,,,,,,,,
campaign_d_star,star_n200_exact-ties_seed2.pcf,pac,1,0,177898,11,10,4372394140903821753,14240,bd9d01a0c917,2026-08-31T09:03:30Z,200,199,1,,,,,,,,,,,,,,,,,
campaign_d_star,star_n200_exact-ties_seed2.pcf,pac,2,0,169058,11,10,4372394140903821753,14240,bd9d01a0c917,2026-08-31T09:03:30Z,200,199,1,,,,,,,,,,,,,,,,,
campaign_d_star,star_n200_exact-ties_seed3.pcf,pac,0,0,168877,11,10,8803804154246257943,14240,bd9d01a0c917,2026-08-31T09:03:30Z,200,199,1,,,,,,,,,,,,,,,,,
campaign_d_star,star_n200_exact-ties_seed3.pcf,pac,1,0,156136,11,10,8803804154246257943,14240,bd9d01a0c917,2026-08-31T09:03:30Z,200,199,1,,,,,,,,,,,,,,,,,
campaign_d_star,star_n200_exact-ties_seed3.pcf,pac,2,0,148366,11,10,8803804154246257943,14240,bd9d01a0c917,2026-08-31T09:03:30Z,200,199,1,,,,,,,,,,,,,,,,,
campaign_d_star,star_n200_exact-ties_seed4.pcf,pac,0,0,153548,11,10,3337480564946987435,14240,bd9d01a0c917,2026-08-31T09:03:30Z,200,199,1,,,,,,,,,,,,,,,,,
campaign_d_star,star_n200_exact-ties_seed4.pcf,pac,1,0,139468,11,10,3337480564946987435,14240,bd9d01a0c917,2026-08-31T09:03:30Z,200,199,1,,,,,,,,,,,,,,,,,
campaign_d_star,star_n200_exact-ties_seed4.pcf,pac,2,0,131427,11,10,3337480564946987435,14240,bd9d01a0c917,2026-08-31T09:03:30Z,200,199,1,,,,,,,,,,,,,,,,,
campaign_d_star,star_n200_exact-ties_seed5.pcf,pac,0,0,165203,10,9,12858875914371829689,14240,bd9d01a0c917,2026-08-31T09:03:30Z,200,199,1,,,,,,,,,,,,,,,,,
campaign_d_star,star_n200_exact-ties_seed5.pcf,pac,1,0,149561,10,9,12858875914371829689,14240,bd9d01a0c917,2026-08-31T09:03:30Z,200,199,1,,,,,,,,,,,,,,,,,
campaign_d_star,star_n200_exact-ties_seed5.pcf,pac,2,0,141155,10,9,12858875914371829689,14240,bd9d01a0c917,2026-08-31T09:03:30Z,200,199,1,,,,,,,,,,,,,,,,,
campaign_d_star,star_n200_exact-ties_seed6.pcf,pac,0,0,193296,11,10,2888493356921090417,14240,bd9d01a0c917,2026-08-31T09:03:30Z,200,199,1,,,,,,,,,,,,,,,,,
campaign_d_star,star_n200_exact-ties_seed6.pcf,pac,1,0,173651,11,10,2888493356921090417,14240,bd9d01a0c917,2026-08-31T09:03:30Z,200,199,1,,,,,,,,,,,,,,,,,
campaign_d_star,star_n200_exact-ties_seed6.pcf,pac,2,0,169370,11,10,2888493356921090417,14240,bd9d01a0c917,2026-08-31T09:03:30Z,200,199,1,,,,,,,,,,,,,,,,,
campaign_d_star,star_n200_exact-ties_seed7.pcf,pac,0,0,166101,11,10,4924829968856458418,14240,bd9d01a0c917,2026-08-31T09:03:30Z,200,199,1,,,,,,,,,,,,,,,,,
campaign_d_star,star_n200_exact-ties_seed7.pcf,pac,1,0,157899,11,10,4924829968856458418,14240,bd9d01a0c917,2026-08-31T09:03:30Z,200,199,1,,,,,,,,,,,,,,,,,
campaign_d_star,star_n200_exact-ties_seed7.pcf,pac,2,0,148284,11,10,4924829968856458418,14240,bd9d01a0c917,2026-08-31T09:03:30Z,200,199,1,,,,,,,,,,,,,,,,,
campaign_d_star,star_n200_exact-ties_seed8.pcf,pac,0,0,177924,10,9,13980571778047494253,14240,bd9d01a0c917,2026-08-31T09:03:30Z,200,199,1,,,,,,,,,,,,,,,,,
campaign_d_star,star_n200_exact-ties_seed8.pcf,pac,1,0,237843,10,9,13980571778047494253,14240,bd9d01a0c917,2026-08-31T09:03:30Z,200,199,1,,,,,,,,,,,,,,,,,
campaign_d_star,star_n200_exact-ties_seed8.pcf,pac,2,0,159474,10,9,13980571778047494253,14240,bd9d01a0c917,2026-08-31T09:03:30Z,200,199,1,,,,,,,,,,,,,,,,,
campaign_d_star,star_n200_exact-ties_seed9.pcf,pac,0,0,165453,11,10,17134209895202566100,14240,bd9d01a0c917,2026-08-31T09:03:30Z,200,199,1,,,,,,,,,,,,,,,,,
campaign_d_star,star_n200_exact-ties_seed9.pcf,pac,1,0,159929,11,10,17134209895202566100,14240,bd9d01a0c917,2026-08-31T09:03:30Z,200,199,1,,,,,,,,,,,,,,,,,
campaign_d_star,star_n200_exact-ties_seed9.pcf,pac,2,0,143120,11,10,17134209895202566100,14240,bd9d01a0c917,2026-08-31T09:03:30Z,200,199,1,,,,,,,,,,,,,,,,,
campaign_d_star,star_n200_independent-positive_seed0.pcf,pac,0,0,241358,105,104,11150810283885098126,14240,bd9d01a0c917,2026-08-31T09:03:30Z,200,199,1,,,,,,,,,,,,,,,,,
campaign_d_star,star_n200_independent-positive_seed0.pcf,pac,1,0,236021,105,104,11150810283885098126,14240,bd9d01a0c917,2026-08-31T09:03:30Z,200,199,1,,,,,,,,,,,,,,,,,
campaign_d_star,star_n200_independent-positive_seed0.pcf,pac,2,0,226550,105,104,11150810283885098126,14240,bd9d01a0c917,2026-08-31T09:03:30Z,200,199,1,,,,,,,,,,,,,,,,,
campaign_d_star,star_n200_independent-positive_seed1.pcf,pac,0,0,317386,104,103,5235612585198161213,14240,bd9d01a0c917,2026-08-31T09:03:30Z,200,199,1,,,,,,,,,,,,,,,,,
campaign_d_star,star_n200_independent-positive_seed1.pcf,pac,1,0,233960,104,103,5235612585198161213,14240,bd9d01a0c917,2026-08-31T09:03:30Z,200,199,1,,,,,,,,,,,,,,,,,
campaign_d_star,star_n200_independent-positive_seed1.pcf,pac,2,0,227281,104,103,5235612585198161213,14240,bd9d01a0c917,2026-08-31T09:03:30Z,200,199,1,,,,,,,,,,,,,,,,,
campaign_d_star,star_n200_independent-positive_seed2.pcf,pac,0,0,236230,105,104,3442399960515082111,14240,bd9d01a0c917,2026-08-31T09:03:30Z,200,199,1,,,,,,,,,,,,,,,,,
campaign_d_star,star_n200_independent-positive_seed2.pcf,pac,1,0,224061,105,104,3442399960515082111,14240,bd9d01a0c917,2026-08-31T09:03:30Z,200,199,1,,,,,,,,,,,,,,,,,
campaign_d_star,star_n200_independent-positive_seed2.pcf,pac,2,0,218323,105,104,3442399960515082111,14240,bd9d01a0c917,2026-08-31T09:03:30Z,200,199,1,,,,,,,,,,,,,,,,,
campaign_d_star,star_n200_independent-positive_seed3.pcf,pac,0,0,235571,101,100,14972117129318660163,14240,bd9d01a0c917,2026-08-31T09:03:30Z,200,199,1,,,,,,,,,,,,,,,,,
campaign_d_star,star_n200_independent-positive_seed3.pcf,pac,1,0,221738,101,100,14972117129318660163,14240,bd9d01a0c917,2026-08-31T09:03:30Z,200,199,1,,,,,,,,,,,,,,,,,
campaign_d_star,star_n200_independent-positive_seed3.pcf,pac,2,0,213778,101,100,14972117129318660163,14240,bd9d01a0c917,2026-08-31T09:03:30Z,200,199,1,,,,,,,,,,,,,,,,,
campaign_d_star,star_n200_independent-positive_seed4.pcf,pac,0,0,234493,88,87,4759592513289560374,14240,bd9d01a0c917,2026-08-31T09:03:30Z,200,199,1,,,,,,,,,,,,,,,,,
campaign_d_star,star_n200_independent-positive_seed4.pcf,pac,1,0,217750,88,87,4759592513289560374,14240,bd9d01a0c917,2026-08-31T09:03:30Z,200,199,1,,,,,,,,,,,,,,,,,
campaign_d_star,star_n200_independent-positive_seed4.pcf,pac,2,0,217143,88,87,4759592513289560374,14240,bd9d01a0c917,2026-08-31T09:03:30Z,200,199,1,,,,,,,,,,,,,,,,,
campaign_d_star,star_n200_independent-positive_seed5.pcf,pac,0,0,234723,107,106,11005623085175850090,14240,bd9d01a0c917,2026-08-31T09:03:30Z,200,199,1,,,,,,,,,,,,,,,,,
campaign_d_star,star_n200_independent-positive_seed5.pcf,pac,1,0,224781,107,106,11005623085175850090,14240,bd9d01a0c917,2026-08-31T09:03:30Z,200,199,1,,,,,,,,,,,,,,,,,
campaign_d_star,star_n200_independent-positive_seed5.pcf,pac,2,0,213044,107,106,11005623085175850090,14240,bd9d01a0c917,2026-08-31T09:03:30Z,200,199,1,,,,,,,,,,,,,,,,,
campaign_d_star,star_n200_independent-positive_seed6.pcf,pac,0,0,247769,84,83,4832833137598784363,14240,bd9d01a0c917,2026-08-31T09:03:30Z,200,199,1,,,,,,,,,,,,,,,,,
campaign_d_star,star_n200_independent-positive_seed6.pcf,pac,1,0,220394,84,83,4832833137598784363,14240,bd9d01a0c917,2026-08-31T09:03:30Z,200,199,1,,,,,,,,,,,,,,,,,
campaign_d_star,star_n200_independent-positive_seed6.pcf,pac,2,0,212333,84,83,4832833137598784363,14240,bd9d01a0c917,2026-08-31T09:03:30Z,200,199,1,,,,,,,,,,,,,,,,,
campaign_d_star,star_n200_independent-positive_seed7.pcf,pac,0,0,241771,100,99,4307453788140863444,14240,bd9d01a0c917,2026-08-31T09:03:30Z,200,199,1,,,,,,,,,,,,,,,,,
campaign_d_star,star_n200_independent-positive_seed7.pcf,pac,1,0,226493,100,99,4307453788140863444,14240,bd9d01a0c917,2026-08-31T09:03:30Z,200,199,1,,,,,,,,,,,,,,,,,
campaign_d_star,star_n200_independent-positive_seed7.pcf,pac,2,0,214468,100,99,4307453788140863444,14240,bd9d01a0c917,2026-08-31T09:03:30Z,200,199,1,,,,,,,,,,,,,,,,,
campaign_d_star,star_n200_independent-positive_seed8.pcf,pac,0,0,236500,103,102,116984375947052794,14240,bd9d01a0c917,2026-08-31T09:03:30Z,200,199,1,,,,,,,,,,,,,,,,,
campaign_d_star,star_n200_independent-positive_seed8.pcf,pac,1,0,219516,103,102,116984375947052794,14240,bd9d01a0c917,2026-08-31T09:03:30Z,200,199,1,,,,,,,,,,,,,,,,,
campaign_d_star,star_n200_independent-positive_seed8.pcf,pac,2,0,223508,103,102,116984375947052794,14240,bd9d01a0c917,2026-08-31T09:03:30Z,200,199,1,,,,,,,,,,,,,,,,,
campaign_d_star,star_n200_independent-positive_seed9.pcf,pac,0,0,241280,99,98,2357610351991374599,14240,bd9d01a0c917,2026-08-31T09:03:30Z,200,199,1,,,,,,,,,,,,,,,,,
campaign_d_star,star_n200_independent-positive_seed9.pcf,pac,1,0,226977,99,98,2357610351991374599,14240,bd9d01a0c917,2026-08-31T09:03:30Z,200,199,1,,,,,,,,,,,,,,,,,
campaign_d_star,star_n200_independent-positive_seed9.pcf,pac,2,0,295245,99,98,2357610351991374599,14240,bd9d01a0c917,2026-08-31T09:03:30Z,200,199,1,,,,,,,,,,,,,,,,,
campaign_d_star,star_n200_independent-signed_seed0.pcf,pac,0,0,238054,96,95,7206901592047188372,14240,bd9d01a0c917,2026-08-31T09:03:30Z,200,199,1,,,,,,,,,,,,,,,,,
campaign_d_star,star_n200_independent-signed_seed0.pcf,pac,1,0,234865,96,95,7206901592047188372,14240,bd9d01a0c917,2026-08-31T09:03:30Z,200,199,1,,,,,,,,,,,,,,,,,
campaign_d_star,star_n200_independent-signed_seed0.pcf,pac,2,0,224746,96,95,7206901592047188372,14240,bd9d01a0c917,2026-08-31T09:03:30Z,200,199,1,,,,,,,,,,,,,,,,,
campaign_d_star,star_n200_independent-signed_seed1.pcf,pac,0,0,240511,96,95,3751547911061638181,14400,bd9d01a0c917,2026-08-31T09:03:30Z,200,199,1,,,,,,,,,,,,,,,,,
campaign_d_star,star_n200_independent-signed_seed1.pcf,pac,1,0,227406,96,95,3751547911061638181,14400,bd9d01a0c917,2026-08-31T09:03:30Z,200,199,1,,,,,,,,,,,,,,,,,
campaign_d_star,star_n200_independent-signed_seed1.pcf,pac,2,0,220889,96,95,3751547911061638181,14400,bd9d01a0c917,2026-08-31T09:03:30Z,200,199,1,,,,,,,,,,,,,,,,,
campaign_d_star,star_n200_independent-signed_seed2.pcf,pac,0,0,234194,92,91,9541571476848959343,14400,bd9d01a0c917,2026-08-31T09:03:30Z,200,199,1,,,,,,,,,,,,,,,,,
campaign_d_star,star_n200_independent-signed_seed2.pcf,pac,1,0,231146,92,91,9541571476848959343,14400,bd9d01a0c917,2026-08-31T09:03:30Z,200,199,1,,,,,,,,,,,,,,,,,
campaign_d_star,star_n200_independent-signed_seed2.pcf,pac,2,0,211079,92,91,9541571476848959343,14400,bd9d01a0c917,2026-08-31T09:03:30Z,200,199,1,,,,,,,,,,,,,,,,,
campaign_d_star,star_n200_independent-signed_seed3.pcf,pac,0,0,237499,92,91,13783364542939666014,14400,bd9d01a0c917,2026-08-31T09:03:30Z,200,199,1,,,,,,,,,,,,,,,,,
campaign_d_star,star_n200_independent-signed_seed3.pcf,pac,1,0,230198,92,91,13783364542939666014,14400,bd9d01a0c917,2026-08-31T09:03:30Z,200,199,1,,,,,,,,,,,,,,,,,
campaign_d_star,star_n200_independent-signed_seed3.pcf,pac,2,0,221207,92,91,13783364542939666014,14400,bd9d01a0c917,2026-08-31T09:03:30Z,200,199,1,,,,,,,,,,,,,,,,,
campaign_d_star,star_n200_independent-signed_seed4.pcf,pac,0,0,235229,99,98,1419378537162133745,14400,bd9d01a0c917,2026-08-31T09:03:30Z,200,199,1,,,,,,,,,,,,,,,,,
campaign_d_star,star_n200_independent-signed_seed4.pcf,pac,1,0,287668,99,98,1419378537162133745,14400,bd9d01a0c917,2026-08-31T09:03:30Z,200,199,1,,,,,,,,,,,,,,,,,
campaign_d_star,star_n200_independent-signed_seed4.pcf,pac,2,0,220538,99,98,1419378537162133745,14400,bd9d01a0c917,2026-08-31T09:03:30Z,200,199,1,,,,,,,,,,,,,,,,,
campaign_d_star,star_n200_independent-signed_seed5.pcf,pac,0,0,250667,107,106,4665142502771122464,14400,bd9d01a0c917,2026-08-31T09:03:30Z,200,199,1,,,,,,,,,,,,,,,,,
campaign_d_star,star_n200_independent-signed_seed5.pcf,pac,1,0,222670,107,106,4665142502771122464,14400,bd9d01a0c917,2026-08-31T09:03:30Z,200,199,1,,,,,,,,,,,,,,,,,
campaign_d_star,star_n200_independent-signed_seed5.pcf,pac,2,0,210993,107,106,4665142502771122464,14400,bd9d01a0c917,2026-08-31T09:03:30Z,200,199,1,,,,,,,,,,,,,,,,,
campaign_d_star,star_n200_independent-signed_seed6.pcf,pac,0,0,240513,99,98,15508747697517322214,14400,bd9d01a0c917,2026-08-31T09:03:30Z,200,199,1,,,,,,,,,,,,,,,,,
campaign_d_star,star_n200_independent-signed_seed6.pcf,pac,1,0,222292,99,98,15508747697517322214,14400,bd9d01a0c917,2026-08-31T09:03:30Z,200,199,1,,,,,,,,,,,,,,,,,
campaign_d_star,star_n200_independent-signed_seed6.pcf,pac,2,0,211818,99,98,15508747697517322214,14400,bd9d01a0c917,2026-08-31T09:03:30Z,200,199,1,,,,,,,,,,,,,,,,,
campaign_d_star,star_n200_independent-signed_seed7.pcf,pac,0,0,234759,105,104,11078953859684833353,14400,bd9d01a0c917,2026-08-31T09:03:30Z,200,199,1,,,,,,,,,,,,,,,,,
campaign_d_star,star_n200_independent-signed_seed7.pcf,pac,1,0,222673,105,104,11078953859684833353,14400,bd9d01a0c917,2026-08-31T09:03:30Z,200,199,1,,,,,,,,,,,,,,,,,
campaign_d_star,star_n200_independent-signed_seed7.pcf,pac,2,0,208939,105,104,11078953859684833353,14400,bd9d01a0c917,2026-08-31T09:03:30Z,200,199,1,,,,,,,,,,,,,,,,,
campaign_d_star,star_n200_independent-signed_seed8.pcf,pac,0,0,235446,102,101,16355670190553426569,14400,bd9d01a0c917,2026-08-31T09:03:30Z,200,199,1,,,,,,,,,,,,,,,,,
campaign_d_star,star_n200_independent-signed_seed8.pcf,pac,1,0,229482,102,101,16355670190553426569,14400,bd9d01a0c917,2026-08-31T09:03:30Z,200,199,1,,,,,,,,,,,,,,,,,
campaign_d_star,star_n200_independent-signed_seed8.pcf,pac,2,0,222734,102,101,16355670190553426569,14400,bd9d01a0c917,2026-08-31T09:03:30Z,200,199,1,,,,,,,,,,,,,,,,,
campaign_d_star,star_n200_independent-signed_seed9.pcf,pac,0,0,244537,96,95,1028387134846620626,14400,bd9d01a0c917,2026-08-31T09:03:30Z,200,199,1,,,,,,,,,,,,,,,,,
campaign_d_star,star_n200_independent-signed_seed9.pcf,pac,1,0,215089,96,95,1028387134846620626,14400,bd9d01a0c917,2026-08-31T09:03:30Z,200,199,1,,,,,,,,,,,,,,,,,
campaign_d_star,star_n200_independent-signed_seed9.pcf,pac,2,0,222313,96,95,1028387134846620626,14400,bd9d01a0c917,2026-08-31T09:03:30Z,200,199,1,,,,,,,,,,,,,,,,,
campaign_d_star,star_n200_near-ties_seed0.pcf,pac,0,0,216009,65,64,5343293132991631187,14400,bd9d01a0c917,2026-08-31T09:03:30Z,200,199,1,,,,,,,,,,,,,,,,,
campaign_d_star,star_n200_near-ties_seed0.pcf,pac,1,0,206775,65,64,5343293132991631187,14400,bd9d01a0c917,2026-08-31T09:03:30Z,200,199,1,,,,,,,,,,,,,,,,,
campaign_d_star,star_n200_near-ties_seed0.pcf,pac,2,0,195537,65,64,5343293132991631187,14400,bd9d01a0c917,2026-08-31T09:03:30Z,200,199,1,,,,,,,,,,,,,,,,,
campaign_d_star,star_n200_near-ties_seed1.pcf,pac,0,0,219563,72,71,14116778135443945093,14400,bd9d01a0c917,2026-08-31T09:03:31Z,200,199,1,,,,,,,,,,,,,,,,,
campaign_d_star,star_n200_near-ties_seed1.pcf,pac,1,0,205567,72,71,14116778135443945093,14400,bd9d01a0c917,2026-08-31T09:03:31Z,200,199,1,,,,,,,,,,,,,,,,,
campaign_d_star,star_n200_near-ties_seed1.pcf,pac,2,0,195713,72,71,14116778135443945093,14400,bd9d01a0c917,2026-08-31T09:03:31Z,200,199,1,,,,,,,,,,,,,,,,,
campaign_d_star,star_n200_near-ties_seed2.pcf,pac,0,0,218718,76,75,16786282802998882104,14400,bd9d01a0c917,2026-08-31T09:03:31Z,200,199,1,,,,,,,,,,,,,,,,,
campaign_d_star,star_n200_near-ties_seed2.pcf,pac,1,0,203351,76,75,16786282802998882104,14400,bd9d01a0c917,2026-08-31T09:03:31Z,200,199,1,,,,,,,,,,,,,,,,,
campaign_d_star,star_n200_near-ties_seed2.pcf,pac,2,0,200295,76,75,16786282802998882104,14400,bd9d01a0c917,2026-08-31T09:03:31Z,200,199,1,,,,,,,,,,,,,,,,,
campaign_d_star,star_n200_near-ties_seed3.pcf,pac,0,0,233951,71,70,15310013525406186245,14400,bd9d01a0c917,2026-08-31T09:03:31Z,200,199,1,,,,,,,,,,,,,,,,,
campaign_d_star,star_n200_near-ties_seed3.pcf,pac,1,0,211451,71,70,15310013525406186245,14400,bd9d01a0c917,2026-08-31T09:03:31Z,200,199,1,,,,,,,,,,,,,,,,,
campaign_d_star,star_n200_near-ties_seed3.pcf,pac,2,0,205396,71,70,15310013525406186245,14400,bd9d01a0c917,2026-08-31T09:03:31Z,200,199,1,,,,,,,,,,,,,,,,,
campaign_d_star,star_n200_near-ties_seed4.pcf,pac,0,0,223445,71,70,2230156944198695405,14400,bd9d01a0c917,2026-08-31T09:03:31Z,200,199,1,,,,,,,,,,,,,,,,,
campaign_d_star,star_n200_near-ties_seed4.pcf,pac,1,0,207574,71,70,2230156944198695405,14400,bd9d01a0c917,2026-08-31T09:03:31Z,200,199,1,,,,,,,,,,,,,,,,,
campaign_d_star,star_n200_near-ties_seed4.pcf,pac,2,0,196063,71,70,2230156944198695405,14400,bd9d01a0c917,2026-08-31T09:03:31Z,200,199,1,,,,,,,,,,,,,,,,,
campaign_d_star,star_n200_near-ties_seed5.pcf,pac,0,0,224662,74,73,17140414480563186339,14400,bd9d01a0c917,2026-08-31T09:03:31Z,200,199,1,,,,,,,,,,,,,,,,,
campaign_d_star,star_n200_near-ties_seed5.pcf,pac,1,0,201874,74,73,17140414480563186339,14400,bd9d01a0c917,2026-08-31T09:03:31Z,200,199,1,,,,,,,,,,,,,,,,,
campaign_d_star,star_n200_near-ties_seed5.pcf,pac,2,0,195909,74,73,17140414480563186339,14400,bd9d01a0c917,2026-08-31T09:03:31Z,200,199,1,,,,,,,,,,,,,,,,,
campaign_d_star,star_n200_near-ties_seed6.pcf,pac,0,0,221726,69,68,11624752871210682825,14400,bd9d01a0c917,2026-08-31T09:03:31Z,200,199,1,,,,,,,,,,,,,,,,,
campaign_d_star,star_n200_near-ties_seed6.pcf,pac,1,0,214931,69,68,11624752871210682825,14400,bd9d01a0c917,2026-08-31T09:03:31Z,200,199,1,,,,,,,,,,,,,,,,,
campaign_d_star,star_n200_near-ties_seed6.pcf,pac,2,0,196485,69,68,11624752871210682825,14400,bd9d01a0c917,2026-08-31T09:03:31Z,200,199,1,,,,,,,,,,,,,,,,,
campaign_d_star,star_n200_near-ties_seed7.pcf,pac,0,0,221840,75,74,7177396740145208984,14400,bd9d01a0c917,2026-08-31T09:03:31Z,200,199,1,,,,,,,,,,,,,,,,,
campaign_d_star,star_n200_near-ties_seed7.pcf,pac,1,0,214977,75,74,7177396740145208984,14400,bd9d01a0c917,2026-08-31T09:03:31Z,200,199,1,,,,,,,,,,,,,,,,,
campaign_d_star,star_n200_near-ties_seed7.pcf,pac,2,0,202501,75,74,7177396740145208984,14400,bd9d01a0c917,2026-08-31T09:03:31Z,200,199,1,,,,,,,,,,,,,,,,,
campaign_d_star,star_n200_near-ties_seed8.pcf,pac,0,0,222392,71,70,1883680326811372927,14400,bd9d01a0c917,2026-08-31T09:03:31Z,200,199,1,,,,,,,,,,,,,,,,,
campaign_d_star,star_n200_near-ties_seed8.pcf,pac,1,0,213169,71,70,1883680326811372927,14400,bd9d01a0c917,2026-08-31T09:03:31Z,200,199,1,,,,,,,,,,,,,,,,,
campaign_d_star,star_n200_near-ties_seed8.pcf,pac,2,0,305380,71,70,1883680326811372927,14400,bd9d01a0c917,2026-08-31T09:03:31Z,200,199,1,,,,,,,,,,,,,,,,,
campaign_d_star,star_n200_near-ties_seed9.pcf,pac,0,0,222902,79,78,16275060846378976310,14400,bd9d01a0c917,2026-08-31T09:03:31Z,200,199,1,,,,,,,,,,,,,,,,,
campaign_d_star,star_n200_near-ties_seed9.pcf,pac,1,0,213644,79,78,16275060846378976310,14400,bd9d01a0c917,2026-08-31T09:03:31Z,200,199,1,,,,,,,,,,,,,,,,,
campaign_d_star,star_n200_near-ties_seed9.pcf,pac,2,0,207390,79,78,16275060846378976310,14400,bd9d01a0c917,2026-08-31T09:03:31Z,200,199,1,,,,,,,,,,,,,,,,,
campaign_d_star,star_n500_anti-correlated_seed0.pcf,pac,0,0,1097394,248,247,8031468806822292092,14560,bd9d01a0c917,2026-08-31T09:03:31Z,500,499,1,,,,,,,,,,,,,,,,,
campaign_d_star,star_n500_anti-correlated_seed0.pcf,pac,1,0,1078711,248,247,8031468806822292092,14560,bd9d01a0c917,2026-08-31T09:03:31Z,500,499,1,,,,,,,,,,,,,,,,,
campaign_d_star,star_n500_anti-correlated_seed0.pcf,pac,2,0,1143725,248,247,8031468806822292092,14560,bd9d01a0c917,2026-08-31T09:03:31Z,500,499,1,,,,,,,,,,,,,,,,,
campaign_d_star,star_n500_anti-correlated_seed1.pcf,pac,0,0,1103173,259,258,8448731446656760822,14560,bd9d01a0c917,2026-08-31T09:03:31Z,500,499,1,,,,,,,,,,,,,,,,,
campaign_d_star,star_n500_anti-correlated_seed1.pcf,pac,1,0,1154165,259,258,8448731446656760822,14560,bd9d01a0c917,2026-08-31T09:03:31Z,500,499,1,,,,,,,,,,,,,,,,,
campaign_d_star,star_n500_anti-correlated_seed1.pcf,pac,2,0,1074522,259,258,8448731446656760822,14560,bd9d01a0c917,2026-08-31T09:03:31Z,500,499,1,,,,,,,,,,,,,,,,,
campaign_d_star,star_n500_anti-correlated_seed2.pcf,pac,0,0,1114698,248,247,2419687108090298549,14560,bd9d01a0c917,2026-08-31T09:03:31Z,500,499,1,,,,,,,,,,,,,,,,,
campaign_d_star,star_n500_anti-correlated_seed2.pcf,pac,1,0,1178793,248,247,2419687108090298549,14560,bd9d01a0c917,2026-08-31T09:03:31Z,500,499,1,,,,,,,,,,,,,,,,,
campaign_d_star,star_n500_anti-correlated_seed2.pcf,pac,2,0,1138059,248,247,2419687108090298549,14560,bd9d01a0c917,2026-08-31T09:03:31Z,500,499,1,,,,,,,,,,,,,,,,,
campaign_d_star,star_n500_anti-correlated_seed3.pcf,pac,0,0,1128323,247,246,12828282834431139519,14560,bd9d01a0c917,2026-08-31T09:03:31Z,500,499,1,,,,,,,,,,,,,,,,,
campaign_d_star,star_n500_anti-correlated_seed3.pcf,pac,1,0,1171978,247,246,12828282834431139519,14560,bd9d01a0c917,2026-08-31T09:03:31Z,500,499,1,,,,,,,,,,,,,,,,,
campaign_d_star,star_n500_anti-correlated_seed3.pcf,pac,2,0,1091378,247,246,12828282834431139519,14560,bd9d01a0c917,2026-08-31T09:03:31Z,500,499,1,,,,,,,,,,,,,,,,,
campaign_d_star,star_n500_anti-correlated_seed4.pcf,pac,0,0,1126123,250,249,6579660903726751039,14560,bd9d01a0c917,2026-08-31T09:03:31Z,500,499,1,,,,,,,,,,,,,,,,,
campaign_d_star,star_n500_anti-correlated_seed4.pcf,pac,1,0,1128810,250,249,6579660903726751039,14560,bd9d01a0c917,2026-08-31T09:03:31Z,500,499,1,,,,,,,,,,,,,,,,,
campaign_d_star,star_n500_anti-correlated_seed4.pcf,pac,2,0,1126239,250,249,6579660903726751039,14560,bd9d01a0c917,2026-08-31T09:03:31Z,500,499,1,,,,,,,,,,,,,,,,,
campaign_d_star,star_n500_anti-correlated_seed5.pcf,pac,0,0,1185078,231,230,9397805546057242542,14560,bd9d01a0c917,2026-08-31T09:03:31Z,500,499,1,,,,,,,,,,,,,,,,,
campaign_d_star,star_n500_anti-correlated_seed5.pcf,pac,1,0,1107702,231,230,9397805546057242542,14560,bd9d01a0c917,2026-08-31T09:03:31Z,500,499,1,,,,,,,,,,,,,,,,,
campaign_d_star,star_n500_anti-correlated_seed5.pcf,pac,2,0,1091770,231,230,9397805546057242542,14560,bd9d01a0c917,2026-08-31T09:03:31Z,500,499,1,,,,,,,,,,,,,,,,,
campaign_d_star,star_n500_anti-correlated_seed6.pcf,pac,0,0,1146383,264,263,1451585354508615314,14560,bd9d01a0c917,2026-08-31T09:03:31Z,500,499,1,,,,,,,,,,,,,,,,,
campaign_d_star,star_n500_anti-correlated_seed6.pcf,pac,1,0,1100956,264,263,1451585354508615314,14560,bd9d01a0c917,2026-08-31T09:03:31Z,500,499,1,,,,,,,,,,,,,,,,,
campaign_d_star,star_n500_anti-correlated_seed6.pcf,pac,2,0,1098751,264,263,1451585354508615314,14560,bd9d01a0c917,2026-08-31T09:03:31Z,500,499,1,,,,,,,,,,,,,,,,,
campaign_d_star,star_n500_anti-correlated_seed7.pcf,pac,0,0,1183426,256,255,16682917531783285608,14560,bd9d01a0c917,2026-08-31T09:03:31Z,500,499,1,,,,,,,,,,,,,,,,,
campaign_d_star,star_n500_anti-correlated_seed7.pcf,pac,1,0,1099828,256,255,16682917531783285608,14560,bd9d01a0c917,2026-08-31T09:03:31Z,500,499,1,,,,,,,,,,,,,,,,,
campaign_d_star,star_n500_anti-correlated_seed7.pcf,pac,2,0,1109858,256,255,16682917531783285608,14560,bd9d01a0c917,2026-08-31T09:03:31Z,500,499,1,,,,,,,,,,,,,,,,,
campaign_d_star,star_n500_anti-correlated_seed8.pcf,pac,0,0,1091749,246,245,333790211999206799,14560,bd9d01a0c917,2026-08-31T09:03:31Z,500,499,1,,,,,,,,,,,,,,,,,
campaign_d_star,star_n500_anti-correlated_seed8.pcf,pac,1,0,1071177,246,245,333790211999206799,14560,bd9d01a0c917,2026-08-31T09:03:31Z,500,499,1,,,,,,,,,,,,,,,,,
campaign_d_star,star_n500_anti-correlated_seed8.pcf,pac,2,0,1114103,246,245,333790211999206799,14560,bd9d01a0c917,2026-08-31T09:03:31Z,500,499,1,,,,,,,,,,,,,,,,,
campaign_d_star,star_n500_anti-correlated_seed9.pcf,pac,0,0,1116482,252,251,4843375377701172276,14560,bd9d01a0c917,2026-08-31T09:03:31Z,500,499,1,,,,,,,,,,,,,,,,,
campaign_d_star,star_n500_anti-correlated_seed9.pcf,pac,1,0,1103790,252,251,4843375377701172276,14560,bd9d01a0c917,2026-08-31T09:03:31Z,500,499,1,,,,,,,,,,,,,,,,,
campaign_d_star,star_n500_anti-correlated_seed9.pcf,pac,2,0,1096870,252,251,4843375377701172276,14560,bd9d01a0c917,2026-08-31T09:03:31Z,500,499,1,,,,,,,,,,,,,,,,,
campaign_d_star,star_n500_correlated_seed0.pcf,pac,0,0,1072792,230,229,9528402467982342388,14560,bd9d01a0c917,2026-08-31T09:03:31Z,500,499,1,,,,,,,,,,,,,,,,,
campaign_d_star,star_n500_correlated_seed0.pcf,pac,1,0,1058917,230,229,9528402467982342388,14560,bd9d01a0c917,2026-08-31T09:03:31Z,500,499,1,,,,,,,,,,,,,,,,,
campaign_d_star,star_n500_correlated_seed0.pcf,pac,2,0,1071658,230,229,9528402467982342388,14560,bd9d01a0c917,2026-08-31T09:03:31Z,500,499,1,,,,,,,,,,,,,,,,,
campaign_d_star,star_n500_correlated_seed1.pcf,pac,0,0,1101105,253,252,9118772149346957635,14560,bd9d01a0c917,2026-08-31T09:03:31Z,500,499,1,,,,,,,,,,,,,,,,,
campaign_d_star,star_n500_correlated_seed1.pcf,pac,1,0,1093363,253,252,9118772149346957635,14560,bd9d01a0c917,2026-08-31T09:03:31Z,500,499,1,,,,,,,,,,,,,,,,,
campaign_d_star,star_n500_correlated_seed1.pcf,pac,2,0,1094631,253,252,9118772149346957635,14560,bd9d01a0c917,2026-08-31T09:03:31Z,500,499,1,,,,,,,,,,,,,,,,,
campaign_d_star,star_n500_correlated_seed2.pcf,pac,0,0,1101615,249,248,798223497423679843,14560,bd9d01a0c917,2026-08-31T09:03:31Z,500,499,1,,,,,,,,,,,,,,,,,
campaign_d_star,star_n500_correlated_seed2.pcf,pac,1,0,1100125,249,248,798223497423679843,14560,bd9d01a0c917,2026-08-31T09:03:31Z,500,499,1,,,,,,,,,,,,,,,,,
campaign_d_star,star_n500_correlated_seed2.pcf,pac,2,0,1116485,249,248,798223497423679843,14560,bd9d01a0c917,2026-08-31T09:03:31Z,500,499,1,,,,,,,,,,,,,,,,,
campaign_d_star,star_n500_correlated_seed3.pcf,pac,0,0,1200790,262,261,1447249098756557319,14560,bd9d01a0c917,2026-08-31T09:03:31Z,500,499,1,,,,,,,,,,,,,,,,,
campaign_d_star,star_n500_correlated_seed3.pcf,pac,1,0,1086987,262,261,1447249098756557319,14560,bd9d01a0c917,2026-08-31T09:03:31Z,500,499,1,,,,,,,,,,,,,,,,,
campaign_d_star,star_n500_correlated_seed3.pcf,pac,2,0,1088548,262,261,1447249098756557319,14560,bd9d01a0c917,2026-08-31T09:03:31Z,500,499,1,,,,,,,,,,,,,,,,,
campaign_d_star,star_n500_correlated_seed4.pcf,pac,0,0,1090569,251,250,13645203101200516146,14560,bd9d01a0c917,2026-08-31T09:03:31Z,500,499,1,,,,,,,,,,,,,,,,,
campaign_d_star,star_n500_correlated_seed4.pcf,pac,1,0,1135971,251,250,13645203101200516146,14560,bd9d01a0c917,2026-08-31T09:03:31Z,500,499,1,,,,,,,,,,,,,,,,,
campaign_d_star,star_n500_correlated_seed4.pcf,pac,2,0,1121131,251,250,13645203101200516146,14560,bd9d01a0c917,2026-08-31T09:03:31Z,500,499,1,,,,,,,,,,,,,,,,,
campaign_d_star,star_n500_correlated_seed5.pcf,pac,0,0,1187025,259,258,12166594010789147021,14560,bd9d01a0c917,2026-08-31T09:03:31Z,500,499,1,,,,,,,,,,,,,,,,,
campaign_d_star,star_n500_correlated_seed5.pcf,pac,1,0,1102469,259,258,12166594010789147021,14560,bd9d01a0c917,2026-08-31T09:03:31Z,500,499,1,,,,,,,,,,,,,,,,,
campaign_d_star,star_n500_correlated_seed5.pcf,pac,2,0,1090444,259,258,12166594010789147021,14560,bd9d01a0c917,2026-08-31T09:03:31Z,500,499,1,,,,,,,,,,,,,,,,,
campaign_d_star,star_n500_correlated_seed6.pcf,pac,0,0,1113001,230,229,18420373501881425005,14560,bd9d01a0c917,2026-08-31T09:03:31Z,500,499,1,,,,,,,,,,,,,,,,,
campaign_d_star,star_n500_correlated_seed6.pcf,pac,1,0,1169060,230,229,18420373501881425005,14560,bd9d01a0c917,2026-08-31T09:03:31Z,500,499,1,,,,,,,,,,,,,,,,,
campaign_d_star,star_n500_correlated_seed6.pcf,pac,2,0,1098098,230,229,18420373501881425005,14560,bd9d01a0c917,2026-08-31T09:03:31Z,500,499,1,,,,,,,,,,,,,,,,,
campaign_d_star,star_n500_correlated_seed7.pcf,pac,0,0,1122725,254,253,17042384207295440699,14560,bd9d01a0c917,2026-08-31T09:03:31Z,500,499,1,,,,,,,,,,,,,,,,,
campaign_d_star,star_n500_correlated_seed7.pcf,pac,1,0,1115490,254,253,17042384207295440699,14560,bd9d01a0c917,2026-08-31T09:03:31Z,500,499,1,,,,,,,,,,,,,,,,,
campaign_d_star,star_n500_correlated_seed7.pcf,pac,2,0,1128704,254,253,17042384207295440699,14560,bd9d01a0c917,2026-08-31T09:03:31Z,500,499,1,,,,,,,,,,,,,,,,,
campaign_d_star,star_n500_correlated_seed8.pcf,pac,0,0,1098409,220,219,12495205726772422936,14720,bd9d01a0c917,2026-08-31T09:03:31Z,500,499,1,,,,,,,,,,,,,,,,,
campaign_d_star,star_n500_correlated_seed8.pcf,pac,1,0,1090481,220,219,12495205726772422936,14720,bd9d01a0c917,2026-08-31T09:03:31Z,500,499,1,,,,,,,,,,,,,,,,,
campaign_d_star,star_n500_correlated_seed8.pcf,pac,2,0,1101225,220,219,12495205726772422936,14720,bd9d01a0c917,2026-08-31T09:03:31Z,500,499,1,,,,,,,,,,,,,,,,,
campaign_d_star,star_n500_correlated_seed9.pcf,pac,0,0,1208513,238,237,9018623395527312917,14720,bd9d01a0c917,2026-08-31T09:03:31Z,500,499,1,,,,,,,,,,,,,,,,,
campaign_d_star,star_n500_correlated_seed9.pcf,pac,1,0,1086556,238,237,9018623395527312917,14720,bd9d01a0c917,2026-08-31T09:03:31Z,500,499,1,,,,,,,,,,,,,,,,,
campaign_d_star,star_n500_correlated_seed9.pcf,pac,2,0,1095069,238,237,9018623395527312917,14720,bd9d01a0c917,2026-08-31T09:03:31Z,500,499,1,,,,,,,,,,,,,,,,,
campaign_d_star,star_n500_exact-ties_seed0.pcf,pac,0,0,870014,23,22,1207161101836009857,14720,bd9d01a0c917,2026-08-31T09:03:31Z,500,499,1,,,,,,,,,,,,,,,,,
campaign_d_star,star_n500_exact-ties_seed0.pcf,pac,1,0,865158,23,22,1207161101836009857,14720,bd9d01a0c917,2026-08-31T09:03:31Z,500,499,1,,,,,,,,,,,,,,,,,
campaign_d_star,star_n500_exact-ties_seed0.pcf,pac,2,0,892458,23,22,1207161101836009857,14720,bd9d01a0c917,2026-08-31T09:03:31Z,500,499,1,,,,,,,,,,,,,,,,,
campaign_d_star,star_n500_exact-ties_seed1.pcf,pac,0,0,772265,25,24,3805163671874642509,14720,bd9d01a0c917,2026-08-31T09:03:31Z,500,499,1,,,,,,,,,,,,,,,,,
campaign_d_star,star_n500_exact-ties_seed1.pcf,pac,1,0,847479,25,24,3805163671874642509,14720,bd9d01a0c917,2026-08-31T09:03:31Z,500,499,1,,,,,,,,,,,,,,,,,
campaign_d_star,star_n500_exact-ties_seed1.pcf,pac,2,0,767094,25,24,3805163671874642509,14720,bd9d01a0c917,2026-08-31T09:03:31Z,500,499,1,,,,,,,,,,,,,,,,,
campaign_d_star,star_n500_exact-ties_seed2.pcf,pac,0,0,883292,23,22,2540567994634945324,14720,bd9d01a0c917,2026-08-31T09:03:31Z,500,499,1,,,,,,,,,,,,,,,,,
campaign_d_star,star_n500_exact-ties_seed2.pcf,pac,1,0,946370,23,22,2540567994634945324,14720,bd9d01a0c917,2026-08-31T09:03:31Z,500,499,1,,,,,,,,,,,,,,,,,
campaign_d_star,star_n500_exact-ties_seed2.pcf,pac,2,0,865771,23,22,2540567994634945324,14720,bd9d01a0c917,2026-08-31T09:03:31Z,500,499,1,,,,,,,,,,,,,,,,,
campaign_d_star,star_n500_exact-ties_seed3.pcf,pac,0,0,785976,24,23,14868508450461536542,14720,bd9d01a0c917,2026-08-31T09:03:31Z,500,499,1,,,,,,,,,,,,,,,,,
campaign_d_star,star_n500_exact-ties_seed3.pcf,pac,1,0,772676,24,23,14868508450461536542,14720,bd9d01a0c917,2026-08-31T09:03:31Z,500,499,1,,,,,,,,,,,,,,,,,
campaign_d_star,star_n500_exact-ties_seed3.pcf,pac,2,0,842766,24,23,14868508450461536542,14720,bd9d01a0c917,2026-08-31T09:03:31Z,500,499,1,,,,,,,,,,,,,,,,,
campaign_d_star,star_n500_exact-ties_seed4.pcf,pac,0,0,774780,25,24,2190224645732984792,14720,bd9d01a0c917,2026-08-31T09:03:31Z,500,499,1,,,,,,,,,,,,,,,,,
campaign_d_star,star_n500_exact-ties_seed4.pcf,pac,1,0,767314,25,24,2190224645732984792,14720,bd9d01a0c917,2026-08-31T09:03:31Z,500,499,1,,,,,,,,,,,,,,,,,
campaign_d_star,star_n500_exact-ties_seed4.pcf,pac,2,0,810723,25,24,2190224645732984792,14720,bd9d01a0c917,2026-08-31T09:03:31Z,500,499,1,,,,,,,,,,,,,,,,,
campaign_d_star,star_n500_exact-ties_seed5.pcf,pac,0,0,921101,22,21,7792760107695297501,14720,bd9d01a0c917,2026-08-31T09:03:31Z,500,499,1,,,,,,,,,,,,,,,,,
campaign_d_star,star_n500_exact-ties_seed5.pcf,pac,1,0,861710,22,21,7792760107695297501,14720,bd9d01a0c917,2026-08-31T09:03:31Z,500,499,1,,,,,,,,,,,,,,,,,
campaign_d_star,star_n500_exact-ties_seed5.pcf,pac,2,0,855679,22,21,7792760107695297501,14720,bd9d01a0c917,2026-08-31T09:03:31Z,500,499,1,,,,,,,,,,,,,,,,,
campaign_d_star,star_n500_exact-ties_seed6.pcf,pac,0,0,820976,24,23,13365237917278223316,14720,bd9d01a0c917,2026-08-31T09:03:31Z,500,499,1,,,,,,,,,,,,,,,,,
campaign_d_star,star_n500_exact-ties_seed6.pcf,pac,1,0,804754,24,23,13365237917278223316,14720,bd9d01a0c917,2026-08-31T09:03:31Z,500,499,1,,,,,,,,,,,,,,,,,
campaign_d_star,star_n500_exact-ties_seed6.pcf,pac,2,0,789063,24,23,13365237917278223316,14720,bd9d01a0c917,2026-08-31T09:03:31Z,500,499,1,,,,,,,,,,,,,,,,,
campaign_d_star,star_n500_exact-ties_seed7.pcf,pac,0,0,893203,21,20,16821029629488192142,14720,bd9d01a0c917,2026-08-31T09:03:31Z,500,499,1,,,,,,,,,,,,,,,,,
campaign_d_star,star_n500_exact-ties_seed7.pcf,pac,1,0,884343,21,20,16821029629488192142,14720,bd9d01a0c917,2026-08-31T09:03:31Z,500,499,1,,,,,,,,,,,,,,,,,
campaign_d_star,star_n500_exact-ties_seed7.pcf,pac,2,0,895691,21,20,16821029629488192142,14720,bd9d01a0c917,2026-08-31T09:03:31Z,500,499,1,,,,,,,,,,,,,,,,,
campaign_d_star,star_n500_exact-ties_seed8.pcf,pac,0,0,834414,23,22,13695397705711899915,14720,bd9d01a0c917,2026-08-31T09:03:31Z,500,499,1,,,,,,,,,,,,,,,,,
campaign_d_star,star_n500_exact-ties_seed8.pcf,pac,1,0,812697,23,22,13695397705711899915,14720,bd9d01a0c917,2026-08-31T09:03:31Z,500,499,1,,,,,,,,,,,,,,,,,
campaign_d_star,star_n500_exact-ties_seed8.pcf,pac,2,0,858587,23,22,13695397705711899915,14720,bd9d01a0c917,2026-08-31T09:03:31Z,500,499,1,,,,,,,,,,,,,,,,,
campaign_d_star,star_n500_exact-ties_seed9.pcf,pac,0,0,726787,23,22,14524923073741204875,14720,bd9d01a0c917,2026-08-31T09:03:31Z,500,499,1,,,,,,,,,,,,,,,,,
campaign_d_star,star_n500_exact-ties_seed9.pcf,pac,1,0,708464,23,22,14524923073741204875,14720,bd9d01a0c917,2026-08-31T09:03:31Z,500,499,1,,,,,,,,,,,,,,,,,
campaign_d_star,star_n500_exact-ties_seed9.pcf,pac,2,0,705813,23,22,14524923073741204875,14720,bd9d01a0c917,2026-08-31T09:03:31Z,500,499,1,,,,,,,,,,,,,,,,,
campaign_d_star,star_n500_independent-positive_seed0.pcf,pac,0,0,1121255,259,258,17099335685396079451,14720,bd9d01a0c917,2026-08-31T09:03:31Z,500,499,1,,,,,,,,,,,,,,,,,
campaign_d_star,star_n500_independent-positive_seed0.pcf,pac,1,0,1113186,259,258,17099335685396079451,14720,bd9d01a0c917,2026-08-31T09:03:31Z,500,499,1,,,,,,,,,,,,,,,,,
campaign_d_star,star_n500_independent-positive_seed0.pcf,pac,2,0,1106923,259,258,17099335685396079451,14720,bd9d01a0c917,2026-08-31T09:03:31Z,500,499,1,,,,,,,,,,,,,,,,,
campaign_d_star,star_n500_independent-positive_seed1.pcf,pac,0,0,1190237,258,257,13983352492846727099,14720,bd9d01a0c917,2026-08-31T09:03:31Z,500,499,1,,,,,,,,,,,,,,,,,
campaign_d_star,star_n500_independent-positive_seed1.pcf,pac,1,0,1071761,258,257,13983352492846727099,14720,bd9d01a0c917,2026-08-31T09:03:31Z,500,499,1,,,,,,,,,,,,,,,,,
campaign_d_star,star_n500_independent-positive_seed1.pcf,pac,2,0,1086598,258,257,13983352492846727099,14720,bd9d01a0c917,2026-08-31T09:03:31Z,500,499,1,,,,,,,,,,,,,,,,,
campaign_d_star,star_n500_independent-positive_seed2.pcf,pac,0,0,1149460,247,246,12758681347441236317,14720,bd9d01a0c917,2026-08-31T09:03:31Z,500,499,1,,,,,,,,,,,,,,,,,
campaign_d_star,star_n500_independent-positive_seed2.pcf,pac,1,0,1131324,247,246,12758681347441236317,14720,bd9d01a0c917,2026-08-31T09:03:31Z,500,499,1,,,,,,,,,,,,,,,,,
campaign_d_star,star_n500_independent-positive_seed2.pcf,pac,2,0,1119596,247,246,12758681347441236317,14720,bd9d01a0c917,2026-08-31T09:03:31Z,500,499,1,,,,,,,,,,,,,,,,,
campaign_d_star,star_n500_independent-positive_seed3.pcf,pac,0,0,1149167,243,242,14506510325826360064,14720,bd9d01a0c917,2026-08-31T09:03:31Z,500,499,1,,,,,,,,,,,,,,,,,
campaign_d_star,star_n500_independent-positive_seed3.pcf,pac,1,0,1084898,243,242,14506510325826360064,14720,bd9d01a0c917,2026-08-31T09:03:31Z,500,499,1,,,,,,,,,,,,,,,,,
campaign_d_star,star_n500_independent-positive_seed3.pcf,pac,2,0,1079564,243,242,14506510325826360064,14720,bd9d01a0c917,2026-08-31T09:03:31Z,500,499,1,,,,,,,,,,,,,,,,,
campaign_d_star,star_n500_independent-positive_seed4.pcf,pac,0,0,1120567,246,245,4426454104592918176,14720,bd9d01a0c917,2026-08-31T09:03:31Z,500,499,1,,,,,,,,,,,,,,,,,
campaign_d_star,star_n500_independent-positive_seed4.pcf,pac,1,0,1107092,246,245,4426454104592918176,14720,bd9d01a0c917,2026-08-31T09:03:31Z,500,499,1,,,,,,,,,,,,,,,,,
campaign_d_star,star_n500_independent-positive_seed4.pcf,pac,2,0,1093777,246,245,4426454104592918176,14720,bd9d01a0c917,2026-08-31T09:03:31Z,500,499,1,,,,,,,,,,,,,,,,,
campaign_d_star,star_n500_independent-positive_seed5.pcf,pac,0,0,1109229,258,257,15028744663975464322,14720,bd9d01a0c917,2026-08-31T09:03:31Z,500,499,1,,,,,,,,,,,,,,,,,
campaign_d_star,star_n500_independent-positive_seed5.pcf,pac,1,0,1156975,258,257,15028744663975464322,14720,bd9d01a0c917,2026-08-31T09:03:31Z,500,499,1,,,,,,,,,,,,,,,,,
campaign_d_star,star_n500_independent-positive_seed5.pcf,pac,2,0,1114043,258,257,15028744663975464322,14720,bd9d01a0c917,2026-08-31T09:03:31Z,500,499,1,,,,,,,,,,,,,,,,,
campaign_d_star,star_n500_independent-positive_seed6.pcf,pac,0,0,1118726,239,238,2667659030892153141,14720,bd9d01a0c917,2026-08-31T09:03:31Z,500,499,1,,,,,,,,,,,,,,,,,
campaign_d_star,star_n500_independent-positive_seed6.pcf,pac,1,0,1149387,239,238,2667659030892153141,14720,bd9d01a0c917,2026-08-31T09:03:31Z,500,499,1,,,,,,,,,,,,,,,,,
campaign_d_star,star_n500_independent-positive_seed6.pcf,pac,2,0,1097425,239,238,2667659030892153141,14720,bd9d01a0c917,2026-08-31T09:03:31Z,500,499,1,,,,,,,,,,,,,,,,,
campaign_d_star,star_n500_independent-positive_seed7.pcf,pac,0,0,1102976,260,259,13079173406004135423,14720,bd9d01a0c917,2026-08-31T09:03:31Z,500,499,1,,,,,,,,,,,,,,,,,
campaign_d_star,star_n500_independent-positive_seed7.pcf,pac,1,0,1093531,260,259,13079173406004135423,14720,bd9d01a0c917,2026-08-31T09:03:31Z,500,499,1,,,,,,,,,,,,,,,,,
campaign_d_star,star_n500_independent-positive_seed7.pcf,pac,2,0,1109509,260,259,13079173406004135423,14720,bd9d01a0c917,2026-08-31T09:03:31Z,500,499,1,,,,,,,,,,,,,,,,,
campaign_d_star,star_n500_independent-positive_seed8.pcf,pac,0,0,1117321,271,270,9859737695411016248,14720,bd9d01a0c917,2026-08-31T09:03:31Z,500,499,1,,,,,,,,,,,,,,,,,
campaign_d_star,star_n500_independent-positive_seed8.pcf,pac,1,0,1132649,271,270,9859737695411016248,14720,bd9d01a0c917,2026-08-31T09:03:31Z,500,499,1,,,,,,,,,,,,,,,,,
campaign_d_star,star_n500_independent-positive_seed8.pcf,pac,2,0,1091364,271,270,9859737695411016248,14720,bd9d01a0c917,2026-08-31T09:03:31Z,500,499,1,,,,,,,,,,,,,,,,,
campaign_d_star,star_n500_independent-positive_seed9.pcf,pac,0,0,1096785,251,250,11704481023750034364,14880,bd9d01a0c917,2026-08-31T09:03:31Z,500,499,1,,,,,,,,,,,,,,,,,
campaign_d_star,star_n500_independent-positive_seed9.pcf,pac,1,0,1092097,251,250,11704481023750034364,14880,bd9d01a0c917,2026-08-31T09:03:31Z,500,499,1,,,,,,,,,,,,,,,,,
campaign_d_star,star_n500_independent-positive_seed9.pcf,pac,2,0,1082589,251,250,11704481023750034364,14880,bd9d01a0c917,2026-08-31T09:03:31Z,500,499,1,,,,,,,,,,,,,,,,,
campaign_d_star,star_n500_independent-signed_seed0.pcf,pac,0,0,1105077,247,246,841741070342964928,14880,bd9d01a0c917,2026-08-31T09:03:31Z,500,499,1,,,,,,,,,,,,,,,,,
campaign_d_star,star_n500_independent-signed_seed0.pcf,pac,1,0,1153422,247,246,841741070342964928,14880,bd9d01a0c917,2026-08-31T09:03:31Z,500,499,1,,,,,,,,,,,,,,,,,
campaign_d_star,star_n500_independent-signed_seed0.pcf,pac,2,0,1082459,247,246,841741070342964928,14880,bd9d01a0c917,2026-08-31T09:03:31Z,500,499,1,,,,,,,,,,,,,,,,,
campaign_d_star,star_n500_independent-signed_seed1.pcf,pac,0,0,1113862,278,277,5543572665545260379,14880,bd9d01a0c917,2026-08-31T09:03:31Z,500,499,1,,,,,,,,,,,,,,,,,
campaign_d_star,star_n500_independent-signed_seed1.pcf,pac,1,0,1174981,278,277,5543572665545260379,14880,bd9d01a0c917,2026-08-31T09:03:31Z,500,499,1,,,,,,,,,,,,,,,,,
campaign_d_star,star_n500_independent-signed_seed1.pcf,pac,2,0,1100970,278,277,5543572665545260379,14880,bd9d01a0c917,2026-08-31T09:03:31Z,500,499,1,,,,,,,,,,,,,,,,,
campaign_d_star,star_n500_independent-signed_seed2.pcf,pac,0,0,1126961,259,258,16480927843715994828,14880,bd9d01a0c917,2026-08-31T09:03:31Z,500,499,1,,,,,,,,,,,,,,,,,
campaign_d_star,star_n500_independent-signed_seed2.pcf,pac,1,0,1115587,259,258,16480927843715994828,14880,bd9d01a0c917,2026-08-31T09:03:31Z,500,499,1,,,,,,,,,,,,,,,,,
campaign_d_star,star_n500_independent-signed_seed2.pcf,pac,2,0,1143331,259,258,16480927843715994828,14880,bd9d01a0c917,2026-08-31T09:03:31Z,500,499,1,,,,,,,,,,,,,,,,,
campaign_d_star,star_n500_independent-signed_seed3.pcf,pac,0,0,1118584,246,245,8482847524973757097,14880,bd9d01a0c917,2026-08-31T09:03:31Z,500,499,1,,,,,,,,,,,,,,,,,
campaign_d_star,star_n500_independent-signed_seed3.pcf,pac,1,0,1142406,246,245,8482847524973757097,14880,bd9d01a0c917,2026-08-31T09:03:31Z,500,499,1,,,,,,,,,,,,,,,,,
campaign_d_star,star_n500_independent-signed_seed3.pcf,pac,2,0,1113586,246,245,8482847524973757097,14880,bd9d01a0c917,2026-08-31T09:03:31Z,500,499,1,,,,,,,,,,,,,,,,,
campaign_d_star,star_n500_independent-signed_seed4.pcf,pac,0,0,1146564,229,228,2362644671025076206,14880,bd9d01a0c917,2026-08-31T09:03:31Z,500,499,1,,,,,,,,,,,,,,,,,
campaign_d_star,star_n500_independent-signed_seed4.pcf,pac,1,0,1179357,229,228,2362644671025076206,14880,bd9d01a0c917,2026-08-31T09:03:31Z,500,499,1,,,,,,,,,,,,,,,,,
campaign_d_star,star_n500_independent-signed_seed4.pcf,pac,2,0,1140973,229,228,2362644671025076206,14880,bd9d01a0c917,2026-08-31T09:03:31Z,500,499,1,,,,,,,,,,,,,,,,,
campaign_d_star,star_n500_independent-signed_seed5.pcf,pac,0,0,1238425,255,254,2728009937333964748,14880,bd9d01a0c917,2026-08-31T09:03:31Z,500,499,1,,,,,,,,,,,,,,,,,
campaign_d_star,star_n500_independent-signed_seed5.pcf,pac,1,0,1119152,255,254,2728009937333964748,14880,bd9d01a0c917,2026-08-31T09:03:31Z,500,499,1,,,,,,,,,,,,,,,,,
campaign_d_star,star_n500_independent-signed_seed5.pcf,pac,2,0,1145419,255,254,2728009937333964748,14880,bd9d01a0c917,2026-08-31T09:03:31Z,500,499,1,,,,,,,,,,,,,,,,,
campaign_d_star,star_n500_independent-signed_seed6.pcf,pac,0,0,1144069,252,251,11614250840801175940,14880,bd9d01a0c917,2026-08-31T09:03:31Z,500,499,1,,,,,,,,,,,,,,,,,
campaign_d_star,star_n500_independent-signed_seed6.pcf,pac,1,0,1202801,252,251,11614250840801175940,14880,bd9d01a0c917,2026-08-31T09:03:31Z,500,499,1,,,,,,,,,,,,,,,,,
campaign_d_star,star_n500_independent-signed_seed6.pcf,pac,2,0,1121536,252,251,11614250840801175940,14880,bd9d01a0c917,2026-08-31T09:03:31Z,500,499,1,,,,,,,,,,,,,,,,,
campaign_d_star,star_n500_independent-signed_seed7.pcf,pac,0,0,1152681,267,266,16477976793796128323,14880,bd9d01a0c917,2026-08-31T09:03:31Z,500,499,1,,,,,,,,,,,,,,,,,
campaign_d_star,star_n500_independent-signed_seed7.pcf,pac,1,0,1177281,267,266,16477976793796128323,14880,bd9d01a0c917,2026-08-31T09:03:31Z,500,499,1,,,,,,,,,,,,,,,,,
campaign_d_star,star_n500_independent-signed_seed7.pcf,pac,2,0,1118809,267,266,16477976793796128323,14880,bd9d01a0c917,2026-08-31T09:03:31Z,500,499,1,,,,,,,,,,,,,,,,,
campaign_d_star,star_n500_independent-signed_seed8.pcf,pac,0,0,1133889,253,252,7043724219436508671,14880,bd9d01a0c917,2026-08-31T09:03:31Z,500,499,1,,,,,,,,,,,,,,,,,
campaign_d_star,star_n500_independent-signed_seed8.pcf,pac,1,0,1148290,253,252,7043724219436508671,14880,bd9d01a0c917,2026-08-31T09:03:31Z,500,499,1,,,,,,,,,,,,,,,,,
campaign_d_star,star_n500_independent-signed_seed8.pcf,pac,2,0,1139904,253,252,7043724219436508671,14880,bd9d01a0c917,2026-08-31T09:03:31Z,500,499,1,,,,,,,,,,,,,,,,,
campaign_d_star,star_n500_independent-signed_seed9.pcf,pac,0,0,1115934,235,234,11602813321516257936,14880,bd9d01a0c917,2026-08-31T09:03:31Z,500,499,1,,,,,,,,,,,,,,,,,
campaign_d_star,star_n500_independent-signed_seed9.pcf,pac,1,0,1117013,235,234,11602813321516257936,14880,bd9d01a0c917,2026-08-31T09:03:31Z,500,499,1,,,,,,,,,,,,,,,,,
campaign_d_star,star_n500_independent-signed_seed9.pcf,pac,2,0,1074388,235,234,11602813321516257936,14880,bd9d01a0c917,2026-08-31T09:03:31Z,500,499,1,,,,,,,,,,,,,,,,,
campaign_d_star,star_n500_near-ties_seed0.pcf,pac,0,0,951243,111,110,6381574100894818050,14880,bd9d01a0c917,2026-08-31T09:03:31Z,500,499,1,,,,,,,,,,,,,,,,,
campaign_d_star,star_n500_near-ties_seed0.pcf,pac,1,0,953218,111,110,6381574100894818050,14880,bd9d01a0c917,2026-08-31T09:03:31Z,500,499,1,,,,,,,,,,,,,,,,,
campaign_d_star,star_n500_near-ties_seed0.pcf,pac,2,0,969709,111,110,6381574100894818050,14880,bd9d01a0c917,2026-08-31T09:03:31Z,500,499,1,,,,,,,,,,,,,,,,,
campaign_d_star,star_n500_near-ties_seed1.pcf,pac,0,0,999439,126,125,2524997042518006201,14880,bd9d01a0c917,2026-08-31T09:03:31Z,500,499,1,,,,,,,,,,,,,,,,,
campaign_d_star,star_n500_near-ties_seed1.pcf,pac,1,0,1062864,126,125,2524997042518006201,14880,bd9d01a0c917,2026-08-31T09:03:31Z,500,499,1,,,,,,,,,,,,,,,,,
campaign_d_star,star_n500_near-ties_seed1.pcf,pac,2,0,979784,126,125,2524997042518006201,14880,bd9d01a0c917,2026-08-31T09:03:31Z,500,499,1,,,,,,,,,,,,,,,,,
campaign_d_star,star_n500_near-ties_seed2.pcf,pac,0,0,944356,125,124,7594785645013762318,14880,bd9d01a0c917,2026-08-31T09:03:31Z,500,499,1,,,,,,,,,,,,,,,,,
campaign_d_star,star_n500_near-ties_seed2.pcf,pac,1,0,937218,125,124,7594785645013762318,14880,bd9d01a0c917,2026-08-31T09:03:31Z,500,499,1,,,,,,,,,,,,,,,,,
campaign_d_star,star_n500_near-ties_seed2.pcf,pac,2,0,951204,125,124,7594785645013762318,14880,bd9d01a0c917,2026-08-31T09:03:31Z,500,499,1,,,,,,,,,,,,,,,,,
campaign_d_star,star_n500_near-ties_seed3.pcf,pac,0,0,977241,119,118,18120955920125053047,14880,bd9d01a0c917,2026-08-31T09:03:31Z,500,499,1,,,,,,,,,,,,,,,,,
campaign_d_star,star_n500_near-ties_seed3.pcf,pac,1,0,1071661,119,118,18120955920125053047,14880,bd9d01a0c917,2026-08-31T09:03:31Z,500,499,1,,,,,,,,,,,,,,,,,
campaign_d_star,star_n500_near-ties_seed3.pcf,pac,2,0,969649,119,118,18120955920125053047,14880,bd9d01a0c917,2026-08-31T09:03:31Z,500,499,1,,,,,,,,,,,,,,,,,
campaign_d_star,star_n500_near-ties_seed4.pcf,pac,0,0,956222,117,116,9535611290518063271,14880,bd9d01a0c917,2026-08-31T09:03:31Z,500,499,1,,,,,,,,,,,,,,,,,
campaign_d_star,star_n500_near-ties_seed4.pcf,pac,1,0,953735,117,116,9535611290518063271,14880,bd9d01a0c917,2026-08-31T09:03:31Z,500,499,1,,,,,,,,,,,,,,,,,
campaign_d_star,star_n500_near-ties_seed4.pcf,pac,2,0,939473,117,116,9535611290518063271,14880,bd9d01a0c917,2026-08-31T09:03:31Z,500,499,1,,,,,,,,,,,,,,,,,
campaign_d_star,star_n500_near-ties_seed5.pcf,pac,0,0,993213,119,118,10859851361164019070,14880,bd9d01a0c917,2026-08-31T09:03:31Z,500,499,1,,,,,,,,,,,,,,,,,
campaign_d_star,star_n500_near-ties_seed5.pcf,pac,1,0,1081459,119,118,10859851361164019070,14880,bd9d01a0c917,2026-08-31T09:03:31Z,500,499,1,,,,,,,,,,,,,,,,,
campaign_d_star,star_n500_near-ties_seed5.pcf,pac,2,0,961337,119,118,10859851361164019070,14880,bd9d01a0c917,2026-08-31T09:03:31Z,500,499,1,,,,,,,,,,,,,,,,,
campaign_d_star,star_n500_near-ties_seed6.pcf,pac,0,0,989120,120,119,12100471384453049365,14880,bd9d01a0c917,2026-08-31T09:03:31Z,500,499,1,,,,,,,,,,,,,,,,,
campaign_d_star,star_n500_near-ties_seed6.pcf,pac,1,0,982587,120,119,12100471384453049365,14880,bd9d01a0c917,2026-08-31T09:03:31Z,500,499,1,,,,,,,,,,,,,,,,,
campaign_d_star,star_n500_near-ties_seed6.pcf,pac,2,0,990291,120,119,12100471384453049365,14880,bd9d01a0c917,2026-08-31T09:03:31Z,500,499,1,,,,,,,,,,,,,,,,,
campaign_d_star,star_n500_near-ties_seed7.pcf,pac,0,0,967471,121,120,16691958934620870361,14880,bd9d01a0c917,2026-08-31T09:03:31Z,500,499,1,,,,,,,,,,,,,,,,,
campaign_d_star,star_n500_near-ties_seed7.pcf,pac,1,0,948225,121,120,16691958934620870361,14880,bd9d01a0c917,2026-08-31T09:03:31Z,500,499,1,,,,,,,,,,,,,,,,,
campaign_d_star,star_n500_near-ties_seed7.pcf,pac,2,0,976182,121,120,16691958934620870361,14880,bd9d01a0c917,2026-08-31T09:03:31Z,500,499,1,,,,,,,,,,,,,,,,,
campaign_d_star,star_n500_near-ties_seed8.pcf,pac,0,0,1066197,119,118,13254632190961437350,15040,bd9d01a0c917,2026-08-31T09:03:31Z,500,499,1,,,,,,,,,,,,,,,,,
campaign_d_star,star_n500_near-ties_seed8.pcf,pac,1,0,983671,119,118,13254632190961437350,15040,bd9d01a0c917,2026-08-31T09:03:31Z,500,499,1,,,,,,,,,,,,,,,,,
campaign_d_star,star_n500_near-ties_seed8.pcf,pac,2,0,979551,119,118,13254632190961437350,15040,bd9d01a0c917,2026-08-31T09:03:31Z,500,499,1,,,,,,,,,,,,,,,,,
campaign_d_star,star_n500_near-ties_seed9.pcf,pac,0,0,993814,115,114,3579820712930599658,15040,bd9d01a0c917,2026-08-31T09:03:31Z,500,499,1,,,,,,,,,,,,,,,,,
campaign_d_star,star_n500_near-ties_seed9.pcf,pac,1,0,1038664,115,114,3579820712930599658,15040,bd9d01a0c917,2026-08-31T09:03:31Z,500,499,1,,,,,,,,,,,,,,,,,
campaign_d_star,star_n500_near-ties_seed9.pcf,pac,2,0,997382,115,114,3579820712930599658,15040,bd9d01a0c917,2026-08-31T09:03:31Z,500,499,1,,,,,,,,,,,,,,,,,
