campaign_id,instance,algorithm,repetition,order,elapsed_ns,n_layers,n_breakpoints,sequence_hash,peak_rss_kib,git_commit,timestamp_utc,n_nodes,n_arcs,n_components,rac_clusters,rac_joins,rac_internalizations,rac_envelope_sum_calls,rac_envelope_max_calls,rac_hull_calls,rac_lines_scanned,rac_line_comparisons,rac_rational_comparisons,rac_pieces_stored,rac_topdown_events,rac_topdown_scans,rac_expanded_vertices,rac_expanded_edges,rac_rounds,rac_max_cluster_depth,rac_estimated_bytes
campaign_e_in,in_n100000_rho0.6_anti-correlated_seed0.pcf,dhpac,0,0,112940660,55343,55342,1895377126907725209,35352,23f703aa3bc9,2026-08-28T19:39:17Z,100000,59759,40241,,,,,,,,,,,,,,,,,
campaign_e_in,in_n100000_rho0.6_anti-correlated_seed0.pcf,dhpac,1,0,106327038,55343,55342,1895377126907725209,36576,23f703aa3bc9,2026-08-28T19:39:17Z,100000,59759,40241,,,,,,,,,,,,,,,,,
campaign_e_in,in_n100000_rho0.6_anti-correlated_seed0.pcf,dhpac,2,0,110728583,55343,55342,1895377126907725209,36576,23f703aa3bc9,2026-08-28T19:39:18Z,100000,59759,40241,,,,,,,,,,,,,,,,,
campaign_e_in,in_n100000_rho0.6_anti-correlated_seed1.pcf,dhpac,0,0,115764396,55211,55210,12105513525417754367,35044,23f703aa3bc9,2026-08-28T19:39:18Z,100000,59827,40173,,,,,,,,,,,,,,,,,
campaign_e_in,in_n100000_rho0.6_anti-correlated_seed1.pcf,dhpac,1,0,105723035,55211,55210,12105513525417754367,36548,23f703aa3bc9,2026-08-28T19:39:18Z,100000,59827,40173,,,,,,,,,,,,,,,,,
campaign_e_in,in_n100000_rho0.6_anti-correlated_seed1.pcf,dhpac,2,0,107671157,55211,55210,12105513525417754367,36548,23f703aa3bc9,2026-08-28T19:39:18Z,100000,59827,40173,,,,,,,,,,,,,,,,,
campaign_e_in,in_n100000_rho0.6_anti-correlated_seed2.pcf,dhpac,0,0,119282266,55081,55080,18236387113047195347,35540,23f703aa3bc9,2026-08-28T19:39:18Z,100000,60184,39816,,,,,,,,,,,,,,,,,
campaign_e_in,in_n100000_rho0.6_anti-correlated_seed2.pcf,dhpac,1,0,112947105,55081,55080,18236387113047195347,36700,23f703aa3bc9,2026-08-28T19:39:18Z,100000,60184,39816,,,,,,,,,,,,,,,,,
campaign_e_in,in_n100000_rho0.6_anti-correlated_seed2.pcf,dhpac,2,0,112693408,55081,55080,18236387113047195347,36892,23f703aa3bc9,2026-08-28T19:39:18Z,100000,60184,39816,,,,,,,,,,,,,,,,,
campaign_e_in,in_n100000_rho0.6_anti-correlated_seed3.pcf,dhpac,0,0,115187566,55320,55319,17163860900273661380,35528,23f703aa3bc9,2026-08-28T19:39:18Z,100000,59870,40130,,,,,,,,,,,,,,,,,
campaign_e_in,in_n100000_rho0.6_anti-correlated_seed3.pcf,dhpac,1,0,110185627,55320,55319,17163860900273661380,37056,23f703aa3bc9,2026-08-28T19:39:19Z,100000,59870,40130,,,,,,,,,,,,,,,,,
campaign_e_in,in_n100000_rho0.6_anti-correlated_seed3.pcf,dhpac,2,0,111946058,55320,55319,17163860900273661380,37056,23f703aa3bc9,2026-08-28T19:39:19Z,100000,59870,40130,,,,,,,,,,,,,,,,,
campaign_e_in,in_n100000_rho0.6_anti-correlated_seed4.pcf,dhpac,0,0,118507020,55220,55219,1372796301853713207,35548,23f703aa3bc9,2026-08-28T19:39:19Z,100000,60138,39862,,,,,,,,,,,,,,,,,
campaign_e_in,in_n100000_rho0.6_anti-correlated_seed4.pcf,dhpac,1,0,112071588,55220,55219,1372796301853713207,36884,23f703aa3bc9,2026-08-28T19:39:19Z,100000,60138,39862,,,,,,,,,,,,,,,,,
campaign_e_in,in_n100000_rho0.6_anti-correlated_seed4.pcf,dhpac,2,0,115980887,55220,55219,1372796301853713207,37392,23f703aa3bc9,2026-08-28T19:39:19Z,100000,60138,39862,,,,,,,,,,,,,,,,,
campaign_e_in,in_n100000_rho0.6_correlated_seed0.pcf,dhpac,0,0,111540525,41177,41176,8406337376798902164,32788,23f703aa3bc9,2026-08-28T19:39:19Z,100000,59759,40241,,,,,,,,,,,,,,,,,
campaign_e_in,in_n100000_rho0.6_correlated_seed0.pcf,dhpac,1,0,106173161,41177,41176,8406337376798902164,34260,23f703aa3bc9,2026-08-28T19:39:19Z,100000,59759,40241,,,,,,,,,,,,,,,,,
campaign_e_in,in_n100000_rho0.6_correlated_seed0.pcf,dhpac,2,0,104799642,41177,41176,8406337376798902164,34580,23f703aa3bc9,2026-08-28T19:39:19Z,100000,59759,40241,,,,,,,,,,,,,,,,,
campaign_e_in,in_n100000_rho0.6_correlated_seed1.pcf,dhpac,0,0,108214582,41220,41219,5908688494268222545,32644,23f703aa3bc9,2026-08-28T19:39:19Z,100000,59827,40173,,,,,,,,,,,,,,,,,
campaign_e_in,in_n100000_rho0.6_correlated_seed1.pcf,dhpac,1,0,106199451,41220,41219,5908688494268222545,34264,23f703aa3bc9,2026-08-28T19:39:20Z,100000,59827,40173,,,,,,,,,,,,,,,,,
campaign_e_in,in_n100000_rho0.6_correlated_seed1.pcf,dhpac,2,0,105872285,41220,41219,5908688494268222545,34264,23f703aa3bc9,2026-08-28T19:39:20Z,100000,59827,40173,,,,,,,,,,,,,,,,,
campaign_e_in,in_n100000_rho0.6_correlated_seed2.pcf,dhpac,0,0,116038071,41021,41020,9748683583797043355,33140,23f703aa3bc9,2026-08-28T19:39:20Z,100000,60184,39816,,,,,,,,,,,,,,,,,
campaign_e_in,in_n100000_rho0.6_correlated_seed2.pcf,dhpac,1,0,112099101,41021,41020,9748683583797043355,34560,23f703aa3bc9,2026-08-28T19:39:20Z,100000,60184,39816,,,,,,,,,,,,,,,,,
campaign_e_in,in_n100000_rho0.6_correlated_seed2.pcf,dhpac,2,0,111564249,41021,41020,9748683583797043355,38240,23f703aa3bc9,2026-08-28T19:39:20Z,100000,60184,39816,,,,,,,,,,,,,,,,,
campaign_e_in,in_n100000_rho0.6_correlated_seed3.pcf,dhpac,0,0,113956061,41081,41080,14794588652636878772,32972,23f703aa3bc9,2026-08-28T19:39:20Z,100000,59870,40130,,,,,,,,,,,,,,,,,
campaign_e_in,in_n100000_rho0.6_correlated_seed3.pcf,dhpac,1,0,109344671,41081,41080,14794588652636878772,35692,23f703aa3bc9,2026-08-28T19:39:20Z,100000,59870,40130,,,,,,,,,,,,,,,,,
campaign_e_in,in_n100000_rho0.6_correlated_seed3.pcf,dhpac,2,0,109666454,41081,41080,14794588652636878772,35692,23f703aa3bc9,2026-08-28T19:39:20Z,100000,59870,40130,,,,,,,,,,,,,,,,,
campaign_e_in,in_n100000_rho0.6_correlated_seed4.pcf,dhpac,0,0,117802459,41143,41142,444362702900129164,32984,23f703aa3bc9,2026-08-28T19:39:21Z,100000,60138,39862,,,,,,,,,,,,,,,,,
campaign_e_in,in_n100000_rho0.6_correlated_seed4.pcf,dhpac,1,0,111735170,41143,41142,444362702900129164,34576,23f703aa3bc9,2026-08-28T19:39:21Z,100000,60138,39862,,,,,,,,,,,,,,,,,
campaign_e_in,in_n100000_rho0.6_correlated_seed4.pcf,dhpac,2,0,109192108,41143,41142,444362702900129164,37456,23f703aa3bc9,2026-08-28T19:39:21Z,100000,60138,39862,,,,,,,,,,,,,,,,,
campaign_e_in,in_n100000_rho0.6_exact-ties_seed0.pcf,dhpac,0,0,105673839,14821,14820,15647724296363757512,28168,23f703aa3bc9,2026-08-28T19:39:21Z,100000,59992,40008,,,,,,,,,,,,,,,,,
campaign_e_in,in_n100000_rho0.6_exact-ties_seed0.pcf,dhpac,1,0,105790322,14821,14820,15647724296363757512,30132,23f703aa3bc9,2026-08-28T19:39:21Z,100000,59992,40008,,,,,,,,,,,,,,,,,
campaign_e_in,in_n100000_rho0.6_exact-ties_seed0.pcf,dhpac,2,0,104856472,14821,14820,15647724296363757512,30508,23f703aa3bc9,2026-08-28T19:39:21Z,100000,59992,40008,,,,,,,,,,,,,,,,,
campaign_e_in,in_n100000_rho0.6_exact-ties_seed1.pcf,dhpac,0,0,104273274,15074,15073,2982836022034270867,28016,23f703aa3bc9,2026-08-28T19:39:21Z,100000,60122,39878,,,,,,,,,,,,,,,,,
campaign_e_in,in_n100000_rho0.6_exact-ties_seed1.pcf,dhpac,1,0,102179163,15074,15073,2982836022034270867,31748,23f703aa3bc9,2026-08-28T19:39:21Z,100000,60122,39878,,,,,,,,,,,,,,,,,
campaign_e_in,in_n100000_rho0.6_exact-ties_seed1.pcf,dhpac,2,0,102777220,15074,15073,2982836022034270867,31748,23f703aa3bc9,2026-08-28T19:39:21Z,100000,60122,39878,,,,,,,,,,,,,,,,,
campaign_e_in,in_n100000_rho0.6_exact-ties_seed2.pcf,dhpac,0,0,104524268,14997,14996,6786968632988447118,28184,23f703aa3bc9,2026-08-28T19:39:22Z,100000,60199,39801,,,,,,,,,,,,,,,,,
campaign_e_in,in_n100000_rho0.6_exact-ties_seed2.pcf,dhpac,1,0,102010531,14997,14996,6786968632988447118,30372,23f703aa3bc9,2026-08-28T19:39:22Z,100000,60199,39801,,,,,,,,,,,,,,,,,
campaign_e_in,in_n100000_rho0.6_exact-ties_seed2.pcf,dhpac,2,0,102013372,14997,14996,6786968632988447118,30520,23f703aa3bc9,2026-08-28T19:39:22Z,100000,60199,39801,,,,,,,,,,,,,,,,,
campaign_e_in,in_n100000_rho0.6_exact-ties_seed3.pcf,dhpac,0,0,102785626,14900,14899,11202894774149577261,28136,23f703aa3bc9,2026-08-28T19:39:22Z,100000,59638,40362,,,,,,,,,,,,,,,,,
campaign_e_in,in_n100000_rho0.6_exact-ties_seed3.pcf,dhpac,1,0,100836965,14900,14899,11202894774149577261,30984,23f703aa3bc9,2026-08-28T19:39:22Z,100000,59638,40362,,,,,,,,,,,,,,,,,
campaign_e_in,in_n100000_rho0.6_exact-ties_seed3.pcf,dhpac,2,0,105907680,14900,14899,11202894774149577261,31124,23f703aa3bc9,2026-08-28T19:39:22Z,100000,59638,40362,,,,,,,,,,,,,,,,,
campaign_e_in,in_n100000_rho0.6_exact-ties_seed4.pcf,dhpac,0,0,112321504,15045,15044,14792836331456850730,28184,23f703aa3bc9,2026-08-28T19:39:22Z,100000,60159,39841,,,,,,,,,,,,,,,,,
campaign_e_in,in_n100000_rho0.6_exact-ties_seed4.pcf,dhpac,1,0,103423384,15045,15044,14792836331456850730,31756,23f703aa3bc9,2026-08-28T19:39:22Z,100000,60159,39841,,,,,,,,,,,,,,,,,
campaign_e_in,in_n100000_rho0.6_exact-ties_seed4.pcf,dhpac,2,0,103196783,15045,15044,14792836331456850730,31772,23f703aa3bc9,2026-08-28T19:39:22Z,100000,60159,39841,,,,,,,,,,,,,,,,,
campaign_e_in,in_n100000_rho0.6_independent-positive_seed0.pcf,dhpac,0,0,114222693,63214,63213,13104150494727319757,36804,23f703aa3bc9,2026-08-28T19:39:23Z,100000,59884,40116,,,,,,,,,,,,,,,,,
campaign_e_in,in_n100000_rho0.6_independent-positive_seed0.pcf,dhpac,1,0,108575313,63214,63213,13104150494727319757,38308,23f703aa3bc9,2026-08-28T19:39:23Z,100000,59884,40116,,,,,,,,,,,,,,,,,
campaign_e_in,in_n100000_rho0.6_independent-positive_seed0.pcf,dhpac,2,0,109337759,63214,63213,13104150494727319757,38308,23f703aa3bc9,2026-08-28T19:39:23Z,100000,59884,40116,,,,,,,,,,,,,,,,,
campaign_e_in,in_n100000_rho0.6_independent-positive_seed1.pcf,dhpac,0,0,111874773,63284,63283,13101753323253091069,36640,23f703aa3bc9,2026-08-28T19:39:23Z,100000,59867,40133,,,,,,,,,,,,,,,,,
campaign_e_in,in_n100000_rho0.6_independent-positive_seed1.pcf,dhpac,1,0,107439141,63284,63283,13101753323253091069,37848,23f703aa3bc9,2026-08-28T19:39:23Z,100000,59867,40133,,,,,,,,,,,,,,,,,
campaign_e_in,in_n100000_rho0.6_independent-positive_seed1.pcf,dhpac,2,0,107793463,63284,63283,13101753323253091069,37888,23f703aa3bc9,2026-08-28T19:39:23Z,100000,59867,40133,,,,,,,,,,,,,,,,,
campaign_e_in,in_n100000_rho0.6_independent-positive_seed2.pcf,dhpac,0,0,112740136,63213,63212,5787702723016015885,36644,23f703aa3bc9,2026-08-28T19:39:23Z,100000,60096,39904,,,,,,,,,,,,,,,,,
campaign_e_in,in_n100000_rho0.6_independent-positive_seed2.pcf,dhpac,1,0,107754487,63213,63212,5787702723016015885,37848,23f703aa3bc9,2026-08-28T19:39:23Z,100000,60096,39904,,,,,,,,,,,,,,,,,
campaign_e_in,in_n100000_rho0.6_independent-positive_seed2.pcf,dhpac,2,0,109290372,63213,63212,5787702723016015885,38148,23f703aa3bc9,2026-08-28T19:39:24Z,100000,60096,39904,,,,,,,,,,,,,,,,,
campaign_e_in,in_n100000_rho0.6_independent-positive_seed3.pcf,dhpac,0,0,113695774,63136,63135,607734283509417597,36652,23f703aa3bc9,2026-08-28T19:39:24Z,100000,59786,40214,,,,,,,,,,,,,,,,,
campaign_e_in,in_n100000_rho0.6_independent-positive_seed3.pcf,dhpac,1,0,108341953,63136,63135,607734283509417597,38304,23f703aa3bc9,2026-08-28T19:39:24Z,100000,59786,40214,,,,,,,,,,,,,,,,,
campaign_e_in,in_n100000_rho0.6_independent-positive_seed3.pcf,dhpac,2,0,110023452,63136,63135,607734283509417597,38304,23f703aa3bc9,2026-08-28T19:39:24Z,100000,59786,40214,,,,,,,,,,,,,,,,,
campaign_e_in,in_n100000_rho0.6_independent-positive_seed4.pcf,dhpac,0,0,115333182,63059,63058,16749654630303696156,36784,23f703aa3bc9,2026-08-28T19:39:24Z,100000,60241,39759,,,,,,,,,,,,,,,,,
campaign_e_in,in_n100000_rho0.6_independent-positive_seed4.pcf,dhpac,1,0,110100554,63059,63058,16749654630303696156,38140,23f703aa3bc9,2026-08-28T19:39:24Z,100000,60241,39759,,,,,,,,,,,,,,,,,
campaign_e_in,in_n100000_rho0.6_independent-positive_seed4.pcf,dhpac,2,0,111311845,63059,63058,16749654630303696156,38140,23f703aa3bc9,2026-08-28T19:39:24Z,100000,60241,39759,,,,,,,,,,,,,,,,,
campaign_e_in,in_n100000_rho0.6_independent-signed_seed0.pcf,dhpac,0,0,114298267,65633,65632,7211832212891532205,39676,23f703aa3bc9,2026-08-28T19:39:24Z,100000,59900,40100,,,,,,,,,,,,,,,,,
campaign_e_in,in_n100000_rho0.6_independent-signed_seed0.pcf,dhpac,1,0,110281106,65633,65632,7211832212891532205,41764,23f703aa3bc9,2026-08-28T19:39:25Z,100000,59900,40100,,,,,,,,,,,,,,,,,
campaign_e_in,in_n100000_rho0.6_independent-signed_seed0.pcf,dhpac,2,0,111214082,65633,65632,7211832212891532205,42924,23f703aa3bc9,2026-08-28T19:39:25Z,100000,59900,40100,,,,,,,,,,,,,,,,,
campaign_e_in,in_n100000_rho0.6_independent-signed_seed1.pcf,dhpac,0,0,112047346,66022,66021,7660277687400172142,39680,23f703aa3bc9,2026-08-28T19:39:25Z,100000,59869,40131,,,,,,,,,,,,,,,,,
campaign_e_in,in_n100000_rho0.6_independent-signed_seed1.pcf,dhpac,1,0,107833422,66022,66021,7660277687400172142,40364,23f703aa3bc9,2026-08-28T19:39:25Z,100000,59869,40131,,,,,,,,,,,,,,,,,
campaign_e_in,in_n100000_rho0.6_independent-signed_seed1.pcf,dhpac,2,0,107384720,66022,66021,7660277687400172142,40364,23f703aa3bc9,2026-08-28T19:39:25Z,100000,59869,40131,,,,,,,,,,,,,,,,,
campaign_e_in,in_n100000_rho0.6_independent-signed_seed2.pcf,dhpac,0,0,120389140,65721,65720,16779358722591122219,40180,23f703aa3bc9,2026-08-28T19:39:25Z,100000,60106,39894,,,,,,,,,,,,,,,,,
campaign_e_in,in_n100000_rho0.6_independent-signed_seed2.pcf,dhpac,1,0,115686363,65721,65720,16779358722591122219,40664,23f703aa3bc9,2026-08-28T19:39:25Z,100000,60106,39894,,,,,,,,,,,,,,,,,
campaign_e_in,in_n100000_rho0.6_independent-signed_seed2.pcf,dhpac,2,0,116105149,65721,65720,16779358722591122219,41492,23f703aa3bc9,2026-08-28T19:39:25Z,100000,60106,39894,,,,,,,,,,,,,,,,,
campaign_e_in,in_n100000_rho0.6_independent-signed_seed3.pcf,dhpac,0,0,116524766,65972,65971,15073168842802950729,40012,23f703aa3bc9,2026-08-28T19:39:26Z,100000,59810,40190,,,,,,,,,,,,,,,,,
campaign_e_in,in_n100000_rho0.6_independent-signed_seed3.pcf,dhpac,1,0,113257131,65972,65971,15073168842802950729,40524,23f703aa3bc9,2026-08-28T19:39:26Z,100000,59810,40190,,,,,,,,,,,,,,,,,
campaign_e_in,in_n100000_rho0.6_independent-signed_seed3.pcf,dhpac,2,0,111405085,65972,65971,15073168842802950729,40616,23f703aa3bc9,2026-08-28T19:39:26Z,100000,59810,40190,,,,,,,,,,,,,,,,,
campaign_e_in,in_n100000_rho0.6_independent-signed_seed4.pcf,dhpac,0,0,115526828,65821,65820,13682438430319351499,39892,23f703aa3bc9,2026-08-28T19:39:26Z,100000,60232,39768,,,,,,,,,,,,,,,,,
campaign_e_in,in_n100000_rho0.6_independent-signed_seed4.pcf,dhpac,1,0,111896644,65821,65820,13682438430319351499,40520,23f703aa3bc9,2026-08-28T19:39:26Z,100000,60232,39768,,,,,,,,,,,,,,,,,
campaign_e_in,in_n100000_rho0.6_independent-signed_seed4.pcf,dhpac,2,0,111376889,65821,65820,13682438430319351499,40520,23f703aa3bc9,2026-08-28T19:39:26Z,100000,60232,39768,,,,,,,,,,,,,,,,,
campaign_e_in,in_n100000_rho0.6_near-ties_seed0.pcf,dhpac,0,0,105256747,1477,1476,17154606309436138171,28148,23f703aa3bc9,2026-08-28T19:39:26Z,100000,59764,40236,,,,,,,,,,,,,,,,,
campaign_e_in,in_n100000_rho0.6_near-ties_seed0.pcf,dhpac,1,0,103591148,1477,1476,17154606309436138171,29992,23f703aa3bc9,2026-08-28T19:39:26Z,100000,59764,40236,,,,,,,,,,,,,,,,,
campaign_e_in,in_n100000_rho0.6_near-ties_seed0.pcf,dhpac,2,0,103183644,1477,1476,17154606309436138171,29992,23f703aa3bc9,2026-08-28T19:39:26Z,100000,59764,40236,,,,,,,,,,,,,,,,,
campaign_e_in,in_n100000_rho0.6_near-ties_seed1.pcf,dhpac,0,0,100741466,1466,1465,5846214346221681910,28140,23f703aa3bc9,2026-08-28T19:39:27Z,100000,59703,40297,,,,,,,,,,,,,,,,,
campaign_e_in,in_n100000_rho0.6_near-ties_seed1.pcf,dhpac,1,0,99029086,1466,1465,5846214346221681910,30476,23f703aa3bc9,2026-08-28T19:39:27Z,100000,59703,40297,,,,,,,,,,,,,,,,,
campaign_e_in,in_n100000_rho0.6_near-ties_seed1.pcf,dhpac,2,0,97465408,1466,1465,5846214346221681910,30476,23f703aa3bc9,2026-08-28T19:39:27Z,100000,59703,40297,,,,,,,,,,,,,,,,,
campaign_e_in,in_n100000_rho0.6_near-ties_seed2.pcf,dhpac,0,0,104924534,1477,1476,18324777046096456337,27984,23f703aa3bc9,2026-08-28T19:39:27Z,100000,59960,40040,,,,,,,,,,,,,,,,,
campaign_e_in,in_n100000_rho0.6_near-ties_seed2.pcf,dhpac,1,0,103647592,1477,1476,18324777046096456337,29952,23f703aa3bc9,2026-08-28T19:39:27Z,100000,59960,40040,,,,,,,,,,,,,,,,,
campaign_e_in,in_n100000_rho0.6_near-ties_seed2.pcf,dhpac,2,0,102525199,1477,1476,18324777046096456337,30284,23f703aa3bc9,2026-08-28T19:39:27Z,100000,59960,40040,,,,,,,,,,,,,,,,,
campaign_e_in,in_n100000_rho0.6_near-ties_seed3.pcf,dhpac,0,0,105687228,1481,1480,6952451067726249356,28144,23f703aa3bc9,2026-08-28T19:39:27Z,100000,59774,40226,,,,,,,,,,,,,,,,,
campaign_e_in,in_n100000_rho0.6_near-ties_seed3.pcf,dhpac,1,0,103381351,1481,1480,6952451067726249356,30804,23f703aa3bc9,2026-08-28T19:39:27Z,100000,59774,40226,,,,,,,,,,,,,,,,,
campaign_e_in,in_n100000_rho0.6_near-ties_seed3.pcf,dhpac,2,0,103250095,1481,1480,6952451067726249356,30804,23f703aa3bc9,2026-08-28T19:39:27Z,100000,59774,40226,,,,,,,,,,,,,,,,,
campaign_e_in,in_n100000_rho0.6_near-ties_seed4.pcf,dhpac,0,0,109092564,1479,1478,3777033680908660240,28156,23f703aa3bc9,2026-08-28T19:39:28Z,100000,59894,40106,,,,,,,,,,,,,,,,,
campaign_e_in,in_n100000_rho0.6_near-ties_seed4.pcf,dhpac,1,0,107956920,1479,1478,3777033680908660240,30976,23f703aa3bc9,2026-08-28T19:39:28Z,100000,59894,40106,,,,,,,,,,,,,,,,,
campaign_e_in,in_n100000_rho0.6_near-ties_seed4.pcf,dhpac,2,0,105967076,1479,1478,3777033680908660240,31740,23f703aa3bc9,2026-08-28T19:39:28Z,100000,59894,40106,,,,,,,,,,,,,,,,,
campaign_e_in,in_n100000_rho1.0_anti-correlated_seed0.pcf,dhpac,0,0,1430052339,42096,42095,17155531324566295361,122088,23f703aa3bc9,2026-08-28T19:39:29Z,100000,99999,1,,,,,,,,,,,,,,,,,
campaign_e_in,in_n100000_rho1.0_anti-correlated_seed0.pcf,dhpac,1,0,1429274718,42096,42095,17155531324566295361,170624,23f703aa3bc9,2026-08-28T19:39:31Z,100000,99999,1,,,,,,,,,,,,,,,,,
campaign_e_in,in_n100000_rho1.0_anti-correlated_seed0.pcf,dhpac,2,0,1424639809,42096,42095,17155531324566295361,171552,23f703aa3bc9,2026-08-28T19:39:32Z,100000,99999,1,,,,,,,,,,,,,,,,,
campaign_e_in,in_n100000_rho1.0_anti-correlated_seed1.pcf,dhpac,0,0,1214372777,42116,42115,6488122949445758442,122112,23f703aa3bc9,2026-08-28T19:39:33Z,100000,99999,1,,,,,,,,,,,,,,,,,
campaign_e_in,in_n100000_rho1.0_anti-correlated_seed1.pcf,dhpac,1,0,1212221851,42116,42115,6488122949445758442,168896,23f703aa3bc9,2026-08-28T19:39:35Z,100000,99999,1,,,,,,,,,,,,,,,,,
campaign_e_in,in_n100000_rho1.0_anti-correlated_seed1.pcf,dhpac,2,0,1212312949,42116,42115,6488122949445758442,169796,23f703aa3bc9,2026-08-28T19:39:36Z,100000,99999,1,,,,,,,,,,,,,,,,,
campaign_e_in,in_n100000_rho1.0_anti-correlated_seed2.pcf,dhpac,0,0,1247387305,42158,42157,10294202058132583584,122092,23f703aa3bc9,2026-08-28T19:39:37Z,100000,99999,1,,,,,,,,,,,,,,,,,
campaign_e_in,in_n100000_rho1.0_anti-correlated_seed2.pcf,dhpac,1,0,1242868854,42158,42157,10294202058132583584,170800,23f703aa3bc9,2026-08-28T19:39:38Z,100000,99999,1,,,,,,,,,,,,,,,,,
campaign_e_in,in_n100000_rho1.0_anti-correlated_seed2.pcf,dhpac,2,0,1242761118,42158,42157,10294202058132583584,170800,23f703aa3bc9,2026-08-28T19:39:40Z,100000,99999,1,,,,,,,,,,,,,,,,,
campaign_e_in,in_n100000_rho1.0_anti-correlated_seed3.pcf,dhpac,0,0,1145045991,42294,42293,4846561545553665708,122120,23f703aa3bc9,2026-08-28T19:39:41Z,100000,99999,1,,,,,,,,,,,,,,,,,
campaign_e_in,in_n100000_rho1.0_anti-correlated_seed3.pcf,dhpac,1,0,1140305564,42294,42293,4846561545553665708,168920,23f703aa3bc9,2026-08-28T19:39:42Z,100000,99999,1,,,,,,,,,,,,,,,,,
campaign_e_in,in_n100000_rho1.0_anti-correlated_seed3.pcf,dhpac,2,0,1137756411,42294,42293,4846561545553665708,170320,23f703aa3bc9,2026-08-28T19:39:43Z,100000,99999,1,,,,,,,,,,,,,,,,,
campaign_e_in,in_n100000_rho1.0_anti-correlated_seed4.pcf,dhpac,0,0,1171659576,42532,42531,13984455571246451554,122120,23f703aa3bc9,2026-08-28T19:39:44Z,100000,99999,1,,,,,,,,,,,,,,,,,
campaign_e_in,in_n100000_rho1.0_anti-correlated_seed4.pcf,dhpac,1,0,1178085218,42532,42531,13984455571246451554,168952,23f703aa3bc9,2026-08-28T19:39:45Z,100000,99999,1,,,,,,,,,,,,,,,,,
campaign_e_in,in_n100000_rho1.0_anti-correlated_seed4.pcf,dhpac,2,0,1169816256,42532,42531,13984455571246451554,170316,23f703aa3bc9,2026-08-28T19:39:47Z,100000,99999,1,,,,,,,,,,,,,,,,,
campaign_e_in,in_n100000_rho1.0_correlated_seed0.pcf,dhpac,0,0,1378079506,33379,33378,14204317797216350150,121928,23f703aa3bc9,2026-08-28T19:39:48Z,100000,99999,1,,,,,,,,,,,,,,,,,
campaign_e_in,in_n100000_rho1.0_correlated_seed0.pcf,dhpac,1,0,1374352104,33379,33378,14204317797216350150,169924,23f703aa3bc9,2026-08-28T19:39:49Z,100000,99999,1,,,,,,,,,,,,,,,,,
campaign_e_in,in_n100000_rho1.0_correlated_seed0.pcf,dhpac,2,0,1376706347,33379,33378,14204317797216350150,169956,23f703aa3bc9,2026-08-28T19:39:51Z,100000,99999,1,,,,,,,,,,,,,,,,,
campaign_e_in,in_n100000_rho1.0_correlated_seed1.pcf,dhpac,0,0,1206366596,33564,33563,12541058566531954620,121956,23f703aa3bc9,2026-08-28T19:39:52Z,100000,99999,1,,,,,,,,,,,,,,,,,
campaign_e_in,in_n100000_rho1.0_correlated_seed1.pcf,dhpac,1,0,1202548584,33564,33563,12541058566531954620,169496,23f703aa3bc9,2026-08-28T19:39:53Z,100000,99999,1,,,,,,,,,,,,,,,,,
campaign_e_in,in_n100000_rho1.0_correlated_seed1.pcf,dhpac,2,0,1192482308,33564,33563,12541058566531954620,169992,23f703aa3bc9,2026-08-28T19:39:54Z,100000,99999,1,,,,,,,,,,,,,,,,,
campaign_e_in,in_n100000_rho1.0_correlated_seed2.pcf,dhpac,0,0,1237393948,33616,33615,10094790854590230010,122100,23f703aa3bc9,2026-08-28T19:39:56Z,100000,99999,1,,,,,,,,,,,,,,,,,
campaign_e_in,in_n100000_rho1.0_correlated_seed2.pcf,dhpac,1,0,1237081037,33616,33615,10094790854590230010,169968,23f703aa3bc9,2026-08-28T19:39:57Z,100000,99999,1,,,,,,,,,,,,,,,,,
campaign_e_in,in_n100000_rho1.0_correlated_seed2.pcf,dhpac,2,0,1240957272,33616,33615,10094790854590230010,171268,23f703aa3bc9,2026-08-28T19:39:58Z,100000,99999,1,,,,,,,,,,,,,,,,,
campaign_e_in,in_n100000_rho1.0_correlated_seed3.pcf,dhpac,0,0,1139424576,33534,33533,4107522045493968999,122116,23f703aa3bc9,2026-08-28T19:39:59Z,100000,99999,1,,,,,,,,,,,,,,,,,
campaign_e_in,in_n100000_rho1.0_correlated_seed3.pcf,dhpac,1,0,1141169989,33534,33533,4107522045493968999,168692,23f703aa3bc9,2026-08-28T19:40:00Z,100000,99999,1,,,,,,,,,,,,,,,,,
campaign_e_in,in_n100000_rho1.0_correlated_seed3.pcf,dhpac,2,0,1124099126,33534,33533,4107522045493968999,168744,23f703aa3bc9,2026-08-28T19:40:02Z,100000,99999,1,,,,,,,,,,,,,,,,,
campaign_e_in,in_n100000_rho1.0_correlated_seed4.pcf,dhpac,0,0,1176605253,33485,33484,5653872966551062676,122124,23f703aa3bc9,2026-08-28T19:40:03Z,100000,99999,1,,,,,,,,,,,,,,,,,
campaign_e_in,in_n100000_rho1.0_correlated_seed4.pcf,dhpac,1,0,1172716183,33485,33484,5653872966551062676,168692,23f703aa3bc9,2026-08-28T19:40:04Z,100000,99999,1,,,,,,,,,,,,,,,,,
campaign_e_in,in_n100000_rho1.0_correlated_seed4.pcf,dhpac,2,0,1163506113,33485,33484,5653872966551062676,170024,23f703aa3bc9,2026-08-28T19:40:05Z,100000,99999,1,,,,,,,,,,,,,,,,,
campaign_e_in,in_n100000_rho1.0_exact-ties_seed0.pcf,dhpac,0,0,1191792195,16348,16347,11700281157720607840,122092,23f703aa3bc9,2026-08-28T19:40:06Z,100000,99999,1,,,,,,,,,,,,,,,,,
campaign_e_in,in_n100000_rho1.0_exact-ties_seed0.pcf,dhpac,1,0,1193353947,16348,16347,11700281157720607840,170520,23f703aa3bc9,2026-08-28T19:40:08Z,100000,99999,1,,,,,,,,,,,,,,,,,
campaign_e_in,in_n100000_rho1.0_exact-ties_seed0.pcf,dhpac,2,0,1189853331,16348,16347,11700281157720607840,170528,23f703aa3bc9,2026-08-28T19:40:09Z,100000,99999,1,,,,,,,,,,,,,,,,,
campaign_e_in,in_n100000_rho1.0_exact-ties_seed1.pcf,dhpac,0,0,1408833460,16303,16302,16061421681808791149,122120,23f703aa3bc9,2026-08-28T19:40:10Z,100000,99999,1,,,,,,,,,,,,,,,,,
campaign_e_in,in_n100000_rho1.0_exact-ties_seed1.pcf,dhpac,1,0,1407247256,16303,16302,16061421681808791149,170512,23f703aa3bc9,2026-08-28T19:40:12Z,100000,99999,1,,,,,,,,,,,,,,,,,
campaign_e_in,in_n100000_rho1.0_exact-ties_seed1.pcf,dhpac,2,0,1406461192,16303,16302,16061421681808791149,170516,23f703aa3bc9,2026-08-28T19:40:13Z,100000,99999,1,,,,,,,,,,,,,,,,,
campaign_e_in,in_n100000_rho1.0_exact-ties_seed2.pcf,dhpac,0,0,1254089733,16295,16294,1454833703345100820,122120,23f703aa3bc9,2026-08-28T19:40:14Z,100000,99999,1,,,,,,,,,,,,,,,,,
campaign_e_in,in_n100000_rho1.0_exact-ties_seed2.pcf,dhpac,1,0,1171031467,16295,16294,1454833703345100820,170516,23f703aa3bc9,2026-08-28T19:40:15Z,100000,99999,1,,,,,,,,,,,,,,,,,
campaign_e_in,in_n100000_rho1.0_exact-ties_seed2.pcf,dhpac,2,0,1169824048,16295,16294,1454833703345100820,170516,23f703aa3bc9,2026-08-28T19:40:17Z,100000,99999,1,,,,,,,,,,,,,,,,,
campaign_e_in,in_n100000_rho1.0_exact-ties_seed3.pcf,dhpac,0,0,1279656788,16211,16210,12287936397775000739,121952,23f703aa3bc9,2026-08-28T19:40:18Z,100000,99999,1,,,,,,,,,,,,,,,,,
campaign_e_in,in_n100000_rho1.0_exact-ties_seed3.pcf,dhpac,1,0,1284498013,16211,16210,12287936397775000739,169060,23f703aa3bc9,2026-08-28T19:40:19Z,100000,99999,1,,,,,,,,,,,,,,,,,
campaign_e_in,in_n100000_rho1.0_exact-ties_seed3.pcf,dhpac,2,0,1284632155,16211,16210,12287936397775000739,169204,23f703aa3bc9,2026-08-28T19:40:21Z,100000,99999,1,,,,,,,,,,,,,,,,,
campaign_e_in,in_n100000_rho1.0_exact-ties_seed4.pcf,dhpac,0,0,1363498351,16294,16293,9677606671392528916,122084,23f703aa3bc9,2026-08-28T19:40:22Z,100000,99999,1,,,,,,,,,,,,,,,,,
campaign_e_in,in_n100000_rho1.0_exact-ties_seed4.pcf,dhpac,1,0,1414959485,16294,16293,9677606671392528916,170028,23f703aa3bc9,2026-08-28T19:40:23Z,100000,99999,1,,,,,,,,,,,,,,,,,
campaign_e_in,in_n100000_rho1.0_exact-ties_seed4.pcf,dhpac,2,0,1361523082,16294,16293,9677606671392528916,170520,23f703aa3bc9,2026-08-28T19:40:25Z,100000,99999,1,,,,,,,,,,,,,,,,,
campaign_e_in,in_n100000_rho1.0_independent-positive_seed0.pcf,dhpac,0,0,1117815172,46794,46793,4102829329319197644,122112,23f703aa3bc9,2026-08-28T19:40:26Z,100000,99999,1,,,,,,,,,,,,,,,,,
campaign_e_in,in_n100000_rho1.0_independent-positive_seed0.pcf,dhpac,1,0,1112924599,46794,46793,4102829329319197644,170240,23f703aa3bc9,2026-08-28T19:40:27Z,100000,99999,1,,,,,,,,,,,,,,,,,
campaign_e_in,in_n100000_rho1.0_independent-positive_seed0.pcf,dhpac,2,0,1123465923,46794,46793,4102829329319197644,170284,23f703aa3bc9,2026-08-28T19:40:28Z,100000,99999,1,,,,,,,,,,,,,,,,,
campaign_e_in,in_n100000_rho1.0_independent-positive_seed1.pcf,dhpac,0,0,1203668565,46887,46886,9493915182505116777,122116,23f703aa3bc9,2026-08-28T19:40:29Z,100000,99999,1,,,,,,,,,,,,,,,,,
campaign_e_in,in_n100000_rho1.0_independent-positive_seed1.pcf,dhpac,1,0,1200726203,46887,46886,9493915182505116777,170256,23f703aa3bc9,2026-08-28T19:40:31Z,100000,99999,1,,,,,,,,,,,,,,,,,
campaign_e_in,in_n100000_rho1.0_independent-positive_seed1.pcf,dhpac,2,0,1199646493,46887,46886,9493915182505116777,170468,23f703aa3bc9,2026-08-28T19:40:32Z,100000,99999,1,,,,,,,,,,,,,,,,,
campaign_e_in,in_n100000_rho1.0_independent-positive_seed2.pcf,dhpac,0,0,1325744999,46895,46894,12475366065713695301,121932,23f703aa3bc9,2026-08-28T19:40:33Z,100000,99999,1,,,,,,,,,,,,,,,,,
campaign_e_in,in_n100000_rho1.0_independent-positive_seed2.pcf,dhpac,1,0,1319955501,46895,46894,12475366065713695301,170712,23f703aa3bc9,2026-08-28T19:40:34Z,100000,99999,1,,,,,,,,,,,,,,,,,
campaign_e_in,in_n100000_rho1.0_independent-positive_seed2.pcf,dhpac,2,0,1324628790,46895,46894,12475366065713695301,171304,23f703aa3bc9,2026-08-28T19:40:36Z,100000,99999,1,,,,,,,,,,,,,,,,,
campaign_e_in,in_n100000_rho1.0_independent-positive_seed3.pcf,dhpac,0,0,1385302410,47043,47042,525913527146526203,122112,23f703aa3bc9,2026-08-28T19:40:37Z,100000,99999,1,,,,,,,,,,,,,,,,,
campaign_e_in,in_n100000_rho1.0_independent-positive_seed3.pcf,dhpac,1,0,1379560110,47043,47042,525913527146526203,169472,23f703aa3bc9,2026-08-28T19:40:39Z,100000,99999,1,,,,,,,,,,,,,,,,,
campaign_e_in,in_n100000_rho1.0_independent-positive_seed3.pcf,dhpac,2,0,1382610512,47043,47042,525913527146526203,170616,23f703aa3bc9,2026-08-28T19:40:40Z,100000,99999,1,,,,,,,,,,,,,,,,,
campaign_e_in,in_n100000_rho1.0_independent-positive_seed4.pcf,dhpac,0,0,1320518333,47120,47119,10659529808672298499,122076,23f703aa3bc9,2026-08-28T19:40:41Z,100000,99999,1,,,,,,,,,,,,,,,,,
campaign_e_in,in_n100000_rho1.0_independent-positive_seed4.pcf,dhpac,1,0,1314126027,47120,47119,10659529808672298499,169440,23f703aa3bc9,2026-08-28T19:40:43Z,100000,99999,1,,,,,,,,,,,,,,,,,
campaign_e_in,in_n100000_rho1.0_independent-positive_seed4.pcf,dhpac,2,0,1315365955,47120,47119,10659529808672298499,169720,23f703aa3bc9,2026-08-28T19:40:44Z,100000,99999,1,,,,,,,,,,,,,,,,,
campaign_e_in,in_n100000_rho1.0_independent-signed_seed0.pcf,dhpac,0,0,1291783353,48525,48524,12080849352653319240,122080,23f703aa3bc9,2026-08-28T19:40:45Z,100000,99999,1,,,,,,,,,,,,,,,,,
campaign_e_in,in_n100000_rho1.0_independent-signed_seed0.pcf,dhpac,1,0,1278048473,48525,48524,12080849352653319240,170732,23f703aa3bc9,2026-08-28T19:40:47Z,100000,99999,1,,,,,,,,,,,,,,,,,
campaign_e_in,in_n100000_rho1.0_independent-signed_seed0.pcf,dhpac,2,0,1277711846,48525,48524,12080849352653319240,170732,23f703aa3bc9,2026-08-28T19:40:48Z,100000,99999,1,,,,,,,,,,,,,,,,,
campaign_e_in,in_n100000_rho1.0_independent-signed_seed1.pcf,dhpac,0,0,1216095197,48414,48413,6391263854791283233,122096,23f703aa3bc9,2026-08-28T19:40:49Z,100000,99999,1,,,,,,,,,,,,,,,,,
campaign_e_in,in_n100000_rho1.0_independent-signed_seed1.pcf,dhpac,1,0,1211884516,48414,48413,6391263854791283233,170728,23f703aa3bc9,2026-08-28T19:40:50Z,100000,99999,1,,,,,,,,,,,,,,,,,
campaign_e_in,in_n100000_rho1.0_independent-signed_seed1.pcf,dhpac,2,0,1212144428,48414,48413,6391263854791283233,170856,23f703aa3bc9,2026-08-28T19:40:51Z,100000,99999,1,,,,,,,,,,,,,,,,,
campaign_e_in,in_n100000_rho1.0_independent-signed_seed2.pcf,dhpac,0,0,1236126901,48569,48568,1423165544676082473,122104,23f703aa3bc9,2026-08-28T19:40:53Z,100000,99999,1,,,,,,,,,,,,,,,,,
campaign_e_in,in_n100000_rho1.0_independent-signed_seed2.pcf,dhpac,1,0,1232559630,48569,48568,1423165544676082473,170760,23f703aa3bc9,2026-08-28T19:40:54Z,100000,99999,1,,,,,,,,,,,,,,,,,
campaign_e_in,in_n100000_rho1.0_independent-signed_seed2.pcf,dhpac,2,0,1233213888,48569,48568,1423165544676082473,170760,23f703aa3bc9,2026-08-28T19:40:55Z,100000,99999,1,,,,,,,,,,,,,,,,,
campaign_e_in,in_n100000_rho1.0_independent-signed_seed3.pcf,dhpac,0,0,1146734254,48567,48566,5466237628450606355,122108,23f703aa3bc9,2026-08-28T19:40:56Z,100000,99999,1,,,,,,,,,,,,,,,,,
campaign_e_in,in_n100000_rho1.0_independent-signed_seed3.pcf,dhpac,1,0,1142156018,48567,48566,5466237628450606355,170440,23f703aa3bc9,2026-08-28T19:40:58Z,100000,99999,1,,,,,,,,,,,,,,,,,
campaign_e_in,in_n100000_rho1.0_independent-signed_seed3.pcf,dhpac,2,0,1146281924,48567,48566,5466237628450606355,170440,23f703aa3bc9,2026-08-28T19:40:59Z,100000,99999,1,,,,,,,,,,,,,,,,,
campaign_e_in,in_n100000_rho1.0_independent-signed_seed4.pcf,dhpac,0,0,1263691950,48227,48226,1711679731420205777,122108,23f703aa3bc9,2026-08-28T19:41:00Z,100000,99999,1,,,,,,,,,,,,,,,,,
campaign_e_in,in_n100000_rho1.0_independent-signed_seed4.pcf,dhpac,1,0,1251762826,48227,48226,1711679731420205777,170404,23f703aa3bc9,2026-08-28T19:41:01Z,100000,99999,1,,,,,,,,,,,,,,,,,
campaign_e_in,in_n100000_rho1.0_independent-signed_seed4.pcf,dhpac,2,0,1252566456,48227,48226,1711679731420205777,170848,23f703aa3bc9,2026-08-28T19:41:03Z,100000,99999,1,,,,,,,,,,,,,,,,,
campaign_e_in,in_n100000_rho1.0_near-ties_seed0.pcf,dhpac,0,0,1021570112,2111,2110,16410460270588097207,122108,23f703aa3bc9,2026-08-28T19:41:04Z,100000,99999,1,,,,,,,,,,,,,,,,,
campaign_e_in,in_n100000_rho1.0_near-ties_seed0.pcf,dhpac,1,0,1027584643,2111,2110,16410460270588097207,169160,23f703aa3bc9,2026-08-28T19:41:05Z,100000,99999,1,,,,,,,,,,,,,,,,,
campaign_e_in,in_n100000_rho1.0_near-ties_seed0.pcf,dhpac,2,0,1022376653,2111,2110,16410460270588097207,169160,23f703aa3bc9,2026-08-28T19:41:06Z,100000,99999,1,,,,,,,,,,,,,,,,,
campaign_e_in,in_n100000_rho1.0_near-ties_seed1.pcf,dhpac,0,0,1156102886,2133,2132,12372436942985284994,122100,23f703aa3bc9,2026-08-28T19:41:07Z,100000,99999,1,,,,,,,,,,,,,,,,,
campaign_e_in,in_n100000_rho1.0_near-ties_seed1.pcf,dhpac,1,0,1153351870,2133,2132,12372436942985284994,168352,23f703aa3bc9,2026-08-28T19:41:08Z,100000,99999,1,,,,,,,,,,,,,,,,,
campaign_e_in,in_n100000_rho1.0_near-ties_seed1.pcf,dhpac,2,0,1153617282,2133,2132,12372436942985284994,169108,23f703aa3bc9,2026-08-28T19:41:09Z,100000,99999,1,,,,,,,,,,,,,,,,,
campaign_e_in,in_n100000_rho1.0_near-ties_seed2.pcf,dhpac,0,0,1142738500,2147,2146,14216042596509508742,122080,23f703aa3bc9,2026-08-28T19:41:10Z,100000,99999,1,,,,,,,,,,,,,,,,,
campaign_e_in,in_n100000_rho1.0_near-ties_seed2.pcf,dhpac,1,0,1143098645,2147,2146,14216042596509508742,168332,23f703aa3bc9,2026-08-28T19:41:11Z,100000,99999,1,,,,,,,,,,,,,,,,,
campaign_e_in,in_n100000_rho1.0_near-ties_seed2.pcf,dhpac,2,0,1144400938,2147,2146,14216042596509508742,169092,23f703aa3bc9,2026-08-28T19:41:13Z,100000,99999,1,,,,,,,,,,,,,,,,,
campaign_e_in,in_n100000_rho1.0_near-ties_seed3.pcf,dhpac,0,0,1067316148,2144,2143,12518692941544693211,122116,23f703aa3bc9,2026-08-28T19:41:14Z,100000,99999,1,,,,,,,,,,,,,,,,,
campaign_e_in,in_n100000_rho1.0_near-ties_seed3.pcf,dhpac,1,0,1067850802,2144,2143,12518692941544693211,168368,23f703aa3bc9,2026-08-28T19:41:15Z,100000,99999,1,,,,,,,,,,,,,,,,,
campaign_e_in,in_n100000_rho1.0_near-ties_seed3.pcf,dhpac,2,0,1066351765,2144,2143,12518692941544693211,169928,23f703aa3bc9,2026-08-28T19:41:16Z,100000,99999,1,,,,,,,,,,,,,,,,,
campaign_e_in,in_n100000_rho1.0_near-ties_seed4.pcf,dhpac,0,0,1062323920,2124,2123,18024843558935443580,122088,23f703aa3bc9,2026-08-28T19:41:17Z,100000,99999,1,,,,,,,,,,,,,,,,,
campaign_e_in,in_n100000_rho1.0_near-ties_seed4.pcf,dhpac,1,0,1065726188,2124,2123,18024843558935443580,168340,23f703aa3bc9,2026-08-28T19:41:18Z,100000,99999,1,,,,,,,,,,,,,,,,,
campaign_e_in,in_n100000_rho1.0_near-ties_seed4.pcf,dhpac,2,0,1063642877,2124,2123,18024843558935443580,168340,23f703aa3bc9,2026-08-28T19:41:19Z,100000,99999,1,,,,,,,,,,,,,,,,,
campaign_e_in,in_n10000_rho0.6_anti-correlated_seed0.pcf,dhpac,0,0,9654327,6819,6818,15738012770496063864,13280,23f703aa3bc9,2026-08-28T19:41:19Z,10000,6121,3879,,,,,,,,,,,,,,,,,
campaign_e_in,in_n10000_rho0.6_anti-correlated_seed0.pcf,dhpac,1,0,9097765,6819,6818,15738012770496063864,13280,23f703aa3bc9,2026-08-28T19:41:19Z,10000,6121,3879,,,,,,,,,,,,,,,,,
campaign_e_in,in_n10000_rho0.6_anti-correlated_seed0.pcf,dhpac,2,0,9255707,6819,6818,15738012770496063864,13280,23f703aa3bc9,2026-08-28T19:41:19Z,10000,6121,3879,,,,,,,,,,,,,,,,,
campaign_e_in,in_n10000_rho0.6_anti-correlated_seed1.pcf,dhpac,0,0,9373373,6816,6815,8971166618425432167,13280,23f703aa3bc9,2026-08-28T19:41:19Z,10000,6069,3931,,,,,,,,,,,,,,,,,
campaign_e_in,in_n10000_rho0.6_anti-correlated_seed1.pcf,dhpac,1,0,8923363,6816,6815,8971166618425432167,13280,23f703aa3bc9,2026-08-28T19:41:19Z,10000,6069,3931,,,,,,,,,,,,,,,,,
campaign_e_in,in_n10000_rho0.6_anti-correlated_seed1.pcf,dhpac,2,0,8878304,6816,6815,8971166618425432167,13280,23f703aa3bc9,2026-08-28T19:41:19Z,10000,6069,3931,,,,,,,,,,,,,,,,,
campaign_e_in,in_n10000_rho0.6_anti-correlated_seed2.pcf,dhpac,0,0,8713768,6691,6690,5678780867229710097,13280,23f703aa3bc9,2026-08-28T19:41:19Z,10000,5992,4008,,,,,,,,,,,,,,,,,
campaign_e_in,in_n10000_rho0.6_anti-correlated_seed2.pcf,dhpac,1,0,8344140,6691,6690,5678780867229710097,13280,23f703aa3bc9,2026-08-28T19:41:19Z,10000,5992,4008,,,,,,,,,,,,,,,,,
campaign_e_in,in_n10000_rho0.6_anti-correlated_seed2.pcf,dhpac,2,0,8398222,6691,6690,5678780867229710097,13280,23f703aa3bc9,2026-08-28T19:41:19Z,10000,5992,4008,,,,,,,,,,,,,,,,,
campaign_e_in,in_n10000_rho0.6_anti-correlated_seed3.pcf,dhpac,0,0,9095841,6812,6811,736050917786414391,13280,23f703aa3bc9,2026-08-28T19:41:19Z,10000,6003,3997,,,,,,,,,,,,,,,,,
campaign_e_in,in_n10000_rho0.6_anti-correlated_seed3.pcf,dhpac,1,0,8637363,6812,6811,736050917786414391,13280,23f703aa3bc9,2026-08-28T19:41:19Z,10000,6003,3997,,,,,,,,,,,,,,,,,
campaign_e_in,in_n10000_rho0.6_anti-correlated_seed3.pcf,dhpac,2,0,8710751,6812,6811,736050917786414391,13280,23f703aa3bc9,2026-08-28T19:41:19Z,10000,6003,3997,,,,,,,,,,,,,,,,,
campaign_e_in,in_n10000_rho0.6_anti-correlated_seed4.pcf,dhpac,0,0,9678165,6771,6770,13994995422546262746,13280,23f703aa3bc9,2026-08-28T19:41:19Z,10000,6103,3897,,,,,,,,,,,,,,,,,
campaign_e_in,in_n10000_rho0.6_anti-correlated_seed4.pcf,dhpac,1,0,9151038,6771,6770,13994995422546262746,13280,23f703aa3bc9,2026-08-28T19:41:19Z,10000,6103,3897,,,,,,,,,,,,,,,,,
campaign_e_in,in_n10000_rho0.6_anti-correlated_seed4.pcf,dhpac,2,0,9073628,6771,6770,13994995422546262746,13280,23f703aa3bc9,2026-08-28T19:41:19Z,10000,6103,3897,,,,,,,,,,,,,,,,,
campaign_e_in,in_n10000_rho0.6_correlated_seed0.pcf,dhpac,0,0,9427670,6318,6317,11086139264728685579,13280,23f703aa3bc9,2026-08-28T19:41:19Z,10000,6121,3879,,,,,,,,,,,,,,,,,
campaign_e_in,in_n10000_rho0.6_correlated_seed0.pcf,dhpac,1,0,8953878,6318,6317,11086139264728685579,13280,23f703aa3bc9,2026-08-28T19:41:19Z,10000,6121,3879,,,,,,,,,,,,,,,,,
campaign_e_in,in_n10000_rho0.6_correlated_seed0.pcf,dhpac,2,0,9159570,6318,6317,11086139264728685579,13280,23f703aa3bc9,2026-08-28T19:41:19Z,10000,6121,3879,,,,,,,,,,,,,,,,,
campaign_e_in,in_n10000_rho0.6_correlated_seed1.pcf,dhpac,0,0,9224967,6297,6296,8099251949746061349,13280,23f703aa3bc9,2026-08-28T19:41:19Z,10000,6069,3931,,,,,,,,,,,,,,,,,
campaign_e_in,in_n10000_rho0.6_correlated_seed1.pcf,dhpac,1,0,8779637,6297,6296,8099251949746061349,13280,23f703aa3bc9,2026-08-28T19:41:19Z,10000,6069,3931,,,,,,,,,,,,,,,,,
campaign_e_in,in_n10000_rho0.6_correlated_seed1.pcf,dhpac,2,0,8720165,6297,6296,8099251949746061349,13280,23f703aa3bc9,2026-08-28T19:41:19Z,10000,6069,3931,,,,,,,,,,,,,,,,,
campaign_e_in,in_n10000_rho0.6_correlated_seed2.pcf,dhpac,0,0,8815860,6289,6288,16432922916495174167,13440,23f703aa3bc9,2026-08-28T19:41:19Z,10000,5992,4008,,,,,,,,,,,,,,,,,
campaign_e_in,in_n10000_rho0.6_correlated_seed2.pcf,dhpac,1,0,8402935,6289,6288,16432922916495174167,13440,23f703aa3bc9,2026-08-28T19:41:19Z,10000,5992,4008,,,,,,,,,,,,,,,,,
campaign_e_in,in_n10000_rho0.6_correlated_seed2.pcf,dhpac,2,0,8387455,6289,6288,16432922916495174167,13440,23f703aa3bc9,2026-08-28T19:41:19Z,10000,5992,4008,,,,,,,,,,,,,,,,,
campaign_e_in,in_n10000_rho0.6_correlated_seed3.pcf,dhpac,0,0,9135938,6324,6323,16822729832885675532,13440,23f703aa3bc9,2026-08-28T19:41:19Z,10000,6003,3997,,,,,,,,,,,,,,,,,
campaign_e_in,in_n10000_rho0.6_correlated_seed3.pcf,dhpac,1,0,8692055,6324,6323,16822729832885675532,13440,23f703aa3bc9,2026-08-28T19:41:19Z,10000,6003,3997,,,,,,,,,,,,,,,,,
campaign_e_in,in_n10000_rho0.6_correlated_seed3.pcf,dhpac,2,0,8637046,6324,6323,16822729832885675532,13440,23f703aa3bc9,2026-08-28T19:41:19Z,10000,6003,3997,,,,,,,,,,,,,,,,,
campaign_e_in,in_n10000_rho0.6_correlated_seed4.pcf,dhpac,0,0,9353283,6252,6251,12824882140352962471,13440,23f703aa3bc9,2026-08-28T19:41:19Z,10000,6103,3897,,,,,,,,,,,,,,,,,
campaign_e_in,in_n10000_rho0.6_correlated_seed4.pcf,dhpac,1,0,8892962,6252,6251,12824882140352962471,13440,23f703aa3bc9,2026-08-28T19:41:19Z,10000,6103,3897,,,,,,,,,,,,,,,,,
campaign_e_in,in_n10000_rho0.6_correlated_seed4.pcf,dhpac,2,0,8848543,6252,6251,12824882140352962471,13440,23f703aa3bc9,2026-08-28T19:41:19Z,10000,6103,3897,,,,,,,,,,,,,,,,,
campaign_e_in,in_n10000_rho0.6_exact-ties_seed0.pcf,dhpac,0,0,8136928,1752,1751,8495235772415932643,13440,23f703aa3bc9,2026-08-28T19:41:19Z,10000,6043,3957,,,,,,,,,,,,,,,,,
campaign_e_in,in_n10000_rho0.6_exact-ties_seed0.pcf,dhpac,1,0,7966078,1752,1751,8495235772415932643,13440,23f703aa3bc9,2026-08-28T19:41:19Z,10000,6043,3957,,,,,,,,,,,,,,,,,
campaign_e_in,in_n10000_rho0.6_exact-ties_seed0.pcf,dhpac,2,0,7951164,1752,1751,8495235772415932643,13440,23f703aa3bc9,2026-08-28T19:41:19Z,10000,6043,3957,,,,,,,,,,,,,,,,,
campaign_e_in,in_n10000_rho0.6_exact-ties_seed1.pcf,dhpac,0,0,8382024,1752,1751,10309575640181749300,13440,23f703aa3bc9,2026-08-28T19:41:19Z,10000,6119,3881,,,,,,,,,,,,,,,,,
campaign_e_in,in_n10000_rho0.6_exact-ties_seed1.pcf,dhpac,1,0,8170626,1752,1751,10309575640181749300,13440,23f703aa3bc9,2026-08-28T19:41:19Z,10000,6119,3881,,,,,,,,,,,,,,,,,
campaign_e_in,in_n10000_rho0.6_exact-ties_seed1.pcf,dhpac,2,0,8168864,1752,1751,10309575640181749300,13440,23f703aa3bc9,2026-08-28T19:41:19Z,10000,6119,3881,,,,,,,,,,,,,,,,,
campaign_e_in,in_n10000_rho0.6_exact-ties_seed2.pcf,dhpac,0,0,8519826,1772,1771,1978735229249073107,13440,23f703aa3bc9,2026-08-28T19:41:19Z,10000,5976,4024,,,,,,,,,,,,,,,,,
campaign_e_in,in_n10000_rho0.6_exact-ties_seed2.pcf,dhpac,1,0,8321043,1772,1771,1978735229249073107,13440,23f703aa3bc9,2026-08-28T19:41:19Z,10000,5976,4024,,,,,,,,,,,,,,,,,
campaign_e_in,in_n10000_rho0.6_exact-ties_seed2.pcf,dhpac,2,0,8359451,1772,1771,1978735229249073107,13440,23f703aa3bc9,2026-08-28T19:41:19Z,10000,5976,4024,,,,,,,,,,,,,,,,,
campaign_e_in,in_n10000_rho0.6_exact-ties_seed3.pcf,dhpac,0,0,7806138,1752,1751,12134620375762542998,13440,23f703aa3bc9,2026-08-28T19:41:19Z,10000,5963,4037,,,,,,,,,,,,,,,,,
campaign_e_in,in_n10000_rho0.6_exact-ties_seed3.pcf,dhpac,1,0,7605275,1752,1751,12134620375762542998,13440,23f703aa3bc9,2026-08-28T19:41:19Z,10000,5963,4037,,,,,,,,,,,,,,,,,
campaign_e_in,in_n10000_rho0.6_exact-ties_seed3.pcf,dhpac,2,0,7742670,1752,1751,12134620375762542998,13440,23f703aa3bc9,2026-08-28T19:41:19Z,10000,5963,4037,,,,,,,,,,,,,,,,,
campaign_e_in,in_n10000_rho0.6_exact-ties_seed4.pcf,dhpac,0,0,8409976,1775,1774,10957563493570775023,13440,23f703aa3bc9,2026-08-28T19:41:19Z,10000,6066,3934,,,,,,,,,,,,,,,,,
campaign_e_in,in_n10000_rho0.6_exact-ties_seed4.pcf,dhpac,1,0,8240743,1775,1774,10957563493570775023,13440,23f703aa3bc9,2026-08-28T19:41:19Z,10000,6066,3934,,,,,,,,,,,,,,,,,
campaign_e_in,in_n10000_rho0.6_exact-ties_seed4.pcf,dhpac,2,0,8265629,1775,1774,10957563493570775023,13440,23f703aa3bc9,2026-08-28T19:41:19Z,10000,6066,3934,,,,,,,,,,,,,,,,,
campaign_e_in,in_n10000_rho0.6_independent-positive_seed0.pcf,dhpac,0,0,10077319,6877,6876,5420419683718350312,13440,23f703aa3bc9,2026-08-28T19:41:20Z,10000,6118,3882,,,,,,,,,,,,,,,,,
campaign_e_in,in_n10000_rho0.6_independent-positive_seed0.pcf,dhpac,1,0,9573167,6877,6876,5420419683718350312,13440,23f703aa3bc9,2026-08-28T19:41:20Z,10000,6118,3882,,,,,,,,,,,,,,,,,
campaign_e_in,in_n10000_rho0.6_independent-positive_seed0.pcf,dhpac,2,0,9729616,6877,6876,5420419683718350312,13440,23f703aa3bc9,2026-08-28T19:41:20Z,10000,6118,3882,,,,,,,,,,,,,,,,,
campaign_e_in,in_n10000_rho0.6_independent-positive_seed1.pcf,dhpac,0,0,9378706,6839,6838,5192714885020655324,13440,23f703aa3bc9,2026-08-28T19:41:20Z,10000,6053,3947,,,,,,,,,,,,,,,,,
campaign_e_in,in_n10000_rho0.6_independent-positive_seed1.pcf,dhpac,1,0,8875981,6839,6838,5192714885020655324,13440,23f703aa3bc9,2026-08-28T19:41:20Z,10000,6053,3947,,,,,,,,,,,,,,,,,
campaign_e_in,in_n10000_rho0.6_independent-positive_seed1.pcf,dhpac,2,0,9028786,6839,6838,5192714885020655324,13440,23f703aa3bc9,2026-08-28T19:41:20Z,10000,6053,3947,,,,,,,,,,,,,,,,,
campaign_e_in,in_n10000_rho0.6_independent-positive_seed2.pcf,dhpac,0,0,10011324,6865,6864,17024883520695672216,13440,23f703aa3bc9,2026-08-28T19:41:20Z,10000,6030,3970,,,,,,,,,,,,,,,,,
campaign_e_in,in_n10000_rho0.6_independent-positive_seed2.pcf,dhpac,1,0,9404875,6865,6864,17024883520695672216,13440,23f703aa3bc9,2026-08-28T19:41:20Z,10000,6030,3970,,,,,,,,,,,,,,,,,
campaign_e_in,in_n10000_rho0.6_independent-positive_seed2.pcf,dhpac,2,0,9472165,6865,6864,17024883520695672216,13440,23f703aa3bc9,2026-08-28T19:41:20Z,10000,6030,3970,,,,,,,,,,,,,,,,,
campaign_e_in,in_n10000_rho0.6_independent-positive_seed3.pcf,dhpac,0,0,8793362,6891,6890,3951192907358621218,13440,23f703aa3bc9,2026-08-28T19:41:20Z,10000,5970,4030,,,,,,,,,,,,,,,,,
campaign_e_in,in_n10000_rho0.6_independent-positive_seed3.pcf,dhpac,1,0,8535201,6891,6890,3951192907358621218,13440,23f703aa3bc9,2026-08-28T19:41:20Z,10000,5970,4030,,,,,,,,,,,,,,,,,
campaign_e_in,in_n10000_rho0.6_independent-positive_seed3.pcf,dhpac,2,0,8563088,6891,6890,3951192907358621218,13440,23f703aa3bc9,2026-08-28T19:41:20Z,10000,5970,4030,,,,,,,,,,,,,,,,,
campaign_e_in,in_n10000_rho0.6_independent-positive_seed4.pcf,dhpac,0,0,9091999,6898,6897,9937962489616969579,13440,23f703aa3bc9,2026-08-28T19:41:20Z,10000,6091,3909,,,,,,,,,,,,,,,,,
campaign_e_in,in_n10000_rho0.6_independent-positive_seed4.pcf,dhpac,1,0,8507280,6898,6897,9937962489616969579,13440,23f703aa3bc9,2026-08-28T19:41:20Z,10000,6091,3909,,,,,,,,,,,,,,,,,
campaign_e_in,in_n10000_rho0.6_independent-positive_seed4.pcf,dhpac,2,0,8619547,6898,6897,9937962489616969579,13440,23f703aa3bc9,2026-08-28T19:41:20Z,10000,6091,3909,,,,,,,,,,,,,,,,,
campaign_e_in,in_n10000_rho0.6_independent-signed_seed0.pcf,dhpac,0,0,10382623,6981,6980,12597389049549514426,13440,23f703aa3bc9,2026-08-28T19:41:20Z,10000,6119,3881,,,,,,,,,,,,,,,,,
campaign_e_in,in_n10000_rho0.6_independent-signed_seed0.pcf,dhpac,1,0,9865069,6981,6980,12597389049549514426,13440,23f703aa3bc9,2026-08-28T19:41:20Z,10000,6119,3881,,,,,,,,,,,,,,,,,
campaign_e_in,in_n10000_rho0.6_independent-signed_seed0.pcf,dhpac,2,0,9987729,6981,6980,12597389049549514426,13440,23f703aa3bc9,2026-08-28T19:41:20Z,10000,6119,3881,,,,,,,,,,,,,,,,,
campaign_e_in,in_n10000_rho0.6_independent-signed_seed1.pcf,dhpac,0,0,9596700,6882,6881,4259616084115039412,13440,23f703aa3bc9,2026-08-28T19:41:20Z,10000,6054,3946,,,,,,,,,,,,,,,,,
campaign_e_in,in_n10000_rho0.6_independent-signed_seed1.pcf,dhpac,1,0,9090336,6882,6881,4259616084115039412,13440,23f703aa3bc9,2026-08-28T19:41:20Z,10000,6054,3946,,,,,,,,,,,,,,,,,
campaign_e_in,in_n10000_rho0.6_independent-signed_seed1.pcf,dhpac,2,0,9277491,6882,6881,4259616084115039412,13440,23f703aa3bc9,2026-08-28T19:41:20Z,10000,6054,3946,,,,,,,,,,,,,,,,,
campaign_e_in,in_n10000_rho0.6_independent-signed_seed2.pcf,dhpac,0,0,10005775,6982,6981,2247827227363139281,13440,23f703aa3bc9,2026-08-28T19:41:20Z,10000,6031,3969,,,,,,,,,,,,,,,,,
campaign_e_in,in_n10000_rho0.6_independent-signed_seed2.pcf,dhpac,1,0,9477827,6982,6981,2247827227363139281,13440,23f703aa3bc9,2026-08-28T19:41:20Z,10000,6031,3969,,,,,,,,,,,,,,,,,
campaign_e_in,in_n10000_rho0.6_independent-signed_seed2.pcf,dhpac,2,0,9492728,6982,6981,2247827227363139281,13440,23f703aa3bc9,2026-08-28T19:41:20Z,10000,6031,3969,,,,,,,,,,,,,,,,,
campaign_e_in,in_n10000_rho0.6_independent-signed_seed3.pcf,dhpac,0,0,8575086,6888,6887,16612197137386101121,13440,23f703aa3bc9,2026-08-28T19:41:20Z,10000,5969,4031,,,,,,,,,,,,,,,,,
campaign_e_in,in_n10000_rho0.6_independent-signed_seed3.pcf,dhpac,1,0,8256502,6888,6887,16612197137386101121,13440,23f703aa3bc9,2026-08-28T19:41:20Z,10000,5969,4031,,,,,,,,,,,,,,,,,
campaign_e_in,in_n10000_rho0.6_independent-signed_seed3.pcf,dhpac,2,0,8286962,6888,6887,16612197137386101121,13440,23f703aa3bc9,2026-08-28T19:41:20Z,10000,5969,4031,,,,,,,,,,,,,,,,,
campaign_e_in,in_n10000_rho0.6_independent-signed_seed4.pcf,dhpac,0,0,9139221,6864,6863,5781889312913664234,13440,23f703aa3bc9,2026-08-28T19:41:20Z,10000,6094,3906,,,,,,,,,,,,,,,,,
campaign_e_in,in_n10000_rho0.6_independent-signed_seed4.pcf,dhpac,1,0,8651029,6864,6863,5781889312913664234,13440,23f703aa3bc9,2026-08-28T19:41:20Z,10000,6094,3906,,,,,,,,,,,,,,,,,
campaign_e_in,in_n10000_rho0.6_independent-signed_seed4.pcf,dhpac,2,0,8745943,6864,6863,5781889312913664234,13440,23f703aa3bc9,2026-08-28T19:41:20Z,10000,6094,3906,,,,,,,,,,,,,,,,,
campaign_e_in,in_n10000_rho0.6_near-ties_seed0.pcf,dhpac,0,0,8348097,604,603,9923503236763933781,13440,23f703aa3bc9,2026-08-28T19:41:20Z,10000,6109,3891,,,,,,,,,,,,,,,,,
campaign_e_in,in_n10000_rho0.6_near-ties_seed0.pcf,dhpac,1,0,8076587,604,603,9923503236763933781,13440,23f703aa3bc9,2026-08-28T19:41:20Z,10000,6109,3891,,,,,,,,,,,,,,,,,
campaign_e_in,in_n10000_rho0.6_near-ties_seed0.pcf,dhpac,2,0,8061005,604,603,9923503236763933781,13440,23f703aa3bc9,2026-08-28T19:41:20Z,10000,6109,3891,,,,,,,,,,,,,,,,,
campaign_e_in,in_n10000_rho0.6_near-ties_seed1.pcf,dhpac,0,0,8147350,594,593,7825315478719482867,13600,23f703aa3bc9,2026-08-28T19:41:20Z,10000,5980,4020,,,,,,,,,,,,,,,,,
campaign_e_in,in_n10000_rho0.6_near-ties_seed1.pcf,dhpac,1,0,7916300,594,593,7825315478719482867,13600,23f703aa3bc9,2026-08-28T19:41:20Z,10000,5980,4020,,,,,,,,,,,,,,,,,
campaign_e_in,in_n10000_rho0.6_near-ties_seed1.pcf,dhpac,2,0,7887249,594,593,7825315478719482867,13600,23f703aa3bc9,2026-08-28T19:41:20Z,10000,5980,4020,,,,,,,,,,,,,,,,,
campaign_e_in,in_n10000_rho0.6_near-ties_seed2.pcf,dhpac,0,0,8060263,612,611,1692058000207083914,13600,23f703aa3bc9,2026-08-28T19:41:20Z,10000,6037,3963,,,,,,,,,,,,,,,,,
campaign_e_in,in_n10000_rho0.6_near-ties_seed2.pcf,dhpac,1,0,7873348,612,611,1692058000207083914,13600,23f703aa3bc9,2026-08-28T19:41:20Z,10000,6037,3963,,,,,,,,,,,,,,,,,
campaign_e_in,in_n10000_rho0.6_near-ties_seed2.pcf,dhpac,2,0,8123534,612,611,1692058000207083914,13600,23f703aa3bc9,2026-08-28T19:41:20Z,10000,6037,3963,,,,,,,,,,,,,,,,,
campaign_e_in,in_n10000_rho0.6_near-ties_seed3.pcf,dhpac,0,0,7829221,612,611,7816662869874776925,13600,23f703aa3bc9,2026-08-28T19:41:20Z,10000,5955,4045,,,,,,,,,,,,,,,,,
campaign_e_in,in_n10000_rho0.6_near-ties_seed3.pcf,dhpac,1,0,7703533,612,611,7816662869874776925,13600,23f703aa3bc9,2026-08-28T19:41:20Z,10000,5955,4045,,,,,,,,,,,,,,,,,
campaign_e_in,in_n10000_rho0.6_near-ties_seed3.pcf,dhpac,2,0,7663499,612,611,7816662869874776925,13600,23f703aa3bc9,2026-08-28T19:41:20Z,10000,5955,4045,,,,,,,,,,,,,,,,,
campaign_e_in,in_n10000_rho0.6_near-ties_seed4.pcf,dhpac,0,0,8360266,606,605,13920270870567221445,13600,23f703aa3bc9,2026-08-28T19:41:20Z,10000,6116,3884,,,,,,,,,,,,,,,,,
campaign_e_in,in_n10000_rho0.6_near-ties_seed4.pcf,dhpac,1,0,8169000,606,605,13920270870567221445,13600,23f703aa3bc9,2026-08-28T19:41:20Z,10000,6116,3884,,,,,,,,,,,,,,,,,
campaign_e_in,in_n10000_rho0.6_near-ties_seed4.pcf,dhpac,2,0,8118070,606,605,13920270870567221445,13600,23f703aa3bc9,2026-08-28T19:41:20Z,10000,6116,3884,,,,,,,,,,,,,,,,,
campaign_e_in,in_n10000_rho1.0_anti-correlated_seed0.pcf,dhpac,0,0,60445357,4912,4911,13386077730435843787,13600,23f703aa3bc9,2026-08-28T19:41:20Z,10000,9999,1,,,,,,,,,,,,,,,,,
campaign_e_in,in_n10000_rho1.0_anti-correlated_seed0.pcf,dhpac,1,0,59666872,4912,4911,13386077730435843787,15780,23f703aa3bc9,2026-08-28T19:41:20Z,10000,9999,1,,,,,,,,,,,,,,,,,
campaign_e_in,in_n10000_rho1.0_anti-correlated_seed0.pcf,dhpac,2,0,57810940,4912,4911,13386077730435843787,15780,23f703aa3bc9,2026-08-28T19:41:20Z,10000,9999,1,,,,,,,,,,,,,,,,,
campaign_e_in,in_n10000_rho1.0_anti-correlated_seed1.pcf,dhpac,0,0,66733738,4863,4862,1120086475765590817,13600,23f703aa3bc9,2026-08-28T19:41:20Z,10000,9999,1,,,,,,,,,,,,,,,,,
campaign_e_in,in_n10000_rho1.0_anti-correlated_seed1.pcf,dhpac,1,0,65604166,4863,4862,1120086475765590817,16284,23f703aa3bc9,2026-08-28T19:41:20Z,10000,9999,1,,,,,,,,,,,,,,,,,
campaign_e_in,in_n10000_rho1.0_anti-correlated_seed1.pcf,dhpac,2,0,64043586,4863,4862,1120086475765590817,16284,23f703aa3bc9,2026-08-28T19:41:20Z,10000,9999,1,,,,,,,,,,,,,,,,,
campaign_e_in,in_n10000_rho1.0_anti-correlated_seed2.pcf,dhpac,0,0,61170977,4939,4938,17387121200587489863,13600,23f703aa3bc9,2026-08-28T19:41:20Z,10000,9999,1,,,,,,,,,,,,,,,,,
campaign_e_in,in_n10000_rho1.0_anti-correlated_seed2.pcf,dhpac,1,0,60453427,4939,4938,17387121200587489863,15816,23f703aa3bc9,2026-08-28T19:41:20Z,10000,9999,1,,,,,,,,,,,,,,,,,
campaign_e_in,in_n10000_rho1.0_anti-correlated_seed2.pcf,dhpac,2,0,58548009,4939,4938,17387121200587489863,15976,23f703aa3bc9,2026-08-28T19:41:21Z,10000,9999,1,,,,,,,,,,,,,,,,,
campaign_e_in,in_n10000_rho1.0_anti-correlated_seed3.pcf,dhpac,0,0,65455133,4964,4963,10020934248813063901,13600,23f703aa3bc9,2026-08-28T19:41:21Z,10000,9999,1,,,,,,,,,,,,,,,,,
campaign_e_in,in_n10000_rho1.0_anti-correlated_seed3.pcf,dhpac,1,0,65042890,4964,4963,10020934248813063901,16140,23f703aa3bc9,2026-08-28T19:41:21Z,10000,9999,1,,,,,,,,,,,,,,,,,
campaign_e_in,in_n10000_rho1.0_anti-correlated_seed3.pcf,dhpac,2,0,62991273,4964,4963,10020934248813063901,16300,23f703aa3bc9,2026-08-28T19:41:21Z,10000,9999,1,,,,,,,,,,,,,,,,,
campaign_e_in,in_n10000_rho1.0_anti-correlated_seed4.pcf,dhpac,0,0,60722035,4911,4910,7897869781829615047,13600,23f703aa3bc9,2026-08-28T19:41:21Z,10000,9999,1,,,,,,,,,,,,,,,,,
campaign_e_in,in_n10000_rho1.0_anti-correlated_seed4.pcf,dhpac,1,0,59795719,4911,4910,7897869781829615047,15944,23f703aa3bc9,2026-08-28T19:41:21Z,10000,9999,1,,,,,,,,,,,,,,,,,
campaign_e_in,in_n10000_rho1.0_anti-correlated_seed4.pcf,dhpac,2,0,57901737,4911,4910,7897869781829615047,15944,23f703aa3bc9,2026-08-28T19:41:21Z,10000,9999,1,,,,,,,,,,,,,,,,,
campaign_e_in,in_n10000_rho1.0_correlated_seed0.pcf,dhpac,0,0,59692756,4674,4673,14194203377240015901,13600,23f703aa3bc9,2026-08-28T19:41:21Z,10000,9999,1,,,,,,,,,,,,,,,,,
campaign_e_in,in_n10000_rho1.0_correlated_seed0.pcf,dhpac,1,0,58782364,4674,4673,14194203377240015901,15904,23f703aa3bc9,2026-08-28T19:41:21Z,10000,9999,1,,,,,,,,,,,,,,,,,
campaign_e_in,in_n10000_rho1.0_correlated_seed0.pcf,dhpac,2,0,58714563,4674,4673,14194203377240015901,15992,23f703aa3bc9,2026-08-28T19:41:21Z,10000,9999,1,,,,,,,,,,,,,,,,,
campaign_e_in,in_n10000_rho1.0_correlated_seed1.pcf,dhpac,0,0,67897995,4665,4664,13039713394966922310,13600,23f703aa3bc9,2026-08-28T19:41:21Z,10000,9999,1,,,,,,,,,,,,,,,,,
campaign_e_in,in_n10000_rho1.0_correlated_seed1.pcf,dhpac,1,0,66817407,4665,4664,13039713394966922310,16580,23f703aa3bc9,2026-08-28T19:41:21Z,10000,9999,1,,,,,,,,,,,,,,,,,
campaign_e_in,in_n10000_rho1.0_correlated_seed1.pcf,dhpac,2,0,65106858,4665,4664,13039713394966922310,16580,23f703aa3bc9,2026-08-28T19:41:21Z,10000,9999,1,,,,,,,,,,,,,,,,,
campaign_e_in,in_n10000_rho1.0_correlated_seed2.pcf,dhpac,0,0,60590615,4746,4745,10204690721413555647,13600,23f703aa3bc9,2026-08-28T19:41:21Z,10000,9999,1,,,,,,,,,,,,,,,,,
campaign_e_in,in_n10000_rho1.0_correlated_seed2.pcf,dhpac,1,0,59822743,4746,4745,10204690721413555647,15788,23f703aa3bc9,2026-08-28T19:41:21Z,10000,9999,1,,,,,,,,,,,,,,,,,
campaign_e_in,in_n10000_rho1.0_correlated_seed2.pcf,dhpac,2,0,59560670,4746,4745,10204690721413555647,15880,23f703aa3bc9,2026-08-28T19:41:21Z,10000,9999,1,,,,,,,,,,,,,,,,,
campaign_e_in,in_n10000_rho1.0_correlated_seed3.pcf,dhpac,0,0,62847477,4782,4781,9941871542108241933,13600,23f703aa3bc9,2026-08-28T19:41:22Z,10000,9999,1,,,,,,,,,,,,,,,,,
campaign_e_in,in_n10000_rho1.0_correlated_seed3.pcf,dhpac,1,0,61962138,4782,4781,9941871542108241933,15956,23f703aa3bc9,2026-08-28T19:41:22Z,10000,9999,1,,,,,,,,,,,,,,,,,
campaign_e_in,in_n10000_rho1.0_correlated_seed3.pcf,dhpac,2,0,62057519,4782,4781,9941871542108241933,15984,23f703aa3bc9,2026-08-28T19:41:22Z,10000,9999,1,,,,,,,,,,,,,,,,,
campaign_e_in,in_n10000_rho1.0_correlated_seed4.pcf,dhpac,0,0,60382223,4715,4714,6932491460805443459,13600,23f703aa3bc9,2026-08-28T19:41:22Z,10000,9999,1,,,,,,,,,,,,,,,,,
campaign_e_in,in_n10000_rho1.0_correlated_seed4.pcf,dhpac,1,0,59795580,4715,4714,6932491460805443459,16072,23f703aa3bc9,2026-08-28T19:41:22Z,10000,9999,1,,,,,,,,,,,,,,,,,
campaign_e_in,in_n10000_rho1.0_correlated_seed4.pcf,dhpac,2,0,59769095,4715,4714,6932491460805443459,16072,23f703aa3bc9,2026-08-28T19:41:22Z,10000,9999,1,,,,,,,,,,,,,,,,,
campaign_e_in,in_n10000_rho1.0_exact-ties_seed0.pcf,dhpac,0,0,54057706,1880,1879,4015023715792254138,13600,23f703aa3bc9,2026-08-28T19:41:22Z,10000,9999,1,,,,,,,,,,,,,,,,,
campaign_e_in,in_n10000_rho1.0_exact-ties_seed0.pcf,dhpac,1,0,53277556,1880,1879,4015023715792254138,15680,23f703aa3bc9,2026-08-28T19:41:22Z,10000,9999,1,,,,,,,,,,,,,,,,,
campaign_e_in,in_n10000_rho1.0_exact-ties_seed0.pcf,dhpac,2,0,53111896,1880,1879,4015023715792254138,15680,23f703aa3bc9,2026-08-28T19:41:22Z,10000,9999,1,,,,,,,,,,,,,,,,,
campaign_e_in,in_n10000_rho1.0_exact-ties_seed1.pcf,dhpac,0,0,53976688,1900,1899,3529850735051997367,13600,23f703aa3bc9,2026-08-28T19:41:22Z,10000,9999,1,,,,,,,,,,,,,,,,,
campaign_e_in,in_n10000_rho1.0_exact-ties_seed1.pcf,dhpac,1,0,53481240,1900,1899,3529850735051997367,15516,23f703aa3bc9,2026-08-28T19:41:22Z,10000,9999,1,,,,,,,,,,,,,,,,,
campaign_e_in,in_n10000_rho1.0_exact-ties_seed1.pcf,dhpac,2,0,53545681,1900,1899,3529850735051997367,15516,23f703aa3bc9,2026-08-28T19:41:22Z,10000,9999,1,,,,,,,,,,,,,,,,,
campaign_e_in,in_n10000_rho1.0_exact-ties_seed2.pcf,dhpac,0,0,65160243,1873,1872,11578533212311979902,13600,23f703aa3bc9,2026-08-28T19:41:22Z,10000,9999,1,,,,,,,,,,,,,,,,,
campaign_e_in,in_n10000_rho1.0_exact-ties_seed2.pcf,dhpac,1,0,64640313,1873,1872,11578533212311979902,16480,23f703aa3bc9,2026-08-28T19:41:22Z,10000,9999,1,,,,,,,,,,,,,,,,,
campaign_e_in,in_n10000_rho1.0_exact-ties_seed2.pcf,dhpac,2,0,64438048,1873,1872,11578533212311979902,16612,23f703aa3bc9,2026-08-28T19:41:22Z,10000,9999,1,,,,,,,,,,,,,,,,,
campaign_e_in,in_n10000_rho1.0_exact-ties_seed3.pcf,dhpac,0,0,66181961,1842,1841,14150620229943121340,13600,23f703aa3bc9,2026-08-28T19:41:22Z,10000,9999,1,,,,,,,,,,,,,,,,,
campaign_e_in,in_n10000_rho1.0_exact-ties_seed3.pcf,dhpac,1,0,67106358,1842,1841,14150620229943121340,16152,23f703aa3bc9,2026-08-28T19:41:23Z,10000,9999,1,,,,,,,,,,,,,,,,,
campaign_e_in,in_n10000_rho1.0_exact-ties_seed3.pcf,dhpac,2,0,60810870,1842,1841,14150620229943121340,16200,23f703aa3bc9,2026-08-28T19:41:23Z,10000,9999,1,,,,,,,,,,,,,,,,,
campaign_e_in,in_n10000_rho1.0_exact-ties_seed4.pcf,dhpac,0,0,55913796,1862,1861,5189381995591769252,13760,23f703aa3bc9,2026-08-28T19:41:23Z,10000,9999,1,,,,,,,,,,,,,,,,,
campaign_e_in,in_n10000_rho1.0_exact-ties_seed4.pcf,dhpac,1,0,55522728,1862,1861,5189381995591769252,15680,23f703aa3bc9,2026-08-28T19:41:23Z,10000,9999,1,,,,,,,,,,,,,,,,,
campaign_e_in,in_n10000_rho1.0_exact-ties_seed4.pcf,dhpac,2,0,55336740,1862,1861,5189381995591769252,15724,23f703aa3bc9,2026-08-28T19:41:23Z,10000,9999,1,,,,,,,,,,,,,,,,,
campaign_e_in,in_n10000_rho1.0_independent-positive_seed0.pcf,dhpac,0,0,61953215,4996,4995,9960831536144148902,13760,23f703aa3bc9,2026-08-28T19:41:23Z,10000,9999,1,,,,,,,,,,,,,,,,,
campaign_e_in,in_n10000_rho1.0_independent-positive_seed0.pcf,dhpac,1,0,61005022,4996,4995,9960831536144148902,15980,23f703aa3bc9,2026-08-28T19:41:23Z,10000,9999,1,,,,,,,,,,,,,,,,,
campaign_e_in,in_n10000_rho1.0_independent-positive_seed0.pcf,dhpac,2,0,59280988,4996,4995,9960831536144148902,15980,23f703aa3bc9,2026-08-28T19:41:23Z,10000,9999,1,,,,,,,,,,,,,,,,,
campaign_e_in,in_n10000_rho1.0_independent-positive_seed1.pcf,dhpac,0,0,64022412,4996,4995,9531946529447055246,13760,23f703aa3bc9,2026-08-28T19:41:23Z,10000,9999,1,,,,,,,,,,,,,,,,,
campaign_e_in,in_n10000_rho1.0_independent-positive_seed1.pcf,dhpac,1,0,63289348,4996,4995,9531946529447055246,16136,23f703aa3bc9,2026-08-28T19:41:23Z,10000,9999,1,,,,,,,,,,,,,,,,,
campaign_e_in,in_n10000_rho1.0_independent-positive_seed1.pcf,dhpac,2,0,63684012,4996,4995,9531946529447055246,16140,23f703aa3bc9,2026-08-28T19:41:23Z,10000,9999,1,,,,,,,,,,,,,,,,,
campaign_e_in,in_n10000_rho1.0_independent-positive_seed2.pcf,dhpac,0,0,63935438,5084,5083,7951322795022124701,13760,23f703aa3bc9,2026-08-28T19:41:23Z,10000,9999,1,,,,,,,,,,,,,,,,,
campaign_e_in,in_n10000_rho1.0_independent-positive_seed2.pcf,dhpac,1,0,63011038,5084,5083,7951322795022124701,16144,23f703aa3bc9,2026-08-28T19:41:23Z,10000,9999,1,,,,,,,,,,,,,,,,,
campaign_e_in,in_n10000_rho1.0_independent-positive_seed2.pcf,dhpac,2,0,63484033,5084,5083,7951322795022124701,16212,23f703aa3bc9,2026-08-28T19:41:23Z,10000,9999,1,,,,,,,,,,,,,,,,,
campaign_e_in,in_n10000_rho1.0_independent-positive_seed3.pcf,dhpac,0,0,58191467,5076,5075,9180837567390402782,13760,23f703aa3bc9,2026-08-28T19:41:23Z,10000,9999,1,,,,,,,,,,,,,,,,,
campaign_e_in,in_n10000_rho1.0_independent-positive_seed3.pcf,dhpac,1,0,57594185,5076,5075,9180837567390402782,15652,23f703aa3bc9,2026-08-28T19:41:23Z,10000,9999,1,,,,,,,,,,,,,,,,,
campaign_e_in,in_n10000_rho1.0_independent-positive_seed3.pcf,dhpac,2,0,57173691,5076,5075,9180837567390402782,15652,23f703aa3bc9,2026-08-28T19:41:24Z,10000,9999,1,,,,,,,,,,,,,,,,,
campaign_e_in,in_n10000_rho1.0_independent-positive_seed4.pcf,dhpac,0,0,59565405,5075,5074,7308551120175168882,13760,23f703aa3bc9,2026-08-28T19:41:24Z,10000,9999,1,,,,,,,,,,,,,,,,,
campaign_e_in,in_n10000_rho1.0_independent-positive_seed4.pcf,dhpac,1,0,58546646,5075,5074,7308551120175168882,15668,23f703aa3bc9,2026-08-28T19:41:24Z,10000,9999,1,,,,,,,,,,,,,,,,,
campaign_e_in,in_n10000_rho1.0_independent-positive_seed4.pcf,dhpac,2,0,58967379,5075,5074,7308551120175168882,15736,23f703aa3bc9,2026-08-28T19:41:24Z,10000,9999,1,,,,,,,,,,,,,,,,,
campaign_e_in,in_n10000_rho1.0_independent-signed_seed0.pcf,dhpac,0,0,60799284,5057,5056,10712944918233245999,13760,23f703aa3bc9,2026-08-28T19:41:24Z,10000,9999,1,,,,,,,,,,,,,,,,,
campaign_e_in,in_n10000_rho1.0_independent-signed_seed0.pcf,dhpac,1,0,59936940,5057,5056,10712944918233245999,16128,23f703aa3bc9,2026-08-28T19:41:24Z,10000,9999,1,,,,,,,,,,,,,,,,,
campaign_e_in,in_n10000_rho1.0_independent-signed_seed0.pcf,dhpac,2,0,59883420,5057,5056,10712944918233245999,16220,23f703aa3bc9,2026-08-28T19:41:24Z,10000,9999,1,,,,,,,,,,,,,,,,,
campaign_e_in,in_n10000_rho1.0_independent-signed_seed1.pcf,dhpac,0,0,60831398,4955,4954,3558760689818448148,13760,23f703aa3bc9,2026-08-28T19:41:24Z,10000,9999,1,,,,,,,,,,,,,,,,,
campaign_e_in,in_n10000_rho1.0_independent-signed_seed1.pcf,dhpac,1,0,59822605,4955,4954,3558760689818448148,15952,23f703aa3bc9,2026-08-28T19:41:24Z,10000,9999,1,,,,,,,,,,,,,,,,,
campaign_e_in,in_n10000_rho1.0_independent-signed_seed1.pcf,dhpac,2,0,57993587,4955,4954,3558760689818448148,15952,23f703aa3bc9,2026-08-28T19:41:24Z,10000,9999,1,,,,,,,,,,,,,,,,,
campaign_e_in,in_n10000_rho1.0_independent-signed_seed2.pcf,dhpac,0,0,63044540,5087,5086,16606559921844574182,13760,23f703aa3bc9,2026-08-28T19:41:24Z,10000,9999,1,,,,,,,,,,,,,,,,,
campaign_e_in,in_n10000_rho1.0_independent-signed_seed2.pcf,dhpac,1,0,61990716,5087,5086,16606559921844574182,15988,23f703aa3bc9,2026-08-28T19:41:24Z,10000,9999,1,,,,,,,,,,,,,,,,,
campaign_e_in,in_n10000_rho1.0_independent-signed_seed2.pcf,dhpac,2,0,60317698,5087,5086,16606559921844574182,15988,23f703aa3bc9,2026-08-28T19:41:24Z,10000,9999,1,,,,,,,,,,,,,,,,,
campaign_e_in,in_n10000_rho1.0_independent-signed_seed3.pcf,dhpac,0,0,57622888,5207,5206,9211676943939651037,13760,23f703aa3bc9,2026-08-28T19:41:24Z,10000,9999,1,,,,,,,,,,,,,,,,,
campaign_e_in,in_n10000_rho1.0_independent-signed_seed3.pcf,dhpac,1,0,56623905,5207,5206,9211676943939651037,15836,23f703aa3bc9,2026-08-28T19:41:24Z,10000,9999,1,,,,,,,,,,,,,,,,,
campaign_e_in,in_n10000_rho1.0_independent-signed_seed3.pcf,dhpac,2,0,56531814,5207,5206,9211676943939651037,15920,23f703aa3bc9,2026-08-28T19:41:24Z,10000,9999,1,,,,,,,,,,,,,,,,,
campaign_e_in,in_n10000_rho1.0_independent-signed_seed4.pcf,dhpac,0,0,58987220,5076,5075,15173695982574465929,13760,23f703aa3bc9,2026-08-28T19:41:25Z,10000,9999,1,,,,,,,,,,,,,,,,,
campaign_e_in,in_n10000_rho1.0_independent-signed_seed4.pcf,dhpac,1,0,58468527,5076,5075,15173695982574465929,15668,23f703aa3bc9,2026-08-28T19:41:25Z,10000,9999,1,,,,,,,,,,,,,,,,,
campaign_e_in,in_n10000_rho1.0_independent-signed_seed4.pcf,dhpac,2,0,58024414,5076,5075,15173695982574465929,15736,23f703aa3bc9,2026-08-28T19:41:25Z,10000,9999,1,,,,,,,,,,,,,,,,,
campaign_e_in,in_n10000_rho1.0_near-ties_seed0.pcf,dhpac,0,0,52459762,720,719,143220274226725502,13760,23f703aa3bc9,2026-08-28T19:41:25Z,10000,9999,1,,,,,,,,,,,,,,,,,
campaign_e_in,in_n10000_rho1.0_near-ties_seed0.pcf,dhpac,1,0,52072241,720,719,143220274226725502,15584,23f703aa3bc9,2026-08-28T19:41:25Z,10000,9999,1,,,,,,,,,,,,,,,,,
campaign_e_in,in_n10000_rho1.0_near-ties_seed0.pcf,dhpac,2,0,51636642,720,719,143220274226725502,15588,23f703aa3bc9,2026-08-28T19:41:25Z,10000,9999,1,,,,,,,,,,,,,,,,,
campaign_e_in,in_n10000_rho1.0_near-ties_seed1.pcf,dhpac,0,0,53907817,729,728,977632508975347251,13760,23f703aa3bc9,2026-08-28T19:41:25Z,10000,9999,1,,,,,,,,,,,,,,,,,
campaign_e_in,in_n10000_rho1.0_near-ties_seed1.pcf,dhpac,1,0,54136875,729,728,977632508975347251,15580,23f703aa3bc9,2026-08-28T19:41:25Z,10000,9999,1,,,,,,,,,,,,,,,,,
campaign_e_in,in_n10000_rho1.0_near-ties_seed1.pcf,dhpac,2,0,53137909,729,728,977632508975347251,15580,23f703aa3bc9,2026-08-28T19:41:25Z,10000,9999,1,,,,,,,,,,,,,,,,,
campaign_e_in,in_n10000_rho1.0_near-ties_seed2.pcf,dhpac,0,0,61417271,705,704,4663894164543456695,13760,23f703aa3bc9,2026-08-28T19:41:25Z,10000,9999,1,,,,,,,,,,,,,,,,,
campaign_e_in,in_n10000_rho1.0_near-ties_seed2.pcf,dhpac,1,0,61314962,705,704,4663894164543456695,16224,23f703aa3bc9,2026-08-28T19:41:25Z,10000,9999,1,,,,,,,,,,,,,,,,,
campaign_e_in,in_n10000_rho1.0_near-ties_seed2.pcf,dhpac,2,0,61552750,705,704,4663894164543456695,16224,23f703aa3bc9,2026-08-28T19:41:25Z,10000,9999,1,,,,,,,,,,,,,,,,,
campaign_e_in,in_n10000_rho1.0_near-ties_seed3.pcf,dhpac,0,0,56061852,699,698,17140670737604283565,13760,23f703aa3bc9,2026-08-28T19:41:25Z,10000,9999,1,,,,,,,,,,,,,,,,,
campaign_e_in,in_n10000_rho1.0_near-ties_seed3.pcf,dhpac,1,0,56023513,699,698,17140670737604283565,15740,23f703aa3bc9,2026-08-28T19:41:25Z,10000,9999,1,,,,,,,,,,,,,,,,,
campaign_e_in,in_n10000_rho1.0_near-ties_seed3.pcf,dhpac,2,0,55773890,699,698,17140670737604283565,15740,23f703aa3bc9,2026-08-28T19:41:25Z,10000,9999,1,,,,,,,,,,,,,,,,,
campaign_e_in,in_n10000_rho1.0_near-ties_seed4.pcf,dhpac,0,0,49966345,721,720,9984526435669106121,13760,23f703aa3bc9,2026-08-28T19:41:25Z,10000,9999,1,,,,,,,,,,,,,,,,,
campaign_e_in,in_n10000_rho1.0_near-ties_seed4.pcf,dhpac,1,0,49507113,721,720,9984526435669106121,15260,23f703aa3bc9,2026-08-28T19:41:25Z,10000,9999,1,,,,,,,,,,,,,,,,,
campaign_e_in,in_n10000_rho1.0_near-ties_seed4.pcf,dhpac,2,0,49529987,721,720,9984526435669106121,15260,23f703aa3bc9,2026-08-28T19:41:25Z,10000,9999,1,,,,,,,,,,,,,,,,,
campaign_e_in,in_n1000_rho0.6_anti-correlated_seed0.pcf,dhpac,0,0,764200,720,719,1343282425109197660,13760,23f703aa3bc9,2026-08-28T19:41:25Z,1000,592,408,,,,,,,,,,,,,,,,,
campaign_e_in,in_n1000_rho0.6_anti-correlated_seed0.pcf,dhpac,1,0,728608,720,719,1343282425109197660,13760,23f703aa3bc9,2026-08-28T19:41:25Z,1000,592,408,,,,,,,,,,,,,,,,,
campaign_e_in,in_n1000_rho0.6_anti-correlated_seed0.pcf,dhpac,2,0,705063,720,719,1343282425109197660,13760,23f703aa3bc9,2026-08-28T19:41:25Z,1000,592,408,,,,,,,,,,,,,,,,,
campaign_e_in,in_n1000_rho0.6_anti-correlated_seed1.pcf,dhpac,0,0,742388,704,703,4285279722891115580,13760,23f703aa3bc9,2026-08-28T19:41:25Z,1000,602,398,,,,,,,,,,,,,,,,,
campaign_e_in,in_n1000_rho0.6_anti-correlated_seed1.pcf,dhpac,1,0,695533,704,703,4285279722891115580,13760,23f703aa3bc9,2026-08-28T19:41:25Z,1000,602,398,,,,,,,,,,,,,,,,,
campaign_e_in,in_n1000_rho0.6_anti-correlated_seed1.pcf,dhpac,2,0,757068,704,703,4285279722891115580,13760,23f703aa3bc9,2026-08-28T19:41:25Z,1000,602,398,,,,,,,,,,,,,,,,,
campaign_e_in,in_n1000_rho0.6_anti-correlated_seed2.pcf,dhpac,0,0,735823,688,687,13007309146938438159,13760,23f703aa3bc9,2026-08-28T19:41:25Z,1000,605,395,,,,,,,,,,,,,,,,,
campaign_e_in,in_n1000_rho0.6_anti-correlated_seed2.pcf,dhpac,1,0,699386,688,687,13007309146938438159,13760,23f703aa3bc9,2026-08-28T19:41:25Z,1000,605,395,,,,,,,,,,,,,,,,,
campaign_e_in,in_n1000_rho0.6_anti-correlated_seed2.pcf,dhpac,2,0,733421,688,687,13007309146938438159,13760,23f703aa3bc9,2026-08-28T19:41:25Z,1000,605,395,,,,,,,,,,,,,,,,,
campaign_e_in,in_n1000_rho0.6_anti-correlated_seed3.pcf,dhpac,0,0,657737,707,706,11364325930664842103,13920,23f703aa3bc9,2026-08-28T19:41:26Z,1000,577,423,,,,,,,,,,,,,,,,,
campaign_e_in,in_n1000_rho0.6_anti-correlated_seed3.pcf,dhpac,1,0,607885,707,706,11364325930664842103,13920,23f703aa3bc9,2026-08-28T19:41:26Z,1000,577,423,,,,,,,,,,,,,,,,,
campaign_e_in,in_n1000_rho0.6_anti-correlated_seed3.pcf,dhpac,2,0,592060,707,706,11364325930664842103,13920,23f703aa3bc9,2026-08-28T19:41:26Z,1000,577,423,,,,,,,,,,,,,,,,,
campaign_e_in,in_n1000_rho0.6_anti-correlated_seed4.pcf,dhpac,0,0,703940,718,717,8434910248161710108,13920,23f703aa3bc9,2026-08-28T19:41:26Z,1000,583,417,,,,,,,,,,,,,,,,,
campaign_e_in,in_n1000_rho0.6_anti-correlated_seed4.pcf,dhpac,1,0,638782,718,717,8434910248161710108,13920,23f703aa3bc9,2026-08-28T19:41:26Z,1000,583,417,,,,,,,,,,,,,,,,,
campaign_e_in,in_n1000_rho0.6_anti-correlated_seed4.pcf,dhpac,2,0,655818,718,717,8434910248161710108,13920,23f703aa3bc9,2026-08-28T19:41:26Z,1000,583,417,,,,,,,,,,,,,,,,,
campaign_e_in,in_n1000_rho0.6_correlated_seed0.pcf,dhpac,0,0,762129,712,711,8896908929952820552,13920,23f703aa3bc9,2026-08-28T19:41:26Z,1000,592,408,,,,,,,,,,,,,,,,,
campaign_e_in,in_n1000_rho0.6_correlated_seed0.pcf,dhpac,1,0,711335,712,711,8896908929952820552,13920,23f703aa3bc9,2026-08-28T19:41:26Z,1000,592,408,,,,,,,,,,,,,,,,,
campaign_e_in,in_n1000_rho0.6_correlated_seed0.pcf,dhpac,2,0,756871,712,711,8896908929952820552,13920,23f703aa3bc9,2026-08-28T19:41:26Z,1000,592,408,,,,,,,,,,,,,,,,,
campaign_e_in,in_n1000_rho0.6_correlated_seed1.pcf,dhpac,0,0,788473,677,676,18144613326929775154,13920,23f703aa3bc9,2026-08-28T19:41:26Z,1000,602,398,,,,,,,,,,,,,,,,,
campaign_e_in,in_n1000_rho0.6_correlated_seed1.pcf,dhpac,1,0,730913,677,676,18144613326929775154,13920,23f703aa3bc9,2026-08-28T19:41:26Z,1000,602,398,,,,,,,,,,,,,,,,,
campaign_e_in,in_n1000_rho0.6_correlated_seed1.pcf,dhpac,2,0,731025,677,676,18144613326929775154,13920,23f703aa3bc9,2026-08-28T19:41:26Z,1000,602,398,,,,,,,,,,,,,,,,,
campaign_e_in,in_n1000_rho0.6_correlated_seed2.pcf,dhpac,0,0,817898,668,667,9108544272037302719,13920,23f703aa3bc9,2026-08-28T19:41:26Z,1000,605,395,,,,,,,,,,,,,,,,,
campaign_e_in,in_n1000_rho0.6_correlated_seed2.pcf,dhpac,1,0,709032,668,667,9108544272037302719,13920,23f703aa3bc9,2026-08-28T19:41:26Z,1000,605,395,,,,,,,,,,,,,,,,,
campaign_e_in,in_n1000_rho0.6_correlated_seed2.pcf,dhpac,2,0,692834,668,667,9108544272037302719,13920,23f703aa3bc9,2026-08-28T19:41:26Z,1000,605,395,,,,,,,,,,,,,,,,,
campaign_e_in,in_n1000_rho0.6_correlated_seed3.pcf,dhpac,0,0,672928,693,692,17764536628985930673,13920,23f703aa3bc9,2026-08-28T19:41:26Z,1000,577,423,,,,,,,,,,,,,,,,,
campaign_e_in,in_n1000_rho0.6_correlated_seed3.pcf,dhpac,1,0,609695,693,692,17764536628985930673,13920,23f703aa3bc9,2026-08-28T19:41:26Z,1000,577,423,,,,,,,,,,,,,,,,,
campaign_e_in,in_n1000_rho0.6_correlated_seed3.pcf,dhpac,2,0,614981,693,692,17764536628985930673,13920,23f703aa3bc9,2026-08-28T19:41:26Z,1000,577,423,,,,,,,,,,,,,,,,,
campaign_e_in,in_n1000_rho0.6_correlated_seed4.pcf,dhpac,0,0,693277,702,701,10044272325773976643,13920,23f703aa3bc9,2026-08-28T19:41:26Z,1000,583,417,,,,,,,,,,,,,,,,,
campaign_e_in,in_n1000_rho0.6_correlated_seed4.pcf,dhpac,1,0,646455,702,701,10044272325773976643,13920,23f703aa3bc9,2026-08-28T19:41:26Z,1000,583,417,,,,,,,,,,,,,,,,,
campaign_e_in,in_n1000_rho0.6_correlated_seed4.pcf,dhpac,2,0,629315,702,701,10044272325773976643,13920,23f703aa3bc9,2026-08-28T19:41:26Z,1000,583,417,,,,,,,,,,,,,,,,,
campaign_e_in,in_n1000_rho0.6_exact-ties_seed0.pcf,dhpac,0,0,687658,194,193,11035393600187901227,13920,23f703aa3bc9,2026-08-28T19:41:26Z,1000,593,407,,,,,,,,,,,,,,,,,
campaign_e_in,in_n1000_rho0.6_exact-ties_seed0.pcf,dhpac,1,0,661390,194,193,11035393600187901227,13920,23f703aa3bc9,2026-08-28T19:41:26Z,1000,593,407,,,,,,,,,,,,,,,,,
campaign_e_in,in_n1000_rho0.6_exact-ties_seed0.pcf,dhpac,2,0,707252,194,193,11035393600187901227,13920,23f703aa3bc9,2026-08-28T19:41:26Z,1000,593,407,,,,,,,,,,,,,,,,,
campaign_e_in,in_n1000_rho0.6_exact-ties_seed1.pcf,dhpac,0,0,798931,182,181,17937164121986666159,13920,23f703aa3bc9,2026-08-28T19:41:26Z,1000,591,409,,,,,,,,,,,,,,,,,
campaign_e_in,in_n1000_rho0.6_exact-ties_seed1.pcf,dhpac,1,0,845442,182,181,17937164121986666159,13920,23f703aa3bc9,2026-08-28T19:41:26Z,1000,591,409,,,,,,,,,,,,,,,,,
campaign_e_in,in_n1000_rho0.6_exact-ties_seed1.pcf,dhpac,2,0,773755,182,181,17937164121986666159,13920,23f703aa3bc9,2026-08-28T19:41:26Z,1000,591,409,,,,,,,,,,,,,,,,,
campaign_e_in,in_n1000_rho0.6_exact-ties_seed2.pcf,dhpac,0,0,773648,178,177,17577227658372393468,13920,23f703aa3bc9,2026-08-28T19:41:26Z,1000,620,380,,,,,,,,,,,,,,,,,
campaign_e_in,in_n1000_rho0.6_exact-ties_seed2.pcf,dhpac,1,0,685279,178,177,17577227658372393468,13920,23f703aa3bc9,2026-08-28T19:41:26Z,1000,620,380,,,,,,,,,,,,,,,,,
campaign_e_in,in_n1000_rho0.6_exact-ties_seed2.pcf,dhpac,2,0,672326,178,177,17577227658372393468,13920,23f703aa3bc9,2026-08-28T19:41:26Z,1000,620,380,,,,,,,,,,,,,,,,,
campaign_e_in,in_n1000_rho0.6_exact-ties_seed3.pcf,dhpac,0,0,664300,199,198,10570128335194539158,13920,23f703aa3bc9,2026-08-28T19:41:26Z,1000,611,389,,,,,,,,,,,,,,,,,
campaign_e_in,in_n1000_rho0.6_exact-ties_seed3.pcf,dhpac,1,0,631490,199,198,10570128335194539158,13920,23f703aa3bc9,2026-08-28T19:41:26Z,1000,611,389,,,,,,,,,,,,,,,,,
campaign_e_in,in_n1000_rho0.6_exact-ties_seed3.pcf,dhpac,2,0,616154,199,198,10570128335194539158,13920,23f703aa3bc9,2026-08-28T19:41:26Z,1000,611,389,,,,,,,,,,,,,,,,,
campaign_e_in,in_n1000_rho0.6_exact-ties_seed4.pcf,dhpac,0,0,634535,204,203,1731861827727465326,13920,23f703aa3bc9,2026-08-28T19:41:26Z,1000,573,427,,,,,,,,,,,,,,,,,
campaign_e_in,in_n1000_rho0.6_exact-ties_seed4.pcf,dhpac,1,0,593431,204,203,1731861827727465326,13920,23f703aa3bc9,2026-08-28T19:41:26Z,1000,573,427,,,,,,,,,,,,,,,,,
campaign_e_in,in_n1000_rho0.6_exact-ties_seed4.pcf,dhpac,2,0,590151,204,203,1731861827727465326,13920,23f703aa3bc9,2026-08-28T19:41:26Z,1000,573,427,,,,,,,,,,,,,,,,,
campaign_e_in,in_n1000_rho0.6_independent-positive_seed0.pcf,dhpac,0,0,904961,718,717,6379206428757340109,13920,23f703aa3bc9,2026-08-28T19:41:26Z,1000,597,403,,,,,,,,,,,,,,,,,
campaign_e_in,in_n1000_rho0.6_independent-positive_seed0.pcf,dhpac,1,0,846217,718,717,6379206428757340109,13920,23f703aa3bc9,2026-08-28T19:41:26Z,1000,597,403,,,,,,,,,,,,,,,,,
campaign_e_in,in_n1000_rho0.6_independent-positive_seed0.pcf,dhpac,2,0,835160,718,717,6379206428757340109,13920,23f703aa3bc9,2026-08-28T19:41:26Z,1000,597,403,,,,,,,,,,,,,,,,,
campaign_e_in,in_n1000_rho0.6_independent-positive_seed1.pcf,dhpac,0,0,751297,676,675,11310393785186618685,13920,23f703aa3bc9,2026-08-28T19:41:26Z,1000,604,396,,,,,,,,,,,,,,,,,
campaign_e_in,in_n1000_rho0.6_independent-positive_seed1.pcf,dhpac,1,0,764490,676,675,11310393785186618685,13920,23f703aa3bc9,2026-08-28T19:41:26Z,1000,604,396,,,,,,,,,,,,,,,,,
campaign_e_in,in_n1000_rho0.6_independent-positive_seed1.pcf,dhpac,2,0,700030,676,675,11310393785186618685,13920,23f703aa3bc9,2026-08-28T19:41:26Z,1000,604,396,,,,,,,,,,,,,,,,,
campaign_e_in,in_n1000_rho0.6_independent-positive_seed2.pcf,dhpac,0,0,735808,704,703,14854849169310812669,13920,23f703aa3bc9,2026-08-28T19:41:26Z,1000,607,393,,,,,,,,,,,,,,,,,
campaign_e_in,in_n1000_rho0.6_independent-positive_seed2.pcf,dhpac,1,0,692444,704,703,14854849169310812669,13920,23f703aa3bc9,2026-08-28T19:41:26Z,1000,607,393,,,,,,,,,,,,,,,,,
campaign_e_in,in_n1000_rho0.6_independent-positive_seed2.pcf,dhpac,2,0,690148,704,703,14854849169310812669,13920,23f703aa3bc9,2026-08-28T19:41:26Z,1000,607,393,,,,,,,,,,,,,,,,,
campaign_e_in,in_n1000_rho0.6_independent-positive_seed3.pcf,dhpac,0,0,724607,705,704,519301920415741151,13920,23f703aa3bc9,2026-08-28T19:41:26Z,1000,598,402,,,,,,,,,,,,,,,,,
campaign_e_in,in_n1000_rho0.6_independent-positive_seed3.pcf,dhpac,1,0,664842,705,704,519301920415741151,13920,23f703aa3bc9,2026-08-28T19:41:26Z,1000,598,402,,,,,,,,,,,,,,,,,
campaign_e_in,in_n1000_rho0.6_independent-positive_seed3.pcf,dhpac,2,0,660996,705,704,519301920415741151,13920,23f703aa3bc9,2026-08-28T19:41:26Z,1000,598,402,,,,,,,,,,,,,,,,,
campaign_e_in,in_n1000_rho0.6_independent-positive_seed4.pcf,dhpac,0,0,736424,729,728,15730665575885358499,13920,23f703aa3bc9,2026-08-28T19:41:26Z,1000,576,424,,,,,,,,,,,,,,,,,
campaign_e_in,in_n1000_rho0.6_independent-positive_seed4.pcf,dhpac,1,0,677445,729,728,15730665575885358499,13920,23f703aa3bc9,2026-08-28T19:41:26Z,1000,576,424,,,,,,,,,,,,,,,,,
campaign_e_in,in_n1000_rho0.6_independent-positive_seed4.pcf,dhpac,2,0,668396,729,728,15730665575885358499,13920,23f703aa3bc9,2026-08-28T19:41:26Z,1000,576,424,,,,,,,,,,,,,,,,,
campaign_e_in,in_n1000_rho0.6_independent-signed_seed0.pcf,dhpac,0,0,812087,691,690,16281402754371959078,13920,23f703aa3bc9,2026-08-28T19:41:26Z,1000,596,404,,,,,,,,,,,,,,,,,
campaign_e_in,in_n1000_rho0.6_independent-signed_seed0.pcf,dhpac,1,0,762914,691,690,16281402754371959078,13920,23f703aa3bc9,2026-08-28T19:41:26Z,1000,596,404,,,,,,,,,,,,,,,,,
campaign_e_in,in_n1000_rho0.6_independent-signed_seed0.pcf,dhpac,2,0,756289,691,690,16281402754371959078,13920,23f703aa3bc9,2026-08-28T19:41:26Z,1000,596,404,,,,,,,,,,,,,,,,,
campaign_e_in,in_n1000_rho0.6_independent-signed_seed1.pcf,dhpac,0,0,763707,697,696,1518270849071433799,13920,23f703aa3bc9,2026-08-28T19:41:26Z,1000,604,396,,,,,,,,,,,,,,,,,
campaign_e_in,in_n1000_rho0.6_independent-signed_seed1.pcf,dhpac,1,0,716744,697,696,1518270849071433799,13920,23f703aa3bc9,2026-08-28T19:41:26Z,1000,604,396,,,,,,,,,,,,,,,,,
campaign_e_in,in_n1000_rho0.6_independent-signed_seed1.pcf,dhpac,2,0,732715,697,696,1518270849071433799,13920,23f703aa3bc9,2026-08-28T19:41:26Z,1000,604,396,,,,,,,,,,,,,,,,,
campaign_e_in,in_n1000_rho0.6_independent-signed_seed2.pcf,dhpac,0,0,798869,692,691,145859818406207569,13920,23f703aa3bc9,2026-08-28T19:41:26Z,1000,607,393,,,,,,,,,,,,,,,,,
campaign_e_in,in_n1000_rho0.6_independent-signed_seed2.pcf,dhpac,1,0,684651,692,691,145859818406207569,13920,23f703aa3bc9,2026-08-28T19:41:26Z,1000,607,393,,,,,,,,,,,,,,,,,
campaign_e_in,in_n1000_rho0.6_independent-signed_seed2.pcf,dhpac,2,0,685427,692,691,145859818406207569,13920,23f703aa3bc9,2026-08-28T19:41:26Z,1000,607,393,,,,,,,,,,,,,,,,,
campaign_e_in,in_n1000_rho0.6_independent-signed_seed3.pcf,dhpac,0,0,718313,698,697,3225897377152405194,14080,23f703aa3bc9,2026-08-28T19:41:26Z,1000,598,402,,,,,,,,,,,,,,,,,
campaign_e_in,in_n1000_rho0.6_independent-signed_seed3.pcf,dhpac,1,0,675133,698,697,3225897377152405194,14080,23f703aa3bc9,2026-08-28T19:41:26Z,1000,598,402,,,,,,,,,,,,,,,,,
campaign_e_in,in_n1000_rho0.6_independent-signed_seed3.pcf,dhpac,2,0,666949,698,697,3225897377152405194,14080,23f703aa3bc9,2026-08-28T19:41:26Z,1000,598,402,,,,,,,,,,,,,,,,,
campaign_e_in,in_n1000_rho0.6_independent-signed_seed4.pcf,dhpac,0,0,726950,717,716,7731431521917903359,14080,23f703aa3bc9,2026-08-28T19:41:26Z,1000,576,424,,,,,,,,,,,,,,,,,
campaign_e_in,in_n1000_rho0.6_independent-signed_seed4.pcf,dhpac,1,0,675851,717,716,7731431521917903359,14080,23f703aa3bc9,2026-08-28T19:41:26Z,1000,576,424,,,,,,,,,,,,,,,,,
campaign_e_in,in_n1000_rho0.6_independent-signed_seed4.pcf,dhpac,2,0,674353,717,716,7731431521917903359,14080,23f703aa3bc9,2026-08-28T19:41:26Z,1000,576,424,,,,,,,,,,,,,,,,,
campaign_e_in,in_n1000_rho0.6_near-ties_seed0.pcf,dhpac,0,0,633942,217,216,2384107065315926791,14080,23f703aa3bc9,2026-08-28T19:41:26Z,1000,569,431,,,,,,,,,,,,,,,,,
campaign_e_in,in_n1000_rho0.6_near-ties_seed0.pcf,dhpac,1,0,599634,217,216,2384107065315926791,14080,23f703aa3bc9,2026-08-28T19:41:26Z,1000,569,431,,,,,,,,,,,,,,,,,
campaign_e_in,in_n1000_rho0.6_near-ties_seed0.pcf,dhpac,2,0,598149,217,216,2384107065315926791,14080,23f703aa3bc9,2026-08-28T19:41:26Z,1000,569,431,,,,,,,,,,,,,,,,,
campaign_e_in,in_n1000_rho0.6_near-ties_seed1.pcf,dhpac,0,0,601479,233,232,10525718799468967178,14080,23f703aa3bc9,2026-08-28T19:41:26Z,1000,574,426,,,,,,,,,,,,,,,,,
campaign_e_in,in_n1000_rho0.6_near-ties_seed1.pcf,dhpac,1,0,623828,233,232,10525718799468967178,14080,23f703aa3bc9,2026-08-28T19:41:26Z,1000,574,426,,,,,,,,,,,,,,,,,
campaign_e_in,in_n1000_rho0.6_near-ties_seed1.pcf,dhpac,2,0,548484,233,232,10525718799468967178,14080,23f703aa3bc9,2026-08-28T19:41:26Z,1000,574,426,,,,,,,,,,,,,,,,,
campaign_e_in,in_n1000_rho0.6_near-ties_seed2.pcf,dhpac,0,0,669449,232,231,14297802906878411413,14080,23f703aa3bc9,2026-08-28T19:41:26Z,1000,617,383,,,,,,,,,,,,,,,,,
campaign_e_in,in_n1000_rho0.6_near-ties_seed2.pcf,dhpac,1,0,634239,232,231,14297802906878411413,14080,23f703aa3bc9,2026-08-28T19:41:26Z,1000,617,383,,,,,,,,,,,,,,,,,
campaign_e_in,in_n1000_rho0.6_near-ties_seed2.pcf,dhpac,2,0,630326,232,231,14297802906878411413,14080,23f703aa3bc9,2026-08-28T19:41:26Z,1000,617,383,,,,,,,,,,,,,,,,,
campaign_e_in,in_n1000_rho0.6_near-ties_seed3.pcf,dhpac,0,0,671216,212,211,8817348486809789167,14080,23f703aa3bc9,2026-08-28T19:41:26Z,1000,574,426,,,,,,,,,,,,,,,,,
campaign_e_in,in_n1000_rho0.6_near-ties_seed3.pcf,dhpac,1,0,640507,212,211,8817348486809789167,14080,23f703aa3bc9,2026-08-28T19:41:26Z,1000,574,426,,,,,,,,,,,,,,,,,
campaign_e_in,in_n1000_rho0.6_near-ties_seed3.pcf,dhpac,2,0,632779,212,211,8817348486809789167,14080,23f703aa3bc9,2026-08-28T19:41:26Z,1000,574,426,,,,,,,,,,,,,,,,,
campaign_e_in,in_n1000_rho0.6_near-ties_seed4.pcf,dhpac,0,0,654485,219,218,10877530192927222467,14080,23f703aa3bc9,2026-08-28T19:41:26Z,1000,593,407,,,,,,,,,,,,,,,,,
campaign_e_in,in_n1000_rho0.6_near-ties_seed4.pcf,dhpac,1,0,607240,219,218,10877530192927222467,14080,23f703aa3bc9,2026-08-28T19:41:26Z,1000,593,407,,,,,,,,,,,,,,,,,
campaign_e_in,in_n1000_rho0.6_near-ties_seed4.pcf,dhpac,2,0,607461,219,218,10877530192927222467,14080,23f703aa3bc9,2026-08-28T19:41:26Z,1000,593,407,,,,,,,,,,,,,,,,,
campaign_e_in,in_n1000_rho1.0_anti-correlated_seed0.pcf,dhpac,0,0,3315827,527,526,9910586766354921409,14080,23f703aa3bc9,2026-08-28T19:41:26Z,1000,999,1,,,,,,,,,,,,,,,,,
campaign_e_in,in_n1000_rho1.0_anti-correlated_seed0.pcf,dhpac,1,0,3174162,527,526,9910586766354921409,14080,23f703aa3bc9,2026-08-28T19:41:26Z,1000,999,1,,,,,,,,,,,,,,,,,
campaign_e_in,in_n1000_rho1.0_anti-correlated_seed0.pcf,dhpac,2,0,3172797,527,526,9910586766354921409,14080,23f703aa3bc9,2026-08-28T19:41:26Z,1000,999,1,,,,,,,,,,,,,,,,,
campaign_e_in,in_n1000_rho1.0_anti-correlated_seed1.pcf,dhpac,0,0,3661943,506,505,18015386802156025157,14080,23f703aa3bc9,2026-08-28T19:41:26Z,1000,999,1,,,,,,,,,,,,,,,,,
campaign_e_in,in_n1000_rho1.0_anti-correlated_seed1.pcf,dhpac,1,0,3616404,506,505,18015386802156025157,14080,23f703aa3bc9,2026-08-28T19:41:26Z,1000,999,1,,,,,,,,,,,,,,,,,
campaign_e_in,in_n1000_rho1.0_anti-correlated_seed1.pcf,dhpac,2,0,3594713,506,505,18015386802156025157,14080,23f703aa3bc9,2026-08-28T19:41:26Z,1000,999,1,,,,,,,,,,,,,,,,,
campaign_e_in,in_n1000_rho1.0_anti-correlated_seed2.pcf,dhpac,0,0,2773960,481,480,18383652001827588908,14080,23f703aa3bc9,2026-08-28T19:41:26Z,1000,999,1,,,,,,,,,,,,,,,,,
campaign_e_in,in_n1000_rho1.0_anti-correlated_seed2.pcf,dhpac,1,0,2634137,481,480,18383652001827588908,14080,23f703aa3bc9,2026-08-28T19:41:26Z,1000,999,1,,,,,,,,,,,,,,,,,
campaign_e_in,in_n1000_rho1.0_anti-correlated_seed2.pcf,dhpac,2,0,2627431,481,480,18383652001827588908,14080,23f703aa3bc9,2026-08-28T19:41:26Z,1000,999,1,,,,,,,,,,,,,,,,,
campaign_e_in,in_n1000_rho1.0_anti-correlated_seed3.pcf,dhpac,0,0,3638493,495,494,5701443895303523443,14080,23f703aa3bc9,2026-08-28T19:41:26Z,1000,999,1,,,,,,,,,,,,,,,,,
campaign_e_in,in_n1000_rho1.0_anti-correlated_seed3.pcf,dhpac,1,0,3584070,495,494,5701443895303523443,14080,23f703aa3bc9,2026-08-28T19:41:26Z,1000,999,1,,,,,,,,,,,,,,,,,
campaign_e_in,in_n1000_rho1.0_anti-correlated_seed3.pcf,dhpac,2,0,3555913,495,494,5701443895303523443,14080,23f703aa3bc9,2026-08-28T19:41:26Z,1000,999,1,,,,,,,,,,,,,,,,,
campaign_e_in,in_n1000_rho1.0_anti-correlated_seed4.pcf,dhpac,0,0,3886485,511,510,5197092303906281476,14080,23f703aa3bc9,2026-08-28T19:41:26Z,1000,999,1,,,,,,,,,,,,,,,,,
campaign_e_in,in_n1000_rho1.0_anti-correlated_seed4.pcf,dhpac,1,0,3793606,511,510,5197092303906281476,14080,23f703aa3bc9,2026-08-28T19:41:26Z,1000,999,1,,,,,,,,,,,,,,,,,
campaign_e_in,in_n1000_rho1.0_anti-correlated_seed4.pcf,dhpac,2,0,3785927,511,510,5197092303906281476,14080,23f703aa3bc9,2026-08-28T19:41:26Z,1000,999,1,,,,,,,,,,,,,,,,,
campaign_e_in,in_n1000_rho1.0_correlated_seed0.pcf,dhpac,0,0,3252722,518,517,10562417099844603559,14080,23f703aa3bc9,2026-08-28T19:41:26Z,1000,999,1,,,,,,,,,,,,,,,,,
campaign_e_in,in_n1000_rho1.0_correlated_seed0.pcf,dhpac,1,0,3154989,518,517,10562417099844603559,14080,23f703aa3bc9,2026-08-28T19:41:26Z,1000,999,1,,,,,,,,,,,,,,,,,
campaign_e_in,in_n1000_rho1.0_correlated_seed0.pcf,dhpac,2,0,3169904,518,517,10562417099844603559,14080,23f703aa3bc9,2026-08-28T19:41:26Z,1000,999,1,,,,,,,,,,,,,,,,,
campaign_e_in,in_n1000_rho1.0_correlated_seed1.pcf,dhpac,0,0,3461096,487,486,9704920181683380142,14080,23f703aa3bc9,2026-08-28T19:41:26Z,1000,999,1,,,,,,,,,,,,,,,,,
campaign_e_in,in_n1000_rho1.0_correlated_seed1.pcf,dhpac,1,0,3370841,487,486,9704920181683380142,14080,23f703aa3bc9,2026-08-28T19:41:26Z,1000,999,1,,,,,,,,,,,,,,,,,
campaign_e_in,in_n1000_rho1.0_correlated_seed1.pcf,dhpac,2,0,3387843,487,486,9704920181683380142,14080,23f703aa3bc9,2026-08-28T19:41:26Z,1000,999,1,,,,,,,,,,,,,,,,,
campaign_e_in,in_n1000_rho1.0_correlated_seed2.pcf,dhpac,0,0,2848508,495,494,571795348481948563,14080,23f703aa3bc9,2026-08-28T19:41:26Z,1000,999,1,,,,,,,,,,,,,,,,,
campaign_e_in,in_n1000_rho1.0_correlated_seed2.pcf,dhpac,1,0,2744945,495,494,571795348481948563,14080,23f703aa3bc9,2026-08-28T19:41:26Z,1000,999,1,,,,,,,,,,,,,,,,,
campaign_e_in,in_n1000_rho1.0_correlated_seed2.pcf,dhpac,2,0,2734249,495,494,571795348481948563,14080,23f703aa3bc9,2026-08-28T19:41:26Z,1000,999,1,,,,,,,,,,,,,,,,,
campaign_e_in,in_n1000_rho1.0_correlated_seed3.pcf,dhpac,0,0,3613755,515,514,18107378285700949160,14080,23f703aa3bc9,2026-08-28T19:41:26Z,1000,999,1,,,,,,,,,,,,,,,,,
campaign_e_in,in_n1000_rho1.0_correlated_seed3.pcf,dhpac,1,0,3522682,515,514,18107378285700949160,14080,23f703aa3bc9,2026-08-28T19:41:26Z,1000,999,1,,,,,,,,,,,,,,,,,
campaign_e_in,in_n1000_rho1.0_correlated_seed3.pcf,dhpac,2,0,3503910,515,514,18107378285700949160,14080,23f703aa3bc9,2026-08-28T19:41:26Z,1000,999,1,,,,,,,,,,,,,,,,,
campaign_e_in,in_n1000_rho1.0_correlated_seed4.pcf,dhpac,0,0,3691589,516,515,2104920273449394108,14080,23f703aa3bc9,2026-08-28T19:41:26Z,1000,999,1,,,,,,,,,,,,,,,,,
campaign_e_in,in_n1000_rho1.0_correlated_seed4.pcf,dhpac,1,0,3565903,516,515,2104920273449394108,14080,23f703aa3bc9,2026-08-28T19:41:26Z,1000,999,1,,,,,,,,,,,,,,,,,
campaign_e_in,in_n1000_rho1.0_correlated_seed4.pcf,dhpac,2,0,3555911,516,515,2104920273449394108,14080,23f703aa3bc9,2026-08-28T19:41:26Z,1000,999,1,,,,,,,,,,,,,,,,,
campaign_e_in,in_n1000_rho1.0_exact-ties_seed0.pcf,dhpac,0,0,2901308,205,204,16771952410250152657,14080,23f703aa3bc9,2026-08-28T19:41:26Z,1000,999,1,,,,,,,,,,,,,,,,,
campaign_e_in,in_n1000_rho1.0_exact-ties_seed0.pcf,dhpac,1,0,2775059,205,204,16771952410250152657,14080,23f703aa3bc9,2026-08-28T19:41:26Z,1000,999,1,,,,,,,,,,,,,,,,,
campaign_e_in,in_n1000_rho1.0_exact-ties_seed0.pcf,dhpac,2,0,2776663,205,204,16771952410250152657,14080,23f703aa3bc9,2026-08-28T19:41:26Z,1000,999,1,,,,,,,,,,,,,,,,,
campaign_e_in,in_n1000_rho1.0_exact-ties_seed1.pcf,dhpac,0,0,2828252,229,228,9277160073288500327,14240,23f703aa3bc9,2026-08-28T19:41:26Z,1000,999,1,,,,,,,,,,,,,,,,,
campaign_e_in,in_n1000_rho1.0_exact-ties_seed1.pcf,dhpac,1,0,2741459,229,228,9277160073288500327,14240,23f703aa3bc9,2026-08-28T19:41:26Z,1000,999,1,,,,,,,,,,,,,,,,,
campaign_e_in,in_n1000_rho1.0_exact-ties_seed1.pcf,dhpac,2,0,2728511,229,228,9277160073288500327,14240,23f703aa3bc9,2026-08-28T19:41:26Z,1000,999,1,,,,,,,,,,,,,,,,,
campaign_e_in,in_n1000_rho1.0_exact-ties_seed2.pcf,dhpac,0,0,2913140,220,219,950571167656942762,14240,23f703aa3bc9,2026-08-28T19:41:26Z,1000,999,1,,,,,,,,,,,,,,,,,
campaign_e_in,in_n1000_rho1.0_exact-ties_seed2.pcf,dhpac,1,0,2828014,220,219,950571167656942762,14240,23f703aa3bc9,2026-08-28T19:41:26Z,1000,999,1,,,,,,,,,,,,,,,,,
campaign_e_in,in_n1000_rho1.0_exact-ties_seed2.pcf,dhpac,2,0,2833431,220,219,950571167656942762,14240,23f703aa3bc9,2026-08-28T19:41:26Z,1000,999,1,,,,,,,,,,,,,,,,,
campaign_e_in,in_n1000_rho1.0_exact-ties_seed3.pcf,dhpac,0,0,2779403,216,215,15192759575219372461,14240,23f703aa3bc9,2026-08-28T19:41:26Z,1000,999,1,,,,,,,,,,,,,,,,,
campaign_e_in,in_n1000_rho1.0_exact-ties_seed3.pcf,dhpac,1,0,2694129,216,215,15192759575219372461,14240,23f703aa3bc9,2026-08-28T19:41:26Z,1000,999,1,,,,,,,,,,,,,,,,,
campaign_e_in,in_n1000_rho1.0_exact-ties_seed3.pcf,dhpac,2,0,2685437,216,215,15192759575219372461,14240,23f703aa3bc9,2026-08-28T19:41:26Z,1000,999,1,,,,,,,,,,,,,,,,,
campaign_e_in,in_n1000_rho1.0_exact-ties_seed4.pcf,dhpac,0,0,3332829,220,219,14385408194264743301,14240,23f703aa3bc9,2026-08-28T19:41:26Z,1000,999,1,,,,,,,,,,,,,,,,,
campaign_e_in,in_n1000_rho1.0_exact-ties_seed4.pcf,dhpac,1,0,3292477,220,219,14385408194264743301,14240,23f703aa3bc9,2026-08-28T19:41:26Z,1000,999,1,,,,,,,,,,,,,,,,,
campaign_e_in,in_n1000_rho1.0_exact-ties_seed4.pcf,dhpac,2,0,3291764,220,219,14385408194264743301,14240,23f703aa3bc9,2026-08-28T19:41:26Z,1000,999,1,,,,,,,,,,,,,,,,,
campaign_e_in,in_n1000_rho1.0_independent-positive_seed0.pcf,dhpac,0,0,3141826,513,512,8299014266146441498,14240,23f703aa3bc9,2026-08-28T19:41:26Z,1000,999,1,,,,,,,,,,,,,,,,,
campaign_e_in,in_n1000_rho1.0_independent-positive_seed0.pcf,dhpac,1,0,3038056,513,512,8299014266146441498,14240,23f703aa3bc9,2026-08-28T19:41:26Z,1000,999,1,,,,,,,,,,,,,,,,,
campaign_e_in,in_n1000_rho1.0_independent-positive_seed0.pcf,dhpac,2,0,3071004,513,512,8299014266146441498,14240,23f703aa3bc9,2026-08-28T19:41:26Z,1000,999,1,,,,,,,,,,,,,,,,,
campaign_e_in,in_n1000_rho1.0_independent-positive_seed1.pcf,dhpac,0,0,3149301,491,490,15429552475166273634,14240,23f703aa3bc9,2026-08-28T19:41:26Z,1000,999,1,,,,,,,,,,,,,,,,,
campaign_e_in,in_n1000_rho1.0_independent-positive_seed1.pcf,dhpac,1,0,3061023,491,490,15429552475166273634,14240,23f703aa3bc9,2026-08-28T19:41:26Z,1000,999,1,,,,,,,,,,,,,,,,,
campaign_e_in,in_n1000_rho1.0_independent-positive_seed1.pcf,dhpac,2,0,3064047,491,490,15429552475166273634,14240,23f703aa3bc9,2026-08-28T19:41:26Z,1000,999,1,,,,,,,,,,,,,,,,,
campaign_e_in,in_n1000_rho1.0_independent-positive_seed2.pcf,dhpac,0,0,3221349,530,529,10233786846935680718,14240,23f703aa3bc9,2026-08-28T19:41:26Z,1000,999,1,,,,,,,,,,,,,,,,,
campaign_e_in,in_n1000_rho1.0_independent-positive_seed2.pcf,dhpac,1,0,3082359,530,529,10233786846935680718,14240,23f703aa3bc9,2026-08-28T19:41:26Z,1000,999,1,,,,,,,,,,,,,,,,,
campaign_e_in,in_n1000_rho1.0_independent-positive_seed2.pcf,dhpac,2,0,3098909,530,529,10233786846935680718,14240,23f703aa3bc9,2026-08-28T19:41:26Z,1000,999,1,,,,,,,,,,,,,,,,,
campaign_e_in,in_n1000_rho1.0_independent-positive_seed3.pcf,dhpac,0,0,3183780,504,503,16837981836925832639,14240,23f703aa3bc9,2026-08-28T19:41:26Z,1000,999,1,,,,,,,,,,,,,,,,,
campaign_e_in,in_n1000_rho1.0_independent-positive_seed3.pcf,dhpac,1,0,3097505,504,503,16837981836925832639,14240,23f703aa3bc9,2026-08-28T19:41:26Z,1000,999,1,,,,,,,,,,,,,,,,,
campaign_e_in,in_n1000_rho1.0_independent-positive_seed3.pcf,dhpac,2,0,3088967,504,503,16837981836925832639,14240,23f703aa3bc9,2026-08-28T19:41:26Z,1000,999,1,,,,,,,,,,,,,,,,,
campaign_e_in,in_n1000_rho1.0_independent-positive_seed4.pcf,dhpac,0,0,3006832,516,515,8186597033211790943,14240,23f703aa3bc9,2026-08-28T19:41:26Z,1000,999,1,,,,,,,,,,,,,,,,,
campaign_e_in,in_n1000_rho1.0_independent-positive_seed4.pcf,dhpac,1,0,2882355,516,515,8186597033211790943,14240,23f703aa3bc9,2026-08-28T19:41:26Z,1000,999,1,,,,,,,,,,,,,,,,,
campaign_e_in,in_n1000_rho1.0_independent-positive_seed4.pcf,dhpac,2,0,2891627,516,515,8186597033211790943,14240,23f703aa3bc9,2026-08-28T19:41:26Z,1000,999,1,,,,,,,,,,,,,,,,,
campaign_e_in,in_n1000_rho1.0_independent-signed_seed0.pcf,dhpac,0,0,3222803,521,520,1530621895717478503,14240,23f703aa3bc9,2026-08-28T19:41:26Z,1000,999,1,,,,,,,,,,,,,,,,,
campaign_e_in,in_n1000_rho1.0_independent-signed_seed0.pcf,dhpac,1,0,3098636,521,520,1530621895717478503,14240,23f703aa3bc9,2026-08-28T19:41:26Z,1000,999,1,,,,,,,,,,,,,,,,,
campaign_e_in,in_n1000_rho1.0_independent-signed_seed0.pcf,dhpac,2,0,3107013,521,520,1530621895717478503,14240,23f703aa3bc9,2026-08-28T19:41:26Z,1000,999,1,,,,,,,,,,,,,,,,,
campaign_e_in,in_n1000_rho1.0_independent-signed_seed1.pcf,dhpac,0,0,3203794,509,508,6416057351470969590,14240,23f703aa3bc9,2026-08-28T19:41:26Z,1000,999,1,,,,,,,,,,,,,,,,,
campaign_e_in,in_n1000_rho1.0_independent-signed_seed1.pcf,dhpac,1,0,3117427,509,508,6416057351470969590,14240,23f703aa3bc9,2026-08-28T19:41:26Z,1000,999,1,,,,,,,,,,,,,,,,,
campaign_e_in,in_n1000_rho1.0_independent-signed_seed1.pcf,dhpac,2,0,3126205,509,508,6416057351470969590,14240,23f703aa3bc9,2026-08-28T19:41:26Z,1000,999,1,,,,,,,,,,,,,,,,,
campaign_e_in,in_n1000_rho1.0_independent-signed_seed2.pcf,dhpac,0,0,3228109,529,528,3228692859889679555,14240,23f703aa3bc9,2026-08-28T19:41:26Z,1000,999,1,,,,,,,,,,,,,,,,,
campaign_e_in,in_n1000_rho1.0_independent-signed_seed2.pcf,dhpac,1,0,3075767,529,528,3228692859889679555,14240,23f703aa3bc9,2026-08-28T19:41:26Z,1000,999,1,,,,,,,,,,,,,,,,,
campaign_e_in,in_n1000_rho1.0_independent-signed_seed2.pcf,dhpac,2,0,3080192,529,528,3228692859889679555,14240,23f703aa3bc9,2026-08-28T19:41:26Z,1000,999,1,,,,,,,,,,,,,,,,,
campaign_e_in,in_n1000_rho1.0_independent-signed_seed3.pcf,dhpac,0,0,3211768,518,517,16182239693746006391,14240,23f703aa3bc9,2026-08-28T19:41:26Z,1000,999,1,,,,,,,,,,,,,,,,,
campaign_e_in,in_n1000_rho1.0_independent-signed_seed3.pcf,dhpac,1,0,3097986,518,517,16182239693746006391,14240,23f703aa3bc9,2026-08-28T19:41:26Z,1000,999,1,,,,,,,,,,,,,,,,,
campaign_e_in,in_n1000_rho1.0_independent-signed_seed3.pcf,dhpac,2,0,3241784,518,517,16182239693746006391,14240,23f703aa3bc9,2026-08-28T19:41:26Z,1000,999,1,,,,,,,,,,,,,,,,,
campaign_e_in,in_n1000_rho1.0_independent-signed_seed4.pcf,dhpac,0,0,3021690,538,537,15697472750325163849,14240,23f703aa3bc9,2026-08-28T19:41:26Z,1000,999,1,,,,,,,,,,,,,,,,,
campaign_e_in,in_n1000_rho1.0_independent-signed_seed4.pcf,dhpac,1,0,2933075,538,537,15697472750325163849,14240,23f703aa3bc9,2026-08-28T19:41:26Z,1000,999,1,,,,,,,,,,,,,,,,,
campaign_e_in,in_n1000_rho1.0_independent-signed_seed4.pcf,dhpac,2,0,2918416,538,537,15697472750325163849,14240,23f703aa3bc9,2026-08-28T19:41:26Z,1000,999,1,,,,,,,,,,,,,,,,,
campaign_e_in,in_n1000_rho1.0_near-ties_seed0.pcf,dhpac,0,0,3213344,205,204,3537984450395827884,14240,23f703aa3bc9,2026-08-28T19:41:26Z,1000,999,1,,,,,,,,,,,,,,,,,
campaign_e_in,in_n1000_rho1.0_near-ties_seed0.pcf,dhpac,1,0,3113442,205,204,3537984450395827884,14240,23f703aa3bc9,2026-08-28T19:41:26Z,1000,999,1,,,,,,,,,,,,,,,,,
campaign_e_in,in_n1000_rho1.0_near-ties_seed0.pcf,dhpac,2,0,3125713,205,204,3537984450395827884,14240,23f703aa3bc9,2026-08-28T19:41:26Z,1000,999,1,,,,,,,,,,,,,,,,,
campaign_e_in,in_n1000_rho1.0_near-ties_seed1.pcf,dhpac,0,0,3304842,208,207,737538528189524661,14240,23f703aa3bc9,2026-08-28T19:41:26Z,1000,999,1,,,,,,,,,,,,,,,,,
campaign_e_in,in_n1000_rho1.0_near-ties_seed1.pcf,dhpac,1,0,3215413,208,207,737538528189524661,14240,23f703aa3bc9,2026-08-28T19:41:26Z,1000,999,1,,,,,,,,,,,,,,,,,
campaign_e_in,in_n1000_rho1.0_near-ties_seed1.pcf,dhpac,2,0,3228421,208,207,737538528189524661,14240,23f703aa3bc9,2026-08-28T19:41:26Z,1000,999,1,,,,,,,,,,,,,,,,,
campaign_e_in,in_n1000_rho1.0_near-ties_seed2.pcf,dhpac,0,0,3007761,203,202,10100389990391039634,14240,23f703aa3bc9,2026-08-28T19:41:26Z,1000,999,1,,,,,,,,,,,,,,,,,
campaign_e_in,in_n1000_rho1.0_near-ties_seed2.pcf,dhpac,1,0,2914971,203,202,10100389990391039634,14240,23f703aa3bc9,2026-08-28T19:41:26Z,1000,999,1,,,,,,,,,,,,,,,,,
campaign_e_in,in_n1000_rho1.0_near-ties_seed2.pcf,dhpac,2,0,2918018,203,202,10100389990391039634,14240,23f703aa3bc9,2026-08-28T19:41:26Z,1000,999,1,,,,,,,,,,,,,,,,,
campaign_e_in,in_n1000_rho1.0_near-ties_seed3.pcf,dhpac,0,0,3211646,209,208,2019315163219943992,14240,23f703aa3bc9,2026-08-28T19:41:26Z,1000,999,1,,,,,,,,,,,,,,,,,
campaign_e_in,in_n1000_rho1.0_near-ties_seed3.pcf,dhpac,1,0,3122259,209,208,2019315163219943992,14240,23f703aa3bc9,2026-08-28T19:41:26Z,1000,999,1,,,,,,,,,,,,,,,,,
campaign_e_in,in_n1000_rho1.0_near-ties_seed3.pcf,dhpac,2,0,3123991,209,208,2019315163219943992,14240,23f703aa3bc9,2026-08-28T19:41:26Z,1000,999,1,,,,,,,,,,,,,,,,,
campaign_e_in,in_n1000_rho1.0_near-ties_seed4.pcf,dhpac,0,0,3291322,196,195,9210554725550857476,14240,23f703aa3bc9,2026-08-28T19:41:26Z,1000,999,1,,,,,,,,,,,,,,,,,
campaign_e_in,in_n1000_rho1.0_near-ties_seed4.pcf,dhpac,1,0,3169898,196,195,9210554725550857476,14240,23f703aa3bc9,2026-08-28T19:41:26Z,1000,999,1,,,,,,,,,,,,,,,,,
campaign_e_in,in_n1000_rho1.0_near-ties_seed4.pcf,dhpac,2,0,3151040,196,195,9210554725550857476,14240,23f703aa3bc9,2026-08-28T19:41:26Z,1000,999,1,,,,,,,,,,,,,,,,,
campaign_e_in,in_n100_rho0.6_anti-correlated_seed0.pcf,dhpac,0,0,74868,74,73,14403896481397612842,14240,23f703aa3bc9,2026-08-28T19:41:26Z,100,64,36,,,,,,,,,,,,,,,,,
campaign_e_in,in_n100_rho0.6_anti-correlated_seed0.pcf,dhpac,1,0,58679,74,73,14403896481397612842,14240,23f703aa3bc9,2026-08-28T19:41:26Z,100,64,36,,,,,,,,,,,,,,,,,
campaign_e_in,in_n100_rho0.6_anti-correlated_seed0.pcf,dhpac,2,0,49726,74,73,14403896481397612842,14240,23f703aa3bc9,2026-08-28T19:41:26Z,100,64,36,,,,,,,,,,,,,,,,,
campaign_e_in,in_n100_rho0.6_anti-correlated_seed1.pcf,dhpac,0,0,76651,67,66,5091263133887420480,14400,23f703aa3bc9,2026-08-28T19:41:26Z,100,62,38,,,,,,,,,,,,,,,,,
campaign_e_in,in_n100_rho0.6_anti-correlated_seed1.pcf,dhpac,1,0,58190,67,66,5091263133887420480,14400,23f703aa3bc9,2026-08-28T19:41:26Z,100,62,38,,,,,,,,,,,,,,,,,
campaign_e_in,in_n100_rho0.6_anti-correlated_seed1.pcf,dhpac,2,0,48379,67,66,5091263133887420480,14400,23f703aa3bc9,2026-08-28T19:41:26Z,100,62,38,,,,,,,,,,,,,,,,,
campaign_e_in,in_n100_rho0.6_anti-correlated_seed2.pcf,dhpac,0,0,71643,69,68,4925406116887195554,14400,23f703aa3bc9,2026-08-28T19:41:26Z,100,57,43,,,,,,,,,,,,,,,,,
campaign_e_in,in_n100_rho0.6_anti-correlated_seed2.pcf,dhpac,1,0,55685,69,68,4925406116887195554,14400,23f703aa3bc9,2026-08-28T19:41:26Z,100,57,43,,,,,,,,,,,,,,,,,
campaign_e_in,in_n100_rho0.6_anti-correlated_seed2.pcf,dhpac,2,0,45045,69,68,4925406116887195554,14400,23f703aa3bc9,2026-08-28T19:41:26Z,100,57,43,,,,,,,,,,,,,,,,,
campaign_e_in,in_n100_rho0.6_anti-correlated_seed3.pcf,dhpac,0,0,64507,76,75,7916953163335694876,14400,23f703aa3bc9,2026-08-28T19:41:26Z,100,56,44,,,,,,,,,,,,,,,,,
campaign_e_in,in_n100_rho0.6_anti-correlated_seed3.pcf,dhpac,1,0,49686,76,75,7916953163335694876,14400,23f703aa3bc9,2026-08-28T19:41:26Z,100,56,44,,,,,,,,,,,,,,,,,
campaign_e_in,in_n100_rho0.6_anti-correlated_seed3.pcf,dhpac,2,0,42736,76,75,7916953163335694876,14400,23f703aa3bc9,2026-08-28T19:41:26Z,100,56,44,,,,,,,,,,,,,,,,,
campaign_e_in,in_n100_rho0.6_anti-correlated_seed4.pcf,dhpac,0,0,73489,63,62,11923113399842764604,14400,23f703aa3bc9,2026-08-28T19:41:26Z,100,66,34,,,,,,,,,,,,,,,,,
campaign_e_in,in_n100_rho0.6_anti-correlated_seed4.pcf,dhpac,1,0,57028,63,62,11923113399842764604,14400,23f703aa3bc9,2026-08-28T19:41:26Z,100,66,34,,,,,,,,,,,,,,,,,
campaign_e_in,in_n100_rho0.6_anti-correlated_seed4.pcf,dhpac,2,0,46943,63,62,11923113399842764604,14400,23f703aa3bc9,2026-08-28T19:41:26Z,100,66,34,,,,,,,,,,,,,,,,,
campaign_e_in,in_n100_rho0.6_correlated_seed0.pcf,dhpac,0,0,76547,71,70,8337637506186540032,14400,23f703aa3bc9,2026-08-28T19:41:26Z,100,64,36,,,,,,,,,,,,,,,,,
campaign_e_in,in_n100_rho0.6_correlated_seed0.pcf,dhpac,1,0,59544,71,70,8337637506186540032,14400,23f703aa3bc9,2026-08-28T19:41:26Z,100,64,36,,,,,,,,,,,,,,,,,
campaign_e_in,in_n100_rho0.6_correlated_seed0.pcf,dhpac,2,0,50886,71,70,8337637506186540032,14400,23f703aa3bc9,2026-08-28T19:41:26Z,100,64,36,,,,,,,,,,,,,,,,,
campaign_e_in,in_n100_rho0.6_correlated_seed1.pcf,dhpac,0,0,82460,65,64,14229853271233667380,14400,23f703aa3bc9,2026-08-28T19:41:26Z,100,62,38,,,,,,,,,,,,,,,,,
campaign_e_in,in_n100_rho0.6_correlated_seed1.pcf,dhpac,1,0,67759,65,64,14229853271233667380,14400,23f703aa3bc9,2026-08-28T19:41:26Z,100,62,38,,,,,,,,,,,,,,,,,
campaign_e_in,in_n100_rho0.6_correlated_seed1.pcf,dhpac,2,0,56668,65,64,14229853271233667380,14400,23f703aa3bc9,2026-08-28T19:41:26Z,100,62,38,,,,,,,,,,,,,,,,,
campaign_e_in,in_n100_rho0.6_correlated_seed2.pcf,dhpac,0,0,68314,72,71,540930019351968815,14400,23f703aa3bc9,2026-08-28T19:41:26Z,100,57,43,,,,,,,,,,,,,,,,,
campaign_e_in,in_n100_rho0.6_correlated_seed2.pcf,dhpac,1,0,53128,72,71,540930019351968815,14400,23f703aa3bc9,2026-08-28T19:41:26Z,100,57,43,,,,,,,,,,,,,,,,,
campaign_e_in,in_n100_rho0.6_correlated_seed2.pcf,dhpac,2,0,44983,72,71,540930019351968815,14400,23f703aa3bc9,2026-08-28T19:41:26Z,100,57,43,,,,,,,,,,,,,,,,,
campaign_e_in,in_n100_rho0.6_correlated_seed3.pcf,dhpac,0,0,64432,75,74,9381900760704651358,14400,23f703aa3bc9,2026-08-28T19:41:26Z,100,56,44,,,,,,,,,,,,,,,,,
campaign_e_in,in_n100_rho0.6_correlated_seed3.pcf,dhpac,1,0,45670,75,74,9381900760704651358,14400,23f703aa3bc9,2026-08-28T19:41:26Z,100,56,44,,,,,,,,,,,,,,,,,
campaign_e_in,in_n100_rho0.6_correlated_seed3.pcf,dhpac,2,0,35893,75,74,9381900760704651358,14400,23f703aa3bc9,2026-08-28T19:41:26Z,100,56,44,,,,,,,,,,,,,,,,,
campaign_e_in,in_n100_rho0.6_correlated_seed4.pcf,dhpac,0,0,72580,61,60,7519363661589460654,14400,23f703aa3bc9,2026-08-28T19:41:26Z,100,66,34,,,,,,,,,,,,,,,,,
campaign_e_in,in_n100_rho0.6_correlated_seed4.pcf,dhpac,1,0,56668,61,60,7519363661589460654,14400,23f703aa3bc9,2026-08-28T19:41:26Z,100,66,34,,,,,,,,,,,,,,,,,
campaign_e_in,in_n100_rho0.6_correlated_seed4.pcf,dhpac,2,0,50682,61,60,7519363661589460654,14400,23f703aa3bc9,2026-08-28T19:41:26Z,100,66,34,,,,,,,,,,,,,,,,,
campaign_e_in,in_n100_rho0.6_exact-ties_seed0.pcf,dhpac,0,0,57485,19,18,2554972810184623716,14400,23f703aa3bc9,2026-08-28T19:41:26Z,100,56,44,,,,,,,,,,,,,,,,,
campaign_e_in,in_n100_rho0.6_exact-ties_seed0.pcf,dhpac,1,0,50702,19,18,2554972810184623716,14400,23f703aa3bc9,2026-08-28T19:41:26Z,100,56,44,,,,,,,,,,,,,,,,,
campaign_e_in,in_n100_rho0.6_exact-ties_seed0.pcf,dhpac,2,0,35890,19,18,2554972810184623716,14400,23f703aa3bc9,2026-08-28T19:41:26Z,100,56,44,,,,,,,,,,,,,,,,,
campaign_e_in,in_n100_rho0.6_exact-ties_seed1.pcf,dhpac,0,0,69703,22,21,2073412342334365687,14400,23f703aa3bc9,2026-08-28T19:41:26Z,100,58,42,,,,,,,,,,,,,,,,,
campaign_e_in,in_n100_rho0.6_exact-ties_seed1.pcf,dhpac,1,0,52691,22,21,2073412342334365687,14400,23f703aa3bc9,2026-08-28T19:41:26Z,100,58,42,,,,,,,,,,,,,,,,,
campaign_e_in,in_n100_rho0.6_exact-ties_seed1.pcf,dhpac,2,0,40341,22,21,2073412342334365687,14400,23f703aa3bc9,2026-08-28T19:41:26Z,100,58,42,,,,,,,,,,,,,,,,,
campaign_e_in,in_n100_rho0.6_exact-ties_seed2.pcf,dhpac,0,0,69238,20,19,5711198982287229877,14400,23f703aa3bc9,2026-08-28T19:41:26Z,100,60,40,,,,,,,,,,,,,,,,,
campaign_e_in,in_n100_rho0.6_exact-ties_seed2.pcf,dhpac,1,0,59055,20,19,5711198982287229877,14400,23f703aa3bc9,2026-08-28T19:41:26Z,100,60,40,,,,,,,,,,,,,,,,,
campaign_e_in,in_n100_rho0.6_exact-ties_seed2.pcf,dhpac,2,0,39755,20,19,5711198982287229877,14400,23f703aa3bc9,2026-08-28T19:41:26Z,100,60,40,,,,,,,,,,,,,,,,,
campaign_e_in,in_n100_rho0.6_exact-ties_seed3.pcf,dhpac,0,0,77944,20,19,7183577179845676199,14400,23f703aa3bc9,2026-08-28T19:41:26Z,100,63,37,,,,,,,,,,,,,,,,,
campaign_e_in,in_n100_rho0.6_exact-ties_seed3.pcf,dhpac,1,0,61081,20,19,7183577179845676199,14400,23f703aa3bc9,2026-08-28T19:41:26Z,100,63,37,,,,,,,,,,,,,,,,,
campaign_e_in,in_n100_rho0.6_exact-ties_seed3.pcf,dhpac,2,0,48651,20,19,7183577179845676199,14400,23f703aa3bc9,2026-08-28T19:41:26Z,100,63,37,,,,,,,,,,,,,,,,,
campaign_e_in,in_n100_rho0.6_exact-ties_seed4.pcf,dhpac,0,0,66581,25,24,14704686007842888703,14400,23f703aa3bc9,2026-08-28T19:41:26Z,100,61,39,,,,,,,,,,,,,,,,,
campaign_e_in,in_n100_rho0.6_exact-ties_seed4.pcf,dhpac,1,0,61943,25,24,14704686007842888703,14400,23f703aa3bc9,2026-08-28T19:41:26Z,100,61,39,,,,,,,,,,,,,,,,,
campaign_e_in,in_n100_rho0.6_exact-ties_seed4.pcf,dhpac,2,0,45148,25,24,14704686007842888703,14400,23f703aa3bc9,2026-08-28T19:41:26Z,100,61,39,,,,,,,,,,,,,,,,,
campaign_e_in,in_n100_rho0.6_independent-positive_seed0.pcf,dhpac,0,0,89091,68,67,5437970894203892931,14400,23f703aa3bc9,2026-08-28T19:41:26Z,100,62,38,,,,,,,,,,,,,,,,,
campaign_e_in,in_n100_rho0.6_independent-positive_seed0.pcf,dhpac,1,0,69712,68,67,5437970894203892931,14400,23f703aa3bc9,2026-08-28T19:41:26Z,100,62,38,,,,,,,,,,,,,,,,,
campaign_e_in,in_n100_rho0.6_independent-positive_seed0.pcf,dhpac,2,0,60064,68,67,5437970894203892931,14400,23f703aa3bc9,2026-08-28T19:41:26Z,100,62,38,,,,,,,,,,,,,,,,,
campaign_e_in,in_n100_rho0.6_independent-positive_seed1.pcf,dhpac,0,0,99760,66,65,16208833624415315763,14400,23f703aa3bc9,2026-08-28T19:41:26Z,100,62,38,,,,,,,,,,,,,,,,,
campaign_e_in,in_n100_rho0.6_independent-positive_seed1.pcf,dhpac,1,0,74343,66,65,16208833624415315763,14400,23f703aa3bc9,2026-08-28T19:41:26Z,100,62,38,,,,,,,,,,,,,,,,,
campaign_e_in,in_n100_rho0.6_independent-positive_seed1.pcf,dhpac,2,0,64377,66,65,16208833624415315763,14400,23f703aa3bc9,2026-08-28T19:41:26Z,100,62,38,,,,,,,,,,,,,,,,,
campaign_e_in,in_n100_rho0.6_independent-positive_seed2.pcf,dhpac,0,0,71178,74,73,8684594643123570464,14400,23f703aa3bc9,2026-08-28T19:41:26Z,100,55,45,,,,,,,,,,,,,,,,,
campaign_e_in,in_n100_rho0.6_independent-positive_seed2.pcf,dhpac,1,0,54775,74,73,8684594643123570464,14400,23f703aa3bc9,2026-08-28T19:41:26Z,100,55,45,,,,,,,,,,,,,,,,,
campaign_e_in,in_n100_rho0.6_independent-positive_seed2.pcf,dhpac,2,0,53283,74,73,8684594643123570464,14400,23f703aa3bc9,2026-08-28T19:41:26Z,100,55,45,,,,,,,,,,,,,,,,,
campaign_e_in,in_n100_rho0.6_independent-positive_seed3.pcf,dhpac,0,0,71878,72,71,14820268105554722829,14400,23f703aa3bc9,2026-08-28T19:41:26Z,100,59,41,,,,,,,,,,,,,,,,,
campaign_e_in,in_n100_rho0.6_independent-positive_seed3.pcf,dhpac,1,0,54883,72,71,14820268105554722829,14400,23f703aa3bc9,2026-08-28T19:41:26Z,100,59,41,,,,,,,,,,,,,,,,,
campaign_e_in,in_n100_rho0.6_independent-positive_seed3.pcf,dhpac,2,0,47546,72,71,14820268105554722829,14400,23f703aa3bc9,2026-08-28T19:41:26Z,100,59,41,,,,,,,,,,,,,,,,,
campaign_e_in,in_n100_rho0.6_independent-positive_seed4.pcf,dhpac,0,0,81556,64,63,12313356178094845316,14400,23f703aa3bc9,2026-08-28T19:41:26Z,100,64,36,,,,,,,,,,,,,,,,,
campaign_e_in,in_n100_rho0.6_independent-positive_seed4.pcf,dhpac,1,0,65058,64,63,12313356178094845316,14400,23f703aa3bc9,2026-08-28T19:41:26Z,100,64,36,,,,,,,,,,,,,,,,,
campaign_e_in,in_n100_rho0.6_independent-positive_seed4.pcf,dhpac,2,0,53972,64,63,12313356178094845316,14400,23f703aa3bc9,2026-08-28T19:41:26Z,100,64,36,,,,,,,,,,,,,,,,,
campaign_e_in,in_n100_rho0.6_independent-signed_seed0.pcf,dhpac,0,0,85993,69,68,17207178377832971137,14400,23f703aa3bc9,2026-08-28T19:41:26Z,100,62,38,,,,,,,,,,,,,,,,,
campaign_e_in,in_n100_rho0.6_independent-signed_seed0.pcf,dhpac,1,0,67729,69,68,17207178377832971137,14400,23f703aa3bc9,2026-08-28T19:41:26Z,100,62,38,,,,,,,,,,,,,,,,,
campaign_e_in,in_n100_rho0.6_independent-signed_seed0.pcf,dhpac,2,0,57162,69,68,17207178377832971137,14400,23f703aa3bc9,2026-08-28T19:41:26Z,100,62,38,,,,,,,,,,,,,,,,,
campaign_e_in,in_n100_rho0.6_independent-signed_seed1.pcf,dhpac,0,0,91391,70,69,9953816564138286436,14560,23f703aa3bc9,2026-08-28T19:41:26Z,100,62,38,,,,,,,,,,,,,,,,,
campaign_e_in,in_n100_rho0.6_independent-signed_seed1.pcf,dhpac,1,0,76200,70,69,9953816564138286436,14560,23f703aa3bc9,2026-08-28T19:41:26Z,100,62,38,,,,,,,,,,,,,,,,,
campaign_e_in,in_n100_rho0.6_independent-signed_seed1.pcf,dhpac,2,0,62285,70,69,9953816564138286436,14560,23f703aa3bc9,2026-08-28T19:41:26Z,100,62,38,,,,,,,,,,,,,,,,,
campaign_e_in,in_n100_rho0.6_independent-signed_seed2.pcf,dhpac,0,0,67083,70,69,9735189132541835247,14560,23f703aa3bc9,2026-08-28T19:41:26Z,100,55,45,,,,,,,,,,,,,,,,,
campaign_e_in,in_n100_rho0.6_independent-signed_seed2.pcf,dhpac,1,0,49670,70,69,9735189132541835247,14560,23f703aa3bc9,2026-08-28T19:41:26Z,100,55,45,,,,,,,,,,,,,,,,,
campaign_e_in,in_n100_rho0.6_independent-signed_seed2.pcf,dhpac,2,0,39991,70,69,9735189132541835247,14560,23f703aa3bc9,2026-08-28T19:41:26Z,100,55,45,,,,,,,,,,,,,,,,,
campaign_e_in,in_n100_rho0.6_independent-signed_seed3.pcf,dhpac,0,0,79715,73,72,8836865302123405483,14560,23f703aa3bc9,2026-08-28T19:41:26Z,100,59,41,,,,,,,,,,,,,,,,,
campaign_e_in,in_n100_rho0.6_independent-signed_seed3.pcf,dhpac,1,0,62507,73,72,8836865302123405483,14560,23f703aa3bc9,2026-08-28T19:41:26Z,100,59,41,,,,,,,,,,,,,,,,,
campaign_e_in,in_n100_rho0.6_independent-signed_seed3.pcf,dhpac,2,0,52183,73,72,8836865302123405483,14560,23f703aa3bc9,2026-08-28T19:41:26Z,100,59,41,,,,,,,,,,,,,,,,,
campaign_e_in,in_n100_rho0.6_independent-signed_seed4.pcf,dhpac,0,0,79119,67,66,15705094753681890338,14560,23f703aa3bc9,2026-08-28T19:41:26Z,100,64,36,,,,,,,,,,,,,,,,,
campaign_e_in,in_n100_rho0.6_independent-signed_seed4.pcf,dhpac,1,0,64383,67,66,15705094753681890338,14560,23f703aa3bc9,2026-08-28T19:41:26Z,100,64,36,,,,,,,,,,,,,,,,,
campaign_e_in,in_n100_rho0.6_independent-signed_seed4.pcf,dhpac,2,0,59336,67,66,15705094753681890338,14560,23f703aa3bc9,2026-08-28T19:41:26Z,100,64,36,,,,,,,,,,,,,,,,,
campaign_e_in,in_n100_rho0.6_near-ties_seed0.pcf,dhpac,0,0,82983,56,55,8479684428399773937,14560,23f703aa3bc9,2026-08-28T19:41:26Z,100,65,35,,,,,,,,,,,,,,,,,
campaign_e_in,in_n100_rho0.6_near-ties_seed0.pcf,dhpac,1,0,63406,56,55,8479684428399773937,14560,23f703aa3bc9,2026-08-28T19:41:26Z,100,65,35,,,,,,,,,,,,,,,,,
campaign_e_in,in_n100_rho0.6_near-ties_seed0.pcf,dhpac,2,0,55852,56,55,8479684428399773937,14560,23f703aa3bc9,2026-08-28T19:41:26Z,100,65,35,,,,,,,,,,,,,,,,,
campaign_e_in,in_n100_rho0.6_near-ties_seed1.pcf,dhpac,0,0,83123,54,53,8980825422010663196,14560,23f703aa3bc9,2026-08-28T19:41:26Z,100,63,37,,,,,,,,,,,,,,,,,
campaign_e_in,in_n100_rho0.6_near-ties_seed1.pcf,dhpac,1,0,65884,54,53,8980825422010663196,14560,23f703aa3bc9,2026-08-28T19:41:26Z,100,63,37,,,,,,,,,,,,,,,,,
campaign_e_in,in_n100_rho0.6_near-ties_seed1.pcf,dhpac,2,0,54866,54,53,8980825422010663196,14560,23f703aa3bc9,2026-08-28T19:41:26Z,100,63,37,,,,,,,,,,,,,,,,,
campaign_e_in,in_n100_rho0.6_near-ties_seed2.pcf,dhpac,0,0,72574,64,63,12712253511052240220,14560,23f703aa3bc9,2026-08-28T19:41:26Z,100,61,39,,,,,,,,,,,,,,,,,
campaign_e_in,in_n100_rho0.6_near-ties_seed2.pcf,dhpac,1,0,55384,64,63,12712253511052240220,14560,23f703aa3bc9,2026-08-28T19:41:26Z,100,61,39,,,,,,,,,,,,,,,,,
campaign_e_in,in_n100_rho0.6_near-ties_seed2.pcf,dhpac,2,0,44345,64,63,12712253511052240220,14560,23f703aa3bc9,2026-08-28T19:41:26Z,100,61,39,,,,,,,,,,,,,,,,,
campaign_e_in,in_n100_rho0.6_near-ties_seed3.pcf,dhpac,0,0,83295,58,57,6941455270340929163,14560,23f703aa3bc9,2026-08-28T19:41:26Z,100,60,40,,,,,,,,,,,,,,,,,
campaign_e_in,in_n100_rho0.6_near-ties_seed3.pcf,dhpac,1,0,76841,58,57,6941455270340929163,14560,23f703aa3bc9,2026-08-28T19:41:26Z,100,60,40,,,,,,,,,,,,,,,,,
campaign_e_in,in_n100_rho0.6_near-ties_seed3.pcf,dhpac,2,0,60377,58,57,6941455270340929163,14560,23f703aa3bc9,2026-08-28T19:41:26Z,100,60,40,,,,,,,,,,,,,,,,,
campaign_e_in,in_n100_rho0.6_near-ties_seed4.pcf,dhpac,0,0,79534,61,60,4031515545693925082,14560,23f703aa3bc9,2026-08-28T19:41:26Z,100,66,34,,,,,,,,,,,,,,,,,
campaign_e_in,in_n100_rho0.6_near-ties_seed4.pcf,dhpac,1,0,63234,61,60,4031515545693925082,14560,23f703aa3bc9,2026-08-28T19:41:26Z,100,66,34,,,,,,,,,,,,,,,,,
campaign_e_in,in_n100_rho0.6_near-ties_seed4.pcf,dhpac,2,0,56226,61,60,4031515545693925082,14560,23f703aa3bc9,2026-08-28T19:41:26Z,100,66,34,,,,,,,,,,,,,,,,,
campaign_e_in,in_n100_rho1.0_anti-correlated_seed0.pcf,dhpac,0,0,181784,51,50,8068041088511262972,14560,23f703aa3bc9,2026-08-28T19:41:26Z,100,99,1,,,,,,,,,,,,,,,,,
campaign_e_in,in_n100_rho1.0_anti-correlated_seed0.pcf,dhpac,1,0,158125,51,50,8068041088511262972,14560,23f703aa3bc9,2026-08-28T19:41:26Z,100,99,1,,,,,,,,,,,,,,,,,
campaign_e_in,in_n100_rho1.0_anti-correlated_seed0.pcf,dhpac,2,0,149508,51,50,8068041088511262972,14560,23f703aa3bc9,2026-08-28T19:41:26Z,100,99,1,,,,,,,,,,,,,,,,,
campaign_e_in,in_n100_rho1.0_anti-correlated_seed1.pcf,dhpac,0,0,210638,56,55,15921060530374588089,14560,23f703aa3bc9,2026-08-28T19:41:26Z,100,99,1,,,,,,,,,,,,,,,,,
campaign_e_in,in_n100_rho1.0_anti-correlated_seed1.pcf,dhpac,1,0,182860,56,55,15921060530374588089,14560,23f703aa3bc9,2026-08-28T19:41:26Z,100,99,1,,,,,,,,,,,,,,,,,
campaign_e_in,in_n100_rho1.0_anti-correlated_seed1.pcf,dhpac,2,0,174231,56,55,15921060530374588089,14560,23f703aa3bc9,2026-08-28T19:41:26Z,100,99,1,,,,,,,,,,,,,,,,,
campaign_e_in,in_n100_rho1.0_anti-correlated_seed2.pcf,dhpac,0,0,194430,45,44,10832186419858054254,14560,23f703aa3bc9,2026-08-28T19:41:26Z,100,99,1,,,,,,,,,,,,,,,,,
campaign_e_in,in_n100_rho1.0_anti-correlated_seed2.pcf,dhpac,1,0,168830,45,44,10832186419858054254,14560,23f703aa3bc9,2026-08-28T19:41:26Z,100,99,1,,,,,,,,,,,,,,,,,
campaign_e_in,in_n100_rho1.0_anti-correlated_seed2.pcf,dhpac,2,0,155576,45,44,10832186419858054254,14560,23f703aa3bc9,2026-08-28T19:41:26Z,100,99,1,,,,,,,,,,,,,,,,,
campaign_e_in,in_n100_rho1.0_anti-correlated_seed3.pcf,dhpac,0,0,204144,53,52,14955454122134883670,14560,23f703aa3bc9,2026-08-28T19:41:26Z,100,99,1,,,,,,,,,,,,,,,,,
campaign_e_in,in_n100_rho1.0_anti-correlated_seed3.pcf,dhpac,1,0,184570,53,52,14955454122134883670,14560,23f703aa3bc9,2026-08-28T19:41:26Z,100,99,1,,,,,,,,,,,,,,,,,
campaign_e_in,in_n100_rho1.0_anti-correlated_seed3.pcf,dhpac,2,0,172426,53,52,14955454122134883670,14560,23f703aa3bc9,2026-08-28T19:41:26Z,100,99,1,,,,,,,,,,,,,,,,,
campaign_e_in,in_n100_rho1.0_anti-correlated_seed4.pcf,dhpac,0,0,180860,54,53,10042322654532018938,14560,23f703aa3bc9,2026-08-28T19:41:26Z,100,99,1,,,,,,,,,,,,,,,,,
campaign_e_in,in_n100_rho1.0_anti-correlated_seed4.pcf,dhpac,1,0,161616,54,53,10042322654532018938,14560,23f703aa3bc9,2026-08-28T19:41:26Z,100,99,1,,,,,,,,,,,,,,,,,
campaign_e_in,in_n100_rho1.0_anti-correlated_seed4.pcf,dhpac,2,0,147893,54,53,10042322654532018938,14560,23f703aa3bc9,2026-08-28T19:41:26Z,100,99,1,,,,,,,,,,,,,,,,,
campaign_e_in,in_n100_rho1.0_correlated_seed0.pcf,dhpac,0,0,175284,52,51,5332042121365736644,14560,23f703aa3bc9,2026-08-28T19:41:26Z,100,99,1,,,,,,,,,,,,,,,,,
campaign_e_in,in_n100_rho1.0_correlated_seed0.pcf,dhpac,1,0,153575,52,51,5332042121365736644,14560,23f703aa3bc9,2026-08-28T19:41:26Z,100,99,1,,,,,,,,,,,,,,,,,
campaign_e_in,in_n100_rho1.0_correlated_seed0.pcf,dhpac,2,0,151920,52,51,5332042121365736644,14560,23f703aa3bc9,2026-08-28T19:41:26Z,100,99,1,,,,,,,,,,,,,,,,,
campaign_e_in,in_n100_rho1.0_correlated_seed1.pcf,dhpac,0,0,182187,48,47,3453647041945425483,14560,23f703aa3bc9,2026-08-28T19:41:26Z,100,99,1,,,,,,,,,,,,,,,,,
campaign_e_in,in_n100_rho1.0_correlated_seed1.pcf,dhpac,1,0,158084,48,47,3453647041945425483,14560,23f703aa3bc9,2026-08-28T19:41:26Z,100,99,1,,,,,,,,,,,,,,,,,
campaign_e_in,in_n100_rho1.0_correlated_seed1.pcf,dhpac,2,0,147856,48,47,3453647041945425483,14560,23f703aa3bc9,2026-08-28T19:41:26Z,100,99,1,,,,,,,,,,,,,,,,,
campaign_e_in,in_n100_rho1.0_correlated_seed2.pcf,dhpac,0,0,189352,55,54,8014819162032860367,14560,23f703aa3bc9,2026-08-28T19:41:26Z,100,99,1,,,,,,,,,,,,,,,,,
campaign_e_in,in_n100_rho1.0_correlated_seed2.pcf,dhpac,1,0,166119,55,54,8014819162032860367,14560,23f703aa3bc9,2026-08-28T19:41:26Z,100,99,1,,,,,,,,,,,,,,,,,
campaign_e_in,in_n100_rho1.0_correlated_seed2.pcf,dhpac,2,0,155877,55,54,8014819162032860367,14560,23f703aa3bc9,2026-08-28T19:41:26Z,100,99,1,,,,,,,,,,,,,,,,,
campaign_e_in,in_n100_rho1.0_correlated_seed3.pcf,dhpac,0,0,184460,50,49,4252493773777878047,14560,23f703aa3bc9,2026-08-28T19:41:26Z,100,99,1,,,,,,,,,,,,,,,,,
campaign_e_in,in_n100_rho1.0_correlated_seed3.pcf,dhpac,1,0,160422,50,49,4252493773777878047,14560,23f703aa3bc9,2026-08-28T19:41:26Z,100,99,1,,,,,,,,,,,,,,,,,
campaign_e_in,in_n100_rho1.0_correlated_seed3.pcf,dhpac,2,0,150706,50,49,4252493773777878047,14560,23f703aa3bc9,2026-08-28T19:41:26Z,100,99,1,,,,,,,,,,,,,,,,,
campaign_e_in,in_n100_rho1.0_correlated_seed4.pcf,dhpac,0,0,194012,54,53,5542641924253683198,14720,23f703aa3bc9,2026-08-28T19:41:26Z,100,99,1,,,,,,,,,,,,,,,,,
campaign_e_in,in_n100_rho1.0_correlated_seed4.pcf,dhpac,1,0,165165,54,53,5542641924253683198,14720,23f703aa3bc9,2026-08-28T19:41:26Z,100,99,1,,,,,,,,,,,,,,,,,
campaign_e_in,in_n100_rho1.0_correlated_seed4.pcf,dhpac,2,0,156553,54,53,5542641924253683198,14720,23f703aa3bc9,2026-08-28T19:41:26Z,100,99,1,,,,,,,,,,,,,,,,,
campaign_e_in,in_n100_rho1.0_exact-ties_seed0.pcf,dhpac,0,0,166133,17,16,12982599923750112674,14720,23f703aa3bc9,2026-08-28T19:41:26Z,100,99,1,,,,,,,,,,,,,,,,,
campaign_e_in,in_n100_rho1.0_exact-ties_seed0.pcf,dhpac,1,0,148565,17,16,12982599923750112674,14720,23f703aa3bc9,2026-08-28T19:41:26Z,100,99,1,,,,,,,,,,,,,,,,,
campaign_e_in,in_n100_rho1.0_exact-ties_seed0.pcf,dhpac,2,0,132792,17,16,12982599923750112674,14720,23f703aa3bc9,2026-08-28T19:41:26Z,100,99,1,,,,,,,,,,,,,,,,,
campaign_e_in,in_n100_rho1.0_exact-ties_seed1.pcf,dhpac,0,0,150451,23,22,1668706872129861806,14720,23f703aa3bc9,2026-08-28T19:41:26Z,100,99,1,,,,,,,,,,,,,,,,,
campaign_e_in,in_n100_rho1.0_exact-ties_seed1.pcf,dhpac,1,0,128286,23,22,1668706872129861806,14720,23f703aa3bc9,2026-08-28T19:41:26Z,100,99,1,,,,,,,,,,,,,,,,,
campaign_e_in,in_n100_rho1.0_exact-ties_seed1.pcf,dhpac,2,0,184726,23,22,1668706872129861806,14720,23f703aa3bc9,2026-08-28T19:41:26Z,100,99,1,,,,,,,,,,,,,,,,,
campaign_e_in,in_n100_rho1.0_exact-ties_seed2.pcf,dhpac,0,0,164313,23,22,14437020489847348766,14720,23f703aa3bc9,2026-08-28T19:41:26Z,100,99,1,,,,,,,,,,,,,,,,,
campaign_e_in,in_n100_rho1.0_exact-ties_seed2.pcf,dhpac,1,0,141713,23,22,14437020489847348766,14720,23f703aa3bc9,2026-08-28T19:41:26Z,100,99,1,,,,,,,,,,,,,,,,,
campaign_e_in,in_n100_rho1.0_exact-ties_seed2.pcf,dhpac,2,0,134699,23,22,14437020489847348766,14720,23f703aa3bc9,2026-08-28T19:41:26Z,100,99,1,,,,,,,,,,,,,,,,,
campaign_e_in,in_n100_rho1.0_exact-ties_seed3.pcf,dhpac,0,0,182687,15,14,13465680659080587377,14720,23f703aa3bc9,2026-08-28T19:41:26Z,100,99,1,,,,,,,,,,,,,,,,,
campaign_e_in,in_n100_rho1.0_exact-ties_seed3.pcf,dhpac,1,0,155994,15,14,13465680659080587377,14720,23f703aa3bc9,2026-08-28T19:41:26Z,100,99,1,,,,,,,,,,,,,,,,,
campaign_e_in,in_n100_rho1.0_exact-ties_seed3.pcf,dhpac,2,0,143687,15,14,13465680659080587377,14720,23f703aa3bc9,2026-08-28T19:41:26Z,100,99,1,,,,,,,,,,,,,,,,,
campaign_e_in,in_n100_rho1.0_exact-ties_seed4.pcf,dhpac,0,0,205219,18,17,1515051581154678329,14720,23f703aa3bc9,2026-08-28T19:41:26Z,100,99,1,,,,,,,,,,,,,,,,,
campaign_e_in,in_n100_rho1.0_exact-ties_seed4.pcf,dhpac,1,0,176321,18,17,1515051581154678329,14720,23f703aa3bc9,2026-08-28T19:41:26Z,100,99,1,,,,,,,,,,,,,,,,,
campaign_e_in,in_n100_rho1.0_exact-ties_seed4.pcf,dhpac,2,0,165841,18,17,1515051581154678329,14720,23f703aa3bc9,2026-08-28T19:41:26Z,100,99,1,,,,,,,,,,,,,,,,,
campaign_e_in,in_n100_rho1.0_independent-positive_seed0.pcf,dhpac,0,0,164170,51,50,11918033095216406622,14720,23f703aa3bc9,2026-08-28T19:41:26Z,100,99,1,,,,,,,,,,,,,,,,,
campaign_e_in,in_n100_rho1.0_independent-positive_seed0.pcf,dhpac,1,0,144412,51,50,11918033095216406622,14720,23f703aa3bc9,2026-08-28T19:41:26Z,100,99,1,,,,,,,,,,,,,,,,,
campaign_e_in,in_n100_rho1.0_independent-positive_seed0.pcf,dhpac,2,0,133859,51,50,11918033095216406622,14720,23f703aa3bc9,2026-08-28T19:41:26Z,100,99,1,,,,,,,,,,,,,,,,,
campaign_e_in,in_n100_rho1.0_independent-positive_seed1.pcf,dhpac,0,0,192215,55,54,13175095898138557376,14720,23f703aa3bc9,2026-08-28T19:41:26Z,100,99,1,,,,,,,,,,,,,,,,,
campaign_e_in,in_n100_rho1.0_independent-positive_seed1.pcf,dhpac,1,0,170027,55,54,13175095898138557376,14720,23f703aa3bc9,2026-08-28T19:41:26Z,100,99,1,,,,,,,,,,,,,,,,,
campaign_e_in,in_n100_rho1.0_independent-positive_seed1.pcf,dhpac,2,0,157082,55,54,13175095898138557376,14720,23f703aa3bc9,2026-08-28T19:41:26Z,100,99,1,,,,,,,,,,,,,,,,,
campaign_e_in,in_n100_rho1.0_independent-positive_seed2.pcf,dhpac,0,0,179639,49,48,1049631805708546057,14720,23f703aa3bc9,2026-08-28T19:41:26Z,100,99,1,,,,,,,,,,,,,,,,,
campaign_e_in,in_n100_rho1.0_independent-positive_seed2.pcf,dhpac,1,0,159990,49,48,1049631805708546057,14720,23f703aa3bc9,2026-08-28T19:41:26Z,100,99,1,,,,,,,,,,,,,,,,,
campaign_e_in,in_n100_rho1.0_independent-positive_seed2.pcf,dhpac,2,0,148882,49,48,1049631805708546057,14720,23f703aa3bc9,2026-08-28T19:41:26Z,100,99,1,,,,,,,,,,,,,,,,,
campaign_e_in,in_n100_rho1.0_independent-positive_seed3.pcf,dhpac,0,0,188302,54,53,2884276902595733954,14720,23f703aa3bc9,2026-08-28T19:41:26Z,100,99,1,,,,,,,,,,,,,,,,,
campaign_e_in,in_n100_rho1.0_independent-positive_seed3.pcf,dhpac,1,0,164846,54,53,2884276902595733954,14720,23f703aa3bc9,2026-08-28T19:41:26Z,100,99,1,,,,,,,,,,,,,,,,,
campaign_e_in,in_n100_rho1.0_independent-positive_seed3.pcf,dhpac,2,0,238018,54,53,2884276902595733954,14720,23f703aa3bc9,2026-08-28T19:41:26Z,100,99,1,,,,,,,,,,,,,,,,,
campaign_e_in,in_n100_rho1.0_independent-positive_seed4.pcf,dhpac,0,0,173185,51,50,17438756344605840457,14720,23f703aa3bc9,2026-08-28T19:41:26Z,100,99,1,,,,,,,,,,,,,,,,,
campaign_e_in,in_n100_rho1.0_independent-positive_seed4.pcf,dhpac,1,0,151768,51,50,17438756344605840457,14720,23f703aa3bc9,2026-08-28T19:41:26Z,100,99,1,,,,,,,,,,,,,,,,,
campaign_e_in,in_n100_rho1.0_independent-positive_seed4.pcf,dhpac,2,0,148655,51,50,17438756344605840457,14720,23f703aa3bc9,2026-08-28T19:41:26Z,100,99,1,,,,,,,,,,,,,,,,,
campaign_e_in,in_n100_rho1.0_independent-signed_seed0.pcf,dhpac,0,0,167434,54,53,6823862073184301969,14720,23f703aa3bc9,2026-08-28T19:41:26Z,100,99,1,,,,,,,,,,,,,,,,,
campaign_e_in,in_n100_rho1.0_independent-signed_seed0.pcf,dhpac,1,0,145686,54,53,6823862073184301969,14720,23f703aa3bc9,2026-08-28T19:41:26Z,100,99,1,,,,,,,,,,,,,,,,,
campaign_e_in,in_n100_rho1.0_independent-signed_seed0.pcf,dhpac,2,0,137000,54,53,6823862073184301969,14720,23f703aa3bc9,2026-08-28T19:41:26Z,100,99,1,,,,,,,,,,,,,,,,,
campaign_e_in,in_n100_rho1.0_independent-signed_seed1.pcf,dhpac,0,0,188254,55,54,14877518448968624614,14720,23f703aa3bc9,2026-08-28T19:41:26Z,100,99,1,,,,,,,,,,,,,,,,,
campaign_e_in,in_n100_rho1.0_independent-signed_seed1.pcf,dhpac,1,0,164013,55,54,14877518448968624614,14720,23f703aa3bc9,2026-08-28T19:41:26Z,100,99,1,,,,,,,,,,,,,,,,,
campaign_e_in,in_n100_rho1.0_independent-signed_seed1.pcf,dhpac,2,0,155070,55,54,14877518448968624614,14720,23f703aa3bc9,2026-08-28T19:41:26Z,100,99,1,,,,,,,,,,,,,,,,,
campaign_e_in,in_n100_rho1.0_independent-signed_seed2.pcf,dhpac,0,0,191706,50,49,15896604936521110443,14720,23f703aa3bc9,2026-08-28T19:41:26Z,100,99,1,,,,,,,,,,,,,,,,,
campaign_e_in,in_n100_rho1.0_independent-signed_seed2.pcf,dhpac,1,0,167382,50,49,15896604936521110443,14720,23f703aa3bc9,2026-08-28T19:41:26Z,100,99,1,,,,,,,,,,,,,,,,,
campaign_e_in,in_n100_rho1.0_independent-signed_seed2.pcf,dhpac,2,0,157055,50,49,15896604936521110443,14720,23f703aa3bc9,2026-08-28T19:41:26Z,100,99,1,,,,,,,,,,,,,,,,,
campaign_e_in,in_n100_rho1.0_independent-signed_seed3.pcf,dhpac,0,0,177200,46,45,9565371018427231171,14720,23f703aa3bc9,2026-08-28T19:41:26Z,100,99,1,,,,,,,,,,,,,,,,,
campaign_e_in,in_n100_rho1.0_independent-signed_seed3.pcf,dhpac,1,0,148424,46,45,9565371018427231171,14720,23f703aa3bc9,2026-08-28T19:41:26Z,100,99,1,,,,,,,,,,,,,,,,,
campaign_e_in,in_n100_rho1.0_independent-signed_seed3.pcf,dhpac,2,0,136953,46,45,9565371018427231171,14720,23f703aa3bc9,2026-08-28T19:41:26Z,100,99,1,,,,,,,,,,,,,,,,,
campaign_e_in,in_n100_rho1.0_independent-signed_seed4.pcf,dhpac,0,0,175374,51,50,12233900617737647860,14720,23f703aa3bc9,2026-08-28T19:41:26Z,100,99,1,,,,,,,,,,,,,,,,,
campaign_e_in,in_n100_rho1.0_independent-signed_seed4.pcf,dhpac,1,0,156981,51,50,12233900617737647860,14720,23f703aa3bc9,2026-08-28T19:41:26Z,100,99,1,,,,,,,,,,,,,,,,,
campaign_e_in,in_n100_rho1.0_independent-signed_seed4.pcf,dhpac,2,0,142574,51,50,12233900617737647860,14720,23f703aa3bc9,2026-08-28T19:41:26Z,100,99,1,,,,,,,,,,,,,,,,,
campaign_e_in,in_n100_rho1.0_near-ties_seed0.pcf,dhpac,0,0,167749,42,41,11343436544403151878,14720,23f703aa3bc9,2026-08-28T19:41:26Z,100,99,1,,,,,,,,,,,,,,,,,
campaign_e_in,in_n100_rho1.0_near-ties_seed0.pcf,dhpac,1,0,143120,42,41,11343436544403151878,14720,23f703aa3bc9,2026-08-28T19:41:26Z,100,99,1,,,,,,,,,,,,,,,,,
campaign_e_in,in_n100_rho1.0_near-ties_seed0.pcf,dhpac,2,0,134060,42,41,11343436544403151878,14720,23f703aa3bc9,2026-08-28T19:41:26Z,100,99,1,,,,,,,,,,,,,,,,,
campaign_e_in,in_n100_rho1.0_near-ties_seed1.pcf,dhpac,0,0,171977,46,45,1439148905387657115,14720,23f703aa3bc9,2026-08-28T19:41:26Z,100,99,1,,,,,,,,,,,,,,,,,
campaign_e_in,in_n100_rho1.0_near-ties_seed1.pcf,dhpac,1,0,149139,46,45,1439148905387657115,14720,23f703aa3bc9,2026-08-28T19:41:26Z,100,99,1,,,,,,,,,,,,,,,,,
campaign_e_in,in_n100_rho1.0_near-ties_seed1.pcf,dhpac,2,0,146865,46,45,1439148905387657115,14720,23f703aa3bc9,2026-08-28T19:41:26Z,100,99,1,,,,,,,,,,,,,,,,,
campaign_e_in,in_n100_rho1.0_near-ties_seed2.pcf,dhpac,0,0,208621,47,46,7278992333728897909,14720,23f703aa3bc9,2026-08-28T19:41:26Z,100,99,1,,,,,,,,,,,,,,,,,
campaign_e_in,in_n100_rho1.0_near-ties_seed2.pcf,dhpac,1,0,184148,47,46,7278992333728897909,14720,23f703aa3bc9,2026-08-28T19:41:26Z,100,99,1,,,,,,,,,,,,,,,,,
campaign_e_in,in_n100_rho1.0_near-ties_seed2.pcf,dhpac,2,0,172838,47,46,7278992333728897909,14720,23f703aa3bc9,2026-08-28T19:41:26Z,100,99,1,,,,,,,,,,,,,,,,,
campaign_e_in,in_n100_rho1.0_near-ties_seed3.pcf,dhpac,0,0,172956,45,44,14398726421171870941,14880,23f703aa3bc9,2026-08-28T19:41:26Z,100,99,1,,,,,,,,,,,,,,,,,
campaign_e_in,in_n100_rho1.0_near-ties_seed3.pcf,dhpac,1,0,149070,45,44,14398726421171870941,14880,23f703aa3bc9,2026-08-28T19:41:26Z,100,99,1,,,,,,,,,,,,,,,,,
campaign_e_in,in_n100_rho1.0_near-ties_seed3.pcf,dhpac,2,0,139556,45,44,14398726421171870941,14880,23f703aa3bc9,2026-08-28T19:41:26Z,100,99,1,,,,,,,,,,,,,,,,,
campaign_e_in,in_n100_rho1.0_near-ties_seed4.pcf,dhpac,0,0,140999,48,47,16284169118416955751,14880,23f703aa3bc9,2026-08-28T19:41:26Z,100,99,1,,,,,,,,,,,,,,,,,
campaign_e_in,in_n100_rho1.0_near-ties_seed4.pcf,dhpac,1,0,124113,48,47,16284169118416955751,14880,23f703aa3bc9,2026-08-28T19:41:26Z,100,99,1,,,,,,,,,,,,,,,,,
campaign_e_in,in_n100_rho1.0_near-ties_seed4.pcf,dhpac,2,0,112430,48,47,16284169118416955751,14880,23f703aa3bc9,2026-08-28T19:41:26Z,100,99,1,,,,,,,,,,,,,,,,,
campaign_e_in,in_n20000_rho0.6_anti-correlated_seed0.pcf,dhpac,0,0,19644803,13171,13170,7942580943673651120,14880,23f703aa3bc9,2026-08-28T19:41:26Z,20000,12020,7980,,,,,,,,,,,,,,,,,
campaign_e_in,in_n20000_rho0.6_anti-correlated_seed0.pcf,dhpac,1,0,18352541,13171,13170,7942580943673651120,14880,23f703aa3bc9,2026-08-28T19:41:26Z,20000,12020,7980,,,,,,,,,,,,,,,,,
campaign_e_in,in_n20000_rho0.6_anti-correlated_seed0.pcf,dhpac,2,0,18271219,13171,13170,7942580943673651120,14880,23f703aa3bc9,2026-08-28T19:41:26Z,20000,12020,7980,,,,,,,,,,,,,,,,,
campaign_e_in,in_n20000_rho0.6_anti-correlated_seed1.pcf,dhpac,0,0,18923638,13256,13255,13829423166467114187,14880,23f703aa3bc9,2026-08-28T19:41:26Z,20000,11914,8086,,,,,,,,,,,,,,,,,
campaign_e_in,in_n20000_rho0.6_anti-correlated_seed1.pcf,dhpac,1,0,18056976,13256,13255,13829423166467114187,14880,23f703aa3bc9,2026-08-28T19:41:26Z,20000,11914,8086,,,,,,,,,,,,,,,,,
campaign_e_in,in_n20000_rho0.6_anti-correlated_seed1.pcf,dhpac,2,0,18616677,13256,13255,13829423166467114187,14880,23f703aa3bc9,2026-08-28T19:41:26Z,20000,11914,8086,,,,,,,,,,,,,,,,,
campaign_e_in,in_n20000_rho0.6_anti-correlated_seed2.pcf,dhpac,0,0,19009721,13250,13249,12470658237538996161,14880,23f703aa3bc9,2026-08-28T19:41:26Z,20000,12073,7927,,,,,,,,,,,,,,,,,
campaign_e_in,in_n20000_rho0.6_anti-correlated_seed2.pcf,dhpac,1,0,18455421,13250,13249,12470658237538996161,14880,23f703aa3bc9,2026-08-28T19:41:26Z,20000,12073,7927,,,,,,,,,,,,,,,,,
campaign_e_in,in_n20000_rho0.6_anti-correlated_seed2.pcf,dhpac,2,0,18297922,13250,13249,12470658237538996161,14880,23f703aa3bc9,2026-08-28T19:41:26Z,20000,12073,7927,,,,,,,,,,,,,,,,,
campaign_e_in,in_n20000_rho0.6_anti-correlated_seed3.pcf,dhpac,0,0,19346694,13340,13339,18334373188615955761,14880,23f703aa3bc9,2026-08-28T19:41:26Z,20000,11999,8001,,,,,,,,,,,,,,,,,
campaign_e_in,in_n20000_rho0.6_anti-correlated_seed3.pcf,dhpac,1,0,18499720,13340,13339,18334373188615955761,14880,23f703aa3bc9,2026-08-28T19:41:26Z,20000,11999,8001,,,,,,,,,,,,,,,,,
campaign_e_in,in_n20000_rho0.6_anti-correlated_seed3.pcf,dhpac,2,0,18922410,13340,13339,18334373188615955761,14880,23f703aa3bc9,2026-08-28T19:41:26Z,20000,11999,8001,,,,,,,,,,,,,,,,,
campaign_e_in,in_n20000_rho0.6_anti-correlated_seed4.pcf,dhpac,0,0,18563967,13199,13198,2811404638449039024,14880,23f703aa3bc9,2026-08-28T19:41:26Z,20000,11977,8023,,,,,,,,,,,,,,,,,
campaign_e_in,in_n20000_rho0.6_anti-correlated_seed4.pcf,dhpac,1,0,18314385,13199,13198,2811404638449039024,14880,23f703aa3bc9,2026-08-28T19:41:26Z,20000,11977,8023,,,,,,,,,,,,,,,,,
campaign_e_in,in_n20000_rho0.6_anti-correlated_seed4.pcf,dhpac,2,0,17919255,13199,13198,2811404638449039024,14880,23f703aa3bc9,2026-08-28T19:41:26Z,20000,11977,8023,,,,,,,,,,,,,,,,,
campaign_e_in,in_n20000_rho0.6_correlated_seed0.pcf,dhpac,0,0,18907229,11725,11724,2570299367606705598,14880,23f703aa3bc9,2026-08-28T19:41:26Z,20000,12020,7980,,,,,,,,,,,,,,,,,
campaign_e_in,in_n20000_rho0.6_correlated_seed0.pcf,dhpac,1,0,18200868,11725,11724,2570299367606705598,14880,23f703aa3bc9,2026-08-28T19:41:26Z,20000,12020,7980,,,,,,,,,,,,,,,,,
campaign_e_in,in_n20000_rho0.6_correlated_seed0.pcf,dhpac,2,0,18256730,11725,11724,2570299367606705598,14880,23f703aa3bc9,2026-08-28T19:41:26Z,20000,12020,7980,,,,,,,,,,,,,,,,,
campaign_e_in,in_n20000_rho0.6_correlated_seed1.pcf,dhpac,0,0,18662630,11813,11812,1510296357570483294,14880,23f703aa3bc9,2026-08-28T19:41:27Z,20000,11914,8086,,,,,,,,,,,,,,,,,
campaign_e_in,in_n20000_rho0.6_correlated_seed1.pcf,dhpac,1,0,18282233,11813,11812,1510296357570483294,14880,23f703aa3bc9,2026-08-28T19:41:27Z,20000,11914,8086,,,,,,,,,,,,,,,,,
campaign_e_in,in_n20000_rho0.6_correlated_seed1.pcf,dhpac,2,0,18364400,11813,11812,1510296357570483294,14880,23f703aa3bc9,2026-08-28T19:41:27Z,20000,11914,8086,,,,,,,,,,,,,,,,,
campaign_e_in,in_n20000_rho0.6_correlated_seed2.pcf,dhpac,0,0,18409317,11722,11721,13184516304313677121,14880,23f703aa3bc9,2026-08-28T19:41:27Z,20000,12073,7927,,,,,,,,,,,,,,,,,
campaign_e_in,in_n20000_rho0.6_correlated_seed2.pcf,dhpac,1,0,18117167,11722,11721,13184516304313677121,14880,23f703aa3bc9,2026-08-28T19:41:27Z,20000,12073,7927,,,,,,,,,,,,,,,,,
campaign_e_in,in_n20000_rho0.6_correlated_seed2.pcf,dhpac,2,0,17793743,11722,11721,13184516304313677121,14880,23f703aa3bc9,2026-08-28T19:41:27Z,20000,12073,7927,,,,,,,,,,,,,,,,,
campaign_e_in,in_n20000_rho0.6_correlated_seed3.pcf,dhpac,0,0,19124072,11742,11741,8468432098846231551,14880,23f703aa3bc9,2026-08-28T19:41:27Z,20000,11999,8001,,,,,,,,,,,,,,,,,
campaign_e_in,in_n20000_rho0.6_correlated_seed3.pcf,dhpac,1,0,18477807,11742,11741,8468432098846231551,14880,23f703aa3bc9,2026-08-28T19:41:27Z,20000,11999,8001,,,,,,,,,,,,,,,,,
campaign_e_in,in_n20000_rho0.6_correlated_seed3.pcf,dhpac,2,0,18475886,11742,11741,8468432098846231551,14880,23f703aa3bc9,2026-08-28T19:41:27Z,20000,11999,8001,,,,,,,,,,,,,,,,,
campaign_e_in,in_n20000_rho0.6_correlated_seed4.pcf,dhpac,0,0,18393960,11791,11790,7869955464033667811,14880,23f703aa3bc9,2026-08-28T19:41:27Z,20000,11977,8023,,,,,,,,,,,,,,,,,
campaign_e_in,in_n20000_rho0.6_correlated_seed4.pcf,dhpac,1,0,18046470,11791,11790,7869955464033667811,14880,23f703aa3bc9,2026-08-28T19:41:27Z,20000,11977,8023,,,,,,,,,,,,,,,,,
campaign_e_in,in_n20000_rho0.6_correlated_seed4.pcf,dhpac,2,0,18056965,11791,11790,7869955464033667811,14880,23f703aa3bc9,2026-08-28T19:41:27Z,20000,11977,8023,,,,,,,,,,,,,,,,,
campaign_e_in,in_n20000_rho0.6_exact-ties_seed0.pcf,dhpac,0,0,17268692,3275,3274,13185622817936113040,14880,23f703aa3bc9,2026-08-28T19:41:27Z,20000,12009,7991,,,,,,,,,,,,,,,,,
campaign_e_in,in_n20000_rho0.6_exact-ties_seed0.pcf,dhpac,1,0,16973393,3275,3274,13185622817936113040,14880,23f703aa3bc9,2026-08-28T19:41:27Z,20000,12009,7991,,,,,,,,,,,,,,,,,
campaign_e_in,in_n20000_rho0.6_exact-ties_seed0.pcf,dhpac,2,0,16598687,3275,3274,13185622817936113040,14880,23f703aa3bc9,2026-08-28T19:41:27Z,20000,12009,7991,,,,,,,,,,,,,,,,,
campaign_e_in,in_n20000_rho0.6_exact-ties_seed1.pcf,dhpac,0,0,16882403,3358,3357,2713924678448254833,14880,23f703aa3bc9,2026-08-28T19:41:27Z,20000,11869,8131,,,,,,,,,,,,,,,,,
campaign_e_in,in_n20000_rho0.6_exact-ties_seed1.pcf,dhpac,1,0,16621664,3358,3357,2713924678448254833,14880,23f703aa3bc9,2026-08-28T19:41:27Z,20000,11869,8131,,,,,,,,,,,,,,,,,
campaign_e_in,in_n20000_rho0.6_exact-ties_seed1.pcf,dhpac,2,0,16617893,3358,3357,2713924678448254833,14880,23f703aa3bc9,2026-08-28T19:41:27Z,20000,11869,8131,,,,,,,,,,,,,,,,,
campaign_e_in,in_n20000_rho0.6_exact-ties_seed2.pcf,dhpac,0,0,19379946,3322,3321,11272186804577110099,14880,23f703aa3bc9,2026-08-28T19:41:27Z,20000,12112,7888,,,,,,,,,,,,,,,,,
campaign_e_in,in_n20000_rho0.6_exact-ties_seed2.pcf,dhpac,1,0,18993440,3322,3321,11272186804577110099,14880,23f703aa3bc9,2026-08-28T19:41:27Z,20000,12112,7888,,,,,,,,,,,,,,,,,
campaign_e_in,in_n20000_rho0.6_exact-ties_seed2.pcf,dhpac,2,0,18981745,3322,3321,11272186804577110099,14880,23f703aa3bc9,2026-08-28T19:41:27Z,20000,12112,7888,,,,,,,,,,,,,,,,,
campaign_e_in,in_n20000_rho0.6_exact-ties_seed3.pcf,dhpac,0,0,17438373,3267,3266,15697519975212657742,14880,23f703aa3bc9,2026-08-28T19:41:27Z,20000,11960,8040,,,,,,,,,,,,,,,,,
campaign_e_in,in_n20000_rho0.6_exact-ties_seed3.pcf,dhpac,1,0,17083411,3267,3266,15697519975212657742,14880,23f703aa3bc9,2026-08-28T19:41:27Z,20000,11960,8040,,,,,,,,,,,,,,,,,
campaign_e_in,in_n20000_rho0.6_exact-ties_seed3.pcf,dhpac,2,0,16951784,3267,3266,15697519975212657742,14880,23f703aa3bc9,2026-08-28T19:41:27Z,20000,11960,8040,,,,,,,,,,,,,,,,,
campaign_e_in,in_n20000_rho0.6_exact-ties_seed4.pcf,dhpac,0,0,17147498,3307,3306,5634776036922659716,14880,23f703aa3bc9,2026-08-28T19:41:27Z,20000,12048,7952,,,,,,,,,,,,,,,,,
campaign_e_in,in_n20000_rho0.6_exact-ties_seed4.pcf,dhpac,1,0,17099401,3307,3306,5634776036922659716,14880,23f703aa3bc9,2026-08-28T19:41:27Z,20000,12048,7952,,,,,,,,,,,,,,,,,
campaign_e_in,in_n20000_rho0.6_exact-ties_seed4.pcf,dhpac,2,0,17502575,3307,3306,5634776036922659716,14880,23f703aa3bc9,2026-08-28T19:41:27Z,20000,12048,7952,,,,,,,,,,,,,,,,,
campaign_e_in,in_n20000_rho0.6_independent-positive_seed0.pcf,dhpac,0,0,19942722,13496,13495,17266064351435787220,14880,23f703aa3bc9,2026-08-28T19:41:27Z,20000,12042,7958,,,,,,,,,,,,,,,,,
campaign_e_in,in_n20000_rho0.6_independent-positive_seed0.pcf,dhpac,1,0,19153655,13496,13495,17266064351435787220,14880,23f703aa3bc9,2026-08-28T19:41:27Z,20000,12042,7958,,,,,,,,,,,,,,,,,
campaign_e_in,in_n20000_rho0.6_independent-positive_seed0.pcf,dhpac,2,0,19322846,13496,13495,17266064351435787220,14880,23f703aa3bc9,2026-08-28T19:41:27Z,20000,12042,7958,,,,,,,,,,,,,,,,,
campaign_e_in,in_n20000_rho0.6_independent-positive_seed1.pcf,dhpac,0,0,18728545,13639,13638,8702936014109946134,14880,23f703aa3bc9,2026-08-28T19:41:27Z,20000,11940,8060,,,,,,,,,,,,,,,,,
campaign_e_in,in_n20000_rho0.6_independent-positive_seed1.pcf,dhpac,1,0,18295867,13639,13638,8702936014109946134,14880,23f703aa3bc9,2026-08-28T19:41:27Z,20000,11940,8060,,,,,,,,,,,,,,,,,
campaign_e_in,in_n20000_rho0.6_independent-positive_seed1.pcf,dhpac,2,0,18010787,13639,13638,8702936014109946134,14880,23f703aa3bc9,2026-08-28T19:41:27Z,20000,11940,8060,,,,,,,,,,,,,,,,,
campaign_e_in,in_n20000_rho0.6_independent-positive_seed2.pcf,dhpac,0,0,19153929,13622,13621,3504494617186898726,14880,23f703aa3bc9,2026-08-28T19:41:27Z,20000,12091,7909,,,,,,,,,,,,,,,,,
campaign_e_in,in_n20000_rho0.6_independent-positive_seed2.pcf,dhpac,1,0,18374971,13622,13621,3504494617186898726,14880,23f703aa3bc9,2026-08-28T19:41:27Z,20000,12091,7909,,,,,,,,,,,,,,,,,
campaign_e_in,in_n20000_rho0.6_independent-positive_seed2.pcf,dhpac,2,0,18341534,13622,13621,3504494617186898726,14880,23f703aa3bc9,2026-08-28T19:41:27Z,20000,12091,7909,,,,,,,,,,,,,,,,,
campaign_e_in,in_n20000_rho0.6_independent-positive_seed3.pcf,dhpac,0,0,18682713,13575,13574,18419330394447868276,14880,23f703aa3bc9,2026-08-28T19:41:27Z,20000,11973,8027,,,,,,,,,,,,,,,,,
campaign_e_in,in_n20000_rho0.6_independent-positive_seed3.pcf,dhpac,1,0,18299017,13575,13574,18419330394447868276,14880,23f703aa3bc9,2026-08-28T19:41:27Z,20000,11973,8027,,,,,,,,,,,,,,,,,
campaign_e_in,in_n20000_rho0.6_independent-positive_seed3.pcf,dhpac,2,0,18093209,13575,13574,18419330394447868276,14880,23f703aa3bc9,2026-08-28T19:41:27Z,20000,11973,8027,,,,,,,,,,,,,,,,,
campaign_e_in,in_n20000_rho0.6_independent-positive_seed4.pcf,dhpac,0,0,18712938,13643,13642,993552397923964922,15040,23f703aa3bc9,2026-08-28T19:41:27Z,20000,11961,8039,,,,,,,,,,,,,,,,,
campaign_e_in,in_n20000_rho0.6_independent-positive_seed4.pcf,dhpac,1,0,18407418,13643,13642,993552397923964922,15040,23f703aa3bc9,2026-08-28T19:41:27Z,20000,11961,8039,,,,,,,,,,,,,,,,,
campaign_e_in,in_n20000_rho0.6_independent-positive_seed4.pcf,dhpac,2,0,17989386,13643,13642,993552397923964922,15040,23f703aa3bc9,2026-08-28T19:41:27Z,20000,11961,8039,,,,,,,,,,,,,,,,,
campaign_e_in,in_n20000_rho0.6_independent-signed_seed0.pcf,dhpac,0,0,19526811,13679,13678,11570861742838694399,15040,23f703aa3bc9,2026-08-28T19:41:27Z,20000,12039,7961,,,,,,,,,,,,,,,,,
campaign_e_in,in_n20000_rho0.6_independent-signed_seed0.pcf,dhpac,1,0,18537926,13679,13678,11570861742838694399,15040,23f703aa3bc9,2026-08-28T19:41:27Z,20000,12039,7961,,,,,,,,,,,,,,,,,
campaign_e_in,in_n20000_rho0.6_independent-signed_seed0.pcf,dhpac,2,0,18675628,13679,13678,11570861742838694399,15040,23f703aa3bc9,2026-08-28T19:41:27Z,20000,12039,7961,,,,,,,,,,,,,,,,,
campaign_e_in,in_n20000_rho0.6_independent-signed_seed1.pcf,dhpac,0,0,19035592,13860,13859,12056933800203569643,15040,23f703aa3bc9,2026-08-28T19:41:27Z,20000,11932,8068,,,,,,,,,,,,,,,,,
campaign_e_in,in_n20000_rho0.6_independent-signed_seed1.pcf,dhpac,1,0,18175433,13860,13859,12056933800203569643,15040,23f703aa3bc9,2026-08-28T19:41:27Z,20000,11932,8068,,,,,,,,,,,,,,,,,
campaign_e_in,in_n20000_rho0.6_independent-signed_seed1.pcf,dhpac,2,0,18641266,13860,13859,12056933800203569643,15040,23f703aa3bc9,2026-08-28T19:41:27Z,20000,11932,8068,,,,,,,,,,,,,,,,,
campaign_e_in,in_n20000_rho0.6_independent-signed_seed2.pcf,dhpac,0,0,19139936,13832,13831,4574321724431203240,15040,23f703aa3bc9,2026-08-28T19:41:28Z,20000,12095,7905,,,,,,,,,,,,,,,,,
campaign_e_in,in_n20000_rho0.6_independent-signed_seed2.pcf,dhpac,1,0,18268647,13832,13831,4574321724431203240,15040,23f703aa3bc9,2026-08-28T19:41:28Z,20000,12095,7905,,,,,,,,,,,,,,,,,
campaign_e_in,in_n20000_rho0.6_independent-signed_seed2.pcf,dhpac,2,0,18631338,13832,13831,4574321724431203240,15040,23f703aa3bc9,2026-08-28T19:41:28Z,20000,12095,7905,,,,,,,,,,,,,,,,,
campaign_e_in,in_n20000_rho0.6_independent-signed_seed3.pcf,dhpac,0,0,18377807,13844,13843,2969631316607766000,15040,23f703aa3bc9,2026-08-28T19:41:28Z,20000,11970,8030,,,,,,,,,,,,,,,,,
campaign_e_in,in_n20000_rho0.6_independent-signed_seed3.pcf,dhpac,1,0,18059889,13844,13843,2969631316607766000,15040,23f703aa3bc9,2026-08-28T19:41:28Z,20000,11970,8030,,,,,,,,,,,,,,,,,
campaign_e_in,in_n20000_rho0.6_independent-signed_seed3.pcf,dhpac,2,0,17877092,13844,13843,2969631316607766000,15040,23f703aa3bc9,2026-08-28T19:41:28Z,20000,11970,8030,,,,,,,,,,,,,,,,,
campaign_e_in,in_n20000_rho0.6_independent-signed_seed4.pcf,dhpac,0,0,19085825,13864,13863,11741844577471188082,15040,23f703aa3bc9,2026-08-28T19:41:28Z,20000,11966,8034,,,,,,,,,,,,,,,,,
campaign_e_in,in_n20000_rho0.6_independent-signed_seed4.pcf,dhpac,1,0,18728133,13864,13863,11741844577471188082,15040,23f703aa3bc9,2026-08-28T19:41:28Z,20000,11966,8034,,,,,,,,,,,,,,,,,
campaign_e_in,in_n20000_rho0.6_independent-signed_seed4.pcf,dhpac,2,0,18711680,13864,13863,11741844577471188082,15040,23f703aa3bc9,2026-08-28T19:41:28Z,20000,11966,8034,,,,,,,,,,,,,,,,,
campaign_e_in,in_n20000_rho0.6_near-ties_seed0.pcf,dhpac,0,0,18022642,815,814,11445643460256709268,15040,23f703aa3bc9,2026-08-28T19:41:28Z,20000,12071,7929,,,,,,,,,,,,,,,,,
campaign_e_in,in_n20000_rho0.6_near-ties_seed0.pcf,dhpac,1,0,17806374,815,814,11445643460256709268,15040,23f703aa3bc9,2026-08-28T19:41:28Z,20000,12071,7929,,,,,,,,,,,,,,,,,
campaign_e_in,in_n20000_rho0.6_near-ties_seed0.pcf,dhpac,2,0,17767861,815,814,11445643460256709268,15040,23f703aa3bc9,2026-08-28T19:41:28Z,20000,12071,7929,,,,,,,,,,,,,,,,,
campaign_e_in,in_n20000_rho0.6_near-ties_seed1.pcf,dhpac,0,0,17731603,774,773,18388371260667395503,15040,23f703aa3bc9,2026-08-28T19:41:28Z,20000,11966,8034,,,,,,,,,,,,,,,,,
campaign_e_in,in_n20000_rho0.6_near-ties_seed1.pcf,dhpac,1,0,17395526,774,773,18388371260667395503,15040,23f703aa3bc9,2026-08-28T19:41:28Z,20000,11966,8034,,,,,,,,,,,,,,,,,
campaign_e_in,in_n20000_rho0.6_near-ties_seed1.pcf,dhpac,2,0,17377998,774,773,18388371260667395503,15040,23f703aa3bc9,2026-08-28T19:41:28Z,20000,11966,8034,,,,,,,,,,,,,,,,,
campaign_e_in,in_n20000_rho0.6_near-ties_seed2.pcf,dhpac,0,0,16777095,784,783,13502628781939140317,15040,23f703aa3bc9,2026-08-28T19:41:28Z,20000,11994,8006,,,,,,,,,,,,,,,,,
campaign_e_in,in_n20000_rho0.6_near-ties_seed2.pcf,dhpac,1,0,16440293,784,783,13502628781939140317,15040,23f703aa3bc9,2026-08-28T19:41:28Z,20000,11994,8006,,,,,,,,,,,,,,,,,
campaign_e_in,in_n20000_rho0.6_near-ties_seed2.pcf,dhpac,2,0,16413916,784,783,13502628781939140317,15040,23f703aa3bc9,2026-08-28T19:41:28Z,20000,11994,8006,,,,,,,,,,,,,,,,,
campaign_e_in,in_n20000_rho0.6_near-ties_seed3.pcf,dhpac,0,0,18166685,789,788,16445318077699954280,15040,23f703aa3bc9,2026-08-28T19:41:28Z,20000,12049,7951,,,,,,,,,,,,,,,,,
campaign_e_in,in_n20000_rho0.6_near-ties_seed3.pcf,dhpac,1,0,17839290,789,788,16445318077699954280,15040,23f703aa3bc9,2026-08-28T19:41:28Z,20000,12049,7951,,,,,,,,,,,,,,,,,
campaign_e_in,in_n20000_rho0.6_near-ties_seed3.pcf,dhpac,2,0,18001931,789,788,16445318077699954280,15040,23f703aa3bc9,2026-08-28T19:41:28Z,20000,12049,7951,,,,,,,,,,,,,,,,,
campaign_e_in,in_n20000_rho0.6_near-ties_seed4.pcf,dhpac,0,0,18250830,822,821,7576759563511043600,15040,23f703aa3bc9,2026-08-28T19:41:28Z,20000,12004,7996,,,,,,,,,,,,,,,,,
campaign_e_in,in_n20000_rho0.6_near-ties_seed4.pcf,dhpac,1,0,17964711,822,821,7576759563511043600,15040,23f703aa3bc9,2026-08-28T19:41:28Z,20000,12004,7996,,,,,,,,,,,,,,,,,
campaign_e_in,in_n20000_rho0.6_near-ties_seed4.pcf,dhpac,2,0,17753335,822,821,7576759563511043600,15040,23f703aa3bc9,2026-08-28T19:41:28Z,20000,12004,7996,,,,,,,,,,,,,,,,,
campaign_e_in,in_n20000_rho1.0_anti-correlated_seed0.pcf,dhpac,0,0,139771729,9590,9589,13936438548789220592,19952,23f703aa3bc9,2026-08-28T19:41:28Z,20000,19999,1,,,,,,,,,,,,,,,,,
campaign_e_in,in_n20000_rho1.0_anti-correlated_seed0.pcf,dhpac,1,0,136202551,9590,9589,13936438548789220592,28592,23f703aa3bc9,2026-08-28T19:41:28Z,20000,19999,1,,,,,,,,,,,,,,,,,
campaign_e_in,in_n20000_rho1.0_anti-correlated_seed0.pcf,dhpac,2,0,132504125,9590,9589,13936438548789220592,28752,23f703aa3bc9,2026-08-28T19:41:28Z,20000,19999,1,,,,,,,,,,,,,,,,,
campaign_e_in,in_n20000_rho1.0_anti-correlated_seed1.pcf,dhpac,0,0,159459481,9569,9568,3366002389172116080,19976,23f703aa3bc9,2026-08-28T19:41:29Z,20000,19999,1,,,,,,,,,,,,,,,,,
campaign_e_in,in_n20000_rho1.0_anti-correlated_seed1.pcf,dhpac,1,0,157973304,9569,9568,3366002389172116080,30820,23f703aa3bc9,2026-08-28T19:41:29Z,20000,19999,1,,,,,,,,,,,,,,,,,
campaign_e_in,in_n20000_rho1.0_anti-correlated_seed1.pcf,dhpac,2,0,156510235,9569,9568,3366002389172116080,30820,23f703aa3bc9,2026-08-28T19:41:29Z,20000,19999,1,,,,,,,,,,,,,,,,,
campaign_e_in,in_n20000_rho1.0_anti-correlated_seed2.pcf,dhpac,0,0,132899816,9577,9576,15013973087679519357,19948,23f703aa3bc9,2026-08-28T19:41:29Z,20000,19999,1,,,,,,,,,,,,,,,,,
campaign_e_in,in_n20000_rho1.0_anti-correlated_seed2.pcf,dhpac,1,0,132853186,9577,9576,15013973087679519357,28520,23f703aa3bc9,2026-08-28T19:41:29Z,20000,19999,1,,,,,,,,,,,,,,,,,
campaign_e_in,in_n20000_rho1.0_anti-correlated_seed2.pcf,dhpac,2,0,127155630,9577,9576,15013973087679519357,28840,23f703aa3bc9,2026-08-28T19:41:29Z,20000,19999,1,,,,,,,,,,,,,,,,,
campaign_e_in,in_n20000_rho1.0_anti-correlated_seed3.pcf,dhpac,0,0,155612551,9593,9592,17842473600473851791,19792,23f703aa3bc9,2026-08-28T19:41:29Z,20000,19999,1,,,,,,,,,,,,,,,,,
campaign_e_in,in_n20000_rho1.0_anti-correlated_seed3.pcf,dhpac,1,0,152702686,9593,9592,17842473600473851791,30508,23f703aa3bc9,2026-08-28T19:41:30Z,20000,19999,1,,,,,,,,,,,,,,,,,
campaign_e_in,in_n20000_rho1.0_anti-correlated_seed3.pcf,dhpac,2,0,154051127,9593,9592,17842473600473851791,30888,23f703aa3bc9,2026-08-28T19:41:30Z,20000,19999,1,,,,,,,,,,,,,,,,,
campaign_e_in,in_n20000_rho1.0_anti-correlated_seed4.pcf,dhpac,0,0,150257010,9666,9665,15899232250998174227,19960,23f703aa3bc9,2026-08-28T19:41:30Z,20000,19999,1,,,,,,,,,,,,,,,,,
campaign_e_in,in_n20000_rho1.0_anti-correlated_seed4.pcf,dhpac,1,0,151130512,9666,9665,15899232250998174227,30048,23f703aa3bc9,2026-08-28T19:41:30Z,20000,19999,1,,,,,,,,,,,,,,,,,
campaign_e_in,in_n20000_rho1.0_anti-correlated_seed4.pcf,dhpac,2,0,151514116,9666,9665,15899232250998174227,30104,23f703aa3bc9,2026-08-28T19:41:30Z,20000,19999,1,,,,,,,,,,,,,,,,,
campaign_e_in,in_n20000_rho1.0_correlated_seed0.pcf,dhpac,0,0,135527869,8848,8847,3167916983838835861,19956,23f703aa3bc9,2026-08-28T19:41:30Z,20000,19999,1,,,,,,,,,,,,,,,,,
campaign_e_in,in_n20000_rho1.0_correlated_seed0.pcf,dhpac,1,0,134540326,8848,8847,3167916983838835861,28952,23f703aa3bc9,2026-08-28T19:41:30Z,20000,19999,1,,,,,,,,,,,,,,,,,
campaign_e_in,in_n20000_rho1.0_correlated_seed0.pcf,dhpac,2,0,133849052,8848,8847,3167916983838835861,28952,23f703aa3bc9,2026-08-28T19:41:31Z,20000,19999,1,,,,,,,,,,,,,,,,,
campaign_e_in,in_n20000_rho1.0_correlated_seed1.pcf,dhpac,0,0,160927501,8857,8856,392961555580565766,19948,23f703aa3bc9,2026-08-28T19:41:31Z,20000,19999,1,,,,,,,,,,,,,,,,,
campaign_e_in,in_n20000_rho1.0_correlated_seed1.pcf,dhpac,1,0,160639303,8857,8856,392961555580565766,30700,23f703aa3bc9,2026-08-28T19:41:31Z,20000,19999,1,,,,,,,,,,,,,,,,,
campaign_e_in,in_n20000_rho1.0_correlated_seed1.pcf,dhpac,2,0,159729320,8857,8856,392961555580565766,30700,23f703aa3bc9,2026-08-28T19:41:31Z,20000,19999,1,,,,,,,,,,,,,,,,,
campaign_e_in,in_n20000_rho1.0_correlated_seed2.pcf,dhpac,0,0,135993622,8860,8859,12412664083852685610,19948,23f703aa3bc9,2026-08-28T19:41:31Z,20000,19999,1,,,,,,,,,,,,,,,,,
campaign_e_in,in_n20000_rho1.0_correlated_seed2.pcf,dhpac,1,0,133854101,8860,8859,12412664083852685610,28472,23f703aa3bc9,2026-08-28T19:41:31Z,20000,19999,1,,,,,,,,,,,,,,,,,
campaign_e_in,in_n20000_rho1.0_correlated_seed2.pcf,dhpac,2,0,130964638,8860,8859,12412664083852685610,28952,23f703aa3bc9,2026-08-28T19:41:32Z,20000,19999,1,,,,,,,,,,,,,,,,,
campaign_e_in,in_n20000_rho1.0_correlated_seed3.pcf,dhpac,0,0,156722026,8915,8914,14066066027699776630,19952,23f703aa3bc9,2026-08-28T19:41:32Z,20000,19999,1,,,,,,,,,,,,,,,,,
campaign_e_in,in_n20000_rho1.0_correlated_seed3.pcf,dhpac,1,0,155788678,8915,8914,14066066027699776630,30400,23f703aa3bc9,2026-08-28T19:41:32Z,20000,19999,1,,,,,,,,,,,,,,,,,
campaign_e_in,in_n20000_rho1.0_correlated_seed3.pcf,dhpac,2,0,154973870,8915,8914,14066066027699776630,30924,23f703aa3bc9,2026-08-28T19:41:32Z,20000,19999,1,,,,,,,,,,,,,,,,,
campaign_e_in,in_n20000_rho1.0_correlated_seed4.pcf,dhpac,0,0,148160245,8908,8907,10072858128070579832,19956,23f703aa3bc9,2026-08-28T19:41:32Z,20000,19999,1,,,,,,,,,,,,,,,,,
campaign_e_in,in_n20000_rho1.0_correlated_seed4.pcf,dhpac,1,0,147481767,8908,8907,10072858128070579832,29920,23f703aa3bc9,2026-08-28T19:41:32Z,20000,19999,1,,,,,,,,,,,,,,,,,
campaign_e_in,in_n20000_rho1.0_correlated_seed4.pcf,dhpac,2,0,148033989,8908,8907,10072858128070579832,29920,23f703aa3bc9,2026-08-28T19:41:32Z,20000,19999,1,,,,,,,,,,,,,,,,,
campaign_e_in,in_n20000_rho1.0_exact-ties_seed0.pcf,dhpac,0,0,147010573,3608,3607,9728281265114159048,20144,23f703aa3bc9,2026-08-28T19:41:33Z,20000,19999,1,,,,,,,,,,,,,,,,,
campaign_e_in,in_n20000_rho1.0_exact-ties_seed0.pcf,dhpac,1,0,145565320,3608,3607,9728281265114159048,30052,23f703aa3bc9,2026-08-28T19:41:33Z,20000,19999,1,,,,,,,,,,,,,,,,,
campaign_e_in,in_n20000_rho1.0_exact-ties_seed0.pcf,dhpac,2,0,145125878,3608,3607,9728281265114159048,30052,23f703aa3bc9,2026-08-28T19:41:33Z,20000,19999,1,,,,,,,,,,,,,,,,,
campaign_e_in,in_n20000_rho1.0_exact-ties_seed1.pcf,dhpac,0,0,148143290,3572,3571,13159608561869460692,19944,23f703aa3bc9,2026-08-28T19:41:33Z,20000,19999,1,,,,,,,,,,,,,,,,,
campaign_e_in,in_n20000_rho1.0_exact-ties_seed1.pcf,dhpac,1,0,148606116,3572,3571,13159608561869460692,30464,23f703aa3bc9,2026-08-28T19:41:33Z,20000,19999,1,,,,,,,,,,,,,,,,,
campaign_e_in,in_n20000_rho1.0_exact-ties_seed1.pcf,dhpac,2,0,147590829,3572,3571,13159608561869460692,30464,23f703aa3bc9,2026-08-28T19:41:33Z,20000,19999,1,,,,,,,,,,,,,,,,,
campaign_e_in,in_n20000_rho1.0_exact-ties_seed2.pcf,dhpac,0,0,128990410,3601,3600,276801562692483181,19940,23f703aa3bc9,2026-08-28T19:41:33Z,20000,19999,1,,,,,,,,,,,,,,,,,
campaign_e_in,in_n20000_rho1.0_exact-ties_seed2.pcf,dhpac,1,0,128304538,3601,3600,276801562692483181,28552,23f703aa3bc9,2026-08-28T19:41:34Z,20000,19999,1,,,,,,,,,,,,,,,,,
campaign_e_in,in_n20000_rho1.0_exact-ties_seed2.pcf,dhpac,2,0,129420863,3601,3600,276801562692483181,28688,23f703aa3bc9,2026-08-28T19:41:34Z,20000,19999,1,,,,,,,,,,,,,,,,,
campaign_e_in,in_n20000_rho1.0_exact-ties_seed3.pcf,dhpac,0,0,128610780,3582,3581,18302500629437951351,19956,23f703aa3bc9,2026-08-28T19:41:34Z,20000,19999,1,,,,,,,,,,,,,,,,,
campaign_e_in,in_n20000_rho1.0_exact-ties_seed3.pcf,dhpac,1,0,128614668,3582,3581,18302500629437951351,28892,23f703aa3bc9,2026-08-28T19:41:34Z,20000,19999,1,,,,,,,,,,,,,,,,,
campaign_e_in,in_n20000_rho1.0_exact-ties_seed3.pcf,dhpac,2,0,128231547,3582,3581,18302500629437951351,28892,23f703aa3bc9,2026-08-28T19:41:34Z,20000,19999,1,,,,,,,,,,,,,,,,,
campaign_e_in,in_n20000_rho1.0_exact-ties_seed4.pcf,dhpac,0,0,131192775,3586,3585,2484968313419717797,20144,23f703aa3bc9,2026-08-28T19:41:34Z,20000,19999,1,,,,,,,,,,,,,,,,,
campaign_e_in,in_n20000_rho1.0_exact-ties_seed4.pcf,dhpac,1,0,130700608,3586,3585,2484968313419717797,28448,23f703aa3bc9,2026-08-28T19:41:34Z,20000,19999,1,,,,,,,,,,,,,,,,,
campaign_e_in,in_n20000_rho1.0_exact-ties_seed4.pcf,dhpac,2,0,130659473,3586,3585,2484968313419717797,28760,23f703aa3bc9,2026-08-28T19:41:35Z,20000,19999,1,,,,,,,,,,,,,,,,,
campaign_e_in,in_n20000_rho1.0_independent-positive_seed0.pcf,dhpac,0,0,154765547,9842,9841,5425786007553508204,19948,23f703aa3bc9,2026-08-28T19:41:35Z,20000,19999,1,,,,,,,,,,,,,,,,,
campaign_e_in,in_n20000_rho1.0_independent-positive_seed0.pcf,dhpac,1,0,152846553,9842,9841,5425786007553508204,29828,23f703aa3bc9,2026-08-28T19:41:35Z,20000,19999,1,,,,,,,,,,,,,,,,,
campaign_e_in,in_n20000_rho1.0_independent-positive_seed0.pcf,dhpac,2,0,152467386,9842,9841,5425786007553508204,29832,23f703aa3bc9,2026-08-28T19:41:35Z,20000,19999,1,,,,,,,,,,,,,,,,,
campaign_e_in,in_n20000_rho1.0_independent-positive_seed1.pcf,dhpac,0,0,155656216,9955,9954,14688476180443984550,19948,23f703aa3bc9,2026-08-28T19:41:35Z,20000,19999,1,,,,,,,,,,,,,,,,,
campaign_e_in,in_n20000_rho1.0_independent-positive_seed1.pcf,dhpac,1,0,153984729,9955,9954,14688476180443984550,30320,23f703aa3bc9,2026-08-28T19:41:35Z,20000,19999,1,,,,,,,,,,,,,,,,,
campaign_e_in,in_n20000_rho1.0_independent-positive_seed1.pcf,dhpac,2,0,150118624,9955,9954,14688476180443984550,30320,23f703aa3bc9,2026-08-28T19:41:35Z,20000,19999,1,,,,,,,,,,,,,,,,,
campaign_e_in,in_n20000_rho1.0_independent-positive_seed2.pcf,dhpac,0,0,140491851,9929,9928,10381927524257433401,19944,23f703aa3bc9,2026-08-28T19:41:36Z,20000,19999,1,,,,,,,,,,,,,,,,,
campaign_e_in,in_n20000_rho1.0_independent-positive_seed2.pcf,dhpac,1,0,138515700,9929,9928,10381927524257433401,29036,23f703aa3bc9,2026-08-28T19:41:36Z,20000,19999,1,,,,,,,,,,,,,,,,,
campaign_e_in,in_n20000_rho1.0_independent-positive_seed2.pcf,dhpac,2,0,138554223,9929,9928,10381927524257433401,29036,23f703aa3bc9,2026-08-28T19:41:36Z,20000,19999,1,,,,,,,,,,,,,,,,,
campaign_e_in,in_n20000_rho1.0_independent-positive_seed3.pcf,dhpac,0,0,134809401,9861,9860,14951481699400931320,19952,23f703aa3bc9,2026-08-28T19:41:36Z,20000,19999,1,,,,,,,,,,,,,,,,,
campaign_e_in,in_n20000_rho1.0_independent-positive_seed3.pcf,dhpac,1,0,133616442,9861,9860,14951481699400931320,28396,23f703aa3bc9,2026-08-28T19:41:36Z,20000,19999,1,,,,,,,,,,,,,,,,,
campaign_e_in,in_n20000_rho1.0_independent-positive_seed3.pcf,dhpac,2,0,134322395,9861,9860,14951481699400931320,28748,23f703aa3bc9,2026-08-28T19:41:36Z,20000,19999,1,,,,,,,,,,,,,,,,,
campaign_e_in,in_n20000_rho1.0_independent-positive_seed4.pcf,dhpac,0,0,151060843,9922,9921,15280455839426444302,19956,23f703aa3bc9,2026-08-28T19:41:36Z,20000,19999,1,,,,,,,,,,,,,,,,,
campaign_e_in,in_n20000_rho1.0_independent-positive_seed4.pcf,dhpac,1,0,150451290,9922,9921,15280455839426444302,29368,23f703aa3bc9,2026-08-28T19:41:37Z,20000,19999,1,,,,,,,,,,,,,,,,,
campaign_e_in,in_n20000_rho1.0_independent-positive_seed4.pcf,dhpac,2,0,150642787,9922,9921,15280455839426444302,29368,23f703aa3bc9,2026-08-28T19:41:37Z,20000,19999,1,,,,,,,,,,,,,,,,,
campaign_e_in,in_n20000_rho1.0_independent-signed_seed0.pcf,dhpac,0,0,137298912,10044,10043,4524836806901995870,20144,23f703aa3bc9,2026-08-28T19:41:37Z,20000,19999,1,,,,,,,,,,,,,,,,,
campaign_e_in,in_n20000_rho1.0_independent-signed_seed0.pcf,dhpac,1,0,136157678,10044,10043,4524836806901995870,28512,23f703aa3bc9,2026-08-28T19:41:37Z,20000,19999,1,,,,,,,,,,,,,,,,,
campaign_e_in,in_n20000_rho1.0_independent-signed_seed0.pcf,dhpac,2,0,132082627,10044,10043,4524836806901995870,28512,23f703aa3bc9,2026-08-28T19:41:37Z,20000,19999,1,,,,,,,,,,,,,,,,,
campaign_e_in,in_n20000_rho1.0_independent-signed_seed1.pcf,dhpac,0,0,149986086,10012,10011,8586244071179246583,19948,23f703aa3bc9,2026-08-28T19:41:37Z,20000,19999,1,,,,,,,,,,,,,,,,,
campaign_e_in,in_n20000_rho1.0_independent-signed_seed1.pcf,dhpac,1,0,148339062,10012,10011,8586244071179246583,29688,23f703aa3bc9,2026-08-28T19:41:38Z,20000,19999,1,,,,,,,,,,,,,,,,,
campaign_e_in,in_n20000_rho1.0_independent-signed_seed1.pcf,dhpac,2,0,149569950,10012,10011,8586244071179246583,29840,23f703aa3bc9,2026-08-28T19:41:38Z,20000,19999,1,,,,,,,,,,,,,,,,,
campaign_e_in,in_n20000_rho1.0_independent-signed_seed2.pcf,dhpac,0,0,147248609,10153,10152,1518352656859830932,19940,23f703aa3bc9,2026-08-28T19:41:38Z,20000,19999,1,,,,,,,,,,,,,,,,,
campaign_e_in,in_n20000_rho1.0_independent-signed_seed2.pcf,dhpac,1,0,145953069,10153,10152,1518352656859830932,29380,23f703aa3bc9,2026-08-28T19:41:38Z,20000,19999,1,,,,,,,,,,,,,,,,,
campaign_e_in,in_n20000_rho1.0_independent-signed_seed2.pcf,dhpac,2,0,145176195,10153,10152,1518352656859830932,29532,23f703aa3bc9,2026-08-28T19:41:38Z,20000,19999,1,,,,,,,,,,,,,,,,,
campaign_e_in,in_n20000_rho1.0_independent-signed_seed3.pcf,dhpac,0,0,144129069,10042,10041,3858678572416080310,19940,23f703aa3bc9,2026-08-28T19:41:38Z,20000,19999,1,,,,,,,,,,,,,,,,,
campaign_e_in,in_n20000_rho1.0_independent-signed_seed3.pcf,dhpac,1,0,142196628,10042,10041,3858678572416080310,29048,23f703aa3bc9,2026-08-28T19:41:38Z,20000,19999,1,,,,,,,,,,,,,,,,,
campaign_e_in,in_n20000_rho1.0_independent-signed_seed3.pcf,dhpac,2,0,142530175,10042,10041,3858678572416080310,29048,23f703aa3bc9,2026-08-28T19:41:39Z,20000,19999,1,,,,,,,,,,,,,,,,,
campaign_e_in,in_n20000_rho1.0_independent-signed_seed4.pcf,dhpac,0,0,139250415,9977,9976,5735683185428556167,19960,23f703aa3bc9,2026-08-28T19:41:39Z,20000,19999,1,,,,,,,,,,,,,,,,,
campaign_e_in,in_n20000_rho1.0_independent-signed_seed4.pcf,dhpac,1,0,138085226,9977,9976,5735683185428556167,28828,23f703aa3bc9,2026-08-28T19:41:39Z,20000,19999,1,,,,,,,,,,,,,,,,,
campaign_e_in,in_n20000_rho1.0_independent-signed_seed4.pcf,dhpac,2,0,133917415,9977,9976,5735683185428556167,28828,23f703aa3bc9,2026-08-28T19:41:39Z,20000,19999,1,,,,,,,,,,,,,,,,,
campaign_e_in,in_n20000_rho1.0_near-ties_seed0.pcf,dhpac,0,0,139355699,1018,1017,4728768394757137745,19936,23f703aa3bc9,2026-08-28T19:41:39Z,20000,19999,1,,,,,,,,,,,,,,,,,
campaign_e_in,in_n20000_rho1.0_near-ties_seed0.pcf,dhpac,1,0,139153288,1018,1017,4728768394757137745,29680,23f703aa3bc9,2026-08-28T19:41:39Z,20000,19999,1,,,,,,,,,,,,,,,,,
campaign_e_in,in_n20000_rho1.0_near-ties_seed0.pcf,dhpac,2,0,138310753,1018,1017,4728768394757137745,29680,23f703aa3bc9,2026-08-28T19:41:39Z,20000,19999,1,,,,,,,,,,,,,,,,,
campaign_e_in,in_n20000_rho1.0_near-ties_seed1.pcf,dhpac,0,0,134318535,994,993,10874815268602590533,19944,23f703aa3bc9,2026-08-28T19:41:40Z,20000,19999,1,,,,,,,,,,,,,,,,,
campaign_e_in,in_n20000_rho1.0_near-ties_seed1.pcf,dhpac,1,0,134127824,994,993,10874815268602590533,29048,23f703aa3bc9,2026-08-28T19:41:40Z,20000,19999,1,,,,,,,,,,,,,,,,,
campaign_e_in,in_n20000_rho1.0_near-ties_seed1.pcf,dhpac,2,0,134510009,994,993,10874815268602590533,29068,23f703aa3bc9,2026-08-28T19:41:40Z,20000,19999,1,,,,,,,,,,,,,,,,,
campaign_e_in,in_n20000_rho1.0_near-ties_seed2.pcf,dhpac,0,0,147792826,1023,1022,12193357838973088411,19940,23f703aa3bc9,2026-08-28T19:41:40Z,20000,19999,1,,,,,,,,,,,,,,,,,
campaign_e_in,in_n20000_rho1.0_near-ties_seed2.pcf,dhpac,1,0,148361861,1023,1022,12193357838973088411,30484,23f703aa3bc9,2026-08-28T19:41:40Z,20000,19999,1,,,,,,,,,,,,,,,,,
campaign_e_in,in_n20000_rho1.0_near-ties_seed2.pcf,dhpac,2,0,148061802,1023,1022,12193357838973088411,30484,23f703aa3bc9,2026-08-28T19:41:40Z,20000,19999,1,,,,,,,,,,,,,,,,,
campaign_e_in,in_n20000_rho1.0_near-ties_seed3.pcf,dhpac,0,0,125715331,1029,1028,592505385936844211,19948,23f703aa3bc9,2026-08-28T19:41:40Z,20000,19999,1,,,,,,,,,,,,,,,,,
campaign_e_in,in_n20000_rho1.0_near-ties_seed3.pcf,dhpac,1,0,125120510,1029,1028,592505385936844211,28412,23f703aa3bc9,2026-08-28T19:41:41Z,20000,19999,1,,,,,,,,,,,,,,,,,
campaign_e_in,in_n20000_rho1.0_near-ties_seed3.pcf,dhpac,2,0,124667322,1029,1028,592505385936844211,28436,23f703aa3bc9,2026-08-28T19:41:41Z,20000,19999,1,,,,,,,,,,,,,,,,,
campaign_e_in,in_n20000_rho1.0_near-ties_seed4.pcf,dhpac,0,0,129533392,1002,1001,14460227003321293020,19948,23f703aa3bc9,2026-08-28T19:41:41Z,20000,19999,1,,,,,,,,,,,,,,,,,
campaign_e_in,in_n20000_rho1.0_near-ties_seed4.pcf,dhpac,1,0,129103149,1002,1001,14460227003321293020,28572,23f703aa3bc9,2026-08-28T19:41:41Z,20000,19999,1,,,,,,,,,,,,,,,,,
campaign_e_in,in_n20000_rho1.0_near-ties_seed4.pcf,dhpac,2,0,128762884,1002,1001,14460227003321293020,28676,23f703aa3bc9,2026-08-28T19:41:41Z,20000,19999,1,,,,,,,,,,,,,,,,,
campaign_e_in,in_n200_rho0.6_anti-correlated_seed0.pcf,dhpac,0,0,161623,144,143,18401622026019225046,15360,23f703aa3bc9,2026-08-28T19:41:41Z,200,121,79,,,,,,,,,,,,,,,,,
campaign_e_in,in_n200_rho0.6_anti-correlated_seed0.pcf,dhpac,1,0,136747,144,143,18401622026019225046,15360,23f703aa3bc9,2026-08-28T19:41:41Z,200,121,79,,,,,,,,,,,,,,,,,
campaign_e_in,in_n200_rho0.6_anti-correlated_seed0.pcf,dhpac,2,0,133170,144,143,18401622026019225046,15360,23f703aa3bc9,2026-08-28T19:41:41Z,200,121,79,,,,,,,,,,,,,,,,,
campaign_e_in,in_n200_rho0.6_anti-correlated_seed1.pcf,dhpac,0,0,144442,151,150,14838975630459212447,15360,23f703aa3bc9,2026-08-28T19:41:41Z,200,113,87,,,,,,,,,,,,,,,,,
campaign_e_in,in_n200_rho0.6_anti-correlated_seed1.pcf,dhpac,1,0,121087,151,150,14838975630459212447,15360,23f703aa3bc9,2026-08-28T19:41:41Z,200,113,87,,,,,,,,,,,,,,,,,
campaign_e_in,in_n200_rho0.6_anti-correlated_seed1.pcf,dhpac,2,0,109767,151,150,14838975630459212447,15360,23f703aa3bc9,2026-08-28T19:41:41Z,200,113,87,,,,,,,,,,,,,,,,,
campaign_e_in,in_n200_rho0.6_anti-correlated_seed2.pcf,dhpac,0,0,148514,129,128,593863310663557285,15360,23f703aa3bc9,2026-08-28T19:41:41Z,200,126,74,,,,,,,,,,,,,,,,,
campaign_e_in,in_n200_rho0.6_anti-correlated_seed2.pcf,dhpac,1,0,118824,129,128,593863310663557285,15360,23f703aa3bc9,2026-08-28T19:41:41Z,200,126,74,,,,,,,,,,,,,,,,,
campaign_e_in,in_n200_rho0.6_anti-correlated_seed2.pcf,dhpac,2,0,108694,129,128,593863310663557285,15360,23f703aa3bc9,2026-08-28T19:41:41Z,200,126,74,,,,,,,,,,,,,,,,,
campaign_e_in,in_n200_rho0.6_anti-correlated_seed3.pcf,dhpac,0,0,157323,144,143,11373427454597601305,15360,23f703aa3bc9,2026-08-28T19:41:41Z,200,119,81,,,,,,,,,,,,,,,,,
campaign_e_in,in_n200_rho0.6_anti-correlated_seed3.pcf,dhpac,1,0,129479,144,143,11373427454597601305,15360,23f703aa3bc9,2026-08-28T19:41:41Z,200,119,81,,,,,,,,,,,,,,,,,
campaign_e_in,in_n200_rho0.6_anti-correlated_seed3.pcf,dhpac,2,0,134010,144,143,11373427454597601305,15360,23f703aa3bc9,2026-08-28T19:41:41Z,200,119,81,,,,,,,,,,,,,,,,,
campaign_e_in,in_n200_rho0.6_anti-correlated_seed4.pcf,dhpac,0,0,145410,139,138,1374145330142364325,15360,23f703aa3bc9,2026-08-28T19:41:41Z,200,129,71,,,,,,,,,,,,,,,,,
campaign_e_in,in_n200_rho0.6_anti-correlated_seed4.pcf,dhpac,1,0,120710,139,138,1374145330142364325,15360,23f703aa3bc9,2026-08-28T19:41:41Z,200,129,71,,,,,,,,,,,,,,,,,
campaign_e_in,in_n200_rho0.6_anti-correlated_seed4.pcf,dhpac,2,0,112142,139,138,1374145330142364325,15360,23f703aa3bc9,2026-08-28T19:41:41Z,200,129,71,,,,,,,,,,,,,,,,,
campaign_e_in,in_n200_rho0.6_correlated_seed0.pcf,dhpac,0,0,153139,142,141,201509468983879262,15360,23f703aa3bc9,2026-08-28T19:41:41Z,200,121,79,,,,,,,,,,,,,,,,,
campaign_e_in,in_n200_rho0.6_correlated_seed0.pcf,dhpac,1,0,127268,142,141,201509468983879262,15360,23f703aa3bc9,2026-08-28T19:41:41Z,200,121,79,,,,,,,,,,,,,,,,,
campaign_e_in,in_n200_rho0.6_correlated_seed0.pcf,dhpac,2,0,116347,142,141,201509468983879262,15360,23f703aa3bc9,2026-08-28T19:41:41Z,200,121,79,,,,,,,,,,,,,,,,,
campaign_e_in,in_n200_rho0.6_correlated_seed1.pcf,dhpac,0,0,138822,146,145,6441282828770594328,15360,23f703aa3bc9,2026-08-28T19:41:41Z,200,113,87,,,,,,,,,,,,,,,,,
campaign_e_in,in_n200_rho0.6_correlated_seed1.pcf,dhpac,1,0,120792,146,145,6441282828770594328,15360,23f703aa3bc9,2026-08-28T19:41:41Z,200,113,87,,,,,,,,,,,,,,,,,
campaign_e_in,in_n200_rho0.6_correlated_seed1.pcf,dhpac,2,0,104120,146,145,6441282828770594328,15360,23f703aa3bc9,2026-08-28T19:41:41Z,200,113,87,,,,,,,,,,,,,,,,,
campaign_e_in,in_n200_rho0.6_correlated_seed2.pcf,dhpac,0,0,152816,133,132,12512418093927579017,15360,23f703aa3bc9,2026-08-28T19:41:41Z,200,126,74,,,,,,,,,,,,,,,,,
campaign_e_in,in_n200_rho0.6_correlated_seed2.pcf,dhpac,1,0,129471,133,132,12512418093927579017,15360,23f703aa3bc9,2026-08-28T19:41:41Z,200,126,74,,,,,,,,,,,,,,,,,
campaign_e_in,in_n200_rho0.6_correlated_seed2.pcf,dhpac,2,0,203030,133,132,12512418093927579017,15360,23f703aa3bc9,2026-08-28T19:41:41Z,200,126,74,,,,,,,,,,,,,,,,,
campaign_e_in,in_n200_rho0.6_correlated_seed3.pcf,dhpac,0,0,161027,142,141,10451076933948240190,15360,23f703aa3bc9,2026-08-28T19:41:41Z,200,119,81,,,,,,,,,,,,,,,,,
campaign_e_in,in_n200_rho0.6_correlated_seed3.pcf,dhpac,1,0,134894,142,141,10451076933948240190,15360,23f703aa3bc9,2026-08-28T19:41:41Z,200,119,81,,,,,,,,,,,,,,,,,
campaign_e_in,in_n200_rho0.6_correlated_seed3.pcf,dhpac,2,0,127075,142,141,10451076933948240190,15360,23f703aa3bc9,2026-08-28T19:41:41Z,200,119,81,,,,,,,,,,,,,,,,,
campaign_e_in,in_n200_rho0.6_correlated_seed4.pcf,dhpac,0,0,136694,127,126,3151416011481298603,15360,23f703aa3bc9,2026-08-28T19:41:41Z,200,129,71,,,,,,,,,,,,,,,,,
campaign_e_in,in_n200_rho0.6_correlated_seed4.pcf,dhpac,1,0,115550,127,126,3151416011481298603,15360,23f703aa3bc9,2026-08-28T19:41:41Z,200,129,71,,,,,,,,,,,,,,,,,
campaign_e_in,in_n200_rho0.6_correlated_seed4.pcf,dhpac,2,0,106140,127,126,3151416011481298603,15360,23f703aa3bc9,2026-08-28T19:41:41Z,200,129,71,,,,,,,,,,,,,,,,,
campaign_e_in,in_n200_rho0.6_exact-ties_seed0.pcf,dhpac,0,0,136896,44,43,13578147932620344057,15360,23f703aa3bc9,2026-08-28T19:41:41Z,200,124,76,,,,,,,,,,,,,,,,,
campaign_e_in,in_n200_rho0.6_exact-ties_seed0.pcf,dhpac,1,0,113856,44,43,13578147932620344057,15360,23f703aa3bc9,2026-08-28T19:41:41Z,200,124,76,,,,,,,,,,,,,,,,,
campaign_e_in,in_n200_rho0.6_exact-ties_seed0.pcf,dhpac,2,0,100316,44,43,13578147932620344057,15360,23f703aa3bc9,2026-08-28T19:41:41Z,200,124,76,,,,,,,,,,,,,,,,,
campaign_e_in,in_n200_rho0.6_exact-ties_seed1.pcf,dhpac,0,0,117645,42,41,2374769266673223150,15360,23f703aa3bc9,2026-08-28T19:41:41Z,200,113,87,,,,,,,,,,,,,,,,,
campaign_e_in,in_n200_rho0.6_exact-ties_seed1.pcf,dhpac,1,0,94488,42,41,2374769266673223150,15360,23f703aa3bc9,2026-08-28T19:41:41Z,200,113,87,,,,,,,,,,,,,,,,,
campaign_e_in,in_n200_rho0.6_exact-ties_seed1.pcf,dhpac,2,0,85829,42,41,2374769266673223150,15360,23f703aa3bc9,2026-08-28T19:41:41Z,200,113,87,,,,,,,,,,,,,,,,,
campaign_e_in,in_n200_rho0.6_exact-ties_seed2.pcf,dhpac,0,0,130945,50,49,12280290553183606768,15360,23f703aa3bc9,2026-08-28T19:41:41Z,200,127,73,,,,,,,,,,,,,,,,,
campaign_e_in,in_n200_rho0.6_exact-ties_seed2.pcf,dhpac,1,0,113234,50,49,12280290553183606768,15360,23f703aa3bc9,2026-08-28T19:41:41Z,200,127,73,,,,,,,,,,,,,,,,,
campaign_e_in,in_n200_rho0.6_exact-ties_seed2.pcf,dhpac,2,0,106437,50,49,12280290553183606768,15360,23f703aa3bc9,2026-08-28T19:41:41Z,200,127,73,,,,,,,,,,,,,,,,,
campaign_e_in,in_n200_rho0.6_exact-ties_seed3.pcf,dhpac,0,0,109906,39,38,7020683875516181849,15360,23f703aa3bc9,2026-08-28T19:41:41Z,200,108,92,,,,,,,,,,,,,,,,,
campaign_e_in,in_n200_rho0.6_exact-ties_seed3.pcf,dhpac,1,0,93079,39,38,7020683875516181849,15360,23f703aa3bc9,2026-08-28T19:41:41Z,200,108,92,,,,,,,,,,,,,,,,,
campaign_e_in,in_n200_rho0.6_exact-ties_seed3.pcf,dhpac,2,0,80067,39,38,7020683875516181849,15360,23f703aa3bc9,2026-08-28T19:41:41Z,200,108,92,,,,,,,,,,,,,,,,,
campaign_e_in,in_n200_rho0.6_exact-ties_seed4.pcf,dhpac,0,0,124588,43,42,9879532804366470129,15360,23f703aa3bc9,2026-08-28T19:41:41Z,200,126,74,,,,,,,,,,,,,,,,,
campaign_e_in,in_n200_rho0.6_exact-ties_seed4.pcf,dhpac,1,0,109858,43,42,9879532804366470129,15360,23f703aa3bc9,2026-08-28T19:41:41Z,200,126,74,,,,,,,,,,,,,,,,,
campaign_e_in,in_n200_rho0.6_exact-ties_seed4.pcf,dhpac,2,0,100261,43,42,9879532804366470129,15360,23f703aa3bc9,2026-08-28T19:41:41Z,200,126,74,,,,,,,,,,,,,,,,,
campaign_e_in,in_n200_rho0.6_independent-positive_seed0.pcf,dhpac,0,0,171825,124,123,11551287315391831273,15520,23f703aa3bc9,2026-08-28T19:41:41Z,200,125,75,,,,,,,,,,,,,,,,,
campaign_e_in,in_n200_rho0.6_independent-positive_seed0.pcf,dhpac,1,0,154576,124,123,11551287315391831273,15520,23f703aa3bc9,2026-08-28T19:41:41Z,200,125,75,,,,,,,,,,,,,,,,,
campaign_e_in,in_n200_rho0.6_independent-positive_seed0.pcf,dhpac,2,0,140373,124,123,11551287315391831273,15520,23f703aa3bc9,2026-08-28T19:41:41Z,200,125,75,,,,,,,,,,,,,,,,,
campaign_e_in,in_n200_rho0.6_independent-positive_seed1.pcf,dhpac,0,0,154829,142,141,11966099942259171087,15520,23f703aa3bc9,2026-08-28T19:41:41Z,200,113,87,,,,,,,,,,,,,,,,,
campaign_e_in,in_n200_rho0.6_independent-positive_seed1.pcf,dhpac,1,0,127688,142,141,11966099942259171087,15520,23f703aa3bc9,2026-08-28T19:41:41Z,200,113,87,,,,,,,,,,,,,,,,,
campaign_e_in,in_n200_rho0.6_independent-positive_seed1.pcf,dhpac,2,0,222391,142,141,11966099942259171087,15520,23f703aa3bc9,2026-08-28T19:41:41Z,200,113,87,,,,,,,,,,,,,,,,,
campaign_e_in,in_n200_rho0.6_independent-positive_seed2.pcf,dhpac,0,0,152061,127,126,4840952894953039023,15520,23f703aa3bc9,2026-08-28T19:41:41Z,200,124,76,,,,,,,,,,,,,,,,,
campaign_e_in,in_n200_rho0.6_independent-positive_seed2.pcf,dhpac,1,0,130438,127,126,4840952894953039023,15520,23f703aa3bc9,2026-08-28T19:41:41Z,200,124,76,,,,,,,,,,,,,,,,,
campaign_e_in,in_n200_rho0.6_independent-positive_seed2.pcf,dhpac,2,0,120382,127,126,4840952894953039023,15520,23f703aa3bc9,2026-08-28T19:41:41Z,200,124,76,,,,,,,,,,,,,,,,,
campaign_e_in,in_n200_rho0.6_independent-positive_seed3.pcf,dhpac,0,0,145907,146,145,3780052177149359144,15520,23f703aa3bc9,2026-08-28T19:41:41Z,200,120,80,,,,,,,,,,,,,,,,,
campaign_e_in,in_n200_rho0.6_independent-positive_seed3.pcf,dhpac,1,0,122639,146,145,3780052177149359144,15520,23f703aa3bc9,2026-08-28T19:41:41Z,200,120,80,,,,,,,,,,,,,,,,,
campaign_e_in,in_n200_rho0.6_independent-positive_seed3.pcf,dhpac,2,0,111247,146,145,3780052177149359144,15520,23f703aa3bc9,2026-08-28T19:41:41Z,200,120,80,,,,,,,,,,,,,,,,,
campaign_e_in,in_n200_rho0.6_independent-positive_seed4.pcf,dhpac,0,0,163231,131,130,4399860566204061231,15520,23f703aa3bc9,2026-08-28T19:41:41Z,200,131,69,,,,,,,,,,,,,,,,,
campaign_e_in,in_n200_rho0.6_independent-positive_seed4.pcf,dhpac,1,0,136732,131,130,4399860566204061231,15520,23f703aa3bc9,2026-08-28T19:41:41Z,200,131,69,,,,,,,,,,,,,,,,,
campaign_e_in,in_n200_rho0.6_independent-positive_seed4.pcf,dhpac,2,0,128789,131,130,4399860566204061231,15520,23f703aa3bc9,2026-08-28T19:41:41Z,200,131,69,,,,,,,,,,,,,,,,,
campaign_e_in,in_n200_rho0.6_independent-signed_seed0.pcf,dhpac,0,0,159708,124,123,298049704729659470,15520,23f703aa3bc9,2026-08-28T19:41:41Z,200,125,75,,,,,,,,,,,,,,,,,
campaign_e_in,in_n200_rho0.6_independent-signed_seed0.pcf,dhpac,1,0,137687,124,123,298049704729659470,15520,23f703aa3bc9,2026-08-28T19:41:41Z,200,125,75,,,,,,,,,,,,,,,,,
campaign_e_in,in_n200_rho0.6_independent-signed_seed0.pcf,dhpac,2,0,128801,124,123,298049704729659470,15520,23f703aa3bc9,2026-08-28T19:41:41Z,200,125,75,,,,,,,,,,,,,,,,,
campaign_e_in,in_n200_rho0.6_independent-signed_seed1.pcf,dhpac,0,0,154564,140,139,883100377650644622,15520,23f703aa3bc9,2026-08-28T19:41:41Z,200,113,87,,,,,,,,,,,,,,,,,
campaign_e_in,in_n200_rho0.6_independent-signed_seed1.pcf,dhpac,1,0,136415,140,139,883100377650644622,15520,23f703aa3bc9,2026-08-28T19:41:41Z,200,113,87,,,,,,,,,,,,,,,,,
campaign_e_in,in_n200_rho0.6_independent-signed_seed1.pcf,dhpac,2,0,120322,140,139,883100377650644622,15520,23f703aa3bc9,2026-08-28T19:41:41Z,200,113,87,,,,,,,,,,,,,,,,,
campaign_e_in,in_n200_rho0.6_independent-signed_seed2.pcf,dhpac,0,0,150210,128,127,4710435110791745428,15520,23f703aa3bc9,2026-08-28T19:41:41Z,200,124,76,,,,,,,,,,,,,,,,,
campaign_e_in,in_n200_rho0.6_independent-signed_seed2.pcf,dhpac,1,0,127993,128,127,4710435110791745428,15520,23f703aa3bc9,2026-08-28T19:41:41Z,200,124,76,,,,,,,,,,,,,,,,,
campaign_e_in,in_n200_rho0.6_independent-signed_seed2.pcf,dhpac,2,0,118454,128,127,4710435110791745428,15520,23f703aa3bc9,2026-08-28T19:41:41Z,200,124,76,,,,,,,,,,,,,,,,,
campaign_e_in,in_n200_rho0.6_independent-signed_seed3.pcf,dhpac,0,0,138160,140,139,2152927457254269740,15520,23f703aa3bc9,2026-08-28T19:41:41Z,200,120,80,,,,,,,,,,,,,,,,,
campaign_e_in,in_n200_rho0.6_independent-signed_seed3.pcf,dhpac,1,0,114508,140,139,2152927457254269740,15520,23f703aa3bc9,2026-08-28T19:41:41Z,200,120,80,,,,,,,,,,,,,,,,,
campaign_e_in,in_n200_rho0.6_independent-signed_seed3.pcf,dhpac,2,0,106826,140,139,2152927457254269740,15520,23f703aa3bc9,2026-08-28T19:41:41Z,200,120,80,,,,,,,,,,,,,,,,,
campaign_e_in,in_n200_rho0.6_independent-signed_seed4.pcf,dhpac,0,0,158113,131,130,1315399171532618909,15520,23f703aa3bc9,2026-08-28T19:41:41Z,200,131,69,,,,,,,,,,,,,,,,,
campaign_e_in,in_n200_rho0.6_independent-signed_seed4.pcf,dhpac,1,0,130992,131,130,1315399171532618909,15520,23f703aa3bc9,2026-08-28T19:41:41Z,200,131,69,,,,,,,,,,,,,,,,,
campaign_e_in,in_n200_rho0.6_independent-signed_seed4.pcf,dhpac,2,0,122963,131,130,1315399171532618909,15520,23f703aa3bc9,2026-08-28T19:41:41Z,200,131,69,,,,,,,,,,,,,,,,,
campaign_e_in,in_n200_rho0.6_near-ties_seed0.pcf,dhpac,0,0,134754,102,101,17345325016634024562,15520,23f703aa3bc9,2026-08-28T19:41:41Z,200,121,79,,,,,,,,,,,,,,,,,
campaign_e_in,in_n200_rho0.6_near-ties_seed0.pcf,dhpac,1,0,122573,102,101,17345325016634024562,15520,23f703aa3bc9,2026-08-28T19:41:41Z,200,121,79,,,,,,,,,,,,,,,,,
campaign_e_in,in_n200_rho0.6_near-ties_seed0.pcf,dhpac,2,0,105762,102,101,17345325016634024562,15520,23f703aa3bc9,2026-08-28T19:41:41Z,200,121,79,,,,,,,,,,,,,,,,,
campaign_e_in,in_n200_rho0.6_near-ties_seed1.pcf,dhpac,0,0,166859,101,100,17846717321441385,15520,23f703aa3bc9,2026-08-28T19:41:41Z,200,117,83,,,,,,,,,,,,,,,,,
campaign_e_in,in_n200_rho0.6_near-ties_seed1.pcf,dhpac,1,0,142447,101,100,17846717321441385,15520,23f703aa3bc9,2026-08-28T19:41:41Z,200,117,83,,,,,,,,,,,,,,,,,
campaign_e_in,in_n200_rho0.6_near-ties_seed1.pcf,dhpac,2,0,132947,101,100,17846717321441385,15520,23f703aa3bc9,2026-08-28T19:41:41Z,200,117,83,,,,,,,,,,,,,,,,,
campaign_e_in,in_n200_rho0.6_near-ties_seed2.pcf,dhpac,0,0,139395,100,99,2138044727627971061,15520,23f703aa3bc9,2026-08-28T19:41:41Z,200,122,78,,,,,,,,,,,,,,,,,
campaign_e_in,in_n200_rho0.6_near-ties_seed2.pcf,dhpac,1,0,117382,100,99,2138044727627971061,15520,23f703aa3bc9,2026-08-28T19:41:41Z,200,122,78,,,,,,,,,,,,,,,,,
campaign_e_in,in_n200_rho0.6_near-ties_seed2.pcf,dhpac,2,0,107842,100,99,2138044727627971061,15520,23f703aa3bc9,2026-08-28T19:41:41Z,200,122,78,,,,,,,,,,,,,,,,,
campaign_e_in,in_n200_rho0.6_near-ties_seed3.pcf,dhpac,0,0,147989,91,90,11096745853939853115,15520,23f703aa3bc9,2026-08-28T19:41:41Z,200,122,78,,,,,,,,,,,,,,,,,
campaign_e_in,in_n200_rho0.6_near-ties_seed3.pcf,dhpac,1,0,124537,91,90,11096745853939853115,15520,23f703aa3bc9,2026-08-28T19:41:41Z,200,122,78,,,,,,,,,,,,,,,,,
campaign_e_in,in_n200_rho0.6_near-ties_seed3.pcf,dhpac,2,0,117638,91,90,11096745853939853115,15520,23f703aa3bc9,2026-08-28T19:41:41Z,200,122,78,,,,,,,,,,,,,,,,,
campaign_e_in,in_n200_rho0.6_near-ties_seed4.pcf,dhpac,0,0,141287,97,96,1047741119251017054,15520,23f703aa3bc9,2026-08-28T19:41:41Z,200,129,71,,,,,,,,,,,,,,,,,
campaign_e_in,in_n200_rho0.6_near-ties_seed4.pcf,dhpac,1,0,121872,97,96,1047741119251017054,15520,23f703aa3bc9,2026-08-28T19:41:41Z,200,129,71,,,,,,,,,,,,,,,,,
campaign_e_in,in_n200_rho0.6_near-ties_seed4.pcf,dhpac,2,0,115200,97,96,1047741119251017054,15520,23f703aa3bc9,2026-08-28T19:41:41Z,200,129,71,,,,,,,,,,,,,,,,,
campaign_e_in,in_n200_rho1.0_anti-correlated_seed0.pcf,dhpac,0,0,490992,108,107,9689229454180840558,15520,23f703aa3bc9,2026-08-28T19:41:41Z,200,199,1,,,,,,,,,,,,,,,,,
campaign_e_in,in_n200_rho1.0_anti-correlated_seed0.pcf,dhpac,1,0,462453,108,107,9689229454180840558,15520,23f703aa3bc9,2026-08-28T19:41:41Z,200,199,1,,,,,,,,,,,,,,,,,
campaign_e_in,in_n200_rho1.0_anti-correlated_seed0.pcf,dhpac,2,0,456467,108,107,9689229454180840558,15520,23f703aa3bc9,2026-08-28T19:41:41Z,200,199,1,,,,,,,,,,,,,,,,,
campaign_e_in,in_n200_rho1.0_anti-correlated_seed1.pcf,dhpac,0,0,484789,103,102,13802512099044792657,15520,23f703aa3bc9,2026-08-28T19:41:41Z,200,199,1,,,,,,,,,,,,,,,,,
campaign_e_in,in_n200_rho1.0_anti-correlated_seed1.pcf,dhpac,1,0,459536,103,102,13802512099044792657,15520,23f703aa3bc9,2026-08-28T19:41:41Z,200,199,1,,,,,,,,,,,,,,,,,
campaign_e_in,in_n200_rho1.0_anti-correlated_seed1.pcf,dhpac,2,0,442080,103,102,13802512099044792657,15520,23f703aa3bc9,2026-08-28T19:41:41Z,200,199,1,,,,,,,,,,,,,,,,,
campaign_e_in,in_n200_rho1.0_anti-correlated_seed2.pcf,dhpac,0,0,391762,113,112,6172800830773284971,15520,23f703aa3bc9,2026-08-28T19:41:41Z,200,199,1,,,,,,,,,,,,,,,,,
campaign_e_in,in_n200_rho1.0_anti-correlated_seed2.pcf,dhpac,1,0,447834,113,112,6172800830773284971,15520,23f703aa3bc9,2026-08-28T19:41:41Z,200,199,1,,,,,,,,,,,,,,,,,
campaign_e_in,in_n200_rho1.0_anti-correlated_seed2.pcf,dhpac,2,0,352911,113,112,6172800830773284971,15520,23f703aa3bc9,2026-08-28T19:41:41Z,200,199,1,,,,,,,,,,,,,,,,,
campaign_e_in,in_n200_rho1.0_anti-correlated_seed3.pcf,dhpac,0,0,407854,100,99,1318090456361937337,15520,23f703aa3bc9,2026-08-28T19:41:41Z,200,199,1,,,,,,,,,,,,,,,,,
campaign_e_in,in_n200_rho1.0_anti-correlated_seed3.pcf,dhpac,1,0,374695,100,99,1318090456361937337,15520,23f703aa3bc9,2026-08-28T19:41:41Z,200,199,1,,,,,,,,,,,,,,,,,
campaign_e_in,in_n200_rho1.0_anti-correlated_seed3.pcf,dhpac,2,0,430159,100,99,1318090456361937337,15520,23f703aa3bc9,2026-08-28T19:41:41Z,200,199,1,,,,,,,,,,,,,,,,,
campaign_e_in,in_n200_rho1.0_anti-correlated_seed4.pcf,dhpac,0,0,392173,94,93,502868240717597588,15520,23f703aa3bc9,2026-08-28T19:41:41Z,200,199,1,,,,,,,,,,,,,,,,,
campaign_e_in,in_n200_rho1.0_anti-correlated_seed4.pcf,dhpac,1,0,363228,94,93,502868240717597588,15520,23f703aa3bc9,2026-08-28T19:41:41Z,200,199,1,,,,,,,,,,,,,,,,,
campaign_e_in,in_n200_rho1.0_anti-correlated_seed4.pcf,dhpac,2,0,349879,94,93,502868240717597588,15520,23f703aa3bc9,2026-08-28T19:41:41Z,200,199,1,,,,,,,,,,,,,,,,,
campaign_e_in,in_n200_rho1.0_correlated_seed0.pcf,dhpac,0,0,452847,103,102,5405516267670534193,15680,23f703aa3bc9,2026-08-28T19:41:41Z,200,199,1,,,,,,,,,,,,,,,,,
campaign_e_in,in_n200_rho1.0_correlated_seed0.pcf,dhpac,1,0,419892,103,102,5405516267670534193,15680,23f703aa3bc9,2026-08-28T19:41:41Z,200,199,1,,,,,,,,,,,,,,,,,
campaign_e_in,in_n200_rho1.0_correlated_seed0.pcf,dhpac,2,0,413680,103,102,5405516267670534193,15680,23f703aa3bc9,2026-08-28T19:41:41Z,200,199,1,,,,,,,,,,,,,,,,,
campaign_e_in,in_n200_rho1.0_correlated_seed1.pcf,dhpac,0,0,524641,105,104,16658867139854627580,15680,23f703aa3bc9,2026-08-28T19:41:41Z,200,199,1,,,,,,,,,,,,,,,,,
campaign_e_in,in_n200_rho1.0_correlated_seed1.pcf,dhpac,1,0,435257,105,104,16658867139854627580,15680,23f703aa3bc9,2026-08-28T19:41:41Z,200,199,1,,,,,,,,,,,,,,,,,
campaign_e_in,in_n200_rho1.0_correlated_seed1.pcf,dhpac,2,0,432461,105,104,16658867139854627580,15680,23f703aa3bc9,2026-08-28T19:41:41Z,200,199,1,,,,,,,,,,,,,,,,,
campaign_e_in,in_n200_rho1.0_correlated_seed2.pcf,dhpac,0,0,397326,105,104,2610954616626658733,15680,23f703aa3bc9,2026-08-28T19:41:41Z,200,199,1,,,,,,,,,,,,,,,,,
campaign_e_in,in_n200_rho1.0_correlated_seed2.pcf,dhpac,1,0,430206,105,104,2610954616626658733,15680,23f703aa3bc9,2026-08-28T19:41:41Z,200,199,1,,,,,,,,,,,,,,,,,
campaign_e_in,in_n200_rho1.0_correlated_seed2.pcf,dhpac,2,0,355279,105,104,2610954616626658733,15680,23f703aa3bc9,2026-08-28T19:41:41Z,200,199,1,,,,,,,,,,,,,,,,,
campaign_e_in,in_n200_rho1.0_correlated_seed3.pcf,dhpac,0,0,398898,105,104,14507159400285296083,15680,23f703aa3bc9,2026-08-28T19:41:41Z,200,199,1,,,,,,,,,,,,,,,,,
campaign_e_in,in_n200_rho1.0_correlated_seed3.pcf,dhpac,1,0,367658,105,104,14507159400285296083,15680,23f703aa3bc9,2026-08-28T19:41:41Z,200,199,1,,,,,,,,,,,,,,,,,
campaign_e_in,in_n200_rho1.0_correlated_seed3.pcf,dhpac,2,0,360555,105,104,14507159400285296083,15680,23f703aa3bc9,2026-08-28T19:41:41Z,200,199,1,,,,,,,,,,,,,,,,,
campaign_e_in,in_n200_rho1.0_correlated_seed4.pcf,dhpac,0,0,378710,101,100,8702786448789437733,15680,23f703aa3bc9,2026-08-28T19:41:41Z,200,199,1,,,,,,,,,,,,,,,,,
campaign_e_in,in_n200_rho1.0_correlated_seed4.pcf,dhpac,1,0,354605,101,100,8702786448789437733,15680,23f703aa3bc9,2026-08-28T19:41:41Z,200,199,1,,,,,,,,,,,,,,,,,
campaign_e_in,in_n200_rho1.0_correlated_seed4.pcf,dhpac,2,0,340064,101,100,8702786448789437733,15680,23f703aa3bc9,2026-08-28T19:41:41Z,200,199,1,,,,,,,,,,,,,,,,,
campaign_e_in,in_n200_rho1.0_exact-ties_seed0.pcf,dhpac,0,0,454010,40,39,15167721097986263596,15680,23f703aa3bc9,2026-08-28T19:41:41Z,200,199,1,,,,,,,,,,,,,,,,,
campaign_e_in,in_n200_rho1.0_exact-ties_seed0.pcf,dhpac,1,0,335274,40,39,15167721097986263596,15680,23f703aa3bc9,2026-08-28T19:41:41Z,200,199,1,,,,,,,,,,,,,,,,,
campaign_e_in,in_n200_rho1.0_exact-ties_seed0.pcf,dhpac,2,0,339147,40,39,15167721097986263596,15680,23f703aa3bc9,2026-08-28T19:41:41Z,200,199,1,,,,,,,,,,,,,,,,,
campaign_e_in,in_n200_rho1.0_exact-ties_seed1.pcf,dhpac,0,0,384425,45,44,4425921255134978677,15680,23f703aa3bc9,2026-08-28T19:41:41Z,200,199,1,,,,,,,,,,,,,,,,,
campaign_e_in,in_n200_rho1.0_exact-ties_seed1.pcf,dhpac,1,0,417253,45,44,4425921255134978677,15680,23f703aa3bc9,2026-08-28T19:41:41Z,200,199,1,,,,,,,,,,,,,,,,,
campaign_e_in,in_n200_rho1.0_exact-ties_seed1.pcf,dhpac,2,0,334250,45,44,4425921255134978677,15680,23f703aa3bc9,2026-08-28T19:41:41Z,200,199,1,,,,,,,,,,,,,,,,,
campaign_e_in,in_n200_rho1.0_exact-ties_seed2.pcf,dhpac,0,0,366788,39,38,17557753916411321803,15680,23f703aa3bc9,2026-08-28T19:41:41Z,200,199,1,,,,,,,,,,,,,,,,,
campaign_e_in,in_n200_rho1.0_exact-ties_seed2.pcf,dhpac,1,0,326518,39,38,17557753916411321803,15680,23f703aa3bc9,2026-08-28T19:41:41Z,200,199,1,,,,,,,,,,,,,,,,,
campaign_e_in,in_n200_rho1.0_exact-ties_seed2.pcf,dhpac,2,0,321251,39,38,17557753916411321803,15680,23f703aa3bc9,2026-08-28T19:41:41Z,200,199,1,,,,,,,,,,,,,,,,,
campaign_e_in,in_n200_rho1.0_exact-ties_seed3.pcf,dhpac,0,0,395458,45,44,10808741673850905009,15680,23f703aa3bc9,2026-08-28T19:41:41Z,200,199,1,,,,,,,,,,,,,,,,,
campaign_e_in,in_n200_rho1.0_exact-ties_seed3.pcf,dhpac,1,0,367277,45,44,10808741673850905009,15680,23f703aa3bc9,2026-08-28T19:41:41Z,200,199,1,,,,,,,,,,,,,,,,,
campaign_e_in,in_n200_rho1.0_exact-ties_seed3.pcf,dhpac,2,0,344079,45,44,10808741673850905009,15680,23f703aa3bc9,2026-08-28T19:41:41Z,200,199,1,,,,,,,,,,,,,,,,,
campaign_e_in,in_n200_rho1.0_exact-ties_seed4.pcf,dhpac,0,0,487473,42,41,18297715721997821528,15680,23f703aa3bc9,2026-08-28T19:41:41Z,200,199,1,,,,,,,,,,,,,,,,,
campaign_e_in,in_n200_rho1.0_exact-ties_seed4.pcf,dhpac,1,0,378488,42,41,18297715721997821528,15680,23f703aa3bc9,2026-08-28T19:41:41Z,200,199,1,,,,,,,,,,,,,,,,,
campaign_e_in,in_n200_rho1.0_exact-ties_seed4.pcf,dhpac,2,0,369919,42,41,18297715721997821528,15680,23f703aa3bc9,2026-08-28T19:41:41Z,200,199,1,,,,,,,,,,,,,,,,,
campaign_e_in,in_n200_rho1.0_independent-positive_seed0.pcf,dhpac,0,0,416643,111,110,713113694234164504,15680,23f703aa3bc9,2026-08-28T19:41:41Z,200,199,1,,,,,,,,,,,,,,,,,
campaign_e_in,in_n200_rho1.0_independent-positive_seed0.pcf,dhpac,1,0,465569,111,110,713113694234164504,15680,23f703aa3bc9,2026-08-28T19:41:41Z,200,199,1,,,,,,,,,,,,,,,,,
campaign_e_in,in_n200_rho1.0_independent-positive_seed0.pcf,dhpac,2,0,377398,111,110,713113694234164504,15680,23f703aa3bc9,2026-08-28T19:41:41Z,200,199,1,,,,,,,,,,,,,,,,,
campaign_e_in,in_n200_rho1.0_independent-positive_seed1.pcf,dhpac,0,0,455423,103,102,1699136113155665023,15680,23f703aa3bc9,2026-08-28T19:41:41Z,200,199,1,,,,,,,,,,,,,,,,,
campaign_e_in,in_n200_rho1.0_independent-positive_seed1.pcf,dhpac,1,0,494952,103,102,1699136113155665023,15680,23f703aa3bc9,2026-08-28T19:41:41Z,200,199,1,,,,,,,,,,,,,,,,,
campaign_e_in,in_n200_rho1.0_independent-positive_seed1.pcf,dhpac,2,0,418723,103,102,1699136113155665023,15680,23f703aa3bc9,2026-08-28T19:41:41Z,200,199,1,,,,,,,,,,,,,,,,,
campaign_e_in,in_n200_rho1.0_independent-positive_seed2.pcf,dhpac,0,0,419631,111,110,1603018557908969578,15680,23f703aa3bc9,2026-08-28T19:41:41Z,200,199,1,,,,,,,,,,,,,,,,,
campaign_e_in,in_n200_rho1.0_independent-positive_seed2.pcf,dhpac,1,0,453329,111,110,1603018557908969578,15680,23f703aa3bc9,2026-08-28T19:41:41Z,200,199,1,,,,,,,,,,,,,,,,,
campaign_e_in,in_n200_rho1.0_independent-positive_seed2.pcf,dhpac,2,0,384402,111,110,1603018557908969578,15680,23f703aa3bc9,2026-08-28T19:41:41Z,200,199,1,,,,,,,,,,,,,,,,,
campaign_e_in,in_n200_rho1.0_independent-positive_seed3.pcf,dhpac,0,0,413327,95,94,18394011460020861434,15680,23f703aa3bc9,2026-08-28T19:41:41Z,200,199,1,,,,,,,,,,,,,,,,,
campaign_e_in,in_n200_rho1.0_independent-positive_seed3.pcf,dhpac,1,0,379077,95,94,18394011460020861434,15680,23f703aa3bc9,2026-08-28T19:41:41Z,200,199,1,,,,,,,,,,,,,,,,,
campaign_e_in,in_n200_rho1.0_independent-positive_seed3.pcf,dhpac,2,0,370602,95,94,18394011460020861434,15680,23f703aa3bc9,2026-08-28T19:41:41Z,200,199,1,,,,,,,,,,,,,,,,,
campaign_e_in,in_n200_rho1.0_independent-positive_seed4.pcf,dhpac,0,0,415876,101,100,8600701861432198558,15680,23f703aa3bc9,2026-08-28T19:41:41Z,200,199,1,,,,,,,,,,,,,,,,,
campaign_e_in,in_n200_rho1.0_independent-positive_seed4.pcf,dhpac,1,0,387495,101,100,8600701861432198558,15680,23f703aa3bc9,2026-08-28T19:41:41Z,200,199,1,,,,,,,,,,,,,,,,,
campaign_e_in,in_n200_rho1.0_independent-positive_seed4.pcf,dhpac,2,0,375783,101,100,8600701861432198558,15680,23f703aa3bc9,2026-08-28T19:41:41Z,200,199,1,,,,,,,,,,,,,,,,,
campaign_e_in,in_n200_rho1.0_independent-signed_seed0.pcf,dhpac,0,0,460799,106,105,6536289989482882502,15680,23f703aa3bc9,2026-08-28T19:41:41Z,200,199,1,,,,,,,,,,,,,,,,,
campaign_e_in,in_n200_rho1.0_independent-signed_seed0.pcf,dhpac,1,0,362980,106,105,6536289989482882502,15680,23f703aa3bc9,2026-08-28T19:41:41Z,200,199,1,,,,,,,,,,,,,,,,,
campaign_e_in,in_n200_rho1.0_independent-signed_seed0.pcf,dhpac,2,0,355726,106,105,6536289989482882502,15680,23f703aa3bc9,2026-08-28T19:41:41Z,200,199,1,,,,,,,,,,,,,,,,,
campaign_e_in,in_n200_rho1.0_independent-signed_seed1.pcf,dhpac,0,0,437472,94,93,11970916956918505267,15680,23f703aa3bc9,2026-08-28T19:41:41Z,200,199,1,,,,,,,,,,,,,,,,,
campaign_e_in,in_n200_rho1.0_independent-signed_seed1.pcf,dhpac,1,0,472419,94,93,11970916956918505267,15680,23f703aa3bc9,2026-08-28T19:41:41Z,200,199,1,,,,,,,,,,,,,,,,,
campaign_e_in,in_n200_rho1.0_independent-signed_seed1.pcf,dhpac,2,0,408322,94,93,11970916956918505267,15680,23f703aa3bc9,2026-08-28T19:41:41Z,200,199,1,,,,,,,,,,,,,,,,,
campaign_e_in,in_n200_rho1.0_independent-signed_seed2.pcf,dhpac,0,0,416787,103,102,30354280771559553,15680,23f703aa3bc9,2026-08-28T19:41:41Z,200,199,1,,,,,,,,,,,,,,,,,
campaign_e_in,in_n200_rho1.0_independent-signed_seed2.pcf,dhpac,1,0,475212,103,102,30354280771559553,15680,23f703aa3bc9,2026-08-28T19:41:41Z,200,199,1,,,,,,,,,,,,,,,,,
campaign_e_in,in_n200_rho1.0_independent-signed_seed2.pcf,dhpac,2,0,384014,103,102,30354280771559553,15680,23f703aa3bc9,2026-08-28T19:41:41Z,200,199,1,,,,,,,,,,,,,,,,,
campaign_e_in,in_n200_rho1.0_independent-signed_seed3.pcf,dhpac,0,0,383931,95,94,1277275412212075425,15680,23f703aa3bc9,2026-08-28T19:41:41Z,200,199,1,,,,,,,,,,,,,,,,,
campaign_e_in,in_n200_rho1.0_independent-signed_seed3.pcf,dhpac,1,0,358772,95,94,1277275412212075425,15680,23f703aa3bc9,2026-08-28T19:41:41Z,200,199,1,,,,,,,,,,,,,,,,,
campaign_e_in,in_n200_rho1.0_independent-signed_seed3.pcf,dhpac,2,0,413761,95,94,1277275412212075425,15680,23f703aa3bc9,2026-08-28T19:41:41Z,200,199,1,,,,,,,,,,,,,,,,,
campaign_e_in,in_n200_rho1.0_independent-signed_seed4.pcf,dhpac,0,0,431443,111,110,5233309287996095724,15840,23f703aa3bc9,2026-08-28T19:41:41Z,200,199,1,,,,,,,,,,,,,,,,,
campaign_e_in,in_n200_rho1.0_independent-signed_seed4.pcf,dhpac,1,0,396388,111,110,5233309287996095724,15840,23f703aa3bc9,2026-08-28T19:41:41Z,200,199,1,,,,,,,,,,,,,,,,,
campaign_e_in,in_n200_rho1.0_independent-signed_seed4.pcf,dhpac,2,0,386202,111,110,5233309287996095724,15840,23f703aa3bc9,2026-08-28T19:41:41Z,200,199,1,,,,,,,,,,,,,,,,,
campaign_e_in,in_n200_rho1.0_near-ties_seed0.pcf,dhpac,0,0,373336,81,80,10310570376559493878,15840,23f703aa3bc9,2026-08-28T19:41:41Z,200,199,1,,,,,,,,,,,,,,,,,
campaign_e_in,in_n200_rho1.0_near-ties_seed0.pcf,dhpac,1,0,343326,81,80,10310570376559493878,15840,23f703aa3bc9,2026-08-28T19:41:41Z,200,199,1,,,,,,,,,,,,,,,,,
campaign_e_in,in_n200_rho1.0_near-ties_seed0.pcf,dhpac,2,0,341337,81,80,10310570376559493878,15840,23f703aa3bc9,2026-08-28T19:41:41Z,200,199,1,,,,,,,,,,,,,,,,,
campaign_e_in,in_n200_rho1.0_near-ties_seed1.pcf,dhpac,0,0,371928,70,69,1840383934235313747,15840,23f703aa3bc9,2026-08-28T19:41:41Z,200,199,1,,,,,,,,,,,,,,,,,
campaign_e_in,in_n200_rho1.0_near-ties_seed1.pcf,dhpac,1,0,339664,70,69,1840383934235313747,15840,23f703aa3bc9,2026-08-28T19:41:41Z,200,199,1,,,,,,,,,,,,,,,,,
campaign_e_in,in_n200_rho1.0_near-ties_seed1.pcf,dhpac,2,0,331022,70,69,1840383934235313747,15840,23f703aa3bc9,2026-08-28T19:41:41Z,200,199,1,,,,,,,,,,,,,,,,,
campaign_e_in,in_n200_rho1.0_near-ties_seed2.pcf,dhpac,0,0,362970,69,68,2676124229713290273,15840,23f703aa3bc9,2026-08-28T19:41:41Z,200,199,1,,,,,,,,,,,,,,,,,
campaign_e_in,in_n200_rho1.0_near-ties_seed2.pcf,dhpac,1,0,325701,69,68,2676124229713290273,15840,23f703aa3bc9,2026-08-28T19:41:41Z,200,199,1,,,,,,,,,,,,,,,,,
campaign_e_in,in_n200_rho1.0_near-ties_seed2.pcf,dhpac,2,0,311050,69,68,2676124229713290273,15840,23f703aa3bc9,2026-08-28T19:41:41Z,200,199,1,,,,,,,,,,,,,,,,,
campaign_e_in,in_n200_rho1.0_near-ties_seed3.pcf,dhpac,0,0,378114,79,78,658193031930632380,15840,23f703aa3bc9,2026-08-28T19:41:41Z,200,199,1,,,,,,,,,,,,,,,,,
campaign_e_in,in_n200_rho1.0_near-ties_seed3.pcf,dhpac,1,0,339489,79,78,658193031930632380,15840,23f703aa3bc9,2026-08-28T19:41:41Z,200,199,1,,,,,,,,,,,,,,,,,
campaign_e_in,in_n200_rho1.0_near-ties_seed3.pcf,dhpac,2,0,327896,79,78,658193031930632380,15840,23f703aa3bc9,2026-08-28T19:41:41Z,200,199,1,,,,,,,,,,,,,,,,,
campaign_e_in,in_n200_rho1.0_near-ties_seed4.pcf,dhpac,0,0,388375,75,74,4743419628631466946,15840,23f703aa3bc9,2026-08-28T19:41:41Z,200,199,1,,,,,,,,,,,,,,,,,
campaign_e_in,in_n200_rho1.0_near-ties_seed4.pcf,dhpac,1,0,363265,75,74,4743419628631466946,15840,23f703aa3bc9,2026-08-28T19:41:41Z,200,199,1,,,,,,,,,,,,,,,,,
campaign_e_in,in_n200_rho1.0_near-ties_seed4.pcf,dhpac,2,0,347816,75,74,4743419628631466946,15840,23f703aa3bc9,2026-08-28T19:41:41Z,200,199,1,,,,,,,,,,,,,,,,,
campaign_e_in,in_n30000_rho0.6_anti-correlated_seed0.pcf,dhpac,0,0,30788052,19428,19427,17978528093209859289,15840,23f703aa3bc9,2026-08-28T19:41:41Z,30000,17896,12104,,,,,,,,,,,,,,,,,
campaign_e_in,in_n30000_rho0.6_anti-correlated_seed0.pcf,dhpac,1,0,29677146,19428,19427,17978528093209859289,15840,23f703aa3bc9,2026-08-28T19:41:41Z,30000,17896,12104,,,,,,,,,,,,,,,,,
campaign_e_in,in_n30000_rho0.6_anti-correlated_seed0.pcf,dhpac,2,0,29827579,19428,19427,17978528093209859289,15840,23f703aa3bc9,2026-08-28T19:41:41Z,30000,17896,12104,,,,,,,,,,,,,,,,,
campaign_e_in,in_n30000_rho0.6_anti-correlated_seed1.pcf,dhpac,0,0,30094692,19434,19433,13809355146651394186,15840,23f703aa3bc9,2026-08-28T19:41:41Z,30000,17903,12097,,,,,,,,,,,,,,,,,
campaign_e_in,in_n30000_rho0.6_anti-correlated_seed1.pcf,dhpac,1,0,29315883,19434,19433,13809355146651394186,15840,23f703aa3bc9,2026-08-28T19:41:41Z,30000,17903,12097,,,,,,,,,,,,,,,,,
campaign_e_in,in_n30000_rho0.6_anti-correlated_seed1.pcf,dhpac,2,0,28801787,19434,19433,13809355146651394186,15840,23f703aa3bc9,2026-08-28T19:41:41Z,30000,17903,12097,,,,,,,,,,,,,,,,,
campaign_e_in,in_n30000_rho0.6_anti-correlated_seed2.pcf,dhpac,0,0,29812133,19476,19475,6592809415058965765,15840,23f703aa3bc9,2026-08-28T19:41:41Z,30000,17935,12065,,,,,,,,,,,,,,,,,
campaign_e_in,in_n30000_rho0.6_anti-correlated_seed2.pcf,dhpac,1,0,28895312,19476,19475,6592809415058965765,15840,23f703aa3bc9,2026-08-28T19:41:41Z,30000,17935,12065,,,,,,,,,,,,,,,,,
campaign_e_in,in_n30000_rho0.6_anti-correlated_seed2.pcf,dhpac,2,0,28993570,19476,19475,6592809415058965765,15840,23f703aa3bc9,2026-08-28T19:41:41Z,30000,17935,12065,,,,,,,,,,,,,,,,,
campaign_e_in,in_n30000_rho0.6_anti-correlated_seed3.pcf,dhpac,0,0,29515440,19450,19449,4163199048176355539,15840,23f703aa3bc9,2026-08-28T19:41:42Z,30000,18036,11964,,,,,,,,,,,,,,,,,
campaign_e_in,in_n30000_rho0.6_anti-correlated_seed3.pcf,dhpac,1,0,28884360,19450,19449,4163199048176355539,15840,23f703aa3bc9,2026-08-28T19:41:42Z,30000,18036,11964,,,,,,,,,,,,,,,,,
campaign_e_in,in_n30000_rho0.6_anti-correlated_seed3.pcf,dhpac,2,0,28179927,19450,19449,4163199048176355539,15840,23f703aa3bc9,2026-08-28T19:41:42Z,30000,18036,11964,,,,,,,,,,,,,,,,,
campaign_e_in,in_n30000_rho0.6_anti-correlated_seed4.pcf,dhpac,0,0,31053657,19349,19348,12582441613600037610,15840,23f703aa3bc9,2026-08-28T19:41:42Z,30000,17967,12033,,,,,,,,,,,,,,,,,
campaign_e_in,in_n30000_rho0.6_anti-correlated_seed4.pcf,dhpac,1,0,30485495,19349,19348,12582441613600037610,15840,23f703aa3bc9,2026-08-28T19:41:42Z,30000,17967,12033,,,,,,,,,,,,,,,,,
campaign_e_in,in_n30000_rho0.6_anti-correlated_seed4.pcf,dhpac,2,0,30334404,19349,19348,12582441613600037610,15840,23f703aa3bc9,2026-08-28T19:41:42Z,30000,17967,12033,,,,,,,,,,,,,,,,,
campaign_e_in,in_n30000_rho0.6_correlated_seed0.pcf,dhpac,0,0,30210188,16731,16730,7251468535232441027,15840,23f703aa3bc9,2026-08-28T19:41:42Z,30000,17896,12104,,,,,,,,,,,,,,,,,
campaign_e_in,in_n30000_rho0.6_correlated_seed0.pcf,dhpac,1,0,29165472,16731,16730,7251468535232441027,15840,23f703aa3bc9,2026-08-28T19:41:42Z,30000,17896,12104,,,,,,,,,,,,,,,,,
campaign_e_in,in_n30000_rho0.6_correlated_seed0.pcf,dhpac,2,0,29460829,16731,16730,7251468535232441027,15840,23f703aa3bc9,2026-08-28T19:41:42Z,30000,17896,12104,,,,,,,,,,,,,,,,,
campaign_e_in,in_n30000_rho0.6_correlated_seed1.pcf,dhpac,0,0,29703156,16657,16656,17334833198070262763,15840,23f703aa3bc9,2026-08-28T19:41:42Z,30000,17903,12097,,,,,,,,,,,,,,,,,
campaign_e_in,in_n30000_rho0.6_correlated_seed1.pcf,dhpac,1,0,28855632,16657,16656,17334833198070262763,15840,23f703aa3bc9,2026-08-28T19:41:42Z,30000,17903,12097,,,,,,,,,,,,,,,,,
campaign_e_in,in_n30000_rho0.6_correlated_seed1.pcf,dhpac,2,0,28816354,16657,16656,17334833198070262763,15840,23f703aa3bc9,2026-08-28T19:41:42Z,30000,17903,12097,,,,,,,,,,,,,,,,,
campaign_e_in,in_n30000_rho0.6_correlated_seed2.pcf,dhpac,0,0,29294128,16530,16529,17375328588629822628,15840,23f703aa3bc9,2026-08-28T19:41:42Z,30000,17935,12065,,,,,,,,,,,,,,,,,
campaign_e_in,in_n30000_rho0.6_correlated_seed2.pcf,dhpac,1,0,28377804,16530,16529,17375328588629822628,15840,23f703aa3bc9,2026-08-28T19:41:42Z,30000,17935,12065,,,,,,,,,,,,,,,,,
campaign_e_in,in_n30000_rho0.6_correlated_seed2.pcf,dhpac,2,0,28412507,16530,16529,17375328588629822628,15840,23f703aa3bc9,2026-08-28T19:41:42Z,30000,17935,12065,,,,,,,,,,,,,,,,,
campaign_e_in,in_n30000_rho0.6_correlated_seed3.pcf,dhpac,0,0,29340604,16546,16545,17521565545404924920,15840,23f703aa3bc9,2026-08-28T19:41:42Z,30000,18036,11964,,,,,,,,,,,,,,,,,
campaign_e_in,in_n30000_rho0.6_correlated_seed3.pcf,dhpac,1,0,28361855,16546,16545,17521565545404924920,15840,23f703aa3bc9,2026-08-28T19:41:42Z,30000,18036,11964,,,,,,,,,,,,,,,,,
campaign_e_in,in_n30000_rho0.6_correlated_seed3.pcf,dhpac,2,0,28153709,16546,16545,17521565545404924920,15840,23f703aa3bc9,2026-08-28T19:41:42Z,30000,18036,11964,,,,,,,,,,,,,,,,,
campaign_e_in,in_n30000_rho0.6_correlated_seed4.pcf,dhpac,0,0,30486172,16512,16511,10971547450354181267,15840,23f703aa3bc9,2026-08-28T19:41:42Z,30000,17967,12033,,,,,,,,,,,,,,,,,
campaign_e_in,in_n30000_rho0.6_correlated_seed4.pcf,dhpac,1,0,29557284,16512,16511,10971547450354181267,15840,23f703aa3bc9,2026-08-28T19:41:42Z,30000,17967,12033,,,,,,,,,,,,,,,,,
campaign_e_in,in_n30000_rho0.6_correlated_seed4.pcf,dhpac,2,0,29349059,16512,16511,10971547450354181267,15840,23f703aa3bc9,2026-08-28T19:41:42Z,30000,17967,12033,,,,,,,,,,,,,,,,,
campaign_e_in,in_n30000_rho0.6_exact-ties_seed0.pcf,dhpac,0,0,25936670,4761,4760,6221092315207832727,15840,23f703aa3bc9,2026-08-28T19:41:42Z,30000,17836,12164,,,,,,,,,,,,,,,,,
campaign_e_in,in_n30000_rho0.6_exact-ties_seed0.pcf,dhpac,1,0,25529609,4761,4760,6221092315207832727,15840,23f703aa3bc9,2026-08-28T19:41:42Z,30000,17836,12164,,,,,,,,,,,,,,,,,
campaign_e_in,in_n30000_rho0.6_exact-ties_seed0.pcf,dhpac,2,0,25541342,4761,4760,6221092315207832727,15840,23f703aa3bc9,2026-08-28T19:41:42Z,30000,17836,12164,,,,,,,,,,,,,,,,,
campaign_e_in,in_n30000_rho0.6_exact-ties_seed1.pcf,dhpac,0,0,26285098,4847,4846,18249026514795356662,15840,23f703aa3bc9,2026-08-28T19:41:42Z,30000,17825,12175,,,,,,,,,,,,,,,,,
campaign_e_in,in_n30000_rho0.6_exact-ties_seed1.pcf,dhpac,1,0,25871447,4847,4846,18249026514795356662,15840,23f703aa3bc9,2026-08-28T19:41:42Z,30000,17825,12175,,,,,,,,,,,,,,,,,
campaign_e_in,in_n30000_rho0.6_exact-ties_seed1.pcf,dhpac,2,0,25988140,4847,4846,18249026514795356662,15840,23f703aa3bc9,2026-08-28T19:41:42Z,30000,17825,12175,,,,,,,,,,,,,,,,,
campaign_e_in,in_n30000_rho0.6_exact-ties_seed2.pcf,dhpac,0,0,26562021,4859,4858,6241495663166466546,15840,23f703aa3bc9,2026-08-28T19:41:42Z,30000,17956,12044,,,,,,,,,,,,,,,,,
campaign_e_in,in_n30000_rho0.6_exact-ties_seed2.pcf,dhpac,1,0,26154360,4859,4858,6241495663166466546,15840,23f703aa3bc9,2026-08-28T19:41:42Z,30000,17956,12044,,,,,,,,,,,,,,,,,
campaign_e_in,in_n30000_rho0.6_exact-ties_seed2.pcf,dhpac,2,0,26213734,4859,4858,6241495663166466546,15840,23f703aa3bc9,2026-08-28T19:41:42Z,30000,17956,12044,,,,,,,,,,,,,,,,,
campaign_e_in,in_n30000_rho0.6_exact-ties_seed3.pcf,dhpac,0,0,26890349,4828,4827,4742401149246950797,16000,23f703aa3bc9,2026-08-28T19:41:42Z,30000,18034,11966,,,,,,,,,,,,,,,,,
campaign_e_in,in_n30000_rho0.6_exact-ties_seed3.pcf,dhpac,1,0,26543047,4828,4827,4742401149246950797,16000,23f703aa3bc9,2026-08-28T19:41:42Z,30000,18034,11966,,,,,,,,,,,,,,,,,
campaign_e_in,in_n30000_rho0.6_exact-ties_seed3.pcf,dhpac,2,0,26612055,4828,4827,4742401149246950797,16000,23f703aa3bc9,2026-08-28T19:41:43Z,30000,18034,11966,,,,,,,,,,,,,,,,,
campaign_e_in,in_n30000_rho0.6_exact-ties_seed4.pcf,dhpac,0,0,27276567,4816,4815,12835642352747082192,16000,23f703aa3bc9,2026-08-28T19:41:43Z,30000,17822,12178,,,,,,,,,,,,,,,,,
campaign_e_in,in_n30000_rho0.6_exact-ties_seed4.pcf,dhpac,1,0,26912598,4816,4815,12835642352747082192,16000,23f703aa3bc9,2026-08-28T19:41:43Z,30000,17822,12178,,,,,,,,,,,,,,,,,
campaign_e_in,in_n30000_rho0.6_exact-ties_seed4.pcf,dhpac,2,0,26713475,4816,4815,12835642352747082192,16000,23f703aa3bc9,2026-08-28T19:41:43Z,30000,17822,12178,,,,,,,,,,,,,,,,,
campaign_e_in,in_n30000_rho0.6_independent-positive_seed0.pcf,dhpac,0,0,28949810,20243,20242,14021600218516515812,16000,23f703aa3bc9,2026-08-28T19:41:43Z,30000,17906,12094,,,,,,,,,,,,,,,,,
campaign_e_in,in_n30000_rho0.6_independent-positive_seed0.pcf,dhpac,1,0,28072177,20243,20242,14021600218516515812,16000,23f703aa3bc9,2026-08-28T19:41:43Z,30000,17906,12094,,,,,,,,,,,,,,,,,
campaign_e_in,in_n30000_rho0.6_independent-positive_seed0.pcf,dhpac,2,0,27736538,20243,20242,14021600218516515812,16000,23f703aa3bc9,2026-08-28T19:41:43Z,30000,17906,12094,,,,,,,,,,,,,,,,,
campaign_e_in,in_n30000_rho0.6_independent-positive_seed1.pcf,dhpac,0,0,29130801,20232,20231,977097386028771621,16000,23f703aa3bc9,2026-08-28T19:41:43Z,30000,17895,12105,,,,,,,,,,,,,,,,,
campaign_e_in,in_n30000_rho0.6_independent-positive_seed1.pcf,dhpac,1,0,28307487,20232,20231,977097386028771621,16000,23f703aa3bc9,2026-08-28T19:41:43Z,30000,17895,12105,,,,,,,,,,,,,,,,,
campaign_e_in,in_n30000_rho0.6_independent-positive_seed1.pcf,dhpac,2,0,28056246,20232,20231,977097386028771621,16000,23f703aa3bc9,2026-08-28T19:41:43Z,30000,17895,12105,,,,,,,,,,,,,,,,,
campaign_e_in,in_n30000_rho0.6_independent-positive_seed2.pcf,dhpac,0,0,29176753,20234,20233,18179540711009182186,16000,23f703aa3bc9,2026-08-28T19:41:43Z,30000,18036,11964,,,,,,,,,,,,,,,,,
campaign_e_in,in_n30000_rho0.6_independent-positive_seed2.pcf,dhpac,1,0,28396260,20234,20233,18179540711009182186,16000,23f703aa3bc9,2026-08-28T19:41:43Z,30000,18036,11964,,,,,,,,,,,,,,,,,
campaign_e_in,in_n30000_rho0.6_independent-positive_seed2.pcf,dhpac,2,0,28135073,20234,20233,18179540711009182186,16000,23f703aa3bc9,2026-08-28T19:41:43Z,30000,18036,11964,,,,,,,,,,,,,,,,,
campaign_e_in,in_n30000_rho0.6_independent-positive_seed3.pcf,dhpac,0,0,31035349,20169,20168,13929797241441975703,16000,23f703aa3bc9,2026-08-28T19:41:43Z,30000,18041,11959,,,,,,,,,,,,,,,,,
campaign_e_in,in_n30000_rho0.6_independent-positive_seed3.pcf,dhpac,1,0,30148801,20169,20168,13929797241441975703,16000,23f703aa3bc9,2026-08-28T19:41:43Z,30000,18041,11959,,,,,,,,,,,,,,,,,
campaign_e_in,in_n30000_rho0.6_independent-positive_seed3.pcf,dhpac,2,0,30098172,20169,20168,13929797241441975703,16000,23f703aa3bc9,2026-08-28T19:41:43Z,30000,18041,11959,,,,,,,,,,,,,,,,,
campaign_e_in,in_n30000_rho0.6_independent-positive_seed4.pcf,dhpac,0,0,30643936,20220,20219,5812217177450308388,16000,23f703aa3bc9,2026-08-28T19:41:43Z,30000,17897,12103,,,,,,,,,,,,,,,,,
campaign_e_in,in_n30000_rho0.6_independent-positive_seed4.pcf,dhpac,1,0,29313923,20220,20219,5812217177450308388,16000,23f703aa3bc9,2026-08-28T19:41:43Z,30000,17897,12103,,,,,,,,,,,,,,,,,
campaign_e_in,in_n30000_rho0.6_independent-positive_seed4.pcf,dhpac,2,0,28569966,20220,20219,5812217177450308388,16000,23f703aa3bc9,2026-08-28T19:41:43Z,30000,17897,12103,,,,,,,,,,,,,,,,,
campaign_e_in,in_n30000_rho0.6_independent-signed_seed0.pcf,dhpac,0,0,29329544,20505,20504,8208515618233776158,16000,23f703aa3bc9,2026-08-28T19:41:43Z,30000,17908,12092,,,,,,,,,,,,,,,,,
campaign_e_in,in_n30000_rho0.6_independent-signed_seed0.pcf,dhpac,1,0,28335925,20505,20504,8208515618233776158,16000,23f703aa3bc9,2026-08-28T19:41:43Z,30000,17908,12092,,,,,,,,,,,,,,,,,
campaign_e_in,in_n30000_rho0.6_independent-signed_seed0.pcf,dhpac,2,0,28088695,20505,20504,8208515618233776158,16000,23f703aa3bc9,2026-08-28T19:41:43Z,30000,17908,12092,,,,,,,,,,,,,,,,,
campaign_e_in,in_n30000_rho0.6_independent-signed_seed1.pcf,dhpac,0,0,29729800,20570,20569,1610008969104710411,16000,23f703aa3bc9,2026-08-28T19:41:43Z,30000,17895,12105,,,,,,,,,,,,,,,,,
campaign_e_in,in_n30000_rho0.6_independent-signed_seed1.pcf,dhpac,1,0,28613804,20570,20569,1610008969104710411,16000,23f703aa3bc9,2026-08-28T19:41:43Z,30000,17895,12105,,,,,,,,,,,,,,,,,
campaign_e_in,in_n30000_rho0.6_independent-signed_seed1.pcf,dhpac,2,0,28664979,20570,20569,1610008969104710411,16000,23f703aa3bc9,2026-08-28T19:41:43Z,30000,17895,12105,,,,,,,,,,,,,,,,,
campaign_e_in,in_n30000_rho0.6_independent-signed_seed2.pcf,dhpac,0,0,30101540,20631,20630,1494460769499295433,16000,23f703aa3bc9,2026-08-28T19:41:43Z,30000,18043,11957,,,,,,,,,,,,,,,,,
campaign_e_in,in_n30000_rho0.6_independent-signed_seed2.pcf,dhpac,1,0,29138854,20631,20630,1494460769499295433,16000,23f703aa3bc9,2026-08-28T19:41:43Z,30000,18043,11957,,,,,,,,,,,,,,,,,
campaign_e_in,in_n30000_rho0.6_independent-signed_seed2.pcf,dhpac,2,0,28877430,20631,20630,1494460769499295433,16000,23f703aa3bc9,2026-08-28T19:41:43Z,30000,18043,11957,,,,,,,,,,,,,,,,,
campaign_e_in,in_n30000_rho0.6_independent-signed_seed3.pcf,dhpac,0,0,32214117,20430,20429,1468797577347507782,16000,23f703aa3bc9,2026-08-28T19:41:43Z,30000,18042,11958,,,,,,,,,,,,,,,,,
campaign_e_in,in_n30000_rho0.6_independent-signed_seed3.pcf,dhpac,1,0,31484646,20430,20429,1468797577347507782,16000,23f703aa3bc9,2026-08-28T19:41:43Z,30000,18042,11958,,,,,,,,,,,,,,,,,
campaign_e_in,in_n30000_rho0.6_independent-signed_seed3.pcf,dhpac,2,0,31306186,20430,20429,1468797577347507782,16000,23f703aa3bc9,2026-08-28T19:41:43Z,30000,18042,11958,,,,,,,,,,,,,,,,,
campaign_e_in,in_n30000_rho0.6_independent-signed_seed4.pcf,dhpac,0,0,29834691,20478,20477,10698861984540167085,16000,23f703aa3bc9,2026-08-28T19:41:44Z,30000,17897,12103,,,,,,,,,,,,,,,,,
campaign_e_in,in_n30000_rho0.6_independent-signed_seed4.pcf,dhpac,1,0,28882857,20478,20477,10698861984540167085,16000,23f703aa3bc9,2026-08-28T19:41:44Z,30000,17897,12103,,,,,,,,,,,,,,,,,
campaign_e_in,in_n30000_rho0.6_independent-signed_seed4.pcf,dhpac,2,0,28997189,20478,20477,10698861984540167085,16000,23f703aa3bc9,2026-08-28T19:41:44Z,30000,17897,12103,,,,,,,,,,,,,,,,,
campaign_e_in,in_n30000_rho0.6_near-ties_seed0.pcf,dhpac,0,0,27555326,938,937,15830274645905380158,16000,23f703aa3bc9,2026-08-28T19:41:44Z,30000,18039,11961,,,,,,,,,,,,,,,,,
campaign_e_in,in_n30000_rho0.6_near-ties_seed0.pcf,dhpac,1,0,27376728,938,937,15830274645905380158,16000,23f703aa3bc9,2026-08-28T19:41:44Z,30000,18039,11961,,,,,,,,,,,,,,,,,
campaign_e_in,in_n30000_rho0.6_near-ties_seed0.pcf,dhpac,2,0,26971048,938,937,15830274645905380158,16000,23f703aa3bc9,2026-08-28T19:41:44Z,30000,18039,11961,,,,,,,,,,,,,,,,,
campaign_e_in,in_n30000_rho0.6_near-ties_seed1.pcf,dhpac,0,0,25790250,951,950,14946271375842559614,16000,23f703aa3bc9,2026-08-28T19:41:44Z,30000,17969,12031,,,,,,,,,,,,,,,,,
campaign_e_in,in_n30000_rho0.6_near-ties_seed1.pcf,dhpac,1,0,25635524,951,950,14946271375842559614,16000,23f703aa3bc9,2026-08-28T19:41:44Z,30000,17969,12031,,,,,,,,,,,,,,,,,
campaign_e_in,in_n30000_rho0.6_near-ties_seed1.pcf,dhpac,2,0,25370737,951,950,14946271375842559614,16000,23f703aa3bc9,2026-08-28T19:41:44Z,30000,17969,12031,,,,,,,,,,,,,,,,,
campaign_e_in,in_n30000_rho0.6_near-ties_seed2.pcf,dhpac,0,0,28197632,946,945,11830153407668387905,16000,23f703aa3bc9,2026-08-28T19:41:44Z,30000,18012,11988,,,,,,,,,,,,,,,,,
campaign_e_in,in_n30000_rho0.6_near-ties_seed2.pcf,dhpac,1,0,27674631,946,945,11830153407668387905,16000,23f703aa3bc9,2026-08-28T19:41:44Z,30000,18012,11988,,,,,,,,,,,,,,,,,
campaign_e_in,in_n30000_rho0.6_near-ties_seed2.pcf,dhpac,2,0,27267433,946,945,11830153407668387905,16000,23f703aa3bc9,2026-08-28T19:41:44Z,30000,18012,11988,,,,,,,,,,,,,,,,,
campaign_e_in,in_n30000_rho0.6_near-ties_seed3.pcf,dhpac,0,0,26412677,954,953,462348128383422905,16000,23f703aa3bc9,2026-08-28T19:41:44Z,30000,18041,11959,,,,,,,,,,,,,,,,,
campaign_e_in,in_n30000_rho0.6_near-ties_seed3.pcf,dhpac,1,0,26349072,954,953,462348128383422905,16000,23f703aa3bc9,2026-08-28T19:41:44Z,30000,18041,11959,,,,,,,,,,,,,,,,,
campaign_e_in,in_n30000_rho0.6_near-ties_seed3.pcf,dhpac,2,0,26019785,954,953,462348128383422905,16000,23f703aa3bc9,2026-08-28T19:41:44Z,30000,18041,11959,,,,,,,,,,,,,,,,,
campaign_e_in,in_n30000_rho0.6_near-ties_seed4.pcf,dhpac,0,0,26379272,934,933,4108380916994683101,16000,23f703aa3bc9,2026-08-28T19:41:44Z,30000,17902,12098,,,,,,,,,,,,,,,,,
campaign_e_in,in_n30000_rho0.6_near-ties_seed4.pcf,dhpac,1,0,26157793,934,933,4108380916994683101,16000,23f703aa3bc9,2026-08-28T19:41:44Z,30000,17902,12098,,,,,,,,,,,,,,,,,
campaign_e_in,in_n30000_rho0.6_near-ties_seed4.pcf,dhpac,2,0,25935340,934,933,4108380916994683101,16000,23f703aa3bc9,2026-08-28T19:41:44Z,30000,17902,12098,,,,,,,,,,,,,,,,,
campaign_e_in,in_n30000_rho1.0_anti-correlated_seed0.pcf,dhpac,0,0,224857863,14070,14069,10723647180544664547,33976,23f703aa3bc9,2026-08-28T19:41:44Z,30000,29999,1,,,,,,,,,,,,,,,,,
campaign_e_in,in_n30000_rho1.0_anti-correlated_seed0.pcf,dhpac,1,0,219762548,14070,14069,10723647180544664547,46848,23f703aa3bc9,2026-08-28T19:41:44Z,30000,29999,1,,,,,,,,,,,,,,,,,
campaign_e_in,in_n30000_rho1.0_anti-correlated_seed0.pcf,dhpac,2,0,222767039,14070,14069,10723647180544664547,47244,23f703aa3bc9,2026-08-28T19:41:45Z,30000,29999,1,,,,,,,,,,,,,,,,,
campaign_e_in,in_n30000_rho1.0_anti-correlated_seed1.pcf,dhpac,0,0,224370350,14263,14262,9584238684258534208,33924,23f703aa3bc9,2026-08-28T19:41:45Z,30000,29999,1,,,,,,,,,,,,,,,,,
campaign_e_in,in_n30000_rho1.0_anti-correlated_seed1.pcf,dhpac,1,0,237090581,14263,14262,9584238684258534208,47196,23f703aa3bc9,2026-08-28T19:41:45Z,30000,29999,1,,,,,,,,,,,,,,,,,
campaign_e_in,in_n30000_rho1.0_anti-correlated_seed1.pcf,dhpac,2,0,214225474,14263,14262,9584238684258534208,47356,23f703aa3bc9,2026-08-28T19:41:45Z,30000,29999,1,,,,,,,,,,,,,,,,,
campaign_e_in,in_n30000_rho1.0_anti-correlated_seed2.pcf,dhpac,0,0,227023728,14129,14128,5362647871524891278,33644,23f703aa3bc9,2026-08-28T19:41:46Z,30000,29999,1,,,,,,,,,,,,,,,,,
campaign_e_in,in_n30000_rho1.0_anti-correlated_seed2.pcf,dhpac,1,0,225217992,14129,14128,5362647871524891278,47652,23f703aa3bc9,2026-08-28T19:41:46Z,30000,29999,1,,,,,,,,,,,,,,,,,
campaign_e_in,in_n30000_rho1.0_anti-correlated_seed2.pcf,dhpac,2,0,219166676,14129,14128,5362647871524891278,47652,23f703aa3bc9,2026-08-28T19:41:46Z,30000,29999,1,,,,,,,,,,,,,,,,,
campaign_e_in,in_n30000_rho1.0_anti-correlated_seed3.pcf,dhpac,0,0,254401468,14167,14166,16998759580200412019,33772,23f703aa3bc9,2026-08-28T19:41:46Z,30000,29999,1,,,,,,,,,,,,,,,,,
campaign_e_in,in_n30000_rho1.0_anti-correlated_seed3.pcf,dhpac,1,0,250602991,14167,14166,16998759580200412019,49424,23f703aa3bc9,2026-08-28T19:41:47Z,30000,29999,1,,,,,,,,,,,,,,,,,
campaign_e_in,in_n30000_rho1.0_anti-correlated_seed3.pcf,dhpac,2,0,241236282,14167,14166,16998759580200412019,49904,23f703aa3bc9,2026-08-28T19:41:47Z,30000,29999,1,,,,,,,,,,,,,,,,,
campaign_e_in,in_n30000_rho1.0_anti-correlated_seed4.pcf,dhpac,0,0,240025476,14244,14243,5785511709554625754,33656,23f703aa3bc9,2026-08-28T19:41:47Z,30000,29999,1,,,,,,,,,,,,,,,,,
campaign_e_in,in_n30000_rho1.0_anti-correlated_seed4.pcf,dhpac,1,0,238017238,14244,14243,5785511709554625754,48152,23f703aa3bc9,2026-08-28T19:41:47Z,30000,29999,1,,,,,,,,,,,,,,,,,
campaign_e_in,in_n30000_rho1.0_anti-correlated_seed4.pcf,dhpac,2,0,230087274,14244,14243,5785511709554625754,48792,23f703aa3bc9,2026-08-28T19:41:48Z,30000,29999,1,,,,,,,,,,,,,,,,,
campaign_e_in,in_n30000_rho1.0_correlated_seed0.pcf,dhpac,0,0,223986663,12753,12752,9593557113335796999,33972,23f703aa3bc9,2026-08-28T19:41:48Z,30000,29999,1,,,,,,,,,,,,,,,,,
campaign_e_in,in_n30000_rho1.0_correlated_seed0.pcf,dhpac,1,0,220539419,12753,12752,9593557113335796999,47292,23f703aa3bc9,2026-08-28T19:41:48Z,30000,29999,1,,,,,,,,,,,,,,,,,
campaign_e_in,in_n30000_rho1.0_correlated_seed0.pcf,dhpac,2,0,221646421,12753,12752,9593557113335796999,47328,23f703aa3bc9,2026-08-28T19:41:48Z,30000,29999,1,,,,,,,,,,,,,,,,,
campaign_e_in,in_n30000_rho1.0_correlated_seed1.pcf,dhpac,0,0,220953442,12696,12695,17353275601354372602,33808,23f703aa3bc9,2026-08-28T19:41:48Z,30000,29999,1,,,,,,,,,,,,,,,,,
campaign_e_in,in_n30000_rho1.0_correlated_seed1.pcf,dhpac,1,0,219149975,12696,12695,17353275601354372602,47124,23f703aa3bc9,2026-08-28T19:41:49Z,30000,29999,1,,,,,,,,,,,,,,,,,
campaign_e_in,in_n30000_rho1.0_correlated_seed1.pcf,dhpac,2,0,212225865,12696,12695,17353275601354372602,47124,23f703aa3bc9,2026-08-28T19:41:49Z,30000,29999,1,,,,,,,,,,,,,,,,,
campaign_e_in,in_n30000_rho1.0_correlated_seed2.pcf,dhpac,0,0,228555225,12711,12710,5388889870893734880,33804,23f703aa3bc9,2026-08-28T19:41:49Z,30000,29999,1,,,,,,,,,,,,,,,,,
campaign_e_in,in_n30000_rho1.0_correlated_seed2.pcf,dhpac,1,0,225838090,12711,12710,5388889870893734880,47568,23f703aa3bc9,2026-08-28T19:41:49Z,30000,29999,1,,,,,,,,,,,,,,,,,
campaign_e_in,in_n30000_rho1.0_correlated_seed2.pcf,dhpac,2,0,218110827,12711,12710,5388889870893734880,48368,23f703aa3bc9,2026-08-28T19:41:50Z,30000,29999,1,,,,,,,,,,,,,,,,,
campaign_e_in,in_n30000_rho1.0_correlated_seed3.pcf,dhpac,0,0,253178749,12658,12657,352919166454962933,33808,23f703aa3bc9,2026-08-28T19:41:50Z,30000,29999,1,,,,,,,,,,,,,,,,,
campaign_e_in,in_n30000_rho1.0_correlated_seed3.pcf,dhpac,1,0,251670393,12658,12657,352919166454962933,49480,23f703aa3bc9,2026-08-28T19:41:50Z,30000,29999,1,,,,,,,,,,,,,,,,,
campaign_e_in,in_n30000_rho1.0_correlated_seed3.pcf,dhpac,2,0,250797176,12658,12657,352919166454962933,50200,23f703aa3bc9,2026-08-28T19:41:50Z,30000,29999,1,,,,,,,,,,,,,,,,,
campaign_e_in,in_n30000_rho1.0_correlated_seed4.pcf,dhpac,0,0,235667256,12783,12782,6020320555819364933,33656,23f703aa3bc9,2026-08-28T19:41:51Z,30000,29999,1,,,,,,,,,,,,,,,,,
campaign_e_in,in_n30000_rho1.0_correlated_seed4.pcf,dhpac,1,0,234606926,12783,12782,6020320555819364933,48224,23f703aa3bc9,2026-08-28T19:41:51Z,30000,29999,1,,,,,,,,,,,,,,,,,
campaign_e_in,in_n30000_rho1.0_correlated_seed4.pcf,dhpac,2,0,226783908,12783,12782,6020320555819364933,48224,23f703aa3bc9,2026-08-28T19:41:51Z,30000,29999,1,,,,,,,,,,,,,,,,,
campaign_e_in,in_n30000_rho1.0_exact-ties_seed0.pcf,dhpac,0,0,239422440,5264,5263,15217835355325681426,33804,23f703aa3bc9,2026-08-28T19:41:51Z,30000,29999,1,,,,,,,,,,,,,,,,,
campaign_e_in,in_n30000_rho1.0_exact-ties_seed0.pcf,dhpac,1,0,237840351,5264,5263,15217835355325681426,49724,23f703aa3bc9,2026-08-28T19:41:52Z,30000,29999,1,,,,,,,,,,,,,,,,,
campaign_e_in,in_n30000_rho1.0_exact-ties_seed0.pcf,dhpac,2,0,238299065,5264,5263,15217835355325681426,49724,23f703aa3bc9,2026-08-28T19:41:52Z,30000,29999,1,,,,,,,,,,,,,,,,,
campaign_e_in,in_n30000_rho1.0_exact-ties_seed1.pcf,dhpac,0,0,239164843,5155,5154,14341333562931529185,33820,23f703aa3bc9,2026-08-28T19:41:52Z,30000,29999,1,,,,,,,,,,,,,,,,,
campaign_e_in,in_n30000_rho1.0_exact-ties_seed1.pcf,dhpac,1,0,238816975,5155,5154,14341333562931529185,49728,23f703aa3bc9,2026-08-28T19:41:52Z,30000,29999,1,,,,,,,,,,,,,,,,,
campaign_e_in,in_n30000_rho1.0_exact-ties_seed1.pcf,dhpac,2,0,238461177,5155,5154,14341333562931529185,49828,23f703aa3bc9,2026-08-28T19:41:53Z,30000,29999,1,,,,,,,,,,,,,,,,,
campaign_e_in,in_n30000_rho1.0_exact-ties_seed2.pcf,dhpac,0,0,233218727,5183,5182,17277878493235639797,33764,23f703aa3bc9,2026-08-28T19:41:53Z,30000,29999,1,,,,,,,,,,,,,,,,,
campaign_e_in,in_n30000_rho1.0_exact-ties_seed2.pcf,dhpac,1,0,231722143,5183,5182,17277878493235639797,48916,23f703aa3bc9,2026-08-28T19:41:53Z,30000,29999,1,,,,,,,,,,,,,,,,,
campaign_e_in,in_n30000_rho1.0_exact-ties_seed2.pcf,dhpac,2,0,232280145,5183,5182,17277878493235639797,48916,23f703aa3bc9,2026-08-28T19:41:53Z,30000,29999,1,,,,,,,,,,,,,,,,,
campaign_e_in,in_n30000_rho1.0_exact-ties_seed3.pcf,dhpac,0,0,226504767,5194,5193,7663051100664711895,33644,23f703aa3bc9,2026-08-28T19:41:53Z,30000,29999,1,,,,,,,,,,,,,,,,,
campaign_e_in,in_n30000_rho1.0_exact-ties_seed3.pcf,dhpac,1,0,227660824,5194,5193,7663051100664711895,48896,23f703aa3bc9,2026-08-28T19:41:54Z,30000,29999,1,,,,,,,,,,,,,,,,,
campaign_e_in,in_n30000_rho1.0_exact-ties_seed3.pcf,dhpac,2,0,226245510,5194,5193,7663051100664711895,49032,23f703aa3bc9,2026-08-28T19:41:54Z,30000,29999,1,,,,,,,,,,,,,,,,,
campaign_e_in,in_n30000_rho1.0_exact-ties_seed4.pcf,dhpac,0,0,241118399,5233,5232,2254759246074796881,33816,23f703aa3bc9,2026-08-28T19:41:54Z,30000,29999,1,,,,,,,,,,,,,,,,,
campaign_e_in,in_n30000_rho1.0_exact-ties_seed4.pcf,dhpac,1,0,240400276,5233,5232,2254759246074796881,50496,23f703aa3bc9,2026-08-28T19:41:54Z,30000,29999,1,,,,,,,,,,,,,,,,,
campaign_e_in,in_n30000_rho1.0_exact-ties_seed4.pcf,dhpac,2,0,239947233,5233,5232,2254759246074796881,50628,23f703aa3bc9,2026-08-28T19:41:55Z,30000,29999,1,,,,,,,,,,,,,,,,,
campaign_e_in,in_n30000_rho1.0_independent-positive_seed0.pcf,dhpac,0,0,235395688,14756,14755,3053699650566886319,33768,23f703aa3bc9,2026-08-28T19:41:55Z,30000,29999,1,,,,,,,,,,,,,,,,,
campaign_e_in,in_n30000_rho1.0_independent-positive_seed0.pcf,dhpac,1,0,232097789,14756,14755,3053699650566886319,47932,23f703aa3bc9,2026-08-28T19:41:55Z,30000,29999,1,,,,,,,,,,,,,,,,,
campaign_e_in,in_n30000_rho1.0_independent-positive_seed0.pcf,dhpac,2,0,224606402,14756,14755,3053699650566886319,48092,23f703aa3bc9,2026-08-28T19:41:55Z,30000,29999,1,,,,,,,,,,,,,,,,,
campaign_e_in,in_n30000_rho1.0_independent-positive_seed1.pcf,dhpac,0,0,262323124,14680,14679,5381961111481133899,33980,23f703aa3bc9,2026-08-28T19:41:56Z,30000,29999,1,,,,,,,,,,,,,,,,,
campaign_e_in,in_n30000_rho1.0_independent-positive_seed1.pcf,dhpac,1,0,261053144,14680,14679,5381961111481133899,49992,23f703aa3bc9,2026-08-28T19:41:56Z,30000,29999,1,,,,,,,,,,,,,,,,,
campaign_e_in,in_n30000_rho1.0_independent-positive_seed1.pcf,dhpac,2,0,252946596,14680,14679,5381961111481133899,50312,23f703aa3bc9,2026-08-28T19:41:56Z,30000,29999,1,,,,,,,,,,,,,,,,,
campaign_e_in,in_n30000_rho1.0_independent-positive_seed2.pcf,dhpac,0,0,219678462,14743,14742,3066334920349873037,33976,23f703aa3bc9,2026-08-28T19:41:56Z,30000,29999,1,,,,,,,,,,,,,,,,,
campaign_e_in,in_n30000_rho1.0_independent-positive_seed2.pcf,dhpac,1,0,217343274,14743,14742,3066334920349873037,47124,23f703aa3bc9,2026-08-28T19:41:57Z,30000,29999,1,,,,,,,,,,,,,,,,,
campaign_e_in,in_n30000_rho1.0_independent-positive_seed2.pcf,dhpac,2,0,211156422,14743,14742,3066334920349873037,47604,23f703aa3bc9,2026-08-28T19:41:57Z,30000,29999,1,,,,,,,,,,,,,,,,,
campaign_e_in,in_n30000_rho1.0_independent-positive_seed3.pcf,dhpac,0,0,263803598,14708,14707,15083872936564558457,33812,23f703aa3bc9,2026-08-28T19:41:57Z,30000,29999,1,,,,,,,,,,,,,,,,,
campaign_e_in,in_n30000_rho1.0_independent-positive_seed3.pcf,dhpac,1,0,260384251,14708,14707,15083872936564558457,49996,23f703aa3bc9,2026-08-28T19:41:57Z,30000,29999,1,,,,,,,,,,,,,,,,,
campaign_e_in,in_n30000_rho1.0_independent-positive_seed3.pcf,dhpac,2,0,253014021,14708,14707,15083872936564558457,50156,23f703aa3bc9,2026-08-28T19:41:58Z,30000,29999,1,,,,,,,,,,,,,,,,,
campaign_e_in,in_n30000_rho1.0_independent-positive_seed4.pcf,dhpac,0,0,243893866,14756,14755,3061190200295928195,33816,23f703aa3bc9,2026-08-28T19:41:58Z,30000,29999,1,,,,,,,,,,,,,,,,,
campaign_e_in,in_n30000_rho1.0_independent-positive_seed4.pcf,dhpac,1,0,243059092,14756,14755,3061190200295928195,48564,23f703aa3bc9,2026-08-28T19:41:58Z,30000,29999,1,,,,,,,,,,,,,,,,,
campaign_e_in,in_n30000_rho1.0_independent-positive_seed4.pcf,dhpac,2,0,234672345,14756,14755,3061190200295928195,48724,23f703aa3bc9,2026-08-28T19:41:58Z,30000,29999,1,,,,,,,,,,,,,,,,,
campaign_e_in,in_n30000_rho1.0_independent-signed_seed0.pcf,dhpac,0,0,236630031,14869,14868,9994733390705116486,33776,23f703aa3bc9,2026-08-28T19:41:59Z,30000,29999,1,,,,,,,,,,,,,,,,,
campaign_e_in,in_n30000_rho1.0_independent-signed_seed0.pcf,dhpac,1,0,234952810,14869,14868,9994733390705116486,48104,23f703aa3bc9,2026-08-28T19:41:59Z,30000,29999,1,,,,,,,,,,,,,,,,,
campaign_e_in,in_n30000_rho1.0_independent-signed_seed0.pcf,dhpac,2,0,235509747,14869,14868,9994733390705116486,48128,23f703aa3bc9,2026-08-28T19:41:59Z,30000,29999,1,,,,,,,,,,,,,,,,,
campaign_e_in,in_n30000_rho1.0_independent-signed_seed1.pcf,dhpac,0,0,230882892,14986,14985,13202850641726808303,33824,23f703aa3bc9,2026-08-28T19:41:59Z,30000,29999,1,,,,,,,,,,,,,,,,,
campaign_e_in,in_n30000_rho1.0_independent-signed_seed1.pcf,dhpac,1,0,231233105,14986,14985,13202850641726808303,47648,23f703aa3bc9,2026-08-28T19:42:00Z,30000,29999,1,,,,,,,,,,,,,,,,,
campaign_e_in,in_n30000_rho1.0_independent-signed_seed1.pcf,dhpac,2,0,222914490,14986,14985,13202850641726808303,47808,23f703aa3bc9,2026-08-28T19:42:00Z,30000,29999,1,,,,,,,,,,,,,,,,,
campaign_e_in,in_n30000_rho1.0_independent-signed_seed2.pcf,dhpac,0,0,225865146,15139,15138,12805928269567452388,33808,23f703aa3bc9,2026-08-28T19:42:00Z,30000,29999,1,,,,,,,,,,,,,,,,,
campaign_e_in,in_n30000_rho1.0_independent-signed_seed2.pcf,dhpac,1,0,222853283,15139,15138,12805928269567452388,47348,23f703aa3bc9,2026-08-28T19:42:00Z,30000,29999,1,,,,,,,,,,,,,,,,,
campaign_e_in,in_n30000_rho1.0_independent-signed_seed2.pcf,dhpac,2,0,217440505,15139,15138,12805928269567452388,47508,23f703aa3bc9,2026-08-28T19:42:00Z,30000,29999,1,,,,,,,,,,,,,,,,,
campaign_e_in,in_n30000_rho1.0_independent-signed_seed3.pcf,dhpac,0,0,238504982,14919,14918,15677575463569224140,33964,23f703aa3bc9,2026-08-28T19:42:01Z,30000,29999,1,,,,,,,,,,,,,,,,,
campaign_e_in,in_n30000_rho1.0_independent-signed_seed3.pcf,dhpac,1,0,235102956,14919,14918,15677575463569224140,48276,23f703aa3bc9,2026-08-28T19:42:01Z,30000,29999,1,,,,,,,,,,,,,,,,,
campaign_e_in,in_n30000_rho1.0_independent-signed_seed3.pcf,dhpac,2,0,230045586,14919,14918,15677575463569224140,49076,23f703aa3bc9,2026-08-28T19:42:01Z,30000,29999,1,,,,,,,,,,,,,,,,,
campaign_e_in,in_n30000_rho1.0_independent-signed_seed4.pcf,dhpac,0,0,245524534,15068,15067,6086168935417912038,33764,23f703aa3bc9,2026-08-28T19:42:01Z,30000,29999,1,,,,,,,,,,,,,,,,,
campaign_e_in,in_n30000_rho1.0_independent-signed_seed4.pcf,dhpac,1,0,244394219,15068,15067,6086168935417912038,48940,23f703aa3bc9,2026-08-28T19:42:02Z,30000,29999,1,,,,,,,,,,,,,,,,,
campaign_e_in,in_n30000_rho1.0_independent-signed_seed4.pcf,dhpac,2,0,235549550,15068,15067,6086168935417912038,49100,23f703aa3bc9,2026-08-28T19:42:02Z,30000,29999,1,,,,,,,,,,,,,,,,,
campaign_e_in,in_n30000_rho1.0_near-ties_seed0.pcf,dhpac,0,0,217023958,1247,1246,14720403258149060580,33604,23f703aa3bc9,2026-08-28T19:42:02Z,30000,29999,1,,,,,,,,,,,,,,,,,
campaign_e_in,in_n30000_rho1.0_near-ties_seed0.pcf,dhpac,1,0,217517152,1247,1246,14720403258149060580,48648,23f703aa3bc9,2026-08-28T19:42:02Z,30000,29999,1,,,,,,,,,,,,,,,,,
campaign_e_in,in_n30000_rho1.0_near-ties_seed0.pcf,dhpac,2,0,216600127,1247,1246,14720403258149060580,48668,23f703aa3bc9,2026-08-28T19:42:03Z,30000,29999,1,,,,,,,,,,,,,,,,,
campaign_e_in,in_n30000_rho1.0_near-ties_seed1.pcf,dhpac,0,0,213989769,1232,1231,1709993387370089158,33820,23f703aa3bc9,2026-08-28T19:42:03Z,30000,29999,1,,,,,,,,,,,,,,,,,
campaign_e_in,in_n30000_rho1.0_near-ties_seed1.pcf,dhpac,1,0,213702969,1232,1231,1709993387370089158,47864,23f703aa3bc9,2026-08-28T19:42:03Z,30000,29999,1,,,,,,,,,,,,,,,,,
campaign_e_in,in_n30000_rho1.0_near-ties_seed1.pcf,dhpac,2,0,213675967,1232,1231,1709993387370089158,47872,23f703aa3bc9,2026-08-28T19:42:03Z,30000,29999,1,,,,,,,,,,,,,,,,,
campaign_e_in,in_n30000_rho1.0_near-ties_seed2.pcf,dhpac,0,0,225925517,1220,1219,11539334949905995749,33780,23f703aa3bc9,2026-08-28T19:42:03Z,30000,29999,1,,,,,,,,,,,,,,,,,
campaign_e_in,in_n30000_rho1.0_near-ties_seed2.pcf,dhpac,1,0,226727439,1220,1219,11539334949905995749,48984,23f703aa3bc9,2026-08-28T19:42:04Z,30000,29999,1,,,,,,,,,,,,,,,,,
campaign_e_in,in_n30000_rho1.0_near-ties_seed2.pcf,dhpac,2,0,224262273,1220,1219,11539334949905995749,48992,23f703aa3bc9,2026-08-28T19:42:04Z,30000,29999,1,,,,,,,,,,,,,,,,,
campaign_e_in,in_n30000_rho1.0_near-ties_seed3.pcf,dhpac,0,0,220016224,1245,1244,12339596917790072967,33776,23f703aa3bc9,2026-08-28T19:42:04Z,30000,29999,1,,,,,,,,,,,,,,,,,
campaign_e_in,in_n30000_rho1.0_near-ties_seed3.pcf,dhpac,1,0,222480422,1245,1244,12339596917790072967,48820,23f703aa3bc9,2026-08-28T19:42:04Z,30000,29999,1,,,,,,,,,,,,,,,,,
campaign_e_in,in_n30000_rho1.0_near-ties_seed3.pcf,dhpac,2,0,220800408,1245,1244,12339596917790072967,48828,23f703aa3bc9,2026-08-28T19:42:05Z,30000,29999,1,,,,,,,,,,,,,,,,,
campaign_e_in,in_n30000_rho1.0_near-ties_seed4.pcf,dhpac,0,0,233964850,1215,1214,4975333198874012791,33660,23f703aa3bc9,2026-08-28T19:42:05Z,30000,29999,1,,,,,,,,,,,,,,,,,
campaign_e_in,in_n30000_rho1.0_near-ties_seed4.pcf,dhpac,1,0,233206982,1215,1214,4975333198874012791,49624,23f703aa3bc9,2026-08-28T19:42:05Z,30000,29999,1,,,,,,,,,,,,,,,,,
campaign_e_in,in_n30000_rho1.0_near-ties_seed4.pcf,dhpac,2,0,233458514,1215,1214,4975333198874012791,49628,23f703aa3bc9,2026-08-28T19:42:05Z,30000,29999,1,,,,,,,,,,,,,,,,,
campaign_e_in,in_n300_rho0.6_anti-correlated_seed0.pcf,dhpac,0,0,216811,213,212,14779298756906413099,16320,23f703aa3bc9,2026-08-28T19:42:05Z,300,177,123,,,,,,,,,,,,,,,,,
campaign_e_in,in_n300_rho0.6_anti-correlated_seed0.pcf,dhpac,1,0,192799,213,212,14779298756906413099,16320,23f703aa3bc9,2026-08-28T19:42:05Z,300,177,123,,,,,,,,,,,,,,,,,
campaign_e_in,in_n300_rho0.6_anti-correlated_seed0.pcf,dhpac,2,0,179746,213,212,14779298756906413099,16320,23f703aa3bc9,2026-08-28T19:42:05Z,300,177,123,,,,,,,,,,,,,,,,,
campaign_e_in,in_n300_rho0.6_anti-correlated_seed1.pcf,dhpac,0,0,239717,205,204,16806209799940650725,16320,23f703aa3bc9,2026-08-28T19:42:05Z,300,180,120,,,,,,,,,,,,,,,,,
campaign_e_in,in_n300_rho0.6_anti-correlated_seed1.pcf,dhpac,1,0,203197,205,204,16806209799940650725,16320,23f703aa3bc9,2026-08-28T19:42:05Z,300,180,120,,,,,,,,,,,,,,,,,
campaign_e_in,in_n300_rho0.6_anti-correlated_seed1.pcf,dhpac,2,0,194485,205,204,16806209799940650725,16320,23f703aa3bc9,2026-08-28T19:42:05Z,300,180,120,,,,,,,,,,,,,,,,,
campaign_e_in,in_n300_rho0.6_anti-correlated_seed2.pcf,dhpac,0,0,233240,206,205,15136488082664454925,16320,23f703aa3bc9,2026-08-28T19:42:05Z,300,184,116,,,,,,,,,,,,,,,,,
campaign_e_in,in_n300_rho0.6_anti-correlated_seed2.pcf,dhpac,1,0,201416,206,205,15136488082664454925,16320,23f703aa3bc9,2026-08-28T19:42:05Z,300,184,116,,,,,,,,,,,,,,,,,
campaign_e_in,in_n300_rho0.6_anti-correlated_seed2.pcf,dhpac,2,0,191151,206,205,15136488082664454925,16320,23f703aa3bc9,2026-08-28T19:42:05Z,300,184,116,,,,,,,,,,,,,,,,,
campaign_e_in,in_n300_rho0.6_anti-correlated_seed3.pcf,dhpac,0,0,214980,227,226,11901441544429657220,16320,23f703aa3bc9,2026-08-28T19:42:05Z,300,173,127,,,,,,,,,,,,,,,,,
campaign_e_in,in_n300_rho0.6_anti-correlated_seed3.pcf,dhpac,1,0,181938,227,226,11901441544429657220,16320,23f703aa3bc9,2026-08-28T19:42:05Z,300,173,127,,,,,,,,,,,,,,,,,
campaign_e_in,in_n300_rho0.6_anti-correlated_seed3.pcf,dhpac,2,0,172134,227,226,11901441544429657220,16320,23f703aa3bc9,2026-08-28T19:42:05Z,300,173,127,,,,,,,,,,,,,,,,,
campaign_e_in,in_n300_rho0.6_anti-correlated_seed4.pcf,dhpac,0,0,209712,196,195,2930212514119766440,16320,23f703aa3bc9,2026-08-28T19:42:05Z,300,185,115,,,,,,,,,,,,,,,,,
campaign_e_in,in_n300_rho0.6_anti-correlated_seed4.pcf,dhpac,1,0,188270,196,195,2930212514119766440,16320,23f703aa3bc9,2026-08-28T19:42:05Z,300,185,115,,,,,,,,,,,,,,,,,
campaign_e_in,in_n300_rho0.6_anti-correlated_seed4.pcf,dhpac,2,0,172489,196,195,2930212514119766440,16320,23f703aa3bc9,2026-08-28T19:42:05Z,300,185,115,,,,,,,,,,,,,,,,,
campaign_e_in,in_n300_rho0.6_correlated_seed0.pcf,dhpac,0,0,210999,210,209,7328711017751837147,16320,23f703aa3bc9,2026-08-28T19:42:05Z,300,177,123,,,,,,,,,,,,,,,,,
campaign_e_in,in_n300_rho0.6_correlated_seed0.pcf,dhpac,1,0,187187,210,209,7328711017751837147,16320,23f703aa3bc9,2026-08-28T19:42:05Z,300,177,123,,,,,,,,,,,,,,,,,
campaign_e_in,in_n300_rho0.6_correlated_seed0.pcf,dhpac,2,0,170558,210,209,7328711017751837147,16320,23f703aa3bc9,2026-08-28T19:42:05Z,300,177,123,,,,,,,,,,,,,,,,,
campaign_e_in,in_n300_rho0.6_correlated_seed1.pcf,dhpac,0,0,290629,204,203,12445399448571704691,16320,23f703aa3bc9,2026-08-28T19:42:05Z,300,180,120,,,,,,,,,,,,,,,,,
campaign_e_in,in_n300_rho0.6_correlated_seed1.pcf,dhpac,1,0,190295,204,203,12445399448571704691,16320,23f703aa3bc9,2026-08-28T19:42:05Z,300,180,120,,,,,,,,,,,,,,,,,
campaign_e_in,in_n300_rho0.6_correlated_seed1.pcf,dhpac,2,0,181251,204,203,12445399448571704691,16320,23f703aa3bc9,2026-08-28T19:42:05Z,300,180,120,,,,,,,,,,,,,,,,,
campaign_e_in,in_n300_rho0.6_correlated_seed2.pcf,dhpac,0,0,229893,201,200,2588264902909097618,16320,23f703aa3bc9,2026-08-28T19:42:05Z,300,184,116,,,,,,,,,,,,,,,,,
campaign_e_in,in_n300_rho0.6_correlated_seed2.pcf,dhpac,1,0,195799,201,200,2588264902909097618,16320,23f703aa3bc9,2026-08-28T19:42:05Z,300,184,116,,,,,,,,,,,,,,,,,
campaign_e_in,in_n300_rho0.6_correlated_seed2.pcf,dhpac,2,0,184732,201,200,2588264902909097618,16320,23f703aa3bc9,2026-08-28T19:42:05Z,300,184,116,,,,,,,,,,,,,,,,,
campaign_e_in,in_n300_rho0.6_correlated_seed3.pcf,dhpac,0,0,210432,217,216,14181466309171881998,16320,23f703aa3bc9,2026-08-28T19:42:05Z,300,173,127,,,,,,,,,,,,,,,,,
campaign_e_in,in_n300_rho0.6_correlated_seed3.pcf,dhpac,1,0,176719,217,216,14181466309171881998,16320,23f703aa3bc9,2026-08-28T19:42:05Z,300,173,127,,,,,,,,,,,,,,,,,
campaign_e_in,in_n300_rho0.6_correlated_seed3.pcf,dhpac,2,0,168197,217,216,14181466309171881998,16320,23f703aa3bc9,2026-08-28T19:42:05Z,300,173,127,,,,,,,,,,,,,,,,,
campaign_e_in,in_n300_rho0.6_correlated_seed4.pcf,dhpac,0,0,204307,202,201,12327788230266705499,16320,23f703aa3bc9,2026-08-28T19:42:05Z,300,185,115,,,,,,,,,,,,,,,,,
campaign_e_in,in_n300_rho0.6_correlated_seed4.pcf,dhpac,1,0,178060,202,201,12327788230266705499,16320,23f703aa3bc9,2026-08-28T19:42:05Z,300,185,115,,,,,,,,,,,,,,,,,
campaign_e_in,in_n300_rho0.6_correlated_seed4.pcf,dhpac,2,0,166787,202,201,12327788230266705499,16320,23f703aa3bc9,2026-08-28T19:42:05Z,300,185,115,,,,,,,,,,,,,,,,,
campaign_e_in,in_n300_rho0.6_exact-ties_seed0.pcf,dhpac,0,0,172203,60,59,5618142743730443742,16480,23f703aa3bc9,2026-08-28T19:42:05Z,300,173,127,,,,,,,,,,,,,,,,,
campaign_e_in,in_n300_rho0.6_exact-ties_seed0.pcf,dhpac,1,0,245354,60,59,5618142743730443742,16480,23f703aa3bc9,2026-08-28T19:42:05Z,300,173,127,,,,,,,,,,,,,,,,,
campaign_e_in,in_n300_rho0.6_exact-ties_seed0.pcf,dhpac,2,0,139451,60,59,5618142743730443742,16480,23f703aa3bc9,2026-08-28T19:42:05Z,300,173,127,,,,,,,,,,,,,,,,,
campaign_e_in,in_n300_rho0.6_exact-ties_seed1.pcf,dhpac,0,0,210316,62,61,15693480180288111164,16480,23f703aa3bc9,2026-08-28T19:42:05Z,300,164,136,,,,,,,,,,,,,,,,,
campaign_e_in,in_n300_rho0.6_exact-ties_seed1.pcf,dhpac,1,0,178859,62,61,15693480180288111164,16480,23f703aa3bc9,2026-08-28T19:42:05Z,300,164,136,,,,,,,,,,,,,,,,,
campaign_e_in,in_n300_rho0.6_exact-ties_seed1.pcf,dhpac,2,0,169372,62,61,15693480180288111164,16480,23f703aa3bc9,2026-08-28T19:42:05Z,300,164,136,,,,,,,,,,,,,,,,,
campaign_e_in,in_n300_rho0.6_exact-ties_seed2.pcf,dhpac,0,0,195516,63,62,9859868798337279608,16480,23f703aa3bc9,2026-08-28T19:42:05Z,300,187,113,,,,,,,,,,,,,,,,,
campaign_e_in,in_n300_rho0.6_exact-ties_seed2.pcf,dhpac,1,0,171074,63,62,9859868798337279608,16480,23f703aa3bc9,2026-08-28T19:42:05Z,300,187,113,,,,,,,,,,,,,,,,,
campaign_e_in,in_n300_rho0.6_exact-ties_seed2.pcf,dhpac,2,0,162055,63,62,9859868798337279608,16480,23f703aa3bc9,2026-08-28T19:42:05Z,300,187,113,,,,,,,,,,,,,,,,,
campaign_e_in,in_n300_rho0.6_exact-ties_seed3.pcf,dhpac,0,0,246476,65,64,17931759201767507620,16480,23f703aa3bc9,2026-08-28T19:42:05Z,300,185,115,,,,,,,,,,,,,,,,,
campaign_e_in,in_n300_rho0.6_exact-ties_seed3.pcf,dhpac,1,0,164703,65,64,17931759201767507620,16480,23f703aa3bc9,2026-08-28T19:42:05Z,300,185,115,,,,,,,,,,,,,,,,,
campaign_e_in,in_n300_rho0.6_exact-ties_seed3.pcf,dhpac,2,0,155335,65,64,17931759201767507620,16480,23f703aa3bc9,2026-08-28T19:42:05Z,300,185,115,,,,,,,,,,,,,,,,,
campaign_e_in,in_n300_rho0.6_exact-ties_seed4.pcf,dhpac,0,0,199107,61,60,10553670305189035096,16480,23f703aa3bc9,2026-08-28T19:42:05Z,300,187,113,,,,,,,,,,,,,,,,,
campaign_e_in,in_n300_rho0.6_exact-ties_seed4.pcf,dhpac,1,0,171052,61,60,10553670305189035096,16480,23f703aa3bc9,2026-08-28T19:42:05Z,300,187,113,,,,,,,,,,,,,,,,,
campaign_e_in,in_n300_rho0.6_exact-ties_seed4.pcf,dhpac,2,0,161867,61,60,10553670305189035096,16480,23f703aa3bc9,2026-08-28T19:42:05Z,300,187,113,,,,,,,,,,,,,,,,,
campaign_e_in,in_n300_rho0.6_independent-positive_seed0.pcf,dhpac,0,0,187549,222,221,4608073028268299990,16480,23f703aa3bc9,2026-08-28T19:42:05Z,300,167,133,,,,,,,,,,,,,,,,,
campaign_e_in,in_n300_rho0.6_independent-positive_seed0.pcf,dhpac,1,0,158520,222,221,4608073028268299990,16480,23f703aa3bc9,2026-08-28T19:42:05Z,300,167,133,,,,,,,,,,,,,,,,,
campaign_e_in,in_n300_rho0.6_independent-positive_seed0.pcf,dhpac,2,0,148868,222,221,4608073028268299990,16480,23f703aa3bc9,2026-08-28T19:42:05Z,300,167,133,,,,,,,,,,,,,,,,,
campaign_e_in,in_n300_rho0.6_independent-positive_seed1.pcf,dhpac,0,0,293920,214,213,16717090203259778466,16480,23f703aa3bc9,2026-08-28T19:42:05Z,300,170,130,,,,,,,,,,,,,,,,,
campaign_e_in,in_n300_rho0.6_independent-positive_seed1.pcf,dhpac,1,0,200371,214,213,16717090203259778466,16480,23f703aa3bc9,2026-08-28T19:42:05Z,300,170,130,,,,,,,,,,,,,,,,,
campaign_e_in,in_n300_rho0.6_independent-positive_seed1.pcf,dhpac,2,0,191594,214,213,16717090203259778466,16480,23f703aa3bc9,2026-08-28T19:42:05Z,300,170,130,,,,,,,,,,,,,,,,,
campaign_e_in,in_n300_rho0.6_independent-positive_seed2.pcf,dhpac,0,0,250505,202,201,152489016850112008,16480,23f703aa3bc9,2026-08-28T19:42:05Z,300,188,112,,,,,,,,,,,,,,,,,
campaign_e_in,in_n300_rho0.6_independent-positive_seed2.pcf,dhpac,1,0,214864,202,201,152489016850112008,16480,23f703aa3bc9,2026-08-28T19:42:05Z,300,188,112,,,,,,,,,,,,,,,,,
campaign_e_in,in_n300_rho0.6_independent-positive_seed2.pcf,dhpac,2,0,214865,202,201,152489016850112008,16480,23f703aa3bc9,2026-08-28T19:42:05Z,300,188,112,,,,,,,,,,,,,,,,,
campaign_e_in,in_n300_rho0.6_independent-positive_seed3.pcf,dhpac,0,0,220880,213,212,7675866834111576195,16480,23f703aa3bc9,2026-08-28T19:42:05Z,300,178,122,,,,,,,,,,,,,,,,,
campaign_e_in,in_n300_rho0.6_independent-positive_seed3.pcf,dhpac,1,0,193730,213,212,7675866834111576195,16480,23f703aa3bc9,2026-08-28T19:42:05Z,300,178,122,,,,,,,,,,,,,,,,,
campaign_e_in,in_n300_rho0.6_independent-positive_seed3.pcf,dhpac,2,0,183025,213,212,7675866834111576195,16480,23f703aa3bc9,2026-08-28T19:42:05Z,300,178,122,,,,,,,,,,,,,,,,,
campaign_e_in,in_n300_rho0.6_independent-positive_seed4.pcf,dhpac,0,0,228444,205,204,16591410196503545997,16480,23f703aa3bc9,2026-08-28T19:42:05Z,300,181,119,,,,,,,,,,,,,,,,,
campaign_e_in,in_n300_rho0.6_independent-positive_seed4.pcf,dhpac,1,0,192557,205,204,16591410196503545997,16480,23f703aa3bc9,2026-08-28T19:42:05Z,300,181,119,,,,,,,,,,,,,,,,,
campaign_e_in,in_n300_rho0.6_independent-positive_seed4.pcf,dhpac,2,0,186762,205,204,16591410196503545997,16480,23f703aa3bc9,2026-08-28T19:42:05Z,300,181,119,,,,,,,,,,,,,,,,,
campaign_e_in,in_n300_rho0.6_independent-signed_seed0.pcf,dhpac,0,0,191039,223,222,223045450751816528,16480,23f703aa3bc9,2026-08-28T19:42:05Z,300,167,133,,,,,,,,,,,,,,,,,
campaign_e_in,in_n300_rho0.6_independent-signed_seed0.pcf,dhpac,1,0,157671,223,222,223045450751816528,16480,23f703aa3bc9,2026-08-28T19:42:05Z,300,167,133,,,,,,,,,,,,,,,,,
campaign_e_in,in_n300_rho0.6_independent-signed_seed0.pcf,dhpac,2,0,149777,223,222,223045450751816528,16480,23f703aa3bc9,2026-08-28T19:42:05Z,300,167,133,,,,,,,,,,,,,,,,,
campaign_e_in,in_n300_rho0.6_independent-signed_seed1.pcf,dhpac,0,0,231921,215,214,14890039225442725793,16480,23f703aa3bc9,2026-08-28T19:42:05Z,300,170,130,,,,,,,,,,,,,,,,,
campaign_e_in,in_n300_rho0.6_independent-signed_seed1.pcf,dhpac,1,0,197648,215,214,14890039225442725793,16480,23f703aa3bc9,2026-08-28T19:42:05Z,300,170,130,,,,,,,,,,,,,,,,,
campaign_e_in,in_n300_rho0.6_independent-signed_seed1.pcf,dhpac,2,0,191634,215,214,14890039225442725793,16480,23f703aa3bc9,2026-08-28T19:42:05Z,300,170,130,,,,,,,,,,,,,,,,,
campaign_e_in,in_n300_rho0.6_independent-signed_seed2.pcf,dhpac,0,0,242591,209,208,12779111386526942094,16480,23f703aa3bc9,2026-08-28T19:42:05Z,300,188,112,,,,,,,,,,,,,,,,,
campaign_e_in,in_n300_rho0.6_independent-signed_seed2.pcf,dhpac,1,0,211602,209,208,12779111386526942094,16480,23f703aa3bc9,2026-08-28T19:42:05Z,300,188,112,,,,,,,,,,,,,,,,,
campaign_e_in,in_n300_rho0.6_independent-signed_seed2.pcf,dhpac,2,0,197767,209,208,12779111386526942094,16480,23f703aa3bc9,2026-08-28T19:42:05Z,300,188,112,,,,,,,,,,,,,,,,,
campaign_e_in,in_n300_rho0.6_independent-signed_seed3.pcf,dhpac,0,0,281390,207,206,3638715604635092710,16480,23f703aa3bc9,2026-08-28T19:42:05Z,300,178,122,,,,,,,,,,,,,,,,,
campaign_e_in,in_n300_rho0.6_independent-signed_seed3.pcf,dhpac,1,0,189348,207,206,3638715604635092710,16480,23f703aa3bc9,2026-08-28T19:42:05Z,300,178,122,,,,,,,,,,,,,,,,,
campaign_e_in,in_n300_rho0.6_independent-signed_seed3.pcf,dhpac,2,0,181944,207,206,3638715604635092710,16480,23f703aa3bc9,2026-08-28T19:42:05Z,300,178,122,,,,,,,,,,,,,,,,,
campaign_e_in,in_n300_rho0.6_independent-signed_seed4.pcf,dhpac,0,0,223270,210,209,4243985441352706467,16480,23f703aa3bc9,2026-08-28T19:42:05Z,300,181,119,,,,,,,,,,,,,,,,,
campaign_e_in,in_n300_rho0.6_independent-signed_seed4.pcf,dhpac,1,0,191860,210,209,4243985441352706467,16480,23f703aa3bc9,2026-08-28T19:42:05Z,300,181,119,,,,,,,,,,,,,,,,,
campaign_e_in,in_n300_rho0.6_independent-signed_seed4.pcf,dhpac,2,0,183860,210,209,4243985441352706467,16480,23f703aa3bc9,2026-08-28T19:42:05Z,300,181,119,,,,,,,,,,,,,,,,,
campaign_e_in,in_n300_rho0.6_near-ties_seed0.pcf,dhpac,0,0,204395,125,124,7059614970086320594,16480,23f703aa3bc9,2026-08-28T19:42:05Z,300,175,125,,,,,,,,,,,,,,,,,
campaign_e_in,in_n300_rho0.6_near-ties_seed0.pcf,dhpac,1,0,176636,125,124,7059614970086320594,16480,23f703aa3bc9,2026-08-28T19:42:05Z,300,175,125,,,,,,,,,,,,,,,,,
campaign_e_in,in_n300_rho0.6_near-ties_seed0.pcf,dhpac,2,0,165145,125,124,7059614970086320594,16480,23f703aa3bc9,2026-08-28T19:42:05Z,300,175,125,,,,,,,,,,,,,,,,,
campaign_e_in,in_n300_rho0.6_near-ties_seed1.pcf,dhpac,0,0,218964,132,131,434426442240518673,16480,23f703aa3bc9,2026-08-28T19:42:05Z,300,170,130,,,,,,,,,,,,,,,,,
campaign_e_in,in_n300_rho0.6_near-ties_seed1.pcf,dhpac,1,0,183402,132,131,434426442240518673,16480,23f703aa3bc9,2026-08-28T19:42:05Z,300,170,130,,,,,,,,,,,,,,,,,
campaign_e_in,in_n300_rho0.6_near-ties_seed1.pcf,dhpac,2,0,172633,132,131,434426442240518673,16480,23f703aa3bc9,2026-08-28T19:42:05Z,300,170,130,,,,,,,,,,,,,,,,,
campaign_e_in,in_n300_rho0.6_near-ties_seed2.pcf,dhpac,0,0,216356,133,132,17517367307934673364,16480,23f703aa3bc9,2026-08-28T19:42:05Z,300,175,125,,,,,,,,,,,,,,,,,
campaign_e_in,in_n300_rho0.6_near-ties_seed2.pcf,dhpac,1,0,185666,133,132,17517367307934673364,16480,23f703aa3bc9,2026-08-28T19:42:05Z,300,175,125,,,,,,,,,,,,,,,,,
campaign_e_in,in_n300_rho0.6_near-ties_seed2.pcf,dhpac,2,0,174270,133,132,17517367307934673364,16480,23f703aa3bc9,2026-08-28T19:42:05Z,300,175,125,,,,,,,,,,,,,,,,,
campaign_e_in,in_n300_rho0.6_near-ties_seed3.pcf,dhpac,0,0,277535,124,123,14966373493536591956,16480,23f703aa3bc9,2026-08-28T19:42:05Z,300,180,120,,,,,,,,,,,,,,,,,
campaign_e_in,in_n300_rho0.6_near-ties_seed3.pcf,dhpac,1,0,188413,124,123,14966373493536591956,16480,23f703aa3bc9,2026-08-28T19:42:05Z,300,180,120,,,,,,,,,,,,,,,,,
campaign_e_in,in_n300_rho0.6_near-ties_seed3.pcf,dhpac,2,0,182483,124,123,14966373493536591956,16480,23f703aa3bc9,2026-08-28T19:42:05Z,300,180,120,,,,,,,,,,,,,,,,,
campaign_e_in,in_n300_rho0.6_near-ties_seed4.pcf,dhpac,0,0,192390,109,108,18359669930357411149,16640,23f703aa3bc9,2026-08-28T19:42:05Z,300,188,112,,,,,,,,,,,,,,,,,
campaign_e_in,in_n300_rho0.6_near-ties_seed4.pcf,dhpac,1,0,168988,109,108,18359669930357411149,16640,23f703aa3bc9,2026-08-28T19:42:05Z,300,188,112,,,,,,,,,,,,,,,,,
campaign_e_in,in_n300_rho0.6_near-ties_seed4.pcf,dhpac,2,0,161374,109,108,18359669930357411149,16640,23f703aa3bc9,2026-08-28T19:42:05Z,300,188,112,,,,,,,,,,,,,,,,,
campaign_e_in,in_n300_rho1.0_anti-correlated_seed0.pcf,dhpac,0,0,692733,157,156,7806206535087246243,16640,23f703aa3bc9,2026-08-28T19:42:05Z,300,299,1,,,,,,,,,,,,,,,,,
campaign_e_in,in_n300_rho1.0_anti-correlated_seed0.pcf,dhpac,1,0,646059,157,156,7806206535087246243,16640,23f703aa3bc9,2026-08-28T19:42:05Z,300,299,1,,,,,,,,,,,,,,,,,
campaign_e_in,in_n300_rho1.0_anti-correlated_seed0.pcf,dhpac,2,0,643791,157,156,7806206535087246243,16640,23f703aa3bc9,2026-08-28T19:42:05Z,300,299,1,,,,,,,,,,,,,,,,,
campaign_e_in,in_n300_rho1.0_anti-correlated_seed1.pcf,dhpac,0,0,635768,149,148,3599192831703918098,16640,23f703aa3bc9,2026-08-28T19:42:05Z,300,299,1,,,,,,,,,,,,,,,,,
campaign_e_in,in_n300_rho1.0_anti-correlated_seed1.pcf,dhpac,1,0,588483,149,148,3599192831703918098,16640,23f703aa3bc9,2026-08-28T19:42:05Z,300,299,1,,,,,,,,,,,,,,,,,
campaign_e_in,in_n300_rho1.0_anti-correlated_seed1.pcf,dhpac,2,0,582389,149,148,3599192831703918098,16640,23f703aa3bc9,2026-08-28T19:42:05Z,300,299,1,,,,,,,,,,,,,,,,,
campaign_e_in,in_n300_rho1.0_anti-correlated_seed2.pcf,dhpac,0,0,691729,153,152,2520714067986307682,16640,23f703aa3bc9,2026-08-28T19:42:05Z,300,299,1,,,,,,,,,,,,,,,,,
campaign_e_in,in_n300_rho1.0_anti-correlated_seed2.pcf,dhpac,1,0,651383,153,152,2520714067986307682,16640,23f703aa3bc9,2026-08-28T19:42:05Z,300,299,1,,,,,,,,,,,,,,,,,
campaign_e_in,in_n300_rho1.0_anti-correlated_seed2.pcf,dhpac,2,0,631589,153,152,2520714067986307682,16640,23f703aa3bc9,2026-08-28T19:42:05Z,300,299,1,,,,,,,,,,,,,,,,,
campaign_e_in,in_n300_rho1.0_anti-correlated_seed3.pcf,dhpac,0,0,666198,154,153,15149646257852985376,16640,23f703aa3bc9,2026-08-28T19:42:05Z,300,299,1,,,,,,,,,,,,,,,,,
campaign_e_in,in_n300_rho1.0_anti-correlated_seed3.pcf,dhpac,1,0,649530,154,153,15149646257852985376,16640,23f703aa3bc9,2026-08-28T19:42:05Z,300,299,1,,,,,,,,,,,,,,,,,
campaign_e_in,in_n300_rho1.0_anti-correlated_seed3.pcf,dhpac,2,0,667090,154,153,15149646257852985376,16640,23f703aa3bc9,2026-08-28T19:42:05Z,300,299,1,,,,,,,,,,,,,,,,,
campaign_e_in,in_n300_rho1.0_anti-correlated_seed4.pcf,dhpac,0,0,729706,147,146,10354076482421282739,16640,23f703aa3bc9,2026-08-28T19:42:05Z,300,299,1,,,,,,,,,,,,,,,,,
campaign_e_in,in_n300_rho1.0_anti-correlated_seed4.pcf,dhpac,1,0,743823,147,146,10354076482421282739,16640,23f703aa3bc9,2026-08-28T19:42:05Z,300,299,1,,,,,,,,,,,,,,,,,
campaign_e_in,in_n300_rho1.0_anti-correlated_seed4.pcf,dhpac,2,0,676186,147,146,10354076482421282739,16640,23f703aa3bc9,2026-08-28T19:42:05Z,300,299,1,,,,,,,,,,,,,,,,,
campaign_e_in,in_n300_rho1.0_correlated_seed0.pcf,dhpac,0,0,741359,153,152,16243750391197062064,16640,23f703aa3bc9,2026-08-28T19:42:05Z,300,299,1,,,,,,,,,,,,,,,,,
campaign_e_in,in_n300_rho1.0_correlated_seed0.pcf,dhpac,1,0,648273,153,152,16243750391197062064,16640,23f703aa3bc9,2026-08-28T19:42:05Z,300,299,1,,,,,,,,,,,,,,,,,
campaign_e_in,in_n300_rho1.0_correlated_seed0.pcf,dhpac,2,0,645078,153,152,16243750391197062064,16640,23f703aa3bc9,2026-08-28T19:42:05Z,300,299,1,,,,,,,,,,,,,,,,,
campaign_e_in,in_n300_rho1.0_correlated_seed1.pcf,dhpac,0,0,683234,140,139,16191436911137175557,16640,23f703aa3bc9,2026-08-28T19:42:05Z,300,299,1,,,,,,,,,,,,,,,,,
campaign_e_in,in_n300_rho1.0_correlated_seed1.pcf,dhpac,1,0,576890,140,139,16191436911137175557,16640,23f703aa3bc9,2026-08-28T19:42:05Z,300,299,1,,,,,,,,,,,,,,,,,
campaign_e_in,in_n300_rho1.0_correlated_seed1.pcf,dhpac,2,0,560302,140,139,16191436911137175557,16640,23f703aa3bc9,2026-08-28T19:42:05Z,300,299,1,,,,,,,,,,,,,,,,,
campaign_e_in,in_n300_rho1.0_correlated_seed2.pcf,dhpac,0,0,673352,158,157,13889734388812117491,16640,23f703aa3bc9,2026-08-28T19:42:05Z,300,299,1,,,,,,,,,,,,,,,,,
campaign_e_in,in_n300_rho1.0_correlated_seed2.pcf,dhpac,1,0,628432,158,157,13889734388812117491,16640,23f703aa3bc9,2026-08-28T19:42:05Z,300,299,1,,,,,,,,,,,,,,,,,
campaign_e_in,in_n300_rho1.0_correlated_seed2.pcf,dhpac,2,0,617882,158,157,13889734388812117491,16640,23f703aa3bc9,2026-08-28T19:42:05Z,300,299,1,,,,,,,,,,,,,,,,,
campaign_e_in,in_n300_rho1.0_correlated_seed3.pcf,dhpac,0,0,685632,168,167,12188472531729483975,16640,23f703aa3bc9,2026-08-28T19:42:05Z,300,299,1,,,,,,,,,,,,,,,,,
campaign_e_in,in_n300_rho1.0_correlated_seed3.pcf,dhpac,1,0,645550,168,167,12188472531729483975,16640,23f703aa3bc9,2026-08-28T19:42:05Z,300,299,1,,,,,,,,,,,,,,,,,
campaign_e_in,in_n300_rho1.0_correlated_seed3.pcf,dhpac,2,0,640054,168,167,12188472531729483975,16640,23f703aa3bc9,2026-08-28T19:42:05Z,300,299,1,,,,,,,,,,,,,,,,,
campaign_e_in,in_n300_rho1.0_correlated_seed4.pcf,dhpac,0,0,728685,157,156,9164809383851778589,16640,23f703aa3bc9,2026-08-28T19:42:05Z,300,299,1,,,,,,,,,,,,,,,,,
campaign_e_in,in_n300_rho1.0_correlated_seed4.pcf,dhpac,1,0,683379,157,156,9164809383851778589,16640,23f703aa3bc9,2026-08-28T19:42:05Z,300,299,1,,,,,,,,,,,,,,,,,
campaign_e_in,in_n300_rho1.0_correlated_seed4.pcf,dhpac,2,0,677073,157,156,9164809383851778589,16640,23f703aa3bc9,2026-08-28T19:42:05Z,300,299,1,,,,,,,,,,,,,,,,,
campaign_e_in,in_n300_rho1.0_exact-ties_seed0.pcf,dhpac,0,0,672220,63,62,12872347234470398801,16640,23f703aa3bc9,2026-08-28T19:42:05Z,300,299,1,,,,,,,,,,,,,,,,,
campaign_e_in,in_n300_rho1.0_exact-ties_seed0.pcf,dhpac,1,0,714653,63,62,12872347234470398801,16640,23f703aa3bc9,2026-08-28T19:42:05Z,300,299,1,,,,,,,,,,,,,,,,,
campaign_e_in,in_n300_rho1.0_exact-ties_seed0.pcf,dhpac,2,0,625587,63,62,12872347234470398801,16640,23f703aa3bc9,2026-08-28T19:42:05Z,300,299,1,,,,,,,,,,,,,,,,,
campaign_e_in,in_n300_rho1.0_exact-ties_seed1.pcf,dhpac,0,0,772310,62,61,480649593852736111,16640,23f703aa3bc9,2026-08-28T19:42:05Z,300,299,1,,,,,,,,,,,,,,,,,
campaign_e_in,in_n300_rho1.0_exact-ties_seed1.pcf,dhpac,1,0,631271,62,61,480649593852736111,16640,23f703aa3bc9,2026-08-28T19:42:05Z,300,299,1,,,,,,,,,,,,,,,,,
campaign_e_in,in_n300_rho1.0_exact-ties_seed1.pcf,dhpac,2,0,624308,62,61,480649593852736111,16640,23f703aa3bc9,2026-08-28T19:42:05Z,300,299,1,,,,,,,,,,,,,,,,,
campaign_e_in,in_n300_rho1.0_exact-ties_seed2.pcf,dhpac,0,0,568774,66,65,7386990679217503737,16640,23f703aa3bc9,2026-08-28T19:42:05Z,300,299,1,,,,,,,,,,,,,,,,,
campaign_e_in,in_n300_rho1.0_exact-ties_seed2.pcf,dhpac,1,0,522782,66,65,7386990679217503737,16640,23f703aa3bc9,2026-08-28T19:42:05Z,300,299,1,,,,,,,,,,,,,,,,,
campaign_e_in,in_n300_rho1.0_exact-ties_seed2.pcf,dhpac,2,0,529159,66,65,7386990679217503737,16640,23f703aa3bc9,2026-08-28T19:42:05Z,300,299,1,,,,,,,,,,,,,,,,,
campaign_e_in,in_n300_rho1.0_exact-ties_seed3.pcf,dhpac,0,0,614105,65,64,12028776539166949844,16640,23f703aa3bc9,2026-08-28T19:42:05Z,300,299,1,,,,,,,,,,,,,,,,,
campaign_e_in,in_n300_rho1.0_exact-ties_seed3.pcf,dhpac,1,0,573725,65,64,12028776539166949844,16640,23f703aa3bc9,2026-08-28T19:42:05Z,300,299,1,,,,,,,,,,,,,,,,,
campaign_e_in,in_n300_rho1.0_exact-ties_seed3.pcf,dhpac,2,0,578090,65,64,12028776539166949844,16640,23f703aa3bc9,2026-08-28T19:42:05Z,300,299,1,,,,,,,,,,,,,,,,,
campaign_e_in,in_n300_rho1.0_exact-ties_seed4.pcf,dhpac,0,0,704687,65,64,6319640597458333426,16640,23f703aa3bc9,2026-08-28T19:42:05Z,300,299,1,,,,,,,,,,,,,,,,,
campaign_e_in,in_n300_rho1.0_exact-ties_seed4.pcf,dhpac,1,0,666089,65,64,6319640597458333426,16640,23f703aa3bc9,2026-08-28T19:42:05Z,300,299,1,,,,,,,,,,,,,,,,,
campaign_e_in,in_n300_rho1.0_exact-ties_seed4.pcf,dhpac,2,0,661342,65,64,6319640597458333426,16640,23f703aa3bc9,2026-08-28T19:42:05Z,300,299,1,,,,,,,,,,,,,,,,,
campaign_e_in,in_n300_rho1.0_independent-positive_seed0.pcf,dhpac,0,0,635621,151,150,3465989441625904909,16640,23f703aa3bc9,2026-08-28T19:42:05Z,300,299,1,,,,,,,,,,,,,,,,,
campaign_e_in,in_n300_rho1.0_independent-positive_seed0.pcf,dhpac,1,0,659441,151,150,3465989441625904909,16640,23f703aa3bc9,2026-08-28T19:42:05Z,300,299,1,,,,,,,,,,,,,,,,,
campaign_e_in,in_n300_rho1.0_independent-positive_seed0.pcf,dhpac,2,0,580039,151,150,3465989441625904909,16640,23f703aa3bc9,2026-08-28T19:42:05Z,300,299,1,,,,,,,,,,,,,,,,,
campaign_e_in,in_n300_rho1.0_independent-positive_seed1.pcf,dhpac,0,0,757513,156,155,4038413306892536673,16640,23f703aa3bc9,2026-08-28T19:42:05Z,300,299,1,,,,,,,,,,,,,,,,,
campaign_e_in,in_n300_rho1.0_independent-positive_seed1.pcf,dhpac,1,0,640419,156,155,4038413306892536673,16640,23f703aa3bc9,2026-08-28T19:42:05Z,300,299,1,,,,,,,,,,,,,,,,,
campaign_e_in,in_n300_rho1.0_independent-positive_seed1.pcf,dhpac,2,0,648058,156,155,4038413306892536673,16640,23f703aa3bc9,2026-08-28T19:42:05Z,300,299,1,,,,,,,,,,,,,,,,,
campaign_e_in,in_n300_rho1.0_independent-positive_seed2.pcf,dhpac,0,0,702009,149,148,7180515595054012065,16640,23f703aa3bc9,2026-08-28T19:42:05Z,300,299,1,,,,,,,,,,,,,,,,,
campaign_e_in,in_n300_rho1.0_independent-positive_seed2.pcf,dhpac,1,0,657157,149,148,7180515595054012065,16640,23f703aa3bc9,2026-08-28T19:42:05Z,300,299,1,,,,,,,,,,,,,,,,,
campaign_e_in,in_n300_rho1.0_independent-positive_seed2.pcf,dhpac,2,0,650710,149,148,7180515595054012065,16640,23f703aa3bc9,2026-08-28T19:42:05Z,300,299,1,,,,,,,,,,,,,,,,,
campaign_e_in,in_n300_rho1.0_independent-positive_seed3.pcf,dhpac,0,0,739830,157,156,1453849228648765660,16640,23f703aa3bc9,2026-08-28T19:42:05Z,300,299,1,,,,,,,,,,,,,,,,,
campaign_e_in,in_n300_rho1.0_independent-positive_seed3.pcf,dhpac,1,0,688019,157,156,1453849228648765660,16640,23f703aa3bc9,2026-08-28T19:42:05Z,300,299,1,,,,,,,,,,,,,,,,,
campaign_e_in,in_n300_rho1.0_independent-positive_seed3.pcf,dhpac,2,0,685014,157,156,1453849228648765660,16640,23f703aa3bc9,2026-08-28T19:42:05Z,300,299,1,,,,,,,,,,,,,,,,,
campaign_e_in,in_n300_rho1.0_independent-positive_seed4.pcf,dhpac,0,0,630546,149,148,3539492811076193062,16800,23f703aa3bc9,2026-08-28T19:42:05Z,300,299,1,,,,,,,,,,,,,,,,,
campaign_e_in,in_n300_rho1.0_independent-positive_seed4.pcf,dhpac,1,0,598826,149,148,3539492811076193062,16800,23f703aa3bc9,2026-08-28T19:42:05Z,300,299,1,,,,,,,,,,,,,,,,,
campaign_e_in,in_n300_rho1.0_independent-positive_seed4.pcf,dhpac,2,0,593494,149,148,3539492811076193062,16800,23f703aa3bc9,2026-08-28T19:42:05Z,300,299,1,,,,,,,,,,,,,,,,,
campaign_e_in,in_n300_rho1.0_independent-signed_seed0.pcf,dhpac,0,0,617356,147,146,10708146636405870259,16800,23f703aa3bc9,2026-08-28T19:42:05Z,300,299,1,,,,,,,,,,,,,,,,,
campaign_e_in,in_n300_rho1.0_independent-signed_seed0.pcf,dhpac,1,0,569568,147,146,10708146636405870259,16800,23f703aa3bc9,2026-08-28T19:42:05Z,300,299,1,,,,,,,,,,,,,,,,,
campaign_e_in,in_n300_rho1.0_independent-signed_seed0.pcf,dhpac,2,0,567965,147,146,10708146636405870259,16800,23f703aa3bc9,2026-08-28T19:42:05Z,300,299,1,,,,,,,,,,,,,,,,,
campaign_e_in,in_n300_rho1.0_independent-signed_seed1.pcf,dhpac,0,0,682118,150,149,6091928276571999621,16800,23f703aa3bc9,2026-08-28T19:42:05Z,300,299,1,,,,,,,,,,,,,,,,,
campaign_e_in,in_n300_rho1.0_independent-signed_seed1.pcf,dhpac,1,0,643053,150,149,6091928276571999621,16800,23f703aa3bc9,2026-08-28T19:42:05Z,300,299,1,,,,,,,,,,,,,,,,,
campaign_e_in,in_n300_rho1.0_independent-signed_seed1.pcf,dhpac,2,0,695317,150,149,6091928276571999621,16800,23f703aa3bc9,2026-08-28T19:42:05Z,300,299,1,,,,,,,,,,,,,,,,,
campaign_e_in,in_n300_rho1.0_independent-signed_seed2.pcf,dhpac,0,0,741587,161,160,17863849961317144442,16800,23f703aa3bc9,2026-08-28T19:42:05Z,300,299,1,,,,,,,,,,,,,,,,,
campaign_e_in,in_n300_rho1.0_independent-signed_seed2.pcf,dhpac,1,0,765127,161,160,17863849961317144442,16800,23f703aa3bc9,2026-08-28T19:42:05Z,300,299,1,,,,,,,,,,,,,,,,,
campaign_e_in,in_n300_rho1.0_independent-signed_seed2.pcf,dhpac,2,0,700556,161,160,17863849961317144442,16800,23f703aa3bc9,2026-08-28T19:42:05Z,300,299,1,,,,,,,,,,,,,,,,,
campaign_e_in,in_n300_rho1.0_independent-signed_seed3.pcf,dhpac,0,0,808144,156,155,13980064713832341190,16800,23f703aa3bc9,2026-08-28T19:42:05Z,300,299,1,,,,,,,,,,,,,,,,,
campaign_e_in,in_n300_rho1.0_independent-signed_seed3.pcf,dhpac,1,0,683419,156,155,13980064713832341190,16800,23f703aa3bc9,2026-08-28T19:42:05Z,300,299,1,,,,,,,,,,,,,,,,,
campaign_e_in,in_n300_rho1.0_independent-signed_seed3.pcf,dhpac,2,0,682448,156,155,13980064713832341190,16800,23f703aa3bc9,2026-08-28T19:42:05Z,300,299,1,,,,,,,,,,,,,,,,,
campaign_e_in,in_n300_rho1.0_independent-signed_seed4.pcf,dhpac,0,0,633568,153,152,8694647336298980515,16800,23f703aa3bc9,2026-08-28T19:42:05Z,300,299,1,,,,,,,,,,,,,,,,,
campaign_e_in,in_n300_rho1.0_independent-signed_seed4.pcf,dhpac,1,0,588068,153,152,8694647336298980515,16800,23f703aa3bc9,2026-08-28T19:42:05Z,300,299,1,,,,,,,,,,,,,,,,,
campaign_e_in,in_n300_rho1.0_independent-signed_seed4.pcf,dhpac,2,0,587518,153,152,8694647336298980515,16800,23f703aa3bc9,2026-08-28T19:42:05Z,300,299,1,,,,,,,,,,,,,,,,,
campaign_e_in,in_n300_rho1.0_near-ties_seed0.pcf,dhpac,0,0,671891,102,101,11378100689406234835,16800,23f703aa3bc9,2026-08-28T19:42:05Z,300,299,1,,,,,,,,,,,,,,,,,
campaign_e_in,in_n300_rho1.0_near-ties_seed0.pcf,dhpac,1,0,637223,102,101,11378100689406234835,16800,23f703aa3bc9,2026-08-28T19:42:05Z,300,299,1,,,,,,,,,,,,,,,,,
campaign_e_in,in_n300_rho1.0_near-ties_seed0.pcf,dhpac,2,0,626075,102,101,11378100689406234835,16800,23f703aa3bc9,2026-08-28T19:42:05Z,300,299,1,,,,,,,,,,,,,,,,,
campaign_e_in,in_n300_rho1.0_near-ties_seed1.pcf,dhpac,0,0,673302,103,102,12134705460861799884,16800,23f703aa3bc9,2026-08-28T19:42:05Z,300,299,1,,,,,,,,,,,,,,,,,
campaign_e_in,in_n300_rho1.0_near-ties_seed1.pcf,dhpac,1,0,636286,103,102,12134705460861799884,16800,23f703aa3bc9,2026-08-28T19:42:05Z,300,299,1,,,,,,,,,,,,,,,,,
campaign_e_in,in_n300_rho1.0_near-ties_seed1.pcf,dhpac,2,0,630462,103,102,12134705460861799884,16800,23f703aa3bc9,2026-08-28T19:42:05Z,300,299,1,,,,,,,,,,,,,,,,,
campaign_e_in,in_n300_rho1.0_near-ties_seed2.pcf,dhpac,0,0,637884,100,99,11453023798254245306,16800,23f703aa3bc9,2026-08-28T19:42:06Z,300,299,1,,,,,,,,,,,,,,,,,
campaign_e_in,in_n300_rho1.0_near-ties_seed2.pcf,dhpac,1,0,675551,100,99,11453023798254245306,16800,23f703aa3bc9,2026-08-28T19:42:06Z,300,299,1,,,,,,,,,,,,,,,,,
campaign_e_in,in_n300_rho1.0_near-ties_seed2.pcf,dhpac,2,0,592457,100,99,11453023798254245306,16800,23f703aa3bc9,2026-08-28T19:42:06Z,300,299,1,,,,,,,,,,,,,,,,,
campaign_e_in,in_n300_rho1.0_near-ties_seed3.pcf,dhpac,0,0,834310,102,101,137682257765084529,16800,23f703aa3bc9,2026-08-28T19:42:06Z,300,299,1,,,,,,,,,,,,,,,,,
campaign_e_in,in_n300_rho1.0_near-ties_seed3.pcf,dhpac,1,0,674482,102,101,137682257765084529,16800,23f703aa3bc9,2026-08-28T19:42:06Z,300,299,1,,,,,,,,,,,,,,,,,
campaign_e_in,in_n300_rho1.0_near-ties_seed3.pcf,dhpac,2,0,669782,102,101,137682257765084529,16800,23f703aa3bc9,2026-08-28T19:42:06Z,300,299,1,,,,,,,,,,,,,,,,,
campaign_e_in,in_n300_rho1.0_near-ties_seed4.pcf,dhpac,0,0,666862,98,97,9114729650818499981,16800,23f703aa3bc9,2026-08-28T19:42:06Z,300,299,1,,,,,,,,,,,,,,,,,
campaign_e_in,in_n300_rho1.0_near-ties_seed4.pcf,dhpac,1,0,624633,98,97,9114729650818499981,16800,23f703aa3bc9,2026-08-28T19:42:06Z,300,299,1,,,,,,,,,,,,,,,,,
campaign_e_in,in_n300_rho1.0_near-ties_seed4.pcf,dhpac,2,0,617902,98,97,9114729650818499981,16800,23f703aa3bc9,2026-08-28T19:42:06Z,300,299,1,,,,,,,,,,,,,,,,,
campaign_e_in,in_n40000_rho0.6_anti-correlated_seed0.pcf,dhpac,0,0,42107081,25192,25191,16740114793366143982,17208,23f703aa3bc9,2026-08-28T19:42:06Z,40000,23948,16052,,,,,,,,,,,,,,,,,
campaign_e_in,in_n40000_rho0.6_anti-correlated_seed0.pcf,dhpac,1,0,40034590,25192,25191,16740114793366143982,18184,23f703aa3bc9,2026-08-28T19:42:06Z,40000,23948,16052,,,,,,,,,,,,,,,,,
campaign_e_in,in_n40000_rho0.6_anti-correlated_seed0.pcf,dhpac,2,0,40677054,25192,25191,16740114793366143982,18184,23f703aa3bc9,2026-08-28T19:42:06Z,40000,23948,16052,,,,,,,,,,,,,,,,,
campaign_e_in,in_n40000_rho0.6_anti-correlated_seed1.pcf,dhpac,0,0,42008045,25201,25200,11485406400373412140,17216,23f703aa3bc9,2026-08-28T19:42:06Z,40000,24096,15904,,,,,,,,,,,,,,,,,
campaign_e_in,in_n40000_rho0.6_anti-correlated_seed1.pcf,dhpac,1,0,39937486,25201,25200,11485406400373412140,18028,23f703aa3bc9,2026-08-28T19:42:06Z,40000,24096,15904,,,,,,,,,,,,,,,,,
campaign_e_in,in_n40000_rho0.6_anti-correlated_seed1.pcf,dhpac,2,0,40680863,25201,25200,11485406400373412140,18028,23f703aa3bc9,2026-08-28T19:42:06Z,40000,24096,15904,,,,,,,,,,,,,,,,,
campaign_e_in,in_n40000_rho0.6_anti-correlated_seed2.pcf,dhpac,0,0,40752747,25311,25310,17896873697231538164,17052,23f703aa3bc9,2026-08-28T19:42:06Z,40000,23995,16005,,,,,,,,,,,,,,,,,
campaign_e_in,in_n40000_rho0.6_anti-correlated_seed2.pcf,dhpac,1,0,38684002,25311,25310,17896873697231538164,17736,23f703aa3bc9,2026-08-28T19:42:06Z,40000,23995,16005,,,,,,,,,,,,,,,,,
campaign_e_in,in_n40000_rho0.6_anti-correlated_seed2.pcf,dhpac,2,0,39361204,25311,25310,17896873697231538164,18028,23f703aa3bc9,2026-08-28T19:42:06Z,40000,23995,16005,,,,,,,,,,,,,,,,,
campaign_e_in,in_n40000_rho0.6_anti-correlated_seed3.pcf,dhpac,0,0,41597298,25263,25262,12583744677506093161,17200,23f703aa3bc9,2026-08-28T19:42:06Z,40000,23866,16134,,,,,,,,,,,,,,,,,
campaign_e_in,in_n40000_rho0.6_anti-correlated_seed3.pcf,dhpac,1,0,39543925,25263,25262,12583744677506093161,17720,23f703aa3bc9,2026-08-28T19:42:06Z,40000,23866,16134,,,,,,,,,,,,,,,,,
campaign_e_in,in_n40000_rho0.6_anti-correlated_seed3.pcf,dhpac,2,0,40073553,25263,25262,12583744677506093161,17720,23f703aa3bc9,2026-08-28T19:42:06Z,40000,23866,16134,,,,,,,,,,,,,,,,,
campaign_e_in,in_n40000_rho0.6_anti-correlated_seed4.pcf,dhpac,0,0,40689273,25294,25293,711033852891058776,17052,23f703aa3bc9,2026-08-28T19:42:06Z,40000,23960,16040,,,,,,,,,,,,,,,,,
campaign_e_in,in_n40000_rho0.6_anti-correlated_seed4.pcf,dhpac,1,0,38942537,25294,25293,711033852891058776,17716,23f703aa3bc9,2026-08-28T19:42:06Z,40000,23960,16040,,,,,,,,,,,,,,,,,
campaign_e_in,in_n40000_rho0.6_anti-correlated_seed4.pcf,dhpac,2,0,39667861,25294,25293,711033852891058776,17716,23f703aa3bc9,2026-08-28T19:42:06Z,40000,23960,16040,,,,,,,,,,,,,,,,,
campaign_e_in,in_n40000_rho0.6_correlated_seed0.pcf,dhpac,0,0,41057075,20947,20946,12121874883627781080,16800,23f703aa3bc9,2026-08-28T19:42:06Z,40000,23948,16052,,,,,,,,,,,,,,,,,
campaign_e_in,in_n40000_rho0.6_correlated_seed0.pcf,dhpac,1,0,39253475,20947,20946,12121874883627781080,17084,23f703aa3bc9,2026-08-28T19:42:06Z,40000,23948,16052,,,,,,,,,,,,,,,,,
campaign_e_in,in_n40000_rho0.6_correlated_seed0.pcf,dhpac,2,0,40069719,20947,20946,12121874883627781080,17340,23f703aa3bc9,2026-08-28T19:42:06Z,40000,23948,16052,,,,,,,,,,,,,,,,,
campaign_e_in,in_n40000_rho0.6_correlated_seed1.pcf,dhpac,0,0,41291931,20923,20922,9340347339873367941,16800,23f703aa3bc9,2026-08-28T19:42:06Z,40000,24096,15904,,,,,,,,,,,,,,,,,
campaign_e_in,in_n40000_rho0.6_correlated_seed1.pcf,dhpac,1,0,39747963,20923,20922,9340347339873367941,17428,23f703aa3bc9,2026-08-28T19:42:06Z,40000,24096,15904,,,,,,,,,,,,,,,,,
campaign_e_in,in_n40000_rho0.6_correlated_seed1.pcf,dhpac,2,0,40040899,20923,20922,9340347339873367941,17788,23f703aa3bc9,2026-08-28T19:42:06Z,40000,24096,15904,,,,,,,,,,,,,,,,,
campaign_e_in,in_n40000_rho0.6_correlated_seed2.pcf,dhpac,0,0,39910879,20848,20847,7672713795748102342,16800,23f703aa3bc9,2026-08-28T19:42:06Z,40000,23995,16005,,,,,,,,,,,,,,,,,
campaign_e_in,in_n40000_rho0.6_correlated_seed2.pcf,dhpac,1,0,38402412,20848,20847,7672713795748102342,17884,23f703aa3bc9,2026-08-28T19:42:07Z,40000,23995,16005,,,,,,,,,,,,,,,,,
campaign_e_in,in_n40000_rho0.6_correlated_seed2.pcf,dhpac,2,0,37722988,20848,20847,7672713795748102342,18044,23f703aa3bc9,2026-08-28T19:42:07Z,40000,23995,16005,,,,,,,,,,,,,,,,,
campaign_e_in,in_n40000_rho0.6_correlated_seed3.pcf,dhpac,0,0,40686541,21064,21063,4271274119594171831,16960,23f703aa3bc9,2026-08-28T19:42:07Z,40000,23866,16134,,,,,,,,,,,,,,,,,
campaign_e_in,in_n40000_rho0.6_correlated_seed3.pcf,dhpac,1,0,38977053,21064,21063,4271274119594171831,17608,23f703aa3bc9,2026-08-28T19:42:07Z,40000,23866,16134,,,,,,,,,,,,,,,,,
campaign_e_in,in_n40000_rho0.6_correlated_seed3.pcf,dhpac,2,0,39243773,21064,21063,4271274119594171831,17608,23f703aa3bc9,2026-08-28T19:42:07Z,40000,23866,16134,,,,,,,,,,,,,,,,,
campaign_e_in,in_n40000_rho0.6_correlated_seed4.pcf,dhpac,0,0,40065671,20797,20796,13943602333626330999,16960,23f703aa3bc9,2026-08-28T19:42:07Z,40000,23960,16040,,,,,,,,,,,,,,,,,
campaign_e_in,in_n40000_rho0.6_correlated_seed4.pcf,dhpac,1,0,38742140,20797,20796,13943602333626330999,17248,23f703aa3bc9,2026-08-28T19:42:07Z,40000,23960,16040,,,,,,,,,,,,,,,,,
campaign_e_in,in_n40000_rho0.6_correlated_seed4.pcf,dhpac,2,0,39069448,20797,20796,13943602333626330999,17248,23f703aa3bc9,2026-08-28T19:42:07Z,40000,23960,16040,,,,,,,,,,,,,,,,,
campaign_e_in,in_n40000_rho0.6_exact-ties_seed0.pcf,dhpac,0,0,35824915,6300,6299,1726406263364189728,16960,23f703aa3bc9,2026-08-28T19:42:07Z,40000,23868,16132,,,,,,,,,,,,,,,,,
campaign_e_in,in_n40000_rho0.6_exact-ties_seed0.pcf,dhpac,1,0,35208810,6300,6299,1726406263364189728,16960,23f703aa3bc9,2026-08-28T19:42:07Z,40000,23868,16132,,,,,,,,,,,,,,,,,
campaign_e_in,in_n40000_rho0.6_exact-ties_seed0.pcf,dhpac,2,0,35106955,6300,6299,1726406263364189728,16960,23f703aa3bc9,2026-08-28T19:42:07Z,40000,23868,16132,,,,,,,,,,,,,,,,,
campaign_e_in,in_n40000_rho0.6_exact-ties_seed1.pcf,dhpac,0,0,38549849,6291,6290,7430661753348836230,16960,23f703aa3bc9,2026-08-28T19:42:07Z,40000,24068,15932,,,,,,,,,,,,,,,,,
campaign_e_in,in_n40000_rho0.6_exact-ties_seed1.pcf,dhpac,1,0,38200581,6291,6290,7430661753348836230,16960,23f703aa3bc9,2026-08-28T19:42:07Z,40000,24068,15932,,,,,,,,,,,,,,,,,
campaign_e_in,in_n40000_rho0.6_exact-ties_seed1.pcf,dhpac,2,0,38014154,6291,6290,7430661753348836230,16960,23f703aa3bc9,2026-08-28T19:42:07Z,40000,24068,15932,,,,,,,,,,,,,,,,,
campaign_e_in,in_n40000_rho0.6_exact-ties_seed2.pcf,dhpac,0,0,38274391,6357,6356,17219370103440599514,16960,23f703aa3bc9,2026-08-28T19:42:07Z,40000,24071,15929,,,,,,,,,,,,,,,,,
campaign_e_in,in_n40000_rho0.6_exact-ties_seed2.pcf,dhpac,1,0,37981869,6357,6356,17219370103440599514,16960,23f703aa3bc9,2026-08-28T19:42:07Z,40000,24071,15929,,,,,,,,,,,,,,,,,
campaign_e_in,in_n40000_rho0.6_exact-ties_seed2.pcf,dhpac,2,0,37683656,6357,6356,17219370103440599514,16960,23f703aa3bc9,2026-08-28T19:42:07Z,40000,24071,15929,,,,,,,,,,,,,,,,,
campaign_e_in,in_n40000_rho0.6_exact-ties_seed3.pcf,dhpac,0,0,36310222,6277,6276,14821244194129430039,16960,23f703aa3bc9,2026-08-28T19:42:07Z,40000,23912,16088,,,,,,,,,,,,,,,,,
campaign_e_in,in_n40000_rho0.6_exact-ties_seed3.pcf,dhpac,1,0,35942577,6277,6276,14821244194129430039,16960,23f703aa3bc9,2026-08-28T19:42:07Z,40000,23912,16088,,,,,,,,,,,,,,,,,
campaign_e_in,in_n40000_rho0.6_exact-ties_seed3.pcf,dhpac,2,0,36016848,6277,6276,14821244194129430039,16960,23f703aa3bc9,2026-08-28T19:42:07Z,40000,23912,16088,,,,,,,,,,,,,,,,,
campaign_e_in,in_n40000_rho0.6_exact-ties_seed4.pcf,dhpac,0,0,38757205,6299,6298,11496408690854061412,16960,23f703aa3bc9,2026-08-28T19:42:07Z,40000,24074,15926,,,,,,,,,,,,,,,,,
campaign_e_in,in_n40000_rho0.6_exact-ties_seed4.pcf,dhpac,1,0,38192876,6299,6298,11496408690854061412,16960,23f703aa3bc9,2026-08-28T19:42:07Z,40000,24074,15926,,,,,,,,,,,,,,,,,
campaign_e_in,in_n40000_rho0.6_exact-ties_seed4.pcf,dhpac,2,0,38034366,6299,6298,11496408690854061412,16960,23f703aa3bc9,2026-08-28T19:42:07Z,40000,24074,15926,,,,,,,,,,,,,,,,,
campaign_e_in,in_n40000_rho0.6_independent-positive_seed0.pcf,dhpac,0,0,41053798,26687,26686,15930215145519531487,17360,23f703aa3bc9,2026-08-28T19:42:07Z,40000,23895,16105,,,,,,,,,,,,,,,,,
campaign_e_in,in_n40000_rho0.6_independent-positive_seed0.pcf,dhpac,1,0,39006776,26687,26686,15930215145519531487,17960,23f703aa3bc9,2026-08-28T19:42:08Z,40000,23895,16105,,,,,,,,,,,,,,,,,
campaign_e_in,in_n40000_rho0.6_independent-positive_seed0.pcf,dhpac,2,0,38912380,26687,26686,15930215145519531487,19240,23f703aa3bc9,2026-08-28T19:42:08Z,40000,23895,16105,,,,,,,,,,,,,,,,,
campaign_e_in,in_n40000_rho0.6_independent-positive_seed1.pcf,dhpac,0,0,40509280,26570,26569,3796612844693663747,17268,23f703aa3bc9,2026-08-28T19:42:08Z,40000,24089,15911,,,,,,,,,,,,,,,,,
campaign_e_in,in_n40000_rho0.6_independent-positive_seed1.pcf,dhpac,1,0,39730047,26570,26569,3796612844693663747,17548,23f703aa3bc9,2026-08-28T19:42:08Z,40000,24089,15911,,,,,,,,,,,,,,,,,
campaign_e_in,in_n40000_rho0.6_independent-positive_seed1.pcf,dhpac,2,0,39176355,26570,26569,3796612844693663747,17620,23f703aa3bc9,2026-08-28T19:42:08Z,40000,24089,15911,,,,,,,,,,,,,,,,,
campaign_e_in,in_n40000_rho0.6_independent-positive_seed2.pcf,dhpac,0,0,42118671,26692,26691,17922533419541980981,17388,23f703aa3bc9,2026-08-28T19:42:08Z,40000,24126,15874,,,,,,,,,,,,,,,,,
campaign_e_in,in_n40000_rho0.6_independent-positive_seed2.pcf,dhpac,1,0,39931698,26692,26691,17922533419541980981,18140,23f703aa3bc9,2026-08-28T19:42:08Z,40000,24126,15874,,,,,,,,,,,,,,,,,
campaign_e_in,in_n40000_rho0.6_independent-positive_seed2.pcf,dhpac,2,0,40211426,26692,26691,17922533419541980981,18140,23f703aa3bc9,2026-08-28T19:42:08Z,40000,24126,15874,,,,,,,,,,,,,,,,,
campaign_e_in,in_n40000_rho0.6_independent-positive_seed3.pcf,dhpac,0,0,39097653,26622,26621,11565967952365996762,17260,23f703aa3bc9,2026-08-28T19:42:08Z,40000,23990,16010,,,,,,,,,,,,,,,,,
campaign_e_in,in_n40000_rho0.6_independent-positive_seed3.pcf,dhpac,1,0,38261642,26622,26621,11565967952365996762,17544,23f703aa3bc9,2026-08-28T19:42:08Z,40000,23990,16010,,,,,,,,,,,,,,,,,
campaign_e_in,in_n40000_rho0.6_independent-positive_seed3.pcf,dhpac,2,0,38024854,26622,26621,11565967952365996762,17544,23f703aa3bc9,2026-08-28T19:42:08Z,40000,23990,16010,,,,,,,,,,,,,,,,,
campaign_e_in,in_n40000_rho0.6_independent-positive_seed4.pcf,dhpac,0,0,40557223,26659,26658,13354811595535056966,17264,23f703aa3bc9,2026-08-28T19:42:08Z,40000,23945,16055,,,,,,,,,,,,,,,,,
campaign_e_in,in_n40000_rho0.6_independent-positive_seed4.pcf,dhpac,1,0,38596116,26659,26658,13354811595535056966,17960,23f703aa3bc9,2026-08-28T19:42:08Z,40000,23945,16055,,,,,,,,,,,,,,,,,
campaign_e_in,in_n40000_rho0.6_independent-positive_seed4.pcf,dhpac,2,0,39212971,26659,26658,13354811595535056966,17960,23f703aa3bc9,2026-08-28T19:42:08Z,40000,23945,16055,,,,,,,,,,,,,,,,,
campaign_e_in,in_n40000_rho0.6_independent-signed_seed0.pcf,dhpac,0,0,38875544,27212,27211,12905511988941953710,17256,23f703aa3bc9,2026-08-28T19:42:08Z,40000,23895,16105,,,,,,,,,,,,,,,,,
campaign_e_in,in_n40000_rho0.6_independent-signed_seed0.pcf,dhpac,1,0,38137938,27212,27211,12905511988941953710,17588,23f703aa3bc9,2026-08-28T19:42:08Z,40000,23895,16105,,,,,,,,,,,,,,,,,
campaign_e_in,in_n40000_rho0.6_independent-signed_seed0.pcf,dhpac,2,0,37895926,27212,27211,12905511988941953710,17772,23f703aa3bc9,2026-08-28T19:42:08Z,40000,23895,16105,,,,,,,,,,,,,,,,,
campaign_e_in,in_n40000_rho0.6_independent-signed_seed1.pcf,dhpac,0,0,40319486,27153,27152,5151280329875554894,17432,23f703aa3bc9,2026-08-28T19:42:08Z,40000,24088,15912,,,,,,,,,,,,,,,,,
campaign_e_in,in_n40000_rho0.6_independent-signed_seed1.pcf,dhpac,1,0,39530211,27153,27152,5151280329875554894,18384,23f703aa3bc9,2026-08-28T19:42:08Z,40000,24088,15912,,,,,,,,,,,,,,,,,
campaign_e_in,in_n40000_rho0.6_independent-signed_seed1.pcf,dhpac,2,0,38858858,27153,27152,5151280329875554894,18384,23f703aa3bc9,2026-08-28T19:42:08Z,40000,24088,15912,,,,,,,,,,,,,,,,,
campaign_e_in,in_n40000_rho0.6_independent-signed_seed2.pcf,dhpac,0,0,41638715,27020,27019,13329712525967772762,17380,23f703aa3bc9,2026-08-28T19:42:08Z,40000,24133,15867,,,,,,,,,,,,,,,,,
campaign_e_in,in_n40000_rho0.6_independent-signed_seed2.pcf,dhpac,1,0,39531162,27020,27019,13329712525967772762,18192,23f703aa3bc9,2026-08-28T19:42:08Z,40000,24133,15867,,,,,,,,,,,,,,,,,
campaign_e_in,in_n40000_rho0.6_independent-signed_seed2.pcf,dhpac,2,0,39926888,27020,27019,13329712525967772762,18192,23f703aa3bc9,2026-08-28T19:42:08Z,40000,24133,15867,,,,,,,,,,,,,,,,,
campaign_e_in,in_n40000_rho0.6_independent-signed_seed3.pcf,dhpac,0,0,39818524,27298,27297,183519112831783133,17424,23f703aa3bc9,2026-08-28T19:42:09Z,40000,23988,16012,,,,,,,,,,,,,,,,,
campaign_e_in,in_n40000_rho0.6_independent-signed_seed3.pcf,dhpac,1,0,39376256,27298,27297,183519112831783133,18392,23f703aa3bc9,2026-08-28T19:42:09Z,40000,23988,16012,,,,,,,,,,,,,,,,,
campaign_e_in,in_n40000_rho0.6_independent-signed_seed3.pcf,dhpac,2,0,38283131,27298,27297,183519112831783133,18392,23f703aa3bc9,2026-08-28T19:42:09Z,40000,23988,16012,,,,,,,,,,,,,,,,,
campaign_e_in,in_n40000_rho0.6_independent-signed_seed4.pcf,dhpac,0,0,41373106,27298,27297,9558162691848136128,17536,23f703aa3bc9,2026-08-28T19:42:09Z,40000,23945,16055,,,,,,,,,,,,,,,,,
campaign_e_in,in_n40000_rho0.6_independent-signed_seed4.pcf,dhpac,1,0,39688777,27298,27297,9558162691848136128,18232,23f703aa3bc9,2026-08-28T19:42:09Z,40000,23945,16055,,,,,,,,,,,,,,,,,
campaign_e_in,in_n40000_rho0.6_independent-signed_seed4.pcf,dhpac,2,0,39937309,27298,27297,9558162691848136128,18232,23f703aa3bc9,2026-08-28T19:42:09Z,40000,23945,16055,,,,,,,,,,,,,,,,,
campaign_e_in,in_n40000_rho0.6_near-ties_seed0.pcf,dhpac,0,0,36760253,1045,1044,13189254088311361136,16960,23f703aa3bc9,2026-08-28T19:42:09Z,40000,23816,16184,,,,,,,,,,,,,,,,,
campaign_e_in,in_n40000_rho0.6_near-ties_seed0.pcf,dhpac,1,0,35226743,1045,1044,13189254088311361136,16960,23f703aa3bc9,2026-08-28T19:42:09Z,40000,23816,16184,,,,,,,,,,,,,,,,,
campaign_e_in,in_n40000_rho0.6_near-ties_seed0.pcf,dhpac,2,0,35271993,1045,1044,13189254088311361136,16960,23f703aa3bc9,2026-08-28T19:42:09Z,40000,23816,16184,,,,,,,,,,,,,,,,,
campaign_e_in,in_n40000_rho0.6_near-ties_seed1.pcf,dhpac,0,0,37275938,1078,1077,6949595076839055668,16960,23f703aa3bc9,2026-08-28T19:42:09Z,40000,24071,15929,,,,,,,,,,,,,,,,,
campaign_e_in,in_n40000_rho0.6_near-ties_seed1.pcf,dhpac,1,0,36892879,1078,1077,6949595076839055668,16960,23f703aa3bc9,2026-08-28T19:42:09Z,40000,24071,15929,,,,,,,,,,,,,,,,,
campaign_e_in,in_n40000_rho0.6_near-ties_seed1.pcf,dhpac,2,0,36787722,1078,1077,6949595076839055668,16960,23f703aa3bc9,2026-08-28T19:42:09Z,40000,24071,15929,,,,,,,,,,,,,,,,,
campaign_e_in,in_n40000_rho0.6_near-ties_seed2.pcf,dhpac,0,0,36538428,1055,1054,8953288707733056221,16960,23f703aa3bc9,2026-08-28T19:42:09Z,40000,23925,16075,,,,,,,,,,,,,,,,,
campaign_e_in,in_n40000_rho0.6_near-ties_seed2.pcf,dhpac,1,0,36844120,1055,1054,8953288707733056221,16960,23f703aa3bc9,2026-08-28T19:42:09Z,40000,23925,16075,,,,,,,,,,,,,,,,,
campaign_e_in,in_n40000_rho0.6_near-ties_seed2.pcf,dhpac,2,0,36404213,1055,1054,8953288707733056221,16960,23f703aa3bc9,2026-08-28T19:42:09Z,40000,23925,16075,,,,,,,,,,,,,,,,,
campaign_e_in,in_n40000_rho0.6_near-ties_seed3.pcf,dhpac,0,0,38668513,1063,1062,12626191754937253877,17120,23f703aa3bc9,2026-08-28T19:42:09Z,40000,23850,16150,,,,,,,,,,,,,,,,,
campaign_e_in,in_n40000_rho0.6_near-ties_seed3.pcf,dhpac,1,0,37960918,1063,1062,12626191754937253877,17120,23f703aa3bc9,2026-08-28T19:42:09Z,40000,23850,16150,,,,,,,,,,,,,,,,,
campaign_e_in,in_n40000_rho0.6_near-ties_seed3.pcf,dhpac,2,0,37952475,1063,1062,12626191754937253877,17120,23f703aa3bc9,2026-08-28T19:42:09Z,40000,23850,16150,,,,,,,,,,,,,,,,,
campaign_e_in,in_n40000_rho0.6_near-ties_seed4.pcf,dhpac,0,0,38154553,1069,1068,11697225708560804540,17120,23f703aa3bc9,2026-08-28T19:42:09Z,40000,24081,15919,,,,,,,,,,,,,,,,,
campaign_e_in,in_n40000_rho0.6_near-ties_seed4.pcf,dhpac,1,0,37810694,1069,1068,11697225708560804540,17120,23f703aa3bc9,2026-08-28T19:42:09Z,40000,24081,15919,,,,,,,,,,,,,,,,,
campaign_e_in,in_n40000_rho0.6_near-ties_seed4.pcf,dhpac,2,0,37574864,1069,1068,11697225708560804540,17120,23f703aa3bc9,2026-08-28T19:42:09Z,40000,24081,15919,,,,,,,,,,,,,,,,,
campaign_e_in,in_n40000_rho1.0_anti-correlated_seed0.pcf,dhpac,0,0,337321826,18651,18650,10584435868751561851,36420,23f703aa3bc9,2026-08-28T19:42:10Z,40000,39999,1,,,,,,,,,,,,,,,,,
campaign_e_in,in_n40000_rho1.0_anti-correlated_seed0.pcf,dhpac,1,0,332472797,18651,18650,10584435868751561851,56700,23f703aa3bc9,2026-08-28T19:42:10Z,40000,39999,1,,,,,,,,,,,,,,,,,
campaign_e_in,in_n40000_rho1.0_anti-correlated_seed0.pcf,dhpac,2,0,333191887,18651,18650,10584435868751561851,56700,23f703aa3bc9,2026-08-28T19:42:10Z,40000,39999,1,,,,,,,,,,,,,,,,,
campaign_e_in,in_n40000_rho1.0_anti-correlated_seed1.pcf,dhpac,0,0,389243234,18576,18575,12931990587639641486,38880,23f703aa3bc9,2026-08-28T19:42:11Z,40000,39999,1,,,,,,,,,,,,,,,,,
campaign_e_in,in_n40000_rho1.0_anti-correlated_seed1.pcf,dhpac,1,0,387608935,18576,18575,12931990587639641486,60368,23f703aa3bc9,2026-08-28T19:42:11Z,40000,39999,1,,,,,,,,,,,,,,,,,
campaign_e_in,in_n40000_rho1.0_anti-correlated_seed1.pcf,dhpac,2,0,388095595,18576,18575,12931990587639641486,60368,23f703aa3bc9,2026-08-28T19:42:12Z,40000,39999,1,,,,,,,,,,,,,,,,,
campaign_e_in,in_n40000_rho1.0_anti-correlated_seed2.pcf,dhpac,0,0,360954847,18762,18761,13409056184799122598,37436,23f703aa3bc9,2026-08-28T19:42:12Z,40000,39999,1,,,,,,,,,,,,,,,,,
campaign_e_in,in_n40000_rho1.0_anti-correlated_seed2.pcf,dhpac,1,0,359076973,18762,18761,13409056184799122598,57664,23f703aa3bc9,2026-08-28T19:42:12Z,40000,39999,1,,,,,,,,,,,,,,,,,
campaign_e_in,in_n40000_rho1.0_anti-correlated_seed2.pcf,dhpac,2,0,355577090,18762,18761,13409056184799122598,57780,23f703aa3bc9,2026-08-28T19:42:13Z,40000,39999,1,,,,,,,,,,,,,,,,,
campaign_e_in,in_n40000_rho1.0_anti-correlated_seed3.pcf,dhpac,0,0,425120589,18798,18797,5612658780755361829,61020,23f703aa3bc9,2026-08-28T19:42:13Z,40000,39999,1,,,,,,,,,,,,,,,,,
campaign_e_in,in_n40000_rho1.0_anti-correlated_seed3.pcf,dhpac,1,0,423533884,18798,18797,5612658780755361829,86216,23f703aa3bc9,2026-08-28T19:42:14Z,40000,39999,1,,,,,,,,,,,,,,,,,
campaign_e_in,in_n40000_rho1.0_anti-correlated_seed3.pcf,dhpac,2,0,424770634,18798,18797,5612658780755361829,87060,23f703aa3bc9,2026-08-28T19:42:14Z,40000,39999,1,,,,,,,,,,,,,,,,,
campaign_e_in,in_n40000_rho1.0_anti-correlated_seed4.pcf,dhpac,0,0,348088867,18624,18623,1073172479957062583,36420,23f703aa3bc9,2026-08-28T19:42:14Z,40000,39999,1,,,,,,,,,,,,,,,,,
campaign_e_in,in_n40000_rho1.0_anti-correlated_seed4.pcf,dhpac,1,0,343107860,18624,18623,1073172479957062583,57500,23f703aa3bc9,2026-08-28T19:42:15Z,40000,39999,1,,,,,,,,,,,,,,,,,
campaign_e_in,in_n40000_rho1.0_anti-correlated_seed4.pcf,dhpac,2,0,344431912,18624,18623,1073172479957062583,57500,23f703aa3bc9,2026-08-28T19:42:15Z,40000,39999,1,,,,,,,,,,,,,,,,,
campaign_e_in,in_n40000_rho1.0_correlated_seed0.pcf,dhpac,0,0,338472371,16338,16337,3040101700632779835,36420,23f703aa3bc9,2026-08-28T19:42:15Z,40000,39999,1,,,,,,,,,,,,,,,,,
campaign_e_in,in_n40000_rho1.0_correlated_seed0.pcf,dhpac,1,0,335902974,16338,16337,3040101700632779835,56292,23f703aa3bc9,2026-08-28T19:42:16Z,40000,39999,1,,,,,,,,,,,,,,,,,
campaign_e_in,in_n40000_rho1.0_correlated_seed0.pcf,dhpac,2,0,337137937,16338,16337,3040101700632779835,56292,23f703aa3bc9,2026-08-28T19:42:16Z,40000,39999,1,,,,,,,,,,,,,,,,,
campaign_e_in,in_n40000_rho1.0_correlated_seed1.pcf,dhpac,0,0,383658853,16338,16337,8292720805133313362,37444,23f703aa3bc9,2026-08-28T19:42:16Z,40000,39999,1,,,,,,,,,,,,,,,,,
campaign_e_in,in_n40000_rho1.0_correlated_seed1.pcf,dhpac,1,0,379775150,16338,16337,8292720805133313362,59640,23f703aa3bc9,2026-08-28T19:42:17Z,40000,39999,1,,,,,,,,,,,,,,,,,
campaign_e_in,in_n40000_rho1.0_correlated_seed1.pcf,dhpac,2,0,382844346,16338,16337,8292720805133313362,60388,23f703aa3bc9,2026-08-28T19:42:17Z,40000,39999,1,,,,,,,,,,,,,,,,,
campaign_e_in,in_n40000_rho1.0_correlated_seed2.pcf,dhpac,0,0,356417042,16169,16168,6558235265732333728,36408,23f703aa3bc9,2026-08-28T19:42:18Z,40000,39999,1,,,,,,,,,,,,,,,,,
campaign_e_in,in_n40000_rho1.0_correlated_seed2.pcf,dhpac,1,0,356349085,16169,16168,6558235265732333728,57852,23f703aa3bc9,2026-08-28T19:42:18Z,40000,39999,1,,,,,,,,,,,,,,,,,
campaign_e_in,in_n40000_rho1.0_correlated_seed2.pcf,dhpac,2,0,353733408,16169,16168,6558235265732333728,58604,23f703aa3bc9,2026-08-28T19:42:18Z,40000,39999,1,,,,,,,,,,,,,,,,,
campaign_e_in,in_n40000_rho1.0_correlated_seed3.pcf,dhpac,0,0,419524249,16447,16446,6587134609321161713,60860,23f703aa3bc9,2026-08-28T19:42:19Z,40000,39999,1,,,,,,,,,,,,,,,,,
campaign_e_in,in_n40000_rho1.0_correlated_seed3.pcf,dhpac,1,0,417287476,16447,16446,6587134609321161713,86080,23f703aa3bc9,2026-08-28T19:42:19Z,40000,39999,1,,,,,,,,,,,,,,,,,
campaign_e_in,in_n40000_rho1.0_correlated_seed3.pcf,dhpac,2,0,407578671,16447,16446,6587134609321161713,86112,23f703aa3bc9,2026-08-28T19:42:20Z,40000,39999,1,,,,,,,,,,,,,,,,,
campaign_e_in,in_n40000_rho1.0_correlated_seed4.pcf,dhpac,0,0,346305760,16309,16308,4670536346852958079,36252,23f703aa3bc9,2026-08-28T19:42:20Z,40000,39999,1,,,,,,,,,,,,,,,,,
campaign_e_in,in_n40000_rho1.0_correlated_seed4.pcf,dhpac,1,0,342809802,16309,16308,4670536346852958079,57084,23f703aa3bc9,2026-08-28T19:42:20Z,40000,39999,1,,,,,,,,,,,,,,,,,
campaign_e_in,in_n40000_rho1.0_correlated_seed4.pcf,dhpac,2,0,346314188,16309,16308,4670536346852958079,57828,23f703aa3bc9,2026-08-28T19:42:21Z,40000,39999,1,,,,,,,,,,,,,,,,,
campaign_e_in,in_n40000_rho1.0_exact-ties_seed0.pcf,dhpac,0,0,339691878,6868,6867,6010044766497043005,36260,23f703aa3bc9,2026-08-28T19:42:21Z,40000,39999,1,,,,,,,,,,,,,,,,,
campaign_e_in,in_n40000_rho1.0_exact-ties_seed0.pcf,dhpac,1,0,338363735,6868,6867,6010044766497043005,58136,23f703aa3bc9,2026-08-28T19:42:21Z,40000,39999,1,,,,,,,,,,,,,,,,,
campaign_e_in,in_n40000_rho1.0_exact-ties_seed0.pcf,dhpac,2,0,337315548,6868,6867,6010044766497043005,58136,23f703aa3bc9,2026-08-28T19:42:22Z,40000,39999,1,,,,,,,,,,,,,,,,,
campaign_e_in,in_n40000_rho1.0_exact-ties_seed1.pcf,dhpac,0,0,352511392,6771,6770,12167238143536062401,36412,23f703aa3bc9,2026-08-28T19:42:22Z,40000,39999,1,,,,,,,,,,,,,,,,,
campaign_e_in,in_n40000_rho1.0_exact-ties_seed1.pcf,dhpac,1,0,338186579,6771,6770,12167238143536062401,57616,23f703aa3bc9,2026-08-28T19:42:22Z,40000,39999,1,,,,,,,,,,,,,,,,,
campaign_e_in,in_n40000_rho1.0_exact-ties_seed1.pcf,dhpac,2,0,338279983,6771,6770,12167238143536062401,57616,23f703aa3bc9,2026-08-28T19:42:23Z,40000,39999,1,,,,,,,,,,,,,,,,,
campaign_e_in,in_n40000_rho1.0_exact-ties_seed2.pcf,dhpac,0,0,320234916,6758,6757,2632937868207133116,36260,23f703aa3bc9,2026-08-28T19:42:23Z,40000,39999,1,,,,,,,,,,,,,,,,,
campaign_e_in,in_n40000_rho1.0_exact-ties_seed2.pcf,dhpac,1,0,318845849,6758,6757,2632937868207133116,56816,23f703aa3bc9,2026-08-28T19:42:23Z,40000,39999,1,,,,,,,,,,,,,,,,,
campaign_e_in,in_n40000_rho1.0_exact-ties_seed2.pcf,dhpac,2,0,319573681,6758,6757,2632937868207133116,56816,23f703aa3bc9,2026-08-28T19:42:24Z,40000,39999,1,,,,,,,,,,,,,,,,,
campaign_e_in,in_n40000_rho1.0_exact-ties_seed3.pcf,dhpac,0,0,310866197,6970,6969,8080928042261879098,36412,23f703aa3bc9,2026-08-28T19:42:24Z,40000,39999,1,,,,,,,,,,,,,,,,,
campaign_e_in,in_n40000_rho1.0_exact-ties_seed3.pcf,dhpac,1,0,308862401,6970,6969,8080928042261879098,55720,23f703aa3bc9,2026-08-28T19:42:24Z,40000,39999,1,,,,,,,,,,,,,,,,,
campaign_e_in,in_n40000_rho1.0_exact-ties_seed3.pcf,dhpac,2,0,308881139,6970,6969,8080928042261879098,55720,23f703aa3bc9,2026-08-28T19:42:25Z,40000,39999,1,,,,,,,,,,,,,,,,,
campaign_e_in,in_n40000_rho1.0_exact-ties_seed4.pcf,dhpac,0,0,333126324,6748,6747,1255287867457527872,36412,23f703aa3bc9,2026-08-28T19:42:25Z,40000,39999,1,,,,,,,,,,,,,,,,,
campaign_e_in,in_n40000_rho1.0_exact-ties_seed4.pcf,dhpac,1,0,330105412,6748,6747,1255287867457527872,57804,23f703aa3bc9,2026-08-28T19:42:25Z,40000,39999,1,,,,,,,,,,,,,,,,,
campaign_e_in,in_n40000_rho1.0_exact-ties_seed4.pcf,dhpac,2,0,330798413,6748,6747,1255287867457527872,57804,23f703aa3bc9,2026-08-28T19:42:26Z,40000,39999,1,,,,,,,,,,,,,,,,,
campaign_e_in,in_n40000_rho1.0_independent-positive_seed0.pcf,dhpac,0,0,375063759,19524,19523,5299361134803290206,37604,23f703aa3bc9,2026-08-28T19:42:26Z,40000,39999,1,,,,,,,,,,,,,,,,,
campaign_e_in,in_n40000_rho1.0_independent-positive_seed0.pcf,dhpac,1,0,369764804,19524,19523,5299361134803290206,58248,23f703aa3bc9,2026-08-28T19:42:26Z,40000,39999,1,,,,,,,,,,,,,,,,,
campaign_e_in,in_n40000_rho1.0_independent-positive_seed0.pcf,dhpac,2,0,374223244,19524,19523,5299361134803290206,58652,23f703aa3bc9,2026-08-28T19:42:27Z,40000,39999,1,,,,,,,,,,,,,,,,,
campaign_e_in,in_n40000_rho1.0_independent-positive_seed1.pcf,dhpac,0,0,348628554,19481,19480,2939398562075557574,36484,23f703aa3bc9,2026-08-28T19:42:27Z,40000,39999,1,,,,,,,,,,,,,,,,,
campaign_e_in,in_n40000_rho1.0_independent-positive_seed1.pcf,dhpac,1,0,344533780,19481,19480,2939398562075557574,56384,23f703aa3bc9,2026-08-28T19:42:27Z,40000,39999,1,,,,,,,,,,,,,,,,,
campaign_e_in,in_n40000_rho1.0_independent-positive_seed1.pcf,dhpac,2,0,346792920,19481,19480,2939398562075557574,56384,23f703aa3bc9,2026-08-28T19:42:28Z,40000,39999,1,,,,,,,,,,,,,,,,,
campaign_e_in,in_n40000_rho1.0_independent-positive_seed2.pcf,dhpac,0,0,390944241,19484,19483,17316953979424480655,38952,23f703aa3bc9,2026-08-28T19:42:28Z,40000,39999,1,,,,,,,,,,,,,,,,,
campaign_e_in,in_n40000_rho1.0_independent-positive_seed2.pcf,dhpac,1,0,387874704,19484,19483,17316953979424480655,59112,23f703aa3bc9,2026-08-28T19:42:29Z,40000,39999,1,,,,,,,,,,,,,,,,,
campaign_e_in,in_n40000_rho1.0_independent-positive_seed2.pcf,dhpac,2,0,389398150,19484,19483,17316953979424480655,59288,23f703aa3bc9,2026-08-28T19:42:29Z,40000,39999,1,,,,,,,,,,,,,,,,,
campaign_e_in,in_n40000_rho1.0_independent-positive_seed3.pcf,dhpac,0,0,337780744,19621,19620,4354346380247959286,36420,23f703aa3bc9,2026-08-28T19:42:29Z,40000,39999,1,,,,,,,,,,,,,,,,,
campaign_e_in,in_n40000_rho1.0_independent-positive_seed3.pcf,dhpac,1,0,335412164,19621,19620,4354346380247959286,55532,23f703aa3bc9,2026-08-28T19:42:30Z,40000,39999,1,,,,,,,,,,,,,,,,,
campaign_e_in,in_n40000_rho1.0_independent-positive_seed3.pcf,dhpac,2,0,336688795,19621,19620,4354346380247959286,55532,23f703aa3bc9,2026-08-28T19:42:30Z,40000,39999,1,,,,,,,,,,,,,,,,,
campaign_e_in,in_n40000_rho1.0_independent-positive_seed4.pcf,dhpac,0,0,374244245,19702,19701,6053553749503728654,38148,23f703aa3bc9,2026-08-28T19:42:30Z,40000,39999,1,,,,,,,,,,,,,,,,,
campaign_e_in,in_n40000_rho1.0_independent-positive_seed4.pcf,dhpac,1,0,373239177,19702,19701,6053553749503728654,58332,23f703aa3bc9,2026-08-28T19:42:31Z,40000,39999,1,,,,,,,,,,,,,,,,,
campaign_e_in,in_n40000_rho1.0_independent-positive_seed4.pcf,dhpac,2,0,373585573,19702,19701,6053553749503728654,58332,23f703aa3bc9,2026-08-28T19:42:31Z,40000,39999,1,,,,,,,,,,,,,,,,,
campaign_e_in,in_n40000_rho1.0_independent-signed_seed0.pcf,dhpac,0,0,350481387,19958,19957,2457160568857634454,36632,23f703aa3bc9,2026-08-28T19:42:32Z,40000,39999,1,,,,,,,,,,,,,,,,,
campaign_e_in,in_n40000_rho1.0_independent-signed_seed0.pcf,dhpac,1,0,345318152,19958,19957,2457160568857634454,56844,23f703aa3bc9,2026-08-28T19:42:32Z,40000,39999,1,,,,,,,,,,,,,,,,,
campaign_e_in,in_n40000_rho1.0_independent-signed_seed0.pcf,dhpac,2,0,345393779,19958,19957,2457160568857634454,56844,23f703aa3bc9,2026-08-28T19:42:32Z,40000,39999,1,,,,,,,,,,,,,,,,,
campaign_e_in,in_n40000_rho1.0_independent-signed_seed1.pcf,dhpac,0,0,369635133,20070,20069,7583232088813276308,37912,23f703aa3bc9,2026-08-28T19:42:33Z,40000,39999,1,,,,,,,,,,,,,,,,,
campaign_e_in,in_n40000_rho1.0_independent-signed_seed1.pcf,dhpac,1,0,366378156,20070,20069,7583232088813276308,58296,23f703aa3bc9,2026-08-28T19:42:33Z,40000,39999,1,,,,,,,,,,,,,,,,,
campaign_e_in,in_n40000_rho1.0_independent-signed_seed1.pcf,dhpac,2,0,367091556,20070,20069,7583232088813276308,58772,23f703aa3bc9,2026-08-28T19:42:33Z,40000,39999,1,,,,,,,,,,,,,,,,,
campaign_e_in,in_n40000_rho1.0_independent-signed_seed2.pcf,dhpac,0,0,344725813,19841,19840,1785218736607919776,36484,23f703aa3bc9,2026-08-28T19:42:34Z,40000,39999,1,,,,,,,,,,,,,,,,,
campaign_e_in,in_n40000_rho1.0_independent-signed_seed2.pcf,dhpac,1,0,339382012,19841,19840,1785218736607919776,56428,23f703aa3bc9,2026-08-28T19:42:34Z,40000,39999,1,,,,,,,,,,,,,,,,,
campaign_e_in,in_n40000_rho1.0_independent-signed_seed2.pcf,dhpac,2,0,340488829,19841,19840,1785218736607919776,56428,23f703aa3bc9,2026-08-28T19:42:34Z,40000,39999,1,,,,,,,,,,,,,,,,,
campaign_e_in,in_n40000_rho1.0_independent-signed_seed3.pcf,dhpac,0,0,326510575,19947,19946,3894099566385559379,36488,23f703aa3bc9,2026-08-28T19:42:35Z,40000,39999,1,,,,,,,,,,,,,,,,,
campaign_e_in,in_n40000_rho1.0_independent-signed_seed3.pcf,dhpac,1,0,320879475,19947,19946,3894099566385559379,55004,23f703aa3bc9,2026-08-28T19:42:35Z,40000,39999,1,,,,,,,,,,,,,,,,,
campaign_e_in,in_n40000_rho1.0_independent-signed_seed3.pcf,dhpac,2,0,312345138,19947,19946,3894099566385559379,55964,23f703aa3bc9,2026-08-28T19:42:35Z,40000,39999,1,,,,,,,,,,,,,,,,,
campaign_e_in,in_n40000_rho1.0_independent-signed_seed4.pcf,dhpac,0,0,396302510,19785,19784,9403825697641377389,39740,23f703aa3bc9,2026-08-28T19:42:36Z,40000,39999,1,,,,,,,,,,,,,,,,,
campaign_e_in,in_n40000_rho1.0_independent-signed_seed4.pcf,dhpac,1,0,390565676,19785,19784,9403825697641377389,59768,23f703aa3bc9,2026-08-28T19:42:36Z,40000,39999,1,,,,,,,,,,,,,,,,,
campaign_e_in,in_n40000_rho1.0_independent-signed_seed4.pcf,dhpac,2,0,393032975,19785,19784,9403825697641377389,60104,23f703aa3bc9,2026-08-28T19:42:37Z,40000,39999,1,,,,,,,,,,,,,,,,,
campaign_e_in,in_n40000_rho1.0_near-ties_seed0.pcf,dhpac,0,0,326456667,1428,1427,17051392912324696930,36420,23f703aa3bc9,2026-08-28T19:42:37Z,40000,39999,1,,,,,,,,,,,,,,,,,
campaign_e_in,in_n40000_rho1.0_near-ties_seed0.pcf,dhpac,1,0,324680901,1428,1427,17051392912324696930,57196,23f703aa3bc9,2026-08-28T19:42:37Z,40000,39999,1,,,,,,,,,,,,,,,,,
campaign_e_in,in_n40000_rho1.0_near-ties_seed0.pcf,dhpac,2,0,326681672,1428,1427,17051392912324696930,57196,23f703aa3bc9,2026-08-28T19:42:38Z,40000,39999,1,,,,,,,,,,,,,,,,,
campaign_e_in,in_n40000_rho1.0_near-ties_seed1.pcf,dhpac,0,0,327966009,1405,1404,6410000069262748972,36488,23f703aa3bc9,2026-08-28T19:42:38Z,40000,39999,1,,,,,,,,,,,,,,,,,
campaign_e_in,in_n40000_rho1.0_near-ties_seed1.pcf,dhpac,1,0,325811990,1405,1404,6410000069262748972,57584,23f703aa3bc9,2026-08-28T19:42:38Z,40000,39999,1,,,,,,,,,,,,,,,,,
campaign_e_in,in_n40000_rho1.0_near-ties_seed1.pcf,dhpac,2,0,327086381,1405,1404,6410000069262748972,58008,23f703aa3bc9,2026-08-28T19:42:39Z,40000,39999,1,,,,,,,,,,,,,,,,,
campaign_e_in,in_n40000_rho1.0_near-ties_seed2.pcf,dhpac,0,0,342917134,1425,1424,5564950074123245956,36416,23f703aa3bc9,2026-08-28T19:42:39Z,40000,39999,1,,,,,,,,,,,,,,,,,
campaign_e_in,in_n40000_rho1.0_near-ties_seed2.pcf,dhpac,1,0,341615384,1425,1424,5564950074123245956,58952,23f703aa3bc9,2026-08-28T19:42:39Z,40000,39999,1,,,,,,,,,,,,,,,,,
campaign_e_in,in_n40000_rho1.0_near-ties_seed2.pcf,dhpac,2,0,340247287,1425,1424,5564950074123245956,59208,23f703aa3bc9,2026-08-28T19:42:40Z,40000,39999,1,,,,,,,,,,,,,,,,,
campaign_e_in,in_n40000_rho1.0_near-ties_seed3.pcf,dhpac,0,0,324720528,1392,1391,2132425397963782995,36416,23f703aa3bc9,2026-08-28T19:42:40Z,40000,39999,1,,,,,,,,,,,,,,,,,
campaign_e_in,in_n40000_rho1.0_near-ties_seed3.pcf,dhpac,1,0,323747029,1392,1391,2132425397963782995,56872,23f703aa3bc9,2026-08-28T19:42:40Z,40000,39999,1,,,,,,,,,,,,,,,,,
campaign_e_in,in_n40000_rho1.0_near-ties_seed3.pcf,dhpac,2,0,324589300,1392,1391,2132425397963782995,56972,23f703aa3bc9,2026-08-28T19:42:41Z,40000,39999,1,,,,,,,,,,,,,,,,,
campaign_e_in,in_n40000_rho1.0_near-ties_seed4.pcf,dhpac,0,0,323000653,1415,1414,6471422626268513399,36424,23f703aa3bc9,2026-08-28T19:42:41Z,40000,39999,1,,,,,,,,,,,,,,,,,
campaign_e_in,in_n40000_rho1.0_near-ties_seed4.pcf,dhpac,1,0,322362586,1415,1414,6471422626268513399,57040,23f703aa3bc9,2026-08-28T19:42:41Z,40000,39999,1,,,,,,,,,,,,,,,,,
campaign_e_in,in_n40000_rho1.0_near-ties_seed4.pcf,dhpac,2,0,321292701,1415,1414,6471422626268513399,57040,23f703aa3bc9,2026-08-28T19:42:42Z,40000,39999,1,,,,,,,,,,,,,,,,,
campaign_e_in,in_n400_rho0.6_anti-correlated_seed0.pcf,dhpac,0,0,282206,277,276,10216987277726758458,17280,23f703aa3bc9,2026-08-28T19:42:42Z,400,233,167,,,,,,,,,,,,,,,,,
campaign_e_in,in_n400_rho0.6_anti-correlated_seed0.pcf,dhpac,1,0,250923,277,276,10216987277726758458,17280,23f703aa3bc9,2026-08-28T19:42:42Z,400,233,167,,,,,,,,,,,,,,,,,
campaign_e_in,in_n400_rho0.6_anti-correlated_seed0.pcf,dhpac,2,0,238611,277,276,10216987277726758458,17280,23f703aa3bc9,2026-08-28T19:42:42Z,400,233,167,,,,,,,,,,,,,,,,,
campaign_e_in,in_n400_rho0.6_anti-correlated_seed1.pcf,dhpac,0,0,347108,286,285,8308546349585128839,17280,23f703aa3bc9,2026-08-28T19:42:42Z,400,253,147,,,,,,,,,,,,,,,,,
campaign_e_in,in_n400_rho0.6_anti-correlated_seed1.pcf,dhpac,1,0,312030,286,285,8308546349585128839,17280,23f703aa3bc9,2026-08-28T19:42:42Z,400,253,147,,,,,,,,,,,,,,,,,
campaign_e_in,in_n400_rho0.6_anti-correlated_seed1.pcf,dhpac,2,0,300938,286,285,8308546349585128839,17280,23f703aa3bc9,2026-08-28T19:42:42Z,400,253,147,,,,,,,,,,,,,,,,,
campaign_e_in,in_n400_rho0.6_anti-correlated_seed2.pcf,dhpac,0,0,288175,274,273,11273131719088680451,17280,23f703aa3bc9,2026-08-28T19:42:42Z,400,239,161,,,,,,,,,,,,,,,,,
campaign_e_in,in_n400_rho0.6_anti-correlated_seed2.pcf,dhpac,1,0,253852,274,273,11273131719088680451,17280,23f703aa3bc9,2026-08-28T19:42:42Z,400,239,161,,,,,,,,,,,,,,,,,
campaign_e_in,in_n400_rho0.6_anti-correlated_seed2.pcf,dhpac,2,0,244810,274,273,11273131719088680451,17280,23f703aa3bc9,2026-08-28T19:42:42Z,400,239,161,,,,,,,,,,,,,,,,,
campaign_e_in,in_n400_rho0.6_anti-correlated_seed3.pcf,dhpac,0,0,262855,272,271,2836705107733766665,17280,23f703aa3bc9,2026-08-28T19:42:42Z,400,237,163,,,,,,,,,,,,,,,,,
campaign_e_in,in_n400_rho0.6_anti-correlated_seed3.pcf,dhpac,1,0,229696,272,271,2836705107733766665,17280,23f703aa3bc9,2026-08-28T19:42:42Z,400,237,163,,,,,,,,,,,,,,,,,
campaign_e_in,in_n400_rho0.6_anti-correlated_seed3.pcf,dhpac,2,0,223485,272,271,2836705107733766665,17280,23f703aa3bc9,2026-08-28T19:42:42Z,400,237,163,,,,,,,,,,,,,,,,,
campaign_e_in,in_n400_rho0.6_anti-correlated_seed4.pcf,dhpac,0,0,277380,273,272,1121604690043677599,17280,23f703aa3bc9,2026-08-28T19:42:42Z,400,243,157,,,,,,,,,,,,,,,,,
campaign_e_in,in_n400_rho0.6_anti-correlated_seed4.pcf,dhpac,1,0,245944,273,272,1121604690043677599,17280,23f703aa3bc9,2026-08-28T19:42:42Z,400,243,157,,,,,,,,,,,,,,,,,
campaign_e_in,in_n400_rho0.6_anti-correlated_seed4.pcf,dhpac,2,0,234375,273,272,1121604690043677599,17280,23f703aa3bc9,2026-08-28T19:42:42Z,400,243,157,,,,,,,,,,,,,,,,,
campaign_e_in,in_n400_rho0.6_correlated_seed0.pcf,dhpac,0,0,297778,274,273,10026670676119603215,17280,23f703aa3bc9,2026-08-28T19:42:42Z,400,233,167,,,,,,,,,,,,,,,,,
campaign_e_in,in_n400_rho0.6_correlated_seed0.pcf,dhpac,1,0,259438,274,273,10026670676119603215,17280,23f703aa3bc9,2026-08-28T19:42:42Z,400,233,167,,,,,,,,,,,,,,,,,
campaign_e_in,in_n400_rho0.6_correlated_seed0.pcf,dhpac,2,0,246008,274,273,10026670676119603215,17280,23f703aa3bc9,2026-08-28T19:42:42Z,400,233,167,,,,,,,,,,,,,,,,,
campaign_e_in,in_n400_rho0.6_correlated_seed1.pcf,dhpac,0,0,328950,276,275,6854365155742824843,17280,23f703aa3bc9,2026-08-28T19:42:42Z,400,253,147,,,,,,,,,,,,,,,,,
campaign_e_in,in_n400_rho0.6_correlated_seed1.pcf,dhpac,1,0,288283,276,275,6854365155742824843,17280,23f703aa3bc9,2026-08-28T19:42:42Z,400,253,147,,,,,,,,,,,,,,,,,
campaign_e_in,in_n400_rho0.6_correlated_seed1.pcf,dhpac,2,0,276852,276,275,6854365155742824843,17280,23f703aa3bc9,2026-08-28T19:42:42Z,400,253,147,,,,,,,,,,,,,,,,,
campaign_e_in,in_n400_rho0.6_correlated_seed2.pcf,dhpac,0,0,282233,280,279,5591377144929856061,17440,23f703aa3bc9,2026-08-28T19:42:42Z,400,239,161,,,,,,,,,,,,,,,,,
campaign_e_in,in_n400_rho0.6_correlated_seed2.pcf,dhpac,1,0,247844,280,279,5591377144929856061,17440,23f703aa3bc9,2026-08-28T19:42:42Z,400,239,161,,,,,,,,,,,,,,,,,
campaign_e_in,in_n400_rho0.6_correlated_seed2.pcf,dhpac,2,0,238216,280,279,5591377144929856061,17440,23f703aa3bc9,2026-08-28T19:42:42Z,400,239,161,,,,,,,,,,,,,,,,,
campaign_e_in,in_n400_rho0.6_correlated_seed3.pcf,dhpac,0,0,264867,286,285,4041184021768028438,17440,23f703aa3bc9,2026-08-28T19:42:42Z,400,237,163,,,,,,,,,,,,,,,,,
campaign_e_in,in_n400_rho0.6_correlated_seed3.pcf,dhpac,1,0,230741,286,285,4041184021768028438,17440,23f703aa3bc9,2026-08-28T19:42:42Z,400,237,163,,,,,,,,,,,,,,,,,
campaign_e_in,in_n400_rho0.6_correlated_seed3.pcf,dhpac,2,0,297555,286,285,4041184021768028438,17440,23f703aa3bc9,2026-08-28T19:42:42Z,400,237,163,,,,,,,,,,,,,,,,,
campaign_e_in,in_n400_rho0.6_correlated_seed4.pcf,dhpac,0,0,276766,284,283,5371542779279530175,17440,23f703aa3bc9,2026-08-28T19:42:42Z,400,243,157,,,,,,,,,,,,,,,,,
campaign_e_in,in_n400_rho0.6_correlated_seed4.pcf,dhpac,1,0,253800,284,283,5371542779279530175,17440,23f703aa3bc9,2026-08-28T19:42:42Z,400,243,157,,,,,,,,,,,,,,,,,
campaign_e_in,in_n400_rho0.6_correlated_seed4.pcf,dhpac,2,0,232889,284,283,5371542779279530175,17440,23f703aa3bc9,2026-08-28T19:42:42Z,400,243,157,,,,,,,,,,,,,,,,,
campaign_e_in,in_n400_rho0.6_exact-ties_seed0.pcf,dhpac,0,0,226156,93,92,17704105385044583777,17440,23f703aa3bc9,2026-08-28T19:42:42Z,400,235,165,,,,,,,,,,,,,,,,,
campaign_e_in,in_n400_rho0.6_exact-ties_seed0.pcf,dhpac,1,0,204753,93,92,17704105385044583777,17440,23f703aa3bc9,2026-08-28T19:42:42Z,400,235,165,,,,,,,,,,,,,,,,,
campaign_e_in,in_n400_rho0.6_exact-ties_seed0.pcf,dhpac,2,0,206085,93,92,17704105385044583777,17440,23f703aa3bc9,2026-08-28T19:42:42Z,400,235,165,,,,,,,,,,,,,,,,,
campaign_e_in,in_n400_rho0.6_exact-ties_seed1.pcf,dhpac,0,0,300191,79,78,702135521887148369,17440,23f703aa3bc9,2026-08-28T19:42:42Z,400,246,154,,,,,,,,,,,,,,,,,
campaign_e_in,in_n400_rho0.6_exact-ties_seed1.pcf,dhpac,1,0,271948,79,78,702135521887148369,17440,23f703aa3bc9,2026-08-28T19:42:42Z,400,246,154,,,,,,,,,,,,,,,,,
campaign_e_in,in_n400_rho0.6_exact-ties_seed1.pcf,dhpac,2,0,260730,79,78,702135521887148369,17440,23f703aa3bc9,2026-08-28T19:42:42Z,400,246,154,,,,,,,,,,,,,,,,,
campaign_e_in,in_n400_rho0.6_exact-ties_seed2.pcf,dhpac,0,0,244659,83,82,8018449981287076956,17440,23f703aa3bc9,2026-08-28T19:42:42Z,400,242,158,,,,,,,,,,,,,,,,,
campaign_e_in,in_n400_rho0.6_exact-ties_seed2.pcf,dhpac,1,0,214650,83,82,8018449981287076956,17440,23f703aa3bc9,2026-08-28T19:42:42Z,400,242,158,,,,,,,,,,,,,,,,,
campaign_e_in,in_n400_rho0.6_exact-ties_seed2.pcf,dhpac,2,0,203988,83,82,8018449981287076956,17440,23f703aa3bc9,2026-08-28T19:42:42Z,400,242,158,,,,,,,,,,,,,,,,,
campaign_e_in,in_n400_rho0.6_exact-ties_seed3.pcf,dhpac,0,0,270692,74,73,8265253299544209772,17440,23f703aa3bc9,2026-08-28T19:42:42Z,400,245,155,,,,,,,,,,,,,,,,,
campaign_e_in,in_n400_rho0.6_exact-ties_seed3.pcf,dhpac,1,0,246382,74,73,8265253299544209772,17440,23f703aa3bc9,2026-08-28T19:42:42Z,400,245,155,,,,,,,,,,,,,,,,,
campaign_e_in,in_n400_rho0.6_exact-ties_seed3.pcf,dhpac,2,0,233733,74,73,8265253299544209772,17440,23f703aa3bc9,2026-08-28T19:42:42Z,400,245,155,,,,,,,,,,,,,,,,,
campaign_e_in,in_n400_rho0.6_exact-ties_seed4.pcf,dhpac,0,0,263459,86,85,12590593089214587149,17440,23f703aa3bc9,2026-08-28T19:42:42Z,400,247,153,,,,,,,,,,,,,,,,,
campaign_e_in,in_n400_rho0.6_exact-ties_seed4.pcf,dhpac,1,0,235669,86,85,12590593089214587149,17440,23f703aa3bc9,2026-08-28T19:42:42Z,400,247,153,,,,,,,,,,,,,,,,,
campaign_e_in,in_n400_rho0.6_exact-ties_seed4.pcf,dhpac,2,0,226667,86,85,12590593089214587149,17440,23f703aa3bc9,2026-08-28T19:42:42Z,400,247,153,,,,,,,,,,,,,,,,,
campaign_e_in,in_n400_rho0.6_independent-positive_seed0.pcf,dhpac,0,0,277708,284,283,18293067961348331672,17440,23f703aa3bc9,2026-08-28T19:42:42Z,400,234,166,,,,,,,,,,,,,,,,,
campaign_e_in,in_n400_rho0.6_independent-positive_seed0.pcf,dhpac,1,0,238512,284,283,18293067961348331672,17440,23f703aa3bc9,2026-08-28T19:42:42Z,400,234,166,,,,,,,,,,,,,,,,,
campaign_e_in,in_n400_rho0.6_independent-positive_seed0.pcf,dhpac,2,0,245197,284,283,18293067961348331672,17440,23f703aa3bc9,2026-08-28T19:42:42Z,400,234,166,,,,,,,,,,,,,,,,,
campaign_e_in,in_n400_rho0.6_independent-positive_seed1.pcf,dhpac,0,0,280236,287,286,18422012234203763560,17440,23f703aa3bc9,2026-08-28T19:42:42Z,400,241,159,,,,,,,,,,,,,,,,,
campaign_e_in,in_n400_rho0.6_independent-positive_seed1.pcf,dhpac,1,0,250580,287,286,18422012234203763560,17440,23f703aa3bc9,2026-08-28T19:42:42Z,400,241,159,,,,,,,,,,,,,,,,,
campaign_e_in,in_n400_rho0.6_independent-positive_seed1.pcf,dhpac,2,0,245397,287,286,18422012234203763560,17440,23f703aa3bc9,2026-08-28T19:42:42Z,400,241,159,,,,,,,,,,,,,,,,,
campaign_e_in,in_n400_rho0.6_independent-positive_seed2.pcf,dhpac,0,0,281749,273,272,3557619441875397245,17440,23f703aa3bc9,2026-08-28T19:42:42Z,400,240,160,,,,,,,,,,,,,,,,,
campaign_e_in,in_n400_rho0.6_independent-positive_seed2.pcf,dhpac,1,0,257198,273,272,3557619441875397245,17440,23f703aa3bc9,2026-08-28T19:42:42Z,400,240,160,,,,,,,,,,,,,,,,,
campaign_e_in,in_n400_rho0.6_independent-positive_seed2.pcf,dhpac,2,0,239381,273,272,3557619441875397245,17440,23f703aa3bc9,2026-08-28T19:42:42Z,400,240,160,,,,,,,,,,,,,,,,,
campaign_e_in,in_n400_rho0.6_independent-positive_seed3.pcf,dhpac,0,0,395232,277,276,7660052937189991167,17440,23f703aa3bc9,2026-08-28T19:42:42Z,400,231,169,,,,,,,,,,,,,,,,,
campaign_e_in,in_n400_rho0.6_independent-positive_seed3.pcf,dhpac,1,0,260748,277,276,7660052937189991167,17440,23f703aa3bc9,2026-08-28T19:42:42Z,400,231,169,,,,,,,,,,,,,,,,,
campaign_e_in,in_n400_rho0.6_independent-positive_seed3.pcf,dhpac,2,0,254550,277,276,7660052937189991167,17440,23f703aa3bc9,2026-08-28T19:42:42Z,400,231,169,,,,,,,,,,,,,,,,,
campaign_e_in,in_n400_rho0.6_independent-positive_seed4.pcf,dhpac,0,0,268613,270,269,4850912976002940114,17440,23f703aa3bc9,2026-08-28T19:42:42Z,400,241,159,,,,,,,,,,,,,,,,,
campaign_e_in,in_n400_rho0.6_independent-positive_seed4.pcf,dhpac,1,0,238083,270,269,4850912976002940114,17440,23f703aa3bc9,2026-08-28T19:42:42Z,400,241,159,,,,,,,,,,,,,,,,,
campaign_e_in,in_n400_rho0.6_independent-positive_seed4.pcf,dhpac,2,0,225328,270,269,4850912976002940114,17440,23f703aa3bc9,2026-08-28T19:42:42Z,400,241,159,,,,,,,,,,,,,,,,,
campaign_e_in,in_n400_rho0.6_independent-signed_seed0.pcf,dhpac,0,0,281296,288,287,14556454940519641684,17440,23f703aa3bc9,2026-08-28T19:42:42Z,400,234,166,,,,,,,,,,,,,,,,,
campaign_e_in,in_n400_rho0.6_independent-signed_seed0.pcf,dhpac,1,0,241308,288,287,14556454940519641684,17440,23f703aa3bc9,2026-08-28T19:42:42Z,400,234,166,,,,,,,,,,,,,,,,,
campaign_e_in,in_n400_rho0.6_independent-signed_seed0.pcf,dhpac,2,0,236895,288,287,14556454940519641684,17440,23f703aa3bc9,2026-08-28T19:42:42Z,400,234,166,,,,,,,,,,,,,,,,,
campaign_e_in,in_n400_rho0.6_independent-signed_seed1.pcf,dhpac,0,0,280962,275,274,4065916855820787108,17440,23f703aa3bc9,2026-08-28T19:42:42Z,400,241,159,,,,,,,,,,,,,,,,,
campaign_e_in,in_n400_rho0.6_independent-signed_seed1.pcf,dhpac,1,0,250364,275,274,4065916855820787108,17440,23f703aa3bc9,2026-08-28T19:42:42Z,400,241,159,,,,,,,,,,,,,,,,,
campaign_e_in,in_n400_rho0.6_independent-signed_seed1.pcf,dhpac,2,0,245831,275,274,4065916855820787108,17440,23f703aa3bc9,2026-08-28T19:42:42Z,400,241,159,,,,,,,,,,,,,,,,,
campaign_e_in,in_n400_rho0.6_independent-signed_seed2.pcf,dhpac,0,0,282262,276,275,4202210934059313969,17440,23f703aa3bc9,2026-08-28T19:42:42Z,400,240,160,,,,,,,,,,,,,,,,,
campaign_e_in,in_n400_rho0.6_independent-signed_seed2.pcf,dhpac,1,0,254350,276,275,4202210934059313969,17440,23f703aa3bc9,2026-08-28T19:42:42Z,400,240,160,,,,,,,,,,,,,,,,,
campaign_e_in,in_n400_rho0.6_independent-signed_seed2.pcf,dhpac,2,0,238591,276,275,4202210934059313969,17440,23f703aa3bc9,2026-08-28T19:42:42Z,400,240,160,,,,,,,,,,,,,,,,,
campaign_e_in,in_n400_rho0.6_independent-signed_seed3.pcf,dhpac,0,0,300409,277,276,16606307445578545912,17440,23f703aa3bc9,2026-08-28T19:42:42Z,400,231,169,,,,,,,,,,,,,,,,,
campaign_e_in,in_n400_rho0.6_independent-signed_seed3.pcf,dhpac,1,0,255793,277,276,16606307445578545912,17440,23f703aa3bc9,2026-08-28T19:42:42Z,400,231,169,,,,,,,,,,,,,,,,,
campaign_e_in,in_n400_rho0.6_independent-signed_seed3.pcf,dhpac,2,0,245551,277,276,16606307445578545912,17440,23f703aa3bc9,2026-08-28T19:42:42Z,400,231,169,,,,,,,,,,,,,,,,,
campaign_e_in,in_n400_rho0.6_independent-signed_seed4.pcf,dhpac,0,0,273203,284,283,15212467499772410067,17440,23f703aa3bc9,2026-08-28T19:42:42Z,400,241,159,,,,,,,,,,,,,,,,,
campaign_e_in,in_n400_rho0.6_independent-signed_seed4.pcf,dhpac,1,0,238739,284,283,15212467499772410067,17440,23f703aa3bc9,2026-08-28T19:42:42Z,400,241,159,,,,,,,,,,,,,,,,,
campaign_e_in,in_n400_rho0.6_independent-signed_seed4.pcf,dhpac,2,0,247390,284,283,15212467499772410067,17440,23f703aa3bc9,2026-08-28T19:42:42Z,400,241,159,,,,,,,,,,,,,,,,,
campaign_e_in,in_n400_rho0.6_near-ties_seed0.pcf,dhpac,0,0,296177,157,156,15766756039296784159,17440,23f703aa3bc9,2026-08-28T19:42:42Z,400,244,156,,,,,,,,,,,,,,,,,
campaign_e_in,in_n400_rho0.6_near-ties_seed0.pcf,dhpac,1,0,264705,157,156,15766756039296784159,17440,23f703aa3bc9,2026-08-28T19:42:42Z,400,244,156,,,,,,,,,,,,,,,,,
campaign_e_in,in_n400_rho0.6_near-ties_seed0.pcf,dhpac,2,0,255332,157,156,15766756039296784159,17440,23f703aa3bc9,2026-08-28T19:42:42Z,400,244,156,,,,,,,,,,,,,,,,,
campaign_e_in,in_n400_rho0.6_near-ties_seed1.pcf,dhpac,0,0,282123,140,139,17359838880216164862,17600,23f703aa3bc9,2026-08-28T19:42:42Z,400,250,150,,,,,,,,,,,,,,,,,
campaign_e_in,in_n400_rho0.6_near-ties_seed1.pcf,dhpac,1,0,255036,140,139,17359838880216164862,17600,23f703aa3bc9,2026-08-28T19:42:42Z,400,250,150,,,,,,,,,,,,,,,,,
campaign_e_in,in_n400_rho0.6_near-ties_seed1.pcf,dhpac,2,0,243331,140,139,17359838880216164862,17600,23f703aa3bc9,2026-08-28T19:42:42Z,400,250,150,,,,,,,,,,,,,,,,,
campaign_e_in,in_n400_rho0.6_near-ties_seed2.pcf,dhpac,0,0,275407,140,139,15022516944358416988,17600,23f703aa3bc9,2026-08-28T19:42:42Z,400,241,159,,,,,,,,,,,,,,,,,
campaign_e_in,in_n400_rho0.6_near-ties_seed2.pcf,dhpac,1,0,251365,140,139,15022516944358416988,17600,23f703aa3bc9,2026-08-28T19:42:42Z,400,241,159,,,,,,,,,,,,,,,,,
campaign_e_in,in_n400_rho0.6_near-ties_seed2.pcf,dhpac,2,0,236746,140,139,15022516944358416988,17600,23f703aa3bc9,2026-08-28T19:42:42Z,400,241,159,,,,,,,,,,,,,,,,,
campaign_e_in,in_n400_rho0.6_near-ties_seed3.pcf,dhpac,0,0,310719,138,137,8867410696124417039,17600,23f703aa3bc9,2026-08-28T19:42:42Z,400,245,155,,,,,,,,,,,,,,,,,
campaign_e_in,in_n400_rho0.6_near-ties_seed3.pcf,dhpac,1,0,279859,138,137,8867410696124417039,17600,23f703aa3bc9,2026-08-28T19:42:42Z,400,245,155,,,,,,,,,,,,,,,,,
campaign_e_in,in_n400_rho0.6_near-ties_seed3.pcf,dhpac,2,0,338029,138,137,8867410696124417039,17600,23f703aa3bc9,2026-08-28T19:42:42Z,400,245,155,,,,,,,,,,,,,,,,,
campaign_e_in,in_n400_rho0.6_near-ties_seed4.pcf,dhpac,0,0,274511,146,145,2474394528769602187,17600,23f703aa3bc9,2026-08-28T19:42:42Z,400,240,160,,,,,,,,,,,,,,,,,
campaign_e_in,in_n400_rho0.6_near-ties_seed4.pcf,dhpac,1,0,245887,146,145,2474394528769602187,17600,23f703aa3bc9,2026-08-28T19:42:42Z,400,240,160,,,,,,,,,,,,,,,,,
campaign_e_in,in_n400_rho0.6_near-ties_seed4.pcf,dhpac,2,0,239982,146,145,2474394528769602187,17600,23f703aa3bc9,2026-08-28T19:42:42Z,400,240,160,,,,,,,,,,,,,,,,,
campaign_e_in,in_n400_rho1.0_anti-correlated_seed0.pcf,dhpac,0,0,1081810,211,210,11578078126929445546,17600,23f703aa3bc9,2026-08-28T19:42:42Z,400,399,1,,,,,,,,,,,,,,,,,
campaign_e_in,in_n400_rho1.0_anti-correlated_seed0.pcf,dhpac,1,0,1040752,211,210,11578078126929445546,17600,23f703aa3bc9,2026-08-28T19:42:42Z,400,399,1,,,,,,,,,,,,,,,,,
campaign_e_in,in_n400_rho1.0_anti-correlated_seed0.pcf,dhpac,2,0,1044039,211,210,11578078126929445546,17600,23f703aa3bc9,2026-08-28T19:42:42Z,400,399,1,,,,,,,,,,,,,,,,,
campaign_e_in,in_n400_rho1.0_anti-correlated_seed1.pcf,dhpac,0,0,1257431,202,201,13782128124528077209,17600,23f703aa3bc9,2026-08-28T19:42:42Z,400,399,1,,,,,,,,,,,,,,,,,
campaign_e_in,in_n400_rho1.0_anti-correlated_seed1.pcf,dhpac,1,0,1210549,202,201,13782128124528077209,17600,23f703aa3bc9,2026-08-28T19:42:42Z,400,399,1,,,,,,,,,,,,,,,,,
campaign_e_in,in_n400_rho1.0_anti-correlated_seed1.pcf,dhpac,2,0,1210388,202,201,13782128124528077209,17600,23f703aa3bc9,2026-08-28T19:42:42Z,400,399,1,,,,,,,,,,,,,,,,,
campaign_e_in,in_n400_rho1.0_anti-correlated_seed2.pcf,dhpac,0,0,902878,189,188,11711307778588932401,17600,23f703aa3bc9,2026-08-28T19:42:42Z,400,399,1,,,,,,,,,,,,,,,,,
campaign_e_in,in_n400_rho1.0_anti-correlated_seed2.pcf,dhpac,1,0,854623,189,188,11711307778588932401,17600,23f703aa3bc9,2026-08-28T19:42:42Z,400,399,1,,,,,,,,,,,,,,,,,
campaign_e_in,in_n400_rho1.0_anti-correlated_seed2.pcf,dhpac,2,0,860534,189,188,11711307778588932401,17600,23f703aa3bc9,2026-08-28T19:42:42Z,400,399,1,,,,,,,,,,,,,,,,,
campaign_e_in,in_n400_rho1.0_anti-correlated_seed3.pcf,dhpac,0,0,1005238,203,202,9881449833975946600,17600,23f703aa3bc9,2026-08-28T19:42:42Z,400,399,1,,,,,,,,,,,,,,,,,
campaign_e_in,in_n400_rho1.0_anti-correlated_seed3.pcf,dhpac,1,0,948280,203,202,9881449833975946600,17600,23f703aa3bc9,2026-08-28T19:42:42Z,400,399,1,,,,,,,,,,,,,,,,,
campaign_e_in,in_n400_rho1.0_anti-correlated_seed3.pcf,dhpac,2,0,981068,203,202,9881449833975946600,17600,23f703aa3bc9,2026-08-28T19:42:42Z,400,399,1,,,,,,,,,,,,,,,,,
campaign_e_in,in_n400_rho1.0_anti-correlated_seed4.pcf,dhpac,0,0,1091388,201,200,18007722995553643199,17600,23f703aa3bc9,2026-08-28T19:42:42Z,400,399,1,,,,,,,,,,,,,,,,,
campaign_e_in,in_n400_rho1.0_anti-correlated_seed4.pcf,dhpac,1,0,1101334,201,200,18007722995553643199,17600,23f703aa3bc9,2026-08-28T19:42:42Z,400,399,1,,,,,,,,,,,,,,,,,
campaign_e_in,in_n400_rho1.0_anti-correlated_seed4.pcf,dhpac,2,0,1053658,201,200,18007722995553643199,17600,23f703aa3bc9,2026-08-28T19:42:42Z,400,399,1,,,,,,,,,,,,,,,,,
campaign_e_in,in_n400_rho1.0_correlated_seed0.pcf,dhpac,0,0,1110624,211,210,11998886669320935682,17600,23f703aa3bc9,2026-08-28T19:42:42Z,400,399,1,,,,,,,,,,,,,,,,,
campaign_e_in,in_n400_rho1.0_correlated_seed0.pcf,dhpac,1,0,1068766,211,210,11998886669320935682,17600,23f703aa3bc9,2026-08-28T19:42:42Z,400,399,1,,,,,,,,,,,,,,,,,
campaign_e_in,in_n400_rho1.0_correlated_seed0.pcf,dhpac,2,0,1080645,211,210,11998886669320935682,17600,23f703aa3bc9,2026-08-28T19:42:42Z,400,399,1,,,,,,,,,,,,,,,,,
campaign_e_in,in_n400_rho1.0_correlated_seed1.pcf,dhpac,0,0,1193361,211,210,11165137220260834550,17600,23f703aa3bc9,2026-08-28T19:42:42Z,400,399,1,,,,,,,,,,,,,,,,,
campaign_e_in,in_n400_rho1.0_correlated_seed1.pcf,dhpac,1,0,1235919,211,210,11165137220260834550,17600,23f703aa3bc9,2026-08-28T19:42:42Z,400,399,1,,,,,,,,,,,,,,,,,
campaign_e_in,in_n400_rho1.0_correlated_seed1.pcf,dhpac,2,0,1141306,211,210,11165137220260834550,17600,23f703aa3bc9,2026-08-28T19:42:42Z,400,399,1,,,,,,,,,,,,,,,,,
campaign_e_in,in_n400_rho1.0_correlated_seed2.pcf,dhpac,0,0,918902,191,190,1444519671387919455,17600,23f703aa3bc9,2026-08-28T19:42:42Z,400,399,1,,,,,,,,,,,,,,,,,
campaign_e_in,in_n400_rho1.0_correlated_seed2.pcf,dhpac,1,0,870602,191,190,1444519671387919455,17600,23f703aa3bc9,2026-08-28T19:42:42Z,400,399,1,,,,,,,,,,,,,,,,,
campaign_e_in,in_n400_rho1.0_correlated_seed2.pcf,dhpac,2,0,855847,191,190,1444519671387919455,17600,23f703aa3bc9,2026-08-28T19:42:42Z,400,399,1,,,,,,,,,,,,,,,,,
campaign_e_in,in_n400_rho1.0_correlated_seed3.pcf,dhpac,0,0,1002689,192,191,266311674867119591,17600,23f703aa3bc9,2026-08-28T19:42:42Z,400,399,1,,,,,,,,,,,,,,,,,
campaign_e_in,in_n400_rho1.0_correlated_seed3.pcf,dhpac,1,0,1030966,192,191,266311674867119591,17600,23f703aa3bc9,2026-08-28T19:42:42Z,400,399,1,,,,,,,,,,,,,,,,,
campaign_e_in,in_n400_rho1.0_correlated_seed3.pcf,dhpac,2,0,970798,192,191,266311674867119591,17600,23f703aa3bc9,2026-08-28T19:42:42Z,400,399,1,,,,,,,,,,,,,,,,,
campaign_e_in,in_n400_rho1.0_correlated_seed4.pcf,dhpac,0,0,1165707,216,215,17888470039185804010,17600,23f703aa3bc9,2026-08-28T19:42:42Z,400,399,1,,,,,,,,,,,,,,,,,
campaign_e_in,in_n400_rho1.0_correlated_seed4.pcf,dhpac,1,0,1127412,216,215,17888470039185804010,17600,23f703aa3bc9,2026-08-28T19:42:42Z,400,399,1,,,,,,,,,,,,,,,,,
campaign_e_in,in_n400_rho1.0_correlated_seed4.pcf,dhpac,2,0,1115202,216,215,17888470039185804010,17600,23f703aa3bc9,2026-08-28T19:42:42Z,400,399,1,,,,,,,,,,,,,,,,,
campaign_e_in,in_n400_rho1.0_exact-ties_seed0.pcf,dhpac,0,0,1205066,86,85,2417000364467762395,17600,23f703aa3bc9,2026-08-28T19:42:42Z,400,399,1,,,,,,,,,,,,,,,,,
campaign_e_in,in_n400_rho1.0_exact-ties_seed0.pcf,dhpac,1,0,1169331,86,85,2417000364467762395,17600,23f703aa3bc9,2026-08-28T19:42:42Z,400,399,1,,,,,,,,,,,,,,,,,
campaign_e_in,in_n400_rho1.0_exact-ties_seed0.pcf,dhpac,2,0,1182205,86,85,2417000364467762395,17600,23f703aa3bc9,2026-08-28T19:42:42Z,400,399,1,,,,,,,,,,,,,,,,,
campaign_e_in,in_n400_rho1.0_exact-ties_seed1.pcf,dhpac,0,0,981142,91,90,11289206307500538402,17600,23f703aa3bc9,2026-08-28T19:42:42Z,400,399,1,,,,,,,,,,,,,,,,,
campaign_e_in,in_n400_rho1.0_exact-ties_seed1.pcf,dhpac,1,0,951428,91,90,11289206307500538402,17600,23f703aa3bc9,2026-08-28T19:42:42Z,400,399,1,,,,,,,,,,,,,,,,,
campaign_e_in,in_n400_rho1.0_exact-ties_seed1.pcf,dhpac,2,0,950804,91,90,11289206307500538402,17600,23f703aa3bc9,2026-08-28T19:42:42Z,400,399,1,,,,,,,,,,,,,,,,,
campaign_e_in,in_n400_rho1.0_exact-ties_seed2.pcf,dhpac,0,0,895978,87,86,723823067734508757,17600,23f703aa3bc9,2026-08-28T19:42:42Z,400,399,1,,,,,,,,,,,,,,,,,
campaign_e_in,in_n400_rho1.0_exact-ties_seed2.pcf,dhpac,1,0,864721,87,86,723823067734508757,17600,23f703aa3bc9,2026-08-28T19:42:42Z,400,399,1,,,,,,,,,,,,,,,,,
campaign_e_in,in_n400_rho1.0_exact-ties_seed2.pcf,dhpac,2,0,863461,87,86,723823067734508757,17600,23f703aa3bc9,2026-08-28T19:42:42Z,400,399,1,,,,,,,,,,,,,,,,,
campaign_e_in,in_n400_rho1.0_exact-ties_seed3.pcf,dhpac,0,0,886831,87,86,3275146279030037662,17600,23f703aa3bc9,2026-08-28T19:42:42Z,400,399,1,,,,,,,,,,,,,,,,,
campaign_e_in,in_n400_rho1.0_exact-ties_seed3.pcf,dhpac,1,0,895297,87,86,3275146279030037662,17600,23f703aa3bc9,2026-08-28T19:42:42Z,400,399,1,,,,,,,,,,,,,,,,,
campaign_e_in,in_n400_rho1.0_exact-ties_seed3.pcf,dhpac,2,0,855670,87,86,3275146279030037662,17600,23f703aa3bc9,2026-08-28T19:42:42Z,400,399,1,,,,,,,,,,,,,,,,,
campaign_e_in,in_n400_rho1.0_exact-ties_seed4.pcf,dhpac,0,0,877576,79,78,8108217842407964802,17600,23f703aa3bc9,2026-08-28T19:42:42Z,400,399,1,,,,,,,,,,,,,,,,,
campaign_e_in,in_n400_rho1.0_exact-ties_seed4.pcf,dhpac,1,0,912130,79,78,8108217842407964802,17600,23f703aa3bc9,2026-08-28T19:42:42Z,400,399,1,,,,,,,,,,,,,,,,,
campaign_e_in,in_n400_rho1.0_exact-ties_seed4.pcf,dhpac,2,0,839335,79,78,8108217842407964802,17600,23f703aa3bc9,2026-08-28T19:42:42Z,400,399,1,,,,,,,,,,,,,,,,,
campaign_e_in,in_n400_rho1.0_independent-positive_seed0.pcf,dhpac,0,0,981795,220,219,6272081373942687929,17760,23f703aa3bc9,2026-08-28T19:42:42Z,400,399,1,,,,,,,,,,,,,,,,,
campaign_e_in,in_n400_rho1.0_independent-positive_seed0.pcf,dhpac,1,0,994443,220,219,6272081373942687929,17760,23f703aa3bc9,2026-08-28T19:42:42Z,400,399,1,,,,,,,,,,,,,,,,,
campaign_e_in,in_n400_rho1.0_independent-positive_seed0.pcf,dhpac,2,0,948241,220,219,6272081373942687929,17760,23f703aa3bc9,2026-08-28T19:42:42Z,400,399,1,,,,,,,,,,,,,,,,,
campaign_e_in,in_n400_rho1.0_independent-positive_seed1.pcf,dhpac,0,0,932813,209,208,14433387825633419041,17760,23f703aa3bc9,2026-08-28T19:42:42Z,400,399,1,,,,,,,,,,,,,,,,,
campaign_e_in,in_n400_rho1.0_independent-positive_seed1.pcf,dhpac,1,0,907480,209,208,14433387825633419041,17760,23f703aa3bc9,2026-08-28T19:42:42Z,400,399,1,,,,,,,,,,,,,,,,,
campaign_e_in,in_n400_rho1.0_independent-positive_seed1.pcf,dhpac,2,0,899977,209,208,14433387825633419041,17760,23f703aa3bc9,2026-08-28T19:42:42Z,400,399,1,,,,,,,,,,,,,,,,,
campaign_e_in,in_n400_rho1.0_independent-positive_seed2.pcf,dhpac,0,0,1048137,210,209,4243426766991890636,17760,23f703aa3bc9,2026-08-28T19:42:42Z,400,399,1,,,,,,,,,,,,,,,,,
campaign_e_in,in_n400_rho1.0_independent-positive_seed2.pcf,dhpac,1,0,1080749,210,209,4243426766991890636,17760,23f703aa3bc9,2026-08-28T19:42:42Z,400,399,1,,,,,,,,,,,,,,,,,
campaign_e_in,in_n400_rho1.0_independent-positive_seed2.pcf,dhpac,2,0,1010055,210,209,4243426766991890636,17760,23f703aa3bc9,2026-08-28T19:42:42Z,400,399,1,,,,,,,,,,,,,,,,,
campaign_e_in,in_n400_rho1.0_independent-positive_seed3.pcf,dhpac,0,0,985474,200,199,16369993253965817005,17760,23f703aa3bc9,2026-08-28T19:42:42Z,400,399,1,,,,,,,,,,,,,,,,,
campaign_e_in,in_n400_rho1.0_independent-positive_seed3.pcf,dhpac,1,0,944300,200,199,16369993253965817005,17760,23f703aa3bc9,2026-08-28T19:42:42Z,400,399,1,,,,,,,,,,,,,,,,,
campaign_e_in,in_n400_rho1.0_independent-positive_seed3.pcf,dhpac,2,0,949375,200,199,16369993253965817005,17760,23f703aa3bc9,2026-08-28T19:42:42Z,400,399,1,,,,,,,,,,,,,,,,,
campaign_e_in,in_n400_rho1.0_independent-positive_seed4.pcf,dhpac,0,0,1124965,227,226,10424324407427657708,17760,23f703aa3bc9,2026-08-28T19:42:42Z,400,399,1,,,,,,,,,,,,,,,,,
campaign_e_in,in_n400_rho1.0_independent-positive_seed4.pcf,dhpac,1,0,1095337,227,226,10424324407427657708,17760,23f703aa3bc9,2026-08-28T19:42:42Z,400,399,1,,,,,,,,,,,,,,,,,
campaign_e_in,in_n400_rho1.0_independent-positive_seed4.pcf,dhpac,2,0,1121785,227,226,10424324407427657708,17760,23f703aa3bc9,2026-08-28T19:42:42Z,400,399,1,,,,,,,,,,,,,,,,,
campaign_e_in,in_n400_rho1.0_independent-signed_seed0.pcf,dhpac,0,0,952855,207,206,11764341843296644572,17760,23f703aa3bc9,2026-08-28T19:42:42Z,400,399,1,,,,,,,,,,,,,,,,,
campaign_e_in,in_n400_rho1.0_independent-signed_seed0.pcf,dhpac,1,0,912289,207,206,11764341843296644572,17760,23f703aa3bc9,2026-08-28T19:42:42Z,400,399,1,,,,,,,,,,,,,,,,,
campaign_e_in,in_n400_rho1.0_independent-signed_seed0.pcf,dhpac,2,0,918047,207,206,11764341843296644572,17760,23f703aa3bc9,2026-08-28T19:42:42Z,400,399,1,,,,,,,,,,,,,,,,,
campaign_e_in,in_n400_rho1.0_independent-signed_seed1.pcf,dhpac,0,0,1031341,217,216,18193330770438771155,17760,23f703aa3bc9,2026-08-28T19:42:42Z,400,399,1,,,,,,,,,,,,,,,,,
campaign_e_in,in_n400_rho1.0_independent-signed_seed1.pcf,dhpac,1,0,928751,217,216,18193330770438771155,17760,23f703aa3bc9,2026-08-28T19:42:42Z,400,399,1,,,,,,,,,,,,,,,,,
campaign_e_in,in_n400_rho1.0_independent-signed_seed1.pcf,dhpac,2,0,920712,217,216,18193330770438771155,17760,23f703aa3bc9,2026-08-28T19:42:42Z,400,399,1,,,,,,,,,,,,,,,,,
campaign_e_in,in_n400_rho1.0_independent-signed_seed2.pcf,dhpac,0,0,1000190,202,201,7336678815559968073,17760,23f703aa3bc9,2026-08-28T19:42:42Z,400,399,1,,,,,,,,,,,,,,,,,
campaign_e_in,in_n400_rho1.0_independent-signed_seed2.pcf,dhpac,1,0,994593,202,201,7336678815559968073,17760,23f703aa3bc9,2026-08-28T19:42:42Z,400,399,1,,,,,,,,,,,,,,,,,
campaign_e_in,in_n400_rho1.0_independent-signed_seed2.pcf,dhpac,2,0,990502,202,201,7336678815559968073,17760,23f703aa3bc9,2026-08-28T19:42:42Z,400,399,1,,,,,,,,,,,,,,,,,
campaign_e_in,in_n400_rho1.0_independent-signed_seed3.pcf,dhpac,0,0,983212,205,204,8638066186805545952,17760,23f703aa3bc9,2026-08-28T19:42:42Z,400,399,1,,,,,,,,,,,,,,,,,
campaign_e_in,in_n400_rho1.0_independent-signed_seed3.pcf,dhpac,1,0,949240,205,204,8638066186805545952,17760,23f703aa3bc9,2026-08-28T19:42:42Z,400,399,1,,,,,,,,,,,,,,,,,
campaign_e_in,in_n400_rho1.0_independent-signed_seed3.pcf,dhpac,2,0,955936,205,204,8638066186805545952,17760,23f703aa3bc9,2026-08-28T19:42:42Z,400,399,1,,,,,,,,,,,,,,,,,
campaign_e_in,in_n400_rho1.0_independent-signed_seed4.pcf,dhpac,0,0,1098220,213,212,12894443893109076247,17760,23f703aa3bc9,2026-08-28T19:42:42Z,400,399,1,,,,,,,,,,,,,,,,,
campaign_e_in,in_n400_rho1.0_independent-signed_seed4.pcf,dhpac,1,0,1104656,213,212,12894443893109076247,17760,23f703aa3bc9,2026-08-28T19:42:42Z,400,399,1,,,,,,,,,,,,,,,,,
campaign_e_in,in_n400_rho1.0_independent-signed_seed4.pcf,dhpac,2,0,1064443,213,212,12894443893109076247,17760,23f703aa3bc9,2026-08-28T19:42:42Z,400,399,1,,,,,,,,,,,,,,,,,
campaign_e_in,in_n400_rho1.0_near-ties_seed0.pcf,dhpac,0,0,918295,128,127,10322391802549878809,17760,23f703aa3bc9,2026-08-28T19:42:42Z,400,399,1,,,,,,,,,,,,,,,,,
campaign_e_in,in_n400_rho1.0_near-ties_seed0.pcf,dhpac,1,0,888990,128,127,10322391802549878809,17760,23f703aa3bc9,2026-08-28T19:42:42Z,400,399,1,,,,,,,,,,,,,,,,,
campaign_e_in,in_n400_rho1.0_near-ties_seed0.pcf,dhpac,2,0,909274,128,127,10322391802549878809,17760,23f703aa3bc9,2026-08-28T19:42:42Z,400,399,1,,,,,,,,,,,,,,,,,
campaign_e_in,in_n400_rho1.0_near-ties_seed1.pcf,dhpac,0,0,1056636,119,118,7569286826462679968,17760,23f703aa3bc9,2026-08-28T19:42:42Z,400,399,1,,,,,,,,,,,,,,,,,
campaign_e_in,in_n400_rho1.0_near-ties_seed1.pcf,dhpac,1,0,958528,119,118,7569286826462679968,17760,23f703aa3bc9,2026-08-28T19:42:42Z,400,399,1,,,,,,,,,,,,,,,,,
campaign_e_in,in_n400_rho1.0_near-ties_seed1.pcf,dhpac,2,0,957982,119,118,7569286826462679968,17760,23f703aa3bc9,2026-08-28T19:42:42Z,400,399,1,,,,,,,,,,,,,,,,,
campaign_e_in,in_n400_rho1.0_near-ties_seed2.pcf,dhpac,0,0,949656,118,117,16723281169269656332,17760,23f703aa3bc9,2026-08-28T19:42:42Z,400,399,1,,,,,,,,,,,,,,,,,
campaign_e_in,in_n400_rho1.0_near-ties_seed2.pcf,dhpac,1,0,920078,118,117,16723281169269656332,17760,23f703aa3bc9,2026-08-28T19:42:42Z,400,399,1,,,,,,,,,,,,,,,,,
campaign_e_in,in_n400_rho1.0_near-ties_seed2.pcf,dhpac,2,0,918401,118,117,16723281169269656332,17760,23f703aa3bc9,2026-08-28T19:42:42Z,400,399,1,,,,,,,,,,,,,,,,,
campaign_e_in,in_n400_rho1.0_near-ties_seed3.pcf,dhpac,0,0,874863,130,129,15376875839615835208,17760,23f703aa3bc9,2026-08-28T19:42:42Z,400,399,1,,,,,,,,,,,,,,,,,
campaign_e_in,in_n400_rho1.0_near-ties_seed3.pcf,dhpac,1,0,896744,130,129,15376875839615835208,17760,23f703aa3bc9,2026-08-28T19:42:42Z,400,399,1,,,,,,,,,,,,,,,,,
campaign_e_in,in_n400_rho1.0_near-ties_seed3.pcf,dhpac,2,0,836955,130,129,15376875839615835208,17760,23f703aa3bc9,2026-08-28T19:42:42Z,400,399,1,,,,,,,,,,,,,,,,,
campaign_e_in,in_n400_rho1.0_near-ties_seed4.pcf,dhpac,0,0,1135854,132,131,17685273589264892931,17760,23f703aa3bc9,2026-08-28T19:42:42Z,400,399,1,,,,,,,,,,,,,,,,,
campaign_e_in,in_n400_rho1.0_near-ties_seed4.pcf,dhpac,1,0,1089564,132,131,17685273589264892931,17760,23f703aa3bc9,2026-08-28T19:42:42Z,400,399,1,,,,,,,,,,,,,,,,,
campaign_e_in,in_n400_rho1.0_near-ties_seed4.pcf,dhpac,2,0,1080772,132,131,17685273589264892931,17760,23f703aa3bc9,2026-08-28T19:42:42Z,400,399,1,,,,,,,,,,,,,,,,,
campaign_e_in,in_n50000_rho0.6_anti-correlated_seed0.pcf,dhpac,0,0,52173145,30790,30789,1011093697124553268,19956,23f703aa3bc9,2026-08-28T19:42:42Z,50000,29981,20019,,,,,,,,,,,,,,,,,
campaign_e_in,in_n50000_rho0.6_anti-correlated_seed0.pcf,dhpac,1,0,49688736,30790,30789,1011093697124553268,20568,23f703aa3bc9,2026-08-28T19:42:42Z,50000,29981,20019,,,,,,,,,,,,,,,,,
campaign_e_in,in_n50000_rho0.6_anti-correlated_seed0.pcf,dhpac,2,0,50125265,30790,30789,1011093697124553268,20568,23f703aa3bc9,2026-08-28T19:42:42Z,50000,29981,20019,,,,,,,,,,,,,,,,,
campaign_e_in,in_n50000_rho0.6_anti-correlated_seed1.pcf,dhpac,0,0,51845409,31101,31100,6029064177046287276,19928,23f703aa3bc9,2026-08-28T19:42:42Z,50000,30007,19993,,,,,,,,,,,,,,,,,
campaign_e_in,in_n50000_rho0.6_anti-correlated_seed1.pcf,dhpac,1,0,49412578,31101,31100,6029064177046287276,20616,23f703aa3bc9,2026-08-28T19:42:42Z,50000,30007,19993,,,,,,,,,,,,,,,,,
campaign_e_in,in_n50000_rho0.6_anti-correlated_seed1.pcf,dhpac,2,0,50377050,31101,31100,6029064177046287276,20616,23f703aa3bc9,2026-08-28T19:42:42Z,50000,30007,19993,,,,,,,,,,,,,,,,,
campaign_e_in,in_n50000_rho0.6_anti-correlated_seed2.pcf,dhpac,0,0,52196271,30850,30849,11226972987257197220,20124,23f703aa3bc9,2026-08-28T19:42:42Z,50000,30068,19932,,,,,,,,,,,,,,,,,
campaign_e_in,in_n50000_rho0.6_anti-correlated_seed2.pcf,dhpac,1,0,49903682,30850,30849,11226972987257197220,20500,23f703aa3bc9,2026-08-28T19:42:42Z,50000,30068,19932,,,,,,,,,,,,,,,,,
campaign_e_in,in_n50000_rho0.6_anti-correlated_seed2.pcf,dhpac,2,0,50319762,30850,30849,11226972987257197220,20500,23f703aa3bc9,2026-08-28T19:42:42Z,50000,30068,19932,,,,,,,,,,,,,,,,,
campaign_e_in,in_n50000_rho0.6_anti-correlated_seed3.pcf,dhpac,0,0,53568836,30984,30983,17459468471696574403,20100,23f703aa3bc9,2026-08-28T19:42:42Z,50000,30103,19897,,,,,,,,,,,,,,,,,
campaign_e_in,in_n50000_rho0.6_anti-correlated_seed3.pcf,dhpac,1,0,51085693,30984,30983,17459468471696574403,20772,23f703aa3bc9,2026-08-28T19:42:42Z,50000,30103,19897,,,,,,,,,,,,,,,,,
campaign_e_in,in_n50000_rho0.6_anti-correlated_seed3.pcf,dhpac,2,0,51475118,30984,30983,17459468471696574403,20772,23f703aa3bc9,2026-08-28T19:42:42Z,50000,30103,19897,,,,,,,,,,,,,,,,,
campaign_e_in,in_n50000_rho0.6_anti-correlated_seed4.pcf,dhpac,0,0,52476730,31076,31075,4850553455959780898,20132,23f703aa3bc9,2026-08-28T19:42:43Z,50000,30000,20000,,,,,,,,,,,,,,,,,
campaign_e_in,in_n50000_rho0.6_anti-correlated_seed4.pcf,dhpac,1,0,49979517,31076,31075,4850553455959780898,20624,23f703aa3bc9,2026-08-28T19:42:43Z,50000,30000,20000,,,,,,,,,,,,,,,,,
campaign_e_in,in_n50000_rho0.6_anti-correlated_seed4.pcf,dhpac,2,0,50353899,31076,31075,4850553455959780898,20624,23f703aa3bc9,2026-08-28T19:42:43Z,50000,30000,20000,,,,,,,,,,,,,,,,,
campaign_e_in,in_n50000_rho0.6_correlated_seed0.pcf,dhpac,0,0,51569762,25048,25047,11774416794845627750,19000,23f703aa3bc9,2026-08-28T19:42:43Z,50000,29981,20019,,,,,,,,,,,,,,,,,
campaign_e_in,in_n50000_rho0.6_correlated_seed0.pcf,dhpac,1,0,49137088,25048,25047,11774416794845627750,19768,23f703aa3bc9,2026-08-28T19:42:43Z,50000,29981,20019,,,,,,,,,,,,,,,,,
campaign_e_in,in_n50000_rho0.6_correlated_seed0.pcf,dhpac,2,0,49906093,25048,25047,11774416794845627750,19768,23f703aa3bc9,2026-08-28T19:42:43Z,50000,29981,20019,,,,,,,,,,,,,,,,,
campaign_e_in,in_n50000_rho0.6_correlated_seed1.pcf,dhpac,0,0,51192079,24974,24973,2447726134890354147,18808,23f703aa3bc9,2026-08-28T19:42:43Z,50000,30007,19993,,,,,,,,,,,,,,,,,
campaign_e_in,in_n50000_rho0.6_correlated_seed1.pcf,dhpac,1,0,49091345,24974,24973,2447726134890354147,19380,23f703aa3bc9,2026-08-28T19:42:43Z,50000,30007,19993,,,,,,,,,,,,,,,,,
campaign_e_in,in_n50000_rho0.6_correlated_seed1.pcf,dhpac,2,0,49689714,24974,24973,2447726134890354147,19632,23f703aa3bc9,2026-08-28T19:42:43Z,50000,30007,19993,,,,,,,,,,,,,,,,,
campaign_e_in,in_n50000_rho0.6_correlated_seed2.pcf,dhpac,0,0,51559854,25074,25073,12666686784676016683,19164,23f703aa3bc9,2026-08-28T19:42:43Z,50000,30068,19932,,,,,,,,,,,,,,,,,
campaign_e_in,in_n50000_rho0.6_correlated_seed2.pcf,dhpac,1,0,49593045,25074,25073,12666686784676016683,19660,23f703aa3bc9,2026-08-28T19:42:43Z,50000,30068,19932,,,,,,,,,,,,,,,,,
campaign_e_in,in_n50000_rho0.6_correlated_seed2.pcf,dhpac,2,0,50085520,25074,25073,12666686784676016683,19660,23f703aa3bc9,2026-08-28T19:42:43Z,50000,30068,19932,,,,,,,,,,,,,,,,,
campaign_e_in,in_n50000_rho0.6_correlated_seed3.pcf,dhpac,0,0,52581692,24875,24874,10065103993743177401,18976,23f703aa3bc9,2026-08-28T19:42:43Z,50000,30103,19897,,,,,,,,,,,,,,,,,
campaign_e_in,in_n50000_rho0.6_correlated_seed3.pcf,dhpac,1,0,50280150,24875,24874,10065103993743177401,19532,23f703aa3bc9,2026-08-28T19:42:43Z,50000,30103,19897,,,,,,,,,,,,,,,,,
campaign_e_in,in_n50000_rho0.6_correlated_seed3.pcf,dhpac,2,0,50682333,24875,24874,10065103993743177401,19816,23f703aa3bc9,2026-08-28T19:42:43Z,50000,30103,19897,,,,,,,,,,,,,,,,,
campaign_e_in,in_n50000_rho0.6_correlated_seed4.pcf,dhpac,0,0,51077283,25060,25059,4415521354811985809,19004,23f703aa3bc9,2026-08-28T19:42:43Z,50000,30000,20000,,,,,,,,,,,,,,,,,
campaign_e_in,in_n50000_rho0.6_correlated_seed4.pcf,dhpac,1,0,48966156,25060,25059,4415521354811985809,19620,23f703aa3bc9,2026-08-28T19:42:43Z,50000,30000,20000,,,,,,,,,,,,,,,,,
campaign_e_in,in_n50000_rho0.6_correlated_seed4.pcf,dhpac,2,0,49638140,25060,25059,4415521354811985809,19620,23f703aa3bc9,2026-08-28T19:42:43Z,50000,30000,20000,,,,,,,,,,,,,,,,,
campaign_e_in,in_n50000_rho0.6_exact-ties_seed0.pcf,dhpac,0,0,50286383,7735,7734,13754657609419440061,17920,23f703aa3bc9,2026-08-28T19:42:44Z,50000,30071,19929,,,,,,,,,,,,,,,,,
campaign_e_in,in_n50000_rho0.6_exact-ties_seed0.pcf,dhpac,1,0,49257010,7735,7734,13754657609419440061,17920,23f703aa3bc9,2026-08-28T19:42:44Z,50000,30071,19929,,,,,,,,,,,,,,,,,
campaign_e_in,in_n50000_rho0.6_exact-ties_seed0.pcf,dhpac,2,0,49409456,7735,7734,13754657609419440061,17920,23f703aa3bc9,2026-08-28T19:42:44Z,50000,30071,19929,,,,,,,,,,,,,,,,,
campaign_e_in,in_n50000_rho0.6_exact-ties_seed1.pcf,dhpac,0,0,47843622,7798,7797,15603432460755524295,17920,23f703aa3bc9,2026-08-28T19:42:44Z,50000,29962,20038,,,,,,,,,,,,,,,,,
campaign_e_in,in_n50000_rho0.6_exact-ties_seed1.pcf,dhpac,1,0,46754360,7798,7797,15603432460755524295,17920,23f703aa3bc9,2026-08-28T19:42:44Z,50000,29962,20038,,,,,,,,,,,,,,,,,
campaign_e_in,in_n50000_rho0.6_exact-ties_seed1.pcf,dhpac,2,0,46589303,7798,7797,15603432460755524295,17920,23f703aa3bc9,2026-08-28T19:42:44Z,50000,29962,20038,,,,,,,,,,,,,,,,,
campaign_e_in,in_n50000_rho0.6_exact-ties_seed2.pcf,dhpac,0,0,48950641,7781,7780,839077938722481394,17920,23f703aa3bc9,2026-08-28T19:42:44Z,50000,29883,20117,,,,,,,,,,,,,,,,,
campaign_e_in,in_n50000_rho0.6_exact-ties_seed2.pcf,dhpac,1,0,48029331,7781,7780,839077938722481394,17920,23f703aa3bc9,2026-08-28T19:42:44Z,50000,29883,20117,,,,,,,,,,,,,,,,,
campaign_e_in,in_n50000_rho0.6_exact-ties_seed2.pcf,dhpac,2,0,48165851,7781,7780,839077938722481394,17920,23f703aa3bc9,2026-08-28T19:42:44Z,50000,29883,20117,,,,,,,,,,,,,,,,,
campaign_e_in,in_n50000_rho0.6_exact-ties_seed3.pcf,dhpac,0,0,46847293,7888,7887,7815290708154012707,17920,23f703aa3bc9,2026-08-28T19:42:44Z,50000,30167,19833,,,,,,,,,,,,,,,,,
campaign_e_in,in_n50000_rho0.6_exact-ties_seed3.pcf,dhpac,1,0,45998460,7888,7887,7815290708154012707,17920,23f703aa3bc9,2026-08-28T19:42:44Z,50000,30167,19833,,,,,,,,,,,,,,,,,
campaign_e_in,in_n50000_rho0.6_exact-ties_seed3.pcf,dhpac,2,0,46014832,7888,7887,7815290708154012707,17920,23f703aa3bc9,2026-08-28T19:42:44Z,50000,30167,19833,,,,,,,,,,,,,,,,,
campaign_e_in,in_n50000_rho0.6_exact-ties_seed4.pcf,dhpac,0,0,46596727,7831,7830,1155348351750764454,17920,23f703aa3bc9,2026-08-28T19:42:44Z,50000,30119,19881,,,,,,,,,,,,,,,,,
campaign_e_in,in_n50000_rho0.6_exact-ties_seed4.pcf,dhpac,1,0,45745499,7831,7830,1155348351750764454,17920,23f703aa3bc9,2026-08-28T19:42:44Z,50000,30119,19881,,,,,,,,,,,,,,,,,
campaign_e_in,in_n50000_rho0.6_exact-ties_seed4.pcf,dhpac,2,0,45619637,7831,7830,1155348351750764454,17920,23f703aa3bc9,2026-08-28T19:42:44Z,50000,30119,19881,,,,,,,,,,,,,,,,,
campaign_e_in,in_n50000_rho0.6_independent-positive_seed0.pcf,dhpac,0,0,51104170,32983,32982,6488222415102428393,21544,23f703aa3bc9,2026-08-28T19:42:44Z,50000,30153,19847,,,,,,,,,,,,,,,,,
campaign_e_in,in_n50000_rho0.6_independent-positive_seed0.pcf,dhpac,1,0,49154241,32983,32982,6488222415102428393,21900,23f703aa3bc9,2026-08-28T19:42:44Z,50000,30153,19847,,,,,,,,,,,,,,,,,
campaign_e_in,in_n50000_rho0.6_independent-positive_seed0.pcf,dhpac,2,0,48807248,32983,32982,6488222415102428393,21900,23f703aa3bc9,2026-08-28T19:42:44Z,50000,30153,19847,,,,,,,,,,,,,,,,,
campaign_e_in,in_n50000_rho0.6_independent-positive_seed1.pcf,dhpac,0,0,52441677,33211,33210,3276627138872584769,21560,23f703aa3bc9,2026-08-28T19:42:44Z,50000,29984,20016,,,,,,,,,,,,,,,,,
campaign_e_in,in_n50000_rho0.6_independent-positive_seed1.pcf,dhpac,1,0,50274185,33211,33210,3276627138872584769,21920,23f703aa3bc9,2026-08-28T19:42:45Z,50000,29984,20016,,,,,,,,,,,,,,,,,
campaign_e_in,in_n50000_rho0.6_independent-positive_seed1.pcf,dhpac,2,0,50229369,33211,33210,3276627138872584769,22032,23f703aa3bc9,2026-08-28T19:42:45Z,50000,29984,20016,,,,,,,,,,,,,,,,,
campaign_e_in,in_n50000_rho0.6_independent-positive_seed2.pcf,dhpac,0,0,55026837,33019,33018,5967980089578053054,21856,23f703aa3bc9,2026-08-28T19:42:45Z,50000,30008,19992,,,,,,,,,,,,,,,,,
campaign_e_in,in_n50000_rho0.6_independent-positive_seed2.pcf,dhpac,1,0,53552716,33019,33018,5967980089578053054,22060,23f703aa3bc9,2026-08-28T19:42:45Z,50000,30008,19992,,,,,,,,,,,,,,,,,
campaign_e_in,in_n50000_rho0.6_independent-positive_seed2.pcf,dhpac,2,0,52901950,33019,33018,5967980089578053054,22808,23f703aa3bc9,2026-08-28T19:42:45Z,50000,30008,19992,,,,,,,,,,,,,,,,,
campaign_e_in,in_n50000_rho0.6_independent-positive_seed3.pcf,dhpac,0,0,52578878,32889,32888,12526457310546813437,21576,23f703aa3bc9,2026-08-28T19:42:45Z,50000,30176,19824,,,,,,,,,,,,,,,,,
campaign_e_in,in_n50000_rho0.6_independent-positive_seed3.pcf,dhpac,1,0,50537554,32889,32888,12526457310546813437,21892,23f703aa3bc9,2026-08-28T19:42:45Z,50000,30176,19824,,,,,,,,,,,,,,,,,
campaign_e_in,in_n50000_rho0.6_independent-positive_seed3.pcf,dhpac,2,0,57121457,32889,32888,12526457310546813437,21892,23f703aa3bc9,2026-08-28T19:42:45Z,50000,30176,19824,,,,,,,,,,,,,,,,,
campaign_e_in,in_n50000_rho0.6_independent-positive_seed4.pcf,dhpac,0,0,59028320,33037,33036,15058093957056361752,21700,23f703aa3bc9,2026-08-28T19:42:45Z,50000,30056,19944,,,,,,,,,,,,,,,,,
campaign_e_in,in_n50000_rho0.6_independent-positive_seed4.pcf,dhpac,1,0,51039116,33037,33036,15058093957056361752,21900,23f703aa3bc9,2026-08-28T19:42:45Z,50000,30056,19944,,,,,,,,,,,,,,,,,
campaign_e_in,in_n50000_rho0.6_independent-positive_seed4.pcf,dhpac,2,0,50482713,33037,33036,15058093957056361752,22080,23f703aa3bc9,2026-08-28T19:42:45Z,50000,30056,19944,,,,,,,,,,,,,,,,,
campaign_e_in,in_n50000_rho0.6_independent-signed_seed0.pcf,dhpac,0,0,52160349,33722,33721,14736464908204569954,21696,23f703aa3bc9,2026-08-28T19:42:45Z,50000,30157,19843,,,,,,,,,,,,,,,,,
campaign_e_in,in_n50000_rho0.6_independent-signed_seed0.pcf,dhpac,1,0,50069502,33722,33721,14736464908204569954,22128,23f703aa3bc9,2026-08-28T19:42:45Z,50000,30157,19843,,,,,,,,,,,,,,,,,
campaign_e_in,in_n50000_rho0.6_independent-signed_seed0.pcf,dhpac,2,0,49666711,33722,33721,14736464908204569954,22128,23f703aa3bc9,2026-08-28T19:42:45Z,50000,30157,19843,,,,,,,,,,,,,,,,,
campaign_e_in,in_n50000_rho0.6_independent-signed_seed1.pcf,dhpac,0,0,53058513,33693,33692,12568851315790464594,21856,23f703aa3bc9,2026-08-28T19:42:45Z,50000,29993,20007,,,,,,,,,,,,,,,,,
campaign_e_in,in_n50000_rho0.6_independent-signed_seed1.pcf,dhpac,1,0,50592246,33693,33692,12568851315790464594,22124,23f703aa3bc9,2026-08-28T19:42:45Z,50000,29993,20007,,,,,,,,,,,,,,,,,
campaign_e_in,in_n50000_rho0.6_independent-signed_seed1.pcf,dhpac,2,0,50565297,33693,33692,12568851315790464594,22124,23f703aa3bc9,2026-08-28T19:42:45Z,50000,29993,20007,,,,,,,,,,,,,,,,,
campaign_e_in,in_n50000_rho0.6_independent-signed_seed2.pcf,dhpac,0,0,56443475,33901,33900,11175467718370056543,22200,23f703aa3bc9,2026-08-28T19:42:45Z,50000,30012,19988,,,,,,,,,,,,,,,,,
campaign_e_in,in_n50000_rho0.6_independent-signed_seed2.pcf,dhpac,1,0,54422472,33901,33900,11175467718370056543,22472,23f703aa3bc9,2026-08-28T19:42:46Z,50000,30012,19988,,,,,,,,,,,,,,,,,
campaign_e_in,in_n50000_rho0.6_independent-signed_seed2.pcf,dhpac,2,0,54956616,33901,33900,11175467718370056543,22472,23f703aa3bc9,2026-08-28T19:42:46Z,50000,30012,19988,,,,,,,,,,,,,,,,,
campaign_e_in,in_n50000_rho0.6_independent-signed_seed3.pcf,dhpac,0,0,53930453,33561,33560,6000136121852793382,21732,23f703aa3bc9,2026-08-28T19:42:46Z,50000,30181,19819,,,,,,,,,,,,,,,,,
campaign_e_in,in_n50000_rho0.6_independent-signed_seed3.pcf,dhpac,1,0,51585701,33561,33560,6000136121852793382,22116,23f703aa3bc9,2026-08-28T19:42:46Z,50000,30181,19819,,,,,,,,,,,,,,,,,
campaign_e_in,in_n50000_rho0.6_independent-signed_seed3.pcf,dhpac,2,0,51362692,33561,33560,6000136121852793382,22116,23f703aa3bc9,2026-08-28T19:42:46Z,50000,30181,19819,,,,,,,,,,,,,,,,,
campaign_e_in,in_n50000_rho0.6_independent-signed_seed4.pcf,dhpac,0,0,51765880,33702,33701,3980053986748622248,21696,23f703aa3bc9,2026-08-28T19:42:46Z,50000,30048,19952,,,,,,,,,,,,,,,,,
campaign_e_in,in_n50000_rho0.6_independent-signed_seed4.pcf,dhpac,1,0,49560149,33702,33701,3980053986748622248,21972,23f703aa3bc9,2026-08-28T19:42:46Z,50000,30048,19952,,,,,,,,,,,,,,,,,
campaign_e_in,in_n50000_rho0.6_independent-signed_seed4.pcf,dhpac,2,0,49362616,33702,33701,3980053986748622248,22080,23f703aa3bc9,2026-08-28T19:42:46Z,50000,30048,19952,,,,,,,,,,,,,,,,,
campaign_e_in,in_n50000_rho0.6_near-ties_seed0.pcf,dhpac,0,0,47705011,1151,1150,8626323479884150488,18080,23f703aa3bc9,2026-08-28T19:42:46Z,50000,30020,19980,,,,,,,,,,,,,,,,,
campaign_e_in,in_n50000_rho0.6_near-ties_seed0.pcf,dhpac,1,0,46959074,1151,1150,8626323479884150488,18080,23f703aa3bc9,2026-08-28T19:42:46Z,50000,30020,19980,,,,,,,,,,,,,,,,,
campaign_e_in,in_n50000_rho0.6_near-ties_seed0.pcf,dhpac,2,0,47039324,1151,1150,8626323479884150488,18080,23f703aa3bc9,2026-08-28T19:42:46Z,50000,30020,19980,,,,,,,,,,,,,,,,,
campaign_e_in,in_n50000_rho0.6_near-ties_seed1.pcf,dhpac,0,0,49415436,1153,1152,1962557137096619860,18080,23f703aa3bc9,2026-08-28T19:42:46Z,50000,30101,19899,,,,,,,,,,,,,,,,,
campaign_e_in,in_n50000_rho0.6_near-ties_seed1.pcf,dhpac,1,0,49417139,1153,1152,1962557137096619860,18080,23f703aa3bc9,2026-08-28T19:42:46Z,50000,30101,19899,,,,,,,,,,,,,,,,,
campaign_e_in,in_n50000_rho0.6_near-ties_seed1.pcf,dhpac,2,0,48425483,1153,1152,1962557137096619860,18080,23f703aa3bc9,2026-08-28T19:42:46Z,50000,30101,19899,,,,,,,,,,,,,,,,,
campaign_e_in,in_n50000_rho0.6_near-ties_seed2.pcf,dhpac,0,0,47457374,1155,1154,18149707134025463522,18080,23f703aa3bc9,2026-08-28T19:42:46Z,50000,30137,19863,,,,,,,,,,,,,,,,,
campaign_e_in,in_n50000_rho0.6_near-ties_seed2.pcf,dhpac,1,0,46806438,1155,1154,18149707134025463522,18080,23f703aa3bc9,2026-08-28T19:42:46Z,50000,30137,19863,,,,,,,,,,,,,,,,,
campaign_e_in,in_n50000_rho0.6_near-ties_seed2.pcf,dhpac,2,0,46586590,1155,1154,18149707134025463522,18080,23f703aa3bc9,2026-08-28T19:42:46Z,50000,30137,19863,,,,,,,,,,,,,,,,,
campaign_e_in,in_n50000_rho0.6_near-ties_seed3.pcf,dhpac,0,0,48263460,1158,1157,16132499679745614441,18080,23f703aa3bc9,2026-08-28T19:42:46Z,50000,30244,19756,,,,,,,,,,,,,,,,,
campaign_e_in,in_n50000_rho0.6_near-ties_seed3.pcf,dhpac,1,0,47593698,1158,1157,16132499679745614441,18080,23f703aa3bc9,2026-08-28T19:42:47Z,50000,30244,19756,,,,,,,,,,,,,,,,,
campaign_e_in,in_n50000_rho0.6_near-ties_seed3.pcf,dhpac,2,0,47140436,1158,1157,16132499679745614441,18080,23f703aa3bc9,2026-08-28T19:42:47Z,50000,30244,19756,,,,,,,,,,,,,,,,,
campaign_e_in,in_n50000_rho0.6_near-ties_seed4.pcf,dhpac,0,0,47365430,1123,1122,2835106484479806737,18080,23f703aa3bc9,2026-08-28T19:42:47Z,50000,30120,19880,,,,,,,,,,,,,,,,,
campaign_e_in,in_n50000_rho0.6_near-ties_seed4.pcf,dhpac,1,0,46774949,1123,1122,2835106484479806737,18080,23f703aa3bc9,2026-08-28T19:42:47Z,50000,30120,19880,,,,,,,,,,,,,,,,,
campaign_e_in,in_n50000_rho0.6_near-ties_seed4.pcf,dhpac,2,0,46340876,1123,1122,2835106484479806737,18080,23f703aa3bc9,2026-08-28T19:42:47Z,50000,30120,19880,,,,,,,,,,,,,,,,,
campaign_e_in,in_n50000_rho1.0_anti-correlated_seed0.pcf,dhpac,0,0,522381056,23083,23082,6928362109514830837,62864,23f703aa3bc9,2026-08-28T19:42:47Z,50000,49999,1,,,,,,,,,,,,,,,,,
campaign_e_in,in_n50000_rho1.0_anti-correlated_seed0.pcf,dhpac,1,0,521603199,23083,23082,6928362109514830837,92576,23f703aa3bc9,2026-08-28T19:42:48Z,50000,49999,1,,,,,,,,,,,,,,,,,
campaign_e_in,in_n50000_rho1.0_anti-correlated_seed0.pcf,dhpac,2,0,521987364,23083,23082,6928362109514830837,92576,23f703aa3bc9,2026-08-28T19:42:48Z,50000,49999,1,,,,,,,,,,,,,,,,,
campaign_e_in,in_n50000_rho1.0_anti-correlated_seed1.pcf,dhpac,0,0,486345023,22848,22847,10795447262900784942,62504,23f703aa3bc9,2026-08-28T19:42:49Z,50000,49999,1,,,,,,,,,,,,,,,,,
campaign_e_in,in_n50000_rho1.0_anti-correlated_seed1.pcf,dhpac,1,0,488374235,22848,22847,10795447262900784942,91036,23f703aa3bc9,2026-08-28T19:42:49Z,50000,49999,1,,,,,,,,,,,,,,,,,
campaign_e_in,in_n50000_rho1.0_anti-correlated_seed1.pcf,dhpac,2,0,485024629,22848,22847,10795447262900784942,91036,23f703aa3bc9,2026-08-28T19:42:50Z,50000,49999,1,,,,,,,,,,,,,,,,,
campaign_e_in,in_n50000_rho1.0_anti-correlated_seed2.pcf,dhpac,0,0,482070323,22875,22874,17090299630511311686,62876,23f703aa3bc9,2026-08-28T19:42:50Z,50000,49999,1,,,,,,,,,,,,,,,,,
campaign_e_in,in_n50000_rho1.0_anti-correlated_seed2.pcf,dhpac,1,0,478913620,22875,22874,17090299630511311686,90324,23f703aa3bc9,2026-08-28T19:42:51Z,50000,49999,1,,,,,,,,,,,,,,,,,
campaign_e_in,in_n50000_rho1.0_anti-correlated_seed2.pcf,dhpac,2,0,483844513,22875,22874,17090299630511311686,90324,23f703aa3bc9,2026-08-28T19:42:51Z,50000,49999,1,,,,,,,,,,,,,,,,,
campaign_e_in,in_n50000_rho1.0_anti-correlated_seed3.pcf,dhpac,0,0,511372883,22731,22730,10013909286655032798,62676,23f703aa3bc9,2026-08-28T19:42:52Z,50000,49999,1,,,,,,,,,,,,,,,,,
campaign_e_in,in_n50000_rho1.0_anti-correlated_seed3.pcf,dhpac,1,0,508906051,22731,22730,10013909286655032798,92304,23f703aa3bc9,2026-08-28T19:42:52Z,50000,49999,1,,,,,,,,,,,,,,,,,
campaign_e_in,in_n50000_rho1.0_anti-correlated_seed3.pcf,dhpac,2,0,512506593,22731,22730,10013909286655032798,92416,23f703aa3bc9,2026-08-28T19:42:53Z,50000,49999,1,,,,,,,,,,,,,,,,,
campaign_e_in,in_n50000_rho1.0_anti-correlated_seed4.pcf,dhpac,0,0,516960502,22853,22852,8037603043657575788,62868,23f703aa3bc9,2026-08-28T19:42:53Z,50000,49999,1,,,,,,,,,,,,,,,,,
campaign_e_in,in_n50000_rho1.0_anti-correlated_seed4.pcf,dhpac,1,0,515861510,22853,22852,8037603043657575788,91912,23f703aa3bc9,2026-08-28T19:42:54Z,50000,49999,1,,,,,,,,,,,,,,,,,
campaign_e_in,in_n50000_rho1.0_anti-correlated_seed4.pcf,dhpac,2,0,517069465,22853,22852,8037603043657575788,92632,23f703aa3bc9,2026-08-28T19:42:54Z,50000,49999,1,,,,,,,,,,,,,,,,,
campaign_e_in,in_n50000_rho1.0_correlated_seed0.pcf,dhpac,0,0,514836557,19686,19685,2132842246385008170,62864,23f703aa3bc9,2026-08-28T19:42:55Z,50000,49999,1,,,,,,,,,,,,,,,,,
campaign_e_in,in_n50000_rho1.0_correlated_seed0.pcf,dhpac,1,0,510894135,19686,19685,2132842246385008170,92500,23f703aa3bc9,2026-08-28T19:42:55Z,50000,49999,1,,,,,,,,,,,,,,,,,
campaign_e_in,in_n50000_rho1.0_correlated_seed0.pcf,dhpac,2,0,513056064,19686,19685,2132842246385008170,92500,23f703aa3bc9,2026-08-28T19:42:56Z,50000,49999,1,,,,,,,,,,,,,,,,,
campaign_e_in,in_n50000_rho1.0_correlated_seed1.pcf,dhpac,0,0,473506549,19558,19557,12553034871487760642,62660,23f703aa3bc9,2026-08-28T19:42:56Z,50000,49999,1,,,,,,,,,,,,,,,,,
campaign_e_in,in_n50000_rho1.0_correlated_seed1.pcf,dhpac,1,0,473088058,19558,19557,12553034871487760642,90468,23f703aa3bc9,2026-08-28T19:42:57Z,50000,49999,1,,,,,,,,,,,,,,,,,
campaign_e_in,in_n50000_rho1.0_correlated_seed1.pcf,dhpac,2,0,473568950,19558,19557,12553034871487760642,90896,23f703aa3bc9,2026-08-28T19:42:57Z,50000,49999,1,,,,,,,,,,,,,,,,,
campaign_e_in,in_n50000_rho1.0_correlated_seed2.pcf,dhpac,0,0,474373246,19407,19406,16807429304818056165,62872,23f703aa3bc9,2026-08-28T19:42:58Z,50000,49999,1,,,,,,,,,,,,,,,,,
campaign_e_in,in_n50000_rho1.0_correlated_seed2.pcf,dhpac,1,0,470249564,19407,19406,16807429304818056165,89272,23f703aa3bc9,2026-08-28T19:42:58Z,50000,49999,1,,,,,,,,,,,,,,,,,
campaign_e_in,in_n50000_rho1.0_correlated_seed2.pcf,dhpac,2,0,472762312,19407,19406,16807429304818056165,89272,23f703aa3bc9,2026-08-28T19:42:59Z,50000,49999,1,,,,,,,,,,,,,,,,,
campaign_e_in,in_n50000_rho1.0_correlated_seed3.pcf,dhpac,0,0,500088662,19420,19419,14913649788630746544,62676,23f703aa3bc9,2026-08-28T19:42:59Z,50000,49999,1,,,,,,,,,,,,,,,,,
campaign_e_in,in_n50000_rho1.0_correlated_seed3.pcf,dhpac,1,0,509309268,19420,19419,14913649788630746544,92048,23f703aa3bc9,2026-08-28T19:43:00Z,50000,49999,1,,,,,,,,,,,,,,,,,
campaign_e_in,in_n50000_rho1.0_correlated_seed3.pcf,dhpac,2,0,501193538,19420,19419,14913649788630746544,92048,23f703aa3bc9,2026-08-28T19:43:00Z,50000,49999,1,,,,,,,,,,,,,,,,,
campaign_e_in,in_n50000_rho1.0_correlated_seed4.pcf,dhpac,0,0,515828201,19584,19583,1253343754255566373,62868,23f703aa3bc9,2026-08-28T19:43:01Z,50000,49999,1,,,,,,,,,,,,,,,,,
campaign_e_in,in_n50000_rho1.0_correlated_seed4.pcf,dhpac,1,0,512738894,19584,19583,1253343754255566373,92488,23f703aa3bc9,2026-08-28T19:43:01Z,50000,49999,1,,,,,,,,,,,,,,,,,
campaign_e_in,in_n50000_rho1.0_correlated_seed4.pcf,dhpac,2,0,515186337,19584,19583,1253343754255566373,92488,23f703aa3bc9,2026-08-28T19:43:02Z,50000,49999,1,,,,,,,,,,,,,,,,,
campaign_e_in,in_n50000_rho1.0_exact-ties_seed0.pcf,dhpac,0,0,455688653,8482,8481,16345965313012555830,62664,23f703aa3bc9,2026-08-28T19:43:02Z,50000,49999,1,,,,,,,,,,,,,,,,,
campaign_e_in,in_n50000_rho1.0_exact-ties_seed0.pcf,dhpac,1,0,457639579,8482,8481,16345965313012555830,91420,23f703aa3bc9,2026-08-28T19:43:03Z,50000,49999,1,,,,,,,,,,,,,,,,,
campaign_e_in,in_n50000_rho1.0_exact-ties_seed0.pcf,dhpac,2,0,456939591,8482,8481,16345965313012555830,91452,23f703aa3bc9,2026-08-28T19:43:03Z,50000,49999,1,,,,,,,,,,,,,,,,,
campaign_e_in,in_n50000_rho1.0_exact-ties_seed1.pcf,dhpac,0,0,436243120,8526,8525,11532748253807121924,62688,23f703aa3bc9,2026-08-28T19:43:04Z,50000,49999,1,,,,,,,,,,,,,,,,,
campaign_e_in,in_n50000_rho1.0_exact-ties_seed1.pcf,dhpac,1,0,434802368,8526,8525,11532748253807121924,88580,23f703aa3bc9,2026-08-28T19:43:04Z,50000,49999,1,,,,,,,,,,,,,,,,,
campaign_e_in,in_n50000_rho1.0_exact-ties_seed1.pcf,dhpac,2,0,436457818,8526,8525,11532748253807121924,88580,23f703aa3bc9,2026-08-28T19:43:05Z,50000,49999,1,,,,,,,,,,,,,,,,,
campaign_e_in,in_n50000_rho1.0_exact-ties_seed2.pcf,dhpac,0,0,469265319,8451,8450,4567192805577426834,62660,23f703aa3bc9,2026-08-28T19:43:05Z,50000,49999,1,,,,,,,,,,,,,,,,,
campaign_e_in,in_n50000_rho1.0_exact-ties_seed2.pcf,dhpac,1,0,468247970,8451,8450,4567192805577426834,92376,23f703aa3bc9,2026-08-28T19:43:06Z,50000,49999,1,,,,,,,,,,,,,,,,,
campaign_e_in,in_n50000_rho1.0_exact-ties_seed2.pcf,dhpac,2,0,469734307,8451,8450,4567192805577426834,92408,23f703aa3bc9,2026-08-28T19:43:06Z,50000,49999,1,,,,,,,,,,,,,,,,,
campaign_e_in,in_n50000_rho1.0_exact-ties_seed3.pcf,dhpac,0,0,456562053,8479,8478,6480479194858642272,62652,23f703aa3bc9,2026-08-28T19:43:07Z,50000,49999,1,,,,,,,,,,,,,,,,,
campaign_e_in,in_n50000_rho1.0_exact-ties_seed3.pcf,dhpac,1,0,455951317,8479,8478,6480479194858642272,91248,23f703aa3bc9,2026-08-28T19:43:07Z,50000,49999,1,,,,,,,,,,,,,,,,,
campaign_e_in,in_n50000_rho1.0_exact-ties_seed3.pcf,dhpac,2,0,456121589,8479,8478,6480479194858642272,91288,23f703aa3bc9,2026-08-28T19:43:07Z,50000,49999,1,,,,,,,,,,,,,,,,,
campaign_e_in,in_n50000_rho1.0_exact-ties_seed4.pcf,dhpac,0,0,435138415,8513,8512,12989046217521316868,62840,23f703aa3bc9,2026-08-28T19:43:08Z,50000,49999,1,,,,,,,,,,,,,,,,,
campaign_e_in,in_n50000_rho1.0_exact-ties_seed4.pcf,dhpac,1,0,431900092,8513,8512,12989046217521316868,88928,23f703aa3bc9,2026-08-28T19:43:08Z,50000,49999,1,,,,,,,,,,,,,,,,,
campaign_e_in,in_n50000_rho1.0_exact-ties_seed4.pcf,dhpac,2,0,432892876,8513,8512,12989046217521316868,88928,23f703aa3bc9,2026-08-28T19:43:09Z,50000,49999,1,,,,,,,,,,,,,,,,,
campaign_e_in,in_n50000_rho1.0_independent-positive_seed0.pcf,dhpac,0,0,503831515,24447,24446,7290399175023198035,62852,23f703aa3bc9,2026-08-28T19:43:09Z,50000,49999,1,,,,,,,,,,,,,,,,,
campaign_e_in,in_n50000_rho1.0_independent-positive_seed0.pcf,dhpac,1,0,502677481,24447,24446,7290399175023198035,91996,23f703aa3bc9,2026-08-28T19:43:10Z,50000,49999,1,,,,,,,,,,,,,,,,,
campaign_e_in,in_n50000_rho1.0_independent-positive_seed0.pcf,dhpac,2,0,502867636,24447,24446,7290399175023198035,91996,23f703aa3bc9,2026-08-28T19:43:10Z,50000,49999,1,,,,,,,,,,,,,,,,,
campaign_e_in,in_n50000_rho1.0_independent-positive_seed1.pcf,dhpac,0,0,573059947,24208,24207,3072119598123883219,62848,23f703aa3bc9,2026-08-28T19:43:11Z,50000,49999,1,,,,,,,,,,,,,,,,,
campaign_e_in,in_n50000_rho1.0_independent-positive_seed1.pcf,dhpac,1,0,569964296,24208,24207,3072119598123883219,96288,23f703aa3bc9,2026-08-28T19:43:11Z,50000,49999,1,,,,,,,,,,,,,,,,,
campaign_e_in,in_n50000_rho1.0_independent-positive_seed1.pcf,dhpac,2,0,571246704,24208,24207,3072119598123883219,96288,23f703aa3bc9,2026-08-28T19:43:12Z,50000,49999,1,,,,,,,,,,,,,,,,,
campaign_e_in,in_n50000_rho1.0_independent-positive_seed2.pcf,dhpac,0,0,464712270,24162,24161,18361257596930921957,62876,23f703aa3bc9,2026-08-28T19:43:13Z,50000,49999,1,,,,,,,,,,,,,,,,,
campaign_e_in,in_n50000_rho1.0_independent-positive_seed2.pcf,dhpac,1,0,461924908,24162,24161,18361257596930921957,88552,23f703aa3bc9,2026-08-28T19:43:13Z,50000,49999,1,,,,,,,,,,,,,,,,,
campaign_e_in,in_n50000_rho1.0_independent-positive_seed2.pcf,dhpac,2,0,462359853,24162,24161,18361257596930921957,89040,23f703aa3bc9,2026-08-28T19:43:13Z,50000,49999,1,,,,,,,,,,,,,,,,,
campaign_e_in,in_n50000_rho1.0_independent-positive_seed3.pcf,dhpac,0,0,483321011,24333,24332,3198382893187747683,62876,23f703aa3bc9,2026-08-28T19:43:14Z,50000,49999,1,,,,,,,,,,,,,,,,,
campaign_e_in,in_n50000_rho1.0_independent-positive_seed3.pcf,dhpac,1,0,478614791,24333,24332,3198382893187747683,89532,23f703aa3bc9,2026-08-28T19:43:14Z,50000,49999,1,,,,,,,,,,,,,,,,,
campaign_e_in,in_n50000_rho1.0_independent-positive_seed3.pcf,dhpac,2,0,480891473,24333,24332,3198382893187747683,90012,23f703aa3bc9,2026-08-28T19:43:15Z,50000,49999,1,,,,,,,,,,,,,,,,,
campaign_e_in,in_n50000_rho1.0_independent-positive_seed4.pcf,dhpac,0,0,484281889,24220,24219,4228289010054615476,62876,23f703aa3bc9,2026-08-28T19:43:15Z,50000,49999,1,,,,,,,,,,,,,,,,,
campaign_e_in,in_n50000_rho1.0_independent-positive_seed4.pcf,dhpac,1,0,482454261,24220,24219,4228289010054615476,89996,23f703aa3bc9,2026-08-28T19:43:16Z,50000,49999,1,,,,,,,,,,,,,,,,,
campaign_e_in,in_n50000_rho1.0_independent-positive_seed4.pcf,dhpac,2,0,482044440,24220,24219,4228289010054615476,90164,23f703aa3bc9,2026-08-28T19:43:16Z,50000,49999,1,,,,,,,,,,,,,,,,,
campaign_e_in,in_n50000_rho1.0_independent-signed_seed0.pcf,dhpac,0,0,495463786,24712,24711,12406734208965765268,62860,23f703aa3bc9,2026-08-28T19:43:17Z,50000,49999,1,,,,,,,,,,,,,,,,,
campaign_e_in,in_n50000_rho1.0_independent-signed_seed0.pcf,dhpac,1,0,491221410,24712,24711,12406734208965765268,91400,23f703aa3bc9,2026-08-28T19:43:17Z,50000,49999,1,,,,,,,,,,,,,,,,,
campaign_e_in,in_n50000_rho1.0_independent-signed_seed0.pcf,dhpac,2,0,494086461,24712,24711,12406734208965765268,91400,23f703aa3bc9,2026-08-28T19:43:18Z,50000,49999,1,,,,,,,,,,,,,,,,,
campaign_e_in,in_n50000_rho1.0_independent-signed_seed1.pcf,dhpac,0,0,504023446,24637,24636,17533696754396511370,62852,23f703aa3bc9,2026-08-28T19:43:18Z,50000,49999,1,,,,,,,,,,,,,,,,,
campaign_e_in,in_n50000_rho1.0_independent-signed_seed1.pcf,dhpac,1,0,502030989,24637,24636,17533696754396511370,91544,23f703aa3bc9,2026-08-28T19:43:19Z,50000,49999,1,,,,,,,,,,,,,,,,,
campaign_e_in,in_n50000_rho1.0_independent-signed_seed1.pcf,dhpac,2,0,502637567,24637,24636,17533696754396511370,91624,23f703aa3bc9,2026-08-28T19:43:19Z,50000,49999,1,,,,,,,,,,,,,,,,,
campaign_e_in,in_n50000_rho1.0_independent-signed_seed2.pcf,dhpac,0,0,458416839,24703,24702,7320523448972728003,62880,23f703aa3bc9,2026-08-28T19:43:20Z,50000,49999,1,,,,,,,,,,,,,,,,,
campaign_e_in,in_n50000_rho1.0_independent-signed_seed2.pcf,dhpac,1,0,455306156,24703,24702,7320523448972728003,88536,23f703aa3bc9,2026-08-28T19:43:20Z,50000,49999,1,,,,,,,,,,,,,,,,,
campaign_e_in,in_n50000_rho1.0_independent-signed_seed2.pcf,dhpac,2,0,456944310,24703,24702,7320523448972728003,88592,23f703aa3bc9,2026-08-28T19:43:21Z,50000,49999,1,,,,,,,,,,,,,,,,,
campaign_e_in,in_n50000_rho1.0_independent-signed_seed3.pcf,dhpac,0,0,478946134,24591,24590,17963028294852057110,62852,23f703aa3bc9,2026-08-28T19:43:21Z,50000,49999,1,,,,,,,,,,,,,,,,,
campaign_e_in,in_n50000_rho1.0_independent-signed_seed3.pcf,dhpac,1,0,477464406,24591,24590,17963028294852057110,89616,23f703aa3bc9,2026-08-28T19:43:22Z,50000,49999,1,,,,,,,,,,,,,,,,,
campaign_e_in,in_n50000_rho1.0_independent-signed_seed3.pcf,dhpac,2,0,468065900,24591,24590,17963028294852057110,89616,23f703aa3bc9,2026-08-28T19:43:22Z,50000,49999,1,,,,,,,,,,,,,,,,,
campaign_e_in,in_n50000_rho1.0_independent-signed_seed4.pcf,dhpac,0,0,480669811,24729,24728,4373556028220915351,62876,23f703aa3bc9,2026-08-28T19:43:23Z,50000,49999,1,,,,,,,,,,,,,,,,,
campaign_e_in,in_n50000_rho1.0_independent-signed_seed4.pcf,dhpac,1,0,477376591,24729,24728,4373556028220915351,89980,23f703aa3bc9,2026-08-28T19:43:23Z,50000,49999,1,,,,,,,,,,,,,,,,,
campaign_e_in,in_n50000_rho1.0_independent-signed_seed4.pcf,dhpac,2,0,461443794,24729,24728,4373556028220915351,90136,23f703aa3bc9,2026-08-28T19:43:24Z,50000,49999,1,,,,,,,,,,,,,,,,,
campaign_e_in,in_n50000_rho1.0_near-ties_seed0.pcf,dhpac,0,0,423050263,1556,1555,6975890928606038135,62704,23f703aa3bc9,2026-08-28T19:43:24Z,50000,49999,1,,,,,,,,,,,,,,,,,
campaign_e_in,in_n50000_rho1.0_near-ties_seed0.pcf,dhpac,1,0,424530267,1556,1555,6975890928606038135,87748,23f703aa3bc9,2026-08-28T19:43:25Z,50000,49999,1,,,,,,,,,,,,,,,,,
campaign_e_in,in_n50000_rho1.0_near-ties_seed0.pcf,dhpac,2,0,423291433,1556,1555,6975890928606038135,88500,23f703aa3bc9,2026-08-28T19:43:25Z,50000,49999,1,,,,,,,,,,,,,,,,,
campaign_e_in,in_n50000_rho1.0_near-ties_seed1.pcf,dhpac,0,0,422913414,1555,1554,18168774098442272987,62856,23f703aa3bc9,2026-08-28T19:43:25Z,50000,49999,1,,,,,,,,,,,,,,,,,
campaign_e_in,in_n50000_rho1.0_near-ties_seed1.pcf,dhpac,1,0,425183790,1555,1554,18168774098442272987,87900,23f703aa3bc9,2026-08-28T19:43:26Z,50000,49999,1,,,,,,,,,,,,,,,,,
campaign_e_in,in_n50000_rho1.0_near-ties_seed1.pcf,dhpac,2,0,423611032,1555,1554,18168774098442272987,87900,23f703aa3bc9,2026-08-28T19:43:26Z,50000,49999,1,,,,,,,,,,,,,,,,,
campaign_e_in,in_n50000_rho1.0_near-ties_seed2.pcf,dhpac,0,0,451665237,1555,1554,5047516314917162198,62864,23f703aa3bc9,2026-08-28T19:43:27Z,50000,49999,1,,,,,,,,,,,,,,,,,
campaign_e_in,in_n50000_rho1.0_near-ties_seed2.pcf,dhpac,1,0,451575577,1555,1554,5047516314917162198,90628,23f703aa3bc9,2026-08-28T19:43:27Z,50000,49999,1,,,,,,,,,,,,,,,,,
campaign_e_in,in_n50000_rho1.0_near-ties_seed2.pcf,dhpac,2,0,452748446,1555,1554,5047516314917162198,90900,23f703aa3bc9,2026-08-28T19:43:28Z,50000,49999,1,,,,,,,,,,,,,,,,,
campaign_e_in,in_n50000_rho1.0_near-ties_seed3.pcf,dhpac,0,0,420999379,1551,1550,18329270124661524369,62876,23f703aa3bc9,2026-08-28T19:43:28Z,50000,49999,1,,,,,,,,,,,,,,,,,
campaign_e_in,in_n50000_rho1.0_near-ties_seed3.pcf,dhpac,1,0,421614722,1551,1550,18329270124661524369,88080,23f703aa3bc9,2026-08-28T19:43:28Z,50000,49999,1,,,,,,,,,,,,,,,,,
campaign_e_in,in_n50000_rho1.0_near-ties_seed3.pcf,dhpac,2,0,422259525,1551,1550,18329270124661524369,88524,23f703aa3bc9,2026-08-28T19:43:29Z,50000,49999,1,,,,,,,,,,,,,,,,,
campaign_e_in,in_n50000_rho1.0_near-ties_seed4.pcf,dhpac,0,0,412828683,1572,1571,14255227775000070611,62860,23f703aa3bc9,2026-08-28T19:43:29Z,50000,49999,1,,,,,,,,,,,,,,,,,
campaign_e_in,in_n50000_rho1.0_near-ties_seed4.pcf,dhpac,1,0,413485577,1572,1571,14255227775000070611,87264,23f703aa3bc9,2026-08-28T19:43:30Z,50000,49999,1,,,,,,,,,,,,,,,,,
campaign_e_in,in_n50000_rho1.0_near-ties_seed4.pcf,dhpac,2,0,412360285,1572,1571,14255227775000070611,87692,23f703aa3bc9,2026-08-28T19:43:30Z,50000,49999,1,,,,,,,,,,,,,,,,,
campaign_e_in,in_n500_rho0.6_anti-correlated_seed0.pcf,dhpac,0,0,355747,346,345,12035539634979718060,18240,23f703aa3bc9,2026-08-28T19:43:30Z,500,299,201,,,,,,,,,,,,,,,,,
campaign_e_in,in_n500_rho0.6_anti-correlated_seed0.pcf,dhpac,1,0,300531,346,345,12035539634979718060,18240,23f703aa3bc9,2026-08-28T19:43:30Z,500,299,201,,,,,,,,,,,,,,,,,
campaign_e_in,in_n500_rho0.6_anti-correlated_seed0.pcf,dhpac,2,0,309421,346,345,12035539634979718060,18240,23f703aa3bc9,2026-08-28T19:43:30Z,500,299,201,,,,,,,,,,,,,,,,,
campaign_e_in,in_n500_rho0.6_anti-correlated_seed1.pcf,dhpac,0,0,338783,370,369,15816319850261687432,18240,23f703aa3bc9,2026-08-28T19:43:30Z,500,292,208,,,,,,,,,,,,,,,,,
campaign_e_in,in_n500_rho0.6_anti-correlated_seed1.pcf,dhpac,1,0,305470,370,369,15816319850261687432,18240,23f703aa3bc9,2026-08-28T19:43:30Z,500,292,208,,,,,,,,,,,,,,,,,
campaign_e_in,in_n500_rho0.6_anti-correlated_seed1.pcf,dhpac,2,0,290932,370,369,15816319850261687432,18240,23f703aa3bc9,2026-08-28T19:43:30Z,500,292,208,,,,,,,,,,,,,,,,,
campaign_e_in,in_n500_rho0.6_anti-correlated_seed2.pcf,dhpac,0,0,364020,358,357,10090284757398002407,18400,23f703aa3bc9,2026-08-28T19:43:30Z,500,302,198,,,,,,,,,,,,,,,,,
campaign_e_in,in_n500_rho0.6_anti-correlated_seed2.pcf,dhpac,1,0,302377,358,357,10090284757398002407,18400,23f703aa3bc9,2026-08-28T19:43:30Z,500,302,198,,,,,,,,,,,,,,,,,
campaign_e_in,in_n500_rho0.6_anti-correlated_seed2.pcf,dhpac,2,0,305150,358,357,10090284757398002407,18400,23f703aa3bc9,2026-08-28T19:43:30Z,500,302,198,,,,,,,,,,,,,,,,,
campaign_e_in,in_n500_rho0.6_anti-correlated_seed3.pcf,dhpac,0,0,314022,354,353,821661078757991138,18400,23f703aa3bc9,2026-08-28T19:43:30Z,500,290,210,,,,,,,,,,,,,,,,,
campaign_e_in,in_n500_rho0.6_anti-correlated_seed3.pcf,dhpac,1,0,273188,354,353,821661078757991138,18400,23f703aa3bc9,2026-08-28T19:43:30Z,500,290,210,,,,,,,,,,,,,,,,,
campaign_e_in,in_n500_rho0.6_anti-correlated_seed3.pcf,dhpac,2,0,271025,354,353,821661078757991138,18400,23f703aa3bc9,2026-08-28T19:43:30Z,500,290,210,,,,,,,,,,,,,,,,,
campaign_e_in,in_n500_rho0.6_anti-correlated_seed4.pcf,dhpac,0,0,376242,343,342,6779330077446421115,18400,23f703aa3bc9,2026-08-28T19:43:30Z,500,313,187,,,,,,,,,,,,,,,,,
campaign_e_in,in_n500_rho0.6_anti-correlated_seed4.pcf,dhpac,1,0,341204,343,342,6779330077446421115,18400,23f703aa3bc9,2026-08-28T19:43:30Z,500,313,187,,,,,,,,,,,,,,,,,
campaign_e_in,in_n500_rho0.6_anti-correlated_seed4.pcf,dhpac,2,0,326470,343,342,6779330077446421115,18400,23f703aa3bc9,2026-08-28T19:43:30Z,500,313,187,,,,,,,,,,,,,,,,,
campaign_e_in,in_n500_rho0.6_correlated_seed0.pcf,dhpac,0,0,341602,347,346,6961238554536153601,18400,23f703aa3bc9,2026-08-28T19:43:30Z,500,299,201,,,,,,,,,,,,,,,,,
campaign_e_in,in_n500_rho0.6_correlated_seed0.pcf,dhpac,1,0,290442,347,346,6961238554536153601,18400,23f703aa3bc9,2026-08-28T19:43:30Z,500,299,201,,,,,,,,,,,,,,,,,
campaign_e_in,in_n500_rho0.6_correlated_seed0.pcf,dhpac,2,0,282501,347,346,6961238554536153601,18400,23f703aa3bc9,2026-08-28T19:43:30Z,500,299,201,,,,,,,,,,,,,,,,,
campaign_e_in,in_n500_rho0.6_correlated_seed1.pcf,dhpac,0,0,324488,370,369,14896577758918557190,18400,23f703aa3bc9,2026-08-28T19:43:30Z,500,292,208,,,,,,,,,,,,,,,,,
campaign_e_in,in_n500_rho0.6_correlated_seed1.pcf,dhpac,1,0,287737,370,369,14896577758918557190,18400,23f703aa3bc9,2026-08-28T19:43:30Z,500,292,208,,,,,,,,,,,,,,,,,
campaign_e_in,in_n500_rho0.6_correlated_seed1.pcf,dhpac,2,0,281079,370,369,14896577758918557190,18400,23f703aa3bc9,2026-08-28T19:43:30Z,500,292,208,,,,,,,,,,,,,,,,,
campaign_e_in,in_n500_rho0.6_correlated_seed2.pcf,dhpac,0,0,421521,353,352,378319033980727315,18400,23f703aa3bc9,2026-08-28T19:43:30Z,500,302,198,,,,,,,,,,,,,,,,,
campaign_e_in,in_n500_rho0.6_correlated_seed2.pcf,dhpac,1,0,307208,353,352,378319033980727315,18400,23f703aa3bc9,2026-08-28T19:43:30Z,500,302,198,,,,,,,,,,,,,,,,,
campaign_e_in,in_n500_rho0.6_correlated_seed2.pcf,dhpac,2,0,296295,353,352,378319033980727315,18400,23f703aa3bc9,2026-08-28T19:43:30Z,500,302,198,,,,,,,,,,,,,,,,,
campaign_e_in,in_n500_rho0.6_correlated_seed3.pcf,dhpac,0,0,297253,345,344,7616933319388639961,18400,23f703aa3bc9,2026-08-28T19:43:30Z,500,290,210,,,,,,,,,,,,,,,,,
campaign_e_in,in_n500_rho0.6_correlated_seed3.pcf,dhpac,1,0,258582,345,344,7616933319388639961,18400,23f703aa3bc9,2026-08-28T19:43:30Z,500,290,210,,,,,,,,,,,,,,,,,
campaign_e_in,in_n500_rho0.6_correlated_seed3.pcf,dhpac,2,0,256824,345,344,7616933319388639961,18400,23f703aa3bc9,2026-08-28T19:43:30Z,500,290,210,,,,,,,,,,,,,,,,,
campaign_e_in,in_n500_rho0.6_correlated_seed4.pcf,dhpac,0,0,368679,337,336,11793458076792807452,18400,23f703aa3bc9,2026-08-28T19:43:30Z,500,313,187,,,,,,,,,,,,,,,,,
campaign_e_in,in_n500_rho0.6_correlated_seed4.pcf,dhpac,1,0,326890,337,336,11793458076792807452,18400,23f703aa3bc9,2026-08-28T19:43:30Z,500,313,187,,,,,,,,,,,,,,,,,
campaign_e_in,in_n500_rho0.6_correlated_seed4.pcf,dhpac,2,0,318063,337,336,11793458076792807452,18400,23f703aa3bc9,2026-08-28T19:43:30Z,500,313,187,,,,,,,,,,,,,,,,,
campaign_e_in,in_n500_rho0.6_exact-ties_seed0.pcf,dhpac,0,0,312425,104,103,17830564375806515679,18400,23f703aa3bc9,2026-08-28T19:43:30Z,500,297,203,,,,,,,,,,,,,,,,,
campaign_e_in,in_n500_rho0.6_exact-ties_seed0.pcf,dhpac,1,0,279247,104,103,17830564375806515679,18400,23f703aa3bc9,2026-08-28T19:43:30Z,500,297,203,,,,,,,,,,,,,,,,,
campaign_e_in,in_n500_rho0.6_exact-ties_seed0.pcf,dhpac,2,0,278204,104,103,17830564375806515679,18400,23f703aa3bc9,2026-08-28T19:43:30Z,500,297,203,,,,,,,,,,,,,,,,,
campaign_e_in,in_n500_rho0.6_exact-ties_seed1.pcf,dhpac,0,0,303884,95,94,5484022083694972501,18400,23f703aa3bc9,2026-08-28T19:43:30Z,500,293,207,,,,,,,,,,,,,,,,,
campaign_e_in,in_n500_rho0.6_exact-ties_seed1.pcf,dhpac,1,0,276279,95,94,5484022083694972501,18400,23f703aa3bc9,2026-08-28T19:43:30Z,500,293,207,,,,,,,,,,,,,,,,,
campaign_e_in,in_n500_rho0.6_exact-ties_seed1.pcf,dhpac,2,0,270402,95,94,5484022083694972501,18400,23f703aa3bc9,2026-08-28T19:43:30Z,500,293,207,,,,,,,,,,,,,,,,,
campaign_e_in,in_n500_rho0.6_exact-ties_seed2.pcf,dhpac,0,0,349456,103,102,8174757908229660994,18400,23f703aa3bc9,2026-08-28T19:43:30Z,500,309,191,,,,,,,,,,,,,,,,,
campaign_e_in,in_n500_rho0.6_exact-ties_seed2.pcf,dhpac,1,0,325484,103,102,8174757908229660994,18400,23f703aa3bc9,2026-08-28T19:43:30Z,500,309,191,,,,,,,,,,,,,,,,,
campaign_e_in,in_n500_rho0.6_exact-ties_seed2.pcf,dhpac,2,0,318782,103,102,8174757908229660994,18400,23f703aa3bc9,2026-08-28T19:43:30Z,500,309,191,,,,,,,,,,,,,,,,,
campaign_e_in,in_n500_rho0.6_exact-ties_seed3.pcf,dhpac,0,0,283542,97,96,4436241946070525999,18400,23f703aa3bc9,2026-08-28T19:43:30Z,500,281,219,,,,,,,,,,,,,,,,,
campaign_e_in,in_n500_rho0.6_exact-ties_seed3.pcf,dhpac,1,0,254714,97,96,4436241946070525999,18400,23f703aa3bc9,2026-08-28T19:43:30Z,500,281,219,,,,,,,,,,,,,,,,,
campaign_e_in,in_n500_rho0.6_exact-ties_seed3.pcf,dhpac,2,0,243061,97,96,4436241946070525999,18400,23f703aa3bc9,2026-08-28T19:43:30Z,500,281,219,,,,,,,,,,,,,,,,,
campaign_e_in,in_n500_rho0.6_exact-ties_seed4.pcf,dhpac,0,0,334300,104,103,8510496459835965366,18400,23f703aa3bc9,2026-08-28T19:43:30Z,500,309,191,,,,,,,,,,,,,,,,,
campaign_e_in,in_n500_rho0.6_exact-ties_seed4.pcf,dhpac,1,0,297255,104,103,8510496459835965366,18400,23f703aa3bc9,2026-08-28T19:43:30Z,500,309,191,,,,,,,,,,,,,,,,,
campaign_e_in,in_n500_rho0.6_exact-ties_seed4.pcf,dhpac,2,0,299365,104,103,8510496459835965366,18400,23f703aa3bc9,2026-08-28T19:43:30Z,500,309,191,,,,,,,,,,,,,,,,,
campaign_e_in,in_n500_rho0.6_independent-positive_seed0.pcf,dhpac,0,0,343027,348,347,498438372268058751,18400,23f703aa3bc9,2026-08-28T19:43:30Z,500,288,212,,,,,,,,,,,,,,,,,
campaign_e_in,in_n500_rho0.6_independent-positive_seed0.pcf,dhpac,1,0,305698,348,347,498438372268058751,18400,23f703aa3bc9,2026-08-28T19:43:30Z,500,288,212,,,,,,,,,,,,,,,,,
campaign_e_in,in_n500_rho0.6_independent-positive_seed0.pcf,dhpac,2,0,294635,348,347,498438372268058751,18400,23f703aa3bc9,2026-08-28T19:43:30Z,500,288,212,,,,,,,,,,,,,,,,,
campaign_e_in,in_n500_rho0.6_independent-positive_seed1.pcf,dhpac,0,0,383415,367,366,8637633601851976238,18400,23f703aa3bc9,2026-08-28T19:43:30Z,500,289,211,,,,,,,,,,,,,,,,,
campaign_e_in,in_n500_rho0.6_independent-positive_seed1.pcf,dhpac,1,0,341272,367,366,8637633601851976238,18400,23f703aa3bc9,2026-08-28T19:43:30Z,500,289,211,,,,,,,,,,,,,,,,,
campaign_e_in,in_n500_rho0.6_independent-positive_seed1.pcf,dhpac,2,0,342435,367,366,8637633601851976238,18400,23f703aa3bc9,2026-08-28T19:43:30Z,500,289,211,,,,,,,,,,,,,,,,,
campaign_e_in,in_n500_rho0.6_independent-positive_seed2.pcf,dhpac,0,0,363888,342,341,2694127837887120153,18400,23f703aa3bc9,2026-08-28T19:43:30Z,500,299,201,,,,,,,,,,,,,,,,,
campaign_e_in,in_n500_rho0.6_independent-positive_seed2.pcf,dhpac,1,0,312151,342,341,2694127837887120153,18400,23f703aa3bc9,2026-08-28T19:43:30Z,500,299,201,,,,,,,,,,,,,,,,,
campaign_e_in,in_n500_rho0.6_independent-positive_seed2.pcf,dhpac,2,0,307858,342,341,2694127837887120153,18400,23f703aa3bc9,2026-08-28T19:43:30Z,500,299,201,,,,,,,,,,,,,,,,,
campaign_e_in,in_n500_rho0.6_independent-positive_seed3.pcf,dhpac,0,0,350000,347,346,13935910934168050170,18400,23f703aa3bc9,2026-08-28T19:43:30Z,500,285,215,,,,,,,,,,,,,,,,,
campaign_e_in,in_n500_rho0.6_independent-positive_seed3.pcf,dhpac,1,0,324981,347,346,13935910934168050170,18400,23f703aa3bc9,2026-08-28T19:43:30Z,500,285,215,,,,,,,,,,,,,,,,,
campaign_e_in,in_n500_rho0.6_independent-positive_seed3.pcf,dhpac,2,0,300160,347,346,13935910934168050170,18400,23f703aa3bc9,2026-08-28T19:43:30Z,500,285,215,,,,,,,,,,,,,,,,,
campaign_e_in,in_n500_rho0.6_independent-positive_seed4.pcf,dhpac,0,0,489665,338,337,1618277541351644663,18400,23f703aa3bc9,2026-08-28T19:43:30Z,500,320,180,,,,,,,,,,,,,,,,,
campaign_e_in,in_n500_rho0.6_independent-positive_seed4.pcf,dhpac,1,0,354736,338,337,1618277541351644663,18400,23f703aa3bc9,2026-08-28T19:43:30Z,500,320,180,,,,,,,,,,,,,,,,,
campaign_e_in,in_n500_rho0.6_independent-positive_seed4.pcf,dhpac,2,0,346053,338,337,1618277541351644663,18400,23f703aa3bc9,2026-08-28T19:43:30Z,500,320,180,,,,,,,,,,,,,,,,,
campaign_e_in,in_n500_rho0.6_independent-signed_seed0.pcf,dhpac,0,0,332370,340,339,10911076892224518752,18400,23f703aa3bc9,2026-08-28T19:43:30Z,500,288,212,,,,,,,,,,,,,,,,,
campaign_e_in,in_n500_rho0.6_independent-signed_seed0.pcf,dhpac,1,0,299953,340,339,10911076892224518752,18400,23f703aa3bc9,2026-08-28T19:43:30Z,500,288,212,,,,,,,,,,,,,,,,,
campaign_e_in,in_n500_rho0.6_independent-signed_seed0.pcf,dhpac,2,0,282670,340,339,10911076892224518752,18400,23f703aa3bc9,2026-08-28T19:43:30Z,500,288,212,,,,,,,,,,,,,,,,,
campaign_e_in,in_n500_rho0.6_independent-signed_seed1.pcf,dhpac,0,0,390858,347,346,16549047767357383786,18400,23f703aa3bc9,2026-08-28T19:43:30Z,500,289,211,,,,,,,,,,,,,,,,,
campaign_e_in,in_n500_rho0.6_independent-signed_seed1.pcf,dhpac,1,0,348610,347,346,16549047767357383786,18400,23f703aa3bc9,2026-08-28T19:43:30Z,500,289,211,,,,,,,,,,,,,,,,,
campaign_e_in,in_n500_rho0.6_independent-signed_seed1.pcf,dhpac,2,0,337696,347,346,16549047767357383786,18400,23f703aa3bc9,2026-08-28T19:43:30Z,500,289,211,,,,,,,,,,,,,,,,,
campaign_e_in,in_n500_rho0.6_independent-signed_seed2.pcf,dhpac,0,0,361537,361,360,13364866918069715299,18560,23f703aa3bc9,2026-08-28T19:43:30Z,500,299,201,,,,,,,,,,,,,,,,,
campaign_e_in,in_n500_rho0.6_independent-signed_seed2.pcf,dhpac,1,0,314206,361,360,13364866918069715299,18560,23f703aa3bc9,2026-08-28T19:43:30Z,500,299,201,,,,,,,,,,,,,,,,,
campaign_e_in,in_n500_rho0.6_independent-signed_seed2.pcf,dhpac,2,0,330472,361,360,13364866918069715299,18560,23f703aa3bc9,2026-08-28T19:43:30Z,500,299,201,,,,,,,,,,,,,,,,,
campaign_e_in,in_n500_rho0.6_independent-signed_seed3.pcf,dhpac,0,0,417653,349,348,6906792100389668580,18560,23f703aa3bc9,2026-08-28T19:43:30Z,500,286,214,,,,,,,,,,,,,,,,,
campaign_e_in,in_n500_rho0.6_independent-signed_seed3.pcf,dhpac,1,0,313764,349,348,6906792100389668580,18560,23f703aa3bc9,2026-08-28T19:43:30Z,500,286,214,,,,,,,,,,,,,,,,,
campaign_e_in,in_n500_rho0.6_independent-signed_seed3.pcf,dhpac,2,0,317500,349,348,6906792100389668580,18560,23f703aa3bc9,2026-08-28T19:43:30Z,500,286,214,,,,,,,,,,,,,,,,,
campaign_e_in,in_n500_rho0.6_independent-signed_seed4.pcf,dhpac,0,0,392887,352,351,3464469295232208476,18560,23f703aa3bc9,2026-08-28T19:43:30Z,500,320,180,,,,,,,,,,,,,,,,,
campaign_e_in,in_n500_rho0.6_independent-signed_seed4.pcf,dhpac,1,0,363006,352,351,3464469295232208476,18560,23f703aa3bc9,2026-08-28T19:43:30Z,500,320,180,,,,,,,,,,,,,,,,,
campaign_e_in,in_n500_rho0.6_independent-signed_seed4.pcf,dhpac,2,0,346872,352,351,3464469295232208476,18560,23f703aa3bc9,2026-08-28T19:43:30Z,500,320,180,,,,,,,,,,,,,,,,,
campaign_e_in,in_n500_rho0.6_near-ties_seed0.pcf,dhpac,0,0,353940,168,167,4221968572996656709,18560,23f703aa3bc9,2026-08-28T19:43:30Z,500,303,197,,,,,,,,,,,,,,,,,
campaign_e_in,in_n500_rho0.6_near-ties_seed0.pcf,dhpac,1,0,314479,168,167,4221968572996656709,18560,23f703aa3bc9,2026-08-28T19:43:30Z,500,303,197,,,,,,,,,,,,,,,,,
campaign_e_in,in_n500_rho0.6_near-ties_seed0.pcf,dhpac,2,0,305113,168,167,4221968572996656709,18560,23f703aa3bc9,2026-08-28T19:43:30Z,500,303,197,,,,,,,,,,,,,,,,,
campaign_e_in,in_n500_rho0.6_near-ties_seed1.pcf,dhpac,0,0,319855,169,168,402931644019031711,18560,23f703aa3bc9,2026-08-28T19:43:30Z,500,298,202,,,,,,,,,,,,,,,,,
campaign_e_in,in_n500_rho0.6_near-ties_seed1.pcf,dhpac,1,0,285098,169,168,402931644019031711,18560,23f703aa3bc9,2026-08-28T19:43:30Z,500,298,202,,,,,,,,,,,,,,,,,
campaign_e_in,in_n500_rho0.6_near-ties_seed1.pcf,dhpac,2,0,369684,169,168,402931644019031711,18560,23f703aa3bc9,2026-08-28T19:43:30Z,500,298,202,,,,,,,,,,,,,,,,,
campaign_e_in,in_n500_rho0.6_near-ties_seed2.pcf,dhpac,0,0,352396,161,160,12696221617186764857,18560,23f703aa3bc9,2026-08-28T19:43:30Z,500,299,201,,,,,,,,,,,,,,,,,
campaign_e_in,in_n500_rho0.6_near-ties_seed2.pcf,dhpac,1,0,327542,161,160,12696221617186764857,18560,23f703aa3bc9,2026-08-28T19:43:30Z,500,299,201,,,,,,,,,,,,,,,,,
campaign_e_in,in_n500_rho0.6_near-ties_seed2.pcf,dhpac,2,0,313577,161,160,12696221617186764857,18560,23f703aa3bc9,2026-08-28T19:43:30Z,500,299,201,,,,,,,,,,,,,,,,,
campaign_e_in,in_n500_rho0.6_near-ties_seed3.pcf,dhpac,0,0,329669,165,164,7124306555497535401,18560,23f703aa3bc9,2026-08-28T19:43:30Z,500,297,203,,,,,,,,,,,,,,,,,
campaign_e_in,in_n500_rho0.6_near-ties_seed3.pcf,dhpac,1,0,293319,165,164,7124306555497535401,18560,23f703aa3bc9,2026-08-28T19:43:30Z,500,297,203,,,,,,,,,,,,,,,,,
campaign_e_in,in_n500_rho0.6_near-ties_seed3.pcf,dhpac,2,0,282054,165,164,7124306555497535401,18560,23f703aa3bc9,2026-08-28T19:43:30Z,500,297,203,,,,,,,,,,,,,,,,,
campaign_e_in,in_n500_rho0.6_near-ties_seed4.pcf,dhpac,0,0,313419,179,178,1081116828126525828,18560,23f703aa3bc9,2026-08-28T19:43:30Z,500,299,201,,,,,,,,,,,,,,,,,
campaign_e_in,in_n500_rho0.6_near-ties_seed4.pcf,dhpac,1,0,278257,179,178,1081116828126525828,18560,23f703aa3bc9,2026-08-28T19:43:30Z,500,299,201,,,,,,,,,,,,,,,,,
campaign_e_in,in_n500_rho0.6_near-ties_seed4.pcf,dhpac,2,0,335215,179,178,1081116828126525828,18560,23f703aa3bc9,2026-08-28T19:43:30Z,500,299,201,,,,,,,,,,,,,,,,,
campaign_e_in,in_n500_rho1.0_anti-correlated_seed0.pcf,dhpac,0,0,1396763,275,274,6992543619068955651,18560,23f703aa3bc9,2026-08-28T19:43:30Z,500,499,1,,,,,,,,,,,,,,,,,
campaign_e_in,in_n500_rho1.0_anti-correlated_seed0.pcf,dhpac,1,0,1389920,275,274,6992543619068955651,18560,23f703aa3bc9,2026-08-28T19:43:30Z,500,499,1,,,,,,,,,,,,,,,,,
campaign_e_in,in_n500_rho1.0_anti-correlated_seed0.pcf,dhpac,2,0,1330677,275,274,6992543619068955651,18560,23f703aa3bc9,2026-08-28T19:43:30Z,500,499,1,,,,,,,,,,,,,,,,,
campaign_e_in,in_n500_rho1.0_anti-correlated_seed1.pcf,dhpac,0,0,1382721,258,257,12914761344282277641,18560,23f703aa3bc9,2026-08-28T19:43:30Z,500,499,1,,,,,,,,,,,,,,,,,
campaign_e_in,in_n500_rho1.0_anti-correlated_seed1.pcf,dhpac,1,0,1424805,258,257,12914761344282277641,18560,23f703aa3bc9,2026-08-28T19:43:30Z,500,499,1,,,,,,,,,,,,,,,,,
campaign_e_in,in_n500_rho1.0_anti-correlated_seed1.pcf,dhpac,2,0,1325685,258,257,12914761344282277641,18560,23f703aa3bc9,2026-08-28T19:43:30Z,500,499,1,,,,,,,,,,,,,,,,,
campaign_e_in,in_n500_rho1.0_anti-correlated_seed2.pcf,dhpac,0,0,1301320,261,260,15410854004869466466,18560,23f703aa3bc9,2026-08-28T19:43:30Z,500,499,1,,,,,,,,,,,,,,,,,
campaign_e_in,in_n500_rho1.0_anti-correlated_seed2.pcf,dhpac,1,0,1309609,261,260,15410854004869466466,18560,23f703aa3bc9,2026-08-28T19:43:30Z,500,499,1,,,,,,,,,,,,,,,,,
campaign_e_in,in_n500_rho1.0_anti-correlated_seed2.pcf,dhpac,2,0,1252081,261,260,15410854004869466466,18560,23f703aa3bc9,2026-08-28T19:43:30Z,500,499,1,,,,,,,,,,,,,,,,,
campaign_e_in,in_n500_rho1.0_anti-correlated_seed3.pcf,dhpac,0,0,1412686,243,242,15849466063558090888,18560,23f703aa3bc9,2026-08-28T19:43:30Z,500,499,1,,,,,,,,,,,,,,,,,
campaign_e_in,in_n500_rho1.0_anti-correlated_seed3.pcf,dhpac,1,0,1420527,243,242,15849466063558090888,18560,23f703aa3bc9,2026-08-28T19:43:30Z,500,499,1,,,,,,,,,,,,,,,,,
campaign_e_in,in_n500_rho1.0_anti-correlated_seed3.pcf,dhpac,2,0,1360924,243,242,15849466063558090888,18560,23f703aa3bc9,2026-08-28T19:43:30Z,500,499,1,,,,,,,,,,,,,,,,,
campaign_e_in,in_n500_rho1.0_anti-correlated_seed4.pcf,dhpac,0,0,1503209,255,254,14062999857804234054,18560,23f703aa3bc9,2026-08-28T19:43:30Z,500,499,1,,,,,,,,,,,,,,,,,
campaign_e_in,in_n500_rho1.0_anti-correlated_seed4.pcf,dhpac,1,0,1528416,255,254,14062999857804234054,18560,23f703aa3bc9,2026-08-28T19:43:30Z,500,499,1,,,,,,,,,,,,,,,,,
campaign_e_in,in_n500_rho1.0_anti-correlated_seed4.pcf,dhpac,2,0,1447466,255,254,14062999857804234054,18560,23f703aa3bc9,2026-08-28T19:43:30Z,500,499,1,,,,,,,,,,,,,,,,,
campaign_e_in,in_n500_rho1.0_correlated_seed0.pcf,dhpac,0,0,1277245,250,249,6051669250383058403,18560,23f703aa3bc9,2026-08-28T19:43:30Z,500,499,1,,,,,,,,,,,,,,,,,
campaign_e_in,in_n500_rho1.0_correlated_seed0.pcf,dhpac,1,0,1237659,250,249,6051669250383058403,18560,23f703aa3bc9,2026-08-28T19:43:30Z,500,499,1,,,,,,,,,,,,,,,,,
campaign_e_in,in_n500_rho1.0_correlated_seed0.pcf,dhpac,2,0,1245856,250,249,6051669250383058403,18560,23f703aa3bc9,2026-08-28T19:43:30Z,500,499,1,,,,,,,,,,,,,,,,,
campaign_e_in,in_n500_rho1.0_correlated_seed1.pcf,dhpac,0,0,1386027,256,255,11272182381357266815,18560,23f703aa3bc9,2026-08-28T19:43:30Z,500,499,1,,,,,,,,,,,,,,,,,
campaign_e_in,in_n500_rho1.0_correlated_seed1.pcf,dhpac,1,0,1379059,256,255,11272182381357266815,18560,23f703aa3bc9,2026-08-28T19:43:30Z,500,499,1,,,,,,,,,,,,,,,,,
campaign_e_in,in_n500_rho1.0_correlated_seed1.pcf,dhpac,2,0,1324605,256,255,11272182381357266815,18560,23f703aa3bc9,2026-08-28T19:43:30Z,500,499,1,,,,,,,,,,,,,,,,,
campaign_e_in,in_n500_rho1.0_correlated_seed2.pcf,dhpac,0,0,1338930,249,248,2415493542949295045,18560,23f703aa3bc9,2026-08-28T19:43:30Z,500,499,1,,,,,,,,,,,,,,,,,
campaign_e_in,in_n500_rho1.0_correlated_seed2.pcf,dhpac,1,0,1381054,249,248,2415493542949295045,18560,23f703aa3bc9,2026-08-28T19:43:30Z,500,499,1,,,,,,,,,,,,,,,,,
campaign_e_in,in_n500_rho1.0_correlated_seed2.pcf,dhpac,2,0,1305456,249,248,2415493542949295045,18560,23f703aa3bc9,2026-08-28T19:43:30Z,500,499,1,,,,,,,,,,,,,,,,,
campaign_e_in,in_n500_rho1.0_correlated_seed3.pcf,dhpac,0,0,1386355,250,249,17949742086163121800,18560,23f703aa3bc9,2026-08-28T19:43:30Z,500,499,1,,,,,,,,,,,,,,,,,
campaign_e_in,in_n500_rho1.0_correlated_seed3.pcf,dhpac,1,0,1374863,250,249,17949742086163121800,18560,23f703aa3bc9,2026-08-28T19:43:30Z,500,499,1,,,,,,,,,,,,,,,,,
campaign_e_in,in_n500_rho1.0_correlated_seed3.pcf,dhpac,2,0,1362818,250,249,17949742086163121800,18560,23f703aa3bc9,2026-08-28T19:43:30Z,500,499,1,,,,,,,,,,,,,,,,,
campaign_e_in,in_n500_rho1.0_correlated_seed4.pcf,dhpac,0,0,1485957,261,260,6078703822440751800,18560,23f703aa3bc9,2026-08-28T19:43:30Z,500,499,1,,,,,,,,,,,,,,,,,
campaign_e_in,in_n500_rho1.0_correlated_seed4.pcf,dhpac,1,0,1486474,261,260,6078703822440751800,18560,23f703aa3bc9,2026-08-28T19:43:30Z,500,499,1,,,,,,,,,,,,,,,,,
campaign_e_in,in_n500_rho1.0_correlated_seed4.pcf,dhpac,2,0,1434483,261,260,6078703822440751800,18560,23f703aa3bc9,2026-08-28T19:43:30Z,500,499,1,,,,,,,,,,,,,,,,,
campaign_e_in,in_n500_rho1.0_exact-ties_seed0.pcf,dhpac,0,0,1351678,111,110,3129905104069746535,18560,23f703aa3bc9,2026-08-28T19:43:30Z,500,499,1,,,,,,,,,,,,,,,,,
campaign_e_in,in_n500_rho1.0_exact-ties_seed0.pcf,dhpac,1,0,1364102,111,110,3129905104069746535,18560,23f703aa3bc9,2026-08-28T19:43:30Z,500,499,1,,,,,,,,,,,,,,,,,
campaign_e_in,in_n500_rho1.0_exact-ties_seed0.pcf,dhpac,2,0,1311733,111,110,3129905104069746535,18560,23f703aa3bc9,2026-08-28T19:43:30Z,500,499,1,,,,,,,,,,,,,,,,,
campaign_e_in,in_n500_rho1.0_exact-ties_seed1.pcf,dhpac,0,0,1273676,114,113,17258676938346830265,18720,23f703aa3bc9,2026-08-28T19:43:30Z,500,499,1,,,,,,,,,,,,,,,,,
campaign_e_in,in_n500_rho1.0_exact-ties_seed1.pcf,dhpac,1,0,1277683,114,113,17258676938346830265,18720,23f703aa3bc9,2026-08-28T19:43:30Z,500,499,1,,,,,,,,,,,,,,,,,
campaign_e_in,in_n500_rho1.0_exact-ties_seed1.pcf,dhpac,2,0,1227613,114,113,17258676938346830265,18720,23f703aa3bc9,2026-08-28T19:43:30Z,500,499,1,,,,,,,,,,,,,,,,,
campaign_e_in,in_n500_rho1.0_exact-ties_seed2.pcf,dhpac,0,0,1190577,95,94,15709715945029533459,18720,23f703aa3bc9,2026-08-28T19:43:30Z,500,499,1,,,,,,,,,,,,,,,,,
campaign_e_in,in_n500_rho1.0_exact-ties_seed2.pcf,dhpac,1,0,1154378,95,94,15709715945029533459,18720,23f703aa3bc9,2026-08-28T19:43:30Z,500,499,1,,,,,,,,,,,,,,,,,
campaign_e_in,in_n500_rho1.0_exact-ties_seed2.pcf,dhpac,2,0,1149160,95,94,15709715945029533459,18720,23f703aa3bc9,2026-08-28T19:43:30Z,500,499,1,,,,,,,,,,,,,,,,,
campaign_e_in,in_n500_rho1.0_exact-ties_seed3.pcf,dhpac,0,0,1271502,98,97,11033180398505285729,18720,23f703aa3bc9,2026-08-28T19:43:30Z,500,499,1,,,,,,,,,,,,,,,,,
campaign_e_in,in_n500_rho1.0_exact-ties_seed3.pcf,dhpac,1,0,1313520,98,97,11033180398505285729,18720,23f703aa3bc9,2026-08-28T19:43:30Z,500,499,1,,,,,,,,,,,,,,,,,
campaign_e_in,in_n500_rho1.0_exact-ties_seed3.pcf,dhpac,2,0,1238844,98,97,11033180398505285729,18720,23f703aa3bc9,2026-08-28T19:43:30Z,500,499,1,,,,,,,,,,,,,,,,,
campaign_e_in,in_n500_rho1.0_exact-ties_seed4.pcf,dhpac,0,0,1219997,89,88,670551319246407718,18720,23f703aa3bc9,2026-08-28T19:43:30Z,500,499,1,,,,,,,,,,,,,,,,,
campaign_e_in,in_n500_rho1.0_exact-ties_seed4.pcf,dhpac,1,0,1185249,89,88,670551319246407718,18720,23f703aa3bc9,2026-08-28T19:43:30Z,500,499,1,,,,,,,,,,,,,,,,,
campaign_e_in,in_n500_rho1.0_exact-ties_seed4.pcf,dhpac,2,0,1188586,89,88,670551319246407718,18720,23f703aa3bc9,2026-08-28T19:43:30Z,500,499,1,,,,,,,,,,,,,,,,,
campaign_e_in,in_n500_rho1.0_independent-positive_seed0.pcf,dhpac,0,0,1482224,261,260,11512013450656600591,18720,23f703aa3bc9,2026-08-28T19:43:30Z,500,499,1,,,,,,,,,,,,,,,,,
campaign_e_in,in_n500_rho1.0_independent-positive_seed0.pcf,dhpac,1,0,1462434,261,260,11512013450656600591,18720,23f703aa3bc9,2026-08-28T19:43:30Z,500,499,1,,,,,,,,,,,,,,,,,
campaign_e_in,in_n500_rho1.0_independent-positive_seed0.pcf,dhpac,2,0,1415729,261,260,11512013450656600591,18720,23f703aa3bc9,2026-08-28T19:43:30Z,500,499,1,,,,,,,,,,,,,,,,,
campaign_e_in,in_n500_rho1.0_independent-positive_seed1.pcf,dhpac,0,0,1346074,247,246,18162163312310524248,18720,23f703aa3bc9,2026-08-28T19:43:30Z,500,499,1,,,,,,,,,,,,,,,,,
campaign_e_in,in_n500_rho1.0_independent-positive_seed1.pcf,dhpac,1,0,1382006,247,246,18162163312310524248,18720,23f703aa3bc9,2026-08-28T19:43:30Z,500,499,1,,,,,,,,,,,,,,,,,
campaign_e_in,in_n500_rho1.0_independent-positive_seed1.pcf,dhpac,2,0,1295494,247,246,18162163312310524248,18720,23f703aa3bc9,2026-08-28T19:43:30Z,500,499,1,,,,,,,,,,,,,,,,,
campaign_e_in,in_n500_rho1.0_independent-positive_seed2.pcf,dhpac,0,0,1444238,249,248,9993666993991883590,18720,23f703aa3bc9,2026-08-28T19:43:30Z,500,499,1,,,,,,,,,,,,,,,,,
campaign_e_in,in_n500_rho1.0_independent-positive_seed2.pcf,dhpac,1,0,1449288,249,248,9993666993991883590,18720,23f703aa3bc9,2026-08-28T19:43:30Z,500,499,1,,,,,,,,,,,,,,,,,
campaign_e_in,in_n500_rho1.0_independent-positive_seed2.pcf,dhpac,2,0,1403535,249,248,9993666993991883590,18720,23f703aa3bc9,2026-08-28T19:43:30Z,500,499,1,,,,,,,,,,,,,,,,,
campaign_e_in,in_n500_rho1.0_independent-positive_seed3.pcf,dhpac,0,0,1236858,258,257,15484047165046393739,18720,23f703aa3bc9,2026-08-28T19:43:30Z,500,499,1,,,,,,,,,,,,,,,,,
campaign_e_in,in_n500_rho1.0_independent-positive_seed3.pcf,dhpac,1,0,1192525,258,257,15484047165046393739,18720,23f703aa3bc9,2026-08-28T19:43:30Z,500,499,1,,,,,,,,,,,,,,,,,
campaign_e_in,in_n500_rho1.0_independent-positive_seed3.pcf,dhpac,2,0,1178208,258,257,15484047165046393739,18720,23f703aa3bc9,2026-08-28T19:43:30Z,500,499,1,,,,,,,,,,,,,,,,,
campaign_e_in,in_n500_rho1.0_independent-positive_seed4.pcf,dhpac,0,0,1330565,251,250,14139800793490282679,18720,23f703aa3bc9,2026-08-28T19:43:30Z,500,499,1,,,,,,,,,,,,,,,,,
campaign_e_in,in_n500_rho1.0_independent-positive_seed4.pcf,dhpac,1,0,1344401,251,250,14139800793490282679,18720,23f703aa3bc9,2026-08-28T19:43:30Z,500,499,1,,,,,,,,,,,,,,,,,
campaign_e_in,in_n500_rho1.0_independent-positive_seed4.pcf,dhpac,2,0,1301108,251,250,14139800793490282679,18720,23f703aa3bc9,2026-08-28T19:43:30Z,500,499,1,,,,,,,,,,,,,,,,,
campaign_e_in,in_n500_rho1.0_independent-signed_seed0.pcf,dhpac,0,0,1469910,262,261,4874017197575339810,18720,23f703aa3bc9,2026-08-28T19:43:30Z,500,499,1,,,,,,,,,,,,,,,,,
campaign_e_in,in_n500_rho1.0_independent-signed_seed0.pcf,dhpac,1,0,1369101,262,261,4874017197575339810,18720,23f703aa3bc9,2026-08-28T19:43:30Z,500,499,1,,,,,,,,,,,,,,,,,
campaign_e_in,in_n500_rho1.0_independent-signed_seed0.pcf,dhpac,2,0,1376649,262,261,4874017197575339810,18720,23f703aa3bc9,2026-08-28T19:43:30Z,500,499,1,,,,,,,,,,,,,,,,,
campaign_e_in,in_n500_rho1.0_independent-signed_seed1.pcf,dhpac,0,0,1351318,259,258,13440380741931037109,18720,23f703aa3bc9,2026-08-28T19:43:30Z,500,499,1,,,,,,,,,,,,,,,,,
campaign_e_in,in_n500_rho1.0_independent-signed_seed1.pcf,dhpac,1,0,1374529,259,258,13440380741931037109,18720,23f703aa3bc9,2026-08-28T19:43:30Z,500,499,1,,,,,,,,,,,,,,,,,
campaign_e_in,in_n500_rho1.0_independent-signed_seed1.pcf,dhpac,2,0,1295088,259,258,13440380741931037109,18720,23f703aa3bc9,2026-08-28T19:43:30Z,500,499,1,,,,,,,,,,,,,,,,,
campaign_e_in,in_n500_rho1.0_independent-signed_seed2.pcf,dhpac,0,0,1451293,258,257,16937587454243323786,18720,23f703aa3bc9,2026-08-28T19:43:30Z,500,499,1,,,,,,,,,,,,,,,,,
campaign_e_in,in_n500_rho1.0_independent-signed_seed2.pcf,dhpac,1,0,1463491,258,257,16937587454243323786,18720,23f703aa3bc9,2026-08-28T19:43:30Z,500,499,1,,,,,,,,,,,,,,,,,
campaign_e_in,in_n500_rho1.0_independent-signed_seed2.pcf,dhpac,2,0,1387747,258,257,16937587454243323786,18720,23f703aa3bc9,2026-08-28T19:43:30Z,500,499,1,,,,,,,,,,,,,,,,,
campaign_e_in,in_n500_rho1.0_independent-signed_seed3.pcf,dhpac,0,0,1183596,252,251,757673251136094993,18720,23f703aa3bc9,2026-08-28T19:43:30Z,500,499,1,,,,,,,,,,,,,,,,,
campaign_e_in,in_n500_rho1.0_independent-signed_seed3.pcf,dhpac,1,0,1143183,252,251,757673251136094993,18720,23f703aa3bc9,2026-08-28T19:43:30Z,500,499,1,,,,,,,,,,,,,,,,,
campaign_e_in,in_n500_rho1.0_independent-signed_seed3.pcf,dhpac,2,0,1127815,252,251,757673251136094993,18720,23f703aa3bc9,2026-08-28T19:43:30Z,500,499,1,,,,,,,,,,,,,,,,,
campaign_e_in,in_n500_rho1.0_independent-signed_seed4.pcf,dhpac,0,0,1304709,251,250,2694123734626224815,18720,23f703aa3bc9,2026-08-28T19:43:30Z,500,499,1,,,,,,,,,,,,,,,,,
campaign_e_in,in_n500_rho1.0_independent-signed_seed4.pcf,dhpac,1,0,1328877,251,250,2694123734626224815,18720,23f703aa3bc9,2026-08-28T19:43:30Z,500,499,1,,,,,,,,,,,,,,,,,
campaign_e_in,in_n500_rho1.0_independent-signed_seed4.pcf,dhpac,2,0,1264040,251,250,2694123734626224815,18720,23f703aa3bc9,2026-08-28T19:43:30Z,500,499,1,,,,,,,,,,,,,,,,,
campaign_e_in,in_n500_rho1.0_near-ties_seed0.pcf,dhpac,0,0,1317702,131,130,10687708766254398971,18720,23f703aa3bc9,2026-08-28T19:43:30Z,500,499,1,,,,,,,,,,,,,,,,,
campaign_e_in,in_n500_rho1.0_near-ties_seed0.pcf,dhpac,1,0,1333602,131,130,10687708766254398971,18720,23f703aa3bc9,2026-08-28T19:43:30Z,500,499,1,,,,,,,,,,,,,,,,,
campaign_e_in,in_n500_rho1.0_near-ties_seed0.pcf,dhpac,2,0,1295244,131,130,10687708766254398971,18720,23f703aa3bc9,2026-08-28T19:43:30Z,500,499,1,,,,,,,,,,,,,,,,,
campaign_e_in,in_n500_rho1.0_near-ties_seed1.pcf,dhpac,0,0,1326497,130,129,13208956255960400194,18720,23f703aa3bc9,2026-08-28T19:43:30Z,500,499,1,,,,,,,,,,,,,,,,,
campaign_e_in,in_n500_rho1.0_near-ties_seed1.pcf,dhpac,1,0,1196850,130,129,13208956255960400194,18720,23f703aa3bc9,2026-08-28T19:43:30Z,500,499,1,,,,,,,,,,,,,,,,,
campaign_e_in,in_n500_rho1.0_near-ties_seed1.pcf,dhpac,2,0,1179303,130,129,13208956255960400194,18720,23f703aa3bc9,2026-08-28T19:43:30Z,500,499,1,,,,,,,,,,,,,,,,,
campaign_e_in,in_n500_rho1.0_near-ties_seed2.pcf,dhpac,0,0,1344837,143,142,4348268765759992571,18720,23f703aa3bc9,2026-08-28T19:43:30Z,500,499,1,,,,,,,,,,,,,,,,,
campaign_e_in,in_n500_rho1.0_near-ties_seed2.pcf,dhpac,1,0,1337399,143,142,4348268765759992571,18720,23f703aa3bc9,2026-08-28T19:43:30Z,500,499,1,,,,,,,,,,,,,,,,,
campaign_e_in,in_n500_rho1.0_near-ties_seed2.pcf,dhpac,2,0,1291253,143,142,4348268765759992571,18720,23f703aa3bc9,2026-08-28T19:43:30Z,500,499,1,,,,,,,,,,,,,,,,,
campaign_e_in,in_n500_rho1.0_near-ties_seed3.pcf,dhpac,0,0,1447691,153,152,11933490194713086722,18720,23f703aa3bc9,2026-08-28T19:43:30Z,500,499,1,,,,,,,,,,,,,,,,,
campaign_e_in,in_n500_rho1.0_near-ties_seed3.pcf,dhpac,1,0,1406696,153,152,11933490194713086722,18720,23f703aa3bc9,2026-08-28T19:43:30Z,500,499,1,,,,,,,,,,,,,,,,,
campaign_e_in,in_n500_rho1.0_near-ties_seed3.pcf,dhpac,2,0,1420946,153,152,11933490194713086722,18720,23f703aa3bc9,2026-08-28T19:43:30Z,500,499,1,,,,,,,,,,,,,,,,,
campaign_e_in,in_n500_rho1.0_near-ties_seed4.pcf,dhpac,0,0,1552289,139,138,1380702851939703868,18880,23f703aa3bc9,2026-08-28T19:43:30Z,500,499,1,,,,,,,,,,,,,,,,,
campaign_e_in,in_n500_rho1.0_near-ties_seed4.pcf,dhpac,1,0,1564375,139,138,1380702851939703868,18880,23f703aa3bc9,2026-08-28T19:43:30Z,500,499,1,,,,,,,,,,,,,,,,,
campaign_e_in,in_n500_rho1.0_near-ties_seed4.pcf,dhpac,2,0,1523630,139,138,1380702851939703868,18880,23f703aa3bc9,2026-08-28T19:43:30Z,500,499,1,,,,,,,,,,,,,,,,,
campaign_e_in,in_n60000_rho0.6_anti-correlated_seed0.pcf,dhpac,0,0,63216468,36271,36270,5764062642228329354,24104,23f703aa3bc9,2026-08-28T19:43:31Z,60000,36011,23989,,,,,,,,,,,,,,,,,
campaign_e_in,in_n60000_rho0.6_anti-correlated_seed0.pcf,dhpac,1,0,61700093,36271,36270,5764062642228329354,24400,23f703aa3bc9,2026-08-28T19:43:31Z,60000,36011,23989,,,,,,,,,,,,,,,,,
campaign_e_in,in_n60000_rho0.6_anti-correlated_seed0.pcf,dhpac,2,0,61688309,36271,36270,5764062642228329354,24400,23f703aa3bc9,2026-08-28T19:43:31Z,60000,36011,23989,,,,,,,,,,,,,,,,,
campaign_e_in,in_n60000_rho0.6_anti-correlated_seed1.pcf,dhpac,0,0,65612423,36183,36182,17006873765333510055,24112,23f703aa3bc9,2026-08-28T19:43:31Z,60000,36080,23920,,,,,,,,,,,,,,,,,
campaign_e_in,in_n60000_rho0.6_anti-correlated_seed1.pcf,dhpac,1,0,63258080,36183,36182,17006873765333510055,24396,23f703aa3bc9,2026-08-28T19:43:31Z,60000,36080,23920,,,,,,,,,,,,,,,,,
campaign_e_in,in_n60000_rho0.6_anti-correlated_seed1.pcf,dhpac,2,0,63606854,36183,36182,17006873765333510055,24396,23f703aa3bc9,2026-08-28T19:43:31Z,60000,36080,23920,,,,,,,,,,,,,,,,,
campaign_e_in,in_n60000_rho0.6_anti-correlated_seed2.pcf,dhpac,0,0,64029841,36026,36025,16114111215544748717,24128,23f703aa3bc9,2026-08-28T19:43:31Z,60000,36149,23851,,,,,,,,,,,,,,,,,
campaign_e_in,in_n60000_rho0.6_anti-correlated_seed2.pcf,dhpac,1,0,61960527,36026,36025,16114111215544748717,24384,23f703aa3bc9,2026-08-28T19:43:31Z,60000,36149,23851,,,,,,,,,,,,,,,,,
campaign_e_in,in_n60000_rho0.6_anti-correlated_seed2.pcf,dhpac,2,0,61401648,36026,36025,16114111215544748717,24856,23f703aa3bc9,2026-08-28T19:43:31Z,60000,36149,23851,,,,,,,,,,,,,,,,,
campaign_e_in,in_n60000_rho0.6_anti-correlated_seed3.pcf,dhpac,0,0,66340907,36292,36291,8304473283720311234,24280,23f703aa3bc9,2026-08-28T19:43:31Z,60000,35893,24107,,,,,,,,,,,,,,,,,
campaign_e_in,in_n60000_rho0.6_anti-correlated_seed3.pcf,dhpac,1,0,63862880,36292,36291,8304473283720311234,24560,23f703aa3bc9,2026-08-28T19:43:31Z,60000,35893,24107,,,,,,,,,,,,,,,,,
campaign_e_in,in_n60000_rho0.6_anti-correlated_seed3.pcf,dhpac,2,0,63639693,36292,36291,8304473283720311234,24560,23f703aa3bc9,2026-08-28T19:43:31Z,60000,35893,24107,,,,,,,,,,,,,,,,,
campaign_e_in,in_n60000_rho0.6_anti-correlated_seed4.pcf,dhpac,0,0,66371423,36165,36164,13042010676719811957,24248,23f703aa3bc9,2026-08-28T19:43:31Z,60000,36056,23944,,,,,,,,,,,,,,,,,
campaign_e_in,in_n60000_rho0.6_anti-correlated_seed4.pcf,dhpac,1,0,64108108,36165,36164,13042010676719811957,24548,23f703aa3bc9,2026-08-28T19:43:31Z,60000,36056,23944,,,,,,,,,,,,,,,,,
campaign_e_in,in_n60000_rho0.6_anti-correlated_seed4.pcf,dhpac,2,0,66635653,36165,36164,13042010676719811957,24624,23f703aa3bc9,2026-08-28T19:43:31Z,60000,36056,23944,,,,,,,,,,,,,,,,,
campaign_e_in,in_n60000_rho0.6_correlated_seed0.pcf,dhpac,0,0,62563860,28691,28690,7960245306781248815,21544,23f703aa3bc9,2026-08-28T19:43:32Z,60000,36011,23989,,,,,,,,,,,,,,,,,
campaign_e_in,in_n60000_rho0.6_correlated_seed0.pcf,dhpac,1,0,60179463,28691,28690,7960245306781248815,22232,23f703aa3bc9,2026-08-28T19:43:32Z,60000,36011,23989,,,,,,,,,,,,,,,,,
campaign_e_in,in_n60000_rho0.6_correlated_seed0.pcf,dhpac,2,0,59851708,28691,28690,7960245306781248815,22232,23f703aa3bc9,2026-08-28T19:43:32Z,60000,36011,23989,,,,,,,,,,,,,,,,,
campaign_e_in,in_n60000_rho0.6_correlated_seed1.pcf,dhpac,0,0,64577010,28565,28564,10788456855381238123,21556,23f703aa3bc9,2026-08-28T19:43:32Z,60000,36080,23920,,,,,,,,,,,,,,,,,
campaign_e_in,in_n60000_rho0.6_correlated_seed1.pcf,dhpac,1,0,62230383,28565,28564,10788456855381238123,22852,23f703aa3bc9,2026-08-28T19:43:32Z,60000,36080,23920,,,,,,,,,,,,,,,,,
campaign_e_in,in_n60000_rho0.6_correlated_seed1.pcf,dhpac,2,0,61895894,28565,28564,10788456855381238123,22852,23f703aa3bc9,2026-08-28T19:43:32Z,60000,36080,23920,,,,,,,,,,,,,,,,,
campaign_e_in,in_n60000_rho0.6_correlated_seed2.pcf,dhpac,0,0,62696385,28694,28693,14273279480711422426,21404,23f703aa3bc9,2026-08-28T19:43:32Z,60000,36149,23851,,,,,,,,,,,,,,,,,
campaign_e_in,in_n60000_rho0.6_correlated_seed2.pcf,dhpac,1,0,60525405,28694,28693,14273279480711422426,22556,23f703aa3bc9,2026-08-28T19:43:32Z,60000,36149,23851,,,,,,,,,,,,,,,,,
campaign_e_in,in_n60000_rho0.6_correlated_seed2.pcf,dhpac,2,0,60553387,28694,28693,14273279480711422426,22556,23f703aa3bc9,2026-08-28T19:43:32Z,60000,36149,23851,,,,,,,,,,,,,,,,,
campaign_e_in,in_n60000_rho0.6_correlated_seed3.pcf,dhpac,0,0,65182318,28735,28734,6621816202219239521,21724,23f703aa3bc9,2026-08-28T19:43:32Z,60000,35893,24107,,,,,,,,,,,,,,,,,
campaign_e_in,in_n60000_rho0.6_correlated_seed3.pcf,dhpac,1,0,63214233,28735,28734,6621816202219239521,22876,23f703aa3bc9,2026-08-28T19:43:32Z,60000,35893,24107,,,,,,,,,,,,,,,,,
campaign_e_in,in_n60000_rho0.6_correlated_seed3.pcf,dhpac,2,0,63095188,28735,28734,6621816202219239521,22876,23f703aa3bc9,2026-08-28T19:43:32Z,60000,35893,24107,,,,,,,,,,,,,,,,,
campaign_e_in,in_n60000_rho0.6_correlated_seed4.pcf,dhpac,0,0,65329915,28645,28644,12600071761897571026,21692,23f703aa3bc9,2026-08-28T19:43:32Z,60000,36056,23944,,,,,,,,,,,,,,,,,
campaign_e_in,in_n60000_rho0.6_correlated_seed4.pcf,dhpac,1,0,63060881,28645,28644,12600071761897571026,22540,23f703aa3bc9,2026-08-28T19:43:32Z,60000,36056,23944,,,,,,,,,,,,,,,,,
campaign_e_in,in_n60000_rho0.6_correlated_seed4.pcf,dhpac,2,0,64112513,28645,28644,12600071761897571026,22540,23f703aa3bc9,2026-08-28T19:43:33Z,60000,36056,23944,,,,,,,,,,,,,,,,,
campaign_e_in,in_n60000_rho0.6_exact-ties_seed0.pcf,dhpac,0,0,57296523,9374,9373,15452087567003851639,18880,23f703aa3bc9,2026-08-28T19:43:33Z,60000,35946,24054,,,,,,,,,,,,,,,,,
campaign_e_in,in_n60000_rho0.6_exact-ties_seed0.pcf,dhpac,1,0,55863382,9374,9373,15452087567003851639,19052,23f703aa3bc9,2026-08-28T19:43:33Z,60000,35946,24054,,,,,,,,,,,,,,,,,
campaign_e_in,in_n60000_rho0.6_exact-ties_seed0.pcf,dhpac,2,0,56057970,9374,9373,15452087567003851639,19812,23f703aa3bc9,2026-08-28T19:43:33Z,60000,35946,24054,,,,,,,,,,,,,,,,,
campaign_e_in,in_n60000_rho0.6_exact-ties_seed1.pcf,dhpac,0,0,58957697,9226,9225,17709780727168775798,18880,23f703aa3bc9,2026-08-28T19:43:33Z,60000,36049,23951,,,,,,,,,,,,,,,,,
campaign_e_in,in_n60000_rho0.6_exact-ties_seed1.pcf,dhpac,1,0,57881850,9226,9225,17709780727168775798,19068,23f703aa3bc9,2026-08-28T19:43:33Z,60000,36049,23951,,,,,,,,,,,,,,,,,
campaign_e_in,in_n60000_rho0.6_exact-ties_seed1.pcf,dhpac,2,0,58117369,9226,9225,17709780727168775798,19116,23f703aa3bc9,2026-08-28T19:43:33Z,60000,36049,23951,,,,,,,,,,,,,,,,,
campaign_e_in,in_n60000_rho0.6_exact-ties_seed2.pcf,dhpac,0,0,58118406,9324,9323,14336682605974517334,18880,23f703aa3bc9,2026-08-28T19:43:33Z,60000,36042,23958,,,,,,,,,,,,,,,,,
campaign_e_in,in_n60000_rho0.6_exact-ties_seed2.pcf,dhpac,1,0,56666594,9324,9323,14336682605974517334,19528,23f703aa3bc9,2026-08-28T19:43:33Z,60000,36042,23958,,,,,,,,,,,,,,,,,
campaign_e_in,in_n60000_rho0.6_exact-ties_seed2.pcf,dhpac,2,0,57149522,9324,9323,14336682605974517334,19804,23f703aa3bc9,2026-08-28T19:43:33Z,60000,36042,23958,,,,,,,,,,,,,,,,,
campaign_e_in,in_n60000_rho0.6_exact-ties_seed3.pcf,dhpac,0,0,58741602,9259,9258,5372016969224707426,18880,23f703aa3bc9,2026-08-28T19:43:33Z,60000,35872,24128,,,,,,,,,,,,,,,,,
campaign_e_in,in_n60000_rho0.6_exact-ties_seed3.pcf,dhpac,1,0,57448962,9259,9258,5372016969224707426,19196,23f703aa3bc9,2026-08-28T19:43:33Z,60000,35872,24128,,,,,,,,,,,,,,,,,
campaign_e_in,in_n60000_rho0.6_exact-ties_seed3.pcf,dhpac,2,0,57712419,9259,9258,5372016969224707426,19196,23f703aa3bc9,2026-08-28T19:43:33Z,60000,35872,24128,,,,,,,,,,,,,,,,,
campaign_e_in,in_n60000_rho0.6_exact-ties_seed4.pcf,dhpac,0,0,58706878,9366,9365,10448085150176683055,18880,23f703aa3bc9,2026-08-28T19:43:33Z,60000,35961,24039,,,,,,,,,,,,,,,,,
campaign_e_in,in_n60000_rho0.6_exact-ties_seed4.pcf,dhpac,1,0,57530641,9366,9365,10448085150176683055,19088,23f703aa3bc9,2026-08-28T19:43:33Z,60000,35961,24039,,,,,,,,,,,,,,,,,
campaign_e_in,in_n60000_rho0.6_exact-ties_seed4.pcf,dhpac,2,0,57743652,9366,9365,10448085150176683055,19444,23f703aa3bc9,2026-08-28T19:43:33Z,60000,35961,24039,,,,,,,,,,,,,,,,,
campaign_e_in,in_n60000_rho0.6_independent-positive_seed0.pcf,dhpac,0,0,63413079,39334,39333,1500974812430155874,24584,23f703aa3bc9,2026-08-28T19:43:34Z,60000,35891,24109,,,,,,,,,,,,,,,,,
campaign_e_in,in_n60000_rho0.6_independent-positive_seed0.pcf,dhpac,1,0,61844811,39334,39333,1500974812430155874,24868,23f703aa3bc9,2026-08-28T19:43:34Z,60000,35891,24109,,,,,,,,,,,,,,,,,
campaign_e_in,in_n60000_rho0.6_independent-positive_seed0.pcf,dhpac,2,0,61042845,39334,39333,1500974812430155874,25500,23f703aa3bc9,2026-08-28T19:43:34Z,60000,35891,24109,,,,,,,,,,,,,,,,,
campaign_e_in,in_n60000_rho0.6_independent-positive_seed1.pcf,dhpac,0,0,64323451,39093,39092,7523729642306140847,24592,23f703aa3bc9,2026-08-28T19:43:34Z,60000,36024,23976,,,,,,,,,,,,,,,,,
campaign_e_in,in_n60000_rho0.6_independent-positive_seed1.pcf,dhpac,1,0,61812777,39093,39092,7523729642306140847,24848,23f703aa3bc9,2026-08-28T19:43:34Z,60000,36024,23976,,,,,,,,,,,,,,,,,
campaign_e_in,in_n60000_rho0.6_independent-positive_seed1.pcf,dhpac,2,0,61808029,39093,39092,7523729642306140847,25476,23f703aa3bc9,2026-08-28T19:43:34Z,60000,36024,23976,,,,,,,,,,,,,,,,,
campaign_e_in,in_n60000_rho0.6_independent-positive_seed2.pcf,dhpac,0,0,64901619,39075,39074,7956430323098474402,24564,23f703aa3bc9,2026-08-28T19:43:34Z,60000,36157,23843,,,,,,,,,,,,,,,,,
campaign_e_in,in_n60000_rho0.6_independent-positive_seed2.pcf,dhpac,1,0,62802376,39075,39074,7956430323098474402,24856,23f703aa3bc9,2026-08-28T19:43:34Z,60000,36157,23843,,,,,,,,,,,,,,,,,
campaign_e_in,in_n60000_rho0.6_independent-positive_seed2.pcf,dhpac,2,0,62182118,39075,39074,7956430323098474402,24856,23f703aa3bc9,2026-08-28T19:43:34Z,60000,36157,23843,,,,,,,,,,,,,,,,,
campaign_e_in,in_n60000_rho0.6_independent-positive_seed3.pcf,dhpac,0,0,63983607,39288,39287,3492501649866833169,24416,23f703aa3bc9,2026-08-28T19:43:34Z,60000,35907,24093,,,,,,,,,,,,,,,,,
campaign_e_in,in_n60000_rho0.6_independent-positive_seed3.pcf,dhpac,1,0,61645078,39288,39287,3492501649866833169,24864,23f703aa3bc9,2026-08-28T19:43:34Z,60000,35907,24093,,,,,,,,,,,,,,,,,
campaign_e_in,in_n60000_rho0.6_independent-positive_seed3.pcf,dhpac,2,0,61679671,39288,39287,3492501649866833169,25492,23f703aa3bc9,2026-08-28T19:43:34Z,60000,35907,24093,,,,,,,,,,,,,,,,,
campaign_e_in,in_n60000_rho0.6_independent-positive_seed4.pcf,dhpac,0,0,65873320,39299,39298,7796203414088417153,24748,23f703aa3bc9,2026-08-28T19:43:34Z,60000,36090,23910,,,,,,,,,,,,,,,,,
campaign_e_in,in_n60000_rho0.6_independent-positive_seed4.pcf,dhpac,1,0,63422002,39299,39298,7796203414088417153,25028,23f703aa3bc9,2026-08-28T19:43:34Z,60000,36090,23910,,,,,,,,,,,,,,,,,
campaign_e_in,in_n60000_rho0.6_independent-positive_seed4.pcf,dhpac,2,0,63467260,39299,39298,7796203414088417153,25028,23f703aa3bc9,2026-08-28T19:43:35Z,60000,36090,23910,,,,,,,,,,,,,,,,,
campaign_e_in,in_n60000_rho0.6_independent-signed_seed0.pcf,dhpac,0,0,64131453,40308,40307,9873867447643787868,24880,23f703aa3bc9,2026-08-28T19:43:35Z,60000,35898,24102,,,,,,,,,,,,,,,,,
campaign_e_in,in_n60000_rho0.6_independent-signed_seed0.pcf,dhpac,1,0,61753111,40308,40307,9873867447643787868,25128,23f703aa3bc9,2026-08-28T19:43:35Z,60000,35898,24102,,,,,,,,,,,,,,,,,
campaign_e_in,in_n60000_rho0.6_independent-signed_seed0.pcf,dhpac,2,0,60716722,40308,40307,9873867447643787868,25440,23f703aa3bc9,2026-08-28T19:43:35Z,60000,35898,24102,,,,,,,,,,,,,,,,,
campaign_e_in,in_n60000_rho0.6_independent-signed_seed1.pcf,dhpac,0,0,64819957,40367,40366,13059339100695098202,24892,23f703aa3bc9,2026-08-28T19:43:35Z,60000,36022,23978,,,,,,,,,,,,,,,,,
campaign_e_in,in_n60000_rho0.6_independent-signed_seed1.pcf,dhpac,1,0,62436500,40367,40366,13059339100695098202,25780,23f703aa3bc9,2026-08-28T19:43:35Z,60000,36022,23978,,,,,,,,,,,,,,,,,
campaign_e_in,in_n60000_rho0.6_independent-signed_seed1.pcf,dhpac,2,0,62699388,40367,40366,13059339100695098202,25780,23f703aa3bc9,2026-08-28T19:43:35Z,60000,36022,23978,,,,,,,,,,,,,,,,,
campaign_e_in,in_n60000_rho0.6_independent-signed_seed2.pcf,dhpac,0,0,64339758,40334,40333,5671151908772500694,24760,23f703aa3bc9,2026-08-28T19:43:35Z,60000,36142,23858,,,,,,,,,,,,,,,,,
campaign_e_in,in_n60000_rho0.6_independent-signed_seed2.pcf,dhpac,1,0,62338482,40334,40333,5671151908772500694,25140,23f703aa3bc9,2026-08-28T19:43:35Z,60000,36142,23858,,,,,,,,,,,,,,,,,
campaign_e_in,in_n60000_rho0.6_independent-signed_seed2.pcf,dhpac,2,0,62326263,40334,40333,5671151908772500694,25768,23f703aa3bc9,2026-08-28T19:43:35Z,60000,36142,23858,,,,,,,,,,,,,,,,,
campaign_e_in,in_n60000_rho0.6_independent-signed_seed3.pcf,dhpac,0,0,63605285,40430,40429,11725734323135157138,24748,23f703aa3bc9,2026-08-28T19:43:35Z,60000,35904,24096,,,,,,,,,,,,,,,,,
campaign_e_in,in_n60000_rho0.6_independent-signed_seed3.pcf,dhpac,1,0,61426856,40430,40429,11725734323135157138,25140,23f703aa3bc9,2026-08-28T19:43:35Z,60000,35904,24096,,,,,,,,,,,,,,,,,
campaign_e_in,in_n60000_rho0.6_independent-signed_seed3.pcf,dhpac,2,0,60875519,40430,40429,11725734323135157138,25772,23f703aa3bc9,2026-08-28T19:43:35Z,60000,35904,24096,,,,,,,,,,,,,,,,,
campaign_e_in,in_n60000_rho0.6_independent-signed_seed4.pcf,dhpac,0,0,66313004,40451,40450,2478522998536081709,25048,23f703aa3bc9,2026-08-28T19:43:35Z,60000,36104,23896,,,,,,,,,,,,,,,,,
campaign_e_in,in_n60000_rho0.6_independent-signed_seed4.pcf,dhpac,1,0,63874454,40451,40450,2478522998536081709,25308,23f703aa3bc9,2026-08-28T19:43:35Z,60000,36104,23896,,,,,,,,,,,,,,,,,
campaign_e_in,in_n60000_rho0.6_independent-signed_seed4.pcf,dhpac,2,0,63687876,40451,40450,2478522998536081709,25456,23f703aa3bc9,2026-08-28T19:43:36Z,60000,36104,23896,,,,,,,,,,,,,,,,,
campaign_e_in,in_n60000_rho0.6_near-ties_seed0.pcf,dhpac,0,0,63225704,1221,1220,16339530867634036073,19040,23f703aa3bc9,2026-08-28T19:43:36Z,60000,36088,23912,,,,,,,,,,,,,,,,,
campaign_e_in,in_n60000_rho0.6_near-ties_seed0.pcf,dhpac,1,0,62519598,1221,1220,16339530867634036073,19360,23f703aa3bc9,2026-08-28T19:43:36Z,60000,36088,23912,,,,,,,,,,,,,,,,,
campaign_e_in,in_n60000_rho0.6_near-ties_seed0.pcf,dhpac,2,0,61241249,1221,1220,16339530867634036073,19360,23f703aa3bc9,2026-08-28T19:43:36Z,60000,36088,23912,,,,,,,,,,,,,,,,,
campaign_e_in,in_n60000_rho0.6_near-ties_seed1.pcf,dhpac,0,0,60560864,1243,1242,17468540761027028814,19040,23f703aa3bc9,2026-08-28T19:43:36Z,60000,35977,24023,,,,,,,,,,,,,,,,,
campaign_e_in,in_n60000_rho0.6_near-ties_seed1.pcf,dhpac,1,0,59493883,1243,1242,17468540761027028814,19196,23f703aa3bc9,2026-08-28T19:43:36Z,60000,35977,24023,,,,,,,,,,,,,,,,,
campaign_e_in,in_n60000_rho0.6_near-ties_seed1.pcf,dhpac,2,0,58982435,1243,1242,17468540761027028814,19196,23f703aa3bc9,2026-08-28T19:43:36Z,60000,35977,24023,,,,,,,,,,,,,,,,,
campaign_e_in,in_n60000_rho0.6_near-ties_seed2.pcf,dhpac,0,0,57732459,1260,1259,1533920726885037467,19040,23f703aa3bc9,2026-08-28T19:43:36Z,60000,36028,23972,,,,,,,,,,,,,,,,,
campaign_e_in,in_n60000_rho0.6_near-ties_seed2.pcf,dhpac,1,0,56920057,1260,1259,1533920726885037467,19040,23f703aa3bc9,2026-08-28T19:43:36Z,60000,36028,23972,,,,,,,,,,,,,,,,,
campaign_e_in,in_n60000_rho0.6_near-ties_seed2.pcf,dhpac,2,0,56927657,1260,1259,1533920726885037467,19040,23f703aa3bc9,2026-08-28T19:43:36Z,60000,36028,23972,,,,,,,,,,,,,,,,,
campaign_e_in,in_n60000_rho0.6_near-ties_seed3.pcf,dhpac,0,0,57233137,1233,1232,11914647947718823773,19040,23f703aa3bc9,2026-08-28T19:43:36Z,60000,35982,24018,,,,,,,,,,,,,,,,,
campaign_e_in,in_n60000_rho0.6_near-ties_seed3.pcf,dhpac,1,0,56351650,1233,1232,11914647947718823773,19040,23f703aa3bc9,2026-08-28T19:43:36Z,60000,35982,24018,,,,,,,,,,,,,,,,,
campaign_e_in,in_n60000_rho0.6_near-ties_seed3.pcf,dhpac,2,0,55708669,1233,1232,11914647947718823773,19040,23f703aa3bc9,2026-08-28T19:43:36Z,60000,35982,24018,,,,,,,,,,,,,,,,,
campaign_e_in,in_n60000_rho0.6_near-ties_seed4.pcf,dhpac,0,0,58139248,1257,1256,3263765647610527885,19040,23f703aa3bc9,2026-08-28T19:43:36Z,60000,36104,23896,,,,,,,,,,,,,,,,,
campaign_e_in,in_n60000_rho0.6_near-ties_seed4.pcf,dhpac,1,0,57433789,1257,1256,3263765647610527885,19040,23f703aa3bc9,2026-08-28T19:43:36Z,60000,36104,23896,,,,,,,,,,,,,,,,,
campaign_e_in,in_n60000_rho0.6_near-ties_seed4.pcf,dhpac,2,0,56751494,1257,1256,3263765647610527885,19084,23f703aa3bc9,2026-08-28T19:43:36Z,60000,36104,23896,,,,,,,,,,,,,,,,,
campaign_e_in,in_n60000_rho1.0_anti-correlated_seed0.pcf,dhpac,0,0,678742103,27005,27004,16195582036550362803,64088,23f703aa3bc9,2026-08-28T19:43:37Z,60000,59999,1,,,,,,,,,,,,,,,,,
campaign_e_in,in_n60000_rho1.0_anti-correlated_seed0.pcf,dhpac,1,0,676706688,27005,27004,16195582036550362803,101904,23f703aa3bc9,2026-08-28T19:43:38Z,60000,59999,1,,,,,,,,,,,,,,,,,
campaign_e_in,in_n60000_rho1.0_anti-correlated_seed0.pcf,dhpac,2,0,665030038,27005,27004,16195582036550362803,102720,23f703aa3bc9,2026-08-28T19:43:39Z,60000,59999,1,,,,,,,,,,,,,,,,,
campaign_e_in,in_n60000_rho1.0_anti-correlated_seed1.pcf,dhpac,0,0,587487884,26955,26954,332421713663845611,64000,23f703aa3bc9,2026-08-28T19:43:39Z,60000,59999,1,,,,,,,,,,,,,,,,,
campaign_e_in,in_n60000_rho1.0_anti-correlated_seed1.pcf,dhpac,1,0,583402939,26955,26954,332421713663845611,96288,23f703aa3bc9,2026-08-28T19:43:40Z,60000,59999,1,,,,,,,,,,,,,,,,,
campaign_e_in,in_n60000_rho1.0_anti-correlated_seed1.pcf,dhpac,2,0,572052674,26955,26954,332421713663845611,96648,23f703aa3bc9,2026-08-28T19:43:40Z,60000,59999,1,,,,,,,,,,,,,,,,,
campaign_e_in,in_n60000_rho1.0_anti-correlated_seed2.pcf,dhpac,0,0,586713988,27230,27229,234214485990209911,64244,23f703aa3bc9,2026-08-28T19:43:41Z,60000,59999,1,,,,,,,,,,,,,,,,,
campaign_e_in,in_n60000_rho1.0_anti-correlated_seed2.pcf,dhpac,1,0,584592975,27230,27229,234214485990209911,97480,23f703aa3bc9,2026-08-28T19:43:41Z,60000,59999,1,,,,,,,,,,,,,,,,,
campaign_e_in,in_n60000_rho1.0_anti-correlated_seed2.pcf,dhpac,2,0,584408863,27230,27229,234214485990209911,97480,23f703aa3bc9,2026-08-28T19:43:42Z,60000,59999,1,,,,,,,,,,,,,,,,,
campaign_e_in,in_n60000_rho1.0_anti-correlated_seed3.pcf,dhpac,0,0,613441973,27182,27181,16548093350064542951,64236,23f703aa3bc9,2026-08-28T19:43:43Z,60000,59999,1,,,,,,,,,,,,,,,,,
campaign_e_in,in_n60000_rho1.0_anti-correlated_seed3.pcf,dhpac,1,0,609663365,27182,27181,16548093350064542951,99392,23f703aa3bc9,2026-08-28T19:43:43Z,60000,59999,1,,,,,,,,,,,,,,,,,
campaign_e_in,in_n60000_rho1.0_anti-correlated_seed3.pcf,dhpac,2,0,609930217,27182,27181,16548093350064542951,99392,23f703aa3bc9,2026-08-28T19:43:44Z,60000,59999,1,,,,,,,,,,,,,,,,,
campaign_e_in,in_n60000_rho1.0_anti-correlated_seed4.pcf,dhpac,0,0,687973541,27072,27071,11133972962409879213,64000,23f703aa3bc9,2026-08-28T19:43:45Z,60000,59999,1,,,,,,,,,,,,,,,,,
campaign_e_in,in_n60000_rho1.0_anti-correlated_seed4.pcf,dhpac,1,0,698883196,27072,27071,11133972962409879213,103196,23f703aa3bc9,2026-08-28T19:43:45Z,60000,59999,1,,,,,,,,,,,,,,,,,
campaign_e_in,in_n60000_rho1.0_anti-correlated_seed4.pcf,dhpac,2,0,677097292,27072,27071,11133972962409879213,103684,23f703aa3bc9,2026-08-28T19:43:46Z,60000,59999,1,,,,,,,,,,,,,,,,,
campaign_e_in,in_n60000_rho1.0_correlated_seed0.pcf,dhpac,0,0,682511237,22658,22657,5790948052340014057,64088,23f703aa3bc9,2026-08-28T19:43:47Z,60000,59999,1,,,,,,,,,,,,,,,,,
campaign_e_in,in_n60000_rho1.0_correlated_seed0.pcf,dhpac,1,0,672037091,22658,22657,5790948052340014057,103064,23f703aa3bc9,2026-08-28T19:43:47Z,60000,59999,1,,,,,,,,,,,,,,,,,
campaign_e_in,in_n60000_rho1.0_correlated_seed0.pcf,dhpac,2,0,670437807,22658,22657,5790948052340014057,103064,23f703aa3bc9,2026-08-28T19:43:48Z,60000,59999,1,,,,,,,,,,,,,,,,,
campaign_e_in,in_n60000_rho1.0_correlated_seed1.pcf,dhpac,0,0,588932024,22679,22678,11585808237436948322,64000,23f703aa3bc9,2026-08-28T19:43:49Z,60000,59999,1,,,,,,,,,,,,,,,,,
campaign_e_in,in_n60000_rho1.0_correlated_seed1.pcf,dhpac,1,0,588801657,22679,22678,11585808237436948322,97468,23f703aa3bc9,2026-08-28T19:43:49Z,60000,59999,1,,,,,,,,,,,,,,,,,
campaign_e_in,in_n60000_rho1.0_correlated_seed1.pcf,dhpac,2,0,586112870,22679,22678,11585808237436948322,97468,23f703aa3bc9,2026-08-28T19:43:50Z,60000,59999,1,,,,,,,,,,,,,,,,,
campaign_e_in,in_n60000_rho1.0_correlated_seed2.pcf,dhpac,0,0,584418480,22666,22665,15682283379072131881,64248,23f703aa3bc9,2026-08-28T19:43:50Z,60000,59999,1,,,,,,,,,,,,,,,,,
campaign_e_in,in_n60000_rho1.0_correlated_seed2.pcf,dhpac,1,0,579554159,22666,22665,15682283379072131881,97628,23f703aa3bc9,2026-08-28T19:43:51Z,60000,59999,1,,,,,,,,,,,,,,,,,
campaign_e_in,in_n60000_rho1.0_correlated_seed2.pcf,dhpac,2,0,581820169,22666,22665,15682283379072131881,97628,23f703aa3bc9,2026-08-28T19:43:52Z,60000,59999,1,,,,,,,,,,,,,,,,,
campaign_e_in,in_n60000_rho1.0_correlated_seed3.pcf,dhpac,0,0,614657107,22739,22738,1320305648173813828,64076,23f703aa3bc9,2026-08-28T19:43:52Z,60000,59999,1,,,,,,,,,,,,,,,,,
campaign_e_in,in_n60000_rho1.0_correlated_seed3.pcf,dhpac,1,0,613301003,22739,22738,1320305648173813828,99720,23f703aa3bc9,2026-08-28T19:43:53Z,60000,59999,1,,,,,,,,,,,,,,,,,
campaign_e_in,in_n60000_rho1.0_correlated_seed3.pcf,dhpac,2,0,615687092,22739,22738,1320305648173813828,99720,23f703aa3bc9,2026-08-28T19:43:53Z,60000,59999,1,,,,,,,,,,,,,,,,,
campaign_e_in,in_n60000_rho1.0_correlated_seed4.pcf,dhpac,0,0,690447938,22554,22553,5164448598020095173,63996,23f703aa3bc9,2026-08-28T19:43:54Z,60000,59999,1,,,,,,,,,,,,,,,,,
campaign_e_in,in_n60000_rho1.0_correlated_seed4.pcf,dhpac,1,0,689604554,22554,22553,5164448598020095173,104176,23f703aa3bc9,2026-08-28T19:43:55Z,60000,59999,1,,,,,,,,,,,,,,,,,
campaign_e_in,in_n60000_rho1.0_correlated_seed4.pcf,dhpac,2,0,689021656,22554,22553,5164448598020095173,104176,23f703aa3bc9,2026-08-28T19:43:56Z,60000,59999,1,,,,,,,,,,,,,,,,,
campaign_e_in,in_n60000_rho1.0_exact-ties_seed0.pcf,dhpac,0,0,524313623,10014,10013,7660367502680358458,64100,23f703aa3bc9,2026-08-28T19:43:56Z,60000,59999,1,,,,,,,,,,,,,,,,,
campaign_e_in,in_n60000_rho1.0_exact-ties_seed0.pcf,dhpac,1,0,522896168,10014,10013,7660367502680358458,95080,23f703aa3bc9,2026-08-28T19:43:57Z,60000,59999,1,,,,,,,,,,,,,,,,,
campaign_e_in,in_n60000_rho1.0_exact-ties_seed0.pcf,dhpac,2,0,522386768,10014,10013,7660367502680358458,95152,23f703aa3bc9,2026-08-28T19:43:57Z,60000,59999,1,,,,,,,,,,,,,,,,,
campaign_e_in,in_n60000_rho1.0_exact-ties_seed1.pcf,dhpac,0,0,570574843,9980,9979,18046379778207304923,64088,23f703aa3bc9,2026-08-28T19:43:58Z,60000,59999,1,,,,,,,,,,,,,,,,,
campaign_e_in,in_n60000_rho1.0_exact-ties_seed1.pcf,dhpac,1,0,565618374,9980,9979,18046379778207304923,98264,23f703aa3bc9,2026-08-28T19:43:58Z,60000,59999,1,,,,,,,,,,,,,,,,,
campaign_e_in,in_n60000_rho1.0_exact-ties_seed1.pcf,dhpac,2,0,567966305,9980,9979,18046379778207304923,98264,23f703aa3bc9,2026-08-28T19:43:59Z,60000,59999,1,,,,,,,,,,,,,,,,,
campaign_e_in,in_n60000_rho1.0_exact-ties_seed2.pcf,dhpac,0,0,634464895,10065,10064,16897643843420167480,63996,23f703aa3bc9,2026-08-28T19:44:00Z,60000,59999,1,,,,,,,,,,,,,,,,,
campaign_e_in,in_n60000_rho1.0_exact-ties_seed2.pcf,dhpac,1,0,633291761,10065,10064,16897643843420167480,103304,23f703aa3bc9,2026-08-28T19:44:00Z,60000,59999,1,,,,,,,,,,,,,,,,,
campaign_e_in,in_n60000_rho1.0_exact-ties_seed2.pcf,dhpac,2,0,631040980,10065,10064,16897643843420167480,103304,23f703aa3bc9,2026-08-28T19:44:01Z,60000,59999,1,,,,,,,,,,,,,,,,,
campaign_e_in,in_n60000_rho1.0_exact-ties_seed3.pcf,dhpac,0,0,592154609,9977,9976,4382961950319755095,64100,23f703aa3bc9,2026-08-28T19:44:01Z,60000,59999,1,,,,,,,,,,,,,,,,,
campaign_e_in,in_n60000_rho1.0_exact-ties_seed3.pcf,dhpac,1,0,589691908,9977,9976,4382961950319755095,100100,23f703aa3bc9,2026-08-28T19:44:02Z,60000,59999,1,,,,,,,,,,,,,,,,,
campaign_e_in,in_n60000_rho1.0_exact-ties_seed3.pcf,dhpac,2,0,590150350,9977,9976,4382961950319755095,100100,23f703aa3bc9,2026-08-28T19:44:03Z,60000,59999,1,,,,,,,,,,,,,,,,,
campaign_e_in,in_n60000_rho1.0_exact-ties_seed4.pcf,dhpac,0,0,584814152,10112,10111,4714231432910893849,63936,23f703aa3bc9,2026-08-28T19:44:03Z,60000,59999,1,,,,,,,,,,,,,,,,,
campaign_e_in,in_n60000_rho1.0_exact-ties_seed4.pcf,dhpac,1,0,585722976,10112,10111,4714231432910893849,98608,23f703aa3bc9,2026-08-28T19:44:04Z,60000,59999,1,,,,,,,,,,,,,,,,,
campaign_e_in,in_n60000_rho1.0_exact-ties_seed4.pcf,dhpac,2,0,586860941,10112,10111,4714231432910893849,98608,23f703aa3bc9,2026-08-28T19:44:04Z,60000,59999,1,,,,,,,,,,,,,,,,,
campaign_e_in,in_n60000_rho1.0_independent-positive_seed0.pcf,dhpac,0,0,575986318,28815,28814,2427626856121266576,64404,23f703aa3bc9,2026-08-28T19:44:05Z,60000,59999,1,,,,,,,,,,,,,,,,,
campaign_e_in,in_n60000_rho1.0_independent-positive_seed0.pcf,dhpac,1,0,572226727,28815,28814,2427626856121266576,96464,23f703aa3bc9,2026-08-28T19:44:06Z,60000,59999,1,,,,,,,,,,,,,,,,,
campaign_e_in,in_n60000_rho1.0_independent-positive_seed0.pcf,dhpac,2,0,572671156,28815,28814,2427626856121266576,96464,23f703aa3bc9,2026-08-28T19:44:06Z,60000,59999,1,,,,,,,,,,,,,,,,,
campaign_e_in,in_n60000_rho1.0_independent-positive_seed1.pcf,dhpac,0,0,643618186,29065,29064,5387927053037756055,64256,23f703aa3bc9,2026-08-28T19:44:07Z,60000,59999,1,,,,,,,,,,,,,,,,,
campaign_e_in,in_n60000_rho1.0_independent-positive_seed1.pcf,dhpac,1,0,639336476,29065,29064,5387927053037756055,100508,23f703aa3bc9,2026-08-28T19:44:07Z,60000,59999,1,,,,,,,,,,,,,,,,,
campaign_e_in,in_n60000_rho1.0_independent-positive_seed1.pcf,dhpac,2,0,640503698,29065,29064,5387927053037756055,100580,23f703aa3bc9,2026-08-28T19:44:08Z,60000,59999,1,,,,,,,,,,,,,,,,,
campaign_e_in,in_n60000_rho1.0_independent-positive_seed2.pcf,dhpac,0,0,631154700,29004,29003,3443082289435457977,64260,23f703aa3bc9,2026-08-28T19:44:09Z,60000,59999,1,,,,,,,,,,,,,,,,,
campaign_e_in,in_n60000_rho1.0_independent-positive_seed2.pcf,dhpac,1,0,627194755,29004,29003,3443082289435457977,99696,23f703aa3bc9,2026-08-28T19:44:09Z,60000,59999,1,,,,,,,,,,,,,,,,,
campaign_e_in,in_n60000_rho1.0_independent-positive_seed2.pcf,dhpac,2,0,629440164,29004,29003,3443082289435457977,99696,23f703aa3bc9,2026-08-28T19:44:10Z,60000,59999,1,,,,,,,,,,,,,,,,,
campaign_e_in,in_n60000_rho1.0_independent-positive_seed3.pcf,dhpac,0,0,786447798,28953,28952,11509128905517223902,64272,23f703aa3bc9,2026-08-28T19:44:11Z,60000,59999,1,,,,,,,,,,,,,,,,,
campaign_e_in,in_n60000_rho1.0_independent-positive_seed3.pcf,dhpac,1,0,783076633,28953,28952,11509128905517223902,107856,23f703aa3bc9,2026-08-28T19:44:12Z,60000,59999,1,,,,,,,,,,,,,,,,,
campaign_e_in,in_n60000_rho1.0_independent-positive_seed3.pcf,dhpac,2,0,771130364,28953,28952,11509128905517223902,107964,23f703aa3bc9,2026-08-28T19:44:12Z,60000,59999,1,,,,,,,,,,,,,,,,,
campaign_e_in,in_n60000_rho1.0_independent-positive_seed4.pcf,dhpac,0,0,586497164,29071,29070,5026921918337188100,64276,23f703aa3bc9,2026-08-28T19:44:13Z,60000,59999,1,,,,,,,,,,,,,,,,,
campaign_e_in,in_n60000_rho1.0_independent-positive_seed4.pcf,dhpac,1,0,581278307,29071,29070,5026921918337188100,96672,23f703aa3bc9,2026-08-28T19:44:14Z,60000,59999,1,,,,,,,,,,,,,,,,,
campaign_e_in,in_n60000_rho1.0_independent-positive_seed4.pcf,dhpac,2,0,571995408,29071,29070,5026921918337188100,97572,23f703aa3bc9,2026-08-28T19:44:14Z,60000,59999,1,,,,,,,,,,,,,,,,,
campaign_e_in,in_n60000_rho1.0_independent-signed_seed0.pcf,dhpac,0,0,585824078,29494,29493,6507120816544885052,64408,23f703aa3bc9,2026-08-28T19:44:15Z,60000,59999,1,,,,,,,,,,,,,,,,,
campaign_e_in,in_n60000_rho1.0_independent-signed_seed0.pcf,dhpac,1,0,582460149,29494,29493,6507120816544885052,97216,23f703aa3bc9,2026-08-28T19:44:15Z,60000,59999,1,,,,,,,,,,,,,,,,,
campaign_e_in,in_n60000_rho1.0_independent-signed_seed0.pcf,dhpac,2,0,584033179,29494,29493,6507120816544885052,97296,23f703aa3bc9,2026-08-28T19:44:16Z,60000,59999,1,,,,,,,,,,,,,,,,,
campaign_e_in,in_n60000_rho1.0_independent-signed_seed1.pcf,dhpac,0,0,664011799,29502,29501,6607190179228181301,64096,23f703aa3bc9,2026-08-28T19:44:17Z,60000,59999,1,,,,,,,,,,,,,,,,,
campaign_e_in,in_n60000_rho1.0_independent-signed_seed1.pcf,dhpac,1,0,664077139,29502,29501,6607190179228181301,102184,23f703aa3bc9,2026-08-28T19:44:17Z,60000,59999,1,,,,,,,,,,,,,,,,,
campaign_e_in,in_n60000_rho1.0_independent-signed_seed1.pcf,dhpac,2,0,663308437,29502,29501,6607190179228181301,102184,23f703aa3bc9,2026-08-28T19:44:18Z,60000,59999,1,,,,,,,,,,,,,,,,,
campaign_e_in,in_n60000_rho1.0_independent-signed_seed2.pcf,dhpac,0,0,850564756,29616,29615,10926748259736297732,69180,23f703aa3bc9,2026-08-28T19:44:19Z,60000,59999,1,,,,,,,,,,,,,,,,,
campaign_e_in,in_n60000_rho1.0_independent-signed_seed2.pcf,dhpac,1,0,847292706,29616,29615,10926748259736297732,113240,23f703aa3bc9,2026-08-28T19:44:20Z,60000,59999,1,,,,,,,,,,,,,,,,,
campaign_e_in,in_n60000_rho1.0_independent-signed_seed2.pcf,dhpac,2,0,847420317,29616,29615,10926748259736297732,113248,23f703aa3bc9,2026-08-28T19:44:21Z,60000,59999,1,,,,,,,,,,,,,,,,,
campaign_e_in,in_n60000_rho1.0_independent-signed_seed3.pcf,dhpac,0,0,649852378,29486,29485,14181942982105390654,64244,23f703aa3bc9,2026-08-28T19:44:21Z,60000,59999,1,,,,,,,,,,,,,,,,,
campaign_e_in,in_n60000_rho1.0_independent-signed_seed3.pcf,dhpac,1,0,648588055,29486,29485,14181942982105390654,101380,23f703aa3bc9,2026-08-28T19:44:22Z,60000,59999,1,,,,,,,,,,,,,,,,,
campaign_e_in,in_n60000_rho1.0_independent-signed_seed3.pcf,dhpac,2,0,649545452,29486,29485,14181942982105390654,101820,23f703aa3bc9,2026-08-28T19:44:22Z,60000,59999,1,,,,,,,,,,,,,,,,,
campaign_e_in,in_n60000_rho1.0_independent-signed_seed4.pcf,dhpac,0,0,641757126,29562,29561,4934071857946661905,63996,23f703aa3bc9,2026-08-28T19:44:23Z,60000,59999,1,,,,,,,,,,,,,,,,,
campaign_e_in,in_n60000_rho1.0_independent-signed_seed4.pcf,dhpac,1,0,639579409,29562,29561,4934071857946661905,99632,23f703aa3bc9,2026-08-28T19:44:24Z,60000,59999,1,,,,,,,,,,,,,,,,,
campaign_e_in,in_n60000_rho1.0_independent-signed_seed4.pcf,dhpac,2,0,627840902,29562,29561,4934071857946661905,101228,23f703aa3bc9,2026-08-28T19:44:24Z,60000,59999,1,,,,,,,,,,,,,,,,,
campaign_e_in,in_n60000_rho1.0_near-ties_seed0.pcf,dhpac,0,0,577027568,1724,1723,7157119968886778366,64088,23f703aa3bc9,2026-08-28T19:44:25Z,60000,59999,1,,,,,,,,,,,,,,,,,
campaign_e_in,in_n60000_rho1.0_near-ties_seed0.pcf,dhpac,1,0,576469657,1724,1723,7157119968886778366,98900,23f703aa3bc9,2026-08-28T19:44:26Z,60000,59999,1,,,,,,,,,,,,,,,,,
campaign_e_in,in_n60000_rho1.0_near-ties_seed0.pcf,dhpac,2,0,576584329,1724,1723,7157119968886778366,98968,23f703aa3bc9,2026-08-28T19:44:26Z,60000,59999,1,,,,,,,,,,,,,,,,,
campaign_e_in,in_n60000_rho1.0_near-ties_seed1.pcf,dhpac,0,0,551149471,1693,1692,7781727932078943818,63940,23f703aa3bc9,2026-08-28T19:44:27Z,60000,59999,1,,,,,,,,,,,,,,,,,
campaign_e_in,in_n60000_rho1.0_near-ties_seed1.pcf,dhpac,1,0,551692413,1693,1692,7781727932078943818,97952,23f703aa3bc9,2026-08-28T19:44:27Z,60000,59999,1,,,,,,,,,,,,,,,,,
campaign_e_in,in_n60000_rho1.0_near-ties_seed1.pcf,dhpac,2,0,551823444,1693,1692,7781727932078943818,98024,23f703aa3bc9,2026-08-28T19:44:28Z,60000,59999,1,,,,,,,,,,,,,,,,,
campaign_e_in,in_n60000_rho1.0_near-ties_seed2.pcf,dhpac,0,0,532056711,1672,1671,10113092621043056862,64092,23f703aa3bc9,2026-08-28T19:44:28Z,60000,59999,1,,,,,,,,,,,,,,,,,
campaign_e_in,in_n60000_rho1.0_near-ties_seed2.pcf,dhpac,1,0,534353610,1672,1671,10113092621043056862,96024,23f703aa3bc9,2026-08-28T19:44:29Z,60000,59999,1,,,,,,,,,,,,,,,,,
campaign_e_in,in_n60000_rho1.0_near-ties_seed2.pcf,dhpac,2,0,534018813,1672,1671,10113092621043056862,96024,23f703aa3bc9,2026-08-28T19:44:29Z,60000,59999,1,,,,,,,,,,,,,,,,,
campaign_e_in,in_n60000_rho1.0_near-ties_seed3.pcf,dhpac,0,0,565281358,1679,1678,7769272468749487718,64048,23f703aa3bc9,2026-08-28T19:44:30Z,60000,59999,1,,,,,,,,,,,,,,,,,
campaign_e_in,in_n60000_rho1.0_near-ties_seed3.pcf,dhpac,1,0,565589218,1679,1678,7769272468749487718,98700,23f703aa3bc9,2026-08-28T19:44:31Z,60000,59999,1,,,,,,,,,,,,,,,,,
campaign_e_in,in_n60000_rho1.0_near-ties_seed3.pcf,dhpac,2,0,567625058,1679,1678,7769272468749487718,98936,23f703aa3bc9,2026-08-28T19:44:31Z,60000,59999,1,,,,,,,,,,,,,,,,,
campaign_e_in,in_n60000_rho1.0_near-ties_seed4.pcf,dhpac,0,0,572703015,1698,1697,8608158366267470275,63924,23f703aa3bc9,2026-08-28T19:44:32Z,60000,59999,1,,,,,,,,,,,,,,,,,
campaign_e_in,in_n60000_rho1.0_near-ties_seed4.pcf,dhpac,1,0,576925411,1698,1697,8608158366267470275,100656,23f703aa3bc9,2026-08-28T19:44:32Z,60000,59999,1,,,,,,,,,,,,,,,,,
campaign_e_in,in_n60000_rho1.0_near-ties_seed4.pcf,dhpac,2,0,574914077,1698,1697,8608158366267470275,100656,23f703aa3bc9,2026-08-28T19:44:33Z,60000,59999,1,,,,,,,,,,,,,,,,,
campaign_e_in,in_n600_rho0.6_anti-correlated_seed0.pcf,dhpac,0,0,482167,417,416,11734232825959737082,19360,23f703aa3bc9,2026-08-28T19:44:33Z,600,361,239,,,,,,,,,,,,,,,,,
campaign_e_in,in_n600_rho0.6_anti-correlated_seed0.pcf,dhpac,1,0,434085,417,416,11734232825959737082,19360,23f703aa3bc9,2026-08-28T19:44:33Z,600,361,239,,,,,,,,,,,,,,,,,
campaign_e_in,in_n600_rho0.6_anti-correlated_seed0.pcf,dhpac,2,0,419859,417,416,11734232825959737082,19360,23f703aa3bc9,2026-08-28T19:44:33Z,600,361,239,,,,,,,,,,,,,,,,,
campaign_e_in,in_n600_rho0.6_anti-correlated_seed1.pcf,dhpac,0,0,408499,410,409,3494322258875380105,19360,23f703aa3bc9,2026-08-28T19:44:33Z,600,352,248,,,,,,,,,,,,,,,,,
campaign_e_in,in_n600_rho0.6_anti-correlated_seed1.pcf,dhpac,1,0,360969,410,409,3494322258875380105,19360,23f703aa3bc9,2026-08-28T19:44:33Z,600,352,248,,,,,,,,,,,,,,,,,
campaign_e_in,in_n600_rho0.6_anti-correlated_seed1.pcf,dhpac,2,0,350586,410,409,3494322258875380105,19360,23f703aa3bc9,2026-08-28T19:44:33Z,600,352,248,,,,,,,,,,,,,,,,,
campaign_e_in,in_n600_rho0.6_anti-correlated_seed2.pcf,dhpac,0,0,480398,431,430,2010228253509896567,19360,23f703aa3bc9,2026-08-28T19:44:33Z,600,365,235,,,,,,,,,,,,,,,,,
campaign_e_in,in_n600_rho0.6_anti-correlated_seed2.pcf,dhpac,1,0,450219,431,430,2010228253509896567,19360,23f703aa3bc9,2026-08-28T19:44:33Z,600,365,235,,,,,,,,,,,,,,,,,
campaign_e_in,in_n600_rho0.6_anti-correlated_seed2.pcf,dhpac,2,0,436815,431,430,2010228253509896567,19360,23f703aa3bc9,2026-08-28T19:44:33Z,600,365,235,,,,,,,,,,,,,,,,,
campaign_e_in,in_n600_rho0.6_anti-correlated_seed3.pcf,dhpac,0,0,413642,419,418,15890862317439875205,19360,23f703aa3bc9,2026-08-28T19:44:33Z,600,350,250,,,,,,,,,,,,,,,,,
campaign_e_in,in_n600_rho0.6_anti-correlated_seed3.pcf,dhpac,1,0,359205,419,418,15890862317439875205,19360,23f703aa3bc9,2026-08-28T19:44:33Z,600,350,250,,,,,,,,,,,,,,,,,
campaign_e_in,in_n600_rho0.6_anti-correlated_seed3.pcf,dhpac,2,0,352252,419,418,15890862317439875205,19360,23f703aa3bc9,2026-08-28T19:44:33Z,600,350,250,,,,,,,,,,,,,,,,,
campaign_e_in,in_n600_rho0.6_anti-correlated_seed4.pcf,dhpac,0,0,530276,420,419,15347064121646989640,19360,23f703aa3bc9,2026-08-28T19:44:33Z,600,371,229,,,,,,,,,,,,,,,,,
campaign_e_in,in_n600_rho0.6_anti-correlated_seed4.pcf,dhpac,1,0,404008,420,419,15347064121646989640,19360,23f703aa3bc9,2026-08-28T19:44:33Z,600,371,229,,,,,,,,,,,,,,,,,
campaign_e_in,in_n600_rho0.6_anti-correlated_seed4.pcf,dhpac,2,0,412560,420,419,15347064121646989640,19360,23f703aa3bc9,2026-08-28T19:44:33Z,600,371,229,,,,,,,,,,,,,,,,,
campaign_e_in,in_n600_rho0.6_correlated_seed0.pcf,dhpac,0,0,574796,420,419,1436580610189039198,19360,23f703aa3bc9,2026-08-28T19:44:33Z,600,361,239,,,,,,,,,,,,,,,,,
campaign_e_in,in_n600_rho0.6_correlated_seed0.pcf,dhpac,1,0,406121,420,419,1436580610189039198,19360,23f703aa3bc9,2026-08-28T19:44:33Z,600,361,239,,,,,,,,,,,,,,,,,
campaign_e_in,in_n600_rho0.6_correlated_seed0.pcf,dhpac,2,0,398058,420,419,1436580610189039198,19360,23f703aa3bc9,2026-08-28T19:44:33Z,600,361,239,,,,,,,,,,,,,,,,,
campaign_e_in,in_n600_rho0.6_correlated_seed1.pcf,dhpac,0,0,407055,411,410,5972016648650327865,19360,23f703aa3bc9,2026-08-28T19:44:33Z,600,352,248,,,,,,,,,,,,,,,,,
campaign_e_in,in_n600_rho0.6_correlated_seed1.pcf,dhpac,1,0,355623,411,410,5972016648650327865,19360,23f703aa3bc9,2026-08-28T19:44:33Z,600,352,248,,,,,,,,,,,,,,,,,
campaign_e_in,in_n600_rho0.6_correlated_seed1.pcf,dhpac,2,0,350025,411,410,5972016648650327865,19360,23f703aa3bc9,2026-08-28T19:44:33Z,600,352,248,,,,,,,,,,,,,,,,,
campaign_e_in,in_n600_rho0.6_correlated_seed2.pcf,dhpac,0,0,484348,423,422,6129035325156461436,19360,23f703aa3bc9,2026-08-28T19:44:33Z,600,365,235,,,,,,,,,,,,,,,,,
campaign_e_in,in_n600_rho0.6_correlated_seed2.pcf,dhpac,1,0,445134,423,422,6129035325156461436,19360,23f703aa3bc9,2026-08-28T19:44:33Z,600,365,235,,,,,,,,,,,,,,,,,
campaign_e_in,in_n600_rho0.6_correlated_seed2.pcf,dhpac,2,0,435745,423,422,6129035325156461436,19360,23f703aa3bc9,2026-08-28T19:44:33Z,600,365,235,,,,,,,,,,,,,,,,,
campaign_e_in,in_n600_rho0.6_correlated_seed3.pcf,dhpac,0,0,407118,414,413,16391808071872892409,19360,23f703aa3bc9,2026-08-28T19:44:33Z,600,350,250,,,,,,,,,,,,,,,,,
campaign_e_in,in_n600_rho0.6_correlated_seed3.pcf,dhpac,1,0,372597,414,413,16391808071872892409,19360,23f703aa3bc9,2026-08-28T19:44:33Z,600,350,250,,,,,,,,,,,,,,,,,
campaign_e_in,in_n600_rho0.6_correlated_seed3.pcf,dhpac,2,0,356261,414,413,16391808071872892409,19360,23f703aa3bc9,2026-08-28T19:44:33Z,600,350,250,,,,,,,,,,,,,,,,,
campaign_e_in,in_n600_rho0.6_correlated_seed4.pcf,dhpac,0,0,490958,397,396,6444028967332028368,19360,23f703aa3bc9,2026-08-28T19:44:33Z,600,371,229,,,,,,,,,,,,,,,,,
campaign_e_in,in_n600_rho0.6_correlated_seed4.pcf,dhpac,1,0,389816,397,396,6444028967332028368,19360,23f703aa3bc9,2026-08-28T19:44:33Z,600,371,229,,,,,,,,,,,,,,,,,
campaign_e_in,in_n600_rho0.6_correlated_seed4.pcf,dhpac,2,0,383306,397,396,6444028967332028368,19360,23f703aa3bc9,2026-08-28T19:44:33Z,600,371,229,,,,,,,,,,,,,,,,,
campaign_e_in,in_n600_rho0.6_exact-ties_seed0.pcf,dhpac,0,0,394379,113,112,87938760326030793,19360,23f703aa3bc9,2026-08-28T19:44:33Z,600,369,231,,,,,,,,,,,,,,,,,
campaign_e_in,in_n600_rho0.6_exact-ties_seed0.pcf,dhpac,1,0,353545,113,112,87938760326030793,19360,23f703aa3bc9,2026-08-28T19:44:33Z,600,369,231,,,,,,,,,,,,,,,,,
campaign_e_in,in_n600_rho0.6_exact-ties_seed0.pcf,dhpac,2,0,364533,113,112,87938760326030793,19360,23f703aa3bc9,2026-08-28T19:44:33Z,600,369,231,,,,,,,,,,,,,,,,,
campaign_e_in,in_n600_rho0.6_exact-ties_seed1.pcf,dhpac,0,0,457737,118,117,3523712954774692940,19360,23f703aa3bc9,2026-08-28T19:44:33Z,600,370,230,,,,,,,,,,,,,,,,,
campaign_e_in,in_n600_rho0.6_exact-ties_seed1.pcf,dhpac,1,0,431102,118,117,3523712954774692940,19360,23f703aa3bc9,2026-08-28T19:44:33Z,600,370,230,,,,,,,,,,,,,,,,,
campaign_e_in,in_n600_rho0.6_exact-ties_seed1.pcf,dhpac,2,0,420323,118,117,3523712954774692940,19360,23f703aa3bc9,2026-08-28T19:44:33Z,600,370,230,,,,,,,,,,,,,,,,,
campaign_e_in,in_n600_rho0.6_exact-ties_seed2.pcf,dhpac,0,0,446038,124,123,16965332304328765248,19360,23f703aa3bc9,2026-08-28T19:44:33Z,600,370,230,,,,,,,,,,,,,,,,,
campaign_e_in,in_n600_rho0.6_exact-ties_seed2.pcf,dhpac,1,0,402197,124,123,16965332304328765248,19360,23f703aa3bc9,2026-08-28T19:44:33Z,600,370,230,,,,,,,,,,,,,,,,,
campaign_e_in,in_n600_rho0.6_exact-ties_seed2.pcf,dhpac,2,0,417991,124,123,16965332304328765248,19360,23f703aa3bc9,2026-08-28T19:44:33Z,600,370,230,,,,,,,,,,,,,,,,,
campaign_e_in,in_n600_rho0.6_exact-ties_seed3.pcf,dhpac,0,0,382885,119,118,2328709113682618730,19360,23f703aa3bc9,2026-08-28T19:44:33Z,600,366,234,,,,,,,,,,,,,,,,,
campaign_e_in,in_n600_rho0.6_exact-ties_seed3.pcf,dhpac,1,0,342723,119,118,2328709113682618730,19360,23f703aa3bc9,2026-08-28T19:44:33Z,600,366,234,,,,,,,,,,,,,,,,,
campaign_e_in,in_n600_rho0.6_exact-ties_seed3.pcf,dhpac,2,0,333635,119,118,2328709113682618730,19360,23f703aa3bc9,2026-08-28T19:44:33Z,600,366,234,,,,,,,,,,,,,,,,,
campaign_e_in,in_n600_rho0.6_exact-ties_seed4.pcf,dhpac,0,0,464083,122,121,15902575586710277696,19360,23f703aa3bc9,2026-08-28T19:44:33Z,600,380,220,,,,,,,,,,,,,,,,,
campaign_e_in,in_n600_rho0.6_exact-ties_seed4.pcf,dhpac,1,0,422639,122,121,15902575586710277696,19360,23f703aa3bc9,2026-08-28T19:44:33Z,600,380,220,,,,,,,,,,,,,,,,,
campaign_e_in,in_n600_rho0.6_exact-ties_seed4.pcf,dhpac,2,0,432238,122,121,15902575586710277696,19360,23f703aa3bc9,2026-08-28T19:44:33Z,600,380,220,,,,,,,,,,,,,,,,,
campaign_e_in,in_n600_rho0.6_independent-positive_seed0.pcf,dhpac,0,0,433134,412,411,12198828231433131376,19360,23f703aa3bc9,2026-08-28T19:44:33Z,600,360,240,,,,,,,,,,,,,,,,,
campaign_e_in,in_n600_rho0.6_independent-positive_seed0.pcf,dhpac,1,0,384092,412,411,12198828231433131376,19360,23f703aa3bc9,2026-08-28T19:44:33Z,600,360,240,,,,,,,,,,,,,,,,,
campaign_e_in,in_n600_rho0.6_independent-positive_seed0.pcf,dhpac,2,0,380473,412,411,12198828231433131376,19360,23f703aa3bc9,2026-08-28T19:44:33Z,600,360,240,,,,,,,,,,,,,,,,,
campaign_e_in,in_n600_rho0.6_independent-positive_seed1.pcf,dhpac,0,0,509591,406,405,5886909858301417540,19360,23f703aa3bc9,2026-08-28T19:44:33Z,600,352,248,,,,,,,,,,,,,,,,,
campaign_e_in,in_n600_rho0.6_independent-positive_seed1.pcf,dhpac,1,0,403639,406,405,5886909858301417540,19360,23f703aa3bc9,2026-08-28T19:44:33Z,600,352,248,,,,,,,,,,,,,,,,,
campaign_e_in,in_n600_rho0.6_independent-positive_seed1.pcf,dhpac,2,0,386987,406,405,5886909858301417540,19360,23f703aa3bc9,2026-08-28T19:44:33Z,600,352,248,,,,,,,,,,,,,,,,,
campaign_e_in,in_n600_rho0.6_independent-positive_seed2.pcf,dhpac,0,0,533328,407,406,7472709648608225540,19520,23f703aa3bc9,2026-08-28T19:44:33Z,600,363,237,,,,,,,,,,,,,,,,,
campaign_e_in,in_n600_rho0.6_independent-positive_seed2.pcf,dhpac,1,0,401853,407,406,7472709648608225540,19520,23f703aa3bc9,2026-08-28T19:44:33Z,600,363,237,,,,,,,,,,,,,,,,,
campaign_e_in,in_n600_rho0.6_independent-positive_seed2.pcf,dhpac,2,0,390520,407,406,7472709648608225540,19520,23f703aa3bc9,2026-08-28T19:44:33Z,600,363,237,,,,,,,,,,,,,,,,,
campaign_e_in,in_n600_rho0.6_independent-positive_seed3.pcf,dhpac,0,0,494078,431,430,11591881592226373571,19520,23f703aa3bc9,2026-08-28T19:44:33Z,600,347,253,,,,,,,,,,,,,,,,,
campaign_e_in,in_n600_rho0.6_independent-positive_seed3.pcf,dhpac,1,0,455995,431,430,11591881592226373571,19520,23f703aa3bc9,2026-08-28T19:44:33Z,600,347,253,,,,,,,,,,,,,,,,,
campaign_e_in,in_n600_rho0.6_independent-positive_seed3.pcf,dhpac,2,0,441378,431,430,11591881592226373571,19520,23f703aa3bc9,2026-08-28T19:44:33Z,600,347,253,,,,,,,,,,,,,,,,,
campaign_e_in,in_n600_rho0.6_independent-positive_seed4.pcf,dhpac,0,0,435957,418,417,9049005444010763348,19520,23f703aa3bc9,2026-08-28T19:44:33Z,600,375,225,,,,,,,,,,,,,,,,,
campaign_e_in,in_n600_rho0.6_independent-positive_seed4.pcf,dhpac,1,0,391914,418,417,9049005444010763348,19520,23f703aa3bc9,2026-08-28T19:44:33Z,600,375,225,,,,,,,,,,,,,,,,,
campaign_e_in,in_n600_rho0.6_independent-positive_seed4.pcf,dhpac,2,0,376810,418,417,9049005444010763348,19520,23f703aa3bc9,2026-08-28T19:44:33Z,600,375,225,,,,,,,,,,,,,,,,,
campaign_e_in,in_n600_rho0.6_independent-signed_seed0.pcf,dhpac,0,0,438325,429,428,11807763514069220260,19520,23f703aa3bc9,2026-08-28T19:44:33Z,600,360,240,,,,,,,,,,,,,,,,,
campaign_e_in,in_n600_rho0.6_independent-signed_seed0.pcf,dhpac,1,0,394130,429,428,11807763514069220260,19520,23f703aa3bc9,2026-08-28T19:44:33Z,600,360,240,,,,,,,,,,,,,,,,,
campaign_e_in,in_n600_rho0.6_independent-signed_seed0.pcf,dhpac,2,0,381217,429,428,11807763514069220260,19520,23f703aa3bc9,2026-08-28T19:44:33Z,600,360,240,,,,,,,,,,,,,,,,,
campaign_e_in,in_n600_rho0.6_independent-signed_seed1.pcf,dhpac,0,0,435891,399,398,17445852033428373062,19520,23f703aa3bc9,2026-08-28T19:44:33Z,600,352,248,,,,,,,,,,,,,,,,,
campaign_e_in,in_n600_rho0.6_independent-signed_seed1.pcf,dhpac,1,0,402453,399,398,17445852033428373062,19520,23f703aa3bc9,2026-08-28T19:44:33Z,600,352,248,,,,,,,,,,,,,,,,,
campaign_e_in,in_n600_rho0.6_independent-signed_seed1.pcf,dhpac,2,0,383573,399,398,17445852033428373062,19520,23f703aa3bc9,2026-08-28T19:44:33Z,600,352,248,,,,,,,,,,,,,,,,,
campaign_e_in,in_n600_rho0.6_independent-signed_seed2.pcf,dhpac,0,0,513262,413,412,3965312228641131213,19520,23f703aa3bc9,2026-08-28T19:44:33Z,600,363,237,,,,,,,,,,,,,,,,,
campaign_e_in,in_n600_rho0.6_independent-signed_seed2.pcf,dhpac,1,0,387020,413,412,3965312228641131213,19520,23f703aa3bc9,2026-08-28T19:44:33Z,600,363,237,,,,,,,,,,,,,,,,,
campaign_e_in,in_n600_rho0.6_independent-signed_seed2.pcf,dhpac,2,0,395212,413,412,3965312228641131213,19520,23f703aa3bc9,2026-08-28T19:44:33Z,600,363,237,,,,,,,,,,,,,,,,,
campaign_e_in,in_n600_rho0.6_independent-signed_seed3.pcf,dhpac,0,0,547162,435,434,10497525681033946282,19520,23f703aa3bc9,2026-08-28T19:44:33Z,600,348,252,,,,,,,,,,,,,,,,,
campaign_e_in,in_n600_rho0.6_independent-signed_seed3.pcf,dhpac,1,0,442912,435,434,10497525681033946282,19520,23f703aa3bc9,2026-08-28T19:44:33Z,600,348,252,,,,,,,,,,,,,,,,,
campaign_e_in,in_n600_rho0.6_independent-signed_seed3.pcf,dhpac,2,0,440417,435,434,10497525681033946282,19520,23f703aa3bc9,2026-08-28T19:44:33Z,600,348,252,,,,,,,,,,,,,,,,,
campaign_e_in,in_n600_rho0.6_independent-signed_seed4.pcf,dhpac,0,0,494325,421,420,11138439624288343169,19520,23f703aa3bc9,2026-08-28T19:44:33Z,600,375,225,,,,,,,,,,,,,,,,,
campaign_e_in,in_n600_rho0.6_independent-signed_seed4.pcf,dhpac,1,0,384174,421,420,11138439624288343169,19520,23f703aa3bc9,2026-08-28T19:44:33Z,600,375,225,,,,,,,,,,,,,,,,,
campaign_e_in,in_n600_rho0.6_independent-signed_seed4.pcf,dhpac,2,0,379185,421,420,11138439624288343169,19520,23f703aa3bc9,2026-08-28T19:44:33Z,600,375,225,,,,,,,,,,,,,,,,,
campaign_e_in,in_n600_rho0.6_near-ties_seed0.pcf,dhpac,0,0,495073,172,171,958909679242707852,19520,23f703aa3bc9,2026-08-28T19:44:33Z,600,364,236,,,,,,,,,,,,,,,,,
campaign_e_in,in_n600_rho0.6_near-ties_seed0.pcf,dhpac,1,0,369558,172,171,958909679242707852,19520,23f703aa3bc9,2026-08-28T19:44:33Z,600,364,236,,,,,,,,,,,,,,,,,
campaign_e_in,in_n600_rho0.6_near-ties_seed0.pcf,dhpac,2,0,371676,172,171,958909679242707852,19520,23f703aa3bc9,2026-08-28T19:44:33Z,600,364,236,,,,,,,,,,,,,,,,,
campaign_e_in,in_n600_rho0.6_near-ties_seed1.pcf,dhpac,0,0,444748,176,175,8965724537650725827,19520,23f703aa3bc9,2026-08-28T19:44:33Z,600,355,245,,,,,,,,,,,,,,,,,
campaign_e_in,in_n600_rho0.6_near-ties_seed1.pcf,dhpac,1,0,339441,176,175,8965724537650725827,19520,23f703aa3bc9,2026-08-28T19:44:33Z,600,355,245,,,,,,,,,,,,,,,,,
campaign_e_in,in_n600_rho0.6_near-ties_seed1.pcf,dhpac,2,0,348538,176,175,8965724537650725827,19520,23f703aa3bc9,2026-08-28T19:44:33Z,600,355,245,,,,,,,,,,,,,,,,,
campaign_e_in,in_n600_rho0.6_near-ties_seed2.pcf,dhpac,0,0,551364,187,186,16241184531044553330,19520,23f703aa3bc9,2026-08-28T19:44:33Z,600,372,228,,,,,,,,,,,,,,,,,
campaign_e_in,in_n600_rho0.6_near-ties_seed2.pcf,dhpac,1,0,433597,187,186,16241184531044553330,19520,23f703aa3bc9,2026-08-28T19:44:33Z,600,372,228,,,,,,,,,,,,,,,,,
campaign_e_in,in_n600_rho0.6_near-ties_seed2.pcf,dhpac,2,0,421074,187,186,16241184531044553330,19520,23f703aa3bc9,2026-08-28T19:44:33Z,600,372,228,,,,,,,,,,,,,,,,,
campaign_e_in,in_n600_rho0.6_near-ties_seed3.pcf,dhpac,0,0,396746,173,172,2963390266610527139,19520,23f703aa3bc9,2026-08-28T19:44:33Z,600,350,250,,,,,,,,,,,,,,,,,
campaign_e_in,in_n600_rho0.6_near-ties_seed3.pcf,dhpac,1,0,352415,173,172,2963390266610527139,19520,23f703aa3bc9,2026-08-28T19:44:33Z,600,350,250,,,,,,,,,,,,,,,,,
campaign_e_in,in_n600_rho0.6_near-ties_seed3.pcf,dhpac,2,0,355086,173,172,2963390266610527139,19520,23f703aa3bc9,2026-08-28T19:44:33Z,600,350,250,,,,,,,,,,,,,,,,,
campaign_e_in,in_n600_rho0.6_near-ties_seed4.pcf,dhpac,0,0,483019,176,175,8450776044540665729,19520,23f703aa3bc9,2026-08-28T19:44:33Z,600,364,236,,,,,,,,,,,,,,,,,
campaign_e_in,in_n600_rho0.6_near-ties_seed4.pcf,dhpac,1,0,456296,176,175,8450776044540665729,19520,23f703aa3bc9,2026-08-28T19:44:33Z,600,364,236,,,,,,,,,,,,,,,,,
campaign_e_in,in_n600_rho0.6_near-ties_seed4.pcf,dhpac,2,0,433677,176,175,8450776044540665729,19520,23f703aa3bc9,2026-08-28T19:44:33Z,600,364,236,,,,,,,,,,,,,,,,,
campaign_e_in,in_n600_rho1.0_anti-correlated_seed0.pcf,dhpac,0,0,1855370,289,288,3403113054701811261,19520,23f703aa3bc9,2026-08-28T19:44:33Z,600,599,1,,,,,,,,,,,,,,,,,
campaign_e_in,in_n600_rho1.0_anti-correlated_seed0.pcf,dhpac,1,0,1784130,289,288,3403113054701811261,19520,23f703aa3bc9,2026-08-28T19:44:33Z,600,599,1,,,,,,,,,,,,,,,,,
campaign_e_in,in_n600_rho1.0_anti-correlated_seed0.pcf,dhpac,2,0,1749808,289,288,3403113054701811261,19520,23f703aa3bc9,2026-08-28T19:44:33Z,600,599,1,,,,,,,,,,,,,,,,,
campaign_e_in,in_n600_rho1.0_anti-correlated_seed1.pcf,dhpac,0,0,1613865,294,293,12368533035041721028,19520,23f703aa3bc9,2026-08-28T19:44:33Z,600,599,1,,,,,,,,,,,,,,,,,
campaign_e_in,in_n600_rho1.0_anti-correlated_seed1.pcf,dhpac,1,0,1634114,294,293,12368533035041721028,19520,23f703aa3bc9,2026-08-28T19:44:33Z,600,599,1,,,,,,,,,,,,,,,,,
campaign_e_in,in_n600_rho1.0_anti-correlated_seed1.pcf,dhpac,2,0,1553596,294,293,12368533035041721028,19520,23f703aa3bc9,2026-08-28T19:44:33Z,600,599,1,,,,,,,,,,,,,,,,,
campaign_e_in,in_n600_rho1.0_anti-correlated_seed2.pcf,dhpac,0,0,1564691,295,294,9881417683325716932,19520,23f703aa3bc9,2026-08-28T19:44:33Z,600,599,1,,,,,,,,,,,,,,,,,
campaign_e_in,in_n600_rho1.0_anti-correlated_seed2.pcf,dhpac,1,0,1577977,295,294,9881417683325716932,19520,23f703aa3bc9,2026-08-28T19:44:33Z,600,599,1,,,,,,,,,,,,,,,,,
campaign_e_in,in_n600_rho1.0_anti-correlated_seed2.pcf,dhpac,2,0,1500236,295,294,9881417683325716932,19520,23f703aa3bc9,2026-08-28T19:44:33Z,600,599,1,,,,,,,,,,,,,,,,,
campaign_e_in,in_n600_rho1.0_anti-correlated_seed3.pcf,dhpac,0,0,1544461,291,290,13424934919620667790,19520,23f703aa3bc9,2026-08-28T19:44:33Z,600,599,1,,,,,,,,,,,,,,,,,
campaign_e_in,in_n600_rho1.0_anti-correlated_seed3.pcf,dhpac,1,0,1510511,291,290,13424934919620667790,19520,23f703aa3bc9,2026-08-28T19:44:33Z,600,599,1,,,,,,,,,,,,,,,,,
campaign_e_in,in_n600_rho1.0_anti-correlated_seed3.pcf,dhpac,2,0,1492337,291,290,13424934919620667790,19520,23f703aa3bc9,2026-08-28T19:44:33Z,600,599,1,,,,,,,,,,,,,,,,,
campaign_e_in,in_n600_rho1.0_anti-correlated_seed4.pcf,dhpac,0,0,1689431,294,293,14844932263749515182,19520,23f703aa3bc9,2026-08-28T19:44:33Z,600,599,1,,,,,,,,,,,,,,,,,
campaign_e_in,in_n600_rho1.0_anti-correlated_seed4.pcf,dhpac,1,0,1563909,294,293,14844932263749515182,19520,23f703aa3bc9,2026-08-28T19:44:33Z,600,599,1,,,,,,,,,,,,,,,,,
campaign_e_in,in_n600_rho1.0_anti-correlated_seed4.pcf,dhpac,2,0,1541500,294,293,14844932263749515182,19520,23f703aa3bc9,2026-08-28T19:44:33Z,600,599,1,,,,,,,,,,,,,,,,,
campaign_e_in,in_n600_rho1.0_correlated_seed0.pcf,dhpac,0,0,1849452,290,289,9571613672385052884,19520,23f703aa3bc9,2026-08-28T19:44:33Z,600,599,1,,,,,,,,,,,,,,,,,
campaign_e_in,in_n600_rho1.0_correlated_seed0.pcf,dhpac,1,0,1820713,290,289,9571613672385052884,19520,23f703aa3bc9,2026-08-28T19:44:33Z,600,599,1,,,,,,,,,,,,,,,,,
campaign_e_in,in_n600_rho1.0_correlated_seed0.pcf,dhpac,2,0,1819966,290,289,9571613672385052884,19520,23f703aa3bc9,2026-08-28T19:44:33Z,600,599,1,,,,,,,,,,,,,,,,,
campaign_e_in,in_n600_rho1.0_correlated_seed1.pcf,dhpac,0,0,1516059,284,283,16006146553130455004,19520,23f703aa3bc9,2026-08-28T19:44:33Z,600,599,1,,,,,,,,,,,,,,,,,
campaign_e_in,in_n600_rho1.0_correlated_seed1.pcf,dhpac,1,0,1528741,284,283,16006146553130455004,19520,23f703aa3bc9,2026-08-28T19:44:33Z,600,599,1,,,,,,,,,,,,,,,,,
campaign_e_in,in_n600_rho1.0_correlated_seed1.pcf,dhpac,2,0,1467218,284,283,16006146553130455004,19520,23f703aa3bc9,2026-08-28T19:44:33Z,600,599,1,,,,,,,,,,,,,,,,,
campaign_e_in,in_n600_rho1.0_correlated_seed2.pcf,dhpac,0,0,1602070,287,286,12191784119494160922,19680,23f703aa3bc9,2026-08-28T19:44:33Z,600,599,1,,,,,,,,,,,,,,,,,
campaign_e_in,in_n600_rho1.0_correlated_seed2.pcf,dhpac,1,0,1501318,287,286,12191784119494160922,19680,23f703aa3bc9,2026-08-28T19:44:33Z,600,599,1,,,,,,,,,,,,,,,,,
campaign_e_in,in_n600_rho1.0_correlated_seed2.pcf,dhpac,2,0,1486083,287,286,12191784119494160922,19680,23f703aa3bc9,2026-08-28T19:44:33Z,600,599,1,,,,,,,,,,,,,,,,,
campaign_e_in,in_n600_rho1.0_correlated_seed3.pcf,dhpac,0,0,1568766,302,301,9984944914767081928,19680,23f703aa3bc9,2026-08-28T19:44:33Z,600,599,1,,,,,,,,,,,,,,,,,
campaign_e_in,in_n600_rho1.0_correlated_seed3.pcf,dhpac,1,0,1596570,302,301,9984944914767081928,19680,23f703aa3bc9,2026-08-28T19:44:33Z,600,599,1,,,,,,,,,,,,,,,,,
campaign_e_in,in_n600_rho1.0_correlated_seed3.pcf,dhpac,2,0,1519103,302,301,9984944914767081928,19680,23f703aa3bc9,2026-08-28T19:44:33Z,600,599,1,,,,,,,,,,,,,,,,,
campaign_e_in,in_n600_rho1.0_correlated_seed4.pcf,dhpac,0,0,1536085,287,286,2531447092712281058,19680,23f703aa3bc9,2026-08-28T19:44:33Z,600,599,1,,,,,,,,,,,,,,,,,
campaign_e_in,in_n600_rho1.0_correlated_seed4.pcf,dhpac,1,0,1494552,287,286,2531447092712281058,19680,23f703aa3bc9,2026-08-28T19:44:33Z,600,599,1,,,,,,,,,,,,,,,,,
campaign_e_in,in_n600_rho1.0_correlated_seed4.pcf,dhpac,2,0,1486306,287,286,2531447092712281058,19680,23f703aa3bc9,2026-08-28T19:44:33Z,600,599,1,,,,,,,,,,,,,,,,,
campaign_e_in,in_n600_rho1.0_exact-ties_seed0.pcf,dhpac,0,0,1531041,133,132,2550817207259358031,19680,23f703aa3bc9,2026-08-28T19:44:33Z,600,599,1,,,,,,,,,,,,,,,,,
campaign_e_in,in_n600_rho1.0_exact-ties_seed0.pcf,dhpac,1,0,1546115,133,132,2550817207259358031,19680,23f703aa3bc9,2026-08-28T19:44:33Z,600,599,1,,,,,,,,,,,,,,,,,
campaign_e_in,in_n600_rho1.0_exact-ties_seed0.pcf,dhpac,2,0,1487442,133,132,2550817207259358031,19680,23f703aa3bc9,2026-08-28T19:44:33Z,600,599,1,,,,,,,,,,,,,,,,,
campaign_e_in,in_n600_rho1.0_exact-ties_seed1.pcf,dhpac,0,0,1601960,127,126,3806527470860819677,19680,23f703aa3bc9,2026-08-28T19:44:33Z,600,599,1,,,,,,,,,,,,,,,,,
campaign_e_in,in_n600_rho1.0_exact-ties_seed1.pcf,dhpac,1,0,1540432,127,126,3806527470860819677,19680,23f703aa3bc9,2026-08-28T19:44:33Z,600,599,1,,,,,,,,,,,,,,,,,
campaign_e_in,in_n600_rho1.0_exact-ties_seed1.pcf,dhpac,2,0,1553391,127,126,3806527470860819677,19680,23f703aa3bc9,2026-08-28T19:44:33Z,600,599,1,,,,,,,,,,,,,,,,,
campaign_e_in,in_n600_rho1.0_exact-ties_seed2.pcf,dhpac,0,0,1608239,127,126,4838010374194778822,19680,23f703aa3bc9,2026-08-28T19:44:33Z,600,599,1,,,,,,,,,,,,,,,,,
campaign_e_in,in_n600_rho1.0_exact-ties_seed2.pcf,dhpac,1,0,1516159,127,126,4838010374194778822,19680,23f703aa3bc9,2026-08-28T19:44:33Z,600,599,1,,,,,,,,,,,,,,,,,
campaign_e_in,in_n600_rho1.0_exact-ties_seed2.pcf,dhpac,2,0,1508926,127,126,4838010374194778822,19680,23f703aa3bc9,2026-08-28T19:44:33Z,600,599,1,,,,,,,,,,,,,,,,,
campaign_e_in,in_n600_rho1.0_exact-ties_seed3.pcf,dhpac,0,0,1417806,124,123,14263494998698768964,19680,23f703aa3bc9,2026-08-28T19:44:33Z,600,599,1,,,,,,,,,,,,,,,,,
campaign_e_in,in_n600_rho1.0_exact-ties_seed3.pcf,dhpac,1,0,1381241,124,123,14263494998698768964,19680,23f703aa3bc9,2026-08-28T19:44:33Z,600,599,1,,,,,,,,,,,,,,,,,
campaign_e_in,in_n600_rho1.0_exact-ties_seed3.pcf,dhpac,2,0,1377232,124,123,14263494998698768964,19680,23f703aa3bc9,2026-08-28T19:44:33Z,600,599,1,,,,,,,,,,,,,,,,,
campaign_e_in,in_n600_rho1.0_exact-ties_seed4.pcf,dhpac,0,0,1554955,125,124,4041637975108031018,19680,23f703aa3bc9,2026-08-28T19:44:33Z,600,599,1,,,,,,,,,,,,,,,,,
campaign_e_in,in_n600_rho1.0_exact-ties_seed4.pcf,dhpac,1,0,1541172,125,124,4041637975108031018,19680,23f703aa3bc9,2026-08-28T19:44:33Z,600,599,1,,,,,,,,,,,,,,,,,
campaign_e_in,in_n600_rho1.0_exact-ties_seed4.pcf,dhpac,2,0,1500497,125,124,4041637975108031018,19680,23f703aa3bc9,2026-08-28T19:44:33Z,600,599,1,,,,,,,,,,,,,,,,,
campaign_e_in,in_n600_rho1.0_independent-positive_seed0.pcf,dhpac,0,0,1841021,302,301,18159494877955555945,19680,23f703aa3bc9,2026-08-28T19:44:33Z,600,599,1,,,,,,,,,,,,,,,,,
campaign_e_in,in_n600_rho1.0_independent-positive_seed0.pcf,dhpac,1,0,1793082,302,301,18159494877955555945,19680,23f703aa3bc9,2026-08-28T19:44:33Z,600,599,1,,,,,,,,,,,,,,,,,
campaign_e_in,in_n600_rho1.0_independent-positive_seed0.pcf,dhpac,2,0,1736941,302,301,18159494877955555945,19680,23f703aa3bc9,2026-08-28T19:44:33Z,600,599,1,,,,,,,,,,,,,,,,,
campaign_e_in,in_n600_rho1.0_independent-positive_seed1.pcf,dhpac,0,0,1483094,301,300,5775298557800094572,19680,23f703aa3bc9,2026-08-28T19:44:33Z,600,599,1,,,,,,,,,,,,,,,,,
campaign_e_in,in_n600_rho1.0_independent-positive_seed1.pcf,dhpac,1,0,1493427,301,300,5775298557800094572,19680,23f703aa3bc9,2026-08-28T19:44:33Z,600,599,1,,,,,,,,,,,,,,,,,
campaign_e_in,in_n600_rho1.0_independent-positive_seed1.pcf,dhpac,2,0,1435302,301,300,5775298557800094572,19680,23f703aa3bc9,2026-08-28T19:44:33Z,600,599,1,,,,,,,,,,,,,,,,,
campaign_e_in,in_n600_rho1.0_independent-positive_seed2.pcf,dhpac,0,0,1832641,297,296,9415389753396688824,19680,23f703aa3bc9,2026-08-28T19:44:33Z,600,599,1,,,,,,,,,,,,,,,,,
campaign_e_in,in_n600_rho1.0_independent-positive_seed2.pcf,dhpac,1,0,1809583,297,296,9415389753396688824,19680,23f703aa3bc9,2026-08-28T19:44:33Z,600,599,1,,,,,,,,,,,,,,,,,
campaign_e_in,in_n600_rho1.0_independent-positive_seed2.pcf,dhpac,2,0,1769288,297,296,9415389753396688824,19680,23f703aa3bc9,2026-08-28T19:44:33Z,600,599,1,,,,,,,,,,,,,,,,,
campaign_e_in,in_n600_rho1.0_independent-positive_seed3.pcf,dhpac,0,0,1766375,307,306,7852795513289509763,19680,23f703aa3bc9,2026-08-28T19:44:33Z,600,599,1,,,,,,,,,,,,,,,,,
campaign_e_in,in_n600_rho1.0_independent-positive_seed3.pcf,dhpac,1,0,1724147,307,306,7852795513289509763,19680,23f703aa3bc9,2026-08-28T19:44:33Z,600,599,1,,,,,,,,,,,,,,,,,
campaign_e_in,in_n600_rho1.0_independent-positive_seed3.pcf,dhpac,2,0,1730959,307,306,7852795513289509763,19680,23f703aa3bc9,2026-08-28T19:44:33Z,600,599,1,,,,,,,,,,,,,,,,,
campaign_e_in,in_n600_rho1.0_independent-positive_seed4.pcf,dhpac,0,0,1775731,301,300,4370782176182098297,19680,23f703aa3bc9,2026-08-28T19:44:33Z,600,599,1,,,,,,,,,,,,,,,,,
campaign_e_in,in_n600_rho1.0_independent-positive_seed4.pcf,dhpac,1,0,1680027,301,300,4370782176182098297,19680,23f703aa3bc9,2026-08-28T19:44:33Z,600,599,1,,,,,,,,,,,,,,,,,
campaign_e_in,in_n600_rho1.0_independent-positive_seed4.pcf,dhpac,2,0,1669338,301,300,4370782176182098297,19680,23f703aa3bc9,2026-08-28T19:44:33Z,600,599,1,,,,,,,,,,,,,,,,,
campaign_e_in,in_n600_rho1.0_independent-signed_seed0.pcf,dhpac,0,0,1826079,294,293,15000024057101376312,19680,23f703aa3bc9,2026-08-28T19:44:33Z,600,599,1,,,,,,,,,,,,,,,,,
campaign_e_in,in_n600_rho1.0_independent-signed_seed0.pcf,dhpac,1,0,1738036,294,293,15000024057101376312,19680,23f703aa3bc9,2026-08-28T19:44:33Z,600,599,1,,,,,,,,,,,,,,,,,
campaign_e_in,in_n600_rho1.0_independent-signed_seed0.pcf,dhpac,2,0,1709966,294,293,15000024057101376312,19680,23f703aa3bc9,2026-08-28T19:44:33Z,600,599,1,,,,,,,,,,,,,,,,,
campaign_e_in,in_n600_rho1.0_independent-signed_seed1.pcf,dhpac,0,0,1588508,306,305,2997897455226877231,19680,23f703aa3bc9,2026-08-28T19:44:33Z,600,599,1,,,,,,,,,,,,,,,,,
campaign_e_in,in_n600_rho1.0_independent-signed_seed1.pcf,dhpac,1,0,1459972,306,305,2997897455226877231,19680,23f703aa3bc9,2026-08-28T19:44:33Z,600,599,1,,,,,,,,,,,,,,,,,
campaign_e_in,in_n600_rho1.0_independent-signed_seed1.pcf,dhpac,2,0,1432394,306,305,2997897455226877231,19680,23f703aa3bc9,2026-08-28T19:44:33Z,600,599,1,,,,,,,,,,,,,,,,,
campaign_e_in,in_n600_rho1.0_independent-signed_seed2.pcf,dhpac,0,0,1821651,299,298,890585718018346736,19680,23f703aa3bc9,2026-08-28T19:44:33Z,600,599,1,,,,,,,,,,,,,,,,,
campaign_e_in,in_n600_rho1.0_independent-signed_seed2.pcf,dhpac,1,0,1731973,299,298,890585718018346736,19680,23f703aa3bc9,2026-08-28T19:44:33Z,600,599,1,,,,,,,,,,,,,,,,,
campaign_e_in,in_n600_rho1.0_independent-signed_seed2.pcf,dhpac,2,0,1706625,299,298,890585718018346736,19680,23f703aa3bc9,2026-08-28T19:44:33Z,600,599,1,,,,,,,,,,,,,,,,,
campaign_e_in,in_n600_rho1.0_independent-signed_seed3.pcf,dhpac,0,0,1808667,308,307,8446255163604902331,19680,23f703aa3bc9,2026-08-28T19:44:33Z,600,599,1,,,,,,,,,,,,,,,,,
campaign_e_in,in_n600_rho1.0_independent-signed_seed3.pcf,dhpac,1,0,1690775,308,307,8446255163604902331,19680,23f703aa3bc9,2026-08-28T19:44:33Z,600,599,1,,,,,,,,,,,,,,,,,
campaign_e_in,in_n600_rho1.0_independent-signed_seed3.pcf,dhpac,2,0,1695684,308,307,8446255163604902331,19680,23f703aa3bc9,2026-08-28T19:44:33Z,600,599,1,,,,,,,,,,,,,,,,,
campaign_e_in,in_n600_rho1.0_independent-signed_seed4.pcf,dhpac,0,0,1775337,308,307,5605883666427725379,19680,23f703aa3bc9,2026-08-28T19:44:33Z,600,599,1,,,,,,,,,,,,,,,,,
campaign_e_in,in_n600_rho1.0_independent-signed_seed4.pcf,dhpac,1,0,1684076,308,307,5605883666427725379,19680,23f703aa3bc9,2026-08-28T19:44:33Z,600,599,1,,,,,,,,,,,,,,,,,
campaign_e_in,in_n600_rho1.0_independent-signed_seed4.pcf,dhpac,2,0,1663393,308,307,5605883666427725379,19680,23f703aa3bc9,2026-08-28T19:44:33Z,600,599,1,,,,,,,,,,,,,,,,,
campaign_e_in,in_n600_rho1.0_near-ties_seed0.pcf,dhpac,0,0,1805446,161,160,1997545997572453789,19680,23f703aa3bc9,2026-08-28T19:44:33Z,600,599,1,,,,,,,,,,,,,,,,,
campaign_e_in,in_n600_rho1.0_near-ties_seed0.pcf,dhpac,1,0,1720681,161,160,1997545997572453789,19680,23f703aa3bc9,2026-08-28T19:44:33Z,600,599,1,,,,,,,,,,,,,,,,,
campaign_e_in,in_n600_rho1.0_near-ties_seed0.pcf,dhpac,2,0,1709986,161,160,1997545997572453789,19680,23f703aa3bc9,2026-08-28T19:44:33Z,600,599,1,,,,,,,,,,,,,,,,,
campaign_e_in,in_n600_rho1.0_near-ties_seed1.pcf,dhpac,0,0,1816388,158,157,245533109165371749,19840,23f703aa3bc9,2026-08-28T19:44:33Z,600,599,1,,,,,,,,,,,,,,,,,
campaign_e_in,in_n600_rho1.0_near-ties_seed1.pcf,dhpac,1,0,1727215,158,157,245533109165371749,19840,23f703aa3bc9,2026-08-28T19:44:33Z,600,599,1,,,,,,,,,,,,,,,,,
campaign_e_in,in_n600_rho1.0_near-ties_seed1.pcf,dhpac,2,0,1723982,158,157,245533109165371749,19840,23f703aa3bc9,2026-08-28T19:44:33Z,600,599,1,,,,,,,,,,,,,,,,,
campaign_e_in,in_n600_rho1.0_near-ties_seed2.pcf,dhpac,0,0,1577953,162,161,4909659516571200924,19840,23f703aa3bc9,2026-08-28T19:44:33Z,600,599,1,,,,,,,,,,,,,,,,,
campaign_e_in,in_n600_rho1.0_near-ties_seed2.pcf,dhpac,1,0,1478430,162,161,4909659516571200924,19840,23f703aa3bc9,2026-08-28T19:44:33Z,600,599,1,,,,,,,,,,,,,,,,,
campaign_e_in,in_n600_rho1.0_near-ties_seed2.pcf,dhpac,2,0,1476397,162,161,4909659516571200924,19840,23f703aa3bc9,2026-08-28T19:44:33Z,600,599,1,,,,,,,,,,,,,,,,,
campaign_e_in,in_n600_rho1.0_near-ties_seed3.pcf,dhpac,0,0,1867136,163,162,11135697339507336323,19840,23f703aa3bc9,2026-08-28T19:44:33Z,600,599,1,,,,,,,,,,,,,,,,,
campaign_e_in,in_n600_rho1.0_near-ties_seed3.pcf,dhpac,1,0,1858812,163,162,11135697339507336323,19840,23f703aa3bc9,2026-08-28T19:44:33Z,600,599,1,,,,,,,,,,,,,,,,,
campaign_e_in,in_n600_rho1.0_near-ties_seed3.pcf,dhpac,2,0,1828310,163,162,11135697339507336323,19840,23f703aa3bc9,2026-08-28T19:44:33Z,600,599,1,,,,,,,,,,,,,,,,,
campaign_e_in,in_n600_rho1.0_near-ties_seed4.pcf,dhpac,0,0,1561953,144,143,6467459757603848054,19840,23f703aa3bc9,2026-08-28T19:44:33Z,600,599,1,,,,,,,,,,,,,,,,,
campaign_e_in,in_n600_rho1.0_near-ties_seed4.pcf,dhpac,1,0,1577363,144,143,6467459757603848054,19840,23f703aa3bc9,2026-08-28T19:44:33Z,600,599,1,,,,,,,,,,,,,,,,,
campaign_e_in,in_n600_rho1.0_near-ties_seed4.pcf,dhpac,2,0,1520560,144,143,6467459757603848054,19840,23f703aa3bc9,2026-08-28T19:44:33Z,600,599,1,,,,,,,,,,,,,,,,,
campaign_e_in,in_n70000_rho0.6_anti-correlated_seed0.pcf,dhpac,0,0,76260301,41263,41262,5806833359275757448,27204,23f703aa3bc9,2026-08-28T19:44:33Z,70000,42282,27718,,,,,,,,,,,,,,,,,
campaign_e_in,in_n70000_rho0.6_anti-correlated_seed0.pcf,dhpac,1,0,74520768,41263,41262,5806833359275757448,28484,23f703aa3bc9,2026-08-28T19:44:33Z,70000,42282,27718,,,,,,,,,,,,,,,,,
campaign_e_in,in_n70000_rho0.6_anti-correlated_seed0.pcf,dhpac,2,0,74019274,41263,41262,5806833359275757448,28544,23f703aa3bc9,2026-08-28T19:44:33Z,70000,42282,27718,,,,,,,,,,,,,,,,,
campaign_e_in,in_n70000_rho0.6_anti-correlated_seed1.pcf,dhpac,0,0,74631791,41310,41309,15798100187060726019,27032,23f703aa3bc9,2026-08-28T19:44:34Z,70000,42061,27939,,,,,,,,,,,,,,,,,
campaign_e_in,in_n70000_rho0.6_anti-correlated_seed1.pcf,dhpac,1,0,73009007,41310,41309,15798100187060726019,28156,23f703aa3bc9,2026-08-28T19:44:34Z,70000,42061,27939,,,,,,,,,,,,,,,,,
campaign_e_in,in_n70000_rho0.6_anti-correlated_seed1.pcf,dhpac,2,0,72371907,41310,41309,15798100187060726019,28156,23f703aa3bc9,2026-08-28T19:44:34Z,70000,42061,27939,,,,,,,,,,,,,,,,,
campaign_e_in,in_n70000_rho0.6_anti-correlated_seed2.pcf,dhpac,0,0,76495978,41405,41404,10032946318996242258,27152,23f703aa3bc9,2026-08-28T19:44:34Z,70000,41970,28030,,,,,,,,,,,,,,,,,
campaign_e_in,in_n70000_rho0.6_anti-correlated_seed2.pcf,dhpac,1,0,75209007,41405,41404,10032946318996242258,28160,23f703aa3bc9,2026-08-28T19:44:34Z,70000,41970,28030,,,,,,,,,,,,,,,,,
campaign_e_in,in_n70000_rho0.6_anti-correlated_seed2.pcf,dhpac,2,0,74275663,41405,41404,10032946318996242258,28804,23f703aa3bc9,2026-08-28T19:44:34Z,70000,41970,28030,,,,,,,,,,,,,,,,,
campaign_e_in,in_n70000_rho0.6_anti-correlated_seed3.pcf,dhpac,0,0,80060239,41218,41217,3580779189351520905,27484,23f703aa3bc9,2026-08-28T19:44:34Z,70000,42229,27771,,,,,,,,,,,,,,,,,
campaign_e_in,in_n70000_rho0.6_anti-correlated_seed3.pcf,dhpac,1,0,78555725,41218,41217,3580779189351520905,28484,23f703aa3bc9,2026-08-28T19:44:34Z,70000,42229,27771,,,,,,,,,,,,,,,,,
campaign_e_in,in_n70000_rho0.6_anti-correlated_seed3.pcf,dhpac,2,0,77474529,41218,41217,3580779189351520905,28796,23f703aa3bc9,2026-08-28T19:44:34Z,70000,42229,27771,,,,,,,,,,,,,,,,,
campaign_e_in,in_n70000_rho0.6_anti-correlated_seed4.pcf,dhpac,0,0,75191210,41304,41303,17987071671034596075,27164,23f703aa3bc9,2026-08-28T19:44:34Z,70000,41999,28001,,,,,,,,,,,,,,,,,
campaign_e_in,in_n70000_rho0.6_anti-correlated_seed4.pcf,dhpac,1,0,73100919,41304,41303,17987071671034596075,28156,23f703aa3bc9,2026-08-28T19:44:34Z,70000,41999,28001,,,,,,,,,,,,,,,,,
campaign_e_in,in_n70000_rho0.6_anti-correlated_seed4.pcf,dhpac,2,0,72740661,41304,41303,17987071671034596075,28156,23f703aa3bc9,2026-08-28T19:44:34Z,70000,41999,28001,,,,,,,,,,,,,,,,,
campaign_e_in,in_n70000_rho0.6_correlated_seed0.pcf,dhpac,0,0,74926059,32108,32107,1368127045008419909,24320,23f703aa3bc9,2026-08-28T19:44:35Z,70000,42282,27718,,,,,,,,,,,,,,,,,
campaign_e_in,in_n70000_rho0.6_correlated_seed0.pcf,dhpac,1,0,73326730,32108,32107,1368127045008419909,25620,23f703aa3bc9,2026-08-28T19:44:35Z,70000,42282,27718,,,,,,,,,,,,,,,,,
campaign_e_in,in_n70000_rho0.6_correlated_seed0.pcf,dhpac,2,0,73130624,32108,32107,1368127045008419909,25620,23f703aa3bc9,2026-08-28T19:44:35Z,70000,42282,27718,,,,,,,,,,,,,,,,,
campaign_e_in,in_n70000_rho0.6_correlated_seed1.pcf,dhpac,0,0,73990493,32165,32164,11148441394499078419,24152,23f703aa3bc9,2026-08-28T19:44:35Z,70000,42061,27939,,,,,,,,,,,,,,,,,
campaign_e_in,in_n70000_rho0.6_correlated_seed1.pcf,dhpac,1,0,71880494,32165,32164,11148441394499078419,25064,23f703aa3bc9,2026-08-28T19:44:35Z,70000,42061,27939,,,,,,,,,,,,,,,,,
campaign_e_in,in_n70000_rho0.6_correlated_seed1.pcf,dhpac,2,0,69684339,32165,32164,11148441394499078419,25224,23f703aa3bc9,2026-08-28T19:44:35Z,70000,42061,27939,,,,,,,,,,,,,,,,,
campaign_e_in,in_n70000_rho0.6_correlated_seed2.pcf,dhpac,0,0,74662021,32097,32096,13966178358418065437,24272,23f703aa3bc9,2026-08-28T19:44:35Z,70000,41970,28030,,,,,,,,,,,,,,,,,
campaign_e_in,in_n70000_rho0.6_correlated_seed2.pcf,dhpac,1,0,73271983,32097,32096,13966178358418065437,25604,23f703aa3bc9,2026-08-28T19:44:35Z,70000,41970,28030,,,,,,,,,,,,,,,,,
campaign_e_in,in_n70000_rho0.6_correlated_seed2.pcf,dhpac,2,0,73211689,32097,32096,13966178358418065437,26524,23f703aa3bc9,2026-08-28T19:44:35Z,70000,41970,28030,,,,,,,,,,,,,,,,,
campaign_e_in,in_n70000_rho0.6_correlated_seed3.pcf,dhpac,0,0,79470198,31960,31959,13703682840000340355,24512,23f703aa3bc9,2026-08-28T19:44:35Z,70000,42229,27771,,,,,,,,,,,,,,,,,
campaign_e_in,in_n70000_rho0.6_correlated_seed3.pcf,dhpac,1,0,77341256,31960,31959,13703682840000340355,25608,23f703aa3bc9,2026-08-28T19:44:35Z,70000,42229,27771,,,,,,,,,,,,,,,,,
campaign_e_in,in_n70000_rho0.6_correlated_seed3.pcf,dhpac,2,0,77331645,31960,31959,13703682840000340355,25784,23f703aa3bc9,2026-08-28T19:44:35Z,70000,42229,27771,,,,,,,,,,,,,,,,,
campaign_e_in,in_n70000_rho0.6_correlated_seed4.pcf,dhpac,0,0,73690784,32051,32050,5691065380939427749,24120,23f703aa3bc9,2026-08-28T19:44:36Z,70000,41999,28001,,,,,,,,,,,,,,,,,
campaign_e_in,in_n70000_rho0.6_correlated_seed4.pcf,dhpac,1,0,71746435,32051,32050,5691065380939427749,24964,23f703aa3bc9,2026-08-28T19:44:36Z,70000,41999,28001,,,,,,,,,,,,,,,,,
campaign_e_in,in_n70000_rho0.6_correlated_seed4.pcf,dhpac,2,0,70362211,32051,32050,5691065380939427749,25924,23f703aa3bc9,2026-08-28T19:44:36Z,70000,41999,28001,,,,,,,,,,,,,,,,,
campaign_e_in,in_n70000_rho0.6_exact-ties_seed0.pcf,dhpac,0,0,70912972,10805,10804,3621250762750697945,20292,23f703aa3bc9,2026-08-28T19:44:36Z,70000,42252,27748,,,,,,,,,,,,,,,,,
campaign_e_in,in_n70000_rho0.6_exact-ties_seed0.pcf,dhpac,1,0,70270102,10805,10804,3621250762750697945,22592,23f703aa3bc9,2026-08-28T19:44:36Z,70000,42252,27748,,,,,,,,,,,,,,,,,
campaign_e_in,in_n70000_rho0.6_exact-ties_seed0.pcf,dhpac,2,0,69924771,10805,10804,3621250762750697945,22592,23f703aa3bc9,2026-08-28T19:44:36Z,70000,42252,27748,,,,,,,,,,,,,,,,,
campaign_e_in,in_n70000_rho0.6_exact-ties_seed1.pcf,dhpac,0,0,69639605,10708,10707,18046386612423097738,20288,23f703aa3bc9,2026-08-28T19:44:36Z,70000,42088,27912,,,,,,,,,,,,,,,,,
campaign_e_in,in_n70000_rho0.6_exact-ties_seed1.pcf,dhpac,1,0,68504032,10708,10707,18046386612423097738,22412,23f703aa3bc9,2026-08-28T19:44:36Z,70000,42088,27912,,,,,,,,,,,,,,,,,
campaign_e_in,in_n70000_rho0.6_exact-ties_seed1.pcf,dhpac,2,0,68720629,10708,10707,18046386612423097738,22412,23f703aa3bc9,2026-08-28T19:44:36Z,70000,42088,27912,,,,,,,,,,,,,,,,,
campaign_e_in,in_n70000_rho0.6_exact-ties_seed2.pcf,dhpac,0,0,69488578,10750,10749,4867486777594798766,20136,23f703aa3bc9,2026-08-28T19:44:36Z,70000,42175,27825,,,,,,,,,,,,,,,,,
campaign_e_in,in_n70000_rho0.6_exact-ties_seed2.pcf,dhpac,1,0,68528266,10750,10749,4867486777594798766,22428,23f703aa3bc9,2026-08-28T19:44:36Z,70000,42175,27825,,,,,,,,,,,,,,,,,
campaign_e_in,in_n70000_rho0.6_exact-ties_seed2.pcf,dhpac,2,0,68569241,10750,10749,4867486777594798766,22428,23f703aa3bc9,2026-08-28T19:44:36Z,70000,42175,27825,,,,,,,,,,,,,,,,,
campaign_e_in,in_n70000_rho0.6_exact-ties_seed3.pcf,dhpac,0,0,70432058,10754,10753,11101128576128883059,20292,23f703aa3bc9,2026-08-28T19:44:36Z,70000,42317,27683,,,,,,,,,,,,,,,,,
campaign_e_in,in_n70000_rho0.6_exact-ties_seed3.pcf,dhpac,1,0,69580024,10754,10753,11101128576128883059,22264,23f703aa3bc9,2026-08-28T19:44:37Z,70000,42317,27683,,,,,,,,,,,,,,,,,
campaign_e_in,in_n70000_rho0.6_exact-ties_seed3.pcf,dhpac,2,0,70012661,10754,10753,11101128576128883059,22300,23f703aa3bc9,2026-08-28T19:44:37Z,70000,42317,27683,,,,,,,,,,,,,,,,,
campaign_e_in,in_n70000_rho0.6_exact-ties_seed4.pcf,dhpac,0,0,68478805,10592,10591,13237012177250167209,20288,23f703aa3bc9,2026-08-28T19:44:37Z,70000,41831,28169,,,,,,,,,,,,,,,,,
campaign_e_in,in_n70000_rho0.6_exact-ties_seed4.pcf,dhpac,1,0,67306750,10592,10591,13237012177250167209,21864,23f703aa3bc9,2026-08-28T19:44:37Z,70000,41831,28169,,,,,,,,,,,,,,,,,
campaign_e_in,in_n70000_rho0.6_exact-ties_seed4.pcf,dhpac,2,0,67210561,10592,10591,13237012177250167209,21864,23f703aa3bc9,2026-08-28T19:44:37Z,70000,41831,28169,,,,,,,,,,,,,,,,,
campaign_e_in,in_n70000_rho0.6_independent-positive_seed0.pcf,dhpac,0,0,76697243,45327,45326,10878030101669700411,27832,23f703aa3bc9,2026-08-28T19:44:37Z,70000,42264,27736,,,,,,,,,,,,,,,,,
campaign_e_in,in_n70000_rho0.6_independent-positive_seed0.pcf,dhpac,1,0,74466291,45327,45326,10878030101669700411,28088,23f703aa3bc9,2026-08-28T19:44:37Z,70000,42264,27736,,,,,,,,,,,,,,,,,
campaign_e_in,in_n70000_rho0.6_independent-positive_seed0.pcf,dhpac,2,0,73746022,45327,45326,10878030101669700411,29020,23f703aa3bc9,2026-08-28T19:44:37Z,70000,42264,27736,,,,,,,,,,,,,,,,,
campaign_e_in,in_n70000_rho0.6_independent-positive_seed1.pcf,dhpac,0,0,73368668,45286,45285,4241974263647746059,27668,23f703aa3bc9,2026-08-28T19:44:37Z,70000,42033,27967,,,,,,,,,,,,,,,,,
campaign_e_in,in_n70000_rho0.6_independent-positive_seed1.pcf,dhpac,1,0,71433383,45286,45285,4241974263647746059,28720,23f703aa3bc9,2026-08-28T19:44:37Z,70000,42033,27967,,,,,,,,,,,,,,,,,
campaign_e_in,in_n70000_rho0.6_independent-positive_seed1.pcf,dhpac,2,0,70280621,45286,45285,4241974263647746059,28724,23f703aa3bc9,2026-08-28T19:44:37Z,70000,42033,27967,,,,,,,,,,,,,,,,,
campaign_e_in,in_n70000_rho0.6_independent-positive_seed2.pcf,dhpac,0,0,75540578,45386,45385,16567800581200818400,27788,23f703aa3bc9,2026-08-28T19:44:37Z,70000,41828,28172,,,,,,,,,,,,,,,,,
campaign_e_in,in_n70000_rho0.6_independent-positive_seed2.pcf,dhpac,1,0,73570616,45386,45385,16567800581200818400,28228,23f703aa3bc9,2026-08-28T19:44:37Z,70000,41828,28172,,,,,,,,,,,,,,,,,
campaign_e_in,in_n70000_rho0.6_independent-positive_seed2.pcf,dhpac,2,0,73492522,45386,45385,16567800581200818400,28708,23f703aa3bc9,2026-08-28T19:44:38Z,70000,41828,28172,,,,,,,,,,,,,,,,,
campaign_e_in,in_n70000_rho0.6_independent-positive_seed3.pcf,dhpac,0,0,79053295,45160,45159,11307571795741229321,28008,23f703aa3bc9,2026-08-28T19:44:38Z,70000,42329,27671,,,,,,,,,,,,,,,,,
campaign_e_in,in_n70000_rho0.6_independent-positive_seed3.pcf,dhpac,1,0,77502191,45160,45159,11307571795741229321,28228,23f703aa3bc9,2026-08-28T19:44:38Z,70000,42329,27671,,,,,,,,,,,,,,,,,
campaign_e_in,in_n70000_rho0.6_independent-positive_seed3.pcf,dhpac,2,0,76222171,45160,45159,11307571795741229321,28820,23f703aa3bc9,2026-08-28T19:44:38Z,70000,42329,27671,,,,,,,,,,,,,,,,,
campaign_e_in,in_n70000_rho0.6_independent-positive_seed4.pcf,dhpac,0,0,76056046,45633,45632,3778007967011270849,27816,23f703aa3bc9,2026-08-28T19:44:38Z,70000,41922,28078,,,,,,,,,,,,,,,,,
campaign_e_in,in_n70000_rho0.6_independent-positive_seed4.pcf,dhpac,1,0,73777088,45633,45632,3778007967011270849,29076,23f703aa3bc9,2026-08-28T19:44:38Z,70000,41922,28078,,,,,,,,,,,,,,,,,
campaign_e_in,in_n70000_rho0.6_independent-positive_seed4.pcf,dhpac,2,0,74100295,45633,45632,3778007967011270849,29968,23f703aa3bc9,2026-08-28T19:44:38Z,70000,41922,28078,,,,,,,,,,,,,,,,,
campaign_e_in,in_n70000_rho0.6_independent-signed_seed0.pcf,dhpac,0,0,75902334,46770,46769,6936231587436536675,28160,23f703aa3bc9,2026-08-28T19:44:38Z,70000,42243,27757,,,,,,,,,,,,,,,,,
campaign_e_in,in_n70000_rho0.6_independent-signed_seed0.pcf,dhpac,1,0,74105389,46770,46769,6936231587436536675,28812,23f703aa3bc9,2026-08-28T19:44:38Z,70000,42243,27757,,,,,,,,,,,,,,,,,
campaign_e_in,in_n70000_rho0.6_independent-signed_seed0.pcf,dhpac,2,0,73186769,46770,46769,6936231587436536675,29352,23f703aa3bc9,2026-08-28T19:44:38Z,70000,42243,27757,,,,,,,,,,,,,,,,,
campaign_e_in,in_n70000_rho0.6_independent-signed_seed1.pcf,dhpac,0,0,74156273,46802,46801,13386182766442179801,27828,23f703aa3bc9,2026-08-28T19:44:38Z,70000,42024,27976,,,,,,,,,,,,,,,,,
campaign_e_in,in_n70000_rho0.6_independent-signed_seed1.pcf,dhpac,1,0,72485491,46802,46801,13386182766442179801,28812,23f703aa3bc9,2026-08-28T19:44:38Z,70000,42024,27976,,,,,,,,,,,,,,,,,
campaign_e_in,in_n70000_rho0.6_independent-signed_seed1.pcf,dhpac,2,0,72473035,46802,46801,13386182766442179801,28860,23f703aa3bc9,2026-08-28T19:44:39Z,70000,42024,27976,,,,,,,,,,,,,,,,,
campaign_e_in,in_n70000_rho0.6_independent-signed_seed2.pcf,dhpac,0,0,76546163,46755,46754,3684326291242947011,28092,23f703aa3bc9,2026-08-28T19:44:39Z,70000,41827,28173,,,,,,,,,,,,,,,,,
campaign_e_in,in_n70000_rho0.6_independent-signed_seed2.pcf,dhpac,1,0,75053182,46755,46754,3684326291242947011,29436,23f703aa3bc9,2026-08-28T19:44:39Z,70000,41827,28173,,,,,,,,,,,,,,,,,
campaign_e_in,in_n70000_rho0.6_independent-signed_seed2.pcf,dhpac,2,0,74180729,46755,46754,3684326291242947011,29520,23f703aa3bc9,2026-08-28T19:44:39Z,70000,41827,28173,,,,,,,,,,,,,,,,,
campaign_e_in,in_n70000_rho0.6_independent-signed_seed3.pcf,dhpac,0,0,77100350,46937,46936,8254720029632219817,28172,23f703aa3bc9,2026-08-28T19:44:39Z,70000,42313,27687,,,,,,,,,,,,,,,,,
campaign_e_in,in_n70000_rho0.6_independent-signed_seed3.pcf,dhpac,1,0,75323703,46937,46936,8254720029632219817,29696,23f703aa3bc9,2026-08-28T19:44:39Z,70000,42313,27687,,,,,,,,,,,,,,,,,
campaign_e_in,in_n70000_rho0.6_independent-signed_seed3.pcf,dhpac,2,0,74911163,46937,46936,8254720029632219817,29696,23f703aa3bc9,2026-08-28T19:44:39Z,70000,42313,27687,,,,,,,,,,,,,,,,,
campaign_e_in,in_n70000_rho0.6_independent-signed_seed4.pcf,dhpac,0,0,74012047,46948,46947,4268612456476989464,28100,23f703aa3bc9,2026-08-28T19:44:39Z,70000,41899,28101,,,,,,,,,,,,,,,,,
campaign_e_in,in_n70000_rho0.6_independent-signed_seed4.pcf,dhpac,1,0,72092328,46948,46947,4268612456476989464,28808,23f703aa3bc9,2026-08-28T19:44:39Z,70000,41899,28101,,,,,,,,,,,,,,,,,
campaign_e_in,in_n70000_rho0.6_independent-signed_seed4.pcf,dhpac,2,0,71224527,46948,46947,4268612456476989464,28860,23f703aa3bc9,2026-08-28T19:44:39Z,70000,41899,28101,,,,,,,,,,,,,,,,,
campaign_e_in,in_n70000_rho0.6_near-ties_seed0.pcf,dhpac,0,0,71552113,1351,1350,14456195978338303723,23192,23f703aa3bc9,2026-08-28T19:44:39Z,70000,42183,27817,,,,,,,,,,,,,,,,,
campaign_e_in,in_n70000_rho0.6_near-ties_seed0.pcf,dhpac,1,0,70128976,1351,1350,14456195978338303723,24584,23f703aa3bc9,2026-08-28T19:44:39Z,70000,42183,27817,,,,,,,,,,,,,,,,,
campaign_e_in,in_n70000_rho0.6_near-ties_seed0.pcf,dhpac,2,0,69670579,1351,1350,14456195978338303723,24824,23f703aa3bc9,2026-08-28T19:44:39Z,70000,42183,27817,,,,,,,,,,,,,,,,,
campaign_e_in,in_n70000_rho0.6_near-ties_seed1.pcf,dhpac,0,0,67644568,1285,1284,15120415135831438278,20624,23f703aa3bc9,2026-08-28T19:44:40Z,70000,41982,28018,,,,,,,,,,,,,,,,,
campaign_e_in,in_n70000_rho0.6_near-ties_seed1.pcf,dhpac,1,0,67033061,1285,1284,15120415135831438278,21080,23f703aa3bc9,2026-08-28T19:44:40Z,70000,41982,28018,,,,,,,,,,,,,,,,,
campaign_e_in,in_n70000_rho0.6_near-ties_seed1.pcf,dhpac,2,0,66551868,1285,1284,15120415135831438278,21480,23f703aa3bc9,2026-08-28T19:44:40Z,70000,41982,28018,,,,,,,,,,,,,,,,,
campaign_e_in,in_n70000_rho0.6_near-ties_seed2.pcf,dhpac,0,0,68790636,1299,1298,14888428098459738561,20628,23f703aa3bc9,2026-08-28T19:44:40Z,70000,42003,27997,,,,,,,,,,,,,,,,,
campaign_e_in,in_n70000_rho0.6_near-ties_seed2.pcf,dhpac,1,0,67240790,1299,1298,14888428098459738561,21084,23f703aa3bc9,2026-08-28T19:44:40Z,70000,42003,27997,,,,,,,,,,,,,,,,,
campaign_e_in,in_n70000_rho0.6_near-ties_seed2.pcf,dhpac,2,0,67952087,1299,1298,14888428098459738561,21476,23f703aa3bc9,2026-08-28T19:44:40Z,70000,42003,27997,,,,,,,,,,,,,,,,,
campaign_e_in,in_n70000_rho0.6_near-ties_seed3.pcf,dhpac,0,0,68448216,1304,1303,8245455812005272922,20000,23f703aa3bc9,2026-08-28T19:44:40Z,70000,41816,28184,,,,,,,,,,,,,,,,,
campaign_e_in,in_n70000_rho0.6_near-ties_seed3.pcf,dhpac,1,0,67044095,1304,1303,8245455812005272922,21344,23f703aa3bc9,2026-08-28T19:44:40Z,70000,41816,28184,,,,,,,,,,,,,,,,,
campaign_e_in,in_n70000_rho0.6_near-ties_seed3.pcf,dhpac,2,0,67367003,1304,1303,8245455812005272922,21736,23f703aa3bc9,2026-08-28T19:44:40Z,70000,41816,28184,,,,,,,,,,,,,,,,,
campaign_e_in,in_n70000_rho0.6_near-ties_seed4.pcf,dhpac,0,0,66148372,1345,1344,851979305348780955,20000,23f703aa3bc9,2026-08-28T19:44:40Z,70000,42008,27992,,,,,,,,,,,,,,,,,
campaign_e_in,in_n70000_rho0.6_near-ties_seed4.pcf,dhpac,1,0,65180026,1345,1344,851979305348780955,21652,23f703aa3bc9,2026-08-28T19:44:40Z,70000,42008,27992,,,,,,,,,,,,,,,,,
campaign_e_in,in_n70000_rho0.6_near-ties_seed4.pcf,dhpac,2,0,64898919,1345,1344,851979305348780955,21652,23f703aa3bc9,2026-08-28T19:44:40Z,70000,42008,27992,,,,,,,,,,,,,,,,,
campaign_e_in,in_n70000_rho1.0_anti-correlated_seed0.pcf,dhpac,0,0,660950732,30981,30980,14562997129611529873,67200,23f703aa3bc9,2026-08-28T19:44:41Z,70000,69999,1,,,,,,,,,,,,,,,,,
campaign_e_in,in_n70000_rho1.0_anti-correlated_seed0.pcf,dhpac,1,0,659855488,30981,30980,14562997129611529873,102244,23f703aa3bc9,2026-08-28T19:44:42Z,70000,69999,1,,,,,,,,,,,,,,,,,
campaign_e_in,in_n70000_rho1.0_anti-correlated_seed0.pcf,dhpac,2,0,656718779,30981,30980,14562997129611529873,102736,23f703aa3bc9,2026-08-28T19:44:42Z,70000,69999,1,,,,,,,,,,,,,,,,,
campaign_e_in,in_n70000_rho1.0_anti-correlated_seed1.pcf,dhpac,0,0,853228381,30887,30886,142262385290278994,69404,23f703aa3bc9,2026-08-28T19:44:43Z,70000,69999,1,,,,,,,,,,,,,,,,,
campaign_e_in,in_n70000_rho1.0_anti-correlated_seed1.pcf,dhpac,1,0,849085667,30887,30886,142262385290278994,113588,23f703aa3bc9,2026-08-28T19:44:44Z,70000,69999,1,,,,,,,,,,,,,,,,,
campaign_e_in,in_n70000_rho1.0_anti-correlated_seed1.pcf,dhpac,2,0,850532349,30887,30886,142262385290278994,113588,23f703aa3bc9,2026-08-28T19:44:45Z,70000,69999,1,,,,,,,,,,,,,,,,,
campaign_e_in,in_n70000_rho1.0_anti-correlated_seed2.pcf,dhpac,0,0,831208319,30841,30840,806989878480399147,68272,23f703aa3bc9,2026-08-28T19:44:46Z,70000,69999,1,,,,,,,,,,,,,,,,,
campaign_e_in,in_n70000_rho1.0_anti-correlated_seed2.pcf,dhpac,1,0,819622397,30841,30840,806989878480399147,112368,23f703aa3bc9,2026-08-28T19:44:47Z,70000,69999,1,,,,,,,,,,,,,,,,,
campaign_e_in,in_n70000_rho1.0_anti-correlated_seed2.pcf,dhpac,2,0,808199249,30841,30840,806989878480399147,112544,23f703aa3bc9,2026-08-28T19:44:47Z,70000,69999,1,,,,,,,,,,,,,,,,,
campaign_e_in,in_n70000_rho1.0_anti-correlated_seed3.pcf,dhpac,0,0,761398993,30919,30918,4943044430797850226,68144,23f703aa3bc9,2026-08-28T19:44:48Z,70000,69999,1,,,,,,,,,,,,,,,,,
campaign_e_in,in_n70000_rho1.0_anti-correlated_seed3.pcf,dhpac,1,0,757772684,30919,30918,4943044430797850226,108220,23f703aa3bc9,2026-08-28T19:44:49Z,70000,69999,1,,,,,,,,,,,,,,,,,
campaign_e_in,in_n70000_rho1.0_anti-correlated_seed3.pcf,dhpac,2,0,747294423,30919,30918,4943044430797850226,108552,23f703aa3bc9,2026-08-28T19:44:50Z,70000,69999,1,,,,,,,,,,,,,,,,,
campaign_e_in,in_n70000_rho1.0_anti-correlated_seed4.pcf,dhpac,0,0,719056537,30977,30976,12847970861405470165,67356,23f703aa3bc9,2026-08-28T19:44:50Z,70000,69999,1,,,,,,,,,,,,,,,,,
campaign_e_in,in_n70000_rho1.0_anti-correlated_seed4.pcf,dhpac,1,0,718610858,30977,30976,12847970861405470165,105924,23f703aa3bc9,2026-08-28T19:44:51Z,70000,69999,1,,,,,,,,,,,,,,,,,
campaign_e_in,in_n70000_rho1.0_anti-correlated_seed4.pcf,dhpac,2,0,717132338,30977,30976,12847970861405470165,105924,23f703aa3bc9,2026-08-28T19:44:52Z,70000,69999,1,,,,,,,,,,,,,,,,,
campaign_e_in,in_n70000_rho1.0_correlated_seed0.pcf,dhpac,0,0,660086791,25616,25615,12133208137693700950,67364,23f703aa3bc9,2026-08-28T19:44:53Z,70000,69999,1,,,,,,,,,,,,,,,,,
campaign_e_in,in_n70000_rho1.0_correlated_seed0.pcf,dhpac,1,0,660292549,25616,25615,12133208137693700950,102620,23f703aa3bc9,2026-08-28T19:44:53Z,70000,69999,1,,,,,,,,,,,,,,,,,
campaign_e_in,in_n70000_rho1.0_correlated_seed0.pcf,dhpac,2,0,659621745,25616,25615,12133208137693700950,102868,23f703aa3bc9,2026-08-28T19:44:54Z,70000,69999,1,,,,,,,,,,,,,,,,,
campaign_e_in,in_n70000_rho1.0_correlated_seed1.pcf,dhpac,0,0,842700889,25613,25612,10726345745212581483,68600,23f703aa3bc9,2026-08-28T19:44:55Z,70000,69999,1,,,,,,,,,,,,,,,,,
campaign_e_in,in_n70000_rho1.0_correlated_seed1.pcf,dhpac,1,0,840658319,25613,25612,10726345745212581483,113812,23f703aa3bc9,2026-08-28T19:44:56Z,70000,69999,1,,,,,,,,,,,,,,,,,
campaign_e_in,in_n70000_rho1.0_correlated_seed1.pcf,dhpac,2,0,839377187,25613,25612,10726345745212581483,113812,23f703aa3bc9,2026-08-28T19:44:56Z,70000,69999,1,,,,,,,,,,,,,,,,,
campaign_e_in,in_n70000_rho1.0_correlated_seed2.pcf,dhpac,0,0,829368697,25633,25632,2451235563520232736,68148,23f703aa3bc9,2026-08-28T19:44:57Z,70000,69999,1,,,,,,,,,,,,,,,,,
campaign_e_in,in_n70000_rho1.0_correlated_seed2.pcf,dhpac,1,0,830269845,25633,25632,2451235563520232736,112516,23f703aa3bc9,2026-08-28T19:44:58Z,70000,69999,1,,,,,,,,,,,,,,,,,
campaign_e_in,in_n70000_rho1.0_correlated_seed2.pcf,dhpac,2,0,826682254,25633,25632,2451235563520232736,112516,23f703aa3bc9,2026-08-28T19:44:59Z,70000,69999,1,,,,,,,,,,,,,,,,,
campaign_e_in,in_n70000_rho1.0_correlated_seed3.pcf,dhpac,0,0,771338915,25435,25434,11898868359635703535,68144,23f703aa3bc9,2026-08-28T19:45:00Z,70000,69999,1,,,,,,,,,,,,,,,,,
campaign_e_in,in_n70000_rho1.0_correlated_seed3.pcf,dhpac,1,0,761102340,25435,25434,11898868359635703535,108496,23f703aa3bc9,2026-08-28T19:45:01Z,70000,69999,1,,,,,,,,,,,,,,,,,
campaign_e_in,in_n70000_rho1.0_correlated_seed3.pcf,dhpac,2,0,770012895,25435,25434,11898868359635703535,108496,23f703aa3bc9,2026-08-28T19:45:01Z,70000,69999,1,,,,,,,,,,,,,,,,,
campaign_e_in,in_n70000_rho1.0_correlated_seed4.pcf,dhpac,0,0,708240023,25422,25421,14506604717895282358,67360,23f703aa3bc9,2026-08-28T19:45:02Z,70000,69999,1,,,,,,,,,,,,,,,,,
campaign_e_in,in_n70000_rho1.0_correlated_seed4.pcf,dhpac,1,0,706024467,25422,25421,14506604717895282358,105796,23f703aa3bc9,2026-08-28T19:45:03Z,70000,69999,1,,,,,,,,,,,,,,,,,
campaign_e_in,in_n70000_rho1.0_correlated_seed4.pcf,dhpac,2,0,704808090,25422,25421,14506604717895282358,105796,23f703aa3bc9,2026-08-28T19:45:03Z,70000,69999,1,,,,,,,,,,,,,,,,,
campaign_e_in,in_n70000_rho1.0_exact-ties_seed0.pcf,dhpac,0,0,648912784,11668,11667,7836931295166313710,67184,23f703aa3bc9,2026-08-28T19:45:04Z,70000,69999,1,,,,,,,,,,,,,,,,,
campaign_e_in,in_n70000_rho1.0_exact-ties_seed0.pcf,dhpac,1,0,650014901,11668,11667,7836931295166313710,104796,23f703aa3bc9,2026-08-28T19:45:05Z,70000,69999,1,,,,,,,,,,,,,,,,,
campaign_e_in,in_n70000_rho1.0_exact-ties_seed0.pcf,dhpac,2,0,648462485,11668,11667,7836931295166313710,104796,23f703aa3bc9,2026-08-28T19:45:05Z,70000,69999,1,,,,,,,,,,,,,,,,,
campaign_e_in,in_n70000_rho1.0_exact-ties_seed1.pcf,dhpac,0,0,765266614,11683,11682,10302106478981229162,67356,23f703aa3bc9,2026-08-28T19:45:06Z,70000,69999,1,,,,,,,,,,,,,,,,,
campaign_e_in,in_n70000_rho1.0_exact-ties_seed1.pcf,dhpac,1,0,764489523,11683,11682,10302106478981229162,112476,23f703aa3bc9,2026-08-28T19:45:07Z,70000,69999,1,,,,,,,,,,,,,,,,,
campaign_e_in,in_n70000_rho1.0_exact-ties_seed1.pcf,dhpac,2,0,765374538,11683,11682,10302106478981229162,112476,23f703aa3bc9,2026-08-28T19:45:08Z,70000,69999,1,,,,,,,,,,,,,,,,,
campaign_e_in,in_n70000_rho1.0_exact-ties_seed2.pcf,dhpac,0,0,693640008,11596,11595,13580587474530262931,67360,23f703aa3bc9,2026-08-28T19:45:08Z,70000,69999,1,,,,,,,,,,,,,,,,,
campaign_e_in,in_n70000_rho1.0_exact-ties_seed2.pcf,dhpac,1,0,696432358,11596,11595,13580587474530262931,108148,23f703aa3bc9,2026-08-28T19:45:09Z,70000,69999,1,,,,,,,,,,,,,,,,,
campaign_e_in,in_n70000_rho1.0_exact-ties_seed2.pcf,dhpac,2,0,692646064,11596,11595,13580587474530262931,108148,23f703aa3bc9,2026-08-28T19:45:10Z,70000,69999,1,,,,,,,,,,,,,,,,,
campaign_e_in,in_n70000_rho1.0_exact-ties_seed3.pcf,dhpac,0,0,785251868,11766,11765,16469193039017526076,67364,23f703aa3bc9,2026-08-28T19:45:11Z,70000,69999,1,,,,,,,,,,,,,,,,,
campaign_e_in,in_n70000_rho1.0_exact-ties_seed3.pcf,dhpac,1,0,781573105,11766,11765,16469193039017526076,113192,23f703aa3bc9,2026-08-28T19:45:11Z,70000,69999,1,,,,,,,,,,,,,,,,,
campaign_e_in,in_n70000_rho1.0_exact-ties_seed3.pcf,dhpac,2,0,780478556,11766,11765,16469193039017526076,113248,23f703aa3bc9,2026-08-28T19:45:12Z,70000,69999,1,,,,,,,,,,,,,,,,,
campaign_e_in,in_n70000_rho1.0_exact-ties_seed4.pcf,dhpac,0,0,709241920,11608,11607,17582790082710528546,67372,23f703aa3bc9,2026-08-28T19:45:13Z,70000,69999,1,,,,,,,,,,,,,,,,,
campaign_e_in,in_n70000_rho1.0_exact-ties_seed4.pcf,dhpac,1,0,709130191,11608,11607,17582790082710528546,108856,23f703aa3bc9,2026-08-28T19:45:14Z,70000,69999,1,,,,,,,,,,,,,,,,,
campaign_e_in,in_n70000_rho1.0_exact-ties_seed4.pcf,dhpac,2,0,703073192,11608,11607,17582790082710528546,108916,23f703aa3bc9,2026-08-28T19:45:14Z,70000,69999,1,,,,,,,,,,,,,,,,,
campaign_e_in,in_n70000_rho1.0_independent-positive_seed0.pcf,dhpac,0,0,797032486,33543,33542,17529429044077518481,68284,23f703aa3bc9,2026-08-28T19:45:15Z,70000,69999,1,,,,,,,,,,,,,,,,,
campaign_e_in,in_n70000_rho1.0_independent-positive_seed0.pcf,dhpac,1,0,794065252,33543,33542,17529429044077518481,111500,23f703aa3bc9,2026-08-28T19:45:16Z,70000,69999,1,,,,,,,,,,,,,,,,,
campaign_e_in,in_n70000_rho1.0_independent-positive_seed0.pcf,dhpac,2,0,794519469,33543,33542,17529429044077518481,111568,23f703aa3bc9,2026-08-28T19:45:17Z,70000,69999,1,,,,,,,,,,,,,,,,,
campaign_e_in,in_n70000_rho1.0_independent-positive_seed1.pcf,dhpac,0,0,750996272,33416,33415,17982520152153226218,67992,23f703aa3bc9,2026-08-28T19:45:18Z,70000,69999,1,,,,,,,,,,,,,,,,,
campaign_e_in,in_n70000_rho1.0_independent-positive_seed1.pcf,dhpac,1,0,749068156,33416,33415,17982520152153226218,107316,23f703aa3bc9,2026-08-28T19:45:18Z,70000,69999,1,,,,,,,,,,,,,,,,,
campaign_e_in,in_n70000_rho1.0_independent-positive_seed1.pcf,dhpac,2,0,739255586,33416,33415,17982520152153226218,107316,23f703aa3bc9,2026-08-28T19:45:19Z,70000,69999,1,,,,,,,,,,,,,,,,,
campaign_e_in,in_n70000_rho1.0_independent-positive_seed2.pcf,dhpac,0,0,753861559,33304,33303,2568798772079305993,68152,23f703aa3bc9,2026-08-28T19:45:20Z,70000,69999,1,,,,,,,,,,,,,,,,,
campaign_e_in,in_n70000_rho1.0_independent-positive_seed2.pcf,dhpac,1,0,749382406,33304,33303,2568798772079305993,107784,23f703aa3bc9,2026-08-28T19:45:21Z,70000,69999,1,,,,,,,,,,,,,,,,,
campaign_e_in,in_n70000_rho1.0_independent-positive_seed2.pcf,dhpac,2,0,751536946,33304,33303,2568798772079305993,107948,23f703aa3bc9,2026-08-28T19:45:21Z,70000,69999,1,,,,,,,,,,,,,,,,,
campaign_e_in,in_n70000_rho1.0_independent-positive_seed3.pcf,dhpac,0,0,906941426,33310,33309,14472877835427628455,117224,23f703aa3bc9,2026-08-28T19:45:22Z,70000,69999,1,,,,,,,,,,,,,,,,,
campaign_e_in,in_n70000_rho1.0_independent-positive_seed3.pcf,dhpac,1,0,915614275,33310,33309,14472877835427628455,164108,23f703aa3bc9,2026-08-28T19:45:23Z,70000,69999,1,,,,,,,,,,,,,,,,,
campaign_e_in,in_n70000_rho1.0_independent-positive_seed3.pcf,dhpac,2,0,893925774,33310,33309,14472877835427628455,164308,23f703aa3bc9,2026-08-28T19:45:24Z,70000,69999,1,,,,,,,,,,,,,,,,,
campaign_e_in,in_n70000_rho1.0_independent-positive_seed4.pcf,dhpac,0,0,818322000,33340,33339,8007880476683160209,69236,23f703aa3bc9,2026-08-28T19:45:25Z,70000,69999,1,,,,,,,,,,,,,,,,,
campaign_e_in,in_n70000_rho1.0_independent-positive_seed4.pcf,dhpac,1,0,815994461,33340,33339,8007880476683160209,110820,23f703aa3bc9,2026-08-28T19:45:26Z,70000,69999,1,,,,,,,,,,,,,,,,,
campaign_e_in,in_n70000_rho1.0_independent-positive_seed4.pcf,dhpac,2,0,805354631,33340,33339,8007880476683160209,111660,23f703aa3bc9,2026-08-28T19:45:27Z,70000,69999,1,,,,,,,,,,,,,,,,,
campaign_e_in,in_n70000_rho1.0_independent-signed_seed0.pcf,dhpac,0,0,761656250,34324,34323,13522487028513277575,67364,23f703aa3bc9,2026-08-28T19:45:27Z,70000,69999,1,,,,,,,,,,,,,,,,,
campaign_e_in,in_n70000_rho1.0_independent-signed_seed0.pcf,dhpac,1,0,761255403,34324,34323,13522487028513277575,110032,23f703aa3bc9,2026-08-28T19:45:28Z,70000,69999,1,,,,,,,,,,,,,,,,,
campaign_e_in,in_n70000_rho1.0_independent-signed_seed0.pcf,dhpac,2,0,758319080,34324,34323,13522487028513277575,110032,23f703aa3bc9,2026-08-28T19:45:29Z,70000,69999,1,,,,,,,,,,,,,,,,,
campaign_e_in,in_n70000_rho1.0_independent-signed_seed1.pcf,dhpac,0,0,779983069,34310,34309,12392844117115448653,67192,23f703aa3bc9,2026-08-28T19:45:30Z,70000,69999,1,,,,,,,,,,,,,,,,,
campaign_e_in,in_n70000_rho1.0_independent-signed_seed1.pcf,dhpac,1,0,776137401,34310,34309,12392844117115448653,109076,23f703aa3bc9,2026-08-28T19:45:30Z,70000,69999,1,,,,,,,,,,,,,,,,,
campaign_e_in,in_n70000_rho1.0_independent-signed_seed1.pcf,dhpac,2,0,777811488,34310,34309,12392844117115448653,109076,23f703aa3bc9,2026-08-28T19:45:31Z,70000,69999,1,,,,,,,,,,,,,,,,,
campaign_e_in,in_n70000_rho1.0_independent-signed_seed2.pcf,dhpac,0,0,712507801,34326,34325,11691164482402015441,67360,23f703aa3bc9,2026-08-28T19:45:32Z,70000,69999,1,,,,,,,,,,,,,,,,,
campaign_e_in,in_n70000_rho1.0_independent-signed_seed2.pcf,dhpac,1,0,714174471,34326,34325,11691164482402015441,105236,23f703aa3bc9,2026-08-28T19:45:33Z,70000,69999,1,,,,,,,,,,,,,,,,,
campaign_e_in,in_n70000_rho1.0_independent-signed_seed2.pcf,dhpac,2,0,701376076,34326,34325,11691164482402015441,105276,23f703aa3bc9,2026-08-28T19:45:33Z,70000,69999,1,,,,,,,,,,,,,,,,,
campaign_e_in,in_n70000_rho1.0_independent-signed_seed3.pcf,dhpac,0,0,716420651,34427,34426,9553933522329686194,67352,23f703aa3bc9,2026-08-28T19:45:34Z,70000,69999,1,,,,,,,,,,,,,,,,,
campaign_e_in,in_n70000_rho1.0_independent-signed_seed3.pcf,dhpac,1,0,713297030,34427,34426,9553933522329686194,105736,23f703aa3bc9,2026-08-28T19:45:35Z,70000,69999,1,,,,,,,,,,,,,,,,,
campaign_e_in,in_n70000_rho1.0_independent-signed_seed3.pcf,dhpac,2,0,713939098,34427,34426,9553933522329686194,105736,23f703aa3bc9,2026-08-28T19:45:36Z,70000,69999,1,,,,,,,,,,,,,,,,,
campaign_e_in,in_n70000_rho1.0_independent-signed_seed4.pcf,dhpac,0,0,714228810,34081,34080,15237789941003986333,67372,23f703aa3bc9,2026-08-28T19:45:36Z,70000,69999,1,,,,,,,,,,,,,,,,,
campaign_e_in,in_n70000_rho1.0_independent-signed_seed4.pcf,dhpac,1,0,709778078,34081,34080,15237789941003986333,106632,23f703aa3bc9,2026-08-28T19:45:37Z,70000,69999,1,,,,,,,,,,,,,,,,,
campaign_e_in,in_n70000_rho1.0_independent-signed_seed4.pcf,dhpac,2,0,712819884,34081,34080,15237789941003986333,106632,23f703aa3bc9,2026-08-28T19:45:38Z,70000,69999,1,,,,,,,,,,,,,,,,,
campaign_e_in,in_n70000_rho1.0_near-ties_seed0.pcf,dhpac,0,0,623917234,1818,1817,15130580599394482834,68140,23f703aa3bc9,2026-08-28T19:45:38Z,70000,69999,1,,,,,,,,,,,,,,,,,
campaign_e_in,in_n70000_rho1.0_near-ties_seed0.pcf,dhpac,1,0,625842127,1818,1817,15130580599394482834,102964,23f703aa3bc9,2026-08-28T19:45:39Z,70000,69999,1,,,,,,,,,,,,,,,,,
campaign_e_in,in_n70000_rho1.0_near-ties_seed0.pcf,dhpac,2,0,624916378,1818,1817,15130580599394482834,102964,23f703aa3bc9,2026-08-28T19:45:40Z,70000,69999,1,,,,,,,,,,,,,,,,,
campaign_e_in,in_n70000_rho1.0_near-ties_seed1.pcf,dhpac,0,0,667156961,1806,1805,1976852511066928032,67988,23f703aa3bc9,2026-08-28T19:45:40Z,70000,69999,1,,,,,,,,,,,,,,,,,
campaign_e_in,in_n70000_rho1.0_near-ties_seed1.pcf,dhpac,1,0,668784496,1806,1805,1976852511066928032,106652,23f703aa3bc9,2026-08-28T19:45:41Z,70000,69999,1,,,,,,,,,,,,,,,,,
campaign_e_in,in_n70000_rho1.0_near-ties_seed1.pcf,dhpac,2,0,667630830,1806,1805,1976852511066928032,106652,23f703aa3bc9,2026-08-28T19:45:42Z,70000,69999,1,,,,,,,,,,,,,,,,,
campaign_e_in,in_n70000_rho1.0_near-ties_seed2.pcf,dhpac,0,0,712983091,1816,1815,14628213401937544564,67356,23f703aa3bc9,2026-08-28T19:45:42Z,70000,69999,1,,,,,,,,,,,,,,,,,
campaign_e_in,in_n70000_rho1.0_near-ties_seed2.pcf,dhpac,1,0,717603460,1816,1815,14628213401937544564,108900,23f703aa3bc9,2026-08-28T19:45:43Z,70000,69999,1,,,,,,,,,,,,,,,,,
campaign_e_in,in_n70000_rho1.0_near-ties_seed2.pcf,dhpac,2,0,721037761,1816,1815,14628213401937544564,109620,23f703aa3bc9,2026-08-28T19:45:44Z,70000,69999,1,,,,,,,,,,,,,,,,,
campaign_e_in,in_n70000_rho1.0_near-ties_seed3.pcf,dhpac,0,0,620724128,1786,1785,11853694687746576721,67360,23f703aa3bc9,2026-08-28T19:45:44Z,70000,69999,1,,,,,,,,,,,,,,,,,
campaign_e_in,in_n70000_rho1.0_near-ties_seed3.pcf,dhpac,1,0,623161281,1786,1785,11853694687746576721,102984,23f703aa3bc9,2026-08-28T19:45:45Z,70000,69999,1,,,,,,,,,,,,,,,,,
campaign_e_in,in_n70000_rho1.0_near-ties_seed3.pcf,dhpac,2,0,621911801,1786,1785,11853694687746576721,103700,23f703aa3bc9,2026-08-28T19:45:46Z,70000,69999,1,,,,,,,,,,,,,,,,,
campaign_e_in,in_n70000_rho1.0_near-ties_seed4.pcf,dhpac,0,0,604168597,1826,1825,5171910631713682256,67364,23f703aa3bc9,2026-08-28T19:45:46Z,70000,69999,1,,,,,,,,,,,,,,,,,
campaign_e_in,in_n70000_rho1.0_near-ties_seed4.pcf,dhpac,1,0,603364046,1826,1825,5171910631713682256,101228,23f703aa3bc9,2026-08-28T19:45:47Z,70000,69999,1,,,,,,,,,,,,,,,,,
campaign_e_in,in_n70000_rho1.0_near-ties_seed4.pcf,dhpac,2,0,601759027,1826,1825,5171910631713682256,101952,23f703aa3bc9,2026-08-28T19:45:48Z,70000,69999,1,,,,,,,,,,,,,,,,,
campaign_e_in,in_n700_rho0.6_anti-correlated_seed0.pcf,dhpac,0,0,532281,478,477,6789141003010172679,20320,23f703aa3bc9,2026-08-28T19:45:48Z,700,429,271,,,,,,,,,,,,,,,,,
campaign_e_in,in_n700_rho0.6_anti-correlated_seed0.pcf,dhpac,1,0,476657,478,477,6789141003010172679,20320,23f703aa3bc9,2026-08-28T19:45:48Z,700,429,271,,,,,,,,,,,,,,,,,
campaign_e_in,in_n700_rho0.6_anti-correlated_seed0.pcf,dhpac,2,0,475032,478,477,6789141003010172679,20320,23f703aa3bc9,2026-08-28T19:45:48Z,700,429,271,,,,,,,,,,,,,,,,,
campaign_e_in,in_n700_rho0.6_anti-correlated_seed1.pcf,dhpac,0,0,602259,472,471,17151718846423818673,20320,23f703aa3bc9,2026-08-28T19:45:48Z,700,437,263,,,,,,,,,,,,,,,,,
campaign_e_in,in_n700_rho0.6_anti-correlated_seed1.pcf,dhpac,1,0,558467,472,471,17151718846423818673,20320,23f703aa3bc9,2026-08-28T19:45:48Z,700,437,263,,,,,,,,,,,,,,,,,
campaign_e_in,in_n700_rho0.6_anti-correlated_seed1.pcf,dhpac,2,0,550678,472,471,17151718846423818673,20320,23f703aa3bc9,2026-08-28T19:45:48Z,700,437,263,,,,,,,,,,,,,,,,,
campaign_e_in,in_n700_rho0.6_anti-correlated_seed2.pcf,dhpac,0,0,569060,498,497,4820220476137104369,20320,23f703aa3bc9,2026-08-28T19:45:48Z,700,408,292,,,,,,,,,,,,,,,,,
campaign_e_in,in_n700_rho0.6_anti-correlated_seed2.pcf,dhpac,1,0,487701,498,497,4820220476137104369,20320,23f703aa3bc9,2026-08-28T19:45:48Z,700,408,292,,,,,,,,,,,,,,,,,
campaign_e_in,in_n700_rho0.6_anti-correlated_seed2.pcf,dhpac,2,0,559869,498,497,4820220476137104369,20320,23f703aa3bc9,2026-08-28T19:45:48Z,700,408,292,,,,,,,,,,,,,,,,,
campaign_e_in,in_n700_rho0.6_anti-correlated_seed3.pcf,dhpac,0,0,580456,474,473,13646377737003264085,20320,23f703aa3bc9,2026-08-28T19:45:48Z,700,445,255,,,,,,,,,,,,,,,,,
campaign_e_in,in_n700_rho0.6_anti-correlated_seed3.pcf,dhpac,1,0,604884,474,473,13646377737003264085,20320,23f703aa3bc9,2026-08-28T19:45:48Z,700,445,255,,,,,,,,,,,,,,,,,
campaign_e_in,in_n700_rho0.6_anti-correlated_seed3.pcf,dhpac,2,0,533585,474,473,13646377737003264085,20320,23f703aa3bc9,2026-08-28T19:45:48Z,700,445,255,,,,,,,,,,,,,,,,,
campaign_e_in,in_n700_rho0.6_anti-correlated_seed4.pcf,dhpac,0,0,544067,509,508,16820158525262454588,20320,23f703aa3bc9,2026-08-28T19:45:48Z,700,413,287,,,,,,,,,,,,,,,,,
campaign_e_in,in_n700_rho0.6_anti-correlated_seed4.pcf,dhpac,1,0,494817,509,508,16820158525262454588,20320,23f703aa3bc9,2026-08-28T19:45:48Z,700,413,287,,,,,,,,,,,,,,,,,
campaign_e_in,in_n700_rho0.6_anti-correlated_seed4.pcf,dhpac,2,0,481993,509,508,16820158525262454588,20320,23f703aa3bc9,2026-08-28T19:45:48Z,700,413,287,,,,,,,,,,,,,,,,,
campaign_e_in,in_n700_rho0.6_correlated_seed0.pcf,dhpac,0,0,517874,485,484,12139629161479319792,20320,23f703aa3bc9,2026-08-28T19:45:48Z,700,429,271,,,,,,,,,,,,,,,,,
campaign_e_in,in_n700_rho0.6_correlated_seed0.pcf,dhpac,1,0,476404,485,484,12139629161479319792,20320,23f703aa3bc9,2026-08-28T19:45:48Z,700,429,271,,,,,,,,,,,,,,,,,
campaign_e_in,in_n700_rho0.6_correlated_seed0.pcf,dhpac,2,0,514236,485,484,12139629161479319792,20320,23f703aa3bc9,2026-08-28T19:45:48Z,700,429,271,,,,,,,,,,,,,,,,,
campaign_e_in,in_n700_rho0.6_correlated_seed1.pcf,dhpac,0,0,602702,457,456,9018929754768759591,20320,23f703aa3bc9,2026-08-28T19:45:48Z,700,437,263,,,,,,,,,,,,,,,,,
campaign_e_in,in_n700_rho0.6_correlated_seed1.pcf,dhpac,1,0,555657,457,456,9018929754768759591,20320,23f703aa3bc9,2026-08-28T19:45:48Z,700,437,263,,,,,,,,,,,,,,,,,
campaign_e_in,in_n700_rho0.6_correlated_seed1.pcf,dhpac,2,0,605876,457,456,9018929754768759591,20320,23f703aa3bc9,2026-08-28T19:45:48Z,700,437,263,,,,,,,,,,,,,,,,,
campaign_e_in,in_n700_rho0.6_correlated_seed2.pcf,dhpac,0,0,548778,492,491,9719709671951335615,20320,23f703aa3bc9,2026-08-28T19:45:48Z,700,408,292,,,,,,,,,,,,,,,,,
campaign_e_in,in_n700_rho0.6_correlated_seed2.pcf,dhpac,1,0,539441,492,491,9719709671951335615,20320,23f703aa3bc9,2026-08-28T19:45:48Z,700,408,292,,,,,,,,,,,,,,,,,
campaign_e_in,in_n700_rho0.6_correlated_seed2.pcf,dhpac,2,0,474077,492,491,9719709671951335615,20320,23f703aa3bc9,2026-08-28T19:45:48Z,700,408,292,,,,,,,,,,,,,,,,,
campaign_e_in,in_n700_rho0.6_correlated_seed3.pcf,dhpac,0,0,562411,460,459,9660735557237888085,20320,23f703aa3bc9,2026-08-28T19:45:48Z,700,445,255,,,,,,,,,,,,,,,,,
campaign_e_in,in_n700_rho0.6_correlated_seed3.pcf,dhpac,1,0,575831,460,459,9660735557237888085,20320,23f703aa3bc9,2026-08-28T19:45:48Z,700,445,255,,,,,,,,,,,,,,,,,
campaign_e_in,in_n700_rho0.6_correlated_seed3.pcf,dhpac,2,0,527840,460,459,9660735557237888085,20320,23f703aa3bc9,2026-08-28T19:45:48Z,700,445,255,,,,,,,,,,,,,,,,,
campaign_e_in,in_n700_rho0.6_correlated_seed4.pcf,dhpac,0,0,584266,483,482,188107854967218915,20320,23f703aa3bc9,2026-08-28T19:45:48Z,700,413,287,,,,,,,,,,,,,,,,,
campaign_e_in,in_n700_rho0.6_correlated_seed4.pcf,dhpac,1,0,484215,483,482,188107854967218915,20320,23f703aa3bc9,2026-08-28T19:45:48Z,700,413,287,,,,,,,,,,,,,,,,,
campaign_e_in,in_n700_rho0.6_correlated_seed4.pcf,dhpac,2,0,472722,483,482,188107854967218915,20320,23f703aa3bc9,2026-08-28T19:45:48Z,700,413,287,,,,,,,,,,,,,,,,,
campaign_e_in,in_n700_rho0.6_exact-ties_seed0.pcf,dhpac,0,0,626819,133,132,15513250095831022458,20320,23f703aa3bc9,2026-08-28T19:45:48Z,700,438,262,,,,,,,,,,,,,,,,,
campaign_e_in,in_n700_rho0.6_exact-ties_seed0.pcf,dhpac,1,0,512238,133,132,15513250095831022458,20320,23f703aa3bc9,2026-08-28T19:45:48Z,700,438,262,,,,,,,,,,,,,,,,,
campaign_e_in,in_n700_rho0.6_exact-ties_seed0.pcf,dhpac,2,0,525795,133,132,15513250095831022458,20320,23f703aa3bc9,2026-08-28T19:45:48Z,700,438,262,,,,,,,,,,,,,,,,,
campaign_e_in,in_n700_rho0.6_exact-ties_seed1.pcf,dhpac,0,0,518316,139,138,2006537413706270617,20320,23f703aa3bc9,2026-08-28T19:45:48Z,700,431,269,,,,,,,,,,,,,,,,,
campaign_e_in,in_n700_rho0.6_exact-ties_seed1.pcf,dhpac,1,0,483975,139,138,2006537413706270617,20320,23f703aa3bc9,2026-08-28T19:45:48Z,700,431,269,,,,,,,,,,,,,,,,,
campaign_e_in,in_n700_rho0.6_exact-ties_seed1.pcf,dhpac,2,0,482076,139,138,2006537413706270617,20320,23f703aa3bc9,2026-08-28T19:45:48Z,700,431,269,,,,,,,,,,,,,,,,,
campaign_e_in,in_n700_rho0.6_exact-ties_seed2.pcf,dhpac,0,0,445358,135,134,1763666572494887953,20480,23f703aa3bc9,2026-08-28T19:45:48Z,700,410,290,,,,,,,,,,,,,,,,,
campaign_e_in,in_n700_rho0.6_exact-ties_seed2.pcf,dhpac,1,0,420135,135,134,1763666572494887953,20480,23f703aa3bc9,2026-08-28T19:45:48Z,700,410,290,,,,,,,,,,,,,,,,,
campaign_e_in,in_n700_rho0.6_exact-ties_seed2.pcf,dhpac,2,0,455538,135,134,1763666572494887953,20480,23f703aa3bc9,2026-08-28T19:45:48Z,700,410,290,,,,,,,,,,,,,,,,,
campaign_e_in,in_n700_rho0.6_exact-ties_seed3.pcf,dhpac,0,0,502482,137,136,12449146824291798695,20480,23f703aa3bc9,2026-08-28T19:45:48Z,700,443,257,,,,,,,,,,,,,,,,,
campaign_e_in,in_n700_rho0.6_exact-ties_seed3.pcf,dhpac,1,0,465387,137,136,12449146824291798695,20480,23f703aa3bc9,2026-08-28T19:45:48Z,700,443,257,,,,,,,,,,,,,,,,,
campaign_e_in,in_n700_rho0.6_exact-ties_seed3.pcf,dhpac,2,0,512463,137,136,12449146824291798695,20480,23f703aa3bc9,2026-08-28T19:45:48Z,700,443,257,,,,,,,,,,,,,,,,,
campaign_e_in,in_n700_rho0.6_exact-ties_seed4.pcf,dhpac,0,0,438657,141,140,2057010647803410468,20480,23f703aa3bc9,2026-08-28T19:45:48Z,700,409,291,,,,,,,,,,,,,,,,,
campaign_e_in,in_n700_rho0.6_exact-ties_seed4.pcf,dhpac,1,0,400695,141,140,2057010647803410468,20480,23f703aa3bc9,2026-08-28T19:45:48Z,700,409,291,,,,,,,,,,,,,,,,,
campaign_e_in,in_n700_rho0.6_exact-ties_seed4.pcf,dhpac,2,0,406349,141,140,2057010647803410468,20480,23f703aa3bc9,2026-08-28T19:45:48Z,700,409,291,,,,,,,,,,,,,,,,,
campaign_e_in,in_n700_rho0.6_independent-positive_seed0.pcf,dhpac,0,0,650500,489,488,6772093043541095243,20480,23f703aa3bc9,2026-08-28T19:45:48Z,700,436,264,,,,,,,,,,,,,,,,,
campaign_e_in,in_n700_rho0.6_independent-positive_seed0.pcf,dhpac,1,0,603921,489,488,6772093043541095243,20480,23f703aa3bc9,2026-08-28T19:45:48Z,700,436,264,,,,,,,,,,,,,,,,,
campaign_e_in,in_n700_rho0.6_independent-positive_seed0.pcf,dhpac,2,0,646605,489,488,6772093043541095243,20480,23f703aa3bc9,2026-08-28T19:45:48Z,700,436,264,,,,,,,,,,,,,,,,,
campaign_e_in,in_n700_rho0.6_independent-positive_seed1.pcf,dhpac,0,0,584214,482,481,3053495868348537674,20480,23f703aa3bc9,2026-08-28T19:45:48Z,700,435,265,,,,,,,,,,,,,,,,,
campaign_e_in,in_n700_rho0.6_independent-positive_seed1.pcf,dhpac,1,0,536374,482,481,3053495868348537674,20480,23f703aa3bc9,2026-08-28T19:45:48Z,700,435,265,,,,,,,,,,,,,,,,,
campaign_e_in,in_n700_rho0.6_independent-positive_seed1.pcf,dhpac,2,0,542895,482,481,3053495868348537674,20480,23f703aa3bc9,2026-08-28T19:45:48Z,700,435,265,,,,,,,,,,,,,,,,,
campaign_e_in,in_n700_rho0.6_independent-positive_seed2.pcf,dhpac,0,0,557732,488,487,6974772626875553566,20480,23f703aa3bc9,2026-08-28T19:45:48Z,700,417,283,,,,,,,,,,,,,,,,,
campaign_e_in,in_n700_rho0.6_independent-positive_seed2.pcf,dhpac,1,0,512581,488,487,6974772626875553566,20480,23f703aa3bc9,2026-08-28T19:45:48Z,700,417,283,,,,,,,,,,,,,,,,,
campaign_e_in,in_n700_rho0.6_independent-positive_seed2.pcf,dhpac,2,0,495665,488,487,6974772626875553566,20480,23f703aa3bc9,2026-08-28T19:45:48Z,700,417,283,,,,,,,,,,,,,,,,,
campaign_e_in,in_n700_rho0.6_independent-positive_seed3.pcf,dhpac,0,0,548552,486,485,9111964088801782166,20480,23f703aa3bc9,2026-08-28T19:45:48Z,700,426,274,,,,,,,,,,,,,,,,,
campaign_e_in,in_n700_rho0.6_independent-positive_seed3.pcf,dhpac,1,0,505084,486,485,9111964088801782166,20480,23f703aa3bc9,2026-08-28T19:45:48Z,700,426,274,,,,,,,,,,,,,,,,,
campaign_e_in,in_n700_rho0.6_independent-positive_seed3.pcf,dhpac,2,0,503682,486,485,9111964088801782166,20480,23f703aa3bc9,2026-08-28T19:45:48Z,700,426,274,,,,,,,,,,,,,,,,,
campaign_e_in,in_n700_rho0.6_independent-positive_seed4.pcf,dhpac,0,0,439806,498,497,5773765899078191266,20480,23f703aa3bc9,2026-08-28T19:45:48Z,700,404,296,,,,,,,,,,,,,,,,,
campaign_e_in,in_n700_rho0.6_independent-positive_seed4.pcf,dhpac,1,0,398979,498,497,5773765899078191266,20480,23f703aa3bc9,2026-08-28T19:45:48Z,700,404,296,,,,,,,,,,,,,,,,,
campaign_e_in,in_n700_rho0.6_independent-positive_seed4.pcf,dhpac,2,0,385765,498,497,5773765899078191266,20480,23f703aa3bc9,2026-08-28T19:45:48Z,700,404,296,,,,,,,,,,,,,,,,,
campaign_e_in,in_n700_rho0.6_independent-signed_seed0.pcf,dhpac,0,0,700800,483,482,587573295373546950,20480,23f703aa3bc9,2026-08-28T19:45:48Z,700,436,264,,,,,,,,,,,,,,,,,
campaign_e_in,in_n700_rho0.6_independent-signed_seed0.pcf,dhpac,1,0,599803,483,482,587573295373546950,20480,23f703aa3bc9,2026-08-28T19:45:48Z,700,436,264,,,,,,,,,,,,,,,,,
campaign_e_in,in_n700_rho0.6_independent-signed_seed0.pcf,dhpac,2,0,594416,483,482,587573295373546950,20480,23f703aa3bc9,2026-08-28T19:45:48Z,700,436,264,,,,,,,,,,,,,,,,,
campaign_e_in,in_n700_rho0.6_independent-signed_seed1.pcf,dhpac,0,0,596719,493,492,2897866419576133588,20480,23f703aa3bc9,2026-08-28T19:45:48Z,700,435,265,,,,,,,,,,,,,,,,,
campaign_e_in,in_n700_rho0.6_independent-signed_seed1.pcf,dhpac,1,0,545099,493,492,2897866419576133588,20480,23f703aa3bc9,2026-08-28T19:45:48Z,700,435,265,,,,,,,,,,,,,,,,,
campaign_e_in,in_n700_rho0.6_independent-signed_seed1.pcf,dhpac,2,0,525875,493,492,2897866419576133588,20480,23f703aa3bc9,2026-08-28T19:45:48Z,700,435,265,,,,,,,,,,,,,,,,,
campaign_e_in,in_n700_rho0.6_independent-signed_seed2.pcf,dhpac,0,0,549261,504,503,11334573119064994449,20480,23f703aa3bc9,2026-08-28T19:45:48Z,700,417,283,,,,,,,,,,,,,,,,,
campaign_e_in,in_n700_rho0.6_independent-signed_seed2.pcf,dhpac,1,0,507221,504,503,11334573119064994449,20480,23f703aa3bc9,2026-08-28T19:45:48Z,700,417,283,,,,,,,,,,,,,,,,,
campaign_e_in,in_n700_rho0.6_independent-signed_seed2.pcf,dhpac,2,0,496298,504,503,11334573119064994449,20480,23f703aa3bc9,2026-08-28T19:45:48Z,700,417,283,,,,,,,,,,,,,,,,,
campaign_e_in,in_n700_rho0.6_independent-signed_seed3.pcf,dhpac,0,0,529907,471,470,195616428575456649,20480,23f703aa3bc9,2026-08-28T19:45:48Z,700,426,274,,,,,,,,,,,,,,,,,
campaign_e_in,in_n700_rho0.6_independent-signed_seed3.pcf,dhpac,1,0,485059,471,470,195616428575456649,20480,23f703aa3bc9,2026-08-28T19:45:48Z,700,426,274,,,,,,,,,,,,,,,,,
campaign_e_in,in_n700_rho0.6_independent-signed_seed3.pcf,dhpac,2,0,486587,471,470,195616428575456649,20480,23f703aa3bc9,2026-08-28T19:45:48Z,700,426,274,,,,,,,,,,,,,,,,,
campaign_e_in,in_n700_rho0.6_independent-signed_seed4.pcf,dhpac,0,0,447419,500,499,9405396110236625205,20480,23f703aa3bc9,2026-08-28T19:45:48Z,700,405,295,,,,,,,,,,,,,,,,,
campaign_e_in,in_n700_rho0.6_independent-signed_seed4.pcf,dhpac,1,0,416998,500,499,9405396110236625205,20480,23f703aa3bc9,2026-08-28T19:45:48Z,700,405,295,,,,,,,,,,,,,,,,,
campaign_e_in,in_n700_rho0.6_independent-signed_seed4.pcf,dhpac,2,0,396899,500,499,9405396110236625205,20480,23f703aa3bc9,2026-08-28T19:45:48Z,700,405,295,,,,,,,,,,,,,,,,,
campaign_e_in,in_n700_rho0.6_near-ties_seed0.pcf,dhpac,0,0,439517,189,188,43677547379672078,20480,23f703aa3bc9,2026-08-28T19:45:48Z,700,419,281,,,,,,,,,,,,,,,,,
campaign_e_in,in_n700_rho0.6_near-ties_seed0.pcf,dhpac,1,0,406338,189,188,43677547379672078,20480,23f703aa3bc9,2026-08-28T19:45:48Z,700,419,281,,,,,,,,,,,,,,,,,
campaign_e_in,in_n700_rho0.6_near-ties_seed0.pcf,dhpac,2,0,407948,189,188,43677547379672078,20480,23f703aa3bc9,2026-08-28T19:45:48Z,700,419,281,,,,,,,,,,,,,,,,,
campaign_e_in,in_n700_rho0.6_near-ties_seed1.pcf,dhpac,0,0,535919,200,199,14166639780834392327,20480,23f703aa3bc9,2026-08-28T19:45:48Z,700,448,252,,,,,,,,,,,,,,,,,
campaign_e_in,in_n700_rho0.6_near-ties_seed1.pcf,dhpac,1,0,507370,200,199,14166639780834392327,20480,23f703aa3bc9,2026-08-28T19:45:48Z,700,448,252,,,,,,,,,,,,,,,,,
campaign_e_in,in_n700_rho0.6_near-ties_seed1.pcf,dhpac,2,0,483809,200,199,14166639780834392327,20480,23f703aa3bc9,2026-08-28T19:45:48Z,700,448,252,,,,,,,,,,,,,,,,,
campaign_e_in,in_n700_rho0.6_near-ties_seed2.pcf,dhpac,0,0,456252,195,194,17089893817264010311,20480,23f703aa3bc9,2026-08-28T19:45:48Z,700,422,278,,,,,,,,,,,,,,,,,
campaign_e_in,in_n700_rho0.6_near-ties_seed2.pcf,dhpac,1,0,437403,195,194,17089893817264010311,20480,23f703aa3bc9,2026-08-28T19:45:48Z,700,422,278,,,,,,,,,,,,,,,,,
campaign_e_in,in_n700_rho0.6_near-ties_seed2.pcf,dhpac,2,0,412053,195,194,17089893817264010311,20480,23f703aa3bc9,2026-08-28T19:45:48Z,700,422,278,,,,,,,,,,,,,,,,,
campaign_e_in,in_n700_rho0.6_near-ties_seed3.pcf,dhpac,0,0,543180,188,187,1717955879006548637,20480,23f703aa3bc9,2026-08-28T19:45:48Z,700,434,266,,,,,,,,,,,,,,,,,
campaign_e_in,in_n700_rho0.6_near-ties_seed3.pcf,dhpac,1,0,521567,188,187,1717955879006548637,20480,23f703aa3bc9,2026-08-28T19:45:48Z,700,434,266,,,,,,,,,,,,,,,,,
campaign_e_in,in_n700_rho0.6_near-ties_seed3.pcf,dhpac,2,0,505475,188,187,1717955879006548637,20480,23f703aa3bc9,2026-08-28T19:45:48Z,700,434,266,,,,,,,,,,,,,,,,,
campaign_e_in,in_n700_rho0.6_near-ties_seed4.pcf,dhpac,0,0,476121,190,189,17440831228442060683,20480,23f703aa3bc9,2026-08-28T19:45:48Z,700,419,281,,,,,,,,,,,,,,,,,
campaign_e_in,in_n700_rho0.6_near-ties_seed4.pcf,dhpac,1,0,461297,190,189,17440831228442060683,20480,23f703aa3bc9,2026-08-28T19:45:48Z,700,419,281,,,,,,,,,,,,,,,,,
campaign_e_in,in_n700_rho0.6_near-ties_seed4.pcf,dhpac,2,0,441264,190,189,17440831228442060683,20480,23f703aa3bc9,2026-08-28T19:45:48Z,700,419,281,,,,,,,,,,,,,,,,,
campaign_e_in,in_n700_rho1.0_anti-correlated_seed0.pcf,dhpac,0,0,2014297,343,342,13485942521501062814,20480,23f703aa3bc9,2026-08-28T19:45:48Z,700,699,1,,,,,,,,,,,,,,,,,
campaign_e_in,in_n700_rho1.0_anti-correlated_seed0.pcf,dhpac,1,0,1996573,343,342,13485942521501062814,20480,23f703aa3bc9,2026-08-28T19:45:48Z,700,699,1,,,,,,,,,,,,,,,,,
campaign_e_in,in_n700_rho1.0_anti-correlated_seed0.pcf,dhpac,2,0,1944888,343,342,13485942521501062814,20480,23f703aa3bc9,2026-08-28T19:45:48Z,700,699,1,,,,,,,,,,,,,,,,,
campaign_e_in,in_n700_rho1.0_anti-correlated_seed1.pcf,dhpac,0,0,1988938,345,344,1108720896206425664,20640,23f703aa3bc9,2026-08-28T19:45:48Z,700,699,1,,,,,,,,,,,,,,,,,
campaign_e_in,in_n700_rho1.0_anti-correlated_seed1.pcf,dhpac,1,0,1950876,345,344,1108720896206425664,20640,23f703aa3bc9,2026-08-28T19:45:48Z,700,699,1,,,,,,,,,,,,,,,,,
campaign_e_in,in_n700_rho1.0_anti-correlated_seed1.pcf,dhpac,2,0,1931554,345,344,1108720896206425664,20640,23f703aa3bc9,2026-08-28T19:45:48Z,700,699,1,,,,,,,,,,,,,,,,,
campaign_e_in,in_n700_rho1.0_anti-correlated_seed2.pcf,dhpac,0,0,2316824,334,333,10674853484715471112,20640,23f703aa3bc9,2026-08-28T19:45:48Z,700,699,1,,,,,,,,,,,,,,,,,
campaign_e_in,in_n700_rho1.0_anti-correlated_seed2.pcf,dhpac,1,0,2285974,334,333,10674853484715471112,20640,23f703aa3bc9,2026-08-28T19:45:48Z,700,699,1,,,,,,,,,,,,,,,,,
campaign_e_in,in_n700_rho1.0_anti-correlated_seed2.pcf,dhpac,2,0,2247075,334,333,10674853484715471112,20640,23f703aa3bc9,2026-08-28T19:45:48Z,700,699,1,,,,,,,,,,,,,,,,,
campaign_e_in,in_n700_rho1.0_anti-correlated_seed3.pcf,dhpac,0,0,2317679,349,348,7889329774913803777,20640,23f703aa3bc9,2026-08-28T19:45:48Z,700,699,1,,,,,,,,,,,,,,,,,
campaign_e_in,in_n700_rho1.0_anti-correlated_seed3.pcf,dhpac,1,0,2243446,349,348,7889329774913803777,20640,23f703aa3bc9,2026-08-28T19:45:48Z,700,699,1,,,,,,,,,,,,,,,,,
campaign_e_in,in_n700_rho1.0_anti-correlated_seed3.pcf,dhpac,2,0,2224439,349,348,7889329774913803777,20640,23f703aa3bc9,2026-08-28T19:45:48Z,700,699,1,,,,,,,,,,,,,,,,,
campaign_e_in,in_n700_rho1.0_anti-correlated_seed4.pcf,dhpac,0,0,2040032,346,345,10826268407905277284,20640,23f703aa3bc9,2026-08-28T19:45:48Z,700,699,1,,,,,,,,,,,,,,,,,
campaign_e_in,in_n700_rho1.0_anti-correlated_seed4.pcf,dhpac,1,0,1915710,346,345,10826268407905277284,20640,23f703aa3bc9,2026-08-28T19:45:48Z,700,699,1,,,,,,,,,,,,,,,,,
campaign_e_in,in_n700_rho1.0_anti-correlated_seed4.pcf,dhpac,2,0,1899864,346,345,10826268407905277284,20640,23f703aa3bc9,2026-08-28T19:45:48Z,700,699,1,,,,,,,,,,,,,,,,,
campaign_e_in,in_n700_rho1.0_correlated_seed0.pcf,dhpac,0,0,1990259,349,348,2273306177625772442,20640,23f703aa3bc9,2026-08-28T19:45:48Z,700,699,1,,,,,,,,,,,,,,,,,
campaign_e_in,in_n700_rho1.0_correlated_seed0.pcf,dhpac,1,0,1948124,349,348,2273306177625772442,20640,23f703aa3bc9,2026-08-28T19:45:48Z,700,699,1,,,,,,,,,,,,,,,,,
campaign_e_in,in_n700_rho1.0_correlated_seed0.pcf,dhpac,2,0,1919253,349,348,2273306177625772442,20640,23f703aa3bc9,2026-08-28T19:45:48Z,700,699,1,,,,,,,,,,,,,,,,,
campaign_e_in,in_n700_rho1.0_correlated_seed1.pcf,dhpac,0,0,1970271,362,361,9790690480057010127,20640,23f703aa3bc9,2026-08-28T19:45:48Z,700,699,1,,,,,,,,,,,,,,,,,
campaign_e_in,in_n700_rho1.0_correlated_seed1.pcf,dhpac,1,0,1909051,362,361,9790690480057010127,20640,23f703aa3bc9,2026-08-28T19:45:48Z,700,699,1,,,,,,,,,,,,,,,,,
campaign_e_in,in_n700_rho1.0_correlated_seed1.pcf,dhpac,2,0,1873797,362,361,9790690480057010127,20640,23f703aa3bc9,2026-08-28T19:45:48Z,700,699,1,,,,,,,,,,,,,,,,,
campaign_e_in,in_n700_rho1.0_correlated_seed2.pcf,dhpac,0,0,2681588,364,363,14082520371297561083,20640,23f703aa3bc9,2026-08-28T19:45:48Z,700,699,1,,,,,,,,,,,,,,,,,
campaign_e_in,in_n700_rho1.0_correlated_seed2.pcf,dhpac,1,0,2528130,364,363,14082520371297561083,20640,23f703aa3bc9,2026-08-28T19:45:48Z,700,699,1,,,,,,,,,,,,,,,,,
campaign_e_in,in_n700_rho1.0_correlated_seed2.pcf,dhpac,2,0,2496329,364,363,14082520371297561083,20640,23f703aa3bc9,2026-08-28T19:45:48Z,700,699,1,,,,,,,,,,,,,,,,,
campaign_e_in,in_n700_rho1.0_correlated_seed3.pcf,dhpac,0,0,2299792,349,348,13034240753110760307,20640,23f703aa3bc9,2026-08-28T19:45:48Z,700,699,1,,,,,,,,,,,,,,,,,
campaign_e_in,in_n700_rho1.0_correlated_seed3.pcf,dhpac,1,0,2201273,349,348,13034240753110760307,20640,23f703aa3bc9,2026-08-28T19:45:48Z,700,699,1,,,,,,,,,,,,,,,,,
campaign_e_in,in_n700_rho1.0_correlated_seed3.pcf,dhpac,2,0,2203203,349,348,13034240753110760307,20640,23f703aa3bc9,2026-08-28T19:45:48Z,700,699,1,,,,,,,,,,,,,,,,,
campaign_e_in,in_n700_rho1.0_correlated_seed4.pcf,dhpac,0,0,1988350,372,371,13732835941582360365,20640,23f703aa3bc9,2026-08-28T19:45:48Z,700,699,1,,,,,,,,,,,,,,,,,
campaign_e_in,in_n700_rho1.0_correlated_seed4.pcf,dhpac,1,0,1955706,372,371,13732835941582360365,20640,23f703aa3bc9,2026-08-28T19:45:48Z,700,699,1,,,,,,,,,,,,,,,,,
campaign_e_in,in_n700_rho1.0_correlated_seed4.pcf,dhpac,2,0,1938022,372,371,13732835941582360365,20640,23f703aa3bc9,2026-08-28T19:45:48Z,700,699,1,,,,,,,,,,,,,,,,,
campaign_e_in,in_n700_rho1.0_exact-ties_seed0.pcf,dhpac,0,0,1948976,159,158,11057293572881670305,20640,23f703aa3bc9,2026-08-28T19:45:48Z,700,699,1,,,,,,,,,,,,,,,,,
campaign_e_in,in_n700_rho1.0_exact-ties_seed0.pcf,dhpac,1,0,1868302,159,158,11057293572881670305,20640,23f703aa3bc9,2026-08-28T19:45:48Z,700,699,1,,,,,,,,,,,,,,,,,
campaign_e_in,in_n700_rho1.0_exact-ties_seed0.pcf,dhpac,2,0,1847213,159,158,11057293572881670305,20640,23f703aa3bc9,2026-08-28T19:45:48Z,700,699,1,,,,,,,,,,,,,,,,,
campaign_e_in,in_n700_rho1.0_exact-ties_seed1.pcf,dhpac,0,0,1863820,135,134,15636937532984433781,20640,23f703aa3bc9,2026-08-28T19:45:48Z,700,699,1,,,,,,,,,,,,,,,,,
campaign_e_in,in_n700_rho1.0_exact-ties_seed1.pcf,dhpac,1,0,1839794,135,134,15636937532984433781,20640,23f703aa3bc9,2026-08-28T19:45:48Z,700,699,1,,,,,,,,,,,,,,,,,
campaign_e_in,in_n700_rho1.0_exact-ties_seed1.pcf,dhpac,2,0,1843155,135,134,15636937532984433781,20640,23f703aa3bc9,2026-08-28T19:45:48Z,700,699,1,,,,,,,,,,,,,,,,,
campaign_e_in,in_n700_rho1.0_exact-ties_seed2.pcf,dhpac,0,0,2266716,137,136,15277517682042235870,20640,23f703aa3bc9,2026-08-28T19:45:48Z,700,699,1,,,,,,,,,,,,,,,,,
campaign_e_in,in_n700_rho1.0_exact-ties_seed2.pcf,dhpac,1,0,2248105,137,136,15277517682042235870,20640,23f703aa3bc9,2026-08-28T19:45:48Z,700,699,1,,,,,,,,,,,,,,,,,
campaign_e_in,in_n700_rho1.0_exact-ties_seed2.pcf,dhpac,2,0,2219054,137,136,15277517682042235870,20640,23f703aa3bc9,2026-08-28T19:45:48Z,700,699,1,,,,,,,,,,,,,,,,,
campaign_e_in,in_n700_rho1.0_exact-ties_seed3.pcf,dhpac,0,0,1845907,159,158,11332114051978567247,20640,23f703aa3bc9,2026-08-28T19:45:48Z,700,699,1,,,,,,,,,,,,,,,,,
campaign_e_in,in_n700_rho1.0_exact-ties_seed3.pcf,dhpac,1,0,1761281,159,158,11332114051978567247,20640,23f703aa3bc9,2026-08-28T19:45:48Z,700,699,1,,,,,,,,,,,,,,,,,
campaign_e_in,in_n700_rho1.0_exact-ties_seed3.pcf,dhpac,2,0,1753934,159,158,11332114051978567247,20640,23f703aa3bc9,2026-08-28T19:45:48Z,700,699,1,,,,,,,,,,,,,,,,,
campaign_e_in,in_n700_rho1.0_exact-ties_seed4.pcf,dhpac,0,0,1908459,146,145,17455737932565632873,20640,23f703aa3bc9,2026-08-28T19:45:48Z,700,699,1,,,,,,,,,,,,,,,,,
campaign_e_in,in_n700_rho1.0_exact-ties_seed4.pcf,dhpac,1,0,1899033,146,145,17455737932565632873,20640,23f703aa3bc9,2026-08-28T19:45:48Z,700,699,1,,,,,,,,,,,,,,,,,
campaign_e_in,in_n700_rho1.0_exact-ties_seed4.pcf,dhpac,2,0,1874707,146,145,17455737932565632873,20640,23f703aa3bc9,2026-08-28T19:45:48Z,700,699,1,,,,,,,,,,,,,,,,,
campaign_e_in,in_n700_rho1.0_independent-positive_seed0.pcf,dhpac,0,0,1981697,354,353,10343802969446880392,20640,23f703aa3bc9,2026-08-28T19:45:48Z,700,699,1,,,,,,,,,,,,,,,,,
campaign_e_in,in_n700_rho1.0_independent-positive_seed0.pcf,dhpac,1,0,1954802,354,353,10343802969446880392,20640,23f703aa3bc9,2026-08-28T19:45:48Z,700,699,1,,,,,,,,,,,,,,,,,
campaign_e_in,in_n700_rho1.0_independent-positive_seed0.pcf,dhpac,2,0,1922472,354,353,10343802969446880392,20640,23f703aa3bc9,2026-08-28T19:45:48Z,700,699,1,,,,,,,,,,,,,,,,,
campaign_e_in,in_n700_rho1.0_independent-positive_seed1.pcf,dhpac,0,0,2192873,339,338,8297961114801265298,20640,23f703aa3bc9,2026-08-28T19:45:48Z,700,699,1,,,,,,,,,,,,,,,,,
campaign_e_in,in_n700_rho1.0_independent-positive_seed1.pcf,dhpac,1,0,2089850,339,338,8297961114801265298,20640,23f703aa3bc9,2026-08-28T19:45:48Z,700,699,1,,,,,,,,,,,,,,,,,
campaign_e_in,in_n700_rho1.0_independent-positive_seed1.pcf,dhpac,2,0,2082775,339,338,8297961114801265298,20640,23f703aa3bc9,2026-08-28T19:45:48Z,700,699,1,,,,,,,,,,,,,,,,,
campaign_e_in,in_n700_rho1.0_independent-positive_seed2.pcf,dhpac,0,0,2181798,347,346,17006811177104794615,20640,23f703aa3bc9,2026-08-28T19:45:48Z,700,699,1,,,,,,,,,,,,,,,,,
campaign_e_in,in_n700_rho1.0_independent-positive_seed2.pcf,dhpac,1,0,2092597,347,346,17006811177104794615,20640,23f703aa3bc9,2026-08-28T19:45:48Z,700,699,1,,,,,,,,,,,,,,,,,
campaign_e_in,in_n700_rho1.0_independent-positive_seed2.pcf,dhpac,2,0,2077366,347,346,17006811177104794615,20640,23f703aa3bc9,2026-08-28T19:45:48Z,700,699,1,,,,,,,,,,,,,,,,,
campaign_e_in,in_n700_rho1.0_independent-positive_seed3.pcf,dhpac,0,0,1939012,367,366,8574653954436957418,20640,23f703aa3bc9,2026-08-28T19:45:48Z,700,699,1,,,,,,,,,,,,,,,,,
campaign_e_in,in_n700_rho1.0_independent-positive_seed3.pcf,dhpac,1,0,1907348,367,366,8574653954436957418,20640,23f703aa3bc9,2026-08-28T19:45:48Z,700,699,1,,,,,,,,,,,,,,,,,
campaign_e_in,in_n700_rho1.0_independent-positive_seed3.pcf,dhpac,2,0,1879004,367,366,8574653954436957418,20640,23f703aa3bc9,2026-08-28T19:45:48Z,700,699,1,,,,,,,,,,,,,,,,,
campaign_e_in,in_n700_rho1.0_independent-positive_seed4.pcf,dhpac,0,0,2172874,357,356,13523566301429951921,20640,23f703aa3bc9,2026-08-28T19:45:48Z,700,699,1,,,,,,,,,,,,,,,,,
campaign_e_in,in_n700_rho1.0_independent-positive_seed4.pcf,dhpac,1,0,2136558,357,356,13523566301429951921,20640,23f703aa3bc9,2026-08-28T19:45:48Z,700,699,1,,,,,,,,,,,,,,,,,
campaign_e_in,in_n700_rho1.0_independent-positive_seed4.pcf,dhpac,2,0,2140538,357,356,13523566301429951921,20640,23f703aa3bc9,2026-08-28T19:45:48Z,700,699,1,,,,,,,,,,,,,,,,,
campaign_e_in,in_n700_rho1.0_independent-signed_seed0.pcf,dhpac,0,0,1988956,352,351,12257441246618988843,20640,23f703aa3bc9,2026-08-28T19:45:48Z,700,699,1,,,,,,,,,,,,,,,,,
campaign_e_in,in_n700_rho1.0_independent-signed_seed0.pcf,dhpac,1,0,1896460,352,351,12257441246618988843,20640,23f703aa3bc9,2026-08-28T19:45:48Z,700,699,1,,,,,,,,,,,,,,,,,
campaign_e_in,in_n700_rho1.0_independent-signed_seed0.pcf,dhpac,2,0,1893816,352,351,12257441246618988843,20640,23f703aa3bc9,2026-08-28T19:45:48Z,700,699,1,,,,,,,,,,,,,,,,,
campaign_e_in,in_n700_rho1.0_independent-signed_seed1.pcf,dhpac,0,0,2288916,346,345,3841074668023942590,20640,23f703aa3bc9,2026-08-28T19:45:48Z,700,699,1,,,,,,,,,,,,,,,,,
campaign_e_in,in_n700_rho1.0_independent-signed_seed1.pcf,dhpac,1,0,2176920,346,345,3841074668023942590,20640,23f703aa3bc9,2026-08-28T19:45:48Z,700,699,1,,,,,,,,,,,,,,,,,
campaign_e_in,in_n700_rho1.0_independent-signed_seed1.pcf,dhpac,2,0,2148931,346,345,3841074668023942590,20640,23f703aa3bc9,2026-08-28T19:45:48Z,700,699,1,,,,,,,,,,,,,,,,,
campaign_e_in,in_n700_rho1.0_independent-signed_seed2.pcf,dhpac,0,0,2231984,353,352,14040832035997143364,20800,23f703aa3bc9,2026-08-28T19:45:48Z,700,699,1,,,,,,,,,,,,,,,,,
campaign_e_in,in_n700_rho1.0_independent-signed_seed2.pcf,dhpac,1,0,2152011,353,352,14040832035997143364,20800,23f703aa3bc9,2026-08-28T19:45:48Z,700,699,1,,,,,,,,,,,,,,,,,
campaign_e_in,in_n700_rho1.0_independent-signed_seed2.pcf,dhpac,2,0,2112943,353,352,14040832035997143364,20800,23f703aa3bc9,2026-08-28T19:45:48Z,700,699,1,,,,,,,,,,,,,,,,,
campaign_e_in,in_n700_rho1.0_independent-signed_seed3.pcf,dhpac,0,0,2061288,373,372,1877345774008462352,20800,23f703aa3bc9,2026-08-28T19:45:48Z,700,699,1,,,,,,,,,,,,,,,,,
campaign_e_in,in_n700_rho1.0_independent-signed_seed3.pcf,dhpac,1,0,1931209,373,372,1877345774008462352,20800,23f703aa3bc9,2026-08-28T19:45:48Z,700,699,1,,,,,,,,,,,,,,,,,
campaign_e_in,in_n700_rho1.0_independent-signed_seed3.pcf,dhpac,2,0,1917725,373,372,1877345774008462352,20800,23f703aa3bc9,2026-08-28T19:45:48Z,700,699,1,,,,,,,,,,,,,,,,,
campaign_e_in,in_n700_rho1.0_independent-signed_seed4.pcf,dhpac,0,0,2312204,375,374,15858637880811767807,20800,23f703aa3bc9,2026-08-28T19:45:48Z,700,699,1,,,,,,,,,,,,,,,,,
campaign_e_in,in_n700_rho1.0_independent-signed_seed4.pcf,dhpac,1,0,2191394,375,374,15858637880811767807,20800,23f703aa3bc9,2026-08-28T19:45:48Z,700,699,1,,,,,,,,,,,,,,,,,
campaign_e_in,in_n700_rho1.0_independent-signed_seed4.pcf,dhpac,2,0,2159109,375,374,15858637880811767807,20800,23f703aa3bc9,2026-08-28T19:45:48Z,700,699,1,,,,,,,,,,,,,,,,,
campaign_e_in,in_n700_rho1.0_near-ties_seed0.pcf,dhpac,0,0,1909815,175,174,3376507662584370004,20800,23f703aa3bc9,2026-08-28T19:45:48Z,700,699,1,,,,,,,,,,,,,,,,,
campaign_e_in,in_n700_rho1.0_near-ties_seed0.pcf,dhpac,1,0,1883054,175,174,3376507662584370004,20800,23f703aa3bc9,2026-08-28T19:45:48Z,700,699,1,,,,,,,,,,,,,,,,,
campaign_e_in,in_n700_rho1.0_near-ties_seed0.pcf,dhpac,2,0,1861697,175,174,3376507662584370004,20800,23f703aa3bc9,2026-08-28T19:45:48Z,700,699,1,,,,,,,,,,,,,,,,,
campaign_e_in,in_n700_rho1.0_near-ties_seed1.pcf,dhpac,0,0,2139975,159,158,14795970538722474647,20800,23f703aa3bc9,2026-08-28T19:45:48Z,700,699,1,,,,,,,,,,,,,,,,,
campaign_e_in,in_n700_rho1.0_near-ties_seed1.pcf,dhpac,1,0,2041711,159,158,14795970538722474647,20800,23f703aa3bc9,2026-08-28T19:45:48Z,700,699,1,,,,,,,,,,,,,,,,,
campaign_e_in,in_n700_rho1.0_near-ties_seed1.pcf,dhpac,2,0,2214369,159,158,14795970538722474647,20800,23f703aa3bc9,2026-08-28T19:45:48Z,700,699,1,,,,,,,,,,,,,,,,,
campaign_e_in,in_n700_rho1.0_near-ties_seed2.pcf,dhpac,0,0,1957545,183,182,5524798615110439545,20800,23f703aa3bc9,2026-08-28T19:45:48Z,700,699,1,,,,,,,,,,,,,,,,,
campaign_e_in,in_n700_rho1.0_near-ties_seed2.pcf,dhpac,1,0,1848873,183,182,5524798615110439545,20800,23f703aa3bc9,2026-08-28T19:45:48Z,700,699,1,,,,,,,,,,,,,,,,,
campaign_e_in,in_n700_rho1.0_near-ties_seed2.pcf,dhpac,2,0,1822873,183,182,5524798615110439545,20800,23f703aa3bc9,2026-08-28T19:45:48Z,700,699,1,,,,,,,,,,,,,,,,,
campaign_e_in,in_n700_rho1.0_near-ties_seed3.pcf,dhpac,0,0,1876630,172,171,5130149074401207482,20800,23f703aa3bc9,2026-08-28T19:45:48Z,700,699,1,,,,,,,,,,,,,,,,,
campaign_e_in,in_n700_rho1.0_near-ties_seed3.pcf,dhpac,1,0,1825438,172,171,5130149074401207482,20800,23f703aa3bc9,2026-08-28T19:45:48Z,700,699,1,,,,,,,,,,,,,,,,,
campaign_e_in,in_n700_rho1.0_near-ties_seed3.pcf,dhpac,2,0,1790524,172,171,5130149074401207482,20800,23f703aa3bc9,2026-08-28T19:45:48Z,700,699,1,,,,,,,,,,,,,,,,,
campaign_e_in,in_n700_rho1.0_near-ties_seed4.pcf,dhpac,0,0,1896653,175,174,2524659226152003965,20800,23f703aa3bc9,2026-08-28T19:45:48Z,700,699,1,,,,,,,,,,,,,,,,,
campaign_e_in,in_n700_rho1.0_near-ties_seed4.pcf,dhpac,1,0,1860747,175,174,2524659226152003965,20800,23f703aa3bc9,2026-08-28T19:45:48Z,700,699,1,,,,,,,,,,,,,,,,,
campaign_e_in,in_n700_rho1.0_near-ties_seed4.pcf,dhpac,2,0,1847165,175,174,2524659226152003965,20800,23f703aa3bc9,2026-08-28T19:45:48Z,700,699,1,,,,,,,,,,,,,,,,,
campaign_e_in,in_n80000_rho0.6_anti-correlated_seed0.pcf,dhpac,0,0,94269648,46059,46058,12220863685801672909,30224,23f703aa3bc9,2026-08-28T19:45:48Z,80000,48060,31940,,,,,,,,,,,,,,,,,
campaign_e_in,in_n80000_rho0.6_anti-correlated_seed0.pcf,dhpac,1,0,89960904,46059,46058,12220863685801672909,31660,23f703aa3bc9,2026-08-28T19:45:48Z,80000,48060,31940,,,,,,,,,,,,,,,,,
campaign_e_in,in_n80000_rho0.6_anti-correlated_seed0.pcf,dhpac,2,0,90825023,46059,46058,12220863685801672909,32684,23f703aa3bc9,2026-08-28T19:45:48Z,80000,48060,31940,,,,,,,,,,,,,,,,,
campaign_e_in,in_n80000_rho0.6_anti-correlated_seed1.pcf,dhpac,0,0,91781185,46090,46089,11786022536831416596,30120,23f703aa3bc9,2026-08-28T19:45:48Z,80000,48227,31773,,,,,,,,,,,,,,,,,
campaign_e_in,in_n80000_rho0.6_anti-correlated_seed1.pcf,dhpac,1,0,87741149,46090,46089,11786022536831416596,31672,23f703aa3bc9,2026-08-28T19:45:48Z,80000,48227,31773,,,,,,,,,,,,,,,,,
campaign_e_in,in_n80000_rho0.6_anti-correlated_seed1.pcf,dhpac,2,0,88657963,46090,46089,11786022536831416596,32092,23f703aa3bc9,2026-08-28T19:45:48Z,80000,48227,31773,,,,,,,,,,,,,,,,,
campaign_e_in,in_n80000_rho0.6_anti-correlated_seed2.pcf,dhpac,0,0,89373484,46138,46137,268994644444144975,29928,23f703aa3bc9,2026-08-28T19:45:49Z,80000,47962,32038,,,,,,,,,,,,,,,,,
campaign_e_in,in_n80000_rho0.6_anti-correlated_seed2.pcf,dhpac,1,0,85813140,46138,46137,268994644444144975,31512,23f703aa3bc9,2026-08-28T19:45:49Z,80000,47962,32038,,,,,,,,,,,,,,,,,
campaign_e_in,in_n80000_rho0.6_anti-correlated_seed2.pcf,dhpac,2,0,84411152,46138,46137,268994644444144975,32952,23f703aa3bc9,2026-08-28T19:45:49Z,80000,47962,32038,,,,,,,,,,,,,,,,,
campaign_e_in,in_n80000_rho0.6_anti-correlated_seed3.pcf,dhpac,0,0,90289028,46143,46142,4855566933116947876,30028,23f703aa3bc9,2026-08-28T19:45:49Z,80000,47994,32006,,,,,,,,,,,,,,,,,
campaign_e_in,in_n80000_rho0.6_anti-correlated_seed3.pcf,dhpac,1,0,85998938,46143,46142,4855566933116947876,31552,23f703aa3bc9,2026-08-28T19:45:49Z,80000,47994,32006,,,,,,,,,,,,,,,,,
campaign_e_in,in_n80000_rho0.6_anti-correlated_seed3.pcf,dhpac,2,0,84756762,46143,46142,4855566933116947876,33312,23f703aa3bc9,2026-08-28T19:45:49Z,80000,47994,32006,,,,,,,,,,,,,,,,,
campaign_e_in,in_n80000_rho0.6_anti-correlated_seed4.pcf,dhpac,0,0,88363846,46202,46201,9500127214510076960,29880,23f703aa3bc9,2026-08-28T19:45:49Z,80000,48049,31951,,,,,,,,,,,,,,,,,
campaign_e_in,in_n80000_rho0.6_anti-correlated_seed4.pcf,dhpac,1,0,84323511,46202,46201,9500127214510076960,31416,23f703aa3bc9,2026-08-28T19:45:49Z,80000,48049,31951,,,,,,,,,,,,,,,,,
campaign_e_in,in_n80000_rho0.6_anti-correlated_seed4.pcf,dhpac,2,0,85784441,46202,46201,9500127214510076960,31416,23f703aa3bc9,2026-08-28T19:45:49Z,80000,48049,31951,,,,,,,,,,,,,,,,,
campaign_e_in,in_n80000_rho0.6_correlated_seed0.pcf,dhpac,0,0,93414121,35180,35179,14452260615012389919,28308,23f703aa3bc9,2026-08-28T19:45:49Z,80000,48060,31940,,,,,,,,,,,,,,,,,
campaign_e_in,in_n80000_rho0.6_correlated_seed0.pcf,dhpac,1,0,89991957,35180,35179,14452260615012389919,30396,23f703aa3bc9,2026-08-28T19:45:50Z,80000,48060,31940,,,,,,,,,,,,,,,,,
campaign_e_in,in_n80000_rho0.6_correlated_seed0.pcf,dhpac,2,0,88672153,35180,35179,14452260615012389919,31516,23f703aa3bc9,2026-08-28T19:45:50Z,80000,48060,31940,,,,,,,,,,,,,,,,,
campaign_e_in,in_n80000_rho0.6_correlated_seed1.pcf,dhpac,0,0,91423129,35281,35280,5924477469961402258,28200,23f703aa3bc9,2026-08-28T19:45:50Z,80000,48227,31773,,,,,,,,,,,,,,,,,
campaign_e_in,in_n80000_rho0.6_correlated_seed1.pcf,dhpac,1,0,87779618,35281,35280,5924477469961402258,31056,23f703aa3bc9,2026-08-28T19:45:50Z,80000,48227,31773,,,,,,,,,,,,,,,,,
campaign_e_in,in_n80000_rho0.6_correlated_seed1.pcf,dhpac,2,0,88178068,35281,35280,5924477469961402258,31056,23f703aa3bc9,2026-08-28T19:45:50Z,80000,48227,31773,,,,,,,,,,,,,,,,,
campaign_e_in,in_n80000_rho0.6_correlated_seed2.pcf,dhpac,0,0,87432028,35333,35332,8964947811399607116,28004,23f703aa3bc9,2026-08-28T19:45:50Z,80000,47962,32038,,,,,,,,,,,,,,,,,
campaign_e_in,in_n80000_rho0.6_correlated_seed2.pcf,dhpac,1,0,84351621,35333,35332,8964947811399607116,30736,23f703aa3bc9,2026-08-28T19:45:50Z,80000,47962,32038,,,,,,,,,,,,,,,,,
campaign_e_in,in_n80000_rho0.6_correlated_seed2.pcf,dhpac,2,0,84878599,35333,35332,8964947811399607116,30840,23f703aa3bc9,2026-08-28T19:45:50Z,80000,47962,32038,,,,,,,,,,,,,,,,,
campaign_e_in,in_n80000_rho0.6_correlated_seed3.pcf,dhpac,0,0,88850350,35269,35268,15432384902804979201,28428,23f703aa3bc9,2026-08-28T19:45:50Z,80000,47994,32006,,,,,,,,,,,,,,,,,
campaign_e_in,in_n80000_rho0.6_correlated_seed3.pcf,dhpac,1,0,84931984,35269,35268,15432384902804979201,30764,23f703aa3bc9,2026-08-28T19:45:50Z,80000,47994,32006,,,,,,,,,,,,,,,,,
campaign_e_in,in_n80000_rho0.6_correlated_seed3.pcf,dhpac,2,0,86298364,35269,35268,15432384902804979201,30764,23f703aa3bc9,2026-08-28T19:45:50Z,80000,47994,32006,,,,,,,,,,,,,,,,,
campaign_e_in,in_n80000_rho0.6_correlated_seed4.pcf,dhpac,0,0,86916290,35256,35255,13575860746083361959,28272,23f703aa3bc9,2026-08-28T19:45:51Z,80000,48049,31951,,,,,,,,,,,,,,,,,
campaign_e_in,in_n80000_rho0.6_correlated_seed4.pcf,dhpac,1,0,84464645,35256,35255,13575860746083361959,30612,23f703aa3bc9,2026-08-28T19:45:51Z,80000,48049,31951,,,,,,,,,,,,,,,,,
campaign_e_in,in_n80000_rho0.6_correlated_seed4.pcf,dhpac,2,0,86123112,35256,35255,13575860746083361959,30612,23f703aa3bc9,2026-08-28T19:45:51Z,80000,48049,31951,,,,,,,,,,,,,,,,,
campaign_e_in,in_n80000_rho0.6_exact-ties_seed0.pcf,dhpac,0,0,82212662,12111,12110,14468545037090373495,24864,23f703aa3bc9,2026-08-28T19:45:51Z,80000,48062,31938,,,,,,,,,,,,,,,,,
campaign_e_in,in_n80000_rho0.6_exact-ties_seed0.pcf,dhpac,1,0,80441627,12111,12110,14468545037090373495,27520,23f703aa3bc9,2026-08-28T19:45:51Z,80000,48062,31938,,,,,,,,,,,,,,,,,
campaign_e_in,in_n80000_rho0.6_exact-ties_seed0.pcf,dhpac,2,0,80840915,12111,12110,14468545037090373495,27572,23f703aa3bc9,2026-08-28T19:45:51Z,80000,48062,31938,,,,,,,,,,,,,,,,,
campaign_e_in,in_n80000_rho0.6_exact-ties_seed1.pcf,dhpac,0,0,86151999,12042,12041,14407083728769932022,24708,23f703aa3bc9,2026-08-28T19:45:51Z,80000,48118,31882,,,,,,,,,,,,,,,,,
campaign_e_in,in_n80000_rho0.6_exact-ties_seed1.pcf,dhpac,1,0,84721357,12042,12041,14407083728769932022,27984,23f703aa3bc9,2026-08-28T19:45:51Z,80000,48118,31882,,,,,,,,,,,,,,,,,
campaign_e_in,in_n80000_rho0.6_exact-ties_seed1.pcf,dhpac,2,0,84604478,12042,12041,14407083728769932022,27984,23f703aa3bc9,2026-08-28T19:45:51Z,80000,48118,31882,,,,,,,,,,,,,,,,,
campaign_e_in,in_n80000_rho0.6_exact-ties_seed2.pcf,dhpac,0,0,83400174,11989,11988,8293330673200205414,24848,23f703aa3bc9,2026-08-28T19:45:51Z,80000,47897,32103,,,,,,,,,,,,,,,,,
campaign_e_in,in_n80000_rho0.6_exact-ties_seed2.pcf,dhpac,1,0,81795226,11989,11988,8293330673200205414,27656,23f703aa3bc9,2026-08-28T19:45:51Z,80000,47897,32103,,,,,,,,,,,,,,,,,
campaign_e_in,in_n80000_rho0.6_exact-ties_seed2.pcf,dhpac,2,0,81871875,11989,11988,8293330673200205414,27720,23f703aa3bc9,2026-08-28T19:45:52Z,80000,47897,32103,,,,,,,,,,,,,,,,,
campaign_e_in,in_n80000_rho0.6_exact-ties_seed3.pcf,dhpac,0,0,86145126,12216,12215,4002267408820643989,24864,23f703aa3bc9,2026-08-28T19:45:52Z,80000,48069,31931,,,,,,,,,,,,,,,,,
campaign_e_in,in_n80000_rho0.6_exact-ties_seed3.pcf,dhpac,1,0,84790114,12216,12215,4002267408820643989,26988,23f703aa3bc9,2026-08-28T19:45:52Z,80000,48069,31931,,,,,,,,,,,,,,,,,
campaign_e_in,in_n80000_rho0.6_exact-ties_seed3.pcf,dhpac,2,0,84653103,12216,12215,4002267408820643989,27164,23f703aa3bc9,2026-08-28T19:45:52Z,80000,48069,31931,,,,,,,,,,,,,,,,,
campaign_e_in,in_n80000_rho0.6_exact-ties_seed4.pcf,dhpac,0,0,81040544,12126,12125,4589301438015558101,24684,23f703aa3bc9,2026-08-28T19:45:52Z,80000,47829,32171,,,,,,,,,,,,,,,,,
campaign_e_in,in_n80000_rho0.6_exact-ties_seed4.pcf,dhpac,1,0,79599385,12126,12125,4589301438015558101,27508,23f703aa3bc9,2026-08-28T19:45:52Z,80000,47829,32171,,,,,,,,,,,,,,,,,
campaign_e_in,in_n80000_rho0.6_exact-ties_seed4.pcf,dhpac,2,0,78954973,12126,12125,4589301438015558101,27508,23f703aa3bc9,2026-08-28T19:45:52Z,80000,47829,32171,,,,,,,,,,,,,,,,,
campaign_e_in,in_n80000_rho0.6_independent-positive_seed0.pcf,dhpac,0,0,89739200,51297,51296,7656043495224425346,30844,23f703aa3bc9,2026-08-28T19:45:52Z,80000,48071,31929,,,,,,,,,,,,,,,,,
campaign_e_in,in_n80000_rho0.6_independent-positive_seed0.pcf,dhpac,1,0,85096813,51297,51296,7656043495224425346,32456,23f703aa3bc9,2026-08-28T19:45:52Z,80000,48071,31929,,,,,,,,,,,,,,,,,
campaign_e_in,in_n80000_rho0.6_independent-positive_seed0.pcf,dhpac,2,0,86829048,51297,51296,7656043495224425346,32456,23f703aa3bc9,2026-08-28T19:45:52Z,80000,48071,31929,,,,,,,,,,,,,,,,,
campaign_e_in,in_n80000_rho0.6_independent-positive_seed1.pcf,dhpac,0,0,90184821,51311,51310,8724893996306916652,30840,23f703aa3bc9,2026-08-28T19:45:53Z,80000,48100,31900,,,,,,,,,,,,,,,,,
campaign_e_in,in_n80000_rho0.6_independent-positive_seed1.pcf,dhpac,1,0,85510223,51311,51310,8724893996306916652,32136,23f703aa3bc9,2026-08-28T19:45:53Z,80000,48100,31900,,,,,,,,,,,,,,,,,
campaign_e_in,in_n80000_rho0.6_independent-positive_seed1.pcf,dhpac,2,0,87542473,51311,51310,8724893996306916652,32168,23f703aa3bc9,2026-08-28T19:45:53Z,80000,48100,31900,,,,,,,,,,,,,,,,,
campaign_e_in,in_n80000_rho0.6_independent-positive_seed2.pcf,dhpac,0,0,91130454,51537,51536,7698323334227597999,30860,23f703aa3bc9,2026-08-28T19:45:53Z,80000,47861,32139,,,,,,,,,,,,,,,,,
campaign_e_in,in_n80000_rho0.6_independent-positive_seed2.pcf,dhpac,1,0,86973918,51537,51536,7698323334227597999,32344,23f703aa3bc9,2026-08-28T19:45:53Z,80000,47861,32139,,,,,,,,,,,,,,,,,
campaign_e_in,in_n80000_rho0.6_independent-positive_seed2.pcf,dhpac,2,0,88296348,51537,51536,7698323334227597999,32344,23f703aa3bc9,2026-08-28T19:45:53Z,80000,47861,32139,,,,,,,,,,,,,,,,,
campaign_e_in,in_n80000_rho0.6_independent-positive_seed3.pcf,dhpac,0,0,92119485,51573,51572,10278900506091040155,31072,23f703aa3bc9,2026-08-28T19:45:53Z,80000,47825,32175,,,,,,,,,,,,,,,,,
campaign_e_in,in_n80000_rho0.6_independent-positive_seed3.pcf,dhpac,1,0,88198476,51573,51572,10278900506091040155,32432,23f703aa3bc9,2026-08-28T19:45:53Z,80000,47825,32175,,,,,,,,,,,,,,,,,
campaign_e_in,in_n80000_rho0.6_independent-positive_seed3.pcf,dhpac,2,0,86549802,51573,51572,10278900506091040155,34192,23f703aa3bc9,2026-08-28T19:45:53Z,80000,47825,32175,,,,,,,,,,,,,,,,,
campaign_e_in,in_n80000_rho0.6_independent-positive_seed4.pcf,dhpac,0,0,86282230,51433,51432,2947824346045440130,30764,23f703aa3bc9,2026-08-28T19:45:53Z,80000,47878,32122,,,,,,,,,,,,,,,,,
campaign_e_in,in_n80000_rho0.6_independent-positive_seed4.pcf,dhpac,1,0,84193159,51433,51432,2947824346045440130,31384,23f703aa3bc9,2026-08-28T19:45:53Z,80000,47878,32122,,,,,,,,,,,,,,,,,
campaign_e_in,in_n80000_rho0.6_independent-positive_seed4.pcf,dhpac,2,0,83267590,51433,51432,2947824346045440130,32028,23f703aa3bc9,2026-08-28T19:45:54Z,80000,47878,32122,,,,,,,,,,,,,,,,,
campaign_e_in,in_n80000_rho0.6_independent-signed_seed0.pcf,dhpac,0,0,88716058,53118,53117,17711627849949604434,31088,23f703aa3bc9,2026-08-28T19:45:54Z,80000,48074,31926,,,,,,,,,,,,,,,,,
campaign_e_in,in_n80000_rho0.6_independent-signed_seed0.pcf,dhpac,1,0,84249491,53118,53117,17711627849949604434,32448,23f703aa3bc9,2026-08-28T19:45:54Z,80000,48074,31926,,,,,,,,,,,,,,,,,
campaign_e_in,in_n80000_rho0.6_independent-signed_seed0.pcf,dhpac,2,0,82933624,53118,53117,17711627849949604434,35968,23f703aa3bc9,2026-08-28T19:45:54Z,80000,48074,31926,,,,,,,,,,,,,,,,,
campaign_e_in,in_n80000_rho0.6_independent-signed_seed1.pcf,dhpac,0,0,86588706,53353,53352,10235365118051273078,31100,23f703aa3bc9,2026-08-28T19:45:54Z,80000,48090,31910,,,,,,,,,,,,,,,,,
campaign_e_in,in_n80000_rho0.6_independent-signed_seed1.pcf,dhpac,1,0,84618503,53353,53352,10235365118051273078,31664,23f703aa3bc9,2026-08-28T19:45:54Z,80000,48090,31910,,,,,,,,,,,,,,,,,
campaign_e_in,in_n80000_rho0.6_independent-signed_seed1.pcf,dhpac,2,0,83572323,53353,53352,10235365118051273078,31908,23f703aa3bc9,2026-08-28T19:45:54Z,80000,48090,31910,,,,,,,,,,,,,,,,,
campaign_e_in,in_n80000_rho0.6_independent-signed_seed2.pcf,dhpac,0,0,89894473,53238,53237,13523072144945525895,31172,23f703aa3bc9,2026-08-28T19:45:54Z,80000,47869,32131,,,,,,,,,,,,,,,,,
campaign_e_in,in_n80000_rho0.6_independent-signed_seed2.pcf,dhpac,1,0,85501692,53238,53237,13523072144945525895,32628,23f703aa3bc9,2026-08-28T19:45:54Z,80000,47869,32131,,,,,,,,,,,,,,,,,
campaign_e_in,in_n80000_rho0.6_independent-signed_seed2.pcf,dhpac,2,0,84586512,53238,53237,13523072144945525895,35348,23f703aa3bc9,2026-08-28T19:45:54Z,80000,47869,32131,,,,,,,,,,,,,,,,,
campaign_e_in,in_n80000_rho0.6_independent-signed_seed3.pcf,dhpac,0,0,88715016,53242,53241,12119176793387962326,31080,23f703aa3bc9,2026-08-28T19:45:54Z,80000,47816,32184,,,,,,,,,,,,,,,,,
campaign_e_in,in_n80000_rho0.6_independent-signed_seed3.pcf,dhpac,1,0,84149337,53242,53241,12119176793387962326,33120,23f703aa3bc9,2026-08-28T19:45:55Z,80000,47816,32184,,,,,,,,,,,,,,,,,
campaign_e_in,in_n80000_rho0.6_independent-signed_seed3.pcf,dhpac,2,0,86328154,53242,53241,12119176793387962326,33120,23f703aa3bc9,2026-08-28T19:45:55Z,80000,47816,32184,,,,,,,,,,,,,,,,,
campaign_e_in,in_n80000_rho0.6_independent-signed_seed4.pcf,dhpac,0,0,89958149,53433,53432,7258524659113234875,31032,23f703aa3bc9,2026-08-28T19:45:55Z,80000,47870,32130,,,,,,,,,,,,,,,,,
campaign_e_in,in_n80000_rho0.6_independent-signed_seed4.pcf,dhpac,1,0,85226899,53433,53432,7258524659113234875,32652,23f703aa3bc9,2026-08-28T19:45:55Z,80000,47870,32130,,,,,,,,,,,,,,,,,
campaign_e_in,in_n80000_rho0.6_independent-signed_seed4.pcf,dhpac,2,0,86535918,53433,53432,7258524659113234875,32652,23f703aa3bc9,2026-08-28T19:45:55Z,80000,47870,32130,,,,,,,,,,,,,,,,,
campaign_e_in,in_n80000_rho0.6_near-ties_seed0.pcf,dhpac,0,0,80894443,1398,1397,3061971474337171840,24864,23f703aa3bc9,2026-08-28T19:45:55Z,80000,48123,31877,,,,,,,,,,,,,,,,,
campaign_e_in,in_n80000_rho0.6_near-ties_seed0.pcf,dhpac,1,0,80026873,1398,1397,3061971474337171840,26600,23f703aa3bc9,2026-08-28T19:45:55Z,80000,48123,31877,,,,,,,,,,,,,,,,,
campaign_e_in,in_n80000_rho0.6_near-ties_seed0.pcf,dhpac,2,0,79186851,1398,1397,3061971474337171840,26680,23f703aa3bc9,2026-08-28T19:45:55Z,80000,48123,31877,,,,,,,,,,,,,,,,,
campaign_e_in,in_n80000_rho0.6_near-ties_seed1.pcf,dhpac,0,0,80921092,1398,1397,1011025289340460772,24876,23f703aa3bc9,2026-08-28T19:45:55Z,80000,48151,31849,,,,,,,,,,,,,,,,,
campaign_e_in,in_n80000_rho0.6_near-ties_seed1.pcf,dhpac,1,0,79599315,1398,1397,1011025289340460772,26264,23f703aa3bc9,2026-08-28T19:45:55Z,80000,48151,31849,,,,,,,,,,,,,,,,,
campaign_e_in,in_n80000_rho0.6_near-ties_seed1.pcf,dhpac,2,0,78822562,1398,1397,1011025289340460772,26668,23f703aa3bc9,2026-08-28T19:45:55Z,80000,48151,31849,,,,,,,,,,,,,,,,,
campaign_e_in,in_n80000_rho0.6_near-ties_seed2.pcf,dhpac,0,0,82782786,1357,1356,13453939892012402346,24696,23f703aa3bc9,2026-08-28T19:45:56Z,80000,47951,32049,,,,,,,,,,,,,,,,,
campaign_e_in,in_n80000_rho0.6_near-ties_seed2.pcf,dhpac,1,0,81618647,1357,1356,13453939892012402346,26248,23f703aa3bc9,2026-08-28T19:45:56Z,80000,47951,32049,,,,,,,,,,,,,,,,,
campaign_e_in,in_n80000_rho0.6_near-ties_seed2.pcf,dhpac,2,0,81225264,1357,1356,13453939892012402346,26972,23f703aa3bc9,2026-08-28T19:45:56Z,80000,47951,32049,,,,,,,,,,,,,,,,,
campaign_e_in,in_n80000_rho0.6_near-ties_seed3.pcf,dhpac,0,0,78157924,1348,1347,977012710410884630,24832,23f703aa3bc9,2026-08-28T19:45:56Z,80000,47877,32123,,,,,,,,,,,,,,,,,
campaign_e_in,in_n80000_rho0.6_near-ties_seed3.pcf,dhpac,1,0,76462446,1348,1347,977012710410884630,26368,23f703aa3bc9,2026-08-28T19:45:56Z,80000,47877,32123,,,,,,,,,,,,,,,,,
campaign_e_in,in_n80000_rho0.6_near-ties_seed3.pcf,dhpac,2,0,76166320,1348,1347,977012710410884630,26368,23f703aa3bc9,2026-08-28T19:45:56Z,80000,47877,32123,,,,,,,,,,,,,,,,,
campaign_e_in,in_n80000_rho0.6_near-ties_seed4.pcf,dhpac,0,0,80086237,1358,1357,15878338115534097737,24832,23f703aa3bc9,2026-08-28T19:45:56Z,80000,47777,32223,,,,,,,,,,,,,,,,,
campaign_e_in,in_n80000_rho0.6_near-ties_seed4.pcf,dhpac,1,0,78449622,1358,1357,15878338115534097737,26056,23f703aa3bc9,2026-08-28T19:45:56Z,80000,47777,32223,,,,,,,,,,,,,,,,,
campaign_e_in,in_n80000_rho0.6_near-ties_seed4.pcf,dhpac,2,0,78259387,1358,1357,15878338115534097737,26780,23f703aa3bc9,2026-08-28T19:45:56Z,80000,47777,32223,,,,,,,,,,,,,,,,,
campaign_e_in,in_n80000_rho1.0_anti-correlated_seed0.pcf,dhpac,0,0,1037233972,34918,34917,456360607749820072,118412,23f703aa3bc9,2026-08-28T19:45:57Z,80000,79999,1,,,,,,,,,,,,,,,,,
campaign_e_in,in_n80000_rho1.0_anti-correlated_seed0.pcf,dhpac,1,0,1029334808,34918,34917,456360607749820072,167264,23f703aa3bc9,2026-08-28T19:45:58Z,80000,79999,1,,,,,,,,,,,,,,,,,
campaign_e_in,in_n80000_rho1.0_anti-correlated_seed0.pcf,dhpac,2,0,1031786184,34918,34917,456360607749820072,167264,23f703aa3bc9,2026-08-28T19:45:59Z,80000,79999,1,,,,,,,,,,,,,,,,,
campaign_e_in,in_n80000_rho1.0_anti-correlated_seed1.pcf,dhpac,0,0,887725631,35131,35130,11326544215875968443,73096,23f703aa3bc9,2026-08-28T19:46:00Z,80000,79999,1,,,,,,,,,,,,,,,,,
campaign_e_in,in_n80000_rho1.0_anti-correlated_seed1.pcf,dhpac,1,0,876417963,35131,35130,11326544215875968443,115092,23f703aa3bc9,2026-08-28T19:46:01Z,80000,79999,1,,,,,,,,,,,,,,,,,
campaign_e_in,in_n80000_rho1.0_anti-correlated_seed1.pcf,dhpac,2,0,872249720,35131,35130,11326544215875968443,115740,23f703aa3bc9,2026-08-28T19:46:02Z,80000,79999,1,,,,,,,,,,,,,,,,,
campaign_e_in,in_n80000_rho1.0_anti-correlated_seed2.pcf,dhpac,0,0,984829719,34801,34800,8558408548685962129,118376,23f703aa3bc9,2026-08-28T19:46:03Z,80000,79999,1,,,,,,,,,,,,,,,,,
campaign_e_in,in_n80000_rho1.0_anti-correlated_seed2.pcf,dhpac,1,0,980522800,34801,34800,8558408548685962129,167376,23f703aa3bc9,2026-08-28T19:46:04Z,80000,79999,1,,,,,,,,,,,,,,,,,
campaign_e_in,in_n80000_rho1.0_anti-correlated_seed2.pcf,dhpac,2,0,982660831,34801,34800,8558408548685962129,167376,23f703aa3bc9,2026-08-28T19:46:05Z,80000,79999,1,,,,,,,,,,,,,,,,,
campaign_e_in,in_n80000_rho1.0_anti-correlated_seed3.pcf,dhpac,0,0,891585198,34938,34937,9547466735628350565,73448,23f703aa3bc9,2026-08-28T19:46:06Z,80000,79999,1,,,,,,,,,,,,,,,,,
campaign_e_in,in_n80000_rho1.0_anti-correlated_seed3.pcf,dhpac,1,0,888695802,34938,34937,9547466735628350565,116380,23f703aa3bc9,2026-08-28T19:46:07Z,80000,79999,1,,,,,,,,,,,,,,,,,
campaign_e_in,in_n80000_rho1.0_anti-correlated_seed3.pcf,dhpac,2,0,890797528,34938,34937,9547466735628350565,116656,23f703aa3bc9,2026-08-28T19:46:08Z,80000,79999,1,,,,,,,,,,,,,,,,,
campaign_e_in,in_n80000_rho1.0_anti-correlated_seed4.pcf,dhpac,0,0,945938487,34960,34959,17636429411485384234,118456,23f703aa3bc9,2026-08-28T19:46:09Z,80000,79999,1,,,,,,,,,,,,,,,,,
campaign_e_in,in_n80000_rho1.0_anti-correlated_seed4.pcf,dhpac,1,0,946163137,34960,34959,17636429411485384234,167408,23f703aa3bc9,2026-08-28T19:46:10Z,80000,79999,1,,,,,,,,,,,,,,,,,
campaign_e_in,in_n80000_rho1.0_anti-correlated_seed4.pcf,dhpac,2,0,945658655,34960,34959,17636429411485384234,167408,23f703aa3bc9,2026-08-28T19:46:11Z,80000,79999,1,,,,,,,,,,,,,,,,,
campaign_e_in,in_n80000_rho1.0_correlated_seed0.pcf,dhpac,0,0,1020034877,28302,28301,9691935053997124548,118412,23f703aa3bc9,2026-08-28T19:46:12Z,80000,79999,1,,,,,,,,,,,,,,,,,
campaign_e_in,in_n80000_rho1.0_correlated_seed0.pcf,dhpac,1,0,1020208582,28302,28301,9691935053997124548,166592,23f703aa3bc9,2026-08-28T19:46:13Z,80000,79999,1,,,,,,,,,,,,,,,,,
campaign_e_in,in_n80000_rho1.0_correlated_seed0.pcf,dhpac,2,0,1016475479,28302,28301,9691935053997124548,167664,23f703aa3bc9,2026-08-28T19:46:14Z,80000,79999,1,,,,,,,,,,,,,,,,,
campaign_e_in,in_n80000_rho1.0_correlated_seed1.pcf,dhpac,0,0,866357669,28339,28338,10402553969607117064,69796,23f703aa3bc9,2026-08-28T19:46:15Z,80000,79999,1,,,,,,,,,,,,,,,,,
campaign_e_in,in_n80000_rho1.0_correlated_seed1.pcf,dhpac,1,0,861942541,28339,28338,10402553969607117064,114144,23f703aa3bc9,2026-08-28T19:46:15Z,80000,79999,1,,,,,,,,,,,,,,,,,
campaign_e_in,in_n80000_rho1.0_correlated_seed1.pcf,dhpac,2,0,861814410,28339,28338,10402553969607117064,114144,23f703aa3bc9,2026-08-28T19:46:16Z,80000,79999,1,,,,,,,,,,,,,,,,,
campaign_e_in,in_n80000_rho1.0_correlated_seed2.pcf,dhpac,0,0,983742790,28224,28223,2011899224855147725,118536,23f703aa3bc9,2026-08-28T19:46:17Z,80000,79999,1,,,,,,,,,,,,,,,,,
campaign_e_in,in_n80000_rho1.0_correlated_seed2.pcf,dhpac,1,0,980150972,28224,28223,2011899224855147725,166452,23f703aa3bc9,2026-08-28T19:46:18Z,80000,79999,1,,,,,,,,,,,,,,,,,
campaign_e_in,in_n80000_rho1.0_correlated_seed2.pcf,dhpac,2,0,980141407,28224,28223,2011899224855147725,166452,23f703aa3bc9,2026-08-28T19:46:19Z,80000,79999,1,,,,,,,,,,,,,,,,,
campaign_e_in,in_n80000_rho1.0_correlated_seed3.pcf,dhpac,0,0,894539790,28094,28093,10624775711231820185,71372,23f703aa3bc9,2026-08-28T19:46:20Z,80000,79999,1,,,,,,,,,,,,,,,,,
campaign_e_in,in_n80000_rho1.0_correlated_seed3.pcf,dhpac,1,0,891955771,28094,28093,10624775711231820185,116160,23f703aa3bc9,2026-08-28T19:46:21Z,80000,79999,1,,,,,,,,,,,,,,,,,
campaign_e_in,in_n80000_rho1.0_correlated_seed3.pcf,dhpac,2,0,891669349,28094,28093,10624775711231820185,117136,23f703aa3bc9,2026-08-28T19:46:22Z,80000,79999,1,,,,,,,,,,,,,,,,,
campaign_e_in,in_n80000_rho1.0_correlated_seed4.pcf,dhpac,0,0,966631952,28416,28415,10607135592646978308,118556,23f703aa3bc9,2026-08-28T19:46:23Z,80000,79999,1,,,,,,,,,,,,,,,,,
campaign_e_in,in_n80000_rho1.0_correlated_seed4.pcf,dhpac,1,0,957949512,28416,28415,10607135592646978308,166476,23f703aa3bc9,2026-08-28T19:46:24Z,80000,79999,1,,,,,,,,,,,,,,,,,
campaign_e_in,in_n80000_rho1.0_correlated_seed4.pcf,dhpac,2,0,951371725,28416,28415,10607135592646978308,167204,23f703aa3bc9,2026-08-28T19:46:25Z,80000,79999,1,,,,,,,,,,,,,,,,,
campaign_e_in,in_n80000_rho1.0_exact-ties_seed0.pcf,dhpac,0,0,934136592,13222,13221,12055022029810206124,118404,23f703aa3bc9,2026-08-28T19:46:26Z,80000,79999,1,,,,,,,,,,,,,,,,,
campaign_e_in,in_n80000_rho1.0_exact-ties_seed0.pcf,dhpac,1,0,933095815,13222,13221,12055022029810206124,166852,23f703aa3bc9,2026-08-28T19:46:27Z,80000,79999,1,,,,,,,,,,,,,,,,,
campaign_e_in,in_n80000_rho1.0_exact-ties_seed0.pcf,dhpac,2,0,932370465,13222,13221,12055022029810206124,166968,23f703aa3bc9,2026-08-28T19:46:28Z,80000,79999,1,,,,,,,,,,,,,,,,,
campaign_e_in,in_n80000_rho1.0_exact-ties_seed1.pcf,dhpac,0,0,823760430,13261,13260,7990435767978248967,69348,23f703aa3bc9,2026-08-28T19:46:29Z,80000,79999,1,,,,,,,,,,,,,,,,,
campaign_e_in,in_n80000_rho1.0_exact-ties_seed1.pcf,dhpac,1,0,825325913,13261,13260,7990435767978248967,116616,23f703aa3bc9,2026-08-28T19:46:29Z,80000,79999,1,,,,,,,,,,,,,,,,,
campaign_e_in,in_n80000_rho1.0_exact-ties_seed1.pcf,dhpac,2,0,823289712,13261,13260,7990435767978248967,116616,23f703aa3bc9,2026-08-28T19:46:30Z,80000,79999,1,,,,,,,,,,,,,,,,,
campaign_e_in,in_n80000_rho1.0_exact-ties_seed2.pcf,dhpac,0,0,898698730,13167,13166,12727138342385756721,118308,23f703aa3bc9,2026-08-28T19:46:31Z,80000,79999,1,,,,,,,,,,,,,,,,,
campaign_e_in,in_n80000_rho1.0_exact-ties_seed2.pcf,dhpac,1,0,898289906,13167,13166,12727138342385756721,166844,23f703aa3bc9,2026-08-28T19:46:32Z,80000,79999,1,,,,,,,,,,,,,,,,,
campaign_e_in,in_n80000_rho1.0_exact-ties_seed2.pcf,dhpac,2,0,904211229,13167,13166,12727138342385756721,166888,23f703aa3bc9,2026-08-28T19:46:33Z,80000,79999,1,,,,,,,,,,,,,,,,,
campaign_e_in,in_n80000_rho1.0_exact-ties_seed3.pcf,dhpac,0,0,895436936,13199,13198,127911010142425407,118452,23f703aa3bc9,2026-08-28T19:46:34Z,80000,79999,1,,,,,,,,,,,,,,,,,
campaign_e_in,in_n80000_rho1.0_exact-ties_seed3.pcf,dhpac,1,0,894337090,13199,13198,127911010142425407,166848,23f703aa3bc9,2026-08-28T19:46:35Z,80000,79999,1,,,,,,,,,,,,,,,,,
campaign_e_in,in_n80000_rho1.0_exact-ties_seed3.pcf,dhpac,2,0,891477037,13199,13198,127911010142425407,166960,23f703aa3bc9,2026-08-28T19:46:36Z,80000,79999,1,,,,,,,,,,,,,,,,,
campaign_e_in,in_n80000_rho1.0_exact-ties_seed4.pcf,dhpac,0,0,852627731,13291,13290,9638740298943022805,118432,23f703aa3bc9,2026-08-28T19:46:37Z,80000,79999,1,,,,,,,,,,,,,,,,,
campaign_e_in,in_n80000_rho1.0_exact-ties_seed4.pcf,dhpac,1,0,852469250,13291,13290,9638740298943022805,166856,23f703aa3bc9,2026-08-28T19:46:37Z,80000,79999,1,,,,,,,,,,,,,,,,,
campaign_e_in,in_n80000_rho1.0_exact-ties_seed4.pcf,dhpac,2,0,851432945,13291,13290,9638740298943022805,166896,23f703aa3bc9,2026-08-28T19:46:38Z,80000,79999,1,,,,,,,,,,,,,,,,,
campaign_e_in,in_n80000_rho1.0_independent-positive_seed0.pcf,dhpac,0,0,970211590,37940,37939,12250488575373410199,118256,23f703aa3bc9,2026-08-28T19:46:39Z,80000,79999,1,,,,,,,,,,,,,,,,,
campaign_e_in,in_n80000_rho1.0_independent-positive_seed0.pcf,dhpac,1,0,966468527,37940,37939,12250488575373410199,167624,23f703aa3bc9,2026-08-28T19:46:40Z,80000,79999,1,,,,,,,,,,,,,,,,,
campaign_e_in,in_n80000_rho1.0_independent-positive_seed0.pcf,dhpac,2,0,967675418,37940,37939,12250488575373410199,167624,23f703aa3bc9,2026-08-28T19:46:41Z,80000,79999,1,,,,,,,,,,,,,,,,,
campaign_e_in,in_n80000_rho1.0_independent-positive_seed1.pcf,dhpac,0,0,883730281,38190,38189,1021140221781777813,73328,23f703aa3bc9,2026-08-28T19:46:42Z,80000,79999,1,,,,,,,,,,,,,,,,,
campaign_e_in,in_n80000_rho1.0_independent-positive_seed1.pcf,dhpac,1,0,881633999,38190,38189,1021140221781777813,115944,23f703aa3bc9,2026-08-28T19:46:43Z,80000,79999,1,,,,,,,,,,,,,,,,,
campaign_e_in,in_n80000_rho1.0_independent-positive_seed1.pcf,dhpac,2,0,880688230,38190,38189,1021140221781777813,115944,23f703aa3bc9,2026-08-28T19:46:44Z,80000,79999,1,,,,,,,,,,,,,,,,,
campaign_e_in,in_n80000_rho1.0_independent-positive_seed2.pcf,dhpac,0,0,942296591,38020,38019,3532313414828155055,118508,23f703aa3bc9,2026-08-28T19:46:45Z,80000,79999,1,,,,,,,,,,,,,,,,,
campaign_e_in,in_n80000_rho1.0_independent-positive_seed2.pcf,dhpac,1,0,954525012,38020,38019,3532313414828155055,167560,23f703aa3bc9,2026-08-28T19:46:46Z,80000,79999,1,,,,,,,,,,,,,,,,,
campaign_e_in,in_n80000_rho1.0_independent-positive_seed2.pcf,dhpac,2,0,940231765,38020,38019,3532313414828155055,167560,23f703aa3bc9,2026-08-28T19:46:47Z,80000,79999,1,,,,,,,,,,,,,,,,,
campaign_e_in,in_n80000_rho1.0_independent-positive_seed3.pcf,dhpac,0,0,913064893,37873,37872,11234509386344195584,75308,23f703aa3bc9,2026-08-28T19:46:48Z,80000,79999,1,,,,,,,,,,,,,,,,,
campaign_e_in,in_n80000_rho1.0_independent-positive_seed3.pcf,dhpac,1,0,907769818,37873,37872,11234509386344195584,118348,23f703aa3bc9,2026-08-28T19:46:49Z,80000,79999,1,,,,,,,,,,,,,,,,,
campaign_e_in,in_n80000_rho1.0_independent-positive_seed3.pcf,dhpac,2,0,907291705,37873,37872,11234509386344195584,118348,23f703aa3bc9,2026-08-28T19:46:49Z,80000,79999,1,,,,,,,,,,,,,,,,,
campaign_e_in,in_n80000_rho1.0_independent-positive_seed4.pcf,dhpac,0,0,903349862,37956,37955,16447410216610046903,74404,23f703aa3bc9,2026-08-28T19:46:50Z,80000,79999,1,,,,,,,,,,,,,,,,,
campaign_e_in,in_n80000_rho1.0_independent-positive_seed4.pcf,dhpac,1,0,895669007,37956,37955,16447410216610046903,116676,23f703aa3bc9,2026-08-28T19:46:51Z,80000,79999,1,,,,,,,,,,,,,,,,,
campaign_e_in,in_n80000_rho1.0_independent-positive_seed4.pcf,dhpac,2,0,894938160,37956,37955,16447410216610046903,116676,23f703aa3bc9,2026-08-28T19:46:52Z,80000,79999,1,,,,,,,,,,,,,,,,,
campaign_e_in,in_n80000_rho1.0_independent-signed_seed0.pcf,dhpac,0,0,847308056,39192,39191,1965052184397503851,71720,23f703aa3bc9,2026-08-28T19:46:53Z,80000,79999,1,,,,,,,,,,,,,,,,,
campaign_e_in,in_n80000_rho1.0_independent-signed_seed0.pcf,dhpac,1,0,840740810,39192,39191,1965052184397503851,114588,23f703aa3bc9,2026-08-28T19:46:54Z,80000,79999,1,,,,,,,,,,,,,,,,,
campaign_e_in,in_n80000_rho1.0_independent-signed_seed0.pcf,dhpac,2,0,843466430,39192,39191,1965052184397503851,114588,23f703aa3bc9,2026-08-28T19:46:55Z,80000,79999,1,,,,,,,,,,,,,,,,,
campaign_e_in,in_n80000_rho1.0_independent-signed_seed1.pcf,dhpac,0,0,894503733,39050,39049,12876764267918083920,74428,23f703aa3bc9,2026-08-28T19:46:56Z,80000,79999,1,,,,,,,,,,,,,,,,,
campaign_e_in,in_n80000_rho1.0_independent-signed_seed1.pcf,dhpac,1,0,889904088,39050,39049,12876764267918083920,116184,23f703aa3bc9,2026-08-28T19:46:57Z,80000,79999,1,,,,,,,,,,,,,,,,,
campaign_e_in,in_n80000_rho1.0_independent-signed_seed1.pcf,dhpac,2,0,881424237,39050,39049,12876764267918083920,116944,23f703aa3bc9,2026-08-28T19:46:57Z,80000,79999,1,,,,,,,,,,,,,,,,,
campaign_e_in,in_n80000_rho1.0_independent-signed_seed2.pcf,dhpac,0,0,1059946242,39155,39154,10499013036044429002,118392,23f703aa3bc9,2026-08-28T19:46:59Z,80000,79999,1,,,,,,,,,,,,,,,,,
campaign_e_in,in_n80000_rho1.0_independent-signed_seed2.pcf,dhpac,1,0,1063355058,39155,39154,10499013036044429002,167684,23f703aa3bc9,2026-08-28T19:47:00Z,80000,79999,1,,,,,,,,,,,,,,,,,
campaign_e_in,in_n80000_rho1.0_independent-signed_seed2.pcf,dhpac,2,0,1058722436,39155,39154,10499013036044429002,167884,23f703aa3bc9,2026-08-28T19:47:01Z,80000,79999,1,,,,,,,,,,,,,,,,,
campaign_e_in,in_n80000_rho1.0_independent-signed_seed3.pcf,dhpac,0,0,966139391,39028,39027,10075405012500992736,118436,23f703aa3bc9,2026-08-28T19:47:02Z,80000,79999,1,,,,,,,,,,,,,,,,,
campaign_e_in,in_n80000_rho1.0_independent-signed_seed3.pcf,dhpac,1,0,970921472,39028,39027,10075405012500992736,167548,23f703aa3bc9,2026-08-28T19:47:03Z,80000,79999,1,,,,,,,,,,,,,,,,,
campaign_e_in,in_n80000_rho1.0_independent-signed_seed3.pcf,dhpac,2,0,964885221,39028,39027,10075405012500992736,167548,23f703aa3bc9,2026-08-28T19:47:04Z,80000,79999,1,,,,,,,,,,,,,,,,,
campaign_e_in,in_n80000_rho1.0_independent-signed_seed4.pcf,dhpac,0,0,910752951,39063,39062,14446215946147017688,75648,23f703aa3bc9,2026-08-28T19:47:05Z,80000,79999,1,,,,,,,,,,,,,,,,,
campaign_e_in,in_n80000_rho1.0_independent-signed_seed4.pcf,dhpac,1,0,905794810,39063,39062,14446215946147017688,117468,23f703aa3bc9,2026-08-28T19:47:05Z,80000,79999,1,,,,,,,,,,,,,,,,,
campaign_e_in,in_n80000_rho1.0_independent-signed_seed4.pcf,dhpac,2,0,896866442,39063,39062,14446215946147017688,118220,23f703aa3bc9,2026-08-28T19:47:06Z,80000,79999,1,,,,,,,,,,,,,,,,,
campaign_e_in,in_n80000_rho1.0_near-ties_seed0.pcf,dhpac,0,0,801611362,1927,1926,8753392632465035644,69236,23f703aa3bc9,2026-08-28T19:47:07Z,80000,79999,1,,,,,,,,,,,,,,,,,
campaign_e_in,in_n80000_rho1.0_near-ties_seed0.pcf,dhpac,1,0,804301160,1927,1926,8753392632465035644,114952,23f703aa3bc9,2026-08-28T19:47:08Z,80000,79999,1,,,,,,,,,,,,,,,,,
campaign_e_in,in_n80000_rho1.0_near-ties_seed0.pcf,dhpac,2,0,801030173,1927,1926,8753392632465035644,115040,23f703aa3bc9,2026-08-28T19:47:09Z,80000,79999,1,,,,,,,,,,,,,,,,,
campaign_e_in,in_n80000_rho1.0_near-ties_seed1.pcf,dhpac,0,0,790583803,1962,1961,15950986010720558954,69372,23f703aa3bc9,2026-08-28T19:47:10Z,80000,79999,1,,,,,,,,,,,,,,,,,
campaign_e_in,in_n80000_rho1.0_near-ties_seed1.pcf,dhpac,1,0,791824469,1962,1961,15950986010720558954,113488,23f703aa3bc9,2026-08-28T19:47:10Z,80000,79999,1,,,,,,,,,,,,,,,,,
campaign_e_in,in_n80000_rho1.0_near-ties_seed1.pcf,dhpac,2,0,793326772,1962,1961,15950986010720558954,114212,23f703aa3bc9,2026-08-28T19:47:11Z,80000,79999,1,,,,,,,,,,,,,,,,,
campaign_e_in,in_n80000_rho1.0_near-ties_seed2.pcf,dhpac,0,0,761805076,1911,1910,6569120112554987696,69204,23f703aa3bc9,2026-08-28T19:47:12Z,80000,79999,1,,,,,,,,,,,,,,,,,
campaign_e_in,in_n80000_rho1.0_near-ties_seed2.pcf,dhpac,1,0,765725737,1911,1910,6569120112554987696,111616,23f703aa3bc9,2026-08-28T19:47:13Z,80000,79999,1,,,,,,,,,,,,,,,,,
campaign_e_in,in_n80000_rho1.0_near-ties_seed2.pcf,dhpac,2,0,760900935,1911,1910,6569120112554987696,112392,23f703aa3bc9,2026-08-28T19:47:14Z,80000,79999,1,,,,,,,,,,,,,,,,,
campaign_e_in,in_n80000_rho1.0_near-ties_seed3.pcf,dhpac,0,0,759172828,1973,1972,10256705326883575538,69352,23f703aa3bc9,2026-08-28T19:47:14Z,80000,79999,1,,,,,,,,,,,,,,,,,
campaign_e_in,in_n80000_rho1.0_near-ties_seed3.pcf,dhpac,1,0,761060872,1973,1972,10256705326883575538,111548,23f703aa3bc9,2026-08-28T19:47:15Z,80000,79999,1,,,,,,,,,,,,,,,,,
campaign_e_in,in_n80000_rho1.0_near-ties_seed3.pcf,dhpac,2,0,760824361,1973,1972,10256705326883575538,112924,23f703aa3bc9,2026-08-28T19:47:16Z,80000,79999,1,,,,,,,,,,,,,,,,,
campaign_e_in,in_n80000_rho1.0_near-ties_seed4.pcf,dhpac,0,0,972918258,1923,1922,5683439011426164345,118576,23f703aa3bc9,2026-08-28T19:47:17Z,80000,79999,1,,,,,,,,,,,,,,,,,
campaign_e_in,in_n80000_rho1.0_near-ties_seed4.pcf,dhpac,1,0,974800730,1923,1922,5683439011426164345,165504,23f703aa3bc9,2026-08-28T19:47:18Z,80000,79999,1,,,,,,,,,,,,,,,,,
campaign_e_in,in_n80000_rho1.0_near-ties_seed4.pcf,dhpac,2,0,973513365,1923,1922,5683439011426164345,166724,23f703aa3bc9,2026-08-28T19:47:19Z,80000,79999,1,,,,,,,,,,,,,,,,,
campaign_e_in,in_n800_rho0.6_anti-correlated_seed0.pcf,dhpac,0,0,579385,559,558,3187517946384328612,21280,23f703aa3bc9,2026-08-28T19:47:19Z,800,471,329,,,,,,,,,,,,,,,,,
campaign_e_in,in_n800_rho0.6_anti-correlated_seed0.pcf,dhpac,1,0,532758,559,558,3187517946384328612,21280,23f703aa3bc9,2026-08-28T19:47:19Z,800,471,329,,,,,,,,,,,,,,,,,
campaign_e_in,in_n800_rho0.6_anti-correlated_seed0.pcf,dhpac,2,0,508307,559,558,3187517946384328612,21280,23f703aa3bc9,2026-08-28T19:47:19Z,800,471,329,,,,,,,,,,,,,,,,,
campaign_e_in,in_n800_rho0.6_anti-correlated_seed1.pcf,dhpac,0,0,604110,523,522,8851197556182654032,21280,23f703aa3bc9,2026-08-28T19:47:19Z,800,495,305,,,,,,,,,,,,,,,,,
campaign_e_in,in_n800_rho0.6_anti-correlated_seed1.pcf,dhpac,1,0,567716,523,522,8851197556182654032,21280,23f703aa3bc9,2026-08-28T19:47:19Z,800,495,305,,,,,,,,,,,,,,,,,
campaign_e_in,in_n800_rho0.6_anti-correlated_seed1.pcf,dhpac,2,0,599744,523,522,8851197556182654032,21280,23f703aa3bc9,2026-08-28T19:47:19Z,800,495,305,,,,,,,,,,,,,,,,,
campaign_e_in,in_n800_rho0.6_anti-correlated_seed2.pcf,dhpac,0,0,716415,550,549,2045477010760849680,21280,23f703aa3bc9,2026-08-28T19:47:19Z,800,488,312,,,,,,,,,,,,,,,,,
campaign_e_in,in_n800_rho0.6_anti-correlated_seed2.pcf,dhpac,1,0,614929,550,549,2045477010760849680,21280,23f703aa3bc9,2026-08-28T19:47:19Z,800,488,312,,,,,,,,,,,,,,,,,
campaign_e_in,in_n800_rho0.6_anti-correlated_seed2.pcf,dhpac,2,0,595433,550,549,2045477010760849680,21280,23f703aa3bc9,2026-08-28T19:47:19Z,800,488,312,,,,,,,,,,,,,,,,,
campaign_e_in,in_n800_rho0.6_anti-correlated_seed3.pcf,dhpac,0,0,575322,567,566,13582868856305536285,21280,23f703aa3bc9,2026-08-28T19:47:19Z,800,452,348,,,,,,,,,,,,,,,,,
campaign_e_in,in_n800_rho0.6_anti-correlated_seed3.pcf,dhpac,1,0,532902,567,566,13582868856305536285,21280,23f703aa3bc9,2026-08-28T19:47:19Z,800,452,348,,,,,,,,,,,,,,,,,
campaign_e_in,in_n800_rho0.6_anti-correlated_seed3.pcf,dhpac,2,0,528918,567,566,13582868856305536285,21280,23f703aa3bc9,2026-08-28T19:47:19Z,800,452,348,,,,,,,,,,,,,,,,,
campaign_e_in,in_n800_rho0.6_anti-correlated_seed4.pcf,dhpac,0,0,656969,568,567,14893937367514233753,21280,23f703aa3bc9,2026-08-28T19:47:19Z,800,485,315,,,,,,,,,,,,,,,,,
campaign_e_in,in_n800_rho0.6_anti-correlated_seed4.pcf,dhpac,1,0,606937,568,567,14893937367514233753,21280,23f703aa3bc9,2026-08-28T19:47:19Z,800,485,315,,,,,,,,,,,,,,,,,
campaign_e_in,in_n800_rho0.6_anti-correlated_seed4.pcf,dhpac,2,0,595086,568,567,14893937367514233753,21280,23f703aa3bc9,2026-08-28T19:47:19Z,800,485,315,,,,,,,,,,,,,,,,,
campaign_e_in,in_n800_rho0.6_correlated_seed0.pcf,dhpac,0,0,551706,559,558,11899470875689985482,21280,23f703aa3bc9,2026-08-28T19:47:19Z,800,471,329,,,,,,,,,,,,,,,,,
campaign_e_in,in_n800_rho0.6_correlated_seed0.pcf,dhpac,1,0,520158,559,558,11899470875689985482,21280,23f703aa3bc9,2026-08-28T19:47:19Z,800,471,329,,,,,,,,,,,,,,,,,
campaign_e_in,in_n800_rho0.6_correlated_seed0.pcf,dhpac,2,0,495727,559,558,11899470875689985482,21280,23f703aa3bc9,2026-08-28T19:47:19Z,800,471,329,,,,,,,,,,,,,,,,,
campaign_e_in,in_n800_rho0.6_correlated_seed1.pcf,dhpac,0,0,596938,528,527,7661140085167361374,21280,23f703aa3bc9,2026-08-28T19:47:19Z,800,495,305,,,,,,,,,,,,,,,,,
campaign_e_in,in_n800_rho0.6_correlated_seed1.pcf,dhpac,1,0,548624,528,527,7661140085167361374,21280,23f703aa3bc9,2026-08-28T19:47:19Z,800,495,305,,,,,,,,,,,,,,,,,
campaign_e_in,in_n800_rho0.6_correlated_seed1.pcf,dhpac,2,0,545115,528,527,7661140085167361374,21280,23f703aa3bc9,2026-08-28T19:47:19Z,800,495,305,,,,,,,,,,,,,,,,,
campaign_e_in,in_n800_rho0.6_correlated_seed2.pcf,dhpac,0,0,670614,545,544,7706820562690903219,21280,23f703aa3bc9,2026-08-28T19:47:19Z,800,488,312,,,,,,,,,,,,,,,,,
campaign_e_in,in_n800_rho0.6_correlated_seed2.pcf,dhpac,1,0,627213,545,544,7706820562690903219,21280,23f703aa3bc9,2026-08-28T19:47:19Z,800,488,312,,,,,,,,,,,,,,,,,
campaign_e_in,in_n800_rho0.6_correlated_seed2.pcf,dhpac,2,0,618178,545,544,7706820562690903219,21280,23f703aa3bc9,2026-08-28T19:47:19Z,800,488,312,,,,,,,,,,,,,,,,,
campaign_e_in,in_n800_rho0.6_correlated_seed3.pcf,dhpac,0,0,577668,578,577,3911503015106856235,21440,23f703aa3bc9,2026-08-28T19:47:19Z,800,452,348,,,,,,,,,,,,,,,,,
campaign_e_in,in_n800_rho0.6_correlated_seed3.pcf,dhpac,1,0,534996,578,577,3911503015106856235,21440,23f703aa3bc9,2026-08-28T19:47:19Z,800,452,348,,,,,,,,,,,,,,,,,
campaign_e_in,in_n800_rho0.6_correlated_seed3.pcf,dhpac,2,0,510404,578,577,3911503015106856235,21440,23f703aa3bc9,2026-08-28T19:47:19Z,800,452,348,,,,,,,,,,,,,,,,,
campaign_e_in,in_n800_rho0.6_correlated_seed4.pcf,dhpac,0,0,645408,554,553,4882780317913996161,21440,23f703aa3bc9,2026-08-28T19:47:19Z,800,485,315,,,,,,,,,,,,,,,,,
campaign_e_in,in_n800_rho0.6_correlated_seed4.pcf,dhpac,1,0,600142,554,553,4882780317913996161,21440,23f703aa3bc9,2026-08-28T19:47:19Z,800,485,315,,,,,,,,,,,,,,,,,
campaign_e_in,in_n800_rho0.6_correlated_seed4.pcf,dhpac,2,0,631922,554,553,4882780317913996161,21440,23f703aa3bc9,2026-08-28T19:47:19Z,800,485,315,,,,,,,,,,,,,,,,,
campaign_e_in,in_n800_rho0.6_exact-ties_seed0.pcf,dhpac,0,0,481469,166,165,13560149733820933238,21440,23f703aa3bc9,2026-08-28T19:47:19Z,800,459,341,,,,,,,,,,,,,,,,,
campaign_e_in,in_n800_rho0.6_exact-ties_seed0.pcf,dhpac,1,0,455036,166,165,13560149733820933238,21440,23f703aa3bc9,2026-08-28T19:47:19Z,800,459,341,,,,,,,,,,,,,,,,,
campaign_e_in,in_n800_rho0.6_exact-ties_seed0.pcf,dhpac,2,0,444833,166,165,13560149733820933238,21440,23f703aa3bc9,2026-08-28T19:47:19Z,800,459,341,,,,,,,,,,,,,,,,,
campaign_e_in,in_n800_rho0.6_exact-ties_seed1.pcf,dhpac,0,0,603706,177,176,12595703158995396625,21440,23f703aa3bc9,2026-08-28T19:47:19Z,800,502,298,,,,,,,,,,,,,,,,,
campaign_e_in,in_n800_rho0.6_exact-ties_seed1.pcf,dhpac,1,0,557865,177,176,12595703158995396625,21440,23f703aa3bc9,2026-08-28T19:47:19Z,800,502,298,,,,,,,,,,,,,,,,,
campaign_e_in,in_n800_rho0.6_exact-ties_seed1.pcf,dhpac,2,0,585234,177,176,12595703158995396625,21440,23f703aa3bc9,2026-08-28T19:47:19Z,800,502,298,,,,,,,,,,,,,,,,,
campaign_e_in,in_n800_rho0.6_exact-ties_seed2.pcf,dhpac,0,0,517471,153,152,5051668532961170688,21440,23f703aa3bc9,2026-08-28T19:47:19Z,800,496,304,,,,,,,,,,,,,,,,,
campaign_e_in,in_n800_rho0.6_exact-ties_seed2.pcf,dhpac,1,0,549185,153,152,5051668532961170688,21440,23f703aa3bc9,2026-08-28T19:47:19Z,800,496,304,,,,,,,,,,,,,,,,,
campaign_e_in,in_n800_rho0.6_exact-ties_seed2.pcf,dhpac,2,0,484588,153,152,5051668532961170688,21440,23f703aa3bc9,2026-08-28T19:47:19Z,800,496,304,,,,,,,,,,,,,,,,,
campaign_e_in,in_n800_rho0.6_exact-ties_seed3.pcf,dhpac,0,0,654309,159,158,6625452833242475240,21440,23f703aa3bc9,2026-08-28T19:47:19Z,800,474,326,,,,,,,,,,,,,,,,,
campaign_e_in,in_n800_rho0.6_exact-ties_seed3.pcf,dhpac,1,0,511882,159,158,6625452833242475240,21440,23f703aa3bc9,2026-08-28T19:47:19Z,800,474,326,,,,,,,,,,,,,,,,,
campaign_e_in,in_n800_rho0.6_exact-ties_seed3.pcf,dhpac,2,0,508252,159,158,6625452833242475240,21440,23f703aa3bc9,2026-08-28T19:47:19Z,800,474,326,,,,,,,,,,,,,,,,,
campaign_e_in,in_n800_rho0.6_exact-ties_seed4.pcf,dhpac,0,0,536702,153,152,10947422998638802156,21440,23f703aa3bc9,2026-08-28T19:47:19Z,800,479,321,,,,,,,,,,,,,,,,,
campaign_e_in,in_n800_rho0.6_exact-ties_seed4.pcf,dhpac,1,0,502181,153,152,10947422998638802156,21440,23f703aa3bc9,2026-08-28T19:47:19Z,800,479,321,,,,,,,,,,,,,,,,,
campaign_e_in,in_n800_rho0.6_exact-ties_seed4.pcf,dhpac,2,0,495659,153,152,10947422998638802156,21440,23f703aa3bc9,2026-08-28T19:47:19Z,800,479,321,,,,,,,,,,,,,,,,,
campaign_e_in,in_n800_rho0.6_independent-positive_seed0.pcf,dhpac,0,0,554008,565,564,17625320558537833670,21440,23f703aa3bc9,2026-08-28T19:47:19Z,800,464,336,,,,,,,,,,,,,,,,,
campaign_e_in,in_n800_rho0.6_independent-positive_seed0.pcf,dhpac,1,0,508209,565,564,17625320558537833670,21440,23f703aa3bc9,2026-08-28T19:47:19Z,800,464,336,,,,,,,,,,,,,,,,,
campaign_e_in,in_n800_rho0.6_independent-positive_seed0.pcf,dhpac,2,0,476839,565,564,17625320558537833670,21440,23f703aa3bc9,2026-08-28T19:47:19Z,800,464,336,,,,,,,,,,,,,,,,,
campaign_e_in,in_n800_rho0.6_independent-positive_seed1.pcf,dhpac,0,0,613063,545,544,2089300540771501052,21440,23f703aa3bc9,2026-08-28T19:47:19Z,800,491,309,,,,,,,,,,,,,,,,,
campaign_e_in,in_n800_rho0.6_independent-positive_seed1.pcf,dhpac,1,0,579657,545,544,2089300540771501052,21440,23f703aa3bc9,2026-08-28T19:47:19Z,800,491,309,,,,,,,,,,,,,,,,,
campaign_e_in,in_n800_rho0.6_independent-positive_seed1.pcf,dhpac,2,0,592927,545,544,2089300540771501052,21440,23f703aa3bc9,2026-08-28T19:47:19Z,800,491,309,,,,,,,,,,,,,,,,,
campaign_e_in,in_n800_rho0.6_independent-positive_seed2.pcf,dhpac,0,0,629967,561,560,1716766725770040859,21440,23f703aa3bc9,2026-08-28T19:47:19Z,800,489,311,,,,,,,,,,,,,,,,,
campaign_e_in,in_n800_rho0.6_independent-positive_seed2.pcf,dhpac,1,0,578826,561,560,1716766725770040859,21440,23f703aa3bc9,2026-08-28T19:47:19Z,800,489,311,,,,,,,,,,,,,,,,,
campaign_e_in,in_n800_rho0.6_independent-positive_seed2.pcf,dhpac,2,0,588663,561,560,1716766725770040859,21440,23f703aa3bc9,2026-08-28T19:47:19Z,800,489,311,,,,,,,,,,,,,,,,,
campaign_e_in,in_n800_rho0.6_independent-positive_seed3.pcf,dhpac,0,0,555856,569,568,16555185260402593183,21440,23f703aa3bc9,2026-08-28T19:47:19Z,800,459,341,,,,,,,,,,,,,,,,,
campaign_e_in,in_n800_rho0.6_independent-positive_seed3.pcf,dhpac,1,0,515396,569,568,16555185260402593183,21440,23f703aa3bc9,2026-08-28T19:47:19Z,800,459,341,,,,,,,,,,,,,,,,,
campaign_e_in,in_n800_rho0.6_independent-positive_seed3.pcf,dhpac,2,0,499259,569,568,16555185260402593183,21440,23f703aa3bc9,2026-08-28T19:47:19Z,800,459,341,,,,,,,,,,,,,,,,,
campaign_e_in,in_n800_rho0.6_independent-positive_seed4.pcf,dhpac,0,0,589985,572,571,12260250611981611789,21440,23f703aa3bc9,2026-08-28T19:47:19Z,800,479,321,,,,,,,,,,,,,,,,,
campaign_e_in,in_n800_rho0.6_independent-positive_seed4.pcf,dhpac,1,0,618407,572,571,12260250611981611789,21440,23f703aa3bc9,2026-08-28T19:47:19Z,800,479,321,,,,,,,,,,,,,,,,,
campaign_e_in,in_n800_rho0.6_independent-positive_seed4.pcf,dhpac,2,0,536502,572,571,12260250611981611789,21440,23f703aa3bc9,2026-08-28T19:47:19Z,800,479,321,,,,,,,,,,,,,,,,,
campaign_e_in,in_n800_rho0.6_independent-signed_seed0.pcf,dhpac,0,0,580745,583,582,2475843633604244870,21440,23f703aa3bc9,2026-08-28T19:47:19Z,800,465,335,,,,,,,,,,,,,,,,,
campaign_e_in,in_n800_rho0.6_independent-signed_seed0.pcf,dhpac,1,0,608423,583,582,2475843633604244870,21440,23f703aa3bc9,2026-08-28T19:47:19Z,800,465,335,,,,,,,,,,,,,,,,,
campaign_e_in,in_n800_rho0.6_independent-signed_seed0.pcf,dhpac,2,0,530492,583,582,2475843633604244870,21440,23f703aa3bc9,2026-08-28T19:47:19Z,800,465,335,,,,,,,,,,,,,,,,,
campaign_e_in,in_n800_rho0.6_independent-signed_seed1.pcf,dhpac,0,0,622138,553,552,11044614245222821159,21440,23f703aa3bc9,2026-08-28T19:47:19Z,800,491,309,,,,,,,,,,,,,,,,,
campaign_e_in,in_n800_rho0.6_independent-signed_seed1.pcf,dhpac,1,0,570794,553,552,11044614245222821159,21440,23f703aa3bc9,2026-08-28T19:47:19Z,800,491,309,,,,,,,,,,,,,,,,,
campaign_e_in,in_n800_rho0.6_independent-signed_seed1.pcf,dhpac,2,0,569603,553,552,11044614245222821159,21440,23f703aa3bc9,2026-08-28T19:47:19Z,800,491,309,,,,,,,,,,,,,,,,,
campaign_e_in,in_n800_rho0.6_independent-signed_seed2.pcf,dhpac,0,0,596671,544,543,3248022102590384392,21440,23f703aa3bc9,2026-08-28T19:47:19Z,800,490,310,,,,,,,,,,,,,,,,,
campaign_e_in,in_n800_rho0.6_independent-signed_seed2.pcf,dhpac,1,0,565785,544,543,3248022102590384392,21440,23f703aa3bc9,2026-08-28T19:47:19Z,800,490,310,,,,,,,,,,,,,,,,,
campaign_e_in,in_n800_rho0.6_independent-signed_seed2.pcf,dhpac,2,0,546298,544,543,3248022102590384392,21440,23f703aa3bc9,2026-08-28T19:47:19Z,800,490,310,,,,,,,,,,,,,,,,,
campaign_e_in,in_n800_rho0.6_independent-signed_seed3.pcf,dhpac,0,0,579969,561,560,6289975578155895549,21440,23f703aa3bc9,2026-08-28T19:47:19Z,800,459,341,,,,,,,,,,,,,,,,,
campaign_e_in,in_n800_rho0.6_independent-signed_seed3.pcf,dhpac,1,0,511889,561,560,6289975578155895549,21440,23f703aa3bc9,2026-08-28T19:47:19Z,800,459,341,,,,,,,,,,,,,,,,,
campaign_e_in,in_n800_rho0.6_independent-signed_seed3.pcf,dhpac,2,0,496115,561,560,6289975578155895549,21440,23f703aa3bc9,2026-08-28T19:47:19Z,800,459,341,,,,,,,,,,,,,,,,,
campaign_e_in,in_n800_rho0.6_independent-signed_seed4.pcf,dhpac,0,0,576256,577,576,12823272747190284629,21440,23f703aa3bc9,2026-08-28T19:47:19Z,800,476,324,,,,,,,,,,,,,,,,,
campaign_e_in,in_n800_rho0.6_independent-signed_seed4.pcf,dhpac,1,0,544354,577,576,12823272747190284629,21440,23f703aa3bc9,2026-08-28T19:47:19Z,800,476,324,,,,,,,,,,,,,,,,,
campaign_e_in,in_n800_rho0.6_independent-signed_seed4.pcf,dhpac,2,0,524455,577,576,12823272747190284629,21440,23f703aa3bc9,2026-08-28T19:47:19Z,800,476,324,,,,,,,,,,,,,,,,,
campaign_e_in,in_n800_rho0.6_near-ties_seed0.pcf,dhpac,0,0,585133,203,202,5954333438717425028,21440,23f703aa3bc9,2026-08-28T19:47:19Z,800,494,306,,,,,,,,,,,,,,,,,
campaign_e_in,in_n800_rho0.6_near-ties_seed0.pcf,dhpac,1,0,549472,203,202,5954333438717425028,21440,23f703aa3bc9,2026-08-28T19:47:19Z,800,494,306,,,,,,,,,,,,,,,,,
campaign_e_in,in_n800_rho0.6_near-ties_seed0.pcf,dhpac,2,0,550093,203,202,5954333438717425028,21440,23f703aa3bc9,2026-08-28T19:47:19Z,800,494,306,,,,,,,,,,,,,,,,,
campaign_e_in,in_n800_rho0.6_near-ties_seed1.pcf,dhpac,0,0,582808,199,198,11237356163726052249,21600,23f703aa3bc9,2026-08-28T19:47:19Z,800,499,301,,,,,,,,,,,,,,,,,
campaign_e_in,in_n800_rho0.6_near-ties_seed1.pcf,dhpac,1,0,543290,199,198,11237356163726052249,21600,23f703aa3bc9,2026-08-28T19:47:19Z,800,499,301,,,,,,,,,,,,,,,,,
campaign_e_in,in_n800_rho0.6_near-ties_seed1.pcf,dhpac,2,0,525208,199,198,11237356163726052249,21600,23f703aa3bc9,2026-08-28T19:47:19Z,800,499,301,,,,,,,,,,,,,,,,,
campaign_e_in,in_n800_rho0.6_near-ties_seed2.pcf,dhpac,0,0,663170,199,198,5881838473289818437,21600,23f703aa3bc9,2026-08-28T19:47:19Z,800,495,305,,,,,,,,,,,,,,,,,
campaign_e_in,in_n800_rho0.6_near-ties_seed2.pcf,dhpac,1,0,630581,199,198,5881838473289818437,21600,23f703aa3bc9,2026-08-28T19:47:19Z,800,495,305,,,,,,,,,,,,,,,,,
campaign_e_in,in_n800_rho0.6_near-ties_seed2.pcf,dhpac,2,0,670317,199,198,5881838473289818437,21600,23f703aa3bc9,2026-08-28T19:47:19Z,800,495,305,,,,,,,,,,,,,,,,,
campaign_e_in,in_n800_rho0.6_near-ties_seed3.pcf,dhpac,0,0,505834,209,208,18036672603879261646,21600,23f703aa3bc9,2026-08-28T19:47:19Z,800,476,324,,,,,,,,,,,,,,,,,
campaign_e_in,in_n800_rho0.6_near-ties_seed3.pcf,dhpac,1,0,476114,209,208,18036672603879261646,21600,23f703aa3bc9,2026-08-28T19:47:19Z,800,476,324,,,,,,,,,,,,,,,,,
campaign_e_in,in_n800_rho0.6_near-ties_seed3.pcf,dhpac,2,0,512138,209,208,18036672603879261646,21600,23f703aa3bc9,2026-08-28T19:47:19Z,800,476,324,,,,,,,,,,,,,,,,,
campaign_e_in,in_n800_rho0.6_near-ties_seed4.pcf,dhpac,0,0,555375,203,202,8311366129165601247,21600,23f703aa3bc9,2026-08-28T19:47:19Z,800,493,307,,,,,,,,,,,,,,,,,
campaign_e_in,in_n800_rho0.6_near-ties_seed4.pcf,dhpac,1,0,571853,203,202,8311366129165601247,21600,23f703aa3bc9,2026-08-28T19:47:19Z,800,493,307,,,,,,,,,,,,,,,,,
campaign_e_in,in_n800_rho0.6_near-ties_seed4.pcf,dhpac,2,0,520232,203,202,8311366129165601247,21600,23f703aa3bc9,2026-08-28T19:47:19Z,800,493,307,,,,,,,,,,,,,,,,,
campaign_e_in,in_n800_rho1.0_anti-correlated_seed0.pcf,dhpac,0,0,2574572,410,409,12990929045750737614,21600,23f703aa3bc9,2026-08-28T19:47:19Z,800,799,1,,,,,,,,,,,,,,,,,
campaign_e_in,in_n800_rho1.0_anti-correlated_seed0.pcf,dhpac,1,0,2458090,410,409,12990929045750737614,21600,23f703aa3bc9,2026-08-28T19:47:19Z,800,799,1,,,,,,,,,,,,,,,,,
campaign_e_in,in_n800_rho1.0_anti-correlated_seed0.pcf,dhpac,2,0,2414990,410,409,12990929045750737614,21600,23f703aa3bc9,2026-08-28T19:47:19Z,800,799,1,,,,,,,,,,,,,,,,,
campaign_e_in,in_n800_rho1.0_anti-correlated_seed1.pcf,dhpac,0,0,2089835,390,389,9141144713313584120,21600,23f703aa3bc9,2026-08-28T19:47:19Z,800,799,1,,,,,,,,,,,,,,,,,
campaign_e_in,in_n800_rho1.0_anti-correlated_seed1.pcf,dhpac,1,0,2017860,390,389,9141144713313584120,21600,23f703aa3bc9,2026-08-28T19:47:19Z,800,799,1,,,,,,,,,,,,,,,,,
campaign_e_in,in_n800_rho1.0_anti-correlated_seed1.pcf,dhpac,2,0,1995322,390,389,9141144713313584120,21600,23f703aa3bc9,2026-08-28T19:47:19Z,800,799,1,,,,,,,,,,,,,,,,,
campaign_e_in,in_n800_rho1.0_anti-correlated_seed2.pcf,dhpac,0,0,3014997,405,404,17653284392242429769,21600,23f703aa3bc9,2026-08-28T19:47:19Z,800,799,1,,,,,,,,,,,,,,,,,
campaign_e_in,in_n800_rho1.0_anti-correlated_seed2.pcf,dhpac,1,0,2912208,405,404,17653284392242429769,21600,23f703aa3bc9,2026-08-28T19:47:19Z,800,799,1,,,,,,,,,,,,,,,,,
campaign_e_in,in_n800_rho1.0_anti-correlated_seed2.pcf,dhpac,2,0,2889150,405,404,17653284392242429769,21600,23f703aa3bc9,2026-08-28T19:47:19Z,800,799,1,,,,,,,,,,,,,,,,,
campaign_e_in,in_n800_rho1.0_anti-correlated_seed3.pcf,dhpac,0,0,2791166,402,401,15380978633800986727,21600,23f703aa3bc9,2026-08-28T19:47:19Z,800,799,1,,,,,,,,,,,,,,,,,
campaign_e_in,in_n800_rho1.0_anti-correlated_seed3.pcf,dhpac,1,0,2718149,402,401,15380978633800986727,21600,23f703aa3bc9,2026-08-28T19:47:19Z,800,799,1,,,,,,,,,,,,,,,,,
campaign_e_in,in_n800_rho1.0_anti-correlated_seed3.pcf,dhpac,2,0,2695318,402,401,15380978633800986727,21600,23f703aa3bc9,2026-08-28T19:47:19Z,800,799,1,,,,,,,,,,,,,,,,,
campaign_e_in,in_n800_rho1.0_anti-correlated_seed4.pcf,dhpac,0,0,2125049,418,417,12901584213896427976,21600,23f703aa3bc9,2026-08-28T19:47:19Z,800,799,1,,,,,,,,,,,,,,,,,
campaign_e_in,in_n800_rho1.0_anti-correlated_seed4.pcf,dhpac,1,0,2093086,418,417,12901584213896427976,21600,23f703aa3bc9,2026-08-28T19:47:19Z,800,799,1,,,,,,,,,,,,,,,,,
campaign_e_in,in_n800_rho1.0_anti-correlated_seed4.pcf,dhpac,2,0,2082919,418,417,12901584213896427976,21600,23f703aa3bc9,2026-08-28T19:47:19Z,800,799,1,,,,,,,,,,,,,,,,,
campaign_e_in,in_n800_rho1.0_correlated_seed0.pcf,dhpac,0,0,2444583,406,405,2527852687185643273,21600,23f703aa3bc9,2026-08-28T19:47:19Z,800,799,1,,,,,,,,,,,,,,,,,
campaign_e_in,in_n800_rho1.0_correlated_seed0.pcf,dhpac,1,0,2373038,406,405,2527852687185643273,21600,23f703aa3bc9,2026-08-28T19:47:19Z,800,799,1,,,,,,,,,,,,,,,,,
campaign_e_in,in_n800_rho1.0_correlated_seed0.pcf,dhpac,2,0,2353184,406,405,2527852687185643273,21600,23f703aa3bc9,2026-08-28T19:47:19Z,800,799,1,,,,,,,,,,,,,,,,,
campaign_e_in,in_n800_rho1.0_correlated_seed1.pcf,dhpac,0,0,2096890,408,407,10881194263144690237,21600,23f703aa3bc9,2026-08-28T19:47:19Z,800,799,1,,,,,,,,,,,,,,,,,
campaign_e_in,in_n800_rho1.0_correlated_seed1.pcf,dhpac,1,0,2079794,408,407,10881194263144690237,21600,23f703aa3bc9,2026-08-28T19:47:19Z,800,799,1,,,,,,,,,,,,,,,,,
campaign_e_in,in_n800_rho1.0_correlated_seed1.pcf,dhpac,2,0,2044777,408,407,10881194263144690237,21600,23f703aa3bc9,2026-08-28T19:47:19Z,800,799,1,,,,,,,,,,,,,,,,,
campaign_e_in,in_n800_rho1.0_correlated_seed2.pcf,dhpac,0,0,2902903,409,408,15035752317079383070,21600,23f703aa3bc9,2026-08-28T19:47:19Z,800,799,1,,,,,,,,,,,,,,,,,
campaign_e_in,in_n800_rho1.0_correlated_seed2.pcf,dhpac,1,0,2853336,409,408,15035752317079383070,21600,23f703aa3bc9,2026-08-28T19:47:19Z,800,799,1,,,,,,,,,,,,,,,,,
campaign_e_in,in_n800_rho1.0_correlated_seed2.pcf,dhpac,2,0,2818603,409,408,15035752317079383070,21600,23f703aa3bc9,2026-08-28T19:47:19Z,800,799,1,,,,,,,,,,,,,,,,,
campaign_e_in,in_n800_rho1.0_correlated_seed3.pcf,dhpac,0,0,2775724,382,381,2986758600809356036,21600,23f703aa3bc9,2026-08-28T19:47:19Z,800,799,1,,,,,,,,,,,,,,,,,
campaign_e_in,in_n800_rho1.0_correlated_seed3.pcf,dhpac,1,0,2701728,382,381,2986758600809356036,21600,23f703aa3bc9,2026-08-28T19:47:19Z,800,799,1,,,,,,,,,,,,,,,,,
campaign_e_in,in_n800_rho1.0_correlated_seed3.pcf,dhpac,2,0,2691941,382,381,2986758600809356036,21600,23f703aa3bc9,2026-08-28T19:47:19Z,800,799,1,,,,,,,,,,,,,,,,,
campaign_e_in,in_n800_rho1.0_correlated_seed4.pcf,dhpac,0,0,2156327,394,393,3057422418198552498,21600,23f703aa3bc9,2026-08-28T19:47:19Z,800,799,1,,,,,,,,,,,,,,,,,
campaign_e_in,in_n800_rho1.0_correlated_seed4.pcf,dhpac,1,0,2059529,394,393,3057422418198552498,21600,23f703aa3bc9,2026-08-28T19:47:19Z,800,799,1,,,,,,,,,,,,,,,,,
campaign_e_in,in_n800_rho1.0_correlated_seed4.pcf,dhpac,2,0,2039653,394,393,3057422418198552498,21600,23f703aa3bc9,2026-08-28T19:47:19Z,800,799,1,,,,,,,,,,,,,,,,,
campaign_e_in,in_n800_rho1.0_exact-ties_seed0.pcf,dhpac,0,0,2112372,153,152,5995165781138045529,21600,23f703aa3bc9,2026-08-28T19:47:19Z,800,799,1,,,,,,,,,,,,,,,,,
campaign_e_in,in_n800_rho1.0_exact-ties_seed0.pcf,dhpac,1,0,2022180,153,152,5995165781138045529,21600,23f703aa3bc9,2026-08-28T19:47:19Z,800,799,1,,,,,,,,,,,,,,,,,
campaign_e_in,in_n800_rho1.0_exact-ties_seed0.pcf,dhpac,2,0,2007370,153,152,5995165781138045529,21600,23f703aa3bc9,2026-08-28T19:47:19Z,800,799,1,,,,,,,,,,,,,,,,,
campaign_e_in,in_n800_rho1.0_exact-ties_seed1.pcf,dhpac,0,0,2154458,170,169,378318354697502073,21600,23f703aa3bc9,2026-08-28T19:47:19Z,800,799,1,,,,,,,,,,,,,,,,,
campaign_e_in,in_n800_rho1.0_exact-ties_seed1.pcf,dhpac,1,0,2144541,170,169,378318354697502073,21600,23f703aa3bc9,2026-08-28T19:47:19Z,800,799,1,,,,,,,,,,,,,,,,,
campaign_e_in,in_n800_rho1.0_exact-ties_seed1.pcf,dhpac,2,0,2113367,170,169,378318354697502073,21600,23f703aa3bc9,2026-08-28T19:47:19Z,800,799,1,,,,,,,,,,,,,,,,,
campaign_e_in,in_n800_rho1.0_exact-ties_seed2.pcf,dhpac,0,0,2461027,149,148,9232423861810481839,21600,23f703aa3bc9,2026-08-28T19:47:19Z,800,799,1,,,,,,,,,,,,,,,,,
campaign_e_in,in_n800_rho1.0_exact-ties_seed2.pcf,dhpac,1,0,2421933,149,148,9232423861810481839,21600,23f703aa3bc9,2026-08-28T19:47:19Z,800,799,1,,,,,,,,,,,,,,,,,
campaign_e_in,in_n800_rho1.0_exact-ties_seed2.pcf,dhpac,2,0,2421394,149,148,9232423861810481839,21600,23f703aa3bc9,2026-08-28T19:47:19Z,800,799,1,,,,,,,,,,,,,,,,,
campaign_e_in,in_n800_rho1.0_exact-ties_seed3.pcf,dhpac,0,0,2548766,169,168,5023522972260747678,21600,23f703aa3bc9,2026-08-28T19:47:19Z,800,799,1,,,,,,,,,,,,,,,,,
campaign_e_in,in_n800_rho1.0_exact-ties_seed3.pcf,dhpac,1,0,2428187,169,168,5023522972260747678,21600,23f703aa3bc9,2026-08-28T19:47:19Z,800,799,1,,,,,,,,,,,,,,,,,
campaign_e_in,in_n800_rho1.0_exact-ties_seed3.pcf,dhpac,2,0,2405978,169,168,5023522972260747678,21600,23f703aa3bc9,2026-08-28T19:47:19Z,800,799,1,,,,,,,,,,,,,,,,,
campaign_e_in,in_n800_rho1.0_exact-ties_seed4.pcf,dhpac,0,0,2540638,158,157,6923286521052318994,21600,23f703aa3bc9,2026-08-28T19:47:19Z,800,799,1,,,,,,,,,,,,,,,,,
campaign_e_in,in_n800_rho1.0_exact-ties_seed4.pcf,dhpac,1,0,2483712,158,157,6923286521052318994,21600,23f703aa3bc9,2026-08-28T19:47:19Z,800,799,1,,,,,,,,,,,,,,,,,
campaign_e_in,in_n800_rho1.0_exact-ties_seed4.pcf,dhpac,2,0,2464315,158,157,6923286521052318994,21600,23f703aa3bc9,2026-08-28T19:47:19Z,800,799,1,,,,,,,,,,,,,,,,,
campaign_e_in,in_n800_rho1.0_independent-positive_seed0.pcf,dhpac,0,0,2023578,390,389,8370404491001274682,21760,23f703aa3bc9,2026-08-28T19:47:19Z,800,799,1,,,,,,,,,,,,,,,,,
campaign_e_in,in_n800_rho1.0_independent-positive_seed0.pcf,dhpac,1,0,1993777,390,389,8370404491001274682,21760,23f703aa3bc9,2026-08-28T19:47:19Z,800,799,1,,,,,,,,,,,,,,,,,
campaign_e_in,in_n800_rho1.0_independent-positive_seed0.pcf,dhpac,2,0,1967830,390,389,8370404491001274682,21760,23f703aa3bc9,2026-08-28T19:47:19Z,800,799,1,,,,,,,,,,,,,,,,,
campaign_e_in,in_n800_rho1.0_independent-positive_seed1.pcf,dhpac,0,0,2259701,405,404,156268160153885799,21760,23f703aa3bc9,2026-08-28T19:47:19Z,800,799,1,,,,,,,,,,,,,,,,,
campaign_e_in,in_n800_rho1.0_independent-positive_seed1.pcf,dhpac,1,0,2222961,405,404,156268160153885799,21760,23f703aa3bc9,2026-08-28T19:47:19Z,800,799,1,,,,,,,,,,,,,,,,,
campaign_e_in,in_n800_rho1.0_independent-positive_seed1.pcf,dhpac,2,0,2192648,405,404,156268160153885799,21760,23f703aa3bc9,2026-08-28T19:47:19Z,800,799,1,,,,,,,,,,,,,,,,,
campaign_e_in,in_n800_rho1.0_independent-positive_seed2.pcf,dhpac,0,0,2686627,409,408,13300610997673944880,21760,23f703aa3bc9,2026-08-28T19:47:19Z,800,799,1,,,,,,,,,,,,,,,,,
campaign_e_in,in_n800_rho1.0_independent-positive_seed2.pcf,dhpac,1,0,2619590,409,408,13300610997673944880,21760,23f703aa3bc9,2026-08-28T19:47:19Z,800,799,1,,,,,,,,,,,,,,,,,
campaign_e_in,in_n800_rho1.0_independent-positive_seed2.pcf,dhpac,2,0,2577502,409,408,13300610997673944880,21760,23f703aa3bc9,2026-08-28T19:47:19Z,800,799,1,,,,,,,,,,,,,,,,,
campaign_e_in,in_n800_rho1.0_independent-positive_seed3.pcf,dhpac,0,0,2472733,405,404,11133246129492149733,21760,23f703aa3bc9,2026-08-28T19:47:19Z,800,799,1,,,,,,,,,,,,,,,,,
campaign_e_in,in_n800_rho1.0_independent-positive_seed3.pcf,dhpac,1,0,2432713,405,404,11133246129492149733,21760,23f703aa3bc9,2026-08-28T19:47:19Z,800,799,1,,,,,,,,,,,,,,,,,
campaign_e_in,in_n800_rho1.0_independent-positive_seed3.pcf,dhpac,2,0,2423629,405,404,11133246129492149733,21760,23f703aa3bc9,2026-08-28T19:47:19Z,800,799,1,,,,,,,,,,,,,,,,,
campaign_e_in,in_n800_rho1.0_independent-positive_seed4.pcf,dhpac,0,0,2665186,413,412,14454972197796259143,21760,23f703aa3bc9,2026-08-28T19:47:19Z,800,799,1,,,,,,,,,,,,,,,,,
campaign_e_in,in_n800_rho1.0_independent-positive_seed4.pcf,dhpac,1,0,2571988,413,412,14454972197796259143,21760,23f703aa3bc9,2026-08-28T19:47:19Z,800,799,1,,,,,,,,,,,,,,,,,
campaign_e_in,in_n800_rho1.0_independent-positive_seed4.pcf,dhpac,2,0,2553500,413,412,14454972197796259143,21760,23f703aa3bc9,2026-08-28T19:47:19Z,800,799,1,,,,,,,,,,,,,,,,,
campaign_e_in,in_n800_rho1.0_independent-signed_seed0.pcf,dhpac,0,0,2026895,404,403,7678547867831575475,21760,23f703aa3bc9,2026-08-28T19:47:19Z,800,799,1,,,,,,,,,,,,,,,,,
campaign_e_in,in_n800_rho1.0_independent-signed_seed0.pcf,dhpac,1,0,1990659,404,403,7678547867831575475,21760,23f703aa3bc9,2026-08-28T19:47:19Z,800,799,1,,,,,,,,,,,,,,,,,
campaign_e_in,in_n800_rho1.0_independent-signed_seed0.pcf,dhpac,2,0,1964917,404,403,7678547867831575475,21760,23f703aa3bc9,2026-08-28T19:47:19Z,800,799,1,,,,,,,,,,,,,,,,,
campaign_e_in,in_n800_rho1.0_independent-signed_seed1.pcf,dhpac,0,0,2212790,393,392,17451063805126971867,21760,23f703aa3bc9,2026-08-28T19:47:19Z,800,799,1,,,,,,,,,,,,,,,,,
campaign_e_in,in_n800_rho1.0_independent-signed_seed1.pcf,dhpac,1,0,2161744,393,392,17451063805126971867,21760,23f703aa3bc9,2026-08-28T19:47:19Z,800,799,1,,,,,,,,,,,,,,,,,
campaign_e_in,in_n800_rho1.0_independent-signed_seed1.pcf,dhpac,2,0,2150605,393,392,17451063805126971867,21760,23f703aa3bc9,2026-08-28T19:47:19Z,800,799,1,,,,,,,,,,,,,,,,,
campaign_e_in,in_n800_rho1.0_independent-signed_seed2.pcf,dhpac,0,0,2563437,395,394,13920683773156719663,21760,23f703aa3bc9,2026-08-28T19:47:19Z,800,799,1,,,,,,,,,,,,,,,,,
campaign_e_in,in_n800_rho1.0_independent-signed_seed2.pcf,dhpac,1,0,2496257,395,394,13920683773156719663,21760,23f703aa3bc9,2026-08-28T19:47:19Z,800,799,1,,,,,,,,,,,,,,,,,
campaign_e_in,in_n800_rho1.0_independent-signed_seed2.pcf,dhpac,2,0,2449477,395,394,13920683773156719663,21760,23f703aa3bc9,2026-08-28T19:47:19Z,800,799,1,,,,,,,,,,,,,,,,,
campaign_e_in,in_n800_rho1.0_independent-signed_seed3.pcf,dhpac,0,0,2441063,387,386,17055641089305294153,21760,23f703aa3bc9,2026-08-28T19:47:19Z,800,799,1,,,,,,,,,,,,,,,,,
campaign_e_in,in_n800_rho1.0_independent-signed_seed3.pcf,dhpac,1,0,2371395,387,386,17055641089305294153,21760,23f703aa3bc9,2026-08-28T19:47:19Z,800,799,1,,,,,,,,,,,,,,,,,
campaign_e_in,in_n800_rho1.0_independent-signed_seed3.pcf,dhpac,2,0,2356075,387,386,17055641089305294153,21760,23f703aa3bc9,2026-08-28T19:47:19Z,800,799,1,,,,,,,,,,,,,,,,,
campaign_e_in,in_n800_rho1.0_independent-signed_seed4.pcf,dhpac,0,0,2613931,408,407,1337971151931386486,21760,23f703aa3bc9,2026-08-28T19:47:19Z,800,799,1,,,,,,,,,,,,,,,,,
campaign_e_in,in_n800_rho1.0_independent-signed_seed4.pcf,dhpac,1,0,2562438,408,407,1337971151931386486,21760,23f703aa3bc9,2026-08-28T19:47:19Z,800,799,1,,,,,,,,,,,,,,,,,
campaign_e_in,in_n800_rho1.0_independent-signed_seed4.pcf,dhpac,2,0,2511323,408,407,1337971151931386486,21760,23f703aa3bc9,2026-08-28T19:47:19Z,800,799,1,,,,,,,,,,,,,,,,,
campaign_e_in,in_n800_rho1.0_near-ties_seed0.pcf,dhpac,0,0,2211132,186,185,16215990337092946059,21760,23f703aa3bc9,2026-08-28T19:47:19Z,800,799,1,,,,,,,,,,,,,,,,,
campaign_e_in,in_n800_rho1.0_near-ties_seed0.pcf,dhpac,1,0,2135491,186,185,16215990337092946059,21760,23f703aa3bc9,2026-08-28T19:47:19Z,800,799,1,,,,,,,,,,,,,,,,,
campaign_e_in,in_n800_rho1.0_near-ties_seed0.pcf,dhpac,2,0,2114602,186,185,16215990337092946059,21760,23f703aa3bc9,2026-08-28T19:47:19Z,800,799,1,,,,,,,,,,,,,,,,,
campaign_e_in,in_n800_rho1.0_near-ties_seed1.pcf,dhpac,0,0,2378702,186,185,12033917003565821894,21760,23f703aa3bc9,2026-08-28T19:47:19Z,800,799,1,,,,,,,,,,,,,,,,,
campaign_e_in,in_n800_rho1.0_near-ties_seed1.pcf,dhpac,1,0,2263650,186,185,12033917003565821894,21760,23f703aa3bc9,2026-08-28T19:47:19Z,800,799,1,,,,,,,,,,,,,,,,,
campaign_e_in,in_n800_rho1.0_near-ties_seed1.pcf,dhpac,2,0,2240442,186,185,12033917003565821894,21760,23f703aa3bc9,2026-08-28T19:47:19Z,800,799,1,,,,,,,,,,,,,,,,,
campaign_e_in,in_n800_rho1.0_near-ties_seed2.pcf,dhpac,0,0,2524606,176,175,12740187015243332051,21760,23f703aa3bc9,2026-08-28T19:47:19Z,800,799,1,,,,,,,,,,,,,,,,,
campaign_e_in,in_n800_rho1.0_near-ties_seed2.pcf,dhpac,1,0,2405592,176,175,12740187015243332051,21760,23f703aa3bc9,2026-08-28T19:47:19Z,800,799,1,,,,,,,,,,,,,,,,,
campaign_e_in,in_n800_rho1.0_near-ties_seed2.pcf,dhpac,2,0,2402046,176,175,12740187015243332051,21760,23f703aa3bc9,2026-08-28T19:47:19Z,800,799,1,,,,,,,,,,,,,,,,,
campaign_e_in,in_n800_rho1.0_near-ties_seed3.pcf,dhpac,0,0,2572334,188,187,16293302157325939456,21760,23f703aa3bc9,2026-08-28T19:47:19Z,800,799,1,,,,,,,,,,,,,,,,,
campaign_e_in,in_n800_rho1.0_near-ties_seed3.pcf,dhpac,1,0,2545731,188,187,16293302157325939456,21760,23f703aa3bc9,2026-08-28T19:47:19Z,800,799,1,,,,,,,,,,,,,,,,,
campaign_e_in,in_n800_rho1.0_near-ties_seed3.pcf,dhpac,2,0,2526456,188,187,16293302157325939456,21760,23f703aa3bc9,2026-08-28T19:47:19Z,800,799,1,,,,,,,,,,,,,,,,,
campaign_e_in,in_n800_rho1.0_near-ties_seed4.pcf,dhpac,0,0,2726033,190,189,3519185713755149099,21760,23f703aa3bc9,2026-08-28T19:47:19Z,800,799,1,,,,,,,,,,,,,,,,,
campaign_e_in,in_n800_rho1.0_near-ties_seed4.pcf,dhpac,1,0,2653950,190,189,3519185713755149099,21760,23f703aa3bc9,2026-08-28T19:47:19Z,800,799,1,,,,,,,,,,,,,,,,,
campaign_e_in,in_n800_rho1.0_near-ties_seed4.pcf,dhpac,2,0,2600990,190,189,3519185713755149099,21760,23f703aa3bc9,2026-08-28T19:47:19Z,800,799,1,,,,,,,,,,,,,,,,,
campaign_e_in,in_n90000_rho0.6_anti-correlated_seed0.pcf,dhpac,0,0,99395592,50864,50863,4054446124274680732,32660,23f703aa3bc9,2026-08-28T19:47:19Z,90000,54127,35873,,,,,,,,,,,,,,,,,
campaign_e_in,in_n90000_rho0.6_anti-correlated_seed0.pcf,dhpac,1,0,94641142,50864,50863,4054446124274680732,34200,23f703aa3bc9,2026-08-28T19:47:19Z,90000,54127,35873,,,,,,,,,,,,,,,,,
campaign_e_in,in_n90000_rho0.6_anti-correlated_seed0.pcf,dhpac,2,0,96111613,50864,50863,4054446124274680732,34200,23f703aa3bc9,2026-08-28T19:47:20Z,90000,54127,35873,,,,,,,,,,,,,,,,,
campaign_e_in,in_n90000_rho0.6_anti-correlated_seed1.pcf,dhpac,0,0,104323092,50945,50944,15205805472696666092,32988,23f703aa3bc9,2026-08-28T19:47:20Z,90000,54204,35796,,,,,,,,,,,,,,,,,
campaign_e_in,in_n90000_rho0.6_anti-correlated_seed1.pcf,dhpac,1,0,99092331,50945,50944,15205805472696666092,34052,23f703aa3bc9,2026-08-28T19:47:20Z,90000,54204,35796,,,,,,,,,,,,,,,,,
campaign_e_in,in_n90000_rho0.6_anti-correlated_seed1.pcf,dhpac,2,0,101068429,50945,50944,15205805472696666092,34208,23f703aa3bc9,2026-08-28T19:47:20Z,90000,54204,35796,,,,,,,,,,,,,,,,,
campaign_e_in,in_n90000_rho0.6_anti-correlated_seed2.pcf,dhpac,0,0,105570833,50816,50815,15800061652579764474,32956,23f703aa3bc9,2026-08-28T19:47:20Z,90000,53829,36171,,,,,,,,,,,,,,,,,
campaign_e_in,in_n90000_rho0.6_anti-correlated_seed2.pcf,dhpac,1,0,100324803,50816,50815,15800061652579764474,34324,23f703aa3bc9,2026-08-28T19:47:20Z,90000,53829,36171,,,,,,,,,,,,,,,,,
campaign_e_in,in_n90000_rho0.6_anti-correlated_seed2.pcf,dhpac,2,0,102929346,50816,50815,15800061652579764474,34324,23f703aa3bc9,2026-08-28T19:47:20Z,90000,53829,36171,,,,,,,,,,,,,,,,,
campaign_e_in,in_n90000_rho0.6_anti-correlated_seed3.pcf,dhpac,0,0,104786757,50821,50820,16245636085214395160,32948,23f703aa3bc9,2026-08-28T19:47:20Z,90000,53764,36236,,,,,,,,,,,,,,,,,
campaign_e_in,in_n90000_rho0.6_anti-correlated_seed3.pcf,dhpac,1,0,100259078,50821,50820,16245636085214395160,34800,23f703aa3bc9,2026-08-28T19:47:20Z,90000,53764,36236,,,,,,,,,,,,,,,,,
campaign_e_in,in_n90000_rho0.6_anti-correlated_seed3.pcf,dhpac,2,0,102162959,50821,50820,16245636085214395160,34800,23f703aa3bc9,2026-08-28T19:47:21Z,90000,53764,36236,,,,,,,,,,,,,,,,,
campaign_e_in,in_n90000_rho0.6_anti-correlated_seed4.pcf,dhpac,0,0,103539803,50892,50891,14683775951781211793,32808,23f703aa3bc9,2026-08-28T19:47:21Z,90000,53990,36010,,,,,,,,,,,,,,,,,
campaign_e_in,in_n90000_rho0.6_anti-correlated_seed4.pcf,dhpac,1,0,98315108,50892,50891,14683775951781211793,34668,23f703aa3bc9,2026-08-28T19:47:21Z,90000,53990,36010,,,,,,,,,,,,,,,,,
campaign_e_in,in_n90000_rho0.6_anti-correlated_seed4.pcf,dhpac,2,0,99343250,50892,50891,14683775951781211793,34668,23f703aa3bc9,2026-08-28T19:47:21Z,90000,53990,36010,,,,,,,,,,,,,,,,,
campaign_e_in,in_n90000_rho0.6_correlated_seed0.pcf,dhpac,0,0,98511708,38189,38188,11953832884535052930,30416,23f703aa3bc9,2026-08-28T19:47:21Z,90000,54127,35873,,,,,,,,,,,,,,,,,
campaign_e_in,in_n90000_rho0.6_correlated_seed0.pcf,dhpac,1,0,94666738,38189,38188,11953832884535052930,32748,23f703aa3bc9,2026-08-28T19:47:21Z,90000,54127,35873,,,,,,,,,,,,,,,,,
campaign_e_in,in_n90000_rho0.6_correlated_seed0.pcf,dhpac,2,0,95246867,38189,38188,11953832884535052930,32748,23f703aa3bc9,2026-08-28T19:47:21Z,90000,54127,35873,,,,,,,,,,,,,,,,,
campaign_e_in,in_n90000_rho0.6_correlated_seed1.pcf,dhpac,0,0,101431612,38209,38208,11188012545985005977,30584,23f703aa3bc9,2026-08-28T19:47:21Z,90000,54204,35796,,,,,,,,,,,,,,,,,
campaign_e_in,in_n90000_rho0.6_correlated_seed1.pcf,dhpac,1,0,98011434,38209,38208,11188012545985005977,33708,23f703aa3bc9,2026-08-28T19:47:21Z,90000,54204,35796,,,,,,,,,,,,,,,,,
campaign_e_in,in_n90000_rho0.6_correlated_seed1.pcf,dhpac,2,0,98253902,38209,38208,11188012545985005977,33708,23f703aa3bc9,2026-08-28T19:47:21Z,90000,54204,35796,,,,,,,,,,,,,,,,,
campaign_e_in,in_n90000_rho0.6_correlated_seed2.pcf,dhpac,0,0,103847542,38282,38281,7960499830431394672,30712,23f703aa3bc9,2026-08-28T19:47:22Z,90000,53829,36171,,,,,,,,,,,,,,,,,
campaign_e_in,in_n90000_rho0.6_correlated_seed2.pcf,dhpac,1,0,101097954,38282,38281,7960499830431394672,31792,23f703aa3bc9,2026-08-28T19:47:22Z,90000,53829,36171,,,,,,,,,,,,,,,,,
campaign_e_in,in_n90000_rho0.6_correlated_seed2.pcf,dhpac,2,0,100732786,38282,38281,7960499830431394672,31880,23f703aa3bc9,2026-08-28T19:47:22Z,90000,53829,36171,,,,,,,,,,,,,,,,,
campaign_e_in,in_n90000_rho0.6_correlated_seed3.pcf,dhpac,0,0,102799202,38348,38347,14593122747441561828,30708,23f703aa3bc9,2026-08-28T19:47:22Z,90000,53764,36236,,,,,,,,,,,,,,,,,
campaign_e_in,in_n90000_rho0.6_correlated_seed3.pcf,dhpac,1,0,99517931,38348,38347,14593122747441561828,33728,23f703aa3bc9,2026-08-28T19:47:22Z,90000,53764,36236,,,,,,,,,,,,,,,,,
campaign_e_in,in_n90000_rho0.6_correlated_seed3.pcf,dhpac,2,0,99802663,38348,38347,14593122747441561828,33864,23f703aa3bc9,2026-08-28T19:47:22Z,90000,53764,36236,,,,,,,,,,,,,,,,,
campaign_e_in,in_n90000_rho0.6_correlated_seed4.pcf,dhpac,0,0,101092887,38289,38288,8938167952454166740,30564,23f703aa3bc9,2026-08-28T19:47:22Z,90000,53990,36010,,,,,,,,,,,,,,,,,
campaign_e_in,in_n90000_rho0.6_correlated_seed4.pcf,dhpac,1,0,96976827,38289,38288,8938167952454166740,31636,23f703aa3bc9,2026-08-28T19:47:22Z,90000,53990,36010,,,,,,,,,,,,,,,,,
campaign_e_in,in_n90000_rho0.6_correlated_seed4.pcf,dhpac,2,0,111105457,38289,38288,8938167952454166740,33116,23f703aa3bc9,2026-08-28T19:47:22Z,90000,53990,36010,,,,,,,,,,,,,,,,,
campaign_e_in,in_n90000_rho0.6_exact-ties_seed0.pcf,dhpac,0,0,97539739,13535,13534,550827134122122864,26508,23f703aa3bc9,2026-08-28T19:47:23Z,90000,54042,35958,,,,,,,,,,,,,,,,,
campaign_e_in,in_n90000_rho0.6_exact-ties_seed0.pcf,dhpac,1,0,96042328,13535,13534,550827134122122864,28456,23f703aa3bc9,2026-08-28T19:47:23Z,90000,54042,35958,,,,,,,,,,,,,,,,,
campaign_e_in,in_n90000_rho0.6_exact-ties_seed0.pcf,dhpac,2,0,95981167,13535,13534,550827134122122864,29560,23f703aa3bc9,2026-08-28T19:47:23Z,90000,54042,35958,,,,,,,,,,,,,,,,,
campaign_e_in,in_n90000_rho0.6_exact-ties_seed1.pcf,dhpac,0,0,98184681,13499,13498,11733429157919725585,26516,23f703aa3bc9,2026-08-28T19:47:23Z,90000,54159,35841,,,,,,,,,,,,,,,,,
campaign_e_in,in_n90000_rho0.6_exact-ties_seed1.pcf,dhpac,1,0,96133283,13499,13498,11733429157919725585,28668,23f703aa3bc9,2026-08-28T19:47:23Z,90000,54159,35841,,,,,,,,,,,,,,,,,
campaign_e_in,in_n90000_rho0.6_exact-ties_seed1.pcf,dhpac,2,0,97015179,13499,13498,11733429157919725585,28744,23f703aa3bc9,2026-08-28T19:47:23Z,90000,54159,35841,,,,,,,,,,,,,,,,,
campaign_e_in,in_n90000_rho0.6_exact-ties_seed2.pcf,dhpac,0,0,91935305,13539,13538,7142841691418539302,26332,23f703aa3bc9,2026-08-28T19:47:23Z,90000,53830,36170,,,,,,,,,,,,,,,,,
campaign_e_in,in_n90000_rho0.6_exact-ties_seed2.pcf,dhpac,1,0,89217279,13539,13538,7142841691418539302,27992,23f703aa3bc9,2026-08-28T19:47:23Z,90000,53830,36170,,,,,,,,,,,,,,,,,
campaign_e_in,in_n90000_rho0.6_exact-ties_seed2.pcf,dhpac,2,0,89875239,13539,13538,7142841691418539302,28376,23f703aa3bc9,2026-08-28T19:47:23Z,90000,53830,36170,,,,,,,,,,,,,,,,,
campaign_e_in,in_n90000_rho0.6_exact-ties_seed3.pcf,dhpac,0,0,94443509,13535,13534,10873139782370078946,26500,23f703aa3bc9,2026-08-28T19:47:24Z,90000,53933,36067,,,,,,,,,,,,,,,,,
campaign_e_in,in_n90000_rho0.6_exact-ties_seed3.pcf,dhpac,1,0,92200267,13535,13534,10873139782370078946,28636,23f703aa3bc9,2026-08-28T19:47:24Z,90000,53933,36067,,,,,,,,,,,,,,,,,
campaign_e_in,in_n90000_rho0.6_exact-ties_seed3.pcf,dhpac,2,0,93499073,13535,13534,10873139782370078946,28636,23f703aa3bc9,2026-08-28T19:47:24Z,90000,53933,36067,,,,,,,,,,,,,,,,,
campaign_e_in,in_n90000_rho0.6_exact-ties_seed4.pcf,dhpac,0,0,90591891,13648,13647,18290844739996414516,26512,23f703aa3bc9,2026-08-28T19:47:24Z,90000,54098,35902,,,,,,,,,,,,,,,,,
campaign_e_in,in_n90000_rho0.6_exact-ties_seed4.pcf,dhpac,1,0,88842746,13648,13647,18290844739996414516,28340,23f703aa3bc9,2026-08-28T19:47:24Z,90000,54098,35902,,,,,,,,,,,,,,,,,
campaign_e_in,in_n90000_rho0.6_exact-ties_seed4.pcf,dhpac,2,0,89567422,13648,13647,18290844739996414516,28400,23f703aa3bc9,2026-08-28T19:47:24Z,90000,54098,35902,,,,,,,,,,,,,,,,,
campaign_e_in,in_n90000_rho0.6_independent-positive_seed0.pcf,dhpac,0,0,99864162,57372,57371,858857117826134302,33776,23f703aa3bc9,2026-08-28T19:47:24Z,90000,53973,36027,,,,,,,,,,,,,,,,,
campaign_e_in,in_n90000_rho0.6_independent-positive_seed0.pcf,dhpac,1,0,95224834,57372,57371,858857117826134302,34696,23f703aa3bc9,2026-08-28T19:47:24Z,90000,53973,36027,,,,,,,,,,,,,,,,,
campaign_e_in,in_n90000_rho0.6_independent-positive_seed0.pcf,dhpac,2,0,96881350,57372,57371,858857117826134302,34924,23f703aa3bc9,2026-08-28T19:47:24Z,90000,53973,36027,,,,,,,,,,,,,,,,,
campaign_e_in,in_n90000_rho0.6_independent-positive_seed1.pcf,dhpac,0,0,105775055,57040,57039,11669163910406182664,34144,23f703aa3bc9,2026-08-28T19:47:24Z,90000,54213,35787,,,,,,,,,,,,,,,,,
campaign_e_in,in_n90000_rho0.6_independent-positive_seed1.pcf,dhpac,1,0,101650048,57040,57039,11669163910406182664,35272,23f703aa3bc9,2026-08-28T19:47:25Z,90000,54213,35787,,,,,,,,,,,,,,,,,
campaign_e_in,in_n90000_rho0.6_independent-positive_seed1.pcf,dhpac,2,0,100909626,57040,57039,11669163910406182664,37672,23f703aa3bc9,2026-08-28T19:47:25Z,90000,54213,35787,,,,,,,,,,,,,,,,,
campaign_e_in,in_n90000_rho0.6_independent-positive_seed2.pcf,dhpac,0,0,100697003,57273,57272,17119706646126332963,33772,23f703aa3bc9,2026-08-28T19:47:25Z,90000,53871,36129,,,,,,,,,,,,,,,,,
campaign_e_in,in_n90000_rho0.6_independent-positive_seed2.pcf,dhpac,1,0,95442238,57273,57272,17119706646126332963,34684,23f703aa3bc9,2026-08-28T19:47:25Z,90000,53871,36129,,,,,,,,,,,,,,,,,
campaign_e_in,in_n90000_rho0.6_independent-positive_seed2.pcf,dhpac,2,0,97051733,57273,57272,17119706646126332963,35060,23f703aa3bc9,2026-08-28T19:47:25Z,90000,53871,36129,,,,,,,,,,,,,,,,,
campaign_e_in,in_n90000_rho0.6_independent-positive_seed3.pcf,dhpac,0,0,101058480,57527,57526,15793251037900416195,33856,23f703aa3bc9,2026-08-28T19:47:25Z,90000,53751,36249,,,,,,,,,,,,,,,,,
campaign_e_in,in_n90000_rho0.6_independent-positive_seed3.pcf,dhpac,1,0,96320212,57527,57526,15793251037900416195,35372,23f703aa3bc9,2026-08-28T19:47:25Z,90000,53751,36249,,,,,,,,,,,,,,,,,
campaign_e_in,in_n90000_rho0.6_independent-positive_seed3.pcf,dhpac,2,0,97839809,57527,57526,15793251037900416195,35372,23f703aa3bc9,2026-08-28T19:47:25Z,90000,53751,36249,,,,,,,,,,,,,,,,,
campaign_e_in,in_n90000_rho0.6_independent-positive_seed4.pcf,dhpac,0,0,102820602,57298,57297,866295736534420244,33920,23f703aa3bc9,2026-08-28T19:47:25Z,90000,53957,36043,,,,,,,,,,,,,,,,,
campaign_e_in,in_n90000_rho0.6_independent-positive_seed4.pcf,dhpac,1,0,98853302,57298,57297,866295736534420244,36124,23f703aa3bc9,2026-08-28T19:47:26Z,90000,53957,36043,,,,,,,,,,,,,,,,,
campaign_e_in,in_n90000_rho0.6_independent-positive_seed4.pcf,dhpac,2,0,99531477,57298,57297,866295736534420244,36124,23f703aa3bc9,2026-08-28T19:47:26Z,90000,53957,36043,,,,,,,,,,,,,,,,,
campaign_e_in,in_n90000_rho0.6_independent-signed_seed0.pcf,dhpac,0,0,99677036,59569,59568,1700851872110471826,34104,23f703aa3bc9,2026-08-28T19:47:26Z,90000,53970,36030,,,,,,,,,,,,,,,,,
campaign_e_in,in_n90000_rho0.6_independent-signed_seed0.pcf,dhpac,1,0,94205873,59569,59568,1700851872110471826,34772,23f703aa3bc9,2026-08-28T19:47:26Z,90000,53970,36030,,,,,,,,,,,,,,,,,
campaign_e_in,in_n90000_rho0.6_independent-signed_seed0.pcf,dhpac,2,0,96417314,59569,59568,1700851872110471826,35036,23f703aa3bc9,2026-08-28T19:47:26Z,90000,53970,36030,,,,,,,,,,,,,,,,,
campaign_e_in,in_n90000_rho0.6_independent-signed_seed1.pcf,dhpac,0,0,105906854,59386,59385,2215812459383471892,34600,23f703aa3bc9,2026-08-28T19:47:26Z,90000,54212,35788,,,,,,,,,,,,,,,,,
campaign_e_in,in_n90000_rho0.6_independent-signed_seed1.pcf,dhpac,1,0,100964335,59386,59385,2215812459383471892,35220,23f703aa3bc9,2026-08-28T19:47:26Z,90000,54212,35788,,,,,,,,,,,,,,,,,
campaign_e_in,in_n90000_rho0.6_independent-signed_seed1.pcf,dhpac,2,0,100642894,59386,59385,2215812459383471892,37940,23f703aa3bc9,2026-08-28T19:47:26Z,90000,54212,35788,,,,,,,,,,,,,,,,,
campaign_e_in,in_n90000_rho0.6_independent-signed_seed2.pcf,dhpac,0,0,101582071,59475,59474,132199217317323760,34260,23f703aa3bc9,2026-08-28T19:47:26Z,90000,53876,36124,,,,,,,,,,,,,,,,,
campaign_e_in,in_n90000_rho0.6_independent-signed_seed2.pcf,dhpac,1,0,97206855,59475,59474,132199217317323760,36504,23f703aa3bc9,2026-08-28T19:47:26Z,90000,53876,36124,,,,,,,,,,,,,,,,,
campaign_e_in,in_n90000_rho0.6_independent-signed_seed2.pcf,dhpac,2,0,97303146,59475,59474,132199217317323760,36528,23f703aa3bc9,2026-08-28T19:47:27Z,90000,53876,36124,,,,,,,,,,,,,,,,,
campaign_e_in,in_n90000_rho0.6_independent-signed_seed3.pcf,dhpac,0,0,100726016,59557,59556,2674562862234536664,34260,23f703aa3bc9,2026-08-28T19:47:27Z,90000,53727,36273,,,,,,,,,,,,,,,,,
campaign_e_in,in_n90000_rho0.6_independent-signed_seed3.pcf,dhpac,1,0,95301265,59557,59556,2674562862234536664,35076,23f703aa3bc9,2026-08-28T19:47:27Z,90000,53727,36273,,,,,,,,,,,,,,,,,
campaign_e_in,in_n90000_rho0.6_independent-signed_seed3.pcf,dhpac,2,0,96543911,59557,59556,2674562862234536664,35076,23f703aa3bc9,2026-08-28T19:47:27Z,90000,53727,36273,,,,,,,,,,,,,,,,,
campaign_e_in,in_n90000_rho0.6_independent-signed_seed4.pcf,dhpac,0,0,101037305,59595,59594,1244938914855317575,34244,23f703aa3bc9,2026-08-28T19:47:27Z,90000,53941,36059,,,,,,,,,,,,,,,,,
campaign_e_in,in_n90000_rho0.6_independent-signed_seed4.pcf,dhpac,1,0,96343226,59595,59594,1244938914855317575,35888,23f703aa3bc9,2026-08-28T19:47:27Z,90000,53941,36059,,,,,,,,,,,,,,,,,
campaign_e_in,in_n90000_rho0.6_independent-signed_seed4.pcf,dhpac,2,0,96238110,59595,59594,1244938914855317575,35888,23f703aa3bc9,2026-08-28T19:47:27Z,90000,53941,36059,,,,,,,,,,,,,,,,,
campaign_e_in,in_n90000_rho0.6_near-ties_seed0.pcf,dhpac,0,0,92322835,1401,1400,17205516688414346867,26520,23f703aa3bc9,2026-08-28T19:47:27Z,90000,54188,35812,,,,,,,,,,,,,,,,,
campaign_e_in,in_n90000_rho0.6_near-ties_seed0.pcf,dhpac,1,0,90657048,1401,1400,17205516688414346867,28256,23f703aa3bc9,2026-08-28T19:47:27Z,90000,54188,35812,,,,,,,,,,,,,,,,,
campaign_e_in,in_n90000_rho0.6_near-ties_seed0.pcf,dhpac,2,0,90408130,1401,1400,17205516688414346867,28648,23f703aa3bc9,2026-08-28T19:47:28Z,90000,54188,35812,,,,,,,,,,,,,,,,,
campaign_e_in,in_n90000_rho0.6_near-ties_seed1.pcf,dhpac,0,0,94887446,1453,1452,9191389858013707258,26356,23f703aa3bc9,2026-08-28T19:47:28Z,90000,54082,35918,,,,,,,,,,,,,,,,,
campaign_e_in,in_n90000_rho0.6_near-ties_seed1.pcf,dhpac,1,0,93057628,1453,1452,9191389858013707258,28572,23f703aa3bc9,2026-08-28T19:47:28Z,90000,54082,35918,,,,,,,,,,,,,,,,,
campaign_e_in,in_n90000_rho0.6_near-ties_seed1.pcf,dhpac,2,0,92266752,1453,1452,9191389858013707258,28880,23f703aa3bc9,2026-08-28T19:47:28Z,90000,54082,35918,,,,,,,,,,,,,,,,,
campaign_e_in,in_n90000_rho0.6_near-ties_seed2.pcf,dhpac,0,0,89943033,1430,1429,16278185255709716484,26516,23f703aa3bc9,2026-08-28T19:47:28Z,90000,54164,35836,,,,,,,,,,,,,,,,,
campaign_e_in,in_n90000_rho0.6_near-ties_seed2.pcf,dhpac,1,0,87993470,1430,1429,16278185255709716484,28088,23f703aa3bc9,2026-08-28T19:47:28Z,90000,54164,35836,,,,,,,,,,,,,,,,,
campaign_e_in,in_n90000_rho0.6_near-ties_seed2.pcf,dhpac,2,0,88004873,1430,1429,16278185255709716484,28548,23f703aa3bc9,2026-08-28T19:47:28Z,90000,54164,35836,,,,,,,,,,,,,,,,,
campaign_e_in,in_n90000_rho0.6_near-ties_seed3.pcf,dhpac,0,0,86555539,1439,1438,13057127273536384409,26480,23f703aa3bc9,2026-08-28T19:47:28Z,90000,53754,36246,,,,,,,,,,,,,,,,,
campaign_e_in,in_n90000_rho0.6_near-ties_seed3.pcf,dhpac,1,0,84194870,1439,1438,13057127273536384409,28048,23f703aa3bc9,2026-08-28T19:47:28Z,90000,53754,36246,,,,,,,,,,,,,,,,,
campaign_e_in,in_n90000_rho0.6_near-ties_seed3.pcf,dhpac,2,0,84208513,1439,1438,13057127273536384409,28352,23f703aa3bc9,2026-08-28T19:47:28Z,90000,53754,36246,,,,,,,,,,,,,,,,,
campaign_e_in,in_n90000_rho0.6_near-ties_seed4.pcf,dhpac,0,0,91986227,1463,1462,6168325543802222390,26352,23f703aa3bc9,2026-08-28T19:47:28Z,90000,54072,35928,,,,,,,,,,,,,,,,,
campaign_e_in,in_n90000_rho0.6_near-ties_seed4.pcf,dhpac,1,0,90296238,1463,1462,6168325543802222390,27312,23f703aa3bc9,2026-08-28T19:47:29Z,90000,54072,35928,,,,,,,,,,,,,,,,,
campaign_e_in,in_n90000_rho0.6_near-ties_seed4.pcf,dhpac,2,0,90987055,1463,1462,6168325543802222390,28228,23f703aa3bc9,2026-08-28T19:47:29Z,90000,54072,35928,,,,,,,,,,,,,,,,,
campaign_e_in,in_n90000_rho1.0_anti-correlated_seed0.pcf,dhpac,0,0,1207444690,38803,38802,1887239849610526973,120184,23f703aa3bc9,2026-08-28T19:47:30Z,90000,89999,1,,,,,,,,,,,,,,,,,
campaign_e_in,in_n90000_rho1.0_anti-correlated_seed0.pcf,dhpac,1,0,1204937826,38803,38802,1887239849610526973,168484,23f703aa3bc9,2026-08-28T19:47:31Z,90000,89999,1,,,,,,,,,,,,,,,,,
campaign_e_in,in_n90000_rho1.0_anti-correlated_seed0.pcf,dhpac,2,0,1207046362,38803,38802,1887239849610526973,168484,23f703aa3bc9,2026-08-28T19:47:32Z,90000,89999,1,,,,,,,,,,,,,,,,,
campaign_e_in,in_n90000_rho1.0_anti-correlated_seed1.pcf,dhpac,0,0,1096762029,38507,38506,7228292108000064497,120184,23f703aa3bc9,2026-08-28T19:47:33Z,90000,89999,1,,,,,,,,,,,,,,,,,
campaign_e_in,in_n90000_rho1.0_anti-correlated_seed1.pcf,dhpac,1,0,1090628775,38507,38506,7228292108000064497,170048,23f703aa3bc9,2026-08-28T19:47:35Z,90000,89999,1,,,,,,,,,,,,,,,,,
campaign_e_in,in_n90000_rho1.0_anti-correlated_seed1.pcf,dhpac,2,0,1091959686,38507,38506,7228292108000064497,170048,23f703aa3bc9,2026-08-28T19:47:36Z,90000,89999,1,,,,,,,,,,,,,,,,,
campaign_e_in,in_n90000_rho1.0_anti-correlated_seed2.pcf,dhpac,0,0,1196037768,38578,38577,7466138491179439916,120188,23f703aa3bc9,2026-08-28T19:47:37Z,90000,89999,1,,,,,,,,,,,,,,,,,
campaign_e_in,in_n90000_rho1.0_anti-correlated_seed2.pcf,dhpac,1,0,1191582830,38578,38577,7466138491179439916,168456,23f703aa3bc9,2026-08-28T19:47:38Z,90000,89999,1,,,,,,,,,,,,,,,,,
campaign_e_in,in_n90000_rho1.0_anti-correlated_seed2.pcf,dhpac,2,0,1193581335,38578,38577,7466138491179439916,170056,23f703aa3bc9,2026-08-28T19:47:39Z,90000,89999,1,,,,,,,,,,,,,,,,,
campaign_e_in,in_n90000_rho1.0_anti-correlated_seed3.pcf,dhpac,0,0,1227292757,38633,38632,14303173916663632127,120028,23f703aa3bc9,2026-08-28T19:47:41Z,90000,89999,1,,,,,,,,,,,,,,,,,
campaign_e_in,in_n90000_rho1.0_anti-correlated_seed3.pcf,dhpac,1,0,1227393780,38633,38632,14303173916663632127,168472,23f703aa3bc9,2026-08-28T19:47:42Z,90000,89999,1,,,,,,,,,,,,,,,,,
campaign_e_in,in_n90000_rho1.0_anti-correlated_seed3.pcf,dhpac,2,0,1226955300,38633,38632,14303173916663632127,168776,23f703aa3bc9,2026-08-28T19:47:43Z,90000,89999,1,,,,,,,,,,,,,,,,,
campaign_e_in,in_n90000_rho1.0_anti-correlated_seed4.pcf,dhpac,0,0,1102906145,38576,38575,2419896180032620998,120208,23f703aa3bc9,2026-08-28T19:47:44Z,90000,89999,1,,,,,,,,,,,,,,,,,
campaign_e_in,in_n90000_rho1.0_anti-correlated_seed4.pcf,dhpac,1,0,1092200790,38576,38575,2419896180032620998,168484,23f703aa3bc9,2026-08-28T19:47:45Z,90000,89999,1,,,,,,,,,,,,,,,,,
campaign_e_in,in_n90000_rho1.0_anti-correlated_seed4.pcf,dhpac,2,0,1093381557,38576,38575,2419896180032620998,170052,23f703aa3bc9,2026-08-28T19:47:46Z,90000,89999,1,,,,,,,,,,,,,,,,,
campaign_e_in,in_n90000_rho1.0_correlated_seed0.pcf,dhpac,0,0,1176056520,30878,30877,298757449520310888,120188,23f703aa3bc9,2026-08-28T19:47:48Z,90000,89999,1,,,,,,,,,,,,,,,,,
campaign_e_in,in_n90000_rho1.0_correlated_seed0.pcf,dhpac,1,0,1172527305,30878,30877,298757449520310888,167612,23f703aa3bc9,2026-08-28T19:47:49Z,90000,89999,1,,,,,,,,,,,,,,,,,
campaign_e_in,in_n90000_rho1.0_correlated_seed0.pcf,dhpac,2,0,1162352569,30878,30877,298757449520310888,167840,23f703aa3bc9,2026-08-28T19:47:50Z,90000,89999,1,,,,,,,,,,,,,,,,,
campaign_e_in,in_n90000_rho1.0_correlated_seed1.pcf,dhpac,0,0,1095006886,31017,31016,17954382188998979400,120184,23f703aa3bc9,2026-08-28T19:47:51Z,90000,89999,1,,,,,,,,,,,,,,,,,
campaign_e_in,in_n90000_rho1.0_correlated_seed1.pcf,dhpac,1,0,1089080224,31017,31016,17954382188998979400,169548,23f703aa3bc9,2026-08-28T19:47:52Z,90000,89999,1,,,,,,,,,,,,,,,,,
campaign_e_in,in_n90000_rho1.0_correlated_seed1.pcf,dhpac,2,0,1093631424,31017,31016,17954382188998979400,169580,23f703aa3bc9,2026-08-28T19:47:53Z,90000,89999,1,,,,,,,,,,,,,,,,,
campaign_e_in,in_n90000_rho1.0_correlated_seed2.pcf,dhpac,0,0,1193223873,31145,31144,11478646788220496774,120192,23f703aa3bc9,2026-08-28T19:47:54Z,90000,89999,1,,,,,,,,,,,,,,,,,
campaign_e_in,in_n90000_rho1.0_correlated_seed2.pcf,dhpac,1,0,1189833254,31145,31144,11478646788220496774,167640,23f703aa3bc9,2026-08-28T19:47:56Z,90000,89999,1,,,,,,,,,,,,,,,,,
campaign_e_in,in_n90000_rho1.0_correlated_seed2.pcf,dhpac,2,0,1181995121,31145,31144,11478646788220496774,168664,23f703aa3bc9,2026-08-28T19:47:57Z,90000,89999,1,,,,,,,,,,,,,,,,,
campaign_e_in,in_n90000_rho1.0_correlated_seed3.pcf,dhpac,0,0,1210455252,30846,30845,11583469515958534053,120188,23f703aa3bc9,2026-08-28T19:47:58Z,90000,89999,1,,,,,,,,,,,,,,,,,
campaign_e_in,in_n90000_rho1.0_correlated_seed3.pcf,dhpac,1,0,1205966097,30846,30845,11583469515958534053,167604,23f703aa3bc9,2026-08-28T19:47:59Z,90000,89999,1,,,,,,,,,,,,,,,,,
campaign_e_in,in_n90000_rho1.0_correlated_seed3.pcf,dhpac,2,0,1210201287,30846,30845,11583469515958534053,167604,23f703aa3bc9,2026-08-28T19:48:00Z,90000,89999,1,,,,,,,,,,,,,,,,,
campaign_e_in,in_n90000_rho1.0_correlated_seed4.pcf,dhpac,0,0,1069225005,30855,30854,11271803004306019542,120208,23f703aa3bc9,2026-08-28T19:48:02Z,90000,89999,1,,,,,,,,,,,,,,,,,
campaign_e_in,in_n90000_rho1.0_correlated_seed4.pcf,dhpac,1,0,1071944990,30855,30854,11271803004306019542,167600,23f703aa3bc9,2026-08-28T19:48:03Z,90000,89999,1,,,,,,,,,,,,,,,,,
campaign_e_in,in_n90000_rho1.0_correlated_seed4.pcf,dhpac,2,0,1059123313,30855,30854,11271803004306019542,168632,23f703aa3bc9,2026-08-28T19:48:04Z,90000,89999,1,,,,,,,,,,,,,,,,,
campaign_e_in,in_n90000_rho1.0_exact-ties_seed0.pcf,dhpac,0,0,1115856896,14817,14816,12586974122364891797,120184,23f703aa3bc9,2026-08-28T19:48:05Z,90000,89999,1,,,,,,,,,,,,,,,,,
campaign_e_in,in_n90000_rho1.0_exact-ties_seed0.pcf,dhpac,1,0,1115251667,14817,14816,12586974122364891797,168688,23f703aa3bc9,2026-08-28T19:48:06Z,90000,89999,1,,,,,,,,,,,,,,,,,
campaign_e_in,in_n90000_rho1.0_exact-ties_seed0.pcf,dhpac,2,0,1112306025,14817,14816,12586974122364891797,170048,23f703aa3bc9,2026-08-28T19:48:07Z,90000,89999,1,,,,,,,,,,,,,,,,,
campaign_e_in,in_n90000_rho1.0_exact-ties_seed1.pcf,dhpac,0,0,975030636,14775,14774,14065148239515273154,120200,23f703aa3bc9,2026-08-28T19:48:08Z,90000,89999,1,,,,,,,,,,,,,,,,,
campaign_e_in,in_n90000_rho1.0_exact-ties_seed1.pcf,dhpac,1,0,974763958,14775,14774,14065148239515273154,170124,23f703aa3bc9,2026-08-28T19:48:09Z,90000,89999,1,,,,,,,,,,,,,,,,,
campaign_e_in,in_n90000_rho1.0_exact-ties_seed1.pcf,dhpac,2,0,972816692,14775,14774,14065148239515273154,170124,23f703aa3bc9,2026-08-28T19:48:10Z,90000,89999,1,,,,,,,,,,,,,,,,,
campaign_e_in,in_n90000_rho1.0_exact-ties_seed2.pcf,dhpac,0,0,1039775443,14800,14799,5905054812211814575,120332,23f703aa3bc9,2026-08-28T19:48:11Z,90000,89999,1,,,,,,,,,,,,,,,,,
campaign_e_in,in_n90000_rho1.0_exact-ties_seed2.pcf,dhpac,1,0,1039941091,14800,14799,5905054812211814575,168688,23f703aa3bc9,2026-08-28T19:48:12Z,90000,89999,1,,,,,,,,,,,,,,,,,
campaign_e_in,in_n90000_rho1.0_exact-ties_seed2.pcf,dhpac,2,0,1038244361,14800,14799,5905054812211814575,168688,23f703aa3bc9,2026-08-28T19:48:13Z,90000,89999,1,,,,,,,,,,,,,,,,,
campaign_e_in,in_n90000_rho1.0_exact-ties_seed3.pcf,dhpac,0,0,969322093,14736,14735,5229281027948230474,120024,23f703aa3bc9,2026-08-28T19:48:14Z,90000,89999,1,,,,,,,,,,,,,,,,,
campaign_e_in,in_n90000_rho1.0_exact-ties_seed3.pcf,dhpac,1,0,971109910,14736,14735,5229281027948230474,168664,23f703aa3bc9,2026-08-28T19:48:15Z,90000,89999,1,,,,,,,,,,,,,,,,,
campaign_e_in,in_n90000_rho1.0_exact-ties_seed3.pcf,dhpac,2,0,970921779,14736,14735,5229281027948230474,170032,23f703aa3bc9,2026-08-28T19:48:16Z,90000,89999,1,,,,,,,,,,,,,,,,,
campaign_e_in,in_n90000_rho1.0_exact-ties_seed4.pcf,dhpac,0,0,1121199160,14758,14757,2445081084615471388,120188,23f703aa3bc9,2026-08-28T19:48:17Z,90000,89999,1,,,,,,,,,,,,,,,,,
campaign_e_in,in_n90000_rho1.0_exact-ties_seed4.pcf,dhpac,1,0,1121203911,14758,14757,2445081084615471388,170116,23f703aa3bc9,2026-08-28T19:48:18Z,90000,89999,1,,,,,,,,,,,,,,,,,
campaign_e_in,in_n90000_rho1.0_exact-ties_seed4.pcf,dhpac,2,0,1119969843,14758,14757,2445081084615471388,170116,23f703aa3bc9,2026-08-28T19:48:19Z,90000,89999,1,,,,,,,,,,,,,,,,,
campaign_e_in,in_n90000_rho1.0_independent-positive_seed0.pcf,dhpac,0,0,1200996527,42586,42585,15075038218320241212,120340,23f703aa3bc9,2026-08-28T19:48:21Z,90000,89999,1,,,,,,,,,,,,,,,,,
campaign_e_in,in_n90000_rho1.0_independent-positive_seed0.pcf,dhpac,1,0,1194814682,42586,42585,15075038218320241212,168764,23f703aa3bc9,2026-08-28T19:48:22Z,90000,89999,1,,,,,,,,,,,,,,,,,
campaign_e_in,in_n90000_rho1.0_independent-positive_seed0.pcf,dhpac,2,0,1206179963,42586,42585,15075038218320241212,168764,23f703aa3bc9,2026-08-28T19:48:23Z,90000,89999,1,,,,,,,,,,,,,,,,,
campaign_e_in,in_n90000_rho1.0_independent-positive_seed1.pcf,dhpac,0,0,1078244226,42376,42375,1834549862737954742,120188,23f703aa3bc9,2026-08-28T19:48:24Z,90000,89999,1,,,,,,,,,,,,,,,,,
campaign_e_in,in_n90000_rho1.0_independent-positive_seed1.pcf,dhpac,1,0,1074138031,42376,42375,1834549862737954742,169228,23f703aa3bc9,2026-08-28T19:48:25Z,90000,89999,1,,,,,,,,,,,,,,,,,
campaign_e_in,in_n90000_rho1.0_independent-positive_seed1.pcf,dhpac,2,0,1062114561,42376,42375,1834549862737954742,169452,23f703aa3bc9,2026-08-28T19:48:26Z,90000,89999,1,,,,,,,,,,,,,,,,,
campaign_e_in,in_n90000_rho1.0_independent-positive_seed2.pcf,dhpac,0,0,1119348847,42544,42543,7030417854884354721,120188,23f703aa3bc9,2026-08-28T19:48:27Z,90000,89999,1,,,,,,,,,,,,,,,,,
campaign_e_in,in_n90000_rho1.0_independent-positive_seed2.pcf,dhpac,1,0,1117305368,42544,42543,7030417854884354721,169248,23f703aa3bc9,2026-08-28T19:48:29Z,90000,89999,1,,,,,,,,,,,,,,,,,
campaign_e_in,in_n90000_rho1.0_independent-positive_seed2.pcf,dhpac,2,0,1105161838,42544,42543,7030417854884354721,170420,23f703aa3bc9,2026-08-28T19:48:30Z,90000,89999,1,,,,,,,,,,,,,,,,,
campaign_e_in,in_n90000_rho1.0_independent-positive_seed3.pcf,dhpac,0,0,1094171422,42274,42273,17453963853106029331,120184,23f703aa3bc9,2026-08-28T19:48:31Z,90000,89999,1,,,,,,,,,,,,,,,,,
campaign_e_in,in_n90000_rho1.0_independent-positive_seed3.pcf,dhpac,1,0,1090580050,42274,42273,17453963853106029331,169212,23f703aa3bc9,2026-08-28T19:48:32Z,90000,89999,1,,,,,,,,,,,,,,,,,
campaign_e_in,in_n90000_rho1.0_independent-positive_seed3.pcf,dhpac,2,0,1092150972,42274,42273,17453963853106029331,169212,23f703aa3bc9,2026-08-28T19:48:33Z,90000,89999,1,,,,,,,,,,,,,,,,,
campaign_e_in,in_n90000_rho1.0_independent-positive_seed4.pcf,dhpac,0,0,1102727151,42567,42566,12710391723936994035,120032,23f703aa3bc9,2026-08-28T19:48:34Z,90000,89999,1,,,,,,,,,,,,,,,,,
campaign_e_in,in_n90000_rho1.0_independent-positive_seed4.pcf,dhpac,1,0,1094702585,42567,42566,12710391723936994035,169256,23f703aa3bc9,2026-08-28T19:48:35Z,90000,89999,1,,,,,,,,,,,,,,,,,
campaign_e_in,in_n90000_rho1.0_independent-positive_seed4.pcf,dhpac,2,0,1085719270,42567,42566,12710391723936994035,169468,23f703aa3bc9,2026-08-28T19:48:36Z,90000,89999,1,,,,,,,,,,,,,,,,,
campaign_e_in,in_n90000_rho1.0_independent-signed_seed0.pcf,dhpac,0,0,1013020728,43670,43669,8136313986850351319,120316,23f703aa3bc9,2026-08-28T19:48:37Z,90000,89999,1,,,,,,,,,,,,,,,,,
campaign_e_in,in_n90000_rho1.0_independent-signed_seed0.pcf,dhpac,1,0,1005983221,43670,43669,8136313986850351319,168708,23f703aa3bc9,2026-08-28T19:48:38Z,90000,89999,1,,,,,,,,,,,,,,,,,
campaign_e_in,in_n90000_rho1.0_independent-signed_seed0.pcf,dhpac,2,0,1009256298,43670,43669,8136313986850351319,170272,23f703aa3bc9,2026-08-28T19:48:39Z,90000,89999,1,,,,,,,,,,,,,,,,,
campaign_e_in,in_n90000_rho1.0_independent-signed_seed1.pcf,dhpac,0,0,994106988,43777,43776,8227584261260849797,120336,23f703aa3bc9,2026-08-28T19:48:40Z,90000,89999,1,,,,,,,,,,,,,,,,,
campaign_e_in,in_n90000_rho1.0_independent-signed_seed1.pcf,dhpac,1,0,989338413,43777,43776,8227584261260849797,168736,23f703aa3bc9,2026-08-28T19:48:41Z,90000,89999,1,,,,,,,,,,,,,,,,,
campaign_e_in,in_n90000_rho1.0_independent-signed_seed1.pcf,dhpac,2,0,990033170,43777,43776,8227584261260849797,170376,23f703aa3bc9,2026-08-28T19:48:42Z,90000,89999,1,,,,,,,,,,,,,,,,,
campaign_e_in,in_n90000_rho1.0_independent-signed_seed2.pcf,dhpac,0,0,1010613240,43791,43790,7110560324021130085,120196,23f703aa3bc9,2026-08-28T19:48:43Z,90000,89999,1,,,,,,,,,,,,,,,,,
campaign_e_in,in_n90000_rho1.0_independent-signed_seed2.pcf,dhpac,1,0,1003378807,43791,43790,7110560324021130085,168604,23f703aa3bc9,2026-08-28T19:48:44Z,90000,89999,1,,,,,,,,,,,,,,,,,
campaign_e_in,in_n90000_rho1.0_independent-signed_seed2.pcf,dhpac,2,0,1009232895,43791,43790,7110560324021130085,169524,23f703aa3bc9,2026-08-28T19:48:45Z,90000,89999,1,,,,,,,,,,,,,,,,,
campaign_e_in,in_n90000_rho1.0_independent-signed_seed3.pcf,dhpac,0,0,1118050478,43690,43689,13542804258739425757,120184,23f703aa3bc9,2026-08-28T19:48:47Z,90000,89999,1,,,,,,,,,,,,,,,,,
campaign_e_in,in_n90000_rho1.0_independent-signed_seed3.pcf,dhpac,1,0,1108646002,43690,43689,13542804258739425757,169372,23f703aa3bc9,2026-08-28T19:48:48Z,90000,89999,1,,,,,,,,,,,,,,,,,
campaign_e_in,in_n90000_rho1.0_independent-signed_seed3.pcf,dhpac,2,0,1111860160,43690,43689,13542804258739425757,169372,23f703aa3bc9,2026-08-28T19:48:49Z,90000,89999,1,,,,,,,,,,,,,,,,,
campaign_e_in,in_n90000_rho1.0_independent-signed_seed4.pcf,dhpac,0,0,1081388706,44028,44027,3712776485661650122,120196,23f703aa3bc9,2026-08-28T19:48:50Z,90000,89999,1,,,,,,,,,,,,,,,,,
campaign_e_in,in_n90000_rho1.0_independent-signed_seed4.pcf,dhpac,1,0,1076749943,44028,44027,3712776485661650122,167348,23f703aa3bc9,2026-08-28T19:48:51Z,90000,89999,1,,,,,,,,,,,,,,,,,
campaign_e_in,in_n90000_rho1.0_independent-signed_seed4.pcf,dhpac,2,0,1074245060,44028,44027,3712776485661650122,167708,23f703aa3bc9,2026-08-28T19:48:52Z,90000,89999,1,,,,,,,,,,,,,,,,,
campaign_e_in,in_n90000_rho1.0_near-ties_seed0.pcf,dhpac,0,0,911383991,2065,2064,3730197886828004660,120024,23f703aa3bc9,2026-08-28T19:48:53Z,90000,89999,1,,,,,,,,,,,,,,,,,
campaign_e_in,in_n90000_rho1.0_near-ties_seed0.pcf,dhpac,1,0,911468703,2065,2064,3730197886828004660,167224,23f703aa3bc9,2026-08-28T19:48:54Z,90000,89999,1,,,,,,,,,,,,,,,,,
campaign_e_in,in_n90000_rho1.0_near-ties_seed0.pcf,dhpac,2,0,910251371,2065,2064,3730197886828004660,167648,23f703aa3bc9,2026-08-28T19:48:55Z,90000,89999,1,,,,,,,,,,,,,,,,,
campaign_e_in,in_n90000_rho1.0_near-ties_seed1.pcf,dhpac,0,0,967934875,2052,2051,3682573538840152396,120340,23f703aa3bc9,2026-08-28T19:48:56Z,90000,89999,1,,,,,,,,,,,,,,,,,
campaign_e_in,in_n90000_rho1.0_near-ties_seed1.pcf,dhpac,1,0,968048826,2052,2051,3682573538840152396,167380,23f703aa3bc9,2026-08-28T19:48:57Z,90000,89999,1,,,,,,,,,,,,,,,,,
campaign_e_in,in_n90000_rho1.0_near-ties_seed1.pcf,dhpac,2,0,968479886,2052,2051,3682573538840152396,167964,23f703aa3bc9,2026-08-28T19:48:58Z,90000,89999,1,,,,,,,,,,,,,,,,,
campaign_e_in,in_n90000_rho1.0_near-ties_seed2.pcf,dhpac,0,0,942044667,2026,2025,14930161198947681540,120192,23f703aa3bc9,2026-08-28T19:48:59Z,90000,89999,1,,,,,,,,,,,,,,,,,
campaign_e_in,in_n90000_rho1.0_near-ties_seed2.pcf,dhpac,1,0,948376469,2026,2025,14930161198947681540,166432,23f703aa3bc9,2026-08-28T19:49:00Z,90000,89999,1,,,,,,,,,,,,,,,,,
campaign_e_in,in_n90000_rho1.0_near-ties_seed2.pcf,dhpac,2,0,940984709,2026,2025,14930161198947681540,167144,23f703aa3bc9,2026-08-28T19:49:01Z,90000,89999,1,,,,,,,,,,,,,,,,,
campaign_e_in,in_n90000_rho1.0_near-ties_seed3.pcf,dhpac,0,0,1040391577,2027,2026,12854090529126907221,120220,23f703aa3bc9,2026-08-28T19:49:02Z,90000,89999,1,,,,,,,,,,,,,,,,,
campaign_e_in,in_n90000_rho1.0_near-ties_seed3.pcf,dhpac,1,0,1038874872,2027,2026,12854090529126907221,167260,23f703aa3bc9,2026-08-28T19:49:03Z,90000,89999,1,,,,,,,,,,,,,,,,,
campaign_e_in,in_n90000_rho1.0_near-ties_seed3.pcf,dhpac,2,0,1042533839,2027,2026,12854090529126907221,167260,23f703aa3bc9,2026-08-28T19:49:04Z,90000,89999,1,,,,,,,,,,,,,,,,,
campaign_e_in,in_n90000_rho1.0_near-ties_seed4.pcf,dhpac,0,0,921335524,2033,2032,14073046666405049476,120192,23f703aa3bc9,2026-08-28T19:49:05Z,90000,89999,1,,,,,,,,,,,,,,,,,
campaign_e_in,in_n90000_rho1.0_near-ties_seed4.pcf,dhpac,1,0,916019555,2033,2032,14073046666405049476,167232,23f703aa3bc9,2026-08-28T19:49:06Z,90000,89999,1,,,,,,,,,,,,,,,,,
campaign_e_in,in_n90000_rho1.0_near-ties_seed4.pcf,dhpac,2,0,916244565,2033,2032,14073046666405049476,167968,23f703aa3bc9,2026-08-28T19:49:07Z,90000,89999,1,,,,,,,,,,,,,,,,,
campaign_e_in,in_n900_rho0.6_anti-correlated_seed0.pcf,dhpac,0,0,694881,628,627,17223237721878267831,22240,23f703aa3bc9,2026-08-28T19:49:07Z,900,535,365,,,,,,,,,,,,,,,,,
campaign_e_in,in_n900_rho0.6_anti-correlated_seed0.pcf,dhpac,1,0,628786,628,627,17223237721878267831,22240,23f703aa3bc9,2026-08-28T19:49:07Z,900,535,365,,,,,,,,,,,,,,,,,
campaign_e_in,in_n900_rho0.6_anti-correlated_seed0.pcf,dhpac,2,0,646364,628,627,17223237721878267831,22240,23f703aa3bc9,2026-08-28T19:49:07Z,900,535,365,,,,,,,,,,,,,,,,,
campaign_e_in,in_n900_rho0.6_anti-correlated_seed1.pcf,dhpac,0,0,644882,646,645,15887783353022703125,22240,23f703aa3bc9,2026-08-28T19:49:07Z,900,524,376,,,,,,,,,,,,,,,,,
campaign_e_in,in_n900_rho0.6_anti-correlated_seed1.pcf,dhpac,1,0,606020,646,645,15887783353022703125,22240,23f703aa3bc9,2026-08-28T19:49:07Z,900,524,376,,,,,,,,,,,,,,,,,
campaign_e_in,in_n900_rho0.6_anti-correlated_seed1.pcf,dhpac,2,0,593990,646,645,15887783353022703125,22240,23f703aa3bc9,2026-08-28T19:49:07Z,900,524,376,,,,,,,,,,,,,,,,,
campaign_e_in,in_n900_rho0.6_anti-correlated_seed2.pcf,dhpac,0,0,772885,631,630,4745593880433047164,22240,23f703aa3bc9,2026-08-28T19:49:07Z,900,548,352,,,,,,,,,,,,,,,,,
campaign_e_in,in_n900_rho0.6_anti-correlated_seed2.pcf,dhpac,1,0,655187,631,630,4745593880433047164,22240,23f703aa3bc9,2026-08-28T19:49:07Z,900,548,352,,,,,,,,,,,,,,,,,
campaign_e_in,in_n900_rho0.6_anti-correlated_seed2.pcf,dhpac,2,0,652937,631,630,4745593880433047164,22240,23f703aa3bc9,2026-08-28T19:49:07Z,900,548,352,,,,,,,,,,,,,,,,,
campaign_e_in,in_n900_rho0.6_anti-correlated_seed3.pcf,dhpac,0,0,735383,646,645,14459460176343407240,22400,23f703aa3bc9,2026-08-28T19:49:07Z,900,546,354,,,,,,,,,,,,,,,,,
campaign_e_in,in_n900_rho0.6_anti-correlated_seed3.pcf,dhpac,1,0,695943,646,645,14459460176343407240,22400,23f703aa3bc9,2026-08-28T19:49:07Z,900,546,354,,,,,,,,,,,,,,,,,
campaign_e_in,in_n900_rho0.6_anti-correlated_seed3.pcf,dhpac,2,0,685369,646,645,14459460176343407240,22400,23f703aa3bc9,2026-08-28T19:49:07Z,900,546,354,,,,,,,,,,,,,,,,,
campaign_e_in,in_n900_rho0.6_anti-correlated_seed4.pcf,dhpac,0,0,626828,643,642,10121848874104119661,22400,23f703aa3bc9,2026-08-28T19:49:07Z,900,544,356,,,,,,,,,,,,,,,,,
campaign_e_in,in_n900_rho0.6_anti-correlated_seed4.pcf,dhpac,1,0,591219,643,642,10121848874104119661,22400,23f703aa3bc9,2026-08-28T19:49:07Z,900,544,356,,,,,,,,,,,,,,,,,
campaign_e_in,in_n900_rho0.6_anti-correlated_seed4.pcf,dhpac,2,0,611983,643,642,10121848874104119661,22400,23f703aa3bc9,2026-08-28T19:49:07Z,900,544,356,,,,,,,,,,,,,,,,,
campaign_e_in,in_n900_rho0.6_correlated_seed0.pcf,dhpac,0,0,642593,622,621,7288285869862310187,22400,23f703aa3bc9,2026-08-28T19:49:07Z,900,535,365,,,,,,,,,,,,,,,,,
campaign_e_in,in_n900_rho0.6_correlated_seed0.pcf,dhpac,1,0,601441,622,621,7288285869862310187,22400,23f703aa3bc9,2026-08-28T19:49:07Z,900,535,365,,,,,,,,,,,,,,,,,
campaign_e_in,in_n900_rho0.6_correlated_seed0.pcf,dhpac,2,0,584825,622,621,7288285869862310187,22400,23f703aa3bc9,2026-08-28T19:49:07Z,900,535,365,,,,,,,,,,,,,,,,,
campaign_e_in,in_n900_rho0.6_correlated_seed1.pcf,dhpac,0,0,631435,613,612,7071747662339672049,22400,23f703aa3bc9,2026-08-28T19:49:07Z,900,524,376,,,,,,,,,,,,,,,,,
campaign_e_in,in_n900_rho0.6_correlated_seed1.pcf,dhpac,1,0,660551,613,612,7071747662339672049,22400,23f703aa3bc9,2026-08-28T19:49:07Z,900,524,376,,,,,,,,,,,,,,,,,
campaign_e_in,in_n900_rho0.6_correlated_seed1.pcf,dhpac,2,0,568740,613,612,7071747662339672049,22400,23f703aa3bc9,2026-08-28T19:49:07Z,900,524,376,,,,,,,,,,,,,,,,,
campaign_e_in,in_n900_rho0.6_correlated_seed2.pcf,dhpac,0,0,759961,603,602,11751494339663464444,22400,23f703aa3bc9,2026-08-28T19:49:07Z,900,548,352,,,,,,,,,,,,,,,,,
campaign_e_in,in_n900_rho0.6_correlated_seed2.pcf,dhpac,1,0,633987,603,602,11751494339663464444,22400,23f703aa3bc9,2026-08-28T19:49:07Z,900,548,352,,,,,,,,,,,,,,,,,
campaign_e_in,in_n900_rho0.6_correlated_seed2.pcf,dhpac,2,0,621813,603,602,11751494339663464444,22400,23f703aa3bc9,2026-08-28T19:49:07Z,900,548,352,,,,,,,,,,,,,,,,,
campaign_e_in,in_n900_rho0.6_correlated_seed3.pcf,dhpac,0,0,740382,638,637,17824805673580576447,22400,23f703aa3bc9,2026-08-28T19:49:07Z,900,546,354,,,,,,,,,,,,,,,,,
campaign_e_in,in_n900_rho0.6_correlated_seed3.pcf,dhpac,1,0,693425,638,637,17824805673580576447,22400,23f703aa3bc9,2026-08-28T19:49:07Z,900,546,354,,,,,,,,,,,,,,,,,
campaign_e_in,in_n900_rho0.6_correlated_seed3.pcf,dhpac,2,0,686488,638,637,17824805673580576447,22400,23f703aa3bc9,2026-08-28T19:49:07Z,900,546,354,,,,,,,,,,,,,,,,,
campaign_e_in,in_n900_rho0.6_correlated_seed4.pcf,dhpac,0,0,627597,620,619,16152145771018365853,22400,23f703aa3bc9,2026-08-28T19:49:07Z,900,544,356,,,,,,,,,,,,,,,,,
campaign_e_in,in_n900_rho0.6_correlated_seed4.pcf,dhpac,1,0,582455,620,619,16152145771018365853,22400,23f703aa3bc9,2026-08-28T19:49:07Z,900,544,356,,,,,,,,,,,,,,,,,
campaign_e_in,in_n900_rho0.6_correlated_seed4.pcf,dhpac,2,0,577676,620,619,16152145771018365853,22400,23f703aa3bc9,2026-08-28T19:49:07Z,900,544,356,,,,,,,,,,,,,,,,,
campaign_e_in,in_n900_rho0.6_exact-ties_seed0.pcf,dhpac,0,0,681789,185,184,10479387070781185154,22400,23f703aa3bc9,2026-08-28T19:49:07Z,900,549,351,,,,,,,,,,,,,,,,,
campaign_e_in,in_n900_rho0.6_exact-ties_seed0.pcf,dhpac,1,0,667320,185,184,10479387070781185154,22400,23f703aa3bc9,2026-08-28T19:49:07Z,900,549,351,,,,,,,,,,,,,,,,,
campaign_e_in,in_n900_rho0.6_exact-ties_seed0.pcf,dhpac,2,0,653642,185,184,10479387070781185154,22400,23f703aa3bc9,2026-08-28T19:49:07Z,900,549,351,,,,,,,,,,,,,,,,,
campaign_e_in,in_n900_rho0.6_exact-ties_seed1.pcf,dhpac,0,0,639889,178,177,14442662673607114509,22400,23f703aa3bc9,2026-08-28T19:49:07Z,900,527,373,,,,,,,,,,,,,,,,,
campaign_e_in,in_n900_rho0.6_exact-ties_seed1.pcf,dhpac,1,0,541037,178,177,14442662673607114509,22400,23f703aa3bc9,2026-08-28T19:49:07Z,900,527,373,,,,,,,,,,,,,,,,,
campaign_e_in,in_n900_rho0.6_exact-ties_seed1.pcf,dhpac,2,0,525627,178,177,14442662673607114509,22400,23f703aa3bc9,2026-08-28T19:49:07Z,900,527,373,,,,,,,,,,,,,,,,,
campaign_e_in,in_n900_rho0.6_exact-ties_seed2.pcf,dhpac,0,0,660823,184,183,13095557560793725332,22400,23f703aa3bc9,2026-08-28T19:49:07Z,900,529,371,,,,,,,,,,,,,,,,,
campaign_e_in,in_n900_rho0.6_exact-ties_seed2.pcf,dhpac,1,0,573076,184,183,13095557560793725332,22400,23f703aa3bc9,2026-08-28T19:49:07Z,900,529,371,,,,,,,,,,,,,,,,,
campaign_e_in,in_n900_rho0.6_exact-ties_seed2.pcf,dhpac,2,0,561841,184,183,13095557560793725332,22400,23f703aa3bc9,2026-08-28T19:49:07Z,900,529,371,,,,,,,,,,,,,,,,,
campaign_e_in,in_n900_rho0.6_exact-ties_seed3.pcf,dhpac,0,0,560364,159,158,10604649589072760600,22400,23f703aa3bc9,2026-08-28T19:49:07Z,900,537,363,,,,,,,,,,,,,,,,,
campaign_e_in,in_n900_rho0.6_exact-ties_seed3.pcf,dhpac,1,0,530038,159,158,10604649589072760600,22400,23f703aa3bc9,2026-08-28T19:49:07Z,900,537,363,,,,,,,,,,,,,,,,,
campaign_e_in,in_n900_rho0.6_exact-ties_seed3.pcf,dhpac,2,0,512167,159,158,10604649589072760600,22400,23f703aa3bc9,2026-08-28T19:49:07Z,900,537,363,,,,,,,,,,,,,,,,,
campaign_e_in,in_n900_rho0.6_exact-ties_seed4.pcf,dhpac,0,0,641631,175,174,13202141174893857314,22400,23f703aa3bc9,2026-08-28T19:49:07Z,900,555,345,,,,,,,,,,,,,,,,,
campaign_e_in,in_n900_rho0.6_exact-ties_seed4.pcf,dhpac,1,0,614800,175,174,13202141174893857314,22400,23f703aa3bc9,2026-08-28T19:49:07Z,900,555,345,,,,,,,,,,,,,,,,,
campaign_e_in,in_n900_rho0.6_exact-ties_seed4.pcf,dhpac,2,0,648281,175,174,13202141174893857314,22400,23f703aa3bc9,2026-08-28T19:49:07Z,900,555,345,,,,,,,,,,,,,,,,,
campaign_e_in,in_n900_rho0.6_independent-positive_seed0.pcf,dhpac,0,0,594508,642,641,11445850142637310784,22400,23f703aa3bc9,2026-08-28T19:49:07Z,900,531,369,,,,,,,,,,,,,,,,,
campaign_e_in,in_n900_rho0.6_independent-positive_seed0.pcf,dhpac,1,0,555685,642,641,11445850142637310784,22400,23f703aa3bc9,2026-08-28T19:49:07Z,900,531,369,,,,,,,,,,,,,,,,,
campaign_e_in,in_n900_rho0.6_independent-positive_seed0.pcf,dhpac,2,0,546453,642,641,11445850142637310784,22400,23f703aa3bc9,2026-08-28T19:49:07Z,900,531,369,,,,,,,,,,,,,,,,,
campaign_e_in,in_n900_rho0.6_independent-positive_seed1.pcf,dhpac,0,0,732673,622,621,17422590019101141162,22400,23f703aa3bc9,2026-08-28T19:49:07Z,900,534,366,,,,,,,,,,,,,,,,,
campaign_e_in,in_n900_rho0.6_independent-positive_seed1.pcf,dhpac,1,0,675319,622,621,17422590019101141162,22400,23f703aa3bc9,2026-08-28T19:49:07Z,900,534,366,,,,,,,,,,,,,,,,,
campaign_e_in,in_n900_rho0.6_independent-positive_seed1.pcf,dhpac,2,0,746375,622,621,17422590019101141162,22400,23f703aa3bc9,2026-08-28T19:49:07Z,900,534,366,,,,,,,,,,,,,,,,,
campaign_e_in,in_n900_rho0.6_independent-positive_seed2.pcf,dhpac,0,0,749660,613,612,1031288862916523462,22400,23f703aa3bc9,2026-08-28T19:49:07Z,900,549,351,,,,,,,,,,,,,,,,,
campaign_e_in,in_n900_rho0.6_independent-positive_seed2.pcf,dhpac,1,0,703847,613,612,1031288862916523462,22400,23f703aa3bc9,2026-08-28T19:49:07Z,900,549,351,,,,,,,,,,,,,,,,,
campaign_e_in,in_n900_rho0.6_independent-positive_seed2.pcf,dhpac,2,0,753612,613,612,1031288862916523462,22400,23f703aa3bc9,2026-08-28T19:49:07Z,900,549,351,,,,,,,,,,,,,,,,,
campaign_e_in,in_n900_rho0.6_independent-positive_seed3.pcf,dhpac,0,0,680311,624,623,646127036833894751,22400,23f703aa3bc9,2026-08-28T19:49:07Z,900,545,355,,,,,,,,,,,,,,,,,
campaign_e_in,in_n900_rho0.6_independent-positive_seed3.pcf,dhpac,1,0,625855,624,623,646127036833894751,22400,23f703aa3bc9,2026-08-28T19:49:07Z,900,545,355,,,,,,,,,,,,,,,,,
campaign_e_in,in_n900_rho0.6_independent-positive_seed3.pcf,dhpac,2,0,623074,624,623,646127036833894751,22400,23f703aa3bc9,2026-08-28T19:49:07Z,900,545,355,,,,,,,,,,,,,,,,,
campaign_e_in,in_n900_rho0.6_independent-positive_seed4.pcf,dhpac,0,0,640226,636,635,11622381196217605966,22400,23f703aa3bc9,2026-08-28T19:49:07Z,900,545,355,,,,,,,,,,,,,,,,,
campaign_e_in,in_n900_rho0.6_independent-positive_seed4.pcf,dhpac,1,0,586370,636,635,11622381196217605966,22400,23f703aa3bc9,2026-08-28T19:49:07Z,900,545,355,,,,,,,,,,,,,,,,,
campaign_e_in,in_n900_rho0.6_independent-positive_seed4.pcf,dhpac,2,0,590888,636,635,11622381196217605966,22400,23f703aa3bc9,2026-08-28T19:49:07Z,900,545,355,,,,,,,,,,,,,,,,,
campaign_e_in,in_n900_rho0.6_independent-signed_seed0.pcf,dhpac,0,0,610391,632,631,1632030236848854435,22400,23f703aa3bc9,2026-08-28T19:49:07Z,900,531,369,,,,,,,,,,,,,,,,,
campaign_e_in,in_n900_rho0.6_independent-signed_seed0.pcf,dhpac,1,0,551360,632,631,1632030236848854435,22400,23f703aa3bc9,2026-08-28T19:49:07Z,900,531,369,,,,,,,,,,,,,,,,,
campaign_e_in,in_n900_rho0.6_independent-signed_seed0.pcf,dhpac,2,0,540716,632,631,1632030236848854435,22400,23f703aa3bc9,2026-08-28T19:49:07Z,900,531,369,,,,,,,,,,,,,,,,,
campaign_e_in,in_n900_rho0.6_independent-signed_seed1.pcf,dhpac,0,0,734612,628,627,15812321095417331255,22400,23f703aa3bc9,2026-08-28T19:49:07Z,900,534,366,,,,,,,,,,,,,,,,,
campaign_e_in,in_n900_rho0.6_independent-signed_seed1.pcf,dhpac,1,0,736682,628,627,15812321095417331255,22400,23f703aa3bc9,2026-08-28T19:49:07Z,900,534,366,,,,,,,,,,,,,,,,,
campaign_e_in,in_n900_rho0.6_independent-signed_seed1.pcf,dhpac,2,0,657288,628,627,15812321095417331255,22400,23f703aa3bc9,2026-08-28T19:49:07Z,900,534,366,,,,,,,,,,,,,,,,,
campaign_e_in,in_n900_rho0.6_independent-signed_seed2.pcf,dhpac,0,0,836480,623,622,14460915710265076479,22560,23f703aa3bc9,2026-08-28T19:49:07Z,900,550,350,,,,,,,,,,,,,,,,,
campaign_e_in,in_n900_rho0.6_independent-signed_seed2.pcf,dhpac,1,0,754041,623,622,14460915710265076479,22560,23f703aa3bc9,2026-08-28T19:49:07Z,900,550,350,,,,,,,,,,,,,,,,,
campaign_e_in,in_n900_rho0.6_independent-signed_seed2.pcf,dhpac,2,0,716394,623,622,14460915710265076479,22560,23f703aa3bc9,2026-08-28T19:49:07Z,900,550,350,,,,,,,,,,,,,,,,,
campaign_e_in,in_n900_rho0.6_independent-signed_seed3.pcf,dhpac,0,0,656397,618,617,7370196847288054305,22560,23f703aa3bc9,2026-08-28T19:49:07Z,900,545,355,,,,,,,,,,,,,,,,,
campaign_e_in,in_n900_rho0.6_independent-signed_seed3.pcf,dhpac,1,0,605492,618,617,7370196847288054305,22560,23f703aa3bc9,2026-08-28T19:49:07Z,900,545,355,,,,,,,,,,,,,,,,,
campaign_e_in,in_n900_rho0.6_independent-signed_seed3.pcf,dhpac,2,0,608158,618,617,7370196847288054305,22560,23f703aa3bc9,2026-08-28T19:49:07Z,900,545,355,,,,,,,,,,,,,,,,,
campaign_e_in,in_n900_rho0.6_independent-signed_seed4.pcf,dhpac,0,0,670414,641,640,5277097741788629391,22560,23f703aa3bc9,2026-08-28T19:49:07Z,900,545,355,,,,,,,,,,,,,,,,,
campaign_e_in,in_n900_rho0.6_independent-signed_seed4.pcf,dhpac,1,0,613808,641,640,5277097741788629391,22560,23f703aa3bc9,2026-08-28T19:49:07Z,900,545,355,,,,,,,,,,,,,,,,,
campaign_e_in,in_n900_rho0.6_independent-signed_seed4.pcf,dhpac,2,0,596475,641,640,5277097741788629391,22560,23f703aa3bc9,2026-08-28T19:49:07Z,900,545,355,,,,,,,,,,,,,,,,,
campaign_e_in,in_n900_rho0.6_near-ties_seed0.pcf,dhpac,0,0,616547,196,195,5978911752126492077,22560,23f703aa3bc9,2026-08-28T19:49:07Z,900,538,362,,,,,,,,,,,,,,,,,
campaign_e_in,in_n900_rho0.6_near-ties_seed0.pcf,dhpac,1,0,576366,196,195,5978911752126492077,22560,23f703aa3bc9,2026-08-28T19:49:07Z,900,538,362,,,,,,,,,,,,,,,,,
campaign_e_in,in_n900_rho0.6_near-ties_seed0.pcf,dhpac,2,0,576664,196,195,5978911752126492077,22560,23f703aa3bc9,2026-08-28T19:49:07Z,900,538,362,,,,,,,,,,,,,,,,,
campaign_e_in,in_n900_rho0.6_near-ties_seed1.pcf,dhpac,0,0,619267,220,219,4514734982180716462,22560,23f703aa3bc9,2026-08-28T19:49:07Z,900,541,359,,,,,,,,,,,,,,,,,
campaign_e_in,in_n900_rho0.6_near-ties_seed1.pcf,dhpac,1,0,637721,220,219,4514734982180716462,22560,23f703aa3bc9,2026-08-28T19:49:07Z,900,541,359,,,,,,,,,,,,,,,,,
campaign_e_in,in_n900_rho0.6_near-ties_seed1.pcf,dhpac,2,0,585758,220,219,4514734982180716462,22560,23f703aa3bc9,2026-08-28T19:49:07Z,900,541,359,,,,,,,,,,,,,,,,,
campaign_e_in,in_n900_rho0.6_near-ties_seed2.pcf,dhpac,0,0,680885,226,225,9809061782110199164,22560,23f703aa3bc9,2026-08-28T19:49:07Z,900,558,342,,,,,,,,,,,,,,,,,
campaign_e_in,in_n900_rho0.6_near-ties_seed2.pcf,dhpac,1,0,564404,226,225,9809061782110199164,22560,23f703aa3bc9,2026-08-28T19:49:07Z,900,558,342,,,,,,,,,,,,,,,,,
campaign_e_in,in_n900_rho0.6_near-ties_seed2.pcf,dhpac,2,0,543228,226,225,9809061782110199164,22560,23f703aa3bc9,2026-08-28T19:49:07Z,900,558,342,,,,,,,,,,,,,,,,,
campaign_e_in,in_n900_rho0.6_near-ties_seed3.pcf,dhpac,0,0,691066,209,208,15932325289587549655,22560,23f703aa3bc9,2026-08-28T19:49:07Z,900,549,351,,,,,,,,,,,,,,,,,
campaign_e_in,in_n900_rho0.6_near-ties_seed3.pcf,dhpac,1,0,651368,209,208,15932325289587549655,22560,23f703aa3bc9,2026-08-28T19:49:07Z,900,549,351,,,,,,,,,,,,,,,,,
campaign_e_in,in_n900_rho0.6_near-ties_seed3.pcf,dhpac,2,0,655549,209,208,15932325289587549655,22560,23f703aa3bc9,2026-08-28T19:49:07Z,900,549,351,,,,,,,,,,,,,,,,,
campaign_e_in,in_n900_rho0.6_near-ties_seed4.pcf,dhpac,0,0,606961,204,203,14213077056471433523,22560,23f703aa3bc9,2026-08-28T19:49:07Z,900,540,360,,,,,,,,,,,,,,,,,
campaign_e_in,in_n900_rho0.6_near-ties_seed4.pcf,dhpac,1,0,564232,204,203,14213077056471433523,22560,23f703aa3bc9,2026-08-28T19:49:07Z,900,540,360,,,,,,,,,,,,,,,,,
campaign_e_in,in_n900_rho0.6_near-ties_seed4.pcf,dhpac,2,0,558616,204,203,14213077056471433523,22560,23f703aa3bc9,2026-08-28T19:49:07Z,900,540,360,,,,,,,,,,,,,,,,,
campaign_e_in,in_n900_rho1.0_anti-correlated_seed0.pcf,dhpac,0,0,2920348,467,466,12774227301485207590,22560,23f703aa3bc9,2026-08-28T19:49:07Z,900,899,1,,,,,,,,,,,,,,,,,
campaign_e_in,in_n900_rho1.0_anti-correlated_seed0.pcf,dhpac,1,0,2822697,467,466,12774227301485207590,22560,23f703aa3bc9,2026-08-28T19:49:07Z,900,899,1,,,,,,,,,,,,,,,,,
campaign_e_in,in_n900_rho1.0_anti-correlated_seed0.pcf,dhpac,2,0,2803103,467,466,12774227301485207590,22560,23f703aa3bc9,2026-08-28T19:49:07Z,900,899,1,,,,,,,,,,,,,,,,,
campaign_e_in,in_n900_rho1.0_anti-correlated_seed1.pcf,dhpac,0,0,2960151,450,449,2934944197898842978,22560,23f703aa3bc9,2026-08-28T19:49:07Z,900,899,1,,,,,,,,,,,,,,,,,
campaign_e_in,in_n900_rho1.0_anti-correlated_seed1.pcf,dhpac,1,0,2881283,450,449,2934944197898842978,22560,23f703aa3bc9,2026-08-28T19:49:07Z,900,899,1,,,,,,,,,,,,,,,,,
campaign_e_in,in_n900_rho1.0_anti-correlated_seed1.pcf,dhpac,2,0,2884079,450,449,2934944197898842978,22560,23f703aa3bc9,2026-08-28T19:49:07Z,900,899,1,,,,,,,,,,,,,,,,,
campaign_e_in,in_n900_rho1.0_anti-correlated_seed2.pcf,dhpac,0,0,2715745,457,456,7341699004058181874,22560,23f703aa3bc9,2026-08-28T19:49:07Z,900,899,1,,,,,,,,,,,,,,,,,
campaign_e_in,in_n900_rho1.0_anti-correlated_seed2.pcf,dhpac,1,0,2652791,457,456,7341699004058181874,22560,23f703aa3bc9,2026-08-28T19:49:07Z,900,899,1,,,,,,,,,,,,,,,,,
campaign_e_in,in_n900_rho1.0_anti-correlated_seed2.pcf,dhpac,2,0,2631550,457,456,7341699004058181874,22560,23f703aa3bc9,2026-08-28T19:49:07Z,900,899,1,,,,,,,,,,,,,,,,,
campaign_e_in,in_n900_rho1.0_anti-correlated_seed3.pcf,dhpac,0,0,2935062,445,444,13957053132013144501,22560,23f703aa3bc9,2026-08-28T19:49:07Z,900,899,1,,,,,,,,,,,,,,,,,
campaign_e_in,in_n900_rho1.0_anti-correlated_seed3.pcf,dhpac,1,0,2841282,445,444,13957053132013144501,22560,23f703aa3bc9,2026-08-28T19:49:07Z,900,899,1,,,,,,,,,,,,,,,,,
campaign_e_in,in_n900_rho1.0_anti-correlated_seed3.pcf,dhpac,2,0,2822340,445,444,13957053132013144501,22560,23f703aa3bc9,2026-08-28T19:49:07Z,900,899,1,,,,,,,,,,,,,,,,,
campaign_e_in,in_n900_rho1.0_anti-correlated_seed4.pcf,dhpac,0,0,2905546,464,463,11015909059572636123,22560,23f703aa3bc9,2026-08-28T19:49:07Z,900,899,1,,,,,,,,,,,,,,,,,
campaign_e_in,in_n900_rho1.0_anti-correlated_seed4.pcf,dhpac,1,0,2810259,464,463,11015909059572636123,22560,23f703aa3bc9,2026-08-28T19:49:07Z,900,899,1,,,,,,,,,,,,,,,,,
campaign_e_in,in_n900_rho1.0_anti-correlated_seed4.pcf,dhpac,2,0,2793487,464,463,11015909059572636123,22560,23f703aa3bc9,2026-08-28T19:49:07Z,900,899,1,,,,,,,,,,,,,,,,,
campaign_e_in,in_n900_rho1.0_correlated_seed0.pcf,dhpac,0,0,2841234,456,455,3119611025418885468,22560,23f703aa3bc9,2026-08-28T19:49:07Z,900,899,1,,,,,,,,,,,,,,,,,
campaign_e_in,in_n900_rho1.0_correlated_seed0.pcf,dhpac,1,0,2749341,456,455,3119611025418885468,22560,23f703aa3bc9,2026-08-28T19:49:07Z,900,899,1,,,,,,,,,,,,,,,,,
campaign_e_in,in_n900_rho1.0_correlated_seed0.pcf,dhpac,2,0,2742407,456,455,3119611025418885468,22560,23f703aa3bc9,2026-08-28T19:49:07Z,900,899,1,,,,,,,,,,,,,,,,,
campaign_e_in,in_n900_rho1.0_correlated_seed1.pcf,dhpac,0,0,2880604,423,422,10679465940233265602,22560,23f703aa3bc9,2026-08-28T19:49:07Z,900,899,1,,,,,,,,,,,,,,,,,
campaign_e_in,in_n900_rho1.0_correlated_seed1.pcf,dhpac,1,0,2789522,423,422,10679465940233265602,22560,23f703aa3bc9,2026-08-28T19:49:07Z,900,899,1,,,,,,,,,,,,,,,,,
campaign_e_in,in_n900_rho1.0_correlated_seed1.pcf,dhpac,2,0,2793569,423,422,10679465940233265602,22560,23f703aa3bc9,2026-08-28T19:49:07Z,900,899,1,,,,,,,,,,,,,,,,,
campaign_e_in,in_n900_rho1.0_correlated_seed2.pcf,dhpac,0,0,2543078,427,426,10508066682623987682,22560,23f703aa3bc9,2026-08-28T19:49:07Z,900,899,1,,,,,,,,,,,,,,,,,
campaign_e_in,in_n900_rho1.0_correlated_seed2.pcf,dhpac,1,0,2499994,427,426,10508066682623987682,22560,23f703aa3bc9,2026-08-28T19:49:07Z,900,899,1,,,,,,,,,,,,,,,,,
campaign_e_in,in_n900_rho1.0_correlated_seed2.pcf,dhpac,2,0,2479248,427,426,10508066682623987682,22560,23f703aa3bc9,2026-08-28T19:49:07Z,900,899,1,,,,,,,,,,,,,,,,,
campaign_e_in,in_n900_rho1.0_correlated_seed3.pcf,dhpac,0,0,2819575,431,430,10453924645020166818,22560,23f703aa3bc9,2026-08-28T19:49:07Z,900,899,1,,,,,,,,,,,,,,,,,
campaign_e_in,in_n900_rho1.0_correlated_seed3.pcf,dhpac,1,0,2705379,431,430,10453924645020166818,22560,23f703aa3bc9,2026-08-28T19:49:07Z,900,899,1,,,,,,,,,,,,,,,,,
campaign_e_in,in_n900_rho1.0_correlated_seed3.pcf,dhpac,2,0,2688446,431,430,10453924645020166818,22560,23f703aa3bc9,2026-08-28T19:49:07Z,900,899,1,,,,,,,,,,,,,,,,,
campaign_e_in,in_n900_rho1.0_correlated_seed4.pcf,dhpac,0,0,2855803,462,461,15065249038131688027,22560,23f703aa3bc9,2026-08-28T19:49:07Z,900,899,1,,,,,,,,,,,,,,,,,
campaign_e_in,in_n900_rho1.0_correlated_seed4.pcf,dhpac,1,0,2794513,462,461,15065249038131688027,22560,23f703aa3bc9,2026-08-28T19:49:07Z,900,899,1,,,,,,,,,,,,,,,,,
campaign_e_in,in_n900_rho1.0_correlated_seed4.pcf,dhpac,2,0,2745099,462,461,15065249038131688027,22560,23f703aa3bc9,2026-08-28T19:49:07Z,900,899,1,,,,,,,,,,,,,,,,,
campaign_e_in,in_n900_rho1.0_exact-ties_seed0.pcf,dhpac,0,0,2568876,194,193,6519976147520604910,22560,23f703aa3bc9,2026-08-28T19:49:07Z,900,899,1,,,,,,,,,,,,,,,,,
campaign_e_in,in_n900_rho1.0_exact-ties_seed0.pcf,dhpac,1,0,2457826,194,193,6519976147520604910,22560,23f703aa3bc9,2026-08-28T19:49:07Z,900,899,1,,,,,,,,,,,,,,,,,
campaign_e_in,in_n900_rho1.0_exact-ties_seed0.pcf,dhpac,2,0,2436262,194,193,6519976147520604910,22560,23f703aa3bc9,2026-08-28T19:49:07Z,900,899,1,,,,,,,,,,,,,,,,,
campaign_e_in,in_n900_rho1.0_exact-ties_seed1.pcf,dhpac,0,0,2330559,193,192,16988996069961526153,22720,23f703aa3bc9,2026-08-28T19:49:07Z,900,899,1,,,,,,,,,,,,,,,,,
campaign_e_in,in_n900_rho1.0_exact-ties_seed1.pcf,dhpac,1,0,2293028,193,192,16988996069961526153,22720,23f703aa3bc9,2026-08-28T19:49:07Z,900,899,1,,,,,,,,,,,,,,,,,
campaign_e_in,in_n900_rho1.0_exact-ties_seed1.pcf,dhpac,2,0,2276439,193,192,16988996069961526153,22720,23f703aa3bc9,2026-08-28T19:49:07Z,900,899,1,,,,,,,,,,,,,,,,,
campaign_e_in,in_n900_rho1.0_exact-ties_seed2.pcf,dhpac,0,0,2897571,191,190,3058895449071731618,22720,23f703aa3bc9,2026-08-28T19:49:07Z,900,899,1,,,,,,,,,,,,,,,,,
campaign_e_in,in_n900_rho1.0_exact-ties_seed2.pcf,dhpac,1,0,2825223,191,190,3058895449071731618,22720,23f703aa3bc9,2026-08-28T19:49:07Z,900,899,1,,,,,,,,,,,,,,,,,
campaign_e_in,in_n900_rho1.0_exact-ties_seed2.pcf,dhpac,2,0,2832929,191,190,3058895449071731618,22720,23f703aa3bc9,2026-08-28T19:49:07Z,900,899,1,,,,,,,,,,,,,,,,,
campaign_e_in,in_n900_rho1.0_exact-ties_seed3.pcf,dhpac,0,0,2830675,180,179,14759526377604755055,22720,23f703aa3bc9,2026-08-28T19:49:07Z,900,899,1,,,,,,,,,,,,,,,,,
campaign_e_in,in_n900_rho1.0_exact-ties_seed3.pcf,dhpac,1,0,2759109,180,179,14759526377604755055,22720,23f703aa3bc9,2026-08-28T19:49:07Z,900,899,1,,,,,,,,,,,,,,,,,
campaign_e_in,in_n900_rho1.0_exact-ties_seed3.pcf,dhpac,2,0,2738342,180,179,14759526377604755055,22720,23f703aa3bc9,2026-08-28T19:49:07Z,900,899,1,,,,,,,,,,,,,,,,,
campaign_e_in,in_n900_rho1.0_exact-ties_seed4.pcf,dhpac,0,0,3148279,179,178,13097169472069896527,22720,23f703aa3bc9,2026-08-28T19:49:07Z,900,899,1,,,,,,,,,,,,,,,,,
campaign_e_in,in_n900_rho1.0_exact-ties_seed4.pcf,dhpac,1,0,2882361,179,178,13097169472069896527,22720,23f703aa3bc9,2026-08-28T19:49:07Z,900,899,1,,,,,,,,,,,,,,,,,
campaign_e_in,in_n900_rho1.0_exact-ties_seed4.pcf,dhpac,2,0,2872371,179,178,13097169472069896527,22720,23f703aa3bc9,2026-08-28T19:49:07Z,900,899,1,,,,,,,,,,,,,,,,,
campaign_e_in,in_n900_rho1.0_independent-positive_seed0.pcf,dhpac,0,0,2870969,435,434,5837365739017975017,22720,23f703aa3bc9,2026-08-28T19:49:07Z,900,899,1,,,,,,,,,,,,,,,,,
campaign_e_in,in_n900_rho1.0_independent-positive_seed0.pcf,dhpac,1,0,2784397,435,434,5837365739017975017,22720,23f703aa3bc9,2026-08-28T19:49:07Z,900,899,1,,,,,,,,,,,,,,,,,
campaign_e_in,in_n900_rho1.0_independent-positive_seed0.pcf,dhpac,2,0,2768611,435,434,5837365739017975017,22720,23f703aa3bc9,2026-08-28T19:49:07Z,900,899,1,,,,,,,,,,,,,,,,,
campaign_e_in,in_n900_rho1.0_independent-positive_seed1.pcf,dhpac,0,0,3328247,457,456,12432626482583105122,22720,23f703aa3bc9,2026-08-28T19:49:07Z,900,899,1,,,,,,,,,,,,,,,,,
campaign_e_in,in_n900_rho1.0_independent-positive_seed1.pcf,dhpac,1,0,3248381,457,456,12432626482583105122,22720,23f703aa3bc9,2026-08-28T19:49:07Z,900,899,1,,,,,,,,,,,,,,,,,
campaign_e_in,in_n900_rho1.0_independent-positive_seed1.pcf,dhpac,2,0,3212393,457,456,12432626482583105122,22720,23f703aa3bc9,2026-08-28T19:49:07Z,900,899,1,,,,,,,,,,,,,,,,,
campaign_e_in,in_n900_rho1.0_independent-positive_seed2.pcf,dhpac,0,0,2707785,467,466,10940089689117985914,22720,23f703aa3bc9,2026-08-28T19:49:07Z,900,899,1,,,,,,,,,,,,,,,,,
campaign_e_in,in_n900_rho1.0_independent-positive_seed2.pcf,dhpac,1,0,2626771,467,466,10940089689117985914,22720,23f703aa3bc9,2026-08-28T19:49:07Z,900,899,1,,,,,,,,,,,,,,,,,
campaign_e_in,in_n900_rho1.0_independent-positive_seed2.pcf,dhpac,2,0,2596185,467,466,10940089689117985914,22720,23f703aa3bc9,2026-08-28T19:49:07Z,900,899,1,,,,,,,,,,,,,,,,,
campaign_e_in,in_n900_rho1.0_independent-positive_seed3.pcf,dhpac,0,0,2850505,458,457,154684330284445786,22720,23f703aa3bc9,2026-08-28T19:49:07Z,900,899,1,,,,,,,,,,,,,,,,,
campaign_e_in,in_n900_rho1.0_independent-positive_seed3.pcf,dhpac,1,0,2745061,458,457,154684330284445786,22720,23f703aa3bc9,2026-08-28T19:49:07Z,900,899,1,,,,,,,,,,,,,,,,,
campaign_e_in,in_n900_rho1.0_independent-positive_seed3.pcf,dhpac,2,0,2721224,458,457,154684330284445786,22720,23f703aa3bc9,2026-08-28T19:49:07Z,900,899,1,,,,,,,,,,,,,,,,,
campaign_e_in,in_n900_rho1.0_independent-positive_seed4.pcf,dhpac,0,0,2946325,452,451,16056042496131153305,22720,23f703aa3bc9,2026-08-28T19:49:07Z,900,899,1,,,,,,,,,,,,,,,,,
campaign_e_in,in_n900_rho1.0_independent-positive_seed4.pcf,dhpac,1,0,2869125,452,451,16056042496131153305,22720,23f703aa3bc9,2026-08-28T19:49:07Z,900,899,1,,,,,,,,,,,,,,,,,
campaign_e_in,in_n900_rho1.0_independent-positive_seed4.pcf,dhpac,2,0,2860687,452,451,16056042496131153305,22720,23f703aa3bc9,2026-08-28T19:49:07Z,900,899,1,,,,,,,,,,,,,,,,,
campaign_e_in,in_n900_rho1.0_independent-signed_seed0.pcf,dhpac,0,0,2923284,450,449,14797621811718359413,22720,23f703aa3bc9,2026-08-28T19:49:07Z,900,899,1,,,,,,,,,,,,,,,,,
campaign_e_in,in_n900_rho1.0_independent-signed_seed0.pcf,dhpac,1,0,2784171,450,449,14797621811718359413,22720,23f703aa3bc9,2026-08-28T19:49:07Z,900,899,1,,,,,,,,,,,,,,,,,
campaign_e_in,in_n900_rho1.0_independent-signed_seed0.pcf,dhpac,2,0,2792090,450,449,14797621811718359413,22720,23f703aa3bc9,2026-08-28T19:49:07Z,900,899,1,,,,,,,,,,,,,,,,,
campaign_e_in,in_n900_rho1.0_independent-signed_seed1.pcf,dhpac,0,0,3293144,470,469,9617137884275928537,22720,23f703aa3bc9,2026-08-28T19:49:07Z,900,899,1,,,,,,,,,,,,,,,,,
campaign_e_in,in_n900_rho1.0_independent-signed_seed1.pcf,dhpac,1,0,3199873,470,469,9617137884275928537,22720,23f703aa3bc9,2026-08-28T19:49:07Z,900,899,1,,,,,,,,,,,,,,,,,
campaign_e_in,in_n900_rho1.0_independent-signed_seed1.pcf,dhpac,2,0,3183483,470,469,9617137884275928537,22720,23f703aa3bc9,2026-08-28T19:49:07Z,900,899,1,,,,,,,,,,,,,,,,,
campaign_e_in,in_n900_rho1.0_independent-signed_seed2.pcf,dhpac,0,0,2639316,449,448,4886031770762574607,22720,23f703aa3bc9,2026-08-28T19:49:07Z,900,899,1,,,,,,,,,,,,,,,,,
campaign_e_in,in_n900_rho1.0_independent-signed_seed2.pcf,dhpac,1,0,2535142,449,448,4886031770762574607,22720,23f703aa3bc9,2026-08-28T19:49:07Z,900,899,1,,,,,,,,,,,,,,,,,
campaign_e_in,in_n900_rho1.0_independent-signed_seed2.pcf,dhpac,2,0,2509303,449,448,4886031770762574607,22720,23f703aa3bc9,2026-08-28T19:49:07Z,900,899,1,,,,,,,,,,,,,,,,,
campaign_e_in,in_n900_rho1.0_independent-signed_seed3.pcf,dhpac,0,0,2828506,464,463,5762509778585137258,22720,23f703aa3bc9,2026-08-28T19:49:07Z,900,899,1,,,,,,,,,,,,,,,,,
campaign_e_in,in_n900_rho1.0_independent-signed_seed3.pcf,dhpac,1,0,2742272,464,463,5762509778585137258,22720,23f703aa3bc9,2026-08-28T19:49:07Z,900,899,1,,,,,,,,,,,,,,,,,
campaign_e_in,in_n900_rho1.0_independent-signed_seed3.pcf,dhpac,2,0,2720277,464,463,5762509778585137258,22720,23f703aa3bc9,2026-08-28T19:49:07Z,900,899,1,,,,,,,,,,,,,,,,,
campaign_e_in,in_n900_rho1.0_independent-signed_seed4.pcf,dhpac,0,0,2963619,461,460,3003769951862214565,22720,23f703aa3bc9,2026-08-28T19:49:07Z,900,899,1,,,,,,,,,,,,,,,,,
campaign_e_in,in_n900_rho1.0_independent-signed_seed4.pcf,dhpac,1,0,2880754,461,460,3003769951862214565,22720,23f703aa3bc9,2026-08-28T19:49:07Z,900,899,1,,,,,,,,,,,,,,,,,
campaign_e_in,in_n900_rho1.0_independent-signed_seed4.pcf,dhpac,2,0,2882694,461,460,3003769951862214565,22720,23f703aa3bc9,2026-08-28T19:49:07Z,900,899,1,,,,,,,,,,,,,,,,,
campaign_e_in,in_n900_rho1.0_near-ties_seed0.pcf,dhpac,0,0,3161739,176,175,11441068546435762746,22720,23f703aa3bc9,2026-08-28T19:49:07Z,900,899,1,,,,,,,,,,,,,,,,,
campaign_e_in,in_n900_rho1.0_near-ties_seed0.pcf,dhpac,1,0,3029052,176,175,11441068546435762746,22720,23f703aa3bc9,2026-08-28T19:49:07Z,900,899,1,,,,,,,,,,,,,,,,,
campaign_e_in,in_n900_rho1.0_near-ties_seed0.pcf,dhpac,2,0,3029084,176,175,11441068546435762746,22720,23f703aa3bc9,2026-08-28T19:49:07Z,900,899,1,,,,,,,,,,,,,,,,,
campaign_e_in,in_n900_rho1.0_near-ties_seed1.pcf,dhpac,0,0,2699419,193,192,10747475245464155315,22720,23f703aa3bc9,2026-08-28T19:49:07Z,900,899,1,,,,,,,,,,,,,,,,,
campaign_e_in,in_n900_rho1.0_near-ties_seed1.pcf,dhpac,1,0,2632641,193,192,10747475245464155315,22720,23f703aa3bc9,2026-08-28T19:49:07Z,900,899,1,,,,,,,,,,,,,,,,,
campaign_e_in,in_n900_rho1.0_near-ties_seed1.pcf,dhpac,2,0,2619697,193,192,10747475245464155315,22720,23f703aa3bc9,2026-08-28T19:49:07Z,900,899,1,,,,,,,,,,,,,,,,,
campaign_e_in,in_n900_rho1.0_near-ties_seed2.pcf,dhpac,0,0,2569672,197,196,8266477875882795475,22720,23f703aa3bc9,2026-08-28T19:49:07Z,900,899,1,,,,,,,,,,,,,,,,,
campaign_e_in,in_n900_rho1.0_near-ties_seed2.pcf,dhpac,1,0,2515674,197,196,8266477875882795475,22720,23f703aa3bc9,2026-08-28T19:49:07Z,900,899,1,,,,,,,,,,,,,,,,,
campaign_e_in,in_n900_rho1.0_near-ties_seed2.pcf,dhpac,2,0,2479494,197,196,8266477875882795475,22720,23f703aa3bc9,2026-08-28T19:49:07Z,900,899,1,,,,,,,,,,,,,,,,,
campaign_e_in,in_n900_rho1.0_near-ties_seed3.pcf,dhpac,0,0,2844442,199,198,13295307958347753433,22720,23f703aa3bc9,2026-08-28T19:49:07Z,900,899,1,,,,,,,,,,,,,,,,,
campaign_e_in,in_n900_rho1.0_near-ties_seed3.pcf,dhpac,1,0,2710683,199,198,13295307958347753433,22720,23f703aa3bc9,2026-08-28T19:49:07Z,900,899,1,,,,,,,,,,,,,,,,,
campaign_e_in,in_n900_rho1.0_near-ties_seed3.pcf,dhpac,2,0,2711501,199,198,13295307958347753433,22720,23f703aa3bc9,2026-08-28T19:49:07Z,900,899,1,,,,,,,,,,,,,,,,,
campaign_e_in,in_n900_rho1.0_near-ties_seed4.pcf,dhpac,0,0,2508897,206,205,16424387242443193960,22720,23f703aa3bc9,2026-08-28T19:49:07Z,900,899,1,,,,,,,,,,,,,,,,,
campaign_e_in,in_n900_rho1.0_near-ties_seed4.pcf,dhpac,1,0,2432984,206,205,16424387242443193960,22720,23f703aa3bc9,2026-08-28T19:49:07Z,900,899,1,,,,,,,,,,,,,,,,,
campaign_e_in,in_n900_rho1.0_near-ties_seed4.pcf,dhpac,2,0,2447662,206,205,16424387242443193960,22720,23f703aa3bc9,2026-08-28T19:49:07Z,900,899,1,,,,,,,,,,,,,,,,,
