campaign_id,instance,algorithm,repetition,order,elapsed_ns,n_layers,n_breakpoints,sequence_hash,peak_rss_kib,git_commit,timestamp_utc,n_nodes,n_arcs,n_components,rac_clusters,rac_joins,rac_internalizations,rac_envelope_sum_calls,rac_envelope_max_calls,rac_hull_calls,rac_lines_scanned,rac_line_comparisons,rac_rational_comparisons,rac_pieces_stored,rac_topdown_events,rac_topdown_scans,rac_expanded_vertices,rac_expanded_edges,rac_rounds,rac_max_cluster_depth,rac_estimated_bytes
campaign_d_binary,binary_n1000_anti-correlated_seed0.pcf,dfma,0,0,49540768,493,492,998361602626893447,12640,23f703aa3bc9,2026-08-28T16:57:06Z,1000,999,1,,,,,,,,,,,,,,,,,
campaign_d_binary,binary_n1000_anti-correlated_seed0.pcf,dfma,1,0,42856363,493,492,998361602626893447,12640,23f703aa3bc9,2026-08-28T16:57:06Z,1000,999,1,,,,,,,,,,,,,,,,,
campaign_d_binary,binary_n1000_anti-correlated_seed0.pcf,dfma,2,0,47584816,493,492,998361602626893447,12640,23f703aa3bc9,2026-08-28T16:57:06Z,1000,999,1,,,,,,,,,,,,,,,,,
campaign_d_binary,binary_n1000_anti-correlated_seed1.pcf,dfma,0,0,46861313,507,506,13275381362886686907,12640,23f703aa3bc9,2026-08-28T16:57:06Z,1000,999,1,,,,,,,,,,,,,,,,,
campaign_d_binary,binary_n1000_anti-correlated_seed1.pcf,dfma,1,0,46347474,507,506,13275381362886686907,12640,23f703aa3bc9,2026-08-28T16:57:06Z,1000,999,1,,,,,,,,,,,,,,,,,
campaign_d_binary,binary_n1000_anti-correlated_seed1.pcf,dfma,2,0,45466236,507,506,13275381362886686907,12640,23f703aa3bc9,2026-08-28T16:57:06Z,1000,999,1,,,,,,,,,,,,,,,,,
campaign_d_binary,binary_n1000_anti-correlated_seed2.pcf,dfma,0,0,48217609,509,508,3295823888343287083,12640,23f703aa3bc9,2026-08-28T16:57:06Z,1000,999,1,,,,,,,,,,,,,,,,,
campaign_d_binary,binary_n1000_anti-correlated_seed2.pcf,dfma,1,0,48056055,509,508,3295823888343287083,12640,23f703aa3bc9,2026-08-28T16:57:06Z,1000,999,1,,,,,,,,,,,,,,,,,
campaign_d_binary,binary_n1000_anti-correlated_seed2.pcf,dfma,2,0,48575708,509,508,3295823888343287083,12640,23f703aa3bc9,2026-08-28T16:57:06Z,1000,999,1,,,,,,,,,,,,,,,,,
campaign_d_binary,binary_n1000_anti-correlated_seed3.pcf,dfma,0,0,46197326,472,471,6688276399887907186,12640,23f703aa3bc9,2026-08-28T16:57:06Z,1000,999,1,,,,,,,,,,,,,,,,,
campaign_d_binary,binary_n1000_anti-correlated_seed3.pcf,dfma,1,0,45520170,472,471,6688276399887907186,12640,23f703aa3bc9,2026-08-28T16:57:06Z,1000,999,1,,,,,,,,,,,,,,,,,
campaign_d_binary,binary_n1000_anti-correlated_seed3.pcf,dfma,2,0,42463701,472,471,6688276399887907186,12640,23f703aa3bc9,2026-08-28T16:57:06Z,1000,999,1,,,,,,,,,,,,,,,,,
campaign_d_binary,binary_n1000_anti-correlated_seed4.pcf,dfma,0,0,47402171,511,510,7089691983439649914,12640,23f703aa3bc9,2026-08-28T16:57:06Z,1000,999,1,,,,,,,,,,,,,,,,,
campaign_d_binary,binary_n1000_anti-correlated_seed4.pcf,dfma,1,0,46871506,511,510,7089691983439649914,12640,23f703aa3bc9,2026-08-28T16:57:06Z,1000,999,1,,,,,,,,,,,,,,,,,
campaign_d_binary,binary_n1000_anti-correlated_seed4.pcf,dfma,2,0,47321737,511,510,7089691983439649914,12640,23f703aa3bc9,2026-08-28T16:57:06Z,1000,999,1,,,,,,,,,,,,,,,,,
campaign_d_binary,binary_n1000_anti-correlated_seed5.pcf,dfma,0,0,46580985,509,508,677786263835367955,12640,23f703aa3bc9,2026-08-28T16:57:06Z,1000,999,1,,,,,,,,,,,,,,,,,
campaign_d_binary,binary_n1000_anti-correlated_seed5.pcf,dfma,1,0,46526055,509,508,677786263835367955,12640,23f703aa3bc9,2026-08-28T16:57:06Z,1000,999,1,,,,,,,,,,,,,,,,,
campaign_d_binary,binary_n1000_anti-correlated_seed5.pcf,dfma,2,0,46495445,509,508,677786263835367955,12640,23f703aa3bc9,2026-08-28T16:57:06Z,1000,999,1,,,,,,,,,,,,,,,,,
campaign_d_binary,binary_n1000_anti-correlated_seed6.pcf,dfma,0,0,47482066,493,492,9289075040673361134,12640,23f703aa3bc9,2026-08-28T16:57:06Z,1000,999,1,,,,,,,,,,,,,,,,,
campaign_d_binary,binary_n1000_anti-correlated_seed6.pcf,dfma,1,0,46953272,493,492,9289075040673361134,12640,23f703aa3bc9,2026-08-28T16:57:06Z,1000,999,1,,,,,,,,,,,,,,,,,
campaign_d_binary,binary_n1000_anti-correlated_seed6.pcf,dfma,2,0,47004905,493,492,9289075040673361134,12640,23f703aa3bc9,2026-08-28T16:57:07Z,1000,999,1,,,,,,,,,,,,,,,,,
campaign_d_binary,binary_n1000_anti-correlated_seed7.pcf,dfma,0,0,46618697,497,496,2603243055252734140,12640,23f703aa3bc9,2026-08-28T16:57:07Z,1000,999,1,,,,,,,,,,,,,,,,,
campaign_d_binary,binary_n1000_anti-correlated_seed7.pcf,dfma,1,0,46499479,497,496,2603243055252734140,12640,23f703aa3bc9,2026-08-28T16:57:07Z,1000,999,1,,,,,,,,,,,,,,,,,
campaign_d_binary,binary_n1000_anti-correlated_seed7.pcf,dfma,2,0,46386450,497,496,2603243055252734140,12640,23f703aa3bc9,2026-08-28T16:57:07Z,1000,999,1,,,,,,,,,,,,,,,,,
campaign_d_binary,binary_n1000_anti-correlated_seed8.pcf,dfma,0,0,46590001,507,506,269128200557660933,12640,23f703aa3bc9,2026-08-28T16:57:07Z,1000,999,1,,,,,,,,,,,,,,,,,
campaign_d_binary,binary_n1000_anti-correlated_seed8.pcf,dfma,1,0,46172476,507,506,269128200557660933,12640,23f703aa3bc9,2026-08-28T16:57:07Z,1000,999,1,,,,,,,,,,,,,,,,,
campaign_d_binary,binary_n1000_anti-correlated_seed8.pcf,dfma,2,0,42195234,507,506,269128200557660933,12640,23f703aa3bc9,2026-08-28T16:57:07Z,1000,999,1,,,,,,,,,,,,,,,,,
campaign_d_binary,binary_n1000_anti-correlated_seed9.pcf,dfma,0,0,43973615,504,503,9124693926122167196,12640,23f703aa3bc9,2026-08-28T16:57:07Z,1000,999,1,,,,,,,,,,,,,,,,,
campaign_d_binary,binary_n1000_anti-correlated_seed9.pcf,dfma,1,0,47336070,504,503,9124693926122167196,12640,23f703aa3bc9,2026-08-28T16:57:07Z,1000,999,1,,,,,,,,,,,,,,,,,
campaign_d_binary,binary_n1000_anti-correlated_seed9.pcf,dfma,2,0,47442026,504,503,9124693926122167196,12640,23f703aa3bc9,2026-08-28T16:57:07Z,1000,999,1,,,,,,,,,,,,,,,,,
campaign_d_binary,binary_n1000_correlated_seed0.pcf,dfma,0,0,46180735,480,479,11786187215707335266,12640,23f703aa3bc9,2026-08-28T16:57:07Z,1000,999,1,,,,,,,,,,,,,,,,,
campaign_d_binary,binary_n1000_correlated_seed0.pcf,dfma,1,0,44810385,480,479,11786187215707335266,12640,23f703aa3bc9,2026-08-28T16:57:07Z,1000,999,1,,,,,,,,,,,,,,,,,
campaign_d_binary,binary_n1000_correlated_seed0.pcf,dfma,2,0,45631256,480,479,11786187215707335266,12640,23f703aa3bc9,2026-08-28T16:57:07Z,1000,999,1,,,,,,,,,,,,,,,,,
campaign_d_binary,binary_n1000_correlated_seed1.pcf,dfma,0,0,45257867,502,501,11197234300849659213,12640,23f703aa3bc9,2026-08-28T16:57:07Z,1000,999,1,,,,,,,,,,,,,,,,,
campaign_d_binary,binary_n1000_correlated_seed1.pcf,dfma,1,0,45643303,502,501,11197234300849659213,12640,23f703aa3bc9,2026-08-28T16:57:07Z,1000,999,1,,,,,,,,,,,,,,,,,
campaign_d_binary,binary_n1000_correlated_seed1.pcf,dfma,2,0,45045466,502,501,11197234300849659213,12640,23f703aa3bc9,2026-08-28T16:57:07Z,1000,999,1,,,,,,,,,,,,,,,,,
campaign_d_binary,binary_n1000_correlated_seed2.pcf,dfma,0,0,46869065,502,501,3692035159051226825,12640,23f703aa3bc9,2026-08-28T16:57:07Z,1000,999,1,,,,,,,,,,,,,,,,,
campaign_d_binary,binary_n1000_correlated_seed2.pcf,dfma,1,0,46767754,502,501,3692035159051226825,12640,23f703aa3bc9,2026-08-28T16:57:07Z,1000,999,1,,,,,,,,,,,,,,,,,
campaign_d_binary,binary_n1000_correlated_seed2.pcf,dfma,2,0,46897708,502,501,3692035159051226825,12640,23f703aa3bc9,2026-08-28T16:57:07Z,1000,999,1,,,,,,,,,,,,,,,,,
campaign_d_binary,binary_n1000_correlated_seed3.pcf,dfma,0,0,46223851,485,484,12780414105504871629,12640,23f703aa3bc9,2026-08-28T16:57:07Z,1000,999,1,,,,,,,,,,,,,,,,,
campaign_d_binary,binary_n1000_correlated_seed3.pcf,dfma,1,0,45840093,485,484,12780414105504871629,12640,23f703aa3bc9,2026-08-28T16:57:07Z,1000,999,1,,,,,,,,,,,,,,,,,
campaign_d_binary,binary_n1000_correlated_seed3.pcf,dfma,2,0,45261030,485,484,12780414105504871629,12640,23f703aa3bc9,2026-08-28T16:57:08Z,1000,999,1,,,,,,,,,,,,,,,,,
campaign_d_binary,binary_n1000_correlated_seed4.pcf,dfma,0,0,46880029,513,512,1006796316205613283,12800,23f703aa3bc9,2026-08-28T16:57:08Z,1000,999,1,,,,,,,,,,,,,,,,,
campaign_d_binary,binary_n1000_correlated_seed4.pcf,dfma,1,0,46999968,513,512,1006796316205613283,12800,23f703aa3bc9,2026-08-28T16:57:08Z,1000,999,1,,,,,,,,,,,,,,,,,
campaign_d_binary,binary_n1000_correlated_seed4.pcf,dfma,2,0,48415186,513,512,1006796316205613283,12800,23f703aa3bc9,2026-08-28T16:57:08Z,1000,999,1,,,,,,,,,,,,,,,,,
campaign_d_binary,binary_n1000_correlated_seed5.pcf,dfma,0,0,45045184,483,482,5262473141981305927,12800,23f703aa3bc9,2026-08-28T16:57:08Z,1000,999,1,,,,,,,,,,,,,,,,,
campaign_d_binary,binary_n1000_correlated_seed5.pcf,dfma,1,0,44914153,483,482,5262473141981305927,12800,23f703aa3bc9,2026-08-28T16:57:08Z,1000,999,1,,,,,,,,,,,,,,,,,
campaign_d_binary,binary_n1000_correlated_seed5.pcf,dfma,2,0,44597631,483,482,5262473141981305927,12800,23f703aa3bc9,2026-08-28T16:57:08Z,1000,999,1,,,,,,,,,,,,,,,,,
campaign_d_binary,binary_n1000_correlated_seed6.pcf,dfma,0,0,45439733,498,497,4057629674240424378,12800,23f703aa3bc9,2026-08-28T16:57:08Z,1000,999,1,,,,,,,,,,,,,,,,,
campaign_d_binary,binary_n1000_correlated_seed6.pcf,dfma,1,0,45638510,498,497,4057629674240424378,12800,23f703aa3bc9,2026-08-28T16:57:08Z,1000,999,1,,,,,,,,,,,,,,,,,
campaign_d_binary,binary_n1000_correlated_seed6.pcf,dfma,2,0,45890961,498,497,4057629674240424378,12800,23f703aa3bc9,2026-08-28T16:57:08Z,1000,999,1,,,,,,,,,,,,,,,,,
campaign_d_binary,binary_n1000_correlated_seed7.pcf,dfma,0,0,45560034,507,506,8985424455216790318,12800,23f703aa3bc9,2026-08-28T16:57:08Z,1000,999,1,,,,,,,,,,,,,,,,,
campaign_d_binary,binary_n1000_correlated_seed7.pcf,dfma,1,0,45415815,507,506,8985424455216790318,12800,23f703aa3bc9,2026-08-28T16:57:08Z,1000,999,1,,,,,,,,,,,,,,,,,
campaign_d_binary,binary_n1000_correlated_seed7.pcf,dfma,2,0,45664231,507,506,8985424455216790318,12800,23f703aa3bc9,2026-08-28T16:57:08Z,1000,999,1,,,,,,,,,,,,,,,,,
campaign_d_binary,binary_n1000_correlated_seed8.pcf,dfma,0,0,44489202,470,469,346286929198334726,12800,23f703aa3bc9,2026-08-28T16:57:08Z,1000,999,1,,,,,,,,,,,,,,,,,
campaign_d_binary,binary_n1000_correlated_seed8.pcf,dfma,1,0,44998474,470,469,346286929198334726,12800,23f703aa3bc9,2026-08-28T16:57:08Z,1000,999,1,,,,,,,,,,,,,,,,,
campaign_d_binary,binary_n1000_correlated_seed8.pcf,dfma,2,0,44728673,470,469,346286929198334726,12800,23f703aa3bc9,2026-08-28T16:57:08Z,1000,999,1,,,,,,,,,,,,,,,,,
campaign_d_binary,binary_n1000_correlated_seed9.pcf,dfma,0,0,45836657,493,492,1422723493752200066,12800,23f703aa3bc9,2026-08-28T16:57:08Z,1000,999,1,,,,,,,,,,,,,,,,,
campaign_d_binary,binary_n1000_correlated_seed9.pcf,dfma,1,0,45564623,493,492,1422723493752200066,12800,23f703aa3bc9,2026-08-28T16:57:08Z,1000,999,1,,,,,,,,,,,,,,,,,
campaign_d_binary,binary_n1000_correlated_seed9.pcf,dfma,2,0,45710772,493,492,1422723493752200066,12800,23f703aa3bc9,2026-08-28T16:57:08Z,1000,999,1,,,,,,,,,,,,,,,,,
campaign_d_binary,binary_n1000_exact-ties_seed0.pcf,dfma,0,0,25776790,214,213,5738187943368057161,12800,23f703aa3bc9,2026-08-28T16:57:08Z,1000,999,1,,,,,,,,,,,,,,,,,
campaign_d_binary,binary_n1000_exact-ties_seed0.pcf,dfma,1,0,25449799,214,213,5738187943368057161,12800,23f703aa3bc9,2026-08-28T16:57:08Z,1000,999,1,,,,,,,,,,,,,,,,,
campaign_d_binary,binary_n1000_exact-ties_seed0.pcf,dfma,2,0,25204424,214,213,5738187943368057161,12800,23f703aa3bc9,2026-08-28T16:57:08Z,1000,999,1,,,,,,,,,,,,,,,,,
campaign_d_binary,binary_n1000_exact-ties_seed1.pcf,dfma,0,0,26518969,220,219,13117793851740606950,12800,23f703aa3bc9,2026-08-28T16:57:08Z,1000,999,1,,,,,,,,,,,,,,,,,
campaign_d_binary,binary_n1000_exact-ties_seed1.pcf,dfma,1,0,26271644,220,219,13117793851740606950,12800,23f703aa3bc9,2026-08-28T16:57:09Z,1000,999,1,,,,,,,,,,,,,,,,,
campaign_d_binary,binary_n1000_exact-ties_seed1.pcf,dfma,2,0,26157197,220,219,13117793851740606950,12800,23f703aa3bc9,2026-08-28T16:57:09Z,1000,999,1,,,,,,,,,,,,,,,,,
campaign_d_binary,binary_n1000_exact-ties_seed2.pcf,dfma,0,0,25476970,216,215,3009741023668644037,12800,23f703aa3bc9,2026-08-28T16:57:09Z,1000,999,1,,,,,,,,,,,,,,,,,
campaign_d_binary,binary_n1000_exact-ties_seed2.pcf,dfma,1,0,25439304,216,215,3009741023668644037,12800,23f703aa3bc9,2026-08-28T16:57:09Z,1000,999,1,,,,,,,,,,,,,,,,,
campaign_d_binary,binary_n1000_exact-ties_seed2.pcf,dfma,2,0,25269622,216,215,3009741023668644037,12800,23f703aa3bc9,2026-08-28T16:57:09Z,1000,999,1,,,,,,,,,,,,,,,,,
campaign_d_binary,binary_n1000_exact-ties_seed3.pcf,dfma,0,0,27033332,230,229,15993191443648215918,12800,23f703aa3bc9,2026-08-28T16:57:09Z,1000,999,1,,,,,,,,,,,,,,,,,
campaign_d_binary,binary_n1000_exact-ties_seed3.pcf,dfma,1,0,27115934,230,229,15993191443648215918,12800,23f703aa3bc9,2026-08-28T16:57:09Z,1000,999,1,,,,,,,,,,,,,,,,,
campaign_d_binary,binary_n1000_exact-ties_seed3.pcf,dfma,2,0,27128675,230,229,15993191443648215918,12800,23f703aa3bc9,2026-08-28T16:57:09Z,1000,999,1,,,,,,,,,,,,,,,,,
campaign_d_binary,binary_n1000_exact-ties_seed4.pcf,dfma,0,0,25483465,222,221,18304649152723783542,12800,23f703aa3bc9,2026-08-28T16:57:09Z,1000,999,1,,,,,,,,,,,,,,,,,
campaign_d_binary,binary_n1000_exact-ties_seed4.pcf,dfma,1,0,25251652,222,221,18304649152723783542,12800,23f703aa3bc9,2026-08-28T16:57:09Z,1000,999,1,,,,,,,,,,,,,,,,,
campaign_d_binary,binary_n1000_exact-ties_seed4.pcf,dfma,2,0,25210905,222,221,18304649152723783542,12800,23f703aa3bc9,2026-08-28T16:57:09Z,1000,999,1,,,,,,,,,,,,,,,,,
campaign_d_binary,binary_n1000_exact-ties_seed5.pcf,dfma,0,0,27607886,244,243,14586796296108741869,12800,23f703aa3bc9,2026-08-28T16:57:09Z,1000,999,1,,,,,,,,,,,,,,,,,
campaign_d_binary,binary_n1000_exact-ties_seed5.pcf,dfma,1,0,27576949,244,243,14586796296108741869,12800,23f703aa3bc9,2026-08-28T16:57:09Z,1000,999,1,,,,,,,,,,,,,,,,,
campaign_d_binary,binary_n1000_exact-ties_seed5.pcf,dfma,2,0,27597723,244,243,14586796296108741869,12800,23f703aa3bc9,2026-08-28T16:57:09Z,1000,999,1,,,,,,,,,,,,,,,,,
campaign_d_binary,binary_n1000_exact-ties_seed6.pcf,dfma,0,0,26154233,217,216,7645077392552453322,12800,23f703aa3bc9,2026-08-28T16:57:09Z,1000,999,1,,,,,,,,,,,,,,,,,
campaign_d_binary,binary_n1000_exact-ties_seed6.pcf,dfma,1,0,25752671,217,216,7645077392552453322,12800,23f703aa3bc9,2026-08-28T16:57:09Z,1000,999,1,,,,,,,,,,,,,,,,,
campaign_d_binary,binary_n1000_exact-ties_seed6.pcf,dfma,2,0,25536766,217,216,7645077392552453322,12800,23f703aa3bc9,2026-08-28T16:57:09Z,1000,999,1,,,,,,,,,,,,,,,,,
campaign_d_binary,binary_n1000_exact-ties_seed7.pcf,dfma,0,0,26238757,213,212,1812983417294710458,12800,23f703aa3bc9,2026-08-28T16:57:09Z,1000,999,1,,,,,,,,,,,,,,,,,
campaign_d_binary,binary_n1000_exact-ties_seed7.pcf,dfma,1,0,26228367,213,212,1812983417294710458,12800,23f703aa3bc9,2026-08-28T16:57:09Z,1000,999,1,,,,,,,,,,,,,,,,,
campaign_d_binary,binary_n1000_exact-ties_seed7.pcf,dfma,2,0,25745867,213,212,1812983417294710458,12800,23f703aa3bc9,2026-08-28T16:57:09Z,1000,999,1,,,,,,,,,,,,,,,,,
campaign_d_binary,binary_n1000_exact-ties_seed8.pcf,dfma,0,0,26955295,215,214,10789172421225501777,12800,23f703aa3bc9,2026-08-28T16:57:09Z,1000,999,1,,,,,,,,,,,,,,,,,
campaign_d_binary,binary_n1000_exact-ties_seed8.pcf,dfma,1,0,27416180,215,214,10789172421225501777,12800,23f703aa3bc9,2026-08-28T16:57:09Z,1000,999,1,,,,,,,,,,,,,,,,,
campaign_d_binary,binary_n1000_exact-ties_seed8.pcf,dfma,2,0,26676938,215,214,10789172421225501777,12800,23f703aa3bc9,2026-08-28T16:57:09Z,1000,999,1,,,,,,,,,,,,,,,,,
campaign_d_binary,binary_n1000_exact-ties_seed9.pcf,dfma,0,0,26568519,220,219,16774112193837309265,12800,23f703aa3bc9,2026-08-28T16:57:09Z,1000,999,1,,,,,,,,,,,,,,,,,
campaign_d_binary,binary_n1000_exact-ties_seed9.pcf,dfma,1,0,26028868,220,219,16774112193837309265,12800,23f703aa3bc9,2026-08-28T16:57:09Z,1000,999,1,,,,,,,,,,,,,,,,,
campaign_d_binary,binary_n1000_exact-ties_seed9.pcf,dfma,2,0,25935993,220,219,16774112193837309265,12800,23f703aa3bc9,2026-08-28T16:57:09Z,1000,999,1,,,,,,,,,,,,,,,,,
campaign_d_binary,binary_n1000_independent-positive_seed0.pcf,dfma,0,0,46515806,494,493,15184792802037204919,12800,23f703aa3bc9,2026-08-28T16:57:09Z,1000,999,1,,,,,,,,,,,,,,,,,
campaign_d_binary,binary_n1000_independent-positive_seed0.pcf,dfma,1,0,45533954,494,493,15184792802037204919,12800,23f703aa3bc9,2026-08-28T16:57:09Z,1000,999,1,,,,,,,,,,,,,,,,,
campaign_d_binary,binary_n1000_independent-positive_seed0.pcf,dfma,2,0,45659567,494,493,15184792802037204919,12800,23f703aa3bc9,2026-08-28T16:57:09Z,1000,999,1,,,,,,,,,,,,,,,,,
campaign_d_binary,binary_n1000_independent-positive_seed1.pcf,dfma,0,0,46840002,492,491,15222346424984104789,12800,23f703aa3bc9,2026-08-28T16:57:09Z,1000,999,1,,,,,,,,,,,,,,,,,
campaign_d_binary,binary_n1000_independent-positive_seed1.pcf,dfma,1,0,48814702,492,491,15222346424984104789,12800,23f703aa3bc9,2026-08-28T16:57:09Z,1000,999,1,,,,,,,,,,,,,,,,,
campaign_d_binary,binary_n1000_independent-positive_seed1.pcf,dfma,2,0,47567112,492,491,15222346424984104789,12800,23f703aa3bc9,2026-08-28T16:57:09Z,1000,999,1,,,,,,,,,,,,,,,,,
campaign_d_binary,binary_n1000_independent-positive_seed2.pcf,dfma,0,0,46749051,506,505,441205246488688985,12800,23f703aa3bc9,2026-08-28T16:57:10Z,1000,999,1,,,,,,,,,,,,,,,,,
campaign_d_binary,binary_n1000_independent-positive_seed2.pcf,dfma,1,0,46616095,506,505,441205246488688985,12800,23f703aa3bc9,2026-08-28T16:57:10Z,1000,999,1,,,,,,,,,,,,,,,,,
campaign_d_binary,binary_n1000_independent-positive_seed2.pcf,dfma,2,0,46776542,506,505,441205246488688985,12800,23f703aa3bc9,2026-08-28T16:57:10Z,1000,999,1,,,,,,,,,,,,,,,,,
campaign_d_binary,binary_n1000_independent-positive_seed3.pcf,dfma,0,0,46518444,500,499,17062610731890335277,12960,23f703aa3bc9,2026-08-28T16:57:10Z,1000,999,1,,,,,,,,,,,,,,,,,
campaign_d_binary,binary_n1000_independent-positive_seed3.pcf,dfma,1,0,46751594,500,499,17062610731890335277,12960,23f703aa3bc9,2026-08-28T16:57:10Z,1000,999,1,,,,,,,,,,,,,,,,,
campaign_d_binary,binary_n1000_independent-positive_seed3.pcf,dfma,2,0,46522405,500,499,17062610731890335277,12960,23f703aa3bc9,2026-08-28T16:57:10Z,1000,999,1,,,,,,,,,,,,,,,,,
campaign_d_binary,binary_n1000_independent-positive_seed4.pcf,dfma,0,0,47798479,513,512,1023229337319885657,12960,23f703aa3bc9,2026-08-28T16:57:10Z,1000,999,1,,,,,,,,,,,,,,,,,
campaign_d_binary,binary_n1000_independent-positive_seed4.pcf,dfma,1,0,47745854,513,512,1023229337319885657,12960,23f703aa3bc9,2026-08-28T16:57:10Z,1000,999,1,,,,,,,,,,,,,,,,,
campaign_d_binary,binary_n1000_independent-positive_seed4.pcf,dfma,2,0,47488820,513,512,1023229337319885657,12960,23f703aa3bc9,2026-08-28T16:57:10Z,1000,999,1,,,,,,,,,,,,,,,,,
campaign_d_binary,binary_n1000_independent-positive_seed5.pcf,dfma,0,0,47607373,528,527,4181085718972567183,12960,23f703aa3bc9,2026-08-28T16:57:10Z,1000,999,1,,,,,,,,,,,,,,,,,
campaign_d_binary,binary_n1000_independent-positive_seed5.pcf,dfma,1,0,48300249,528,527,4181085718972567183,12960,23f703aa3bc9,2026-08-28T16:57:10Z,1000,999,1,,,,,,,,,,,,,,,,,
campaign_d_binary,binary_n1000_independent-positive_seed5.pcf,dfma,2,0,47774056,528,527,4181085718972567183,12960,23f703aa3bc9,2026-08-28T16:57:10Z,1000,999,1,,,,,,,,,,,,,,,,,
campaign_d_binary,binary_n1000_independent-positive_seed6.pcf,dfma,0,0,46971957,490,489,11412504836370503844,12960,23f703aa3bc9,2026-08-28T16:57:10Z,1000,999,1,,,,,,,,,,,,,,,,,
campaign_d_binary,binary_n1000_independent-positive_seed6.pcf,dfma,1,0,46699582,490,489,11412504836370503844,12960,23f703aa3bc9,2026-08-28T16:57:10Z,1000,999,1,,,,,,,,,,,,,,,,,
campaign_d_binary,binary_n1000_independent-positive_seed6.pcf,dfma,2,0,47163402,490,489,11412504836370503844,12960,23f703aa3bc9,2026-08-28T16:57:10Z,1000,999,1,,,,,,,,,,,,,,,,,
campaign_d_binary,binary_n1000_independent-positive_seed7.pcf,dfma,0,0,46524647,495,494,15788490917190556288,12960,23f703aa3bc9,2026-08-28T16:57:10Z,1000,999,1,,,,,,,,,,,,,,,,,
campaign_d_binary,binary_n1000_independent-positive_seed7.pcf,dfma,1,0,46161648,495,494,15788490917190556288,12960,23f703aa3bc9,2026-08-28T16:57:10Z,1000,999,1,,,,,,,,,,,,,,,,,
campaign_d_binary,binary_n1000_independent-positive_seed7.pcf,dfma,2,0,46408285,495,494,15788490917190556288,12960,23f703aa3bc9,2026-08-28T16:57:10Z,1000,999,1,,,,,,,,,,,,,,,,,
campaign_d_binary,binary_n1000_independent-positive_seed8.pcf,dfma,0,0,46414431,487,486,8917775348968737360,12960,23f703aa3bc9,2026-08-28T16:57:10Z,1000,999,1,,,,,,,,,,,,,,,,,
campaign_d_binary,binary_n1000_independent-positive_seed8.pcf,dfma,1,0,47044813,487,486,8917775348968737360,12960,23f703aa3bc9,2026-08-28T16:57:10Z,1000,999,1,,,,,,,,,,,,,,,,,
campaign_d_binary,binary_n1000_independent-positive_seed8.pcf,dfma,2,0,46898412,487,486,8917775348968737360,12960,23f703aa3bc9,2026-08-28T16:57:11Z,1000,999,1,,,,,,,,,,,,,,,,,
campaign_d_binary,binary_n1000_independent-positive_seed9.pcf,dfma,0,0,46848279,509,508,5837446145947476131,12960,23f703aa3bc9,2026-08-28T16:57:11Z,1000,999,1,,,,,,,,,,,,,,,,,
campaign_d_binary,binary_n1000_independent-positive_seed9.pcf,dfma,1,0,46504237,509,508,5837446145947476131,12960,23f703aa3bc9,2026-08-28T16:57:11Z,1000,999,1,,,,,,,,,,,,,,,,,
campaign_d_binary,binary_n1000_independent-positive_seed9.pcf,dfma,2,0,46533901,509,508,5837446145947476131,12960,23f703aa3bc9,2026-08-28T16:57:11Z,1000,999,1,,,,,,,,,,,,,,,,,
campaign_d_binary,binary_n1000_independent-signed_seed0.pcf,dfma,0,0,46089954,490,489,16713735513169492602,12960,23f703aa3bc9,2026-08-28T16:57:11Z,1000,999,1,,,,,,,,,,,,,,,,,
campaign_d_binary,binary_n1000_independent-signed_seed0.pcf,dfma,1,0,46124178,490,489,16713735513169492602,12960,23f703aa3bc9,2026-08-28T16:57:11Z,1000,999,1,,,,,,,,,,,,,,,,,
campaign_d_binary,binary_n1000_independent-signed_seed0.pcf,dfma,2,0,45701063,490,489,16713735513169492602,12960,23f703aa3bc9,2026-08-28T16:57:11Z,1000,999,1,,,,,,,,,,,,,,,,,
campaign_d_binary,binary_n1000_independent-signed_seed1.pcf,dfma,0,0,45680527,494,493,6178295940597600189,12960,23f703aa3bc9,2026-08-28T16:57:11Z,1000,999,1,,,,,,,,,,,,,,,,,
campaign_d_binary,binary_n1000_independent-signed_seed1.pcf,dfma,1,0,45702437,494,493,6178295940597600189,12960,23f703aa3bc9,2026-08-28T16:57:11Z,1000,999,1,,,,,,,,,,,,,,,,,
campaign_d_binary,binary_n1000_independent-signed_seed1.pcf,dfma,2,0,45324791,494,493,6178295940597600189,12960,23f703aa3bc9,2026-08-28T16:57:11Z,1000,999,1,,,,,,,,,,,,,,,,,
campaign_d_binary,binary_n1000_independent-signed_seed2.pcf,dfma,0,0,46750832,522,521,13200312126050274813,12960,23f703aa3bc9,2026-08-28T16:57:11Z,1000,999,1,,,,,,,,,,,,,,,,,
campaign_d_binary,binary_n1000_independent-signed_seed2.pcf,dfma,1,0,46792237,522,521,13200312126050274813,12960,23f703aa3bc9,2026-08-28T16:57:11Z,1000,999,1,,,,,,,,,,,,,,,,,
campaign_d_binary,binary_n1000_independent-signed_seed2.pcf,dfma,2,0,46675746,522,521,13200312126050274813,12960,23f703aa3bc9,2026-08-28T16:57:11Z,1000,999,1,,,,,,,,,,,,,,,,,
campaign_d_binary,binary_n1000_independent-signed_seed3.pcf,dfma,0,0,46053893,522,521,2865325962345939897,12960,23f703aa3bc9,2026-08-28T16:57:11Z,1000,999,1,,,,,,,,,,,,,,,,,
campaign_d_binary,binary_n1000_independent-signed_seed3.pcf,dfma,1,0,46272538,522,521,2865325962345939897,12960,23f703aa3bc9,2026-08-28T16:57:11Z,1000,999,1,,,,,,,,,,,,,,,,,
campaign_d_binary,binary_n1000_independent-signed_seed3.pcf,dfma,2,0,46121972,522,521,2865325962345939897,12960,23f703aa3bc9,2026-08-28T16:57:11Z,1000,999,1,,,,,,,,,,,,,,,,,
campaign_d_binary,binary_n1000_independent-signed_seed4.pcf,dfma,0,0,46744309,523,522,2277407023114982802,12960,23f703aa3bc9,2026-08-28T16:57:11Z,1000,999,1,,,,,,,,,,,,,,,,,
campaign_d_binary,binary_n1000_independent-signed_seed4.pcf,dfma,1,0,46511993,523,522,2277407023114982802,12960,23f703aa3bc9,2026-08-28T16:57:11Z,1000,999,1,,,,,,,,,,,,,,,,,
campaign_d_binary,binary_n1000_independent-signed_seed4.pcf,dfma,2,0,46499101,523,522,2277407023114982802,12960,23f703aa3bc9,2026-08-28T16:57:11Z,1000,999,1,,,,,,,,,,,,,,,,,
campaign_d_binary,binary_n1000_independent-signed_seed5.pcf,dfma,0,0,46532117,540,539,12699472914545399642,12960,23f703aa3bc9,2026-08-28T16:57:11Z,1000,999,1,,,,,,,,,,,,,,,,,
campaign_d_binary,binary_n1000_independent-signed_seed5.pcf,dfma,1,0,47100980,540,539,12699472914545399642,12960,23f703aa3bc9,2026-08-28T16:57:11Z,1000,999,1,,,,,,,,,,,,,,,,,
campaign_d_binary,binary_n1000_independent-signed_seed5.pcf,dfma,2,0,47010722,540,539,12699472914545399642,12960,23f703aa3bc9,2026-08-28T16:57:12Z,1000,999,1,,,,,,,,,,,,,,,,,
campaign_d_binary,binary_n1000_independent-signed_seed6.pcf,dfma,0,0,45010831,491,490,7588309048300900935,12960,23f703aa3bc9,2026-08-28T16:57:12Z,1000,999,1,,,,,,,,,,,,,,,,,
campaign_d_binary,binary_n1000_independent-signed_seed6.pcf,dfma,1,0,44884349,491,490,7588309048300900935,12960,23f703aa3bc9,2026-08-28T16:57:12Z,1000,999,1,,,,,,,,,,,,,,,,,
campaign_d_binary,binary_n1000_independent-signed_seed6.pcf,dfma,2,0,45190922,491,490,7588309048300900935,12960,23f703aa3bc9,2026-08-28T16:57:12Z,1000,999,1,,,,,,,,,,,,,,,,,
campaign_d_binary,binary_n1000_independent-signed_seed7.pcf,dfma,0,0,44797068,494,493,16984878469844351452,12960,23f703aa3bc9,2026-08-28T16:57:12Z,1000,999,1,,,,,,,,,,,,,,,,,
campaign_d_binary,binary_n1000_independent-signed_seed7.pcf,dfma,1,0,44830552,494,493,16984878469844351452,12960,23f703aa3bc9,2026-08-28T16:57:12Z,1000,999,1,,,,,,,,,,,,,,,,,
campaign_d_binary,binary_n1000_independent-signed_seed7.pcf,dfma,2,0,44715910,494,493,16984878469844351452,12960,23f703aa3bc9,2026-08-28T16:57:12Z,1000,999,1,,,,,,,,,,,,,,,,,
campaign_d_binary,binary_n1000_independent-signed_seed8.pcf,dfma,0,0,45849602,491,490,3910227880312228233,12960,23f703aa3bc9,2026-08-28T16:57:12Z,1000,999,1,,,,,,,,,,,,,,,,,
campaign_d_binary,binary_n1000_independent-signed_seed8.pcf,dfma,1,0,45866841,491,490,3910227880312228233,12960,23f703aa3bc9,2026-08-28T16:57:12Z,1000,999,1,,,,,,,,,,,,,,,,,
campaign_d_binary,binary_n1000_independent-signed_seed8.pcf,dfma,2,0,45572493,491,490,3910227880312228233,12960,23f703aa3bc9,2026-08-28T16:57:12Z,1000,999,1,,,,,,,,,,,,,,,,,
campaign_d_binary,binary_n1000_independent-signed_seed9.pcf,dfma,0,0,44959556,487,486,1984482066720763273,12960,23f703aa3bc9,2026-08-28T16:57:12Z,1000,999,1,,,,,,,,,,,,,,,,,
campaign_d_binary,binary_n1000_independent-signed_seed9.pcf,dfma,1,0,45658533,487,486,1984482066720763273,12960,23f703aa3bc9,2026-08-28T16:57:12Z,1000,999,1,,,,,,,,,,,,,,,,,
campaign_d_binary,binary_n1000_independent-signed_seed9.pcf,dfma,2,0,45522138,487,486,1984482066720763273,12960,23f703aa3bc9,2026-08-28T16:57:12Z,1000,999,1,,,,,,,,,,,,,,,,,
campaign_d_binary,binary_n1000_near-ties_seed0.pcf,dfma,0,0,30054366,225,224,16729508341662793106,12960,23f703aa3bc9,2026-08-28T16:57:12Z,1000,999,1,,,,,,,,,,,,,,,,,
campaign_d_binary,binary_n1000_near-ties_seed0.pcf,dfma,1,0,30147999,225,224,16729508341662793106,12960,23f703aa3bc9,2026-08-28T16:57:12Z,1000,999,1,,,,,,,,,,,,,,,,,
campaign_d_binary,binary_n1000_near-ties_seed0.pcf,dfma,2,0,30333469,225,224,16729508341662793106,12960,23f703aa3bc9,2026-08-28T16:57:12Z,1000,999,1,,,,,,,,,,,,,,,,,
campaign_d_binary,binary_n1000_near-ties_seed1.pcf,dfma,0,0,29846786,226,225,18307565040711715735,12960,23f703aa3bc9,2026-08-28T16:57:12Z,1000,999,1,,,,,,,,,,,,,,,,,
campaign_d_binary,binary_n1000_near-ties_seed1.pcf,dfma,1,0,30376600,226,225,18307565040711715735,12960,23f703aa3bc9,2026-08-28T16:57:12Z,1000,999,1,,,,,,,,,,,,,,,,,
campaign_d_binary,binary_n1000_near-ties_seed1.pcf,dfma,2,0,25848068,226,225,18307565040711715735,12960,23f703aa3bc9,2026-08-28T16:57:12Z,1000,999,1,,,,,,,,,,,,,,,,,
campaign_d_binary,binary_n1000_near-ties_seed2.pcf,dfma,0,0,26773422,239,238,16928340529732266208,13120,23f703aa3bc9,2026-08-28T16:57:12Z,1000,999,1,,,,,,,,,,,,,,,,,
campaign_d_binary,binary_n1000_near-ties_seed2.pcf,dfma,1,0,26970738,239,238,16928340529732266208,13120,23f703aa3bc9,2026-08-28T16:57:12Z,1000,999,1,,,,,,,,,,,,,,,,,
campaign_d_binary,binary_n1000_near-ties_seed2.pcf,dfma,2,0,27517071,239,238,16928340529732266208,13120,23f703aa3bc9,2026-08-28T16:57:12Z,1000,999,1,,,,,,,,,,,,,,,,,
campaign_d_binary,binary_n1000_near-ties_seed3.pcf,dfma,0,0,27735483,233,232,12334297669793911646,13120,23f703aa3bc9,2026-08-28T16:57:12Z,1000,999,1,,,,,,,,,,,,,,,,,
campaign_d_binary,binary_n1000_near-ties_seed3.pcf,dfma,1,0,28149752,233,232,12334297669793911646,13120,23f703aa3bc9,2026-08-28T16:57:12Z,1000,999,1,,,,,,,,,,,,,,,,,
campaign_d_binary,binary_n1000_near-ties_seed3.pcf,dfma,2,0,27425825,233,232,12334297669793911646,13120,23f703aa3bc9,2026-08-28T16:57:12Z,1000,999,1,,,,,,,,,,,,,,,,,
campaign_d_binary,binary_n1000_near-ties_seed4.pcf,dfma,0,0,28083872,238,237,7538916142152517533,13120,23f703aa3bc9,2026-08-28T16:57:12Z,1000,999,1,,,,,,,,,,,,,,,,,
campaign_d_binary,binary_n1000_near-ties_seed4.pcf,dfma,1,0,28165605,238,237,7538916142152517533,13120,23f703aa3bc9,2026-08-28T16:57:12Z,1000,999,1,,,,,,,,,,,,,,,,,
campaign_d_binary,binary_n1000_near-ties_seed4.pcf,dfma,2,0,27177175,238,237,7538916142152517533,13120,23f703aa3bc9,2026-08-28T16:57:13Z,1000,999,1,,,,,,,,,,,,,,,,,
campaign_d_binary,binary_n1000_near-ties_seed5.pcf,dfma,0,0,27657571,237,236,11280826759533789972,13120,23f703aa3bc9,2026-08-28T16:57:13Z,1000,999,1,,,,,,,,,,,,,,,,,
campaign_d_binary,binary_n1000_near-ties_seed5.pcf,dfma,1,0,28127029,237,236,11280826759533789972,13120,23f703aa3bc9,2026-08-28T16:57:13Z,1000,999,1,,,,,,,,,,,,,,,,,
campaign_d_binary,binary_n1000_near-ties_seed5.pcf,dfma,2,0,28203776,237,236,11280826759533789972,13120,23f703aa3bc9,2026-08-28T16:57:13Z,1000,999,1,,,,,,,,,,,,,,,,,
campaign_d_binary,binary_n1000_near-ties_seed6.pcf,dfma,0,0,28527760,238,237,12983732054462696584,13120,23f703aa3bc9,2026-08-28T16:57:13Z,1000,999,1,,,,,,,,,,,,,,,,,
campaign_d_binary,binary_n1000_near-ties_seed6.pcf,dfma,1,0,28703258,238,237,12983732054462696584,13120,23f703aa3bc9,2026-08-28T16:57:13Z,1000,999,1,,,,,,,,,,,,,,,,,
campaign_d_binary,binary_n1000_near-ties_seed6.pcf,dfma,2,0,28338345,238,237,12983732054462696584,13120,23f703aa3bc9,2026-08-28T16:57:13Z,1000,999,1,,,,,,,,,,,,,,,,,
campaign_d_binary,binary_n1000_near-ties_seed7.pcf,dfma,0,0,27480717,224,223,4925454451620082666,13120,23f703aa3bc9,2026-08-28T16:57:13Z,1000,999,1,,,,,,,,,,,,,,,,,
campaign_d_binary,binary_n1000_near-ties_seed7.pcf,dfma,1,0,27623584,224,223,4925454451620082666,13120,23f703aa3bc9,2026-08-28T16:57:13Z,1000,999,1,,,,,,,,,,,,,,,,,
campaign_d_binary,binary_n1000_near-ties_seed7.pcf,dfma,2,0,23966887,224,223,4925454451620082666,13120,23f703aa3bc9,2026-08-28T16:57:13Z,1000,999,1,,,,,,,,,,,,,,,,,
campaign_d_binary,binary_n1000_near-ties_seed8.pcf,dfma,0,0,26053133,228,227,8589926732399062680,13120,23f703aa3bc9,2026-08-28T16:57:13Z,1000,999,1,,,,,,,,,,,,,,,,,
campaign_d_binary,binary_n1000_near-ties_seed8.pcf,dfma,1,0,27749976,228,227,8589926732399062680,13120,23f703aa3bc9,2026-08-28T16:57:13Z,1000,999,1,,,,,,,,,,,,,,,,,
campaign_d_binary,binary_n1000_near-ties_seed8.pcf,dfma,2,0,27864976,228,227,8589926732399062680,13120,23f703aa3bc9,2026-08-28T16:57:13Z,1000,999,1,,,,,,,,,,,,,,,,,
campaign_d_binary,binary_n1000_near-ties_seed9.pcf,dfma,0,0,28434319,242,241,18017268031276189588,13120,23f703aa3bc9,2026-08-28T16:57:13Z,1000,999,1,,,,,,,,,,,,,,,,,
campaign_d_binary,binary_n1000_near-ties_seed9.pcf,dfma,1,0,28461437,242,241,18017268031276189588,13120,23f703aa3bc9,2026-08-28T16:57:13Z,1000,999,1,,,,,,,,,,,,,,,,,
campaign_d_binary,binary_n1000_near-ties_seed9.pcf,dfma,2,0,28418392,242,241,18017268031276189588,13120,23f703aa3bc9,2026-08-28T16:57:13Z,1000,999,1,,,,,,,,,,,,,,,,,
campaign_d_binary,binary_n100_anti-correlated_seed0.pcf,dfma,0,0,430276,59,58,12365342607431886594,13120,23f703aa3bc9,2026-08-28T16:57:13Z,100,99,1,,,,,,,,,,,,,,,,,
campaign_d_binary,binary_n100_anti-correlated_seed0.pcf,dfma,1,0,406649,59,58,12365342607431886594,13120,23f703aa3bc9,2026-08-28T16:57:13Z,100,99,1,,,,,,,,,,,,,,,,,
campaign_d_binary,binary_n100_anti-correlated_seed0.pcf,dfma,2,0,480075,59,58,12365342607431886594,13120,23f703aa3bc9,2026-08-28T16:57:13Z,100,99,1,,,,,,,,,,,,,,,,,
campaign_d_binary,binary_n100_anti-correlated_seed1.pcf,dfma,0,0,422616,50,49,6241796629636237531,13120,23f703aa3bc9,2026-08-28T16:57:13Z,100,99,1,,,,,,,,,,,,,,,,,
campaign_d_binary,binary_n100_anti-correlated_seed1.pcf,dfma,1,0,411057,50,49,6241796629636237531,13120,23f703aa3bc9,2026-08-28T16:57:13Z,100,99,1,,,,,,,,,,,,,,,,,
campaign_d_binary,binary_n100_anti-correlated_seed1.pcf,dfma,2,0,405584,50,49,6241796629636237531,13120,23f703aa3bc9,2026-08-28T16:57:13Z,100,99,1,,,,,,,,,,,,,,,,,
campaign_d_binary,binary_n100_anti-correlated_seed2.pcf,dfma,0,0,428844,53,52,7739075134679966855,13120,23f703aa3bc9,2026-08-28T16:57:13Z,100,99,1,,,,,,,,,,,,,,,,,
campaign_d_binary,binary_n100_anti-correlated_seed2.pcf,dfma,1,0,405390,53,52,7739075134679966855,13120,23f703aa3bc9,2026-08-28T16:57:13Z,100,99,1,,,,,,,,,,,,,,,,,
campaign_d_binary,binary_n100_anti-correlated_seed2.pcf,dfma,2,0,405101,53,52,7739075134679966855,13120,23f703aa3bc9,2026-08-28T16:57:13Z,100,99,1,,,,,,,,,,,,,,,,,
campaign_d_binary,binary_n100_anti-correlated_seed3.pcf,dfma,0,0,432558,50,49,982317457353545149,13120,23f703aa3bc9,2026-08-28T16:57:13Z,100,99,1,,,,,,,,,,,,,,,,,
campaign_d_binary,binary_n100_anti-correlated_seed3.pcf,dfma,1,0,414053,50,49,982317457353545149,13120,23f703aa3bc9,2026-08-28T16:57:13Z,100,99,1,,,,,,,,,,,,,,,,,
campaign_d_binary,binary_n100_anti-correlated_seed3.pcf,dfma,2,0,409489,50,49,982317457353545149,13120,23f703aa3bc9,2026-08-28T16:57:13Z,100,99,1,,,,,,,,,,,,,,,,,
campaign_d_binary,binary_n100_anti-correlated_seed4.pcf,dfma,0,0,435247,58,57,1490782164828936497,13120,23f703aa3bc9,2026-08-28T16:57:13Z,100,99,1,,,,,,,,,,,,,,,,,
campaign_d_binary,binary_n100_anti-correlated_seed4.pcf,dfma,1,0,416869,58,57,1490782164828936497,13120,23f703aa3bc9,2026-08-28T16:57:13Z,100,99,1,,,,,,,,,,,,,,,,,
campaign_d_binary,binary_n100_anti-correlated_seed4.pcf,dfma,2,0,421729,58,57,1490782164828936497,13120,23f703aa3bc9,2026-08-28T16:57:13Z,100,99,1,,,,,,,,,,,,,,,,,
campaign_d_binary,binary_n100_anti-correlated_seed5.pcf,dfma,0,0,419928,54,53,11150612196055966299,13120,23f703aa3bc9,2026-08-28T16:57:13Z,100,99,1,,,,,,,,,,,,,,,,,
campaign_d_binary,binary_n100_anti-correlated_seed5.pcf,dfma,1,0,425836,54,53,11150612196055966299,13120,23f703aa3bc9,2026-08-28T16:57:13Z,100,99,1,,,,,,,,,,,,,,,,,
campaign_d_binary,binary_n100_anti-correlated_seed5.pcf,dfma,2,0,405164,54,53,11150612196055966299,13120,23f703aa3bc9,2026-08-28T16:57:13Z,100,99,1,,,,,,,,,,,,,,,,,
campaign_d_binary,binary_n100_anti-correlated_seed6.pcf,dfma,0,0,410656,54,53,305250074027151815,13120,23f703aa3bc9,2026-08-28T16:57:13Z,100,99,1,,,,,,,,,,,,,,,,,
campaign_d_binary,binary_n100_anti-correlated_seed6.pcf,dfma,1,0,398027,54,53,305250074027151815,13120,23f703aa3bc9,2026-08-28T16:57:13Z,100,99,1,,,,,,,,,,,,,,,,,
campaign_d_binary,binary_n100_anti-correlated_seed6.pcf,dfma,2,0,389299,54,53,305250074027151815,13120,23f703aa3bc9,2026-08-28T16:57:13Z,100,99,1,,,,,,,,,,,,,,,,,
campaign_d_binary,binary_n100_anti-correlated_seed7.pcf,dfma,0,0,448487,44,43,14314476543736854386,13120,23f703aa3bc9,2026-08-28T16:57:13Z,100,99,1,,,,,,,,,,,,,,,,,
campaign_d_binary,binary_n100_anti-correlated_seed7.pcf,dfma,1,0,408697,44,43,14314476543736854386,13120,23f703aa3bc9,2026-08-28T16:57:13Z,100,99,1,,,,,,,,,,,,,,,,,
campaign_d_binary,binary_n100_anti-correlated_seed7.pcf,dfma,2,0,390696,44,43,14314476543736854386,13120,23f703aa3bc9,2026-08-28T16:57:13Z,100,99,1,,,,,,,,,,,,,,,,,
campaign_d_binary,binary_n100_anti-correlated_seed8.pcf,dfma,0,0,452794,50,49,10186846763307497678,13120,23f703aa3bc9,2026-08-28T16:57:13Z,100,99,1,,,,,,,,,,,,,,,,,
campaign_d_binary,binary_n100_anti-correlated_seed8.pcf,dfma,1,0,420515,50,49,10186846763307497678,13120,23f703aa3bc9,2026-08-28T16:57:13Z,100,99,1,,,,,,,,,,,,,,,,,
campaign_d_binary,binary_n100_anti-correlated_seed8.pcf,dfma,2,0,433573,50,49,10186846763307497678,13120,23f703aa3bc9,2026-08-28T16:57:13Z,100,99,1,,,,,,,,,,,,,,,,,
campaign_d_binary,binary_n100_anti-correlated_seed9.pcf,dfma,0,0,427906,49,48,12286237916763360895,13120,23f703aa3bc9,2026-08-28T16:57:13Z,100,99,1,,,,,,,,,,,,,,,,,
campaign_d_binary,binary_n100_anti-correlated_seed9.pcf,dfma,1,0,409806,49,48,12286237916763360895,13120,23f703aa3bc9,2026-08-28T16:57:13Z,100,99,1,,,,,,,,,,,,,,,,,
campaign_d_binary,binary_n100_anti-correlated_seed9.pcf,dfma,2,0,409545,49,48,12286237916763360895,13120,23f703aa3bc9,2026-08-28T16:57:13Z,100,99,1,,,,,,,,,,,,,,,,,
campaign_d_binary,binary_n100_correlated_seed0.pcf,dfma,0,0,426564,56,55,5033025880970592243,13120,23f703aa3bc9,2026-08-28T16:57:13Z,100,99,1,,,,,,,,,,,,,,,,,
campaign_d_binary,binary_n100_correlated_seed0.pcf,dfma,1,0,411735,56,55,5033025880970592243,13120,23f703aa3bc9,2026-08-28T16:57:13Z,100,99,1,,,,,,,,,,,,,,,,,
campaign_d_binary,binary_n100_correlated_seed0.pcf,dfma,2,0,404906,56,55,5033025880970592243,13120,23f703aa3bc9,2026-08-28T16:57:13Z,100,99,1,,,,,,,,,,,,,,,,,
campaign_d_binary,binary_n100_correlated_seed1.pcf,dfma,0,0,416591,43,42,10384198589469746818,13280,23f703aa3bc9,2026-08-28T16:57:13Z,100,99,1,,,,,,,,,,,,,,,,,
campaign_d_binary,binary_n100_correlated_seed1.pcf,dfma,1,0,405429,43,42,10384198589469746818,13280,23f703aa3bc9,2026-08-28T16:57:13Z,100,99,1,,,,,,,,,,,,,,,,,
campaign_d_binary,binary_n100_correlated_seed1.pcf,dfma,2,0,392761,43,42,10384198589469746818,13280,23f703aa3bc9,2026-08-28T16:57:13Z,100,99,1,,,,,,,,,,,,,,,,,
campaign_d_binary,binary_n100_correlated_seed2.pcf,dfma,0,0,415979,54,53,339926837558295300,13280,23f703aa3bc9,2026-08-28T16:57:13Z,100,99,1,,,,,,,,,,,,,,,,,
campaign_d_binary,binary_n100_correlated_seed2.pcf,dfma,1,0,399145,54,53,339926837558295300,13280,23f703aa3bc9,2026-08-28T16:57:13Z,100,99,1,,,,,,,,,,,,,,,,,
campaign_d_binary,binary_n100_correlated_seed2.pcf,dfma,2,0,391065,54,53,339926837558295300,13280,23f703aa3bc9,2026-08-28T16:57:13Z,100,99,1,,,,,,,,,,,,,,,,,
campaign_d_binary,binary_n100_correlated_seed3.pcf,dfma,0,0,419560,58,57,4517446013439393965,13280,23f703aa3bc9,2026-08-28T16:57:13Z,100,99,1,,,,,,,,,,,,,,,,,
campaign_d_binary,binary_n100_correlated_seed3.pcf,dfma,1,0,412135,58,57,4517446013439393965,13280,23f703aa3bc9,2026-08-28T16:57:13Z,100,99,1,,,,,,,,,,,,,,,,,
campaign_d_binary,binary_n100_correlated_seed3.pcf,dfma,2,0,407987,58,57,4517446013439393965,13280,23f703aa3bc9,2026-08-28T16:57:13Z,100,99,1,,,,,,,,,,,,,,,,,
campaign_d_binary,binary_n100_correlated_seed4.pcf,dfma,0,0,447490,58,57,13890392522095105159,13280,23f703aa3bc9,2026-08-28T16:57:13Z,100,99,1,,,,,,,,,,,,,,,,,
campaign_d_binary,binary_n100_correlated_seed4.pcf,dfma,1,0,417666,58,57,13890392522095105159,13280,23f703aa3bc9,2026-08-28T16:57:13Z,100,99,1,,,,,,,,,,,,,,,,,
campaign_d_binary,binary_n100_correlated_seed4.pcf,dfma,2,0,409374,58,57,13890392522095105159,13280,23f703aa3bc9,2026-08-28T16:57:13Z,100,99,1,,,,,,,,,,,,,,,,,
campaign_d_binary,binary_n100_correlated_seed5.pcf,dfma,0,0,429446,51,50,4006158288783065538,13280,23f703aa3bc9,2026-08-28T16:57:13Z,100,99,1,,,,,,,,,,,,,,,,,
campaign_d_binary,binary_n100_correlated_seed5.pcf,dfma,1,0,412169,51,50,4006158288783065538,13280,23f703aa3bc9,2026-08-28T16:57:13Z,100,99,1,,,,,,,,,,,,,,,,,
campaign_d_binary,binary_n100_correlated_seed5.pcf,dfma,2,0,401808,51,50,4006158288783065538,13280,23f703aa3bc9,2026-08-28T16:57:13Z,100,99,1,,,,,,,,,,,,,,,,,
campaign_d_binary,binary_n100_correlated_seed6.pcf,dfma,0,0,400351,58,57,6076571619477407334,13280,23f703aa3bc9,2026-08-28T16:57:13Z,100,99,1,,,,,,,,,,,,,,,,,
campaign_d_binary,binary_n100_correlated_seed6.pcf,dfma,1,0,394433,58,57,6076571619477407334,13280,23f703aa3bc9,2026-08-28T16:57:13Z,100,99,1,,,,,,,,,,,,,,,,,
campaign_d_binary,binary_n100_correlated_seed6.pcf,dfma,2,0,389695,58,57,6076571619477407334,13280,23f703aa3bc9,2026-08-28T16:57:13Z,100,99,1,,,,,,,,,,,,,,,,,
campaign_d_binary,binary_n100_correlated_seed7.pcf,dfma,0,0,400498,51,50,11213918498117207885,13280,23f703aa3bc9,2026-08-28T16:57:13Z,100,99,1,,,,,,,,,,,,,,,,,
campaign_d_binary,binary_n100_correlated_seed7.pcf,dfma,1,0,398672,51,50,11213918498117207885,13280,23f703aa3bc9,2026-08-28T16:57:13Z,100,99,1,,,,,,,,,,,,,,,,,
campaign_d_binary,binary_n100_correlated_seed7.pcf,dfma,2,0,386313,51,50,11213918498117207885,13280,23f703aa3bc9,2026-08-28T16:57:13Z,100,99,1,,,,,,,,,,,,,,,,,
campaign_d_binary,binary_n100_correlated_seed8.pcf,dfma,0,0,436789,50,49,12351471511690239811,13280,23f703aa3bc9,2026-08-28T16:57:13Z,100,99,1,,,,,,,,,,,,,,,,,
campaign_d_binary,binary_n100_correlated_seed8.pcf,dfma,1,0,401782,50,49,12351471511690239811,13280,23f703aa3bc9,2026-08-28T16:57:13Z,100,99,1,,,,,,,,,,,,,,,,,
campaign_d_binary,binary_n100_correlated_seed8.pcf,dfma,2,0,403441,50,49,12351471511690239811,13280,23f703aa3bc9,2026-08-28T16:57:13Z,100,99,1,,,,,,,,,,,,,,,,,
campaign_d_binary,binary_n100_correlated_seed9.pcf,dfma,0,0,423564,52,51,8852547265042509603,13280,23f703aa3bc9,2026-08-28T16:57:13Z,100,99,1,,,,,,,,,,,,,,,,,
campaign_d_binary,binary_n100_correlated_seed9.pcf,dfma,1,0,397929,52,51,8852547265042509603,13280,23f703aa3bc9,2026-08-28T16:57:13Z,100,99,1,,,,,,,,,,,,,,,,,
campaign_d_binary,binary_n100_correlated_seed9.pcf,dfma,2,0,394255,52,51,8852547265042509603,13280,23f703aa3bc9,2026-08-28T16:57:13Z,100,99,1,,,,,,,,,,,,,,,,,
campaign_d_binary,binary_n100_exact-ties_seed0.pcf,dfma,0,0,294650,18,17,4767520960222310327,13280,23f703aa3bc9,2026-08-28T16:57:13Z,100,99,1,,,,,,,,,,,,,,,,,
campaign_d_binary,binary_n100_exact-ties_seed0.pcf,dfma,1,0,279127,18,17,4767520960222310327,13280,23f703aa3bc9,2026-08-28T16:57:13Z,100,99,1,,,,,,,,,,,,,,,,,
campaign_d_binary,binary_n100_exact-ties_seed0.pcf,dfma,2,0,271465,18,17,4767520960222310327,13280,23f703aa3bc9,2026-08-28T16:57:13Z,100,99,1,,,,,,,,,,,,,,,,,
campaign_d_binary,binary_n100_exact-ties_seed1.pcf,dfma,0,0,331839,23,22,2001174775465524456,13280,23f703aa3bc9,2026-08-28T16:57:13Z,100,99,1,,,,,,,,,,,,,,,,,
campaign_d_binary,binary_n100_exact-ties_seed1.pcf,dfma,1,0,307608,23,22,2001174775465524456,13280,23f703aa3bc9,2026-08-28T16:57:13Z,100,99,1,,,,,,,,,,,,,,,,,
campaign_d_binary,binary_n100_exact-ties_seed1.pcf,dfma,2,0,301954,23,22,2001174775465524456,13280,23f703aa3bc9,2026-08-28T16:57:13Z,100,99,1,,,,,,,,,,,,,,,,,
campaign_d_binary,binary_n100_exact-ties_seed2.pcf,dfma,0,0,308894,18,17,10195983822374903580,13280,23f703aa3bc9,2026-08-28T16:57:13Z,100,99,1,,,,,,,,,,,,,,,,,
campaign_d_binary,binary_n100_exact-ties_seed2.pcf,dfma,1,0,288696,18,17,10195983822374903580,13280,23f703aa3bc9,2026-08-28T16:57:13Z,100,99,1,,,,,,,,,,,,,,,,,
campaign_d_binary,binary_n100_exact-ties_seed2.pcf,dfma,2,0,281325,18,17,10195983822374903580,13280,23f703aa3bc9,2026-08-28T16:57:13Z,100,99,1,,,,,,,,,,,,,,,,,
campaign_d_binary,binary_n100_exact-ties_seed3.pcf,dfma,0,0,268414,21,20,10495896876540199872,13280,23f703aa3bc9,2026-08-28T16:57:13Z,100,99,1,,,,,,,,,,,,,,,,,
campaign_d_binary,binary_n100_exact-ties_seed3.pcf,dfma,1,0,246473,21,20,10495896876540199872,13280,23f703aa3bc9,2026-08-28T16:57:13Z,100,99,1,,,,,,,,,,,,,,,,,
campaign_d_binary,binary_n100_exact-ties_seed3.pcf,dfma,2,0,232022,21,20,10495896876540199872,13280,23f703aa3bc9,2026-08-28T16:57:13Z,100,99,1,,,,,,,,,,,,,,,,,
campaign_d_binary,binary_n100_exact-ties_seed4.pcf,dfma,0,0,302650,21,20,13483894436294086727,13280,23f703aa3bc9,2026-08-28T16:57:13Z,100,99,1,,,,,,,,,,,,,,,,,
campaign_d_binary,binary_n100_exact-ties_seed4.pcf,dfma,1,0,294141,21,20,13483894436294086727,13280,23f703aa3bc9,2026-08-28T16:57:13Z,100,99,1,,,,,,,,,,,,,,,,,
campaign_d_binary,binary_n100_exact-ties_seed4.pcf,dfma,2,0,363953,21,20,13483894436294086727,13280,23f703aa3bc9,2026-08-28T16:57:13Z,100,99,1,,,,,,,,,,,,,,,,,
campaign_d_binary,binary_n100_exact-ties_seed5.pcf,dfma,0,0,297567,20,19,16192168724666052439,13280,23f703aa3bc9,2026-08-28T16:57:13Z,100,99,1,,,,,,,,,,,,,,,,,
campaign_d_binary,binary_n100_exact-ties_seed5.pcf,dfma,1,0,279494,20,19,16192168724666052439,13280,23f703aa3bc9,2026-08-28T16:57:13Z,100,99,1,,,,,,,,,,,,,,,,,
campaign_d_binary,binary_n100_exact-ties_seed5.pcf,dfma,2,0,274889,20,19,16192168724666052439,13280,23f703aa3bc9,2026-08-28T16:57:13Z,100,99,1,,,,,,,,,,,,,,,,,
campaign_d_binary,binary_n100_exact-ties_seed6.pcf,dfma,0,0,310919,18,17,15239242358694152739,13280,23f703aa3bc9,2026-08-28T16:57:13Z,100,99,1,,,,,,,,,,,,,,,,,
campaign_d_binary,binary_n100_exact-ties_seed6.pcf,dfma,1,0,284086,18,17,15239242358694152739,13280,23f703aa3bc9,2026-08-28T16:57:13Z,100,99,1,,,,,,,,,,,,,,,,,
campaign_d_binary,binary_n100_exact-ties_seed6.pcf,dfma,2,0,285214,18,17,15239242358694152739,13280,23f703aa3bc9,2026-08-28T16:57:13Z,100,99,1,,,,,,,,,,,,,,,,,
campaign_d_binary,binary_n100_exact-ties_seed7.pcf,dfma,0,0,277906,21,20,12257940721919102356,13280,23f703aa3bc9,2026-08-28T16:57:13Z,100,99,1,,,,,,,,,,,,,,,,,
campaign_d_binary,binary_n100_exact-ties_seed7.pcf,dfma,1,0,268064,21,20,12257940721919102356,13280,23f703aa3bc9,2026-08-28T16:57:13Z,100,99,1,,,,,,,,,,,,,,,,,
campaign_d_binary,binary_n100_exact-ties_seed7.pcf,dfma,2,0,257538,21,20,12257940721919102356,13280,23f703aa3bc9,2026-08-28T16:57:13Z,100,99,1,,,,,,,,,,,,,,,,,
campaign_d_binary,binary_n100_exact-ties_seed8.pcf,dfma,0,0,323499,24,23,8351667854129097404,13280,23f703aa3bc9,2026-08-28T16:57:13Z,100,99,1,,,,,,,,,,,,,,,,,
campaign_d_binary,binary_n100_exact-ties_seed8.pcf,dfma,1,0,307667,24,23,8351667854129097404,13280,23f703aa3bc9,2026-08-28T16:57:13Z,100,99,1,,,,,,,,,,,,,,,,,
campaign_d_binary,binary_n100_exact-ties_seed8.pcf,dfma,2,0,310747,24,23,8351667854129097404,13280,23f703aa3bc9,2026-08-28T16:57:13Z,100,99,1,,,,,,,,,,,,,,,,,
campaign_d_binary,binary_n100_exact-ties_seed9.pcf,dfma,0,0,338372,21,20,15943248528877731417,13440,23f703aa3bc9,2026-08-28T16:57:13Z,100,99,1,,,,,,,,,,,,,,,,,
campaign_d_binary,binary_n100_exact-ties_seed9.pcf,dfma,1,0,300048,21,20,15943248528877731417,13440,23f703aa3bc9,2026-08-28T16:57:13Z,100,99,1,,,,,,,,,,,,,,,,,
campaign_d_binary,binary_n100_exact-ties_seed9.pcf,dfma,2,0,294353,21,20,15943248528877731417,13440,23f703aa3bc9,2026-08-28T16:57:13Z,100,99,1,,,,,,,,,,,,,,,,,
campaign_d_binary,binary_n100_independent-positive_seed0.pcf,dfma,0,0,426663,52,51,10803030959069126983,13440,23f703aa3bc9,2026-08-28T16:57:13Z,100,99,1,,,,,,,,,,,,,,,,,
campaign_d_binary,binary_n100_independent-positive_seed0.pcf,dfma,1,0,511313,52,51,10803030959069126983,13440,23f703aa3bc9,2026-08-28T16:57:13Z,100,99,1,,,,,,,,,,,,,,,,,
campaign_d_binary,binary_n100_independent-positive_seed0.pcf,dfma,2,0,400432,52,51,10803030959069126983,13440,23f703aa3bc9,2026-08-28T16:57:13Z,100,99,1,,,,,,,,,,,,,,,,,
campaign_d_binary,binary_n100_independent-positive_seed1.pcf,dfma,0,0,557104,51,50,16993963316102142574,13440,23f703aa3bc9,2026-08-28T16:57:13Z,100,99,1,,,,,,,,,,,,,,,,,
campaign_d_binary,binary_n100_independent-positive_seed1.pcf,dfma,1,0,437757,51,50,16993963316102142574,13440,23f703aa3bc9,2026-08-28T16:57:13Z,100,99,1,,,,,,,,,,,,,,,,,
campaign_d_binary,binary_n100_independent-positive_seed1.pcf,dfma,2,0,435666,51,50,16993963316102142574,13440,23f703aa3bc9,2026-08-28T16:57:13Z,100,99,1,,,,,,,,,,,,,,,,,
campaign_d_binary,binary_n100_independent-positive_seed2.pcf,dfma,0,0,540594,49,48,13311233244867539212,13440,23f703aa3bc9,2026-08-28T16:57:13Z,100,99,1,,,,,,,,,,,,,,,,,
campaign_d_binary,binary_n100_independent-positive_seed2.pcf,dfma,1,0,410459,49,48,13311233244867539212,13440,23f703aa3bc9,2026-08-28T16:57:13Z,100,99,1,,,,,,,,,,,,,,,,,
campaign_d_binary,binary_n100_independent-positive_seed2.pcf,dfma,2,0,432896,49,48,13311233244867539212,13440,23f703aa3bc9,2026-08-28T16:57:13Z,100,99,1,,,,,,,,,,,,,,,,,
campaign_d_binary,binary_n100_independent-positive_seed3.pcf,dfma,0,0,442034,52,51,8060594503364318200,13440,23f703aa3bc9,2026-08-28T16:57:13Z,100,99,1,,,,,,,,,,,,,,,,,
campaign_d_binary,binary_n100_independent-positive_seed3.pcf,dfma,1,0,422933,52,51,8060594503364318200,13440,23f703aa3bc9,2026-08-28T16:57:13Z,100,99,1,,,,,,,,,,,,,,,,,
campaign_d_binary,binary_n100_independent-positive_seed3.pcf,dfma,2,0,414612,52,51,8060594503364318200,13440,23f703aa3bc9,2026-08-28T16:57:13Z,100,99,1,,,,,,,,,,,,,,,,,
campaign_d_binary,binary_n100_independent-positive_seed4.pcf,dfma,0,0,423173,47,46,4979544494484145759,13440,23f703aa3bc9,2026-08-28T16:57:13Z,100,99,1,,,,,,,,,,,,,,,,,
campaign_d_binary,binary_n100_independent-positive_seed4.pcf,dfma,1,0,398126,47,46,4979544494484145759,13440,23f703aa3bc9,2026-08-28T16:57:13Z,100,99,1,,,,,,,,,,,,,,,,,
campaign_d_binary,binary_n100_independent-positive_seed4.pcf,dfma,2,0,399736,47,46,4979544494484145759,13440,23f703aa3bc9,2026-08-28T16:57:13Z,100,99,1,,,,,,,,,,,,,,,,,
campaign_d_binary,binary_n100_independent-positive_seed5.pcf,dfma,0,0,432503,51,50,14221235438142112625,13440,23f703aa3bc9,2026-08-28T16:57:13Z,100,99,1,,,,,,,,,,,,,,,,,
campaign_d_binary,binary_n100_independent-positive_seed5.pcf,dfma,1,0,413552,51,50,14221235438142112625,13440,23f703aa3bc9,2026-08-28T16:57:13Z,100,99,1,,,,,,,,,,,,,,,,,
campaign_d_binary,binary_n100_independent-positive_seed5.pcf,dfma,2,0,419974,51,50,14221235438142112625,13440,23f703aa3bc9,2026-08-28T16:57:13Z,100,99,1,,,,,,,,,,,,,,,,,
campaign_d_binary,binary_n100_independent-positive_seed6.pcf,dfma,0,0,439155,56,55,16586004528206934127,13440,23f703aa3bc9,2026-08-28T16:57:13Z,100,99,1,,,,,,,,,,,,,,,,,
campaign_d_binary,binary_n100_independent-positive_seed6.pcf,dfma,1,0,409415,56,55,16586004528206934127,13440,23f703aa3bc9,2026-08-28T16:57:13Z,100,99,1,,,,,,,,,,,,,,,,,
campaign_d_binary,binary_n100_independent-positive_seed6.pcf,dfma,2,0,413086,56,55,16586004528206934127,13440,23f703aa3bc9,2026-08-28T16:57:13Z,100,99,1,,,,,,,,,,,,,,,,,
campaign_d_binary,binary_n100_independent-positive_seed7.pcf,dfma,0,0,427424,53,52,3456734865862674265,13440,23f703aa3bc9,2026-08-28T16:57:13Z,100,99,1,,,,,,,,,,,,,,,,,
campaign_d_binary,binary_n100_independent-positive_seed7.pcf,dfma,1,0,412439,53,52,3456734865862674265,13440,23f703aa3bc9,2026-08-28T16:57:13Z,100,99,1,,,,,,,,,,,,,,,,,
campaign_d_binary,binary_n100_independent-positive_seed7.pcf,dfma,2,0,411926,53,52,3456734865862674265,13440,23f703aa3bc9,2026-08-28T16:57:13Z,100,99,1,,,,,,,,,,,,,,,,,
campaign_d_binary,binary_n100_independent-positive_seed8.pcf,dfma,0,0,446251,50,49,13813368640701301240,13440,23f703aa3bc9,2026-08-28T16:57:13Z,100,99,1,,,,,,,,,,,,,,,,,
campaign_d_binary,binary_n100_independent-positive_seed8.pcf,dfma,1,0,434112,50,49,13813368640701301240,13440,23f703aa3bc9,2026-08-28T16:57:13Z,100,99,1,,,,,,,,,,,,,,,,,
campaign_d_binary,binary_n100_independent-positive_seed8.pcf,dfma,2,0,419534,50,49,13813368640701301240,13440,23f703aa3bc9,2026-08-28T16:57:13Z,100,99,1,,,,,,,,,,,,,,,,,
campaign_d_binary,binary_n100_independent-positive_seed9.pcf,dfma,0,0,444508,46,45,8356104684961542281,13440,23f703aa3bc9,2026-08-28T16:57:13Z,100,99,1,,,,,,,,,,,,,,,,,
campaign_d_binary,binary_n100_independent-positive_seed9.pcf,dfma,1,0,395076,46,45,8356104684961542281,13440,23f703aa3bc9,2026-08-28T16:57:13Z,100,99,1,,,,,,,,,,,,,,,,,
campaign_d_binary,binary_n100_independent-positive_seed9.pcf,dfma,2,0,394773,46,45,8356104684961542281,13440,23f703aa3bc9,2026-08-28T16:57:13Z,100,99,1,,,,,,,,,,,,,,,,,
campaign_d_binary,binary_n100_independent-signed_seed0.pcf,dfma,0,0,417753,48,47,13365986946210406484,13440,23f703aa3bc9,2026-08-28T16:57:13Z,100,99,1,,,,,,,,,,,,,,,,,
campaign_d_binary,binary_n100_independent-signed_seed0.pcf,dfma,1,0,402495,48,47,13365986946210406484,13440,23f703aa3bc9,2026-08-28T16:57:13Z,100,99,1,,,,,,,,,,,,,,,,,
campaign_d_binary,binary_n100_independent-signed_seed0.pcf,dfma,2,0,397299,48,47,13365986946210406484,13440,23f703aa3bc9,2026-08-28T16:57:13Z,100,99,1,,,,,,,,,,,,,,,,,
campaign_d_binary,binary_n100_independent-signed_seed1.pcf,dfma,0,0,428630,46,45,5747144160283962374,13440,23f703aa3bc9,2026-08-28T16:57:13Z,100,99,1,,,,,,,,,,,,,,,,,
campaign_d_binary,binary_n100_independent-signed_seed1.pcf,dfma,1,0,409708,46,45,5747144160283962374,13440,23f703aa3bc9,2026-08-28T16:57:13Z,100,99,1,,,,,,,,,,,,,,,,,
campaign_d_binary,binary_n100_independent-signed_seed1.pcf,dfma,2,0,400538,46,45,5747144160283962374,13440,23f703aa3bc9,2026-08-28T16:57:13Z,100,99,1,,,,,,,,,,,,,,,,,
campaign_d_binary,binary_n100_independent-signed_seed2.pcf,dfma,0,0,421817,46,45,16907036492584676248,13440,23f703aa3bc9,2026-08-28T16:57:13Z,100,99,1,,,,,,,,,,,,,,,,,
campaign_d_binary,binary_n100_independent-signed_seed2.pcf,dfma,1,0,433868,46,45,16907036492584676248,13440,23f703aa3bc9,2026-08-28T16:57:13Z,100,99,1,,,,,,,,,,,,,,,,,
campaign_d_binary,binary_n100_independent-signed_seed2.pcf,dfma,2,0,401641,46,45,16907036492584676248,13440,23f703aa3bc9,2026-08-28T16:57:13Z,100,99,1,,,,,,,,,,,,,,,,,
campaign_d_binary,binary_n100_independent-signed_seed3.pcf,dfma,0,0,433051,55,54,12054423514959518006,13440,23f703aa3bc9,2026-08-28T16:57:13Z,100,99,1,,,,,,,,,,,,,,,,,
campaign_d_binary,binary_n100_independent-signed_seed3.pcf,dfma,1,0,410639,55,54,12054423514959518006,13440,23f703aa3bc9,2026-08-28T16:57:13Z,100,99,1,,,,,,,,,,,,,,,,,
campaign_d_binary,binary_n100_independent-signed_seed3.pcf,dfma,2,0,412599,55,54,12054423514959518006,13440,23f703aa3bc9,2026-08-28T16:57:13Z,100,99,1,,,,,,,,,,,,,,,,,
campaign_d_binary,binary_n100_independent-signed_seed4.pcf,dfma,0,0,425825,46,45,4657247863249504430,13440,23f703aa3bc9,2026-08-28T16:57:13Z,100,99,1,,,,,,,,,,,,,,,,,
campaign_d_binary,binary_n100_independent-signed_seed4.pcf,dfma,1,0,402168,46,45,4657247863249504430,13440,23f703aa3bc9,2026-08-28T16:57:13Z,100,99,1,,,,,,,,,,,,,,,,,
campaign_d_binary,binary_n100_independent-signed_seed4.pcf,dfma,2,0,395604,46,45,4657247863249504430,13440,23f703aa3bc9,2026-08-28T16:57:13Z,100,99,1,,,,,,,,,,,,,,,,,
campaign_d_binary,binary_n100_independent-signed_seed5.pcf,dfma,0,0,428603,55,54,7298943599678142326,13440,23f703aa3bc9,2026-08-28T16:57:13Z,100,99,1,,,,,,,,,,,,,,,,,
campaign_d_binary,binary_n100_independent-signed_seed5.pcf,dfma,1,0,397909,55,54,7298943599678142326,13440,23f703aa3bc9,2026-08-28T16:57:13Z,100,99,1,,,,,,,,,,,,,,,,,
campaign_d_binary,binary_n100_independent-signed_seed5.pcf,dfma,2,0,405523,55,54,7298943599678142326,13440,23f703aa3bc9,2026-08-28T16:57:13Z,100,99,1,,,,,,,,,,,,,,,,,
campaign_d_binary,binary_n100_independent-signed_seed6.pcf,dfma,0,0,423018,60,59,7103307848617762110,13440,23f703aa3bc9,2026-08-28T16:57:13Z,100,99,1,,,,,,,,,,,,,,,,,
campaign_d_binary,binary_n100_independent-signed_seed6.pcf,dfma,1,0,416066,60,59,7103307848617762110,13440,23f703aa3bc9,2026-08-28T16:57:13Z,100,99,1,,,,,,,,,,,,,,,,,
campaign_d_binary,binary_n100_independent-signed_seed6.pcf,dfma,2,0,397394,60,59,7103307848617762110,13440,23f703aa3bc9,2026-08-28T16:57:13Z,100,99,1,,,,,,,,,,,,,,,,,
campaign_d_binary,binary_n100_independent-signed_seed7.pcf,dfma,0,0,412927,52,51,2816379952568024322,13440,23f703aa3bc9,2026-08-28T16:57:13Z,100,99,1,,,,,,,,,,,,,,,,,
campaign_d_binary,binary_n100_independent-signed_seed7.pcf,dfma,1,0,400327,52,51,2816379952568024322,13440,23f703aa3bc9,2026-08-28T16:57:13Z,100,99,1,,,,,,,,,,,,,,,,,
campaign_d_binary,binary_n100_independent-signed_seed7.pcf,dfma,2,0,392816,52,51,2816379952568024322,13440,23f703aa3bc9,2026-08-28T16:57:13Z,100,99,1,,,,,,,,,,,,,,,,,
campaign_d_binary,binary_n100_independent-signed_seed8.pcf,dfma,0,0,415165,48,47,9338673086269391986,13600,23f703aa3bc9,2026-08-28T16:57:13Z,100,99,1,,,,,,,,,,,,,,,,,
campaign_d_binary,binary_n100_independent-signed_seed8.pcf,dfma,1,0,406845,48,47,9338673086269391986,13600,23f703aa3bc9,2026-08-28T16:57:13Z,100,99,1,,,,,,,,,,,,,,,,,
campaign_d_binary,binary_n100_independent-signed_seed8.pcf,dfma,2,0,424489,48,47,9338673086269391986,13600,23f703aa3bc9,2026-08-28T16:57:13Z,100,99,1,,,,,,,,,,,,,,,,,
campaign_d_binary,binary_n100_independent-signed_seed9.pcf,dfma,0,0,433192,39,38,1592909310810723299,13600,23f703aa3bc9,2026-08-28T16:57:13Z,100,99,1,,,,,,,,,,,,,,,,,
campaign_d_binary,binary_n100_independent-signed_seed9.pcf,dfma,1,0,382612,39,38,1592909310810723299,13600,23f703aa3bc9,2026-08-28T16:57:13Z,100,99,1,,,,,,,,,,,,,,,,,
campaign_d_binary,binary_n100_independent-signed_seed9.pcf,dfma,2,0,367816,39,38,1592909310810723299,13600,23f703aa3bc9,2026-08-28T16:57:13Z,100,99,1,,,,,,,,,,,,,,,,,
campaign_d_binary,binary_n100_near-ties_seed0.pcf,dfma,0,0,496617,38,37,18408744690770715442,13600,23f703aa3bc9,2026-08-28T16:57:13Z,100,99,1,,,,,,,,,,,,,,,,,
campaign_d_binary,binary_n100_near-ties_seed0.pcf,dfma,1,0,379591,38,37,18408744690770715442,13600,23f703aa3bc9,2026-08-28T16:57:13Z,100,99,1,,,,,,,,,,,,,,,,,
campaign_d_binary,binary_n100_near-ties_seed0.pcf,dfma,2,0,402432,38,37,18408744690770715442,13600,23f703aa3bc9,2026-08-28T16:57:13Z,100,99,1,,,,,,,,,,,,,,,,,
campaign_d_binary,binary_n100_near-ties_seed1.pcf,dfma,0,0,349333,47,46,17223796855844816498,13600,23f703aa3bc9,2026-08-28T16:57:13Z,100,99,1,,,,,,,,,,,,,,,,,
campaign_d_binary,binary_n100_near-ties_seed1.pcf,dfma,1,0,332288,47,46,17223796855844816498,13600,23f703aa3bc9,2026-08-28T16:57:13Z,100,99,1,,,,,,,,,,,,,,,,,
campaign_d_binary,binary_n100_near-ties_seed1.pcf,dfma,2,0,333738,47,46,17223796855844816498,13600,23f703aa3bc9,2026-08-28T16:57:13Z,100,99,1,,,,,,,,,,,,,,,,,
campaign_d_binary,binary_n100_near-ties_seed2.pcf,dfma,0,0,380530,42,41,12119848961584795586,13600,23f703aa3bc9,2026-08-28T16:57:13Z,100,99,1,,,,,,,,,,,,,,,,,
campaign_d_binary,binary_n100_near-ties_seed2.pcf,dfma,1,0,364178,42,41,12119848961584795586,13600,23f703aa3bc9,2026-08-28T16:57:13Z,100,99,1,,,,,,,,,,,,,,,,,
campaign_d_binary,binary_n100_near-ties_seed2.pcf,dfma,2,0,356939,42,41,12119848961584795586,13600,23f703aa3bc9,2026-08-28T16:57:13Z,100,99,1,,,,,,,,,,,,,,,,,
campaign_d_binary,binary_n100_near-ties_seed3.pcf,dfma,0,0,385012,47,46,4107875807397312975,13600,23f703aa3bc9,2026-08-28T16:57:13Z,100,99,1,,,,,,,,,,,,,,,,,
campaign_d_binary,binary_n100_near-ties_seed3.pcf,dfma,1,0,361006,47,46,4107875807397312975,13600,23f703aa3bc9,2026-08-28T16:57:13Z,100,99,1,,,,,,,,,,,,,,,,,
campaign_d_binary,binary_n100_near-ties_seed3.pcf,dfma,2,0,361630,47,46,4107875807397312975,13600,23f703aa3bc9,2026-08-28T16:57:13Z,100,99,1,,,,,,,,,,,,,,,,,
campaign_d_binary,binary_n100_near-ties_seed4.pcf,dfma,0,0,403969,40,39,3565652217847650075,13600,23f703aa3bc9,2026-08-28T16:57:13Z,100,99,1,,,,,,,,,,,,,,,,,
campaign_d_binary,binary_n100_near-ties_seed4.pcf,dfma,1,0,374392,40,39,3565652217847650075,13600,23f703aa3bc9,2026-08-28T16:57:13Z,100,99,1,,,,,,,,,,,,,,,,,
campaign_d_binary,binary_n100_near-ties_seed4.pcf,dfma,2,0,403133,40,39,3565652217847650075,13600,23f703aa3bc9,2026-08-28T16:57:13Z,100,99,1,,,,,,,,,,,,,,,,,
campaign_d_binary,binary_n100_near-ties_seed5.pcf,dfma,0,0,366131,49,48,5107694975644694666,13600,23f703aa3bc9,2026-08-28T16:57:13Z,100,99,1,,,,,,,,,,,,,,,,,
campaign_d_binary,binary_n100_near-ties_seed5.pcf,dfma,1,0,350348,49,48,5107694975644694666,13600,23f703aa3bc9,2026-08-28T16:57:13Z,100,99,1,,,,,,,,,,,,,,,,,
campaign_d_binary,binary_n100_near-ties_seed5.pcf,dfma,2,0,344365,49,48,5107694975644694666,13600,23f703aa3bc9,2026-08-28T16:57:13Z,100,99,1,,,,,,,,,,,,,,,,,
campaign_d_binary,binary_n100_near-ties_seed6.pcf,dfma,0,0,370587,36,35,16974281506654111531,13600,23f703aa3bc9,2026-08-28T16:57:13Z,100,99,1,,,,,,,,,,,,,,,,,
campaign_d_binary,binary_n100_near-ties_seed6.pcf,dfma,1,0,348087,36,35,16974281506654111531,13600,23f703aa3bc9,2026-08-28T16:57:13Z,100,99,1,,,,,,,,,,,,,,,,,
campaign_d_binary,binary_n100_near-ties_seed6.pcf,dfma,2,0,354311,36,35,16974281506654111531,13600,23f703aa3bc9,2026-08-28T16:57:13Z,100,99,1,,,,,,,,,,,,,,,,,
campaign_d_binary,binary_n100_near-ties_seed7.pcf,dfma,0,0,363489,47,46,9889237309291445089,13600,23f703aa3bc9,2026-08-28T16:57:13Z,100,99,1,,,,,,,,,,,,,,,,,
campaign_d_binary,binary_n100_near-ties_seed7.pcf,dfma,1,0,357702,47,46,9889237309291445089,13600,23f703aa3bc9,2026-08-28T16:57:13Z,100,99,1,,,,,,,,,,,,,,,,,
campaign_d_binary,binary_n100_near-ties_seed7.pcf,dfma,2,0,346623,47,46,9889237309291445089,13600,23f703aa3bc9,2026-08-28T16:57:13Z,100,99,1,,,,,,,,,,,,,,,,,
campaign_d_binary,binary_n100_near-ties_seed8.pcf,dfma,0,0,377598,42,41,14880854739264634961,13600,23f703aa3bc9,2026-08-28T16:57:13Z,100,99,1,,,,,,,,,,,,,,,,,
campaign_d_binary,binary_n100_near-ties_seed8.pcf,dfma,1,0,362383,42,41,14880854739264634961,13600,23f703aa3bc9,2026-08-28T16:57:13Z,100,99,1,,,,,,,,,,,,,,,,,
campaign_d_binary,binary_n100_near-ties_seed8.pcf,dfma,2,0,355939,42,41,14880854739264634961,13600,23f703aa3bc9,2026-08-28T16:57:13Z,100,99,1,,,,,,,,,,,,,,,,,
campaign_d_binary,binary_n100_near-ties_seed9.pcf,dfma,0,0,356025,42,41,18015625404968715705,13600,23f703aa3bc9,2026-08-28T16:57:13Z,100,99,1,,,,,,,,,,,,,,,,,
campaign_d_binary,binary_n100_near-ties_seed9.pcf,dfma,1,0,423758,42,41,18015625404968715705,13600,23f703aa3bc9,2026-08-28T16:57:13Z,100,99,1,,,,,,,,,,,,,,,,,
campaign_d_binary,binary_n100_near-ties_seed9.pcf,dfma,2,0,342937,42,41,18015625404968715705,13600,23f703aa3bc9,2026-08-28T16:57:13Z,100,99,1,,,,,,,,,,,,,,,,,
campaign_d_binary,binary_n2000_anti-correlated_seed0.pcf,dfma,0,0,225623113,977,976,4994274380996832509,13600,23f703aa3bc9,2026-08-28T16:57:13Z,2000,1999,1,,,,,,,,,,,,,,,,,
campaign_d_binary,binary_n2000_anti-correlated_seed0.pcf,dfma,1,0,225450313,977,976,4994274380996832509,13600,23f703aa3bc9,2026-08-28T16:57:14Z,2000,1999,1,,,,,,,,,,,,,,,,,
campaign_d_binary,binary_n2000_anti-correlated_seed0.pcf,dfma,2,0,226345909,977,976,4994274380996832509,13600,23f703aa3bc9,2026-08-28T16:57:14Z,2000,1999,1,,,,,,,,,,,,,,,,,
campaign_d_binary,binary_n2000_anti-correlated_seed1.pcf,dfma,0,0,227626028,992,991,7385438227263503597,13600,23f703aa3bc9,2026-08-28T16:57:14Z,2000,1999,1,,,,,,,,,,,,,,,,,
campaign_d_binary,binary_n2000_anti-correlated_seed1.pcf,dfma,1,0,227537798,992,991,7385438227263503597,13600,23f703aa3bc9,2026-08-28T16:57:14Z,2000,1999,1,,,,,,,,,,,,,,,,,
campaign_d_binary,binary_n2000_anti-correlated_seed1.pcf,dfma,2,0,229464164,992,991,7385438227263503597,13600,23f703aa3bc9,2026-08-28T16:57:15Z,2000,1999,1,,,,,,,,,,,,,,,,,
campaign_d_binary,binary_n2000_anti-correlated_seed2.pcf,dfma,0,0,227536625,973,972,14099427994576955969,13600,23f703aa3bc9,2026-08-28T16:57:15Z,2000,1999,1,,,,,,,,,,,,,,,,,
campaign_d_binary,binary_n2000_anti-correlated_seed2.pcf,dfma,1,0,226683331,973,972,14099427994576955969,13600,23f703aa3bc9,2026-08-28T16:57:15Z,2000,1999,1,,,,,,,,,,,,,,,,,
campaign_d_binary,binary_n2000_anti-correlated_seed2.pcf,dfma,2,0,227863348,973,972,14099427994576955969,13600,23f703aa3bc9,2026-08-28T16:57:15Z,2000,1999,1,,,,,,,,,,,,,,,,,
campaign_d_binary,binary_n2000_anti-correlated_seed3.pcf,dfma,0,0,229084938,1022,1021,13004403156656997354,13600,23f703aa3bc9,2026-08-28T16:57:15Z,2000,1999,1,,,,,,,,,,,,,,,,,
campaign_d_binary,binary_n2000_anti-correlated_seed3.pcf,dfma,1,0,227800415,1022,1021,13004403156656997354,13600,23f703aa3bc9,2026-08-28T16:57:16Z,2000,1999,1,,,,,,,,,,,,,,,,,
campaign_d_binary,binary_n2000_anti-correlated_seed3.pcf,dfma,2,0,226030885,1022,1021,13004403156656997354,13600,23f703aa3bc9,2026-08-28T16:57:16Z,2000,1999,1,,,,,,,,,,,,,,,,,
campaign_d_binary,binary_n2000_anti-correlated_seed4.pcf,dfma,0,0,228363832,991,990,11705469168072080086,13600,23f703aa3bc9,2026-08-28T16:57:16Z,2000,1999,1,,,,,,,,,,,,,,,,,
campaign_d_binary,binary_n2000_anti-correlated_seed4.pcf,dfma,1,0,228618960,991,990,11705469168072080086,13600,23f703aa3bc9,2026-08-28T16:57:16Z,2000,1999,1,,,,,,,,,,,,,,,,,
campaign_d_binary,binary_n2000_anti-correlated_seed4.pcf,dfma,2,0,232849419,991,990,11705469168072080086,13600,23f703aa3bc9,2026-08-28T16:57:17Z,2000,1999,1,,,,,,,,,,,,,,,,,
campaign_d_binary,binary_n2000_anti-correlated_seed5.pcf,dfma,0,0,227305146,1032,1031,12411761968937594874,13600,23f703aa3bc9,2026-08-28T16:57:17Z,2000,1999,1,,,,,,,,,,,,,,,,,
campaign_d_binary,binary_n2000_anti-correlated_seed5.pcf,dfma,1,0,225545160,1032,1031,12411761968937594874,13600,23f703aa3bc9,2026-08-28T16:57:17Z,2000,1999,1,,,,,,,,,,,,,,,,,
campaign_d_binary,binary_n2000_anti-correlated_seed5.pcf,dfma,2,0,225084203,1032,1031,12411761968937594874,13600,23f703aa3bc9,2026-08-28T16:57:17Z,2000,1999,1,,,,,,,,,,,,,,,,,
campaign_d_binary,binary_n2000_anti-correlated_seed6.pcf,dfma,0,0,223162283,990,989,15942331324105714559,13600,23f703aa3bc9,2026-08-28T16:57:18Z,2000,1999,1,,,,,,,,,,,,,,,,,
campaign_d_binary,binary_n2000_anti-correlated_seed6.pcf,dfma,1,0,221946080,990,989,15942331324105714559,13600,23f703aa3bc9,2026-08-28T16:57:18Z,2000,1999,1,,,,,,,,,,,,,,,,,
campaign_d_binary,binary_n2000_anti-correlated_seed6.pcf,dfma,2,0,221052229,990,989,15942331324105714559,13600,23f703aa3bc9,2026-08-28T16:57:18Z,2000,1999,1,,,,,,,,,,,,,,,,,
campaign_d_binary,binary_n2000_anti-correlated_seed7.pcf,dfma,0,0,218204110,968,967,16915119904024545155,13760,23f703aa3bc9,2026-08-28T16:57:18Z,2000,1999,1,,,,,,,,,,,,,,,,,
campaign_d_binary,binary_n2000_anti-correlated_seed7.pcf,dfma,1,0,217514687,968,967,16915119904024545155,13760,23f703aa3bc9,2026-08-28T16:57:18Z,2000,1999,1,,,,,,,,,,,,,,,,,
campaign_d_binary,binary_n2000_anti-correlated_seed7.pcf,dfma,2,0,220079095,968,967,16915119904024545155,13760,23f703aa3bc9,2026-08-28T16:57:19Z,2000,1999,1,,,,,,,,,,,,,,,,,
campaign_d_binary,binary_n2000_anti-correlated_seed8.pcf,dfma,0,0,217296473,1045,1044,12839322092756277369,13760,23f703aa3bc9,2026-08-28T16:57:19Z,2000,1999,1,,,,,,,,,,,,,,,,,
campaign_d_binary,binary_n2000_anti-correlated_seed8.pcf,dfma,1,0,221732144,1045,1044,12839322092756277369,13760,23f703aa3bc9,2026-08-28T16:57:19Z,2000,1999,1,,,,,,,,,,,,,,,,,
campaign_d_binary,binary_n2000_anti-correlated_seed8.pcf,dfma,2,0,220922144,1045,1044,12839322092756277369,13760,23f703aa3bc9,2026-08-28T16:57:19Z,2000,1999,1,,,,,,,,,,,,,,,,,
campaign_d_binary,binary_n2000_anti-correlated_seed9.pcf,dfma,0,0,221406405,987,986,447488519133420192,13760,23f703aa3bc9,2026-08-28T16:57:20Z,2000,1999,1,,,,,,,,,,,,,,,,,
campaign_d_binary,binary_n2000_anti-correlated_seed9.pcf,dfma,1,0,221484165,987,986,447488519133420192,13760,23f703aa3bc9,2026-08-28T16:57:20Z,2000,1999,1,,,,,,,,,,,,,,,,,
campaign_d_binary,binary_n2000_anti-correlated_seed9.pcf,dfma,2,0,222101061,987,986,447488519133420192,13760,23f703aa3bc9,2026-08-28T16:57:20Z,2000,1999,1,,,,,,,,,,,,,,,,,
campaign_d_binary,binary_n2000_correlated_seed0.pcf,dfma,0,0,211620601,992,991,15219775468968826567,13760,23f703aa3bc9,2026-08-28T16:57:20Z,2000,1999,1,,,,,,,,,,,,,,,,,
campaign_d_binary,binary_n2000_correlated_seed0.pcf,dfma,1,0,215161651,992,991,15219775468968826567,13760,23f703aa3bc9,2026-08-28T16:57:20Z,2000,1999,1,,,,,,,,,,,,,,,,,
campaign_d_binary,binary_n2000_correlated_seed0.pcf,dfma,2,0,216476723,992,991,15219775468968826567,13760,23f703aa3bc9,2026-08-28T16:57:21Z,2000,1999,1,,,,,,,,,,,,,,,,,
campaign_d_binary,binary_n2000_correlated_seed1.pcf,dfma,0,0,218070088,959,958,14427829499521734398,13760,23f703aa3bc9,2026-08-28T16:57:21Z,2000,1999,1,,,,,,,,,,,,,,,,,
campaign_d_binary,binary_n2000_correlated_seed1.pcf,dfma,1,0,219678826,959,958,14427829499521734398,13760,23f703aa3bc9,2026-08-28T16:57:21Z,2000,1999,1,,,,,,,,,,,,,,,,,
campaign_d_binary,binary_n2000_correlated_seed1.pcf,dfma,2,0,220202200,959,958,14427829499521734398,13760,23f703aa3bc9,2026-08-28T16:57:21Z,2000,1999,1,,,,,,,,,,,,,,,,,
campaign_d_binary,binary_n2000_correlated_seed2.pcf,dfma,0,0,217970354,964,963,4666227195262142993,13760,23f703aa3bc9,2026-08-28T16:57:22Z,2000,1999,1,,,,,,,,,,,,,,,,,
campaign_d_binary,binary_n2000_correlated_seed2.pcf,dfma,1,0,217468221,964,963,4666227195262142993,13760,23f703aa3bc9,2026-08-28T16:57:22Z,2000,1999,1,,,,,,,,,,,,,,,,,
campaign_d_binary,binary_n2000_correlated_seed2.pcf,dfma,2,0,218160891,964,963,4666227195262142993,13760,23f703aa3bc9,2026-08-28T16:57:22Z,2000,1999,1,,,,,,,,,,,,,,,,,
campaign_d_binary,binary_n2000_correlated_seed3.pcf,dfma,0,0,215433865,1003,1002,2678152042999650027,13760,23f703aa3bc9,2026-08-28T16:57:22Z,2000,1999,1,,,,,,,,,,,,,,,,,
campaign_d_binary,binary_n2000_correlated_seed3.pcf,dfma,1,0,219946615,1003,1002,2678152042999650027,13760,23f703aa3bc9,2026-08-28T16:57:22Z,2000,1999,1,,,,,,,,,,,,,,,,,
campaign_d_binary,binary_n2000_correlated_seed3.pcf,dfma,2,0,216083567,1003,1002,2678152042999650027,13760,23f703aa3bc9,2026-08-28T16:57:23Z,2000,1999,1,,,,,,,,,,,,,,,,,
campaign_d_binary,binary_n2000_correlated_seed4.pcf,dfma,0,0,215483037,987,986,15436262875251236776,13760,23f703aa3bc9,2026-08-28T16:57:23Z,2000,1999,1,,,,,,,,,,,,,,,,,
campaign_d_binary,binary_n2000_correlated_seed4.pcf,dfma,1,0,216791684,987,986,15436262875251236776,13760,23f703aa3bc9,2026-08-28T16:57:23Z,2000,1999,1,,,,,,,,,,,,,,,,,
campaign_d_binary,binary_n2000_correlated_seed4.pcf,dfma,2,0,219008628,987,986,15436262875251236776,13760,23f703aa3bc9,2026-08-28T16:57:23Z,2000,1999,1,,,,,,,,,,,,,,,,,
campaign_d_binary,binary_n2000_correlated_seed5.pcf,dfma,0,0,215435557,955,954,913346894550510565,13760,23f703aa3bc9,2026-08-28T16:57:23Z,2000,1999,1,,,,,,,,,,,,,,,,,
campaign_d_binary,binary_n2000_correlated_seed5.pcf,dfma,1,0,214055191,955,954,913346894550510565,13760,23f703aa3bc9,2026-08-28T16:57:24Z,2000,1999,1,,,,,,,,,,,,,,,,,
campaign_d_binary,binary_n2000_correlated_seed5.pcf,dfma,2,0,212147795,955,954,913346894550510565,13760,23f703aa3bc9,2026-08-28T16:57:24Z,2000,1999,1,,,,,,,,,,,,,,,,,
campaign_d_binary,binary_n2000_correlated_seed6.pcf,dfma,0,0,213776626,990,989,16906736554491138541,13760,23f703aa3bc9,2026-08-28T16:57:24Z,2000,1999,1,,,,,,,,,,,,,,,,,
campaign_d_binary,binary_n2000_correlated_seed6.pcf,dfma,1,0,211565301,990,989,16906736554491138541,13760,23f703aa3bc9,2026-08-28T16:57:24Z,2000,1999,1,,,,,,,,,,,,,,,,,
campaign_d_binary,binary_n2000_correlated_seed6.pcf,dfma,2,0,211552502,990,989,16906736554491138541,13760,23f703aa3bc9,2026-08-28T16:57:25Z,2000,1999,1,,,,,,,,,,,,,,,,,
campaign_d_binary,binary_n2000_correlated_seed7.pcf,dfma,0,0,205724337,981,980,13049649306296792919,13760,23f703aa3bc9,2026-08-28T16:57:25Z,2000,1999,1,,,,,,,,,,,,,,,,,
campaign_d_binary,binary_n2000_correlated_seed7.pcf,dfma,1,0,204589945,981,980,13049649306296792919,13760,23f703aa3bc9,2026-08-28T16:57:25Z,2000,1999,1,,,,,,,,,,,,,,,,,
campaign_d_binary,binary_n2000_correlated_seed7.pcf,dfma,2,0,204938910,981,980,13049649306296792919,13760,23f703aa3bc9,2026-08-28T16:57:25Z,2000,1999,1,,,,,,,,,,,,,,,,,
campaign_d_binary,binary_n2000_correlated_seed8.pcf,dfma,0,0,212441574,968,967,13077303173928427992,13760,23f703aa3bc9,2026-08-28T16:57:25Z,2000,1999,1,,,,,,,,,,,,,,,,,
campaign_d_binary,binary_n2000_correlated_seed8.pcf,dfma,1,0,208620852,968,967,13077303173928427992,13760,23f703aa3bc9,2026-08-28T16:57:26Z,2000,1999,1,,,,,,,,,,,,,,,,,
campaign_d_binary,binary_n2000_correlated_seed8.pcf,dfma,2,0,209470363,968,967,13077303173928427992,13760,23f703aa3bc9,2026-08-28T16:57:26Z,2000,1999,1,,,,,,,,,,,,,,,,,
campaign_d_binary,binary_n2000_correlated_seed9.pcf,dfma,0,0,213071774,995,994,472390873604892112,13760,23f703aa3bc9,2026-08-28T16:57:26Z,2000,1999,1,,,,,,,,,,,,,,,,,
campaign_d_binary,binary_n2000_correlated_seed9.pcf,dfma,1,0,213893395,995,994,472390873604892112,13760,23f703aa3bc9,2026-08-28T16:57:26Z,2000,1999,1,,,,,,,,,,,,,,,,,
campaign_d_binary,binary_n2000_correlated_seed9.pcf,dfma,2,0,214503619,995,994,472390873604892112,13760,23f703aa3bc9,2026-08-28T16:57:26Z,2000,1999,1,,,,,,,,,,,,,,,,,
campaign_d_binary,binary_n2000_exact-ties_seed0.pcf,dfma,0,0,130218659,439,438,9510752352160591402,13760,23f703aa3bc9,2026-08-28T16:57:27Z,2000,1999,1,,,,,,,,,,,,,,,,,
campaign_d_binary,binary_n2000_exact-ties_seed0.pcf,dfma,1,0,127336867,439,438,9510752352160591402,13760,23f703aa3bc9,2026-08-28T16:57:27Z,2000,1999,1,,,,,,,,,,,,,,,,,
campaign_d_binary,binary_n2000_exact-ties_seed0.pcf,dfma,2,0,130436321,439,438,9510752352160591402,13760,23f703aa3bc9,2026-08-28T16:57:27Z,2000,1999,1,,,,,,,,,,,,,,,,,
campaign_d_binary,binary_n2000_exact-ties_seed1.pcf,dfma,0,0,133180266,436,435,4817305337611017402,13760,23f703aa3bc9,2026-08-28T16:57:27Z,2000,1999,1,,,,,,,,,,,,,,,,,
campaign_d_binary,binary_n2000_exact-ties_seed1.pcf,dfma,1,0,133378095,436,435,4817305337611017402,13760,23f703aa3bc9,2026-08-28T16:57:27Z,2000,1999,1,,,,,,,,,,,,,,,,,
campaign_d_binary,binary_n2000_exact-ties_seed1.pcf,dfma,2,0,132861769,436,435,4817305337611017402,13760,23f703aa3bc9,2026-08-28T16:57:27Z,2000,1999,1,,,,,,,,,,,,,,,,,
campaign_d_binary,binary_n2000_exact-ties_seed2.pcf,dfma,0,0,133332423,439,438,7420589487358996895,13760,23f703aa3bc9,2026-08-28T16:57:27Z,2000,1999,1,,,,,,,,,,,,,,,,,
campaign_d_binary,binary_n2000_exact-ties_seed2.pcf,dfma,1,0,135220963,439,438,7420589487358996895,13760,23f703aa3bc9,2026-08-28T16:57:28Z,2000,1999,1,,,,,,,,,,,,,,,,,
campaign_d_binary,binary_n2000_exact-ties_seed2.pcf,dfma,2,0,133406828,439,438,7420589487358996895,13760,23f703aa3bc9,2026-08-28T16:57:28Z,2000,1999,1,,,,,,,,,,,,,,,,,
campaign_d_binary,binary_n2000_exact-ties_seed3.pcf,dfma,0,0,139517331,446,445,4600410376572688616,13760,23f703aa3bc9,2026-08-28T16:57:28Z,2000,1999,1,,,,,,,,,,,,,,,,,
campaign_d_binary,binary_n2000_exact-ties_seed3.pcf,dfma,1,0,139005820,446,445,4600410376572688616,13760,23f703aa3bc9,2026-08-28T16:57:28Z,2000,1999,1,,,,,,,,,,,,,,,,,
campaign_d_binary,binary_n2000_exact-ties_seed3.pcf,dfma,2,0,140014311,446,445,4600410376572688616,13760,23f703aa3bc9,2026-08-28T16:57:28Z,2000,1999,1,,,,,,,,,,,,,,,,,
campaign_d_binary,binary_n2000_exact-ties_seed4.pcf,dfma,0,0,136298968,424,423,11645227928960293361,13760,23f703aa3bc9,2026-08-28T16:57:28Z,2000,1999,1,,,,,,,,,,,,,,,,,
campaign_d_binary,binary_n2000_exact-ties_seed4.pcf,dfma,1,0,137334504,424,423,11645227928960293361,13760,23f703aa3bc9,2026-08-28T16:57:28Z,2000,1999,1,,,,,,,,,,,,,,,,,
campaign_d_binary,binary_n2000_exact-ties_seed4.pcf,dfma,2,0,139904389,424,423,11645227928960293361,13760,23f703aa3bc9,2026-08-28T16:57:28Z,2000,1999,1,,,,,,,,,,,,,,,,,
campaign_d_binary,binary_n2000_exact-ties_seed5.pcf,dfma,0,0,133026956,441,440,13410938758947399988,13920,23f703aa3bc9,2026-08-28T16:57:29Z,2000,1999,1,,,,,,,,,,,,,,,,,
campaign_d_binary,binary_n2000_exact-ties_seed5.pcf,dfma,1,0,131978988,441,440,13410938758947399988,13920,23f703aa3bc9,2026-08-28T16:57:29Z,2000,1999,1,,,,,,,,,,,,,,,,,
campaign_d_binary,binary_n2000_exact-ties_seed5.pcf,dfma,2,0,131595120,441,440,13410938758947399988,13920,23f703aa3bc9,2026-08-28T16:57:29Z,2000,1999,1,,,,,,,,,,,,,,,,,
campaign_d_binary,binary_n2000_exact-ties_seed6.pcf,dfma,0,0,132068920,418,417,17083353012560859094,13920,23f703aa3bc9,2026-08-28T16:57:29Z,2000,1999,1,,,,,,,,,,,,,,,,,
campaign_d_binary,binary_n2000_exact-ties_seed6.pcf,dfma,1,0,132247939,418,417,17083353012560859094,13920,23f703aa3bc9,2026-08-28T16:57:29Z,2000,1999,1,,,,,,,,,,,,,,,,,
campaign_d_binary,binary_n2000_exact-ties_seed6.pcf,dfma,2,0,132335899,418,417,17083353012560859094,13920,23f703aa3bc9,2026-08-28T16:57:29Z,2000,1999,1,,,,,,,,,,,,,,,,,
campaign_d_binary,binary_n2000_exact-ties_seed7.pcf,dfma,0,0,129882993,422,421,2270330568333321880,13920,23f703aa3bc9,2026-08-28T16:57:29Z,2000,1999,1,,,,,,,,,,,,,,,,,
campaign_d_binary,binary_n2000_exact-ties_seed7.pcf,dfma,1,0,132100041,422,421,2270330568333321880,13920,23f703aa3bc9,2026-08-28T16:57:30Z,2000,1999,1,,,,,,,,,,,,,,,,,
campaign_d_binary,binary_n2000_exact-ties_seed7.pcf,dfma,2,0,131468087,422,421,2270330568333321880,13920,23f703aa3bc9,2026-08-28T16:57:30Z,2000,1999,1,,,,,,,,,,,,,,,,,
campaign_d_binary,binary_n2000_exact-ties_seed8.pcf,dfma,0,0,129714784,432,431,9628570933741815734,13920,23f703aa3bc9,2026-08-28T16:57:30Z,2000,1999,1,,,,,,,,,,,,,,,,,
campaign_d_binary,binary_n2000_exact-ties_seed8.pcf,dfma,1,0,128998994,432,431,9628570933741815734,13920,23f703aa3bc9,2026-08-28T16:57:30Z,2000,1999,1,,,,,,,,,,,,,,,,,
campaign_d_binary,binary_n2000_exact-ties_seed8.pcf,dfma,2,0,128343235,432,431,9628570933741815734,13920,23f703aa3bc9,2026-08-28T16:57:30Z,2000,1999,1,,,,,,,,,,,,,,,,,
campaign_d_binary,binary_n2000_exact-ties_seed9.pcf,dfma,0,0,138257113,449,448,16064889906194433978,13920,23f703aa3bc9,2026-08-28T16:57:30Z,2000,1999,1,,,,,,,,,,,,,,,,,
campaign_d_binary,binary_n2000_exact-ties_seed9.pcf,dfma,1,0,137218420,449,448,16064889906194433978,13920,23f703aa3bc9,2026-08-28T16:57:30Z,2000,1999,1,,,,,,,,,,,,,,,,,
campaign_d_binary,binary_n2000_exact-ties_seed9.pcf,dfma,2,0,138424647,449,448,16064889906194433978,13920,23f703aa3bc9,2026-08-28T16:57:30Z,2000,1999,1,,,,,,,,,,,,,,,,,
campaign_d_binary,binary_n2000_independent-positive_seed0.pcf,dfma,0,0,220061476,986,985,16493903231442947508,13920,23f703aa3bc9,2026-08-28T16:57:31Z,2000,1999,1,,,,,,,,,,,,,,,,,
campaign_d_binary,binary_n2000_independent-positive_seed0.pcf,dfma,1,0,219774430,986,985,16493903231442947508,13920,23f703aa3bc9,2026-08-28T16:57:31Z,2000,1999,1,,,,,,,,,,,,,,,,,
campaign_d_binary,binary_n2000_independent-positive_seed0.pcf,dfma,2,0,219926025,986,985,16493903231442947508,13920,23f703aa3bc9,2026-08-28T16:57:31Z,2000,1999,1,,,,,,,,,,,,,,,,,
campaign_d_binary,binary_n2000_independent-positive_seed1.pcf,dfma,0,0,217229883,1021,1020,16649318484739294793,13920,23f703aa3bc9,2026-08-28T16:57:31Z,2000,1999,1,,,,,,,,,,,,,,,,,
campaign_d_binary,binary_n2000_independent-positive_seed1.pcf,dfma,1,0,217226054,1021,1020,16649318484739294793,13920,23f703aa3bc9,2026-08-28T16:57:32Z,2000,1999,1,,,,,,,,,,,,,,,,,
campaign_d_binary,binary_n2000_independent-positive_seed1.pcf,dfma,2,0,218613697,1021,1020,16649318484739294793,13920,23f703aa3bc9,2026-08-28T16:57:32Z,2000,1999,1,,,,,,,,,,,,,,,,,
campaign_d_binary,binary_n2000_independent-positive_seed2.pcf,dfma,0,0,219925327,1029,1028,12396077761855749652,13920,23f703aa3bc9,2026-08-28T16:57:32Z,2000,1999,1,,,,,,,,,,,,,,,,,
campaign_d_binary,binary_n2000_independent-positive_seed2.pcf,dfma,1,0,221632812,1029,1028,12396077761855749652,13920,23f703aa3bc9,2026-08-28T16:57:32Z,2000,1999,1,,,,,,,,,,,,,,,,,
campaign_d_binary,binary_n2000_independent-positive_seed2.pcf,dfma,2,0,220887863,1029,1028,12396077761855749652,13920,23f703aa3bc9,2026-08-28T16:57:32Z,2000,1999,1,,,,,,,,,,,,,,,,,
campaign_d_binary,binary_n2000_independent-positive_seed3.pcf,dfma,0,0,221488739,985,984,14083097461629206338,13920,23f703aa3bc9,2026-08-28T16:57:33Z,2000,1999,1,,,,,,,,,,,,,,,,,
campaign_d_binary,binary_n2000_independent-positive_seed3.pcf,dfma,1,0,223552815,985,984,14083097461629206338,13920,23f703aa3bc9,2026-08-28T16:57:33Z,2000,1999,1,,,,,,,,,,,,,,,,,
campaign_d_binary,binary_n2000_independent-positive_seed3.pcf,dfma,2,0,224967892,985,984,14083097461629206338,13920,23f703aa3bc9,2026-08-28T16:57:33Z,2000,1999,1,,,,,,,,,,,,,,,,,
campaign_d_binary,binary_n2000_independent-positive_seed4.pcf,dfma,0,0,219857426,983,982,1608585454059586051,13920,23f703aa3bc9,2026-08-28T16:57:33Z,2000,1999,1,,,,,,,,,,,,,,,,,
campaign_d_binary,binary_n2000_independent-positive_seed4.pcf,dfma,1,0,223220958,983,982,1608585454059586051,13920,23f703aa3bc9,2026-08-28T16:57:34Z,2000,1999,1,,,,,,,,,,,,,,,,,
campaign_d_binary,binary_n2000_independent-positive_seed4.pcf,dfma,2,0,223449208,983,982,1608585454059586051,13920,23f703aa3bc9,2026-08-28T16:57:34Z,2000,1999,1,,,,,,,,,,,,,,,,,
campaign_d_binary,binary_n2000_independent-positive_seed5.pcf,dfma,0,0,224660109,1001,1000,6625276854390592491,13920,23f703aa3bc9,2026-08-28T16:57:34Z,2000,1999,1,,,,,,,,,,,,,,,,,
campaign_d_binary,binary_n2000_independent-positive_seed5.pcf,dfma,1,0,226119338,1001,1000,6625276854390592491,13920,23f703aa3bc9,2026-08-28T16:57:34Z,2000,1999,1,,,,,,,,,,,,,,,,,
campaign_d_binary,binary_n2000_independent-positive_seed5.pcf,dfma,2,0,226251967,1001,1000,6625276854390592491,13920,23f703aa3bc9,2026-08-28T16:57:35Z,2000,1999,1,,,,,,,,,,,,,,,,,
campaign_d_binary,binary_n2000_independent-positive_seed6.pcf,dfma,0,0,226679001,968,967,13751360305528749492,13920,23f703aa3bc9,2026-08-28T16:57:35Z,2000,1999,1,,,,,,,,,,,,,,,,,
campaign_d_binary,binary_n2000_independent-positive_seed6.pcf,dfma,1,0,226817627,968,967,13751360305528749492,13920,23f703aa3bc9,2026-08-28T16:57:35Z,2000,1999,1,,,,,,,,,,,,,,,,,
campaign_d_binary,binary_n2000_independent-positive_seed6.pcf,dfma,2,0,227642969,968,967,13751360305528749492,13920,23f703aa3bc9,2026-08-28T16:57:35Z,2000,1999,1,,,,,,,,,,,,,,,,,
campaign_d_binary,binary_n2000_independent-positive_seed7.pcf,dfma,0,0,228135329,1058,1057,3750341474407724493,13920,23f703aa3bc9,2026-08-28T16:57:35Z,2000,1999,1,,,,,,,,,,,,,,,,,
campaign_d_binary,binary_n2000_independent-positive_seed7.pcf,dfma,1,0,225808164,1058,1057,3750341474407724493,13920,23f703aa3bc9,2026-08-28T16:57:36Z,2000,1999,1,,,,,,,,,,,,,,,,,
campaign_d_binary,binary_n2000_independent-positive_seed7.pcf,dfma,2,0,225401990,1058,1057,3750341474407724493,13920,23f703aa3bc9,2026-08-28T16:57:36Z,2000,1999,1,,,,,,,,,,,,,,,,,
campaign_d_binary,binary_n2000_independent-positive_seed8.pcf,dfma,0,0,223895285,1006,1005,15430874392795653481,13920,23f703aa3bc9,2026-08-28T16:57:36Z,2000,1999,1,,,,,,,,,,,,,,,,,
campaign_d_binary,binary_n2000_independent-positive_seed8.pcf,dfma,1,0,224725166,1006,1005,15430874392795653481,13920,23f703aa3bc9,2026-08-28T16:57:36Z,2000,1999,1,,,,,,,,,,,,,,,,,
campaign_d_binary,binary_n2000_independent-positive_seed8.pcf,dfma,2,0,222343143,1006,1005,15430874392795653481,13920,23f703aa3bc9,2026-08-28T16:57:37Z,2000,1999,1,,,,,,,,,,,,,,,,,
campaign_d_binary,binary_n2000_independent-positive_seed9.pcf,dfma,0,0,220762655,1009,1008,2416847493945634067,13920,23f703aa3bc9,2026-08-28T16:57:37Z,2000,1999,1,,,,,,,,,,,,,,,,,
campaign_d_binary,binary_n2000_independent-positive_seed9.pcf,dfma,1,0,220966223,1009,1008,2416847493945634067,13920,23f703aa3bc9,2026-08-28T16:57:37Z,2000,1999,1,,,,,,,,,,,,,,,,,
campaign_d_binary,binary_n2000_independent-positive_seed9.pcf,dfma,2,0,221969640,1009,1008,2416847493945634067,13920,23f703aa3bc9,2026-08-28T16:57:37Z,2000,1999,1,,,,,,,,,,,,,,,,,
campaign_d_binary,binary_n2000_independent-signed_seed0.pcf,dfma,0,0,216459346,991,990,6852106114331189643,13920,23f703aa3bc9,2026-08-28T16:57:37Z,2000,1999,1,,,,,,,,,,,,,,,,,
campaign_d_binary,binary_n2000_independent-signed_seed0.pcf,dfma,1,0,216763442,991,990,6852106114331189643,13920,23f703aa3bc9,2026-08-28T16:57:38Z,2000,1999,1,,,,,,,,,,,,,,,,,
campaign_d_binary,binary_n2000_independent-signed_seed0.pcf,dfma,2,0,216195369,991,990,6852106114331189643,13920,23f703aa3bc9,2026-08-28T16:57:38Z,2000,1999,1,,,,,,,,,,,,,,,,,
campaign_d_binary,binary_n2000_independent-signed_seed1.pcf,dfma,0,0,215818823,1002,1001,10428893968074791832,13920,23f703aa3bc9,2026-08-28T16:57:38Z,2000,1999,1,,,,,,,,,,,,,,,,,
campaign_d_binary,binary_n2000_independent-signed_seed1.pcf,dfma,1,0,217382273,1002,1001,10428893968074791832,13920,23f703aa3bc9,2026-08-28T16:57:38Z,2000,1999,1,,,,,,,,,,,,,,,,,
campaign_d_binary,binary_n2000_independent-signed_seed1.pcf,dfma,2,0,220472565,1002,1001,10428893968074791832,13920,23f703aa3bc9,2026-08-28T16:57:39Z,2000,1999,1,,,,,,,,,,,,,,,,,
campaign_d_binary,binary_n2000_independent-signed_seed2.pcf,dfma,0,0,218077853,992,991,12193941313985678101,13920,23f703aa3bc9,2026-08-28T16:57:39Z,2000,1999,1,,,,,,,,,,,,,,,,,
campaign_d_binary,binary_n2000_independent-signed_seed2.pcf,dfma,1,0,218080763,992,991,12193941313985678101,13920,23f703aa3bc9,2026-08-28T16:57:39Z,2000,1999,1,,,,,,,,,,,,,,,,,
campaign_d_binary,binary_n2000_independent-signed_seed2.pcf,dfma,2,0,218748326,992,991,12193941313985678101,13920,23f703aa3bc9,2026-08-28T16:57:39Z,2000,1999,1,,,,,,,,,,,,,,,,,
campaign_d_binary,binary_n2000_independent-signed_seed3.pcf,dfma,0,0,219513157,1024,1023,2089488169690802930,13920,23f703aa3bc9,2026-08-28T16:57:39Z,2000,1999,1,,,,,,,,,,,,,,,,,
campaign_d_binary,binary_n2000_independent-signed_seed3.pcf,dfma,1,0,219843000,1024,1023,2089488169690802930,13920,23f703aa3bc9,2026-08-28T16:57:40Z,2000,1999,1,,,,,,,,,,,,,,,,,
campaign_d_binary,binary_n2000_independent-signed_seed3.pcf,dfma,2,0,216217178,1024,1023,2089488169690802930,13920,23f703aa3bc9,2026-08-28T16:57:40Z,2000,1999,1,,,,,,,,,,,,,,,,,
campaign_d_binary,binary_n2000_independent-signed_seed4.pcf,dfma,0,0,224670765,1019,1018,3110573944082429514,14080,23f703aa3bc9,2026-08-28T16:57:40Z,2000,1999,1,,,,,,,,,,,,,,,,,
campaign_d_binary,binary_n2000_independent-signed_seed4.pcf,dfma,1,0,225309083,1019,1018,3110573944082429514,14080,23f703aa3bc9,2026-08-28T16:57:40Z,2000,1999,1,,,,,,,,,,,,,,,,,
campaign_d_binary,binary_n2000_independent-signed_seed4.pcf,dfma,2,0,226563098,1019,1018,3110573944082429514,14080,23f703aa3bc9,2026-08-28T16:57:41Z,2000,1999,1,,,,,,,,,,,,,,,,,
campaign_d_binary,binary_n2000_independent-signed_seed5.pcf,dfma,0,0,220743427,981,980,6893475313146897849,14080,23f703aa3bc9,2026-08-28T16:57:41Z,2000,1999,1,,,,,,,,,,,,,,,,,
campaign_d_binary,binary_n2000_independent-signed_seed5.pcf,dfma,1,0,222350803,981,980,6893475313146897849,14080,23f703aa3bc9,2026-08-28T16:57:41Z,2000,1999,1,,,,,,,,,,,,,,,,,
campaign_d_binary,binary_n2000_independent-signed_seed5.pcf,dfma,2,0,223809692,981,980,6893475313146897849,14080,23f703aa3bc9,2026-08-28T16:57:41Z,2000,1999,1,,,,,,,,,,,,,,,,,
campaign_d_binary,binary_n2000_independent-signed_seed6.pcf,dfma,0,0,224469628,973,972,13020229795533628964,14080,23f703aa3bc9,2026-08-28T16:57:41Z,2000,1999,1,,,,,,,,,,,,,,,,,
campaign_d_binary,binary_n2000_independent-signed_seed6.pcf,dfma,1,0,225408507,973,972,13020229795533628964,14080,23f703aa3bc9,2026-08-28T16:57:42Z,2000,1999,1,,,,,,,,,,,,,,,,,
campaign_d_binary,binary_n2000_independent-signed_seed6.pcf,dfma,2,0,224890659,973,972,13020229795533628964,14080,23f703aa3bc9,2026-08-28T16:57:42Z,2000,1999,1,,,,,,,,,,,,,,,,,
campaign_d_binary,binary_n2000_independent-signed_seed7.pcf,dfma,0,0,222029338,1016,1015,5594258260243459730,14080,23f703aa3bc9,2026-08-28T16:57:42Z,2000,1999,1,,,,,,,,,,,,,,,,,
campaign_d_binary,binary_n2000_independent-signed_seed7.pcf,dfma,1,0,222630062,1016,1015,5594258260243459730,14080,23f703aa3bc9,2026-08-28T16:57:42Z,2000,1999,1,,,,,,,,,,,,,,,,,
campaign_d_binary,binary_n2000_independent-signed_seed7.pcf,dfma,2,0,222281138,1016,1015,5594258260243459730,14080,23f703aa3bc9,2026-08-28T16:57:43Z,2000,1999,1,,,,,,,,,,,,,,,,,
campaign_d_binary,binary_n2000_independent-signed_seed8.pcf,dfma,0,0,220849956,1027,1026,9898248606500700070,14080,23f703aa3bc9,2026-08-28T16:57:43Z,2000,1999,1,,,,,,,,,,,,,,,,,
campaign_d_binary,binary_n2000_independent-signed_seed8.pcf,dfma,1,0,220768403,1027,1026,9898248606500700070,14080,23f703aa3bc9,2026-08-28T16:57:43Z,2000,1999,1,,,,,,,,,,,,,,,,,
campaign_d_binary,binary_n2000_independent-signed_seed8.pcf,dfma,2,0,219717041,1027,1026,9898248606500700070,14080,23f703aa3bc9,2026-08-28T16:57:43Z,2000,1999,1,,,,,,,,,,,,,,,,,
campaign_d_binary,binary_n2000_independent-signed_seed9.pcf,dfma,0,0,220046581,1010,1009,9866693603027718010,14080,23f703aa3bc9,2026-08-28T16:57:43Z,2000,1999,1,,,,,,,,,,,,,,,,,
campaign_d_binary,binary_n2000_independent-signed_seed9.pcf,dfma,1,0,220430016,1010,1009,9866693603027718010,14080,23f703aa3bc9,2026-08-28T16:57:44Z,2000,1999,1,,,,,,,,,,,,,,,,,
campaign_d_binary,binary_n2000_independent-signed_seed9.pcf,dfma,2,0,218628734,1010,1009,9866693603027718010,14080,23f703aa3bc9,2026-08-28T16:57:44Z,2000,1999,1,,,,,,,,,,,,,,,,,
campaign_d_binary,binary_n2000_near-ties_seed0.pcf,dfma,0,0,130241044,327,326,17949219128572057948,14080,23f703aa3bc9,2026-08-28T16:57:44Z,2000,1999,1,,,,,,,,,,,,,,,,,
campaign_d_binary,binary_n2000_near-ties_seed0.pcf,dfma,1,0,131149839,327,326,17949219128572057948,14080,23f703aa3bc9,2026-08-28T16:57:44Z,2000,1999,1,,,,,,,,,,,,,,,,,
campaign_d_binary,binary_n2000_near-ties_seed0.pcf,dfma,2,0,129520556,327,326,17949219128572057948,14080,23f703aa3bc9,2026-08-28T16:57:44Z,2000,1999,1,,,,,,,,,,,,,,,,,
campaign_d_binary,binary_n2000_near-ties_seed1.pcf,dfma,0,0,124225884,323,322,3793388666893163533,14080,23f703aa3bc9,2026-08-28T16:57:44Z,2000,1999,1,,,,,,,,,,,,,,,,,
campaign_d_binary,binary_n2000_near-ties_seed1.pcf,dfma,1,0,124104386,323,322,3793388666893163533,14080,23f703aa3bc9,2026-08-28T16:57:45Z,2000,1999,1,,,,,,,,,,,,,,,,,
campaign_d_binary,binary_n2000_near-ties_seed1.pcf,dfma,2,0,124099446,323,322,3793388666893163533,14080,23f703aa3bc9,2026-08-28T16:57:45Z,2000,1999,1,,,,,,,,,,,,,,,,,
campaign_d_binary,binary_n2000_near-ties_seed2.pcf,dfma,0,0,122511214,329,328,11961489041699451373,14080,23f703aa3bc9,2026-08-28T16:57:45Z,2000,1999,1,,,,,,,,,,,,,,,,,
campaign_d_binary,binary_n2000_near-ties_seed2.pcf,dfma,1,0,130236561,329,328,11961489041699451373,14080,23f703aa3bc9,2026-08-28T16:57:45Z,2000,1999,1,,,,,,,,,,,,,,,,,
campaign_d_binary,binary_n2000_near-ties_seed2.pcf,dfma,2,0,127448777,329,328,11961489041699451373,14080,23f703aa3bc9,2026-08-28T16:57:45Z,2000,1999,1,,,,,,,,,,,,,,,,,
campaign_d_binary,binary_n2000_near-ties_seed3.pcf,dfma,0,0,114421713,328,327,10004610746688156027,14080,23f703aa3bc9,2026-08-28T16:57:45Z,2000,1999,1,,,,,,,,,,,,,,,,,
campaign_d_binary,binary_n2000_near-ties_seed3.pcf,dfma,1,0,115972786,328,327,10004610746688156027,14080,23f703aa3bc9,2026-08-28T16:57:45Z,2000,1999,1,,,,,,,,,,,,,,,,,
campaign_d_binary,binary_n2000_near-ties_seed3.pcf,dfma,2,0,115484807,328,327,10004610746688156027,14080,23f703aa3bc9,2026-08-28T16:57:45Z,2000,1999,1,,,,,,,,,,,,,,,,,
campaign_d_binary,binary_n2000_near-ties_seed4.pcf,dfma,0,0,131471763,332,331,14827248810104513905,14080,23f703aa3bc9,2026-08-28T16:57:46Z,2000,1999,1,,,,,,,,,,,,,,,,,
campaign_d_binary,binary_n2000_near-ties_seed4.pcf,dfma,1,0,131214988,332,331,14827248810104513905,14080,23f703aa3bc9,2026-08-28T16:57:46Z,2000,1999,1,,,,,,,,,,,,,,,,,
campaign_d_binary,binary_n2000_near-ties_seed4.pcf,dfma,2,0,132541233,332,331,14827248810104513905,14080,23f703aa3bc9,2026-08-28T16:57:46Z,2000,1999,1,,,,,,,,,,,,,,,,,
campaign_d_binary,binary_n2000_near-ties_seed5.pcf,dfma,0,0,124913451,323,322,9339130315899794502,14080,23f703aa3bc9,2026-08-28T16:57:46Z,2000,1999,1,,,,,,,,,,,,,,,,,
campaign_d_binary,binary_n2000_near-ties_seed5.pcf,dfma,1,0,126016774,323,322,9339130315899794502,14080,23f703aa3bc9,2026-08-28T16:57:46Z,2000,1999,1,,,,,,,,,,,,,,,,,
campaign_d_binary,binary_n2000_near-ties_seed5.pcf,dfma,2,0,125397002,323,322,9339130315899794502,14080,23f703aa3bc9,2026-08-28T16:57:46Z,2000,1999,1,,,,,,,,,,,,,,,,,
campaign_d_binary,binary_n2000_near-ties_seed6.pcf,dfma,0,0,129139633,332,331,17979825067517761891,14080,23f703aa3bc9,2026-08-28T16:57:46Z,2000,1999,1,,,,,,,,,,,,,,,,,
campaign_d_binary,binary_n2000_near-ties_seed6.pcf,dfma,1,0,134812593,332,331,17979825067517761891,14080,23f703aa3bc9,2026-08-28T16:57:46Z,2000,1999,1,,,,,,,,,,,,,,,,,
campaign_d_binary,binary_n2000_near-ties_seed6.pcf,dfma,2,0,135162201,332,331,17979825067517761891,14080,23f703aa3bc9,2026-08-28T16:57:47Z,2000,1999,1,,,,,,,,,,,,,,,,,
campaign_d_binary,binary_n2000_near-ties_seed7.pcf,dfma,0,0,127395941,335,334,11999026789358840934,14080,23f703aa3bc9,2026-08-28T16:57:47Z,2000,1999,1,,,,,,,,,,,,,,,,,
campaign_d_binary,binary_n2000_near-ties_seed7.pcf,dfma,1,0,128282715,335,334,11999026789358840934,14080,23f703aa3bc9,2026-08-28T16:57:47Z,2000,1999,1,,,,,,,,,,,,,,,,,
campaign_d_binary,binary_n2000_near-ties_seed7.pcf,dfma,2,0,127464234,335,334,11999026789358840934,14080,23f703aa3bc9,2026-08-28T16:57:47Z,2000,1999,1,,,,,,,,,,,,,,,,,
campaign_d_binary,binary_n2000_near-ties_seed8.pcf,dfma,0,0,131943629,315,314,1801199509313276478,14080,23f703aa3bc9,2026-08-28T16:57:47Z,2000,1999,1,,,,,,,,,,,,,,,,,
campaign_d_binary,binary_n2000_near-ties_seed8.pcf,dfma,1,0,130701435,315,314,1801199509313276478,14080,23f703aa3bc9,2026-08-28T16:57:47Z,2000,1999,1,,,,,,,,,,,,,,,,,
campaign_d_binary,binary_n2000_near-ties_seed8.pcf,dfma,2,0,130992415,315,314,1801199509313276478,14080,23f703aa3bc9,2026-08-28T16:57:47Z,2000,1999,1,,,,,,,,,,,,,,,,,
campaign_d_binary,binary_n2000_near-ties_seed9.pcf,dfma,0,0,137955143,334,333,7130714006736581192,14080,23f703aa3bc9,2026-08-28T16:57:48Z,2000,1999,1,,,,,,,,,,,,,,,,,
campaign_d_binary,binary_n2000_near-ties_seed9.pcf,dfma,1,0,137213548,334,333,7130714006736581192,14080,23f703aa3bc9,2026-08-28T16:57:48Z,2000,1999,1,,,,,,,,,,,,,,,,,
campaign_d_binary,binary_n2000_near-ties_seed9.pcf,dfma,2,0,136959400,334,333,7130714006736581192,14080,23f703aa3bc9,2026-08-28T16:57:48Z,2000,1999,1,,,,,,,,,,,,,,,,,
campaign_d_binary,binary_n200_anti-correlated_seed0.pcf,dfma,0,0,1547798,92,91,17829864119472814961,14080,23f703aa3bc9,2026-08-28T16:57:48Z,200,199,1,,,,,,,,,,,,,,,,,
campaign_d_binary,binary_n200_anti-correlated_seed0.pcf,dfma,1,0,1423292,92,91,17829864119472814961,14080,23f703aa3bc9,2026-08-28T16:57:48Z,200,199,1,,,,,,,,,,,,,,,,,
campaign_d_binary,binary_n200_anti-correlated_seed0.pcf,dfma,2,0,1419259,92,91,17829864119472814961,14080,23f703aa3bc9,2026-08-28T16:57:48Z,200,199,1,,,,,,,,,,,,,,,,,
campaign_d_binary,binary_n200_anti-correlated_seed1.pcf,dfma,0,0,1434640,103,102,8735060684168166936,14080,23f703aa3bc9,2026-08-28T16:57:48Z,200,199,1,,,,,,,,,,,,,,,,,
campaign_d_binary,binary_n200_anti-correlated_seed1.pcf,dfma,1,0,1415474,103,102,8735060684168166936,14080,23f703aa3bc9,2026-08-28T16:57:48Z,200,199,1,,,,,,,,,,,,,,,,,
campaign_d_binary,binary_n200_anti-correlated_seed1.pcf,dfma,2,0,1404148,103,102,8735060684168166936,14080,23f703aa3bc9,2026-08-28T16:57:48Z,200,199,1,,,,,,,,,,,,,,,,,
campaign_d_binary,binary_n200_anti-correlated_seed2.pcf,dfma,0,0,1425918,92,91,10692418219071322694,14080,23f703aa3bc9,2026-08-28T16:57:48Z,200,199,1,,,,,,,,,,,,,,,,,
campaign_d_binary,binary_n200_anti-correlated_seed2.pcf,dfma,1,0,1404913,92,91,10692418219071322694,14080,23f703aa3bc9,2026-08-28T16:57:48Z,200,199,1,,,,,,,,,,,,,,,,,
campaign_d_binary,binary_n200_anti-correlated_seed2.pcf,dfma,2,0,1398390,92,91,10692418219071322694,14080,23f703aa3bc9,2026-08-28T16:57:48Z,200,199,1,,,,,,,,,,,,,,,,,
campaign_d_binary,binary_n200_anti-correlated_seed3.pcf,dfma,0,0,1521146,102,101,4469493765911232966,14240,23f703aa3bc9,2026-08-28T16:57:48Z,200,199,1,,,,,,,,,,,,,,,,,
campaign_d_binary,binary_n200_anti-correlated_seed3.pcf,dfma,1,0,1404076,102,101,4469493765911232966,14240,23f703aa3bc9,2026-08-28T16:57:48Z,200,199,1,,,,,,,,,,,,,,,,,
campaign_d_binary,binary_n200_anti-correlated_seed3.pcf,dfma,2,0,1377140,102,101,4469493765911232966,14240,23f703aa3bc9,2026-08-28T16:57:48Z,200,199,1,,,,,,,,,,,,,,,,,
campaign_d_binary,binary_n200_anti-correlated_seed4.pcf,dfma,0,0,1526760,94,93,606165849258324923,14240,23f703aa3bc9,2026-08-28T16:57:48Z,200,199,1,,,,,,,,,,,,,,,,,
campaign_d_binary,binary_n200_anti-correlated_seed4.pcf,dfma,1,0,1444133,94,93,606165849258324923,14240,23f703aa3bc9,2026-08-28T16:57:48Z,200,199,1,,,,,,,,,,,,,,,,,
campaign_d_binary,binary_n200_anti-correlated_seed4.pcf,dfma,2,0,1399177,94,93,606165849258324923,14240,23f703aa3bc9,2026-08-28T16:57:48Z,200,199,1,,,,,,,,,,,,,,,,,
campaign_d_binary,binary_n200_anti-correlated_seed5.pcf,dfma,0,0,1471821,89,88,18104671720060072837,14240,23f703aa3bc9,2026-08-28T16:57:48Z,200,199,1,,,,,,,,,,,,,,,,,
campaign_d_binary,binary_n200_anti-correlated_seed5.pcf,dfma,1,0,1351563,89,88,18104671720060072837,14240,23f703aa3bc9,2026-08-28T16:57:48Z,200,199,1,,,,,,,,,,,,,,,,,
campaign_d_binary,binary_n200_anti-correlated_seed5.pcf,dfma,2,0,1366555,89,88,18104671720060072837,14240,23f703aa3bc9,2026-08-28T16:57:48Z,200,199,1,,,,,,,,,,,,,,,,,
campaign_d_binary,binary_n200_anti-correlated_seed6.pcf,dfma,0,0,1503971,99,98,757866062360113767,14240,23f703aa3bc9,2026-08-28T16:57:48Z,200,199,1,,,,,,,,,,,,,,,,,
campaign_d_binary,binary_n200_anti-correlated_seed6.pcf,dfma,1,0,1393218,99,98,757866062360113767,14240,23f703aa3bc9,2026-08-28T16:57:48Z,200,199,1,,,,,,,,,,,,,,,,,
campaign_d_binary,binary_n200_anti-correlated_seed6.pcf,dfma,2,0,1403262,99,98,757866062360113767,14240,23f703aa3bc9,2026-08-28T16:57:48Z,200,199,1,,,,,,,,,,,,,,,,,
campaign_d_binary,binary_n200_anti-correlated_seed7.pcf,dfma,0,0,1534317,98,97,117942840768415194,14240,23f703aa3bc9,2026-08-28T16:57:48Z,200,199,1,,,,,,,,,,,,,,,,,
campaign_d_binary,binary_n200_anti-correlated_seed7.pcf,dfma,1,0,1394471,98,97,117942840768415194,14240,23f703aa3bc9,2026-08-28T16:57:48Z,200,199,1,,,,,,,,,,,,,,,,,
campaign_d_binary,binary_n200_anti-correlated_seed7.pcf,dfma,2,0,1411596,98,97,117942840768415194,14240,23f703aa3bc9,2026-08-28T16:57:48Z,200,199,1,,,,,,,,,,,,,,,,,
campaign_d_binary,binary_n200_anti-correlated_seed8.pcf,dfma,0,0,1449082,100,99,1988872084574668743,14240,23f703aa3bc9,2026-08-28T16:57:48Z,200,199,1,,,,,,,,,,,,,,,,,
campaign_d_binary,binary_n200_anti-correlated_seed8.pcf,dfma,1,0,1432799,100,99,1988872084574668743,14240,23f703aa3bc9,2026-08-28T16:57:48Z,200,199,1,,,,,,,,,,,,,,,,,
campaign_d_binary,binary_n200_anti-correlated_seed8.pcf,dfma,2,0,1401916,100,99,1988872084574668743,14240,23f703aa3bc9,2026-08-28T16:57:48Z,200,199,1,,,,,,,,,,,,,,,,,
campaign_d_binary,binary_n200_anti-correlated_seed9.pcf,dfma,0,0,1541163,106,105,12075696961275448723,14240,23f703aa3bc9,2026-08-28T16:57:48Z,200,199,1,,,,,,,,,,,,,,,,,
campaign_d_binary,binary_n200_anti-correlated_seed9.pcf,dfma,1,0,1457634,106,105,12075696961275448723,14240,23f703aa3bc9,2026-08-28T16:57:48Z,200,199,1,,,,,,,,,,,,,,,,,
campaign_d_binary,binary_n200_anti-correlated_seed9.pcf,dfma,2,0,1427391,106,105,12075696961275448723,14240,23f703aa3bc9,2026-08-28T16:57:48Z,200,199,1,,,,,,,,,,,,,,,,,
campaign_d_binary,binary_n200_correlated_seed0.pcf,dfma,0,0,1394665,94,93,5476384392448602744,14240,23f703aa3bc9,2026-08-28T16:57:48Z,200,199,1,,,,,,,,,,,,,,,,,
campaign_d_binary,binary_n200_correlated_seed0.pcf,dfma,1,0,1388720,94,93,5476384392448602744,14240,23f703aa3bc9,2026-08-28T16:57:48Z,200,199,1,,,,,,,,,,,,,,,,,
campaign_d_binary,binary_n200_correlated_seed0.pcf,dfma,2,0,1397995,94,93,5476384392448602744,14240,23f703aa3bc9,2026-08-28T16:57:48Z,200,199,1,,,,,,,,,,,,,,,,,
campaign_d_binary,binary_n200_correlated_seed1.pcf,dfma,0,0,1514307,102,101,560069123939721566,14240,23f703aa3bc9,2026-08-28T16:57:48Z,200,199,1,,,,,,,,,,,,,,,,,
campaign_d_binary,binary_n200_correlated_seed1.pcf,dfma,1,0,1420638,102,101,560069123939721566,14240,23f703aa3bc9,2026-08-28T16:57:48Z,200,199,1,,,,,,,,,,,,,,,,,
campaign_d_binary,binary_n200_correlated_seed1.pcf,dfma,2,0,1398882,102,101,560069123939721566,14240,23f703aa3bc9,2026-08-28T16:57:48Z,200,199,1,,,,,,,,,,,,,,,,,
campaign_d_binary,binary_n200_correlated_seed2.pcf,dfma,0,0,1377959,90,89,5145255534148527340,14240,23f703aa3bc9,2026-08-28T16:57:48Z,200,199,1,,,,,,,,,,,,,,,,,
campaign_d_binary,binary_n200_correlated_seed2.pcf,dfma,1,0,1356771,90,89,5145255534148527340,14240,23f703aa3bc9,2026-08-28T16:57:48Z,200,199,1,,,,,,,,,,,,,,,,,
campaign_d_binary,binary_n200_correlated_seed2.pcf,dfma,2,0,1341602,90,89,5145255534148527340,14240,23f703aa3bc9,2026-08-28T16:57:48Z,200,199,1,,,,,,,,,,,,,,,,,
campaign_d_binary,binary_n200_correlated_seed3.pcf,dfma,0,0,1467613,102,101,17792598638340341234,14240,23f703aa3bc9,2026-08-28T16:57:48Z,200,199,1,,,,,,,,,,,,,,,,,
campaign_d_binary,binary_n200_correlated_seed3.pcf,dfma,1,0,1378585,102,101,17792598638340341234,14240,23f703aa3bc9,2026-08-28T16:57:48Z,200,199,1,,,,,,,,,,,,,,,,,
campaign_d_binary,binary_n200_correlated_seed3.pcf,dfma,2,0,1376623,102,101,17792598638340341234,14240,23f703aa3bc9,2026-08-28T16:57:48Z,200,199,1,,,,,,,,,,,,,,,,,
campaign_d_binary,binary_n200_correlated_seed4.pcf,dfma,0,0,1517715,103,102,3119231960113454357,14240,23f703aa3bc9,2026-08-28T16:57:48Z,200,199,1,,,,,,,,,,,,,,,,,
campaign_d_binary,binary_n200_correlated_seed4.pcf,dfma,1,0,1420670,103,102,3119231960113454357,14240,23f703aa3bc9,2026-08-28T16:57:48Z,200,199,1,,,,,,,,,,,,,,,,,
campaign_d_binary,binary_n200_correlated_seed4.pcf,dfma,2,0,1401958,103,102,3119231960113454357,14240,23f703aa3bc9,2026-08-28T16:57:48Z,200,199,1,,,,,,,,,,,,,,,,,
campaign_d_binary,binary_n200_correlated_seed5.pcf,dfma,0,0,1394359,99,98,14226429030121669141,14240,23f703aa3bc9,2026-08-28T16:57:48Z,200,199,1,,,,,,,,,,,,,,,,,
campaign_d_binary,binary_n200_correlated_seed5.pcf,dfma,1,0,1368445,99,98,14226429030121669141,14240,23f703aa3bc9,2026-08-28T16:57:48Z,200,199,1,,,,,,,,,,,,,,,,,
campaign_d_binary,binary_n200_correlated_seed5.pcf,dfma,2,0,1379480,99,98,14226429030121669141,14240,23f703aa3bc9,2026-08-28T16:57:48Z,200,199,1,,,,,,,,,,,,,,,,,
campaign_d_binary,binary_n200_correlated_seed6.pcf,dfma,0,0,1423132,103,102,17439746681387784505,14240,23f703aa3bc9,2026-08-28T16:57:48Z,200,199,1,,,,,,,,,,,,,,,,,
campaign_d_binary,binary_n200_correlated_seed6.pcf,dfma,1,0,1395063,103,102,17439746681387784505,14240,23f703aa3bc9,2026-08-28T16:57:48Z,200,199,1,,,,,,,,,,,,,,,,,
campaign_d_binary,binary_n200_correlated_seed6.pcf,dfma,2,0,1374911,103,102,17439746681387784505,14240,23f703aa3bc9,2026-08-28T16:57:48Z,200,199,1,,,,,,,,,,,,,,,,,
campaign_d_binary,binary_n200_correlated_seed7.pcf,dfma,0,0,1421158,97,96,5706383767523261894,14240,23f703aa3bc9,2026-08-28T16:57:48Z,200,199,1,,,,,,,,,,,,,,,,,
campaign_d_binary,binary_n200_correlated_seed7.pcf,dfma,1,0,1394295,97,96,5706383767523261894,14240,23f703aa3bc9,2026-08-28T16:57:48Z,200,199,1,,,,,,,,,,,,,,,,,
campaign_d_binary,binary_n200_correlated_seed7.pcf,dfma,2,0,1378145,97,96,5706383767523261894,14240,23f703aa3bc9,2026-08-28T16:57:48Z,200,199,1,,,,,,,,,,,,,,,,,
campaign_d_binary,binary_n200_correlated_seed8.pcf,dfma,0,0,1445757,96,95,6768211249202115069,14240,23f703aa3bc9,2026-08-28T16:57:48Z,200,199,1,,,,,,,,,,,,,,,,,
campaign_d_binary,binary_n200_correlated_seed8.pcf,dfma,1,0,1378985,96,95,6768211249202115069,14240,23f703aa3bc9,2026-08-28T16:57:48Z,200,199,1,,,,,,,,,,,,,,,,,
campaign_d_binary,binary_n200_correlated_seed8.pcf,dfma,2,0,1370242,96,95,6768211249202115069,14240,23f703aa3bc9,2026-08-28T16:57:48Z,200,199,1,,,,,,,,,,,,,,,,,
campaign_d_binary,binary_n200_correlated_seed9.pcf,dfma,0,0,1513831,101,100,14883617021933926367,14240,23f703aa3bc9,2026-08-28T16:57:48Z,200,199,1,,,,,,,,,,,,,,,,,
campaign_d_binary,binary_n200_correlated_seed9.pcf,dfma,1,0,1404196,101,100,14883617021933926367,14240,23f703aa3bc9,2026-08-28T16:57:48Z,200,199,1,,,,,,,,,,,,,,,,,
campaign_d_binary,binary_n200_correlated_seed9.pcf,dfma,2,0,1376769,101,100,14883617021933926367,14240,23f703aa3bc9,2026-08-28T16:57:48Z,200,199,1,,,,,,,,,,,,,,,,,
campaign_d_binary,binary_n200_exact-ties_seed0.pcf,dfma,0,0,1036849,49,48,14287777294422722193,14240,23f703aa3bc9,2026-08-28T16:57:48Z,200,199,1,,,,,,,,,,,,,,,,,
campaign_d_binary,binary_n200_exact-ties_seed0.pcf,dfma,1,0,919601,49,48,14287777294422722193,14240,23f703aa3bc9,2026-08-28T16:57:48Z,200,199,1,,,,,,,,,,,,,,,,,
campaign_d_binary,binary_n200_exact-ties_seed0.pcf,dfma,2,0,916937,49,48,14287777294422722193,14240,23f703aa3bc9,2026-08-28T16:57:48Z,200,199,1,,,,,,,,,,,,,,,,,
campaign_d_binary,binary_n200_exact-ties_seed1.pcf,dfma,0,0,975597,39,38,2313689208248116849,14240,23f703aa3bc9,2026-08-28T16:57:48Z,200,199,1,,,,,,,,,,,,,,,,,
campaign_d_binary,binary_n200_exact-ties_seed1.pcf,dfma,1,0,1026623,39,38,2313689208248116849,14240,23f703aa3bc9,2026-08-28T16:57:48Z,200,199,1,,,,,,,,,,,,,,,,,
campaign_d_binary,binary_n200_exact-ties_seed1.pcf,dfma,2,0,967850,39,38,2313689208248116849,14240,23f703aa3bc9,2026-08-28T16:57:48Z,200,199,1,,,,,,,,,,,,,,,,,
campaign_d_binary,binary_n200_exact-ties_seed2.pcf,dfma,0,0,1132924,46,45,2324747230316414148,14240,23f703aa3bc9,2026-08-28T16:57:48Z,200,199,1,,,,,,,,,,,,,,,,,
campaign_d_binary,binary_n200_exact-ties_seed2.pcf,dfma,1,0,1028445,46,45,2324747230316414148,14240,23f703aa3bc9,2026-08-28T16:57:48Z,200,199,1,,,,,,,,,,,,,,,,,
campaign_d_binary,binary_n200_exact-ties_seed2.pcf,dfma,2,0,1015558,46,45,2324747230316414148,14240,23f703aa3bc9,2026-08-28T16:57:48Z,200,199,1,,,,,,,,,,,,,,,,,
campaign_d_binary,binary_n200_exact-ties_seed3.pcf,dfma,0,0,997096,48,47,15573292360252138340,14400,23f703aa3bc9,2026-08-28T16:57:48Z,200,199,1,,,,,,,,,,,,,,,,,
campaign_d_binary,binary_n200_exact-ties_seed3.pcf,dfma,1,0,1054367,48,47,15573292360252138340,14400,23f703aa3bc9,2026-08-28T16:57:48Z,200,199,1,,,,,,,,,,,,,,,,,
campaign_d_binary,binary_n200_exact-ties_seed3.pcf,dfma,2,0,971257,48,47,15573292360252138340,14400,23f703aa3bc9,2026-08-28T16:57:48Z,200,199,1,,,,,,,,,,,,,,,,,
campaign_d_binary,binary_n200_exact-ties_seed4.pcf,dfma,0,0,1114305,40,39,17780413607710940316,14400,23f703aa3bc9,2026-08-28T16:57:48Z,200,199,1,,,,,,,,,,,,,,,,,
campaign_d_binary,binary_n200_exact-ties_seed4.pcf,dfma,1,0,998325,40,39,17780413607710940316,14400,23f703aa3bc9,2026-08-28T16:57:48Z,200,199,1,,,,,,,,,,,,,,,,,
campaign_d_binary,binary_n200_exact-ties_seed4.pcf,dfma,2,0,996721,40,39,17780413607710940316,14400,23f703aa3bc9,2026-08-28T16:57:48Z,200,199,1,,,,,,,,,,,,,,,,,
campaign_d_binary,binary_n200_exact-ties_seed5.pcf,dfma,0,0,895564,43,42,7695958019521288596,14400,23f703aa3bc9,2026-08-28T16:57:48Z,200,199,1,,,,,,,,,,,,,,,,,
campaign_d_binary,binary_n200_exact-ties_seed5.pcf,dfma,1,0,885238,43,42,7695958019521288596,14400,23f703aa3bc9,2026-08-28T16:57:48Z,200,199,1,,,,,,,,,,,,,,,,,
campaign_d_binary,binary_n200_exact-ties_seed5.pcf,dfma,2,0,883393,43,42,7695958019521288596,14400,23f703aa3bc9,2026-08-28T16:57:48Z,200,199,1,,,,,,,,,,,,,,,,,
campaign_d_binary,binary_n200_exact-ties_seed6.pcf,dfma,0,0,1022644,45,44,10539060750279325236,14400,23f703aa3bc9,2026-08-28T16:57:48Z,200,199,1,,,,,,,,,,,,,,,,,
campaign_d_binary,binary_n200_exact-ties_seed6.pcf,dfma,1,0,932447,45,44,10539060750279325236,14400,23f703aa3bc9,2026-08-28T16:57:48Z,200,199,1,,,,,,,,,,,,,,,,,
campaign_d_binary,binary_n200_exact-ties_seed6.pcf,dfma,2,0,920293,45,44,10539060750279325236,14400,23f703aa3bc9,2026-08-28T16:57:48Z,200,199,1,,,,,,,,,,,,,,,,,
campaign_d_binary,binary_n200_exact-ties_seed7.pcf,dfma,0,0,972677,38,37,12316962692247388636,14400,23f703aa3bc9,2026-08-28T16:57:48Z,200,199,1,,,,,,,,,,,,,,,,,
campaign_d_binary,binary_n200_exact-ties_seed7.pcf,dfma,1,0,1029114,38,37,12316962692247388636,14400,23f703aa3bc9,2026-08-28T16:57:48Z,200,199,1,,,,,,,,,,,,,,,,,
campaign_d_binary,binary_n200_exact-ties_seed7.pcf,dfma,2,0,949964,38,37,12316962692247388636,14400,23f703aa3bc9,2026-08-28T16:57:48Z,200,199,1,,,,,,,,,,,,,,,,,
campaign_d_binary,binary_n200_exact-ties_seed8.pcf,dfma,0,0,1062796,44,43,3555795061371600907,14400,23f703aa3bc9,2026-08-28T16:57:48Z,200,199,1,,,,,,,,,,,,,,,,,
campaign_d_binary,binary_n200_exact-ties_seed8.pcf,dfma,1,0,947980,44,43,3555795061371600907,14400,23f703aa3bc9,2026-08-28T16:57:48Z,200,199,1,,,,,,,,,,,,,,,,,
campaign_d_binary,binary_n200_exact-ties_seed8.pcf,dfma,2,0,952643,44,43,3555795061371600907,14400,23f703aa3bc9,2026-08-28T16:57:48Z,200,199,1,,,,,,,,,,,,,,,,,
campaign_d_binary,binary_n200_exact-ties_seed9.pcf,dfma,0,0,984505,43,42,12987145641203276544,14400,23f703aa3bc9,2026-08-28T16:57:48Z,200,199,1,,,,,,,,,,,,,,,,,
campaign_d_binary,binary_n200_exact-ties_seed9.pcf,dfma,1,0,1027598,43,42,12987145641203276544,14400,23f703aa3bc9,2026-08-28T16:57:48Z,200,199,1,,,,,,,,,,,,,,,,,
campaign_d_binary,binary_n200_exact-ties_seed9.pcf,dfma,2,0,968443,43,42,12987145641203276544,14400,23f703aa3bc9,2026-08-28T16:57:48Z,200,199,1,,,,,,,,,,,,,,,,,
campaign_d_binary,binary_n200_independent-positive_seed0.pcf,dfma,0,0,1540788,109,108,5856140921335812405,14400,23f703aa3bc9,2026-08-28T16:57:48Z,200,199,1,,,,,,,,,,,,,,,,,
campaign_d_binary,binary_n200_independent-positive_seed0.pcf,dfma,1,0,1416167,109,108,5856140921335812405,14400,23f703aa3bc9,2026-08-28T16:57:48Z,200,199,1,,,,,,,,,,,,,,,,,
campaign_d_binary,binary_n200_independent-positive_seed0.pcf,dfma,2,0,1430314,109,108,5856140921335812405,14400,23f703aa3bc9,2026-08-28T16:57:48Z,200,199,1,,,,,,,,,,,,,,,,,
campaign_d_binary,binary_n200_independent-positive_seed1.pcf,dfma,0,0,1406258,103,102,12263901563152419076,14400,23f703aa3bc9,2026-08-28T16:57:48Z,200,199,1,,,,,,,,,,,,,,,,,
campaign_d_binary,binary_n200_independent-positive_seed1.pcf,dfma,1,0,1395668,103,102,12263901563152419076,14400,23f703aa3bc9,2026-08-28T16:57:48Z,200,199,1,,,,,,,,,,,,,,,,,
campaign_d_binary,binary_n200_independent-positive_seed1.pcf,dfma,2,0,1338469,103,102,12263901563152419076,14400,23f703aa3bc9,2026-08-28T16:57:48Z,200,199,1,,,,,,,,,,,,,,,,,
campaign_d_binary,binary_n200_independent-positive_seed2.pcf,dfma,0,0,1549884,107,106,15990737001190332396,14400,23f703aa3bc9,2026-08-28T16:57:48Z,200,199,1,,,,,,,,,,,,,,,,,
campaign_d_binary,binary_n200_independent-positive_seed2.pcf,dfma,1,0,1392840,107,106,15990737001190332396,14400,23f703aa3bc9,2026-08-28T16:57:48Z,200,199,1,,,,,,,,,,,,,,,,,
campaign_d_binary,binary_n200_independent-positive_seed2.pcf,dfma,2,0,1420714,107,106,15990737001190332396,14400,23f703aa3bc9,2026-08-28T16:57:48Z,200,199,1,,,,,,,,,,,,,,,,,
campaign_d_binary,binary_n200_independent-positive_seed3.pcf,dfma,0,0,1479226,102,101,17751148854826406878,14400,23f703aa3bc9,2026-08-28T16:57:48Z,200,199,1,,,,,,,,,,,,,,,,,
campaign_d_binary,binary_n200_independent-positive_seed3.pcf,dfma,1,0,1471737,102,101,17751148854826406878,14400,23f703aa3bc9,2026-08-28T16:57:48Z,200,199,1,,,,,,,,,,,,,,,,,
campaign_d_binary,binary_n200_independent-positive_seed3.pcf,dfma,2,0,1453021,102,101,17751148854826406878,14400,23f703aa3bc9,2026-08-28T16:57:48Z,200,199,1,,,,,,,,,,,,,,,,,
campaign_d_binary,binary_n200_independent-positive_seed4.pcf,dfma,0,0,1561421,88,87,6209522679481025219,14400,23f703aa3bc9,2026-08-28T16:57:48Z,200,199,1,,,,,,,,,,,,,,,,,
campaign_d_binary,binary_n200_independent-positive_seed4.pcf,dfma,1,0,1441184,88,87,6209522679481025219,14400,23f703aa3bc9,2026-08-28T16:57:48Z,200,199,1,,,,,,,,,,,,,,,,,
campaign_d_binary,binary_n200_independent-positive_seed4.pcf,dfma,2,0,1458634,88,87,6209522679481025219,14400,23f703aa3bc9,2026-08-28T16:57:48Z,200,199,1,,,,,,,,,,,,,,,,,
campaign_d_binary,binary_n200_independent-positive_seed5.pcf,dfma,0,0,1507325,106,105,4853085220247110709,14400,23f703aa3bc9,2026-08-28T16:57:48Z,200,199,1,,,,,,,,,,,,,,,,,
campaign_d_binary,binary_n200_independent-positive_seed5.pcf,dfma,1,0,1432891,106,105,4853085220247110709,14400,23f703aa3bc9,2026-08-28T16:57:48Z,200,199,1,,,,,,,,,,,,,,,,,
campaign_d_binary,binary_n200_independent-positive_seed5.pcf,dfma,2,0,1405996,106,105,4853085220247110709,14400,23f703aa3bc9,2026-08-28T16:57:48Z,200,199,1,,,,,,,,,,,,,,,,,
campaign_d_binary,binary_n200_independent-positive_seed6.pcf,dfma,0,0,1492687,90,89,13399214932016909220,14400,23f703aa3bc9,2026-08-28T16:57:48Z,200,199,1,,,,,,,,,,,,,,,,,
campaign_d_binary,binary_n200_independent-positive_seed6.pcf,dfma,1,0,1444596,90,89,13399214932016909220,14400,23f703aa3bc9,2026-08-28T16:57:48Z,200,199,1,,,,,,,,,,,,,,,,,
campaign_d_binary,binary_n200_independent-positive_seed6.pcf,dfma,2,0,1455816,90,89,13399214932016909220,14400,23f703aa3bc9,2026-08-28T16:57:48Z,200,199,1,,,,,,,,,,,,,,,,,
campaign_d_binary,binary_n200_independent-positive_seed7.pcf,dfma,0,0,1409503,94,93,16709159310911550847,14400,23f703aa3bc9,2026-08-28T16:57:48Z,200,199,1,,,,,,,,,,,,,,,,,
campaign_d_binary,binary_n200_independent-positive_seed7.pcf,dfma,1,0,1411923,94,93,16709159310911550847,14400,23f703aa3bc9,2026-08-28T16:57:48Z,200,199,1,,,,,,,,,,,,,,,,,
campaign_d_binary,binary_n200_independent-positive_seed7.pcf,dfma,2,0,1379700,94,93,16709159310911550847,14400,23f703aa3bc9,2026-08-28T16:57:48Z,200,199,1,,,,,,,,,,,,,,,,,
campaign_d_binary,binary_n200_independent-positive_seed8.pcf,dfma,0,0,1447976,99,98,7752679016546232357,14400,23f703aa3bc9,2026-08-28T16:57:48Z,200,199,1,,,,,,,,,,,,,,,,,
campaign_d_binary,binary_n200_independent-positive_seed8.pcf,dfma,1,0,1437070,99,98,7752679016546232357,14400,23f703aa3bc9,2026-08-28T16:57:48Z,200,199,1,,,,,,,,,,,,,,,,,
campaign_d_binary,binary_n200_independent-positive_seed8.pcf,dfma,2,0,1414828,99,98,7752679016546232357,14400,23f703aa3bc9,2026-08-28T16:57:48Z,200,199,1,,,,,,,,,,,,,,,,,
campaign_d_binary,binary_n200_independent-positive_seed9.pcf,dfma,0,0,1551688,106,105,5601765892245986982,14400,23f703aa3bc9,2026-08-28T16:57:48Z,200,199,1,,,,,,,,,,,,,,,,,
campaign_d_binary,binary_n200_independent-positive_seed9.pcf,dfma,1,0,1466504,106,105,5601765892245986982,14400,23f703aa3bc9,2026-08-28T16:57:48Z,200,199,1,,,,,,,,,,,,,,,,,
campaign_d_binary,binary_n200_independent-positive_seed9.pcf,dfma,2,0,1460564,106,105,5601765892245986982,14400,23f703aa3bc9,2026-08-28T16:57:48Z,200,199,1,,,,,,,,,,,,,,,,,
campaign_d_binary,binary_n200_independent-signed_seed0.pcf,dfma,0,0,1483723,94,93,2855778003647137096,14400,23f703aa3bc9,2026-08-28T16:57:48Z,200,199,1,,,,,,,,,,,,,,,,,
campaign_d_binary,binary_n200_independent-signed_seed0.pcf,dfma,1,0,1350377,94,93,2855778003647137096,14400,23f703aa3bc9,2026-08-28T16:57:48Z,200,199,1,,,,,,,,,,,,,,,,,
campaign_d_binary,binary_n200_independent-signed_seed0.pcf,dfma,2,0,1369261,94,93,2855778003647137096,14400,23f703aa3bc9,2026-08-28T16:57:48Z,200,199,1,,,,,,,,,,,,,,,,,
campaign_d_binary,binary_n200_independent-signed_seed1.pcf,dfma,0,0,1473874,101,100,745643532826119224,14400,23f703aa3bc9,2026-08-28T16:57:48Z,200,199,1,,,,,,,,,,,,,,,,,
campaign_d_binary,binary_n200_independent-signed_seed1.pcf,dfma,1,0,1389590,101,100,745643532826119224,14400,23f703aa3bc9,2026-08-28T16:57:48Z,200,199,1,,,,,,,,,,,,,,,,,
campaign_d_binary,binary_n200_independent-signed_seed1.pcf,dfma,2,0,1390710,101,100,745643532826119224,14400,23f703aa3bc9,2026-08-28T16:57:48Z,200,199,1,,,,,,,,,,,,,,,,,
campaign_d_binary,binary_n200_independent-signed_seed2.pcf,dfma,0,0,1518771,102,101,3323981363212641698,14560,23f703aa3bc9,2026-08-28T16:57:48Z,200,199,1,,,,,,,,,,,,,,,,,
campaign_d_binary,binary_n200_independent-signed_seed2.pcf,dfma,1,0,1390336,102,101,3323981363212641698,14560,23f703aa3bc9,2026-08-28T16:57:48Z,200,199,1,,,,,,,,,,,,,,,,,
campaign_d_binary,binary_n200_independent-signed_seed2.pcf,dfma,2,0,1410559,102,101,3323981363212641698,14560,23f703aa3bc9,2026-08-28T16:57:48Z,200,199,1,,,,,,,,,,,,,,,,,
campaign_d_binary,binary_n200_independent-signed_seed3.pcf,dfma,0,0,1459054,96,95,2420890296832153469,14560,23f703aa3bc9,2026-08-28T16:57:48Z,200,199,1,,,,,,,,,,,,,,,,,
campaign_d_binary,binary_n200_independent-signed_seed3.pcf,dfma,1,0,1407586,96,95,2420890296832153469,14560,23f703aa3bc9,2026-08-28T16:57:48Z,200,199,1,,,,,,,,,,,,,,,,,
campaign_d_binary,binary_n200_independent-signed_seed3.pcf,dfma,2,0,1428935,96,95,2420890296832153469,14560,23f703aa3bc9,2026-08-28T16:57:48Z,200,199,1,,,,,,,,,,,,,,,,,
campaign_d_binary,binary_n200_independent-signed_seed4.pcf,dfma,0,0,1483013,101,100,11727968339495150611,14560,23f703aa3bc9,2026-08-28T16:57:48Z,200,199,1,,,,,,,,,,,,,,,,,
campaign_d_binary,binary_n200_independent-signed_seed4.pcf,dfma,1,0,1455568,101,100,11727968339495150611,14560,23f703aa3bc9,2026-08-28T16:57:48Z,200,199,1,,,,,,,,,,,,,,,,,
campaign_d_binary,binary_n200_independent-signed_seed4.pcf,dfma,2,0,1448324,101,100,11727968339495150611,14560,23f703aa3bc9,2026-08-28T16:57:48Z,200,199,1,,,,,,,,,,,,,,,,,
campaign_d_binary,binary_n200_independent-signed_seed5.pcf,dfma,0,0,1505033,108,107,2792226982035856522,14560,23f703aa3bc9,2026-08-28T16:57:48Z,200,199,1,,,,,,,,,,,,,,,,,
campaign_d_binary,binary_n200_independent-signed_seed5.pcf,dfma,1,0,1393218,108,107,2792226982035856522,14560,23f703aa3bc9,2026-08-28T16:57:48Z,200,199,1,,,,,,,,,,,,,,,,,
campaign_d_binary,binary_n200_independent-signed_seed5.pcf,dfma,2,0,1385646,108,107,2792226982035856522,14560,23f703aa3bc9,2026-08-28T16:57:48Z,200,199,1,,,,,,,,,,,,,,,,,
campaign_d_binary,binary_n200_independent-signed_seed6.pcf,dfma,0,0,1437506,101,100,12511171155601629827,14560,23f703aa3bc9,2026-08-28T16:57:48Z,200,199,1,,,,,,,,,,,,,,,,,
campaign_d_binary,binary_n200_independent-signed_seed6.pcf,dfma,1,0,1433644,101,100,12511171155601629827,14560,23f703aa3bc9,2026-08-28T16:57:48Z,200,199,1,,,,,,,,,,,,,,,,,
campaign_d_binary,binary_n200_independent-signed_seed6.pcf,dfma,2,0,1418779,101,100,12511171155601629827,14560,23f703aa3bc9,2026-08-28T16:57:48Z,200,199,1,,,,,,,,,,,,,,,,,
campaign_d_binary,binary_n200_independent-signed_seed7.pcf,dfma,0,0,1433292,102,101,7004697977198160775,14560,23f703aa3bc9,2026-08-28T16:57:48Z,200,199,1,,,,,,,,,,,,,,,,,
campaign_d_binary,binary_n200_independent-signed_seed7.pcf,dfma,1,0,1416752,102,101,7004697977198160775,14560,23f703aa3bc9,2026-08-28T16:57:48Z,200,199,1,,,,,,,,,,,,,,,,,
campaign_d_binary,binary_n200_independent-signed_seed7.pcf,dfma,2,0,1415470,102,101,7004697977198160775,14560,23f703aa3bc9,2026-08-28T16:57:48Z,200,199,1,,,,,,,,,,,,,,,,,
campaign_d_binary,binary_n200_independent-signed_seed8.pcf,dfma,0,0,1422433,109,108,8817376165075452892,14560,23f703aa3bc9,2026-08-28T16:57:48Z,200,199,1,,,,,,,,,,,,,,,,,
campaign_d_binary,binary_n200_independent-signed_seed8.pcf,dfma,1,0,1398022,109,108,8817376165075452892,14560,23f703aa3bc9,2026-08-28T16:57:48Z,200,199,1,,,,,,,,,,,,,,,,,
campaign_d_binary,binary_n200_independent-signed_seed8.pcf,dfma,2,0,1390746,109,108,8817376165075452892,14560,23f703aa3bc9,2026-08-28T16:57:48Z,200,199,1,,,,,,,,,,,,,,,,,
campaign_d_binary,binary_n200_independent-signed_seed9.pcf,dfma,0,0,1413938,96,95,12918252209122199521,14560,23f703aa3bc9,2026-08-28T16:57:48Z,200,199,1,,,,,,,,,,,,,,,,,
campaign_d_binary,binary_n200_independent-signed_seed9.pcf,dfma,1,0,1411246,96,95,12918252209122199521,14560,23f703aa3bc9,2026-08-28T16:57:48Z,200,199,1,,,,,,,,,,,,,,,,,
campaign_d_binary,binary_n200_independent-signed_seed9.pcf,dfma,2,0,1377998,96,95,12918252209122199521,14560,23f703aa3bc9,2026-08-28T16:57:48Z,200,199,1,,,,,,,,,,,,,,,,,
campaign_d_binary,binary_n200_near-ties_seed0.pcf,dfma,0,0,1217469,70,69,5883290887493825804,14560,23f703aa3bc9,2026-08-28T16:57:48Z,200,199,1,,,,,,,,,,,,,,,,,
campaign_d_binary,binary_n200_near-ties_seed0.pcf,dfma,1,0,1193254,70,69,5883290887493825804,14560,23f703aa3bc9,2026-08-28T16:57:48Z,200,199,1,,,,,,,,,,,,,,,,,
campaign_d_binary,binary_n200_near-ties_seed0.pcf,dfma,2,0,1212714,70,69,5883290887493825804,14560,23f703aa3bc9,2026-08-28T16:57:48Z,200,199,1,,,,,,,,,,,,,,,,,
campaign_d_binary,binary_n200_near-ties_seed1.pcf,dfma,0,0,1258202,81,80,16835438957806719473,14560,23f703aa3bc9,2026-08-28T16:57:48Z,200,199,1,,,,,,,,,,,,,,,,,
campaign_d_binary,binary_n200_near-ties_seed1.pcf,dfma,1,0,1209418,81,80,16835438957806719473,14560,23f703aa3bc9,2026-08-28T16:57:48Z,200,199,1,,,,,,,,,,,,,,,,,
campaign_d_binary,binary_n200_near-ties_seed1.pcf,dfma,2,0,1193345,81,80,16835438957806719473,14560,23f703aa3bc9,2026-08-28T16:57:48Z,200,199,1,,,,,,,,,,,,,,,,,
campaign_d_binary,binary_n200_near-ties_seed2.pcf,dfma,0,0,1266320,84,83,14590064377472867126,14560,23f703aa3bc9,2026-08-28T16:57:48Z,200,199,1,,,,,,,,,,,,,,,,,
campaign_d_binary,binary_n200_near-ties_seed2.pcf,dfma,1,0,1247755,84,83,14590064377472867126,14560,23f703aa3bc9,2026-08-28T16:57:48Z,200,199,1,,,,,,,,,,,,,,,,,
campaign_d_binary,binary_n200_near-ties_seed2.pcf,dfma,2,0,1215566,84,83,14590064377472867126,14560,23f703aa3bc9,2026-08-28T16:57:48Z,200,199,1,,,,,,,,,,,,,,,,,
campaign_d_binary,binary_n200_near-ties_seed3.pcf,dfma,0,0,1273176,67,66,13006986846796516576,14560,23f703aa3bc9,2026-08-28T16:57:48Z,200,199,1,,,,,,,,,,,,,,,,,
campaign_d_binary,binary_n200_near-ties_seed3.pcf,dfma,1,0,1294211,67,66,13006986846796516576,14560,23f703aa3bc9,2026-08-28T16:57:48Z,200,199,1,,,,,,,,,,,,,,,,,
campaign_d_binary,binary_n200_near-ties_seed3.pcf,dfma,2,0,1250935,67,66,13006986846796516576,14560,23f703aa3bc9,2026-08-28T16:57:48Z,200,199,1,,,,,,,,,,,,,,,,,
campaign_d_binary,binary_n200_near-ties_seed4.pcf,dfma,0,0,1245987,72,71,4916132297747144744,14560,23f703aa3bc9,2026-08-28T16:57:48Z,200,199,1,,,,,,,,,,,,,,,,,
campaign_d_binary,binary_n200_near-ties_seed4.pcf,dfma,1,0,1125234,72,71,4916132297747144744,14560,23f703aa3bc9,2026-08-28T16:57:48Z,200,199,1,,,,,,,,,,,,,,,,,
campaign_d_binary,binary_n200_near-ties_seed4.pcf,dfma,2,0,1147871,72,71,4916132297747144744,14560,23f703aa3bc9,2026-08-28T16:57:48Z,200,199,1,,,,,,,,,,,,,,,,,
campaign_d_binary,binary_n200_near-ties_seed5.pcf,dfma,0,0,1352782,83,82,8888938120075840471,14560,23f703aa3bc9,2026-08-28T16:57:48Z,200,199,1,,,,,,,,,,,,,,,,,
campaign_d_binary,binary_n200_near-ties_seed5.pcf,dfma,1,0,1272692,83,82,8888938120075840471,14560,23f703aa3bc9,2026-08-28T16:57:48Z,200,199,1,,,,,,,,,,,,,,,,,
campaign_d_binary,binary_n200_near-ties_seed5.pcf,dfma,2,0,1229948,83,82,8888938120075840471,14560,23f703aa3bc9,2026-08-28T16:57:48Z,200,199,1,,,,,,,,,,,,,,,,,
campaign_d_binary,binary_n200_near-ties_seed6.pcf,dfma,0,0,1356145,80,79,11992774290557842609,14560,23f703aa3bc9,2026-08-28T16:57:48Z,200,199,1,,,,,,,,,,,,,,,,,
campaign_d_binary,binary_n200_near-ties_seed6.pcf,dfma,1,0,1256357,80,79,11992774290557842609,14560,23f703aa3bc9,2026-08-28T16:57:48Z,200,199,1,,,,,,,,,,,,,,,,,
campaign_d_binary,binary_n200_near-ties_seed6.pcf,dfma,2,0,1242338,80,79,11992774290557842609,14560,23f703aa3bc9,2026-08-28T16:57:48Z,200,199,1,,,,,,,,,,,,,,,,,
campaign_d_binary,binary_n200_near-ties_seed7.pcf,dfma,0,0,1168535,82,81,9859776574908016559,14560,23f703aa3bc9,2026-08-28T16:57:48Z,200,199,1,,,,,,,,,,,,,,,,,
campaign_d_binary,binary_n200_near-ties_seed7.pcf,dfma,1,0,1155440,82,81,9859776574908016559,14560,23f703aa3bc9,2026-08-28T16:57:48Z,200,199,1,,,,,,,,,,,,,,,,,
campaign_d_binary,binary_n200_near-ties_seed7.pcf,dfma,2,0,1156920,82,81,9859776574908016559,14560,23f703aa3bc9,2026-08-28T16:57:48Z,200,199,1,,,,,,,,,,,,,,,,,
campaign_d_binary,binary_n200_near-ties_seed8.pcf,dfma,0,0,1260439,75,74,7215686672197960458,14560,23f703aa3bc9,2026-08-28T16:57:48Z,200,199,1,,,,,,,,,,,,,,,,,
campaign_d_binary,binary_n200_near-ties_seed8.pcf,dfma,1,0,1231149,75,74,7215686672197960458,14560,23f703aa3bc9,2026-08-28T16:57:48Z,200,199,1,,,,,,,,,,,,,,,,,
campaign_d_binary,binary_n200_near-ties_seed8.pcf,dfma,2,0,1244487,75,74,7215686672197960458,14560,23f703aa3bc9,2026-08-28T16:57:48Z,200,199,1,,,,,,,,,,,,,,,,,
campaign_d_binary,binary_n200_near-ties_seed9.pcf,dfma,0,0,1200578,80,79,2237714712751111216,14720,23f703aa3bc9,2026-08-28T16:57:48Z,200,199,1,,,,,,,,,,,,,,,,,
campaign_d_binary,binary_n200_near-ties_seed9.pcf,dfma,1,0,1161994,80,79,2237714712751111216,14720,23f703aa3bc9,2026-08-28T16:57:48Z,200,199,1,,,,,,,,,,,,,,,,,
campaign_d_binary,binary_n200_near-ties_seed9.pcf,dfma,2,0,1135378,80,79,2237714712751111216,14720,23f703aa3bc9,2026-08-28T16:57:48Z,200,199,1,,,,,,,,,,,,,,,,,
campaign_d_binary,binary_n500_anti-correlated_seed0.pcf,dfma,0,0,9141383,230,229,2279034384064177880,14720,23f703aa3bc9,2026-08-28T16:57:48Z,500,499,1,,,,,,,,,,,,,,,,,
campaign_d_binary,binary_n500_anti-correlated_seed0.pcf,dfma,1,0,8999552,230,229,2279034384064177880,14720,23f703aa3bc9,2026-08-28T16:57:48Z,500,499,1,,,,,,,,,,,,,,,,,
campaign_d_binary,binary_n500_anti-correlated_seed0.pcf,dfma,2,0,8802138,230,229,2279034384064177880,14720,23f703aa3bc9,2026-08-28T16:57:48Z,500,499,1,,,,,,,,,,,,,,,,,
campaign_d_binary,binary_n500_anti-correlated_seed1.pcf,dfma,0,0,8794588,249,248,11177712449878990304,14720,23f703aa3bc9,2026-08-28T16:57:48Z,500,499,1,,,,,,,,,,,,,,,,,
campaign_d_binary,binary_n500_anti-correlated_seed1.pcf,dfma,1,0,8755306,249,248,11177712449878990304,14720,23f703aa3bc9,2026-08-28T16:57:48Z,500,499,1,,,,,,,,,,,,,,,,,
campaign_d_binary,binary_n500_anti-correlated_seed1.pcf,dfma,2,0,8633629,249,248,11177712449878990304,14720,23f703aa3bc9,2026-08-28T16:57:48Z,500,499,1,,,,,,,,,,,,,,,,,
campaign_d_binary,binary_n500_anti-correlated_seed2.pcf,dfma,0,0,9012280,268,267,16040904553727677390,14720,23f703aa3bc9,2026-08-28T16:57:48Z,500,499,1,,,,,,,,,,,,,,,,,
campaign_d_binary,binary_n500_anti-correlated_seed2.pcf,dfma,1,0,8925114,268,267,16040904553727677390,14720,23f703aa3bc9,2026-08-28T16:57:48Z,500,499,1,,,,,,,,,,,,,,,,,
campaign_d_binary,binary_n500_anti-correlated_seed2.pcf,dfma,2,0,8869787,268,267,16040904553727677390,14720,23f703aa3bc9,2026-08-28T16:57:48Z,500,499,1,,,,,,,,,,,,,,,,,
campaign_d_binary,binary_n500_anti-correlated_seed3.pcf,dfma,0,0,9065839,248,247,18347391325412659913,14720,23f703aa3bc9,2026-08-28T16:57:48Z,500,499,1,,,,,,,,,,,,,,,,,
campaign_d_binary,binary_n500_anti-correlated_seed3.pcf,dfma,1,0,8894545,248,247,18347391325412659913,14720,23f703aa3bc9,2026-08-28T16:57:48Z,500,499,1,,,,,,,,,,,,,,,,,
campaign_d_binary,binary_n500_anti-correlated_seed3.pcf,dfma,2,0,8803605,248,247,18347391325412659913,14720,23f703aa3bc9,2026-08-28T16:57:48Z,500,499,1,,,,,,,,,,,,,,,,,
campaign_d_binary,binary_n500_anti-correlated_seed4.pcf,dfma,0,0,9064566,238,237,2310281149985783284,14720,23f703aa3bc9,2026-08-28T16:57:48Z,500,499,1,,,,,,,,,,,,,,,,,
campaign_d_binary,binary_n500_anti-correlated_seed4.pcf,dfma,1,0,8925169,238,237,2310281149985783284,14720,23f703aa3bc9,2026-08-28T16:57:48Z,500,499,1,,,,,,,,,,,,,,,,,
campaign_d_binary,binary_n500_anti-correlated_seed4.pcf,dfma,2,0,8829281,238,237,2310281149985783284,14720,23f703aa3bc9,2026-08-28T16:57:48Z,500,499,1,,,,,,,,,,,,,,,,,
campaign_d_binary,binary_n500_anti-correlated_seed5.pcf,dfma,0,0,8854515,237,236,467476950857515604,14720,23f703aa3bc9,2026-08-28T16:57:48Z,500,499,1,,,,,,,,,,,,,,,,,
campaign_d_binary,binary_n500_anti-correlated_seed5.pcf,dfma,1,0,8670323,237,236,467476950857515604,14720,23f703aa3bc9,2026-08-28T16:57:48Z,500,499,1,,,,,,,,,,,,,,,,,
campaign_d_binary,binary_n500_anti-correlated_seed5.pcf,dfma,2,0,8773296,237,236,467476950857515604,14720,23f703aa3bc9,2026-08-28T16:57:48Z,500,499,1,,,,,,,,,,,,,,,,,
campaign_d_binary,binary_n500_anti-correlated_seed6.pcf,dfma,0,0,8834305,259,258,14607338331623488546,14720,23f703aa3bc9,2026-08-28T16:57:48Z,500,499,1,,,,,,,,,,,,,,,,,
campaign_d_binary,binary_n500_anti-correlated_seed6.pcf,dfma,1,0,8632887,259,258,14607338331623488546,14720,23f703aa3bc9,2026-08-28T16:57:48Z,500,499,1,,,,,,,,,,,,,,,,,
campaign_d_binary,binary_n500_anti-correlated_seed6.pcf,dfma,2,0,8665710,259,258,14607338331623488546,14720,23f703aa3bc9,2026-08-28T16:57:48Z,500,499,1,,,,,,,,,,,,,,,,,
campaign_d_binary,binary_n500_anti-correlated_seed7.pcf,dfma,0,0,9177813,250,249,12314239014080588780,14720,23f703aa3bc9,2026-08-28T16:57:48Z,500,499,1,,,,,,,,,,,,,,,,,
campaign_d_binary,binary_n500_anti-correlated_seed7.pcf,dfma,1,0,9058961,250,249,12314239014080588780,14720,23f703aa3bc9,2026-08-28T16:57:48Z,500,499,1,,,,,,,,,,,,,,,,,
campaign_d_binary,binary_n500_anti-correlated_seed7.pcf,dfma,2,0,9240804,250,249,12314239014080588780,14720,23f703aa3bc9,2026-08-28T16:57:48Z,500,499,1,,,,,,,,,,,,,,,,,
campaign_d_binary,binary_n500_anti-correlated_seed8.pcf,dfma,0,0,9307469,273,272,11391299600414799877,14720,23f703aa3bc9,2026-08-28T16:57:48Z,500,499,1,,,,,,,,,,,,,,,,,
campaign_d_binary,binary_n500_anti-correlated_seed8.pcf,dfma,1,0,9141149,273,272,11391299600414799877,14720,23f703aa3bc9,2026-08-28T16:57:48Z,500,499,1,,,,,,,,,,,,,,,,,
campaign_d_binary,binary_n500_anti-correlated_seed8.pcf,dfma,2,0,9081403,273,272,11391299600414799877,14720,23f703aa3bc9,2026-08-28T16:57:48Z,500,499,1,,,,,,,,,,,,,,,,,
campaign_d_binary,binary_n500_anti-correlated_seed9.pcf,dfma,0,0,8855959,231,230,6156291886401008994,14720,23f703aa3bc9,2026-08-28T16:57:49Z,500,499,1,,,,,,,,,,,,,,,,,
campaign_d_binary,binary_n500_anti-correlated_seed9.pcf,dfma,1,0,8648952,231,230,6156291886401008994,14720,23f703aa3bc9,2026-08-28T16:57:49Z,500,499,1,,,,,,,,,,,,,,,,,
campaign_d_binary,binary_n500_anti-correlated_seed9.pcf,dfma,2,0,8595434,231,230,6156291886401008994,14720,23f703aa3bc9,2026-08-28T16:57:49Z,500,499,1,,,,,,,,,,,,,,,,,
campaign_d_binary,binary_n500_correlated_seed0.pcf,dfma,0,0,8505783,230,229,16716321159675376305,14720,23f703aa3bc9,2026-08-28T16:57:49Z,500,499,1,,,,,,,,,,,,,,,,,
campaign_d_binary,binary_n500_correlated_seed0.pcf,dfma,1,0,8498628,230,229,16716321159675376305,14720,23f703aa3bc9,2026-08-28T16:57:49Z,500,499,1,,,,,,,,,,,,,,,,,
campaign_d_binary,binary_n500_correlated_seed0.pcf,dfma,2,0,8566557,230,229,16716321159675376305,14720,23f703aa3bc9,2026-08-28T16:57:49Z,500,499,1,,,,,,,,,,,,,,,,,
campaign_d_binary,binary_n500_correlated_seed1.pcf,dfma,0,0,8533604,249,248,16592199092134286404,14720,23f703aa3bc9,2026-08-28T16:57:49Z,500,499,1,,,,,,,,,,,,,,,,,
campaign_d_binary,binary_n500_correlated_seed1.pcf,dfma,1,0,8383809,249,248,16592199092134286404,14720,23f703aa3bc9,2026-08-28T16:57:49Z,500,499,1,,,,,,,,,,,,,,,,,
campaign_d_binary,binary_n500_correlated_seed1.pcf,dfma,2,0,8291683,249,248,16592199092134286404,14720,23f703aa3bc9,2026-08-28T16:57:49Z,500,499,1,,,,,,,,,,,,,,,,,
campaign_d_binary,binary_n500_correlated_seed2.pcf,dfma,0,0,8826316,277,276,7131687119971535017,14720,23f703aa3bc9,2026-08-28T16:57:49Z,500,499,1,,,,,,,,,,,,,,,,,
campaign_d_binary,binary_n500_correlated_seed2.pcf,dfma,1,0,8635483,277,276,7131687119971535017,14720,23f703aa3bc9,2026-08-28T16:57:49Z,500,499,1,,,,,,,,,,,,,,,,,
campaign_d_binary,binary_n500_correlated_seed2.pcf,dfma,2,0,8533390,277,276,7131687119971535017,14720,23f703aa3bc9,2026-08-28T16:57:49Z,500,499,1,,,,,,,,,,,,,,,,,
campaign_d_binary,binary_n500_correlated_seed3.pcf,dfma,0,0,8815858,250,249,924867702929788205,14720,23f703aa3bc9,2026-08-28T16:57:49Z,500,499,1,,,,,,,,,,,,,,,,,
campaign_d_binary,binary_n500_correlated_seed3.pcf,dfma,1,0,8659919,250,249,924867702929788205,14720,23f703aa3bc9,2026-08-28T16:57:49Z,500,499,1,,,,,,,,,,,,,,,,,
campaign_d_binary,binary_n500_correlated_seed3.pcf,dfma,2,0,8569994,250,249,924867702929788205,14720,23f703aa3bc9,2026-08-28T16:57:49Z,500,499,1,,,,,,,,,,,,,,,,,
campaign_d_binary,binary_n500_correlated_seed4.pcf,dfma,0,0,8650209,243,242,4642990817112009893,14720,23f703aa3bc9,2026-08-28T16:57:49Z,500,499,1,,,,,,,,,,,,,,,,,
campaign_d_binary,binary_n500_correlated_seed4.pcf,dfma,1,0,8503530,243,242,4642990817112009893,14720,23f703aa3bc9,2026-08-28T16:57:49Z,500,499,1,,,,,,,,,,,,,,,,,
campaign_d_binary,binary_n500_correlated_seed4.pcf,dfma,2,0,8456289,243,242,4642990817112009893,14720,23f703aa3bc9,2026-08-28T16:57:49Z,500,499,1,,,,,,,,,,,,,,,,,
campaign_d_binary,binary_n500_correlated_seed5.pcf,dfma,0,0,8720851,257,256,10403956439378532776,14720,23f703aa3bc9,2026-08-28T16:57:49Z,500,499,1,,,,,,,,,,,,,,,,,
campaign_d_binary,binary_n500_correlated_seed5.pcf,dfma,1,0,8588933,257,256,10403956439378532776,14720,23f703aa3bc9,2026-08-28T16:57:49Z,500,499,1,,,,,,,,,,,,,,,,,
campaign_d_binary,binary_n500_correlated_seed5.pcf,dfma,2,0,8406553,257,256,10403956439378532776,14720,23f703aa3bc9,2026-08-28T16:57:49Z,500,499,1,,,,,,,,,,,,,,,,,
campaign_d_binary,binary_n500_correlated_seed6.pcf,dfma,0,0,8605075,242,241,4308956455357165297,14720,23f703aa3bc9,2026-08-28T16:57:49Z,500,499,1,,,,,,,,,,,,,,,,,
campaign_d_binary,binary_n500_correlated_seed6.pcf,dfma,1,0,8351151,242,241,4308956455357165297,14720,23f703aa3bc9,2026-08-28T16:57:49Z,500,499,1,,,,,,,,,,,,,,,,,
campaign_d_binary,binary_n500_correlated_seed6.pcf,dfma,2,0,8424061,242,241,4308956455357165297,14720,23f703aa3bc9,2026-08-28T16:57:49Z,500,499,1,,,,,,,,,,,,,,,,,
campaign_d_binary,binary_n500_correlated_seed7.pcf,dfma,0,0,8887938,255,254,6361988704052361924,14720,23f703aa3bc9,2026-08-28T16:57:49Z,500,499,1,,,,,,,,,,,,,,,,,
campaign_d_binary,binary_n500_correlated_seed7.pcf,dfma,1,0,8638487,255,254,6361988704052361924,14720,23f703aa3bc9,2026-08-28T16:57:49Z,500,499,1,,,,,,,,,,,,,,,,,
campaign_d_binary,binary_n500_correlated_seed7.pcf,dfma,2,0,8586131,255,254,6361988704052361924,14720,23f703aa3bc9,2026-08-28T16:57:49Z,500,499,1,,,,,,,,,,,,,,,,,
campaign_d_binary,binary_n500_correlated_seed8.pcf,dfma,0,0,8358105,221,220,6951925527835769855,14720,23f703aa3bc9,2026-08-28T16:57:49Z,500,499,1,,,,,,,,,,,,,,,,,
campaign_d_binary,binary_n500_correlated_seed8.pcf,dfma,1,0,8260784,221,220,6951925527835769855,14720,23f703aa3bc9,2026-08-28T16:57:49Z,500,499,1,,,,,,,,,,,,,,,,,
campaign_d_binary,binary_n500_correlated_seed8.pcf,dfma,2,0,8262945,221,220,6951925527835769855,14720,23f703aa3bc9,2026-08-28T16:57:49Z,500,499,1,,,,,,,,,,,,,,,,,
campaign_d_binary,binary_n500_correlated_seed9.pcf,dfma,0,0,8441886,214,213,1657294352639429243,14880,23f703aa3bc9,2026-08-28T16:57:49Z,500,499,1,,,,,,,,,,,,,,,,,
campaign_d_binary,binary_n500_correlated_seed9.pcf,dfma,1,0,8316060,214,213,1657294352639429243,14880,23f703aa3bc9,2026-08-28T16:57:49Z,500,499,1,,,,,,,,,,,,,,,,,
campaign_d_binary,binary_n500_correlated_seed9.pcf,dfma,2,0,8271979,214,213,1657294352639429243,14880,23f703aa3bc9,2026-08-28T16:57:49Z,500,499,1,,,,,,,,,,,,,,,,,
campaign_d_binary,binary_n500_exact-ties_seed0.pcf,dfma,0,0,5270798,109,108,3368659596932273499,14880,23f703aa3bc9,2026-08-28T16:57:49Z,500,499,1,,,,,,,,,,,,,,,,,
campaign_d_binary,binary_n500_exact-ties_seed0.pcf,dfma,1,0,5206540,109,108,3368659596932273499,14880,23f703aa3bc9,2026-08-28T16:57:49Z,500,499,1,,,,,,,,,,,,,,,,,
campaign_d_binary,binary_n500_exact-ties_seed0.pcf,dfma,2,0,5167540,109,108,3368659596932273499,14880,23f703aa3bc9,2026-08-28T16:57:49Z,500,499,1,,,,,,,,,,,,,,,,,
campaign_d_binary,binary_n500_exact-ties_seed1.pcf,dfma,0,0,5623107,115,114,8533480071282366587,14880,23f703aa3bc9,2026-08-28T16:57:49Z,500,499,1,,,,,,,,,,,,,,,,,
campaign_d_binary,binary_n500_exact-ties_seed1.pcf,dfma,1,0,5458174,115,114,8533480071282366587,14880,23f703aa3bc9,2026-08-28T16:57:49Z,500,499,1,,,,,,,,,,,,,,,,,
campaign_d_binary,binary_n500_exact-ties_seed1.pcf,dfma,2,0,5374871,115,114,8533480071282366587,14880,23f703aa3bc9,2026-08-28T16:57:49Z,500,499,1,,,,,,,,,,,,,,,,,
campaign_d_binary,binary_n500_exact-ties_seed2.pcf,dfma,0,0,5452801,107,106,360170129696076557,14880,23f703aa3bc9,2026-08-28T16:57:49Z,500,499,1,,,,,,,,,,,,,,,,,
campaign_d_binary,binary_n500_exact-ties_seed2.pcf,dfma,1,0,5311594,107,106,360170129696076557,14880,23f703aa3bc9,2026-08-28T16:57:49Z,500,499,1,,,,,,,,,,,,,,,,,
campaign_d_binary,binary_n500_exact-ties_seed2.pcf,dfma,2,0,5344430,107,106,360170129696076557,14880,23f703aa3bc9,2026-08-28T16:57:49Z,500,499,1,,,,,,,,,,,,,,,,,
campaign_d_binary,binary_n500_exact-ties_seed3.pcf,dfma,0,0,5650781,118,117,16807095897848241454,14880,23f703aa3bc9,2026-08-28T16:57:49Z,500,499,1,,,,,,,,,,,,,,,,,
campaign_d_binary,binary_n500_exact-ties_seed3.pcf,dfma,1,0,5532171,118,117,16807095897848241454,14880,23f703aa3bc9,2026-08-28T16:57:49Z,500,499,1,,,,,,,,,,,,,,,,,
campaign_d_binary,binary_n500_exact-ties_seed3.pcf,dfma,2,0,5469845,118,117,16807095897848241454,14880,23f703aa3bc9,2026-08-28T16:57:49Z,500,499,1,,,,,,,,,,,,,,,,,
campaign_d_binary,binary_n500_exact-ties_seed4.pcf,dfma,0,0,5496380,112,111,12282904362688112770,14880,23f703aa3bc9,2026-08-28T16:57:49Z,500,499,1,,,,,,,,,,,,,,,,,
campaign_d_binary,binary_n500_exact-ties_seed4.pcf,dfma,1,0,5340386,112,111,12282904362688112770,14880,23f703aa3bc9,2026-08-28T16:57:49Z,500,499,1,,,,,,,,,,,,,,,,,
campaign_d_binary,binary_n500_exact-ties_seed4.pcf,dfma,2,0,5342984,112,111,12282904362688112770,14880,23f703aa3bc9,2026-08-28T16:57:49Z,500,499,1,,,,,,,,,,,,,,,,,
campaign_d_binary,binary_n500_exact-ties_seed5.pcf,dfma,0,0,5394049,113,112,11259388751925413545,14880,23f703aa3bc9,2026-08-28T16:57:49Z,500,499,1,,,,,,,,,,,,,,,,,
campaign_d_binary,binary_n500_exact-ties_seed5.pcf,dfma,1,0,5279851,113,112,11259388751925413545,14880,23f703aa3bc9,2026-08-28T16:57:49Z,500,499,1,,,,,,,,,,,,,,,,,
campaign_d_binary,binary_n500_exact-ties_seed5.pcf,dfma,2,0,5181592,113,112,11259388751925413545,14880,23f703aa3bc9,2026-08-28T16:57:49Z,500,499,1,,,,,,,,,,,,,,,,,
campaign_d_binary,binary_n500_exact-ties_seed6.pcf,dfma,0,0,5356610,113,112,17388058054672539822,14880,23f703aa3bc9,2026-08-28T16:57:49Z,500,499,1,,,,,,,,,,,,,,,,,
campaign_d_binary,binary_n500_exact-ties_seed6.pcf,dfma,1,0,5281787,113,112,17388058054672539822,14880,23f703aa3bc9,2026-08-28T16:57:49Z,500,499,1,,,,,,,,,,,,,,,,,
campaign_d_binary,binary_n500_exact-ties_seed6.pcf,dfma,2,0,5227065,113,112,17388058054672539822,14880,23f703aa3bc9,2026-08-28T16:57:49Z,500,499,1,,,,,,,,,,,,,,,,,
campaign_d_binary,binary_n500_exact-ties_seed7.pcf,dfma,0,0,5262397,111,110,277502140318208939,14880,23f703aa3bc9,2026-08-28T16:57:49Z,500,499,1,,,,,,,,,,,,,,,,,
campaign_d_binary,binary_n500_exact-ties_seed7.pcf,dfma,1,0,5079626,111,110,277502140318208939,14880,23f703aa3bc9,2026-08-28T16:57:49Z,500,499,1,,,,,,,,,,,,,,,,,
campaign_d_binary,binary_n500_exact-ties_seed7.pcf,dfma,2,0,4997697,111,110,277502140318208939,14880,23f703aa3bc9,2026-08-28T16:57:49Z,500,499,1,,,,,,,,,,,,,,,,,
campaign_d_binary,binary_n500_exact-ties_seed8.pcf,dfma,0,0,5309252,123,122,9942550897719027639,14880,23f703aa3bc9,2026-08-28T16:57:49Z,500,499,1,,,,,,,,,,,,,,,,,
campaign_d_binary,binary_n500_exact-ties_seed8.pcf,dfma,1,0,5179245,123,122,9942550897719027639,14880,23f703aa3bc9,2026-08-28T16:57:49Z,500,499,1,,,,,,,,,,,,,,,,,
campaign_d_binary,binary_n500_exact-ties_seed8.pcf,dfma,2,0,5129792,123,122,9942550897719027639,14880,23f703aa3bc9,2026-08-28T16:57:49Z,500,499,1,,,,,,,,,,,,,,,,,
campaign_d_binary,binary_n500_exact-ties_seed9.pcf,dfma,0,0,5788609,115,114,15101799145629974665,14880,23f703aa3bc9,2026-08-28T16:57:49Z,500,499,1,,,,,,,,,,,,,,,,,
campaign_d_binary,binary_n500_exact-ties_seed9.pcf,dfma,1,0,5698645,115,114,15101799145629974665,14880,23f703aa3bc9,2026-08-28T16:57:49Z,500,499,1,,,,,,,,,,,,,,,,,
campaign_d_binary,binary_n500_exact-ties_seed9.pcf,dfma,2,0,5641831,115,114,15101799145629974665,14880,23f703aa3bc9,2026-08-28T16:57:49Z,500,499,1,,,,,,,,,,,,,,,,,
campaign_d_binary,binary_n500_independent-positive_seed0.pcf,dfma,0,0,8780388,244,243,14302125933873927376,14880,23f703aa3bc9,2026-08-28T16:57:49Z,500,499,1,,,,,,,,,,,,,,,,,
campaign_d_binary,binary_n500_independent-positive_seed0.pcf,dfma,1,0,8654944,244,243,14302125933873927376,14880,23f703aa3bc9,2026-08-28T16:57:49Z,500,499,1,,,,,,,,,,,,,,,,,
campaign_d_binary,binary_n500_independent-positive_seed0.pcf,dfma,2,0,8741775,244,243,14302125933873927376,14880,23f703aa3bc9,2026-08-28T16:57:49Z,500,499,1,,,,,,,,,,,,,,,,,
campaign_d_binary,binary_n500_independent-positive_seed1.pcf,dfma,0,0,8724108,247,246,9429509769223993031,14880,23f703aa3bc9,2026-08-28T16:57:49Z,500,499,1,,,,,,,,,,,,,,,,,
campaign_d_binary,binary_n500_independent-positive_seed1.pcf,dfma,1,0,8530088,247,246,9429509769223993031,14880,23f703aa3bc9,2026-08-28T16:57:49Z,500,499,1,,,,,,,,,,,,,,,,,
campaign_d_binary,binary_n500_independent-positive_seed1.pcf,dfma,2,0,8633731,247,246,9429509769223993031,14880,23f703aa3bc9,2026-08-28T16:57:49Z,500,499,1,,,,,,,,,,,,,,,,,
campaign_d_binary,binary_n500_independent-positive_seed2.pcf,dfma,0,0,8832403,240,239,5246217295182073729,14880,23f703aa3bc9,2026-08-28T16:57:49Z,500,499,1,,,,,,,,,,,,,,,,,
campaign_d_binary,binary_n500_independent-positive_seed2.pcf,dfma,1,0,8711843,240,239,5246217295182073729,14880,23f703aa3bc9,2026-08-28T16:57:49Z,500,499,1,,,,,,,,,,,,,,,,,
campaign_d_binary,binary_n500_independent-positive_seed2.pcf,dfma,2,0,8738361,240,239,5246217295182073729,14880,23f703aa3bc9,2026-08-28T16:57:49Z,500,499,1,,,,,,,,,,,,,,,,,
campaign_d_binary,binary_n500_independent-positive_seed3.pcf,dfma,0,0,9168598,247,246,12545855117205236645,14880,23f703aa3bc9,2026-08-28T16:57:49Z,500,499,1,,,,,,,,,,,,,,,,,
campaign_d_binary,binary_n500_independent-positive_seed3.pcf,dfma,1,0,8920747,247,246,12545855117205236645,14880,23f703aa3bc9,2026-08-28T16:57:49Z,500,499,1,,,,,,,,,,,,,,,,,
campaign_d_binary,binary_n500_independent-positive_seed3.pcf,dfma,2,0,8777385,247,246,12545855117205236645,14880,23f703aa3bc9,2026-08-28T16:57:49Z,500,499,1,,,,,,,,,,,,,,,,,
campaign_d_binary,binary_n500_independent-positive_seed4.pcf,dfma,0,0,8888781,254,253,14505593727642163668,14880,23f703aa3bc9,2026-08-28T16:57:49Z,500,499,1,,,,,,,,,,,,,,,,,
campaign_d_binary,binary_n500_independent-positive_seed4.pcf,dfma,1,0,8751627,254,253,14505593727642163668,14880,23f703aa3bc9,2026-08-28T16:57:49Z,500,499,1,,,,,,,,,,,,,,,,,
campaign_d_binary,binary_n500_independent-positive_seed4.pcf,dfma,2,0,8619268,254,253,14505593727642163668,14880,23f703aa3bc9,2026-08-28T16:57:49Z,500,499,1,,,,,,,,,,,,,,,,,
campaign_d_binary,binary_n500_independent-positive_seed5.pcf,dfma,0,0,9136453,268,267,2401187791054673917,14880,23f703aa3bc9,2026-08-28T16:57:49Z,500,499,1,,,,,,,,,,,,,,,,,
campaign_d_binary,binary_n500_independent-positive_seed5.pcf,dfma,1,0,9030009,268,267,2401187791054673917,14880,23f703aa3bc9,2026-08-28T16:57:49Z,500,499,1,,,,,,,,,,,,,,,,,
campaign_d_binary,binary_n500_independent-positive_seed5.pcf,dfma,2,0,9045066,268,267,2401187791054673917,14880,23f703aa3bc9,2026-08-28T16:57:49Z,500,499,1,,,,,,,,,,,,,,,,,
campaign_d_binary,binary_n500_independent-positive_seed6.pcf,dfma,0,0,8998886,236,235,179940397507974945,14880,23f703aa3bc9,2026-08-28T16:57:49Z,500,499,1,,,,,,,,,,,,,,,,,
campaign_d_binary,binary_n500_independent-positive_seed6.pcf,dfma,1,0,8693982,236,235,179940397507974945,14880,23f703aa3bc9,2026-08-28T16:57:49Z,500,499,1,,,,,,,,,,,,,,,,,
campaign_d_binary,binary_n500_independent-positive_seed6.pcf,dfma,2,0,8727891,236,235,179940397507974945,14880,23f703aa3bc9,2026-08-28T16:57:49Z,500,499,1,,,,,,,,,,,,,,,,,
campaign_d_binary,binary_n500_independent-positive_seed7.pcf,dfma,0,0,8885245,266,265,2057943984399629384,14880,23f703aa3bc9,2026-08-28T16:57:49Z,500,499,1,,,,,,,,,,,,,,,,,
campaign_d_binary,binary_n500_independent-positive_seed7.pcf,dfma,1,0,8749975,266,265,2057943984399629384,14880,23f703aa3bc9,2026-08-28T16:57:49Z,500,499,1,,,,,,,,,,,,,,,,,
campaign_d_binary,binary_n500_independent-positive_seed7.pcf,dfma,2,0,8599017,266,265,2057943984399629384,14880,23f703aa3bc9,2026-08-28T16:57:49Z,500,499,1,,,,,,,,,,,,,,,,,
campaign_d_binary,binary_n500_independent-positive_seed8.pcf,dfma,0,0,8843244,245,244,3258583029518010929,15040,23f703aa3bc9,2026-08-28T16:57:49Z,500,499,1,,,,,,,,,,,,,,,,,
campaign_d_binary,binary_n500_independent-positive_seed8.pcf,dfma,1,0,8612133,245,244,3258583029518010929,15040,23f703aa3bc9,2026-08-28T16:57:49Z,500,499,1,,,,,,,,,,,,,,,,,
campaign_d_binary,binary_n500_independent-positive_seed8.pcf,dfma,2,0,8584441,245,244,3258583029518010929,15040,23f703aa3bc9,2026-08-28T16:57:49Z,500,499,1,,,,,,,,,,,,,,,,,
campaign_d_binary,binary_n500_independent-positive_seed9.pcf,dfma,0,0,8716087,238,237,15582073371228056647,15040,23f703aa3bc9,2026-08-28T16:57:49Z,500,499,1,,,,,,,,,,,,,,,,,
campaign_d_binary,binary_n500_independent-positive_seed9.pcf,dfma,1,0,8469717,238,237,15582073371228056647,15040,23f703aa3bc9,2026-08-28T16:57:49Z,500,499,1,,,,,,,,,,,,,,,,,
campaign_d_binary,binary_n500_independent-positive_seed9.pcf,dfma,2,0,8371854,238,237,15582073371228056647,15040,23f703aa3bc9,2026-08-28T16:57:49Z,500,499,1,,,,,,,,,,,,,,,,,
campaign_d_binary,binary_n500_independent-signed_seed0.pcf,dfma,0,0,8646724,258,257,11507145190215488648,15040,23f703aa3bc9,2026-08-28T16:57:49Z,500,499,1,,,,,,,,,,,,,,,,,
campaign_d_binary,binary_n500_independent-signed_seed0.pcf,dfma,1,0,8771424,258,257,11507145190215488648,15040,23f703aa3bc9,2026-08-28T16:57:49Z,500,499,1,,,,,,,,,,,,,,,,,
campaign_d_binary,binary_n500_independent-signed_seed0.pcf,dfma,2,0,8553619,258,257,11507145190215488648,15040,23f703aa3bc9,2026-08-28T16:57:49Z,500,499,1,,,,,,,,,,,,,,,,,
campaign_d_binary,binary_n500_independent-signed_seed1.pcf,dfma,0,0,8779595,271,270,17892039249103153142,15040,23f703aa3bc9,2026-08-28T16:57:49Z,500,499,1,,,,,,,,,,,,,,,,,
campaign_d_binary,binary_n500_independent-signed_seed1.pcf,dfma,1,0,8516456,271,270,17892039249103153142,15040,23f703aa3bc9,2026-08-28T16:57:49Z,500,499,1,,,,,,,,,,,,,,,,,
campaign_d_binary,binary_n500_independent-signed_seed1.pcf,dfma,2,0,8486128,271,270,17892039249103153142,15040,23f703aa3bc9,2026-08-28T16:57:49Z,500,499,1,,,,,,,,,,,,,,,,,
campaign_d_binary,binary_n500_independent-signed_seed2.pcf,dfma,0,0,8829600,251,250,3133555668317812744,15040,23f703aa3bc9,2026-08-28T16:57:49Z,500,499,1,,,,,,,,,,,,,,,,,
campaign_d_binary,binary_n500_independent-signed_seed2.pcf,dfma,1,0,8757049,251,250,3133555668317812744,15040,23f703aa3bc9,2026-08-28T16:57:49Z,500,499,1,,,,,,,,,,,,,,,,,
campaign_d_binary,binary_n500_independent-signed_seed2.pcf,dfma,2,0,8655972,251,250,3133555668317812744,15040,23f703aa3bc9,2026-08-28T16:57:49Z,500,499,1,,,,,,,,,,,,,,,,,
campaign_d_binary,binary_n500_independent-signed_seed3.pcf,dfma,0,0,8865988,245,244,2077712647451783834,15040,23f703aa3bc9,2026-08-28T16:57:49Z,500,499,1,,,,,,,,,,,,,,,,,
campaign_d_binary,binary_n500_independent-signed_seed3.pcf,dfma,1,0,8716101,245,244,2077712647451783834,15040,23f703aa3bc9,2026-08-28T16:57:49Z,500,499,1,,,,,,,,,,,,,,,,,
campaign_d_binary,binary_n500_independent-signed_seed3.pcf,dfma,2,0,8669684,245,244,2077712647451783834,15040,23f703aa3bc9,2026-08-28T16:57:49Z,500,499,1,,,,,,,,,,,,,,,,,
campaign_d_binary,binary_n500_independent-signed_seed4.pcf,dfma,0,0,9250120,253,252,7744489303951508604,15040,23f703aa3bc9,2026-08-28T16:57:49Z,500,499,1,,,,,,,,,,,,,,,,,
campaign_d_binary,binary_n500_independent-signed_seed4.pcf,dfma,1,0,8864754,253,252,7744489303951508604,15040,23f703aa3bc9,2026-08-28T16:57:49Z,500,499,1,,,,,,,,,,,,,,,,,
campaign_d_binary,binary_n500_independent-signed_seed4.pcf,dfma,2,0,8793370,253,252,7744489303951508604,15040,23f703aa3bc9,2026-08-28T16:57:49Z,500,499,1,,,,,,,,,,,,,,,,,
campaign_d_binary,binary_n500_independent-signed_seed5.pcf,dfma,0,0,9008174,259,258,885862064906022640,15040,23f703aa3bc9,2026-08-28T16:57:49Z,500,499,1,,,,,,,,,,,,,,,,,
campaign_d_binary,binary_n500_independent-signed_seed5.pcf,dfma,1,0,8697606,259,258,885862064906022640,15040,23f703aa3bc9,2026-08-28T16:57:49Z,500,499,1,,,,,,,,,,,,,,,,,
campaign_d_binary,binary_n500_independent-signed_seed5.pcf,dfma,2,0,8824216,259,258,885862064906022640,15040,23f703aa3bc9,2026-08-28T16:57:49Z,500,499,1,,,,,,,,,,,,,,,,,
campaign_d_binary,binary_n500_independent-signed_seed6.pcf,dfma,0,0,9000394,242,241,12627443016578976748,15040,23f703aa3bc9,2026-08-28T16:57:50Z,500,499,1,,,,,,,,,,,,,,,,,
campaign_d_binary,binary_n500_independent-signed_seed6.pcf,dfma,1,0,8791180,242,241,12627443016578976748,15040,23f703aa3bc9,2026-08-28T16:57:50Z,500,499,1,,,,,,,,,,,,,,,,,
campaign_d_binary,binary_n500_independent-signed_seed6.pcf,dfma,2,0,8764836,242,241,12627443016578976748,15040,23f703aa3bc9,2026-08-28T16:57:50Z,500,499,1,,,,,,,,,,,,,,,,,
campaign_d_binary,binary_n500_independent-signed_seed7.pcf,dfma,0,0,8805073,266,265,11524083197799634335,15040,23f703aa3bc9,2026-08-28T16:57:50Z,500,499,1,,,,,,,,,,,,,,,,,
campaign_d_binary,binary_n500_independent-signed_seed7.pcf,dfma,1,0,8872410,266,265,11524083197799634335,15040,23f703aa3bc9,2026-08-28T16:57:50Z,500,499,1,,,,,,,,,,,,,,,,,
campaign_d_binary,binary_n500_independent-signed_seed7.pcf,dfma,2,0,8743089,266,265,11524083197799634335,15040,23f703aa3bc9,2026-08-28T16:57:50Z,500,499,1,,,,,,,,,,,,,,,,,
campaign_d_binary,binary_n500_independent-signed_seed8.pcf,dfma,0,0,8603387,258,257,17904251516467809185,15040,23f703aa3bc9,2026-08-28T16:57:50Z,500,499,1,,,,,,,,,,,,,,,,,
campaign_d_binary,binary_n500_independent-signed_seed8.pcf,dfma,1,0,8427409,258,257,17904251516467809185,15040,23f703aa3bc9,2026-08-28T16:57:50Z,500,499,1,,,,,,,,,,,,,,,,,
campaign_d_binary,binary_n500_independent-signed_seed8.pcf,dfma,2,0,8376216,258,257,17904251516467809185,15040,23f703aa3bc9,2026-08-28T16:57:50Z,500,499,1,,,,,,,,,,,,,,,,,
campaign_d_binary,binary_n500_independent-signed_seed9.pcf,dfma,0,0,8736432,245,244,11422669402608105345,15040,23f703aa3bc9,2026-08-28T16:57:50Z,500,499,1,,,,,,,,,,,,,,,,,
campaign_d_binary,binary_n500_independent-signed_seed9.pcf,dfma,1,0,8626078,245,244,11422669402608105345,15040,23f703aa3bc9,2026-08-28T16:57:50Z,500,499,1,,,,,,,,,,,,,,,,,
campaign_d_binary,binary_n500_independent-signed_seed9.pcf,dfma,2,0,8562900,245,244,11422669402608105345,15040,23f703aa3bc9,2026-08-28T16:57:50Z,500,499,1,,,,,,,,,,,,,,,,,
campaign_d_binary,binary_n500_near-ties_seed0.pcf,dfma,0,0,6495592,161,160,12983514892426935880,15040,23f703aa3bc9,2026-08-28T16:57:50Z,500,499,1,,,,,,,,,,,,,,,,,
campaign_d_binary,binary_n500_near-ties_seed0.pcf,dfma,1,0,6326016,161,160,12983514892426935880,15040,23f703aa3bc9,2026-08-28T16:57:50Z,500,499,1,,,,,,,,,,,,,,,,,
campaign_d_binary,binary_n500_near-ties_seed0.pcf,dfma,2,0,6292680,161,160,12983514892426935880,15040,23f703aa3bc9,2026-08-28T16:57:50Z,500,499,1,,,,,,,,,,,,,,,,,
campaign_d_binary,binary_n500_near-ties_seed1.pcf,dfma,0,0,6819589,148,147,14955870511301307901,15040,23f703aa3bc9,2026-08-28T16:57:50Z,500,499,1,,,,,,,,,,,,,,,,,
campaign_d_binary,binary_n500_near-ties_seed1.pcf,dfma,1,0,6703203,148,147,14955870511301307901,15040,23f703aa3bc9,2026-08-28T16:57:50Z,500,499,1,,,,,,,,,,,,,,,,,
campaign_d_binary,binary_n500_near-ties_seed1.pcf,dfma,2,0,6617162,148,147,14955870511301307901,15040,23f703aa3bc9,2026-08-28T16:57:50Z,500,499,1,,,,,,,,,,,,,,,,,
campaign_d_binary,binary_n500_near-ties_seed2.pcf,dfma,0,0,6752459,157,156,16632863765809720507,15040,23f703aa3bc9,2026-08-28T16:57:50Z,500,499,1,,,,,,,,,,,,,,,,,
campaign_d_binary,binary_n500_near-ties_seed2.pcf,dfma,1,0,6672449,157,156,16632863765809720507,15040,23f703aa3bc9,2026-08-28T16:57:50Z,500,499,1,,,,,,,,,,,,,,,,,
campaign_d_binary,binary_n500_near-ties_seed2.pcf,dfma,2,0,6566054,157,156,16632863765809720507,15040,23f703aa3bc9,2026-08-28T16:57:50Z,500,499,1,,,,,,,,,,,,,,,,,
campaign_d_binary,binary_n500_near-ties_seed3.pcf,dfma,0,0,6784252,161,160,14616823418503749907,15040,23f703aa3bc9,2026-08-28T16:57:50Z,500,499,1,,,,,,,,,,,,,,,,,
campaign_d_binary,binary_n500_near-ties_seed3.pcf,dfma,1,0,6655860,161,160,14616823418503749907,15040,23f703aa3bc9,2026-08-28T16:57:50Z,500,499,1,,,,,,,,,,,,,,,,,
campaign_d_binary,binary_n500_near-ties_seed3.pcf,dfma,2,0,6676669,161,160,14616823418503749907,15040,23f703aa3bc9,2026-08-28T16:57:50Z,500,499,1,,,,,,,,,,,,,,,,,
campaign_d_binary,binary_n500_near-ties_seed4.pcf,dfma,0,0,6255404,149,148,89928215179908506,15040,23f703aa3bc9,2026-08-28T16:57:50Z,500,499,1,,,,,,,,,,,,,,,,,
campaign_d_binary,binary_n500_near-ties_seed4.pcf,dfma,1,0,6171923,149,148,89928215179908506,15040,23f703aa3bc9,2026-08-28T16:57:50Z,500,499,1,,,,,,,,,,,,,,,,,
campaign_d_binary,binary_n500_near-ties_seed4.pcf,dfma,2,0,6065825,149,148,89928215179908506,15040,23f703aa3bc9,2026-08-28T16:57:50Z,500,499,1,,,,,,,,,,,,,,,,,
campaign_d_binary,binary_n500_near-ties_seed5.pcf,dfma,0,0,6369128,154,153,1374471175441316162,15040,23f703aa3bc9,2026-08-28T16:57:50Z,500,499,1,,,,,,,,,,,,,,,,,
campaign_d_binary,binary_n500_near-ties_seed5.pcf,dfma,1,0,6206699,154,153,1374471175441316162,15040,23f703aa3bc9,2026-08-28T16:57:50Z,500,499,1,,,,,,,,,,,,,,,,,
campaign_d_binary,binary_n500_near-ties_seed5.pcf,dfma,2,0,6133439,154,153,1374471175441316162,15040,23f703aa3bc9,2026-08-28T16:57:50Z,500,499,1,,,,,,,,,,,,,,,,,
campaign_d_binary,binary_n500_near-ties_seed6.pcf,dfma,0,0,6696508,150,149,9859087218643688731,15040,23f703aa3bc9,2026-08-28T16:57:50Z,500,499,1,,,,,,,,,,,,,,,,,
campaign_d_binary,binary_n500_near-ties_seed6.pcf,dfma,1,0,6604596,150,149,9859087218643688731,15040,23f703aa3bc9,2026-08-28T16:57:50Z,500,499,1,,,,,,,,,,,,,,,,,
campaign_d_binary,binary_n500_near-ties_seed6.pcf,dfma,2,0,6488030,150,149,9859087218643688731,15040,23f703aa3bc9,2026-08-28T16:57:50Z,500,499,1,,,,,,,,,,,,,,,,,
campaign_d_binary,binary_n500_near-ties_seed7.pcf,dfma,0,0,6432129,149,148,12318288124440962107,15200,23f703aa3bc9,2026-08-28T16:57:50Z,500,499,1,,,,,,,,,,,,,,,,,
campaign_d_binary,binary_n500_near-ties_seed7.pcf,dfma,1,0,6256519,149,148,12318288124440962107,15200,23f703aa3bc9,2026-08-28T16:57:50Z,500,499,1,,,,,,,,,,,,,,,,,
campaign_d_binary,binary_n500_near-ties_seed7.pcf,dfma,2,0,6245643,149,148,12318288124440962107,15200,23f703aa3bc9,2026-08-28T16:57:50Z,500,499,1,,,,,,,,,,,,,,,,,
campaign_d_binary,binary_n500_near-ties_seed8.pcf,dfma,0,0,6668039,147,146,3191102588519926712,15200,23f703aa3bc9,2026-08-28T16:57:50Z,500,499,1,,,,,,,,,,,,,,,,,
campaign_d_binary,binary_n500_near-ties_seed8.pcf,dfma,1,0,6537785,147,146,3191102588519926712,15200,23f703aa3bc9,2026-08-28T16:57:50Z,500,499,1,,,,,,,,,,,,,,,,,
campaign_d_binary,binary_n500_near-ties_seed8.pcf,dfma,2,0,6463763,147,146,3191102588519926712,15200,23f703aa3bc9,2026-08-28T16:57:50Z,500,499,1,,,,,,,,,,,,,,,,,
campaign_d_binary,binary_n500_near-ties_seed9.pcf,dfma,0,0,6338103,153,152,1452461698006668491,15200,23f703aa3bc9,2026-08-28T16:57:50Z,500,499,1,,,,,,,,,,,,,,,,,
campaign_d_binary,binary_n500_near-ties_seed9.pcf,dfma,1,0,6125852,153,152,1452461698006668491,15200,23f703aa3bc9,2026-08-28T16:57:50Z,500,499,1,,,,,,,,,,,,,,,,,
campaign_d_binary,binary_n500_near-ties_seed9.pcf,dfma,2,0,6136743,153,152,1452461698006668491,15200,23f703aa3bc9,2026-08-28T16:57:50Z,500,499,1,,,,,,,,,,,,,,,,,
