campaign_id,instance,algorithm,repetition,order,elapsed_ns,n_layers,n_breakpoints,sequence_hash,peak_rss_kib,git_commit,timestamp_utc,n_nodes,n_arcs,n_components,rac_clusters,rac_joins,rac_internalizations,rac_envelope_sum_calls,rac_envelope_max_calls,rac_hull_calls,rac_lines_scanned,rac_line_comparisons,rac_rational_comparisons,rac_pieces_stored,rac_topdown_events,rac_topdown_scans,rac_expanded_vertices,rac_expanded_edges,rac_rounds,rac_max_cluster_depth,rac_estimated_bytes
campaign_d_binary,binary_n1000_anti-correlated_seed0.pcf,pac,0,0,3079056,493,492,998361602626893447,12640,bd9d01a0c917,2026-08-31T09:03:23Z,1000,999,1,,,,,,,,,,,,,,,,,
campaign_d_binary,binary_n1000_anti-correlated_seed0.pcf,pac,1,0,2680323,493,492,998361602626893447,12640,bd9d01a0c917,2026-08-31T09:03:23Z,1000,999,1,,,,,,,,,,,,,,,,,
campaign_d_binary,binary_n1000_anti-correlated_seed0.pcf,pac,2,0,2694200,493,492,998361602626893447,12640,bd9d01a0c917,2026-08-31T09:03:23Z,1000,999,1,,,,,,,,,,,,,,,,,
campaign_d_binary,binary_n1000_anti-correlated_seed1.pcf,pac,0,0,2689038,507,506,13275381362886686907,12640,bd9d01a0c917,2026-08-31T09:03:23Z,1000,999,1,,,,,,,,,,,,,,,,,
campaign_d_binary,binary_n1000_anti-correlated_seed1.pcf,pac,1,0,2613563,507,506,13275381362886686907,12640,bd9d01a0c917,2026-08-31T09:03:23Z,1000,999,1,,,,,,,,,,,,,,,,,
campaign_d_binary,binary_n1000_anti-correlated_seed1.pcf,pac,2,0,2602388,507,506,13275381362886686907,12640,bd9d01a0c917,2026-08-31T09:03:23Z,1000,999,1,,,,,,,,,,,,,,,,,
campaign_d_binary,binary_n1000_anti-correlated_seed2.pcf,pac,0,0,2631469,509,508,3295823888343287083,12640,bd9d01a0c917,2026-08-31T09:03:23Z,1000,999,1,,,,,,,,,,,,,,,,,
campaign_d_binary,binary_n1000_anti-correlated_seed2.pcf,pac,1,0,2540023,509,508,3295823888343287083,12640,bd9d01a0c917,2026-08-31T09:03:23Z,1000,999,1,,,,,,,,,,,,,,,,,
campaign_d_binary,binary_n1000_anti-correlated_seed2.pcf,pac,2,0,2507015,509,508,3295823888343287083,12640,bd9d01a0c917,2026-08-31T09:03:23Z,1000,999,1,,,,,,,,,,,,,,,,,
campaign_d_binary,binary_n1000_anti-correlated_seed3.pcf,pac,0,0,2555492,472,471,6688276399887907186,12640,bd9d01a0c917,2026-08-31T09:03:23Z,1000,999,1,,,,,,,,,,,,,,,,,
campaign_d_binary,binary_n1000_anti-correlated_seed3.pcf,pac,1,0,2486554,472,471,6688276399887907186,12640,bd9d01a0c917,2026-08-31T09:03:23Z,1000,999,1,,,,,,,,,,,,,,,,,
campaign_d_binary,binary_n1000_anti-correlated_seed3.pcf,pac,2,0,2493312,472,471,6688276399887907186,12640,bd9d01a0c917,2026-08-31T09:03:23Z,1000,999,1,,,,,,,,,,,,,,,,,
campaign_d_binary,binary_n1000_anti-correlated_seed4.pcf,pac,0,0,2529412,511,510,7089691983439649914,12640,bd9d01a0c917,2026-08-31T09:03:23Z,1000,999,1,,,,,,,,,,,,,,,,,
campaign_d_binary,binary_n1000_anti-correlated_seed4.pcf,pac,1,0,2529006,511,510,7089691983439649914,12640,bd9d01a0c917,2026-08-31T09:03:23Z,1000,999,1,,,,,,,,,,,,,,,,,
campaign_d_binary,binary_n1000_anti-correlated_seed4.pcf,pac,2,0,2526612,511,510,7089691983439649914,12640,bd9d01a0c917,2026-08-31T09:03:23Z,1000,999,1,,,,,,,,,,,,,,,,,
campaign_d_binary,binary_n1000_anti-correlated_seed5.pcf,pac,0,0,2579603,509,508,677786263835367955,12640,bd9d01a0c917,2026-08-31T09:03:23Z,1000,999,1,,,,,,,,,,,,,,,,,
campaign_d_binary,binary_n1000_anti-correlated_seed5.pcf,pac,1,0,2529601,509,508,677786263835367955,12640,bd9d01a0c917,2026-08-31T09:03:23Z,1000,999,1,,,,,,,,,,,,,,,,,
campaign_d_binary,binary_n1000_anti-correlated_seed5.pcf,pac,2,0,2511749,509,508,677786263835367955,12640,bd9d01a0c917,2026-08-31T09:03:23Z,1000,999,1,,,,,,,,,,,,,,,,,
campaign_d_binary,binary_n1000_anti-correlated_seed6.pcf,pac,0,0,2590705,493,492,9289075040673361134,12640,bd9d01a0c917,2026-08-31T09:03:23Z,1000,999,1,,,,,,,,,,,,,,,,,
campaign_d_binary,binary_n1000_anti-correlated_seed6.pcf,pac,1,0,2523525,493,492,9289075040673361134,12640,bd9d01a0c917,2026-08-31T09:03:23Z,1000,999,1,,,,,,,,,,,,,,,,,
campaign_d_binary,binary_n1000_anti-correlated_seed6.pcf,pac,2,0,2531854,493,492,9289075040673361134,12640,bd9d01a0c917,2026-08-31T09:03:23Z,1000,999,1,,,,,,,,,,,,,,,,,
campaign_d_binary,binary_n1000_anti-correlated_seed7.pcf,pac,0,0,2562780,497,496,2603243055252734140,12640,bd9d01a0c917,2026-08-31T09:03:23Z,1000,999,1,,,,,,,,,,,,,,,,,
campaign_d_binary,binary_n1000_anti-correlated_seed7.pcf,pac,1,0,2507479,497,496,2603243055252734140,12640,bd9d01a0c917,2026-08-31T09:03:23Z,1000,999,1,,,,,,,,,,,,,,,,,
campaign_d_binary,binary_n1000_anti-correlated_seed7.pcf,pac,2,0,2500151,497,496,2603243055252734140,12640,bd9d01a0c917,2026-08-31T09:03:23Z,1000,999,1,,,,,,,,,,,,,,,,,
campaign_d_binary,binary_n1000_anti-correlated_seed8.pcf,pac,0,0,2576874,507,506,269128200557660933,12640,bd9d01a0c917,2026-08-31T09:03:23Z,1000,999,1,,,,,,,,,,,,,,,,,
campaign_d_binary,binary_n1000_anti-correlated_seed8.pcf,pac,1,0,2517321,507,506,269128200557660933,12640,bd9d01a0c917,2026-08-31T09:03:23Z,1000,999,1,,,,,,,,,,,,,,,,,
campaign_d_binary,binary_n1000_anti-correlated_seed8.pcf,pac,2,0,2502881,507,506,269128200557660933,12640,bd9d01a0c917,2026-08-31T09:03:23Z,1000,999,1,,,,,,,,,,,,,,,,,
campaign_d_binary,binary_n1000_anti-correlated_seed9.pcf,pac,0,0,2580194,504,503,9124693926122167196,12640,bd9d01a0c917,2026-08-31T09:03:23Z,1000,999,1,,,,,,,,,,,,,,,,,
campaign_d_binary,binary_n1000_anti-correlated_seed9.pcf,pac,1,0,2535116,504,503,9124693926122167196,12640,bd9d01a0c917,2026-08-31T09:03:23Z,1000,999,1,,,,,,,,,,,,,,,,,
campaign_d_binary,binary_n1000_anti-correlated_seed9.pcf,pac,2,0,2534758,504,503,9124693926122167196,12640,bd9d01a0c917,2026-08-31T09:03:23Z,1000,999,1,,,,,,,,,,,,,,,,,
campaign_d_binary,binary_n1000_correlated_seed0.pcf,pac,0,0,2549223,480,479,11786187215707335266,12640,bd9d01a0c917,2026-08-31T09:03:23Z,1000,999,1,,,,,,,,,,,,,,,,,
campaign_d_binary,binary_n1000_correlated_seed0.pcf,pac,1,0,2524627,480,479,11786187215707335266,12640,bd9d01a0c917,2026-08-31T09:03:23Z,1000,999,1,,,,,,,,,,,,,,,,,
campaign_d_binary,binary_n1000_correlated_seed0.pcf,pac,2,0,2483592,480,479,11786187215707335266,12640,bd9d01a0c917,2026-08-31T09:03:23Z,1000,999,1,,,,,,,,,,,,,,,,,
campaign_d_binary,binary_n1000_correlated_seed1.pcf,pac,0,0,2581697,502,501,11197234300849659213,12640,bd9d01a0c917,2026-08-31T09:03:23Z,1000,999,1,,,,,,,,,,,,,,,,,
campaign_d_binary,binary_n1000_correlated_seed1.pcf,pac,1,0,2517837,502,501,11197234300849659213,12640,bd9d01a0c917,2026-08-31T09:03:23Z,1000,999,1,,,,,,,,,,,,,,,,,
campaign_d_binary,binary_n1000_correlated_seed1.pcf,pac,2,0,2498423,502,501,11197234300849659213,12640,bd9d01a0c917,2026-08-31T09:03:23Z,1000,999,1,,,,,,,,,,,,,,,,,
campaign_d_binary,binary_n1000_correlated_seed2.pcf,pac,0,0,2558202,502,501,3692035159051226825,12640,bd9d01a0c917,2026-08-31T09:03:23Z,1000,999,1,,,,,,,,,,,,,,,,,
campaign_d_binary,binary_n1000_correlated_seed2.pcf,pac,1,0,2492133,502,501,3692035159051226825,12640,bd9d01a0c917,2026-08-31T09:03:24Z,1000,999,1,,,,,,,,,,,,,,,,,
campaign_d_binary,binary_n1000_correlated_seed2.pcf,pac,2,0,2488152,502,501,3692035159051226825,12640,bd9d01a0c917,2026-08-31T09:03:24Z,1000,999,1,,,,,,,,,,,,,,,,,
campaign_d_binary,binary_n1000_correlated_seed3.pcf,pac,0,0,2563281,485,484,12780414105504871629,12800,bd9d01a0c917,2026-08-31T09:03:24Z,1000,999,1,,,,,,,,,,,,,,,,,
campaign_d_binary,binary_n1000_correlated_seed3.pcf,pac,1,0,2495291,485,484,12780414105504871629,12800,bd9d01a0c917,2026-08-31T09:03:24Z,1000,999,1,,,,,,,,,,,,,,,,,
campaign_d_binary,binary_n1000_correlated_seed3.pcf,pac,2,0,2505135,485,484,12780414105504871629,12800,bd9d01a0c917,2026-08-31T09:03:24Z,1000,999,1,,,,,,,,,,,,,,,,,
campaign_d_binary,binary_n1000_correlated_seed4.pcf,pac,0,0,2554300,513,512,1006796316205613283,12800,bd9d01a0c917,2026-08-31T09:03:24Z,1000,999,1,,,,,,,,,,,,,,,,,
campaign_d_binary,binary_n1000_correlated_seed4.pcf,pac,1,0,2505217,513,512,1006796316205613283,12800,bd9d01a0c917,2026-08-31T09:03:24Z,1000,999,1,,,,,,,,,,,,,,,,,
campaign_d_binary,binary_n1000_correlated_seed4.pcf,pac,2,0,2493204,513,512,1006796316205613283,12800,bd9d01a0c917,2026-08-31T09:03:24Z,1000,999,1,,,,,,,,,,,,,,,,,
campaign_d_binary,binary_n1000_correlated_seed5.pcf,pac,0,0,2550868,483,482,5262473141981305927,12800,bd9d01a0c917,2026-08-31T09:03:24Z,1000,999,1,,,,,,,,,,,,,,,,,
campaign_d_binary,binary_n1000_correlated_seed5.pcf,pac,1,0,2501213,483,482,5262473141981305927,12800,bd9d01a0c917,2026-08-31T09:03:24Z,1000,999,1,,,,,,,,,,,,,,,,,
campaign_d_binary,binary_n1000_correlated_seed5.pcf,pac,2,0,2518935,483,482,5262473141981305927,12800,bd9d01a0c917,2026-08-31T09:03:24Z,1000,999,1,,,,,,,,,,,,,,,,,
campaign_d_binary,binary_n1000_correlated_seed6.pcf,pac,0,0,2516739,498,497,4057629674240424378,12800,bd9d01a0c917,2026-08-31T09:03:24Z,1000,999,1,,,,,,,,,,,,,,,,,
campaign_d_binary,binary_n1000_correlated_seed6.pcf,pac,1,0,2494775,498,497,4057629674240424378,12800,bd9d01a0c917,2026-08-31T09:03:24Z,1000,999,1,,,,,,,,,,,,,,,,,
campaign_d_binary,binary_n1000_correlated_seed6.pcf,pac,2,0,2508460,498,497,4057629674240424378,12800,bd9d01a0c917,2026-08-31T09:03:24Z,1000,999,1,,,,,,,,,,,,,,,,,
campaign_d_binary,binary_n1000_correlated_seed7.pcf,pac,0,0,2571839,507,506,8985424455216790318,12800,bd9d01a0c917,2026-08-31T09:03:24Z,1000,999,1,,,,,,,,,,,,,,,,,
campaign_d_binary,binary_n1000_correlated_seed7.pcf,pac,1,0,2529697,507,506,8985424455216790318,12800,bd9d01a0c917,2026-08-31T09:03:24Z,1000,999,1,,,,,,,,,,,,,,,,,
campaign_d_binary,binary_n1000_correlated_seed7.pcf,pac,2,0,2511596,507,506,8985424455216790318,12800,bd9d01a0c917,2026-08-31T09:03:24Z,1000,999,1,,,,,,,,,,,,,,,,,
campaign_d_binary,binary_n1000_correlated_seed8.pcf,pac,0,0,2631059,470,469,346286929198334726,12800,bd9d01a0c917,2026-08-31T09:03:24Z,1000,999,1,,,,,,,,,,,,,,,,,
campaign_d_binary,binary_n1000_correlated_seed8.pcf,pac,1,0,2502330,470,469,346286929198334726,12800,bd9d01a0c917,2026-08-31T09:03:24Z,1000,999,1,,,,,,,,,,,,,,,,,
campaign_d_binary,binary_n1000_correlated_seed8.pcf,pac,2,0,2498414,470,469,346286929198334726,12800,bd9d01a0c917,2026-08-31T09:03:24Z,1000,999,1,,,,,,,,,,,,,,,,,
campaign_d_binary,binary_n1000_correlated_seed9.pcf,pac,0,0,2520004,493,492,1422723493752200066,12800,bd9d01a0c917,2026-08-31T09:03:24Z,1000,999,1,,,,,,,,,,,,,,,,,
campaign_d_binary,binary_n1000_correlated_seed9.pcf,pac,1,0,2484148,493,492,1422723493752200066,12800,bd9d01a0c917,2026-08-31T09:03:24Z,1000,999,1,,,,,,,,,,,,,,,,,
campaign_d_binary,binary_n1000_correlated_seed9.pcf,pac,2,0,2478492,493,492,1422723493752200066,12800,bd9d01a0c917,2026-08-31T09:03:24Z,1000,999,1,,,,,,,,,,,,,,,,,
campaign_d_binary,binary_n1000_exact-ties_seed0.pcf,pac,0,0,1942357,214,213,5738187943368057161,12800,bd9d01a0c917,2026-08-31T09:03:24Z,1000,999,1,,,,,,,,,,,,,,,,,
campaign_d_binary,binary_n1000_exact-ties_seed0.pcf,pac,1,0,1958782,214,213,5738187943368057161,12800,bd9d01a0c917,2026-08-31T09:03:24Z,1000,999,1,,,,,,,,,,,,,,,,,
campaign_d_binary,binary_n1000_exact-ties_seed0.pcf,pac,2,0,1927900,214,213,5738187943368057161,12800,bd9d01a0c917,2026-08-31T09:03:24Z,1000,999,1,,,,,,,,,,,,,,,,,
campaign_d_binary,binary_n1000_exact-ties_seed1.pcf,pac,0,0,2039318,220,219,13117793851740606950,12800,bd9d01a0c917,2026-08-31T09:03:24Z,1000,999,1,,,,,,,,,,,,,,,,,
campaign_d_binary,binary_n1000_exact-ties_seed1.pcf,pac,1,0,1975009,220,219,13117793851740606950,12800,bd9d01a0c917,2026-08-31T09:03:24Z,1000,999,1,,,,,,,,,,,,,,,,,
campaign_d_binary,binary_n1000_exact-ties_seed1.pcf,pac,2,0,1969386,220,219,13117793851740606950,12800,bd9d01a0c917,2026-08-31T09:03:24Z,1000,999,1,,,,,,,,,,,,,,,,,
campaign_d_binary,binary_n1000_exact-ties_seed2.pcf,pac,0,0,2019556,216,215,3009741023668644037,12800,bd9d01a0c917,2026-08-31T09:03:24Z,1000,999,1,,,,,,,,,,,,,,,,,
campaign_d_binary,binary_n1000_exact-ties_seed2.pcf,pac,1,0,1937791,216,215,3009741023668644037,12800,bd9d01a0c917,2026-08-31T09:03:24Z,1000,999,1,,,,,,,,,,,,,,,,,
campaign_d_binary,binary_n1000_exact-ties_seed2.pcf,pac,2,0,1945606,216,215,3009741023668644037,12800,bd9d01a0c917,2026-08-31T09:03:24Z,1000,999,1,,,,,,,,,,,,,,,,,
campaign_d_binary,binary_n1000_exact-ties_seed3.pcf,pac,0,0,1972014,230,229,15993191443648215918,12800,bd9d01a0c917,2026-08-31T09:03:24Z,1000,999,1,,,,,,,,,,,,,,,,,
campaign_d_binary,binary_n1000_exact-ties_seed3.pcf,pac,1,0,1947555,230,229,15993191443648215918,12800,bd9d01a0c917,2026-08-31T09:03:24Z,1000,999,1,,,,,,,,,,,,,,,,,
campaign_d_binary,binary_n1000_exact-ties_seed3.pcf,pac,2,0,1919634,230,229,15993191443648215918,12800,bd9d01a0c917,2026-08-31T09:03:24Z,1000,999,1,,,,,,,,,,,,,,,,,
campaign_d_binary,binary_n1000_exact-ties_seed4.pcf,pac,0,0,1956179,222,221,18304649152723783542,12800,bd9d01a0c917,2026-08-31T09:03:24Z,1000,999,1,,,,,,,,,,,,,,,,,
campaign_d_binary,binary_n1000_exact-ties_seed4.pcf,pac,1,0,1950744,222,221,18304649152723783542,12800,bd9d01a0c917,2026-08-31T09:03:24Z,1000,999,1,,,,,,,,,,,,,,,,,
campaign_d_binary,binary_n1000_exact-ties_seed4.pcf,pac,2,0,1967234,222,221,18304649152723783542,12800,bd9d01a0c917,2026-08-31T09:03:24Z,1000,999,1,,,,,,,,,,,,,,,,,
campaign_d_binary,binary_n1000_exact-ties_seed5.pcf,pac,0,0,2029649,244,243,14586796296108741869,12800,bd9d01a0c917,2026-08-31T09:03:24Z,1000,999,1,,,,,,,,,,,,,,,,,
campaign_d_binary,binary_n1000_exact-ties_seed5.pcf,pac,1,0,2029557,244,243,14586796296108741869,12800,bd9d01a0c917,2026-08-31T09:03:24Z,1000,999,1,,,,,,,,,,,,,,,,,
campaign_d_binary,binary_n1000_exact-ties_seed5.pcf,pac,2,0,2001071,244,243,14586796296108741869,12800,bd9d01a0c917,2026-08-31T09:03:24Z,1000,999,1,,,,,,,,,,,,,,,,,
campaign_d_binary,binary_n1000_exact-ties_seed6.pcf,pac,0,0,1993625,217,216,7645077392552453322,12800,bd9d01a0c917,2026-08-31T09:03:24Z,1000,999,1,,,,,,,,,,,,,,,,,
campaign_d_binary,binary_n1000_exact-ties_seed6.pcf,pac,1,0,1951965,217,216,7645077392552453322,12800,bd9d01a0c917,2026-08-31T09:03:24Z,1000,999,1,,,,,,,,,,,,,,,,,
campaign_d_binary,binary_n1000_exact-ties_seed6.pcf,pac,2,0,1991635,217,216,7645077392552453322,12800,bd9d01a0c917,2026-08-31T09:03:24Z,1000,999,1,,,,,,,,,,,,,,,,,
campaign_d_binary,binary_n1000_exact-ties_seed7.pcf,pac,0,0,2049733,213,212,1812983417294710458,12800,bd9d01a0c917,2026-08-31T09:03:24Z,1000,999,1,,,,,,,,,,,,,,,,,
campaign_d_binary,binary_n1000_exact-ties_seed7.pcf,pac,1,0,1952840,213,212,1812983417294710458,12800,bd9d01a0c917,2026-08-31T09:03:24Z,1000,999,1,,,,,,,,,,,,,,,,,
campaign_d_binary,binary_n1000_exact-ties_seed7.pcf,pac,2,0,1980896,213,212,1812983417294710458,12800,bd9d01a0c917,2026-08-31T09:03:24Z,1000,999,1,,,,,,,,,,,,,,,,,
campaign_d_binary,binary_n1000_exact-ties_seed8.pcf,pac,0,0,1972424,215,214,10789172421225501777,12800,bd9d01a0c917,2026-08-31T09:03:24Z,1000,999,1,,,,,,,,,,,,,,,,,
campaign_d_binary,binary_n1000_exact-ties_seed8.pcf,pac,1,0,1972126,215,214,10789172421225501777,12800,bd9d01a0c917,2026-08-31T09:03:24Z,1000,999,1,,,,,,,,,,,,,,,,,
campaign_d_binary,binary_n1000_exact-ties_seed8.pcf,pac,2,0,2005686,215,214,10789172421225501777,12800,bd9d01a0c917,2026-08-31T09:03:24Z,1000,999,1,,,,,,,,,,,,,,,,,
campaign_d_binary,binary_n1000_exact-ties_seed9.pcf,pac,0,0,2030152,220,219,16774112193837309265,12800,bd9d01a0c917,2026-08-31T09:03:24Z,1000,999,1,,,,,,,,,,,,,,,,,
campaign_d_binary,binary_n1000_exact-ties_seed9.pcf,pac,1,0,2021087,220,219,16774112193837309265,12800,bd9d01a0c917,2026-08-31T09:03:24Z,1000,999,1,,,,,,,,,,,,,,,,,
campaign_d_binary,binary_n1000_exact-ties_seed9.pcf,pac,2,0,1985666,220,219,16774112193837309265,12800,bd9d01a0c917,2026-08-31T09:03:24Z,1000,999,1,,,,,,,,,,,,,,,,,
campaign_d_binary,binary_n1000_independent-positive_seed0.pcf,pac,0,0,2552015,494,493,15184792802037204919,12800,bd9d01a0c917,2026-08-31T09:03:24Z,1000,999,1,,,,,,,,,,,,,,,,,
campaign_d_binary,binary_n1000_independent-positive_seed0.pcf,pac,1,0,2472479,494,493,15184792802037204919,12800,bd9d01a0c917,2026-08-31T09:03:24Z,1000,999,1,,,,,,,,,,,,,,,,,
campaign_d_binary,binary_n1000_independent-positive_seed0.pcf,pac,2,0,2513599,494,493,15184792802037204919,12800,bd9d01a0c917,2026-08-31T09:03:24Z,1000,999,1,,,,,,,,,,,,,,,,,
campaign_d_binary,binary_n1000_independent-positive_seed1.pcf,pac,0,0,2592282,492,491,15222346424984104789,12800,bd9d01a0c917,2026-08-31T09:03:24Z,1000,999,1,,,,,,,,,,,,,,,,,
campaign_d_binary,binary_n1000_independent-positive_seed1.pcf,pac,1,0,2499034,492,491,15222346424984104789,12800,bd9d01a0c917,2026-08-31T09:03:24Z,1000,999,1,,,,,,,,,,,,,,,,,
campaign_d_binary,binary_n1000_independent-positive_seed1.pcf,pac,2,0,2513909,492,491,15222346424984104789,12800,bd9d01a0c917,2026-08-31T09:03:24Z,1000,999,1,,,,,,,,,,,,,,,,,
campaign_d_binary,binary_n1000_independent-positive_seed2.pcf,pac,0,0,2564946,506,505,441205246488688985,12960,bd9d01a0c917,2026-08-31T09:03:24Z,1000,999,1,,,,,,,,,,,,,,,,,
campaign_d_binary,binary_n1000_independent-positive_seed2.pcf,pac,1,0,2489993,506,505,441205246488688985,12960,bd9d01a0c917,2026-08-31T09:03:24Z,1000,999,1,,,,,,,,,,,,,,,,,
campaign_d_binary,binary_n1000_independent-positive_seed2.pcf,pac,2,0,2500893,506,505,441205246488688985,12960,bd9d01a0c917,2026-08-31T09:03:24Z,1000,999,1,,,,,,,,,,,,,,,,,
campaign_d_binary,binary_n1000_independent-positive_seed3.pcf,pac,0,0,2558065,500,499,17062610731890335277,12960,bd9d01a0c917,2026-08-31T09:03:24Z,1000,999,1,,,,,,,,,,,,,,,,,
campaign_d_binary,binary_n1000_independent-positive_seed3.pcf,pac,1,0,2510309,500,499,17062610731890335277,12960,bd9d01a0c917,2026-08-31T09:03:24Z,1000,999,1,,,,,,,,,,,,,,,,,
campaign_d_binary,binary_n1000_independent-positive_seed3.pcf,pac,2,0,2507108,500,499,17062610731890335277,12960,bd9d01a0c917,2026-08-31T09:03:24Z,1000,999,1,,,,,,,,,,,,,,,,,
campaign_d_binary,binary_n1000_independent-positive_seed4.pcf,pac,0,0,2620674,513,512,1023229337319885657,12960,bd9d01a0c917,2026-08-31T09:03:24Z,1000,999,1,,,,,,,,,,,,,,,,,
campaign_d_binary,binary_n1000_independent-positive_seed4.pcf,pac,1,0,2528060,513,512,1023229337319885657,12960,bd9d01a0c917,2026-08-31T09:03:24Z,1000,999,1,,,,,,,,,,,,,,,,,
campaign_d_binary,binary_n1000_independent-positive_seed4.pcf,pac,2,0,2515444,513,512,1023229337319885657,12960,bd9d01a0c917,2026-08-31T09:03:24Z,1000,999,1,,,,,,,,,,,,,,,,,
campaign_d_binary,binary_n1000_independent-positive_seed5.pcf,pac,0,0,2586323,528,527,4181085718972567183,12960,bd9d01a0c917,2026-08-31T09:03:24Z,1000,999,1,,,,,,,,,,,,,,,,,
campaign_d_binary,binary_n1000_independent-positive_seed5.pcf,pac,1,0,2523062,528,527,4181085718972567183,12960,bd9d01a0c917,2026-08-31T09:03:24Z,1000,999,1,,,,,,,,,,,,,,,,,
campaign_d_binary,binary_n1000_independent-positive_seed5.pcf,pac,2,0,2535774,528,527,4181085718972567183,12960,bd9d01a0c917,2026-08-31T09:03:24Z,1000,999,1,,,,,,,,,,,,,,,,,
campaign_d_binary,binary_n1000_independent-positive_seed6.pcf,pac,0,0,2570817,490,489,11412504836370503844,12960,bd9d01a0c917,2026-08-31T09:03:24Z,1000,999,1,,,,,,,,,,,,,,,,,
campaign_d_binary,binary_n1000_independent-positive_seed6.pcf,pac,1,0,2498254,490,489,11412504836370503844,12960,bd9d01a0c917,2026-08-31T09:03:24Z,1000,999,1,,,,,,,,,,,,,,,,,
campaign_d_binary,binary_n1000_independent-positive_seed6.pcf,pac,2,0,2495353,490,489,11412504836370503844,12960,bd9d01a0c917,2026-08-31T09:03:24Z,1000,999,1,,,,,,,,,,,,,,,,,
campaign_d_binary,binary_n1000_independent-positive_seed7.pcf,pac,0,0,2593926,495,494,15788490917190556288,12960,bd9d01a0c917,2026-08-31T09:03:24Z,1000,999,1,,,,,,,,,,,,,,,,,
campaign_d_binary,binary_n1000_independent-positive_seed7.pcf,pac,1,0,2521876,495,494,15788490917190556288,12960,bd9d01a0c917,2026-08-31T09:03:24Z,1000,999,1,,,,,,,,,,,,,,,,,
campaign_d_binary,binary_n1000_independent-positive_seed7.pcf,pac,2,0,2529346,495,494,15788490917190556288,12960,bd9d01a0c917,2026-08-31T09:03:24Z,1000,999,1,,,,,,,,,,,,,,,,,
campaign_d_binary,binary_n1000_independent-positive_seed8.pcf,pac,0,0,2591181,487,486,8917775348968737360,12960,bd9d01a0c917,2026-08-31T09:03:24Z,1000,999,1,,,,,,,,,,,,,,,,,
campaign_d_binary,binary_n1000_independent-positive_seed8.pcf,pac,1,0,2524714,487,486,8917775348968737360,12960,bd9d01a0c917,2026-08-31T09:03:24Z,1000,999,1,,,,,,,,,,,,,,,,,
campaign_d_binary,binary_n1000_independent-positive_seed8.pcf,pac,2,0,2528728,487,486,8917775348968737360,12960,bd9d01a0c917,2026-08-31T09:03:24Z,1000,999,1,,,,,,,,,,,,,,,,,
campaign_d_binary,binary_n1000_independent-positive_seed9.pcf,pac,0,0,2619072,509,508,5837446145947476131,12960,bd9d01a0c917,2026-08-31T09:03:24Z,1000,999,1,,,,,,,,,,,,,,,,,
campaign_d_binary,binary_n1000_independent-positive_seed9.pcf,pac,1,0,2552830,509,508,5837446145947476131,12960,bd9d01a0c917,2026-08-31T09:03:24Z,1000,999,1,,,,,,,,,,,,,,,,,
campaign_d_binary,binary_n1000_independent-positive_seed9.pcf,pac,2,0,2592339,509,508,5837446145947476131,12960,bd9d01a0c917,2026-08-31T09:03:24Z,1000,999,1,,,,,,,,,,,,,,,,,
campaign_d_binary,binary_n1000_independent-signed_seed0.pcf,pac,0,0,2604917,490,489,16713735513169492602,12960,bd9d01a0c917,2026-08-31T09:03:24Z,1000,999,1,,,,,,,,,,,,,,,,,
campaign_d_binary,binary_n1000_independent-signed_seed0.pcf,pac,1,0,2499606,490,489,16713735513169492602,12960,bd9d01a0c917,2026-08-31T09:03:24Z,1000,999,1,,,,,,,,,,,,,,,,,
campaign_d_binary,binary_n1000_independent-signed_seed0.pcf,pac,2,0,2499288,490,489,16713735513169492602,12960,bd9d01a0c917,2026-08-31T09:03:24Z,1000,999,1,,,,,,,,,,,,,,,,,
campaign_d_binary,binary_n1000_independent-signed_seed1.pcf,pac,0,0,2630455,494,493,6178295940597600189,12960,bd9d01a0c917,2026-08-31T09:03:24Z,1000,999,1,,,,,,,,,,,,,,,,,
campaign_d_binary,binary_n1000_independent-signed_seed1.pcf,pac,1,0,2527902,494,493,6178295940597600189,12960,bd9d01a0c917,2026-08-31T09:03:24Z,1000,999,1,,,,,,,,,,,,,,,,,
campaign_d_binary,binary_n1000_independent-signed_seed1.pcf,pac,2,0,2515323,494,493,6178295940597600189,12960,bd9d01a0c917,2026-08-31T09:03:24Z,1000,999,1,,,,,,,,,,,,,,,,,
campaign_d_binary,binary_n1000_independent-signed_seed2.pcf,pac,0,0,2592749,522,521,13200312126050274813,12960,bd9d01a0c917,2026-08-31T09:03:24Z,1000,999,1,,,,,,,,,,,,,,,,,
campaign_d_binary,binary_n1000_independent-signed_seed2.pcf,pac,1,0,2542456,522,521,13200312126050274813,12960,bd9d01a0c917,2026-08-31T09:03:24Z,1000,999,1,,,,,,,,,,,,,,,,,
campaign_d_binary,binary_n1000_independent-signed_seed2.pcf,pac,2,0,2545269,522,521,13200312126050274813,12960,bd9d01a0c917,2026-08-31T09:03:24Z,1000,999,1,,,,,,,,,,,,,,,,,
campaign_d_binary,binary_n1000_independent-signed_seed3.pcf,pac,0,0,2630838,522,521,2865325962345939897,12960,bd9d01a0c917,2026-08-31T09:03:24Z,1000,999,1,,,,,,,,,,,,,,,,,
campaign_d_binary,binary_n1000_independent-signed_seed3.pcf,pac,1,0,2512314,522,521,2865325962345939897,12960,bd9d01a0c917,2026-08-31T09:03:24Z,1000,999,1,,,,,,,,,,,,,,,,,
campaign_d_binary,binary_n1000_independent-signed_seed3.pcf,pac,2,0,2542302,522,521,2865325962345939897,12960,bd9d01a0c917,2026-08-31T09:03:24Z,1000,999,1,,,,,,,,,,,,,,,,,
campaign_d_binary,binary_n1000_independent-signed_seed4.pcf,pac,0,0,2538923,523,522,2277407023114982802,12960,bd9d01a0c917,2026-08-31T09:03:24Z,1000,999,1,,,,,,,,,,,,,,,,,
campaign_d_binary,binary_n1000_independent-signed_seed4.pcf,pac,1,0,2505681,523,522,2277407023114982802,12960,bd9d01a0c917,2026-08-31T09:03:24Z,1000,999,1,,,,,,,,,,,,,,,,,
campaign_d_binary,binary_n1000_independent-signed_seed4.pcf,pac,2,0,2526403,523,522,2277407023114982802,12960,bd9d01a0c917,2026-08-31T09:03:24Z,1000,999,1,,,,,,,,,,,,,,,,,
campaign_d_binary,binary_n1000_independent-signed_seed5.pcf,pac,0,0,2602231,540,539,12699472914545399642,12960,bd9d01a0c917,2026-08-31T09:03:24Z,1000,999,1,,,,,,,,,,,,,,,,,
campaign_d_binary,binary_n1000_independent-signed_seed5.pcf,pac,1,0,2515533,540,539,12699472914545399642,12960,bd9d01a0c917,2026-08-31T09:03:24Z,1000,999,1,,,,,,,,,,,,,,,,,
campaign_d_binary,binary_n1000_independent-signed_seed5.pcf,pac,2,0,2548611,540,539,12699472914545399642,12960,bd9d01a0c917,2026-08-31T09:03:24Z,1000,999,1,,,,,,,,,,,,,,,,,
campaign_d_binary,binary_n1000_independent-signed_seed6.pcf,pac,0,0,2508297,491,490,7588309048300900935,12960,bd9d01a0c917,2026-08-31T09:03:24Z,1000,999,1,,,,,,,,,,,,,,,,,
campaign_d_binary,binary_n1000_independent-signed_seed6.pcf,pac,1,0,2526517,491,490,7588309048300900935,12960,bd9d01a0c917,2026-08-31T09:03:24Z,1000,999,1,,,,,,,,,,,,,,,,,
campaign_d_binary,binary_n1000_independent-signed_seed6.pcf,pac,2,0,2517886,491,490,7588309048300900935,12960,bd9d01a0c917,2026-08-31T09:03:24Z,1000,999,1,,,,,,,,,,,,,,,,,
campaign_d_binary,binary_n1000_independent-signed_seed7.pcf,pac,0,0,2588906,494,493,16984878469844351452,12960,bd9d01a0c917,2026-08-31T09:03:24Z,1000,999,1,,,,,,,,,,,,,,,,,
campaign_d_binary,binary_n1000_independent-signed_seed7.pcf,pac,1,0,2542319,494,493,16984878469844351452,12960,bd9d01a0c917,2026-08-31T09:03:24Z,1000,999,1,,,,,,,,,,,,,,,,,
campaign_d_binary,binary_n1000_independent-signed_seed7.pcf,pac,2,0,2529778,494,493,16984878469844351452,12960,bd9d01a0c917,2026-08-31T09:03:24Z,1000,999,1,,,,,,,,,,,,,,,,,
campaign_d_binary,binary_n1000_independent-signed_seed8.pcf,pac,0,0,2580638,491,490,3910227880312228233,12960,bd9d01a0c917,2026-08-31T09:03:24Z,1000,999,1,,,,,,,,,,,,,,,,,
campaign_d_binary,binary_n1000_independent-signed_seed8.pcf,pac,1,0,2519990,491,490,3910227880312228233,12960,bd9d01a0c917,2026-08-31T09:03:24Z,1000,999,1,,,,,,,,,,,,,,,,,
campaign_d_binary,binary_n1000_independent-signed_seed8.pcf,pac,2,0,2510351,491,490,3910227880312228233,12960,bd9d01a0c917,2026-08-31T09:03:24Z,1000,999,1,,,,,,,,,,,,,,,,,
campaign_d_binary,binary_n1000_independent-signed_seed9.pcf,pac,0,0,2524128,487,486,1984482066720763273,13120,bd9d01a0c917,2026-08-31T09:03:24Z,1000,999,1,,,,,,,,,,,,,,,,,
campaign_d_binary,binary_n1000_independent-signed_seed9.pcf,pac,1,0,2508276,487,486,1984482066720763273,13120,bd9d01a0c917,2026-08-31T09:03:24Z,1000,999,1,,,,,,,,,,,,,,,,,
campaign_d_binary,binary_n1000_independent-signed_seed9.pcf,pac,2,0,2545045,487,486,1984482066720763273,13120,bd9d01a0c917,2026-08-31T09:03:24Z,1000,999,1,,,,,,,,,,,,,,,,,
campaign_d_binary,binary_n1000_near-ties_seed0.pcf,pac,0,0,2081712,225,224,16729508341662793106,13120,bd9d01a0c917,2026-08-31T09:03:24Z,1000,999,1,,,,,,,,,,,,,,,,,
campaign_d_binary,binary_n1000_near-ties_seed0.pcf,pac,1,0,1972227,225,224,16729508341662793106,13120,bd9d01a0c917,2026-08-31T09:03:24Z,1000,999,1,,,,,,,,,,,,,,,,,
campaign_d_binary,binary_n1000_near-ties_seed0.pcf,pac,2,0,1963119,225,224,16729508341662793106,13120,bd9d01a0c917,2026-08-31T09:03:24Z,1000,999,1,,,,,,,,,,,,,,,,,
campaign_d_binary,binary_n1000_near-ties_seed1.pcf,pac,0,0,2034094,226,225,18307565040711715735,13120,bd9d01a0c917,2026-08-31T09:03:24Z,1000,999,1,,,,,,,,,,,,,,,,,
campaign_d_binary,binary_n1000_near-ties_seed1.pcf,pac,1,0,1943453,226,225,18307565040711715735,13120,bd9d01a0c917,2026-08-31T09:03:24Z,1000,999,1,,,,,,,,,,,,,,,,,
campaign_d_binary,binary_n1000_near-ties_seed1.pcf,pac,2,0,1952990,226,225,18307565040711715735,13120,bd9d01a0c917,2026-08-31T09:03:24Z,1000,999,1,,,,,,,,,,,,,,,,,
campaign_d_binary,binary_n1000_near-ties_seed2.pcf,pac,0,0,2005403,239,238,16928340529732266208,13120,bd9d01a0c917,2026-08-31T09:03:24Z,1000,999,1,,,,,,,,,,,,,,,,,
campaign_d_binary,binary_n1000_near-ties_seed2.pcf,pac,1,0,1990479,239,238,16928340529732266208,13120,bd9d01a0c917,2026-08-31T09:03:24Z,1000,999,1,,,,,,,,,,,,,,,,,
campaign_d_binary,binary_n1000_near-ties_seed2.pcf,pac,2,0,1983209,239,238,16928340529732266208,13120,bd9d01a0c917,2026-08-31T09:03:24Z,1000,999,1,,,,,,,,,,,,,,,,,
campaign_d_binary,binary_n1000_near-ties_seed3.pcf,pac,0,0,1985787,233,232,12334297669793911646,13120,bd9d01a0c917,2026-08-31T09:03:24Z,1000,999,1,,,,,,,,,,,,,,,,,
campaign_d_binary,binary_n1000_near-ties_seed3.pcf,pac,1,0,1992157,233,232,12334297669793911646,13120,bd9d01a0c917,2026-08-31T09:03:24Z,1000,999,1,,,,,,,,,,,,,,,,,
campaign_d_binary,binary_n1000_near-ties_seed3.pcf,pac,2,0,1975942,233,232,12334297669793911646,13120,bd9d01a0c917,2026-08-31T09:03:24Z,1000,999,1,,,,,,,,,,,,,,,,,
campaign_d_binary,binary_n1000_near-ties_seed4.pcf,pac,0,0,2029865,238,237,7538916142152517533,13120,bd9d01a0c917,2026-08-31T09:03:24Z,1000,999,1,,,,,,,,,,,,,,,,,
campaign_d_binary,binary_n1000_near-ties_seed4.pcf,pac,1,0,2030563,238,237,7538916142152517533,13120,bd9d01a0c917,2026-08-31T09:03:24Z,1000,999,1,,,,,,,,,,,,,,,,,
campaign_d_binary,binary_n1000_near-ties_seed4.pcf,pac,2,0,1996890,238,237,7538916142152517533,13120,bd9d01a0c917,2026-08-31T09:03:24Z,1000,999,1,,,,,,,,,,,,,,,,,
campaign_d_binary,binary_n1000_near-ties_seed5.pcf,pac,0,0,1941401,237,236,11280826759533789972,13120,bd9d01a0c917,2026-08-31T09:03:24Z,1000,999,1,,,,,,,,,,,,,,,,,
campaign_d_binary,binary_n1000_near-ties_seed5.pcf,pac,1,0,1898283,237,236,11280826759533789972,13120,bd9d01a0c917,2026-08-31T09:03:24Z,1000,999,1,,,,,,,,,,,,,,,,,
campaign_d_binary,binary_n1000_near-ties_seed5.pcf,pac,2,0,1902112,237,236,11280826759533789972,13120,bd9d01a0c917,2026-08-31T09:03:24Z,1000,999,1,,,,,,,,,,,,,,,,,
campaign_d_binary,binary_n1000_near-ties_seed6.pcf,pac,0,0,1993487,238,237,12983732054462696584,13120,bd9d01a0c917,2026-08-31T09:03:24Z,1000,999,1,,,,,,,,,,,,,,,,,
campaign_d_binary,binary_n1000_near-ties_seed6.pcf,pac,1,0,1960849,238,237,12983732054462696584,13120,bd9d01a0c917,2026-08-31T09:03:24Z,1000,999,1,,,,,,,,,,,,,,,,,
campaign_d_binary,binary_n1000_near-ties_seed6.pcf,pac,2,0,1958910,238,237,12983732054462696584,13120,bd9d01a0c917,2026-08-31T09:03:24Z,1000,999,1,,,,,,,,,,,,,,,,,
campaign_d_binary,binary_n1000_near-ties_seed7.pcf,pac,0,0,1982776,224,223,4925454451620082666,13120,bd9d01a0c917,2026-08-31T09:03:24Z,1000,999,1,,,,,,,,,,,,,,,,,
campaign_d_binary,binary_n1000_near-ties_seed7.pcf,pac,1,0,1956191,224,223,4925454451620082666,13120,bd9d01a0c917,2026-08-31T09:03:24Z,1000,999,1,,,,,,,,,,,,,,,,,
campaign_d_binary,binary_n1000_near-ties_seed7.pcf,pac,2,0,1953847,224,223,4925454451620082666,13120,bd9d01a0c917,2026-08-31T09:03:24Z,1000,999,1,,,,,,,,,,,,,,,,,
campaign_d_binary,binary_n1000_near-ties_seed8.pcf,pac,0,0,1935724,228,227,8589926732399062680,13120,bd9d01a0c917,2026-08-31T09:03:24Z,1000,999,1,,,,,,,,,,,,,,,,,
campaign_d_binary,binary_n1000_near-ties_seed8.pcf,pac,1,0,1943968,228,227,8589926732399062680,13120,bd9d01a0c917,2026-08-31T09:03:24Z,1000,999,1,,,,,,,,,,,,,,,,,
campaign_d_binary,binary_n1000_near-ties_seed8.pcf,pac,2,0,1927523,228,227,8589926732399062680,13120,bd9d01a0c917,2026-08-31T09:03:24Z,1000,999,1,,,,,,,,,,,,,,,,,
campaign_d_binary,binary_n1000_near-ties_seed9.pcf,pac,0,0,2006708,242,241,18017268031276189588,13120,bd9d01a0c917,2026-08-31T09:03:24Z,1000,999,1,,,,,,,,,,,,,,,,,
campaign_d_binary,binary_n1000_near-ties_seed9.pcf,pac,1,0,1958089,242,241,18017268031276189588,13120,bd9d01a0c917,2026-08-31T09:03:24Z,1000,999,1,,,,,,,,,,,,,,,,,
campaign_d_binary,binary_n1000_near-ties_seed9.pcf,pac,2,0,1960216,242,241,18017268031276189588,13120,bd9d01a0c917,2026-08-31T09:03:24Z,1000,999,1,,,,,,,,,,,,,,,,,
campaign_d_binary,binary_n100_anti-correlated_seed0.pcf,pac,0,0,78538,59,58,12365342607431886594,13120,bd9d01a0c917,2026-08-31T09:03:24Z,100,99,1,,,,,,,,,,,,,,,,,
campaign_d_binary,binary_n100_anti-correlated_seed0.pcf,pac,1,0,66582,59,58,12365342607431886594,13120,bd9d01a0c917,2026-08-31T09:03:24Z,100,99,1,,,,,,,,,,,,,,,,,
campaign_d_binary,binary_n100_anti-correlated_seed0.pcf,pac,2,0,58328,59,58,12365342607431886594,13120,bd9d01a0c917,2026-08-31T09:03:24Z,100,99,1,,,,,,,,,,,,,,,,,
campaign_d_binary,binary_n100_anti-correlated_seed1.pcf,pac,0,0,76070,50,49,6241796629636237531,13120,bd9d01a0c917,2026-08-31T09:03:24Z,100,99,1,,,,,,,,,,,,,,,,,
campaign_d_binary,binary_n100_anti-correlated_seed1.pcf,pac,1,0,65942,50,49,6241796629636237531,13120,bd9d01a0c917,2026-08-31T09:03:24Z,100,99,1,,,,,,,,,,,,,,,,,
campaign_d_binary,binary_n100_anti-correlated_seed1.pcf,pac,2,0,56152,50,49,6241796629636237531,13120,bd9d01a0c917,2026-08-31T09:03:24Z,100,99,1,,,,,,,,,,,,,,,,,
campaign_d_binary,binary_n100_anti-correlated_seed2.pcf,pac,0,0,76045,53,52,7739075134679966855,13120,bd9d01a0c917,2026-08-31T09:03:24Z,100,99,1,,,,,,,,,,,,,,,,,
campaign_d_binary,binary_n100_anti-correlated_seed2.pcf,pac,1,0,63672,53,52,7739075134679966855,13120,bd9d01a0c917,2026-08-31T09:03:24Z,100,99,1,,,,,,,,,,,,,,,,,
campaign_d_binary,binary_n100_anti-correlated_seed2.pcf,pac,2,0,55220,53,52,7739075134679966855,13120,bd9d01a0c917,2026-08-31T09:03:24Z,100,99,1,,,,,,,,,,,,,,,,,
campaign_d_binary,binary_n100_anti-correlated_seed3.pcf,pac,0,0,86221,50,49,982317457353545149,13120,bd9d01a0c917,2026-08-31T09:03:24Z,100,99,1,,,,,,,,,,,,,,,,,
campaign_d_binary,binary_n100_anti-correlated_seed3.pcf,pac,1,0,70159,50,49,982317457353545149,13120,bd9d01a0c917,2026-08-31T09:03:24Z,100,99,1,,,,,,,,,,,,,,,,,
campaign_d_binary,binary_n100_anti-correlated_seed3.pcf,pac,2,0,58092,50,49,982317457353545149,13120,bd9d01a0c917,2026-08-31T09:03:24Z,100,99,1,,,,,,,,,,,,,,,,,
campaign_d_binary,binary_n100_anti-correlated_seed4.pcf,pac,0,0,79641,58,57,1490782164828936497,13120,bd9d01a0c917,2026-08-31T09:03:24Z,100,99,1,,,,,,,,,,,,,,,,,
campaign_d_binary,binary_n100_anti-correlated_seed4.pcf,pac,1,0,67928,58,57,1490782164828936497,13120,bd9d01a0c917,2026-08-31T09:03:24Z,100,99,1,,,,,,,,,,,,,,,,,
campaign_d_binary,binary_n100_anti-correlated_seed4.pcf,pac,2,0,57774,58,57,1490782164828936497,13120,bd9d01a0c917,2026-08-31T09:03:24Z,100,99,1,,,,,,,,,,,,,,,,,
campaign_d_binary,binary_n100_anti-correlated_seed5.pcf,pac,0,0,81991,54,53,11150612196055966299,13120,bd9d01a0c917,2026-08-31T09:03:24Z,100,99,1,,,,,,,,,,,,,,,,,
campaign_d_binary,binary_n100_anti-correlated_seed5.pcf,pac,1,0,75644,54,53,11150612196055966299,13120,bd9d01a0c917,2026-08-31T09:03:24Z,100,99,1,,,,,,,,,,,,,,,,,
campaign_d_binary,binary_n100_anti-correlated_seed5.pcf,pac,2,0,61172,54,53,11150612196055966299,13120,bd9d01a0c917,2026-08-31T09:03:24Z,100,99,1,,,,,,,,,,,,,,,,,
campaign_d_binary,binary_n100_anti-correlated_seed6.pcf,pac,0,0,81798,54,53,305250074027151815,13120,bd9d01a0c917,2026-08-31T09:03:24Z,100,99,1,,,,,,,,,,,,,,,,,
campaign_d_binary,binary_n100_anti-correlated_seed6.pcf,pac,1,0,71363,54,53,305250074027151815,13120,bd9d01a0c917,2026-08-31T09:03:24Z,100,99,1,,,,,,,,,,,,,,,,,
campaign_d_binary,binary_n100_anti-correlated_seed6.pcf,pac,2,0,59743,54,53,305250074027151815,13120,bd9d01a0c917,2026-08-31T09:03:24Z,100,99,1,,,,,,,,,,,,,,,,,
campaign_d_binary,binary_n100_anti-correlated_seed7.pcf,pac,0,0,77977,44,43,14314476543736854386,13120,bd9d01a0c917,2026-08-31T09:03:24Z,100,99,1,,,,,,,,,,,,,,,,,
campaign_d_binary,binary_n100_anti-correlated_seed7.pcf,pac,1,0,67553,44,43,14314476543736854386,13120,bd9d01a0c917,2026-08-31T09:03:24Z,100,99,1,,,,,,,,,,,,,,,,,
campaign_d_binary,binary_n100_anti-correlated_seed7.pcf,pac,2,0,59171,44,43,14314476543736854386,13120,bd9d01a0c917,2026-08-31T09:03:24Z,100,99,1,,,,,,,,,,,,,,,,,
campaign_d_binary,binary_n100_anti-correlated_seed8.pcf,pac,0,0,77354,50,49,10186846763307497678,13120,bd9d01a0c917,2026-08-31T09:03:24Z,100,99,1,,,,,,,,,,,,,,,,,
campaign_d_binary,binary_n100_anti-correlated_seed8.pcf,pac,1,0,65746,50,49,10186846763307497678,13120,bd9d01a0c917,2026-08-31T09:03:24Z,100,99,1,,,,,,,,,,,,,,,,,
campaign_d_binary,binary_n100_anti-correlated_seed8.pcf,pac,2,0,61166,50,49,10186846763307497678,13120,bd9d01a0c917,2026-08-31T09:03:24Z,100,99,1,,,,,,,,,,,,,,,,,
campaign_d_binary,binary_n100_anti-correlated_seed9.pcf,pac,0,0,82992,49,48,12286237916763360895,13280,bd9d01a0c917,2026-08-31T09:03:24Z,100,99,1,,,,,,,,,,,,,,,,,
campaign_d_binary,binary_n100_anti-correlated_seed9.pcf,pac,1,0,187003,49,48,12286237916763360895,13280,bd9d01a0c917,2026-08-31T09:03:24Z,100,99,1,,,,,,,,,,,,,,,,,
campaign_d_binary,binary_n100_anti-correlated_seed9.pcf,pac,2,0,65649,49,48,12286237916763360895,13280,bd9d01a0c917,2026-08-31T09:03:24Z,100,99,1,,,,,,,,,,,,,,,,,
campaign_d_binary,binary_n100_correlated_seed0.pcf,pac,0,0,85133,56,55,5033025880970592243,13280,bd9d01a0c917,2026-08-31T09:03:24Z,100,99,1,,,,,,,,,,,,,,,,,
campaign_d_binary,binary_n100_correlated_seed0.pcf,pac,1,0,70896,56,55,5033025880970592243,13280,bd9d01a0c917,2026-08-31T09:03:24Z,100,99,1,,,,,,,,,,,,,,,,,
campaign_d_binary,binary_n100_correlated_seed0.pcf,pac,2,0,59435,56,55,5033025880970592243,13280,bd9d01a0c917,2026-08-31T09:03:24Z,100,99,1,,,,,,,,,,,,,,,,,
campaign_d_binary,binary_n100_correlated_seed1.pcf,pac,0,0,80534,43,42,10384198589469746818,13280,bd9d01a0c917,2026-08-31T09:03:24Z,100,99,1,,,,,,,,,,,,,,,,,
campaign_d_binary,binary_n100_correlated_seed1.pcf,pac,1,0,67384,43,42,10384198589469746818,13280,bd9d01a0c917,2026-08-31T09:03:24Z,100,99,1,,,,,,,,,,,,,,,,,
campaign_d_binary,binary_n100_correlated_seed1.pcf,pac,2,0,55431,43,42,10384198589469746818,13280,bd9d01a0c917,2026-08-31T09:03:24Z,100,99,1,,,,,,,,,,,,,,,,,
campaign_d_binary,binary_n100_correlated_seed2.pcf,pac,0,0,80621,54,53,339926837558295300,13280,bd9d01a0c917,2026-08-31T09:03:24Z,100,99,1,,,,,,,,,,,,,,,,,
campaign_d_binary,binary_n100_correlated_seed2.pcf,pac,1,0,68796,54,53,339926837558295300,13280,bd9d01a0c917,2026-08-31T09:03:24Z,100,99,1,,,,,,,,,,,,,,,,,
campaign_d_binary,binary_n100_correlated_seed2.pcf,pac,2,0,58848,54,53,339926837558295300,13280,bd9d01a0c917,2026-08-31T09:03:24Z,100,99,1,,,,,,,,,,,,,,,,,
campaign_d_binary,binary_n100_correlated_seed3.pcf,pac,0,0,78626,58,57,4517446013439393965,13280,bd9d01a0c917,2026-08-31T09:03:24Z,100,99,1,,,,,,,,,,,,,,,,,
campaign_d_binary,binary_n100_correlated_seed3.pcf,pac,1,0,68182,58,57,4517446013439393965,13280,bd9d01a0c917,2026-08-31T09:03:24Z,100,99,1,,,,,,,,,,,,,,,,,
campaign_d_binary,binary_n100_correlated_seed3.pcf,pac,2,0,57773,58,57,4517446013439393965,13280,bd9d01a0c917,2026-08-31T09:03:24Z,100,99,1,,,,,,,,,,,,,,,,,
campaign_d_binary,binary_n100_correlated_seed4.pcf,pac,0,0,76321,58,57,13890392522095105159,13280,bd9d01a0c917,2026-08-31T09:03:24Z,100,99,1,,,,,,,,,,,,,,,,,
campaign_d_binary,binary_n100_correlated_seed4.pcf,pac,1,0,66484,58,57,13890392522095105159,13280,bd9d01a0c917,2026-08-31T09:03:24Z,100,99,1,,,,,,,,,,,,,,,,,
campaign_d_binary,binary_n100_correlated_seed4.pcf,pac,2,0,56501,58,57,13890392522095105159,13280,bd9d01a0c917,2026-08-31T09:03:24Z,100,99,1,,,,,,,,,,,,,,,,,
campaign_d_binary,binary_n100_correlated_seed5.pcf,pac,0,0,82298,51,50,4006158288783065538,13280,bd9d01a0c917,2026-08-31T09:03:24Z,100,99,1,,,,,,,,,,,,,,,,,
campaign_d_binary,binary_n100_correlated_seed5.pcf,pac,1,0,70890,51,50,4006158288783065538,13280,bd9d01a0c917,2026-08-31T09:03:24Z,100,99,1,,,,,,,,,,,,,,,,,
campaign_d_binary,binary_n100_correlated_seed5.pcf,pac,2,0,58799,51,50,4006158288783065538,13280,bd9d01a0c917,2026-08-31T09:03:24Z,100,99,1,,,,,,,,,,,,,,,,,
campaign_d_binary,binary_n100_correlated_seed6.pcf,pac,0,0,84740,58,57,6076571619477407334,13280,bd9d01a0c917,2026-08-31T09:03:24Z,100,99,1,,,,,,,,,,,,,,,,,
campaign_d_binary,binary_n100_correlated_seed6.pcf,pac,1,0,71378,58,57,6076571619477407334,13280,bd9d01a0c917,2026-08-31T09:03:24Z,100,99,1,,,,,,,,,,,,,,,,,
campaign_d_binary,binary_n100_correlated_seed6.pcf,pac,2,0,60158,58,57,6076571619477407334,13280,bd9d01a0c917,2026-08-31T09:03:24Z,100,99,1,,,,,,,,,,,,,,,,,
campaign_d_binary,binary_n100_correlated_seed7.pcf,pac,0,0,77181,51,50,11213918498117207885,13280,bd9d01a0c917,2026-08-31T09:03:24Z,100,99,1,,,,,,,,,,,,,,,,,
campaign_d_binary,binary_n100_correlated_seed7.pcf,pac,1,0,65754,51,50,11213918498117207885,13280,bd9d01a0c917,2026-08-31T09:03:24Z,100,99,1,,,,,,,,,,,,,,,,,
campaign_d_binary,binary_n100_correlated_seed7.pcf,pac,2,0,57024,51,50,11213918498117207885,13280,bd9d01a0c917,2026-08-31T09:03:24Z,100,99,1,,,,,,,,,,,,,,,,,
campaign_d_binary,binary_n100_correlated_seed8.pcf,pac,0,0,77185,50,49,12351471511690239811,13280,bd9d01a0c917,2026-08-31T09:03:24Z,100,99,1,,,,,,,,,,,,,,,,,
campaign_d_binary,binary_n100_correlated_seed8.pcf,pac,1,0,65910,50,49,12351471511690239811,13280,bd9d01a0c917,2026-08-31T09:03:24Z,100,99,1,,,,,,,,,,,,,,,,,
campaign_d_binary,binary_n100_correlated_seed8.pcf,pac,2,0,56453,50,49,12351471511690239811,13280,bd9d01a0c917,2026-08-31T09:03:24Z,100,99,1,,,,,,,,,,,,,,,,,
campaign_d_binary,binary_n100_correlated_seed9.pcf,pac,0,0,80130,52,51,8852547265042509603,13280,bd9d01a0c917,2026-08-31T09:03:24Z,100,99,1,,,,,,,,,,,,,,,,,
campaign_d_binary,binary_n100_correlated_seed9.pcf,pac,1,0,70897,52,51,8852547265042509603,13280,bd9d01a0c917,2026-08-31T09:03:24Z,100,99,1,,,,,,,,,,,,,,,,,
campaign_d_binary,binary_n100_correlated_seed9.pcf,pac,2,0,66385,52,51,8852547265042509603,13280,bd9d01a0c917,2026-08-31T09:03:24Z,100,99,1,,,,,,,,,,,,,,,,,
campaign_d_binary,binary_n100_exact-ties_seed0.pcf,pac,0,0,67646,18,17,4767520960222310327,13280,bd9d01a0c917,2026-08-31T09:03:24Z,100,99,1,,,,,,,,,,,,,,,,,
campaign_d_binary,binary_n100_exact-ties_seed0.pcf,pac,1,0,57250,18,17,4767520960222310327,13280,bd9d01a0c917,2026-08-31T09:03:24Z,100,99,1,,,,,,,,,,,,,,,,,
campaign_d_binary,binary_n100_exact-ties_seed0.pcf,pac,2,0,49338,18,17,4767520960222310327,13280,bd9d01a0c917,2026-08-31T09:03:24Z,100,99,1,,,,,,,,,,,,,,,,,
campaign_d_binary,binary_n100_exact-ties_seed1.pcf,pac,0,0,67235,23,22,2001174775465524456,13280,bd9d01a0c917,2026-08-31T09:03:24Z,100,99,1,,,,,,,,,,,,,,,,,
campaign_d_binary,binary_n100_exact-ties_seed1.pcf,pac,1,0,67143,23,22,2001174775465524456,13280,bd9d01a0c917,2026-08-31T09:03:24Z,100,99,1,,,,,,,,,,,,,,,,,
campaign_d_binary,binary_n100_exact-ties_seed1.pcf,pac,2,0,48688,23,22,2001174775465524456,13280,bd9d01a0c917,2026-08-31T09:03:24Z,100,99,1,,,,,,,,,,,,,,,,,
campaign_d_binary,binary_n100_exact-ties_seed2.pcf,pac,0,0,67439,18,17,10195983822374903580,13280,bd9d01a0c917,2026-08-31T09:03:24Z,100,99,1,,,,,,,,,,,,,,,,,
campaign_d_binary,binary_n100_exact-ties_seed2.pcf,pac,1,0,55654,18,17,10195983822374903580,13280,bd9d01a0c917,2026-08-31T09:03:24Z,100,99,1,,,,,,,,,,,,,,,,,
campaign_d_binary,binary_n100_exact-ties_seed2.pcf,pac,2,0,46509,18,17,10195983822374903580,13280,bd9d01a0c917,2026-08-31T09:03:24Z,100,99,1,,,,,,,,,,,,,,,,,
campaign_d_binary,binary_n100_exact-ties_seed3.pcf,pac,0,0,60189,21,20,10495896876540199872,13280,bd9d01a0c917,2026-08-31T09:03:24Z,100,99,1,,,,,,,,,,,,,,,,,
campaign_d_binary,binary_n100_exact-ties_seed3.pcf,pac,1,0,48600,21,20,10495896876540199872,13280,bd9d01a0c917,2026-08-31T09:03:24Z,100,99,1,,,,,,,,,,,,,,,,,
campaign_d_binary,binary_n100_exact-ties_seed3.pcf,pac,2,0,148524,21,20,10495896876540199872,13280,bd9d01a0c917,2026-08-31T09:03:24Z,100,99,1,,,,,,,,,,,,,,,,,
campaign_d_binary,binary_n100_exact-ties_seed4.pcf,pac,0,0,66325,21,20,13483894436294086727,13280,bd9d01a0c917,2026-08-31T09:03:24Z,100,99,1,,,,,,,,,,,,,,,,,
campaign_d_binary,binary_n100_exact-ties_seed4.pcf,pac,1,0,57119,21,20,13483894436294086727,13280,bd9d01a0c917,2026-08-31T09:03:24Z,100,99,1,,,,,,,,,,,,,,,,,
campaign_d_binary,binary_n100_exact-ties_seed4.pcf,pac,2,0,45163,21,20,13483894436294086727,13280,bd9d01a0c917,2026-08-31T09:03:24Z,100,99,1,,,,,,,,,,,,,,,,,
campaign_d_binary,binary_n100_exact-ties_seed5.pcf,pac,0,0,63777,20,19,16192168724666052439,13280,bd9d01a0c917,2026-08-31T09:03:24Z,100,99,1,,,,,,,,,,,,,,,,,
campaign_d_binary,binary_n100_exact-ties_seed5.pcf,pac,1,0,134939,20,19,16192168724666052439,13280,bd9d01a0c917,2026-08-31T09:03:24Z,100,99,1,,,,,,,,,,,,,,,,,
campaign_d_binary,binary_n100_exact-ties_seed5.pcf,pac,2,0,48594,20,19,16192168724666052439,13280,bd9d01a0c917,2026-08-31T09:03:24Z,100,99,1,,,,,,,,,,,,,,,,,
campaign_d_binary,binary_n100_exact-ties_seed6.pcf,pac,0,0,64417,18,17,15239242358694152739,13280,bd9d01a0c917,2026-08-31T09:03:24Z,100,99,1,,,,,,,,,,,,,,,,,
campaign_d_binary,binary_n100_exact-ties_seed6.pcf,pac,1,0,55258,18,17,15239242358694152739,13280,bd9d01a0c917,2026-08-31T09:03:24Z,100,99,1,,,,,,,,,,,,,,,,,
campaign_d_binary,binary_n100_exact-ties_seed6.pcf,pac,2,0,45650,18,17,15239242358694152739,13280,bd9d01a0c917,2026-08-31T09:03:24Z,100,99,1,,,,,,,,,,,,,,,,,
campaign_d_binary,binary_n100_exact-ties_seed7.pcf,pac,0,0,61120,21,20,12257940721919102356,13440,bd9d01a0c917,2026-08-31T09:03:24Z,100,99,1,,,,,,,,,,,,,,,,,
campaign_d_binary,binary_n100_exact-ties_seed7.pcf,pac,1,0,125126,21,20,12257940721919102356,13440,bd9d01a0c917,2026-08-31T09:03:24Z,100,99,1,,,,,,,,,,,,,,,,,
campaign_d_binary,binary_n100_exact-ties_seed7.pcf,pac,2,0,43820,21,20,12257940721919102356,13440,bd9d01a0c917,2026-08-31T09:03:24Z,100,99,1,,,,,,,,,,,,,,,,,
campaign_d_binary,binary_n100_exact-ties_seed8.pcf,pac,0,0,67062,24,23,8351667854129097404,13440,bd9d01a0c917,2026-08-31T09:03:24Z,100,99,1,,,,,,,,,,,,,,,,,
campaign_d_binary,binary_n100_exact-ties_seed8.pcf,pac,1,0,55358,24,23,8351667854129097404,13440,bd9d01a0c917,2026-08-31T09:03:24Z,100,99,1,,,,,,,,,,,,,,,,,
campaign_d_binary,binary_n100_exact-ties_seed8.pcf,pac,2,0,45928,24,23,8351667854129097404,13440,bd9d01a0c917,2026-08-31T09:03:24Z,100,99,1,,,,,,,,,,,,,,,,,
campaign_d_binary,binary_n100_exact-ties_seed9.pcf,pac,0,0,58670,21,20,15943248528877731417,13440,bd9d01a0c917,2026-08-31T09:03:24Z,100,99,1,,,,,,,,,,,,,,,,,
campaign_d_binary,binary_n100_exact-ties_seed9.pcf,pac,1,0,126979,21,20,15943248528877731417,13440,bd9d01a0c917,2026-08-31T09:03:24Z,100,99,1,,,,,,,,,,,,,,,,,
campaign_d_binary,binary_n100_exact-ties_seed9.pcf,pac,2,0,42524,21,20,15943248528877731417,13440,bd9d01a0c917,2026-08-31T09:03:24Z,100,99,1,,,,,,,,,,,,,,,,,
campaign_d_binary,binary_n100_independent-positive_seed0.pcf,pac,0,0,77677,52,51,10803030959069126983,13440,bd9d01a0c917,2026-08-31T09:03:24Z,100,99,1,,,,,,,,,,,,,,,,,
campaign_d_binary,binary_n100_independent-positive_seed0.pcf,pac,1,0,65684,52,51,10803030959069126983,13440,bd9d01a0c917,2026-08-31T09:03:24Z,100,99,1,,,,,,,,,,,,,,,,,
campaign_d_binary,binary_n100_independent-positive_seed0.pcf,pac,2,0,56271,52,51,10803030959069126983,13440,bd9d01a0c917,2026-08-31T09:03:24Z,100,99,1,,,,,,,,,,,,,,,,,
campaign_d_binary,binary_n100_independent-positive_seed1.pcf,pac,0,0,150235,51,50,16993963316102142574,13440,bd9d01a0c917,2026-08-31T09:03:24Z,100,99,1,,,,,,,,,,,,,,,,,
campaign_d_binary,binary_n100_independent-positive_seed1.pcf,pac,1,0,71093,51,50,16993963316102142574,13440,bd9d01a0c917,2026-08-31T09:03:24Z,100,99,1,,,,,,,,,,,,,,,,,
campaign_d_binary,binary_n100_independent-positive_seed1.pcf,pac,2,0,59789,51,50,16993963316102142574,13440,bd9d01a0c917,2026-08-31T09:03:24Z,100,99,1,,,,,,,,,,,,,,,,,
campaign_d_binary,binary_n100_independent-positive_seed2.pcf,pac,0,0,81150,49,48,13311233244867539212,13440,bd9d01a0c917,2026-08-31T09:03:24Z,100,99,1,,,,,,,,,,,,,,,,,
campaign_d_binary,binary_n100_independent-positive_seed2.pcf,pac,1,0,66619,49,48,13311233244867539212,13440,bd9d01a0c917,2026-08-31T09:03:24Z,100,99,1,,,,,,,,,,,,,,,,,
campaign_d_binary,binary_n100_independent-positive_seed2.pcf,pac,2,0,55682,49,48,13311233244867539212,13440,bd9d01a0c917,2026-08-31T09:03:24Z,100,99,1,,,,,,,,,,,,,,,,,
campaign_d_binary,binary_n100_independent-positive_seed3.pcf,pac,0,0,80404,52,51,8060594503364318200,13440,bd9d01a0c917,2026-08-31T09:03:24Z,100,99,1,,,,,,,,,,,,,,,,,
campaign_d_binary,binary_n100_independent-positive_seed3.pcf,pac,1,0,71057,52,51,8060594503364318200,13440,bd9d01a0c917,2026-08-31T09:03:24Z,100,99,1,,,,,,,,,,,,,,,,,
campaign_d_binary,binary_n100_independent-positive_seed3.pcf,pac,2,0,59664,52,51,8060594503364318200,13440,bd9d01a0c917,2026-08-31T09:03:24Z,100,99,1,,,,,,,,,,,,,,,,,
campaign_d_binary,binary_n100_independent-positive_seed4.pcf,pac,0,0,82760,47,46,4979544494484145759,13440,bd9d01a0c917,2026-08-31T09:03:24Z,100,99,1,,,,,,,,,,,,,,,,,
campaign_d_binary,binary_n100_independent-positive_seed4.pcf,pac,1,0,69213,47,46,4979544494484145759,13440,bd9d01a0c917,2026-08-31T09:03:24Z,100,99,1,,,,,,,,,,,,,,,,,
campaign_d_binary,binary_n100_independent-positive_seed4.pcf,pac,2,0,58825,47,46,4979544494484145759,13440,bd9d01a0c917,2026-08-31T09:03:24Z,100,99,1,,,,,,,,,,,,,,,,,
campaign_d_binary,binary_n100_independent-positive_seed5.pcf,pac,0,0,83862,51,50,14221235438142112625,13440,bd9d01a0c917,2026-08-31T09:03:24Z,100,99,1,,,,,,,,,,,,,,,,,
campaign_d_binary,binary_n100_independent-positive_seed5.pcf,pac,1,0,70652,51,50,14221235438142112625,13440,bd9d01a0c917,2026-08-31T09:03:24Z,100,99,1,,,,,,,,,,,,,,,,,
campaign_d_binary,binary_n100_independent-positive_seed5.pcf,pac,2,0,64001,51,50,14221235438142112625,13440,bd9d01a0c917,2026-08-31T09:03:24Z,100,99,1,,,,,,,,,,,,,,,,,
campaign_d_binary,binary_n100_independent-positive_seed6.pcf,pac,0,0,81981,56,55,16586004528206934127,13440,bd9d01a0c917,2026-08-31T09:03:24Z,100,99,1,,,,,,,,,,,,,,,,,
campaign_d_binary,binary_n100_independent-positive_seed6.pcf,pac,1,0,71281,56,55,16586004528206934127,13440,bd9d01a0c917,2026-08-31T09:03:24Z,100,99,1,,,,,,,,,,,,,,,,,
campaign_d_binary,binary_n100_independent-positive_seed6.pcf,pac,2,0,58529,56,55,16586004528206934127,13440,bd9d01a0c917,2026-08-31T09:03:24Z,100,99,1,,,,,,,,,,,,,,,,,
campaign_d_binary,binary_n100_independent-positive_seed7.pcf,pac,0,0,76896,53,52,3456734865862674265,13440,bd9d01a0c917,2026-08-31T09:03:24Z,100,99,1,,,,,,,,,,,,,,,,,
campaign_d_binary,binary_n100_independent-positive_seed7.pcf,pac,1,0,178771,53,52,3456734865862674265,13440,bd9d01a0c917,2026-08-31T09:03:24Z,100,99,1,,,,,,,,,,,,,,,,,
campaign_d_binary,binary_n100_independent-positive_seed7.pcf,pac,2,0,59486,53,52,3456734865862674265,13440,bd9d01a0c917,2026-08-31T09:03:24Z,100,99,1,,,,,,,,,,,,,,,,,
campaign_d_binary,binary_n100_independent-positive_seed8.pcf,pac,0,0,78346,50,49,13813368640701301240,13440,bd9d01a0c917,2026-08-31T09:03:24Z,100,99,1,,,,,,,,,,,,,,,,,
campaign_d_binary,binary_n100_independent-positive_seed8.pcf,pac,1,0,66424,50,49,13813368640701301240,13440,bd9d01a0c917,2026-08-31T09:03:24Z,100,99,1,,,,,,,,,,,,,,,,,
campaign_d_binary,binary_n100_independent-positive_seed8.pcf,pac,2,0,57139,50,49,13813368640701301240,13440,bd9d01a0c917,2026-08-31T09:03:24Z,100,99,1,,,,,,,,,,,,,,,,,
campaign_d_binary,binary_n100_independent-positive_seed9.pcf,pac,0,0,209736,46,45,8356104684961542281,13440,bd9d01a0c917,2026-08-31T09:03:24Z,100,99,1,,,,,,,,,,,,,,,,,
campaign_d_binary,binary_n100_independent-positive_seed9.pcf,pac,1,0,70175,46,45,8356104684961542281,13440,bd9d01a0c917,2026-08-31T09:03:24Z,100,99,1,,,,,,,,,,,,,,,,,
campaign_d_binary,binary_n100_independent-positive_seed9.pcf,pac,2,0,59046,46,45,8356104684961542281,13440,bd9d01a0c917,2026-08-31T09:03:24Z,100,99,1,,,,,,,,,,,,,,,,,
campaign_d_binary,binary_n100_independent-signed_seed0.pcf,pac,0,0,78873,48,47,13365986946210406484,13440,bd9d01a0c917,2026-08-31T09:03:24Z,100,99,1,,,,,,,,,,,,,,,,,
campaign_d_binary,binary_n100_independent-signed_seed0.pcf,pac,1,0,67609,48,47,13365986946210406484,13440,bd9d01a0c917,2026-08-31T09:03:24Z,100,99,1,,,,,,,,,,,,,,,,,
campaign_d_binary,binary_n100_independent-signed_seed0.pcf,pac,2,0,59105,48,47,13365986946210406484,13440,bd9d01a0c917,2026-08-31T09:03:24Z,100,99,1,,,,,,,,,,,,,,,,,
campaign_d_binary,binary_n100_independent-signed_seed1.pcf,pac,0,0,75640,46,45,5747144160283962374,13440,bd9d01a0c917,2026-08-31T09:03:24Z,100,99,1,,,,,,,,,,,,,,,,,
campaign_d_binary,binary_n100_independent-signed_seed1.pcf,pac,1,0,63214,46,45,5747144160283962374,13440,bd9d01a0c917,2026-08-31T09:03:24Z,100,99,1,,,,,,,,,,,,,,,,,
campaign_d_binary,binary_n100_independent-signed_seed1.pcf,pac,2,0,55061,46,45,5747144160283962374,13440,bd9d01a0c917,2026-08-31T09:03:24Z,100,99,1,,,,,,,,,,,,,,,,,
campaign_d_binary,binary_n100_independent-signed_seed2.pcf,pac,0,0,75492,46,45,16907036492584676248,13440,bd9d01a0c917,2026-08-31T09:03:24Z,100,99,1,,,,,,,,,,,,,,,,,
campaign_d_binary,binary_n100_independent-signed_seed2.pcf,pac,1,0,63034,46,45,16907036492584676248,13440,bd9d01a0c917,2026-08-31T09:03:24Z,100,99,1,,,,,,,,,,,,,,,,,
campaign_d_binary,binary_n100_independent-signed_seed2.pcf,pac,2,0,54620,46,45,16907036492584676248,13440,bd9d01a0c917,2026-08-31T09:03:24Z,100,99,1,,,,,,,,,,,,,,,,,
campaign_d_binary,binary_n100_independent-signed_seed3.pcf,pac,0,0,78466,55,54,12054423514959518006,13440,bd9d01a0c917,2026-08-31T09:03:24Z,100,99,1,,,,,,,,,,,,,,,,,
campaign_d_binary,binary_n100_independent-signed_seed3.pcf,pac,1,0,66924,55,54,12054423514959518006,13440,bd9d01a0c917,2026-08-31T09:03:24Z,100,99,1,,,,,,,,,,,,,,,,,
campaign_d_binary,binary_n100_independent-signed_seed3.pcf,pac,2,0,56807,55,54,12054423514959518006,13440,bd9d01a0c917,2026-08-31T09:03:24Z,100,99,1,,,,,,,,,,,,,,,,,
campaign_d_binary,binary_n100_independent-signed_seed4.pcf,pac,0,0,77805,46,45,4657247863249504430,13440,bd9d01a0c917,2026-08-31T09:03:24Z,100,99,1,,,,,,,,,,,,,,,,,
campaign_d_binary,binary_n100_independent-signed_seed4.pcf,pac,1,0,205363,46,45,4657247863249504430,13440,bd9d01a0c917,2026-08-31T09:03:24Z,100,99,1,,,,,,,,,,,,,,,,,
campaign_d_binary,binary_n100_independent-signed_seed4.pcf,pac,2,0,59083,46,45,4657247863249504430,13440,bd9d01a0c917,2026-08-31T09:03:24Z,100,99,1,,,,,,,,,,,,,,,,,
campaign_d_binary,binary_n100_independent-signed_seed5.pcf,pac,0,0,79396,55,54,7298943599678142326,13440,bd9d01a0c917,2026-08-31T09:03:24Z,100,99,1,,,,,,,,,,,,,,,,,
campaign_d_binary,binary_n100_independent-signed_seed5.pcf,pac,1,0,69822,55,54,7298943599678142326,13440,bd9d01a0c917,2026-08-31T09:03:24Z,100,99,1,,,,,,,,,,,,,,,,,
campaign_d_binary,binary_n100_independent-signed_seed5.pcf,pac,2,0,59362,55,54,7298943599678142326,13440,bd9d01a0c917,2026-08-31T09:03:24Z,100,99,1,,,,,,,,,,,,,,,,,
campaign_d_binary,binary_n100_independent-signed_seed6.pcf,pac,0,0,81223,60,59,7103307848617762110,13440,bd9d01a0c917,2026-08-31T09:03:24Z,100,99,1,,,,,,,,,,,,,,,,,
campaign_d_binary,binary_n100_independent-signed_seed6.pcf,pac,1,0,69034,60,59,7103307848617762110,13440,bd9d01a0c917,2026-08-31T09:03:24Z,100,99,1,,,,,,,,,,,,,,,,,
campaign_d_binary,binary_n100_independent-signed_seed6.pcf,pac,2,0,58465,60,59,7103307848617762110,13440,bd9d01a0c917,2026-08-31T09:03:24Z,100,99,1,,,,,,,,,,,,,,,,,
campaign_d_binary,binary_n100_independent-signed_seed7.pcf,pac,0,0,78839,52,51,2816379952568024322,13600,bd9d01a0c917,2026-08-31T09:03:24Z,100,99,1,,,,,,,,,,,,,,,,,
campaign_d_binary,binary_n100_independent-signed_seed7.pcf,pac,1,0,67587,52,51,2816379952568024322,13600,bd9d01a0c917,2026-08-31T09:03:24Z,100,99,1,,,,,,,,,,,,,,,,,
campaign_d_binary,binary_n100_independent-signed_seed7.pcf,pac,2,0,57131,52,51,2816379952568024322,13600,bd9d01a0c917,2026-08-31T09:03:24Z,100,99,1,,,,,,,,,,,,,,,,,
campaign_d_binary,binary_n100_independent-signed_seed8.pcf,pac,0,0,76194,48,47,9338673086269391986,13600,bd9d01a0c917,2026-08-31T09:03:24Z,100,99,1,,,,,,,,,,,,,,,,,
campaign_d_binary,binary_n100_independent-signed_seed8.pcf,pac,1,0,64146,48,47,9338673086269391986,13600,bd9d01a0c917,2026-08-31T09:03:24Z,100,99,1,,,,,,,,,,,,,,,,,
campaign_d_binary,binary_n100_independent-signed_seed8.pcf,pac,2,0,55830,48,47,9338673086269391986,13600,bd9d01a0c917,2026-08-31T09:03:24Z,100,99,1,,,,,,,,,,,,,,,,,
campaign_d_binary,binary_n100_independent-signed_seed9.pcf,pac,0,0,77600,39,38,1592909310810723299,13600,bd9d01a0c917,2026-08-31T09:03:24Z,100,99,1,,,,,,,,,,,,,,,,,
campaign_d_binary,binary_n100_independent-signed_seed9.pcf,pac,1,0,66648,39,38,1592909310810723299,13600,bd9d01a0c917,2026-08-31T09:03:24Z,100,99,1,,,,,,,,,,,,,,,,,
campaign_d_binary,binary_n100_independent-signed_seed9.pcf,pac,2,0,58013,39,38,1592909310810723299,13600,bd9d01a0c917,2026-08-31T09:03:24Z,100,99,1,,,,,,,,,,,,,,,,,
campaign_d_binary,binary_n100_near-ties_seed0.pcf,pac,0,0,75880,38,37,18408744690770715442,13600,bd9d01a0c917,2026-08-31T09:03:24Z,100,99,1,,,,,,,,,,,,,,,,,
campaign_d_binary,binary_n100_near-ties_seed0.pcf,pac,1,0,64262,38,37,18408744690770715442,13600,bd9d01a0c917,2026-08-31T09:03:24Z,100,99,1,,,,,,,,,,,,,,,,,
campaign_d_binary,binary_n100_near-ties_seed0.pcf,pac,2,0,54715,38,37,18408744690770715442,13600,bd9d01a0c917,2026-08-31T09:03:24Z,100,99,1,,,,,,,,,,,,,,,,,
campaign_d_binary,binary_n100_near-ties_seed1.pcf,pac,0,0,73575,47,46,17223796855844816498,13600,bd9d01a0c917,2026-08-31T09:03:24Z,100,99,1,,,,,,,,,,,,,,,,,
campaign_d_binary,binary_n100_near-ties_seed1.pcf,pac,1,0,62041,47,46,17223796855844816498,13600,bd9d01a0c917,2026-08-31T09:03:24Z,100,99,1,,,,,,,,,,,,,,,,,
campaign_d_binary,binary_n100_near-ties_seed1.pcf,pac,2,0,51636,47,46,17223796855844816498,13600,bd9d01a0c917,2026-08-31T09:03:24Z,100,99,1,,,,,,,,,,,,,,,,,
campaign_d_binary,binary_n100_near-ties_seed2.pcf,pac,0,0,73361,42,41,12119848961584795586,13600,bd9d01a0c917,2026-08-31T09:03:24Z,100,99,1,,,,,,,,,,,,,,,,,
campaign_d_binary,binary_n100_near-ties_seed2.pcf,pac,1,0,62768,42,41,12119848961584795586,13600,bd9d01a0c917,2026-08-31T09:03:24Z,100,99,1,,,,,,,,,,,,,,,,,
campaign_d_binary,binary_n100_near-ties_seed2.pcf,pac,2,0,51803,42,41,12119848961584795586,13600,bd9d01a0c917,2026-08-31T09:03:24Z,100,99,1,,,,,,,,,,,,,,,,,
campaign_d_binary,binary_n100_near-ties_seed3.pcf,pac,0,0,77822,47,46,4107875807397312975,13600,bd9d01a0c917,2026-08-31T09:03:24Z,100,99,1,,,,,,,,,,,,,,,,,
campaign_d_binary,binary_n100_near-ties_seed3.pcf,pac,1,0,67244,47,46,4107875807397312975,13600,bd9d01a0c917,2026-08-31T09:03:24Z,100,99,1,,,,,,,,,,,,,,,,,
campaign_d_binary,binary_n100_near-ties_seed3.pcf,pac,2,0,138186,47,46,4107875807397312975,13600,bd9d01a0c917,2026-08-31T09:03:24Z,100,99,1,,,,,,,,,,,,,,,,,
campaign_d_binary,binary_n100_near-ties_seed4.pcf,pac,0,0,75075,40,39,3565652217847650075,13600,bd9d01a0c917,2026-08-31T09:03:24Z,100,99,1,,,,,,,,,,,,,,,,,
campaign_d_binary,binary_n100_near-ties_seed4.pcf,pac,1,0,63219,40,39,3565652217847650075,13600,bd9d01a0c917,2026-08-31T09:03:24Z,100,99,1,,,,,,,,,,,,,,,,,
campaign_d_binary,binary_n100_near-ties_seed4.pcf,pac,2,0,54444,40,39,3565652217847650075,13600,bd9d01a0c917,2026-08-31T09:03:24Z,100,99,1,,,,,,,,,,,,,,,,,
campaign_d_binary,binary_n100_near-ties_seed5.pcf,pac,0,0,76328,49,48,5107694975644694666,13600,bd9d01a0c917,2026-08-31T09:03:24Z,100,99,1,,,,,,,,,,,,,,,,,
campaign_d_binary,binary_n100_near-ties_seed5.pcf,pac,1,0,138944,49,48,5107694975644694666,13600,bd9d01a0c917,2026-08-31T09:03:24Z,100,99,1,,,,,,,,,,,,,,,,,
campaign_d_binary,binary_n100_near-ties_seed5.pcf,pac,2,0,56102,49,48,5107694975644694666,13600,bd9d01a0c917,2026-08-31T09:03:24Z,100,99,1,,,,,,,,,,,,,,,,,
campaign_d_binary,binary_n100_near-ties_seed6.pcf,pac,0,0,75027,36,35,16974281506654111531,13600,bd9d01a0c917,2026-08-31T09:03:24Z,100,99,1,,,,,,,,,,,,,,,,,
campaign_d_binary,binary_n100_near-ties_seed6.pcf,pac,1,0,61505,36,35,16974281506654111531,13600,bd9d01a0c917,2026-08-31T09:03:24Z,100,99,1,,,,,,,,,,,,,,,,,
campaign_d_binary,binary_n100_near-ties_seed6.pcf,pac,2,0,55232,36,35,16974281506654111531,13600,bd9d01a0c917,2026-08-31T09:03:24Z,100,99,1,,,,,,,,,,,,,,,,,
campaign_d_binary,binary_n100_near-ties_seed7.pcf,pac,0,0,92710,47,46,9889237309291445089,13600,bd9d01a0c917,2026-08-31T09:03:24Z,100,99,1,,,,,,,,,,,,,,,,,
campaign_d_binary,binary_n100_near-ties_seed7.pcf,pac,1,0,63078,47,46,9889237309291445089,13600,bd9d01a0c917,2026-08-31T09:03:24Z,100,99,1,,,,,,,,,,,,,,,,,
campaign_d_binary,binary_n100_near-ties_seed7.pcf,pac,2,0,53093,47,46,9889237309291445089,13600,bd9d01a0c917,2026-08-31T09:03:24Z,100,99,1,,,,,,,,,,,,,,,,,
campaign_d_binary,binary_n100_near-ties_seed8.pcf,pac,0,0,79575,42,41,14880854739264634961,13600,bd9d01a0c917,2026-08-31T09:03:24Z,100,99,1,,,,,,,,,,,,,,,,,
campaign_d_binary,binary_n100_near-ties_seed8.pcf,pac,1,0,67531,42,41,14880854739264634961,13600,bd9d01a0c917,2026-08-31T09:03:24Z,100,99,1,,,,,,,,,,,,,,,,,
campaign_d_binary,binary_n100_near-ties_seed8.pcf,pac,2,0,55177,42,41,14880854739264634961,13600,bd9d01a0c917,2026-08-31T09:03:24Z,100,99,1,,,,,,,,,,,,,,,,,
campaign_d_binary,binary_n100_near-ties_seed9.pcf,pac,0,0,69051,42,41,18015625404968715705,13600,bd9d01a0c917,2026-08-31T09:03:24Z,100,99,1,,,,,,,,,,,,,,,,,
campaign_d_binary,binary_n100_near-ties_seed9.pcf,pac,1,0,81133,42,41,18015625404968715705,13600,bd9d01a0c917,2026-08-31T09:03:24Z,100,99,1,,,,,,,,,,,,,,,,,
campaign_d_binary,binary_n100_near-ties_seed9.pcf,pac,2,0,48848,42,41,18015625404968715705,13600,bd9d01a0c917,2026-08-31T09:03:24Z,100,99,1,,,,,,,,,,,,,,,,,
campaign_d_binary,binary_n2000_anti-correlated_seed0.pcf,pac,0,0,9385039,977,976,4994274380996832509,13600,bd9d01a0c917,2026-08-31T09:03:24Z,2000,1999,1,,,,,,,,,,,,,,,,,
campaign_d_binary,binary_n2000_anti-correlated_seed0.pcf,pac,1,0,9204736,977,976,4994274380996832509,13600,bd9d01a0c917,2026-08-31T09:03:24Z,2000,1999,1,,,,,,,,,,,,,,,,,
campaign_d_binary,binary_n2000_anti-correlated_seed0.pcf,pac,2,0,9173460,977,976,4994274380996832509,13600,bd9d01a0c917,2026-08-31T09:03:24Z,2000,1999,1,,,,,,,,,,,,,,,,,
campaign_d_binary,binary_n2000_anti-correlated_seed1.pcf,pac,0,0,9217661,992,991,7385438227263503597,13600,bd9d01a0c917,2026-08-31T09:03:24Z,2000,1999,1,,,,,,,,,,,,,,,,,
campaign_d_binary,binary_n2000_anti-correlated_seed1.pcf,pac,1,0,9163979,992,991,7385438227263503597,13600,bd9d01a0c917,2026-08-31T09:03:24Z,2000,1999,1,,,,,,,,,,,,,,,,,
campaign_d_binary,binary_n2000_anti-correlated_seed1.pcf,pac,2,0,9129567,992,991,7385438227263503597,13600,bd9d01a0c917,2026-08-31T09:03:24Z,2000,1999,1,,,,,,,,,,,,,,,,,
campaign_d_binary,binary_n2000_anti-correlated_seed2.pcf,pac,0,0,9407706,973,972,14099427994576955969,13600,bd9d01a0c917,2026-08-31T09:03:24Z,2000,1999,1,,,,,,,,,,,,,,,,,
campaign_d_binary,binary_n2000_anti-correlated_seed2.pcf,pac,1,0,9324862,973,972,14099427994576955969,13600,bd9d01a0c917,2026-08-31T09:03:24Z,2000,1999,1,,,,,,,,,,,,,,,,,
campaign_d_binary,binary_n2000_anti-correlated_seed2.pcf,pac,2,0,9341787,973,972,14099427994576955969,13600,bd9d01a0c917,2026-08-31T09:03:24Z,2000,1999,1,,,,,,,,,,,,,,,,,
campaign_d_binary,binary_n2000_anti-correlated_seed3.pcf,pac,0,0,9317946,1022,1021,13004403156656997354,13600,bd9d01a0c917,2026-08-31T09:03:24Z,2000,1999,1,,,,,,,,,,,,,,,,,
campaign_d_binary,binary_n2000_anti-correlated_seed3.pcf,pac,1,0,9204962,1022,1021,13004403156656997354,13600,bd9d01a0c917,2026-08-31T09:03:24Z,2000,1999,1,,,,,,,,,,,,,,,,,
campaign_d_binary,binary_n2000_anti-correlated_seed3.pcf,pac,2,0,9246684,1022,1021,13004403156656997354,13600,bd9d01a0c917,2026-08-31T09:03:24Z,2000,1999,1,,,,,,,,,,,,,,,,,
campaign_d_binary,binary_n2000_anti-correlated_seed4.pcf,pac,0,0,9292032,991,990,11705469168072080086,13600,bd9d01a0c917,2026-08-31T09:03:24Z,2000,1999,1,,,,,,,,,,,,,,,,,
campaign_d_binary,binary_n2000_anti-correlated_seed4.pcf,pac,1,0,9236950,991,990,11705469168072080086,13600,bd9d01a0c917,2026-08-31T09:03:24Z,2000,1999,1,,,,,,,,,,,,,,,,,
campaign_d_binary,binary_n2000_anti-correlated_seed4.pcf,pac,2,0,9224221,991,990,11705469168072080086,13600,bd9d01a0c917,2026-08-31T09:03:24Z,2000,1999,1,,,,,,,,,,,,,,,,,
campaign_d_binary,binary_n2000_anti-correlated_seed5.pcf,pac,0,0,9325940,1032,1031,12411761968937594874,13760,bd9d01a0c917,2026-08-31T09:03:24Z,2000,1999,1,,,,,,,,,,,,,,,,,
campaign_d_binary,binary_n2000_anti-correlated_seed5.pcf,pac,1,0,9290699,1032,1031,12411761968937594874,13760,bd9d01a0c917,2026-08-31T09:03:24Z,2000,1999,1,,,,,,,,,,,,,,,,,
campaign_d_binary,binary_n2000_anti-correlated_seed5.pcf,pac,2,0,9255209,1032,1031,12411761968937594874,13760,bd9d01a0c917,2026-08-31T09:03:24Z,2000,1999,1,,,,,,,,,,,,,,,,,
campaign_d_binary,binary_n2000_anti-correlated_seed6.pcf,pac,0,0,9368719,990,989,15942331324105714559,13760,bd9d01a0c917,2026-08-31T09:03:24Z,2000,1999,1,,,,,,,,,,,,,,,,,
campaign_d_binary,binary_n2000_anti-correlated_seed6.pcf,pac,1,0,9294703,990,989,15942331324105714559,13760,bd9d01a0c917,2026-08-31T09:03:24Z,2000,1999,1,,,,,,,,,,,,,,,,,
campaign_d_binary,binary_n2000_anti-correlated_seed6.pcf,pac,2,0,9284017,990,989,15942331324105714559,13760,bd9d01a0c917,2026-08-31T09:03:24Z,2000,1999,1,,,,,,,,,,,,,,,,,
campaign_d_binary,binary_n2000_anti-correlated_seed7.pcf,pac,0,0,9473801,968,967,16915119904024545155,13760,bd9d01a0c917,2026-08-31T09:03:24Z,2000,1999,1,,,,,,,,,,,,,,,,,
campaign_d_binary,binary_n2000_anti-correlated_seed7.pcf,pac,1,0,9674341,968,967,16915119904024545155,13760,bd9d01a0c917,2026-08-31T09:03:24Z,2000,1999,1,,,,,,,,,,,,,,,,,
campaign_d_binary,binary_n2000_anti-correlated_seed7.pcf,pac,2,0,9705721,968,967,16915119904024545155,13760,bd9d01a0c917,2026-08-31T09:03:24Z,2000,1999,1,,,,,,,,,,,,,,,,,
campaign_d_binary,binary_n2000_anti-correlated_seed8.pcf,pac,0,0,9597632,1045,1044,12839322092756277369,13760,bd9d01a0c917,2026-08-31T09:03:24Z,2000,1999,1,,,,,,,,,,,,,,,,,
campaign_d_binary,binary_n2000_anti-correlated_seed8.pcf,pac,1,0,9295153,1045,1044,12839322092756277369,13760,bd9d01a0c917,2026-08-31T09:03:24Z,2000,1999,1,,,,,,,,,,,,,,,,,
campaign_d_binary,binary_n2000_anti-correlated_seed8.pcf,pac,2,0,9312046,1045,1044,12839322092756277369,13760,bd9d01a0c917,2026-08-31T09:03:24Z,2000,1999,1,,,,,,,,,,,,,,,,,
campaign_d_binary,binary_n2000_anti-correlated_seed9.pcf,pac,0,0,9260985,987,986,447488519133420192,13760,bd9d01a0c917,2026-08-31T09:03:24Z,2000,1999,1,,,,,,,,,,,,,,,,,
campaign_d_binary,binary_n2000_anti-correlated_seed9.pcf,pac,1,0,9181312,987,986,447488519133420192,13760,bd9d01a0c917,2026-08-31T09:03:24Z,2000,1999,1,,,,,,,,,,,,,,,,,
campaign_d_binary,binary_n2000_anti-correlated_seed9.pcf,pac,2,0,9157119,987,986,447488519133420192,13760,bd9d01a0c917,2026-08-31T09:03:24Z,2000,1999,1,,,,,,,,,,,,,,,,,
campaign_d_binary,binary_n2000_correlated_seed0.pcf,pac,0,0,9398608,992,991,15219775468968826567,13760,bd9d01a0c917,2026-08-31T09:03:24Z,2000,1999,1,,,,,,,,,,,,,,,,,
campaign_d_binary,binary_n2000_correlated_seed0.pcf,pac,1,0,9273357,992,991,15219775468968826567,13760,bd9d01a0c917,2026-08-31T09:03:24Z,2000,1999,1,,,,,,,,,,,,,,,,,
campaign_d_binary,binary_n2000_correlated_seed0.pcf,pac,2,0,9282674,992,991,15219775468968826567,13760,bd9d01a0c917,2026-08-31T09:03:24Z,2000,1999,1,,,,,,,,,,,,,,,,,
campaign_d_binary,binary_n2000_correlated_seed1.pcf,pac,0,0,9121544,959,958,14427829499521734398,13760,bd9d01a0c917,2026-08-31T09:03:24Z,2000,1999,1,,,,,,,,,,,,,,,,,
campaign_d_binary,binary_n2000_correlated_seed1.pcf,pac,1,0,9020616,959,958,14427829499521734398,13760,bd9d01a0c917,2026-08-31T09:03:24Z,2000,1999,1,,,,,,,,,,,,,,,,,
campaign_d_binary,binary_n2000_correlated_seed1.pcf,pac,2,0,9054409,959,958,14427829499521734398,13760,bd9d01a0c917,2026-08-31T09:03:24Z,2000,1999,1,,,,,,,,,,,,,,,,,
campaign_d_binary,binary_n2000_correlated_seed2.pcf,pac,0,0,9245472,964,963,4666227195262142993,13760,bd9d01a0c917,2026-08-31T09:03:24Z,2000,1999,1,,,,,,,,,,,,,,,,,
campaign_d_binary,binary_n2000_correlated_seed2.pcf,pac,1,0,9143209,964,963,4666227195262142993,13760,bd9d01a0c917,2026-08-31T09:03:24Z,2000,1999,1,,,,,,,,,,,,,,,,,
campaign_d_binary,binary_n2000_correlated_seed2.pcf,pac,2,0,9213392,964,963,4666227195262142993,13760,bd9d01a0c917,2026-08-31T09:03:24Z,2000,1999,1,,,,,,,,,,,,,,,,,
campaign_d_binary,binary_n2000_correlated_seed3.pcf,pac,0,0,9272891,1003,1002,2678152042999650027,13760,bd9d01a0c917,2026-08-31T09:03:24Z,2000,1999,1,,,,,,,,,,,,,,,,,
campaign_d_binary,binary_n2000_correlated_seed3.pcf,pac,1,0,9139370,1003,1002,2678152042999650027,13760,bd9d01a0c917,2026-08-31T09:03:25Z,2000,1999,1,,,,,,,,,,,,,,,,,
campaign_d_binary,binary_n2000_correlated_seed3.pcf,pac,2,0,9110432,1003,1002,2678152042999650027,13760,bd9d01a0c917,2026-08-31T09:03:25Z,2000,1999,1,,,,,,,,,,,,,,,,,
campaign_d_binary,binary_n2000_correlated_seed4.pcf,pac,0,0,9265523,987,986,15436262875251236776,13760,bd9d01a0c917,2026-08-31T09:03:25Z,2000,1999,1,,,,,,,,,,,,,,,,,
campaign_d_binary,binary_n2000_correlated_seed4.pcf,pac,1,0,9135843,987,986,15436262875251236776,13760,bd9d01a0c917,2026-08-31T09:03:25Z,2000,1999,1,,,,,,,,,,,,,,,,,
campaign_d_binary,binary_n2000_correlated_seed4.pcf,pac,2,0,9127120,987,986,15436262875251236776,13760,bd9d01a0c917,2026-08-31T09:03:25Z,2000,1999,1,,,,,,,,,,,,,,,,,
campaign_d_binary,binary_n2000_correlated_seed5.pcf,pac,0,0,9476779,955,954,913346894550510565,13760,bd9d01a0c917,2026-08-31T09:03:25Z,2000,1999,1,,,,,,,,,,,,,,,,,
campaign_d_binary,binary_n2000_correlated_seed5.pcf,pac,1,0,9619779,955,954,913346894550510565,13760,bd9d01a0c917,2026-08-31T09:03:25Z,2000,1999,1,,,,,,,,,,,,,,,,,
campaign_d_binary,binary_n2000_correlated_seed5.pcf,pac,2,0,9678731,955,954,913346894550510565,13760,bd9d01a0c917,2026-08-31T09:03:25Z,2000,1999,1,,,,,,,,,,,,,,,,,
campaign_d_binary,binary_n2000_correlated_seed6.pcf,pac,0,0,9598827,990,989,16906736554491138541,13760,bd9d01a0c917,2026-08-31T09:03:25Z,2000,1999,1,,,,,,,,,,,,,,,,,
campaign_d_binary,binary_n2000_correlated_seed6.pcf,pac,1,0,9125440,990,989,16906736554491138541,13760,bd9d01a0c917,2026-08-31T09:03:25Z,2000,1999,1,,,,,,,,,,,,,,,,,
campaign_d_binary,binary_n2000_correlated_seed6.pcf,pac,2,0,9049645,990,989,16906736554491138541,13760,bd9d01a0c917,2026-08-31T09:03:25Z,2000,1999,1,,,,,,,,,,,,,,,,,
campaign_d_binary,binary_n2000_correlated_seed7.pcf,pac,0,0,9354406,981,980,13049649306296792919,13760,bd9d01a0c917,2026-08-31T09:03:25Z,2000,1999,1,,,,,,,,,,,,,,,,,
campaign_d_binary,binary_n2000_correlated_seed7.pcf,pac,1,0,9256409,981,980,13049649306296792919,13760,bd9d01a0c917,2026-08-31T09:03:25Z,2000,1999,1,,,,,,,,,,,,,,,,,
campaign_d_binary,binary_n2000_correlated_seed7.pcf,pac,2,0,9230772,981,980,13049649306296792919,13760,bd9d01a0c917,2026-08-31T09:03:25Z,2000,1999,1,,,,,,,,,,,,,,,,,
campaign_d_binary,binary_n2000_correlated_seed8.pcf,pac,0,0,9272824,968,967,13077303173928427992,13760,bd9d01a0c917,2026-08-31T09:03:25Z,2000,1999,1,,,,,,,,,,,,,,,,,
campaign_d_binary,binary_n2000_correlated_seed8.pcf,pac,1,0,9214780,968,967,13077303173928427992,13760,bd9d01a0c917,2026-08-31T09:03:25Z,2000,1999,1,,,,,,,,,,,,,,,,,
campaign_d_binary,binary_n2000_correlated_seed8.pcf,pac,2,0,9202437,968,967,13077303173928427992,13760,bd9d01a0c917,2026-08-31T09:03:25Z,2000,1999,1,,,,,,,,,,,,,,,,,
campaign_d_binary,binary_n2000_correlated_seed9.pcf,pac,0,0,9400616,995,994,472390873604892112,13760,bd9d01a0c917,2026-08-31T09:03:25Z,2000,1999,1,,,,,,,,,,,,,,,,,
campaign_d_binary,binary_n2000_correlated_seed9.pcf,pac,1,0,9432204,995,994,472390873604892112,13760,bd9d01a0c917,2026-08-31T09:03:25Z,2000,1999,1,,,,,,,,,,,,,,,,,
campaign_d_binary,binary_n2000_correlated_seed9.pcf,pac,2,0,9175413,995,994,472390873604892112,13760,bd9d01a0c917,2026-08-31T09:03:25Z,2000,1999,1,,,,,,,,,,,,,,,,,
campaign_d_binary,binary_n2000_exact-ties_seed0.pcf,pac,0,0,7010226,439,438,9510752352160591402,13760,bd9d01a0c917,2026-08-31T09:03:25Z,2000,1999,1,,,,,,,,,,,,,,,,,
campaign_d_binary,binary_n2000_exact-ties_seed0.pcf,pac,1,0,6875639,439,438,9510752352160591402,13760,bd9d01a0c917,2026-08-31T09:03:25Z,2000,1999,1,,,,,,,,,,,,,,,,,
campaign_d_binary,binary_n2000_exact-ties_seed0.pcf,pac,2,0,6885197,439,438,9510752352160591402,13760,bd9d01a0c917,2026-08-31T09:03:25Z,2000,1999,1,,,,,,,,,,,,,,,,,
campaign_d_binary,binary_n2000_exact-ties_seed1.pcf,pac,0,0,7178962,436,435,4817305337611017402,13760,bd9d01a0c917,2026-08-31T09:03:25Z,2000,1999,1,,,,,,,,,,,,,,,,,
campaign_d_binary,binary_n2000_exact-ties_seed1.pcf,pac,1,0,7046621,436,435,4817305337611017402,13760,bd9d01a0c917,2026-08-31T09:03:25Z,2000,1999,1,,,,,,,,,,,,,,,,,
campaign_d_binary,binary_n2000_exact-ties_seed1.pcf,pac,2,0,7123825,436,435,4817305337611017402,13760,bd9d01a0c917,2026-08-31T09:03:25Z,2000,1999,1,,,,,,,,,,,,,,,,,
campaign_d_binary,binary_n2000_exact-ties_seed2.pcf,pac,0,0,7230816,439,438,7420589487358996895,13760,bd9d01a0c917,2026-08-31T09:03:25Z,2000,1999,1,,,,,,,,,,,,,,,,,
campaign_d_binary,binary_n2000_exact-ties_seed2.pcf,pac,1,0,7046159,439,438,7420589487358996895,13760,bd9d01a0c917,2026-08-31T09:03:25Z,2000,1999,1,,,,,,,,,,,,,,,,,
campaign_d_binary,binary_n2000_exact-ties_seed2.pcf,pac,2,0,7044533,439,438,7420589487358996895,13760,bd9d01a0c917,2026-08-31T09:03:25Z,2000,1999,1,,,,,,,,,,,,,,,,,
campaign_d_binary,binary_n2000_exact-ties_seed3.pcf,pac,0,0,7233189,446,445,4600410376572688616,13760,bd9d01a0c917,2026-08-31T09:03:25Z,2000,1999,1,,,,,,,,,,,,,,,,,
campaign_d_binary,binary_n2000_exact-ties_seed3.pcf,pac,1,0,7078196,446,445,4600410376572688616,13760,bd9d01a0c917,2026-08-31T09:03:25Z,2000,1999,1,,,,,,,,,,,,,,,,,
campaign_d_binary,binary_n2000_exact-ties_seed3.pcf,pac,2,0,7079604,446,445,4600410376572688616,13760,bd9d01a0c917,2026-08-31T09:03:25Z,2000,1999,1,,,,,,,,,,,,,,,,,
campaign_d_binary,binary_n2000_exact-ties_seed4.pcf,pac,0,0,7084741,424,423,11645227928960293361,13760,bd9d01a0c917,2026-08-31T09:03:25Z,2000,1999,1,,,,,,,,,,,,,,,,,
campaign_d_binary,binary_n2000_exact-ties_seed4.pcf,pac,1,0,7015557,424,423,11645227928960293361,13760,bd9d01a0c917,2026-08-31T09:03:25Z,2000,1999,1,,,,,,,,,,,,,,,,,
campaign_d_binary,binary_n2000_exact-ties_seed4.pcf,pac,2,0,6967588,424,423,11645227928960293361,13760,bd9d01a0c917,2026-08-31T09:03:25Z,2000,1999,1,,,,,,,,,,,,,,,,,
campaign_d_binary,binary_n2000_exact-ties_seed5.pcf,pac,0,0,6941459,441,440,13410938758947399988,13920,bd9d01a0c917,2026-08-31T09:03:25Z,2000,1999,1,,,,,,,,,,,,,,,,,
campaign_d_binary,binary_n2000_exact-ties_seed5.pcf,pac,1,0,6874613,441,440,13410938758947399988,13920,bd9d01a0c917,2026-08-31T09:03:25Z,2000,1999,1,,,,,,,,,,,,,,,,,
campaign_d_binary,binary_n2000_exact-ties_seed5.pcf,pac,2,0,6850390,441,440,13410938758947399988,13920,bd9d01a0c917,2026-08-31T09:03:25Z,2000,1999,1,,,,,,,,,,,,,,,,,
campaign_d_binary,binary_n2000_exact-ties_seed6.pcf,pac,0,0,7070972,418,417,17083353012560859094,13920,bd9d01a0c917,2026-08-31T09:03:25Z,2000,1999,1,,,,,,,,,,,,,,,,,
campaign_d_binary,binary_n2000_exact-ties_seed6.pcf,pac,1,0,6989942,418,417,17083353012560859094,13920,bd9d01a0c917,2026-08-31T09:03:25Z,2000,1999,1,,,,,,,,,,,,,,,,,
campaign_d_binary,binary_n2000_exact-ties_seed6.pcf,pac,2,0,6962490,418,417,17083353012560859094,13920,bd9d01a0c917,2026-08-31T09:03:25Z,2000,1999,1,,,,,,,,,,,,,,,,,
campaign_d_binary,binary_n2000_exact-ties_seed7.pcf,pac,0,0,6980451,422,421,2270330568333321880,13920,bd9d01a0c917,2026-08-31T09:03:25Z,2000,1999,1,,,,,,,,,,,,,,,,,
campaign_d_binary,binary_n2000_exact-ties_seed7.pcf,pac,1,0,6914267,422,421,2270330568333321880,13920,bd9d01a0c917,2026-08-31T09:03:25Z,2000,1999,1,,,,,,,,,,,,,,,,,
campaign_d_binary,binary_n2000_exact-ties_seed7.pcf,pac,2,0,6887310,422,421,2270330568333321880,13920,bd9d01a0c917,2026-08-31T09:03:25Z,2000,1999,1,,,,,,,,,,,,,,,,,
campaign_d_binary,binary_n2000_exact-ties_seed8.pcf,pac,0,0,7228798,432,431,9628570933741815734,13920,bd9d01a0c917,2026-08-31T09:03:25Z,2000,1999,1,,,,,,,,,,,,,,,,,
campaign_d_binary,binary_n2000_exact-ties_seed8.pcf,pac,1,0,7049179,432,431,9628570933741815734,13920,bd9d01a0c917,2026-08-31T09:03:25Z,2000,1999,1,,,,,,,,,,,,,,,,,
campaign_d_binary,binary_n2000_exact-ties_seed8.pcf,pac,2,0,7029850,432,431,9628570933741815734,13920,bd9d01a0c917,2026-08-31T09:03:25Z,2000,1999,1,,,,,,,,,,,,,,,,,
campaign_d_binary,binary_n2000_exact-ties_seed9.pcf,pac,0,0,7114657,449,448,16064889906194433978,13920,bd9d01a0c917,2026-08-31T09:03:25Z,2000,1999,1,,,,,,,,,,,,,,,,,
campaign_d_binary,binary_n2000_exact-ties_seed9.pcf,pac,1,0,7004821,449,448,16064889906194433978,13920,bd9d01a0c917,2026-08-31T09:03:25Z,2000,1999,1,,,,,,,,,,,,,,,,,
campaign_d_binary,binary_n2000_exact-ties_seed9.pcf,pac,2,0,7059946,449,448,16064889906194433978,13920,bd9d01a0c917,2026-08-31T09:03:25Z,2000,1999,1,,,,,,,,,,,,,,,,,
campaign_d_binary,binary_n2000_independent-positive_seed0.pcf,pac,0,0,9377689,986,985,16493903231442947508,13920,bd9d01a0c917,2026-08-31T09:03:25Z,2000,1999,1,,,,,,,,,,,,,,,,,
campaign_d_binary,binary_n2000_independent-positive_seed0.pcf,pac,1,0,9275644,986,985,16493903231442947508,13920,bd9d01a0c917,2026-08-31T09:03:25Z,2000,1999,1,,,,,,,,,,,,,,,,,
campaign_d_binary,binary_n2000_independent-positive_seed0.pcf,pac,2,0,9276339,986,985,16493903231442947508,13920,bd9d01a0c917,2026-08-31T09:03:25Z,2000,1999,1,,,,,,,,,,,,,,,,,
campaign_d_binary,binary_n2000_independent-positive_seed1.pcf,pac,0,0,9315290,1021,1020,16649318484739294793,13920,bd9d01a0c917,2026-08-31T09:03:25Z,2000,1999,1,,,,,,,,,,,,,,,,,
campaign_d_binary,binary_n2000_independent-positive_seed1.pcf,pac,1,0,9270512,1021,1020,16649318484739294793,13920,bd9d01a0c917,2026-08-31T09:03:25Z,2000,1999,1,,,,,,,,,,,,,,,,,
campaign_d_binary,binary_n2000_independent-positive_seed1.pcf,pac,2,0,9275601,1021,1020,16649318484739294793,13920,bd9d01a0c917,2026-08-31T09:03:25Z,2000,1999,1,,,,,,,,,,,,,,,,,
campaign_d_binary,binary_n2000_independent-positive_seed2.pcf,pac,0,0,9310744,1029,1028,12396077761855749652,13920,bd9d01a0c917,2026-08-31T09:03:25Z,2000,1999,1,,,,,,,,,,,,,,,,,
campaign_d_binary,binary_n2000_independent-positive_seed2.pcf,pac,1,0,9230581,1029,1028,12396077761855749652,13920,bd9d01a0c917,2026-08-31T09:03:25Z,2000,1999,1,,,,,,,,,,,,,,,,,
campaign_d_binary,binary_n2000_independent-positive_seed2.pcf,pac,2,0,9213027,1029,1028,12396077761855749652,13920,bd9d01a0c917,2026-08-31T09:03:25Z,2000,1999,1,,,,,,,,,,,,,,,,,
campaign_d_binary,binary_n2000_independent-positive_seed3.pcf,pac,0,0,9264691,985,984,14083097461629206338,13920,bd9d01a0c917,2026-08-31T09:03:25Z,2000,1999,1,,,,,,,,,,,,,,,,,
campaign_d_binary,binary_n2000_independent-positive_seed3.pcf,pac,1,0,9185566,985,984,14083097461629206338,13920,bd9d01a0c917,2026-08-31T09:03:25Z,2000,1999,1,,,,,,,,,,,,,,,,,
campaign_d_binary,binary_n2000_independent-positive_seed3.pcf,pac,2,0,9282919,985,984,14083097461629206338,13920,bd9d01a0c917,2026-08-31T09:03:25Z,2000,1999,1,,,,,,,,,,,,,,,,,
campaign_d_binary,binary_n2000_independent-positive_seed4.pcf,pac,0,0,9337667,983,982,1608585454059586051,13920,bd9d01a0c917,2026-08-31T09:03:25Z,2000,1999,1,,,,,,,,,,,,,,,,,
campaign_d_binary,binary_n2000_independent-positive_seed4.pcf,pac,1,0,9190795,983,982,1608585454059586051,13920,bd9d01a0c917,2026-08-31T09:03:25Z,2000,1999,1,,,,,,,,,,,,,,,,,
campaign_d_binary,binary_n2000_independent-positive_seed4.pcf,pac,2,0,9252300,983,982,1608585454059586051,13920,bd9d01a0c917,2026-08-31T09:03:25Z,2000,1999,1,,,,,,,,,,,,,,,,,
campaign_d_binary,binary_n2000_independent-positive_seed5.pcf,pac,0,0,9123557,1001,1000,6625276854390592491,13920,bd9d01a0c917,2026-08-31T09:03:25Z,2000,1999,1,,,,,,,,,,,,,,,,,
campaign_d_binary,binary_n2000_independent-positive_seed5.pcf,pac,1,0,9000950,1001,1000,6625276854390592491,13920,bd9d01a0c917,2026-08-31T09:03:25Z,2000,1999,1,,,,,,,,,,,,,,,,,
campaign_d_binary,binary_n2000_independent-positive_seed5.pcf,pac,2,0,8990644,1001,1000,6625276854390592491,13920,bd9d01a0c917,2026-08-31T09:03:25Z,2000,1999,1,,,,,,,,,,,,,,,,,
campaign_d_binary,binary_n2000_independent-positive_seed6.pcf,pac,0,0,9440978,968,967,13751360305528749492,13920,bd9d01a0c917,2026-08-31T09:03:25Z,2000,1999,1,,,,,,,,,,,,,,,,,
campaign_d_binary,binary_n2000_independent-positive_seed6.pcf,pac,1,0,9375167,968,967,13751360305528749492,13920,bd9d01a0c917,2026-08-31T09:03:25Z,2000,1999,1,,,,,,,,,,,,,,,,,
campaign_d_binary,binary_n2000_independent-positive_seed6.pcf,pac,2,0,9421201,968,967,13751360305528749492,13920,bd9d01a0c917,2026-08-31T09:03:25Z,2000,1999,1,,,,,,,,,,,,,,,,,
campaign_d_binary,binary_n2000_independent-positive_seed7.pcf,pac,0,0,9478392,1058,1057,3750341474407724493,13920,bd9d01a0c917,2026-08-31T09:03:25Z,2000,1999,1,,,,,,,,,,,,,,,,,
campaign_d_binary,binary_n2000_independent-positive_seed7.pcf,pac,1,0,9379647,1058,1057,3750341474407724493,13920,bd9d01a0c917,2026-08-31T09:03:25Z,2000,1999,1,,,,,,,,,,,,,,,,,
campaign_d_binary,binary_n2000_independent-positive_seed7.pcf,pac,2,0,9380858,1058,1057,3750341474407724493,13920,bd9d01a0c917,2026-08-31T09:03:25Z,2000,1999,1,,,,,,,,,,,,,,,,,
campaign_d_binary,binary_n2000_independent-positive_seed8.pcf,pac,0,0,9360180,1006,1005,15430874392795653481,13920,bd9d01a0c917,2026-08-31T09:03:25Z,2000,1999,1,,,,,,,,,,,,,,,,,
campaign_d_binary,binary_n2000_independent-positive_seed8.pcf,pac,1,0,9282843,1006,1005,15430874392795653481,13920,bd9d01a0c917,2026-08-31T09:03:25Z,2000,1999,1,,,,,,,,,,,,,,,,,
campaign_d_binary,binary_n2000_independent-positive_seed8.pcf,pac,2,0,9269117,1006,1005,15430874392795653481,13920,bd9d01a0c917,2026-08-31T09:03:25Z,2000,1999,1,,,,,,,,,,,,,,,,,
campaign_d_binary,binary_n2000_independent-positive_seed9.pcf,pac,0,0,9342488,1009,1008,2416847493945634067,13920,bd9d01a0c917,2026-08-31T09:03:25Z,2000,1999,1,,,,,,,,,,,,,,,,,
campaign_d_binary,binary_n2000_independent-positive_seed9.pcf,pac,1,0,9251526,1009,1008,2416847493945634067,13920,bd9d01a0c917,2026-08-31T09:03:25Z,2000,1999,1,,,,,,,,,,,,,,,,,
campaign_d_binary,binary_n2000_independent-positive_seed9.pcf,pac,2,0,9279119,1009,1008,2416847493945634067,13920,bd9d01a0c917,2026-08-31T09:03:25Z,2000,1999,1,,,,,,,,,,,,,,,,,
campaign_d_binary,binary_n2000_independent-signed_seed0.pcf,pac,0,0,9342528,991,990,6852106114331189643,13920,bd9d01a0c917,2026-08-31T09:03:25Z,2000,1999,1,,,,,,,,,,,,,,,,,
campaign_d_binary,binary_n2000_independent-signed_seed0.pcf,pac,1,0,9224086,991,990,6852106114331189643,13920,bd9d01a0c917,2026-08-31T09:03:25Z,2000,1999,1,,,,,,,,,,,,,,,,,
campaign_d_binary,binary_n2000_independent-signed_seed0.pcf,pac,2,0,9229986,991,990,6852106114331189643,13920,bd9d01a0c917,2026-08-31T09:03:25Z,2000,1999,1,,,,,,,,,,,,,,,,,
campaign_d_binary,binary_n2000_independent-signed_seed1.pcf,pac,0,0,9165386,1002,1001,10428893968074791832,13920,bd9d01a0c917,2026-08-31T09:03:25Z,2000,1999,1,,,,,,,,,,,,,,,,,
campaign_d_binary,binary_n2000_independent-signed_seed1.pcf,pac,1,0,9101473,1002,1001,10428893968074791832,13920,bd9d01a0c917,2026-08-31T09:03:25Z,2000,1999,1,,,,,,,,,,,,,,,,,
campaign_d_binary,binary_n2000_independent-signed_seed1.pcf,pac,2,0,9204380,1002,1001,10428893968074791832,13920,bd9d01a0c917,2026-08-31T09:03:25Z,2000,1999,1,,,,,,,,,,,,,,,,,
campaign_d_binary,binary_n2000_independent-signed_seed2.pcf,pac,0,0,9625159,992,991,12193941313985678101,13920,bd9d01a0c917,2026-08-31T09:03:25Z,2000,1999,1,,,,,,,,,,,,,,,,,
campaign_d_binary,binary_n2000_independent-signed_seed2.pcf,pac,1,0,9565181,992,991,12193941313985678101,13920,bd9d01a0c917,2026-08-31T09:03:25Z,2000,1999,1,,,,,,,,,,,,,,,,,
campaign_d_binary,binary_n2000_independent-signed_seed2.pcf,pac,2,0,9288075,992,991,12193941313985678101,13920,bd9d01a0c917,2026-08-31T09:03:25Z,2000,1999,1,,,,,,,,,,,,,,,,,
campaign_d_binary,binary_n2000_independent-signed_seed3.pcf,pac,0,0,9279608,1024,1023,2089488169690802930,14080,bd9d01a0c917,2026-08-31T09:03:25Z,2000,1999,1,,,,,,,,,,,,,,,,,
campaign_d_binary,binary_n2000_independent-signed_seed3.pcf,pac,1,0,9238312,1024,1023,2089488169690802930,14080,bd9d01a0c917,2026-08-31T09:03:25Z,2000,1999,1,,,,,,,,,,,,,,,,,
campaign_d_binary,binary_n2000_independent-signed_seed3.pcf,pac,2,0,9251147,1024,1023,2089488169690802930,14080,bd9d01a0c917,2026-08-31T09:03:25Z,2000,1999,1,,,,,,,,,,,,,,,,,
campaign_d_binary,binary_n2000_independent-signed_seed4.pcf,pac,0,0,9373248,1019,1018,3110573944082429514,14080,bd9d01a0c917,2026-08-31T09:03:25Z,2000,1999,1,,,,,,,,,,,,,,,,,
campaign_d_binary,binary_n2000_independent-signed_seed4.pcf,pac,1,0,9306382,1019,1018,3110573944082429514,14080,bd9d01a0c917,2026-08-31T09:03:25Z,2000,1999,1,,,,,,,,,,,,,,,,,
campaign_d_binary,binary_n2000_independent-signed_seed4.pcf,pac,2,0,9352301,1019,1018,3110573944082429514,14080,bd9d01a0c917,2026-08-31T09:03:25Z,2000,1999,1,,,,,,,,,,,,,,,,,
campaign_d_binary,binary_n2000_independent-signed_seed5.pcf,pac,0,0,9563620,981,980,6893475313146897849,14080,bd9d01a0c917,2026-08-31T09:03:25Z,2000,1999,1,,,,,,,,,,,,,,,,,
campaign_d_binary,binary_n2000_independent-signed_seed5.pcf,pac,1,0,9504693,981,980,6893475313146897849,14080,bd9d01a0c917,2026-08-31T09:03:25Z,2000,1999,1,,,,,,,,,,,,,,,,,
campaign_d_binary,binary_n2000_independent-signed_seed5.pcf,pac,2,0,9433814,981,980,6893475313146897849,14080,bd9d01a0c917,2026-08-31T09:03:25Z,2000,1999,1,,,,,,,,,,,,,,,,,
campaign_d_binary,binary_n2000_independent-signed_seed6.pcf,pac,0,0,9500663,973,972,13020229795533628964,14080,bd9d01a0c917,2026-08-31T09:03:25Z,2000,1999,1,,,,,,,,,,,,,,,,,
campaign_d_binary,binary_n2000_independent-signed_seed6.pcf,pac,1,0,9288022,973,972,13020229795533628964,14080,bd9d01a0c917,2026-08-31T09:03:25Z,2000,1999,1,,,,,,,,,,,,,,,,,
campaign_d_binary,binary_n2000_independent-signed_seed6.pcf,pac,2,0,9217222,973,972,13020229795533628964,14080,bd9d01a0c917,2026-08-31T09:03:25Z,2000,1999,1,,,,,,,,,,,,,,,,,
campaign_d_binary,binary_n2000_independent-signed_seed7.pcf,pac,0,0,9348353,1016,1015,5594258260243459730,14080,bd9d01a0c917,2026-08-31T09:03:25Z,2000,1999,1,,,,,,,,,,,,,,,,,
campaign_d_binary,binary_n2000_independent-signed_seed7.pcf,pac,1,0,9212734,1016,1015,5594258260243459730,14080,bd9d01a0c917,2026-08-31T09:03:25Z,2000,1999,1,,,,,,,,,,,,,,,,,
campaign_d_binary,binary_n2000_independent-signed_seed7.pcf,pac,2,0,9272151,1016,1015,5594258260243459730,14080,bd9d01a0c917,2026-08-31T09:03:26Z,2000,1999,1,,,,,,,,,,,,,,,,,
campaign_d_binary,binary_n2000_independent-signed_seed8.pcf,pac,0,0,9459514,1027,1026,9898248606500700070,14080,bd9d01a0c917,2026-08-31T09:03:26Z,2000,1999,1,,,,,,,,,,,,,,,,,
campaign_d_binary,binary_n2000_independent-signed_seed8.pcf,pac,1,0,9320409,1027,1026,9898248606500700070,14080,bd9d01a0c917,2026-08-31T09:03:26Z,2000,1999,1,,,,,,,,,,,,,,,,,
campaign_d_binary,binary_n2000_independent-signed_seed8.pcf,pac,2,0,9284898,1027,1026,9898248606500700070,14080,bd9d01a0c917,2026-08-31T09:03:26Z,2000,1999,1,,,,,,,,,,,,,,,,,
campaign_d_binary,binary_n2000_independent-signed_seed9.pcf,pac,0,0,9381561,1010,1009,9866693603027718010,14080,bd9d01a0c917,2026-08-31T09:03:26Z,2000,1999,1,,,,,,,,,,,,,,,,,
campaign_d_binary,binary_n2000_independent-signed_seed9.pcf,pac,1,0,9338980,1010,1009,9866693603027718010,14080,bd9d01a0c917,2026-08-31T09:03:26Z,2000,1999,1,,,,,,,,,,,,,,,,,
campaign_d_binary,binary_n2000_independent-signed_seed9.pcf,pac,2,0,9491637,1010,1009,9866693603027718010,14080,bd9d01a0c917,2026-08-31T09:03:26Z,2000,1999,1,,,,,,,,,,,,,,,,,
campaign_d_binary,binary_n2000_near-ties_seed0.pcf,pac,0,0,6843252,327,326,17949219128572057948,14080,bd9d01a0c917,2026-08-31T09:03:26Z,2000,1999,1,,,,,,,,,,,,,,,,,
campaign_d_binary,binary_n2000_near-ties_seed0.pcf,pac,1,0,6659562,327,326,17949219128572057948,14080,bd9d01a0c917,2026-08-31T09:03:26Z,2000,1999,1,,,,,,,,,,,,,,,,,
campaign_d_binary,binary_n2000_near-ties_seed0.pcf,pac,2,0,6609443,327,326,17949219128572057948,14080,bd9d01a0c917,2026-08-31T09:03:26Z,2000,1999,1,,,,,,,,,,,,,,,,,
campaign_d_binary,binary_n2000_near-ties_seed1.pcf,pac,0,0,6712378,323,322,3793388666893163533,14080,bd9d01a0c917,2026-08-31T09:03:26Z,2000,1999,1,,,,,,,,,,,,,,,,,
campaign_d_binary,binary_n2000_near-ties_seed1.pcf,pac,1,0,6682745,323,322,3793388666893163533,14080,bd9d01a0c917,2026-08-31T09:03:26Z,2000,1999,1,,,,,,,,,,,,,,,,,
campaign_d_binary,binary_n2000_near-ties_seed1.pcf,pac,2,0,6639985,323,322,3793388666893163533,14080,bd9d01a0c917,2026-08-31T09:03:26Z,2000,1999,1,,,,,,,,,,,,,,,,,
campaign_d_binary,binary_n2000_near-ties_seed2.pcf,pac,0,0,6665360,329,328,11961489041699451373,14080,bd9d01a0c917,2026-08-31T09:03:26Z,2000,1999,1,,,,,,,,,,,,,,,,,
campaign_d_binary,binary_n2000_near-ties_seed2.pcf,pac,1,0,6606761,329,328,11961489041699451373,14080,bd9d01a0c917,2026-08-31T09:03:26Z,2000,1999,1,,,,,,,,,,,,,,,,,
campaign_d_binary,binary_n2000_near-ties_seed2.pcf,pac,2,0,6554897,329,328,11961489041699451373,14080,bd9d01a0c917,2026-08-31T09:03:26Z,2000,1999,1,,,,,,,,,,,,,,,,,
campaign_d_binary,binary_n2000_near-ties_seed3.pcf,pac,0,0,6544127,328,327,10004610746688156027,14080,bd9d01a0c917,2026-08-31T09:03:26Z,2000,1999,1,,,,,,,,,,,,,,,,,
campaign_d_binary,binary_n2000_near-ties_seed3.pcf,pac,1,0,6476957,328,327,10004610746688156027,14080,bd9d01a0c917,2026-08-31T09:03:26Z,2000,1999,1,,,,,,,,,,,,,,,,,
campaign_d_binary,binary_n2000_near-ties_seed3.pcf,pac,2,0,6451325,328,327,10004610746688156027,14080,bd9d01a0c917,2026-08-31T09:03:26Z,2000,1999,1,,,,,,,,,,,,,,,,,
campaign_d_binary,binary_n2000_near-ties_seed4.pcf,pac,0,0,6610035,332,331,14827248810104513905,14080,bd9d01a0c917,2026-08-31T09:03:26Z,2000,1999,1,,,,,,,,,,,,,,,,,
campaign_d_binary,binary_n2000_near-ties_seed4.pcf,pac,1,0,6620053,332,331,14827248810104513905,14080,bd9d01a0c917,2026-08-31T09:03:26Z,2000,1999,1,,,,,,,,,,,,,,,,,
campaign_d_binary,binary_n2000_near-ties_seed4.pcf,pac,2,0,6603965,332,331,14827248810104513905,14080,bd9d01a0c917,2026-08-31T09:03:26Z,2000,1999,1,,,,,,,,,,,,,,,,,
campaign_d_binary,binary_n2000_near-ties_seed5.pcf,pac,0,0,6747129,323,322,9339130315899794502,14080,bd9d01a0c917,2026-08-31T09:03:26Z,2000,1999,1,,,,,,,,,,,,,,,,,
campaign_d_binary,binary_n2000_near-ties_seed5.pcf,pac,1,0,6699065,323,322,9339130315899794502,14080,bd9d01a0c917,2026-08-31T09:03:26Z,2000,1999,1,,,,,,,,,,,,,,,,,
campaign_d_binary,binary_n2000_near-ties_seed5.pcf,pac,2,0,6677471,323,322,9339130315899794502,14080,bd9d01a0c917,2026-08-31T09:03:26Z,2000,1999,1,,,,,,,,,,,,,,,,,
campaign_d_binary,binary_n2000_near-ties_seed6.pcf,pac,0,0,6683659,332,331,17979825067517761891,14080,bd9d01a0c917,2026-08-31T09:03:26Z,2000,1999,1,,,,,,,,,,,,,,,,,
campaign_d_binary,binary_n2000_near-ties_seed6.pcf,pac,1,0,6631558,332,331,17979825067517761891,14080,bd9d01a0c917,2026-08-31T09:03:26Z,2000,1999,1,,,,,,,,,,,,,,,,,
campaign_d_binary,binary_n2000_near-ties_seed6.pcf,pac,2,0,6597483,332,331,17979825067517761891,14080,bd9d01a0c917,2026-08-31T09:03:26Z,2000,1999,1,,,,,,,,,,,,,,,,,
campaign_d_binary,binary_n2000_near-ties_seed7.pcf,pac,0,0,6639293,335,334,11999026789358840934,14080,bd9d01a0c917,2026-08-31T09:03:26Z,2000,1999,1,,,,,,,,,,,,,,,,,
campaign_d_binary,binary_n2000_near-ties_seed7.pcf,pac,1,0,6608633,335,334,11999026789358840934,14080,bd9d01a0c917,2026-08-31T09:03:26Z,2000,1999,1,,,,,,,,,,,,,,,,,
campaign_d_binary,binary_n2000_near-ties_seed7.pcf,pac,2,0,6540453,335,334,11999026789358840934,14080,bd9d01a0c917,2026-08-31T09:03:26Z,2000,1999,1,,,,,,,,,,,,,,,,,
campaign_d_binary,binary_n2000_near-ties_seed8.pcf,pac,0,0,6662601,315,314,1801199509313276478,14080,bd9d01a0c917,2026-08-31T09:03:26Z,2000,1999,1,,,,,,,,,,,,,,,,,
campaign_d_binary,binary_n2000_near-ties_seed8.pcf,pac,1,0,6568334,315,314,1801199509313276478,14080,bd9d01a0c917,2026-08-31T09:03:26Z,2000,1999,1,,,,,,,,,,,,,,,,,
campaign_d_binary,binary_n2000_near-ties_seed8.pcf,pac,2,0,6574498,315,314,1801199509313276478,14080,bd9d01a0c917,2026-08-31T09:03:26Z,2000,1999,1,,,,,,,,,,,,,,,,,
campaign_d_binary,binary_n2000_near-ties_seed9.pcf,pac,0,0,6818210,334,333,7130714006736581192,14080,bd9d01a0c917,2026-08-31T09:03:26Z,2000,1999,1,,,,,,,,,,,,,,,,,
campaign_d_binary,binary_n2000_near-ties_seed9.pcf,pac,1,0,6789857,334,333,7130714006736581192,14080,bd9d01a0c917,2026-08-31T09:03:26Z,2000,1999,1,,,,,,,,,,,,,,,,,
campaign_d_binary,binary_n2000_near-ties_seed9.pcf,pac,2,0,6704081,334,333,7130714006736581192,14080,bd9d01a0c917,2026-08-31T09:03:26Z,2000,1999,1,,,,,,,,,,,,,,,,,
campaign_d_binary,binary_n200_anti-correlated_seed0.pcf,pac,0,0,202393,92,91,17829864119472814961,14080,bd9d01a0c917,2026-08-31T09:03:26Z,200,199,1,,,,,,,,,,,,,,,,,
campaign_d_binary,binary_n200_anti-correlated_seed0.pcf,pac,1,0,187081,92,91,17829864119472814961,14080,bd9d01a0c917,2026-08-31T09:03:26Z,200,199,1,,,,,,,,,,,,,,,,,
campaign_d_binary,binary_n200_anti-correlated_seed0.pcf,pac,2,0,189056,92,91,17829864119472814961,14080,bd9d01a0c917,2026-08-31T09:03:26Z,200,199,1,,,,,,,,,,,,,,,,,
campaign_d_binary,binary_n200_anti-correlated_seed1.pcf,pac,0,0,197588,103,102,8735060684168166936,14080,bd9d01a0c917,2026-08-31T09:03:26Z,200,199,1,,,,,,,,,,,,,,,,,
campaign_d_binary,binary_n200_anti-correlated_seed1.pcf,pac,1,0,190211,103,102,8735060684168166936,14080,bd9d01a0c917,2026-08-31T09:03:26Z,200,199,1,,,,,,,,,,,,,,,,,
campaign_d_binary,binary_n200_anti-correlated_seed1.pcf,pac,2,0,189368,103,102,8735060684168166936,14080,bd9d01a0c917,2026-08-31T09:03:26Z,200,199,1,,,,,,,,,,,,,,,,,
campaign_d_binary,binary_n200_anti-correlated_seed2.pcf,pac,0,0,192290,92,91,10692418219071322694,14080,bd9d01a0c917,2026-08-31T09:03:26Z,200,199,1,,,,,,,,,,,,,,,,,
campaign_d_binary,binary_n200_anti-correlated_seed2.pcf,pac,1,0,176206,92,91,10692418219071322694,14080,bd9d01a0c917,2026-08-31T09:03:26Z,200,199,1,,,,,,,,,,,,,,,,,
campaign_d_binary,binary_n200_anti-correlated_seed2.pcf,pac,2,0,177338,92,91,10692418219071322694,14080,bd9d01a0c917,2026-08-31T09:03:26Z,200,199,1,,,,,,,,,,,,,,,,,
campaign_d_binary,binary_n200_anti-correlated_seed3.pcf,pac,0,0,200620,102,101,4469493765911232966,14240,bd9d01a0c917,2026-08-31T09:03:26Z,200,199,1,,,,,,,,,,,,,,,,,
campaign_d_binary,binary_n200_anti-correlated_seed3.pcf,pac,1,0,181088,102,101,4469493765911232966,14240,bd9d01a0c917,2026-08-31T09:03:26Z,200,199,1,,,,,,,,,,,,,,,,,
campaign_d_binary,binary_n200_anti-correlated_seed3.pcf,pac,2,0,191311,102,101,4469493765911232966,14240,bd9d01a0c917,2026-08-31T09:03:26Z,200,199,1,,,,,,,,,,,,,,,,,
campaign_d_binary,binary_n200_anti-correlated_seed4.pcf,pac,0,0,191669,94,93,606165849258324923,14240,bd9d01a0c917,2026-08-31T09:03:26Z,200,199,1,,,,,,,,,,,,,,,,,
campaign_d_binary,binary_n200_anti-correlated_seed4.pcf,pac,1,0,181593,94,93,606165849258324923,14240,bd9d01a0c917,2026-08-31T09:03:26Z,200,199,1,,,,,,,,,,,,,,,,,
campaign_d_binary,binary_n200_anti-correlated_seed4.pcf,pac,2,0,178950,94,93,606165849258324923,14240,bd9d01a0c917,2026-08-31T09:03:26Z,200,199,1,,,,,,,,,,,,,,,,,
campaign_d_binary,binary_n200_anti-correlated_seed5.pcf,pac,0,0,207786,89,88,18104671720060072837,14240,bd9d01a0c917,2026-08-31T09:03:26Z,200,199,1,,,,,,,,,,,,,,,,,
campaign_d_binary,binary_n200_anti-correlated_seed5.pcf,pac,1,0,189723,89,88,18104671720060072837,14240,bd9d01a0c917,2026-08-31T09:03:26Z,200,199,1,,,,,,,,,,,,,,,,,
campaign_d_binary,binary_n200_anti-correlated_seed5.pcf,pac,2,0,187574,89,88,18104671720060072837,14240,bd9d01a0c917,2026-08-31T09:03:26Z,200,199,1,,,,,,,,,,,,,,,,,
campaign_d_binary,binary_n200_anti-correlated_seed6.pcf,pac,0,0,254928,99,98,757866062360113767,14240,bd9d01a0c917,2026-08-31T09:03:26Z,200,199,1,,,,,,,,,,,,,,,,,
campaign_d_binary,binary_n200_anti-correlated_seed6.pcf,pac,1,0,187077,99,98,757866062360113767,14240,bd9d01a0c917,2026-08-31T09:03:26Z,200,199,1,,,,,,,,,,,,,,,,,
campaign_d_binary,binary_n200_anti-correlated_seed6.pcf,pac,2,0,182450,99,98,757866062360113767,14240,bd9d01a0c917,2026-08-31T09:03:26Z,200,199,1,,,,,,,,,,,,,,,,,
campaign_d_binary,binary_n200_anti-correlated_seed7.pcf,pac,0,0,197895,98,97,117942840768415194,14240,bd9d01a0c917,2026-08-31T09:03:26Z,200,199,1,,,,,,,,,,,,,,,,,
campaign_d_binary,binary_n200_anti-correlated_seed7.pcf,pac,1,0,182415,98,97,117942840768415194,14240,bd9d01a0c917,2026-08-31T09:03:26Z,200,199,1,,,,,,,,,,,,,,,,,
campaign_d_binary,binary_n200_anti-correlated_seed7.pcf,pac,2,0,176138,98,97,117942840768415194,14240,bd9d01a0c917,2026-08-31T09:03:26Z,200,199,1,,,,,,,,,,,,,,,,,
campaign_d_binary,binary_n200_anti-correlated_seed8.pcf,pac,0,0,205649,100,99,1988872084574668743,14240,bd9d01a0c917,2026-08-31T09:03:26Z,200,199,1,,,,,,,,,,,,,,,,,
campaign_d_binary,binary_n200_anti-correlated_seed8.pcf,pac,1,0,178489,100,99,1988872084574668743,14240,bd9d01a0c917,2026-08-31T09:03:26Z,200,199,1,,,,,,,,,,,,,,,,,
campaign_d_binary,binary_n200_anti-correlated_seed8.pcf,pac,2,0,180632,100,99,1988872084574668743,14240,bd9d01a0c917,2026-08-31T09:03:26Z,200,199,1,,,,,,,,,,,,,,,,,
campaign_d_binary,binary_n200_anti-correlated_seed9.pcf,pac,0,0,271079,106,105,12075696961275448723,14240,bd9d01a0c917,2026-08-31T09:03:26Z,200,199,1,,,,,,,,,,,,,,,,,
campaign_d_binary,binary_n200_anti-correlated_seed9.pcf,pac,1,0,190558,106,105,12075696961275448723,14240,bd9d01a0c917,2026-08-31T09:03:26Z,200,199,1,,,,,,,,,,,,,,,,,
campaign_d_binary,binary_n200_anti-correlated_seed9.pcf,pac,2,0,185194,106,105,12075696961275448723,14240,bd9d01a0c917,2026-08-31T09:03:26Z,200,199,1,,,,,,,,,,,,,,,,,
campaign_d_binary,binary_n200_correlated_seed0.pcf,pac,0,0,201182,94,93,5476384392448602744,14240,bd9d01a0c917,2026-08-31T09:03:26Z,200,199,1,,,,,,,,,,,,,,,,,
campaign_d_binary,binary_n200_correlated_seed0.pcf,pac,1,0,180123,94,93,5476384392448602744,14240,bd9d01a0c917,2026-08-31T09:03:26Z,200,199,1,,,,,,,,,,,,,,,,,
campaign_d_binary,binary_n200_correlated_seed0.pcf,pac,2,0,185688,94,93,5476384392448602744,14240,bd9d01a0c917,2026-08-31T09:03:26Z,200,199,1,,,,,,,,,,,,,,,,,
campaign_d_binary,binary_n200_correlated_seed1.pcf,pac,0,0,195340,102,101,560069123939721566,14240,bd9d01a0c917,2026-08-31T09:03:26Z,200,199,1,,,,,,,,,,,,,,,,,
campaign_d_binary,binary_n200_correlated_seed1.pcf,pac,1,0,184084,102,101,560069123939721566,14240,bd9d01a0c917,2026-08-31T09:03:26Z,200,199,1,,,,,,,,,,,,,,,,,
campaign_d_binary,binary_n200_correlated_seed1.pcf,pac,2,0,181360,102,101,560069123939721566,14240,bd9d01a0c917,2026-08-31T09:03:26Z,200,199,1,,,,,,,,,,,,,,,,,
campaign_d_binary,binary_n200_correlated_seed2.pcf,pac,0,0,196497,90,89,5145255534148527340,14240,bd9d01a0c917,2026-08-31T09:03:26Z,200,199,1,,,,,,,,,,,,,,,,,
campaign_d_binary,binary_n200_correlated_seed2.pcf,pac,1,0,177409,90,89,5145255534148527340,14240,bd9d01a0c917,2026-08-31T09:03:26Z,200,199,1,,,,,,,,,,,,,,,,,
campaign_d_binary,binary_n200_correlated_seed2.pcf,pac,2,0,173951,90,89,5145255534148527340,14240,bd9d01a0c917,2026-08-31T09:03:26Z,200,199,1,,,,,,,,,,,,,,,,,
campaign_d_binary,binary_n200_correlated_seed3.pcf,pac,0,0,191115,102,101,17792598638340341234,14240,bd9d01a0c917,2026-08-31T09:03:26Z,200,199,1,,,,,,,,,,,,,,,,,
campaign_d_binary,binary_n200_correlated_seed3.pcf,pac,1,0,185437,102,101,17792598638340341234,14240,bd9d01a0c917,2026-08-31T09:03:26Z,200,199,1,,,,,,,,,,,,,,,,,
campaign_d_binary,binary_n200_correlated_seed3.pcf,pac,2,0,174031,102,101,17792598638340341234,14240,bd9d01a0c917,2026-08-31T09:03:26Z,200,199,1,,,,,,,,,,,,,,,,,
campaign_d_binary,binary_n200_correlated_seed4.pcf,pac,0,0,192755,103,102,3119231960113454357,14240,bd9d01a0c917,2026-08-31T09:03:26Z,200,199,1,,,,,,,,,,,,,,,,,
campaign_d_binary,binary_n200_correlated_seed4.pcf,pac,1,0,180248,103,102,3119231960113454357,14240,bd9d01a0c917,2026-08-31T09:03:26Z,200,199,1,,,,,,,,,,,,,,,,,
campaign_d_binary,binary_n200_correlated_seed4.pcf,pac,2,0,171863,103,102,3119231960113454357,14240,bd9d01a0c917,2026-08-31T09:03:26Z,200,199,1,,,,,,,,,,,,,,,,,
campaign_d_binary,binary_n200_correlated_seed5.pcf,pac,0,0,194490,99,98,14226429030121669141,14240,bd9d01a0c917,2026-08-31T09:03:26Z,200,199,1,,,,,,,,,,,,,,,,,
campaign_d_binary,binary_n200_correlated_seed5.pcf,pac,1,0,191636,99,98,14226429030121669141,14240,bd9d01a0c917,2026-08-31T09:03:26Z,200,199,1,,,,,,,,,,,,,,,,,
campaign_d_binary,binary_n200_correlated_seed5.pcf,pac,2,0,186239,99,98,14226429030121669141,14240,bd9d01a0c917,2026-08-31T09:03:26Z,200,199,1,,,,,,,,,,,,,,,,,
campaign_d_binary,binary_n200_correlated_seed6.pcf,pac,0,0,190750,103,102,17439746681387784505,14240,bd9d01a0c917,2026-08-31T09:03:26Z,200,199,1,,,,,,,,,,,,,,,,,
campaign_d_binary,binary_n200_correlated_seed6.pcf,pac,1,0,181884,103,102,17439746681387784505,14240,bd9d01a0c917,2026-08-31T09:03:26Z,200,199,1,,,,,,,,,,,,,,,,,
campaign_d_binary,binary_n200_correlated_seed6.pcf,pac,2,0,183816,103,102,17439746681387784505,14240,bd9d01a0c917,2026-08-31T09:03:26Z,200,199,1,,,,,,,,,,,,,,,,,
campaign_d_binary,binary_n200_correlated_seed7.pcf,pac,0,0,189359,97,96,5706383767523261894,14240,bd9d01a0c917,2026-08-31T09:03:26Z,200,199,1,,,,,,,,,,,,,,,,,
campaign_d_binary,binary_n200_correlated_seed7.pcf,pac,1,0,247476,97,96,5706383767523261894,14240,bd9d01a0c917,2026-08-31T09:03:26Z,200,199,1,,,,,,,,,,,,,,,,,
campaign_d_binary,binary_n200_correlated_seed7.pcf,pac,2,0,181283,97,96,5706383767523261894,14240,bd9d01a0c917,2026-08-31T09:03:26Z,200,199,1,,,,,,,,,,,,,,,,,
campaign_d_binary,binary_n200_correlated_seed8.pcf,pac,0,0,196401,96,95,6768211249202115069,14240,bd9d01a0c917,2026-08-31T09:03:26Z,200,199,1,,,,,,,,,,,,,,,,,
campaign_d_binary,binary_n200_correlated_seed8.pcf,pac,1,0,175114,96,95,6768211249202115069,14240,bd9d01a0c917,2026-08-31T09:03:26Z,200,199,1,,,,,,,,,,,,,,,,,
campaign_d_binary,binary_n200_correlated_seed8.pcf,pac,2,0,177244,96,95,6768211249202115069,14240,bd9d01a0c917,2026-08-31T09:03:26Z,200,199,1,,,,,,,,,,,,,,,,,
campaign_d_binary,binary_n200_correlated_seed9.pcf,pac,0,0,191266,101,100,14883617021933926367,14240,bd9d01a0c917,2026-08-31T09:03:26Z,200,199,1,,,,,,,,,,,,,,,,,
campaign_d_binary,binary_n200_correlated_seed9.pcf,pac,1,0,187203,101,100,14883617021933926367,14240,bd9d01a0c917,2026-08-31T09:03:26Z,200,199,1,,,,,,,,,,,,,,,,,
campaign_d_binary,binary_n200_correlated_seed9.pcf,pac,2,0,178033,101,100,14883617021933926367,14240,bd9d01a0c917,2026-08-31T09:03:26Z,200,199,1,,,,,,,,,,,,,,,,,
campaign_d_binary,binary_n200_exact-ties_seed0.pcf,pac,0,0,155243,49,48,14287777294422722193,14240,bd9d01a0c917,2026-08-31T09:03:26Z,200,199,1,,,,,,,,,,,,,,,,,
campaign_d_binary,binary_n200_exact-ties_seed0.pcf,pac,1,0,140201,49,48,14287777294422722193,14240,bd9d01a0c917,2026-08-31T09:03:26Z,200,199,1,,,,,,,,,,,,,,,,,
campaign_d_binary,binary_n200_exact-ties_seed0.pcf,pac,2,0,132390,49,48,14287777294422722193,14240,bd9d01a0c917,2026-08-31T09:03:26Z,200,199,1,,,,,,,,,,,,,,,,,
campaign_d_binary,binary_n200_exact-ties_seed1.pcf,pac,0,0,152862,39,38,2313689208248116849,14400,bd9d01a0c917,2026-08-31T09:03:26Z,200,199,1,,,,,,,,,,,,,,,,,
campaign_d_binary,binary_n200_exact-ties_seed1.pcf,pac,1,0,139960,39,38,2313689208248116849,14400,bd9d01a0c917,2026-08-31T09:03:26Z,200,199,1,,,,,,,,,,,,,,,,,
campaign_d_binary,binary_n200_exact-ties_seed1.pcf,pac,2,0,130617,39,38,2313689208248116849,14400,bd9d01a0c917,2026-08-31T09:03:26Z,200,199,1,,,,,,,,,,,,,,,,,
campaign_d_binary,binary_n200_exact-ties_seed2.pcf,pac,0,0,164150,46,45,2324747230316414148,14400,bd9d01a0c917,2026-08-31T09:03:26Z,200,199,1,,,,,,,,,,,,,,,,,
campaign_d_binary,binary_n200_exact-ties_seed2.pcf,pac,1,0,253664,46,45,2324747230316414148,14400,bd9d01a0c917,2026-08-31T09:03:26Z,200,199,1,,,,,,,,,,,,,,,,,
campaign_d_binary,binary_n200_exact-ties_seed2.pcf,pac,2,0,153333,46,45,2324747230316414148,14400,bd9d01a0c917,2026-08-31T09:03:26Z,200,199,1,,,,,,,,,,,,,,,,,
campaign_d_binary,binary_n200_exact-ties_seed3.pcf,pac,0,0,161441,48,47,15573292360252138340,14400,bd9d01a0c917,2026-08-31T09:03:26Z,200,199,1,,,,,,,,,,,,,,,,,
campaign_d_binary,binary_n200_exact-ties_seed3.pcf,pac,1,0,162169,48,47,15573292360252138340,14400,bd9d01a0c917,2026-08-31T09:03:26Z,200,199,1,,,,,,,,,,,,,,,,,
campaign_d_binary,binary_n200_exact-ties_seed3.pcf,pac,2,0,138762,48,47,15573292360252138340,14400,bd9d01a0c917,2026-08-31T09:03:26Z,200,199,1,,,,,,,,,,,,,,,,,
campaign_d_binary,binary_n200_exact-ties_seed4.pcf,pac,0,0,159276,40,39,17780413607710940316,14400,bd9d01a0c917,2026-08-31T09:03:26Z,200,199,1,,,,,,,,,,,,,,,,,
campaign_d_binary,binary_n200_exact-ties_seed4.pcf,pac,1,0,143706,40,39,17780413607710940316,14400,bd9d01a0c917,2026-08-31T09:03:26Z,200,199,1,,,,,,,,,,,,,,,,,
campaign_d_binary,binary_n200_exact-ties_seed4.pcf,pac,2,0,151996,40,39,17780413607710940316,14400,bd9d01a0c917,2026-08-31T09:03:26Z,200,199,1,,,,,,,,,,,,,,,,,
campaign_d_binary,binary_n200_exact-ties_seed5.pcf,pac,0,0,153840,43,42,7695958019521288596,14400,bd9d01a0c917,2026-08-31T09:03:26Z,200,199,1,,,,,,,,,,,,,,,,,
campaign_d_binary,binary_n200_exact-ties_seed5.pcf,pac,1,0,138365,43,42,7695958019521288596,14400,bd9d01a0c917,2026-08-31T09:03:26Z,200,199,1,,,,,,,,,,,,,,,,,
campaign_d_binary,binary_n200_exact-ties_seed5.pcf,pac,2,0,131564,43,42,7695958019521288596,14400,bd9d01a0c917,2026-08-31T09:03:26Z,200,199,1,,,,,,,,,,,,,,,,,
campaign_d_binary,binary_n200_exact-ties_seed6.pcf,pac,0,0,156086,45,44,10539060750279325236,14400,bd9d01a0c917,2026-08-31T09:03:26Z,200,199,1,,,,,,,,,,,,,,,,,
campaign_d_binary,binary_n200_exact-ties_seed6.pcf,pac,1,0,147553,45,44,10539060750279325236,14400,bd9d01a0c917,2026-08-31T09:03:26Z,200,199,1,,,,,,,,,,,,,,,,,
campaign_d_binary,binary_n200_exact-ties_seed6.pcf,pac,2,0,135964,45,44,10539060750279325236,14400,bd9d01a0c917,2026-08-31T09:03:26Z,200,199,1,,,,,,,,,,,,,,,,,
campaign_d_binary,binary_n200_exact-ties_seed7.pcf,pac,0,0,154622,38,37,12316962692247388636,14400,bd9d01a0c917,2026-08-31T09:03:26Z,200,199,1,,,,,,,,,,,,,,,,,
campaign_d_binary,binary_n200_exact-ties_seed7.pcf,pac,1,0,135352,38,37,12316962692247388636,14400,bd9d01a0c917,2026-08-31T09:03:26Z,200,199,1,,,,,,,,,,,,,,,,,
campaign_d_binary,binary_n200_exact-ties_seed7.pcf,pac,2,0,123176,38,37,12316962692247388636,14400,bd9d01a0c917,2026-08-31T09:03:26Z,200,199,1,,,,,,,,,,,,,,,,,
campaign_d_binary,binary_n200_exact-ties_seed8.pcf,pac,0,0,160690,44,43,3555795061371600907,14400,bd9d01a0c917,2026-08-31T09:03:26Z,200,199,1,,,,,,,,,,,,,,,,,
campaign_d_binary,binary_n200_exact-ties_seed8.pcf,pac,1,0,144550,44,43,3555795061371600907,14400,bd9d01a0c917,2026-08-31T09:03:26Z,200,199,1,,,,,,,,,,,,,,,,,
campaign_d_binary,binary_n200_exact-ties_seed8.pcf,pac,2,0,147907,44,43,3555795061371600907,14400,bd9d01a0c917,2026-08-31T09:03:26Z,200,199,1,,,,,,,,,,,,,,,,,
campaign_d_binary,binary_n200_exact-ties_seed9.pcf,pac,0,0,148938,43,42,12987145641203276544,14400,bd9d01a0c917,2026-08-31T09:03:26Z,200,199,1,,,,,,,,,,,,,,,,,
campaign_d_binary,binary_n200_exact-ties_seed9.pcf,pac,1,0,137886,43,42,12987145641203276544,14400,bd9d01a0c917,2026-08-31T09:03:26Z,200,199,1,,,,,,,,,,,,,,,,,
campaign_d_binary,binary_n200_exact-ties_seed9.pcf,pac,2,0,127700,43,42,12987145641203276544,14400,bd9d01a0c917,2026-08-31T09:03:26Z,200,199,1,,,,,,,,,,,,,,,,,
campaign_d_binary,binary_n200_independent-positive_seed0.pcf,pac,0,0,200478,109,108,5856140921335812405,14400,bd9d01a0c917,2026-08-31T09:03:26Z,200,199,1,,,,,,,,,,,,,,,,,
campaign_d_binary,binary_n200_independent-positive_seed0.pcf,pac,1,0,187295,109,108,5856140921335812405,14400,bd9d01a0c917,2026-08-31T09:03:26Z,200,199,1,,,,,,,,,,,,,,,,,
campaign_d_binary,binary_n200_independent-positive_seed0.pcf,pac,2,0,186389,109,108,5856140921335812405,14400,bd9d01a0c917,2026-08-31T09:03:26Z,200,199,1,,,,,,,,,,,,,,,,,
campaign_d_binary,binary_n200_independent-positive_seed1.pcf,pac,0,0,197619,103,102,12263901563152419076,14400,bd9d01a0c917,2026-08-31T09:03:26Z,200,199,1,,,,,,,,,,,,,,,,,
campaign_d_binary,binary_n200_independent-positive_seed1.pcf,pac,1,0,289017,103,102,12263901563152419076,14400,bd9d01a0c917,2026-08-31T09:03:26Z,200,199,1,,,,,,,,,,,,,,,,,
campaign_d_binary,binary_n200_independent-positive_seed1.pcf,pac,2,0,175302,103,102,12263901563152419076,14400,bd9d01a0c917,2026-08-31T09:03:26Z,200,199,1,,,,,,,,,,,,,,,,,
campaign_d_binary,binary_n200_independent-positive_seed2.pcf,pac,0,0,195819,107,106,15990737001190332396,14400,bd9d01a0c917,2026-08-31T09:03:26Z,200,199,1,,,,,,,,,,,,,,,,,
campaign_d_binary,binary_n200_independent-positive_seed2.pcf,pac,1,0,184446,107,106,15990737001190332396,14400,bd9d01a0c917,2026-08-31T09:03:26Z,200,199,1,,,,,,,,,,,,,,,,,
campaign_d_binary,binary_n200_independent-positive_seed2.pcf,pac,2,0,181982,107,106,15990737001190332396,14400,bd9d01a0c917,2026-08-31T09:03:26Z,200,199,1,,,,,,,,,,,,,,,,,
campaign_d_binary,binary_n200_independent-positive_seed3.pcf,pac,0,0,199329,102,101,17751148854826406878,14400,bd9d01a0c917,2026-08-31T09:03:26Z,200,199,1,,,,,,,,,,,,,,,,,
campaign_d_binary,binary_n200_independent-positive_seed3.pcf,pac,1,0,187119,102,101,17751148854826406878,14400,bd9d01a0c917,2026-08-31T09:03:26Z,200,199,1,,,,,,,,,,,,,,,,,
campaign_d_binary,binary_n200_independent-positive_seed3.pcf,pac,2,0,187728,102,101,17751148854826406878,14400,bd9d01a0c917,2026-08-31T09:03:26Z,200,199,1,,,,,,,,,,,,,,,,,
campaign_d_binary,binary_n200_independent-positive_seed4.pcf,pac,0,0,262980,88,87,6209522679481025219,14400,bd9d01a0c917,2026-08-31T09:03:26Z,200,199,1,,,,,,,,,,,,,,,,,
campaign_d_binary,binary_n200_independent-positive_seed4.pcf,pac,1,0,176563,88,87,6209522679481025219,14400,bd9d01a0c917,2026-08-31T09:03:26Z,200,199,1,,,,,,,,,,,,,,,,,
campaign_d_binary,binary_n200_independent-positive_seed4.pcf,pac,2,0,175350,88,87,6209522679481025219,14400,bd9d01a0c917,2026-08-31T09:03:26Z,200,199,1,,,,,,,,,,,,,,,,,
campaign_d_binary,binary_n200_independent-positive_seed5.pcf,pac,0,0,196229,106,105,4853085220247110709,14400,bd9d01a0c917,2026-08-31T09:03:26Z,200,199,1,,,,,,,,,,,,,,,,,
campaign_d_binary,binary_n200_independent-positive_seed5.pcf,pac,1,0,184344,106,105,4853085220247110709,14400,bd9d01a0c917,2026-08-31T09:03:26Z,200,199,1,,,,,,,,,,,,,,,,,
campaign_d_binary,binary_n200_independent-positive_seed5.pcf,pac,2,0,184174,106,105,4853085220247110709,14400,bd9d01a0c917,2026-08-31T09:03:26Z,200,199,1,,,,,,,,,,,,,,,,,
campaign_d_binary,binary_n200_independent-positive_seed6.pcf,pac,0,0,188007,90,89,13399214932016909220,14400,bd9d01a0c917,2026-08-31T09:03:26Z,200,199,1,,,,,,,,,,,,,,,,,
campaign_d_binary,binary_n200_independent-positive_seed6.pcf,pac,1,0,178320,90,89,13399214932016909220,14400,bd9d01a0c917,2026-08-31T09:03:26Z,200,199,1,,,,,,,,,,,,,,,,,
campaign_d_binary,binary_n200_independent-positive_seed6.pcf,pac,2,0,179344,90,89,13399214932016909220,14400,bd9d01a0c917,2026-08-31T09:03:26Z,200,199,1,,,,,,,,,,,,,,,,,
campaign_d_binary,binary_n200_independent-positive_seed7.pcf,pac,0,0,198092,94,93,16709159310911550847,14400,bd9d01a0c917,2026-08-31T09:03:26Z,200,199,1,,,,,,,,,,,,,,,,,
campaign_d_binary,binary_n200_independent-positive_seed7.pcf,pac,1,0,179701,94,93,16709159310911550847,14400,bd9d01a0c917,2026-08-31T09:03:26Z,200,199,1,,,,,,,,,,,,,,,,,
campaign_d_binary,binary_n200_independent-positive_seed7.pcf,pac,2,0,171227,94,93,16709159310911550847,14400,bd9d01a0c917,2026-08-31T09:03:26Z,200,199,1,,,,,,,,,,,,,,,,,
campaign_d_binary,binary_n200_independent-positive_seed8.pcf,pac,0,0,193422,99,98,7752679016546232357,14400,bd9d01a0c917,2026-08-31T09:03:26Z,200,199,1,,,,,,,,,,,,,,,,,
campaign_d_binary,binary_n200_independent-positive_seed8.pcf,pac,1,0,186217,99,98,7752679016546232357,14400,bd9d01a0c917,2026-08-31T09:03:26Z,200,199,1,,,,,,,,,,,,,,,,,
campaign_d_binary,binary_n200_independent-positive_seed8.pcf,pac,2,0,182229,99,98,7752679016546232357,14400,bd9d01a0c917,2026-08-31T09:03:26Z,200,199,1,,,,,,,,,,,,,,,,,
campaign_d_binary,binary_n200_independent-positive_seed9.pcf,pac,0,0,191946,106,105,5601765892245986982,14400,bd9d01a0c917,2026-08-31T09:03:26Z,200,199,1,,,,,,,,,,,,,,,,,
campaign_d_binary,binary_n200_independent-positive_seed9.pcf,pac,1,0,178516,106,105,5601765892245986982,14400,bd9d01a0c917,2026-08-31T09:03:26Z,200,199,1,,,,,,,,,,,,,,,,,
campaign_d_binary,binary_n200_independent-positive_seed9.pcf,pac,2,0,189361,106,105,5601765892245986982,14400,bd9d01a0c917,2026-08-31T09:03:26Z,200,199,1,,,,,,,,,,,,,,,,,
campaign_d_binary,binary_n200_independent-signed_seed0.pcf,pac,0,0,193778,94,93,2855778003647137096,14560,bd9d01a0c917,2026-08-31T09:03:26Z,200,199,1,,,,,,,,,,,,,,,,,
campaign_d_binary,binary_n200_independent-signed_seed0.pcf,pac,1,0,185908,94,93,2855778003647137096,14560,bd9d01a0c917,2026-08-31T09:03:26Z,200,199,1,,,,,,,,,,,,,,,,,
campaign_d_binary,binary_n200_independent-signed_seed0.pcf,pac,2,0,184372,94,93,2855778003647137096,14560,bd9d01a0c917,2026-08-31T09:03:26Z,200,199,1,,,,,,,,,,,,,,,,,
campaign_d_binary,binary_n200_independent-signed_seed1.pcf,pac,0,0,191250,101,100,745643532826119224,14560,bd9d01a0c917,2026-08-31T09:03:26Z,200,199,1,,,,,,,,,,,,,,,,,
campaign_d_binary,binary_n200_independent-signed_seed1.pcf,pac,1,0,182630,101,100,745643532826119224,14560,bd9d01a0c917,2026-08-31T09:03:26Z,200,199,1,,,,,,,,,,,,,,,,,
campaign_d_binary,binary_n200_independent-signed_seed1.pcf,pac,2,0,240058,101,100,745643532826119224,14560,bd9d01a0c917,2026-08-31T09:03:26Z,200,199,1,,,,,,,,,,,,,,,,,
campaign_d_binary,binary_n200_independent-signed_seed2.pcf,pac,0,0,189762,102,101,3323981363212641698,14560,bd9d01a0c917,2026-08-31T09:03:26Z,200,199,1,,,,,,,,,,,,,,,,,
campaign_d_binary,binary_n200_independent-signed_seed2.pcf,pac,1,0,180425,102,101,3323981363212641698,14560,bd9d01a0c917,2026-08-31T09:03:26Z,200,199,1,,,,,,,,,,,,,,,,,
campaign_d_binary,binary_n200_independent-signed_seed2.pcf,pac,2,0,174181,102,101,3323981363212641698,14560,bd9d01a0c917,2026-08-31T09:03:26Z,200,199,1,,,,,,,,,,,,,,,,,
campaign_d_binary,binary_n200_independent-signed_seed3.pcf,pac,0,0,189460,96,95,2420890296832153469,14560,bd9d01a0c917,2026-08-31T09:03:26Z,200,199,1,,,,,,,,,,,,,,,,,
campaign_d_binary,binary_n200_independent-signed_seed3.pcf,pac,1,0,179936,96,95,2420890296832153469,14560,bd9d01a0c917,2026-08-31T09:03:26Z,200,199,1,,,,,,,,,,,,,,,,,
campaign_d_binary,binary_n200_independent-signed_seed3.pcf,pac,2,0,177897,96,95,2420890296832153469,14560,bd9d01a0c917,2026-08-31T09:03:26Z,200,199,1,,,,,,,,,,,,,,,,,
campaign_d_binary,binary_n200_independent-signed_seed4.pcf,pac,0,0,194914,101,100,11727968339495150611,14560,bd9d01a0c917,2026-08-31T09:03:26Z,200,199,1,,,,,,,,,,,,,,,,,
campaign_d_binary,binary_n200_independent-signed_seed4.pcf,pac,1,0,285180,101,100,11727968339495150611,14560,bd9d01a0c917,2026-08-31T09:03:26Z,200,199,1,,,,,,,,,,,,,,,,,
campaign_d_binary,binary_n200_independent-signed_seed4.pcf,pac,2,0,185873,101,100,11727968339495150611,14560,bd9d01a0c917,2026-08-31T09:03:26Z,200,199,1,,,,,,,,,,,,,,,,,
campaign_d_binary,binary_n200_independent-signed_seed5.pcf,pac,0,0,205132,108,107,2792226982035856522,14560,bd9d01a0c917,2026-08-31T09:03:26Z,200,199,1,,,,,,,,,,,,,,,,,
campaign_d_binary,binary_n200_independent-signed_seed5.pcf,pac,1,0,175319,108,107,2792226982035856522,14560,bd9d01a0c917,2026-08-31T09:03:26Z,200,199,1,,,,,,,,,,,,,,,,,
campaign_d_binary,binary_n200_independent-signed_seed5.pcf,pac,2,0,178911,108,107,2792226982035856522,14560,bd9d01a0c917,2026-08-31T09:03:26Z,200,199,1,,,,,,,,,,,,,,,,,
campaign_d_binary,binary_n200_independent-signed_seed6.pcf,pac,0,0,193129,101,100,12511171155601629827,14560,bd9d01a0c917,2026-08-31T09:03:26Z,200,199,1,,,,,,,,,,,,,,,,,
campaign_d_binary,binary_n200_independent-signed_seed6.pcf,pac,1,0,184026,101,100,12511171155601629827,14560,bd9d01a0c917,2026-08-31T09:03:26Z,200,199,1,,,,,,,,,,,,,,,,,
campaign_d_binary,binary_n200_independent-signed_seed6.pcf,pac,2,0,174847,101,100,12511171155601629827,14560,bd9d01a0c917,2026-08-31T09:03:26Z,200,199,1,,,,,,,,,,,,,,,,,
campaign_d_binary,binary_n200_independent-signed_seed7.pcf,pac,0,0,253897,102,101,7004697977198160775,14560,bd9d01a0c917,2026-08-31T09:03:26Z,200,199,1,,,,,,,,,,,,,,,,,
campaign_d_binary,binary_n200_independent-signed_seed7.pcf,pac,1,0,181539,102,101,7004697977198160775,14560,bd9d01a0c917,2026-08-31T09:03:26Z,200,199,1,,,,,,,,,,,,,,,,,
campaign_d_binary,binary_n200_independent-signed_seed7.pcf,pac,2,0,182104,102,101,7004697977198160775,14560,bd9d01a0c917,2026-08-31T09:03:26Z,200,199,1,,,,,,,,,,,,,,,,,
campaign_d_binary,binary_n200_independent-signed_seed8.pcf,pac,0,0,188245,109,108,8817376165075452892,14560,bd9d01a0c917,2026-08-31T09:03:26Z,200,199,1,,,,,,,,,,,,,,,,,
campaign_d_binary,binary_n200_independent-signed_seed8.pcf,pac,1,0,179347,109,108,8817376165075452892,14560,bd9d01a0c917,2026-08-31T09:03:26Z,200,199,1,,,,,,,,,,,,,,,,,
campaign_d_binary,binary_n200_independent-signed_seed8.pcf,pac,2,0,175974,109,108,8817376165075452892,14560,bd9d01a0c917,2026-08-31T09:03:26Z,200,199,1,,,,,,,,,,,,,,,,,
campaign_d_binary,binary_n200_independent-signed_seed9.pcf,pac,0,0,191326,96,95,12918252209122199521,14560,bd9d01a0c917,2026-08-31T09:03:26Z,200,199,1,,,,,,,,,,,,,,,,,
campaign_d_binary,binary_n200_independent-signed_seed9.pcf,pac,1,0,178065,96,95,12918252209122199521,14560,bd9d01a0c917,2026-08-31T09:03:26Z,200,199,1,,,,,,,,,,,,,,,,,
campaign_d_binary,binary_n200_independent-signed_seed9.pcf,pac,2,0,174284,96,95,12918252209122199521,14560,bd9d01a0c917,2026-08-31T09:03:26Z,200,199,1,,,,,,,,,,,,,,,,,
campaign_d_binary,binary_n200_near-ties_seed0.pcf,pac,0,0,185623,70,69,5883290887493825804,14560,bd9d01a0c917,2026-08-31T09:03:26Z,200,199,1,,,,,,,,,,,,,,,,,
campaign_d_binary,binary_n200_near-ties_seed0.pcf,pac,1,0,162870,70,69,5883290887493825804,14560,bd9d01a0c917,2026-08-31T09:03:26Z,200,199,1,,,,,,,,,,,,,,,,,
campaign_d_binary,binary_n200_near-ties_seed0.pcf,pac,2,0,151932,70,69,5883290887493825804,14560,bd9d01a0c917,2026-08-31T09:03:26Z,200,199,1,,,,,,,,,,,,,,,,,
campaign_d_binary,binary_n200_near-ties_seed1.pcf,pac,0,0,175301,81,80,16835438957806719473,14560,bd9d01a0c917,2026-08-31T09:03:26Z,200,199,1,,,,,,,,,,,,,,,,,
campaign_d_binary,binary_n200_near-ties_seed1.pcf,pac,1,0,168246,81,80,16835438957806719473,14560,bd9d01a0c917,2026-08-31T09:03:26Z,200,199,1,,,,,,,,,,,,,,,,,
campaign_d_binary,binary_n200_near-ties_seed1.pcf,pac,2,0,160857,81,80,16835438957806719473,14560,bd9d01a0c917,2026-08-31T09:03:26Z,200,199,1,,,,,,,,,,,,,,,,,
campaign_d_binary,binary_n200_near-ties_seed2.pcf,pac,0,0,180177,84,83,14590064377472867126,14560,bd9d01a0c917,2026-08-31T09:03:26Z,200,199,1,,,,,,,,,,,,,,,,,
campaign_d_binary,binary_n200_near-ties_seed2.pcf,pac,1,0,236566,84,83,14590064377472867126,14560,bd9d01a0c917,2026-08-31T09:03:26Z,200,199,1,,,,,,,,,,,,,,,,,
campaign_d_binary,binary_n200_near-ties_seed2.pcf,pac,2,0,169369,84,83,14590064377472867126,14560,bd9d01a0c917,2026-08-31T09:03:26Z,200,199,1,,,,,,,,,,,,,,,,,
campaign_d_binary,binary_n200_near-ties_seed3.pcf,pac,0,0,178213,67,66,13006986846796516576,14560,bd9d01a0c917,2026-08-31T09:03:26Z,200,199,1,,,,,,,,,,,,,,,,,
campaign_d_binary,binary_n200_near-ties_seed3.pcf,pac,1,0,178356,67,66,13006986846796516576,14560,bd9d01a0c917,2026-08-31T09:03:26Z,200,199,1,,,,,,,,,,,,,,,,,
campaign_d_binary,binary_n200_near-ties_seed3.pcf,pac,2,0,161959,67,66,13006986846796516576,14560,bd9d01a0c917,2026-08-31T09:03:26Z,200,199,1,,,,,,,,,,,,,,,,,
campaign_d_binary,binary_n200_near-ties_seed4.pcf,pac,0,0,172722,72,71,4916132297747144744,14560,bd9d01a0c917,2026-08-31T09:03:26Z,200,199,1,,,,,,,,,,,,,,,,,
campaign_d_binary,binary_n200_near-ties_seed4.pcf,pac,1,0,156350,72,71,4916132297747144744,14560,bd9d01a0c917,2026-08-31T09:03:26Z,200,199,1,,,,,,,,,,,,,,,,,
campaign_d_binary,binary_n200_near-ties_seed4.pcf,pac,2,0,164655,72,71,4916132297747144744,14560,bd9d01a0c917,2026-08-31T09:03:26Z,200,199,1,,,,,,,,,,,,,,,,,
campaign_d_binary,binary_n200_near-ties_seed5.pcf,pac,0,0,176499,83,82,8888938120075840471,14560,bd9d01a0c917,2026-08-31T09:03:26Z,200,199,1,,,,,,,,,,,,,,,,,
campaign_d_binary,binary_n200_near-ties_seed5.pcf,pac,1,0,165878,83,82,8888938120075840471,14560,bd9d01a0c917,2026-08-31T09:03:26Z,200,199,1,,,,,,,,,,,,,,,,,
campaign_d_binary,binary_n200_near-ties_seed5.pcf,pac,2,0,164055,83,82,8888938120075840471,14560,bd9d01a0c917,2026-08-31T09:03:26Z,200,199,1,,,,,,,,,,,,,,,,,
campaign_d_binary,binary_n200_near-ties_seed6.pcf,pac,0,0,175637,80,79,11992774290557842609,14560,bd9d01a0c917,2026-08-31T09:03:26Z,200,199,1,,,,,,,,,,,,,,,,,
campaign_d_binary,binary_n200_near-ties_seed6.pcf,pac,1,0,160852,80,79,11992774290557842609,14560,bd9d01a0c917,2026-08-31T09:03:26Z,200,199,1,,,,,,,,,,,,,,,,,
campaign_d_binary,binary_n200_near-ties_seed6.pcf,pac,2,0,157888,80,79,11992774290557842609,14560,bd9d01a0c917,2026-08-31T09:03:26Z,200,199,1,,,,,,,,,,,,,,,,,
campaign_d_binary,binary_n200_near-ties_seed7.pcf,pac,0,0,178001,82,81,9859776574908016559,14560,bd9d01a0c917,2026-08-31T09:03:26Z,200,199,1,,,,,,,,,,,,,,,,,
campaign_d_binary,binary_n200_near-ties_seed7.pcf,pac,1,0,165620,82,81,9859776574908016559,14560,bd9d01a0c917,2026-08-31T09:03:26Z,200,199,1,,,,,,,,,,,,,,,,,
campaign_d_binary,binary_n200_near-ties_seed7.pcf,pac,2,0,156597,82,81,9859776574908016559,14560,bd9d01a0c917,2026-08-31T09:03:26Z,200,199,1,,,,,,,,,,,,,,,,,
campaign_d_binary,binary_n200_near-ties_seed8.pcf,pac,0,0,185325,75,74,7215686672197960458,14560,bd9d01a0c917,2026-08-31T09:03:26Z,200,199,1,,,,,,,,,,,,,,,,,
campaign_d_binary,binary_n200_near-ties_seed8.pcf,pac,1,0,172497,75,74,7215686672197960458,14560,bd9d01a0c917,2026-08-31T09:03:26Z,200,199,1,,,,,,,,,,,,,,,,,
campaign_d_binary,binary_n200_near-ties_seed8.pcf,pac,2,0,169651,75,74,7215686672197960458,14560,bd9d01a0c917,2026-08-31T09:03:26Z,200,199,1,,,,,,,,,,,,,,,,,
campaign_d_binary,binary_n200_near-ties_seed9.pcf,pac,0,0,185558,80,79,2237714712751111216,14720,bd9d01a0c917,2026-08-31T09:03:26Z,200,199,1,,,,,,,,,,,,,,,,,
campaign_d_binary,binary_n200_near-ties_seed9.pcf,pac,1,0,165369,80,79,2237714712751111216,14720,bd9d01a0c917,2026-08-31T09:03:26Z,200,199,1,,,,,,,,,,,,,,,,,
campaign_d_binary,binary_n200_near-ties_seed9.pcf,pac,2,0,159743,80,79,2237714712751111216,14720,bd9d01a0c917,2026-08-31T09:03:26Z,200,199,1,,,,,,,,,,,,,,,,,
campaign_d_binary,binary_n500_anti-correlated_seed0.pcf,pac,0,0,762459,230,229,2279034384064177880,14720,bd9d01a0c917,2026-08-31T09:03:26Z,500,499,1,,,,,,,,,,,,,,,,,
campaign_d_binary,binary_n500_anti-correlated_seed0.pcf,pac,1,0,748299,230,229,2279034384064177880,14720,bd9d01a0c917,2026-08-31T09:03:26Z,500,499,1,,,,,,,,,,,,,,,,,
campaign_d_binary,binary_n500_anti-correlated_seed0.pcf,pac,2,0,758245,230,229,2279034384064177880,14720,bd9d01a0c917,2026-08-31T09:03:26Z,500,499,1,,,,,,,,,,,,,,,,,
campaign_d_binary,binary_n500_anti-correlated_seed1.pcf,pac,0,0,752942,249,248,11177712449878990304,14720,bd9d01a0c917,2026-08-31T09:03:26Z,500,499,1,,,,,,,,,,,,,,,,,
campaign_d_binary,binary_n500_anti-correlated_seed1.pcf,pac,1,0,750785,249,248,11177712449878990304,14720,bd9d01a0c917,2026-08-31T09:03:26Z,500,499,1,,,,,,,,,,,,,,,,,
campaign_d_binary,binary_n500_anti-correlated_seed1.pcf,pac,2,0,738026,249,248,11177712449878990304,14720,bd9d01a0c917,2026-08-31T09:03:26Z,500,499,1,,,,,,,,,,,,,,,,,
campaign_d_binary,binary_n500_anti-correlated_seed2.pcf,pac,0,0,768121,268,267,16040904553727677390,14720,bd9d01a0c917,2026-08-31T09:03:26Z,500,499,1,,,,,,,,,,,,,,,,,
campaign_d_binary,binary_n500_anti-correlated_seed2.pcf,pac,1,0,834885,268,267,16040904553727677390,14720,bd9d01a0c917,2026-08-31T09:03:26Z,500,499,1,,,,,,,,,,,,,,,,,
campaign_d_binary,binary_n500_anti-correlated_seed2.pcf,pac,2,0,745582,268,267,16040904553727677390,14720,bd9d01a0c917,2026-08-31T09:03:26Z,500,499,1,,,,,,,,,,,,,,,,,
campaign_d_binary,binary_n500_anti-correlated_seed3.pcf,pac,0,0,819930,248,247,18347391325412659913,14720,bd9d01a0c917,2026-08-31T09:03:26Z,500,499,1,,,,,,,,,,,,,,,,,
campaign_d_binary,binary_n500_anti-correlated_seed3.pcf,pac,1,0,739896,248,247,18347391325412659913,14720,bd9d01a0c917,2026-08-31T09:03:26Z,500,499,1,,,,,,,,,,,,,,,,,
campaign_d_binary,binary_n500_anti-correlated_seed3.pcf,pac,2,0,732321,248,247,18347391325412659913,14720,bd9d01a0c917,2026-08-31T09:03:26Z,500,499,1,,,,,,,,,,,,,,,,,
campaign_d_binary,binary_n500_anti-correlated_seed4.pcf,pac,0,0,758997,238,237,2310281149985783284,14720,bd9d01a0c917,2026-08-31T09:03:26Z,500,499,1,,,,,,,,,,,,,,,,,
campaign_d_binary,binary_n500_anti-correlated_seed4.pcf,pac,1,0,735187,238,237,2310281149985783284,14720,bd9d01a0c917,2026-08-31T09:03:26Z,500,499,1,,,,,,,,,,,,,,,,,
campaign_d_binary,binary_n500_anti-correlated_seed4.pcf,pac,2,0,742734,238,237,2310281149985783284,14720,bd9d01a0c917,2026-08-31T09:03:26Z,500,499,1,,,,,,,,,,,,,,,,,
campaign_d_binary,binary_n500_anti-correlated_seed5.pcf,pac,0,0,752052,237,236,467476950857515604,14720,bd9d01a0c917,2026-08-31T09:03:26Z,500,499,1,,,,,,,,,,,,,,,,,
campaign_d_binary,binary_n500_anti-correlated_seed5.pcf,pac,1,0,749984,237,236,467476950857515604,14720,bd9d01a0c917,2026-08-31T09:03:26Z,500,499,1,,,,,,,,,,,,,,,,,
campaign_d_binary,binary_n500_anti-correlated_seed5.pcf,pac,2,0,752961,237,236,467476950857515604,14720,bd9d01a0c917,2026-08-31T09:03:26Z,500,499,1,,,,,,,,,,,,,,,,,
campaign_d_binary,binary_n500_anti-correlated_seed6.pcf,pac,0,0,781737,259,258,14607338331623488546,14720,bd9d01a0c917,2026-08-31T09:03:26Z,500,499,1,,,,,,,,,,,,,,,,,
campaign_d_binary,binary_n500_anti-correlated_seed6.pcf,pac,1,0,767167,259,258,14607338331623488546,14720,bd9d01a0c917,2026-08-31T09:03:26Z,500,499,1,,,,,,,,,,,,,,,,,
campaign_d_binary,binary_n500_anti-correlated_seed6.pcf,pac,2,0,808790,259,258,14607338331623488546,14720,bd9d01a0c917,2026-08-31T09:03:26Z,500,499,1,,,,,,,,,,,,,,,,,
campaign_d_binary,binary_n500_anti-correlated_seed7.pcf,pac,0,0,751626,250,249,12314239014080588780,14720,bd9d01a0c917,2026-08-31T09:03:26Z,500,499,1,,,,,,,,,,,,,,,,,
campaign_d_binary,binary_n500_anti-correlated_seed7.pcf,pac,1,0,793069,250,249,12314239014080588780,14720,bd9d01a0c917,2026-08-31T09:03:26Z,500,499,1,,,,,,,,,,,,,,,,,
campaign_d_binary,binary_n500_anti-correlated_seed7.pcf,pac,2,0,740242,250,249,12314239014080588780,14720,bd9d01a0c917,2026-08-31T09:03:26Z,500,499,1,,,,,,,,,,,,,,,,,
campaign_d_binary,binary_n500_anti-correlated_seed8.pcf,pac,0,0,777384,273,272,11391299600414799877,14720,bd9d01a0c917,2026-08-31T09:03:26Z,500,499,1,,,,,,,,,,,,,,,,,
campaign_d_binary,binary_n500_anti-correlated_seed8.pcf,pac,1,0,749235,273,272,11391299600414799877,14720,bd9d01a0c917,2026-08-31T09:03:26Z,500,499,1,,,,,,,,,,,,,,,,,
campaign_d_binary,binary_n500_anti-correlated_seed8.pcf,pac,2,0,753798,273,272,11391299600414799877,14720,bd9d01a0c917,2026-08-31T09:03:26Z,500,499,1,,,,,,,,,,,,,,,,,
campaign_d_binary,binary_n500_anti-correlated_seed9.pcf,pac,0,0,770632,231,230,6156291886401008994,14720,bd9d01a0c917,2026-08-31T09:03:26Z,500,499,1,,,,,,,,,,,,,,,,,
campaign_d_binary,binary_n500_anti-correlated_seed9.pcf,pac,1,0,780847,231,230,6156291886401008994,14720,bd9d01a0c917,2026-08-31T09:03:26Z,500,499,1,,,,,,,,,,,,,,,,,
campaign_d_binary,binary_n500_anti-correlated_seed9.pcf,pac,2,0,763177,231,230,6156291886401008994,14720,bd9d01a0c917,2026-08-31T09:03:26Z,500,499,1,,,,,,,,,,,,,,,,,
campaign_d_binary,binary_n500_correlated_seed0.pcf,pac,0,0,801160,230,229,16716321159675376305,14720,bd9d01a0c917,2026-08-31T09:03:26Z,500,499,1,,,,,,,,,,,,,,,,,
campaign_d_binary,binary_n500_correlated_seed0.pcf,pac,1,0,754233,230,229,16716321159675376305,14720,bd9d01a0c917,2026-08-31T09:03:26Z,500,499,1,,,,,,,,,,,,,,,,,
campaign_d_binary,binary_n500_correlated_seed0.pcf,pac,2,0,753763,230,229,16716321159675376305,14720,bd9d01a0c917,2026-08-31T09:03:26Z,500,499,1,,,,,,,,,,,,,,,,,
campaign_d_binary,binary_n500_correlated_seed1.pcf,pac,0,0,763096,249,248,16592199092134286404,14720,bd9d01a0c917,2026-08-31T09:03:26Z,500,499,1,,,,,,,,,,,,,,,,,
campaign_d_binary,binary_n500_correlated_seed1.pcf,pac,1,0,807079,249,248,16592199092134286404,14720,bd9d01a0c917,2026-08-31T09:03:26Z,500,499,1,,,,,,,,,,,,,,,,,
campaign_d_binary,binary_n500_correlated_seed1.pcf,pac,2,0,751958,249,248,16592199092134286404,14720,bd9d01a0c917,2026-08-31T09:03:26Z,500,499,1,,,,,,,,,,,,,,,,,
campaign_d_binary,binary_n500_correlated_seed2.pcf,pac,0,0,794722,277,276,7131687119971535017,14720,bd9d01a0c917,2026-08-31T09:03:26Z,500,499,1,,,,,,,,,,,,,,,,,
campaign_d_binary,binary_n500_correlated_seed2.pcf,pac,1,0,765747,277,276,7131687119971535017,14720,bd9d01a0c917,2026-08-31T09:03:26Z,500,499,1,,,,,,,,,,,,,,,,,
campaign_d_binary,binary_n500_correlated_seed2.pcf,pac,2,0,770335,277,276,7131687119971535017,14720,bd9d01a0c917,2026-08-31T09:03:26Z,500,499,1,,,,,,,,,,,,,,,,,
campaign_d_binary,binary_n500_correlated_seed3.pcf,pac,0,0,769651,250,249,924867702929788205,14720,bd9d01a0c917,2026-08-31T09:03:26Z,500,499,1,,,,,,,,,,,,,,,,,
campaign_d_binary,binary_n500_correlated_seed3.pcf,pac,1,0,743050,250,249,924867702929788205,14720,bd9d01a0c917,2026-08-31T09:03:26Z,500,499,1,,,,,,,,,,,,,,,,,
campaign_d_binary,binary_n500_correlated_seed3.pcf,pac,2,0,743970,250,249,924867702929788205,14720,bd9d01a0c917,2026-08-31T09:03:26Z,500,499,1,,,,,,,,,,,,,,,,,
campaign_d_binary,binary_n500_correlated_seed4.pcf,pac,0,0,745356,243,242,4642990817112009893,14720,bd9d01a0c917,2026-08-31T09:03:26Z,500,499,1,,,,,,,,,,,,,,,,,
campaign_d_binary,binary_n500_correlated_seed4.pcf,pac,1,0,745867,243,242,4642990817112009893,14720,bd9d01a0c917,2026-08-31T09:03:26Z,500,499,1,,,,,,,,,,,,,,,,,
campaign_d_binary,binary_n500_correlated_seed4.pcf,pac,2,0,731175,243,242,4642990817112009893,14720,bd9d01a0c917,2026-08-31T09:03:26Z,500,499,1,,,,,,,,,,,,,,,,,
campaign_d_binary,binary_n500_correlated_seed5.pcf,pac,0,0,764699,257,256,10403956439378532776,14720,bd9d01a0c917,2026-08-31T09:03:26Z,500,499,1,,,,,,,,,,,,,,,,,
campaign_d_binary,binary_n500_correlated_seed5.pcf,pac,1,0,829591,257,256,10403956439378532776,14720,bd9d01a0c917,2026-08-31T09:03:26Z,500,499,1,,,,,,,,,,,,,,,,,
campaign_d_binary,binary_n500_correlated_seed5.pcf,pac,2,0,743654,257,256,10403956439378532776,14720,bd9d01a0c917,2026-08-31T09:03:26Z,500,499,1,,,,,,,,,,,,,,,,,
campaign_d_binary,binary_n500_correlated_seed6.pcf,pac,0,0,771118,242,241,4308956455357165297,14720,bd9d01a0c917,2026-08-31T09:03:26Z,500,499,1,,,,,,,,,,,,,,,,,
campaign_d_binary,binary_n500_correlated_seed6.pcf,pac,1,0,750063,242,241,4308956455357165297,14720,bd9d01a0c917,2026-08-31T09:03:26Z,500,499,1,,,,,,,,,,,,,,,,,
campaign_d_binary,binary_n500_correlated_seed6.pcf,pac,2,0,751038,242,241,4308956455357165297,14720,bd9d01a0c917,2026-08-31T09:03:26Z,500,499,1,,,,,,,,,,,,,,,,,
campaign_d_binary,binary_n500_correlated_seed7.pcf,pac,0,0,762036,255,254,6361988704052361924,14720,bd9d01a0c917,2026-08-31T09:03:26Z,500,499,1,,,,,,,,,,,,,,,,,
campaign_d_binary,binary_n500_correlated_seed7.pcf,pac,1,0,746725,255,254,6361988704052361924,14720,bd9d01a0c917,2026-08-31T09:03:26Z,500,499,1,,,,,,,,,,,,,,,,,
campaign_d_binary,binary_n500_correlated_seed7.pcf,pac,2,0,743599,255,254,6361988704052361924,14720,bd9d01a0c917,2026-08-31T09:03:26Z,500,499,1,,,,,,,,,,,,,,,,,
campaign_d_binary,binary_n500_correlated_seed8.pcf,pac,0,0,749933,221,220,6951925527835769855,14880,bd9d01a0c917,2026-08-31T09:03:26Z,500,499,1,,,,,,,,,,,,,,,,,
campaign_d_binary,binary_n500_correlated_seed8.pcf,pac,1,0,744373,221,220,6951925527835769855,14880,bd9d01a0c917,2026-08-31T09:03:26Z,500,499,1,,,,,,,,,,,,,,,,,
campaign_d_binary,binary_n500_correlated_seed8.pcf,pac,2,0,792242,221,220,6951925527835769855,14880,bd9d01a0c917,2026-08-31T09:03:26Z,500,499,1,,,,,,,,,,,,,,,,,
campaign_d_binary,binary_n500_correlated_seed9.pcf,pac,0,0,758549,214,213,1657294352639429243,14880,bd9d01a0c917,2026-08-31T09:03:26Z,500,499,1,,,,,,,,,,,,,,,,,
campaign_d_binary,binary_n500_correlated_seed9.pcf,pac,1,0,863451,214,213,1657294352639429243,14880,bd9d01a0c917,2026-08-31T09:03:26Z,500,499,1,,,,,,,,,,,,,,,,,
campaign_d_binary,binary_n500_correlated_seed9.pcf,pac,2,0,744946,214,213,1657294352639429243,14880,bd9d01a0c917,2026-08-31T09:03:26Z,500,499,1,,,,,,,,,,,,,,,,,
campaign_d_binary,binary_n500_exact-ties_seed0.pcf,pac,0,0,601726,109,108,3368659596932273499,14880,bd9d01a0c917,2026-08-31T09:03:26Z,500,499,1,,,,,,,,,,,,,,,,,
campaign_d_binary,binary_n500_exact-ties_seed0.pcf,pac,1,0,598309,109,108,3368659596932273499,14880,bd9d01a0c917,2026-08-31T09:03:26Z,500,499,1,,,,,,,,,,,,,,,,,
campaign_d_binary,binary_n500_exact-ties_seed0.pcf,pac,2,0,601889,109,108,3368659596932273499,14880,bd9d01a0c917,2026-08-31T09:03:26Z,500,499,1,,,,,,,,,,,,,,,,,
campaign_d_binary,binary_n500_exact-ties_seed1.pcf,pac,0,0,680299,115,114,8533480071282366587,14880,bd9d01a0c917,2026-08-31T09:03:26Z,500,499,1,,,,,,,,,,,,,,,,,
campaign_d_binary,binary_n500_exact-ties_seed1.pcf,pac,1,0,619887,115,114,8533480071282366587,14880,bd9d01a0c917,2026-08-31T09:03:26Z,500,499,1,,,,,,,,,,,,,,,,,
campaign_d_binary,binary_n500_exact-ties_seed1.pcf,pac,2,0,609211,115,114,8533480071282366587,14880,bd9d01a0c917,2026-08-31T09:03:26Z,500,499,1,,,,,,,,,,,,,,,,,
campaign_d_binary,binary_n500_exact-ties_seed2.pcf,pac,0,0,600520,107,106,360170129696076557,14880,bd9d01a0c917,2026-08-31T09:03:26Z,500,499,1,,,,,,,,,,,,,,,,,
campaign_d_binary,binary_n500_exact-ties_seed2.pcf,pac,1,0,593290,107,106,360170129696076557,14880,bd9d01a0c917,2026-08-31T09:03:26Z,500,499,1,,,,,,,,,,,,,,,,,
campaign_d_binary,binary_n500_exact-ties_seed2.pcf,pac,2,0,599159,107,106,360170129696076557,14880,bd9d01a0c917,2026-08-31T09:03:26Z,500,499,1,,,,,,,,,,,,,,,,,
campaign_d_binary,binary_n500_exact-ties_seed3.pcf,pac,0,0,627432,118,117,16807095897848241454,14880,bd9d01a0c917,2026-08-31T09:03:26Z,500,499,1,,,,,,,,,,,,,,,,,
campaign_d_binary,binary_n500_exact-ties_seed3.pcf,pac,1,0,627423,118,117,16807095897848241454,14880,bd9d01a0c917,2026-08-31T09:03:26Z,500,499,1,,,,,,,,,,,,,,,,,
campaign_d_binary,binary_n500_exact-ties_seed3.pcf,pac,2,0,612531,118,117,16807095897848241454,14880,bd9d01a0c917,2026-08-31T09:03:26Z,500,499,1,,,,,,,,,,,,,,,,,
campaign_d_binary,binary_n500_exact-ties_seed4.pcf,pac,0,0,607055,112,111,12282904362688112770,14880,bd9d01a0c917,2026-08-31T09:03:26Z,500,499,1,,,,,,,,,,,,,,,,,
campaign_d_binary,binary_n500_exact-ties_seed4.pcf,pac,1,0,598815,112,111,12282904362688112770,14880,bd9d01a0c917,2026-08-31T09:03:26Z,500,499,1,,,,,,,,,,,,,,,,,
campaign_d_binary,binary_n500_exact-ties_seed4.pcf,pac,2,0,593391,112,111,12282904362688112770,14880,bd9d01a0c917,2026-08-31T09:03:26Z,500,499,1,,,,,,,,,,,,,,,,,
campaign_d_binary,binary_n500_exact-ties_seed5.pcf,pac,0,0,595254,113,112,11259388751925413545,14880,bd9d01a0c917,2026-08-31T09:03:26Z,500,499,1,,,,,,,,,,,,,,,,,
campaign_d_binary,binary_n500_exact-ties_seed5.pcf,pac,1,0,597133,113,112,11259388751925413545,14880,bd9d01a0c917,2026-08-31T09:03:26Z,500,499,1,,,,,,,,,,,,,,,,,
campaign_d_binary,binary_n500_exact-ties_seed5.pcf,pac,2,0,644786,113,112,11259388751925413545,14880,bd9d01a0c917,2026-08-31T09:03:26Z,500,499,1,,,,,,,,,,,,,,,,,
campaign_d_binary,binary_n500_exact-ties_seed6.pcf,pac,0,0,622905,113,112,17388058054672539822,14880,bd9d01a0c917,2026-08-31T09:03:26Z,500,499,1,,,,,,,,,,,,,,,,,
campaign_d_binary,binary_n500_exact-ties_seed6.pcf,pac,1,0,604811,113,112,17388058054672539822,14880,bd9d01a0c917,2026-08-31T09:03:26Z,500,499,1,,,,,,,,,,,,,,,,,
campaign_d_binary,binary_n500_exact-ties_seed6.pcf,pac,2,0,596105,113,112,17388058054672539822,14880,bd9d01a0c917,2026-08-31T09:03:26Z,500,499,1,,,,,,,,,,,,,,,,,
campaign_d_binary,binary_n500_exact-ties_seed7.pcf,pac,0,0,581512,111,110,277502140318208939,14880,bd9d01a0c917,2026-08-31T09:03:26Z,500,499,1,,,,,,,,,,,,,,,,,
campaign_d_binary,binary_n500_exact-ties_seed7.pcf,pac,1,0,639453,111,110,277502140318208939,14880,bd9d01a0c917,2026-08-31T09:03:26Z,500,499,1,,,,,,,,,,,,,,,,,
campaign_d_binary,binary_n500_exact-ties_seed7.pcf,pac,2,0,583517,111,110,277502140318208939,14880,bd9d01a0c917,2026-08-31T09:03:26Z,500,499,1,,,,,,,,,,,,,,,,,
campaign_d_binary,binary_n500_exact-ties_seed8.pcf,pac,0,0,666900,123,122,9942550897719027639,14880,bd9d01a0c917,2026-08-31T09:03:26Z,500,499,1,,,,,,,,,,,,,,,,,
campaign_d_binary,binary_n500_exact-ties_seed8.pcf,pac,1,0,584737,123,122,9942550897719027639,14880,bd9d01a0c917,2026-08-31T09:03:26Z,500,499,1,,,,,,,,,,,,,,,,,
campaign_d_binary,binary_n500_exact-ties_seed8.pcf,pac,2,0,577298,123,122,9942550897719027639,14880,bd9d01a0c917,2026-08-31T09:03:26Z,500,499,1,,,,,,,,,,,,,,,,,
campaign_d_binary,binary_n500_exact-ties_seed9.pcf,pac,0,0,625115,115,114,15101799145629974665,14880,bd9d01a0c917,2026-08-31T09:03:26Z,500,499,1,,,,,,,,,,,,,,,,,
campaign_d_binary,binary_n500_exact-ties_seed9.pcf,pac,1,0,617128,115,114,15101799145629974665,14880,bd9d01a0c917,2026-08-31T09:03:26Z,500,499,1,,,,,,,,,,,,,,,,,
campaign_d_binary,binary_n500_exact-ties_seed9.pcf,pac,2,0,621642,115,114,15101799145629974665,14880,bd9d01a0c917,2026-08-31T09:03:26Z,500,499,1,,,,,,,,,,,,,,,,,
campaign_d_binary,binary_n500_independent-positive_seed0.pcf,pac,0,0,751629,244,243,14302125933873927376,14880,bd9d01a0c917,2026-08-31T09:03:26Z,500,499,1,,,,,,,,,,,,,,,,,
campaign_d_binary,binary_n500_independent-positive_seed0.pcf,pac,1,0,727621,244,243,14302125933873927376,14880,bd9d01a0c917,2026-08-31T09:03:26Z,500,499,1,,,,,,,,,,,,,,,,,
campaign_d_binary,binary_n500_independent-positive_seed0.pcf,pac,2,0,741039,244,243,14302125933873927376,14880,bd9d01a0c917,2026-08-31T09:03:26Z,500,499,1,,,,,,,,,,,,,,,,,
campaign_d_binary,binary_n500_independent-positive_seed1.pcf,pac,0,0,768254,247,246,9429509769223993031,14880,bd9d01a0c917,2026-08-31T09:03:26Z,500,499,1,,,,,,,,,,,,,,,,,
campaign_d_binary,binary_n500_independent-positive_seed1.pcf,pac,1,0,759818,247,246,9429509769223993031,14880,bd9d01a0c917,2026-08-31T09:03:26Z,500,499,1,,,,,,,,,,,,,,,,,
campaign_d_binary,binary_n500_independent-positive_seed1.pcf,pac,2,0,754735,247,246,9429509769223993031,14880,bd9d01a0c917,2026-08-31T09:03:26Z,500,499,1,,,,,,,,,,,,,,,,,
campaign_d_binary,binary_n500_independent-positive_seed2.pcf,pac,0,0,759405,240,239,5246217295182073729,14880,bd9d01a0c917,2026-08-31T09:03:26Z,500,499,1,,,,,,,,,,,,,,,,,
campaign_d_binary,binary_n500_independent-positive_seed2.pcf,pac,1,0,835803,240,239,5246217295182073729,14880,bd9d01a0c917,2026-08-31T09:03:26Z,500,499,1,,,,,,,,,,,,,,,,,
campaign_d_binary,binary_n500_independent-positive_seed2.pcf,pac,2,0,753297,240,239,5246217295182073729,14880,bd9d01a0c917,2026-08-31T09:03:26Z,500,499,1,,,,,,,,,,,,,,,,,
campaign_d_binary,binary_n500_independent-positive_seed3.pcf,pac,0,0,778299,247,246,12545855117205236645,14880,bd9d01a0c917,2026-08-31T09:03:26Z,500,499,1,,,,,,,,,,,,,,,,,
campaign_d_binary,binary_n500_independent-positive_seed3.pcf,pac,1,0,751534,247,246,12545855117205236645,14880,bd9d01a0c917,2026-08-31T09:03:26Z,500,499,1,,,,,,,,,,,,,,,,,
campaign_d_binary,binary_n500_independent-positive_seed3.pcf,pac,2,0,784997,247,246,12545855117205236645,14880,bd9d01a0c917,2026-08-31T09:03:26Z,500,499,1,,,,,,,,,,,,,,,,,
campaign_d_binary,binary_n500_independent-positive_seed4.pcf,pac,0,0,760033,254,253,14505593727642163668,14880,bd9d01a0c917,2026-08-31T09:03:26Z,500,499,1,,,,,,,,,,,,,,,,,
campaign_d_binary,binary_n500_independent-positive_seed4.pcf,pac,1,0,747108,254,253,14505593727642163668,14880,bd9d01a0c917,2026-08-31T09:03:26Z,500,499,1,,,,,,,,,,,,,,,,,
campaign_d_binary,binary_n500_independent-positive_seed4.pcf,pac,2,0,731618,254,253,14505593727642163668,14880,bd9d01a0c917,2026-08-31T09:03:26Z,500,499,1,,,,,,,,,,,,,,,,,
campaign_d_binary,binary_n500_independent-positive_seed5.pcf,pac,0,0,811901,268,267,2401187791054673917,14880,bd9d01a0c917,2026-08-31T09:03:26Z,500,499,1,,,,,,,,,,,,,,,,,
campaign_d_binary,binary_n500_independent-positive_seed5.pcf,pac,1,0,769356,268,267,2401187791054673917,14880,bd9d01a0c917,2026-08-31T09:03:26Z,500,499,1,,,,,,,,,,,,,,,,,
campaign_d_binary,binary_n500_independent-positive_seed5.pcf,pac,2,0,763586,268,267,2401187791054673917,14880,bd9d01a0c917,2026-08-31T09:03:26Z,500,499,1,,,,,,,,,,,,,,,,,
campaign_d_binary,binary_n500_independent-positive_seed6.pcf,pac,0,0,867718,236,235,179940397507974945,15040,bd9d01a0c917,2026-08-31T09:03:26Z,500,499,1,,,,,,,,,,,,,,,,,
campaign_d_binary,binary_n500_independent-positive_seed6.pcf,pac,1,0,770841,236,235,179940397507974945,15040,bd9d01a0c917,2026-08-31T09:03:26Z,500,499,1,,,,,,,,,,,,,,,,,
campaign_d_binary,binary_n500_independent-positive_seed6.pcf,pac,2,0,759646,236,235,179940397507974945,15040,bd9d01a0c917,2026-08-31T09:03:26Z,500,499,1,,,,,,,,,,,,,,,,,
campaign_d_binary,binary_n500_independent-positive_seed7.pcf,pac,0,0,776479,266,265,2057943984399629384,15040,bd9d01a0c917,2026-08-31T09:03:26Z,500,499,1,,,,,,,,,,,,,,,,,
campaign_d_binary,binary_n500_independent-positive_seed7.pcf,pac,1,0,769925,266,265,2057943984399629384,15040,bd9d01a0c917,2026-08-31T09:03:26Z,500,499,1,,,,,,,,,,,,,,,,,
campaign_d_binary,binary_n500_independent-positive_seed7.pcf,pac,2,0,751210,266,265,2057943984399629384,15040,bd9d01a0c917,2026-08-31T09:03:26Z,500,499,1,,,,,,,,,,,,,,,,,
campaign_d_binary,binary_n500_independent-positive_seed8.pcf,pac,0,0,771689,245,244,3258583029518010929,15040,bd9d01a0c917,2026-08-31T09:03:26Z,500,499,1,,,,,,,,,,,,,,,,,
campaign_d_binary,binary_n500_independent-positive_seed8.pcf,pac,1,0,760771,245,244,3258583029518010929,15040,bd9d01a0c917,2026-08-31T09:03:26Z,500,499,1,,,,,,,,,,,,,,,,,
campaign_d_binary,binary_n500_independent-positive_seed8.pcf,pac,2,0,756462,245,244,3258583029518010929,15040,bd9d01a0c917,2026-08-31T09:03:26Z,500,499,1,,,,,,,,,,,,,,,,,
campaign_d_binary,binary_n500_independent-positive_seed9.pcf,pac,0,0,772565,238,237,15582073371228056647,15040,bd9d01a0c917,2026-08-31T09:03:26Z,500,499,1,,,,,,,,,,,,,,,,,
campaign_d_binary,binary_n500_independent-positive_seed9.pcf,pac,1,0,755512,238,237,15582073371228056647,15040,bd9d01a0c917,2026-08-31T09:03:26Z,500,499,1,,,,,,,,,,,,,,,,,
campaign_d_binary,binary_n500_independent-positive_seed9.pcf,pac,2,0,813699,238,237,15582073371228056647,15040,bd9d01a0c917,2026-08-31T09:03:26Z,500,499,1,,,,,,,,,,,,,,,,,
campaign_d_binary,binary_n500_independent-signed_seed0.pcf,pac,0,0,846628,258,257,11507145190215488648,15040,bd9d01a0c917,2026-08-31T09:03:26Z,500,499,1,,,,,,,,,,,,,,,,,
campaign_d_binary,binary_n500_independent-signed_seed0.pcf,pac,1,0,769358,258,257,11507145190215488648,15040,bd9d01a0c917,2026-08-31T09:03:26Z,500,499,1,,,,,,,,,,,,,,,,,
campaign_d_binary,binary_n500_independent-signed_seed0.pcf,pac,2,0,755637,258,257,11507145190215488648,15040,bd9d01a0c917,2026-08-31T09:03:26Z,500,499,1,,,,,,,,,,,,,,,,,
campaign_d_binary,binary_n500_independent-signed_seed1.pcf,pac,0,0,768384,271,270,17892039249103153142,15040,bd9d01a0c917,2026-08-31T09:03:26Z,500,499,1,,,,,,,,,,,,,,,,,
campaign_d_binary,binary_n500_independent-signed_seed1.pcf,pac,1,0,756068,271,270,17892039249103153142,15040,bd9d01a0c917,2026-08-31T09:03:26Z,500,499,1,,,,,,,,,,,,,,,,,
campaign_d_binary,binary_n500_independent-signed_seed1.pcf,pac,2,0,771160,271,270,17892039249103153142,15040,bd9d01a0c917,2026-08-31T09:03:26Z,500,499,1,,,,,,,,,,,,,,,,,
campaign_d_binary,binary_n500_independent-signed_seed2.pcf,pac,0,0,750933,251,250,3133555668317812744,15040,bd9d01a0c917,2026-08-31T09:03:26Z,500,499,1,,,,,,,,,,,,,,,,,
campaign_d_binary,binary_n500_independent-signed_seed2.pcf,pac,1,0,740162,251,250,3133555668317812744,15040,bd9d01a0c917,2026-08-31T09:03:26Z,500,499,1,,,,,,,,,,,,,,,,,
campaign_d_binary,binary_n500_independent-signed_seed2.pcf,pac,2,0,786487,251,250,3133555668317812744,15040,bd9d01a0c917,2026-08-31T09:03:26Z,500,499,1,,,,,,,,,,,,,,,,,
campaign_d_binary,binary_n500_independent-signed_seed3.pcf,pac,0,0,756020,245,244,2077712647451783834,15040,bd9d01a0c917,2026-08-31T09:03:26Z,500,499,1,,,,,,,,,,,,,,,,,
campaign_d_binary,binary_n500_independent-signed_seed3.pcf,pac,1,0,752758,245,244,2077712647451783834,15040,bd9d01a0c917,2026-08-31T09:03:26Z,500,499,1,,,,,,,,,,,,,,,,,
campaign_d_binary,binary_n500_independent-signed_seed3.pcf,pac,2,0,785730,245,244,2077712647451783834,15040,bd9d01a0c917,2026-08-31T09:03:26Z,500,499,1,,,,,,,,,,,,,,,,,
campaign_d_binary,binary_n500_independent-signed_seed4.pcf,pac,0,0,773923,253,252,7744489303951508604,15040,bd9d01a0c917,2026-08-31T09:03:26Z,500,499,1,,,,,,,,,,,,,,,,,
campaign_d_binary,binary_n500_independent-signed_seed4.pcf,pac,1,0,809396,253,252,7744489303951508604,15040,bd9d01a0c917,2026-08-31T09:03:26Z,500,499,1,,,,,,,,,,,,,,,,,
campaign_d_binary,binary_n500_independent-signed_seed4.pcf,pac,2,0,746783,253,252,7744489303951508604,15040,bd9d01a0c917,2026-08-31T09:03:26Z,500,499,1,,,,,,,,,,,,,,,,,
campaign_d_binary,binary_n500_independent-signed_seed5.pcf,pac,0,0,820334,259,258,885862064906022640,15040,bd9d01a0c917,2026-08-31T09:03:26Z,500,499,1,,,,,,,,,,,,,,,,,
campaign_d_binary,binary_n500_independent-signed_seed5.pcf,pac,1,0,753409,259,258,885862064906022640,15040,bd9d01a0c917,2026-08-31T09:03:26Z,500,499,1,,,,,,,,,,,,,,,,,
campaign_d_binary,binary_n500_independent-signed_seed5.pcf,pac,2,0,748604,259,258,885862064906022640,15040,bd9d01a0c917,2026-08-31T09:03:26Z,500,499,1,,,,,,,,,,,,,,,,,
campaign_d_binary,binary_n500_independent-signed_seed6.pcf,pac,0,0,753530,242,241,12627443016578976748,15040,bd9d01a0c917,2026-08-31T09:03:26Z,500,499,1,,,,,,,,,,,,,,,,,
campaign_d_binary,binary_n500_independent-signed_seed6.pcf,pac,1,0,732554,242,241,12627443016578976748,15040,bd9d01a0c917,2026-08-31T09:03:26Z,500,499,1,,,,,,,,,,,,,,,,,
campaign_d_binary,binary_n500_independent-signed_seed6.pcf,pac,2,0,733247,242,241,12627443016578976748,15040,bd9d01a0c917,2026-08-31T09:03:26Z,500,499,1,,,,,,,,,,,,,,,,,
campaign_d_binary,binary_n500_independent-signed_seed7.pcf,pac,0,0,774384,266,265,11524083197799634335,15040,bd9d01a0c917,2026-08-31T09:03:26Z,500,499,1,,,,,,,,,,,,,,,,,
campaign_d_binary,binary_n500_independent-signed_seed7.pcf,pac,1,0,774385,266,265,11524083197799634335,15040,bd9d01a0c917,2026-08-31T09:03:26Z,500,499,1,,,,,,,,,,,,,,,,,
campaign_d_binary,binary_n500_independent-signed_seed7.pcf,pac,2,0,793600,266,265,11524083197799634335,15040,bd9d01a0c917,2026-08-31T09:03:26Z,500,499,1,,,,,,,,,,,,,,,,,
campaign_d_binary,binary_n500_independent-signed_seed8.pcf,pac,0,0,780137,258,257,17904251516467809185,15040,bd9d01a0c917,2026-08-31T09:03:26Z,500,499,1,,,,,,,,,,,,,,,,,
campaign_d_binary,binary_n500_independent-signed_seed8.pcf,pac,1,0,754090,258,257,17904251516467809185,15040,bd9d01a0c917,2026-08-31T09:03:26Z,500,499,1,,,,,,,,,,,,,,,,,
campaign_d_binary,binary_n500_independent-signed_seed8.pcf,pac,2,0,791705,258,257,17904251516467809185,15040,bd9d01a0c917,2026-08-31T09:03:26Z,500,499,1,,,,,,,,,,,,,,,,,
campaign_d_binary,binary_n500_independent-signed_seed9.pcf,pac,0,0,821957,245,244,11422669402608105345,15040,bd9d01a0c917,2026-08-31T09:03:26Z,500,499,1,,,,,,,,,,,,,,,,,
campaign_d_binary,binary_n500_independent-signed_seed9.pcf,pac,1,0,759537,245,244,11422669402608105345,15040,bd9d01a0c917,2026-08-31T09:03:26Z,500,499,1,,,,,,,,,,,,,,,,,
campaign_d_binary,binary_n500_independent-signed_seed9.pcf,pac,2,0,746305,245,244,11422669402608105345,15040,bd9d01a0c917,2026-08-31T09:03:26Z,500,499,1,,,,,,,,,,,,,,,,,
campaign_d_binary,binary_n500_near-ties_seed0.pcf,pac,0,0,656097,161,160,12983514892426935880,15040,bd9d01a0c917,2026-08-31T09:03:26Z,500,499,1,,,,,,,,,,,,,,,,,
campaign_d_binary,binary_n500_near-ties_seed0.pcf,pac,1,0,650464,161,160,12983514892426935880,15040,bd9d01a0c917,2026-08-31T09:03:26Z,500,499,1,,,,,,,,,,,,,,,,,
campaign_d_binary,binary_n500_near-ties_seed0.pcf,pac,2,0,642175,161,160,12983514892426935880,15040,bd9d01a0c917,2026-08-31T09:03:26Z,500,499,1,,,,,,,,,,,,,,,,,
campaign_d_binary,binary_n500_near-ties_seed1.pcf,pac,0,0,662663,148,147,14955870511301307901,15040,bd9d01a0c917,2026-08-31T09:03:26Z,500,499,1,,,,,,,,,,,,,,,,,
campaign_d_binary,binary_n500_near-ties_seed1.pcf,pac,1,0,654573,148,147,14955870511301307901,15040,bd9d01a0c917,2026-08-31T09:03:26Z,500,499,1,,,,,,,,,,,,,,,,,
campaign_d_binary,binary_n500_near-ties_seed1.pcf,pac,2,0,638645,148,147,14955870511301307901,15040,bd9d01a0c917,2026-08-31T09:03:26Z,500,499,1,,,,,,,,,,,,,,,,,
campaign_d_binary,binary_n500_near-ties_seed2.pcf,pac,0,0,642162,157,156,16632863765809720507,15040,bd9d01a0c917,2026-08-31T09:03:26Z,500,499,1,,,,,,,,,,,,,,,,,
campaign_d_binary,binary_n500_near-ties_seed2.pcf,pac,1,0,626818,157,156,16632863765809720507,15040,bd9d01a0c917,2026-08-31T09:03:26Z,500,499,1,,,,,,,,,,,,,,,,,
campaign_d_binary,binary_n500_near-ties_seed2.pcf,pac,2,0,634776,157,156,16632863765809720507,15040,bd9d01a0c917,2026-08-31T09:03:26Z,500,499,1,,,,,,,,,,,,,,,,,
campaign_d_binary,binary_n500_near-ties_seed3.pcf,pac,0,0,652079,161,160,14616823418503749907,15040,bd9d01a0c917,2026-08-31T09:03:26Z,500,499,1,,,,,,,,,,,,,,,,,
campaign_d_binary,binary_n500_near-ties_seed3.pcf,pac,1,0,642231,161,160,14616823418503749907,15040,bd9d01a0c917,2026-08-31T09:03:26Z,500,499,1,,,,,,,,,,,,,,,,,
campaign_d_binary,binary_n500_near-ties_seed3.pcf,pac,2,0,636867,161,160,14616823418503749907,15040,bd9d01a0c917,2026-08-31T09:03:26Z,500,499,1,,,,,,,,,,,,,,,,,
campaign_d_binary,binary_n500_near-ties_seed4.pcf,pac,0,0,650550,149,148,89928215179908506,15040,bd9d01a0c917,2026-08-31T09:03:26Z,500,499,1,,,,,,,,,,,,,,,,,
campaign_d_binary,binary_n500_near-ties_seed4.pcf,pac,1,0,736701,149,148,89928215179908506,15040,bd9d01a0c917,2026-08-31T09:03:26Z,500,499,1,,,,,,,,,,,,,,,,,
campaign_d_binary,binary_n500_near-ties_seed4.pcf,pac,2,0,636470,149,148,89928215179908506,15040,bd9d01a0c917,2026-08-31T09:03:26Z,500,499,1,,,,,,,,,,,,,,,,,
campaign_d_binary,binary_n500_near-ties_seed5.pcf,pac,0,0,675881,154,153,1374471175441316162,15040,bd9d01a0c917,2026-08-31T09:03:26Z,500,499,1,,,,,,,,,,,,,,,,,
campaign_d_binary,binary_n500_near-ties_seed5.pcf,pac,1,0,648128,154,153,1374471175441316162,15040,bd9d01a0c917,2026-08-31T09:03:26Z,500,499,1,,,,,,,,,,,,,,,,,
campaign_d_binary,binary_n500_near-ties_seed5.pcf,pac,2,0,648527,154,153,1374471175441316162,15040,bd9d01a0c917,2026-08-31T09:03:26Z,500,499,1,,,,,,,,,,,,,,,,,
campaign_d_binary,binary_n500_near-ties_seed6.pcf,pac,0,0,653867,150,149,9859087218643688731,15200,bd9d01a0c917,2026-08-31T09:03:26Z,500,499,1,,,,,,,,,,,,,,,,,
campaign_d_binary,binary_n500_near-ties_seed6.pcf,pac,1,0,652073,150,149,9859087218643688731,15200,bd9d01a0c917,2026-08-31T09:03:26Z,500,499,1,,,,,,,,,,,,,,,,,
campaign_d_binary,binary_n500_near-ties_seed6.pcf,pac,2,0,641234,150,149,9859087218643688731,15200,bd9d01a0c917,2026-08-31T09:03:26Z,500,499,1,,,,,,,,,,,,,,,,,
campaign_d_binary,binary_n500_near-ties_seed7.pcf,pac,0,0,673003,149,148,12318288124440962107,15200,bd9d01a0c917,2026-08-31T09:03:26Z,500,499,1,,,,,,,,,,,,,,,,,
campaign_d_binary,binary_n500_near-ties_seed7.pcf,pac,1,0,659916,149,148,12318288124440962107,15200,bd9d01a0c917,2026-08-31T09:03:26Z,500,499,1,,,,,,,,,,,,,,,,,
campaign_d_binary,binary_n500_near-ties_seed7.pcf,pac,2,0,645726,149,148,12318288124440962107,15200,bd9d01a0c917,2026-08-31T09:03:26Z,500,499,1,,,,,,,,,,,,,,,,,
campaign_d_binary,binary_n500_near-ties_seed8.pcf,pac,0,0,645894,147,146,3191102588519926712,15200,bd9d01a0c917,2026-08-31T09:03:26Z,500,499,1,,,,,,,,,,,,,,,,,
campaign_d_binary,binary_n500_near-ties_seed8.pcf,pac,1,0,623794,147,146,3191102588519926712,15200,bd9d01a0c917,2026-08-31T09:03:26Z,500,499,1,,,,,,,,,,,,,,,,,
campaign_d_binary,binary_n500_near-ties_seed8.pcf,pac,2,0,640253,147,146,3191102588519926712,15200,bd9d01a0c917,2026-08-31T09:03:26Z,500,499,1,,,,,,,,,,,,,,,,,
campaign_d_binary,binary_n500_near-ties_seed9.pcf,pac,0,0,674579,153,152,1452461698006668491,15200,bd9d01a0c917,2026-08-31T09:03:26Z,500,499,1,,,,,,,,,,,,,,,,,
campaign_d_binary,binary_n500_near-ties_seed9.pcf,pac,1,0,711043,153,152,1452461698006668491,15200,bd9d01a0c917,2026-08-31T09:03:26Z,500,499,1,,,,,,,,,,,,,,,,,
campaign_d_binary,binary_n500_near-ties_seed9.pcf,pac,2,0,658625,153,152,1452461698006668491,15200,bd9d01a0c917,2026-08-31T09:03:26Z,500,499,1,,,,,,,,,,,,,,,,,
