instance,n,layers_hpac,layers_fphpf,same_partition,same_breakpoints,hpac_median_ns,fphpf_solve_median_ns,ratio_fphpf_over_hpac
gen_n1000_rho0.3_anti-correlated_seed0.pcf,1000,873,873,True,True,418240,52353000,125.175
gen_n1000_rho0.3_anti-correlated_seed1.pcf,1000,858,858,True,True,424729,50475000,118.84
gen_n1000_rho0.3_anti-correlated_seed2.pcf,1000,857,857,True,True,283410,50118000,176.839
gen_n1000_rho0.3_anti-correlated_seed3.pcf,1000,853,853,True,True,280106,52649000,187.961
gen_n1000_rho0.3_anti-correlated_seed4.pcf,1000,851,851,True,True,449806,53825000,119.663
gen_n1000_rho0.3_anti-correlated_seed5.pcf,1000,849,849,True,True,453766,51379000,113.228
gen_n1000_rho0.3_anti-correlated_seed6.pcf,1000,834,834,True,True,300896,47928000,159.284
gen_n1000_rho0.3_anti-correlated_seed7.pcf,1000,847,847,True,True,446347,50154000,112.365
gen_n1000_rho0.3_anti-correlated_seed8.pcf,1000,835,835,True,True,489699,47887000,97.789
gen_n1000_rho0.3_anti-correlated_seed9.pcf,1000,846,846,True,True,480103,48332000,100.67
gen_n1000_rho0.3_correlated_seed0.pcf,1000,862,862,True,True,279440,52324000,187.246
gen_n1000_rho0.3_correlated_seed1.pcf,1000,843,843,True,True,264904,48430000,182.821
gen_n1000_rho0.3_correlated_seed2.pcf,1000,832,832,True,True,272877,50820000,186.238
gen_n1000_rho0.3_correlated_seed3.pcf,1000,845,845,True,True,418156,49012000,117.21
gen_n1000_rho0.3_correlated_seed4.pcf,1000,814,814,True,True,294594,49876000,169.304
gen_n1000_rho0.3_correlated_seed5.pcf,1000,812,812,True,True,442703,49373000,111.526
gen_n1000_rho0.3_correlated_seed6.pcf,1000,816,816,True,True,498631,48518000,97.302
gen_n1000_rho0.3_correlated_seed7.pcf,1000,818,818,True,True,286545,46839000,163.461
gen_n1000_rho0.3_correlated_seed8.pcf,1000,818,818,True,True,299325,46526000,155.436
gen_n1000_rho0.3_correlated_seed9.pcf,1000,829,829,True,True,283197,47700000,168.434
gen_n1000_rho0.3_exact-ties_seed0.pcf,1000,142,142,True,True,447180,14326000,32.036
gen_n1000_rho0.3_exact-ties_seed1.pcf,1000,146,146,True,True,272573,13858000,50.841
gen_n1000_rho0.3_exact-ties_seed2.pcf,1000,134,134,True,True,562224,13304000,23.663
gen_n1000_rho0.3_exact-ties_seed3.pcf,1000,137,137,True,True,574129,13658000,23.789
gen_n1000_rho0.3_exact-ties_seed4.pcf,1000,144,144,True,True,275586,14700000,53.341
gen_n1000_rho0.3_exact-ties_seed5.pcf,1000,147,147,True,True,276963,12207000,44.074
gen_n1000_rho0.3_exact-ties_seed6.pcf,1000,138,138,True,True,470824,12993000,27.596
gen_n1000_rho0.3_exact-ties_seed7.pcf,1000,140,140,True,True,385993,12862000,33.322
gen_n1000_rho0.3_exact-ties_seed8.pcf,1000,164,164,True,True,726292,15935999,21.942
gen_n1000_rho0.3_exact-ties_seed9.pcf,1000,144,144,True,True,470830,12793000,27.171
gen_n1000_rho0.3_independent-positive_seed0.pcf,1000,855,855,True,True,273623,48951000,178.899
gen_n1000_rho0.3_independent-positive_seed1.pcf,1000,863,863,True,True,430353,49866000,115.872
gen_n1000_rho0.3_independent-positive_seed2.pcf,1000,846,846,True,True,420325,50461000,120.052
gen_n1000_rho0.3_independent-positive_seed3.pcf,1000,852,852,True,True,431991,47705000,110.431
gen_n1000_rho0.3_independent-positive_seed4.pcf,1000,833,833,True,True,470045,49018000,104.284
gen_n1000_rho0.3_independent-positive_seed5.pcf,1000,849,849,True,True,459275,49359000,107.472
gen_n1000_rho0.3_independent-positive_seed6.pcf,1000,853,853,True,True,557882,50605000,90.709
gen_n1000_rho0.3_independent-positive_seed7.pcf,1000,845,845,True,True,303801,49438000,162.732
gen_n1000_rho0.3_independent-positive_seed8.pcf,1000,865,865,True,True,305389,51107000,167.35
gen_n1000_rho0.3_independent-positive_seed9.pcf,1000,830,830,True,True,467471,46626000,99.741
gen_n1000_rho0.3_independent-signed_seed0.pcf,1000,845,845,True,True,280322,48384000,172.602
gen_n1000_rho0.3_independent-signed_seed1.pcf,1000,871,871,True,True,425705,48242000,113.323
gen_n1000_rho0.3_independent-signed_seed2.pcf,1000,841,841,True,True,429662,48511000,112.905
gen_n1000_rho0.3_independent-signed_seed3.pcf,1000,861,861,True,True,418162,50198000,120.044
gen_n1000_rho0.3_independent-signed_seed4.pcf,1000,847,847,True,True,324625,48643000,149.844
gen_n1000_rho0.3_independent-signed_seed5.pcf,1000,856,856,True,True,309769,49164000,158.712
gen_n1000_rho0.3_independent-signed_seed6.pcf,1000,852,852,True,True,428739,47850000,111.606
gen_n1000_rho0.3_independent-signed_seed7.pcf,1000,854,854,True,True,455023,49815000,109.478
gen_n1000_rho0.3_independent-signed_seed8.pcf,1000,839,839,True,True,335455,47097000,140.397
gen_n1000_rho0.3_independent-signed_seed9.pcf,1000,838,838,True,True,453620,48767000,107.506
gen_n1000_rho0.3_near-ties_seed0.pcf,1000,196,196,True,True,314212,15619000,49.708
gen_n1000_rho0.3_near-ties_seed1.pcf,1000,190,190,True,True,464016,15038000,32.408
gen_n1000_rho0.3_near-ties_seed2.pcf,1000,199,199,True,True,1019807,18474000,18.115
gen_n1000_rho0.3_near-ties_seed3.pcf,1000,195,195,True,True,462818,16090000,34.765
gen_n1000_rho0.3_near-ties_seed4.pcf,1000,188,188,True,True,513804,15238000,29.657
gen_n1000_rho0.3_near-ties_seed5.pcf,1000,201,201,True,True,523043,15027000,28.73
gen_n1000_rho0.3_near-ties_seed6.pcf,1000,191,191,True,True,434380,17848000,41.088
gen_n1000_rho0.3_near-ties_seed7.pcf,1000,194,194,True,True,399689,16149000,40.404
gen_n1000_rho0.3_near-ties_seed8.pcf,1000,198,198,True,True,611544,15657000,25.602
gen_n1000_rho0.3_near-ties_seed9.pcf,1000,194,194,True,True,293056,17501000,59.719
gen_n1000_rho0.6_anti-correlated_seed0.pcf,1000,682,682,True,True,560836,44067000,78.574
gen_n1000_rho0.6_anti-correlated_seed1.pcf,1000,711,711,True,True,570853,44356000,77.701
gen_n1000_rho0.6_anti-correlated_seed2.pcf,1000,688,688,True,True,602522,42135000,69.931
gen_n1000_rho0.6_anti-correlated_seed3.pcf,1000,694,694,True,True,802993,45181000,56.266
gen_n1000_rho0.6_anti-correlated_seed4.pcf,1000,713,713,True,True,777852,43155000,55.48
gen_n1000_rho0.6_anti-correlated_seed5.pcf,1000,697,697,True,True,654936,43918000,67.057
gen_n1000_rho0.6_anti-correlated_seed6.pcf,1000,724,724,True,True,662003,43484000,65.686
gen_n1000_rho0.6_anti-correlated_seed7.pcf,1000,719,719,True,True,540341,44812000,82.933
gen_n1000_rho0.6_anti-correlated_seed8.pcf,1000,681,681,True,True,931188,43228000,46.422
gen_n1000_rho0.6_anti-correlated_seed9.pcf,1000,713,713,True,True,578265,43435000,75.113
gen_n1000_rho0.6_correlated_seed0.pcf,1000,706,706,True,True,591442,44645000,75.485
gen_n1000_rho0.6_correlated_seed1.pcf,1000,668,668,True,True,808542,39885000,49.33
gen_n1000_rho0.6_correlated_seed2.pcf,1000,686,686,True,True,1245847,42388000,34.023
gen_n1000_rho0.6_correlated_seed3.pcf,1000,679,679,True,True,556919,40388000,72.52
gen_n1000_rho0.6_correlated_seed4.pcf,1000,691,691,True,True,796014,45167000,56.741
gen_n1000_rho0.6_correlated_seed5.pcf,1000,679,679,True,True,595207,41208000,69.233
gen_n1000_rho0.6_correlated_seed6.pcf,1000,685,685,True,True,557493,42447000,76.139
gen_n1000_rho0.6_correlated_seed7.pcf,1000,685,685,True,True,1065998,42718000,40.073
gen_n1000_rho0.6_correlated_seed8.pcf,1000,667,667,True,True,635568,44391000,69.845
gen_n1000_rho0.6_correlated_seed9.pcf,1000,686,686,True,True,593768,44033000,74.159
gen_n1000_rho0.6_exact-ties_seed0.pcf,1000,203,203,True,True,825028,16110000,19.527
gen_n1000_rho0.6_exact-ties_seed1.pcf,1000,190,190,True,True,776255,14972000,19.287
gen_n1000_rho0.6_exact-ties_seed2.pcf,1000,202,202,True,True,522216,16025999,30.688
gen_n1000_rho0.6_exact-ties_seed3.pcf,1000,189,189,True,True,623474,15137000,24.278
gen_n1000_rho0.6_exact-ties_seed4.pcf,1000,192,192,True,True,468704,19151000,40.859
gen_n1000_rho0.6_exact-ties_seed5.pcf,1000,194,194,True,True,800188,15673000,19.587
gen_n1000_rho0.6_exact-ties_seed6.pcf,1000,202,202,True,True,568783,16299999,28.658
gen_n1000_rho0.6_exact-ties_seed7.pcf,1000,210,210,True,True,674688,17048000,25.268
gen_n1000_rho0.6_exact-ties_seed8.pcf,1000,203,203,True,True,774522,17343000,22.392
gen_n1000_rho0.6_exact-ties_seed9.pcf,1000,186,186,True,True,587784,16129000,27.44
gen_n1000_rho0.6_independent-positive_seed0.pcf,1000,711,711,True,True,741323,42143000,56.848
gen_n1000_rho0.6_independent-positive_seed1.pcf,1000,707,707,True,True,998875,44582000,44.632
gen_n1000_rho0.6_independent-positive_seed2.pcf,1000,702,702,True,True,520842,45324000,87.021
gen_n1000_rho0.6_independent-positive_seed3.pcf,1000,691,691,True,True,881501,46317000,52.543
gen_n1000_rho0.6_independent-positive_seed4.pcf,1000,724,724,True,True,514130,47214000,91.833
gen_n1000_rho0.6_independent-positive_seed5.pcf,1000,699,699,True,True,801191,48145000,60.092
gen_n1000_rho0.6_independent-positive_seed6.pcf,1000,693,693,True,True,801058,41784000,52.161
gen_n1000_rho0.6_independent-positive_seed7.pcf,1000,705,705,True,True,534651,43408000,81.189
gen_n1000_rho0.6_independent-positive_seed8.pcf,1000,699,699,True,True,803923,44274000,55.072
gen_n1000_rho0.6_independent-positive_seed9.pcf,1000,704,704,True,True,766917,41227000,53.757
gen_n1000_rho0.6_independent-signed_seed0.pcf,1000,711,711,True,True,738416,43401000,58.776
gen_n1000_rho0.6_independent-signed_seed1.pcf,1000,715,715,True,True,1021273,43769000,42.857
gen_n1000_rho0.6_independent-signed_seed2.pcf,1000,705,705,True,True,769344,43672000,56.765
gen_n1000_rho0.6_independent-signed_seed3.pcf,1000,702,702,True,True,1072404,41803000,38.981
gen_n1000_rho0.6_independent-signed_seed4.pcf,1000,715,715,True,True,490726,45754000,93.237
gen_n1000_rho0.6_independent-signed_seed5.pcf,1000,722,722,True,True,791963,44039000,55.607
gen_n1000_rho0.6_independent-signed_seed6.pcf,1000,695,695,True,True,594257,41764000,70.279
gen_n1000_rho0.6_independent-signed_seed7.pcf,1000,712,712,True,True,536867,44265000,82.451
gen_n1000_rho0.6_independent-signed_seed8.pcf,1000,713,713,True,True,567594,43563000,76.75
gen_n1000_rho0.6_independent-signed_seed9.pcf,1000,678,678,True,True,551809,43537000,78.899
gen_n1000_rho0.6_near-ties_seed0.pcf,1000,223,223,True,True,455522,17097000,37.533
gen_n1000_rho0.6_near-ties_seed1.pcf,1000,210,210,True,True,825244,17109000,20.732
gen_n1000_rho0.6_near-ties_seed2.pcf,1000,213,213,True,True,823404,16674999,20.251
gen_n1000_rho0.6_near-ties_seed3.pcf,1000,228,228,True,True,800412,18264000,22.818
gen_n1000_rho0.6_near-ties_seed4.pcf,1000,217,217,True,True,549180,15945000,29.034
gen_n1000_rho0.6_near-ties_seed5.pcf,1000,218,218,True,True,555480,16711000,30.084
gen_n1000_rho0.6_near-ties_seed6.pcf,1000,226,226,True,True,812835,16459999,20.25
gen_n1000_rho0.6_near-ties_seed7.pcf,1000,220,220,True,True,683624,17343000,25.369
gen_n1000_rho0.6_near-ties_seed8.pcf,1000,222,222,True,True,876028,21715000,24.788
gen_n1000_rho0.6_near-ties_seed9.pcf,1000,205,205,True,True,538513,19866000,36.89
gen_n1000_rho0.9_anti-correlated_seed0.pcf,1000,533,533,True,True,1392412,36805000,26.433
gen_n1000_rho0.9_anti-correlated_seed1.pcf,1000,568,568,True,True,1373202,38190000,27.811
gen_n1000_rho0.9_anti-correlated_seed2.pcf,1000,522,522,True,True,1520085,35788000,23.543
gen_n1000_rho0.9_anti-correlated_seed3.pcf,1000,567,567,True,True,2077958,41167000,19.811
gen_n1000_rho0.9_anti-correlated_seed4.pcf,1000,550,550,True,True,1288058,34453000,26.748
gen_n1000_rho0.9_anti-correlated_seed5.pcf,1000,537,537,True,True,1177061,36817000,31.279
gen_n1000_rho0.9_anti-correlated_seed6.pcf,1000,524,524,True,True,1255040,36383000,28.99
gen_n1000_rho0.9_anti-correlated_seed7.pcf,1000,542,542,True,True,1189624,32182000,27.052
gen_n1000_rho0.9_anti-correlated_seed8.pcf,1000,581,581,True,True,1104574,40584000,36.742
gen_n1000_rho0.9_anti-correlated_seed9.pcf,1000,549,549,True,True,1241186,36747000,29.606
gen_n1000_rho0.9_correlated_seed0.pcf,1000,553,553,True,True,1135712,35588000,31.335
gen_n1000_rho0.9_correlated_seed1.pcf,1000,526,526,True,True,1253062,34499000,27.532
gen_n1000_rho0.9_correlated_seed2.pcf,1000,550,550,True,True,2274810,35115000,15.436
gen_n1000_rho0.9_correlated_seed3.pcf,1000,537,537,True,True,1404397,34619000,24.65
gen_n1000_rho0.9_correlated_seed4.pcf,1000,550,550,True,True,1712174,40111000,23.427
gen_n1000_rho0.9_correlated_seed5.pcf,1000,548,548,True,True,1151722,36426000,31.627
gen_n1000_rho0.9_correlated_seed6.pcf,1000,536,536,True,True,1580379,38853000,24.585
gen_n1000_rho0.9_correlated_seed7.pcf,1000,550,550,True,True,1159744,38197000,32.936
gen_n1000_rho0.9_correlated_seed8.pcf,1000,571,571,True,True,1089289,35428000,32.524
gen_n1000_rho0.9_correlated_seed9.pcf,1000,523,523,True,True,1217179,34241000,28.131
gen_n1000_rho0.9_exact-ties_seed0.pcf,1000,205,205,True,True,1302124,16656000,12.791
gen_n1000_rho0.9_exact-ties_seed1.pcf,1000,212,212,True,True,1193567,16926000,14.181
gen_n1000_rho0.9_exact-ties_seed2.pcf,1000,180,180,True,True,1520824,16143999,10.615
gen_n1000_rho0.9_exact-ties_seed3.pcf,1000,214,214,True,True,1663810,20266000,12.18
gen_n1000_rho0.9_exact-ties_seed4.pcf,1000,213,213,True,True,1399491,17155000,12.258
gen_n1000_rho0.9_exact-ties_seed5.pcf,1000,209,209,True,True,1190288,16549999,13.904
gen_n1000_rho0.9_exact-ties_seed6.pcf,1000,207,207,True,True,1100945,16933000,15.38
gen_n1000_rho0.9_exact-ties_seed7.pcf,1000,219,219,True,True,1635919,17155000,10.486
gen_n1000_rho0.9_exact-ties_seed8.pcf,1000,200,200,True,True,1040080,15757000,15.15
gen_n1000_rho0.9_exact-ties_seed9.pcf,1000,204,204,True,True,1922895,17234000,8.963
gen_n1000_rho0.9_independent-positive_seed0.pcf,1000,524,524,True,True,1194390,34878000,29.202
gen_n1000_rho0.9_independent-positive_seed1.pcf,1000,535,535,True,True,1382874,36525000,26.412
gen_n1000_rho0.9_independent-positive_seed2.pcf,1000,564,564,True,True,1411867,37765000,26.748
gen_n1000_rho0.9_independent-positive_seed3.pcf,1000,545,545,True,True,1481516,37729000,25.466
gen_n1000_rho0.9_independent-positive_seed4.pcf,1000,541,541,True,True,1512469,34126000,22.563
gen_n1000_rho0.9_independent-positive_seed5.pcf,1000,543,543,True,True,1445826,35848000,24.794
gen_n1000_rho0.9_independent-positive_seed6.pcf,1000,571,571,True,True,1071587,37050000,34.575
gen_n1000_rho0.9_independent-positive_seed7.pcf,1000,572,572,True,True,1967395,39788000,20.224
gen_n1000_rho0.9_independent-positive_seed8.pcf,1000,551,551,True,True,1210421,40179000,33.194
gen_n1000_rho0.9_independent-positive_seed9.pcf,1000,542,542,True,True,1827363,35465000,19.408
gen_n1000_rho0.9_independent-signed_seed0.pcf,1000,541,541,True,True,1192943,39128000,32.8
gen_n1000_rho0.9_independent-signed_seed1.pcf,1000,548,548,True,True,1405494,35382000,25.174
gen_n1000_rho0.9_independent-signed_seed2.pcf,1000,556,556,True,True,1424420,34845000,24.463
gen_n1000_rho0.9_independent-signed_seed3.pcf,1000,549,549,True,True,1424413,33404999,23.452
gen_n1000_rho0.9_independent-signed_seed4.pcf,1000,532,532,True,True,1981607,34960000,17.642
gen_n1000_rho0.9_independent-signed_seed5.pcf,1000,551,551,True,True,1396578,35300000,25.276
gen_n1000_rho0.9_independent-signed_seed6.pcf,1000,533,533,True,True,1021437,35446000,34.702
gen_n1000_rho0.9_independent-signed_seed7.pcf,1000,566,566,True,True,1383598,36547000,26.414
gen_n1000_rho0.9_independent-signed_seed8.pcf,1000,555,555,True,True,1242994,34396000,27.672
gen_n1000_rho0.9_independent-signed_seed9.pcf,1000,538,538,True,True,1340381,37201000,27.754
gen_n1000_rho0.9_near-ties_seed0.pcf,1000,227,227,True,True,1160935,18262000,15.73
gen_n1000_rho0.9_near-ties_seed1.pcf,1000,226,226,True,True,1197188,17304000,14.454
gen_n1000_rho0.9_near-ties_seed2.pcf,1000,214,214,True,True,1303693,16043000,12.306
gen_n1000_rho0.9_near-ties_seed3.pcf,1000,225,225,True,True,1121627,17476000,15.581
gen_n1000_rho0.9_near-ties_seed4.pcf,1000,227,227,True,True,1866530,17211000,9.221
gen_n1000_rho0.9_near-ties_seed5.pcf,1000,224,224,True,True,1299367,17968000,13.828
gen_n1000_rho0.9_near-ties_seed6.pcf,1000,219,219,True,True,1381665,17435000,12.619
gen_n1000_rho0.9_near-ties_seed7.pcf,1000,230,230,True,True,1269611,18572000,14.628
gen_n1000_rho0.9_near-ties_seed8.pcf,1000,219,219,True,True,1458914,16632000,11.4
gen_n1000_rho0.9_near-ties_seed9.pcf,1000,227,227,True,True,1079503,17382000,16.102
gen_n1000_rho1.0_anti-correlated_seed0.pcf,1000,483,483,True,True,1533755,34728000,22.642
gen_n1000_rho1.0_anti-correlated_seed1.pcf,1000,496,496,True,True,1856634,33944000,18.283
gen_n1000_rho1.0_anti-correlated_seed2.pcf,1000,458,458,True,True,2309077,31157000,13.493
gen_n1000_rho1.0_anti-correlated_seed3.pcf,1000,513,513,True,True,2075495,37533000,18.084
gen_n1000_rho1.0_anti-correlated_seed4.pcf,1000,499,499,True,True,1926479,33995000,17.646
gen_n1000_rho1.0_anti-correlated_seed5.pcf,1000,491,491,True,True,2415673,33083000,13.695
gen_n1000_rho1.0_anti-correlated_seed6.pcf,1000,515,515,True,True,1796033,35480000,19.755
gen_n1000_rho1.0_anti-correlated_seed7.pcf,1000,502,502,True,True,1511791,33661000,22.266
gen_n1000_rho1.0_anti-correlated_seed8.pcf,1000,504,504,True,True,2233449,33687000,15.083
gen_n1000_rho1.0_anti-correlated_seed9.pcf,1000,502,502,True,True,2535129,32947999,12.997
gen_n1000_rho1.0_correlated_seed0.pcf,1000,490,490,True,True,1604492,32908000,20.51
gen_n1000_rho1.0_correlated_seed1.pcf,1000,487,487,True,True,1854540,33112000,17.855
gen_n1000_rho1.0_correlated_seed2.pcf,1000,485,485,True,True,2031113,31495000,15.506
gen_n1000_rho1.0_correlated_seed3.pcf,1000,494,494,True,True,1561071,35960000,23.035
gen_n1000_rho1.0_correlated_seed4.pcf,1000,539,539,True,True,1330928,37877000,28.459
gen_n1000_rho1.0_correlated_seed5.pcf,1000,472,472,True,True,2475723,29336000,11.849
gen_n1000_rho1.0_correlated_seed6.pcf,1000,519,519,True,True,1654494,34284000,20.722
gen_n1000_rho1.0_correlated_seed7.pcf,1000,493,493,True,True,1490951,34091000,22.865
gen_n1000_rho1.0_correlated_seed8.pcf,1000,511,511,True,True,2717506,35475000,13.054
gen_n1000_rho1.0_correlated_seed9.pcf,1000,506,506,True,True,1790900,34949000,19.515
gen_n1000_rho1.0_exact-ties_seed0.pcf,1000,222,222,True,True,1596752,17373000,10.88
gen_n1000_rho1.0_exact-ties_seed1.pcf,1000,206,206,True,True,1716668,18906000,11.013
gen_n1000_rho1.0_exact-ties_seed2.pcf,1000,213,213,True,True,1610257,16971000,10.539
gen_n1000_rho1.0_exact-ties_seed3.pcf,1000,197,197,True,True,2018548,16261000,8.056
gen_n1000_rho1.0_exact-ties_seed4.pcf,1000,206,206,True,True,1987903,16763000,8.433
gen_n1000_rho1.0_exact-ties_seed5.pcf,1000,207,207,True,True,1704315,18269000,10.719
gen_n1000_rho1.0_exact-ties_seed6.pcf,1000,210,210,True,True,1354124,17819000,13.159
gen_n1000_rho1.0_exact-ties_seed7.pcf,1000,200,200,True,True,1518472,17153000,11.296
gen_n1000_rho1.0_exact-ties_seed8.pcf,1000,207,207,True,True,1914259,17234000,9.003
gen_n1000_rho1.0_exact-ties_seed9.pcf,1000,183,183,True,True,1689830,16259000,9.622
gen_n1000_rho1.0_independent-positive_seed0.pcf,1000,489,489,True,True,1801443,32310000,17.936
gen_n1000_rho1.0_independent-positive_seed1.pcf,1000,521,521,True,True,2579601,33801000,13.103
gen_n1000_rho1.0_independent-positive_seed2.pcf,1000,502,502,True,True,1932770,34616000,17.91
gen_n1000_rho1.0_independent-positive_seed3.pcf,1000,499,499,True,True,1547917,34534000,22.31
gen_n1000_rho1.0_independent-positive_seed4.pcf,1000,518,518,True,True,1432795,36268000,25.313
gen_n1000_rho1.0_independent-positive_seed5.pcf,1000,485,485,True,True,1780555,32186000,18.076
gen_n1000_rho1.0_independent-positive_seed6.pcf,1000,507,507,True,True,1253930,37437000,29.856
gen_n1000_rho1.0_independent-positive_seed7.pcf,1000,499,499,True,True,1638892,33981000,20.734
gen_n1000_rho1.0_independent-positive_seed8.pcf,1000,528,528,True,True,2036928,33092000,16.246
gen_n1000_rho1.0_independent-positive_seed9.pcf,1000,555,555,True,True,1539454,36541000,23.736
gen_n1000_rho1.0_independent-signed_seed0.pcf,1000,507,507,True,True,1641111,34150000,20.809
gen_n1000_rho1.0_independent-signed_seed1.pcf,1000,510,510,True,True,2578394,34805000,13.499
gen_n1000_rho1.0_independent-signed_seed2.pcf,1000,508,508,True,True,1802581,34778000,19.293
gen_n1000_rho1.0_independent-signed_seed3.pcf,1000,483,483,True,True,2008044,33506000,16.686
gen_n1000_rho1.0_independent-signed_seed4.pcf,1000,540,540,True,True,1407418,36653000,26.043
gen_n1000_rho1.0_independent-signed_seed5.pcf,1000,527,527,True,True,1906897,35386000,18.557
gen_n1000_rho1.0_independent-signed_seed6.pcf,1000,505,505,True,True,1816014,34667000,19.09
gen_n1000_rho1.0_independent-signed_seed7.pcf,1000,514,514,True,True,1929659,32301000,16.739
gen_n1000_rho1.0_independent-signed_seed8.pcf,1000,502,502,True,True,1720694,33517000,19.479
gen_n1000_rho1.0_independent-signed_seed9.pcf,1000,536,536,True,True,1554724,37361000,24.031
gen_n1000_rho1.0_near-ties_seed0.pcf,1000,223,223,True,True,1549099,18363000,11.854
gen_n1000_rho1.0_near-ties_seed1.pcf,1000,214,214,True,True,1683194,17377000,10.324
gen_n1000_rho1.0_near-ties_seed2.pcf,1000,205,205,True,True,1822024,16469000,9.039
gen_n1000_rho1.0_near-ties_seed3.pcf,1000,232,232,True,True,1527629,17874000,11.7
gen_n1000_rho1.0_near-ties_seed4.pcf,1000,232,232,True,True,1446465,17687000,12.228
gen_n1000_rho1.0_near-ties_seed5.pcf,1000,238,238,True,True,1380668,17073000,12.366
gen_n1000_rho1.0_near-ties_seed6.pcf,1000,230,230,True,True,1676333,17538000,10.462
gen_n1000_rho1.0_near-ties_seed7.pcf,1000,222,222,True,True,1493042,16525000,11.068
gen_n1000_rho1.0_near-ties_seed8.pcf,1000,213,213,True,True,1546059,16049999,10.381
gen_n1000_rho1.0_near-ties_seed9.pcf,1000,215,215,True,True,2101995,16996000,8.086
gen_n100_rho0.3_anti-correlated_seed0.pcf,100,88,88,True,True,46308,1013000,21.875
gen_n100_rho0.3_anti-correlated_seed1.pcf,100,84,84,True,True,55660,2287000,41.089
gen_n100_rho0.3_anti-correlated_seed2.pcf,100,82,82,True,True,106471,2449000,23.002
gen_n100_rho0.3_anti-correlated_seed3.pcf,100,87,87,True,True,104227,2481000,23.804
gen_n100_rho0.3_anti-correlated_seed4.pcf,100,86,86,True,True,89981,2388000,26.539
gen_n100_rho0.3_anti-correlated_seed5.pcf,100,88,88,True,True,118759,2637000,22.205
gen_n100_rho0.3_anti-correlated_seed6.pcf,100,83,83,True,True,63944,2456000,38.409
gen_n100_rho0.3_anti-correlated_seed7.pcf,100,82,82,True,True,87885,2439000,27.752
gen_n100_rho0.3_anti-correlated_seed8.pcf,100,87,87,True,True,76672,2519000,32.854
gen_n100_rho0.3_anti-correlated_seed9.pcf,100,91,91,True,True,75316,2443000,32.437
gen_n100_rho0.3_correlated_seed0.pcf,100,88,88,True,True,58531,2529000,43.208
gen_n100_rho0.3_correlated_seed1.pcf,100,87,87,True,True,64646,2573000,39.801
gen_n100_rho0.3_correlated_seed2.pcf,100,88,88,True,True,65349,2508000,38.379
gen_n100_rho0.3_correlated_seed3.pcf,100,87,87,True,True,49041,2550000,51.997
gen_n100_rho0.3_correlated_seed4.pcf,100,86,86,True,True,99114,1994000,20.118
gen_n100_rho0.3_correlated_seed5.pcf,100,81,81,True,True,121181,2491000,20.556
gen_n100_rho0.3_correlated_seed6.pcf,100,85,85,True,True,61825,2567000,41.52
gen_n100_rho0.3_correlated_seed7.pcf,100,82,82,True,True,69657,2366000,33.966
gen_n100_rho0.3_correlated_seed8.pcf,100,84,84,True,True,63346,2561000,40.429
gen_n100_rho0.3_correlated_seed9.pcf,100,85,85,True,True,65861,2461000,37.367
gen_n100_rho0.3_exact-ties_seed0.pcf,100,15,15,True,True,38436,686000,17.848
gen_n100_rho0.3_exact-ties_seed1.pcf,100,14,14,True,True,92410,674000,7.294
gen_n100_rho0.3_exact-ties_seed2.pcf,100,15,15,True,True,53345,658000,12.335
gen_n100_rho0.3_exact-ties_seed3.pcf,100,14,14,True,True,47401,650000,13.713
gen_n100_rho0.3_exact-ties_seed4.pcf,100,11,11,True,True,36486,525000,14.389
gen_n100_rho0.3_exact-ties_seed5.pcf,100,15,15,True,True,44770,696000,15.546
gen_n100_rho0.3_exact-ties_seed6.pcf,100,17,17,True,True,48283,773000,16.01
gen_n100_rho0.3_exact-ties_seed7.pcf,100,13,13,True,True,34998,592000,16.915
gen_n100_rho0.3_exact-ties_seed8.pcf,100,10,10,True,True,50752,484000,9.537
gen_n100_rho0.3_exact-ties_seed9.pcf,100,13,13,True,True,78949,584000,7.397
gen_n100_rho0.3_independent-positive_seed0.pcf,100,86,86,True,True,66888,2496000,37.316
gen_n100_rho0.3_independent-positive_seed1.pcf,100,81,81,True,True,109384,2429000,22.206
gen_n100_rho0.3_independent-positive_seed2.pcf,100,86,86,True,True,67936,2380000,35.033
gen_n100_rho0.3_independent-positive_seed3.pcf,100,83,83,True,True,87385,2533000,28.987
gen_n100_rho0.3_independent-positive_seed4.pcf,100,85,85,True,True,63277,2250000,35.558
gen_n100_rho0.3_independent-positive_seed5.pcf,100,84,84,True,True,47003,2342000,49.827
gen_n100_rho0.3_independent-positive_seed6.pcf,100,80,80,True,True,86093,2452000,28.481
gen_n100_rho0.3_independent-positive_seed7.pcf,100,82,82,True,True,78447,2199000,28.032
gen_n100_rho0.3_independent-positive_seed8.pcf,100,84,84,True,True,80652,2486000,30.824
gen_n100_rho0.3_independent-positive_seed9.pcf,100,87,87,True,True,65312,2533000,38.783
gen_n100_rho0.3_independent-signed_seed0.pcf,100,85,85,True,True,66662,1941000,29.117
gen_n100_rho0.3_independent-signed_seed1.pcf,100,77,77,True,True,99332,2452000,24.685
gen_n100_rho0.3_independent-signed_seed2.pcf,100,85,85,True,True,62905,2380000,37.835
gen_n100_rho0.3_independent-signed_seed3.pcf,100,84,84,True,True,116903,2282000,19.52
gen_n100_rho0.3_independent-signed_seed4.pcf,100,86,86,True,True,87056,2492000,28.625
gen_n100_rho0.3_independent-signed_seed5.pcf,100,84,84,True,True,65382,2269000,34.704
gen_n100_rho0.3_independent-signed_seed6.pcf,100,85,85,True,True,65176,2302000,35.32
gen_n100_rho0.3_independent-signed_seed7.pcf,100,87,87,True,True,64062,2566000,40.055
gen_n100_rho0.3_independent-signed_seed8.pcf,100,82,82,True,True,31977,2371000,74.147
gen_n100_rho0.3_independent-signed_seed9.pcf,100,87,87,True,True,60362,2549000,42.229
gen_n100_rho0.3_near-ties_seed0.pcf,100,70,70,True,True,70252,2027000,28.853
gen_n100_rho0.3_near-ties_seed1.pcf,100,63,63,True,True,57989,1809000,31.196
gen_n100_rho0.3_near-ties_seed2.pcf,100,65,65,True,True,135367,2060000,15.218
gen_n100_rho0.3_near-ties_seed3.pcf,100,63,63,True,True,58919,1886000,32.01
gen_n100_rho0.3_near-ties_seed4.pcf,100,65,65,True,True,61315,2045000,33.352
gen_n100_rho0.3_near-ties_seed5.pcf,100,65,65,True,True,77909,1968000,25.26
gen_n100_rho0.3_near-ties_seed6.pcf,100,67,67,True,True,109898,2146000,19.527
gen_n100_rho0.3_near-ties_seed7.pcf,100,69,69,True,True,90626,2019000,22.278
gen_n100_rho0.3_near-ties_seed8.pcf,100,66,66,True,True,131811,1898000,14.399
gen_n100_rho0.3_near-ties_seed9.pcf,100,60,60,True,True,58291,1883000,32.303
gen_n100_rho0.6_anti-correlated_seed0.pcf,100,60,60,True,True,119947,2001999,16.691
gen_n100_rho0.6_anti-correlated_seed1.pcf,100,70,70,True,True,84589,2357000,27.864
gen_n100_rho0.6_anti-correlated_seed2.pcf,100,73,73,True,True,81535,2307000,28.295
gen_n100_rho0.6_anti-correlated_seed3.pcf,100,80,80,True,True,110216,2419000,21.948
gen_n100_rho0.6_anti-correlated_seed4.pcf,100,73,73,True,True,133334,2391000,17.932
gen_n100_rho0.6_anti-correlated_seed5.pcf,100,73,73,True,True,104277,2017999,19.352
gen_n100_rho0.6_anti-correlated_seed6.pcf,100,77,77,True,True,136704,2502000,18.302
gen_n100_rho0.6_anti-correlated_seed7.pcf,100,76,76,True,True,95383,2531000,26.535
gen_n100_rho0.6_anti-correlated_seed8.pcf,100,77,77,True,True,122403,2544000,20.784
gen_n100_rho0.6_anti-correlated_seed9.pcf,100,67,67,True,True,102869,2409000,23.418
gen_n100_rho0.6_correlated_seed0.pcf,100,72,72,True,True,139977,2315000,16.538
gen_n100_rho0.6_correlated_seed1.pcf,100,75,75,True,True,143574,2423000,16.876
gen_n100_rho0.6_correlated_seed2.pcf,100,76,76,True,True,132049,2490000,18.857
gen_n100_rho0.6_correlated_seed3.pcf,100,74,74,True,True,158752,2596000,16.353
gen_n100_rho0.6_correlated_seed4.pcf,100,68,68,True,True,60396,2105000,34.853
gen_n100_rho0.6_correlated_seed5.pcf,100,76,76,True,True,93409,1775000,19.002
gen_n100_rho0.6_correlated_seed6.pcf,100,73,73,True,True,149707,2445000,16.332
gen_n100_rho0.6_correlated_seed7.pcf,100,78,78,True,True,142758,2410000,16.882
gen_n100_rho0.6_correlated_seed8.pcf,100,78,78,True,True,96758,2486000,25.693
gen_n100_rho0.6_correlated_seed9.pcf,100,66,66,True,True,96418,2101000,21.791
gen_n100_rho0.6_exact-ties_seed0.pcf,100,18,18,True,True,85029,915000,10.761
gen_n100_rho0.6_exact-ties_seed1.pcf,100,18,18,True,True,87110,841000,9.654
gen_n100_rho0.6_exact-ties_seed2.pcf,100,21,21,True,True,93074,1060000,11.389
gen_n100_rho0.6_exact-ties_seed3.pcf,100,15,15,True,True,108024,779000,7.211
gen_n100_rho0.6_exact-ties_seed4.pcf,100,22,22,True,True,118980,974000,8.186
gen_n100_rho0.6_exact-ties_seed5.pcf,100,19,19,True,True,112881,854000,7.565
gen_n100_rho0.6_exact-ties_seed6.pcf,100,16,16,True,True,116286,825000,7.095
gen_n100_rho0.6_exact-ties_seed7.pcf,100,21,21,True,True,78156,944000,12.078
gen_n100_rho0.6_exact-ties_seed8.pcf,100,18,18,True,True,66079,844000,12.773
gen_n100_rho0.6_exact-ties_seed9.pcf,100,18,18,True,True,67721,885000,13.068
gen_n100_rho0.6_independent-positive_seed0.pcf,100,63,63,True,True,151940,2147000,14.131
gen_n100_rho0.6_independent-positive_seed1.pcf,100,69,69,True,True,167332,2377000,14.205
gen_n100_rho0.6_independent-positive_seed2.pcf,100,76,76,True,True,78535,2303000,29.325
gen_n100_rho0.6_independent-positive_seed3.pcf,100,76,76,True,True,214329,2486000,11.599
gen_n100_rho0.6_independent-positive_seed4.pcf,100,72,72,True,True,171169,2419000,14.132
gen_n100_rho0.6_independent-positive_seed5.pcf,100,76,76,True,True,95383,2506000,26.273
gen_n100_rho0.6_independent-positive_seed6.pcf,100,72,72,True,True,115325,2285000,19.814
gen_n100_rho0.6_independent-positive_seed7.pcf,100,63,63,True,True,119694,1978999,16.534
gen_n100_rho0.6_independent-positive_seed8.pcf,100,66,66,True,True,166122,2081000,12.527
gen_n100_rho0.6_independent-positive_seed9.pcf,100,71,71,True,True,220209,2033999,9.237
gen_n100_rho0.6_independent-signed_seed0.pcf,100,66,66,True,True,186970,2299000,12.296
gen_n100_rho0.6_independent-signed_seed1.pcf,100,68,68,True,True,111221,2155000,19.376
gen_n100_rho0.6_independent-signed_seed2.pcf,100,77,77,True,True,91246,2392000,26.215
gen_n100_rho0.6_independent-signed_seed3.pcf,100,62,62,True,True,187092,2213000,11.828
gen_n100_rho0.6_independent-signed_seed4.pcf,100,73,73,True,True,130668,2551000,19.523
gen_n100_rho0.6_independent-signed_seed5.pcf,100,78,78,True,True,80811,2592000,32.075
gen_n100_rho0.6_independent-signed_seed6.pcf,100,74,74,True,True,123680,2079999,16.818
gen_n100_rho0.6_independent-signed_seed7.pcf,100,64,64,True,True,176217,2245000,12.74
gen_n100_rho0.6_independent-signed_seed8.pcf,100,69,69,True,True,162431,2287000,14.08
gen_n100_rho0.6_independent-signed_seed9.pcf,100,72,72,True,True,205631,2207000,10.733
gen_n100_rho0.6_near-ties_seed0.pcf,100,56,56,True,True,144533,2014999,13.941
gen_n100_rho0.6_near-ties_seed1.pcf,100,61,61,True,True,142308,2047000,14.384
gen_n100_rho0.6_near-ties_seed2.pcf,100,64,64,True,True,117064,2084000,17.802
gen_n100_rho0.6_near-ties_seed3.pcf,100,58,58,True,True,124874,2030999,16.264
gen_n100_rho0.6_near-ties_seed4.pcf,100,63,63,True,True,121220,1942000,16.02
gen_n100_rho0.6_near-ties_seed5.pcf,100,57,57,True,True,75259,1745000,23.187
gen_n100_rho0.6_near-ties_seed6.pcf,100,58,58,True,True,91887,1846000,20.09
gen_n100_rho0.6_near-ties_seed7.pcf,100,62,62,True,True,84251,2024000,24.023
gen_n100_rho0.6_near-ties_seed8.pcf,100,55,55,True,True,95953,1809000,18.853
gen_n100_rho0.6_near-ties_seed9.pcf,100,60,60,True,True,146433,1932000,13.194
gen_n100_rho0.9_anti-correlated_seed0.pcf,100,61,61,True,True,210894,2233000,10.588
gen_n100_rho0.9_anti-correlated_seed1.pcf,100,57,57,True,True,312301,2014999,6.452
gen_n100_rho0.9_anti-correlated_seed2.pcf,100,57,57,True,True,275657,2026000,7.35
gen_n100_rho0.9_anti-correlated_seed3.pcf,100,51,51,True,True,371398,1888000,5.083
gen_n100_rho0.9_anti-correlated_seed4.pcf,100,64,64,True,True,341780,2149000,6.288
gen_n100_rho0.9_anti-correlated_seed5.pcf,100,59,59,True,True,250590,2126000,8.484
gen_n100_rho0.9_anti-correlated_seed6.pcf,100,61,61,True,True,247181,2126000,8.601
gen_n100_rho0.9_anti-correlated_seed7.pcf,100,62,62,True,True,327400,2222000,6.787
gen_n100_rho0.9_anti-correlated_seed8.pcf,100,59,59,True,True,281856,2190000,7.77
gen_n100_rho0.9_anti-correlated_seed9.pcf,100,58,58,True,True,91719,2115000,23.06
gen_n100_rho0.9_correlated_seed0.pcf,100,58,58,True,True,229533,2106000,9.175
gen_n100_rho0.9_correlated_seed1.pcf,100,59,59,True,True,307153,2118000,6.896
gen_n100_rho0.9_correlated_seed2.pcf,100,58,58,True,True,261245,2110000,8.077
gen_n100_rho0.9_correlated_seed3.pcf,100,63,63,True,True,388778,2218000,5.705
gen_n100_rho0.9_correlated_seed4.pcf,100,66,66,True,True,213961,1907000,8.913
gen_n100_rho0.9_correlated_seed5.pcf,100,55,55,True,True,237623,2053999,8.644
gen_n100_rho0.9_correlated_seed6.pcf,100,59,59,True,True,246211,2153000,8.745
gen_n100_rho0.9_correlated_seed7.pcf,100,52,52,True,True,361964,1914000,5.288
gen_n100_rho0.9_correlated_seed8.pcf,100,52,52,True,True,301756,1874000,6.21
gen_n100_rho0.9_correlated_seed9.pcf,100,55,55,True,True,334283,1802000,5.391
gen_n100_rho0.9_exact-ties_seed0.pcf,100,21,21,True,True,296477,1084000,3.656
gen_n100_rho0.9_exact-ties_seed1.pcf,100,20,20,True,True,246407,1067000,4.33
gen_n100_rho0.9_exact-ties_seed2.pcf,100,20,20,True,True,99097,515000,5.197
gen_n100_rho0.9_exact-ties_seed3.pcf,100,21,21,True,True,334482,1101000,3.292
gen_n100_rho0.9_exact-ties_seed4.pcf,100,21,21,True,True,250977,1061000,4.227
gen_n100_rho0.9_exact-ties_seed5.pcf,100,18,18,True,True,315112,1008999,3.202
gen_n100_rho0.9_exact-ties_seed6.pcf,100,19,19,True,True,279300,1033000,3.699
gen_n100_rho0.9_exact-ties_seed7.pcf,100,20,20,True,True,237990,1029000,4.324
gen_n100_rho0.9_exact-ties_seed8.pcf,100,22,22,True,True,354879,1139000,3.21
gen_n100_rho0.9_exact-ties_seed9.pcf,100,24,24,True,True,235927,1109000,4.701
gen_n100_rho0.9_independent-positive_seed0.pcf,100,47,47,True,True,261846,1539000,5.878
gen_n100_rho0.9_independent-positive_seed1.pcf,100,56,56,True,True,296871,2027999,6.831
gen_n100_rho0.9_independent-positive_seed2.pcf,100,58,58,True,True,292536,1925000,6.58
gen_n100_rho0.9_independent-positive_seed3.pcf,100,50,50,True,True,209966,1868000,8.897
gen_n100_rho0.9_independent-positive_seed4.pcf,100,54,54,True,True,371092,2065000,5.565
gen_n100_rho0.9_independent-positive_seed5.pcf,100,57,57,True,True,353460,1405000,3.975
gen_n100_rho0.9_independent-positive_seed6.pcf,100,59,59,True,True,253447,1937000,7.643
gen_n100_rho0.9_independent-positive_seed7.pcf,100,51,51,True,True,276816,1882000,6.799
gen_n100_rho0.9_independent-positive_seed8.pcf,100,50,50,True,True,246915,1913000,7.748
gen_n100_rho0.9_independent-positive_seed9.pcf,100,55,55,True,True,264390,1965000,7.432
gen_n100_rho0.9_independent-signed_seed0.pcf,100,52,52,True,True,267552,1886000,7.049
gen_n100_rho0.9_independent-signed_seed1.pcf,100,56,56,True,True,261580,1997000,7.634
gen_n100_rho0.9_independent-signed_seed2.pcf,100,53,53,True,True,327401,2010000,6.139
gen_n100_rho0.9_independent-signed_seed3.pcf,100,57,57,True,True,276779,2117000,7.649
gen_n100_rho0.9_independent-signed_seed4.pcf,100,52,52,True,True,227029,2084000,9.179
gen_n100_rho0.9_independent-signed_seed5.pcf,100,60,60,True,True,284756,2409000,8.46
gen_n100_rho0.9_independent-signed_seed6.pcf,100,53,53,True,True,305878,2149000,7.026
gen_n100_rho0.9_independent-signed_seed7.pcf,100,51,51,True,True,366181,1967000,5.372
gen_n100_rho0.9_independent-signed_seed8.pcf,100,57,57,True,True,377485,1976000,5.235
gen_n100_rho0.9_independent-signed_seed9.pcf,100,62,62,True,True,235343,2267000,9.633
gen_n100_rho0.9_near-ties_seed0.pcf,100,45,45,True,True,330099,1949000,5.904
gen_n100_rho0.9_near-ties_seed1.pcf,100,48,48,True,True,211639,1626000,7.683
gen_n100_rho0.9_near-ties_seed2.pcf,100,44,44,True,True,163961,706000,4.306
gen_n100_rho0.9_near-ties_seed3.pcf,100,45,45,True,True,250450,1456000,5.814
gen_n100_rho0.9_near-ties_seed4.pcf,100,45,45,True,True,247766,1202000,4.851
gen_n100_rho0.9_near-ties_seed5.pcf,100,43,43,True,True,405432,1622000,4.001
gen_n100_rho0.9_near-ties_seed6.pcf,100,49,49,True,True,220622,1869000,8.472
gen_n100_rho0.9_near-ties_seed7.pcf,100,48,48,True,True,341679,1668000,4.882
gen_n100_rho0.9_near-ties_seed8.pcf,100,48,48,True,True,194829,1756000,9.013
gen_n100_rho0.9_near-ties_seed9.pcf,100,48,48,True,True,286739,1584000,5.524
gen_n100_rho1.0_anti-correlated_seed0.pcf,100,49,49,True,True,353795,1861000,5.26
gen_n100_rho1.0_anti-correlated_seed1.pcf,100,50,50,True,True,380681,1932000,5.075
gen_n100_rho1.0_anti-correlated_seed2.pcf,100,58,58,True,True,311620,2109000,6.768
gen_n100_rho1.0_anti-correlated_seed3.pcf,100,41,41,True,True,497006,1657000,3.334
gen_n100_rho1.0_anti-correlated_seed4.pcf,100,48,48,True,True,384724,1557000,4.047
gen_n100_rho1.0_anti-correlated_seed5.pcf,100,50,50,True,True,361183,1991000,5.512
gen_n100_rho1.0_anti-correlated_seed6.pcf,100,51,51,True,True,220687,1954000,8.854
gen_n100_rho1.0_anti-correlated_seed7.pcf,100,49,49,True,True,402567,2063999,5.127
gen_n100_rho1.0_anti-correlated_seed8.pcf,100,47,47,True,True,414383,1801000,4.346
gen_n100_rho1.0_anti-correlated_seed9.pcf,100,47,47,True,True,334972,1891000,5.645
gen_n100_rho1.0_correlated_seed0.pcf,100,50,50,True,True,375896,1912000,5.087
gen_n100_rho1.0_correlated_seed1.pcf,100,50,50,True,True,487288,1990000,4.084
gen_n100_rho1.0_correlated_seed2.pcf,100,58,58,True,True,330587,2229000,6.743
gen_n100_rho1.0_correlated_seed3.pcf,100,42,42,True,True,434007,1673000,3.855
gen_n100_rho1.0_correlated_seed4.pcf,100,55,55,True,True,379097,2025000,5.342
gen_n100_rho1.0_correlated_seed5.pcf,100,48,48,True,True,289936,1724000,5.946
gen_n100_rho1.0_correlated_seed6.pcf,100,43,43,True,True,399281,1666000,4.173
gen_n100_rho1.0_correlated_seed7.pcf,100,55,55,True,True,351846,2024000,5.753
gen_n100_rho1.0_correlated_seed8.pcf,100,51,51,True,True,407973,1930000,4.731
gen_n100_rho1.0_correlated_seed9.pcf,100,56,56,True,True,160083,818000,5.11
gen_n100_rho1.0_exact-ties_seed0.pcf,100,21,21,True,True,257220,793000,3.083
gen_n100_rho1.0_exact-ties_seed1.pcf,100,23,23,True,True,150386,451000,2.999
gen_n100_rho1.0_exact-ties_seed2.pcf,100,19,19,True,True,95748,372000,3.885
gen_n100_rho1.0_exact-ties_seed3.pcf,100,22,22,True,True,176706,419000,2.371
gen_n100_rho1.0_exact-ties_seed4.pcf,100,19,19,True,True,224508,368000,1.639
gen_n100_rho1.0_exact-ties_seed5.pcf,100,24,24,True,True,116741,726000,6.219
gen_n100_rho1.0_exact-ties_seed6.pcf,100,21,21,True,True,129435,414000,3.199
gen_n100_rho1.0_exact-ties_seed7.pcf,100,13,13,True,True,132196,441000,3.336
gen_n100_rho1.0_exact-ties_seed8.pcf,100,18,18,True,True,170885,356000,2.083
gen_n100_rho1.0_exact-ties_seed9.pcf,100,19,19,True,True,80268,377000,4.697
gen_n100_rho1.0_independent-positive_seed0.pcf,100,47,47,True,True,227961,696000,3.053
gen_n100_rho1.0_independent-positive_seed1.pcf,100,58,58,True,True,186860,1008999,5.4
gen_n100_rho1.0_independent-positive_seed2.pcf,100,56,56,True,True,234006,812000,3.47
gen_n100_rho1.0_independent-positive_seed3.pcf,100,63,63,True,True,78785,1041000,13.213
gen_n100_rho1.0_independent-positive_seed4.pcf,100,48,48,True,True,208640,747000,3.58
gen_n100_rho1.0_independent-positive_seed5.pcf,100,51,51,True,True,190120,731000,3.845
gen_n100_rho1.0_independent-positive_seed6.pcf,100,43,43,True,True,195189,1335000,6.84
gen_n100_rho1.0_independent-positive_seed7.pcf,100,49,49,True,True,240812,772000,3.206
gen_n100_rho1.0_independent-positive_seed8.pcf,100,60,60,True,True,251810,2078000,8.252
gen_n100_rho1.0_independent-positive_seed9.pcf,100,53,53,True,True,115013,796000,6.921
gen_n100_rho1.0_independent-signed_seed0.pcf,100,49,49,True,True,258008,730000,2.829
gen_n100_rho1.0_independent-signed_seed1.pcf,100,56,56,True,True,88547,808000,9.125
gen_n100_rho1.0_independent-signed_seed2.pcf,100,56,56,True,True,186524,1198000,6.423
gen_n100_rho1.0_independent-signed_seed3.pcf,100,55,55,True,True,140734,786000,5.585
gen_n100_rho1.0_independent-signed_seed4.pcf,100,48,48,True,True,134216,713000,5.312
gen_n100_rho1.0_independent-signed_seed5.pcf,100,49,49,True,True,204358,702000,3.435
gen_n100_rho1.0_independent-signed_seed6.pcf,100,48,48,True,True,233854,933000,3.99
gen_n100_rho1.0_independent-signed_seed7.pcf,100,54,54,True,True,233601,871000,3.729
gen_n100_rho1.0_independent-signed_seed8.pcf,100,54,54,True,True,170603,1886000,11.055
gen_n100_rho1.0_independent-signed_seed9.pcf,100,55,55,True,True,402438,1524000,3.787
gen_n100_rho1.0_near-ties_seed0.pcf,100,41,41,True,True,239025,624000,2.611
gen_n100_rho1.0_near-ties_seed1.pcf,100,39,39,True,True,514975,1548000,3.006
gen_n100_rho1.0_near-ties_seed2.pcf,100,49,49,True,True,321973,2076000,6.448
gen_n100_rho1.0_near-ties_seed3.pcf,100,39,39,True,True,117835,1186000,10.065
gen_n100_rho1.0_near-ties_seed4.pcf,100,41,41,True,True,169809,740000,4.358
gen_n100_rho1.0_near-ties_seed5.pcf,100,38,38,True,True,380441,631000,1.659
gen_n100_rho1.0_near-ties_seed6.pcf,100,44,44,True,True,466307,1714000,3.676
gen_n100_rho1.0_near-ties_seed7.pcf,100,50,50,True,True,178169,730000,4.097
gen_n100_rho1.0_near-ties_seed8.pcf,100,49,49,True,True,559517,1741000,3.112
gen_n100_rho1.0_near-ties_seed9.pcf,100,42,42,True,True,153369,1374000,8.959
gen_n200_rho0.3_anti-correlated_seed0.pcf,200,164,164,True,True,176503,7635000,43.257
gen_n200_rho0.3_anti-correlated_seed1.pcf,200,160,160,True,True,175512,7435000,42.362
gen_n200_rho0.3_anti-correlated_seed2.pcf,200,174,174,True,True,114652,3178000,27.719
gen_n200_rho0.3_anti-correlated_seed3.pcf,200,173,173,True,True,159311,7790000,48.898
gen_n200_rho0.3_anti-correlated_seed4.pcf,200,164,164,True,True,165439,6400000,38.685
gen_n200_rho0.3_anti-correlated_seed5.pcf,200,171,171,True,True,200956,7988000,39.75
gen_n200_rho0.3_anti-correlated_seed6.pcf,200,168,168,True,True,172714,7918000,45.845
gen_n200_rho0.3_anti-correlated_seed7.pcf,200,177,177,True,True,98786,7711000,78.058
gen_n200_rho0.3_anti-correlated_seed8.pcf,200,166,166,True,True,143989,7771000,53.969
gen_n200_rho0.3_anti-correlated_seed9.pcf,200,169,169,True,True,229654,7588000,33.041
gen_n200_rho0.3_correlated_seed0.pcf,200,167,167,True,True,98987,5776000,58.351
gen_n200_rho0.3_correlated_seed1.pcf,200,162,162,True,True,169993,7248000,42.637
gen_n200_rho0.3_correlated_seed2.pcf,200,174,174,True,True,142437,8180000,57.429
gen_n200_rho0.3_correlated_seed3.pcf,200,162,162,True,True,143270,7259000,50.667
gen_n200_rho0.3_correlated_seed4.pcf,200,167,167,True,True,184634,7658000,41.477
gen_n200_rho0.3_correlated_seed5.pcf,200,172,172,True,True,181453,7969000,43.918
gen_n200_rho0.3_correlated_seed6.pcf,200,168,168,True,True,224192,8362000,37.298
gen_n200_rho0.3_correlated_seed7.pcf,200,168,168,True,True,145279,8277000,56.973
gen_n200_rho0.3_correlated_seed8.pcf,200,176,176,True,True,137484,8274000,60.182
gen_n200_rho0.3_correlated_seed9.pcf,200,169,169,True,True,143604,7652000,53.285
gen_n200_rho0.3_exact-ties_seed0.pcf,200,36,36,True,True,159758,1224000,7.662
gen_n200_rho0.3_exact-ties_seed1.pcf,200,36,36,True,True,91400,1991999,21.794
gen_n200_rho0.3_exact-ties_seed2.pcf,200,29,29,True,True,97094,2043999,21.052
gen_n200_rho0.3_exact-ties_seed3.pcf,200,30,30,True,True,120074,2007999,16.723
gen_n200_rho0.3_exact-ties_seed4.pcf,200,31,31,True,True,77190,2142000,27.75
gen_n200_rho0.3_exact-ties_seed5.pcf,200,24,24,True,True,95848,1033000,10.777
gen_n200_rho0.3_exact-ties_seed6.pcf,200,33,33,True,True,125696,2344000,18.648
gen_n200_rho0.3_exact-ties_seed7.pcf,200,39,39,True,True,137259,2555000,18.614
gen_n200_rho0.3_exact-ties_seed8.pcf,200,24,24,True,True,130374,1732000,13.285
gen_n200_rho0.3_exact-ties_seed9.pcf,200,27,27,True,True,121153,2009000,16.582
gen_n200_rho0.3_independent-positive_seed0.pcf,200,171,171,True,True,198133,8044000,40.599
gen_n200_rho0.3_independent-positive_seed1.pcf,200,157,157,True,True,174089,7449000,42.788
gen_n200_rho0.3_independent-positive_seed2.pcf,200,170,170,True,True,167015,7798000,46.69
gen_n200_rho0.3_independent-positive_seed3.pcf,200,167,167,True,True,229657,8203999,35.723
gen_n200_rho0.3_independent-positive_seed4.pcf,200,162,162,True,True,150460,6843000,45.481
gen_n200_rho0.3_independent-positive_seed5.pcf,200,173,173,True,True,214728,7303000,34.01
gen_n200_rho0.3_independent-positive_seed6.pcf,200,164,164,True,True,150889,7692000,50.978
gen_n200_rho0.3_independent-positive_seed7.pcf,200,162,162,True,True,159439,7284000,45.685
gen_n200_rho0.3_independent-positive_seed8.pcf,200,169,169,True,True,159108,7396000,46.484
gen_n200_rho0.3_independent-positive_seed9.pcf,200,169,169,True,True,159512,7514000,47.106
gen_n200_rho0.3_independent-signed_seed0.pcf,200,166,166,True,True,217734,7912000,36.338
gen_n200_rho0.3_independent-signed_seed1.pcf,200,160,160,True,True,173881,8139000,46.808
gen_n200_rho0.3_independent-signed_seed2.pcf,200,173,173,True,True,163934,8472000,51.679
gen_n200_rho0.3_independent-signed_seed3.pcf,200,171,171,True,True,147406,8662000,58.763
gen_n200_rho0.3_independent-signed_seed4.pcf,200,163,163,True,True,154673,7456000,48.205
gen_n200_rho0.3_independent-signed_seed5.pcf,200,172,172,True,True,198179,8583000,43.309
gen_n200_rho0.3_independent-signed_seed6.pcf,200,168,168,True,True,229486,8078999,35.205
gen_n200_rho0.3_independent-signed_seed7.pcf,200,167,167,True,True,147211,7447000,50.587
gen_n200_rho0.3_independent-signed_seed8.pcf,200,169,169,True,True,207453,8426000,40.616
gen_n200_rho0.3_independent-signed_seed9.pcf,200,174,174,True,True,231121,7653000,33.113
gen_n200_rho0.3_near-ties_seed0.pcf,200,106,106,True,True,211020,5511000,26.116
gen_n200_rho0.3_near-ties_seed1.pcf,200,106,106,True,True,136902,3747000,27.37
gen_n200_rho0.3_near-ties_seed2.pcf,200,98,98,True,True,143134,3778000,26.395
gen_n200_rho0.3_near-ties_seed3.pcf,200,102,102,True,True,209063,5446000,26.05
gen_n200_rho0.3_near-ties_seed4.pcf,200,101,101,True,True,165775,5301000,31.977
gen_n200_rho0.3_near-ties_seed5.pcf,200,105,105,True,True,216521,4887000,22.571
gen_n200_rho0.3_near-ties_seed6.pcf,200,98,98,True,True,146508,4581000,31.268
gen_n200_rho0.3_near-ties_seed7.pcf,200,105,105,True,True,120921,5134000,42.457
gen_n200_rho0.3_near-ties_seed8.pcf,200,109,109,True,True,199345,5409000,27.134
gen_n200_rho0.3_near-ties_seed9.pcf,200,102,102,True,True,206584,5005000,24.227
gen_n200_rho0.6_anti-correlated_seed0.pcf,200,135,135,True,True,351852,7226000,20.537
gen_n200_rho0.6_anti-correlated_seed1.pcf,200,136,136,True,True,336400,7432000,22.093
gen_n200_rho0.6_anti-correlated_seed2.pcf,200,139,139,True,True,421748,7456000,17.679
gen_n200_rho0.6_anti-correlated_seed3.pcf,200,150,150,True,True,378110,8370000,22.136
gen_n200_rho0.6_anti-correlated_seed4.pcf,200,133,133,True,True,309829,7115000,22.964
gen_n200_rho0.6_anti-correlated_seed5.pcf,200,130,130,True,True,418435,7164000,17.121
gen_n200_rho0.6_anti-correlated_seed6.pcf,200,135,135,True,True,375466,7056000,18.793
gen_n200_rho0.6_anti-correlated_seed7.pcf,200,141,141,True,True,339774,7383000,21.729
gen_n200_rho0.6_anti-correlated_seed8.pcf,200,139,139,True,True,344419,7627000,22.145
gen_n200_rho0.6_anti-correlated_seed9.pcf,200,132,132,True,True,416146,6538000,15.711
gen_n200_rho0.6_correlated_seed0.pcf,200,148,148,True,True,311081,7793000,25.051
gen_n200_rho0.6_correlated_seed1.pcf,200,137,137,True,True,298069,6420000,21.539
gen_n200_rho0.6_correlated_seed2.pcf,200,135,135,True,True,356107,6470000,18.169
gen_n200_rho0.6_correlated_seed3.pcf,200,146,146,True,True,343912,7681000,22.334
gen_n200_rho0.6_correlated_seed4.pcf,200,134,134,True,True,213984,6634000,31.002
gen_n200_rho0.6_correlated_seed5.pcf,200,133,133,True,True,460977,7397000,16.046
gen_n200_rho0.6_correlated_seed6.pcf,200,140,140,True,True,144758,6852000,47.334
gen_n200_rho0.6_correlated_seed7.pcf,200,145,145,True,True,281573,7104000,25.23
gen_n200_rho0.6_correlated_seed8.pcf,200,143,143,True,True,399769,6904000,17.27
gen_n200_rho0.6_correlated_seed9.pcf,200,134,134,True,True,334409,6270000,18.749
gen_n200_rho0.6_exact-ties_seed0.pcf,200,32,32,True,True,321185,2344000,7.298
gen_n200_rho0.6_exact-ties_seed1.pcf,200,50,50,True,True,112752,1744000,15.468
gen_n200_rho0.6_exact-ties_seed2.pcf,200,42,42,True,True,224066,2519000,11.242
gen_n200_rho0.6_exact-ties_seed3.pcf,200,38,38,True,True,156095,2646000,16.951
gen_n200_rho0.6_exact-ties_seed4.pcf,200,46,46,True,True,370478,3047000,8.225
gen_n200_rho0.6_exact-ties_seed5.pcf,200,34,34,True,True,312578,2515000,8.046
gen_n200_rho0.6_exact-ties_seed6.pcf,200,36,36,True,True,591580,2571000,4.346
gen_n200_rho0.6_exact-ties_seed7.pcf,200,44,44,True,True,303942,2822000,9.285
gen_n200_rho0.6_exact-ties_seed8.pcf,200,43,43,True,True,363513,3054000,8.401
gen_n200_rho0.6_exact-ties_seed9.pcf,200,40,40,True,True,99917,2494000,24.961
gen_n200_rho0.6_independent-positive_seed0.pcf,200,138,138,True,True,89435,2941000,32.884
gen_n200_rho0.6_independent-positive_seed1.pcf,200,137,137,True,True,388349,6431000,16.56
gen_n200_rho0.6_independent-positive_seed2.pcf,200,143,143,True,True,432811,7639000,17.65
gen_n200_rho0.6_independent-positive_seed3.pcf,200,151,151,True,True,324999,7275000,22.385
gen_n200_rho0.6_independent-positive_seed4.pcf,200,140,140,True,True,365213,6854000,18.767
gen_n200_rho0.6_independent-positive_seed5.pcf,200,128,128,True,True,414199,6617000,15.975
gen_n200_rho0.6_independent-positive_seed6.pcf,200,143,143,True,True,384933,6657000,17.294
gen_n200_rho0.6_independent-positive_seed7.pcf,200,147,147,True,True,336715,7258000,21.555
gen_n200_rho0.6_independent-positive_seed8.pcf,200,145,145,True,True,304520,7351000,24.14
gen_n200_rho0.6_independent-positive_seed9.pcf,200,134,134,True,True,330479,7311000,22.122
gen_n200_rho0.6_independent-signed_seed0.pcf,200,141,141,True,True,307619,5610000,18.237
gen_n200_rho0.6_independent-signed_seed1.pcf,200,144,144,True,True,327016,7112000,21.748
gen_n200_rho0.6_independent-signed_seed2.pcf,200,141,141,True,True,158762,4894000,30.826
gen_n200_rho0.6_independent-signed_seed3.pcf,200,144,144,True,True,296237,7256000,24.494
gen_n200_rho0.6_independent-signed_seed4.pcf,200,138,138,True,True,316133,6623000,20.95
gen_n200_rho0.6_independent-signed_seed5.pcf,200,129,129,True,True,410878,7171000,17.453
gen_n200_rho0.6_independent-signed_seed6.pcf,200,145,145,True,True,406189,6048000,14.89
gen_n200_rho0.6_independent-signed_seed7.pcf,200,142,142,True,True,426825,7205000,16.88
gen_n200_rho0.6_independent-signed_seed8.pcf,200,140,140,True,True,313727,5652000,18.016
gen_n200_rho0.6_independent-signed_seed9.pcf,200,132,132,True,True,314298,6843000,21.772
gen_n200_rho0.6_near-ties_seed0.pcf,200,102,102,True,True,198460,5215000,26.277
gen_n200_rho0.6_near-ties_seed1.pcf,200,98,98,True,True,326764,5402000,16.532
gen_n200_rho0.6_near-ties_seed2.pcf,200,100,100,True,True,235686,5484000,23.268
gen_n200_rho0.6_near-ties_seed3.pcf,200,95,95,True,True,292799,5408000,18.47
gen_n200_rho0.6_near-ties_seed4.pcf,200,102,102,True,True,317395,5592000,17.618
gen_n200_rho0.6_near-ties_seed5.pcf,200,95,95,True,True,349702,5376000,15.373
gen_n200_rho0.6_near-ties_seed6.pcf,200,99,99,True,True,467332,5478000,11.722
gen_n200_rho0.6_near-ties_seed7.pcf,200,96,96,True,True,443802,5355000,12.066
gen_n200_rho0.6_near-ties_seed8.pcf,200,98,98,True,True,282470,4061000,14.377
gen_n200_rho0.6_near-ties_seed9.pcf,200,91,91,True,True,279399,4405000,15.766
gen_n200_rho0.9_anti-correlated_seed0.pcf,200,114,114,True,True,1007039,5337000,5.3
gen_n200_rho0.9_anti-correlated_seed1.pcf,200,109,109,True,True,663419,6544000,9.864
gen_n200_rho0.9_anti-correlated_seed2.pcf,200,109,109,True,True,628996,5908000,9.393
gen_n200_rho0.9_anti-correlated_seed3.pcf,200,124,124,True,True,350231,5814000,16.6
gen_n200_rho0.9_anti-correlated_seed4.pcf,200,109,109,True,True,584749,5988000,10.24
gen_n200_rho0.9_anti-correlated_seed5.pcf,200,107,107,True,True,712641,6214000,8.72
gen_n200_rho0.9_anti-correlated_seed6.pcf,200,113,113,True,True,921045,6419000,6.969
gen_n200_rho0.9_anti-correlated_seed7.pcf,200,110,110,True,True,715793,6118000,8.547
gen_n200_rho0.9_anti-correlated_seed8.pcf,200,107,107,True,True,477796,6310000,13.206
gen_n200_rho0.9_anti-correlated_seed9.pcf,200,108,108,True,True,288090,6289000,21.83
gen_n200_rho0.9_correlated_seed0.pcf,200,113,113,True,True,992571,2658000,2.678
gen_n200_rho0.9_correlated_seed1.pcf,200,105,105,True,True,603782,5557000,9.204
gen_n200_rho0.9_correlated_seed2.pcf,200,114,114,True,True,736795,6070000,8.238
gen_n200_rho0.9_correlated_seed3.pcf,200,109,109,True,True,226784,6421000,28.313
gen_n200_rho0.9_correlated_seed4.pcf,200,115,115,True,True,543609,6697000,12.32
gen_n200_rho0.9_correlated_seed5.pcf,200,103,103,True,True,677567,6335000,9.35
gen_n200_rho0.9_correlated_seed6.pcf,200,101,101,True,True,863673,5744000,6.651
gen_n200_rho0.9_correlated_seed7.pcf,200,105,105,True,True,563702,6542000,11.605
gen_n200_rho0.9_correlated_seed8.pcf,200,103,103,True,True,420426,5674000,13.496
gen_n200_rho0.9_correlated_seed9.pcf,200,112,112,True,True,461255,4064000,8.811
gen_n200_rho0.9_exact-ties_seed0.pcf,200,40,40,True,True,420063,3196000,7.608
gen_n200_rho0.9_exact-ties_seed1.pcf,200,41,41,True,True,942249,3190000,3.386
gen_n200_rho0.9_exact-ties_seed2.pcf,200,41,41,True,True,349493,3217000,9.205
gen_n200_rho0.9_exact-ties_seed3.pcf,200,35,35,True,True,658902,2787000,4.23
gen_n200_rho0.9_exact-ties_seed4.pcf,200,38,38,True,True,139723,1328000,9.505
gen_n200_rho0.9_exact-ties_seed5.pcf,200,47,47,True,True,281441,1367000,4.857
gen_n200_rho0.9_exact-ties_seed6.pcf,200,42,42,True,True,257074,1258000,4.894
gen_n200_rho0.9_exact-ties_seed7.pcf,200,48,48,True,True,183357,1385000,7.554
gen_n200_rho0.9_exact-ties_seed8.pcf,200,46,46,True,True,263858,1353000,5.128
gen_n200_rho0.9_exact-ties_seed9.pcf,200,40,40,True,True,232650,1208000,5.192
gen_n200_rho0.9_independent-positive_seed0.pcf,200,132,132,True,True,308365,3973000,12.884
gen_n200_rho0.9_independent-positive_seed1.pcf,200,103,103,True,True,433291,6013000,13.878
gen_n200_rho0.9_independent-positive_seed2.pcf,200,127,127,True,True,747631,7444000,9.957
gen_n200_rho0.9_independent-positive_seed3.pcf,200,115,115,True,True,274420,4241000,15.454
gen_n200_rho0.9_independent-positive_seed4.pcf,200,123,123,True,True,590661,5669000,9.598
gen_n200_rho0.9_independent-positive_seed5.pcf,200,117,117,True,True,461383,6771000,14.675
gen_n200_rho0.9_independent-positive_seed6.pcf,200,111,111,True,True,914604,5485000,5.997
gen_n200_rho0.9_independent-positive_seed7.pcf,200,117,117,True,True,716702,6725000,9.383
gen_n200_rho0.9_independent-positive_seed8.pcf,200,105,105,True,True,834881,5724000,6.856
gen_n200_rho0.9_independent-positive_seed9.pcf,200,123,123,True,True,305549,6141000,20.098
gen_n200_rho0.9_independent-signed_seed0.pcf,200,108,108,True,True,581792,5892000,10.127
gen_n200_rho0.9_independent-signed_seed1.pcf,200,112,112,True,True,631519,5927000,9.385
gen_n200_rho0.9_independent-signed_seed2.pcf,200,111,111,True,True,420482,5937000,14.12
gen_n200_rho0.9_independent-signed_seed3.pcf,200,124,124,True,True,565430,6635000,11.734
gen_n200_rho0.9_independent-signed_seed4.pcf,200,126,126,True,True,577044,7135000,12.365
gen_n200_rho0.9_independent-signed_seed5.pcf,200,110,110,True,True,531379,6022000,11.333
gen_n200_rho0.9_independent-signed_seed6.pcf,200,108,108,True,True,762346,6488000,8.511
gen_n200_rho0.9_independent-signed_seed7.pcf,200,119,119,True,True,617589,6484000,10.499
gen_n200_rho0.9_independent-signed_seed8.pcf,200,111,111,True,True,800220,6647000,8.306
gen_n200_rho0.9_independent-signed_seed9.pcf,200,119,119,True,True,796936,7173000,9.001
gen_n200_rho0.9_near-ties_seed0.pcf,200,82,82,True,True,607508,5118000,8.425
gen_n200_rho0.9_near-ties_seed1.pcf,200,82,82,True,True,310381,4529000,14.592
gen_n200_rho0.9_near-ties_seed2.pcf,200,80,80,True,True,775739,4765000,6.143
gen_n200_rho0.9_near-ties_seed3.pcf,200,92,92,True,True,698016,5550000,7.951
gen_n200_rho0.9_near-ties_seed4.pcf,200,83,83,True,True,604407,5236000,8.663
gen_n200_rho0.9_near-ties_seed5.pcf,200,80,80,True,True,666652,4957000,7.436
gen_n200_rho0.9_near-ties_seed6.pcf,200,78,78,True,True,651734,4863000,7.462
gen_n200_rho0.9_near-ties_seed7.pcf,200,84,84,True,True,667152,4967000,7.445
gen_n200_rho0.9_near-ties_seed8.pcf,200,80,80,True,True,622643,4401000,7.068
gen_n200_rho0.9_near-ties_seed9.pcf,200,89,89,True,True,672917,4848000,7.204
gen_n200_rho1.0_anti-correlated_seed0.pcf,200,92,92,True,True,894122,4324000,4.836
gen_n200_rho1.0_anti-correlated_seed1.pcf,200,102,102,True,True,878012,5246000,5.975
gen_n200_rho1.0_anti-correlated_seed2.pcf,200,104,104,True,True,937271,6551000,6.989
gen_n200_rho1.0_anti-correlated_seed3.pcf,200,96,96,True,True,1026338,5630000,5.486
gen_n200_rho1.0_anti-correlated_seed4.pcf,200,99,99,True,True,899746,5615000,6.241
gen_n200_rho1.0_anti-correlated_seed5.pcf,200,106,106,True,True,294750,6230000,21.137
gen_n200_rho1.0_anti-correlated_seed6.pcf,200,111,111,True,True,879251,5960000,6.778
gen_n200_rho1.0_anti-correlated_seed7.pcf,200,104,104,True,True,933674,6188000,6.628
gen_n200_rho1.0_anti-correlated_seed8.pcf,200,98,98,True,True,1015456,5625000,5.539
gen_n200_rho1.0_anti-correlated_seed9.pcf,200,84,84,True,True,835959,5419000,6.482
gen_n200_rho1.0_correlated_seed0.pcf,200,96,96,True,True,384664,5850000,15.208
gen_n200_rho1.0_correlated_seed1.pcf,200,111,111,True,True,566068,6190000,10.935
gen_n200_rho1.0_correlated_seed2.pcf,200,105,105,True,True,379029,6175000,16.292
gen_n200_rho1.0_correlated_seed3.pcf,200,98,98,True,True,385215,2761000,7.167
gen_n200_rho1.0_correlated_seed4.pcf,200,111,111,True,True,878627,6077000,6.916
gen_n200_rho1.0_correlated_seed5.pcf,200,104,104,True,True,578394,6189000,10.7
gen_n200_rho1.0_correlated_seed6.pcf,200,100,100,True,True,1071696,5982000,5.582
gen_n200_rho1.0_correlated_seed7.pcf,200,109,109,True,True,979783,6699000,6.837
gen_n200_rho1.0_correlated_seed8.pcf,200,99,99,True,True,958403,5637000,5.882
gen_n200_rho1.0_correlated_seed9.pcf,200,89,89,True,True,859411,5100000,5.934
gen_n200_rho1.0_exact-ties_seed0.pcf,200,43,43,True,True,429099,2487000,5.796
gen_n200_rho1.0_exact-ties_seed1.pcf,200,38,38,True,True,402764,3040000,7.548
gen_n200_rho1.0_exact-ties_seed2.pcf,200,35,35,True,True,783826,1981999,2.529
gen_n200_rho1.0_exact-ties_seed3.pcf,200,39,39,True,True,976945,3170000,3.245
gen_n200_rho1.0_exact-ties_seed4.pcf,200,43,43,True,True,850342,3344000,3.933
gen_n200_rho1.0_exact-ties_seed5.pcf,200,36,36,True,True,874965,2767000,3.162
gen_n200_rho1.0_exact-ties_seed6.pcf,200,37,37,True,True,864440,3120000,3.609
gen_n200_rho1.0_exact-ties_seed7.pcf,200,44,44,True,True,768560,3451000,4.49
gen_n200_rho1.0_exact-ties_seed8.pcf,200,42,42,True,True,654512,3189000,4.872
gen_n200_rho1.0_exact-ties_seed9.pcf,200,31,31,True,True,800184,2602000,3.252
gen_n200_rho1.0_independent-positive_seed0.pcf,200,98,98,True,True,860658,5238000,6.086
gen_n200_rho1.0_independent-positive_seed1.pcf,200,110,110,True,True,752814,3327000,4.419
gen_n200_rho1.0_independent-positive_seed2.pcf,200,99,99,True,True,881198,5554000,6.303
gen_n200_rho1.0_independent-positive_seed3.pcf,200,97,97,True,True,929453,5701000,6.134
gen_n200_rho1.0_independent-positive_seed4.pcf,200,105,105,True,True,332601,5857000,17.61
gen_n200_rho1.0_independent-positive_seed5.pcf,200,97,97,True,True,565411,5216000,9.225
gen_n200_rho1.0_independent-positive_seed6.pcf,200,102,102,True,True,931323,5729000,6.151
gen_n200_rho1.0_independent-positive_seed7.pcf,200,98,98,True,True,986273,6110000,6.195
gen_n200_rho1.0_independent-positive_seed8.pcf,200,105,105,True,True,245617,6401000,26.061
gen_n200_rho1.0_independent-positive_seed9.pcf,200,97,97,True,True,952702,5682000,5.964
gen_n200_rho1.0_independent-signed_seed0.pcf,200,103,103,True,True,579290,5733000,9.897
gen_n200_rho1.0_independent-signed_seed1.pcf,200,101,101,True,True,761830,4347000,5.706
gen_n200_rho1.0_independent-signed_seed2.pcf,200,85,85,True,True,935964,5652000,6.039
gen_n200_rho1.0_independent-signed_seed3.pcf,200,102,102,True,True,977762,6336000,6.48
gen_n200_rho1.0_independent-signed_seed4.pcf,200,103,103,True,True,450619,5277000,11.711
gen_n200_rho1.0_independent-signed_seed5.pcf,200,97,97,True,True,1107338,5955000,5.378
gen_n200_rho1.0_independent-signed_seed6.pcf,200,102,102,True,True,949076,6670000,7.028
gen_n200_rho1.0_independent-signed_seed7.pcf,200,109,109,True,True,988288,6381000,6.457
gen_n200_rho1.0_independent-signed_seed8.pcf,200,102,102,True,True,699371,5876000,8.402
gen_n200_rho1.0_independent-signed_seed9.pcf,200,101,101,True,True,914613,5795000,6.336
gen_n200_rho1.0_near-ties_seed0.pcf,200,77,77,True,True,799579,4884000,6.108
gen_n200_rho1.0_near-ties_seed1.pcf,200,74,74,True,True,587951,4118000,7.004
gen_n200_rho1.0_near-ties_seed2.pcf,200,77,77,True,True,899929,4779000,5.31
gen_n200_rho1.0_near-ties_seed3.pcf,200,83,83,True,True,919327,3832000,4.168
gen_n200_rho1.0_near-ties_seed4.pcf,200,79,79,True,True,407764,5147000,12.622
gen_n200_rho1.0_near-ties_seed5.pcf,200,70,70,True,True,489613,4726000,9.653
gen_n200_rho1.0_near-ties_seed6.pcf,200,87,87,True,True,722908,4511000,6.24
gen_n200_rho1.0_near-ties_seed7.pcf,200,78,78,True,True,766712,4758000,6.206
gen_n200_rho1.0_near-ties_seed8.pcf,200,72,72,True,True,731424,4336000,5.928
gen_n200_rho1.0_near-ties_seed9.pcf,200,69,69,True,True,824715,4342000,5.265
gen_n300_rho0.3_anti-correlated_seed0.pcf,300,253,253,True,True,139588,11722000,83.976
gen_n300_rho0.3_anti-correlated_seed1.pcf,300,256,256,True,True,251836,12116000,48.111
gen_n300_rho0.3_anti-correlated_seed2.pcf,300,256,256,True,True,228818,11944000,52.199
gen_n300_rho0.3_anti-correlated_seed3.pcf,300,259,259,True,True,279073,12188000,43.673
gen_n300_rho0.3_anti-correlated_seed4.pcf,300,254,254,True,True,244284,14471000,59.238
gen_n300_rho0.3_anti-correlated_seed5.pcf,300,253,253,True,True,302569,9637000,31.851
gen_n300_rho0.3_anti-correlated_seed6.pcf,300,253,253,True,True,293071,8094000,27.618
gen_n300_rho0.3_anti-correlated_seed7.pcf,300,256,256,True,True,323230,13915000,43.05
gen_n300_rho0.3_anti-correlated_seed8.pcf,300,252,252,True,True,255556,12850000,50.283
gen_n300_rho0.3_anti-correlated_seed9.pcf,300,264,264,True,True,137628,14781000,107.398
gen_n300_rho0.3_correlated_seed0.pcf,300,255,255,True,True,218857,14646000,66.92
gen_n300_rho0.3_correlated_seed1.pcf,300,255,255,True,True,219686,14152000,64.419
gen_n300_rho0.3_correlated_seed2.pcf,300,243,243,True,True,136992,11524000,84.122
gen_n300_rho0.3_correlated_seed3.pcf,300,256,256,True,True,253406,10676000,42.13
gen_n300_rho0.3_correlated_seed4.pcf,300,255,255,True,True,311686,11934000,38.289
gen_n300_rho0.3_correlated_seed5.pcf,300,253,253,True,True,245694,12705000,51.711
gen_n300_rho0.3_correlated_seed6.pcf,300,247,247,True,True,280761,10543000,37.552
gen_n300_rho0.3_correlated_seed7.pcf,300,251,251,True,True,276208,15703000,56.852
gen_n300_rho0.3_correlated_seed8.pcf,300,258,258,True,True,308731,14269000,46.218
gen_n300_rho0.3_correlated_seed9.pcf,300,261,261,True,True,252981,14623000,57.803
gen_n300_rho0.3_exact-ties_seed0.pcf,300,46,46,True,True,225073,4126000,18.332
gen_n300_rho0.3_exact-ties_seed1.pcf,300,35,35,True,True,113247,3088000,27.268
gen_n300_rho0.3_exact-ties_seed2.pcf,300,44,44,True,True,208588,4065000,19.488
gen_n300_rho0.3_exact-ties_seed3.pcf,300,45,45,True,True,165154,4086000,24.741
gen_n300_rho0.3_exact-ties_seed4.pcf,300,45,45,True,True,123186,2374000,19.272
gen_n300_rho0.3_exact-ties_seed5.pcf,300,43,43,True,True,121493,2833000,23.318
gen_n300_rho0.3_exact-ties_seed6.pcf,300,47,47,True,True,210686,3186000,15.122
gen_n300_rho0.3_exact-ties_seed7.pcf,300,45,45,True,True,207012,3838000,18.54
gen_n300_rho0.3_exact-ties_seed8.pcf,300,49,49,True,True,294169,4233000,14.39
gen_n300_rho0.3_exact-ties_seed9.pcf,300,46,46,True,True,101552,4228000,41.634
gen_n300_rho0.3_independent-positive_seed0.pcf,300,241,241,True,True,190267,12314000,64.72
gen_n300_rho0.3_independent-positive_seed1.pcf,300,266,266,True,True,287645,11956000,41.565
gen_n300_rho0.3_independent-positive_seed2.pcf,300,257,257,True,True,316117,12710000,40.207
gen_n300_rho0.3_independent-positive_seed3.pcf,300,261,261,True,True,161733,13435000,83.069
gen_n300_rho0.3_independent-positive_seed4.pcf,300,253,253,True,True,91205,9263000,101.562
gen_n300_rho0.3_independent-positive_seed5.pcf,300,255,255,True,True,106890,8482000,79.353
gen_n300_rho0.3_independent-positive_seed6.pcf,300,250,250,True,True,253605,12832000,50.598
gen_n300_rho0.3_independent-positive_seed7.pcf,300,254,254,True,True,328811,14115000,42.927
gen_n300_rho0.3_independent-positive_seed8.pcf,300,257,257,True,True,320177,14433000,45.078
gen_n300_rho0.3_independent-positive_seed9.pcf,300,250,250,True,True,198167,14025000,70.774
gen_n300_rho0.3_independent-signed_seed0.pcf,300,246,246,True,True,351676,13864000,39.423
gen_n300_rho0.3_independent-signed_seed1.pcf,300,267,267,True,True,311027,13548000,43.559
gen_n300_rho0.3_independent-signed_seed2.pcf,300,255,255,True,True,326880,15335000,46.913
gen_n300_rho0.3_independent-signed_seed3.pcf,300,256,256,True,True,274925,14838000,53.971
gen_n300_rho0.3_independent-signed_seed4.pcf,300,254,254,True,True,189582,6612000,34.877
gen_n300_rho0.3_independent-signed_seed5.pcf,300,256,256,True,True,285938,16639000,58.191
gen_n300_rho0.3_independent-signed_seed6.pcf,300,253,253,True,True,92057,12599000,136.861
gen_n300_rho0.3_independent-signed_seed7.pcf,300,256,256,True,True,231665,11139000,48.082
gen_n300_rho0.3_independent-signed_seed8.pcf,300,256,256,True,True,249883,15429000,61.745
gen_n300_rho0.3_independent-signed_seed9.pcf,300,245,245,True,True,162464,14357000,88.37
gen_n300_rho0.3_near-ties_seed0.pcf,300,134,134,True,True,278916,8606000,30.855
gen_n300_rho0.3_near-ties_seed1.pcf,300,128,128,True,True,295475,9126000,30.886
gen_n300_rho0.3_near-ties_seed2.pcf,300,138,138,True,True,353168,10654000,30.167
gen_n300_rho0.3_near-ties_seed3.pcf,300,135,135,True,True,63751,7199000,112.924
gen_n300_rho0.3_near-ties_seed4.pcf,300,128,128,True,True,270471,3979000,14.711
gen_n300_rho0.3_near-ties_seed5.pcf,300,136,136,True,True,373824,9951000,26.619
gen_n300_rho0.3_near-ties_seed6.pcf,300,133,133,True,True,316986,9792000,30.891
gen_n300_rho0.3_near-ties_seed7.pcf,300,135,135,True,True,250762,9944000,39.655
gen_n300_rho0.3_near-ties_seed8.pcf,300,131,131,True,True,118041,5739000,48.619
gen_n300_rho0.3_near-ties_seed9.pcf,300,122,122,True,True,275359,8043000,29.209
gen_n300_rho0.6_anti-correlated_seed0.pcf,300,220,220,True,True,473092,13693000,28.944
gen_n300_rho0.6_anti-correlated_seed1.pcf,300,207,207,True,True,319676,10743000,33.606
gen_n300_rho0.6_anti-correlated_seed2.pcf,300,213,213,True,True,582552,11892000,20.414
gen_n300_rho0.6_anti-correlated_seed3.pcf,300,199,199,True,True,576491,13403000,23.249
gen_n300_rho0.6_anti-correlated_seed4.pcf,300,191,191,True,True,559290,10077000,18.017
gen_n300_rho0.6_anti-correlated_seed5.pcf,300,211,211,True,True,556216,14811000,26.628
gen_n300_rho0.6_anti-correlated_seed6.pcf,300,210,210,True,True,579730,12486000,21.538
gen_n300_rho0.6_anti-correlated_seed7.pcf,300,213,213,True,True,519750,13594000,26.155
gen_n300_rho0.6_anti-correlated_seed8.pcf,300,219,219,True,True,533190,11607000,21.769
gen_n300_rho0.6_anti-correlated_seed9.pcf,300,215,215,True,True,544180,12377000,22.744
gen_n300_rho0.6_correlated_seed0.pcf,300,222,222,True,True,537711,15874000,29.521
gen_n300_rho0.6_correlated_seed1.pcf,300,211,211,True,True,557282,13028000,23.378
gen_n300_rho0.6_correlated_seed2.pcf,300,202,202,True,True,410465,8792000,21.42
gen_n300_rho0.6_correlated_seed3.pcf,300,211,211,True,True,336275,6738000,20.037
gen_n300_rho0.6_correlated_seed4.pcf,300,192,192,True,True,304968,10791000,35.384
gen_n300_rho0.6_correlated_seed5.pcf,300,210,210,True,True,218977,5354000,24.45
gen_n300_rho0.6_correlated_seed6.pcf,300,211,211,True,True,574306,13853000,24.121
gen_n300_rho0.6_correlated_seed7.pcf,300,203,203,True,True,619193,13466000,21.748
gen_n300_rho0.6_correlated_seed8.pcf,300,216,216,True,True,473533,12404000,26.195
gen_n300_rho0.6_correlated_seed9.pcf,300,215,215,True,True,501449,10657000,21.252
gen_n300_rho0.6_exact-ties_seed0.pcf,300,60,60,True,True,317801,5312000,16.715
gen_n300_rho0.6_exact-ties_seed1.pcf,300,61,61,True,True,424529,5001000,11.78
gen_n300_rho0.6_exact-ties_seed2.pcf,300,58,58,True,True,668777,5612000,8.391
gen_n300_rho0.6_exact-ties_seed3.pcf,300,59,59,True,True,654687,4719000,7.208
gen_n300_rho0.6_exact-ties_seed4.pcf,300,56,56,True,True,671409,5897000,8.783
gen_n300_rho0.6_exact-ties_seed5.pcf,300,68,68,True,True,193802,4498000,23.209
gen_n300_rho0.6_exact-ties_seed6.pcf,300,56,56,True,True,535658,5318000,9.928
gen_n300_rho0.6_exact-ties_seed7.pcf,300,69,69,True,True,515434,6673000,12.946
gen_n300_rho0.6_exact-ties_seed8.pcf,300,57,57,True,True,450811,5120000,11.357
gen_n300_rho0.6_exact-ties_seed9.pcf,300,51,51,True,True,469134,5057000,10.779
gen_n300_rho0.6_independent-positive_seed0.pcf,300,203,203,True,True,634594,11598000,18.276
gen_n300_rho0.6_independent-positive_seed1.pcf,300,215,215,True,True,553040,11189000,20.232
gen_n300_rho0.6_independent-positive_seed2.pcf,300,215,215,True,True,497560,14432000,29.006
gen_n300_rho0.6_independent-positive_seed3.pcf,300,197,197,True,True,660010,12497000,18.935
gen_n300_rho0.6_independent-positive_seed4.pcf,300,207,207,True,True,495761,11420000,23.035
gen_n300_rho0.6_independent-positive_seed5.pcf,300,202,202,True,True,334212,11679000,34.945
gen_n300_rho0.6_independent-positive_seed6.pcf,300,210,210,True,True,258800,11070000,42.774
gen_n300_rho0.6_independent-positive_seed7.pcf,300,212,212,True,True,264113,12819000,48.536
gen_n300_rho0.6_independent-positive_seed8.pcf,300,208,208,True,True,615819,10648000,17.291
gen_n300_rho0.6_independent-positive_seed9.pcf,300,208,208,True,True,604176,14180000,23.47
gen_n300_rho0.6_independent-signed_seed0.pcf,300,202,202,True,True,516256,13908000,26.94
gen_n300_rho0.6_independent-signed_seed1.pcf,300,218,218,True,True,589352,13717000,23.275
gen_n300_rho0.6_independent-signed_seed2.pcf,300,210,210,True,True,190978,10543000,55.205
gen_n300_rho0.6_independent-signed_seed3.pcf,300,204,204,True,True,203950,9938000,48.728
gen_n300_rho0.6_independent-signed_seed4.pcf,300,217,217,True,True,223495,5690000,25.459
gen_n300_rho0.6_independent-signed_seed5.pcf,300,201,201,True,True,586603,10581000,18.038
gen_n300_rho0.6_independent-signed_seed6.pcf,300,213,213,True,True,415887,8252000,19.842
gen_n300_rho0.6_independent-signed_seed7.pcf,300,221,221,True,True,236617,12843000,54.278
gen_n300_rho0.6_independent-signed_seed8.pcf,300,201,201,True,True,240635,4978000,20.687
gen_n300_rho0.6_independent-signed_seed9.pcf,300,211,211,True,True,227163,4924000,21.676
gen_n300_rho0.6_near-ties_seed0.pcf,300,127,127,True,True,496941,5345000,10.756
gen_n300_rho0.6_near-ties_seed1.pcf,300,120,120,True,True,454753,9533000,20.963
gen_n300_rho0.6_near-ties_seed2.pcf,300,122,122,True,True,529275,8288000,15.659
gen_n300_rho0.6_near-ties_seed3.pcf,300,130,130,True,True,691173,9881000,14.296
gen_n300_rho0.6_near-ties_seed4.pcf,300,115,115,True,True,267153,9180000,34.362
gen_n300_rho0.6_near-ties_seed5.pcf,300,128,128,True,True,134433,3356000,24.964
gen_n300_rho0.6_near-ties_seed6.pcf,300,122,122,True,True,438319,3839000,8.758
gen_n300_rho0.6_near-ties_seed7.pcf,300,124,124,True,True,186410,8380000,44.955
gen_n300_rho0.6_near-ties_seed8.pcf,300,139,139,True,True,148434,7690000,51.808
gen_n300_rho0.6_near-ties_seed9.pcf,300,132,132,True,True,466344,5555000,11.912
gen_n300_rho0.9_anti-correlated_seed0.pcf,300,158,158,True,True,1204515,9967000,8.275
gen_n300_rho0.9_anti-correlated_seed1.pcf,300,164,164,True,True,1329995,13182000,9.911
gen_n300_rho0.9_anti-correlated_seed2.pcf,300,152,152,True,True,550728,4878000,8.857
gen_n300_rho0.9_anti-correlated_seed3.pcf,300,161,161,True,True,1029311,8300999,8.065
gen_n300_rho0.9_anti-correlated_seed4.pcf,300,165,165,True,True,383121,11019000,28.761
gen_n300_rho0.9_anti-correlated_seed5.pcf,300,160,160,True,True,535016,3831000,7.161
gen_n300_rho0.9_anti-correlated_seed6.pcf,300,166,166,True,True,418772,11503000,27.468
gen_n300_rho0.9_anti-correlated_seed7.pcf,300,174,174,True,True,1270008,9052000,7.128
gen_n300_rho0.9_anti-correlated_seed8.pcf,300,158,158,True,True,308686,11324000,36.685
gen_n300_rho0.9_anti-correlated_seed9.pcf,300,174,174,True,True,732885,8658000,11.814
gen_n300_rho0.9_correlated_seed0.pcf,300,161,161,True,True,507114,5133000,10.122
gen_n300_rho0.9_correlated_seed1.pcf,300,166,166,True,True,721910,4326000,5.992
gen_n300_rho0.9_correlated_seed2.pcf,300,167,167,True,True,688027,12342000,17.938
gen_n300_rho0.9_correlated_seed3.pcf,300,171,171,True,True,1343490,5564000,4.141
gen_n300_rho0.9_correlated_seed4.pcf,300,166,166,True,True,793063,11274000,14.216
gen_n300_rho0.9_correlated_seed5.pcf,300,145,145,True,True,412151,11555000,28.036
gen_n300_rho0.9_correlated_seed6.pcf,300,146,146,True,True,423691,10021000,23.652
gen_n300_rho0.9_correlated_seed7.pcf,300,160,160,True,True,1056993,11416000,10.8
gen_n300_rho0.9_correlated_seed8.pcf,300,146,146,True,True,928620,11359000,12.232
gen_n300_rho0.9_correlated_seed9.pcf,300,179,179,True,True,896295,11943000,13.325
gen_n300_rho0.9_exact-ties_seed0.pcf,300,60,60,True,True,945243,6044000,6.394
gen_n300_rho0.9_exact-ties_seed1.pcf,300,58,58,True,True,1096612,6098000,5.561
gen_n300_rho0.9_exact-ties_seed2.pcf,300,68,68,True,True,701064,6355000,9.065
gen_n300_rho0.9_exact-ties_seed3.pcf,300,62,62,True,True,513897,6623000,12.888
gen_n300_rho0.9_exact-ties_seed4.pcf,300,61,61,True,True,1156406,5334000,4.613
gen_n300_rho0.9_exact-ties_seed5.pcf,300,59,59,True,True,760097,6702000,8.817
gen_n300_rho0.9_exact-ties_seed6.pcf,300,60,60,True,True,1116897,5802000,5.195
gen_n300_rho0.9_exact-ties_seed7.pcf,300,73,73,True,True,858522,6854000,7.983
gen_n300_rho0.9_exact-ties_seed8.pcf,300,70,70,True,True,903568,6188000,6.848
gen_n300_rho0.9_exact-ties_seed9.pcf,300,75,75,True,True,600369,6666000,11.103
gen_n300_rho0.9_independent-positive_seed0.pcf,300,167,167,True,True,1132367,10227000,9.032
gen_n300_rho0.9_independent-positive_seed1.pcf,300,152,152,True,True,416550,5232000,12.56
gen_n300_rho0.9_independent-positive_seed2.pcf,300,173,173,True,True,1280764,12357000,9.648
gen_n300_rho0.9_independent-positive_seed3.pcf,300,157,157,True,True,1205878,12104000,10.037
gen_n300_rho0.9_independent-positive_seed4.pcf,300,161,161,True,True,1084550,11921000,10.992
gen_n300_rho0.9_independent-positive_seed5.pcf,300,178,178,True,True,939882,11230000,11.948
gen_n300_rho0.9_independent-positive_seed6.pcf,300,173,173,True,True,489718,7642000,15.605
gen_n300_rho0.9_independent-positive_seed7.pcf,300,170,170,True,True,477060,4603000,9.649
gen_n300_rho0.9_independent-positive_seed8.pcf,300,157,157,True,True,470312,8314000,17.678
gen_n300_rho0.9_independent-positive_seed9.pcf,300,167,167,True,True,1496012,12682000,8.477
gen_n300_rho0.9_independent-signed_seed0.pcf,300,166,166,True,True,936325,12472000,13.32
gen_n300_rho0.9_independent-signed_seed1.pcf,300,142,142,True,True,389163,10821000,27.806
gen_n300_rho0.9_independent-signed_seed2.pcf,300,174,174,True,True,270930,12472000,46.034
gen_n300_rho0.9_independent-signed_seed3.pcf,300,166,166,True,True,474108,11607000,24.482
gen_n300_rho0.9_independent-signed_seed4.pcf,300,171,171,True,True,1310110,13390000,10.221
gen_n300_rho0.9_independent-signed_seed5.pcf,300,172,172,True,True,737507,13102000,17.765
gen_n300_rho0.9_independent-signed_seed6.pcf,300,175,175,True,True,880610,11987000,13.612
gen_n300_rho0.9_independent-signed_seed7.pcf,300,169,169,True,True,1075437,11282000,10.491
gen_n300_rho0.9_independent-signed_seed8.pcf,300,168,168,True,True,644266,11161000,17.324
gen_n300_rho0.9_independent-signed_seed9.pcf,300,161,161,True,True,1119050,11477000,10.256
gen_n300_rho0.9_near-ties_seed0.pcf,300,113,113,True,True,288157,9088000,31.538
gen_n300_rho0.9_near-ties_seed1.pcf,300,109,109,True,True,994790,8745000,8.791
gen_n300_rho0.9_near-ties_seed2.pcf,300,113,113,True,True,832084,8481000,10.192
gen_n300_rho0.9_near-ties_seed3.pcf,300,116,116,True,True,1065351,9613000,9.023
gen_n300_rho0.9_near-ties_seed4.pcf,300,112,112,True,True,938582,9132000,9.73
gen_n300_rho0.9_near-ties_seed5.pcf,300,108,108,True,True,1132069,8350000,7.376
gen_n300_rho0.9_near-ties_seed6.pcf,300,106,106,True,True,1101510,8378000,7.606
gen_n300_rho0.9_near-ties_seed7.pcf,300,119,119,True,True,1019160,10108000,9.918
gen_n300_rho0.9_near-ties_seed8.pcf,300,120,120,True,True,1062311,9869000,9.29
gen_n300_rho0.9_near-ties_seed9.pcf,300,116,116,True,True,281721,10208000,36.234
gen_n300_rho1.0_anti-correlated_seed0.pcf,300,146,146,True,True,1837473,10678000,5.811
gen_n300_rho1.0_anti-correlated_seed1.pcf,300,146,146,True,True,776675,10368000,13.349
gen_n300_rho1.0_anti-correlated_seed2.pcf,300,149,149,True,True,559928,8576000,15.316
gen_n300_rho1.0_anti-correlated_seed3.pcf,300,132,132,True,True,773810,2986000,3.859
gen_n300_rho1.0_anti-correlated_seed4.pcf,300,168,168,True,True,754339,4548000,6.029
gen_n300_rho1.0_anti-correlated_seed5.pcf,300,141,141,True,True,409827,4451000,10.861
gen_n300_rho1.0_anti-correlated_seed6.pcf,300,152,152,True,True,1382134,4824000,3.49
gen_n300_rho1.0_anti-correlated_seed7.pcf,300,159,159,True,True,1015402,9133000,8.994
gen_n300_rho1.0_anti-correlated_seed8.pcf,300,153,153,True,True,698649,7648000,10.947
gen_n300_rho1.0_anti-correlated_seed9.pcf,300,158,158,True,True,545724,3734000,6.842
gen_n300_rho1.0_correlated_seed0.pcf,300,163,163,True,True,599415,4284000,7.147
gen_n300_rho1.0_correlated_seed1.pcf,300,154,154,True,True,370170,5465000,14.763
gen_n300_rho1.0_correlated_seed2.pcf,300,132,132,True,True,723419,4298000,5.941
gen_n300_rho1.0_correlated_seed3.pcf,300,141,141,True,True,762889,4344000,5.694
gen_n300_rho1.0_correlated_seed4.pcf,300,143,143,True,True,687081,4444000,6.468
gen_n300_rho1.0_correlated_seed5.pcf,300,141,141,True,True,596325,4811000,8.068
gen_n300_rho1.0_correlated_seed6.pcf,300,178,178,True,True,427353,4295000,10.05
gen_n300_rho1.0_correlated_seed7.pcf,300,163,163,True,True,403776,5401000,13.376
gen_n300_rho1.0_correlated_seed8.pcf,300,159,159,True,True,444146,5220000,11.753
gen_n300_rho1.0_correlated_seed9.pcf,300,147,147,True,True,627336,4793000,7.64
gen_n300_rho1.0_exact-ties_seed0.pcf,300,64,64,True,True,1213302,3521000,2.902
gen_n300_rho1.0_exact-ties_seed1.pcf,300,67,67,True,True,879846,6738000,7.658
gen_n300_rho1.0_exact-ties_seed2.pcf,300,54,54,True,True,1621288,5610000,3.46
gen_n300_rho1.0_exact-ties_seed3.pcf,300,63,63,True,True,567744,2155000,3.796
gen_n300_rho1.0_exact-ties_seed4.pcf,300,62,62,True,True,1618876,6350000,3.922
gen_n300_rho1.0_exact-ties_seed5.pcf,300,61,61,True,True,1388469,5668000,4.082
gen_n300_rho1.0_exact-ties_seed6.pcf,300,68,68,True,True,1072707,6725000,6.269
gen_n300_rho1.0_exact-ties_seed7.pcf,300,67,67,True,True,1448542,6748000,4.658
gen_n300_rho1.0_exact-ties_seed8.pcf,300,52,52,True,True,1415014,5992000,4.235
gen_n300_rho1.0_exact-ties_seed9.pcf,300,56,56,True,True,665425,5730000,8.611
gen_n300_rho1.0_independent-positive_seed0.pcf,300,155,155,True,True,813465,7478000,9.193
gen_n300_rho1.0_independent-positive_seed1.pcf,300,150,150,True,True,1487810,9249000,6.217
gen_n300_rho1.0_independent-positive_seed2.pcf,300,156,156,True,True,1783495,12008000,6.733
gen_n300_rho1.0_independent-positive_seed3.pcf,300,151,151,True,True,1310046,11957000,9.127
gen_n300_rho1.0_independent-positive_seed4.pcf,300,156,156,True,True,694750,8396000,12.085
gen_n300_rho1.0_independent-positive_seed5.pcf,300,146,146,True,True,1122285,7796000,6.947
gen_n300_rho1.0_independent-positive_seed6.pcf,300,143,143,True,True,1679224,6263000,3.73
gen_n300_rho1.0_independent-positive_seed7.pcf,300,155,155,True,True,879065,10402000,11.833
gen_n300_rho1.0_independent-positive_seed8.pcf,300,153,153,True,True,400107,12918000,32.286
gen_n300_rho1.0_independent-positive_seed9.pcf,300,136,136,True,True,1295231,10851000,8.378
gen_n300_rho1.0_independent-signed_seed0.pcf,300,152,152,True,True,1387948,10541000,7.595
gen_n300_rho1.0_independent-signed_seed1.pcf,300,162,162,True,True,1129908,12698000,11.238
gen_n300_rho1.0_independent-signed_seed2.pcf,300,148,148,True,True,1469915,11464000,7.799
gen_n300_rho1.0_independent-signed_seed3.pcf,300,153,153,True,True,1197274,10196000,8.516
gen_n300_rho1.0_independent-signed_seed4.pcf,300,155,155,True,True,644741,7300000,11.322
gen_n300_rho1.0_independent-signed_seed5.pcf,300,145,145,True,True,564804,11049000,19.563
gen_n300_rho1.0_independent-signed_seed6.pcf,300,154,154,True,True,1263918,10927000,8.645
gen_n300_rho1.0_independent-signed_seed7.pcf,300,160,160,True,True,1099561,7912000,7.196
gen_n300_rho1.0_independent-signed_seed8.pcf,300,167,167,True,True,1458731,11135000,7.633
gen_n300_rho1.0_independent-signed_seed9.pcf,300,146,146,True,True,661773,11110000,16.788
gen_n300_rho1.0_near-ties_seed0.pcf,300,114,114,True,True,828725,7331000,8.846
gen_n300_rho1.0_near-ties_seed1.pcf,300,103,103,True,True,589933,8220000,13.934
gen_n300_rho1.0_near-ties_seed2.pcf,300,105,105,True,True,359226,3584000,9.977
gen_n300_rho1.0_near-ties_seed3.pcf,300,106,106,True,True,1503469,7285000,4.845
gen_n300_rho1.0_near-ties_seed4.pcf,300,98,98,True,True,1655593,8945000,5.403
gen_n300_rho1.0_near-ties_seed5.pcf,300,103,103,True,True,846406,9180000,10.846
gen_n300_rho1.0_near-ties_seed6.pcf,300,114,114,True,True,314359,7325000,23.301
gen_n300_rho1.0_near-ties_seed7.pcf,300,103,103,True,True,1008645,7535000,7.47
gen_n300_rho1.0_near-ties_seed8.pcf,300,102,102,True,True,1122620,5611000,4.998
gen_n300_rho1.0_near-ties_seed9.pcf,300,106,106,True,True,1328998,8556000,6.438
gen_n400_rho0.3_anti-correlated_seed0.pcf,400,344,344,True,True,154425,14599000,94.538
gen_n400_rho0.3_anti-correlated_seed1.pcf,400,345,345,True,True,198519,15092000,76.023
gen_n400_rho0.3_anti-correlated_seed2.pcf,400,336,336,True,True,228198,12349000,54.115
gen_n400_rho0.3_anti-correlated_seed3.pcf,400,340,340,True,True,198817,13854000,69.682
gen_n400_rho0.3_anti-correlated_seed4.pcf,400,342,342,True,True,214586,14892000,69.399
gen_n400_rho0.3_anti-correlated_seed5.pcf,400,339,339,True,True,210649,12546000,59.559
gen_n400_rho0.3_anti-correlated_seed6.pcf,400,339,339,True,True,317177,12937000,40.788
gen_n400_rho0.3_anti-correlated_seed7.pcf,400,331,331,True,True,174481,13499000,77.367
gen_n400_rho0.3_anti-correlated_seed8.pcf,400,344,344,True,True,348693,11720000,33.611
gen_n400_rho0.3_anti-correlated_seed9.pcf,400,345,345,True,True,179181,19351000,107.997
gen_n400_rho0.3_correlated_seed0.pcf,400,348,348,True,True,240333,11623000,48.362
gen_n400_rho0.3_correlated_seed1.pcf,400,320,320,True,True,155812,12512000,80.302
gen_n400_rho0.3_correlated_seed2.pcf,400,347,347,True,True,176803,13667000,77.301
gen_n400_rho0.3_correlated_seed3.pcf,400,332,332,True,True,179904,11461000,63.706
gen_n400_rho0.3_correlated_seed4.pcf,400,333,333,True,True,181324,14618000,80.618
gen_n400_rho0.3_correlated_seed5.pcf,400,327,327,True,True,219918,12665000,57.59
gen_n400_rho0.3_correlated_seed6.pcf,400,338,338,True,True,156697,10564000,67.417
gen_n400_rho0.3_correlated_seed7.pcf,400,336,336,True,True,266133,14058000,52.823
gen_n400_rho0.3_correlated_seed8.pcf,400,343,343,True,True,214215,13400000,62.554
gen_n400_rho0.3_correlated_seed9.pcf,400,335,335,True,True,106553,9664000,90.697
gen_n400_rho0.3_exact-ties_seed0.pcf,400,55,55,True,True,347288,5633000,16.22
gen_n400_rho0.3_exact-ties_seed1.pcf,400,55,55,True,True,460401,5175000,11.24
gen_n400_rho0.3_exact-ties_seed2.pcf,400,60,60,True,True,267229,6213000,23.25
gen_n400_rho0.3_exact-ties_seed3.pcf,400,67,67,True,True,412778,6620000,16.038
gen_n400_rho0.3_exact-ties_seed4.pcf,400,62,62,True,True,264436,5667000,21.431
gen_n400_rho0.3_exact-ties_seed5.pcf,400,53,53,True,True,315591,5934000,18.803
gen_n400_rho0.3_exact-ties_seed6.pcf,400,64,64,True,True,376944,6833000,18.127
gen_n400_rho0.3_exact-ties_seed7.pcf,400,60,60,True,True,227357,5461000,24.019
gen_n400_rho0.3_exact-ties_seed8.pcf,400,57,57,True,True,304675,5959000,19.559
gen_n400_rho0.3_exact-ties_seed9.pcf,400,63,63,True,True,342633,6932000,20.232
gen_n400_rho0.3_independent-positive_seed0.pcf,400,332,332,True,True,374740,11532000,30.773
gen_n400_rho0.3_independent-positive_seed1.pcf,400,344,344,True,True,175826,17366000,98.768
gen_n400_rho0.3_independent-positive_seed2.pcf,400,342,342,True,True,212197,13261000,62.494
gen_n400_rho0.3_independent-positive_seed3.pcf,400,343,343,True,True,196603,15549000,79.088
gen_n400_rho0.3_independent-positive_seed4.pcf,400,335,335,True,True,211475,14875000,70.339
gen_n400_rho0.3_independent-positive_seed5.pcf,400,333,333,True,True,267977,9899000,36.94
gen_n400_rho0.3_independent-positive_seed6.pcf,400,350,350,True,True,302860,13394000,44.225
gen_n400_rho0.3_independent-positive_seed7.pcf,400,339,339,True,True,218930,13193000,60.261
gen_n400_rho0.3_independent-positive_seed8.pcf,400,345,345,True,True,160294,14172000,88.413
gen_n400_rho0.3_independent-positive_seed9.pcf,400,330,330,True,True,212812,14877000,69.907
gen_n400_rho0.3_independent-signed_seed0.pcf,400,336,336,True,True,288887,15070000,52.166
gen_n400_rho0.3_independent-signed_seed1.pcf,400,348,348,True,True,239595,11953000,49.888
gen_n400_rho0.3_independent-signed_seed2.pcf,400,346,346,True,True,175728,15872000,90.321
gen_n400_rho0.3_independent-signed_seed3.pcf,400,336,336,True,True,290393,16864000,58.073
gen_n400_rho0.3_independent-signed_seed4.pcf,400,338,338,True,True,377003,16355000,43.382
gen_n400_rho0.3_independent-signed_seed5.pcf,400,344,344,True,True,206171,13680000,66.353
gen_n400_rho0.3_independent-signed_seed6.pcf,400,347,347,True,True,454039,13974000,30.777
gen_n400_rho0.3_independent-signed_seed7.pcf,400,333,333,True,True,161940,18688000,115.401
gen_n400_rho0.3_independent-signed_seed8.pcf,400,343,343,True,True,155349,15133000,97.413
gen_n400_rho0.3_independent-signed_seed9.pcf,400,345,345,True,True,276764,13183000,47.633
gen_n400_rho0.3_near-ties_seed0.pcf,400,146,146,True,True,430170,12906000,30.002
gen_n400_rho0.3_near-ties_seed1.pcf,400,147,147,True,True,421577,12731000,30.199
gen_n400_rho0.3_near-ties_seed2.pcf,400,152,152,True,True,274293,13665000,49.819
gen_n400_rho0.3_near-ties_seed3.pcf,400,152,152,True,True,383564,13004000,33.903
gen_n400_rho0.3_near-ties_seed4.pcf,400,145,145,True,True,422639,13997000,33.118
gen_n400_rho0.3_near-ties_seed5.pcf,400,147,147,True,True,387561,12534000,32.341
gen_n400_rho0.3_near-ties_seed6.pcf,400,145,145,True,True,361795,8212000,22.698
gen_n400_rho0.3_near-ties_seed7.pcf,400,143,143,True,True,337531,12750000,37.774
gen_n400_rho0.3_near-ties_seed8.pcf,400,145,145,True,True,413478,11333000,27.409
gen_n400_rho0.3_near-ties_seed9.pcf,400,154,154,True,True,402500,11134000,27.662
gen_n400_rho0.6_anti-correlated_seed0.pcf,400,285,285,True,True,674417,8869000,13.151
gen_n400_rho0.6_anti-correlated_seed1.pcf,400,275,275,True,True,810821,13198000,16.277
gen_n400_rho0.6_anti-correlated_seed2.pcf,400,264,264,True,True,196942,17029000,86.467
gen_n400_rho0.6_anti-correlated_seed3.pcf,400,286,286,True,True,787019,18088000,22.983
gen_n400_rho0.6_anti-correlated_seed4.pcf,400,279,279,True,True,427135,10004000,23.421
gen_n400_rho0.6_anti-correlated_seed5.pcf,400,290,290,True,True,278591,12608000,45.256
gen_n400_rho0.6_anti-correlated_seed6.pcf,400,267,267,True,True,317094,12957000,40.862
gen_n400_rho0.6_anti-correlated_seed7.pcf,400,292,292,True,True,268231,12739000,47.493
gen_n400_rho0.6_anti-correlated_seed8.pcf,400,275,275,True,True,381001,8519000,22.36
gen_n400_rho0.6_anti-correlated_seed9.pcf,400,278,278,True,True,329975,8601000,26.066
gen_n400_rho0.6_correlated_seed0.pcf,400,273,273,True,True,236219,6994000,29.608
gen_n400_rho0.6_correlated_seed1.pcf,400,277,277,True,True,220335,7789000,35.351
gen_n400_rho0.6_correlated_seed2.pcf,400,272,272,True,True,208472,7689000,36.883
gen_n400_rho0.6_correlated_seed3.pcf,400,270,270,True,True,292393,8512000,29.112
gen_n400_rho0.6_correlated_seed4.pcf,400,284,284,True,True,181875,7854999,43.189
gen_n400_rho0.6_correlated_seed5.pcf,400,287,287,True,True,291047,7933000,27.257
gen_n400_rho0.6_correlated_seed6.pcf,400,265,265,True,True,342231,8199000,23.958
gen_n400_rho0.6_correlated_seed7.pcf,400,289,289,True,True,679205,15148000,22.303
gen_n400_rho0.6_correlated_seed8.pcf,400,266,266,True,True,390439,14480000,37.086
gen_n400_rho0.6_correlated_seed9.pcf,400,270,270,True,True,387508,13021000,33.602
gen_n400_rho0.6_exact-ties_seed0.pcf,400,84,84,True,True,616763,8624000,13.983
gen_n400_rho0.6_exact-ties_seed1.pcf,400,79,79,True,True,297862,8610000,28.906
gen_n400_rho0.6_exact-ties_seed2.pcf,400,78,78,True,True,267150,3419000,12.798
gen_n400_rho0.6_exact-ties_seed3.pcf,400,79,79,True,True,322697,3564000,11.044
gen_n400_rho0.6_exact-ties_seed4.pcf,400,78,78,True,True,309471,3076000,9.94
gen_n400_rho0.6_exact-ties_seed5.pcf,400,71,71,True,True,209113,2405000,11.501
gen_n400_rho0.6_exact-ties_seed6.pcf,400,92,92,True,True,175072,3895000,22.248
gen_n400_rho0.6_exact-ties_seed7.pcf,400,82,82,True,True,306974,3027000,9.861
gen_n400_rho0.6_exact-ties_seed8.pcf,400,76,76,True,True,223482,2608000,11.67
gen_n400_rho0.6_exact-ties_seed9.pcf,400,78,78,True,True,772297,2994000,3.877
gen_n400_rho0.6_independent-positive_seed0.pcf,400,272,272,True,True,388940,14814000,38.088
gen_n400_rho0.6_independent-positive_seed1.pcf,400,279,279,True,True,336822,11132000,33.05
gen_n400_rho0.6_independent-positive_seed2.pcf,400,268,268,True,True,204272,15462000,75.693
gen_n400_rho0.6_independent-positive_seed3.pcf,400,288,288,True,True,304529,13725000,45.07
gen_n400_rho0.6_independent-positive_seed4.pcf,400,286,286,True,True,264448,13810000,52.222
gen_n400_rho0.6_independent-positive_seed5.pcf,400,295,295,True,True,714426,15511000,21.711
gen_n400_rho0.6_independent-positive_seed6.pcf,400,264,264,True,True,545214,15003000,27.518
gen_n400_rho0.6_independent-positive_seed7.pcf,400,266,266,True,True,428250,19151000,44.719
gen_n400_rho0.6_independent-positive_seed8.pcf,400,262,262,True,True,770962,15392000,19.965
gen_n400_rho0.6_independent-positive_seed9.pcf,400,269,269,True,True,791354,14472000,18.288
gen_n400_rho0.6_independent-signed_seed0.pcf,400,266,266,True,True,790479,14199000,17.963
gen_n400_rho0.6_independent-signed_seed1.pcf,400,288,288,True,True,215349,13869000,64.402
gen_n400_rho0.6_independent-signed_seed2.pcf,400,277,277,True,True,463820,12811000,27.621
gen_n400_rho0.6_independent-signed_seed3.pcf,400,284,284,True,True,619004,11287000,18.234
gen_n400_rho0.6_independent-signed_seed4.pcf,400,295,295,True,True,658099,14116000,21.45
gen_n400_rho0.6_independent-signed_seed5.pcf,400,295,295,True,True,262142,11119000,42.416
gen_n400_rho0.6_independent-signed_seed6.pcf,400,265,265,True,True,496780,10573000,21.283
gen_n400_rho0.6_independent-signed_seed7.pcf,400,271,271,True,True,558849,13575000,24.291
gen_n400_rho0.6_independent-signed_seed8.pcf,400,272,272,True,True,892721,10834000,12.136
gen_n400_rho0.6_independent-signed_seed9.pcf,400,259,259,True,True,306211,10840000,35.4
gen_n400_rho0.6_near-ties_seed0.pcf,400,138,138,True,True,958034,13791000,14.395
gen_n400_rho0.6_near-ties_seed1.pcf,400,147,147,True,True,759173,13643000,17.971
gen_n400_rho0.6_near-ties_seed2.pcf,400,148,148,True,True,675299,13018000,19.277
gen_n400_rho0.6_near-ties_seed3.pcf,400,140,140,True,True,778206,12768000,16.407
gen_n400_rho0.6_near-ties_seed4.pcf,400,162,162,True,True,745701,14988000,20.099
gen_n400_rho0.6_near-ties_seed5.pcf,400,145,145,True,True,797213,11368000,14.26
gen_n400_rho0.6_near-ties_seed6.pcf,400,133,133,True,True,205555,10628000,51.704
gen_n400_rho0.6_near-ties_seed7.pcf,400,145,145,True,True,312802,5082000,16.247
gen_n400_rho0.6_near-ties_seed8.pcf,400,140,140,True,True,217927,4456000,20.447
gen_n400_rho0.6_near-ties_seed9.pcf,400,135,135,True,True,279200,4682000,16.769
gen_n400_rho0.9_anti-correlated_seed0.pcf,400,211,211,True,True,750048,6904000,9.205
gen_n400_rho0.9_anti-correlated_seed1.pcf,400,212,212,True,True,1159213,9081000,7.834
gen_n400_rho0.9_anti-correlated_seed2.pcf,400,232,232,True,True,818196,15008000,18.343
gen_n400_rho0.9_anti-correlated_seed3.pcf,400,205,205,True,True,1397862,17856000,12.774
gen_n400_rho0.9_anti-correlated_seed4.pcf,400,235,235,True,True,995854,9831000,9.872
gen_n400_rho0.9_anti-correlated_seed5.pcf,400,211,211,True,True,1239629,12618000,10.179
gen_n400_rho0.9_anti-correlated_seed6.pcf,400,209,209,True,True,956911,11941000,12.479
gen_n400_rho0.9_anti-correlated_seed7.pcf,400,211,211,True,True,582398,10705000,18.381
gen_n400_rho0.9_anti-correlated_seed8.pcf,400,231,231,True,True,773656,10709000,13.842
gen_n400_rho0.9_anti-correlated_seed9.pcf,400,221,221,True,True,1450819,11304000,7.791
gen_n400_rho0.9_correlated_seed0.pcf,400,202,202,True,True,761131,9362000,12.3
gen_n400_rho0.9_correlated_seed1.pcf,400,200,200,True,True,854302,12218000,14.302
gen_n400_rho0.9_correlated_seed2.pcf,400,211,211,True,True,996728,11078000,11.114
gen_n400_rho0.9_correlated_seed3.pcf,400,203,203,True,True,1683022,12283000,7.298
gen_n400_rho0.9_correlated_seed4.pcf,400,225,225,True,True,831161,12013000,14.453
gen_n400_rho0.9_correlated_seed5.pcf,400,211,211,True,True,1257807,13905000,11.055
gen_n400_rho0.9_correlated_seed6.pcf,400,210,210,True,True,1036144,14560000,14.052
gen_n400_rho0.9_correlated_seed7.pcf,400,209,209,True,True,1533882,12093000,7.884
gen_n400_rho0.9_correlated_seed8.pcf,400,215,215,True,True,1313012,15481000,11.79
gen_n400_rho0.9_correlated_seed9.pcf,400,204,204,True,True,677559,8619000,12.721
gen_n400_rho0.9_exact-ties_seed0.pcf,400,98,98,True,True,1207115,10129000,8.391
gen_n400_rho0.9_exact-ties_seed1.pcf,400,87,87,True,True,1461688,10362000,7.089
gen_n400_rho0.9_exact-ties_seed2.pcf,400,84,84,True,True,984680,9428000,9.575
gen_n400_rho0.9_exact-ties_seed3.pcf,400,85,85,True,True,448225,7352000,16.402
gen_n400_rho0.9_exact-ties_seed4.pcf,400,85,85,True,True,1557610,10424000,6.692
gen_n400_rho0.9_exact-ties_seed5.pcf,400,85,85,True,True,1546635,10216000,6.605
gen_n400_rho0.9_exact-ties_seed6.pcf,400,93,93,True,True,382529,7641000,19.975
gen_n400_rho0.9_exact-ties_seed7.pcf,400,89,89,True,True,1372495,10060000,7.33
gen_n400_rho0.9_exact-ties_seed8.pcf,400,91,91,True,True,1305031,10737000,8.227
gen_n400_rho0.9_exact-ties_seed9.pcf,400,88,88,True,True,1427296,10167000,7.123
gen_n400_rho0.9_independent-positive_seed0.pcf,400,221,221,True,True,1006988,13223000,13.131
gen_n400_rho0.9_independent-positive_seed1.pcf,400,213,213,True,True,524258,12083000,23.048
gen_n400_rho0.9_independent-positive_seed2.pcf,400,205,205,True,True,404929,9554000,23.594
gen_n400_rho0.9_independent-positive_seed3.pcf,400,220,220,True,True,831077,11966000,14.398
gen_n400_rho0.9_independent-positive_seed4.pcf,400,227,227,True,True,1002414,12554000,12.524
gen_n400_rho0.9_independent-positive_seed5.pcf,400,203,203,True,True,1168420,15503000,13.268
gen_n400_rho0.9_independent-positive_seed6.pcf,400,200,200,True,True,758491,11927000,15.725
gen_n400_rho0.9_independent-positive_seed7.pcf,400,216,216,True,True,1606385,17180000,10.695
gen_n400_rho0.9_independent-positive_seed8.pcf,400,218,218,True,True,1180808,14173000,12.003
gen_n400_rho0.9_independent-positive_seed9.pcf,400,232,232,True,True,1028395,12002000,11.671
gen_n400_rho0.9_independent-signed_seed0.pcf,400,214,214,True,True,704872,10639000,15.094
gen_n400_rho0.9_independent-signed_seed1.pcf,400,225,225,True,True,596397,9397000,15.756
gen_n400_rho0.9_independent-signed_seed2.pcf,400,208,208,True,True,483596,12717000,26.297
gen_n400_rho0.9_independent-signed_seed3.pcf,400,227,227,True,True,496053,10617000,21.403
gen_n400_rho0.9_independent-signed_seed4.pcf,400,227,227,True,True,633679,14920000,23.545
gen_n400_rho0.9_independent-signed_seed5.pcf,400,204,204,True,True,1278695,14311000,11.192
gen_n400_rho0.9_independent-signed_seed6.pcf,400,203,203,True,True,1296006,13103000,10.11
gen_n400_rho0.9_independent-signed_seed7.pcf,400,220,220,True,True,884433,11890000,13.444
gen_n400_rho0.9_independent-signed_seed8.pcf,400,220,220,True,True,1206411,14022000,11.623
gen_n400_rho0.9_independent-signed_seed9.pcf,400,241,241,True,True,827084,15587000,18.846
gen_n400_rho0.9_near-ties_seed0.pcf,400,141,141,True,True,409534,12816000,31.294
gen_n400_rho0.9_near-ties_seed1.pcf,400,127,127,True,True,1713123,11266000,6.576
gen_n400_rho0.9_near-ties_seed2.pcf,400,138,138,True,True,1945808,14508000,7.456
gen_n400_rho0.9_near-ties_seed3.pcf,400,147,147,True,True,1375533,12356000,8.983
gen_n400_rho0.9_near-ties_seed4.pcf,400,137,137,True,True,482683,5310000,11.001
gen_n400_rho0.9_near-ties_seed5.pcf,400,129,129,True,True,1519840,7518000,4.947
gen_n400_rho0.9_near-ties_seed6.pcf,400,135,135,True,True,1496148,7541000,5.04
gen_n400_rho0.9_near-ties_seed7.pcf,400,127,127,True,True,1255421,6393000,5.092
gen_n400_rho0.9_near-ties_seed8.pcf,400,132,132,True,True,583806,7583000,12.989
gen_n400_rho0.9_near-ties_seed9.pcf,400,146,146,True,True,1160423,12061000,10.394
gen_n400_rho1.0_anti-correlated_seed0.pcf,400,187,187,True,True,1651618,15439000,9.348
gen_n400_rho1.0_anti-correlated_seed1.pcf,400,217,217,True,True,696934,11813000,16.95
gen_n400_rho1.0_anti-correlated_seed2.pcf,400,208,208,True,True,823603,7545000,9.161
gen_n400_rho1.0_anti-correlated_seed3.pcf,400,190,190,True,True,804564,13569000,16.865
gen_n400_rho1.0_anti-correlated_seed4.pcf,400,202,202,True,True,879009,12527000,14.251
gen_n400_rho1.0_anti-correlated_seed5.pcf,400,203,203,True,True,2005264,13337000,6.651
gen_n400_rho1.0_anti-correlated_seed6.pcf,400,205,205,True,True,836997,13950000,16.667
gen_n400_rho1.0_anti-correlated_seed7.pcf,400,204,204,True,True,629800,12974000,20.6
gen_n400_rho1.0_anti-correlated_seed8.pcf,400,202,202,True,True,950508,12995000,13.672
gen_n400_rho1.0_anti-correlated_seed9.pcf,400,214,214,True,True,687563,14841000,21.585
gen_n400_rho1.0_correlated_seed0.pcf,400,191,191,True,True,876359,6221000,7.099
gen_n400_rho1.0_correlated_seed1.pcf,400,210,210,True,True,794699,8388000,10.555
gen_n400_rho1.0_correlated_seed2.pcf,400,181,181,True,True,1340477,10722000,7.999
gen_n400_rho1.0_correlated_seed3.pcf,400,195,195,True,True,706143,13212000,18.71
gen_n400_rho1.0_correlated_seed4.pcf,400,188,188,True,True,771301,11327000,14.686
gen_n400_rho1.0_correlated_seed5.pcf,400,191,191,True,True,1601928,7939999,4.957
gen_n400_rho1.0_correlated_seed6.pcf,400,184,184,True,True,1647370,10515000,6.383
gen_n400_rho1.0_correlated_seed7.pcf,400,195,195,True,True,1260335,11375000,9.025
gen_n400_rho1.0_correlated_seed8.pcf,400,192,192,True,True,719763,8773000,12.189
gen_n400_rho1.0_correlated_seed9.pcf,400,196,196,True,True,670046,11460000,17.103
gen_n400_rho1.0_exact-ties_seed0.pcf,400,83,83,True,True,946553,10009000,10.574
gen_n400_rho1.0_exact-ties_seed1.pcf,400,93,93,True,True,717363,11173000,15.575
gen_n400_rho1.0_exact-ties_seed2.pcf,400,82,82,True,True,1506832,7791000,5.17
gen_n400_rho1.0_exact-ties_seed3.pcf,400,87,87,True,True,1382612,9848000,7.123
gen_n400_rho1.0_exact-ties_seed4.pcf,400,78,78,True,True,1471616,9863000,6.702
gen_n400_rho1.0_exact-ties_seed5.pcf,400,91,91,True,True,1220228,10284000,8.428
gen_n400_rho1.0_exact-ties_seed6.pcf,400,77,77,True,True,2330031,9131000,3.919
gen_n400_rho1.0_exact-ties_seed7.pcf,400,84,84,True,True,2065544,10422000,5.046
gen_n400_rho1.0_exact-ties_seed8.pcf,400,82,82,True,True,1430314,10374000,7.253
gen_n400_rho1.0_exact-ties_seed9.pcf,400,89,89,True,True,553482,9481000,17.13
gen_n400_rho1.0_independent-positive_seed0.pcf,400,205,205,True,True,1207126,12451000,10.315
gen_n400_rho1.0_independent-positive_seed1.pcf,400,204,204,True,True,1379590,13506000,9.79
gen_n400_rho1.0_independent-positive_seed2.pcf,400,188,188,True,True,1343588,16066000,11.958
gen_n400_rho1.0_independent-positive_seed3.pcf,400,185,185,True,True,1211488,12847000,10.604
gen_n400_rho1.0_independent-positive_seed4.pcf,400,209,209,True,True,1169778,14709000,12.574
gen_n400_rho1.0_independent-positive_seed5.pcf,400,190,190,True,True,679559,15460000,22.75
gen_n400_rho1.0_independent-positive_seed6.pcf,400,202,202,True,True,1037292,11831000,11.406
gen_n400_rho1.0_independent-positive_seed7.pcf,400,191,191,True,True,1819871,11502000,6.32
gen_n400_rho1.0_independent-positive_seed8.pcf,400,205,205,True,True,616016,12905000,20.949
gen_n400_rho1.0_independent-positive_seed9.pcf,400,189,189,True,True,1087086,13749000,12.648
gen_n400_rho1.0_independent-signed_seed0.pcf,400,195,195,True,True,1215787,11498000,9.457
gen_n400_rho1.0_independent-signed_seed1.pcf,400,207,207,True,True,1903894,9284000,4.876
gen_n400_rho1.0_independent-signed_seed2.pcf,400,190,190,True,True,622927,11803000,18.948
gen_n400_rho1.0_independent-signed_seed3.pcf,400,196,196,True,True,786869,13346000,16.961
gen_n400_rho1.0_independent-signed_seed4.pcf,400,195,195,True,True,740418,14394000,19.44
gen_n400_rho1.0_independent-signed_seed5.pcf,400,201,201,True,True,729861,9350000,12.811
gen_n400_rho1.0_independent-signed_seed6.pcf,400,204,204,True,True,1350765,12544000,9.287
gen_n400_rho1.0_independent-signed_seed7.pcf,400,196,196,True,True,860425,12761000,14.831
gen_n400_rho1.0_independent-signed_seed8.pcf,400,205,205,True,True,774585,14249000,18.396
gen_n400_rho1.0_independent-signed_seed9.pcf,400,195,195,True,True,1243092,14603000,11.747
gen_n400_rho1.0_near-ties_seed0.pcf,400,126,126,True,True,873994,11342000,12.977
gen_n400_rho1.0_near-ties_seed1.pcf,400,136,136,True,True,467999,14076000,30.077
gen_n400_rho1.0_near-ties_seed2.pcf,400,131,131,True,True,1144212,14091000,12.315
gen_n400_rho1.0_near-ties_seed3.pcf,400,123,123,True,True,2019886,13021000,6.446
gen_n400_rho1.0_near-ties_seed4.pcf,400,122,122,True,True,2150355,7682000,3.572
gen_n400_rho1.0_near-ties_seed5.pcf,400,132,132,True,True,2166481,13784000,6.362
gen_n400_rho1.0_near-ties_seed6.pcf,400,133,133,True,True,744384,12995000,17.457
gen_n400_rho1.0_near-ties_seed7.pcf,400,136,136,True,True,1393161,14504000,10.411
gen_n400_rho1.0_near-ties_seed8.pcf,400,127,127,True,True,1334297,11849000,8.88
gen_n400_rho1.0_near-ties_seed9.pcf,400,130,130,True,True,701918,13566000,19.327
gen_n500_rho0.3_anti-correlated_seed0.pcf,500,438,438,True,True,123977,16055000,129.5
gen_n500_rho0.3_anti-correlated_seed1.pcf,500,428,428,True,True,288793,18122000,62.751
gen_n500_rho0.3_anti-correlated_seed2.pcf,500,420,420,True,True,207232,15066000,72.701
gen_n500_rho0.3_anti-correlated_seed3.pcf,500,424,424,True,True,195354,14276000,73.078
gen_n500_rho0.3_anti-correlated_seed4.pcf,500,426,426,True,True,227172,17000000,74.833
gen_n500_rho0.3_anti-correlated_seed5.pcf,500,425,425,True,True,202179,15942000,78.851
gen_n500_rho0.3_anti-correlated_seed6.pcf,500,419,419,True,True,238327,16334999,68.54
gen_n500_rho0.3_anti-correlated_seed7.pcf,500,412,412,True,True,212374,14770000,69.547
gen_n500_rho0.3_anti-correlated_seed8.pcf,500,412,412,True,True,147234,15734999,106.871
gen_n500_rho0.3_anti-correlated_seed9.pcf,500,419,419,True,True,137520,14402000,104.727
gen_n500_rho0.3_correlated_seed0.pcf,500,429,429,True,True,146479,16128000,110.105
gen_n500_rho0.3_correlated_seed1.pcf,500,412,412,True,True,277179,16185000,58.392
gen_n500_rho0.3_correlated_seed2.pcf,500,433,433,True,True,457150,17542000,38.373
gen_n500_rho0.3_correlated_seed3.pcf,500,434,434,True,True,143350,17840000,124.451
gen_n500_rho0.3_correlated_seed4.pcf,500,408,408,True,True,557184,17826000,31.993
gen_n500_rho0.3_correlated_seed5.pcf,500,415,415,True,True,258274,14092000,54.562
gen_n500_rho0.3_correlated_seed6.pcf,500,425,425,True,True,214314,16770000,78.25
gen_n500_rho0.3_correlated_seed7.pcf,500,413,413,True,True,299965,14296000,47.659
gen_n500_rho0.3_correlated_seed8.pcf,500,416,416,True,True,120844,15419000,127.594
gen_n500_rho0.3_correlated_seed9.pcf,500,416,416,True,True,267997,16950000,63.247
gen_n500_rho0.3_exact-ties_seed0.pcf,500,69,69,True,True,522189,7799000,14.935
gen_n500_rho0.3_exact-ties_seed1.pcf,500,80,80,True,True,442019,10650000,24.094
gen_n500_rho0.3_exact-ties_seed2.pcf,500,83,83,True,True,518804,10337000,19.925
gen_n500_rho0.3_exact-ties_seed3.pcf,500,75,75,True,True,467529,9773000,20.904
gen_n500_rho0.3_exact-ties_seed4.pcf,500,87,87,True,True,474107,11290000,23.813
gen_n500_rho0.3_exact-ties_seed5.pcf,500,67,67,True,True,429093,8769000,20.436
gen_n500_rho0.3_exact-ties_seed6.pcf,500,84,84,True,True,481975,10559000,21.908
gen_n500_rho0.3_exact-ties_seed7.pcf,500,66,66,True,True,394496,7345000,18.619
gen_n500_rho0.3_exact-ties_seed8.pcf,500,76,76,True,True,555273,10765000,19.387
gen_n500_rho0.3_exact-ties_seed9.pcf,500,77,77,True,True,230161,4137000,17.974
gen_n500_rho0.3_independent-positive_seed0.pcf,500,433,433,True,True,134930,15154000,112.31
gen_n500_rho0.3_independent-positive_seed1.pcf,500,425,425,True,True,357263,16521000,46.243
gen_n500_rho0.3_independent-positive_seed2.pcf,500,428,428,True,True,631422,17430000,27.604
gen_n500_rho0.3_independent-positive_seed3.pcf,500,420,420,True,True,216568,15166000,70.029
gen_n500_rho0.3_independent-positive_seed4.pcf,500,416,416,True,True,222297,15593000,70.145
gen_n500_rho0.3_independent-positive_seed5.pcf,500,418,418,True,True,208705,15366000,73.625
gen_n500_rho0.3_independent-positive_seed6.pcf,500,427,427,True,True,218886,15657999,71.535
gen_n500_rho0.3_independent-positive_seed7.pcf,500,417,417,True,True,158523,15002000,94.636
gen_n500_rho0.3_independent-positive_seed8.pcf,500,420,420,True,True,176360,15508000,87.934
gen_n500_rho0.3_independent-positive_seed9.pcf,500,426,426,True,True,281207,15692000,55.802
gen_n500_rho0.3_independent-signed_seed0.pcf,500,437,437,True,True,312761,14849000,47.477
gen_n500_rho0.3_independent-signed_seed1.pcf,500,415,415,True,True,215009,15586000,72.49
gen_n500_rho0.3_independent-signed_seed2.pcf,500,424,424,True,True,149724,14420000,96.311
gen_n500_rho0.3_independent-signed_seed3.pcf,500,430,430,True,True,196243,15646000,79.728
gen_n500_rho0.3_independent-signed_seed4.pcf,500,426,426,True,True,142370,15841999,111.273
gen_n500_rho0.3_independent-signed_seed5.pcf,500,420,420,True,True,205382,16015000,77.977
gen_n500_rho0.3_independent-signed_seed6.pcf,500,420,420,True,True,217380,17067000,78.512
gen_n500_rho0.3_independent-signed_seed7.pcf,500,417,417,True,True,372205,15002000,40.306
gen_n500_rho0.3_independent-signed_seed8.pcf,500,414,414,True,True,307282,15123000,49.215
gen_n500_rho0.3_independent-signed_seed9.pcf,500,426,426,True,True,547088,17599000,32.168
gen_n500_rho0.3_near-ties_seed0.pcf,500,158,158,True,True,382343,9732000,25.454
gen_n500_rho0.3_near-ties_seed1.pcf,500,156,156,True,True,436202,14374000,32.953
gen_n500_rho0.3_near-ties_seed2.pcf,500,161,161,True,True,492997,16001999,32.459
gen_n500_rho0.3_near-ties_seed3.pcf,500,160,160,True,True,232560,6419000,27.601
gen_n500_rho0.3_near-ties_seed4.pcf,500,153,153,True,True,311868,6950000,22.285
gen_n500_rho0.3_near-ties_seed5.pcf,500,157,157,True,True,212990,16729999,78.548
gen_n500_rho0.3_near-ties_seed6.pcf,500,167,167,True,True,228496,12290000,53.786
gen_n500_rho0.3_near-ties_seed7.pcf,500,166,166,True,True,232854,16162000,69.408
gen_n500_rho0.3_near-ties_seed8.pcf,500,167,167,True,True,349461,16775000,48.002
gen_n500_rho0.3_near-ties_seed9.pcf,500,160,160,True,True,206278,12733000,61.727
gen_n500_rho0.6_anti-correlated_seed0.pcf,500,350,350,True,True,447236,18856000,42.161
gen_n500_rho0.6_anti-correlated_seed1.pcf,500,361,361,True,True,357514,15619000,43.688
gen_n500_rho0.6_anti-correlated_seed2.pcf,500,336,336,True,True,763133,15916000,20.856
gen_n500_rho0.6_anti-correlated_seed3.pcf,500,367,367,True,True,269429,14249000,52.886
gen_n500_rho0.6_anti-correlated_seed4.pcf,500,349,349,True,True,437254,14552000,33.28
gen_n500_rho0.6_anti-correlated_seed5.pcf,500,372,372,True,True,504002,18193000,36.097
gen_n500_rho0.6_anti-correlated_seed6.pcf,500,343,343,True,True,461000,14002000,30.373
gen_n500_rho0.6_anti-correlated_seed7.pcf,500,347,347,True,True,836985,15072000,18.007
gen_n500_rho0.6_anti-correlated_seed8.pcf,500,350,350,True,True,413198,14121000,34.175
gen_n500_rho0.6_anti-correlated_seed9.pcf,500,350,350,True,True,379685,13786000,36.309
gen_n500_rho0.6_correlated_seed0.pcf,500,339,339,True,True,260417,17273000,66.328
gen_n500_rho0.6_correlated_seed1.pcf,500,359,359,True,True,445160,16584000,37.254
gen_n500_rho0.6_correlated_seed2.pcf,500,349,349,True,True,694326,13549000,19.514
gen_n500_rho0.6_correlated_seed3.pcf,500,340,340,True,True,392216,14863000,37.895
gen_n500_rho0.6_correlated_seed4.pcf,500,350,350,True,True,574773,13744000,23.912
gen_n500_rho0.6_correlated_seed5.pcf,500,370,370,True,True,339191,16468000,48.551
gen_n500_rho0.6_correlated_seed6.pcf,500,356,356,True,True,266199,15396000,57.836
gen_n500_rho0.6_correlated_seed7.pcf,500,354,354,True,True,824467,12702000,15.406
gen_n500_rho0.6_correlated_seed8.pcf,500,332,332,True,True,233728,18757000,80.251
gen_n500_rho0.6_correlated_seed9.pcf,500,334,334,True,True,641903,16541000,25.769
gen_n500_rho0.6_exact-ties_seed0.pcf,500,109,109,True,True,840893,9159000,10.892
gen_n500_rho0.6_exact-ties_seed1.pcf,500,92,92,True,True,801488,12686000,15.828
gen_n500_rho0.6_exact-ties_seed2.pcf,500,99,99,True,True,986144,12970000,13.152
gen_n500_rho0.6_exact-ties_seed3.pcf,500,103,103,True,True,711433,9973000,14.018
gen_n500_rho0.6_exact-ties_seed4.pcf,500,100,100,True,True,786771,7452000,9.472
gen_n500_rho0.6_exact-ties_seed5.pcf,500,83,83,True,True,858775,10986000,12.793
gen_n500_rho0.6_exact-ties_seed6.pcf,500,99,99,True,True,1003393,13572000,13.526
gen_n500_rho0.6_exact-ties_seed7.pcf,500,106,106,True,True,961914,13630000,14.17
gen_n500_rho0.6_exact-ties_seed8.pcf,500,105,105,True,True,366704,13310000,36.296
gen_n500_rho0.6_exact-ties_seed9.pcf,500,100,100,True,True,867336,11541000,13.306
gen_n500_rho0.6_independent-positive_seed0.pcf,500,348,348,True,True,911337,12311000,13.509
gen_n500_rho0.6_independent-positive_seed1.pcf,500,350,350,True,True,317784,12742000,40.096
gen_n500_rho0.6_independent-positive_seed2.pcf,500,339,339,True,True,677394,16067999,23.72
gen_n500_rho0.6_independent-positive_seed3.pcf,500,352,352,True,True,367907,15521000,42.187
gen_n500_rho0.6_independent-positive_seed4.pcf,500,348,348,True,True,653762,17177000,26.274
gen_n500_rho0.6_independent-positive_seed5.pcf,500,359,359,True,True,374721,17072000,45.559
gen_n500_rho0.6_independent-positive_seed6.pcf,500,339,339,True,True,606392,17034000,28.091
gen_n500_rho0.6_independent-positive_seed7.pcf,500,353,353,True,True,608621,18319000,30.099
gen_n500_rho0.6_independent-positive_seed8.pcf,500,356,356,True,True,655710,17829000,27.19
gen_n500_rho0.6_independent-positive_seed9.pcf,500,353,353,True,True,410370,15311000,37.31
gen_n500_rho0.6_independent-signed_seed0.pcf,500,356,356,True,True,368327,14302000,38.83
gen_n500_rho0.6_independent-signed_seed1.pcf,500,351,351,True,True,524882,13845000,26.377
gen_n500_rho0.6_independent-signed_seed2.pcf,500,351,351,True,True,607478,14648000,24.113
gen_n500_rho0.6_independent-signed_seed3.pcf,500,343,343,True,True,424407,14736000,34.721
gen_n500_rho0.6_independent-signed_seed4.pcf,500,344,344,True,True,278895,14862000,53.289
gen_n500_rho0.6_independent-signed_seed5.pcf,500,361,361,True,True,366074,15204000,41.533
gen_n500_rho0.6_independent-signed_seed6.pcf,500,349,349,True,True,383161,14565000,38.013
gen_n500_rho0.6_independent-signed_seed7.pcf,500,348,348,True,True,333174,14661000,44.004
gen_n500_rho0.6_independent-signed_seed8.pcf,500,351,351,True,True,279926,14230000,50.835
gen_n500_rho0.6_independent-signed_seed9.pcf,500,357,357,True,True,640704,13472000,21.027
gen_n500_rho0.6_near-ties_seed0.pcf,500,160,160,True,True,504321,13289000,26.35
gen_n500_rho0.6_near-ties_seed1.pcf,500,163,163,True,True,779120,15178000,19.481
gen_n500_rho0.6_near-ties_seed2.pcf,500,173,173,True,True,495220,12063000,24.359
gen_n500_rho0.6_near-ties_seed3.pcf,500,170,170,True,True,587100,12604000,21.468
gen_n500_rho0.6_near-ties_seed4.pcf,500,173,173,True,True,963111,11725000,12.174
gen_n500_rho0.6_near-ties_seed5.pcf,500,161,161,True,True,434810,9605000,22.09
gen_n500_rho0.6_near-ties_seed6.pcf,500,155,155,True,True,822391,9695000,11.789
gen_n500_rho0.6_near-ties_seed7.pcf,500,169,169,True,True,810621,11338000,13.987
gen_n500_rho0.6_near-ties_seed8.pcf,500,163,163,True,True,421664,12267000,29.092
gen_n500_rho0.6_near-ties_seed9.pcf,500,176,176,True,True,335584,14329000,42.699
gen_n500_rho0.9_anti-correlated_seed0.pcf,500,277,277,True,True,1114535,15326000,13.751
gen_n500_rho0.9_anti-correlated_seed1.pcf,500,276,276,True,True,677041,15903000,23.489
gen_n500_rho0.9_anti-correlated_seed2.pcf,500,267,267,True,True,963028,13846000,14.378
gen_n500_rho0.9_anti-correlated_seed3.pcf,500,270,270,True,True,834378,14188000,17.004
gen_n500_rho0.9_anti-correlated_seed4.pcf,500,293,293,True,True,926627,13635000,14.715
gen_n500_rho0.9_anti-correlated_seed5.pcf,500,293,293,True,True,1146469,14926000,13.019
gen_n500_rho0.9_anti-correlated_seed6.pcf,500,273,273,True,True,1480056,17392000,11.751
gen_n500_rho0.9_anti-correlated_seed7.pcf,500,300,300,True,True,695093,14146000,20.351
gen_n500_rho0.9_anti-correlated_seed8.pcf,500,291,291,True,True,888670,15105000,16.997
gen_n500_rho0.9_anti-correlated_seed9.pcf,500,270,270,True,True,987810,17062000,17.273
gen_n500_rho0.9_correlated_seed0.pcf,500,279,279,True,True,883262,16434000,18.606
gen_n500_rho0.9_correlated_seed1.pcf,500,269,269,True,True,1387503,14019000,10.104
gen_n500_rho0.9_correlated_seed2.pcf,500,254,254,True,True,713031,11933000,16.736
gen_n500_rho0.9_correlated_seed3.pcf,500,266,266,True,True,911077,19204000,21.078
gen_n500_rho0.9_correlated_seed4.pcf,500,283,283,True,True,471194,16374000,34.75
gen_n500_rho0.9_correlated_seed5.pcf,500,268,268,True,True,907292,16563999,18.257
gen_n500_rho0.9_correlated_seed6.pcf,500,270,270,True,True,1159784,13276000,11.447
gen_n500_rho0.9_correlated_seed7.pcf,500,292,292,True,True,490355,12982000,26.475
gen_n500_rho0.9_correlated_seed8.pcf,500,265,265,True,True,1006309,15273000,15.177
gen_n500_rho0.9_correlated_seed9.pcf,500,272,272,True,True,834693,15949000,19.108
gen_n500_rho0.9_exact-ties_seed0.pcf,500,106,106,True,True,1926868,13914000,7.221
gen_n500_rho0.9_exact-ties_seed1.pcf,500,102,102,True,True,1377024,13269000,9.636
gen_n500_rho0.9_exact-ties_seed2.pcf,500,96,96,True,True,1365154,11370000,8.329
gen_n500_rho0.9_exact-ties_seed3.pcf,500,111,111,True,True,509446,12192000,23.932
gen_n500_rho0.9_exact-ties_seed4.pcf,500,114,114,True,True,867940,14563000,16.779
gen_n500_rho0.9_exact-ties_seed5.pcf,500,100,100,True,True,2168455,12954000,5.974
gen_n500_rho0.9_exact-ties_seed6.pcf,500,111,111,True,True,649555,12648000,19.472
gen_n500_rho0.9_exact-ties_seed7.pcf,500,106,106,True,True,1309404,11574000,8.839
gen_n500_rho0.9_exact-ties_seed8.pcf,500,105,105,True,True,967137,11227000,11.608
gen_n500_rho0.9_exact-ties_seed9.pcf,500,117,117,True,True,1756045,9506000,5.413
gen_n500_rho0.9_independent-positive_seed0.pcf,500,277,277,True,True,1043424,11983000,11.484
gen_n500_rho0.9_independent-positive_seed1.pcf,500,272,272,True,True,1583981,13156000,8.306
gen_n500_rho0.9_independent-positive_seed2.pcf,500,274,274,True,True,998575,13795000,13.815
gen_n500_rho0.9_independent-positive_seed3.pcf,500,269,269,True,True,1327814,14440000,10.875
gen_n500_rho0.9_independent-positive_seed4.pcf,500,274,274,True,True,818503,14052000,17.168
gen_n500_rho0.9_independent-positive_seed5.pcf,500,278,278,True,True,827386,14176000,17.133
gen_n500_rho0.9_independent-positive_seed6.pcf,500,273,273,True,True,1119384,13527000,12.084
gen_n500_rho0.9_independent-positive_seed7.pcf,500,269,269,True,True,1154938,14020000,12.139
gen_n500_rho0.9_independent-positive_seed8.pcf,500,276,276,True,True,902621,13730000,15.211
gen_n500_rho0.9_independent-positive_seed9.pcf,500,272,272,True,True,993314,15947000,16.054
gen_n500_rho0.9_independent-signed_seed0.pcf,500,274,274,True,True,1242502,15657999,12.602
gen_n500_rho0.9_independent-signed_seed1.pcf,500,255,255,True,True,982416,14365000,14.622
gen_n500_rho0.9_independent-signed_seed2.pcf,500,273,273,True,True,1816811,13312000,7.327
gen_n500_rho0.9_independent-signed_seed3.pcf,500,273,273,True,True,682781,14745000,21.596
gen_n500_rho0.9_independent-signed_seed4.pcf,500,266,266,True,True,1987109,13458000,6.773
gen_n500_rho0.9_independent-signed_seed5.pcf,500,277,277,True,True,823003,13972000,16.977
gen_n500_rho0.9_independent-signed_seed6.pcf,500,267,267,True,True,1576940,14806000,9.389
gen_n500_rho0.9_independent-signed_seed7.pcf,500,265,265,True,True,738157,15194000,20.584
gen_n500_rho0.9_independent-signed_seed8.pcf,500,262,262,True,True,802728,12132000,15.113
gen_n500_rho0.9_independent-signed_seed9.pcf,500,294,294,True,True,573107,13576000,23.688
gen_n500_rho0.9_near-ties_seed0.pcf,500,152,152,True,True,1572374,14410000,9.164
gen_n500_rho0.9_near-ties_seed1.pcf,500,154,154,True,True,1489699,11232000,7.54
gen_n500_rho0.9_near-ties_seed2.pcf,500,159,159,True,True,1706732,14215000,8.329
gen_n500_rho0.9_near-ties_seed3.pcf,500,160,160,True,True,576457,16013000,27.778
gen_n500_rho0.9_near-ties_seed4.pcf,500,159,159,True,True,1233538,15178000,12.304
gen_n500_rho0.9_near-ties_seed5.pcf,500,160,160,True,True,1517058,10857000,7.157
gen_n500_rho0.9_near-ties_seed6.pcf,500,153,153,True,True,682045,12931000,18.959
gen_n500_rho0.9_near-ties_seed7.pcf,500,156,156,True,True,744986,12086000,16.223
gen_n500_rho0.9_near-ties_seed8.pcf,500,156,156,True,True,1591905,17133000,10.763
gen_n500_rho0.9_near-ties_seed9.pcf,500,153,153,True,True,1714262,11202000,6.535
gen_n500_rho1.0_anti-correlated_seed0.pcf,500,265,265,True,True,1822142,15593000,8.558
gen_n500_rho1.0_anti-correlated_seed1.pcf,500,276,276,True,True,786200,14932000,18.993
gen_n500_rho1.0_anti-correlated_seed2.pcf,500,263,263,True,True,877548,12941000,14.747
gen_n500_rho1.0_anti-correlated_seed3.pcf,500,249,249,True,True,797245,13572000,17.024
gen_n500_rho1.0_anti-correlated_seed4.pcf,500,253,253,True,True,1007585,14246000,14.139
gen_n500_rho1.0_anti-correlated_seed5.pcf,500,252,252,True,True,1089287,13622000,12.505
gen_n500_rho1.0_anti-correlated_seed6.pcf,500,265,265,True,True,1731329,11480000,6.631
gen_n500_rho1.0_anti-correlated_seed7.pcf,500,237,237,True,True,995075,12949000,13.013
gen_n500_rho1.0_anti-correlated_seed8.pcf,500,256,256,True,True,884353,12988000,14.686
gen_n500_rho1.0_anti-correlated_seed9.pcf,500,252,252,True,True,1148471,12975000,11.298
gen_n500_rho1.0_correlated_seed0.pcf,500,241,241,True,True,1278257,14641000,11.454
gen_n500_rho1.0_correlated_seed1.pcf,500,252,252,True,True,1066530,16372999,15.352
gen_n500_rho1.0_correlated_seed2.pcf,500,257,257,True,True,973445,11521000,11.835
gen_n500_rho1.0_correlated_seed3.pcf,500,240,240,True,True,1113402,11163000,10.026
gen_n500_rho1.0_correlated_seed4.pcf,500,237,237,True,True,620024,12095000,19.507
gen_n500_rho1.0_correlated_seed5.pcf,500,242,242,True,True,1028654,11978000,11.644
gen_n500_rho1.0_correlated_seed6.pcf,500,244,244,True,True,1308049,12935000,9.889
gen_n500_rho1.0_correlated_seed7.pcf,500,239,239,True,True,948836,14769000,15.565
gen_n500_rho1.0_correlated_seed8.pcf,500,249,249,True,True,659875,12341000,18.702
gen_n500_rho1.0_correlated_seed9.pcf,500,228,228,True,True,2075519,15041000,7.247
gen_n500_rho1.0_exact-ties_seed0.pcf,500,109,109,True,True,938307,9686000,10.323
gen_n500_rho1.0_exact-ties_seed1.pcf,500,104,104,True,True,794277,9896000,12.459
gen_n500_rho1.0_exact-ties_seed2.pcf,500,99,99,True,True,714884,4990000,6.98
gen_n500_rho1.0_exact-ties_seed3.pcf,500,94,94,True,True,2072324,10131000,4.889
gen_n500_rho1.0_exact-ties_seed4.pcf,500,95,95,True,True,1234400,10629000,8.611
gen_n500_rho1.0_exact-ties_seed5.pcf,500,102,102,True,True,1223621,10763000,8.796
gen_n500_rho1.0_exact-ties_seed6.pcf,500,101,101,True,True,608633,9660000,15.872
gen_n500_rho1.0_exact-ties_seed7.pcf,500,106,106,True,True,805445,9759000,12.116
gen_n500_rho1.0_exact-ties_seed8.pcf,500,106,106,True,True,2090995,11588000,5.542
gen_n500_rho1.0_exact-ties_seed9.pcf,500,105,105,True,True,926228,11239000,12.134
gen_n500_rho1.0_independent-positive_seed0.pcf,500,245,245,True,True,781308,10495000,13.433
gen_n500_rho1.0_independent-positive_seed1.pcf,500,242,242,True,True,1030655,12020000,11.662
gen_n500_rho1.0_independent-positive_seed2.pcf,500,253,253,True,True,1147545,13819000,12.042
gen_n500_rho1.0_independent-positive_seed3.pcf,500,261,261,True,True,1528665,14762000,9.657
gen_n500_rho1.0_independent-positive_seed4.pcf,500,260,260,True,True,1105200,12867000,11.642
gen_n500_rho1.0_independent-positive_seed5.pcf,500,261,261,True,True,1163810,12826000,11.021
gen_n500_rho1.0_independent-positive_seed6.pcf,500,240,240,True,True,1901995,12285000,6.459
gen_n500_rho1.0_independent-positive_seed7.pcf,500,238,238,True,True,844788,11757000,13.917
gen_n500_rho1.0_independent-positive_seed8.pcf,500,269,269,True,True,1419512,16327999,11.503
gen_n500_rho1.0_independent-positive_seed9.pcf,500,271,271,True,True,1870873,12761000,6.821
gen_n500_rho1.0_independent-signed_seed0.pcf,500,247,247,True,True,1837248,11780000,6.412
gen_n500_rho1.0_independent-signed_seed1.pcf,500,249,249,True,True,893753,14344000,16.049
gen_n500_rho1.0_independent-signed_seed2.pcf,500,253,253,True,True,1581387,15747000,9.958
gen_n500_rho1.0_independent-signed_seed3.pcf,500,253,253,True,True,953567,12133000,12.724
gen_n500_rho1.0_independent-signed_seed4.pcf,500,263,263,True,True,893053,14129000,15.821
gen_n500_rho1.0_independent-signed_seed5.pcf,500,259,259,True,True,783149,12719000,16.241
gen_n500_rho1.0_independent-signed_seed6.pcf,500,267,267,True,True,1129265,14831000,13.133
gen_n500_rho1.0_independent-signed_seed7.pcf,500,244,244,True,True,1785268,14103000,7.9
gen_n500_rho1.0_independent-signed_seed8.pcf,500,255,255,True,True,853852,13049000,15.283
gen_n500_rho1.0_independent-signed_seed9.pcf,500,259,259,True,True,654169,13904000,21.254
gen_n500_rho1.0_near-ties_seed0.pcf,500,157,157,True,True,671403,10847000,16.156
gen_n500_rho1.0_near-ties_seed1.pcf,500,158,158,True,True,785986,10517000,13.381
gen_n500_rho1.0_near-ties_seed2.pcf,500,148,148,True,True,1773804,11548000,6.51
gen_n500_rho1.0_near-ties_seed3.pcf,500,154,154,True,True,1999004,15426000,7.717
gen_n500_rho1.0_near-ties_seed4.pcf,500,151,151,True,True,1647225,12229000,7.424
gen_n500_rho1.0_near-ties_seed5.pcf,500,146,146,True,True,747500,10701000,14.316
gen_n500_rho1.0_near-ties_seed6.pcf,500,147,147,True,True,1407057,9660000,6.865
gen_n500_rho1.0_near-ties_seed7.pcf,500,140,140,True,True,2236419,14647000,6.549
gen_n500_rho1.0_near-ties_seed8.pcf,500,141,141,True,True,905135,9804000,10.832
gen_n500_rho1.0_near-ties_seed9.pcf,500,146,146,True,True,923194,10572000,11.452
gen_n600_rho0.3_anti-correlated_seed0.pcf,600,511,511,True,True,260638,18227000,69.932
gen_n600_rho0.3_anti-correlated_seed1.pcf,600,501,501,True,True,180954,18759000,103.667
gen_n600_rho0.3_anti-correlated_seed2.pcf,600,506,506,True,True,166702,18773000,112.614
gen_n600_rho0.3_anti-correlated_seed3.pcf,600,515,515,True,True,258527,18390000,71.134
gen_n600_rho0.3_anti-correlated_seed4.pcf,600,508,508,True,True,176401,19086000,108.197
gen_n600_rho0.3_anti-correlated_seed5.pcf,600,493,493,True,True,259479,18267000,70.399
gen_n600_rho0.3_anti-correlated_seed6.pcf,600,516,516,True,True,260074,18418000,70.818
gen_n600_rho0.3_anti-correlated_seed7.pcf,600,508,508,True,True,166583,18668000,112.064
gen_n600_rho0.3_anti-correlated_seed8.pcf,600,508,508,True,True,245307,17892000,72.937
gen_n600_rho0.3_anti-correlated_seed9.pcf,600,501,501,True,True,170992,19140000,111.935
gen_n600_rho0.3_correlated_seed0.pcf,600,521,521,True,True,257079,18745000,72.915
gen_n600_rho0.3_correlated_seed1.pcf,600,505,505,True,True,183836,17925000,97.505
gen_n600_rho0.3_correlated_seed2.pcf,600,494,494,True,True,266996,18579000,69.585
gen_n600_rho0.3_correlated_seed3.pcf,600,512,512,True,True,170506,18369000,107.732
gen_n600_rho0.3_correlated_seed4.pcf,600,516,516,True,True,244455,18069000,73.915
gen_n600_rho0.3_correlated_seed5.pcf,600,496,496,True,True,255008,18034000,70.719
gen_n600_rho0.3_correlated_seed6.pcf,600,493,493,True,True,173269,18548000,107.047
gen_n600_rho0.3_correlated_seed7.pcf,600,494,494,True,True,246615,18804000,76.248
gen_n600_rho0.3_correlated_seed8.pcf,600,492,492,True,True,244083,18291000,74.938
gen_n600_rho0.3_correlated_seed9.pcf,600,507,507,True,True,191593,17499000,91.334
gen_n600_rho0.3_exact-ties_seed0.pcf,600,98,98,True,True,231135,5701000,24.665
gen_n600_rho0.3_exact-ties_seed1.pcf,600,97,97,True,True,221911,5644000,25.434
gen_n600_rho0.3_exact-ties_seed2.pcf,600,92,92,True,True,241461,4427000,18.334
gen_n600_rho0.3_exact-ties_seed3.pcf,600,80,80,True,True,225272,4514000,20.038
gen_n600_rho0.3_exact-ties_seed4.pcf,600,87,87,True,True,150353,4477000,29.777
gen_n600_rho0.3_exact-ties_seed5.pcf,600,101,101,True,True,152021,5394000,35.482
gen_n600_rho0.3_exact-ties_seed6.pcf,600,101,101,True,True,140725,4719000,33.533
gen_n600_rho0.3_exact-ties_seed7.pcf,600,82,82,True,True,224079,4552000,20.314
gen_n600_rho0.3_exact-ties_seed8.pcf,600,86,86,True,True,223664,4840000,21.64
gen_n600_rho0.3_exact-ties_seed9.pcf,600,99,99,True,True,199937,4933000,24.673
gen_n600_rho0.3_independent-positive_seed0.pcf,600,495,495,True,True,194186,18117000,93.297
gen_n600_rho0.3_independent-positive_seed1.pcf,600,503,503,True,True,177505,18498000,104.211
gen_n600_rho0.3_independent-positive_seed2.pcf,600,519,519,True,True,168273,19216000,114.195
gen_n600_rho0.3_independent-positive_seed3.pcf,600,508,508,True,True,251378,18937000,75.333
gen_n600_rho0.3_independent-positive_seed4.pcf,600,509,509,True,True,228647,18196000,79.581
gen_n600_rho0.3_independent-positive_seed5.pcf,600,509,509,True,True,160911,19016000,118.177
gen_n600_rho0.3_independent-positive_seed6.pcf,600,503,503,True,True,175941,18961000,107.769
gen_n600_rho0.3_independent-positive_seed7.pcf,600,520,520,True,True,154059,18832000,122.239
gen_n600_rho0.3_independent-positive_seed8.pcf,600,506,506,True,True,171994,18660000,108.492
gen_n600_rho0.3_independent-positive_seed9.pcf,600,506,506,True,True,177862,18859000,106.032
gen_n600_rho0.3_independent-signed_seed0.pcf,600,505,505,True,True,204669,18931000,92.496
gen_n600_rho0.3_independent-signed_seed1.pcf,600,498,498,True,True,174902,18069000,103.309
gen_n600_rho0.3_independent-signed_seed2.pcf,600,504,504,True,True,158229,18454000,116.628
gen_n600_rho0.3_independent-signed_seed3.pcf,600,510,510,True,True,171504,18158000,105.875
gen_n600_rho0.3_independent-signed_seed4.pcf,600,512,512,True,True,227410,18476000,81.245
gen_n600_rho0.3_independent-signed_seed5.pcf,600,504,504,True,True,163890,18213000,111.129
gen_n600_rho0.3_independent-signed_seed6.pcf,600,517,517,True,True,164547,19064000,115.857
gen_n600_rho0.3_independent-signed_seed7.pcf,600,518,518,True,True,235516,18773000,79.71
gen_n600_rho0.3_independent-signed_seed8.pcf,600,508,508,True,True,708311,20873000,29.469
gen_n600_rho0.3_independent-signed_seed9.pcf,600,515,515,True,True,170181,18511000,108.772
gen_n600_rho0.3_near-ties_seed0.pcf,600,172,172,True,True,380759,10784000,28.322
gen_n600_rho0.3_near-ties_seed1.pcf,600,165,165,True,True,482827,11985000,24.823
gen_n600_rho0.3_near-ties_seed2.pcf,600,163,163,True,True,333167,11605000,34.832
gen_n600_rho0.3_near-ties_seed3.pcf,600,169,169,True,True,514932,10655000,20.692
gen_n600_rho0.3_near-ties_seed4.pcf,600,169,169,True,True,238764,11762000,49.262
gen_n600_rho0.3_near-ties_seed5.pcf,600,166,166,True,True,469232,12439000,26.509
gen_n600_rho0.3_near-ties_seed6.pcf,600,171,171,True,True,361993,11009000,30.412
gen_n600_rho0.3_near-ties_seed7.pcf,600,168,168,True,True,243093,12941000,53.235
gen_n600_rho0.3_near-ties_seed8.pcf,600,176,176,True,True,490524,11563000,23.573
gen_n600_rho0.3_near-ties_seed9.pcf,600,166,166,True,True,165317,8608000,52.07
gen_n600_rho0.6_anti-correlated_seed0.pcf,600,434,434,True,True,834208,17120000,20.522
gen_n600_rho0.6_anti-correlated_seed1.pcf,600,442,442,True,True,418766,18166000,43.38
gen_n600_rho0.6_anti-correlated_seed2.pcf,600,408,408,True,True,461884,16691000,36.137
gen_n600_rho0.6_anti-correlated_seed3.pcf,600,425,425,True,True,424694,18345000,43.196
gen_n600_rho0.6_anti-correlated_seed4.pcf,600,419,419,True,True,485017,18659000,38.471
gen_n600_rho0.6_anti-correlated_seed5.pcf,600,426,426,True,True,359846,18523000,51.475
gen_n600_rho0.6_anti-correlated_seed6.pcf,600,426,426,True,True,472097,18538000,39.267
gen_n600_rho0.6_anti-correlated_seed7.pcf,600,396,396,True,True,395323,19549000,49.451
gen_n600_rho0.6_anti-correlated_seed8.pcf,600,423,423,True,True,459828,16852000,36.648
gen_n600_rho0.6_anti-correlated_seed9.pcf,600,444,444,True,True,386511,16998000,43.978
gen_n600_rho0.6_correlated_seed0.pcf,600,421,421,True,True,297052,16914000,56.94
gen_n600_rho0.6_correlated_seed1.pcf,600,427,427,True,True,288865,17712000,61.316
gen_n600_rho0.6_correlated_seed2.pcf,600,417,417,True,True,517554,16383000,31.655
gen_n600_rho0.6_correlated_seed3.pcf,600,429,429,True,True,483091,20124000,41.657
gen_n600_rho0.6_correlated_seed4.pcf,600,415,415,True,True,319949,16592000,51.858
gen_n600_rho0.6_correlated_seed5.pcf,600,418,418,True,True,339420,18079000,53.264
gen_n600_rho0.6_correlated_seed6.pcf,600,420,420,True,True,335891,17035000,50.716
gen_n600_rho0.6_correlated_seed7.pcf,600,409,409,True,True,662247,16927000,25.56
gen_n600_rho0.6_correlated_seed8.pcf,600,409,409,True,True,472736,17173000,36.327
gen_n600_rho0.6_correlated_seed9.pcf,600,432,432,True,True,422878,18396000,43.502
gen_n600_rho0.6_exact-ties_seed0.pcf,600,116,116,True,True,824258,10022000,12.159
gen_n600_rho0.6_exact-ties_seed1.pcf,600,124,124,True,True,753398,14575000,19.346
gen_n600_rho0.6_exact-ties_seed2.pcf,600,117,117,True,True,415526,11103000,26.72
gen_n600_rho0.6_exact-ties_seed3.pcf,600,128,128,True,True,538076,9697000,18.022
gen_n600_rho0.6_exact-ties_seed4.pcf,600,115,115,True,True,478695,8304000,17.347
gen_n600_rho0.6_exact-ties_seed5.pcf,600,113,113,True,True,1207845,15170000,12.56
gen_n600_rho0.6_exact-ties_seed6.pcf,600,126,126,True,True,723801,11699000,16.163
gen_n600_rho0.6_exact-ties_seed7.pcf,600,117,117,True,True,353230,9567000,27.084
gen_n600_rho0.6_exact-ties_seed8.pcf,600,121,121,True,True,744454,11148000,14.975
gen_n600_rho0.6_exact-ties_seed9.pcf,600,126,126,True,True,296850,12221000,41.169
gen_n600_rho0.6_independent-positive_seed0.pcf,600,413,413,True,True,534385,17269000,32.316
gen_n600_rho0.6_independent-positive_seed1.pcf,600,413,413,True,True,343847,16379999,47.637
gen_n600_rho0.6_independent-positive_seed2.pcf,600,420,420,True,True,449316,17893000,39.823
gen_n600_rho0.6_independent-positive_seed3.pcf,600,428,428,True,True,460558,18255000,39.637
gen_n600_rho0.6_independent-positive_seed4.pcf,600,419,419,True,True,359763,16944000,47.098
gen_n600_rho0.6_independent-positive_seed5.pcf,600,427,427,True,True,1106960,17565000,15.868
gen_n600_rho0.6_independent-positive_seed6.pcf,600,424,424,True,True,478250,17051000,35.653
gen_n600_rho0.6_independent-positive_seed7.pcf,600,427,427,True,True,496297,17721000,35.706
gen_n600_rho0.6_independent-positive_seed8.pcf,600,412,412,True,True,304647,17334000,56.899
gen_n600_rho0.6_independent-positive_seed9.pcf,600,426,426,True,True,550181,17232000,31.321
gen_n600_rho0.6_independent-signed_seed0.pcf,600,404,404,True,True,461934,17090000,36.997
gen_n600_rho0.6_independent-signed_seed1.pcf,600,404,404,True,True,481197,17055000,35.443
gen_n600_rho0.6_independent-signed_seed2.pcf,600,428,428,True,True,456421,18067000,39.584
gen_n600_rho0.6_independent-signed_seed3.pcf,600,414,414,True,True,453684,17155000,37.813
gen_n600_rho0.6_independent-signed_seed4.pcf,600,404,404,True,True,427803,17922000,41.893
gen_n600_rho0.6_independent-signed_seed5.pcf,600,420,420,True,True,354508,17090000,48.208
gen_n600_rho0.6_independent-signed_seed6.pcf,600,439,439,True,True,452739,18155000,40.1
gen_n600_rho0.6_independent-signed_seed7.pcf,600,419,419,True,True,375569,17267000,45.976
gen_n600_rho0.6_independent-signed_seed8.pcf,600,421,421,True,True,462987,18446000,39.841
gen_n600_rho0.6_independent-signed_seed9.pcf,600,435,435,True,True,414860,18330000,44.184
gen_n600_rho0.6_near-ties_seed0.pcf,600,176,176,True,True,468182,10746000,22.953
gen_n600_rho0.6_near-ties_seed1.pcf,600,185,185,True,True,358502,9327000,26.017
gen_n600_rho0.6_near-ties_seed2.pcf,600,182,182,True,True,302738,13764000,45.465
gen_n600_rho0.6_near-ties_seed3.pcf,600,177,177,True,True,613947,14015000,22.828
gen_n600_rho0.6_near-ties_seed4.pcf,600,188,188,True,True,1047935,11013000,10.509
gen_n600_rho0.6_near-ties_seed5.pcf,600,181,181,True,True,461733,12924000,27.99
gen_n600_rho0.6_near-ties_seed6.pcf,600,177,177,True,True,380438,15955000,41.939
gen_n600_rho0.6_near-ties_seed7.pcf,600,183,183,True,True,438391,14008000,31.953
gen_n600_rho0.6_near-ties_seed8.pcf,600,171,171,True,True,400328,8838000,22.077
gen_n600_rho0.6_near-ties_seed9.pcf,600,180,180,True,True,432990,12628000,29.165
gen_n600_rho0.9_anti-correlated_seed0.pcf,600,320,320,True,True,843244,15696000,18.614
gen_n600_rho0.9_anti-correlated_seed1.pcf,600,321,321,True,True,898773,14814000,16.482
gen_n600_rho0.9_anti-correlated_seed2.pcf,600,328,328,True,True,1665802,16094000,9.661
gen_n600_rho0.9_anti-correlated_seed3.pcf,600,322,322,True,True,1027139,14769000,14.379
gen_n600_rho0.9_anti-correlated_seed4.pcf,600,335,335,True,True,900705,17445000,19.368
gen_n600_rho0.9_anti-correlated_seed5.pcf,600,325,325,True,True,1272829,15184000,11.929
gen_n600_rho0.9_anti-correlated_seed6.pcf,600,342,342,True,True,946812,17367000,18.343
gen_n600_rho0.9_anti-correlated_seed7.pcf,600,321,321,True,True,932205,16136000,17.309
gen_n600_rho0.9_anti-correlated_seed8.pcf,600,314,314,True,True,1370298,17035000,12.432
gen_n600_rho0.9_anti-correlated_seed9.pcf,600,334,334,True,True,992682,15760000,15.876
gen_n600_rho0.9_correlated_seed0.pcf,600,314,314,True,True,1142645,15786000,13.815
gen_n600_rho0.9_correlated_seed1.pcf,600,314,314,True,True,720101,15677000,21.771
gen_n600_rho0.9_correlated_seed2.pcf,600,331,331,True,True,913414,16139000,17.669
gen_n600_rho0.9_correlated_seed3.pcf,600,318,318,True,True,1232682,14322000,11.619
gen_n600_rho0.9_correlated_seed4.pcf,600,335,335,True,True,871886,16242000,18.629
gen_n600_rho0.9_correlated_seed5.pcf,600,343,343,True,True,1094799,17382000,15.877
gen_n600_rho0.9_correlated_seed6.pcf,600,335,335,True,True,1014702,15277000,15.056
gen_n600_rho0.9_correlated_seed7.pcf,600,334,334,True,True,779486,18128000,23.256
gen_n600_rho0.9_correlated_seed8.pcf,600,316,316,True,True,705790,18693000,26.485
gen_n600_rho0.9_correlated_seed9.pcf,600,331,331,True,True,886727,18142000,20.46
gen_n600_rho0.9_exact-ties_seed0.pcf,600,130,130,True,True,1694040,13388000,7.903
gen_n600_rho0.9_exact-ties_seed1.pcf,600,130,130,True,True,2591165,11504000,4.44
gen_n600_rho0.9_exact-ties_seed2.pcf,600,134,134,True,True,1451038,10630000,7.326
gen_n600_rho0.9_exact-ties_seed3.pcf,600,109,109,True,True,993921,13529000,13.612
gen_n600_rho0.9_exact-ties_seed4.pcf,600,130,130,True,True,627007,6279000,10.014
gen_n600_rho0.9_exact-ties_seed5.pcf,600,134,134,True,True,673957,6008000,8.915
gen_n600_rho0.9_exact-ties_seed6.pcf,600,123,123,True,True,848438,6483000,7.641
gen_n600_rho0.9_exact-ties_seed7.pcf,600,136,136,True,True,798366,6672000,8.357
gen_n600_rho0.9_exact-ties_seed8.pcf,600,126,126,True,True,725345,7107000,9.798
gen_n600_rho0.9_exact-ties_seed9.pcf,600,131,131,True,True,641053,6710000,10.467
gen_n600_rho0.9_independent-positive_seed0.pcf,600,315,315,True,True,772306,13495000,17.474
gen_n600_rho0.9_independent-positive_seed1.pcf,600,336,336,True,True,977818,14712000,15.046
gen_n600_rho0.9_independent-positive_seed2.pcf,600,321,321,True,True,1008819,14383000,14.257
gen_n600_rho0.9_independent-positive_seed3.pcf,600,344,344,True,True,982617,14550000,14.807
gen_n600_rho0.9_independent-positive_seed4.pcf,600,353,353,True,True,808135,17889000,22.136
gen_n600_rho0.9_independent-positive_seed5.pcf,600,323,323,True,True,833987,17288000,20.729
gen_n600_rho0.9_independent-positive_seed6.pcf,600,346,346,True,True,859731,18014000,20.953
gen_n600_rho0.9_independent-positive_seed7.pcf,600,361,361,True,True,528247,16252000,30.766
gen_n600_rho0.9_independent-positive_seed8.pcf,600,321,321,True,True,1207519,15708000,13.008
gen_n600_rho0.9_independent-positive_seed9.pcf,600,320,320,True,True,1034834,15345000,14.828
gen_n600_rho0.9_independent-signed_seed0.pcf,600,313,313,True,True,1377084,16511999,11.991
gen_n600_rho0.9_independent-signed_seed1.pcf,600,332,332,True,True,1187329,15325000,12.907
gen_n600_rho0.9_independent-signed_seed2.pcf,600,321,321,True,True,1082841,16697000,15.42
gen_n600_rho0.9_independent-signed_seed3.pcf,600,359,359,True,True,930435,16960000,18.228
gen_n600_rho0.9_independent-signed_seed4.pcf,600,352,352,True,True,590593,18738000,31.727
gen_n600_rho0.9_independent-signed_seed5.pcf,600,327,327,True,True,811868,18733000,23.074
gen_n600_rho0.9_independent-signed_seed6.pcf,600,346,346,True,True,612615,19168000,31.289
gen_n600_rho0.9_independent-signed_seed7.pcf,600,365,365,True,True,657690,16164999,24.578
gen_n600_rho0.9_independent-signed_seed8.pcf,600,334,334,True,True,680581,17116000,25.149
gen_n600_rho0.9_independent-signed_seed9.pcf,600,338,338,True,True,966070,16053000,16.617
gen_n600_rho0.9_near-ties_seed0.pcf,600,178,178,True,True,1167014,15795000,13.535
gen_n600_rho0.9_near-ties_seed1.pcf,600,168,168,True,True,2063236,10752000,5.211
gen_n600_rho0.9_near-ties_seed2.pcf,600,164,164,True,True,2260101,11324000,5.01
gen_n600_rho0.9_near-ties_seed3.pcf,600,177,177,True,True,712899,11099000,15.569
gen_n600_rho0.9_near-ties_seed4.pcf,600,163,163,True,True,743088,9584000,12.898
gen_n600_rho0.9_near-ties_seed5.pcf,600,171,171,True,True,962923,15222000,15.808
gen_n600_rho0.9_near-ties_seed6.pcf,600,171,171,True,True,885873,14618000,16.501
gen_n600_rho0.9_near-ties_seed7.pcf,600,172,172,True,True,719302,10364000,14.408
gen_n600_rho0.9_near-ties_seed8.pcf,600,163,163,True,True,1624569,12679000,7.805
gen_n600_rho0.9_near-ties_seed9.pcf,600,172,172,True,True,1658451,20118000,12.131
gen_n600_rho1.0_anti-correlated_seed0.pcf,600,307,307,True,True,984587,16902000,17.167
gen_n600_rho1.0_anti-correlated_seed1.pcf,600,307,307,True,True,1226944,15061000,12.275
gen_n600_rho1.0_anti-correlated_seed2.pcf,600,337,337,True,True,993449,16455000,16.564
gen_n600_rho1.0_anti-correlated_seed3.pcf,600,302,302,True,True,1370763,14515000,10.589
gen_n600_rho1.0_anti-correlated_seed4.pcf,600,329,329,True,True,1715902,16684000,9.723
gen_n600_rho1.0_anti-correlated_seed5.pcf,600,297,297,True,True,1637666,16806000,10.262
gen_n600_rho1.0_anti-correlated_seed6.pcf,600,301,301,True,True,1050759,15809000,15.045
gen_n600_rho1.0_anti-correlated_seed7.pcf,600,303,303,True,True,1150062,13885000,12.073
gen_n600_rho1.0_anti-correlated_seed8.pcf,600,301,301,True,True,1414328,14494000,10.248
gen_n600_rho1.0_anti-correlated_seed9.pcf,600,301,301,True,True,937439,15313000,16.335
gen_n600_rho1.0_correlated_seed0.pcf,600,303,303,True,True,1673813,14274000,8.528
gen_n600_rho1.0_correlated_seed1.pcf,600,305,305,True,True,1143175,14594000,12.766
gen_n600_rho1.0_correlated_seed2.pcf,600,314,314,True,True,1275732,15588000,12.219
gen_n600_rho1.0_correlated_seed3.pcf,600,304,304,True,True,1075719,15867000,14.75
gen_n600_rho1.0_correlated_seed4.pcf,600,307,307,True,True,1284456,19075000,14.851
gen_n600_rho1.0_correlated_seed5.pcf,600,281,281,True,True,1536612,16264000,10.584
gen_n600_rho1.0_correlated_seed6.pcf,600,289,289,True,True,1112123,14486000,13.026
gen_n600_rho1.0_correlated_seed7.pcf,600,304,304,True,True,1084147,14925000,13.767
gen_n600_rho1.0_correlated_seed8.pcf,600,297,297,True,True,882448,15129000,17.144
gen_n600_rho1.0_correlated_seed9.pcf,600,308,308,True,True,1526736,16451000,10.775
gen_n600_rho1.0_exact-ties_seed0.pcf,600,128,128,True,True,1357155,16010000,11.797
gen_n600_rho1.0_exact-ties_seed1.pcf,600,134,134,True,True,1058159,11016000,10.411
gen_n600_rho1.0_exact-ties_seed2.pcf,600,133,133,True,True,963808,9971000,10.345
gen_n600_rho1.0_exact-ties_seed3.pcf,600,121,121,True,True,754118,7177000,9.517
gen_n600_rho1.0_exact-ties_seed4.pcf,600,124,124,True,True,811557,6543000,8.062
gen_n600_rho1.0_exact-ties_seed5.pcf,600,129,129,True,True,943548,7286000,7.722
gen_n600_rho1.0_exact-ties_seed6.pcf,600,126,126,True,True,877449,7145000,8.143
gen_n600_rho1.0_exact-ties_seed7.pcf,600,112,112,True,True,1134164,6835000,6.026
gen_n600_rho1.0_exact-ties_seed8.pcf,600,112,112,True,True,1015197,6203000,6.11
gen_n600_rho1.0_exact-ties_seed9.pcf,600,133,133,True,True,712647,6628000,9.301
gen_n600_rho1.0_independent-positive_seed0.pcf,600,300,300,True,True,1310586,12763000,9.738
gen_n600_rho1.0_independent-positive_seed1.pcf,600,304,304,True,True,1642879,16931000,10.306
gen_n600_rho1.0_independent-positive_seed2.pcf,600,262,262,True,True,1533934,14893000,9.709
gen_n600_rho1.0_independent-positive_seed3.pcf,600,323,323,True,True,1179429,14798000,12.547
gen_n600_rho1.0_independent-positive_seed4.pcf,600,287,287,True,True,1262158,14542000,11.522
gen_n600_rho1.0_independent-positive_seed5.pcf,600,313,313,True,True,955415,14035000,14.69
gen_n600_rho1.0_independent-positive_seed6.pcf,600,302,302,True,True,911028,13824000,15.174
gen_n600_rho1.0_independent-positive_seed7.pcf,600,292,292,True,True,1677645,14982000,8.93
gen_n600_rho1.0_independent-positive_seed8.pcf,600,297,297,True,True,1301702,16178000,12.428
gen_n600_rho1.0_independent-positive_seed9.pcf,600,300,300,True,True,1085033,15937000,14.688
gen_n600_rho1.0_independent-signed_seed0.pcf,600,293,293,True,True,1624854,15461000,9.515
gen_n600_rho1.0_independent-signed_seed1.pcf,600,298,298,True,True,1575785,14520000,9.214
gen_n600_rho1.0_independent-signed_seed2.pcf,600,278,278,True,True,1993350,15554000,7.803
gen_n600_rho1.0_independent-signed_seed3.pcf,600,310,310,True,True,2008191,15827000,7.881
gen_n600_rho1.0_independent-signed_seed4.pcf,600,281,281,True,True,1898737,15961000,8.406
gen_n600_rho1.0_independent-signed_seed5.pcf,600,293,293,True,True,1680389,17527000,10.43
gen_n600_rho1.0_independent-signed_seed6.pcf,600,306,306,True,True,1126095,17184000,15.26
gen_n600_rho1.0_independent-signed_seed7.pcf,600,283,283,True,True,1435086,16222000,11.304
gen_n600_rho1.0_independent-signed_seed8.pcf,600,314,314,True,True,1046292,15928000,15.223
gen_n600_rho1.0_independent-signed_seed9.pcf,600,284,284,True,True,2697415,18050000,6.692
gen_n600_rho1.0_near-ties_seed0.pcf,600,161,161,True,True,1150471,13066000,11.357
gen_n600_rho1.0_near-ties_seed1.pcf,600,165,165,True,True,1535617,13631000,8.877
gen_n600_rho1.0_near-ties_seed2.pcf,600,180,180,True,True,1105092,12621000,11.421
gen_n600_rho1.0_near-ties_seed3.pcf,600,163,163,True,True,1427151,9480000,6.643
gen_n600_rho1.0_near-ties_seed4.pcf,600,156,156,True,True,1359271,12785000,9.406
gen_n600_rho1.0_near-ties_seed5.pcf,600,154,154,True,True,952125,10702000,11.24
gen_n600_rho1.0_near-ties_seed6.pcf,600,164,164,True,True,980637,10742000,10.954
gen_n600_rho1.0_near-ties_seed7.pcf,600,167,167,True,True,2425343,12663000,5.221
gen_n600_rho1.0_near-ties_seed8.pcf,600,167,167,True,True,2952575,12458000,4.219
gen_n600_rho1.0_near-ties_seed9.pcf,600,175,175,True,True,1601532,14778000,9.227
gen_n700_rho0.3_anti-correlated_seed0.pcf,700,585,585,True,True,303330,24554000,80.948
gen_n700_rho0.3_anti-correlated_seed1.pcf,700,595,595,True,True,202684,30396000,149.967
gen_n700_rho0.3_anti-correlated_seed2.pcf,700,587,587,True,True,319074,22704000,71.156
gen_n700_rho0.3_anti-correlated_seed3.pcf,700,586,586,True,True,300604,23685000,78.791
gen_n700_rho0.3_anti-correlated_seed4.pcf,700,601,601,True,True,280919,26570000,94.582
gen_n700_rho0.3_anti-correlated_seed5.pcf,700,599,599,True,True,611372,28332000,46.342
gen_n700_rho0.3_anti-correlated_seed6.pcf,700,596,596,True,True,207930,25971000,124.903
gen_n700_rho0.3_anti-correlated_seed7.pcf,700,595,595,True,True,336365,29261000,86.992
gen_n700_rho0.3_anti-correlated_seed8.pcf,700,598,598,True,True,206926,27477000,132.787
gen_n700_rho0.3_anti-correlated_seed9.pcf,700,600,600,True,True,580517,26349000,45.389
gen_n700_rho0.3_correlated_seed0.pcf,700,576,576,True,True,191977,24480000,127.515
gen_n700_rho0.3_correlated_seed1.pcf,700,586,586,True,True,251162,25165000,100.194
gen_n700_rho0.3_correlated_seed2.pcf,700,579,579,True,True,296645,30172000,101.711
gen_n700_rho0.3_correlated_seed3.pcf,700,582,582,True,True,311822,25275000,81.056
gen_n700_rho0.3_correlated_seed4.pcf,700,593,593,True,True,190326,26700000,140.286
gen_n700_rho0.3_correlated_seed5.pcf,700,588,588,True,True,285821,26856000,93.961
gen_n700_rho0.3_correlated_seed6.pcf,700,586,586,True,True,229379,24528000,106.932
gen_n700_rho0.3_correlated_seed7.pcf,700,589,589,True,True,291282,27700000,95.097
gen_n700_rho0.3_correlated_seed8.pcf,700,592,592,True,True,280694,29165000,103.903
gen_n700_rho0.3_correlated_seed9.pcf,700,576,576,True,True,193938,25465000,131.305
gen_n700_rho0.3_exact-ties_seed0.pcf,700,109,109,True,True,175732,12726000,72.417
gen_n700_rho0.3_exact-ties_seed1.pcf,700,107,107,True,True,627317,16747000,26.696
gen_n700_rho0.3_exact-ties_seed2.pcf,700,105,105,True,True,695134,14213000,20.446
gen_n700_rho0.3_exact-ties_seed3.pcf,700,95,95,True,True,696489,11993000,17.219
gen_n700_rho0.3_exact-ties_seed4.pcf,700,103,103,True,True,602952,12386000,20.542
gen_n700_rho0.3_exact-ties_seed5.pcf,700,106,106,True,True,456191,12547000,27.504
gen_n700_rho0.3_exact-ties_seed6.pcf,700,105,105,True,True,308343,12567000,40.757
gen_n700_rho0.3_exact-ties_seed7.pcf,700,108,108,True,True,592537,16167999,27.286
gen_n700_rho0.3_exact-ties_seed8.pcf,700,106,106,True,True,709840,12975000,18.279
gen_n700_rho0.3_exact-ties_seed9.pcf,700,120,120,True,True,624094,13326000,21.353
gen_n700_rho0.3_independent-positive_seed0.pcf,700,584,584,True,True,297527,25813000,86.759
gen_n700_rho0.3_independent-positive_seed1.pcf,700,602,602,True,True,189506,25328000,133.653
gen_n700_rho0.3_independent-positive_seed2.pcf,700,601,601,True,True,198120,28558000,144.145
gen_n700_rho0.3_independent-positive_seed3.pcf,700,599,599,True,True,302012,26048000,86.248
gen_n700_rho0.3_independent-positive_seed4.pcf,700,603,603,True,True,289558,28952000,99.987
gen_n700_rho0.3_independent-positive_seed5.pcf,700,599,599,True,True,291424,25236000,86.595
gen_n700_rho0.3_independent-positive_seed6.pcf,700,581,581,True,True,296466,25743000,86.833
gen_n700_rho0.3_independent-positive_seed7.pcf,700,594,594,True,True,295024,25240000,85.552
gen_n700_rho0.3_independent-positive_seed8.pcf,700,601,601,True,True,286876,26352000,91.859
gen_n700_rho0.3_independent-positive_seed9.pcf,700,568,568,True,True,197768,24072000,121.718
gen_n700_rho0.3_independent-signed_seed0.pcf,700,590,590,True,True,195707,24699000,126.204
gen_n700_rho0.3_independent-signed_seed1.pcf,700,591,591,True,True,295766,29389000,99.366
gen_n700_rho0.3_independent-signed_seed2.pcf,700,595,595,True,True,294151,29389000,99.911
gen_n700_rho0.3_independent-signed_seed3.pcf,700,594,594,True,True,297169,28596000,96.228
gen_n700_rho0.3_independent-signed_seed4.pcf,700,611,611,True,True,267094,24485000,91.672
gen_n700_rho0.3_independent-signed_seed5.pcf,700,603,603,True,True,286774,26175000,91.274
gen_n700_rho0.3_independent-signed_seed6.pcf,700,597,597,True,True,317875,22343000,70.289
gen_n700_rho0.3_independent-signed_seed7.pcf,700,601,601,True,True,220194,25907000,117.655
gen_n700_rho0.3_independent-signed_seed8.pcf,700,591,591,True,True,212202,25981000,122.435
gen_n700_rho0.3_independent-signed_seed9.pcf,700,578,578,True,True,304682,23608000,77.484
gen_n700_rho0.3_near-ties_seed0.pcf,700,177,177,True,True,288862,12927000,44.751
gen_n700_rho0.3_near-ties_seed1.pcf,700,183,183,True,True,533875,11948000,22.38
gen_n700_rho0.3_near-ties_seed2.pcf,700,174,174,True,True,178686,8544000,47.816
gen_n700_rho0.3_near-ties_seed3.pcf,700,170,170,True,True,267167,11408000,42.7
gen_n700_rho0.3_near-ties_seed4.pcf,700,172,172,True,True,352621,13927000,39.496
gen_n700_rho0.3_near-ties_seed5.pcf,700,177,177,True,True,296935,11618000,39.126
gen_n700_rho0.3_near-ties_seed6.pcf,700,178,178,True,True,349534,11057000,31.634
gen_n700_rho0.3_near-ties_seed7.pcf,700,176,176,True,True,197618,9618000,48.67
gen_n700_rho0.3_near-ties_seed8.pcf,700,172,172,True,True,201438,9153000,45.438
gen_n700_rho0.3_near-ties_seed9.pcf,700,182,182,True,True,204946,9225000,45.012
gen_n700_rho0.6_anti-correlated_seed0.pcf,700,494,494,True,True,457602,22475000,49.115
gen_n700_rho0.6_anti-correlated_seed1.pcf,700,474,474,True,True,432087,20920000,48.416
gen_n700_rho0.6_anti-correlated_seed2.pcf,700,500,500,True,True,346416,21917000,63.268
gen_n700_rho0.6_anti-correlated_seed3.pcf,700,467,467,True,True,563105,20849000,37.025
gen_n700_rho0.6_anti-correlated_seed4.pcf,700,489,489,True,True,372955,22026000,59.058
gen_n700_rho0.6_anti-correlated_seed5.pcf,700,482,482,True,True,429855,22384000,52.073
gen_n700_rho0.6_anti-correlated_seed6.pcf,700,490,490,True,True,366468,22167000,60.488
gen_n700_rho0.6_anti-correlated_seed7.pcf,700,482,482,True,True,408625,22116000,54.123
gen_n700_rho0.6_anti-correlated_seed8.pcf,700,499,499,True,True,587295,22528000,38.359
gen_n700_rho0.6_anti-correlated_seed9.pcf,700,484,484,True,True,791447,21494000,27.158
gen_n700_rho0.6_correlated_seed0.pcf,700,486,486,True,True,401916,22654000,56.365
gen_n700_rho0.6_correlated_seed1.pcf,700,453,453,True,True,400026,20821000,52.049
gen_n700_rho0.6_correlated_seed2.pcf,700,489,489,True,True,351434,23223000,66.081
gen_n700_rho0.6_correlated_seed3.pcf,700,494,494,True,True,390281,24257000,62.153
gen_n700_rho0.6_correlated_seed4.pcf,700,470,470,True,True,383374,21117000,55.082
gen_n700_rho0.6_correlated_seed5.pcf,700,485,485,True,True,679105,22059000,32.482
gen_n700_rho0.6_correlated_seed6.pcf,700,487,487,True,True,514043,21884000,42.572
gen_n700_rho0.6_correlated_seed7.pcf,700,484,484,True,True,395266,23843000,60.321
gen_n700_rho0.6_correlated_seed8.pcf,700,464,464,True,True,385862,22380000,58.0
gen_n700_rho0.6_correlated_seed9.pcf,700,498,498,True,True,357432,21273000,59.516
gen_n700_rho0.6_exact-ties_seed0.pcf,700,145,145,True,True,578365,10213000,17.658
gen_n700_rho0.6_exact-ties_seed1.pcf,700,142,142,True,True,724501,14607000,20.161
gen_n700_rho0.6_exact-ties_seed2.pcf,700,143,143,True,True,430157,9724000,22.606
gen_n700_rho0.6_exact-ties_seed3.pcf,700,136,136,True,True,636528,12971000,20.378
gen_n700_rho0.6_exact-ties_seed4.pcf,700,141,141,True,True,1066237,8893000,8.341
gen_n700_rho0.6_exact-ties_seed5.pcf,700,129,129,True,True,570711,11853000,20.769
gen_n700_rho0.6_exact-ties_seed6.pcf,700,138,138,True,True,952152,16572000,17.405
gen_n700_rho0.6_exact-ties_seed7.pcf,700,144,144,True,True,792765,10303000,12.996
gen_n700_rho0.6_exact-ties_seed8.pcf,700,152,152,True,True,531317,13090000,24.637
gen_n700_rho0.6_exact-ties_seed9.pcf,700,131,131,True,True,546254,12579000,23.028
gen_n700_rho0.6_independent-positive_seed0.pcf,700,488,488,True,True,414606,21374000,51.553
gen_n700_rho0.6_independent-positive_seed1.pcf,700,489,489,True,True,592434,23314000,39.353
gen_n700_rho0.6_independent-positive_seed2.pcf,700,501,501,True,True,453103,27862000,61.492
gen_n700_rho0.6_independent-positive_seed3.pcf,700,498,498,True,True,426236,25190000,59.099
gen_n700_rho0.6_independent-positive_seed4.pcf,700,492,492,True,True,857153,21861000,25.504
gen_n700_rho0.6_independent-positive_seed5.pcf,700,497,497,True,True,539101,22054000,40.909
gen_n700_rho0.6_independent-positive_seed6.pcf,700,474,474,True,True,414649,21987000,53.026
gen_n700_rho0.6_independent-positive_seed7.pcf,700,478,478,True,True,439770,20751000,47.186
gen_n700_rho0.6_independent-positive_seed8.pcf,700,481,481,True,True,559869,21330000,38.098
gen_n700_rho0.6_independent-positive_seed9.pcf,700,507,507,True,True,434776,26974000,62.041
gen_n700_rho0.6_independent-signed_seed0.pcf,700,485,485,True,True,422641,21182000,50.118
gen_n700_rho0.6_independent-signed_seed1.pcf,700,472,472,True,True,401782,21183000,52.723
gen_n700_rho0.6_independent-signed_seed2.pcf,700,496,496,True,True,387610,22061000,56.915
gen_n700_rho0.6_independent-signed_seed3.pcf,700,474,474,True,True,793502,20788000,26.198
gen_n700_rho0.6_independent-signed_seed4.pcf,700,502,502,True,True,360333,22856000,63.43
gen_n700_rho0.6_independent-signed_seed5.pcf,700,497,497,True,True,830853,21669000,26.08
gen_n700_rho0.6_independent-signed_seed6.pcf,700,465,465,True,True,646426,19251000,29.781
gen_n700_rho0.6_independent-signed_seed7.pcf,700,473,473,True,True,421193,23535000,55.877
gen_n700_rho0.6_independent-signed_seed8.pcf,700,501,501,True,True,363784,24188000,66.49
gen_n700_rho0.6_independent-signed_seed9.pcf,700,503,503,True,True,350278,22579000,64.46
gen_n700_rho0.6_near-ties_seed0.pcf,700,193,193,True,True,534986,14872000,27.799
gen_n700_rho0.6_near-ties_seed1.pcf,700,209,209,True,True,1150146,14779000,12.85
gen_n700_rho0.6_near-ties_seed2.pcf,700,189,189,True,True,458593,12678000,27.645
gen_n700_rho0.6_near-ties_seed3.pcf,700,194,194,True,True,897798,14492000,16.142
gen_n700_rho0.6_near-ties_seed4.pcf,700,193,193,True,True,339069,13216000,38.977
gen_n700_rho0.6_near-ties_seed5.pcf,700,190,190,True,True,1090139,11934000,10.947
gen_n700_rho0.6_near-ties_seed6.pcf,700,195,195,True,True,335164,14699000,43.856
gen_n700_rho0.6_near-ties_seed7.pcf,700,188,188,True,True,934421,12735000,13.629
gen_n700_rho0.6_near-ties_seed8.pcf,700,183,183,True,True,343699,15088000,43.899
gen_n700_rho0.6_near-ties_seed9.pcf,700,189,189,True,True,515297,15430000,29.944
gen_n700_rho0.9_anti-correlated_seed0.pcf,700,378,378,True,True,992147,20077000,20.236
gen_n700_rho0.9_anti-correlated_seed1.pcf,700,397,397,True,True,1103948,19322000,17.503
gen_n700_rho0.9_anti-correlated_seed2.pcf,700,388,388,True,True,743349,18511000,24.902
gen_n700_rho0.9_anti-correlated_seed3.pcf,700,378,378,True,True,871798,18523000,21.247
gen_n700_rho0.9_anti-correlated_seed4.pcf,700,399,399,True,True,720336,18592000,25.81
gen_n700_rho0.9_anti-correlated_seed5.pcf,700,384,384,True,True,783607,17777000,22.686
gen_n700_rho0.9_anti-correlated_seed6.pcf,700,383,383,True,True,1079424,18132000,16.798
gen_n700_rho0.9_anti-correlated_seed7.pcf,700,381,381,True,True,786422,18715000,23.798
gen_n700_rho0.9_anti-correlated_seed8.pcf,700,381,381,True,True,1415503,20664000,14.598
gen_n700_rho0.9_anti-correlated_seed9.pcf,700,372,372,True,True,1430993,18241000,12.747
gen_n700_rho0.9_correlated_seed0.pcf,700,360,360,True,True,1007881,19153000,19.003
gen_n700_rho0.9_correlated_seed1.pcf,700,380,380,True,True,853458,18618000,21.815
gen_n700_rho0.9_correlated_seed2.pcf,700,366,366,True,True,767185,18022000,23.491
gen_n700_rho0.9_correlated_seed3.pcf,700,367,367,True,True,851251,18291000,21.487
gen_n700_rho0.9_correlated_seed4.pcf,700,365,365,True,True,814977,16796000,20.609
gen_n700_rho0.9_correlated_seed5.pcf,700,385,385,True,True,732424,17666000,24.12
gen_n700_rho0.9_correlated_seed6.pcf,700,366,366,True,True,1129575,17586000,15.569
gen_n700_rho0.9_correlated_seed7.pcf,700,377,377,True,True,722954,18357000,25.392
gen_n700_rho0.9_correlated_seed8.pcf,700,383,383,True,True,970909,18373000,18.924
gen_n700_rho0.9_correlated_seed9.pcf,700,399,399,True,True,1144408,19645000,17.166
gen_n700_rho0.9_exact-ties_seed0.pcf,700,147,147,True,True,1997531,13325000,6.671
gen_n700_rho0.9_exact-ties_seed1.pcf,700,154,154,True,True,815144,14785000,18.138
gen_n700_rho0.9_exact-ties_seed2.pcf,700,152,152,True,True,1857018,11954000,6.437
gen_n700_rho0.9_exact-ties_seed3.pcf,700,143,143,True,True,1198243,11236000,9.377
gen_n700_rho0.9_exact-ties_seed4.pcf,700,156,156,True,True,831492,9450000,11.365
gen_n700_rho0.9_exact-ties_seed5.pcf,700,149,149,True,True,1423682,17047000,11.974
gen_n700_rho0.9_exact-ties_seed6.pcf,700,131,131,True,True,1500773,12229000,8.148
gen_n700_rho0.9_exact-ties_seed7.pcf,700,157,157,True,True,1184364,12098000,10.215
gen_n700_rho0.9_exact-ties_seed8.pcf,700,154,154,True,True,645113,16259000,25.203
gen_n700_rho0.9_exact-ties_seed9.pcf,700,156,156,True,True,692524,12737000,18.392
gen_n700_rho0.9_independent-positive_seed0.pcf,700,385,385,True,True,803317,18032000,22.447
gen_n700_rho0.9_independent-positive_seed1.pcf,700,380,380,True,True,914438,18392000,20.113
gen_n700_rho0.9_independent-positive_seed2.pcf,700,372,372,True,True,802359,18042000,22.486
gen_n700_rho0.9_independent-positive_seed3.pcf,700,364,364,True,True,859551,18505000,21.529
gen_n700_rho0.9_independent-positive_seed4.pcf,700,392,392,True,True,741711,18906000,25.49
gen_n700_rho0.9_independent-positive_seed5.pcf,700,401,401,True,True,779660,19529000,25.048
gen_n700_rho0.9_independent-positive_seed6.pcf,700,374,374,True,True,1477114,18518000,12.537
gen_n700_rho0.9_independent-positive_seed7.pcf,700,407,407,True,True,898987,18535000,20.618
gen_n700_rho0.9_independent-positive_seed8.pcf,700,358,358,True,True,761933,17738000,23.28
gen_n700_rho0.9_independent-positive_seed9.pcf,700,387,387,True,True,762451,18617000,24.417
gen_n700_rho0.9_independent-signed_seed0.pcf,700,397,397,True,True,1121818,19295000,17.2
gen_n700_rho0.9_independent-signed_seed1.pcf,700,373,373,True,True,900828,18501000,20.538
gen_n700_rho0.9_independent-signed_seed2.pcf,700,367,367,True,True,824249,18130000,21.996
gen_n700_rho0.9_independent-signed_seed3.pcf,700,387,387,True,True,711158,18952000,26.649
gen_n700_rho0.9_independent-signed_seed4.pcf,700,386,386,True,True,697770,18641000,26.715
gen_n700_rho0.9_independent-signed_seed5.pcf,700,407,407,True,True,826685,19928000,24.106
gen_n700_rho0.9_independent-signed_seed6.pcf,700,364,364,True,True,1182081,18127000,15.335
gen_n700_rho0.9_independent-signed_seed7.pcf,700,392,392,True,True,808405,18933000,23.42
gen_n700_rho0.9_independent-signed_seed8.pcf,700,393,393,True,True,821868,18920000,23.021
gen_n700_rho0.9_independent-signed_seed9.pcf,700,378,378,True,True,756161,18385000,24.314
gen_n700_rho0.9_near-ties_seed0.pcf,700,195,195,True,True,1250939,15959000,12.758
gen_n700_rho0.9_near-ties_seed1.pcf,700,192,192,True,True,1028904,12530000,12.178
gen_n700_rho0.9_near-ties_seed2.pcf,700,184,184,True,True,1718284,17077000,9.938
gen_n700_rho0.9_near-ties_seed3.pcf,700,186,186,True,True,1214146,15537000,12.797
gen_n700_rho0.9_near-ties_seed4.pcf,700,186,186,True,True,999077,15325000,15.339
gen_n700_rho0.9_near-ties_seed5.pcf,700,195,195,True,True,1055872,14555000,13.785
gen_n700_rho0.9_near-ties_seed6.pcf,700,184,184,True,True,763276,13050000,17.097
gen_n700_rho0.9_near-ties_seed7.pcf,700,183,183,True,True,1978931,15412000,7.788
gen_n700_rho0.9_near-ties_seed8.pcf,700,186,186,True,True,960837,14163000,14.74
gen_n700_rho0.9_near-ties_seed9.pcf,700,185,185,True,True,986515,11562000,11.72
gen_n700_rho1.0_anti-correlated_seed0.pcf,700,346,346,True,True,1728374,17322000,10.022
gen_n700_rho1.0_anti-correlated_seed1.pcf,700,356,356,True,True,1105808,18196000,16.455
gen_n700_rho1.0_anti-correlated_seed2.pcf,700,356,356,True,True,1049227,17955000,17.113
gen_n700_rho1.0_anti-correlated_seed3.pcf,700,366,366,True,True,1292257,17790000,13.767
gen_n700_rho1.0_anti-correlated_seed4.pcf,700,342,342,True,True,1508532,17841000,11.827
gen_n700_rho1.0_anti-correlated_seed5.pcf,700,375,375,True,True,983986,18048000,18.342
gen_n700_rho1.0_anti-correlated_seed6.pcf,700,346,346,True,True,1429492,18006000,12.596
gen_n700_rho1.0_anti-correlated_seed7.pcf,700,365,365,True,True,1035611,17449000,16.849
gen_n700_rho1.0_anti-correlated_seed8.pcf,700,337,337,True,True,1445362,17302000,11.971
gen_n700_rho1.0_anti-correlated_seed9.pcf,700,319,319,True,True,1206080,17244000,14.298
gen_n700_rho1.0_correlated_seed0.pcf,700,311,311,True,True,1851288,17026000,9.197
gen_n700_rho1.0_correlated_seed1.pcf,700,345,345,True,True,1079402,18123000,16.79
gen_n700_rho1.0_correlated_seed2.pcf,700,349,349,True,True,1119621,18283000,16.33
gen_n700_rho1.0_correlated_seed3.pcf,700,357,357,True,True,1147218,17692000,15.422
gen_n700_rho1.0_correlated_seed4.pcf,700,331,331,True,True,1360654,18049000,13.265
gen_n700_rho1.0_correlated_seed5.pcf,700,364,364,True,True,992150,18330000,18.475
gen_n700_rho1.0_correlated_seed6.pcf,700,370,370,True,True,1414168,18114000,12.809
gen_n700_rho1.0_correlated_seed7.pcf,700,368,368,True,True,899481,18148000,20.176
gen_n700_rho1.0_correlated_seed8.pcf,700,326,326,True,True,1732323,17690000,10.212
gen_n700_rho1.0_correlated_seed9.pcf,700,344,344,True,True,1363668,17783000,13.041
gen_n700_rho1.0_exact-ties_seed0.pcf,700,148,148,True,True,1694014,11357000,6.704
gen_n700_rho1.0_exact-ties_seed1.pcf,700,133,133,True,True,2468676,13410000,5.432
gen_n700_rho1.0_exact-ties_seed2.pcf,700,144,144,True,True,1160929,11044000,9.513
gen_n700_rho1.0_exact-ties_seed3.pcf,700,134,134,True,True,1397905,12356000,8.839
gen_n700_rho1.0_exact-ties_seed4.pcf,700,134,134,True,True,1451883,12207000,8.408
gen_n700_rho1.0_exact-ties_seed5.pcf,700,133,133,True,True,1549009,12127000,7.829
gen_n700_rho1.0_exact-ties_seed6.pcf,700,138,138,True,True,1402571,13856000,9.879
gen_n700_rho1.0_exact-ties_seed7.pcf,700,147,147,True,True,920727,9995000,10.856
gen_n700_rho1.0_exact-ties_seed8.pcf,700,148,148,True,True,1079760,14627000,13.547
gen_n700_rho1.0_exact-ties_seed9.pcf,700,146,146,True,True,1101461,13346000,12.117
gen_n700_rho1.0_independent-positive_seed0.pcf,700,339,339,True,True,1045532,17755000,16.982
gen_n700_rho1.0_independent-positive_seed1.pcf,700,351,351,True,True,1111054,17916000,16.125
gen_n700_rho1.0_independent-positive_seed2.pcf,700,347,347,True,True,1503266,17965000,11.951
gen_n700_rho1.0_independent-positive_seed3.pcf,700,346,346,True,True,1131298,17525000,15.491
gen_n700_rho1.0_independent-positive_seed4.pcf,700,343,343,True,True,1331416,18089000,13.586
gen_n700_rho1.0_independent-positive_seed5.pcf,700,336,336,True,True,1423424,17135000,12.038
gen_n700_rho1.0_independent-positive_seed6.pcf,700,358,358,True,True,1120891,17443000,15.562
gen_n700_rho1.0_independent-positive_seed7.pcf,700,366,366,True,True,1097133,18392000,16.764
gen_n700_rho1.0_independent-positive_seed8.pcf,700,361,361,True,True,970104,18018000,18.573
gen_n700_rho1.0_independent-positive_seed9.pcf,700,353,353,True,True,1023867,17871000,17.454
gen_n700_rho1.0_independent-signed_seed0.pcf,700,363,363,True,True,1034526,18537000,17.918
gen_n700_rho1.0_independent-signed_seed1.pcf,700,346,346,True,True,2275081,17957000,7.893
gen_n700_rho1.0_independent-signed_seed2.pcf,700,343,343,True,True,1365428,17802000,13.038
gen_n700_rho1.0_independent-signed_seed3.pcf,700,347,347,True,True,1076254,17513000,16.272
gen_n700_rho1.0_independent-signed_seed4.pcf,700,349,349,True,True,1133896,17626000,15.545
gen_n700_rho1.0_independent-signed_seed5.pcf,700,337,337,True,True,1391669,16935000,12.169
gen_n700_rho1.0_independent-signed_seed6.pcf,700,352,352,True,True,1097426,17521000,15.966
gen_n700_rho1.0_independent-signed_seed7.pcf,700,346,346,True,True,1115701,17139000,15.362
gen_n700_rho1.0_independent-signed_seed8.pcf,700,369,369,True,True,934958,18341000,19.617
gen_n700_rho1.0_independent-signed_seed9.pcf,700,335,335,True,True,1038632,17290000,16.647
gen_n700_rho1.0_near-ties_seed0.pcf,700,192,192,True,True,1452664,14367000,9.89
gen_n700_rho1.0_near-ties_seed1.pcf,700,188,188,True,True,1505851,14430000,9.583
gen_n700_rho1.0_near-ties_seed2.pcf,700,195,195,True,True,1007005,13561000,13.467
gen_n700_rho1.0_near-ties_seed3.pcf,700,174,174,True,True,1515737,12297000,8.113
gen_n700_rho1.0_near-ties_seed4.pcf,700,172,172,True,True,1484045,13903000,9.368
gen_n700_rho1.0_near-ties_seed5.pcf,700,174,174,True,True,1489028,11145000,7.485
gen_n700_rho1.0_near-ties_seed6.pcf,700,175,175,True,True,2731237,11606000,4.249
gen_n700_rho1.0_near-ties_seed7.pcf,700,192,192,True,True,1651857,14783000,8.949
gen_n700_rho1.0_near-ties_seed8.pcf,700,172,172,True,True,1349243,14616000,10.833
gen_n700_rho1.0_near-ties_seed9.pcf,700,178,178,True,True,1857210,13903000,7.486
gen_n800_rho0.3_anti-correlated_seed0.pcf,800,647,647,True,True,380706,31684999,83.227
gen_n800_rho0.3_anti-correlated_seed1.pcf,800,668,668,True,True,337837,32317000,95.659
gen_n800_rho0.3_anti-correlated_seed2.pcf,800,680,680,True,True,517659,33839000,65.369
gen_n800_rho0.3_anti-correlated_seed3.pcf,800,684,684,True,True,212721,30536000,143.55
gen_n800_rho0.3_anti-correlated_seed4.pcf,800,689,689,True,True,343625,32426999,94.367
gen_n800_rho0.3_anti-correlated_seed5.pcf,800,691,691,True,True,337489,32805000,97.203
gen_n800_rho0.3_anti-correlated_seed6.pcf,800,686,686,True,True,332910,33338000,100.141
gen_n800_rho0.3_anti-correlated_seed7.pcf,800,682,682,True,True,444789,31894000,71.706
gen_n800_rho0.3_anti-correlated_seed8.pcf,800,679,679,True,True,226537,32744000,144.542
gen_n800_rho0.3_anti-correlated_seed9.pcf,800,681,681,True,True,553296,33265999,60.123
gen_n800_rho0.3_correlated_seed0.pcf,800,666,666,True,True,362379,32898999,90.786
gen_n800_rho0.3_correlated_seed1.pcf,800,671,671,True,True,337479,35706000,105.802
gen_n800_rho0.3_correlated_seed2.pcf,800,666,666,True,True,222034,32058000,144.383
gen_n800_rho0.3_correlated_seed3.pcf,800,662,662,True,True,207427,33296000,160.519
gen_n800_rho0.3_correlated_seed4.pcf,800,653,653,True,True,231365,33259999,143.756
gen_n800_rho0.3_correlated_seed5.pcf,800,654,654,True,True,225160,28595000,126.999
gen_n800_rho0.3_correlated_seed6.pcf,800,683,683,True,True,331287,33099000,99.91
gen_n800_rho0.3_correlated_seed7.pcf,800,666,666,True,True,346189,32759000,94.628
gen_n800_rho0.3_correlated_seed8.pcf,800,669,669,True,True,328077,32401000,98.76
gen_n800_rho0.3_correlated_seed9.pcf,800,672,672,True,True,357112,30374000,85.055
gen_n800_rho0.3_exact-ties_seed0.pcf,800,123,123,True,True,199460,13857000,69.473
gen_n800_rho0.3_exact-ties_seed1.pcf,800,115,115,True,True,651512,9276000,14.238
gen_n800_rho0.3_exact-ties_seed2.pcf,800,111,111,True,True,714336,12445000,17.422
gen_n800_rho0.3_exact-ties_seed3.pcf,800,115,115,True,True,601986,11911000,19.786
gen_n800_rho0.3_exact-ties_seed4.pcf,800,125,125,True,True,501584,11536000,22.999
gen_n800_rho0.3_exact-ties_seed5.pcf,800,111,111,True,True,208216,14786000,71.013
gen_n800_rho0.3_exact-ties_seed6.pcf,800,112,112,True,True,762981,11909000,15.609
gen_n800_rho0.3_exact-ties_seed7.pcf,800,107,107,True,True,542374,11089000,20.445
gen_n800_rho0.3_exact-ties_seed8.pcf,800,122,122,True,True,389129,13398000,34.431
gen_n800_rho0.3_exact-ties_seed9.pcf,800,131,131,True,True,315301,12062000,38.256
gen_n800_rho0.3_independent-positive_seed0.pcf,800,685,685,True,True,235241,32602000,138.59
gen_n800_rho0.3_independent-positive_seed1.pcf,800,658,658,True,True,507332,32322999,63.712
gen_n800_rho0.3_independent-positive_seed2.pcf,800,674,674,True,True,247263,32286000,130.574
gen_n800_rho0.3_independent-positive_seed3.pcf,800,698,698,True,True,231099,32688000,141.446
gen_n800_rho0.3_independent-positive_seed4.pcf,800,663,663,True,True,351729,32831000,93.342
gen_n800_rho0.3_independent-positive_seed5.pcf,800,679,679,True,True,329871,31659000,95.974
gen_n800_rho0.3_independent-positive_seed6.pcf,800,677,677,True,True,220289,30827000,139.939
gen_n800_rho0.3_independent-positive_seed7.pcf,800,675,675,True,True,248147,33063000,133.24
gen_n800_rho0.3_independent-positive_seed8.pcf,800,676,676,True,True,346481,33515999,96.733
gen_n800_rho0.3_independent-positive_seed9.pcf,800,689,689,True,True,211657,34704000,163.963
gen_n800_rho0.3_independent-signed_seed0.pcf,800,685,685,True,True,262945,33202000,126.27
gen_n800_rho0.3_independent-signed_seed1.pcf,800,667,667,True,True,358249,33718000,94.119
gen_n800_rho0.3_independent-signed_seed2.pcf,800,682,682,True,True,238466,30318000,127.138
gen_n800_rho0.3_independent-signed_seed3.pcf,800,709,709,True,True,235394,32446000,137.837
gen_n800_rho0.3_independent-signed_seed4.pcf,800,668,668,True,True,358685,32048000,89.349
gen_n800_rho0.3_independent-signed_seed5.pcf,800,690,690,True,True,329551,31131000,94.465
gen_n800_rho0.3_independent-signed_seed6.pcf,800,668,668,True,True,332291,34333000,103.322
gen_n800_rho0.3_independent-signed_seed7.pcf,800,692,692,True,True,248099,33182999,133.749
gen_n800_rho0.3_independent-signed_seed8.pcf,800,679,679,True,True,347926,31064000,89.283
gen_n800_rho0.3_independent-signed_seed9.pcf,800,693,693,True,True,328541,31519000,95.936
gen_n800_rho0.3_near-ties_seed0.pcf,800,186,186,True,True,363872,12570000,34.545
gen_n800_rho0.3_near-ties_seed1.pcf,800,179,179,True,True,344408,15845999,46.009
gen_n800_rho0.3_near-ties_seed2.pcf,800,183,183,True,True,390106,14161000,36.3
gen_n800_rho0.3_near-ties_seed3.pcf,800,181,181,True,True,232369,13108000,56.41
gen_n800_rho0.3_near-ties_seed4.pcf,800,180,180,True,True,329043,16569000,50.355
gen_n800_rho0.3_near-ties_seed5.pcf,800,180,180,True,True,389563,14452000,37.098
gen_n800_rho0.3_near-ties_seed6.pcf,800,188,188,True,True,595532,14929000,25.068
gen_n800_rho0.3_near-ties_seed7.pcf,800,187,187,True,True,596439,14733000,24.702
gen_n800_rho0.3_near-ties_seed8.pcf,800,194,194,True,True,411811,19541000,47.451
gen_n800_rho0.3_near-ties_seed9.pcf,800,182,182,True,True,344613,15876000,46.069
gen_n800_rho0.6_anti-correlated_seed0.pcf,800,542,542,True,True,641977,28760000,44.799
gen_n800_rho0.6_anti-correlated_seed1.pcf,800,561,561,True,True,483021,28006000,57.981
gen_n800_rho0.6_anti-correlated_seed2.pcf,800,553,553,True,True,523613,27674000,52.852
gen_n800_rho0.6_anti-correlated_seed3.pcf,800,570,570,True,True,631333,27490000,43.543
gen_n800_rho0.6_anti-correlated_seed4.pcf,800,539,539,True,True,711347,28792000,40.475
gen_n800_rho0.6_anti-correlated_seed5.pcf,800,552,552,True,True,424651,33353000,78.542
gen_n800_rho0.6_anti-correlated_seed6.pcf,800,567,567,True,True,648741,27897000,43.002
gen_n800_rho0.6_anti-correlated_seed7.pcf,800,572,572,True,True,726562,31301000,43.081
gen_n800_rho0.6_anti-correlated_seed8.pcf,800,557,557,True,True,488494,26087000,53.403
gen_n800_rho0.6_anti-correlated_seed9.pcf,800,563,563,True,True,444785,30728000,69.085
gen_n800_rho0.6_correlated_seed0.pcf,800,558,558,True,True,632972,27001000,42.657
gen_n800_rho0.6_correlated_seed1.pcf,800,555,555,True,True,447871,28564000,63.777
gen_n800_rho0.6_correlated_seed2.pcf,800,528,528,True,True,469558,27579000,58.734
gen_n800_rho0.6_correlated_seed3.pcf,800,564,564,True,True,402088,27653000,68.774
gen_n800_rho0.6_correlated_seed4.pcf,800,547,547,True,True,709496,30557000,43.069
gen_n800_rho0.6_correlated_seed5.pcf,800,543,543,True,True,442154,27510000,62.218
gen_n800_rho0.6_correlated_seed6.pcf,800,548,548,True,True,705005,27820000,39.461
gen_n800_rho0.6_correlated_seed7.pcf,800,536,536,True,True,503151,26635000,52.936
gen_n800_rho0.6_correlated_seed8.pcf,800,543,543,True,True,526149,32076000,60.964
gen_n800_rho0.6_correlated_seed9.pcf,800,534,534,True,True,623683,30070000,48.214
gen_n800_rho0.6_exact-ties_seed0.pcf,800,157,157,True,True,519691,18381000,35.369
gen_n800_rho0.6_exact-ties_seed1.pcf,800,156,156,True,True,718595,17309000,24.087
gen_n800_rho0.6_exact-ties_seed2.pcf,800,154,154,True,True,762190,12629000,16.569
gen_n800_rho0.6_exact-ties_seed3.pcf,800,160,160,True,True,952711,12210000,12.816
gen_n800_rho0.6_exact-ties_seed4.pcf,800,154,154,True,True,1635822,14565000,8.904
gen_n800_rho0.6_exact-ties_seed5.pcf,800,168,168,True,True,458565,13648000,29.762
gen_n800_rho0.6_exact-ties_seed6.pcf,800,152,152,True,True,646534,12246000,18.941
gen_n800_rho0.6_exact-ties_seed7.pcf,800,172,172,True,True,736864,13452000,18.256
gen_n800_rho0.6_exact-ties_seed8.pcf,800,159,159,True,True,592295,12804000,21.618
gen_n800_rho0.6_exact-ties_seed9.pcf,800,167,167,True,True,582668,13776000,23.643
gen_n800_rho0.6_independent-positive_seed0.pcf,800,549,549,True,True,684418,30465000,44.512
gen_n800_rho0.6_independent-positive_seed1.pcf,800,540,540,True,True,732894,27641000,37.715
gen_n800_rho0.6_independent-positive_seed2.pcf,800,546,546,True,True,466675,28089000,60.19
gen_n800_rho0.6_independent-positive_seed3.pcf,800,571,571,True,True,394897,30309000,76.752
gen_n800_rho0.6_independent-positive_seed4.pcf,800,547,547,True,True,461902,29993000,64.934
gen_n800_rho0.6_independent-positive_seed5.pcf,800,551,551,True,True,662762,28628000,43.195
gen_n800_rho0.6_independent-positive_seed6.pcf,800,555,555,True,True,676018,30582000,45.238
gen_n800_rho0.6_independent-positive_seed7.pcf,800,557,557,True,True,839553,29475000,35.108
gen_n800_rho0.6_independent-positive_seed8.pcf,800,561,561,True,True,415796,25201000,60.609
gen_n800_rho0.6_independent-positive_seed9.pcf,800,570,570,True,True,577050,31392999,54.403
gen_n800_rho0.6_independent-signed_seed0.pcf,800,568,568,True,True,407201,29278000,71.901
gen_n800_rho0.6_independent-signed_seed1.pcf,800,559,559,True,True,555312,29478000,53.084
gen_n800_rho0.6_independent-signed_seed2.pcf,800,532,532,True,True,735812,27142000,36.887
gen_n800_rho0.6_independent-signed_seed3.pcf,800,583,583,True,True,412153,30281000,73.47
gen_n800_rho0.6_independent-signed_seed4.pcf,800,547,547,True,True,678342,30425000,44.852
gen_n800_rho0.6_independent-signed_seed5.pcf,800,553,553,True,True,668303,29053000,43.473
gen_n800_rho0.6_independent-signed_seed6.pcf,800,561,561,True,True,472230,29509000,62.489
gen_n800_rho0.6_independent-signed_seed7.pcf,800,550,550,True,True,614345,27561000,44.862
gen_n800_rho0.6_independent-signed_seed8.pcf,800,564,564,True,True,615484,29150000,47.361
gen_n800_rho0.6_independent-signed_seed9.pcf,800,553,553,True,True,468091,27774000,59.335
gen_n800_rho0.6_near-ties_seed0.pcf,800,199,199,True,True,507810,13879000,27.331
gen_n800_rho0.6_near-ties_seed1.pcf,800,206,206,True,True,1440659,16808000,11.667
gen_n800_rho0.6_near-ties_seed2.pcf,800,200,200,True,True,932652,13795000,14.791
gen_n800_rho0.6_near-ties_seed3.pcf,800,216,216,True,True,461263,13842000,30.009
gen_n800_rho0.6_near-ties_seed4.pcf,800,196,196,True,True,997140,14450000,14.491
gen_n800_rho0.6_near-ties_seed5.pcf,800,207,207,True,True,608739,13216000,21.71
gen_n800_rho0.6_near-ties_seed6.pcf,800,202,202,True,True,598630,15199000,25.39
gen_n800_rho0.6_near-ties_seed7.pcf,800,201,201,True,True,770452,16119000,20.921
gen_n800_rho0.6_near-ties_seed8.pcf,800,199,199,True,True,1192906,17115000,14.347
gen_n800_rho0.6_near-ties_seed9.pcf,800,210,210,True,True,595087,17075000,28.693
gen_n800_rho0.9_anti-correlated_seed0.pcf,800,455,455,True,True,1473939,25893000,17.567
gen_n800_rho0.9_anti-correlated_seed1.pcf,800,451,451,True,True,1323511,24745000,18.696
gen_n800_rho0.9_anti-correlated_seed2.pcf,800,438,438,True,True,2603509,27559000,10.585
gen_n800_rho0.9_anti-correlated_seed3.pcf,800,449,449,True,True,1073229,24220000,22.567
gen_n800_rho0.9_anti-correlated_seed4.pcf,800,424,424,True,True,1111215,22944000,20.648
gen_n800_rho0.9_anti-correlated_seed5.pcf,800,464,464,True,True,1004681,29309000,29.172
gen_n800_rho0.9_anti-correlated_seed6.pcf,800,418,418,True,True,1528114,21890000,14.325
gen_n800_rho0.9_anti-correlated_seed7.pcf,800,439,439,True,True,1706091,23418000,13.726
gen_n800_rho0.9_anti-correlated_seed8.pcf,800,429,429,True,True,1257942,21388000,17.002
gen_n800_rho0.9_anti-correlated_seed9.pcf,800,443,443,True,True,1288886,23870000,18.52
gen_n800_rho0.9_correlated_seed0.pcf,800,445,445,True,True,994525,28598000,28.755
gen_n800_rho0.9_correlated_seed1.pcf,800,434,434,True,True,1224430,23498000,19.191
gen_n800_rho0.9_correlated_seed2.pcf,800,460,460,True,True,1063901,28924000,27.187
gen_n800_rho0.9_correlated_seed3.pcf,800,426,426,True,True,2051616,22928000,11.176
gen_n800_rho0.9_correlated_seed4.pcf,800,438,438,True,True,1400463,23474000,16.762
gen_n800_rho0.9_correlated_seed5.pcf,800,443,443,True,True,1242112,25077000,20.189
gen_n800_rho0.9_correlated_seed6.pcf,800,440,440,True,True,1026131,24684000,24.055
gen_n800_rho0.9_correlated_seed7.pcf,800,416,416,True,True,1517646,26050000,17.165
gen_n800_rho0.9_correlated_seed8.pcf,800,455,455,True,True,1517294,26114000,17.211
gen_n800_rho0.9_correlated_seed9.pcf,800,438,438,True,True,913438,24871000,27.228
gen_n800_rho0.9_exact-ties_seed0.pcf,800,168,168,True,True,969541,13519000,13.944
gen_n800_rho0.9_exact-ties_seed1.pcf,800,174,174,True,True,1646341,13768000,8.363
gen_n800_rho0.9_exact-ties_seed2.pcf,800,181,181,True,True,842249,15644000,18.574
gen_n800_rho0.9_exact-ties_seed3.pcf,800,164,164,True,True,965201,13151000,13.625
gen_n800_rho0.9_exact-ties_seed4.pcf,800,182,182,True,True,871391,13820000,15.86
gen_n800_rho0.9_exact-ties_seed5.pcf,800,160,160,True,True,1903480,14418000,7.575
gen_n800_rho0.9_exact-ties_seed6.pcf,800,161,161,True,True,2477899,14508000,5.855
gen_n800_rho0.9_exact-ties_seed7.pcf,800,151,151,True,True,1152469,13888000,12.051
gen_n800_rho0.9_exact-ties_seed8.pcf,800,165,165,True,True,1391436,13808000,9.924
gen_n800_rho0.9_exact-ties_seed9.pcf,800,156,156,True,True,919444,13623000,14.817
gen_n800_rho0.9_independent-positive_seed0.pcf,800,434,434,True,True,1223503,22118000,18.078
gen_n800_rho0.9_independent-positive_seed1.pcf,800,425,425,True,True,1147802,25696000,22.387
gen_n800_rho0.9_independent-positive_seed2.pcf,800,418,418,True,True,878721,23692000,26.962
gen_n800_rho0.9_independent-positive_seed3.pcf,800,445,445,True,True,1347165,24112000,17.898
gen_n800_rho0.9_independent-positive_seed4.pcf,800,447,447,True,True,1002744,23646000,23.581
gen_n800_rho0.9_independent-positive_seed5.pcf,800,456,456,True,True,1326122,27045000,20.394
gen_n800_rho0.9_independent-positive_seed6.pcf,800,430,430,True,True,1223516,24743000,20.223
gen_n800_rho0.9_independent-positive_seed7.pcf,800,450,450,True,True,839944,30963000,36.863
gen_n800_rho0.9_independent-positive_seed8.pcf,800,427,427,True,True,1637310,22599000,13.803
gen_n800_rho0.9_independent-positive_seed9.pcf,800,429,429,True,True,921524,20421000,22.16
gen_n800_rho0.9_independent-signed_seed0.pcf,800,413,413,True,True,1244146,23176000,18.628
gen_n800_rho0.9_independent-signed_seed1.pcf,800,437,437,True,True,1550797,23859000,15.385
gen_n800_rho0.9_independent-signed_seed2.pcf,800,435,435,True,True,816117,26404000,32.353
gen_n800_rho0.9_independent-signed_seed3.pcf,800,445,445,True,True,957533,23083000,24.107
gen_n800_rho0.9_independent-signed_seed4.pcf,800,430,430,True,True,1346542,23532000,17.476
gen_n800_rho0.9_independent-signed_seed5.pcf,800,456,456,True,True,1183588,25190000,21.283
gen_n800_rho0.9_independent-signed_seed6.pcf,800,426,426,True,True,968427,28018000,28.931
gen_n800_rho0.9_independent-signed_seed7.pcf,800,444,444,True,True,883148,24836000,28.122
gen_n800_rho0.9_independent-signed_seed8.pcf,800,450,450,True,True,1557304,24132000,15.496
gen_n800_rho0.9_independent-signed_seed9.pcf,800,421,421,True,True,1480158,24904000,16.825
gen_n800_rho0.9_near-ties_seed0.pcf,800,194,194,True,True,1348451,14119000,10.471
gen_n800_rho0.9_near-ties_seed1.pcf,800,192,192,True,True,1585755,15073000,9.505
gen_n800_rho0.9_near-ties_seed2.pcf,800,187,187,True,True,1706468,14284000,8.371
gen_n800_rho0.9_near-ties_seed3.pcf,800,194,194,True,True,1458907,14040000,9.624
gen_n800_rho0.9_near-ties_seed4.pcf,800,197,197,True,True,1125788,13910000,12.356
gen_n800_rho0.9_near-ties_seed5.pcf,800,194,194,True,True,1057601,15048000,14.228
gen_n800_rho0.9_near-ties_seed6.pcf,800,192,192,True,True,1011051,17982000,17.785
gen_n800_rho0.9_near-ties_seed7.pcf,800,192,192,True,True,1489585,14686000,9.859
gen_n800_rho0.9_near-ties_seed8.pcf,800,201,201,True,True,1391239,15506000,11.145
gen_n800_rho0.9_near-ties_seed9.pcf,800,206,206,True,True,1231632,14084000,11.435
gen_n800_rho1.0_anti-correlated_seed0.pcf,800,396,396,True,True,1604990,22326000,13.91
gen_n800_rho1.0_anti-correlated_seed1.pcf,800,392,392,True,True,1542481,22017000,14.274
gen_n800_rho1.0_anti-correlated_seed2.pcf,800,388,388,True,True,2221124,23365000,10.519
gen_n800_rho1.0_anti-correlated_seed3.pcf,800,424,424,True,True,1645708,28277000,17.182
gen_n800_rho1.0_anti-correlated_seed4.pcf,800,411,411,True,True,1619683,27656000,17.075
gen_n800_rho1.0_anti-correlated_seed5.pcf,800,421,421,True,True,1358734,24734000,18.204
gen_n800_rho1.0_anti-correlated_seed6.pcf,800,417,417,True,True,1627202,28191000,17.325
gen_n800_rho1.0_anti-correlated_seed7.pcf,800,406,406,True,True,1235278,28064000,22.719
gen_n800_rho1.0_anti-correlated_seed8.pcf,800,394,394,True,True,1809957,21873000,12.085
gen_n800_rho1.0_anti-correlated_seed9.pcf,800,398,398,True,True,1393685,23719000,17.019
gen_n800_rho1.0_correlated_seed0.pcf,800,413,413,True,True,1177105,24157000,20.522
gen_n800_rho1.0_correlated_seed1.pcf,800,395,395,True,True,1358711,20882000,15.369
gen_n800_rho1.0_correlated_seed2.pcf,800,388,388,True,True,2055782,20701000,10.07
gen_n800_rho1.0_correlated_seed3.pcf,800,395,395,True,True,1560579,24279000,15.558
gen_n800_rho1.0_correlated_seed4.pcf,800,409,409,True,True,2563837,22348000,8.717
gen_n800_rho1.0_correlated_seed5.pcf,800,414,414,True,True,1239999,24860000,20.048
gen_n800_rho1.0_correlated_seed6.pcf,800,397,397,True,True,1284895,23455000,18.254
gen_n800_rho1.0_correlated_seed7.pcf,800,394,394,True,True,1676928,22955000,13.689
gen_n800_rho1.0_correlated_seed8.pcf,800,421,421,True,True,1724545,23965000,13.896
gen_n800_rho1.0_correlated_seed9.pcf,800,403,403,True,True,1438230,21891000,15.221
gen_n800_rho1.0_exact-ties_seed0.pcf,800,163,163,True,True,1901773,13903000,7.311
gen_n800_rho1.0_exact-ties_seed1.pcf,800,173,173,True,True,1470736,14229000,9.675
gen_n800_rho1.0_exact-ties_seed2.pcf,800,167,167,True,True,1540994,13601000,8.826
gen_n800_rho1.0_exact-ties_seed3.pcf,800,156,156,True,True,1469231,13645000,9.287
gen_n800_rho1.0_exact-ties_seed4.pcf,800,155,155,True,True,2448335,15535000,6.345
gen_n800_rho1.0_exact-ties_seed5.pcf,800,162,162,True,True,1608972,13123000,8.156
gen_n800_rho1.0_exact-ties_seed6.pcf,800,172,172,True,True,1781630,14517000,8.148
gen_n800_rho1.0_exact-ties_seed7.pcf,800,171,171,True,True,1339400,16303000,12.172
gen_n800_rho1.0_exact-ties_seed8.pcf,800,160,160,True,True,1550978,14055000,9.062
gen_n800_rho1.0_exact-ties_seed9.pcf,800,163,163,True,True,1966701,12630000,6.422
gen_n800_rho1.0_independent-positive_seed0.pcf,800,397,397,True,True,2024496,21800000,10.768
gen_n800_rho1.0_independent-positive_seed1.pcf,800,378,378,True,True,1457132,21355000,14.656
gen_n800_rho1.0_independent-positive_seed2.pcf,800,403,403,True,True,1459152,24017000,16.46
gen_n800_rho1.0_independent-positive_seed3.pcf,800,391,391,True,True,1975621,21921000,11.096
gen_n800_rho1.0_independent-positive_seed4.pcf,800,390,390,True,True,1461550,21707000,14.852
gen_n800_rho1.0_independent-positive_seed5.pcf,800,396,396,True,True,2533352,22497000,8.88
gen_n800_rho1.0_independent-positive_seed6.pcf,800,418,418,True,True,2355217,27717000,11.768
gen_n800_rho1.0_independent-positive_seed7.pcf,800,410,410,True,True,1346147,22934000,17.037
gen_n800_rho1.0_independent-positive_seed8.pcf,800,397,397,True,True,2442960,23437000,9.594
gen_n800_rho1.0_independent-positive_seed9.pcf,800,384,384,True,True,1567332,20217000,12.899
gen_n800_rho1.0_independent-signed_seed0.pcf,800,388,388,True,True,1407840,22800000,16.195
gen_n800_rho1.0_independent-signed_seed1.pcf,800,380,380,True,True,2066206,21455000,10.384
gen_n800_rho1.0_independent-signed_seed2.pcf,800,397,397,True,True,2231867,25011000,11.206
gen_n800_rho1.0_independent-signed_seed3.pcf,800,386,386,True,True,1401885,21918000,15.635
gen_n800_rho1.0_independent-signed_seed4.pcf,800,404,404,True,True,1893216,26656000,14.08
gen_n800_rho1.0_independent-signed_seed5.pcf,800,401,401,True,True,1730939,23218000,13.414
gen_n800_rho1.0_independent-signed_seed6.pcf,800,411,411,True,True,1662273,24410000,14.685
gen_n800_rho1.0_independent-signed_seed7.pcf,800,418,418,True,True,1209848,24535000,20.279
gen_n800_rho1.0_independent-signed_seed8.pcf,800,402,402,True,True,2410954,23497000,9.746
gen_n800_rho1.0_independent-signed_seed9.pcf,800,391,391,True,True,1955448,21650000,11.072
gen_n800_rho1.0_near-ties_seed0.pcf,800,210,210,True,True,1875650,14465000,7.712
gen_n800_rho1.0_near-ties_seed1.pcf,800,201,201,True,True,1145760,17060000,14.89
gen_n800_rho1.0_near-ties_seed2.pcf,800,192,192,True,True,1529024,16952000,11.087
gen_n800_rho1.0_near-ties_seed3.pcf,800,199,199,True,True,1229048,15387000,12.519
gen_n800_rho1.0_near-ties_seed4.pcf,800,191,191,True,True,1985899,15571000,7.841
gen_n800_rho1.0_near-ties_seed5.pcf,800,198,198,True,True,1558031,13927000,8.939
gen_n800_rho1.0_near-ties_seed6.pcf,800,194,194,True,True,1252712,15002000,11.976
gen_n800_rho1.0_near-ties_seed7.pcf,800,195,195,True,True,1978869,14192000,7.172
gen_n800_rho1.0_near-ties_seed8.pcf,800,194,194,True,True,1672613,13971000,8.353
gen_n800_rho1.0_near-ties_seed9.pcf,800,203,203,True,True,1646411,15121000,9.184
gen_n900_rho0.3_anti-correlated_seed0.pcf,900,771,771,True,True,271844,39656000,145.878
gen_n900_rho0.3_anti-correlated_seed1.pcf,900,732,732,True,True,403955,40346000,99.877
gen_n900_rho0.3_anti-correlated_seed2.pcf,900,741,741,True,True,276587,42230000,152.683
gen_n900_rho0.3_anti-correlated_seed3.pcf,900,757,757,True,True,278229,39660000,142.544
gen_n900_rho0.3_anti-correlated_seed4.pcf,900,746,746,True,True,400338,39935000,99.753
gen_n900_rho0.3_anti-correlated_seed5.pcf,900,763,763,True,True,270338,42052000,155.553
gen_n900_rho0.3_anti-correlated_seed6.pcf,900,782,782,True,True,421918,40195000,95.267
gen_n900_rho0.3_anti-correlated_seed7.pcf,900,769,769,True,True,273533,39074000,142.849
gen_n900_rho0.3_anti-correlated_seed8.pcf,900,766,766,True,True,399933,40107000,100.284
gen_n900_rho0.3_anti-correlated_seed9.pcf,900,742,742,True,True,272700,40186000,147.363
gen_n900_rho0.3_correlated_seed0.pcf,900,766,766,True,True,261479,41547000,158.892
gen_n900_rho0.3_correlated_seed1.pcf,900,750,750,True,True,271911,39573000,145.537
gen_n900_rho0.3_correlated_seed2.pcf,900,743,743,True,True,274776,36330000,132.217
gen_n900_rho0.3_correlated_seed3.pcf,900,743,743,True,True,306988,35353000,115.161
gen_n900_rho0.3_correlated_seed4.pcf,900,748,748,True,True,390362,38758000,99.287
gen_n900_rho0.3_correlated_seed5.pcf,900,758,758,True,True,387553,39006000,100.647
gen_n900_rho0.3_correlated_seed6.pcf,900,747,747,True,True,272912,39944000,146.362
gen_n900_rho0.3_correlated_seed7.pcf,900,747,747,True,True,246893,38722000,156.837
gen_n900_rho0.3_correlated_seed8.pcf,900,735,735,True,True,291489,36709000,125.936
gen_n900_rho0.3_correlated_seed9.pcf,900,740,740,True,True,266258,38798000,145.716
gen_n900_rho0.3_exact-ties_seed0.pcf,900,135,135,True,True,541329,13119000,24.235
gen_n900_rho0.3_exact-ties_seed1.pcf,900,130,130,True,True,252975,11347000,44.854
gen_n900_rho0.3_exact-ties_seed2.pcf,900,148,148,True,True,470776,11986000,25.46
gen_n900_rho0.3_exact-ties_seed3.pcf,900,148,148,True,True,650441,11693000,17.977
gen_n900_rho0.3_exact-ties_seed4.pcf,900,128,128,True,True,447710,11929000,26.644
gen_n900_rho0.3_exact-ties_seed5.pcf,900,129,129,True,True,432566,12080000,27.926
gen_n900_rho0.3_exact-ties_seed6.pcf,900,136,136,True,True,354186,11671000,32.952
gen_n900_rho0.3_exact-ties_seed7.pcf,900,124,124,True,True,272647,12076000,44.292
gen_n900_rho0.3_exact-ties_seed8.pcf,900,145,145,True,True,504688,14925000,29.573
gen_n900_rho0.3_exact-ties_seed9.pcf,900,144,144,True,True,455912,13026000,28.571
gen_n900_rho0.3_independent-positive_seed0.pcf,900,754,754,True,True,292501,38861000,132.858
gen_n900_rho0.3_independent-positive_seed1.pcf,900,754,754,True,True,689111,42309000,61.396
gen_n900_rho0.3_independent-positive_seed2.pcf,900,759,759,True,True,263221,42225000,160.417
gen_n900_rho0.3_independent-positive_seed3.pcf,900,749,749,True,True,394908,39329000,99.59
gen_n900_rho0.3_independent-positive_seed4.pcf,900,755,755,True,True,412330,42514000,103.107
gen_n900_rho0.3_independent-positive_seed5.pcf,900,760,760,True,True,280742,37519000,133.642
gen_n900_rho0.3_independent-positive_seed6.pcf,900,764,764,True,True,403858,36691000,90.851
gen_n900_rho0.3_independent-positive_seed7.pcf,900,753,753,True,True,386384,37444000,96.909
gen_n900_rho0.3_independent-positive_seed8.pcf,900,754,754,True,True,274804,39272000,142.909
gen_n900_rho0.3_independent-positive_seed9.pcf,900,751,751,True,True,299823,37375000,124.657
gen_n900_rho0.3_independent-signed_seed0.pcf,900,757,757,True,True,276401,38075000,137.753
gen_n900_rho0.3_independent-signed_seed1.pcf,900,762,762,True,True,403313,37626000,93.292
gen_n900_rho0.3_independent-signed_seed2.pcf,900,773,773,True,True,262402,38838000,148.01
gen_n900_rho0.3_independent-signed_seed3.pcf,900,748,748,True,True,265135,38765000,146.209
gen_n900_rho0.3_independent-signed_seed4.pcf,900,759,759,True,True,406137,36290000,89.354
gen_n900_rho0.3_independent-signed_seed5.pcf,900,755,755,True,True,276285,39137000,141.654
gen_n900_rho0.3_independent-signed_seed6.pcf,900,773,773,True,True,410230,37537000,91.502
gen_n900_rho0.3_independent-signed_seed7.pcf,900,762,762,True,True,292643,42285000,144.493
gen_n900_rho0.3_independent-signed_seed8.pcf,900,762,762,True,True,401398,42606000,106.144
gen_n900_rho0.3_independent-signed_seed9.pcf,900,741,741,True,True,505929,40435000,79.922
gen_n900_rho0.3_near-ties_seed0.pcf,900,196,196,True,True,634689,14186000,22.351
gen_n900_rho0.3_near-ties_seed1.pcf,900,190,190,True,True,262507,19401000,73.907
gen_n900_rho0.3_near-ties_seed2.pcf,900,186,186,True,True,774988,13086000,16.885
gen_n900_rho0.3_near-ties_seed3.pcf,900,195,195,True,True,247800,15090000,60.896
gen_n900_rho0.3_near-ties_seed4.pcf,900,194,194,True,True,276702,15098000,54.564
gen_n900_rho0.3_near-ties_seed5.pcf,900,195,195,True,True,897906,13783000,15.35
gen_n900_rho0.3_near-ties_seed6.pcf,900,197,197,True,True,324793,18027000,55.503
gen_n900_rho0.3_near-ties_seed7.pcf,900,186,186,True,True,468793,17172000,36.63
gen_n900_rho0.3_near-ties_seed8.pcf,900,196,196,True,True,924175,14361000,15.539
gen_n900_rho0.3_near-ties_seed9.pcf,900,194,194,True,True,478420,12640000,26.42
gen_n900_rho0.6_anti-correlated_seed0.pcf,900,641,641,True,True,464046,36500000,78.656
gen_n900_rho0.6_anti-correlated_seed1.pcf,900,637,637,True,True,512759,33055000,64.465
gen_n900_rho0.6_anti-correlated_seed2.pcf,900,620,620,True,True,721152,34571000,47.939
gen_n900_rho0.6_anti-correlated_seed3.pcf,900,620,620,True,True,566061,34897000,61.649
gen_n900_rho0.6_anti-correlated_seed4.pcf,900,636,636,True,True,704695,36221000,51.4
gen_n900_rho0.6_anti-correlated_seed5.pcf,900,622,622,True,True,486893,35246000,72.39
gen_n900_rho0.6_anti-correlated_seed6.pcf,900,624,624,True,True,587605,35699000,60.753
gen_n900_rho0.6_anti-correlated_seed7.pcf,900,625,625,True,True,505022,36149000,71.579
gen_n900_rho0.6_anti-correlated_seed8.pcf,900,637,637,True,True,486635,35699000,73.359
gen_n900_rho0.6_anti-correlated_seed9.pcf,900,643,643,True,True,473825,36563000,77.166
gen_n900_rho0.6_correlated_seed0.pcf,900,635,635,True,True,687036,35792000,52.096
gen_n900_rho0.6_correlated_seed1.pcf,900,643,643,True,True,474183,36386000,76.734
gen_n900_rho0.6_correlated_seed2.pcf,900,619,619,True,True,703977,35021000,49.747
gen_n900_rho0.6_correlated_seed3.pcf,900,606,606,True,True,536140,33835000,63.109
gen_n900_rho0.6_correlated_seed4.pcf,900,620,620,True,True,461339,35086000,76.053
gen_n900_rho0.6_correlated_seed5.pcf,900,618,618,True,True,693574,36985000,53.325
gen_n900_rho0.6_correlated_seed6.pcf,900,619,619,True,True,503742,33369999,66.244
gen_n900_rho0.6_correlated_seed7.pcf,900,631,631,True,True,1055726,37295000,35.326
gen_n900_rho0.6_correlated_seed8.pcf,900,618,618,True,True,508077,34469000,67.842
gen_n900_rho0.6_correlated_seed9.pcf,900,621,621,True,True,503653,34488000,68.476
gen_n900_rho0.6_exact-ties_seed0.pcf,900,188,188,True,True,967618,16211000,16.754
gen_n900_rho0.6_exact-ties_seed1.pcf,900,198,198,True,True,684470,15360000,22.441
gen_n900_rho0.6_exact-ties_seed2.pcf,900,170,170,True,True,460477,17984000,39.055
gen_n900_rho0.6_exact-ties_seed3.pcf,900,177,177,True,True,781822,15755000,20.152
gen_n900_rho0.6_exact-ties_seed4.pcf,900,181,181,True,True,471856,14659000,31.067
gen_n900_rho0.6_exact-ties_seed5.pcf,900,169,169,True,True,944712,12932000,13.689
gen_n900_rho0.6_exact-ties_seed6.pcf,900,187,187,True,True,513352,13452000,26.204
gen_n900_rho0.6_exact-ties_seed7.pcf,900,182,182,True,True,526113,14995000,28.501
gen_n900_rho0.6_exact-ties_seed8.pcf,900,168,168,True,True,890693,12588000,14.133
gen_n900_rho0.6_exact-ties_seed9.pcf,900,179,179,True,True,662871,15670000,23.64
gen_n900_rho0.6_independent-positive_seed0.pcf,900,637,637,True,True,1096750,35762000,32.607
gen_n900_rho0.6_independent-positive_seed1.pcf,900,614,614,True,True,554271,33867000,61.102
gen_n900_rho0.6_independent-positive_seed2.pcf,900,627,627,True,True,488380,35350000,72.382
gen_n900_rho0.6_independent-positive_seed3.pcf,900,610,610,True,True,515433,32818000,63.671
gen_n900_rho0.6_independent-positive_seed4.pcf,900,643,643,True,True,574979,34527000,60.049
gen_n900_rho0.6_independent-positive_seed5.pcf,900,661,661,True,True,482457,35545000,73.675
gen_n900_rho0.6_independent-positive_seed6.pcf,900,634,634,True,True,765417,34430000,44.982
gen_n900_rho0.6_independent-positive_seed7.pcf,900,627,627,True,True,493772,35516000,71.928
gen_n900_rho0.6_independent-positive_seed8.pcf,900,621,621,True,True,603074,34302000,56.879
gen_n900_rho0.6_independent-positive_seed9.pcf,900,629,629,True,True,497066,35590000,71.6
gen_n900_rho0.6_independent-signed_seed0.pcf,900,657,657,True,True,532105,36481000,68.56
gen_n900_rho0.6_independent-signed_seed1.pcf,900,630,630,True,True,698259,36656000,52.496
gen_n900_rho0.6_independent-signed_seed2.pcf,900,626,626,True,True,492945,35016000,71.034
gen_n900_rho0.6_independent-signed_seed3.pcf,900,614,614,True,True,747417,35029000,46.867
gen_n900_rho0.6_independent-signed_seed4.pcf,900,620,620,True,True,510213,34278000,67.184
gen_n900_rho0.6_independent-signed_seed5.pcf,900,636,636,True,True,566461,36318000,64.114
gen_n900_rho0.6_independent-signed_seed6.pcf,900,615,615,True,True,527360,34371000,65.176
gen_n900_rho0.6_independent-signed_seed7.pcf,900,612,612,True,True,498820,33955000,68.071
gen_n900_rho0.6_independent-signed_seed8.pcf,900,616,616,True,True,599981,34469000,57.45
gen_n900_rho0.6_independent-signed_seed9.pcf,900,626,626,True,True,494244,34784000,70.378
gen_n900_rho0.6_near-ties_seed0.pcf,900,201,201,True,True,548282,14932000,27.234
gen_n900_rho0.6_near-ties_seed1.pcf,900,210,210,True,True,528863,16735000,31.643
gen_n900_rho0.6_near-ties_seed2.pcf,900,217,217,True,True,576699,13507000,23.421
gen_n900_rho0.6_near-ties_seed3.pcf,900,208,208,True,True,558198,13258000,23.751
gen_n900_rho0.6_near-ties_seed4.pcf,900,206,206,True,True,479392,12746000,26.588
gen_n900_rho0.6_near-ties_seed5.pcf,900,211,211,True,True,554883,13456000,24.25
gen_n900_rho0.6_near-ties_seed6.pcf,900,218,218,True,True,569273,14287000,25.097
gen_n900_rho0.6_near-ties_seed7.pcf,900,206,206,True,True,819254,17048000,20.809
gen_n900_rho0.6_near-ties_seed8.pcf,900,221,221,True,True,441398,15594000,35.329
gen_n900_rho0.6_near-ties_seed9.pcf,900,218,218,True,True,651895,15990000,24.528
gen_n900_rho0.9_anti-correlated_seed0.pcf,900,478,478,True,True,1228364,28078000,22.858
gen_n900_rho0.9_anti-correlated_seed1.pcf,900,495,495,True,True,1289435,28763000,22.307
gen_n900_rho0.9_anti-correlated_seed2.pcf,900,498,498,True,True,1520833,31187000,20.507
gen_n900_rho0.9_anti-correlated_seed3.pcf,900,507,507,True,True,1330896,30750000,23.105
gen_n900_rho0.9_anti-correlated_seed4.pcf,900,509,509,True,True,1089372,31042000,28.495
gen_n900_rho0.9_anti-correlated_seed5.pcf,900,474,474,True,True,1338122,28082000,20.986
gen_n900_rho0.9_anti-correlated_seed6.pcf,900,510,510,True,True,1208019,28344000,23.463
gen_n900_rho0.9_anti-correlated_seed7.pcf,900,488,488,True,True,1296696,33723000,26.007
gen_n900_rho0.9_anti-correlated_seed8.pcf,900,504,504,True,True,1097193,31399999,28.618
gen_n900_rho0.9_anti-correlated_seed9.pcf,900,487,487,True,True,1066639,30467000,28.564
gen_n900_rho0.9_correlated_seed0.pcf,900,485,485,True,True,1317118,28191000,21.404
gen_n900_rho0.9_correlated_seed1.pcf,900,519,519,True,True,963137,29225000,30.344
gen_n900_rho0.9_correlated_seed2.pcf,900,484,484,True,True,1045524,29089000,27.822
gen_n900_rho0.9_correlated_seed3.pcf,900,497,497,True,True,1515293,26685000,17.61
gen_n900_rho0.9_correlated_seed4.pcf,900,512,512,True,True,1093878,32443000,29.659
gen_n900_rho0.9_correlated_seed5.pcf,900,491,491,True,True,1292850,27985000,21.646
gen_n900_rho0.9_correlated_seed6.pcf,900,468,468,True,True,1217562,27085000,22.245
gen_n900_rho0.9_correlated_seed7.pcf,900,491,491,True,True,1204698,34995000,29.049
gen_n900_rho0.9_correlated_seed8.pcf,900,469,469,True,True,1143508,30789000,26.925
gen_n900_rho0.9_correlated_seed9.pcf,900,515,515,True,True,1023212,31121000,30.415
gen_n900_rho0.9_exact-ties_seed0.pcf,900,176,176,True,True,1226514,14694000,11.98
gen_n900_rho0.9_exact-ties_seed1.pcf,900,182,182,True,True,1812057,17491000,9.653
gen_n900_rho0.9_exact-ties_seed2.pcf,900,199,199,True,True,1315677,15869000,12.061
gen_n900_rho0.9_exact-ties_seed3.pcf,900,193,193,True,True,1215101,15524000,12.776
gen_n900_rho0.9_exact-ties_seed4.pcf,900,196,196,True,True,1286921,15899000,12.354
gen_n900_rho0.9_exact-ties_seed5.pcf,900,189,189,True,True,1338687,16634000,12.426
gen_n900_rho0.9_exact-ties_seed6.pcf,900,193,193,True,True,1020425,16599000,16.267
gen_n900_rho0.9_exact-ties_seed7.pcf,900,188,188,True,True,1524140,13792000,9.049
gen_n900_rho0.9_exact-ties_seed8.pcf,900,190,190,True,True,1404468,15656000,11.147
gen_n900_rho0.9_exact-ties_seed9.pcf,900,203,203,True,True,1665469,17531000,10.526
gen_n900_rho0.9_independent-positive_seed0.pcf,900,498,498,True,True,1196928,32648000,27.276
gen_n900_rho0.9_independent-positive_seed1.pcf,900,500,500,True,True,1496439,30437000,20.34
gen_n900_rho0.9_independent-positive_seed2.pcf,900,515,515,True,True,1452681,32028000,22.048
gen_n900_rho0.9_independent-positive_seed3.pcf,900,492,492,True,True,1199199,29671000,24.742
gen_n900_rho0.9_independent-positive_seed4.pcf,900,498,498,True,True,1376136,30998000,22.525
gen_n900_rho0.9_independent-positive_seed5.pcf,900,488,488,True,True,1317206,30747000,23.343
gen_n900_rho0.9_independent-positive_seed6.pcf,900,457,457,True,True,1261018,28141000,22.316
gen_n900_rho0.9_independent-positive_seed7.pcf,900,495,495,True,True,1560401,30589000,19.603
gen_n900_rho0.9_independent-positive_seed8.pcf,900,495,495,True,True,1020457,30739000,30.123
gen_n900_rho0.9_independent-positive_seed9.pcf,900,486,486,True,True,1081256,31322000,28.968
gen_n900_rho0.9_independent-signed_seed0.pcf,900,511,511,True,True,1113975,32179000,28.887
gen_n900_rho0.9_independent-signed_seed1.pcf,900,483,483,True,True,1703673,29286000,17.19
gen_n900_rho0.9_independent-signed_seed2.pcf,900,498,498,True,True,1461447,29063000,19.886
gen_n900_rho0.9_independent-signed_seed3.pcf,900,504,504,True,True,1627044,33159000,20.38
gen_n900_rho0.9_independent-signed_seed4.pcf,900,499,499,True,True,1025764,29776000,29.028
gen_n900_rho0.9_independent-signed_seed5.pcf,900,481,481,True,True,1305147,29313000,22.46
gen_n900_rho0.9_independent-signed_seed6.pcf,900,467,467,True,True,1548551,28397000,18.338
gen_n900_rho0.9_independent-signed_seed7.pcf,900,476,476,True,True,1644688,30652000,18.637
gen_n900_rho0.9_independent-signed_seed8.pcf,900,504,504,True,True,984861,28178000,28.611
gen_n900_rho0.9_independent-signed_seed9.pcf,900,505,505,True,True,1135984,32221000,28.364
gen_n900_rho0.9_near-ties_seed0.pcf,900,211,211,True,True,1244412,17157000,13.787
gen_n900_rho0.9_near-ties_seed1.pcf,900,214,214,True,True,1627137,15485000,9.517
gen_n900_rho0.9_near-ties_seed2.pcf,900,214,214,True,True,1722021,16822000,9.769
gen_n900_rho0.9_near-ties_seed3.pcf,900,201,201,True,True,1308110,15772000,12.057
gen_n900_rho0.9_near-ties_seed4.pcf,900,220,220,True,True,1494311,15720000,10.52
gen_n900_rho0.9_near-ties_seed5.pcf,900,213,213,True,True,1162130,17734000,15.26
gen_n900_rho0.9_near-ties_seed6.pcf,900,217,217,True,True,1070738,14391000,13.44
gen_n900_rho0.9_near-ties_seed7.pcf,900,216,216,True,True,1140817,14494000,12.705
gen_n900_rho0.9_near-ties_seed8.pcf,900,219,219,True,True,1090518,14608000,13.395
gen_n900_rho0.9_near-ties_seed9.pcf,900,213,213,True,True,1117982,14907000,13.334
gen_n900_rho1.0_anti-correlated_seed0.pcf,900,457,457,True,True,1776053,28392000,15.986
gen_n900_rho1.0_anti-correlated_seed1.pcf,900,441,441,True,True,1483925,27074000,18.245
gen_n900_rho1.0_anti-correlated_seed2.pcf,900,470,470,True,True,2340147,27097000,11.579
gen_n900_rho1.0_anti-correlated_seed3.pcf,900,443,443,True,True,2461897,28467000,11.563
gen_n900_rho1.0_anti-correlated_seed4.pcf,900,429,429,True,True,1373161,26041000,18.964
gen_n900_rho1.0_anti-correlated_seed5.pcf,900,470,470,True,True,1392771,28629000,20.555
gen_n900_rho1.0_anti-correlated_seed6.pcf,900,445,445,True,True,1818770,29674000,16.315
gen_n900_rho1.0_anti-correlated_seed7.pcf,900,444,444,True,True,1919818,26932000,14.028
gen_n900_rho1.0_anti-correlated_seed8.pcf,900,440,440,True,True,1793639,32398000,18.063
gen_n900_rho1.0_anti-correlated_seed9.pcf,900,438,438,True,True,1345140,26308000,19.558
gen_n900_rho1.0_correlated_seed0.pcf,900,427,427,True,True,1643783,28848000,17.55
gen_n900_rho1.0_correlated_seed1.pcf,900,453,453,True,True,1967934,28093000,14.275
gen_n900_rho1.0_correlated_seed2.pcf,900,451,451,True,True,2048594,28423000,13.874
gen_n900_rho1.0_correlated_seed3.pcf,900,433,433,True,True,1688453,27898000,16.523
gen_n900_rho1.0_correlated_seed4.pcf,900,458,458,True,True,1358870,26955000,19.836
gen_n900_rho1.0_correlated_seed5.pcf,900,465,465,True,True,1420359,28935000,20.372
gen_n900_rho1.0_correlated_seed6.pcf,900,439,439,True,True,2068502,27473000,13.282
gen_n900_rho1.0_correlated_seed7.pcf,900,446,446,True,True,1404411,31624000,22.518
gen_n900_rho1.0_correlated_seed8.pcf,900,470,470,True,True,1976105,29438000,14.897
gen_n900_rho1.0_correlated_seed9.pcf,900,428,428,True,True,1338396,26449000,19.762
gen_n900_rho1.0_exact-ties_seed0.pcf,900,177,177,True,True,1772790,14931000,8.422
gen_n900_rho1.0_exact-ties_seed1.pcf,900,164,164,True,True,2093410,14669000,7.007
gen_n900_rho1.0_exact-ties_seed2.pcf,900,189,189,True,True,1875955,14535000,7.748
gen_n900_rho1.0_exact-ties_seed3.pcf,900,191,191,True,True,2322693,14086000,6.065
gen_n900_rho1.0_exact-ties_seed4.pcf,900,182,182,True,True,1582330,16336000,10.324
gen_n900_rho1.0_exact-ties_seed5.pcf,900,169,169,True,True,1772190,14145000,7.982
gen_n900_rho1.0_exact-ties_seed6.pcf,900,171,171,True,True,1501691,14446000,9.62
gen_n900_rho1.0_exact-ties_seed7.pcf,900,191,191,True,True,1941367,18987000,9.78
gen_n900_rho1.0_exact-ties_seed8.pcf,900,186,186,True,True,2616490,17730000,6.776
gen_n900_rho1.0_exact-ties_seed9.pcf,900,184,184,True,True,1557174,19003000,12.204
gen_n900_rho1.0_independent-positive_seed0.pcf,900,464,464,True,True,2118517,29730000,14.033
gen_n900_rho1.0_independent-positive_seed1.pcf,900,415,415,True,True,1889696,29415000,15.566
gen_n900_rho1.0_independent-positive_seed2.pcf,900,475,475,True,True,2727407,30212000,11.077
gen_n900_rho1.0_independent-positive_seed3.pcf,900,478,478,True,True,1913586,30264000,15.815
gen_n900_rho1.0_independent-positive_seed4.pcf,900,435,435,True,True,1523630,26783000,17.578
gen_n900_rho1.0_independent-positive_seed5.pcf,900,456,456,True,True,2471888,25943000,10.495
gen_n900_rho1.0_independent-positive_seed6.pcf,900,468,468,True,True,2119008,28365000,13.386
gen_n900_rho1.0_independent-positive_seed7.pcf,900,429,429,True,True,2552723,27556000,10.795
gen_n900_rho1.0_independent-positive_seed8.pcf,900,453,453,True,True,1864357,30498000,16.358
gen_n900_rho1.0_independent-positive_seed9.pcf,900,462,462,True,True,1632715,33215000,20.343
gen_n900_rho1.0_independent-signed_seed0.pcf,900,484,484,True,True,1419191,30108000,21.215
gen_n900_rho1.0_independent-signed_seed1.pcf,900,424,424,True,True,1844501,26756000,14.506
gen_n900_rho1.0_independent-signed_seed2.pcf,900,457,457,True,True,1452383,31017000,21.356
gen_n900_rho1.0_independent-signed_seed3.pcf,900,465,465,True,True,1688825,28649000,16.964
gen_n900_rho1.0_independent-signed_seed4.pcf,900,452,452,True,True,1410970,27944000,19.805
gen_n900_rho1.0_independent-signed_seed5.pcf,900,464,464,True,True,1555498,27680000,17.795
gen_n900_rho1.0_independent-signed_seed6.pcf,900,469,469,True,True,1936031,29015000,14.987
gen_n900_rho1.0_independent-signed_seed7.pcf,900,427,427,True,True,2177888,29372000,13.486
gen_n900_rho1.0_independent-signed_seed8.pcf,900,431,431,True,True,2854958,24809000,8.69
gen_n900_rho1.0_independent-signed_seed9.pcf,900,448,448,True,True,1388181,28796000,20.744
gen_n900_rho1.0_near-ties_seed0.pcf,900,211,211,True,True,1626112,15650000,9.624
gen_n900_rho1.0_near-ties_seed1.pcf,900,211,211,True,True,1502304,16347000,10.881
gen_n900_rho1.0_near-ties_seed2.pcf,900,226,226,True,True,1355244,15739000,11.613
gen_n900_rho1.0_near-ties_seed3.pcf,900,205,205,True,True,1789312,16334000,9.129
gen_n900_rho1.0_near-ties_seed4.pcf,900,208,208,True,True,1655616,16396999,9.904
gen_n900_rho1.0_near-ties_seed5.pcf,900,211,211,True,True,1513962,16159000,10.673
gen_n900_rho1.0_near-ties_seed6.pcf,900,203,203,True,True,2060675,16572000,8.042
gen_n900_rho1.0_near-ties_seed7.pcf,900,212,212,True,True,1960130,16970000,8.658
gen_n900_rho1.0_near-ties_seed8.pcf,900,206,206,True,True,1619998,16847000,10.399
gen_n900_rho1.0_near-ties_seed9.pcf,900,201,201,True,True,1514684,17169000,11.335
