campaign_id,instance,algorithm,repetition,order,elapsed_ns,n_layers,n_breakpoints,sequence_hash,peak_rss_kib,git_commit,timestamp_utc,n_nodes,n_arcs,n_components,rac_clusters,rac_joins,rac_internalizations,rac_envelope_sum_calls,rac_envelope_max_calls,rac_hull_calls,rac_lines_scanned,rac_line_comparisons,rac_rational_comparisons,rac_pieces_stored,rac_topdown_events,rac_topdown_scans,rac_expanded_vertices,rac_expanded_edges,rac_rounds,rac_max_cluster_depth,rac_estimated_bytes
campaign_d_path,path_n100000_anti-correlated_seed0.pcf,dhfma,0,0,183962888,45394,45393,4108392315059424238,36560,23f703aa3bc9,2026-08-28T16:53:28Z,100000,99999,1,,,,,,,,,,,,,,,,,
campaign_d_path,path_n100000_anti-correlated_seed0.pcf,dhfma,1,0,184153971,45394,45393,4108392315059424238,36560,23f703aa3bc9,2026-08-28T16:53:28Z,100000,99999,1,,,,,,,,,,,,,,,,,
campaign_d_path,path_n100000_anti-correlated_seed0.pcf,dhfma,2,0,180463311,45394,45393,4108392315059424238,36560,23f703aa3bc9,2026-08-28T16:53:28Z,100000,99999,1,,,,,,,,,,,,,,,,,
campaign_d_path,path_n100000_anti-correlated_seed1.pcf,dhfma,0,0,177092584,45350,45349,5754590666759452706,35600,23f703aa3bc9,2026-08-28T16:53:28Z,100000,99999,1,,,,,,,,,,,,,,,,,
campaign_d_path,path_n100000_anti-correlated_seed1.pcf,dhfma,1,0,169560747,45350,45349,5754590666759452706,37556,23f703aa3bc9,2026-08-28T16:53:28Z,100000,99999,1,,,,,,,,,,,,,,,,,
campaign_d_path,path_n100000_anti-correlated_seed1.pcf,dhfma,2,0,180868517,45350,45349,5754590666759452706,37556,23f703aa3bc9,2026-08-28T16:53:29Z,100000,99999,1,,,,,,,,,,,,,,,,,
campaign_d_path,path_n100000_anti-correlated_seed2.pcf,dhfma,0,0,179225451,45270,45269,14337181762998696504,35604,23f703aa3bc9,2026-08-28T16:53:29Z,100000,99999,1,,,,,,,,,,,,,,,,,
campaign_d_path,path_n100000_anti-correlated_seed2.pcf,dhfma,1,0,171283952,45270,45269,14337181762998696504,36752,23f703aa3bc9,2026-08-28T16:53:29Z,100000,99999,1,,,,,,,,,,,,,,,,,
campaign_d_path,path_n100000_anti-correlated_seed2.pcf,dhfma,2,0,174257768,45270,45269,14337181762998696504,36752,23f703aa3bc9,2026-08-28T16:53:29Z,100000,99999,1,,,,,,,,,,,,,,,,,
campaign_d_path,path_n100000_anti-correlated_seed3.pcf,dhfma,0,0,173851799,45086,45085,6340025971173656256,35288,23f703aa3bc9,2026-08-28T16:53:29Z,100000,99999,1,,,,,,,,,,,,,,,,,
campaign_d_path,path_n100000_anti-correlated_seed3.pcf,dhfma,1,0,184677085,45086,45085,6340025971173656256,37512,23f703aa3bc9,2026-08-28T16:53:30Z,100000,99999,1,,,,,,,,,,,,,,,,,
campaign_d_path,path_n100000_anti-correlated_seed3.pcf,dhfma,2,0,183232367,45086,45085,6340025971173656256,37512,23f703aa3bc9,2026-08-28T16:53:30Z,100000,99999,1,,,,,,,,,,,,,,,,,
campaign_d_path,path_n100000_anti-correlated_seed4.pcf,dhfma,0,0,183129808,44901,44900,16000064532816054800,35284,23f703aa3bc9,2026-08-28T16:53:30Z,100000,99999,1,,,,,,,,,,,,,,,,,
campaign_d_path,path_n100000_anti-correlated_seed4.pcf,dhfma,1,0,181294355,44901,44900,16000064532816054800,36564,23f703aa3bc9,2026-08-28T16:53:30Z,100000,99999,1,,,,,,,,,,,,,,,,,
campaign_d_path,path_n100000_anti-correlated_seed4.pcf,dhfma,2,0,176163364,44901,44900,16000064532816054800,36616,23f703aa3bc9,2026-08-28T16:53:30Z,100000,99999,1,,,,,,,,,,,,,,,,,
campaign_d_path,path_n100000_anti-correlated_seed5.pcf,dhfma,0,0,178202448,45001,45000,7231699708538792682,35280,23f703aa3bc9,2026-08-28T16:53:31Z,100000,99999,1,,,,,,,,,,,,,,,,,
campaign_d_path,path_n100000_anti-correlated_seed5.pcf,dhfma,1,0,171288933,45001,45000,7231699708538792682,37972,23f703aa3bc9,2026-08-28T16:53:31Z,100000,99999,1,,,,,,,,,,,,,,,,,
campaign_d_path,path_n100000_anti-correlated_seed5.pcf,dhfma,2,0,168520850,45001,45000,7231699708538792682,37972,23f703aa3bc9,2026-08-28T16:53:31Z,100000,99999,1,,,,,,,,,,,,,,,,,
campaign_d_path,path_n100000_anti-correlated_seed6.pcf,dhfma,0,0,183098724,45349,45348,2328750319532597714,36556,23f703aa3bc9,2026-08-28T16:53:31Z,100000,99999,1,,,,,,,,,,,,,,,,,
campaign_d_path,path_n100000_anti-correlated_seed6.pcf,dhfma,1,0,179815866,45349,45348,2328750319532597714,36556,23f703aa3bc9,2026-08-28T16:53:31Z,100000,99999,1,,,,,,,,,,,,,,,,,
campaign_d_path,path_n100000_anti-correlated_seed6.pcf,dhfma,2,0,183393134,45349,45348,2328750319532597714,36556,23f703aa3bc9,2026-08-28T16:53:31Z,100000,99999,1,,,,,,,,,,,,,,,,,
campaign_d_path,path_n100000_anti-correlated_seed7.pcf,dhfma,0,0,183232222,44913,44912,7601856472367264317,35280,23f703aa3bc9,2026-08-28T16:53:32Z,100000,99999,1,,,,,,,,,,,,,,,,,
campaign_d_path,path_n100000_anti-correlated_seed7.pcf,dhfma,1,0,168924469,44913,44912,7601856472367264317,37956,23f703aa3bc9,2026-08-28T16:53:32Z,100000,99999,1,,,,,,,,,,,,,,,,,
campaign_d_path,path_n100000_anti-correlated_seed7.pcf,dhfma,2,0,160295656,44913,44912,7601856472367264317,37956,23f703aa3bc9,2026-08-28T16:53:32Z,100000,99999,1,,,,,,,,,,,,,,,,,
campaign_d_path,path_n100000_anti-correlated_seed8.pcf,dhfma,0,0,175742586,45171,45170,15127461546961595979,35448,23f703aa3bc9,2026-08-28T16:53:32Z,100000,99999,1,,,,,,,,,,,,,,,,,
campaign_d_path,path_n100000_anti-correlated_seed8.pcf,dhfma,1,0,171903796,45171,45170,15127461546961595979,36728,23f703aa3bc9,2026-08-28T16:53:32Z,100000,99999,1,,,,,,,,,,,,,,,,,
campaign_d_path,path_n100000_anti-correlated_seed8.pcf,dhfma,2,0,169313919,45171,45170,15127461546961595979,36728,23f703aa3bc9,2026-08-28T16:53:33Z,100000,99999,1,,,,,,,,,,,,,,,,,
campaign_d_path,path_n100000_anti-correlated_seed9.pcf,dhfma,0,0,176760546,45289,45288,7324234906178655919,35596,23f703aa3bc9,2026-08-28T16:53:33Z,100000,99999,1,,,,,,,,,,,,,,,,,
campaign_d_path,path_n100000_anti-correlated_seed9.pcf,dhfma,1,0,168964828,45289,45288,7324234906178655919,36268,23f703aa3bc9,2026-08-28T16:53:33Z,100000,99999,1,,,,,,,,,,,,,,,,,
campaign_d_path,path_n100000_anti-correlated_seed9.pcf,dhfma,2,0,172180088,45289,45288,7324234906178655919,37628,23f703aa3bc9,2026-08-28T16:53:33Z,100000,99999,1,,,,,,,,,,,,,,,,,
campaign_d_path,path_n100000_correlated_seed0.pcf,dhfma,0,0,171172838,36377,36376,799971093272712337,34800,23f703aa3bc9,2026-08-28T16:53:33Z,100000,99999,1,,,,,,,,,,,,,,,,,
campaign_d_path,path_n100000_correlated_seed0.pcf,dhfma,1,0,171355166,36377,36376,799971093272712337,36244,23f703aa3bc9,2026-08-28T16:53:34Z,100000,99999,1,,,,,,,,,,,,,,,,,
campaign_d_path,path_n100000_correlated_seed0.pcf,dhfma,2,0,167340136,36377,36376,799971093272712337,36252,23f703aa3bc9,2026-08-28T16:53:34Z,100000,99999,1,,,,,,,,,,,,,,,,,
campaign_d_path,path_n100000_correlated_seed1.pcf,dhfma,0,0,172814330,36451,36450,8823003271229098733,34160,23f703aa3bc9,2026-08-28T16:53:34Z,100000,99999,1,,,,,,,,,,,,,,,,,
campaign_d_path,path_n100000_correlated_seed1.pcf,dhfma,1,0,171100545,36451,36450,8823003271229098733,36228,23f703aa3bc9,2026-08-28T16:53:34Z,100000,99999,1,,,,,,,,,,,,,,,,,
campaign_d_path,path_n100000_correlated_seed1.pcf,dhfma,2,0,173110094,36451,36450,8823003271229098733,36244,23f703aa3bc9,2026-08-28T16:53:34Z,100000,99999,1,,,,,,,,,,,,,,,,,
campaign_d_path,path_n100000_correlated_seed2.pcf,dhfma,0,0,175562264,36410,36409,17416989080257896034,34164,23f703aa3bc9,2026-08-28T16:53:35Z,100000,99999,1,,,,,,,,,,,,,,,,,
campaign_d_path,path_n100000_correlated_seed2.pcf,dhfma,1,0,170152876,36410,36409,17416989080257896034,36224,23f703aa3bc9,2026-08-28T16:53:35Z,100000,99999,1,,,,,,,,,,,,,,,,,
campaign_d_path,path_n100000_correlated_seed2.pcf,dhfma,2,0,174237152,36410,36409,17416989080257896034,36728,23f703aa3bc9,2026-08-28T16:53:35Z,100000,99999,1,,,,,,,,,,,,,,,,,
campaign_d_path,path_n100000_correlated_seed3.pcf,dhfma,0,0,180143971,36359,36358,5678590777556470504,33844,23f703aa3bc9,2026-08-28T16:53:35Z,100000,99999,1,,,,,,,,,,,,,,,,,
campaign_d_path,path_n100000_correlated_seed3.pcf,dhfma,1,0,167823376,36359,36358,5678590777556470504,35680,23f703aa3bc9,2026-08-28T16:53:35Z,100000,99999,1,,,,,,,,,,,,,,,,,
campaign_d_path,path_n100000_correlated_seed3.pcf,dhfma,2,0,171848583,36359,36358,5678590777556470504,36964,23f703aa3bc9,2026-08-28T16:53:35Z,100000,99999,1,,,,,,,,,,,,,,,,,
campaign_d_path,path_n100000_correlated_seed4.pcf,dhfma,0,0,174457136,36382,36381,10985070895047353298,34168,23f703aa3bc9,2026-08-28T16:53:36Z,100000,99999,1,,,,,,,,,,,,,,,,,
campaign_d_path,path_n100000_correlated_seed4.pcf,dhfma,1,0,165918452,36382,36381,10985070895047353298,36228,23f703aa3bc9,2026-08-28T16:53:36Z,100000,99999,1,,,,,,,,,,,,,,,,,
campaign_d_path,path_n100000_correlated_seed4.pcf,dhfma,2,0,167031491,36382,36381,10985070895047353298,36228,23f703aa3bc9,2026-08-28T16:53:36Z,100000,99999,1,,,,,,,,,,,,,,,,,
campaign_d_path,path_n100000_correlated_seed5.pcf,dhfma,0,0,172725768,36251,36250,1300129234141840215,34644,23f703aa3bc9,2026-08-28T16:53:36Z,100000,99999,1,,,,,,,,,,,,,,,,,
campaign_d_path,path_n100000_correlated_seed5.pcf,dhfma,1,0,165992121,36251,36250,1300129234141840215,36696,23f703aa3bc9,2026-08-28T16:53:36Z,100000,99999,1,,,,,,,,,,,,,,,,,
campaign_d_path,path_n100000_correlated_seed5.pcf,dhfma,2,0,166810422,36251,36250,1300129234141840215,36696,23f703aa3bc9,2026-08-28T16:53:37Z,100000,99999,1,,,,,,,,,,,,,,,,,
campaign_d_path,path_n100000_correlated_seed6.pcf,dhfma,0,0,171977308,36557,36556,338561988683374806,34956,23f703aa3bc9,2026-08-28T16:53:37Z,100000,99999,1,,,,,,,,,,,,,,,,,
campaign_d_path,path_n100000_correlated_seed6.pcf,dhfma,1,0,165580446,36557,36556,338561988683374806,35440,23f703aa3bc9,2026-08-28T16:53:37Z,100000,99999,1,,,,,,,,,,,,,,,,,
campaign_d_path,path_n100000_correlated_seed6.pcf,dhfma,2,0,170601068,36557,36556,338561988683374806,35440,23f703aa3bc9,2026-08-28T16:53:37Z,100000,99999,1,,,,,,,,,,,,,,,,,
campaign_d_path,path_n100000_correlated_seed7.pcf,dhfma,0,0,177731922,36546,36545,16385850427084631026,33840,23f703aa3bc9,2026-08-28T16:53:37Z,100000,99999,1,,,,,,,,,,,,,,,,,
campaign_d_path,path_n100000_correlated_seed7.pcf,dhfma,1,0,172423536,36546,36545,16385850427084631026,36824,23f703aa3bc9,2026-08-28T16:53:38Z,100000,99999,1,,,,,,,,,,,,,,,,,
campaign_d_path,path_n100000_correlated_seed7.pcf,dhfma,2,0,173398482,36546,36545,16385850427084631026,36824,23f703aa3bc9,2026-08-28T16:53:38Z,100000,99999,1,,,,,,,,,,,,,,,,,
campaign_d_path,path_n100000_correlated_seed8.pcf,dhfma,0,0,180026685,36461,36460,11742505768609493313,34960,23f703aa3bc9,2026-08-28T16:53:38Z,100000,99999,1,,,,,,,,,,,,,,,,,
campaign_d_path,path_n100000_correlated_seed8.pcf,dhfma,1,0,171610530,36461,36460,11742505768609493313,35456,23f703aa3bc9,2026-08-28T16:53:38Z,100000,99999,1,,,,,,,,,,,,,,,,,
campaign_d_path,path_n100000_correlated_seed8.pcf,dhfma,2,0,175626890,36461,36460,11742505768609493313,36864,23f703aa3bc9,2026-08-28T16:53:38Z,100000,99999,1,,,,,,,,,,,,,,,,,
campaign_d_path,path_n100000_correlated_seed9.pcf,dhfma,0,0,183466603,36300,36299,4525072906955518375,34160,23f703aa3bc9,2026-08-28T16:53:39Z,100000,99999,1,,,,,,,,,,,,,,,,,
campaign_d_path,path_n100000_correlated_seed9.pcf,dhfma,1,0,158986737,36300,36299,4525072906955518375,36692,23f703aa3bc9,2026-08-28T16:53:39Z,100000,99999,1,,,,,,,,,,,,,,,,,
campaign_d_path,path_n100000_correlated_seed9.pcf,dhfma,2,0,166742672,36300,36299,4525072906955518375,36720,23f703aa3bc9,2026-08-28T16:53:39Z,100000,99999,1,,,,,,,,,,,,,,,,,
campaign_d_path,path_n100000_exact-ties_seed0.pcf,dhfma,0,0,161342024,22520,22519,1357565532830566471,31280,23f703aa3bc9,2026-08-28T16:53:39Z,100000,99999,1,,,,,,,,,,,,,,,,,
campaign_d_path,path_n100000_exact-ties_seed0.pcf,dhfma,1,0,158489251,22520,22519,1357565532830566471,33500,23f703aa3bc9,2026-08-28T16:53:39Z,100000,99999,1,,,,,,,,,,,,,,,,,
campaign_d_path,path_n100000_exact-ties_seed0.pcf,dhfma,2,0,159320120,22520,22519,1357565532830566471,33500,23f703aa3bc9,2026-08-28T16:53:39Z,100000,99999,1,,,,,,,,,,,,,,,,,
campaign_d_path,path_n100000_exact-ties_seed1.pcf,dhfma,0,0,170132197,22428,22427,16326203810778770451,31280,23f703aa3bc9,2026-08-28T16:53:40Z,100000,99999,1,,,,,,,,,,,,,,,,,
campaign_d_path,path_n100000_exact-ties_seed1.pcf,dhfma,1,0,166923665,22428,22427,16326203810778770451,33488,23f703aa3bc9,2026-08-28T16:53:40Z,100000,99999,1,,,,,,,,,,,,,,,,,
campaign_d_path,path_n100000_exact-ties_seed1.pcf,dhfma,2,0,165798868,22428,22427,16326203810778770451,34180,23f703aa3bc9,2026-08-28T16:53:40Z,100000,99999,1,,,,,,,,,,,,,,,,,
campaign_d_path,path_n100000_exact-ties_seed2.pcf,dhfma,0,0,170512632,22428,22427,17926501991965716579,30960,23f703aa3bc9,2026-08-28T16:53:40Z,100000,99999,1,,,,,,,,,,,,,,,,,
campaign_d_path,path_n100000_exact-ties_seed2.pcf,dhfma,1,0,167033484,22428,22427,17926501991965716579,33472,23f703aa3bc9,2026-08-28T16:53:40Z,100000,99999,1,,,,,,,,,,,,,,,,,
campaign_d_path,path_n100000_exact-ties_seed2.pcf,dhfma,2,0,166379755,22428,22427,17926501991965716579,33572,23f703aa3bc9,2026-08-28T16:53:40Z,100000,99999,1,,,,,,,,,,,,,,,,,
campaign_d_path,path_n100000_exact-ties_seed3.pcf,dhfma,0,0,169673208,22583,22582,16247151645080293912,31280,23f703aa3bc9,2026-08-28T16:53:41Z,100000,99999,1,,,,,,,,,,,,,,,,,
campaign_d_path,path_n100000_exact-ties_seed3.pcf,dhfma,1,0,166881963,22583,22582,16247151645080293912,33488,23f703aa3bc9,2026-08-28T16:53:41Z,100000,99999,1,,,,,,,,,,,,,,,,,
campaign_d_path,path_n100000_exact-ties_seed3.pcf,dhfma,2,0,167078902,22583,22582,16247151645080293912,34324,23f703aa3bc9,2026-08-28T16:53:41Z,100000,99999,1,,,,,,,,,,,,,,,,,
campaign_d_path,path_n100000_exact-ties_seed4.pcf,dhfma,0,0,164370641,22584,22583,11240274574981779742,30960,23f703aa3bc9,2026-08-28T16:53:41Z,100000,99999,1,,,,,,,,,,,,,,,,,
campaign_d_path,path_n100000_exact-ties_seed4.pcf,dhfma,1,0,156975140,22584,22583,11240274574981779742,32728,23f703aa3bc9,2026-08-28T16:53:41Z,100000,99999,1,,,,,,,,,,,,,,,,,
campaign_d_path,path_n100000_exact-ties_seed4.pcf,dhfma,2,0,160291703,22584,22583,11240274574981779742,33452,23f703aa3bc9,2026-08-28T16:53:42Z,100000,99999,1,,,,,,,,,,,,,,,,,
campaign_d_path,path_n100000_exact-ties_seed5.pcf,dhfma,0,0,161397995,22774,22773,5112236294191074067,31280,23f703aa3bc9,2026-08-28T16:53:42Z,100000,99999,1,,,,,,,,,,,,,,,,,
campaign_d_path,path_n100000_exact-ties_seed5.pcf,dhfma,1,0,156931252,22774,22773,5112236294191074067,33512,23f703aa3bc9,2026-08-28T16:53:42Z,100000,99999,1,,,,,,,,,,,,,,,,,
campaign_d_path,path_n100000_exact-ties_seed5.pcf,dhfma,2,0,160252232,22774,22773,5112236294191074067,33512,23f703aa3bc9,2026-08-28T16:53:42Z,100000,99999,1,,,,,,,,,,,,,,,,,
campaign_d_path,path_n100000_exact-ties_seed6.pcf,dhfma,0,0,161714513,22745,22744,10194663787722996095,31284,23f703aa3bc9,2026-08-28T16:53:42Z,100000,99999,1,,,,,,,,,,,,,,,,,
campaign_d_path,path_n100000_exact-ties_seed6.pcf,dhfma,1,0,162214545,22745,22744,10194663787722996095,33508,23f703aa3bc9,2026-08-28T16:53:42Z,100000,99999,1,,,,,,,,,,,,,,,,,
campaign_d_path,path_n100000_exact-ties_seed6.pcf,dhfma,2,0,166312300,22745,22744,10194663787722996095,34324,23f703aa3bc9,2026-08-28T16:53:43Z,100000,99999,1,,,,,,,,,,,,,,,,,
campaign_d_path,path_n100000_exact-ties_seed7.pcf,dhfma,0,0,169625097,22682,22681,14737019705457992498,31120,23f703aa3bc9,2026-08-28T16:53:43Z,100000,99999,1,,,,,,,,,,,,,,,,,
campaign_d_path,path_n100000_exact-ties_seed7.pcf,dhfma,1,0,166928893,22682,22681,14737019705457992498,33532,23f703aa3bc9,2026-08-28T16:53:43Z,100000,99999,1,,,,,,,,,,,,,,,,,
campaign_d_path,path_n100000_exact-ties_seed7.pcf,dhfma,2,0,167627786,22682,22681,14737019705457992498,33532,23f703aa3bc9,2026-08-28T16:53:43Z,100000,99999,1,,,,,,,,,,,,,,,,,
campaign_d_path,path_n100000_exact-ties_seed8.pcf,dhfma,0,0,163124656,22644,22643,2932296571835683474,30804,23f703aa3bc9,2026-08-28T16:53:43Z,100000,99999,1,,,,,,,,,,,,,,,,,
campaign_d_path,path_n100000_exact-ties_seed8.pcf,dhfma,1,0,157957724,22644,22643,2932296571835683474,33532,23f703aa3bc9,2026-08-28T16:53:44Z,100000,99999,1,,,,,,,,,,,,,,,,,
campaign_d_path,path_n100000_exact-ties_seed8.pcf,dhfma,2,0,158446071,22644,22643,2932296571835683474,33532,23f703aa3bc9,2026-08-28T16:53:44Z,100000,99999,1,,,,,,,,,,,,,,,,,
campaign_d_path,path_n100000_exact-ties_seed9.pcf,dhfma,0,0,162986296,22565,22564,17509461118662533871,31284,23f703aa3bc9,2026-08-28T16:53:44Z,100000,99999,1,,,,,,,,,,,,,,,,,
campaign_d_path,path_n100000_exact-ties_seed9.pcf,dhfma,1,0,164333556,22565,22564,17509461118662533871,33484,23f703aa3bc9,2026-08-28T16:53:44Z,100000,99999,1,,,,,,,,,,,,,,,,,
campaign_d_path,path_n100000_exact-ties_seed9.pcf,dhfma,2,0,168871407,22565,22564,17509461118662533871,33484,23f703aa3bc9,2026-08-28T16:53:44Z,100000,99999,1,,,,,,,,,,,,,,,,,
campaign_d_path,path_n100000_independent-positive_seed0.pcf,dhfma,0,0,169661631,47089,47088,5533035350070796705,35920,23f703aa3bc9,2026-08-28T16:53:44Z,100000,99999,1,,,,,,,,,,,,,,,,,
campaign_d_path,path_n100000_independent-positive_seed0.pcf,dhfma,1,0,163000487,47089,47088,5533035350070796705,38176,23f703aa3bc9,2026-08-28T16:53:45Z,100000,99999,1,,,,,,,,,,,,,,,,,
campaign_d_path,path_n100000_independent-positive_seed0.pcf,dhfma,2,0,168968840,47089,47088,5533035350070796705,38280,23f703aa3bc9,2026-08-28T16:53:45Z,100000,99999,1,,,,,,,,,,,,,,,,,
campaign_d_path,path_n100000_independent-positive_seed1.pcf,dhfma,0,0,179076306,47083,47082,2604208133375470545,36724,23f703aa3bc9,2026-08-28T16:53:45Z,100000,99999,1,,,,,,,,,,,,,,,,,
campaign_d_path,path_n100000_independent-positive_seed1.pcf,dhfma,1,0,178712367,47083,47082,2604208133375470545,37504,23f703aa3bc9,2026-08-28T16:53:45Z,100000,99999,1,,,,,,,,,,,,,,,,,
campaign_d_path,path_n100000_independent-positive_seed1.pcf,dhfma,2,0,181335938,47083,47082,2604208133375470545,37504,23f703aa3bc9,2026-08-28T16:53:45Z,100000,99999,1,,,,,,,,,,,,,,,,,
campaign_d_path,path_n100000_independent-positive_seed2.pcf,dhfma,0,0,190203330,47329,47328,7588542371089008477,35764,23f703aa3bc9,2026-08-28T16:53:46Z,100000,99999,1,,,,,,,,,,,,,,,,,
campaign_d_path,path_n100000_independent-positive_seed2.pcf,dhfma,1,0,183941577,47329,47328,7588542371089008477,36956,23f703aa3bc9,2026-08-28T16:53:46Z,100000,99999,1,,,,,,,,,,,,,,,,,
campaign_d_path,path_n100000_independent-positive_seed2.pcf,dhfma,2,0,186944262,47329,47328,7588542371089008477,37540,23f703aa3bc9,2026-08-28T16:53:46Z,100000,99999,1,,,,,,,,,,,,,,,,,
campaign_d_path,path_n100000_independent-positive_seed3.pcf,dhfma,0,0,195229841,47215,47214,7265181236146022058,35764,23f703aa3bc9,2026-08-28T16:53:46Z,100000,99999,1,,,,,,,,,,,,,,,,,
campaign_d_path,path_n100000_independent-positive_seed3.pcf,dhfma,1,0,190374168,47215,47214,7265181236146022058,38056,23f703aa3bc9,2026-08-28T16:53:46Z,100000,99999,1,,,,,,,,,,,,,,,,,
campaign_d_path,path_n100000_independent-positive_seed3.pcf,dhfma,2,0,190625361,47215,47214,7265181236146022058,38292,23f703aa3bc9,2026-08-28T16:53:47Z,100000,99999,1,,,,,,,,,,,,,,,,,
campaign_d_path,path_n100000_independent-positive_seed4.pcf,dhfma,0,0,196621502,47131,47130,605197262669092395,36724,23f703aa3bc9,2026-08-28T16:53:47Z,100000,99999,1,,,,,,,,,,,,,,,,,
campaign_d_path,path_n100000_independent-positive_seed4.pcf,dhfma,1,0,186010334,47131,47130,605197262669092395,36724,23f703aa3bc9,2026-08-28T16:53:47Z,100000,99999,1,,,,,,,,,,,,,,,,,
campaign_d_path,path_n100000_independent-positive_seed4.pcf,dhfma,2,0,206727612,47131,47130,605197262669092395,38680,23f703aa3bc9,2026-08-28T16:53:47Z,100000,99999,1,,,,,,,,,,,,,,,,,
campaign_d_path,path_n100000_independent-positive_seed5.pcf,dhfma,0,0,191078691,47118,47117,10437791642820251849,36728,23f703aa3bc9,2026-08-28T16:53:48Z,100000,99999,1,,,,,,,,,,,,,,,,,
campaign_d_path,path_n100000_independent-positive_seed5.pcf,dhfma,1,0,188351496,47118,47117,10437791642820251849,36728,23f703aa3bc9,2026-08-28T16:53:48Z,100000,99999,1,,,,,,,,,,,,,,,,,
campaign_d_path,path_n100000_independent-positive_seed5.pcf,dhfma,2,0,194046747,47118,47117,10437791642820251849,37412,23f703aa3bc9,2026-08-28T16:53:48Z,100000,99999,1,,,,,,,,,,,,,,,,,
campaign_d_path,path_n100000_independent-positive_seed6.pcf,dhfma,0,0,203024590,47437,47436,4459453897391524918,36716,23f703aa3bc9,2026-08-28T16:53:48Z,100000,99999,1,,,,,,,,,,,,,,,,,
campaign_d_path,path_n100000_independent-positive_seed6.pcf,dhfma,1,0,200563964,47437,47436,4459453897391524918,37996,23f703aa3bc9,2026-08-28T16:53:48Z,100000,99999,1,,,,,,,,,,,,,,,,,
campaign_d_path,path_n100000_independent-positive_seed6.pcf,dhfma,2,0,202459975,47437,47436,4459453897391524918,38704,23f703aa3bc9,2026-08-28T16:53:49Z,100000,99999,1,,,,,,,,,,,,,,,,,
campaign_d_path,path_n100000_independent-positive_seed7.pcf,dhfma,0,0,207536990,47193,47192,7424282799428720231,35768,23f703aa3bc9,2026-08-28T16:53:49Z,100000,99999,1,,,,,,,,,,,,,,,,,
campaign_d_path,path_n100000_independent-positive_seed7.pcf,dhfma,1,0,201639636,47193,47192,7424282799428720231,38216,23f703aa3bc9,2026-08-28T16:53:49Z,100000,99999,1,,,,,,,,,,,,,,,,,
campaign_d_path,path_n100000_independent-positive_seed7.pcf,dhfma,2,0,205083760,47193,47192,7424282799428720231,38216,23f703aa3bc9,2026-08-28T16:53:49Z,100000,99999,1,,,,,,,,,,,,,,,,,
campaign_d_path,path_n100000_independent-positive_seed8.pcf,dhfma,0,0,208040712,46997,46996,13648910429607546329,35764,23f703aa3bc9,2026-08-28T16:53:50Z,100000,99999,1,,,,,,,,,,,,,,,,,
campaign_d_path,path_n100000_independent-positive_seed8.pcf,dhfma,1,0,200784610,46997,46996,13648910429607546329,37536,23f703aa3bc9,2026-08-28T16:53:50Z,100000,99999,1,,,,,,,,,,,,,,,,,
campaign_d_path,path_n100000_independent-positive_seed8.pcf,dhfma,2,0,200809659,46997,46996,13648910429607546329,37536,23f703aa3bc9,2026-08-28T16:53:50Z,100000,99999,1,,,,,,,,,,,,,,,,,
campaign_d_path,path_n100000_independent-positive_seed9.pcf,dhfma,0,0,206408822,47341,47340,15134598600971130493,36720,23f703aa3bc9,2026-08-28T16:53:50Z,100000,99999,1,,,,,,,,,,,,,,,,,
campaign_d_path,path_n100000_independent-positive_seed9.pcf,dhfma,1,0,198555868,47341,47340,15134598600971130493,37984,23f703aa3bc9,2026-08-28T16:53:50Z,100000,99999,1,,,,,,,,,,,,,,,,,
campaign_d_path,path_n100000_independent-positive_seed9.pcf,dhfma,2,0,200185932,47341,47340,15134598600971130493,37984,23f703aa3bc9,2026-08-28T16:53:51Z,100000,99999,1,,,,,,,,,,,,,,,,,
campaign_d_path,path_n100000_independent-signed_seed0.pcf,dhfma,0,0,203418093,48441,48440,13609324515792353206,36880,23f703aa3bc9,2026-08-28T16:53:51Z,100000,99999,1,,,,,,,,,,,,,,,,,
campaign_d_path,path_n100000_independent-signed_seed0.pcf,dhfma,1,0,197376278,48441,48440,13609324515792353206,38096,23f703aa3bc9,2026-08-28T16:53:51Z,100000,99999,1,,,,,,,,,,,,,,,,,
campaign_d_path,path_n100000_independent-signed_seed0.pcf,dhfma,2,0,197602029,48441,48440,13609324515792353206,38096,23f703aa3bc9,2026-08-28T16:53:51Z,100000,99999,1,,,,,,,,,,,,,,,,,
campaign_d_path,path_n100000_independent-signed_seed1.pcf,dhfma,0,0,198287816,48188,48187,12133866416256597626,36720,23f703aa3bc9,2026-08-28T16:53:51Z,100000,99999,1,,,,,,,,,,,,,,,,,
campaign_d_path,path_n100000_independent-signed_seed1.pcf,dhfma,1,0,169866309,48188,48187,12133866416256597626,38884,23f703aa3bc9,2026-08-28T16:53:52Z,100000,99999,1,,,,,,,,,,,,,,,,,
campaign_d_path,path_n100000_independent-signed_seed1.pcf,dhfma,2,0,172062772,48188,48187,12133866416256597626,38904,23f703aa3bc9,2026-08-28T16:53:52Z,100000,99999,1,,,,,,,,,,,,,,,,,
campaign_d_path,path_n100000_independent-signed_seed2.pcf,dhfma,0,0,181093986,48392,48391,10444727521959584463,36716,23f703aa3bc9,2026-08-28T16:53:52Z,100000,99999,1,,,,,,,,,,,,,,,,,
campaign_d_path,path_n100000_independent-signed_seed2.pcf,dhfma,1,0,179072526,48392,48391,10444727521959584463,37948,23f703aa3bc9,2026-08-28T16:53:52Z,100000,99999,1,,,,,,,,,,,,,,,,,
campaign_d_path,path_n100000_independent-signed_seed2.pcf,dhfma,2,0,182124512,48392,48391,10444727521959584463,37948,23f703aa3bc9,2026-08-28T16:53:52Z,100000,99999,1,,,,,,,,,,,,,,,,,
campaign_d_path,path_n100000_independent-signed_seed3.pcf,dhfma,0,0,191188925,48138,48137,5528972290644183844,37044,23f703aa3bc9,2026-08-28T16:53:53Z,100000,99999,1,,,,,,,,,,,,,,,,,
campaign_d_path,path_n100000_independent-signed_seed3.pcf,dhfma,1,0,188725437,48138,48137,5528972290644183844,38380,23f703aa3bc9,2026-08-28T16:53:53Z,100000,99999,1,,,,,,,,,,,,,,,,,
campaign_d_path,path_n100000_independent-signed_seed3.pcf,dhfma,2,0,182868881,48138,48137,5528972290644183844,38424,23f703aa3bc9,2026-08-28T16:53:53Z,100000,99999,1,,,,,,,,,,,,,,,,,
campaign_d_path,path_n100000_independent-signed_seed4.pcf,dhfma,0,0,196319426,48368,48367,13590853211418793479,36884,23f703aa3bc9,2026-08-28T16:53:53Z,100000,99999,1,,,,,,,,,,,,,,,,,
campaign_d_path,path_n100000_independent-signed_seed4.pcf,dhfma,1,0,190531249,48368,48367,13590853211418793479,36884,23f703aa3bc9,2026-08-28T16:53:53Z,100000,99999,1,,,,,,,,,,,,,,,,,
campaign_d_path,path_n100000_independent-signed_seed4.pcf,dhfma,2,0,194140683,48368,48367,13590853211418793479,38764,23f703aa3bc9,2026-08-28T16:53:54Z,100000,99999,1,,,,,,,,,,,,,,,,,
campaign_d_path,path_n100000_independent-signed_seed5.pcf,dhfma,0,0,198033096,48365,48364,6696863823280476420,35924,23f703aa3bc9,2026-08-28T16:53:54Z,100000,99999,1,,,,,,,,,,,,,,,,,
campaign_d_path,path_n100000_independent-signed_seed5.pcf,dhfma,1,0,187358263,48365,48364,6696863823280476420,36832,23f703aa3bc9,2026-08-28T16:53:54Z,100000,99999,1,,,,,,,,,,,,,,,,,
campaign_d_path,path_n100000_independent-signed_seed5.pcf,dhfma,2,0,187484780,48365,48364,6696863823280476420,36832,23f703aa3bc9,2026-08-28T16:53:54Z,100000,99999,1,,,,,,,,,,,,,,,,,
campaign_d_path,path_n100000_independent-signed_seed6.pcf,dhfma,0,0,202528851,48620,48619,395322076743668307,36880,23f703aa3bc9,2026-08-28T16:53:55Z,100000,99999,1,,,,,,,,,,,,,,,,,
campaign_d_path,path_n100000_independent-signed_seed6.pcf,dhfma,1,0,180002865,48620,48619,395322076743668307,37660,23f703aa3bc9,2026-08-28T16:53:55Z,100000,99999,1,,,,,,,,,,,,,,,,,
campaign_d_path,path_n100000_independent-signed_seed6.pcf,dhfma,2,0,189135327,48620,48619,395322076743668307,37664,23f703aa3bc9,2026-08-28T16:53:55Z,100000,99999,1,,,,,,,,,,,,,,,,,
campaign_d_path,path_n100000_independent-signed_seed7.pcf,dhfma,0,0,200110023,48078,48077,15237108231468325837,36244,23f703aa3bc9,2026-08-28T16:53:55Z,100000,99999,1,,,,,,,,,,,,,,,,,
campaign_d_path,path_n100000_independent-signed_seed7.pcf,dhfma,1,0,192952694,48078,48077,15237108231468325837,36960,23f703aa3bc9,2026-08-28T16:53:55Z,100000,99999,1,,,,,,,,,,,,,,,,,
campaign_d_path,path_n100000_independent-signed_seed7.pcf,dhfma,2,0,196814124,48078,48077,15237108231468325837,37632,23f703aa3bc9,2026-08-28T16:53:56Z,100000,99999,1,,,,,,,,,,,,,,,,,
campaign_d_path,path_n100000_independent-signed_seed8.pcf,dhfma,0,0,206689952,48219,48218,5937861509793171281,36880,23f703aa3bc9,2026-08-28T16:53:56Z,100000,99999,1,,,,,,,,,,,,,,,,,
campaign_d_path,path_n100000_independent-signed_seed8.pcf,dhfma,1,0,198679935,48219,48218,5937861509793171281,38380,23f703aa3bc9,2026-08-28T16:53:56Z,100000,99999,1,,,,,,,,,,,,,,,,,
campaign_d_path,path_n100000_independent-signed_seed8.pcf,dhfma,2,0,199802089,48219,48218,5937861509793171281,38380,23f703aa3bc9,2026-08-28T16:53:56Z,100000,99999,1,,,,,,,,,,,,,,,,,
campaign_d_path,path_n100000_independent-signed_seed9.pcf,dhfma,0,0,203605886,48492,48491,14082492242035104052,36884,23f703aa3bc9,2026-08-28T16:53:57Z,100000,99999,1,,,,,,,,,,,,,,,,,
campaign_d_path,path_n100000_independent-signed_seed9.pcf,dhfma,1,0,197013022,48492,48491,14082492242035104052,38124,23f703aa3bc9,2026-08-28T16:53:57Z,100000,99999,1,,,,,,,,,,,,,,,,,
campaign_d_path,path_n100000_independent-signed_seed9.pcf,dhfma,2,0,197290277,48492,48491,14082492242035104052,38132,23f703aa3bc9,2026-08-28T16:53:57Z,100000,99999,1,,,,,,,,,,,,,,,,,
campaign_d_path,path_n100000_near-ties_seed0.pcf,dhfma,0,0,186253691,1758,1757,16796094592823089150,29252,23f703aa3bc9,2026-08-28T16:53:57Z,100000,99999,1,,,,,,,,,,,,,,,,,
campaign_d_path,path_n100000_near-ties_seed0.pcf,dhfma,1,0,192104526,1758,1757,16796094592823089150,32780,23f703aa3bc9,2026-08-28T16:53:57Z,100000,99999,1,,,,,,,,,,,,,,,,,
campaign_d_path,path_n100000_near-ties_seed0.pcf,dhfma,2,0,207290844,1758,1757,16796094592823089150,32780,23f703aa3bc9,2026-08-28T16:53:58Z,100000,99999,1,,,,,,,,,,,,,,,,,
campaign_d_path,path_n100000_near-ties_seed1.pcf,dhfma,0,0,185070325,1773,1772,3315240575998420895,29252,23f703aa3bc9,2026-08-28T16:53:58Z,100000,99999,1,,,,,,,,,,,,,,,,,
campaign_d_path,path_n100000_near-ties_seed1.pcf,dhfma,1,0,183232994,1773,1772,3315240575998420895,32944,23f703aa3bc9,2026-08-28T16:53:58Z,100000,99999,1,,,,,,,,,,,,,,,,,
campaign_d_path,path_n100000_near-ties_seed1.pcf,dhfma,2,0,181165775,1773,1772,3315240575998420895,32944,23f703aa3bc9,2026-08-28T16:53:58Z,100000,99999,1,,,,,,,,,,,,,,,,,
campaign_d_path,path_n100000_near-ties_seed2.pcf,dhfma,0,0,179977568,1783,1782,10677617140695730416,29092,23f703aa3bc9,2026-08-28T16:53:58Z,100000,99999,1,,,,,,,,,,,,,,,,,
campaign_d_path,path_n100000_near-ties_seed2.pcf,dhfma,1,0,176919956,1783,1782,10677617140695730416,32620,23f703aa3bc9,2026-08-28T16:53:59Z,100000,99999,1,,,,,,,,,,,,,,,,,
campaign_d_path,path_n100000_near-ties_seed2.pcf,dhfma,2,0,161965454,1783,1782,10677617140695730416,32620,23f703aa3bc9,2026-08-28T16:53:59Z,100000,99999,1,,,,,,,,,,,,,,,,,
campaign_d_path,path_n100000_near-ties_seed3.pcf,dhfma,0,0,158028585,1776,1775,6757758236456823586,29248,23f703aa3bc9,2026-08-28T16:53:59Z,100000,99999,1,,,,,,,,,,,,,,,,,
campaign_d_path,path_n100000_near-ties_seed3.pcf,dhfma,1,0,161565018,1776,1775,6757758236456823586,32940,23f703aa3bc9,2026-08-28T16:53:59Z,100000,99999,1,,,,,,,,,,,,,,,,,
campaign_d_path,path_n100000_near-ties_seed3.pcf,dhfma,2,0,162121464,1776,1775,6757758236456823586,32940,23f703aa3bc9,2026-08-28T16:53:59Z,100000,99999,1,,,,,,,,,,,,,,,,,
campaign_d_path,path_n100000_near-ties_seed4.pcf,dhfma,0,0,168040730,1773,1772,10182271078794783893,29256,23f703aa3bc9,2026-08-28T16:53:59Z,100000,99999,1,,,,,,,,,,,,,,,,,
campaign_d_path,path_n100000_near-ties_seed4.pcf,dhfma,1,0,168169627,1773,1772,10182271078794783893,32784,23f703aa3bc9,2026-08-28T16:54:00Z,100000,99999,1,,,,,,,,,,,,,,,,,
campaign_d_path,path_n100000_near-ties_seed4.pcf,dhfma,2,0,169094154,1773,1772,10182271078794783893,32784,23f703aa3bc9,2026-08-28T16:54:00Z,100000,99999,1,,,,,,,,,,,,,,,,,
campaign_d_path,path_n100000_near-ties_seed5.pcf,dhfma,0,0,173952357,1772,1771,6995536751047689103,29252,23f703aa3bc9,2026-08-28T16:54:00Z,100000,99999,1,,,,,,,,,,,,,,,,,
campaign_d_path,path_n100000_near-ties_seed5.pcf,dhfma,1,0,174441047,1772,1771,6995536751047689103,32944,23f703aa3bc9,2026-08-28T16:54:00Z,100000,99999,1,,,,,,,,,,,,,,,,,
campaign_d_path,path_n100000_near-ties_seed5.pcf,dhfma,2,0,174935050,1772,1771,6995536751047689103,32944,23f703aa3bc9,2026-08-28T16:54:00Z,100000,99999,1,,,,,,,,,,,,,,,,,
campaign_d_path,path_n100000_near-ties_seed6.pcf,dhfma,0,0,179477645,1747,1746,17362777110840812404,29256,23f703aa3bc9,2026-08-28T16:54:01Z,100000,99999,1,,,,,,,,,,,,,,,,,
campaign_d_path,path_n100000_near-ties_seed6.pcf,dhfma,1,0,177135212,1747,1746,17362777110840812404,32784,23f703aa3bc9,2026-08-28T16:54:01Z,100000,99999,1,,,,,,,,,,,,,,,,,
campaign_d_path,path_n100000_near-ties_seed6.pcf,dhfma,2,0,176848360,1747,1746,17362777110840812404,32784,23f703aa3bc9,2026-08-28T16:54:01Z,100000,99999,1,,,,,,,,,,,,,,,,,
campaign_d_path,path_n100000_near-ties_seed7.pcf,dhfma,0,0,176957422,1744,1743,13265555240460465256,29248,23f703aa3bc9,2026-08-28T16:54:01Z,100000,99999,1,,,,,,,,,,,,,,,,,
campaign_d_path,path_n100000_near-ties_seed7.pcf,dhfma,1,0,171972264,1744,1743,13265555240460465256,32940,23f703aa3bc9,2026-08-28T16:54:01Z,100000,99999,1,,,,,,,,,,,,,,,,,
campaign_d_path,path_n100000_near-ties_seed7.pcf,dhfma,2,0,182026601,1744,1743,13265555240460465256,32940,23f703aa3bc9,2026-08-28T16:54:02Z,100000,99999,1,,,,,,,,,,,,,,,,,
campaign_d_path,path_n100000_near-ties_seed8.pcf,dhfma,0,0,165509285,1751,1750,11243748426747552425,29248,23f703aa3bc9,2026-08-28T16:54:02Z,100000,99999,1,,,,,,,,,,,,,,,,,
campaign_d_path,path_n100000_near-ties_seed8.pcf,dhfma,1,0,171037239,1751,1750,11243748426747552425,32620,23f703aa3bc9,2026-08-28T16:54:02Z,100000,99999,1,,,,,,,,,,,,,,,,,
campaign_d_path,path_n100000_near-ties_seed8.pcf,dhfma,2,0,175720971,1751,1750,11243748426747552425,32620,23f703aa3bc9,2026-08-28T16:54:02Z,100000,99999,1,,,,,,,,,,,,,,,,,
campaign_d_path,path_n100000_near-ties_seed9.pcf,dhfma,0,0,181297390,1771,1770,1709775999353534435,29092,23f703aa3bc9,2026-08-28T16:54:02Z,100000,99999,1,,,,,,,,,,,,,,,,,
campaign_d_path,path_n100000_near-ties_seed9.pcf,dhfma,1,0,182308554,1771,1770,1709775999353534435,32784,23f703aa3bc9,2026-08-28T16:54:03Z,100000,99999,1,,,,,,,,,,,,,,,,,
campaign_d_path,path_n100000_near-ties_seed9.pcf,dhfma,2,0,180977124,1771,1770,1709775999353534435,32784,23f703aa3bc9,2026-08-28T16:54:03Z,100000,99999,1,,,,,,,,,,,,,,,,,
campaign_d_path,path_n10000_anti-correlated_seed0.pcf,dhfma,0,0,15051230,4966,4965,17202387815665203601,12800,23f703aa3bc9,2026-08-28T16:54:03Z,10000,9999,1,,,,,,,,,,,,,,,,,
campaign_d_path,path_n10000_anti-correlated_seed0.pcf,dhfma,1,0,14532375,4966,4965,17202387815665203601,12800,23f703aa3bc9,2026-08-28T16:54:03Z,10000,9999,1,,,,,,,,,,,,,,,,,
campaign_d_path,path_n10000_anti-correlated_seed0.pcf,dhfma,2,0,14495562,4966,4965,17202387815665203601,12800,23f703aa3bc9,2026-08-28T16:54:03Z,10000,9999,1,,,,,,,,,,,,,,,,,
campaign_d_path,path_n10000_anti-correlated_seed1.pcf,dhfma,0,0,14746765,4958,4957,4899436348914469209,12960,23f703aa3bc9,2026-08-28T16:54:03Z,10000,9999,1,,,,,,,,,,,,,,,,,
campaign_d_path,path_n10000_anti-correlated_seed1.pcf,dhfma,1,0,14285887,4958,4957,4899436348914469209,12960,23f703aa3bc9,2026-08-28T16:54:03Z,10000,9999,1,,,,,,,,,,,,,,,,,
campaign_d_path,path_n10000_anti-correlated_seed1.pcf,dhfma,2,0,14238566,4958,4957,4899436348914469209,12960,23f703aa3bc9,2026-08-28T16:54:03Z,10000,9999,1,,,,,,,,,,,,,,,,,
campaign_d_path,path_n10000_anti-correlated_seed2.pcf,dhfma,0,0,14821266,4961,4960,13953436960592512406,12960,23f703aa3bc9,2026-08-28T16:54:03Z,10000,9999,1,,,,,,,,,,,,,,,,,
campaign_d_path,path_n10000_anti-correlated_seed2.pcf,dhfma,1,0,14083651,4961,4960,13953436960592512406,12960,23f703aa3bc9,2026-08-28T16:54:03Z,10000,9999,1,,,,,,,,,,,,,,,,,
campaign_d_path,path_n10000_anti-correlated_seed2.pcf,dhfma,2,0,14183845,4961,4960,13953436960592512406,12960,23f703aa3bc9,2026-08-28T16:54:03Z,10000,9999,1,,,,,,,,,,,,,,,,,
campaign_d_path,path_n10000_anti-correlated_seed3.pcf,dhfma,0,0,14944455,4898,4897,1524691475819407248,12960,23f703aa3bc9,2026-08-28T16:54:03Z,10000,9999,1,,,,,,,,,,,,,,,,,
campaign_d_path,path_n10000_anti-correlated_seed3.pcf,dhfma,1,0,14332435,4898,4897,1524691475819407248,12960,23f703aa3bc9,2026-08-28T16:54:03Z,10000,9999,1,,,,,,,,,,,,,,,,,
campaign_d_path,path_n10000_anti-correlated_seed3.pcf,dhfma,2,0,14227685,4898,4897,1524691475819407248,12960,23f703aa3bc9,2026-08-28T16:54:03Z,10000,9999,1,,,,,,,,,,,,,,,,,
campaign_d_path,path_n10000_anti-correlated_seed4.pcf,dhfma,0,0,14834208,4990,4989,953778442347255098,12960,23f703aa3bc9,2026-08-28T16:54:03Z,10000,9999,1,,,,,,,,,,,,,,,,,
campaign_d_path,path_n10000_anti-correlated_seed4.pcf,dhfma,1,0,14162004,4990,4989,953778442347255098,12960,23f703aa3bc9,2026-08-28T16:54:03Z,10000,9999,1,,,,,,,,,,,,,,,,,
campaign_d_path,path_n10000_anti-correlated_seed4.pcf,dhfma,2,0,14267722,4990,4989,953778442347255098,12960,23f703aa3bc9,2026-08-28T16:54:03Z,10000,9999,1,,,,,,,,,,,,,,,,,
campaign_d_path,path_n10000_anti-correlated_seed5.pcf,dhfma,0,0,14821403,4966,4965,5886179648214848609,12960,23f703aa3bc9,2026-08-28T16:54:03Z,10000,9999,1,,,,,,,,,,,,,,,,,
campaign_d_path,path_n10000_anti-correlated_seed5.pcf,dhfma,1,0,14392176,4966,4965,5886179648214848609,12960,23f703aa3bc9,2026-08-28T16:54:03Z,10000,9999,1,,,,,,,,,,,,,,,,,
campaign_d_path,path_n10000_anti-correlated_seed5.pcf,dhfma,2,0,14311084,4966,4965,5886179648214848609,12960,23f703aa3bc9,2026-08-28T16:54:03Z,10000,9999,1,,,,,,,,,,,,,,,,,
campaign_d_path,path_n10000_anti-correlated_seed6.pcf,dhfma,0,0,14930381,5003,5002,2997638812271661730,12960,23f703aa3bc9,2026-08-28T16:54:03Z,10000,9999,1,,,,,,,,,,,,,,,,,
campaign_d_path,path_n10000_anti-correlated_seed6.pcf,dhfma,1,0,14288911,5003,5002,2997638812271661730,12960,23f703aa3bc9,2026-08-28T16:54:03Z,10000,9999,1,,,,,,,,,,,,,,,,,
campaign_d_path,path_n10000_anti-correlated_seed6.pcf,dhfma,2,0,14308407,5003,5002,2997638812271661730,12960,23f703aa3bc9,2026-08-28T16:54:03Z,10000,9999,1,,,,,,,,,,,,,,,,,
campaign_d_path,path_n10000_anti-correlated_seed7.pcf,dhfma,0,0,14846694,4986,4985,12723413924149311582,12960,23f703aa3bc9,2026-08-28T16:54:03Z,10000,9999,1,,,,,,,,,,,,,,,,,
campaign_d_path,path_n10000_anti-correlated_seed7.pcf,dhfma,1,0,14210647,4986,4985,12723413924149311582,12960,23f703aa3bc9,2026-08-28T16:54:03Z,10000,9999,1,,,,,,,,,,,,,,,,,
campaign_d_path,path_n10000_anti-correlated_seed7.pcf,dhfma,2,0,14342525,4986,4985,12723413924149311582,12960,23f703aa3bc9,2026-08-28T16:54:03Z,10000,9999,1,,,,,,,,,,,,,,,,,
campaign_d_path,path_n10000_anti-correlated_seed8.pcf,dhfma,0,0,14913742,4941,4940,3047129178058975097,12960,23f703aa3bc9,2026-08-28T16:54:03Z,10000,9999,1,,,,,,,,,,,,,,,,,
campaign_d_path,path_n10000_anti-correlated_seed8.pcf,dhfma,1,0,14284647,4941,4940,3047129178058975097,12960,23f703aa3bc9,2026-08-28T16:54:03Z,10000,9999,1,,,,,,,,,,,,,,,,,
campaign_d_path,path_n10000_anti-correlated_seed8.pcf,dhfma,2,0,14502427,4941,4940,3047129178058975097,12960,23f703aa3bc9,2026-08-28T16:54:03Z,10000,9999,1,,,,,,,,,,,,,,,,,
campaign_d_path,path_n10000_anti-correlated_seed9.pcf,dhfma,0,0,14832747,4983,4982,16991182127818169947,12960,23f703aa3bc9,2026-08-28T16:54:03Z,10000,9999,1,,,,,,,,,,,,,,,,,
campaign_d_path,path_n10000_anti-correlated_seed9.pcf,dhfma,1,0,14476562,4983,4982,16991182127818169947,12960,23f703aa3bc9,2026-08-28T16:54:03Z,10000,9999,1,,,,,,,,,,,,,,,,,
campaign_d_path,path_n10000_anti-correlated_seed9.pcf,dhfma,2,0,14552011,4983,4982,16991182127818169947,12960,23f703aa3bc9,2026-08-28T16:54:03Z,10000,9999,1,,,,,,,,,,,,,,,,,
campaign_d_path,path_n10000_correlated_seed0.pcf,dhfma,0,0,14708044,4709,4708,6616360334095571554,12960,23f703aa3bc9,2026-08-28T16:54:03Z,10000,9999,1,,,,,,,,,,,,,,,,,
campaign_d_path,path_n10000_correlated_seed0.pcf,dhfma,1,0,14109897,4709,4708,6616360334095571554,12960,23f703aa3bc9,2026-08-28T16:54:03Z,10000,9999,1,,,,,,,,,,,,,,,,,
campaign_d_path,path_n10000_correlated_seed0.pcf,dhfma,2,0,14205927,4709,4708,6616360334095571554,12960,23f703aa3bc9,2026-08-28T16:54:03Z,10000,9999,1,,,,,,,,,,,,,,,,,
campaign_d_path,path_n10000_correlated_seed1.pcf,dhfma,0,0,14794303,4752,4751,2417626330674396742,12960,23f703aa3bc9,2026-08-28T16:54:03Z,10000,9999,1,,,,,,,,,,,,,,,,,
campaign_d_path,path_n10000_correlated_seed1.pcf,dhfma,1,0,14182793,4752,4751,2417626330674396742,12960,23f703aa3bc9,2026-08-28T16:54:03Z,10000,9999,1,,,,,,,,,,,,,,,,,
campaign_d_path,path_n10000_correlated_seed1.pcf,dhfma,2,0,14258651,4752,4751,2417626330674396742,12960,23f703aa3bc9,2026-08-28T16:54:03Z,10000,9999,1,,,,,,,,,,,,,,,,,
campaign_d_path,path_n10000_correlated_seed2.pcf,dhfma,0,0,14579683,4739,4738,16446350302039096358,12960,23f703aa3bc9,2026-08-28T16:54:03Z,10000,9999,1,,,,,,,,,,,,,,,,,
campaign_d_path,path_n10000_correlated_seed2.pcf,dhfma,1,0,13838518,4739,4738,16446350302039096358,12960,23f703aa3bc9,2026-08-28T16:54:03Z,10000,9999,1,,,,,,,,,,,,,,,,,
campaign_d_path,path_n10000_correlated_seed2.pcf,dhfma,2,0,13821588,4739,4738,16446350302039096358,12960,23f703aa3bc9,2026-08-28T16:54:03Z,10000,9999,1,,,,,,,,,,,,,,,,,
campaign_d_path,path_n10000_correlated_seed3.pcf,dhfma,0,0,14618910,4755,4754,17601262381090212173,12960,23f703aa3bc9,2026-08-28T16:54:03Z,10000,9999,1,,,,,,,,,,,,,,,,,
campaign_d_path,path_n10000_correlated_seed3.pcf,dhfma,1,0,13956338,4755,4754,17601262381090212173,12960,23f703aa3bc9,2026-08-28T16:54:03Z,10000,9999,1,,,,,,,,,,,,,,,,,
campaign_d_path,path_n10000_correlated_seed3.pcf,dhfma,2,0,14034678,4755,4754,17601262381090212173,12960,23f703aa3bc9,2026-08-28T16:54:03Z,10000,9999,1,,,,,,,,,,,,,,,,,
campaign_d_path,path_n10000_correlated_seed4.pcf,dhfma,0,0,14617150,4710,4709,6121369250101734786,12960,23f703aa3bc9,2026-08-28T16:54:03Z,10000,9999,1,,,,,,,,,,,,,,,,,
campaign_d_path,path_n10000_correlated_seed4.pcf,dhfma,1,0,14082057,4710,4709,6121369250101734786,12960,23f703aa3bc9,2026-08-28T16:54:03Z,10000,9999,1,,,,,,,,,,,,,,,,,
campaign_d_path,path_n10000_correlated_seed4.pcf,dhfma,2,0,14084548,4710,4709,6121369250101734786,12960,23f703aa3bc9,2026-08-28T16:54:03Z,10000,9999,1,,,,,,,,,,,,,,,,,
campaign_d_path,path_n10000_correlated_seed5.pcf,dhfma,0,0,14546391,4727,4726,3583224206086558310,12960,23f703aa3bc9,2026-08-28T16:54:03Z,10000,9999,1,,,,,,,,,,,,,,,,,
campaign_d_path,path_n10000_correlated_seed5.pcf,dhfma,1,0,13944207,4727,4726,3583224206086558310,12960,23f703aa3bc9,2026-08-28T16:54:03Z,10000,9999,1,,,,,,,,,,,,,,,,,
campaign_d_path,path_n10000_correlated_seed5.pcf,dhfma,2,0,14058999,4727,4726,3583224206086558310,12960,23f703aa3bc9,2026-08-28T16:54:04Z,10000,9999,1,,,,,,,,,,,,,,,,,
campaign_d_path,path_n10000_correlated_seed6.pcf,dhfma,0,0,14546841,4692,4691,1191561751563522569,12960,23f703aa3bc9,2026-08-28T16:54:04Z,10000,9999,1,,,,,,,,,,,,,,,,,
campaign_d_path,path_n10000_correlated_seed6.pcf,dhfma,1,0,13871515,4692,4691,1191561751563522569,12960,23f703aa3bc9,2026-08-28T16:54:04Z,10000,9999,1,,,,,,,,,,,,,,,,,
campaign_d_path,path_n10000_correlated_seed6.pcf,dhfma,2,0,14007452,4692,4691,1191561751563522569,12960,23f703aa3bc9,2026-08-28T16:54:04Z,10000,9999,1,,,,,,,,,,,,,,,,,
campaign_d_path,path_n10000_correlated_seed7.pcf,dhfma,0,0,14503553,4718,4717,12277667726281878311,12960,23f703aa3bc9,2026-08-28T16:54:04Z,10000,9999,1,,,,,,,,,,,,,,,,,
campaign_d_path,path_n10000_correlated_seed7.pcf,dhfma,1,0,13863194,4718,4717,12277667726281878311,12960,23f703aa3bc9,2026-08-28T16:54:04Z,10000,9999,1,,,,,,,,,,,,,,,,,
campaign_d_path,path_n10000_correlated_seed7.pcf,dhfma,2,0,14036622,4718,4717,12277667726281878311,12960,23f703aa3bc9,2026-08-28T16:54:04Z,10000,9999,1,,,,,,,,,,,,,,,,,
campaign_d_path,path_n10000_correlated_seed8.pcf,dhfma,0,0,14713344,4691,4690,14868649727242548202,12960,23f703aa3bc9,2026-08-28T16:54:04Z,10000,9999,1,,,,,,,,,,,,,,,,,
campaign_d_path,path_n10000_correlated_seed8.pcf,dhfma,1,0,14013989,4691,4690,14868649727242548202,12960,23f703aa3bc9,2026-08-28T16:54:04Z,10000,9999,1,,,,,,,,,,,,,,,,,
campaign_d_path,path_n10000_correlated_seed8.pcf,dhfma,2,0,14000565,4691,4690,14868649727242548202,12960,23f703aa3bc9,2026-08-28T16:54:04Z,10000,9999,1,,,,,,,,,,,,,,,,,
campaign_d_path,path_n10000_correlated_seed9.pcf,dhfma,0,0,14410500,4683,4682,16790275277714648603,13120,23f703aa3bc9,2026-08-28T16:54:04Z,10000,9999,1,,,,,,,,,,,,,,,,,
campaign_d_path,path_n10000_correlated_seed9.pcf,dhfma,1,0,13797955,4683,4682,16790275277714648603,13120,23f703aa3bc9,2026-08-28T16:54:04Z,10000,9999,1,,,,,,,,,,,,,,,,,
campaign_d_path,path_n10000_correlated_seed9.pcf,dhfma,2,0,13866862,4683,4682,16790275277714648603,13120,23f703aa3bc9,2026-08-28T16:54:04Z,10000,9999,1,,,,,,,,,,,,,,,,,
campaign_d_path,path_n10000_exact-ties_seed0.pcf,dhfma,0,0,13792777,2615,2614,13686885427477534400,13120,23f703aa3bc9,2026-08-28T16:54:04Z,10000,9999,1,,,,,,,,,,,,,,,,,
campaign_d_path,path_n10000_exact-ties_seed0.pcf,dhfma,1,0,13331087,2615,2614,13686885427477534400,13120,23f703aa3bc9,2026-08-28T16:54:04Z,10000,9999,1,,,,,,,,,,,,,,,,,
campaign_d_path,path_n10000_exact-ties_seed0.pcf,dhfma,2,0,13343978,2615,2614,13686885427477534400,13120,23f703aa3bc9,2026-08-28T16:54:04Z,10000,9999,1,,,,,,,,,,,,,,,,,
campaign_d_path,path_n10000_exact-ties_seed1.pcf,dhfma,0,0,13784527,2558,2557,8952515882564203958,13120,23f703aa3bc9,2026-08-28T16:54:04Z,10000,9999,1,,,,,,,,,,,,,,,,,
campaign_d_path,path_n10000_exact-ties_seed1.pcf,dhfma,1,0,13362278,2558,2557,8952515882564203958,13120,23f703aa3bc9,2026-08-28T16:54:04Z,10000,9999,1,,,,,,,,,,,,,,,,,
campaign_d_path,path_n10000_exact-ties_seed1.pcf,dhfma,2,0,13397179,2558,2557,8952515882564203958,13120,23f703aa3bc9,2026-08-28T16:54:04Z,10000,9999,1,,,,,,,,,,,,,,,,,
campaign_d_path,path_n10000_exact-ties_seed2.pcf,dhfma,0,0,13576666,2565,2564,10632503759665986451,13120,23f703aa3bc9,2026-08-28T16:54:04Z,10000,9999,1,,,,,,,,,,,,,,,,,
campaign_d_path,path_n10000_exact-ties_seed2.pcf,dhfma,1,0,13234500,2565,2564,10632503759665986451,13120,23f703aa3bc9,2026-08-28T16:54:04Z,10000,9999,1,,,,,,,,,,,,,,,,,
campaign_d_path,path_n10000_exact-ties_seed2.pcf,dhfma,2,0,13195571,2565,2564,10632503759665986451,13120,23f703aa3bc9,2026-08-28T16:54:04Z,10000,9999,1,,,,,,,,,,,,,,,,,
campaign_d_path,path_n10000_exact-ties_seed3.pcf,dhfma,0,0,13690275,2587,2586,13027288511758190736,13120,23f703aa3bc9,2026-08-28T16:54:04Z,10000,9999,1,,,,,,,,,,,,,,,,,
campaign_d_path,path_n10000_exact-ties_seed3.pcf,dhfma,1,0,13277326,2587,2586,13027288511758190736,13120,23f703aa3bc9,2026-08-28T16:54:04Z,10000,9999,1,,,,,,,,,,,,,,,,,
campaign_d_path,path_n10000_exact-ties_seed3.pcf,dhfma,2,0,13233176,2587,2586,13027288511758190736,13120,23f703aa3bc9,2026-08-28T16:54:04Z,10000,9999,1,,,,,,,,,,,,,,,,,
campaign_d_path,path_n10000_exact-ties_seed4.pcf,dhfma,0,0,13680930,2545,2544,2410661172601694541,13120,23f703aa3bc9,2026-08-28T16:54:04Z,10000,9999,1,,,,,,,,,,,,,,,,,
campaign_d_path,path_n10000_exact-ties_seed4.pcf,dhfma,1,0,13218078,2545,2544,2410661172601694541,13120,23f703aa3bc9,2026-08-28T16:54:04Z,10000,9999,1,,,,,,,,,,,,,,,,,
campaign_d_path,path_n10000_exact-ties_seed4.pcf,dhfma,2,0,13231381,2545,2544,2410661172601694541,13120,23f703aa3bc9,2026-08-28T16:54:04Z,10000,9999,1,,,,,,,,,,,,,,,,,
campaign_d_path,path_n10000_exact-ties_seed5.pcf,dhfma,0,0,13788658,2582,2581,16923068327284749225,13120,23f703aa3bc9,2026-08-28T16:54:04Z,10000,9999,1,,,,,,,,,,,,,,,,,
campaign_d_path,path_n10000_exact-ties_seed5.pcf,dhfma,1,0,13366894,2582,2581,16923068327284749225,13120,23f703aa3bc9,2026-08-28T16:54:04Z,10000,9999,1,,,,,,,,,,,,,,,,,
campaign_d_path,path_n10000_exact-ties_seed5.pcf,dhfma,2,0,13416669,2582,2581,16923068327284749225,13120,23f703aa3bc9,2026-08-28T16:54:04Z,10000,9999,1,,,,,,,,,,,,,,,,,
campaign_d_path,path_n10000_exact-ties_seed6.pcf,dhfma,0,0,13698378,2631,2630,16115885320327451850,13120,23f703aa3bc9,2026-08-28T16:54:04Z,10000,9999,1,,,,,,,,,,,,,,,,,
campaign_d_path,path_n10000_exact-ties_seed6.pcf,dhfma,1,0,13615912,2631,2630,16115885320327451850,13120,23f703aa3bc9,2026-08-28T16:54:04Z,10000,9999,1,,,,,,,,,,,,,,,,,
campaign_d_path,path_n10000_exact-ties_seed6.pcf,dhfma,2,0,13349021,2631,2630,16115885320327451850,13120,23f703aa3bc9,2026-08-28T16:54:04Z,10000,9999,1,,,,,,,,,,,,,,,,,
campaign_d_path,path_n10000_exact-ties_seed7.pcf,dhfma,0,0,13733748,2596,2595,17016544303710487789,13120,23f703aa3bc9,2026-08-28T16:54:04Z,10000,9999,1,,,,,,,,,,,,,,,,,
campaign_d_path,path_n10000_exact-ties_seed7.pcf,dhfma,1,0,13205403,2596,2595,17016544303710487789,13120,23f703aa3bc9,2026-08-28T16:54:04Z,10000,9999,1,,,,,,,,,,,,,,,,,
campaign_d_path,path_n10000_exact-ties_seed7.pcf,dhfma,2,0,13217087,2596,2595,17016544303710487789,13120,23f703aa3bc9,2026-08-28T16:54:04Z,10000,9999,1,,,,,,,,,,,,,,,,,
campaign_d_path,path_n10000_exact-ties_seed8.pcf,dhfma,0,0,13863626,2613,2612,5588169770435057326,13120,23f703aa3bc9,2026-08-28T16:54:04Z,10000,9999,1,,,,,,,,,,,,,,,,,
campaign_d_path,path_n10000_exact-ties_seed8.pcf,dhfma,1,0,13470024,2613,2612,5588169770435057326,13120,23f703aa3bc9,2026-08-28T16:54:04Z,10000,9999,1,,,,,,,,,,,,,,,,,
campaign_d_path,path_n10000_exact-ties_seed8.pcf,dhfma,2,0,13514891,2613,2612,5588169770435057326,13120,23f703aa3bc9,2026-08-28T16:54:04Z,10000,9999,1,,,,,,,,,,,,,,,,,
campaign_d_path,path_n10000_exact-ties_seed9.pcf,dhfma,0,0,13923540,2587,2586,10812235413995393043,13120,23f703aa3bc9,2026-08-28T16:54:04Z,10000,9999,1,,,,,,,,,,,,,,,,,
campaign_d_path,path_n10000_exact-ties_seed9.pcf,dhfma,1,0,13620653,2587,2586,10812235413995393043,13120,23f703aa3bc9,2026-08-28T16:54:04Z,10000,9999,1,,,,,,,,,,,,,,,,,
campaign_d_path,path_n10000_exact-ties_seed9.pcf,dhfma,2,0,13858291,2587,2586,10812235413995393043,13120,23f703aa3bc9,2026-08-28T16:54:04Z,10000,9999,1,,,,,,,,,,,,,,,,,
campaign_d_path,path_n10000_independent-positive_seed0.pcf,dhfma,0,0,14571425,4890,4889,165201474828750425,13120,23f703aa3bc9,2026-08-28T16:54:04Z,10000,9999,1,,,,,,,,,,,,,,,,,
campaign_d_path,path_n10000_independent-positive_seed0.pcf,dhfma,1,0,13873879,4890,4889,165201474828750425,13120,23f703aa3bc9,2026-08-28T16:54:04Z,10000,9999,1,,,,,,,,,,,,,,,,,
campaign_d_path,path_n10000_independent-positive_seed0.pcf,dhfma,2,0,13939655,4890,4889,165201474828750425,13120,23f703aa3bc9,2026-08-28T16:54:04Z,10000,9999,1,,,,,,,,,,,,,,,,,
campaign_d_path,path_n10000_independent-positive_seed1.pcf,dhfma,0,0,14400605,4918,4917,1702386270749931427,13120,23f703aa3bc9,2026-08-28T16:54:04Z,10000,9999,1,,,,,,,,,,,,,,,,,
campaign_d_path,path_n10000_independent-positive_seed1.pcf,dhfma,1,0,13922188,4918,4917,1702386270749931427,13120,23f703aa3bc9,2026-08-28T16:54:04Z,10000,9999,1,,,,,,,,,,,,,,,,,
campaign_d_path,path_n10000_independent-positive_seed1.pcf,dhfma,2,0,13960833,4918,4917,1702386270749931427,13120,23f703aa3bc9,2026-08-28T16:54:04Z,10000,9999,1,,,,,,,,,,,,,,,,,
campaign_d_path,path_n10000_independent-positive_seed2.pcf,dhfma,0,0,14459498,4956,4955,5531347929993215216,13120,23f703aa3bc9,2026-08-28T16:54:04Z,10000,9999,1,,,,,,,,,,,,,,,,,
campaign_d_path,path_n10000_independent-positive_seed2.pcf,dhfma,1,0,13748128,4956,4955,5531347929993215216,13120,23f703aa3bc9,2026-08-28T16:54:04Z,10000,9999,1,,,,,,,,,,,,,,,,,
campaign_d_path,path_n10000_independent-positive_seed2.pcf,dhfma,2,0,13854951,4956,4955,5531347929993215216,13120,23f703aa3bc9,2026-08-28T16:54:04Z,10000,9999,1,,,,,,,,,,,,,,,,,
campaign_d_path,path_n10000_independent-positive_seed3.pcf,dhfma,0,0,14615411,4977,4976,18375873411878858141,13120,23f703aa3bc9,2026-08-28T16:54:04Z,10000,9999,1,,,,,,,,,,,,,,,,,
campaign_d_path,path_n10000_independent-positive_seed3.pcf,dhfma,1,0,13790456,4977,4976,18375873411878858141,13120,23f703aa3bc9,2026-08-28T16:54:04Z,10000,9999,1,,,,,,,,,,,,,,,,,
campaign_d_path,path_n10000_independent-positive_seed3.pcf,dhfma,2,0,13888012,4977,4976,18375873411878858141,13120,23f703aa3bc9,2026-08-28T16:54:04Z,10000,9999,1,,,,,,,,,,,,,,,,,
campaign_d_path,path_n10000_independent-positive_seed4.pcf,dhfma,0,0,14323679,4940,4939,1278209394812949451,13120,23f703aa3bc9,2026-08-28T16:54:04Z,10000,9999,1,,,,,,,,,,,,,,,,,
campaign_d_path,path_n10000_independent-positive_seed4.pcf,dhfma,1,0,13704587,4940,4939,1278209394812949451,13120,23f703aa3bc9,2026-08-28T16:54:04Z,10000,9999,1,,,,,,,,,,,,,,,,,
campaign_d_path,path_n10000_independent-positive_seed4.pcf,dhfma,2,0,13846956,4940,4939,1278209394812949451,13120,23f703aa3bc9,2026-08-28T16:54:04Z,10000,9999,1,,,,,,,,,,,,,,,,,
campaign_d_path,path_n10000_independent-positive_seed5.pcf,dhfma,0,0,14556274,4991,4990,14356821770436688219,13120,23f703aa3bc9,2026-08-28T16:54:04Z,10000,9999,1,,,,,,,,,,,,,,,,,
campaign_d_path,path_n10000_independent-positive_seed5.pcf,dhfma,1,0,13895240,4991,4990,14356821770436688219,13120,23f703aa3bc9,2026-08-28T16:54:04Z,10000,9999,1,,,,,,,,,,,,,,,,,
campaign_d_path,path_n10000_independent-positive_seed5.pcf,dhfma,2,0,13948019,4991,4990,14356821770436688219,13120,23f703aa3bc9,2026-08-28T16:54:05Z,10000,9999,1,,,,,,,,,,,,,,,,,
campaign_d_path,path_n10000_independent-positive_seed6.pcf,dhfma,0,0,14497038,4924,4923,6688168621904199021,13120,23f703aa3bc9,2026-08-28T16:54:05Z,10000,9999,1,,,,,,,,,,,,,,,,,
campaign_d_path,path_n10000_independent-positive_seed6.pcf,dhfma,1,0,13893333,4924,4923,6688168621904199021,13120,23f703aa3bc9,2026-08-28T16:54:05Z,10000,9999,1,,,,,,,,,,,,,,,,,
campaign_d_path,path_n10000_independent-positive_seed6.pcf,dhfma,2,0,13971040,4924,4923,6688168621904199021,13120,23f703aa3bc9,2026-08-28T16:54:05Z,10000,9999,1,,,,,,,,,,,,,,,,,
campaign_d_path,path_n10000_independent-positive_seed7.pcf,dhfma,0,0,14454870,4897,4896,112054387251468976,13280,23f703aa3bc9,2026-08-28T16:54:05Z,10000,9999,1,,,,,,,,,,,,,,,,,
campaign_d_path,path_n10000_independent-positive_seed7.pcf,dhfma,1,0,13738882,4897,4896,112054387251468976,13280,23f703aa3bc9,2026-08-28T16:54:05Z,10000,9999,1,,,,,,,,,,,,,,,,,
campaign_d_path,path_n10000_independent-positive_seed7.pcf,dhfma,2,0,13951671,4897,4896,112054387251468976,13280,23f703aa3bc9,2026-08-28T16:54:05Z,10000,9999,1,,,,,,,,,,,,,,,,,
campaign_d_path,path_n10000_independent-positive_seed8.pcf,dhfma,0,0,14364492,4998,4997,7479772787614119993,13280,23f703aa3bc9,2026-08-28T16:54:05Z,10000,9999,1,,,,,,,,,,,,,,,,,
campaign_d_path,path_n10000_independent-positive_seed8.pcf,dhfma,1,0,13736953,4998,4997,7479772787614119993,13280,23f703aa3bc9,2026-08-28T16:54:05Z,10000,9999,1,,,,,,,,,,,,,,,,,
campaign_d_path,path_n10000_independent-positive_seed8.pcf,dhfma,2,0,13829423,4998,4997,7479772787614119993,13280,23f703aa3bc9,2026-08-28T16:54:05Z,10000,9999,1,,,,,,,,,,,,,,,,,
campaign_d_path,path_n10000_independent-positive_seed9.pcf,dhfma,0,0,14361609,4875,4874,6388530693239017550,13280,23f703aa3bc9,2026-08-28T16:54:05Z,10000,9999,1,,,,,,,,,,,,,,,,,
campaign_d_path,path_n10000_independent-positive_seed9.pcf,dhfma,1,0,13693224,4875,4874,6388530693239017550,13280,23f703aa3bc9,2026-08-28T16:54:05Z,10000,9999,1,,,,,,,,,,,,,,,,,
campaign_d_path,path_n10000_independent-positive_seed9.pcf,dhfma,2,0,13770260,4875,4874,6388530693239017550,13280,23f703aa3bc9,2026-08-28T16:54:05Z,10000,9999,1,,,,,,,,,,,,,,,,,
campaign_d_path,path_n10000_independent-signed_seed0.pcf,dhfma,0,0,14306583,4920,4919,16313502734203032525,13280,23f703aa3bc9,2026-08-28T16:54:05Z,10000,9999,1,,,,,,,,,,,,,,,,,
campaign_d_path,path_n10000_independent-signed_seed0.pcf,dhfma,1,0,13685312,4920,4919,16313502734203032525,13280,23f703aa3bc9,2026-08-28T16:54:05Z,10000,9999,1,,,,,,,,,,,,,,,,,
campaign_d_path,path_n10000_independent-signed_seed0.pcf,dhfma,2,0,13749635,4920,4919,16313502734203032525,13280,23f703aa3bc9,2026-08-28T16:54:05Z,10000,9999,1,,,,,,,,,,,,,,,,,
campaign_d_path,path_n10000_independent-signed_seed1.pcf,dhfma,0,0,14309245,5010,5009,6652085950301939012,13280,23f703aa3bc9,2026-08-28T16:54:05Z,10000,9999,1,,,,,,,,,,,,,,,,,
campaign_d_path,path_n10000_independent-signed_seed1.pcf,dhfma,1,0,13604663,5010,5009,6652085950301939012,13280,23f703aa3bc9,2026-08-28T16:54:05Z,10000,9999,1,,,,,,,,,,,,,,,,,
campaign_d_path,path_n10000_independent-signed_seed1.pcf,dhfma,2,0,13754506,5010,5009,6652085950301939012,13280,23f703aa3bc9,2026-08-28T16:54:05Z,10000,9999,1,,,,,,,,,,,,,,,,,
campaign_d_path,path_n10000_independent-signed_seed2.pcf,dhfma,0,0,14185370,4942,4941,4642837422468154587,13280,23f703aa3bc9,2026-08-28T16:54:05Z,10000,9999,1,,,,,,,,,,,,,,,,,
campaign_d_path,path_n10000_independent-signed_seed2.pcf,dhfma,1,0,13549185,4942,4941,4642837422468154587,13280,23f703aa3bc9,2026-08-28T16:54:05Z,10000,9999,1,,,,,,,,,,,,,,,,,
campaign_d_path,path_n10000_independent-signed_seed2.pcf,dhfma,2,0,13666020,4942,4941,4642837422468154587,13280,23f703aa3bc9,2026-08-28T16:54:05Z,10000,9999,1,,,,,,,,,,,,,,,,,
campaign_d_path,path_n10000_independent-signed_seed3.pcf,dhfma,0,0,14290347,4930,4929,14865875662381712853,13280,23f703aa3bc9,2026-08-28T16:54:05Z,10000,9999,1,,,,,,,,,,,,,,,,,
campaign_d_path,path_n10000_independent-signed_seed3.pcf,dhfma,1,0,13650978,4930,4929,14865875662381712853,13280,23f703aa3bc9,2026-08-28T16:54:05Z,10000,9999,1,,,,,,,,,,,,,,,,,
campaign_d_path,path_n10000_independent-signed_seed3.pcf,dhfma,2,0,13790995,4930,4929,14865875662381712853,13280,23f703aa3bc9,2026-08-28T16:54:05Z,10000,9999,1,,,,,,,,,,,,,,,,,
campaign_d_path,path_n10000_independent-signed_seed4.pcf,dhfma,0,0,14278927,4926,4925,11496140966679387145,13280,23f703aa3bc9,2026-08-28T16:54:05Z,10000,9999,1,,,,,,,,,,,,,,,,,
campaign_d_path,path_n10000_independent-signed_seed4.pcf,dhfma,1,0,13668418,4926,4925,11496140966679387145,13280,23f703aa3bc9,2026-08-28T16:54:05Z,10000,9999,1,,,,,,,,,,,,,,,,,
campaign_d_path,path_n10000_independent-signed_seed4.pcf,dhfma,2,0,13804799,4926,4925,11496140966679387145,13280,23f703aa3bc9,2026-08-28T16:54:05Z,10000,9999,1,,,,,,,,,,,,,,,,,
campaign_d_path,path_n10000_independent-signed_seed5.pcf,dhfma,0,0,14356971,4969,4968,5370810503657543584,13280,23f703aa3bc9,2026-08-28T16:54:05Z,10000,9999,1,,,,,,,,,,,,,,,,,
campaign_d_path,path_n10000_independent-signed_seed5.pcf,dhfma,1,0,13762516,4969,4968,5370810503657543584,13280,23f703aa3bc9,2026-08-28T16:54:05Z,10000,9999,1,,,,,,,,,,,,,,,,,
campaign_d_path,path_n10000_independent-signed_seed5.pcf,dhfma,2,0,13828274,4969,4968,5370810503657543584,13280,23f703aa3bc9,2026-08-28T16:54:05Z,10000,9999,1,,,,,,,,,,,,,,,,,
campaign_d_path,path_n10000_independent-signed_seed6.pcf,dhfma,0,0,14376699,5041,5040,9666978801020557233,13280,23f703aa3bc9,2026-08-28T16:54:05Z,10000,9999,1,,,,,,,,,,,,,,,,,
campaign_d_path,path_n10000_independent-signed_seed6.pcf,dhfma,1,0,14062656,5041,5040,9666978801020557233,13280,23f703aa3bc9,2026-08-28T16:54:05Z,10000,9999,1,,,,,,,,,,,,,,,,,
campaign_d_path,path_n10000_independent-signed_seed6.pcf,dhfma,2,0,13909779,5041,5040,9666978801020557233,13280,23f703aa3bc9,2026-08-28T16:54:05Z,10000,9999,1,,,,,,,,,,,,,,,,,
campaign_d_path,path_n10000_independent-signed_seed7.pcf,dhfma,0,0,14531268,4943,4942,4080507623956079359,13280,23f703aa3bc9,2026-08-28T16:54:05Z,10000,9999,1,,,,,,,,,,,,,,,,,
campaign_d_path,path_n10000_independent-signed_seed7.pcf,dhfma,1,0,13843452,4943,4942,4080507623956079359,13280,23f703aa3bc9,2026-08-28T16:54:05Z,10000,9999,1,,,,,,,,,,,,,,,,,
campaign_d_path,path_n10000_independent-signed_seed7.pcf,dhfma,2,0,13786334,4943,4942,4080507623956079359,13280,23f703aa3bc9,2026-08-28T16:54:05Z,10000,9999,1,,,,,,,,,,,,,,,,,
campaign_d_path,path_n10000_independent-signed_seed8.pcf,dhfma,0,0,14206093,5020,5019,16997397518330944111,13280,23f703aa3bc9,2026-08-28T16:54:05Z,10000,9999,1,,,,,,,,,,,,,,,,,
campaign_d_path,path_n10000_independent-signed_seed8.pcf,dhfma,1,0,13799608,5020,5019,16997397518330944111,13280,23f703aa3bc9,2026-08-28T16:54:05Z,10000,9999,1,,,,,,,,,,,,,,,,,
campaign_d_path,path_n10000_independent-signed_seed8.pcf,dhfma,2,0,13742121,5020,5019,16997397518330944111,13280,23f703aa3bc9,2026-08-28T16:54:05Z,10000,9999,1,,,,,,,,,,,,,,,,,
campaign_d_path,path_n10000_independent-signed_seed9.pcf,dhfma,0,0,14285335,5035,5034,9768584029125638535,13280,23f703aa3bc9,2026-08-28T16:54:05Z,10000,9999,1,,,,,,,,,,,,,,,,,
campaign_d_path,path_n10000_independent-signed_seed9.pcf,dhfma,1,0,13823676,5035,5034,9768584029125638535,13280,23f703aa3bc9,2026-08-28T16:54:05Z,10000,9999,1,,,,,,,,,,,,,,,,,
campaign_d_path,path_n10000_independent-signed_seed9.pcf,dhfma,2,0,13680310,5035,5034,9768584029125638535,13280,23f703aa3bc9,2026-08-28T16:54:05Z,10000,9999,1,,,,,,,,,,,,,,,,,
campaign_d_path,path_n10000_near-ties_seed0.pcf,dhfma,0,0,13241924,785,784,722991237801846090,13280,23f703aa3bc9,2026-08-28T16:54:05Z,10000,9999,1,,,,,,,,,,,,,,,,,
campaign_d_path,path_n10000_near-ties_seed0.pcf,dhfma,1,0,12858686,785,784,722991237801846090,13280,23f703aa3bc9,2026-08-28T16:54:05Z,10000,9999,1,,,,,,,,,,,,,,,,,
campaign_d_path,path_n10000_near-ties_seed0.pcf,dhfma,2,0,12900660,785,784,722991237801846090,13280,23f703aa3bc9,2026-08-28T16:54:05Z,10000,9999,1,,,,,,,,,,,,,,,,,
campaign_d_path,path_n10000_near-ties_seed1.pcf,dhfma,0,0,13196895,809,808,13261869508266876661,13280,23f703aa3bc9,2026-08-28T16:54:05Z,10000,9999,1,,,,,,,,,,,,,,,,,
campaign_d_path,path_n10000_near-ties_seed1.pcf,dhfma,1,0,13067416,809,808,13261869508266876661,13280,23f703aa3bc9,2026-08-28T16:54:05Z,10000,9999,1,,,,,,,,,,,,,,,,,
campaign_d_path,path_n10000_near-ties_seed1.pcf,dhfma,2,0,12808889,809,808,13261869508266876661,13280,23f703aa3bc9,2026-08-28T16:54:05Z,10000,9999,1,,,,,,,,,,,,,,,,,
campaign_d_path,path_n10000_near-ties_seed2.pcf,dhfma,0,0,13128896,802,801,14174576963081438931,13280,23f703aa3bc9,2026-08-28T16:54:05Z,10000,9999,1,,,,,,,,,,,,,,,,,
campaign_d_path,path_n10000_near-ties_seed2.pcf,dhfma,1,0,12976824,802,801,14174576963081438931,13280,23f703aa3bc9,2026-08-28T16:54:05Z,10000,9999,1,,,,,,,,,,,,,,,,,
campaign_d_path,path_n10000_near-ties_seed2.pcf,dhfma,2,0,13015766,802,801,14174576963081438931,13280,23f703aa3bc9,2026-08-28T16:54:05Z,10000,9999,1,,,,,,,,,,,,,,,,,
campaign_d_path,path_n10000_near-ties_seed3.pcf,dhfma,0,0,13042816,766,765,15447956281389617138,13280,23f703aa3bc9,2026-08-28T16:54:05Z,10000,9999,1,,,,,,,,,,,,,,,,,
campaign_d_path,path_n10000_near-ties_seed3.pcf,dhfma,1,0,13009502,766,765,15447956281389617138,13280,23f703aa3bc9,2026-08-28T16:54:05Z,10000,9999,1,,,,,,,,,,,,,,,,,
campaign_d_path,path_n10000_near-ties_seed3.pcf,dhfma,2,0,12935177,766,765,15447956281389617138,13280,23f703aa3bc9,2026-08-28T16:54:05Z,10000,9999,1,,,,,,,,,,,,,,,,,
campaign_d_path,path_n10000_near-ties_seed4.pcf,dhfma,0,0,13104532,787,786,8388069861007320161,13280,23f703aa3bc9,2026-08-28T16:54:05Z,10000,9999,1,,,,,,,,,,,,,,,,,
campaign_d_path,path_n10000_near-ties_seed4.pcf,dhfma,1,0,13020519,787,786,8388069861007320161,13280,23f703aa3bc9,2026-08-28T16:54:05Z,10000,9999,1,,,,,,,,,,,,,,,,,
campaign_d_path,path_n10000_near-ties_seed4.pcf,dhfma,2,0,12922366,787,786,8388069861007320161,13280,23f703aa3bc9,2026-08-28T16:54:05Z,10000,9999,1,,,,,,,,,,,,,,,,,
campaign_d_path,path_n10000_near-ties_seed5.pcf,dhfma,0,0,13277413,776,775,6080089703174090715,13280,23f703aa3bc9,2026-08-28T16:54:05Z,10000,9999,1,,,,,,,,,,,,,,,,,
campaign_d_path,path_n10000_near-ties_seed5.pcf,dhfma,1,0,13131146,776,775,6080089703174090715,13280,23f703aa3bc9,2026-08-28T16:54:05Z,10000,9999,1,,,,,,,,,,,,,,,,,
campaign_d_path,path_n10000_near-ties_seed5.pcf,dhfma,2,0,12947975,776,775,6080089703174090715,13280,23f703aa3bc9,2026-08-28T16:54:05Z,10000,9999,1,,,,,,,,,,,,,,,,,
campaign_d_path,path_n10000_near-ties_seed6.pcf,dhfma,0,0,12855217,777,776,5982006985278666760,13440,23f703aa3bc9,2026-08-28T16:54:06Z,10000,9999,1,,,,,,,,,,,,,,,,,
campaign_d_path,path_n10000_near-ties_seed6.pcf,dhfma,1,0,12579097,777,776,5982006985278666760,13440,23f703aa3bc9,2026-08-28T16:54:06Z,10000,9999,1,,,,,,,,,,,,,,,,,
campaign_d_path,path_n10000_near-ties_seed6.pcf,dhfma,2,0,11294639,777,776,5982006985278666760,13440,23f703aa3bc9,2026-08-28T16:54:06Z,10000,9999,1,,,,,,,,,,,,,,,,,
campaign_d_path,path_n10000_near-ties_seed7.pcf,dhfma,0,0,12448154,774,773,16386033622062410773,13440,23f703aa3bc9,2026-08-28T16:54:06Z,10000,9999,1,,,,,,,,,,,,,,,,,
campaign_d_path,path_n10000_near-ties_seed7.pcf,dhfma,1,0,12281747,774,773,16386033622062410773,13440,23f703aa3bc9,2026-08-28T16:54:06Z,10000,9999,1,,,,,,,,,,,,,,,,,
campaign_d_path,path_n10000_near-ties_seed7.pcf,dhfma,2,0,12035764,774,773,16386033622062410773,13440,23f703aa3bc9,2026-08-28T16:54:06Z,10000,9999,1,,,,,,,,,,,,,,,,,
campaign_d_path,path_n10000_near-ties_seed8.pcf,dhfma,0,0,12876201,787,786,16968473259144532824,13440,23f703aa3bc9,2026-08-28T16:54:06Z,10000,9999,1,,,,,,,,,,,,,,,,,
campaign_d_path,path_n10000_near-ties_seed8.pcf,dhfma,1,0,12686337,787,786,16968473259144532824,13440,23f703aa3bc9,2026-08-28T16:54:06Z,10000,9999,1,,,,,,,,,,,,,,,,,
campaign_d_path,path_n10000_near-ties_seed8.pcf,dhfma,2,0,12688435,787,786,16968473259144532824,13440,23f703aa3bc9,2026-08-28T16:54:06Z,10000,9999,1,,,,,,,,,,,,,,,,,
campaign_d_path,path_n10000_near-ties_seed9.pcf,dhfma,0,0,12738172,795,794,9485693402475891299,13440,23f703aa3bc9,2026-08-28T16:54:06Z,10000,9999,1,,,,,,,,,,,,,,,,,
campaign_d_path,path_n10000_near-ties_seed9.pcf,dhfma,1,0,12534109,795,794,9485693402475891299,13440,23f703aa3bc9,2026-08-28T16:54:06Z,10000,9999,1,,,,,,,,,,,,,,,,,
campaign_d_path,path_n10000_near-ties_seed9.pcf,dhfma,2,0,12519434,795,794,9485693402475891299,13440,23f703aa3bc9,2026-08-28T16:54:06Z,10000,9999,1,,,,,,,,,,,,,,,,,
campaign_d_path,path_n1000_anti-correlated_seed0.pcf,dhfma,0,0,1214573,502,501,16935519621515723462,13440,23f703aa3bc9,2026-08-28T16:54:06Z,1000,999,1,,,,,,,,,,,,,,,,,
campaign_d_path,path_n1000_anti-correlated_seed0.pcf,dhfma,1,0,1169661,502,501,16935519621515723462,13440,23f703aa3bc9,2026-08-28T16:54:06Z,1000,999,1,,,,,,,,,,,,,,,,,
campaign_d_path,path_n1000_anti-correlated_seed0.pcf,dhfma,2,0,1184467,502,501,16935519621515723462,13440,23f703aa3bc9,2026-08-28T16:54:06Z,1000,999,1,,,,,,,,,,,,,,,,,
campaign_d_path,path_n1000_anti-correlated_seed1.pcf,dhfma,0,0,1250385,492,491,1924066342807025193,13440,23f703aa3bc9,2026-08-28T16:54:06Z,1000,999,1,,,,,,,,,,,,,,,,,
campaign_d_path,path_n1000_anti-correlated_seed1.pcf,dhfma,1,0,1157161,492,491,1924066342807025193,13440,23f703aa3bc9,2026-08-28T16:54:06Z,1000,999,1,,,,,,,,,,,,,,,,,
campaign_d_path,path_n1000_anti-correlated_seed1.pcf,dhfma,2,0,1228496,492,491,1924066342807025193,13440,23f703aa3bc9,2026-08-28T16:54:06Z,1000,999,1,,,,,,,,,,,,,,,,,
campaign_d_path,path_n1000_anti-correlated_seed2.pcf,dhfma,0,0,1218006,480,479,536714764170904666,13440,23f703aa3bc9,2026-08-28T16:54:06Z,1000,999,1,,,,,,,,,,,,,,,,,
campaign_d_path,path_n1000_anti-correlated_seed2.pcf,dhfma,1,0,1197157,480,479,536714764170904666,13440,23f703aa3bc9,2026-08-28T16:54:06Z,1000,999,1,,,,,,,,,,,,,,,,,
campaign_d_path,path_n1000_anti-correlated_seed2.pcf,dhfma,2,0,1222465,480,479,536714764170904666,13440,23f703aa3bc9,2026-08-28T16:54:06Z,1000,999,1,,,,,,,,,,,,,,,,,
campaign_d_path,path_n1000_anti-correlated_seed3.pcf,dhfma,0,0,1212648,502,501,161551509251267905,13440,23f703aa3bc9,2026-08-28T16:54:06Z,1000,999,1,,,,,,,,,,,,,,,,,
campaign_d_path,path_n1000_anti-correlated_seed3.pcf,dhfma,1,0,1208001,502,501,161551509251267905,13440,23f703aa3bc9,2026-08-28T16:54:06Z,1000,999,1,,,,,,,,,,,,,,,,,
campaign_d_path,path_n1000_anti-correlated_seed3.pcf,dhfma,2,0,1189545,502,501,161551509251267905,13440,23f703aa3bc9,2026-08-28T16:54:06Z,1000,999,1,,,,,,,,,,,,,,,,,
campaign_d_path,path_n1000_anti-correlated_seed4.pcf,dhfma,0,0,1248215,505,504,12791867884987072815,13440,23f703aa3bc9,2026-08-28T16:54:06Z,1000,999,1,,,,,,,,,,,,,,,,,
campaign_d_path,path_n1000_anti-correlated_seed4.pcf,dhfma,1,0,1218943,505,504,12791867884987072815,13440,23f703aa3bc9,2026-08-28T16:54:06Z,1000,999,1,,,,,,,,,,,,,,,,,
campaign_d_path,path_n1000_anti-correlated_seed4.pcf,dhfma,2,0,1184124,505,504,12791867884987072815,13440,23f703aa3bc9,2026-08-28T16:54:06Z,1000,999,1,,,,,,,,,,,,,,,,,
campaign_d_path,path_n1000_anti-correlated_seed5.pcf,dhfma,0,0,1264296,482,481,11555328670351850166,13440,23f703aa3bc9,2026-08-28T16:54:06Z,1000,999,1,,,,,,,,,,,,,,,,,
campaign_d_path,path_n1000_anti-correlated_seed5.pcf,dhfma,1,0,1187527,482,481,11555328670351850166,13440,23f703aa3bc9,2026-08-28T16:54:06Z,1000,999,1,,,,,,,,,,,,,,,,,
campaign_d_path,path_n1000_anti-correlated_seed5.pcf,dhfma,2,0,1180972,482,481,11555328670351850166,13440,23f703aa3bc9,2026-08-28T16:54:06Z,1000,999,1,,,,,,,,,,,,,,,,,
campaign_d_path,path_n1000_anti-correlated_seed6.pcf,dhfma,0,0,1206734,492,491,10658087021322306727,13440,23f703aa3bc9,2026-08-28T16:54:06Z,1000,999,1,,,,,,,,,,,,,,,,,
campaign_d_path,path_n1000_anti-correlated_seed6.pcf,dhfma,1,0,1178062,492,491,10658087021322306727,13440,23f703aa3bc9,2026-08-28T16:54:06Z,1000,999,1,,,,,,,,,,,,,,,,,
campaign_d_path,path_n1000_anti-correlated_seed6.pcf,dhfma,2,0,1158063,492,491,10658087021322306727,13440,23f703aa3bc9,2026-08-28T16:54:06Z,1000,999,1,,,,,,,,,,,,,,,,,
campaign_d_path,path_n1000_anti-correlated_seed7.pcf,dhfma,0,0,1299545,532,531,8736938258054479315,13440,23f703aa3bc9,2026-08-28T16:54:06Z,1000,999,1,,,,,,,,,,,,,,,,,
campaign_d_path,path_n1000_anti-correlated_seed7.pcf,dhfma,1,0,1211279,532,531,8736938258054479315,13440,23f703aa3bc9,2026-08-28T16:54:06Z,1000,999,1,,,,,,,,,,,,,,,,,
campaign_d_path,path_n1000_anti-correlated_seed7.pcf,dhfma,2,0,1188223,532,531,8736938258054479315,13440,23f703aa3bc9,2026-08-28T16:54:06Z,1000,999,1,,,,,,,,,,,,,,,,,
campaign_d_path,path_n1000_anti-correlated_seed8.pcf,dhfma,0,0,1225713,516,515,7325817241273788531,13440,23f703aa3bc9,2026-08-28T16:54:06Z,1000,999,1,,,,,,,,,,,,,,,,,
campaign_d_path,path_n1000_anti-correlated_seed8.pcf,dhfma,1,0,1210507,516,515,7325817241273788531,13440,23f703aa3bc9,2026-08-28T16:54:06Z,1000,999,1,,,,,,,,,,,,,,,,,
campaign_d_path,path_n1000_anti-correlated_seed8.pcf,dhfma,2,0,1164042,516,515,7325817241273788531,13440,23f703aa3bc9,2026-08-28T16:54:06Z,1000,999,1,,,,,,,,,,,,,,,,,
campaign_d_path,path_n1000_anti-correlated_seed9.pcf,dhfma,0,0,1223467,522,521,13819279261967935110,13440,23f703aa3bc9,2026-08-28T16:54:06Z,1000,999,1,,,,,,,,,,,,,,,,,
campaign_d_path,path_n1000_anti-correlated_seed9.pcf,dhfma,1,0,1169994,522,521,13819279261967935110,13440,23f703aa3bc9,2026-08-28T16:54:06Z,1000,999,1,,,,,,,,,,,,,,,,,
campaign_d_path,path_n1000_anti-correlated_seed9.pcf,dhfma,2,0,1172067,522,521,13819279261967935110,13440,23f703aa3bc9,2026-08-28T16:54:06Z,1000,999,1,,,,,,,,,,,,,,,,,
campaign_d_path,path_n1000_correlated_seed0.pcf,dhfma,0,0,1344486,487,486,7433161118459289135,13440,23f703aa3bc9,2026-08-28T16:54:06Z,1000,999,1,,,,,,,,,,,,,,,,,
campaign_d_path,path_n1000_correlated_seed0.pcf,dhfma,1,0,1211620,487,486,7433161118459289135,13440,23f703aa3bc9,2026-08-28T16:54:06Z,1000,999,1,,,,,,,,,,,,,,,,,
campaign_d_path,path_n1000_correlated_seed0.pcf,dhfma,2,0,1205898,487,486,7433161118459289135,13440,23f703aa3bc9,2026-08-28T16:54:06Z,1000,999,1,,,,,,,,,,,,,,,,,
campaign_d_path,path_n1000_correlated_seed1.pcf,dhfma,0,0,1187089,502,501,9668108733299075144,13440,23f703aa3bc9,2026-08-28T16:54:06Z,1000,999,1,,,,,,,,,,,,,,,,,
campaign_d_path,path_n1000_correlated_seed1.pcf,dhfma,1,0,1150731,502,501,9668108733299075144,13440,23f703aa3bc9,2026-08-28T16:54:06Z,1000,999,1,,,,,,,,,,,,,,,,,
campaign_d_path,path_n1000_correlated_seed1.pcf,dhfma,2,0,1177463,502,501,9668108733299075144,13440,23f703aa3bc9,2026-08-28T16:54:06Z,1000,999,1,,,,,,,,,,,,,,,,,
campaign_d_path,path_n1000_correlated_seed2.pcf,dhfma,0,0,1199066,479,478,16001192211034580430,13440,23f703aa3bc9,2026-08-28T16:54:06Z,1000,999,1,,,,,,,,,,,,,,,,,
campaign_d_path,path_n1000_correlated_seed2.pcf,dhfma,1,0,1147856,479,478,16001192211034580430,13440,23f703aa3bc9,2026-08-28T16:54:06Z,1000,999,1,,,,,,,,,,,,,,,,,
campaign_d_path,path_n1000_correlated_seed2.pcf,dhfma,2,0,1149276,479,478,16001192211034580430,13440,23f703aa3bc9,2026-08-28T16:54:06Z,1000,999,1,,,,,,,,,,,,,,,,,
campaign_d_path,path_n1000_correlated_seed3.pcf,dhfma,0,0,1254082,512,511,16694597662282392873,13440,23f703aa3bc9,2026-08-28T16:54:06Z,1000,999,1,,,,,,,,,,,,,,,,,
campaign_d_path,path_n1000_correlated_seed3.pcf,dhfma,1,0,1159591,512,511,16694597662282392873,13440,23f703aa3bc9,2026-08-28T16:54:06Z,1000,999,1,,,,,,,,,,,,,,,,,
campaign_d_path,path_n1000_correlated_seed3.pcf,dhfma,2,0,1152427,512,511,16694597662282392873,13440,23f703aa3bc9,2026-08-28T16:54:06Z,1000,999,1,,,,,,,,,,,,,,,,,
campaign_d_path,path_n1000_correlated_seed4.pcf,dhfma,0,0,1195522,468,467,1064764176270096069,13600,23f703aa3bc9,2026-08-28T16:54:06Z,1000,999,1,,,,,,,,,,,,,,,,,
campaign_d_path,path_n1000_correlated_seed4.pcf,dhfma,1,0,1150998,468,467,1064764176270096069,13600,23f703aa3bc9,2026-08-28T16:54:06Z,1000,999,1,,,,,,,,,,,,,,,,,
campaign_d_path,path_n1000_correlated_seed4.pcf,dhfma,2,0,1160365,468,467,1064764176270096069,13600,23f703aa3bc9,2026-08-28T16:54:06Z,1000,999,1,,,,,,,,,,,,,,,,,
campaign_d_path,path_n1000_correlated_seed5.pcf,dhfma,0,0,1206884,490,489,17956302385991228350,13600,23f703aa3bc9,2026-08-28T16:54:06Z,1000,999,1,,,,,,,,,,,,,,,,,
campaign_d_path,path_n1000_correlated_seed5.pcf,dhfma,1,0,1140111,490,489,17956302385991228350,13600,23f703aa3bc9,2026-08-28T16:54:06Z,1000,999,1,,,,,,,,,,,,,,,,,
campaign_d_path,path_n1000_correlated_seed5.pcf,dhfma,2,0,1142276,490,489,17956302385991228350,13600,23f703aa3bc9,2026-08-28T16:54:06Z,1000,999,1,,,,,,,,,,,,,,,,,
campaign_d_path,path_n1000_correlated_seed6.pcf,dhfma,0,0,1203437,515,514,14527202624831157941,13600,23f703aa3bc9,2026-08-28T16:54:06Z,1000,999,1,,,,,,,,,,,,,,,,,
campaign_d_path,path_n1000_correlated_seed6.pcf,dhfma,1,0,1162395,515,514,14527202624831157941,13600,23f703aa3bc9,2026-08-28T16:54:06Z,1000,999,1,,,,,,,,,,,,,,,,,
campaign_d_path,path_n1000_correlated_seed6.pcf,dhfma,2,0,1148521,515,514,14527202624831157941,13600,23f703aa3bc9,2026-08-28T16:54:06Z,1000,999,1,,,,,,,,,,,,,,,,,
campaign_d_path,path_n1000_correlated_seed7.pcf,dhfma,0,0,1303437,465,464,8020516593491210679,13600,23f703aa3bc9,2026-08-28T16:54:06Z,1000,999,1,,,,,,,,,,,,,,,,,
campaign_d_path,path_n1000_correlated_seed7.pcf,dhfma,1,0,1167249,465,464,8020516593491210679,13600,23f703aa3bc9,2026-08-28T16:54:06Z,1000,999,1,,,,,,,,,,,,,,,,,
campaign_d_path,path_n1000_correlated_seed7.pcf,dhfma,2,0,1154293,465,464,8020516593491210679,13600,23f703aa3bc9,2026-08-28T16:54:06Z,1000,999,1,,,,,,,,,,,,,,,,,
campaign_d_path,path_n1000_correlated_seed8.pcf,dhfma,0,0,1169107,489,488,4517763012840538860,13600,23f703aa3bc9,2026-08-28T16:54:06Z,1000,999,1,,,,,,,,,,,,,,,,,
campaign_d_path,path_n1000_correlated_seed8.pcf,dhfma,1,0,1214852,489,488,4517763012840538860,13600,23f703aa3bc9,2026-08-28T16:54:06Z,1000,999,1,,,,,,,,,,,,,,,,,
campaign_d_path,path_n1000_correlated_seed8.pcf,dhfma,2,0,1210852,489,488,4517763012840538860,13600,23f703aa3bc9,2026-08-28T16:54:06Z,1000,999,1,,,,,,,,,,,,,,,,,
campaign_d_path,path_n1000_correlated_seed9.pcf,dhfma,0,0,1311191,491,490,987591904912111865,13600,23f703aa3bc9,2026-08-28T16:54:06Z,1000,999,1,,,,,,,,,,,,,,,,,
campaign_d_path,path_n1000_correlated_seed9.pcf,dhfma,1,0,1195355,491,490,987591904912111865,13600,23f703aa3bc9,2026-08-28T16:54:06Z,1000,999,1,,,,,,,,,,,,,,,,,
campaign_d_path,path_n1000_correlated_seed9.pcf,dhfma,2,0,1177809,491,490,987591904912111865,13600,23f703aa3bc9,2026-08-28T16:54:06Z,1000,999,1,,,,,,,,,,,,,,,,,
campaign_d_path,path_n1000_exact-ties_seed0.pcf,dhfma,0,0,1165458,281,280,18443870756850826800,13600,23f703aa3bc9,2026-08-28T16:54:06Z,1000,999,1,,,,,,,,,,,,,,,,,
campaign_d_path,path_n1000_exact-ties_seed0.pcf,dhfma,1,0,1144400,281,280,18443870756850826800,13600,23f703aa3bc9,2026-08-28T16:54:06Z,1000,999,1,,,,,,,,,,,,,,,,,
campaign_d_path,path_n1000_exact-ties_seed0.pcf,dhfma,2,0,1119192,281,280,18443870756850826800,13600,23f703aa3bc9,2026-08-28T16:54:06Z,1000,999,1,,,,,,,,,,,,,,,,,
campaign_d_path,path_n1000_exact-ties_seed1.pcf,dhfma,0,0,1294046,282,281,4085726216631117174,13600,23f703aa3bc9,2026-08-28T16:54:06Z,1000,999,1,,,,,,,,,,,,,,,,,
campaign_d_path,path_n1000_exact-ties_seed1.pcf,dhfma,1,0,1116018,282,281,4085726216631117174,13600,23f703aa3bc9,2026-08-28T16:54:06Z,1000,999,1,,,,,,,,,,,,,,,,,
campaign_d_path,path_n1000_exact-ties_seed1.pcf,dhfma,2,0,1173599,282,281,4085726216631117174,13600,23f703aa3bc9,2026-08-28T16:54:06Z,1000,999,1,,,,,,,,,,,,,,,,,
campaign_d_path,path_n1000_exact-ties_seed2.pcf,dhfma,0,0,1247915,299,298,8224018542053058774,13600,23f703aa3bc9,2026-08-28T16:54:06Z,1000,999,1,,,,,,,,,,,,,,,,,
campaign_d_path,path_n1000_exact-ties_seed2.pcf,dhfma,1,0,1133516,299,298,8224018542053058774,13600,23f703aa3bc9,2026-08-28T16:54:06Z,1000,999,1,,,,,,,,,,,,,,,,,
campaign_d_path,path_n1000_exact-ties_seed2.pcf,dhfma,2,0,1130620,299,298,8224018542053058774,13600,23f703aa3bc9,2026-08-28T16:54:06Z,1000,999,1,,,,,,,,,,,,,,,,,
campaign_d_path,path_n1000_exact-ties_seed3.pcf,dhfma,0,0,1199712,294,293,7709956160726887228,13600,23f703aa3bc9,2026-08-28T16:54:06Z,1000,999,1,,,,,,,,,,,,,,,,,
campaign_d_path,path_n1000_exact-ties_seed3.pcf,dhfma,1,0,1156577,294,293,7709956160726887228,13600,23f703aa3bc9,2026-08-28T16:54:06Z,1000,999,1,,,,,,,,,,,,,,,,,
campaign_d_path,path_n1000_exact-ties_seed3.pcf,dhfma,2,0,1154428,294,293,7709956160726887228,13600,23f703aa3bc9,2026-08-28T16:54:06Z,1000,999,1,,,,,,,,,,,,,,,,,
campaign_d_path,path_n1000_exact-ties_seed4.pcf,dhfma,0,0,1172639,292,291,15696242731569857575,13600,23f703aa3bc9,2026-08-28T16:54:06Z,1000,999,1,,,,,,,,,,,,,,,,,
campaign_d_path,path_n1000_exact-ties_seed4.pcf,dhfma,1,0,1119192,292,291,15696242731569857575,13600,23f703aa3bc9,2026-08-28T16:54:06Z,1000,999,1,,,,,,,,,,,,,,,,,
campaign_d_path,path_n1000_exact-ties_seed4.pcf,dhfma,2,0,1146511,292,291,15696242731569857575,13600,23f703aa3bc9,2026-08-28T16:54:06Z,1000,999,1,,,,,,,,,,,,,,,,,
campaign_d_path,path_n1000_exact-ties_seed5.pcf,dhfma,0,0,1197108,289,288,9051183140272186348,13600,23f703aa3bc9,2026-08-28T16:54:06Z,1000,999,1,,,,,,,,,,,,,,,,,
campaign_d_path,path_n1000_exact-ties_seed5.pcf,dhfma,1,0,1156794,289,288,9051183140272186348,13600,23f703aa3bc9,2026-08-28T16:54:06Z,1000,999,1,,,,,,,,,,,,,,,,,
campaign_d_path,path_n1000_exact-ties_seed5.pcf,dhfma,2,0,1139165,289,288,9051183140272186348,13600,23f703aa3bc9,2026-08-28T16:54:06Z,1000,999,1,,,,,,,,,,,,,,,,,
campaign_d_path,path_n1000_exact-ties_seed6.pcf,dhfma,0,0,1242254,281,280,7330265068900645551,13600,23f703aa3bc9,2026-08-28T16:54:06Z,1000,999,1,,,,,,,,,,,,,,,,,
campaign_d_path,path_n1000_exact-ties_seed6.pcf,dhfma,1,0,1104231,281,280,7330265068900645551,13600,23f703aa3bc9,2026-08-28T16:54:06Z,1000,999,1,,,,,,,,,,,,,,,,,
campaign_d_path,path_n1000_exact-ties_seed6.pcf,dhfma,2,0,1105680,281,280,7330265068900645551,13600,23f703aa3bc9,2026-08-28T16:54:06Z,1000,999,1,,,,,,,,,,,,,,,,,
campaign_d_path,path_n1000_exact-ties_seed7.pcf,dhfma,0,0,1287907,281,280,3668408722758941777,13600,23f703aa3bc9,2026-08-28T16:54:06Z,1000,999,1,,,,,,,,,,,,,,,,,
campaign_d_path,path_n1000_exact-ties_seed7.pcf,dhfma,1,0,1158364,281,280,3668408722758941777,13600,23f703aa3bc9,2026-08-28T16:54:06Z,1000,999,1,,,,,,,,,,,,,,,,,
campaign_d_path,path_n1000_exact-ties_seed7.pcf,dhfma,2,0,1159143,281,280,3668408722758941777,13600,23f703aa3bc9,2026-08-28T16:54:06Z,1000,999,1,,,,,,,,,,,,,,,,,
campaign_d_path,path_n1000_exact-ties_seed8.pcf,dhfma,0,0,1149348,264,263,928583672306593038,13600,23f703aa3bc9,2026-08-28T16:54:06Z,1000,999,1,,,,,,,,,,,,,,,,,
campaign_d_path,path_n1000_exact-ties_seed8.pcf,dhfma,1,0,1114862,264,263,928583672306593038,13600,23f703aa3bc9,2026-08-28T16:54:06Z,1000,999,1,,,,,,,,,,,,,,,,,
campaign_d_path,path_n1000_exact-ties_seed8.pcf,dhfma,2,0,1141045,264,263,928583672306593038,13600,23f703aa3bc9,2026-08-28T16:54:06Z,1000,999,1,,,,,,,,,,,,,,,,,
campaign_d_path,path_n1000_exact-ties_seed9.pcf,dhfma,0,0,1188797,291,290,10398986907534139829,13600,23f703aa3bc9,2026-08-28T16:54:06Z,1000,999,1,,,,,,,,,,,,,,,,,
campaign_d_path,path_n1000_exact-ties_seed9.pcf,dhfma,1,0,1151449,291,290,10398986907534139829,13600,23f703aa3bc9,2026-08-28T16:54:06Z,1000,999,1,,,,,,,,,,,,,,,,,
campaign_d_path,path_n1000_exact-ties_seed9.pcf,dhfma,2,0,1175123,291,290,10398986907534139829,13600,23f703aa3bc9,2026-08-28T16:54:06Z,1000,999,1,,,,,,,,,,,,,,,,,
campaign_d_path,path_n1000_independent-positive_seed0.pcf,dhfma,0,0,1248297,506,505,10353653714617739437,13600,23f703aa3bc9,2026-08-28T16:54:06Z,1000,999,1,,,,,,,,,,,,,,,,,
campaign_d_path,path_n1000_independent-positive_seed0.pcf,dhfma,1,0,1174412,506,505,10353653714617739437,13600,23f703aa3bc9,2026-08-28T16:54:06Z,1000,999,1,,,,,,,,,,,,,,,,,
campaign_d_path,path_n1000_independent-positive_seed0.pcf,dhfma,2,0,1169185,506,505,10353653714617739437,13600,23f703aa3bc9,2026-08-28T16:54:06Z,1000,999,1,,,,,,,,,,,,,,,,,
campaign_d_path,path_n1000_independent-positive_seed1.pcf,dhfma,0,0,1284794,515,514,15099045676642673986,13600,23f703aa3bc9,2026-08-28T16:54:06Z,1000,999,1,,,,,,,,,,,,,,,,,
campaign_d_path,path_n1000_independent-positive_seed1.pcf,dhfma,1,0,1150864,515,514,15099045676642673986,13600,23f703aa3bc9,2026-08-28T16:54:06Z,1000,999,1,,,,,,,,,,,,,,,,,
campaign_d_path,path_n1000_independent-positive_seed1.pcf,dhfma,2,0,1155004,515,514,15099045676642673986,13600,23f703aa3bc9,2026-08-28T16:54:06Z,1000,999,1,,,,,,,,,,,,,,,,,
campaign_d_path,path_n1000_independent-positive_seed2.pcf,dhfma,0,0,1309282,488,487,12944025321405183370,13600,23f703aa3bc9,2026-08-28T16:54:06Z,1000,999,1,,,,,,,,,,,,,,,,,
campaign_d_path,path_n1000_independent-positive_seed2.pcf,dhfma,1,0,1234627,488,487,12944025321405183370,13600,23f703aa3bc9,2026-08-28T16:54:06Z,1000,999,1,,,,,,,,,,,,,,,,,
campaign_d_path,path_n1000_independent-positive_seed2.pcf,dhfma,2,0,1192564,488,487,12944025321405183370,13600,23f703aa3bc9,2026-08-28T16:54:06Z,1000,999,1,,,,,,,,,,,,,,,,,
campaign_d_path,path_n1000_independent-positive_seed3.pcf,dhfma,0,0,1302595,521,520,9322227173902624909,13600,23f703aa3bc9,2026-08-28T16:54:06Z,1000,999,1,,,,,,,,,,,,,,,,,
campaign_d_path,path_n1000_independent-positive_seed3.pcf,dhfma,1,0,1195029,521,520,9322227173902624909,13600,23f703aa3bc9,2026-08-28T16:54:06Z,1000,999,1,,,,,,,,,,,,,,,,,
campaign_d_path,path_n1000_independent-positive_seed3.pcf,dhfma,2,0,1216859,521,520,9322227173902624909,13600,23f703aa3bc9,2026-08-28T16:54:06Z,1000,999,1,,,,,,,,,,,,,,,,,
campaign_d_path,path_n1000_independent-positive_seed4.pcf,dhfma,0,0,1278684,495,494,8002674769749151302,13600,23f703aa3bc9,2026-08-28T16:54:06Z,1000,999,1,,,,,,,,,,,,,,,,,
campaign_d_path,path_n1000_independent-positive_seed4.pcf,dhfma,1,0,1180360,495,494,8002674769749151302,13600,23f703aa3bc9,2026-08-28T16:54:06Z,1000,999,1,,,,,,,,,,,,,,,,,
campaign_d_path,path_n1000_independent-positive_seed4.pcf,dhfma,2,0,1189898,495,494,8002674769749151302,13600,23f703aa3bc9,2026-08-28T16:54:06Z,1000,999,1,,,,,,,,,,,,,,,,,
campaign_d_path,path_n1000_independent-positive_seed5.pcf,dhfma,0,0,1251581,467,466,9087508991122638595,13760,23f703aa3bc9,2026-08-28T16:54:06Z,1000,999,1,,,,,,,,,,,,,,,,,
campaign_d_path,path_n1000_independent-positive_seed5.pcf,dhfma,1,0,1198576,467,466,9087508991122638595,13760,23f703aa3bc9,2026-08-28T16:54:06Z,1000,999,1,,,,,,,,,,,,,,,,,
campaign_d_path,path_n1000_independent-positive_seed5.pcf,dhfma,2,0,1193345,467,466,9087508991122638595,13760,23f703aa3bc9,2026-08-28T16:54:06Z,1000,999,1,,,,,,,,,,,,,,,,,
campaign_d_path,path_n1000_independent-positive_seed6.pcf,dhfma,0,0,1190696,497,496,7031867944954498140,13760,23f703aa3bc9,2026-08-28T16:54:06Z,1000,999,1,,,,,,,,,,,,,,,,,
campaign_d_path,path_n1000_independent-positive_seed6.pcf,dhfma,1,0,1152342,497,496,7031867944954498140,13760,23f703aa3bc9,2026-08-28T16:54:06Z,1000,999,1,,,,,,,,,,,,,,,,,
campaign_d_path,path_n1000_independent-positive_seed6.pcf,dhfma,2,0,1211521,497,496,7031867944954498140,13760,23f703aa3bc9,2026-08-28T16:54:06Z,1000,999,1,,,,,,,,,,,,,,,,,
campaign_d_path,path_n1000_independent-positive_seed7.pcf,dhfma,0,0,1221571,517,516,9835819063531573620,13760,23f703aa3bc9,2026-08-28T16:54:06Z,1000,999,1,,,,,,,,,,,,,,,,,
campaign_d_path,path_n1000_independent-positive_seed7.pcf,dhfma,1,0,1292898,517,516,9835819063531573620,13760,23f703aa3bc9,2026-08-28T16:54:06Z,1000,999,1,,,,,,,,,,,,,,,,,
campaign_d_path,path_n1000_independent-positive_seed7.pcf,dhfma,2,0,1162444,517,516,9835819063531573620,13760,23f703aa3bc9,2026-08-28T16:54:06Z,1000,999,1,,,,,,,,,,,,,,,,,
campaign_d_path,path_n1000_independent-positive_seed8.pcf,dhfma,0,0,1194492,482,481,15357673099102797174,13760,23f703aa3bc9,2026-08-28T16:54:06Z,1000,999,1,,,,,,,,,,,,,,,,,
campaign_d_path,path_n1000_independent-positive_seed8.pcf,dhfma,1,0,1147851,482,481,15357673099102797174,13760,23f703aa3bc9,2026-08-28T16:54:06Z,1000,999,1,,,,,,,,,,,,,,,,,
campaign_d_path,path_n1000_independent-positive_seed8.pcf,dhfma,2,0,1147202,482,481,15357673099102797174,13760,23f703aa3bc9,2026-08-28T16:54:06Z,1000,999,1,,,,,,,,,,,,,,,,,
campaign_d_path,path_n1000_independent-positive_seed9.pcf,dhfma,0,0,1221695,512,511,13370371739337453285,13760,23f703aa3bc9,2026-08-28T16:54:06Z,1000,999,1,,,,,,,,,,,,,,,,,
campaign_d_path,path_n1000_independent-positive_seed9.pcf,dhfma,1,0,1176092,512,511,13370371739337453285,13760,23f703aa3bc9,2026-08-28T16:54:06Z,1000,999,1,,,,,,,,,,,,,,,,,
campaign_d_path,path_n1000_independent-positive_seed9.pcf,dhfma,2,0,1169913,512,511,13370371739337453285,13760,23f703aa3bc9,2026-08-28T16:54:06Z,1000,999,1,,,,,,,,,,,,,,,,,
campaign_d_path,path_n1000_independent-signed_seed0.pcf,dhfma,0,0,1314177,500,499,1995022527166153104,13760,23f703aa3bc9,2026-08-28T16:54:06Z,1000,999,1,,,,,,,,,,,,,,,,,
campaign_d_path,path_n1000_independent-signed_seed0.pcf,dhfma,1,0,1178312,500,499,1995022527166153104,13760,23f703aa3bc9,2026-08-28T16:54:06Z,1000,999,1,,,,,,,,,,,,,,,,,
campaign_d_path,path_n1000_independent-signed_seed0.pcf,dhfma,2,0,1218881,500,499,1995022527166153104,13760,23f703aa3bc9,2026-08-28T16:54:06Z,1000,999,1,,,,,,,,,,,,,,,,,
campaign_d_path,path_n1000_independent-signed_seed1.pcf,dhfma,0,0,1283365,526,525,17607672240116349038,13760,23f703aa3bc9,2026-08-28T16:54:06Z,1000,999,1,,,,,,,,,,,,,,,,,
campaign_d_path,path_n1000_independent-signed_seed1.pcf,dhfma,1,0,1153404,526,525,17607672240116349038,13760,23f703aa3bc9,2026-08-28T16:54:06Z,1000,999,1,,,,,,,,,,,,,,,,,
campaign_d_path,path_n1000_independent-signed_seed1.pcf,dhfma,2,0,1144948,526,525,17607672240116349038,13760,23f703aa3bc9,2026-08-28T16:54:06Z,1000,999,1,,,,,,,,,,,,,,,,,
campaign_d_path,path_n1000_independent-signed_seed2.pcf,dhfma,0,0,1346444,503,502,4945630770981350400,13760,23f703aa3bc9,2026-08-28T16:54:06Z,1000,999,1,,,,,,,,,,,,,,,,,
campaign_d_path,path_n1000_independent-signed_seed2.pcf,dhfma,1,0,1182721,503,502,4945630770981350400,13760,23f703aa3bc9,2026-08-28T16:54:06Z,1000,999,1,,,,,,,,,,,,,,,,,
campaign_d_path,path_n1000_independent-signed_seed2.pcf,dhfma,2,0,1178500,503,502,4945630770981350400,13760,23f703aa3bc9,2026-08-28T16:54:06Z,1000,999,1,,,,,,,,,,,,,,,,,
campaign_d_path,path_n1000_independent-signed_seed3.pcf,dhfma,0,0,1237428,518,517,8591273303766550067,13760,23f703aa3bc9,2026-08-28T16:54:06Z,1000,999,1,,,,,,,,,,,,,,,,,
campaign_d_path,path_n1000_independent-signed_seed3.pcf,dhfma,1,0,1167463,518,517,8591273303766550067,13760,23f703aa3bc9,2026-08-28T16:54:06Z,1000,999,1,,,,,,,,,,,,,,,,,
campaign_d_path,path_n1000_independent-signed_seed3.pcf,dhfma,2,0,1167771,518,517,8591273303766550067,13760,23f703aa3bc9,2026-08-28T16:54:06Z,1000,999,1,,,,,,,,,,,,,,,,,
campaign_d_path,path_n1000_independent-signed_seed4.pcf,dhfma,0,0,1329110,499,498,13505017024664930155,13760,23f703aa3bc9,2026-08-28T16:54:06Z,1000,999,1,,,,,,,,,,,,,,,,,
campaign_d_path,path_n1000_independent-signed_seed4.pcf,dhfma,1,0,1179768,499,498,13505017024664930155,13760,23f703aa3bc9,2026-08-28T16:54:06Z,1000,999,1,,,,,,,,,,,,,,,,,
campaign_d_path,path_n1000_independent-signed_seed4.pcf,dhfma,2,0,1169632,499,498,13505017024664930155,13760,23f703aa3bc9,2026-08-28T16:54:06Z,1000,999,1,,,,,,,,,,,,,,,,,
campaign_d_path,path_n1000_independent-signed_seed5.pcf,dhfma,0,0,1233652,465,464,14534645606636722691,13760,23f703aa3bc9,2026-08-28T16:54:06Z,1000,999,1,,,,,,,,,,,,,,,,,
campaign_d_path,path_n1000_independent-signed_seed5.pcf,dhfma,1,0,1179547,465,464,14534645606636722691,13760,23f703aa3bc9,2026-08-28T16:54:06Z,1000,999,1,,,,,,,,,,,,,,,,,
campaign_d_path,path_n1000_independent-signed_seed5.pcf,dhfma,2,0,1179855,465,464,14534645606636722691,13760,23f703aa3bc9,2026-08-28T16:54:06Z,1000,999,1,,,,,,,,,,,,,,,,,
campaign_d_path,path_n1000_independent-signed_seed6.pcf,dhfma,0,0,1198063,501,500,985269371110221696,13760,23f703aa3bc9,2026-08-28T16:54:06Z,1000,999,1,,,,,,,,,,,,,,,,,
campaign_d_path,path_n1000_independent-signed_seed6.pcf,dhfma,1,0,1160707,501,500,985269371110221696,13760,23f703aa3bc9,2026-08-28T16:54:06Z,1000,999,1,,,,,,,,,,,,,,,,,
campaign_d_path,path_n1000_independent-signed_seed6.pcf,dhfma,2,0,1190271,501,500,985269371110221696,13760,23f703aa3bc9,2026-08-28T16:54:06Z,1000,999,1,,,,,,,,,,,,,,,,,
campaign_d_path,path_n1000_independent-signed_seed7.pcf,dhfma,0,0,1225670,493,492,13926724897693954410,13760,23f703aa3bc9,2026-08-28T16:54:06Z,1000,999,1,,,,,,,,,,,,,,,,,
campaign_d_path,path_n1000_independent-signed_seed7.pcf,dhfma,1,0,1178447,493,492,13926724897693954410,13760,23f703aa3bc9,2026-08-28T16:54:06Z,1000,999,1,,,,,,,,,,,,,,,,,
campaign_d_path,path_n1000_independent-signed_seed7.pcf,dhfma,2,0,1202171,493,492,13926724897693954410,13760,23f703aa3bc9,2026-08-28T16:54:06Z,1000,999,1,,,,,,,,,,,,,,,,,
campaign_d_path,path_n1000_independent-signed_seed8.pcf,dhfma,0,0,1214306,502,501,2011392312462975942,13760,23f703aa3bc9,2026-08-28T16:54:06Z,1000,999,1,,,,,,,,,,,,,,,,,
campaign_d_path,path_n1000_independent-signed_seed8.pcf,dhfma,1,0,1156080,502,501,2011392312462975942,13760,23f703aa3bc9,2026-08-28T16:54:06Z,1000,999,1,,,,,,,,,,,,,,,,,
campaign_d_path,path_n1000_independent-signed_seed8.pcf,dhfma,2,0,1148007,502,501,2011392312462975942,13760,23f703aa3bc9,2026-08-28T16:54:06Z,1000,999,1,,,,,,,,,,,,,,,,,
campaign_d_path,path_n1000_independent-signed_seed9.pcf,dhfma,0,0,1233686,490,489,4496937817220414043,13760,23f703aa3bc9,2026-08-28T16:54:06Z,1000,999,1,,,,,,,,,,,,,,,,,
campaign_d_path,path_n1000_independent-signed_seed9.pcf,dhfma,1,0,1195015,490,489,4496937817220414043,13760,23f703aa3bc9,2026-08-28T16:54:06Z,1000,999,1,,,,,,,,,,,,,,,,,
campaign_d_path,path_n1000_independent-signed_seed9.pcf,dhfma,2,0,1191689,490,489,4496937817220414043,13760,23f703aa3bc9,2026-08-28T16:54:06Z,1000,999,1,,,,,,,,,,,,,,,,,
campaign_d_path,path_n1000_near-ties_seed0.pcf,dhfma,0,0,1284077,248,247,17511391109668189307,13760,23f703aa3bc9,2026-08-28T16:54:06Z,1000,999,1,,,,,,,,,,,,,,,,,
campaign_d_path,path_n1000_near-ties_seed0.pcf,dhfma,1,0,1154142,248,247,17511391109668189307,13760,23f703aa3bc9,2026-08-28T16:54:06Z,1000,999,1,,,,,,,,,,,,,,,,,
campaign_d_path,path_n1000_near-ties_seed0.pcf,dhfma,2,0,1228114,248,247,17511391109668189307,13760,23f703aa3bc9,2026-08-28T16:54:06Z,1000,999,1,,,,,,,,,,,,,,,,,
campaign_d_path,path_n1000_near-ties_seed1.pcf,dhfma,0,0,1225030,256,255,10336510207949090702,13760,23f703aa3bc9,2026-08-28T16:54:06Z,1000,999,1,,,,,,,,,,,,,,,,,
campaign_d_path,path_n1000_near-ties_seed1.pcf,dhfma,1,0,1142361,256,255,10336510207949090702,13760,23f703aa3bc9,2026-08-28T16:54:06Z,1000,999,1,,,,,,,,,,,,,,,,,
campaign_d_path,path_n1000_near-ties_seed1.pcf,dhfma,2,0,1129397,256,255,10336510207949090702,13760,23f703aa3bc9,2026-08-28T16:54:06Z,1000,999,1,,,,,,,,,,,,,,,,,
campaign_d_path,path_n1000_near-ties_seed2.pcf,dhfma,0,0,1196927,245,244,10838699117102074687,13760,23f703aa3bc9,2026-08-28T16:54:06Z,1000,999,1,,,,,,,,,,,,,,,,,
campaign_d_path,path_n1000_near-ties_seed2.pcf,dhfma,1,0,1215922,245,244,10838699117102074687,13760,23f703aa3bc9,2026-08-28T16:54:06Z,1000,999,1,,,,,,,,,,,,,,,,,
campaign_d_path,path_n1000_near-ties_seed2.pcf,dhfma,2,0,1131496,245,244,10838699117102074687,13760,23f703aa3bc9,2026-08-28T16:54:06Z,1000,999,1,,,,,,,,,,,,,,,,,
campaign_d_path,path_n1000_near-ties_seed3.pcf,dhfma,0,0,1245591,262,261,13083548083721345297,13760,23f703aa3bc9,2026-08-28T16:54:06Z,1000,999,1,,,,,,,,,,,,,,,,,
campaign_d_path,path_n1000_near-ties_seed3.pcf,dhfma,1,0,1136795,262,261,13083548083721345297,13760,23f703aa3bc9,2026-08-28T16:54:06Z,1000,999,1,,,,,,,,,,,,,,,,,
campaign_d_path,path_n1000_near-ties_seed3.pcf,dhfma,2,0,1163778,262,261,13083548083721345297,13760,23f703aa3bc9,2026-08-28T16:54:06Z,1000,999,1,,,,,,,,,,,,,,,,,
campaign_d_path,path_n1000_near-ties_seed4.pcf,dhfma,0,0,1288650,244,243,11097257004031467390,13920,23f703aa3bc9,2026-08-28T16:54:06Z,1000,999,1,,,,,,,,,,,,,,,,,
campaign_d_path,path_n1000_near-ties_seed4.pcf,dhfma,1,0,1152461,244,243,11097257004031467390,13920,23f703aa3bc9,2026-08-28T16:54:06Z,1000,999,1,,,,,,,,,,,,,,,,,
campaign_d_path,path_n1000_near-ties_seed4.pcf,dhfma,2,0,1104608,244,243,11097257004031467390,13920,23f703aa3bc9,2026-08-28T16:54:06Z,1000,999,1,,,,,,,,,,,,,,,,,
campaign_d_path,path_n1000_near-ties_seed5.pcf,dhfma,0,0,1211329,248,247,7829520148231145210,13920,23f703aa3bc9,2026-08-28T16:54:06Z,1000,999,1,,,,,,,,,,,,,,,,,
campaign_d_path,path_n1000_near-ties_seed5.pcf,dhfma,1,0,1112947,248,247,7829520148231145210,13920,23f703aa3bc9,2026-08-28T16:54:06Z,1000,999,1,,,,,,,,,,,,,,,,,
campaign_d_path,path_n1000_near-ties_seed5.pcf,dhfma,2,0,1043437,248,247,7829520148231145210,13920,23f703aa3bc9,2026-08-28T16:54:06Z,1000,999,1,,,,,,,,,,,,,,,,,
campaign_d_path,path_n1000_near-ties_seed6.pcf,dhfma,0,0,1193337,251,250,2098629770293240137,13920,23f703aa3bc9,2026-08-28T16:54:06Z,1000,999,1,,,,,,,,,,,,,,,,,
campaign_d_path,path_n1000_near-ties_seed6.pcf,dhfma,1,0,1130658,251,250,2098629770293240137,13920,23f703aa3bc9,2026-08-28T16:54:06Z,1000,999,1,,,,,,,,,,,,,,,,,
campaign_d_path,path_n1000_near-ties_seed6.pcf,dhfma,2,0,1146732,251,250,2098629770293240137,13920,23f703aa3bc9,2026-08-28T16:54:06Z,1000,999,1,,,,,,,,,,,,,,,,,
campaign_d_path,path_n1000_near-ties_seed7.pcf,dhfma,0,0,1188135,246,245,5586838439801860705,13920,23f703aa3bc9,2026-08-28T16:54:06Z,1000,999,1,,,,,,,,,,,,,,,,,
campaign_d_path,path_n1000_near-ties_seed7.pcf,dhfma,1,0,1147118,246,245,5586838439801860705,13920,23f703aa3bc9,2026-08-28T16:54:06Z,1000,999,1,,,,,,,,,,,,,,,,,
campaign_d_path,path_n1000_near-ties_seed7.pcf,dhfma,2,0,1124282,246,245,5586838439801860705,13920,23f703aa3bc9,2026-08-28T16:54:06Z,1000,999,1,,,,,,,,,,,,,,,,,
campaign_d_path,path_n1000_near-ties_seed8.pcf,dhfma,0,0,1186186,251,250,4908232396016227211,13920,23f703aa3bc9,2026-08-28T16:54:06Z,1000,999,1,,,,,,,,,,,,,,,,,
campaign_d_path,path_n1000_near-ties_seed8.pcf,dhfma,1,0,1153444,251,250,4908232396016227211,13920,23f703aa3bc9,2026-08-28T16:54:06Z,1000,999,1,,,,,,,,,,,,,,,,,
campaign_d_path,path_n1000_near-ties_seed8.pcf,dhfma,2,0,1177967,251,250,4908232396016227211,13920,23f703aa3bc9,2026-08-28T16:54:06Z,1000,999,1,,,,,,,,,,,,,,,,,
campaign_d_path,path_n1000_near-ties_seed9.pcf,dhfma,0,0,1161364,252,251,13758944289421601677,13920,23f703aa3bc9,2026-08-28T16:54:06Z,1000,999,1,,,,,,,,,,,,,,,,,
campaign_d_path,path_n1000_near-ties_seed9.pcf,dhfma,1,0,1130471,252,251,13758944289421601677,13920,23f703aa3bc9,2026-08-28T16:54:06Z,1000,999,1,,,,,,,,,,,,,,,,,
campaign_d_path,path_n1000_near-ties_seed9.pcf,dhfma,2,0,1139564,252,251,13758944289421601677,13920,23f703aa3bc9,2026-08-28T16:54:06Z,1000,999,1,,,,,,,,,,,,,,,,,
campaign_d_path,path_n100_anti-correlated_seed0.pcf,dhfma,0,0,121506,61,60,2529510695248988757,13920,23f703aa3bc9,2026-08-28T16:54:06Z,100,99,1,,,,,,,,,,,,,,,,,
campaign_d_path,path_n100_anti-correlated_seed0.pcf,dhfma,1,0,103162,61,60,2529510695248988757,13920,23f703aa3bc9,2026-08-28T16:54:06Z,100,99,1,,,,,,,,,,,,,,,,,
campaign_d_path,path_n100_anti-correlated_seed0.pcf,dhfma,2,0,100689,61,60,2529510695248988757,13920,23f703aa3bc9,2026-08-28T16:54:06Z,100,99,1,,,,,,,,,,,,,,,,,
campaign_d_path,path_n100_anti-correlated_seed1.pcf,dhfma,0,0,123887,47,46,11943646091352671286,13920,23f703aa3bc9,2026-08-28T16:54:06Z,100,99,1,,,,,,,,,,,,,,,,,
campaign_d_path,path_n100_anti-correlated_seed1.pcf,dhfma,1,0,110578,47,46,11943646091352671286,13920,23f703aa3bc9,2026-08-28T16:54:06Z,100,99,1,,,,,,,,,,,,,,,,,
campaign_d_path,path_n100_anti-correlated_seed1.pcf,dhfma,2,0,100181,47,46,11943646091352671286,13920,23f703aa3bc9,2026-08-28T16:54:06Z,100,99,1,,,,,,,,,,,,,,,,,
campaign_d_path,path_n100_anti-correlated_seed2.pcf,dhfma,0,0,132873,44,43,16857737777998062248,13920,23f703aa3bc9,2026-08-28T16:54:06Z,100,99,1,,,,,,,,,,,,,,,,,
campaign_d_path,path_n100_anti-correlated_seed2.pcf,dhfma,1,0,110360,44,43,16857737777998062248,13920,23f703aa3bc9,2026-08-28T16:54:06Z,100,99,1,,,,,,,,,,,,,,,,,
campaign_d_path,path_n100_anti-correlated_seed2.pcf,dhfma,2,0,103148,44,43,16857737777998062248,13920,23f703aa3bc9,2026-08-28T16:54:06Z,100,99,1,,,,,,,,,,,,,,,,,
campaign_d_path,path_n100_anti-correlated_seed3.pcf,dhfma,0,0,128674,51,50,9533932253617083438,13920,23f703aa3bc9,2026-08-28T16:54:06Z,100,99,1,,,,,,,,,,,,,,,,,
campaign_d_path,path_n100_anti-correlated_seed3.pcf,dhfma,1,0,108034,51,50,9533932253617083438,13920,23f703aa3bc9,2026-08-28T16:54:06Z,100,99,1,,,,,,,,,,,,,,,,,
campaign_d_path,path_n100_anti-correlated_seed3.pcf,dhfma,2,0,104359,51,50,9533932253617083438,13920,23f703aa3bc9,2026-08-28T16:54:06Z,100,99,1,,,,,,,,,,,,,,,,,
campaign_d_path,path_n100_anti-correlated_seed4.pcf,dhfma,0,0,125794,57,56,5762337916298123576,13920,23f703aa3bc9,2026-08-28T16:54:06Z,100,99,1,,,,,,,,,,,,,,,,,
campaign_d_path,path_n100_anti-correlated_seed4.pcf,dhfma,1,0,109539,57,56,5762337916298123576,13920,23f703aa3bc9,2026-08-28T16:54:06Z,100,99,1,,,,,,,,,,,,,,,,,
campaign_d_path,path_n100_anti-correlated_seed4.pcf,dhfma,2,0,98782,57,56,5762337916298123576,13920,23f703aa3bc9,2026-08-28T16:54:06Z,100,99,1,,,,,,,,,,,,,,,,,
campaign_d_path,path_n100_anti-correlated_seed5.pcf,dhfma,0,0,130338,53,52,165181115162578515,13920,23f703aa3bc9,2026-08-28T16:54:06Z,100,99,1,,,,,,,,,,,,,,,,,
campaign_d_path,path_n100_anti-correlated_seed5.pcf,dhfma,1,0,110049,53,52,165181115162578515,13920,23f703aa3bc9,2026-08-28T16:54:06Z,100,99,1,,,,,,,,,,,,,,,,,
campaign_d_path,path_n100_anti-correlated_seed5.pcf,dhfma,2,0,101605,53,52,165181115162578515,13920,23f703aa3bc9,2026-08-28T16:54:06Z,100,99,1,,,,,,,,,,,,,,,,,
campaign_d_path,path_n100_anti-correlated_seed6.pcf,dhfma,0,0,121085,58,57,13671183413145188935,13920,23f703aa3bc9,2026-08-28T16:54:06Z,100,99,1,,,,,,,,,,,,,,,,,
campaign_d_path,path_n100_anti-correlated_seed6.pcf,dhfma,1,0,100008,58,57,13671183413145188935,13920,23f703aa3bc9,2026-08-28T16:54:06Z,100,99,1,,,,,,,,,,,,,,,,,
campaign_d_path,path_n100_anti-correlated_seed6.pcf,dhfma,2,0,92294,58,57,13671183413145188935,13920,23f703aa3bc9,2026-08-28T16:54:06Z,100,99,1,,,,,,,,,,,,,,,,,
campaign_d_path,path_n100_anti-correlated_seed7.pcf,dhfma,0,0,127497,45,44,9074478635608349247,13920,23f703aa3bc9,2026-08-28T16:54:06Z,100,99,1,,,,,,,,,,,,,,,,,
campaign_d_path,path_n100_anti-correlated_seed7.pcf,dhfma,1,0,108471,45,44,9074478635608349247,13920,23f703aa3bc9,2026-08-28T16:54:06Z,100,99,1,,,,,,,,,,,,,,,,,
campaign_d_path,path_n100_anti-correlated_seed7.pcf,dhfma,2,0,103801,45,44,9074478635608349247,13920,23f703aa3bc9,2026-08-28T16:54:06Z,100,99,1,,,,,,,,,,,,,,,,,
campaign_d_path,path_n100_anti-correlated_seed8.pcf,dhfma,0,0,128705,45,44,7497285123696470960,13920,23f703aa3bc9,2026-08-28T16:54:06Z,100,99,1,,,,,,,,,,,,,,,,,
campaign_d_path,path_n100_anti-correlated_seed8.pcf,dhfma,1,0,114714,45,44,7497285123696470960,13920,23f703aa3bc9,2026-08-28T16:54:06Z,100,99,1,,,,,,,,,,,,,,,,,
campaign_d_path,path_n100_anti-correlated_seed8.pcf,dhfma,2,0,104869,45,44,7497285123696470960,13920,23f703aa3bc9,2026-08-28T16:54:06Z,100,99,1,,,,,,,,,,,,,,,,,
campaign_d_path,path_n100_anti-correlated_seed9.pcf,dhfma,0,0,224018,48,47,12489083139240265618,13920,23f703aa3bc9,2026-08-28T16:54:06Z,100,99,1,,,,,,,,,,,,,,,,,
campaign_d_path,path_n100_anti-correlated_seed9.pcf,dhfma,1,0,110642,48,47,12489083139240265618,13920,23f703aa3bc9,2026-08-28T16:54:06Z,100,99,1,,,,,,,,,,,,,,,,,
campaign_d_path,path_n100_anti-correlated_seed9.pcf,dhfma,2,0,104991,48,47,12489083139240265618,13920,23f703aa3bc9,2026-08-28T16:54:06Z,100,99,1,,,,,,,,,,,,,,,,,
campaign_d_path,path_n100_correlated_seed0.pcf,dhfma,0,0,125140,63,62,11112344364938470214,13920,23f703aa3bc9,2026-08-28T16:54:06Z,100,99,1,,,,,,,,,,,,,,,,,
campaign_d_path,path_n100_correlated_seed0.pcf,dhfma,1,0,103706,63,62,11112344364938470214,13920,23f703aa3bc9,2026-08-28T16:54:06Z,100,99,1,,,,,,,,,,,,,,,,,
campaign_d_path,path_n100_correlated_seed0.pcf,dhfma,2,0,94046,63,62,11112344364938470214,13920,23f703aa3bc9,2026-08-28T16:54:06Z,100,99,1,,,,,,,,,,,,,,,,,
campaign_d_path,path_n100_correlated_seed1.pcf,dhfma,0,0,137013,50,49,17841055723450465903,13920,23f703aa3bc9,2026-08-28T16:54:06Z,100,99,1,,,,,,,,,,,,,,,,,
campaign_d_path,path_n100_correlated_seed1.pcf,dhfma,1,0,120100,50,49,17841055723450465903,13920,23f703aa3bc9,2026-08-28T16:54:06Z,100,99,1,,,,,,,,,,,,,,,,,
campaign_d_path,path_n100_correlated_seed1.pcf,dhfma,2,0,112869,50,49,17841055723450465903,13920,23f703aa3bc9,2026-08-28T16:54:06Z,100,99,1,,,,,,,,,,,,,,,,,
campaign_d_path,path_n100_correlated_seed2.pcf,dhfma,0,0,131391,49,48,7401779045924540606,13920,23f703aa3bc9,2026-08-28T16:54:06Z,100,99,1,,,,,,,,,,,,,,,,,
campaign_d_path,path_n100_correlated_seed2.pcf,dhfma,1,0,110679,49,48,7401779045924540606,13920,23f703aa3bc9,2026-08-28T16:54:06Z,100,99,1,,,,,,,,,,,,,,,,,
campaign_d_path,path_n100_correlated_seed2.pcf,dhfma,2,0,105022,49,48,7401779045924540606,13920,23f703aa3bc9,2026-08-28T16:54:06Z,100,99,1,,,,,,,,,,,,,,,,,
campaign_d_path,path_n100_correlated_seed3.pcf,dhfma,0,0,126209,51,50,12691165085864060397,14080,23f703aa3bc9,2026-08-28T16:54:06Z,100,99,1,,,,,,,,,,,,,,,,,
campaign_d_path,path_n100_correlated_seed3.pcf,dhfma,1,0,109867,51,50,12691165085864060397,14080,23f703aa3bc9,2026-08-28T16:54:06Z,100,99,1,,,,,,,,,,,,,,,,,
campaign_d_path,path_n100_correlated_seed3.pcf,dhfma,2,0,98640,51,50,12691165085864060397,14080,23f703aa3bc9,2026-08-28T16:54:06Z,100,99,1,,,,,,,,,,,,,,,,,
campaign_d_path,path_n100_correlated_seed4.pcf,dhfma,0,0,126125,60,59,14630985400552864067,14080,23f703aa3bc9,2026-08-28T16:54:06Z,100,99,1,,,,,,,,,,,,,,,,,
campaign_d_path,path_n100_correlated_seed4.pcf,dhfma,1,0,104729,60,59,14630985400552864067,14080,23f703aa3bc9,2026-08-28T16:54:06Z,100,99,1,,,,,,,,,,,,,,,,,
campaign_d_path,path_n100_correlated_seed4.pcf,dhfma,2,0,98007,60,59,14630985400552864067,14080,23f703aa3bc9,2026-08-28T16:54:06Z,100,99,1,,,,,,,,,,,,,,,,,
campaign_d_path,path_n100_correlated_seed5.pcf,dhfma,0,0,123896,48,47,17717901111601997469,14080,23f703aa3bc9,2026-08-28T16:54:06Z,100,99,1,,,,,,,,,,,,,,,,,
campaign_d_path,path_n100_correlated_seed5.pcf,dhfma,1,0,102525,48,47,17717901111601997469,14080,23f703aa3bc9,2026-08-28T16:54:06Z,100,99,1,,,,,,,,,,,,,,,,,
campaign_d_path,path_n100_correlated_seed5.pcf,dhfma,2,0,92802,48,47,17717901111601997469,14080,23f703aa3bc9,2026-08-28T16:54:06Z,100,99,1,,,,,,,,,,,,,,,,,
campaign_d_path,path_n100_correlated_seed6.pcf,dhfma,0,0,123978,51,50,2723210709060592364,14080,23f703aa3bc9,2026-08-28T16:54:06Z,100,99,1,,,,,,,,,,,,,,,,,
campaign_d_path,path_n100_correlated_seed6.pcf,dhfma,1,0,107823,51,50,2723210709060592364,14080,23f703aa3bc9,2026-08-28T16:54:06Z,100,99,1,,,,,,,,,,,,,,,,,
campaign_d_path,path_n100_correlated_seed6.pcf,dhfma,2,0,100859,51,50,2723210709060592364,14080,23f703aa3bc9,2026-08-28T16:54:06Z,100,99,1,,,,,,,,,,,,,,,,,
campaign_d_path,path_n100_correlated_seed7.pcf,dhfma,0,0,126849,48,47,16676624095413641731,14080,23f703aa3bc9,2026-08-28T16:54:06Z,100,99,1,,,,,,,,,,,,,,,,,
campaign_d_path,path_n100_correlated_seed7.pcf,dhfma,1,0,109923,48,47,16676624095413641731,14080,23f703aa3bc9,2026-08-28T16:54:06Z,100,99,1,,,,,,,,,,,,,,,,,
campaign_d_path,path_n100_correlated_seed7.pcf,dhfma,2,0,99215,48,47,16676624095413641731,14080,23f703aa3bc9,2026-08-28T16:54:06Z,100,99,1,,,,,,,,,,,,,,,,,
campaign_d_path,path_n100_correlated_seed8.pcf,dhfma,0,0,135755,57,56,16524312736083603878,14080,23f703aa3bc9,2026-08-28T16:54:06Z,100,99,1,,,,,,,,,,,,,,,,,
campaign_d_path,path_n100_correlated_seed8.pcf,dhfma,1,0,114162,57,56,16524312736083603878,14080,23f703aa3bc9,2026-08-28T16:54:06Z,100,99,1,,,,,,,,,,,,,,,,,
campaign_d_path,path_n100_correlated_seed8.pcf,dhfma,2,0,114033,57,56,16524312736083603878,14080,23f703aa3bc9,2026-08-28T16:54:06Z,100,99,1,,,,,,,,,,,,,,,,,
campaign_d_path,path_n100_correlated_seed9.pcf,dhfma,0,0,125560,53,52,2564304627779858600,14080,23f703aa3bc9,2026-08-28T16:54:06Z,100,99,1,,,,,,,,,,,,,,,,,
campaign_d_path,path_n100_correlated_seed9.pcf,dhfma,1,0,104745,53,52,2564304627779858600,14080,23f703aa3bc9,2026-08-28T16:54:06Z,100,99,1,,,,,,,,,,,,,,,,,
campaign_d_path,path_n100_correlated_seed9.pcf,dhfma,2,0,92349,53,52,2564304627779858600,14080,23f703aa3bc9,2026-08-28T16:54:06Z,100,99,1,,,,,,,,,,,,,,,,,
campaign_d_path,path_n100_exact-ties_seed0.pcf,dhfma,0,0,122715,34,33,3003241794561891380,14080,23f703aa3bc9,2026-08-28T16:54:06Z,100,99,1,,,,,,,,,,,,,,,,,
campaign_d_path,path_n100_exact-ties_seed0.pcf,dhfma,1,0,106873,34,33,3003241794561891380,14080,23f703aa3bc9,2026-08-28T16:54:06Z,100,99,1,,,,,,,,,,,,,,,,,
campaign_d_path,path_n100_exact-ties_seed0.pcf,dhfma,2,0,98847,34,33,3003241794561891380,14080,23f703aa3bc9,2026-08-28T16:54:06Z,100,99,1,,,,,,,,,,,,,,,,,
campaign_d_path,path_n100_exact-ties_seed1.pcf,dhfma,0,0,127088,30,29,1822298261015591499,14080,23f703aa3bc9,2026-08-28T16:54:06Z,100,99,1,,,,,,,,,,,,,,,,,
campaign_d_path,path_n100_exact-ties_seed1.pcf,dhfma,1,0,108560,30,29,1822298261015591499,14080,23f703aa3bc9,2026-08-28T16:54:06Z,100,99,1,,,,,,,,,,,,,,,,,
campaign_d_path,path_n100_exact-ties_seed1.pcf,dhfma,2,0,97522,30,29,1822298261015591499,14080,23f703aa3bc9,2026-08-28T16:54:06Z,100,99,1,,,,,,,,,,,,,,,,,
campaign_d_path,path_n100_exact-ties_seed2.pcf,dhfma,0,0,121060,25,24,12026828678544401844,14080,23f703aa3bc9,2026-08-28T16:54:06Z,100,99,1,,,,,,,,,,,,,,,,,
campaign_d_path,path_n100_exact-ties_seed2.pcf,dhfma,1,0,104763,25,24,12026828678544401844,14080,23f703aa3bc9,2026-08-28T16:54:06Z,100,99,1,,,,,,,,,,,,,,,,,
campaign_d_path,path_n100_exact-ties_seed2.pcf,dhfma,2,0,98792,25,24,12026828678544401844,14080,23f703aa3bc9,2026-08-28T16:54:06Z,100,99,1,,,,,,,,,,,,,,,,,
campaign_d_path,path_n100_exact-ties_seed3.pcf,dhfma,0,0,120102,29,28,7175370470751613523,14080,23f703aa3bc9,2026-08-28T16:54:06Z,100,99,1,,,,,,,,,,,,,,,,,
campaign_d_path,path_n100_exact-ties_seed3.pcf,dhfma,1,0,106093,29,28,7175370470751613523,14080,23f703aa3bc9,2026-08-28T16:54:06Z,100,99,1,,,,,,,,,,,,,,,,,
campaign_d_path,path_n100_exact-ties_seed3.pcf,dhfma,2,0,97507,29,28,7175370470751613523,14080,23f703aa3bc9,2026-08-28T16:54:06Z,100,99,1,,,,,,,,,,,,,,,,,
campaign_d_path,path_n100_exact-ties_seed4.pcf,dhfma,0,0,117607,26,25,14800996080022379163,14080,23f703aa3bc9,2026-08-28T16:54:06Z,100,99,1,,,,,,,,,,,,,,,,,
campaign_d_path,path_n100_exact-ties_seed4.pcf,dhfma,1,0,102829,26,25,14800996080022379163,14080,23f703aa3bc9,2026-08-28T16:54:06Z,100,99,1,,,,,,,,,,,,,,,,,
campaign_d_path,path_n100_exact-ties_seed4.pcf,dhfma,2,0,96174,26,25,14800996080022379163,14080,23f703aa3bc9,2026-08-28T16:54:06Z,100,99,1,,,,,,,,,,,,,,,,,
campaign_d_path,path_n100_exact-ties_seed5.pcf,dhfma,0,0,131281,31,30,2159035037846571261,14080,23f703aa3bc9,2026-08-28T16:54:06Z,100,99,1,,,,,,,,,,,,,,,,,
campaign_d_path,path_n100_exact-ties_seed5.pcf,dhfma,1,0,113745,31,30,2159035037846571261,14080,23f703aa3bc9,2026-08-28T16:54:06Z,100,99,1,,,,,,,,,,,,,,,,,
campaign_d_path,path_n100_exact-ties_seed5.pcf,dhfma,2,0,109222,31,30,2159035037846571261,14080,23f703aa3bc9,2026-08-28T16:54:06Z,100,99,1,,,,,,,,,,,,,,,,,
campaign_d_path,path_n100_exact-ties_seed6.pcf,dhfma,0,0,129946,27,26,13790997531693119275,14080,23f703aa3bc9,2026-08-28T16:54:06Z,100,99,1,,,,,,,,,,,,,,,,,
campaign_d_path,path_n100_exact-ties_seed6.pcf,dhfma,1,0,114333,27,26,13790997531693119275,14080,23f703aa3bc9,2026-08-28T16:54:06Z,100,99,1,,,,,,,,,,,,,,,,,
campaign_d_path,path_n100_exact-ties_seed6.pcf,dhfma,2,0,105687,27,26,13790997531693119275,14080,23f703aa3bc9,2026-08-28T16:54:06Z,100,99,1,,,,,,,,,,,,,,,,,
campaign_d_path,path_n100_exact-ties_seed7.pcf,dhfma,0,0,127427,27,26,7380426371293116343,14080,23f703aa3bc9,2026-08-28T16:54:06Z,100,99,1,,,,,,,,,,,,,,,,,
campaign_d_path,path_n100_exact-ties_seed7.pcf,dhfma,1,0,110151,27,26,7380426371293116343,14080,23f703aa3bc9,2026-08-28T16:54:06Z,100,99,1,,,,,,,,,,,,,,,,,
campaign_d_path,path_n100_exact-ties_seed7.pcf,dhfma,2,0,107027,27,26,7380426371293116343,14080,23f703aa3bc9,2026-08-28T16:54:06Z,100,99,1,,,,,,,,,,,,,,,,,
campaign_d_path,path_n100_exact-ties_seed8.pcf,dhfma,0,0,124081,31,30,13615901989650110108,14080,23f703aa3bc9,2026-08-28T16:54:06Z,100,99,1,,,,,,,,,,,,,,,,,
campaign_d_path,path_n100_exact-ties_seed8.pcf,dhfma,1,0,102129,31,30,13615901989650110108,14080,23f703aa3bc9,2026-08-28T16:54:06Z,100,99,1,,,,,,,,,,,,,,,,,
campaign_d_path,path_n100_exact-ties_seed8.pcf,dhfma,2,0,92159,31,30,13615901989650110108,14080,23f703aa3bc9,2026-08-28T16:54:06Z,100,99,1,,,,,,,,,,,,,,,,,
campaign_d_path,path_n100_exact-ties_seed9.pcf,dhfma,0,0,124207,28,27,9330051524430608046,14080,23f703aa3bc9,2026-08-28T16:54:06Z,100,99,1,,,,,,,,,,,,,,,,,
campaign_d_path,path_n100_exact-ties_seed9.pcf,dhfma,1,0,105651,28,27,9330051524430608046,14080,23f703aa3bc9,2026-08-28T16:54:06Z,100,99,1,,,,,,,,,,,,,,,,,
campaign_d_path,path_n100_exact-ties_seed9.pcf,dhfma,2,0,101570,28,27,9330051524430608046,14080,23f703aa3bc9,2026-08-28T16:54:06Z,100,99,1,,,,,,,,,,,,,,,,,
campaign_d_path,path_n100_independent-positive_seed0.pcf,dhfma,0,0,127716,49,48,515611213803543639,14080,23f703aa3bc9,2026-08-28T16:54:06Z,100,99,1,,,,,,,,,,,,,,,,,
campaign_d_path,path_n100_independent-positive_seed0.pcf,dhfma,1,0,111448,49,48,515611213803543639,14080,23f703aa3bc9,2026-08-28T16:54:06Z,100,99,1,,,,,,,,,,,,,,,,,
campaign_d_path,path_n100_independent-positive_seed0.pcf,dhfma,2,0,102228,49,48,515611213803543639,14080,23f703aa3bc9,2026-08-28T16:54:06Z,100,99,1,,,,,,,,,,,,,,,,,
campaign_d_path,path_n100_independent-positive_seed1.pcf,dhfma,0,0,130410,54,53,7483800099623442398,14080,23f703aa3bc9,2026-08-28T16:54:06Z,100,99,1,,,,,,,,,,,,,,,,,
campaign_d_path,path_n100_independent-positive_seed1.pcf,dhfma,1,0,106596,54,53,7483800099623442398,14080,23f703aa3bc9,2026-08-28T16:54:06Z,100,99,1,,,,,,,,,,,,,,,,,
campaign_d_path,path_n100_independent-positive_seed1.pcf,dhfma,2,0,108260,54,53,7483800099623442398,14080,23f703aa3bc9,2026-08-28T16:54:06Z,100,99,1,,,,,,,,,,,,,,,,,
campaign_d_path,path_n100_independent-positive_seed2.pcf,dhfma,0,0,128845,60,59,17739001820498107260,14240,23f703aa3bc9,2026-08-28T16:54:06Z,100,99,1,,,,,,,,,,,,,,,,,
campaign_d_path,path_n100_independent-positive_seed2.pcf,dhfma,1,0,109730,60,59,17739001820498107260,14240,23f703aa3bc9,2026-08-28T16:54:06Z,100,99,1,,,,,,,,,,,,,,,,,
campaign_d_path,path_n100_independent-positive_seed2.pcf,dhfma,2,0,104431,60,59,17739001820498107260,14240,23f703aa3bc9,2026-08-28T16:54:06Z,100,99,1,,,,,,,,,,,,,,,,,
campaign_d_path,path_n100_independent-positive_seed3.pcf,dhfma,0,0,131109,52,51,8882361403108122423,14240,23f703aa3bc9,2026-08-28T16:54:06Z,100,99,1,,,,,,,,,,,,,,,,,
campaign_d_path,path_n100_independent-positive_seed3.pcf,dhfma,1,0,253642,52,51,8882361403108122423,14240,23f703aa3bc9,2026-08-28T16:54:06Z,100,99,1,,,,,,,,,,,,,,,,,
campaign_d_path,path_n100_independent-positive_seed3.pcf,dhfma,2,0,107557,52,51,8882361403108122423,14240,23f703aa3bc9,2026-08-28T16:54:06Z,100,99,1,,,,,,,,,,,,,,,,,
campaign_d_path,path_n100_independent-positive_seed4.pcf,dhfma,0,0,130853,49,48,18185043329612267721,14240,23f703aa3bc9,2026-08-28T16:54:06Z,100,99,1,,,,,,,,,,,,,,,,,
campaign_d_path,path_n100_independent-positive_seed4.pcf,dhfma,1,0,114881,49,48,18185043329612267721,14240,23f703aa3bc9,2026-08-28T16:54:06Z,100,99,1,,,,,,,,,,,,,,,,,
campaign_d_path,path_n100_independent-positive_seed4.pcf,dhfma,2,0,103658,49,48,18185043329612267721,14240,23f703aa3bc9,2026-08-28T16:54:06Z,100,99,1,,,,,,,,,,,,,,,,,
campaign_d_path,path_n100_independent-positive_seed5.pcf,dhfma,0,0,132732,58,57,452908379925033646,14240,23f703aa3bc9,2026-08-28T16:54:06Z,100,99,1,,,,,,,,,,,,,,,,,
campaign_d_path,path_n100_independent-positive_seed5.pcf,dhfma,1,0,116246,58,57,452908379925033646,14240,23f703aa3bc9,2026-08-28T16:54:06Z,100,99,1,,,,,,,,,,,,,,,,,
campaign_d_path,path_n100_independent-positive_seed5.pcf,dhfma,2,0,110674,58,57,452908379925033646,14240,23f703aa3bc9,2026-08-28T16:54:06Z,100,99,1,,,,,,,,,,,,,,,,,
campaign_d_path,path_n100_independent-positive_seed6.pcf,dhfma,0,0,125629,51,50,13307055203530256361,14240,23f703aa3bc9,2026-08-28T16:54:06Z,100,99,1,,,,,,,,,,,,,,,,,
campaign_d_path,path_n100_independent-positive_seed6.pcf,dhfma,1,0,105794,51,50,13307055203530256361,14240,23f703aa3bc9,2026-08-28T16:54:06Z,100,99,1,,,,,,,,,,,,,,,,,
campaign_d_path,path_n100_independent-positive_seed6.pcf,dhfma,2,0,98773,51,50,13307055203530256361,14240,23f703aa3bc9,2026-08-28T16:54:06Z,100,99,1,,,,,,,,,,,,,,,,,
campaign_d_path,path_n100_independent-positive_seed7.pcf,dhfma,0,0,132508,53,52,12238978225352102766,14240,23f703aa3bc9,2026-08-28T16:54:06Z,100,99,1,,,,,,,,,,,,,,,,,
campaign_d_path,path_n100_independent-positive_seed7.pcf,dhfma,1,0,257023,53,52,12238978225352102766,14240,23f703aa3bc9,2026-08-28T16:54:06Z,100,99,1,,,,,,,,,,,,,,,,,
campaign_d_path,path_n100_independent-positive_seed7.pcf,dhfma,2,0,110640,53,52,12238978225352102766,14240,23f703aa3bc9,2026-08-28T16:54:06Z,100,99,1,,,,,,,,,,,,,,,,,
campaign_d_path,path_n100_independent-positive_seed8.pcf,dhfma,0,0,132379,57,56,4764285957890291465,14240,23f703aa3bc9,2026-08-28T16:54:06Z,100,99,1,,,,,,,,,,,,,,,,,
campaign_d_path,path_n100_independent-positive_seed8.pcf,dhfma,1,0,113401,57,56,4764285957890291465,14240,23f703aa3bc9,2026-08-28T16:54:06Z,100,99,1,,,,,,,,,,,,,,,,,
campaign_d_path,path_n100_independent-positive_seed8.pcf,dhfma,2,0,106496,57,56,4764285957890291465,14240,23f703aa3bc9,2026-08-28T16:54:06Z,100,99,1,,,,,,,,,,,,,,,,,
campaign_d_path,path_n100_independent-positive_seed9.pcf,dhfma,0,0,127348,43,42,3669183335128364170,14240,23f703aa3bc9,2026-08-28T16:54:06Z,100,99,1,,,,,,,,,,,,,,,,,
campaign_d_path,path_n100_independent-positive_seed9.pcf,dhfma,1,0,109250,43,42,3669183335128364170,14240,23f703aa3bc9,2026-08-28T16:54:06Z,100,99,1,,,,,,,,,,,,,,,,,
campaign_d_path,path_n100_independent-positive_seed9.pcf,dhfma,2,0,99146,43,42,3669183335128364170,14240,23f703aa3bc9,2026-08-28T16:54:06Z,100,99,1,,,,,,,,,,,,,,,,,
campaign_d_path,path_n100_independent-signed_seed0.pcf,dhfma,0,0,132375,48,47,11819907860710389606,14240,23f703aa3bc9,2026-08-28T16:54:06Z,100,99,1,,,,,,,,,,,,,,,,,
campaign_d_path,path_n100_independent-signed_seed0.pcf,dhfma,1,0,113324,48,47,11819907860710389606,14240,23f703aa3bc9,2026-08-28T16:54:06Z,100,99,1,,,,,,,,,,,,,,,,,
campaign_d_path,path_n100_independent-signed_seed0.pcf,dhfma,2,0,110123,48,47,11819907860710389606,14240,23f703aa3bc9,2026-08-28T16:54:06Z,100,99,1,,,,,,,,,,,,,,,,,
campaign_d_path,path_n100_independent-signed_seed1.pcf,dhfma,0,0,126424,51,50,10841134020970626319,14240,23f703aa3bc9,2026-08-28T16:54:06Z,100,99,1,,,,,,,,,,,,,,,,,
campaign_d_path,path_n100_independent-signed_seed1.pcf,dhfma,1,0,104113,51,50,10841134020970626319,14240,23f703aa3bc9,2026-08-28T16:54:06Z,100,99,1,,,,,,,,,,,,,,,,,
campaign_d_path,path_n100_independent-signed_seed1.pcf,dhfma,2,0,94981,51,50,10841134020970626319,14240,23f703aa3bc9,2026-08-28T16:54:06Z,100,99,1,,,,,,,,,,,,,,,,,
campaign_d_path,path_n100_independent-signed_seed2.pcf,dhfma,0,0,131539,54,53,11132747404807954279,14240,23f703aa3bc9,2026-08-28T16:54:06Z,100,99,1,,,,,,,,,,,,,,,,,
campaign_d_path,path_n100_independent-signed_seed2.pcf,dhfma,1,0,112216,54,53,11132747404807954279,14240,23f703aa3bc9,2026-08-28T16:54:06Z,100,99,1,,,,,,,,,,,,,,,,,
campaign_d_path,path_n100_independent-signed_seed2.pcf,dhfma,2,0,108186,54,53,11132747404807954279,14240,23f703aa3bc9,2026-08-28T16:54:06Z,100,99,1,,,,,,,,,,,,,,,,,
campaign_d_path,path_n100_independent-signed_seed3.pcf,dhfma,0,0,134712,54,53,2313278856875648295,14240,23f703aa3bc9,2026-08-28T16:54:06Z,100,99,1,,,,,,,,,,,,,,,,,
campaign_d_path,path_n100_independent-signed_seed3.pcf,dhfma,1,0,114463,54,53,2313278856875648295,14240,23f703aa3bc9,2026-08-28T16:54:06Z,100,99,1,,,,,,,,,,,,,,,,,
campaign_d_path,path_n100_independent-signed_seed3.pcf,dhfma,2,0,106589,54,53,2313278856875648295,14240,23f703aa3bc9,2026-08-28T16:54:06Z,100,99,1,,,,,,,,,,,,,,,,,
campaign_d_path,path_n100_independent-signed_seed4.pcf,dhfma,0,0,126584,56,55,7697923144908118768,14240,23f703aa3bc9,2026-08-28T16:54:06Z,100,99,1,,,,,,,,,,,,,,,,,
campaign_d_path,path_n100_independent-signed_seed4.pcf,dhfma,1,0,108819,56,55,7697923144908118768,14240,23f703aa3bc9,2026-08-28T16:54:06Z,100,99,1,,,,,,,,,,,,,,,,,
campaign_d_path,path_n100_independent-signed_seed4.pcf,dhfma,2,0,110690,56,55,7697923144908118768,14240,23f703aa3bc9,2026-08-28T16:54:06Z,100,99,1,,,,,,,,,,,,,,,,,
campaign_d_path,path_n100_independent-signed_seed5.pcf,dhfma,0,0,136391,53,52,7995561559124671325,14240,23f703aa3bc9,2026-08-28T16:54:06Z,100,99,1,,,,,,,,,,,,,,,,,
campaign_d_path,path_n100_independent-signed_seed5.pcf,dhfma,1,0,116205,53,52,7995561559124671325,14240,23f703aa3bc9,2026-08-28T16:54:06Z,100,99,1,,,,,,,,,,,,,,,,,
campaign_d_path,path_n100_independent-signed_seed5.pcf,dhfma,2,0,111082,53,52,7995561559124671325,14240,23f703aa3bc9,2026-08-28T16:54:06Z,100,99,1,,,,,,,,,,,,,,,,,
campaign_d_path,path_n100_independent-signed_seed6.pcf,dhfma,0,0,136598,49,48,13947130807716080774,14240,23f703aa3bc9,2026-08-28T16:54:06Z,100,99,1,,,,,,,,,,,,,,,,,
campaign_d_path,path_n100_independent-signed_seed6.pcf,dhfma,1,0,115626,49,48,13947130807716080774,14240,23f703aa3bc9,2026-08-28T16:54:06Z,100,99,1,,,,,,,,,,,,,,,,,
campaign_d_path,path_n100_independent-signed_seed6.pcf,dhfma,2,0,109802,49,48,13947130807716080774,14240,23f703aa3bc9,2026-08-28T16:54:06Z,100,99,1,,,,,,,,,,,,,,,,,
campaign_d_path,path_n100_independent-signed_seed7.pcf,dhfma,0,0,132275,60,59,2958519416273289546,14240,23f703aa3bc9,2026-08-28T16:54:06Z,100,99,1,,,,,,,,,,,,,,,,,
campaign_d_path,path_n100_independent-signed_seed7.pcf,dhfma,1,0,114621,60,59,2958519416273289546,14240,23f703aa3bc9,2026-08-28T16:54:06Z,100,99,1,,,,,,,,,,,,,,,,,
campaign_d_path,path_n100_independent-signed_seed7.pcf,dhfma,2,0,113507,60,59,2958519416273289546,14240,23f703aa3bc9,2026-08-28T16:54:06Z,100,99,1,,,,,,,,,,,,,,,,,
campaign_d_path,path_n100_independent-signed_seed8.pcf,dhfma,0,0,128274,47,46,7820656084616927790,14240,23f703aa3bc9,2026-08-28T16:54:06Z,100,99,1,,,,,,,,,,,,,,,,,
campaign_d_path,path_n100_independent-signed_seed8.pcf,dhfma,1,0,110374,47,46,7820656084616927790,14240,23f703aa3bc9,2026-08-28T16:54:06Z,100,99,1,,,,,,,,,,,,,,,,,
campaign_d_path,path_n100_independent-signed_seed8.pcf,dhfma,2,0,104699,47,46,7820656084616927790,14240,23f703aa3bc9,2026-08-28T16:54:06Z,100,99,1,,,,,,,,,,,,,,,,,
campaign_d_path,path_n100_independent-signed_seed9.pcf,dhfma,0,0,131691,47,46,13440033875930961132,14240,23f703aa3bc9,2026-08-28T16:54:06Z,100,99,1,,,,,,,,,,,,,,,,,
campaign_d_path,path_n100_independent-signed_seed9.pcf,dhfma,1,0,114056,47,46,13440033875930961132,14240,23f703aa3bc9,2026-08-28T16:54:06Z,100,99,1,,,,,,,,,,,,,,,,,
campaign_d_path,path_n100_independent-signed_seed9.pcf,dhfma,2,0,97520,47,46,13440033875930961132,14240,23f703aa3bc9,2026-08-28T16:54:06Z,100,99,1,,,,,,,,,,,,,,,,,
campaign_d_path,path_n100_near-ties_seed0.pcf,dhfma,0,0,270245,41,40,3060935803365146067,14240,23f703aa3bc9,2026-08-28T16:54:06Z,100,99,1,,,,,,,,,,,,,,,,,
campaign_d_path,path_n100_near-ties_seed0.pcf,dhfma,1,0,116441,41,40,3060935803365146067,14240,23f703aa3bc9,2026-08-28T16:54:06Z,100,99,1,,,,,,,,,,,,,,,,,
campaign_d_path,path_n100_near-ties_seed0.pcf,dhfma,2,0,104546,41,40,3060935803365146067,14240,23f703aa3bc9,2026-08-28T16:54:06Z,100,99,1,,,,,,,,,,,,,,,,,
campaign_d_path,path_n100_near-ties_seed1.pcf,dhfma,0,0,123952,50,49,18205576339368493096,14240,23f703aa3bc9,2026-08-28T16:54:06Z,100,99,1,,,,,,,,,,,,,,,,,
campaign_d_path,path_n100_near-ties_seed1.pcf,dhfma,1,0,107216,50,49,18205576339368493096,14240,23f703aa3bc9,2026-08-28T16:54:06Z,100,99,1,,,,,,,,,,,,,,,,,
campaign_d_path,path_n100_near-ties_seed1.pcf,dhfma,2,0,95487,50,49,18205576339368493096,14240,23f703aa3bc9,2026-08-28T16:54:06Z,100,99,1,,,,,,,,,,,,,,,,,
campaign_d_path,path_n100_near-ties_seed2.pcf,dhfma,0,0,128896,44,43,3313416458020779148,14240,23f703aa3bc9,2026-08-28T16:54:06Z,100,99,1,,,,,,,,,,,,,,,,,
campaign_d_path,path_n100_near-ties_seed2.pcf,dhfma,1,0,108956,44,43,3313416458020779148,14240,23f703aa3bc9,2026-08-28T16:54:06Z,100,99,1,,,,,,,,,,,,,,,,,
campaign_d_path,path_n100_near-ties_seed2.pcf,dhfma,2,0,104153,44,43,3313416458020779148,14240,23f703aa3bc9,2026-08-28T16:54:06Z,100,99,1,,,,,,,,,,,,,,,,,
campaign_d_path,path_n100_near-ties_seed3.pcf,dhfma,0,0,127837,38,37,17423716328813924385,14400,23f703aa3bc9,2026-08-28T16:54:06Z,100,99,1,,,,,,,,,,,,,,,,,
campaign_d_path,path_n100_near-ties_seed3.pcf,dhfma,1,0,111114,38,37,17423716328813924385,14400,23f703aa3bc9,2026-08-28T16:54:06Z,100,99,1,,,,,,,,,,,,,,,,,
campaign_d_path,path_n100_near-ties_seed3.pcf,dhfma,2,0,104505,38,37,17423716328813924385,14400,23f703aa3bc9,2026-08-28T16:54:06Z,100,99,1,,,,,,,,,,,,,,,,,
campaign_d_path,path_n100_near-ties_seed4.pcf,dhfma,0,0,135419,40,39,7382110717407710452,14400,23f703aa3bc9,2026-08-28T16:54:06Z,100,99,1,,,,,,,,,,,,,,,,,
campaign_d_path,path_n100_near-ties_seed4.pcf,dhfma,1,0,114863,40,39,7382110717407710452,14400,23f703aa3bc9,2026-08-28T16:54:06Z,100,99,1,,,,,,,,,,,,,,,,,
campaign_d_path,path_n100_near-ties_seed4.pcf,dhfma,2,0,106038,40,39,7382110717407710452,14400,23f703aa3bc9,2026-08-28T16:54:06Z,100,99,1,,,,,,,,,,,,,,,,,
campaign_d_path,path_n100_near-ties_seed5.pcf,dhfma,0,0,127281,43,42,4910692001012510238,14400,23f703aa3bc9,2026-08-28T16:54:06Z,100,99,1,,,,,,,,,,,,,,,,,
campaign_d_path,path_n100_near-ties_seed5.pcf,dhfma,1,0,107747,43,42,4910692001012510238,14400,23f703aa3bc9,2026-08-28T16:54:06Z,100,99,1,,,,,,,,,,,,,,,,,
campaign_d_path,path_n100_near-ties_seed5.pcf,dhfma,2,0,100515,43,42,4910692001012510238,14400,23f703aa3bc9,2026-08-28T16:54:06Z,100,99,1,,,,,,,,,,,,,,,,,
campaign_d_path,path_n100_near-ties_seed6.pcf,dhfma,0,0,131339,41,40,14863636690863145895,14400,23f703aa3bc9,2026-08-28T16:54:06Z,100,99,1,,,,,,,,,,,,,,,,,
campaign_d_path,path_n100_near-ties_seed6.pcf,dhfma,1,0,112859,41,40,14863636690863145895,14400,23f703aa3bc9,2026-08-28T16:54:06Z,100,99,1,,,,,,,,,,,,,,,,,
campaign_d_path,path_n100_near-ties_seed6.pcf,dhfma,2,0,104058,41,40,14863636690863145895,14400,23f703aa3bc9,2026-08-28T16:54:06Z,100,99,1,,,,,,,,,,,,,,,,,
campaign_d_path,path_n100_near-ties_seed7.pcf,dhfma,0,0,133005,44,43,2259647823513456680,14400,23f703aa3bc9,2026-08-28T16:54:06Z,100,99,1,,,,,,,,,,,,,,,,,
campaign_d_path,path_n100_near-ties_seed7.pcf,dhfma,1,0,115461,44,43,2259647823513456680,14400,23f703aa3bc9,2026-08-28T16:54:06Z,100,99,1,,,,,,,,,,,,,,,,,
campaign_d_path,path_n100_near-ties_seed7.pcf,dhfma,2,0,109620,44,43,2259647823513456680,14400,23f703aa3bc9,2026-08-28T16:54:06Z,100,99,1,,,,,,,,,,,,,,,,,
campaign_d_path,path_n100_near-ties_seed8.pcf,dhfma,0,0,134862,39,38,18427128677645474814,14400,23f703aa3bc9,2026-08-28T16:54:06Z,100,99,1,,,,,,,,,,,,,,,,,
campaign_d_path,path_n100_near-ties_seed8.pcf,dhfma,1,0,114823,39,38,18427128677645474814,14400,23f703aa3bc9,2026-08-28T16:54:06Z,100,99,1,,,,,,,,,,,,,,,,,
campaign_d_path,path_n100_near-ties_seed8.pcf,dhfma,2,0,110808,39,38,18427128677645474814,14400,23f703aa3bc9,2026-08-28T16:54:06Z,100,99,1,,,,,,,,,,,,,,,,,
campaign_d_path,path_n100_near-ties_seed9.pcf,dhfma,0,0,154868,42,41,7906690809366357171,14400,23f703aa3bc9,2026-08-28T16:54:06Z,100,99,1,,,,,,,,,,,,,,,,,
campaign_d_path,path_n100_near-ties_seed9.pcf,dhfma,1,0,116985,42,41,7906690809366357171,14400,23f703aa3bc9,2026-08-28T16:54:06Z,100,99,1,,,,,,,,,,,,,,,,,
campaign_d_path,path_n100_near-ties_seed9.pcf,dhfma,2,0,109558,42,41,7906690809366357171,14400,23f703aa3bc9,2026-08-28T16:54:06Z,100,99,1,,,,,,,,,,,,,,,,,
campaign_d_path,path_n20000_anti-correlated_seed0.pcf,dhfma,0,0,30351568,9825,9824,12644588237818836229,14400,23f703aa3bc9,2026-08-28T16:54:06Z,20000,19999,1,,,,,,,,,,,,,,,,,
campaign_d_path,path_n20000_anti-correlated_seed0.pcf,dhfma,1,0,29053676,9825,9824,12644588237818836229,14400,23f703aa3bc9,2026-08-28T16:54:06Z,20000,19999,1,,,,,,,,,,,,,,,,,
campaign_d_path,path_n20000_anti-correlated_seed0.pcf,dhfma,2,0,29416898,9825,9824,12644588237818836229,14400,23f703aa3bc9,2026-08-28T16:54:06Z,20000,19999,1,,,,,,,,,,,,,,,,,
campaign_d_path,path_n20000_anti-correlated_seed1.pcf,dhfma,0,0,30968280,9810,9809,5738686590611386956,14400,23f703aa3bc9,2026-08-28T16:54:06Z,20000,19999,1,,,,,,,,,,,,,,,,,
campaign_d_path,path_n20000_anti-correlated_seed1.pcf,dhfma,1,0,29953813,9810,9809,5738686590611386956,14400,23f703aa3bc9,2026-08-28T16:54:06Z,20000,19999,1,,,,,,,,,,,,,,,,,
campaign_d_path,path_n20000_anti-correlated_seed1.pcf,dhfma,2,0,29742913,9810,9809,5738686590611386956,14400,23f703aa3bc9,2026-08-28T16:54:06Z,20000,19999,1,,,,,,,,,,,,,,,,,
campaign_d_path,path_n20000_anti-correlated_seed2.pcf,dhfma,0,0,30245939,9850,9849,8373140985225346445,14400,23f703aa3bc9,2026-08-28T16:54:06Z,20000,19999,1,,,,,,,,,,,,,,,,,
campaign_d_path,path_n20000_anti-correlated_seed2.pcf,dhfma,1,0,28806447,9850,9849,8373140985225346445,14400,23f703aa3bc9,2026-08-28T16:54:07Z,20000,19999,1,,,,,,,,,,,,,,,,,
campaign_d_path,path_n20000_anti-correlated_seed2.pcf,dhfma,2,0,28679028,9850,9849,8373140985225346445,14400,23f703aa3bc9,2026-08-28T16:54:07Z,20000,19999,1,,,,,,,,,,,,,,,,,
campaign_d_path,path_n20000_anti-correlated_seed3.pcf,dhfma,0,0,30395286,9867,9866,15487499602660675959,14400,23f703aa3bc9,2026-08-28T16:54:07Z,20000,19999,1,,,,,,,,,,,,,,,,,
campaign_d_path,path_n20000_anti-correlated_seed3.pcf,dhfma,1,0,30057531,9867,9866,15487499602660675959,14400,23f703aa3bc9,2026-08-28T16:54:07Z,20000,19999,1,,,,,,,,,,,,,,,,,
campaign_d_path,path_n20000_anti-correlated_seed3.pcf,dhfma,2,0,29490073,9867,9866,15487499602660675959,14400,23f703aa3bc9,2026-08-28T16:54:07Z,20000,19999,1,,,,,,,,,,,,,,,,,
campaign_d_path,path_n20000_anti-correlated_seed4.pcf,dhfma,0,0,30147026,9795,9794,13666352828782310514,14400,23f703aa3bc9,2026-08-28T16:54:07Z,20000,19999,1,,,,,,,,,,,,,,,,,
campaign_d_path,path_n20000_anti-correlated_seed4.pcf,dhfma,1,0,29184366,9795,9794,13666352828782310514,14400,23f703aa3bc9,2026-08-28T16:54:07Z,20000,19999,1,,,,,,,,,,,,,,,,,
campaign_d_path,path_n20000_anti-correlated_seed4.pcf,dhfma,2,0,29136092,9795,9794,13666352828782310514,14400,23f703aa3bc9,2026-08-28T16:54:07Z,20000,19999,1,,,,,,,,,,,,,,,,,
campaign_d_path,path_n20000_anti-correlated_seed5.pcf,dhfma,0,0,29382316,9710,9709,14253883046649638931,14400,23f703aa3bc9,2026-08-28T16:54:07Z,20000,19999,1,,,,,,,,,,,,,,,,,
campaign_d_path,path_n20000_anti-correlated_seed5.pcf,dhfma,1,0,27959434,9710,9709,14253883046649638931,14400,23f703aa3bc9,2026-08-28T16:54:07Z,20000,19999,1,,,,,,,,,,,,,,,,,
campaign_d_path,path_n20000_anti-correlated_seed5.pcf,dhfma,2,0,26670788,9710,9709,14253883046649638931,14400,23f703aa3bc9,2026-08-28T16:54:07Z,20000,19999,1,,,,,,,,,,,,,,,,,
campaign_d_path,path_n20000_anti-correlated_seed6.pcf,dhfma,0,0,30403114,9797,9796,12786908269059847984,14400,23f703aa3bc9,2026-08-28T16:54:07Z,20000,19999,1,,,,,,,,,,,,,,,,,
campaign_d_path,path_n20000_anti-correlated_seed6.pcf,dhfma,1,0,29704774,9797,9796,12786908269059847984,14400,23f703aa3bc9,2026-08-28T16:54:07Z,20000,19999,1,,,,,,,,,,,,,,,,,
campaign_d_path,path_n20000_anti-correlated_seed6.pcf,dhfma,2,0,30187685,9797,9796,12786908269059847984,14400,23f703aa3bc9,2026-08-28T16:54:07Z,20000,19999,1,,,,,,,,,,,,,,,,,
campaign_d_path,path_n20000_anti-correlated_seed7.pcf,dhfma,0,0,30256809,9865,9864,11558466185431270645,14400,23f703aa3bc9,2026-08-28T16:54:07Z,20000,19999,1,,,,,,,,,,,,,,,,,
campaign_d_path,path_n20000_anti-correlated_seed7.pcf,dhfma,1,0,29271148,9865,9864,11558466185431270645,14400,23f703aa3bc9,2026-08-28T16:54:07Z,20000,19999,1,,,,,,,,,,,,,,,,,
campaign_d_path,path_n20000_anti-correlated_seed7.pcf,dhfma,2,0,30800453,9865,9864,11558466185431270645,14400,23f703aa3bc9,2026-08-28T16:54:07Z,20000,19999,1,,,,,,,,,,,,,,,,,
campaign_d_path,path_n20000_anti-correlated_seed8.pcf,dhfma,0,0,30784580,9669,9668,1013422187478863086,14400,23f703aa3bc9,2026-08-28T16:54:07Z,20000,19999,1,,,,,,,,,,,,,,,,,
campaign_d_path,path_n20000_anti-correlated_seed8.pcf,dhfma,1,0,29498785,9669,9668,1013422187478863086,14400,23f703aa3bc9,2026-08-28T16:54:07Z,20000,19999,1,,,,,,,,,,,,,,,,,
campaign_d_path,path_n20000_anti-correlated_seed8.pcf,dhfma,2,0,30190088,9669,9668,1013422187478863086,14400,23f703aa3bc9,2026-08-28T16:54:07Z,20000,19999,1,,,,,,,,,,,,,,,,,
campaign_d_path,path_n20000_anti-correlated_seed9.pcf,dhfma,0,0,30602137,9804,9803,1989423515960576757,14400,23f703aa3bc9,2026-08-28T16:54:07Z,20000,19999,1,,,,,,,,,,,,,,,,,
campaign_d_path,path_n20000_anti-correlated_seed9.pcf,dhfma,1,0,30380037,9804,9803,1989423515960576757,14400,23f703aa3bc9,2026-08-28T16:54:07Z,20000,19999,1,,,,,,,,,,,,,,,,,
campaign_d_path,path_n20000_anti-correlated_seed9.pcf,dhfma,2,0,30101976,9804,9803,1989423515960576757,14400,23f703aa3bc9,2026-08-28T16:54:07Z,20000,19999,1,,,,,,,,,,,,,,,,,
campaign_d_path,path_n20000_correlated_seed0.pcf,dhfma,0,0,30639510,9065,9064,18410812429094313799,14400,23f703aa3bc9,2026-08-28T16:54:07Z,20000,19999,1,,,,,,,,,,,,,,,,,
campaign_d_path,path_n20000_correlated_seed0.pcf,dhfma,1,0,29359889,9065,9064,18410812429094313799,14400,23f703aa3bc9,2026-08-28T16:54:07Z,20000,19999,1,,,,,,,,,,,,,,,,,
campaign_d_path,path_n20000_correlated_seed0.pcf,dhfma,2,0,30082196,9065,9064,18410812429094313799,14400,23f703aa3bc9,2026-08-28T16:54:07Z,20000,19999,1,,,,,,,,,,,,,,,,,
campaign_d_path,path_n20000_correlated_seed1.pcf,dhfma,0,0,31910279,9049,9048,86983238152460926,14400,23f703aa3bc9,2026-08-28T16:54:07Z,20000,19999,1,,,,,,,,,,,,,,,,,
campaign_d_path,path_n20000_correlated_seed1.pcf,dhfma,1,0,30371046,9049,9048,86983238152460926,14400,23f703aa3bc9,2026-08-28T16:54:07Z,20000,19999,1,,,,,,,,,,,,,,,,,
campaign_d_path,path_n20000_correlated_seed1.pcf,dhfma,2,0,28994437,9049,9048,86983238152460926,14400,23f703aa3bc9,2026-08-28T16:54:07Z,20000,19999,1,,,,,,,,,,,,,,,,,
campaign_d_path,path_n20000_correlated_seed2.pcf,dhfma,0,0,30699967,9034,9033,280055220123460886,14560,23f703aa3bc9,2026-08-28T16:54:07Z,20000,19999,1,,,,,,,,,,,,,,,,,
campaign_d_path,path_n20000_correlated_seed2.pcf,dhfma,1,0,29664308,9034,9033,280055220123460886,14560,23f703aa3bc9,2026-08-28T16:54:08Z,20000,19999,1,,,,,,,,,,,,,,,,,
campaign_d_path,path_n20000_correlated_seed2.pcf,dhfma,2,0,29578802,9034,9033,280055220123460886,14560,23f703aa3bc9,2026-08-28T16:54:08Z,20000,19999,1,,,,,,,,,,,,,,,,,
campaign_d_path,path_n20000_correlated_seed3.pcf,dhfma,0,0,31067271,9009,9008,10257458684929708078,14560,23f703aa3bc9,2026-08-28T16:54:08Z,20000,19999,1,,,,,,,,,,,,,,,,,
campaign_d_path,path_n20000_correlated_seed3.pcf,dhfma,1,0,29826222,9009,9008,10257458684929708078,14560,23f703aa3bc9,2026-08-28T16:54:08Z,20000,19999,1,,,,,,,,,,,,,,,,,
campaign_d_path,path_n20000_correlated_seed3.pcf,dhfma,2,0,29543694,9009,9008,10257458684929708078,14560,23f703aa3bc9,2026-08-28T16:54:08Z,20000,19999,1,,,,,,,,,,,,,,,,,
campaign_d_path,path_n20000_correlated_seed4.pcf,dhfma,0,0,31063639,9091,9090,13746494562745642564,14560,23f703aa3bc9,2026-08-28T16:54:08Z,20000,19999,1,,,,,,,,,,,,,,,,,
campaign_d_path,path_n20000_correlated_seed4.pcf,dhfma,1,0,29721121,9091,9090,13746494562745642564,14560,23f703aa3bc9,2026-08-28T16:54:08Z,20000,19999,1,,,,,,,,,,,,,,,,,
campaign_d_path,path_n20000_correlated_seed4.pcf,dhfma,2,0,29865752,9091,9090,13746494562745642564,14560,23f703aa3bc9,2026-08-28T16:54:08Z,20000,19999,1,,,,,,,,,,,,,,,,,
campaign_d_path,path_n20000_correlated_seed5.pcf,dhfma,0,0,31143622,9049,9048,16779787252484811278,14560,23f703aa3bc9,2026-08-28T16:54:08Z,20000,19999,1,,,,,,,,,,,,,,,,,
campaign_d_path,path_n20000_correlated_seed5.pcf,dhfma,1,0,29475232,9049,9048,16779787252484811278,14560,23f703aa3bc9,2026-08-28T16:54:08Z,20000,19999,1,,,,,,,,,,,,,,,,,
campaign_d_path,path_n20000_correlated_seed5.pcf,dhfma,2,0,28433482,9049,9048,16779787252484811278,14560,23f703aa3bc9,2026-08-28T16:54:08Z,20000,19999,1,,,,,,,,,,,,,,,,,
campaign_d_path,path_n20000_correlated_seed6.pcf,dhfma,0,0,30179333,8927,8926,6221769177969046462,14560,23f703aa3bc9,2026-08-28T16:54:08Z,20000,19999,1,,,,,,,,,,,,,,,,,
campaign_d_path,path_n20000_correlated_seed6.pcf,dhfma,1,0,29893575,8927,8926,6221769177969046462,14560,23f703aa3bc9,2026-08-28T16:54:08Z,20000,19999,1,,,,,,,,,,,,,,,,,
campaign_d_path,path_n20000_correlated_seed6.pcf,dhfma,2,0,30014810,8927,8926,6221769177969046462,14560,23f703aa3bc9,2026-08-28T16:54:08Z,20000,19999,1,,,,,,,,,,,,,,,,,
campaign_d_path,path_n20000_correlated_seed7.pcf,dhfma,0,0,30628220,9058,9057,15722504464996601075,14560,23f703aa3bc9,2026-08-28T16:54:08Z,20000,19999,1,,,,,,,,,,,,,,,,,
campaign_d_path,path_n20000_correlated_seed7.pcf,dhfma,1,0,29535963,9058,9057,15722504464996601075,14560,23f703aa3bc9,2026-08-28T16:54:08Z,20000,19999,1,,,,,,,,,,,,,,,,,
campaign_d_path,path_n20000_correlated_seed7.pcf,dhfma,2,0,28537364,9058,9057,15722504464996601075,14560,23f703aa3bc9,2026-08-28T16:54:08Z,20000,19999,1,,,,,,,,,,,,,,,,,
campaign_d_path,path_n20000_correlated_seed8.pcf,dhfma,0,0,31044943,8948,8947,5974990667201275072,14560,23f703aa3bc9,2026-08-28T16:54:08Z,20000,19999,1,,,,,,,,,,,,,,,,,
campaign_d_path,path_n20000_correlated_seed8.pcf,dhfma,1,0,30125554,8948,8947,5974990667201275072,14560,23f703aa3bc9,2026-08-28T16:54:08Z,20000,19999,1,,,,,,,,,,,,,,,,,
campaign_d_path,path_n20000_correlated_seed8.pcf,dhfma,2,0,30192517,8948,8947,5974990667201275072,14560,23f703aa3bc9,2026-08-28T16:54:08Z,20000,19999,1,,,,,,,,,,,,,,,,,
campaign_d_path,path_n20000_correlated_seed9.pcf,dhfma,0,0,30871155,8999,8998,17332281801139661213,14560,23f703aa3bc9,2026-08-28T16:54:08Z,20000,19999,1,,,,,,,,,,,,,,,,,
campaign_d_path,path_n20000_correlated_seed9.pcf,dhfma,1,0,29679366,8999,8998,17332281801139661213,14560,23f703aa3bc9,2026-08-28T16:54:08Z,20000,19999,1,,,,,,,,,,,,,,,,,
campaign_d_path,path_n20000_correlated_seed9.pcf,dhfma,2,0,30018075,8999,8998,17332281801139661213,14560,23f703aa3bc9,2026-08-28T16:54:08Z,20000,19999,1,,,,,,,,,,,,,,,,,
campaign_d_path,path_n20000_exact-ties_seed0.pcf,dhfma,0,0,30105597,4968,4967,13162266946540298931,14560,23f703aa3bc9,2026-08-28T16:54:08Z,20000,19999,1,,,,,,,,,,,,,,,,,
campaign_d_path,path_n20000_exact-ties_seed0.pcf,dhfma,1,0,28818252,4968,4967,13162266946540298931,14560,23f703aa3bc9,2026-08-28T16:54:08Z,20000,19999,1,,,,,,,,,,,,,,,,,
campaign_d_path,path_n20000_exact-ties_seed0.pcf,dhfma,2,0,30722975,4968,4967,13162266946540298931,14560,23f703aa3bc9,2026-08-28T16:54:08Z,20000,19999,1,,,,,,,,,,,,,,,,,
campaign_d_path,path_n20000_exact-ties_seed1.pcf,dhfma,0,0,30250383,4930,4929,4279273487213689819,14560,23f703aa3bc9,2026-08-28T16:54:08Z,20000,19999,1,,,,,,,,,,,,,,,,,
campaign_d_path,path_n20000_exact-ties_seed1.pcf,dhfma,1,0,29289232,4930,4929,4279273487213689819,14560,23f703aa3bc9,2026-08-28T16:54:08Z,20000,19999,1,,,,,,,,,,,,,,,,,
campaign_d_path,path_n20000_exact-ties_seed1.pcf,dhfma,2,0,29077470,4930,4929,4279273487213689819,14560,23f703aa3bc9,2026-08-28T16:54:08Z,20000,19999,1,,,,,,,,,,,,,,,,,
campaign_d_path,path_n20000_exact-ties_seed2.pcf,dhfma,0,0,29849212,4991,4990,5110015017908107484,14560,23f703aa3bc9,2026-08-28T16:54:09Z,20000,19999,1,,,,,,,,,,,,,,,,,
campaign_d_path,path_n20000_exact-ties_seed2.pcf,dhfma,1,0,28839081,4991,4990,5110015017908107484,14560,23f703aa3bc9,2026-08-28T16:54:09Z,20000,19999,1,,,,,,,,,,,,,,,,,
campaign_d_path,path_n20000_exact-ties_seed2.pcf,dhfma,2,0,28953478,4991,4990,5110015017908107484,14560,23f703aa3bc9,2026-08-28T16:54:09Z,20000,19999,1,,,,,,,,,,,,,,,,,
campaign_d_path,path_n20000_exact-ties_seed3.pcf,dhfma,0,0,29783878,4956,4955,4191741778174566546,14560,23f703aa3bc9,2026-08-28T16:54:09Z,20000,19999,1,,,,,,,,,,,,,,,,,
campaign_d_path,path_n20000_exact-ties_seed3.pcf,dhfma,1,0,29180342,4956,4955,4191741778174566546,14560,23f703aa3bc9,2026-08-28T16:54:09Z,20000,19999,1,,,,,,,,,,,,,,,,,
campaign_d_path,path_n20000_exact-ties_seed3.pcf,dhfma,2,0,28969644,4956,4955,4191741778174566546,14560,23f703aa3bc9,2026-08-28T16:54:09Z,20000,19999,1,,,,,,,,,,,,,,,,,
campaign_d_path,path_n20000_exact-ties_seed4.pcf,dhfma,0,0,29830467,4939,4938,6135248509523909316,14560,23f703aa3bc9,2026-08-28T16:54:09Z,20000,19999,1,,,,,,,,,,,,,,,,,
campaign_d_path,path_n20000_exact-ties_seed4.pcf,dhfma,1,0,28760771,4939,4938,6135248509523909316,14560,23f703aa3bc9,2026-08-28T16:54:09Z,20000,19999,1,,,,,,,,,,,,,,,,,
campaign_d_path,path_n20000_exact-ties_seed4.pcf,dhfma,2,0,28799999,4939,4938,6135248509523909316,14560,23f703aa3bc9,2026-08-28T16:54:09Z,20000,19999,1,,,,,,,,,,,,,,,,,
campaign_d_path,path_n20000_exact-ties_seed5.pcf,dhfma,0,0,29571556,4948,4947,15308629703560179321,14560,23f703aa3bc9,2026-08-28T16:54:09Z,20000,19999,1,,,,,,,,,,,,,,,,,
campaign_d_path,path_n20000_exact-ties_seed5.pcf,dhfma,1,0,28858305,4948,4947,15308629703560179321,14560,23f703aa3bc9,2026-08-28T16:54:09Z,20000,19999,1,,,,,,,,,,,,,,,,,
campaign_d_path,path_n20000_exact-ties_seed5.pcf,dhfma,2,0,29007317,4948,4947,15308629703560179321,14560,23f703aa3bc9,2026-08-28T16:54:09Z,20000,19999,1,,,,,,,,,,,,,,,,,
campaign_d_path,path_n20000_exact-ties_seed6.pcf,dhfma,0,0,27937214,5002,5001,9437280793732270524,14560,23f703aa3bc9,2026-08-28T16:54:09Z,20000,19999,1,,,,,,,,,,,,,,,,,
campaign_d_path,path_n20000_exact-ties_seed6.pcf,dhfma,1,0,27399941,5002,5001,9437280793732270524,14560,23f703aa3bc9,2026-08-28T16:54:09Z,20000,19999,1,,,,,,,,,,,,,,,,,
campaign_d_path,path_n20000_exact-ties_seed6.pcf,dhfma,2,0,27327866,5002,5001,9437280793732270524,14560,23f703aa3bc9,2026-08-28T16:54:09Z,20000,19999,1,,,,,,,,,,,,,,,,,
campaign_d_path,path_n20000_exact-ties_seed7.pcf,dhfma,0,0,27972806,4934,4933,11372176562396636745,14560,23f703aa3bc9,2026-08-28T16:54:09Z,20000,19999,1,,,,,,,,,,,,,,,,,
campaign_d_path,path_n20000_exact-ties_seed7.pcf,dhfma,1,0,27470835,4934,4933,11372176562396636745,14560,23f703aa3bc9,2026-08-28T16:54:09Z,20000,19999,1,,,,,,,,,,,,,,,,,
campaign_d_path,path_n20000_exact-ties_seed7.pcf,dhfma,2,0,27614641,4934,4933,11372176562396636745,14560,23f703aa3bc9,2026-08-28T16:54:09Z,20000,19999,1,,,,,,,,,,,,,,,,,
campaign_d_path,path_n20000_exact-ties_seed8.pcf,dhfma,0,0,28256081,4880,4879,16468259781391100018,14560,23f703aa3bc9,2026-08-28T16:54:09Z,20000,19999,1,,,,,,,,,,,,,,,,,
campaign_d_path,path_n20000_exact-ties_seed8.pcf,dhfma,1,0,27826269,4880,4879,16468259781391100018,14560,23f703aa3bc9,2026-08-28T16:54:09Z,20000,19999,1,,,,,,,,,,,,,,,,,
campaign_d_path,path_n20000_exact-ties_seed8.pcf,dhfma,2,0,27852489,4880,4879,16468259781391100018,14560,23f703aa3bc9,2026-08-28T16:54:09Z,20000,19999,1,,,,,,,,,,,,,,,,,
campaign_d_path,path_n20000_exact-ties_seed9.pcf,dhfma,0,0,28211224,4906,4905,724897954535260917,14720,23f703aa3bc9,2026-08-28T16:54:09Z,20000,19999,1,,,,,,,,,,,,,,,,,
campaign_d_path,path_n20000_exact-ties_seed9.pcf,dhfma,1,0,27421256,4906,4905,724897954535260917,14720,23f703aa3bc9,2026-08-28T16:54:09Z,20000,19999,1,,,,,,,,,,,,,,,,,
campaign_d_path,path_n20000_exact-ties_seed9.pcf,dhfma,2,0,27603233,4906,4905,724897954535260917,14720,23f703aa3bc9,2026-08-28T16:54:09Z,20000,19999,1,,,,,,,,,,,,,,,,,
campaign_d_path,path_n20000_independent-positive_seed0.pcf,dhfma,0,0,30387862,9908,9907,17380352759722157119,14720,23f703aa3bc9,2026-08-28T16:54:09Z,20000,19999,1,,,,,,,,,,,,,,,,,
campaign_d_path,path_n20000_independent-positive_seed0.pcf,dhfma,1,0,29192911,9908,9907,17380352759722157119,14720,23f703aa3bc9,2026-08-28T16:54:09Z,20000,19999,1,,,,,,,,,,,,,,,,,
campaign_d_path,path_n20000_independent-positive_seed0.pcf,dhfma,2,0,29773202,9908,9907,17380352759722157119,14720,23f703aa3bc9,2026-08-28T16:54:09Z,20000,19999,1,,,,,,,,,,,,,,,,,
campaign_d_path,path_n20000_independent-positive_seed1.pcf,dhfma,0,0,30386129,9807,9806,13610570655907612874,14720,23f703aa3bc9,2026-08-28T16:54:09Z,20000,19999,1,,,,,,,,,,,,,,,,,
campaign_d_path,path_n20000_independent-positive_seed1.pcf,dhfma,1,0,29430897,9807,9806,13610570655907612874,14720,23f703aa3bc9,2026-08-28T16:54:09Z,20000,19999,1,,,,,,,,,,,,,,,,,
campaign_d_path,path_n20000_independent-positive_seed1.pcf,dhfma,2,0,29617995,9807,9806,13610570655907612874,14720,23f703aa3bc9,2026-08-28T16:54:09Z,20000,19999,1,,,,,,,,,,,,,,,,,
campaign_d_path,path_n20000_independent-positive_seed2.pcf,dhfma,0,0,30527661,9789,9788,16565604489098875760,14720,23f703aa3bc9,2026-08-28T16:54:10Z,20000,19999,1,,,,,,,,,,,,,,,,,
campaign_d_path,path_n20000_independent-positive_seed2.pcf,dhfma,1,0,29487676,9789,9788,16565604489098875760,14720,23f703aa3bc9,2026-08-28T16:54:10Z,20000,19999,1,,,,,,,,,,,,,,,,,
campaign_d_path,path_n20000_independent-positive_seed2.pcf,dhfma,2,0,29696754,9789,9788,16565604489098875760,14720,23f703aa3bc9,2026-08-28T16:54:10Z,20000,19999,1,,,,,,,,,,,,,,,,,
campaign_d_path,path_n20000_independent-positive_seed3.pcf,dhfma,0,0,30645547,9751,9750,15979464558867954589,14720,23f703aa3bc9,2026-08-28T16:54:10Z,20000,19999,1,,,,,,,,,,,,,,,,,
campaign_d_path,path_n20000_independent-positive_seed3.pcf,dhfma,1,0,29548013,9751,9750,15979464558867954589,14720,23f703aa3bc9,2026-08-28T16:54:10Z,20000,19999,1,,,,,,,,,,,,,,,,,
campaign_d_path,path_n20000_independent-positive_seed3.pcf,dhfma,2,0,29952346,9751,9750,15979464558867954589,14720,23f703aa3bc9,2026-08-28T16:54:10Z,20000,19999,1,,,,,,,,,,,,,,,,,
campaign_d_path,path_n20000_independent-positive_seed4.pcf,dhfma,0,0,30697576,9973,9972,17692650764405298302,14720,23f703aa3bc9,2026-08-28T16:54:10Z,20000,19999,1,,,,,,,,,,,,,,,,,
campaign_d_path,path_n20000_independent-positive_seed4.pcf,dhfma,1,0,29689396,9973,9972,17692650764405298302,14720,23f703aa3bc9,2026-08-28T16:54:10Z,20000,19999,1,,,,,,,,,,,,,,,,,
campaign_d_path,path_n20000_independent-positive_seed4.pcf,dhfma,2,0,29913545,9973,9972,17692650764405298302,14720,23f703aa3bc9,2026-08-28T16:54:10Z,20000,19999,1,,,,,,,,,,,,,,,,,
campaign_d_path,path_n20000_independent-positive_seed5.pcf,dhfma,0,0,31022903,9884,9883,11539212994806892658,14720,23f703aa3bc9,2026-08-28T16:54:10Z,20000,19999,1,,,,,,,,,,,,,,,,,
campaign_d_path,path_n20000_independent-positive_seed5.pcf,dhfma,1,0,30099702,9884,9883,11539212994806892658,14720,23f703aa3bc9,2026-08-28T16:54:10Z,20000,19999,1,,,,,,,,,,,,,,,,,
campaign_d_path,path_n20000_independent-positive_seed5.pcf,dhfma,2,0,30124458,9884,9883,11539212994806892658,14720,23f703aa3bc9,2026-08-28T16:54:10Z,20000,19999,1,,,,,,,,,,,,,,,,,
campaign_d_path,path_n20000_independent-positive_seed6.pcf,dhfma,0,0,31215701,9827,9826,1720982913698362782,14720,23f703aa3bc9,2026-08-28T16:54:10Z,20000,19999,1,,,,,,,,,,,,,,,,,
campaign_d_path,path_n20000_independent-positive_seed6.pcf,dhfma,1,0,30104309,9827,9826,1720982913698362782,14720,23f703aa3bc9,2026-08-28T16:54:10Z,20000,19999,1,,,,,,,,,,,,,,,,,
campaign_d_path,path_n20000_independent-positive_seed6.pcf,dhfma,2,0,30230039,9827,9826,1720982913698362782,14720,23f703aa3bc9,2026-08-28T16:54:10Z,20000,19999,1,,,,,,,,,,,,,,,,,
campaign_d_path,path_n20000_independent-positive_seed7.pcf,dhfma,0,0,31115395,9787,9786,4689033289309021883,14720,23f703aa3bc9,2026-08-28T16:54:10Z,20000,19999,1,,,,,,,,,,,,,,,,,
campaign_d_path,path_n20000_independent-positive_seed7.pcf,dhfma,1,0,30207919,9787,9786,4689033289309021883,14720,23f703aa3bc9,2026-08-28T16:54:10Z,20000,19999,1,,,,,,,,,,,,,,,,,
campaign_d_path,path_n20000_independent-positive_seed7.pcf,dhfma,2,0,30042532,9787,9786,4689033289309021883,14720,23f703aa3bc9,2026-08-28T16:54:10Z,20000,19999,1,,,,,,,,,,,,,,,,,
campaign_d_path,path_n20000_independent-positive_seed8.pcf,dhfma,0,0,31814139,9789,9788,1195866450078067041,14720,23f703aa3bc9,2026-08-28T16:54:10Z,20000,19999,1,,,,,,,,,,,,,,,,,
campaign_d_path,path_n20000_independent-positive_seed8.pcf,dhfma,1,0,30017523,9789,9788,1195866450078067041,14720,23f703aa3bc9,2026-08-28T16:54:10Z,20000,19999,1,,,,,,,,,,,,,,,,,
campaign_d_path,path_n20000_independent-positive_seed8.pcf,dhfma,2,0,30761820,9789,9788,1195866450078067041,14720,23f703aa3bc9,2026-08-28T16:54:10Z,20000,19999,1,,,,,,,,,,,,,,,,,
campaign_d_path,path_n20000_independent-positive_seed9.pcf,dhfma,0,0,31419062,9836,9835,16175348040874935478,14720,23f703aa3bc9,2026-08-28T16:54:10Z,20000,19999,1,,,,,,,,,,,,,,,,,
campaign_d_path,path_n20000_independent-positive_seed9.pcf,dhfma,1,0,29710069,9836,9835,16175348040874935478,14720,23f703aa3bc9,2026-08-28T16:54:10Z,20000,19999,1,,,,,,,,,,,,,,,,,
campaign_d_path,path_n20000_independent-positive_seed9.pcf,dhfma,2,0,30082675,9836,9835,16175348040874935478,14720,23f703aa3bc9,2026-08-28T16:54:10Z,20000,19999,1,,,,,,,,,,,,,,,,,
campaign_d_path,path_n20000_independent-signed_seed0.pcf,dhfma,0,0,31413820,9999,9998,4921016856661429516,14720,23f703aa3bc9,2026-08-28T16:54:10Z,20000,19999,1,,,,,,,,,,,,,,,,,
campaign_d_path,path_n20000_independent-signed_seed0.pcf,dhfma,1,0,31303966,9999,9998,4921016856661429516,14720,23f703aa3bc9,2026-08-28T16:54:10Z,20000,19999,1,,,,,,,,,,,,,,,,,
campaign_d_path,path_n20000_independent-signed_seed0.pcf,dhfma,2,0,30278874,9999,9998,4921016856661429516,14720,23f703aa3bc9,2026-08-28T16:54:10Z,20000,19999,1,,,,,,,,,,,,,,,,,
campaign_d_path,path_n20000_independent-signed_seed1.pcf,dhfma,0,0,31302677,9848,9847,3469257095477440467,14720,23f703aa3bc9,2026-08-28T16:54:10Z,20000,19999,1,,,,,,,,,,,,,,,,,
campaign_d_path,path_n20000_independent-signed_seed1.pcf,dhfma,1,0,29952566,9848,9847,3469257095477440467,14720,23f703aa3bc9,2026-08-28T16:54:10Z,20000,19999,1,,,,,,,,,,,,,,,,,
campaign_d_path,path_n20000_independent-signed_seed1.pcf,dhfma,2,0,30232567,9848,9847,3469257095477440467,14720,23f703aa3bc9,2026-08-28T16:54:11Z,20000,19999,1,,,,,,,,,,,,,,,,,
campaign_d_path,path_n20000_independent-signed_seed2.pcf,dhfma,0,0,30754546,9887,9886,15096487147016999464,14720,23f703aa3bc9,2026-08-28T16:54:11Z,20000,19999,1,,,,,,,,,,,,,,,,,
campaign_d_path,path_n20000_independent-signed_seed2.pcf,dhfma,1,0,29640757,9887,9886,15096487147016999464,14720,23f703aa3bc9,2026-08-28T16:54:11Z,20000,19999,1,,,,,,,,,,,,,,,,,
campaign_d_path,path_n20000_independent-signed_seed2.pcf,dhfma,2,0,30027022,9887,9886,15096487147016999464,14720,23f703aa3bc9,2026-08-28T16:54:11Z,20000,19999,1,,,,,,,,,,,,,,,,,
campaign_d_path,path_n20000_independent-signed_seed3.pcf,dhfma,0,0,30871958,9974,9973,13446677924292886537,14720,23f703aa3bc9,2026-08-28T16:54:11Z,20000,19999,1,,,,,,,,,,,,,,,,,
campaign_d_path,path_n20000_independent-signed_seed3.pcf,dhfma,1,0,29888088,9974,9973,13446677924292886537,14720,23f703aa3bc9,2026-08-28T16:54:11Z,20000,19999,1,,,,,,,,,,,,,,,,,
campaign_d_path,path_n20000_independent-signed_seed3.pcf,dhfma,2,0,29071832,9974,9973,13446677924292886537,14720,23f703aa3bc9,2026-08-28T16:54:11Z,20000,19999,1,,,,,,,,,,,,,,,,,
campaign_d_path,path_n20000_independent-signed_seed4.pcf,dhfma,0,0,30873409,9853,9852,14287368627003182338,14720,23f703aa3bc9,2026-08-28T16:54:11Z,20000,19999,1,,,,,,,,,,,,,,,,,
campaign_d_path,path_n20000_independent-signed_seed4.pcf,dhfma,1,0,29681680,9853,9852,14287368627003182338,14720,23f703aa3bc9,2026-08-28T16:54:11Z,20000,19999,1,,,,,,,,,,,,,,,,,
campaign_d_path,path_n20000_independent-signed_seed4.pcf,dhfma,2,0,31284682,9853,9852,14287368627003182338,14720,23f703aa3bc9,2026-08-28T16:54:11Z,20000,19999,1,,,,,,,,,,,,,,,,,
campaign_d_path,path_n20000_independent-signed_seed5.pcf,dhfma,0,0,30852912,9834,9833,2853838714224326687,14720,23f703aa3bc9,2026-08-28T16:54:11Z,20000,19999,1,,,,,,,,,,,,,,,,,
campaign_d_path,path_n20000_independent-signed_seed5.pcf,dhfma,1,0,29747413,9834,9833,2853838714224326687,14720,23f703aa3bc9,2026-08-28T16:54:11Z,20000,19999,1,,,,,,,,,,,,,,,,,
campaign_d_path,path_n20000_independent-signed_seed5.pcf,dhfma,2,0,30811463,9834,9833,2853838714224326687,14720,23f703aa3bc9,2026-08-28T16:54:11Z,20000,19999,1,,,,,,,,,,,,,,,,,
campaign_d_path,path_n20000_independent-signed_seed6.pcf,dhfma,0,0,30488003,9936,9935,1661990079109026034,14720,23f703aa3bc9,2026-08-28T16:54:11Z,20000,19999,1,,,,,,,,,,,,,,,,,
campaign_d_path,path_n20000_independent-signed_seed6.pcf,dhfma,1,0,29472597,9936,9935,1661990079109026034,14720,23f703aa3bc9,2026-08-28T16:54:11Z,20000,19999,1,,,,,,,,,,,,,,,,,
campaign_d_path,path_n20000_independent-signed_seed6.pcf,dhfma,2,0,30078014,9936,9935,1661990079109026034,14720,23f703aa3bc9,2026-08-28T16:54:11Z,20000,19999,1,,,,,,,,,,,,,,,,,
campaign_d_path,path_n20000_independent-signed_seed7.pcf,dhfma,0,0,31065672,10063,10062,92715765355099580,14720,23f703aa3bc9,2026-08-28T16:54:11Z,20000,19999,1,,,,,,,,,,,,,,,,,
campaign_d_path,path_n20000_independent-signed_seed7.pcf,dhfma,1,0,29585413,10063,10062,92715765355099580,14720,23f703aa3bc9,2026-08-28T16:54:11Z,20000,19999,1,,,,,,,,,,,,,,,,,
campaign_d_path,path_n20000_independent-signed_seed7.pcf,dhfma,2,0,29747321,10063,10062,92715765355099580,14720,23f703aa3bc9,2026-08-28T16:54:11Z,20000,19999,1,,,,,,,,,,,,,,,,,
campaign_d_path,path_n20000_independent-signed_seed8.pcf,dhfma,0,0,31037706,9833,9832,13787027452480171872,14720,23f703aa3bc9,2026-08-28T16:54:11Z,20000,19999,1,,,,,,,,,,,,,,,,,
campaign_d_path,path_n20000_independent-signed_seed8.pcf,dhfma,1,0,29439926,9833,9832,13787027452480171872,14720,23f703aa3bc9,2026-08-28T16:54:11Z,20000,19999,1,,,,,,,,,,,,,,,,,
campaign_d_path,path_n20000_independent-signed_seed8.pcf,dhfma,2,0,29437242,9833,9832,13787027452480171872,14720,23f703aa3bc9,2026-08-28T16:54:11Z,20000,19999,1,,,,,,,,,,,,,,,,,
campaign_d_path,path_n20000_independent-signed_seed9.pcf,dhfma,0,0,30560511,9741,9740,6173459591207019593,14720,23f703aa3bc9,2026-08-28T16:54:11Z,20000,19999,1,,,,,,,,,,,,,,,,,
campaign_d_path,path_n20000_independent-signed_seed9.pcf,dhfma,1,0,29564036,9741,9740,6173459591207019593,14720,23f703aa3bc9,2026-08-28T16:54:11Z,20000,19999,1,,,,,,,,,,,,,,,,,
campaign_d_path,path_n20000_independent-signed_seed9.pcf,dhfma,2,0,29904115,9741,9740,6173459591207019593,14720,23f703aa3bc9,2026-08-28T16:54:11Z,20000,19999,1,,,,,,,,,,,,,,,,,
campaign_d_path,path_n20000_near-ties_seed0.pcf,dhfma,0,0,28953628,1025,1024,11036300344561963405,14880,23f703aa3bc9,2026-08-28T16:54:11Z,20000,19999,1,,,,,,,,,,,,,,,,,
campaign_d_path,path_n20000_near-ties_seed0.pcf,dhfma,1,0,28012675,1025,1024,11036300344561963405,14880,23f703aa3bc9,2026-08-28T16:54:11Z,20000,19999,1,,,,,,,,,,,,,,,,,
campaign_d_path,path_n20000_near-ties_seed0.pcf,dhfma,2,0,28037944,1025,1024,11036300344561963405,14880,23f703aa3bc9,2026-08-28T16:54:11Z,20000,19999,1,,,,,,,,,,,,,,,,,
campaign_d_path,path_n20000_near-ties_seed1.pcf,dhfma,0,0,27939816,1058,1057,10527367034976801439,14880,23f703aa3bc9,2026-08-28T16:54:11Z,20000,19999,1,,,,,,,,,,,,,,,,,
campaign_d_path,path_n20000_near-ties_seed1.pcf,dhfma,1,0,27708749,1058,1057,10527367034976801439,14880,23f703aa3bc9,2026-08-28T16:54:12Z,20000,19999,1,,,,,,,,,,,,,,,,,
campaign_d_path,path_n20000_near-ties_seed1.pcf,dhfma,2,0,27529397,1058,1057,10527367034976801439,14880,23f703aa3bc9,2026-08-28T16:54:12Z,20000,19999,1,,,,,,,,,,,,,,,,,
campaign_d_path,path_n20000_near-ties_seed2.pcf,dhfma,0,0,28162003,1028,1027,7369049486904025600,14880,23f703aa3bc9,2026-08-28T16:54:12Z,20000,19999,1,,,,,,,,,,,,,,,,,
campaign_d_path,path_n20000_near-ties_seed2.pcf,dhfma,1,0,27875358,1028,1027,7369049486904025600,14880,23f703aa3bc9,2026-08-28T16:54:12Z,20000,19999,1,,,,,,,,,,,,,,,,,
campaign_d_path,path_n20000_near-ties_seed2.pcf,dhfma,2,0,27847531,1028,1027,7369049486904025600,14880,23f703aa3bc9,2026-08-28T16:54:12Z,20000,19999,1,,,,,,,,,,,,,,,,,
campaign_d_path,path_n20000_near-ties_seed3.pcf,dhfma,0,0,27691466,1040,1039,15658465319051539618,14880,23f703aa3bc9,2026-08-28T16:54:12Z,20000,19999,1,,,,,,,,,,,,,,,,,
campaign_d_path,path_n20000_near-ties_seed3.pcf,dhfma,1,0,27523906,1040,1039,15658465319051539618,14880,23f703aa3bc9,2026-08-28T16:54:12Z,20000,19999,1,,,,,,,,,,,,,,,,,
campaign_d_path,path_n20000_near-ties_seed3.pcf,dhfma,2,0,27531263,1040,1039,15658465319051539618,14880,23f703aa3bc9,2026-08-28T16:54:12Z,20000,19999,1,,,,,,,,,,,,,,,,,
campaign_d_path,path_n20000_near-ties_seed4.pcf,dhfma,0,0,28625627,1034,1033,3272899291526090963,14880,23f703aa3bc9,2026-08-28T16:54:12Z,20000,19999,1,,,,,,,,,,,,,,,,,
campaign_d_path,path_n20000_near-ties_seed4.pcf,dhfma,1,0,27778582,1034,1033,3272899291526090963,14880,23f703aa3bc9,2026-08-28T16:54:12Z,20000,19999,1,,,,,,,,,,,,,,,,,
campaign_d_path,path_n20000_near-ties_seed4.pcf,dhfma,2,0,27898972,1034,1033,3272899291526090963,14880,23f703aa3bc9,2026-08-28T16:54:12Z,20000,19999,1,,,,,,,,,,,,,,,,,
campaign_d_path,path_n20000_near-ties_seed5.pcf,dhfma,0,0,27578788,1024,1023,10885215746300062826,14880,23f703aa3bc9,2026-08-28T16:54:12Z,20000,19999,1,,,,,,,,,,,,,,,,,
campaign_d_path,path_n20000_near-ties_seed5.pcf,dhfma,1,0,27296413,1024,1023,10885215746300062826,14880,23f703aa3bc9,2026-08-28T16:54:12Z,20000,19999,1,,,,,,,,,,,,,,,,,
campaign_d_path,path_n20000_near-ties_seed5.pcf,dhfma,2,0,27551673,1024,1023,10885215746300062826,14880,23f703aa3bc9,2026-08-28T16:54:12Z,20000,19999,1,,,,,,,,,,,,,,,,,
campaign_d_path,path_n20000_near-ties_seed6.pcf,dhfma,0,0,28519447,1044,1043,4271998206143485144,14880,23f703aa3bc9,2026-08-28T16:54:12Z,20000,19999,1,,,,,,,,,,,,,,,,,
campaign_d_path,path_n20000_near-ties_seed6.pcf,dhfma,1,0,27613465,1044,1043,4271998206143485144,14880,23f703aa3bc9,2026-08-28T16:54:12Z,20000,19999,1,,,,,,,,,,,,,,,,,
campaign_d_path,path_n20000_near-ties_seed6.pcf,dhfma,2,0,27518513,1044,1043,4271998206143485144,14880,23f703aa3bc9,2026-08-28T16:54:12Z,20000,19999,1,,,,,,,,,,,,,,,,,
campaign_d_path,path_n20000_near-ties_seed7.pcf,dhfma,0,0,27563519,1031,1030,4474462640179808584,14880,23f703aa3bc9,2026-08-28T16:54:12Z,20000,19999,1,,,,,,,,,,,,,,,,,
campaign_d_path,path_n20000_near-ties_seed7.pcf,dhfma,1,0,26952681,1031,1030,4474462640179808584,14880,23f703aa3bc9,2026-08-28T16:54:12Z,20000,19999,1,,,,,,,,,,,,,,,,,
campaign_d_path,path_n20000_near-ties_seed7.pcf,dhfma,2,0,27154804,1031,1030,4474462640179808584,14880,23f703aa3bc9,2026-08-28T16:54:12Z,20000,19999,1,,,,,,,,,,,,,,,,,
campaign_d_path,path_n20000_near-ties_seed8.pcf,dhfma,0,0,27876119,1038,1037,5151075961386356037,14880,23f703aa3bc9,2026-08-28T16:54:12Z,20000,19999,1,,,,,,,,,,,,,,,,,
campaign_d_path,path_n20000_near-ties_seed8.pcf,dhfma,1,0,27596674,1038,1037,5151075961386356037,14880,23f703aa3bc9,2026-08-28T16:54:12Z,20000,19999,1,,,,,,,,,,,,,,,,,
campaign_d_path,path_n20000_near-ties_seed8.pcf,dhfma,2,0,27265576,1038,1037,5151075961386356037,14880,23f703aa3bc9,2026-08-28T16:54:12Z,20000,19999,1,,,,,,,,,,,,,,,,,
campaign_d_path,path_n20000_near-ties_seed9.pcf,dhfma,0,0,25505164,1019,1018,6562587837885442806,14880,23f703aa3bc9,2026-08-28T16:54:12Z,20000,19999,1,,,,,,,,,,,,,,,,,
campaign_d_path,path_n20000_near-ties_seed9.pcf,dhfma,1,0,25187662,1019,1018,6562587837885442806,14880,23f703aa3bc9,2026-08-28T16:54:12Z,20000,19999,1,,,,,,,,,,,,,,,,,
campaign_d_path,path_n20000_near-ties_seed9.pcf,dhfma,2,0,25750898,1019,1018,6562587837885442806,14880,23f703aa3bc9,2026-08-28T16:54:12Z,20000,19999,1,,,,,,,,,,,,,,,,,
campaign_d_path,path_n2000_anti-correlated_seed0.pcf,dhfma,0,0,2555126,1002,1001,445536328249338479,14880,23f703aa3bc9,2026-08-28T16:54:12Z,2000,1999,1,,,,,,,,,,,,,,,,,
campaign_d_path,path_n2000_anti-correlated_seed0.pcf,dhfma,1,0,2387213,1002,1001,445536328249338479,14880,23f703aa3bc9,2026-08-28T16:54:12Z,2000,1999,1,,,,,,,,,,,,,,,,,
campaign_d_path,path_n2000_anti-correlated_seed0.pcf,dhfma,2,0,2419954,1002,1001,445536328249338479,14880,23f703aa3bc9,2026-08-28T16:54:12Z,2000,1999,1,,,,,,,,,,,,,,,,,
campaign_d_path,path_n2000_anti-correlated_seed1.pcf,dhfma,0,0,2578286,976,975,10093162353288481257,14880,23f703aa3bc9,2026-08-28T16:54:12Z,2000,1999,1,,,,,,,,,,,,,,,,,
campaign_d_path,path_n2000_anti-correlated_seed1.pcf,dhfma,1,0,2421224,976,975,10093162353288481257,14880,23f703aa3bc9,2026-08-28T16:54:12Z,2000,1999,1,,,,,,,,,,,,,,,,,
campaign_d_path,path_n2000_anti-correlated_seed1.pcf,dhfma,2,0,2427980,976,975,10093162353288481257,14880,23f703aa3bc9,2026-08-28T16:54:12Z,2000,1999,1,,,,,,,,,,,,,,,,,
campaign_d_path,path_n2000_anti-correlated_seed2.pcf,dhfma,0,0,2588196,997,996,8624563963314710917,14880,23f703aa3bc9,2026-08-28T16:54:12Z,2000,1999,1,,,,,,,,,,,,,,,,,
campaign_d_path,path_n2000_anti-correlated_seed2.pcf,dhfma,1,0,2433880,997,996,8624563963314710917,14880,23f703aa3bc9,2026-08-28T16:54:12Z,2000,1999,1,,,,,,,,,,,,,,,,,
campaign_d_path,path_n2000_anti-correlated_seed2.pcf,dhfma,2,0,2428948,997,996,8624563963314710917,14880,23f703aa3bc9,2026-08-28T16:54:12Z,2000,1999,1,,,,,,,,,,,,,,,,,
campaign_d_path,path_n2000_anti-correlated_seed3.pcf,dhfma,0,0,2535306,992,991,15081491338219828130,14880,23f703aa3bc9,2026-08-28T16:54:12Z,2000,1999,1,,,,,,,,,,,,,,,,,
campaign_d_path,path_n2000_anti-correlated_seed3.pcf,dhfma,1,0,2404784,992,991,15081491338219828130,14880,23f703aa3bc9,2026-08-28T16:54:12Z,2000,1999,1,,,,,,,,,,,,,,,,,
campaign_d_path,path_n2000_anti-correlated_seed3.pcf,dhfma,2,0,2400373,992,991,15081491338219828130,14880,23f703aa3bc9,2026-08-28T16:54:12Z,2000,1999,1,,,,,,,,,,,,,,,,,
campaign_d_path,path_n2000_anti-correlated_seed4.pcf,dhfma,0,0,2633253,993,992,9376936661657958262,14880,23f703aa3bc9,2026-08-28T16:54:12Z,2000,1999,1,,,,,,,,,,,,,,,,,
campaign_d_path,path_n2000_anti-correlated_seed4.pcf,dhfma,1,0,2474501,993,992,9376936661657958262,14880,23f703aa3bc9,2026-08-28T16:54:12Z,2000,1999,1,,,,,,,,,,,,,,,,,
campaign_d_path,path_n2000_anti-correlated_seed4.pcf,dhfma,2,0,2442700,993,992,9376936661657958262,14880,23f703aa3bc9,2026-08-28T16:54:12Z,2000,1999,1,,,,,,,,,,,,,,,,,
campaign_d_path,path_n2000_anti-correlated_seed5.pcf,dhfma,0,0,2809093,1018,1017,9831627012557903238,14880,23f703aa3bc9,2026-08-28T16:54:12Z,2000,1999,1,,,,,,,,,,,,,,,,,
campaign_d_path,path_n2000_anti-correlated_seed5.pcf,dhfma,1,0,2533007,1018,1017,9831627012557903238,14880,23f703aa3bc9,2026-08-28T16:54:12Z,2000,1999,1,,,,,,,,,,,,,,,,,
campaign_d_path,path_n2000_anti-correlated_seed5.pcf,dhfma,2,0,2490083,1018,1017,9831627012557903238,14880,23f703aa3bc9,2026-08-28T16:54:12Z,2000,1999,1,,,,,,,,,,,,,,,,,
campaign_d_path,path_n2000_anti-correlated_seed6.pcf,dhfma,0,0,2669649,992,991,14972057596547436242,14880,23f703aa3bc9,2026-08-28T16:54:12Z,2000,1999,1,,,,,,,,,,,,,,,,,
campaign_d_path,path_n2000_anti-correlated_seed6.pcf,dhfma,1,0,2495730,992,991,14972057596547436242,14880,23f703aa3bc9,2026-08-28T16:54:12Z,2000,1999,1,,,,,,,,,,,,,,,,,
campaign_d_path,path_n2000_anti-correlated_seed6.pcf,dhfma,2,0,2496195,992,991,14972057596547436242,14880,23f703aa3bc9,2026-08-28T16:54:12Z,2000,1999,1,,,,,,,,,,,,,,,,,
campaign_d_path,path_n2000_anti-correlated_seed7.pcf,dhfma,0,0,2635702,1035,1034,4175869558312467561,14880,23f703aa3bc9,2026-08-28T16:54:12Z,2000,1999,1,,,,,,,,,,,,,,,,,
campaign_d_path,path_n2000_anti-correlated_seed7.pcf,dhfma,1,0,2449264,1035,1034,4175869558312467561,14880,23f703aa3bc9,2026-08-28T16:54:12Z,2000,1999,1,,,,,,,,,,,,,,,,,
campaign_d_path,path_n2000_anti-correlated_seed7.pcf,dhfma,2,0,2403691,1035,1034,4175869558312467561,14880,23f703aa3bc9,2026-08-28T16:54:12Z,2000,1999,1,,,,,,,,,,,,,,,,,
campaign_d_path,path_n2000_anti-correlated_seed8.pcf,dhfma,0,0,2584402,1031,1030,13621539838856315419,14880,23f703aa3bc9,2026-08-28T16:54:12Z,2000,1999,1,,,,,,,,,,,,,,,,,
campaign_d_path,path_n2000_anti-correlated_seed8.pcf,dhfma,1,0,2404294,1031,1030,13621539838856315419,14880,23f703aa3bc9,2026-08-28T16:54:12Z,2000,1999,1,,,,,,,,,,,,,,,,,
campaign_d_path,path_n2000_anti-correlated_seed8.pcf,dhfma,2,0,2455468,1031,1030,13621539838856315419,14880,23f703aa3bc9,2026-08-28T16:54:12Z,2000,1999,1,,,,,,,,,,,,,,,,,
campaign_d_path,path_n2000_anti-correlated_seed9.pcf,dhfma,0,0,2553783,989,988,5060009180454548903,15040,23f703aa3bc9,2026-08-28T16:54:12Z,2000,1999,1,,,,,,,,,,,,,,,,,
campaign_d_path,path_n2000_anti-correlated_seed9.pcf,dhfma,1,0,2431682,989,988,5060009180454548903,15040,23f703aa3bc9,2026-08-28T16:54:12Z,2000,1999,1,,,,,,,,,,,,,,,,,
campaign_d_path,path_n2000_anti-correlated_seed9.pcf,dhfma,2,0,2447329,989,988,5060009180454548903,15040,23f703aa3bc9,2026-08-28T16:54:12Z,2000,1999,1,,,,,,,,,,,,,,,,,
campaign_d_path,path_n2000_correlated_seed0.pcf,dhfma,0,0,2640996,1001,1000,12881583106614997222,15040,23f703aa3bc9,2026-08-28T16:54:12Z,2000,1999,1,,,,,,,,,,,,,,,,,
campaign_d_path,path_n2000_correlated_seed0.pcf,dhfma,1,0,2487829,1001,1000,12881583106614997222,15040,23f703aa3bc9,2026-08-28T16:54:12Z,2000,1999,1,,,,,,,,,,,,,,,,,
campaign_d_path,path_n2000_correlated_seed0.pcf,dhfma,2,0,2435376,1001,1000,12881583106614997222,15040,23f703aa3bc9,2026-08-28T16:54:12Z,2000,1999,1,,,,,,,,,,,,,,,,,
campaign_d_path,path_n2000_correlated_seed1.pcf,dhfma,0,0,2556525,971,970,4673674595902866109,15040,23f703aa3bc9,2026-08-28T16:54:12Z,2000,1999,1,,,,,,,,,,,,,,,,,
campaign_d_path,path_n2000_correlated_seed1.pcf,dhfma,1,0,2507295,971,970,4673674595902866109,15040,23f703aa3bc9,2026-08-28T16:54:12Z,2000,1999,1,,,,,,,,,,,,,,,,,
campaign_d_path,path_n2000_correlated_seed1.pcf,dhfma,2,0,2504251,971,970,4673674595902866109,15040,23f703aa3bc9,2026-08-28T16:54:12Z,2000,1999,1,,,,,,,,,,,,,,,,,
campaign_d_path,path_n2000_correlated_seed2.pcf,dhfma,0,0,2674883,967,966,11551177645114510707,15040,23f703aa3bc9,2026-08-28T16:54:12Z,2000,1999,1,,,,,,,,,,,,,,,,,
campaign_d_path,path_n2000_correlated_seed2.pcf,dhfma,1,0,2573220,967,966,11551177645114510707,15040,23f703aa3bc9,2026-08-28T16:54:12Z,2000,1999,1,,,,,,,,,,,,,,,,,
campaign_d_path,path_n2000_correlated_seed2.pcf,dhfma,2,0,2518184,967,966,11551177645114510707,15040,23f703aa3bc9,2026-08-28T16:54:12Z,2000,1999,1,,,,,,,,,,,,,,,,,
campaign_d_path,path_n2000_correlated_seed3.pcf,dhfma,0,0,2607049,976,975,6758354104145611385,15040,23f703aa3bc9,2026-08-28T16:54:12Z,2000,1999,1,,,,,,,,,,,,,,,,,
campaign_d_path,path_n2000_correlated_seed3.pcf,dhfma,1,0,2454356,976,975,6758354104145611385,15040,23f703aa3bc9,2026-08-28T16:54:12Z,2000,1999,1,,,,,,,,,,,,,,,,,
campaign_d_path,path_n2000_correlated_seed3.pcf,dhfma,2,0,2438386,976,975,6758354104145611385,15040,23f703aa3bc9,2026-08-28T16:54:12Z,2000,1999,1,,,,,,,,,,,,,,,,,
campaign_d_path,path_n2000_correlated_seed4.pcf,dhfma,0,0,2636182,1002,1001,3919110831962009543,15040,23f703aa3bc9,2026-08-28T16:54:12Z,2000,1999,1,,,,,,,,,,,,,,,,,
campaign_d_path,path_n2000_correlated_seed4.pcf,dhfma,1,0,2456438,1002,1001,3919110831962009543,15040,23f703aa3bc9,2026-08-28T16:54:12Z,2000,1999,1,,,,,,,,,,,,,,,,,
campaign_d_path,path_n2000_correlated_seed4.pcf,dhfma,2,0,2423958,1002,1001,3919110831962009543,15040,23f703aa3bc9,2026-08-28T16:54:12Z,2000,1999,1,,,,,,,,,,,,,,,,,
campaign_d_path,path_n2000_correlated_seed5.pcf,dhfma,0,0,2584016,981,980,17019632382693197736,15040,23f703aa3bc9,2026-08-28T16:54:12Z,2000,1999,1,,,,,,,,,,,,,,,,,
campaign_d_path,path_n2000_correlated_seed5.pcf,dhfma,1,0,2436861,981,980,17019632382693197736,15040,23f703aa3bc9,2026-08-28T16:54:12Z,2000,1999,1,,,,,,,,,,,,,,,,,
campaign_d_path,path_n2000_correlated_seed5.pcf,dhfma,2,0,2424137,981,980,17019632382693197736,15040,23f703aa3bc9,2026-08-28T16:54:12Z,2000,1999,1,,,,,,,,,,,,,,,,,
campaign_d_path,path_n2000_correlated_seed6.pcf,dhfma,0,0,2535985,975,974,5688148430025782090,15040,23f703aa3bc9,2026-08-28T16:54:12Z,2000,1999,1,,,,,,,,,,,,,,,,,
campaign_d_path,path_n2000_correlated_seed6.pcf,dhfma,1,0,2485231,975,974,5688148430025782090,15040,23f703aa3bc9,2026-08-28T16:54:12Z,2000,1999,1,,,,,,,,,,,,,,,,,
campaign_d_path,path_n2000_correlated_seed6.pcf,dhfma,2,0,2426671,975,974,5688148430025782090,15040,23f703aa3bc9,2026-08-28T16:54:12Z,2000,1999,1,,,,,,,,,,,,,,,,,
campaign_d_path,path_n2000_correlated_seed7.pcf,dhfma,0,0,2501606,980,979,9358733837355785334,15040,23f703aa3bc9,2026-08-28T16:54:12Z,2000,1999,1,,,,,,,,,,,,,,,,,
campaign_d_path,path_n2000_correlated_seed7.pcf,dhfma,1,0,2420754,980,979,9358733837355785334,15040,23f703aa3bc9,2026-08-28T16:54:12Z,2000,1999,1,,,,,,,,,,,,,,,,,
campaign_d_path,path_n2000_correlated_seed7.pcf,dhfma,2,0,2404387,980,979,9358733837355785334,15040,23f703aa3bc9,2026-08-28T16:54:12Z,2000,1999,1,,,,,,,,,,,,,,,,,
campaign_d_path,path_n2000_correlated_seed8.pcf,dhfma,0,0,2608436,993,992,5354761258080748252,15040,23f703aa3bc9,2026-08-28T16:54:13Z,2000,1999,1,,,,,,,,,,,,,,,,,
campaign_d_path,path_n2000_correlated_seed8.pcf,dhfma,1,0,2447725,993,992,5354761258080748252,15040,23f703aa3bc9,2026-08-28T16:54:13Z,2000,1999,1,,,,,,,,,,,,,,,,,
campaign_d_path,path_n2000_correlated_seed8.pcf,dhfma,2,0,2385818,993,992,5354761258080748252,15040,23f703aa3bc9,2026-08-28T16:54:13Z,2000,1999,1,,,,,,,,,,,,,,,,,
campaign_d_path,path_n2000_correlated_seed9.pcf,dhfma,0,0,2499479,957,956,2068620550163123839,15040,23f703aa3bc9,2026-08-28T16:54:13Z,2000,1999,1,,,,,,,,,,,,,,,,,
campaign_d_path,path_n2000_correlated_seed9.pcf,dhfma,1,0,2359909,957,956,2068620550163123839,15040,23f703aa3bc9,2026-08-28T16:54:13Z,2000,1999,1,,,,,,,,,,,,,,,,,
campaign_d_path,path_n2000_correlated_seed9.pcf,dhfma,2,0,2417592,957,956,2068620550163123839,15040,23f703aa3bc9,2026-08-28T16:54:13Z,2000,1999,1,,,,,,,,,,,,,,,,,
campaign_d_path,path_n2000_exact-ties_seed0.pcf,dhfma,0,0,2469999,557,556,13789886910760539540,15040,23f703aa3bc9,2026-08-28T16:54:13Z,2000,1999,1,,,,,,,,,,,,,,,,,
campaign_d_path,path_n2000_exact-ties_seed0.pcf,dhfma,1,0,2324567,557,556,13789886910760539540,15040,23f703aa3bc9,2026-08-28T16:54:13Z,2000,1999,1,,,,,,,,,,,,,,,,,
campaign_d_path,path_n2000_exact-ties_seed0.pcf,dhfma,2,0,2367874,557,556,13789886910760539540,15040,23f703aa3bc9,2026-08-28T16:54:13Z,2000,1999,1,,,,,,,,,,,,,,,,,
campaign_d_path,path_n2000_exact-ties_seed1.pcf,dhfma,0,0,2320530,573,572,9475385985173716016,15040,23f703aa3bc9,2026-08-28T16:54:13Z,2000,1999,1,,,,,,,,,,,,,,,,,
campaign_d_path,path_n2000_exact-ties_seed1.pcf,dhfma,1,0,2380606,573,572,9475385985173716016,15040,23f703aa3bc9,2026-08-28T16:54:13Z,2000,1999,1,,,,,,,,,,,,,,,,,
campaign_d_path,path_n2000_exact-ties_seed1.pcf,dhfma,2,0,2394159,573,572,9475385985173716016,15040,23f703aa3bc9,2026-08-28T16:54:13Z,2000,1999,1,,,,,,,,,,,,,,,,,
campaign_d_path,path_n2000_exact-ties_seed2.pcf,dhfma,0,0,2560630,574,573,12423812941600843698,15040,23f703aa3bc9,2026-08-28T16:54:13Z,2000,1999,1,,,,,,,,,,,,,,,,,
campaign_d_path,path_n2000_exact-ties_seed2.pcf,dhfma,1,0,2406795,574,573,12423812941600843698,15040,23f703aa3bc9,2026-08-28T16:54:13Z,2000,1999,1,,,,,,,,,,,,,,,,,
campaign_d_path,path_n2000_exact-ties_seed2.pcf,dhfma,2,0,2428463,574,573,12423812941600843698,15040,23f703aa3bc9,2026-08-28T16:54:13Z,2000,1999,1,,,,,,,,,,,,,,,,,
campaign_d_path,path_n2000_exact-ties_seed3.pcf,dhfma,0,0,2489565,552,551,6119999786452088797,15040,23f703aa3bc9,2026-08-28T16:54:13Z,2000,1999,1,,,,,,,,,,,,,,,,,
campaign_d_path,path_n2000_exact-ties_seed3.pcf,dhfma,1,0,2346683,552,551,6119999786452088797,15040,23f703aa3bc9,2026-08-28T16:54:13Z,2000,1999,1,,,,,,,,,,,,,,,,,
campaign_d_path,path_n2000_exact-ties_seed3.pcf,dhfma,2,0,2364671,552,551,6119999786452088797,15040,23f703aa3bc9,2026-08-28T16:54:13Z,2000,1999,1,,,,,,,,,,,,,,,,,
campaign_d_path,path_n2000_exact-ties_seed4.pcf,dhfma,0,0,2456188,575,574,3671764330545395000,15040,23f703aa3bc9,2026-08-28T16:54:13Z,2000,1999,1,,,,,,,,,,,,,,,,,
campaign_d_path,path_n2000_exact-ties_seed4.pcf,dhfma,1,0,2375141,575,574,3671764330545395000,15040,23f703aa3bc9,2026-08-28T16:54:13Z,2000,1999,1,,,,,,,,,,,,,,,,,
campaign_d_path,path_n2000_exact-ties_seed4.pcf,dhfma,2,0,2376970,575,574,3671764330545395000,15040,23f703aa3bc9,2026-08-28T16:54:13Z,2000,1999,1,,,,,,,,,,,,,,,,,
campaign_d_path,path_n2000_exact-ties_seed5.pcf,dhfma,0,0,2495732,549,548,15587391917606003585,15040,23f703aa3bc9,2026-08-28T16:54:13Z,2000,1999,1,,,,,,,,,,,,,,,,,
campaign_d_path,path_n2000_exact-ties_seed5.pcf,dhfma,1,0,2334282,549,548,15587391917606003585,15040,23f703aa3bc9,2026-08-28T16:54:13Z,2000,1999,1,,,,,,,,,,,,,,,,,
campaign_d_path,path_n2000_exact-ties_seed5.pcf,dhfma,2,0,2347480,549,548,15587391917606003585,15040,23f703aa3bc9,2026-08-28T16:54:13Z,2000,1999,1,,,,,,,,,,,,,,,,,
campaign_d_path,path_n2000_exact-ties_seed6.pcf,dhfma,0,0,2398180,556,555,17999546253139202900,15040,23f703aa3bc9,2026-08-28T16:54:13Z,2000,1999,1,,,,,,,,,,,,,,,,,
campaign_d_path,path_n2000_exact-ties_seed6.pcf,dhfma,1,0,2271278,556,555,17999546253139202900,15040,23f703aa3bc9,2026-08-28T16:54:13Z,2000,1999,1,,,,,,,,,,,,,,,,,
campaign_d_path,path_n2000_exact-ties_seed6.pcf,dhfma,2,0,2287929,556,555,17999546253139202900,15040,23f703aa3bc9,2026-08-28T16:54:13Z,2000,1999,1,,,,,,,,,,,,,,,,,
campaign_d_path,path_n2000_exact-ties_seed7.pcf,dhfma,0,0,2495566,563,562,1055358551111466270,15200,23f703aa3bc9,2026-08-28T16:54:13Z,2000,1999,1,,,,,,,,,,,,,,,,,
campaign_d_path,path_n2000_exact-ties_seed7.pcf,dhfma,1,0,2397939,563,562,1055358551111466270,15200,23f703aa3bc9,2026-08-28T16:54:13Z,2000,1999,1,,,,,,,,,,,,,,,,,
campaign_d_path,path_n2000_exact-ties_seed7.pcf,dhfma,2,0,2408342,563,562,1055358551111466270,15200,23f703aa3bc9,2026-08-28T16:54:13Z,2000,1999,1,,,,,,,,,,,,,,,,,
campaign_d_path,path_n2000_exact-ties_seed8.pcf,dhfma,0,0,2413478,560,559,14566036525064514715,15200,23f703aa3bc9,2026-08-28T16:54:13Z,2000,1999,1,,,,,,,,,,,,,,,,,
campaign_d_path,path_n2000_exact-ties_seed8.pcf,dhfma,1,0,2365159,560,559,14566036525064514715,15200,23f703aa3bc9,2026-08-28T16:54:13Z,2000,1999,1,,,,,,,,,,,,,,,,,
campaign_d_path,path_n2000_exact-ties_seed8.pcf,dhfma,2,0,2286737,560,559,14566036525064514715,15200,23f703aa3bc9,2026-08-28T16:54:13Z,2000,1999,1,,,,,,,,,,,,,,,,,
campaign_d_path,path_n2000_exact-ties_seed9.pcf,dhfma,0,0,2494542,577,576,3930503697747928163,15200,23f703aa3bc9,2026-08-28T16:54:13Z,2000,1999,1,,,,,,,,,,,,,,,,,
campaign_d_path,path_n2000_exact-ties_seed9.pcf,dhfma,1,0,2385057,577,576,3930503697747928163,15200,23f703aa3bc9,2026-08-28T16:54:13Z,2000,1999,1,,,,,,,,,,,,,,,,,
campaign_d_path,path_n2000_exact-ties_seed9.pcf,dhfma,2,0,2418149,577,576,3930503697747928163,15200,23f703aa3bc9,2026-08-28T16:54:13Z,2000,1999,1,,,,,,,,,,,,,,,,,
campaign_d_path,path_n2000_independent-positive_seed0.pcf,dhfma,0,0,2615523,1001,1000,15541233905808559344,15200,23f703aa3bc9,2026-08-28T16:54:13Z,2000,1999,1,,,,,,,,,,,,,,,,,
campaign_d_path,path_n2000_independent-positive_seed0.pcf,dhfma,1,0,2476513,1001,1000,15541233905808559344,15200,23f703aa3bc9,2026-08-28T16:54:13Z,2000,1999,1,,,,,,,,,,,,,,,,,
campaign_d_path,path_n2000_independent-positive_seed0.pcf,dhfma,2,0,2490402,1001,1000,15541233905808559344,15200,23f703aa3bc9,2026-08-28T16:54:13Z,2000,1999,1,,,,,,,,,,,,,,,,,
campaign_d_path,path_n2000_independent-positive_seed1.pcf,dhfma,0,0,2713171,1009,1008,16201875973516587958,15200,23f703aa3bc9,2026-08-28T16:54:13Z,2000,1999,1,,,,,,,,,,,,,,,,,
campaign_d_path,path_n2000_independent-positive_seed1.pcf,dhfma,1,0,2483441,1009,1008,16201875973516587958,15200,23f703aa3bc9,2026-08-28T16:54:13Z,2000,1999,1,,,,,,,,,,,,,,,,,
campaign_d_path,path_n2000_independent-positive_seed1.pcf,dhfma,2,0,2456218,1009,1008,16201875973516587958,15200,23f703aa3bc9,2026-08-28T16:54:13Z,2000,1999,1,,,,,,,,,,,,,,,,,
campaign_d_path,path_n2000_independent-positive_seed2.pcf,dhfma,0,0,2588909,963,962,353787489302761933,15200,23f703aa3bc9,2026-08-28T16:54:13Z,2000,1999,1,,,,,,,,,,,,,,,,,
campaign_d_path,path_n2000_independent-positive_seed2.pcf,dhfma,1,0,2450219,963,962,353787489302761933,15200,23f703aa3bc9,2026-08-28T16:54:13Z,2000,1999,1,,,,,,,,,,,,,,,,,
campaign_d_path,path_n2000_independent-positive_seed2.pcf,dhfma,2,0,2447781,963,962,353787489302761933,15200,23f703aa3bc9,2026-08-28T16:54:13Z,2000,1999,1,,,,,,,,,,,,,,,,,
campaign_d_path,path_n2000_independent-positive_seed3.pcf,dhfma,0,0,2611360,980,979,8156432088587218110,15200,23f703aa3bc9,2026-08-28T16:54:13Z,2000,1999,1,,,,,,,,,,,,,,,,,
campaign_d_path,path_n2000_independent-positive_seed3.pcf,dhfma,1,0,2515668,980,979,8156432088587218110,15200,23f703aa3bc9,2026-08-28T16:54:13Z,2000,1999,1,,,,,,,,,,,,,,,,,
campaign_d_path,path_n2000_independent-positive_seed3.pcf,dhfma,2,0,2464440,980,979,8156432088587218110,15200,23f703aa3bc9,2026-08-28T16:54:13Z,2000,1999,1,,,,,,,,,,,,,,,,,
campaign_d_path,path_n2000_independent-positive_seed4.pcf,dhfma,0,0,2582028,984,983,4024930344597749469,15200,23f703aa3bc9,2026-08-28T16:54:13Z,2000,1999,1,,,,,,,,,,,,,,,,,
campaign_d_path,path_n2000_independent-positive_seed4.pcf,dhfma,1,0,2466018,984,983,4024930344597749469,15200,23f703aa3bc9,2026-08-28T16:54:13Z,2000,1999,1,,,,,,,,,,,,,,,,,
campaign_d_path,path_n2000_independent-positive_seed4.pcf,dhfma,2,0,2387891,984,983,4024930344597749469,15200,23f703aa3bc9,2026-08-28T16:54:13Z,2000,1999,1,,,,,,,,,,,,,,,,,
campaign_d_path,path_n2000_independent-positive_seed5.pcf,dhfma,0,0,2716024,994,993,7218695525367228762,15200,23f703aa3bc9,2026-08-28T16:54:13Z,2000,1999,1,,,,,,,,,,,,,,,,,
campaign_d_path,path_n2000_independent-positive_seed5.pcf,dhfma,1,0,2486736,994,993,7218695525367228762,15200,23f703aa3bc9,2026-08-28T16:54:13Z,2000,1999,1,,,,,,,,,,,,,,,,,
campaign_d_path,path_n2000_independent-positive_seed5.pcf,dhfma,2,0,2490324,994,993,7218695525367228762,15200,23f703aa3bc9,2026-08-28T16:54:13Z,2000,1999,1,,,,,,,,,,,,,,,,,
campaign_d_path,path_n2000_independent-positive_seed6.pcf,dhfma,0,0,2599092,962,961,6750428333442938248,15200,23f703aa3bc9,2026-08-28T16:54:13Z,2000,1999,1,,,,,,,,,,,,,,,,,
campaign_d_path,path_n2000_independent-positive_seed6.pcf,dhfma,1,0,2482848,962,961,6750428333442938248,15200,23f703aa3bc9,2026-08-28T16:54:13Z,2000,1999,1,,,,,,,,,,,,,,,,,
campaign_d_path,path_n2000_independent-positive_seed6.pcf,dhfma,2,0,2524937,962,961,6750428333442938248,15200,23f703aa3bc9,2026-08-28T16:54:13Z,2000,1999,1,,,,,,,,,,,,,,,,,
campaign_d_path,path_n2000_independent-positive_seed7.pcf,dhfma,0,0,2600697,968,967,2340085223560816084,15200,23f703aa3bc9,2026-08-28T16:54:13Z,2000,1999,1,,,,,,,,,,,,,,,,,
campaign_d_path,path_n2000_independent-positive_seed7.pcf,dhfma,1,0,2454718,968,967,2340085223560816084,15200,23f703aa3bc9,2026-08-28T16:54:13Z,2000,1999,1,,,,,,,,,,,,,,,,,
campaign_d_path,path_n2000_independent-positive_seed7.pcf,dhfma,2,0,2472790,968,967,2340085223560816084,15200,23f703aa3bc9,2026-08-28T16:54:13Z,2000,1999,1,,,,,,,,,,,,,,,,,
campaign_d_path,path_n2000_independent-positive_seed8.pcf,dhfma,0,0,2762831,1002,1001,12745531840055122909,15200,23f703aa3bc9,2026-08-28T16:54:13Z,2000,1999,1,,,,,,,,,,,,,,,,,
campaign_d_path,path_n2000_independent-positive_seed8.pcf,dhfma,1,0,2497159,1002,1001,12745531840055122909,15200,23f703aa3bc9,2026-08-28T16:54:13Z,2000,1999,1,,,,,,,,,,,,,,,,,
campaign_d_path,path_n2000_independent-positive_seed8.pcf,dhfma,2,0,2536636,1002,1001,12745531840055122909,15200,23f703aa3bc9,2026-08-28T16:54:13Z,2000,1999,1,,,,,,,,,,,,,,,,,
campaign_d_path,path_n2000_independent-positive_seed9.pcf,dhfma,0,0,2624558,1008,1007,17529259067169940212,15200,23f703aa3bc9,2026-08-28T16:54:13Z,2000,1999,1,,,,,,,,,,,,,,,,,
campaign_d_path,path_n2000_independent-positive_seed9.pcf,dhfma,1,0,2440957,1008,1007,17529259067169940212,15200,23f703aa3bc9,2026-08-28T16:54:13Z,2000,1999,1,,,,,,,,,,,,,,,,,
campaign_d_path,path_n2000_independent-positive_seed9.pcf,dhfma,2,0,2423938,1008,1007,17529259067169940212,15200,23f703aa3bc9,2026-08-28T16:54:13Z,2000,1999,1,,,,,,,,,,,,,,,,,
campaign_d_path,path_n2000_independent-signed_seed0.pcf,dhfma,0,0,2583268,989,988,17533912355332133914,15200,23f703aa3bc9,2026-08-28T16:54:13Z,2000,1999,1,,,,,,,,,,,,,,,,,
campaign_d_path,path_n2000_independent-signed_seed0.pcf,dhfma,1,0,2432058,989,988,17533912355332133914,15200,23f703aa3bc9,2026-08-28T16:54:13Z,2000,1999,1,,,,,,,,,,,,,,,,,
campaign_d_path,path_n2000_independent-signed_seed0.pcf,dhfma,2,0,2453831,989,988,17533912355332133914,15200,23f703aa3bc9,2026-08-28T16:54:13Z,2000,1999,1,,,,,,,,,,,,,,,,,
campaign_d_path,path_n2000_independent-signed_seed1.pcf,dhfma,0,0,2487287,981,980,17718023883622755764,15200,23f703aa3bc9,2026-08-28T16:54:13Z,2000,1999,1,,,,,,,,,,,,,,,,,
campaign_d_path,path_n2000_independent-signed_seed1.pcf,dhfma,1,0,2414427,981,980,17718023883622755764,15200,23f703aa3bc9,2026-08-28T16:54:13Z,2000,1999,1,,,,,,,,,,,,,,,,,
campaign_d_path,path_n2000_independent-signed_seed1.pcf,dhfma,2,0,2380786,981,980,17718023883622755764,15200,23f703aa3bc9,2026-08-28T16:54:13Z,2000,1999,1,,,,,,,,,,,,,,,,,
campaign_d_path,path_n2000_independent-signed_seed2.pcf,dhfma,0,0,2626176,1010,1009,8791592393023263318,15200,23f703aa3bc9,2026-08-28T16:54:13Z,2000,1999,1,,,,,,,,,,,,,,,,,
campaign_d_path,path_n2000_independent-signed_seed2.pcf,dhfma,1,0,2461668,1010,1009,8791592393023263318,15200,23f703aa3bc9,2026-08-28T16:54:13Z,2000,1999,1,,,,,,,,,,,,,,,,,
campaign_d_path,path_n2000_independent-signed_seed2.pcf,dhfma,2,0,2383323,1010,1009,8791592393023263318,15200,23f703aa3bc9,2026-08-28T16:54:13Z,2000,1999,1,,,,,,,,,,,,,,,,,
campaign_d_path,path_n2000_independent-signed_seed3.pcf,dhfma,0,0,2580178,1003,1002,11057699549691560488,15200,23f703aa3bc9,2026-08-28T16:54:13Z,2000,1999,1,,,,,,,,,,,,,,,,,
campaign_d_path,path_n2000_independent-signed_seed3.pcf,dhfma,1,0,2428051,1003,1002,11057699549691560488,15200,23f703aa3bc9,2026-08-28T16:54:13Z,2000,1999,1,,,,,,,,,,,,,,,,,
campaign_d_path,path_n2000_independent-signed_seed3.pcf,dhfma,2,0,2382028,1003,1002,11057699549691560488,15200,23f703aa3bc9,2026-08-28T16:54:13Z,2000,1999,1,,,,,,,,,,,,,,,,,
campaign_d_path,path_n2000_independent-signed_seed4.pcf,dhfma,0,0,2465966,990,989,15026973213764609700,15200,23f703aa3bc9,2026-08-28T16:54:13Z,2000,1999,1,,,,,,,,,,,,,,,,,
campaign_d_path,path_n2000_independent-signed_seed4.pcf,dhfma,1,0,2175145,990,989,15026973213764609700,15200,23f703aa3bc9,2026-08-28T16:54:13Z,2000,1999,1,,,,,,,,,,,,,,,,,
campaign_d_path,path_n2000_independent-signed_seed4.pcf,dhfma,2,0,2302676,990,989,15026973213764609700,15200,23f703aa3bc9,2026-08-28T16:54:13Z,2000,1999,1,,,,,,,,,,,,,,,,,
campaign_d_path,path_n2000_independent-signed_seed5.pcf,dhfma,0,0,2644286,965,964,15804106190803638137,15200,23f703aa3bc9,2026-08-28T16:54:13Z,2000,1999,1,,,,,,,,,,,,,,,,,
campaign_d_path,path_n2000_independent-signed_seed5.pcf,dhfma,1,0,2489625,965,964,15804106190803638137,15200,23f703aa3bc9,2026-08-28T16:54:13Z,2000,1999,1,,,,,,,,,,,,,,,,,
campaign_d_path,path_n2000_independent-signed_seed5.pcf,dhfma,2,0,2432032,965,964,15804106190803638137,15200,23f703aa3bc9,2026-08-28T16:54:13Z,2000,1999,1,,,,,,,,,,,,,,,,,
campaign_d_path,path_n2000_independent-signed_seed6.pcf,dhfma,0,0,2623556,1001,1000,7236980787175230741,15200,23f703aa3bc9,2026-08-28T16:54:13Z,2000,1999,1,,,,,,,,,,,,,,,,,
campaign_d_path,path_n2000_independent-signed_seed6.pcf,dhfma,1,0,2436963,1001,1000,7236980787175230741,15200,23f703aa3bc9,2026-08-28T16:54:13Z,2000,1999,1,,,,,,,,,,,,,,,,,
campaign_d_path,path_n2000_independent-signed_seed6.pcf,dhfma,2,0,2480593,1001,1000,7236980787175230741,15200,23f703aa3bc9,2026-08-28T16:54:13Z,2000,1999,1,,,,,,,,,,,,,,,,,
campaign_d_path,path_n2000_independent-signed_seed7.pcf,dhfma,0,0,2588587,976,975,10875073930123949283,15200,23f703aa3bc9,2026-08-28T16:54:13Z,2000,1999,1,,,,,,,,,,,,,,,,,
campaign_d_path,path_n2000_independent-signed_seed7.pcf,dhfma,1,0,2466569,976,975,10875073930123949283,15200,23f703aa3bc9,2026-08-28T16:54:13Z,2000,1999,1,,,,,,,,,,,,,,,,,
campaign_d_path,path_n2000_independent-signed_seed7.pcf,dhfma,2,0,2482483,976,975,10875073930123949283,15200,23f703aa3bc9,2026-08-28T16:54:13Z,2000,1999,1,,,,,,,,,,,,,,,,,
campaign_d_path,path_n2000_independent-signed_seed8.pcf,dhfma,0,0,2673857,982,981,3517902346720396032,15200,23f703aa3bc9,2026-08-28T16:54:13Z,2000,1999,1,,,,,,,,,,,,,,,,,
campaign_d_path,path_n2000_independent-signed_seed8.pcf,dhfma,1,0,2534158,982,981,3517902346720396032,15200,23f703aa3bc9,2026-08-28T16:54:13Z,2000,1999,1,,,,,,,,,,,,,,,,,
campaign_d_path,path_n2000_independent-signed_seed8.pcf,dhfma,2,0,2528969,982,981,3517902346720396032,15200,23f703aa3bc9,2026-08-28T16:54:13Z,2000,1999,1,,,,,,,,,,,,,,,,,
campaign_d_path,path_n2000_independent-signed_seed9.pcf,dhfma,0,0,2562546,1013,1012,9334452907141320575,15360,23f703aa3bc9,2026-08-28T16:54:13Z,2000,1999,1,,,,,,,,,,,,,,,,,
campaign_d_path,path_n2000_independent-signed_seed9.pcf,dhfma,1,0,2393284,1013,1012,9334452907141320575,15360,23f703aa3bc9,2026-08-28T16:54:13Z,2000,1999,1,,,,,,,,,,,,,,,,,
campaign_d_path,path_n2000_independent-signed_seed9.pcf,dhfma,2,0,2464778,1013,1012,9334452907141320575,15360,23f703aa3bc9,2026-08-28T16:54:13Z,2000,1999,1,,,,,,,,,,,,,,,,,
campaign_d_path,path_n2000_near-ties_seed0.pcf,dhfma,0,0,2555779,369,368,16571646739480287995,15360,23f703aa3bc9,2026-08-28T16:54:13Z,2000,1999,1,,,,,,,,,,,,,,,,,
campaign_d_path,path_n2000_near-ties_seed0.pcf,dhfma,1,0,2404506,369,368,16571646739480287995,15360,23f703aa3bc9,2026-08-28T16:54:13Z,2000,1999,1,,,,,,,,,,,,,,,,,
campaign_d_path,path_n2000_near-ties_seed0.pcf,dhfma,2,0,2435407,369,368,16571646739480287995,15360,23f703aa3bc9,2026-08-28T16:54:13Z,2000,1999,1,,,,,,,,,,,,,,,,,
campaign_d_path,path_n2000_near-ties_seed1.pcf,dhfma,0,0,2511672,367,366,12639785917693007527,15360,23f703aa3bc9,2026-08-28T16:54:13Z,2000,1999,1,,,,,,,,,,,,,,,,,
campaign_d_path,path_n2000_near-ties_seed1.pcf,dhfma,1,0,2375688,367,366,12639785917693007527,15360,23f703aa3bc9,2026-08-28T16:54:13Z,2000,1999,1,,,,,,,,,,,,,,,,,
campaign_d_path,path_n2000_near-ties_seed1.pcf,dhfma,2,0,2351526,367,366,12639785917693007527,15360,23f703aa3bc9,2026-08-28T16:54:13Z,2000,1999,1,,,,,,,,,,,,,,,,,
campaign_d_path,path_n2000_near-ties_seed2.pcf,dhfma,0,0,2477182,366,365,12982283250722462042,15360,23f703aa3bc9,2026-08-28T16:54:13Z,2000,1999,1,,,,,,,,,,,,,,,,,
campaign_d_path,path_n2000_near-ties_seed2.pcf,dhfma,1,0,2445833,366,365,12982283250722462042,15360,23f703aa3bc9,2026-08-28T16:54:13Z,2000,1999,1,,,,,,,,,,,,,,,,,
campaign_d_path,path_n2000_near-ties_seed2.pcf,dhfma,2,0,2440294,366,365,12982283250722462042,15360,23f703aa3bc9,2026-08-28T16:54:13Z,2000,1999,1,,,,,,,,,,,,,,,,,
campaign_d_path,path_n2000_near-ties_seed3.pcf,dhfma,0,0,2472774,378,377,15198172156398678015,15360,23f703aa3bc9,2026-08-28T16:54:13Z,2000,1999,1,,,,,,,,,,,,,,,,,
campaign_d_path,path_n2000_near-ties_seed3.pcf,dhfma,1,0,2311289,378,377,15198172156398678015,15360,23f703aa3bc9,2026-08-28T16:54:13Z,2000,1999,1,,,,,,,,,,,,,,,,,
campaign_d_path,path_n2000_near-ties_seed3.pcf,dhfma,2,0,2326654,378,377,15198172156398678015,15360,23f703aa3bc9,2026-08-28T16:54:13Z,2000,1999,1,,,,,,,,,,,,,,,,,
campaign_d_path,path_n2000_near-ties_seed4.pcf,dhfma,0,0,2467316,358,357,13099985706271085352,15360,23f703aa3bc9,2026-08-28T16:54:13Z,2000,1999,1,,,,,,,,,,,,,,,,,
campaign_d_path,path_n2000_near-ties_seed4.pcf,dhfma,1,0,2452238,358,357,13099985706271085352,15360,23f703aa3bc9,2026-08-28T16:54:13Z,2000,1999,1,,,,,,,,,,,,,,,,,
campaign_d_path,path_n2000_near-ties_seed4.pcf,dhfma,2,0,2445407,358,357,13099985706271085352,15360,23f703aa3bc9,2026-08-28T16:54:13Z,2000,1999,1,,,,,,,,,,,,,,,,,
campaign_d_path,path_n2000_near-ties_seed5.pcf,dhfma,0,0,2530393,361,360,11856056590779710827,15360,23f703aa3bc9,2026-08-28T16:54:13Z,2000,1999,1,,,,,,,,,,,,,,,,,
campaign_d_path,path_n2000_near-ties_seed5.pcf,dhfma,1,0,2434211,361,360,11856056590779710827,15360,23f703aa3bc9,2026-08-28T16:54:13Z,2000,1999,1,,,,,,,,,,,,,,,,,
campaign_d_path,path_n2000_near-ties_seed5.pcf,dhfma,2,0,2382087,361,360,11856056590779710827,15360,23f703aa3bc9,2026-08-28T16:54:13Z,2000,1999,1,,,,,,,,,,,,,,,,,
campaign_d_path,path_n2000_near-ties_seed6.pcf,dhfma,0,0,2650711,348,347,14246272772870698423,15360,23f703aa3bc9,2026-08-28T16:54:13Z,2000,1999,1,,,,,,,,,,,,,,,,,
campaign_d_path,path_n2000_near-ties_seed6.pcf,dhfma,1,0,2424780,348,347,14246272772870698423,15360,23f703aa3bc9,2026-08-28T16:54:13Z,2000,1999,1,,,,,,,,,,,,,,,,,
campaign_d_path,path_n2000_near-ties_seed6.pcf,dhfma,2,0,2482816,348,347,14246272772870698423,15360,23f703aa3bc9,2026-08-28T16:54:13Z,2000,1999,1,,,,,,,,,,,,,,,,,
campaign_d_path,path_n2000_near-ties_seed7.pcf,dhfma,0,0,2454139,374,373,9204105068420153697,15360,23f703aa3bc9,2026-08-28T16:54:13Z,2000,1999,1,,,,,,,,,,,,,,,,,
campaign_d_path,path_n2000_near-ties_seed7.pcf,dhfma,1,0,2340078,374,373,9204105068420153697,15360,23f703aa3bc9,2026-08-28T16:54:13Z,2000,1999,1,,,,,,,,,,,,,,,,,
campaign_d_path,path_n2000_near-ties_seed7.pcf,dhfma,2,0,2314885,374,373,9204105068420153697,15360,23f703aa3bc9,2026-08-28T16:54:13Z,2000,1999,1,,,,,,,,,,,,,,,,,
campaign_d_path,path_n2000_near-ties_seed8.pcf,dhfma,0,0,2516965,357,356,5449381992300528077,15360,23f703aa3bc9,2026-08-28T16:54:13Z,2000,1999,1,,,,,,,,,,,,,,,,,
campaign_d_path,path_n2000_near-ties_seed8.pcf,dhfma,1,0,2392227,357,356,5449381992300528077,15360,23f703aa3bc9,2026-08-28T16:54:13Z,2000,1999,1,,,,,,,,,,,,,,,,,
campaign_d_path,path_n2000_near-ties_seed8.pcf,dhfma,2,0,2389118,357,356,5449381992300528077,15360,23f703aa3bc9,2026-08-28T16:54:13Z,2000,1999,1,,,,,,,,,,,,,,,,,
campaign_d_path,path_n2000_near-ties_seed9.pcf,dhfma,0,0,2463703,373,372,3928785969252775067,15360,23f703aa3bc9,2026-08-28T16:54:13Z,2000,1999,1,,,,,,,,,,,,,,,,,
campaign_d_path,path_n2000_near-ties_seed9.pcf,dhfma,1,0,2416842,373,372,3928785969252775067,15360,23f703aa3bc9,2026-08-28T16:54:13Z,2000,1999,1,,,,,,,,,,,,,,,,,
campaign_d_path,path_n2000_near-ties_seed9.pcf,dhfma,2,0,2383930,373,372,3928785969252775067,15360,23f703aa3bc9,2026-08-28T16:54:13Z,2000,1999,1,,,,,,,,,,,,,,,,,
campaign_d_path,path_n200_anti-correlated_seed0.pcf,dhfma,0,0,255634,90,89,12772281929508168407,15360,23f703aa3bc9,2026-08-28T16:54:13Z,200,199,1,,,,,,,,,,,,,,,,,
campaign_d_path,path_n200_anti-correlated_seed0.pcf,dhfma,1,0,237525,90,89,12772281929508168407,15360,23f703aa3bc9,2026-08-28T16:54:13Z,200,199,1,,,,,,,,,,,,,,,,,
campaign_d_path,path_n200_anti-correlated_seed0.pcf,dhfma,2,0,229434,90,89,12772281929508168407,15360,23f703aa3bc9,2026-08-28T16:54:13Z,200,199,1,,,,,,,,,,,,,,,,,
campaign_d_path,path_n200_anti-correlated_seed1.pcf,dhfma,0,0,234253,95,94,8472758968919874326,15360,23f703aa3bc9,2026-08-28T16:54:13Z,200,199,1,,,,,,,,,,,,,,,,,
campaign_d_path,path_n200_anti-correlated_seed1.pcf,dhfma,1,0,208985,95,94,8472758968919874326,15360,23f703aa3bc9,2026-08-28T16:54:13Z,200,199,1,,,,,,,,,,,,,,,,,
campaign_d_path,path_n200_anti-correlated_seed1.pcf,dhfma,2,0,199019,95,94,8472758968919874326,15360,23f703aa3bc9,2026-08-28T16:54:13Z,200,199,1,,,,,,,,,,,,,,,,,
campaign_d_path,path_n200_anti-correlated_seed2.pcf,dhfma,0,0,239786,94,93,10994161181024725057,15360,23f703aa3bc9,2026-08-28T16:54:13Z,200,199,1,,,,,,,,,,,,,,,,,
campaign_d_path,path_n200_anti-correlated_seed2.pcf,dhfma,1,0,210092,94,93,10994161181024725057,15360,23f703aa3bc9,2026-08-28T16:54:13Z,200,199,1,,,,,,,,,,,,,,,,,
campaign_d_path,path_n200_anti-correlated_seed2.pcf,dhfma,2,0,205764,94,93,10994161181024725057,15360,23f703aa3bc9,2026-08-28T16:54:13Z,200,199,1,,,,,,,,,,,,,,,,,
campaign_d_path,path_n200_anti-correlated_seed3.pcf,dhfma,0,0,235929,98,97,17024851639503937595,15360,23f703aa3bc9,2026-08-28T16:54:13Z,200,199,1,,,,,,,,,,,,,,,,,
campaign_d_path,path_n200_anti-correlated_seed3.pcf,dhfma,1,0,209781,98,97,17024851639503937595,15360,23f703aa3bc9,2026-08-28T16:54:13Z,200,199,1,,,,,,,,,,,,,,,,,
campaign_d_path,path_n200_anti-correlated_seed3.pcf,dhfma,2,0,219675,98,97,17024851639503937595,15360,23f703aa3bc9,2026-08-28T16:54:13Z,200,199,1,,,,,,,,,,,,,,,,,
campaign_d_path,path_n200_anti-correlated_seed4.pcf,dhfma,0,0,238174,91,90,6906614001204751388,15360,23f703aa3bc9,2026-08-28T16:54:13Z,200,199,1,,,,,,,,,,,,,,,,,
campaign_d_path,path_n200_anti-correlated_seed4.pcf,dhfma,1,0,208790,91,90,6906614001204751388,15360,23f703aa3bc9,2026-08-28T16:54:13Z,200,199,1,,,,,,,,,,,,,,,,,
campaign_d_path,path_n200_anti-correlated_seed4.pcf,dhfma,2,0,202979,91,90,6906614001204751388,15360,23f703aa3bc9,2026-08-28T16:54:13Z,200,199,1,,,,,,,,,,,,,,,,,
campaign_d_path,path_n200_anti-correlated_seed5.pcf,dhfma,0,0,252825,95,94,9827112722495477795,15360,23f703aa3bc9,2026-08-28T16:54:13Z,200,199,1,,,,,,,,,,,,,,,,,
campaign_d_path,path_n200_anti-correlated_seed5.pcf,dhfma,1,0,228395,95,94,9827112722495477795,15360,23f703aa3bc9,2026-08-28T16:54:13Z,200,199,1,,,,,,,,,,,,,,,,,
campaign_d_path,path_n200_anti-correlated_seed5.pcf,dhfma,2,0,214726,95,94,9827112722495477795,15360,23f703aa3bc9,2026-08-28T16:54:13Z,200,199,1,,,,,,,,,,,,,,,,,
campaign_d_path,path_n200_anti-correlated_seed6.pcf,dhfma,0,0,249832,98,97,13841617953650497689,15360,23f703aa3bc9,2026-08-28T16:54:13Z,200,199,1,,,,,,,,,,,,,,,,,
campaign_d_path,path_n200_anti-correlated_seed6.pcf,dhfma,1,0,212746,98,97,13841617953650497689,15360,23f703aa3bc9,2026-08-28T16:54:13Z,200,199,1,,,,,,,,,,,,,,,,,
campaign_d_path,path_n200_anti-correlated_seed6.pcf,dhfma,2,0,200782,98,97,13841617953650497689,15360,23f703aa3bc9,2026-08-28T16:54:13Z,200,199,1,,,,,,,,,,,,,,,,,
campaign_d_path,path_n200_anti-correlated_seed7.pcf,dhfma,0,0,245735,106,105,13736373291874711106,15360,23f703aa3bc9,2026-08-28T16:54:13Z,200,199,1,,,,,,,,,,,,,,,,,
campaign_d_path,path_n200_anti-correlated_seed7.pcf,dhfma,1,0,218914,106,105,13736373291874711106,15360,23f703aa3bc9,2026-08-28T16:54:13Z,200,199,1,,,,,,,,,,,,,,,,,
campaign_d_path,path_n200_anti-correlated_seed7.pcf,dhfma,2,0,207960,106,105,13736373291874711106,15360,23f703aa3bc9,2026-08-28T16:54:13Z,200,199,1,,,,,,,,,,,,,,,,,
campaign_d_path,path_n200_anti-correlated_seed8.pcf,dhfma,0,0,250255,108,107,13567034997167683468,15520,23f703aa3bc9,2026-08-28T16:54:13Z,200,199,1,,,,,,,,,,,,,,,,,
campaign_d_path,path_n200_anti-correlated_seed8.pcf,dhfma,1,0,225609,108,107,13567034997167683468,15520,23f703aa3bc9,2026-08-28T16:54:13Z,200,199,1,,,,,,,,,,,,,,,,,
campaign_d_path,path_n200_anti-correlated_seed8.pcf,dhfma,2,0,219849,108,107,13567034997167683468,15520,23f703aa3bc9,2026-08-28T16:54:13Z,200,199,1,,,,,,,,,,,,,,,,,
campaign_d_path,path_n200_anti-correlated_seed9.pcf,dhfma,0,0,240659,100,99,11729473116845491767,15520,23f703aa3bc9,2026-08-28T16:54:13Z,200,199,1,,,,,,,,,,,,,,,,,
campaign_d_path,path_n200_anti-correlated_seed9.pcf,dhfma,1,0,214205,100,99,11729473116845491767,15520,23f703aa3bc9,2026-08-28T16:54:13Z,200,199,1,,,,,,,,,,,,,,,,,
campaign_d_path,path_n200_anti-correlated_seed9.pcf,dhfma,2,0,210727,100,99,11729473116845491767,15520,23f703aa3bc9,2026-08-28T16:54:13Z,200,199,1,,,,,,,,,,,,,,,,,
campaign_d_path,path_n200_correlated_seed0.pcf,dhfma,0,0,236991,104,103,6432536935779578429,15520,23f703aa3bc9,2026-08-28T16:54:13Z,200,199,1,,,,,,,,,,,,,,,,,
campaign_d_path,path_n200_correlated_seed0.pcf,dhfma,1,0,221545,104,103,6432536935779578429,15520,23f703aa3bc9,2026-08-28T16:54:13Z,200,199,1,,,,,,,,,,,,,,,,,
campaign_d_path,path_n200_correlated_seed0.pcf,dhfma,2,0,209103,104,103,6432536935779578429,15520,23f703aa3bc9,2026-08-28T16:54:13Z,200,199,1,,,,,,,,,,,,,,,,,
campaign_d_path,path_n200_correlated_seed1.pcf,dhfma,0,0,240902,95,94,13246986175712289748,15520,23f703aa3bc9,2026-08-28T16:54:13Z,200,199,1,,,,,,,,,,,,,,,,,
campaign_d_path,path_n200_correlated_seed1.pcf,dhfma,1,0,213100,95,94,13246986175712289748,15520,23f703aa3bc9,2026-08-28T16:54:13Z,200,199,1,,,,,,,,,,,,,,,,,
campaign_d_path,path_n200_correlated_seed1.pcf,dhfma,2,0,207952,95,94,13246986175712289748,15520,23f703aa3bc9,2026-08-28T16:54:13Z,200,199,1,,,,,,,,,,,,,,,,,
campaign_d_path,path_n200_correlated_seed2.pcf,dhfma,0,0,250073,92,91,16097308986712912772,15520,23f703aa3bc9,2026-08-28T16:54:13Z,200,199,1,,,,,,,,,,,,,,,,,
campaign_d_path,path_n200_correlated_seed2.pcf,dhfma,1,0,239863,92,91,16097308986712912772,15520,23f703aa3bc9,2026-08-28T16:54:13Z,200,199,1,,,,,,,,,,,,,,,,,
campaign_d_path,path_n200_correlated_seed2.pcf,dhfma,2,0,221141,92,91,16097308986712912772,15520,23f703aa3bc9,2026-08-28T16:54:13Z,200,199,1,,,,,,,,,,,,,,,,,
campaign_d_path,path_n200_correlated_seed3.pcf,dhfma,0,0,236718,101,100,10118133827854357526,15520,23f703aa3bc9,2026-08-28T16:54:13Z,200,199,1,,,,,,,,,,,,,,,,,
campaign_d_path,path_n200_correlated_seed3.pcf,dhfma,1,0,212165,101,100,10118133827854357526,15520,23f703aa3bc9,2026-08-28T16:54:13Z,200,199,1,,,,,,,,,,,,,,,,,
campaign_d_path,path_n200_correlated_seed3.pcf,dhfma,2,0,229888,101,100,10118133827854357526,15520,23f703aa3bc9,2026-08-28T16:54:13Z,200,199,1,,,,,,,,,,,,,,,,,
campaign_d_path,path_n200_correlated_seed4.pcf,dhfma,0,0,250586,112,111,9905799482762907325,15520,23f703aa3bc9,2026-08-28T16:54:13Z,200,199,1,,,,,,,,,,,,,,,,,
campaign_d_path,path_n200_correlated_seed4.pcf,dhfma,1,0,203944,112,111,9905799482762907325,15520,23f703aa3bc9,2026-08-28T16:54:13Z,200,199,1,,,,,,,,,,,,,,,,,
campaign_d_path,path_n200_correlated_seed4.pcf,dhfma,2,0,204596,112,111,9905799482762907325,15520,23f703aa3bc9,2026-08-28T16:54:13Z,200,199,1,,,,,,,,,,,,,,,,,
campaign_d_path,path_n200_correlated_seed5.pcf,dhfma,0,0,255776,87,86,8526117341364356843,15520,23f703aa3bc9,2026-08-28T16:54:13Z,200,199,1,,,,,,,,,,,,,,,,,
campaign_d_path,path_n200_correlated_seed5.pcf,dhfma,1,0,236085,87,86,8526117341364356843,15520,23f703aa3bc9,2026-08-28T16:54:13Z,200,199,1,,,,,,,,,,,,,,,,,
campaign_d_path,path_n200_correlated_seed5.pcf,dhfma,2,0,223610,87,86,8526117341364356843,15520,23f703aa3bc9,2026-08-28T16:54:13Z,200,199,1,,,,,,,,,,,,,,,,,
campaign_d_path,path_n200_correlated_seed6.pcf,dhfma,0,0,251876,110,109,8136899410967162713,15520,23f703aa3bc9,2026-08-28T16:54:13Z,200,199,1,,,,,,,,,,,,,,,,,
campaign_d_path,path_n200_correlated_seed6.pcf,dhfma,1,0,226923,110,109,8136899410967162713,15520,23f703aa3bc9,2026-08-28T16:54:13Z,200,199,1,,,,,,,,,,,,,,,,,
campaign_d_path,path_n200_correlated_seed6.pcf,dhfma,2,0,240978,110,109,8136899410967162713,15520,23f703aa3bc9,2026-08-28T16:54:13Z,200,199,1,,,,,,,,,,,,,,,,,
campaign_d_path,path_n200_correlated_seed7.pcf,dhfma,0,0,243586,95,94,6467022414767470440,15520,23f703aa3bc9,2026-08-28T16:54:13Z,200,199,1,,,,,,,,,,,,,,,,,
campaign_d_path,path_n200_correlated_seed7.pcf,dhfma,1,0,219220,95,94,6467022414767470440,15520,23f703aa3bc9,2026-08-28T16:54:13Z,200,199,1,,,,,,,,,,,,,,,,,
campaign_d_path,path_n200_correlated_seed7.pcf,dhfma,2,0,207603,95,94,6467022414767470440,15520,23f703aa3bc9,2026-08-28T16:54:13Z,200,199,1,,,,,,,,,,,,,,,,,
campaign_d_path,path_n200_correlated_seed8.pcf,dhfma,0,0,246296,99,98,7237719253957327938,15520,23f703aa3bc9,2026-08-28T16:54:13Z,200,199,1,,,,,,,,,,,,,,,,,
campaign_d_path,path_n200_correlated_seed8.pcf,dhfma,1,0,224127,99,98,7237719253957327938,15520,23f703aa3bc9,2026-08-28T16:54:13Z,200,199,1,,,,,,,,,,,,,,,,,
campaign_d_path,path_n200_correlated_seed8.pcf,dhfma,2,0,208905,99,98,7237719253957327938,15520,23f703aa3bc9,2026-08-28T16:54:13Z,200,199,1,,,,,,,,,,,,,,,,,
campaign_d_path,path_n200_correlated_seed9.pcf,dhfma,0,0,240083,85,84,16269765622013526922,15520,23f703aa3bc9,2026-08-28T16:54:13Z,200,199,1,,,,,,,,,,,,,,,,,
campaign_d_path,path_n200_correlated_seed9.pcf,dhfma,1,0,213644,85,84,16269765622013526922,15520,23f703aa3bc9,2026-08-28T16:54:13Z,200,199,1,,,,,,,,,,,,,,,,,
campaign_d_path,path_n200_correlated_seed9.pcf,dhfma,2,0,209651,85,84,16269765622013526922,15520,23f703aa3bc9,2026-08-28T16:54:13Z,200,199,1,,,,,,,,,,,,,,,,,
campaign_d_path,path_n200_exact-ties_seed0.pcf,dhfma,0,0,244733,61,60,6998734885425240983,15520,23f703aa3bc9,2026-08-28T16:54:13Z,200,199,1,,,,,,,,,,,,,,,,,
campaign_d_path,path_n200_exact-ties_seed0.pcf,dhfma,1,0,214732,61,60,6998734885425240983,15520,23f703aa3bc9,2026-08-28T16:54:13Z,200,199,1,,,,,,,,,,,,,,,,,
campaign_d_path,path_n200_exact-ties_seed0.pcf,dhfma,2,0,209656,61,60,6998734885425240983,15520,23f703aa3bc9,2026-08-28T16:54:13Z,200,199,1,,,,,,,,,,,,,,,,,
campaign_d_path,path_n200_exact-ties_seed1.pcf,dhfma,0,0,251879,62,61,11967551967159811842,15520,23f703aa3bc9,2026-08-28T16:54:13Z,200,199,1,,,,,,,,,,,,,,,,,
campaign_d_path,path_n200_exact-ties_seed1.pcf,dhfma,1,0,228316,62,61,11967551967159811842,15520,23f703aa3bc9,2026-08-28T16:54:13Z,200,199,1,,,,,,,,,,,,,,,,,
campaign_d_path,path_n200_exact-ties_seed1.pcf,dhfma,2,0,215249,62,61,11967551967159811842,15520,23f703aa3bc9,2026-08-28T16:54:13Z,200,199,1,,,,,,,,,,,,,,,,,
campaign_d_path,path_n200_exact-ties_seed2.pcf,dhfma,0,0,237481,62,61,3849500890774000677,15520,23f703aa3bc9,2026-08-28T16:54:13Z,200,199,1,,,,,,,,,,,,,,,,,
campaign_d_path,path_n200_exact-ties_seed2.pcf,dhfma,1,0,209936,62,61,3849500890774000677,15520,23f703aa3bc9,2026-08-28T16:54:13Z,200,199,1,,,,,,,,,,,,,,,,,
campaign_d_path,path_n200_exact-ties_seed2.pcf,dhfma,2,0,210991,62,61,3849500890774000677,15520,23f703aa3bc9,2026-08-28T16:54:13Z,200,199,1,,,,,,,,,,,,,,,,,
campaign_d_path,path_n200_exact-ties_seed3.pcf,dhfma,0,0,219864,55,54,10142581293398228838,15520,23f703aa3bc9,2026-08-28T16:54:13Z,200,199,1,,,,,,,,,,,,,,,,,
campaign_d_path,path_n200_exact-ties_seed3.pcf,dhfma,1,0,189477,55,54,10142581293398228838,15520,23f703aa3bc9,2026-08-28T16:54:13Z,200,199,1,,,,,,,,,,,,,,,,,
campaign_d_path,path_n200_exact-ties_seed3.pcf,dhfma,2,0,185283,55,54,10142581293398228838,15520,23f703aa3bc9,2026-08-28T16:54:13Z,200,199,1,,,,,,,,,,,,,,,,,
campaign_d_path,path_n200_exact-ties_seed4.pcf,dhfma,0,0,239873,60,59,10787727263037015435,15520,23f703aa3bc9,2026-08-28T16:54:13Z,200,199,1,,,,,,,,,,,,,,,,,
campaign_d_path,path_n200_exact-ties_seed4.pcf,dhfma,1,0,221234,60,59,10787727263037015435,15520,23f703aa3bc9,2026-08-28T16:54:13Z,200,199,1,,,,,,,,,,,,,,,,,
campaign_d_path,path_n200_exact-ties_seed4.pcf,dhfma,2,0,300838,60,59,10787727263037015435,15520,23f703aa3bc9,2026-08-28T16:54:13Z,200,199,1,,,,,,,,,,,,,,,,,
campaign_d_path,path_n200_exact-ties_seed5.pcf,dhfma,0,0,229833,62,61,16273156722012637972,15520,23f703aa3bc9,2026-08-28T16:54:13Z,200,199,1,,,,,,,,,,,,,,,,,
campaign_d_path,path_n200_exact-ties_seed5.pcf,dhfma,1,0,204276,62,61,16273156722012637972,15520,23f703aa3bc9,2026-08-28T16:54:13Z,200,199,1,,,,,,,,,,,,,,,,,
campaign_d_path,path_n200_exact-ties_seed5.pcf,dhfma,2,0,196111,62,61,16273156722012637972,15520,23f703aa3bc9,2026-08-28T16:54:13Z,200,199,1,,,,,,,,,,,,,,,,,
campaign_d_path,path_n200_exact-ties_seed6.pcf,dhfma,0,0,243319,68,67,468806107666230263,15680,23f703aa3bc9,2026-08-28T16:54:13Z,200,199,1,,,,,,,,,,,,,,,,,
campaign_d_path,path_n200_exact-ties_seed6.pcf,dhfma,1,0,214815,68,67,468806107666230263,15680,23f703aa3bc9,2026-08-28T16:54:13Z,200,199,1,,,,,,,,,,,,,,,,,
campaign_d_path,path_n200_exact-ties_seed6.pcf,dhfma,2,0,213451,68,67,468806107666230263,15680,23f703aa3bc9,2026-08-28T16:54:13Z,200,199,1,,,,,,,,,,,,,,,,,
campaign_d_path,path_n200_exact-ties_seed7.pcf,dhfma,0,0,235280,62,61,6049054786385418780,15680,23f703aa3bc9,2026-08-28T16:54:13Z,200,199,1,,,,,,,,,,,,,,,,,
campaign_d_path,path_n200_exact-ties_seed7.pcf,dhfma,1,0,211465,62,61,6049054786385418780,15680,23f703aa3bc9,2026-08-28T16:54:13Z,200,199,1,,,,,,,,,,,,,,,,,
campaign_d_path,path_n200_exact-ties_seed7.pcf,dhfma,2,0,201395,62,61,6049054786385418780,15680,23f703aa3bc9,2026-08-28T16:54:13Z,200,199,1,,,,,,,,,,,,,,,,,
campaign_d_path,path_n200_exact-ties_seed8.pcf,dhfma,0,0,236916,60,59,3064689548959232966,15680,23f703aa3bc9,2026-08-28T16:54:13Z,200,199,1,,,,,,,,,,,,,,,,,
campaign_d_path,path_n200_exact-ties_seed8.pcf,dhfma,1,0,205595,60,59,3064689548959232966,15680,23f703aa3bc9,2026-08-28T16:54:13Z,200,199,1,,,,,,,,,,,,,,,,,
campaign_d_path,path_n200_exact-ties_seed8.pcf,dhfma,2,0,194708,60,59,3064689548959232966,15680,23f703aa3bc9,2026-08-28T16:54:13Z,200,199,1,,,,,,,,,,,,,,,,,
campaign_d_path,path_n200_exact-ties_seed9.pcf,dhfma,0,0,229449,57,56,2965598547834259936,15680,23f703aa3bc9,2026-08-28T16:54:13Z,200,199,1,,,,,,,,,,,,,,,,,
campaign_d_path,path_n200_exact-ties_seed9.pcf,dhfma,1,0,210395,57,56,2965598547834259936,15680,23f703aa3bc9,2026-08-28T16:54:13Z,200,199,1,,,,,,,,,,,,,,,,,
campaign_d_path,path_n200_exact-ties_seed9.pcf,dhfma,2,0,197171,57,56,2965598547834259936,15680,23f703aa3bc9,2026-08-28T16:54:13Z,200,199,1,,,,,,,,,,,,,,,,,
campaign_d_path,path_n200_independent-positive_seed0.pcf,dhfma,0,0,252394,97,96,4348013802806869162,15680,23f703aa3bc9,2026-08-28T16:54:13Z,200,199,1,,,,,,,,,,,,,,,,,
campaign_d_path,path_n200_independent-positive_seed0.pcf,dhfma,1,0,227061,97,96,4348013802806869162,15680,23f703aa3bc9,2026-08-28T16:54:13Z,200,199,1,,,,,,,,,,,,,,,,,
campaign_d_path,path_n200_independent-positive_seed0.pcf,dhfma,2,0,213734,97,96,4348013802806869162,15680,23f703aa3bc9,2026-08-28T16:54:13Z,200,199,1,,,,,,,,,,,,,,,,,
campaign_d_path,path_n200_independent-positive_seed1.pcf,dhfma,0,0,353241,101,100,1516336897224083761,15680,23f703aa3bc9,2026-08-28T16:54:13Z,200,199,1,,,,,,,,,,,,,,,,,
campaign_d_path,path_n200_independent-positive_seed1.pcf,dhfma,1,0,227094,101,100,1516336897224083761,15680,23f703aa3bc9,2026-08-28T16:54:13Z,200,199,1,,,,,,,,,,,,,,,,,
campaign_d_path,path_n200_independent-positive_seed1.pcf,dhfma,2,0,224181,101,100,1516336897224083761,15680,23f703aa3bc9,2026-08-28T16:54:13Z,200,199,1,,,,,,,,,,,,,,,,,
campaign_d_path,path_n200_independent-positive_seed2.pcf,dhfma,0,0,254540,93,92,3513124681792090226,15680,23f703aa3bc9,2026-08-28T16:54:13Z,200,199,1,,,,,,,,,,,,,,,,,
campaign_d_path,path_n200_independent-positive_seed2.pcf,dhfma,1,0,327601,93,92,3513124681792090226,15680,23f703aa3bc9,2026-08-28T16:54:13Z,200,199,1,,,,,,,,,,,,,,,,,
campaign_d_path,path_n200_independent-positive_seed2.pcf,dhfma,2,0,223814,93,92,3513124681792090226,15680,23f703aa3bc9,2026-08-28T16:54:13Z,200,199,1,,,,,,,,,,,,,,,,,
campaign_d_path,path_n200_independent-positive_seed3.pcf,dhfma,0,0,249551,92,91,2023985185976545208,15680,23f703aa3bc9,2026-08-28T16:54:13Z,200,199,1,,,,,,,,,,,,,,,,,
campaign_d_path,path_n200_independent-positive_seed3.pcf,dhfma,1,0,227391,92,91,2023985185976545208,15680,23f703aa3bc9,2026-08-28T16:54:13Z,200,199,1,,,,,,,,,,,,,,,,,
campaign_d_path,path_n200_independent-positive_seed3.pcf,dhfma,2,0,216915,92,91,2023985185976545208,15680,23f703aa3bc9,2026-08-28T16:54:13Z,200,199,1,,,,,,,,,,,,,,,,,
campaign_d_path,path_n200_independent-positive_seed4.pcf,dhfma,0,0,254421,98,97,4157817852151689319,15680,23f703aa3bc9,2026-08-28T16:54:13Z,200,199,1,,,,,,,,,,,,,,,,,
campaign_d_path,path_n200_independent-positive_seed4.pcf,dhfma,1,0,219660,98,97,4157817852151689319,15680,23f703aa3bc9,2026-08-28T16:54:13Z,200,199,1,,,,,,,,,,,,,,,,,
campaign_d_path,path_n200_independent-positive_seed4.pcf,dhfma,2,0,228141,98,97,4157817852151689319,15680,23f703aa3bc9,2026-08-28T16:54:13Z,200,199,1,,,,,,,,,,,,,,,,,
campaign_d_path,path_n200_independent-positive_seed5.pcf,dhfma,0,0,255224,105,104,5921237492775674353,15680,23f703aa3bc9,2026-08-28T16:54:13Z,200,199,1,,,,,,,,,,,,,,,,,
campaign_d_path,path_n200_independent-positive_seed5.pcf,dhfma,1,0,228064,105,104,5921237492775674353,15680,23f703aa3bc9,2026-08-28T16:54:13Z,200,199,1,,,,,,,,,,,,,,,,,
campaign_d_path,path_n200_independent-positive_seed5.pcf,dhfma,2,0,223148,105,104,5921237492775674353,15680,23f703aa3bc9,2026-08-28T16:54:13Z,200,199,1,,,,,,,,,,,,,,,,,
campaign_d_path,path_n200_independent-positive_seed6.pcf,dhfma,0,0,251785,97,96,17513207272489718456,15680,23f703aa3bc9,2026-08-28T16:54:13Z,200,199,1,,,,,,,,,,,,,,,,,
campaign_d_path,path_n200_independent-positive_seed6.pcf,dhfma,1,0,226148,97,96,17513207272489718456,15680,23f703aa3bc9,2026-08-28T16:54:13Z,200,199,1,,,,,,,,,,,,,,,,,
campaign_d_path,path_n200_independent-positive_seed6.pcf,dhfma,2,0,220457,97,96,17513207272489718456,15680,23f703aa3bc9,2026-08-28T16:54:13Z,200,199,1,,,,,,,,,,,,,,,,,
campaign_d_path,path_n200_independent-positive_seed7.pcf,dhfma,0,0,339542,96,95,1261746940411869091,15680,23f703aa3bc9,2026-08-28T16:54:13Z,200,199,1,,,,,,,,,,,,,,,,,
campaign_d_path,path_n200_independent-positive_seed7.pcf,dhfma,1,0,225517,96,95,1261746940411869091,15680,23f703aa3bc9,2026-08-28T16:54:13Z,200,199,1,,,,,,,,,,,,,,,,,
campaign_d_path,path_n200_independent-positive_seed7.pcf,dhfma,2,0,216164,96,95,1261746940411869091,15680,23f703aa3bc9,2026-08-28T16:54:13Z,200,199,1,,,,,,,,,,,,,,,,,
campaign_d_path,path_n200_independent-positive_seed8.pcf,dhfma,0,0,244025,105,104,10092252218395522826,15680,23f703aa3bc9,2026-08-28T16:54:13Z,200,199,1,,,,,,,,,,,,,,,,,
campaign_d_path,path_n200_independent-positive_seed8.pcf,dhfma,1,0,313137,105,104,10092252218395522826,15680,23f703aa3bc9,2026-08-28T16:54:13Z,200,199,1,,,,,,,,,,,,,,,,,
campaign_d_path,path_n200_independent-positive_seed8.pcf,dhfma,2,0,218710,105,104,10092252218395522826,15680,23f703aa3bc9,2026-08-28T16:54:13Z,200,199,1,,,,,,,,,,,,,,,,,
campaign_d_path,path_n200_independent-positive_seed9.pcf,dhfma,0,0,248289,94,93,9939230752248759108,15680,23f703aa3bc9,2026-08-28T16:54:13Z,200,199,1,,,,,,,,,,,,,,,,,
campaign_d_path,path_n200_independent-positive_seed9.pcf,dhfma,1,0,221840,94,93,9939230752248759108,15680,23f703aa3bc9,2026-08-28T16:54:13Z,200,199,1,,,,,,,,,,,,,,,,,
campaign_d_path,path_n200_independent-positive_seed9.pcf,dhfma,2,0,211833,94,93,9939230752248759108,15680,23f703aa3bc9,2026-08-28T16:54:13Z,200,199,1,,,,,,,,,,,,,,,,,
campaign_d_path,path_n200_independent-signed_seed0.pcf,dhfma,0,0,255538,92,91,1182344746741189818,15680,23f703aa3bc9,2026-08-28T16:54:13Z,200,199,1,,,,,,,,,,,,,,,,,
campaign_d_path,path_n200_independent-signed_seed0.pcf,dhfma,1,0,225569,92,91,1182344746741189818,15680,23f703aa3bc9,2026-08-28T16:54:13Z,200,199,1,,,,,,,,,,,,,,,,,
campaign_d_path,path_n200_independent-signed_seed0.pcf,dhfma,2,0,221036,92,91,1182344746741189818,15680,23f703aa3bc9,2026-08-28T16:54:13Z,200,199,1,,,,,,,,,,,,,,,,,
campaign_d_path,path_n200_independent-signed_seed1.pcf,dhfma,0,0,250444,92,91,9477298156146614754,15680,23f703aa3bc9,2026-08-28T16:54:13Z,200,199,1,,,,,,,,,,,,,,,,,
campaign_d_path,path_n200_independent-signed_seed1.pcf,dhfma,1,0,223563,92,91,9477298156146614754,15680,23f703aa3bc9,2026-08-28T16:54:13Z,200,199,1,,,,,,,,,,,,,,,,,
campaign_d_path,path_n200_independent-signed_seed1.pcf,dhfma,2,0,219875,92,91,9477298156146614754,15680,23f703aa3bc9,2026-08-28T16:54:13Z,200,199,1,,,,,,,,,,,,,,,,,
campaign_d_path,path_n200_independent-signed_seed2.pcf,dhfma,0,0,243539,95,94,13572663296335657103,15680,23f703aa3bc9,2026-08-28T16:54:13Z,200,199,1,,,,,,,,,,,,,,,,,
campaign_d_path,path_n200_independent-signed_seed2.pcf,dhfma,1,0,213383,95,94,13572663296335657103,15680,23f703aa3bc9,2026-08-28T16:54:13Z,200,199,1,,,,,,,,,,,,,,,,,
campaign_d_path,path_n200_independent-signed_seed2.pcf,dhfma,2,0,204509,95,94,13572663296335657103,15680,23f703aa3bc9,2026-08-28T16:54:13Z,200,199,1,,,,,,,,,,,,,,,,,
campaign_d_path,path_n200_independent-signed_seed3.pcf,dhfma,0,0,260200,97,96,12834951803707736284,15680,23f703aa3bc9,2026-08-28T16:54:13Z,200,199,1,,,,,,,,,,,,,,,,,
campaign_d_path,path_n200_independent-signed_seed3.pcf,dhfma,1,0,232312,97,96,12834951803707736284,15680,23f703aa3bc9,2026-08-28T16:54:13Z,200,199,1,,,,,,,,,,,,,,,,,
campaign_d_path,path_n200_independent-signed_seed3.pcf,dhfma,2,0,223092,97,96,12834951803707736284,15680,23f703aa3bc9,2026-08-28T16:54:13Z,200,199,1,,,,,,,,,,,,,,,,,
campaign_d_path,path_n200_independent-signed_seed4.pcf,dhfma,0,0,248450,110,109,1808509695279505236,15680,23f703aa3bc9,2026-08-28T16:54:13Z,200,199,1,,,,,,,,,,,,,,,,,
campaign_d_path,path_n200_independent-signed_seed4.pcf,dhfma,1,0,223679,110,109,1808509695279505236,15680,23f703aa3bc9,2026-08-28T16:54:13Z,200,199,1,,,,,,,,,,,,,,,,,
campaign_d_path,path_n200_independent-signed_seed4.pcf,dhfma,2,0,213497,110,109,1808509695279505236,15680,23f703aa3bc9,2026-08-28T16:54:13Z,200,199,1,,,,,,,,,,,,,,,,,
campaign_d_path,path_n200_independent-signed_seed5.pcf,dhfma,0,0,237553,108,107,10589452313276460278,15840,23f703aa3bc9,2026-08-28T16:54:13Z,200,199,1,,,,,,,,,,,,,,,,,
campaign_d_path,path_n200_independent-signed_seed5.pcf,dhfma,1,0,209703,108,107,10589452313276460278,15840,23f703aa3bc9,2026-08-28T16:54:13Z,200,199,1,,,,,,,,,,,,,,,,,
campaign_d_path,path_n200_independent-signed_seed5.pcf,dhfma,2,0,204308,108,107,10589452313276460278,15840,23f703aa3bc9,2026-08-28T16:54:13Z,200,199,1,,,,,,,,,,,,,,,,,
campaign_d_path,path_n200_independent-signed_seed6.pcf,dhfma,0,0,243986,108,107,11846221710398309303,15840,23f703aa3bc9,2026-08-28T16:54:13Z,200,199,1,,,,,,,,,,,,,,,,,
campaign_d_path,path_n200_independent-signed_seed6.pcf,dhfma,1,0,220298,108,107,11846221710398309303,15840,23f703aa3bc9,2026-08-28T16:54:13Z,200,199,1,,,,,,,,,,,,,,,,,
campaign_d_path,path_n200_independent-signed_seed6.pcf,dhfma,2,0,205274,108,107,11846221710398309303,15840,23f703aa3bc9,2026-08-28T16:54:13Z,200,199,1,,,,,,,,,,,,,,,,,
campaign_d_path,path_n200_independent-signed_seed7.pcf,dhfma,0,0,231055,112,111,826087606360412713,15840,23f703aa3bc9,2026-08-28T16:54:13Z,200,199,1,,,,,,,,,,,,,,,,,
campaign_d_path,path_n200_independent-signed_seed7.pcf,dhfma,1,0,206052,112,111,826087606360412713,15840,23f703aa3bc9,2026-08-28T16:54:13Z,200,199,1,,,,,,,,,,,,,,,,,
campaign_d_path,path_n200_independent-signed_seed7.pcf,dhfma,2,0,191228,112,111,826087606360412713,15840,23f703aa3bc9,2026-08-28T16:54:13Z,200,199,1,,,,,,,,,,,,,,,,,
campaign_d_path,path_n200_independent-signed_seed8.pcf,dhfma,0,0,256585,101,100,11913996620250119953,15840,23f703aa3bc9,2026-08-28T16:54:13Z,200,199,1,,,,,,,,,,,,,,,,,
campaign_d_path,path_n200_independent-signed_seed8.pcf,dhfma,1,0,223901,101,100,11913996620250119953,15840,23f703aa3bc9,2026-08-28T16:54:13Z,200,199,1,,,,,,,,,,,,,,,,,
campaign_d_path,path_n200_independent-signed_seed8.pcf,dhfma,2,0,212112,101,100,11913996620250119953,15840,23f703aa3bc9,2026-08-28T16:54:13Z,200,199,1,,,,,,,,,,,,,,,,,
campaign_d_path,path_n200_independent-signed_seed9.pcf,dhfma,0,0,256086,96,95,6864845697529322937,15840,23f703aa3bc9,2026-08-28T16:54:13Z,200,199,1,,,,,,,,,,,,,,,,,
campaign_d_path,path_n200_independent-signed_seed9.pcf,dhfma,1,0,232759,96,95,6864845697529322937,15840,23f703aa3bc9,2026-08-28T16:54:13Z,200,199,1,,,,,,,,,,,,,,,,,
campaign_d_path,path_n200_independent-signed_seed9.pcf,dhfma,2,0,230908,96,95,6864845697529322937,15840,23f703aa3bc9,2026-08-28T16:54:13Z,200,199,1,,,,,,,,,,,,,,,,,
campaign_d_path,path_n200_near-ties_seed0.pcf,dhfma,0,0,230289,79,78,4947828853765436532,15840,23f703aa3bc9,2026-08-28T16:54:13Z,200,199,1,,,,,,,,,,,,,,,,,
campaign_d_path,path_n200_near-ties_seed0.pcf,dhfma,1,0,204188,79,78,4947828853765436532,15840,23f703aa3bc9,2026-08-28T16:54:13Z,200,199,1,,,,,,,,,,,,,,,,,
campaign_d_path,path_n200_near-ties_seed0.pcf,dhfma,2,0,201784,79,78,4947828853765436532,15840,23f703aa3bc9,2026-08-28T16:54:13Z,200,199,1,,,,,,,,,,,,,,,,,
campaign_d_path,path_n200_near-ties_seed1.pcf,dhfma,0,0,234568,81,80,14396354285909087870,15840,23f703aa3bc9,2026-08-28T16:54:13Z,200,199,1,,,,,,,,,,,,,,,,,
campaign_d_path,path_n200_near-ties_seed1.pcf,dhfma,1,0,209030,81,80,14396354285909087870,15840,23f703aa3bc9,2026-08-28T16:54:13Z,200,199,1,,,,,,,,,,,,,,,,,
campaign_d_path,path_n200_near-ties_seed1.pcf,dhfma,2,0,205295,81,80,14396354285909087870,15840,23f703aa3bc9,2026-08-28T16:54:13Z,200,199,1,,,,,,,,,,,,,,,,,
campaign_d_path,path_n200_near-ties_seed2.pcf,dhfma,0,0,233634,77,76,980221820169033804,15840,23f703aa3bc9,2026-08-28T16:54:13Z,200,199,1,,,,,,,,,,,,,,,,,
campaign_d_path,path_n200_near-ties_seed2.pcf,dhfma,1,0,208120,77,76,980221820169033804,15840,23f703aa3bc9,2026-08-28T16:54:13Z,200,199,1,,,,,,,,,,,,,,,,,
campaign_d_path,path_n200_near-ties_seed2.pcf,dhfma,2,0,202241,77,76,980221820169033804,15840,23f703aa3bc9,2026-08-28T16:54:13Z,200,199,1,,,,,,,,,,,,,,,,,
campaign_d_path,path_n200_near-ties_seed3.pcf,dhfma,0,0,254297,70,69,3731521641618705018,15840,23f703aa3bc9,2026-08-28T16:54:13Z,200,199,1,,,,,,,,,,,,,,,,,
campaign_d_path,path_n200_near-ties_seed3.pcf,dhfma,1,0,223965,70,69,3731521641618705018,15840,23f703aa3bc9,2026-08-28T16:54:13Z,200,199,1,,,,,,,,,,,,,,,,,
campaign_d_path,path_n200_near-ties_seed3.pcf,dhfma,2,0,216470,70,69,3731521641618705018,15840,23f703aa3bc9,2026-08-28T16:54:13Z,200,199,1,,,,,,,,,,,,,,,,,
campaign_d_path,path_n200_near-ties_seed4.pcf,dhfma,0,0,253442,82,81,12887629118527224129,15840,23f703aa3bc9,2026-08-28T16:54:13Z,200,199,1,,,,,,,,,,,,,,,,,
campaign_d_path,path_n200_near-ties_seed4.pcf,dhfma,1,0,227135,82,81,12887629118527224129,15840,23f703aa3bc9,2026-08-28T16:54:13Z,200,199,1,,,,,,,,,,,,,,,,,
campaign_d_path,path_n200_near-ties_seed4.pcf,dhfma,2,0,215456,82,81,12887629118527224129,15840,23f703aa3bc9,2026-08-28T16:54:13Z,200,199,1,,,,,,,,,,,,,,,,,
campaign_d_path,path_n200_near-ties_seed5.pcf,dhfma,0,0,250794,76,75,7893265290500380508,15840,23f703aa3bc9,2026-08-28T16:54:13Z,200,199,1,,,,,,,,,,,,,,,,,
campaign_d_path,path_n200_near-ties_seed5.pcf,dhfma,1,0,222975,76,75,7893265290500380508,15840,23f703aa3bc9,2026-08-28T16:54:13Z,200,199,1,,,,,,,,,,,,,,,,,
campaign_d_path,path_n200_near-ties_seed5.pcf,dhfma,2,0,216445,76,75,7893265290500380508,15840,23f703aa3bc9,2026-08-28T16:54:13Z,200,199,1,,,,,,,,,,,,,,,,,
campaign_d_path,path_n200_near-ties_seed6.pcf,dhfma,0,0,244663,82,81,6543223293607872046,15840,23f703aa3bc9,2026-08-28T16:54:13Z,200,199,1,,,,,,,,,,,,,,,,,
campaign_d_path,path_n200_near-ties_seed6.pcf,dhfma,1,0,213727,82,81,6543223293607872046,15840,23f703aa3bc9,2026-08-28T16:54:13Z,200,199,1,,,,,,,,,,,,,,,,,
campaign_d_path,path_n200_near-ties_seed6.pcf,dhfma,2,0,210175,82,81,6543223293607872046,15840,23f703aa3bc9,2026-08-28T16:54:13Z,200,199,1,,,,,,,,,,,,,,,,,
campaign_d_path,path_n200_near-ties_seed7.pcf,dhfma,0,0,259800,88,87,4762923130740117890,15840,23f703aa3bc9,2026-08-28T16:54:13Z,200,199,1,,,,,,,,,,,,,,,,,
campaign_d_path,path_n200_near-ties_seed7.pcf,dhfma,1,0,232142,88,87,4762923130740117890,15840,23f703aa3bc9,2026-08-28T16:54:13Z,200,199,1,,,,,,,,,,,,,,,,,
campaign_d_path,path_n200_near-ties_seed7.pcf,dhfma,2,0,219034,88,87,4762923130740117890,15840,23f703aa3bc9,2026-08-28T16:54:13Z,200,199,1,,,,,,,,,,,,,,,,,
campaign_d_path,path_n200_near-ties_seed8.pcf,dhfma,0,0,243819,81,80,10814246673348568496,15840,23f703aa3bc9,2026-08-28T16:54:13Z,200,199,1,,,,,,,,,,,,,,,,,
campaign_d_path,path_n200_near-ties_seed8.pcf,dhfma,1,0,214070,81,80,10814246673348568496,15840,23f703aa3bc9,2026-08-28T16:54:13Z,200,199,1,,,,,,,,,,,,,,,,,
campaign_d_path,path_n200_near-ties_seed8.pcf,dhfma,2,0,209523,81,80,10814246673348568496,15840,23f703aa3bc9,2026-08-28T16:54:13Z,200,199,1,,,,,,,,,,,,,,,,,
campaign_d_path,path_n200_near-ties_seed9.pcf,dhfma,0,0,379276,79,78,5942029383588307127,15840,23f703aa3bc9,2026-08-28T16:54:13Z,200,199,1,,,,,,,,,,,,,,,,,
campaign_d_path,path_n200_near-ties_seed9.pcf,dhfma,1,0,209082,79,78,5942029383588307127,15840,23f703aa3bc9,2026-08-28T16:54:13Z,200,199,1,,,,,,,,,,,,,,,,,
campaign_d_path,path_n200_near-ties_seed9.pcf,dhfma,2,0,209026,79,78,5942029383588307127,15840,23f703aa3bc9,2026-08-28T16:54:13Z,200,199,1,,,,,,,,,,,,,,,,,
campaign_d_path,path_n50000_anti-correlated_seed0.pcf,dhfma,0,0,85427631,23571,23570,7402389290263677710,20068,23f703aa3bc9,2026-08-28T16:54:13Z,50000,49999,1,,,,,,,,,,,,,,,,,
campaign_d_path,path_n50000_anti-correlated_seed0.pcf,dhfma,1,0,80436441,23571,23570,7402389290263677710,20132,23f703aa3bc9,2026-08-28T16:54:13Z,50000,49999,1,,,,,,,,,,,,,,,,,
campaign_d_path,path_n50000_anti-correlated_seed0.pcf,dhfma,2,0,86322879,23571,23570,7402389290263677710,20236,23f703aa3bc9,2026-08-28T16:54:13Z,50000,49999,1,,,,,,,,,,,,,,,,,
campaign_d_path,path_n50000_anti-correlated_seed1.pcf,dhfma,0,0,81084526,23661,23660,9581861543060722402,19424,23f703aa3bc9,2026-08-28T16:54:14Z,50000,49999,1,,,,,,,,,,,,,,,,,
campaign_d_path,path_n50000_anti-correlated_seed1.pcf,dhfma,1,0,78372881,23661,23660,9581861543060722402,19944,23f703aa3bc9,2026-08-28T16:54:14Z,50000,49999,1,,,,,,,,,,,,,,,,,
campaign_d_path,path_n50000_anti-correlated_seed1.pcf,dhfma,2,0,81711945,23661,23660,9581861543060722402,19944,23f703aa3bc9,2026-08-28T16:54:14Z,50000,49999,1,,,,,,,,,,,,,,,,,
campaign_d_path,path_n50000_anti-correlated_seed2.pcf,dhfma,0,0,84836406,23662,23661,11112980806497044748,20068,23f703aa3bc9,2026-08-28T16:54:14Z,50000,49999,1,,,,,,,,,,,,,,,,,
campaign_d_path,path_n50000_anti-correlated_seed2.pcf,dhfma,1,0,84353028,23662,23661,11112980806497044748,20144,23f703aa3bc9,2026-08-28T16:54:14Z,50000,49999,1,,,,,,,,,,,,,,,,,
campaign_d_path,path_n50000_anti-correlated_seed2.pcf,dhfma,2,0,84703148,23662,23661,11112980806497044748,20788,23f703aa3bc9,2026-08-28T16:54:14Z,50000,49999,1,,,,,,,,,,,,,,,,,
campaign_d_path,path_n50000_anti-correlated_seed3.pcf,dhfma,0,0,87149209,23550,23549,8372777779101876950,20068,23f703aa3bc9,2026-08-28T16:54:14Z,50000,49999,1,,,,,,,,,,,,,,,,,
campaign_d_path,path_n50000_anti-correlated_seed3.pcf,dhfma,1,0,85073184,23550,23549,8372777779101876950,20612,23f703aa3bc9,2026-08-28T16:54:14Z,50000,49999,1,,,,,,,,,,,,,,,,,
campaign_d_path,path_n50000_anti-correlated_seed3.pcf,dhfma,2,0,84876033,23550,23549,8372777779101876950,20612,23f703aa3bc9,2026-08-28T16:54:14Z,50000,49999,1,,,,,,,,,,,,,,,,,
campaign_d_path,path_n50000_anti-correlated_seed4.pcf,dhfma,0,0,87906618,23716,23715,5644648916179083224,20224,23f703aa3bc9,2026-08-28T16:54:14Z,50000,49999,1,,,,,,,,,,,,,,,,,
campaign_d_path,path_n50000_anti-correlated_seed4.pcf,dhfma,1,0,86314056,23716,23715,5644648916179083224,20312,23f703aa3bc9,2026-08-28T16:54:14Z,50000,49999,1,,,,,,,,,,,,,,,,,
campaign_d_path,path_n50000_anti-correlated_seed4.pcf,dhfma,2,0,85995196,23716,23715,5644648916179083224,20588,23f703aa3bc9,2026-08-28T16:54:15Z,50000,49999,1,,,,,,,,,,,,,,,,,
campaign_d_path,path_n50000_anti-correlated_seed5.pcf,dhfma,0,0,82797721,23712,23711,2222850094271197413,19592,23f703aa3bc9,2026-08-28T16:54:15Z,50000,49999,1,,,,,,,,,,,,,,,,,
campaign_d_path,path_n50000_anti-correlated_seed5.pcf,dhfma,1,0,83869323,23712,23711,2222850094271197413,20440,23f703aa3bc9,2026-08-28T16:54:15Z,50000,49999,1,,,,,,,,,,,,,,,,,
campaign_d_path,path_n50000_anti-correlated_seed5.pcf,dhfma,2,0,84035978,23712,23711,2222850094271197413,20564,23f703aa3bc9,2026-08-28T16:54:15Z,50000,49999,1,,,,,,,,,,,,,,,,,
campaign_d_path,path_n50000_anti-correlated_seed6.pcf,dhfma,0,0,87731418,23700,23699,16118332060019127881,19588,23f703aa3bc9,2026-08-28T16:54:15Z,50000,49999,1,,,,,,,,,,,,,,,,,
campaign_d_path,path_n50000_anti-correlated_seed6.pcf,dhfma,1,0,83773598,23700,23699,16118332060019127881,19952,23f703aa3bc9,2026-08-28T16:54:15Z,50000,49999,1,,,,,,,,,,,,,,,,,
campaign_d_path,path_n50000_anti-correlated_seed6.pcf,dhfma,2,0,85207281,23700,23699,16118332060019127881,20624,23f703aa3bc9,2026-08-28T16:54:15Z,50000,49999,1,,,,,,,,,,,,,,,,,
campaign_d_path,path_n50000_anti-correlated_seed7.pcf,dhfma,0,0,88413139,23730,23729,8584650477804005778,20228,23f703aa3bc9,2026-08-28T16:54:15Z,50000,49999,1,,,,,,,,,,,,,,,,,
campaign_d_path,path_n50000_anti-correlated_seed7.pcf,dhfma,1,0,86823418,23730,23729,8584650477804005778,20804,23f703aa3bc9,2026-08-28T16:54:15Z,50000,49999,1,,,,,,,,,,,,,,,,,
campaign_d_path,path_n50000_anti-correlated_seed7.pcf,dhfma,2,0,89075951,23730,23729,8584650477804005778,20804,23f703aa3bc9,2026-08-28T16:54:15Z,50000,49999,1,,,,,,,,,,,,,,,,,
campaign_d_path,path_n50000_anti-correlated_seed8.pcf,dhfma,0,0,90085788,23641,23640,4298199879292546428,19432,23f703aa3bc9,2026-08-28T16:54:16Z,50000,49999,1,,,,,,,,,,,,,,,,,
campaign_d_path,path_n50000_anti-correlated_seed8.pcf,dhfma,1,0,95041987,23641,23640,4298199879292546428,20424,23f703aa3bc9,2026-08-28T16:54:16Z,50000,49999,1,,,,,,,,,,,,,,,,,
campaign_d_path,path_n50000_anti-correlated_seed8.pcf,dhfma,2,0,93643712,23641,23640,4298199879292546428,20536,23f703aa3bc9,2026-08-28T16:54:16Z,50000,49999,1,,,,,,,,,,,,,,,,,
campaign_d_path,path_n50000_anti-correlated_seed9.pcf,dhfma,0,0,84752734,23762,23761,6274485923366386229,20228,23f703aa3bc9,2026-08-28T16:54:16Z,50000,49999,1,,,,,,,,,,,,,,,,,
campaign_d_path,path_n50000_anti-correlated_seed9.pcf,dhfma,1,0,81589196,23762,23761,6274485923366386229,20484,23f703aa3bc9,2026-08-28T16:54:16Z,50000,49999,1,,,,,,,,,,,,,,,,,
campaign_d_path,path_n50000_anti-correlated_seed9.pcf,dhfma,2,0,82624941,23762,23761,6274485923366386229,20484,23f703aa3bc9,2026-08-28T16:54:16Z,50000,49999,1,,,,,,,,,,,,,,,,,
campaign_d_path,path_n50000_correlated_seed0.pcf,dhfma,0,0,84914884,20449,20448,5371262230109889188,19108,23f703aa3bc9,2026-08-28T16:54:16Z,50000,49999,1,,,,,,,,,,,,,,,,,
campaign_d_path,path_n50000_correlated_seed0.pcf,dhfma,1,0,83606042,20449,20448,5371262230109889188,19868,23f703aa3bc9,2026-08-28T16:54:16Z,50000,49999,1,,,,,,,,,,,,,,,,,
campaign_d_path,path_n50000_correlated_seed0.pcf,dhfma,2,0,84686883,20449,20448,5371262230109889188,19868,23f703aa3bc9,2026-08-28T16:54:16Z,50000,49999,1,,,,,,,,,,,,,,,,,
campaign_d_path,path_n50000_correlated_seed1.pcf,dhfma,0,0,89159288,20448,20447,1790490903590412846,19748,23f703aa3bc9,2026-08-28T16:54:16Z,50000,49999,1,,,,,,,,,,,,,,,,,
campaign_d_path,path_n50000_correlated_seed1.pcf,dhfma,1,0,85614211,20448,20447,1790490903590412846,20408,23f703aa3bc9,2026-08-28T16:54:16Z,50000,49999,1,,,,,,,,,,,,,,,,,
campaign_d_path,path_n50000_correlated_seed1.pcf,dhfma,2,0,86517832,20448,20447,1790490903590412846,20408,23f703aa3bc9,2026-08-28T16:54:17Z,50000,49999,1,,,,,,,,,,,,,,,,,
campaign_d_path,path_n50000_correlated_seed2.pcf,dhfma,0,0,89391519,20534,20533,13868996137830258452,19744,23f703aa3bc9,2026-08-28T16:54:17Z,50000,49999,1,,,,,,,,,,,,,,,,,
campaign_d_path,path_n50000_correlated_seed2.pcf,dhfma,1,0,86789646,20534,20533,13868996137830258452,19744,23f703aa3bc9,2026-08-28T16:54:17Z,50000,49999,1,,,,,,,,,,,,,,,,,
campaign_d_path,path_n50000_correlated_seed2.pcf,dhfma,2,0,86528809,20534,20533,13868996137830258452,19744,23f703aa3bc9,2026-08-28T16:54:17Z,50000,49999,1,,,,,,,,,,,,,,,,,
campaign_d_path,path_n50000_correlated_seed3.pcf,dhfma,0,0,88614214,20527,20526,16116965969849574962,19744,23f703aa3bc9,2026-08-28T16:54:17Z,50000,49999,1,,,,,,,,,,,,,,,,,
campaign_d_path,path_n50000_correlated_seed3.pcf,dhfma,1,0,87646942,20527,20526,16116965969849574962,19772,23f703aa3bc9,2026-08-28T16:54:17Z,50000,49999,1,,,,,,,,,,,,,,,,,
campaign_d_path,path_n50000_correlated_seed3.pcf,dhfma,2,0,86454150,20527,20526,16116965969849574962,19772,23f703aa3bc9,2026-08-28T16:54:17Z,50000,49999,1,,,,,,,,,,,,,,,,,
campaign_d_path,path_n50000_correlated_seed4.pcf,dhfma,0,0,88446285,20575,20574,15289416735429274229,19588,23f703aa3bc9,2026-08-28T16:54:17Z,50000,49999,1,,,,,,,,,,,,,,,,,
campaign_d_path,path_n50000_correlated_seed4.pcf,dhfma,1,0,86091193,20575,20574,15289416735429274229,20272,23f703aa3bc9,2026-08-28T16:54:17Z,50000,49999,1,,,,,,,,,,,,,,,,,
campaign_d_path,path_n50000_correlated_seed4.pcf,dhfma,2,0,86708397,20575,20574,15289416735429274229,20384,23f703aa3bc9,2026-08-28T16:54:17Z,50000,49999,1,,,,,,,,,,,,,,,,,
campaign_d_path,path_n50000_correlated_seed5.pcf,dhfma,0,0,88014426,20375,20374,17823430625794818967,19116,23f703aa3bc9,2026-08-28T16:54:18Z,50000,49999,1,,,,,,,,,,,,,,,,,
campaign_d_path,path_n50000_correlated_seed5.pcf,dhfma,1,0,86010813,20375,20374,17823430625794818967,20180,23f703aa3bc9,2026-08-28T16:54:18Z,50000,49999,1,,,,,,,,,,,,,,,,,
campaign_d_path,path_n50000_correlated_seed5.pcf,dhfma,2,0,86195339,20375,20374,17823430625794818967,20180,23f703aa3bc9,2026-08-28T16:54:18Z,50000,49999,1,,,,,,,,,,,,,,,,,
campaign_d_path,path_n50000_correlated_seed6.pcf,dhfma,0,0,88352808,20616,20615,10238990922771455126,19752,23f703aa3bc9,2026-08-28T16:54:18Z,50000,49999,1,,,,,,,,,,,,,,,,,
campaign_d_path,path_n50000_correlated_seed6.pcf,dhfma,1,0,85083960,20616,20615,10238990922771455126,19752,23f703aa3bc9,2026-08-28T16:54:18Z,50000,49999,1,,,,,,,,,,,,,,,,,
campaign_d_path,path_n50000_correlated_seed6.pcf,dhfma,2,0,86195858,20616,20615,10238990922771455126,19756,23f703aa3bc9,2026-08-28T16:54:18Z,50000,49999,1,,,,,,,,,,,,,,,,,
campaign_d_path,path_n50000_correlated_seed7.pcf,dhfma,0,0,88078550,20471,20470,3251075556088064634,19432,23f703aa3bc9,2026-08-28T16:54:18Z,50000,49999,1,,,,,,,,,,,,,,,,,
campaign_d_path,path_n50000_correlated_seed7.pcf,dhfma,1,0,85775683,20471,20470,3251075556088064634,19624,23f703aa3bc9,2026-08-28T16:54:18Z,50000,49999,1,,,,,,,,,,,,,,,,,
campaign_d_path,path_n50000_correlated_seed7.pcf,dhfma,2,0,86152661,20471,20470,3251075556088064634,20060,23f703aa3bc9,2026-08-28T16:54:18Z,50000,49999,1,,,,,,,,,,,,,,,,,
campaign_d_path,path_n50000_correlated_seed8.pcf,dhfma,0,0,88339480,20562,20561,9910584190061745340,19752,23f703aa3bc9,2026-08-28T16:54:18Z,50000,49999,1,,,,,,,,,,,,,,,,,
campaign_d_path,path_n50000_correlated_seed8.pcf,dhfma,1,0,85079228,20562,20561,9910584190061745340,19752,23f703aa3bc9,2026-08-28T16:54:19Z,50000,49999,1,,,,,,,,,,,,,,,,,
campaign_d_path,path_n50000_correlated_seed8.pcf,dhfma,2,0,86046847,20562,20561,9910584190061745340,19752,23f703aa3bc9,2026-08-28T16:54:19Z,50000,49999,1,,,,,,,,,,,,,,,,,
campaign_d_path,path_n50000_correlated_seed9.pcf,dhfma,0,0,87355303,20561,20560,17034875400102019093,19748,23f703aa3bc9,2026-08-28T16:54:19Z,50000,49999,1,,,,,,,,,,,,,,,,,
campaign_d_path,path_n50000_correlated_seed9.pcf,dhfma,1,0,84402541,20561,20560,17034875400102019093,20268,23f703aa3bc9,2026-08-28T16:54:19Z,50000,49999,1,,,,,,,,,,,,,,,,,
campaign_d_path,path_n50000_correlated_seed9.pcf,dhfma,2,0,83969667,20561,20560,17034875400102019093,20268,23f703aa3bc9,2026-08-28T16:54:19Z,50000,49999,1,,,,,,,,,,,,,,,,,
campaign_d_path,path_n50000_exact-ties_seed0.pcf,dhfma,0,0,80039904,11729,11728,13613692389875748477,17508,23f703aa3bc9,2026-08-28T16:54:19Z,50000,49999,1,,,,,,,,,,,,,,,,,
campaign_d_path,path_n50000_exact-ties_seed0.pcf,dhfma,1,0,77607983,11729,11728,13613692389875748477,18584,23f703aa3bc9,2026-08-28T16:54:19Z,50000,49999,1,,,,,,,,,,,,,,,,,
campaign_d_path,path_n50000_exact-ties_seed0.pcf,dhfma,2,0,70219318,11729,11728,13613692389875748477,18584,23f703aa3bc9,2026-08-28T16:54:19Z,50000,49999,1,,,,,,,,,,,,,,,,,
campaign_d_path,path_n50000_exact-ties_seed1.pcf,dhfma,0,0,74671435,11857,11856,4183888366472484660,17348,23f703aa3bc9,2026-08-28T16:54:19Z,50000,49999,1,,,,,,,,,,,,,,,,,
campaign_d_path,path_n50000_exact-ties_seed1.pcf,dhfma,1,0,72352080,11857,11856,4183888366472484660,18444,23f703aa3bc9,2026-08-28T16:54:19Z,50000,49999,1,,,,,,,,,,,,,,,,,
campaign_d_path,path_n50000_exact-ties_seed1.pcf,dhfma,2,0,73135059,11857,11856,4183888366472484660,18452,23f703aa3bc9,2026-08-28T16:54:19Z,50000,49999,1,,,,,,,,,,,,,,,,,
campaign_d_path,path_n50000_exact-ties_seed2.pcf,dhfma,0,0,74156887,11780,11779,11841552464587610838,17508,23f703aa3bc9,2026-08-28T16:54:19Z,50000,49999,1,,,,,,,,,,,,,,,,,
campaign_d_path,path_n50000_exact-ties_seed2.pcf,dhfma,1,0,73848451,11780,11779,11841552464587610838,18432,23f703aa3bc9,2026-08-28T16:54:20Z,50000,49999,1,,,,,,,,,,,,,,,,,
campaign_d_path,path_n50000_exact-ties_seed2.pcf,dhfma,2,0,74053833,11780,11779,11841552464587610838,18452,23f703aa3bc9,2026-08-28T16:54:20Z,50000,49999,1,,,,,,,,,,,,,,,,,
campaign_d_path,path_n50000_exact-ties_seed3.pcf,dhfma,0,0,79693178,11845,11844,13879650317593128100,17352,23f703aa3bc9,2026-08-28T16:54:20Z,50000,49999,1,,,,,,,,,,,,,,,,,
campaign_d_path,path_n50000_exact-ties_seed3.pcf,dhfma,1,0,75317341,11845,11844,13879650317593128100,18796,23f703aa3bc9,2026-08-28T16:54:20Z,50000,49999,1,,,,,,,,,,,,,,,,,
campaign_d_path,path_n50000_exact-ties_seed3.pcf,dhfma,2,0,76426394,11845,11844,13879650317593128100,18796,23f703aa3bc9,2026-08-28T16:54:20Z,50000,49999,1,,,,,,,,,,,,,,,,,
campaign_d_path,path_n50000_exact-ties_seed4.pcf,dhfma,0,0,77044534,11805,11804,2708154972691704101,17352,23f703aa3bc9,2026-08-28T16:54:20Z,50000,49999,1,,,,,,,,,,,,,,,,,
campaign_d_path,path_n50000_exact-ties_seed4.pcf,dhfma,1,0,76585648,11805,11804,2708154972691704101,18628,23f703aa3bc9,2026-08-28T16:54:20Z,50000,49999,1,,,,,,,,,,,,,,,,,
campaign_d_path,path_n50000_exact-ties_seed4.pcf,dhfma,2,0,76740179,11805,11804,2708154972691704101,18628,23f703aa3bc9,2026-08-28T16:54:20Z,50000,49999,1,,,,,,,,,,,,,,,,,
campaign_d_path,path_n50000_exact-ties_seed5.pcf,dhfma,0,0,78427619,11778,11777,8258244524915469670,17508,23f703aa3bc9,2026-08-28T16:54:20Z,50000,49999,1,,,,,,,,,,,,,,,,,
campaign_d_path,path_n50000_exact-ties_seed5.pcf,dhfma,1,0,76538487,11778,11777,8258244524915469670,18604,23f703aa3bc9,2026-08-28T16:54:20Z,50000,49999,1,,,,,,,,,,,,,,,,,
campaign_d_path,path_n50000_exact-ties_seed5.pcf,dhfma,2,0,73571322,11778,11777,8258244524915469670,18604,23f703aa3bc9,2026-08-28T16:54:20Z,50000,49999,1,,,,,,,,,,,,,,,,,
campaign_d_path,path_n50000_exact-ties_seed6.pcf,dhfma,0,0,79513290,11758,11757,16778746016755781693,17344,23f703aa3bc9,2026-08-28T16:54:21Z,50000,49999,1,,,,,,,,,,,,,,,,,
campaign_d_path,path_n50000_exact-ties_seed6.pcf,dhfma,1,0,78286564,11758,11757,16778746016755781693,18460,23f703aa3bc9,2026-08-28T16:54:21Z,50000,49999,1,,,,,,,,,,,,,,,,,
campaign_d_path,path_n50000_exact-ties_seed6.pcf,dhfma,2,0,78048533,11758,11757,16778746016755781693,18620,23f703aa3bc9,2026-08-28T16:54:21Z,50000,49999,1,,,,,,,,,,,,,,,,,
campaign_d_path,path_n50000_exact-ties_seed7.pcf,dhfma,0,0,79466289,11820,11819,3360896574896470074,17348,23f703aa3bc9,2026-08-28T16:54:21Z,50000,49999,1,,,,,,,,,,,,,,,,,
campaign_d_path,path_n50000_exact-ties_seed7.pcf,dhfma,1,0,80582620,11820,11819,3360896574896470074,18592,23f703aa3bc9,2026-08-28T16:54:21Z,50000,49999,1,,,,,,,,,,,,,,,,,
campaign_d_path,path_n50000_exact-ties_seed7.pcf,dhfma,2,0,79872079,11820,11819,3360896574896470074,18668,23f703aa3bc9,2026-08-28T16:54:21Z,50000,49999,1,,,,,,,,,,,,,,,,,
campaign_d_path,path_n50000_exact-ties_seed8.pcf,dhfma,0,0,81774476,11875,11874,13024911510567935190,17348,23f703aa3bc9,2026-08-28T16:54:21Z,50000,49999,1,,,,,,,,,,,,,,,,,
campaign_d_path,path_n50000_exact-ties_seed8.pcf,dhfma,1,0,81030296,11875,11874,13024911510567935190,18600,23f703aa3bc9,2026-08-28T16:54:21Z,50000,49999,1,,,,,,,,,,,,,,,,,
campaign_d_path,path_n50000_exact-ties_seed8.pcf,dhfma,2,0,80586746,11875,11874,13024911510567935190,18600,23f703aa3bc9,2026-08-28T16:54:21Z,50000,49999,1,,,,,,,,,,,,,,,,,
campaign_d_path,path_n50000_exact-ties_seed9.pcf,dhfma,0,0,82436293,11824,11823,8165707753703931595,17508,23f703aa3bc9,2026-08-28T16:54:21Z,50000,49999,1,,,,,,,,,,,,,,,,,
campaign_d_path,path_n50000_exact-ties_seed9.pcf,dhfma,1,0,80480552,11824,11823,8165707753703931595,18596,23f703aa3bc9,2026-08-28T16:54:21Z,50000,49999,1,,,,,,,,,,,,,,,,,
campaign_d_path,path_n50000_exact-ties_seed9.pcf,dhfma,2,0,76545839,11824,11823,8165707753703931595,18600,23f703aa3bc9,2026-08-28T16:54:21Z,50000,49999,1,,,,,,,,,,,,,,,,,
campaign_d_path,path_n50000_independent-positive_seed0.pcf,dhfma,0,0,85155808,23972,23971,11769104259835035596,19588,23f703aa3bc9,2026-08-28T16:54:22Z,50000,49999,1,,,,,,,,,,,,,,,,,
campaign_d_path,path_n50000_independent-positive_seed0.pcf,dhfma,1,0,82873812,23972,23971,11769104259835035596,20500,23f703aa3bc9,2026-08-28T16:54:22Z,50000,49999,1,,,,,,,,,,,,,,,,,
campaign_d_path,path_n50000_independent-positive_seed0.pcf,dhfma,2,0,83212055,23972,23971,11769104259835035596,20500,23f703aa3bc9,2026-08-28T16:54:22Z,50000,49999,1,,,,,,,,,,,,,,,,,
campaign_d_path,path_n50000_independent-positive_seed1.pcf,dhfma,0,0,85959704,24154,24153,12905363858815585365,19748,23f703aa3bc9,2026-08-28T16:54:22Z,50000,49999,1,,,,,,,,,,,,,,,,,
campaign_d_path,path_n50000_independent-positive_seed1.pcf,dhfma,1,0,84892255,24154,24153,12905363858815585365,20200,23f703aa3bc9,2026-08-28T16:54:22Z,50000,49999,1,,,,,,,,,,,,,,,,,
campaign_d_path,path_n50000_independent-positive_seed1.pcf,dhfma,2,0,85068913,24154,24153,12905363858815585365,20252,23f703aa3bc9,2026-08-28T16:54:22Z,50000,49999,1,,,,,,,,,,,,,,,,,
campaign_d_path,path_n50000_independent-positive_seed2.pcf,dhfma,0,0,88802346,24238,24237,15703328900494329928,20232,23f703aa3bc9,2026-08-28T16:54:22Z,50000,49999,1,,,,,,,,,,,,,,,,,
campaign_d_path,path_n50000_independent-positive_seed2.pcf,dhfma,1,0,86897126,24238,24237,15703328900494329928,20376,23f703aa3bc9,2026-08-28T16:54:22Z,50000,49999,1,,,,,,,,,,,,,,,,,
campaign_d_path,path_n50000_independent-positive_seed2.pcf,dhfma,2,0,87857242,24238,24237,15703328900494329928,20540,23f703aa3bc9,2026-08-28T16:54:22Z,50000,49999,1,,,,,,,,,,,,,,,,,
campaign_d_path,path_n50000_independent-positive_seed3.pcf,dhfma,0,0,89211224,24268,24267,12649492641504063383,20072,23f703aa3bc9,2026-08-28T16:54:22Z,50000,49999,1,,,,,,,,,,,,,,,,,
campaign_d_path,path_n50000_independent-positive_seed3.pcf,dhfma,1,0,83201702,24268,24267,12649492641504063383,20856,23f703aa3bc9,2026-08-28T16:54:23Z,50000,49999,1,,,,,,,,,,,,,,,,,
campaign_d_path,path_n50000_independent-positive_seed3.pcf,dhfma,2,0,79048643,24268,24267,12649492641504063383,20856,23f703aa3bc9,2026-08-28T16:54:23Z,50000,49999,1,,,,,,,,,,,,,,,,,
campaign_d_path,path_n50000_independent-positive_seed4.pcf,dhfma,0,0,82131314,24360,24359,18246371186271628418,20228,23f703aa3bc9,2026-08-28T16:54:23Z,50000,49999,1,,,,,,,,,,,,,,,,,
campaign_d_path,path_n50000_independent-positive_seed4.pcf,dhfma,1,0,81206782,24360,24359,18246371186271628418,20860,23f703aa3bc9,2026-08-28T16:54:23Z,50000,49999,1,,,,,,,,,,,,,,,,,
campaign_d_path,path_n50000_independent-positive_seed4.pcf,dhfma,2,0,82894625,24360,24359,18246371186271628418,20924,23f703aa3bc9,2026-08-28T16:54:23Z,50000,49999,1,,,,,,,,,,,,,,,,,
campaign_d_path,path_n50000_independent-positive_seed5.pcf,dhfma,0,0,85955320,24312,24311,7509736633980965962,20232,23f703aa3bc9,2026-08-28T16:54:23Z,50000,49999,1,,,,,,,,,,,,,,,,,
campaign_d_path,path_n50000_independent-positive_seed5.pcf,dhfma,1,0,85038436,24312,24311,7509736633980965962,20864,23f703aa3bc9,2026-08-28T16:54:23Z,50000,49999,1,,,,,,,,,,,,,,,,,
campaign_d_path,path_n50000_independent-positive_seed5.pcf,dhfma,2,0,85792378,24312,24311,7509736633980965962,20864,23f703aa3bc9,2026-08-28T16:54:23Z,50000,49999,1,,,,,,,,,,,,,,,,,
campaign_d_path,path_n50000_independent-positive_seed6.pcf,dhfma,0,0,87452425,24422,24421,15408936781571588646,20228,23f703aa3bc9,2026-08-28T16:54:23Z,50000,49999,1,,,,,,,,,,,,,,,,,
campaign_d_path,path_n50000_independent-positive_seed6.pcf,dhfma,1,0,85500620,24422,24421,15408936781571588646,20944,23f703aa3bc9,2026-08-28T16:54:23Z,50000,49999,1,,,,,,,,,,,,,,,,,
campaign_d_path,path_n50000_independent-positive_seed6.pcf,dhfma,2,0,86987636,24422,24421,15408936781571588646,21052,23f703aa3bc9,2026-08-28T16:54:23Z,50000,49999,1,,,,,,,,,,,,,,,,,
campaign_d_path,path_n50000_independent-positive_seed7.pcf,dhfma,0,0,89258781,24209,24208,15190265579243178643,20224,23f703aa3bc9,2026-08-28T16:54:24Z,50000,49999,1,,,,,,,,,,,,,,,,,
campaign_d_path,path_n50000_independent-positive_seed7.pcf,dhfma,1,0,85960060,24209,24208,15190265579243178643,20524,23f703aa3bc9,2026-08-28T16:54:24Z,50000,49999,1,,,,,,,,,,,,,,,,,
campaign_d_path,path_n50000_independent-positive_seed7.pcf,dhfma,2,0,86170812,24209,24208,15190265579243178643,20612,23f703aa3bc9,2026-08-28T16:54:24Z,50000,49999,1,,,,,,,,,,,,,,,,,
campaign_d_path,path_n50000_independent-positive_seed8.pcf,dhfma,0,0,89377236,24277,24276,5907667214950278066,20072,23f703aa3bc9,2026-08-28T16:54:24Z,50000,49999,1,,,,,,,,,,,,,,,,,
campaign_d_path,path_n50000_independent-positive_seed8.pcf,dhfma,1,0,86133684,24277,24276,5907667214950278066,20228,23f703aa3bc9,2026-08-28T16:54:24Z,50000,49999,1,,,,,,,,,,,,,,,,,
campaign_d_path,path_n50000_independent-positive_seed8.pcf,dhfma,2,0,87749585,24277,24276,5907667214950278066,20668,23f703aa3bc9,2026-08-28T16:54:24Z,50000,49999,1,,,,,,,,,,,,,,,,,
campaign_d_path,path_n50000_independent-positive_seed9.pcf,dhfma,0,0,88375189,24344,24343,5644033275331974771,19748,23f703aa3bc9,2026-08-28T16:54:24Z,50000,49999,1,,,,,,,,,,,,,,,,,
campaign_d_path,path_n50000_independent-positive_seed9.pcf,dhfma,1,0,85887276,24344,24343,5644033275331974771,20556,23f703aa3bc9,2026-08-28T16:54:24Z,50000,49999,1,,,,,,,,,,,,,,,,,
campaign_d_path,path_n50000_independent-positive_seed9.pcf,dhfma,2,0,85246655,24344,24343,5644033275331974771,20620,23f703aa3bc9,2026-08-28T16:54:24Z,50000,49999,1,,,,,,,,,,,,,,,,,
campaign_d_path,path_n50000_independent-signed_seed0.pcf,dhfma,0,0,88967222,24547,24546,4241971015794579897,20228,23f703aa3bc9,2026-08-28T16:54:24Z,50000,49999,1,,,,,,,,,,,,,,,,,
campaign_d_path,path_n50000_independent-signed_seed0.pcf,dhfma,1,0,85844012,24547,24546,4241971015794579897,20728,23f703aa3bc9,2026-08-28T16:54:25Z,50000,49999,1,,,,,,,,,,,,,,,,,
campaign_d_path,path_n50000_independent-signed_seed0.pcf,dhfma,2,0,85367272,24547,24546,4241971015794579897,20728,23f703aa3bc9,2026-08-28T16:54:25Z,50000,49999,1,,,,,,,,,,,,,,,,,
campaign_d_path,path_n50000_independent-signed_seed1.pcf,dhfma,0,0,87622967,24655,24654,15695273828087579185,19748,23f703aa3bc9,2026-08-28T16:54:25Z,50000,49999,1,,,,,,,,,,,,,,,,,
campaign_d_path,path_n50000_independent-signed_seed1.pcf,dhfma,1,0,85608456,24655,24654,15695273828087579185,20292,23f703aa3bc9,2026-08-28T16:54:25Z,50000,49999,1,,,,,,,,,,,,,,,,,
campaign_d_path,path_n50000_independent-signed_seed1.pcf,dhfma,2,0,85479815,24655,24654,15695273828087579185,20416,23f703aa3bc9,2026-08-28T16:54:25Z,50000,49999,1,,,,,,,,,,,,,,,,,
campaign_d_path,path_n50000_independent-signed_seed2.pcf,dhfma,0,0,87904349,24479,24478,291173882669206814,20228,23f703aa3bc9,2026-08-28T16:54:25Z,50000,49999,1,,,,,,,,,,,,,,,,,
campaign_d_path,path_n50000_independent-signed_seed2.pcf,dhfma,1,0,86299027,24479,24478,291173882669206814,20560,23f703aa3bc9,2026-08-28T16:54:25Z,50000,49999,1,,,,,,,,,,,,,,,,,
campaign_d_path,path_n50000_independent-signed_seed2.pcf,dhfma,2,0,87069729,24479,24478,291173882669206814,20692,23f703aa3bc9,2026-08-28T16:54:25Z,50000,49999,1,,,,,,,,,,,,,,,,,
campaign_d_path,path_n50000_independent-signed_seed3.pcf,dhfma,0,0,87523306,24617,24616,8339311847983946615,20232,23f703aa3bc9,2026-08-28T16:54:25Z,50000,49999,1,,,,,,,,,,,,,,,,,
campaign_d_path,path_n50000_independent-signed_seed3.pcf,dhfma,1,0,85720191,24617,24616,8339311847983946615,20576,23f703aa3bc9,2026-08-28T16:54:25Z,50000,49999,1,,,,,,,,,,,,,,,,,
campaign_d_path,path_n50000_independent-signed_seed3.pcf,dhfma,2,0,86028564,24617,24616,8339311847983946615,20680,23f703aa3bc9,2026-08-28T16:54:25Z,50000,49999,1,,,,,,,,,,,,,,,,,
campaign_d_path,path_n50000_independent-signed_seed4.pcf,dhfma,0,0,86881892,24574,24573,3838342801191916182,19748,23f703aa3bc9,2026-08-28T16:54:26Z,50000,49999,1,,,,,,,,,,,,,,,,,
campaign_d_path,path_n50000_independent-signed_seed4.pcf,dhfma,1,0,83571032,24574,24573,3838342801191916182,20596,23f703aa3bc9,2026-08-28T16:54:26Z,50000,49999,1,,,,,,,,,,,,,,,,,
campaign_d_path,path_n50000_independent-signed_seed4.pcf,dhfma,2,0,83464170,24574,24573,3838342801191916182,20700,23f703aa3bc9,2026-08-28T16:54:26Z,50000,49999,1,,,,,,,,,,,,,,,,,
campaign_d_path,path_n50000_independent-signed_seed5.pcf,dhfma,0,0,82399863,24478,24477,17247461718936609756,20228,23f703aa3bc9,2026-08-28T16:54:26Z,50000,49999,1,,,,,,,,,,,,,,,,,
campaign_d_path,path_n50000_independent-signed_seed5.pcf,dhfma,1,0,72779390,24478,24477,17247461718936609756,20560,23f703aa3bc9,2026-08-28T16:54:26Z,50000,49999,1,,,,,,,,,,,,,,,,,
campaign_d_path,path_n50000_independent-signed_seed5.pcf,dhfma,2,0,74983598,24478,24477,17247461718936609756,20692,23f703aa3bc9,2026-08-28T16:54:26Z,50000,49999,1,,,,,,,,,,,,,,,,,
campaign_d_path,path_n50000_independent-signed_seed6.pcf,dhfma,0,0,78364506,24589,24588,10273171822340633662,20228,23f703aa3bc9,2026-08-28T16:54:26Z,50000,49999,1,,,,,,,,,,,,,,,,,
campaign_d_path,path_n50000_independent-signed_seed6.pcf,dhfma,1,0,77168865,24589,24588,10273171822340633662,20584,23f703aa3bc9,2026-08-28T16:54:26Z,50000,49999,1,,,,,,,,,,,,,,,,,
campaign_d_path,path_n50000_independent-signed_seed6.pcf,dhfma,2,0,75368784,24589,24588,10273171822340633662,20592,23f703aa3bc9,2026-08-28T16:54:26Z,50000,49999,1,,,,,,,,,,,,,,,,,
campaign_d_path,path_n50000_independent-signed_seed7.pcf,dhfma,0,0,80533893,24625,24624,12874245033443496860,19748,23f703aa3bc9,2026-08-28T16:54:26Z,50000,49999,1,,,,,,,,,,,,,,,,,
campaign_d_path,path_n50000_independent-signed_seed7.pcf,dhfma,1,0,78045679,24625,24624,12874245033443496860,20604,23f703aa3bc9,2026-08-28T16:54:26Z,50000,49999,1,,,,,,,,,,,,,,,,,
campaign_d_path,path_n50000_independent-signed_seed7.pcf,dhfma,2,0,79229269,24625,24624,12874245033443496860,20700,23f703aa3bc9,2026-08-28T16:54:27Z,50000,49999,1,,,,,,,,,,,,,,,,,
campaign_d_path,path_n50000_independent-signed_seed8.pcf,dhfma,0,0,81174865,24718,24717,13984703668673704161,20228,23f703aa3bc9,2026-08-28T16:54:27Z,50000,49999,1,,,,,,,,,,,,,,,,,
campaign_d_path,path_n50000_independent-signed_seed8.pcf,dhfma,1,0,78551007,24718,24717,13984703668673704161,20908,23f703aa3bc9,2026-08-28T16:54:27Z,50000,49999,1,,,,,,,,,,,,,,,,,
campaign_d_path,path_n50000_independent-signed_seed8.pcf,dhfma,2,0,80196888,24718,24717,13984703668673704161,20908,23f703aa3bc9,2026-08-28T16:54:27Z,50000,49999,1,,,,,,,,,,,,,,,,,
campaign_d_path,path_n50000_independent-signed_seed9.pcf,dhfma,0,0,82827921,24663,24662,1544021397839549136,19748,23f703aa3bc9,2026-08-28T16:54:27Z,50000,49999,1,,,,,,,,,,,,,,,,,
campaign_d_path,path_n50000_independent-signed_seed9.pcf,dhfma,1,0,80734422,24663,24662,1544021397839549136,21092,23f703aa3bc9,2026-08-28T16:54:27Z,50000,49999,1,,,,,,,,,,,,,,,,,
campaign_d_path,path_n50000_independent-signed_seed9.pcf,dhfma,2,0,80827747,24663,24662,1544021397839549136,21092,23f703aa3bc9,2026-08-28T16:54:27Z,50000,49999,1,,,,,,,,,,,,,,,,,
campaign_d_path,path_n50000_near-ties_seed0.pcf,dhfma,0,0,75290614,1455,1454,16158001566431727228,16332,23f703aa3bc9,2026-08-28T16:54:27Z,50000,49999,1,,,,,,,,,,,,,,,,,
campaign_d_path,path_n50000_near-ties_seed0.pcf,dhfma,1,0,72695166,1455,1454,16158001566431727228,18336,23f703aa3bc9,2026-08-28T16:54:27Z,50000,49999,1,,,,,,,,,,,,,,,,,
campaign_d_path,path_n50000_near-ties_seed0.pcf,dhfma,2,0,76552361,1455,1454,16158001566431727228,18336,23f703aa3bc9,2026-08-28T16:54:27Z,50000,49999,1,,,,,,,,,,,,,,,,,
campaign_d_path,path_n50000_near-ties_seed1.pcf,dhfma,0,0,77897042,1398,1397,17352971232310022161,16320,23f703aa3bc9,2026-08-28T16:54:27Z,50000,49999,1,,,,,,,,,,,,,,,,,
campaign_d_path,path_n50000_near-ties_seed1.pcf,dhfma,1,0,77870365,1398,1397,17352971232310022161,18180,23f703aa3bc9,2026-08-28T16:54:28Z,50000,49999,1,,,,,,,,,,,,,,,,,
campaign_d_path,path_n50000_near-ties_seed1.pcf,dhfma,2,0,77364267,1398,1397,17352971232310022161,18180,23f703aa3bc9,2026-08-28T16:54:28Z,50000,49999,1,,,,,,,,,,,,,,,,,
campaign_d_path,path_n50000_near-ties_seed2.pcf,dhfma,0,0,79651468,1405,1404,387664708249149214,16332,23f703aa3bc9,2026-08-28T16:54:28Z,50000,49999,1,,,,,,,,,,,,,,,,,
campaign_d_path,path_n50000_near-ties_seed2.pcf,dhfma,1,0,78227302,1405,1404,387664708249149214,18336,23f703aa3bc9,2026-08-28T16:54:28Z,50000,49999,1,,,,,,,,,,,,,,,,,
campaign_d_path,path_n50000_near-ties_seed2.pcf,dhfma,2,0,77620749,1405,1404,387664708249149214,18336,23f703aa3bc9,2026-08-28T16:54:28Z,50000,49999,1,,,,,,,,,,,,,,,,,
campaign_d_path,path_n50000_near-ties_seed3.pcf,dhfma,0,0,79572025,1420,1419,14465158255103497480,16332,23f703aa3bc9,2026-08-28T16:54:28Z,50000,49999,1,,,,,,,,,,,,,,,,,
campaign_d_path,path_n50000_near-ties_seed3.pcf,dhfma,1,0,79441586,1420,1419,14465158255103497480,18176,23f703aa3bc9,2026-08-28T16:54:28Z,50000,49999,1,,,,,,,,,,,,,,,,,
campaign_d_path,path_n50000_near-ties_seed3.pcf,dhfma,2,0,77769041,1420,1419,14465158255103497480,18176,23f703aa3bc9,2026-08-28T16:54:28Z,50000,49999,1,,,,,,,,,,,,,,,,,
campaign_d_path,path_n50000_near-ties_seed4.pcf,dhfma,0,0,79108696,1418,1417,14539532619977270114,16332,23f703aa3bc9,2026-08-28T16:54:28Z,50000,49999,1,,,,,,,,,,,,,,,,,
campaign_d_path,path_n50000_near-ties_seed4.pcf,dhfma,1,0,77261000,1418,1417,14539532619977270114,18336,23f703aa3bc9,2026-08-28T16:54:28Z,50000,49999,1,,,,,,,,,,,,,,,,,
campaign_d_path,path_n50000_near-ties_seed4.pcf,dhfma,2,0,78599861,1418,1417,14539532619977270114,18336,23f703aa3bc9,2026-08-28T16:54:28Z,50000,49999,1,,,,,,,,,,,,,,,,,
campaign_d_path,path_n50000_near-ties_seed5.pcf,dhfma,0,0,79839604,1416,1415,4895432696738678396,16340,23f703aa3bc9,2026-08-28T16:54:28Z,50000,49999,1,,,,,,,,,,,,,,,,,
campaign_d_path,path_n50000_near-ties_seed5.pcf,dhfma,1,0,75958013,1416,1415,4895432696738678396,18184,23f703aa3bc9,2026-08-28T16:54:29Z,50000,49999,1,,,,,,,,,,,,,,,,,
campaign_d_path,path_n50000_near-ties_seed5.pcf,dhfma,2,0,73453837,1416,1415,4895432696738678396,18184,23f703aa3bc9,2026-08-28T16:54:29Z,50000,49999,1,,,,,,,,,,,,,,,,,
campaign_d_path,path_n50000_near-ties_seed6.pcf,dhfma,0,0,75747173,1431,1430,989104818686686335,16332,23f703aa3bc9,2026-08-28T16:54:29Z,50000,49999,1,,,,,,,,,,,,,,,,,
campaign_d_path,path_n50000_near-ties_seed6.pcf,dhfma,1,0,75624592,1431,1430,989104818686686335,18336,23f703aa3bc9,2026-08-28T16:54:29Z,50000,49999,1,,,,,,,,,,,,,,,,,
campaign_d_path,path_n50000_near-ties_seed6.pcf,dhfma,2,0,75512762,1431,1430,989104818686686335,18336,23f703aa3bc9,2026-08-28T16:54:29Z,50000,49999,1,,,,,,,,,,,,,,,,,
campaign_d_path,path_n50000_near-ties_seed7.pcf,dhfma,0,0,77468756,1439,1438,6416919026647593664,16332,23f703aa3bc9,2026-08-28T16:54:29Z,50000,49999,1,,,,,,,,,,,,,,,,,
campaign_d_path,path_n50000_near-ties_seed7.pcf,dhfma,1,0,78106101,1439,1438,6416919026647593664,18016,23f703aa3bc9,2026-08-28T16:54:29Z,50000,49999,1,,,,,,,,,,,,,,,,,
campaign_d_path,path_n50000_near-ties_seed7.pcf,dhfma,2,0,77836672,1439,1438,6416919026647593664,18076,23f703aa3bc9,2026-08-28T16:54:29Z,50000,49999,1,,,,,,,,,,,,,,,,,
campaign_d_path,path_n50000_near-ties_seed8.pcf,dhfma,0,0,79747319,1408,1407,9384994380331318869,16336,23f703aa3bc9,2026-08-28T16:54:29Z,50000,49999,1,,,,,,,,,,,,,,,,,
campaign_d_path,path_n50000_near-ties_seed8.pcf,dhfma,1,0,79092424,1408,1407,9384994380331318869,18176,23f703aa3bc9,2026-08-28T16:54:29Z,50000,49999,1,,,,,,,,,,,,,,,,,
campaign_d_path,path_n50000_near-ties_seed8.pcf,dhfma,2,0,79439793,1408,1407,9384994380331318869,18176,23f703aa3bc9,2026-08-28T16:54:29Z,50000,49999,1,,,,,,,,,,,,,,,,,
campaign_d_path,path_n50000_near-ties_seed9.pcf,dhfma,0,0,80508453,1415,1414,17322554560587196293,16332,23f703aa3bc9,2026-08-28T16:54:30Z,50000,49999,1,,,,,,,,,,,,,,,,,
campaign_d_path,path_n50000_near-ties_seed9.pcf,dhfma,1,0,80452235,1415,1414,17322554560587196293,18176,23f703aa3bc9,2026-08-28T16:54:30Z,50000,49999,1,,,,,,,,,,,,,,,,,
campaign_d_path,path_n50000_near-ties_seed9.pcf,dhfma,2,0,80869399,1415,1414,17322554560587196293,18240,23f703aa3bc9,2026-08-28T16:54:30Z,50000,49999,1,,,,,,,,,,,,,,,,,
campaign_d_path,path_n5000_anti-correlated_seed0.pcf,dhfma,0,0,7237832,2516,2515,3475988170070464497,16320,23f703aa3bc9,2026-08-28T16:54:30Z,5000,4999,1,,,,,,,,,,,,,,,,,
campaign_d_path,path_n5000_anti-correlated_seed0.pcf,dhfma,1,0,6858237,2516,2515,3475988170070464497,16320,23f703aa3bc9,2026-08-28T16:54:30Z,5000,4999,1,,,,,,,,,,,,,,,,,
campaign_d_path,path_n5000_anti-correlated_seed0.pcf,dhfma,2,0,6714044,2516,2515,3475988170070464497,16320,23f703aa3bc9,2026-08-28T16:54:30Z,5000,4999,1,,,,,,,,,,,,,,,,,
campaign_d_path,path_n5000_anti-correlated_seed1.pcf,dhfma,0,0,7072057,2451,2450,1616085511240883730,16320,23f703aa3bc9,2026-08-28T16:54:30Z,5000,4999,1,,,,,,,,,,,,,,,,,
campaign_d_path,path_n5000_anti-correlated_seed1.pcf,dhfma,1,0,6808278,2451,2450,1616085511240883730,16320,23f703aa3bc9,2026-08-28T16:54:30Z,5000,4999,1,,,,,,,,,,,,,,,,,
campaign_d_path,path_n5000_anti-correlated_seed1.pcf,dhfma,2,0,6855081,2451,2450,1616085511240883730,16320,23f703aa3bc9,2026-08-28T16:54:30Z,5000,4999,1,,,,,,,,,,,,,,,,,
campaign_d_path,path_n5000_anti-correlated_seed2.pcf,dhfma,0,0,7117261,2460,2459,458178433896548889,16320,23f703aa3bc9,2026-08-28T16:54:30Z,5000,4999,1,,,,,,,,,,,,,,,,,
campaign_d_path,path_n5000_anti-correlated_seed2.pcf,dhfma,1,0,6859225,2460,2459,458178433896548889,16320,23f703aa3bc9,2026-08-28T16:54:30Z,5000,4999,1,,,,,,,,,,,,,,,,,
campaign_d_path,path_n5000_anti-correlated_seed2.pcf,dhfma,2,0,6867835,2460,2459,458178433896548889,16320,23f703aa3bc9,2026-08-28T16:54:30Z,5000,4999,1,,,,,,,,,,,,,,,,,
campaign_d_path,path_n5000_anti-correlated_seed3.pcf,dhfma,0,0,7022331,2533,2532,2667999904402588523,16320,23f703aa3bc9,2026-08-28T16:54:30Z,5000,4999,1,,,,,,,,,,,,,,,,,
campaign_d_path,path_n5000_anti-correlated_seed3.pcf,dhfma,1,0,6791705,2533,2532,2667999904402588523,16320,23f703aa3bc9,2026-08-28T16:54:30Z,5000,4999,1,,,,,,,,,,,,,,,,,
campaign_d_path,path_n5000_anti-correlated_seed3.pcf,dhfma,2,0,6774382,2533,2532,2667999904402588523,16320,23f703aa3bc9,2026-08-28T16:54:30Z,5000,4999,1,,,,,,,,,,,,,,,,,
campaign_d_path,path_n5000_anti-correlated_seed4.pcf,dhfma,0,0,7137976,2487,2486,8910173302215102175,16480,23f703aa3bc9,2026-08-28T16:54:30Z,5000,4999,1,,,,,,,,,,,,,,,,,
campaign_d_path,path_n5000_anti-correlated_seed4.pcf,dhfma,1,0,6767447,2487,2486,8910173302215102175,16480,23f703aa3bc9,2026-08-28T16:54:30Z,5000,4999,1,,,,,,,,,,,,,,,,,
campaign_d_path,path_n5000_anti-correlated_seed4.pcf,dhfma,2,0,6773849,2487,2486,8910173302215102175,16480,23f703aa3bc9,2026-08-28T16:54:30Z,5000,4999,1,,,,,,,,,,,,,,,,,
campaign_d_path,path_n5000_anti-correlated_seed5.pcf,dhfma,0,0,7034778,2433,2432,5125556011794758847,16480,23f703aa3bc9,2026-08-28T16:54:30Z,5000,4999,1,,,,,,,,,,,,,,,,,
campaign_d_path,path_n5000_anti-correlated_seed5.pcf,dhfma,1,0,6781546,2433,2432,5125556011794758847,16480,23f703aa3bc9,2026-08-28T16:54:30Z,5000,4999,1,,,,,,,,,,,,,,,,,
campaign_d_path,path_n5000_anti-correlated_seed5.pcf,dhfma,2,0,6775195,2433,2432,5125556011794758847,16480,23f703aa3bc9,2026-08-28T16:54:30Z,5000,4999,1,,,,,,,,,,,,,,,,,
campaign_d_path,path_n5000_anti-correlated_seed6.pcf,dhfma,0,0,7127057,2436,2435,7996229734406043202,16480,23f703aa3bc9,2026-08-28T16:54:30Z,5000,4999,1,,,,,,,,,,,,,,,,,
campaign_d_path,path_n5000_anti-correlated_seed6.pcf,dhfma,1,0,6798808,2436,2435,7996229734406043202,16480,23f703aa3bc9,2026-08-28T16:54:30Z,5000,4999,1,,,,,,,,,,,,,,,,,
campaign_d_path,path_n5000_anti-correlated_seed6.pcf,dhfma,2,0,6875432,2436,2435,7996229734406043202,16480,23f703aa3bc9,2026-08-28T16:54:30Z,5000,4999,1,,,,,,,,,,,,,,,,,
campaign_d_path,path_n5000_anti-correlated_seed7.pcf,dhfma,0,0,7356582,2423,2422,15087158786972940694,16480,23f703aa3bc9,2026-08-28T16:54:30Z,5000,4999,1,,,,,,,,,,,,,,,,,
campaign_d_path,path_n5000_anti-correlated_seed7.pcf,dhfma,1,0,7053398,2423,2422,15087158786972940694,16480,23f703aa3bc9,2026-08-28T16:54:30Z,5000,4999,1,,,,,,,,,,,,,,,,,
campaign_d_path,path_n5000_anti-correlated_seed7.pcf,dhfma,2,0,6895831,2423,2422,15087158786972940694,16480,23f703aa3bc9,2026-08-28T16:54:30Z,5000,4999,1,,,,,,,,,,,,,,,,,
campaign_d_path,path_n5000_anti-correlated_seed8.pcf,dhfma,0,0,6963594,2475,2474,5094541120808301376,16480,23f703aa3bc9,2026-08-28T16:54:30Z,5000,4999,1,,,,,,,,,,,,,,,,,
campaign_d_path,path_n5000_anti-correlated_seed8.pcf,dhfma,1,0,6672935,2475,2474,5094541120808301376,16480,23f703aa3bc9,2026-08-28T16:54:30Z,5000,4999,1,,,,,,,,,,,,,,,,,
campaign_d_path,path_n5000_anti-correlated_seed8.pcf,dhfma,2,0,6796952,2475,2474,5094541120808301376,16480,23f703aa3bc9,2026-08-28T16:54:30Z,5000,4999,1,,,,,,,,,,,,,,,,,
campaign_d_path,path_n5000_anti-correlated_seed9.pcf,dhfma,0,0,7173512,2507,2506,16120709937405308657,16480,23f703aa3bc9,2026-08-28T16:54:30Z,5000,4999,1,,,,,,,,,,,,,,,,,
campaign_d_path,path_n5000_anti-correlated_seed9.pcf,dhfma,1,0,6758696,2507,2506,16120709937405308657,16480,23f703aa3bc9,2026-08-28T16:54:30Z,5000,4999,1,,,,,,,,,,,,,,,,,
campaign_d_path,path_n5000_anti-correlated_seed9.pcf,dhfma,2,0,6793092,2507,2506,16120709937405308657,16480,23f703aa3bc9,2026-08-28T16:54:30Z,5000,4999,1,,,,,,,,,,,,,,,,,
campaign_d_path,path_n5000_correlated_seed0.pcf,dhfma,0,0,6977840,2391,2390,11797005154932576169,16480,23f703aa3bc9,2026-08-28T16:54:30Z,5000,4999,1,,,,,,,,,,,,,,,,,
campaign_d_path,path_n5000_correlated_seed0.pcf,dhfma,1,0,6698887,2391,2390,11797005154932576169,16480,23f703aa3bc9,2026-08-28T16:54:30Z,5000,4999,1,,,,,,,,,,,,,,,,,
campaign_d_path,path_n5000_correlated_seed0.pcf,dhfma,2,0,6677791,2391,2390,11797005154932576169,16480,23f703aa3bc9,2026-08-28T16:54:30Z,5000,4999,1,,,,,,,,,,,,,,,,,
campaign_d_path,path_n5000_correlated_seed1.pcf,dhfma,0,0,7063982,2414,2413,8942456907057585186,16480,23f703aa3bc9,2026-08-28T16:54:30Z,5000,4999,1,,,,,,,,,,,,,,,,,
campaign_d_path,path_n5000_correlated_seed1.pcf,dhfma,1,0,6709964,2414,2413,8942456907057585186,16480,23f703aa3bc9,2026-08-28T16:54:30Z,5000,4999,1,,,,,,,,,,,,,,,,,
campaign_d_path,path_n5000_correlated_seed1.pcf,dhfma,2,0,6910869,2414,2413,8942456907057585186,16480,23f703aa3bc9,2026-08-28T16:54:30Z,5000,4999,1,,,,,,,,,,,,,,,,,
campaign_d_path,path_n5000_correlated_seed2.pcf,dhfma,0,0,7097213,2360,2359,1766848353977032322,16480,23f703aa3bc9,2026-08-28T16:54:30Z,5000,4999,1,,,,,,,,,,,,,,,,,
campaign_d_path,path_n5000_correlated_seed2.pcf,dhfma,1,0,6928762,2360,2359,1766848353977032322,16480,23f703aa3bc9,2026-08-28T16:54:30Z,5000,4999,1,,,,,,,,,,,,,,,,,
campaign_d_path,path_n5000_correlated_seed2.pcf,dhfma,2,0,6926209,2360,2359,1766848353977032322,16480,23f703aa3bc9,2026-08-28T16:54:30Z,5000,4999,1,,,,,,,,,,,,,,,,,
campaign_d_path,path_n5000_correlated_seed3.pcf,dhfma,0,0,7271165,2454,2453,17502453964744385871,16480,23f703aa3bc9,2026-08-28T16:54:30Z,5000,4999,1,,,,,,,,,,,,,,,,,
campaign_d_path,path_n5000_correlated_seed3.pcf,dhfma,1,0,6934329,2454,2453,17502453964744385871,16480,23f703aa3bc9,2026-08-28T16:54:30Z,5000,4999,1,,,,,,,,,,,,,,,,,
campaign_d_path,path_n5000_correlated_seed3.pcf,dhfma,2,0,6882618,2454,2453,17502453964744385871,16480,23f703aa3bc9,2026-08-28T16:54:30Z,5000,4999,1,,,,,,,,,,,,,,,,,
campaign_d_path,path_n5000_correlated_seed4.pcf,dhfma,0,0,6936765,2437,2436,8942193463856012186,16480,23f703aa3bc9,2026-08-28T16:54:30Z,5000,4999,1,,,,,,,,,,,,,,,,,
campaign_d_path,path_n5000_correlated_seed4.pcf,dhfma,1,0,6622685,2437,2436,8942193463856012186,16480,23f703aa3bc9,2026-08-28T16:54:30Z,5000,4999,1,,,,,,,,,,,,,,,,,
campaign_d_path,path_n5000_correlated_seed4.pcf,dhfma,2,0,6658524,2437,2436,8942193463856012186,16480,23f703aa3bc9,2026-08-28T16:54:30Z,5000,4999,1,,,,,,,,,,,,,,,,,
campaign_d_path,path_n5000_correlated_seed5.pcf,dhfma,0,0,7005942,2388,2387,18008540763055741707,16480,23f703aa3bc9,2026-08-28T16:54:30Z,5000,4999,1,,,,,,,,,,,,,,,,,
campaign_d_path,path_n5000_correlated_seed5.pcf,dhfma,1,0,6796497,2388,2387,18008540763055741707,16480,23f703aa3bc9,2026-08-28T16:54:30Z,5000,4999,1,,,,,,,,,,,,,,,,,
campaign_d_path,path_n5000_correlated_seed5.pcf,dhfma,2,0,6786806,2388,2387,18008540763055741707,16480,23f703aa3bc9,2026-08-28T16:54:30Z,5000,4999,1,,,,,,,,,,,,,,,,,
campaign_d_path,path_n5000_correlated_seed6.pcf,dhfma,0,0,7004141,2420,2419,7167725292434501792,16480,23f703aa3bc9,2026-08-28T16:54:30Z,5000,4999,1,,,,,,,,,,,,,,,,,
campaign_d_path,path_n5000_correlated_seed6.pcf,dhfma,1,0,6661824,2420,2419,7167725292434501792,16480,23f703aa3bc9,2026-08-28T16:54:30Z,5000,4999,1,,,,,,,,,,,,,,,,,
campaign_d_path,path_n5000_correlated_seed6.pcf,dhfma,2,0,6813076,2420,2419,7167725292434501792,16480,23f703aa3bc9,2026-08-28T16:54:30Z,5000,4999,1,,,,,,,,,,,,,,,,,
campaign_d_path,path_n5000_correlated_seed7.pcf,dhfma,0,0,7134641,2347,2346,5542413980865301188,16480,23f703aa3bc9,2026-08-28T16:54:30Z,5000,4999,1,,,,,,,,,,,,,,,,,
campaign_d_path,path_n5000_correlated_seed7.pcf,dhfma,1,0,6835086,2347,2346,5542413980865301188,16480,23f703aa3bc9,2026-08-28T16:54:30Z,5000,4999,1,,,,,,,,,,,,,,,,,
campaign_d_path,path_n5000_correlated_seed7.pcf,dhfma,2,0,6789436,2347,2346,5542413980865301188,16480,23f703aa3bc9,2026-08-28T16:54:30Z,5000,4999,1,,,,,,,,,,,,,,,,,
campaign_d_path,path_n5000_correlated_seed8.pcf,dhfma,0,0,6981549,2474,2473,9419398379885370129,16480,23f703aa3bc9,2026-08-28T16:54:30Z,5000,4999,1,,,,,,,,,,,,,,,,,
campaign_d_path,path_n5000_correlated_seed8.pcf,dhfma,1,0,6701503,2474,2473,9419398379885370129,16480,23f703aa3bc9,2026-08-28T16:54:30Z,5000,4999,1,,,,,,,,,,,,,,,,,
campaign_d_path,path_n5000_correlated_seed8.pcf,dhfma,2,0,6853915,2474,2473,9419398379885370129,16480,23f703aa3bc9,2026-08-28T16:54:30Z,5000,4999,1,,,,,,,,,,,,,,,,,
campaign_d_path,path_n5000_correlated_seed9.pcf,dhfma,0,0,7140278,2492,2491,2240247465867153848,16480,23f703aa3bc9,2026-08-28T16:54:30Z,5000,4999,1,,,,,,,,,,,,,,,,,
campaign_d_path,path_n5000_correlated_seed9.pcf,dhfma,1,0,6647946,2492,2491,2240247465867153848,16480,23f703aa3bc9,2026-08-28T16:54:30Z,5000,4999,1,,,,,,,,,,,,,,,,,
campaign_d_path,path_n5000_correlated_seed9.pcf,dhfma,2,0,6681094,2492,2491,2240247465867153848,16480,23f703aa3bc9,2026-08-28T16:54:30Z,5000,4999,1,,,,,,,,,,,,,,,,,
campaign_d_path,path_n5000_exact-ties_seed0.pcf,dhfma,0,0,6672522,1328,1327,16246034000437489087,16480,23f703aa3bc9,2026-08-28T16:54:30Z,5000,4999,1,,,,,,,,,,,,,,,,,
campaign_d_path,path_n5000_exact-ties_seed0.pcf,dhfma,1,0,6521829,1328,1327,16246034000437489087,16480,23f703aa3bc9,2026-08-28T16:54:30Z,5000,4999,1,,,,,,,,,,,,,,,,,
campaign_d_path,path_n5000_exact-ties_seed0.pcf,dhfma,2,0,6428470,1328,1327,16246034000437489087,16480,23f703aa3bc9,2026-08-28T16:54:30Z,5000,4999,1,,,,,,,,,,,,,,,,,
campaign_d_path,path_n5000_exact-ties_seed1.pcf,dhfma,0,0,6655560,1340,1339,17880451657590290331,16480,23f703aa3bc9,2026-08-28T16:54:30Z,5000,4999,1,,,,,,,,,,,,,,,,,
campaign_d_path,path_n5000_exact-ties_seed1.pcf,dhfma,1,0,6527580,1340,1339,17880451657590290331,16480,23f703aa3bc9,2026-08-28T16:54:30Z,5000,4999,1,,,,,,,,,,,,,,,,,
campaign_d_path,path_n5000_exact-ties_seed1.pcf,dhfma,2,0,6507884,1340,1339,17880451657590290331,16480,23f703aa3bc9,2026-08-28T16:54:30Z,5000,4999,1,,,,,,,,,,,,,,,,,
campaign_d_path,path_n5000_exact-ties_seed2.pcf,dhfma,0,0,6722723,1361,1360,15108270821995165631,16480,23f703aa3bc9,2026-08-28T16:54:30Z,5000,4999,1,,,,,,,,,,,,,,,,,
campaign_d_path,path_n5000_exact-ties_seed2.pcf,dhfma,1,0,6547271,1361,1360,15108270821995165631,16480,23f703aa3bc9,2026-08-28T16:54:30Z,5000,4999,1,,,,,,,,,,,,,,,,,
campaign_d_path,path_n5000_exact-ties_seed2.pcf,dhfma,2,0,6482400,1361,1360,15108270821995165631,16480,23f703aa3bc9,2026-08-28T16:54:30Z,5000,4999,1,,,,,,,,,,,,,,,,,
campaign_d_path,path_n5000_exact-ties_seed3.pcf,dhfma,0,0,6694686,1351,1350,16699233649445518148,16480,23f703aa3bc9,2026-08-28T16:54:30Z,5000,4999,1,,,,,,,,,,,,,,,,,
campaign_d_path,path_n5000_exact-ties_seed3.pcf,dhfma,1,0,6479105,1351,1350,16699233649445518148,16480,23f703aa3bc9,2026-08-28T16:54:30Z,5000,4999,1,,,,,,,,,,,,,,,,,
campaign_d_path,path_n5000_exact-ties_seed3.pcf,dhfma,2,0,6465462,1351,1350,16699233649445518148,16480,23f703aa3bc9,2026-08-28T16:54:30Z,5000,4999,1,,,,,,,,,,,,,,,,,
campaign_d_path,path_n5000_exact-ties_seed4.pcf,dhfma,0,0,6714579,1348,1347,1079878673278243272,16640,23f703aa3bc9,2026-08-28T16:54:30Z,5000,4999,1,,,,,,,,,,,,,,,,,
campaign_d_path,path_n5000_exact-ties_seed4.pcf,dhfma,1,0,6574587,1348,1347,1079878673278243272,16640,23f703aa3bc9,2026-08-28T16:54:30Z,5000,4999,1,,,,,,,,,,,,,,,,,
campaign_d_path,path_n5000_exact-ties_seed4.pcf,dhfma,2,0,6514125,1348,1347,1079878673278243272,16640,23f703aa3bc9,2026-08-28T16:54:30Z,5000,4999,1,,,,,,,,,,,,,,,,,
campaign_d_path,path_n5000_exact-ties_seed5.pcf,dhfma,0,0,6864832,1384,1383,2938155588927792590,16640,23f703aa3bc9,2026-08-28T16:54:30Z,5000,4999,1,,,,,,,,,,,,,,,,,
campaign_d_path,path_n5000_exact-ties_seed5.pcf,dhfma,1,0,6792275,1384,1383,2938155588927792590,16640,23f703aa3bc9,2026-08-28T16:54:30Z,5000,4999,1,,,,,,,,,,,,,,,,,
campaign_d_path,path_n5000_exact-ties_seed5.pcf,dhfma,2,0,6810066,1384,1383,2938155588927792590,16640,23f703aa3bc9,2026-08-28T16:54:30Z,5000,4999,1,,,,,,,,,,,,,,,,,
campaign_d_path,path_n5000_exact-ties_seed6.pcf,dhfma,0,0,6746368,1313,1312,17458605058813701725,16640,23f703aa3bc9,2026-08-28T16:54:30Z,5000,4999,1,,,,,,,,,,,,,,,,,
campaign_d_path,path_n5000_exact-ties_seed6.pcf,dhfma,1,0,6550010,1313,1312,17458605058813701725,16640,23f703aa3bc9,2026-08-28T16:54:30Z,5000,4999,1,,,,,,,,,,,,,,,,,
campaign_d_path,path_n5000_exact-ties_seed6.pcf,dhfma,2,0,6515191,1313,1312,17458605058813701725,16640,23f703aa3bc9,2026-08-28T16:54:30Z,5000,4999,1,,,,,,,,,,,,,,,,,
campaign_d_path,path_n5000_exact-ties_seed7.pcf,dhfma,0,0,6771155,1384,1383,10540047431592048593,16640,23f703aa3bc9,2026-08-28T16:54:30Z,5000,4999,1,,,,,,,,,,,,,,,,,
campaign_d_path,path_n5000_exact-ties_seed7.pcf,dhfma,1,0,6583900,1384,1383,10540047431592048593,16640,23f703aa3bc9,2026-08-28T16:54:30Z,5000,4999,1,,,,,,,,,,,,,,,,,
campaign_d_path,path_n5000_exact-ties_seed7.pcf,dhfma,2,0,6537355,1384,1383,10540047431592048593,16640,23f703aa3bc9,2026-08-28T16:54:30Z,5000,4999,1,,,,,,,,,,,,,,,,,
campaign_d_path,path_n5000_exact-ties_seed8.pcf,dhfma,0,0,6838669,1321,1320,13577917157571490363,16640,23f703aa3bc9,2026-08-28T16:54:30Z,5000,4999,1,,,,,,,,,,,,,,,,,
campaign_d_path,path_n5000_exact-ties_seed8.pcf,dhfma,1,0,6533721,1321,1320,13577917157571490363,16640,23f703aa3bc9,2026-08-28T16:54:30Z,5000,4999,1,,,,,,,,,,,,,,,,,
campaign_d_path,path_n5000_exact-ties_seed8.pcf,dhfma,2,0,6493392,1321,1320,13577917157571490363,16640,23f703aa3bc9,2026-08-28T16:54:30Z,5000,4999,1,,,,,,,,,,,,,,,,,
campaign_d_path,path_n5000_exact-ties_seed9.pcf,dhfma,0,0,6786712,1319,1318,13257010348593817771,16640,23f703aa3bc9,2026-08-28T16:54:30Z,5000,4999,1,,,,,,,,,,,,,,,,,
campaign_d_path,path_n5000_exact-ties_seed9.pcf,dhfma,1,0,6550875,1319,1318,13257010348593817771,16640,23f703aa3bc9,2026-08-28T16:54:30Z,5000,4999,1,,,,,,,,,,,,,,,,,
campaign_d_path,path_n5000_exact-ties_seed9.pcf,dhfma,2,0,6550310,1319,1318,13257010348593817771,16640,23f703aa3bc9,2026-08-28T16:54:30Z,5000,4999,1,,,,,,,,,,,,,,,,,
campaign_d_path,path_n5000_independent-positive_seed0.pcf,dhfma,0,0,7133407,2462,2461,5711077319112128239,16640,23f703aa3bc9,2026-08-28T16:54:30Z,5000,4999,1,,,,,,,,,,,,,,,,,
campaign_d_path,path_n5000_independent-positive_seed0.pcf,dhfma,1,0,6763187,2462,2461,5711077319112128239,16640,23f703aa3bc9,2026-08-28T16:54:30Z,5000,4999,1,,,,,,,,,,,,,,,,,
campaign_d_path,path_n5000_independent-positive_seed0.pcf,dhfma,2,0,6763397,2462,2461,5711077319112128239,16640,23f703aa3bc9,2026-08-28T16:54:31Z,5000,4999,1,,,,,,,,,,,,,,,,,
campaign_d_path,path_n5000_independent-positive_seed1.pcf,dhfma,0,0,6979033,2488,2487,3154946951368309533,16640,23f703aa3bc9,2026-08-28T16:54:31Z,5000,4999,1,,,,,,,,,,,,,,,,,
campaign_d_path,path_n5000_independent-positive_seed1.pcf,dhfma,1,0,6724945,2488,2487,3154946951368309533,16640,23f703aa3bc9,2026-08-28T16:54:31Z,5000,4999,1,,,,,,,,,,,,,,,,,
campaign_d_path,path_n5000_independent-positive_seed1.pcf,dhfma,2,0,6703074,2488,2487,3154946951368309533,16640,23f703aa3bc9,2026-08-28T16:54:31Z,5000,4999,1,,,,,,,,,,,,,,,,,
campaign_d_path,path_n5000_independent-positive_seed2.pcf,dhfma,0,0,7042265,2460,2459,13050864091650307572,16640,23f703aa3bc9,2026-08-28T16:54:31Z,5000,4999,1,,,,,,,,,,,,,,,,,
campaign_d_path,path_n5000_independent-positive_seed2.pcf,dhfma,1,0,6781702,2460,2459,13050864091650307572,16640,23f703aa3bc9,2026-08-28T16:54:31Z,5000,4999,1,,,,,,,,,,,,,,,,,
campaign_d_path,path_n5000_independent-positive_seed2.pcf,dhfma,2,0,6721541,2460,2459,13050864091650307572,16640,23f703aa3bc9,2026-08-28T16:54:31Z,5000,4999,1,,,,,,,,,,,,,,,,,
campaign_d_path,path_n5000_independent-positive_seed3.pcf,dhfma,0,0,6972190,2524,2523,5973418225985402365,16640,23f703aa3bc9,2026-08-28T16:54:31Z,5000,4999,1,,,,,,,,,,,,,,,,,
campaign_d_path,path_n5000_independent-positive_seed3.pcf,dhfma,1,0,6791351,2524,2523,5973418225985402365,16640,23f703aa3bc9,2026-08-28T16:54:31Z,5000,4999,1,,,,,,,,,,,,,,,,,
campaign_d_path,path_n5000_independent-positive_seed3.pcf,dhfma,2,0,6813287,2524,2523,5973418225985402365,16640,23f703aa3bc9,2026-08-28T16:54:31Z,5000,4999,1,,,,,,,,,,,,,,,,,
campaign_d_path,path_n5000_independent-positive_seed4.pcf,dhfma,0,0,7121784,2518,2517,5540795174746198477,16640,23f703aa3bc9,2026-08-28T16:54:31Z,5000,4999,1,,,,,,,,,,,,,,,,,
campaign_d_path,path_n5000_independent-positive_seed4.pcf,dhfma,1,0,6822066,2518,2517,5540795174746198477,16640,23f703aa3bc9,2026-08-28T16:54:31Z,5000,4999,1,,,,,,,,,,,,,,,,,
campaign_d_path,path_n5000_independent-positive_seed4.pcf,dhfma,2,0,6720602,2518,2517,5540795174746198477,16640,23f703aa3bc9,2026-08-28T16:54:31Z,5000,4999,1,,,,,,,,,,,,,,,,,
campaign_d_path,path_n5000_independent-positive_seed5.pcf,dhfma,0,0,7099230,2446,2445,6830587510467785968,16640,23f703aa3bc9,2026-08-28T16:54:31Z,5000,4999,1,,,,,,,,,,,,,,,,,
campaign_d_path,path_n5000_independent-positive_seed5.pcf,dhfma,1,0,6808121,2446,2445,6830587510467785968,16640,23f703aa3bc9,2026-08-28T16:54:31Z,5000,4999,1,,,,,,,,,,,,,,,,,
campaign_d_path,path_n5000_independent-positive_seed5.pcf,dhfma,2,0,6740202,2446,2445,6830587510467785968,16640,23f703aa3bc9,2026-08-28T16:54:31Z,5000,4999,1,,,,,,,,,,,,,,,,,
campaign_d_path,path_n5000_independent-positive_seed6.pcf,dhfma,0,0,7182551,2480,2479,10779851366547849732,16640,23f703aa3bc9,2026-08-28T16:54:31Z,5000,4999,1,,,,,,,,,,,,,,,,,
campaign_d_path,path_n5000_independent-positive_seed6.pcf,dhfma,1,0,6706306,2480,2479,10779851366547849732,16640,23f703aa3bc9,2026-08-28T16:54:31Z,5000,4999,1,,,,,,,,,,,,,,,,,
campaign_d_path,path_n5000_independent-positive_seed6.pcf,dhfma,2,0,6700135,2480,2479,10779851366547849732,16640,23f703aa3bc9,2026-08-28T16:54:31Z,5000,4999,1,,,,,,,,,,,,,,,,,
campaign_d_path,path_n5000_independent-positive_seed7.pcf,dhfma,0,0,7045986,2488,2487,17508793521879373449,16640,23f703aa3bc9,2026-08-28T16:54:31Z,5000,4999,1,,,,,,,,,,,,,,,,,
campaign_d_path,path_n5000_independent-positive_seed7.pcf,dhfma,1,0,6726346,2488,2487,17508793521879373449,16640,23f703aa3bc9,2026-08-28T16:54:31Z,5000,4999,1,,,,,,,,,,,,,,,,,
campaign_d_path,path_n5000_independent-positive_seed7.pcf,dhfma,2,0,6809426,2488,2487,17508793521879373449,16640,23f703aa3bc9,2026-08-28T16:54:31Z,5000,4999,1,,,,,,,,,,,,,,,,,
campaign_d_path,path_n5000_independent-positive_seed8.pcf,dhfma,0,0,7030594,2515,2514,2457247616679939632,16640,23f703aa3bc9,2026-08-28T16:54:31Z,5000,4999,1,,,,,,,,,,,,,,,,,
campaign_d_path,path_n5000_independent-positive_seed8.pcf,dhfma,1,0,6699850,2515,2514,2457247616679939632,16640,23f703aa3bc9,2026-08-28T16:54:31Z,5000,4999,1,,,,,,,,,,,,,,,,,
campaign_d_path,path_n5000_independent-positive_seed8.pcf,dhfma,2,0,6719146,2515,2514,2457247616679939632,16640,23f703aa3bc9,2026-08-28T16:54:31Z,5000,4999,1,,,,,,,,,,,,,,,,,
campaign_d_path,path_n5000_independent-positive_seed9.pcf,dhfma,0,0,6967888,2517,2516,14755049025258991270,16640,23f703aa3bc9,2026-08-28T16:54:31Z,5000,4999,1,,,,,,,,,,,,,,,,,
campaign_d_path,path_n5000_independent-positive_seed9.pcf,dhfma,1,0,6699183,2517,2516,14755049025258991270,16640,23f703aa3bc9,2026-08-28T16:54:31Z,5000,4999,1,,,,,,,,,,,,,,,,,
campaign_d_path,path_n5000_independent-positive_seed9.pcf,dhfma,2,0,6686723,2517,2516,14755049025258991270,16640,23f703aa3bc9,2026-08-28T16:54:31Z,5000,4999,1,,,,,,,,,,,,,,,,,
campaign_d_path,path_n5000_independent-signed_seed0.pcf,dhfma,0,0,7056383,2538,2537,8345510353415656901,16640,23f703aa3bc9,2026-08-28T16:54:31Z,5000,4999,1,,,,,,,,,,,,,,,,,
campaign_d_path,path_n5000_independent-signed_seed0.pcf,dhfma,1,0,6690145,2538,2537,8345510353415656901,16640,23f703aa3bc9,2026-08-28T16:54:31Z,5000,4999,1,,,,,,,,,,,,,,,,,
campaign_d_path,path_n5000_independent-signed_seed0.pcf,dhfma,2,0,6690008,2538,2537,8345510353415656901,16640,23f703aa3bc9,2026-08-28T16:54:31Z,5000,4999,1,,,,,,,,,,,,,,,,,
campaign_d_path,path_n5000_independent-signed_seed1.pcf,dhfma,0,0,6918710,2528,2527,6679680400912935141,16640,23f703aa3bc9,2026-08-28T16:54:31Z,5000,4999,1,,,,,,,,,,,,,,,,,
campaign_d_path,path_n5000_independent-signed_seed1.pcf,dhfma,1,0,6677069,2528,2527,6679680400912935141,16640,23f703aa3bc9,2026-08-28T16:54:31Z,5000,4999,1,,,,,,,,,,,,,,,,,
campaign_d_path,path_n5000_independent-signed_seed1.pcf,dhfma,2,0,6746687,2528,2527,6679680400912935141,16640,23f703aa3bc9,2026-08-28T16:54:31Z,5000,4999,1,,,,,,,,,,,,,,,,,
campaign_d_path,path_n5000_independent-signed_seed2.pcf,dhfma,0,0,7064194,2458,2457,13923826845200594290,16640,23f703aa3bc9,2026-08-28T16:54:31Z,5000,4999,1,,,,,,,,,,,,,,,,,
campaign_d_path,path_n5000_independent-signed_seed2.pcf,dhfma,1,0,6643357,2458,2457,13923826845200594290,16640,23f703aa3bc9,2026-08-28T16:54:31Z,5000,4999,1,,,,,,,,,,,,,,,,,
campaign_d_path,path_n5000_independent-signed_seed2.pcf,dhfma,2,0,6737344,2458,2457,13923826845200594290,16640,23f703aa3bc9,2026-08-28T16:54:31Z,5000,4999,1,,,,,,,,,,,,,,,,,
campaign_d_path,path_n5000_independent-signed_seed3.pcf,dhfma,0,0,7276713,2501,2500,5132649442253955608,16800,23f703aa3bc9,2026-08-28T16:54:31Z,5000,4999,1,,,,,,,,,,,,,,,,,
campaign_d_path,path_n5000_independent-signed_seed3.pcf,dhfma,1,0,6753607,2501,2500,5132649442253955608,16800,23f703aa3bc9,2026-08-28T16:54:31Z,5000,4999,1,,,,,,,,,,,,,,,,,
campaign_d_path,path_n5000_independent-signed_seed3.pcf,dhfma,2,0,6675255,2501,2500,5132649442253955608,16800,23f703aa3bc9,2026-08-28T16:54:31Z,5000,4999,1,,,,,,,,,,,,,,,,,
campaign_d_path,path_n5000_independent-signed_seed4.pcf,dhfma,0,0,7032125,2515,2514,8989622255133881240,16800,23f703aa3bc9,2026-08-28T16:54:31Z,5000,4999,1,,,,,,,,,,,,,,,,,
campaign_d_path,path_n5000_independent-signed_seed4.pcf,dhfma,1,0,6670037,2515,2514,8989622255133881240,16800,23f703aa3bc9,2026-08-28T16:54:31Z,5000,4999,1,,,,,,,,,,,,,,,,,
campaign_d_path,path_n5000_independent-signed_seed4.pcf,dhfma,2,0,6699672,2515,2514,8989622255133881240,16800,23f703aa3bc9,2026-08-28T16:54:31Z,5000,4999,1,,,,,,,,,,,,,,,,,
campaign_d_path,path_n5000_independent-signed_seed5.pcf,dhfma,0,0,7073447,2526,2525,15224228185836636665,16800,23f703aa3bc9,2026-08-28T16:54:31Z,5000,4999,1,,,,,,,,,,,,,,,,,
campaign_d_path,path_n5000_independent-signed_seed5.pcf,dhfma,1,0,6691738,2526,2525,15224228185836636665,16800,23f703aa3bc9,2026-08-28T16:54:31Z,5000,4999,1,,,,,,,,,,,,,,,,,
campaign_d_path,path_n5000_independent-signed_seed5.pcf,dhfma,2,0,6597544,2526,2525,15224228185836636665,16800,23f703aa3bc9,2026-08-28T16:54:31Z,5000,4999,1,,,,,,,,,,,,,,,,,
campaign_d_path,path_n5000_independent-signed_seed6.pcf,dhfma,0,0,7109497,2439,2438,15213928647288849163,16800,23f703aa3bc9,2026-08-28T16:54:31Z,5000,4999,1,,,,,,,,,,,,,,,,,
campaign_d_path,path_n5000_independent-signed_seed6.pcf,dhfma,1,0,6721474,2439,2438,15213928647288849163,16800,23f703aa3bc9,2026-08-28T16:54:31Z,5000,4999,1,,,,,,,,,,,,,,,,,
campaign_d_path,path_n5000_independent-signed_seed6.pcf,dhfma,2,0,6771075,2439,2438,15213928647288849163,16800,23f703aa3bc9,2026-08-28T16:54:31Z,5000,4999,1,,,,,,,,,,,,,,,,,
campaign_d_path,path_n5000_independent-signed_seed7.pcf,dhfma,0,0,7026974,2490,2489,8737349101817435895,16800,23f703aa3bc9,2026-08-28T16:54:31Z,5000,4999,1,,,,,,,,,,,,,,,,,
campaign_d_path,path_n5000_independent-signed_seed7.pcf,dhfma,1,0,6654799,2490,2489,8737349101817435895,16800,23f703aa3bc9,2026-08-28T16:54:31Z,5000,4999,1,,,,,,,,,,,,,,,,,
campaign_d_path,path_n5000_independent-signed_seed7.pcf,dhfma,2,0,6736682,2490,2489,8737349101817435895,16800,23f703aa3bc9,2026-08-28T16:54:31Z,5000,4999,1,,,,,,,,,,,,,,,,,
campaign_d_path,path_n5000_independent-signed_seed8.pcf,dhfma,0,0,7012294,2556,2555,13410561233693934459,16800,23f703aa3bc9,2026-08-28T16:54:31Z,5000,4999,1,,,,,,,,,,,,,,,,,
campaign_d_path,path_n5000_independent-signed_seed8.pcf,dhfma,1,0,6639745,2556,2555,13410561233693934459,16800,23f703aa3bc9,2026-08-28T16:54:31Z,5000,4999,1,,,,,,,,,,,,,,,,,
campaign_d_path,path_n5000_independent-signed_seed8.pcf,dhfma,2,0,6623113,2556,2555,13410561233693934459,16800,23f703aa3bc9,2026-08-28T16:54:31Z,5000,4999,1,,,,,,,,,,,,,,,,,
campaign_d_path,path_n5000_independent-signed_seed9.pcf,dhfma,0,0,6975708,2556,2555,7928756703760387717,16800,23f703aa3bc9,2026-08-28T16:54:31Z,5000,4999,1,,,,,,,,,,,,,,,,,
campaign_d_path,path_n5000_independent-signed_seed9.pcf,dhfma,1,0,6685916,2556,2555,7928756703760387717,16800,23f703aa3bc9,2026-08-28T16:54:31Z,5000,4999,1,,,,,,,,,,,,,,,,,
campaign_d_path,path_n5000_independent-signed_seed9.pcf,dhfma,2,0,6664780,2556,2555,7928756703760387717,16800,23f703aa3bc9,2026-08-28T16:54:31Z,5000,4999,1,,,,,,,,,,,,,,,,,
campaign_d_path,path_n5000_near-ties_seed0.pcf,dhfma,0,0,6622336,574,573,14400872016763880699,16800,23f703aa3bc9,2026-08-28T16:54:31Z,5000,4999,1,,,,,,,,,,,,,,,,,
campaign_d_path,path_n5000_near-ties_seed0.pcf,dhfma,1,0,6542059,574,573,14400872016763880699,16800,23f703aa3bc9,2026-08-28T16:54:31Z,5000,4999,1,,,,,,,,,,,,,,,,,
campaign_d_path,path_n5000_near-ties_seed0.pcf,dhfma,2,0,6362060,574,573,14400872016763880699,16800,23f703aa3bc9,2026-08-28T16:54:31Z,5000,4999,1,,,,,,,,,,,,,,,,,
campaign_d_path,path_n5000_near-ties_seed1.pcf,dhfma,0,0,6570610,561,560,6146729842463139404,16800,23f703aa3bc9,2026-08-28T16:54:31Z,5000,4999,1,,,,,,,,,,,,,,,,,
campaign_d_path,path_n5000_near-ties_seed1.pcf,dhfma,1,0,6407678,561,560,6146729842463139404,16800,23f703aa3bc9,2026-08-28T16:54:31Z,5000,4999,1,,,,,,,,,,,,,,,,,
campaign_d_path,path_n5000_near-ties_seed1.pcf,dhfma,2,0,6304907,561,560,6146729842463139404,16800,23f703aa3bc9,2026-08-28T16:54:31Z,5000,4999,1,,,,,,,,,,,,,,,,,
campaign_d_path,path_n5000_near-ties_seed2.pcf,dhfma,0,0,6579784,563,562,8583588258762448218,16800,23f703aa3bc9,2026-08-28T16:54:31Z,5000,4999,1,,,,,,,,,,,,,,,,,
campaign_d_path,path_n5000_near-ties_seed2.pcf,dhfma,1,0,6395096,563,562,8583588258762448218,16800,23f703aa3bc9,2026-08-28T16:54:31Z,5000,4999,1,,,,,,,,,,,,,,,,,
campaign_d_path,path_n5000_near-ties_seed2.pcf,dhfma,2,0,6274538,563,562,8583588258762448218,16800,23f703aa3bc9,2026-08-28T16:54:31Z,5000,4999,1,,,,,,,,,,,,,,,,,
campaign_d_path,path_n5000_near-ties_seed3.pcf,dhfma,0,0,6392305,564,563,10702662381495479255,16800,23f703aa3bc9,2026-08-28T16:54:31Z,5000,4999,1,,,,,,,,,,,,,,,,,
campaign_d_path,path_n5000_near-ties_seed3.pcf,dhfma,1,0,6296153,564,563,10702662381495479255,16800,23f703aa3bc9,2026-08-28T16:54:31Z,5000,4999,1,,,,,,,,,,,,,,,,,
campaign_d_path,path_n5000_near-ties_seed3.pcf,dhfma,2,0,6241047,564,563,10702662381495479255,16800,23f703aa3bc9,2026-08-28T16:54:31Z,5000,4999,1,,,,,,,,,,,,,,,,,
campaign_d_path,path_n5000_near-ties_seed4.pcf,dhfma,0,0,6589847,574,573,1873231269274146010,16800,23f703aa3bc9,2026-08-28T16:54:31Z,5000,4999,1,,,,,,,,,,,,,,,,,
campaign_d_path,path_n5000_near-ties_seed4.pcf,dhfma,1,0,6433291,574,573,1873231269274146010,16800,23f703aa3bc9,2026-08-28T16:54:31Z,5000,4999,1,,,,,,,,,,,,,,,,,
campaign_d_path,path_n5000_near-ties_seed4.pcf,dhfma,2,0,6391080,574,573,1873231269274146010,16800,23f703aa3bc9,2026-08-28T16:54:31Z,5000,4999,1,,,,,,,,,,,,,,,,,
campaign_d_path,path_n5000_near-ties_seed5.pcf,dhfma,0,0,6669603,579,578,17921261641175093329,16800,23f703aa3bc9,2026-08-28T16:54:31Z,5000,4999,1,,,,,,,,,,,,,,,,,
campaign_d_path,path_n5000_near-ties_seed5.pcf,dhfma,1,0,6436773,579,578,17921261641175093329,16800,23f703aa3bc9,2026-08-28T16:54:31Z,5000,4999,1,,,,,,,,,,,,,,,,,
campaign_d_path,path_n5000_near-ties_seed5.pcf,dhfma,2,0,6463174,579,578,17921261641175093329,16800,23f703aa3bc9,2026-08-28T16:54:31Z,5000,4999,1,,,,,,,,,,,,,,,,,
campaign_d_path,path_n5000_near-ties_seed6.pcf,dhfma,0,0,6581198,554,553,11598180077611403335,16800,23f703aa3bc9,2026-08-28T16:54:31Z,5000,4999,1,,,,,,,,,,,,,,,,,
campaign_d_path,path_n5000_near-ties_seed6.pcf,dhfma,1,0,6457823,554,553,11598180077611403335,16800,23f703aa3bc9,2026-08-28T16:54:31Z,5000,4999,1,,,,,,,,,,,,,,,,,
campaign_d_path,path_n5000_near-ties_seed6.pcf,dhfma,2,0,6409640,554,553,11598180077611403335,16800,23f703aa3bc9,2026-08-28T16:54:31Z,5000,4999,1,,,,,,,,,,,,,,,,,
campaign_d_path,path_n5000_near-ties_seed7.pcf,dhfma,0,0,6849379,558,557,2908063651701404684,16800,23f703aa3bc9,2026-08-28T16:54:31Z,5000,4999,1,,,,,,,,,,,,,,,,,
campaign_d_path,path_n5000_near-ties_seed7.pcf,dhfma,1,0,6624689,558,557,2908063651701404684,16800,23f703aa3bc9,2026-08-28T16:54:31Z,5000,4999,1,,,,,,,,,,,,,,,,,
campaign_d_path,path_n5000_near-ties_seed7.pcf,dhfma,2,0,6520092,558,557,2908063651701404684,16800,23f703aa3bc9,2026-08-28T16:54:31Z,5000,4999,1,,,,,,,,,,,,,,,,,
campaign_d_path,path_n5000_near-ties_seed8.pcf,dhfma,0,0,6473682,569,568,2617874286997424167,16800,23f703aa3bc9,2026-08-28T16:54:31Z,5000,4999,1,,,,,,,,,,,,,,,,,
campaign_d_path,path_n5000_near-ties_seed8.pcf,dhfma,1,0,6185784,569,568,2617874286997424167,16800,23f703aa3bc9,2026-08-28T16:54:31Z,5000,4999,1,,,,,,,,,,,,,,,,,
campaign_d_path,path_n5000_near-ties_seed8.pcf,dhfma,2,0,6143692,569,568,2617874286997424167,16800,23f703aa3bc9,2026-08-28T16:54:31Z,5000,4999,1,,,,,,,,,,,,,,,,,
campaign_d_path,path_n5000_near-ties_seed9.pcf,dhfma,0,0,6342615,576,575,4267499267265518430,16800,23f703aa3bc9,2026-08-28T16:54:31Z,5000,4999,1,,,,,,,,,,,,,,,,,
campaign_d_path,path_n5000_near-ties_seed9.pcf,dhfma,1,0,6189838,576,575,4267499267265518430,16800,23f703aa3bc9,2026-08-28T16:54:31Z,5000,4999,1,,,,,,,,,,,,,,,,,
campaign_d_path,path_n5000_near-ties_seed9.pcf,dhfma,2,0,6220078,576,575,4267499267265518430,16800,23f703aa3bc9,2026-08-28T16:54:31Z,5000,4999,1,,,,,,,,,,,,,,,,,
campaign_d_path,path_n500_anti-correlated_seed0.pcf,dhfma,0,0,596186,251,250,14948856502060549385,16800,23f703aa3bc9,2026-08-28T16:54:31Z,500,499,1,,,,,,,,,,,,,,,,,
campaign_d_path,path_n500_anti-correlated_seed0.pcf,dhfma,1,0,550025,251,250,14948856502060549385,16800,23f703aa3bc9,2026-08-28T16:54:31Z,500,499,1,,,,,,,,,,,,,,,,,
campaign_d_path,path_n500_anti-correlated_seed0.pcf,dhfma,2,0,581493,251,250,14948856502060549385,16800,23f703aa3bc9,2026-08-28T16:54:31Z,500,499,1,,,,,,,,,,,,,,,,,
campaign_d_path,path_n500_anti-correlated_seed1.pcf,dhfma,0,0,612858,252,251,11629634339734148085,16960,23f703aa3bc9,2026-08-28T16:54:31Z,500,499,1,,,,,,,,,,,,,,,,,
campaign_d_path,path_n500_anti-correlated_seed1.pcf,dhfma,1,0,544080,252,251,11629634339734148085,16960,23f703aa3bc9,2026-08-28T16:54:31Z,500,499,1,,,,,,,,,,,,,,,,,
campaign_d_path,path_n500_anti-correlated_seed1.pcf,dhfma,2,0,543541,252,251,11629634339734148085,16960,23f703aa3bc9,2026-08-28T16:54:31Z,500,499,1,,,,,,,,,,,,,,,,,
campaign_d_path,path_n500_anti-correlated_seed2.pcf,dhfma,0,0,619620,247,246,17787011998011542075,16960,23f703aa3bc9,2026-08-28T16:54:31Z,500,499,1,,,,,,,,,,,,,,,,,
campaign_d_path,path_n500_anti-correlated_seed2.pcf,dhfma,1,0,637956,247,246,17787011998011542075,16960,23f703aa3bc9,2026-08-28T16:54:31Z,500,499,1,,,,,,,,,,,,,,,,,
campaign_d_path,path_n500_anti-correlated_seed2.pcf,dhfma,2,0,551224,247,246,17787011998011542075,16960,23f703aa3bc9,2026-08-28T16:54:31Z,500,499,1,,,,,,,,,,,,,,,,,
campaign_d_path,path_n500_anti-correlated_seed3.pcf,dhfma,0,0,601644,250,249,5306860304877070018,16960,23f703aa3bc9,2026-08-28T16:54:31Z,500,499,1,,,,,,,,,,,,,,,,,
campaign_d_path,path_n500_anti-correlated_seed3.pcf,dhfma,1,0,574939,250,249,5306860304877070018,16960,23f703aa3bc9,2026-08-28T16:54:31Z,500,499,1,,,,,,,,,,,,,,,,,
campaign_d_path,path_n500_anti-correlated_seed3.pcf,dhfma,2,0,548321,250,249,5306860304877070018,16960,23f703aa3bc9,2026-08-28T16:54:31Z,500,499,1,,,,,,,,,,,,,,,,,
campaign_d_path,path_n500_anti-correlated_seed4.pcf,dhfma,0,0,590544,244,243,8026298549792260904,16960,23f703aa3bc9,2026-08-28T16:54:31Z,500,499,1,,,,,,,,,,,,,,,,,
campaign_d_path,path_n500_anti-correlated_seed4.pcf,dhfma,1,0,585186,244,243,8026298549792260904,16960,23f703aa3bc9,2026-08-28T16:54:31Z,500,499,1,,,,,,,,,,,,,,,,,
campaign_d_path,path_n500_anti-correlated_seed4.pcf,dhfma,2,0,546120,244,243,8026298549792260904,16960,23f703aa3bc9,2026-08-28T16:54:31Z,500,499,1,,,,,,,,,,,,,,,,,
campaign_d_path,path_n500_anti-correlated_seed5.pcf,dhfma,0,0,633864,228,227,9843541977129253006,16960,23f703aa3bc9,2026-08-28T16:54:31Z,500,499,1,,,,,,,,,,,,,,,,,
campaign_d_path,path_n500_anti-correlated_seed5.pcf,dhfma,1,0,598115,228,227,9843541977129253006,16960,23f703aa3bc9,2026-08-28T16:54:31Z,500,499,1,,,,,,,,,,,,,,,,,
campaign_d_path,path_n500_anti-correlated_seed5.pcf,dhfma,2,0,596351,228,227,9843541977129253006,16960,23f703aa3bc9,2026-08-28T16:54:31Z,500,499,1,,,,,,,,,,,,,,,,,
campaign_d_path,path_n500_anti-correlated_seed6.pcf,dhfma,0,0,608926,262,261,5900466596999692315,16960,23f703aa3bc9,2026-08-28T16:54:31Z,500,499,1,,,,,,,,,,,,,,,,,
campaign_d_path,path_n500_anti-correlated_seed6.pcf,dhfma,1,0,576808,262,261,5900466596999692315,16960,23f703aa3bc9,2026-08-28T16:54:31Z,500,499,1,,,,,,,,,,,,,,,,,
campaign_d_path,path_n500_anti-correlated_seed6.pcf,dhfma,2,0,542883,262,261,5900466596999692315,16960,23f703aa3bc9,2026-08-28T16:54:31Z,500,499,1,,,,,,,,,,,,,,,,,
campaign_d_path,path_n500_anti-correlated_seed7.pcf,dhfma,0,0,609427,238,237,6203384909682901021,16960,23f703aa3bc9,2026-08-28T16:54:31Z,500,499,1,,,,,,,,,,,,,,,,,
campaign_d_path,path_n500_anti-correlated_seed7.pcf,dhfma,1,0,659032,238,237,6203384909682901021,16960,23f703aa3bc9,2026-08-28T16:54:31Z,500,499,1,,,,,,,,,,,,,,,,,
campaign_d_path,path_n500_anti-correlated_seed7.pcf,dhfma,2,0,548007,238,237,6203384909682901021,16960,23f703aa3bc9,2026-08-28T16:54:31Z,500,499,1,,,,,,,,,,,,,,,,,
campaign_d_path,path_n500_anti-correlated_seed8.pcf,dhfma,0,0,596708,251,250,17874961304733809644,16960,23f703aa3bc9,2026-08-28T16:54:31Z,500,499,1,,,,,,,,,,,,,,,,,
campaign_d_path,path_n500_anti-correlated_seed8.pcf,dhfma,1,0,651162,251,250,17874961304733809644,16960,23f703aa3bc9,2026-08-28T16:54:31Z,500,499,1,,,,,,,,,,,,,,,,,
campaign_d_path,path_n500_anti-correlated_seed8.pcf,dhfma,2,0,542860,251,250,17874961304733809644,16960,23f703aa3bc9,2026-08-28T16:54:31Z,500,499,1,,,,,,,,,,,,,,,,,
campaign_d_path,path_n500_anti-correlated_seed9.pcf,dhfma,0,0,618104,261,260,3325513417695774082,16960,23f703aa3bc9,2026-08-28T16:54:31Z,500,499,1,,,,,,,,,,,,,,,,,
campaign_d_path,path_n500_anti-correlated_seed9.pcf,dhfma,1,0,572057,261,260,3325513417695774082,16960,23f703aa3bc9,2026-08-28T16:54:31Z,500,499,1,,,,,,,,,,,,,,,,,
campaign_d_path,path_n500_anti-correlated_seed9.pcf,dhfma,2,0,579216,261,260,3325513417695774082,16960,23f703aa3bc9,2026-08-28T16:54:31Z,500,499,1,,,,,,,,,,,,,,,,,
campaign_d_path,path_n500_correlated_seed0.pcf,dhfma,0,0,605547,248,247,13354040921167560188,16960,23f703aa3bc9,2026-08-28T16:54:31Z,500,499,1,,,,,,,,,,,,,,,,,
campaign_d_path,path_n500_correlated_seed0.pcf,dhfma,1,0,556900,248,247,13354040921167560188,16960,23f703aa3bc9,2026-08-28T16:54:31Z,500,499,1,,,,,,,,,,,,,,,,,
campaign_d_path,path_n500_correlated_seed0.pcf,dhfma,2,0,588193,248,247,13354040921167560188,16960,23f703aa3bc9,2026-08-28T16:54:31Z,500,499,1,,,,,,,,,,,,,,,,,
campaign_d_path,path_n500_correlated_seed1.pcf,dhfma,0,0,630563,250,249,8492445486275596037,16960,23f703aa3bc9,2026-08-28T16:54:31Z,500,499,1,,,,,,,,,,,,,,,,,
campaign_d_path,path_n500_correlated_seed1.pcf,dhfma,1,0,569453,250,249,8492445486275596037,16960,23f703aa3bc9,2026-08-28T16:54:31Z,500,499,1,,,,,,,,,,,,,,,,,
campaign_d_path,path_n500_correlated_seed1.pcf,dhfma,2,0,562541,250,249,8492445486275596037,16960,23f703aa3bc9,2026-08-28T16:54:31Z,500,499,1,,,,,,,,,,,,,,,,,
campaign_d_path,path_n500_correlated_seed2.pcf,dhfma,0,0,614766,243,242,14582874475168774908,16960,23f703aa3bc9,2026-08-28T16:54:31Z,500,499,1,,,,,,,,,,,,,,,,,
campaign_d_path,path_n500_correlated_seed2.pcf,dhfma,1,0,563751,243,242,14582874475168774908,16960,23f703aa3bc9,2026-08-28T16:54:31Z,500,499,1,,,,,,,,,,,,,,,,,
campaign_d_path,path_n500_correlated_seed2.pcf,dhfma,2,0,557039,243,242,14582874475168774908,16960,23f703aa3bc9,2026-08-28T16:54:31Z,500,499,1,,,,,,,,,,,,,,,,,
campaign_d_path,path_n500_correlated_seed3.pcf,dhfma,0,0,608243,261,260,5345469225480851649,16960,23f703aa3bc9,2026-08-28T16:54:31Z,500,499,1,,,,,,,,,,,,,,,,,
campaign_d_path,path_n500_correlated_seed3.pcf,dhfma,1,0,655319,261,260,5345469225480851649,16960,23f703aa3bc9,2026-08-28T16:54:31Z,500,499,1,,,,,,,,,,,,,,,,,
campaign_d_path,path_n500_correlated_seed3.pcf,dhfma,2,0,541479,261,260,5345469225480851649,16960,23f703aa3bc9,2026-08-28T16:54:31Z,500,499,1,,,,,,,,,,,,,,,,,
campaign_d_path,path_n500_correlated_seed4.pcf,dhfma,0,0,603154,251,250,15435416996464372696,16960,23f703aa3bc9,2026-08-28T16:54:31Z,500,499,1,,,,,,,,,,,,,,,,,
campaign_d_path,path_n500_correlated_seed4.pcf,dhfma,1,0,569070,251,250,15435416996464372696,16960,23f703aa3bc9,2026-08-28T16:54:31Z,500,499,1,,,,,,,,,,,,,,,,,
campaign_d_path,path_n500_correlated_seed4.pcf,dhfma,2,0,562474,251,250,15435416996464372696,16960,23f703aa3bc9,2026-08-28T16:54:31Z,500,499,1,,,,,,,,,,,,,,,,,
campaign_d_path,path_n500_correlated_seed5.pcf,dhfma,0,0,597496,243,242,18333728075280714573,16960,23f703aa3bc9,2026-08-28T16:54:31Z,500,499,1,,,,,,,,,,,,,,,,,
campaign_d_path,path_n500_correlated_seed5.pcf,dhfma,1,0,562271,243,242,18333728075280714573,16960,23f703aa3bc9,2026-08-28T16:54:31Z,500,499,1,,,,,,,,,,,,,,,,,
campaign_d_path,path_n500_correlated_seed5.pcf,dhfma,2,0,545163,243,242,18333728075280714573,16960,23f703aa3bc9,2026-08-28T16:54:31Z,500,499,1,,,,,,,,,,,,,,,,,
campaign_d_path,path_n500_correlated_seed6.pcf,dhfma,0,0,645662,231,230,14531774570800707915,16960,23f703aa3bc9,2026-08-28T16:54:31Z,500,499,1,,,,,,,,,,,,,,,,,
campaign_d_path,path_n500_correlated_seed6.pcf,dhfma,1,0,601514,231,230,14531774570800707915,16960,23f703aa3bc9,2026-08-28T16:54:31Z,500,499,1,,,,,,,,,,,,,,,,,
campaign_d_path,path_n500_correlated_seed6.pcf,dhfma,2,0,578070,231,230,14531774570800707915,16960,23f703aa3bc9,2026-08-28T16:54:31Z,500,499,1,,,,,,,,,,,,,,,,,
campaign_d_path,path_n500_correlated_seed7.pcf,dhfma,0,0,729332,270,269,14452319496178207182,16960,23f703aa3bc9,2026-08-28T16:54:31Z,500,499,1,,,,,,,,,,,,,,,,,
campaign_d_path,path_n500_correlated_seed7.pcf,dhfma,1,0,577899,270,269,14452319496178207182,16960,23f703aa3bc9,2026-08-28T16:54:31Z,500,499,1,,,,,,,,,,,,,,,,,
campaign_d_path,path_n500_correlated_seed7.pcf,dhfma,2,0,542143,270,269,14452319496178207182,16960,23f703aa3bc9,2026-08-28T16:54:31Z,500,499,1,,,,,,,,,,,,,,,,,
campaign_d_path,path_n500_correlated_seed8.pcf,dhfma,0,0,620914,248,247,5257339465655997983,16960,23f703aa3bc9,2026-08-28T16:54:31Z,500,499,1,,,,,,,,,,,,,,,,,
campaign_d_path,path_n500_correlated_seed8.pcf,dhfma,1,0,728689,248,247,5257339465655997983,16960,23f703aa3bc9,2026-08-28T16:54:31Z,500,499,1,,,,,,,,,,,,,,,,,
campaign_d_path,path_n500_correlated_seed8.pcf,dhfma,2,0,581349,248,247,5257339465655997983,16960,23f703aa3bc9,2026-08-28T16:54:31Z,500,499,1,,,,,,,,,,,,,,,,,
campaign_d_path,path_n500_correlated_seed9.pcf,dhfma,0,0,620497,250,249,7204258565362047184,17120,23f703aa3bc9,2026-08-28T16:54:31Z,500,499,1,,,,,,,,,,,,,,,,,
campaign_d_path,path_n500_correlated_seed9.pcf,dhfma,1,0,582937,250,249,7204258565362047184,17120,23f703aa3bc9,2026-08-28T16:54:31Z,500,499,1,,,,,,,,,,,,,,,,,
campaign_d_path,path_n500_correlated_seed9.pcf,dhfma,2,0,574956,250,249,7204258565362047184,17120,23f703aa3bc9,2026-08-28T16:54:31Z,500,499,1,,,,,,,,,,,,,,,,,
campaign_d_path,path_n500_exact-ties_seed0.pcf,dhfma,0,0,621619,146,145,3943050613313927762,17120,23f703aa3bc9,2026-08-28T16:54:31Z,500,499,1,,,,,,,,,,,,,,,,,
campaign_d_path,path_n500_exact-ties_seed0.pcf,dhfma,1,0,646731,146,145,3943050613313927762,17120,23f703aa3bc9,2026-08-28T16:54:31Z,500,499,1,,,,,,,,,,,,,,,,,
campaign_d_path,path_n500_exact-ties_seed0.pcf,dhfma,2,0,576242,146,145,3943050613313927762,17120,23f703aa3bc9,2026-08-28T16:54:31Z,500,499,1,,,,,,,,,,,,,,,,,
campaign_d_path,path_n500_exact-ties_seed1.pcf,dhfma,0,0,621999,142,141,255015863453168881,17120,23f703aa3bc9,2026-08-28T16:54:31Z,500,499,1,,,,,,,,,,,,,,,,,
campaign_d_path,path_n500_exact-ties_seed1.pcf,dhfma,1,0,577968,142,141,255015863453168881,17120,23f703aa3bc9,2026-08-28T16:54:31Z,500,499,1,,,,,,,,,,,,,,,,,
campaign_d_path,path_n500_exact-ties_seed1.pcf,dhfma,2,0,576313,142,141,255015863453168881,17120,23f703aa3bc9,2026-08-28T16:54:31Z,500,499,1,,,,,,,,,,,,,,,,,
campaign_d_path,path_n500_exact-ties_seed2.pcf,dhfma,0,0,610037,150,149,9263942577995327094,17120,23f703aa3bc9,2026-08-28T16:54:31Z,500,499,1,,,,,,,,,,,,,,,,,
campaign_d_path,path_n500_exact-ties_seed2.pcf,dhfma,1,0,563092,150,149,9263942577995327094,17120,23f703aa3bc9,2026-08-28T16:54:31Z,500,499,1,,,,,,,,,,,,,,,,,
campaign_d_path,path_n500_exact-ties_seed2.pcf,dhfma,2,0,563047,150,149,9263942577995327094,17120,23f703aa3bc9,2026-08-28T16:54:31Z,500,499,1,,,,,,,,,,,,,,,,,
campaign_d_path,path_n500_exact-ties_seed3.pcf,dhfma,0,0,621094,145,144,5812887530259495852,17120,23f703aa3bc9,2026-08-28T16:54:31Z,500,499,1,,,,,,,,,,,,,,,,,
campaign_d_path,path_n500_exact-ties_seed3.pcf,dhfma,1,0,576213,145,144,5812887530259495852,17120,23f703aa3bc9,2026-08-28T16:54:31Z,500,499,1,,,,,,,,,,,,,,,,,
campaign_d_path,path_n500_exact-ties_seed3.pcf,dhfma,2,0,576652,145,144,5812887530259495852,17120,23f703aa3bc9,2026-08-28T16:54:31Z,500,499,1,,,,,,,,,,,,,,,,,
campaign_d_path,path_n500_exact-ties_seed4.pcf,dhfma,0,0,607905,151,150,11942910184853805624,17120,23f703aa3bc9,2026-08-28T16:54:31Z,500,499,1,,,,,,,,,,,,,,,,,
campaign_d_path,path_n500_exact-ties_seed4.pcf,dhfma,1,0,552962,151,150,11942910184853805624,17120,23f703aa3bc9,2026-08-28T16:54:31Z,500,499,1,,,,,,,,,,,,,,,,,
campaign_d_path,path_n500_exact-ties_seed4.pcf,dhfma,2,0,550821,151,150,11942910184853805624,17120,23f703aa3bc9,2026-08-28T16:54:31Z,500,499,1,,,,,,,,,,,,,,,,,
campaign_d_path,path_n500_exact-ties_seed5.pcf,dhfma,0,0,623471,139,138,1318327750586651750,17120,23f703aa3bc9,2026-08-28T16:54:31Z,500,499,1,,,,,,,,,,,,,,,,,
campaign_d_path,path_n500_exact-ties_seed5.pcf,dhfma,1,0,644989,139,138,1318327750586651750,17120,23f703aa3bc9,2026-08-28T16:54:31Z,500,499,1,,,,,,,,,,,,,,,,,
campaign_d_path,path_n500_exact-ties_seed5.pcf,dhfma,2,0,584145,139,138,1318327750586651750,17120,23f703aa3bc9,2026-08-28T16:54:31Z,500,499,1,,,,,,,,,,,,,,,,,
campaign_d_path,path_n500_exact-ties_seed6.pcf,dhfma,0,0,563809,150,149,12668608605426866025,17120,23f703aa3bc9,2026-08-28T16:54:31Z,500,499,1,,,,,,,,,,,,,,,,,
campaign_d_path,path_n500_exact-ties_seed6.pcf,dhfma,1,0,524128,150,149,12668608605426866025,17120,23f703aa3bc9,2026-08-28T16:54:31Z,500,499,1,,,,,,,,,,,,,,,,,
campaign_d_path,path_n500_exact-ties_seed6.pcf,dhfma,2,0,500951,150,149,12668608605426866025,17120,23f703aa3bc9,2026-08-28T16:54:31Z,500,499,1,,,,,,,,,,,,,,,,,
campaign_d_path,path_n500_exact-ties_seed7.pcf,dhfma,0,0,584277,140,139,6144655462529884637,17120,23f703aa3bc9,2026-08-28T16:54:31Z,500,499,1,,,,,,,,,,,,,,,,,
campaign_d_path,path_n500_exact-ties_seed7.pcf,dhfma,1,0,547020,140,139,6144655462529884637,17120,23f703aa3bc9,2026-08-28T16:54:31Z,500,499,1,,,,,,,,,,,,,,,,,
campaign_d_path,path_n500_exact-ties_seed7.pcf,dhfma,2,0,561892,140,139,6144655462529884637,17120,23f703aa3bc9,2026-08-28T16:54:31Z,500,499,1,,,,,,,,,,,,,,,,,
campaign_d_path,path_n500_exact-ties_seed8.pcf,dhfma,0,0,602357,141,140,3854561204977473939,17120,23f703aa3bc9,2026-08-28T16:54:31Z,500,499,1,,,,,,,,,,,,,,,,,
campaign_d_path,path_n500_exact-ties_seed8.pcf,dhfma,1,0,536353,141,140,3854561204977473939,17120,23f703aa3bc9,2026-08-28T16:54:31Z,500,499,1,,,,,,,,,,,,,,,,,
campaign_d_path,path_n500_exact-ties_seed8.pcf,dhfma,2,0,565178,141,140,3854561204977473939,17120,23f703aa3bc9,2026-08-28T16:54:31Z,500,499,1,,,,,,,,,,,,,,,,,
campaign_d_path,path_n500_exact-ties_seed9.pcf,dhfma,0,0,579685,138,137,13752811207060936539,17120,23f703aa3bc9,2026-08-28T16:54:31Z,500,499,1,,,,,,,,,,,,,,,,,
campaign_d_path,path_n500_exact-ties_seed9.pcf,dhfma,1,0,537450,138,137,13752811207060936539,17120,23f703aa3bc9,2026-08-28T16:54:31Z,500,499,1,,,,,,,,,,,,,,,,,
campaign_d_path,path_n500_exact-ties_seed9.pcf,dhfma,2,0,590957,138,137,13752811207060936539,17120,23f703aa3bc9,2026-08-28T16:54:31Z,500,499,1,,,,,,,,,,,,,,,,,
campaign_d_path,path_n500_independent-positive_seed0.pcf,dhfma,0,0,641324,251,250,2905672767605063790,17120,23f703aa3bc9,2026-08-28T16:54:31Z,500,499,1,,,,,,,,,,,,,,,,,
campaign_d_path,path_n500_independent-positive_seed0.pcf,dhfma,1,0,686507,251,250,2905672767605063790,17120,23f703aa3bc9,2026-08-28T16:54:31Z,500,499,1,,,,,,,,,,,,,,,,,
campaign_d_path,path_n500_independent-positive_seed0.pcf,dhfma,2,0,600396,251,250,2905672767605063790,17120,23f703aa3bc9,2026-08-28T16:54:31Z,500,499,1,,,,,,,,,,,,,,,,,
campaign_d_path,path_n500_independent-positive_seed1.pcf,dhfma,0,0,607865,233,232,8183809621832771872,17120,23f703aa3bc9,2026-08-28T16:54:31Z,500,499,1,,,,,,,,,,,,,,,,,
campaign_d_path,path_n500_independent-positive_seed1.pcf,dhfma,1,0,595584,233,232,8183809621832771872,17120,23f703aa3bc9,2026-08-28T16:54:31Z,500,499,1,,,,,,,,,,,,,,,,,
campaign_d_path,path_n500_independent-positive_seed1.pcf,dhfma,2,0,579751,233,232,8183809621832771872,17120,23f703aa3bc9,2026-08-28T16:54:31Z,500,499,1,,,,,,,,,,,,,,,,,
campaign_d_path,path_n500_independent-positive_seed2.pcf,dhfma,0,0,739386,248,247,9297733828826397807,17120,23f703aa3bc9,2026-08-28T16:54:31Z,500,499,1,,,,,,,,,,,,,,,,,
campaign_d_path,path_n500_independent-positive_seed2.pcf,dhfma,1,0,564516,248,247,9297733828826397807,17120,23f703aa3bc9,2026-08-28T16:54:31Z,500,499,1,,,,,,,,,,,,,,,,,
campaign_d_path,path_n500_independent-positive_seed2.pcf,dhfma,2,0,568813,248,247,9297733828826397807,17120,23f703aa3bc9,2026-08-28T16:54:31Z,500,499,1,,,,,,,,,,,,,,,,,
campaign_d_path,path_n500_independent-positive_seed3.pcf,dhfma,0,0,638671,238,237,15973497986010931635,17120,23f703aa3bc9,2026-08-28T16:54:31Z,500,499,1,,,,,,,,,,,,,,,,,
campaign_d_path,path_n500_independent-positive_seed3.pcf,dhfma,1,0,599025,238,237,15973497986010931635,17120,23f703aa3bc9,2026-08-28T16:54:31Z,500,499,1,,,,,,,,,,,,,,,,,
campaign_d_path,path_n500_independent-positive_seed3.pcf,dhfma,2,0,587101,238,237,15973497986010931635,17120,23f703aa3bc9,2026-08-28T16:54:31Z,500,499,1,,,,,,,,,,,,,,,,,
campaign_d_path,path_n500_independent-positive_seed4.pcf,dhfma,0,0,618188,241,240,4648188305925036218,17120,23f703aa3bc9,2026-08-28T16:54:31Z,500,499,1,,,,,,,,,,,,,,,,,
campaign_d_path,path_n500_independent-positive_seed4.pcf,dhfma,1,0,570134,241,240,4648188305925036218,17120,23f703aa3bc9,2026-08-28T16:54:31Z,500,499,1,,,,,,,,,,,,,,,,,
campaign_d_path,path_n500_independent-positive_seed4.pcf,dhfma,2,0,573221,241,240,4648188305925036218,17120,23f703aa3bc9,2026-08-28T16:54:31Z,500,499,1,,,,,,,,,,,,,,,,,
campaign_d_path,path_n500_independent-positive_seed5.pcf,dhfma,0,0,641612,245,244,1033092375761476359,17120,23f703aa3bc9,2026-08-28T16:54:31Z,500,499,1,,,,,,,,,,,,,,,,,
campaign_d_path,path_n500_independent-positive_seed5.pcf,dhfma,1,0,597415,245,244,1033092375761476359,17120,23f703aa3bc9,2026-08-28T16:54:31Z,500,499,1,,,,,,,,,,,,,,,,,
campaign_d_path,path_n500_independent-positive_seed5.pcf,dhfma,2,0,633986,245,244,1033092375761476359,17120,23f703aa3bc9,2026-08-28T16:54:31Z,500,499,1,,,,,,,,,,,,,,,,,
campaign_d_path,path_n500_independent-positive_seed6.pcf,dhfma,0,0,604885,248,247,12154403000694331095,17120,23f703aa3bc9,2026-08-28T16:54:31Z,500,499,1,,,,,,,,,,,,,,,,,
campaign_d_path,path_n500_independent-positive_seed6.pcf,dhfma,1,0,549176,248,247,12154403000694331095,17120,23f703aa3bc9,2026-08-28T16:54:31Z,500,499,1,,,,,,,,,,,,,,,,,
campaign_d_path,path_n500_independent-positive_seed6.pcf,dhfma,2,0,558242,248,247,12154403000694331095,17120,23f703aa3bc9,2026-08-28T16:54:31Z,500,499,1,,,,,,,,,,,,,,,,,
campaign_d_path,path_n500_independent-positive_seed7.pcf,dhfma,0,0,618234,263,262,5250197971678311216,17120,23f703aa3bc9,2026-08-28T16:54:31Z,500,499,1,,,,,,,,,,,,,,,,,
campaign_d_path,path_n500_independent-positive_seed7.pcf,dhfma,1,0,574450,263,262,5250197971678311216,17120,23f703aa3bc9,2026-08-28T16:54:31Z,500,499,1,,,,,,,,,,,,,,,,,
campaign_d_path,path_n500_independent-positive_seed7.pcf,dhfma,2,0,568416,263,262,5250197971678311216,17120,23f703aa3bc9,2026-08-28T16:54:31Z,500,499,1,,,,,,,,,,,,,,,,,
campaign_d_path,path_n500_independent-positive_seed8.pcf,dhfma,0,0,610004,240,239,17755375002814807135,17120,23f703aa3bc9,2026-08-28T16:54:31Z,500,499,1,,,,,,,,,,,,,,,,,
campaign_d_path,path_n500_independent-positive_seed8.pcf,dhfma,1,0,695306,240,239,17755375002814807135,17120,23f703aa3bc9,2026-08-28T16:54:31Z,500,499,1,,,,,,,,,,,,,,,,,
campaign_d_path,path_n500_independent-positive_seed8.pcf,dhfma,2,0,570875,240,239,17755375002814807135,17120,23f703aa3bc9,2026-08-28T16:54:31Z,500,499,1,,,,,,,,,,,,,,,,,
campaign_d_path,path_n500_independent-positive_seed9.pcf,dhfma,0,0,604457,257,256,5895864243120349236,17120,23f703aa3bc9,2026-08-28T16:54:31Z,500,499,1,,,,,,,,,,,,,,,,,
campaign_d_path,path_n500_independent-positive_seed9.pcf,dhfma,1,0,556345,257,256,5895864243120349236,17120,23f703aa3bc9,2026-08-28T16:54:31Z,500,499,1,,,,,,,,,,,,,,,,,
campaign_d_path,path_n500_independent-positive_seed9.pcf,dhfma,2,0,554635,257,256,5895864243120349236,17120,23f703aa3bc9,2026-08-28T16:54:31Z,500,499,1,,,,,,,,,,,,,,,,,
campaign_d_path,path_n500_independent-signed_seed0.pcf,dhfma,0,0,607932,253,252,8945413142481601275,17280,23f703aa3bc9,2026-08-28T16:54:31Z,500,499,1,,,,,,,,,,,,,,,,,
campaign_d_path,path_n500_independent-signed_seed0.pcf,dhfma,1,0,556085,253,252,8945413142481601275,17280,23f703aa3bc9,2026-08-28T16:54:31Z,500,499,1,,,,,,,,,,,,,,,,,
campaign_d_path,path_n500_independent-signed_seed0.pcf,dhfma,2,0,543964,253,252,8945413142481601275,17280,23f703aa3bc9,2026-08-28T16:54:31Z,500,499,1,,,,,,,,,,,,,,,,,
campaign_d_path,path_n500_independent-signed_seed1.pcf,dhfma,0,0,585833,254,253,9814824342953852388,17280,23f703aa3bc9,2026-08-28T16:54:31Z,500,499,1,,,,,,,,,,,,,,,,,
campaign_d_path,path_n500_independent-signed_seed1.pcf,dhfma,1,0,557130,254,253,9814824342953852388,17280,23f703aa3bc9,2026-08-28T16:54:31Z,500,499,1,,,,,,,,,,,,,,,,,
campaign_d_path,path_n500_independent-signed_seed1.pcf,dhfma,2,0,533909,254,253,9814824342953852388,17280,23f703aa3bc9,2026-08-28T16:54:31Z,500,499,1,,,,,,,,,,,,,,,,,
campaign_d_path,path_n500_independent-signed_seed2.pcf,dhfma,0,0,726873,248,247,3836844390199313911,17280,23f703aa3bc9,2026-08-28T16:54:31Z,500,499,1,,,,,,,,,,,,,,,,,
campaign_d_path,path_n500_independent-signed_seed2.pcf,dhfma,1,0,573000,248,247,3836844390199313911,17280,23f703aa3bc9,2026-08-28T16:54:31Z,500,499,1,,,,,,,,,,,,,,,,,
campaign_d_path,path_n500_independent-signed_seed2.pcf,dhfma,2,0,563347,248,247,3836844390199313911,17280,23f703aa3bc9,2026-08-28T16:54:31Z,500,499,1,,,,,,,,,,,,,,,,,
campaign_d_path,path_n500_independent-signed_seed3.pcf,dhfma,0,0,612169,247,246,4692121929330963432,17280,23f703aa3bc9,2026-08-28T16:54:31Z,500,499,1,,,,,,,,,,,,,,,,,
campaign_d_path,path_n500_independent-signed_seed3.pcf,dhfma,1,0,578215,247,246,4692121929330963432,17280,23f703aa3bc9,2026-08-28T16:54:31Z,500,499,1,,,,,,,,,,,,,,,,,
campaign_d_path,path_n500_independent-signed_seed3.pcf,dhfma,2,0,557663,247,246,4692121929330963432,17280,23f703aa3bc9,2026-08-28T16:54:31Z,500,499,1,,,,,,,,,,,,,,,,,
campaign_d_path,path_n500_independent-signed_seed4.pcf,dhfma,0,0,606936,253,252,181481095146567190,17280,23f703aa3bc9,2026-08-28T16:54:31Z,500,499,1,,,,,,,,,,,,,,,,,
campaign_d_path,path_n500_independent-signed_seed4.pcf,dhfma,1,0,559057,253,252,181481095146567190,17280,23f703aa3bc9,2026-08-28T16:54:31Z,500,499,1,,,,,,,,,,,,,,,,,
campaign_d_path,path_n500_independent-signed_seed4.pcf,dhfma,2,0,545013,253,252,181481095146567190,17280,23f703aa3bc9,2026-08-28T16:54:31Z,500,499,1,,,,,,,,,,,,,,,,,
campaign_d_path,path_n500_independent-signed_seed5.pcf,dhfma,0,0,635395,257,256,2578489056673429899,17280,23f703aa3bc9,2026-08-28T16:54:31Z,500,499,1,,,,,,,,,,,,,,,,,
campaign_d_path,path_n500_independent-signed_seed5.pcf,dhfma,1,0,679874,257,256,2578489056673429899,17280,23f703aa3bc9,2026-08-28T16:54:31Z,500,499,1,,,,,,,,,,,,,,,,,
campaign_d_path,path_n500_independent-signed_seed5.pcf,dhfma,2,0,576445,257,256,2578489056673429899,17280,23f703aa3bc9,2026-08-28T16:54:32Z,500,499,1,,,,,,,,,,,,,,,,,
campaign_d_path,path_n500_independent-signed_seed6.pcf,dhfma,0,0,616901,224,223,8355196317383950499,17280,23f703aa3bc9,2026-08-28T16:54:32Z,500,499,1,,,,,,,,,,,,,,,,,
campaign_d_path,path_n500_independent-signed_seed6.pcf,dhfma,1,0,579115,224,223,8355196317383950499,17280,23f703aa3bc9,2026-08-28T16:54:32Z,500,499,1,,,,,,,,,,,,,,,,,
campaign_d_path,path_n500_independent-signed_seed6.pcf,dhfma,2,0,556699,224,223,8355196317383950499,17280,23f703aa3bc9,2026-08-28T16:54:32Z,500,499,1,,,,,,,,,,,,,,,,,
campaign_d_path,path_n500_independent-signed_seed7.pcf,dhfma,0,0,606703,267,266,13488873693551240036,17280,23f703aa3bc9,2026-08-28T16:54:32Z,500,499,1,,,,,,,,,,,,,,,,,
campaign_d_path,path_n500_independent-signed_seed7.pcf,dhfma,1,0,557295,267,266,13488873693551240036,17280,23f703aa3bc9,2026-08-28T16:54:32Z,500,499,1,,,,,,,,,,,,,,,,,
campaign_d_path,path_n500_independent-signed_seed7.pcf,dhfma,2,0,579620,267,266,13488873693551240036,17280,23f703aa3bc9,2026-08-28T16:54:32Z,500,499,1,,,,,,,,,,,,,,,,,
campaign_d_path,path_n500_independent-signed_seed8.pcf,dhfma,0,0,601536,254,253,7679586356228175860,17280,23f703aa3bc9,2026-08-28T16:54:32Z,500,499,1,,,,,,,,,,,,,,,,,
campaign_d_path,path_n500_independent-signed_seed8.pcf,dhfma,1,0,546228,254,253,7679586356228175860,17280,23f703aa3bc9,2026-08-28T16:54:32Z,500,499,1,,,,,,,,,,,,,,,,,
campaign_d_path,path_n500_independent-signed_seed8.pcf,dhfma,2,0,553716,254,253,7679586356228175860,17280,23f703aa3bc9,2026-08-28T16:54:32Z,500,499,1,,,,,,,,,,,,,,,,,
campaign_d_path,path_n500_independent-signed_seed9.pcf,dhfma,0,0,690804,254,253,5932629134345076602,17280,23f703aa3bc9,2026-08-28T16:54:32Z,500,499,1,,,,,,,,,,,,,,,,,
campaign_d_path,path_n500_independent-signed_seed9.pcf,dhfma,1,0,540209,254,253,5932629134345076602,17280,23f703aa3bc9,2026-08-28T16:54:32Z,500,499,1,,,,,,,,,,,,,,,,,
campaign_d_path,path_n500_independent-signed_seed9.pcf,dhfma,2,0,539378,254,253,5932629134345076602,17280,23f703aa3bc9,2026-08-28T16:54:32Z,500,499,1,,,,,,,,,,,,,,,,,
campaign_d_path,path_n500_near-ties_seed0.pcf,dhfma,0,0,597134,151,150,5724770140382554599,17280,23f703aa3bc9,2026-08-28T16:54:32Z,500,499,1,,,,,,,,,,,,,,,,,
campaign_d_path,path_n500_near-ties_seed0.pcf,dhfma,1,0,541501,151,150,5724770140382554599,17280,23f703aa3bc9,2026-08-28T16:54:32Z,500,499,1,,,,,,,,,,,,,,,,,
campaign_d_path,path_n500_near-ties_seed0.pcf,dhfma,2,0,544771,151,150,5724770140382554599,17280,23f703aa3bc9,2026-08-28T16:54:32Z,500,499,1,,,,,,,,,,,,,,,,,
campaign_d_path,path_n500_near-ties_seed1.pcf,dhfma,0,0,602229,161,160,11747850767153729746,17280,23f703aa3bc9,2026-08-28T16:54:32Z,500,499,1,,,,,,,,,,,,,,,,,
campaign_d_path,path_n500_near-ties_seed1.pcf,dhfma,1,0,554607,161,160,11747850767153729746,17280,23f703aa3bc9,2026-08-28T16:54:32Z,500,499,1,,,,,,,,,,,,,,,,,
campaign_d_path,path_n500_near-ties_seed1.pcf,dhfma,2,0,559867,161,160,11747850767153729746,17280,23f703aa3bc9,2026-08-28T16:54:32Z,500,499,1,,,,,,,,,,,,,,,,,
campaign_d_path,path_n500_near-ties_seed2.pcf,dhfma,0,0,598422,152,151,10304465146095311234,17280,23f703aa3bc9,2026-08-28T16:54:32Z,500,499,1,,,,,,,,,,,,,,,,,
campaign_d_path,path_n500_near-ties_seed2.pcf,dhfma,1,0,549664,152,151,10304465146095311234,17280,23f703aa3bc9,2026-08-28T16:54:32Z,500,499,1,,,,,,,,,,,,,,,,,
campaign_d_path,path_n500_near-ties_seed2.pcf,dhfma,2,0,529865,152,151,10304465146095311234,17280,23f703aa3bc9,2026-08-28T16:54:32Z,500,499,1,,,,,,,,,,,,,,,,,
campaign_d_path,path_n500_near-ties_seed3.pcf,dhfma,0,0,628444,165,164,2221884849222739871,17280,23f703aa3bc9,2026-08-28T16:54:32Z,500,499,1,,,,,,,,,,,,,,,,,
campaign_d_path,path_n500_near-ties_seed3.pcf,dhfma,1,0,658824,165,164,2221884849222739871,17280,23f703aa3bc9,2026-08-28T16:54:32Z,500,499,1,,,,,,,,,,,,,,,,,
campaign_d_path,path_n500_near-ties_seed3.pcf,dhfma,2,0,566603,165,164,2221884849222739871,17280,23f703aa3bc9,2026-08-28T16:54:32Z,500,499,1,,,,,,,,,,,,,,,,,
campaign_d_path,path_n500_near-ties_seed4.pcf,dhfma,0,0,593385,157,156,15939831653523184692,17280,23f703aa3bc9,2026-08-28T16:54:32Z,500,499,1,,,,,,,,,,,,,,,,,
campaign_d_path,path_n500_near-ties_seed4.pcf,dhfma,1,0,545800,157,156,15939831653523184692,17280,23f703aa3bc9,2026-08-28T16:54:32Z,500,499,1,,,,,,,,,,,,,,,,,
campaign_d_path,path_n500_near-ties_seed4.pcf,dhfma,2,0,533519,157,156,15939831653523184692,17280,23f703aa3bc9,2026-08-28T16:54:32Z,500,499,1,,,,,,,,,,,,,,,,,
campaign_d_path,path_n500_near-ties_seed5.pcf,dhfma,0,0,579305,149,148,14013766737198568356,17280,23f703aa3bc9,2026-08-28T16:54:32Z,500,499,1,,,,,,,,,,,,,,,,,
campaign_d_path,path_n500_near-ties_seed5.pcf,dhfma,1,0,536256,149,148,14013766737198568356,17280,23f703aa3bc9,2026-08-28T16:54:32Z,500,499,1,,,,,,,,,,,,,,,,,
campaign_d_path,path_n500_near-ties_seed5.pcf,dhfma,2,0,541072,149,148,14013766737198568356,17280,23f703aa3bc9,2026-08-28T16:54:32Z,500,499,1,,,,,,,,,,,,,,,,,
campaign_d_path,path_n500_near-ties_seed6.pcf,dhfma,0,0,598896,148,147,13241284695352188122,17280,23f703aa3bc9,2026-08-28T16:54:32Z,500,499,1,,,,,,,,,,,,,,,,,
campaign_d_path,path_n500_near-ties_seed6.pcf,dhfma,1,0,557845,148,147,13241284695352188122,17280,23f703aa3bc9,2026-08-28T16:54:32Z,500,499,1,,,,,,,,,,,,,,,,,
campaign_d_path,path_n500_near-ties_seed6.pcf,dhfma,2,0,552011,148,147,13241284695352188122,17280,23f703aa3bc9,2026-08-28T16:54:32Z,500,499,1,,,,,,,,,,,,,,,,,
campaign_d_path,path_n500_near-ties_seed7.pcf,dhfma,0,0,600826,156,155,4015998497168419236,17280,23f703aa3bc9,2026-08-28T16:54:32Z,500,499,1,,,,,,,,,,,,,,,,,
campaign_d_path,path_n500_near-ties_seed7.pcf,dhfma,1,0,554571,156,155,4015998497168419236,17280,23f703aa3bc9,2026-08-28T16:54:32Z,500,499,1,,,,,,,,,,,,,,,,,
campaign_d_path,path_n500_near-ties_seed7.pcf,dhfma,2,0,557454,156,155,4015998497168419236,17280,23f703aa3bc9,2026-08-28T16:54:32Z,500,499,1,,,,,,,,,,,,,,,,,
campaign_d_path,path_n500_near-ties_seed8.pcf,dhfma,0,0,603938,165,164,3504952474688009736,17280,23f703aa3bc9,2026-08-28T16:54:32Z,500,499,1,,,,,,,,,,,,,,,,,
campaign_d_path,path_n500_near-ties_seed8.pcf,dhfma,1,0,555839,165,164,3504952474688009736,17280,23f703aa3bc9,2026-08-28T16:54:32Z,500,499,1,,,,,,,,,,,,,,,,,
campaign_d_path,path_n500_near-ties_seed8.pcf,dhfma,2,0,556879,165,164,3504952474688009736,17280,23f703aa3bc9,2026-08-28T16:54:32Z,500,499,1,,,,,,,,,,,,,,,,,
campaign_d_path,path_n500_near-ties_seed9.pcf,dhfma,0,0,578453,163,162,14971101369819830555,17440,23f703aa3bc9,2026-08-28T16:54:32Z,500,499,1,,,,,,,,,,,,,,,,,
campaign_d_path,path_n500_near-ties_seed9.pcf,dhfma,1,0,553884,163,162,14971101369819830555,17440,23f703aa3bc9,2026-08-28T16:54:32Z,500,499,1,,,,,,,,,,,,,,,,,
campaign_d_path,path_n500_near-ties_seed9.pcf,dhfma,2,0,535913,163,162,14971101369819830555,17440,23f703aa3bc9,2026-08-28T16:54:32Z,500,499,1,,,,,,,,,,,,,,,,,
