campaign_id,instance,algorithm,repetition,order,elapsed_ns,n_layers,n_breakpoints,sequence_hash,peak_rss_kib,git_commit,timestamp_utc,n_nodes,n_arcs,n_components,rac_clusters,rac_joins,rac_internalizations,rac_envelope_sum_calls,rac_envelope_max_calls,rac_hull_calls,rac_lines_scanned,rac_line_comparisons,rac_rational_comparisons,rac_pieces_stored,rac_topdown_events,rac_topdown_scans,rac_expanded_vertices,rac_expanded_edges,rac_rounds,rac_max_cluster_depth,rac_estimated_bytes
campaign_c,gen_n20000_rho0.3_anti-correlated_seed0.pcf,dpac,0,0,1523246623,15790,15789,10721314536664852865,12800,2c83e501f034,2026-08-31T19:27:45Z,20000,5935,14065,,,,,,,,,,,,,,,,,
campaign_c,gen_n20000_rho0.3_anti-correlated_seed0.pcf,dpac,1,0,1500504591,15790,15789,10721314536664852865,12800,2c83e501f034,2026-08-31T19:27:46Z,20000,5935,14065,,,,,,,,,,,,,,,,,
campaign_c,gen_n20000_rho0.3_anti-correlated_seed0.pcf,dpac,2,0,1514828996,15790,15789,10721314536664852865,12800,2c83e501f034,2026-08-31T19:27:48Z,20000,5935,14065,,,,,,,,,,,,,,,,,
campaign_c,gen_n20000_rho0.3_anti-correlated_seed1.pcf,dpac,0,0,1518123330,15756,15755,10649187881357695795,12800,2c83e501f034,2026-08-31T19:27:49Z,20000,5994,14006,,,,,,,,,,,,,,,,,
campaign_c,gen_n20000_rho0.3_anti-correlated_seed1.pcf,dpac,1,0,1540913290,15756,15755,10649187881357695795,12800,2c83e501f034,2026-08-31T19:27:51Z,20000,5994,14006,,,,,,,,,,,,,,,,,
campaign_c,gen_n20000_rho0.3_anti-correlated_seed1.pcf,dpac,2,0,1542148538,15756,15755,10649187881357695795,12800,2c83e501f034,2026-08-31T19:27:53Z,20000,5994,14006,,,,,,,,,,,,,,,,,
campaign_c,gen_n20000_rho0.3_anti-correlated_seed2.pcf,dpac,0,0,1494112224,15759,15758,18290894753978480333,12800,2c83e501f034,2026-08-31T19:27:54Z,20000,5962,14038,,,,,,,,,,,,,,,,,
campaign_c,gen_n20000_rho0.3_anti-correlated_seed2.pcf,dpac,1,0,1631996146,15759,15758,18290894753978480333,12800,2c83e501f034,2026-08-31T19:27:56Z,20000,5962,14038,,,,,,,,,,,,,,,,,
campaign_c,gen_n20000_rho0.3_anti-correlated_seed2.pcf,dpac,2,0,1529451098,15759,15758,18290894753978480333,12800,2c83e501f034,2026-08-31T19:27:57Z,20000,5962,14038,,,,,,,,,,,,,,,,,
campaign_c,gen_n20000_rho0.3_anti-correlated_seed3.pcf,dpac,0,0,1555544010,15769,15768,17626366104004240705,12800,2c83e501f034,2026-08-31T19:27:59Z,20000,6074,13926,,,,,,,,,,,,,,,,,
campaign_c,gen_n20000_rho0.3_anti-correlated_seed3.pcf,dpac,1,0,1541354680,15769,15768,17626366104004240705,12800,2c83e501f034,2026-08-31T19:28:00Z,20000,6074,13926,,,,,,,,,,,,,,,,,
campaign_c,gen_n20000_rho0.3_anti-correlated_seed3.pcf,dpac,2,0,1512326849,15769,15768,17626366104004240705,12800,2c83e501f034,2026-08-31T19:28:02Z,20000,6074,13926,,,,,,,,,,,,,,,,,
campaign_c,gen_n20000_rho0.3_anti-correlated_seed4.pcf,dpac,0,0,1533971247,15802,15801,8662661211526872143,12800,2c83e501f034,2026-08-31T19:28:03Z,20000,6037,13963,,,,,,,,,,,,,,,,,
campaign_c,gen_n20000_rho0.3_anti-correlated_seed4.pcf,dpac,1,0,1518406577,15802,15801,8662661211526872143,12800,2c83e501f034,2026-08-31T19:28:05Z,20000,6037,13963,,,,,,,,,,,,,,,,,
campaign_c,gen_n20000_rho0.3_anti-correlated_seed4.pcf,dpac,2,0,1556079320,15802,15801,8662661211526872143,12800,2c83e501f034,2026-08-31T19:28:06Z,20000,6037,13963,,,,,,,,,,,,,,,,,
campaign_c,gen_n20000_rho0.3_anti-correlated_seed5.pcf,dpac,0,0,1494594224,15809,15808,2166469703124453831,12800,2c83e501f034,2026-08-31T19:28:08Z,20000,5886,14114,,,,,,,,,,,,,,,,,
campaign_c,gen_n20000_rho0.3_anti-correlated_seed5.pcf,dpac,1,0,1482535127,15809,15808,2166469703124453831,12800,2c83e501f034,2026-08-31T19:28:09Z,20000,5886,14114,,,,,,,,,,,,,,,,,
campaign_c,gen_n20000_rho0.3_anti-correlated_seed5.pcf,dpac,2,0,1470364222,15809,15808,2166469703124453831,12800,2c83e501f034,2026-08-31T19:28:11Z,20000,5886,14114,,,,,,,,,,,,,,,,,
campaign_c,gen_n20000_rho0.3_anti-correlated_seed6.pcf,dpac,0,0,1492498767,15753,15752,2303227227256614266,12800,2c83e501f034,2026-08-31T19:28:12Z,20000,6052,13948,,,,,,,,,,,,,,,,,
campaign_c,gen_n20000_rho0.3_anti-correlated_seed6.pcf,dpac,1,0,1494971051,15753,15752,2303227227256614266,12800,2c83e501f034,2026-08-31T19:28:14Z,20000,6052,13948,,,,,,,,,,,,,,,,,
campaign_c,gen_n20000_rho0.3_anti-correlated_seed6.pcf,dpac,2,0,1485307000,15753,15752,2303227227256614266,12800,2c83e501f034,2026-08-31T19:28:15Z,20000,6052,13948,,,,,,,,,,,,,,,,,
campaign_c,gen_n20000_rho0.3_anti-correlated_seed7.pcf,dpac,0,0,1486327430,15677,15676,1362483246115426439,12800,2c83e501f034,2026-08-31T19:28:17Z,20000,5923,14077,,,,,,,,,,,,,,,,,
campaign_c,gen_n20000_rho0.3_anti-correlated_seed7.pcf,dpac,1,0,1487925179,15677,15676,1362483246115426439,12800,2c83e501f034,2026-08-31T19:28:18Z,20000,5923,14077,,,,,,,,,,,,,,,,,
campaign_c,gen_n20000_rho0.3_anti-correlated_seed7.pcf,dpac,2,0,1486588301,15677,15676,1362483246115426439,12800,2c83e501f034,2026-08-31T19:28:20Z,20000,5923,14077,,,,,,,,,,,,,,,,,
campaign_c,gen_n20000_rho0.3_anti-correlated_seed8.pcf,dpac,0,0,1505489862,15777,15776,11214786687818310581,12800,2c83e501f034,2026-08-31T19:28:21Z,20000,6057,13943,,,,,,,,,,,,,,,,,
campaign_c,gen_n20000_rho0.3_anti-correlated_seed8.pcf,dpac,1,0,1500400631,15777,15776,11214786687818310581,12800,2c83e501f034,2026-08-31T19:28:23Z,20000,6057,13943,,,,,,,,,,,,,,,,,
campaign_c,gen_n20000_rho0.3_anti-correlated_seed8.pcf,dpac,2,0,1499448053,15777,15776,11214786687818310581,12800,2c83e501f034,2026-08-31T19:28:24Z,20000,6057,13943,,,,,,,,,,,,,,,,,
campaign_c,gen_n20000_rho0.3_anti-correlated_seed9.pcf,dpac,0,0,1482995170,15790,15789,13015159704988577964,12800,2c83e501f034,2026-08-31T19:28:26Z,20000,5909,14091,,,,,,,,,,,,,,,,,
campaign_c,gen_n20000_rho0.3_anti-correlated_seed9.pcf,dpac,1,0,1464496265,15790,15789,13015159704988577964,12800,2c83e501f034,2026-08-31T19:28:27Z,20000,5909,14091,,,,,,,,,,,,,,,,,
campaign_c,gen_n20000_rho0.3_anti-correlated_seed9.pcf,dpac,2,0,1477052434,15790,15789,13015159704988577964,12800,2c83e501f034,2026-08-31T19:28:29Z,20000,5909,14091,,,,,,,,,,,,,,,,,
campaign_c,gen_n20000_rho0.3_correlated_seed0.pcf,dpac,0,0,1288560575,13476,13475,14961069025132155213,12800,2c83e501f034,2026-08-31T19:28:30Z,20000,5935,14065,,,,,,,,,,,,,,,,,
campaign_c,gen_n20000_rho0.3_correlated_seed0.pcf,dpac,1,0,1292477073,13476,13475,14961069025132155213,12800,2c83e501f034,2026-08-31T19:28:31Z,20000,5935,14065,,,,,,,,,,,,,,,,,
campaign_c,gen_n20000_rho0.3_correlated_seed0.pcf,dpac,2,0,1294620565,13476,13475,14961069025132155213,12800,2c83e501f034,2026-08-31T19:28:33Z,20000,5935,14065,,,,,,,,,,,,,,,,,
campaign_c,gen_n20000_rho0.3_correlated_seed1.pcf,dpac,0,0,1306440718,13628,13627,6066224727997931191,12800,2c83e501f034,2026-08-31T19:28:34Z,20000,5994,14006,,,,,,,,,,,,,,,,,
campaign_c,gen_n20000_rho0.3_correlated_seed1.pcf,dpac,1,0,1312511403,13628,13627,6066224727997931191,12800,2c83e501f034,2026-08-31T19:28:35Z,20000,5994,14006,,,,,,,,,,,,,,,,,
campaign_c,gen_n20000_rho0.3_correlated_seed1.pcf,dpac,2,0,1309669316,13628,13627,6066224727997931191,12800,2c83e501f034,2026-08-31T19:28:37Z,20000,5994,14006,,,,,,,,,,,,,,,,,
campaign_c,gen_n20000_rho0.3_correlated_seed2.pcf,dpac,0,0,1302861943,13580,13579,9399464618158069572,12960,2c83e501f034,2026-08-31T19:28:38Z,20000,5962,14038,,,,,,,,,,,,,,,,,
campaign_c,gen_n20000_rho0.3_correlated_seed2.pcf,dpac,1,0,1306024448,13580,13579,9399464618158069572,12960,2c83e501f034,2026-08-31T19:28:39Z,20000,5962,14038,,,,,,,,,,,,,,,,,
campaign_c,gen_n20000_rho0.3_correlated_seed2.pcf,dpac,2,0,1307458918,13580,13579,9399464618158069572,12960,2c83e501f034,2026-08-31T19:28:41Z,20000,5962,14038,,,,,,,,,,,,,,,,,
campaign_c,gen_n20000_rho0.3_correlated_seed3.pcf,dpac,0,0,1317248548,13539,13538,3393354444270441026,12960,2c83e501f034,2026-08-31T19:28:42Z,20000,6074,13926,,,,,,,,,,,,,,,,,
campaign_c,gen_n20000_rho0.3_correlated_seed3.pcf,dpac,1,0,1322715714,13539,13538,3393354444270441026,12960,2c83e501f034,2026-08-31T19:28:43Z,20000,6074,13926,,,,,,,,,,,,,,,,,
campaign_c,gen_n20000_rho0.3_correlated_seed3.pcf,dpac,2,0,1325467883,13539,13538,3393354444270441026,12960,2c83e501f034,2026-08-31T19:28:45Z,20000,6074,13926,,,,,,,,,,,,,,,,,
campaign_c,gen_n20000_rho0.3_correlated_seed4.pcf,dpac,0,0,1339538936,13519,13518,15360280603938164110,12960,2c83e501f034,2026-08-31T19:28:46Z,20000,6037,13963,,,,,,,,,,,,,,,,,
campaign_c,gen_n20000_rho0.3_correlated_seed4.pcf,dpac,1,0,1318665310,13519,13518,15360280603938164110,12960,2c83e501f034,2026-08-31T19:28:47Z,20000,6037,13963,,,,,,,,,,,,,,,,,
campaign_c,gen_n20000_rho0.3_correlated_seed4.pcf,dpac,2,0,1312855450,13519,13518,15360280603938164110,12960,2c83e501f034,2026-08-31T19:28:49Z,20000,6037,13963,,,,,,,,,,,,,,,,,
campaign_c,gen_n20000_rho0.3_correlated_seed5.pcf,dpac,0,0,1301929771,13591,13590,10177763867745781446,12960,2c83e501f034,2026-08-31T19:28:50Z,20000,5886,14114,,,,,,,,,,,,,,,,,
campaign_c,gen_n20000_rho0.3_correlated_seed5.pcf,dpac,1,0,1295553307,13591,13590,10177763867745781446,12960,2c83e501f034,2026-08-31T19:28:51Z,20000,5886,14114,,,,,,,,,,,,,,,,,
campaign_c,gen_n20000_rho0.3_correlated_seed5.pcf,dpac,2,0,1301182622,13591,13590,10177763867745781446,12960,2c83e501f034,2026-08-31T19:28:52Z,20000,5886,14114,,,,,,,,,,,,,,,,,
campaign_c,gen_n20000_rho0.3_correlated_seed6.pcf,dpac,0,0,1291395363,13424,13423,1174621922473598779,12960,2c83e501f034,2026-08-31T19:28:54Z,20000,6052,13948,,,,,,,,,,,,,,,,,
campaign_c,gen_n20000_rho0.3_correlated_seed6.pcf,dpac,1,0,1283834738,13424,13423,1174621922473598779,12960,2c83e501f034,2026-08-31T19:28:55Z,20000,6052,13948,,,,,,,,,,,,,,,,,
campaign_c,gen_n20000_rho0.3_correlated_seed6.pcf,dpac,2,0,1300622033,13424,13423,1174621922473598779,12960,2c83e501f034,2026-08-31T19:28:56Z,20000,6052,13948,,,,,,,,,,,,,,,,,
campaign_c,gen_n20000_rho0.3_correlated_seed7.pcf,dpac,0,0,1284038181,13456,13455,13495380002369519096,12960,2c83e501f034,2026-08-31T19:28:58Z,20000,5923,14077,,,,,,,,,,,,,,,,,
campaign_c,gen_n20000_rho0.3_correlated_seed7.pcf,dpac,1,0,1299587335,13456,13455,13495380002369519096,12960,2c83e501f034,2026-08-31T19:28:59Z,20000,5923,14077,,,,,,,,,,,,,,,,,
campaign_c,gen_n20000_rho0.3_correlated_seed7.pcf,dpac,2,0,1298578199,13456,13455,13495380002369519096,12960,2c83e501f034,2026-08-31T19:29:00Z,20000,5923,14077,,,,,,,,,,,,,,,,,
campaign_c,gen_n20000_rho0.3_correlated_seed8.pcf,dpac,0,0,1316036367,13564,13563,11458259286618092487,12960,2c83e501f034,2026-08-31T19:29:02Z,20000,6057,13943,,,,,,,,,,,,,,,,,
campaign_c,gen_n20000_rho0.3_correlated_seed8.pcf,dpac,1,0,1312159933,13564,13563,11458259286618092487,12960,2c83e501f034,2026-08-31T19:29:03Z,20000,6057,13943,,,,,,,,,,,,,,,,,
campaign_c,gen_n20000_rho0.3_correlated_seed8.pcf,dpac,2,0,1305613696,13564,13563,11458259286618092487,12960,2c83e501f034,2026-08-31T19:29:04Z,20000,6057,13943,,,,,,,,,,,,,,,,,
campaign_c,gen_n20000_rho0.3_correlated_seed9.pcf,dpac,0,0,1307671368,13629,13628,11401007353491872509,12960,2c83e501f034,2026-08-31T19:29:05Z,20000,5909,14091,,,,,,,,,,,,,,,,,
campaign_c,gen_n20000_rho0.3_correlated_seed9.pcf,dpac,1,0,1298058180,13629,13628,11401007353491872509,12960,2c83e501f034,2026-08-31T19:29:07Z,20000,5909,14091,,,,,,,,,,,,,,,,,
campaign_c,gen_n20000_rho0.3_correlated_seed9.pcf,dpac,2,0,1298698427,13629,13628,11401007353491872509,12960,2c83e501f034,2026-08-31T19:29:08Z,20000,5909,14091,,,,,,,,,,,,,,,,,
campaign_c,gen_n20000_rho0.3_exact-ties_seed0.pcf,dpac,0,0,384256541,2359,2358,9844836892195575287,12960,2c83e501f034,2026-08-31T19:29:08Z,20000,5935,14065,,,,,,,,,,,,,,,,,
campaign_c,gen_n20000_rho0.3_exact-ties_seed0.pcf,dpac,1,0,387699951,2359,2358,9844836892195575287,12960,2c83e501f034,2026-08-31T19:29:09Z,20000,5935,14065,,,,,,,,,,,,,,,,,
campaign_c,gen_n20000_rho0.3_exact-ties_seed0.pcf,dpac,2,0,389280201,2359,2358,9844836892195575287,12960,2c83e501f034,2026-08-31T19:29:09Z,20000,5935,14065,,,,,,,,,,,,,,,,,
campaign_c,gen_n20000_rho0.3_exact-ties_seed1.pcf,dpac,0,0,388108606,2321,2320,12381798955941105739,12960,2c83e501f034,2026-08-31T19:29:10Z,20000,6044,13956,,,,,,,,,,,,,,,,,
campaign_c,gen_n20000_rho0.3_exact-ties_seed1.pcf,dpac,1,0,388545176,2321,2320,12381798955941105739,12960,2c83e501f034,2026-08-31T19:29:10Z,20000,6044,13956,,,,,,,,,,,,,,,,,
campaign_c,gen_n20000_rho0.3_exact-ties_seed1.pcf,dpac,2,0,382851144,2321,2320,12381798955941105739,12960,2c83e501f034,2026-08-31T19:29:10Z,20000,6044,13956,,,,,,,,,,,,,,,,,
campaign_c,gen_n20000_rho0.3_exact-ties_seed2.pcf,dpac,0,0,394150836,2344,2343,13815699498580598541,12960,2c83e501f034,2026-08-31T19:29:11Z,20000,6044,13956,,,,,,,,,,,,,,,,,
campaign_c,gen_n20000_rho0.3_exact-ties_seed2.pcf,dpac,1,0,401213903,2344,2343,13815699498580598541,12960,2c83e501f034,2026-08-31T19:29:11Z,20000,6044,13956,,,,,,,,,,,,,,,,,
campaign_c,gen_n20000_rho0.3_exact-ties_seed2.pcf,dpac,2,0,398507540,2344,2343,13815699498580598541,12960,2c83e501f034,2026-08-31T19:29:12Z,20000,6044,13956,,,,,,,,,,,,,,,,,
campaign_c,gen_n20000_rho0.3_exact-ties_seed3.pcf,dpac,0,0,393310507,2353,2352,2077110321738648871,12960,2c83e501f034,2026-08-31T19:29:12Z,20000,5985,14015,,,,,,,,,,,,,,,,,
campaign_c,gen_n20000_rho0.3_exact-ties_seed3.pcf,dpac,1,0,389123590,2353,2352,2077110321738648871,12960,2c83e501f034,2026-08-31T19:29:12Z,20000,5985,14015,,,,,,,,,,,,,,,,,
campaign_c,gen_n20000_rho0.3_exact-ties_seed3.pcf,dpac,2,0,385143742,2353,2352,2077110321738648871,12960,2c83e501f034,2026-08-31T19:29:13Z,20000,5985,14015,,,,,,,,,,,,,,,,,
campaign_c,gen_n20000_rho0.3_exact-ties_seed4.pcf,dpac,0,0,394496066,2361,2360,14503992930908134933,12960,2c83e501f034,2026-08-31T19:29:13Z,20000,6044,13956,,,,,,,,,,,,,,,,,
campaign_c,gen_n20000_rho0.3_exact-ties_seed4.pcf,dpac,1,0,398701565,2361,2360,14503992930908134933,12960,2c83e501f034,2026-08-31T19:29:14Z,20000,6044,13956,,,,,,,,,,,,,,,,,
campaign_c,gen_n20000_rho0.3_exact-ties_seed4.pcf,dpac,2,0,399844615,2361,2360,14503992930908134933,12960,2c83e501f034,2026-08-31T19:29:14Z,20000,6044,13956,,,,,,,,,,,,,,,,,
campaign_c,gen_n20000_rho0.3_exact-ties_seed5.pcf,dpac,0,0,381236858,2269,2268,12728358988837030386,12960,2c83e501f034,2026-08-31T19:29:14Z,20000,5871,14129,,,,,,,,,,,,,,,,,
campaign_c,gen_n20000_rho0.3_exact-ties_seed5.pcf,dpac,1,0,376810909,2269,2268,12728358988837030386,12960,2c83e501f034,2026-08-31T19:29:15Z,20000,5871,14129,,,,,,,,,,,,,,,,,
campaign_c,gen_n20000_rho0.3_exact-ties_seed5.pcf,dpac,2,0,376903764,2269,2268,12728358988837030386,12960,2c83e501f034,2026-08-31T19:29:15Z,20000,5871,14129,,,,,,,,,,,,,,,,,
campaign_c,gen_n20000_rho0.3_exact-ties_seed6.pcf,dpac,0,0,391821903,2316,2315,11457232154000793055,12960,2c83e501f034,2026-08-31T19:29:16Z,20000,6028,13972,,,,,,,,,,,,,,,,,
campaign_c,gen_n20000_rho0.3_exact-ties_seed6.pcf,dpac,1,0,394298312,2316,2315,11457232154000793055,12960,2c83e501f034,2026-08-31T19:29:16Z,20000,6028,13972,,,,,,,,,,,,,,,,,
campaign_c,gen_n20000_rho0.3_exact-ties_seed6.pcf,dpac,2,0,393991815,2316,2315,11457232154000793055,12960,2c83e501f034,2026-08-31T19:29:16Z,20000,6028,13972,,,,,,,,,,,,,,,,,
campaign_c,gen_n20000_rho0.3_exact-ties_seed7.pcf,dpac,0,0,380384076,2298,2297,9297154537593079489,12960,2c83e501f034,2026-08-31T19:29:17Z,20000,5859,14141,,,,,,,,,,,,,,,,,
campaign_c,gen_n20000_rho0.3_exact-ties_seed7.pcf,dpac,1,0,377497660,2298,2297,9297154537593079489,12960,2c83e501f034,2026-08-31T19:29:17Z,20000,5859,14141,,,,,,,,,,,,,,,,,
campaign_c,gen_n20000_rho0.3_exact-ties_seed7.pcf,dpac,2,0,382763524,2298,2297,9297154537593079489,12960,2c83e501f034,2026-08-31T19:29:17Z,20000,5859,14141,,,,,,,,,,,,,,,,,
campaign_c,gen_n20000_rho0.3_exact-ties_seed8.pcf,dpac,0,0,391370723,2307,2306,14815497214069662204,12960,2c83e501f034,2026-08-31T19:29:18Z,20000,6063,13937,,,,,,,,,,,,,,,,,
campaign_c,gen_n20000_rho0.3_exact-ties_seed8.pcf,dpac,1,0,394277821,2307,2306,14815497214069662204,12960,2c83e501f034,2026-08-31T19:29:18Z,20000,6063,13937,,,,,,,,,,,,,,,,,
campaign_c,gen_n20000_rho0.3_exact-ties_seed8.pcf,dpac,2,0,396318452,2307,2306,14815497214069662204,12960,2c83e501f034,2026-08-31T19:29:19Z,20000,6063,13937,,,,,,,,,,,,,,,,,
campaign_c,gen_n20000_rho0.3_exact-ties_seed9.pcf,dpac,0,0,387408591,2311,2310,5301561149626093297,12960,2c83e501f034,2026-08-31T19:29:19Z,20000,5910,14090,,,,,,,,,,,,,,,,,
campaign_c,gen_n20000_rho0.3_exact-ties_seed9.pcf,dpac,1,0,382159920,2311,2310,5301561149626093297,12960,2c83e501f034,2026-08-31T19:29:19Z,20000,5910,14090,,,,,,,,,,,,,,,,,
campaign_c,gen_n20000_rho0.3_exact-ties_seed9.pcf,dpac,2,0,383045173,2311,2310,5301561149626093297,12960,2c83e501f034,2026-08-31T19:29:20Z,20000,5910,14090,,,,,,,,,,,,,,,,,
campaign_c,gen_n20000_rho0.3_independent-positive_seed0.pcf,dpac,0,0,1545807368,16347,16346,13175492568533100041,12960,2c83e501f034,2026-08-31T19:29:21Z,20000,5968,14032,,,,,,,,,,,,,,,,,
campaign_c,gen_n20000_rho0.3_independent-positive_seed0.pcf,dpac,1,0,1548131451,16347,16346,13175492568533100041,12960,2c83e501f034,2026-08-31T19:29:23Z,20000,5968,14032,,,,,,,,,,,,,,,,,
campaign_c,gen_n20000_rho0.3_independent-positive_seed0.pcf,dpac,2,0,1538697327,16347,16346,13175492568533100041,12960,2c83e501f034,2026-08-31T19:29:24Z,20000,5968,14032,,,,,,,,,,,,,,,,,
campaign_c,gen_n20000_rho0.3_independent-positive_seed1.pcf,dpac,0,0,1528082677,16353,16352,16981389346525576549,12960,2c83e501f034,2026-08-31T19:29:26Z,20000,6025,13975,,,,,,,,,,,,,,,,,
campaign_c,gen_n20000_rho0.3_independent-positive_seed1.pcf,dpac,1,0,1528556475,16353,16352,16981389346525576549,12960,2c83e501f034,2026-08-31T19:29:28Z,20000,6025,13975,,,,,,,,,,,,,,,,,
campaign_c,gen_n20000_rho0.3_independent-positive_seed1.pcf,dpac,2,0,1528056842,16353,16352,16981389346525576549,12960,2c83e501f034,2026-08-31T19:29:29Z,20000,6025,13975,,,,,,,,,,,,,,,,,
campaign_c,gen_n20000_rho0.3_independent-positive_seed2.pcf,dpac,0,0,1525741600,16370,16369,11533733761217587896,13120,2c83e501f034,2026-08-31T19:29:31Z,20000,5993,14007,,,,,,,,,,,,,,,,,
campaign_c,gen_n20000_rho0.3_independent-positive_seed2.pcf,dpac,1,0,1508312016,16370,16369,11533733761217587896,13120,2c83e501f034,2026-08-31T19:29:32Z,20000,5993,14007,,,,,,,,,,,,,,,,,
campaign_c,gen_n20000_rho0.3_independent-positive_seed2.pcf,dpac,2,0,1485089713,16370,16369,11533733761217587896,13120,2c83e501f034,2026-08-31T19:29:34Z,20000,5993,14007,,,,,,,,,,,,,,,,,
campaign_c,gen_n20000_rho0.3_independent-positive_seed3.pcf,dpac,0,0,1516967133,16356,16355,3357547068661098648,13120,2c83e501f034,2026-08-31T19:29:35Z,20000,6082,13918,,,,,,,,,,,,,,,,,
campaign_c,gen_n20000_rho0.3_independent-positive_seed3.pcf,dpac,1,0,1524701678,16356,16355,3357547068661098648,13120,2c83e501f034,2026-08-31T19:29:37Z,20000,6082,13918,,,,,,,,,,,,,,,,,
campaign_c,gen_n20000_rho0.3_independent-positive_seed3.pcf,dpac,2,0,1544028934,16356,16355,3357547068661098648,13120,2c83e501f034,2026-08-31T19:29:38Z,20000,6082,13918,,,,,,,,,,,,,,,,,
campaign_c,gen_n20000_rho0.3_independent-positive_seed4.pcf,dpac,0,0,1540678156,16372,16371,1086387138416392000,13120,2c83e501f034,2026-08-31T19:29:40Z,20000,5991,14009,,,,,,,,,,,,,,,,,
campaign_c,gen_n20000_rho0.3_independent-positive_seed4.pcf,dpac,1,0,1516335603,16372,16371,1086387138416392000,13120,2c83e501f034,2026-08-31T19:29:41Z,20000,5991,14009,,,,,,,,,,,,,,,,,
campaign_c,gen_n20000_rho0.3_independent-positive_seed4.pcf,dpac,2,0,1538011354,16372,16371,1086387138416392000,13120,2c83e501f034,2026-08-31T19:29:43Z,20000,5991,14009,,,,,,,,,,,,,,,,,
campaign_c,gen_n20000_rho0.3_independent-positive_seed5.pcf,dpac,0,0,1517483310,16407,16406,14912616021820639387,13120,2c83e501f034,2026-08-31T19:29:44Z,20000,5849,14151,,,,,,,,,,,,,,,,,
campaign_c,gen_n20000_rho0.3_independent-positive_seed5.pcf,dpac,1,0,1584327121,16407,16406,14912616021820639387,13120,2c83e501f034,2026-08-31T19:29:46Z,20000,5849,14151,,,,,,,,,,,,,,,,,
campaign_c,gen_n20000_rho0.3_independent-positive_seed5.pcf,dpac,2,0,1625008676,16407,16406,14912616021820639387,13120,2c83e501f034,2026-08-31T19:29:48Z,20000,5849,14151,,,,,,,,,,,,,,,,,
campaign_c,gen_n20000_rho0.3_independent-positive_seed6.pcf,dpac,0,0,1526573249,16250,16249,13012204385484060104,13120,2c83e501f034,2026-08-31T19:29:49Z,20000,6088,13912,,,,,,,,,,,,,,,,,
campaign_c,gen_n20000_rho0.3_independent-positive_seed6.pcf,dpac,1,0,1519569715,16250,16249,13012204385484060104,13120,2c83e501f034,2026-08-31T19:29:51Z,20000,6088,13912,,,,,,,,,,,,,,,,,
campaign_c,gen_n20000_rho0.3_independent-positive_seed6.pcf,dpac,2,0,1516877472,16250,16249,13012204385484060104,13120,2c83e501f034,2026-08-31T19:29:52Z,20000,6088,13912,,,,,,,,,,,,,,,,,
campaign_c,gen_n20000_rho0.3_independent-positive_seed7.pcf,dpac,0,0,1465986416,16413,16412,10529507740913073801,13120,2c83e501f034,2026-08-31T19:29:54Z,20000,5918,14082,,,,,,,,,,,,,,,,,
campaign_c,gen_n20000_rho0.3_independent-positive_seed7.pcf,dpac,1,0,1480351361,16413,16412,10529507740913073801,13120,2c83e501f034,2026-08-31T19:29:55Z,20000,5918,14082,,,,,,,,,,,,,,,,,
campaign_c,gen_n20000_rho0.3_independent-positive_seed7.pcf,dpac,2,0,1495961788,16413,16412,10529507740913073801,13120,2c83e501f034,2026-08-31T19:29:57Z,20000,5918,14082,,,,,,,,,,,,,,,,,
campaign_c,gen_n20000_rho0.3_independent-positive_seed8.pcf,dpac,0,0,1491345549,16346,16345,18380429314236105896,13120,2c83e501f034,2026-08-31T19:29:58Z,20000,6043,13957,,,,,,,,,,,,,,,,,
campaign_c,gen_n20000_rho0.3_independent-positive_seed8.pcf,dpac,1,0,1507064877,16346,16345,18380429314236105896,13120,2c83e501f034,2026-08-31T19:30:00Z,20000,6043,13957,,,,,,,,,,,,,,,,,
campaign_c,gen_n20000_rho0.3_independent-positive_seed8.pcf,dpac,2,0,1518340623,16346,16345,18380429314236105896,13120,2c83e501f034,2026-08-31T19:30:01Z,20000,6043,13957,,,,,,,,,,,,,,,,,
campaign_c,gen_n20000_rho0.3_independent-positive_seed9.pcf,dpac,0,0,1515365843,16380,16379,5633900205103538406,13120,2c83e501f034,2026-08-31T19:30:03Z,20000,5922,14078,,,,,,,,,,,,,,,,,
campaign_c,gen_n20000_rho0.3_independent-positive_seed9.pcf,dpac,1,0,1502507053,16380,16379,5633900205103538406,13120,2c83e501f034,2026-08-31T19:30:04Z,20000,5922,14078,,,,,,,,,,,,,,,,,
campaign_c,gen_n20000_rho0.3_independent-positive_seed9.pcf,dpac,2,0,1526526951,16380,16379,5633900205103538406,13120,2c83e501f034,2026-08-31T19:30:06Z,20000,5922,14078,,,,,,,,,,,,,,,,,
campaign_c,gen_n20000_rho0.3_independent-signed_seed0.pcf,dpac,0,0,1544139341,16670,16669,5227107726942572293,13120,2c83e501f034,2026-08-31T19:30:07Z,20000,5969,14031,,,,,,,,,,,,,,,,,
campaign_c,gen_n20000_rho0.3_independent-signed_seed0.pcf,dpac,1,0,1543201256,16670,16669,5227107726942572293,13120,2c83e501f034,2026-08-31T19:30:09Z,20000,5969,14031,,,,,,,,,,,,,,,,,
campaign_c,gen_n20000_rho0.3_independent-signed_seed0.pcf,dpac,2,0,1540166029,16670,16669,5227107726942572293,13120,2c83e501f034,2026-08-31T19:30:10Z,20000,5969,14031,,,,,,,,,,,,,,,,,
campaign_c,gen_n20000_rho0.3_independent-signed_seed1.pcf,dpac,0,0,1537952279,16614,16613,12601287027404346129,13120,2c83e501f034,2026-08-31T19:30:12Z,20000,6026,13974,,,,,,,,,,,,,,,,,
campaign_c,gen_n20000_rho0.3_independent-signed_seed1.pcf,dpac,1,0,1532490104,16614,16613,12601287027404346129,13120,2c83e501f034,2026-08-31T19:30:13Z,20000,6026,13974,,,,,,,,,,,,,,,,,
campaign_c,gen_n20000_rho0.3_independent-signed_seed1.pcf,dpac,2,0,1534188532,16614,16613,12601287027404346129,13120,2c83e501f034,2026-08-31T19:30:15Z,20000,6026,13974,,,,,,,,,,,,,,,,,
campaign_c,gen_n20000_rho0.3_independent-signed_seed2.pcf,dpac,0,0,1563561582,16728,16727,9475942163308538088,13120,2c83e501f034,2026-08-31T19:30:16Z,20000,5986,14014,,,,,,,,,,,,,,,,,
campaign_c,gen_n20000_rho0.3_independent-signed_seed2.pcf,dpac,1,0,1549685513,16728,16727,9475942163308538088,13120,2c83e501f034,2026-08-31T19:30:18Z,20000,5986,14014,,,,,,,,,,,,,,,,,
campaign_c,gen_n20000_rho0.3_independent-signed_seed2.pcf,dpac,2,0,1553638256,16728,16727,9475942163308538088,13120,2c83e501f034,2026-08-31T19:30:20Z,20000,5986,14014,,,,,,,,,,,,,,,,,
campaign_c,gen_n20000_rho0.3_independent-signed_seed3.pcf,dpac,0,0,1566926890,16624,16623,11683145524552255667,13120,2c83e501f034,2026-08-31T19:30:21Z,20000,6079,13921,,,,,,,,,,,,,,,,,
campaign_c,gen_n20000_rho0.3_independent-signed_seed3.pcf,dpac,1,0,1559763969,16624,16623,11683145524552255667,13120,2c83e501f034,2026-08-31T19:30:23Z,20000,6079,13921,,,,,,,,,,,,,,,,,
campaign_c,gen_n20000_rho0.3_independent-signed_seed3.pcf,dpac,2,0,1548651568,16624,16623,11683145524552255667,13120,2c83e501f034,2026-08-31T19:30:24Z,20000,6079,13921,,,,,,,,,,,,,,,,,
campaign_c,gen_n20000_rho0.3_independent-signed_seed4.pcf,dpac,0,0,1545397875,16646,16645,4367218424407503661,13120,2c83e501f034,2026-08-31T19:30:26Z,20000,5984,14016,,,,,,,,,,,,,,,,,
campaign_c,gen_n20000_rho0.3_independent-signed_seed4.pcf,dpac,1,0,1542090477,16646,16645,4367218424407503661,13120,2c83e501f034,2026-08-31T19:30:27Z,20000,5984,14016,,,,,,,,,,,,,,,,,
campaign_c,gen_n20000_rho0.3_independent-signed_seed4.pcf,dpac,2,0,1547581296,16646,16645,4367218424407503661,13120,2c83e501f034,2026-08-31T19:30:29Z,20000,5984,14016,,,,,,,,,,,,,,,,,
campaign_c,gen_n20000_rho0.3_independent-signed_seed5.pcf,dpac,0,0,1522508739,16728,16727,9563349717191822211,13120,2c83e501f034,2026-08-31T19:30:30Z,20000,5845,14155,,,,,,,,,,,,,,,,,
campaign_c,gen_n20000_rho0.3_independent-signed_seed5.pcf,dpac,1,0,1510107179,16728,16727,9563349717191822211,13120,2c83e501f034,2026-08-31T19:30:32Z,20000,5845,14155,,,,,,,,,,,,,,,,,
campaign_c,gen_n20000_rho0.3_independent-signed_seed5.pcf,dpac,2,0,1517309008,16728,16727,9563349717191822211,13120,2c83e501f034,2026-08-31T19:30:33Z,20000,5845,14155,,,,,,,,,,,,,,,,,
campaign_c,gen_n20000_rho0.3_independent-signed_seed6.pcf,dpac,0,0,1544956573,16474,16473,9302820574405152401,13120,2c83e501f034,2026-08-31T19:30:35Z,20000,6090,13910,,,,,,,,,,,,,,,,,
campaign_c,gen_n20000_rho0.3_independent-signed_seed6.pcf,dpac,1,0,1546612503,16474,16473,9302820574405152401,13120,2c83e501f034,2026-08-31T19:30:37Z,20000,6090,13910,,,,,,,,,,,,,,,,,
campaign_c,gen_n20000_rho0.3_independent-signed_seed6.pcf,dpac,2,0,1547138643,16474,16473,9302820574405152401,13120,2c83e501f034,2026-08-31T19:30:38Z,20000,6090,13910,,,,,,,,,,,,,,,,,
campaign_c,gen_n20000_rho0.3_independent-signed_seed7.pcf,dpac,0,0,1544760709,16646,16645,7654303131944340116,13120,2c83e501f034,2026-08-31T19:30:40Z,20000,5919,14081,,,,,,,,,,,,,,,,,
campaign_c,gen_n20000_rho0.3_independent-signed_seed7.pcf,dpac,1,0,1536390881,16646,16645,7654303131944340116,13120,2c83e501f034,2026-08-31T19:30:41Z,20000,5919,14081,,,,,,,,,,,,,,,,,
campaign_c,gen_n20000_rho0.3_independent-signed_seed7.pcf,dpac,2,0,1536162462,16646,16645,7654303131944340116,13120,2c83e501f034,2026-08-31T19:30:43Z,20000,5919,14081,,,,,,,,,,,,,,,,,
campaign_c,gen_n20000_rho0.3_independent-signed_seed8.pcf,dpac,0,0,1551570856,16575,16574,5103306954225037555,13120,2c83e501f034,2026-08-31T19:30:44Z,20000,6034,13966,,,,,,,,,,,,,,,,,
campaign_c,gen_n20000_rho0.3_independent-signed_seed8.pcf,dpac,1,0,1550191371,16575,16574,5103306954225037555,13120,2c83e501f034,2026-08-31T19:30:46Z,20000,6034,13966,,,,,,,,,,,,,,,,,
campaign_c,gen_n20000_rho0.3_independent-signed_seed8.pcf,dpac,2,0,1530591283,16575,16574,5103306954225037555,13120,2c83e501f034,2026-08-31T19:30:47Z,20000,6034,13966,,,,,,,,,,,,,,,,,
campaign_c,gen_n20000_rho0.3_independent-signed_seed9.pcf,dpac,0,0,1517451143,16622,16621,8777579605515665181,13120,2c83e501f034,2026-08-31T19:30:49Z,20000,5926,14074,,,,,,,,,,,,,,,,,
campaign_c,gen_n20000_rho0.3_independent-signed_seed9.pcf,dpac,1,0,1520733811,16622,16621,8777579605515665181,13120,2c83e501f034,2026-08-31T19:30:50Z,20000,5926,14074,,,,,,,,,,,,,,,,,
campaign_c,gen_n20000_rho0.3_independent-signed_seed9.pcf,dpac,2,0,1543690164,16622,16621,8777579605515665181,13120,2c83e501f034,2026-08-31T19:30:52Z,20000,5926,14074,,,,,,,,,,,,,,,,,
campaign_c,gen_n20000_rho0.3_near-ties_seed0.pcf,dpac,0,0,249029348,586,585,9446656453021419918,13280,2c83e501f034,2026-08-31T19:30:52Z,20000,6024,13976,,,,,,,,,,,,,,,,,
campaign_c,gen_n20000_rho0.3_near-ties_seed0.pcf,dpac,1,0,248369108,586,585,9446656453021419918,13280,2c83e501f034,2026-08-31T19:30:52Z,20000,6024,13976,,,,,,,,,,,,,,,,,
campaign_c,gen_n20000_rho0.3_near-ties_seed0.pcf,dpac,2,0,248732047,586,585,9446656453021419918,13280,2c83e501f034,2026-08-31T19:30:53Z,20000,6024,13976,,,,,,,,,,,,,,,,,
campaign_c,gen_n20000_rho0.3_near-ties_seed1.pcf,dpac,0,0,236208802,573,572,5378840306934242374,13280,2c83e501f034,2026-08-31T19:30:53Z,20000,5884,14116,,,,,,,,,,,,,,,,,
campaign_c,gen_n20000_rho0.3_near-ties_seed1.pcf,dpac,1,0,237591970,573,572,5378840306934242374,13280,2c83e501f034,2026-08-31T19:30:53Z,20000,5884,14116,,,,,,,,,,,,,,,,,
campaign_c,gen_n20000_rho0.3_near-ties_seed1.pcf,dpac,2,0,237613308,573,572,5378840306934242374,13280,2c83e501f034,2026-08-31T19:30:53Z,20000,5884,14116,,,,,,,,,,,,,,,,,
campaign_c,gen_n20000_rho0.3_near-ties_seed2.pcf,dpac,0,0,243567842,558,557,2231654101828542371,13280,2c83e501f034,2026-08-31T19:30:54Z,20000,5887,14113,,,,,,,,,,,,,,,,,
campaign_c,gen_n20000_rho0.3_near-ties_seed2.pcf,dpac,1,0,246619162,558,557,2231654101828542371,13280,2c83e501f034,2026-08-31T19:30:54Z,20000,5887,14113,,,,,,,,,,,,,,,,,
campaign_c,gen_n20000_rho0.3_near-ties_seed2.pcf,dpac,2,0,241540125,558,557,2231654101828542371,13280,2c83e501f034,2026-08-31T19:30:54Z,20000,5887,14113,,,,,,,,,,,,,,,,,
campaign_c,gen_n20000_rho0.3_near-ties_seed3.pcf,dpac,0,0,253630890,589,588,1941369108115793699,13280,2c83e501f034,2026-08-31T19:30:54Z,20000,6037,13963,,,,,,,,,,,,,,,,,
campaign_c,gen_n20000_rho0.3_near-ties_seed3.pcf,dpac,1,0,252435280,589,588,1941369108115793699,13280,2c83e501f034,2026-08-31T19:30:55Z,20000,6037,13963,,,,,,,,,,,,,,,,,
campaign_c,gen_n20000_rho0.3_near-ties_seed3.pcf,dpac,2,0,254013940,589,588,1941369108115793699,13280,2c83e501f034,2026-08-31T19:30:55Z,20000,6037,13963,,,,,,,,,,,,,,,,,
campaign_c,gen_n20000_rho0.3_near-ties_seed4.pcf,dpac,0,0,250390512,566,565,2080066029210125244,13280,2c83e501f034,2026-08-31T19:30:55Z,20000,5918,14082,,,,,,,,,,,,,,,,,
campaign_c,gen_n20000_rho0.3_near-ties_seed4.pcf,dpac,1,0,303184939,566,565,2080066029210125244,13280,2c83e501f034,2026-08-31T19:30:55Z,20000,5918,14082,,,,,,,,,,,,,,,,,
campaign_c,gen_n20000_rho0.3_near-ties_seed4.pcf,dpac,2,0,366906861,566,565,2080066029210125244,13280,2c83e501f034,2026-08-31T19:30:56Z,20000,5918,14082,,,,,,,,,,,,,,,,,
campaign_c,gen_n20000_rho0.3_near-ties_seed5.pcf,dpac,0,0,301727212,583,582,7124492419133462106,13280,2c83e501f034,2026-08-31T19:30:56Z,20000,5900,14100,,,,,,,,,,,,,,,,,
campaign_c,gen_n20000_rho0.3_near-ties_seed5.pcf,dpac,1,0,255635109,583,582,7124492419133462106,13280,2c83e501f034,2026-08-31T19:30:56Z,20000,5900,14100,,,,,,,,,,,,,,,,,
campaign_c,gen_n20000_rho0.3_near-ties_seed5.pcf,dpac,2,0,257641022,583,582,7124492419133462106,13280,2c83e501f034,2026-08-31T19:30:57Z,20000,5900,14100,,,,,,,,,,,,,,,,,
campaign_c,gen_n20000_rho0.3_near-ties_seed6.pcf,dpac,0,0,243640692,564,563,16520611953585371205,13280,2c83e501f034,2026-08-31T19:30:57Z,20000,5949,14051,,,,,,,,,,,,,,,,,
campaign_c,gen_n20000_rho0.3_near-ties_seed6.pcf,dpac,1,0,243473123,564,563,16520611953585371205,13280,2c83e501f034,2026-08-31T19:30:57Z,20000,5949,14051,,,,,,,,,,,,,,,,,
campaign_c,gen_n20000_rho0.3_near-ties_seed6.pcf,dpac,2,0,242747121,564,563,16520611953585371205,13280,2c83e501f034,2026-08-31T19:30:57Z,20000,5949,14051,,,,,,,,,,,,,,,,,
campaign_c,gen_n20000_rho0.3_near-ties_seed7.pcf,dpac,0,0,242823914,575,574,865528565059504039,13280,2c83e501f034,2026-08-31T19:30:58Z,20000,5968,14032,,,,,,,,,,,,,,,,,
campaign_c,gen_n20000_rho0.3_near-ties_seed7.pcf,dpac,1,0,253852013,575,574,865528565059504039,13280,2c83e501f034,2026-08-31T19:30:58Z,20000,5968,14032,,,,,,,,,,,,,,,,,
campaign_c,gen_n20000_rho0.3_near-ties_seed7.pcf,dpac,2,0,250568160,575,574,865528565059504039,13280,2c83e501f034,2026-08-31T19:30:58Z,20000,5968,14032,,,,,,,,,,,,,,,,,
campaign_c,gen_n20000_rho0.3_near-ties_seed8.pcf,dpac,0,0,247688290,565,564,5066111828461222366,13280,2c83e501f034,2026-08-31T19:30:58Z,20000,6032,13968,,,,,,,,,,,,,,,,,
campaign_c,gen_n20000_rho0.3_near-ties_seed8.pcf,dpac,1,0,251323626,565,564,5066111828461222366,13280,2c83e501f034,2026-08-31T19:30:59Z,20000,6032,13968,,,,,,,,,,,,,,,,,
campaign_c,gen_n20000_rho0.3_near-ties_seed8.pcf,dpac,2,0,250966652,565,564,5066111828461222366,13280,2c83e501f034,2026-08-31T19:30:59Z,20000,6032,13968,,,,,,,,,,,,,,,,,
campaign_c,gen_n20000_rho0.3_near-ties_seed9.pcf,dpac,0,0,247571315,583,582,16671047553489984642,13280,2c83e501f034,2026-08-31T19:30:59Z,20000,5936,14064,,,,,,,,,,,,,,,,,
campaign_c,gen_n20000_rho0.3_near-ties_seed9.pcf,dpac,1,0,245948574,583,582,16671047553489984642,13280,2c83e501f034,2026-08-31T19:30:59Z,20000,5936,14064,,,,,,,,,,,,,,,,,
campaign_c,gen_n20000_rho0.3_near-ties_seed9.pcf,dpac,2,0,245040300,583,582,16671047553489984642,13280,2c83e501f034,2026-08-31T19:31:00Z,20000,5936,14064,,,,,,,,,,,,,,,,,
campaign_c,gen_n20000_rho0.6_anti-correlated_seed0.pcf,dpac,0,0,2226608203,13290,13289,5698930648866200538,13280,2c83e501f034,2026-08-31T19:31:02Z,20000,12043,7957,,,,,,,,,,,,,,,,,
campaign_c,gen_n20000_rho0.6_anti-correlated_seed0.pcf,dpac,1,0,2205597536,13290,13289,5698930648866200538,13280,2c83e501f034,2026-08-31T19:31:04Z,20000,12043,7957,,,,,,,,,,,,,,,,,
campaign_c,gen_n20000_rho0.6_anti-correlated_seed0.pcf,dpac,2,0,2223172609,13290,13289,5698930648866200538,13280,2c83e501f034,2026-08-31T19:31:06Z,20000,12043,7957,,,,,,,,,,,,,,,,,
campaign_c,gen_n20000_rho0.6_anti-correlated_seed1.pcf,dpac,0,0,2182463401,13345,13344,14431109029173808315,13280,2c83e501f034,2026-08-31T19:31:09Z,20000,12060,7940,,,,,,,,,,,,,,,,,
campaign_c,gen_n20000_rho0.6_anti-correlated_seed1.pcf,dpac,1,0,2196043822,13345,13344,14431109029173808315,13280,2c83e501f034,2026-08-31T19:31:11Z,20000,12060,7940,,,,,,,,,,,,,,,,,
campaign_c,gen_n20000_rho0.6_anti-correlated_seed1.pcf,dpac,2,0,2210014295,13345,13344,14431109029173808315,13280,2c83e501f034,2026-08-31T19:31:13Z,20000,12060,7940,,,,,,,,,,,,,,,,,
campaign_c,gen_n20000_rho0.6_anti-correlated_seed2.pcf,dpac,0,0,2206987047,13106,13105,6717286953900240365,13280,2c83e501f034,2026-08-31T19:31:15Z,20000,12146,7854,,,,,,,,,,,,,,,,,
campaign_c,gen_n20000_rho0.6_anti-correlated_seed2.pcf,dpac,1,0,2184390021,13106,13105,6717286953900240365,13280,2c83e501f034,2026-08-31T19:31:17Z,20000,12146,7854,,,,,,,,,,,,,,,,,
campaign_c,gen_n20000_rho0.6_anti-correlated_seed2.pcf,dpac,2,0,2180613016,13106,13105,6717286953900240365,13280,2c83e501f034,2026-08-31T19:31:19Z,20000,12146,7854,,,,,,,,,,,,,,,,,
campaign_c,gen_n20000_rho0.6_anti-correlated_seed3.pcf,dpac,0,0,2214803538,13276,13275,1055170657349012568,13280,2c83e501f034,2026-08-31T19:31:22Z,20000,11970,8030,,,,,,,,,,,,,,,,,
campaign_c,gen_n20000_rho0.6_anti-correlated_seed3.pcf,dpac,1,0,2181021606,13276,13275,1055170657349012568,13280,2c83e501f034,2026-08-31T19:31:24Z,20000,11970,8030,,,,,,,,,,,,,,,,,
campaign_c,gen_n20000_rho0.6_anti-correlated_seed3.pcf,dpac,2,0,2204480540,13276,13275,1055170657349012568,13280,2c83e501f034,2026-08-31T19:31:26Z,20000,11970,8030,,,,,,,,,,,,,,,,,
campaign_c,gen_n20000_rho0.6_anti-correlated_seed4.pcf,dpac,0,0,2172989055,13313,13312,550164241157170071,13280,2c83e501f034,2026-08-31T19:31:28Z,20000,11943,8057,,,,,,,,,,,,,,,,,
campaign_c,gen_n20000_rho0.6_anti-correlated_seed4.pcf,dpac,1,0,2148239742,13313,13312,550164241157170071,13280,2c83e501f034,2026-08-31T19:31:30Z,20000,11943,8057,,,,,,,,,,,,,,,,,
campaign_c,gen_n20000_rho0.6_anti-correlated_seed4.pcf,dpac,2,0,2230922309,13313,13312,550164241157170071,13280,2c83e501f034,2026-08-31T19:31:33Z,20000,11943,8057,,,,,,,,,,,,,,,,,
campaign_c,gen_n20000_rho0.6_anti-correlated_seed5.pcf,dpac,0,0,2207395265,13277,13276,1752604653290158243,13280,2c83e501f034,2026-08-31T19:31:35Z,20000,11885,8115,,,,,,,,,,,,,,,,,
campaign_c,gen_n20000_rho0.6_anti-correlated_seed5.pcf,dpac,1,0,2161233084,13277,13276,1752604653290158243,13280,2c83e501f034,2026-08-31T19:31:37Z,20000,11885,8115,,,,,,,,,,,,,,,,,
campaign_c,gen_n20000_rho0.6_anti-correlated_seed5.pcf,dpac,2,0,2182526672,13277,13276,1752604653290158243,13280,2c83e501f034,2026-08-31T19:31:39Z,20000,11885,8115,,,,,,,,,,,,,,,,,
campaign_c,gen_n20000_rho0.6_anti-correlated_seed6.pcf,dpac,0,0,2206037958,13315,13314,18072033182925899074,13280,2c83e501f034,2026-08-31T19:31:41Z,20000,11977,8023,,,,,,,,,,,,,,,,,
campaign_c,gen_n20000_rho0.6_anti-correlated_seed6.pcf,dpac,1,0,2160988742,13315,13314,18072033182925899074,13280,2c83e501f034,2026-08-31T19:31:44Z,20000,11977,8023,,,,,,,,,,,,,,,,,
campaign_c,gen_n20000_rho0.6_anti-correlated_seed6.pcf,dpac,2,0,2173614698,13315,13314,18072033182925899074,13280,2c83e501f034,2026-08-31T19:31:46Z,20000,11977,8023,,,,,,,,,,,,,,,,,
campaign_c,gen_n20000_rho0.6_anti-correlated_seed7.pcf,dpac,0,0,2217562559,13229,13228,13266978173255296677,13280,2c83e501f034,2026-08-31T19:31:48Z,20000,12111,7889,,,,,,,,,,,,,,,,,
campaign_c,gen_n20000_rho0.6_anti-correlated_seed7.pcf,dpac,1,0,2188345605,13229,13228,13266978173255296677,13280,2c83e501f034,2026-08-31T19:31:50Z,20000,12111,7889,,,,,,,,,,,,,,,,,
campaign_c,gen_n20000_rho0.6_anti-correlated_seed7.pcf,dpac,2,0,2217806579,13229,13228,13266978173255296677,13280,2c83e501f034,2026-08-31T19:31:52Z,20000,12111,7889,,,,,,,,,,,,,,,,,
campaign_c,gen_n20000_rho0.6_anti-correlated_seed8.pcf,dpac,0,0,2214824880,13370,13369,17973222675409134424,13280,2c83e501f034,2026-08-31T19:31:55Z,20000,12045,7955,,,,,,,,,,,,,,,,,
campaign_c,gen_n20000_rho0.6_anti-correlated_seed8.pcf,dpac,1,0,2192967027,13370,13369,17973222675409134424,13280,2c83e501f034,2026-08-31T19:31:57Z,20000,12045,7955,,,,,,,,,,,,,,,,,
campaign_c,gen_n20000_rho0.6_anti-correlated_seed8.pcf,dpac,2,0,2182018378,13370,13369,17973222675409134424,13280,2c83e501f034,2026-08-31T19:31:59Z,20000,12045,7955,,,,,,,,,,,,,,,,,
campaign_c,gen_n20000_rho0.6_anti-correlated_seed9.pcf,dpac,0,0,2175309938,13312,13311,15257308775213158814,13440,2c83e501f034,2026-08-31T19:32:01Z,20000,12008,7992,,,,,,,,,,,,,,,,,
campaign_c,gen_n20000_rho0.6_anti-correlated_seed9.pcf,dpac,1,0,2200200197,13312,13311,15257308775213158814,13440,2c83e501f034,2026-08-31T19:32:03Z,20000,12008,7992,,,,,,,,,,,,,,,,,
campaign_c,gen_n20000_rho0.6_anti-correlated_seed9.pcf,dpac,2,0,2167397420,13312,13311,15257308775213158814,13440,2c83e501f034,2026-08-31T19:32:06Z,20000,12008,7992,,,,,,,,,,,,,,,,,
campaign_c,gen_n20000_rho0.6_correlated_seed0.pcf,dpac,0,0,2034800254,11754,11753,18408126049285097011,13440,2c83e501f034,2026-08-31T19:32:08Z,20000,12043,7957,,,,,,,,,,,,,,,,,
campaign_c,gen_n20000_rho0.6_correlated_seed0.pcf,dpac,1,0,2005569778,11754,11753,18408126049285097011,13440,2c83e501f034,2026-08-31T19:32:10Z,20000,12043,7957,,,,,,,,,,,,,,,,,
campaign_c,gen_n20000_rho0.6_correlated_seed0.pcf,dpac,2,0,2002687104,11754,11753,18408126049285097011,13440,2c83e501f034,2026-08-31T19:32:12Z,20000,12043,7957,,,,,,,,,,,,,,,,,
campaign_c,gen_n20000_rho0.6_correlated_seed1.pcf,dpac,0,0,2034835306,11726,11725,18415839457416724455,13440,2c83e501f034,2026-08-31T19:32:14Z,20000,12060,7940,,,,,,,,,,,,,,,,,
campaign_c,gen_n20000_rho0.6_correlated_seed1.pcf,dpac,1,0,1991308835,11726,11725,18415839457416724455,13440,2c83e501f034,2026-08-31T19:32:16Z,20000,12060,7940,,,,,,,,,,,,,,,,,
campaign_c,gen_n20000_rho0.6_correlated_seed1.pcf,dpac,2,0,1991492613,11726,11725,18415839457416724455,13440,2c83e501f034,2026-08-31T19:32:18Z,20000,12060,7940,,,,,,,,,,,,,,,,,
campaign_c,gen_n20000_rho0.6_correlated_seed2.pcf,dpac,0,0,2005383306,11540,11539,8503796596292173032,13440,2c83e501f034,2026-08-31T19:32:20Z,20000,12146,7854,,,,,,,,,,,,,,,,,
campaign_c,gen_n20000_rho0.6_correlated_seed2.pcf,dpac,1,0,1994191654,11540,11539,8503796596292173032,13440,2c83e501f034,2026-08-31T19:32:22Z,20000,12146,7854,,,,,,,,,,,,,,,,,
campaign_c,gen_n20000_rho0.6_correlated_seed2.pcf,dpac,2,0,2040347215,11540,11539,8503796596292173032,13440,2c83e501f034,2026-08-31T19:32:24Z,20000,12146,7854,,,,,,,,,,,,,,,,,
campaign_c,gen_n20000_rho0.6_correlated_seed3.pcf,dpac,0,0,1992487021,11705,11704,17641778146604058645,13440,2c83e501f034,2026-08-31T19:32:26Z,20000,11970,8030,,,,,,,,,,,,,,,,,
campaign_c,gen_n20000_rho0.6_correlated_seed3.pcf,dpac,1,0,2011228452,11705,11704,17641778146604058645,13440,2c83e501f034,2026-08-31T19:32:28Z,20000,11970,8030,,,,,,,,,,,,,,,,,
campaign_c,gen_n20000_rho0.6_correlated_seed3.pcf,dpac,2,0,2010672462,11705,11704,17641778146604058645,13440,2c83e501f034,2026-08-31T19:32:30Z,20000,11970,8030,,,,,,,,,,,,,,,,,
campaign_c,gen_n20000_rho0.6_correlated_seed4.pcf,dpac,0,0,2015154959,11756,11755,15121148998626532537,13440,2c83e501f034,2026-08-31T19:32:32Z,20000,11943,8057,,,,,,,,,,,,,,,,,
campaign_c,gen_n20000_rho0.6_correlated_seed4.pcf,dpac,1,0,2017227050,11756,11755,15121148998626532537,13440,2c83e501f034,2026-08-31T19:32:34Z,20000,11943,8057,,,,,,,,,,,,,,,,,
campaign_c,gen_n20000_rho0.6_correlated_seed4.pcf,dpac,2,0,2223405775,11756,11755,15121148998626532537,13440,2c83e501f034,2026-08-31T19:32:36Z,20000,11943,8057,,,,,,,,,,,,,,,,,
campaign_c,gen_n20000_rho0.6_correlated_seed5.pcf,dpac,0,0,2236547347,11754,11753,13104492188807254591,13440,2c83e501f034,2026-08-31T19:32:38Z,20000,11885,8115,,,,,,,,,,,,,,,,,
campaign_c,gen_n20000_rho0.6_correlated_seed5.pcf,dpac,1,0,2009433342,11754,11753,13104492188807254591,13440,2c83e501f034,2026-08-31T19:32:40Z,20000,11885,8115,,,,,,,,,,,,,,,,,
campaign_c,gen_n20000_rho0.6_correlated_seed5.pcf,dpac,2,0,2011879870,11754,11753,13104492188807254591,13440,2c83e501f034,2026-08-31T19:32:42Z,20000,11885,8115,,,,,,,,,,,,,,,,,
campaign_c,gen_n20000_rho0.6_correlated_seed6.pcf,dpac,0,0,2029115237,11636,11635,12473045096871567922,13440,2c83e501f034,2026-08-31T19:32:44Z,20000,11977,8023,,,,,,,,,,,,,,,,,
campaign_c,gen_n20000_rho0.6_correlated_seed6.pcf,dpac,1,0,2023683509,11636,11635,12473045096871567922,13440,2c83e501f034,2026-08-31T19:32:46Z,20000,11977,8023,,,,,,,,,,,,,,,,,
campaign_c,gen_n20000_rho0.6_correlated_seed6.pcf,dpac,2,0,2020431422,11636,11635,12473045096871567922,13440,2c83e501f034,2026-08-31T19:32:48Z,20000,11977,8023,,,,,,,,,,,,,,,,,
campaign_c,gen_n20000_rho0.6_correlated_seed7.pcf,dpac,0,0,2036735418,11668,11667,14542091389362146875,13440,2c83e501f034,2026-08-31T19:32:50Z,20000,12111,7889,,,,,,,,,,,,,,,,,
campaign_c,gen_n20000_rho0.6_correlated_seed7.pcf,dpac,1,0,2043903841,11668,11667,14542091389362146875,13440,2c83e501f034,2026-08-31T19:32:52Z,20000,12111,7889,,,,,,,,,,,,,,,,,
campaign_c,gen_n20000_rho0.6_correlated_seed7.pcf,dpac,2,0,2044760438,11668,11667,14542091389362146875,13440,2c83e501f034,2026-08-31T19:32:54Z,20000,12111,7889,,,,,,,,,,,,,,,,,
campaign_c,gen_n20000_rho0.6_correlated_seed8.pcf,dpac,0,0,2036711327,11707,11706,7623480991811682499,13440,2c83e501f034,2026-08-31T19:32:57Z,20000,12045,7955,,,,,,,,,,,,,,,,,
campaign_c,gen_n20000_rho0.6_correlated_seed8.pcf,dpac,1,0,2055427169,11707,11706,7623480991811682499,13440,2c83e501f034,2026-08-31T19:32:59Z,20000,12045,7955,,,,,,,,,,,,,,,,,
campaign_c,gen_n20000_rho0.6_correlated_seed8.pcf,dpac,2,0,2039421695,11707,11706,7623480991811682499,13440,2c83e501f034,2026-08-31T19:33:01Z,20000,12045,7955,,,,,,,,,,,,,,,,,
campaign_c,gen_n20000_rho0.6_correlated_seed9.pcf,dpac,0,0,2020402067,11704,11703,13273396215714118625,13440,2c83e501f034,2026-08-31T19:33:03Z,20000,12008,7992,,,,,,,,,,,,,,,,,
campaign_c,gen_n20000_rho0.6_correlated_seed9.pcf,dpac,1,0,2041437694,11704,11703,13273396215714118625,13440,2c83e501f034,2026-08-31T19:33:05Z,20000,12008,7992,,,,,,,,,,,,,,,,,
campaign_c,gen_n20000_rho0.6_correlated_seed9.pcf,dpac,2,0,2046430258,11704,11703,13273396215714118625,13440,2c83e501f034,2026-08-31T19:33:07Z,20000,12008,7992,,,,,,,,,,,,,,,,,
campaign_c,gen_n20000_rho0.6_exact-ties_seed0.pcf,dpac,0,0,1033204423,3319,3318,11018176151596326318,13440,2c83e501f034,2026-08-31T19:33:08Z,20000,12081,7919,,,,,,,,,,,,,,,,,
campaign_c,gen_n20000_rho0.6_exact-ties_seed0.pcf,dpac,1,0,1030888499,3319,3318,11018176151596326318,13440,2c83e501f034,2026-08-31T19:33:09Z,20000,12081,7919,,,,,,,,,,,,,,,,,
campaign_c,gen_n20000_rho0.6_exact-ties_seed0.pcf,dpac,2,0,1029689458,3319,3318,11018176151596326318,13440,2c83e501f034,2026-08-31T19:33:10Z,20000,12081,7919,,,,,,,,,,,,,,,,,
campaign_c,gen_n20000_rho0.6_exact-ties_seed1.pcf,dpac,0,0,1027200857,3332,3331,16766858121553686841,13440,2c83e501f034,2026-08-31T19:33:11Z,20000,12019,7981,,,,,,,,,,,,,,,,,
campaign_c,gen_n20000_rho0.6_exact-ties_seed1.pcf,dpac,1,0,1021106029,3332,3331,16766858121553686841,13440,2c83e501f034,2026-08-31T19:33:12Z,20000,12019,7981,,,,,,,,,,,,,,,,,
campaign_c,gen_n20000_rho0.6_exact-ties_seed1.pcf,dpac,2,0,1022497245,3332,3331,16766858121553686841,13440,2c83e501f034,2026-08-31T19:33:13Z,20000,12019,7981,,,,,,,,,,,,,,,,,
campaign_c,gen_n20000_rho0.6_exact-ties_seed2.pcf,dpac,0,0,1015456043,3273,3272,15686825743694014045,13440,2c83e501f034,2026-08-31T19:33:14Z,20000,12122,7878,,,,,,,,,,,,,,,,,
campaign_c,gen_n20000_rho0.6_exact-ties_seed2.pcf,dpac,1,0,1013788307,3273,3272,15686825743694014045,13440,2c83e501f034,2026-08-31T19:33:15Z,20000,12122,7878,,,,,,,,,,,,,,,,,
campaign_c,gen_n20000_rho0.6_exact-ties_seed2.pcf,dpac,2,0,1014861108,3273,3272,15686825743694014045,13440,2c83e501f034,2026-08-31T19:33:16Z,20000,12122,7878,,,,,,,,,,,,,,,,,
campaign_c,gen_n20000_rho0.6_exact-ties_seed3.pcf,dpac,0,0,1025619061,3295,3294,13978376891166031578,13440,2c83e501f034,2026-08-31T19:33:17Z,20000,12044,7956,,,,,,,,,,,,,,,,,
campaign_c,gen_n20000_rho0.6_exact-ties_seed3.pcf,dpac,1,0,1027377536,3295,3294,13978376891166031578,13440,2c83e501f034,2026-08-31T19:33:18Z,20000,12044,7956,,,,,,,,,,,,,,,,,
campaign_c,gen_n20000_rho0.6_exact-ties_seed3.pcf,dpac,2,0,1021646104,3295,3294,13978376891166031578,13440,2c83e501f034,2026-08-31T19:33:19Z,20000,12044,7956,,,,,,,,,,,,,,,,,
campaign_c,gen_n20000_rho0.6_exact-ties_seed4.pcf,dpac,0,0,1003768656,3274,3273,17996527723202616556,13440,2c83e501f034,2026-08-31T19:33:20Z,20000,11908,8092,,,,,,,,,,,,,,,,,
campaign_c,gen_n20000_rho0.6_exact-ties_seed4.pcf,dpac,1,0,1002026502,3274,3273,17996527723202616556,13440,2c83e501f034,2026-08-31T19:33:21Z,20000,11908,8092,,,,,,,,,,,,,,,,,
campaign_c,gen_n20000_rho0.6_exact-ties_seed4.pcf,dpac,2,0,1003046869,3274,3273,17996527723202616556,13440,2c83e501f034,2026-08-31T19:33:22Z,20000,11908,8092,,,,,,,,,,,,,,,,,
campaign_c,gen_n20000_rho0.6_exact-ties_seed5.pcf,dpac,0,0,1033212246,3308,3307,12414019460952689171,13440,2c83e501f034,2026-08-31T19:33:23Z,20000,11974,8026,,,,,,,,,,,,,,,,,
campaign_c,gen_n20000_rho0.6_exact-ties_seed5.pcf,dpac,1,0,1014342210,3308,3307,12414019460952689171,13440,2c83e501f034,2026-08-31T19:33:24Z,20000,11974,8026,,,,,,,,,,,,,,,,,
campaign_c,gen_n20000_rho0.6_exact-ties_seed5.pcf,dpac,2,0,1019644049,3308,3307,12414019460952689171,13440,2c83e501f034,2026-08-31T19:33:25Z,20000,11974,8026,,,,,,,,,,,,,,,,,
campaign_c,gen_n20000_rho0.6_exact-ties_seed6.pcf,dpac,0,0,1020600810,3267,3266,10914585557633529231,13440,2c83e501f034,2026-08-31T19:33:26Z,20000,11995,8005,,,,,,,,,,,,,,,,,
campaign_c,gen_n20000_rho0.6_exact-ties_seed6.pcf,dpac,1,0,1020161652,3267,3266,10914585557633529231,13440,2c83e501f034,2026-08-31T19:33:27Z,20000,11995,8005,,,,,,,,,,,,,,,,,
campaign_c,gen_n20000_rho0.6_exact-ties_seed6.pcf,dpac,2,0,1021843628,3267,3266,10914585557633529231,13440,2c83e501f034,2026-08-31T19:33:28Z,20000,11995,8005,,,,,,,,,,,,,,,,,
campaign_c,gen_n20000_rho0.6_exact-ties_seed7.pcf,dpac,0,0,1011589636,3300,3299,1248432737485796161,13440,2c83e501f034,2026-08-31T19:33:29Z,20000,11988,8012,,,,,,,,,,,,,,,,,
campaign_c,gen_n20000_rho0.6_exact-ties_seed7.pcf,dpac,1,0,1010363245,3300,3299,1248432737485796161,13440,2c83e501f034,2026-08-31T19:33:30Z,20000,11988,8012,,,,,,,,,,,,,,,,,
campaign_c,gen_n20000_rho0.6_exact-ties_seed7.pcf,dpac,2,0,1009604921,3300,3299,1248432737485796161,13440,2c83e501f034,2026-08-31T19:33:31Z,20000,11988,8012,,,,,,,,,,,,,,,,,
campaign_c,gen_n20000_rho0.6_exact-ties_seed8.pcf,dpac,0,0,1021738599,3280,3279,18264938694615446687,13600,2c83e501f034,2026-08-31T19:33:32Z,20000,12091,7909,,,,,,,,,,,,,,,,,
campaign_c,gen_n20000_rho0.6_exact-ties_seed8.pcf,dpac,1,0,1020603505,3280,3279,18264938694615446687,13600,2c83e501f034,2026-08-31T19:33:33Z,20000,12091,7909,,,,,,,,,,,,,,,,,
campaign_c,gen_n20000_rho0.6_exact-ties_seed8.pcf,dpac,2,0,1023498563,3280,3279,18264938694615446687,13600,2c83e501f034,2026-08-31T19:33:34Z,20000,12091,7909,,,,,,,,,,,,,,,,,
campaign_c,gen_n20000_rho0.6_exact-ties_seed9.pcf,dpac,0,0,1028066238,3385,3384,15399651552109254832,13600,2c83e501f034,2026-08-31T19:33:35Z,20000,11952,8048,,,,,,,,,,,,,,,,,
campaign_c,gen_n20000_rho0.6_exact-ties_seed9.pcf,dpac,1,0,1022805930,3385,3384,15399651552109254832,13600,2c83e501f034,2026-08-31T19:33:36Z,20000,11952,8048,,,,,,,,,,,,,,,,,
campaign_c,gen_n20000_rho0.6_exact-ties_seed9.pcf,dpac,2,0,1023747970,3385,3384,15399651552109254832,13600,2c83e501f034,2026-08-31T19:33:37Z,20000,11952,8048,,,,,,,,,,,,,,,,,
campaign_c,gen_n20000_rho0.6_independent-positive_seed0.pcf,dpac,0,0,2258135854,13612,13611,10271809757910803443,13600,2c83e501f034,2026-08-31T19:33:40Z,20000,12062,7938,,,,,,,,,,,,,,,,,
campaign_c,gen_n20000_rho0.6_independent-positive_seed0.pcf,dpac,1,0,2262911116,13612,13611,10271809757910803443,13600,2c83e501f034,2026-08-31T19:33:42Z,20000,12062,7938,,,,,,,,,,,,,,,,,
campaign_c,gen_n20000_rho0.6_independent-positive_seed0.pcf,dpac,2,0,2262413811,13612,13611,10271809757910803443,13600,2c83e501f034,2026-08-31T19:33:44Z,20000,12062,7938,,,,,,,,,,,,,,,,,
campaign_c,gen_n20000_rho0.6_independent-positive_seed1.pcf,dpac,0,0,2326694726,13636,13635,5307152866780152372,13600,2c83e501f034,2026-08-31T19:33:47Z,20000,12038,7962,,,,,,,,,,,,,,,,,
campaign_c,gen_n20000_rho0.6_independent-positive_seed1.pcf,dpac,1,0,2271005537,13636,13635,5307152866780152372,13600,2c83e501f034,2026-08-31T19:33:49Z,20000,12038,7962,,,,,,,,,,,,,,,,,
campaign_c,gen_n20000_rho0.6_independent-positive_seed1.pcf,dpac,2,0,2257941077,13636,13635,5307152866780152372,13600,2c83e501f034,2026-08-31T19:33:51Z,20000,12038,7962,,,,,,,,,,,,,,,,,
campaign_c,gen_n20000_rho0.6_independent-positive_seed2.pcf,dpac,0,0,2246013435,13507,13506,9937951241531423458,13600,2c83e501f034,2026-08-31T19:33:53Z,20000,12050,7950,,,,,,,,,,,,,,,,,
campaign_c,gen_n20000_rho0.6_independent-positive_seed2.pcf,dpac,1,0,2240925121,13507,13506,9937951241531423458,13600,2c83e501f034,2026-08-31T19:33:56Z,20000,12050,7950,,,,,,,,,,,,,,,,,
campaign_c,gen_n20000_rho0.6_independent-positive_seed2.pcf,dpac,2,0,2240264951,13507,13506,9937951241531423458,13600,2c83e501f034,2026-08-31T19:33:58Z,20000,12050,7950,,,,,,,,,,,,,,,,,
campaign_c,gen_n20000_rho0.6_independent-positive_seed3.pcf,dpac,0,0,2256835444,13634,13633,12227066182623389215,13600,2c83e501f034,2026-08-31T19:34:00Z,20000,12050,7950,,,,,,,,,,,,,,,,,
campaign_c,gen_n20000_rho0.6_independent-positive_seed3.pcf,dpac,1,0,2249268806,13634,13633,12227066182623389215,13600,2c83e501f034,2026-08-31T19:34:02Z,20000,12050,7950,,,,,,,,,,,,,,,,,
campaign_c,gen_n20000_rho0.6_independent-positive_seed3.pcf,dpac,2,0,2255409927,13634,13633,12227066182623389215,13600,2c83e501f034,2026-08-31T19:34:05Z,20000,12050,7950,,,,,,,,,,,,,,,,,
campaign_c,gen_n20000_rho0.6_independent-positive_seed4.pcf,dpac,0,0,2234926805,13704,13703,13510515812905069074,13600,2c83e501f034,2026-08-31T19:34:07Z,20000,11850,8150,,,,,,,,,,,,,,,,,
campaign_c,gen_n20000_rho0.6_independent-positive_seed4.pcf,dpac,1,0,2230459094,13704,13703,13510515812905069074,13600,2c83e501f034,2026-08-31T19:34:09Z,20000,11850,8150,,,,,,,,,,,,,,,,,
campaign_c,gen_n20000_rho0.6_independent-positive_seed4.pcf,dpac,2,0,2236728458,13704,13703,13510515812905069074,13600,2c83e501f034,2026-08-31T19:34:11Z,20000,11850,8150,,,,,,,,,,,,,,,,,
campaign_c,gen_n20000_rho0.6_independent-positive_seed5.pcf,dpac,0,0,2241510002,13633,13632,8586463670008612776,13600,2c83e501f034,2026-08-31T19:34:14Z,20000,11890,8110,,,,,,,,,,,,,,,,,
campaign_c,gen_n20000_rho0.6_independent-positive_seed5.pcf,dpac,1,0,2234092901,13633,13632,8586463670008612776,13600,2c83e501f034,2026-08-31T19:34:16Z,20000,11890,8110,,,,,,,,,,,,,,,,,
campaign_c,gen_n20000_rho0.6_independent-positive_seed5.pcf,dpac,2,0,2241238351,13633,13632,8586463670008612776,13600,2c83e501f034,2026-08-31T19:34:18Z,20000,11890,8110,,,,,,,,,,,,,,,,,
campaign_c,gen_n20000_rho0.6_independent-positive_seed6.pcf,dpac,0,0,2253441504,13626,13625,3531460841920015411,13600,2c83e501f034,2026-08-31T19:34:20Z,20000,12030,7970,,,,,,,,,,,,,,,,,
campaign_c,gen_n20000_rho0.6_independent-positive_seed6.pcf,dpac,1,0,2258011097,13626,13625,3531460841920015411,13600,2c83e501f034,2026-08-31T19:34:23Z,20000,12030,7970,,,,,,,,,,,,,,,,,
campaign_c,gen_n20000_rho0.6_independent-positive_seed6.pcf,dpac,2,0,2254325762,13626,13625,3531460841920015411,13600,2c83e501f034,2026-08-31T19:34:25Z,20000,12030,7970,,,,,,,,,,,,,,,,,
campaign_c,gen_n20000_rho0.6_independent-positive_seed7.pcf,dpac,0,0,2255896854,13525,13524,14783991904537330122,13600,2c83e501f034,2026-08-31T19:34:27Z,20000,12094,7906,,,,,,,,,,,,,,,,,
campaign_c,gen_n20000_rho0.6_independent-positive_seed7.pcf,dpac,1,0,2264377733,13525,13524,14783991904537330122,13600,2c83e501f034,2026-08-31T19:34:29Z,20000,12094,7906,,,,,,,,,,,,,,,,,
campaign_c,gen_n20000_rho0.6_independent-positive_seed7.pcf,dpac,2,0,2262958240,13525,13524,14783991904537330122,13600,2c83e501f034,2026-08-31T19:34:32Z,20000,12094,7906,,,,,,,,,,,,,,,,,
campaign_c,gen_n20000_rho0.6_independent-positive_seed8.pcf,dpac,0,0,2246813755,13525,13524,5341864040123367124,13600,2c83e501f034,2026-08-31T19:34:34Z,20000,12063,7937,,,,,,,,,,,,,,,,,
campaign_c,gen_n20000_rho0.6_independent-positive_seed8.pcf,dpac,1,0,2257607995,13525,13524,5341864040123367124,13600,2c83e501f034,2026-08-31T19:34:36Z,20000,12063,7937,,,,,,,,,,,,,,,,,
campaign_c,gen_n20000_rho0.6_independent-positive_seed8.pcf,dpac,2,0,2255226288,13525,13524,5341864040123367124,13600,2c83e501f034,2026-08-31T19:34:38Z,20000,12063,7937,,,,,,,,,,,,,,,,,
campaign_c,gen_n20000_rho0.6_independent-positive_seed9.pcf,dpac,0,0,2248976969,13678,13677,12752148419776659276,13600,2c83e501f034,2026-08-31T19:34:41Z,20000,12028,7972,,,,,,,,,,,,,,,,,
campaign_c,gen_n20000_rho0.6_independent-positive_seed9.pcf,dpac,1,0,2258546363,13678,13677,12752148419776659276,13600,2c83e501f034,2026-08-31T19:34:43Z,20000,12028,7972,,,,,,,,,,,,,,,,,
campaign_c,gen_n20000_rho0.6_independent-positive_seed9.pcf,dpac,2,0,2271611291,13678,13677,12752148419776659276,13600,2c83e501f034,2026-08-31T19:34:45Z,20000,12028,7972,,,,,,,,,,,,,,,,,
campaign_c,gen_n20000_rho0.6_independent-signed_seed0.pcf,dpac,0,0,2274731312,13716,13715,8267151537071423360,13600,2c83e501f034,2026-08-31T19:34:47Z,20000,12064,7936,,,,,,,,,,,,,,,,,
campaign_c,gen_n20000_rho0.6_independent-signed_seed0.pcf,dpac,1,0,2271354659,13716,13715,8267151537071423360,13600,2c83e501f034,2026-08-31T19:34:50Z,20000,12064,7936,,,,,,,,,,,,,,,,,
campaign_c,gen_n20000_rho0.6_independent-signed_seed0.pcf,dpac,2,0,2273188308,13716,13715,8267151537071423360,13600,2c83e501f034,2026-08-31T19:34:52Z,20000,12064,7936,,,,,,,,,,,,,,,,,
campaign_c,gen_n20000_rho0.6_independent-signed_seed1.pcf,dpac,0,0,2260751100,13706,13705,11663929012769201828,13600,2c83e501f034,2026-08-31T19:34:54Z,20000,12038,7962,,,,,,,,,,,,,,,,,
campaign_c,gen_n20000_rho0.6_independent-signed_seed1.pcf,dpac,1,0,2269629577,13706,13705,11663929012769201828,13600,2c83e501f034,2026-08-31T19:34:57Z,20000,12038,7962,,,,,,,,,,,,,,,,,
campaign_c,gen_n20000_rho0.6_independent-signed_seed1.pcf,dpac,2,0,2328515059,13706,13705,11663929012769201828,13600,2c83e501f034,2026-08-31T19:34:59Z,20000,12038,7962,,,,,,,,,,,,,,,,,
campaign_c,gen_n20000_rho0.6_independent-signed_seed2.pcf,dpac,0,0,2305023799,13637,13636,1563993785711989075,13600,2c83e501f034,2026-08-31T19:35:01Z,20000,12052,7948,,,,,,,,,,,,,,,,,
campaign_c,gen_n20000_rho0.6_independent-signed_seed2.pcf,dpac,1,0,2286247573,13637,13636,1563993785711989075,13600,2c83e501f034,2026-08-31T19:35:03Z,20000,12052,7948,,,,,,,,,,,,,,,,,
campaign_c,gen_n20000_rho0.6_independent-signed_seed2.pcf,dpac,2,0,2284144636,13637,13636,1563993785711989075,13600,2c83e501f034,2026-08-31T19:35:06Z,20000,12052,7948,,,,,,,,,,,,,,,,,
campaign_c,gen_n20000_rho0.6_independent-signed_seed3.pcf,dpac,0,0,2276368058,13678,13677,16797377322934319993,13600,2c83e501f034,2026-08-31T19:35:08Z,20000,12055,7945,,,,,,,,,,,,,,,,,
campaign_c,gen_n20000_rho0.6_independent-signed_seed3.pcf,dpac,1,0,2256216215,13678,13677,16797377322934319993,13600,2c83e501f034,2026-08-31T19:35:10Z,20000,12055,7945,,,,,,,,,,,,,,,,,
campaign_c,gen_n20000_rho0.6_independent-signed_seed3.pcf,dpac,2,0,2257985491,13678,13677,16797377322934319993,13600,2c83e501f034,2026-08-31T19:35:13Z,20000,12055,7945,,,,,,,,,,,,,,,,,
campaign_c,gen_n20000_rho0.6_independent-signed_seed4.pcf,dpac,0,0,2236988725,13870,13869,7210305548253106348,13600,2c83e501f034,2026-08-31T19:35:15Z,20000,11851,8149,,,,,,,,,,,,,,,,,
campaign_c,gen_n20000_rho0.6_independent-signed_seed4.pcf,dpac,1,0,2234144539,13870,13869,7210305548253106348,13600,2c83e501f034,2026-08-31T19:35:17Z,20000,11851,8149,,,,,,,,,,,,,,,,,
campaign_c,gen_n20000_rho0.6_independent-signed_seed4.pcf,dpac,2,0,2238178785,13870,13869,7210305548253106348,13600,2c83e501f034,2026-08-31T19:35:19Z,20000,11851,8149,,,,,,,,,,,,,,,,,
campaign_c,gen_n20000_rho0.6_independent-signed_seed5.pcf,dpac,0,0,2248452521,13754,13753,17305908414196486326,13600,2c83e501f034,2026-08-31T19:35:22Z,20000,11885,8115,,,,,,,,,,,,,,,,,
campaign_c,gen_n20000_rho0.6_independent-signed_seed5.pcf,dpac,1,0,2240443956,13754,13753,17305908414196486326,13600,2c83e501f034,2026-08-31T19:35:24Z,20000,11885,8115,,,,,,,,,,,,,,,,,
campaign_c,gen_n20000_rho0.6_independent-signed_seed5.pcf,dpac,2,0,2237475787,13754,13753,17305908414196486326,13600,2c83e501f034,2026-08-31T19:35:26Z,20000,11885,8115,,,,,,,,,,,,,,,,,
campaign_c,gen_n20000_rho0.6_independent-signed_seed6.pcf,dpac,0,0,2273161241,13803,13802,6797442651859462264,13760,2c83e501f034,2026-08-31T19:35:28Z,20000,12030,7970,,,,,,,,,,,,,,,,,
campaign_c,gen_n20000_rho0.6_independent-signed_seed6.pcf,dpac,1,0,2275233015,13803,13802,6797442651859462264,13760,2c83e501f034,2026-08-31T19:35:31Z,20000,12030,7970,,,,,,,,,,,,,,,,,
campaign_c,gen_n20000_rho0.6_independent-signed_seed6.pcf,dpac,2,0,2274822104,13803,13802,6797442651859462264,13760,2c83e501f034,2026-08-31T19:35:33Z,20000,12030,7970,,,,,,,,,,,,,,,,,
campaign_c,gen_n20000_rho0.6_independent-signed_seed7.pcf,dpac,0,0,2293290824,13652,13651,6419015994799383077,13760,2c83e501f034,2026-08-31T19:35:35Z,20000,12087,7913,,,,,,,,,,,,,,,,,
campaign_c,gen_n20000_rho0.6_independent-signed_seed7.pcf,dpac,1,0,2298924029,13652,13651,6419015994799383077,13760,2c83e501f034,2026-08-31T19:35:37Z,20000,12087,7913,,,,,,,,,,,,,,,,,
campaign_c,gen_n20000_rho0.6_independent-signed_seed7.pcf,dpac,2,0,2304906441,13652,13651,6419015994799383077,13760,2c83e501f034,2026-08-31T19:35:40Z,20000,12087,7913,,,,,,,,,,,,,,,,,
campaign_c,gen_n20000_rho0.6_independent-signed_seed8.pcf,dpac,0,0,2295541461,13718,13717,6081069314028779242,13760,2c83e501f034,2026-08-31T19:35:42Z,20000,12065,7935,,,,,,,,,,,,,,,,,
campaign_c,gen_n20000_rho0.6_independent-signed_seed8.pcf,dpac,1,0,2280130813,13718,13717,6081069314028779242,13760,2c83e501f034,2026-08-31T19:35:44Z,20000,12065,7935,,,,,,,,,,,,,,,,,
campaign_c,gen_n20000_rho0.6_independent-signed_seed8.pcf,dpac,2,0,2285201195,13718,13717,6081069314028779242,13760,2c83e501f034,2026-08-31T19:35:47Z,20000,12065,7935,,,,,,,,,,,,,,,,,
campaign_c,gen_n20000_rho0.6_independent-signed_seed9.pcf,dpac,0,0,2268620677,13740,13739,1028595472007047244,13760,2c83e501f034,2026-08-31T19:35:49Z,20000,12030,7970,,,,,,,,,,,,,,,,,
campaign_c,gen_n20000_rho0.6_independent-signed_seed9.pcf,dpac,1,0,2272864372,13740,13739,1028595472007047244,13760,2c83e501f034,2026-08-31T19:35:51Z,20000,12030,7970,,,,,,,,,,,,,,,,,
campaign_c,gen_n20000_rho0.6_independent-signed_seed9.pcf,dpac,2,0,2276574707,13740,13739,1028595472007047244,13760,2c83e501f034,2026-08-31T19:35:53Z,20000,12030,7970,,,,,,,,,,,,,,,,,
campaign_c,gen_n20000_rho0.6_near-ties_seed0.pcf,dpac,0,0,709066140,793,792,5906606344008085544,13760,2c83e501f034,2026-08-31T19:35:54Z,20000,12061,7939,,,,,,,,,,,,,,,,,
campaign_c,gen_n20000_rho0.6_near-ties_seed0.pcf,dpac,1,0,712165021,793,792,5906606344008085544,13760,2c83e501f034,2026-08-31T19:35:55Z,20000,12061,7939,,,,,,,,,,,,,,,,,
campaign_c,gen_n20000_rho0.6_near-ties_seed0.pcf,dpac,2,0,712950649,793,792,5906606344008085544,13760,2c83e501f034,2026-08-31T19:35:56Z,20000,12061,7939,,,,,,,,,,,,,,,,,
campaign_c,gen_n20000_rho0.6_near-ties_seed1.pcf,dpac,0,0,735237419,809,808,10231706311638109927,13760,2c83e501f034,2026-08-31T19:35:56Z,20000,12180,7820,,,,,,,,,,,,,,,,,
campaign_c,gen_n20000_rho0.6_near-ties_seed1.pcf,dpac,1,0,735103115,809,808,10231706311638109927,13760,2c83e501f034,2026-08-31T19:35:57Z,20000,12180,7820,,,,,,,,,,,,,,,,,
campaign_c,gen_n20000_rho0.6_near-ties_seed1.pcf,dpac,2,0,736289937,809,808,10231706311638109927,13760,2c83e501f034,2026-08-31T19:35:58Z,20000,12180,7820,,,,,,,,,,,,,,,,,
campaign_c,gen_n20000_rho0.6_near-ties_seed2.pcf,dpac,0,0,734672011,815,814,5532129727259539325,13760,2c83e501f034,2026-08-31T19:35:59Z,20000,12020,7980,,,,,,,,,,,,,,,,,
campaign_c,gen_n20000_rho0.6_near-ties_seed2.pcf,dpac,1,0,780829674,815,814,5532129727259539325,13760,2c83e501f034,2026-08-31T19:35:59Z,20000,12020,7980,,,,,,,,,,,,,,,,,
campaign_c,gen_n20000_rho0.6_near-ties_seed2.pcf,dpac,2,0,765831033,815,814,5532129727259539325,13760,2c83e501f034,2026-08-31T19:36:00Z,20000,12020,7980,,,,,,,,,,,,,,,,,
campaign_c,gen_n20000_rho0.6_near-ties_seed3.pcf,dpac,0,0,716497738,820,819,17656502001447668290,13760,2c83e501f034,2026-08-31T19:36:01Z,20000,11911,8089,,,,,,,,,,,,,,,,,
campaign_c,gen_n20000_rho0.6_near-ties_seed3.pcf,dpac,1,0,725514043,820,819,17656502001447668290,13760,2c83e501f034,2026-08-31T19:36:02Z,20000,11911,8089,,,,,,,,,,,,,,,,,
campaign_c,gen_n20000_rho0.6_near-ties_seed3.pcf,dpac,2,0,715311326,820,819,17656502001447668290,13760,2c83e501f034,2026-08-31T19:36:02Z,20000,11911,8089,,,,,,,,,,,,,,,,,
campaign_c,gen_n20000_rho0.6_near-ties_seed4.pcf,dpac,0,0,710696441,793,792,1376490794056946780,13760,2c83e501f034,2026-08-31T19:36:03Z,20000,11879,8121,,,,,,,,,,,,,,,,,
campaign_c,gen_n20000_rho0.6_near-ties_seed4.pcf,dpac,1,0,711280463,793,792,1376490794056946780,13760,2c83e501f034,2026-08-31T19:36:04Z,20000,11879,8121,,,,,,,,,,,,,,,,,
campaign_c,gen_n20000_rho0.6_near-ties_seed4.pcf,dpac,2,0,709773069,793,792,1376490794056946780,13760,2c83e501f034,2026-08-31T19:36:04Z,20000,11879,8121,,,,,,,,,,,,,,,,,
campaign_c,gen_n20000_rho0.6_near-ties_seed5.pcf,dpac,0,0,714027763,815,814,7062324733524939682,13760,2c83e501f034,2026-08-31T19:36:05Z,20000,11902,8098,,,,,,,,,,,,,,,,,
campaign_c,gen_n20000_rho0.6_near-ties_seed5.pcf,dpac,1,0,715215904,815,814,7062324733524939682,13760,2c83e501f034,2026-08-31T19:36:06Z,20000,11902,8098,,,,,,,,,,,,,,,,,
campaign_c,gen_n20000_rho0.6_near-ties_seed5.pcf,dpac,2,0,711243413,815,814,7062324733524939682,13760,2c83e501f034,2026-08-31T19:36:07Z,20000,11902,8098,,,,,,,,,,,,,,,,,
campaign_c,gen_n20000_rho0.6_near-ties_seed6.pcf,dpac,0,0,731013594,834,833,15617096207722092410,13760,2c83e501f034,2026-08-31T19:36:07Z,20000,12111,7889,,,,,,,,,,,,,,,,,
campaign_c,gen_n20000_rho0.6_near-ties_seed6.pcf,dpac,1,0,730297025,834,833,15617096207722092410,13760,2c83e501f034,2026-08-31T19:36:08Z,20000,12111,7889,,,,,,,,,,,,,,,,,
campaign_c,gen_n20000_rho0.6_near-ties_seed6.pcf,dpac,2,0,730332602,834,833,15617096207722092410,13760,2c83e501f034,2026-08-31T19:36:09Z,20000,12111,7889,,,,,,,,,,,,,,,,,
campaign_c,gen_n20000_rho0.6_near-ties_seed7.pcf,dpac,0,0,725064222,819,818,15482544308794996490,13760,2c83e501f034,2026-08-31T19:36:09Z,20000,12116,7884,,,,,,,,,,,,,,,,,
campaign_c,gen_n20000_rho0.6_near-ties_seed7.pcf,dpac,1,0,726514536,819,818,15482544308794996490,13760,2c83e501f034,2026-08-31T19:36:10Z,20000,12116,7884,,,,,,,,,,,,,,,,,
campaign_c,gen_n20000_rho0.6_near-ties_seed7.pcf,dpac,2,0,726404930,819,818,15482544308794996490,13760,2c83e501f034,2026-08-31T19:36:11Z,20000,12116,7884,,,,,,,,,,,,,,,,,
campaign_c,gen_n20000_rho0.6_near-ties_seed8.pcf,dpac,0,0,726153906,806,805,9850099125308575223,13760,2c83e501f034,2026-08-31T19:36:12Z,20000,12099,7901,,,,,,,,,,,,,,,,,
campaign_c,gen_n20000_rho0.6_near-ties_seed8.pcf,dpac,1,0,724905142,806,805,9850099125308575223,13760,2c83e501f034,2026-08-31T19:36:12Z,20000,12099,7901,,,,,,,,,,,,,,,,,
campaign_c,gen_n20000_rho0.6_near-ties_seed8.pcf,dpac,2,0,725687155,806,805,9850099125308575223,13760,2c83e501f034,2026-08-31T19:36:13Z,20000,12099,7901,,,,,,,,,,,,,,,,,
campaign_c,gen_n20000_rho0.6_near-ties_seed9.pcf,dpac,0,0,712828550,814,813,12287218694530621976,13760,2c83e501f034,2026-08-31T19:36:14Z,20000,11962,8038,,,,,,,,,,,,,,,,,
campaign_c,gen_n20000_rho0.6_near-ties_seed9.pcf,dpac,1,0,713448931,814,813,12287218694530621976,13760,2c83e501f034,2026-08-31T19:36:15Z,20000,11962,8038,,,,,,,,,,,,,,,,,
campaign_c,gen_n20000_rho0.6_near-ties_seed9.pcf,dpac,2,0,711273981,814,813,12287218694530621976,13760,2c83e501f034,2026-08-31T19:36:15Z,20000,11962,8038,,,,,,,,,,,,,,,,,
campaign_c,gen_n20000_rho0.9_anti-correlated_seed0.pcf,dpac,0,0,2595349165,10786,10785,1579143835201356470,13760,2c83e501f034,2026-08-31T19:36:18Z,20000,17977,2023,,,,,,,,,,,,,,,,,
campaign_c,gen_n20000_rho0.9_anti-correlated_seed0.pcf,dpac,1,0,2595659813,10786,10785,1579143835201356470,13760,2c83e501f034,2026-08-31T19:36:20Z,20000,17977,2023,,,,,,,,,,,,,,,,,
campaign_c,gen_n20000_rho0.9_anti-correlated_seed0.pcf,dpac,2,0,2615582730,10786,10785,1579143835201356470,13760,2c83e501f034,2026-08-31T19:36:23Z,20000,17977,2023,,,,,,,,,,,,,,,,,
campaign_c,gen_n20000_rho0.9_anti-correlated_seed1.pcf,dpac,0,0,2594690762,10632,10631,1619080870269385738,13760,2c83e501f034,2026-08-31T19:36:26Z,20000,18041,1959,,,,,,,,,,,,,,,,,
campaign_c,gen_n20000_rho0.9_anti-correlated_seed1.pcf,dpac,1,0,2602485922,10632,10631,1619080870269385738,13760,2c83e501f034,2026-08-31T19:36:28Z,20000,18041,1959,,,,,,,,,,,,,,,,,
campaign_c,gen_n20000_rho0.9_anti-correlated_seed1.pcf,dpac,2,0,2604663543,10632,10631,1619080870269385738,13760,2c83e501f034,2026-08-31T19:36:31Z,20000,18041,1959,,,,,,,,,,,,,,,,,
campaign_c,gen_n20000_rho0.9_anti-correlated_seed2.pcf,dpac,0,0,2600324988,10603,10602,2174260580312195066,13760,2c83e501f034,2026-08-31T19:36:34Z,20000,18001,1999,,,,,,,,,,,,,,,,,
campaign_c,gen_n20000_rho0.9_anti-correlated_seed2.pcf,dpac,1,0,2596829032,10603,10602,2174260580312195066,13760,2c83e501f034,2026-08-31T19:36:36Z,20000,18001,1999,,,,,,,,,,,,,,,,,
campaign_c,gen_n20000_rho0.9_anti-correlated_seed2.pcf,dpac,2,0,2593308933,10603,10602,2174260580312195066,13760,2c83e501f034,2026-08-31T19:36:39Z,20000,18001,1999,,,,,,,,,,,,,,,,,
campaign_c,gen_n20000_rho0.9_anti-correlated_seed3.pcf,dpac,0,0,2588981515,10603,10602,1658321431450283219,13760,2c83e501f034,2026-08-31T19:36:41Z,20000,18005,1995,,,,,,,,,,,,,,,,,
campaign_c,gen_n20000_rho0.9_anti-correlated_seed3.pcf,dpac,1,0,2587723189,10603,10602,1658321431450283219,13760,2c83e501f034,2026-08-31T19:36:44Z,20000,18005,1995,,,,,,,,,,,,,,,,,
campaign_c,gen_n20000_rho0.9_anti-correlated_seed3.pcf,dpac,2,0,2599236360,10603,10602,1658321431450283219,13760,2c83e501f034,2026-08-31T19:36:46Z,20000,18005,1995,,,,,,,,,,,,,,,,,
campaign_c,gen_n20000_rho0.9_anti-correlated_seed4.pcf,dpac,0,0,2578315663,10518,10517,13803895062376225654,13920,2c83e501f034,2026-08-31T19:36:49Z,20000,17972,2028,,,,,,,,,,,,,,,,,
campaign_c,gen_n20000_rho0.9_anti-correlated_seed4.pcf,dpac,1,0,2583330069,10518,10517,13803895062376225654,13920,2c83e501f034,2026-08-31T19:36:52Z,20000,17972,2028,,,,,,,,,,,,,,,,,
campaign_c,gen_n20000_rho0.9_anti-correlated_seed4.pcf,dpac,2,0,2585090000,10518,10517,13803895062376225654,13920,2c83e501f034,2026-08-31T19:36:54Z,20000,17972,2028,,,,,,,,,,,,,,,,,
campaign_c,gen_n20000_rho0.9_anti-correlated_seed5.pcf,dpac,0,0,2591808087,10570,10569,12640939420446861469,13920,2c83e501f034,2026-08-31T19:36:57Z,20000,18005,1995,,,,,,,,,,,,,,,,,
campaign_c,gen_n20000_rho0.9_anti-correlated_seed5.pcf,dpac,1,0,2653583710,10570,10569,12640939420446861469,13920,2c83e501f034,2026-08-31T19:36:59Z,20000,18005,1995,,,,,,,,,,,,,,,,,
campaign_c,gen_n20000_rho0.9_anti-correlated_seed5.pcf,dpac,2,0,2587003849,10570,10569,12640939420446861469,13920,2c83e501f034,2026-08-31T19:37:02Z,20000,18005,1995,,,,,,,,,,,,,,,,,
campaign_c,gen_n20000_rho0.9_anti-correlated_seed6.pcf,dpac,0,0,2575009425,10624,10623,18271891666936038913,13920,2c83e501f034,2026-08-31T19:37:05Z,20000,18088,1912,,,,,,,,,,,,,,,,,
campaign_c,gen_n20000_rho0.9_anti-correlated_seed6.pcf,dpac,1,0,2581049573,10624,10623,18271891666936038913,13920,2c83e501f034,2026-08-31T19:37:07Z,20000,18088,1912,,,,,,,,,,,,,,,,,
campaign_c,gen_n20000_rho0.9_anti-correlated_seed6.pcf,dpac,2,0,2579042022,10624,10623,18271891666936038913,13920,2c83e501f034,2026-08-31T19:37:10Z,20000,18088,1912,,,,,,,,,,,,,,,,,
campaign_c,gen_n20000_rho0.9_anti-correlated_seed7.pcf,dpac,0,0,2575605452,10635,10634,18012645595868376120,13920,2c83e501f034,2026-08-31T19:37:12Z,20000,18000,2000,,,,,,,,,,,,,,,,,
campaign_c,gen_n20000_rho0.9_anti-correlated_seed7.pcf,dpac,1,0,2580686902,10635,10634,18012645595868376120,13920,2c83e501f034,2026-08-31T19:37:15Z,20000,18000,2000,,,,,,,,,,,,,,,,,
campaign_c,gen_n20000_rho0.9_anti-correlated_seed7.pcf,dpac,2,0,2588850570,10635,10634,18012645595868376120,13920,2c83e501f034,2026-08-31T19:37:18Z,20000,18000,2000,,,,,,,,,,,,,,,,,
campaign_c,gen_n20000_rho0.9_anti-correlated_seed8.pcf,dpac,0,0,2583576492,10621,10620,6196115500061761483,13920,2c83e501f034,2026-08-31T19:37:20Z,20000,17969,2031,,,,,,,,,,,,,,,,,
campaign_c,gen_n20000_rho0.9_anti-correlated_seed8.pcf,dpac,1,0,2592084816,10621,10620,6196115500061761483,13920,2c83e501f034,2026-08-31T19:37:23Z,20000,17969,2031,,,,,,,,,,,,,,,,,
campaign_c,gen_n20000_rho0.9_anti-correlated_seed8.pcf,dpac,2,0,2581507597,10621,10620,6196115500061761483,13920,2c83e501f034,2026-08-31T19:37:25Z,20000,17969,2031,,,,,,,,,,,,,,,,,
campaign_c,gen_n20000_rho0.9_anti-correlated_seed9.pcf,dpac,0,0,2582623535,10674,10673,935592587815994361,13920,2c83e501f034,2026-08-31T19:37:28Z,20000,17958,2042,,,,,,,,,,,,,,,,,
campaign_c,gen_n20000_rho0.9_anti-correlated_seed9.pcf,dpac,1,0,2590653559,10674,10673,935592587815994361,13920,2c83e501f034,2026-08-31T19:37:31Z,20000,17958,2042,,,,,,,,,,,,,,,,,
campaign_c,gen_n20000_rho0.9_anti-correlated_seed9.pcf,dpac,2,0,2586709674,10674,10673,935592587815994361,13920,2c83e501f034,2026-08-31T19:37:33Z,20000,17958,2042,,,,,,,,,,,,,,,,,
campaign_c,gen_n20000_rho0.9_correlated_seed0.pcf,dpac,0,0,2443836328,9633,9632,2087763665841658441,13920,2c83e501f034,2026-08-31T19:37:36Z,20000,17977,2023,,,,,,,,,,,,,,,,,
campaign_c,gen_n20000_rho0.9_correlated_seed0.pcf,dpac,1,0,2448536844,9633,9632,2087763665841658441,13920,2c83e501f034,2026-08-31T19:37:38Z,20000,17977,2023,,,,,,,,,,,,,,,,,
campaign_c,gen_n20000_rho0.9_correlated_seed0.pcf,dpac,2,0,2448180793,9633,9632,2087763665841658441,13920,2c83e501f034,2026-08-31T19:37:40Z,20000,17977,2023,,,,,,,,,,,,,,,,,
campaign_c,gen_n20000_rho0.9_correlated_seed1.pcf,dpac,0,0,2464973920,9676,9675,2429244995341260288,13920,2c83e501f034,2026-08-31T19:37:43Z,20000,18041,1959,,,,,,,,,,,,,,,,,
campaign_c,gen_n20000_rho0.9_correlated_seed1.pcf,dpac,1,0,2469924586,9676,9675,2429244995341260288,13920,2c83e501f034,2026-08-31T19:37:45Z,20000,18041,1959,,,,,,,,,,,,,,,,,
campaign_c,gen_n20000_rho0.9_correlated_seed1.pcf,dpac,2,0,2466813110,9676,9675,2429244995341260288,13920,2c83e501f034,2026-08-31T19:37:48Z,20000,18041,1959,,,,,,,,,,,,,,,,,
campaign_c,gen_n20000_rho0.9_correlated_seed2.pcf,dpac,0,0,2453619094,9514,9513,6271497887656193836,13920,2c83e501f034,2026-08-31T19:37:50Z,20000,18001,1999,,,,,,,,,,,,,,,,,
campaign_c,gen_n20000_rho0.9_correlated_seed2.pcf,dpac,1,0,2458062948,9514,9513,6271497887656193836,13920,2c83e501f034,2026-08-31T19:37:53Z,20000,18001,1999,,,,,,,,,,,,,,,,,
campaign_c,gen_n20000_rho0.9_correlated_seed2.pcf,dpac,2,0,2454164642,9514,9513,6271497887656193836,13920,2c83e501f034,2026-08-31T19:37:55Z,20000,18001,1999,,,,,,,,,,,,,,,,,
campaign_c,gen_n20000_rho0.9_correlated_seed3.pcf,dpac,0,0,2455894235,9675,9674,15482191827631182226,13920,2c83e501f034,2026-08-31T19:37:58Z,20000,18005,1995,,,,,,,,,,,,,,,,,
campaign_c,gen_n20000_rho0.9_correlated_seed3.pcf,dpac,1,0,2460765170,9675,9674,15482191827631182226,13920,2c83e501f034,2026-08-31T19:38:00Z,20000,18005,1995,,,,,,,,,,,,,,,,,
campaign_c,gen_n20000_rho0.9_correlated_seed3.pcf,dpac,2,0,2514618991,9675,9674,15482191827631182226,13920,2c83e501f034,2026-08-31T19:38:03Z,20000,18005,1995,,,,,,,,,,,,,,,,,
campaign_c,gen_n20000_rho0.9_correlated_seed4.pcf,dpac,0,0,2474869473,9575,9574,421149050930866261,13920,2c83e501f034,2026-08-31T19:38:05Z,20000,17972,2028,,,,,,,,,,,,,,,,,
campaign_c,gen_n20000_rho0.9_correlated_seed4.pcf,dpac,1,0,2457311826,9575,9574,421149050930866261,13920,2c83e501f034,2026-08-31T19:38:08Z,20000,17972,2028,,,,,,,,,,,,,,,,,
campaign_c,gen_n20000_rho0.9_correlated_seed4.pcf,dpac,2,0,2455020761,9575,9574,421149050930866261,13920,2c83e501f034,2026-08-31T19:38:10Z,20000,17972,2028,,,,,,,,,,,,,,,,,
campaign_c,gen_n20000_rho0.9_correlated_seed5.pcf,dpac,0,0,2457768968,9689,9688,11481873428434510640,13920,2c83e501f034,2026-08-31T19:38:13Z,20000,18005,1995,,,,,,,,,,,,,,,,,
campaign_c,gen_n20000_rho0.9_correlated_seed5.pcf,dpac,1,0,2458973414,9689,9688,11481873428434510640,13920,2c83e501f034,2026-08-31T19:38:15Z,20000,18005,1995,,,,,,,,,,,,,,,,,
campaign_c,gen_n20000_rho0.9_correlated_seed5.pcf,dpac,2,0,2459771567,9689,9688,11481873428434510640,13920,2c83e501f034,2026-08-31T19:38:18Z,20000,18005,1995,,,,,,,,,,,,,,,,,
campaign_c,gen_n20000_rho0.9_correlated_seed6.pcf,dpac,0,0,2479437444,9712,9711,9087361429366886582,13920,2c83e501f034,2026-08-31T19:38:20Z,20000,18088,1912,,,,,,,,,,,,,,,,,
campaign_c,gen_n20000_rho0.9_correlated_seed6.pcf,dpac,1,0,2485973704,9712,9711,9087361429366886582,13920,2c83e501f034,2026-08-31T19:38:22Z,20000,18088,1912,,,,,,,,,,,,,,,,,
campaign_c,gen_n20000_rho0.9_correlated_seed6.pcf,dpac,2,0,2488956000,9712,9711,9087361429366886582,13920,2c83e501f034,2026-08-31T19:38:25Z,20000,18088,1912,,,,,,,,,,,,,,,,,
campaign_c,gen_n20000_rho0.9_correlated_seed7.pcf,dpac,0,0,2470664756,9531,9530,11851131690216995998,13920,2c83e501f034,2026-08-31T19:38:27Z,20000,18000,2000,,,,,,,,,,,,,,,,,
campaign_c,gen_n20000_rho0.9_correlated_seed7.pcf,dpac,1,0,2466238214,9531,9530,11851131690216995998,13920,2c83e501f034,2026-08-31T19:38:30Z,20000,18000,2000,,,,,,,,,,,,,,,,,
campaign_c,gen_n20000_rho0.9_correlated_seed7.pcf,dpac,2,0,2471185978,9531,9530,11851131690216995998,13920,2c83e501f034,2026-08-31T19:38:32Z,20000,18000,2000,,,,,,,,,,,,,,,,,
campaign_c,gen_n20000_rho0.9_correlated_seed8.pcf,dpac,0,0,2503343186,9602,9601,2793783033554497410,13920,2c83e501f034,2026-08-31T19:38:35Z,20000,17969,2031,,,,,,,,,,,,,,,,,
campaign_c,gen_n20000_rho0.9_correlated_seed8.pcf,dpac,1,0,2509183838,9602,9601,2793783033554497410,13920,2c83e501f034,2026-08-31T19:38:37Z,20000,17969,2031,,,,,,,,,,,,,,,,,
campaign_c,gen_n20000_rho0.9_correlated_seed8.pcf,dpac,2,0,2465608418,9602,9601,2793783033554497410,13920,2c83e501f034,2026-08-31T19:38:40Z,20000,17969,2031,,,,,,,,,,,,,,,,,
campaign_c,gen_n20000_rho0.9_correlated_seed9.pcf,dpac,0,0,2461511728,9620,9619,7004531245981485963,13920,2c83e501f034,2026-08-31T19:38:42Z,20000,17958,2042,,,,,,,,,,,,,,,,,
campaign_c,gen_n20000_rho0.9_correlated_seed9.pcf,dpac,1,0,2455138658,9620,9619,7004531245981485963,13920,2c83e501f034,2026-08-31T19:38:45Z,20000,17958,2042,,,,,,,,,,,,,,,,,
campaign_c,gen_n20000_rho0.9_correlated_seed9.pcf,dpac,2,0,2453829563,9620,9619,7004531245981485963,13920,2c83e501f034,2026-08-31T19:38:47Z,20000,17958,2042,,,,,,,,,,,,,,,,,
campaign_c,gen_n20000_rho0.9_exact-ties_seed0.pcf,dpac,0,0,1636852934,3454,3453,14916465597520441752,13920,2c83e501f034,2026-08-31T19:38:49Z,20000,18035,1965,,,,,,,,,,,,,,,,,
campaign_c,gen_n20000_rho0.9_exact-ties_seed0.pcf,dpac,1,0,1630253982,3454,3453,14916465597520441752,13920,2c83e501f034,2026-08-31T19:38:51Z,20000,18035,1965,,,,,,,,,,,,,,,,,
campaign_c,gen_n20000_rho0.9_exact-ties_seed0.pcf,dpac,2,0,1628073344,3454,3453,14916465597520441752,13920,2c83e501f034,2026-08-31T19:38:52Z,20000,18035,1965,,,,,,,,,,,,,,,,,
campaign_c,gen_n20000_rho0.9_exact-ties_seed1.pcf,dpac,0,0,1634348281,3470,3469,17584010518986851574,13920,2c83e501f034,2026-08-31T19:38:54Z,20000,18001,1999,,,,,,,,,,,,,,,,,
campaign_c,gen_n20000_rho0.9_exact-ties_seed1.pcf,dpac,1,0,1634394987,3470,3469,17584010518986851574,13920,2c83e501f034,2026-08-31T19:38:55Z,20000,18001,1999,,,,,,,,,,,,,,,,,
campaign_c,gen_n20000_rho0.9_exact-ties_seed1.pcf,dpac,2,0,1634708870,3470,3469,17584010518986851574,13920,2c83e501f034,2026-08-31T19:38:57Z,20000,18001,1999,,,,,,,,,,,,,,,,,
campaign_c,gen_n20000_rho0.9_exact-ties_seed2.pcf,dpac,0,0,1662878934,3482,3481,17561860640276888833,13920,2c83e501f034,2026-08-31T19:38:59Z,20000,18037,1963,,,,,,,,,,,,,,,,,
campaign_c,gen_n20000_rho0.9_exact-ties_seed2.pcf,dpac,1,0,1657336911,3482,3481,17561860640276888833,13920,2c83e501f034,2026-08-31T19:39:00Z,20000,18037,1963,,,,,,,,,,,,,,,,,
campaign_c,gen_n20000_rho0.9_exact-ties_seed2.pcf,dpac,2,0,1656282761,3482,3481,17561860640276888833,13920,2c83e501f034,2026-08-31T19:39:02Z,20000,18037,1963,,,,,,,,,,,,,,,,,
campaign_c,gen_n20000_rho0.9_exact-ties_seed3.pcf,dpac,0,0,1604921323,3408,3407,8042931926798123672,14080,2c83e501f034,2026-08-31T19:39:04Z,20000,17986,2014,,,,,,,,,,,,,,,,,
campaign_c,gen_n20000_rho0.9_exact-ties_seed3.pcf,dpac,1,0,1604690699,3408,3407,8042931926798123672,14080,2c83e501f034,2026-08-31T19:39:05Z,20000,17986,2014,,,,,,,,,,,,,,,,,
campaign_c,gen_n20000_rho0.9_exact-ties_seed3.pcf,dpac,2,0,1608120961,3408,3407,8042931926798123672,14080,2c83e501f034,2026-08-31T19:39:07Z,20000,17986,2014,,,,,,,,,,,,,,,,,
campaign_c,gen_n20000_rho0.9_exact-ties_seed4.pcf,dpac,0,0,1633278593,3490,3489,11631173475804293790,14080,2c83e501f034,2026-08-31T19:39:09Z,20000,18101,1899,,,,,,,,,,,,,,,,,
campaign_c,gen_n20000_rho0.9_exact-ties_seed4.pcf,dpac,1,0,1630416824,3490,3489,11631173475804293790,14080,2c83e501f034,2026-08-31T19:39:10Z,20000,18101,1899,,,,,,,,,,,,,,,,,
campaign_c,gen_n20000_rho0.9_exact-ties_seed4.pcf,dpac,2,0,1630372231,3490,3489,11631173475804293790,14080,2c83e501f034,2026-08-31T19:39:12Z,20000,18101,1899,,,,,,,,,,,,,,,,,
campaign_c,gen_n20000_rho0.9_exact-ties_seed5.pcf,dpac,0,0,1609953349,3460,3459,13086360177270985592,14080,2c83e501f034,2026-08-31T19:39:13Z,20000,18016,1984,,,,,,,,,,,,,,,,,
campaign_c,gen_n20000_rho0.9_exact-ties_seed5.pcf,dpac,1,0,1611767351,3460,3459,13086360177270985592,14080,2c83e501f034,2026-08-31T19:39:15Z,20000,18016,1984,,,,,,,,,,,,,,,,,
campaign_c,gen_n20000_rho0.9_exact-ties_seed5.pcf,dpac,2,0,1612536277,3460,3459,13086360177270985592,14080,2c83e501f034,2026-08-31T19:39:17Z,20000,18016,1984,,,,,,,,,,,,,,,,,
campaign_c,gen_n20000_rho0.9_exact-ties_seed6.pcf,dpac,0,0,1623222447,3503,3502,11376516999627071262,14080,2c83e501f034,2026-08-31T19:39:18Z,20000,18022,1978,,,,,,,,,,,,,,,,,
campaign_c,gen_n20000_rho0.9_exact-ties_seed6.pcf,dpac,1,0,1617137524,3503,3502,11376516999627071262,14080,2c83e501f034,2026-08-31T19:39:20Z,20000,18022,1978,,,,,,,,,,,,,,,,,
campaign_c,gen_n20000_rho0.9_exact-ties_seed6.pcf,dpac,2,0,1620567779,3503,3502,11376516999627071262,14080,2c83e501f034,2026-08-31T19:39:22Z,20000,18022,1978,,,,,,,,,,,,,,,,,
campaign_c,gen_n20000_rho0.9_exact-ties_seed7.pcf,dpac,0,0,1627317992,3485,3484,16994846705260581749,14080,2c83e501f034,2026-08-31T19:39:23Z,20000,18014,1986,,,,,,,,,,,,,,,,,
campaign_c,gen_n20000_rho0.9_exact-ties_seed7.pcf,dpac,1,0,1612920082,3485,3484,16994846705260581749,14080,2c83e501f034,2026-08-31T19:39:25Z,20000,18014,1986,,,,,,,,,,,,,,,,,
campaign_c,gen_n20000_rho0.9_exact-ties_seed7.pcf,dpac,2,0,1617427800,3485,3484,16994846705260581749,14080,2c83e501f034,2026-08-31T19:39:26Z,20000,18014,1986,,,,,,,,,,,,,,,,,
campaign_c,gen_n20000_rho0.9_exact-ties_seed8.pcf,dpac,0,0,1622432434,3418,3417,16205999565724612557,14080,2c83e501f034,2026-08-31T19:39:28Z,20000,17987,2013,,,,,,,,,,,,,,,,,
campaign_c,gen_n20000_rho0.9_exact-ties_seed8.pcf,dpac,1,0,1618031053,3418,3417,16205999565724612557,14080,2c83e501f034,2026-08-31T19:39:30Z,20000,17987,2013,,,,,,,,,,,,,,,,,
campaign_c,gen_n20000_rho0.9_exact-ties_seed8.pcf,dpac,2,0,1617022829,3418,3417,16205999565724612557,14080,2c83e501f034,2026-08-31T19:39:31Z,20000,17987,2013,,,,,,,,,,,,,,,,,
campaign_c,gen_n20000_rho0.9_exact-ties_seed9.pcf,dpac,0,0,1627631758,3421,3420,14124199330379387366,14080,2c83e501f034,2026-08-31T19:39:33Z,20000,17956,2044,,,,,,,,,,,,,,,,,
campaign_c,gen_n20000_rho0.9_exact-ties_seed9.pcf,dpac,1,0,1643954901,3421,3420,14124199330379387366,14080,2c83e501f034,2026-08-31T19:39:35Z,20000,17956,2044,,,,,,,,,,,,,,,,,
campaign_c,gen_n20000_rho0.9_exact-ties_seed9.pcf,dpac,2,0,1666463292,3421,3420,14124199330379387366,14080,2c83e501f034,2026-08-31T19:39:36Z,20000,17956,2044,,,,,,,,,,,,,,,,,
campaign_c,gen_n20000_rho0.9_independent-positive_seed0.pcf,dpac,0,0,2625015077,10684,10683,16580430378873686596,14080,2c83e501f034,2026-08-31T19:39:39Z,20000,18018,1982,,,,,,,,,,,,,,,,,
campaign_c,gen_n20000_rho0.9_independent-positive_seed0.pcf,dpac,1,0,2608301836,10684,10683,16580430378873686596,14080,2c83e501f034,2026-08-31T19:39:41Z,20000,18018,1982,,,,,,,,,,,,,,,,,
campaign_c,gen_n20000_rho0.9_independent-positive_seed0.pcf,dpac,2,0,2616902827,10684,10683,16580430378873686596,14080,2c83e501f034,2026-08-31T19:39:44Z,20000,18018,1982,,,,,,,,,,,,,,,,,
campaign_c,gen_n20000_rho0.9_independent-positive_seed1.pcf,dpac,0,0,2636307709,10777,10776,3810291590889355788,14080,2c83e501f034,2026-08-31T19:39:47Z,20000,18004,1996,,,,,,,,,,,,,,,,,
campaign_c,gen_n20000_rho0.9_independent-positive_seed1.pcf,dpac,1,0,2631511240,10777,10776,3810291590889355788,14080,2c83e501f034,2026-08-31T19:39:49Z,20000,18004,1996,,,,,,,,,,,,,,,,,
campaign_c,gen_n20000_rho0.9_independent-positive_seed1.pcf,dpac,2,0,2631203995,10777,10776,3810291590889355788,14080,2c83e501f034,2026-08-31T19:39:52Z,20000,18004,1996,,,,,,,,,,,,,,,,,
campaign_c,gen_n20000_rho0.9_independent-positive_seed2.pcf,dpac,0,0,2629006962,10799,10798,4645446078561801465,14080,2c83e501f034,2026-08-31T19:39:55Z,20000,17972,2028,,,,,,,,,,,,,,,,,
campaign_c,gen_n20000_rho0.9_independent-positive_seed2.pcf,dpac,1,0,2623016316,10799,10798,4645446078561801465,14080,2c83e501f034,2026-08-31T19:39:57Z,20000,17972,2028,,,,,,,,,,,,,,,,,
campaign_c,gen_n20000_rho0.9_independent-positive_seed2.pcf,dpac,2,0,2616378209,10799,10798,4645446078561801465,14080,2c83e501f034,2026-08-31T19:40:00Z,20000,17972,2028,,,,,,,,,,,,,,,,,
campaign_c,gen_n20000_rho0.9_independent-positive_seed3.pcf,dpac,0,0,2617800624,10689,10688,1862061122693946520,14080,2c83e501f034,2026-08-31T19:40:02Z,20000,17995,2005,,,,,,,,,,,,,,,,,
campaign_c,gen_n20000_rho0.9_independent-positive_seed3.pcf,dpac,1,0,2611318207,10689,10688,1862061122693946520,14080,2c83e501f034,2026-08-31T19:40:05Z,20000,17995,2005,,,,,,,,,,,,,,,,,
campaign_c,gen_n20000_rho0.9_independent-positive_seed3.pcf,dpac,2,0,2614937272,10689,10688,1862061122693946520,14080,2c83e501f034,2026-08-31T19:40:08Z,20000,17995,2005,,,,,,,,,,,,,,,,,
campaign_c,gen_n20000_rho0.9_independent-positive_seed4.pcf,dpac,0,0,2630052141,10810,10809,6197540691835882139,14080,2c83e501f034,2026-08-31T19:40:10Z,20000,18007,1993,,,,,,,,,,,,,,,,,
campaign_c,gen_n20000_rho0.9_independent-positive_seed4.pcf,dpac,1,0,2626969672,10810,10809,6197540691835882139,14080,2c83e501f034,2026-08-31T19:40:13Z,20000,18007,1993,,,,,,,,,,,,,,,,,
campaign_c,gen_n20000_rho0.9_independent-positive_seed4.pcf,dpac,2,0,2630817969,10810,10809,6197540691835882139,14080,2c83e501f034,2026-08-31T19:40:16Z,20000,18007,1993,,,,,,,,,,,,,,,,,
campaign_c,gen_n20000_rho0.9_independent-positive_seed5.pcf,dpac,0,0,2625084127,10751,10750,13849253046288844535,14080,2c83e501f034,2026-08-31T19:40:18Z,20000,17968,2032,,,,,,,,,,,,,,,,,
campaign_c,gen_n20000_rho0.9_independent-positive_seed5.pcf,dpac,1,0,2640539303,10751,10750,13849253046288844535,14080,2c83e501f034,2026-08-31T19:40:21Z,20000,17968,2032,,,,,,,,,,,,,,,,,
campaign_c,gen_n20000_rho0.9_independent-positive_seed5.pcf,dpac,2,0,2648929342,10751,10750,13849253046288844535,14080,2c83e501f034,2026-08-31T19:40:24Z,20000,17968,2032,,,,,,,,,,,,,,,,,
campaign_c,gen_n20000_rho0.9_independent-positive_seed6.pcf,dpac,0,0,2630072886,10800,10799,7807088525283806703,14080,2c83e501f034,2026-08-31T19:40:26Z,20000,18033,1967,,,,,,,,,,,,,,,,,
campaign_c,gen_n20000_rho0.9_independent-positive_seed6.pcf,dpac,1,0,2622016029,10800,10799,7807088525283806703,14080,2c83e501f034,2026-08-31T19:40:29Z,20000,18033,1967,,,,,,,,,,,,,,,,,
campaign_c,gen_n20000_rho0.9_independent-positive_seed6.pcf,dpac,2,0,2634739614,10800,10799,7807088525283806703,14080,2c83e501f034,2026-08-31T19:40:31Z,20000,18033,1967,,,,,,,,,,,,,,,,,
campaign_c,gen_n20000_rho0.9_independent-positive_seed7.pcf,dpac,0,0,2627340711,10745,10744,15069691580013354176,14080,2c83e501f034,2026-08-31T19:40:34Z,20000,18011,1989,,,,,,,,,,,,,,,,,
campaign_c,gen_n20000_rho0.9_independent-positive_seed7.pcf,dpac,1,0,2627410068,10745,10744,15069691580013354176,14080,2c83e501f034,2026-08-31T19:40:37Z,20000,18011,1989,,,,,,,,,,,,,,,,,
campaign_c,gen_n20000_rho0.9_independent-positive_seed7.pcf,dpac,2,0,2619798938,10745,10744,15069691580013354176,14080,2c83e501f034,2026-08-31T19:40:39Z,20000,18011,1989,,,,,,,,,,,,,,,,,
campaign_c,gen_n20000_rho0.9_independent-positive_seed8.pcf,dpac,0,0,2643419935,10752,10751,15450385903847738765,14080,2c83e501f034,2026-08-31T19:40:42Z,20000,17986,2014,,,,,,,,,,,,,,,,,
campaign_c,gen_n20000_rho0.9_independent-positive_seed8.pcf,dpac,1,0,2628800854,10752,10751,15450385903847738765,14080,2c83e501f034,2026-08-31T19:40:45Z,20000,17986,2014,,,,,,,,,,,,,,,,,
campaign_c,gen_n20000_rho0.9_independent-positive_seed8.pcf,dpac,2,0,2631110399,10752,10751,15450385903847738765,14080,2c83e501f034,2026-08-31T19:40:47Z,20000,17986,2014,,,,,,,,,,,,,,,,,
campaign_c,gen_n20000_rho0.9_independent-positive_seed9.pcf,dpac,0,0,2604137363,10747,10746,9889870197549006719,14080,2c83e501f034,2026-08-31T19:40:50Z,20000,17921,2079,,,,,,,,,,,,,,,,,
campaign_c,gen_n20000_rho0.9_independent-positive_seed9.pcf,dpac,1,0,2601887932,10747,10746,9889870197549006719,14080,2c83e501f034,2026-08-31T19:40:52Z,20000,17921,2079,,,,,,,,,,,,,,,,,
campaign_c,gen_n20000_rho0.9_independent-positive_seed9.pcf,dpac,2,0,2596838969,10747,10746,9889870197549006719,14080,2c83e501f034,2026-08-31T19:40:55Z,20000,17921,2079,,,,,,,,,,,,,,,,,
campaign_c,gen_n20000_rho0.9_independent-signed_seed0.pcf,dpac,0,0,2622827711,10858,10857,15032443091856820022,14080,2c83e501f034,2026-08-31T19:40:58Z,20000,18019,1981,,,,,,,,,,,,,,,,,
campaign_c,gen_n20000_rho0.9_independent-signed_seed0.pcf,dpac,1,0,2629653935,10858,10857,15032443091856820022,14080,2c83e501f034,2026-08-31T19:41:00Z,20000,18019,1981,,,,,,,,,,,,,,,,,
campaign_c,gen_n20000_rho0.9_independent-signed_seed0.pcf,dpac,2,0,2713158316,10858,10857,15032443091856820022,14080,2c83e501f034,2026-08-31T19:41:03Z,20000,18019,1981,,,,,,,,,,,,,,,,,
campaign_c,gen_n20000_rho0.9_independent-signed_seed1.pcf,dpac,0,0,2623588886,10858,10857,302638326363119129,14240,2c83e501f034,2026-08-31T19:41:06Z,20000,18006,1994,,,,,,,,,,,,,,,,,
campaign_c,gen_n20000_rho0.9_independent-signed_seed1.pcf,dpac,1,0,2624384510,10858,10857,302638326363119129,14240,2c83e501f034,2026-08-31T19:41:08Z,20000,18006,1994,,,,,,,,,,,,,,,,,
campaign_c,gen_n20000_rho0.9_independent-signed_seed1.pcf,dpac,2,0,2618465185,10858,10857,302638326363119129,14240,2c83e501f034,2026-08-31T19:41:11Z,20000,18006,1994,,,,,,,,,,,,,,,,,
campaign_c,gen_n20000_rho0.9_independent-signed_seed2.pcf,dpac,0,0,2617988073,10900,10899,14701186916073207891,14240,2c83e501f034,2026-08-31T19:41:14Z,20000,17962,2038,,,,,,,,,,,,,,,,,
campaign_c,gen_n20000_rho0.9_independent-signed_seed2.pcf,dpac,1,0,2621967719,10900,10899,14701186916073207891,14240,2c83e501f034,2026-08-31T19:41:16Z,20000,17962,2038,,,,,,,,,,,,,,,,,
campaign_c,gen_n20000_rho0.9_independent-signed_seed2.pcf,dpac,2,0,2621368955,10900,10899,14701186916073207891,14240,2c83e501f034,2026-08-31T19:41:19Z,20000,17962,2038,,,,,,,,,,,,,,,,,
campaign_c,gen_n20000_rho0.9_independent-signed_seed3.pcf,dpac,0,0,2624636576,10877,10876,8900076858653435431,14240,2c83e501f034,2026-08-31T19:41:21Z,20000,17993,2007,,,,,,,,,,,,,,,,,
campaign_c,gen_n20000_rho0.9_independent-signed_seed3.pcf,dpac,1,0,2623502007,10877,10876,8900076858653435431,14240,2c83e501f034,2026-08-31T19:41:24Z,20000,17993,2007,,,,,,,,,,,,,,,,,
campaign_c,gen_n20000_rho0.9_independent-signed_seed3.pcf,dpac,2,0,2613238215,10877,10876,8900076858653435431,14240,2c83e501f034,2026-08-31T19:41:27Z,20000,17993,2007,,,,,,,,,,,,,,,,,
campaign_c,gen_n20000_rho0.9_independent-signed_seed4.pcf,dpac,0,0,2629677559,10846,10845,13392410423796937539,14240,2c83e501f034,2026-08-31T19:41:29Z,20000,18002,1998,,,,,,,,,,,,,,,,,
campaign_c,gen_n20000_rho0.9_independent-signed_seed4.pcf,dpac,1,0,2629437135,10846,10845,13392410423796937539,14240,2c83e501f034,2026-08-31T19:41:32Z,20000,18002,1998,,,,,,,,,,,,,,,,,
campaign_c,gen_n20000_rho0.9_independent-signed_seed4.pcf,dpac,2,0,2627668480,10846,10845,13392410423796937539,14240,2c83e501f034,2026-08-31T19:41:35Z,20000,18002,1998,,,,,,,,,,,,,,,,,
campaign_c,gen_n20000_rho0.9_independent-signed_seed5.pcf,dpac,0,0,2623261707,10886,10885,5995207787296179466,14240,2c83e501f034,2026-08-31T19:41:37Z,20000,17969,2031,,,,,,,,,,,,,,,,,
campaign_c,gen_n20000_rho0.9_independent-signed_seed5.pcf,dpac,1,0,2642210053,10886,10885,5995207787296179466,14240,2c83e501f034,2026-08-31T19:41:40Z,20000,17969,2031,,,,,,,,,,,,,,,,,
campaign_c,gen_n20000_rho0.9_independent-signed_seed5.pcf,dpac,2,0,2630433690,10886,10885,5995207787296179466,14240,2c83e501f034,2026-08-31T19:41:42Z,20000,17969,2031,,,,,,,,,,,,,,,,,
campaign_c,gen_n20000_rho0.9_independent-signed_seed6.pcf,dpac,0,0,2621289226,10794,10793,11763263298443038011,14240,2c83e501f034,2026-08-31T19:41:45Z,20000,18033,1967,,,,,,,,,,,,,,,,,
campaign_c,gen_n20000_rho0.9_independent-signed_seed6.pcf,dpac,1,0,2639196322,10794,10793,11763263298443038011,14240,2c83e501f034,2026-08-31T19:41:48Z,20000,18033,1967,,,,,,,,,,,,,,,,,
campaign_c,gen_n20000_rho0.9_independent-signed_seed6.pcf,dpac,2,0,2632150021,10794,10793,11763263298443038011,14240,2c83e501f034,2026-08-31T19:41:50Z,20000,18033,1967,,,,,,,,,,,,,,,,,
campaign_c,gen_n20000_rho0.9_independent-signed_seed7.pcf,dpac,0,0,2634499096,10858,10857,74722760015405199,14240,2c83e501f034,2026-08-31T19:41:53Z,20000,18013,1987,,,,,,,,,,,,,,,,,
campaign_c,gen_n20000_rho0.9_independent-signed_seed7.pcf,dpac,1,0,2637264723,10858,10857,74722760015405199,14240,2c83e501f034,2026-08-31T19:41:56Z,20000,18013,1987,,,,,,,,,,,,,,,,,
campaign_c,gen_n20000_rho0.9_independent-signed_seed7.pcf,dpac,2,0,2637119234,10858,10857,74722760015405199,14240,2c83e501f034,2026-08-31T19:41:58Z,20000,18013,1987,,,,,,,,,,,,,,,,,
campaign_c,gen_n20000_rho0.9_independent-signed_seed8.pcf,dpac,0,0,2635250643,10895,10894,9072185795943875545,14240,2c83e501f034,2026-08-31T19:42:01Z,20000,17984,2016,,,,,,,,,,,,,,,,,
campaign_c,gen_n20000_rho0.9_independent-signed_seed8.pcf,dpac,1,0,2628631946,10895,10894,9072185795943875545,14240,2c83e501f034,2026-08-31T19:42:04Z,20000,17984,2016,,,,,,,,,,,,,,,,,
campaign_c,gen_n20000_rho0.9_independent-signed_seed8.pcf,dpac,2,0,2624318304,10895,10894,9072185795943875545,14240,2c83e501f034,2026-08-31T19:42:06Z,20000,17984,2016,,,,,,,,,,,,,,,,,
campaign_c,gen_n20000_rho0.9_independent-signed_seed9.pcf,dpac,0,0,2642552655,10898,10897,11018995540325298358,14240,2c83e501f034,2026-08-31T19:42:09Z,20000,17922,2078,,,,,,,,,,,,,,,,,
campaign_c,gen_n20000_rho0.9_independent-signed_seed9.pcf,dpac,1,0,2642249322,10898,10897,11018995540325298358,14240,2c83e501f034,2026-08-31T19:42:11Z,20000,17922,2078,,,,,,,,,,,,,,,,,
campaign_c,gen_n20000_rho0.9_independent-signed_seed9.pcf,dpac,2,0,2638001323,10898,10897,11018995540325298358,14240,2c83e501f034,2026-08-31T19:42:14Z,20000,17922,2078,,,,,,,,,,,,,,,,,
campaign_c,gen_n20000_rho0.9_near-ties_seed0.pcf,dpac,0,0,1274538548,974,973,8361342336867800755,14240,2c83e501f034,2026-08-31T19:42:15Z,20000,17971,2029,,,,,,,,,,,,,,,,,
campaign_c,gen_n20000_rho0.9_near-ties_seed0.pcf,dpac,1,0,1277222548,974,973,8361342336867800755,14240,2c83e501f034,2026-08-31T19:42:17Z,20000,17971,2029,,,,,,,,,,,,,,,,,
campaign_c,gen_n20000_rho0.9_near-ties_seed0.pcf,dpac,2,0,1270728055,974,973,8361342336867800755,14240,2c83e501f034,2026-08-31T19:42:18Z,20000,17971,2029,,,,,,,,,,,,,,,,,
campaign_c,gen_n20000_rho0.9_near-ties_seed1.pcf,dpac,0,0,1293255020,989,988,9761321283139641836,14240,2c83e501f034,2026-08-31T19:42:19Z,20000,18035,1965,,,,,,,,,,,,,,,,,
campaign_c,gen_n20000_rho0.9_near-ties_seed1.pcf,dpac,1,0,1290535916,989,988,9761321283139641836,14240,2c83e501f034,2026-08-31T19:42:21Z,20000,18035,1965,,,,,,,,,,,,,,,,,
campaign_c,gen_n20000_rho0.9_near-ties_seed1.pcf,dpac,2,0,1289361317,989,988,9761321283139641836,14240,2c83e501f034,2026-08-31T19:42:22Z,20000,18035,1965,,,,,,,,,,,,,,,,,
campaign_c,gen_n20000_rho0.9_near-ties_seed2.pcf,dpac,0,0,1289586509,966,965,7119254201090409704,14240,2c83e501f034,2026-08-31T19:42:23Z,20000,18056,1944,,,,,,,,,,,,,,,,,
campaign_c,gen_n20000_rho0.9_near-ties_seed2.pcf,dpac,1,0,1278798275,966,965,7119254201090409704,14240,2c83e501f034,2026-08-31T19:42:24Z,20000,18056,1944,,,,,,,,,,,,,,,,,
campaign_c,gen_n20000_rho0.9_near-ties_seed2.pcf,dpac,2,0,1279033845,966,965,7119254201090409704,14240,2c83e501f034,2026-08-31T19:42:26Z,20000,18056,1944,,,,,,,,,,,,,,,,,
campaign_c,gen_n20000_rho0.9_near-ties_seed3.pcf,dpac,0,0,1272258557,971,970,3235918568262002591,14240,2c83e501f034,2026-08-31T19:42:27Z,20000,17937,2063,,,,,,,,,,,,,,,,,
campaign_c,gen_n20000_rho0.9_near-ties_seed3.pcf,dpac,1,0,1270153148,971,970,3235918568262002591,14240,2c83e501f034,2026-08-31T19:42:28Z,20000,17937,2063,,,,,,,,,,,,,,,,,
campaign_c,gen_n20000_rho0.9_near-ties_seed3.pcf,dpac,2,0,1270251508,971,970,3235918568262002591,14240,2c83e501f034,2026-08-31T19:42:30Z,20000,17937,2063,,,,,,,,,,,,,,,,,
campaign_c,gen_n20000_rho0.9_near-ties_seed4.pcf,dpac,0,0,1268801338,938,937,12938650133799476668,14240,2c83e501f034,2026-08-31T19:42:31Z,20000,17947,2053,,,,,,,,,,,,,,,,,
campaign_c,gen_n20000_rho0.9_near-ties_seed4.pcf,dpac,1,0,1269693806,938,937,12938650133799476668,14240,2c83e501f034,2026-08-31T19:42:32Z,20000,17947,2053,,,,,,,,,,,,,,,,,
campaign_c,gen_n20000_rho0.9_near-ties_seed4.pcf,dpac,2,0,1271370553,938,937,12938650133799476668,14240,2c83e501f034,2026-08-31T19:42:33Z,20000,17947,2053,,,,,,,,,,,,,,,,,
campaign_c,gen_n20000_rho0.9_near-ties_seed5.pcf,dpac,0,0,1267409862,954,953,8861205905503844830,14240,2c83e501f034,2026-08-31T19:42:35Z,20000,17976,2024,,,,,,,,,,,,,,,,,
campaign_c,gen_n20000_rho0.9_near-ties_seed5.pcf,dpac,1,0,1265872849,954,953,8861205905503844830,14240,2c83e501f034,2026-08-31T19:42:36Z,20000,17976,2024,,,,,,,,,,,,,,,,,
campaign_c,gen_n20000_rho0.9_near-ties_seed5.pcf,dpac,2,0,1264432159,954,953,8861205905503844830,14240,2c83e501f034,2026-08-31T19:42:37Z,20000,17976,2024,,,,,,,,,,,,,,,,,
campaign_c,gen_n20000_rho0.9_near-ties_seed6.pcf,dpac,0,0,1277449755,982,981,798374124352232362,14240,2c83e501f034,2026-08-31T19:42:38Z,20000,18033,1967,,,,,,,,,,,,,,,,,
campaign_c,gen_n20000_rho0.9_near-ties_seed6.pcf,dpac,1,0,1276637795,982,981,798374124352232362,14240,2c83e501f034,2026-08-31T19:42:40Z,20000,18033,1967,,,,,,,,,,,,,,,,,
campaign_c,gen_n20000_rho0.9_near-ties_seed6.pcf,dpac,2,0,1280151395,982,981,798374124352232362,14240,2c83e501f034,2026-08-31T19:42:41Z,20000,18033,1967,,,,,,,,,,,,,,,,,
campaign_c,gen_n20000_rho0.9_near-ties_seed7.pcf,dpac,0,0,1265462941,963,962,9677598819997845600,14240,2c83e501f034,2026-08-31T19:42:42Z,20000,18037,1963,,,,,,,,,,,,,,,,,
campaign_c,gen_n20000_rho0.9_near-ties_seed7.pcf,dpac,1,0,1262360829,963,962,9677598819997845600,14240,2c83e501f034,2026-08-31T19:42:44Z,20000,18037,1963,,,,,,,,,,,,,,,,,
campaign_c,gen_n20000_rho0.9_near-ties_seed7.pcf,dpac,2,0,1272777700,963,962,9677598819997845600,14240,2c83e501f034,2026-08-31T19:42:45Z,20000,18037,1963,,,,,,,,,,,,,,,,,
campaign_c,gen_n20000_rho0.9_near-ties_seed8.pcf,dpac,0,0,1267202876,980,979,433824626736389254,14240,2c83e501f034,2026-08-31T19:42:46Z,20000,18013,1987,,,,,,,,,,,,,,,,,
campaign_c,gen_n20000_rho0.9_near-ties_seed8.pcf,dpac,1,0,1266048384,980,979,433824626736389254,14240,2c83e501f034,2026-08-31T19:42:47Z,20000,18013,1987,,,,,,,,,,,,,,,,,
campaign_c,gen_n20000_rho0.9_near-ties_seed8.pcf,dpac,2,0,1269622385,980,979,433824626736389254,14240,2c83e501f034,2026-08-31T19:42:49Z,20000,18013,1987,,,,,,,,,,,,,,,,,
campaign_c,gen_n20000_rho0.9_near-ties_seed9.pcf,dpac,0,0,1282603352,974,973,15223814379617897618,14400,2c83e501f034,2026-08-31T19:42:50Z,20000,17978,2022,,,,,,,,,,,,,,,,,
campaign_c,gen_n20000_rho0.9_near-ties_seed9.pcf,dpac,1,0,1277086337,974,973,15223814379617897618,14400,2c83e501f034,2026-08-31T19:42:51Z,20000,17978,2022,,,,,,,,,,,,,,,,,
campaign_c,gen_n20000_rho0.9_near-ties_seed9.pcf,dpac,2,0,1278669129,974,973,15223814379617897618,14400,2c83e501f034,2026-08-31T19:42:52Z,20000,17978,2022,,,,,,,,,,,,,,,,,
campaign_c,gen_n20000_rho1.0_anti-correlated_seed0.pcf,dpac,0,0,2641614726,9751,9750,1948041744167900409,14400,2c83e501f034,2026-08-31T19:42:55Z,20000,19999,1,,,,,,,,,,,,,,,,,
campaign_c,gen_n20000_rho1.0_anti-correlated_seed0.pcf,dpac,1,0,2693088779,9751,9750,1948041744167900409,14400,2c83e501f034,2026-08-31T19:42:58Z,20000,19999,1,,,,,,,,,,,,,,,,,
campaign_c,gen_n20000_rho1.0_anti-correlated_seed0.pcf,dpac,2,0,2674456327,9751,9750,1948041744167900409,14400,2c83e501f034,2026-08-31T19:43:00Z,20000,19999,1,,,,,,,,,,,,,,,,,
campaign_c,gen_n20000_rho1.0_anti-correlated_seed1.pcf,dpac,0,0,2636002864,9795,9794,2056837986634681185,14400,2c83e501f034,2026-08-31T19:43:03Z,20000,19999,1,,,,,,,,,,,,,,,,,
campaign_c,gen_n20000_rho1.0_anti-correlated_seed1.pcf,dpac,1,0,2627257775,9795,9794,2056837986634681185,14400,2c83e501f034,2026-08-31T19:43:06Z,20000,19999,1,,,,,,,,,,,,,,,,,
campaign_c,gen_n20000_rho1.0_anti-correlated_seed1.pcf,dpac,2,0,2636385600,9795,9794,2056837986634681185,14400,2c83e501f034,2026-08-31T19:43:08Z,20000,19999,1,,,,,,,,,,,,,,,,,
campaign_c,gen_n20000_rho1.0_anti-correlated_seed2.pcf,dpac,0,0,2648609641,9769,9768,6508351176570817297,14400,2c83e501f034,2026-08-31T19:43:11Z,20000,19999,1,,,,,,,,,,,,,,,,,
campaign_c,gen_n20000_rho1.0_anti-correlated_seed2.pcf,dpac,1,0,2635734417,9769,9768,6508351176570817297,14400,2c83e501f034,2026-08-31T19:43:14Z,20000,19999,1,,,,,,,,,,,,,,,,,
campaign_c,gen_n20000_rho1.0_anti-correlated_seed2.pcf,dpac,2,0,2642588247,9769,9768,6508351176570817297,14400,2c83e501f034,2026-08-31T19:43:16Z,20000,19999,1,,,,,,,,,,,,,,,,,
campaign_c,gen_n20000_rho1.0_anti-correlated_seed3.pcf,dpac,0,0,2646279227,9743,9742,16711822314776407673,14400,2c83e501f034,2026-08-31T19:43:19Z,20000,19999,1,,,,,,,,,,,,,,,,,
campaign_c,gen_n20000_rho1.0_anti-correlated_seed3.pcf,dpac,1,0,2638318678,9743,9742,16711822314776407673,14400,2c83e501f034,2026-08-31T19:43:22Z,20000,19999,1,,,,,,,,,,,,,,,,,
campaign_c,gen_n20000_rho1.0_anti-correlated_seed3.pcf,dpac,2,0,2646065050,9743,9742,16711822314776407673,14400,2c83e501f034,2026-08-31T19:43:24Z,20000,19999,1,,,,,,,,,,,,,,,,,
campaign_c,gen_n20000_rho1.0_anti-correlated_seed4.pcf,dpac,0,0,2652466105,9710,9709,5590121744179111686,14400,2c83e501f034,2026-08-31T19:43:27Z,20000,19999,1,,,,,,,,,,,,,,,,,
campaign_c,gen_n20000_rho1.0_anti-correlated_seed4.pcf,dpac,1,0,2645085373,9710,9709,5590121744179111686,14400,2c83e501f034,2026-08-31T19:43:30Z,20000,19999,1,,,,,,,,,,,,,,,,,
campaign_c,gen_n20000_rho1.0_anti-correlated_seed4.pcf,dpac,2,0,2642863188,9710,9709,5590121744179111686,14400,2c83e501f034,2026-08-31T19:43:32Z,20000,19999,1,,,,,,,,,,,,,,,,,
campaign_c,gen_n20000_rho1.0_anti-correlated_seed5.pcf,dpac,0,0,2642223050,9624,9623,4500020184117006434,14400,2c83e501f034,2026-08-31T19:43:35Z,20000,19999,1,,,,,,,,,,,,,,,,,
campaign_c,gen_n20000_rho1.0_anti-correlated_seed5.pcf,dpac,1,0,2641327384,9624,9623,4500020184117006434,14400,2c83e501f034,2026-08-31T19:43:38Z,20000,19999,1,,,,,,,,,,,,,,,,,
campaign_c,gen_n20000_rho1.0_anti-correlated_seed5.pcf,dpac,2,0,2641140958,9624,9623,4500020184117006434,14400,2c83e501f034,2026-08-31T19:43:40Z,20000,19999,1,,,,,,,,,,,,,,,,,
campaign_c,gen_n20000_rho1.0_anti-correlated_seed6.pcf,dpac,0,0,2615657076,9711,9710,9940139511401583796,14400,2c83e501f034,2026-08-31T19:43:43Z,20000,19999,1,,,,,,,,,,,,,,,,,
campaign_c,gen_n20000_rho1.0_anti-correlated_seed6.pcf,dpac,1,0,2638120681,9711,9710,9940139511401583796,14400,2c83e501f034,2026-08-31T19:43:45Z,20000,19999,1,,,,,,,,,,,,,,,,,
campaign_c,gen_n20000_rho1.0_anti-correlated_seed6.pcf,dpac,2,0,2637063485,9711,9710,9940139511401583796,14400,2c83e501f034,2026-08-31T19:43:48Z,20000,19999,1,,,,,,,,,,,,,,,,,
campaign_c,gen_n20000_rho1.0_anti-correlated_seed7.pcf,dpac,0,0,2651762499,9806,9805,3719317549775827754,14400,2c83e501f034,2026-08-31T19:43:51Z,20000,19999,1,,,,,,,,,,,,,,,,,
campaign_c,gen_n20000_rho1.0_anti-correlated_seed7.pcf,dpac,1,0,2651231892,9806,9805,3719317549775827754,14400,2c83e501f034,2026-08-31T19:43:53Z,20000,19999,1,,,,,,,,,,,,,,,,,
campaign_c,gen_n20000_rho1.0_anti-correlated_seed7.pcf,dpac,2,0,2659987305,9806,9805,3719317549775827754,14400,2c83e501f034,2026-08-31T19:43:56Z,20000,19999,1,,,,,,,,,,,,,,,,,
campaign_c,gen_n20000_rho1.0_anti-correlated_seed8.pcf,dpac,0,0,2629165137,9685,9684,5680535640766373608,14400,2c83e501f034,2026-08-31T19:43:59Z,20000,19999,1,,,,,,,,,,,,,,,,,
campaign_c,gen_n20000_rho1.0_anti-correlated_seed8.pcf,dpac,1,0,2637309211,9685,9684,5680535640766373608,14400,2c83e501f034,2026-08-31T19:44:01Z,20000,19999,1,,,,,,,,,,,,,,,,,
campaign_c,gen_n20000_rho1.0_anti-correlated_seed8.pcf,dpac,2,0,2632080327,9685,9684,5680535640766373608,14400,2c83e501f034,2026-08-31T19:44:04Z,20000,19999,1,,,,,,,,,,,,,,,,,
campaign_c,gen_n20000_rho1.0_anti-correlated_seed9.pcf,dpac,0,0,2628975493,9635,9634,5096034247899726967,14400,2c83e501f034,2026-08-31T19:44:07Z,20000,19999,1,,,,,,,,,,,,,,,,,
campaign_c,gen_n20000_rho1.0_anti-correlated_seed9.pcf,dpac,1,0,2621496840,9635,9634,5096034247899726967,14400,2c83e501f034,2026-08-31T19:44:09Z,20000,19999,1,,,,,,,,,,,,,,,,,
campaign_c,gen_n20000_rho1.0_anti-correlated_seed9.pcf,dpac,2,0,2623433546,9635,9634,5096034247899726967,14400,2c83e501f034,2026-08-31T19:44:12Z,20000,19999,1,,,,,,,,,,,,,,,,,
campaign_c,gen_n20000_rho1.0_correlated_seed0.pcf,dpac,0,0,2541988573,8861,8860,13752716447340324100,14400,2c83e501f034,2026-08-31T19:44:14Z,20000,19999,1,,,,,,,,,,,,,,,,,
campaign_c,gen_n20000_rho1.0_correlated_seed0.pcf,dpac,1,0,2538580564,8861,8860,13752716447340324100,14400,2c83e501f034,2026-08-31T19:44:17Z,20000,19999,1,,,,,,,,,,,,,,,,,
campaign_c,gen_n20000_rho1.0_correlated_seed0.pcf,dpac,2,0,2537718838,8861,8860,13752716447340324100,14400,2c83e501f034,2026-08-31T19:44:19Z,20000,19999,1,,,,,,,,,,,,,,,,,
campaign_c,gen_n20000_rho1.0_correlated_seed1.pcf,dpac,0,0,2509914235,8777,8776,7576149450581602646,14400,2c83e501f034,2026-08-31T19:44:22Z,20000,19999,1,,,,,,,,,,,,,,,,,
campaign_c,gen_n20000_rho1.0_correlated_seed1.pcf,dpac,1,0,2505981575,8777,8776,7576149450581602646,14400,2c83e501f034,2026-08-31T19:44:25Z,20000,19999,1,,,,,,,,,,,,,,,,,
campaign_c,gen_n20000_rho1.0_correlated_seed1.pcf,dpac,2,0,2497517072,8777,8776,7576149450581602646,14400,2c83e501f034,2026-08-31T19:44:27Z,20000,19999,1,,,,,,,,,,,,,,,,,
campaign_c,gen_n20000_rho1.0_correlated_seed2.pcf,dpac,0,0,2508177001,8864,8863,2718478223070575651,14400,2c83e501f034,2026-08-31T19:44:30Z,20000,19999,1,,,,,,,,,,,,,,,,,
campaign_c,gen_n20000_rho1.0_correlated_seed2.pcf,dpac,1,0,2514687404,8864,8863,2718478223070575651,14400,2c83e501f034,2026-08-31T19:44:32Z,20000,19999,1,,,,,,,,,,,,,,,,,
campaign_c,gen_n20000_rho1.0_correlated_seed2.pcf,dpac,2,0,2541350190,8864,8863,2718478223070575651,14400,2c83e501f034,2026-08-31T19:44:35Z,20000,19999,1,,,,,,,,,,,,,,,,,
campaign_c,gen_n20000_rho1.0_correlated_seed3.pcf,dpac,0,0,2569346303,8782,8781,14515087579632946737,14400,2c83e501f034,2026-08-31T19:44:37Z,20000,19999,1,,,,,,,,,,,,,,,,,
campaign_c,gen_n20000_rho1.0_correlated_seed3.pcf,dpac,1,0,2518452860,8782,8781,14515087579632946737,14400,2c83e501f034,2026-08-31T19:44:40Z,20000,19999,1,,,,,,,,,,,,,,,,,
campaign_c,gen_n20000_rho1.0_correlated_seed3.pcf,dpac,2,0,2520363488,8782,8781,14515087579632946737,14400,2c83e501f034,2026-08-31T19:44:42Z,20000,19999,1,,,,,,,,,,,,,,,,,
campaign_c,gen_n20000_rho1.0_correlated_seed4.pcf,dpac,0,0,2512109318,8878,8877,16116505353840904290,14400,2c83e501f034,2026-08-31T19:44:45Z,20000,19999,1,,,,,,,,,,,,,,,,,
campaign_c,gen_n20000_rho1.0_correlated_seed4.pcf,dpac,1,0,2507405370,8878,8877,16116505353840904290,14400,2c83e501f034,2026-08-31T19:44:47Z,20000,19999,1,,,,,,,,,,,,,,,,,
campaign_c,gen_n20000_rho1.0_correlated_seed4.pcf,dpac,2,0,2508832465,8878,8877,16116505353840904290,14400,2c83e501f034,2026-08-31T19:44:50Z,20000,19999,1,,,,,,,,,,,,,,,,,
campaign_c,gen_n20000_rho1.0_correlated_seed5.pcf,dpac,0,0,2519376048,8844,8843,927862989970242566,14400,2c83e501f034,2026-08-31T19:44:52Z,20000,19999,1,,,,,,,,,,,,,,,,,
campaign_c,gen_n20000_rho1.0_correlated_seed5.pcf,dpac,1,0,2533666407,8844,8843,927862989970242566,14400,2c83e501f034,2026-08-31T19:44:55Z,20000,19999,1,,,,,,,,,,,,,,,,,
campaign_c,gen_n20000_rho1.0_correlated_seed5.pcf,dpac,2,0,2530348117,8844,8843,927862989970242566,14400,2c83e501f034,2026-08-31T19:44:57Z,20000,19999,1,,,,,,,,,,,,,,,,,
campaign_c,gen_n20000_rho1.0_correlated_seed6.pcf,dpac,0,0,2505455785,8873,8872,13774185808697034924,14400,2c83e501f034,2026-08-31T19:45:00Z,20000,19999,1,,,,,,,,,,,,,,,,,
campaign_c,gen_n20000_rho1.0_correlated_seed6.pcf,dpac,1,0,2509449682,8873,8872,13774185808697034924,14400,2c83e501f034,2026-08-31T19:45:02Z,20000,19999,1,,,,,,,,,,,,,,,,,
campaign_c,gen_n20000_rho1.0_correlated_seed6.pcf,dpac,2,0,2517787257,8873,8872,13774185808697034924,14400,2c83e501f034,2026-08-31T19:45:05Z,20000,19999,1,,,,,,,,,,,,,,,,,
campaign_c,gen_n20000_rho1.0_correlated_seed7.pcf,dpac,0,0,2517981805,8881,8880,8576592966057900939,14400,2c83e501f034,2026-08-31T19:45:07Z,20000,19999,1,,,,,,,,,,,,,,,,,
campaign_c,gen_n20000_rho1.0_correlated_seed7.pcf,dpac,1,0,2514842403,8881,8880,8576592966057900939,14400,2c83e501f034,2026-08-31T19:45:10Z,20000,19999,1,,,,,,,,,,,,,,,,,
campaign_c,gen_n20000_rho1.0_correlated_seed7.pcf,dpac,2,0,2515659516,8881,8880,8576592966057900939,14400,2c83e501f034,2026-08-31T19:45:12Z,20000,19999,1,,,,,,,,,,,,,,,,,
campaign_c,gen_n20000_rho1.0_correlated_seed8.pcf,dpac,0,0,2495850283,8929,8928,4449123283405050631,14400,2c83e501f034,2026-08-31T19:45:15Z,20000,19999,1,,,,,,,,,,,,,,,,,
campaign_c,gen_n20000_rho1.0_correlated_seed8.pcf,dpac,1,0,2492650858,8929,8928,4449123283405050631,14400,2c83e501f034,2026-08-31T19:45:17Z,20000,19999,1,,,,,,,,,,,,,,,,,
campaign_c,gen_n20000_rho1.0_correlated_seed8.pcf,dpac,2,0,2492618262,8929,8928,4449123283405050631,14400,2c83e501f034,2026-08-31T19:45:20Z,20000,19999,1,,,,,,,,,,,,,,,,,
campaign_c,gen_n20000_rho1.0_correlated_seed9.pcf,dpac,0,0,2518818812,8873,8872,9669727207165347401,14400,2c83e501f034,2026-08-31T19:45:22Z,20000,19999,1,,,,,,,,,,,,,,,,,
campaign_c,gen_n20000_rho1.0_correlated_seed9.pcf,dpac,1,0,2508888440,8873,8872,9669727207165347401,14400,2c83e501f034,2026-08-31T19:45:25Z,20000,19999,1,,,,,,,,,,,,,,,,,
campaign_c,gen_n20000_rho1.0_correlated_seed9.pcf,dpac,2,0,2500171881,8873,8872,9669727207165347401,14400,2c83e501f034,2026-08-31T19:45:27Z,20000,19999,1,,,,,,,,,,,,,,,,,
campaign_c,gen_n20000_rho1.0_exact-ties_seed0.pcf,dpac,0,0,1790302028,3462,3461,15013431952549759865,14560,2c83e501f034,2026-08-31T19:45:29Z,20000,19999,1,,,,,,,,,,,,,,,,,
campaign_c,gen_n20000_rho1.0_exact-ties_seed0.pcf,dpac,1,0,1788844891,3462,3461,15013431952549759865,14560,2c83e501f034,2026-08-31T19:45:31Z,20000,19999,1,,,,,,,,,,,,,,,,,
campaign_c,gen_n20000_rho1.0_exact-ties_seed0.pcf,dpac,2,0,1792405298,3462,3461,15013431952549759865,14560,2c83e501f034,2026-08-31T19:45:33Z,20000,19999,1,,,,,,,,,,,,,,,,,
campaign_c,gen_n20000_rho1.0_exact-ties_seed1.pcf,dpac,0,0,1797189043,3386,3385,16933355683403075589,14560,2c83e501f034,2026-08-31T19:45:35Z,20000,19999,1,,,,,,,,,,,,,,,,,
campaign_c,gen_n20000_rho1.0_exact-ties_seed1.pcf,dpac,1,0,1857840606,3386,3385,16933355683403075589,14560,2c83e501f034,2026-08-31T19:45:37Z,20000,19999,1,,,,,,,,,,,,,,,,,
campaign_c,gen_n20000_rho1.0_exact-ties_seed1.pcf,dpac,2,0,1773534047,3386,3385,16933355683403075589,14560,2c83e501f034,2026-08-31T19:45:38Z,20000,19999,1,,,,,,,,,,,,,,,,,
campaign_c,gen_n20000_rho1.0_exact-ties_seed2.pcf,dpac,0,0,1781391505,3483,3482,15659844361898031756,14560,2c83e501f034,2026-08-31T19:45:40Z,20000,19999,1,,,,,,,,,,,,,,,,,
campaign_c,gen_n20000_rho1.0_exact-ties_seed2.pcf,dpac,1,0,1781927098,3483,3482,15659844361898031756,14560,2c83e501f034,2026-08-31T19:45:42Z,20000,19999,1,,,,,,,,,,,,,,,,,
campaign_c,gen_n20000_rho1.0_exact-ties_seed2.pcf,dpac,2,0,1783136398,3483,3482,15659844361898031756,14560,2c83e501f034,2026-08-31T19:45:44Z,20000,19999,1,,,,,,,,,,,,,,,,,
campaign_c,gen_n20000_rho1.0_exact-ties_seed3.pcf,dpac,0,0,1787331797,3409,3408,3791506576701544611,14560,2c83e501f034,2026-08-31T19:45:45Z,20000,19999,1,,,,,,,,,,,,,,,,,
campaign_c,gen_n20000_rho1.0_exact-ties_seed3.pcf,dpac,1,0,1786620909,3409,3408,3791506576701544611,14560,2c83e501f034,2026-08-31T19:45:47Z,20000,19999,1,,,,,,,,,,,,,,,,,
campaign_c,gen_n20000_rho1.0_exact-ties_seed3.pcf,dpac,2,0,1783544820,3409,3408,3791506576701544611,14560,2c83e501f034,2026-08-31T19:45:49Z,20000,19999,1,,,,,,,,,,,,,,,,,
campaign_c,gen_n20000_rho1.0_exact-ties_seed4.pcf,dpac,0,0,1772334093,3359,3358,890216248723804100,14560,2c83e501f034,2026-08-31T19:45:51Z,20000,19999,1,,,,,,,,,,,,,,,,,
campaign_c,gen_n20000_rho1.0_exact-ties_seed4.pcf,dpac,1,0,1768696018,3359,3358,890216248723804100,14560,2c83e501f034,2026-08-31T19:45:53Z,20000,19999,1,,,,,,,,,,,,,,,,,
campaign_c,gen_n20000_rho1.0_exact-ties_seed4.pcf,dpac,2,0,1769657886,3359,3358,890216248723804100,14560,2c83e501f034,2026-08-31T19:45:54Z,20000,19999,1,,,,,,,,,,,,,,,,,
campaign_c,gen_n20000_rho1.0_exact-ties_seed5.pcf,dpac,0,0,1781182854,3440,3439,8209380198326041801,14560,2c83e501f034,2026-08-31T19:45:56Z,20000,19999,1,,,,,,,,,,,,,,,,,
campaign_c,gen_n20000_rho1.0_exact-ties_seed5.pcf,dpac,1,0,1784460026,3440,3439,8209380198326041801,14560,2c83e501f034,2026-08-31T19:45:58Z,20000,19999,1,,,,,,,,,,,,,,,,,
campaign_c,gen_n20000_rho1.0_exact-ties_seed5.pcf,dpac,2,0,1780867685,3440,3439,8209380198326041801,14560,2c83e501f034,2026-08-31T19:46:00Z,20000,19999,1,,,,,,,,,,,,,,,,,
campaign_c,gen_n20000_rho1.0_exact-ties_seed6.pcf,dpac,0,0,1760795413,3337,3336,11441648066071091472,14560,2c83e501f034,2026-08-31T19:46:01Z,20000,19999,1,,,,,,,,,,,,,,,,,
campaign_c,gen_n20000_rho1.0_exact-ties_seed6.pcf,dpac,1,0,1760581499,3337,3336,11441648066071091472,14560,2c83e501f034,2026-08-31T19:46:03Z,20000,19999,1,,,,,,,,,,,,,,,,,
campaign_c,gen_n20000_rho1.0_exact-ties_seed6.pcf,dpac,2,0,1760237267,3337,3336,11441648066071091472,14560,2c83e501f034,2026-08-31T19:46:05Z,20000,19999,1,,,,,,,,,,,,,,,,,
campaign_c,gen_n20000_rho1.0_exact-ties_seed7.pcf,dpac,0,0,1805812258,3463,3462,10388982231570778151,14560,2c83e501f034,2026-08-31T19:46:07Z,20000,19999,1,,,,,,,,,,,,,,,,,
campaign_c,gen_n20000_rho1.0_exact-ties_seed7.pcf,dpac,1,0,1802315881,3463,3462,10388982231570778151,14560,2c83e501f034,2026-08-31T19:46:09Z,20000,19999,1,,,,,,,,,,,,,,,,,
campaign_c,gen_n20000_rho1.0_exact-ties_seed7.pcf,dpac,2,0,1803171824,3463,3462,10388982231570778151,14560,2c83e501f034,2026-08-31T19:46:10Z,20000,19999,1,,,,,,,,,,,,,,,,,
campaign_c,gen_n20000_rho1.0_exact-ties_seed8.pcf,dpac,0,0,1791291931,3497,3496,15081834756715870446,14560,2c83e501f034,2026-08-31T19:46:12Z,20000,19999,1,,,,,,,,,,,,,,,,,
campaign_c,gen_n20000_rho1.0_exact-ties_seed8.pcf,dpac,1,0,1789957978,3497,3496,15081834756715870446,14560,2c83e501f034,2026-08-31T19:46:14Z,20000,19999,1,,,,,,,,,,,,,,,,,
campaign_c,gen_n20000_rho1.0_exact-ties_seed8.pcf,dpac,2,0,1789959701,3497,3496,15081834756715870446,14560,2c83e501f034,2026-08-31T19:46:16Z,20000,19999,1,,,,,,,,,,,,,,,,,
campaign_c,gen_n20000_rho1.0_exact-ties_seed9.pcf,dpac,0,0,1776666958,3453,3452,13421609824877063088,14560,2c83e501f034,2026-08-31T19:46:18Z,20000,19999,1,,,,,,,,,,,,,,,,,
campaign_c,gen_n20000_rho1.0_exact-ties_seed9.pcf,dpac,1,0,1775275375,3453,3452,13421609824877063088,14560,2c83e501f034,2026-08-31T19:46:19Z,20000,19999,1,,,,,,,,,,,,,,,,,
campaign_c,gen_n20000_rho1.0_exact-ties_seed9.pcf,dpac,2,0,1783074491,3453,3452,13421609824877063088,14560,2c83e501f034,2026-08-31T19:46:21Z,20000,19999,1,,,,,,,,,,,,,,,,,
campaign_c,gen_n20000_rho1.0_independent-positive_seed0.pcf,dpac,0,0,2650329416,9775,9774,10173073649363823976,14560,2c83e501f034,2026-08-31T19:46:24Z,20000,19999,1,,,,,,,,,,,,,,,,,
campaign_c,gen_n20000_rho1.0_independent-positive_seed0.pcf,dpac,1,0,2648588024,9775,9774,10173073649363823976,14560,2c83e501f034,2026-08-31T19:46:26Z,20000,19999,1,,,,,,,,,,,,,,,,,
campaign_c,gen_n20000_rho1.0_independent-positive_seed0.pcf,dpac,2,0,2648223986,9775,9774,10173073649363823976,14560,2c83e501f034,2026-08-31T19:46:29Z,20000,19999,1,,,,,,,,,,,,,,,,,
campaign_c,gen_n20000_rho1.0_independent-positive_seed1.pcf,dpac,0,0,2637583638,9836,9835,9113014563825675758,14560,2c83e501f034,2026-08-31T19:46:32Z,20000,19999,1,,,,,,,,,,,,,,,,,
campaign_c,gen_n20000_rho1.0_independent-positive_seed1.pcf,dpac,1,0,2639418012,9836,9835,9113014563825675758,14560,2c83e501f034,2026-08-31T19:46:34Z,20000,19999,1,,,,,,,,,,,,,,,,,
campaign_c,gen_n20000_rho1.0_independent-positive_seed1.pcf,dpac,2,0,2643350120,9836,9835,9113014563825675758,14560,2c83e501f034,2026-08-31T19:46:37Z,20000,19999,1,,,,,,,,,,,,,,,,,
campaign_c,gen_n20000_rho1.0_independent-positive_seed2.pcf,dpac,0,0,2638339594,9758,9757,18318627588025994441,14560,2c83e501f034,2026-08-31T19:46:40Z,20000,19999,1,,,,,,,,,,,,,,,,,
campaign_c,gen_n20000_rho1.0_independent-positive_seed2.pcf,dpac,1,0,2633718985,9758,9757,18318627588025994441,14560,2c83e501f034,2026-08-31T19:46:42Z,20000,19999,1,,,,,,,,,,,,,,,,,
campaign_c,gen_n20000_rho1.0_independent-positive_seed2.pcf,dpac,2,0,2646058290,9758,9757,18318627588025994441,14560,2c83e501f034,2026-08-31T19:46:45Z,20000,19999,1,,,,,,,,,,,,,,,,,
campaign_c,gen_n20000_rho1.0_independent-positive_seed3.pcf,dpac,0,0,2630813581,9761,9760,7618570596334485272,14560,2c83e501f034,2026-08-31T19:46:48Z,20000,19999,1,,,,,,,,,,,,,,,,,
campaign_c,gen_n20000_rho1.0_independent-positive_seed3.pcf,dpac,1,0,2633896579,9761,9760,7618570596334485272,14560,2c83e501f034,2026-08-31T19:46:50Z,20000,19999,1,,,,,,,,,,,,,,,,,
campaign_c,gen_n20000_rho1.0_independent-positive_seed3.pcf,dpac,2,0,2632522866,9761,9760,7618570596334485272,14560,2c83e501f034,2026-08-31T19:46:53Z,20000,19999,1,,,,,,,,,,,,,,,,,
campaign_c,gen_n20000_rho1.0_independent-positive_seed4.pcf,dpac,0,0,2625438573,9852,9851,10220263620871998697,14560,2c83e501f034,2026-08-31T19:46:56Z,20000,19999,1,,,,,,,,,,,,,,,,,
campaign_c,gen_n20000_rho1.0_independent-positive_seed4.pcf,dpac,1,0,2628131452,9852,9851,10220263620871998697,14560,2c83e501f034,2026-08-31T19:46:58Z,20000,19999,1,,,,,,,,,,,,,,,,,
campaign_c,gen_n20000_rho1.0_independent-positive_seed4.pcf,dpac,2,0,2637579111,9852,9851,10220263620871998697,14560,2c83e501f034,2026-08-31T19:47:01Z,20000,19999,1,,,,,,,,,,,,,,,,,
campaign_c,gen_n20000_rho1.0_independent-positive_seed5.pcf,dpac,0,0,2641408434,9792,9791,18107312360524581492,14560,2c83e501f034,2026-08-31T19:47:03Z,20000,19999,1,,,,,,,,,,,,,,,,,
campaign_c,gen_n20000_rho1.0_independent-positive_seed5.pcf,dpac,1,0,2685949613,9792,9791,18107312360524581492,14560,2c83e501f034,2026-08-31T19:47:06Z,20000,19999,1,,,,,,,,,,,,,,,,,
campaign_c,gen_n20000_rho1.0_independent-positive_seed5.pcf,dpac,2,0,2614245549,9792,9791,18107312360524581492,14560,2c83e501f034,2026-08-31T19:47:09Z,20000,19999,1,,,,,,,,,,,,,,,,,
campaign_c,gen_n20000_rho1.0_independent-positive_seed6.pcf,dpac,0,0,2629090931,9715,9714,13003750765305016790,14560,2c83e501f034,2026-08-31T19:47:11Z,20000,19999,1,,,,,,,,,,,,,,,,,
campaign_c,gen_n20000_rho1.0_independent-positive_seed6.pcf,dpac,1,0,2628640373,9715,9714,13003750765305016790,14560,2c83e501f034,2026-08-31T19:47:14Z,20000,19999,1,,,,,,,,,,,,,,,,,
campaign_c,gen_n20000_rho1.0_independent-positive_seed6.pcf,dpac,2,0,2631800173,9715,9714,13003750765305016790,14560,2c83e501f034,2026-08-31T19:47:17Z,20000,19999,1,,,,,,,,,,,,,,,,,
campaign_c,gen_n20000_rho1.0_independent-positive_seed7.pcf,dpac,0,0,2628403597,9702,9701,6406392662041766100,14560,2c83e501f034,2026-08-31T19:47:19Z,20000,19999,1,,,,,,,,,,,,,,,,,
campaign_c,gen_n20000_rho1.0_independent-positive_seed7.pcf,dpac,1,0,2633910517,9702,9701,6406392662041766100,14560,2c83e501f034,2026-08-31T19:47:22Z,20000,19999,1,,,,,,,,,,,,,,,,,
campaign_c,gen_n20000_rho1.0_independent-positive_seed7.pcf,dpac,2,0,2633096326,9702,9701,6406392662041766100,14560,2c83e501f034,2026-08-31T19:47:25Z,20000,19999,1,,,,,,,,,,,,,,,,,
campaign_c,gen_n20000_rho1.0_independent-positive_seed8.pcf,dpac,0,0,2632049866,9706,9705,14510694080474396510,14560,2c83e501f034,2026-08-31T19:47:27Z,20000,19999,1,,,,,,,,,,,,,,,,,
campaign_c,gen_n20000_rho1.0_independent-positive_seed8.pcf,dpac,1,0,2633628449,9706,9705,14510694080474396510,14560,2c83e501f034,2026-08-31T19:47:30Z,20000,19999,1,,,,,,,,,,,,,,,,,
campaign_c,gen_n20000_rho1.0_independent-positive_seed8.pcf,dpac,2,0,2639608539,9706,9705,14510694080474396510,14560,2c83e501f034,2026-08-31T19:47:32Z,20000,19999,1,,,,,,,,,,,,,,,,,
campaign_c,gen_n20000_rho1.0_independent-positive_seed9.pcf,dpac,0,0,2646517621,9735,9734,18127753451714976221,14720,2c83e501f034,2026-08-31T19:47:35Z,20000,19999,1,,,,,,,,,,,,,,,,,
campaign_c,gen_n20000_rho1.0_independent-positive_seed9.pcf,dpac,1,0,2637368662,9735,9734,18127753451714976221,14720,2c83e501f034,2026-08-31T19:47:38Z,20000,19999,1,,,,,,,,,,,,,,,,,
campaign_c,gen_n20000_rho1.0_independent-positive_seed9.pcf,dpac,2,0,2638216127,9735,9734,18127753451714976221,14720,2c83e501f034,2026-08-31T19:47:40Z,20000,19999,1,,,,,,,,,,,,,,,,,
campaign_c,gen_n20000_rho1.0_independent-signed_seed0.pcf,dpac,0,0,2654158710,9931,9930,1197782434067519803,14720,2c83e501f034,2026-08-31T19:47:43Z,20000,19999,1,,,,,,,,,,,,,,,,,
campaign_c,gen_n20000_rho1.0_independent-signed_seed0.pcf,dpac,1,0,2665312082,9931,9930,1197782434067519803,14720,2c83e501f034,2026-08-31T19:47:46Z,20000,19999,1,,,,,,,,,,,,,,,,,
campaign_c,gen_n20000_rho1.0_independent-signed_seed0.pcf,dpac,2,0,2666601956,9931,9930,1197782434067519803,14720,2c83e501f034,2026-08-31T19:47:48Z,20000,19999,1,,,,,,,,,,,,,,,,,
campaign_c,gen_n20000_rho1.0_independent-signed_seed1.pcf,dpac,0,0,2663330367,9928,9927,13434316560003151571,14720,2c83e501f034,2026-08-31T19:47:51Z,20000,19999,1,,,,,,,,,,,,,,,,,
campaign_c,gen_n20000_rho1.0_independent-signed_seed1.pcf,dpac,1,0,2646090196,9928,9927,13434316560003151571,14720,2c83e501f034,2026-08-31T19:47:54Z,20000,19999,1,,,,,,,,,,,,,,,,,
campaign_c,gen_n20000_rho1.0_independent-signed_seed1.pcf,dpac,2,0,2645448291,9928,9927,13434316560003151571,14720,2c83e501f034,2026-08-31T19:47:56Z,20000,19999,1,,,,,,,,,,,,,,,,,
campaign_c,gen_n20000_rho1.0_independent-signed_seed2.pcf,dpac,0,0,2674511691,9959,9958,3002071106773283689,14720,2c83e501f034,2026-08-31T19:47:59Z,20000,19999,1,,,,,,,,,,,,,,,,,
campaign_c,gen_n20000_rho1.0_independent-signed_seed2.pcf,dpac,1,0,2667905386,9959,9958,3002071106773283689,14720,2c83e501f034,2026-08-31T19:48:02Z,20000,19999,1,,,,,,,,,,,,,,,,,
campaign_c,gen_n20000_rho1.0_independent-signed_seed2.pcf,dpac,2,0,2668858515,9959,9958,3002071106773283689,14720,2c83e501f034,2026-08-31T19:48:04Z,20000,19999,1,,,,,,,,,,,,,,,,,
campaign_c,gen_n20000_rho1.0_independent-signed_seed3.pcf,dpac,0,0,2671333632,9812,9811,13352786117979983407,14720,2c83e501f034,2026-08-31T19:48:07Z,20000,19999,1,,,,,,,,,,,,,,,,,
campaign_c,gen_n20000_rho1.0_independent-signed_seed3.pcf,dpac,1,0,2662250551,9812,9811,13352786117979983407,14720,2c83e501f034,2026-08-31T19:48:10Z,20000,19999,1,,,,,,,,,,,,,,,,,
campaign_c,gen_n20000_rho1.0_independent-signed_seed3.pcf,dpac,2,0,2662083869,9812,9811,13352786117979983407,14720,2c83e501f034,2026-08-31T19:48:12Z,20000,19999,1,,,,,,,,,,,,,,,,,
campaign_c,gen_n20000_rho1.0_independent-signed_seed4.pcf,dpac,0,0,2647095810,9947,9946,4493896619638890227,14720,2c83e501f034,2026-08-31T19:48:15Z,20000,19999,1,,,,,,,,,,,,,,,,,
campaign_c,gen_n20000_rho1.0_independent-signed_seed4.pcf,dpac,1,0,2645286223,9947,9946,4493896619638890227,14720,2c83e501f034,2026-08-31T19:48:18Z,20000,19999,1,,,,,,,,,,,,,,,,,
campaign_c,gen_n20000_rho1.0_independent-signed_seed4.pcf,dpac,2,0,2646553410,9947,9946,4493896619638890227,14720,2c83e501f034,2026-08-31T19:48:20Z,20000,19999,1,,,,,,,,,,,,,,,,,
campaign_c,gen_n20000_rho1.0_independent-signed_seed5.pcf,dpac,0,0,2647339614,9856,9855,3724230329229653028,14720,2c83e501f034,2026-08-31T19:48:23Z,20000,19999,1,,,,,,,,,,,,,,,,,
campaign_c,gen_n20000_rho1.0_independent-signed_seed5.pcf,dpac,1,0,2638819793,9856,9855,3724230329229653028,14720,2c83e501f034,2026-08-31T19:48:26Z,20000,19999,1,,,,,,,,,,,,,,,,,
campaign_c,gen_n20000_rho1.0_independent-signed_seed5.pcf,dpac,2,0,2641421074,9856,9855,3724230329229653028,14720,2c83e501f034,2026-08-31T19:48:28Z,20000,19999,1,,,,,,,,,,,,,,,,,
campaign_c,gen_n20000_rho1.0_independent-signed_seed6.pcf,dpac,0,0,2648992425,9989,9988,4724518227810405018,14720,2c83e501f034,2026-08-31T19:48:31Z,20000,19999,1,,,,,,,,,,,,,,,,,
campaign_c,gen_n20000_rho1.0_independent-signed_seed6.pcf,dpac,1,0,2644710790,9989,9988,4724518227810405018,14720,2c83e501f034,2026-08-31T19:48:34Z,20000,19999,1,,,,,,,,,,,,,,,,,
campaign_c,gen_n20000_rho1.0_independent-signed_seed6.pcf,dpac,2,0,2635754640,9989,9988,4724518227810405018,14720,2c83e501f034,2026-08-31T19:48:36Z,20000,19999,1,,,,,,,,,,,,,,,,,
campaign_c,gen_n20000_rho1.0_independent-signed_seed7.pcf,dpac,0,0,2643321262,9817,9816,14973078483961412472,14720,2c83e501f034,2026-08-31T19:48:39Z,20000,19999,1,,,,,,,,,,,,,,,,,
campaign_c,gen_n20000_rho1.0_independent-signed_seed7.pcf,dpac,1,0,2642622862,9817,9816,14973078483961412472,14720,2c83e501f034,2026-08-31T19:48:42Z,20000,19999,1,,,,,,,,,,,,,,,,,
campaign_c,gen_n20000_rho1.0_independent-signed_seed7.pcf,dpac,2,0,2646859477,9817,9816,14973078483961412472,14720,2c83e501f034,2026-08-31T19:48:44Z,20000,19999,1,,,,,,,,,,,,,,,,,
campaign_c,gen_n20000_rho1.0_independent-signed_seed8.pcf,dpac,0,0,2649749539,9834,9833,11496335246754933692,14720,2c83e501f034,2026-08-31T19:48:47Z,20000,19999,1,,,,,,,,,,,,,,,,,
campaign_c,gen_n20000_rho1.0_independent-signed_seed8.pcf,dpac,1,0,2640410408,9834,9833,11496335246754933692,14720,2c83e501f034,2026-08-31T19:48:49Z,20000,19999,1,,,,,,,,,,,,,,,,,
campaign_c,gen_n20000_rho1.0_independent-signed_seed8.pcf,dpac,2,0,2643902214,9834,9833,11496335246754933692,14720,2c83e501f034,2026-08-31T19:48:52Z,20000,19999,1,,,,,,,,,,,,,,,,,
campaign_c,gen_n20000_rho1.0_independent-signed_seed9.pcf,dpac,0,0,2669889567,9900,9899,1126034059073503220,14720,2c83e501f034,2026-08-31T19:48:55Z,20000,19999,1,,,,,,,,,,,,,,,,,
campaign_c,gen_n20000_rho1.0_independent-signed_seed9.pcf,dpac,1,0,2652994450,9900,9899,1126034059073503220,14720,2c83e501f034,2026-08-31T19:48:57Z,20000,19999,1,,,,,,,,,,,,,,,,,
campaign_c,gen_n20000_rho1.0_independent-signed_seed9.pcf,dpac,2,0,2659433247,9900,9899,1126034059073503220,14720,2c83e501f034,2026-08-31T19:49:00Z,20000,19999,1,,,,,,,,,,,,,,,,,
campaign_c,gen_n20000_rho1.0_near-ties_seed0.pcf,dpac,0,0,1408919226,1005,1004,448854257048008458,14720,2c83e501f034,2026-08-31T19:49:02Z,20000,19999,1,,,,,,,,,,,,,,,,,
campaign_c,gen_n20000_rho1.0_near-ties_seed0.pcf,dpac,1,0,1408364127,1005,1004,448854257048008458,14720,2c83e501f034,2026-08-31T19:49:03Z,20000,19999,1,,,,,,,,,,,,,,,,,
campaign_c,gen_n20000_rho1.0_near-ties_seed0.pcf,dpac,2,0,1419056786,1005,1004,448854257048008458,14720,2c83e501f034,2026-08-31T19:49:04Z,20000,19999,1,,,,,,,,,,,,,,,,,
campaign_c,gen_n20000_rho1.0_near-ties_seed1.pcf,dpac,0,0,1515937538,1046,1045,1690622089563158343,14720,2c83e501f034,2026-08-31T19:49:06Z,20000,19999,1,,,,,,,,,,,,,,,,,
campaign_c,gen_n20000_rho1.0_near-ties_seed1.pcf,dpac,1,0,1472312997,1046,1045,1690622089563158343,14720,2c83e501f034,2026-08-31T19:49:07Z,20000,19999,1,,,,,,,,,,,,,,,,,
campaign_c,gen_n20000_rho1.0_near-ties_seed1.pcf,dpac,2,0,1454798422,1046,1045,1690622089563158343,14720,2c83e501f034,2026-08-31T19:49:09Z,20000,19999,1,,,,,,,,,,,,,,,,,
campaign_c,gen_n20000_rho1.0_near-ties_seed2.pcf,dpac,0,0,1422682806,1029,1028,6135074823210772175,14720,2c83e501f034,2026-08-31T19:49:10Z,20000,19999,1,,,,,,,,,,,,,,,,,
campaign_c,gen_n20000_rho1.0_near-ties_seed2.pcf,dpac,1,0,1429077264,1029,1028,6135074823210772175,14720,2c83e501f034,2026-08-31T19:49:12Z,20000,19999,1,,,,,,,,,,,,,,,,,
campaign_c,gen_n20000_rho1.0_near-ties_seed2.pcf,dpac,2,0,1431138790,1029,1028,6135074823210772175,14720,2c83e501f034,2026-08-31T19:49:13Z,20000,19999,1,,,,,,,,,,,,,,,,,
campaign_c,gen_n20000_rho1.0_near-ties_seed3.pcf,dpac,0,0,1444906404,1039,1038,6475961969132474157,14720,2c83e501f034,2026-08-31T19:49:15Z,20000,19999,1,,,,,,,,,,,,,,,,,
campaign_c,gen_n20000_rho1.0_near-ties_seed3.pcf,dpac,1,0,1444322980,1039,1038,6475961969132474157,14720,2c83e501f034,2026-08-31T19:49:16Z,20000,19999,1,,,,,,,,,,,,,,,,,
campaign_c,gen_n20000_rho1.0_near-ties_seed3.pcf,dpac,2,0,1444051032,1039,1038,6475961969132474157,14720,2c83e501f034,2026-08-31T19:49:17Z,20000,19999,1,,,,,,,,,,,,,,,,,
campaign_c,gen_n20000_rho1.0_near-ties_seed4.pcf,dpac,0,0,1445331545,1016,1015,17483264980661952355,14720,2c83e501f034,2026-08-31T19:49:19Z,20000,19999,1,,,,,,,,,,,,,,,,,
campaign_c,gen_n20000_rho1.0_near-ties_seed4.pcf,dpac,1,0,1443166293,1016,1015,17483264980661952355,14720,2c83e501f034,2026-08-31T19:49:20Z,20000,19999,1,,,,,,,,,,,,,,,,,
campaign_c,gen_n20000_rho1.0_near-ties_seed4.pcf,dpac,2,0,1445929369,1016,1015,17483264980661952355,14720,2c83e501f034,2026-08-31T19:49:22Z,20000,19999,1,,,,,,,,,,,,,,,,,
campaign_c,gen_n20000_rho1.0_near-ties_seed5.pcf,dpac,0,0,1451961798,1038,1037,11741325639335252915,14720,2c83e501f034,2026-08-31T19:49:23Z,20000,19999,1,,,,,,,,,,,,,,,,,
campaign_c,gen_n20000_rho1.0_near-ties_seed5.pcf,dpac,1,0,1454171417,1038,1037,11741325639335252915,14720,2c83e501f034,2026-08-31T19:49:25Z,20000,19999,1,,,,,,,,,,,,,,,,,
campaign_c,gen_n20000_rho1.0_near-ties_seed5.pcf,dpac,2,0,1456764341,1038,1037,11741325639335252915,14720,2c83e501f034,2026-08-31T19:49:26Z,20000,19999,1,,,,,,,,,,,,,,,,,
campaign_c,gen_n20000_rho1.0_near-ties_seed6.pcf,dpac,0,0,1441171523,1021,1020,11256868922275385711,14720,2c83e501f034,2026-08-31T19:49:28Z,20000,19999,1,,,,,,,,,,,,,,,,,
campaign_c,gen_n20000_rho1.0_near-ties_seed6.pcf,dpac,1,0,1453447417,1021,1020,11256868922275385711,14720,2c83e501f034,2026-08-31T19:49:29Z,20000,19999,1,,,,,,,,,,,,,,,,,
campaign_c,gen_n20000_rho1.0_near-ties_seed6.pcf,dpac,2,0,1439117932,1021,1020,11256868922275385711,14720,2c83e501f034,2026-08-31T19:49:31Z,20000,19999,1,,,,,,,,,,,,,,,,,
campaign_c,gen_n20000_rho1.0_near-ties_seed7.pcf,dpac,0,0,1442529969,1012,1011,3718218537712858357,14720,2c83e501f034,2026-08-31T19:49:32Z,20000,19999,1,,,,,,,,,,,,,,,,,
campaign_c,gen_n20000_rho1.0_near-ties_seed7.pcf,dpac,1,0,1441564421,1012,1011,3718218537712858357,14720,2c83e501f034,2026-08-31T19:49:33Z,20000,19999,1,,,,,,,,,,,,,,,,,
campaign_c,gen_n20000_rho1.0_near-ties_seed7.pcf,dpac,2,0,1439985424,1012,1011,3718218537712858357,14720,2c83e501f034,2026-08-31T19:49:35Z,20000,19999,1,,,,,,,,,,,,,,,,,
campaign_c,gen_n20000_rho1.0_near-ties_seed8.pcf,dpac,0,0,1420806663,1002,1001,6567791404745704872,14880,2c83e501f034,2026-08-31T19:49:36Z,20000,19999,1,,,,,,,,,,,,,,,,,
campaign_c,gen_n20000_rho1.0_near-ties_seed8.pcf,dpac,1,0,1423707570,1002,1001,6567791404745704872,14880,2c83e501f034,2026-08-31T19:49:38Z,20000,19999,1,,,,,,,,,,,,,,,,,
campaign_c,gen_n20000_rho1.0_near-ties_seed8.pcf,dpac,2,0,1418280825,1002,1001,6567791404745704872,14880,2c83e501f034,2026-08-31T19:49:39Z,20000,19999,1,,,,,,,,,,,,,,,,,
campaign_c,gen_n20000_rho1.0_near-ties_seed9.pcf,dpac,0,0,1461203475,1024,1023,8133020260321677316,14880,2c83e501f034,2026-08-31T19:49:41Z,20000,19999,1,,,,,,,,,,,,,,,,,
campaign_c,gen_n20000_rho1.0_near-ties_seed9.pcf,dpac,1,0,1454752123,1024,1023,8133020260321677316,14880,2c83e501f034,2026-08-31T19:49:42Z,20000,19999,1,,,,,,,,,,,,,,,,,
campaign_c,gen_n20000_rho1.0_near-ties_seed9.pcf,dpac,2,0,1455524394,1024,1023,8133020260321677316,14880,2c83e501f034,2026-08-31T19:49:44Z,20000,19999,1,,,,,,,,,,,,,,,,,
