campaign_id,instance,algorithm,repetition,order,elapsed_ns,n_layers,n_breakpoints,sequence_hash,peak_rss_kib,git_commit,timestamp_utc,n_nodes,n_arcs,n_components,rac_clusters,rac_joins,rac_internalizations,rac_envelope_sum_calls,rac_envelope_max_calls,rac_hull_calls,rac_lines_scanned,rac_line_comparisons,rac_rational_comparisons,rac_pieces_stored,rac_topdown_events,rac_topdown_scans,rac_expanded_vertices,rac_expanded_edges,rac_rounds,rac_max_cluster_depth,rac_estimated_bytes
campaign_d_binary,binary_n1000_anti-correlated_seed0.pcf,dpac,0,0,3989194,493,492,998361602626893447,12480,2c83e501f034,2026-08-31T19:51:46Z,1000,999,1,,,,,,,,,,,,,,,,,
campaign_d_binary,binary_n1000_anti-correlated_seed0.pcf,dpac,1,0,3353385,493,492,998361602626893447,12480,2c83e501f034,2026-08-31T19:51:46Z,1000,999,1,,,,,,,,,,,,,,,,,
campaign_d_binary,binary_n1000_anti-correlated_seed0.pcf,dpac,2,0,3370095,493,492,998361602626893447,12480,2c83e501f034,2026-08-31T19:51:46Z,1000,999,1,,,,,,,,,,,,,,,,,
campaign_d_binary,binary_n1000_anti-correlated_seed1.pcf,dpac,0,0,3512313,507,506,13275381362886686907,12480,2c83e501f034,2026-08-31T19:51:46Z,1000,999,1,,,,,,,,,,,,,,,,,
campaign_d_binary,binary_n1000_anti-correlated_seed1.pcf,dpac,1,0,3385765,507,506,13275381362886686907,12480,2c83e501f034,2026-08-31T19:51:46Z,1000,999,1,,,,,,,,,,,,,,,,,
campaign_d_binary,binary_n1000_anti-correlated_seed1.pcf,dpac,2,0,3368465,507,506,13275381362886686907,12480,2c83e501f034,2026-08-31T19:51:46Z,1000,999,1,,,,,,,,,,,,,,,,,
campaign_d_binary,binary_n1000_anti-correlated_seed2.pcf,dpac,0,0,3524602,509,508,3295823888343287083,12480,2c83e501f034,2026-08-31T19:51:46Z,1000,999,1,,,,,,,,,,,,,,,,,
campaign_d_binary,binary_n1000_anti-correlated_seed2.pcf,dpac,1,0,3470680,509,508,3295823888343287083,12480,2c83e501f034,2026-08-31T19:51:46Z,1000,999,1,,,,,,,,,,,,,,,,,
campaign_d_binary,binary_n1000_anti-correlated_seed2.pcf,dpac,2,0,3413143,509,508,3295823888343287083,12480,2c83e501f034,2026-08-31T19:51:46Z,1000,999,1,,,,,,,,,,,,,,,,,
campaign_d_binary,binary_n1000_anti-correlated_seed3.pcf,dpac,0,0,3478931,472,471,6688276399887907186,12480,2c83e501f034,2026-08-31T19:51:46Z,1000,999,1,,,,,,,,,,,,,,,,,
campaign_d_binary,binary_n1000_anti-correlated_seed3.pcf,dpac,1,0,3307595,472,471,6688276399887907186,12480,2c83e501f034,2026-08-31T19:51:46Z,1000,999,1,,,,,,,,,,,,,,,,,
campaign_d_binary,binary_n1000_anti-correlated_seed3.pcf,dpac,2,0,3349652,472,471,6688276399887907186,12480,2c83e501f034,2026-08-31T19:51:46Z,1000,999,1,,,,,,,,,,,,,,,,,
campaign_d_binary,binary_n1000_anti-correlated_seed4.pcf,dpac,0,0,3530129,511,510,7089691983439649914,12480,2c83e501f034,2026-08-31T19:51:46Z,1000,999,1,,,,,,,,,,,,,,,,,
campaign_d_binary,binary_n1000_anti-correlated_seed4.pcf,dpac,1,0,3444576,511,510,7089691983439649914,12480,2c83e501f034,2026-08-31T19:51:46Z,1000,999,1,,,,,,,,,,,,,,,,,
campaign_d_binary,binary_n1000_anti-correlated_seed4.pcf,dpac,2,0,3406810,511,510,7089691983439649914,12480,2c83e501f034,2026-08-31T19:51:46Z,1000,999,1,,,,,,,,,,,,,,,,,
campaign_d_binary,binary_n1000_anti-correlated_seed5.pcf,dpac,0,0,3539512,509,508,677786263835367955,12480,2c83e501f034,2026-08-31T19:51:46Z,1000,999,1,,,,,,,,,,,,,,,,,
campaign_d_binary,binary_n1000_anti-correlated_seed5.pcf,dpac,1,0,3418280,509,508,677786263835367955,12480,2c83e501f034,2026-08-31T19:51:46Z,1000,999,1,,,,,,,,,,,,,,,,,
campaign_d_binary,binary_n1000_anti-correlated_seed5.pcf,dpac,2,0,3389216,509,508,677786263835367955,12480,2c83e501f034,2026-08-31T19:51:46Z,1000,999,1,,,,,,,,,,,,,,,,,
campaign_d_binary,binary_n1000_anti-correlated_seed6.pcf,dpac,0,0,3487118,493,492,9289075040673361134,12480,2c83e501f034,2026-08-31T19:51:46Z,1000,999,1,,,,,,,,,,,,,,,,,
campaign_d_binary,binary_n1000_anti-correlated_seed6.pcf,dpac,1,0,3386924,493,492,9289075040673361134,12480,2c83e501f034,2026-08-31T19:51:46Z,1000,999,1,,,,,,,,,,,,,,,,,
campaign_d_binary,binary_n1000_anti-correlated_seed6.pcf,dpac,2,0,3353864,493,492,9289075040673361134,12480,2c83e501f034,2026-08-31T19:51:46Z,1000,999,1,,,,,,,,,,,,,,,,,
campaign_d_binary,binary_n1000_anti-correlated_seed7.pcf,dpac,0,0,3502362,497,496,2603243055252734140,12480,2c83e501f034,2026-08-31T19:51:46Z,1000,999,1,,,,,,,,,,,,,,,,,
campaign_d_binary,binary_n1000_anti-correlated_seed7.pcf,dpac,1,0,3379499,497,496,2603243055252734140,12480,2c83e501f034,2026-08-31T19:51:46Z,1000,999,1,,,,,,,,,,,,,,,,,
campaign_d_binary,binary_n1000_anti-correlated_seed7.pcf,dpac,2,0,3339206,497,496,2603243055252734140,12480,2c83e501f034,2026-08-31T19:51:46Z,1000,999,1,,,,,,,,,,,,,,,,,
campaign_d_binary,binary_n1000_anti-correlated_seed8.pcf,dpac,0,0,3484664,507,506,269128200557660933,12480,2c83e501f034,2026-08-31T19:51:46Z,1000,999,1,,,,,,,,,,,,,,,,,
campaign_d_binary,binary_n1000_anti-correlated_seed8.pcf,dpac,1,0,3347928,507,506,269128200557660933,12480,2c83e501f034,2026-08-31T19:51:46Z,1000,999,1,,,,,,,,,,,,,,,,,
campaign_d_binary,binary_n1000_anti-correlated_seed8.pcf,dpac,2,0,3343155,507,506,269128200557660933,12480,2c83e501f034,2026-08-31T19:51:46Z,1000,999,1,,,,,,,,,,,,,,,,,
campaign_d_binary,binary_n1000_anti-correlated_seed9.pcf,dpac,0,0,3438594,504,503,9124693926122167196,12480,2c83e501f034,2026-08-31T19:51:46Z,1000,999,1,,,,,,,,,,,,,,,,,
campaign_d_binary,binary_n1000_anti-correlated_seed9.pcf,dpac,1,0,3353110,504,503,9124693926122167196,12480,2c83e501f034,2026-08-31T19:51:46Z,1000,999,1,,,,,,,,,,,,,,,,,
campaign_d_binary,binary_n1000_anti-correlated_seed9.pcf,dpac,2,0,3333237,504,503,9124693926122167196,12480,2c83e501f034,2026-08-31T19:51:46Z,1000,999,1,,,,,,,,,,,,,,,,,
campaign_d_binary,binary_n1000_correlated_seed0.pcf,dpac,0,0,3496243,480,479,11786187215707335266,12480,2c83e501f034,2026-08-31T19:51:46Z,1000,999,1,,,,,,,,,,,,,,,,,
campaign_d_binary,binary_n1000_correlated_seed0.pcf,dpac,1,0,3384663,480,479,11786187215707335266,12480,2c83e501f034,2026-08-31T19:51:46Z,1000,999,1,,,,,,,,,,,,,,,,,
campaign_d_binary,binary_n1000_correlated_seed0.pcf,dpac,2,0,3352080,480,479,11786187215707335266,12480,2c83e501f034,2026-08-31T19:51:46Z,1000,999,1,,,,,,,,,,,,,,,,,
campaign_d_binary,binary_n1000_correlated_seed1.pcf,dpac,0,0,3499562,502,501,11197234300849659213,12480,2c83e501f034,2026-08-31T19:51:46Z,1000,999,1,,,,,,,,,,,,,,,,,
campaign_d_binary,binary_n1000_correlated_seed1.pcf,dpac,1,0,3335602,502,501,11197234300849659213,12480,2c83e501f034,2026-08-31T19:51:46Z,1000,999,1,,,,,,,,,,,,,,,,,
campaign_d_binary,binary_n1000_correlated_seed1.pcf,dpac,2,0,3352118,502,501,11197234300849659213,12480,2c83e501f034,2026-08-31T19:51:46Z,1000,999,1,,,,,,,,,,,,,,,,,
campaign_d_binary,binary_n1000_correlated_seed2.pcf,dpac,0,0,3502084,502,501,3692035159051226825,12480,2c83e501f034,2026-08-31T19:51:46Z,1000,999,1,,,,,,,,,,,,,,,,,
campaign_d_binary,binary_n1000_correlated_seed2.pcf,dpac,1,0,3379430,502,501,3692035159051226825,12480,2c83e501f034,2026-08-31T19:51:46Z,1000,999,1,,,,,,,,,,,,,,,,,
campaign_d_binary,binary_n1000_correlated_seed2.pcf,dpac,2,0,3408860,502,501,3692035159051226825,12480,2c83e501f034,2026-08-31T19:51:46Z,1000,999,1,,,,,,,,,,,,,,,,,
campaign_d_binary,binary_n1000_correlated_seed3.pcf,dpac,0,0,3447230,485,484,12780414105504871629,12480,2c83e501f034,2026-08-31T19:51:46Z,1000,999,1,,,,,,,,,,,,,,,,,
campaign_d_binary,binary_n1000_correlated_seed3.pcf,dpac,1,0,3328330,485,484,12780414105504871629,12480,2c83e501f034,2026-08-31T19:51:46Z,1000,999,1,,,,,,,,,,,,,,,,,
campaign_d_binary,binary_n1000_correlated_seed3.pcf,dpac,2,0,3350051,485,484,12780414105504871629,12480,2c83e501f034,2026-08-31T19:51:46Z,1000,999,1,,,,,,,,,,,,,,,,,
campaign_d_binary,binary_n1000_correlated_seed4.pcf,dpac,0,0,3494866,513,512,1006796316205613283,12640,2c83e501f034,2026-08-31T19:51:46Z,1000,999,1,,,,,,,,,,,,,,,,,
campaign_d_binary,binary_n1000_correlated_seed4.pcf,dpac,1,0,3405456,513,512,1006796316205613283,12640,2c83e501f034,2026-08-31T19:51:46Z,1000,999,1,,,,,,,,,,,,,,,,,
campaign_d_binary,binary_n1000_correlated_seed4.pcf,dpac,2,0,3435842,513,512,1006796316205613283,12640,2c83e501f034,2026-08-31T19:51:46Z,1000,999,1,,,,,,,,,,,,,,,,,
campaign_d_binary,binary_n1000_correlated_seed5.pcf,dpac,0,0,3459440,483,482,5262473141981305927,12640,2c83e501f034,2026-08-31T19:51:46Z,1000,999,1,,,,,,,,,,,,,,,,,
campaign_d_binary,binary_n1000_correlated_seed5.pcf,dpac,1,0,3328502,483,482,5262473141981305927,12640,2c83e501f034,2026-08-31T19:51:46Z,1000,999,1,,,,,,,,,,,,,,,,,
campaign_d_binary,binary_n1000_correlated_seed5.pcf,dpac,2,0,3367029,483,482,5262473141981305927,12640,2c83e501f034,2026-08-31T19:51:46Z,1000,999,1,,,,,,,,,,,,,,,,,
campaign_d_binary,binary_n1000_correlated_seed6.pcf,dpac,0,0,3390571,498,497,4057629674240424378,12640,2c83e501f034,2026-08-31T19:51:46Z,1000,999,1,,,,,,,,,,,,,,,,,
campaign_d_binary,binary_n1000_correlated_seed6.pcf,dpac,1,0,3320910,498,497,4057629674240424378,12640,2c83e501f034,2026-08-31T19:51:46Z,1000,999,1,,,,,,,,,,,,,,,,,
campaign_d_binary,binary_n1000_correlated_seed6.pcf,dpac,2,0,3313554,498,497,4057629674240424378,12640,2c83e501f034,2026-08-31T19:51:46Z,1000,999,1,,,,,,,,,,,,,,,,,
campaign_d_binary,binary_n1000_correlated_seed7.pcf,dpac,0,0,3509376,507,506,8985424455216790318,12640,2c83e501f034,2026-08-31T19:51:46Z,1000,999,1,,,,,,,,,,,,,,,,,
campaign_d_binary,binary_n1000_correlated_seed7.pcf,dpac,1,0,3402561,507,506,8985424455216790318,12640,2c83e501f034,2026-08-31T19:51:46Z,1000,999,1,,,,,,,,,,,,,,,,,
campaign_d_binary,binary_n1000_correlated_seed7.pcf,dpac,2,0,3429461,507,506,8985424455216790318,12640,2c83e501f034,2026-08-31T19:51:46Z,1000,999,1,,,,,,,,,,,,,,,,,
campaign_d_binary,binary_n1000_correlated_seed8.pcf,dpac,0,0,3471862,470,469,346286929198334726,12640,2c83e501f034,2026-08-31T19:51:46Z,1000,999,1,,,,,,,,,,,,,,,,,
campaign_d_binary,binary_n1000_correlated_seed8.pcf,dpac,1,0,3297887,470,469,346286929198334726,12640,2c83e501f034,2026-08-31T19:51:46Z,1000,999,1,,,,,,,,,,,,,,,,,
campaign_d_binary,binary_n1000_correlated_seed8.pcf,dpac,2,0,3346587,470,469,346286929198334726,12640,2c83e501f034,2026-08-31T19:51:46Z,1000,999,1,,,,,,,,,,,,,,,,,
campaign_d_binary,binary_n1000_correlated_seed9.pcf,dpac,0,0,3522457,493,492,1422723493752200066,12640,2c83e501f034,2026-08-31T19:51:46Z,1000,999,1,,,,,,,,,,,,,,,,,
campaign_d_binary,binary_n1000_correlated_seed9.pcf,dpac,1,0,3386172,493,492,1422723493752200066,12640,2c83e501f034,2026-08-31T19:51:46Z,1000,999,1,,,,,,,,,,,,,,,,,
campaign_d_binary,binary_n1000_correlated_seed9.pcf,dpac,2,0,3405457,493,492,1422723493752200066,12640,2c83e501f034,2026-08-31T19:51:46Z,1000,999,1,,,,,,,,,,,,,,,,,
campaign_d_binary,binary_n1000_exact-ties_seed0.pcf,dpac,0,0,2599851,214,213,5738187943368057161,12640,2c83e501f034,2026-08-31T19:51:46Z,1000,999,1,,,,,,,,,,,,,,,,,
campaign_d_binary,binary_n1000_exact-ties_seed0.pcf,dpac,1,0,2515216,214,213,5738187943368057161,12640,2c83e501f034,2026-08-31T19:51:46Z,1000,999,1,,,,,,,,,,,,,,,,,
campaign_d_binary,binary_n1000_exact-ties_seed0.pcf,dpac,2,0,2499902,214,213,5738187943368057161,12640,2c83e501f034,2026-08-31T19:51:46Z,1000,999,1,,,,,,,,,,,,,,,,,
campaign_d_binary,binary_n1000_exact-ties_seed1.pcf,dpac,0,0,2596619,220,219,13117793851740606950,12640,2c83e501f034,2026-08-31T19:51:46Z,1000,999,1,,,,,,,,,,,,,,,,,
campaign_d_binary,binary_n1000_exact-ties_seed1.pcf,dpac,1,0,2500508,220,219,13117793851740606950,12640,2c83e501f034,2026-08-31T19:51:46Z,1000,999,1,,,,,,,,,,,,,,,,,
campaign_d_binary,binary_n1000_exact-ties_seed1.pcf,dpac,2,0,2493459,220,219,13117793851740606950,12640,2c83e501f034,2026-08-31T19:51:46Z,1000,999,1,,,,,,,,,,,,,,,,,
campaign_d_binary,binary_n1000_exact-ties_seed2.pcf,dpac,0,0,2706112,216,215,3009741023668644037,12640,2c83e501f034,2026-08-31T19:51:46Z,1000,999,1,,,,,,,,,,,,,,,,,
campaign_d_binary,binary_n1000_exact-ties_seed2.pcf,dpac,1,0,2534333,216,215,3009741023668644037,12640,2c83e501f034,2026-08-31T19:51:46Z,1000,999,1,,,,,,,,,,,,,,,,,
campaign_d_binary,binary_n1000_exact-ties_seed2.pcf,dpac,2,0,2502870,216,215,3009741023668644037,12640,2c83e501f034,2026-08-31T19:51:46Z,1000,999,1,,,,,,,,,,,,,,,,,
campaign_d_binary,binary_n1000_exact-ties_seed3.pcf,dpac,0,0,2706532,230,229,15993191443648215918,12640,2c83e501f034,2026-08-31T19:51:46Z,1000,999,1,,,,,,,,,,,,,,,,,
campaign_d_binary,binary_n1000_exact-ties_seed3.pcf,dpac,1,0,2574192,230,229,15993191443648215918,12640,2c83e501f034,2026-08-31T19:51:46Z,1000,999,1,,,,,,,,,,,,,,,,,
campaign_d_binary,binary_n1000_exact-ties_seed3.pcf,dpac,2,0,2615057,230,229,15993191443648215918,12640,2c83e501f034,2026-08-31T19:51:46Z,1000,999,1,,,,,,,,,,,,,,,,,
campaign_d_binary,binary_n1000_exact-ties_seed4.pcf,dpac,0,0,2574203,222,221,18304649152723783542,12640,2c83e501f034,2026-08-31T19:51:46Z,1000,999,1,,,,,,,,,,,,,,,,,
campaign_d_binary,binary_n1000_exact-ties_seed4.pcf,dpac,1,0,2467988,222,221,18304649152723783542,12640,2c83e501f034,2026-08-31T19:51:46Z,1000,999,1,,,,,,,,,,,,,,,,,
campaign_d_binary,binary_n1000_exact-ties_seed4.pcf,dpac,2,0,2515675,222,221,18304649152723783542,12640,2c83e501f034,2026-08-31T19:51:46Z,1000,999,1,,,,,,,,,,,,,,,,,
campaign_d_binary,binary_n1000_exact-ties_seed5.pcf,dpac,0,0,2714024,244,243,14586796296108741869,12640,2c83e501f034,2026-08-31T19:51:46Z,1000,999,1,,,,,,,,,,,,,,,,,
campaign_d_binary,binary_n1000_exact-ties_seed5.pcf,dpac,1,0,2603616,244,243,14586796296108741869,12640,2c83e501f034,2026-08-31T19:51:46Z,1000,999,1,,,,,,,,,,,,,,,,,
campaign_d_binary,binary_n1000_exact-ties_seed5.pcf,dpac,2,0,2579970,244,243,14586796296108741869,12640,2c83e501f034,2026-08-31T19:51:46Z,1000,999,1,,,,,,,,,,,,,,,,,
campaign_d_binary,binary_n1000_exact-ties_seed6.pcf,dpac,0,0,2601281,217,216,7645077392552453322,12640,2c83e501f034,2026-08-31T19:51:46Z,1000,999,1,,,,,,,,,,,,,,,,,
campaign_d_binary,binary_n1000_exact-ties_seed6.pcf,dpac,1,0,2475586,217,216,7645077392552453322,12640,2c83e501f034,2026-08-31T19:51:46Z,1000,999,1,,,,,,,,,,,,,,,,,
campaign_d_binary,binary_n1000_exact-ties_seed6.pcf,dpac,2,0,2455984,217,216,7645077392552453322,12640,2c83e501f034,2026-08-31T19:51:46Z,1000,999,1,,,,,,,,,,,,,,,,,
campaign_d_binary,binary_n1000_exact-ties_seed7.pcf,dpac,0,0,2619225,213,212,1812983417294710458,12640,2c83e501f034,2026-08-31T19:51:46Z,1000,999,1,,,,,,,,,,,,,,,,,
campaign_d_binary,binary_n1000_exact-ties_seed7.pcf,dpac,1,0,2462673,213,212,1812983417294710458,12640,2c83e501f034,2026-08-31T19:51:46Z,1000,999,1,,,,,,,,,,,,,,,,,
campaign_d_binary,binary_n1000_exact-ties_seed7.pcf,dpac,2,0,2480312,213,212,1812983417294710458,12640,2c83e501f034,2026-08-31T19:51:46Z,1000,999,1,,,,,,,,,,,,,,,,,
campaign_d_binary,binary_n1000_exact-ties_seed8.pcf,dpac,0,0,2661088,215,214,10789172421225501777,12640,2c83e501f034,2026-08-31T19:51:46Z,1000,999,1,,,,,,,,,,,,,,,,,
campaign_d_binary,binary_n1000_exact-ties_seed8.pcf,dpac,1,0,2541097,215,214,10789172421225501777,12640,2c83e501f034,2026-08-31T19:51:46Z,1000,999,1,,,,,,,,,,,,,,,,,
campaign_d_binary,binary_n1000_exact-ties_seed8.pcf,dpac,2,0,2550283,215,214,10789172421225501777,12640,2c83e501f034,2026-08-31T19:51:46Z,1000,999,1,,,,,,,,,,,,,,,,,
campaign_d_binary,binary_n1000_exact-ties_seed9.pcf,dpac,0,0,2608272,220,219,16774112193837309265,12640,2c83e501f034,2026-08-31T19:51:46Z,1000,999,1,,,,,,,,,,,,,,,,,
campaign_d_binary,binary_n1000_exact-ties_seed9.pcf,dpac,1,0,2517558,220,219,16774112193837309265,12640,2c83e501f034,2026-08-31T19:51:46Z,1000,999,1,,,,,,,,,,,,,,,,,
campaign_d_binary,binary_n1000_exact-ties_seed9.pcf,dpac,2,0,2565272,220,219,16774112193837309265,12640,2c83e501f034,2026-08-31T19:51:46Z,1000,999,1,,,,,,,,,,,,,,,,,
campaign_d_binary,binary_n1000_independent-positive_seed0.pcf,dpac,0,0,3480259,494,493,15184792802037204919,12640,2c83e501f034,2026-08-31T19:51:46Z,1000,999,1,,,,,,,,,,,,,,,,,
campaign_d_binary,binary_n1000_independent-positive_seed0.pcf,dpac,1,0,3358332,494,493,15184792802037204919,12640,2c83e501f034,2026-08-31T19:51:46Z,1000,999,1,,,,,,,,,,,,,,,,,
campaign_d_binary,binary_n1000_independent-positive_seed0.pcf,dpac,2,0,3341787,494,493,15184792802037204919,12640,2c83e501f034,2026-08-31T19:51:46Z,1000,999,1,,,,,,,,,,,,,,,,,
campaign_d_binary,binary_n1000_independent-positive_seed1.pcf,dpac,0,0,3491286,492,491,15222346424984104789,12640,2c83e501f034,2026-08-31T19:51:46Z,1000,999,1,,,,,,,,,,,,,,,,,
campaign_d_binary,binary_n1000_independent-positive_seed1.pcf,dpac,1,0,3409896,492,491,15222346424984104789,12640,2c83e501f034,2026-08-31T19:51:46Z,1000,999,1,,,,,,,,,,,,,,,,,
campaign_d_binary,binary_n1000_independent-positive_seed1.pcf,dpac,2,0,3389212,492,491,15222346424984104789,12640,2c83e501f034,2026-08-31T19:51:46Z,1000,999,1,,,,,,,,,,,,,,,,,
campaign_d_binary,binary_n1000_independent-positive_seed2.pcf,dpac,0,0,3589458,506,505,441205246488688985,12640,2c83e501f034,2026-08-31T19:51:46Z,1000,999,1,,,,,,,,,,,,,,,,,
campaign_d_binary,binary_n1000_independent-positive_seed2.pcf,dpac,1,0,3486996,506,505,441205246488688985,12640,2c83e501f034,2026-08-31T19:51:46Z,1000,999,1,,,,,,,,,,,,,,,,,
campaign_d_binary,binary_n1000_independent-positive_seed2.pcf,dpac,2,0,3454214,506,505,441205246488688985,12640,2c83e501f034,2026-08-31T19:51:46Z,1000,999,1,,,,,,,,,,,,,,,,,
campaign_d_binary,binary_n1000_independent-positive_seed3.pcf,dpac,0,0,3583033,500,499,17062610731890335277,12800,2c83e501f034,2026-08-31T19:51:46Z,1000,999,1,,,,,,,,,,,,,,,,,
campaign_d_binary,binary_n1000_independent-positive_seed3.pcf,dpac,1,0,3469806,500,499,17062610731890335277,12800,2c83e501f034,2026-08-31T19:51:46Z,1000,999,1,,,,,,,,,,,,,,,,,
campaign_d_binary,binary_n1000_independent-positive_seed3.pcf,dpac,2,0,3482366,500,499,17062610731890335277,12800,2c83e501f034,2026-08-31T19:51:46Z,1000,999,1,,,,,,,,,,,,,,,,,
campaign_d_binary,binary_n1000_independent-positive_seed4.pcf,dpac,0,0,3643142,513,512,1023229337319885657,12800,2c83e501f034,2026-08-31T19:51:46Z,1000,999,1,,,,,,,,,,,,,,,,,
campaign_d_binary,binary_n1000_independent-positive_seed4.pcf,dpac,1,0,3535403,513,512,1023229337319885657,12800,2c83e501f034,2026-08-31T19:51:46Z,1000,999,1,,,,,,,,,,,,,,,,,
campaign_d_binary,binary_n1000_independent-positive_seed4.pcf,dpac,2,0,3471855,513,512,1023229337319885657,12800,2c83e501f034,2026-08-31T19:51:46Z,1000,999,1,,,,,,,,,,,,,,,,,
campaign_d_binary,binary_n1000_independent-positive_seed5.pcf,dpac,0,0,3595975,528,527,4181085718972567183,12800,2c83e501f034,2026-08-31T19:51:46Z,1000,999,1,,,,,,,,,,,,,,,,,
campaign_d_binary,binary_n1000_independent-positive_seed5.pcf,dpac,1,0,3456982,528,527,4181085718972567183,12800,2c83e501f034,2026-08-31T19:51:46Z,1000,999,1,,,,,,,,,,,,,,,,,
campaign_d_binary,binary_n1000_independent-positive_seed5.pcf,dpac,2,0,3502603,528,527,4181085718972567183,12800,2c83e501f034,2026-08-31T19:51:46Z,1000,999,1,,,,,,,,,,,,,,,,,
campaign_d_binary,binary_n1000_independent-positive_seed6.pcf,dpac,0,0,3565391,490,489,11412504836370503844,12800,2c83e501f034,2026-08-31T19:51:46Z,1000,999,1,,,,,,,,,,,,,,,,,
campaign_d_binary,binary_n1000_independent-positive_seed6.pcf,dpac,1,0,3450615,490,489,11412504836370503844,12800,2c83e501f034,2026-08-31T19:51:46Z,1000,999,1,,,,,,,,,,,,,,,,,
campaign_d_binary,binary_n1000_independent-positive_seed6.pcf,dpac,2,0,3444526,490,489,11412504836370503844,12800,2c83e501f034,2026-08-31T19:51:46Z,1000,999,1,,,,,,,,,,,,,,,,,
campaign_d_binary,binary_n1000_independent-positive_seed7.pcf,dpac,0,0,3557015,495,494,15788490917190556288,12800,2c83e501f034,2026-08-31T19:51:46Z,1000,999,1,,,,,,,,,,,,,,,,,
campaign_d_binary,binary_n1000_independent-positive_seed7.pcf,dpac,1,0,3443063,495,494,15788490917190556288,12800,2c83e501f034,2026-08-31T19:51:46Z,1000,999,1,,,,,,,,,,,,,,,,,
campaign_d_binary,binary_n1000_independent-positive_seed7.pcf,dpac,2,0,3462160,495,494,15788490917190556288,12800,2c83e501f034,2026-08-31T19:51:46Z,1000,999,1,,,,,,,,,,,,,,,,,
campaign_d_binary,binary_n1000_independent-positive_seed8.pcf,dpac,0,0,3562835,487,486,8917775348968737360,12800,2c83e501f034,2026-08-31T19:51:46Z,1000,999,1,,,,,,,,,,,,,,,,,
campaign_d_binary,binary_n1000_independent-positive_seed8.pcf,dpac,1,0,3483551,487,486,8917775348968737360,12800,2c83e501f034,2026-08-31T19:51:46Z,1000,999,1,,,,,,,,,,,,,,,,,
campaign_d_binary,binary_n1000_independent-positive_seed8.pcf,dpac,2,0,3444781,487,486,8917775348968737360,12800,2c83e501f034,2026-08-31T19:51:46Z,1000,999,1,,,,,,,,,,,,,,,,,
campaign_d_binary,binary_n1000_independent-positive_seed9.pcf,dpac,0,0,3620633,509,508,5837446145947476131,12800,2c83e501f034,2026-08-31T19:51:46Z,1000,999,1,,,,,,,,,,,,,,,,,
campaign_d_binary,binary_n1000_independent-positive_seed9.pcf,dpac,1,0,3484407,509,508,5837446145947476131,12800,2c83e501f034,2026-08-31T19:51:46Z,1000,999,1,,,,,,,,,,,,,,,,,
campaign_d_binary,binary_n1000_independent-positive_seed9.pcf,dpac,2,0,3510939,509,508,5837446145947476131,12800,2c83e501f034,2026-08-31T19:51:46Z,1000,999,1,,,,,,,,,,,,,,,,,
campaign_d_binary,binary_n1000_independent-signed_seed0.pcf,dpac,0,0,3559422,490,489,16713735513169492602,12800,2c83e501f034,2026-08-31T19:51:46Z,1000,999,1,,,,,,,,,,,,,,,,,
campaign_d_binary,binary_n1000_independent-signed_seed0.pcf,dpac,1,0,3441964,490,489,16713735513169492602,12800,2c83e501f034,2026-08-31T19:51:46Z,1000,999,1,,,,,,,,,,,,,,,,,
campaign_d_binary,binary_n1000_independent-signed_seed0.pcf,dpac,2,0,3426465,490,489,16713735513169492602,12800,2c83e501f034,2026-08-31T19:51:46Z,1000,999,1,,,,,,,,,,,,,,,,,
campaign_d_binary,binary_n1000_independent-signed_seed1.pcf,dpac,0,0,3506702,494,493,6178295940597600189,12800,2c83e501f034,2026-08-31T19:51:46Z,1000,999,1,,,,,,,,,,,,,,,,,
campaign_d_binary,binary_n1000_independent-signed_seed1.pcf,dpac,1,0,3447610,494,493,6178295940597600189,12800,2c83e501f034,2026-08-31T19:51:46Z,1000,999,1,,,,,,,,,,,,,,,,,
campaign_d_binary,binary_n1000_independent-signed_seed1.pcf,dpac,2,0,3433475,494,493,6178295940597600189,12800,2c83e501f034,2026-08-31T19:51:46Z,1000,999,1,,,,,,,,,,,,,,,,,
campaign_d_binary,binary_n1000_independent-signed_seed2.pcf,dpac,0,0,3523602,522,521,13200312126050274813,12800,2c83e501f034,2026-08-31T19:51:46Z,1000,999,1,,,,,,,,,,,,,,,,,
campaign_d_binary,binary_n1000_independent-signed_seed2.pcf,dpac,1,0,3518064,522,521,13200312126050274813,12800,2c83e501f034,2026-08-31T19:51:46Z,1000,999,1,,,,,,,,,,,,,,,,,
campaign_d_binary,binary_n1000_independent-signed_seed2.pcf,dpac,2,0,3441319,522,521,13200312126050274813,12800,2c83e501f034,2026-08-31T19:51:46Z,1000,999,1,,,,,,,,,,,,,,,,,
campaign_d_binary,binary_n1000_independent-signed_seed3.pcf,dpac,0,0,3636379,522,521,2865325962345939897,12800,2c83e501f034,2026-08-31T19:51:46Z,1000,999,1,,,,,,,,,,,,,,,,,
campaign_d_binary,binary_n1000_independent-signed_seed3.pcf,dpac,1,0,3501757,522,521,2865325962345939897,12800,2c83e501f034,2026-08-31T19:51:46Z,1000,999,1,,,,,,,,,,,,,,,,,
campaign_d_binary,binary_n1000_independent-signed_seed3.pcf,dpac,2,0,3447369,522,521,2865325962345939897,12800,2c83e501f034,2026-08-31T19:51:46Z,1000,999,1,,,,,,,,,,,,,,,,,
campaign_d_binary,binary_n1000_independent-signed_seed4.pcf,dpac,0,0,3627052,523,522,2277407023114982802,12800,2c83e501f034,2026-08-31T19:51:46Z,1000,999,1,,,,,,,,,,,,,,,,,
campaign_d_binary,binary_n1000_independent-signed_seed4.pcf,dpac,1,0,3510919,523,522,2277407023114982802,12800,2c83e501f034,2026-08-31T19:51:46Z,1000,999,1,,,,,,,,,,,,,,,,,
campaign_d_binary,binary_n1000_independent-signed_seed4.pcf,dpac,2,0,3479920,523,522,2277407023114982802,12800,2c83e501f034,2026-08-31T19:51:46Z,1000,999,1,,,,,,,,,,,,,,,,,
campaign_d_binary,binary_n1000_independent-signed_seed5.pcf,dpac,0,0,3680547,540,539,12699472914545399642,12800,2c83e501f034,2026-08-31T19:51:46Z,1000,999,1,,,,,,,,,,,,,,,,,
campaign_d_binary,binary_n1000_independent-signed_seed5.pcf,dpac,1,0,3543280,540,539,12699472914545399642,12800,2c83e501f034,2026-08-31T19:51:46Z,1000,999,1,,,,,,,,,,,,,,,,,
campaign_d_binary,binary_n1000_independent-signed_seed5.pcf,dpac,2,0,3466771,540,539,12699472914545399642,12800,2c83e501f034,2026-08-31T19:51:46Z,1000,999,1,,,,,,,,,,,,,,,,,
campaign_d_binary,binary_n1000_independent-signed_seed6.pcf,dpac,0,0,3584737,491,490,7588309048300900935,12800,2c83e501f034,2026-08-31T19:51:46Z,1000,999,1,,,,,,,,,,,,,,,,,
campaign_d_binary,binary_n1000_independent-signed_seed6.pcf,dpac,1,0,3442803,491,490,7588309048300900935,12800,2c83e501f034,2026-08-31T19:51:46Z,1000,999,1,,,,,,,,,,,,,,,,,
campaign_d_binary,binary_n1000_independent-signed_seed6.pcf,dpac,2,0,3451058,491,490,7588309048300900935,12800,2c83e501f034,2026-08-31T19:51:46Z,1000,999,1,,,,,,,,,,,,,,,,,
campaign_d_binary,binary_n1000_independent-signed_seed7.pcf,dpac,0,0,3533417,494,493,16984878469844351452,12800,2c83e501f034,2026-08-31T19:51:46Z,1000,999,1,,,,,,,,,,,,,,,,,
campaign_d_binary,binary_n1000_independent-signed_seed7.pcf,dpac,1,0,3420351,494,493,16984878469844351452,12800,2c83e501f034,2026-08-31T19:51:47Z,1000,999,1,,,,,,,,,,,,,,,,,
campaign_d_binary,binary_n1000_independent-signed_seed7.pcf,dpac,2,0,3407130,494,493,16984878469844351452,12800,2c83e501f034,2026-08-31T19:51:47Z,1000,999,1,,,,,,,,,,,,,,,,,
campaign_d_binary,binary_n1000_independent-signed_seed8.pcf,dpac,0,0,3592508,491,490,3910227880312228233,12800,2c83e501f034,2026-08-31T19:51:47Z,1000,999,1,,,,,,,,,,,,,,,,,
campaign_d_binary,binary_n1000_independent-signed_seed8.pcf,dpac,1,0,3437715,491,490,3910227880312228233,12800,2c83e501f034,2026-08-31T19:51:47Z,1000,999,1,,,,,,,,,,,,,,,,,
campaign_d_binary,binary_n1000_independent-signed_seed8.pcf,dpac,2,0,3446306,491,490,3910227880312228233,12800,2c83e501f034,2026-08-31T19:51:47Z,1000,999,1,,,,,,,,,,,,,,,,,
campaign_d_binary,binary_n1000_independent-signed_seed9.pcf,dpac,0,0,3556721,487,486,1984482066720763273,12800,2c83e501f034,2026-08-31T19:51:47Z,1000,999,1,,,,,,,,,,,,,,,,,
campaign_d_binary,binary_n1000_independent-signed_seed9.pcf,dpac,1,0,3374811,487,486,1984482066720763273,12800,2c83e501f034,2026-08-31T19:51:47Z,1000,999,1,,,,,,,,,,,,,,,,,
campaign_d_binary,binary_n1000_independent-signed_seed9.pcf,dpac,2,0,3292052,487,486,1984482066720763273,12800,2c83e501f034,2026-08-31T19:51:47Z,1000,999,1,,,,,,,,,,,,,,,,,
campaign_d_binary,binary_n1000_near-ties_seed0.pcf,dpac,0,0,2609532,225,224,16729508341662793106,12800,2c83e501f034,2026-08-31T19:51:47Z,1000,999,1,,,,,,,,,,,,,,,,,
campaign_d_binary,binary_n1000_near-ties_seed0.pcf,dpac,1,0,2494366,225,224,16729508341662793106,12800,2c83e501f034,2026-08-31T19:51:47Z,1000,999,1,,,,,,,,,,,,,,,,,
campaign_d_binary,binary_n1000_near-ties_seed0.pcf,dpac,2,0,2517625,225,224,16729508341662793106,12800,2c83e501f034,2026-08-31T19:51:47Z,1000,999,1,,,,,,,,,,,,,,,,,
campaign_d_binary,binary_n1000_near-ties_seed1.pcf,dpac,0,0,2633440,226,225,18307565040711715735,12800,2c83e501f034,2026-08-31T19:51:47Z,1000,999,1,,,,,,,,,,,,,,,,,
campaign_d_binary,binary_n1000_near-ties_seed1.pcf,dpac,1,0,2538673,226,225,18307565040711715735,12800,2c83e501f034,2026-08-31T19:51:47Z,1000,999,1,,,,,,,,,,,,,,,,,
campaign_d_binary,binary_n1000_near-ties_seed1.pcf,dpac,2,0,2553404,226,225,18307565040711715735,12800,2c83e501f034,2026-08-31T19:51:47Z,1000,999,1,,,,,,,,,,,,,,,,,
campaign_d_binary,binary_n1000_near-ties_seed2.pcf,dpac,0,0,2607826,239,238,16928340529732266208,12960,2c83e501f034,2026-08-31T19:51:47Z,1000,999,1,,,,,,,,,,,,,,,,,
campaign_d_binary,binary_n1000_near-ties_seed2.pcf,dpac,1,0,2536353,239,238,16928340529732266208,12960,2c83e501f034,2026-08-31T19:51:47Z,1000,999,1,,,,,,,,,,,,,,,,,
campaign_d_binary,binary_n1000_near-ties_seed2.pcf,dpac,2,0,2486890,239,238,16928340529732266208,12960,2c83e501f034,2026-08-31T19:51:47Z,1000,999,1,,,,,,,,,,,,,,,,,
campaign_d_binary,binary_n1000_near-ties_seed3.pcf,dpac,0,0,2605319,233,232,12334297669793911646,12960,2c83e501f034,2026-08-31T19:51:47Z,1000,999,1,,,,,,,,,,,,,,,,,
campaign_d_binary,binary_n1000_near-ties_seed3.pcf,dpac,1,0,2598404,233,232,12334297669793911646,12960,2c83e501f034,2026-08-31T19:51:47Z,1000,999,1,,,,,,,,,,,,,,,,,
campaign_d_binary,binary_n1000_near-ties_seed3.pcf,dpac,2,0,2585938,233,232,12334297669793911646,12960,2c83e501f034,2026-08-31T19:51:47Z,1000,999,1,,,,,,,,,,,,,,,,,
campaign_d_binary,binary_n1000_near-ties_seed4.pcf,dpac,0,0,2666807,238,237,7538916142152517533,12960,2c83e501f034,2026-08-31T19:51:47Z,1000,999,1,,,,,,,,,,,,,,,,,
campaign_d_binary,binary_n1000_near-ties_seed4.pcf,dpac,1,0,2584758,238,237,7538916142152517533,12960,2c83e501f034,2026-08-31T19:51:47Z,1000,999,1,,,,,,,,,,,,,,,,,
campaign_d_binary,binary_n1000_near-ties_seed4.pcf,dpac,2,0,2623559,238,237,7538916142152517533,12960,2c83e501f034,2026-08-31T19:51:47Z,1000,999,1,,,,,,,,,,,,,,,,,
campaign_d_binary,binary_n1000_near-ties_seed5.pcf,dpac,0,0,2635455,237,236,11280826759533789972,12960,2c83e501f034,2026-08-31T19:51:47Z,1000,999,1,,,,,,,,,,,,,,,,,
campaign_d_binary,binary_n1000_near-ties_seed5.pcf,dpac,1,0,2550575,237,236,11280826759533789972,12960,2c83e501f034,2026-08-31T19:51:47Z,1000,999,1,,,,,,,,,,,,,,,,,
campaign_d_binary,binary_n1000_near-ties_seed5.pcf,dpac,2,0,2538695,237,236,11280826759533789972,12960,2c83e501f034,2026-08-31T19:51:47Z,1000,999,1,,,,,,,,,,,,,,,,,
campaign_d_binary,binary_n1000_near-ties_seed6.pcf,dpac,0,0,2623630,238,237,12983732054462696584,12960,2c83e501f034,2026-08-31T19:51:47Z,1000,999,1,,,,,,,,,,,,,,,,,
campaign_d_binary,binary_n1000_near-ties_seed6.pcf,dpac,1,0,2532364,238,237,12983732054462696584,12960,2c83e501f034,2026-08-31T19:51:47Z,1000,999,1,,,,,,,,,,,,,,,,,
campaign_d_binary,binary_n1000_near-ties_seed6.pcf,dpac,2,0,2534678,238,237,12983732054462696584,12960,2c83e501f034,2026-08-31T19:51:47Z,1000,999,1,,,,,,,,,,,,,,,,,
campaign_d_binary,binary_n1000_near-ties_seed7.pcf,dpac,0,0,2697569,224,223,4925454451620082666,12960,2c83e501f034,2026-08-31T19:51:47Z,1000,999,1,,,,,,,,,,,,,,,,,
campaign_d_binary,binary_n1000_near-ties_seed7.pcf,dpac,1,0,2569402,224,223,4925454451620082666,12960,2c83e501f034,2026-08-31T19:51:47Z,1000,999,1,,,,,,,,,,,,,,,,,
campaign_d_binary,binary_n1000_near-ties_seed7.pcf,dpac,2,0,2532794,224,223,4925454451620082666,12960,2c83e501f034,2026-08-31T19:51:47Z,1000,999,1,,,,,,,,,,,,,,,,,
campaign_d_binary,binary_n1000_near-ties_seed8.pcf,dpac,0,0,2633013,228,227,8589926732399062680,12960,2c83e501f034,2026-08-31T19:51:47Z,1000,999,1,,,,,,,,,,,,,,,,,
campaign_d_binary,binary_n1000_near-ties_seed8.pcf,dpac,1,0,2532064,228,227,8589926732399062680,12960,2c83e501f034,2026-08-31T19:51:47Z,1000,999,1,,,,,,,,,,,,,,,,,
campaign_d_binary,binary_n1000_near-ties_seed8.pcf,dpac,2,0,2516422,228,227,8589926732399062680,12960,2c83e501f034,2026-08-31T19:51:47Z,1000,999,1,,,,,,,,,,,,,,,,,
campaign_d_binary,binary_n1000_near-ties_seed9.pcf,dpac,0,0,2712749,242,241,18017268031276189588,12960,2c83e501f034,2026-08-31T19:51:47Z,1000,999,1,,,,,,,,,,,,,,,,,
campaign_d_binary,binary_n1000_near-ties_seed9.pcf,dpac,1,0,2613103,242,241,18017268031276189588,12960,2c83e501f034,2026-08-31T19:51:47Z,1000,999,1,,,,,,,,,,,,,,,,,
campaign_d_binary,binary_n1000_near-ties_seed9.pcf,dpac,2,0,2614865,242,241,18017268031276189588,12960,2c83e501f034,2026-08-31T19:51:47Z,1000,999,1,,,,,,,,,,,,,,,,,
campaign_d_binary,binary_n100_anti-correlated_seed0.pcf,dpac,0,0,112139,59,58,12365342607431886594,12960,2c83e501f034,2026-08-31T19:51:47Z,100,99,1,,,,,,,,,,,,,,,,,
campaign_d_binary,binary_n100_anti-correlated_seed0.pcf,dpac,1,0,92120,59,58,12365342607431886594,12960,2c83e501f034,2026-08-31T19:51:47Z,100,99,1,,,,,,,,,,,,,,,,,
campaign_d_binary,binary_n100_anti-correlated_seed0.pcf,dpac,2,0,82340,59,58,12365342607431886594,12960,2c83e501f034,2026-08-31T19:51:47Z,100,99,1,,,,,,,,,,,,,,,,,
campaign_d_binary,binary_n100_anti-correlated_seed1.pcf,dpac,0,0,108730,50,49,6241796629636237531,12960,2c83e501f034,2026-08-31T19:51:47Z,100,99,1,,,,,,,,,,,,,,,,,
campaign_d_binary,binary_n100_anti-correlated_seed1.pcf,dpac,1,0,88982,50,49,6241796629636237531,12960,2c83e501f034,2026-08-31T19:51:47Z,100,99,1,,,,,,,,,,,,,,,,,
campaign_d_binary,binary_n100_anti-correlated_seed1.pcf,dpac,2,0,78911,50,49,6241796629636237531,12960,2c83e501f034,2026-08-31T19:51:47Z,100,99,1,,,,,,,,,,,,,,,,,
campaign_d_binary,binary_n100_anti-correlated_seed2.pcf,dpac,0,0,102219,53,52,7739075134679966855,12960,2c83e501f034,2026-08-31T19:51:47Z,100,99,1,,,,,,,,,,,,,,,,,
campaign_d_binary,binary_n100_anti-correlated_seed2.pcf,dpac,1,0,85987,53,52,7739075134679966855,12960,2c83e501f034,2026-08-31T19:51:47Z,100,99,1,,,,,,,,,,,,,,,,,
campaign_d_binary,binary_n100_anti-correlated_seed2.pcf,dpac,2,0,76370,53,52,7739075134679966855,12960,2c83e501f034,2026-08-31T19:51:47Z,100,99,1,,,,,,,,,,,,,,,,,
campaign_d_binary,binary_n100_anti-correlated_seed3.pcf,dpac,0,0,103994,50,49,982317457353545149,12960,2c83e501f034,2026-08-31T19:51:47Z,100,99,1,,,,,,,,,,,,,,,,,
campaign_d_binary,binary_n100_anti-correlated_seed3.pcf,dpac,1,0,87291,50,49,982317457353545149,12960,2c83e501f034,2026-08-31T19:51:47Z,100,99,1,,,,,,,,,,,,,,,,,
campaign_d_binary,binary_n100_anti-correlated_seed3.pcf,dpac,2,0,81165,50,49,982317457353545149,12960,2c83e501f034,2026-08-31T19:51:47Z,100,99,1,,,,,,,,,,,,,,,,,
campaign_d_binary,binary_n100_anti-correlated_seed4.pcf,dpac,0,0,111511,58,57,1490782164828936497,12960,2c83e501f034,2026-08-31T19:51:47Z,100,99,1,,,,,,,,,,,,,,,,,
campaign_d_binary,binary_n100_anti-correlated_seed4.pcf,dpac,1,0,95282,58,57,1490782164828936497,12960,2c83e501f034,2026-08-31T19:51:47Z,100,99,1,,,,,,,,,,,,,,,,,
campaign_d_binary,binary_n100_anti-correlated_seed4.pcf,dpac,2,0,89173,58,57,1490782164828936497,12960,2c83e501f034,2026-08-31T19:51:47Z,100,99,1,,,,,,,,,,,,,,,,,
campaign_d_binary,binary_n100_anti-correlated_seed5.pcf,dpac,0,0,109442,54,53,11150612196055966299,12960,2c83e501f034,2026-08-31T19:51:47Z,100,99,1,,,,,,,,,,,,,,,,,
campaign_d_binary,binary_n100_anti-correlated_seed5.pcf,dpac,1,0,92595,54,53,11150612196055966299,12960,2c83e501f034,2026-08-31T19:51:47Z,100,99,1,,,,,,,,,,,,,,,,,
campaign_d_binary,binary_n100_anti-correlated_seed5.pcf,dpac,2,0,80064,54,53,11150612196055966299,12960,2c83e501f034,2026-08-31T19:51:47Z,100,99,1,,,,,,,,,,,,,,,,,
campaign_d_binary,binary_n100_anti-correlated_seed6.pcf,dpac,0,0,109607,54,53,305250074027151815,12960,2c83e501f034,2026-08-31T19:51:47Z,100,99,1,,,,,,,,,,,,,,,,,
campaign_d_binary,binary_n100_anti-correlated_seed6.pcf,dpac,1,0,90069,54,53,305250074027151815,12960,2c83e501f034,2026-08-31T19:51:47Z,100,99,1,,,,,,,,,,,,,,,,,
campaign_d_binary,binary_n100_anti-correlated_seed6.pcf,dpac,2,0,78150,54,53,305250074027151815,12960,2c83e501f034,2026-08-31T19:51:47Z,100,99,1,,,,,,,,,,,,,,,,,
campaign_d_binary,binary_n100_anti-correlated_seed7.pcf,dpac,0,0,104886,44,43,14314476543736854386,12960,2c83e501f034,2026-08-31T19:51:47Z,100,99,1,,,,,,,,,,,,,,,,,
campaign_d_binary,binary_n100_anti-correlated_seed7.pcf,dpac,1,0,85755,44,43,14314476543736854386,12960,2c83e501f034,2026-08-31T19:51:47Z,100,99,1,,,,,,,,,,,,,,,,,
campaign_d_binary,binary_n100_anti-correlated_seed7.pcf,dpac,2,0,76049,44,43,14314476543736854386,12960,2c83e501f034,2026-08-31T19:51:47Z,100,99,1,,,,,,,,,,,,,,,,,
campaign_d_binary,binary_n100_anti-correlated_seed8.pcf,dpac,0,0,105395,50,49,10186846763307497678,12960,2c83e501f034,2026-08-31T19:51:47Z,100,99,1,,,,,,,,,,,,,,,,,
campaign_d_binary,binary_n100_anti-correlated_seed8.pcf,dpac,1,0,86548,50,49,10186846763307497678,12960,2c83e501f034,2026-08-31T19:51:47Z,100,99,1,,,,,,,,,,,,,,,,,
campaign_d_binary,binary_n100_anti-correlated_seed8.pcf,dpac,2,0,78174,50,49,10186846763307497678,12960,2c83e501f034,2026-08-31T19:51:47Z,100,99,1,,,,,,,,,,,,,,,,,
campaign_d_binary,binary_n100_anti-correlated_seed9.pcf,dpac,0,0,106034,49,48,12286237916763360895,12960,2c83e501f034,2026-08-31T19:51:47Z,100,99,1,,,,,,,,,,,,,,,,,
campaign_d_binary,binary_n100_anti-correlated_seed9.pcf,dpac,1,0,89178,49,48,12286237916763360895,12960,2c83e501f034,2026-08-31T19:51:47Z,100,99,1,,,,,,,,,,,,,,,,,
campaign_d_binary,binary_n100_anti-correlated_seed9.pcf,dpac,2,0,80792,49,48,12286237916763360895,12960,2c83e501f034,2026-08-31T19:51:47Z,100,99,1,,,,,,,,,,,,,,,,,
campaign_d_binary,binary_n100_correlated_seed0.pcf,dpac,0,0,104208,56,55,5033025880970592243,12960,2c83e501f034,2026-08-31T19:51:47Z,100,99,1,,,,,,,,,,,,,,,,,
campaign_d_binary,binary_n100_correlated_seed0.pcf,dpac,1,0,85817,56,55,5033025880970592243,12960,2c83e501f034,2026-08-31T19:51:47Z,100,99,1,,,,,,,,,,,,,,,,,
campaign_d_binary,binary_n100_correlated_seed0.pcf,dpac,2,0,77608,56,55,5033025880970592243,12960,2c83e501f034,2026-08-31T19:51:47Z,100,99,1,,,,,,,,,,,,,,,,,
campaign_d_binary,binary_n100_correlated_seed1.pcf,dpac,0,0,105349,43,42,10384198589469746818,13120,2c83e501f034,2026-08-31T19:51:47Z,100,99,1,,,,,,,,,,,,,,,,,
campaign_d_binary,binary_n100_correlated_seed1.pcf,dpac,1,0,84890,43,42,10384198589469746818,13120,2c83e501f034,2026-08-31T19:51:47Z,100,99,1,,,,,,,,,,,,,,,,,
campaign_d_binary,binary_n100_correlated_seed1.pcf,dpac,2,0,76596,43,42,10384198589469746818,13120,2c83e501f034,2026-08-31T19:51:47Z,100,99,1,,,,,,,,,,,,,,,,,
campaign_d_binary,binary_n100_correlated_seed2.pcf,dpac,0,0,102872,54,53,339926837558295300,13120,2c83e501f034,2026-08-31T19:51:47Z,100,99,1,,,,,,,,,,,,,,,,,
campaign_d_binary,binary_n100_correlated_seed2.pcf,dpac,1,0,88259,54,53,339926837558295300,13120,2c83e501f034,2026-08-31T19:51:47Z,100,99,1,,,,,,,,,,,,,,,,,
campaign_d_binary,binary_n100_correlated_seed2.pcf,dpac,2,0,73800,54,53,339926837558295300,13120,2c83e501f034,2026-08-31T19:51:47Z,100,99,1,,,,,,,,,,,,,,,,,
campaign_d_binary,binary_n100_correlated_seed3.pcf,dpac,0,0,109717,58,57,4517446013439393965,13120,2c83e501f034,2026-08-31T19:51:47Z,100,99,1,,,,,,,,,,,,,,,,,
campaign_d_binary,binary_n100_correlated_seed3.pcf,dpac,1,0,88530,58,57,4517446013439393965,13120,2c83e501f034,2026-08-31T19:51:47Z,100,99,1,,,,,,,,,,,,,,,,,
campaign_d_binary,binary_n100_correlated_seed3.pcf,dpac,2,0,75912,58,57,4517446013439393965,13120,2c83e501f034,2026-08-31T19:51:47Z,100,99,1,,,,,,,,,,,,,,,,,
campaign_d_binary,binary_n100_correlated_seed4.pcf,dpac,0,0,217505,58,57,13890392522095105159,13120,2c83e501f034,2026-08-31T19:51:47Z,100,99,1,,,,,,,,,,,,,,,,,
campaign_d_binary,binary_n100_correlated_seed4.pcf,dpac,1,0,92933,58,57,13890392522095105159,13120,2c83e501f034,2026-08-31T19:51:47Z,100,99,1,,,,,,,,,,,,,,,,,
campaign_d_binary,binary_n100_correlated_seed4.pcf,dpac,2,0,81112,58,57,13890392522095105159,13120,2c83e501f034,2026-08-31T19:51:47Z,100,99,1,,,,,,,,,,,,,,,,,
campaign_d_binary,binary_n100_correlated_seed5.pcf,dpac,0,0,108125,51,50,4006158288783065538,13120,2c83e501f034,2026-08-31T19:51:47Z,100,99,1,,,,,,,,,,,,,,,,,
campaign_d_binary,binary_n100_correlated_seed5.pcf,dpac,1,0,90168,51,50,4006158288783065538,13120,2c83e501f034,2026-08-31T19:51:47Z,100,99,1,,,,,,,,,,,,,,,,,
campaign_d_binary,binary_n100_correlated_seed5.pcf,dpac,2,0,77183,51,50,4006158288783065538,13120,2c83e501f034,2026-08-31T19:51:47Z,100,99,1,,,,,,,,,,,,,,,,,
campaign_d_binary,binary_n100_correlated_seed6.pcf,dpac,0,0,106996,58,57,6076571619477407334,13120,2c83e501f034,2026-08-31T19:51:47Z,100,99,1,,,,,,,,,,,,,,,,,
campaign_d_binary,binary_n100_correlated_seed6.pcf,dpac,1,0,88806,58,57,6076571619477407334,13120,2c83e501f034,2026-08-31T19:51:47Z,100,99,1,,,,,,,,,,,,,,,,,
campaign_d_binary,binary_n100_correlated_seed6.pcf,dpac,2,0,79965,58,57,6076571619477407334,13120,2c83e501f034,2026-08-31T19:51:47Z,100,99,1,,,,,,,,,,,,,,,,,
campaign_d_binary,binary_n100_correlated_seed7.pcf,dpac,0,0,104738,51,50,11213918498117207885,13120,2c83e501f034,2026-08-31T19:51:47Z,100,99,1,,,,,,,,,,,,,,,,,
campaign_d_binary,binary_n100_correlated_seed7.pcf,dpac,1,0,85997,51,50,11213918498117207885,13120,2c83e501f034,2026-08-31T19:51:47Z,100,99,1,,,,,,,,,,,,,,,,,
campaign_d_binary,binary_n100_correlated_seed7.pcf,dpac,2,0,75867,51,50,11213918498117207885,13120,2c83e501f034,2026-08-31T19:51:47Z,100,99,1,,,,,,,,,,,,,,,,,
campaign_d_binary,binary_n100_correlated_seed8.pcf,dpac,0,0,105706,50,49,12351471511690239811,13120,2c83e501f034,2026-08-31T19:51:47Z,100,99,1,,,,,,,,,,,,,,,,,
campaign_d_binary,binary_n100_correlated_seed8.pcf,dpac,1,0,85897,50,49,12351471511690239811,13120,2c83e501f034,2026-08-31T19:51:47Z,100,99,1,,,,,,,,,,,,,,,,,
campaign_d_binary,binary_n100_correlated_seed8.pcf,dpac,2,0,78888,50,49,12351471511690239811,13120,2c83e501f034,2026-08-31T19:51:47Z,100,99,1,,,,,,,,,,,,,,,,,
campaign_d_binary,binary_n100_correlated_seed9.pcf,dpac,0,0,102941,52,51,8852547265042509603,13120,2c83e501f034,2026-08-31T19:51:47Z,100,99,1,,,,,,,,,,,,,,,,,
campaign_d_binary,binary_n100_correlated_seed9.pcf,dpac,1,0,86015,52,51,8852547265042509603,13120,2c83e501f034,2026-08-31T19:51:47Z,100,99,1,,,,,,,,,,,,,,,,,
campaign_d_binary,binary_n100_correlated_seed9.pcf,dpac,2,0,76842,52,51,8852547265042509603,13120,2c83e501f034,2026-08-31T19:51:47Z,100,99,1,,,,,,,,,,,,,,,,,
campaign_d_binary,binary_n100_exact-ties_seed0.pcf,dpac,0,0,79185,18,17,4767520960222310327,13120,2c83e501f034,2026-08-31T19:51:47Z,100,99,1,,,,,,,,,,,,,,,,,
campaign_d_binary,binary_n100_exact-ties_seed0.pcf,dpac,1,0,66842,18,17,4767520960222310327,13120,2c83e501f034,2026-08-31T19:51:47Z,100,99,1,,,,,,,,,,,,,,,,,
campaign_d_binary,binary_n100_exact-ties_seed0.pcf,dpac,2,0,54919,18,17,4767520960222310327,13120,2c83e501f034,2026-08-31T19:51:47Z,100,99,1,,,,,,,,,,,,,,,,,
campaign_d_binary,binary_n100_exact-ties_seed1.pcf,dpac,0,0,203584,23,22,2001174775465524456,13120,2c83e501f034,2026-08-31T19:51:47Z,100,99,1,,,,,,,,,,,,,,,,,
campaign_d_binary,binary_n100_exact-ties_seed1.pcf,dpac,1,0,77217,23,22,2001174775465524456,13120,2c83e501f034,2026-08-31T19:51:47Z,100,99,1,,,,,,,,,,,,,,,,,
campaign_d_binary,binary_n100_exact-ties_seed1.pcf,dpac,2,0,62507,23,22,2001174775465524456,13120,2c83e501f034,2026-08-31T19:51:47Z,100,99,1,,,,,,,,,,,,,,,,,
campaign_d_binary,binary_n100_exact-ties_seed2.pcf,dpac,0,0,80022,18,17,10195983822374903580,13120,2c83e501f034,2026-08-31T19:51:47Z,100,99,1,,,,,,,,,,,,,,,,,
campaign_d_binary,binary_n100_exact-ties_seed2.pcf,dpac,1,0,68256,18,17,10195983822374903580,13120,2c83e501f034,2026-08-31T19:51:47Z,100,99,1,,,,,,,,,,,,,,,,,
campaign_d_binary,binary_n100_exact-ties_seed2.pcf,dpac,2,0,55318,18,17,10195983822374903580,13120,2c83e501f034,2026-08-31T19:51:47Z,100,99,1,,,,,,,,,,,,,,,,,
campaign_d_binary,binary_n100_exact-ties_seed3.pcf,dpac,0,0,81290,21,20,10495896876540199872,13120,2c83e501f034,2026-08-31T19:51:47Z,100,99,1,,,,,,,,,,,,,,,,,
campaign_d_binary,binary_n100_exact-ties_seed3.pcf,dpac,1,0,63717,21,20,10495896876540199872,13120,2c83e501f034,2026-08-31T19:51:47Z,100,99,1,,,,,,,,,,,,,,,,,
campaign_d_binary,binary_n100_exact-ties_seed3.pcf,dpac,2,0,50595,21,20,10495896876540199872,13120,2c83e501f034,2026-08-31T19:51:47Z,100,99,1,,,,,,,,,,,,,,,,,
campaign_d_binary,binary_n100_exact-ties_seed4.pcf,dpac,0,0,290466,21,20,13483894436294086727,13120,2c83e501f034,2026-08-31T19:51:47Z,100,99,1,,,,,,,,,,,,,,,,,
campaign_d_binary,binary_n100_exact-ties_seed4.pcf,dpac,1,0,79566,21,20,13483894436294086727,13120,2c83e501f034,2026-08-31T19:51:47Z,100,99,1,,,,,,,,,,,,,,,,,
campaign_d_binary,binary_n100_exact-ties_seed4.pcf,dpac,2,0,63512,21,20,13483894436294086727,13120,2c83e501f034,2026-08-31T19:51:47Z,100,99,1,,,,,,,,,,,,,,,,,
campaign_d_binary,binary_n100_exact-ties_seed5.pcf,dpac,0,0,81767,20,19,16192168724666052439,13120,2c83e501f034,2026-08-31T19:51:47Z,100,99,1,,,,,,,,,,,,,,,,,
campaign_d_binary,binary_n100_exact-ties_seed5.pcf,dpac,1,0,67649,20,19,16192168724666052439,13120,2c83e501f034,2026-08-31T19:51:47Z,100,99,1,,,,,,,,,,,,,,,,,
campaign_d_binary,binary_n100_exact-ties_seed5.pcf,dpac,2,0,55523,20,19,16192168724666052439,13120,2c83e501f034,2026-08-31T19:51:47Z,100,99,1,,,,,,,,,,,,,,,,,
campaign_d_binary,binary_n100_exact-ties_seed6.pcf,dpac,0,0,82825,18,17,15239242358694152739,13120,2c83e501f034,2026-08-31T19:51:47Z,100,99,1,,,,,,,,,,,,,,,,,
campaign_d_binary,binary_n100_exact-ties_seed6.pcf,dpac,1,0,70274,18,17,15239242358694152739,13120,2c83e501f034,2026-08-31T19:51:47Z,100,99,1,,,,,,,,,,,,,,,,,
campaign_d_binary,binary_n100_exact-ties_seed6.pcf,dpac,2,0,57805,18,17,15239242358694152739,13120,2c83e501f034,2026-08-31T19:51:47Z,100,99,1,,,,,,,,,,,,,,,,,
campaign_d_binary,binary_n100_exact-ties_seed7.pcf,dpac,0,0,77286,21,20,12257940721919102356,13120,2c83e501f034,2026-08-31T19:51:47Z,100,99,1,,,,,,,,,,,,,,,,,
campaign_d_binary,binary_n100_exact-ties_seed7.pcf,dpac,1,0,63805,21,20,12257940721919102356,13120,2c83e501f034,2026-08-31T19:51:47Z,100,99,1,,,,,,,,,,,,,,,,,
campaign_d_binary,binary_n100_exact-ties_seed7.pcf,dpac,2,0,53064,21,20,12257940721919102356,13120,2c83e501f034,2026-08-31T19:51:47Z,100,99,1,,,,,,,,,,,,,,,,,
campaign_d_binary,binary_n100_exact-ties_seed8.pcf,dpac,0,0,85564,24,23,8351667854129097404,13120,2c83e501f034,2026-08-31T19:51:47Z,100,99,1,,,,,,,,,,,,,,,,,
campaign_d_binary,binary_n100_exact-ties_seed8.pcf,dpac,1,0,71269,24,23,8351667854129097404,13120,2c83e501f034,2026-08-31T19:51:47Z,100,99,1,,,,,,,,,,,,,,,,,
campaign_d_binary,binary_n100_exact-ties_seed8.pcf,dpac,2,0,62138,24,23,8351667854129097404,13120,2c83e501f034,2026-08-31T19:51:47Z,100,99,1,,,,,,,,,,,,,,,,,
campaign_d_binary,binary_n100_exact-ties_seed9.pcf,dpac,0,0,85796,21,20,15943248528877731417,13280,2c83e501f034,2026-08-31T19:51:47Z,100,99,1,,,,,,,,,,,,,,,,,
campaign_d_binary,binary_n100_exact-ties_seed9.pcf,dpac,1,0,72730,21,20,15943248528877731417,13280,2c83e501f034,2026-08-31T19:51:47Z,100,99,1,,,,,,,,,,,,,,,,,
campaign_d_binary,binary_n100_exact-ties_seed9.pcf,dpac,2,0,58945,21,20,15943248528877731417,13280,2c83e501f034,2026-08-31T19:51:47Z,100,99,1,,,,,,,,,,,,,,,,,
campaign_d_binary,binary_n100_independent-positive_seed0.pcf,dpac,0,0,102022,52,51,10803030959069126983,13280,2c83e501f034,2026-08-31T19:51:47Z,100,99,1,,,,,,,,,,,,,,,,,
campaign_d_binary,binary_n100_independent-positive_seed0.pcf,dpac,1,0,85274,52,51,10803030959069126983,13280,2c83e501f034,2026-08-31T19:51:47Z,100,99,1,,,,,,,,,,,,,,,,,
campaign_d_binary,binary_n100_independent-positive_seed0.pcf,dpac,2,0,75205,52,51,10803030959069126983,13280,2c83e501f034,2026-08-31T19:51:47Z,100,99,1,,,,,,,,,,,,,,,,,
campaign_d_binary,binary_n100_independent-positive_seed1.pcf,dpac,0,0,112115,51,50,16993963316102142574,13280,2c83e501f034,2026-08-31T19:51:47Z,100,99,1,,,,,,,,,,,,,,,,,
campaign_d_binary,binary_n100_independent-positive_seed1.pcf,dpac,1,0,91084,51,50,16993963316102142574,13280,2c83e501f034,2026-08-31T19:51:47Z,100,99,1,,,,,,,,,,,,,,,,,
campaign_d_binary,binary_n100_independent-positive_seed1.pcf,dpac,2,0,79708,51,50,16993963316102142574,13280,2c83e501f034,2026-08-31T19:51:47Z,100,99,1,,,,,,,,,,,,,,,,,
campaign_d_binary,binary_n100_independent-positive_seed2.pcf,dpac,0,0,107991,49,48,13311233244867539212,13280,2c83e501f034,2026-08-31T19:51:47Z,100,99,1,,,,,,,,,,,,,,,,,
campaign_d_binary,binary_n100_independent-positive_seed2.pcf,dpac,1,0,88724,49,48,13311233244867539212,13280,2c83e501f034,2026-08-31T19:51:47Z,100,99,1,,,,,,,,,,,,,,,,,
campaign_d_binary,binary_n100_independent-positive_seed2.pcf,dpac,2,0,76242,49,48,13311233244867539212,13280,2c83e501f034,2026-08-31T19:51:47Z,100,99,1,,,,,,,,,,,,,,,,,
campaign_d_binary,binary_n100_independent-positive_seed3.pcf,dpac,0,0,103550,52,51,8060594503364318200,13280,2c83e501f034,2026-08-31T19:51:47Z,100,99,1,,,,,,,,,,,,,,,,,
campaign_d_binary,binary_n100_independent-positive_seed3.pcf,dpac,1,0,86707,52,51,8060594503364318200,13280,2c83e501f034,2026-08-31T19:51:47Z,100,99,1,,,,,,,,,,,,,,,,,
campaign_d_binary,binary_n100_independent-positive_seed3.pcf,dpac,2,0,79042,52,51,8060594503364318200,13280,2c83e501f034,2026-08-31T19:51:47Z,100,99,1,,,,,,,,,,,,,,,,,
campaign_d_binary,binary_n100_independent-positive_seed4.pcf,dpac,0,0,105618,47,46,4979544494484145759,13280,2c83e501f034,2026-08-31T19:51:47Z,100,99,1,,,,,,,,,,,,,,,,,
campaign_d_binary,binary_n100_independent-positive_seed4.pcf,dpac,1,0,88191,47,46,4979544494484145759,13280,2c83e501f034,2026-08-31T19:51:47Z,100,99,1,,,,,,,,,,,,,,,,,
campaign_d_binary,binary_n100_independent-positive_seed4.pcf,dpac,2,0,76778,47,46,4979544494484145759,13280,2c83e501f034,2026-08-31T19:51:47Z,100,99,1,,,,,,,,,,,,,,,,,
campaign_d_binary,binary_n100_independent-positive_seed5.pcf,dpac,0,0,105499,51,50,14221235438142112625,13280,2c83e501f034,2026-08-31T19:51:47Z,100,99,1,,,,,,,,,,,,,,,,,
campaign_d_binary,binary_n100_independent-positive_seed5.pcf,dpac,1,0,86692,51,50,14221235438142112625,13280,2c83e501f034,2026-08-31T19:51:47Z,100,99,1,,,,,,,,,,,,,,,,,
campaign_d_binary,binary_n100_independent-positive_seed5.pcf,dpac,2,0,78502,51,50,14221235438142112625,13280,2c83e501f034,2026-08-31T19:51:47Z,100,99,1,,,,,,,,,,,,,,,,,
campaign_d_binary,binary_n100_independent-positive_seed6.pcf,dpac,0,0,106541,56,55,16586004528206934127,13280,2c83e501f034,2026-08-31T19:51:47Z,100,99,1,,,,,,,,,,,,,,,,,
campaign_d_binary,binary_n100_independent-positive_seed6.pcf,dpac,1,0,86958,56,55,16586004528206934127,13280,2c83e501f034,2026-08-31T19:51:47Z,100,99,1,,,,,,,,,,,,,,,,,
campaign_d_binary,binary_n100_independent-positive_seed6.pcf,dpac,2,0,82276,56,55,16586004528206934127,13280,2c83e501f034,2026-08-31T19:51:47Z,100,99,1,,,,,,,,,,,,,,,,,
campaign_d_binary,binary_n100_independent-positive_seed7.pcf,dpac,0,0,111541,53,52,3456734865862674265,13280,2c83e501f034,2026-08-31T19:51:47Z,100,99,1,,,,,,,,,,,,,,,,,
campaign_d_binary,binary_n100_independent-positive_seed7.pcf,dpac,1,0,87052,53,52,3456734865862674265,13280,2c83e501f034,2026-08-31T19:51:47Z,100,99,1,,,,,,,,,,,,,,,,,
campaign_d_binary,binary_n100_independent-positive_seed7.pcf,dpac,2,0,78881,53,52,3456734865862674265,13280,2c83e501f034,2026-08-31T19:51:47Z,100,99,1,,,,,,,,,,,,,,,,,
campaign_d_binary,binary_n100_independent-positive_seed8.pcf,dpac,0,0,106909,50,49,13813368640701301240,13280,2c83e501f034,2026-08-31T19:51:47Z,100,99,1,,,,,,,,,,,,,,,,,
campaign_d_binary,binary_n100_independent-positive_seed8.pcf,dpac,1,0,87644,50,49,13813368640701301240,13280,2c83e501f034,2026-08-31T19:51:47Z,100,99,1,,,,,,,,,,,,,,,,,
campaign_d_binary,binary_n100_independent-positive_seed8.pcf,dpac,2,0,78697,50,49,13813368640701301240,13280,2c83e501f034,2026-08-31T19:51:47Z,100,99,1,,,,,,,,,,,,,,,,,
campaign_d_binary,binary_n100_independent-positive_seed9.pcf,dpac,0,0,104452,46,45,8356104684961542281,13280,2c83e501f034,2026-08-31T19:51:47Z,100,99,1,,,,,,,,,,,,,,,,,
campaign_d_binary,binary_n100_independent-positive_seed9.pcf,dpac,1,0,86585,46,45,8356104684961542281,13280,2c83e501f034,2026-08-31T19:51:47Z,100,99,1,,,,,,,,,,,,,,,,,
campaign_d_binary,binary_n100_independent-positive_seed9.pcf,dpac,2,0,77354,46,45,8356104684961542281,13280,2c83e501f034,2026-08-31T19:51:47Z,100,99,1,,,,,,,,,,,,,,,,,
campaign_d_binary,binary_n100_independent-signed_seed0.pcf,dpac,0,0,103162,48,47,13365986946210406484,13280,2c83e501f034,2026-08-31T19:51:47Z,100,99,1,,,,,,,,,,,,,,,,,
campaign_d_binary,binary_n100_independent-signed_seed0.pcf,dpac,1,0,85793,48,47,13365986946210406484,13280,2c83e501f034,2026-08-31T19:51:47Z,100,99,1,,,,,,,,,,,,,,,,,
campaign_d_binary,binary_n100_independent-signed_seed0.pcf,dpac,2,0,77217,48,47,13365986946210406484,13280,2c83e501f034,2026-08-31T19:51:47Z,100,99,1,,,,,,,,,,,,,,,,,
campaign_d_binary,binary_n100_independent-signed_seed1.pcf,dpac,0,0,108306,46,45,5747144160283962374,13280,2c83e501f034,2026-08-31T19:51:47Z,100,99,1,,,,,,,,,,,,,,,,,
campaign_d_binary,binary_n100_independent-signed_seed1.pcf,dpac,1,0,88381,46,45,5747144160283962374,13280,2c83e501f034,2026-08-31T19:51:47Z,100,99,1,,,,,,,,,,,,,,,,,
campaign_d_binary,binary_n100_independent-signed_seed1.pcf,dpac,2,0,82611,46,45,5747144160283962374,13280,2c83e501f034,2026-08-31T19:51:47Z,100,99,1,,,,,,,,,,,,,,,,,
campaign_d_binary,binary_n100_independent-signed_seed2.pcf,dpac,0,0,104130,46,45,16907036492584676248,13280,2c83e501f034,2026-08-31T19:51:47Z,100,99,1,,,,,,,,,,,,,,,,,
campaign_d_binary,binary_n100_independent-signed_seed2.pcf,dpac,1,0,87337,46,45,16907036492584676248,13280,2c83e501f034,2026-08-31T19:51:47Z,100,99,1,,,,,,,,,,,,,,,,,
campaign_d_binary,binary_n100_independent-signed_seed2.pcf,dpac,2,0,77309,46,45,16907036492584676248,13280,2c83e501f034,2026-08-31T19:51:47Z,100,99,1,,,,,,,,,,,,,,,,,
campaign_d_binary,binary_n100_independent-signed_seed3.pcf,dpac,0,0,106692,55,54,12054423514959518006,13280,2c83e501f034,2026-08-31T19:51:47Z,100,99,1,,,,,,,,,,,,,,,,,
campaign_d_binary,binary_n100_independent-signed_seed3.pcf,dpac,1,0,87293,55,54,12054423514959518006,13280,2c83e501f034,2026-08-31T19:51:47Z,100,99,1,,,,,,,,,,,,,,,,,
campaign_d_binary,binary_n100_independent-signed_seed3.pcf,dpac,2,0,77339,55,54,12054423514959518006,13280,2c83e501f034,2026-08-31T19:51:47Z,100,99,1,,,,,,,,,,,,,,,,,
campaign_d_binary,binary_n100_independent-signed_seed4.pcf,dpac,0,0,112327,46,45,4657247863249504430,13280,2c83e501f034,2026-08-31T19:51:47Z,100,99,1,,,,,,,,,,,,,,,,,
campaign_d_binary,binary_n100_independent-signed_seed4.pcf,dpac,1,0,91593,46,45,4657247863249504430,13280,2c83e501f034,2026-08-31T19:51:47Z,100,99,1,,,,,,,,,,,,,,,,,
campaign_d_binary,binary_n100_independent-signed_seed4.pcf,dpac,2,0,80583,46,45,4657247863249504430,13280,2c83e501f034,2026-08-31T19:51:47Z,100,99,1,,,,,,,,,,,,,,,,,
campaign_d_binary,binary_n100_independent-signed_seed5.pcf,dpac,0,0,108465,55,54,7298943599678142326,13280,2c83e501f034,2026-08-31T19:51:47Z,100,99,1,,,,,,,,,,,,,,,,,
campaign_d_binary,binary_n100_independent-signed_seed5.pcf,dpac,1,0,91999,55,54,7298943599678142326,13280,2c83e501f034,2026-08-31T19:51:47Z,100,99,1,,,,,,,,,,,,,,,,,
campaign_d_binary,binary_n100_independent-signed_seed5.pcf,dpac,2,0,77599,55,54,7298943599678142326,13280,2c83e501f034,2026-08-31T19:51:47Z,100,99,1,,,,,,,,,,,,,,,,,
campaign_d_binary,binary_n100_independent-signed_seed6.pcf,dpac,0,0,110917,60,59,7103307848617762110,13280,2c83e501f034,2026-08-31T19:51:47Z,100,99,1,,,,,,,,,,,,,,,,,
campaign_d_binary,binary_n100_independent-signed_seed6.pcf,dpac,1,0,93049,60,59,7103307848617762110,13280,2c83e501f034,2026-08-31T19:51:47Z,100,99,1,,,,,,,,,,,,,,,,,
campaign_d_binary,binary_n100_independent-signed_seed6.pcf,dpac,2,0,81238,60,59,7103307848617762110,13280,2c83e501f034,2026-08-31T19:51:47Z,100,99,1,,,,,,,,,,,,,,,,,
campaign_d_binary,binary_n100_independent-signed_seed7.pcf,dpac,0,0,107974,52,51,2816379952568024322,13280,2c83e501f034,2026-08-31T19:51:47Z,100,99,1,,,,,,,,,,,,,,,,,
campaign_d_binary,binary_n100_independent-signed_seed7.pcf,dpac,1,0,88927,52,51,2816379952568024322,13280,2c83e501f034,2026-08-31T19:51:47Z,100,99,1,,,,,,,,,,,,,,,,,
campaign_d_binary,binary_n100_independent-signed_seed7.pcf,dpac,2,0,78624,52,51,2816379952568024322,13280,2c83e501f034,2026-08-31T19:51:47Z,100,99,1,,,,,,,,,,,,,,,,,
campaign_d_binary,binary_n100_independent-signed_seed8.pcf,dpac,0,0,105087,48,47,9338673086269391986,13440,2c83e501f034,2026-08-31T19:51:47Z,100,99,1,,,,,,,,,,,,,,,,,
campaign_d_binary,binary_n100_independent-signed_seed8.pcf,dpac,1,0,90676,48,47,9338673086269391986,13440,2c83e501f034,2026-08-31T19:51:47Z,100,99,1,,,,,,,,,,,,,,,,,
campaign_d_binary,binary_n100_independent-signed_seed8.pcf,dpac,2,0,75385,48,47,9338673086269391986,13440,2c83e501f034,2026-08-31T19:51:47Z,100,99,1,,,,,,,,,,,,,,,,,
campaign_d_binary,binary_n100_independent-signed_seed9.pcf,dpac,0,0,104382,39,38,1592909310810723299,13440,2c83e501f034,2026-08-31T19:51:47Z,100,99,1,,,,,,,,,,,,,,,,,
campaign_d_binary,binary_n100_independent-signed_seed9.pcf,dpac,1,0,81963,39,38,1592909310810723299,13440,2c83e501f034,2026-08-31T19:51:47Z,100,99,1,,,,,,,,,,,,,,,,,
campaign_d_binary,binary_n100_independent-signed_seed9.pcf,dpac,2,0,69686,39,38,1592909310810723299,13440,2c83e501f034,2026-08-31T19:51:47Z,100,99,1,,,,,,,,,,,,,,,,,
campaign_d_binary,binary_n100_near-ties_seed0.pcf,dpac,0,0,97776,38,37,18408744690770715442,13440,2c83e501f034,2026-08-31T19:51:47Z,100,99,1,,,,,,,,,,,,,,,,,
campaign_d_binary,binary_n100_near-ties_seed0.pcf,dpac,1,0,86740,38,37,18408744690770715442,13440,2c83e501f034,2026-08-31T19:51:47Z,100,99,1,,,,,,,,,,,,,,,,,
campaign_d_binary,binary_n100_near-ties_seed0.pcf,dpac,2,0,72942,38,37,18408744690770715442,13440,2c83e501f034,2026-08-31T19:51:47Z,100,99,1,,,,,,,,,,,,,,,,,
campaign_d_binary,binary_n100_near-ties_seed1.pcf,dpac,0,0,98501,47,46,17223796855844816498,13440,2c83e501f034,2026-08-31T19:51:47Z,100,99,1,,,,,,,,,,,,,,,,,
campaign_d_binary,binary_n100_near-ties_seed1.pcf,dpac,1,0,82351,47,46,17223796855844816498,13440,2c83e501f034,2026-08-31T19:51:47Z,100,99,1,,,,,,,,,,,,,,,,,
campaign_d_binary,binary_n100_near-ties_seed1.pcf,dpac,2,0,69019,47,46,17223796855844816498,13440,2c83e501f034,2026-08-31T19:51:47Z,100,99,1,,,,,,,,,,,,,,,,,
campaign_d_binary,binary_n100_near-ties_seed2.pcf,dpac,0,0,96603,42,41,12119848961584795586,13440,2c83e501f034,2026-08-31T19:51:47Z,100,99,1,,,,,,,,,,,,,,,,,
campaign_d_binary,binary_n100_near-ties_seed2.pcf,dpac,1,0,83388,42,41,12119848961584795586,13440,2c83e501f034,2026-08-31T19:51:47Z,100,99,1,,,,,,,,,,,,,,,,,
campaign_d_binary,binary_n100_near-ties_seed2.pcf,dpac,2,0,70189,42,41,12119848961584795586,13440,2c83e501f034,2026-08-31T19:51:47Z,100,99,1,,,,,,,,,,,,,,,,,
campaign_d_binary,binary_n100_near-ties_seed3.pcf,dpac,0,0,98124,47,46,4107875807397312975,13440,2c83e501f034,2026-08-31T19:51:47Z,100,99,1,,,,,,,,,,,,,,,,,
campaign_d_binary,binary_n100_near-ties_seed3.pcf,dpac,1,0,80335,47,46,4107875807397312975,13440,2c83e501f034,2026-08-31T19:51:47Z,100,99,1,,,,,,,,,,,,,,,,,
campaign_d_binary,binary_n100_near-ties_seed3.pcf,dpac,2,0,73312,47,46,4107875807397312975,13440,2c83e501f034,2026-08-31T19:51:47Z,100,99,1,,,,,,,,,,,,,,,,,
campaign_d_binary,binary_n100_near-ties_seed4.pcf,dpac,0,0,103271,40,39,3565652217847650075,13440,2c83e501f034,2026-08-31T19:51:47Z,100,99,1,,,,,,,,,,,,,,,,,
campaign_d_binary,binary_n100_near-ties_seed4.pcf,dpac,1,0,84141,40,39,3565652217847650075,13440,2c83e501f034,2026-08-31T19:51:47Z,100,99,1,,,,,,,,,,,,,,,,,
campaign_d_binary,binary_n100_near-ties_seed4.pcf,dpac,2,0,71897,40,39,3565652217847650075,13440,2c83e501f034,2026-08-31T19:51:47Z,100,99,1,,,,,,,,,,,,,,,,,
campaign_d_binary,binary_n100_near-ties_seed5.pcf,dpac,0,0,99099,49,48,5107694975644694666,13440,2c83e501f034,2026-08-31T19:51:47Z,100,99,1,,,,,,,,,,,,,,,,,
campaign_d_binary,binary_n100_near-ties_seed5.pcf,dpac,1,0,83863,49,48,5107694975644694666,13440,2c83e501f034,2026-08-31T19:51:47Z,100,99,1,,,,,,,,,,,,,,,,,
campaign_d_binary,binary_n100_near-ties_seed5.pcf,dpac,2,0,72483,49,48,5107694975644694666,13440,2c83e501f034,2026-08-31T19:51:47Z,100,99,1,,,,,,,,,,,,,,,,,
campaign_d_binary,binary_n100_near-ties_seed6.pcf,dpac,0,0,94627,36,35,16974281506654111531,13440,2c83e501f034,2026-08-31T19:51:47Z,100,99,1,,,,,,,,,,,,,,,,,
campaign_d_binary,binary_n100_near-ties_seed6.pcf,dpac,1,0,82155,36,35,16974281506654111531,13440,2c83e501f034,2026-08-31T19:51:47Z,100,99,1,,,,,,,,,,,,,,,,,
campaign_d_binary,binary_n100_near-ties_seed6.pcf,dpac,2,0,68747,36,35,16974281506654111531,13440,2c83e501f034,2026-08-31T19:51:47Z,100,99,1,,,,,,,,,,,,,,,,,
campaign_d_binary,binary_n100_near-ties_seed7.pcf,dpac,0,0,98877,47,46,9889237309291445089,13440,2c83e501f034,2026-08-31T19:51:47Z,100,99,1,,,,,,,,,,,,,,,,,
campaign_d_binary,binary_n100_near-ties_seed7.pcf,dpac,1,0,78854,47,46,9889237309291445089,13440,2c83e501f034,2026-08-31T19:51:47Z,100,99,1,,,,,,,,,,,,,,,,,
campaign_d_binary,binary_n100_near-ties_seed7.pcf,dpac,2,0,72130,47,46,9889237309291445089,13440,2c83e501f034,2026-08-31T19:51:47Z,100,99,1,,,,,,,,,,,,,,,,,
campaign_d_binary,binary_n100_near-ties_seed8.pcf,dpac,0,0,96668,42,41,14880854739264634961,13440,2c83e501f034,2026-08-31T19:51:47Z,100,99,1,,,,,,,,,,,,,,,,,
campaign_d_binary,binary_n100_near-ties_seed8.pcf,dpac,1,0,79375,42,41,14880854739264634961,13440,2c83e501f034,2026-08-31T19:51:47Z,100,99,1,,,,,,,,,,,,,,,,,
campaign_d_binary,binary_n100_near-ties_seed8.pcf,dpac,2,0,68618,42,41,14880854739264634961,13440,2c83e501f034,2026-08-31T19:51:47Z,100,99,1,,,,,,,,,,,,,,,,,
campaign_d_binary,binary_n100_near-ties_seed9.pcf,dpac,0,0,94987,42,41,18015625404968715705,13440,2c83e501f034,2026-08-31T19:51:47Z,100,99,1,,,,,,,,,,,,,,,,,
campaign_d_binary,binary_n100_near-ties_seed9.pcf,dpac,1,0,73000,42,41,18015625404968715705,13440,2c83e501f034,2026-08-31T19:51:47Z,100,99,1,,,,,,,,,,,,,,,,,
campaign_d_binary,binary_n100_near-ties_seed9.pcf,dpac,2,0,63807,42,41,18015625404968715705,13440,2c83e501f034,2026-08-31T19:51:47Z,100,99,1,,,,,,,,,,,,,,,,,
campaign_d_binary,binary_n2000_anti-correlated_seed0.pcf,dpac,0,0,12858086,977,976,4994274380996832509,13440,2c83e501f034,2026-08-31T19:51:47Z,2000,1999,1,,,,,,,,,,,,,,,,,
campaign_d_binary,binary_n2000_anti-correlated_seed0.pcf,dpac,1,0,12523420,977,976,4994274380996832509,13440,2c83e501f034,2026-08-31T19:51:47Z,2000,1999,1,,,,,,,,,,,,,,,,,
campaign_d_binary,binary_n2000_anti-correlated_seed0.pcf,dpac,2,0,12533241,977,976,4994274380996832509,13440,2c83e501f034,2026-08-31T19:51:47Z,2000,1999,1,,,,,,,,,,,,,,,,,
campaign_d_binary,binary_n2000_anti-correlated_seed1.pcf,dpac,0,0,12864867,992,991,7385438227263503597,13440,2c83e501f034,2026-08-31T19:51:47Z,2000,1999,1,,,,,,,,,,,,,,,,,
campaign_d_binary,binary_n2000_anti-correlated_seed1.pcf,dpac,1,0,12554231,992,991,7385438227263503597,13440,2c83e501f034,2026-08-31T19:51:47Z,2000,1999,1,,,,,,,,,,,,,,,,,
campaign_d_binary,binary_n2000_anti-correlated_seed1.pcf,dpac,2,0,12601717,992,991,7385438227263503597,13440,2c83e501f034,2026-08-31T19:51:47Z,2000,1999,1,,,,,,,,,,,,,,,,,
campaign_d_binary,binary_n2000_anti-correlated_seed2.pcf,dpac,0,0,12695800,973,972,14099427994576955969,13440,2c83e501f034,2026-08-31T19:51:47Z,2000,1999,1,,,,,,,,,,,,,,,,,
campaign_d_binary,binary_n2000_anti-correlated_seed2.pcf,dpac,1,0,12463333,973,972,14099427994576955969,13440,2c83e501f034,2026-08-31T19:51:47Z,2000,1999,1,,,,,,,,,,,,,,,,,
campaign_d_binary,binary_n2000_anti-correlated_seed2.pcf,dpac,2,0,12411924,973,972,14099427994576955969,13440,2c83e501f034,2026-08-31T19:51:47Z,2000,1999,1,,,,,,,,,,,,,,,,,
campaign_d_binary,binary_n2000_anti-correlated_seed3.pcf,dpac,0,0,12752402,1022,1021,13004403156656997354,13440,2c83e501f034,2026-08-31T19:51:47Z,2000,1999,1,,,,,,,,,,,,,,,,,
campaign_d_binary,binary_n2000_anti-correlated_seed3.pcf,dpac,1,0,12563994,1022,1021,13004403156656997354,13440,2c83e501f034,2026-08-31T19:51:47Z,2000,1999,1,,,,,,,,,,,,,,,,,
campaign_d_binary,binary_n2000_anti-correlated_seed3.pcf,dpac,2,0,12491266,1022,1021,13004403156656997354,13440,2c83e501f034,2026-08-31T19:51:47Z,2000,1999,1,,,,,,,,,,,,,,,,,
campaign_d_binary,binary_n2000_anti-correlated_seed4.pcf,dpac,0,0,12833364,991,990,11705469168072080086,13440,2c83e501f034,2026-08-31T19:51:47Z,2000,1999,1,,,,,,,,,,,,,,,,,
campaign_d_binary,binary_n2000_anti-correlated_seed4.pcf,dpac,1,0,12548952,991,990,11705469168072080086,13440,2c83e501f034,2026-08-31T19:51:47Z,2000,1999,1,,,,,,,,,,,,,,,,,
campaign_d_binary,binary_n2000_anti-correlated_seed4.pcf,dpac,2,0,12532230,991,990,11705469168072080086,13440,2c83e501f034,2026-08-31T19:51:47Z,2000,1999,1,,,,,,,,,,,,,,,,,
campaign_d_binary,binary_n2000_anti-correlated_seed5.pcf,dpac,0,0,12746124,1032,1031,12411761968937594874,13440,2c83e501f034,2026-08-31T19:51:47Z,2000,1999,1,,,,,,,,,,,,,,,,,
campaign_d_binary,binary_n2000_anti-correlated_seed5.pcf,dpac,1,0,12541242,1032,1031,12411761968937594874,13440,2c83e501f034,2026-08-31T19:51:47Z,2000,1999,1,,,,,,,,,,,,,,,,,
campaign_d_binary,binary_n2000_anti-correlated_seed5.pcf,dpac,2,0,12545481,1032,1031,12411761968937594874,13440,2c83e501f034,2026-08-31T19:51:47Z,2000,1999,1,,,,,,,,,,,,,,,,,
campaign_d_binary,binary_n2000_anti-correlated_seed6.pcf,dpac,0,0,12779075,990,989,15942331324105714559,13600,2c83e501f034,2026-08-31T19:51:47Z,2000,1999,1,,,,,,,,,,,,,,,,,
campaign_d_binary,binary_n2000_anti-correlated_seed6.pcf,dpac,1,0,13010368,990,989,15942331324105714559,13600,2c83e501f034,2026-08-31T19:51:47Z,2000,1999,1,,,,,,,,,,,,,,,,,
campaign_d_binary,binary_n2000_anti-correlated_seed6.pcf,dpac,2,0,12545896,990,989,15942331324105714559,13600,2c83e501f034,2026-08-31T19:51:47Z,2000,1999,1,,,,,,,,,,,,,,,,,
campaign_d_binary,binary_n2000_anti-correlated_seed7.pcf,dpac,0,0,12878785,968,967,16915119904024545155,13600,2c83e501f034,2026-08-31T19:51:47Z,2000,1999,1,,,,,,,,,,,,,,,,,
campaign_d_binary,binary_n2000_anti-correlated_seed7.pcf,dpac,1,0,12529856,968,967,16915119904024545155,13600,2c83e501f034,2026-08-31T19:51:47Z,2000,1999,1,,,,,,,,,,,,,,,,,
campaign_d_binary,binary_n2000_anti-correlated_seed7.pcf,dpac,2,0,12407779,968,967,16915119904024545155,13600,2c83e501f034,2026-08-31T19:51:47Z,2000,1999,1,,,,,,,,,,,,,,,,,
campaign_d_binary,binary_n2000_anti-correlated_seed8.pcf,dpac,0,0,12695761,1045,1044,12839322092756277369,13600,2c83e501f034,2026-08-31T19:51:47Z,2000,1999,1,,,,,,,,,,,,,,,,,
campaign_d_binary,binary_n2000_anti-correlated_seed8.pcf,dpac,1,0,12609164,1045,1044,12839322092756277369,13600,2c83e501f034,2026-08-31T19:51:47Z,2000,1999,1,,,,,,,,,,,,,,,,,
campaign_d_binary,binary_n2000_anti-correlated_seed8.pcf,dpac,2,0,12647800,1045,1044,12839322092756277369,13600,2c83e501f034,2026-08-31T19:51:47Z,2000,1999,1,,,,,,,,,,,,,,,,,
campaign_d_binary,binary_n2000_anti-correlated_seed9.pcf,dpac,0,0,12627454,987,986,447488519133420192,13600,2c83e501f034,2026-08-31T19:51:47Z,2000,1999,1,,,,,,,,,,,,,,,,,
campaign_d_binary,binary_n2000_anti-correlated_seed9.pcf,dpac,1,0,12389943,987,986,447488519133420192,13600,2c83e501f034,2026-08-31T19:51:47Z,2000,1999,1,,,,,,,,,,,,,,,,,
campaign_d_binary,binary_n2000_anti-correlated_seed9.pcf,dpac,2,0,12344547,987,986,447488519133420192,13600,2c83e501f034,2026-08-31T19:51:47Z,2000,1999,1,,,,,,,,,,,,,,,,,
campaign_d_binary,binary_n2000_correlated_seed0.pcf,dpac,0,0,12576450,992,991,15219775468968826567,13600,2c83e501f034,2026-08-31T19:51:47Z,2000,1999,1,,,,,,,,,,,,,,,,,
campaign_d_binary,binary_n2000_correlated_seed0.pcf,dpac,1,0,12488623,992,991,15219775468968826567,13600,2c83e501f034,2026-08-31T19:51:47Z,2000,1999,1,,,,,,,,,,,,,,,,,
campaign_d_binary,binary_n2000_correlated_seed0.pcf,dpac,2,0,12444292,992,991,15219775468968826567,13600,2c83e501f034,2026-08-31T19:51:47Z,2000,1999,1,,,,,,,,,,,,,,,,,
campaign_d_binary,binary_n2000_correlated_seed1.pcf,dpac,0,0,12535238,959,958,14427829499521734398,13600,2c83e501f034,2026-08-31T19:51:47Z,2000,1999,1,,,,,,,,,,,,,,,,,
campaign_d_binary,binary_n2000_correlated_seed1.pcf,dpac,1,0,12359534,959,958,14427829499521734398,13600,2c83e501f034,2026-08-31T19:51:47Z,2000,1999,1,,,,,,,,,,,,,,,,,
campaign_d_binary,binary_n2000_correlated_seed1.pcf,dpac,2,0,12263579,959,958,14427829499521734398,13600,2c83e501f034,2026-08-31T19:51:47Z,2000,1999,1,,,,,,,,,,,,,,,,,
campaign_d_binary,binary_n2000_correlated_seed2.pcf,dpac,0,0,12494512,964,963,4666227195262142993,13600,2c83e501f034,2026-08-31T19:51:47Z,2000,1999,1,,,,,,,,,,,,,,,,,
campaign_d_binary,binary_n2000_correlated_seed2.pcf,dpac,1,0,12309522,964,963,4666227195262142993,13600,2c83e501f034,2026-08-31T19:51:47Z,2000,1999,1,,,,,,,,,,,,,,,,,
campaign_d_binary,binary_n2000_correlated_seed2.pcf,dpac,2,0,12333846,964,963,4666227195262142993,13600,2c83e501f034,2026-08-31T19:51:47Z,2000,1999,1,,,,,,,,,,,,,,,,,
campaign_d_binary,binary_n2000_correlated_seed3.pcf,dpac,0,0,12626124,1003,1002,2678152042999650027,13600,2c83e501f034,2026-08-31T19:51:47Z,2000,1999,1,,,,,,,,,,,,,,,,,
campaign_d_binary,binary_n2000_correlated_seed3.pcf,dpac,1,0,12443878,1003,1002,2678152042999650027,13600,2c83e501f034,2026-08-31T19:51:47Z,2000,1999,1,,,,,,,,,,,,,,,,,
campaign_d_binary,binary_n2000_correlated_seed3.pcf,dpac,2,0,12323740,1003,1002,2678152042999650027,13600,2c83e501f034,2026-08-31T19:51:47Z,2000,1999,1,,,,,,,,,,,,,,,,,
campaign_d_binary,binary_n2000_correlated_seed4.pcf,dpac,0,0,12708679,987,986,15436262875251236776,13600,2c83e501f034,2026-08-31T19:51:47Z,2000,1999,1,,,,,,,,,,,,,,,,,
campaign_d_binary,binary_n2000_correlated_seed4.pcf,dpac,1,0,12526887,987,986,15436262875251236776,13600,2c83e501f034,2026-08-31T19:51:47Z,2000,1999,1,,,,,,,,,,,,,,,,,
campaign_d_binary,binary_n2000_correlated_seed4.pcf,dpac,2,0,12423035,987,986,15436262875251236776,13600,2c83e501f034,2026-08-31T19:51:47Z,2000,1999,1,,,,,,,,,,,,,,,,,
campaign_d_binary,binary_n2000_correlated_seed5.pcf,dpac,0,0,12696744,955,954,913346894550510565,13600,2c83e501f034,2026-08-31T19:51:47Z,2000,1999,1,,,,,,,,,,,,,,,,,
campaign_d_binary,binary_n2000_correlated_seed5.pcf,dpac,1,0,12380671,955,954,913346894550510565,13600,2c83e501f034,2026-08-31T19:51:47Z,2000,1999,1,,,,,,,,,,,,,,,,,
campaign_d_binary,binary_n2000_correlated_seed5.pcf,dpac,2,0,12394641,955,954,913346894550510565,13600,2c83e501f034,2026-08-31T19:51:47Z,2000,1999,1,,,,,,,,,,,,,,,,,
campaign_d_binary,binary_n2000_correlated_seed6.pcf,dpac,0,0,12747938,990,989,16906736554491138541,13600,2c83e501f034,2026-08-31T19:51:47Z,2000,1999,1,,,,,,,,,,,,,,,,,
campaign_d_binary,binary_n2000_correlated_seed6.pcf,dpac,1,0,12486991,990,989,16906736554491138541,13600,2c83e501f034,2026-08-31T19:51:47Z,2000,1999,1,,,,,,,,,,,,,,,,,
campaign_d_binary,binary_n2000_correlated_seed6.pcf,dpac,2,0,12434445,990,989,16906736554491138541,13600,2c83e501f034,2026-08-31T19:51:48Z,2000,1999,1,,,,,,,,,,,,,,,,,
campaign_d_binary,binary_n2000_correlated_seed7.pcf,dpac,0,0,12600321,981,980,13049649306296792919,13600,2c83e501f034,2026-08-31T19:51:48Z,2000,1999,1,,,,,,,,,,,,,,,,,
campaign_d_binary,binary_n2000_correlated_seed7.pcf,dpac,1,0,12371390,981,980,13049649306296792919,13600,2c83e501f034,2026-08-31T19:51:48Z,2000,1999,1,,,,,,,,,,,,,,,,,
campaign_d_binary,binary_n2000_correlated_seed7.pcf,dpac,2,0,12382466,981,980,13049649306296792919,13600,2c83e501f034,2026-08-31T19:51:48Z,2000,1999,1,,,,,,,,,,,,,,,,,
campaign_d_binary,binary_n2000_correlated_seed8.pcf,dpac,0,0,12795745,968,967,13077303173928427992,13600,2c83e501f034,2026-08-31T19:51:48Z,2000,1999,1,,,,,,,,,,,,,,,,,
campaign_d_binary,binary_n2000_correlated_seed8.pcf,dpac,1,0,12461705,968,967,13077303173928427992,13600,2c83e501f034,2026-08-31T19:51:48Z,2000,1999,1,,,,,,,,,,,,,,,,,
campaign_d_binary,binary_n2000_correlated_seed8.pcf,dpac,2,0,12528430,968,967,13077303173928427992,13600,2c83e501f034,2026-08-31T19:51:48Z,2000,1999,1,,,,,,,,,,,,,,,,,
campaign_d_binary,binary_n2000_correlated_seed9.pcf,dpac,0,0,12598015,995,994,472390873604892112,13600,2c83e501f034,2026-08-31T19:51:48Z,2000,1999,1,,,,,,,,,,,,,,,,,
campaign_d_binary,binary_n2000_correlated_seed9.pcf,dpac,1,0,12380916,995,994,472390873604892112,13600,2c83e501f034,2026-08-31T19:51:48Z,2000,1999,1,,,,,,,,,,,,,,,,,
campaign_d_binary,binary_n2000_correlated_seed9.pcf,dpac,2,0,12352911,995,994,472390873604892112,13600,2c83e501f034,2026-08-31T19:51:48Z,2000,1999,1,,,,,,,,,,,,,,,,,
campaign_d_binary,binary_n2000_exact-ties_seed0.pcf,dpac,0,0,9377133,439,438,9510752352160591402,13600,2c83e501f034,2026-08-31T19:51:48Z,2000,1999,1,,,,,,,,,,,,,,,,,
campaign_d_binary,binary_n2000_exact-ties_seed0.pcf,dpac,1,0,9104942,439,438,9510752352160591402,13600,2c83e501f034,2026-08-31T19:51:48Z,2000,1999,1,,,,,,,,,,,,,,,,,
campaign_d_binary,binary_n2000_exact-ties_seed0.pcf,dpac,2,0,9058901,439,438,9510752352160591402,13600,2c83e501f034,2026-08-31T19:51:48Z,2000,1999,1,,,,,,,,,,,,,,,,,
campaign_d_binary,binary_n2000_exact-ties_seed1.pcf,dpac,0,0,9155067,436,435,4817305337611017402,13600,2c83e501f034,2026-08-31T19:51:48Z,2000,1999,1,,,,,,,,,,,,,,,,,
campaign_d_binary,binary_n2000_exact-ties_seed1.pcf,dpac,1,0,9038904,436,435,4817305337611017402,13600,2c83e501f034,2026-08-31T19:51:48Z,2000,1999,1,,,,,,,,,,,,,,,,,
campaign_d_binary,binary_n2000_exact-ties_seed1.pcf,dpac,2,0,9001946,436,435,4817305337611017402,13600,2c83e501f034,2026-08-31T19:51:48Z,2000,1999,1,,,,,,,,,,,,,,,,,
campaign_d_binary,binary_n2000_exact-ties_seed2.pcf,dpac,0,0,9245684,439,438,7420589487358996895,13600,2c83e501f034,2026-08-31T19:51:48Z,2000,1999,1,,,,,,,,,,,,,,,,,
campaign_d_binary,binary_n2000_exact-ties_seed2.pcf,dpac,1,0,9070962,439,438,7420589487358996895,13600,2c83e501f034,2026-08-31T19:51:48Z,2000,1999,1,,,,,,,,,,,,,,,,,
campaign_d_binary,binary_n2000_exact-ties_seed2.pcf,dpac,2,0,9027184,439,438,7420589487358996895,13600,2c83e501f034,2026-08-31T19:51:48Z,2000,1999,1,,,,,,,,,,,,,,,,,
campaign_d_binary,binary_n2000_exact-ties_seed3.pcf,dpac,0,0,9662361,446,445,4600410376572688616,13600,2c83e501f034,2026-08-31T19:51:48Z,2000,1999,1,,,,,,,,,,,,,,,,,
campaign_d_binary,binary_n2000_exact-ties_seed3.pcf,dpac,1,0,9439414,446,445,4600410376572688616,13600,2c83e501f034,2026-08-31T19:51:48Z,2000,1999,1,,,,,,,,,,,,,,,,,
campaign_d_binary,binary_n2000_exact-ties_seed3.pcf,dpac,2,0,9382832,446,445,4600410376572688616,13600,2c83e501f034,2026-08-31T19:51:48Z,2000,1999,1,,,,,,,,,,,,,,,,,
campaign_d_binary,binary_n2000_exact-ties_seed4.pcf,dpac,0,0,9329918,424,423,11645227928960293361,13600,2c83e501f034,2026-08-31T19:51:48Z,2000,1999,1,,,,,,,,,,,,,,,,,
campaign_d_binary,binary_n2000_exact-ties_seed4.pcf,dpac,1,0,9166905,424,423,11645227928960293361,13600,2c83e501f034,2026-08-31T19:51:48Z,2000,1999,1,,,,,,,,,,,,,,,,,
campaign_d_binary,binary_n2000_exact-ties_seed4.pcf,dpac,2,0,9101283,424,423,11645227928960293361,13600,2c83e501f034,2026-08-31T19:51:48Z,2000,1999,1,,,,,,,,,,,,,,,,,
campaign_d_binary,binary_n2000_exact-ties_seed5.pcf,dpac,0,0,9462032,441,440,13410938758947399988,13600,2c83e501f034,2026-08-31T19:51:48Z,2000,1999,1,,,,,,,,,,,,,,,,,
campaign_d_binary,binary_n2000_exact-ties_seed5.pcf,dpac,1,0,9295006,441,440,13410938758947399988,13600,2c83e501f034,2026-08-31T19:51:48Z,2000,1999,1,,,,,,,,,,,,,,,,,
campaign_d_binary,binary_n2000_exact-ties_seed5.pcf,dpac,2,0,9241773,441,440,13410938758947399988,13600,2c83e501f034,2026-08-31T19:51:48Z,2000,1999,1,,,,,,,,,,,,,,,,,
campaign_d_binary,binary_n2000_exact-ties_seed6.pcf,dpac,0,0,9294639,418,417,17083353012560859094,13760,2c83e501f034,2026-08-31T19:51:48Z,2000,1999,1,,,,,,,,,,,,,,,,,
campaign_d_binary,binary_n2000_exact-ties_seed6.pcf,dpac,1,0,9028149,418,417,17083353012560859094,13760,2c83e501f034,2026-08-31T19:51:48Z,2000,1999,1,,,,,,,,,,,,,,,,,
campaign_d_binary,binary_n2000_exact-ties_seed6.pcf,dpac,2,0,8996542,418,417,17083353012560859094,13760,2c83e501f034,2026-08-31T19:51:48Z,2000,1999,1,,,,,,,,,,,,,,,,,
campaign_d_binary,binary_n2000_exact-ties_seed7.pcf,dpac,0,0,9140910,422,421,2270330568333321880,13760,2c83e501f034,2026-08-31T19:51:48Z,2000,1999,1,,,,,,,,,,,,,,,,,
campaign_d_binary,binary_n2000_exact-ties_seed7.pcf,dpac,1,0,9005994,422,421,2270330568333321880,13760,2c83e501f034,2026-08-31T19:51:48Z,2000,1999,1,,,,,,,,,,,,,,,,,
campaign_d_binary,binary_n2000_exact-ties_seed7.pcf,dpac,2,0,9000187,422,421,2270330568333321880,13760,2c83e501f034,2026-08-31T19:51:48Z,2000,1999,1,,,,,,,,,,,,,,,,,
campaign_d_binary,binary_n2000_exact-ties_seed8.pcf,dpac,0,0,9203133,432,431,9628570933741815734,13760,2c83e501f034,2026-08-31T19:51:48Z,2000,1999,1,,,,,,,,,,,,,,,,,
campaign_d_binary,binary_n2000_exact-ties_seed8.pcf,dpac,1,0,8965939,432,431,9628570933741815734,13760,2c83e501f034,2026-08-31T19:51:48Z,2000,1999,1,,,,,,,,,,,,,,,,,
campaign_d_binary,binary_n2000_exact-ties_seed8.pcf,dpac,2,0,8922703,432,431,9628570933741815734,13760,2c83e501f034,2026-08-31T19:51:48Z,2000,1999,1,,,,,,,,,,,,,,,,,
campaign_d_binary,binary_n2000_exact-ties_seed9.pcf,dpac,0,0,9393443,449,448,16064889906194433978,13760,2c83e501f034,2026-08-31T19:51:48Z,2000,1999,1,,,,,,,,,,,,,,,,,
campaign_d_binary,binary_n2000_exact-ties_seed9.pcf,dpac,1,0,9264436,449,448,16064889906194433978,13760,2c83e501f034,2026-08-31T19:51:48Z,2000,1999,1,,,,,,,,,,,,,,,,,
campaign_d_binary,binary_n2000_exact-ties_seed9.pcf,dpac,2,0,9233164,449,448,16064889906194433978,13760,2c83e501f034,2026-08-31T19:51:48Z,2000,1999,1,,,,,,,,,,,,,,,,,
campaign_d_binary,binary_n2000_independent-positive_seed0.pcf,dpac,0,0,12724618,986,985,16493903231442947508,13760,2c83e501f034,2026-08-31T19:51:48Z,2000,1999,1,,,,,,,,,,,,,,,,,
campaign_d_binary,binary_n2000_independent-positive_seed0.pcf,dpac,1,0,12486260,986,985,16493903231442947508,13760,2c83e501f034,2026-08-31T19:51:48Z,2000,1999,1,,,,,,,,,,,,,,,,,
campaign_d_binary,binary_n2000_independent-positive_seed0.pcf,dpac,2,0,12511125,986,985,16493903231442947508,13760,2c83e501f034,2026-08-31T19:51:48Z,2000,1999,1,,,,,,,,,,,,,,,,,
campaign_d_binary,binary_n2000_independent-positive_seed1.pcf,dpac,0,0,12794138,1021,1020,16649318484739294793,13760,2c83e501f034,2026-08-31T19:51:48Z,2000,1999,1,,,,,,,,,,,,,,,,,
campaign_d_binary,binary_n2000_independent-positive_seed1.pcf,dpac,1,0,12419551,1021,1020,16649318484739294793,13760,2c83e501f034,2026-08-31T19:51:48Z,2000,1999,1,,,,,,,,,,,,,,,,,
campaign_d_binary,binary_n2000_independent-positive_seed1.pcf,dpac,2,0,12443402,1021,1020,16649318484739294793,13760,2c83e501f034,2026-08-31T19:51:48Z,2000,1999,1,,,,,,,,,,,,,,,,,
campaign_d_binary,binary_n2000_independent-positive_seed2.pcf,dpac,0,0,12792451,1029,1028,12396077761855749652,13760,2c83e501f034,2026-08-31T19:51:48Z,2000,1999,1,,,,,,,,,,,,,,,,,
campaign_d_binary,binary_n2000_independent-positive_seed2.pcf,dpac,1,0,12595383,1029,1028,12396077761855749652,13760,2c83e501f034,2026-08-31T19:51:48Z,2000,1999,1,,,,,,,,,,,,,,,,,
campaign_d_binary,binary_n2000_independent-positive_seed2.pcf,dpac,2,0,12609567,1029,1028,12396077761855749652,13760,2c83e501f034,2026-08-31T19:51:48Z,2000,1999,1,,,,,,,,,,,,,,,,,
campaign_d_binary,binary_n2000_independent-positive_seed3.pcf,dpac,0,0,12778535,985,984,14083097461629206338,13760,2c83e501f034,2026-08-31T19:51:48Z,2000,1999,1,,,,,,,,,,,,,,,,,
campaign_d_binary,binary_n2000_independent-positive_seed3.pcf,dpac,1,0,12503256,985,984,14083097461629206338,13760,2c83e501f034,2026-08-31T19:51:48Z,2000,1999,1,,,,,,,,,,,,,,,,,
campaign_d_binary,binary_n2000_independent-positive_seed3.pcf,dpac,2,0,12582747,985,984,14083097461629206338,13760,2c83e501f034,2026-08-31T19:51:48Z,2000,1999,1,,,,,,,,,,,,,,,,,
campaign_d_binary,binary_n2000_independent-positive_seed4.pcf,dpac,0,0,12703743,983,982,1608585454059586051,13760,2c83e501f034,2026-08-31T19:51:48Z,2000,1999,1,,,,,,,,,,,,,,,,,
campaign_d_binary,binary_n2000_independent-positive_seed4.pcf,dpac,1,0,12525583,983,982,1608585454059586051,13760,2c83e501f034,2026-08-31T19:51:48Z,2000,1999,1,,,,,,,,,,,,,,,,,
campaign_d_binary,binary_n2000_independent-positive_seed4.pcf,dpac,2,0,12491368,983,982,1608585454059586051,13760,2c83e501f034,2026-08-31T19:51:48Z,2000,1999,1,,,,,,,,,,,,,,,,,
campaign_d_binary,binary_n2000_independent-positive_seed5.pcf,dpac,0,0,12639985,1001,1000,6625276854390592491,13760,2c83e501f034,2026-08-31T19:51:48Z,2000,1999,1,,,,,,,,,,,,,,,,,
campaign_d_binary,binary_n2000_independent-positive_seed5.pcf,dpac,1,0,12463415,1001,1000,6625276854390592491,13760,2c83e501f034,2026-08-31T19:51:48Z,2000,1999,1,,,,,,,,,,,,,,,,,
campaign_d_binary,binary_n2000_independent-positive_seed5.pcf,dpac,2,0,12434745,1001,1000,6625276854390592491,13760,2c83e501f034,2026-08-31T19:51:48Z,2000,1999,1,,,,,,,,,,,,,,,,,
campaign_d_binary,binary_n2000_independent-positive_seed6.pcf,dpac,0,0,12633687,968,967,13751360305528749492,13760,2c83e501f034,2026-08-31T19:51:48Z,2000,1999,1,,,,,,,,,,,,,,,,,
campaign_d_binary,binary_n2000_independent-positive_seed6.pcf,dpac,1,0,12425052,968,967,13751360305528749492,13760,2c83e501f034,2026-08-31T19:51:48Z,2000,1999,1,,,,,,,,,,,,,,,,,
campaign_d_binary,binary_n2000_independent-positive_seed6.pcf,dpac,2,0,12295648,968,967,13751360305528749492,13760,2c83e501f034,2026-08-31T19:51:48Z,2000,1999,1,,,,,,,,,,,,,,,,,
campaign_d_binary,binary_n2000_independent-positive_seed7.pcf,dpac,0,0,12910928,1058,1057,3750341474407724493,13760,2c83e501f034,2026-08-31T19:51:48Z,2000,1999,1,,,,,,,,,,,,,,,,,
campaign_d_binary,binary_n2000_independent-positive_seed7.pcf,dpac,1,0,12605352,1058,1057,3750341474407724493,13760,2c83e501f034,2026-08-31T19:51:48Z,2000,1999,1,,,,,,,,,,,,,,,,,
campaign_d_binary,binary_n2000_independent-positive_seed7.pcf,dpac,2,0,12517008,1058,1057,3750341474407724493,13760,2c83e501f034,2026-08-31T19:51:48Z,2000,1999,1,,,,,,,,,,,,,,,,,
campaign_d_binary,binary_n2000_independent-positive_seed8.pcf,dpac,0,0,12705569,1006,1005,15430874392795653481,13760,2c83e501f034,2026-08-31T19:51:48Z,2000,1999,1,,,,,,,,,,,,,,,,,
campaign_d_binary,binary_n2000_independent-positive_seed8.pcf,dpac,1,0,12460736,1006,1005,15430874392795653481,13760,2c83e501f034,2026-08-31T19:51:48Z,2000,1999,1,,,,,,,,,,,,,,,,,
campaign_d_binary,binary_n2000_independent-positive_seed8.pcf,dpac,2,0,12422468,1006,1005,15430874392795653481,13760,2c83e501f034,2026-08-31T19:51:48Z,2000,1999,1,,,,,,,,,,,,,,,,,
campaign_d_binary,binary_n2000_independent-positive_seed9.pcf,dpac,0,0,12714611,1009,1008,2416847493945634067,13760,2c83e501f034,2026-08-31T19:51:48Z,2000,1999,1,,,,,,,,,,,,,,,,,
campaign_d_binary,binary_n2000_independent-positive_seed9.pcf,dpac,1,0,12450214,1009,1008,2416847493945634067,13760,2c83e501f034,2026-08-31T19:51:48Z,2000,1999,1,,,,,,,,,,,,,,,,,
campaign_d_binary,binary_n2000_independent-positive_seed9.pcf,dpac,2,0,12424632,1009,1008,2416847493945634067,13760,2c83e501f034,2026-08-31T19:51:48Z,2000,1999,1,,,,,,,,,,,,,,,,,
campaign_d_binary,binary_n2000_independent-signed_seed0.pcf,dpac,0,0,12750022,991,990,6852106114331189643,13760,2c83e501f034,2026-08-31T19:51:48Z,2000,1999,1,,,,,,,,,,,,,,,,,
campaign_d_binary,binary_n2000_independent-signed_seed0.pcf,dpac,1,0,12456670,991,990,6852106114331189643,13760,2c83e501f034,2026-08-31T19:51:48Z,2000,1999,1,,,,,,,,,,,,,,,,,
campaign_d_binary,binary_n2000_independent-signed_seed0.pcf,dpac,2,0,12439810,991,990,6852106114331189643,13760,2c83e501f034,2026-08-31T19:51:48Z,2000,1999,1,,,,,,,,,,,,,,,,,
campaign_d_binary,binary_n2000_independent-signed_seed1.pcf,dpac,0,0,12720407,1002,1001,10428893968074791832,13760,2c83e501f034,2026-08-31T19:51:48Z,2000,1999,1,,,,,,,,,,,,,,,,,
campaign_d_binary,binary_n2000_independent-signed_seed1.pcf,dpac,1,0,12470128,1002,1001,10428893968074791832,13760,2c83e501f034,2026-08-31T19:51:48Z,2000,1999,1,,,,,,,,,,,,,,,,,
campaign_d_binary,binary_n2000_independent-signed_seed1.pcf,dpac,2,0,12516675,1002,1001,10428893968074791832,13760,2c83e501f034,2026-08-31T19:51:48Z,2000,1999,1,,,,,,,,,,,,,,,,,
campaign_d_binary,binary_n2000_independent-signed_seed2.pcf,dpac,0,0,12721277,992,991,12193941313985678101,13760,2c83e501f034,2026-08-31T19:51:48Z,2000,1999,1,,,,,,,,,,,,,,,,,
campaign_d_binary,binary_n2000_independent-signed_seed2.pcf,dpac,1,0,12467104,992,991,12193941313985678101,13760,2c83e501f034,2026-08-31T19:51:48Z,2000,1999,1,,,,,,,,,,,,,,,,,
campaign_d_binary,binary_n2000_independent-signed_seed2.pcf,dpac,2,0,12485659,992,991,12193941313985678101,13760,2c83e501f034,2026-08-31T19:51:48Z,2000,1999,1,,,,,,,,,,,,,,,,,
campaign_d_binary,binary_n2000_independent-signed_seed3.pcf,dpac,0,0,12809277,1024,1023,2089488169690802930,13920,2c83e501f034,2026-08-31T19:51:49Z,2000,1999,1,,,,,,,,,,,,,,,,,
campaign_d_binary,binary_n2000_independent-signed_seed3.pcf,dpac,1,0,12622409,1024,1023,2089488169690802930,13920,2c83e501f034,2026-08-31T19:51:49Z,2000,1999,1,,,,,,,,,,,,,,,,,
campaign_d_binary,binary_n2000_independent-signed_seed3.pcf,dpac,2,0,12524996,1024,1023,2089488169690802930,13920,2c83e501f034,2026-08-31T19:51:49Z,2000,1999,1,,,,,,,,,,,,,,,,,
campaign_d_binary,binary_n2000_independent-signed_seed4.pcf,dpac,0,0,13044309,1019,1018,3110573944082429514,13920,2c83e501f034,2026-08-31T19:51:49Z,2000,1999,1,,,,,,,,,,,,,,,,,
campaign_d_binary,binary_n2000_independent-signed_seed4.pcf,dpac,1,0,12643536,1019,1018,3110573944082429514,13920,2c83e501f034,2026-08-31T19:51:49Z,2000,1999,1,,,,,,,,,,,,,,,,,
campaign_d_binary,binary_n2000_independent-signed_seed4.pcf,dpac,2,0,12733049,1019,1018,3110573944082429514,13920,2c83e501f034,2026-08-31T19:51:49Z,2000,1999,1,,,,,,,,,,,,,,,,,
campaign_d_binary,binary_n2000_independent-signed_seed5.pcf,dpac,0,0,12684418,981,980,6893475313146897849,13920,2c83e501f034,2026-08-31T19:51:49Z,2000,1999,1,,,,,,,,,,,,,,,,,
campaign_d_binary,binary_n2000_independent-signed_seed5.pcf,dpac,1,0,12421907,981,980,6893475313146897849,13920,2c83e501f034,2026-08-31T19:51:49Z,2000,1999,1,,,,,,,,,,,,,,,,,
campaign_d_binary,binary_n2000_independent-signed_seed5.pcf,dpac,2,0,12379097,981,980,6893475313146897849,13920,2c83e501f034,2026-08-31T19:51:49Z,2000,1999,1,,,,,,,,,,,,,,,,,
campaign_d_binary,binary_n2000_independent-signed_seed6.pcf,dpac,0,0,12769003,973,972,13020229795533628964,13920,2c83e501f034,2026-08-31T19:51:49Z,2000,1999,1,,,,,,,,,,,,,,,,,
campaign_d_binary,binary_n2000_independent-signed_seed6.pcf,dpac,1,0,12479330,973,972,13020229795533628964,13920,2c83e501f034,2026-08-31T19:51:49Z,2000,1999,1,,,,,,,,,,,,,,,,,
campaign_d_binary,binary_n2000_independent-signed_seed6.pcf,dpac,2,0,12429385,973,972,13020229795533628964,13920,2c83e501f034,2026-08-31T19:51:49Z,2000,1999,1,,,,,,,,,,,,,,,,,
campaign_d_binary,binary_n2000_independent-signed_seed7.pcf,dpac,0,0,12782160,1016,1015,5594258260243459730,13920,2c83e501f034,2026-08-31T19:51:49Z,2000,1999,1,,,,,,,,,,,,,,,,,
campaign_d_binary,binary_n2000_independent-signed_seed7.pcf,dpac,1,0,12539770,1016,1015,5594258260243459730,13920,2c83e501f034,2026-08-31T19:51:49Z,2000,1999,1,,,,,,,,,,,,,,,,,
campaign_d_binary,binary_n2000_independent-signed_seed7.pcf,dpac,2,0,12560415,1016,1015,5594258260243459730,13920,2c83e501f034,2026-08-31T19:51:49Z,2000,1999,1,,,,,,,,,,,,,,,,,
campaign_d_binary,binary_n2000_independent-signed_seed8.pcf,dpac,0,0,12762025,1027,1026,9898248606500700070,13920,2c83e501f034,2026-08-31T19:51:49Z,2000,1999,1,,,,,,,,,,,,,,,,,
campaign_d_binary,binary_n2000_independent-signed_seed8.pcf,dpac,1,0,12504807,1027,1026,9898248606500700070,13920,2c83e501f034,2026-08-31T19:51:49Z,2000,1999,1,,,,,,,,,,,,,,,,,
campaign_d_binary,binary_n2000_independent-signed_seed8.pcf,dpac,2,0,12510571,1027,1026,9898248606500700070,13920,2c83e501f034,2026-08-31T19:51:49Z,2000,1999,1,,,,,,,,,,,,,,,,,
campaign_d_binary,binary_n2000_independent-signed_seed9.pcf,dpac,0,0,12772802,1010,1009,9866693603027718010,13920,2c83e501f034,2026-08-31T19:51:49Z,2000,1999,1,,,,,,,,,,,,,,,,,
campaign_d_binary,binary_n2000_independent-signed_seed9.pcf,dpac,1,0,12532356,1010,1009,9866693603027718010,13920,2c83e501f034,2026-08-31T19:51:49Z,2000,1999,1,,,,,,,,,,,,,,,,,
campaign_d_binary,binary_n2000_independent-signed_seed9.pcf,dpac,2,0,12444464,1010,1009,9866693603027718010,13920,2c83e501f034,2026-08-31T19:51:49Z,2000,1999,1,,,,,,,,,,,,,,,,,
campaign_d_binary,binary_n2000_near-ties_seed0.pcf,dpac,0,0,8715692,327,326,17949219128572057948,13920,2c83e501f034,2026-08-31T19:51:49Z,2000,1999,1,,,,,,,,,,,,,,,,,
campaign_d_binary,binary_n2000_near-ties_seed0.pcf,dpac,1,0,8493490,327,326,17949219128572057948,13920,2c83e501f034,2026-08-31T19:51:49Z,2000,1999,1,,,,,,,,,,,,,,,,,
campaign_d_binary,binary_n2000_near-ties_seed0.pcf,dpac,2,0,8451035,327,326,17949219128572057948,13920,2c83e501f034,2026-08-31T19:51:49Z,2000,1999,1,,,,,,,,,,,,,,,,,
campaign_d_binary,binary_n2000_near-ties_seed1.pcf,dpac,0,0,8541045,323,322,3793388666893163533,13920,2c83e501f034,2026-08-31T19:51:49Z,2000,1999,1,,,,,,,,,,,,,,,,,
campaign_d_binary,binary_n2000_near-ties_seed1.pcf,dpac,1,0,8351859,323,322,3793388666893163533,13920,2c83e501f034,2026-08-31T19:51:49Z,2000,1999,1,,,,,,,,,,,,,,,,,
campaign_d_binary,binary_n2000_near-ties_seed1.pcf,dpac,2,0,8326694,323,322,3793388666893163533,13920,2c83e501f034,2026-08-31T19:51:49Z,2000,1999,1,,,,,,,,,,,,,,,,,
campaign_d_binary,binary_n2000_near-ties_seed2.pcf,dpac,0,0,8542075,329,328,11961489041699451373,13920,2c83e501f034,2026-08-31T19:51:49Z,2000,1999,1,,,,,,,,,,,,,,,,,
campaign_d_binary,binary_n2000_near-ties_seed2.pcf,dpac,1,0,8416048,329,328,11961489041699451373,13920,2c83e501f034,2026-08-31T19:51:49Z,2000,1999,1,,,,,,,,,,,,,,,,,
campaign_d_binary,binary_n2000_near-ties_seed2.pcf,dpac,2,0,8380436,329,328,11961489041699451373,13920,2c83e501f034,2026-08-31T19:51:49Z,2000,1999,1,,,,,,,,,,,,,,,,,
campaign_d_binary,binary_n2000_near-ties_seed3.pcf,dpac,0,0,8747144,328,327,10004610746688156027,13920,2c83e501f034,2026-08-31T19:51:49Z,2000,1999,1,,,,,,,,,,,,,,,,,
campaign_d_binary,binary_n2000_near-ties_seed3.pcf,dpac,1,0,8568796,328,327,10004610746688156027,13920,2c83e501f034,2026-08-31T19:51:49Z,2000,1999,1,,,,,,,,,,,,,,,,,
campaign_d_binary,binary_n2000_near-ties_seed3.pcf,dpac,2,0,8505914,328,327,10004610746688156027,13920,2c83e501f034,2026-08-31T19:51:49Z,2000,1999,1,,,,,,,,,,,,,,,,,
campaign_d_binary,binary_n2000_near-ties_seed4.pcf,dpac,0,0,8679157,332,331,14827248810104513905,13920,2c83e501f034,2026-08-31T19:51:49Z,2000,1999,1,,,,,,,,,,,,,,,,,
campaign_d_binary,binary_n2000_near-ties_seed4.pcf,dpac,1,0,8480497,332,331,14827248810104513905,13920,2c83e501f034,2026-08-31T19:51:49Z,2000,1999,1,,,,,,,,,,,,,,,,,
campaign_d_binary,binary_n2000_near-ties_seed4.pcf,dpac,2,0,8493414,332,331,14827248810104513905,13920,2c83e501f034,2026-08-31T19:51:49Z,2000,1999,1,,,,,,,,,,,,,,,,,
campaign_d_binary,binary_n2000_near-ties_seed5.pcf,dpac,0,0,8525826,323,322,9339130315899794502,13920,2c83e501f034,2026-08-31T19:51:49Z,2000,1999,1,,,,,,,,,,,,,,,,,
campaign_d_binary,binary_n2000_near-ties_seed5.pcf,dpac,1,0,8391663,323,322,9339130315899794502,13920,2c83e501f034,2026-08-31T19:51:49Z,2000,1999,1,,,,,,,,,,,,,,,,,
campaign_d_binary,binary_n2000_near-ties_seed5.pcf,dpac,2,0,8372236,323,322,9339130315899794502,13920,2c83e501f034,2026-08-31T19:51:49Z,2000,1999,1,,,,,,,,,,,,,,,,,
campaign_d_binary,binary_n2000_near-ties_seed6.pcf,dpac,0,0,8732745,332,331,17979825067517761891,13920,2c83e501f034,2026-08-31T19:51:49Z,2000,1999,1,,,,,,,,,,,,,,,,,
campaign_d_binary,binary_n2000_near-ties_seed6.pcf,dpac,1,0,8528855,332,331,17979825067517761891,13920,2c83e501f034,2026-08-31T19:51:49Z,2000,1999,1,,,,,,,,,,,,,,,,,
campaign_d_binary,binary_n2000_near-ties_seed6.pcf,dpac,2,0,8424072,332,331,17979825067517761891,13920,2c83e501f034,2026-08-31T19:51:49Z,2000,1999,1,,,,,,,,,,,,,,,,,
campaign_d_binary,binary_n2000_near-ties_seed7.pcf,dpac,0,0,8490796,335,334,11999026789358840934,13920,2c83e501f034,2026-08-31T19:51:49Z,2000,1999,1,,,,,,,,,,,,,,,,,
campaign_d_binary,binary_n2000_near-ties_seed7.pcf,dpac,1,0,8406568,335,334,11999026789358840934,13920,2c83e501f034,2026-08-31T19:51:49Z,2000,1999,1,,,,,,,,,,,,,,,,,
campaign_d_binary,binary_n2000_near-ties_seed7.pcf,dpac,2,0,8364066,335,334,11999026789358840934,13920,2c83e501f034,2026-08-31T19:51:49Z,2000,1999,1,,,,,,,,,,,,,,,,,
campaign_d_binary,binary_n2000_near-ties_seed8.pcf,dpac,0,0,8582688,315,314,1801199509313276478,13920,2c83e501f034,2026-08-31T19:51:49Z,2000,1999,1,,,,,,,,,,,,,,,,,
campaign_d_binary,binary_n2000_near-ties_seed8.pcf,dpac,1,0,8428525,315,314,1801199509313276478,13920,2c83e501f034,2026-08-31T19:51:49Z,2000,1999,1,,,,,,,,,,,,,,,,,
campaign_d_binary,binary_n2000_near-ties_seed8.pcf,dpac,2,0,8446778,315,314,1801199509313276478,13920,2c83e501f034,2026-08-31T19:51:49Z,2000,1999,1,,,,,,,,,,,,,,,,,
campaign_d_binary,binary_n2000_near-ties_seed9.pcf,dpac,0,0,8819054,334,333,7130714006736581192,13920,2c83e501f034,2026-08-31T19:51:49Z,2000,1999,1,,,,,,,,,,,,,,,,,
campaign_d_binary,binary_n2000_near-ties_seed9.pcf,dpac,1,0,8703710,334,333,7130714006736581192,13920,2c83e501f034,2026-08-31T19:51:49Z,2000,1999,1,,,,,,,,,,,,,,,,,
campaign_d_binary,binary_n2000_near-ties_seed9.pcf,dpac,2,0,8582084,334,333,7130714006736581192,13920,2c83e501f034,2026-08-31T19:51:49Z,2000,1999,1,,,,,,,,,,,,,,,,,
campaign_d_binary,binary_n200_anti-correlated_seed0.pcf,dpac,0,0,259365,92,91,17829864119472814961,13920,2c83e501f034,2026-08-31T19:51:49Z,200,199,1,,,,,,,,,,,,,,,,,
campaign_d_binary,binary_n200_anti-correlated_seed0.pcf,dpac,1,0,245199,92,91,17829864119472814961,13920,2c83e501f034,2026-08-31T19:51:49Z,200,199,1,,,,,,,,,,,,,,,,,
campaign_d_binary,binary_n200_anti-correlated_seed0.pcf,dpac,2,0,238969,92,91,17829864119472814961,13920,2c83e501f034,2026-08-31T19:51:49Z,200,199,1,,,,,,,,,,,,,,,,,
campaign_d_binary,binary_n200_anti-correlated_seed1.pcf,dpac,0,0,253087,103,102,8735060684168166936,13920,2c83e501f034,2026-08-31T19:51:49Z,200,199,1,,,,,,,,,,,,,,,,,
campaign_d_binary,binary_n200_anti-correlated_seed1.pcf,dpac,1,0,248217,103,102,8735060684168166936,13920,2c83e501f034,2026-08-31T19:51:49Z,200,199,1,,,,,,,,,,,,,,,,,
campaign_d_binary,binary_n200_anti-correlated_seed1.pcf,dpac,2,0,233865,103,102,8735060684168166936,13920,2c83e501f034,2026-08-31T19:51:49Z,200,199,1,,,,,,,,,,,,,,,,,
campaign_d_binary,binary_n200_anti-correlated_seed2.pcf,dpac,0,0,252915,92,91,10692418219071322694,13920,2c83e501f034,2026-08-31T19:51:49Z,200,199,1,,,,,,,,,,,,,,,,,
campaign_d_binary,binary_n200_anti-correlated_seed2.pcf,dpac,1,0,231892,92,91,10692418219071322694,13920,2c83e501f034,2026-08-31T19:51:49Z,200,199,1,,,,,,,,,,,,,,,,,
campaign_d_binary,binary_n200_anti-correlated_seed2.pcf,dpac,2,0,235675,92,91,10692418219071322694,13920,2c83e501f034,2026-08-31T19:51:49Z,200,199,1,,,,,,,,,,,,,,,,,
campaign_d_binary,binary_n200_anti-correlated_seed3.pcf,dpac,0,0,265288,102,101,4469493765911232966,14080,2c83e501f034,2026-08-31T19:51:49Z,200,199,1,,,,,,,,,,,,,,,,,
campaign_d_binary,binary_n200_anti-correlated_seed3.pcf,dpac,1,0,233540,102,101,4469493765911232966,14080,2c83e501f034,2026-08-31T19:51:49Z,200,199,1,,,,,,,,,,,,,,,,,
campaign_d_binary,binary_n200_anti-correlated_seed3.pcf,dpac,2,0,233872,102,101,4469493765911232966,14080,2c83e501f034,2026-08-31T19:51:49Z,200,199,1,,,,,,,,,,,,,,,,,
campaign_d_binary,binary_n200_anti-correlated_seed4.pcf,dpac,0,0,257527,94,93,606165849258324923,14080,2c83e501f034,2026-08-31T19:51:49Z,200,199,1,,,,,,,,,,,,,,,,,
campaign_d_binary,binary_n200_anti-correlated_seed4.pcf,dpac,1,0,242130,94,93,606165849258324923,14080,2c83e501f034,2026-08-31T19:51:49Z,200,199,1,,,,,,,,,,,,,,,,,
campaign_d_binary,binary_n200_anti-correlated_seed4.pcf,dpac,2,0,238812,94,93,606165849258324923,14080,2c83e501f034,2026-08-31T19:51:49Z,200,199,1,,,,,,,,,,,,,,,,,
campaign_d_binary,binary_n200_anti-correlated_seed5.pcf,dpac,0,0,248840,89,88,18104671720060072837,14080,2c83e501f034,2026-08-31T19:51:49Z,200,199,1,,,,,,,,,,,,,,,,,
campaign_d_binary,binary_n200_anti-correlated_seed5.pcf,dpac,1,0,233830,89,88,18104671720060072837,14080,2c83e501f034,2026-08-31T19:51:49Z,200,199,1,,,,,,,,,,,,,,,,,
campaign_d_binary,binary_n200_anti-correlated_seed5.pcf,dpac,2,0,227113,89,88,18104671720060072837,14080,2c83e501f034,2026-08-31T19:51:49Z,200,199,1,,,,,,,,,,,,,,,,,
campaign_d_binary,binary_n200_anti-correlated_seed6.pcf,dpac,0,0,255608,99,98,757866062360113767,14080,2c83e501f034,2026-08-31T19:51:49Z,200,199,1,,,,,,,,,,,,,,,,,
campaign_d_binary,binary_n200_anti-correlated_seed6.pcf,dpac,1,0,238612,99,98,757866062360113767,14080,2c83e501f034,2026-08-31T19:51:49Z,200,199,1,,,,,,,,,,,,,,,,,
campaign_d_binary,binary_n200_anti-correlated_seed6.pcf,dpac,2,0,231603,99,98,757866062360113767,14080,2c83e501f034,2026-08-31T19:51:49Z,200,199,1,,,,,,,,,,,,,,,,,
campaign_d_binary,binary_n200_anti-correlated_seed7.pcf,dpac,0,0,271943,98,97,117942840768415194,14080,2c83e501f034,2026-08-31T19:51:49Z,200,199,1,,,,,,,,,,,,,,,,,
campaign_d_binary,binary_n200_anti-correlated_seed7.pcf,dpac,1,0,249142,98,97,117942840768415194,14080,2c83e501f034,2026-08-31T19:51:49Z,200,199,1,,,,,,,,,,,,,,,,,
campaign_d_binary,binary_n200_anti-correlated_seed7.pcf,dpac,2,0,247949,98,97,117942840768415194,14080,2c83e501f034,2026-08-31T19:51:49Z,200,199,1,,,,,,,,,,,,,,,,,
campaign_d_binary,binary_n200_anti-correlated_seed8.pcf,dpac,0,0,380228,100,99,1988872084574668743,14080,2c83e501f034,2026-08-31T19:51:49Z,200,199,1,,,,,,,,,,,,,,,,,
campaign_d_binary,binary_n200_anti-correlated_seed8.pcf,dpac,1,0,241374,100,99,1988872084574668743,14080,2c83e501f034,2026-08-31T19:51:49Z,200,199,1,,,,,,,,,,,,,,,,,
campaign_d_binary,binary_n200_anti-correlated_seed8.pcf,dpac,2,0,228248,100,99,1988872084574668743,14080,2c83e501f034,2026-08-31T19:51:49Z,200,199,1,,,,,,,,,,,,,,,,,
campaign_d_binary,binary_n200_anti-correlated_seed9.pcf,dpac,0,0,371884,106,105,12075696961275448723,14080,2c83e501f034,2026-08-31T19:51:49Z,200,199,1,,,,,,,,,,,,,,,,,
campaign_d_binary,binary_n200_anti-correlated_seed9.pcf,dpac,1,0,246236,106,105,12075696961275448723,14080,2c83e501f034,2026-08-31T19:51:49Z,200,199,1,,,,,,,,,,,,,,,,,
campaign_d_binary,binary_n200_anti-correlated_seed9.pcf,dpac,2,0,236380,106,105,12075696961275448723,14080,2c83e501f034,2026-08-31T19:51:49Z,200,199,1,,,,,,,,,,,,,,,,,
campaign_d_binary,binary_n200_correlated_seed0.pcf,dpac,0,0,258689,94,93,5476384392448602744,14080,2c83e501f034,2026-08-31T19:51:49Z,200,199,1,,,,,,,,,,,,,,,,,
campaign_d_binary,binary_n200_correlated_seed0.pcf,dpac,1,0,366118,94,93,5476384392448602744,14080,2c83e501f034,2026-08-31T19:51:49Z,200,199,1,,,,,,,,,,,,,,,,,
campaign_d_binary,binary_n200_correlated_seed0.pcf,dpac,2,0,242143,94,93,5476384392448602744,14080,2c83e501f034,2026-08-31T19:51:49Z,200,199,1,,,,,,,,,,,,,,,,,
campaign_d_binary,binary_n200_correlated_seed1.pcf,dpac,0,0,255910,102,101,560069123939721566,14080,2c83e501f034,2026-08-31T19:51:49Z,200,199,1,,,,,,,,,,,,,,,,,
campaign_d_binary,binary_n200_correlated_seed1.pcf,dpac,1,0,364973,102,101,560069123939721566,14080,2c83e501f034,2026-08-31T19:51:49Z,200,199,1,,,,,,,,,,,,,,,,,
campaign_d_binary,binary_n200_correlated_seed1.pcf,dpac,2,0,236068,102,101,560069123939721566,14080,2c83e501f034,2026-08-31T19:51:49Z,200,199,1,,,,,,,,,,,,,,,,,
campaign_d_binary,binary_n200_correlated_seed2.pcf,dpac,0,0,250554,90,89,5145255534148527340,14080,2c83e501f034,2026-08-31T19:51:49Z,200,199,1,,,,,,,,,,,,,,,,,
campaign_d_binary,binary_n200_correlated_seed2.pcf,dpac,1,0,235276,90,89,5145255534148527340,14080,2c83e501f034,2026-08-31T19:51:49Z,200,199,1,,,,,,,,,,,,,,,,,
campaign_d_binary,binary_n200_correlated_seed2.pcf,dpac,2,0,359127,90,89,5145255534148527340,14080,2c83e501f034,2026-08-31T19:51:49Z,200,199,1,,,,,,,,,,,,,,,,,
campaign_d_binary,binary_n200_correlated_seed3.pcf,dpac,0,0,262024,102,101,17792598638340341234,14080,2c83e501f034,2026-08-31T19:51:49Z,200,199,1,,,,,,,,,,,,,,,,,
campaign_d_binary,binary_n200_correlated_seed3.pcf,dpac,1,0,238149,102,101,17792598638340341234,14080,2c83e501f034,2026-08-31T19:51:49Z,200,199,1,,,,,,,,,,,,,,,,,
campaign_d_binary,binary_n200_correlated_seed3.pcf,dpac,2,0,230448,102,101,17792598638340341234,14080,2c83e501f034,2026-08-31T19:51:49Z,200,199,1,,,,,,,,,,,,,,,,,
campaign_d_binary,binary_n200_correlated_seed4.pcf,dpac,0,0,263650,103,102,3119231960113454357,14080,2c83e501f034,2026-08-31T19:51:49Z,200,199,1,,,,,,,,,,,,,,,,,
campaign_d_binary,binary_n200_correlated_seed4.pcf,dpac,1,0,244859,103,102,3119231960113454357,14080,2c83e501f034,2026-08-31T19:51:49Z,200,199,1,,,,,,,,,,,,,,,,,
campaign_d_binary,binary_n200_correlated_seed4.pcf,dpac,2,0,229031,103,102,3119231960113454357,14080,2c83e501f034,2026-08-31T19:51:49Z,200,199,1,,,,,,,,,,,,,,,,,
campaign_d_binary,binary_n200_correlated_seed5.pcf,dpac,0,0,256083,99,98,14226429030121669141,14080,2c83e501f034,2026-08-31T19:51:49Z,200,199,1,,,,,,,,,,,,,,,,,
campaign_d_binary,binary_n200_correlated_seed5.pcf,dpac,1,0,237359,99,98,14226429030121669141,14080,2c83e501f034,2026-08-31T19:51:49Z,200,199,1,,,,,,,,,,,,,,,,,
campaign_d_binary,binary_n200_correlated_seed5.pcf,dpac,2,0,236385,99,98,14226429030121669141,14080,2c83e501f034,2026-08-31T19:51:49Z,200,199,1,,,,,,,,,,,,,,,,,
campaign_d_binary,binary_n200_correlated_seed6.pcf,dpac,0,0,254089,103,102,17439746681387784505,14080,2c83e501f034,2026-08-31T19:51:49Z,200,199,1,,,,,,,,,,,,,,,,,
campaign_d_binary,binary_n200_correlated_seed6.pcf,dpac,1,0,236113,103,102,17439746681387784505,14080,2c83e501f034,2026-08-31T19:51:49Z,200,199,1,,,,,,,,,,,,,,,,,
campaign_d_binary,binary_n200_correlated_seed6.pcf,dpac,2,0,233144,103,102,17439746681387784505,14080,2c83e501f034,2026-08-31T19:51:49Z,200,199,1,,,,,,,,,,,,,,,,,
campaign_d_binary,binary_n200_correlated_seed7.pcf,dpac,0,0,384435,97,96,5706383767523261894,14080,2c83e501f034,2026-08-31T19:51:49Z,200,199,1,,,,,,,,,,,,,,,,,
campaign_d_binary,binary_n200_correlated_seed7.pcf,dpac,1,0,242305,97,96,5706383767523261894,14080,2c83e501f034,2026-08-31T19:51:49Z,200,199,1,,,,,,,,,,,,,,,,,
campaign_d_binary,binary_n200_correlated_seed7.pcf,dpac,2,0,230720,97,96,5706383767523261894,14080,2c83e501f034,2026-08-31T19:51:49Z,200,199,1,,,,,,,,,,,,,,,,,
campaign_d_binary,binary_n200_correlated_seed8.pcf,dpac,0,0,386725,96,95,6768211249202115069,14080,2c83e501f034,2026-08-31T19:51:49Z,200,199,1,,,,,,,,,,,,,,,,,
campaign_d_binary,binary_n200_correlated_seed8.pcf,dpac,1,0,229583,96,95,6768211249202115069,14080,2c83e501f034,2026-08-31T19:51:49Z,200,199,1,,,,,,,,,,,,,,,,,
campaign_d_binary,binary_n200_correlated_seed8.pcf,dpac,2,0,231931,96,95,6768211249202115069,14080,2c83e501f034,2026-08-31T19:51:49Z,200,199,1,,,,,,,,,,,,,,,,,
campaign_d_binary,binary_n200_correlated_seed9.pcf,dpac,0,0,258528,101,100,14883617021933926367,14080,2c83e501f034,2026-08-31T19:51:49Z,200,199,1,,,,,,,,,,,,,,,,,
campaign_d_binary,binary_n200_correlated_seed9.pcf,dpac,1,0,344837,101,100,14883617021933926367,14080,2c83e501f034,2026-08-31T19:51:49Z,200,199,1,,,,,,,,,,,,,,,,,
campaign_d_binary,binary_n200_correlated_seed9.pcf,dpac,2,0,237684,101,100,14883617021933926367,14080,2c83e501f034,2026-08-31T19:51:49Z,200,199,1,,,,,,,,,,,,,,,,,
campaign_d_binary,binary_n200_exact-ties_seed0.pcf,dpac,0,0,195444,49,48,14287777294422722193,14080,2c83e501f034,2026-08-31T19:51:49Z,200,199,1,,,,,,,,,,,,,,,,,
campaign_d_binary,binary_n200_exact-ties_seed0.pcf,dpac,1,0,172935,49,48,14287777294422722193,14080,2c83e501f034,2026-08-31T19:51:49Z,200,199,1,,,,,,,,,,,,,,,,,
campaign_d_binary,binary_n200_exact-ties_seed0.pcf,dpac,2,0,287878,49,48,14287777294422722193,14080,2c83e501f034,2026-08-31T19:51:49Z,200,199,1,,,,,,,,,,,,,,,,,
campaign_d_binary,binary_n200_exact-ties_seed1.pcf,dpac,0,0,197409,39,38,2313689208248116849,14080,2c83e501f034,2026-08-31T19:51:49Z,200,199,1,,,,,,,,,,,,,,,,,
campaign_d_binary,binary_n200_exact-ties_seed1.pcf,dpac,1,0,185178,39,38,2313689208248116849,14080,2c83e501f034,2026-08-31T19:51:49Z,200,199,1,,,,,,,,,,,,,,,,,
campaign_d_binary,binary_n200_exact-ties_seed1.pcf,dpac,2,0,171903,39,38,2313689208248116849,14080,2c83e501f034,2026-08-31T19:51:49Z,200,199,1,,,,,,,,,,,,,,,,,
campaign_d_binary,binary_n200_exact-ties_seed2.pcf,dpac,0,0,206222,46,45,2324747230316414148,14240,2c83e501f034,2026-08-31T19:51:49Z,200,199,1,,,,,,,,,,,,,,,,,
campaign_d_binary,binary_n200_exact-ties_seed2.pcf,dpac,1,0,190884,46,45,2324747230316414148,14240,2c83e501f034,2026-08-31T19:51:49Z,200,199,1,,,,,,,,,,,,,,,,,
campaign_d_binary,binary_n200_exact-ties_seed2.pcf,dpac,2,0,189661,46,45,2324747230316414148,14240,2c83e501f034,2026-08-31T19:51:49Z,200,199,1,,,,,,,,,,,,,,,,,
campaign_d_binary,binary_n200_exact-ties_seed3.pcf,dpac,0,0,311883,48,47,15573292360252138340,14240,2c83e501f034,2026-08-31T19:51:49Z,200,199,1,,,,,,,,,,,,,,,,,
campaign_d_binary,binary_n200_exact-ties_seed3.pcf,dpac,1,0,186683,48,47,15573292360252138340,14240,2c83e501f034,2026-08-31T19:51:49Z,200,199,1,,,,,,,,,,,,,,,,,
campaign_d_binary,binary_n200_exact-ties_seed3.pcf,dpac,2,0,172466,48,47,15573292360252138340,14240,2c83e501f034,2026-08-31T19:51:49Z,200,199,1,,,,,,,,,,,,,,,,,
campaign_d_binary,binary_n200_exact-ties_seed4.pcf,dpac,0,0,213544,40,39,17780413607710940316,14240,2c83e501f034,2026-08-31T19:51:49Z,200,199,1,,,,,,,,,,,,,,,,,
campaign_d_binary,binary_n200_exact-ties_seed4.pcf,dpac,1,0,195068,40,39,17780413607710940316,14240,2c83e501f034,2026-08-31T19:51:49Z,200,199,1,,,,,,,,,,,,,,,,,
campaign_d_binary,binary_n200_exact-ties_seed4.pcf,dpac,2,0,303068,40,39,17780413607710940316,14240,2c83e501f034,2026-08-31T19:51:49Z,200,199,1,,,,,,,,,,,,,,,,,
campaign_d_binary,binary_n200_exact-ties_seed5.pcf,dpac,0,0,186383,43,42,7695958019521288596,14240,2c83e501f034,2026-08-31T19:51:49Z,200,199,1,,,,,,,,,,,,,,,,,
campaign_d_binary,binary_n200_exact-ties_seed5.pcf,dpac,1,0,172244,43,42,7695958019521288596,14240,2c83e501f034,2026-08-31T19:51:49Z,200,199,1,,,,,,,,,,,,,,,,,
campaign_d_binary,binary_n200_exact-ties_seed5.pcf,dpac,2,0,159861,43,42,7695958019521288596,14240,2c83e501f034,2026-08-31T19:51:49Z,200,199,1,,,,,,,,,,,,,,,,,
campaign_d_binary,binary_n200_exact-ties_seed6.pcf,dpac,0,0,184991,45,44,10539060750279325236,14240,2c83e501f034,2026-08-31T19:51:49Z,200,199,1,,,,,,,,,,,,,,,,,
campaign_d_binary,binary_n200_exact-ties_seed6.pcf,dpac,1,0,175802,45,44,10539060750279325236,14240,2c83e501f034,2026-08-31T19:51:49Z,200,199,1,,,,,,,,,,,,,,,,,
campaign_d_binary,binary_n200_exact-ties_seed6.pcf,dpac,2,0,170107,45,44,10539060750279325236,14240,2c83e501f034,2026-08-31T19:51:49Z,200,199,1,,,,,,,,,,,,,,,,,
campaign_d_binary,binary_n200_exact-ties_seed7.pcf,dpac,0,0,203474,38,37,12316962692247388636,14240,2c83e501f034,2026-08-31T19:51:49Z,200,199,1,,,,,,,,,,,,,,,,,
campaign_d_binary,binary_n200_exact-ties_seed7.pcf,dpac,1,0,291910,38,37,12316962692247388636,14240,2c83e501f034,2026-08-31T19:51:49Z,200,199,1,,,,,,,,,,,,,,,,,
campaign_d_binary,binary_n200_exact-ties_seed7.pcf,dpac,2,0,182556,38,37,12316962692247388636,14240,2c83e501f034,2026-08-31T19:51:49Z,200,199,1,,,,,,,,,,,,,,,,,
campaign_d_binary,binary_n200_exact-ties_seed8.pcf,dpac,0,0,196064,44,43,3555795061371600907,14240,2c83e501f034,2026-08-31T19:51:49Z,200,199,1,,,,,,,,,,,,,,,,,
campaign_d_binary,binary_n200_exact-ties_seed8.pcf,dpac,1,0,185658,44,43,3555795061371600907,14240,2c83e501f034,2026-08-31T19:51:49Z,200,199,1,,,,,,,,,,,,,,,,,
campaign_d_binary,binary_n200_exact-ties_seed8.pcf,dpac,2,0,170980,44,43,3555795061371600907,14240,2c83e501f034,2026-08-31T19:51:49Z,200,199,1,,,,,,,,,,,,,,,,,
campaign_d_binary,binary_n200_exact-ties_seed9.pcf,dpac,0,0,199426,43,42,12987145641203276544,14240,2c83e501f034,2026-08-31T19:51:49Z,200,199,1,,,,,,,,,,,,,,,,,
campaign_d_binary,binary_n200_exact-ties_seed9.pcf,dpac,1,0,175235,43,42,12987145641203276544,14240,2c83e501f034,2026-08-31T19:51:49Z,200,199,1,,,,,,,,,,,,,,,,,
campaign_d_binary,binary_n200_exact-ties_seed9.pcf,dpac,2,0,174320,43,42,12987145641203276544,14240,2c83e501f034,2026-08-31T19:51:49Z,200,199,1,,,,,,,,,,,,,,,,,
campaign_d_binary,binary_n200_independent-positive_seed0.pcf,dpac,0,0,268245,109,108,5856140921335812405,14240,2c83e501f034,2026-08-31T19:51:49Z,200,199,1,,,,,,,,,,,,,,,,,
campaign_d_binary,binary_n200_independent-positive_seed0.pcf,dpac,1,0,245109,109,108,5856140921335812405,14240,2c83e501f034,2026-08-31T19:51:49Z,200,199,1,,,,,,,,,,,,,,,,,
campaign_d_binary,binary_n200_independent-positive_seed0.pcf,dpac,2,0,233814,109,108,5856140921335812405,14240,2c83e501f034,2026-08-31T19:51:49Z,200,199,1,,,,,,,,,,,,,,,,,
campaign_d_binary,binary_n200_independent-positive_seed1.pcf,dpac,0,0,253975,103,102,12263901563152419076,14240,2c83e501f034,2026-08-31T19:51:49Z,200,199,1,,,,,,,,,,,,,,,,,
campaign_d_binary,binary_n200_independent-positive_seed1.pcf,dpac,1,0,235623,103,102,12263901563152419076,14240,2c83e501f034,2026-08-31T19:51:49Z,200,199,1,,,,,,,,,,,,,,,,,
campaign_d_binary,binary_n200_independent-positive_seed1.pcf,dpac,2,0,232400,103,102,12263901563152419076,14240,2c83e501f034,2026-08-31T19:51:49Z,200,199,1,,,,,,,,,,,,,,,,,
campaign_d_binary,binary_n200_independent-positive_seed2.pcf,dpac,0,0,260498,107,106,15990737001190332396,14240,2c83e501f034,2026-08-31T19:51:49Z,200,199,1,,,,,,,,,,,,,,,,,
campaign_d_binary,binary_n200_independent-positive_seed2.pcf,dpac,1,0,239841,107,106,15990737001190332396,14240,2c83e501f034,2026-08-31T19:51:49Z,200,199,1,,,,,,,,,,,,,,,,,
campaign_d_binary,binary_n200_independent-positive_seed2.pcf,dpac,2,0,236900,107,106,15990737001190332396,14240,2c83e501f034,2026-08-31T19:51:49Z,200,199,1,,,,,,,,,,,,,,,,,
campaign_d_binary,binary_n200_independent-positive_seed3.pcf,dpac,0,0,260746,102,101,17751148854826406878,14240,2c83e501f034,2026-08-31T19:51:49Z,200,199,1,,,,,,,,,,,,,,,,,
campaign_d_binary,binary_n200_independent-positive_seed3.pcf,dpac,1,0,242140,102,101,17751148854826406878,14240,2c83e501f034,2026-08-31T19:51:49Z,200,199,1,,,,,,,,,,,,,,,,,
campaign_d_binary,binary_n200_independent-positive_seed3.pcf,dpac,2,0,237066,102,101,17751148854826406878,14240,2c83e501f034,2026-08-31T19:51:49Z,200,199,1,,,,,,,,,,,,,,,,,
campaign_d_binary,binary_n200_independent-positive_seed4.pcf,dpac,0,0,255782,88,87,6209522679481025219,14240,2c83e501f034,2026-08-31T19:51:49Z,200,199,1,,,,,,,,,,,,,,,,,
campaign_d_binary,binary_n200_independent-positive_seed4.pcf,dpac,1,0,375294,88,87,6209522679481025219,14240,2c83e501f034,2026-08-31T19:51:49Z,200,199,1,,,,,,,,,,,,,,,,,
campaign_d_binary,binary_n200_independent-positive_seed4.pcf,dpac,2,0,233036,88,87,6209522679481025219,14240,2c83e501f034,2026-08-31T19:51:49Z,200,199,1,,,,,,,,,,,,,,,,,
campaign_d_binary,binary_n200_independent-positive_seed5.pcf,dpac,0,0,258241,106,105,4853085220247110709,14240,2c83e501f034,2026-08-31T19:51:49Z,200,199,1,,,,,,,,,,,,,,,,,
campaign_d_binary,binary_n200_independent-positive_seed5.pcf,dpac,1,0,260018,106,105,4853085220247110709,14240,2c83e501f034,2026-08-31T19:51:49Z,200,199,1,,,,,,,,,,,,,,,,,
campaign_d_binary,binary_n200_independent-positive_seed5.pcf,dpac,2,0,233971,106,105,4853085220247110709,14240,2c83e501f034,2026-08-31T19:51:49Z,200,199,1,,,,,,,,,,,,,,,,,
campaign_d_binary,binary_n200_independent-positive_seed6.pcf,dpac,0,0,254811,90,89,13399214932016909220,14240,2c83e501f034,2026-08-31T19:51:49Z,200,199,1,,,,,,,,,,,,,,,,,
campaign_d_binary,binary_n200_independent-positive_seed6.pcf,dpac,1,0,241237,90,89,13399214932016909220,14240,2c83e501f034,2026-08-31T19:51:49Z,200,199,1,,,,,,,,,,,,,,,,,
campaign_d_binary,binary_n200_independent-positive_seed6.pcf,dpac,2,0,242664,90,89,13399214932016909220,14240,2c83e501f034,2026-08-31T19:51:49Z,200,199,1,,,,,,,,,,,,,,,,,
campaign_d_binary,binary_n200_independent-positive_seed7.pcf,dpac,0,0,256825,94,93,16709159310911550847,14240,2c83e501f034,2026-08-31T19:51:49Z,200,199,1,,,,,,,,,,,,,,,,,
campaign_d_binary,binary_n200_independent-positive_seed7.pcf,dpac,1,0,237754,94,93,16709159310911550847,14240,2c83e501f034,2026-08-31T19:51:49Z,200,199,1,,,,,,,,,,,,,,,,,
campaign_d_binary,binary_n200_independent-positive_seed7.pcf,dpac,2,0,232165,94,93,16709159310911550847,14240,2c83e501f034,2026-08-31T19:51:49Z,200,199,1,,,,,,,,,,,,,,,,,
campaign_d_binary,binary_n200_independent-positive_seed8.pcf,dpac,0,0,261516,99,98,7752679016546232357,14240,2c83e501f034,2026-08-31T19:51:49Z,200,199,1,,,,,,,,,,,,,,,,,
campaign_d_binary,binary_n200_independent-positive_seed8.pcf,dpac,1,0,369583,99,98,7752679016546232357,14240,2c83e501f034,2026-08-31T19:51:49Z,200,199,1,,,,,,,,,,,,,,,,,
campaign_d_binary,binary_n200_independent-positive_seed8.pcf,dpac,2,0,234910,99,98,7752679016546232357,14240,2c83e501f034,2026-08-31T19:51:49Z,200,199,1,,,,,,,,,,,,,,,,,
campaign_d_binary,binary_n200_independent-positive_seed9.pcf,dpac,0,0,255660,106,105,5601765892245986982,14240,2c83e501f034,2026-08-31T19:51:49Z,200,199,1,,,,,,,,,,,,,,,,,
campaign_d_binary,binary_n200_independent-positive_seed9.pcf,dpac,1,0,237167,106,105,5601765892245986982,14240,2c83e501f034,2026-08-31T19:51:49Z,200,199,1,,,,,,,,,,,,,,,,,
campaign_d_binary,binary_n200_independent-positive_seed9.pcf,dpac,2,0,236312,106,105,5601765892245986982,14240,2c83e501f034,2026-08-31T19:51:49Z,200,199,1,,,,,,,,,,,,,,,,,
campaign_d_binary,binary_n200_independent-signed_seed0.pcf,dpac,0,0,257009,94,93,2855778003647137096,14240,2c83e501f034,2026-08-31T19:51:49Z,200,199,1,,,,,,,,,,,,,,,,,
campaign_d_binary,binary_n200_independent-signed_seed0.pcf,dpac,1,0,231697,94,93,2855778003647137096,14240,2c83e501f034,2026-08-31T19:51:49Z,200,199,1,,,,,,,,,,,,,,,,,
campaign_d_binary,binary_n200_independent-signed_seed0.pcf,dpac,2,0,232533,94,93,2855778003647137096,14240,2c83e501f034,2026-08-31T19:51:49Z,200,199,1,,,,,,,,,,,,,,,,,
campaign_d_binary,binary_n200_independent-signed_seed1.pcf,dpac,0,0,252109,101,100,745643532826119224,14400,2c83e501f034,2026-08-31T19:51:49Z,200,199,1,,,,,,,,,,,,,,,,,
campaign_d_binary,binary_n200_independent-signed_seed1.pcf,dpac,1,0,237087,101,100,745643532826119224,14400,2c83e501f034,2026-08-31T19:51:49Z,200,199,1,,,,,,,,,,,,,,,,,
campaign_d_binary,binary_n200_independent-signed_seed1.pcf,dpac,2,0,239137,101,100,745643532826119224,14400,2c83e501f034,2026-08-31T19:51:49Z,200,199,1,,,,,,,,,,,,,,,,,
campaign_d_binary,binary_n200_independent-signed_seed2.pcf,dpac,0,0,380705,102,101,3323981363212641698,14400,2c83e501f034,2026-08-31T19:51:49Z,200,199,1,,,,,,,,,,,,,,,,,
campaign_d_binary,binary_n200_independent-signed_seed2.pcf,dpac,1,0,235874,102,101,3323981363212641698,14400,2c83e501f034,2026-08-31T19:51:49Z,200,199,1,,,,,,,,,,,,,,,,,
campaign_d_binary,binary_n200_independent-signed_seed2.pcf,dpac,2,0,230190,102,101,3323981363212641698,14400,2c83e501f034,2026-08-31T19:51:49Z,200,199,1,,,,,,,,,,,,,,,,,
campaign_d_binary,binary_n200_independent-signed_seed3.pcf,dpac,0,0,253429,96,95,2420890296832153469,14400,2c83e501f034,2026-08-31T19:51:49Z,200,199,1,,,,,,,,,,,,,,,,,
campaign_d_binary,binary_n200_independent-signed_seed3.pcf,dpac,1,0,244981,96,95,2420890296832153469,14400,2c83e501f034,2026-08-31T19:51:49Z,200,199,1,,,,,,,,,,,,,,,,,
campaign_d_binary,binary_n200_independent-signed_seed3.pcf,dpac,2,0,234950,96,95,2420890296832153469,14400,2c83e501f034,2026-08-31T19:51:49Z,200,199,1,,,,,,,,,,,,,,,,,
campaign_d_binary,binary_n200_independent-signed_seed4.pcf,dpac,0,0,255952,101,100,11727968339495150611,14400,2c83e501f034,2026-08-31T19:51:49Z,200,199,1,,,,,,,,,,,,,,,,,
campaign_d_binary,binary_n200_independent-signed_seed4.pcf,dpac,1,0,238826,101,100,11727968339495150611,14400,2c83e501f034,2026-08-31T19:51:49Z,200,199,1,,,,,,,,,,,,,,,,,
campaign_d_binary,binary_n200_independent-signed_seed4.pcf,dpac,2,0,240392,101,100,11727968339495150611,14400,2c83e501f034,2026-08-31T19:51:49Z,200,199,1,,,,,,,,,,,,,,,,,
campaign_d_binary,binary_n200_independent-signed_seed5.pcf,dpac,0,0,258383,108,107,2792226982035856522,14400,2c83e501f034,2026-08-31T19:51:49Z,200,199,1,,,,,,,,,,,,,,,,,
campaign_d_binary,binary_n200_independent-signed_seed5.pcf,dpac,1,0,242229,108,107,2792226982035856522,14400,2c83e501f034,2026-08-31T19:51:49Z,200,199,1,,,,,,,,,,,,,,,,,
campaign_d_binary,binary_n200_independent-signed_seed5.pcf,dpac,2,0,236437,108,107,2792226982035856522,14400,2c83e501f034,2026-08-31T19:51:49Z,200,199,1,,,,,,,,,,,,,,,,,
campaign_d_binary,binary_n200_independent-signed_seed6.pcf,dpac,0,0,252133,101,100,12511171155601629827,14400,2c83e501f034,2026-08-31T19:51:49Z,200,199,1,,,,,,,,,,,,,,,,,
campaign_d_binary,binary_n200_independent-signed_seed6.pcf,dpac,1,0,238089,101,100,12511171155601629827,14400,2c83e501f034,2026-08-31T19:51:49Z,200,199,1,,,,,,,,,,,,,,,,,
campaign_d_binary,binary_n200_independent-signed_seed6.pcf,dpac,2,0,229633,101,100,12511171155601629827,14400,2c83e501f034,2026-08-31T19:51:49Z,200,199,1,,,,,,,,,,,,,,,,,
campaign_d_binary,binary_n200_independent-signed_seed7.pcf,dpac,0,0,260829,102,101,7004697977198160775,14400,2c83e501f034,2026-08-31T19:51:49Z,200,199,1,,,,,,,,,,,,,,,,,
campaign_d_binary,binary_n200_independent-signed_seed7.pcf,dpac,1,0,241934,102,101,7004697977198160775,14400,2c83e501f034,2026-08-31T19:51:49Z,200,199,1,,,,,,,,,,,,,,,,,
campaign_d_binary,binary_n200_independent-signed_seed7.pcf,dpac,2,0,241883,102,101,7004697977198160775,14400,2c83e501f034,2026-08-31T19:51:49Z,200,199,1,,,,,,,,,,,,,,,,,
campaign_d_binary,binary_n200_independent-signed_seed8.pcf,dpac,0,0,254792,109,108,8817376165075452892,14400,2c83e501f034,2026-08-31T19:51:49Z,200,199,1,,,,,,,,,,,,,,,,,
campaign_d_binary,binary_n200_independent-signed_seed8.pcf,dpac,1,0,232062,109,108,8817376165075452892,14400,2c83e501f034,2026-08-31T19:51:49Z,200,199,1,,,,,,,,,,,,,,,,,
campaign_d_binary,binary_n200_independent-signed_seed8.pcf,dpac,2,0,232708,109,108,8817376165075452892,14400,2c83e501f034,2026-08-31T19:51:49Z,200,199,1,,,,,,,,,,,,,,,,,
campaign_d_binary,binary_n200_independent-signed_seed9.pcf,dpac,0,0,253103,96,95,12918252209122199521,14400,2c83e501f034,2026-08-31T19:51:49Z,200,199,1,,,,,,,,,,,,,,,,,
campaign_d_binary,binary_n200_independent-signed_seed9.pcf,dpac,1,0,239763,96,95,12918252209122199521,14400,2c83e501f034,2026-08-31T19:51:49Z,200,199,1,,,,,,,,,,,,,,,,,
campaign_d_binary,binary_n200_independent-signed_seed9.pcf,dpac,2,0,234561,96,95,12918252209122199521,14400,2c83e501f034,2026-08-31T19:51:49Z,200,199,1,,,,,,,,,,,,,,,,,
campaign_d_binary,binary_n200_near-ties_seed0.pcf,dpac,0,0,240433,70,69,5883290887493825804,14400,2c83e501f034,2026-08-31T19:51:49Z,200,199,1,,,,,,,,,,,,,,,,,
campaign_d_binary,binary_n200_near-ties_seed0.pcf,dpac,1,0,218625,70,69,5883290887493825804,14400,2c83e501f034,2026-08-31T19:51:49Z,200,199,1,,,,,,,,,,,,,,,,,
campaign_d_binary,binary_n200_near-ties_seed0.pcf,dpac,2,0,216447,70,69,5883290887493825804,14400,2c83e501f034,2026-08-31T19:51:49Z,200,199,1,,,,,,,,,,,,,,,,,
campaign_d_binary,binary_n200_near-ties_seed1.pcf,dpac,0,0,242980,81,80,16835438957806719473,14400,2c83e501f034,2026-08-31T19:51:49Z,200,199,1,,,,,,,,,,,,,,,,,
campaign_d_binary,binary_n200_near-ties_seed1.pcf,dpac,1,0,231319,81,80,16835438957806719473,14400,2c83e501f034,2026-08-31T19:51:49Z,200,199,1,,,,,,,,,,,,,,,,,
campaign_d_binary,binary_n200_near-ties_seed1.pcf,dpac,2,0,212072,81,80,16835438957806719473,14400,2c83e501f034,2026-08-31T19:51:49Z,200,199,1,,,,,,,,,,,,,,,,,
campaign_d_binary,binary_n200_near-ties_seed2.pcf,dpac,0,0,239911,84,83,14590064377472867126,14400,2c83e501f034,2026-08-31T19:51:49Z,200,199,1,,,,,,,,,,,,,,,,,
campaign_d_binary,binary_n200_near-ties_seed2.pcf,dpac,1,0,216371,84,83,14590064377472867126,14400,2c83e501f034,2026-08-31T19:51:49Z,200,199,1,,,,,,,,,,,,,,,,,
campaign_d_binary,binary_n200_near-ties_seed2.pcf,dpac,2,0,216544,84,83,14590064377472867126,14400,2c83e501f034,2026-08-31T19:51:49Z,200,199,1,,,,,,,,,,,,,,,,,
campaign_d_binary,binary_n200_near-ties_seed3.pcf,dpac,0,0,232449,67,66,13006986846796516576,14400,2c83e501f034,2026-08-31T19:51:49Z,200,199,1,,,,,,,,,,,,,,,,,
campaign_d_binary,binary_n200_near-ties_seed3.pcf,dpac,1,0,216272,67,66,13006986846796516576,14400,2c83e501f034,2026-08-31T19:51:49Z,200,199,1,,,,,,,,,,,,,,,,,
campaign_d_binary,binary_n200_near-ties_seed3.pcf,dpac,2,0,216945,67,66,13006986846796516576,14400,2c83e501f034,2026-08-31T19:51:49Z,200,199,1,,,,,,,,,,,,,,,,,
campaign_d_binary,binary_n200_near-ties_seed4.pcf,dpac,0,0,225399,72,71,4916132297747144744,14400,2c83e501f034,2026-08-31T19:51:49Z,200,199,1,,,,,,,,,,,,,,,,,
campaign_d_binary,binary_n200_near-ties_seed4.pcf,dpac,1,0,208785,72,71,4916132297747144744,14400,2c83e501f034,2026-08-31T19:51:49Z,200,199,1,,,,,,,,,,,,,,,,,
campaign_d_binary,binary_n200_near-ties_seed4.pcf,dpac,2,0,193929,72,71,4916132297747144744,14400,2c83e501f034,2026-08-31T19:51:49Z,200,199,1,,,,,,,,,,,,,,,,,
campaign_d_binary,binary_n200_near-ties_seed5.pcf,dpac,0,0,238991,83,82,8888938120075840471,14400,2c83e501f034,2026-08-31T19:51:49Z,200,199,1,,,,,,,,,,,,,,,,,
campaign_d_binary,binary_n200_near-ties_seed5.pcf,dpac,1,0,323285,83,82,8888938120075840471,14400,2c83e501f034,2026-08-31T19:51:49Z,200,199,1,,,,,,,,,,,,,,,,,
campaign_d_binary,binary_n200_near-ties_seed5.pcf,dpac,2,0,217384,83,82,8888938120075840471,14400,2c83e501f034,2026-08-31T19:51:49Z,200,199,1,,,,,,,,,,,,,,,,,
campaign_d_binary,binary_n200_near-ties_seed6.pcf,dpac,0,0,239140,80,79,11992774290557842609,14400,2c83e501f034,2026-08-31T19:51:49Z,200,199,1,,,,,,,,,,,,,,,,,
campaign_d_binary,binary_n200_near-ties_seed6.pcf,dpac,1,0,226499,80,79,11992774290557842609,14400,2c83e501f034,2026-08-31T19:51:49Z,200,199,1,,,,,,,,,,,,,,,,,
campaign_d_binary,binary_n200_near-ties_seed6.pcf,dpac,2,0,219337,80,79,11992774290557842609,14400,2c83e501f034,2026-08-31T19:51:49Z,200,199,1,,,,,,,,,,,,,,,,,
campaign_d_binary,binary_n200_near-ties_seed7.pcf,dpac,0,0,228674,82,81,9859776574908016559,14400,2c83e501f034,2026-08-31T19:51:49Z,200,199,1,,,,,,,,,,,,,,,,,
campaign_d_binary,binary_n200_near-ties_seed7.pcf,dpac,1,0,217330,82,81,9859776574908016559,14400,2c83e501f034,2026-08-31T19:51:49Z,200,199,1,,,,,,,,,,,,,,,,,
campaign_d_binary,binary_n200_near-ties_seed7.pcf,dpac,2,0,210356,82,81,9859776574908016559,14400,2c83e501f034,2026-08-31T19:51:49Z,200,199,1,,,,,,,,,,,,,,,,,
campaign_d_binary,binary_n200_near-ties_seed8.pcf,dpac,0,0,239125,75,74,7215686672197960458,14400,2c83e501f034,2026-08-31T19:51:49Z,200,199,1,,,,,,,,,,,,,,,,,
campaign_d_binary,binary_n200_near-ties_seed8.pcf,dpac,1,0,223042,75,74,7215686672197960458,14400,2c83e501f034,2026-08-31T19:51:49Z,200,199,1,,,,,,,,,,,,,,,,,
campaign_d_binary,binary_n200_near-ties_seed8.pcf,dpac,2,0,228030,75,74,7215686672197960458,14400,2c83e501f034,2026-08-31T19:51:49Z,200,199,1,,,,,,,,,,,,,,,,,
campaign_d_binary,binary_n200_near-ties_seed9.pcf,dpac,0,0,231152,80,79,2237714712751111216,14400,2c83e501f034,2026-08-31T19:51:49Z,200,199,1,,,,,,,,,,,,,,,,,
campaign_d_binary,binary_n200_near-ties_seed9.pcf,dpac,1,0,218547,80,79,2237714712751111216,14400,2c83e501f034,2026-08-31T19:51:49Z,200,199,1,,,,,,,,,,,,,,,,,
campaign_d_binary,binary_n200_near-ties_seed9.pcf,dpac,2,0,203653,80,79,2237714712751111216,14400,2c83e501f034,2026-08-31T19:51:49Z,200,199,1,,,,,,,,,,,,,,,,,
campaign_d_binary,binary_n500_anti-correlated_seed0.pcf,dpac,0,0,1004304,230,229,2279034384064177880,14560,2c83e501f034,2026-08-31T19:51:49Z,500,499,1,,,,,,,,,,,,,,,,,
campaign_d_binary,binary_n500_anti-correlated_seed0.pcf,dpac,1,0,987864,230,229,2279034384064177880,14560,2c83e501f034,2026-08-31T19:51:49Z,500,499,1,,,,,,,,,,,,,,,,,
campaign_d_binary,binary_n500_anti-correlated_seed0.pcf,dpac,2,0,1054068,230,229,2279034384064177880,14560,2c83e501f034,2026-08-31T19:51:49Z,500,499,1,,,,,,,,,,,,,,,,,
campaign_d_binary,binary_n500_anti-correlated_seed1.pcf,dpac,0,0,1012120,249,248,11177712449878990304,14560,2c83e501f034,2026-08-31T19:51:49Z,500,499,1,,,,,,,,,,,,,,,,,
campaign_d_binary,binary_n500_anti-correlated_seed1.pcf,dpac,1,0,996124,249,248,11177712449878990304,14560,2c83e501f034,2026-08-31T19:51:49Z,500,499,1,,,,,,,,,,,,,,,,,
campaign_d_binary,binary_n500_anti-correlated_seed1.pcf,dpac,2,0,995453,249,248,11177712449878990304,14560,2c83e501f034,2026-08-31T19:51:49Z,500,499,1,,,,,,,,,,,,,,,,,
campaign_d_binary,binary_n500_anti-correlated_seed2.pcf,dpac,0,0,1010811,268,267,16040904553727677390,14560,2c83e501f034,2026-08-31T19:51:49Z,500,499,1,,,,,,,,,,,,,,,,,
campaign_d_binary,binary_n500_anti-correlated_seed2.pcf,dpac,1,0,1073306,268,267,16040904553727677390,14560,2c83e501f034,2026-08-31T19:51:49Z,500,499,1,,,,,,,,,,,,,,,,,
campaign_d_binary,binary_n500_anti-correlated_seed2.pcf,dpac,2,0,981412,268,267,16040904553727677390,14560,2c83e501f034,2026-08-31T19:51:49Z,500,499,1,,,,,,,,,,,,,,,,,
campaign_d_binary,binary_n500_anti-correlated_seed3.pcf,dpac,0,0,1007352,248,247,18347391325412659913,14560,2c83e501f034,2026-08-31T19:51:49Z,500,499,1,,,,,,,,,,,,,,,,,
campaign_d_binary,binary_n500_anti-correlated_seed3.pcf,dpac,1,0,1090382,248,247,18347391325412659913,14560,2c83e501f034,2026-08-31T19:51:49Z,500,499,1,,,,,,,,,,,,,,,,,
campaign_d_binary,binary_n500_anti-correlated_seed3.pcf,dpac,2,0,1050057,248,247,18347391325412659913,14560,2c83e501f034,2026-08-31T19:51:49Z,500,499,1,,,,,,,,,,,,,,,,,
campaign_d_binary,binary_n500_anti-correlated_seed4.pcf,dpac,0,0,1027617,238,237,2310281149985783284,14560,2c83e501f034,2026-08-31T19:51:49Z,500,499,1,,,,,,,,,,,,,,,,,
campaign_d_binary,binary_n500_anti-correlated_seed4.pcf,dpac,1,0,1107959,238,237,2310281149985783284,14560,2c83e501f034,2026-08-31T19:51:49Z,500,499,1,,,,,,,,,,,,,,,,,
campaign_d_binary,binary_n500_anti-correlated_seed4.pcf,dpac,2,0,993634,238,237,2310281149985783284,14560,2c83e501f034,2026-08-31T19:51:49Z,500,499,1,,,,,,,,,,,,,,,,,
campaign_d_binary,binary_n500_anti-correlated_seed5.pcf,dpac,0,0,1000552,237,236,467476950857515604,14560,2c83e501f034,2026-08-31T19:51:49Z,500,499,1,,,,,,,,,,,,,,,,,
campaign_d_binary,binary_n500_anti-correlated_seed5.pcf,dpac,1,0,1106558,237,236,467476950857515604,14560,2c83e501f034,2026-08-31T19:51:49Z,500,499,1,,,,,,,,,,,,,,,,,
campaign_d_binary,binary_n500_anti-correlated_seed5.pcf,dpac,2,0,1023264,237,236,467476950857515604,14560,2c83e501f034,2026-08-31T19:51:49Z,500,499,1,,,,,,,,,,,,,,,,,
campaign_d_binary,binary_n500_anti-correlated_seed6.pcf,dpac,0,0,1162587,259,258,14607338331623488546,14560,2c83e501f034,2026-08-31T19:51:49Z,500,499,1,,,,,,,,,,,,,,,,,
campaign_d_binary,binary_n500_anti-correlated_seed6.pcf,dpac,1,0,1019853,259,258,14607338331623488546,14560,2c83e501f034,2026-08-31T19:51:49Z,500,499,1,,,,,,,,,,,,,,,,,
campaign_d_binary,binary_n500_anti-correlated_seed6.pcf,dpac,2,0,1010713,259,258,14607338331623488546,14560,2c83e501f034,2026-08-31T19:51:49Z,500,499,1,,,,,,,,,,,,,,,,,
campaign_d_binary,binary_n500_anti-correlated_seed7.pcf,dpac,0,0,1021086,250,249,12314239014080588780,14560,2c83e501f034,2026-08-31T19:51:49Z,500,499,1,,,,,,,,,,,,,,,,,
campaign_d_binary,binary_n500_anti-correlated_seed7.pcf,dpac,1,0,1116957,250,249,12314239014080588780,14560,2c83e501f034,2026-08-31T19:51:49Z,500,499,1,,,,,,,,,,,,,,,,,
campaign_d_binary,binary_n500_anti-correlated_seed7.pcf,dpac,2,0,1040062,250,249,12314239014080588780,14560,2c83e501f034,2026-08-31T19:51:49Z,500,499,1,,,,,,,,,,,,,,,,,
campaign_d_binary,binary_n500_anti-correlated_seed8.pcf,dpac,0,0,1175914,273,272,11391299600414799877,14560,2c83e501f034,2026-08-31T19:51:49Z,500,499,1,,,,,,,,,,,,,,,,,
campaign_d_binary,binary_n500_anti-correlated_seed8.pcf,dpac,1,0,1050664,273,272,11391299600414799877,14560,2c83e501f034,2026-08-31T19:51:49Z,500,499,1,,,,,,,,,,,,,,,,,
campaign_d_binary,binary_n500_anti-correlated_seed8.pcf,dpac,2,0,1027454,273,272,11391299600414799877,14560,2c83e501f034,2026-08-31T19:51:49Z,500,499,1,,,,,,,,,,,,,,,,,
campaign_d_binary,binary_n500_anti-correlated_seed9.pcf,dpac,0,0,1014945,231,230,6156291886401008994,14560,2c83e501f034,2026-08-31T19:51:49Z,500,499,1,,,,,,,,,,,,,,,,,
campaign_d_binary,binary_n500_anti-correlated_seed9.pcf,dpac,1,0,1134131,231,230,6156291886401008994,14560,2c83e501f034,2026-08-31T19:51:49Z,500,499,1,,,,,,,,,,,,,,,,,
campaign_d_binary,binary_n500_anti-correlated_seed9.pcf,dpac,2,0,999563,231,230,6156291886401008994,14560,2c83e501f034,2026-08-31T19:51:49Z,500,499,1,,,,,,,,,,,,,,,,,
campaign_d_binary,binary_n500_correlated_seed0.pcf,dpac,0,0,996717,230,229,16716321159675376305,14560,2c83e501f034,2026-08-31T19:51:49Z,500,499,1,,,,,,,,,,,,,,,,,
campaign_d_binary,binary_n500_correlated_seed0.pcf,dpac,1,0,1053946,230,229,16716321159675376305,14560,2c83e501f034,2026-08-31T19:51:49Z,500,499,1,,,,,,,,,,,,,,,,,
campaign_d_binary,binary_n500_correlated_seed0.pcf,dpac,2,0,989672,230,229,16716321159675376305,14560,2c83e501f034,2026-08-31T19:51:49Z,500,499,1,,,,,,,,,,,,,,,,,
campaign_d_binary,binary_n500_correlated_seed1.pcf,dpac,0,0,1015493,249,248,16592199092134286404,14560,2c83e501f034,2026-08-31T19:51:49Z,500,499,1,,,,,,,,,,,,,,,,,
campaign_d_binary,binary_n500_correlated_seed1.pcf,dpac,1,0,1157884,249,248,16592199092134286404,14560,2c83e501f034,2026-08-31T19:51:49Z,500,499,1,,,,,,,,,,,,,,,,,
campaign_d_binary,binary_n500_correlated_seed1.pcf,dpac,2,0,995942,249,248,16592199092134286404,14560,2c83e501f034,2026-08-31T19:51:49Z,500,499,1,,,,,,,,,,,,,,,,,
campaign_d_binary,binary_n500_correlated_seed2.pcf,dpac,0,0,1053045,277,276,7131687119971535017,14560,2c83e501f034,2026-08-31T19:51:49Z,500,499,1,,,,,,,,,,,,,,,,,
campaign_d_binary,binary_n500_correlated_seed2.pcf,dpac,1,0,1020746,277,276,7131687119971535017,14560,2c83e501f034,2026-08-31T19:51:49Z,500,499,1,,,,,,,,,,,,,,,,,
campaign_d_binary,binary_n500_correlated_seed2.pcf,dpac,2,0,1033355,277,276,7131687119971535017,14560,2c83e501f034,2026-08-31T19:51:49Z,500,499,1,,,,,,,,,,,,,,,,,
campaign_d_binary,binary_n500_correlated_seed3.pcf,dpac,0,0,1137854,250,249,924867702929788205,14560,2c83e501f034,2026-08-31T19:51:49Z,500,499,1,,,,,,,,,,,,,,,,,
campaign_d_binary,binary_n500_correlated_seed3.pcf,dpac,1,0,1006022,250,249,924867702929788205,14560,2c83e501f034,2026-08-31T19:51:49Z,500,499,1,,,,,,,,,,,,,,,,,
campaign_d_binary,binary_n500_correlated_seed3.pcf,dpac,2,0,1000277,250,249,924867702929788205,14560,2c83e501f034,2026-08-31T19:51:49Z,500,499,1,,,,,,,,,,,,,,,,,
campaign_d_binary,binary_n500_correlated_seed4.pcf,dpac,0,0,1021048,243,242,4642990817112009893,14560,2c83e501f034,2026-08-31T19:51:49Z,500,499,1,,,,,,,,,,,,,,,,,
campaign_d_binary,binary_n500_correlated_seed4.pcf,dpac,1,0,1087167,243,242,4642990817112009893,14560,2c83e501f034,2026-08-31T19:51:49Z,500,499,1,,,,,,,,,,,,,,,,,
campaign_d_binary,binary_n500_correlated_seed4.pcf,dpac,2,0,983585,243,242,4642990817112009893,14560,2c83e501f034,2026-08-31T19:51:49Z,500,499,1,,,,,,,,,,,,,,,,,
campaign_d_binary,binary_n500_correlated_seed5.pcf,dpac,0,0,1161178,257,256,10403956439378532776,14560,2c83e501f034,2026-08-31T19:51:49Z,500,499,1,,,,,,,,,,,,,,,,,
campaign_d_binary,binary_n500_correlated_seed5.pcf,dpac,1,0,1030282,257,256,10403956439378532776,14560,2c83e501f034,2026-08-31T19:51:49Z,500,499,1,,,,,,,,,,,,,,,,,
campaign_d_binary,binary_n500_correlated_seed5.pcf,dpac,2,0,1013251,257,256,10403956439378532776,14560,2c83e501f034,2026-08-31T19:51:49Z,500,499,1,,,,,,,,,,,,,,,,,
campaign_d_binary,binary_n500_correlated_seed6.pcf,dpac,0,0,1012818,242,241,4308956455357165297,14560,2c83e501f034,2026-08-31T19:51:49Z,500,499,1,,,,,,,,,,,,,,,,,
campaign_d_binary,binary_n500_correlated_seed6.pcf,dpac,1,0,1101762,242,241,4308956455357165297,14560,2c83e501f034,2026-08-31T19:51:49Z,500,499,1,,,,,,,,,,,,,,,,,
campaign_d_binary,binary_n500_correlated_seed6.pcf,dpac,2,0,1019525,242,241,4308956455357165297,14560,2c83e501f034,2026-08-31T19:51:49Z,500,499,1,,,,,,,,,,,,,,,,,
campaign_d_binary,binary_n500_correlated_seed7.pcf,dpac,0,0,1120927,255,254,6361988704052361924,14560,2c83e501f034,2026-08-31T19:51:49Z,500,499,1,,,,,,,,,,,,,,,,,
campaign_d_binary,binary_n500_correlated_seed7.pcf,dpac,1,0,1006607,255,254,6361988704052361924,14560,2c83e501f034,2026-08-31T19:51:49Z,500,499,1,,,,,,,,,,,,,,,,,
campaign_d_binary,binary_n500_correlated_seed7.pcf,dpac,2,0,1002103,255,254,6361988704052361924,14560,2c83e501f034,2026-08-31T19:51:49Z,500,499,1,,,,,,,,,,,,,,,,,
campaign_d_binary,binary_n500_correlated_seed8.pcf,dpac,0,0,1005369,221,220,6951925527835769855,14720,2c83e501f034,2026-08-31T19:51:49Z,500,499,1,,,,,,,,,,,,,,,,,
campaign_d_binary,binary_n500_correlated_seed8.pcf,dpac,1,0,1120567,221,220,6951925527835769855,14720,2c83e501f034,2026-08-31T19:51:49Z,500,499,1,,,,,,,,,,,,,,,,,
campaign_d_binary,binary_n500_correlated_seed8.pcf,dpac,2,0,987172,221,220,6951925527835769855,14720,2c83e501f034,2026-08-31T19:51:49Z,500,499,1,,,,,,,,,,,,,,,,,
campaign_d_binary,binary_n500_correlated_seed9.pcf,dpac,0,0,998249,214,213,1657294352639429243,14720,2c83e501f034,2026-08-31T19:51:49Z,500,499,1,,,,,,,,,,,,,,,,,
campaign_d_binary,binary_n500_correlated_seed9.pcf,dpac,1,0,995337,214,213,1657294352639429243,14720,2c83e501f034,2026-08-31T19:51:49Z,500,499,1,,,,,,,,,,,,,,,,,
campaign_d_binary,binary_n500_correlated_seed9.pcf,dpac,2,0,993441,214,213,1657294352639429243,14720,2c83e501f034,2026-08-31T19:51:49Z,500,499,1,,,,,,,,,,,,,,,,,
campaign_d_binary,binary_n500_exact-ties_seed0.pcf,dpac,0,0,767267,109,108,3368659596932273499,14720,2c83e501f034,2026-08-31T19:51:49Z,500,499,1,,,,,,,,,,,,,,,,,
campaign_d_binary,binary_n500_exact-ties_seed0.pcf,dpac,1,0,894580,109,108,3368659596932273499,14720,2c83e501f034,2026-08-31T19:51:49Z,500,499,1,,,,,,,,,,,,,,,,,
campaign_d_binary,binary_n500_exact-ties_seed0.pcf,dpac,2,0,758266,109,108,3368659596932273499,14720,2c83e501f034,2026-08-31T19:51:49Z,500,499,1,,,,,,,,,,,,,,,,,
campaign_d_binary,binary_n500_exact-ties_seed1.pcf,dpac,0,0,786233,115,114,8533480071282366587,14720,2c83e501f034,2026-08-31T19:51:49Z,500,499,1,,,,,,,,,,,,,,,,,
campaign_d_binary,binary_n500_exact-ties_seed1.pcf,dpac,1,0,784852,115,114,8533480071282366587,14720,2c83e501f034,2026-08-31T19:51:49Z,500,499,1,,,,,,,,,,,,,,,,,
campaign_d_binary,binary_n500_exact-ties_seed1.pcf,dpac,2,0,780471,115,114,8533480071282366587,14720,2c83e501f034,2026-08-31T19:51:49Z,500,499,1,,,,,,,,,,,,,,,,,
campaign_d_binary,binary_n500_exact-ties_seed2.pcf,dpac,0,0,770489,107,106,360170129696076557,14720,2c83e501f034,2026-08-31T19:51:49Z,500,499,1,,,,,,,,,,,,,,,,,
campaign_d_binary,binary_n500_exact-ties_seed2.pcf,dpac,1,0,766747,107,106,360170129696076557,14720,2c83e501f034,2026-08-31T19:51:49Z,500,499,1,,,,,,,,,,,,,,,,,
campaign_d_binary,binary_n500_exact-ties_seed2.pcf,dpac,2,0,765973,107,106,360170129696076557,14720,2c83e501f034,2026-08-31T19:51:49Z,500,499,1,,,,,,,,,,,,,,,,,
campaign_d_binary,binary_n500_exact-ties_seed3.pcf,dpac,0,0,796321,118,117,16807095897848241454,14720,2c83e501f034,2026-08-31T19:51:49Z,500,499,1,,,,,,,,,,,,,,,,,
campaign_d_binary,binary_n500_exact-ties_seed3.pcf,dpac,1,0,875720,118,117,16807095897848241454,14720,2c83e501f034,2026-08-31T19:51:49Z,500,499,1,,,,,,,,,,,,,,,,,
campaign_d_binary,binary_n500_exact-ties_seed3.pcf,dpac,2,0,788132,118,117,16807095897848241454,14720,2c83e501f034,2026-08-31T19:51:49Z,500,499,1,,,,,,,,,,,,,,,,,
campaign_d_binary,binary_n500_exact-ties_seed4.pcf,dpac,0,0,893959,112,111,12282904362688112770,14720,2c83e501f034,2026-08-31T19:51:49Z,500,499,1,,,,,,,,,,,,,,,,,
campaign_d_binary,binary_n500_exact-ties_seed4.pcf,dpac,1,0,771407,112,111,12282904362688112770,14720,2c83e501f034,2026-08-31T19:51:49Z,500,499,1,,,,,,,,,,,,,,,,,
campaign_d_binary,binary_n500_exact-ties_seed4.pcf,dpac,2,0,770751,112,111,12282904362688112770,14720,2c83e501f034,2026-08-31T19:51:49Z,500,499,1,,,,,,,,,,,,,,,,,
campaign_d_binary,binary_n500_exact-ties_seed5.pcf,dpac,0,0,759882,113,112,11259388751925413545,14720,2c83e501f034,2026-08-31T19:51:49Z,500,499,1,,,,,,,,,,,,,,,,,
campaign_d_binary,binary_n500_exact-ties_seed5.pcf,dpac,1,0,763265,113,112,11259388751925413545,14720,2c83e501f034,2026-08-31T19:51:49Z,500,499,1,,,,,,,,,,,,,,,,,
campaign_d_binary,binary_n500_exact-ties_seed5.pcf,dpac,2,0,755849,113,112,11259388751925413545,14720,2c83e501f034,2026-08-31T19:51:49Z,500,499,1,,,,,,,,,,,,,,,,,
campaign_d_binary,binary_n500_exact-ties_seed6.pcf,dpac,0,0,773204,113,112,17388058054672539822,14720,2c83e501f034,2026-08-31T19:51:49Z,500,499,1,,,,,,,,,,,,,,,,,
campaign_d_binary,binary_n500_exact-ties_seed6.pcf,dpac,1,0,760004,113,112,17388058054672539822,14720,2c83e501f034,2026-08-31T19:51:49Z,500,499,1,,,,,,,,,,,,,,,,,
campaign_d_binary,binary_n500_exact-ties_seed6.pcf,dpac,2,0,787071,113,112,17388058054672539822,14720,2c83e501f034,2026-08-31T19:51:49Z,500,499,1,,,,,,,,,,,,,,,,,
campaign_d_binary,binary_n500_exact-ties_seed7.pcf,dpac,0,0,845029,111,110,277502140318208939,14720,2c83e501f034,2026-08-31T19:51:49Z,500,499,1,,,,,,,,,,,,,,,,,
campaign_d_binary,binary_n500_exact-ties_seed7.pcf,dpac,1,0,744875,111,110,277502140318208939,14720,2c83e501f034,2026-08-31T19:51:49Z,500,499,1,,,,,,,,,,,,,,,,,
campaign_d_binary,binary_n500_exact-ties_seed7.pcf,dpac,2,0,722947,111,110,277502140318208939,14720,2c83e501f034,2026-08-31T19:51:49Z,500,499,1,,,,,,,,,,,,,,,,,
campaign_d_binary,binary_n500_exact-ties_seed8.pcf,dpac,0,0,758565,123,122,9942550897719027639,14720,2c83e501f034,2026-08-31T19:51:49Z,500,499,1,,,,,,,,,,,,,,,,,
campaign_d_binary,binary_n500_exact-ties_seed8.pcf,dpac,1,0,752918,123,122,9942550897719027639,14720,2c83e501f034,2026-08-31T19:51:49Z,500,499,1,,,,,,,,,,,,,,,,,
campaign_d_binary,binary_n500_exact-ties_seed8.pcf,dpac,2,0,757831,123,122,9942550897719027639,14720,2c83e501f034,2026-08-31T19:51:49Z,500,499,1,,,,,,,,,,,,,,,,,
campaign_d_binary,binary_n500_exact-ties_seed9.pcf,dpac,0,0,817761,115,114,15101799145629974665,14720,2c83e501f034,2026-08-31T19:51:49Z,500,499,1,,,,,,,,,,,,,,,,,
campaign_d_binary,binary_n500_exact-ties_seed9.pcf,dpac,1,0,941891,115,114,15101799145629974665,14720,2c83e501f034,2026-08-31T19:51:49Z,500,499,1,,,,,,,,,,,,,,,,,
campaign_d_binary,binary_n500_exact-ties_seed9.pcf,dpac,2,0,817289,115,114,15101799145629974665,14720,2c83e501f034,2026-08-31T19:51:49Z,500,499,1,,,,,,,,,,,,,,,,,
campaign_d_binary,binary_n500_independent-positive_seed0.pcf,dpac,0,0,1020958,244,243,14302125933873927376,14720,2c83e501f034,2026-08-31T19:51:49Z,500,499,1,,,,,,,,,,,,,,,,,
campaign_d_binary,binary_n500_independent-positive_seed0.pcf,dpac,1,0,1005171,244,243,14302125933873927376,14720,2c83e501f034,2026-08-31T19:51:49Z,500,499,1,,,,,,,,,,,,,,,,,
campaign_d_binary,binary_n500_independent-positive_seed0.pcf,dpac,2,0,1007246,244,243,14302125933873927376,14720,2c83e501f034,2026-08-31T19:51:49Z,500,499,1,,,,,,,,,,,,,,,,,
campaign_d_binary,binary_n500_independent-positive_seed1.pcf,dpac,0,0,1125083,247,246,9429509769223993031,14720,2c83e501f034,2026-08-31T19:51:49Z,500,499,1,,,,,,,,,,,,,,,,,
campaign_d_binary,binary_n500_independent-positive_seed1.pcf,dpac,1,0,996129,247,246,9429509769223993031,14720,2c83e501f034,2026-08-31T19:51:49Z,500,499,1,,,,,,,,,,,,,,,,,
campaign_d_binary,binary_n500_independent-positive_seed1.pcf,dpac,2,0,991315,247,246,9429509769223993031,14720,2c83e501f034,2026-08-31T19:51:49Z,500,499,1,,,,,,,,,,,,,,,,,
campaign_d_binary,binary_n500_independent-positive_seed2.pcf,dpac,0,0,1019560,240,239,5246217295182073729,14720,2c83e501f034,2026-08-31T19:51:49Z,500,499,1,,,,,,,,,,,,,,,,,
campaign_d_binary,binary_n500_independent-positive_seed2.pcf,dpac,1,0,1113318,240,239,5246217295182073729,14720,2c83e501f034,2026-08-31T19:51:49Z,500,499,1,,,,,,,,,,,,,,,,,
campaign_d_binary,binary_n500_independent-positive_seed2.pcf,dpac,2,0,1020171,240,239,5246217295182073729,14720,2c83e501f034,2026-08-31T19:51:49Z,500,499,1,,,,,,,,,,,,,,,,,
campaign_d_binary,binary_n500_independent-positive_seed3.pcf,dpac,0,0,1006516,247,246,12545855117205236645,14720,2c83e501f034,2026-08-31T19:51:49Z,500,499,1,,,,,,,,,,,,,,,,,
campaign_d_binary,binary_n500_independent-positive_seed3.pcf,dpac,1,0,1080701,247,246,12545855117205236645,14720,2c83e501f034,2026-08-31T19:51:49Z,500,499,1,,,,,,,,,,,,,,,,,
campaign_d_binary,binary_n500_independent-positive_seed3.pcf,dpac,2,0,1036680,247,246,12545855117205236645,14720,2c83e501f034,2026-08-31T19:51:49Z,500,499,1,,,,,,,,,,,,,,,,,
campaign_d_binary,binary_n500_independent-positive_seed4.pcf,dpac,0,0,1008870,254,253,14505593727642163668,14720,2c83e501f034,2026-08-31T19:51:49Z,500,499,1,,,,,,,,,,,,,,,,,
campaign_d_binary,binary_n500_independent-positive_seed4.pcf,dpac,1,0,1095357,254,253,14505593727642163668,14720,2c83e501f034,2026-08-31T19:51:49Z,500,499,1,,,,,,,,,,,,,,,,,
campaign_d_binary,binary_n500_independent-positive_seed4.pcf,dpac,2,0,1040071,254,253,14505593727642163668,14720,2c83e501f034,2026-08-31T19:51:49Z,500,499,1,,,,,,,,,,,,,,,,,
campaign_d_binary,binary_n500_independent-positive_seed5.pcf,dpac,0,0,1018241,268,267,2401187791054673917,14720,2c83e501f034,2026-08-31T19:51:49Z,500,499,1,,,,,,,,,,,,,,,,,
campaign_d_binary,binary_n500_independent-positive_seed5.pcf,dpac,1,0,1110307,268,267,2401187791054673917,14720,2c83e501f034,2026-08-31T19:51:49Z,500,499,1,,,,,,,,,,,,,,,,,
campaign_d_binary,binary_n500_independent-positive_seed5.pcf,dpac,2,0,1000314,268,267,2401187791054673917,14720,2c83e501f034,2026-08-31T19:51:49Z,500,499,1,,,,,,,,,,,,,,,,,
campaign_d_binary,binary_n500_independent-positive_seed6.pcf,dpac,0,0,1002262,236,235,179940397507974945,14720,2c83e501f034,2026-08-31T19:51:49Z,500,499,1,,,,,,,,,,,,,,,,,
campaign_d_binary,binary_n500_independent-positive_seed6.pcf,dpac,1,0,1109511,236,235,179940397507974945,14720,2c83e501f034,2026-08-31T19:51:49Z,500,499,1,,,,,,,,,,,,,,,,,
campaign_d_binary,binary_n500_independent-positive_seed6.pcf,dpac,2,0,1013342,236,235,179940397507974945,14720,2c83e501f034,2026-08-31T19:51:49Z,500,499,1,,,,,,,,,,,,,,,,,
campaign_d_binary,binary_n500_independent-positive_seed7.pcf,dpac,0,0,1015937,266,265,2057943984399629384,14880,2c83e501f034,2026-08-31T19:51:50Z,500,499,1,,,,,,,,,,,,,,,,,
campaign_d_binary,binary_n500_independent-positive_seed7.pcf,dpac,1,0,1162010,266,265,2057943984399629384,14880,2c83e501f034,2026-08-31T19:51:50Z,500,499,1,,,,,,,,,,,,,,,,,
campaign_d_binary,binary_n500_independent-positive_seed7.pcf,dpac,2,0,1003167,266,265,2057943984399629384,14880,2c83e501f034,2026-08-31T19:51:50Z,500,499,1,,,,,,,,,,,,,,,,,
campaign_d_binary,binary_n500_independent-positive_seed8.pcf,dpac,0,0,995920,245,244,3258583029518010929,14880,2c83e501f034,2026-08-31T19:51:50Z,500,499,1,,,,,,,,,,,,,,,,,
campaign_d_binary,binary_n500_independent-positive_seed8.pcf,dpac,1,0,1112922,245,244,3258583029518010929,14880,2c83e501f034,2026-08-31T19:51:50Z,500,499,1,,,,,,,,,,,,,,,,,
campaign_d_binary,binary_n500_independent-positive_seed8.pcf,dpac,2,0,970306,245,244,3258583029518010929,14880,2c83e501f034,2026-08-31T19:51:50Z,500,499,1,,,,,,,,,,,,,,,,,
campaign_d_binary,binary_n500_independent-positive_seed9.pcf,dpac,0,0,1014259,238,237,15582073371228056647,14880,2c83e501f034,2026-08-31T19:51:50Z,500,499,1,,,,,,,,,,,,,,,,,
campaign_d_binary,binary_n500_independent-positive_seed9.pcf,dpac,1,0,998122,238,237,15582073371228056647,14880,2c83e501f034,2026-08-31T19:51:50Z,500,499,1,,,,,,,,,,,,,,,,,
campaign_d_binary,binary_n500_independent-positive_seed9.pcf,dpac,2,0,981120,238,237,15582073371228056647,14880,2c83e501f034,2026-08-31T19:51:50Z,500,499,1,,,,,,,,,,,,,,,,,
campaign_d_binary,binary_n500_independent-signed_seed0.pcf,dpac,0,0,1001224,258,257,11507145190215488648,14880,2c83e501f034,2026-08-31T19:51:50Z,500,499,1,,,,,,,,,,,,,,,,,
campaign_d_binary,binary_n500_independent-signed_seed0.pcf,dpac,1,0,985571,258,257,11507145190215488648,14880,2c83e501f034,2026-08-31T19:51:50Z,500,499,1,,,,,,,,,,,,,,,,,
campaign_d_binary,binary_n500_independent-signed_seed0.pcf,dpac,2,0,991777,258,257,11507145190215488648,14880,2c83e501f034,2026-08-31T19:51:50Z,500,499,1,,,,,,,,,,,,,,,,,
campaign_d_binary,binary_n500_independent-signed_seed1.pcf,dpac,0,0,1003145,271,270,17892039249103153142,14880,2c83e501f034,2026-08-31T19:51:50Z,500,499,1,,,,,,,,,,,,,,,,,
campaign_d_binary,binary_n500_independent-signed_seed1.pcf,dpac,1,0,1080721,271,270,17892039249103153142,14880,2c83e501f034,2026-08-31T19:51:50Z,500,499,1,,,,,,,,,,,,,,,,,
campaign_d_binary,binary_n500_independent-signed_seed1.pcf,dpac,2,0,986396,271,270,17892039249103153142,14880,2c83e501f034,2026-08-31T19:51:50Z,500,499,1,,,,,,,,,,,,,,,,,
campaign_d_binary,binary_n500_independent-signed_seed2.pcf,dpac,0,0,1017599,251,250,3133555668317812744,14880,2c83e501f034,2026-08-31T19:51:50Z,500,499,1,,,,,,,,,,,,,,,,,
campaign_d_binary,binary_n500_independent-signed_seed2.pcf,dpac,1,0,1132549,251,250,3133555668317812744,14880,2c83e501f034,2026-08-31T19:51:50Z,500,499,1,,,,,,,,,,,,,,,,,
campaign_d_binary,binary_n500_independent-signed_seed2.pcf,dpac,2,0,1009269,251,250,3133555668317812744,14880,2c83e501f034,2026-08-31T19:51:50Z,500,499,1,,,,,,,,,,,,,,,,,
campaign_d_binary,binary_n500_independent-signed_seed3.pcf,dpac,0,0,999443,245,244,2077712647451783834,14880,2c83e501f034,2026-08-31T19:51:50Z,500,499,1,,,,,,,,,,,,,,,,,
campaign_d_binary,binary_n500_independent-signed_seed3.pcf,dpac,1,0,980479,245,244,2077712647451783834,14880,2c83e501f034,2026-08-31T19:51:50Z,500,499,1,,,,,,,,,,,,,,,,,
campaign_d_binary,binary_n500_independent-signed_seed3.pcf,dpac,2,0,990825,245,244,2077712647451783834,14880,2c83e501f034,2026-08-31T19:51:50Z,500,499,1,,,,,,,,,,,,,,,,,
campaign_d_binary,binary_n500_independent-signed_seed4.pcf,dpac,0,0,1013848,253,252,7744489303951508604,14880,2c83e501f034,2026-08-31T19:51:50Z,500,499,1,,,,,,,,,,,,,,,,,
campaign_d_binary,binary_n500_independent-signed_seed4.pcf,dpac,1,0,1018458,253,252,7744489303951508604,14880,2c83e501f034,2026-08-31T19:51:50Z,500,499,1,,,,,,,,,,,,,,,,,
campaign_d_binary,binary_n500_independent-signed_seed4.pcf,dpac,2,0,1005183,253,252,7744489303951508604,14880,2c83e501f034,2026-08-31T19:51:50Z,500,499,1,,,,,,,,,,,,,,,,,
campaign_d_binary,binary_n500_independent-signed_seed5.pcf,dpac,0,0,1014506,259,258,885862064906022640,14880,2c83e501f034,2026-08-31T19:51:50Z,500,499,1,,,,,,,,,,,,,,,,,
campaign_d_binary,binary_n500_independent-signed_seed5.pcf,dpac,1,0,1071333,259,258,885862064906022640,14880,2c83e501f034,2026-08-31T19:51:50Z,500,499,1,,,,,,,,,,,,,,,,,
campaign_d_binary,binary_n500_independent-signed_seed5.pcf,dpac,2,0,1036598,259,258,885862064906022640,14880,2c83e501f034,2026-08-31T19:51:50Z,500,499,1,,,,,,,,,,,,,,,,,
campaign_d_binary,binary_n500_independent-signed_seed6.pcf,dpac,0,0,1014460,242,241,12627443016578976748,14880,2c83e501f034,2026-08-31T19:51:50Z,500,499,1,,,,,,,,,,,,,,,,,
campaign_d_binary,binary_n500_independent-signed_seed6.pcf,dpac,1,0,1047607,242,241,12627443016578976748,14880,2c83e501f034,2026-08-31T19:51:50Z,500,499,1,,,,,,,,,,,,,,,,,
campaign_d_binary,binary_n500_independent-signed_seed6.pcf,dpac,2,0,978055,242,241,12627443016578976748,14880,2c83e501f034,2026-08-31T19:51:50Z,500,499,1,,,,,,,,,,,,,,,,,
campaign_d_binary,binary_n500_independent-signed_seed7.pcf,dpac,0,0,1016054,266,265,11524083197799634335,14880,2c83e501f034,2026-08-31T19:51:50Z,500,499,1,,,,,,,,,,,,,,,,,
campaign_d_binary,binary_n500_independent-signed_seed7.pcf,dpac,1,0,1079854,266,265,11524083197799634335,14880,2c83e501f034,2026-08-31T19:51:50Z,500,499,1,,,,,,,,,,,,,,,,,
campaign_d_binary,binary_n500_independent-signed_seed7.pcf,dpac,2,0,1042628,266,265,11524083197799634335,14880,2c83e501f034,2026-08-31T19:51:50Z,500,499,1,,,,,,,,,,,,,,,,,
campaign_d_binary,binary_n500_independent-signed_seed8.pcf,dpac,0,0,1119385,258,257,17904251516467809185,14880,2c83e501f034,2026-08-31T19:51:50Z,500,499,1,,,,,,,,,,,,,,,,,
campaign_d_binary,binary_n500_independent-signed_seed8.pcf,dpac,1,0,999580,258,257,17904251516467809185,14880,2c83e501f034,2026-08-31T19:51:50Z,500,499,1,,,,,,,,,,,,,,,,,
campaign_d_binary,binary_n500_independent-signed_seed8.pcf,dpac,2,0,985755,258,257,17904251516467809185,14880,2c83e501f034,2026-08-31T19:51:50Z,500,499,1,,,,,,,,,,,,,,,,,
campaign_d_binary,binary_n500_independent-signed_seed9.pcf,dpac,0,0,990459,245,244,11422669402608105345,14880,2c83e501f034,2026-08-31T19:51:50Z,500,499,1,,,,,,,,,,,,,,,,,
campaign_d_binary,binary_n500_independent-signed_seed9.pcf,dpac,1,0,1053454,245,244,11422669402608105345,14880,2c83e501f034,2026-08-31T19:51:50Z,500,499,1,,,,,,,,,,,,,,,,,
campaign_d_binary,binary_n500_independent-signed_seed9.pcf,dpac,2,0,989795,245,244,11422669402608105345,14880,2c83e501f034,2026-08-31T19:51:50Z,500,499,1,,,,,,,,,,,,,,,,,
campaign_d_binary,binary_n500_near-ties_seed0.pcf,dpac,0,0,859245,161,160,12983514892426935880,14880,2c83e501f034,2026-08-31T19:51:50Z,500,499,1,,,,,,,,,,,,,,,,,
campaign_d_binary,binary_n500_near-ties_seed0.pcf,dpac,1,0,961632,161,160,12983514892426935880,14880,2c83e501f034,2026-08-31T19:51:50Z,500,499,1,,,,,,,,,,,,,,,,,
campaign_d_binary,binary_n500_near-ties_seed0.pcf,dpac,2,0,841175,161,160,12983514892426935880,14880,2c83e501f034,2026-08-31T19:51:50Z,500,499,1,,,,,,,,,,,,,,,,,
campaign_d_binary,binary_n500_near-ties_seed1.pcf,dpac,0,0,941378,148,147,14955870511301307901,14880,2c83e501f034,2026-08-31T19:51:50Z,500,499,1,,,,,,,,,,,,,,,,,
campaign_d_binary,binary_n500_near-ties_seed1.pcf,dpac,1,0,844903,148,147,14955870511301307901,14880,2c83e501f034,2026-08-31T19:51:50Z,500,499,1,,,,,,,,,,,,,,,,,
campaign_d_binary,binary_n500_near-ties_seed1.pcf,dpac,2,0,826234,148,147,14955870511301307901,14880,2c83e501f034,2026-08-31T19:51:50Z,500,499,1,,,,,,,,,,,,,,,,,
campaign_d_binary,binary_n500_near-ties_seed2.pcf,dpac,0,0,866903,157,156,16632863765809720507,14880,2c83e501f034,2026-08-31T19:51:50Z,500,499,1,,,,,,,,,,,,,,,,,
campaign_d_binary,binary_n500_near-ties_seed2.pcf,dpac,1,0,856600,157,156,16632863765809720507,14880,2c83e501f034,2026-08-31T19:51:50Z,500,499,1,,,,,,,,,,,,,,,,,
campaign_d_binary,binary_n500_near-ties_seed2.pcf,dpac,2,0,842910,157,156,16632863765809720507,14880,2c83e501f034,2026-08-31T19:51:50Z,500,499,1,,,,,,,,,,,,,,,,,
campaign_d_binary,binary_n500_near-ties_seed3.pcf,dpac,0,0,851300,161,160,14616823418503749907,14880,2c83e501f034,2026-08-31T19:51:50Z,500,499,1,,,,,,,,,,,,,,,,,
campaign_d_binary,binary_n500_near-ties_seed3.pcf,dpac,1,0,859299,161,160,14616823418503749907,14880,2c83e501f034,2026-08-31T19:51:50Z,500,499,1,,,,,,,,,,,,,,,,,
campaign_d_binary,binary_n500_near-ties_seed3.pcf,dpac,2,0,845221,161,160,14616823418503749907,14880,2c83e501f034,2026-08-31T19:51:50Z,500,499,1,,,,,,,,,,,,,,,,,
campaign_d_binary,binary_n500_near-ties_seed4.pcf,dpac,0,0,824132,149,148,89928215179908506,14880,2c83e501f034,2026-08-31T19:51:50Z,500,499,1,,,,,,,,,,,,,,,,,
campaign_d_binary,binary_n500_near-ties_seed4.pcf,dpac,1,0,882572,149,148,89928215179908506,14880,2c83e501f034,2026-08-31T19:51:50Z,500,499,1,,,,,,,,,,,,,,,,,
campaign_d_binary,binary_n500_near-ties_seed4.pcf,dpac,2,0,810617,149,148,89928215179908506,14880,2c83e501f034,2026-08-31T19:51:50Z,500,499,1,,,,,,,,,,,,,,,,,
campaign_d_binary,binary_n500_near-ties_seed5.pcf,dpac,0,0,857421,154,153,1374471175441316162,14880,2c83e501f034,2026-08-31T19:51:50Z,500,499,1,,,,,,,,,,,,,,,,,
campaign_d_binary,binary_n500_near-ties_seed5.pcf,dpac,1,0,841860,154,153,1374471175441316162,14880,2c83e501f034,2026-08-31T19:51:50Z,500,499,1,,,,,,,,,,,,,,,,,
campaign_d_binary,binary_n500_near-ties_seed5.pcf,dpac,2,0,843837,154,153,1374471175441316162,14880,2c83e501f034,2026-08-31T19:51:50Z,500,499,1,,,,,,,,,,,,,,,,,
campaign_d_binary,binary_n500_near-ties_seed6.pcf,dpac,0,0,845255,150,149,9859087218643688731,14880,2c83e501f034,2026-08-31T19:51:50Z,500,499,1,,,,,,,,,,,,,,,,,
campaign_d_binary,binary_n500_near-ties_seed6.pcf,dpac,1,0,946725,150,149,9859087218643688731,14880,2c83e501f034,2026-08-31T19:51:50Z,500,499,1,,,,,,,,,,,,,,,,,
campaign_d_binary,binary_n500_near-ties_seed6.pcf,dpac,2,0,840389,150,149,9859087218643688731,14880,2c83e501f034,2026-08-31T19:51:50Z,500,499,1,,,,,,,,,,,,,,,,,
campaign_d_binary,binary_n500_near-ties_seed7.pcf,dpac,0,0,847797,149,148,12318288124440962107,15040,2c83e501f034,2026-08-31T19:51:50Z,500,499,1,,,,,,,,,,,,,,,,,
campaign_d_binary,binary_n500_near-ties_seed7.pcf,dpac,1,0,833384,149,148,12318288124440962107,15040,2c83e501f034,2026-08-31T19:51:50Z,500,499,1,,,,,,,,,,,,,,,,,
campaign_d_binary,binary_n500_near-ties_seed7.pcf,dpac,2,0,836048,149,148,12318288124440962107,15040,2c83e501f034,2026-08-31T19:51:50Z,500,499,1,,,,,,,,,,,,,,,,,
campaign_d_binary,binary_n500_near-ties_seed8.pcf,dpac,0,0,841588,147,146,3191102588519926712,15040,2c83e501f034,2026-08-31T19:51:50Z,500,499,1,,,,,,,,,,,,,,,,,
campaign_d_binary,binary_n500_near-ties_seed8.pcf,dpac,1,0,831458,147,146,3191102588519926712,15040,2c83e501f034,2026-08-31T19:51:50Z,500,499,1,,,,,,,,,,,,,,,,,
campaign_d_binary,binary_n500_near-ties_seed8.pcf,dpac,2,0,865708,147,146,3191102588519926712,15040,2c83e501f034,2026-08-31T19:51:50Z,500,499,1,,,,,,,,,,,,,,,,,
campaign_d_binary,binary_n500_near-ties_seed9.pcf,dpac,0,0,844288,153,152,1452461698006668491,15040,2c83e501f034,2026-08-31T19:51:50Z,500,499,1,,,,,,,,,,,,,,,,,
campaign_d_binary,binary_n500_near-ties_seed9.pcf,dpac,1,0,905272,153,152,1452461698006668491,15040,2c83e501f034,2026-08-31T19:51:50Z,500,499,1,,,,,,,,,,,,,,,,,
campaign_d_binary,binary_n500_near-ties_seed9.pcf,dpac,2,0,842350,153,152,1452461698006668491,15040,2c83e501f034,2026-08-31T19:51:50Z,500,499,1,,,,,,,,,,,,,,,,,
