campaign_id,instance,algorithm,repetition,order,elapsed_ns,n_layers,n_breakpoints,sequence_hash,peak_rss_kib,git_commit,timestamp_utc,n_nodes,n_arcs,n_components,rac_clusters,rac_joins,rac_internalizations,rac_envelope_sum_calls,rac_envelope_max_calls,rac_hull_calls,rac_lines_scanned,rac_line_comparisons,rac_rational_comparisons,rac_pieces_stored,rac_topdown_events,rac_topdown_scans,rac_expanded_vertices,rac_expanded_edges,rac_rounds,rac_max_cluster_depth,rac_estimated_bytes
campaign_e_out,out_n100000_rho0.6_anti-correlated_seed0.pcf,dhfma,0,0,137063259,55354,55353,1657791807344547169,37544,23f703aa3bc9,2026-08-28T19:49:07Z,100000,59825,40175,,,,,,,,,,,,,,,,,
campaign_e_out,out_n100000_rho0.6_anti-correlated_seed0.pcf,dhfma,1,0,130067761,55354,55353,1657791807344547169,38988,23f703aa3bc9,2026-08-28T19:49:07Z,100000,59825,40175,,,,,,,,,,,,,,,,,
campaign_e_out,out_n100000_rho0.6_anti-correlated_seed0.pcf,dhfma,2,0,138576527,55354,55353,1657791807344547169,38988,23f703aa3bc9,2026-08-28T19:49:08Z,100000,59825,40175,,,,,,,,,,,,,,,,,
campaign_e_out,out_n100000_rho0.6_anti-correlated_seed1.pcf,dhfma,0,0,133530226,55289,55288,2733384981166212010,36792,23f703aa3bc9,2026-08-28T19:49:08Z,100000,59949,40051,,,,,,,,,,,,,,,,,
campaign_e_out,out_n100000_rho0.6_anti-correlated_seed1.pcf,dhfma,1,0,129207698,55289,55288,2733384981166212010,38700,23f703aa3bc9,2026-08-28T19:49:08Z,100000,59949,40051,,,,,,,,,,,,,,,,,
campaign_e_out,out_n100000_rho0.6_anti-correlated_seed1.pcf,dhfma,2,0,129893835,55289,55288,2733384981166212010,38700,23f703aa3bc9,2026-08-28T19:49:08Z,100000,59949,40051,,,,,,,,,,,,,,,,,
campaign_e_out,out_n100000_rho0.6_anti-correlated_seed2.pcf,dhfma,0,0,141249563,55252,55251,18313605168489095715,38132,23f703aa3bc9,2026-08-28T19:49:08Z,100000,60097,39903,,,,,,,,,,,,,,,,,
campaign_e_out,out_n100000_rho0.6_anti-correlated_seed2.pcf,dhfma,1,0,138780433,55252,55251,18313605168489095715,41236,23f703aa3bc9,2026-08-28T19:49:08Z,100000,60097,39903,,,,,,,,,,,,,,,,,
campaign_e_out,out_n100000_rho0.6_anti-correlated_seed2.pcf,dhfma,2,0,139891810,55252,55251,18313605168489095715,41236,23f703aa3bc9,2026-08-28T19:49:08Z,100000,60097,39903,,,,,,,,,,,,,,,,,
campaign_e_out,out_n100000_rho0.6_anti-correlated_seed3.pcf,dhfma,0,0,128423290,55430,55429,6040157391696709169,36640,23f703aa3bc9,2026-08-28T19:49:09Z,100000,59845,40155,,,,,,,,,,,,,,,,,
campaign_e_out,out_n100000_rho0.6_anti-correlated_seed3.pcf,dhfma,1,0,125451214,55430,55429,6040157391696709169,38552,23f703aa3bc9,2026-08-28T19:49:09Z,100000,59845,40155,,,,,,,,,,,,,,,,,
campaign_e_out,out_n100000_rho0.6_anti-correlated_seed3.pcf,dhfma,2,0,126029567,55430,55429,6040157391696709169,38552,23f703aa3bc9,2026-08-28T19:49:09Z,100000,59845,40155,,,,,,,,,,,,,,,,,
campaign_e_out,out_n100000_rho0.6_anti-correlated_seed4.pcf,dhfma,0,0,149585587,55291,55290,16964236477463238625,38588,23f703aa3bc9,2026-08-28T19:49:09Z,100000,60044,39956,,,,,,,,,,,,,,,,,
campaign_e_out,out_n100000_rho0.6_anti-correlated_seed4.pcf,dhfma,1,0,143349852,55291,55290,16964236477463238625,41080,23f703aa3bc9,2026-08-28T19:49:09Z,100000,60044,39956,,,,,,,,,,,,,,,,,
campaign_e_out,out_n100000_rho0.6_anti-correlated_seed4.pcf,dhfma,2,0,150420757,55291,55290,16964236477463238625,41080,23f703aa3bc9,2026-08-28T19:49:09Z,100000,60044,39956,,,,,,,,,,,,,,,,,
campaign_e_out,out_n100000_rho0.6_correlated_seed0.pcf,dhfma,0,0,136600156,41043,41042,15170777129474706033,35152,23f703aa3bc9,2026-08-28T19:49:10Z,100000,59825,40175,,,,,,,,,,,,,,,,,
campaign_e_out,out_n100000_rho0.6_correlated_seed0.pcf,dhfma,1,0,133471627,41043,41042,15170777129474706033,40204,23f703aa3bc9,2026-08-28T19:49:10Z,100000,59825,40175,,,,,,,,,,,,,,,,,
campaign_e_out,out_n100000_rho0.6_correlated_seed0.pcf,dhfma,2,0,135684428,41043,41042,15170777129474706033,40204,23f703aa3bc9,2026-08-28T19:49:10Z,100000,59825,40175,,,,,,,,,,,,,,,,,
campaign_e_out,out_n100000_rho0.6_correlated_seed1.pcf,dhfma,0,0,129058796,41338,41337,5388506013044567567,34236,23f703aa3bc9,2026-08-28T19:49:10Z,100000,59949,40051,,,,,,,,,,,,,,,,,
campaign_e_out,out_n100000_rho0.6_correlated_seed1.pcf,dhfma,1,0,126010480,41338,41337,5388506013044567567,35896,23f703aa3bc9,2026-08-28T19:49:10Z,100000,59949,40051,,,,,,,,,,,,,,,,,
campaign_e_out,out_n100000_rho0.6_correlated_seed1.pcf,dhfma,2,0,131324455,41338,41337,5388506013044567567,37580,23f703aa3bc9,2026-08-28T19:49:10Z,100000,59949,40051,,,,,,,,,,,,,,,,,
campaign_e_out,out_n100000_rho0.6_correlated_seed2.pcf,dhfma,0,0,146550150,41037,41036,6866356706440905169,35408,23f703aa3bc9,2026-08-28T19:49:10Z,100000,60097,39903,,,,,,,,,,,,,,,,,
campaign_e_out,out_n100000_rho0.6_correlated_seed2.pcf,dhfma,1,0,141790522,41037,41036,6866356706440905169,41340,23f703aa3bc9,2026-08-28T19:49:11Z,100000,60097,39903,,,,,,,,,,,,,,,,,
campaign_e_out,out_n100000_rho0.6_correlated_seed2.pcf,dhfma,2,0,144420025,41037,41036,6866356706440905169,41340,23f703aa3bc9,2026-08-28T19:49:11Z,100000,60097,39903,,,,,,,,,,,,,,,,,
campaign_e_out,out_n100000_rho0.6_correlated_seed3.pcf,dhfma,0,0,125925363,41084,41083,11760382353133486814,33928,23f703aa3bc9,2026-08-28T19:49:11Z,100000,59845,40155,,,,,,,,,,,,,,,,,
campaign_e_out,out_n100000_rho0.6_correlated_seed3.pcf,dhfma,1,0,123197108,41084,41083,11760382353133486814,36952,23f703aa3bc9,2026-08-28T19:49:11Z,100000,59845,40155,,,,,,,,,,,,,,,,,
campaign_e_out,out_n100000_rho0.6_correlated_seed3.pcf,dhfma,2,0,124075980,41084,41083,11760382353133486814,37028,23f703aa3bc9,2026-08-28T19:49:11Z,100000,59845,40155,,,,,,,,,,,,,,,,,
campaign_e_out,out_n100000_rho0.6_correlated_seed4.pcf,dhfma,0,0,144597867,41338,41337,10503686390248879777,35236,23f703aa3bc9,2026-08-28T19:49:11Z,100000,60044,39956,,,,,,,,,,,,,,,,,
campaign_e_out,out_n100000_rho0.6_correlated_seed4.pcf,dhfma,1,0,140780815,41338,41337,10503686390248879777,41188,23f703aa3bc9,2026-08-28T19:49:11Z,100000,60044,39956,,,,,,,,,,,,,,,,,
campaign_e_out,out_n100000_rho0.6_correlated_seed4.pcf,dhfma,2,0,141952125,41338,41337,10503686390248879777,41188,23f703aa3bc9,2026-08-28T19:49:12Z,100000,60044,39956,,,,,,,,,,,,,,,,,
campaign_e_out,out_n100000_rho0.6_exact-ties_seed0.pcf,dhfma,0,0,117855050,14806,14805,4432609904695480622,29092,23f703aa3bc9,2026-08-28T19:49:12Z,100000,59987,40013,,,,,,,,,,,,,,,,,
campaign_e_out,out_n100000_rho0.6_exact-ties_seed0.pcf,dhfma,1,0,116182131,14806,14805,4432609904695480622,32736,23f703aa3bc9,2026-08-28T19:49:12Z,100000,59987,40013,,,,,,,,,,,,,,,,,
campaign_e_out,out_n100000_rho0.6_exact-ties_seed0.pcf,dhfma,2,0,116801080,14806,14805,4432609904695480622,33132,23f703aa3bc9,2026-08-28T19:49:12Z,100000,59987,40013,,,,,,,,,,,,,,,,,
campaign_e_out,out_n100000_rho0.6_exact-ties_seed1.pcf,dhfma,0,0,118875809,15133,15132,684827699226842598,29244,23f703aa3bc9,2026-08-28T19:49:12Z,100000,59949,40051,,,,,,,,,,,,,,,,,
campaign_e_out,out_n100000_rho0.6_exact-ties_seed1.pcf,dhfma,1,0,117297641,15133,15132,684827699226842598,32760,23f703aa3bc9,2026-08-28T19:49:12Z,100000,59949,40051,,,,,,,,,,,,,,,,,
campaign_e_out,out_n100000_rho0.6_exact-ties_seed1.pcf,dhfma,2,0,118410746,15133,15132,684827699226842598,33116,23f703aa3bc9,2026-08-28T19:49:12Z,100000,59949,40051,,,,,,,,,,,,,,,,,
campaign_e_out,out_n100000_rho0.6_exact-ties_seed2.pcf,dhfma,0,0,127853107,14910,14909,6474549770910204837,35164,23f703aa3bc9,2026-08-28T19:49:12Z,100000,60189,39811,,,,,,,,,,,,,,,,,
campaign_e_out,out_n100000_rho0.6_exact-ties_seed2.pcf,dhfma,1,0,127253343,14910,14909,6474549770910204837,39948,23f703aa3bc9,2026-08-28T19:49:13Z,100000,60189,39811,,,,,,,,,,,,,,,,,
campaign_e_out,out_n100000_rho0.6_exact-ties_seed2.pcf,dhfma,2,0,128435297,14910,14909,6474549770910204837,40328,23f703aa3bc9,2026-08-28T19:49:13Z,100000,60189,39811,,,,,,,,,,,,,,,,,
campaign_e_out,out_n100000_rho0.6_exact-ties_seed3.pcf,dhfma,0,0,123661452,15003,15002,2813716811925868492,35112,23f703aa3bc9,2026-08-28T19:49:13Z,100000,59657,40343,,,,,,,,,,,,,,,,,
campaign_e_out,out_n100000_rho0.6_exact-ties_seed3.pcf,dhfma,1,0,122270638,15003,15002,2813716811925868492,39256,23f703aa3bc9,2026-08-28T19:49:13Z,100000,59657,40343,,,,,,,,,,,,,,,,,
campaign_e_out,out_n100000_rho0.6_exact-ties_seed3.pcf,dhfma,2,0,123162970,15003,15002,2813716811925868492,39632,23f703aa3bc9,2026-08-28T19:49:13Z,100000,59657,40343,,,,,,,,,,,,,,,,,
campaign_e_out,out_n100000_rho0.6_exact-ties_seed4.pcf,dhfma,0,0,115428422,15017,15016,6790294510807699140,28936,23f703aa3bc9,2026-08-28T19:49:13Z,100000,60169,39831,,,,,,,,,,,,,,,,,
campaign_e_out,out_n100000_rho0.6_exact-ties_seed4.pcf,dhfma,1,0,113769526,15017,15016,6790294510807699140,32604,23f703aa3bc9,2026-08-28T19:49:13Z,100000,60169,39831,,,,,,,,,,,,,,,,,
campaign_e_out,out_n100000_rho0.6_exact-ties_seed4.pcf,dhfma,2,0,114019845,15017,15016,6790294510807699140,33320,23f703aa3bc9,2026-08-28T19:49:14Z,100000,60169,39831,,,,,,,,,,,,,,,,,
campaign_e_out,out_n100000_rho0.6_independent-positive_seed0.pcf,dhfma,0,0,139334111,63212,63211,6318929070295267087,39224,23f703aa3bc9,2026-08-28T19:49:14Z,100000,59952,40048,,,,,,,,,,,,,,,,,
campaign_e_out,out_n100000_rho0.6_independent-positive_seed0.pcf,dhfma,1,0,133589278,63212,63211,6318929070295267087,41492,23f703aa3bc9,2026-08-28T19:49:14Z,100000,59952,40048,,,,,,,,,,,,,,,,,
campaign_e_out,out_n100000_rho0.6_independent-positive_seed0.pcf,dhfma,2,0,134860764,63212,63211,6318929070295267087,41492,23f703aa3bc9,2026-08-28T19:49:14Z,100000,59952,40048,,,,,,,,,,,,,,,,,
campaign_e_out,out_n100000_rho0.6_independent-positive_seed1.pcf,dhfma,0,0,133248441,63233,63232,6166770508090102030,38668,23f703aa3bc9,2026-08-28T19:49:14Z,100000,59955,40045,,,,,,,,,,,,,,,,,
campaign_e_out,out_n100000_rho0.6_independent-positive_seed1.pcf,dhfma,1,0,129647840,63233,63232,6166770508090102030,40244,23f703aa3bc9,2026-08-28T19:49:14Z,100000,59955,40045,,,,,,,,,,,,,,,,,
campaign_e_out,out_n100000_rho0.6_independent-positive_seed1.pcf,dhfma,2,0,130763198,63233,63232,6166770508090102030,40244,23f703aa3bc9,2026-08-28T19:49:14Z,100000,59955,40045,,,,,,,,,,,,,,,,,
campaign_e_out,out_n100000_rho0.6_independent-positive_seed2.pcf,dhfma,0,0,136373254,63248,63247,8113715177657044785,38644,23f703aa3bc9,2026-08-28T19:49:15Z,100000,60108,39892,,,,,,,,,,,,,,,,,
campaign_e_out,out_n100000_rho0.6_independent-positive_seed2.pcf,dhfma,1,0,132501958,63248,63247,8113715177657044785,41380,23f703aa3bc9,2026-08-28T19:49:15Z,100000,60108,39892,,,,,,,,,,,,,,,,,
campaign_e_out,out_n100000_rho0.6_independent-positive_seed2.pcf,dhfma,2,0,134262043,63248,63247,8113715177657044785,41380,23f703aa3bc9,2026-08-28T19:49:15Z,100000,60108,39892,,,,,,,,,,,,,,,,,
campaign_e_out,out_n100000_rho0.6_independent-positive_seed3.pcf,dhfma,0,0,128239369,63319,63318,8082111893650285149,38356,23f703aa3bc9,2026-08-28T19:49:15Z,100000,59752,40248,,,,,,,,,,,,,,,,,
campaign_e_out,out_n100000_rho0.6_independent-positive_seed3.pcf,dhfma,1,0,125124477,63319,63318,8082111893650285149,39776,23f703aa3bc9,2026-08-28T19:49:15Z,100000,59752,40248,,,,,,,,,,,,,,,,,
campaign_e_out,out_n100000_rho0.6_independent-positive_seed3.pcf,dhfma,2,0,125374245,63319,63318,8082111893650285149,39776,23f703aa3bc9,2026-08-28T19:49:15Z,100000,59752,40248,,,,,,,,,,,,,,,,,
campaign_e_out,out_n100000_rho0.6_independent-positive_seed4.pcf,dhfma,0,0,128241162,63129,63128,6249792663993604519,38368,23f703aa3bc9,2026-08-28T19:49:15Z,100000,60103,39897,,,,,,,,,,,,,,,,,
campaign_e_out,out_n100000_rho0.6_independent-positive_seed4.pcf,dhfma,1,0,124705140,63129,63128,6249792663993604519,39932,23f703aa3bc9,2026-08-28T19:49:16Z,100000,60103,39897,,,,,,,,,,,,,,,,,
campaign_e_out,out_n100000_rho0.6_independent-positive_seed4.pcf,dhfma,2,0,126860716,63129,63128,6249792663993604519,39932,23f703aa3bc9,2026-08-28T19:49:16Z,100000,60103,39897,,,,,,,,,,,,,,,,,
campaign_e_out,out_n100000_rho0.6_independent-signed_seed0.pcf,dhfma,0,0,132620658,65916,65915,12463139573935700630,41412,23f703aa3bc9,2026-08-28T19:49:16Z,100000,59964,40036,,,,,,,,,,,,,,,,,
campaign_e_out,out_n100000_rho0.6_independent-signed_seed0.pcf,dhfma,1,0,129443817,65916,65915,12463139573935700630,42356,23f703aa3bc9,2026-08-28T19:49:16Z,100000,59964,40036,,,,,,,,,,,,,,,,,
campaign_e_out,out_n100000_rho0.6_independent-signed_seed0.pcf,dhfma,2,0,129843957,65916,65915,12463139573935700630,45060,23f703aa3bc9,2026-08-28T19:49:16Z,100000,59964,40036,,,,,,,,,,,,,,,,,
campaign_e_out,out_n100000_rho0.6_independent-signed_seed1.pcf,dhfma,0,0,132359643,65993,65992,2338548812238674213,41404,23f703aa3bc9,2026-08-28T19:49:16Z,100000,59954,40046,,,,,,,,,,,,,,,,,
campaign_e_out,out_n100000_rho0.6_independent-signed_seed1.pcf,dhfma,1,0,128459693,65993,65992,2338548812238674213,41888,23f703aa3bc9,2026-08-28T19:49:16Z,100000,59954,40046,,,,,,,,,,,,,,,,,
campaign_e_out,out_n100000_rho0.6_independent-signed_seed1.pcf,dhfma,2,0,128578230,65993,65992,2338548812238674213,44864,23f703aa3bc9,2026-08-28T19:49:16Z,100000,59954,40046,,,,,,,,,,,,,,,,,
campaign_e_out,out_n100000_rho0.6_independent-signed_seed2.pcf,dhfma,0,0,133109220,65697,65696,15654648443553608415,41400,23f703aa3bc9,2026-08-28T19:49:17Z,100000,60103,39897,,,,,,,,,,,,,,,,,
campaign_e_out,out_n100000_rho0.6_independent-signed_seed2.pcf,dhfma,1,0,129936592,65697,65696,15654648443553608415,42332,23f703aa3bc9,2026-08-28T19:49:17Z,100000,60103,39897,,,,,,,,,,,,,,,,,
campaign_e_out,out_n100000_rho0.6_independent-signed_seed2.pcf,dhfma,2,0,129232126,65697,65696,15654648443553608415,42332,23f703aa3bc9,2026-08-28T19:49:17Z,100000,60103,39897,,,,,,,,,,,,,,,,,
campaign_e_out,out_n100000_rho0.6_independent-signed_seed3.pcf,dhfma,0,0,128737076,66147,66146,5608752403225064036,40944,23f703aa3bc9,2026-08-28T19:49:17Z,100000,59762,40238,,,,,,,,,,,,,,,,,
campaign_e_out,out_n100000_rho0.6_independent-signed_seed3.pcf,dhfma,1,0,125841681,66147,66146,5608752403225064036,43428,23f703aa3bc9,2026-08-28T19:49:17Z,100000,59762,40238,,,,,,,,,,,,,,,,,
campaign_e_out,out_n100000_rho0.6_independent-signed_seed3.pcf,dhfma,2,0,125558439,66147,66146,5608752403225064036,43428,23f703aa3bc9,2026-08-28T19:49:17Z,100000,59762,40238,,,,,,,,,,,,,,,,,
campaign_e_out,out_n100000_rho0.6_independent-signed_seed4.pcf,dhfma,0,0,133908576,66009,66008,2126718269035148429,41572,23f703aa3bc9,2026-08-28T19:49:18Z,100000,60099,39901,,,,,,,,,,,,,,,,,
campaign_e_out,out_n100000_rho0.6_independent-signed_seed4.pcf,dhfma,1,0,132612842,66009,66008,2126718269035148429,42188,23f703aa3bc9,2026-08-28T19:49:18Z,100000,60099,39901,,,,,,,,,,,,,,,,,
campaign_e_out,out_n100000_rho0.6_independent-signed_seed4.pcf,dhfma,2,0,132505485,66009,66008,2126718269035148429,42188,23f703aa3bc9,2026-08-28T19:49:18Z,100000,60099,39901,,,,,,,,,,,,,,,,,
campaign_e_out,out_n100000_rho0.6_near-ties_seed0.pcf,dhfma,0,0,120492452,1476,1475,6378985165068991926,28832,23f703aa3bc9,2026-08-28T19:49:18Z,100000,59751,40249,,,,,,,,,,,,,,,,,
campaign_e_out,out_n100000_rho0.6_near-ties_seed0.pcf,dhfma,1,0,119362140,1476,1475,6378985165068991926,32256,23f703aa3bc9,2026-08-28T19:49:18Z,100000,59751,40249,,,,,,,,,,,,,,,,,
campaign_e_out,out_n100000_rho0.6_near-ties_seed0.pcf,dhfma,2,0,120110722,1476,1475,6378985165068991926,32256,23f703aa3bc9,2026-08-28T19:49:18Z,100000,59751,40249,,,,,,,,,,,,,,,,,
campaign_e_out,out_n100000_rho0.6_near-ties_seed1.pcf,dhfma,0,0,120337188,1474,1473,13294674677781545001,29308,23f703aa3bc9,2026-08-28T19:49:18Z,100000,59773,40227,,,,,,,,,,,,,,,,,
campaign_e_out,out_n100000_rho0.6_near-ties_seed1.pcf,dhfma,1,0,119296023,1474,1473,13294674677781545001,32656,23f703aa3bc9,2026-08-28T19:49:18Z,100000,59773,40227,,,,,,,,,,,,,,,,,
campaign_e_out,out_n100000_rho0.6_near-ties_seed1.pcf,dhfma,2,0,118349450,1474,1473,13294674677781545001,32656,23f703aa3bc9,2026-08-28T19:49:19Z,100000,59773,40227,,,,,,,,,,,,,,,,,
campaign_e_out,out_n100000_rho0.6_near-ties_seed2.pcf,dhfma,0,0,117731143,1474,1473,16316870444341115880,28840,23f703aa3bc9,2026-08-28T19:49:19Z,100000,59985,40015,,,,,,,,,,,,,,,,,
campaign_e_out,out_n100000_rho0.6_near-ties_seed2.pcf,dhfma,1,0,117666684,1474,1473,16316870444341115880,32324,23f703aa3bc9,2026-08-28T19:49:19Z,100000,59985,40015,,,,,,,,,,,,,,,,,
campaign_e_out,out_n100000_rho0.6_near-ties_seed2.pcf,dhfma,2,0,116321467,1474,1473,16316870444341115880,32992,23f703aa3bc9,2026-08-28T19:49:19Z,100000,59985,40015,,,,,,,,,,,,,,,,,
campaign_e_out,out_n100000_rho0.6_near-ties_seed3.pcf,dhfma,0,0,118678599,1480,1479,14031125114334790418,28676,23f703aa3bc9,2026-08-28T19:49:19Z,100000,59751,40249,,,,,,,,,,,,,,,,,
campaign_e_out,out_n100000_rho0.6_near-ties_seed3.pcf,dhfma,1,0,118248045,1480,1479,14031125114334790418,33392,23f703aa3bc9,2026-08-28T19:49:19Z,100000,59751,40249,,,,,,,,,,,,,,,,,
campaign_e_out,out_n100000_rho0.6_near-ties_seed3.pcf,dhfma,2,0,117601436,1480,1479,14031125114334790418,33404,23f703aa3bc9,2026-08-28T19:49:19Z,100000,59751,40249,,,,,,,,,,,,,,,,,
campaign_e_out,out_n100000_rho0.6_near-ties_seed4.pcf,dhfma,0,0,126625193,1502,1501,18226980535351146650,35288,23f703aa3bc9,2026-08-28T19:49:19Z,100000,59982,40018,,,,,,,,,,,,,,,,,
campaign_e_out,out_n100000_rho0.6_near-ties_seed4.pcf,dhfma,1,0,125791251,1502,1501,18226980535351146650,38636,23f703aa3bc9,2026-08-28T19:49:20Z,100000,59982,40018,,,,,,,,,,,,,,,,,
campaign_e_out,out_n100000_rho0.6_near-ties_seed4.pcf,dhfma,2,0,126788031,1502,1501,18226980535351146650,39604,23f703aa3bc9,2026-08-28T19:49:20Z,100000,59982,40018,,,,,,,,,,,,,,,,,
campaign_e_out,out_n100000_rho1.0_anti-correlated_seed0.pcf,dhfma,0,0,2495738616,42091,42090,356699731135572933,218904,23f703aa3bc9,2026-08-28T19:49:22Z,100000,99999,1,,,,,,,,,,,,,,,,,
campaign_e_out,out_n100000_rho1.0_anti-correlated_seed0.pcf,dhfma,1,0,2481990760,42091,42090,356699731135572933,266228,23f703aa3bc9,2026-08-28T19:49:25Z,100000,99999,1,,,,,,,,,,,,,,,,,
campaign_e_out,out_n100000_rho1.0_anti-correlated_seed0.pcf,dhfma,2,0,2461751138,42091,42090,356699731135572933,267844,23f703aa3bc9,2026-08-28T19:49:27Z,100000,99999,1,,,,,,,,,,,,,,,,,
campaign_e_out,out_n100000_rho1.0_anti-correlated_seed1.pcf,dhfma,0,0,2912946383,42150,42149,10738910664476137265,219696,23f703aa3bc9,2026-08-28T19:49:30Z,100000,99999,1,,,,,,,,,,,,,,,,,
campaign_e_out,out_n100000_rho1.0_anti-correlated_seed1.pcf,dhfma,1,0,2914838104,42150,42149,10738910664476137265,266584,23f703aa3bc9,2026-08-28T19:49:33Z,100000,99999,1,,,,,,,,,,,,,,,,,
campaign_e_out,out_n100000_rho1.0_anti-correlated_seed1.pcf,dhfma,2,0,2906140419,42150,42149,10738910664476137265,269044,23f703aa3bc9,2026-08-28T19:49:36Z,100000,99999,1,,,,,,,,,,,,,,,,,
campaign_e_out,out_n100000_rho1.0_anti-correlated_seed2.pcf,dhfma,0,0,2293132682,42223,42222,3704094104328184082,218904,23f703aa3bc9,2026-08-28T19:49:38Z,100000,99999,1,,,,,,,,,,,,,,,,,
campaign_e_out,out_n100000_rho1.0_anti-correlated_seed2.pcf,dhfma,1,0,2289868429,42223,42222,3704094104328184082,268528,23f703aa3bc9,2026-08-28T19:49:41Z,100000,99999,1,,,,,,,,,,,,,,,,,
campaign_e_out,out_n100000_rho1.0_anti-correlated_seed2.pcf,dhfma,2,0,2295171574,42223,42222,3704094104328184082,268528,23f703aa3bc9,2026-08-28T19:49:43Z,100000,99999,1,,,,,,,,,,,,,,,,,
campaign_e_out,out_n100000_rho1.0_anti-correlated_seed3.pcf,dhfma,0,0,2683000489,42180,42179,3107617445376088993,220084,23f703aa3bc9,2026-08-28T19:49:46Z,100000,99999,1,,,,,,,,,,,,,,,,,
campaign_e_out,out_n100000_rho1.0_anti-correlated_seed3.pcf,dhfma,1,0,2677730291,42180,42179,3107617445376088993,267352,23f703aa3bc9,2026-08-28T19:49:48Z,100000,99999,1,,,,,,,,,,,,,,,,,
campaign_e_out,out_n100000_rho1.0_anti-correlated_seed3.pcf,dhfma,2,0,2668543090,42180,42179,3107617445376088993,269996,23f703aa3bc9,2026-08-28T19:49:51Z,100000,99999,1,,,,,,,,,,,,,,,,,
campaign_e_out,out_n100000_rho1.0_anti-correlated_seed4.pcf,dhfma,0,0,2343997604,42369,42368,7802133205323969673,219312,23f703aa3bc9,2026-08-28T19:49:53Z,100000,99999,1,,,,,,,,,,,,,,,,,
campaign_e_out,out_n100000_rho1.0_anti-correlated_seed4.pcf,dhfma,1,0,2342192791,42369,42368,7802133205323969673,268740,23f703aa3bc9,2026-08-28T19:49:56Z,100000,99999,1,,,,,,,,,,,,,,,,,
campaign_e_out,out_n100000_rho1.0_anti-correlated_seed4.pcf,dhfma,2,0,2332513855,42369,42368,7802133205323969673,268740,23f703aa3bc9,2026-08-28T19:49:58Z,100000,99999,1,,,,,,,,,,,,,,,,,
campaign_e_out,out_n100000_rho1.0_correlated_seed0.pcf,dhfma,0,0,2065072100,33501,33500,13632068095351782673,218908,23f703aa3bc9,2026-08-28T19:50:00Z,100000,99999,1,,,,,,,,,,,,,,,,,
campaign_e_out,out_n100000_rho1.0_correlated_seed0.pcf,dhfma,1,0,2053609021,33501,33500,13632068095351782673,266568,23f703aa3bc9,2026-08-28T19:50:02Z,100000,99999,1,,,,,,,,,,,,,,,,,
campaign_e_out,out_n100000_rho1.0_correlated_seed0.pcf,dhfma,2,0,2049180693,33501,33500,13632068095351782673,266680,23f703aa3bc9,2026-08-28T19:50:04Z,100000,99999,1,,,,,,,,,,,,,,,,,
campaign_e_out,out_n100000_rho1.0_correlated_seed1.pcf,dhfma,0,0,1854469185,33529,33528,10618243057725963927,219696,23f703aa3bc9,2026-08-28T19:50:06Z,100000,99999,1,,,,,,,,,,,,,,,,,
campaign_e_out,out_n100000_rho1.0_correlated_seed1.pcf,dhfma,1,0,1849456417,33529,33528,10618243057725963927,267348,23f703aa3bc9,2026-08-28T19:50:08Z,100000,99999,1,,,,,,,,,,,,,,,,,
campaign_e_out,out_n100000_rho1.0_correlated_seed1.pcf,dhfma,2,0,1850769761,33529,33528,10618243057725963927,267348,23f703aa3bc9,2026-08-28T19:50:10Z,100000,99999,1,,,,,,,,,,,,,,,,,
campaign_e_out,out_n100000_rho1.0_correlated_seed2.pcf,dhfma,0,0,1864209903,33693,33692,4574492377216710772,218740,23f703aa3bc9,2026-08-28T19:50:12Z,100000,99999,1,,,,,,,,,,,,,,,,,
campaign_e_out,out_n100000_rho1.0_correlated_seed2.pcf,dhfma,1,0,1864327324,33693,33692,4574492377216710772,267156,23f703aa3bc9,2026-08-28T19:50:14Z,100000,99999,1,,,,,,,,,,,,,,,,,
campaign_e_out,out_n100000_rho1.0_correlated_seed2.pcf,dhfma,2,0,1895775004,33693,33692,4574492377216710772,267156,23f703aa3bc9,2026-08-28T19:50:16Z,100000,99999,1,,,,,,,,,,,,,,,,,
campaign_e_out,out_n100000_rho1.0_correlated_seed3.pcf,dhfma,0,0,1817549863,33616,33615,1572253308359485648,219924,23f703aa3bc9,2026-08-28T19:50:17Z,100000,99999,1,,,,,,,,,,,,,,,,,
campaign_e_out,out_n100000_rho1.0_correlated_seed3.pcf,dhfma,1,0,1817171125,33616,33615,1572253308359485648,268128,23f703aa3bc9,2026-08-28T19:50:19Z,100000,99999,1,,,,,,,,,,,,,,,,,
campaign_e_out,out_n100000_rho1.0_correlated_seed3.pcf,dhfma,2,0,1819188070,33616,33615,1572253308359485648,268500,23f703aa3bc9,2026-08-28T19:50:21Z,100000,99999,1,,,,,,,,,,,,,,,,,
campaign_e_out,out_n100000_rho1.0_correlated_seed4.pcf,dhfma,0,0,1887483661,33408,33407,5710853035552274820,219308,23f703aa3bc9,2026-08-28T19:50:23Z,100000,99999,1,,,,,,,,,,,,,,,,,
campaign_e_out,out_n100000_rho1.0_correlated_seed4.pcf,dhfma,1,0,1855361794,33408,33407,5710853035552274820,266284,23f703aa3bc9,2026-08-28T19:50:25Z,100000,99999,1,,,,,,,,,,,,,,,,,
campaign_e_out,out_n100000_rho1.0_correlated_seed4.pcf,dhfma,2,0,1855422265,33408,33407,5710853035552274820,267608,23f703aa3bc9,2026-08-28T19:50:27Z,100000,99999,1,,,,,,,,,,,,,,,,,
campaign_e_out,out_n100000_rho1.0_exact-ties_seed0.pcf,dhfma,0,0,2521072206,16359,16358,17278746670462514694,218912,23f703aa3bc9,2026-08-28T19:50:29Z,100000,99999,1,,,,,,,,,,,,,,,,,
campaign_e_out,out_n100000_rho1.0_exact-ties_seed0.pcf,dhfma,1,0,2518926661,16359,16358,17278746670462514694,266848,23f703aa3bc9,2026-08-28T19:50:32Z,100000,99999,1,,,,,,,,,,,,,,,,,
campaign_e_out,out_n100000_rho1.0_exact-ties_seed0.pcf,dhfma,2,0,2524987885,16359,16358,17278746670462514694,267620,23f703aa3bc9,2026-08-28T19:50:34Z,100000,99999,1,,,,,,,,,,,,,,,,,
campaign_e_out,out_n100000_rho1.0_exact-ties_seed1.pcf,dhfma,0,0,2282010406,16317,16316,4979473689711713494,220080,23f703aa3bc9,2026-08-28T19:50:37Z,100000,99999,1,,,,,,,,,,,,,,,,,
campaign_e_out,out_n100000_rho1.0_exact-ties_seed1.pcf,dhfma,1,0,2266205584,16317,16316,4979473689711713494,267856,23f703aa3bc9,2026-08-28T19:50:39Z,100000,99999,1,,,,,,,,,,,,,,,,,
campaign_e_out,out_n100000_rho1.0_exact-ties_seed1.pcf,dhfma,2,0,2264428729,16317,16316,4979473689711713494,268588,23f703aa3bc9,2026-08-28T19:50:41Z,100000,99999,1,,,,,,,,,,,,,,,,,
campaign_e_out,out_n100000_rho1.0_exact-ties_seed2.pcf,dhfma,0,0,1979534226,16404,16403,14166901613215669795,219532,23f703aa3bc9,2026-08-28T19:50:43Z,100000,99999,1,,,,,,,,,,,,,,,,,
campaign_e_out,out_n100000_rho1.0_exact-ties_seed2.pcf,dhfma,1,0,1992535361,16404,16403,14166901613215669795,266688,23f703aa3bc9,2026-08-28T19:50:45Z,100000,99999,1,,,,,,,,,,,,,,,,,
campaign_e_out,out_n100000_rho1.0_exact-ties_seed2.pcf,dhfma,2,0,1986249261,16404,16403,14166901613215669795,267456,23f703aa3bc9,2026-08-28T19:50:47Z,100000,99999,1,,,,,,,,,,,,,,,,,
campaign_e_out,out_n100000_rho1.0_exact-ties_seed3.pcf,dhfma,0,0,1767198627,16187,16186,16351871738394586504,219536,23f703aa3bc9,2026-08-28T19:50:49Z,100000,99999,1,,,,,,,,,,,,,,,,,
campaign_e_out,out_n100000_rho1.0_exact-ties_seed3.pcf,dhfma,1,0,1764042113,16187,16186,16351871738394586504,266076,23f703aa3bc9,2026-08-28T19:50:51Z,100000,99999,1,,,,,,,,,,,,,,,,,
campaign_e_out,out_n100000_rho1.0_exact-ties_seed3.pcf,dhfma,2,0,1761318088,16187,16186,16351871738394586504,266572,23f703aa3bc9,2026-08-28T19:50:53Z,100000,99999,1,,,,,,,,,,,,,,,,,
campaign_e_out,out_n100000_rho1.0_exact-ties_seed4.pcf,dhfma,0,0,2884046413,16196,16195,196302085139181778,219512,23f703aa3bc9,2026-08-28T19:50:55Z,100000,99999,1,,,,,,,,,,,,,,,,,
campaign_e_out,out_n100000_rho1.0_exact-ties_seed4.pcf,dhfma,1,0,2884207707,16196,16195,196302085139181778,267444,23f703aa3bc9,2026-08-28T19:50:58Z,100000,99999,1,,,,,,,,,,,,,,,,,
campaign_e_out,out_n100000_rho1.0_exact-ties_seed4.pcf,dhfma,2,0,2892167669,16196,16195,196302085139181778,268608,23f703aa3bc9,2026-08-28T19:51:01Z,100000,99999,1,,,,,,,,,,,,,,,,,
campaign_e_out,out_n100000_rho1.0_independent-positive_seed0.pcf,dhfma,0,0,1993947888,46900,46899,675178846830775501,219300,23f703aa3bc9,2026-08-28T19:51:03Z,100000,99999,1,,,,,,,,,,,,,,,,,
campaign_e_out,out_n100000_rho1.0_independent-positive_seed0.pcf,dhfma,1,0,1993399824,46900,46899,675178846830775501,266716,23f703aa3bc9,2026-08-28T19:51:05Z,100000,99999,1,,,,,,,,,,,,,,,,,
campaign_e_out,out_n100000_rho1.0_independent-positive_seed0.pcf,dhfma,2,0,1979368248,46900,46899,675178846830775501,268252,23f703aa3bc9,2026-08-28T19:51:07Z,100000,99999,1,,,,,,,,,,,,,,,,,
campaign_e_out,out_n100000_rho1.0_independent-positive_seed1.pcf,dhfma,0,0,1836228671,46835,46834,10850534591810240277,219704,23f703aa3bc9,2026-08-28T19:51:09Z,100000,99999,1,,,,,,,,,,,,,,,,,
campaign_e_out,out_n100000_rho1.0_independent-positive_seed1.pcf,dhfma,1,0,1834153585,46835,46834,10850534591810240277,268068,23f703aa3bc9,2026-08-28T19:51:11Z,100000,99999,1,,,,,,,,,,,,,,,,,
campaign_e_out,out_n100000_rho1.0_independent-positive_seed1.pcf,dhfma,2,0,1824028628,46835,46834,10850534591810240277,268068,23f703aa3bc9,2026-08-28T19:51:13Z,100000,99999,1,,,,,,,,,,,,,,,,,
campaign_e_out,out_n100000_rho1.0_independent-positive_seed2.pcf,dhfma,0,0,2666711987,46984,46983,580663214616535319,219684,23f703aa3bc9,2026-08-28T19:51:16Z,100000,99999,1,,,,,,,,,,,,,,,,,
campaign_e_out,out_n100000_rho1.0_independent-positive_seed2.pcf,dhfma,1,0,2665712426,46984,46983,580663214616535319,268264,23f703aa3bc9,2026-08-28T19:51:18Z,100000,99999,1,,,,,,,,,,,,,,,,,
campaign_e_out,out_n100000_rho1.0_independent-positive_seed2.pcf,dhfma,2,0,2659667353,46984,46983,580663214616535319,268264,23f703aa3bc9,2026-08-28T19:51:21Z,100000,99999,1,,,,,,,,,,,,,,,,,
campaign_e_out,out_n100000_rho1.0_independent-positive_seed3.pcf,dhfma,0,0,2238725655,47128,47127,15717355541208927557,220088,23f703aa3bc9,2026-08-28T19:51:23Z,100000,99999,1,,,,,,,,,,,,,,,,,
campaign_e_out,out_n100000_rho1.0_independent-positive_seed3.pcf,dhfma,1,0,2220876881,47128,47127,15717355541208927557,267716,23f703aa3bc9,2026-08-28T19:51:25Z,100000,99999,1,,,,,,,,,,,,,,,,,
campaign_e_out,out_n100000_rho1.0_independent-positive_seed3.pcf,dhfma,2,0,2219779206,47128,47127,15717355541208927557,268484,23f703aa3bc9,2026-08-28T19:51:28Z,100000,99999,1,,,,,,,,,,,,,,,,,
campaign_e_out,out_n100000_rho1.0_independent-positive_seed4.pcf,dhfma,0,0,2285412185,46913,46912,10257710728215220426,220460,23f703aa3bc9,2026-08-28T19:51:30Z,100000,99999,1,,,,,,,,,,,,,,,,,
campaign_e_out,out_n100000_rho1.0_independent-positive_seed4.pcf,dhfma,1,0,2279596219,46913,46912,10257710728215220426,268880,23f703aa3bc9,2026-08-28T19:51:32Z,100000,99999,1,,,,,,,,,,,,,,,,,
campaign_e_out,out_n100000_rho1.0_independent-positive_seed4.pcf,dhfma,2,0,2286453440,46913,46912,10257710728215220426,268880,23f703aa3bc9,2026-08-28T19:51:35Z,100000,99999,1,,,,,,,,,,,,,,,,,
campaign_e_out,out_n100000_rho1.0_independent-signed_seed0.pcf,dhfma,0,0,1603486064,48294,48293,3945898646380547508,122092,23f703aa3bc9,2026-08-28T19:51:36Z,100000,99999,1,,,,,,,,,,,,,,,,,
campaign_e_out,out_n100000_rho1.0_independent-signed_seed0.pcf,dhfma,1,0,1597080751,48294,48293,3945898646380547508,168248,23f703aa3bc9,2026-08-28T19:51:38Z,100000,99999,1,,,,,,,,,,,,,,,,,
campaign_e_out,out_n100000_rho1.0_independent-signed_seed0.pcf,dhfma,2,0,1584448876,48294,48293,3945898646380547508,169788,23f703aa3bc9,2026-08-28T19:51:39Z,100000,99999,1,,,,,,,,,,,,,,,,,
campaign_e_out,out_n100000_rho1.0_independent-signed_seed1.pcf,dhfma,0,0,1860734596,48438,48437,16799814001848639068,219300,23f703aa3bc9,2026-08-28T19:51:41Z,100000,99999,1,,,,,,,,,,,,,,,,,
campaign_e_out,out_n100000_rho1.0_independent-signed_seed1.pcf,dhfma,1,0,1854500552,48438,48437,16799814001848639068,266868,23f703aa3bc9,2026-08-28T19:51:43Z,100000,99999,1,,,,,,,,,,,,,,,,,
campaign_e_out,out_n100000_rho1.0_independent-signed_seed1.pcf,dhfma,2,0,1848013067,48438,48437,16799814001848639068,268404,23f703aa3bc9,2026-08-28T19:51:45Z,100000,99999,1,,,,,,,,,,,,,,,,,
campaign_e_out,out_n100000_rho1.0_independent-signed_seed2.pcf,dhfma,0,0,1881551851,48412,48411,41996550829613204,219292,23f703aa3bc9,2026-08-28T19:51:47Z,100000,99999,1,,,,,,,,,,,,,,,,,
campaign_e_out,out_n100000_rho1.0_independent-signed_seed2.pcf,dhfma,1,0,1860758457,48412,48411,41996550829613204,268224,23f703aa3bc9,2026-08-28T19:51:49Z,100000,99999,1,,,,,,,,,,,,,,,,,
campaign_e_out,out_n100000_rho1.0_independent-signed_seed2.pcf,dhfma,2,0,1848165829,48412,48411,41996550829613204,268224,23f703aa3bc9,2026-08-28T19:51:51Z,100000,99999,1,,,,,,,,,,,,,,,,,
campaign_e_out,out_n100000_rho1.0_independent-signed_seed3.pcf,dhfma,0,0,1675253048,48661,48660,15062287727026869095,126412,23f703aa3bc9,2026-08-28T19:51:52Z,100000,99999,1,,,,,,,,,,,,,,,,,
campaign_e_out,out_n100000_rho1.0_independent-signed_seed3.pcf,dhfma,1,0,1672469957,48661,48660,15062287727026869095,169780,23f703aa3bc9,2026-08-28T19:51:54Z,100000,99999,1,,,,,,,,,,,,,,,,,
campaign_e_out,out_n100000_rho1.0_independent-signed_seed3.pcf,dhfma,2,0,1660438922,48661,48660,15062287727026869095,169780,23f703aa3bc9,2026-08-28T19:51:56Z,100000,99999,1,,,,,,,,,,,,,,,,,
campaign_e_out,out_n100000_rho1.0_independent-signed_seed4.pcf,dhfma,0,0,2102068459,48361,48360,15697502820408040708,219700,23f703aa3bc9,2026-08-28T19:51:58Z,100000,99999,1,,,,,,,,,,,,,,,,,
campaign_e_out,out_n100000_rho1.0_independent-signed_seed4.pcf,dhfma,1,0,2100230882,48361,48360,15697502820408040708,268016,23f703aa3bc9,2026-08-28T19:52:00Z,100000,99999,1,,,,,,,,,,,,,,,,,
campaign_e_out,out_n100000_rho1.0_independent-signed_seed4.pcf,dhfma,2,0,2085920331,48361,48360,15697502820408040708,268016,23f703aa3bc9,2026-08-28T19:52:02Z,100000,99999,1,,,,,,,,,,,,,,,,,
campaign_e_out,out_n100000_rho1.0_near-ties_seed0.pcf,dhfma,0,0,1884505507,2139,2138,10431020146093259306,220480,23f703aa3bc9,2026-08-28T19:52:04Z,100000,99999,1,,,,,,,,,,,,,,,,,
campaign_e_out,out_n100000_rho1.0_near-ties_seed0.pcf,dhfma,1,0,1892066899,2139,2138,10431020146093259306,267832,23f703aa3bc9,2026-08-28T19:52:06Z,100000,99999,1,,,,,,,,,,,,,,,,,
campaign_e_out,out_n100000_rho1.0_near-ties_seed0.pcf,dhfma,2,0,1905205979,2139,2138,10431020146093259306,267832,23f703aa3bc9,2026-08-28T19:52:08Z,100000,99999,1,,,,,,,,,,,,,,,,,
campaign_e_out,out_n100000_rho1.0_near-ties_seed1.pcf,dhfma,0,0,2007607415,2144,2143,17399974016147298945,219684,23f703aa3bc9,2026-08-28T19:52:10Z,100000,99999,1,,,,,,,,,,,,,,,,,
campaign_e_out,out_n100000_rho1.0_near-ties_seed1.pcf,dhfma,1,0,2011917982,2144,2143,17399974016147298945,266664,23f703aa3bc9,2026-08-28T19:52:12Z,100000,99999,1,,,,,,,,,,,,,,,,,
campaign_e_out,out_n100000_rho1.0_near-ties_seed1.pcf,dhfma,2,0,2010853913,2144,2143,17399974016147298945,267816,23f703aa3bc9,2026-08-28T19:52:14Z,100000,99999,1,,,,,,,,,,,,,,,,,
campaign_e_out,out_n100000_rho1.0_near-ties_seed2.pcf,dhfma,0,0,1686863986,2138,2137,10035745253549159945,121760,23f703aa3bc9,2026-08-28T19:52:16Z,100000,99999,1,,,,,,,,,,,,,,,,,
campaign_e_out,out_n100000_rho1.0_near-ties_seed2.pcf,dhfma,1,0,1689059301,2138,2137,10035745253549159945,169100,23f703aa3bc9,2026-08-28T19:52:17Z,100000,99999,1,,,,,,,,,,,,,,,,,
campaign_e_out,out_n100000_rho1.0_near-ties_seed2.pcf,dhfma,2,0,1689464184,2138,2137,10035745253549159945,169852,23f703aa3bc9,2026-08-28T19:52:19Z,100000,99999,1,,,,,,,,,,,,,,,,,
campaign_e_out,out_n100000_rho1.0_near-ties_seed3.pcf,dhfma,0,0,2427134303,2162,2161,2984290102372411412,219696,23f703aa3bc9,2026-08-28T19:52:21Z,100000,99999,1,,,,,,,,,,,,,,,,,
campaign_e_out,out_n100000_rho1.0_near-ties_seed3.pcf,dhfma,1,0,2438722164,2162,2161,2984290102372411412,267432,23f703aa3bc9,2026-08-28T19:52:24Z,100000,99999,1,,,,,,,,,,,,,,,,,
campaign_e_out,out_n100000_rho1.0_near-ties_seed3.pcf,dhfma,2,0,2437097606,2162,2161,2984290102372411412,268216,23f703aa3bc9,2026-08-28T19:52:26Z,100000,99999,1,,,,,,,,,,,,,,,,,
campaign_e_out,out_n100000_rho1.0_near-ties_seed4.pcf,dhfma,0,0,2271800013,2091,2090,12481633713411807290,219704,23f703aa3bc9,2026-08-28T19:52:29Z,100000,99999,1,,,,,,,,,,,,,,,,,
campaign_e_out,out_n100000_rho1.0_near-ties_seed4.pcf,dhfma,1,0,2276327250,2091,2090,12481633713411807290,266680,23f703aa3bc9,2026-08-28T19:52:31Z,100000,99999,1,,,,,,,,,,,,,,,,,
campaign_e_out,out_n100000_rho1.0_near-ties_seed4.pcf,dhfma,2,0,2271291840,2091,2090,12481633713411807290,267448,23f703aa3bc9,2026-08-28T19:52:33Z,100000,99999,1,,,,,,,,,,,,,,,,,
campaign_e_out,out_n10000_rho0.6_anti-correlated_seed0.pcf,dhfma,0,0,11214213,6747,6746,12510011423991854877,13440,23f703aa3bc9,2026-08-28T19:52:33Z,10000,6125,3875,,,,,,,,,,,,,,,,,
campaign_e_out,out_n10000_rho0.6_anti-correlated_seed0.pcf,dhfma,1,0,10420604,6747,6746,12510011423991854877,13440,23f703aa3bc9,2026-08-28T19:52:33Z,10000,6125,3875,,,,,,,,,,,,,,,,,
campaign_e_out,out_n10000_rho0.6_anti-correlated_seed0.pcf,dhfma,2,0,10542674,6747,6746,12510011423991854877,13440,23f703aa3bc9,2026-08-28T19:52:33Z,10000,6125,3875,,,,,,,,,,,,,,,,,
campaign_e_out,out_n10000_rho0.6_anti-correlated_seed1.pcf,dhfma,0,0,10305558,6750,6749,2733108090587844772,13440,23f703aa3bc9,2026-08-28T19:52:33Z,10000,6045,3955,,,,,,,,,,,,,,,,,
campaign_e_out,out_n10000_rho0.6_anti-correlated_seed1.pcf,dhfma,1,0,9912425,6750,6749,2733108090587844772,13440,23f703aa3bc9,2026-08-28T19:52:33Z,10000,6045,3955,,,,,,,,,,,,,,,,,
campaign_e_out,out_n10000_rho0.6_anti-correlated_seed1.pcf,dhfma,2,0,9906794,6750,6749,2733108090587844772,13440,23f703aa3bc9,2026-08-28T19:52:33Z,10000,6045,3955,,,,,,,,,,,,,,,,,
campaign_e_out,out_n10000_rho0.6_anti-correlated_seed2.pcf,dhfma,0,0,10080837,6777,6776,11696248036798171771,13440,23f703aa3bc9,2026-08-28T19:52:33Z,10000,6014,3986,,,,,,,,,,,,,,,,,
campaign_e_out,out_n10000_rho0.6_anti-correlated_seed2.pcf,dhfma,1,0,9601699,6777,6776,11696248036798171771,13440,23f703aa3bc9,2026-08-28T19:52:33Z,10000,6014,3986,,,,,,,,,,,,,,,,,
campaign_e_out,out_n10000_rho0.6_anti-correlated_seed2.pcf,dhfma,2,0,9805215,6777,6776,11696248036798171771,13440,23f703aa3bc9,2026-08-28T19:52:33Z,10000,6014,3986,,,,,,,,,,,,,,,,,
campaign_e_out,out_n10000_rho0.6_anti-correlated_seed3.pcf,dhfma,0,0,10233914,6784,6783,6864571833475928696,13440,23f703aa3bc9,2026-08-28T19:52:33Z,10000,6028,3972,,,,,,,,,,,,,,,,,
campaign_e_out,out_n10000_rho0.6_anti-correlated_seed3.pcf,dhfma,1,0,9767651,6784,6783,6864571833475928696,13440,23f703aa3bc9,2026-08-28T19:52:33Z,10000,6028,3972,,,,,,,,,,,,,,,,,
campaign_e_out,out_n10000_rho0.6_anti-correlated_seed3.pcf,dhfma,2,0,9919531,6784,6783,6864571833475928696,13440,23f703aa3bc9,2026-08-28T19:52:33Z,10000,6028,3972,,,,,,,,,,,,,,,,,
campaign_e_out,out_n10000_rho0.6_anti-correlated_seed4.pcf,dhfma,0,0,10280763,6761,6760,9359889814275212193,13440,23f703aa3bc9,2026-08-28T19:52:33Z,10000,6079,3921,,,,,,,,,,,,,,,,,
campaign_e_out,out_n10000_rho0.6_anti-correlated_seed4.pcf,dhfma,1,0,9657625,6761,6760,9359889814275212193,13440,23f703aa3bc9,2026-08-28T19:52:33Z,10000,6079,3921,,,,,,,,,,,,,,,,,
campaign_e_out,out_n10000_rho0.6_anti-correlated_seed4.pcf,dhfma,2,0,9855042,6761,6760,9359889814275212193,13440,23f703aa3bc9,2026-08-28T19:52:33Z,10000,6079,3921,,,,,,,,,,,,,,,,,
campaign_e_out,out_n10000_rho0.6_correlated_seed0.pcf,dhfma,0,0,10885409,6207,6206,7019589538499301281,13440,23f703aa3bc9,2026-08-28T19:52:33Z,10000,6125,3875,,,,,,,,,,,,,,,,,
campaign_e_out,out_n10000_rho0.6_correlated_seed0.pcf,dhfma,1,0,10561368,6207,6206,7019589538499301281,13440,23f703aa3bc9,2026-08-28T19:52:33Z,10000,6125,3875,,,,,,,,,,,,,,,,,
campaign_e_out,out_n10000_rho0.6_correlated_seed0.pcf,dhfma,2,0,10519108,6207,6206,7019589538499301281,13440,23f703aa3bc9,2026-08-28T19:52:33Z,10000,6125,3875,,,,,,,,,,,,,,,,,
campaign_e_out,out_n10000_rho0.6_correlated_seed1.pcf,dhfma,0,0,10094001,6242,6241,12650337879185373755,13440,23f703aa3bc9,2026-08-28T19:52:33Z,10000,6045,3955,,,,,,,,,,,,,,,,,
campaign_e_out,out_n10000_rho0.6_correlated_seed1.pcf,dhfma,1,0,9752812,6242,6241,12650337879185373755,13440,23f703aa3bc9,2026-08-28T19:52:33Z,10000,6045,3955,,,,,,,,,,,,,,,,,
campaign_e_out,out_n10000_rho0.6_correlated_seed1.pcf,dhfma,2,0,9598228,6242,6241,12650337879185373755,13440,23f703aa3bc9,2026-08-28T19:52:33Z,10000,6045,3955,,,,,,,,,,,,,,,,,
campaign_e_out,out_n10000_rho0.6_correlated_seed2.pcf,dhfma,0,0,9678313,6284,6283,17878284771533224630,13600,23f703aa3bc9,2026-08-28T19:52:33Z,10000,6014,3986,,,,,,,,,,,,,,,,,
campaign_e_out,out_n10000_rho0.6_correlated_seed2.pcf,dhfma,1,0,9221537,6284,6283,17878284771533224630,13600,23f703aa3bc9,2026-08-28T19:52:33Z,10000,6014,3986,,,,,,,,,,,,,,,,,
campaign_e_out,out_n10000_rho0.6_correlated_seed2.pcf,dhfma,2,0,9372602,6284,6283,17878284771533224630,13600,23f703aa3bc9,2026-08-28T19:52:33Z,10000,6014,3986,,,,,,,,,,,,,,,,,
campaign_e_out,out_n10000_rho0.6_correlated_seed3.pcf,dhfma,0,0,10153636,6362,6361,16462253486072805790,13600,23f703aa3bc9,2026-08-28T19:52:33Z,10000,6028,3972,,,,,,,,,,,,,,,,,
campaign_e_out,out_n10000_rho0.6_correlated_seed3.pcf,dhfma,1,0,9673143,6362,6361,16462253486072805790,13600,23f703aa3bc9,2026-08-28T19:52:33Z,10000,6028,3972,,,,,,,,,,,,,,,,,
campaign_e_out,out_n10000_rho0.6_correlated_seed3.pcf,dhfma,2,0,9753453,6362,6361,16462253486072805790,13600,23f703aa3bc9,2026-08-28T19:52:33Z,10000,6028,3972,,,,,,,,,,,,,,,,,
campaign_e_out,out_n10000_rho0.6_correlated_seed4.pcf,dhfma,0,0,10453837,6273,6272,12051350725609074100,13600,23f703aa3bc9,2026-08-28T19:52:33Z,10000,6079,3921,,,,,,,,,,,,,,,,,
campaign_e_out,out_n10000_rho0.6_correlated_seed4.pcf,dhfma,1,0,9938468,6273,6272,12051350725609074100,13600,23f703aa3bc9,2026-08-28T19:52:33Z,10000,6079,3921,,,,,,,,,,,,,,,,,
campaign_e_out,out_n10000_rho0.6_correlated_seed4.pcf,dhfma,2,0,10136212,6273,6272,12051350725609074100,13600,23f703aa3bc9,2026-08-28T19:52:34Z,10000,6079,3921,,,,,,,,,,,,,,,,,
campaign_e_out,out_n10000_rho0.6_exact-ties_seed0.pcf,dhfma,0,0,9255224,1781,1780,55312543021803855,13600,23f703aa3bc9,2026-08-28T19:52:34Z,10000,6083,3917,,,,,,,,,,,,,,,,,
campaign_e_out,out_n10000_rho0.6_exact-ties_seed0.pcf,dhfma,1,0,8970868,1781,1780,55312543021803855,13600,23f703aa3bc9,2026-08-28T19:52:34Z,10000,6083,3917,,,,,,,,,,,,,,,,,
campaign_e_out,out_n10000_rho0.6_exact-ties_seed0.pcf,dhfma,2,0,9099385,1781,1780,55312543021803855,13600,23f703aa3bc9,2026-08-28T19:52:34Z,10000,6083,3917,,,,,,,,,,,,,,,,,
campaign_e_out,out_n10000_rho0.6_exact-ties_seed1.pcf,dhfma,0,0,9225403,1742,1741,576886524348449470,13600,23f703aa3bc9,2026-08-28T19:52:34Z,10000,6133,3867,,,,,,,,,,,,,,,,,
campaign_e_out,out_n10000_rho0.6_exact-ties_seed1.pcf,dhfma,1,0,9024810,1742,1741,576886524348449470,13600,23f703aa3bc9,2026-08-28T19:52:34Z,10000,6133,3867,,,,,,,,,,,,,,,,,
campaign_e_out,out_n10000_rho0.6_exact-ties_seed1.pcf,dhfma,2,0,9105440,1742,1741,576886524348449470,13600,23f703aa3bc9,2026-08-28T19:52:34Z,10000,6133,3867,,,,,,,,,,,,,,,,,
campaign_e_out,out_n10000_rho0.6_exact-ties_seed2.pcf,dhfma,0,0,9793556,1736,1735,17627215453444850060,13600,23f703aa3bc9,2026-08-28T19:52:34Z,10000,5983,4017,,,,,,,,,,,,,,,,,
campaign_e_out,out_n10000_rho0.6_exact-ties_seed2.pcf,dhfma,1,0,9551150,1736,1735,17627215453444850060,13600,23f703aa3bc9,2026-08-28T19:52:34Z,10000,5983,4017,,,,,,,,,,,,,,,,,
campaign_e_out,out_n10000_rho0.6_exact-ties_seed2.pcf,dhfma,2,0,9556627,1736,1735,17627215453444850060,13600,23f703aa3bc9,2026-08-28T19:52:34Z,10000,5983,4017,,,,,,,,,,,,,,,,,
campaign_e_out,out_n10000_rho0.6_exact-ties_seed3.pcf,dhfma,0,0,8857565,1785,1784,17733932769788526655,13600,23f703aa3bc9,2026-08-28T19:52:34Z,10000,5939,4061,,,,,,,,,,,,,,,,,
campaign_e_out,out_n10000_rho0.6_exact-ties_seed3.pcf,dhfma,1,0,8667100,1785,1784,17733932769788526655,13600,23f703aa3bc9,2026-08-28T19:52:34Z,10000,5939,4061,,,,,,,,,,,,,,,,,
campaign_e_out,out_n10000_rho0.6_exact-ties_seed3.pcf,dhfma,2,0,8726193,1785,1784,17733932769788526655,13600,23f703aa3bc9,2026-08-28T19:52:34Z,10000,5939,4061,,,,,,,,,,,,,,,,,
campaign_e_out,out_n10000_rho0.6_exact-ties_seed4.pcf,dhfma,0,0,9466138,1731,1730,11521099923945833881,13600,23f703aa3bc9,2026-08-28T19:52:34Z,10000,6110,3890,,,,,,,,,,,,,,,,,
campaign_e_out,out_n10000_rho0.6_exact-ties_seed4.pcf,dhfma,1,0,9158084,1731,1730,11521099923945833881,13600,23f703aa3bc9,2026-08-28T19:52:34Z,10000,6110,3890,,,,,,,,,,,,,,,,,
campaign_e_out,out_n10000_rho0.6_exact-ties_seed4.pcf,dhfma,2,0,9247715,1731,1730,11521099923945833881,13600,23f703aa3bc9,2026-08-28T19:52:34Z,10000,6110,3890,,,,,,,,,,,,,,,,,
campaign_e_out,out_n10000_rho0.6_independent-positive_seed0.pcf,dhfma,0,0,10921076,6886,6885,7656864218965606246,13600,23f703aa3bc9,2026-08-28T19:52:34Z,10000,6086,3914,,,,,,,,,,,,,,,,,
campaign_e_out,out_n10000_rho0.6_independent-positive_seed0.pcf,dhfma,1,0,10322724,6886,6885,7656864218965606246,13600,23f703aa3bc9,2026-08-28T19:52:34Z,10000,6086,3914,,,,,,,,,,,,,,,,,
campaign_e_out,out_n10000_rho0.6_independent-positive_seed0.pcf,dhfma,2,0,10401319,6886,6885,7656864218965606246,13600,23f703aa3bc9,2026-08-28T19:52:34Z,10000,6086,3914,,,,,,,,,,,,,,,,,
campaign_e_out,out_n10000_rho0.6_independent-positive_seed1.pcf,dhfma,0,0,10678229,6844,6843,12285806445539766850,13600,23f703aa3bc9,2026-08-28T19:52:34Z,10000,6070,3930,,,,,,,,,,,,,,,,,
campaign_e_out,out_n10000_rho0.6_independent-positive_seed1.pcf,dhfma,1,0,10109024,6844,6843,12285806445539766850,13600,23f703aa3bc9,2026-08-28T19:52:34Z,10000,6070,3930,,,,,,,,,,,,,,,,,
campaign_e_out,out_n10000_rho0.6_independent-positive_seed1.pcf,dhfma,2,0,10127405,6844,6843,12285806445539766850,13600,23f703aa3bc9,2026-08-28T19:52:34Z,10000,6070,3930,,,,,,,,,,,,,,,,,
campaign_e_out,out_n10000_rho0.6_independent-positive_seed2.pcf,dhfma,0,0,11586828,6866,6865,6487260944481952726,13600,23f703aa3bc9,2026-08-28T19:52:34Z,10000,5984,4016,,,,,,,,,,,,,,,,,
campaign_e_out,out_n10000_rho0.6_independent-positive_seed2.pcf,dhfma,1,0,11029395,6866,6865,6487260944481952726,13600,23f703aa3bc9,2026-08-28T19:52:34Z,10000,5984,4016,,,,,,,,,,,,,,,,,
campaign_e_out,out_n10000_rho0.6_independent-positive_seed2.pcf,dhfma,2,0,11246692,6866,6865,6487260944481952726,13600,23f703aa3bc9,2026-08-28T19:52:34Z,10000,5984,4016,,,,,,,,,,,,,,,,,
campaign_e_out,out_n10000_rho0.6_independent-positive_seed3.pcf,dhfma,0,0,9734274,6944,6943,9480100789779065570,13600,23f703aa3bc9,2026-08-28T19:52:34Z,10000,5966,4034,,,,,,,,,,,,,,,,,
campaign_e_out,out_n10000_rho0.6_independent-positive_seed3.pcf,dhfma,1,0,9204590,6944,6943,9480100789779065570,13600,23f703aa3bc9,2026-08-28T19:52:34Z,10000,5966,4034,,,,,,,,,,,,,,,,,
campaign_e_out,out_n10000_rho0.6_independent-positive_seed3.pcf,dhfma,2,0,9350234,6944,6943,9480100789779065570,13600,23f703aa3bc9,2026-08-28T19:52:34Z,10000,5966,4034,,,,,,,,,,,,,,,,,
campaign_e_out,out_n10000_rho0.6_independent-positive_seed4.pcf,dhfma,0,0,10984755,6829,6828,5339512652479716723,13600,23f703aa3bc9,2026-08-28T19:52:34Z,10000,6140,3860,,,,,,,,,,,,,,,,,
campaign_e_out,out_n10000_rho0.6_independent-positive_seed4.pcf,dhfma,1,0,10529840,6829,6828,5339512652479716723,13600,23f703aa3bc9,2026-08-28T19:52:34Z,10000,6140,3860,,,,,,,,,,,,,,,,,
campaign_e_out,out_n10000_rho0.6_independent-positive_seed4.pcf,dhfma,2,0,10644036,6829,6828,5339512652479716723,13600,23f703aa3bc9,2026-08-28T19:52:34Z,10000,6140,3860,,,,,,,,,,,,,,,,,
campaign_e_out,out_n10000_rho0.6_independent-signed_seed0.pcf,dhfma,0,0,10970208,6974,6973,13127751299393605903,13600,23f703aa3bc9,2026-08-28T19:52:34Z,10000,6098,3902,,,,,,,,,,,,,,,,,
campaign_e_out,out_n10000_rho0.6_independent-signed_seed0.pcf,dhfma,1,0,10462690,6974,6973,13127751299393605903,13600,23f703aa3bc9,2026-08-28T19:52:34Z,10000,6098,3902,,,,,,,,,,,,,,,,,
campaign_e_out,out_n10000_rho0.6_independent-signed_seed0.pcf,dhfma,2,0,10493529,6974,6973,13127751299393605903,13600,23f703aa3bc9,2026-08-28T19:52:34Z,10000,6098,3902,,,,,,,,,,,,,,,,,
campaign_e_out,out_n10000_rho0.6_independent-signed_seed1.pcf,dhfma,0,0,10839879,6877,6876,3818038625919253600,13600,23f703aa3bc9,2026-08-28T19:52:34Z,10000,6069,3931,,,,,,,,,,,,,,,,,
campaign_e_out,out_n10000_rho0.6_independent-signed_seed1.pcf,dhfma,1,0,10318243,6877,6876,3818038625919253600,13600,23f703aa3bc9,2026-08-28T19:52:34Z,10000,6069,3931,,,,,,,,,,,,,,,,,
campaign_e_out,out_n10000_rho0.6_independent-signed_seed1.pcf,dhfma,2,0,10360644,6877,6876,3818038625919253600,13600,23f703aa3bc9,2026-08-28T19:52:34Z,10000,6069,3931,,,,,,,,,,,,,,,,,
campaign_e_out,out_n10000_rho0.6_independent-signed_seed2.pcf,dhfma,0,0,11192941,6899,6898,7740495057813607539,13600,23f703aa3bc9,2026-08-28T19:52:34Z,10000,5984,4016,,,,,,,,,,,,,,,,,
campaign_e_out,out_n10000_rho0.6_independent-signed_seed2.pcf,dhfma,1,0,10605228,6899,6898,7740495057813607539,13600,23f703aa3bc9,2026-08-28T19:52:34Z,10000,5984,4016,,,,,,,,,,,,,,,,,
campaign_e_out,out_n10000_rho0.6_independent-signed_seed2.pcf,dhfma,2,0,10713808,6899,6898,7740495057813607539,13600,23f703aa3bc9,2026-08-28T19:52:34Z,10000,5984,4016,,,,,,,,,,,,,,,,,
campaign_e_out,out_n10000_rho0.6_independent-signed_seed3.pcf,dhfma,0,0,9985413,7018,7017,15690034633592620598,13600,23f703aa3bc9,2026-08-28T19:52:34Z,10000,5963,4037,,,,,,,,,,,,,,,,,
campaign_e_out,out_n10000_rho0.6_independent-signed_seed3.pcf,dhfma,1,0,9435648,7018,7017,15690034633592620598,13600,23f703aa3bc9,2026-08-28T19:52:34Z,10000,5963,4037,,,,,,,,,,,,,,,,,
campaign_e_out,out_n10000_rho0.6_independent-signed_seed3.pcf,dhfma,2,0,9446821,7018,7017,15690034633592620598,13600,23f703aa3bc9,2026-08-28T19:52:34Z,10000,5963,4037,,,,,,,,,,,,,,,,,
campaign_e_out,out_n10000_rho0.6_independent-signed_seed4.pcf,dhfma,0,0,12754255,6864,6863,1141036147789831654,13600,23f703aa3bc9,2026-08-28T19:52:34Z,10000,6140,3860,,,,,,,,,,,,,,,,,
campaign_e_out,out_n10000_rho0.6_independent-signed_seed4.pcf,dhfma,1,0,12109042,6864,6863,1141036147789831654,13600,23f703aa3bc9,2026-08-28T19:52:34Z,10000,6140,3860,,,,,,,,,,,,,,,,,
campaign_e_out,out_n10000_rho0.6_independent-signed_seed4.pcf,dhfma,2,0,11915569,6864,6863,1141036147789831654,13600,23f703aa3bc9,2026-08-28T19:52:34Z,10000,6140,3860,,,,,,,,,,,,,,,,,
campaign_e_out,out_n10000_rho0.6_near-ties_seed0.pcf,dhfma,0,0,10003179,594,593,13725803388472676595,13600,23f703aa3bc9,2026-08-28T19:52:34Z,10000,6150,3850,,,,,,,,,,,,,,,,,
campaign_e_out,out_n10000_rho0.6_near-ties_seed0.pcf,dhfma,1,0,9770760,594,593,13725803388472676595,13600,23f703aa3bc9,2026-08-28T19:52:34Z,10000,6150,3850,,,,,,,,,,,,,,,,,
campaign_e_out,out_n10000_rho0.6_near-ties_seed0.pcf,dhfma,2,0,9729738,594,593,13725803388472676595,13600,23f703aa3bc9,2026-08-28T19:52:34Z,10000,6150,3850,,,,,,,,,,,,,,,,,
campaign_e_out,out_n10000_rho0.6_near-ties_seed1.pcf,dhfma,0,0,9524926,607,606,2959885242365121266,13600,23f703aa3bc9,2026-08-28T19:52:34Z,10000,5984,4016,,,,,,,,,,,,,,,,,
campaign_e_out,out_n10000_rho0.6_near-ties_seed1.pcf,dhfma,1,0,9370042,607,606,2959885242365121266,13600,23f703aa3bc9,2026-08-28T19:52:34Z,10000,5984,4016,,,,,,,,,,,,,,,,,
campaign_e_out,out_n10000_rho0.6_near-ties_seed1.pcf,dhfma,2,0,9318628,607,606,2959885242365121266,13600,23f703aa3bc9,2026-08-28T19:52:34Z,10000,5984,4016,,,,,,,,,,,,,,,,,
campaign_e_out,out_n10000_rho0.6_near-ties_seed2.pcf,dhfma,0,0,9041153,601,600,2400304212391113084,13760,23f703aa3bc9,2026-08-28T19:52:34Z,10000,5996,4004,,,,,,,,,,,,,,,,,
campaign_e_out,out_n10000_rho0.6_near-ties_seed2.pcf,dhfma,1,0,8793593,601,600,2400304212391113084,13760,23f703aa3bc9,2026-08-28T19:52:34Z,10000,5996,4004,,,,,,,,,,,,,,,,,
campaign_e_out,out_n10000_rho0.6_near-ties_seed2.pcf,dhfma,2,0,8824123,601,600,2400304212391113084,13760,23f703aa3bc9,2026-08-28T19:52:34Z,10000,5996,4004,,,,,,,,,,,,,,,,,
campaign_e_out,out_n10000_rho0.6_near-ties_seed3.pcf,dhfma,0,0,9143990,607,606,16997259120175333554,13760,23f703aa3bc9,2026-08-28T19:52:34Z,10000,5961,4039,,,,,,,,,,,,,,,,,
campaign_e_out,out_n10000_rho0.6_near-ties_seed3.pcf,dhfma,1,0,8944406,607,606,16997259120175333554,13760,23f703aa3bc9,2026-08-28T19:52:34Z,10000,5961,4039,,,,,,,,,,,,,,,,,
campaign_e_out,out_n10000_rho0.6_near-ties_seed3.pcf,dhfma,2,0,8905269,607,606,16997259120175333554,13760,23f703aa3bc9,2026-08-28T19:52:34Z,10000,5961,4039,,,,,,,,,,,,,,,,,
campaign_e_out,out_n10000_rho0.6_near-ties_seed4.pcf,dhfma,0,0,9431227,604,603,7419914574741214155,13760,23f703aa3bc9,2026-08-28T19:52:34Z,10000,6123,3877,,,,,,,,,,,,,,,,,
campaign_e_out,out_n10000_rho0.6_near-ties_seed4.pcf,dhfma,1,0,9338800,604,603,7419914574741214155,13760,23f703aa3bc9,2026-08-28T19:52:34Z,10000,6123,3877,,,,,,,,,,,,,,,,,
campaign_e_out,out_n10000_rho0.6_near-ties_seed4.pcf,dhfma,2,0,9212064,604,603,7419914574741214155,13760,23f703aa3bc9,2026-08-28T19:52:34Z,10000,6123,3877,,,,,,,,,,,,,,,,,
campaign_e_out,out_n10000_rho1.0_anti-correlated_seed0.pcf,dhfma,0,0,107465175,4953,4952,3238376957596845195,17884,23f703aa3bc9,2026-08-28T19:52:34Z,10000,9999,1,,,,,,,,,,,,,,,,,
campaign_e_out,out_n10000_rho1.0_anti-correlated_seed0.pcf,dhfma,1,0,106118155,4953,4952,3238376957596845195,26780,23f703aa3bc9,2026-08-28T19:52:34Z,10000,9999,1,,,,,,,,,,,,,,,,,
campaign_e_out,out_n10000_rho1.0_anti-correlated_seed0.pcf,dhfma,2,0,105822180,4953,4952,3238376957596845195,26780,23f703aa3bc9,2026-08-28T19:52:35Z,10000,9999,1,,,,,,,,,,,,,,,,,
campaign_e_out,out_n10000_rho1.0_anti-correlated_seed1.pcf,dhfma,0,0,93584253,4928,4927,17499927768482021382,17836,23f703aa3bc9,2026-08-28T19:52:35Z,10000,9999,1,,,,,,,,,,,,,,,,,
campaign_e_out,out_n10000_rho1.0_anti-correlated_seed1.pcf,dhfma,1,0,92864634,4928,4927,17499927768482021382,25348,23f703aa3bc9,2026-08-28T19:52:35Z,10000,9999,1,,,,,,,,,,,,,,,,,
campaign_e_out,out_n10000_rho1.0_anti-correlated_seed1.pcf,dhfma,2,0,88271330,4928,4927,17499927768482021382,25508,23f703aa3bc9,2026-08-28T19:52:35Z,10000,9999,1,,,,,,,,,,,,,,,,,
campaign_e_out,out_n10000_rho1.0_anti-correlated_seed2.pcf,dhfma,0,0,101333467,4907,4906,4397217827504811132,17844,23f703aa3bc9,2026-08-28T19:52:35Z,10000,9999,1,,,,,,,,,,,,,,,,,
campaign_e_out,out_n10000_rho1.0_anti-correlated_seed2.pcf,dhfma,1,0,99515365,4907,4906,4397217827504811132,26112,23f703aa3bc9,2026-08-28T19:52:35Z,10000,9999,1,,,,,,,,,,,,,,,,,
campaign_e_out,out_n10000_rho1.0_anti-correlated_seed2.pcf,dhfma,2,0,94674807,4907,4906,4397217827504811132,26112,23f703aa3bc9,2026-08-28T19:52:35Z,10000,9999,1,,,,,,,,,,,,,,,,,
campaign_e_out,out_n10000_rho1.0_anti-correlated_seed3.pcf,dhfma,0,0,87920177,4903,4902,7578561175635262859,17672,23f703aa3bc9,2026-08-28T19:52:35Z,10000,9999,1,,,,,,,,,,,,,,,,,
campaign_e_out,out_n10000_rho1.0_anti-correlated_seed3.pcf,dhfma,1,0,87299028,4903,4902,7578561175635262859,24876,23f703aa3bc9,2026-08-28T19:52:35Z,10000,9999,1,,,,,,,,,,,,,,,,,
campaign_e_out,out_n10000_rho1.0_anti-correlated_seed3.pcf,dhfma,2,0,86970614,4903,4902,7578561175635262859,24876,23f703aa3bc9,2026-08-28T19:52:35Z,10000,9999,1,,,,,,,,,,,,,,,,,
campaign_e_out,out_n10000_rho1.0_anti-correlated_seed4.pcf,dhfma,0,0,79596296,4938,4937,1557276116578094176,17916,23f703aa3bc9,2026-08-28T19:52:35Z,10000,9999,1,,,,,,,,,,,,,,,,,
campaign_e_out,out_n10000_rho1.0_anti-correlated_seed4.pcf,dhfma,1,0,78914791,4938,4937,1557276116578094176,24428,23f703aa3bc9,2026-08-28T19:52:36Z,10000,9999,1,,,,,,,,,,,,,,,,,
campaign_e_out,out_n10000_rho1.0_anti-correlated_seed4.pcf,dhfma,2,0,78850586,4938,4937,1557276116578094176,24436,23f703aa3bc9,2026-08-28T19:52:36Z,10000,9999,1,,,,,,,,,,,,,,,,,
campaign_e_out,out_n10000_rho1.0_correlated_seed0.pcf,dhfma,0,0,88270016,4723,4722,16075495527231416165,17724,23f703aa3bc9,2026-08-28T19:52:36Z,10000,9999,1,,,,,,,,,,,,,,,,,
campaign_e_out,out_n10000_rho1.0_correlated_seed0.pcf,dhfma,1,0,87436352,4723,4722,16075495527231416165,25160,23f703aa3bc9,2026-08-28T19:52:36Z,10000,9999,1,,,,,,,,,,,,,,,,,
campaign_e_out,out_n10000_rho1.0_correlated_seed0.pcf,dhfma,2,0,87429850,4723,4722,16075495527231416165,25160,23f703aa3bc9,2026-08-28T19:52:36Z,10000,9999,1,,,,,,,,,,,,,,,,,
campaign_e_out,out_n10000_rho1.0_correlated_seed1.pcf,dhfma,0,0,86116086,4687,4686,12714768258549962545,17836,23f703aa3bc9,2026-08-28T19:52:36Z,10000,9999,1,,,,,,,,,,,,,,,,,
campaign_e_out,out_n10000_rho1.0_correlated_seed1.pcf,dhfma,1,0,85374405,4687,4686,12714768258549962545,24972,23f703aa3bc9,2026-08-28T19:52:36Z,10000,9999,1,,,,,,,,,,,,,,,,,
campaign_e_out,out_n10000_rho1.0_correlated_seed1.pcf,dhfma,2,0,85058275,4687,4686,12714768258549962545,24972,23f703aa3bc9,2026-08-28T19:52:36Z,10000,9999,1,,,,,,,,,,,,,,,,,
campaign_e_out,out_n10000_rho1.0_correlated_seed2.pcf,dhfma,0,0,100953594,4660,4659,7183430625246335296,17848,23f703aa3bc9,2026-08-28T19:52:36Z,10000,9999,1,,,,,,,,,,,,,,,,,
campaign_e_out,out_n10000_rho1.0_correlated_seed2.pcf,dhfma,1,0,99023861,4660,4659,7183430625246335296,26072,23f703aa3bc9,2026-08-28T19:52:36Z,10000,9999,1,,,,,,,,,,,,,,,,,
campaign_e_out,out_n10000_rho1.0_correlated_seed2.pcf,dhfma,2,0,99521878,4660,4659,7183430625246335296,26072,23f703aa3bc9,2026-08-28T19:52:36Z,10000,9999,1,,,,,,,,,,,,,,,,,
campaign_e_out,out_n10000_rho1.0_correlated_seed3.pcf,dhfma,0,0,94418302,4759,4758,13667334363237159859,17832,23f703aa3bc9,2026-08-28T19:52:37Z,10000,9999,1,,,,,,,,,,,,,,,,,
campaign_e_out,out_n10000_rho1.0_correlated_seed3.pcf,dhfma,1,0,93576679,4759,4758,13667334363237159859,25992,23f703aa3bc9,2026-08-28T19:52:37Z,10000,9999,1,,,,,,,,,,,,,,,,,
campaign_e_out,out_n10000_rho1.0_correlated_seed3.pcf,dhfma,2,0,93406120,4759,4758,13667334363237159859,25992,23f703aa3bc9,2026-08-28T19:52:37Z,10000,9999,1,,,,,,,,,,,,,,,,,
campaign_e_out,out_n10000_rho1.0_correlated_seed4.pcf,dhfma,0,0,87997967,4719,4718,12760463713422320109,17916,23f703aa3bc9,2026-08-28T19:52:37Z,10000,9999,1,,,,,,,,,,,,,,,,,
campaign_e_out,out_n10000_rho1.0_correlated_seed4.pcf,dhfma,1,0,87080373,4719,4718,12760463713422320109,25016,23f703aa3bc9,2026-08-28T19:52:37Z,10000,9999,1,,,,,,,,,,,,,,,,,
campaign_e_out,out_n10000_rho1.0_correlated_seed4.pcf,dhfma,2,0,86674960,4719,4718,12760463713422320109,25020,23f703aa3bc9,2026-08-28T19:52:37Z,10000,9999,1,,,,,,,,,,,,,,,,,
campaign_e_out,out_n10000_rho1.0_exact-ties_seed0.pcf,dhfma,0,0,95733554,1833,1832,18194000145258277752,17876,23f703aa3bc9,2026-08-28T19:52:37Z,10000,9999,1,,,,,,,,,,,,,,,,,
campaign_e_out,out_n10000_rho1.0_exact-ties_seed0.pcf,dhfma,1,0,95178694,1833,1832,18194000145258277752,26804,23f703aa3bc9,2026-08-28T19:52:37Z,10000,9999,1,,,,,,,,,,,,,,,,,
campaign_e_out,out_n10000_rho1.0_exact-ties_seed0.pcf,dhfma,2,0,95523699,1833,1832,18194000145258277752,26804,23f703aa3bc9,2026-08-28T19:52:37Z,10000,9999,1,,,,,,,,,,,,,,,,,
campaign_e_out,out_n10000_rho1.0_exact-ties_seed1.pcf,dhfma,0,0,80836445,1847,1846,18254859150312339673,17888,23f703aa3bc9,2026-08-28T19:52:37Z,10000,9999,1,,,,,,,,,,,,,,,,,
campaign_e_out,out_n10000_rho1.0_exact-ties_seed1.pcf,dhfma,1,0,80223969,1847,1846,18254859150312339673,25288,23f703aa3bc9,2026-08-28T19:52:37Z,10000,9999,1,,,,,,,,,,,,,,,,,
campaign_e_out,out_n10000_rho1.0_exact-ties_seed1.pcf,dhfma,2,0,80257814,1847,1846,18254859150312339673,25288,23f703aa3bc9,2026-08-28T19:52:38Z,10000,9999,1,,,,,,,,,,,,,,,,,
campaign_e_out,out_n10000_rho1.0_exact-ties_seed2.pcf,dhfma,0,0,81618766,1863,1862,8956504481083682122,17724,23f703aa3bc9,2026-08-28T19:52:38Z,10000,9999,1,,,,,,,,,,,,,,,,,
campaign_e_out,out_n10000_rho1.0_exact-ties_seed2.pcf,dhfma,1,0,81452321,1863,1862,8956504481083682122,25132,23f703aa3bc9,2026-08-28T19:52:38Z,10000,9999,1,,,,,,,,,,,,,,,,,
campaign_e_out,out_n10000_rho1.0_exact-ties_seed2.pcf,dhfma,2,0,81046479,1863,1862,8956504481083682122,25188,23f703aa3bc9,2026-08-28T19:52:38Z,10000,9999,1,,,,,,,,,,,,,,,,,
campaign_e_out,out_n10000_rho1.0_exact-ties_seed3.pcf,dhfma,0,0,88160759,1887,1886,747247871795068742,17852,23f703aa3bc9,2026-08-28T19:52:38Z,10000,9999,1,,,,,,,,,,,,,,,,,
campaign_e_out,out_n10000_rho1.0_exact-ties_seed3.pcf,dhfma,1,0,88113453,1887,1886,747247871795068742,25740,23f703aa3bc9,2026-08-28T19:52:38Z,10000,9999,1,,,,,,,,,,,,,,,,,
campaign_e_out,out_n10000_rho1.0_exact-ties_seed3.pcf,dhfma,2,0,87739968,1887,1886,747247871795068742,25752,23f703aa3bc9,2026-08-28T19:52:38Z,10000,9999,1,,,,,,,,,,,,,,,,,
campaign_e_out,out_n10000_rho1.0_exact-ties_seed4.pcf,dhfma,0,0,137431542,1859,1858,4911031346084252620,30204,23f703aa3bc9,2026-08-28T19:52:38Z,10000,9999,1,,,,,,,,,,,,,,,,,
campaign_e_out,out_n10000_rho1.0_exact-ties_seed4.pcf,dhfma,1,0,135892474,1859,1858,4911031346084252620,42700,23f703aa3bc9,2026-08-28T19:52:38Z,10000,9999,1,,,,,,,,,,,,,,,,,
campaign_e_out,out_n10000_rho1.0_exact-ties_seed4.pcf,dhfma,2,0,136917052,1859,1858,4911031346084252620,42788,23f703aa3bc9,2026-08-28T19:52:39Z,10000,9999,1,,,,,,,,,,,,,,,,,
campaign_e_out,out_n10000_rho1.0_independent-positive_seed0.pcf,dhfma,0,0,79328347,5118,5117,12399727152627082639,17876,23f703aa3bc9,2026-08-28T19:52:39Z,10000,9999,1,,,,,,,,,,,,,,,,,
campaign_e_out,out_n10000_rho1.0_independent-positive_seed0.pcf,dhfma,1,0,78819531,5118,5117,12399727152627082639,24404,23f703aa3bc9,2026-08-28T19:52:39Z,10000,9999,1,,,,,,,,,,,,,,,,,
campaign_e_out,out_n10000_rho1.0_independent-positive_seed0.pcf,dhfma,2,0,78886460,5118,5117,12399727152627082639,24404,23f703aa3bc9,2026-08-28T19:52:39Z,10000,9999,1,,,,,,,,,,,,,,,,,
campaign_e_out,out_n10000_rho1.0_independent-positive_seed1.pcf,dhfma,0,0,124287136,5033,5032,1710786376238431493,18084,23f703aa3bc9,2026-08-28T19:52:39Z,10000,9999,1,,,,,,,,,,,,,,,,,
campaign_e_out,out_n10000_rho1.0_independent-positive_seed1.pcf,dhfma,1,0,123801391,5033,5032,1710786376238431493,29196,23f703aa3bc9,2026-08-28T19:52:39Z,10000,9999,1,,,,,,,,,,,,,,,,,
campaign_e_out,out_n10000_rho1.0_independent-positive_seed1.pcf,dhfma,2,0,123793497,5033,5032,1710786376238431493,29196,23f703aa3bc9,2026-08-28T19:52:39Z,10000,9999,1,,,,,,,,,,,,,,,,,
campaign_e_out,out_n10000_rho1.0_independent-positive_seed2.pcf,dhfma,0,0,83981813,4957,4956,18030715470833981831,17756,23f703aa3bc9,2026-08-28T19:52:39Z,10000,9999,1,,,,,,,,,,,,,,,,,
campaign_e_out,out_n10000_rho1.0_independent-positive_seed2.pcf,dhfma,1,0,83026124,4957,4956,18030715470833981831,24828,23f703aa3bc9,2026-08-28T19:52:39Z,10000,9999,1,,,,,,,,,,,,,,,,,
campaign_e_out,out_n10000_rho1.0_independent-positive_seed2.pcf,dhfma,2,0,79783307,4957,4956,18030715470833981831,24988,23f703aa3bc9,2026-08-28T19:52:39Z,10000,9999,1,,,,,,,,,,,,,,,,,
campaign_e_out,out_n10000_rho1.0_independent-positive_seed3.pcf,dhfma,0,0,92591155,5013,5012,10484005443013892448,17836,23f703aa3bc9,2026-08-28T19:52:39Z,10000,9999,1,,,,,,,,,,,,,,,,,
campaign_e_out,out_n10000_rho1.0_independent-positive_seed3.pcf,dhfma,1,0,91234651,5013,5012,10484005443013892448,25380,23f703aa3bc9,2026-08-28T19:52:40Z,10000,9999,1,,,,,,,,,,,,,,,,,
campaign_e_out,out_n10000_rho1.0_independent-positive_seed3.pcf,dhfma,2,0,92197347,5013,5012,10484005443013892448,25496,23f703aa3bc9,2026-08-28T19:52:40Z,10000,9999,1,,,,,,,,,,,,,,,,,
campaign_e_out,out_n10000_rho1.0_independent-positive_seed4.pcf,dhfma,0,0,74152241,4953,4952,90511772740440461,17692,23f703aa3bc9,2026-08-28T19:52:40Z,10000,9999,1,,,,,,,,,,,,,,,,,
campaign_e_out,out_n10000_rho1.0_independent-positive_seed4.pcf,dhfma,1,0,72895975,4953,4952,90511772740440461,23884,23f703aa3bc9,2026-08-28T19:52:40Z,10000,9999,1,,,,,,,,,,,,,,,,,
campaign_e_out,out_n10000_rho1.0_independent-positive_seed4.pcf,dhfma,2,0,72768838,4953,4952,90511772740440461,23992,23f703aa3bc9,2026-08-28T19:52:40Z,10000,9999,1,,,,,,,,,,,,,,,,,
campaign_e_out,out_n10000_rho1.0_independent-signed_seed0.pcf,dhfma,0,0,78485843,5093,5092,3500197605034515234,17880,23f703aa3bc9,2026-08-28T19:52:40Z,10000,9999,1,,,,,,,,,,,,,,,,,
campaign_e_out,out_n10000_rho1.0_independent-signed_seed0.pcf,dhfma,1,0,77255049,5093,5092,3500197605034515234,24240,23f703aa3bc9,2026-08-28T19:52:40Z,10000,9999,1,,,,,,,,,,,,,,,,,
campaign_e_out,out_n10000_rho1.0_independent-signed_seed0.pcf,dhfma,2,0,77615317,5093,5092,3500197605034515234,24380,23f703aa3bc9,2026-08-28T19:52:40Z,10000,9999,1,,,,,,,,,,,,,,,,,
campaign_e_out,out_n10000_rho1.0_independent-signed_seed1.pcf,dhfma,0,0,93618643,5060,5059,5627936123673510934,17796,23f703aa3bc9,2026-08-28T19:52:40Z,10000,9999,1,,,,,,,,,,,,,,,,,
campaign_e_out,out_n10000_rho1.0_independent-signed_seed1.pcf,dhfma,1,0,92265643,5060,5059,5627936123673510934,25672,23f703aa3bc9,2026-08-28T19:52:40Z,10000,9999,1,,,,,,,,,,,,,,,,,
campaign_e_out,out_n10000_rho1.0_independent-signed_seed1.pcf,dhfma,2,0,89285220,5060,5059,5627936123673510934,25832,23f703aa3bc9,2026-08-28T19:52:40Z,10000,9999,1,,,,,,,,,,,,,,,,,
campaign_e_out,out_n10000_rho1.0_independent-signed_seed2.pcf,dhfma,0,0,79518167,5070,5069,2332819763699401564,17756,23f703aa3bc9,2026-08-28T19:52:41Z,10000,9999,1,,,,,,,,,,,,,,,,,
campaign_e_out,out_n10000_rho1.0_independent-signed_seed2.pcf,dhfma,1,0,79007239,5070,5069,2332819763699401564,24384,23f703aa3bc9,2026-08-28T19:52:41Z,10000,9999,1,,,,,,,,,,,,,,,,,
campaign_e_out,out_n10000_rho1.0_independent-signed_seed2.pcf,dhfma,2,0,75951426,5070,5069,2332819763699401564,24384,23f703aa3bc9,2026-08-28T19:52:41Z,10000,9999,1,,,,,,,,,,,,,,,,,
campaign_e_out,out_n10000_rho1.0_independent-signed_seed3.pcf,dhfma,0,0,89609401,5077,5076,2459368181715763301,17876,23f703aa3bc9,2026-08-28T19:52:41Z,10000,9999,1,,,,,,,,,,,,,,,,,
campaign_e_out,out_n10000_rho1.0_independent-signed_seed3.pcf,dhfma,1,0,88278728,5077,5076,2459368181715763301,25196,23f703aa3bc9,2026-08-28T19:52:41Z,10000,9999,1,,,,,,,,,,,,,,,,,
campaign_e_out,out_n10000_rho1.0_independent-signed_seed3.pcf,dhfma,2,0,88532327,5077,5076,2459368181715763301,25324,23f703aa3bc9,2026-08-28T19:52:41Z,10000,9999,1,,,,,,,,,,,,,,,,,
campaign_e_out,out_n10000_rho1.0_independent-signed_seed4.pcf,dhfma,0,0,80910925,5001,5000,11189428162179548730,17852,23f703aa3bc9,2026-08-28T19:52:41Z,10000,9999,1,,,,,,,,,,,,,,,,,
campaign_e_out,out_n10000_rho1.0_independent-signed_seed4.pcf,dhfma,1,0,80123684,5001,5000,11189428162179548730,24688,23f703aa3bc9,2026-08-28T19:52:41Z,10000,9999,1,,,,,,,,,,,,,,,,,
campaign_e_out,out_n10000_rho1.0_independent-signed_seed4.pcf,dhfma,2,0,80118078,5001,5000,11189428162179548730,24688,23f703aa3bc9,2026-08-28T19:52:41Z,10000,9999,1,,,,,,,,,,,,,,,,,
campaign_e_out,out_n10000_rho1.0_near-ties_seed0.pcf,dhfma,0,0,72479410,721,720,15347250603253840495,17892,23f703aa3bc9,2026-08-28T19:52:41Z,10000,9999,1,,,,,,,,,,,,,,,,,
campaign_e_out,out_n10000_rho1.0_near-ties_seed0.pcf,dhfma,1,0,71890825,721,720,15347250603253840495,24144,23f703aa3bc9,2026-08-28T19:52:41Z,10000,9999,1,,,,,,,,,,,,,,,,,
campaign_e_out,out_n10000_rho1.0_near-ties_seed0.pcf,dhfma,2,0,71364084,721,720,15347250603253840495,24144,23f703aa3bc9,2026-08-28T19:52:41Z,10000,9999,1,,,,,,,,,,,,,,,,,
campaign_e_out,out_n10000_rho1.0_near-ties_seed1.pcf,dhfma,0,0,70391916,733,732,128172351501388634,13920,23f703aa3bc9,2026-08-28T19:52:41Z,10000,9999,1,,,,,,,,,,,,,,,,,
campaign_e_out,out_n10000_rho1.0_near-ties_seed1.pcf,dhfma,1,0,69540930,733,732,128172351501388634,17380,23f703aa3bc9,2026-08-28T19:52:42Z,10000,9999,1,,,,,,,,,,,,,,,,,
campaign_e_out,out_n10000_rho1.0_near-ties_seed1.pcf,dhfma,2,0,69587303,733,732,128172351501388634,17512,23f703aa3bc9,2026-08-28T19:52:42Z,10000,9999,1,,,,,,,,,,,,,,,,,
campaign_e_out,out_n10000_rho1.0_near-ties_seed2.pcf,dhfma,0,0,78488526,717,716,18197473376758458213,17752,23f703aa3bc9,2026-08-28T19:52:42Z,10000,9999,1,,,,,,,,,,,,,,,,,
campaign_e_out,out_n10000_rho1.0_near-ties_seed2.pcf,dhfma,1,0,77756048,717,716,18197473376758458213,24344,23f703aa3bc9,2026-08-28T19:52:42Z,10000,9999,1,,,,,,,,,,,,,,,,,
campaign_e_out,out_n10000_rho1.0_near-ties_seed2.pcf,dhfma,2,0,74543468,717,716,18197473376758458213,24504,23f703aa3bc9,2026-08-28T19:52:42Z,10000,9999,1,,,,,,,,,,,,,,,,,
campaign_e_out,out_n10000_rho1.0_near-ties_seed3.pcf,dhfma,0,0,86997847,721,720,7716127908937409258,17932,23f703aa3bc9,2026-08-28T19:52:42Z,10000,9999,1,,,,,,,,,,,,,,,,,
campaign_e_out,out_n10000_rho1.0_near-ties_seed3.pcf,dhfma,1,0,86084117,721,720,7716127908937409258,25300,23f703aa3bc9,2026-08-28T19:52:42Z,10000,9999,1,,,,,,,,,,,,,,,,,
campaign_e_out,out_n10000_rho1.0_near-ties_seed3.pcf,dhfma,2,0,86233531,721,720,7716127908937409258,25408,23f703aa3bc9,2026-08-28T19:52:42Z,10000,9999,1,,,,,,,,,,,,,,,,,
campaign_e_out,out_n10000_rho1.0_near-ties_seed4.pcf,dhfma,0,0,82602033,722,721,13964082237979566944,17852,23f703aa3bc9,2026-08-28T19:52:42Z,10000,9999,1,,,,,,,,,,,,,,,,,
campaign_e_out,out_n10000_rho1.0_near-ties_seed4.pcf,dhfma,1,0,82476022,722,721,13964082237979566944,24900,23f703aa3bc9,2026-08-28T19:52:42Z,10000,9999,1,,,,,,,,,,,,,,,,,
campaign_e_out,out_n10000_rho1.0_near-ties_seed4.pcf,dhfma,2,0,78824378,722,721,13964082237979566944,24900,23f703aa3bc9,2026-08-28T19:52:42Z,10000,9999,1,,,,,,,,,,,,,,,,,
campaign_e_out,out_n1000_rho0.6_anti-correlated_seed0.pcf,dhfma,0,0,846497,699,698,13897865192440434450,13920,23f703aa3bc9,2026-08-28T19:52:42Z,1000,592,408,,,,,,,,,,,,,,,,,
campaign_e_out,out_n1000_rho0.6_anti-correlated_seed0.pcf,dhfma,1,0,795821,699,698,13897865192440434450,13920,23f703aa3bc9,2026-08-28T19:52:42Z,1000,592,408,,,,,,,,,,,,,,,,,
campaign_e_out,out_n1000_rho0.6_anti-correlated_seed0.pcf,dhfma,2,0,785027,699,698,13897865192440434450,13920,23f703aa3bc9,2026-08-28T19:52:42Z,1000,592,408,,,,,,,,,,,,,,,,,
campaign_e_out,out_n1000_rho0.6_anti-correlated_seed1.pcf,dhfma,0,0,886833,699,698,15215793322310745604,13920,23f703aa3bc9,2026-08-28T19:52:42Z,1000,606,394,,,,,,,,,,,,,,,,,
campaign_e_out,out_n1000_rho0.6_anti-correlated_seed1.pcf,dhfma,1,0,908328,699,698,15215793322310745604,13920,23f703aa3bc9,2026-08-28T19:52:42Z,1000,606,394,,,,,,,,,,,,,,,,,
campaign_e_out,out_n1000_rho0.6_anti-correlated_seed1.pcf,dhfma,2,0,817824,699,698,15215793322310745604,13920,23f703aa3bc9,2026-08-28T19:52:42Z,1000,606,394,,,,,,,,,,,,,,,,,
campaign_e_out,out_n1000_rho0.6_anti-correlated_seed2.pcf,dhfma,0,0,961932,698,697,5058571600012153163,13920,23f703aa3bc9,2026-08-28T19:52:42Z,1000,608,392,,,,,,,,,,,,,,,,,
campaign_e_out,out_n1000_rho0.6_anti-correlated_seed2.pcf,dhfma,1,0,901328,698,697,5058571600012153163,13920,23f703aa3bc9,2026-08-28T19:52:42Z,1000,608,392,,,,,,,,,,,,,,,,,
campaign_e_out,out_n1000_rho0.6_anti-correlated_seed2.pcf,dhfma,2,0,885647,698,697,5058571600012153163,13920,23f703aa3bc9,2026-08-28T19:52:42Z,1000,608,392,,,,,,,,,,,,,,,,,
campaign_e_out,out_n1000_rho0.6_anti-correlated_seed3.pcf,dhfma,0,0,763245,716,715,16970623657444743008,13920,23f703aa3bc9,2026-08-28T19:52:42Z,1000,570,430,,,,,,,,,,,,,,,,,
campaign_e_out,out_n1000_rho0.6_anti-correlated_seed3.pcf,dhfma,1,0,702310,716,715,16970623657444743008,13920,23f703aa3bc9,2026-08-28T19:52:42Z,1000,570,430,,,,,,,,,,,,,,,,,
campaign_e_out,out_n1000_rho0.6_anti-correlated_seed3.pcf,dhfma,2,0,679901,716,715,16970623657444743008,13920,23f703aa3bc9,2026-08-28T19:52:42Z,1000,570,430,,,,,,,,,,,,,,,,,
campaign_e_out,out_n1000_rho0.6_anti-correlated_seed4.pcf,dhfma,0,0,918108,708,707,7007510063645519120,14080,23f703aa3bc9,2026-08-28T19:52:42Z,1000,582,418,,,,,,,,,,,,,,,,,
campaign_e_out,out_n1000_rho0.6_anti-correlated_seed4.pcf,dhfma,1,0,840969,708,707,7007510063645519120,14080,23f703aa3bc9,2026-08-28T19:52:42Z,1000,582,418,,,,,,,,,,,,,,,,,
campaign_e_out,out_n1000_rho0.6_anti-correlated_seed4.pcf,dhfma,2,0,814465,708,707,7007510063645519120,14080,23f703aa3bc9,2026-08-28T19:52:42Z,1000,582,418,,,,,,,,,,,,,,,,,
campaign_e_out,out_n1000_rho0.6_correlated_seed0.pcf,dhfma,0,0,741116,689,688,9548150078435878264,14080,23f703aa3bc9,2026-08-28T19:52:42Z,1000,592,408,,,,,,,,,,,,,,,,,
campaign_e_out,out_n1000_rho0.6_correlated_seed0.pcf,dhfma,1,0,689078,689,688,9548150078435878264,14080,23f703aa3bc9,2026-08-28T19:52:42Z,1000,592,408,,,,,,,,,,,,,,,,,
campaign_e_out,out_n1000_rho0.6_correlated_seed0.pcf,dhfma,2,0,688562,689,688,9548150078435878264,14080,23f703aa3bc9,2026-08-28T19:52:42Z,1000,592,408,,,,,,,,,,,,,,,,,
campaign_e_out,out_n1000_rho0.6_correlated_seed1.pcf,dhfma,0,0,849230,681,680,17021549042354792735,14080,23f703aa3bc9,2026-08-28T19:52:42Z,1000,606,394,,,,,,,,,,,,,,,,,
campaign_e_out,out_n1000_rho0.6_correlated_seed1.pcf,dhfma,1,0,797321,681,680,17021549042354792735,14080,23f703aa3bc9,2026-08-28T19:52:42Z,1000,606,394,,,,,,,,,,,,,,,,,
campaign_e_out,out_n1000_rho0.6_correlated_seed1.pcf,dhfma,2,0,836135,681,680,17021549042354792735,14080,23f703aa3bc9,2026-08-28T19:52:42Z,1000,606,394,,,,,,,,,,,,,,,,,
campaign_e_out,out_n1000_rho0.6_correlated_seed2.pcf,dhfma,0,0,972980,688,687,10349991786047288580,14080,23f703aa3bc9,2026-08-28T19:52:42Z,1000,608,392,,,,,,,,,,,,,,,,,
campaign_e_out,out_n1000_rho0.6_correlated_seed2.pcf,dhfma,1,0,882918,688,687,10349991786047288580,14080,23f703aa3bc9,2026-08-28T19:52:42Z,1000,608,392,,,,,,,,,,,,,,,,,
campaign_e_out,out_n1000_rho0.6_correlated_seed2.pcf,dhfma,2,0,897204,688,687,10349991786047288580,14080,23f703aa3bc9,2026-08-28T19:52:42Z,1000,608,392,,,,,,,,,,,,,,,,,
campaign_e_out,out_n1000_rho0.6_correlated_seed3.pcf,dhfma,0,0,732836,708,707,8807273734739651944,14080,23f703aa3bc9,2026-08-28T19:52:42Z,1000,570,430,,,,,,,,,,,,,,,,,
campaign_e_out,out_n1000_rho0.6_correlated_seed3.pcf,dhfma,1,0,683572,708,707,8807273734739651944,14080,23f703aa3bc9,2026-08-28T19:52:42Z,1000,570,430,,,,,,,,,,,,,,,,,
campaign_e_out,out_n1000_rho0.6_correlated_seed3.pcf,dhfma,2,0,697123,708,707,8807273734739651944,14080,23f703aa3bc9,2026-08-28T19:52:42Z,1000,570,430,,,,,,,,,,,,,,,,,
campaign_e_out,out_n1000_rho0.6_correlated_seed4.pcf,dhfma,0,0,911861,677,676,5483101801568109691,14080,23f703aa3bc9,2026-08-28T19:52:42Z,1000,582,418,,,,,,,,,,,,,,,,,
campaign_e_out,out_n1000_rho0.6_correlated_seed4.pcf,dhfma,1,0,851975,677,676,5483101801568109691,14080,23f703aa3bc9,2026-08-28T19:52:42Z,1000,582,418,,,,,,,,,,,,,,,,,
campaign_e_out,out_n1000_rho0.6_correlated_seed4.pcf,dhfma,2,0,853861,677,676,5483101801568109691,14080,23f703aa3bc9,2026-08-28T19:52:42Z,1000,582,418,,,,,,,,,,,,,,,,,
campaign_e_out,out_n1000_rho0.6_exact-ties_seed0.pcf,dhfma,0,0,791807,189,188,18016494809192549306,14080,23f703aa3bc9,2026-08-28T19:52:42Z,1000,586,414,,,,,,,,,,,,,,,,,
campaign_e_out,out_n1000_rho0.6_exact-ties_seed0.pcf,dhfma,1,0,744788,189,188,18016494809192549306,14080,23f703aa3bc9,2026-08-28T19:52:42Z,1000,586,414,,,,,,,,,,,,,,,,,
campaign_e_out,out_n1000_rho0.6_exact-ties_seed0.pcf,dhfma,2,0,818823,189,188,18016494809192549306,14080,23f703aa3bc9,2026-08-28T19:52:42Z,1000,586,414,,,,,,,,,,,,,,,,,
campaign_e_out,out_n1000_rho0.6_exact-ties_seed1.pcf,dhfma,0,0,894376,194,193,1472339154071270367,14080,23f703aa3bc9,2026-08-28T19:52:42Z,1000,609,391,,,,,,,,,,,,,,,,,
campaign_e_out,out_n1000_rho0.6_exact-ties_seed1.pcf,dhfma,1,0,840907,194,193,1472339154071270367,14080,23f703aa3bc9,2026-08-28T19:52:42Z,1000,609,391,,,,,,,,,,,,,,,,,
campaign_e_out,out_n1000_rho0.6_exact-ties_seed1.pcf,dhfma,2,0,844355,194,193,1472339154071270367,14080,23f703aa3bc9,2026-08-28T19:52:42Z,1000,609,391,,,,,,,,,,,,,,,,,
campaign_e_out,out_n1000_rho0.6_exact-ties_seed2.pcf,dhfma,0,0,786019,207,206,2399632026441580941,14080,23f703aa3bc9,2026-08-28T19:52:42Z,1000,621,379,,,,,,,,,,,,,,,,,
campaign_e_out,out_n1000_rho0.6_exact-ties_seed2.pcf,dhfma,1,0,738464,207,206,2399632026441580941,14080,23f703aa3bc9,2026-08-28T19:52:42Z,1000,621,379,,,,,,,,,,,,,,,,,
campaign_e_out,out_n1000_rho0.6_exact-ties_seed2.pcf,dhfma,2,0,724245,207,206,2399632026441580941,14080,23f703aa3bc9,2026-08-28T19:52:42Z,1000,621,379,,,,,,,,,,,,,,,,,
campaign_e_out,out_n1000_rho0.6_exact-ties_seed3.pcf,dhfma,0,0,900451,201,200,3461157822627395028,14080,23f703aa3bc9,2026-08-28T19:52:42Z,1000,612,388,,,,,,,,,,,,,,,,,
campaign_e_out,out_n1000_rho0.6_exact-ties_seed3.pcf,dhfma,1,0,864533,201,200,3461157822627395028,14080,23f703aa3bc9,2026-08-28T19:52:42Z,1000,612,388,,,,,,,,,,,,,,,,,
campaign_e_out,out_n1000_rho0.6_exact-ties_seed3.pcf,dhfma,2,0,856046,201,200,3461157822627395028,14080,23f703aa3bc9,2026-08-28T19:52:42Z,1000,612,388,,,,,,,,,,,,,,,,,
campaign_e_out,out_n1000_rho0.6_exact-ties_seed4.pcf,dhfma,0,0,735840,199,198,14027179051171864424,14080,23f703aa3bc9,2026-08-28T19:52:42Z,1000,587,413,,,,,,,,,,,,,,,,,
campaign_e_out,out_n1000_rho0.6_exact-ties_seed4.pcf,dhfma,1,0,739048,199,198,14027179051171864424,14080,23f703aa3bc9,2026-08-28T19:52:42Z,1000,587,413,,,,,,,,,,,,,,,,,
campaign_e_out,out_n1000_rho0.6_exact-ties_seed4.pcf,dhfma,2,0,685815,199,198,14027179051171864424,14080,23f703aa3bc9,2026-08-28T19:52:42Z,1000,587,413,,,,,,,,,,,,,,,,,
campaign_e_out,out_n1000_rho0.6_independent-positive_seed0.pcf,dhfma,0,0,868136,709,708,7934485579400027965,14080,23f703aa3bc9,2026-08-28T19:52:42Z,1000,591,409,,,,,,,,,,,,,,,,,
campaign_e_out,out_n1000_rho0.6_independent-positive_seed0.pcf,dhfma,1,0,808534,709,708,7934485579400027965,14080,23f703aa3bc9,2026-08-28T19:52:42Z,1000,591,409,,,,,,,,,,,,,,,,,
campaign_e_out,out_n1000_rho0.6_independent-positive_seed0.pcf,dhfma,2,0,821912,709,708,7934485579400027965,14080,23f703aa3bc9,2026-08-28T19:52:42Z,1000,591,409,,,,,,,,,,,,,,,,,
campaign_e_out,out_n1000_rho0.6_independent-positive_seed1.pcf,dhfma,0,0,954950,710,709,16930970685327423949,14080,23f703aa3bc9,2026-08-28T19:52:42Z,1000,596,404,,,,,,,,,,,,,,,,,
campaign_e_out,out_n1000_rho0.6_independent-positive_seed1.pcf,dhfma,1,0,902819,710,709,16930970685327423949,14080,23f703aa3bc9,2026-08-28T19:52:42Z,1000,596,404,,,,,,,,,,,,,,,,,
campaign_e_out,out_n1000_rho0.6_independent-positive_seed1.pcf,dhfma,2,0,905405,710,709,16930970685327423949,14080,23f703aa3bc9,2026-08-28T19:52:42Z,1000,596,404,,,,,,,,,,,,,,,,,
campaign_e_out,out_n1000_rho0.6_independent-positive_seed2.pcf,dhfma,0,0,1243333,699,698,7246668887039393569,14080,23f703aa3bc9,2026-08-28T19:52:42Z,1000,620,380,,,,,,,,,,,,,,,,,
campaign_e_out,out_n1000_rho0.6_independent-positive_seed2.pcf,dhfma,1,0,1248887,699,698,7246668887039393569,14080,23f703aa3bc9,2026-08-28T19:52:42Z,1000,620,380,,,,,,,,,,,,,,,,,
campaign_e_out,out_n1000_rho0.6_independent-positive_seed2.pcf,dhfma,2,0,1173767,699,698,7246668887039393569,14080,23f703aa3bc9,2026-08-28T19:52:42Z,1000,620,380,,,,,,,,,,,,,,,,,
campaign_e_out,out_n1000_rho0.6_independent-positive_seed3.pcf,dhfma,0,0,783071,710,709,14579115948015594949,14080,23f703aa3bc9,2026-08-28T19:52:42Z,1000,589,411,,,,,,,,,,,,,,,,,
campaign_e_out,out_n1000_rho0.6_independent-positive_seed3.pcf,dhfma,1,0,733640,710,709,14579115948015594949,14080,23f703aa3bc9,2026-08-28T19:52:42Z,1000,589,411,,,,,,,,,,,,,,,,,
campaign_e_out,out_n1000_rho0.6_independent-positive_seed3.pcf,dhfma,2,0,730173,710,709,14579115948015594949,14080,23f703aa3bc9,2026-08-28T19:52:42Z,1000,589,411,,,,,,,,,,,,,,,,,
campaign_e_out,out_n1000_rho0.6_independent-positive_seed4.pcf,dhfma,0,0,860986,699,698,6653056860044566569,14080,23f703aa3bc9,2026-08-28T19:52:42Z,1000,585,415,,,,,,,,,,,,,,,,,
campaign_e_out,out_n1000_rho0.6_independent-positive_seed4.pcf,dhfma,1,0,802084,699,698,6653056860044566569,14080,23f703aa3bc9,2026-08-28T19:52:42Z,1000,585,415,,,,,,,,,,,,,,,,,
campaign_e_out,out_n1000_rho0.6_independent-positive_seed4.pcf,dhfma,2,0,799038,699,698,6653056860044566569,14080,23f703aa3bc9,2026-08-28T19:52:42Z,1000,585,415,,,,,,,,,,,,,,,,,
campaign_e_out,out_n1000_rho0.6_independent-signed_seed0.pcf,dhfma,0,0,782557,726,725,9866501865844232815,14080,23f703aa3bc9,2026-08-28T19:52:42Z,1000,589,411,,,,,,,,,,,,,,,,,
campaign_e_out,out_n1000_rho0.6_independent-signed_seed0.pcf,dhfma,1,0,738711,726,725,9866501865844232815,14080,23f703aa3bc9,2026-08-28T19:52:42Z,1000,589,411,,,,,,,,,,,,,,,,,
campaign_e_out,out_n1000_rho0.6_independent-signed_seed0.pcf,dhfma,2,0,711270,726,725,9866501865844232815,14080,23f703aa3bc9,2026-08-28T19:52:43Z,1000,589,411,,,,,,,,,,,,,,,,,
campaign_e_out,out_n1000_rho0.6_independent-signed_seed1.pcf,dhfma,0,0,879246,690,689,7725319987221507900,14080,23f703aa3bc9,2026-08-28T19:52:43Z,1000,596,404,,,,,,,,,,,,,,,,,
campaign_e_out,out_n1000_rho0.6_independent-signed_seed1.pcf,dhfma,1,0,824323,690,689,7725319987221507900,14080,23f703aa3bc9,2026-08-28T19:52:43Z,1000,596,404,,,,,,,,,,,,,,,,,
campaign_e_out,out_n1000_rho0.6_independent-signed_seed1.pcf,dhfma,2,0,836652,690,689,7725319987221507900,14080,23f703aa3bc9,2026-08-28T19:52:43Z,1000,596,404,,,,,,,,,,,,,,,,,
campaign_e_out,out_n1000_rho0.6_independent-signed_seed2.pcf,dhfma,0,0,1079530,690,689,1088209291474415668,14240,23f703aa3bc9,2026-08-28T19:52:43Z,1000,620,380,,,,,,,,,,,,,,,,,
campaign_e_out,out_n1000_rho0.6_independent-signed_seed2.pcf,dhfma,1,0,1025941,690,689,1088209291474415668,14240,23f703aa3bc9,2026-08-28T19:52:43Z,1000,620,380,,,,,,,,,,,,,,,,,
campaign_e_out,out_n1000_rho0.6_independent-signed_seed2.pcf,dhfma,2,0,990586,690,689,1088209291474415668,14240,23f703aa3bc9,2026-08-28T19:52:43Z,1000,620,380,,,,,,,,,,,,,,,,,
campaign_e_out,out_n1000_rho0.6_independent-signed_seed3.pcf,dhfma,0,0,853847,711,710,896105404608509366,14240,23f703aa3bc9,2026-08-28T19:52:43Z,1000,589,411,,,,,,,,,,,,,,,,,
campaign_e_out,out_n1000_rho0.6_independent-signed_seed3.pcf,dhfma,1,0,741684,711,710,896105404608509366,14240,23f703aa3bc9,2026-08-28T19:52:43Z,1000,589,411,,,,,,,,,,,,,,,,,
campaign_e_out,out_n1000_rho0.6_independent-signed_seed3.pcf,dhfma,2,0,748442,711,710,896105404608509366,14240,23f703aa3bc9,2026-08-28T19:52:43Z,1000,589,411,,,,,,,,,,,,,,,,,
campaign_e_out,out_n1000_rho0.6_independent-signed_seed4.pcf,dhfma,0,0,866803,699,698,13792685195156435558,14240,23f703aa3bc9,2026-08-28T19:52:43Z,1000,585,415,,,,,,,,,,,,,,,,,
campaign_e_out,out_n1000_rho0.6_independent-signed_seed4.pcf,dhfma,1,0,830031,699,698,13792685195156435558,14240,23f703aa3bc9,2026-08-28T19:52:43Z,1000,585,415,,,,,,,,,,,,,,,,,
campaign_e_out,out_n1000_rho0.6_independent-signed_seed4.pcf,dhfma,2,0,823951,699,698,13792685195156435558,14240,23f703aa3bc9,2026-08-28T19:52:43Z,1000,585,415,,,,,,,,,,,,,,,,,
campaign_e_out,out_n1000_rho0.6_near-ties_seed0.pcf,dhfma,0,0,684376,214,213,12829735372029285468,14240,23f703aa3bc9,2026-08-28T19:52:43Z,1000,583,417,,,,,,,,,,,,,,,,,
campaign_e_out,out_n1000_rho0.6_near-ties_seed0.pcf,dhfma,1,0,650910,214,213,12829735372029285468,14240,23f703aa3bc9,2026-08-28T19:52:43Z,1000,583,417,,,,,,,,,,,,,,,,,
campaign_e_out,out_n1000_rho0.6_near-ties_seed0.pcf,dhfma,2,0,622312,214,213,12829735372029285468,14240,23f703aa3bc9,2026-08-28T19:52:43Z,1000,583,417,,,,,,,,,,,,,,,,,
campaign_e_out,out_n1000_rho0.6_near-ties_seed1.pcf,dhfma,0,0,648581,208,207,17608590208181336850,14240,23f703aa3bc9,2026-08-28T19:52:43Z,1000,568,432,,,,,,,,,,,,,,,,,
campaign_e_out,out_n1000_rho0.6_near-ties_seed1.pcf,dhfma,1,0,613436,208,207,17608590208181336850,14240,23f703aa3bc9,2026-08-28T19:52:43Z,1000,568,432,,,,,,,,,,,,,,,,,
campaign_e_out,out_n1000_rho0.6_near-ties_seed1.pcf,dhfma,2,0,605356,208,207,17608590208181336850,14240,23f703aa3bc9,2026-08-28T19:52:43Z,1000,568,432,,,,,,,,,,,,,,,,,
campaign_e_out,out_n1000_rho0.6_near-ties_seed2.pcf,dhfma,0,0,806224,216,215,14576190860359931513,14240,23f703aa3bc9,2026-08-28T19:52:43Z,1000,614,386,,,,,,,,,,,,,,,,,
campaign_e_out,out_n1000_rho0.6_near-ties_seed2.pcf,dhfma,1,0,763794,216,215,14576190860359931513,14240,23f703aa3bc9,2026-08-28T19:52:43Z,1000,614,386,,,,,,,,,,,,,,,,,
campaign_e_out,out_n1000_rho0.6_near-ties_seed2.pcf,dhfma,2,0,742969,216,215,14576190860359931513,14240,23f703aa3bc9,2026-08-28T19:52:43Z,1000,614,386,,,,,,,,,,,,,,,,,
campaign_e_out,out_n1000_rho0.6_near-ties_seed3.pcf,dhfma,0,0,799683,213,212,13432131911212259484,14240,23f703aa3bc9,2026-08-28T19:52:43Z,1000,569,431,,,,,,,,,,,,,,,,,
campaign_e_out,out_n1000_rho0.6_near-ties_seed3.pcf,dhfma,1,0,750679,213,212,13432131911212259484,14240,23f703aa3bc9,2026-08-28T19:52:43Z,1000,569,431,,,,,,,,,,,,,,,,,
campaign_e_out,out_n1000_rho0.6_near-ties_seed3.pcf,dhfma,2,0,740906,213,212,13432131911212259484,14240,23f703aa3bc9,2026-08-28T19:52:43Z,1000,569,431,,,,,,,,,,,,,,,,,
campaign_e_out,out_n1000_rho0.6_near-ties_seed4.pcf,dhfma,0,0,755198,218,217,13311683977224135647,14240,23f703aa3bc9,2026-08-28T19:52:43Z,1000,576,424,,,,,,,,,,,,,,,,,
campaign_e_out,out_n1000_rho0.6_near-ties_seed4.pcf,dhfma,1,0,709927,218,217,13311683977224135647,14240,23f703aa3bc9,2026-08-28T19:52:43Z,1000,576,424,,,,,,,,,,,,,,,,,
campaign_e_out,out_n1000_rho0.6_near-ties_seed4.pcf,dhfma,2,0,707780,218,217,13311683977224135647,14240,23f703aa3bc9,2026-08-28T19:52:43Z,1000,576,424,,,,,,,,,,,,,,,,,
campaign_e_out,out_n1000_rho1.0_anti-correlated_seed0.pcf,dhfma,0,0,5554355,505,504,9869011399548614410,14240,23f703aa3bc9,2026-08-28T19:52:43Z,1000,999,1,,,,,,,,,,,,,,,,,
campaign_e_out,out_n1000_rho1.0_anti-correlated_seed0.pcf,dhfma,1,0,5428510,505,504,9869011399548614410,14240,23f703aa3bc9,2026-08-28T19:52:43Z,1000,999,1,,,,,,,,,,,,,,,,,
campaign_e_out,out_n1000_rho1.0_anti-correlated_seed0.pcf,dhfma,2,0,5409429,505,504,9869011399548614410,14240,23f703aa3bc9,2026-08-28T19:52:43Z,1000,999,1,,,,,,,,,,,,,,,,,
campaign_e_out,out_n1000_rho1.0_anti-correlated_seed1.pcf,dhfma,0,0,4977867,513,512,2041657345672384736,14240,23f703aa3bc9,2026-08-28T19:52:43Z,1000,999,1,,,,,,,,,,,,,,,,,
campaign_e_out,out_n1000_rho1.0_anti-correlated_seed1.pcf,dhfma,1,0,4895099,513,512,2041657345672384736,14240,23f703aa3bc9,2026-08-28T19:52:43Z,1000,999,1,,,,,,,,,,,,,,,,,
campaign_e_out,out_n1000_rho1.0_anti-correlated_seed1.pcf,dhfma,2,0,4877561,513,512,2041657345672384736,14240,23f703aa3bc9,2026-08-28T19:52:43Z,1000,999,1,,,,,,,,,,,,,,,,,
campaign_e_out,out_n1000_rho1.0_anti-correlated_seed2.pcf,dhfma,0,0,5300747,482,481,3442156930231529943,14240,23f703aa3bc9,2026-08-28T19:52:43Z,1000,999,1,,,,,,,,,,,,,,,,,
campaign_e_out,out_n1000_rho1.0_anti-correlated_seed2.pcf,dhfma,1,0,5228278,482,481,3442156930231529943,14240,23f703aa3bc9,2026-08-28T19:52:43Z,1000,999,1,,,,,,,,,,,,,,,,,
campaign_e_out,out_n1000_rho1.0_anti-correlated_seed2.pcf,dhfma,2,0,5192064,482,481,3442156930231529943,14240,23f703aa3bc9,2026-08-28T19:52:43Z,1000,999,1,,,,,,,,,,,,,,,,,
campaign_e_out,out_n1000_rho1.0_anti-correlated_seed3.pcf,dhfma,0,0,3174003,483,482,2036218392087659571,14240,23f703aa3bc9,2026-08-28T19:52:43Z,1000,999,1,,,,,,,,,,,,,,,,,
campaign_e_out,out_n1000_rho1.0_anti-correlated_seed3.pcf,dhfma,1,0,3102815,483,482,2036218392087659571,14240,23f703aa3bc9,2026-08-28T19:52:43Z,1000,999,1,,,,,,,,,,,,,,,,,
campaign_e_out,out_n1000_rho1.0_anti-correlated_seed3.pcf,dhfma,2,0,3101714,483,482,2036218392087659571,14240,23f703aa3bc9,2026-08-28T19:52:43Z,1000,999,1,,,,,,,,,,,,,,,,,
campaign_e_out,out_n1000_rho1.0_anti-correlated_seed4.pcf,dhfma,0,0,4429906,524,523,551914448310406002,14240,23f703aa3bc9,2026-08-28T19:52:43Z,1000,999,1,,,,,,,,,,,,,,,,,
campaign_e_out,out_n1000_rho1.0_anti-correlated_seed4.pcf,dhfma,1,0,4325142,524,523,551914448310406002,14240,23f703aa3bc9,2026-08-28T19:52:43Z,1000,999,1,,,,,,,,,,,,,,,,,
campaign_e_out,out_n1000_rho1.0_anti-correlated_seed4.pcf,dhfma,2,0,4322031,524,523,551914448310406002,14240,23f703aa3bc9,2026-08-28T19:52:43Z,1000,999,1,,,,,,,,,,,,,,,,,
campaign_e_out,out_n1000_rho1.0_correlated_seed0.pcf,dhfma,0,0,4501852,503,502,10017183013202173077,14240,23f703aa3bc9,2026-08-28T19:52:43Z,1000,999,1,,,,,,,,,,,,,,,,,
campaign_e_out,out_n1000_rho1.0_correlated_seed0.pcf,dhfma,1,0,4409878,503,502,10017183013202173077,14240,23f703aa3bc9,2026-08-28T19:52:43Z,1000,999,1,,,,,,,,,,,,,,,,,
campaign_e_out,out_n1000_rho1.0_correlated_seed0.pcf,dhfma,2,0,4374344,503,502,10017183013202173077,14240,23f703aa3bc9,2026-08-28T19:52:43Z,1000,999,1,,,,,,,,,,,,,,,,,
campaign_e_out,out_n1000_rho1.0_correlated_seed1.pcf,dhfma,0,0,5028472,486,485,13016250891682690834,14240,23f703aa3bc9,2026-08-28T19:52:43Z,1000,999,1,,,,,,,,,,,,,,,,,
campaign_e_out,out_n1000_rho1.0_correlated_seed1.pcf,dhfma,1,0,4860199,486,485,13016250891682690834,14240,23f703aa3bc9,2026-08-28T19:52:43Z,1000,999,1,,,,,,,,,,,,,,,,,
campaign_e_out,out_n1000_rho1.0_correlated_seed1.pcf,dhfma,2,0,4905643,486,485,13016250891682690834,14240,23f703aa3bc9,2026-08-28T19:52:43Z,1000,999,1,,,,,,,,,,,,,,,,,
campaign_e_out,out_n1000_rho1.0_correlated_seed2.pcf,dhfma,0,0,4627421,488,487,1367432417770793192,14240,23f703aa3bc9,2026-08-28T19:52:43Z,1000,999,1,,,,,,,,,,,,,,,,,
campaign_e_out,out_n1000_rho1.0_correlated_seed2.pcf,dhfma,1,0,4523635,488,487,1367432417770793192,14240,23f703aa3bc9,2026-08-28T19:52:43Z,1000,999,1,,,,,,,,,,,,,,,,,
campaign_e_out,out_n1000_rho1.0_correlated_seed2.pcf,dhfma,2,0,4492271,488,487,1367432417770793192,14240,23f703aa3bc9,2026-08-28T19:52:43Z,1000,999,1,,,,,,,,,,,,,,,,,
campaign_e_out,out_n1000_rho1.0_correlated_seed3.pcf,dhfma,0,0,4701254,486,485,5981242912966306000,14240,23f703aa3bc9,2026-08-28T19:52:43Z,1000,999,1,,,,,,,,,,,,,,,,,
campaign_e_out,out_n1000_rho1.0_correlated_seed3.pcf,dhfma,1,0,4677815,486,485,5981242912966306000,14240,23f703aa3bc9,2026-08-28T19:52:43Z,1000,999,1,,,,,,,,,,,,,,,,,
campaign_e_out,out_n1000_rho1.0_correlated_seed3.pcf,dhfma,2,0,4612694,486,485,5981242912966306000,14240,23f703aa3bc9,2026-08-28T19:52:43Z,1000,999,1,,,,,,,,,,,,,,,,,
campaign_e_out,out_n1000_rho1.0_correlated_seed4.pcf,dhfma,0,0,3764961,507,506,9342604783391349520,14240,23f703aa3bc9,2026-08-28T19:52:43Z,1000,999,1,,,,,,,,,,,,,,,,,
campaign_e_out,out_n1000_rho1.0_correlated_seed4.pcf,dhfma,1,0,3691089,507,506,9342604783391349520,14240,23f703aa3bc9,2026-08-28T19:52:43Z,1000,999,1,,,,,,,,,,,,,,,,,
campaign_e_out,out_n1000_rho1.0_correlated_seed4.pcf,dhfma,2,0,3679030,507,506,9342604783391349520,14240,23f703aa3bc9,2026-08-28T19:52:43Z,1000,999,1,,,,,,,,,,,,,,,,,
campaign_e_out,out_n1000_rho1.0_exact-ties_seed0.pcf,dhfma,0,0,3899986,216,215,12482907024884686419,14240,23f703aa3bc9,2026-08-28T19:52:43Z,1000,999,1,,,,,,,,,,,,,,,,,
campaign_e_out,out_n1000_rho1.0_exact-ties_seed0.pcf,dhfma,1,0,3837919,216,215,12482907024884686419,14240,23f703aa3bc9,2026-08-28T19:52:43Z,1000,999,1,,,,,,,,,,,,,,,,,
campaign_e_out,out_n1000_rho1.0_exact-ties_seed0.pcf,dhfma,2,0,3822774,216,215,12482907024884686419,14240,23f703aa3bc9,2026-08-28T19:52:43Z,1000,999,1,,,,,,,,,,,,,,,,,
campaign_e_out,out_n1000_rho1.0_exact-ties_seed1.pcf,dhfma,0,0,3630711,204,203,17186849293279915807,14400,23f703aa3bc9,2026-08-28T19:52:43Z,1000,999,1,,,,,,,,,,,,,,,,,
campaign_e_out,out_n1000_rho1.0_exact-ties_seed1.pcf,dhfma,1,0,3570610,204,203,17186849293279915807,14400,23f703aa3bc9,2026-08-28T19:52:43Z,1000,999,1,,,,,,,,,,,,,,,,,
campaign_e_out,out_n1000_rho1.0_exact-ties_seed1.pcf,dhfma,2,0,3547209,204,203,17186849293279915807,14400,23f703aa3bc9,2026-08-28T19:52:43Z,1000,999,1,,,,,,,,,,,,,,,,,
campaign_e_out,out_n1000_rho1.0_exact-ties_seed2.pcf,dhfma,0,0,5158374,196,195,10626063155581862952,14400,23f703aa3bc9,2026-08-28T19:52:43Z,1000,999,1,,,,,,,,,,,,,,,,,
campaign_e_out,out_n1000_rho1.0_exact-ties_seed2.pcf,dhfma,1,0,5064489,196,195,10626063155581862952,14400,23f703aa3bc9,2026-08-28T19:52:43Z,1000,999,1,,,,,,,,,,,,,,,,,
campaign_e_out,out_n1000_rho1.0_exact-ties_seed2.pcf,dhfma,2,0,4993822,196,195,10626063155581862952,14400,23f703aa3bc9,2026-08-28T19:52:43Z,1000,999,1,,,,,,,,,,,,,,,,,
campaign_e_out,out_n1000_rho1.0_exact-ties_seed3.pcf,dhfma,0,0,4799845,198,197,16409121336445951232,14400,23f703aa3bc9,2026-08-28T19:52:43Z,1000,999,1,,,,,,,,,,,,,,,,,
campaign_e_out,out_n1000_rho1.0_exact-ties_seed3.pcf,dhfma,1,0,4761027,198,197,16409121336445951232,14400,23f703aa3bc9,2026-08-28T19:52:43Z,1000,999,1,,,,,,,,,,,,,,,,,
campaign_e_out,out_n1000_rho1.0_exact-ties_seed3.pcf,dhfma,2,0,4740189,198,197,16409121336445951232,14400,23f703aa3bc9,2026-08-28T19:52:43Z,1000,999,1,,,,,,,,,,,,,,,,,
campaign_e_out,out_n1000_rho1.0_exact-ties_seed4.pcf,dhfma,0,0,3917753,207,206,9268705853645471927,14400,23f703aa3bc9,2026-08-28T19:52:43Z,1000,999,1,,,,,,,,,,,,,,,,,
campaign_e_out,out_n1000_rho1.0_exact-ties_seed4.pcf,dhfma,1,0,3873679,207,206,9268705853645471927,14400,23f703aa3bc9,2026-08-28T19:52:43Z,1000,999,1,,,,,,,,,,,,,,,,,
campaign_e_out,out_n1000_rho1.0_exact-ties_seed4.pcf,dhfma,2,0,3864078,207,206,9268705853645471927,14400,23f703aa3bc9,2026-08-28T19:52:43Z,1000,999,1,,,,,,,,,,,,,,,,,
campaign_e_out,out_n1000_rho1.0_independent-positive_seed0.pcf,dhfma,0,0,4198185,506,505,5655608413880334802,14400,23f703aa3bc9,2026-08-28T19:52:43Z,1000,999,1,,,,,,,,,,,,,,,,,
campaign_e_out,out_n1000_rho1.0_independent-positive_seed0.pcf,dhfma,1,0,4087798,506,505,5655608413880334802,14400,23f703aa3bc9,2026-08-28T19:52:43Z,1000,999,1,,,,,,,,,,,,,,,,,
campaign_e_out,out_n1000_rho1.0_independent-positive_seed0.pcf,dhfma,2,0,4048847,506,505,5655608413880334802,14400,23f703aa3bc9,2026-08-28T19:52:43Z,1000,999,1,,,,,,,,,,,,,,,,,
campaign_e_out,out_n1000_rho1.0_independent-positive_seed1.pcf,dhfma,0,0,4713920,499,498,15218384334013339270,14400,23f703aa3bc9,2026-08-28T19:52:43Z,1000,999,1,,,,,,,,,,,,,,,,,
campaign_e_out,out_n1000_rho1.0_independent-positive_seed1.pcf,dhfma,1,0,4668942,499,498,15218384334013339270,14400,23f703aa3bc9,2026-08-28T19:52:43Z,1000,999,1,,,,,,,,,,,,,,,,,
campaign_e_out,out_n1000_rho1.0_independent-positive_seed1.pcf,dhfma,2,0,4607742,499,498,15218384334013339270,14400,23f703aa3bc9,2026-08-28T19:52:43Z,1000,999,1,,,,,,,,,,,,,,,,,
campaign_e_out,out_n1000_rho1.0_independent-positive_seed2.pcf,dhfma,0,0,3821723,500,499,2750533011546957983,14400,23f703aa3bc9,2026-08-28T19:52:43Z,1000,999,1,,,,,,,,,,,,,,,,,
campaign_e_out,out_n1000_rho1.0_independent-positive_seed2.pcf,dhfma,1,0,3745096,500,499,2750533011546957983,14400,23f703aa3bc9,2026-08-28T19:52:43Z,1000,999,1,,,,,,,,,,,,,,,,,
campaign_e_out,out_n1000_rho1.0_independent-positive_seed2.pcf,dhfma,2,0,3723246,500,499,2750533011546957983,14400,23f703aa3bc9,2026-08-28T19:52:43Z,1000,999,1,,,,,,,,,,,,,,,,,
campaign_e_out,out_n1000_rho1.0_independent-positive_seed3.pcf,dhfma,0,0,4678091,492,491,14765034763362645933,14400,23f703aa3bc9,2026-08-28T19:52:43Z,1000,999,1,,,,,,,,,,,,,,,,,
campaign_e_out,out_n1000_rho1.0_independent-positive_seed3.pcf,dhfma,1,0,4645491,492,491,14765034763362645933,14400,23f703aa3bc9,2026-08-28T19:52:43Z,1000,999,1,,,,,,,,,,,,,,,,,
campaign_e_out,out_n1000_rho1.0_independent-positive_seed3.pcf,dhfma,2,0,4625259,492,491,14765034763362645933,14400,23f703aa3bc9,2026-08-28T19:52:43Z,1000,999,1,,,,,,,,,,,,,,,,,
campaign_e_out,out_n1000_rho1.0_independent-positive_seed4.pcf,dhfma,0,0,3885431,504,503,6014347800855837934,14400,23f703aa3bc9,2026-08-28T19:52:43Z,1000,999,1,,,,,,,,,,,,,,,,,
campaign_e_out,out_n1000_rho1.0_independent-positive_seed4.pcf,dhfma,1,0,3803589,504,503,6014347800855837934,14400,23f703aa3bc9,2026-08-28T19:52:43Z,1000,999,1,,,,,,,,,,,,,,,,,
campaign_e_out,out_n1000_rho1.0_independent-positive_seed4.pcf,dhfma,2,0,3791795,504,503,6014347800855837934,14400,23f703aa3bc9,2026-08-28T19:52:43Z,1000,999,1,,,,,,,,,,,,,,,,,
campaign_e_out,out_n1000_rho1.0_independent-signed_seed0.pcf,dhfma,0,0,4048765,515,514,5358712381848555907,14400,23f703aa3bc9,2026-08-28T19:52:43Z,1000,999,1,,,,,,,,,,,,,,,,,
campaign_e_out,out_n1000_rho1.0_independent-signed_seed0.pcf,dhfma,1,0,3931234,515,514,5358712381848555907,14400,23f703aa3bc9,2026-08-28T19:52:43Z,1000,999,1,,,,,,,,,,,,,,,,,
campaign_e_out,out_n1000_rho1.0_independent-signed_seed0.pcf,dhfma,2,0,3915077,515,514,5358712381848555907,14400,23f703aa3bc9,2026-08-28T19:52:43Z,1000,999,1,,,,,,,,,,,,,,,,,
campaign_e_out,out_n1000_rho1.0_independent-signed_seed1.pcf,dhfma,0,0,5622185,475,474,17899013512269962207,14400,23f703aa3bc9,2026-08-28T19:52:43Z,1000,999,1,,,,,,,,,,,,,,,,,
campaign_e_out,out_n1000_rho1.0_independent-signed_seed1.pcf,dhfma,1,0,5523076,475,474,17899013512269962207,14400,23f703aa3bc9,2026-08-28T19:52:43Z,1000,999,1,,,,,,,,,,,,,,,,,
campaign_e_out,out_n1000_rho1.0_independent-signed_seed1.pcf,dhfma,2,0,5445119,475,474,17899013512269962207,14400,23f703aa3bc9,2026-08-28T19:52:43Z,1000,999,1,,,,,,,,,,,,,,,,,
campaign_e_out,out_n1000_rho1.0_independent-signed_seed2.pcf,dhfma,0,0,3585345,516,515,5380971873593928936,14400,23f703aa3bc9,2026-08-28T19:52:43Z,1000,999,1,,,,,,,,,,,,,,,,,
campaign_e_out,out_n1000_rho1.0_independent-signed_seed2.pcf,dhfma,1,0,3478469,516,515,5380971873593928936,14400,23f703aa3bc9,2026-08-28T19:52:43Z,1000,999,1,,,,,,,,,,,,,,,,,
campaign_e_out,out_n1000_rho1.0_independent-signed_seed2.pcf,dhfma,2,0,3506414,516,515,5380971873593928936,14400,23f703aa3bc9,2026-08-28T19:52:43Z,1000,999,1,,,,,,,,,,,,,,,,,
campaign_e_out,out_n1000_rho1.0_independent-signed_seed3.pcf,dhfma,0,0,6224846,480,479,4936375843525825209,14400,23f703aa3bc9,2026-08-28T19:52:43Z,1000,999,1,,,,,,,,,,,,,,,,,
campaign_e_out,out_n1000_rho1.0_independent-signed_seed3.pcf,dhfma,1,0,6194978,480,479,4936375843525825209,14400,23f703aa3bc9,2026-08-28T19:52:43Z,1000,999,1,,,,,,,,,,,,,,,,,
campaign_e_out,out_n1000_rho1.0_independent-signed_seed3.pcf,dhfma,2,0,6169002,480,479,4936375843525825209,14400,23f703aa3bc9,2026-08-28T19:52:43Z,1000,999,1,,,,,,,,,,,,,,,,,
campaign_e_out,out_n1000_rho1.0_independent-signed_seed4.pcf,dhfma,0,0,4684692,505,504,15563907403255288133,14400,23f703aa3bc9,2026-08-28T19:52:43Z,1000,999,1,,,,,,,,,,,,,,,,,
campaign_e_out,out_n1000_rho1.0_independent-signed_seed4.pcf,dhfma,1,0,4583966,505,504,15563907403255288133,14400,23f703aa3bc9,2026-08-28T19:52:43Z,1000,999,1,,,,,,,,,,,,,,,,,
campaign_e_out,out_n1000_rho1.0_independent-signed_seed4.pcf,dhfma,2,0,4519804,505,504,15563907403255288133,14400,23f703aa3bc9,2026-08-28T19:52:43Z,1000,999,1,,,,,,,,,,,,,,,,,
campaign_e_out,out_n1000_rho1.0_near-ties_seed0.pcf,dhfma,0,0,3794389,203,202,16870050870827367575,14400,23f703aa3bc9,2026-08-28T19:52:43Z,1000,999,1,,,,,,,,,,,,,,,,,
campaign_e_out,out_n1000_rho1.0_near-ties_seed0.pcf,dhfma,1,0,3650489,203,202,16870050870827367575,14400,23f703aa3bc9,2026-08-28T19:52:43Z,1000,999,1,,,,,,,,,,,,,,,,,
campaign_e_out,out_n1000_rho1.0_near-ties_seed0.pcf,dhfma,2,0,3677488,203,202,16870050870827367575,14400,23f703aa3bc9,2026-08-28T19:52:43Z,1000,999,1,,,,,,,,,,,,,,,,,
campaign_e_out,out_n1000_rho1.0_near-ties_seed1.pcf,dhfma,0,0,4950426,206,205,12682720625511589978,14400,23f703aa3bc9,2026-08-28T19:52:43Z,1000,999,1,,,,,,,,,,,,,,,,,
campaign_e_out,out_n1000_rho1.0_near-ties_seed1.pcf,dhfma,1,0,4885958,206,205,12682720625511589978,14400,23f703aa3bc9,2026-08-28T19:52:43Z,1000,999,1,,,,,,,,,,,,,,,,,
campaign_e_out,out_n1000_rho1.0_near-ties_seed1.pcf,dhfma,2,0,4877463,206,205,12682720625511589978,14400,23f703aa3bc9,2026-08-28T19:52:43Z,1000,999,1,,,,,,,,,,,,,,,,,
campaign_e_out,out_n1000_rho1.0_near-ties_seed2.pcf,dhfma,0,0,4991324,212,211,17556072482481509885,14400,23f703aa3bc9,2026-08-28T19:52:43Z,1000,999,1,,,,,,,,,,,,,,,,,
campaign_e_out,out_n1000_rho1.0_near-ties_seed2.pcf,dhfma,1,0,4928091,212,211,17556072482481509885,14400,23f703aa3bc9,2026-08-28T19:52:43Z,1000,999,1,,,,,,,,,,,,,,,,,
campaign_e_out,out_n1000_rho1.0_near-ties_seed2.pcf,dhfma,2,0,4938279,212,211,17556072482481509885,14400,23f703aa3bc9,2026-08-28T19:52:43Z,1000,999,1,,,,,,,,,,,,,,,,,
campaign_e_out,out_n1000_rho1.0_near-ties_seed3.pcf,dhfma,0,0,5202120,207,206,5169177778578429734,14400,23f703aa3bc9,2026-08-28T19:52:43Z,1000,999,1,,,,,,,,,,,,,,,,,
campaign_e_out,out_n1000_rho1.0_near-ties_seed3.pcf,dhfma,1,0,5101230,207,206,5169177778578429734,14400,23f703aa3bc9,2026-08-28T19:52:43Z,1000,999,1,,,,,,,,,,,,,,,,,
campaign_e_out,out_n1000_rho1.0_near-ties_seed3.pcf,dhfma,2,0,5089806,207,206,5169177778578429734,14400,23f703aa3bc9,2026-08-28T19:52:43Z,1000,999,1,,,,,,,,,,,,,,,,,
campaign_e_out,out_n1000_rho1.0_near-ties_seed4.pcf,dhfma,0,0,3521276,212,211,14807460983603471852,14400,23f703aa3bc9,2026-08-28T19:52:43Z,1000,999,1,,,,,,,,,,,,,,,,,
campaign_e_out,out_n1000_rho1.0_near-ties_seed4.pcf,dhfma,1,0,3487625,212,211,14807460983603471852,14400,23f703aa3bc9,2026-08-28T19:52:43Z,1000,999,1,,,,,,,,,,,,,,,,,
campaign_e_out,out_n1000_rho1.0_near-ties_seed4.pcf,dhfma,2,0,3514658,212,211,14807460983603471852,14400,23f703aa3bc9,2026-08-28T19:52:43Z,1000,999,1,,,,,,,,,,,,,,,,,
campaign_e_out,out_n100_rho0.6_anti-correlated_seed0.pcf,dhfma,0,0,98433,75,74,7210868548327139217,14400,23f703aa3bc9,2026-08-28T19:52:43Z,100,63,37,,,,,,,,,,,,,,,,,
campaign_e_out,out_n100_rho0.6_anti-correlated_seed0.pcf,dhfma,1,0,77559,75,74,7210868548327139217,14400,23f703aa3bc9,2026-08-28T19:52:43Z,100,63,37,,,,,,,,,,,,,,,,,
campaign_e_out,out_n100_rho0.6_anti-correlated_seed0.pcf,dhfma,2,0,72534,75,74,7210868548327139217,14400,23f703aa3bc9,2026-08-28T19:52:43Z,100,63,37,,,,,,,,,,,,,,,,,
campaign_e_out,out_n100_rho0.6_anti-correlated_seed1.pcf,dhfma,0,0,76278,68,67,17812802336973202265,14400,23f703aa3bc9,2026-08-28T19:52:43Z,100,59,41,,,,,,,,,,,,,,,,,
campaign_e_out,out_n100_rho0.6_anti-correlated_seed1.pcf,dhfma,1,0,58471,68,67,17812802336973202265,14400,23f703aa3bc9,2026-08-28T19:52:43Z,100,59,41,,,,,,,,,,,,,,,,,
campaign_e_out,out_n100_rho0.6_anti-correlated_seed1.pcf,dhfma,2,0,47696,68,67,17812802336973202265,14400,23f703aa3bc9,2026-08-28T19:52:43Z,100,59,41,,,,,,,,,,,,,,,,,
campaign_e_out,out_n100_rho0.6_anti-correlated_seed2.pcf,dhfma,0,0,76166,71,70,9704481449520371243,14560,23f703aa3bc9,2026-08-28T19:52:43Z,100,56,44,,,,,,,,,,,,,,,,,
campaign_e_out,out_n100_rho0.6_anti-correlated_seed2.pcf,dhfma,1,0,58724,71,70,9704481449520371243,14560,23f703aa3bc9,2026-08-28T19:52:43Z,100,56,44,,,,,,,,,,,,,,,,,
campaign_e_out,out_n100_rho0.6_anti-correlated_seed2.pcf,dhfma,2,0,54848,71,70,9704481449520371243,14560,23f703aa3bc9,2026-08-28T19:52:43Z,100,56,44,,,,,,,,,,,,,,,,,
campaign_e_out,out_n100_rho0.6_anti-correlated_seed3.pcf,dhfma,0,0,74207,76,75,15255656020295812888,14560,23f703aa3bc9,2026-08-28T19:52:43Z,100,57,43,,,,,,,,,,,,,,,,,
campaign_e_out,out_n100_rho0.6_anti-correlated_seed3.pcf,dhfma,1,0,56537,76,75,15255656020295812888,14560,23f703aa3bc9,2026-08-28T19:52:43Z,100,57,43,,,,,,,,,,,,,,,,,
campaign_e_out,out_n100_rho0.6_anti-correlated_seed3.pcf,dhfma,2,0,47173,76,75,15255656020295812888,14560,23f703aa3bc9,2026-08-28T19:52:43Z,100,57,43,,,,,,,,,,,,,,,,,
campaign_e_out,out_n100_rho0.6_anti-correlated_seed4.pcf,dhfma,0,0,86409,72,71,16707379809774889338,14560,23f703aa3bc9,2026-08-28T19:52:43Z,100,64,36,,,,,,,,,,,,,,,,,
campaign_e_out,out_n100_rho0.6_anti-correlated_seed4.pcf,dhfma,1,0,68650,72,71,16707379809774889338,14560,23f703aa3bc9,2026-08-28T19:52:43Z,100,64,36,,,,,,,,,,,,,,,,,
campaign_e_out,out_n100_rho0.6_anti-correlated_seed4.pcf,dhfma,2,0,67593,72,71,16707379809774889338,14560,23f703aa3bc9,2026-08-28T19:52:43Z,100,64,36,,,,,,,,,,,,,,,,,
campaign_e_out,out_n100_rho0.6_correlated_seed0.pcf,dhfma,0,0,105259,68,67,4565952426313554187,14560,23f703aa3bc9,2026-08-28T19:52:43Z,100,63,37,,,,,,,,,,,,,,,,,
campaign_e_out,out_n100_rho0.6_correlated_seed0.pcf,dhfma,1,0,87373,68,67,4565952426313554187,14560,23f703aa3bc9,2026-08-28T19:52:43Z,100,63,37,,,,,,,,,,,,,,,,,
campaign_e_out,out_n100_rho0.6_correlated_seed0.pcf,dhfma,2,0,80867,68,67,4565952426313554187,14560,23f703aa3bc9,2026-08-28T19:52:43Z,100,63,37,,,,,,,,,,,,,,,,,
campaign_e_out,out_n100_rho0.6_correlated_seed1.pcf,dhfma,0,0,72256,71,70,8673701293939496045,14560,23f703aa3bc9,2026-08-28T19:52:43Z,100,59,41,,,,,,,,,,,,,,,,,
campaign_e_out,out_n100_rho0.6_correlated_seed1.pcf,dhfma,1,0,55091,71,70,8673701293939496045,14560,23f703aa3bc9,2026-08-28T19:52:43Z,100,59,41,,,,,,,,,,,,,,,,,
campaign_e_out,out_n100_rho0.6_correlated_seed1.pcf,dhfma,2,0,45443,71,70,8673701293939496045,14560,23f703aa3bc9,2026-08-28T19:52:43Z,100,59,41,,,,,,,,,,,,,,,,,
campaign_e_out,out_n100_rho0.6_correlated_seed2.pcf,dhfma,0,0,79963,71,70,1709567781442973888,14560,23f703aa3bc9,2026-08-28T19:52:43Z,100,56,44,,,,,,,,,,,,,,,,,
campaign_e_out,out_n100_rho0.6_correlated_seed2.pcf,dhfma,1,0,63940,71,70,1709567781442973888,14560,23f703aa3bc9,2026-08-28T19:52:43Z,100,56,44,,,,,,,,,,,,,,,,,
campaign_e_out,out_n100_rho0.6_correlated_seed2.pcf,dhfma,2,0,52313,71,70,1709567781442973888,14560,23f703aa3bc9,2026-08-28T19:52:43Z,100,56,44,,,,,,,,,,,,,,,,,
campaign_e_out,out_n100_rho0.6_correlated_seed3.pcf,dhfma,0,0,69377,70,69,5740086160968876175,14560,23f703aa3bc9,2026-08-28T19:52:43Z,100,57,43,,,,,,,,,,,,,,,,,
campaign_e_out,out_n100_rho0.6_correlated_seed3.pcf,dhfma,1,0,49405,70,69,5740086160968876175,14560,23f703aa3bc9,2026-08-28T19:52:43Z,100,57,43,,,,,,,,,,,,,,,,,
campaign_e_out,out_n100_rho0.6_correlated_seed3.pcf,dhfma,2,0,42417,70,69,5740086160968876175,14560,23f703aa3bc9,2026-08-28T19:52:43Z,100,57,43,,,,,,,,,,,,,,,,,
campaign_e_out,out_n100_rho0.6_correlated_seed4.pcf,dhfma,0,0,99246,69,68,2483922819237566971,14560,23f703aa3bc9,2026-08-28T19:52:43Z,100,64,36,,,,,,,,,,,,,,,,,
campaign_e_out,out_n100_rho0.6_correlated_seed4.pcf,dhfma,1,0,79963,69,68,2483922819237566971,14560,23f703aa3bc9,2026-08-28T19:52:43Z,100,64,36,,,,,,,,,,,,,,,,,
campaign_e_out,out_n100_rho0.6_correlated_seed4.pcf,dhfma,2,0,70425,69,68,2483922819237566971,14560,23f703aa3bc9,2026-08-28T19:52:43Z,100,64,36,,,,,,,,,,,,,,,,,
campaign_e_out,out_n100_rho0.6_exact-ties_seed0.pcf,dhfma,0,0,64349,17,16,17576237809612268135,14560,23f703aa3bc9,2026-08-28T19:52:43Z,100,56,44,,,,,,,,,,,,,,,,,
campaign_e_out,out_n100_rho0.6_exact-ties_seed0.pcf,dhfma,1,0,48367,17,16,17576237809612268135,14560,23f703aa3bc9,2026-08-28T19:52:43Z,100,56,44,,,,,,,,,,,,,,,,,
campaign_e_out,out_n100_rho0.6_exact-ties_seed0.pcf,dhfma,2,0,37017,17,16,17576237809612268135,14560,23f703aa3bc9,2026-08-28T19:52:43Z,100,56,44,,,,,,,,,,,,,,,,,
campaign_e_out,out_n100_rho0.6_exact-ties_seed1.pcf,dhfma,0,0,64609,22,21,13609487437933528166,14560,23f703aa3bc9,2026-08-28T19:52:43Z,100,59,41,,,,,,,,,,,,,,,,,
campaign_e_out,out_n100_rho0.6_exact-ties_seed1.pcf,dhfma,1,0,48144,22,21,13609487437933528166,14560,23f703aa3bc9,2026-08-28T19:52:43Z,100,59,41,,,,,,,,,,,,,,,,,
campaign_e_out,out_n100_rho0.6_exact-ties_seed1.pcf,dhfma,2,0,38232,22,21,13609487437933528166,14560,23f703aa3bc9,2026-08-28T19:52:43Z,100,59,41,,,,,,,,,,,,,,,,,
campaign_e_out,out_n100_rho0.6_exact-ties_seed2.pcf,dhfma,0,0,64655,16,15,14778598192312294996,14560,23f703aa3bc9,2026-08-28T19:52:43Z,100,56,44,,,,,,,,,,,,,,,,,
campaign_e_out,out_n100_rho0.6_exact-ties_seed2.pcf,dhfma,1,0,50375,16,15,14778598192312294996,14560,23f703aa3bc9,2026-08-28T19:52:43Z,100,56,44,,,,,,,,,,,,,,,,,
campaign_e_out,out_n100_rho0.6_exact-ties_seed2.pcf,dhfma,2,0,38761,16,15,14778598192312294996,14560,23f703aa3bc9,2026-08-28T19:52:43Z,100,56,44,,,,,,,,,,,,,,,,,
campaign_e_out,out_n100_rho0.6_exact-ties_seed3.pcf,dhfma,0,0,74908,20,19,4715443264808140216,14560,23f703aa3bc9,2026-08-28T19:52:43Z,100,57,43,,,,,,,,,,,,,,,,,
campaign_e_out,out_n100_rho0.6_exact-ties_seed3.pcf,dhfma,1,0,57628,20,19,4715443264808140216,14560,23f703aa3bc9,2026-08-28T19:52:43Z,100,57,43,,,,,,,,,,,,,,,,,
campaign_e_out,out_n100_rho0.6_exact-ties_seed3.pcf,dhfma,2,0,47743,20,19,4715443264808140216,14560,23f703aa3bc9,2026-08-28T19:52:43Z,100,57,43,,,,,,,,,,,,,,,,,
campaign_e_out,out_n100_rho0.6_exact-ties_seed4.pcf,dhfma,0,0,82070,20,19,15510298391184472424,14560,23f703aa3bc9,2026-08-28T19:52:43Z,100,66,34,,,,,,,,,,,,,,,,,
campaign_e_out,out_n100_rho0.6_exact-ties_seed4.pcf,dhfma,1,0,66037,20,19,15510298391184472424,14560,23f703aa3bc9,2026-08-28T19:52:43Z,100,66,34,,,,,,,,,,,,,,,,,
campaign_e_out,out_n100_rho0.6_exact-ties_seed4.pcf,dhfma,2,0,53334,20,19,15510298391184472424,14560,23f703aa3bc9,2026-08-28T19:52:43Z,100,66,34,,,,,,,,,,,,,,,,,
campaign_e_out,out_n100_rho0.6_independent-positive_seed0.pcf,dhfma,0,0,76560,67,66,17743079541122935271,14560,23f703aa3bc9,2026-08-28T19:52:43Z,100,57,43,,,,,,,,,,,,,,,,,
campaign_e_out,out_n100_rho0.6_independent-positive_seed0.pcf,dhfma,1,0,57028,67,66,17743079541122935271,14560,23f703aa3bc9,2026-08-28T19:52:43Z,100,57,43,,,,,,,,,,,,,,,,,
campaign_e_out,out_n100_rho0.6_independent-positive_seed0.pcf,dhfma,2,0,46312,67,66,17743079541122935271,14560,23f703aa3bc9,2026-08-28T19:52:43Z,100,57,43,,,,,,,,,,,,,,,,,
campaign_e_out,out_n100_rho0.6_independent-positive_seed1.pcf,dhfma,0,0,85751,70,69,11944265486577898160,14560,23f703aa3bc9,2026-08-28T19:52:43Z,100,62,38,,,,,,,,,,,,,,,,,
campaign_e_out,out_n100_rho0.6_independent-positive_seed1.pcf,dhfma,1,0,66818,70,69,11944265486577898160,14560,23f703aa3bc9,2026-08-28T19:52:43Z,100,62,38,,,,,,,,,,,,,,,,,
campaign_e_out,out_n100_rho0.6_independent-positive_seed1.pcf,dhfma,2,0,58031,70,69,11944265486577898160,14560,23f703aa3bc9,2026-08-28T19:52:43Z,100,62,38,,,,,,,,,,,,,,,,,
campaign_e_out,out_n100_rho0.6_independent-positive_seed2.pcf,dhfma,0,0,90757,72,71,698238704145122365,14560,23f703aa3bc9,2026-08-28T19:52:43Z,100,56,44,,,,,,,,,,,,,,,,,
campaign_e_out,out_n100_rho0.6_independent-positive_seed2.pcf,dhfma,1,0,69557,72,71,698238704145122365,14560,23f703aa3bc9,2026-08-28T19:52:43Z,100,56,44,,,,,,,,,,,,,,,,,
campaign_e_out,out_n100_rho0.6_independent-positive_seed2.pcf,dhfma,2,0,59927,72,71,698238704145122365,14560,23f703aa3bc9,2026-08-28T19:52:43Z,100,56,44,,,,,,,,,,,,,,,,,
campaign_e_out,out_n100_rho0.6_independent-positive_seed3.pcf,dhfma,0,0,73764,70,69,891447015989752033,14560,23f703aa3bc9,2026-08-28T19:52:43Z,100,58,42,,,,,,,,,,,,,,,,,
campaign_e_out,out_n100_rho0.6_independent-positive_seed3.pcf,dhfma,1,0,60690,70,69,891447015989752033,14560,23f703aa3bc9,2026-08-28T19:52:43Z,100,58,42,,,,,,,,,,,,,,,,,
campaign_e_out,out_n100_rho0.6_independent-positive_seed3.pcf,dhfma,2,0,53504,70,69,891447015989752033,14560,23f703aa3bc9,2026-08-28T19:52:43Z,100,58,42,,,,,,,,,,,,,,,,,
campaign_e_out,out_n100_rho0.6_independent-positive_seed4.pcf,dhfma,0,0,85199,74,73,10312318608141805886,14560,23f703aa3bc9,2026-08-28T19:52:43Z,100,66,34,,,,,,,,,,,,,,,,,
campaign_e_out,out_n100_rho0.6_independent-positive_seed4.pcf,dhfma,1,0,65415,74,73,10312318608141805886,14560,23f703aa3bc9,2026-08-28T19:52:43Z,100,66,34,,,,,,,,,,,,,,,,,
campaign_e_out,out_n100_rho0.6_independent-positive_seed4.pcf,dhfma,2,0,57724,74,73,10312318608141805886,14560,23f703aa3bc9,2026-08-28T19:52:43Z,100,66,34,,,,,,,,,,,,,,,,,
campaign_e_out,out_n100_rho0.6_independent-signed_seed0.pcf,dhfma,0,0,76666,73,72,11720977933074667429,14720,23f703aa3bc9,2026-08-28T19:52:43Z,100,57,43,,,,,,,,,,,,,,,,,
campaign_e_out,out_n100_rho0.6_independent-signed_seed0.pcf,dhfma,1,0,59131,73,72,11720977933074667429,14720,23f703aa3bc9,2026-08-28T19:52:43Z,100,57,43,,,,,,,,,,,,,,,,,
campaign_e_out,out_n100_rho0.6_independent-signed_seed0.pcf,dhfma,2,0,48251,73,72,11720977933074667429,14720,23f703aa3bc9,2026-08-28T19:52:43Z,100,57,43,,,,,,,,,,,,,,,,,
campaign_e_out,out_n100_rho0.6_independent-signed_seed1.pcf,dhfma,0,0,99591,72,71,273574344233923902,14720,23f703aa3bc9,2026-08-28T19:52:43Z,100,62,38,,,,,,,,,,,,,,,,,
campaign_e_out,out_n100_rho0.6_independent-signed_seed1.pcf,dhfma,1,0,80529,72,71,273574344233923902,14720,23f703aa3bc9,2026-08-28T19:52:43Z,100,62,38,,,,,,,,,,,,,,,,,
campaign_e_out,out_n100_rho0.6_independent-signed_seed1.pcf,dhfma,2,0,77019,72,71,273574344233923902,14720,23f703aa3bc9,2026-08-28T19:52:43Z,100,62,38,,,,,,,,,,,,,,,,,
campaign_e_out,out_n100_rho0.6_independent-signed_seed2.pcf,dhfma,0,0,96537,65,64,3321034674081126367,14720,23f703aa3bc9,2026-08-28T19:52:43Z,100,56,44,,,,,,,,,,,,,,,,,
campaign_e_out,out_n100_rho0.6_independent-signed_seed2.pcf,dhfma,1,0,76776,65,64,3321034674081126367,14720,23f703aa3bc9,2026-08-28T19:52:43Z,100,56,44,,,,,,,,,,,,,,,,,
campaign_e_out,out_n100_rho0.6_independent-signed_seed2.pcf,dhfma,2,0,72431,65,64,3321034674081126367,14720,23f703aa3bc9,2026-08-28T19:52:43Z,100,56,44,,,,,,,,,,,,,,,,,
campaign_e_out,out_n100_rho0.6_independent-signed_seed3.pcf,dhfma,0,0,74151,67,66,7789052274692010564,14720,23f703aa3bc9,2026-08-28T19:52:43Z,100,56,44,,,,,,,,,,,,,,,,,
campaign_e_out,out_n100_rho0.6_independent-signed_seed3.pcf,dhfma,1,0,54907,67,66,7789052274692010564,14720,23f703aa3bc9,2026-08-28T19:52:43Z,100,56,44,,,,,,,,,,,,,,,,,
campaign_e_out,out_n100_rho0.6_independent-signed_seed3.pcf,dhfma,2,0,45699,67,66,7789052274692010564,14720,23f703aa3bc9,2026-08-28T19:52:43Z,100,56,44,,,,,,,,,,,,,,,,,
campaign_e_out,out_n100_rho0.6_independent-signed_seed4.pcf,dhfma,0,0,101665,69,68,15031782741714333869,14720,23f703aa3bc9,2026-08-28T19:52:43Z,100,66,34,,,,,,,,,,,,,,,,,
campaign_e_out,out_n100_rho0.6_independent-signed_seed4.pcf,dhfma,1,0,81949,69,68,15031782741714333869,14720,23f703aa3bc9,2026-08-28T19:52:43Z,100,66,34,,,,,,,,,,,,,,,,,
campaign_e_out,out_n100_rho0.6_independent-signed_seed4.pcf,dhfma,2,0,71822,69,68,15031782741714333869,14720,23f703aa3bc9,2026-08-28T19:52:43Z,100,66,34,,,,,,,,,,,,,,,,,
campaign_e_out,out_n100_rho0.6_near-ties_seed0.pcf,dhfma,0,0,84161,54,53,15426934358176726513,14720,23f703aa3bc9,2026-08-28T19:52:43Z,100,66,34,,,,,,,,,,,,,,,,,
campaign_e_out,out_n100_rho0.6_near-ties_seed0.pcf,dhfma,1,0,66648,54,53,15426934358176726513,14720,23f703aa3bc9,2026-08-28T19:52:43Z,100,66,34,,,,,,,,,,,,,,,,,
campaign_e_out,out_n100_rho0.6_near-ties_seed0.pcf,dhfma,2,0,54169,54,53,15426934358176726513,14720,23f703aa3bc9,2026-08-28T19:52:43Z,100,66,34,,,,,,,,,,,,,,,,,
campaign_e_out,out_n100_rho0.6_near-ties_seed1.pcf,dhfma,0,0,82262,59,58,16036711823153130391,14720,23f703aa3bc9,2026-08-28T19:52:43Z,100,64,36,,,,,,,,,,,,,,,,,
campaign_e_out,out_n100_rho0.6_near-ties_seed1.pcf,dhfma,1,0,63711,59,58,16036711823153130391,14720,23f703aa3bc9,2026-08-28T19:52:43Z,100,64,36,,,,,,,,,,,,,,,,,
campaign_e_out,out_n100_rho0.6_near-ties_seed1.pcf,dhfma,2,0,52751,59,58,16036711823153130391,14720,23f703aa3bc9,2026-08-28T19:52:43Z,100,64,36,,,,,,,,,,,,,,,,,
campaign_e_out,out_n100_rho0.6_near-ties_seed2.pcf,dhfma,0,0,69316,56,55,6061727783170769511,14720,23f703aa3bc9,2026-08-28T19:52:43Z,100,58,42,,,,,,,,,,,,,,,,,
campaign_e_out,out_n100_rho0.6_near-ties_seed2.pcf,dhfma,1,0,55786,56,55,6061727783170769511,14720,23f703aa3bc9,2026-08-28T19:52:43Z,100,58,42,,,,,,,,,,,,,,,,,
campaign_e_out,out_n100_rho0.6_near-ties_seed2.pcf,dhfma,2,0,43786,56,55,6061727783170769511,14720,23f703aa3bc9,2026-08-28T19:52:43Z,100,58,42,,,,,,,,,,,,,,,,,
campaign_e_out,out_n100_rho0.6_near-ties_seed3.pcf,dhfma,0,0,88672,62,61,5822674208650349888,14720,23f703aa3bc9,2026-08-28T19:52:43Z,100,58,42,,,,,,,,,,,,,,,,,
campaign_e_out,out_n100_rho0.6_near-ties_seed3.pcf,dhfma,1,0,76500,62,61,5822674208650349888,14720,23f703aa3bc9,2026-08-28T19:52:43Z,100,58,42,,,,,,,,,,,,,,,,,
campaign_e_out,out_n100_rho0.6_near-ties_seed3.pcf,dhfma,2,0,61111,62,61,5822674208650349888,14720,23f703aa3bc9,2026-08-28T19:52:43Z,100,58,42,,,,,,,,,,,,,,,,,
campaign_e_out,out_n100_rho0.6_near-ties_seed4.pcf,dhfma,0,0,79325,47,46,10557862593968771969,14720,23f703aa3bc9,2026-08-28T19:52:43Z,100,63,37,,,,,,,,,,,,,,,,,
campaign_e_out,out_n100_rho0.6_near-ties_seed4.pcf,dhfma,1,0,60978,47,46,10557862593968771969,14720,23f703aa3bc9,2026-08-28T19:52:43Z,100,63,37,,,,,,,,,,,,,,,,,
campaign_e_out,out_n100_rho0.6_near-ties_seed4.pcf,dhfma,2,0,52119,47,46,10557862593968771969,14720,23f703aa3bc9,2026-08-28T19:52:43Z,100,63,37,,,,,,,,,,,,,,,,,
campaign_e_out,out_n100_rho1.0_anti-correlated_seed0.pcf,dhfma,0,0,304664,47,46,3499889854051397123,14720,23f703aa3bc9,2026-08-28T19:52:43Z,100,99,1,,,,,,,,,,,,,,,,,
campaign_e_out,out_n100_rho1.0_anti-correlated_seed0.pcf,dhfma,1,0,261061,47,46,3499889854051397123,14720,23f703aa3bc9,2026-08-28T19:52:43Z,100,99,1,,,,,,,,,,,,,,,,,
campaign_e_out,out_n100_rho1.0_anti-correlated_seed0.pcf,dhfma,2,0,244700,47,46,3499889854051397123,14720,23f703aa3bc9,2026-08-28T19:52:43Z,100,99,1,,,,,,,,,,,,,,,,,
campaign_e_out,out_n100_rho1.0_anti-correlated_seed1.pcf,dhfma,0,0,251720,49,48,990695906456398838,14720,23f703aa3bc9,2026-08-28T19:52:43Z,100,99,1,,,,,,,,,,,,,,,,,
campaign_e_out,out_n100_rho1.0_anti-correlated_seed1.pcf,dhfma,1,0,214613,49,48,990695906456398838,14720,23f703aa3bc9,2026-08-28T19:52:43Z,100,99,1,,,,,,,,,,,,,,,,,
campaign_e_out,out_n100_rho1.0_anti-correlated_seed1.pcf,dhfma,2,0,209570,49,48,990695906456398838,14720,23f703aa3bc9,2026-08-28T19:52:43Z,100,99,1,,,,,,,,,,,,,,,,,
campaign_e_out,out_n100_rho1.0_anti-correlated_seed2.pcf,dhfma,0,0,249022,56,55,6359819529080530583,14720,23f703aa3bc9,2026-08-28T19:52:43Z,100,99,1,,,,,,,,,,,,,,,,,
campaign_e_out,out_n100_rho1.0_anti-correlated_seed2.pcf,dhfma,1,0,216519,56,55,6359819529080530583,14720,23f703aa3bc9,2026-08-28T19:52:43Z,100,99,1,,,,,,,,,,,,,,,,,
campaign_e_out,out_n100_rho1.0_anti-correlated_seed2.pcf,dhfma,2,0,200340,56,55,6359819529080530583,14720,23f703aa3bc9,2026-08-28T19:52:43Z,100,99,1,,,,,,,,,,,,,,,,,
campaign_e_out,out_n100_rho1.0_anti-correlated_seed3.pcf,dhfma,0,0,296341,50,49,5589124052174072473,14720,23f703aa3bc9,2026-08-28T19:52:43Z,100,99,1,,,,,,,,,,,,,,,,,
campaign_e_out,out_n100_rho1.0_anti-correlated_seed3.pcf,dhfma,1,0,263695,50,49,5589124052174072473,14720,23f703aa3bc9,2026-08-28T19:52:43Z,100,99,1,,,,,,,,,,,,,,,,,
campaign_e_out,out_n100_rho1.0_anti-correlated_seed3.pcf,dhfma,2,0,244195,50,49,5589124052174072473,14720,23f703aa3bc9,2026-08-28T19:52:43Z,100,99,1,,,,,,,,,,,,,,,,,
campaign_e_out,out_n100_rho1.0_anti-correlated_seed4.pcf,dhfma,0,0,314974,47,46,8511996422533598447,14720,23f703aa3bc9,2026-08-28T19:52:43Z,100,99,1,,,,,,,,,,,,,,,,,
campaign_e_out,out_n100_rho1.0_anti-correlated_seed4.pcf,dhfma,1,0,270537,47,46,8511996422533598447,14720,23f703aa3bc9,2026-08-28T19:52:43Z,100,99,1,,,,,,,,,,,,,,,,,
campaign_e_out,out_n100_rho1.0_anti-correlated_seed4.pcf,dhfma,2,0,259599,47,46,8511996422533598447,14720,23f703aa3bc9,2026-08-28T19:52:43Z,100,99,1,,,,,,,,,,,,,,,,,
campaign_e_out,out_n100_rho1.0_correlated_seed0.pcf,dhfma,0,0,165458,55,54,5609703882137593429,14720,23f703aa3bc9,2026-08-28T19:52:43Z,100,99,1,,,,,,,,,,,,,,,,,
campaign_e_out,out_n100_rho1.0_correlated_seed0.pcf,dhfma,1,0,137574,55,54,5609703882137593429,14720,23f703aa3bc9,2026-08-28T19:52:43Z,100,99,1,,,,,,,,,,,,,,,,,
campaign_e_out,out_n100_rho1.0_correlated_seed0.pcf,dhfma,2,0,133066,55,54,5609703882137593429,14720,23f703aa3bc9,2026-08-28T19:52:43Z,100,99,1,,,,,,,,,,,,,,,,,
campaign_e_out,out_n100_rho1.0_correlated_seed1.pcf,dhfma,0,0,174179,55,54,6988977261283638775,14720,23f703aa3bc9,2026-08-28T19:52:43Z,100,99,1,,,,,,,,,,,,,,,,,
campaign_e_out,out_n100_rho1.0_correlated_seed1.pcf,dhfma,1,0,147879,55,54,6988977261283638775,14720,23f703aa3bc9,2026-08-28T19:52:43Z,100,99,1,,,,,,,,,,,,,,,,,
campaign_e_out,out_n100_rho1.0_correlated_seed1.pcf,dhfma,2,0,141133,55,54,6988977261283638775,14720,23f703aa3bc9,2026-08-28T19:52:43Z,100,99,1,,,,,,,,,,,,,,,,,
campaign_e_out,out_n100_rho1.0_correlated_seed2.pcf,dhfma,0,0,202395,45,44,11211931912836454710,14720,23f703aa3bc9,2026-08-28T19:52:43Z,100,99,1,,,,,,,,,,,,,,,,,
campaign_e_out,out_n100_rho1.0_correlated_seed2.pcf,dhfma,1,0,173706,45,44,11211931912836454710,14720,23f703aa3bc9,2026-08-28T19:52:43Z,100,99,1,,,,,,,,,,,,,,,,,
campaign_e_out,out_n100_rho1.0_correlated_seed2.pcf,dhfma,2,0,160152,45,44,11211931912836454710,14720,23f703aa3bc9,2026-08-28T19:52:43Z,100,99,1,,,,,,,,,,,,,,,,,
campaign_e_out,out_n100_rho1.0_correlated_seed3.pcf,dhfma,0,0,195528,57,56,11539343707311711743,14720,23f703aa3bc9,2026-08-28T19:52:43Z,100,99,1,,,,,,,,,,,,,,,,,
campaign_e_out,out_n100_rho1.0_correlated_seed3.pcf,dhfma,1,0,166689,57,56,11539343707311711743,14720,23f703aa3bc9,2026-08-28T19:52:43Z,100,99,1,,,,,,,,,,,,,,,,,
campaign_e_out,out_n100_rho1.0_correlated_seed3.pcf,dhfma,2,0,157277,57,56,11539343707311711743,14720,23f703aa3bc9,2026-08-28T19:52:43Z,100,99,1,,,,,,,,,,,,,,,,,
campaign_e_out,out_n100_rho1.0_correlated_seed4.pcf,dhfma,0,0,194916,54,53,14161210925508530845,14880,23f703aa3bc9,2026-08-28T19:52:43Z,100,99,1,,,,,,,,,,,,,,,,,
campaign_e_out,out_n100_rho1.0_correlated_seed4.pcf,dhfma,1,0,159365,54,53,14161210925508530845,14880,23f703aa3bc9,2026-08-28T19:52:43Z,100,99,1,,,,,,,,,,,,,,,,,
campaign_e_out,out_n100_rho1.0_correlated_seed4.pcf,dhfma,2,0,150641,54,53,14161210925508530845,14880,23f703aa3bc9,2026-08-28T19:52:43Z,100,99,1,,,,,,,,,,,,,,,,,
campaign_e_out,out_n100_rho1.0_exact-ties_seed0.pcf,dhfma,0,0,304216,25,24,10468360280515939194,14880,23f703aa3bc9,2026-08-28T19:52:43Z,100,99,1,,,,,,,,,,,,,,,,,
campaign_e_out,out_n100_rho1.0_exact-ties_seed0.pcf,dhfma,1,0,199126,25,24,10468360280515939194,14880,23f703aa3bc9,2026-08-28T19:52:43Z,100,99,1,,,,,,,,,,,,,,,,,
campaign_e_out,out_n100_rho1.0_exact-ties_seed0.pcf,dhfma,2,0,191458,25,24,10468360280515939194,14880,23f703aa3bc9,2026-08-28T19:52:43Z,100,99,1,,,,,,,,,,,,,,,,,
campaign_e_out,out_n100_rho1.0_exact-ties_seed1.pcf,dhfma,0,0,202283,21,20,5637049361769647829,14880,23f703aa3bc9,2026-08-28T19:52:43Z,100,99,1,,,,,,,,,,,,,,,,,
campaign_e_out,out_n100_rho1.0_exact-ties_seed1.pcf,dhfma,1,0,171648,21,20,5637049361769647829,14880,23f703aa3bc9,2026-08-28T19:52:43Z,100,99,1,,,,,,,,,,,,,,,,,
campaign_e_out,out_n100_rho1.0_exact-ties_seed1.pcf,dhfma,2,0,162655,21,20,5637049361769647829,14880,23f703aa3bc9,2026-08-28T19:52:43Z,100,99,1,,,,,,,,,,,,,,,,,
campaign_e_out,out_n100_rho1.0_exact-ties_seed2.pcf,dhfma,0,0,223346,25,24,9289440708848547974,14880,23f703aa3bc9,2026-08-28T19:52:43Z,100,99,1,,,,,,,,,,,,,,,,,
campaign_e_out,out_n100_rho1.0_exact-ties_seed2.pcf,dhfma,1,0,189281,25,24,9289440708848547974,14880,23f703aa3bc9,2026-08-28T19:52:43Z,100,99,1,,,,,,,,,,,,,,,,,
campaign_e_out,out_n100_rho1.0_exact-ties_seed2.pcf,dhfma,2,0,180347,25,24,9289440708848547974,14880,23f703aa3bc9,2026-08-28T19:52:43Z,100,99,1,,,,,,,,,,,,,,,,,
campaign_e_out,out_n100_rho1.0_exact-ties_seed3.pcf,dhfma,0,0,249320,19,18,12410133819959122822,14880,23f703aa3bc9,2026-08-28T19:52:43Z,100,99,1,,,,,,,,,,,,,,,,,
campaign_e_out,out_n100_rho1.0_exact-ties_seed3.pcf,dhfma,1,0,209390,19,18,12410133819959122822,14880,23f703aa3bc9,2026-08-28T19:52:43Z,100,99,1,,,,,,,,,,,,,,,,,
campaign_e_out,out_n100_rho1.0_exact-ties_seed3.pcf,dhfma,2,0,200677,19,18,12410133819959122822,14880,23f703aa3bc9,2026-08-28T19:52:43Z,100,99,1,,,,,,,,,,,,,,,,,
campaign_e_out,out_n100_rho1.0_exact-ties_seed4.pcf,dhfma,0,0,191191,25,24,2916113193681642222,14880,23f703aa3bc9,2026-08-28T19:52:43Z,100,99,1,,,,,,,,,,,,,,,,,
campaign_e_out,out_n100_rho1.0_exact-ties_seed4.pcf,dhfma,1,0,161445,25,24,2916113193681642222,14880,23f703aa3bc9,2026-08-28T19:52:43Z,100,99,1,,,,,,,,,,,,,,,,,
campaign_e_out,out_n100_rho1.0_exact-ties_seed4.pcf,dhfma,2,0,148834,25,24,2916113193681642222,14880,23f703aa3bc9,2026-08-28T19:52:43Z,100,99,1,,,,,,,,,,,,,,,,,
campaign_e_out,out_n100_rho1.0_independent-positive_seed0.pcf,dhfma,0,0,276295,49,48,10250905066094455123,14880,23f703aa3bc9,2026-08-28T19:52:43Z,100,99,1,,,,,,,,,,,,,,,,,
campaign_e_out,out_n100_rho1.0_independent-positive_seed0.pcf,dhfma,1,0,177813,49,48,10250905066094455123,14880,23f703aa3bc9,2026-08-28T19:52:43Z,100,99,1,,,,,,,,,,,,,,,,,
campaign_e_out,out_n100_rho1.0_independent-positive_seed0.pcf,dhfma,2,0,165991,49,48,10250905066094455123,14880,23f703aa3bc9,2026-08-28T19:52:43Z,100,99,1,,,,,,,,,,,,,,,,,
campaign_e_out,out_n100_rho1.0_independent-positive_seed1.pcf,dhfma,0,0,214393,58,57,10049492169136131236,14880,23f703aa3bc9,2026-08-28T19:52:43Z,100,99,1,,,,,,,,,,,,,,,,,
campaign_e_out,out_n100_rho1.0_independent-positive_seed1.pcf,dhfma,1,0,183026,58,57,10049492169136131236,14880,23f703aa3bc9,2026-08-28T19:52:43Z,100,99,1,,,,,,,,,,,,,,,,,
campaign_e_out,out_n100_rho1.0_independent-positive_seed1.pcf,dhfma,2,0,173586,58,57,10049492169136131236,14880,23f703aa3bc9,2026-08-28T19:52:43Z,100,99,1,,,,,,,,,,,,,,,,,
campaign_e_out,out_n100_rho1.0_independent-positive_seed2.pcf,dhfma,0,0,256901,48,47,12718946733853624143,14880,23f703aa3bc9,2026-08-28T19:52:43Z,100,99,1,,,,,,,,,,,,,,,,,
campaign_e_out,out_n100_rho1.0_independent-positive_seed2.pcf,dhfma,1,0,215202,48,47,12718946733853624143,14880,23f703aa3bc9,2026-08-28T19:52:43Z,100,99,1,,,,,,,,,,,,,,,,,
campaign_e_out,out_n100_rho1.0_independent-positive_seed2.pcf,dhfma,2,0,209980,48,47,12718946733853624143,14880,23f703aa3bc9,2026-08-28T19:52:43Z,100,99,1,,,,,,,,,,,,,,,,,
campaign_e_out,out_n100_rho1.0_independent-positive_seed3.pcf,dhfma,0,0,196629,58,57,14694115653866943286,14880,23f703aa3bc9,2026-08-28T19:52:43Z,100,99,1,,,,,,,,,,,,,,,,,
campaign_e_out,out_n100_rho1.0_independent-positive_seed3.pcf,dhfma,1,0,167866,58,57,14694115653866943286,14880,23f703aa3bc9,2026-08-28T19:52:43Z,100,99,1,,,,,,,,,,,,,,,,,
campaign_e_out,out_n100_rho1.0_independent-positive_seed3.pcf,dhfma,2,0,159673,58,57,14694115653866943286,14880,23f703aa3bc9,2026-08-28T19:52:43Z,100,99,1,,,,,,,,,,,,,,,,,
campaign_e_out,out_n100_rho1.0_independent-positive_seed4.pcf,dhfma,0,0,186306,49,48,15522720501789116481,14880,23f703aa3bc9,2026-08-28T19:52:43Z,100,99,1,,,,,,,,,,,,,,,,,
campaign_e_out,out_n100_rho1.0_independent-positive_seed4.pcf,dhfma,1,0,159576,49,48,15522720501789116481,14880,23f703aa3bc9,2026-08-28T19:52:43Z,100,99,1,,,,,,,,,,,,,,,,,
campaign_e_out,out_n100_rho1.0_independent-positive_seed4.pcf,dhfma,2,0,148645,49,48,15522720501789116481,14880,23f703aa3bc9,2026-08-28T19:52:43Z,100,99,1,,,,,,,,,,,,,,,,,
campaign_e_out,out_n100_rho1.0_independent-signed_seed0.pcf,dhfma,0,0,219108,47,46,15256629552249864032,14880,23f703aa3bc9,2026-08-28T19:52:43Z,100,99,1,,,,,,,,,,,,,,,,,
campaign_e_out,out_n100_rho1.0_independent-signed_seed0.pcf,dhfma,1,0,188604,47,46,15256629552249864032,14880,23f703aa3bc9,2026-08-28T19:52:43Z,100,99,1,,,,,,,,,,,,,,,,,
campaign_e_out,out_n100_rho1.0_independent-signed_seed0.pcf,dhfma,2,0,176633,47,46,15256629552249864032,14880,23f703aa3bc9,2026-08-28T19:52:43Z,100,99,1,,,,,,,,,,,,,,,,,
campaign_e_out,out_n100_rho1.0_independent-signed_seed1.pcf,dhfma,0,0,227974,59,58,4525295937818594402,14880,23f703aa3bc9,2026-08-28T19:52:43Z,100,99,1,,,,,,,,,,,,,,,,,
campaign_e_out,out_n100_rho1.0_independent-signed_seed1.pcf,dhfma,1,0,198570,59,58,4525295937818594402,14880,23f703aa3bc9,2026-08-28T19:52:43Z,100,99,1,,,,,,,,,,,,,,,,,
campaign_e_out,out_n100_rho1.0_independent-signed_seed1.pcf,dhfma,2,0,200195,59,58,4525295937818594402,14880,23f703aa3bc9,2026-08-28T19:52:43Z,100,99,1,,,,,,,,,,,,,,,,,
campaign_e_out,out_n100_rho1.0_independent-signed_seed2.pcf,dhfma,0,0,232166,46,45,15851836573822220039,14880,23f703aa3bc9,2026-08-28T19:52:43Z,100,99,1,,,,,,,,,,,,,,,,,
campaign_e_out,out_n100_rho1.0_independent-signed_seed2.pcf,dhfma,1,0,206265,46,45,15851836573822220039,14880,23f703aa3bc9,2026-08-28T19:52:43Z,100,99,1,,,,,,,,,,,,,,,,,
campaign_e_out,out_n100_rho1.0_independent-signed_seed2.pcf,dhfma,2,0,190441,46,45,15851836573822220039,14880,23f703aa3bc9,2026-08-28T19:52:43Z,100,99,1,,,,,,,,,,,,,,,,,
campaign_e_out,out_n100_rho1.0_independent-signed_seed3.pcf,dhfma,0,0,268070,49,48,638988187406729395,14880,23f703aa3bc9,2026-08-28T19:52:43Z,100,99,1,,,,,,,,,,,,,,,,,
campaign_e_out,out_n100_rho1.0_independent-signed_seed3.pcf,dhfma,1,0,225728,49,48,638988187406729395,14880,23f703aa3bc9,2026-08-28T19:52:43Z,100,99,1,,,,,,,,,,,,,,,,,
campaign_e_out,out_n100_rho1.0_independent-signed_seed3.pcf,dhfma,2,0,210694,49,48,638988187406729395,14880,23f703aa3bc9,2026-08-28T19:52:43Z,100,99,1,,,,,,,,,,,,,,,,,
campaign_e_out,out_n100_rho1.0_independent-signed_seed4.pcf,dhfma,0,0,193658,50,49,12080195855027496874,14880,23f703aa3bc9,2026-08-28T19:52:43Z,100,99,1,,,,,,,,,,,,,,,,,
campaign_e_out,out_n100_rho1.0_independent-signed_seed4.pcf,dhfma,1,0,168335,50,49,12080195855027496874,14880,23f703aa3bc9,2026-08-28T19:52:43Z,100,99,1,,,,,,,,,,,,,,,,,
campaign_e_out,out_n100_rho1.0_independent-signed_seed4.pcf,dhfma,2,0,155199,50,49,12080195855027496874,14880,23f703aa3bc9,2026-08-28T19:52:43Z,100,99,1,,,,,,,,,,,,,,,,,
campaign_e_out,out_n100_rho1.0_near-ties_seed0.pcf,dhfma,0,0,233752,34,33,11592430203805994416,14880,23f703aa3bc9,2026-08-28T19:52:43Z,100,99,1,,,,,,,,,,,,,,,,,
campaign_e_out,out_n100_rho1.0_near-ties_seed0.pcf,dhfma,1,0,189582,34,33,11592430203805994416,14880,23f703aa3bc9,2026-08-28T19:52:43Z,100,99,1,,,,,,,,,,,,,,,,,
campaign_e_out,out_n100_rho1.0_near-ties_seed0.pcf,dhfma,2,0,170982,34,33,11592430203805994416,14880,23f703aa3bc9,2026-08-28T19:52:43Z,100,99,1,,,,,,,,,,,,,,,,,
campaign_e_out,out_n100_rho1.0_near-ties_seed1.pcf,dhfma,0,0,254111,38,37,3865824995981214866,14880,23f703aa3bc9,2026-08-28T19:52:43Z,100,99,1,,,,,,,,,,,,,,,,,
campaign_e_out,out_n100_rho1.0_near-ties_seed1.pcf,dhfma,1,0,215953,38,37,3865824995981214866,14880,23f703aa3bc9,2026-08-28T19:52:43Z,100,99,1,,,,,,,,,,,,,,,,,
campaign_e_out,out_n100_rho1.0_near-ties_seed1.pcf,dhfma,2,0,206229,38,37,3865824995981214866,14880,23f703aa3bc9,2026-08-28T19:52:43Z,100,99,1,,,,,,,,,,,,,,,,,
campaign_e_out,out_n100_rho1.0_near-ties_seed2.pcf,dhfma,0,0,202808,43,42,8906144396356577027,14880,23f703aa3bc9,2026-08-28T19:52:43Z,100,99,1,,,,,,,,,,,,,,,,,
campaign_e_out,out_n100_rho1.0_near-ties_seed2.pcf,dhfma,1,0,183363,43,42,8906144396356577027,14880,23f703aa3bc9,2026-08-28T19:52:43Z,100,99,1,,,,,,,,,,,,,,,,,
campaign_e_out,out_n100_rho1.0_near-ties_seed2.pcf,dhfma,2,0,164745,43,42,8906144396356577027,14880,23f703aa3bc9,2026-08-28T19:52:43Z,100,99,1,,,,,,,,,,,,,,,,,
campaign_e_out,out_n100_rho1.0_near-ties_seed3.pcf,dhfma,0,0,172435,52,51,11076054835386730314,15040,23f703aa3bc9,2026-08-28T19:52:43Z,100,99,1,,,,,,,,,,,,,,,,,
campaign_e_out,out_n100_rho1.0_near-ties_seed3.pcf,dhfma,1,0,147950,52,51,11076054835386730314,15040,23f703aa3bc9,2026-08-28T19:52:43Z,100,99,1,,,,,,,,,,,,,,,,,
campaign_e_out,out_n100_rho1.0_near-ties_seed3.pcf,dhfma,2,0,144257,52,51,11076054835386730314,15040,23f703aa3bc9,2026-08-28T19:52:43Z,100,99,1,,,,,,,,,,,,,,,,,
campaign_e_out,out_n100_rho1.0_near-ties_seed4.pcf,dhfma,0,0,292428,42,41,8627946566416735005,15040,23f703aa3bc9,2026-08-28T19:52:43Z,100,99,1,,,,,,,,,,,,,,,,,
campaign_e_out,out_n100_rho1.0_near-ties_seed4.pcf,dhfma,1,0,331712,42,41,8627946566416735005,15040,23f703aa3bc9,2026-08-28T19:52:43Z,100,99,1,,,,,,,,,,,,,,,,,
campaign_e_out,out_n100_rho1.0_near-ties_seed4.pcf,dhfma,2,0,242019,42,41,8627946566416735005,15040,23f703aa3bc9,2026-08-28T19:52:43Z,100,99,1,,,,,,,,,,,,,,,,,
campaign_e_out,out_n20000_rho0.6_anti-correlated_seed0.pcf,dhfma,0,0,23073027,13223,13222,7315758238723269700,15040,23f703aa3bc9,2026-08-28T19:52:43Z,20000,12081,7919,,,,,,,,,,,,,,,,,
campaign_e_out,out_n20000_rho0.6_anti-correlated_seed0.pcf,dhfma,1,0,21222666,13223,13222,7315758238723269700,15040,23f703aa3bc9,2026-08-28T19:52:43Z,20000,12081,7919,,,,,,,,,,,,,,,,,
campaign_e_out,out_n20000_rho0.6_anti-correlated_seed0.pcf,dhfma,2,0,21388138,13223,13222,7315758238723269700,15040,23f703aa3bc9,2026-08-28T19:52:43Z,20000,12081,7919,,,,,,,,,,,,,,,,,
campaign_e_out,out_n20000_rho0.6_anti-correlated_seed1.pcf,dhfma,0,0,21300214,13377,13376,9414656452768209351,15040,23f703aa3bc9,2026-08-28T19:52:43Z,20000,11881,8119,,,,,,,,,,,,,,,,,
campaign_e_out,out_n20000_rho0.6_anti-correlated_seed1.pcf,dhfma,1,0,21350750,13377,13376,9414656452768209351,15040,23f703aa3bc9,2026-08-28T19:52:43Z,20000,11881,8119,,,,,,,,,,,,,,,,,
campaign_e_out,out_n20000_rho0.6_anti-correlated_seed1.pcf,dhfma,2,0,21192171,13377,13376,9414656452768209351,15040,23f703aa3bc9,2026-08-28T19:52:43Z,20000,11881,8119,,,,,,,,,,,,,,,,,
campaign_e_out,out_n20000_rho0.6_anti-correlated_seed2.pcf,dhfma,0,0,27994770,13282,13281,9522869996663208073,15040,23f703aa3bc9,2026-08-28T19:52:43Z,20000,12088,7912,,,,,,,,,,,,,,,,,
campaign_e_out,out_n20000_rho0.6_anti-correlated_seed2.pcf,dhfma,1,0,26839492,13282,13281,9522869996663208073,15040,23f703aa3bc9,2026-08-28T19:52:43Z,20000,12088,7912,,,,,,,,,,,,,,,,,
campaign_e_out,out_n20000_rho0.6_anti-correlated_seed2.pcf,dhfma,2,0,26787448,13282,13281,9522869996663208073,15040,23f703aa3bc9,2026-08-28T19:52:43Z,20000,12088,7912,,,,,,,,,,,,,,,,,
campaign_e_out,out_n20000_rho0.6_anti-correlated_seed3.pcf,dhfma,0,0,21633497,13208,13207,18111076803116500078,15040,23f703aa3bc9,2026-08-28T19:52:43Z,20000,11969,8031,,,,,,,,,,,,,,,,,
campaign_e_out,out_n20000_rho0.6_anti-correlated_seed3.pcf,dhfma,1,0,20652348,13208,13207,18111076803116500078,15040,23f703aa3bc9,2026-08-28T19:52:43Z,20000,11969,8031,,,,,,,,,,,,,,,,,
campaign_e_out,out_n20000_rho0.6_anti-correlated_seed3.pcf,dhfma,2,0,20966048,13208,13207,18111076803116500078,15040,23f703aa3bc9,2026-08-28T19:52:43Z,20000,11969,8031,,,,,,,,,,,,,,,,,
campaign_e_out,out_n20000_rho0.6_anti-correlated_seed4.pcf,dhfma,0,0,21715307,13286,13285,2771722988984453720,15040,23f703aa3bc9,2026-08-28T19:52:43Z,20000,11991,8009,,,,,,,,,,,,,,,,,
campaign_e_out,out_n20000_rho0.6_anti-correlated_seed4.pcf,dhfma,1,0,20763732,13286,13285,2771722988984453720,15040,23f703aa3bc9,2026-08-28T19:52:44Z,20000,11991,8009,,,,,,,,,,,,,,,,,
campaign_e_out,out_n20000_rho0.6_anti-correlated_seed4.pcf,dhfma,2,0,21105699,13286,13285,2771722988984453720,15040,23f703aa3bc9,2026-08-28T19:52:44Z,20000,11991,8009,,,,,,,,,,,,,,,,,
campaign_e_out,out_n20000_rho0.6_correlated_seed0.pcf,dhfma,0,0,21153560,11649,11648,10314674922643505683,15040,23f703aa3bc9,2026-08-28T19:52:44Z,20000,12081,7919,,,,,,,,,,,,,,,,,
campaign_e_out,out_n20000_rho0.6_correlated_seed0.pcf,dhfma,1,0,20372689,11649,11648,10314674922643505683,15040,23f703aa3bc9,2026-08-28T19:52:44Z,20000,12081,7919,,,,,,,,,,,,,,,,,
campaign_e_out,out_n20000_rho0.6_correlated_seed0.pcf,dhfma,2,0,20387554,11649,11648,10314674922643505683,15040,23f703aa3bc9,2026-08-28T19:52:44Z,20000,12081,7919,,,,,,,,,,,,,,,,,
campaign_e_out,out_n20000_rho0.6_correlated_seed1.pcf,dhfma,0,0,20953489,11763,11762,15278381263082508975,15040,23f703aa3bc9,2026-08-28T19:52:44Z,20000,11881,8119,,,,,,,,,,,,,,,,,
campaign_e_out,out_n20000_rho0.6_correlated_seed1.pcf,dhfma,1,0,20354879,11763,11762,15278381263082508975,15040,23f703aa3bc9,2026-08-28T19:52:44Z,20000,11881,8119,,,,,,,,,,,,,,,,,
campaign_e_out,out_n20000_rho0.6_correlated_seed1.pcf,dhfma,2,0,20413943,11763,11762,15278381263082508975,15040,23f703aa3bc9,2026-08-28T19:52:44Z,20000,11881,8119,,,,,,,,,,,,,,,,,
campaign_e_out,out_n20000_rho0.6_correlated_seed2.pcf,dhfma,0,0,26485153,11656,11655,16828761749645375616,15040,23f703aa3bc9,2026-08-28T19:52:44Z,20000,12088,7912,,,,,,,,,,,,,,,,,
campaign_e_out,out_n20000_rho0.6_correlated_seed2.pcf,dhfma,1,0,25470610,11656,11655,16828761749645375616,15040,23f703aa3bc9,2026-08-28T19:52:44Z,20000,12088,7912,,,,,,,,,,,,,,,,,
campaign_e_out,out_n20000_rho0.6_correlated_seed2.pcf,dhfma,2,0,24961969,11656,11655,16828761749645375616,15040,23f703aa3bc9,2026-08-28T19:52:44Z,20000,12088,7912,,,,,,,,,,,,,,,,,
campaign_e_out,out_n20000_rho0.6_correlated_seed3.pcf,dhfma,0,0,22210468,11670,11669,8023848644970531476,15040,23f703aa3bc9,2026-08-28T19:52:44Z,20000,11969,8031,,,,,,,,,,,,,,,,,
campaign_e_out,out_n20000_rho0.6_correlated_seed3.pcf,dhfma,1,0,21387235,11670,11669,8023848644970531476,15040,23f703aa3bc9,2026-08-28T19:52:44Z,20000,11969,8031,,,,,,,,,,,,,,,,,
campaign_e_out,out_n20000_rho0.6_correlated_seed3.pcf,dhfma,2,0,21633631,11670,11669,8023848644970531476,15040,23f703aa3bc9,2026-08-28T19:52:44Z,20000,11969,8031,,,,,,,,,,,,,,,,,
campaign_e_out,out_n20000_rho0.6_correlated_seed4.pcf,dhfma,0,0,21587508,11809,11808,13998462804028741581,15040,23f703aa3bc9,2026-08-28T19:52:44Z,20000,11991,8009,,,,,,,,,,,,,,,,,
campaign_e_out,out_n20000_rho0.6_correlated_seed4.pcf,dhfma,1,0,20286099,11809,11808,13998462804028741581,15040,23f703aa3bc9,2026-08-28T19:52:44Z,20000,11991,8009,,,,,,,,,,,,,,,,,
campaign_e_out,out_n20000_rho0.6_correlated_seed4.pcf,dhfma,2,0,20299789,11809,11808,13998462804028741581,15040,23f703aa3bc9,2026-08-28T19:52:44Z,20000,11991,8009,,,,,,,,,,,,,,,,,
campaign_e_out,out_n20000_rho0.6_exact-ties_seed0.pcf,dhfma,0,0,19691197,3287,3286,16507634716676856867,15040,23f703aa3bc9,2026-08-28T19:52:44Z,20000,12067,7933,,,,,,,,,,,,,,,,,
campaign_e_out,out_n20000_rho0.6_exact-ties_seed0.pcf,dhfma,1,0,19227045,3287,3286,16507634716676856867,15040,23f703aa3bc9,2026-08-28T19:52:44Z,20000,12067,7933,,,,,,,,,,,,,,,,,
campaign_e_out,out_n20000_rho0.6_exact-ties_seed0.pcf,dhfma,2,0,19374171,3287,3286,16507634716676856867,15040,23f703aa3bc9,2026-08-28T19:52:44Z,20000,12067,7933,,,,,,,,,,,,,,,,,
campaign_e_out,out_n20000_rho0.6_exact-ties_seed1.pcf,dhfma,0,0,18905102,3314,3313,3840497286370624672,15040,23f703aa3bc9,2026-08-28T19:52:44Z,20000,11873,8127,,,,,,,,,,,,,,,,,
campaign_e_out,out_n20000_rho0.6_exact-ties_seed1.pcf,dhfma,1,0,18708150,3314,3313,3840497286370624672,15040,23f703aa3bc9,2026-08-28T19:52:44Z,20000,11873,8127,,,,,,,,,,,,,,,,,
campaign_e_out,out_n20000_rho0.6_exact-ties_seed1.pcf,dhfma,2,0,18619833,3314,3313,3840497286370624672,15040,23f703aa3bc9,2026-08-28T19:52:44Z,20000,11873,8127,,,,,,,,,,,,,,,,,
campaign_e_out,out_n20000_rho0.6_exact-ties_seed2.pcf,dhfma,0,0,21067318,3340,3339,16477852141313618708,15040,23f703aa3bc9,2026-08-28T19:52:44Z,20000,12143,7857,,,,,,,,,,,,,,,,,
campaign_e_out,out_n20000_rho0.6_exact-ties_seed2.pcf,dhfma,1,0,20728597,3340,3339,16477852141313618708,15040,23f703aa3bc9,2026-08-28T19:52:44Z,20000,12143,7857,,,,,,,,,,,,,,,,,
campaign_e_out,out_n20000_rho0.6_exact-ties_seed2.pcf,dhfma,2,0,20835815,3340,3339,16477852141313618708,15040,23f703aa3bc9,2026-08-28T19:52:44Z,20000,12143,7857,,,,,,,,,,,,,,,,,
campaign_e_out,out_n20000_rho0.6_exact-ties_seed3.pcf,dhfma,0,0,19458360,3342,3341,8937248944538168454,15040,23f703aa3bc9,2026-08-28T19:52:44Z,20000,11993,8007,,,,,,,,,,,,,,,,,
campaign_e_out,out_n20000_rho0.6_exact-ties_seed3.pcf,dhfma,1,0,19155224,3342,3341,8937248944538168454,15040,23f703aa3bc9,2026-08-28T19:52:44Z,20000,11993,8007,,,,,,,,,,,,,,,,,
campaign_e_out,out_n20000_rho0.6_exact-ties_seed3.pcf,dhfma,2,0,19415483,3342,3341,8937248944538168454,15040,23f703aa3bc9,2026-08-28T19:52:44Z,20000,11993,8007,,,,,,,,,,,,,,,,,
campaign_e_out,out_n20000_rho0.6_exact-ties_seed4.pcf,dhfma,0,0,19978203,3280,3279,7657075642618098781,15040,23f703aa3bc9,2026-08-28T19:52:44Z,20000,12035,7965,,,,,,,,,,,,,,,,,
campaign_e_out,out_n20000_rho0.6_exact-ties_seed4.pcf,dhfma,1,0,19538504,3280,3279,7657075642618098781,15040,23f703aa3bc9,2026-08-28T19:52:44Z,20000,12035,7965,,,,,,,,,,,,,,,,,
campaign_e_out,out_n20000_rho0.6_exact-ties_seed4.pcf,dhfma,2,0,19613471,3280,3279,7657075642618098781,15040,23f703aa3bc9,2026-08-28T19:52:44Z,20000,12035,7965,,,,,,,,,,,,,,,,,
campaign_e_out,out_n20000_rho0.6_independent-positive_seed0.pcf,dhfma,0,0,21249291,13601,13600,9355582067107019223,15040,23f703aa3bc9,2026-08-28T19:52:44Z,20000,12086,7914,,,,,,,,,,,,,,,,,
campaign_e_out,out_n20000_rho0.6_independent-positive_seed0.pcf,dhfma,1,0,20448887,13601,13600,9355582067107019223,15040,23f703aa3bc9,2026-08-28T19:52:44Z,20000,12086,7914,,,,,,,,,,,,,,,,,
campaign_e_out,out_n20000_rho0.6_independent-positive_seed0.pcf,dhfma,2,0,20165499,13601,13600,9355582067107019223,15040,23f703aa3bc9,2026-08-28T19:52:44Z,20000,12086,7914,,,,,,,,,,,,,,,,,
campaign_e_out,out_n20000_rho0.6_independent-positive_seed1.pcf,dhfma,0,0,20752431,13627,13626,16263693008065217491,15040,23f703aa3bc9,2026-08-28T19:52:44Z,20000,11886,8114,,,,,,,,,,,,,,,,,
campaign_e_out,out_n20000_rho0.6_independent-positive_seed1.pcf,dhfma,1,0,19575375,13627,13626,16263693008065217491,15040,23f703aa3bc9,2026-08-28T19:52:44Z,20000,11886,8114,,,,,,,,,,,,,,,,,
campaign_e_out,out_n20000_rho0.6_independent-positive_seed1.pcf,dhfma,2,0,19805760,13627,13626,16263693008065217491,15040,23f703aa3bc9,2026-08-28T19:52:44Z,20000,11886,8114,,,,,,,,,,,,,,,,,
campaign_e_out,out_n20000_rho0.6_independent-positive_seed2.pcf,dhfma,0,0,24104959,13490,13489,12269523494472632826,15040,23f703aa3bc9,2026-08-28T19:52:44Z,20000,12131,7869,,,,,,,,,,,,,,,,,
campaign_e_out,out_n20000_rho0.6_independent-positive_seed2.pcf,dhfma,1,0,22875750,13490,13489,12269523494472632826,15040,23f703aa3bc9,2026-08-28T19:52:44Z,20000,12131,7869,,,,,,,,,,,,,,,,,
campaign_e_out,out_n20000_rho0.6_independent-positive_seed2.pcf,dhfma,2,0,23160715,13490,13489,12269523494472632826,15040,23f703aa3bc9,2026-08-28T19:52:44Z,20000,12131,7869,,,,,,,,,,,,,,,,,
campaign_e_out,out_n20000_rho0.6_independent-positive_seed3.pcf,dhfma,0,0,21506381,13599,13598,3218597979818487086,15040,23f703aa3bc9,2026-08-28T19:52:44Z,20000,12033,7967,,,,,,,,,,,,,,,,,
campaign_e_out,out_n20000_rho0.6_independent-positive_seed3.pcf,dhfma,1,0,20577922,13599,13598,3218597979818487086,15040,23f703aa3bc9,2026-08-28T19:52:45Z,20000,12033,7967,,,,,,,,,,,,,,,,,
campaign_e_out,out_n20000_rho0.6_independent-positive_seed3.pcf,dhfma,2,0,21053272,13599,13598,3218597979818487086,15040,23f703aa3bc9,2026-08-28T19:52:45Z,20000,12033,7967,,,,,,,,,,,,,,,,,
campaign_e_out,out_n20000_rho0.6_independent-positive_seed4.pcf,dhfma,0,0,21835158,13625,13624,10242290432836392870,15200,23f703aa3bc9,2026-08-28T19:52:45Z,20000,11950,8050,,,,,,,,,,,,,,,,,
campaign_e_out,out_n20000_rho0.6_independent-positive_seed4.pcf,dhfma,1,0,20722022,13625,13624,10242290432836392870,15200,23f703aa3bc9,2026-08-28T19:52:45Z,20000,11950,8050,,,,,,,,,,,,,,,,,
campaign_e_out,out_n20000_rho0.6_independent-positive_seed4.pcf,dhfma,2,0,20956741,13625,13624,10242290432836392870,15200,23f703aa3bc9,2026-08-28T19:52:45Z,20000,11950,8050,,,,,,,,,,,,,,,,,
campaign_e_out,out_n20000_rho0.6_independent-signed_seed0.pcf,dhfma,0,0,21206722,13733,13732,7904926516892001530,15200,23f703aa3bc9,2026-08-28T19:52:45Z,20000,12082,7918,,,,,,,,,,,,,,,,,
campaign_e_out,out_n20000_rho0.6_independent-signed_seed0.pcf,dhfma,1,0,20272162,13733,13732,7904926516892001530,15200,23f703aa3bc9,2026-08-28T19:52:45Z,20000,12082,7918,,,,,,,,,,,,,,,,,
campaign_e_out,out_n20000_rho0.6_independent-signed_seed0.pcf,dhfma,2,0,20417728,13733,13732,7904926516892001530,15200,23f703aa3bc9,2026-08-28T19:52:45Z,20000,12082,7918,,,,,,,,,,,,,,,,,
campaign_e_out,out_n20000_rho0.6_independent-signed_seed1.pcf,dhfma,0,0,20796463,13788,13787,1419560225366335155,15200,23f703aa3bc9,2026-08-28T19:52:45Z,20000,11886,8114,,,,,,,,,,,,,,,,,
campaign_e_out,out_n20000_rho0.6_independent-signed_seed1.pcf,dhfma,1,0,19835960,13788,13787,1419560225366335155,15200,23f703aa3bc9,2026-08-28T19:52:45Z,20000,11886,8114,,,,,,,,,,,,,,,,,
campaign_e_out,out_n20000_rho0.6_independent-signed_seed1.pcf,dhfma,2,0,20071410,13788,13787,1419560225366335155,15200,23f703aa3bc9,2026-08-28T19:52:45Z,20000,11886,8114,,,,,,,,,,,,,,,,,
campaign_e_out,out_n20000_rho0.6_independent-signed_seed2.pcf,dhfma,0,0,21028467,13792,13791,2665126908686936473,15200,23f703aa3bc9,2026-08-28T19:52:45Z,20000,12132,7868,,,,,,,,,,,,,,,,,
campaign_e_out,out_n20000_rho0.6_independent-signed_seed2.pcf,dhfma,1,0,20057814,13792,13791,2665126908686936473,15200,23f703aa3bc9,2026-08-28T19:52:45Z,20000,12132,7868,,,,,,,,,,,,,,,,,
campaign_e_out,out_n20000_rho0.6_independent-signed_seed2.pcf,dhfma,2,0,20440675,13792,13791,2665126908686936473,15200,23f703aa3bc9,2026-08-28T19:52:45Z,20000,12132,7868,,,,,,,,,,,,,,,,,
campaign_e_out,out_n20000_rho0.6_independent-signed_seed3.pcf,dhfma,0,0,21101287,13730,13729,2886036171830531917,15200,23f703aa3bc9,2026-08-28T19:52:45Z,20000,12037,7963,,,,,,,,,,,,,,,,,
campaign_e_out,out_n20000_rho0.6_independent-signed_seed3.pcf,dhfma,1,0,19916225,13730,13729,2886036171830531917,15200,23f703aa3bc9,2026-08-28T19:52:45Z,20000,12037,7963,,,,,,,,,,,,,,,,,
campaign_e_out,out_n20000_rho0.6_independent-signed_seed3.pcf,dhfma,2,0,20134988,13730,13729,2886036171830531917,15200,23f703aa3bc9,2026-08-28T19:52:45Z,20000,12037,7963,,,,,,,,,,,,,,,,,
campaign_e_out,out_n20000_rho0.6_independent-signed_seed4.pcf,dhfma,0,0,21249342,13796,13795,15250379949895481199,15200,23f703aa3bc9,2026-08-28T19:52:45Z,20000,11944,8056,,,,,,,,,,,,,,,,,
campaign_e_out,out_n20000_rho0.6_independent-signed_seed4.pcf,dhfma,1,0,22599908,13796,13795,15250379949895481199,15200,23f703aa3bc9,2026-08-28T19:52:45Z,20000,11944,8056,,,,,,,,,,,,,,,,,
campaign_e_out,out_n20000_rho0.6_independent-signed_seed4.pcf,dhfma,2,0,23317315,13796,13795,15250379949895481199,15200,23f703aa3bc9,2026-08-28T19:52:45Z,20000,11944,8056,,,,,,,,,,,,,,,,,
campaign_e_out,out_n20000_rho0.6_near-ties_seed0.pcf,dhfma,0,0,24067875,800,799,8858232656230211283,15200,23f703aa3bc9,2026-08-28T19:52:45Z,20000,12072,7928,,,,,,,,,,,,,,,,,
campaign_e_out,out_n20000_rho0.6_near-ties_seed0.pcf,dhfma,1,0,24639479,800,799,8858232656230211283,15200,23f703aa3bc9,2026-08-28T19:52:45Z,20000,12072,7928,,,,,,,,,,,,,,,,,
campaign_e_out,out_n20000_rho0.6_near-ties_seed0.pcf,dhfma,2,0,23306439,800,799,8858232656230211283,15200,23f703aa3bc9,2026-08-28T19:52:45Z,20000,12072,7928,,,,,,,,,,,,,,,,,
campaign_e_out,out_n20000_rho0.6_near-ties_seed1.pcf,dhfma,0,0,20123205,801,800,16496184272762790796,15200,23f703aa3bc9,2026-08-28T19:52:45Z,20000,12032,7968,,,,,,,,,,,,,,,,,
campaign_e_out,out_n20000_rho0.6_near-ties_seed1.pcf,dhfma,1,0,19879924,801,800,16496184272762790796,15200,23f703aa3bc9,2026-08-28T19:52:45Z,20000,12032,7968,,,,,,,,,,,,,,,,,
campaign_e_out,out_n20000_rho0.6_near-ties_seed1.pcf,dhfma,2,0,19751451,801,800,16496184272762790796,15200,23f703aa3bc9,2026-08-28T19:52:45Z,20000,12032,7968,,,,,,,,,,,,,,,,,
campaign_e_out,out_n20000_rho0.6_near-ties_seed2.pcf,dhfma,0,0,19960647,815,814,4347035791378881301,15200,23f703aa3bc9,2026-08-28T19:52:45Z,20000,12018,7982,,,,,,,,,,,,,,,,,
campaign_e_out,out_n20000_rho0.6_near-ties_seed2.pcf,dhfma,1,0,19744790,815,814,4347035791378881301,15200,23f703aa3bc9,2026-08-28T19:52:45Z,20000,12018,7982,,,,,,,,,,,,,,,,,
campaign_e_out,out_n20000_rho0.6_near-ties_seed2.pcf,dhfma,2,0,19672767,815,814,4347035791378881301,15200,23f703aa3bc9,2026-08-28T19:52:45Z,20000,12018,7982,,,,,,,,,,,,,,,,,
campaign_e_out,out_n20000_rho0.6_near-ties_seed3.pcf,dhfma,0,0,19391584,792,791,4948377672009468124,15200,23f703aa3bc9,2026-08-28T19:52:45Z,20000,12029,7971,,,,,,,,,,,,,,,,,
campaign_e_out,out_n20000_rho0.6_near-ties_seed3.pcf,dhfma,1,0,19187026,792,791,4948377672009468124,15200,23f703aa3bc9,2026-08-28T19:52:45Z,20000,12029,7971,,,,,,,,,,,,,,,,,
campaign_e_out,out_n20000_rho0.6_near-ties_seed3.pcf,dhfma,2,0,19091239,792,791,4948377672009468124,15200,23f703aa3bc9,2026-08-28T19:52:45Z,20000,12029,7971,,,,,,,,,,,,,,,,,
campaign_e_out,out_n20000_rho0.6_near-ties_seed4.pcf,dhfma,0,0,20660593,802,801,12071128902762348469,15200,23f703aa3bc9,2026-08-28T19:52:45Z,20000,11984,8016,,,,,,,,,,,,,,,,,
campaign_e_out,out_n20000_rho0.6_near-ties_seed4.pcf,dhfma,1,0,21450822,802,801,12071128902762348469,15200,23f703aa3bc9,2026-08-28T19:52:45Z,20000,11984,8016,,,,,,,,,,,,,,,,,
campaign_e_out,out_n20000_rho0.6_near-ties_seed4.pcf,dhfma,2,0,20481652,802,801,12071128902762348469,15200,23f703aa3bc9,2026-08-28T19:52:45Z,20000,11984,8016,,,,,,,,,,,,,,,,,
campaign_e_out,out_n20000_rho1.0_anti-correlated_seed0.pcf,dhfma,0,0,222922841,9630,9629,2387414763381111256,32084,23f703aa3bc9,2026-08-28T19:52:46Z,20000,19999,1,,,,,,,,,,,,,,,,,
campaign_e_out,out_n20000_rho1.0_anti-correlated_seed0.pcf,dhfma,1,0,220185098,9630,9629,2387414763381111256,49096,23f703aa3bc9,2026-08-28T19:52:46Z,20000,19999,1,,,,,,,,,,,,,,,,,
campaign_e_out,out_n20000_rho1.0_anti-correlated_seed0.pcf,dhfma,2,0,212891081,9630,9629,2387414763381111256,49576,23f703aa3bc9,2026-08-28T19:52:46Z,20000,19999,1,,,,,,,,,,,,,,,,,
campaign_e_out,out_n20000_rho1.0_anti-correlated_seed1.pcf,dhfma,0,0,265902658,9642,9641,15084477429918001945,32244,23f703aa3bc9,2026-08-28T19:52:46Z,20000,19999,1,,,,,,,,,,,,,,,,,
campaign_e_out,out_n20000_rho1.0_anti-correlated_seed1.pcf,dhfma,1,0,266091158,9642,9641,15084477429918001945,52484,23f703aa3bc9,2026-08-28T19:52:47Z,20000,19999,1,,,,,,,,,,,,,,,,,
campaign_e_out,out_n20000_rho1.0_anti-correlated_seed1.pcf,dhfma,2,0,256155616,9642,9641,15084477429918001945,52484,23f703aa3bc9,2026-08-28T19:52:47Z,20000,19999,1,,,,,,,,,,,,,,,,,
campaign_e_out,out_n20000_rho1.0_anti-correlated_seed2.pcf,dhfma,0,0,225644889,9622,9621,6544747673682128294,32344,23f703aa3bc9,2026-08-28T19:52:47Z,20000,19999,1,,,,,,,,,,,,,,,,,
campaign_e_out,out_n20000_rho1.0_anti-correlated_seed2.pcf,dhfma,1,0,225570177,9622,9621,6544747673682128294,49300,23f703aa3bc9,2026-08-28T19:52:47Z,20000,19999,1,,,,,,,,,,,,,,,,,
campaign_e_out,out_n20000_rho1.0_anti-correlated_seed2.pcf,dhfma,2,0,227881612,9622,9621,6544747673682128294,49392,23f703aa3bc9,2026-08-28T19:52:47Z,20000,19999,1,,,,,,,,,,,,,,,,,
campaign_e_out,out_n20000_rho1.0_anti-correlated_seed3.pcf,dhfma,0,0,245535603,9574,9573,2396227414002280305,32344,23f703aa3bc9,2026-08-28T19:52:48Z,20000,19999,1,,,,,,,,,,,,,,,,,
campaign_e_out,out_n20000_rho1.0_anti-correlated_seed3.pcf,dhfma,1,0,241372931,9574,9573,2396227414002280305,50260,23f703aa3bc9,2026-08-28T19:52:48Z,20000,19999,1,,,,,,,,,,,,,,,,,
campaign_e_out,out_n20000_rho1.0_anti-correlated_seed3.pcf,dhfma,2,0,241881033,9574,9573,2396227414002280305,50392,23f703aa3bc9,2026-08-28T19:52:48Z,20000,19999,1,,,,,,,,,,,,,,,,,
campaign_e_out,out_n20000_rho1.0_anti-correlated_seed4.pcf,dhfma,0,0,216096209,9654,9653,33560711220074677,32420,23f703aa3bc9,2026-08-28T19:52:48Z,20000,19999,1,,,,,,,,,,,,,,,,,
campaign_e_out,out_n20000_rho1.0_anti-correlated_seed4.pcf,dhfma,1,0,213974529,9654,9653,33560711220074677,48396,23f703aa3bc9,2026-08-28T19:52:49Z,20000,19999,1,,,,,,,,,,,,,,,,,
campaign_e_out,out_n20000_rho1.0_anti-correlated_seed4.pcf,dhfma,2,0,214619436,9654,9653,33560711220074677,48452,23f703aa3bc9,2026-08-28T19:52:49Z,20000,19999,1,,,,,,,,,,,,,,,,,
campaign_e_out,out_n20000_rho1.0_correlated_seed0.pcf,dhfma,0,0,194620072,8858,8857,8986384419549983154,32092,23f703aa3bc9,2026-08-28T19:52:49Z,20000,19999,1,,,,,,,,,,,,,,,,,
campaign_e_out,out_n20000_rho1.0_correlated_seed0.pcf,dhfma,1,0,193317585,8858,8857,8986384419549983154,47056,23f703aa3bc9,2026-08-28T19:52:49Z,20000,19999,1,,,,,,,,,,,,,,,,,
campaign_e_out,out_n20000_rho1.0_correlated_seed0.pcf,dhfma,2,0,192716153,8858,8857,8986384419549983154,47056,23f703aa3bc9,2026-08-28T19:52:49Z,20000,19999,1,,,,,,,,,,,,,,,,,
campaign_e_out,out_n20000_rho1.0_correlated_seed1.pcf,dhfma,0,0,203667601,8701,8700,15214225976878972179,32244,23f703aa3bc9,2026-08-28T19:52:50Z,20000,19999,1,,,,,,,,,,,,,,,,,
campaign_e_out,out_n20000_rho1.0_correlated_seed1.pcf,dhfma,1,0,202151786,8701,8700,15214225976878972179,47688,23f703aa3bc9,2026-08-28T19:52:50Z,20000,19999,1,,,,,,,,,,,,,,,,,
campaign_e_out,out_n20000_rho1.0_correlated_seed1.pcf,dhfma,2,0,201413661,8701,8700,15214225976878972179,47688,23f703aa3bc9,2026-08-28T19:52:50Z,20000,19999,1,,,,,,,,,,,,,,,,,
campaign_e_out,out_n20000_rho1.0_correlated_seed2.pcf,dhfma,0,0,202365222,8809,8808,5832364006468692126,32340,23f703aa3bc9,2026-08-28T19:52:50Z,20000,19999,1,,,,,,,,,,,,,,,,,
campaign_e_out,out_n20000_rho1.0_correlated_seed2.pcf,dhfma,1,0,200517279,8809,8808,5832364006468692126,47720,23f703aa3bc9,2026-08-28T19:52:50Z,20000,19999,1,,,,,,,,,,,,,,,,,
campaign_e_out,out_n20000_rho1.0_correlated_seed2.pcf,dhfma,2,0,200926082,8809,8808,5832364006468692126,47720,23f703aa3bc9,2026-08-28T19:52:51Z,20000,19999,1,,,,,,,,,,,,,,,,,
campaign_e_out,out_n20000_rho1.0_correlated_seed3.pcf,dhfma,0,0,207222374,8865,8864,841488481824727477,32344,23f703aa3bc9,2026-08-28T19:52:51Z,20000,19999,1,,,,,,,,,,,,,,,,,
campaign_e_out,out_n20000_rho1.0_correlated_seed3.pcf,dhfma,1,0,205405806,8865,8864,841488481824727477,47884,23f703aa3bc9,2026-08-28T19:52:51Z,20000,19999,1,,,,,,,,,,,,,,,,,
campaign_e_out,out_n20000_rho1.0_correlated_seed3.pcf,dhfma,2,0,206200387,8865,8864,841488481824727477,48108,23f703aa3bc9,2026-08-28T19:52:51Z,20000,19999,1,,,,,,,,,,,,,,,,,
campaign_e_out,out_n20000_rho1.0_correlated_seed4.pcf,dhfma,0,0,217938228,8875,8874,12518401988140928868,32420,23f703aa3bc9,2026-08-28T19:52:52Z,20000,19999,1,,,,,,,,,,,,,,,,,
campaign_e_out,out_n20000_rho1.0_correlated_seed4.pcf,dhfma,1,0,215648141,8875,8874,12518401988140928868,49132,23f703aa3bc9,2026-08-28T19:52:52Z,20000,19999,1,,,,,,,,,,,,,,,,,
campaign_e_out,out_n20000_rho1.0_correlated_seed4.pcf,dhfma,2,0,217106589,8875,8874,12518401988140928868,49132,23f703aa3bc9,2026-08-28T19:52:52Z,20000,19999,1,,,,,,,,,,,,,,,,,
campaign_e_out,out_n20000_rho1.0_exact-ties_seed0.pcf,dhfma,0,0,200148261,3537,3536,11345020981097381937,32196,23f703aa3bc9,2026-08-28T19:52:52Z,20000,19999,1,,,,,,,,,,,,,,,,,
campaign_e_out,out_n20000_rho1.0_exact-ties_seed0.pcf,dhfma,1,0,199038839,3537,3536,11345020981097381937,48576,23f703aa3bc9,2026-08-28T19:52:52Z,20000,19999,1,,,,,,,,,,,,,,,,,
campaign_e_out,out_n20000_rho1.0_exact-ties_seed0.pcf,dhfma,2,0,199406148,3537,3536,11345020981097381937,48596,23f703aa3bc9,2026-08-28T19:52:53Z,20000,19999,1,,,,,,,,,,,,,,,,,
campaign_e_out,out_n20000_rho1.0_exact-ties_seed1.pcf,dhfma,0,0,272274449,3601,3600,4072335178777642165,32276,23f703aa3bc9,2026-08-28T19:52:53Z,20000,19999,1,,,,,,,,,,,,,,,,,
campaign_e_out,out_n20000_rho1.0_exact-ties_seed1.pcf,dhfma,1,0,271971858,3601,3600,4072335178777642165,54900,23f703aa3bc9,2026-08-28T19:52:53Z,20000,19999,1,,,,,,,,,,,,,,,,,
campaign_e_out,out_n20000_rho1.0_exact-ties_seed1.pcf,dhfma,2,0,271348190,3601,3600,4072335178777642165,54996,23f703aa3bc9,2026-08-28T19:52:53Z,20000,19999,1,,,,,,,,,,,,,,,,,
campaign_e_out,out_n20000_rho1.0_exact-ties_seed2.pcf,dhfma,0,0,284722540,3501,3500,10414738660325926020,32244,23f703aa3bc9,2026-08-28T19:52:54Z,20000,19999,1,,,,,,,,,,,,,,,,,
campaign_e_out,out_n20000_rho1.0_exact-ties_seed2.pcf,dhfma,1,0,283150192,3501,3500,10414738660325926020,55660,23f703aa3bc9,2026-08-28T19:52:54Z,20000,19999,1,,,,,,,,,,,,,,,,,
campaign_e_out,out_n20000_rho1.0_exact-ties_seed2.pcf,dhfma,2,0,283148715,3501,3500,10414738660325926020,55660,23f703aa3bc9,2026-08-28T19:52:54Z,20000,19999,1,,,,,,,,,,,,,,,,,
campaign_e_out,out_n20000_rho1.0_exact-ties_seed3.pcf,dhfma,0,0,226200629,3572,3571,14056898245765320550,32120,23f703aa3bc9,2026-08-28T19:52:55Z,20000,19999,1,,,,,,,,,,,,,,,,,
campaign_e_out,out_n20000_rho1.0_exact-ties_seed3.pcf,dhfma,1,0,225636468,3572,3571,14056898245765320550,51224,23f703aa3bc9,2026-08-28T19:52:55Z,20000,19999,1,,,,,,,,,,,,,,,,,
campaign_e_out,out_n20000_rho1.0_exact-ties_seed3.pcf,dhfma,2,0,226191447,3572,3571,14056898245765320550,51316,23f703aa3bc9,2026-08-28T19:52:55Z,20000,19999,1,,,,,,,,,,,,,,,,,
campaign_e_out,out_n20000_rho1.0_exact-ties_seed4.pcf,dhfma,0,0,195117311,3519,3518,1400641562690937310,32344,23f703aa3bc9,2026-08-28T19:52:55Z,20000,19999,1,,,,,,,,,,,,,,,,,
campaign_e_out,out_n20000_rho1.0_exact-ties_seed4.pcf,dhfma,1,0,193573206,3519,3518,1400641562690937310,47924,23f703aa3bc9,2026-08-28T19:52:55Z,20000,19999,1,,,,,,,,,,,,,,,,,
campaign_e_out,out_n20000_rho1.0_exact-ties_seed4.pcf,dhfma,2,0,193004126,3519,3518,1400641562690937310,48124,23f703aa3bc9,2026-08-28T19:52:56Z,20000,19999,1,,,,,,,,,,,,,,,,,
campaign_e_out,out_n20000_rho1.0_independent-positive_seed0.pcf,dhfma,0,0,236226541,9875,9874,7926941864621999325,32244,23f703aa3bc9,2026-08-28T19:52:56Z,20000,19999,1,,,,,,,,,,,,,,,,,
campaign_e_out,out_n20000_rho1.0_independent-positive_seed0.pcf,dhfma,1,0,234895017,9875,9874,7926941864621999325,50404,23f703aa3bc9,2026-08-28T19:52:56Z,20000,19999,1,,,,,,,,,,,,,,,,,
campaign_e_out,out_n20000_rho1.0_independent-positive_seed0.pcf,dhfma,2,0,233766923,9875,9874,7926941864621999325,50588,23f703aa3bc9,2026-08-28T19:52:56Z,20000,19999,1,,,,,,,,,,,,,,,,,
campaign_e_out,out_n20000_rho1.0_independent-positive_seed1.pcf,dhfma,0,0,182993743,9898,9897,15190041354287643709,32196,23f703aa3bc9,2026-08-28T19:52:56Z,20000,19999,1,,,,,,,,,,,,,,,,,
campaign_e_out,out_n20000_rho1.0_independent-positive_seed1.pcf,dhfma,1,0,181713398,9898,9897,15190041354287643709,45832,23f703aa3bc9,2026-08-28T19:52:57Z,20000,19999,1,,,,,,,,,,,,,,,,,
campaign_e_out,out_n20000_rho1.0_independent-positive_seed1.pcf,dhfma,2,0,174471032,9898,9897,15190041354287643709,45992,23f703aa3bc9,2026-08-28T19:52:57Z,20000,19999,1,,,,,,,,,,,,,,,,,
campaign_e_out,out_n20000_rho1.0_independent-positive_seed2.pcf,dhfma,0,0,198195254,9966,9965,10793476826059338117,32244,23f703aa3bc9,2026-08-28T19:52:57Z,20000,19999,1,,,,,,,,,,,,,,,,,
campaign_e_out,out_n20000_rho1.0_independent-positive_seed2.pcf,dhfma,1,0,196939676,9966,9965,10793476826059338117,47256,23f703aa3bc9,2026-08-28T19:52:57Z,20000,19999,1,,,,,,,,,,,,,,,,,
campaign_e_out,out_n20000_rho1.0_independent-positive_seed2.pcf,dhfma,2,0,191406849,9966,9965,10793476826059338117,47416,23f703aa3bc9,2026-08-28T19:52:57Z,20000,19999,1,,,,,,,,,,,,,,,,,
campaign_e_out,out_n20000_rho1.0_independent-positive_seed3.pcf,dhfma,0,0,233081948,9909,9908,15634537868634079453,32264,23f703aa3bc9,2026-08-28T19:52:58Z,20000,19999,1,,,,,,,,,,,,,,,,,
campaign_e_out,out_n20000_rho1.0_independent-positive_seed3.pcf,dhfma,1,0,231395636,9909,9908,15634537868634079453,50116,23f703aa3bc9,2026-08-28T19:52:58Z,20000,19999,1,,,,,,,,,,,,,,,,,
campaign_e_out,out_n20000_rho1.0_independent-positive_seed3.pcf,dhfma,2,0,230878727,9909,9908,15634537868634079453,50172,23f703aa3bc9,2026-08-28T19:52:58Z,20000,19999,1,,,,,,,,,,,,,,,,,
campaign_e_out,out_n20000_rho1.0_independent-positive_seed4.pcf,dhfma,0,0,232733877,10035,10034,16060383182987991453,32196,23f703aa3bc9,2026-08-28T19:52:58Z,20000,19999,1,,,,,,,,,,,,,,,,,
campaign_e_out,out_n20000_rho1.0_independent-positive_seed4.pcf,dhfma,1,0,231137618,10035,10034,16060383182987991453,49824,23f703aa3bc9,2026-08-28T19:52:59Z,20000,19999,1,,,,,,,,,,,,,,,,,
campaign_e_out,out_n20000_rho1.0_independent-positive_seed4.pcf,dhfma,2,0,231540895,10035,10034,16060383182987991453,49948,23f703aa3bc9,2026-08-28T19:52:59Z,20000,19999,1,,,,,,,,,,,,,,,,,
campaign_e_out,out_n20000_rho1.0_independent-signed_seed0.pcf,dhfma,0,0,191970514,10086,10085,11452418431898094031,32164,23f703aa3bc9,2026-08-28T19:52:59Z,20000,19999,1,,,,,,,,,,,,,,,,,
campaign_e_out,out_n20000_rho1.0_independent-signed_seed0.pcf,dhfma,1,0,190178762,10086,10085,11452418431898094031,46604,23f703aa3bc9,2026-08-28T19:52:59Z,20000,19999,1,,,,,,,,,,,,,,,,,
campaign_e_out,out_n20000_rho1.0_independent-signed_seed0.pcf,dhfma,2,0,183388927,10086,10085,11452418431898094031,46604,23f703aa3bc9,2026-08-28T19:52:59Z,20000,19999,1,,,,,,,,,,,,,,,,,
campaign_e_out,out_n20000_rho1.0_independent-signed_seed1.pcf,dhfma,0,0,230839669,9965,9964,3026970801463165988,32424,23f703aa3bc9,2026-08-28T19:53:00Z,20000,19999,1,,,,,,,,,,,,,,,,,
campaign_e_out,out_n20000_rho1.0_independent-signed_seed1.pcf,dhfma,1,0,221403582,9965,9964,3026970801463165988,49596,23f703aa3bc9,2026-08-28T19:53:00Z,20000,19999,1,,,,,,,,,,,,,,,,,
campaign_e_out,out_n20000_rho1.0_independent-signed_seed1.pcf,dhfma,2,0,223128206,9965,9964,3026970801463165988,49596,23f703aa3bc9,2026-08-28T19:53:00Z,20000,19999,1,,,,,,,,,,,,,,,,,
campaign_e_out,out_n20000_rho1.0_independent-signed_seed2.pcf,dhfma,0,0,216526033,10017,10016,5857602576509832990,32244,23f703aa3bc9,2026-08-28T19:53:00Z,20000,19999,1,,,,,,,,,,,,,,,,,
campaign_e_out,out_n20000_rho1.0_independent-signed_seed2.pcf,dhfma,1,0,214496887,10017,10016,5857602576509832990,48836,23f703aa3bc9,2026-08-28T19:53:01Z,20000,19999,1,,,,,,,,,,,,,,,,,
campaign_e_out,out_n20000_rho1.0_independent-signed_seed2.pcf,dhfma,2,0,209134209,10017,10016,5857602576509832990,48996,23f703aa3bc9,2026-08-28T19:53:01Z,20000,19999,1,,,,,,,,,,,,,,,,,
campaign_e_out,out_n20000_rho1.0_independent-signed_seed3.pcf,dhfma,0,0,286051162,9992,9991,368158182934884715,32204,23f703aa3bc9,2026-08-28T19:53:01Z,20000,19999,1,,,,,,,,,,,,,,,,,
campaign_e_out,out_n20000_rho1.0_independent-signed_seed3.pcf,dhfma,1,0,283646401,9992,9991,368158182934884715,54336,23f703aa3bc9,2026-08-28T19:53:01Z,20000,19999,1,,,,,,,,,,,,,,,,,
campaign_e_out,out_n20000_rho1.0_independent-signed_seed3.pcf,dhfma,2,0,284328420,9992,9991,368158182934884715,54336,23f703aa3bc9,2026-08-28T19:53:02Z,20000,19999,1,,,,,,,,,,,,,,,,,
campaign_e_out,out_n20000_rho1.0_independent-signed_seed4.pcf,dhfma,0,0,214268516,10039,10038,18175735719562163286,32272,23f703aa3bc9,2026-08-28T19:53:02Z,20000,19999,1,,,,,,,,,,,,,,,,,
campaign_e_out,out_n20000_rho1.0_independent-signed_seed4.pcf,dhfma,1,0,211977905,10039,10038,18175735719562163286,48540,23f703aa3bc9,2026-08-28T19:53:02Z,20000,19999,1,,,,,,,,,,,,,,,,,
campaign_e_out,out_n20000_rho1.0_independent-signed_seed4.pcf,dhfma,2,0,211805034,10039,10038,18175735719562163286,48540,23f703aa3bc9,2026-08-28T19:53:02Z,20000,19999,1,,,,,,,,,,,,,,,,,
campaign_e_out,out_n20000_rho1.0_near-ties_seed0.pcf,dhfma,0,0,215835351,999,998,17754626083291606512,32096,23f703aa3bc9,2026-08-28T19:53:03Z,20000,19999,1,,,,,,,,,,,,,,,,,
campaign_e_out,out_n20000_rho1.0_near-ties_seed0.pcf,dhfma,1,0,215503509,999,998,17754626083291606512,49060,23f703aa3bc9,2026-08-28T19:53:03Z,20000,19999,1,,,,,,,,,,,,,,,,,
campaign_e_out,out_n20000_rho1.0_near-ties_seed0.pcf,dhfma,2,0,216955429,999,998,17754626083291606512,49264,23f703aa3bc9,2026-08-28T19:53:03Z,20000,19999,1,,,,,,,,,,,,,,,,,
campaign_e_out,out_n20000_rho1.0_near-ties_seed1.pcf,dhfma,0,0,213476740,1014,1013,2055741358858333354,32116,23f703aa3bc9,2026-08-28T19:53:03Z,20000,19999,1,,,,,,,,,,,,,,,,,
campaign_e_out,out_n20000_rho1.0_near-ties_seed1.pcf,dhfma,1,0,214144619,1014,1013,2055741358858333354,48552,23f703aa3bc9,2026-08-28T19:53:03Z,20000,19999,1,,,,,,,,,,,,,,,,,
campaign_e_out,out_n20000_rho1.0_near-ties_seed1.pcf,dhfma,2,0,214612632,1014,1013,2055741358858333354,48592,23f703aa3bc9,2026-08-28T19:53:04Z,20000,19999,1,,,,,,,,,,,,,,,,,
campaign_e_out,out_n20000_rho1.0_near-ties_seed2.pcf,dhfma,0,0,242677986,1007,1006,11174260098393399790,32280,23f703aa3bc9,2026-08-28T19:53:04Z,20000,19999,1,,,,,,,,,,,,,,,,,
campaign_e_out,out_n20000_rho1.0_near-ties_seed2.pcf,dhfma,1,0,242302113,1007,1006,11174260098393399790,51436,23f703aa3bc9,2026-08-28T19:53:04Z,20000,19999,1,,,,,,,,,,,,,,,,,
campaign_e_out,out_n20000_rho1.0_near-ties_seed2.pcf,dhfma,2,0,243022409,1007,1006,11174260098393399790,51700,23f703aa3bc9,2026-08-28T19:53:04Z,20000,19999,1,,,,,,,,,,,,,,,,,
campaign_e_out,out_n20000_rho1.0_near-ties_seed3.pcf,dhfma,0,0,214408633,1009,1008,137600165661981597,32276,23f703aa3bc9,2026-08-28T19:53:05Z,20000,19999,1,,,,,,,,,,,,,,,,,
campaign_e_out,out_n20000_rho1.0_near-ties_seed3.pcf,dhfma,1,0,215053801,1009,1008,137600165661981597,49192,23f703aa3bc9,2026-08-28T19:53:05Z,20000,19999,1,,,,,,,,,,,,,,,,,
campaign_e_out,out_n20000_rho1.0_near-ties_seed3.pcf,dhfma,2,0,214960893,1009,1008,137600165661981597,49236,23f703aa3bc9,2026-08-28T19:53:05Z,20000,19999,1,,,,,,,,,,,,,,,,,
campaign_e_out,out_n20000_rho1.0_near-ties_seed4.pcf,dhfma,0,0,188260799,1025,1024,3406387431925547468,32268,23f703aa3bc9,2026-08-28T19:53:05Z,20000,19999,1,,,,,,,,,,,,,,,,,
campaign_e_out,out_n20000_rho1.0_near-ties_seed4.pcf,dhfma,1,0,190058975,1025,1024,3406387431925547468,46508,23f703aa3bc9,2026-08-28T19:53:05Z,20000,19999,1,,,,,,,,,,,,,,,,,
campaign_e_out,out_n20000_rho1.0_near-ties_seed4.pcf,dhfma,2,0,186666099,1025,1024,3406387431925547468,46508,23f703aa3bc9,2026-08-28T19:53:06Z,20000,19999,1,,,,,,,,,,,,,,,,,
campaign_e_out,out_n200_rho0.6_anti-correlated_seed0.pcf,dhfma,0,0,140038,138,137,11939387066232118236,15520,23f703aa3bc9,2026-08-28T19:53:06Z,200,119,81,,,,,,,,,,,,,,,,,
campaign_e_out,out_n200_rho0.6_anti-correlated_seed0.pcf,dhfma,1,0,111842,138,137,11939387066232118236,15520,23f703aa3bc9,2026-08-28T19:53:06Z,200,119,81,,,,,,,,,,,,,,,,,
campaign_e_out,out_n200_rho0.6_anti-correlated_seed0.pcf,dhfma,2,0,103229,138,137,11939387066232118236,15520,23f703aa3bc9,2026-08-28T19:53:06Z,200,119,81,,,,,,,,,,,,,,,,,
campaign_e_out,out_n200_rho0.6_anti-correlated_seed1.pcf,dhfma,0,0,146685,150,149,8252692356990809920,15520,23f703aa3bc9,2026-08-28T19:53:06Z,200,110,90,,,,,,,,,,,,,,,,,
campaign_e_out,out_n200_rho0.6_anti-correlated_seed1.pcf,dhfma,1,0,116329,150,149,8252692356990809920,15520,23f703aa3bc9,2026-08-28T19:53:06Z,200,110,90,,,,,,,,,,,,,,,,,
campaign_e_out,out_n200_rho0.6_anti-correlated_seed1.pcf,dhfma,2,0,106910,150,149,8252692356990809920,15520,23f703aa3bc9,2026-08-28T19:53:06Z,200,110,90,,,,,,,,,,,,,,,,,
campaign_e_out,out_n200_rho0.6_anti-correlated_seed2.pcf,dhfma,0,0,205571,134,133,17346250357555632781,15520,23f703aa3bc9,2026-08-28T19:53:06Z,200,127,73,,,,,,,,,,,,,,,,,
campaign_e_out,out_n200_rho0.6_anti-correlated_seed2.pcf,dhfma,1,0,181350,134,133,17346250357555632781,15520,23f703aa3bc9,2026-08-28T19:53:06Z,200,127,73,,,,,,,,,,,,,,,,,
campaign_e_out,out_n200_rho0.6_anti-correlated_seed2.pcf,dhfma,2,0,162570,134,133,17346250357555632781,15520,23f703aa3bc9,2026-08-28T19:53:06Z,200,127,73,,,,,,,,,,,,,,,,,
campaign_e_out,out_n200_rho0.6_anti-correlated_seed3.pcf,dhfma,0,0,156825,139,138,4493848685203518059,15520,23f703aa3bc9,2026-08-28T19:53:06Z,200,114,86,,,,,,,,,,,,,,,,,
campaign_e_out,out_n200_rho0.6_anti-correlated_seed3.pcf,dhfma,1,0,127416,139,138,4493848685203518059,15520,23f703aa3bc9,2026-08-28T19:53:06Z,200,114,86,,,,,,,,,,,,,,,,,
campaign_e_out,out_n200_rho0.6_anti-correlated_seed3.pcf,dhfma,2,0,122527,139,138,4493848685203518059,15520,23f703aa3bc9,2026-08-28T19:53:06Z,200,114,86,,,,,,,,,,,,,,,,,
campaign_e_out,out_n200_rho0.6_anti-correlated_seed4.pcf,dhfma,0,0,180230,129,128,15235731986129487009,15520,23f703aa3bc9,2026-08-28T19:53:06Z,200,126,74,,,,,,,,,,,,,,,,,
campaign_e_out,out_n200_rho0.6_anti-correlated_seed4.pcf,dhfma,1,0,151119,129,128,15235731986129487009,15520,23f703aa3bc9,2026-08-28T19:53:06Z,200,126,74,,,,,,,,,,,,,,,,,
campaign_e_out,out_n200_rho0.6_anti-correlated_seed4.pcf,dhfma,2,0,143928,129,128,15235731986129487009,15520,23f703aa3bc9,2026-08-28T19:53:06Z,200,126,74,,,,,,,,,,,,,,,,,
campaign_e_out,out_n200_rho0.6_correlated_seed0.pcf,dhfma,0,0,148182,143,142,1083430636559416213,15520,23f703aa3bc9,2026-08-28T19:53:06Z,200,119,81,,,,,,,,,,,,,,,,,
campaign_e_out,out_n200_rho0.6_correlated_seed0.pcf,dhfma,1,0,121139,143,142,1083430636559416213,15520,23f703aa3bc9,2026-08-28T19:53:06Z,200,119,81,,,,,,,,,,,,,,,,,
campaign_e_out,out_n200_rho0.6_correlated_seed0.pcf,dhfma,2,0,114095,143,142,1083430636559416213,15520,23f703aa3bc9,2026-08-28T19:53:06Z,200,119,81,,,,,,,,,,,,,,,,,
campaign_e_out,out_n200_rho0.6_correlated_seed1.pcf,dhfma,0,0,159822,150,149,12279510716854912192,15520,23f703aa3bc9,2026-08-28T19:53:06Z,200,110,90,,,,,,,,,,,,,,,,,
campaign_e_out,out_n200_rho0.6_correlated_seed1.pcf,dhfma,1,0,124671,150,149,12279510716854912192,15520,23f703aa3bc9,2026-08-28T19:53:06Z,200,110,90,,,,,,,,,,,,,,,,,
campaign_e_out,out_n200_rho0.6_correlated_seed1.pcf,dhfma,2,0,115280,150,149,12279510716854912192,15520,23f703aa3bc9,2026-08-28T19:53:06Z,200,110,90,,,,,,,,,,,,,,,,,
campaign_e_out,out_n200_rho0.6_correlated_seed2.pcf,dhfma,0,0,208940,136,135,11629216242201706898,15520,23f703aa3bc9,2026-08-28T19:53:06Z,200,127,73,,,,,,,,,,,,,,,,,
campaign_e_out,out_n200_rho0.6_correlated_seed2.pcf,dhfma,1,0,182073,136,135,11629216242201706898,15520,23f703aa3bc9,2026-08-28T19:53:06Z,200,127,73,,,,,,,,,,,,,,,,,
campaign_e_out,out_n200_rho0.6_correlated_seed2.pcf,dhfma,2,0,166810,136,135,11629216242201706898,15520,23f703aa3bc9,2026-08-28T19:53:06Z,200,127,73,,,,,,,,,,,,,,,,,
campaign_e_out,out_n200_rho0.6_correlated_seed3.pcf,dhfma,0,0,137254,144,143,9816259217298236536,15520,23f703aa3bc9,2026-08-28T19:53:06Z,200,114,86,,,,,,,,,,,,,,,,,
campaign_e_out,out_n200_rho0.6_correlated_seed3.pcf,dhfma,1,0,109175,144,143,9816259217298236536,15520,23f703aa3bc9,2026-08-28T19:53:06Z,200,114,86,,,,,,,,,,,,,,,,,
campaign_e_out,out_n200_rho0.6_correlated_seed3.pcf,dhfma,2,0,107480,144,143,9816259217298236536,15520,23f703aa3bc9,2026-08-28T19:53:06Z,200,114,86,,,,,,,,,,,,,,,,,
campaign_e_out,out_n200_rho0.6_correlated_seed4.pcf,dhfma,0,0,192743,141,140,492425483144444802,15520,23f703aa3bc9,2026-08-28T19:53:06Z,200,126,74,,,,,,,,,,,,,,,,,
campaign_e_out,out_n200_rho0.6_correlated_seed4.pcf,dhfma,1,0,163273,141,140,492425483144444802,15520,23f703aa3bc9,2026-08-28T19:53:06Z,200,126,74,,,,,,,,,,,,,,,,,
campaign_e_out,out_n200_rho0.6_correlated_seed4.pcf,dhfma,2,0,155203,141,140,492425483144444802,15520,23f703aa3bc9,2026-08-28T19:53:06Z,200,126,74,,,,,,,,,,,,,,,,,
campaign_e_out,out_n200_rho0.6_exact-ties_seed0.pcf,dhfma,0,0,137792,46,45,12561725263700113850,15520,23f703aa3bc9,2026-08-28T19:53:06Z,200,118,82,,,,,,,,,,,,,,,,,
campaign_e_out,out_n200_rho0.6_exact-ties_seed0.pcf,dhfma,1,0,115185,46,45,12561725263700113850,15520,23f703aa3bc9,2026-08-28T19:53:06Z,200,118,82,,,,,,,,,,,,,,,,,
campaign_e_out,out_n200_rho0.6_exact-ties_seed0.pcf,dhfma,2,0,107581,46,45,12561725263700113850,15520,23f703aa3bc9,2026-08-28T19:53:06Z,200,118,82,,,,,,,,,,,,,,,,,
campaign_e_out,out_n200_rho0.6_exact-ties_seed1.pcf,dhfma,0,0,123814,41,40,12092896725881355391,15520,23f703aa3bc9,2026-08-28T19:53:06Z,200,113,87,,,,,,,,,,,,,,,,,
campaign_e_out,out_n200_rho0.6_exact-ties_seed1.pcf,dhfma,1,0,100652,41,40,12092896725881355391,15520,23f703aa3bc9,2026-08-28T19:53:06Z,200,113,87,,,,,,,,,,,,,,,,,
campaign_e_out,out_n200_rho0.6_exact-ties_seed1.pcf,dhfma,2,0,90538,41,40,12092896725881355391,15520,23f703aa3bc9,2026-08-28T19:53:06Z,200,113,87,,,,,,,,,,,,,,,,,
campaign_e_out,out_n200_rho0.6_exact-ties_seed2.pcf,dhfma,0,0,156863,33,32,1263888492770215603,15520,23f703aa3bc9,2026-08-28T19:53:06Z,200,122,78,,,,,,,,,,,,,,,,,
campaign_e_out,out_n200_rho0.6_exact-ties_seed2.pcf,dhfma,1,0,133414,33,32,1263888492770215603,15520,23f703aa3bc9,2026-08-28T19:53:06Z,200,122,78,,,,,,,,,,,,,,,,,
campaign_e_out,out_n200_rho0.6_exact-ties_seed2.pcf,dhfma,2,0,130656,33,32,1263888492770215603,15520,23f703aa3bc9,2026-08-28T19:53:06Z,200,122,78,,,,,,,,,,,,,,,,,
campaign_e_out,out_n200_rho0.6_exact-ties_seed3.pcf,dhfma,0,0,123386,43,42,7892219916851147553,15520,23f703aa3bc9,2026-08-28T19:53:06Z,200,105,95,,,,,,,,,,,,,,,,,
campaign_e_out,out_n200_rho0.6_exact-ties_seed3.pcf,dhfma,1,0,102420,43,42,7892219916851147553,15520,23f703aa3bc9,2026-08-28T19:53:06Z,200,105,95,,,,,,,,,,,,,,,,,
campaign_e_out,out_n200_rho0.6_exact-ties_seed3.pcf,dhfma,2,0,91657,43,42,7892219916851147553,15520,23f703aa3bc9,2026-08-28T19:53:06Z,200,105,95,,,,,,,,,,,,,,,,,
campaign_e_out,out_n200_rho0.6_exact-ties_seed4.pcf,dhfma,0,0,184299,38,37,14456458422566523061,15520,23f703aa3bc9,2026-08-28T19:53:06Z,200,125,75,,,,,,,,,,,,,,,,,
campaign_e_out,out_n200_rho0.6_exact-ties_seed4.pcf,dhfma,1,0,156129,38,37,14456458422566523061,15520,23f703aa3bc9,2026-08-28T19:53:06Z,200,125,75,,,,,,,,,,,,,,,,,
campaign_e_out,out_n200_rho0.6_exact-ties_seed4.pcf,dhfma,2,0,141835,38,37,14456458422566523061,15520,23f703aa3bc9,2026-08-28T19:53:06Z,200,125,75,,,,,,,,,,,,,,,,,
campaign_e_out,out_n200_rho0.6_independent-positive_seed0.pcf,dhfma,0,0,195669,135,134,17950755059942705156,15680,23f703aa3bc9,2026-08-28T19:53:06Z,200,128,72,,,,,,,,,,,,,,,,,
campaign_e_out,out_n200_rho0.6_independent-positive_seed0.pcf,dhfma,1,0,168389,135,134,17950755059942705156,15680,23f703aa3bc9,2026-08-28T19:53:06Z,200,128,72,,,,,,,,,,,,,,,,,
campaign_e_out,out_n200_rho0.6_independent-positive_seed0.pcf,dhfma,2,0,154977,135,134,17950755059942705156,15680,23f703aa3bc9,2026-08-28T19:53:06Z,200,128,72,,,,,,,,,,,,,,,,,
campaign_e_out,out_n200_rho0.6_independent-positive_seed1.pcf,dhfma,0,0,154492,143,142,3907026894200240087,15680,23f703aa3bc9,2026-08-28T19:53:06Z,200,109,91,,,,,,,,,,,,,,,,,
campaign_e_out,out_n200_rho0.6_independent-positive_seed1.pcf,dhfma,1,0,130475,143,142,3907026894200240087,15680,23f703aa3bc9,2026-08-28T19:53:06Z,200,109,91,,,,,,,,,,,,,,,,,
campaign_e_out,out_n200_rho0.6_independent-positive_seed1.pcf,dhfma,2,0,118942,143,142,3907026894200240087,15680,23f703aa3bc9,2026-08-28T19:53:06Z,200,109,91,,,,,,,,,,,,,,,,,
campaign_e_out,out_n200_rho0.6_independent-positive_seed2.pcf,dhfma,0,0,190602,129,128,7545200466555749403,15680,23f703aa3bc9,2026-08-28T19:53:06Z,200,128,72,,,,,,,,,,,,,,,,,
campaign_e_out,out_n200_rho0.6_independent-positive_seed2.pcf,dhfma,1,0,165868,129,128,7545200466555749403,15680,23f703aa3bc9,2026-08-28T19:53:06Z,200,128,72,,,,,,,,,,,,,,,,,
campaign_e_out,out_n200_rho0.6_independent-positive_seed2.pcf,dhfma,2,0,153962,129,128,7545200466555749403,15680,23f703aa3bc9,2026-08-28T19:53:06Z,200,128,72,,,,,,,,,,,,,,,,,
campaign_e_out,out_n200_rho0.6_independent-positive_seed3.pcf,dhfma,0,0,148762,143,142,6363655209512720764,15680,23f703aa3bc9,2026-08-28T19:53:06Z,200,113,87,,,,,,,,,,,,,,,,,
campaign_e_out,out_n200_rho0.6_independent-positive_seed3.pcf,dhfma,1,0,120680,143,142,6363655209512720764,15680,23f703aa3bc9,2026-08-28T19:53:06Z,200,113,87,,,,,,,,,,,,,,,,,
campaign_e_out,out_n200_rho0.6_independent-positive_seed3.pcf,dhfma,2,0,113496,143,142,6363655209512720764,15680,23f703aa3bc9,2026-08-28T19:53:06Z,200,113,87,,,,,,,,,,,,,,,,,
campaign_e_out,out_n200_rho0.6_independent-positive_seed4.pcf,dhfma,0,0,177490,138,137,16725700278887529237,15680,23f703aa3bc9,2026-08-28T19:53:06Z,200,132,68,,,,,,,,,,,,,,,,,
campaign_e_out,out_n200_rho0.6_independent-positive_seed4.pcf,dhfma,1,0,150199,138,137,16725700278887529237,15680,23f703aa3bc9,2026-08-28T19:53:06Z,200,132,68,,,,,,,,,,,,,,,,,
campaign_e_out,out_n200_rho0.6_independent-positive_seed4.pcf,dhfma,2,0,139015,138,137,16725700278887529237,15680,23f703aa3bc9,2026-08-28T19:53:06Z,200,132,68,,,,,,,,,,,,,,,,,
campaign_e_out,out_n200_rho0.6_independent-signed_seed0.pcf,dhfma,0,0,183504,134,133,8130233741262638038,15680,23f703aa3bc9,2026-08-28T19:53:06Z,200,128,72,,,,,,,,,,,,,,,,,
campaign_e_out,out_n200_rho0.6_independent-signed_seed0.pcf,dhfma,1,0,145083,134,133,8130233741262638038,15680,23f703aa3bc9,2026-08-28T19:53:06Z,200,128,72,,,,,,,,,,,,,,,,,
campaign_e_out,out_n200_rho0.6_independent-signed_seed0.pcf,dhfma,2,0,136495,134,133,8130233741262638038,15680,23f703aa3bc9,2026-08-28T19:53:06Z,200,128,72,,,,,,,,,,,,,,,,,
campaign_e_out,out_n200_rho0.6_independent-signed_seed1.pcf,dhfma,0,0,154777,147,146,4698201526131993802,15680,23f703aa3bc9,2026-08-28T19:53:06Z,200,109,91,,,,,,,,,,,,,,,,,
campaign_e_out,out_n200_rho0.6_independent-signed_seed1.pcf,dhfma,1,0,234161,147,146,4698201526131993802,15680,23f703aa3bc9,2026-08-28T19:53:06Z,200,109,91,,,,,,,,,,,,,,,,,
campaign_e_out,out_n200_rho0.6_independent-signed_seed1.pcf,dhfma,2,0,120375,147,146,4698201526131993802,15680,23f703aa3bc9,2026-08-28T19:53:06Z,200,109,91,,,,,,,,,,,,,,,,,
campaign_e_out,out_n200_rho0.6_independent-signed_seed2.pcf,dhfma,0,0,180074,141,140,10643327119358070288,15680,23f703aa3bc9,2026-08-28T19:53:06Z,200,128,72,,,,,,,,,,,,,,,,,
campaign_e_out,out_n200_rho0.6_independent-signed_seed2.pcf,dhfma,1,0,141563,141,140,10643327119358070288,15680,23f703aa3bc9,2026-08-28T19:53:06Z,200,128,72,,,,,,,,,,,,,,,,,
campaign_e_out,out_n200_rho0.6_independent-signed_seed2.pcf,dhfma,2,0,136750,141,140,10643327119358070288,15680,23f703aa3bc9,2026-08-28T19:53:06Z,200,128,72,,,,,,,,,,,,,,,,,
campaign_e_out,out_n200_rho0.6_independent-signed_seed3.pcf,dhfma,0,0,146770,150,149,6248320434964199553,15680,23f703aa3bc9,2026-08-28T19:53:06Z,200,113,87,,,,,,,,,,,,,,,,,
campaign_e_out,out_n200_rho0.6_independent-signed_seed3.pcf,dhfma,1,0,126340,150,149,6248320434964199553,15680,23f703aa3bc9,2026-08-28T19:53:06Z,200,113,87,,,,,,,,,,,,,,,,,
campaign_e_out,out_n200_rho0.6_independent-signed_seed3.pcf,dhfma,2,0,115933,150,149,6248320434964199553,15680,23f703aa3bc9,2026-08-28T19:53:06Z,200,113,87,,,,,,,,,,,,,,,,,
campaign_e_out,out_n200_rho0.6_independent-signed_seed4.pcf,dhfma,0,0,165380,134,133,11573686286696535716,15680,23f703aa3bc9,2026-08-28T19:53:06Z,200,133,67,,,,,,,,,,,,,,,,,
campaign_e_out,out_n200_rho0.6_independent-signed_seed4.pcf,dhfma,1,0,138700,134,133,11573686286696535716,15680,23f703aa3bc9,2026-08-28T19:53:06Z,200,133,67,,,,,,,,,,,,,,,,,
campaign_e_out,out_n200_rho0.6_independent-signed_seed4.pcf,dhfma,2,0,130673,134,133,11573686286696535716,15680,23f703aa3bc9,2026-08-28T19:53:06Z,200,133,67,,,,,,,,,,,,,,,,,
campaign_e_out,out_n200_rho0.6_near-ties_seed0.pcf,dhfma,0,0,155669,97,96,8540301931496652199,15680,23f703aa3bc9,2026-08-28T19:53:06Z,200,120,80,,,,,,,,,,,,,,,,,
campaign_e_out,out_n200_rho0.6_near-ties_seed0.pcf,dhfma,1,0,131866,97,96,8540301931496652199,15680,23f703aa3bc9,2026-08-28T19:53:06Z,200,120,80,,,,,,,,,,,,,,,,,
campaign_e_out,out_n200_rho0.6_near-ties_seed0.pcf,dhfma,2,0,121624,97,96,8540301931496652199,15680,23f703aa3bc9,2026-08-28T19:53:06Z,200,120,80,,,,,,,,,,,,,,,,,
campaign_e_out,out_n200_rho0.6_near-ties_seed1.pcf,dhfma,0,0,194871,101,100,15420736729900884913,15680,23f703aa3bc9,2026-08-28T19:53:06Z,200,119,81,,,,,,,,,,,,,,,,,
campaign_e_out,out_n200_rho0.6_near-ties_seed1.pcf,dhfma,1,0,163004,101,100,15420736729900884913,15680,23f703aa3bc9,2026-08-28T19:53:06Z,200,119,81,,,,,,,,,,,,,,,,,
campaign_e_out,out_n200_rho0.6_near-ties_seed1.pcf,dhfma,2,0,148217,101,100,15420736729900884913,15680,23f703aa3bc9,2026-08-28T19:53:06Z,200,119,81,,,,,,,,,,,,,,,,,
campaign_e_out,out_n200_rho0.6_near-ties_seed2.pcf,dhfma,0,0,171402,101,100,6922149350449783407,15680,23f703aa3bc9,2026-08-28T19:53:06Z,200,119,81,,,,,,,,,,,,,,,,,
campaign_e_out,out_n200_rho0.6_near-ties_seed2.pcf,dhfma,1,0,153395,101,100,6922149350449783407,15680,23f703aa3bc9,2026-08-28T19:53:06Z,200,119,81,,,,,,,,,,,,,,,,,
campaign_e_out,out_n200_rho0.6_near-ties_seed2.pcf,dhfma,2,0,135991,101,100,6922149350449783407,15680,23f703aa3bc9,2026-08-28T19:53:06Z,200,119,81,,,,,,,,,,,,,,,,,
campaign_e_out,out_n200_rho0.6_near-ties_seed3.pcf,dhfma,0,0,175553,86,85,11982660164252838521,15680,23f703aa3bc9,2026-08-28T19:53:06Z,200,122,78,,,,,,,,,,,,,,,,,
campaign_e_out,out_n200_rho0.6_near-ties_seed3.pcf,dhfma,1,0,221552,86,85,11982660164252838521,15680,23f703aa3bc9,2026-08-28T19:53:06Z,200,122,78,,,,,,,,,,,,,,,,,
campaign_e_out,out_n200_rho0.6_near-ties_seed3.pcf,dhfma,2,0,141957,86,85,11982660164252838521,15680,23f703aa3bc9,2026-08-28T19:53:06Z,200,122,78,,,,,,,,,,,,,,,,,
campaign_e_out,out_n200_rho0.6_near-ties_seed4.pcf,dhfma,0,0,158552,96,95,17171814452237610527,15680,23f703aa3bc9,2026-08-28T19:53:06Z,200,122,78,,,,,,,,,,,,,,,,,
campaign_e_out,out_n200_rho0.6_near-ties_seed4.pcf,dhfma,1,0,132336,96,95,17171814452237610527,15680,23f703aa3bc9,2026-08-28T19:53:06Z,200,122,78,,,,,,,,,,,,,,,,,
campaign_e_out,out_n200_rho0.6_near-ties_seed4.pcf,dhfma,2,0,131696,96,95,17171814452237610527,15680,23f703aa3bc9,2026-08-28T19:53:06Z,200,122,78,,,,,,,,,,,,,,,,,
campaign_e_out,out_n200_rho1.0_anti-correlated_seed0.pcf,dhfma,0,0,624283,111,110,11568992572386690585,15680,23f703aa3bc9,2026-08-28T19:53:06Z,200,199,1,,,,,,,,,,,,,,,,,
campaign_e_out,out_n200_rho1.0_anti-correlated_seed0.pcf,dhfma,1,0,587304,111,110,11568992572386690585,15680,23f703aa3bc9,2026-08-28T19:53:06Z,200,199,1,,,,,,,,,,,,,,,,,
campaign_e_out,out_n200_rho1.0_anti-correlated_seed0.pcf,dhfma,2,0,564710,111,110,11568992572386690585,15680,23f703aa3bc9,2026-08-28T19:53:06Z,200,199,1,,,,,,,,,,,,,,,,,
campaign_e_out,out_n200_rho1.0_anti-correlated_seed1.pcf,dhfma,0,0,516336,97,96,5165402697307914247,15680,23f703aa3bc9,2026-08-28T19:53:06Z,200,199,1,,,,,,,,,,,,,,,,,
campaign_e_out,out_n200_rho1.0_anti-correlated_seed1.pcf,dhfma,1,0,455016,97,96,5165402697307914247,15680,23f703aa3bc9,2026-08-28T19:53:06Z,200,199,1,,,,,,,,,,,,,,,,,
campaign_e_out,out_n200_rho1.0_anti-correlated_seed1.pcf,dhfma,2,0,478716,97,96,5165402697307914247,15680,23f703aa3bc9,2026-08-28T19:53:06Z,200,199,1,,,,,,,,,,,,,,,,,
campaign_e_out,out_n200_rho1.0_anti-correlated_seed2.pcf,dhfma,0,0,685019,109,108,930005093535191495,15680,23f703aa3bc9,2026-08-28T19:53:06Z,200,199,1,,,,,,,,,,,,,,,,,
campaign_e_out,out_n200_rho1.0_anti-correlated_seed2.pcf,dhfma,1,0,625350,109,108,930005093535191495,15680,23f703aa3bc9,2026-08-28T19:53:06Z,200,199,1,,,,,,,,,,,,,,,,,
campaign_e_out,out_n200_rho1.0_anti-correlated_seed2.pcf,dhfma,2,0,635388,109,108,930005093535191495,15680,23f703aa3bc9,2026-08-28T19:53:06Z,200,199,1,,,,,,,,,,,,,,,,,
campaign_e_out,out_n200_rho1.0_anti-correlated_seed3.pcf,dhfma,0,0,713106,107,106,4446430078780141237,15680,23f703aa3bc9,2026-08-28T19:53:06Z,200,199,1,,,,,,,,,,,,,,,,,
campaign_e_out,out_n200_rho1.0_anti-correlated_seed3.pcf,dhfma,1,0,656119,107,106,4446430078780141237,15680,23f703aa3bc9,2026-08-28T19:53:06Z,200,199,1,,,,,,,,,,,,,,,,,
campaign_e_out,out_n200_rho1.0_anti-correlated_seed3.pcf,dhfma,2,0,653133,107,106,4446430078780141237,15680,23f703aa3bc9,2026-08-28T19:53:06Z,200,199,1,,,,,,,,,,,,,,,,,
campaign_e_out,out_n200_rho1.0_anti-correlated_seed4.pcf,dhfma,0,0,594539,106,105,17746577180753599381,15680,23f703aa3bc9,2026-08-28T19:53:06Z,200,199,1,,,,,,,,,,,,,,,,,
campaign_e_out,out_n200_rho1.0_anti-correlated_seed4.pcf,dhfma,1,0,524975,106,105,17746577180753599381,15680,23f703aa3bc9,2026-08-28T19:53:06Z,200,199,1,,,,,,,,,,,,,,,,,
campaign_e_out,out_n200_rho1.0_anti-correlated_seed4.pcf,dhfma,2,0,529253,106,105,17746577180753599381,15680,23f703aa3bc9,2026-08-28T19:53:06Z,200,199,1,,,,,,,,,,,,,,,,,
campaign_e_out,out_n200_rho1.0_correlated_seed0.pcf,dhfma,0,0,498032,97,96,7617633755060559992,15840,23f703aa3bc9,2026-08-28T19:53:06Z,200,199,1,,,,,,,,,,,,,,,,,
campaign_e_out,out_n200_rho1.0_correlated_seed0.pcf,dhfma,1,0,440281,97,96,7617633755060559992,15840,23f703aa3bc9,2026-08-28T19:53:06Z,200,199,1,,,,,,,,,,,,,,,,,
campaign_e_out,out_n200_rho1.0_correlated_seed0.pcf,dhfma,2,0,430310,97,96,7617633755060559992,15840,23f703aa3bc9,2026-08-28T19:53:06Z,200,199,1,,,,,,,,,,,,,,,,,
campaign_e_out,out_n200_rho1.0_correlated_seed1.pcf,dhfma,0,0,412107,97,96,12901559811669752751,15840,23f703aa3bc9,2026-08-28T19:53:06Z,200,199,1,,,,,,,,,,,,,,,,,
campaign_e_out,out_n200_rho1.0_correlated_seed1.pcf,dhfma,1,0,384360,97,96,12901559811669752751,15840,23f703aa3bc9,2026-08-28T19:53:06Z,200,199,1,,,,,,,,,,,,,,,,,
campaign_e_out,out_n200_rho1.0_correlated_seed1.pcf,dhfma,2,0,362633,97,96,12901559811669752751,15840,23f703aa3bc9,2026-08-28T19:53:06Z,200,199,1,,,,,,,,,,,,,,,,,
campaign_e_out,out_n200_rho1.0_correlated_seed2.pcf,dhfma,0,0,403087,114,113,11326021574023233915,15840,23f703aa3bc9,2026-08-28T19:53:06Z,200,199,1,,,,,,,,,,,,,,,,,
campaign_e_out,out_n200_rho1.0_correlated_seed2.pcf,dhfma,1,0,365341,114,113,11326021574023233915,15840,23f703aa3bc9,2026-08-28T19:53:06Z,200,199,1,,,,,,,,,,,,,,,,,
campaign_e_out,out_n200_rho1.0_correlated_seed2.pcf,dhfma,2,0,345193,114,113,11326021574023233915,15840,23f703aa3bc9,2026-08-28T19:53:06Z,200,199,1,,,,,,,,,,,,,,,,,
campaign_e_out,out_n200_rho1.0_correlated_seed3.pcf,dhfma,0,0,494972,102,101,15507435365491489962,15840,23f703aa3bc9,2026-08-28T19:53:06Z,200,199,1,,,,,,,,,,,,,,,,,
campaign_e_out,out_n200_rho1.0_correlated_seed3.pcf,dhfma,1,0,455449,102,101,15507435365491489962,15840,23f703aa3bc9,2026-08-28T19:53:06Z,200,199,1,,,,,,,,,,,,,,,,,
campaign_e_out,out_n200_rho1.0_correlated_seed3.pcf,dhfma,2,0,436690,102,101,15507435365491489962,15840,23f703aa3bc9,2026-08-28T19:53:06Z,200,199,1,,,,,,,,,,,,,,,,,
campaign_e_out,out_n200_rho1.0_correlated_seed4.pcf,dhfma,0,0,595644,90,89,16783695577057462242,15840,23f703aa3bc9,2026-08-28T19:53:06Z,200,199,1,,,,,,,,,,,,,,,,,
campaign_e_out,out_n200_rho1.0_correlated_seed4.pcf,dhfma,1,0,549491,90,89,16783695577057462242,15840,23f703aa3bc9,2026-08-28T19:53:06Z,200,199,1,,,,,,,,,,,,,,,,,
campaign_e_out,out_n200_rho1.0_correlated_seed4.pcf,dhfma,2,0,543232,90,89,16783695577057462242,15840,23f703aa3bc9,2026-08-28T19:53:06Z,200,199,1,,,,,,,,,,,,,,,,,
campaign_e_out,out_n200_rho1.0_exact-ties_seed0.pcf,dhfma,0,0,454607,47,46,5040686006828712227,15840,23f703aa3bc9,2026-08-28T19:53:06Z,200,199,1,,,,,,,,,,,,,,,,,
campaign_e_out,out_n200_rho1.0_exact-ties_seed0.pcf,dhfma,1,0,409057,47,46,5040686006828712227,15840,23f703aa3bc9,2026-08-28T19:53:06Z,200,199,1,,,,,,,,,,,,,,,,,
campaign_e_out,out_n200_rho1.0_exact-ties_seed0.pcf,dhfma,2,0,421069,47,46,5040686006828712227,15840,23f703aa3bc9,2026-08-28T19:53:06Z,200,199,1,,,,,,,,,,,,,,,,,
campaign_e_out,out_n200_rho1.0_exact-ties_seed1.pcf,dhfma,0,0,780475,39,38,11581344837446157126,15840,23f703aa3bc9,2026-08-28T19:53:06Z,200,199,1,,,,,,,,,,,,,,,,,
campaign_e_out,out_n200_rho1.0_exact-ties_seed1.pcf,dhfma,1,0,729619,39,38,11581344837446157126,15840,23f703aa3bc9,2026-08-28T19:53:06Z,200,199,1,,,,,,,,,,,,,,,,,
campaign_e_out,out_n200_rho1.0_exact-ties_seed1.pcf,dhfma,2,0,707382,39,38,11581344837446157126,15840,23f703aa3bc9,2026-08-28T19:53:06Z,200,199,1,,,,,,,,,,,,,,,,,
campaign_e_out,out_n200_rho1.0_exact-ties_seed2.pcf,dhfma,0,0,747990,38,37,11624413090621534531,15840,23f703aa3bc9,2026-08-28T19:53:06Z,200,199,1,,,,,,,,,,,,,,,,,
campaign_e_out,out_n200_rho1.0_exact-ties_seed2.pcf,dhfma,1,0,717331,38,37,11624413090621534531,15840,23f703aa3bc9,2026-08-28T19:53:06Z,200,199,1,,,,,,,,,,,,,,,,,
campaign_e_out,out_n200_rho1.0_exact-ties_seed2.pcf,dhfma,2,0,751253,38,37,11624413090621534531,15840,23f703aa3bc9,2026-08-28T19:53:06Z,200,199,1,,,,,,,,,,,,,,,,,
campaign_e_out,out_n200_rho1.0_exact-ties_seed3.pcf,dhfma,0,0,633339,41,40,14350784261705929937,15840,23f703aa3bc9,2026-08-28T19:53:06Z,200,199,1,,,,,,,,,,,,,,,,,
campaign_e_out,out_n200_rho1.0_exact-ties_seed3.pcf,dhfma,1,0,604010,41,40,14350784261705929937,15840,23f703aa3bc9,2026-08-28T19:53:06Z,200,199,1,,,,,,,,,,,,,,,,,
campaign_e_out,out_n200_rho1.0_exact-ties_seed3.pcf,dhfma,2,0,565574,41,40,14350784261705929937,15840,23f703aa3bc9,2026-08-28T19:53:06Z,200,199,1,,,,,,,,,,,,,,,,,
campaign_e_out,out_n200_rho1.0_exact-ties_seed4.pcf,dhfma,0,0,567703,37,36,3701929451691630265,15840,23f703aa3bc9,2026-08-28T19:53:06Z,200,199,1,,,,,,,,,,,,,,,,,
campaign_e_out,out_n200_rho1.0_exact-ties_seed4.pcf,dhfma,1,0,516103,37,36,3701929451691630265,15840,23f703aa3bc9,2026-08-28T19:53:06Z,200,199,1,,,,,,,,,,,,,,,,,
campaign_e_out,out_n200_rho1.0_exact-ties_seed4.pcf,dhfma,2,0,537989,37,36,3701929451691630265,15840,23f703aa3bc9,2026-08-28T19:53:06Z,200,199,1,,,,,,,,,,,,,,,,,
campaign_e_out,out_n200_rho1.0_independent-positive_seed0.pcf,dhfma,0,0,488718,114,113,11434974715412449249,15840,23f703aa3bc9,2026-08-28T19:53:06Z,200,199,1,,,,,,,,,,,,,,,,,
campaign_e_out,out_n200_rho1.0_independent-positive_seed0.pcf,dhfma,1,0,458579,114,113,11434974715412449249,15840,23f703aa3bc9,2026-08-28T19:53:06Z,200,199,1,,,,,,,,,,,,,,,,,
campaign_e_out,out_n200_rho1.0_independent-positive_seed0.pcf,dhfma,2,0,429057,114,113,11434974715412449249,15840,23f703aa3bc9,2026-08-28T19:53:06Z,200,199,1,,,,,,,,,,,,,,,,,
campaign_e_out,out_n200_rho1.0_independent-positive_seed1.pcf,dhfma,0,0,440459,103,102,10798704730867611526,15840,23f703aa3bc9,2026-08-28T19:53:06Z,200,199,1,,,,,,,,,,,,,,,,,
campaign_e_out,out_n200_rho1.0_independent-positive_seed1.pcf,dhfma,1,0,404062,103,102,10798704730867611526,15840,23f703aa3bc9,2026-08-28T19:53:06Z,200,199,1,,,,,,,,,,,,,,,,,
campaign_e_out,out_n200_rho1.0_independent-positive_seed1.pcf,dhfma,2,0,397587,103,102,10798704730867611526,15840,23f703aa3bc9,2026-08-28T19:53:06Z,200,199,1,,,,,,,,,,,,,,,,,
campaign_e_out,out_n200_rho1.0_independent-positive_seed2.pcf,dhfma,0,0,522484,114,113,3246586364625233602,15840,23f703aa3bc9,2026-08-28T19:53:06Z,200,199,1,,,,,,,,,,,,,,,,,
campaign_e_out,out_n200_rho1.0_independent-positive_seed2.pcf,dhfma,1,0,474684,114,113,3246586364625233602,15840,23f703aa3bc9,2026-08-28T19:53:06Z,200,199,1,,,,,,,,,,,,,,,,,
campaign_e_out,out_n200_rho1.0_independent-positive_seed2.pcf,dhfma,2,0,467097,114,113,3246586364625233602,15840,23f703aa3bc9,2026-08-28T19:53:06Z,200,199,1,,,,,,,,,,,,,,,,,
campaign_e_out,out_n200_rho1.0_independent-positive_seed3.pcf,dhfma,0,0,699203,102,101,15454739729655019179,15840,23f703aa3bc9,2026-08-28T19:53:06Z,200,199,1,,,,,,,,,,,,,,,,,
campaign_e_out,out_n200_rho1.0_independent-positive_seed3.pcf,dhfma,1,0,723906,102,101,15454739729655019179,15840,23f703aa3bc9,2026-08-28T19:53:06Z,200,199,1,,,,,,,,,,,,,,,,,
campaign_e_out,out_n200_rho1.0_independent-positive_seed3.pcf,dhfma,2,0,605870,102,101,15454739729655019179,15840,23f703aa3bc9,2026-08-28T19:53:06Z,200,199,1,,,,,,,,,,,,,,,,,
campaign_e_out,out_n200_rho1.0_independent-positive_seed4.pcf,dhfma,0,0,453925,94,93,1048510923734210683,15840,23f703aa3bc9,2026-08-28T19:53:06Z,200,199,1,,,,,,,,,,,,,,,,,
campaign_e_out,out_n200_rho1.0_independent-positive_seed4.pcf,dhfma,1,0,430696,94,93,1048510923734210683,15840,23f703aa3bc9,2026-08-28T19:53:06Z,200,199,1,,,,,,,,,,,,,,,,,
campaign_e_out,out_n200_rho1.0_independent-positive_seed4.pcf,dhfma,2,0,397140,94,93,1048510923734210683,15840,23f703aa3bc9,2026-08-28T19:53:06Z,200,199,1,,,,,,,,,,,,,,,,,
campaign_e_out,out_n200_rho1.0_independent-signed_seed0.pcf,dhfma,0,0,631692,109,108,14889796751501963130,15840,23f703aa3bc9,2026-08-28T19:53:06Z,200,199,1,,,,,,,,,,,,,,,,,
campaign_e_out,out_n200_rho1.0_independent-signed_seed0.pcf,dhfma,1,0,588233,109,108,14889796751501963130,15840,23f703aa3bc9,2026-08-28T19:53:06Z,200,199,1,,,,,,,,,,,,,,,,,
campaign_e_out,out_n200_rho1.0_independent-signed_seed0.pcf,dhfma,2,0,563319,109,108,14889796751501963130,15840,23f703aa3bc9,2026-08-28T19:53:06Z,200,199,1,,,,,,,,,,,,,,,,,
campaign_e_out,out_n200_rho1.0_independent-signed_seed1.pcf,dhfma,0,0,475829,96,95,8009108893962351982,15840,23f703aa3bc9,2026-08-28T19:53:06Z,200,199,1,,,,,,,,,,,,,,,,,
campaign_e_out,out_n200_rho1.0_independent-signed_seed1.pcf,dhfma,1,0,448031,96,95,8009108893962351982,15840,23f703aa3bc9,2026-08-28T19:53:06Z,200,199,1,,,,,,,,,,,,,,,,,
campaign_e_out,out_n200_rho1.0_independent-signed_seed1.pcf,dhfma,2,0,422202,96,95,8009108893962351982,15840,23f703aa3bc9,2026-08-28T19:53:06Z,200,199,1,,,,,,,,,,,,,,,,,
campaign_e_out,out_n200_rho1.0_independent-signed_seed2.pcf,dhfma,0,0,582196,101,100,5475387933628256043,15840,23f703aa3bc9,2026-08-28T19:53:06Z,200,199,1,,,,,,,,,,,,,,,,,
campaign_e_out,out_n200_rho1.0_independent-signed_seed2.pcf,dhfma,1,0,540436,101,100,5475387933628256043,15840,23f703aa3bc9,2026-08-28T19:53:06Z,200,199,1,,,,,,,,,,,,,,,,,
campaign_e_out,out_n200_rho1.0_independent-signed_seed2.pcf,dhfma,2,0,516205,101,100,5475387933628256043,15840,23f703aa3bc9,2026-08-28T19:53:06Z,200,199,1,,,,,,,,,,,,,,,,,
campaign_e_out,out_n200_rho1.0_independent-signed_seed3.pcf,dhfma,0,0,554723,103,102,8157061809587267922,15840,23f703aa3bc9,2026-08-28T19:53:06Z,200,199,1,,,,,,,,,,,,,,,,,
campaign_e_out,out_n200_rho1.0_independent-signed_seed3.pcf,dhfma,1,0,514929,103,102,8157061809587267922,15840,23f703aa3bc9,2026-08-28T19:53:06Z,200,199,1,,,,,,,,,,,,,,,,,
campaign_e_out,out_n200_rho1.0_independent-signed_seed3.pcf,dhfma,2,0,492725,103,102,8157061809587267922,15840,23f703aa3bc9,2026-08-28T19:53:06Z,200,199,1,,,,,,,,,,,,,,,,,
campaign_e_out,out_n200_rho1.0_independent-signed_seed4.pcf,dhfma,0,0,565637,94,93,11292157575543110617,16000,23f703aa3bc9,2026-08-28T19:53:06Z,200,199,1,,,,,,,,,,,,,,,,,
campaign_e_out,out_n200_rho1.0_independent-signed_seed4.pcf,dhfma,1,0,496314,94,93,11292157575543110617,16000,23f703aa3bc9,2026-08-28T19:53:06Z,200,199,1,,,,,,,,,,,,,,,,,
campaign_e_out,out_n200_rho1.0_independent-signed_seed4.pcf,dhfma,2,0,524200,94,93,11292157575543110617,16000,23f703aa3bc9,2026-08-28T19:53:06Z,200,199,1,,,,,,,,,,,,,,,,,
campaign_e_out,out_n200_rho1.0_near-ties_seed0.pcf,dhfma,0,0,509663,70,69,17449502236337965052,16000,23f703aa3bc9,2026-08-28T19:53:06Z,200,199,1,,,,,,,,,,,,,,,,,
campaign_e_out,out_n200_rho1.0_near-ties_seed0.pcf,dhfma,1,0,480394,70,69,17449502236337965052,16000,23f703aa3bc9,2026-08-28T19:53:06Z,200,199,1,,,,,,,,,,,,,,,,,
campaign_e_out,out_n200_rho1.0_near-ties_seed0.pcf,dhfma,2,0,468997,70,69,17449502236337965052,16000,23f703aa3bc9,2026-08-28T19:53:06Z,200,199,1,,,,,,,,,,,,,,,,,
campaign_e_out,out_n200_rho1.0_near-ties_seed1.pcf,dhfma,0,0,436801,76,75,18218157957421435218,16000,23f703aa3bc9,2026-08-28T19:53:06Z,200,199,1,,,,,,,,,,,,,,,,,
campaign_e_out,out_n200_rho1.0_near-ties_seed1.pcf,dhfma,1,0,391390,76,75,18218157957421435218,16000,23f703aa3bc9,2026-08-28T19:53:06Z,200,199,1,,,,,,,,,,,,,,,,,
campaign_e_out,out_n200_rho1.0_near-ties_seed1.pcf,dhfma,2,0,379203,76,75,18218157957421435218,16000,23f703aa3bc9,2026-08-28T19:53:06Z,200,199,1,,,,,,,,,,,,,,,,,
campaign_e_out,out_n200_rho1.0_near-ties_seed2.pcf,dhfma,0,0,576626,67,66,6707907912294170512,16000,23f703aa3bc9,2026-08-28T19:53:06Z,200,199,1,,,,,,,,,,,,,,,,,
campaign_e_out,out_n200_rho1.0_near-ties_seed2.pcf,dhfma,1,0,522464,67,66,6707907912294170512,16000,23f703aa3bc9,2026-08-28T19:53:06Z,200,199,1,,,,,,,,,,,,,,,,,
campaign_e_out,out_n200_rho1.0_near-ties_seed2.pcf,dhfma,2,0,507227,67,66,6707907912294170512,16000,23f703aa3bc9,2026-08-28T19:53:06Z,200,199,1,,,,,,,,,,,,,,,,,
campaign_e_out,out_n200_rho1.0_near-ties_seed3.pcf,dhfma,0,0,505322,77,76,10188773749124502822,16000,23f703aa3bc9,2026-08-28T19:53:06Z,200,199,1,,,,,,,,,,,,,,,,,
campaign_e_out,out_n200_rho1.0_near-ties_seed3.pcf,dhfma,1,0,446219,77,76,10188773749124502822,16000,23f703aa3bc9,2026-08-28T19:53:06Z,200,199,1,,,,,,,,,,,,,,,,,
campaign_e_out,out_n200_rho1.0_near-ties_seed3.pcf,dhfma,2,0,466114,77,76,10188773749124502822,16000,23f703aa3bc9,2026-08-28T19:53:06Z,200,199,1,,,,,,,,,,,,,,,,,
campaign_e_out,out_n200_rho1.0_near-ties_seed4.pcf,dhfma,0,0,407892,81,80,12472309844285608857,16000,23f703aa3bc9,2026-08-28T19:53:06Z,200,199,1,,,,,,,,,,,,,,,,,
campaign_e_out,out_n200_rho1.0_near-ties_seed4.pcf,dhfma,1,0,366802,81,80,12472309844285608857,16000,23f703aa3bc9,2026-08-28T19:53:06Z,200,199,1,,,,,,,,,,,,,,,,,
campaign_e_out,out_n200_rho1.0_near-ties_seed4.pcf,dhfma,2,0,358943,81,80,12472309844285608857,16000,23f703aa3bc9,2026-08-28T19:53:06Z,200,199,1,,,,,,,,,,,,,,,,,
campaign_e_out,out_n30000_rho0.6_anti-correlated_seed0.pcf,dhfma,0,0,33862178,19466,19465,4507336840905978590,16000,23f703aa3bc9,2026-08-28T19:53:06Z,30000,17942,12058,,,,,,,,,,,,,,,,,
campaign_e_out,out_n30000_rho0.6_anti-correlated_seed0.pcf,dhfma,1,0,31847111,19466,19465,4507336840905978590,16000,23f703aa3bc9,2026-08-28T19:53:06Z,30000,17942,12058,,,,,,,,,,,,,,,,,
campaign_e_out,out_n30000_rho0.6_anti-correlated_seed0.pcf,dhfma,2,0,32225633,19466,19465,4507336840905978590,16000,23f703aa3bc9,2026-08-28T19:53:06Z,30000,17942,12058,,,,,,,,,,,,,,,,,
campaign_e_out,out_n30000_rho0.6_anti-correlated_seed1.pcf,dhfma,0,0,31431534,19427,19426,9793621852023562220,16000,23f703aa3bc9,2026-08-28T19:53:06Z,30000,17918,12082,,,,,,,,,,,,,,,,,
campaign_e_out,out_n30000_rho0.6_anti-correlated_seed1.pcf,dhfma,1,0,30089695,19427,19426,9793621852023562220,16000,23f703aa3bc9,2026-08-28T19:53:06Z,30000,17918,12082,,,,,,,,,,,,,,,,,
campaign_e_out,out_n30000_rho0.6_anti-correlated_seed1.pcf,dhfma,2,0,30004046,19427,19426,9793621852023562220,16000,23f703aa3bc9,2026-08-28T19:53:06Z,30000,17918,12082,,,,,,,,,,,,,,,,,
campaign_e_out,out_n30000_rho0.6_anti-correlated_seed2.pcf,dhfma,0,0,35810176,19344,19343,12342851042476313660,16000,23f703aa3bc9,2026-08-28T19:53:06Z,30000,17947,12053,,,,,,,,,,,,,,,,,
campaign_e_out,out_n30000_rho0.6_anti-correlated_seed2.pcf,dhfma,1,0,34040940,19344,19343,12342851042476313660,16000,23f703aa3bc9,2026-08-28T19:53:06Z,30000,17947,12053,,,,,,,,,,,,,,,,,
campaign_e_out,out_n30000_rho0.6_anti-correlated_seed2.pcf,dhfma,2,0,34421985,19344,19343,12342851042476313660,16000,23f703aa3bc9,2026-08-28T19:53:06Z,30000,17947,12053,,,,,,,,,,,,,,,,,
campaign_e_out,out_n30000_rho0.6_anti-correlated_seed3.pcf,dhfma,0,0,36300141,19295,19294,9616177637767165196,16000,23f703aa3bc9,2026-08-28T19:53:06Z,30000,18063,11937,,,,,,,,,,,,,,,,,
campaign_e_out,out_n30000_rho0.6_anti-correlated_seed3.pcf,dhfma,1,0,34689172,19295,19294,9616177637767165196,16000,23f703aa3bc9,2026-08-28T19:53:06Z,30000,18063,11937,,,,,,,,,,,,,,,,,
campaign_e_out,out_n30000_rho0.6_anti-correlated_seed3.pcf,dhfma,2,0,35254894,19295,19294,9616177637767165196,16000,23f703aa3bc9,2026-08-28T19:53:06Z,30000,18063,11937,,,,,,,,,,,,,,,,,
campaign_e_out,out_n30000_rho0.6_anti-correlated_seed4.pcf,dhfma,0,0,34124164,19417,19416,392884521258846490,16000,23f703aa3bc9,2026-08-28T19:53:06Z,30000,17964,12036,,,,,,,,,,,,,,,,,
campaign_e_out,out_n30000_rho0.6_anti-correlated_seed4.pcf,dhfma,1,0,32497036,19417,19416,392884521258846490,16000,23f703aa3bc9,2026-08-28T19:53:06Z,30000,17964,12036,,,,,,,,,,,,,,,,,
campaign_e_out,out_n30000_rho0.6_anti-correlated_seed4.pcf,dhfma,2,0,32698585,19417,19416,392884521258846490,16000,23f703aa3bc9,2026-08-28T19:53:06Z,30000,17964,12036,,,,,,,,,,,,,,,,,
campaign_e_out,out_n30000_rho0.6_correlated_seed0.pcf,dhfma,0,0,33643429,16657,16656,9025944868827730650,16000,23f703aa3bc9,2026-08-28T19:53:06Z,30000,17942,12058,,,,,,,,,,,,,,,,,
campaign_e_out,out_n30000_rho0.6_correlated_seed0.pcf,dhfma,1,0,31663878,16657,16656,9025944868827730650,16000,23f703aa3bc9,2026-08-28T19:53:06Z,30000,17942,12058,,,,,,,,,,,,,,,,,
campaign_e_out,out_n30000_rho0.6_correlated_seed0.pcf,dhfma,2,0,32272184,16657,16656,9025944868827730650,16000,23f703aa3bc9,2026-08-28T19:53:06Z,30000,17942,12058,,,,,,,,,,,,,,,,,
campaign_e_out,out_n30000_rho0.6_correlated_seed1.pcf,dhfma,0,0,32116718,16588,16587,12850163221320520813,16000,23f703aa3bc9,2026-08-28T19:53:06Z,30000,17918,12082,,,,,,,,,,,,,,,,,
campaign_e_out,out_n30000_rho0.6_correlated_seed1.pcf,dhfma,1,0,30509595,16588,16587,12850163221320520813,16000,23f703aa3bc9,2026-08-28T19:53:07Z,30000,17918,12082,,,,,,,,,,,,,,,,,
campaign_e_out,out_n30000_rho0.6_correlated_seed1.pcf,dhfma,2,0,30881954,16588,16587,12850163221320520813,16000,23f703aa3bc9,2026-08-28T19:53:07Z,30000,17918,12082,,,,,,,,,,,,,,,,,
campaign_e_out,out_n30000_rho0.6_correlated_seed2.pcf,dhfma,0,0,33776380,16590,16589,14083195433353445466,16000,23f703aa3bc9,2026-08-28T19:53:07Z,30000,17947,12053,,,,,,,,,,,,,,,,,
campaign_e_out,out_n30000_rho0.6_correlated_seed2.pcf,dhfma,1,0,32133481,16590,16589,14083195433353445466,16000,23f703aa3bc9,2026-08-28T19:53:07Z,30000,17947,12053,,,,,,,,,,,,,,,,,
campaign_e_out,out_n30000_rho0.6_correlated_seed2.pcf,dhfma,2,0,32463646,16590,16589,14083195433353445466,16000,23f703aa3bc9,2026-08-28T19:53:07Z,30000,17947,12053,,,,,,,,,,,,,,,,,
campaign_e_out,out_n30000_rho0.6_correlated_seed3.pcf,dhfma,0,0,35770068,16559,16558,11908508959911993392,16000,23f703aa3bc9,2026-08-28T19:53:07Z,30000,18063,11937,,,,,,,,,,,,,,,,,
campaign_e_out,out_n30000_rho0.6_correlated_seed3.pcf,dhfma,1,0,34096370,16559,16558,11908508959911993392,16000,23f703aa3bc9,2026-08-28T19:53:07Z,30000,18063,11937,,,,,,,,,,,,,,,,,
campaign_e_out,out_n30000_rho0.6_correlated_seed3.pcf,dhfma,2,0,33890637,16559,16558,11908508959911993392,16824,23f703aa3bc9,2026-08-28T19:53:07Z,30000,18063,11937,,,,,,,,,,,,,,,,,
campaign_e_out,out_n30000_rho0.6_correlated_seed4.pcf,dhfma,0,0,33395323,16541,16540,10875677949800054951,16000,23f703aa3bc9,2026-08-28T19:53:07Z,30000,17964,12036,,,,,,,,,,,,,,,,,
campaign_e_out,out_n30000_rho0.6_correlated_seed4.pcf,dhfma,1,0,31751342,16541,16540,10875677949800054951,16000,23f703aa3bc9,2026-08-28T19:53:07Z,30000,17964,12036,,,,,,,,,,,,,,,,,
campaign_e_out,out_n30000_rho0.6_correlated_seed4.pcf,dhfma,2,0,32238519,16541,16540,10875677949800054951,16000,23f703aa3bc9,2026-08-28T19:53:07Z,30000,17964,12036,,,,,,,,,,,,,,,,,
campaign_e_out,out_n30000_rho0.6_exact-ties_seed0.pcf,dhfma,0,0,29540142,4746,4745,14877744289499151217,16000,23f703aa3bc9,2026-08-28T19:53:07Z,30000,17873,12127,,,,,,,,,,,,,,,,,
campaign_e_out,out_n30000_rho0.6_exact-ties_seed0.pcf,dhfma,1,0,28934842,4746,4745,14877744289499151217,16000,23f703aa3bc9,2026-08-28T19:53:07Z,30000,17873,12127,,,,,,,,,,,,,,,,,
campaign_e_out,out_n30000_rho0.6_exact-ties_seed0.pcf,dhfma,2,0,28997415,4746,4745,14877744289499151217,16000,23f703aa3bc9,2026-08-28T19:53:07Z,30000,17873,12127,,,,,,,,,,,,,,,,,
campaign_e_out,out_n30000_rho0.6_exact-ties_seed1.pcf,dhfma,0,0,31517146,4914,4913,11741348153059389940,16000,23f703aa3bc9,2026-08-28T19:53:07Z,30000,17857,12143,,,,,,,,,,,,,,,,,
campaign_e_out,out_n30000_rho0.6_exact-ties_seed1.pcf,dhfma,1,0,30988138,4914,4913,11741348153059389940,16000,23f703aa3bc9,2026-08-28T19:53:07Z,30000,17857,12143,,,,,,,,,,,,,,,,,
campaign_e_out,out_n30000_rho0.6_exact-ties_seed1.pcf,dhfma,2,0,31170930,4914,4913,11741348153059389940,16000,23f703aa3bc9,2026-08-28T19:53:07Z,30000,17857,12143,,,,,,,,,,,,,,,,,
campaign_e_out,out_n30000_rho0.6_exact-ties_seed2.pcf,dhfma,0,0,31161119,4850,4849,1157382470430378507,16000,23f703aa3bc9,2026-08-28T19:53:07Z,30000,17960,12040,,,,,,,,,,,,,,,,,
campaign_e_out,out_n30000_rho0.6_exact-ties_seed2.pcf,dhfma,1,0,30349868,4850,4849,1157382470430378507,16000,23f703aa3bc9,2026-08-28T19:53:07Z,30000,17960,12040,,,,,,,,,,,,,,,,,
campaign_e_out,out_n30000_rho0.6_exact-ties_seed2.pcf,dhfma,2,0,30482020,4850,4849,1157382470430378507,16000,23f703aa3bc9,2026-08-28T19:53:07Z,30000,17960,12040,,,,,,,,,,,,,,,,,
campaign_e_out,out_n30000_rho0.6_exact-ties_seed3.pcf,dhfma,0,0,32754935,4777,4776,2538102237089997257,16000,23f703aa3bc9,2026-08-28T19:53:07Z,30000,18003,11997,,,,,,,,,,,,,,,,,
campaign_e_out,out_n30000_rho0.6_exact-ties_seed3.pcf,dhfma,1,0,31135026,4777,4776,2538102237089997257,16000,23f703aa3bc9,2026-08-28T19:53:07Z,30000,18003,11997,,,,,,,,,,,,,,,,,
campaign_e_out,out_n30000_rho0.6_exact-ties_seed3.pcf,dhfma,2,0,31935784,4777,4776,2538102237089997257,16000,23f703aa3bc9,2026-08-28T19:53:07Z,30000,18003,11997,,,,,,,,,,,,,,,,,
campaign_e_out,out_n30000_rho0.6_exact-ties_seed4.pcf,dhfma,0,0,29812111,4722,4721,17586048149128001545,16160,23f703aa3bc9,2026-08-28T19:53:07Z,30000,17835,12165,,,,,,,,,,,,,,,,,
campaign_e_out,out_n30000_rho0.6_exact-ties_seed4.pcf,dhfma,1,0,29146905,4722,4721,17586048149128001545,16160,23f703aa3bc9,2026-08-28T19:53:07Z,30000,17835,12165,,,,,,,,,,,,,,,,,
campaign_e_out,out_n30000_rho0.6_exact-ties_seed4.pcf,dhfma,2,0,29077236,4722,4721,17586048149128001545,16160,23f703aa3bc9,2026-08-28T19:53:07Z,30000,17835,12165,,,,,,,,,,,,,,,,,
campaign_e_out,out_n30000_rho0.6_independent-positive_seed0.pcf,dhfma,0,0,34608609,20325,20324,8037563870148376081,16160,23f703aa3bc9,2026-08-28T19:53:07Z,30000,17908,12092,,,,,,,,,,,,,,,,,
campaign_e_out,out_n30000_rho0.6_independent-positive_seed0.pcf,dhfma,1,0,32815337,20325,20324,8037563870148376081,16160,23f703aa3bc9,2026-08-28T19:53:07Z,30000,17908,12092,,,,,,,,,,,,,,,,,
campaign_e_out,out_n30000_rho0.6_independent-positive_seed0.pcf,dhfma,2,0,33094837,20325,20324,8037563870148376081,16160,23f703aa3bc9,2026-08-28T19:53:07Z,30000,17908,12092,,,,,,,,,,,,,,,,,
campaign_e_out,out_n30000_rho0.6_independent-positive_seed1.pcf,dhfma,0,0,32765923,20315,20314,904329743241522459,16160,23f703aa3bc9,2026-08-28T19:53:08Z,30000,17823,12177,,,,,,,,,,,,,,,,,
campaign_e_out,out_n30000_rho0.6_independent-positive_seed1.pcf,dhfma,1,0,30929286,20315,20314,904329743241522459,16160,23f703aa3bc9,2026-08-28T19:53:08Z,30000,17823,12177,,,,,,,,,,,,,,,,,
campaign_e_out,out_n30000_rho0.6_independent-positive_seed1.pcf,dhfma,2,0,31373245,20315,20314,904329743241522459,16160,23f703aa3bc9,2026-08-28T19:53:08Z,30000,17823,12177,,,,,,,,,,,,,,,,,
campaign_e_out,out_n30000_rho0.6_independent-positive_seed2.pcf,dhfma,0,0,35400854,20258,20257,7016344754271209670,16160,23f703aa3bc9,2026-08-28T19:53:08Z,30000,18002,11998,,,,,,,,,,,,,,,,,
campaign_e_out,out_n30000_rho0.6_independent-positive_seed2.pcf,dhfma,1,0,33828857,20258,20257,7016344754271209670,16160,23f703aa3bc9,2026-08-28T19:53:08Z,30000,18002,11998,,,,,,,,,,,,,,,,,
campaign_e_out,out_n30000_rho0.6_independent-positive_seed2.pcf,dhfma,2,0,32875046,20258,20257,7016344754271209670,16160,23f703aa3bc9,2026-08-28T19:53:08Z,30000,18002,11998,,,,,,,,,,,,,,,,,
campaign_e_out,out_n30000_rho0.6_independent-positive_seed3.pcf,dhfma,0,0,35171738,20076,20075,7229131396227875724,16160,23f703aa3bc9,2026-08-28T19:53:08Z,30000,18084,11916,,,,,,,,,,,,,,,,,
campaign_e_out,out_n30000_rho0.6_independent-positive_seed3.pcf,dhfma,1,0,33667947,20076,20075,7229131396227875724,16160,23f703aa3bc9,2026-08-28T19:53:08Z,30000,18084,11916,,,,,,,,,,,,,,,,,
campaign_e_out,out_n30000_rho0.6_independent-positive_seed3.pcf,dhfma,2,0,32657603,20076,20075,7229131396227875724,16160,23f703aa3bc9,2026-08-28T19:53:08Z,30000,18084,11916,,,,,,,,,,,,,,,,,
campaign_e_out,out_n30000_rho0.6_independent-positive_seed4.pcf,dhfma,0,0,33316021,20323,20322,1494871432814388912,16160,23f703aa3bc9,2026-08-28T19:53:08Z,30000,17879,12121,,,,,,,,,,,,,,,,,
campaign_e_out,out_n30000_rho0.6_independent-positive_seed4.pcf,dhfma,1,0,31775146,20323,20322,1494871432814388912,16160,23f703aa3bc9,2026-08-28T19:53:08Z,30000,17879,12121,,,,,,,,,,,,,,,,,
campaign_e_out,out_n30000_rho0.6_independent-positive_seed4.pcf,dhfma,2,0,32289992,20323,20322,1494871432814388912,16160,23f703aa3bc9,2026-08-28T19:53:08Z,30000,17879,12121,,,,,,,,,,,,,,,,,
campaign_e_out,out_n30000_rho0.6_independent-signed_seed0.pcf,dhfma,0,0,34484288,20614,20613,17601410317079432142,16160,23f703aa3bc9,2026-08-28T19:53:08Z,30000,17911,12089,,,,,,,,,,,,,,,,,
campaign_e_out,out_n30000_rho0.6_independent-signed_seed0.pcf,dhfma,1,0,32692051,20614,20613,17601410317079432142,16160,23f703aa3bc9,2026-08-28T19:53:08Z,30000,17911,12089,,,,,,,,,,,,,,,,,
campaign_e_out,out_n30000_rho0.6_independent-signed_seed0.pcf,dhfma,2,0,32497897,20614,20613,17601410317079432142,17368,23f703aa3bc9,2026-08-28T19:53:08Z,30000,17911,12089,,,,,,,,,,,,,,,,,
campaign_e_out,out_n30000_rho0.6_independent-signed_seed1.pcf,dhfma,0,0,35553800,20661,20660,4083481645551697129,16160,23f703aa3bc9,2026-08-28T19:53:08Z,30000,17829,12171,,,,,,,,,,,,,,,,,
campaign_e_out,out_n30000_rho0.6_independent-signed_seed1.pcf,dhfma,1,0,33838610,20661,20660,4083481645551697129,16160,23f703aa3bc9,2026-08-28T19:53:08Z,30000,17829,12171,,,,,,,,,,,,,,,,,
campaign_e_out,out_n30000_rho0.6_independent-signed_seed1.pcf,dhfma,2,0,34036800,20661,20660,4083481645551697129,16160,23f703aa3bc9,2026-08-28T19:53:08Z,30000,17829,12171,,,,,,,,,,,,,,,,,
campaign_e_out,out_n30000_rho0.6_independent-signed_seed2.pcf,dhfma,0,0,34259041,20533,20532,18190061966792031579,16160,23f703aa3bc9,2026-08-28T19:53:08Z,30000,18006,11994,,,,,,,,,,,,,,,,,
campaign_e_out,out_n30000_rho0.6_independent-signed_seed2.pcf,dhfma,1,0,32454408,20533,20532,18190061966792031579,16160,23f703aa3bc9,2026-08-28T19:53:08Z,30000,18006,11994,,,,,,,,,,,,,,,,,
campaign_e_out,out_n30000_rho0.6_independent-signed_seed2.pcf,dhfma,2,0,33071025,20533,20532,18190061966792031579,16160,23f703aa3bc9,2026-08-28T19:53:08Z,30000,18006,11994,,,,,,,,,,,,,,,,,
campaign_e_out,out_n30000_rho0.6_independent-signed_seed3.pcf,dhfma,0,0,36530250,20425,20424,9809418534678145891,16160,23f703aa3bc9,2026-08-28T19:53:08Z,30000,18085,11915,,,,,,,,,,,,,,,,,
campaign_e_out,out_n30000_rho0.6_independent-signed_seed3.pcf,dhfma,1,0,34464372,20425,20424,9809418534678145891,16160,23f703aa3bc9,2026-08-28T19:53:08Z,30000,18085,11915,,,,,,,,,,,,,,,,,
campaign_e_out,out_n30000_rho0.6_independent-signed_seed3.pcf,dhfma,2,0,33914722,20425,20424,9809418534678145891,17500,23f703aa3bc9,2026-08-28T19:53:08Z,30000,18085,11915,,,,,,,,,,,,,,,,,
campaign_e_out,out_n30000_rho0.6_independent-signed_seed4.pcf,dhfma,0,0,32906663,20587,20586,6203877470130133443,16160,23f703aa3bc9,2026-08-28T19:53:08Z,30000,17878,12122,,,,,,,,,,,,,,,,,
campaign_e_out,out_n30000_rho0.6_independent-signed_seed4.pcf,dhfma,1,0,31248239,20587,20586,6203877470130133443,16160,23f703aa3bc9,2026-08-28T19:53:08Z,30000,17878,12122,,,,,,,,,,,,,,,,,
campaign_e_out,out_n30000_rho0.6_independent-signed_seed4.pcf,dhfma,2,0,31542150,20587,20586,6203877470130133443,16160,23f703aa3bc9,2026-08-28T19:53:08Z,30000,17878,12122,,,,,,,,,,,,,,,,,
campaign_e_out,out_n30000_rho0.6_near-ties_seed0.pcf,dhfma,0,0,33052830,947,946,2655415523261355237,16160,23f703aa3bc9,2026-08-28T19:53:09Z,30000,18087,11913,,,,,,,,,,,,,,,,,
campaign_e_out,out_n30000_rho0.6_near-ties_seed0.pcf,dhfma,1,0,32774549,947,946,2655415523261355237,16160,23f703aa3bc9,2026-08-28T19:53:09Z,30000,18087,11913,,,,,,,,,,,,,,,,,
campaign_e_out,out_n30000_rho0.6_near-ties_seed0.pcf,dhfma,2,0,32779101,947,946,2655415523261355237,16160,23f703aa3bc9,2026-08-28T19:53:09Z,30000,18087,11913,,,,,,,,,,,,,,,,,
campaign_e_out,out_n30000_rho0.6_near-ties_seed1.pcf,dhfma,0,0,30701659,931,930,10850664947943676491,16160,23f703aa3bc9,2026-08-28T19:53:09Z,30000,17920,12080,,,,,,,,,,,,,,,,,
campaign_e_out,out_n30000_rho0.6_near-ties_seed1.pcf,dhfma,1,0,30923904,931,930,10850664947943676491,16160,23f703aa3bc9,2026-08-28T19:53:09Z,30000,17920,12080,,,,,,,,,,,,,,,,,
campaign_e_out,out_n30000_rho0.6_near-ties_seed1.pcf,dhfma,2,0,30447383,931,930,10850664947943676491,16160,23f703aa3bc9,2026-08-28T19:53:09Z,30000,17920,12080,,,,,,,,,,,,,,,,,
campaign_e_out,out_n30000_rho0.6_near-ties_seed2.pcf,dhfma,0,0,31599909,923,922,6696102069265389007,16160,23f703aa3bc9,2026-08-28T19:53:09Z,30000,17928,12072,,,,,,,,,,,,,,,,,
campaign_e_out,out_n30000_rho0.6_near-ties_seed2.pcf,dhfma,1,0,31281997,923,922,6696102069265389007,16160,23f703aa3bc9,2026-08-28T19:53:09Z,30000,17928,12072,,,,,,,,,,,,,,,,,
campaign_e_out,out_n30000_rho0.6_near-ties_seed2.pcf,dhfma,2,0,30978043,923,922,6696102069265389007,16160,23f703aa3bc9,2026-08-28T19:53:09Z,30000,17928,12072,,,,,,,,,,,,,,,,,
campaign_e_out,out_n30000_rho0.6_near-ties_seed3.pcf,dhfma,0,0,31471808,938,937,5803668200855856104,16160,23f703aa3bc9,2026-08-28T19:53:09Z,30000,18024,11976,,,,,,,,,,,,,,,,,
campaign_e_out,out_n30000_rho0.6_near-ties_seed3.pcf,dhfma,1,0,30873685,938,937,5803668200855856104,16160,23f703aa3bc9,2026-08-28T19:53:09Z,30000,18024,11976,,,,,,,,,,,,,,,,,
campaign_e_out,out_n30000_rho0.6_near-ties_seed3.pcf,dhfma,2,0,30280506,938,937,5803668200855856104,16160,23f703aa3bc9,2026-08-28T19:53:09Z,30000,18024,11976,,,,,,,,,,,,,,,,,
campaign_e_out,out_n30000_rho0.6_near-ties_seed4.pcf,dhfma,0,0,31622313,948,947,6225510082560574930,16160,23f703aa3bc9,2026-08-28T19:53:09Z,30000,17963,12037,,,,,,,,,,,,,,,,,
campaign_e_out,out_n30000_rho0.6_near-ties_seed4.pcf,dhfma,1,0,31207428,948,947,6225510082560574930,16160,23f703aa3bc9,2026-08-28T19:53:09Z,30000,17963,12037,,,,,,,,,,,,,,,,,
campaign_e_out,out_n30000_rho0.6_near-ties_seed4.pcf,dhfma,2,0,31123054,948,947,6225510082560574930,16160,23f703aa3bc9,2026-08-28T19:53:09Z,30000,17963,12037,,,,,,,,,,,,,,,,,
campaign_e_out,out_n30000_rho1.0_anti-correlated_seed0.pcf,dhfma,0,0,512998245,14151,14150,4672132161751085099,58288,23f703aa3bc9,2026-08-28T19:53:10Z,30000,29999,1,,,,,,,,,,,,,,,,,
campaign_e_out,out_n30000_rho1.0_anti-correlated_seed0.pcf,dhfma,1,0,510972280,14151,14150,4672132161751085099,94248,23f703aa3bc9,2026-08-28T19:53:10Z,30000,29999,1,,,,,,,,,,,,,,,,,
campaign_e_out,out_n30000_rho1.0_anti-correlated_seed0.pcf,dhfma,2,0,511665130,14151,14150,4672132161751085099,94344,23f703aa3bc9,2026-08-28T19:53:11Z,30000,29999,1,,,,,,,,,,,,,,,,,
campaign_e_out,out_n30000_rho1.0_anti-correlated_seed1.pcf,dhfma,0,0,455267727,14217,14216,13038500759801205396,58444,23f703aa3bc9,2026-08-28T19:53:11Z,30000,29999,1,,,,,,,,,,,,,,,,,
campaign_e_out,out_n30000_rho1.0_anti-correlated_seed1.pcf,dhfma,1,0,452492027,14217,14216,13038500759801205396,90116,23f703aa3bc9,2026-08-28T19:53:11Z,30000,29999,1,,,,,,,,,,,,,,,,,
campaign_e_out,out_n30000_rho1.0_anti-correlated_seed1.pcf,dhfma,2,0,453746407,14217,14216,13038500759801205396,90116,23f703aa3bc9,2026-08-28T19:53:12Z,30000,29999,1,,,,,,,,,,,,,,,,,
campaign_e_out,out_n30000_rho1.0_anti-correlated_seed2.pcf,dhfma,0,0,445909857,14080,14079,6022738613642484788,58444,23f703aa3bc9,2026-08-28T19:53:12Z,30000,29999,1,,,,,,,,,,,,,,,,,
campaign_e_out,out_n30000_rho1.0_anti-correlated_seed2.pcf,dhfma,1,0,445928599,14080,14079,6022738613642484788,89544,23f703aa3bc9,2026-08-28T19:53:13Z,30000,29999,1,,,,,,,,,,,,,,,,,
campaign_e_out,out_n30000_rho1.0_anti-correlated_seed2.pcf,dhfma,2,0,444286089,14080,14079,6022738613642484788,89544,23f703aa3bc9,2026-08-28T19:53:13Z,30000,29999,1,,,,,,,,,,,,,,,,,
campaign_e_out,out_n30000_rho1.0_anti-correlated_seed3.pcf,dhfma,0,0,395145457,14286,14285,1385567303514125889,58164,23f703aa3bc9,2026-08-28T19:53:14Z,30000,29999,1,,,,,,,,,,,,,,,,,
campaign_e_out,out_n30000_rho1.0_anti-correlated_seed3.pcf,dhfma,1,0,395342548,14286,14285,1385567303514125889,85972,23f703aa3bc9,2026-08-28T19:53:14Z,30000,29999,1,,,,,,,,,,,,,,,,,
campaign_e_out,out_n30000_rho1.0_anti-correlated_seed3.pcf,dhfma,2,0,386065666,14286,14285,1385567303514125889,86712,23f703aa3bc9,2026-08-28T19:53:14Z,30000,29999,1,,,,,,,,,,,,,,,,,
campaign_e_out,out_n30000_rho1.0_anti-correlated_seed4.pcf,dhfma,0,0,391445895,14192,14191,2204666947239303905,58484,23f703aa3bc9,2026-08-28T19:53:15Z,30000,29999,1,,,,,,,,,,,,,,,,,
campaign_e_out,out_n30000_rho1.0_anti-correlated_seed4.pcf,dhfma,1,0,389549981,14192,14191,2204666947239303905,86064,23f703aa3bc9,2026-08-28T19:53:15Z,30000,29999,1,,,,,,,,,,,,,,,,,
campaign_e_out,out_n30000_rho1.0_anti-correlated_seed4.pcf,dhfma,2,0,390529930,14192,14191,2204666947239303905,86220,23f703aa3bc9,2026-08-28T19:53:16Z,30000,29999,1,,,,,,,,,,,,,,,,,
campaign_e_out,out_n30000_rho1.0_correlated_seed0.pcf,dhfma,0,0,389845547,12709,12708,8989540692768892042,58288,23f703aa3bc9,2026-08-28T19:53:16Z,30000,29999,1,,,,,,,,,,,,,,,,,
campaign_e_out,out_n30000_rho1.0_correlated_seed0.pcf,dhfma,1,0,387660607,12709,12708,8989540692768892042,85764,23f703aa3bc9,2026-08-28T19:53:16Z,30000,29999,1,,,,,,,,,,,,,,,,,
campaign_e_out,out_n30000_rho1.0_correlated_seed0.pcf,dhfma,2,0,389753652,12709,12708,8989540692768892042,85972,23f703aa3bc9,2026-08-28T19:53:17Z,30000,29999,1,,,,,,,,,,,,,,,,,
campaign_e_out,out_n30000_rho1.0_correlated_seed1.pcf,dhfma,0,0,373794043,12612,12611,11029157192318532756,58440,23f703aa3bc9,2026-08-28T19:53:17Z,30000,29999,1,,,,,,,,,,,,,,,,,
campaign_e_out,out_n30000_rho1.0_correlated_seed1.pcf,dhfma,1,0,371307671,12612,12611,11029157192318532756,85120,23f703aa3bc9,2026-08-28T19:53:18Z,30000,29999,1,,,,,,,,,,,,,,,,,
campaign_e_out,out_n30000_rho1.0_correlated_seed1.pcf,dhfma,2,0,371978994,12612,12611,11029157192318532756,85168,23f703aa3bc9,2026-08-28T19:53:18Z,30000,29999,1,,,,,,,,,,,,,,,,,
campaign_e_out,out_n30000_rho1.0_correlated_seed2.pcf,dhfma,0,0,497450928,12679,12678,1442924243290195,58448,23f703aa3bc9,2026-08-28T19:53:19Z,30000,29999,1,,,,,,,,,,,,,,,,,
campaign_e_out,out_n30000_rho1.0_correlated_seed2.pcf,dhfma,1,0,497292852,12679,12678,1442924243290195,93572,23f703aa3bc9,2026-08-28T19:53:19Z,30000,29999,1,,,,,,,,,,,,,,,,,
campaign_e_out,out_n30000_rho1.0_correlated_seed2.pcf,dhfma,2,0,496573145,12679,12678,1442924243290195,93704,23f703aa3bc9,2026-08-28T19:53:20Z,30000,29999,1,,,,,,,,,,,,,,,,,
campaign_e_out,out_n30000_rho1.0_correlated_seed3.pcf,dhfma,0,0,417705869,12644,12643,1779445702864452483,58192,23f703aa3bc9,2026-08-28T19:53:20Z,30000,29999,1,,,,,,,,,,,,,,,,,
campaign_e_out,out_n30000_rho1.0_correlated_seed3.pcf,dhfma,1,0,413365137,12644,12643,1779445702864452483,87088,23f703aa3bc9,2026-08-28T19:53:20Z,30000,29999,1,,,,,,,,,,,,,,,,,
campaign_e_out,out_n30000_rho1.0_correlated_seed3.pcf,dhfma,2,0,414845738,12644,12643,1779445702864452483,87248,23f703aa3bc9,2026-08-28T19:53:21Z,30000,29999,1,,,,,,,,,,,,,,,,,
campaign_e_out,out_n30000_rho1.0_correlated_seed4.pcf,dhfma,0,0,326564943,12818,12817,15008470103896617035,35540,23f703aa3bc9,2026-08-28T19:53:21Z,30000,29999,1,,,,,,,,,,,,,,,,,
campaign_e_out,out_n30000_rho1.0_correlated_seed4.pcf,dhfma,1,0,323071497,12818,12817,15008470103896617035,57092,23f703aa3bc9,2026-08-28T19:53:21Z,30000,29999,1,,,,,,,,,,,,,,,,,
campaign_e_out,out_n30000_rho1.0_correlated_seed4.pcf,dhfma,2,0,324837008,12818,12817,15008470103896617035,57240,23f703aa3bc9,2026-08-28T19:53:22Z,30000,29999,1,,,,,,,,,,,,,,,,,
campaign_e_out,out_n30000_rho1.0_exact-ties_seed0.pcf,dhfma,0,0,440749099,5275,5274,16514410505335596671,58560,23f703aa3bc9,2026-08-28T19:53:22Z,30000,29999,1,,,,,,,,,,,,,,,,,
campaign_e_out,out_n30000_rho1.0_exact-ties_seed0.pcf,dhfma,1,0,454168422,5275,5274,16514410505335596671,92064,23f703aa3bc9,2026-08-28T19:53:23Z,30000,29999,1,,,,,,,,,,,,,,,,,
campaign_e_out,out_n30000_rho1.0_exact-ties_seed0.pcf,dhfma,2,0,442534602,5275,5274,16514410505335596671,92304,23f703aa3bc9,2026-08-28T19:53:23Z,30000,29999,1,,,,,,,,,,,,,,,,,
campaign_e_out,out_n30000_rho1.0_exact-ties_seed1.pcf,dhfma,0,0,373787014,5297,5296,11280749264507489387,58348,23f703aa3bc9,2026-08-28T19:53:24Z,30000,29999,1,,,,,,,,,,,,,,,,,
campaign_e_out,out_n30000_rho1.0_exact-ties_seed1.pcf,dhfma,1,0,376195552,5297,5296,11280749264507489387,86500,23f703aa3bc9,2026-08-28T19:53:24Z,30000,29999,1,,,,,,,,,,,,,,,,,
campaign_e_out,out_n30000_rho1.0_exact-ties_seed1.pcf,dhfma,2,0,376312721,5297,5296,11280749264507489387,86548,23f703aa3bc9,2026-08-28T19:53:24Z,30000,29999,1,,,,,,,,,,,,,,,,,
campaign_e_out,out_n30000_rho1.0_exact-ties_seed2.pcf,dhfma,0,0,354756040,5245,5244,6461609211048185059,58452,23f703aa3bc9,2026-08-28T19:53:25Z,30000,29999,1,,,,,,,,,,,,,,,,,
campaign_e_out,out_n30000_rho1.0_exact-ties_seed2.pcf,dhfma,1,0,354220975,5245,5244,6461609211048185059,85076,23f703aa3bc9,2026-08-28T19:53:25Z,30000,29999,1,,,,,,,,,,,,,,,,,
campaign_e_out,out_n30000_rho1.0_exact-ties_seed2.pcf,dhfma,2,0,354040002,5245,5244,6461609211048185059,85272,23f703aa3bc9,2026-08-28T19:53:25Z,30000,29999,1,,,,,,,,,,,,,,,,,
campaign_e_out,out_n30000_rho1.0_exact-ties_seed3.pcf,dhfma,0,0,360487143,5215,5214,3902284095742692709,58308,23f703aa3bc9,2026-08-28T19:53:26Z,30000,29999,1,,,,,,,,,,,,,,,,,
campaign_e_out,out_n30000_rho1.0_exact-ties_seed3.pcf,dhfma,1,0,360380944,5215,5214,3902284095742692709,85364,23f703aa3bc9,2026-08-28T19:53:26Z,30000,29999,1,,,,,,,,,,,,,,,,,
campaign_e_out,out_n30000_rho1.0_exact-ties_seed3.pcf,dhfma,2,0,361216850,5215,5214,3902284095742692709,85364,23f703aa3bc9,2026-08-28T19:53:26Z,30000,29999,1,,,,,,,,,,,,,,,,,
campaign_e_out,out_n30000_rho1.0_exact-ties_seed4.pcf,dhfma,0,0,391677801,5199,5198,250040549879877220,58308,23f703aa3bc9,2026-08-28T19:53:27Z,30000,29999,1,,,,,,,,,,,,,,,,,
campaign_e_out,out_n30000_rho1.0_exact-ties_seed4.pcf,dhfma,1,0,389826317,5199,5198,250040549879877220,87732,23f703aa3bc9,2026-08-28T19:53:27Z,30000,29999,1,,,,,,,,,,,,,,,,,
campaign_e_out,out_n30000_rho1.0_exact-ties_seed4.pcf,dhfma,2,0,390946108,5199,5198,250040549879877220,87824,23f703aa3bc9,2026-08-28T19:53:28Z,30000,29999,1,,,,,,,,,,,,,,,,,
campaign_e_out,out_n30000_rho1.0_independent-positive_seed0.pcf,dhfma,0,0,416113711,14561,14560,14263327775389500445,58452,23f703aa3bc9,2026-08-28T19:53:28Z,30000,29999,1,,,,,,,,,,,,,,,,,
campaign_e_out,out_n30000_rho1.0_independent-positive_seed0.pcf,dhfma,1,0,413548082,14561,14560,14263327775389500445,88324,23f703aa3bc9,2026-08-28T19:53:28Z,30000,29999,1,,,,,,,,,,,,,,,,,
campaign_e_out,out_n30000_rho1.0_independent-positive_seed0.pcf,dhfma,2,0,415259731,14561,14560,14263327775389500445,88324,23f703aa3bc9,2026-08-28T19:53:29Z,30000,29999,1,,,,,,,,,,,,,,,,,
campaign_e_out,out_n30000_rho1.0_independent-positive_seed1.pcf,dhfma,0,0,473709988,14736,14735,7123242153259978470,58216,23f703aa3bc9,2026-08-28T19:53:29Z,30000,29999,1,,,,,,,,,,,,,,,,,
campaign_e_out,out_n30000_rho1.0_independent-positive_seed1.pcf,dhfma,1,0,472676642,14736,14735,7123242153259978470,92264,23f703aa3bc9,2026-08-28T19:53:30Z,30000,29999,1,,,,,,,,,,,,,,,,,
campaign_e_out,out_n30000_rho1.0_independent-positive_seed1.pcf,dhfma,2,0,470856119,14736,14735,7123242153259978470,92264,23f703aa3bc9,2026-08-28T19:53:30Z,30000,29999,1,,,,,,,,,,,,,,,,,
campaign_e_out,out_n30000_rho1.0_independent-positive_seed2.pcf,dhfma,0,0,350089087,14741,14740,16949810934303025486,58448,23f703aa3bc9,2026-08-28T19:53:31Z,30000,29999,1,,,,,,,,,,,,,,,,,
campaign_e_out,out_n30000_rho1.0_independent-positive_seed2.pcf,dhfma,1,0,349108678,14741,14740,16949810934303025486,83288,23f703aa3bc9,2026-08-28T19:53:31Z,30000,29999,1,,,,,,,,,,,,,,,,,
campaign_e_out,out_n30000_rho1.0_independent-positive_seed2.pcf,dhfma,2,0,349987335,14741,14740,16949810934303025486,83532,23f703aa3bc9,2026-08-28T19:53:31Z,30000,29999,1,,,,,,,,,,,,,,,,,
campaign_e_out,out_n30000_rho1.0_independent-positive_seed3.pcf,dhfma,0,0,397660904,14682,14681,5418877372708726972,58456,23f703aa3bc9,2026-08-28T19:53:32Z,30000,29999,1,,,,,,,,,,,,,,,,,
campaign_e_out,out_n30000_rho1.0_independent-positive_seed3.pcf,dhfma,1,0,395121906,14682,14681,5418877372708726972,87132,23f703aa3bc9,2026-08-28T19:53:32Z,30000,29999,1,,,,,,,,,,,,,,,,,
campaign_e_out,out_n30000_rho1.0_independent-positive_seed3.pcf,dhfma,2,0,396042446,14682,14681,5418877372708726972,87216,23f703aa3bc9,2026-08-28T19:53:33Z,30000,29999,1,,,,,,,,,,,,,,,,,
campaign_e_out,out_n30000_rho1.0_independent-positive_seed4.pcf,dhfma,0,0,299276157,14781,14780,576431994956460042,33900,23f703aa3bc9,2026-08-28T19:53:33Z,30000,29999,1,,,,,,,,,,,,,,,,,
campaign_e_out,out_n30000_rho1.0_independent-positive_seed4.pcf,dhfma,1,0,297036978,14781,14780,576431994956460042,55236,23f703aa3bc9,2026-08-28T19:53:33Z,30000,29999,1,,,,,,,,,,,,,,,,,
campaign_e_out,out_n30000_rho1.0_independent-positive_seed4.pcf,dhfma,2,0,297122467,14781,14780,576431994956460042,55236,23f703aa3bc9,2026-08-28T19:53:34Z,30000,29999,1,,,,,,,,,,,,,,,,,
campaign_e_out,out_n30000_rho1.0_independent-signed_seed0.pcf,dhfma,0,0,356196325,14934,14933,2679255906894236890,58444,23f703aa3bc9,2026-08-28T19:53:34Z,30000,29999,1,,,,,,,,,,,,,,,,,
campaign_e_out,out_n30000_rho1.0_independent-signed_seed0.pcf,dhfma,1,0,353123275,14934,14933,2679255906894236890,83480,23f703aa3bc9,2026-08-28T19:53:34Z,30000,29999,1,,,,,,,,,,,,,,,,,
campaign_e_out,out_n30000_rho1.0_independent-signed_seed0.pcf,dhfma,2,0,354169665,14934,14933,2679255906894236890,83544,23f703aa3bc9,2026-08-28T19:53:35Z,30000,29999,1,,,,,,,,,,,,,,,,,
campaign_e_out,out_n30000_rho1.0_independent-signed_seed1.pcf,dhfma,0,0,377792323,15038,15037,17347186543440402883,58052,23f703aa3bc9,2026-08-28T19:53:35Z,30000,29999,1,,,,,,,,,,,,,,,,,
campaign_e_out,out_n30000_rho1.0_independent-signed_seed1.pcf,dhfma,1,0,378834246,15038,15037,17347186543440402883,85496,23f703aa3bc9,2026-08-28T19:53:35Z,30000,29999,1,,,,,,,,,,,,,,,,,
campaign_e_out,out_n30000_rho1.0_independent-signed_seed1.pcf,dhfma,2,0,366738279,15038,15037,17347186543440402883,86240,23f703aa3bc9,2026-08-28T19:53:36Z,30000,29999,1,,,,,,,,,,,,,,,,,
campaign_e_out,out_n30000_rho1.0_independent-signed_seed2.pcf,dhfma,0,0,355693846,15119,15118,8686667149998188252,58292,23f703aa3bc9,2026-08-28T19:53:36Z,30000,29999,1,,,,,,,,,,,,,,,,,
campaign_e_out,out_n30000_rho1.0_independent-signed_seed2.pcf,dhfma,1,0,353789006,15119,15118,8686667149998188252,83752,23f703aa3bc9,2026-08-28T19:53:36Z,30000,29999,1,,,,,,,,,,,,,,,,,
campaign_e_out,out_n30000_rho1.0_independent-signed_seed2.pcf,dhfma,2,0,355541637,15119,15118,8686667149998188252,83860,23f703aa3bc9,2026-08-28T19:53:37Z,30000,29999,1,,,,,,,,,,,,,,,,,
campaign_e_out,out_n30000_rho1.0_independent-signed_seed3.pcf,dhfma,0,0,379201978,14937,14936,18116374908828228729,58500,23f703aa3bc9,2026-08-28T19:53:37Z,30000,29999,1,,,,,,,,,,,,,,,,,
campaign_e_out,out_n30000_rho1.0_independent-signed_seed3.pcf,dhfma,1,0,376954512,14937,14936,18116374908828228729,85132,23f703aa3bc9,2026-08-28T19:53:38Z,30000,29999,1,,,,,,,,,,,,,,,,,
campaign_e_out,out_n30000_rho1.0_independent-signed_seed3.pcf,dhfma,2,0,378428029,14937,14936,18116374908828228729,85172,23f703aa3bc9,2026-08-28T19:53:38Z,30000,29999,1,,,,,,,,,,,,,,,,,
campaign_e_out,out_n30000_rho1.0_independent-signed_seed4.pcf,dhfma,0,0,362615430,15076,15075,7923993249084061037,58340,23f703aa3bc9,2026-08-28T19:53:38Z,30000,29999,1,,,,,,,,,,,,,,,,,
campaign_e_out,out_n30000_rho1.0_independent-signed_seed4.pcf,dhfma,1,0,359835813,15076,15075,7923993249084061037,84136,23f703aa3bc9,2026-08-28T19:53:39Z,30000,29999,1,,,,,,,,,,,,,,,,,
campaign_e_out,out_n30000_rho1.0_independent-signed_seed4.pcf,dhfma,2,0,359473929,15076,15075,7923993249084061037,84196,23f703aa3bc9,2026-08-28T19:53:39Z,30000,29999,1,,,,,,,,,,,,,,,,,
campaign_e_out,out_n30000_rho1.0_near-ties_seed0.pcf,dhfma,0,0,395388768,1229,1228,16199815613992739730,58208,23f703aa3bc9,2026-08-28T19:53:39Z,30000,29999,1,,,,,,,,,,,,,,,,,
campaign_e_out,out_n30000_rho1.0_near-ties_seed0.pcf,dhfma,1,0,398879209,1229,1228,16199815613992739730,87724,23f703aa3bc9,2026-08-28T19:53:40Z,30000,29999,1,,,,,,,,,,,,,,,,,
campaign_e_out,out_n30000_rho1.0_near-ties_seed0.pcf,dhfma,2,0,395261828,1229,1228,16199815613992739730,87724,23f703aa3bc9,2026-08-28T19:53:40Z,30000,29999,1,,,,,,,,,,,,,,,,,
campaign_e_out,out_n30000_rho1.0_near-ties_seed1.pcf,dhfma,0,0,348251639,1227,1226,2754500708537263883,58404,23f703aa3bc9,2026-08-28T19:53:41Z,30000,29999,1,,,,,,,,,,,,,,,,,
campaign_e_out,out_n30000_rho1.0_near-ties_seed1.pcf,dhfma,1,0,350328043,1227,1226,2754500708537263883,84124,23f703aa3bc9,2026-08-28T19:53:41Z,30000,29999,1,,,,,,,,,,,,,,,,,
campaign_e_out,out_n30000_rho1.0_near-ties_seed1.pcf,dhfma,2,0,351428369,1227,1226,2754500708537263883,84360,23f703aa3bc9,2026-08-28T19:53:41Z,30000,29999,1,,,,,,,,,,,,,,,,,
campaign_e_out,out_n30000_rho1.0_near-ties_seed2.pcf,dhfma,0,0,444310060,1212,1211,10334826888796154572,58556,23f703aa3bc9,2026-08-28T19:53:42Z,30000,29999,1,,,,,,,,,,,,,,,,,
campaign_e_out,out_n30000_rho1.0_near-ties_seed2.pcf,dhfma,1,0,443403198,1212,1211,10334826888796154572,90628,23f703aa3bc9,2026-08-28T19:53:42Z,30000,29999,1,,,,,,,,,,,,,,,,,
campaign_e_out,out_n30000_rho1.0_near-ties_seed2.pcf,dhfma,2,0,443051582,1212,1211,10334826888796154572,91036,23f703aa3bc9,2026-08-28T19:53:43Z,30000,29999,1,,,,,,,,,,,,,,,,,
campaign_e_out,out_n30000_rho1.0_near-ties_seed3.pcf,dhfma,0,0,336499659,1190,1189,9677514995375936844,58384,23f703aa3bc9,2026-08-28T19:53:43Z,30000,29999,1,,,,,,,,,,,,,,,,,
campaign_e_out,out_n30000_rho1.0_near-ties_seed3.pcf,dhfma,1,0,334498305,1190,1189,9677514995375936844,82988,23f703aa3bc9,2026-08-28T19:53:43Z,30000,29999,1,,,,,,,,,,,,,,,,,
campaign_e_out,out_n30000_rho1.0_near-ties_seed3.pcf,dhfma,2,0,336726382,1190,1189,9677514995375936844,83068,23f703aa3bc9,2026-08-28T19:53:44Z,30000,29999,1,,,,,,,,,,,,,,,,,
campaign_e_out,out_n30000_rho1.0_near-ties_seed4.pcf,dhfma,0,0,380598483,1228,1227,4135833326175300339,58444,23f703aa3bc9,2026-08-28T19:53:44Z,30000,29999,1,,,,,,,,,,,,,,,,,
campaign_e_out,out_n30000_rho1.0_near-ties_seed4.pcf,dhfma,1,0,380014575,1228,1227,4135833326175300339,85648,23f703aa3bc9,2026-08-28T19:53:44Z,30000,29999,1,,,,,,,,,,,,,,,,,
campaign_e_out,out_n30000_rho1.0_near-ties_seed4.pcf,dhfma,2,0,382606720,1228,1227,4135833326175300339,85648,23f703aa3bc9,2026-08-28T19:53:45Z,30000,29999,1,,,,,,,,,,,,,,,,,
campaign_e_out,out_n300_rho0.6_anti-correlated_seed0.pcf,dhfma,0,0,213879,216,215,5881403274377207631,16480,23f703aa3bc9,2026-08-28T19:53:45Z,300,169,131,,,,,,,,,,,,,,,,,
campaign_e_out,out_n300_rho0.6_anti-correlated_seed0.pcf,dhfma,1,0,180108,216,215,5881403274377207631,16480,23f703aa3bc9,2026-08-28T19:53:45Z,300,169,131,,,,,,,,,,,,,,,,,
campaign_e_out,out_n300_rho0.6_anti-correlated_seed0.pcf,dhfma,2,0,179956,216,215,5881403274377207631,16480,23f703aa3bc9,2026-08-28T19:53:45Z,300,169,131,,,,,,,,,,,,,,,,,
campaign_e_out,out_n300_rho0.6_anti-correlated_seed1.pcf,dhfma,0,0,214194,213,212,10038567081635843122,16480,23f703aa3bc9,2026-08-28T19:53:45Z,300,175,125,,,,,,,,,,,,,,,,,
campaign_e_out,out_n300_rho0.6_anti-correlated_seed1.pcf,dhfma,1,0,187037,213,212,10038567081635843122,16480,23f703aa3bc9,2026-08-28T19:53:45Z,300,175,125,,,,,,,,,,,,,,,,,
campaign_e_out,out_n300_rho0.6_anti-correlated_seed1.pcf,dhfma,2,0,174609,213,212,10038567081635843122,16480,23f703aa3bc9,2026-08-28T19:53:45Z,300,175,125,,,,,,,,,,,,,,,,,
campaign_e_out,out_n300_rho0.6_anti-correlated_seed2.pcf,dhfma,0,0,278303,218,217,9878790361426722680,16480,23f703aa3bc9,2026-08-28T19:53:45Z,300,181,119,,,,,,,,,,,,,,,,,
campaign_e_out,out_n300_rho0.6_anti-correlated_seed2.pcf,dhfma,1,0,244347,218,217,9878790361426722680,16480,23f703aa3bc9,2026-08-28T19:53:45Z,300,181,119,,,,,,,,,,,,,,,,,
campaign_e_out,out_n300_rho0.6_anti-correlated_seed2.pcf,dhfma,2,0,246619,218,217,9878790361426722680,16480,23f703aa3bc9,2026-08-28T19:53:45Z,300,181,119,,,,,,,,,,,,,,,,,
campaign_e_out,out_n300_rho0.6_anti-correlated_seed3.pcf,dhfma,0,0,235943,220,219,8207766839114070214,16480,23f703aa3bc9,2026-08-28T19:53:45Z,300,180,120,,,,,,,,,,,,,,,,,
campaign_e_out,out_n300_rho0.6_anti-correlated_seed3.pcf,dhfma,1,0,208693,220,219,8207766839114070214,16480,23f703aa3bc9,2026-08-28T19:53:45Z,300,180,120,,,,,,,,,,,,,,,,,
campaign_e_out,out_n300_rho0.6_anti-correlated_seed3.pcf,dhfma,2,0,198380,220,219,8207766839114070214,16480,23f703aa3bc9,2026-08-28T19:53:45Z,300,180,120,,,,,,,,,,,,,,,,,
campaign_e_out,out_n300_rho0.6_anti-correlated_seed4.pcf,dhfma,0,0,241914,203,202,11931779806516881852,16480,23f703aa3bc9,2026-08-28T19:53:45Z,300,183,117,,,,,,,,,,,,,,,,,
campaign_e_out,out_n300_rho0.6_anti-correlated_seed4.pcf,dhfma,1,0,202575,203,202,11931779806516881852,16480,23f703aa3bc9,2026-08-28T19:53:45Z,300,183,117,,,,,,,,,,,,,,,,,
campaign_e_out,out_n300_rho0.6_anti-correlated_seed4.pcf,dhfma,2,0,194576,203,202,11931779806516881852,16480,23f703aa3bc9,2026-08-28T19:53:45Z,300,183,117,,,,,,,,,,,,,,,,,
campaign_e_out,out_n300_rho0.6_correlated_seed0.pcf,dhfma,0,0,294159,204,203,1607765031521290493,16480,23f703aa3bc9,2026-08-28T19:53:45Z,300,169,131,,,,,,,,,,,,,,,,,
campaign_e_out,out_n300_rho0.6_correlated_seed0.pcf,dhfma,1,0,178456,204,203,1607765031521290493,16480,23f703aa3bc9,2026-08-28T19:53:45Z,300,169,131,,,,,,,,,,,,,,,,,
campaign_e_out,out_n300_rho0.6_correlated_seed0.pcf,dhfma,2,0,174024,204,203,1607765031521290493,16480,23f703aa3bc9,2026-08-28T19:53:45Z,300,169,131,,,,,,,,,,,,,,,,,
campaign_e_out,out_n300_rho0.6_correlated_seed1.pcf,dhfma,0,0,235020,211,210,5296147415904858676,16480,23f703aa3bc9,2026-08-28T19:53:45Z,300,175,125,,,,,,,,,,,,,,,,,
campaign_e_out,out_n300_rho0.6_correlated_seed1.pcf,dhfma,1,0,200671,211,210,5296147415904858676,16480,23f703aa3bc9,2026-08-28T19:53:45Z,300,175,125,,,,,,,,,,,,,,,,,
campaign_e_out,out_n300_rho0.6_correlated_seed1.pcf,dhfma,2,0,191981,211,210,5296147415904858676,16480,23f703aa3bc9,2026-08-28T19:53:45Z,300,175,125,,,,,,,,,,,,,,,,,
campaign_e_out,out_n300_rho0.6_correlated_seed2.pcf,dhfma,0,0,252875,218,217,11439797495849446293,16480,23f703aa3bc9,2026-08-28T19:53:45Z,300,181,119,,,,,,,,,,,,,,,,,
campaign_e_out,out_n300_rho0.6_correlated_seed2.pcf,dhfma,1,0,214902,218,217,11439797495849446293,16480,23f703aa3bc9,2026-08-28T19:53:45Z,300,181,119,,,,,,,,,,,,,,,,,
campaign_e_out,out_n300_rho0.6_correlated_seed2.pcf,dhfma,2,0,206602,218,217,11439797495849446293,16480,23f703aa3bc9,2026-08-28T19:53:45Z,300,181,119,,,,,,,,,,,,,,,,,
campaign_e_out,out_n300_rho0.6_correlated_seed3.pcf,dhfma,0,0,231955,210,209,17311109113583949955,16480,23f703aa3bc9,2026-08-28T19:53:45Z,300,180,120,,,,,,,,,,,,,,,,,
campaign_e_out,out_n300_rho0.6_correlated_seed3.pcf,dhfma,1,0,201555,210,209,17311109113583949955,16480,23f703aa3bc9,2026-08-28T19:53:45Z,300,180,120,,,,,,,,,,,,,,,,,
campaign_e_out,out_n300_rho0.6_correlated_seed3.pcf,dhfma,2,0,191117,210,209,17311109113583949955,16480,23f703aa3bc9,2026-08-28T19:53:45Z,300,180,120,,,,,,,,,,,,,,,,,
campaign_e_out,out_n300_rho0.6_correlated_seed4.pcf,dhfma,0,0,231325,203,202,8773120207596453285,16480,23f703aa3bc9,2026-08-28T19:53:45Z,300,183,117,,,,,,,,,,,,,,,,,
campaign_e_out,out_n300_rho0.6_correlated_seed4.pcf,dhfma,1,0,197874,203,202,8773120207596453285,16480,23f703aa3bc9,2026-08-28T19:53:45Z,300,183,117,,,,,,,,,,,,,,,,,
campaign_e_out,out_n300_rho0.6_correlated_seed4.pcf,dhfma,2,0,195412,203,202,8773120207596453285,16480,23f703aa3bc9,2026-08-28T19:53:45Z,300,183,117,,,,,,,,,,,,,,,,,
campaign_e_out,out_n300_rho0.6_exact-ties_seed0.pcf,dhfma,0,0,177362,55,54,946806028481216333,16480,23f703aa3bc9,2026-08-28T19:53:45Z,300,179,121,,,,,,,,,,,,,,,,,
campaign_e_out,out_n300_rho0.6_exact-ties_seed0.pcf,dhfma,1,0,153986,55,54,946806028481216333,16480,23f703aa3bc9,2026-08-28T19:53:45Z,300,179,121,,,,,,,,,,,,,,,,,
campaign_e_out,out_n300_rho0.6_exact-ties_seed0.pcf,dhfma,2,0,146844,55,54,946806028481216333,16480,23f703aa3bc9,2026-08-28T19:53:45Z,300,179,121,,,,,,,,,,,,,,,,,
campaign_e_out,out_n300_rho0.6_exact-ties_seed1.pcf,dhfma,0,0,198476,56,55,16114498605283012375,16480,23f703aa3bc9,2026-08-28T19:53:45Z,300,165,135,,,,,,,,,,,,,,,,,
campaign_e_out,out_n300_rho0.6_exact-ties_seed1.pcf,dhfma,1,0,169273,56,55,16114498605283012375,16480,23f703aa3bc9,2026-08-28T19:53:45Z,300,165,135,,,,,,,,,,,,,,,,,
campaign_e_out,out_n300_rho0.6_exact-ties_seed1.pcf,dhfma,2,0,163215,56,55,16114498605283012375,16480,23f703aa3bc9,2026-08-28T19:53:45Z,300,165,135,,,,,,,,,,,,,,,,,
campaign_e_out,out_n300_rho0.6_exact-ties_seed2.pcf,dhfma,0,0,268417,70,69,5840414985188106626,16640,23f703aa3bc9,2026-08-28T19:53:45Z,300,190,110,,,,,,,,,,,,,,,,,
campaign_e_out,out_n300_rho0.6_exact-ties_seed2.pcf,dhfma,1,0,235259,70,69,5840414985188106626,16640,23f703aa3bc9,2026-08-28T19:53:45Z,300,190,110,,,,,,,,,,,,,,,,,
campaign_e_out,out_n300_rho0.6_exact-ties_seed2.pcf,dhfma,2,0,227136,70,69,5840414985188106626,16640,23f703aa3bc9,2026-08-28T19:53:45Z,300,190,110,,,,,,,,,,,,,,,,,
campaign_e_out,out_n300_rho0.6_exact-ties_seed3.pcf,dhfma,0,0,215630,62,61,9171547528490611041,16640,23f703aa3bc9,2026-08-28T19:53:45Z,300,183,117,,,,,,,,,,,,,,,,,
campaign_e_out,out_n300_rho0.6_exact-ties_seed3.pcf,dhfma,1,0,188274,62,61,9171547528490611041,16640,23f703aa3bc9,2026-08-28T19:53:45Z,300,183,117,,,,,,,,,,,,,,,,,
campaign_e_out,out_n300_rho0.6_exact-ties_seed3.pcf,dhfma,2,0,180966,62,61,9171547528490611041,16640,23f703aa3bc9,2026-08-28T19:53:45Z,300,183,117,,,,,,,,,,,,,,,,,
campaign_e_out,out_n300_rho0.6_exact-ties_seed4.pcf,dhfma,0,0,243359,59,58,7631996965098376194,16640,23f703aa3bc9,2026-08-28T19:53:45Z,300,186,114,,,,,,,,,,,,,,,,,
campaign_e_out,out_n300_rho0.6_exact-ties_seed4.pcf,dhfma,1,0,214163,59,58,7631996965098376194,16640,23f703aa3bc9,2026-08-28T19:53:45Z,300,186,114,,,,,,,,,,,,,,,,,
campaign_e_out,out_n300_rho0.6_exact-ties_seed4.pcf,dhfma,2,0,209751,59,58,7631996965098376194,16640,23f703aa3bc9,2026-08-28T19:53:45Z,300,186,114,,,,,,,,,,,,,,,,,
campaign_e_out,out_n300_rho0.6_independent-positive_seed0.pcf,dhfma,0,0,225695,203,202,13097953173752651257,16640,23f703aa3bc9,2026-08-28T19:53:45Z,300,175,125,,,,,,,,,,,,,,,,,
campaign_e_out,out_n300_rho0.6_independent-positive_seed0.pcf,dhfma,1,0,194331,203,202,13097953173752651257,16640,23f703aa3bc9,2026-08-28T19:53:45Z,300,175,125,,,,,,,,,,,,,,,,,
campaign_e_out,out_n300_rho0.6_independent-positive_seed0.pcf,dhfma,2,0,266702,203,202,13097953173752651257,16640,23f703aa3bc9,2026-08-28T19:53:45Z,300,175,125,,,,,,,,,,,,,,,,,
campaign_e_out,out_n300_rho0.6_independent-positive_seed1.pcf,dhfma,0,0,227712,224,223,14850092396559089210,16640,23f703aa3bc9,2026-08-28T19:53:45Z,300,180,120,,,,,,,,,,,,,,,,,
campaign_e_out,out_n300_rho0.6_independent-positive_seed1.pcf,dhfma,1,0,198364,224,223,14850092396559089210,16640,23f703aa3bc9,2026-08-28T19:53:45Z,300,180,120,,,,,,,,,,,,,,,,,
campaign_e_out,out_n300_rho0.6_independent-positive_seed1.pcf,dhfma,2,0,194110,224,223,14850092396559089210,16640,23f703aa3bc9,2026-08-28T19:53:45Z,300,180,120,,,,,,,,,,,,,,,,,
campaign_e_out,out_n300_rho0.6_independent-positive_seed2.pcf,dhfma,0,0,249438,196,195,15134380077491698713,16640,23f703aa3bc9,2026-08-28T19:53:45Z,300,185,115,,,,,,,,,,,,,,,,,
campaign_e_out,out_n300_rho0.6_independent-positive_seed2.pcf,dhfma,1,0,218854,196,195,15134380077491698713,16640,23f703aa3bc9,2026-08-28T19:53:45Z,300,185,115,,,,,,,,,,,,,,,,,
campaign_e_out,out_n300_rho0.6_independent-positive_seed2.pcf,dhfma,2,0,207482,196,195,15134380077491698713,16640,23f703aa3bc9,2026-08-28T19:53:45Z,300,185,115,,,,,,,,,,,,,,,,,
campaign_e_out,out_n300_rho0.6_independent-positive_seed3.pcf,dhfma,0,0,232385,226,225,9861769030910156154,16640,23f703aa3bc9,2026-08-28T19:53:45Z,300,184,116,,,,,,,,,,,,,,,,,
campaign_e_out,out_n300_rho0.6_independent-positive_seed3.pcf,dhfma,1,0,300774,226,225,9861769030910156154,16640,23f703aa3bc9,2026-08-28T19:53:45Z,300,184,116,,,,,,,,,,,,,,,,,
campaign_e_out,out_n300_rho0.6_independent-positive_seed3.pcf,dhfma,2,0,202928,226,225,9861769030910156154,16640,23f703aa3bc9,2026-08-28T19:53:45Z,300,184,116,,,,,,,,,,,,,,,,,
campaign_e_out,out_n300_rho0.6_independent-positive_seed4.pcf,dhfma,0,0,234936,207,206,2111454584372461012,16640,23f703aa3bc9,2026-08-28T19:53:45Z,300,181,119,,,,,,,,,,,,,,,,,
campaign_e_out,out_n300_rho0.6_independent-positive_seed4.pcf,dhfma,1,0,183705,207,206,2111454584372461012,16640,23f703aa3bc9,2026-08-28T19:53:45Z,300,181,119,,,,,,,,,,,,,,,,,
campaign_e_out,out_n300_rho0.6_independent-positive_seed4.pcf,dhfma,2,0,177097,207,206,2111454584372461012,16640,23f703aa3bc9,2026-08-28T19:53:45Z,300,181,119,,,,,,,,,,,,,,,,,
campaign_e_out,out_n300_rho0.6_independent-signed_seed0.pcf,dhfma,0,0,244783,197,196,1687567119628083363,16640,23f703aa3bc9,2026-08-28T19:53:45Z,300,175,125,,,,,,,,,,,,,,,,,
campaign_e_out,out_n300_rho0.6_independent-signed_seed0.pcf,dhfma,1,0,205223,197,196,1687567119628083363,16640,23f703aa3bc9,2026-08-28T19:53:45Z,300,175,125,,,,,,,,,,,,,,,,,
campaign_e_out,out_n300_rho0.6_independent-signed_seed0.pcf,dhfma,2,0,208285,197,196,1687567119628083363,16640,23f703aa3bc9,2026-08-28T19:53:45Z,300,175,125,,,,,,,,,,,,,,,,,
campaign_e_out,out_n300_rho0.6_independent-signed_seed1.pcf,dhfma,0,0,230341,223,222,18197179782223120783,16640,23f703aa3bc9,2026-08-28T19:53:45Z,300,180,120,,,,,,,,,,,,,,,,,
campaign_e_out,out_n300_rho0.6_independent-signed_seed1.pcf,dhfma,1,0,198272,223,222,18197179782223120783,16640,23f703aa3bc9,2026-08-28T19:53:45Z,300,180,120,,,,,,,,,,,,,,,,,
campaign_e_out,out_n300_rho0.6_independent-signed_seed1.pcf,dhfma,2,0,193604,223,222,18197179782223120783,16640,23f703aa3bc9,2026-08-28T19:53:45Z,300,180,120,,,,,,,,,,,,,,,,,
campaign_e_out,out_n300_rho0.6_independent-signed_seed2.pcf,dhfma,0,0,239282,205,204,16754893437845183513,16640,23f703aa3bc9,2026-08-28T19:53:45Z,300,183,117,,,,,,,,,,,,,,,,,
campaign_e_out,out_n300_rho0.6_independent-signed_seed2.pcf,dhfma,1,0,208226,205,204,16754893437845183513,16640,23f703aa3bc9,2026-08-28T19:53:45Z,300,183,117,,,,,,,,,,,,,,,,,
campaign_e_out,out_n300_rho0.6_independent-signed_seed2.pcf,dhfma,2,0,283234,205,204,16754893437845183513,16640,23f703aa3bc9,2026-08-28T19:53:45Z,300,183,117,,,,,,,,,,,,,,,,,
campaign_e_out,out_n300_rho0.6_independent-signed_seed3.pcf,dhfma,0,0,263607,223,222,14692000073118880993,16640,23f703aa3bc9,2026-08-28T19:53:45Z,300,184,116,,,,,,,,,,,,,,,,,
campaign_e_out,out_n300_rho0.6_independent-signed_seed3.pcf,dhfma,1,0,221175,223,222,14692000073118880993,16640,23f703aa3bc9,2026-08-28T19:53:45Z,300,184,116,,,,,,,,,,,,,,,,,
campaign_e_out,out_n300_rho0.6_independent-signed_seed3.pcf,dhfma,2,0,209006,223,222,14692000073118880993,16640,23f703aa3bc9,2026-08-28T19:53:45Z,300,184,116,,,,,,,,,,,,,,,,,
campaign_e_out,out_n300_rho0.6_independent-signed_seed4.pcf,dhfma,0,0,226595,207,206,10915725964757162535,16640,23f703aa3bc9,2026-08-28T19:53:45Z,300,181,119,,,,,,,,,,,,,,,,,
campaign_e_out,out_n300_rho0.6_independent-signed_seed4.pcf,dhfma,1,0,189124,207,206,10915725964757162535,16640,23f703aa3bc9,2026-08-28T19:53:45Z,300,181,119,,,,,,,,,,,,,,,,,
campaign_e_out,out_n300_rho0.6_independent-signed_seed4.pcf,dhfma,2,0,188882,207,206,10915725964757162535,16640,23f703aa3bc9,2026-08-28T19:53:45Z,300,181,119,,,,,,,,,,,,,,,,,
campaign_e_out,out_n300_rho0.6_near-ties_seed0.pcf,dhfma,0,0,223552,119,118,11002148232361070718,16640,23f703aa3bc9,2026-08-28T19:53:45Z,300,179,121,,,,,,,,,,,,,,,,,
campaign_e_out,out_n300_rho0.6_near-ties_seed0.pcf,dhfma,1,0,188098,119,118,11002148232361070718,16640,23f703aa3bc9,2026-08-28T19:53:45Z,300,179,121,,,,,,,,,,,,,,,,,
campaign_e_out,out_n300_rho0.6_near-ties_seed0.pcf,dhfma,2,0,175514,119,118,11002148232361070718,16640,23f703aa3bc9,2026-08-28T19:53:45Z,300,179,121,,,,,,,,,,,,,,,,,
campaign_e_out,out_n300_rho0.6_near-ties_seed1.pcf,dhfma,0,0,198556,131,130,15681217862762328151,16640,23f703aa3bc9,2026-08-28T19:53:45Z,300,166,134,,,,,,,,,,,,,,,,,
campaign_e_out,out_n300_rho0.6_near-ties_seed1.pcf,dhfma,1,0,167470,131,130,15681217862762328151,16640,23f703aa3bc9,2026-08-28T19:53:45Z,300,166,134,,,,,,,,,,,,,,,,,
campaign_e_out,out_n300_rho0.6_near-ties_seed1.pcf,dhfma,2,0,159674,131,130,15681217862762328151,16640,23f703aa3bc9,2026-08-28T19:53:45Z,300,166,134,,,,,,,,,,,,,,,,,
campaign_e_out,out_n300_rho0.6_near-ties_seed2.pcf,dhfma,0,0,213713,134,133,13652764384126436954,16640,23f703aa3bc9,2026-08-28T19:53:45Z,300,171,129,,,,,,,,,,,,,,,,,
campaign_e_out,out_n300_rho0.6_near-ties_seed2.pcf,dhfma,1,0,181264,134,133,13652764384126436954,16640,23f703aa3bc9,2026-08-28T19:53:45Z,300,171,129,,,,,,,,,,,,,,,,,
campaign_e_out,out_n300_rho0.6_near-ties_seed2.pcf,dhfma,2,0,171162,134,133,13652764384126436954,16640,23f703aa3bc9,2026-08-28T19:53:45Z,300,171,129,,,,,,,,,,,,,,,,,
campaign_e_out,out_n300_rho0.6_near-ties_seed3.pcf,dhfma,0,0,233374,128,127,18238778301040767163,16640,23f703aa3bc9,2026-08-28T19:53:45Z,300,180,120,,,,,,,,,,,,,,,,,
campaign_e_out,out_n300_rho0.6_near-ties_seed3.pcf,dhfma,1,0,201610,128,127,18238778301040767163,16640,23f703aa3bc9,2026-08-28T19:53:45Z,300,180,120,,,,,,,,,,,,,,,,,
campaign_e_out,out_n300_rho0.6_near-ties_seed3.pcf,dhfma,2,0,191967,128,127,18238778301040767163,16640,23f703aa3bc9,2026-08-28T19:53:45Z,300,180,120,,,,,,,,,,,,,,,,,
campaign_e_out,out_n300_rho0.6_near-ties_seed4.pcf,dhfma,0,0,270232,119,118,14716903727344176860,16640,23f703aa3bc9,2026-08-28T19:53:45Z,300,186,114,,,,,,,,,,,,,,,,,
campaign_e_out,out_n300_rho0.6_near-ties_seed4.pcf,dhfma,1,0,240442,119,118,14716903727344176860,16640,23f703aa3bc9,2026-08-28T19:53:45Z,300,186,114,,,,,,,,,,,,,,,,,
campaign_e_out,out_n300_rho0.6_near-ties_seed4.pcf,dhfma,2,0,233336,119,118,14716903727344176860,16640,23f703aa3bc9,2026-08-28T19:53:45Z,300,186,114,,,,,,,,,,,,,,,,,
campaign_e_out,out_n300_rho1.0_anti-correlated_seed0.pcf,dhfma,0,0,921020,151,150,9785466656205642548,16640,23f703aa3bc9,2026-08-28T19:53:45Z,300,299,1,,,,,,,,,,,,,,,,,
campaign_e_out,out_n300_rho1.0_anti-correlated_seed0.pcf,dhfma,1,0,819936,151,150,9785466656205642548,16640,23f703aa3bc9,2026-08-28T19:53:45Z,300,299,1,,,,,,,,,,,,,,,,,
campaign_e_out,out_n300_rho1.0_anti-correlated_seed0.pcf,dhfma,2,0,797991,151,150,9785466656205642548,16640,23f703aa3bc9,2026-08-28T19:53:45Z,300,299,1,,,,,,,,,,,,,,,,,
campaign_e_out,out_n300_rho1.0_anti-correlated_seed1.pcf,dhfma,0,0,872939,148,147,7457471432502768941,16800,23f703aa3bc9,2026-08-28T19:53:45Z,300,299,1,,,,,,,,,,,,,,,,,
campaign_e_out,out_n300_rho1.0_anti-correlated_seed1.pcf,dhfma,1,0,823273,148,147,7457471432502768941,16800,23f703aa3bc9,2026-08-28T19:53:45Z,300,299,1,,,,,,,,,,,,,,,,,
campaign_e_out,out_n300_rho1.0_anti-correlated_seed1.pcf,dhfma,2,0,825797,148,147,7457471432502768941,16800,23f703aa3bc9,2026-08-28T19:53:45Z,300,299,1,,,,,,,,,,,,,,,,,
campaign_e_out,out_n300_rho1.0_anti-correlated_seed2.pcf,dhfma,0,0,1075951,139,138,1794363371378400929,16800,23f703aa3bc9,2026-08-28T19:53:45Z,300,299,1,,,,,,,,,,,,,,,,,
campaign_e_out,out_n300_rho1.0_anti-correlated_seed2.pcf,dhfma,1,0,1047474,139,138,1794363371378400929,16800,23f703aa3bc9,2026-08-28T19:53:45Z,300,299,1,,,,,,,,,,,,,,,,,
campaign_e_out,out_n300_rho1.0_anti-correlated_seed2.pcf,dhfma,2,0,1008289,139,138,1794363371378400929,16800,23f703aa3bc9,2026-08-28T19:53:45Z,300,299,1,,,,,,,,,,,,,,,,,
campaign_e_out,out_n300_rho1.0_anti-correlated_seed3.pcf,dhfma,0,0,1018286,145,144,7978837316922694171,16800,23f703aa3bc9,2026-08-28T19:53:45Z,300,299,1,,,,,,,,,,,,,,,,,
campaign_e_out,out_n300_rho1.0_anti-correlated_seed3.pcf,dhfma,1,0,920445,145,144,7978837316922694171,16800,23f703aa3bc9,2026-08-28T19:53:45Z,300,299,1,,,,,,,,,,,,,,,,,
campaign_e_out,out_n300_rho1.0_anti-correlated_seed3.pcf,dhfma,2,0,892152,145,144,7978837316922694171,16800,23f703aa3bc9,2026-08-28T19:53:45Z,300,299,1,,,,,,,,,,,,,,,,,
campaign_e_out,out_n300_rho1.0_anti-correlated_seed4.pcf,dhfma,0,0,829394,147,146,16872366628007196008,16800,23f703aa3bc9,2026-08-28T19:53:45Z,300,299,1,,,,,,,,,,,,,,,,,
campaign_e_out,out_n300_rho1.0_anti-correlated_seed4.pcf,dhfma,1,0,796508,147,146,16872366628007196008,16800,23f703aa3bc9,2026-08-28T19:53:45Z,300,299,1,,,,,,,,,,,,,,,,,
campaign_e_out,out_n300_rho1.0_anti-correlated_seed4.pcf,dhfma,2,0,819752,147,146,16872366628007196008,16800,23f703aa3bc9,2026-08-28T19:53:45Z,300,299,1,,,,,,,,,,,,,,,,,
campaign_e_out,out_n300_rho1.0_correlated_seed0.pcf,dhfma,0,0,945043,163,162,7356678578784266531,16800,23f703aa3bc9,2026-08-28T19:53:45Z,300,299,1,,,,,,,,,,,,,,,,,
campaign_e_out,out_n300_rho1.0_correlated_seed0.pcf,dhfma,1,0,880090,163,162,7356678578784266531,16800,23f703aa3bc9,2026-08-28T19:53:45Z,300,299,1,,,,,,,,,,,,,,,,,
campaign_e_out,out_n300_rho1.0_correlated_seed0.pcf,dhfma,2,0,904834,163,162,7356678578784266531,16800,23f703aa3bc9,2026-08-28T19:53:45Z,300,299,1,,,,,,,,,,,,,,,,,
campaign_e_out,out_n300_rho1.0_correlated_seed1.pcf,dhfma,0,0,804543,156,155,13629426740018917554,16800,23f703aa3bc9,2026-08-28T19:53:45Z,300,299,1,,,,,,,,,,,,,,,,,
campaign_e_out,out_n300_rho1.0_correlated_seed1.pcf,dhfma,1,0,771194,156,155,13629426740018917554,16800,23f703aa3bc9,2026-08-28T19:53:45Z,300,299,1,,,,,,,,,,,,,,,,,
campaign_e_out,out_n300_rho1.0_correlated_seed1.pcf,dhfma,2,0,716173,156,155,13629426740018917554,16800,23f703aa3bc9,2026-08-28T19:53:45Z,300,299,1,,,,,,,,,,,,,,,,,
campaign_e_out,out_n300_rho1.0_correlated_seed2.pcf,dhfma,0,0,760853,150,149,10878011744258505231,16800,23f703aa3bc9,2026-08-28T19:53:45Z,300,299,1,,,,,,,,,,,,,,,,,
campaign_e_out,out_n300_rho1.0_correlated_seed2.pcf,dhfma,1,0,714422,150,149,10878011744258505231,16800,23f703aa3bc9,2026-08-28T19:53:45Z,300,299,1,,,,,,,,,,,,,,,,,
campaign_e_out,out_n300_rho1.0_correlated_seed2.pcf,dhfma,2,0,689812,150,149,10878011744258505231,16800,23f703aa3bc9,2026-08-28T19:53:45Z,300,299,1,,,,,,,,,,,,,,,,,
campaign_e_out,out_n300_rho1.0_correlated_seed3.pcf,dhfma,0,0,841047,152,151,13774736179795232787,16800,23f703aa3bc9,2026-08-28T19:53:45Z,300,299,1,,,,,,,,,,,,,,,,,
campaign_e_out,out_n300_rho1.0_correlated_seed3.pcf,dhfma,1,0,793572,152,151,13774736179795232787,16800,23f703aa3bc9,2026-08-28T19:53:45Z,300,299,1,,,,,,,,,,,,,,,,,
campaign_e_out,out_n300_rho1.0_correlated_seed3.pcf,dhfma,2,0,765021,152,151,13774736179795232787,16800,23f703aa3bc9,2026-08-28T19:53:45Z,300,299,1,,,,,,,,,,,,,,,,,
campaign_e_out,out_n300_rho1.0_correlated_seed4.pcf,dhfma,0,0,1081339,153,152,14439258711617582870,16800,23f703aa3bc9,2026-08-28T19:53:45Z,300,299,1,,,,,,,,,,,,,,,,,
campaign_e_out,out_n300_rho1.0_correlated_seed4.pcf,dhfma,1,0,1036595,153,152,14439258711617582870,16800,23f703aa3bc9,2026-08-28T19:53:45Z,300,299,1,,,,,,,,,,,,,,,,,
campaign_e_out,out_n300_rho1.0_correlated_seed4.pcf,dhfma,2,0,1001701,153,152,14439258711617582870,16800,23f703aa3bc9,2026-08-28T19:53:45Z,300,299,1,,,,,,,,,,,,,,,,,
campaign_e_out,out_n300_rho1.0_exact-ties_seed0.pcf,dhfma,0,0,1070964,59,58,7038080329579636658,16800,23f703aa3bc9,2026-08-28T19:53:45Z,300,299,1,,,,,,,,,,,,,,,,,
campaign_e_out,out_n300_rho1.0_exact-ties_seed0.pcf,dhfma,1,0,1005184,59,58,7038080329579636658,16800,23f703aa3bc9,2026-08-28T19:53:45Z,300,299,1,,,,,,,,,,,,,,,,,
campaign_e_out,out_n300_rho1.0_exact-ties_seed0.pcf,dhfma,2,0,1007079,59,58,7038080329579636658,16800,23f703aa3bc9,2026-08-28T19:53:45Z,300,299,1,,,,,,,,,,,,,,,,,
campaign_e_out,out_n300_rho1.0_exact-ties_seed1.pcf,dhfma,0,0,743602,68,67,10907216399345476440,16800,23f703aa3bc9,2026-08-28T19:53:45Z,300,299,1,,,,,,,,,,,,,,,,,
campaign_e_out,out_n300_rho1.0_exact-ties_seed1.pcf,dhfma,1,0,700480,68,67,10907216399345476440,16800,23f703aa3bc9,2026-08-28T19:53:45Z,300,299,1,,,,,,,,,,,,,,,,,
campaign_e_out,out_n300_rho1.0_exact-ties_seed1.pcf,dhfma,2,0,768016,68,67,10907216399345476440,16800,23f703aa3bc9,2026-08-28T19:53:45Z,300,299,1,,,,,,,,,,,,,,,,,
campaign_e_out,out_n300_rho1.0_exact-ties_seed2.pcf,dhfma,0,0,738591,69,68,4720720734956737515,16800,23f703aa3bc9,2026-08-28T19:53:45Z,300,299,1,,,,,,,,,,,,,,,,,
campaign_e_out,out_n300_rho1.0_exact-ties_seed2.pcf,dhfma,1,0,706433,69,68,4720720734956737515,16800,23f703aa3bc9,2026-08-28T19:53:45Z,300,299,1,,,,,,,,,,,,,,,,,
campaign_e_out,out_n300_rho1.0_exact-ties_seed2.pcf,dhfma,2,0,770917,69,68,4720720734956737515,16800,23f703aa3bc9,2026-08-28T19:53:45Z,300,299,1,,,,,,,,,,,,,,,,,
campaign_e_out,out_n300_rho1.0_exact-ties_seed3.pcf,dhfma,0,0,1261094,61,60,17505451823254081579,16800,23f703aa3bc9,2026-08-28T19:53:45Z,300,299,1,,,,,,,,,,,,,,,,,
campaign_e_out,out_n300_rho1.0_exact-ties_seed3.pcf,dhfma,1,0,1163781,61,60,17505451823254081579,16800,23f703aa3bc9,2026-08-28T19:53:45Z,300,299,1,,,,,,,,,,,,,,,,,
campaign_e_out,out_n300_rho1.0_exact-ties_seed3.pcf,dhfma,2,0,1130753,61,60,17505451823254081579,16800,23f703aa3bc9,2026-08-28T19:53:45Z,300,299,1,,,,,,,,,,,,,,,,,
campaign_e_out,out_n300_rho1.0_exact-ties_seed4.pcf,dhfma,0,0,645514,68,67,12293575404725062279,16800,23f703aa3bc9,2026-08-28T19:53:45Z,300,299,1,,,,,,,,,,,,,,,,,
campaign_e_out,out_n300_rho1.0_exact-ties_seed4.pcf,dhfma,1,0,616801,68,67,12293575404725062279,16800,23f703aa3bc9,2026-08-28T19:53:45Z,300,299,1,,,,,,,,,,,,,,,,,
campaign_e_out,out_n300_rho1.0_exact-ties_seed4.pcf,dhfma,2,0,654907,68,67,12293575404725062279,16800,23f703aa3bc9,2026-08-28T19:53:45Z,300,299,1,,,,,,,,,,,,,,,,,
campaign_e_out,out_n300_rho1.0_independent-positive_seed0.pcf,dhfma,0,0,970953,162,161,18269509958395164626,16800,23f703aa3bc9,2026-08-28T19:53:45Z,300,299,1,,,,,,,,,,,,,,,,,
campaign_e_out,out_n300_rho1.0_independent-positive_seed0.pcf,dhfma,1,0,930141,162,161,18269509958395164626,16800,23f703aa3bc9,2026-08-28T19:53:45Z,300,299,1,,,,,,,,,,,,,,,,,
campaign_e_out,out_n300_rho1.0_independent-positive_seed0.pcf,dhfma,2,0,899134,162,161,18269509958395164626,16800,23f703aa3bc9,2026-08-28T19:53:45Z,300,299,1,,,,,,,,,,,,,,,,,
campaign_e_out,out_n300_rho1.0_independent-positive_seed1.pcf,dhfma,0,0,1244915,153,152,11056430983388384576,16800,23f703aa3bc9,2026-08-28T19:53:45Z,300,299,1,,,,,,,,,,,,,,,,,
campaign_e_out,out_n300_rho1.0_independent-positive_seed1.pcf,dhfma,1,0,1127958,153,152,11056430983388384576,16800,23f703aa3bc9,2026-08-28T19:53:45Z,300,299,1,,,,,,,,,,,,,,,,,
campaign_e_out,out_n300_rho1.0_independent-positive_seed1.pcf,dhfma,2,0,1086353,153,152,11056430983388384576,16800,23f703aa3bc9,2026-08-28T19:53:45Z,300,299,1,,,,,,,,,,,,,,,,,
campaign_e_out,out_n300_rho1.0_independent-positive_seed2.pcf,dhfma,0,0,698811,156,155,2009789828402445114,16800,23f703aa3bc9,2026-08-28T19:53:45Z,300,299,1,,,,,,,,,,,,,,,,,
campaign_e_out,out_n300_rho1.0_independent-positive_seed2.pcf,dhfma,1,0,657450,156,155,2009789828402445114,16800,23f703aa3bc9,2026-08-28T19:53:45Z,300,299,1,,,,,,,,,,,,,,,,,
campaign_e_out,out_n300_rho1.0_independent-positive_seed2.pcf,dhfma,2,0,639435,156,155,2009789828402445114,16800,23f703aa3bc9,2026-08-28T19:53:45Z,300,299,1,,,,,,,,,,,,,,,,,
campaign_e_out,out_n300_rho1.0_independent-positive_seed3.pcf,dhfma,0,0,1075397,156,155,1052960221080619747,16800,23f703aa3bc9,2026-08-28T19:53:45Z,300,299,1,,,,,,,,,,,,,,,,,
campaign_e_out,out_n300_rho1.0_independent-positive_seed3.pcf,dhfma,1,0,1004434,156,155,1052960221080619747,16800,23f703aa3bc9,2026-08-28T19:53:45Z,300,299,1,,,,,,,,,,,,,,,,,
campaign_e_out,out_n300_rho1.0_independent-positive_seed3.pcf,dhfma,2,0,1011263,156,155,1052960221080619747,16800,23f703aa3bc9,2026-08-28T19:53:45Z,300,299,1,,,,,,,,,,,,,,,,,
campaign_e_out,out_n300_rho1.0_independent-positive_seed4.pcf,dhfma,0,0,778018,148,147,18422887270578677546,16800,23f703aa3bc9,2026-08-28T19:53:45Z,300,299,1,,,,,,,,,,,,,,,,,
campaign_e_out,out_n300_rho1.0_independent-positive_seed4.pcf,dhfma,1,0,731786,148,147,18422887270578677546,16800,23f703aa3bc9,2026-08-28T19:53:45Z,300,299,1,,,,,,,,,,,,,,,,,
campaign_e_out,out_n300_rho1.0_independent-positive_seed4.pcf,dhfma,2,0,709372,148,147,18422887270578677546,16800,23f703aa3bc9,2026-08-28T19:53:45Z,300,299,1,,,,,,,,,,,,,,,,,
campaign_e_out,out_n300_rho1.0_independent-signed_seed0.pcf,dhfma,0,0,814048,152,151,9427870821304474543,16960,23f703aa3bc9,2026-08-28T19:53:45Z,300,299,1,,,,,,,,,,,,,,,,,
campaign_e_out,out_n300_rho1.0_independent-signed_seed0.pcf,dhfma,1,0,758540,152,151,9427870821304474543,16960,23f703aa3bc9,2026-08-28T19:53:45Z,300,299,1,,,,,,,,,,,,,,,,,
campaign_e_out,out_n300_rho1.0_independent-signed_seed0.pcf,dhfma,2,0,785776,152,151,9427870821304474543,16960,23f703aa3bc9,2026-08-28T19:53:45Z,300,299,1,,,,,,,,,,,,,,,,,
campaign_e_out,out_n300_rho1.0_independent-signed_seed1.pcf,dhfma,0,0,710160,158,157,2694806094024490225,16960,23f703aa3bc9,2026-08-28T19:53:45Z,300,299,1,,,,,,,,,,,,,,,,,
campaign_e_out,out_n300_rho1.0_independent-signed_seed1.pcf,dhfma,1,0,660009,158,157,2694806094024490225,16960,23f703aa3bc9,2026-08-28T19:53:45Z,300,299,1,,,,,,,,,,,,,,,,,
campaign_e_out,out_n300_rho1.0_independent-signed_seed1.pcf,dhfma,2,0,634495,158,157,2694806094024490225,16960,23f703aa3bc9,2026-08-28T19:53:45Z,300,299,1,,,,,,,,,,,,,,,,,
campaign_e_out,out_n300_rho1.0_independent-signed_seed2.pcf,dhfma,0,0,689046,160,159,5237666544239322554,16960,23f703aa3bc9,2026-08-28T19:53:45Z,300,299,1,,,,,,,,,,,,,,,,,
campaign_e_out,out_n300_rho1.0_independent-signed_seed2.pcf,dhfma,1,0,653357,160,159,5237666544239322554,16960,23f703aa3bc9,2026-08-28T19:53:45Z,300,299,1,,,,,,,,,,,,,,,,,
campaign_e_out,out_n300_rho1.0_independent-signed_seed2.pcf,dhfma,2,0,611711,160,159,5237666544239322554,16960,23f703aa3bc9,2026-08-28T19:53:45Z,300,299,1,,,,,,,,,,,,,,,,,
campaign_e_out,out_n300_rho1.0_independent-signed_seed3.pcf,dhfma,0,0,867678,148,147,7693407105792265652,16960,23f703aa3bc9,2026-08-28T19:53:45Z,300,299,1,,,,,,,,,,,,,,,,,
campaign_e_out,out_n300_rho1.0_independent-signed_seed3.pcf,dhfma,1,0,777350,148,147,7693407105792265652,16960,23f703aa3bc9,2026-08-28T19:53:45Z,300,299,1,,,,,,,,,,,,,,,,,
campaign_e_out,out_n300_rho1.0_independent-signed_seed3.pcf,dhfma,2,0,758807,148,147,7693407105792265652,16960,23f703aa3bc9,2026-08-28T19:53:45Z,300,299,1,,,,,,,,,,,,,,,,,
campaign_e_out,out_n300_rho1.0_independent-signed_seed4.pcf,dhfma,0,0,901023,144,143,16108306469711226558,16960,23f703aa3bc9,2026-08-28T19:53:45Z,300,299,1,,,,,,,,,,,,,,,,,
campaign_e_out,out_n300_rho1.0_independent-signed_seed4.pcf,dhfma,1,0,848317,144,143,16108306469711226558,16960,23f703aa3bc9,2026-08-28T19:53:45Z,300,299,1,,,,,,,,,,,,,,,,,
campaign_e_out,out_n300_rho1.0_independent-signed_seed4.pcf,dhfma,2,0,854889,144,143,16108306469711226558,16960,23f703aa3bc9,2026-08-28T19:53:45Z,300,299,1,,,,,,,,,,,,,,,,,
campaign_e_out,out_n300_rho1.0_near-ties_seed0.pcf,dhfma,0,0,861361,101,100,6849002785036557501,16960,23f703aa3bc9,2026-08-28T19:53:45Z,300,299,1,,,,,,,,,,,,,,,,,
campaign_e_out,out_n300_rho1.0_near-ties_seed0.pcf,dhfma,1,0,827211,101,100,6849002785036557501,16960,23f703aa3bc9,2026-08-28T19:53:45Z,300,299,1,,,,,,,,,,,,,,,,,
campaign_e_out,out_n300_rho1.0_near-ties_seed0.pcf,dhfma,2,0,817273,101,100,6849002785036557501,16960,23f703aa3bc9,2026-08-28T19:53:45Z,300,299,1,,,,,,,,,,,,,,,,,
campaign_e_out,out_n300_rho1.0_near-ties_seed1.pcf,dhfma,0,0,1218014,74,73,18162992849855308711,16960,23f703aa3bc9,2026-08-28T19:53:45Z,300,299,1,,,,,,,,,,,,,,,,,
campaign_e_out,out_n300_rho1.0_near-ties_seed1.pcf,dhfma,1,0,1181577,74,73,18162992849855308711,16960,23f703aa3bc9,2026-08-28T19:53:45Z,300,299,1,,,,,,,,,,,,,,,,,
campaign_e_out,out_n300_rho1.0_near-ties_seed1.pcf,dhfma,2,0,1111643,74,73,18162992849855308711,16960,23f703aa3bc9,2026-08-28T19:53:45Z,300,299,1,,,,,,,,,,,,,,,,,
campaign_e_out,out_n300_rho1.0_near-ties_seed2.pcf,dhfma,0,0,806086,107,106,268792894201210747,16960,23f703aa3bc9,2026-08-28T19:53:45Z,300,299,1,,,,,,,,,,,,,,,,,
campaign_e_out,out_n300_rho1.0_near-ties_seed2.pcf,dhfma,1,0,771793,107,106,268792894201210747,16960,23f703aa3bc9,2026-08-28T19:53:45Z,300,299,1,,,,,,,,,,,,,,,,,
campaign_e_out,out_n300_rho1.0_near-ties_seed2.pcf,dhfma,2,0,754634,107,106,268792894201210747,16960,23f703aa3bc9,2026-08-28T19:53:45Z,300,299,1,,,,,,,,,,,,,,,,,
campaign_e_out,out_n300_rho1.0_near-ties_seed3.pcf,dhfma,0,0,904762,105,104,15683842303603913318,16960,23f703aa3bc9,2026-08-28T19:53:45Z,300,299,1,,,,,,,,,,,,,,,,,
campaign_e_out,out_n300_rho1.0_near-ties_seed3.pcf,dhfma,1,0,834481,105,104,15683842303603913318,16960,23f703aa3bc9,2026-08-28T19:53:45Z,300,299,1,,,,,,,,,,,,,,,,,
campaign_e_out,out_n300_rho1.0_near-ties_seed3.pcf,dhfma,2,0,855924,105,104,15683842303603913318,16960,23f703aa3bc9,2026-08-28T19:53:45Z,300,299,1,,,,,,,,,,,,,,,,,
campaign_e_out,out_n300_rho1.0_near-ties_seed4.pcf,dhfma,0,0,887079,100,99,7232322809332674602,16960,23f703aa3bc9,2026-08-28T19:53:45Z,300,299,1,,,,,,,,,,,,,,,,,
campaign_e_out,out_n300_rho1.0_near-ties_seed4.pcf,dhfma,1,0,888839,100,99,7232322809332674602,16960,23f703aa3bc9,2026-08-28T19:53:45Z,300,299,1,,,,,,,,,,,,,,,,,
campaign_e_out,out_n300_rho1.0_near-ties_seed4.pcf,dhfma,2,0,832475,100,99,7232322809332674602,16960,23f703aa3bc9,2026-08-28T19:53:45Z,300,299,1,,,,,,,,,,,,,,,,,
campaign_e_out,out_n40000_rho0.6_anti-correlated_seed0.pcf,dhfma,0,0,45749081,25411,25410,1405365705499684979,18044,23f703aa3bc9,2026-08-28T19:53:45Z,40000,23897,16103,,,,,,,,,,,,,,,,,
campaign_e_out,out_n40000_rho0.6_anti-correlated_seed0.pcf,dhfma,1,0,43330680,25411,25410,1405365705499684979,18664,23f703aa3bc9,2026-08-28T19:53:45Z,40000,23897,16103,,,,,,,,,,,,,,,,,
campaign_e_out,out_n40000_rho0.6_anti-correlated_seed0.pcf,dhfma,2,0,44184341,25411,25410,1405365705499684979,18676,23f703aa3bc9,2026-08-28T19:53:45Z,40000,23897,16103,,,,,,,,,,,,,,,,,
campaign_e_out,out_n40000_rho0.6_anti-correlated_seed1.pcf,dhfma,0,0,49162071,25234,25233,14704521449437931103,18376,23f703aa3bc9,2026-08-28T19:53:45Z,40000,24108,15892,,,,,,,,,,,,,,,,,
campaign_e_out,out_n40000_rho0.6_anti-correlated_seed1.pcf,dhfma,1,0,51637658,25234,25233,14704521449437931103,18980,23f703aa3bc9,2026-08-28T19:53:45Z,40000,24108,15892,,,,,,,,,,,,,,,,,
campaign_e_out,out_n40000_rho0.6_anti-correlated_seed1.pcf,dhfma,2,0,54009088,25234,25233,14704521449437931103,19204,23f703aa3bc9,2026-08-28T19:53:45Z,40000,24108,15892,,,,,,,,,,,,,,,,,
campaign_e_out,out_n40000_rho0.6_anti-correlated_seed2.pcf,dhfma,0,0,50023989,25238,25237,12660797035857300351,18360,23f703aa3bc9,2026-08-28T19:53:45Z,40000,23945,16055,,,,,,,,,,,,,,,,,
campaign_e_out,out_n40000_rho0.6_anti-correlated_seed2.pcf,dhfma,1,0,46652098,25238,25237,12660797035857300351,18480,23f703aa3bc9,2026-08-28T19:53:46Z,40000,23945,16055,,,,,,,,,,,,,,,,,
campaign_e_out,out_n40000_rho0.6_anti-correlated_seed2.pcf,dhfma,2,0,47477495,25238,25237,12660797035857300351,18828,23f703aa3bc9,2026-08-28T19:53:46Z,40000,23945,16055,,,,,,,,,,,,,,,,,
campaign_e_out,out_n40000_rho0.6_anti-correlated_seed3.pcf,dhfma,0,0,46938950,25258,25257,6117543307644960858,18200,23f703aa3bc9,2026-08-28T19:53:46Z,40000,23844,16156,,,,,,,,,,,,,,,,,
campaign_e_out,out_n40000_rho0.6_anti-correlated_seed3.pcf,dhfma,1,0,45255078,25258,25257,6117543307644960858,18800,23f703aa3bc9,2026-08-28T19:53:46Z,40000,23844,16156,,,,,,,,,,,,,,,,,
campaign_e_out,out_n40000_rho0.6_anti-correlated_seed3.pcf,dhfma,2,0,45874283,25258,25257,6117543307644960858,18800,23f703aa3bc9,2026-08-28T19:53:46Z,40000,23844,16156,,,,,,,,,,,,,,,,,
campaign_e_out,out_n40000_rho0.6_anti-correlated_seed4.pcf,dhfma,0,0,47030108,25153,25152,9581731564590788975,17868,23f703aa3bc9,2026-08-28T19:53:46Z,40000,24009,15991,,,,,,,,,,,,,,,,,
campaign_e_out,out_n40000_rho0.6_anti-correlated_seed4.pcf,dhfma,1,0,44692151,25153,25152,9581731564590788975,18460,23f703aa3bc9,2026-08-28T19:53:46Z,40000,24009,15991,,,,,,,,,,,,,,,,,
campaign_e_out,out_n40000_rho0.6_anti-correlated_seed4.pcf,dhfma,2,0,45311291,25153,25152,9581731564590788975,18460,23f703aa3bc9,2026-08-28T19:53:46Z,40000,24009,15991,,,,,,,,,,,,,,,,,
campaign_e_out,out_n40000_rho0.6_correlated_seed0.pcf,dhfma,0,0,43947246,21035,21034,12594388205662387145,17084,23f703aa3bc9,2026-08-28T19:53:46Z,40000,23897,16103,,,,,,,,,,,,,,,,,
campaign_e_out,out_n40000_rho0.6_correlated_seed0.pcf,dhfma,1,0,42177743,21035,21034,12594388205662387145,18128,23f703aa3bc9,2026-08-28T19:53:46Z,40000,23897,16103,,,,,,,,,,,,,,,,,
campaign_e_out,out_n40000_rho0.6_correlated_seed0.pcf,dhfma,2,0,42992109,21035,21034,12594388205662387145,18128,23f703aa3bc9,2026-08-28T19:53:46Z,40000,23897,16103,,,,,,,,,,,,,,,,,
campaign_e_out,out_n40000_rho0.6_correlated_seed1.pcf,dhfma,0,0,47798197,20933,20932,8540916314747215418,17408,23f703aa3bc9,2026-08-28T19:53:46Z,40000,24108,15892,,,,,,,,,,,,,,,,,
campaign_e_out,out_n40000_rho0.6_correlated_seed1.pcf,dhfma,1,0,45941441,20933,20932,8540916314747215418,18452,23f703aa3bc9,2026-08-28T19:53:46Z,40000,24108,15892,,,,,,,,,,,,,,,,,
campaign_e_out,out_n40000_rho0.6_correlated_seed1.pcf,dhfma,2,0,46938427,20933,20932,8540916314747215418,18452,23f703aa3bc9,2026-08-28T19:53:46Z,40000,24108,15892,,,,,,,,,,,,,,,,,
campaign_e_out,out_n40000_rho0.6_correlated_seed2.pcf,dhfma,0,0,47850304,20903,20902,39028823918907257,17404,23f703aa3bc9,2026-08-28T19:53:46Z,40000,23945,16055,,,,,,,,,,,,,,,,,
campaign_e_out,out_n40000_rho0.6_correlated_seed2.pcf,dhfma,1,0,45589040,20903,20902,39028823918907257,18200,23f703aa3bc9,2026-08-28T19:53:46Z,40000,23945,16055,,,,,,,,,,,,,,,,,
campaign_e_out,out_n40000_rho0.6_correlated_seed2.pcf,dhfma,2,0,46388553,20903,20902,39028823918907257,18200,23f703aa3bc9,2026-08-28T19:53:46Z,40000,23945,16055,,,,,,,,,,,,,,,,,
campaign_e_out,out_n40000_rho0.6_correlated_seed3.pcf,dhfma,0,0,46148967,21001,21000,1575988859004584442,17076,23f703aa3bc9,2026-08-28T19:53:46Z,40000,23844,16156,,,,,,,,,,,,,,,,,
campaign_e_out,out_n40000_rho0.6_correlated_seed3.pcf,dhfma,1,0,44589927,21001,21000,1575988859004584442,18120,23f703aa3bc9,2026-08-28T19:53:46Z,40000,23844,16156,,,,,,,,,,,,,,,,,
campaign_e_out,out_n40000_rho0.6_correlated_seed3.pcf,dhfma,2,0,45149976,21001,21000,1575988859004584442,18120,23f703aa3bc9,2026-08-28T19:53:46Z,40000,23844,16156,,,,,,,,,,,,,,,,,
campaign_e_out,out_n40000_rho0.6_correlated_seed4.pcf,dhfma,0,0,46331310,20821,20820,1464523340791360998,17228,23f703aa3bc9,2026-08-28T19:53:47Z,40000,24009,15991,,,,,,,,,,,,,,,,,
campaign_e_out,out_n40000_rho0.6_correlated_seed4.pcf,dhfma,1,0,44436262,20821,20820,1464523340791360998,18336,23f703aa3bc9,2026-08-28T19:53:47Z,40000,24009,15991,,,,,,,,,,,,,,,,,
campaign_e_out,out_n40000_rho0.6_correlated_seed4.pcf,dhfma,2,0,45092166,20821,20820,1464523340791360998,18336,23f703aa3bc9,2026-08-28T19:53:47Z,40000,24009,15991,,,,,,,,,,,,,,,,,
campaign_e_out,out_n40000_rho0.6_exact-ties_seed0.pcf,dhfma,0,0,43519862,6285,6284,15323245570040652438,17120,23f703aa3bc9,2026-08-28T19:53:47Z,40000,23892,16108,,,,,,,,,,,,,,,,,
campaign_e_out,out_n40000_rho0.6_exact-ties_seed0.pcf,dhfma,1,0,42424970,6285,6284,15323245570040652438,17120,23f703aa3bc9,2026-08-28T19:53:47Z,40000,23892,16108,,,,,,,,,,,,,,,,,
campaign_e_out,out_n40000_rho0.6_exact-ties_seed0.pcf,dhfma,2,0,43104531,6285,6284,15323245570040652438,17120,23f703aa3bc9,2026-08-28T19:53:47Z,40000,23892,16108,,,,,,,,,,,,,,,,,
campaign_e_out,out_n40000_rho0.6_exact-ties_seed1.pcf,dhfma,0,0,42440418,6375,6374,17670820194008301200,17120,23f703aa3bc9,2026-08-28T19:53:47Z,40000,24082,15918,,,,,,,,,,,,,,,,,
campaign_e_out,out_n40000_rho0.6_exact-ties_seed1.pcf,dhfma,1,0,41570305,6375,6374,17670820194008301200,17120,23f703aa3bc9,2026-08-28T19:53:47Z,40000,24082,15918,,,,,,,,,,,,,,,,,
campaign_e_out,out_n40000_rho0.6_exact-ties_seed1.pcf,dhfma,2,0,41988983,6375,6374,17670820194008301200,17120,23f703aa3bc9,2026-08-28T19:53:47Z,40000,24082,15918,,,,,,,,,,,,,,,,,
campaign_e_out,out_n40000_rho0.6_exact-ties_seed2.pcf,dhfma,0,0,42945830,6316,6315,13757973501644823793,17120,23f703aa3bc9,2026-08-28T19:53:47Z,40000,24101,15899,,,,,,,,,,,,,,,,,
campaign_e_out,out_n40000_rho0.6_exact-ties_seed2.pcf,dhfma,1,0,42108396,6316,6315,13757973501644823793,17120,23f703aa3bc9,2026-08-28T19:53:47Z,40000,24101,15899,,,,,,,,,,,,,,,,,
campaign_e_out,out_n40000_rho0.6_exact-ties_seed2.pcf,dhfma,2,0,42587164,6316,6315,13757973501644823793,17120,23f703aa3bc9,2026-08-28T19:53:47Z,40000,24101,15899,,,,,,,,,,,,,,,,,
campaign_e_out,out_n40000_rho0.6_exact-ties_seed3.pcf,dhfma,0,0,44337632,6322,6321,6678613029300903039,17120,23f703aa3bc9,2026-08-28T19:53:47Z,40000,23950,16050,,,,,,,,,,,,,,,,,
campaign_e_out,out_n40000_rho0.6_exact-ties_seed3.pcf,dhfma,1,0,43331116,6322,6321,6678613029300903039,17120,23f703aa3bc9,2026-08-28T19:53:47Z,40000,23950,16050,,,,,,,,,,,,,,,,,
campaign_e_out,out_n40000_rho0.6_exact-ties_seed3.pcf,dhfma,2,0,43655954,6322,6321,6678613029300903039,17120,23f703aa3bc9,2026-08-28T19:53:47Z,40000,23950,16050,,,,,,,,,,,,,,,,,
campaign_e_out,out_n40000_rho0.6_exact-ties_seed4.pcf,dhfma,0,0,41934943,6294,6293,2635806154016665640,17120,23f703aa3bc9,2026-08-28T19:53:47Z,40000,24075,15925,,,,,,,,,,,,,,,,,
campaign_e_out,out_n40000_rho0.6_exact-ties_seed4.pcf,dhfma,1,0,41370491,6294,6293,2635806154016665640,17120,23f703aa3bc9,2026-08-28T19:53:47Z,40000,24075,15925,,,,,,,,,,,,,,,,,
campaign_e_out,out_n40000_rho0.6_exact-ties_seed4.pcf,dhfma,2,0,41210111,6294,6293,2635806154016665640,17120,23f703aa3bc9,2026-08-28T19:53:47Z,40000,24075,15925,,,,,,,,,,,,,,,,,
campaign_e_out,out_n40000_rho0.6_independent-positive_seed0.pcf,dhfma,0,0,45787390,26776,26775,18190545256038009109,18312,23f703aa3bc9,2026-08-28T19:53:47Z,40000,23869,16131,,,,,,,,,,,,,,,,,
campaign_e_out,out_n40000_rho0.6_independent-positive_seed0.pcf,dhfma,1,0,43408759,26776,26775,18190545256038009109,18616,23f703aa3bc9,2026-08-28T19:53:47Z,40000,23869,16131,,,,,,,,,,,,,,,,,
campaign_e_out,out_n40000_rho0.6_independent-positive_seed0.pcf,dhfma,2,0,44283945,26776,26775,18190545256038009109,18884,23f703aa3bc9,2026-08-28T19:53:47Z,40000,23869,16131,,,,,,,,,,,,,,,,,
campaign_e_out,out_n40000_rho0.6_independent-positive_seed1.pcf,dhfma,0,0,59141625,26685,26684,2066063460760244277,19244,23f703aa3bc9,2026-08-28T19:53:48Z,40000,24068,15932,,,,,,,,,,,,,,,,,
campaign_e_out,out_n40000_rho0.6_independent-positive_seed1.pcf,dhfma,1,0,56192098,26685,26684,2066063460760244277,20396,23f703aa3bc9,2026-08-28T19:53:48Z,40000,24068,15932,,,,,,,,,,,,,,,,,
campaign_e_out,out_n40000_rho0.6_independent-positive_seed1.pcf,dhfma,2,0,57301987,26685,26684,2066063460760244277,20540,23f703aa3bc9,2026-08-28T19:53:48Z,40000,24068,15932,,,,,,,,,,,,,,,,,
campaign_e_out,out_n40000_rho0.6_independent-positive_seed2.pcf,dhfma,0,0,46244839,26600,26599,17076558667412568997,18340,23f703aa3bc9,2026-08-28T19:53:48Z,40000,24062,15938,,,,,,,,,,,,,,,,,
campaign_e_out,out_n40000_rho0.6_independent-positive_seed2.pcf,dhfma,1,0,44150106,26600,26599,17076558667412568997,18784,23f703aa3bc9,2026-08-28T19:53:48Z,40000,24062,15938,,,,,,,,,,,,,,,,,
campaign_e_out,out_n40000_rho0.6_independent-positive_seed2.pcf,dhfma,2,0,43492002,26600,26599,17076558667412568997,18792,23f703aa3bc9,2026-08-28T19:53:48Z,40000,24062,15938,,,,,,,,,,,,,,,,,
campaign_e_out,out_n40000_rho0.6_independent-positive_seed3.pcf,dhfma,0,0,46769012,26656,26655,8018642223925218803,18204,23f703aa3bc9,2026-08-28T19:53:48Z,40000,23897,16103,,,,,,,,,,,,,,,,,
campaign_e_out,out_n40000_rho0.6_independent-positive_seed3.pcf,dhfma,1,0,44857958,26656,26655,8018642223925218803,18776,23f703aa3bc9,2026-08-28T19:53:48Z,40000,23897,16103,,,,,,,,,,,,,,,,,
campaign_e_out,out_n40000_rho0.6_independent-positive_seed3.pcf,dhfma,2,0,45368796,26656,26655,8018642223925218803,18920,23f703aa3bc9,2026-08-28T19:53:48Z,40000,23897,16103,,,,,,,,,,,,,,,,,
campaign_e_out,out_n40000_rho0.6_independent-positive_seed4.pcf,dhfma,0,0,47189631,26560,26559,4623834373397534074,18372,23f703aa3bc9,2026-08-28T19:53:48Z,40000,23992,16008,,,,,,,,,,,,,,,,,
campaign_e_out,out_n40000_rho0.6_independent-positive_seed4.pcf,dhfma,1,0,44862759,26560,26559,4623834373397534074,18968,23f703aa3bc9,2026-08-28T19:53:48Z,40000,23992,16008,,,,,,,,,,,,,,,,,
campaign_e_out,out_n40000_rho0.6_independent-positive_seed4.pcf,dhfma,2,0,45717380,26560,26559,4623834373397534074,19416,23f703aa3bc9,2026-08-28T19:53:48Z,40000,23992,16008,,,,,,,,,,,,,,,,,
campaign_e_out,out_n40000_rho0.6_independent-signed_seed0.pcf,dhfma,0,0,44719131,27354,27353,4910117819913925315,18360,23f703aa3bc9,2026-08-28T19:53:48Z,40000,23875,16125,,,,,,,,,,,,,,,,,
campaign_e_out,out_n40000_rho0.6_independent-signed_seed0.pcf,dhfma,1,0,42270008,27354,27353,4910117819913925315,18568,23f703aa3bc9,2026-08-28T19:53:48Z,40000,23875,16125,,,,,,,,,,,,,,,,,
campaign_e_out,out_n40000_rho0.6_independent-signed_seed0.pcf,dhfma,2,0,42987817,27354,27353,4910117819913925315,18568,23f703aa3bc9,2026-08-28T19:53:48Z,40000,23875,16125,,,,,,,,,,,,,,,,,
campaign_e_out,out_n40000_rho0.6_independent-signed_seed1.pcf,dhfma,0,0,48011749,27182,27181,16862514892375845354,18184,23f703aa3bc9,2026-08-28T19:53:48Z,40000,24047,15953,,,,,,,,,,,,,,,,,
campaign_e_out,out_n40000_rho0.6_independent-signed_seed1.pcf,dhfma,1,0,45489049,27182,27181,16862514892375845354,19008,23f703aa3bc9,2026-08-28T19:53:48Z,40000,24047,15953,,,,,,,,,,,,,,,,,
campaign_e_out,out_n40000_rho0.6_independent-signed_seed1.pcf,dhfma,2,0,46644757,27182,27181,16862514892375845354,19248,23f703aa3bc9,2026-08-28T19:53:48Z,40000,24047,15953,,,,,,,,,,,,,,,,,
campaign_e_out,out_n40000_rho0.6_independent-signed_seed2.pcf,dhfma,0,0,47520060,27164,27163,10754575936081046530,18380,23f703aa3bc9,2026-08-28T19:53:48Z,40000,24066,15934,,,,,,,,,,,,,,,,,
campaign_e_out,out_n40000_rho0.6_independent-signed_seed2.pcf,dhfma,1,0,45587525,27164,27163,10754575936081046530,19172,23f703aa3bc9,2026-08-28T19:53:49Z,40000,24066,15934,,,,,,,,,,,,,,,,,
campaign_e_out,out_n40000_rho0.6_independent-signed_seed2.pcf,dhfma,2,0,46355911,27164,27163,10754575936081046530,19172,23f703aa3bc9,2026-08-28T19:53:49Z,40000,24066,15934,,,,,,,,,,,,,,,,,
campaign_e_out,out_n40000_rho0.6_independent-signed_seed3.pcf,dhfma,0,0,44482772,27264,27263,2987404157214872107,18524,23f703aa3bc9,2026-08-28T19:53:49Z,40000,23904,16096,,,,,,,,,,,,,,,,,
campaign_e_out,out_n40000_rho0.6_independent-signed_seed3.pcf,dhfma,1,0,42532454,27264,27263,2987404157214872107,18524,23f703aa3bc9,2026-08-28T19:53:49Z,40000,23904,16096,,,,,,,,,,,,,,,,,
campaign_e_out,out_n40000_rho0.6_independent-signed_seed3.pcf,dhfma,2,0,43250421,27264,27263,2987404157214872107,18784,23f703aa3bc9,2026-08-28T19:53:49Z,40000,23904,16096,,,,,,,,,,,,,,,,,
campaign_e_out,out_n40000_rho0.6_independent-signed_seed4.pcf,dhfma,0,0,48006762,27308,27307,9912610353323743257,18464,23f703aa3bc9,2026-08-28T19:53:49Z,40000,23988,16012,,,,,,,,,,,,,,,,,
campaign_e_out,out_n40000_rho0.6_independent-signed_seed4.pcf,dhfma,1,0,45232198,27308,27307,9912610353323743257,18992,23f703aa3bc9,2026-08-28T19:53:49Z,40000,23988,16012,,,,,,,,,,,,,,,,,
campaign_e_out,out_n40000_rho0.6_independent-signed_seed4.pcf,dhfma,2,0,46176230,27308,27307,9912610353323743257,18992,23f703aa3bc9,2026-08-28T19:53:49Z,40000,23988,16012,,,,,,,,,,,,,,,,,
campaign_e_out,out_n40000_rho0.6_near-ties_seed0.pcf,dhfma,0,0,42912317,1072,1071,6103759441924121687,17120,23f703aa3bc9,2026-08-28T19:53:49Z,40000,23906,16094,,,,,,,,,,,,,,,,,
campaign_e_out,out_n40000_rho0.6_near-ties_seed0.pcf,dhfma,1,0,42038756,1072,1071,6103759441924121687,17120,23f703aa3bc9,2026-08-28T19:53:49Z,40000,23906,16094,,,,,,,,,,,,,,,,,
campaign_e_out,out_n40000_rho0.6_near-ties_seed0.pcf,dhfma,2,0,42060166,1072,1071,6103759441924121687,17120,23f703aa3bc9,2026-08-28T19:53:49Z,40000,23906,16094,,,,,,,,,,,,,,,,,
campaign_e_out,out_n40000_rho0.6_near-ties_seed1.pcf,dhfma,0,0,42843006,1063,1062,10026465048688391299,17120,23f703aa3bc9,2026-08-28T19:53:49Z,40000,24052,15948,,,,,,,,,,,,,,,,,
campaign_e_out,out_n40000_rho0.6_near-ties_seed1.pcf,dhfma,1,0,42001770,1063,1062,10026465048688391299,17120,23f703aa3bc9,2026-08-28T19:53:49Z,40000,24052,15948,,,,,,,,,,,,,,,,,
campaign_e_out,out_n40000_rho0.6_near-ties_seed1.pcf,dhfma,2,0,41988409,1063,1062,10026465048688391299,17120,23f703aa3bc9,2026-08-28T19:53:49Z,40000,24052,15948,,,,,,,,,,,,,,,,,
campaign_e_out,out_n40000_rho0.6_near-ties_seed2.pcf,dhfma,0,0,41815443,1050,1049,17631467131680045021,17120,23f703aa3bc9,2026-08-28T19:53:49Z,40000,23829,16171,,,,,,,,,,,,,,,,,
campaign_e_out,out_n40000_rho0.6_near-ties_seed2.pcf,dhfma,1,0,41369937,1050,1049,17631467131680045021,17120,23f703aa3bc9,2026-08-28T19:53:49Z,40000,23829,16171,,,,,,,,,,,,,,,,,
campaign_e_out,out_n40000_rho0.6_near-ties_seed2.pcf,dhfma,2,0,42285425,1050,1049,17631467131680045021,17120,23f703aa3bc9,2026-08-28T19:53:49Z,40000,23829,16171,,,,,,,,,,,,,,,,,
campaign_e_out,out_n40000_rho0.6_near-ties_seed3.pcf,dhfma,0,0,42537339,1044,1043,11141917402251784894,17120,23f703aa3bc9,2026-08-28T19:53:49Z,40000,23859,16141,,,,,,,,,,,,,,,,,
campaign_e_out,out_n40000_rho0.6_near-ties_seed3.pcf,dhfma,1,0,41438188,1044,1043,11141917402251784894,17120,23f703aa3bc9,2026-08-28T19:53:49Z,40000,23859,16141,,,,,,,,,,,,,,,,,
campaign_e_out,out_n40000_rho0.6_near-ties_seed3.pcf,dhfma,2,0,41368231,1044,1043,11141917402251784894,17120,23f703aa3bc9,2026-08-28T19:53:49Z,40000,23859,16141,,,,,,,,,,,,,,,,,
campaign_e_out,out_n40000_rho0.6_near-ties_seed4.pcf,dhfma,0,0,42472949,1045,1044,15875246790123370441,17280,23f703aa3bc9,2026-08-28T19:53:50Z,40000,24034,15966,,,,,,,,,,,,,,,,,
campaign_e_out,out_n40000_rho0.6_near-ties_seed4.pcf,dhfma,1,0,42088115,1045,1044,15875246790123370441,17280,23f703aa3bc9,2026-08-28T19:53:50Z,40000,24034,15966,,,,,,,,,,,,,,,,,
campaign_e_out,out_n40000_rho0.6_near-ties_seed4.pcf,dhfma,2,0,41964442,1045,1044,15875246790123370441,17280,23f703aa3bc9,2026-08-28T19:53:50Z,40000,24034,15966,,,,,,,,,,,,,,,,,
campaign_e_out,out_n40000_rho1.0_anti-correlated_seed0.pcf,dhfma,0,0,615613330,18657,18656,8453724635189374820,60936,23f703aa3bc9,2026-08-28T19:53:50Z,40000,39999,1,,,,,,,,,,,,,,,,,
campaign_e_out,out_n40000_rho1.0_anti-correlated_seed0.pcf,dhfma,1,0,618191822,18657,18656,8453724635189374820,101276,23f703aa3bc9,2026-08-28T19:53:51Z,40000,39999,1,,,,,,,,,,,,,,,,,
campaign_e_out,out_n40000_rho1.0_anti-correlated_seed0.pcf,dhfma,2,0,602002814,18657,18656,8453724635189374820,101848,23f703aa3bc9,2026-08-28T19:53:51Z,40000,39999,1,,,,,,,,,,,,,,,,,
campaign_e_out,out_n40000_rho1.0_anti-correlated_seed1.pcf,dhfma,0,0,566042076,18785,18784,12279933645633719974,60936,23f703aa3bc9,2026-08-28T19:53:52Z,40000,39999,1,,,,,,,,,,,,,,,,,
campaign_e_out,out_n40000_rho1.0_anti-correlated_seed1.pcf,dhfma,1,0,563222114,18785,18784,12279933645633719974,97932,23f703aa3bc9,2026-08-28T19:53:53Z,40000,39999,1,,,,,,,,,,,,,,,,,
campaign_e_out,out_n40000_rho1.0_anti-correlated_seed1.pcf,dhfma,2,0,564398931,18785,18784,12279933645633719974,98308,23f703aa3bc9,2026-08-28T19:53:53Z,40000,39999,1,,,,,,,,,,,,,,,,,
campaign_e_out,out_n40000_rho1.0_anti-correlated_seed2.pcf,dhfma,0,0,455041016,18531,18530,17540830192423101278,60956,23f703aa3bc9,2026-08-28T19:53:54Z,40000,39999,1,,,,,,,,,,,,,,,,,
campaign_e_out,out_n40000_rho1.0_anti-correlated_seed2.pcf,dhfma,1,0,454551945,18531,18530,17540830192423101278,90808,23f703aa3bc9,2026-08-28T19:53:54Z,40000,39999,1,,,,,,,,,,,,,,,,,
campaign_e_out,out_n40000_rho1.0_anti-correlated_seed2.pcf,dhfma,2,0,453931947,18531,18530,17540830192423101278,90884,23f703aa3bc9,2026-08-28T19:53:55Z,40000,39999,1,,,,,,,,,,,,,,,,,
campaign_e_out,out_n40000_rho1.0_anti-correlated_seed3.pcf,dhfma,0,0,545121294,18698,18697,12560194990808375855,60776,23f703aa3bc9,2026-08-28T19:53:55Z,40000,39999,1,,,,,,,,,,,,,,,,,
campaign_e_out,out_n40000_rho1.0_anti-correlated_seed3.pcf,dhfma,1,0,541946928,18698,18697,12560194990808375855,96876,23f703aa3bc9,2026-08-28T19:53:56Z,40000,39999,1,,,,,,,,,,,,,,,,,
campaign_e_out,out_n40000_rho1.0_anti-correlated_seed3.pcf,dhfma,2,0,533462452,18698,18697,12560194990808375855,97188,23f703aa3bc9,2026-08-28T19:53:56Z,40000,39999,1,,,,,,,,,,,,,,,,,
campaign_e_out,out_n40000_rho1.0_anti-correlated_seed4.pcf,dhfma,0,0,583265663,18729,18728,9634556370343983630,61096,23f703aa3bc9,2026-08-28T19:53:57Z,40000,39999,1,,,,,,,,,,,,,,,,,
campaign_e_out,out_n40000_rho1.0_anti-correlated_seed4.pcf,dhfma,1,0,581192144,18729,18728,9634556370343983630,99284,23f703aa3bc9,2026-08-28T19:53:57Z,40000,39999,1,,,,,,,,,,,,,,,,,
campaign_e_out,out_n40000_rho1.0_anti-correlated_seed4.pcf,dhfma,2,0,584381153,18729,18728,9634556370343983630,99496,23f703aa3bc9,2026-08-28T19:53:58Z,40000,39999,1,,,,,,,,,,,,,,,,,
campaign_e_out,out_n40000_rho1.0_correlated_seed0.pcf,dhfma,0,0,543547280,16307,16306,16260278117771539323,60940,23f703aa3bc9,2026-08-28T19:53:59Z,40000,39999,1,,,,,,,,,,,,,,,,,
campaign_e_out,out_n40000_rho1.0_correlated_seed0.pcf,dhfma,1,0,544055358,16307,16306,16260278117771539323,96852,23f703aa3bc9,2026-08-28T19:53:59Z,40000,39999,1,,,,,,,,,,,,,,,,,
campaign_e_out,out_n40000_rho1.0_correlated_seed0.pcf,dhfma,2,0,550927789,16307,16306,16260278117771539323,97276,23f703aa3bc9,2026-08-28T19:54:00Z,40000,39999,1,,,,,,,,,,,,,,,,,
campaign_e_out,out_n40000_rho1.0_correlated_seed1.pcf,dhfma,0,0,622350407,16318,16317,5925544946490151452,60940,23f703aa3bc9,2026-08-28T19:54:00Z,40000,39999,1,,,,,,,,,,,,,,,,,
campaign_e_out,out_n40000_rho1.0_correlated_seed1.pcf,dhfma,1,0,622494709,16318,16317,5925544946490151452,103008,23f703aa3bc9,2026-08-28T19:54:01Z,40000,39999,1,,,,,,,,,,,,,,,,,
campaign_e_out,out_n40000_rho1.0_correlated_seed1.pcf,dhfma,2,0,612018986,16318,16317,5925544946490151452,103084,23f703aa3bc9,2026-08-28T19:54:01Z,40000,39999,1,,,,,,,,,,,,,,,,,
campaign_e_out,out_n40000_rho1.0_correlated_seed2.pcf,dhfma,0,0,537342085,16030,16029,1111097646524656166,60952,23f703aa3bc9,2026-08-28T19:54:02Z,40000,39999,1,,,,,,,,,,,,,,,,,
campaign_e_out,out_n40000_rho1.0_correlated_seed2.pcf,dhfma,1,0,535800535,16030,16029,1111097646524656166,96352,23f703aa3bc9,2026-08-28T19:54:03Z,40000,39999,1,,,,,,,,,,,,,,,,,
campaign_e_out,out_n40000_rho1.0_correlated_seed2.pcf,dhfma,2,0,537678187,16030,16029,1111097646524656166,96464,23f703aa3bc9,2026-08-28T19:54:03Z,40000,39999,1,,,,,,,,,,,,,,,,,
campaign_e_out,out_n40000_rho1.0_correlated_seed3.pcf,dhfma,0,0,631799323,16388,16387,14435624004912705033,60936,23f703aa3bc9,2026-08-28T19:54:04Z,40000,39999,1,,,,,,,,,,,,,,,,,
campaign_e_out,out_n40000_rho1.0_correlated_seed3.pcf,dhfma,1,0,630780871,16388,16387,14435624004912705033,102940,23f703aa3bc9,2026-08-28T19:54:04Z,40000,39999,1,,,,,,,,,,,,,,,,,
campaign_e_out,out_n40000_rho1.0_correlated_seed3.pcf,dhfma,2,0,632617041,16388,16387,14435624004912705033,103228,23f703aa3bc9,2026-08-28T19:54:05Z,40000,39999,1,,,,,,,,,,,,,,,,,
campaign_e_out,out_n40000_rho1.0_correlated_seed4.pcf,dhfma,0,0,599320229,16205,16204,9934717423187896945,61092,23f703aa3bc9,2026-08-28T19:54:06Z,40000,39999,1,,,,,,,,,,,,,,,,,
campaign_e_out,out_n40000_rho1.0_correlated_seed4.pcf,dhfma,1,0,604483786,16205,16204,9934717423187896945,101160,23f703aa3bc9,2026-08-28T19:54:06Z,40000,39999,1,,,,,,,,,,,,,,,,,
campaign_e_out,out_n40000_rho1.0_correlated_seed4.pcf,dhfma,2,0,600659298,16205,16204,9934717423187896945,101280,23f703aa3bc9,2026-08-28T19:54:07Z,40000,39999,1,,,,,,,,,,,,,,,,,
campaign_e_out,out_n40000_rho1.0_exact-ties_seed0.pcf,dhfma,0,0,458990316,6915,6914,1565913204569308009,61244,23f703aa3bc9,2026-08-28T19:54:07Z,40000,39999,1,,,,,,,,,,,,,,,,,
campaign_e_out,out_n40000_rho1.0_exact-ties_seed0.pcf,dhfma,1,0,459192630,6915,6914,1565913204569308009,93656,23f703aa3bc9,2026-08-28T19:54:08Z,40000,39999,1,,,,,,,,,,,,,,,,,
campaign_e_out,out_n40000_rho1.0_exact-ties_seed0.pcf,dhfma,2,0,458403509,6915,6914,1565913204569308009,94088,23f703aa3bc9,2026-08-28T19:54:08Z,40000,39999,1,,,,,,,,,,,,,,,,,
campaign_e_out,out_n40000_rho1.0_exact-ties_seed1.pcf,dhfma,0,0,546313010,6755,6754,9784833024411358166,61092,23f703aa3bc9,2026-08-28T19:54:09Z,40000,39999,1,,,,,,,,,,,,,,,,,
campaign_e_out,out_n40000_rho1.0_exact-ties_seed1.pcf,dhfma,1,0,544732847,6755,6754,9784833024411358166,100368,23f703aa3bc9,2026-08-28T19:54:09Z,40000,39999,1,,,,,,,,,,,,,,,,,
campaign_e_out,out_n40000_rho1.0_exact-ties_seed1.pcf,dhfma,2,0,547347771,6755,6754,9784833024411358166,100664,23f703aa3bc9,2026-08-28T19:54:10Z,40000,39999,1,,,,,,,,,,,,,,,,,
campaign_e_out,out_n40000_rho1.0_exact-ties_seed2.pcf,dhfma,0,0,667972648,6905,6904,7948216780400182823,61068,23f703aa3bc9,2026-08-28T19:54:11Z,40000,39999,1,,,,,,,,,,,,,,,,,
campaign_e_out,out_n40000_rho1.0_exact-ties_seed2.pcf,dhfma,1,0,668938342,6905,6904,7948216780400182823,108464,23f703aa3bc9,2026-08-28T19:54:11Z,40000,39999,1,,,,,,,,,,,,,,,,,
campaign_e_out,out_n40000_rho1.0_exact-ties_seed2.pcf,dhfma,2,0,670127939,6905,6904,7948216780400182823,108840,23f703aa3bc9,2026-08-28T19:54:12Z,40000,39999,1,,,,,,,,,,,,,,,,,
campaign_e_out,out_n40000_rho1.0_exact-ties_seed3.pcf,dhfma,0,0,522040855,6793,6792,5743453793393577286,61232,23f703aa3bc9,2026-08-28T19:54:13Z,40000,39999,1,,,,,,,,,,,,,,,,,
campaign_e_out,out_n40000_rho1.0_exact-ties_seed3.pcf,dhfma,1,0,523755181,6793,6792,5743453793393577286,98596,23f703aa3bc9,2026-08-28T19:54:13Z,40000,39999,1,,,,,,,,,,,,,,,,,
campaign_e_out,out_n40000_rho1.0_exact-ties_seed3.pcf,dhfma,2,0,522659186,6793,6792,5743453793393577286,98752,23f703aa3bc9,2026-08-28T19:54:14Z,40000,39999,1,,,,,,,,,,,,,,,,,
campaign_e_out,out_n40000_rho1.0_exact-ties_seed4.pcf,dhfma,0,0,761399897,6890,6889,1164275726981709334,109880,23f703aa3bc9,2026-08-28T19:54:14Z,40000,39999,1,,,,,,,,,,,,,,,,,
campaign_e_out,out_n40000_rho1.0_exact-ties_seed4.pcf,dhfma,1,0,762541839,6890,6889,1164275726981709334,158332,23f703aa3bc9,2026-08-28T19:54:15Z,40000,39999,1,,,,,,,,,,,,,,,,,
campaign_e_out,out_n40000_rho1.0_exact-ties_seed4.pcf,dhfma,2,0,765235401,6890,6889,1164275726981709334,158532,23f703aa3bc9,2026-08-28T19:54:16Z,40000,39999,1,,,,,,,,,,,,,,,,,
campaign_e_out,out_n40000_rho1.0_independent-positive_seed0.pcf,dhfma,0,0,658309299,19560,19559,1471099367284679920,60788,23f703aa3bc9,2026-08-28T19:54:17Z,40000,39999,1,,,,,,,,,,,,,,,,,
campaign_e_out,out_n40000_rho1.0_independent-positive_seed0.pcf,dhfma,1,0,657230417,19560,19559,1471099367284679920,105064,23f703aa3bc9,2026-08-28T19:54:17Z,40000,39999,1,,,,,,,,,,,,,,,,,
campaign_e_out,out_n40000_rho1.0_independent-positive_seed0.pcf,dhfma,2,0,648680992,19560,19559,1471099367284679920,105100,23f703aa3bc9,2026-08-28T19:54:18Z,40000,39999,1,,,,,,,,,,,,,,,,,
campaign_e_out,out_n40000_rho1.0_independent-positive_seed1.pcf,dhfma,0,0,756527101,19495,19494,782436244868474996,109864,23f703aa3bc9,2026-08-28T19:54:19Z,40000,39999,1,,,,,,,,,,,,,,,,,
campaign_e_out,out_n40000_rho1.0_independent-positive_seed1.pcf,dhfma,1,0,756882100,19495,19494,782436244868474996,158220,23f703aa3bc9,2026-08-28T19:54:19Z,40000,39999,1,,,,,,,,,,,,,,,,,
campaign_e_out,out_n40000_rho1.0_independent-positive_seed1.pcf,dhfma,2,0,746549315,19495,19494,782436244868474996,158220,23f703aa3bc9,2026-08-28T19:54:20Z,40000,39999,1,,,,,,,,,,,,,,,,,
campaign_e_out,out_n40000_rho1.0_independent-positive_seed2.pcf,dhfma,0,0,547459469,19471,19470,16811907410466214717,60944,23f703aa3bc9,2026-08-28T19:54:21Z,40000,39999,1,,,,,,,,,,,,,,,,,
campaign_e_out,out_n40000_rho1.0_independent-positive_seed2.pcf,dhfma,1,0,545789694,19471,19470,16811907410466214717,97888,23f703aa3bc9,2026-08-28T19:54:21Z,40000,39999,1,,,,,,,,,,,,,,,,,
campaign_e_out,out_n40000_rho1.0_independent-positive_seed2.pcf,dhfma,2,0,546234212,19471,19470,16811907410466214717,97904,23f703aa3bc9,2026-08-28T19:54:22Z,40000,39999,1,,,,,,,,,,,,,,,,,
campaign_e_out,out_n40000_rho1.0_independent-positive_seed3.pcf,dhfma,0,0,756631363,19638,19637,3293882360322640571,109716,23f703aa3bc9,2026-08-28T19:54:23Z,40000,39999,1,,,,,,,,,,,,,,,,,
campaign_e_out,out_n40000_rho1.0_independent-positive_seed3.pcf,dhfma,1,0,745430061,19638,19637,3293882360322640571,158032,23f703aa3bc9,2026-08-28T19:54:23Z,40000,39999,1,,,,,,,,,,,,,,,,,
campaign_e_out,out_n40000_rho1.0_independent-positive_seed3.pcf,dhfma,2,0,736854690,19638,19637,3293882360322640571,158956,23f703aa3bc9,2026-08-28T19:54:24Z,40000,39999,1,,,,,,,,,,,,,,,,,
campaign_e_out,out_n40000_rho1.0_independent-positive_seed4.pcf,dhfma,0,0,533809432,19487,19486,13248304999052273404,60636,23f703aa3bc9,2026-08-28T19:54:25Z,40000,39999,1,,,,,,,,,,,,,,,,,
campaign_e_out,out_n40000_rho1.0_independent-positive_seed4.pcf,dhfma,1,0,533643100,19487,19486,13248304999052273404,96728,23f703aa3bc9,2026-08-28T19:54:25Z,40000,39999,1,,,,,,,,,,,,,,,,,
campaign_e_out,out_n40000_rho1.0_independent-positive_seed4.pcf,dhfma,2,0,522529905,19487,19486,13248304999052273404,96772,23f703aa3bc9,2026-08-28T19:54:26Z,40000,39999,1,,,,,,,,,,,,,,,,,
campaign_e_out,out_n40000_rho1.0_independent-signed_seed0.pcf,dhfma,0,0,545405521,19961,19960,4199402692665268139,60628,23f703aa3bc9,2026-08-28T19:54:26Z,40000,39999,1,,,,,,,,,,,,,,,,,
campaign_e_out,out_n40000_rho1.0_independent-signed_seed0.pcf,dhfma,1,0,543406750,19961,19960,4199402692665268139,97932,23f703aa3bc9,2026-08-28T19:54:27Z,40000,39999,1,,,,,,,,,,,,,,,,,
campaign_e_out,out_n40000_rho1.0_independent-signed_seed0.pcf,dhfma,2,0,543267025,19961,19960,4199402692665268139,98268,23f703aa3bc9,2026-08-28T19:54:27Z,40000,39999,1,,,,,,,,,,,,,,,,,
campaign_e_out,out_n40000_rho1.0_independent-signed_seed1.pcf,dhfma,0,0,655284122,19965,19964,2215583932254512607,60940,23f703aa3bc9,2026-08-28T19:54:28Z,40000,39999,1,,,,,,,,,,,,,,,,,
campaign_e_out,out_n40000_rho1.0_independent-signed_seed1.pcf,dhfma,1,0,652860200,19965,19964,2215583932254512607,105648,23f703aa3bc9,2026-08-28T19:54:29Z,40000,39999,1,,,,,,,,,,,,,,,,,
campaign_e_out,out_n40000_rho1.0_independent-signed_seed1.pcf,dhfma,2,0,643630916,19965,19964,2215583932254512607,105728,23f703aa3bc9,2026-08-28T19:54:29Z,40000,39999,1,,,,,,,,,,,,,,,,,
campaign_e_out,out_n40000_rho1.0_independent-signed_seed2.pcf,dhfma,0,0,661698241,19833,19832,3662402709507737599,60940,23f703aa3bc9,2026-08-28T19:54:30Z,40000,39999,1,,,,,,,,,,,,,,,,,
campaign_e_out,out_n40000_rho1.0_independent-signed_seed2.pcf,dhfma,1,0,657726430,19833,19832,3662402709507737599,105456,23f703aa3bc9,2026-08-28T19:54:31Z,40000,39999,1,,,,,,,,,,,,,,,,,
campaign_e_out,out_n40000_rho1.0_independent-signed_seed2.pcf,dhfma,2,0,652056631,19833,19832,3662402709507737599,105552,23f703aa3bc9,2026-08-28T19:54:31Z,40000,39999,1,,,,,,,,,,,,,,,,,
campaign_e_out,out_n40000_rho1.0_independent-signed_seed3.pcf,dhfma,0,0,486984515,19974,19973,8247503834900177314,60948,23f703aa3bc9,2026-08-28T19:54:32Z,40000,39999,1,,,,,,,,,,,,,,,,,
campaign_e_out,out_n40000_rho1.0_independent-signed_seed3.pcf,dhfma,1,0,485601751,19974,19973,8247503834900177314,93232,23f703aa3bc9,2026-08-28T19:54:32Z,40000,39999,1,,,,,,,,,,,,,,,,,
campaign_e_out,out_n40000_rho1.0_independent-signed_seed3.pcf,dhfma,2,0,489371180,19974,19973,8247503834900177314,93728,23f703aa3bc9,2026-08-28T19:54:33Z,40000,39999,1,,,,,,,,,,,,,,,,,
campaign_e_out,out_n40000_rho1.0_independent-signed_seed4.pcf,dhfma,0,0,606430470,19932,19931,6840374020042196533,60944,23f703aa3bc9,2026-08-28T19:54:33Z,40000,39999,1,,,,,,,,,,,,,,,,,
campaign_e_out,out_n40000_rho1.0_independent-signed_seed4.pcf,dhfma,1,0,605161406,19932,19931,6840374020042196533,101868,23f703aa3bc9,2026-08-28T19:54:34Z,40000,39999,1,,,,,,,,,,,,,,,,,
campaign_e_out,out_n40000_rho1.0_independent-signed_seed4.pcf,dhfma,2,0,604429314,19932,19931,6840374020042196533,101884,23f703aa3bc9,2026-08-28T19:54:35Z,40000,39999,1,,,,,,,,,,,,,,,,,
campaign_e_out,out_n40000_rho1.0_near-ties_seed0.pcf,dhfma,0,0,642752554,1403,1402,2769949145792672918,60936,23f703aa3bc9,2026-08-28T19:54:35Z,40000,39999,1,,,,,,,,,,,,,,,,,
campaign_e_out,out_n40000_rho1.0_near-ties_seed0.pcf,dhfma,1,0,649148926,1403,1402,2769949145792672918,105332,23f703aa3bc9,2026-08-28T19:54:36Z,40000,39999,1,,,,,,,,,,,,,,,,,
campaign_e_out,out_n40000_rho1.0_near-ties_seed0.pcf,dhfma,2,0,645186322,1403,1402,2769949145792672918,105492,23f703aa3bc9,2026-08-28T19:54:37Z,40000,39999,1,,,,,,,,,,,,,,,,,
campaign_e_out,out_n40000_rho1.0_near-ties_seed1.pcf,dhfma,0,0,541316465,1399,1398,1124385064113504358,60784,23f703aa3bc9,2026-08-28T19:54:37Z,40000,39999,1,,,,,,,,,,,,,,,,,
campaign_e_out,out_n40000_rho1.0_near-ties_seed1.pcf,dhfma,1,0,540726784,1399,1398,1124385064113504358,97340,23f703aa3bc9,2026-08-28T19:54:38Z,40000,39999,1,,,,,,,,,,,,,,,,,
campaign_e_out,out_n40000_rho1.0_near-ties_seed1.pcf,dhfma,2,0,541542914,1399,1398,1124385064113504358,97808,23f703aa3bc9,2026-08-28T19:54:38Z,40000,39999,1,,,,,,,,,,,,,,,,,
campaign_e_out,out_n40000_rho1.0_near-ties_seed2.pcf,dhfma,0,0,484250914,1414,1413,13863691115235756716,60948,23f703aa3bc9,2026-08-28T19:54:39Z,40000,39999,1,,,,,,,,,,,,,,,,,
campaign_e_out,out_n40000_rho1.0_near-ties_seed2.pcf,dhfma,1,0,485788530,1414,1413,13863691115235756716,94304,23f703aa3bc9,2026-08-28T19:54:39Z,40000,39999,1,,,,,,,,,,,,,,,,,
campaign_e_out,out_n40000_rho1.0_near-ties_seed2.pcf,dhfma,2,0,484515555,1414,1413,13863691115235756716,94456,23f703aa3bc9,2026-08-28T19:54:40Z,40000,39999,1,,,,,,,,,,,,,,,,,
campaign_e_out,out_n40000_rho1.0_near-ties_seed3.pcf,dhfma,0,0,458173775,1402,1401,3146836138340050027,60788,23f703aa3bc9,2026-08-28T19:54:40Z,40000,39999,1,,,,,,,,,,,,,,,,,
campaign_e_out,out_n40000_rho1.0_near-ties_seed3.pcf,dhfma,1,0,457960116,1402,1401,3146836138340050027,91424,23f703aa3bc9,2026-08-28T19:54:41Z,40000,39999,1,,,,,,,,,,,,,,,,,
campaign_e_out,out_n40000_rho1.0_near-ties_seed3.pcf,dhfma,2,0,459932601,1402,1401,3146836138340050027,91740,23f703aa3bc9,2026-08-28T19:54:41Z,40000,39999,1,,,,,,,,,,,,,,,,,
campaign_e_out,out_n40000_rho1.0_near-ties_seed4.pcf,dhfma,0,0,637759767,1433,1432,9135341945604345810,60628,23f703aa3bc9,2026-08-28T19:54:42Z,40000,39999,1,,,,,,,,,,,,,,,,,
campaign_e_out,out_n40000_rho1.0_near-ties_seed4.pcf,dhfma,1,0,639676662,1433,1432,9135341945604345810,104644,23f703aa3bc9,2026-08-28T19:54:42Z,40000,39999,1,,,,,,,,,,,,,,,,,
campaign_e_out,out_n40000_rho1.0_near-ties_seed4.pcf,dhfma,2,0,640027634,1433,1432,9135341945604345810,104848,23f703aa3bc9,2026-08-28T19:54:43Z,40000,39999,1,,,,,,,,,,,,,,,,,
campaign_e_out,out_n400_rho0.6_anti-correlated_seed0.pcf,dhfma,0,0,341800,280,279,12841463623034582964,17440,23f703aa3bc9,2026-08-28T19:54:43Z,400,235,165,,,,,,,,,,,,,,,,,
campaign_e_out,out_n400_rho0.6_anti-correlated_seed0.pcf,dhfma,1,0,294918,280,279,12841463623034582964,17440,23f703aa3bc9,2026-08-28T19:54:43Z,400,235,165,,,,,,,,,,,,,,,,,
campaign_e_out,out_n400_rho0.6_anti-correlated_seed0.pcf,dhfma,2,0,298326,280,279,12841463623034582964,17440,23f703aa3bc9,2026-08-28T19:54:43Z,400,235,165,,,,,,,,,,,,,,,,,
campaign_e_out,out_n400_rho0.6_anti-correlated_seed1.pcf,dhfma,0,0,334076,267,266,17294839613868317872,17440,23f703aa3bc9,2026-08-28T19:54:43Z,400,248,152,,,,,,,,,,,,,,,,,
campaign_e_out,out_n400_rho0.6_anti-correlated_seed1.pcf,dhfma,1,0,295919,267,266,17294839613868317872,17440,23f703aa3bc9,2026-08-28T19:54:43Z,400,248,152,,,,,,,,,,,,,,,,,
campaign_e_out,out_n400_rho0.6_anti-correlated_seed1.pcf,dhfma,2,0,288967,267,266,17294839613868317872,17440,23f703aa3bc9,2026-08-28T19:54:43Z,400,248,152,,,,,,,,,,,,,,,,,
campaign_e_out,out_n400_rho0.6_anti-correlated_seed2.pcf,dhfma,0,0,296761,277,276,17094609486305431902,17440,23f703aa3bc9,2026-08-28T19:54:43Z,400,238,162,,,,,,,,,,,,,,,,,
campaign_e_out,out_n400_rho0.6_anti-correlated_seed2.pcf,dhfma,1,0,270990,277,276,17094609486305431902,17440,23f703aa3bc9,2026-08-28T19:54:43Z,400,238,162,,,,,,,,,,,,,,,,,
campaign_e_out,out_n400_rho0.6_anti-correlated_seed2.pcf,dhfma,2,0,249060,277,276,17094609486305431902,17440,23f703aa3bc9,2026-08-28T19:54:43Z,400,238,162,,,,,,,,,,,,,,,,,
campaign_e_out,out_n400_rho0.6_anti-correlated_seed3.pcf,dhfma,0,0,293383,290,289,2934507265081565814,17440,23f703aa3bc9,2026-08-28T19:54:43Z,400,232,168,,,,,,,,,,,,,,,,,
campaign_e_out,out_n400_rho0.6_anti-correlated_seed3.pcf,dhfma,1,0,250860,290,289,2934507265081565814,17440,23f703aa3bc9,2026-08-28T19:54:43Z,400,232,168,,,,,,,,,,,,,,,,,
campaign_e_out,out_n400_rho0.6_anti-correlated_seed3.pcf,dhfma,2,0,238145,290,289,2934507265081565814,17440,23f703aa3bc9,2026-08-28T19:54:43Z,400,232,168,,,,,,,,,,,,,,,,,
campaign_e_out,out_n400_rho0.6_anti-correlated_seed4.pcf,dhfma,0,0,370913,290,289,815729050127518168,17440,23f703aa3bc9,2026-08-28T19:54:43Z,400,246,154,,,,,,,,,,,,,,,,,
campaign_e_out,out_n400_rho0.6_anti-correlated_seed4.pcf,dhfma,1,0,331846,290,289,815729050127518168,17440,23f703aa3bc9,2026-08-28T19:54:43Z,400,246,154,,,,,,,,,,,,,,,,,
campaign_e_out,out_n400_rho0.6_anti-correlated_seed4.pcf,dhfma,2,0,319680,290,289,815729050127518168,17440,23f703aa3bc9,2026-08-28T19:54:43Z,400,246,154,,,,,,,,,,,,,,,,,
campaign_e_out,out_n400_rho0.6_correlated_seed0.pcf,dhfma,0,0,309620,291,290,4944218771784751909,17440,23f703aa3bc9,2026-08-28T19:54:43Z,400,235,165,,,,,,,,,,,,,,,,,
campaign_e_out,out_n400_rho0.6_correlated_seed0.pcf,dhfma,1,0,271672,291,290,4944218771784751909,17440,23f703aa3bc9,2026-08-28T19:54:43Z,400,235,165,,,,,,,,,,,,,,,,,
campaign_e_out,out_n400_rho0.6_correlated_seed0.pcf,dhfma,2,0,273251,291,290,4944218771784751909,17440,23f703aa3bc9,2026-08-28T19:54:43Z,400,235,165,,,,,,,,,,,,,,,,,
campaign_e_out,out_n400_rho0.6_correlated_seed1.pcf,dhfma,0,0,320736,283,282,10084464402511492750,17440,23f703aa3bc9,2026-08-28T19:54:43Z,400,248,152,,,,,,,,,,,,,,,,,
campaign_e_out,out_n400_rho0.6_correlated_seed1.pcf,dhfma,1,0,275963,283,282,10084464402511492750,17440,23f703aa3bc9,2026-08-28T19:54:43Z,400,248,152,,,,,,,,,,,,,,,,,
campaign_e_out,out_n400_rho0.6_correlated_seed1.pcf,dhfma,2,0,285558,283,282,10084464402511492750,17440,23f703aa3bc9,2026-08-28T19:54:43Z,400,248,152,,,,,,,,,,,,,,,,,
campaign_e_out,out_n400_rho0.6_correlated_seed2.pcf,dhfma,0,0,318112,286,285,5568738863637478164,17600,23f703aa3bc9,2026-08-28T19:54:43Z,400,238,162,,,,,,,,,,,,,,,,,
campaign_e_out,out_n400_rho0.6_correlated_seed2.pcf,dhfma,1,0,347514,286,285,5568738863637478164,17600,23f703aa3bc9,2026-08-28T19:54:43Z,400,238,162,,,,,,,,,,,,,,,,,
campaign_e_out,out_n400_rho0.6_correlated_seed2.pcf,dhfma,2,0,283755,286,285,5568738863637478164,17600,23f703aa3bc9,2026-08-28T19:54:43Z,400,238,162,,,,,,,,,,,,,,,,,
campaign_e_out,out_n400_rho0.6_correlated_seed3.pcf,dhfma,0,0,294630,289,288,12899300579328016429,17600,23f703aa3bc9,2026-08-28T19:54:43Z,400,232,168,,,,,,,,,,,,,,,,,
campaign_e_out,out_n400_rho0.6_correlated_seed3.pcf,dhfma,1,0,260328,289,288,12899300579328016429,17600,23f703aa3bc9,2026-08-28T19:54:43Z,400,232,168,,,,,,,,,,,,,,,,,
campaign_e_out,out_n400_rho0.6_correlated_seed3.pcf,dhfma,2,0,259756,289,288,12899300579328016429,17600,23f703aa3bc9,2026-08-28T19:54:43Z,400,232,168,,,,,,,,,,,,,,,,,
campaign_e_out,out_n400_rho0.6_correlated_seed4.pcf,dhfma,0,0,367706,271,270,10321369266979653239,17600,23f703aa3bc9,2026-08-28T19:54:43Z,400,246,154,,,,,,,,,,,,,,,,,
campaign_e_out,out_n400_rho0.6_correlated_seed4.pcf,dhfma,1,0,328786,271,270,10321369266979653239,17600,23f703aa3bc9,2026-08-28T19:54:43Z,400,246,154,,,,,,,,,,,,,,,,,
campaign_e_out,out_n400_rho0.6_correlated_seed4.pcf,dhfma,2,0,311618,271,270,10321369266979653239,17600,23f703aa3bc9,2026-08-28T19:54:43Z,400,246,154,,,,,,,,,,,,,,,,,
campaign_e_out,out_n400_rho0.6_exact-ties_seed0.pcf,dhfma,0,0,292685,85,84,9498453901784554390,17600,23f703aa3bc9,2026-08-28T19:54:43Z,400,235,165,,,,,,,,,,,,,,,,,
campaign_e_out,out_n400_rho0.6_exact-ties_seed0.pcf,dhfma,1,0,257748,85,84,9498453901784554390,17600,23f703aa3bc9,2026-08-28T19:54:43Z,400,235,165,,,,,,,,,,,,,,,,,
campaign_e_out,out_n400_rho0.6_exact-ties_seed0.pcf,dhfma,2,0,257769,85,84,9498453901784554390,17600,23f703aa3bc9,2026-08-28T19:54:43Z,400,235,165,,,,,,,,,,,,,,,,,
campaign_e_out,out_n400_rho0.6_exact-ties_seed1.pcf,dhfma,0,0,435403,85,84,3696482179942074828,17600,23f703aa3bc9,2026-08-28T19:54:43Z,400,241,159,,,,,,,,,,,,,,,,,
campaign_e_out,out_n400_rho0.6_exact-ties_seed1.pcf,dhfma,1,0,388966,85,84,3696482179942074828,17600,23f703aa3bc9,2026-08-28T19:54:43Z,400,241,159,,,,,,,,,,,,,,,,,
campaign_e_out,out_n400_rho0.6_exact-ties_seed1.pcf,dhfma,2,0,380070,85,84,3696482179942074828,17600,23f703aa3bc9,2026-08-28T19:54:43Z,400,241,159,,,,,,,,,,,,,,,,,
campaign_e_out,out_n400_rho0.6_exact-ties_seed2.pcf,dhfma,0,0,321360,88,87,12355762609938722247,17600,23f703aa3bc9,2026-08-28T19:54:43Z,400,245,155,,,,,,,,,,,,,,,,,
campaign_e_out,out_n400_rho0.6_exact-ties_seed2.pcf,dhfma,1,0,281588,88,87,12355762609938722247,17600,23f703aa3bc9,2026-08-28T19:54:43Z,400,245,155,,,,,,,,,,,,,,,,,
campaign_e_out,out_n400_rho0.6_exact-ties_seed2.pcf,dhfma,2,0,274539,88,87,12355762609938722247,17600,23f703aa3bc9,2026-08-28T19:54:43Z,400,245,155,,,,,,,,,,,,,,,,,
campaign_e_out,out_n400_rho0.6_exact-ties_seed3.pcf,dhfma,0,0,272043,79,78,978657136866291435,17600,23f703aa3bc9,2026-08-28T19:54:43Z,400,241,159,,,,,,,,,,,,,,,,,
campaign_e_out,out_n400_rho0.6_exact-ties_seed3.pcf,dhfma,1,0,237305,79,78,978657136866291435,17600,23f703aa3bc9,2026-08-28T19:54:43Z,400,241,159,,,,,,,,,,,,,,,,,
campaign_e_out,out_n400_rho0.6_exact-ties_seed3.pcf,dhfma,2,0,236701,79,78,978657136866291435,17600,23f703aa3bc9,2026-08-28T19:54:43Z,400,241,159,,,,,,,,,,,,,,,,,
campaign_e_out,out_n400_rho0.6_exact-ties_seed4.pcf,dhfma,0,0,291047,81,80,12584520522465171317,17600,23f703aa3bc9,2026-08-28T19:54:43Z,400,244,156,,,,,,,,,,,,,,,,,
campaign_e_out,out_n400_rho0.6_exact-ties_seed4.pcf,dhfma,1,0,353131,81,80,12584520522465171317,17600,23f703aa3bc9,2026-08-28T19:54:43Z,400,244,156,,,,,,,,,,,,,,,,,
campaign_e_out,out_n400_rho0.6_exact-ties_seed4.pcf,dhfma,2,0,255245,81,80,12584520522465171317,17600,23f703aa3bc9,2026-08-28T19:54:43Z,400,244,156,,,,,,,,,,,,,,,,,
campaign_e_out,out_n400_rho0.6_independent-positive_seed0.pcf,dhfma,0,0,320416,281,280,3033543314189034970,17600,23f703aa3bc9,2026-08-28T19:54:43Z,400,238,162,,,,,,,,,,,,,,,,,
campaign_e_out,out_n400_rho0.6_independent-positive_seed0.pcf,dhfma,1,0,258633,281,280,3033543314189034970,17600,23f703aa3bc9,2026-08-28T19:54:43Z,400,238,162,,,,,,,,,,,,,,,,,
campaign_e_out,out_n400_rho0.6_independent-positive_seed0.pcf,dhfma,2,0,250334,281,280,3033543314189034970,17600,23f703aa3bc9,2026-08-28T19:54:43Z,400,238,162,,,,,,,,,,,,,,,,,
campaign_e_out,out_n400_rho0.6_independent-positive_seed1.pcf,dhfma,0,0,305634,284,283,7416979276060946055,17600,23f703aa3bc9,2026-08-28T19:54:43Z,400,240,160,,,,,,,,,,,,,,,,,
campaign_e_out,out_n400_rho0.6_independent-positive_seed1.pcf,dhfma,1,0,271176,284,283,7416979276060946055,17600,23f703aa3bc9,2026-08-28T19:54:43Z,400,240,160,,,,,,,,,,,,,,,,,
campaign_e_out,out_n400_rho0.6_independent-positive_seed1.pcf,dhfma,2,0,263080,284,283,7416979276060946055,17600,23f703aa3bc9,2026-08-28T19:54:43Z,400,240,160,,,,,,,,,,,,,,,,,
campaign_e_out,out_n400_rho0.6_independent-positive_seed2.pcf,dhfma,0,0,328806,281,280,17179843898351464222,17600,23f703aa3bc9,2026-08-28T19:54:43Z,400,232,168,,,,,,,,,,,,,,,,,
campaign_e_out,out_n400_rho0.6_independent-positive_seed2.pcf,dhfma,1,0,294813,281,280,17179843898351464222,17600,23f703aa3bc9,2026-08-28T19:54:43Z,400,232,168,,,,,,,,,,,,,,,,,
campaign_e_out,out_n400_rho0.6_independent-positive_seed2.pcf,dhfma,2,0,292587,281,280,17179843898351464222,17600,23f703aa3bc9,2026-08-28T19:54:43Z,400,232,168,,,,,,,,,,,,,,,,,
campaign_e_out,out_n400_rho0.6_independent-positive_seed3.pcf,dhfma,0,0,309149,275,274,9627267759965009305,17600,23f703aa3bc9,2026-08-28T19:54:43Z,400,241,159,,,,,,,,,,,,,,,,,
campaign_e_out,out_n400_rho0.6_independent-positive_seed3.pcf,dhfma,1,0,269535,275,274,9627267759965009305,17600,23f703aa3bc9,2026-08-28T19:54:43Z,400,241,159,,,,,,,,,,,,,,,,,
campaign_e_out,out_n400_rho0.6_independent-positive_seed3.pcf,dhfma,2,0,255227,275,274,9627267759965009305,17600,23f703aa3bc9,2026-08-28T19:54:43Z,400,241,159,,,,,,,,,,,,,,,,,
campaign_e_out,out_n400_rho0.6_independent-positive_seed4.pcf,dhfma,0,0,367164,287,286,15871163685580045969,17600,23f703aa3bc9,2026-08-28T19:54:43Z,400,245,155,,,,,,,,,,,,,,,,,
campaign_e_out,out_n400_rho0.6_independent-positive_seed4.pcf,dhfma,1,0,330504,287,286,15871163685580045969,17600,23f703aa3bc9,2026-08-28T19:54:43Z,400,245,155,,,,,,,,,,,,,,,,,
campaign_e_out,out_n400_rho0.6_independent-positive_seed4.pcf,dhfma,2,0,322050,287,286,15871163685580045969,17600,23f703aa3bc9,2026-08-28T19:54:43Z,400,245,155,,,,,,,,,,,,,,,,,
campaign_e_out,out_n400_rho0.6_independent-signed_seed0.pcf,dhfma,0,0,306490,291,290,17455643591304943402,17600,23f703aa3bc9,2026-08-28T19:54:43Z,400,238,162,,,,,,,,,,,,,,,,,
campaign_e_out,out_n400_rho0.6_independent-signed_seed0.pcf,dhfma,1,0,339839,291,290,17455643591304943402,17600,23f703aa3bc9,2026-08-28T19:54:43Z,400,238,162,,,,,,,,,,,,,,,,,
campaign_e_out,out_n400_rho0.6_independent-signed_seed0.pcf,dhfma,2,0,270500,291,290,17455643591304943402,17600,23f703aa3bc9,2026-08-28T19:54:43Z,400,238,162,,,,,,,,,,,,,,,,,
campaign_e_out,out_n400_rho0.6_independent-signed_seed1.pcf,dhfma,0,0,298923,293,292,18266629026301419511,17600,23f703aa3bc9,2026-08-28T19:54:43Z,400,240,160,,,,,,,,,,,,,,,,,
campaign_e_out,out_n400_rho0.6_independent-signed_seed1.pcf,dhfma,1,0,272964,293,292,18266629026301419511,17600,23f703aa3bc9,2026-08-28T19:54:43Z,400,240,160,,,,,,,,,,,,,,,,,
campaign_e_out,out_n400_rho0.6_independent-signed_seed1.pcf,dhfma,2,0,351747,293,292,18266629026301419511,17600,23f703aa3bc9,2026-08-28T19:54:43Z,400,240,160,,,,,,,,,,,,,,,,,
campaign_e_out,out_n400_rho0.6_independent-signed_seed2.pcf,dhfma,0,0,328575,286,285,8546808877521961216,17600,23f703aa3bc9,2026-08-28T19:54:43Z,400,232,168,,,,,,,,,,,,,,,,,
campaign_e_out,out_n400_rho0.6_independent-signed_seed2.pcf,dhfma,1,0,305925,286,285,8546808877521961216,17600,23f703aa3bc9,2026-08-28T19:54:43Z,400,232,168,,,,,,,,,,,,,,,,,
campaign_e_out,out_n400_rho0.6_independent-signed_seed2.pcf,dhfma,2,0,282174,286,285,8546808877521961216,17600,23f703aa3bc9,2026-08-28T19:54:43Z,400,232,168,,,,,,,,,,,,,,,,,
campaign_e_out,out_n400_rho0.6_independent-signed_seed3.pcf,dhfma,0,0,327965,283,282,18080174654561418897,17600,23f703aa3bc9,2026-08-28T19:54:43Z,400,241,159,,,,,,,,,,,,,,,,,
campaign_e_out,out_n400_rho0.6_independent-signed_seed3.pcf,dhfma,1,0,283301,283,282,18080174654561418897,17600,23f703aa3bc9,2026-08-28T19:54:43Z,400,241,159,,,,,,,,,,,,,,,,,
campaign_e_out,out_n400_rho0.6_independent-signed_seed3.pcf,dhfma,2,0,270484,283,282,18080174654561418897,17600,23f703aa3bc9,2026-08-28T19:54:43Z,400,241,159,,,,,,,,,,,,,,,,,
campaign_e_out,out_n400_rho0.6_independent-signed_seed4.pcf,dhfma,0,0,350482,285,284,7055782110260486720,17600,23f703aa3bc9,2026-08-28T19:54:43Z,400,245,155,,,,,,,,,,,,,,,,,
campaign_e_out,out_n400_rho0.6_independent-signed_seed4.pcf,dhfma,1,0,327051,285,284,7055782110260486720,17600,23f703aa3bc9,2026-08-28T19:54:43Z,400,245,155,,,,,,,,,,,,,,,,,
campaign_e_out,out_n400_rho0.6_independent-signed_seed4.pcf,dhfma,2,0,302425,285,284,7055782110260486720,17600,23f703aa3bc9,2026-08-28T19:54:43Z,400,245,155,,,,,,,,,,,,,,,,,
campaign_e_out,out_n400_rho0.6_near-ties_seed0.pcf,dhfma,0,0,300002,144,143,3234215677318212141,17600,23f703aa3bc9,2026-08-28T19:54:43Z,400,236,164,,,,,,,,,,,,,,,,,
campaign_e_out,out_n400_rho0.6_near-ties_seed0.pcf,dhfma,1,0,256683,144,143,3234215677318212141,17600,23f703aa3bc9,2026-08-28T19:54:43Z,400,236,164,,,,,,,,,,,,,,,,,
campaign_e_out,out_n400_rho0.6_near-ties_seed0.pcf,dhfma,2,0,253781,144,143,3234215677318212141,17600,23f703aa3bc9,2026-08-28T19:54:43Z,400,236,164,,,,,,,,,,,,,,,,,
campaign_e_out,out_n400_rho0.6_near-ties_seed1.pcf,dhfma,0,0,357311,135,134,6829475691889700399,17760,23f703aa3bc9,2026-08-28T19:54:43Z,400,248,152,,,,,,,,,,,,,,,,,
campaign_e_out,out_n400_rho0.6_near-ties_seed1.pcf,dhfma,1,0,333926,135,134,6829475691889700399,17760,23f703aa3bc9,2026-08-28T19:54:43Z,400,248,152,,,,,,,,,,,,,,,,,
campaign_e_out,out_n400_rho0.6_near-ties_seed1.pcf,dhfma,2,0,318118,135,134,6829475691889700399,17760,23f703aa3bc9,2026-08-28T19:54:43Z,400,248,152,,,,,,,,,,,,,,,,,
campaign_e_out,out_n400_rho0.6_near-ties_seed2.pcf,dhfma,0,0,380040,139,138,3860712536339888074,17760,23f703aa3bc9,2026-08-28T19:54:43Z,400,243,157,,,,,,,,,,,,,,,,,
campaign_e_out,out_n400_rho0.6_near-ties_seed2.pcf,dhfma,1,0,331456,139,138,3860712536339888074,17760,23f703aa3bc9,2026-08-28T19:54:43Z,400,243,157,,,,,,,,,,,,,,,,,
campaign_e_out,out_n400_rho0.6_near-ties_seed2.pcf,dhfma,2,0,322181,139,138,3860712536339888074,17760,23f703aa3bc9,2026-08-28T19:54:43Z,400,243,157,,,,,,,,,,,,,,,,,
campaign_e_out,out_n400_rho0.6_near-ties_seed3.pcf,dhfma,0,0,305968,143,142,16292558898321123152,17760,23f703aa3bc9,2026-08-28T19:54:43Z,400,245,155,,,,,,,,,,,,,,,,,
campaign_e_out,out_n400_rho0.6_near-ties_seed3.pcf,dhfma,1,0,266246,143,142,16292558898321123152,17760,23f703aa3bc9,2026-08-28T19:54:43Z,400,245,155,,,,,,,,,,,,,,,,,
campaign_e_out,out_n400_rho0.6_near-ties_seed3.pcf,dhfma,2,0,324985,143,142,16292558898321123152,17760,23f703aa3bc9,2026-08-28T19:54:43Z,400,245,155,,,,,,,,,,,,,,,,,
campaign_e_out,out_n400_rho0.6_near-ties_seed4.pcf,dhfma,0,0,349152,146,145,6249720148778535133,17760,23f703aa3bc9,2026-08-28T19:54:43Z,400,236,164,,,,,,,,,,,,,,,,,
campaign_e_out,out_n400_rho0.6_near-ties_seed4.pcf,dhfma,1,0,254526,146,145,6249720148778535133,17760,23f703aa3bc9,2026-08-28T19:54:43Z,400,236,164,,,,,,,,,,,,,,,,,
campaign_e_out,out_n400_rho0.6_near-ties_seed4.pcf,dhfma,2,0,256886,146,145,6249720148778535133,17760,23f703aa3bc9,2026-08-28T19:54:43Z,400,236,164,,,,,,,,,,,,,,,,,
campaign_e_out,out_n400_rho1.0_anti-correlated_seed0.pcf,dhfma,0,0,1391007,198,197,17548021357012691144,17760,23f703aa3bc9,2026-08-28T19:54:43Z,400,399,1,,,,,,,,,,,,,,,,,
campaign_e_out,out_n400_rho1.0_anti-correlated_seed0.pcf,dhfma,1,0,1247752,198,197,17548021357012691144,17760,23f703aa3bc9,2026-08-28T19:54:43Z,400,399,1,,,,,,,,,,,,,,,,,
campaign_e_out,out_n400_rho1.0_anti-correlated_seed0.pcf,dhfma,2,0,1227941,198,197,17548021357012691144,17760,23f703aa3bc9,2026-08-28T19:54:43Z,400,399,1,,,,,,,,,,,,,,,,,
campaign_e_out,out_n400_rho1.0_anti-correlated_seed1.pcf,dhfma,0,0,1538812,199,198,8361316826540879077,17760,23f703aa3bc9,2026-08-28T19:54:43Z,400,399,1,,,,,,,,,,,,,,,,,
campaign_e_out,out_n400_rho1.0_anti-correlated_seed1.pcf,dhfma,1,0,1523345,199,198,8361316826540879077,17760,23f703aa3bc9,2026-08-28T19:54:43Z,400,399,1,,,,,,,,,,,,,,,,,
campaign_e_out,out_n400_rho1.0_anti-correlated_seed1.pcf,dhfma,2,0,1446789,199,198,8361316826540879077,17760,23f703aa3bc9,2026-08-28T19:54:43Z,400,399,1,,,,,,,,,,,,,,,,,
campaign_e_out,out_n400_rho1.0_anti-correlated_seed2.pcf,dhfma,0,0,1197709,202,201,5216278574888979806,17760,23f703aa3bc9,2026-08-28T19:54:43Z,400,399,1,,,,,,,,,,,,,,,,,
campaign_e_out,out_n400_rho1.0_anti-correlated_seed2.pcf,dhfma,1,0,1146719,202,201,5216278574888979806,17760,23f703aa3bc9,2026-08-28T19:54:43Z,400,399,1,,,,,,,,,,,,,,,,,
campaign_e_out,out_n400_rho1.0_anti-correlated_seed2.pcf,dhfma,2,0,1121479,202,201,5216278574888979806,17760,23f703aa3bc9,2026-08-28T19:54:43Z,400,399,1,,,,,,,,,,,,,,,,,
campaign_e_out,out_n400_rho1.0_anti-correlated_seed3.pcf,dhfma,0,0,1031512,206,205,3429074816443357825,17760,23f703aa3bc9,2026-08-28T19:54:43Z,400,399,1,,,,,,,,,,,,,,,,,
campaign_e_out,out_n400_rho1.0_anti-correlated_seed3.pcf,dhfma,1,0,1028390,206,205,3429074816443357825,17760,23f703aa3bc9,2026-08-28T19:54:43Z,400,399,1,,,,,,,,,,,,,,,,,
campaign_e_out,out_n400_rho1.0_anti-correlated_seed3.pcf,dhfma,2,0,982428,206,205,3429074816443357825,17760,23f703aa3bc9,2026-08-28T19:54:43Z,400,399,1,,,,,,,,,,,,,,,,,
campaign_e_out,out_n400_rho1.0_anti-correlated_seed4.pcf,dhfma,0,0,1248872,204,203,3441155530619898709,17760,23f703aa3bc9,2026-08-28T19:54:43Z,400,399,1,,,,,,,,,,,,,,,,,
campaign_e_out,out_n400_rho1.0_anti-correlated_seed4.pcf,dhfma,1,0,1184551,204,203,3441155530619898709,17760,23f703aa3bc9,2026-08-28T19:54:43Z,400,399,1,,,,,,,,,,,,,,,,,
campaign_e_out,out_n400_rho1.0_anti-correlated_seed4.pcf,dhfma,2,0,1168635,204,203,3441155530619898709,17760,23f703aa3bc9,2026-08-28T19:54:43Z,400,399,1,,,,,,,,,,,,,,,,,
campaign_e_out,out_n400_rho1.0_correlated_seed0.pcf,dhfma,0,0,1431273,218,217,16588632346450652969,17760,23f703aa3bc9,2026-08-28T19:54:43Z,400,399,1,,,,,,,,,,,,,,,,,
campaign_e_out,out_n400_rho1.0_correlated_seed0.pcf,dhfma,1,0,1418110,218,217,16588632346450652969,17760,23f703aa3bc9,2026-08-28T19:54:43Z,400,399,1,,,,,,,,,,,,,,,,,
campaign_e_out,out_n400_rho1.0_correlated_seed0.pcf,dhfma,2,0,1373955,218,217,16588632346450652969,17760,23f703aa3bc9,2026-08-28T19:54:43Z,400,399,1,,,,,,,,,,,,,,,,,
campaign_e_out,out_n400_rho1.0_correlated_seed1.pcf,dhfma,0,0,1235375,214,213,9826240752631207663,17760,23f703aa3bc9,2026-08-28T19:54:43Z,400,399,1,,,,,,,,,,,,,,,,,
campaign_e_out,out_n400_rho1.0_correlated_seed1.pcf,dhfma,1,0,1246483,214,213,9826240752631207663,17760,23f703aa3bc9,2026-08-28T19:54:43Z,400,399,1,,,,,,,,,,,,,,,,,
campaign_e_out,out_n400_rho1.0_correlated_seed1.pcf,dhfma,2,0,1146112,214,213,9826240752631207663,17760,23f703aa3bc9,2026-08-28T19:54:43Z,400,399,1,,,,,,,,,,,,,,,,,
campaign_e_out,out_n400_rho1.0_correlated_seed2.pcf,dhfma,0,0,1493033,201,200,17025021486694031823,17760,23f703aa3bc9,2026-08-28T19:54:43Z,400,399,1,,,,,,,,,,,,,,,,,
campaign_e_out,out_n400_rho1.0_correlated_seed2.pcf,dhfma,1,0,1478617,201,200,17025021486694031823,17760,23f703aa3bc9,2026-08-28T19:54:43Z,400,399,1,,,,,,,,,,,,,,,,,
campaign_e_out,out_n400_rho1.0_correlated_seed2.pcf,dhfma,2,0,1462708,201,200,17025021486694031823,17760,23f703aa3bc9,2026-08-28T19:54:43Z,400,399,1,,,,,,,,,,,,,,,,,
campaign_e_out,out_n400_rho1.0_correlated_seed3.pcf,dhfma,0,0,1605584,206,205,8661800461509532924,17760,23f703aa3bc9,2026-08-28T19:54:43Z,400,399,1,,,,,,,,,,,,,,,,,
campaign_e_out,out_n400_rho1.0_correlated_seed3.pcf,dhfma,1,0,1459256,206,205,8661800461509532924,17760,23f703aa3bc9,2026-08-28T19:54:43Z,400,399,1,,,,,,,,,,,,,,,,,
campaign_e_out,out_n400_rho1.0_correlated_seed3.pcf,dhfma,2,0,1410468,206,205,8661800461509532924,17760,23f703aa3bc9,2026-08-28T19:54:43Z,400,399,1,,,,,,,,,,,,,,,,,
campaign_e_out,out_n400_rho1.0_correlated_seed4.pcf,dhfma,0,0,1252133,203,202,18205579161012404746,17760,23f703aa3bc9,2026-08-28T19:54:43Z,400,399,1,,,,,,,,,,,,,,,,,
campaign_e_out,out_n400_rho1.0_correlated_seed4.pcf,dhfma,1,0,1148872,203,202,18205579161012404746,17760,23f703aa3bc9,2026-08-28T19:54:43Z,400,399,1,,,,,,,,,,,,,,,,,
campaign_e_out,out_n400_rho1.0_correlated_seed4.pcf,dhfma,2,0,1111251,203,202,18205579161012404746,17760,23f703aa3bc9,2026-08-28T19:54:43Z,400,399,1,,,,,,,,,,,,,,,,,
campaign_e_out,out_n400_rho1.0_exact-ties_seed0.pcf,dhfma,0,0,1243248,83,82,12563638350996846177,17760,23f703aa3bc9,2026-08-28T19:54:43Z,400,399,1,,,,,,,,,,,,,,,,,
campaign_e_out,out_n400_rho1.0_exact-ties_seed0.pcf,dhfma,1,0,1273213,83,82,12563638350996846177,17760,23f703aa3bc9,2026-08-28T19:54:43Z,400,399,1,,,,,,,,,,,,,,,,,
campaign_e_out,out_n400_rho1.0_exact-ties_seed0.pcf,dhfma,2,0,1221863,83,82,12563638350996846177,17760,23f703aa3bc9,2026-08-28T19:54:43Z,400,399,1,,,,,,,,,,,,,,,,,
campaign_e_out,out_n400_rho1.0_exact-ties_seed1.pcf,dhfma,0,0,1412296,87,86,12162728813985384268,17760,23f703aa3bc9,2026-08-28T19:54:43Z,400,399,1,,,,,,,,,,,,,,,,,
campaign_e_out,out_n400_rho1.0_exact-ties_seed1.pcf,dhfma,1,0,1260441,87,86,12162728813985384268,17760,23f703aa3bc9,2026-08-28T19:54:43Z,400,399,1,,,,,,,,,,,,,,,,,
campaign_e_out,out_n400_rho1.0_exact-ties_seed1.pcf,dhfma,2,0,1253402,87,86,12162728813985384268,17760,23f703aa3bc9,2026-08-28T19:54:43Z,400,399,1,,,,,,,,,,,,,,,,,
campaign_e_out,out_n400_rho1.0_exact-ties_seed2.pcf,dhfma,0,0,1357557,87,86,13853957789677980866,17760,23f703aa3bc9,2026-08-28T19:54:43Z,400,399,1,,,,,,,,,,,,,,,,,
campaign_e_out,out_n400_rho1.0_exact-ties_seed2.pcf,dhfma,1,0,1216260,87,86,13853957789677980866,17760,23f703aa3bc9,2026-08-28T19:54:43Z,400,399,1,,,,,,,,,,,,,,,,,
campaign_e_out,out_n400_rho1.0_exact-ties_seed2.pcf,dhfma,2,0,1211941,87,86,13853957789677980866,17760,23f703aa3bc9,2026-08-28T19:54:43Z,400,399,1,,,,,,,,,,,,,,,,,
campaign_e_out,out_n400_rho1.0_exact-ties_seed3.pcf,dhfma,0,0,1215944,85,84,10571125370175717368,17760,23f703aa3bc9,2026-08-28T19:54:43Z,400,399,1,,,,,,,,,,,,,,,,,
campaign_e_out,out_n400_rho1.0_exact-ties_seed3.pcf,dhfma,1,0,1187750,85,84,10571125370175717368,17760,23f703aa3bc9,2026-08-28T19:54:43Z,400,399,1,,,,,,,,,,,,,,,,,
campaign_e_out,out_n400_rho1.0_exact-ties_seed3.pcf,dhfma,2,0,1152419,85,84,10571125370175717368,17760,23f703aa3bc9,2026-08-28T19:54:43Z,400,399,1,,,,,,,,,,,,,,,,,
campaign_e_out,out_n400_rho1.0_exact-ties_seed4.pcf,dhfma,0,0,1311904,86,85,616464103335102481,17760,23f703aa3bc9,2026-08-28T19:54:43Z,400,399,1,,,,,,,,,,,,,,,,,
campaign_e_out,out_n400_rho1.0_exact-ties_seed4.pcf,dhfma,1,0,1337070,86,85,616464103335102481,17760,23f703aa3bc9,2026-08-28T19:54:43Z,400,399,1,,,,,,,,,,,,,,,,,
campaign_e_out,out_n400_rho1.0_exact-ties_seed4.pcf,dhfma,2,0,1255106,86,85,616464103335102481,17760,23f703aa3bc9,2026-08-28T19:54:43Z,400,399,1,,,,,,,,,,,,,,,,,
campaign_e_out,out_n400_rho1.0_independent-positive_seed0.pcf,dhfma,0,0,1683875,208,207,12289046723934599794,17920,23f703aa3bc9,2026-08-28T19:54:43Z,400,399,1,,,,,,,,,,,,,,,,,
campaign_e_out,out_n400_rho1.0_independent-positive_seed0.pcf,dhfma,1,0,1571869,208,207,12289046723934599794,17920,23f703aa3bc9,2026-08-28T19:54:43Z,400,399,1,,,,,,,,,,,,,,,,,
campaign_e_out,out_n400_rho1.0_independent-positive_seed0.pcf,dhfma,2,0,1570219,208,207,12289046723934599794,17920,23f703aa3bc9,2026-08-28T19:54:43Z,400,399,1,,,,,,,,,,,,,,,,,
campaign_e_out,out_n400_rho1.0_independent-positive_seed1.pcf,dhfma,0,0,1343686,210,209,7974970047876748506,17920,23f703aa3bc9,2026-08-28T19:54:43Z,400,399,1,,,,,,,,,,,,,,,,,
campaign_e_out,out_n400_rho1.0_independent-positive_seed1.pcf,dhfma,1,0,1334508,210,209,7974970047876748506,17920,23f703aa3bc9,2026-08-28T19:54:43Z,400,399,1,,,,,,,,,,,,,,,,,
campaign_e_out,out_n400_rho1.0_independent-positive_seed1.pcf,dhfma,2,0,1292406,210,209,7974970047876748506,17920,23f703aa3bc9,2026-08-28T19:54:43Z,400,399,1,,,,,,,,,,,,,,,,,
campaign_e_out,out_n400_rho1.0_independent-positive_seed2.pcf,dhfma,0,0,1276138,205,204,12123065866939884365,17920,23f703aa3bc9,2026-08-28T19:54:43Z,400,399,1,,,,,,,,,,,,,,,,,
campaign_e_out,out_n400_rho1.0_independent-positive_seed2.pcf,dhfma,1,0,1276813,205,204,12123065866939884365,17920,23f703aa3bc9,2026-08-28T19:54:43Z,400,399,1,,,,,,,,,,,,,,,,,
campaign_e_out,out_n400_rho1.0_independent-positive_seed2.pcf,dhfma,2,0,1192105,205,204,12123065866939884365,17920,23f703aa3bc9,2026-08-28T19:54:43Z,400,399,1,,,,,,,,,,,,,,,,,
campaign_e_out,out_n400_rho1.0_independent-positive_seed3.pcf,dhfma,0,0,1665898,193,192,2961832727945866302,17920,23f703aa3bc9,2026-08-28T19:54:43Z,400,399,1,,,,,,,,,,,,,,,,,
campaign_e_out,out_n400_rho1.0_independent-positive_seed3.pcf,dhfma,1,0,1611886,193,192,2961832727945866302,17920,23f703aa3bc9,2026-08-28T19:54:43Z,400,399,1,,,,,,,,,,,,,,,,,
campaign_e_out,out_n400_rho1.0_independent-positive_seed3.pcf,dhfma,2,0,1564030,193,192,2961832727945866302,17920,23f703aa3bc9,2026-08-28T19:54:43Z,400,399,1,,,,,,,,,,,,,,,,,
campaign_e_out,out_n400_rho1.0_independent-positive_seed4.pcf,dhfma,0,0,1214916,201,200,16870678772567067345,17920,23f703aa3bc9,2026-08-28T19:54:43Z,400,399,1,,,,,,,,,,,,,,,,,
campaign_e_out,out_n400_rho1.0_independent-positive_seed4.pcf,dhfma,1,0,1155401,201,200,16870678772567067345,17920,23f703aa3bc9,2026-08-28T19:54:43Z,400,399,1,,,,,,,,,,,,,,,,,
campaign_e_out,out_n400_rho1.0_independent-positive_seed4.pcf,dhfma,2,0,1096653,201,200,16870678772567067345,17920,23f703aa3bc9,2026-08-28T19:54:43Z,400,399,1,,,,,,,,,,,,,,,,,
campaign_e_out,out_n400_rho1.0_independent-signed_seed0.pcf,dhfma,0,0,1206419,209,208,6512806380581633999,17920,23f703aa3bc9,2026-08-28T19:54:43Z,400,399,1,,,,,,,,,,,,,,,,,
campaign_e_out,out_n400_rho1.0_independent-signed_seed0.pcf,dhfma,1,0,1105908,209,208,6512806380581633999,17920,23f703aa3bc9,2026-08-28T19:54:43Z,400,399,1,,,,,,,,,,,,,,,,,
campaign_e_out,out_n400_rho1.0_independent-signed_seed0.pcf,dhfma,2,0,1071733,209,208,6512806380581633999,17920,23f703aa3bc9,2026-08-28T19:54:43Z,400,399,1,,,,,,,,,,,,,,,,,
campaign_e_out,out_n400_rho1.0_independent-signed_seed1.pcf,dhfma,0,0,1185928,202,201,1260721129850692263,17920,23f703aa3bc9,2026-08-28T19:54:43Z,400,399,1,,,,,,,,,,,,,,,,,
campaign_e_out,out_n400_rho1.0_independent-signed_seed1.pcf,dhfma,1,0,1101919,202,201,1260721129850692263,17920,23f703aa3bc9,2026-08-28T19:54:43Z,400,399,1,,,,,,,,,,,,,,,,,
campaign_e_out,out_n400_rho1.0_independent-signed_seed1.pcf,dhfma,2,0,1074492,202,201,1260721129850692263,17920,23f703aa3bc9,2026-08-28T19:54:43Z,400,399,1,,,,,,,,,,,,,,,,,
campaign_e_out,out_n400_rho1.0_independent-signed_seed2.pcf,dhfma,0,0,1410207,208,207,13200026043956828333,17920,23f703aa3bc9,2026-08-28T19:54:43Z,400,399,1,,,,,,,,,,,,,,,,,
campaign_e_out,out_n400_rho1.0_independent-signed_seed2.pcf,dhfma,1,0,1463960,208,207,13200026043956828333,17920,23f703aa3bc9,2026-08-28T19:54:43Z,400,399,1,,,,,,,,,,,,,,,,,
campaign_e_out,out_n400_rho1.0_independent-signed_seed2.pcf,dhfma,2,0,1454421,208,207,13200026043956828333,17920,23f703aa3bc9,2026-08-28T19:54:43Z,400,399,1,,,,,,,,,,,,,,,,,
campaign_e_out,out_n400_rho1.0_independent-signed_seed3.pcf,dhfma,0,0,2066610,189,188,26505795153816182,17920,23f703aa3bc9,2026-08-28T19:54:43Z,400,399,1,,,,,,,,,,,,,,,,,
campaign_e_out,out_n400_rho1.0_independent-signed_seed3.pcf,dhfma,1,0,1924164,189,188,26505795153816182,17920,23f703aa3bc9,2026-08-28T19:54:43Z,400,399,1,,,,,,,,,,,,,,,,,
campaign_e_out,out_n400_rho1.0_independent-signed_seed3.pcf,dhfma,2,0,1943576,189,188,26505795153816182,17920,23f703aa3bc9,2026-08-28T19:54:43Z,400,399,1,,,,,,,,,,,,,,,,,
campaign_e_out,out_n400_rho1.0_independent-signed_seed4.pcf,dhfma,0,0,1470594,206,205,354516319968861590,17920,23f703aa3bc9,2026-08-28T19:54:43Z,400,399,1,,,,,,,,,,,,,,,,,
campaign_e_out,out_n400_rho1.0_independent-signed_seed4.pcf,dhfma,1,0,1347797,206,205,354516319968861590,17920,23f703aa3bc9,2026-08-28T19:54:43Z,400,399,1,,,,,,,,,,,,,,,,,
campaign_e_out,out_n400_rho1.0_independent-signed_seed4.pcf,dhfma,2,0,1320101,206,205,354516319968861590,17920,23f703aa3bc9,2026-08-28T19:54:43Z,400,399,1,,,,,,,,,,,,,,,,,
campaign_e_out,out_n400_rho1.0_near-ties_seed0.pcf,dhfma,0,0,1419212,123,122,7016617741123419747,17920,23f703aa3bc9,2026-08-28T19:54:43Z,400,399,1,,,,,,,,,,,,,,,,,
campaign_e_out,out_n400_rho1.0_near-ties_seed0.pcf,dhfma,1,0,1422959,123,122,7016617741123419747,17920,23f703aa3bc9,2026-08-28T19:54:43Z,400,399,1,,,,,,,,,,,,,,,,,
campaign_e_out,out_n400_rho1.0_near-ties_seed0.pcf,dhfma,2,0,1391256,123,122,7016617741123419747,17920,23f703aa3bc9,2026-08-28T19:54:43Z,400,399,1,,,,,,,,,,,,,,,,,
campaign_e_out,out_n400_rho1.0_near-ties_seed1.pcf,dhfma,0,0,1639754,124,123,15010945907723178261,17920,23f703aa3bc9,2026-08-28T19:54:43Z,400,399,1,,,,,,,,,,,,,,,,,
campaign_e_out,out_n400_rho1.0_near-ties_seed1.pcf,dhfma,1,0,1583854,124,123,15010945907723178261,17920,23f703aa3bc9,2026-08-28T19:54:43Z,400,399,1,,,,,,,,,,,,,,,,,
campaign_e_out,out_n400_rho1.0_near-ties_seed1.pcf,dhfma,2,0,1525689,124,123,15010945907723178261,17920,23f703aa3bc9,2026-08-28T19:54:43Z,400,399,1,,,,,,,,,,,,,,,,,
campaign_e_out,out_n400_rho1.0_near-ties_seed2.pcf,dhfma,0,0,1901928,116,115,8238636548738510651,17920,23f703aa3bc9,2026-08-28T19:54:43Z,400,399,1,,,,,,,,,,,,,,,,,
campaign_e_out,out_n400_rho1.0_near-ties_seed2.pcf,dhfma,1,0,1827370,116,115,8238636548738510651,17920,23f703aa3bc9,2026-08-28T19:54:43Z,400,399,1,,,,,,,,,,,,,,,,,
campaign_e_out,out_n400_rho1.0_near-ties_seed2.pcf,dhfma,2,0,1745915,116,115,8238636548738510651,17920,23f703aa3bc9,2026-08-28T19:54:43Z,400,399,1,,,,,,,,,,,,,,,,,
campaign_e_out,out_n400_rho1.0_near-ties_seed3.pcf,dhfma,0,0,1554443,125,124,7636704211737634861,17920,23f703aa3bc9,2026-08-28T19:54:43Z,400,399,1,,,,,,,,,,,,,,,,,
campaign_e_out,out_n400_rho1.0_near-ties_seed3.pcf,dhfma,1,0,1423071,125,124,7636704211737634861,17920,23f703aa3bc9,2026-08-28T19:54:43Z,400,399,1,,,,,,,,,,,,,,,,,
campaign_e_out,out_n400_rho1.0_near-ties_seed3.pcf,dhfma,2,0,1403086,125,124,7636704211737634861,17920,23f703aa3bc9,2026-08-28T19:54:43Z,400,399,1,,,,,,,,,,,,,,,,,
campaign_e_out,out_n400_rho1.0_near-ties_seed4.pcf,dhfma,0,0,1385656,115,114,14912016688623559530,17920,23f703aa3bc9,2026-08-28T19:54:43Z,400,399,1,,,,,,,,,,,,,,,,,
campaign_e_out,out_n400_rho1.0_near-ties_seed4.pcf,dhfma,1,0,1397060,115,114,14912016688623559530,17920,23f703aa3bc9,2026-08-28T19:54:43Z,400,399,1,,,,,,,,,,,,,,,,,
campaign_e_out,out_n400_rho1.0_near-ties_seed4.pcf,dhfma,2,0,1343769,115,114,14912016688623559530,17920,23f703aa3bc9,2026-08-28T19:54:43Z,400,399,1,,,,,,,,,,,,,,,,,
campaign_e_out,out_n50000_rho0.6_anti-correlated_seed0.pcf,dhfma,0,0,58189060,30972,30971,15297661164408210333,20812,23f703aa3bc9,2026-08-28T19:54:43Z,50000,29955,20045,,,,,,,,,,,,,,,,,
campaign_e_out,out_n50000_rho0.6_anti-correlated_seed0.pcf,dhfma,1,0,55621557,30972,30971,15297661164408210333,21444,23f703aa3bc9,2026-08-28T19:54:43Z,50000,29955,20045,,,,,,,,,,,,,,,,,
campaign_e_out,out_n50000_rho0.6_anti-correlated_seed0.pcf,dhfma,2,0,56394118,30972,30971,15297661164408210333,21444,23f703aa3bc9,2026-08-28T19:54:43Z,50000,29955,20045,,,,,,,,,,,,,,,,,
campaign_e_out,out_n50000_rho0.6_anti-correlated_seed1.pcf,dhfma,0,0,60325232,30867,30866,17497377211596640599,20876,23f703aa3bc9,2026-08-28T19:54:44Z,50000,30010,19990,,,,,,,,,,,,,,,,,
campaign_e_out,out_n50000_rho0.6_anti-correlated_seed1.pcf,dhfma,1,0,58122321,30867,30866,17497377211596640599,21492,23f703aa3bc9,2026-08-28T19:54:44Z,50000,30010,19990,,,,,,,,,,,,,,,,,
campaign_e_out,out_n50000_rho0.6_anti-correlated_seed1.pcf,dhfma,2,0,57640505,30867,30866,17497377211596640599,21652,23f703aa3bc9,2026-08-28T19:54:44Z,50000,30010,19990,,,,,,,,,,,,,,,,,
campaign_e_out,out_n50000_rho0.6_anti-correlated_seed2.pcf,dhfma,0,0,66129776,30894,30893,8890014579775200000,21244,23f703aa3bc9,2026-08-28T19:54:44Z,50000,29992,20008,,,,,,,,,,,,,,,,,
campaign_e_out,out_n50000_rho0.6_anti-correlated_seed2.pcf,dhfma,1,0,63293724,30894,30893,8890014579775200000,22068,23f703aa3bc9,2026-08-28T19:54:44Z,50000,29992,20008,,,,,,,,,,,,,,,,,
campaign_e_out,out_n50000_rho0.6_anti-correlated_seed2.pcf,dhfma,2,0,64455889,30894,30893,8890014579775200000,22068,23f703aa3bc9,2026-08-28T19:54:44Z,50000,29992,20008,,,,,,,,,,,,,,,,,
campaign_e_out,out_n50000_rho0.6_anti-correlated_seed3.pcf,dhfma,0,0,61024050,30947,30946,14493568265083507897,20820,23f703aa3bc9,2026-08-28T19:54:44Z,50000,30083,19917,,,,,,,,,,,,,,,,,
campaign_e_out,out_n50000_rho0.6_anti-correlated_seed3.pcf,dhfma,1,0,58534617,30947,30946,14493568265083507897,21612,23f703aa3bc9,2026-08-28T19:54:44Z,50000,30083,19917,,,,,,,,,,,,,,,,,
campaign_e_out,out_n50000_rho0.6_anti-correlated_seed3.pcf,dhfma,2,0,59347893,30947,30946,14493568265083507897,21612,23f703aa3bc9,2026-08-28T19:54:44Z,50000,30083,19917,,,,,,,,,,,,,,,,,
campaign_e_out,out_n50000_rho0.6_anti-correlated_seed4.pcf,dhfma,0,0,59143392,30835,30834,1403521159883943669,20824,23f703aa3bc9,2026-08-28T19:54:44Z,50000,30096,19904,,,,,,,,,,,,,,,,,
campaign_e_out,out_n50000_rho0.6_anti-correlated_seed4.pcf,dhfma,1,0,57005581,30835,30834,1403521159883943669,21444,23f703aa3bc9,2026-08-28T19:54:44Z,50000,30096,19904,,,,,,,,,,,,,,,,,
campaign_e_out,out_n50000_rho0.6_anti-correlated_seed4.pcf,dhfma,2,0,57440710,30835,30834,1403521159883943669,21444,23f703aa3bc9,2026-08-28T19:54:44Z,50000,30096,19904,,,,,,,,,,,,,,,,,
campaign_e_out,out_n50000_rho0.6_correlated_seed0.pcf,dhfma,0,0,57011379,24957,24956,15951240070525997890,19692,23f703aa3bc9,2026-08-28T19:54:44Z,50000,29955,20045,,,,,,,,,,,,,,,,,
campaign_e_out,out_n50000_rho0.6_correlated_seed0.pcf,dhfma,1,0,55087293,24957,24956,15951240070525997890,20736,23f703aa3bc9,2026-08-28T19:54:44Z,50000,29955,20045,,,,,,,,,,,,,,,,,
campaign_e_out,out_n50000_rho0.6_correlated_seed0.pcf,dhfma,2,0,55803017,24957,24956,15951240070525997890,20736,23f703aa3bc9,2026-08-28T19:54:44Z,50000,29955,20045,,,,,,,,,,,,,,,,,
campaign_e_out,out_n50000_rho0.6_correlated_seed1.pcf,dhfma,0,0,57605515,25092,25091,11528602410811967915,19756,23f703aa3bc9,2026-08-28T19:54:45Z,50000,30010,19990,,,,,,,,,,,,,,,,,
campaign_e_out,out_n50000_rho0.6_correlated_seed1.pcf,dhfma,1,0,55752565,25092,25091,11528602410811967915,20660,23f703aa3bc9,2026-08-28T19:54:45Z,50000,30010,19990,,,,,,,,,,,,,,,,,
campaign_e_out,out_n50000_rho0.6_correlated_seed1.pcf,dhfma,2,0,54521960,25092,25091,11528602410811967915,21140,23f703aa3bc9,2026-08-28T19:54:45Z,50000,30010,19990,,,,,,,,,,,,,,,,,
campaign_e_out,out_n50000_rho0.6_correlated_seed2.pcf,dhfma,0,0,61504558,24924,24923,14217087135535354681,20012,23f703aa3bc9,2026-08-28T19:54:45Z,50000,29992,20008,,,,,,,,,,,,,,,,,
campaign_e_out,out_n50000_rho0.6_correlated_seed2.pcf,dhfma,1,0,59633179,24924,24923,14217087135535354681,21044,23f703aa3bc9,2026-08-28T19:54:45Z,50000,29992,20008,,,,,,,,,,,,,,,,,
campaign_e_out,out_n50000_rho0.6_correlated_seed2.pcf,dhfma,2,0,59591367,24924,24923,14217087135535354681,21044,23f703aa3bc9,2026-08-28T19:54:45Z,50000,29992,20008,,,,,,,,,,,,,,,,,
campaign_e_out,out_n50000_rho0.6_correlated_seed3.pcf,dhfma,0,0,58690463,24943,24942,17041078788764454579,19868,23f703aa3bc9,2026-08-28T19:54:45Z,50000,30083,19917,,,,,,,,,,,,,,,,,
campaign_e_out,out_n50000_rho0.6_correlated_seed3.pcf,dhfma,1,0,56654065,24943,24942,17041078788764454579,20432,23f703aa3bc9,2026-08-28T19:54:45Z,50000,30083,19917,,,,,,,,,,,,,,,,,
campaign_e_out,out_n50000_rho0.6_correlated_seed3.pcf,dhfma,2,0,57296472,24943,24942,17041078788764454579,20432,23f703aa3bc9,2026-08-28T19:54:45Z,50000,30083,19917,,,,,,,,,,,,,,,,,
campaign_e_out,out_n50000_rho0.6_correlated_seed4.pcf,dhfma,0,0,58263571,25074,25073,2077158137489680554,19860,23f703aa3bc9,2026-08-28T19:54:45Z,50000,30096,19904,,,,,,,,,,,,,,,,,
campaign_e_out,out_n50000_rho0.6_correlated_seed4.pcf,dhfma,1,0,56284416,25074,25073,2077158137489680554,20764,23f703aa3bc9,2026-08-28T19:54:45Z,50000,30096,19904,,,,,,,,,,,,,,,,,
campaign_e_out,out_n50000_rho0.6_correlated_seed4.pcf,dhfma,2,0,56842027,25074,25073,2077158137489680554,20764,23f703aa3bc9,2026-08-28T19:54:45Z,50000,30096,19904,,,,,,,,,,,,,,,,,
campaign_e_out,out_n50000_rho0.6_exact-ties_seed0.pcf,dhfma,0,0,57075076,7785,7784,4367074406704254513,19380,23f703aa3bc9,2026-08-28T19:54:45Z,50000,30070,19930,,,,,,,,,,,,,,,,,
campaign_e_out,out_n50000_rho0.6_exact-ties_seed0.pcf,dhfma,1,0,56031411,7785,7784,4367074406704254513,21952,23f703aa3bc9,2026-08-28T19:54:45Z,50000,30070,19930,,,,,,,,,,,,,,,,,
campaign_e_out,out_n50000_rho0.6_exact-ties_seed0.pcf,dhfma,2,0,56155614,7785,7784,4367074406704254513,21952,23f703aa3bc9,2026-08-28T19:54:45Z,50000,30070,19930,,,,,,,,,,,,,,,,,
campaign_e_out,out_n50000_rho0.6_exact-ties_seed1.pcf,dhfma,0,0,53006633,7813,7812,16516112556248925044,18080,23f703aa3bc9,2026-08-28T19:54:45Z,50000,29993,20007,,,,,,,,,,,,,,,,,
campaign_e_out,out_n50000_rho0.6_exact-ties_seed1.pcf,dhfma,1,0,52278052,7813,7812,16516112556248925044,18080,23f703aa3bc9,2026-08-28T19:54:46Z,50000,29993,20007,,,,,,,,,,,,,,,,,
campaign_e_out,out_n50000_rho0.6_exact-ties_seed1.pcf,dhfma,2,0,52709509,7813,7812,16516112556248925044,18080,23f703aa3bc9,2026-08-28T19:54:46Z,50000,29993,20007,,,,,,,,,,,,,,,,,
campaign_e_out,out_n50000_rho0.6_exact-ties_seed2.pcf,dhfma,0,0,52357470,7759,7758,1158221230082326486,18080,23f703aa3bc9,2026-08-28T19:54:46Z,50000,29826,20174,,,,,,,,,,,,,,,,,
campaign_e_out,out_n50000_rho0.6_exact-ties_seed2.pcf,dhfma,1,0,52136190,7759,7758,1158221230082326486,18080,23f703aa3bc9,2026-08-28T19:54:46Z,50000,29826,20174,,,,,,,,,,,,,,,,,
campaign_e_out,out_n50000_rho0.6_exact-ties_seed2.pcf,dhfma,2,0,51814043,7759,7758,1158221230082326486,18360,23f703aa3bc9,2026-08-28T19:54:46Z,50000,29826,20174,,,,,,,,,,,,,,,,,
campaign_e_out,out_n50000_rho0.6_exact-ties_seed3.pcf,dhfma,0,0,51784123,7876,7875,7075944080134421189,18080,23f703aa3bc9,2026-08-28T19:54:46Z,50000,30018,19982,,,,,,,,,,,,,,,,,
campaign_e_out,out_n50000_rho0.6_exact-ties_seed3.pcf,dhfma,1,0,51077706,7876,7875,7075944080134421189,18080,23f703aa3bc9,2026-08-28T19:54:46Z,50000,30018,19982,,,,,,,,,,,,,,,,,
campaign_e_out,out_n50000_rho0.6_exact-ties_seed3.pcf,dhfma,2,0,51453472,7876,7875,7075944080134421189,18080,23f703aa3bc9,2026-08-28T19:54:46Z,50000,30018,19982,,,,,,,,,,,,,,,,,
campaign_e_out,out_n50000_rho0.6_exact-ties_seed4.pcf,dhfma,0,0,54644133,7806,7805,6735793451298663414,18080,23f703aa3bc9,2026-08-28T19:54:46Z,50000,30176,19824,,,,,,,,,,,,,,,,,
campaign_e_out,out_n50000_rho0.6_exact-ties_seed4.pcf,dhfma,1,0,53723002,7806,7805,6735793451298663414,18120,23f703aa3bc9,2026-08-28T19:54:46Z,50000,30176,19824,,,,,,,,,,,,,,,,,
campaign_e_out,out_n50000_rho0.6_exact-ties_seed4.pcf,dhfma,2,0,54152471,7806,7805,6735793451298663414,18368,23f703aa3bc9,2026-08-28T19:54:46Z,50000,30176,19824,,,,,,,,,,,,,,,,,
campaign_e_out,out_n50000_rho0.6_independent-positive_seed0.pcf,dhfma,0,0,72512010,33035,33034,14384190776978735078,23476,23f703aa3bc9,2026-08-28T19:54:46Z,50000,30037,19963,,,,,,,,,,,,,,,,,
campaign_e_out,out_n50000_rho0.6_independent-positive_seed0.pcf,dhfma,1,0,69269354,33035,33034,14384190776978735078,25196,23f703aa3bc9,2026-08-28T19:54:46Z,50000,30037,19963,,,,,,,,,,,,,,,,,
campaign_e_out,out_n50000_rho0.6_independent-positive_seed0.pcf,dhfma,2,0,69690579,33035,33034,14384190776978735078,25196,23f703aa3bc9,2026-08-28T19:54:46Z,50000,30037,19963,,,,,,,,,,,,,,,,,
campaign_e_out,out_n50000_rho0.6_independent-positive_seed1.pcf,dhfma,0,0,65677192,33060,33059,7541363726835154746,22976,23f703aa3bc9,2026-08-28T19:54:46Z,50000,30042,19958,,,,,,,,,,,,,,,,,
campaign_e_out,out_n50000_rho0.6_independent-positive_seed1.pcf,dhfma,1,0,62789332,33060,33059,7541363726835154746,24968,23f703aa3bc9,2026-08-28T19:54:46Z,50000,30042,19958,,,,,,,,,,,,,,,,,
campaign_e_out,out_n50000_rho0.6_independent-positive_seed1.pcf,dhfma,2,0,63711286,33060,33059,7541363726835154746,24968,23f703aa3bc9,2026-08-28T19:54:47Z,50000,30042,19958,,,,,,,,,,,,,,,,,
campaign_e_out,out_n50000_rho0.6_independent-positive_seed2.pcf,dhfma,0,0,58747166,33086,33085,8863521590217048750,22364,23f703aa3bc9,2026-08-28T19:54:47Z,50000,29927,20073,,,,,,,,,,,,,,,,,
campaign_e_out,out_n50000_rho0.6_independent-positive_seed2.pcf,dhfma,1,0,57210134,33086,33085,8863521590217048750,22828,23f703aa3bc9,2026-08-28T19:54:47Z,50000,29927,20073,,,,,,,,,,,,,,,,,
campaign_e_out,out_n50000_rho0.6_independent-positive_seed2.pcf,dhfma,2,0,57308207,33086,33085,8863521590217048750,23580,23f703aa3bc9,2026-08-28T19:54:47Z,50000,29927,20073,,,,,,,,,,,,,,,,,
campaign_e_out,out_n50000_rho0.6_independent-positive_seed3.pcf,dhfma,0,0,61154089,32823,32822,1880998767325861776,22324,23f703aa3bc9,2026-08-28T19:54:47Z,50000,30130,19870,,,,,,,,,,,,,,,,,
campaign_e_out,out_n50000_rho0.6_independent-positive_seed3.pcf,dhfma,1,0,59372751,32823,32822,1880998767325861776,22868,23f703aa3bc9,2026-08-28T19:54:47Z,50000,30130,19870,,,,,,,,,,,,,,,,,
campaign_e_out,out_n50000_rho0.6_independent-positive_seed3.pcf,dhfma,2,0,59496236,32823,32822,1880998767325861776,22928,23f703aa3bc9,2026-08-28T19:54:47Z,50000,30130,19870,,,,,,,,,,,,,,,,,
campaign_e_out,out_n50000_rho0.6_independent-positive_seed4.pcf,dhfma,0,0,63317206,32894,32893,917196620871232295,22716,23f703aa3bc9,2026-08-28T19:54:47Z,50000,30088,19912,,,,,,,,,,,,,,,,,
campaign_e_out,out_n50000_rho0.6_independent-positive_seed4.pcf,dhfma,1,0,60308624,32894,32893,917196620871232295,24556,23f703aa3bc9,2026-08-28T19:54:47Z,50000,30088,19912,,,,,,,,,,,,,,,,,
campaign_e_out,out_n50000_rho0.6_independent-positive_seed4.pcf,dhfma,2,0,61303954,32894,32893,917196620871232295,24612,23f703aa3bc9,2026-08-28T19:54:47Z,50000,30088,19912,,,,,,,,,,,,,,,,,
campaign_e_out,out_n50000_rho0.6_independent-signed_seed0.pcf,dhfma,0,0,61812899,33814,33813,8936041131503689788,22644,23f703aa3bc9,2026-08-28T19:54:47Z,50000,30046,19954,,,,,,,,,,,,,,,,,
campaign_e_out,out_n50000_rho0.6_independent-signed_seed0.pcf,dhfma,1,0,60125693,33814,33813,8936041131503689788,23444,23f703aa3bc9,2026-08-28T19:54:47Z,50000,30046,19954,,,,,,,,,,,,,,,,,
campaign_e_out,out_n50000_rho0.6_independent-signed_seed0.pcf,dhfma,2,0,60169696,33814,33813,8936041131503689788,23444,23f703aa3bc9,2026-08-28T19:54:47Z,50000,30046,19954,,,,,,,,,,,,,,,,,
campaign_e_out,out_n50000_rho0.6_independent-signed_seed1.pcf,dhfma,0,0,61402027,33958,33957,11435556398638990735,22572,23f703aa3bc9,2026-08-28T19:54:47Z,50000,30046,19954,,,,,,,,,,,,,,,,,
campaign_e_out,out_n50000_rho0.6_independent-signed_seed1.pcf,dhfma,1,0,58851899,33958,33957,11435556398638990735,23072,23f703aa3bc9,2026-08-28T19:54:47Z,50000,30046,19954,,,,,,,,,,,,,,,,,
campaign_e_out,out_n50000_rho0.6_independent-signed_seed1.pcf,dhfma,2,0,58762064,33958,33957,11435556398638990735,23680,23f703aa3bc9,2026-08-28T19:54:48Z,50000,30046,19954,,,,,,,,,,,,,,,,,
campaign_e_out,out_n50000_rho0.6_independent-signed_seed2.pcf,dhfma,0,0,58955629,33872,33871,11437165541348815117,22544,23f703aa3bc9,2026-08-28T19:54:48Z,50000,29932,20068,,,,,,,,,,,,,,,,,
campaign_e_out,out_n50000_rho0.6_independent-signed_seed2.pcf,dhfma,1,0,56842174,33872,33871,11437165541348815117,23064,23f703aa3bc9,2026-08-28T19:54:48Z,50000,29932,20068,,,,,,,,,,,,,,,,,
campaign_e_out,out_n50000_rho0.6_independent-signed_seed2.pcf,dhfma,2,0,57544475,33872,33871,11437165541348815117,23364,23f703aa3bc9,2026-08-28T19:54:48Z,50000,29932,20068,,,,,,,,,,,,,,,,,
campaign_e_out,out_n50000_rho0.6_independent-signed_seed3.pcf,dhfma,0,0,61249886,33686,33685,8130420988798484059,22584,23f703aa3bc9,2026-08-28T19:54:48Z,50000,30117,19883,,,,,,,,,,,,,,,,,
campaign_e_out,out_n50000_rho0.6_independent-signed_seed3.pcf,dhfma,1,0,59232839,33686,33685,8130420988798484059,23316,23f703aa3bc9,2026-08-28T19:54:48Z,50000,30117,19883,,,,,,,,,,,,,,,,,
campaign_e_out,out_n50000_rho0.6_independent-signed_seed3.pcf,dhfma,2,0,59391032,33686,33685,8130420988798484059,23316,23f703aa3bc9,2026-08-28T19:54:48Z,50000,30117,19883,,,,,,,,,,,,,,,,,
campaign_e_out,out_n50000_rho0.6_independent-signed_seed4.pcf,dhfma,0,0,63800069,33685,33684,13280599656239948041,22872,23f703aa3bc9,2026-08-28T19:54:48Z,50000,30082,19918,,,,,,,,,,,,,,,,,
campaign_e_out,out_n50000_rho0.6_independent-signed_seed4.pcf,dhfma,1,0,61782407,33685,33684,13280599656239948041,24772,23f703aa3bc9,2026-08-28T19:54:48Z,50000,30082,19918,,,,,,,,,,,,,,,,,
campaign_e_out,out_n50000_rho0.6_independent-signed_seed4.pcf,dhfma,2,0,62475918,33685,33684,13280599656239948041,24956,23f703aa3bc9,2026-08-28T19:54:48Z,50000,30082,19918,,,,,,,,,,,,,,,,,
campaign_e_out,out_n50000_rho0.6_near-ties_seed0.pcf,dhfma,0,0,54186852,1151,1150,15499571756104500370,18240,23f703aa3bc9,2026-08-28T19:54:48Z,50000,30032,19968,,,,,,,,,,,,,,,,,
campaign_e_out,out_n50000_rho0.6_near-ties_seed0.pcf,dhfma,1,0,53293508,1151,1150,15499571756104500370,18244,23f703aa3bc9,2026-08-28T19:54:48Z,50000,30032,19968,,,,,,,,,,,,,,,,,
campaign_e_out,out_n50000_rho0.6_near-ties_seed0.pcf,dhfma,2,0,53843725,1151,1150,15499571756104500370,18296,23f703aa3bc9,2026-08-28T19:54:48Z,50000,30032,19968,,,,,,,,,,,,,,,,,
campaign_e_out,out_n50000_rho0.6_near-ties_seed1.pcf,dhfma,0,0,62749215,1175,1174,11072338008497844732,18828,23f703aa3bc9,2026-08-28T19:54:48Z,50000,30050,19950,,,,,,,,,,,,,,,,,
campaign_e_out,out_n50000_rho0.6_near-ties_seed1.pcf,dhfma,1,0,61246633,1175,1174,11072338008497844732,21228,23f703aa3bc9,2026-08-28T19:54:48Z,50000,30050,19950,,,,,,,,,,,,,,,,,
campaign_e_out,out_n50000_rho0.6_near-ties_seed1.pcf,dhfma,2,0,60723279,1175,1174,11072338008497844732,21440,23f703aa3bc9,2026-08-28T19:54:49Z,50000,30050,19950,,,,,,,,,,,,,,,,,
campaign_e_out,out_n50000_rho0.6_near-ties_seed2.pcf,dhfma,0,0,54026884,1166,1165,14069883042898118453,18240,23f703aa3bc9,2026-08-28T19:54:49Z,50000,30074,19926,,,,,,,,,,,,,,,,,
campaign_e_out,out_n50000_rho0.6_near-ties_seed2.pcf,dhfma,1,0,53292954,1166,1165,14069883042898118453,18240,23f703aa3bc9,2026-08-28T19:54:49Z,50000,30074,19926,,,,,,,,,,,,,,,,,
campaign_e_out,out_n50000_rho0.6_near-ties_seed2.pcf,dhfma,2,0,53322106,1166,1165,14069883042898118453,18240,23f703aa3bc9,2026-08-28T19:54:49Z,50000,30074,19926,,,,,,,,,,,,,,,,,
campaign_e_out,out_n50000_rho0.6_near-ties_seed3.pcf,dhfma,0,0,59945368,1145,1144,2823359173709833053,19232,23f703aa3bc9,2026-08-28T19:54:49Z,50000,30231,19769,,,,,,,,,,,,,,,,,
campaign_e_out,out_n50000_rho0.6_near-ties_seed3.pcf,dhfma,1,0,59709708,1145,1144,2823359173709833053,21464,23f703aa3bc9,2026-08-28T19:54:49Z,50000,30231,19769,,,,,,,,,,,,,,,,,
campaign_e_out,out_n50000_rho0.6_near-ties_seed3.pcf,dhfma,2,0,59156434,1145,1144,2823359173709833053,21932,23f703aa3bc9,2026-08-28T19:54:49Z,50000,30231,19769,,,,,,,,,,,,,,,,,
campaign_e_out,out_n50000_rho0.6_near-ties_seed4.pcf,dhfma,0,0,56266549,1152,1151,2888741576806755841,18240,23f703aa3bc9,2026-08-28T19:54:49Z,50000,30156,19844,,,,,,,,,,,,,,,,,
campaign_e_out,out_n50000_rho0.6_near-ties_seed4.pcf,dhfma,1,0,55441019,1152,1151,2888741576806755841,18248,23f703aa3bc9,2026-08-28T19:54:49Z,50000,30156,19844,,,,,,,,,,,,,,,,,
campaign_e_out,out_n50000_rho0.6_near-ties_seed4.pcf,dhfma,2,0,55630310,1152,1151,2888741576806755841,18584,23f703aa3bc9,2026-08-28T19:54:49Z,50000,30156,19844,,,,,,,,,,,,,,,,,
campaign_e_out,out_n50000_rho1.0_anti-correlated_seed0.pcf,dhfma,0,0,915982546,22968,22967,16415444756021583412,111556,23f703aa3bc9,2026-08-28T19:54:50Z,50000,49999,1,,,,,,,,,,,,,,,,,
campaign_e_out,out_n50000_rho1.0_anti-correlated_seed0.pcf,dhfma,1,0,914650351,22968,22967,16415444756021583412,160188,23f703aa3bc9,2026-08-28T19:54:51Z,50000,49999,1,,,,,,,,,,,,,,,,,
campaign_e_out,out_n50000_rho1.0_anti-correlated_seed0.pcf,dhfma,2,0,898187040,22968,22967,16415444756021583412,160552,23f703aa3bc9,2026-08-28T19:54:52Z,50000,49999,1,,,,,,,,,,,,,,,,,
campaign_e_out,out_n50000_rho1.0_anti-correlated_seed1.pcf,dhfma,0,0,1024790350,22873,22872,3281011641292410013,111600,23f703aa3bc9,2026-08-28T19:54:53Z,50000,49999,1,,,,,,,,,,,,,,,,,
campaign_e_out,out_n50000_rho1.0_anti-correlated_seed1.pcf,dhfma,1,0,1024095464,22873,22872,3281011641292410013,160628,23f703aa3bc9,2026-08-28T19:54:54Z,50000,49999,1,,,,,,,,,,,,,,,,,
campaign_e_out,out_n50000_rho1.0_anti-correlated_seed1.pcf,dhfma,2,0,1023227656,22873,22872,3281011641292410013,160628,23f703aa3bc9,2026-08-28T19:54:55Z,50000,49999,1,,,,,,,,,,,,,,,,,
campaign_e_out,out_n50000_rho1.0_anti-correlated_seed2.pcf,dhfma,0,0,935554584,22827,22826,16865962276870804454,111560,23f703aa3bc9,2026-08-28T19:54:56Z,50000,49999,1,,,,,,,,,,,,,,,,,
campaign_e_out,out_n50000_rho1.0_anti-correlated_seed2.pcf,dhfma,1,0,933174728,22827,22826,16865962276870804454,160172,23f703aa3bc9,2026-08-28T19:54:57Z,50000,49999,1,,,,,,,,,,,,,,,,,
campaign_e_out,out_n50000_rho1.0_anti-correlated_seed2.pcf,dhfma,2,0,922270718,22827,22826,16865962276870804454,160224,23f703aa3bc9,2026-08-28T19:54:58Z,50000,49999,1,,,,,,,,,,,,,,,,,
campaign_e_out,out_n50000_rho1.0_anti-correlated_seed3.pcf,dhfma,0,0,704000156,23024,23023,915122865600313239,62756,23f703aa3bc9,2026-08-28T19:54:58Z,50000,49999,1,,,,,,,,,,,,,,,,,
campaign_e_out,out_n50000_rho1.0_anti-correlated_seed3.pcf,dhfma,1,0,703869538,23024,23023,915122865600313239,106200,23f703aa3bc9,2026-08-28T19:54:59Z,50000,49999,1,,,,,,,,,,,,,,,,,
campaign_e_out,out_n50000_rho1.0_anti-correlated_seed3.pcf,dhfma,2,0,699693812,23024,23023,915122865600313239,107056,23f703aa3bc9,2026-08-28T19:55:00Z,50000,49999,1,,,,,,,,,,,,,,,,,
campaign_e_out,out_n50000_rho1.0_anti-correlated_seed4.pcf,dhfma,0,0,754589462,22932,22931,9436510713690004901,65788,23f703aa3bc9,2026-08-28T19:55:01Z,50000,49999,1,,,,,,,,,,,,,,,,,
campaign_e_out,out_n50000_rho1.0_anti-correlated_seed4.pcf,dhfma,1,0,755780933,22932,22931,9436510713690004901,110004,23f703aa3bc9,2026-08-28T19:55:01Z,50000,49999,1,,,,,,,,,,,,,,,,,
campaign_e_out,out_n50000_rho1.0_anti-correlated_seed4.pcf,dhfma,2,0,744799436,22932,22931,9436510713690004901,110472,23f703aa3bc9,2026-08-28T19:55:02Z,50000,49999,1,,,,,,,,,,,,,,,,,
campaign_e_out,out_n50000_rho1.0_correlated_seed0.pcf,dhfma,0,0,722622376,19424,19423,12730140783550512913,64836,23f703aa3bc9,2026-08-28T19:55:03Z,50000,49999,1,,,,,,,,,,,,,,,,,
campaign_e_out,out_n50000_rho1.0_correlated_seed0.pcf,dhfma,1,0,720677864,19424,19423,12730140783550512913,109252,23f703aa3bc9,2026-08-28T19:55:04Z,50000,49999,1,,,,,,,,,,,,,,,,,
campaign_e_out,out_n50000_rho1.0_correlated_seed0.pcf,dhfma,2,0,721357477,19424,19423,12730140783550512913,109252,23f703aa3bc9,2026-08-28T19:55:04Z,50000,49999,1,,,,,,,,,,,,,,,,,
campaign_e_out,out_n50000_rho1.0_correlated_seed1.pcf,dhfma,0,0,813854630,19632,19631,18105239019798642229,111760,23f703aa3bc9,2026-08-28T19:55:05Z,50000,49999,1,,,,,,,,,,,,,,,,,
campaign_e_out,out_n50000_rho1.0_correlated_seed1.pcf,dhfma,1,0,812762280,19632,19631,18105239019798642229,160080,23f703aa3bc9,2026-08-28T19:55:06Z,50000,49999,1,,,,,,,,,,,,,,,,,
campaign_e_out,out_n50000_rho1.0_correlated_seed1.pcf,dhfma,2,0,814619591,19632,19631,18105239019798642229,160160,23f703aa3bc9,2026-08-28T19:55:07Z,50000,49999,1,,,,,,,,,,,,,,,,,
campaign_e_out,out_n50000_rho1.0_correlated_seed2.pcf,dhfma,0,0,587136158,19335,19334,12282888983721032224,62308,23f703aa3bc9,2026-08-28T19:55:07Z,50000,49999,1,,,,,,,,,,,,,,,,,
campaign_e_out,out_n50000_rho1.0_correlated_seed2.pcf,dhfma,1,0,584483675,19335,19334,12282888983721032224,99636,23f703aa3bc9,2026-08-28T19:55:08Z,50000,49999,1,,,,,,,,,,,,,,,,,
campaign_e_out,out_n50000_rho1.0_correlated_seed2.pcf,dhfma,2,0,583480831,19335,19334,12282888983721032224,99636,23f703aa3bc9,2026-08-28T19:55:09Z,50000,49999,1,,,,,,,,,,,,,,,,,
campaign_e_out,out_n50000_rho1.0_correlated_seed3.pcf,dhfma,0,0,773988973,19447,19446,16459341868255734239,111400,23f703aa3bc9,2026-08-28T19:55:09Z,50000,49999,1,,,,,,,,,,,,,,,,,
campaign_e_out,out_n50000_rho1.0_correlated_seed3.pcf,dhfma,1,0,770784005,19447,19446,16459341868255734239,159972,23f703aa3bc9,2026-08-28T19:55:10Z,50000,49999,1,,,,,,,,,,,,,,,,,
campaign_e_out,out_n50000_rho1.0_correlated_seed3.pcf,dhfma,2,0,771866871,19447,19446,16459341868255734239,160016,23f703aa3bc9,2026-08-28T19:55:11Z,50000,49999,1,,,,,,,,,,,,,,,,,
campaign_e_out,out_n50000_rho1.0_correlated_seed4.pcf,dhfma,0,0,682836968,19647,19646,798937527478456114,62300,23f703aa3bc9,2026-08-28T19:55:12Z,50000,49999,1,,,,,,,,,,,,,,,,,
campaign_e_out,out_n50000_rho1.0_correlated_seed4.pcf,dhfma,1,0,683646386,19647,19646,798937527478456114,106736,23f703aa3bc9,2026-08-28T19:55:12Z,50000,49999,1,,,,,,,,,,,,,,,,,
campaign_e_out,out_n50000_rho1.0_correlated_seed4.pcf,dhfma,2,0,683041231,19647,19646,798937527478456114,106752,23f703aa3bc9,2026-08-28T19:55:13Z,50000,49999,1,,,,,,,,,,,,,,,,,
campaign_e_out,out_n50000_rho1.0_exact-ties_seed0.pcf,dhfma,0,0,1083004954,8497,8496,5192861019551667463,111756,23f703aa3bc9,2026-08-28T19:55:14Z,50000,49999,1,,,,,,,,,,,,,,,,,
campaign_e_out,out_n50000_rho1.0_exact-ties_seed0.pcf,dhfma,1,0,1081269742,8497,8496,5192861019551667463,160048,23f703aa3bc9,2026-08-28T19:55:15Z,50000,49999,1,,,,,,,,,,,,,,,,,
campaign_e_out,out_n50000_rho1.0_exact-ties_seed0.pcf,dhfma,2,0,1082759733,8497,8496,5192861019551667463,160224,23f703aa3bc9,2026-08-28T19:55:16Z,50000,49999,1,,,,,,,,,,,,,,,,,
campaign_e_out,out_n50000_rho1.0_exact-ties_seed1.pcf,dhfma,0,0,848292817,8477,8476,5716899825223370044,111788,23f703aa3bc9,2026-08-28T19:55:17Z,50000,49999,1,,,,,,,,,,,,,,,,,
campaign_e_out,out_n50000_rho1.0_exact-ties_seed1.pcf,dhfma,1,0,847478993,8477,8476,5716899825223370044,160072,23f703aa3bc9,2026-08-28T19:55:18Z,50000,49999,1,,,,,,,,,,,,,,,,,
campaign_e_out,out_n50000_rho1.0_exact-ties_seed1.pcf,dhfma,2,0,849387056,8477,8476,5716899825223370044,160544,23f703aa3bc9,2026-08-28T19:55:19Z,50000,49999,1,,,,,,,,,,,,,,,,,
campaign_e_out,out_n50000_rho1.0_exact-ties_seed2.pcf,dhfma,0,0,911305186,8409,8408,1217394623195485059,111752,23f703aa3bc9,2026-08-28T19:55:20Z,50000,49999,1,,,,,,,,,,,,,,,,,
campaign_e_out,out_n50000_rho1.0_exact-ties_seed2.pcf,dhfma,1,0,907548357,8409,8408,1217394623195485059,160132,23f703aa3bc9,2026-08-28T19:55:21Z,50000,49999,1,,,,,,,,,,,,,,,,,
campaign_e_out,out_n50000_rho1.0_exact-ties_seed2.pcf,dhfma,2,0,911143762,8409,8408,1217394623195485059,160536,23f703aa3bc9,2026-08-28T19:55:22Z,50000,49999,1,,,,,,,,,,,,,,,,,
campaign_e_out,out_n50000_rho1.0_exact-ties_seed3.pcf,dhfma,0,0,617082033,8411,8410,10829136641495454481,62664,23f703aa3bc9,2026-08-28T19:55:22Z,50000,49999,1,,,,,,,,,,,,,,,,,
campaign_e_out,out_n50000_rho1.0_exact-ties_seed3.pcf,dhfma,1,0,629297517,8411,8410,10829136641495454481,104292,23f703aa3bc9,2026-08-28T19:55:23Z,50000,49999,1,,,,,,,,,,,,,,,,,
campaign_e_out,out_n50000_rho1.0_exact-ties_seed3.pcf,dhfma,2,0,616697246,8411,8410,10829136641495454481,104700,23f703aa3bc9,2026-08-28T19:55:24Z,50000,49999,1,,,,,,,,,,,,,,,,,
campaign_e_out,out_n50000_rho1.0_exact-ties_seed4.pcf,dhfma,0,0,905950097,8479,8478,10751238091618470000,111552,23f703aa3bc9,2026-08-28T19:55:24Z,50000,49999,1,,,,,,,,,,,,,,,,,
campaign_e_out,out_n50000_rho1.0_exact-ties_seed4.pcf,dhfma,1,0,898337864,8479,8478,10751238091618470000,160056,23f703aa3bc9,2026-08-28T19:55:25Z,50000,49999,1,,,,,,,,,,,,,,,,,
campaign_e_out,out_n50000_rho1.0_exact-ties_seed4.pcf,dhfma,2,0,897678608,8479,8478,10751238091618470000,160060,23f703aa3bc9,2026-08-28T19:55:26Z,50000,49999,1,,,,,,,,,,,,,,,,,
campaign_e_out,out_n50000_rho1.0_independent-positive_seed0.pcf,dhfma,0,0,785896563,24037,24036,5618903837960366848,111756,23f703aa3bc9,2026-08-28T19:55:27Z,50000,49999,1,,,,,,,,,,,,,,,,,
campaign_e_out,out_n50000_rho1.0_independent-positive_seed0.pcf,dhfma,1,0,781673672,24037,24036,5618903837960366848,160396,23f703aa3bc9,2026-08-28T19:55:28Z,50000,49999,1,,,,,,,,,,,,,,,,,
campaign_e_out,out_n50000_rho1.0_independent-positive_seed0.pcf,dhfma,2,0,776691007,24037,24036,5618903837960366848,160436,23f703aa3bc9,2026-08-28T19:55:29Z,50000,49999,1,,,,,,,,,,,,,,,,,
campaign_e_out,out_n50000_rho1.0_independent-positive_seed1.pcf,dhfma,0,0,839133243,24238,24237,18129800893075195772,111760,23f703aa3bc9,2026-08-28T19:55:29Z,50000,49999,1,,,,,,,,,,,,,,,,,
campaign_e_out,out_n50000_rho1.0_independent-positive_seed1.pcf,dhfma,1,0,835733322,24238,24237,18129800893075195772,160440,23f703aa3bc9,2026-08-28T19:55:30Z,50000,49999,1,,,,,,,,,,,,,,,,,
campaign_e_out,out_n50000_rho1.0_independent-positive_seed1.pcf,dhfma,2,0,826789393,24238,24237,18129800893075195772,160440,23f703aa3bc9,2026-08-28T19:55:31Z,50000,49999,1,,,,,,,,,,,,,,,,,
campaign_e_out,out_n50000_rho1.0_independent-positive_seed2.pcf,dhfma,0,0,801871755,24104,24103,7914220047787927300,111748,23f703aa3bc9,2026-08-28T19:55:32Z,50000,49999,1,,,,,,,,,,,,,,,,,
campaign_e_out,out_n50000_rho1.0_independent-positive_seed2.pcf,dhfma,1,0,798955567,24104,24103,7914220047787927300,160852,23f703aa3bc9,2026-08-28T19:55:33Z,50000,49999,1,,,,,,,,,,,,,,,,,
campaign_e_out,out_n50000_rho1.0_independent-positive_seed2.pcf,dhfma,2,0,799050837,24104,24103,7914220047787927300,160852,23f703aa3bc9,2026-08-28T19:55:34Z,50000,49999,1,,,,,,,,,,,,,,,,,
campaign_e_out,out_n50000_rho1.0_independent-positive_seed3.pcf,dhfma,0,0,764039041,24201,24200,14581082118677582881,111952,23f703aa3bc9,2026-08-28T19:55:34Z,50000,49999,1,,,,,,,,,,,,,,,,,
campaign_e_out,out_n50000_rho1.0_independent-positive_seed3.pcf,dhfma,1,0,764043654,24201,24200,14581082118677582881,160816,23f703aa3bc9,2026-08-28T19:55:35Z,50000,49999,1,,,,,,,,,,,,,,,,,
campaign_e_out,out_n50000_rho1.0_independent-positive_seed3.pcf,dhfma,2,0,764179018,24201,24200,14581082118677582881,160816,23f703aa3bc9,2026-08-28T19:55:36Z,50000,49999,1,,,,,,,,,,,,,,,,,
campaign_e_out,out_n50000_rho1.0_independent-positive_seed4.pcf,dhfma,0,0,843589633,24083,24082,4436377427541370478,111560,23f703aa3bc9,2026-08-28T19:55:37Z,50000,49999,1,,,,,,,,,,,,,,,,,
campaign_e_out,out_n50000_rho1.0_independent-positive_seed4.pcf,dhfma,1,0,836218728,24083,24082,4436377427541370478,160596,23f703aa3bc9,2026-08-28T19:55:38Z,50000,49999,1,,,,,,,,,,,,,,,,,
campaign_e_out,out_n50000_rho1.0_independent-positive_seed4.pcf,dhfma,2,0,828415434,24083,24082,4436377427541370478,160596,23f703aa3bc9,2026-08-28T19:55:38Z,50000,49999,1,,,,,,,,,,,,,,,,,
campaign_e_out,out_n50000_rho1.0_independent-signed_seed0.pcf,dhfma,0,0,796940949,24693,24692,2569359349418172644,111804,23f703aa3bc9,2026-08-28T19:55:39Z,50000,49999,1,,,,,,,,,,,,,,,,,
campaign_e_out,out_n50000_rho1.0_independent-signed_seed0.pcf,dhfma,1,0,794411374,24693,24692,2569359349418172644,160224,23f703aa3bc9,2026-08-28T19:55:40Z,50000,49999,1,,,,,,,,,,,,,,,,,
campaign_e_out,out_n50000_rho1.0_independent-signed_seed0.pcf,dhfma,2,0,797833124,24693,24692,2569359349418172644,160628,23f703aa3bc9,2026-08-28T19:55:41Z,50000,49999,1,,,,,,,,,,,,,,,,,
campaign_e_out,out_n50000_rho1.0_independent-signed_seed1.pcf,dhfma,0,0,775609800,24585,24584,12123663548144601023,111560,23f703aa3bc9,2026-08-28T19:55:42Z,50000,49999,1,,,,,,,,,,,,,,,,,
campaign_e_out,out_n50000_rho1.0_independent-signed_seed1.pcf,dhfma,1,0,772626311,24585,24584,12123663548144601023,160612,23f703aa3bc9,2026-08-28T19:55:42Z,50000,49999,1,,,,,,,,,,,,,,,,,
campaign_e_out,out_n50000_rho1.0_independent-signed_seed1.pcf,dhfma,2,0,774299919,24585,24584,12123663548144601023,160612,23f703aa3bc9,2026-08-28T19:55:43Z,50000,49999,1,,,,,,,,,,,,,,,,,
campaign_e_out,out_n50000_rho1.0_independent-signed_seed2.pcf,dhfma,0,0,688321488,24760,24759,7178022075088924782,62876,23f703aa3bc9,2026-08-28T19:55:44Z,50000,49999,1,,,,,,,,,,,,,,,,,
campaign_e_out,out_n50000_rho1.0_independent-signed_seed2.pcf,dhfma,1,0,685298784,24760,24759,7178022075088924782,106344,23f703aa3bc9,2026-08-28T19:55:45Z,50000,49999,1,,,,,,,,,,,,,,,,,
campaign_e_out,out_n50000_rho1.0_independent-signed_seed2.pcf,dhfma,2,0,685503767,24760,24759,7178022075088924782,106364,23f703aa3bc9,2026-08-28T19:55:45Z,50000,49999,1,,,,,,,,,,,,,,,,,
campaign_e_out,out_n50000_rho1.0_independent-signed_seed3.pcf,dhfma,0,0,753502001,24782,24781,5261315307099506329,66920,23f703aa3bc9,2026-08-28T19:55:46Z,50000,49999,1,,,,,,,,,,,,,,,,,
campaign_e_out,out_n50000_rho1.0_independent-signed_seed3.pcf,dhfma,1,0,741924352,24782,24781,5261315307099506329,110396,23f703aa3bc9,2026-08-28T19:55:47Z,50000,49999,1,,,,,,,,,,,,,,,,,
campaign_e_out,out_n50000_rho1.0_independent-signed_seed3.pcf,dhfma,2,0,740155765,24782,24781,5261315307099506329,111032,23f703aa3bc9,2026-08-28T19:55:48Z,50000,49999,1,,,,,,,,,,,,,,,,,
campaign_e_out,out_n50000_rho1.0_independent-signed_seed4.pcf,dhfma,0,0,674786137,24651,24650,8627528404459397368,62476,23f703aa3bc9,2026-08-28T19:55:48Z,50000,49999,1,,,,,,,,,,,,,,,,,
campaign_e_out,out_n50000_rho1.0_independent-signed_seed4.pcf,dhfma,1,0,671610748,24651,24650,8627528404459397368,106380,23f703aa3bc9,2026-08-28T19:55:49Z,50000,49999,1,,,,,,,,,,,,,,,,,
campaign_e_out,out_n50000_rho1.0_independent-signed_seed4.pcf,dhfma,2,0,672862119,24651,24650,8627528404459397368,106380,23f703aa3bc9,2026-08-28T19:55:50Z,50000,49999,1,,,,,,,,,,,,,,,,,
campaign_e_out,out_n50000_rho1.0_near-ties_seed0.pcf,dhfma,0,0,828918950,1544,1543,2422407148487245161,111596,23f703aa3bc9,2026-08-28T19:55:50Z,50000,49999,1,,,,,,,,,,,,,,,,,
campaign_e_out,out_n50000_rho1.0_near-ties_seed0.pcf,dhfma,1,0,834019648,1544,1543,2422407148487245161,159844,23f703aa3bc9,2026-08-28T19:55:51Z,50000,49999,1,,,,,,,,,,,,,,,,,
campaign_e_out,out_n50000_rho1.0_near-ties_seed0.pcf,dhfma,2,0,829279825,1544,1543,2422407148487245161,160380,23f703aa3bc9,2026-08-28T19:55:52Z,50000,49999,1,,,,,,,,,,,,,,,,,
campaign_e_out,out_n50000_rho1.0_near-ties_seed1.pcf,dhfma,0,0,646969909,1585,1584,9844896500682137563,62464,23f703aa3bc9,2026-08-28T19:55:53Z,50000,49999,1,,,,,,,,,,,,,,,,,
campaign_e_out,out_n50000_rho1.0_near-ties_seed1.pcf,dhfma,1,0,646292838,1585,1584,9844896500682137563,103792,23f703aa3bc9,2026-08-28T19:55:53Z,50000,49999,1,,,,,,,,,,,,,,,,,
campaign_e_out,out_n50000_rho1.0_near-ties_seed1.pcf,dhfma,2,0,647075580,1585,1584,9844896500682137563,104400,23f703aa3bc9,2026-08-28T19:55:54Z,50000,49999,1,,,,,,,,,,,,,,,,,
campaign_e_out,out_n50000_rho1.0_near-ties_seed2.pcf,dhfma,0,0,801996833,1554,1553,7897743717245787508,111004,23f703aa3bc9,2026-08-28T19:55:55Z,50000,49999,1,,,,,,,,,,,,,,,,,
campaign_e_out,out_n50000_rho1.0_near-ties_seed2.pcf,dhfma,1,0,802622933,1554,1553,7897743717245787508,159376,23f703aa3bc9,2026-08-28T19:55:56Z,50000,49999,1,,,,,,,,,,,,,,,,,
campaign_e_out,out_n50000_rho1.0_near-ties_seed2.pcf,dhfma,2,0,803906756,1554,1553,7897743717245787508,159768,23f703aa3bc9,2026-08-28T19:55:56Z,50000,49999,1,,,,,,,,,,,,,,,,,
campaign_e_out,out_n50000_rho1.0_near-ties_seed3.pcf,dhfma,0,0,605245376,1539,1538,13578827371629797453,62672,23f703aa3bc9,2026-08-28T19:55:57Z,50000,49999,1,,,,,,,,,,,,,,,,,
campaign_e_out,out_n50000_rho1.0_near-ties_seed3.pcf,dhfma,1,0,604543625,1539,1538,13578827371629797453,101608,23f703aa3bc9,2026-08-28T19:55:58Z,50000,49999,1,,,,,,,,,,,,,,,,,
campaign_e_out,out_n50000_rho1.0_near-ties_seed3.pcf,dhfma,2,0,604035482,1539,1538,13578827371629797453,101984,23f703aa3bc9,2026-08-28T19:55:58Z,50000,49999,1,,,,,,,,,,,,,,,,,
campaign_e_out,out_n50000_rho1.0_near-ties_seed4.pcf,dhfma,0,0,1116713611,1496,1495,1973519180397703940,111200,23f703aa3bc9,2026-08-28T19:55:59Z,50000,49999,1,,,,,,,,,,,,,,,,,
campaign_e_out,out_n50000_rho1.0_near-ties_seed4.pcf,dhfma,1,0,1124456772,1496,1495,1973519180397703940,159700,23f703aa3bc9,2026-08-28T19:56:01Z,50000,49999,1,,,,,,,,,,,,,,,,,
campaign_e_out,out_n50000_rho1.0_near-ties_seed4.pcf,dhfma,2,0,1116718915,1496,1495,1973519180397703940,160372,23f703aa3bc9,2026-08-28T19:56:02Z,50000,49999,1,,,,,,,,,,,,,,,,,
campaign_e_out,out_n500_rho0.6_anti-correlated_seed0.pcf,dhfma,0,0,551153,344,343,2092373793669210925,18400,23f703aa3bc9,2026-08-28T19:56:02Z,500,293,207,,,,,,,,,,,,,,,,,
campaign_e_out,out_n500_rho0.6_anti-correlated_seed0.pcf,dhfma,1,0,496776,344,343,2092373793669210925,18400,23f703aa3bc9,2026-08-28T19:56:02Z,500,293,207,,,,,,,,,,,,,,,,,
campaign_e_out,out_n500_rho0.6_anti-correlated_seed0.pcf,dhfma,2,0,482555,344,343,2092373793669210925,18400,23f703aa3bc9,2026-08-28T19:56:02Z,500,293,207,,,,,,,,,,,,,,,,,
campaign_e_out,out_n500_rho0.6_anti-correlated_seed1.pcf,dhfma,0,0,382456,343,342,12648446492042002822,18400,23f703aa3bc9,2026-08-28T19:56:02Z,500,292,208,,,,,,,,,,,,,,,,,
campaign_e_out,out_n500_rho0.6_anti-correlated_seed1.pcf,dhfma,1,0,321737,343,342,12648446492042002822,18400,23f703aa3bc9,2026-08-28T19:56:02Z,500,292,208,,,,,,,,,,,,,,,,,
campaign_e_out,out_n500_rho0.6_anti-correlated_seed1.pcf,dhfma,2,0,334466,343,342,12648446492042002822,18400,23f703aa3bc9,2026-08-28T19:56:02Z,500,292,208,,,,,,,,,,,,,,,,,
campaign_e_out,out_n500_rho0.6_anti-correlated_seed2.pcf,dhfma,0,0,433224,347,346,3944844048397469580,18400,23f703aa3bc9,2026-08-28T19:56:02Z,500,300,200,,,,,,,,,,,,,,,,,
campaign_e_out,out_n500_rho0.6_anti-correlated_seed2.pcf,dhfma,1,0,393913,347,346,3944844048397469580,18400,23f703aa3bc9,2026-08-28T19:56:02Z,500,300,200,,,,,,,,,,,,,,,,,
campaign_e_out,out_n500_rho0.6_anti-correlated_seed2.pcf,dhfma,2,0,374114,347,346,3944844048397469580,18400,23f703aa3bc9,2026-08-28T19:56:02Z,500,300,200,,,,,,,,,,,,,,,,,
campaign_e_out,out_n500_rho0.6_anti-correlated_seed3.pcf,dhfma,0,0,359957,358,357,18346703992472640223,18400,23f703aa3bc9,2026-08-28T19:56:02Z,500,288,212,,,,,,,,,,,,,,,,,
campaign_e_out,out_n500_rho0.6_anti-correlated_seed3.pcf,dhfma,1,0,311707,358,357,18346703992472640223,18400,23f703aa3bc9,2026-08-28T19:56:02Z,500,288,212,,,,,,,,,,,,,,,,,
campaign_e_out,out_n500_rho0.6_anti-correlated_seed3.pcf,dhfma,2,0,299067,358,357,18346703992472640223,18400,23f703aa3bc9,2026-08-28T19:56:02Z,500,288,212,,,,,,,,,,,,,,,,,
campaign_e_out,out_n500_rho0.6_anti-correlated_seed4.pcf,dhfma,0,0,394558,331,330,10869652489013352940,18560,23f703aa3bc9,2026-08-28T19:56:02Z,500,322,178,,,,,,,,,,,,,,,,,
campaign_e_out,out_n500_rho0.6_anti-correlated_seed4.pcf,dhfma,1,0,356174,331,330,10869652489013352940,18560,23f703aa3bc9,2026-08-28T19:56:02Z,500,322,178,,,,,,,,,,,,,,,,,
campaign_e_out,out_n500_rho0.6_anti-correlated_seed4.pcf,dhfma,2,0,341818,331,330,10869652489013352940,18560,23f703aa3bc9,2026-08-28T19:56:02Z,500,322,178,,,,,,,,,,,,,,,,,
campaign_e_out,out_n500_rho0.6_correlated_seed0.pcf,dhfma,0,0,470402,344,343,3077947723478439725,18560,23f703aa3bc9,2026-08-28T19:56:02Z,500,293,207,,,,,,,,,,,,,,,,,
campaign_e_out,out_n500_rho0.6_correlated_seed0.pcf,dhfma,1,0,387143,344,343,3077947723478439725,18560,23f703aa3bc9,2026-08-28T19:56:02Z,500,293,207,,,,,,,,,,,,,,,,,
campaign_e_out,out_n500_rho0.6_correlated_seed0.pcf,dhfma,2,0,366533,344,343,3077947723478439725,18560,23f703aa3bc9,2026-08-28T19:56:02Z,500,293,207,,,,,,,,,,,,,,,,,
campaign_e_out,out_n500_rho0.6_correlated_seed1.pcf,dhfma,0,0,382299,356,355,5591445660600882247,18560,23f703aa3bc9,2026-08-28T19:56:02Z,500,292,208,,,,,,,,,,,,,,,,,
campaign_e_out,out_n500_rho0.6_correlated_seed1.pcf,dhfma,1,0,406574,356,355,5591445660600882247,18560,23f703aa3bc9,2026-08-28T19:56:02Z,500,292,208,,,,,,,,,,,,,,,,,
campaign_e_out,out_n500_rho0.6_correlated_seed1.pcf,dhfma,2,0,329001,356,355,5591445660600882247,18560,23f703aa3bc9,2026-08-28T19:56:02Z,500,292,208,,,,,,,,,,,,,,,,,
campaign_e_out,out_n500_rho0.6_correlated_seed2.pcf,dhfma,0,0,387940,347,346,4554455620438908324,18560,23f703aa3bc9,2026-08-28T19:56:02Z,500,300,200,,,,,,,,,,,,,,,,,
campaign_e_out,out_n500_rho0.6_correlated_seed2.pcf,dhfma,1,0,438672,347,346,4554455620438908324,18560,23f703aa3bc9,2026-08-28T19:56:02Z,500,300,200,,,,,,,,,,,,,,,,,
campaign_e_out,out_n500_rho0.6_correlated_seed2.pcf,dhfma,2,0,333590,347,346,4554455620438908324,18560,23f703aa3bc9,2026-08-28T19:56:02Z,500,300,200,,,,,,,,,,,,,,,,,
campaign_e_out,out_n500_rho0.6_correlated_seed3.pcf,dhfma,0,0,358119,369,368,2806903252569765527,18560,23f703aa3bc9,2026-08-28T19:56:02Z,500,288,212,,,,,,,,,,,,,,,,,
campaign_e_out,out_n500_rho0.6_correlated_seed3.pcf,dhfma,1,0,308110,369,368,2806903252569765527,18560,23f703aa3bc9,2026-08-28T19:56:02Z,500,288,212,,,,,,,,,,,,,,,,,
campaign_e_out,out_n500_rho0.6_correlated_seed3.pcf,dhfma,2,0,312485,369,368,2806903252569765527,18560,23f703aa3bc9,2026-08-28T19:56:02Z,500,288,212,,,,,,,,,,,,,,,,,
campaign_e_out,out_n500_rho0.6_correlated_seed4.pcf,dhfma,0,0,445256,330,329,14544172038202992827,18560,23f703aa3bc9,2026-08-28T19:56:02Z,500,322,178,,,,,,,,,,,,,,,,,
campaign_e_out,out_n500_rho0.6_correlated_seed4.pcf,dhfma,1,0,418451,330,329,14544172038202992827,18560,23f703aa3bc9,2026-08-28T19:56:02Z,500,322,178,,,,,,,,,,,,,,,,,
campaign_e_out,out_n500_rho0.6_correlated_seed4.pcf,dhfma,2,0,392367,330,329,14544172038202992827,18560,23f703aa3bc9,2026-08-28T19:56:02Z,500,322,178,,,,,,,,,,,,,,,,,
campaign_e_out,out_n500_rho0.6_exact-ties_seed0.pcf,dhfma,0,0,458523,96,95,16436049838556984110,18560,23f703aa3bc9,2026-08-28T19:56:02Z,500,301,199,,,,,,,,,,,,,,,,,
campaign_e_out,out_n500_rho0.6_exact-ties_seed0.pcf,dhfma,1,0,357109,96,95,16436049838556984110,18560,23f703aa3bc9,2026-08-28T19:56:02Z,500,301,199,,,,,,,,,,,,,,,,,
campaign_e_out,out_n500_rho0.6_exact-ties_seed0.pcf,dhfma,2,0,347429,96,95,16436049838556984110,18560,23f703aa3bc9,2026-08-28T19:56:02Z,500,301,199,,,,,,,,,,,,,,,,,
campaign_e_out,out_n500_rho0.6_exact-ties_seed1.pcf,dhfma,0,0,364213,89,88,1291747313187967752,18560,23f703aa3bc9,2026-08-28T19:56:02Z,500,292,208,,,,,,,,,,,,,,,,,
campaign_e_out,out_n500_rho0.6_exact-ties_seed1.pcf,dhfma,1,0,395849,89,88,1291747313187967752,18560,23f703aa3bc9,2026-08-28T19:56:02Z,500,292,208,,,,,,,,,,,,,,,,,
campaign_e_out,out_n500_rho0.6_exact-ties_seed1.pcf,dhfma,2,0,323399,89,88,1291747313187967752,18560,23f703aa3bc9,2026-08-28T19:56:02Z,500,292,208,,,,,,,,,,,,,,,,,
campaign_e_out,out_n500_rho0.6_exact-ties_seed2.pcf,dhfma,0,0,451215,99,98,17824652048059832937,18560,23f703aa3bc9,2026-08-28T19:56:02Z,500,318,182,,,,,,,,,,,,,,,,,
campaign_e_out,out_n500_rho0.6_exact-ties_seed2.pcf,dhfma,1,0,497944,99,98,17824652048059832937,18560,23f703aa3bc9,2026-08-28T19:56:02Z,500,318,182,,,,,,,,,,,,,,,,,
campaign_e_out,out_n500_rho0.6_exact-ties_seed2.pcf,dhfma,2,0,401423,99,98,17824652048059832937,18560,23f703aa3bc9,2026-08-28T19:56:02Z,500,318,182,,,,,,,,,,,,,,,,,
campaign_e_out,out_n500_rho0.6_exact-ties_seed3.pcf,dhfma,0,0,372845,103,102,3860863935946324491,18560,23f703aa3bc9,2026-08-28T19:56:02Z,500,298,202,,,,,,,,,,,,,,,,,
campaign_e_out,out_n500_rho0.6_exact-ties_seed3.pcf,dhfma,1,0,344693,103,102,3860863935946324491,18560,23f703aa3bc9,2026-08-28T19:56:02Z,500,298,202,,,,,,,,,,,,,,,,,
campaign_e_out,out_n500_rho0.6_exact-ties_seed3.pcf,dhfma,2,0,330408,103,102,3860863935946324491,18560,23f703aa3bc9,2026-08-28T19:56:02Z,500,298,202,,,,,,,,,,,,,,,,,
campaign_e_out,out_n500_rho0.6_exact-ties_seed4.pcf,dhfma,0,0,327749,109,108,37657655992020289,18560,23f703aa3bc9,2026-08-28T19:56:02Z,500,319,181,,,,,,,,,,,,,,,,,
campaign_e_out,out_n500_rho0.6_exact-ties_seed4.pcf,dhfma,1,0,292265,109,108,37657655992020289,18560,23f703aa3bc9,2026-08-28T19:56:02Z,500,319,181,,,,,,,,,,,,,,,,,
campaign_e_out,out_n500_rho0.6_exact-ties_seed4.pcf,dhfma,2,0,303468,109,108,37657655992020289,18560,23f703aa3bc9,2026-08-28T19:56:02Z,500,319,181,,,,,,,,,,,,,,,,,
campaign_e_out,out_n500_rho0.6_independent-positive_seed0.pcf,dhfma,0,0,420521,356,355,10107497987170123687,18560,23f703aa3bc9,2026-08-28T19:56:02Z,500,294,206,,,,,,,,,,,,,,,,,
campaign_e_out,out_n500_rho0.6_independent-positive_seed0.pcf,dhfma,1,0,329211,356,355,10107497987170123687,18560,23f703aa3bc9,2026-08-28T19:56:02Z,500,294,206,,,,,,,,,,,,,,,,,
campaign_e_out,out_n500_rho0.6_independent-positive_seed0.pcf,dhfma,2,0,312717,356,355,10107497987170123687,18560,23f703aa3bc9,2026-08-28T19:56:02Z,500,294,206,,,,,,,,,,,,,,,,,
campaign_e_out,out_n500_rho0.6_independent-positive_seed1.pcf,dhfma,0,0,379960,340,339,13983709525131574729,18560,23f703aa3bc9,2026-08-28T19:56:02Z,500,288,212,,,,,,,,,,,,,,,,,
campaign_e_out,out_n500_rho0.6_independent-positive_seed1.pcf,dhfma,1,0,340210,340,339,13983709525131574729,18560,23f703aa3bc9,2026-08-28T19:56:02Z,500,288,212,,,,,,,,,,,,,,,,,
campaign_e_out,out_n500_rho0.6_independent-positive_seed1.pcf,dhfma,2,0,338466,340,339,13983709525131574729,18560,23f703aa3bc9,2026-08-28T19:56:02Z,500,288,212,,,,,,,,,,,,,,,,,
campaign_e_out,out_n500_rho0.6_independent-positive_seed2.pcf,dhfma,0,0,381762,364,363,15872906082808074670,18560,23f703aa3bc9,2026-08-28T19:56:02Z,500,303,197,,,,,,,,,,,,,,,,,
campaign_e_out,out_n500_rho0.6_independent-positive_seed2.pcf,dhfma,1,0,343235,364,363,15872906082808074670,18560,23f703aa3bc9,2026-08-28T19:56:02Z,500,303,197,,,,,,,,,,,,,,,,,
campaign_e_out,out_n500_rho0.6_independent-positive_seed2.pcf,dhfma,2,0,333165,364,363,15872906082808074670,18560,23f703aa3bc9,2026-08-28T19:56:02Z,500,303,197,,,,,,,,,,,,,,,,,
campaign_e_out,out_n500_rho0.6_independent-positive_seed3.pcf,dhfma,0,0,379763,355,354,6075172971798875142,18560,23f703aa3bc9,2026-08-28T19:56:02Z,500,283,217,,,,,,,,,,,,,,,,,
campaign_e_out,out_n500_rho0.6_independent-positive_seed3.pcf,dhfma,1,0,350068,355,354,6075172971798875142,18560,23f703aa3bc9,2026-08-28T19:56:02Z,500,283,217,,,,,,,,,,,,,,,,,
campaign_e_out,out_n500_rho0.6_independent-positive_seed3.pcf,dhfma,2,0,327472,355,354,6075172971798875142,18560,23f703aa3bc9,2026-08-28T19:56:02Z,500,283,217,,,,,,,,,,,,,,,,,
campaign_e_out,out_n500_rho0.6_independent-positive_seed4.pcf,dhfma,0,0,402708,351,350,10215578839885424113,18560,23f703aa3bc9,2026-08-28T19:56:02Z,500,318,182,,,,,,,,,,,,,,,,,
campaign_e_out,out_n500_rho0.6_independent-positive_seed4.pcf,dhfma,1,0,357557,351,350,10215578839885424113,18560,23f703aa3bc9,2026-08-28T19:56:02Z,500,318,182,,,,,,,,,,,,,,,,,
campaign_e_out,out_n500_rho0.6_independent-positive_seed4.pcf,dhfma,2,0,335942,351,350,10215578839885424113,18560,23f703aa3bc9,2026-08-28T19:56:02Z,500,318,182,,,,,,,,,,,,,,,,,
campaign_e_out,out_n500_rho0.6_independent-signed_seed0.pcf,dhfma,0,0,344023,376,375,9095125808890956581,18560,23f703aa3bc9,2026-08-28T19:56:02Z,500,294,206,,,,,,,,,,,,,,,,,
campaign_e_out,out_n500_rho0.6_independent-signed_seed0.pcf,dhfma,1,0,305578,376,375,9095125808890956581,18560,23f703aa3bc9,2026-08-28T19:56:02Z,500,294,206,,,,,,,,,,,,,,,,,
campaign_e_out,out_n500_rho0.6_independent-signed_seed0.pcf,dhfma,2,0,289975,376,375,9095125808890956581,18560,23f703aa3bc9,2026-08-28T19:56:02Z,500,294,206,,,,,,,,,,,,,,,,,
campaign_e_out,out_n500_rho0.6_independent-signed_seed1.pcf,dhfma,0,0,387570,348,347,18412268834550489427,18560,23f703aa3bc9,2026-08-28T19:56:02Z,500,288,212,,,,,,,,,,,,,,,,,
campaign_e_out,out_n500_rho0.6_independent-signed_seed1.pcf,dhfma,1,0,351929,348,347,18412268834550489427,18560,23f703aa3bc9,2026-08-28T19:56:02Z,500,288,212,,,,,,,,,,,,,,,,,
campaign_e_out,out_n500_rho0.6_independent-signed_seed1.pcf,dhfma,2,0,335981,348,347,18412268834550489427,18560,23f703aa3bc9,2026-08-28T19:56:02Z,500,288,212,,,,,,,,,,,,,,,,,
campaign_e_out,out_n500_rho0.6_independent-signed_seed2.pcf,dhfma,0,0,365401,363,362,5036141877666239644,18720,23f703aa3bc9,2026-08-28T19:56:02Z,500,303,197,,,,,,,,,,,,,,,,,
campaign_e_out,out_n500_rho0.6_independent-signed_seed2.pcf,dhfma,1,0,329016,363,362,5036141877666239644,18720,23f703aa3bc9,2026-08-28T19:56:02Z,500,303,197,,,,,,,,,,,,,,,,,
campaign_e_out,out_n500_rho0.6_independent-signed_seed2.pcf,dhfma,2,0,312422,363,362,5036141877666239644,18720,23f703aa3bc9,2026-08-28T19:56:02Z,500,303,197,,,,,,,,,,,,,,,,,
campaign_e_out,out_n500_rho0.6_independent-signed_seed3.pcf,dhfma,0,0,398652,355,354,3967512602682874006,18720,23f703aa3bc9,2026-08-28T19:56:02Z,500,283,217,,,,,,,,,,,,,,,,,
campaign_e_out,out_n500_rho0.6_independent-signed_seed3.pcf,dhfma,1,0,347584,355,354,3967512602682874006,18720,23f703aa3bc9,2026-08-28T19:56:02Z,500,283,217,,,,,,,,,,,,,,,,,
campaign_e_out,out_n500_rho0.6_independent-signed_seed3.pcf,dhfma,2,0,349943,355,354,3967512602682874006,18720,23f703aa3bc9,2026-08-28T19:56:02Z,500,283,217,,,,,,,,,,,,,,,,,
campaign_e_out,out_n500_rho0.6_independent-signed_seed4.pcf,dhfma,0,0,380534,348,347,16650893011154128038,18720,23f703aa3bc9,2026-08-28T19:56:02Z,500,318,182,,,,,,,,,,,,,,,,,
campaign_e_out,out_n500_rho0.6_independent-signed_seed4.pcf,dhfma,1,0,338168,348,347,16650893011154128038,18720,23f703aa3bc9,2026-08-28T19:56:02Z,500,318,182,,,,,,,,,,,,,,,,,
campaign_e_out,out_n500_rho0.6_independent-signed_seed4.pcf,dhfma,2,0,324639,348,347,16650893011154128038,18720,23f703aa3bc9,2026-08-28T19:56:02Z,500,318,182,,,,,,,,,,,,,,,,,
campaign_e_out,out_n500_rho0.6_near-ties_seed0.pcf,dhfma,0,0,428809,155,154,15501958501130001188,18720,23f703aa3bc9,2026-08-28T19:56:02Z,500,303,197,,,,,,,,,,,,,,,,,
campaign_e_out,out_n500_rho0.6_near-ties_seed0.pcf,dhfma,1,0,385977,155,154,15501958501130001188,18720,23f703aa3bc9,2026-08-28T19:56:02Z,500,303,197,,,,,,,,,,,,,,,,,
campaign_e_out,out_n500_rho0.6_near-ties_seed0.pcf,dhfma,2,0,374014,155,154,15501958501130001188,18720,23f703aa3bc9,2026-08-28T19:56:02Z,500,303,197,,,,,,,,,,,,,,,,,
campaign_e_out,out_n500_rho0.6_near-ties_seed1.pcf,dhfma,0,0,372521,157,156,1877271623880518178,18720,23f703aa3bc9,2026-08-28T19:56:02Z,500,305,195,,,,,,,,,,,,,,,,,
campaign_e_out,out_n500_rho0.6_near-ties_seed1.pcf,dhfma,1,0,340709,157,156,1877271623880518178,18720,23f703aa3bc9,2026-08-28T19:56:02Z,500,305,195,,,,,,,,,,,,,,,,,
campaign_e_out,out_n500_rho0.6_near-ties_seed1.pcf,dhfma,2,0,322666,157,156,1877271623880518178,18720,23f703aa3bc9,2026-08-28T19:56:02Z,500,305,195,,,,,,,,,,,,,,,,,
campaign_e_out,out_n500_rho0.6_near-ties_seed2.pcf,dhfma,0,0,365045,164,163,916379828412079494,18720,23f703aa3bc9,2026-08-28T19:56:02Z,500,300,200,,,,,,,,,,,,,,,,,
campaign_e_out,out_n500_rho0.6_near-ties_seed2.pcf,dhfma,1,0,324789,164,163,916379828412079494,18720,23f703aa3bc9,2026-08-28T19:56:02Z,500,300,200,,,,,,,,,,,,,,,,,
campaign_e_out,out_n500_rho0.6_near-ties_seed2.pcf,dhfma,2,0,329302,164,163,916379828412079494,18720,23f703aa3bc9,2026-08-28T19:56:02Z,500,300,200,,,,,,,,,,,,,,,,,
campaign_e_out,out_n500_rho0.6_near-ties_seed3.pcf,dhfma,0,0,545788,161,160,18505040119610834,18720,23f703aa3bc9,2026-08-28T19:56:02Z,500,291,209,,,,,,,,,,,,,,,,,
campaign_e_out,out_n500_rho0.6_near-ties_seed3.pcf,dhfma,1,0,418130,161,160,18505040119610834,18720,23f703aa3bc9,2026-08-28T19:56:02Z,500,291,209,,,,,,,,,,,,,,,,,
campaign_e_out,out_n500_rho0.6_near-ties_seed3.pcf,dhfma,2,0,400806,161,160,18505040119610834,18720,23f703aa3bc9,2026-08-28T19:56:02Z,500,291,209,,,,,,,,,,,,,,,,,
campaign_e_out,out_n500_rho0.6_near-ties_seed4.pcf,dhfma,0,0,400199,167,166,2198784527278026039,18720,23f703aa3bc9,2026-08-28T19:56:02Z,500,301,199,,,,,,,,,,,,,,,,,
campaign_e_out,out_n500_rho0.6_near-ties_seed4.pcf,dhfma,1,0,362382,167,166,2198784527278026039,18720,23f703aa3bc9,2026-08-28T19:56:02Z,500,301,199,,,,,,,,,,,,,,,,,
campaign_e_out,out_n500_rho0.6_near-ties_seed4.pcf,dhfma,2,0,367852,167,166,2198784527278026039,18720,23f703aa3bc9,2026-08-28T19:56:02Z,500,301,199,,,,,,,,,,,,,,,,,
campaign_e_out,out_n500_rho1.0_anti-correlated_seed0.pcf,dhfma,0,0,2309734,254,253,17766019815603326907,18720,23f703aa3bc9,2026-08-28T19:56:02Z,500,499,1,,,,,,,,,,,,,,,,,
campaign_e_out,out_n500_rho1.0_anti-correlated_seed0.pcf,dhfma,1,0,2181973,254,253,17766019815603326907,18720,23f703aa3bc9,2026-08-28T19:56:02Z,500,499,1,,,,,,,,,,,,,,,,,
campaign_e_out,out_n500_rho1.0_anti-correlated_seed0.pcf,dhfma,2,0,2199267,254,253,17766019815603326907,18720,23f703aa3bc9,2026-08-28T19:56:02Z,500,499,1,,,,,,,,,,,,,,,,,
campaign_e_out,out_n500_rho1.0_anti-correlated_seed1.pcf,dhfma,0,0,1461992,248,247,3825493388480351948,18720,23f703aa3bc9,2026-08-28T19:56:02Z,500,499,1,,,,,,,,,,,,,,,,,
campaign_e_out,out_n500_rho1.0_anti-correlated_seed1.pcf,dhfma,1,0,1463820,248,247,3825493388480351948,18720,23f703aa3bc9,2026-08-28T19:56:02Z,500,499,1,,,,,,,,,,,,,,,,,
campaign_e_out,out_n500_rho1.0_anti-correlated_seed1.pcf,dhfma,2,0,1402471,248,247,3825493388480351948,18720,23f703aa3bc9,2026-08-28T19:56:02Z,500,499,1,,,,,,,,,,,,,,,,,
campaign_e_out,out_n500_rho1.0_anti-correlated_seed2.pcf,dhfma,0,0,1636308,259,258,5355057902220121627,18720,23f703aa3bc9,2026-08-28T19:56:02Z,500,499,1,,,,,,,,,,,,,,,,,
campaign_e_out,out_n500_rho1.0_anti-correlated_seed2.pcf,dhfma,1,0,1663348,259,258,5355057902220121627,18720,23f703aa3bc9,2026-08-28T19:56:02Z,500,499,1,,,,,,,,,,,,,,,,,
campaign_e_out,out_n500_rho1.0_anti-correlated_seed2.pcf,dhfma,2,0,1592161,259,258,5355057902220121627,18720,23f703aa3bc9,2026-08-28T19:56:02Z,500,499,1,,,,,,,,,,,,,,,,,
campaign_e_out,out_n500_rho1.0_anti-correlated_seed3.pcf,dhfma,0,0,1431576,249,248,11789362802512498821,18720,23f703aa3bc9,2026-08-28T19:56:02Z,500,499,1,,,,,,,,,,,,,,,,,
campaign_e_out,out_n500_rho1.0_anti-correlated_seed3.pcf,dhfma,1,0,1452492,249,248,11789362802512498821,18720,23f703aa3bc9,2026-08-28T19:56:02Z,500,499,1,,,,,,,,,,,,,,,,,
campaign_e_out,out_n500_rho1.0_anti-correlated_seed3.pcf,dhfma,2,0,1390192,249,248,11789362802512498821,18720,23f703aa3bc9,2026-08-28T19:56:02Z,500,499,1,,,,,,,,,,,,,,,,,
campaign_e_out,out_n500_rho1.0_anti-correlated_seed4.pcf,dhfma,0,0,1604205,257,256,7411215160181367034,18720,23f703aa3bc9,2026-08-28T19:56:02Z,500,499,1,,,,,,,,,,,,,,,,,
campaign_e_out,out_n500_rho1.0_anti-correlated_seed4.pcf,dhfma,1,0,1558019,257,256,7411215160181367034,18720,23f703aa3bc9,2026-08-28T19:56:02Z,500,499,1,,,,,,,,,,,,,,,,,
campaign_e_out,out_n500_rho1.0_anti-correlated_seed4.pcf,dhfma,2,0,1517661,257,256,7411215160181367034,18720,23f703aa3bc9,2026-08-28T19:56:02Z,500,499,1,,,,,,,,,,,,,,,,,
campaign_e_out,out_n500_rho1.0_correlated_seed0.pcf,dhfma,0,0,2045965,253,252,14068625775840605642,18720,23f703aa3bc9,2026-08-28T19:56:02Z,500,499,1,,,,,,,,,,,,,,,,,
campaign_e_out,out_n500_rho1.0_correlated_seed0.pcf,dhfma,1,0,1941561,253,252,14068625775840605642,18720,23f703aa3bc9,2026-08-28T19:56:02Z,500,499,1,,,,,,,,,,,,,,,,,
campaign_e_out,out_n500_rho1.0_correlated_seed0.pcf,dhfma,2,0,1947453,253,252,14068625775840605642,18720,23f703aa3bc9,2026-08-28T19:56:02Z,500,499,1,,,,,,,,,,,,,,,,,
campaign_e_out,out_n500_rho1.0_correlated_seed1.pcf,dhfma,0,0,1857005,248,247,8586917559503985549,18720,23f703aa3bc9,2026-08-28T19:56:02Z,500,499,1,,,,,,,,,,,,,,,,,
campaign_e_out,out_n500_rho1.0_correlated_seed1.pcf,dhfma,1,0,1734458,248,247,8586917559503985549,18720,23f703aa3bc9,2026-08-28T19:56:02Z,500,499,1,,,,,,,,,,,,,,,,,
campaign_e_out,out_n500_rho1.0_correlated_seed1.pcf,dhfma,2,0,1743602,248,247,8586917559503985549,18720,23f703aa3bc9,2026-08-28T19:56:02Z,500,499,1,,,,,,,,,,,,,,,,,
campaign_e_out,out_n500_rho1.0_correlated_seed2.pcf,dhfma,0,0,1706280,240,239,8728917684656105558,18720,23f703aa3bc9,2026-08-28T19:56:02Z,500,499,1,,,,,,,,,,,,,,,,,
campaign_e_out,out_n500_rho1.0_correlated_seed2.pcf,dhfma,1,0,1619643,240,239,8728917684656105558,18720,23f703aa3bc9,2026-08-28T19:56:02Z,500,499,1,,,,,,,,,,,,,,,,,
campaign_e_out,out_n500_rho1.0_correlated_seed2.pcf,dhfma,2,0,1608121,240,239,8728917684656105558,18720,23f703aa3bc9,2026-08-28T19:56:02Z,500,499,1,,,,,,,,,,,,,,,,,
campaign_e_out,out_n500_rho1.0_correlated_seed3.pcf,dhfma,0,0,1539616,260,259,7100912965061140091,18720,23f703aa3bc9,2026-08-28T19:56:02Z,500,499,1,,,,,,,,,,,,,,,,,
campaign_e_out,out_n500_rho1.0_correlated_seed3.pcf,dhfma,1,0,1451430,260,259,7100912965061140091,18720,23f703aa3bc9,2026-08-28T19:56:02Z,500,499,1,,,,,,,,,,,,,,,,,
campaign_e_out,out_n500_rho1.0_correlated_seed3.pcf,dhfma,2,0,1429427,260,259,7100912965061140091,18720,23f703aa3bc9,2026-08-28T19:56:02Z,500,499,1,,,,,,,,,,,,,,,,,
campaign_e_out,out_n500_rho1.0_correlated_seed4.pcf,dhfma,0,0,1995777,252,251,15258027834988331178,18720,23f703aa3bc9,2026-08-28T19:56:02Z,500,499,1,,,,,,,,,,,,,,,,,
campaign_e_out,out_n500_rho1.0_correlated_seed4.pcf,dhfma,1,0,1956481,252,251,15258027834988331178,18720,23f703aa3bc9,2026-08-28T19:56:02Z,500,499,1,,,,,,,,,,,,,,,,,
campaign_e_out,out_n500_rho1.0_correlated_seed4.pcf,dhfma,2,0,1936281,252,251,15258027834988331178,18720,23f703aa3bc9,2026-08-28T19:56:02Z,500,499,1,,,,,,,,,,,,,,,,,
campaign_e_out,out_n500_rho1.0_exact-ties_seed0.pcf,dhfma,0,0,1649526,99,98,8605369723410019973,18720,23f703aa3bc9,2026-08-28T19:56:02Z,500,499,1,,,,,,,,,,,,,,,,,
campaign_e_out,out_n500_rho1.0_exact-ties_seed0.pcf,dhfma,1,0,1615509,99,98,8605369723410019973,18720,23f703aa3bc9,2026-08-28T19:56:02Z,500,499,1,,,,,,,,,,,,,,,,,
campaign_e_out,out_n500_rho1.0_exact-ties_seed0.pcf,dhfma,2,0,1599776,99,98,8605369723410019973,18720,23f703aa3bc9,2026-08-28T19:56:02Z,500,499,1,,,,,,,,,,,,,,,,,
campaign_e_out,out_n500_rho1.0_exact-ties_seed1.pcf,dhfma,0,0,2669142,101,100,5269084688254317732,18880,23f703aa3bc9,2026-08-28T19:56:02Z,500,499,1,,,,,,,,,,,,,,,,,
campaign_e_out,out_n500_rho1.0_exact-ties_seed1.pcf,dhfma,1,0,2590878,101,100,5269084688254317732,18880,23f703aa3bc9,2026-08-28T19:56:02Z,500,499,1,,,,,,,,,,,,,,,,,
campaign_e_out,out_n500_rho1.0_exact-ties_seed1.pcf,dhfma,2,0,2573733,101,100,5269084688254317732,18880,23f703aa3bc9,2026-08-28T19:56:02Z,500,499,1,,,,,,,,,,,,,,,,,
campaign_e_out,out_n500_rho1.0_exact-ties_seed2.pcf,dhfma,0,0,2235022,106,105,654192585697336300,18880,23f703aa3bc9,2026-08-28T19:56:02Z,500,499,1,,,,,,,,,,,,,,,,,
campaign_e_out,out_n500_rho1.0_exact-ties_seed2.pcf,dhfma,1,0,2190044,106,105,654192585697336300,18880,23f703aa3bc9,2026-08-28T19:56:02Z,500,499,1,,,,,,,,,,,,,,,,,
campaign_e_out,out_n500_rho1.0_exact-ties_seed2.pcf,dhfma,2,0,2145760,106,105,654192585697336300,18880,23f703aa3bc9,2026-08-28T19:56:02Z,500,499,1,,,,,,,,,,,,,,,,,
campaign_e_out,out_n500_rho1.0_exact-ties_seed3.pcf,dhfma,0,0,1544574,105,104,867835635510076672,18880,23f703aa3bc9,2026-08-28T19:56:02Z,500,499,1,,,,,,,,,,,,,,,,,
campaign_e_out,out_n500_rho1.0_exact-ties_seed3.pcf,dhfma,1,0,1503755,105,104,867835635510076672,18880,23f703aa3bc9,2026-08-28T19:56:02Z,500,499,1,,,,,,,,,,,,,,,,,
campaign_e_out,out_n500_rho1.0_exact-ties_seed3.pcf,dhfma,2,0,1461602,105,104,867835635510076672,18880,23f703aa3bc9,2026-08-28T19:56:02Z,500,499,1,,,,,,,,,,,,,,,,,
campaign_e_out,out_n500_rho1.0_exact-ties_seed4.pcf,dhfma,0,0,1738283,99,98,5497159437164157815,18880,23f703aa3bc9,2026-08-28T19:56:02Z,500,499,1,,,,,,,,,,,,,,,,,
campaign_e_out,out_n500_rho1.0_exact-ties_seed4.pcf,dhfma,1,0,1719406,99,98,5497159437164157815,18880,23f703aa3bc9,2026-08-28T19:56:02Z,500,499,1,,,,,,,,,,,,,,,,,
campaign_e_out,out_n500_rho1.0_exact-ties_seed4.pcf,dhfma,2,0,1719030,99,98,5497159437164157815,18880,23f703aa3bc9,2026-08-28T19:56:02Z,500,499,1,,,,,,,,,,,,,,,,,
campaign_e_out,out_n500_rho1.0_independent-positive_seed0.pcf,dhfma,0,0,1502305,243,242,8097601354479313312,18880,23f703aa3bc9,2026-08-28T19:56:02Z,500,499,1,,,,,,,,,,,,,,,,,
campaign_e_out,out_n500_rho1.0_independent-positive_seed0.pcf,dhfma,1,0,1478769,243,242,8097601354479313312,18880,23f703aa3bc9,2026-08-28T19:56:02Z,500,499,1,,,,,,,,,,,,,,,,,
campaign_e_out,out_n500_rho1.0_independent-positive_seed0.pcf,dhfma,2,0,1459872,243,242,8097601354479313312,18880,23f703aa3bc9,2026-08-28T19:56:02Z,500,499,1,,,,,,,,,,,,,,,,,
campaign_e_out,out_n500_rho1.0_independent-positive_seed1.pcf,dhfma,0,0,1748230,264,263,6989887721747709651,18880,23f703aa3bc9,2026-08-28T19:56:02Z,500,499,1,,,,,,,,,,,,,,,,,
campaign_e_out,out_n500_rho1.0_independent-positive_seed1.pcf,dhfma,1,0,1742307,264,263,6989887721747709651,18880,23f703aa3bc9,2026-08-28T19:56:02Z,500,499,1,,,,,,,,,,,,,,,,,
campaign_e_out,out_n500_rho1.0_independent-positive_seed1.pcf,dhfma,2,0,1725798,264,263,6989887721747709651,18880,23f703aa3bc9,2026-08-28T19:56:02Z,500,499,1,,,,,,,,,,,,,,,,,
campaign_e_out,out_n500_rho1.0_independent-positive_seed2.pcf,dhfma,0,0,1896440,241,240,16475756896657924023,18880,23f703aa3bc9,2026-08-28T19:56:02Z,500,499,1,,,,,,,,,,,,,,,,,
campaign_e_out,out_n500_rho1.0_independent-positive_seed2.pcf,dhfma,1,0,1862754,241,240,16475756896657924023,18880,23f703aa3bc9,2026-08-28T19:56:02Z,500,499,1,,,,,,,,,,,,,,,,,
campaign_e_out,out_n500_rho1.0_independent-positive_seed2.pcf,dhfma,2,0,1849944,241,240,16475756896657924023,18880,23f703aa3bc9,2026-08-28T19:56:02Z,500,499,1,,,,,,,,,,,,,,,,,
campaign_e_out,out_n500_rho1.0_independent-positive_seed3.pcf,dhfma,0,0,1741054,253,252,13522161184587804217,18880,23f703aa3bc9,2026-08-28T19:56:02Z,500,499,1,,,,,,,,,,,,,,,,,
campaign_e_out,out_n500_rho1.0_independent-positive_seed3.pcf,dhfma,1,0,1693794,253,252,13522161184587804217,18880,23f703aa3bc9,2026-08-28T19:56:02Z,500,499,1,,,,,,,,,,,,,,,,,
campaign_e_out,out_n500_rho1.0_independent-positive_seed3.pcf,dhfma,2,0,1690748,253,252,13522161184587804217,18880,23f703aa3bc9,2026-08-28T19:56:02Z,500,499,1,,,,,,,,,,,,,,,,,
campaign_e_out,out_n500_rho1.0_independent-positive_seed4.pcf,dhfma,0,0,2017997,251,250,12298301020468189762,18880,23f703aa3bc9,2026-08-28T19:56:02Z,500,499,1,,,,,,,,,,,,,,,,,
campaign_e_out,out_n500_rho1.0_independent-positive_seed4.pcf,dhfma,1,0,1961473,251,250,12298301020468189762,18880,23f703aa3bc9,2026-08-28T19:56:02Z,500,499,1,,,,,,,,,,,,,,,,,
campaign_e_out,out_n500_rho1.0_independent-positive_seed4.pcf,dhfma,2,0,1925799,251,250,12298301020468189762,18880,23f703aa3bc9,2026-08-28T19:56:02Z,500,499,1,,,,,,,,,,,,,,,,,
campaign_e_out,out_n500_rho1.0_independent-signed_seed0.pcf,dhfma,0,0,1679030,258,257,7119383126955452426,18880,23f703aa3bc9,2026-08-28T19:56:02Z,500,499,1,,,,,,,,,,,,,,,,,
campaign_e_out,out_n500_rho1.0_independent-signed_seed0.pcf,dhfma,1,0,1649197,258,257,7119383126955452426,18880,23f703aa3bc9,2026-08-28T19:56:02Z,500,499,1,,,,,,,,,,,,,,,,,
campaign_e_out,out_n500_rho1.0_independent-signed_seed0.pcf,dhfma,2,0,1616509,258,257,7119383126955452426,18880,23f703aa3bc9,2026-08-28T19:56:02Z,500,499,1,,,,,,,,,,,,,,,,,
campaign_e_out,out_n500_rho1.0_independent-signed_seed1.pcf,dhfma,0,0,1854641,263,262,61154513050430140,18880,23f703aa3bc9,2026-08-28T19:56:02Z,500,499,1,,,,,,,,,,,,,,,,,
campaign_e_out,out_n500_rho1.0_independent-signed_seed1.pcf,dhfma,1,0,1818816,263,262,61154513050430140,18880,23f703aa3bc9,2026-08-28T19:56:02Z,500,499,1,,,,,,,,,,,,,,,,,
campaign_e_out,out_n500_rho1.0_independent-signed_seed1.pcf,dhfma,2,0,1771181,263,262,61154513050430140,18880,23f703aa3bc9,2026-08-28T19:56:02Z,500,499,1,,,,,,,,,,,,,,,,,
campaign_e_out,out_n500_rho1.0_independent-signed_seed2.pcf,dhfma,0,0,2292062,252,251,7859683686944948682,18880,23f703aa3bc9,2026-08-28T19:56:02Z,500,499,1,,,,,,,,,,,,,,,,,
campaign_e_out,out_n500_rho1.0_independent-signed_seed2.pcf,dhfma,1,0,2183815,252,251,7859683686944948682,18880,23f703aa3bc9,2026-08-28T19:56:02Z,500,499,1,,,,,,,,,,,,,,,,,
campaign_e_out,out_n500_rho1.0_independent-signed_seed2.pcf,dhfma,2,0,2165282,252,251,7859683686944948682,18880,23f703aa3bc9,2026-08-28T19:56:02Z,500,499,1,,,,,,,,,,,,,,,,,
campaign_e_out,out_n500_rho1.0_independent-signed_seed3.pcf,dhfma,0,0,1631753,259,258,17757877055735854663,18880,23f703aa3bc9,2026-08-28T19:56:02Z,500,499,1,,,,,,,,,,,,,,,,,
campaign_e_out,out_n500_rho1.0_independent-signed_seed3.pcf,dhfma,1,0,1506568,259,258,17757877055735854663,18880,23f703aa3bc9,2026-08-28T19:56:02Z,500,499,1,,,,,,,,,,,,,,,,,
campaign_e_out,out_n500_rho1.0_independent-signed_seed3.pcf,dhfma,2,0,1465633,259,258,17757877055735854663,18880,23f703aa3bc9,2026-08-28T19:56:02Z,500,499,1,,,,,,,,,,,,,,,,,
campaign_e_out,out_n500_rho1.0_independent-signed_seed4.pcf,dhfma,0,0,2042676,246,245,10644767675580718424,18880,23f703aa3bc9,2026-08-28T19:56:02Z,500,499,1,,,,,,,,,,,,,,,,,
campaign_e_out,out_n500_rho1.0_independent-signed_seed4.pcf,dhfma,1,0,1930464,246,245,10644767675580718424,18880,23f703aa3bc9,2026-08-28T19:56:02Z,500,499,1,,,,,,,,,,,,,,,,,
campaign_e_out,out_n500_rho1.0_independent-signed_seed4.pcf,dhfma,2,0,1933313,246,245,10644767675580718424,18880,23f703aa3bc9,2026-08-28T19:56:02Z,500,499,1,,,,,,,,,,,,,,,,,
campaign_e_out,out_n500_rho1.0_near-ties_seed0.pcf,dhfma,0,0,2064821,130,129,12433089766122514443,18880,23f703aa3bc9,2026-08-28T19:56:02Z,500,499,1,,,,,,,,,,,,,,,,,
campaign_e_out,out_n500_rho1.0_near-ties_seed0.pcf,dhfma,1,0,1984188,130,129,12433089766122514443,18880,23f703aa3bc9,2026-08-28T19:56:02Z,500,499,1,,,,,,,,,,,,,,,,,
campaign_e_out,out_n500_rho1.0_near-ties_seed0.pcf,dhfma,2,0,1948301,130,129,12433089766122514443,18880,23f703aa3bc9,2026-08-28T19:56:02Z,500,499,1,,,,,,,,,,,,,,,,,
campaign_e_out,out_n500_rho1.0_near-ties_seed1.pcf,dhfma,0,0,1603558,140,139,3242477237709932013,18880,23f703aa3bc9,2026-08-28T19:56:02Z,500,499,1,,,,,,,,,,,,,,,,,
campaign_e_out,out_n500_rho1.0_near-ties_seed1.pcf,dhfma,1,0,1619292,140,139,3242477237709932013,18880,23f703aa3bc9,2026-08-28T19:56:02Z,500,499,1,,,,,,,,,,,,,,,,,
campaign_e_out,out_n500_rho1.0_near-ties_seed1.pcf,dhfma,2,0,1542114,140,139,3242477237709932013,18880,23f703aa3bc9,2026-08-28T19:56:02Z,500,499,1,,,,,,,,,,,,,,,,,
campaign_e_out,out_n500_rho1.0_near-ties_seed2.pcf,dhfma,0,0,1549987,141,140,14602883869907823527,18880,23f703aa3bc9,2026-08-28T19:56:02Z,500,499,1,,,,,,,,,,,,,,,,,
campaign_e_out,out_n500_rho1.0_near-ties_seed2.pcf,dhfma,1,0,1542665,141,140,14602883869907823527,18880,23f703aa3bc9,2026-08-28T19:56:02Z,500,499,1,,,,,,,,,,,,,,,,,
campaign_e_out,out_n500_rho1.0_near-ties_seed2.pcf,dhfma,2,0,1554019,141,140,14602883869907823527,18880,23f703aa3bc9,2026-08-28T19:56:02Z,500,499,1,,,,,,,,,,,,,,,,,
campaign_e_out,out_n500_rho1.0_near-ties_seed3.pcf,dhfma,0,0,2178355,137,136,9293018983648014940,18880,23f703aa3bc9,2026-08-28T19:56:02Z,500,499,1,,,,,,,,,,,,,,,,,
campaign_e_out,out_n500_rho1.0_near-ties_seed3.pcf,dhfma,1,0,2098665,137,136,9293018983648014940,18880,23f703aa3bc9,2026-08-28T19:56:02Z,500,499,1,,,,,,,,,,,,,,,,,
campaign_e_out,out_n500_rho1.0_near-ties_seed3.pcf,dhfma,2,0,2061964,137,136,9293018983648014940,18880,23f703aa3bc9,2026-08-28T19:56:02Z,500,499,1,,,,,,,,,,,,,,,,,
campaign_e_out,out_n500_rho1.0_near-ties_seed4.pcf,dhfma,0,0,1533108,142,141,17916912025994192374,18880,23f703aa3bc9,2026-08-28T19:56:02Z,500,499,1,,,,,,,,,,,,,,,,,
campaign_e_out,out_n500_rho1.0_near-ties_seed4.pcf,dhfma,1,0,1490357,142,141,17916912025994192374,18880,23f703aa3bc9,2026-08-28T19:56:02Z,500,499,1,,,,,,,,,,,,,,,,,
campaign_e_out,out_n500_rho1.0_near-ties_seed4.pcf,dhfma,2,0,1470308,142,141,17916912025994192374,18880,23f703aa3bc9,2026-08-28T19:56:02Z,500,499,1,,,,,,,,,,,,,,,,,
campaign_e_out,out_n60000_rho0.6_anti-correlated_seed0.pcf,dhfma,0,0,80325042,36231,36230,9058499067770066181,25544,23f703aa3bc9,2026-08-28T19:56:02Z,60000,36050,23950,,,,,,,,,,,,,,,,,
campaign_e_out,out_n60000_rho0.6_anti-correlated_seed0.pcf,dhfma,1,0,76984715,36231,36230,9058499067770066181,27084,23f703aa3bc9,2026-08-28T19:56:02Z,60000,36050,23950,,,,,,,,,,,,,,,,,
campaign_e_out,out_n60000_rho0.6_anti-correlated_seed0.pcf,dhfma,2,0,78143897,36231,36230,9058499067770066181,27516,23f703aa3bc9,2026-08-28T19:56:02Z,60000,36050,23950,,,,,,,,,,,,,,,,,
campaign_e_out,out_n60000_rho0.6_anti-correlated_seed1.pcf,dhfma,0,0,76536326,36250,36249,10324439446693343540,24920,23f703aa3bc9,2026-08-28T19:56:02Z,60000,36081,23919,,,,,,,,,,,,,,,,,
campaign_e_out,out_n60000_rho0.6_anti-correlated_seed1.pcf,dhfma,1,0,73139906,36250,36249,10324439446693343540,26748,23f703aa3bc9,2026-08-28T19:56:02Z,60000,36081,23919,,,,,,,,,,,,,,,,,
campaign_e_out,out_n60000_rho0.6_anti-correlated_seed1.pcf,dhfma,2,0,74143307,36250,36249,10324439446693343540,26748,23f703aa3bc9,2026-08-28T19:56:03Z,60000,36081,23919,,,,,,,,,,,,,,,,,
campaign_e_out,out_n60000_rho0.6_anti-correlated_seed2.pcf,dhfma,0,0,75983487,36146,36145,11324250564896486555,25040,23f703aa3bc9,2026-08-28T19:56:03Z,60000,36168,23832,,,,,,,,,,,,,,,,,
campaign_e_out,out_n60000_rho0.6_anti-correlated_seed2.pcf,dhfma,1,0,72907465,36146,36145,11324250564896486555,26720,23f703aa3bc9,2026-08-28T19:56:03Z,60000,36168,23832,,,,,,,,,,,,,,,,,
campaign_e_out,out_n60000_rho0.6_anti-correlated_seed2.pcf,dhfma,2,0,74012023,36146,36145,11324250564896486555,26928,23f703aa3bc9,2026-08-28T19:56:03Z,60000,36168,23832,,,,,,,,,,,,,,,,,
campaign_e_out,out_n60000_rho0.6_anti-correlated_seed3.pcf,dhfma,0,0,76342722,36291,36290,6464706717119368906,25348,23f703aa3bc9,2026-08-28T19:56:03Z,60000,35962,24038,,,,,,,,,,,,,,,,,
campaign_e_out,out_n60000_rho0.6_anti-correlated_seed3.pcf,dhfma,1,0,72812826,36291,36290,6464706717119368906,27076,23f703aa3bc9,2026-08-28T19:56:03Z,60000,35962,24038,,,,,,,,,,,,,,,,,
campaign_e_out,out_n60000_rho0.6_anti-correlated_seed3.pcf,dhfma,2,0,74175250,36291,36290,6464706717119368906,27076,23f703aa3bc9,2026-08-28T19:56:03Z,60000,35962,24038,,,,,,,,,,,,,,,,,
campaign_e_out,out_n60000_rho0.6_anti-correlated_seed4.pcf,dhfma,0,0,74665832,36214,36213,3593073461212407914,25152,23f703aa3bc9,2026-08-28T19:56:03Z,60000,36043,23957,,,,,,,,,,,,,,,,,
campaign_e_out,out_n60000_rho0.6_anti-correlated_seed4.pcf,dhfma,1,0,71065356,36214,36213,3593073461212407914,27284,23f703aa3bc9,2026-08-28T19:56:03Z,60000,36043,23957,,,,,,,,,,,,,,,,,
campaign_e_out,out_n60000_rho0.6_anti-correlated_seed4.pcf,dhfma,2,0,72274698,36214,36213,3593073461212407914,27284,23f703aa3bc9,2026-08-28T19:56:03Z,60000,36043,23957,,,,,,,,,,,,,,,,,
campaign_e_out,out_n60000_rho0.6_correlated_seed0.pcf,dhfma,0,0,76682005,28685,28684,6985925317934873091,22836,23f703aa3bc9,2026-08-28T19:56:03Z,60000,36050,23950,,,,,,,,,,,,,,,,,
campaign_e_out,out_n60000_rho0.6_correlated_seed0.pcf,dhfma,1,0,73555368,28685,28684,6985925317934873091,24224,23f703aa3bc9,2026-08-28T19:56:03Z,60000,36050,23950,,,,,,,,,,,,,,,,,
campaign_e_out,out_n60000_rho0.6_correlated_seed0.pcf,dhfma,2,0,74187764,28685,28684,6985925317934873091,24224,23f703aa3bc9,2026-08-28T19:56:04Z,60000,36050,23950,,,,,,,,,,,,,,,,,
campaign_e_out,out_n60000_rho0.6_correlated_seed1.pcf,dhfma,0,0,73376033,28680,28679,17610430090276184854,22684,23f703aa3bc9,2026-08-28T19:56:04Z,60000,36081,23919,,,,,,,,,,,,,,,,,
campaign_e_out,out_n60000_rho0.6_correlated_seed1.pcf,dhfma,1,0,70760246,28680,28679,17610430090276184854,24076,23f703aa3bc9,2026-08-28T19:56:04Z,60000,36081,23919,,,,,,,,,,,,,,,,,
campaign_e_out,out_n60000_rho0.6_correlated_seed1.pcf,dhfma,2,0,71768659,28680,28679,17610430090276184854,24076,23f703aa3bc9,2026-08-28T19:56:04Z,60000,36081,23919,,,,,,,,,,,,,,,,,
campaign_e_out,out_n60000_rho0.6_correlated_seed2.pcf,dhfma,0,0,73172157,28706,28705,9734121240744369499,22488,23f703aa3bc9,2026-08-28T19:56:04Z,60000,36168,23832,,,,,,,,,,,,,,,,,
campaign_e_out,out_n60000_rho0.6_correlated_seed2.pcf,dhfma,1,0,70090721,28706,28705,9734121240744369499,24360,23f703aa3bc9,2026-08-28T19:56:04Z,60000,36168,23832,,,,,,,,,,,,,,,,,
campaign_e_out,out_n60000_rho0.6_correlated_seed2.pcf,dhfma,2,0,70826208,28706,28705,9734121240744369499,24360,23f703aa3bc9,2026-08-28T19:56:04Z,60000,36168,23832,,,,,,,,,,,,,,,,,
campaign_e_out,out_n60000_rho0.6_correlated_seed3.pcf,dhfma,0,0,73121505,28685,28684,6602462089364219715,22796,23f703aa3bc9,2026-08-28T19:56:04Z,60000,35962,24038,,,,,,,,,,,,,,,,,
campaign_e_out,out_n60000_rho0.6_correlated_seed3.pcf,dhfma,1,0,69882993,28685,28684,6602462089364219715,23928,23f703aa3bc9,2026-08-28T19:56:04Z,60000,35962,24038,,,,,,,,,,,,,,,,,
campaign_e_out,out_n60000_rho0.6_correlated_seed3.pcf,dhfma,2,0,70901777,28685,28684,6602462089364219715,23928,23f703aa3bc9,2026-08-28T19:56:04Z,60000,35962,24038,,,,,,,,,,,,,,,,,
campaign_e_out,out_n60000_rho0.6_correlated_seed4.pcf,dhfma,0,0,74698168,28661,28660,14170420497320380833,22584,23f703aa3bc9,2026-08-28T19:56:04Z,60000,36043,23957,,,,,,,,,,,,,,,,,
campaign_e_out,out_n60000_rho0.6_correlated_seed4.pcf,dhfma,1,0,72120675,28661,28660,14170420497320380833,24128,23f703aa3bc9,2026-08-28T19:56:04Z,60000,36043,23957,,,,,,,,,,,,,,,,,
campaign_e_out,out_n60000_rho0.6_correlated_seed4.pcf,dhfma,2,0,73502348,28661,28660,14170420497320380833,24128,23f703aa3bc9,2026-08-28T19:56:04Z,60000,36043,23957,,,,,,,,,,,,,,,,,
campaign_e_out,out_n60000_rho0.6_exact-ties_seed0.pcf,dhfma,0,0,68391772,9159,9158,10178862117858821964,20820,23f703aa3bc9,2026-08-28T19:56:05Z,60000,35939,24061,,,,,,,,,,,,,,,,,
campaign_e_out,out_n60000_rho0.6_exact-ties_seed0.pcf,dhfma,1,0,67082755,9159,9158,10178862117858821964,23480,23f703aa3bc9,2026-08-28T19:56:05Z,60000,35939,24061,,,,,,,,,,,,,,,,,
campaign_e_out,out_n60000_rho0.6_exact-ties_seed0.pcf,dhfma,2,0,67875762,9159,9158,10178862117858821964,23740,23f703aa3bc9,2026-08-28T19:56:05Z,60000,35939,24061,,,,,,,,,,,,,,,,,
campaign_e_out,out_n60000_rho0.6_exact-ties_seed1.pcf,dhfma,0,0,67115043,9349,9348,16969964660166776285,21028,23f703aa3bc9,2026-08-28T19:56:05Z,60000,36071,23929,,,,,,,,,,,,,,,,,
campaign_e_out,out_n60000_rho0.6_exact-ties_seed1.pcf,dhfma,1,0,66531494,9349,9348,16969964660166776285,23916,23f703aa3bc9,2026-08-28T19:56:05Z,60000,36071,23929,,,,,,,,,,,,,,,,,
campaign_e_out,out_n60000_rho0.6_exact-ties_seed1.pcf,dhfma,2,0,66819527,9349,9348,16969964660166776285,23920,23f703aa3bc9,2026-08-28T19:56:05Z,60000,36071,23929,,,,,,,,,,,,,,,,,
campaign_e_out,out_n60000_rho0.6_exact-ties_seed2.pcf,dhfma,0,0,67019957,9282,9281,11851264360410973848,20996,23f703aa3bc9,2026-08-28T19:56:05Z,60000,36110,23890,,,,,,,,,,,,,,,,,
campaign_e_out,out_n60000_rho0.6_exact-ties_seed2.pcf,dhfma,1,0,65779549,9282,9281,11851264360410973848,23836,23f703aa3bc9,2026-08-28T19:56:05Z,60000,36110,23890,,,,,,,,,,,,,,,,,
campaign_e_out,out_n60000_rho0.6_exact-ties_seed2.pcf,dhfma,2,0,66879893,9282,9281,11851264360410973848,23836,23f703aa3bc9,2026-08-28T19:56:05Z,60000,36110,23890,,,,,,,,,,,,,,,,,
campaign_e_out,out_n60000_rho0.6_exact-ties_seed3.pcf,dhfma,0,0,66988945,9266,9265,16418447902758886013,20420,23f703aa3bc9,2026-08-28T19:56:05Z,60000,35789,24211,,,,,,,,,,,,,,,,,
campaign_e_out,out_n60000_rho0.6_exact-ties_seed3.pcf,dhfma,1,0,65829808,9266,9265,16418447902758886013,23248,23f703aa3bc9,2026-08-28T19:56:05Z,60000,35789,24211,,,,,,,,,,,,,,,,,
campaign_e_out,out_n60000_rho0.6_exact-ties_seed3.pcf,dhfma,2,0,66231232,9266,9265,16418447902758886013,23252,23f703aa3bc9,2026-08-28T19:56:05Z,60000,35789,24211,,,,,,,,,,,,,,,,,
campaign_e_out,out_n60000_rho0.6_exact-ties_seed4.pcf,dhfma,0,0,67157897,9219,9218,12354339362357945566,20412,23f703aa3bc9,2026-08-28T19:56:05Z,60000,36032,23968,,,,,,,,,,,,,,,,,
campaign_e_out,out_n60000_rho0.6_exact-ties_seed4.pcf,dhfma,1,0,66002661,9219,9218,12354339362357945566,23244,23f703aa3bc9,2026-08-28T19:56:06Z,60000,36032,23968,,,,,,,,,,,,,,,,,
campaign_e_out,out_n60000_rho0.6_exact-ties_seed4.pcf,dhfma,2,0,66253641,9219,9218,12354339362357945566,23728,23f703aa3bc9,2026-08-28T19:56:06Z,60000,36032,23968,,,,,,,,,,,,,,,,,
campaign_e_out,out_n60000_rho0.6_independent-positive_seed0.pcf,dhfma,0,0,73679523,39309,39308,15306655288532575288,25496,23f703aa3bc9,2026-08-28T19:56:06Z,60000,35953,24047,,,,,,,,,,,,,,,,,
campaign_e_out,out_n60000_rho0.6_independent-positive_seed0.pcf,dhfma,1,0,71108027,39309,39308,15306655288532575288,27444,23f703aa3bc9,2026-08-28T19:56:06Z,60000,35953,24047,,,,,,,,,,,,,,,,,
campaign_e_out,out_n60000_rho0.6_independent-positive_seed0.pcf,dhfma,2,0,71639020,39309,39308,15306655288532575288,27444,23f703aa3bc9,2026-08-28T19:56:06Z,60000,35953,24047,,,,,,,,,,,,,,,,,
campaign_e_out,out_n60000_rho0.6_independent-positive_seed1.pcf,dhfma,0,0,77087205,39182,39181,15517997957448127284,25708,23f703aa3bc9,2026-08-28T19:56:06Z,60000,36023,23977,,,,,,,,,,,,,,,,,
campaign_e_out,out_n60000_rho0.6_independent-positive_seed1.pcf,dhfma,1,0,73741700,39182,39181,15517997957448127284,27432,23f703aa3bc9,2026-08-28T19:56:06Z,60000,36023,23977,,,,,,,,,,,,,,,,,
campaign_e_out,out_n60000_rho0.6_independent-positive_seed1.pcf,dhfma,2,0,72860290,39182,39181,15517997957448127284,31112,23f703aa3bc9,2026-08-28T19:56:06Z,60000,36023,23977,,,,,,,,,,,,,,,,,
campaign_e_out,out_n60000_rho0.6_independent-positive_seed2.pcf,dhfma,0,0,78671665,39063,39062,14892494857089939629,25876,23f703aa3bc9,2026-08-28T19:56:06Z,60000,36166,23834,,,,,,,,,,,,,,,,,
campaign_e_out,out_n60000_rho0.6_independent-positive_seed2.pcf,dhfma,1,0,75182132,39063,39062,14892494857089939629,27576,23f703aa3bc9,2026-08-28T19:56:06Z,60000,36166,23834,,,,,,,,,,,,,,,,,
campaign_e_out,out_n60000_rho0.6_independent-positive_seed2.pcf,dhfma,2,0,74273910,39063,39062,14892494857089939629,31096,23f703aa3bc9,2026-08-28T19:56:06Z,60000,36166,23834,,,,,,,,,,,,,,,,,
campaign_e_out,out_n60000_rho0.6_independent-positive_seed3.pcf,dhfma,0,0,74720194,39311,39310,5513134650661913541,25528,23f703aa3bc9,2026-08-28T19:56:06Z,60000,35965,24035,,,,,,,,,,,,,,,,,
campaign_e_out,out_n60000_rho0.6_independent-positive_seed3.pcf,dhfma,1,0,70787903,39311,39310,5513134650661913541,27472,23f703aa3bc9,2026-08-28T19:56:06Z,60000,35965,24035,,,,,,,,,,,,,,,,,
campaign_e_out,out_n60000_rho0.6_independent-positive_seed3.pcf,dhfma,2,0,71437849,39311,39310,5513134650661913541,27532,23f703aa3bc9,2026-08-28T19:56:07Z,60000,35965,24035,,,,,,,,,,,,,,,,,
campaign_e_out,out_n60000_rho0.6_independent-positive_seed4.pcf,dhfma,0,0,75001696,39170,39169,3122978076610872480,25732,23f703aa3bc9,2026-08-28T19:56:07Z,60000,36147,23853,,,,,,,,,,,,,,,,,
campaign_e_out,out_n60000_rho0.6_independent-positive_seed4.pcf,dhfma,1,0,72059968,39170,39169,3122978076610872480,27300,23f703aa3bc9,2026-08-28T19:56:07Z,60000,36147,23853,,,,,,,,,,,,,,,,,
campaign_e_out,out_n60000_rho0.6_independent-positive_seed4.pcf,dhfma,2,0,72404513,39170,39169,3122978076610872480,27300,23f703aa3bc9,2026-08-28T19:56:07Z,60000,36147,23853,,,,,,,,,,,,,,,,,
campaign_e_out,out_n60000_rho0.6_independent-signed_seed0.pcf,dhfma,0,0,73154409,40394,40393,14203702375250518317,25504,23f703aa3bc9,2026-08-28T19:56:07Z,60000,35960,24040,,,,,,,,,,,,,,,,,
campaign_e_out,out_n60000_rho0.6_independent-signed_seed0.pcf,dhfma,1,0,69521784,40394,40393,14203702375250518317,27476,23f703aa3bc9,2026-08-28T19:56:07Z,60000,35960,24040,,,,,,,,,,,,,,,,,
campaign_e_out,out_n60000_rho0.6_independent-signed_seed0.pcf,dhfma,2,0,71993745,40394,40393,14203702375250518317,30676,23f703aa3bc9,2026-08-28T19:56:07Z,60000,35960,24040,,,,,,,,,,,,,,,,,
campaign_e_out,out_n60000_rho0.6_independent-signed_seed1.pcf,dhfma,0,0,73681194,40411,40410,8820608862948117786,25636,23f703aa3bc9,2026-08-28T19:56:07Z,60000,36030,23970,,,,,,,,,,,,,,,,,
campaign_e_out,out_n60000_rho0.6_independent-signed_seed1.pcf,dhfma,1,0,69925472,40411,40410,8820608862948117786,27348,23f703aa3bc9,2026-08-28T19:56:07Z,60000,36030,23970,,,,,,,,,,,,,,,,,
campaign_e_out,out_n60000_rho0.6_independent-signed_seed1.pcf,dhfma,2,0,68846133,40411,40410,8820608862948117786,28628,23f703aa3bc9,2026-08-28T19:56:07Z,60000,36030,23970,,,,,,,,,,,,,,,,,
campaign_e_out,out_n60000_rho0.6_independent-signed_seed2.pcf,dhfma,0,0,76470608,40123,40122,12509395707595966356,25848,23f703aa3bc9,2026-08-28T19:56:07Z,60000,36171,23829,,,,,,,,,,,,,,,,,
campaign_e_out,out_n60000_rho0.6_independent-signed_seed2.pcf,dhfma,1,0,72707499,40123,40122,12509395707595966356,27484,23f703aa3bc9,2026-08-28T19:56:07Z,60000,36171,23829,,,,,,,,,,,,,,,,,
campaign_e_out,out_n60000_rho0.6_independent-signed_seed2.pcf,dhfma,2,0,74921912,40123,40122,12509395707595966356,27484,23f703aa3bc9,2026-08-28T19:56:07Z,60000,36171,23829,,,,,,,,,,,,,,,,,
campaign_e_out,out_n60000_rho0.6_independent-signed_seed3.pcf,dhfma,0,0,75770910,40369,40368,6392448731737167156,25884,23f703aa3bc9,2026-08-28T19:56:08Z,60000,35971,24029,,,,,,,,,,,,,,,,,
campaign_e_out,out_n60000_rho0.6_independent-signed_seed3.pcf,dhfma,1,0,72678765,40369,40368,6392448731737167156,27860,23f703aa3bc9,2026-08-28T19:56:08Z,60000,35971,24029,,,,,,,,,,,,,,,,,
campaign_e_out,out_n60000_rho0.6_independent-signed_seed3.pcf,dhfma,2,0,72376083,40369,40368,6392448731737167156,30900,23f703aa3bc9,2026-08-28T19:56:08Z,60000,35971,24029,,,,,,,,,,,,,,,,,
campaign_e_out,out_n60000_rho0.6_independent-signed_seed4.pcf,dhfma,0,0,74950581,40371,40370,16100365055529844232,25844,23f703aa3bc9,2026-08-28T19:56:08Z,60000,36149,23851,,,,,,,,,,,,,,,,,
campaign_e_out,out_n60000_rho0.6_independent-signed_seed4.pcf,dhfma,1,0,71798204,40371,40370,16100365055529844232,27824,23f703aa3bc9,2026-08-28T19:56:08Z,60000,36149,23851,,,,,,,,,,,,,,,,,
campaign_e_out,out_n60000_rho0.6_independent-signed_seed4.pcf,dhfma,2,0,72127118,40371,40370,16100365055529844232,27824,23f703aa3bc9,2026-08-28T19:56:08Z,60000,36149,23851,,,,,,,,,,,,,,,,,
campaign_e_out,out_n60000_rho0.6_near-ties_seed0.pcf,dhfma,0,0,66733064,1208,1207,18299574138866405992,20952,23f703aa3bc9,2026-08-28T19:56:08Z,60000,35944,24056,,,,,,,,,,,,,,,,,
campaign_e_out,out_n60000_rho0.6_near-ties_seed0.pcf,dhfma,1,0,65128665,1208,1207,18299574138866405992,22884,23f703aa3bc9,2026-08-28T19:56:08Z,60000,35944,24056,,,,,,,,,,,,,,,,,
campaign_e_out,out_n60000_rho0.6_near-ties_seed0.pcf,dhfma,2,0,64725209,1208,1207,18299574138866405992,22884,23f703aa3bc9,2026-08-28T19:56:08Z,60000,35944,24056,,,,,,,,,,,,,,,,,
campaign_e_out,out_n60000_rho0.6_near-ties_seed1.pcf,dhfma,0,0,70794506,1219,1218,16435620693187519318,20636,23f703aa3bc9,2026-08-28T19:56:08Z,60000,35960,24040,,,,,,,,,,,,,,,,,
campaign_e_out,out_n60000_rho0.6_near-ties_seed1.pcf,dhfma,1,0,71485374,1219,1218,16435620693187519318,23692,23f703aa3bc9,2026-08-28T19:56:08Z,60000,35960,24040,,,,,,,,,,,,,,,,,
campaign_e_out,out_n60000_rho0.6_near-ties_seed1.pcf,dhfma,2,0,71384448,1219,1218,16435620693187519318,24072,23f703aa3bc9,2026-08-28T19:56:08Z,60000,35960,24040,,,,,,,,,,,,,,,,,
campaign_e_out,out_n60000_rho0.6_near-ties_seed2.pcf,dhfma,0,0,67444763,1212,1211,17449410233363008127,20844,23f703aa3bc9,2026-08-28T19:56:09Z,60000,36013,23987,,,,,,,,,,,,,,,,,
campaign_e_out,out_n60000_rho0.6_near-ties_seed2.pcf,dhfma,1,0,66723223,1212,1211,17449410233363008127,23576,23f703aa3bc9,2026-08-28T19:56:09Z,60000,36013,23987,,,,,,,,,,,,,,,,,
campaign_e_out,out_n60000_rho0.6_near-ties_seed2.pcf,dhfma,2,0,66206150,1212,1211,17449410233363008127,23680,23f703aa3bc9,2026-08-28T19:56:09Z,60000,36013,23987,,,,,,,,,,,,,,,,,
campaign_e_out,out_n60000_rho0.6_near-ties_seed3.pcf,dhfma,0,0,70147342,1266,1265,10947543589121005885,20616,23f703aa3bc9,2026-08-28T19:56:09Z,60000,35974,24026,,,,,,,,,,,,,,,,,
campaign_e_out,out_n60000_rho0.6_near-ties_seed3.pcf,dhfma,1,0,69391805,1266,1265,10947543589121005885,23348,23f703aa3bc9,2026-08-28T19:56:09Z,60000,35974,24026,,,,,,,,,,,,,,,,,
campaign_e_out,out_n60000_rho0.6_near-ties_seed3.pcf,dhfma,2,0,67634565,1266,1265,10947543589121005885,23780,23f703aa3bc9,2026-08-28T19:56:09Z,60000,35974,24026,,,,,,,,,,,,,,,,,
campaign_e_out,out_n60000_rho0.6_near-ties_seed4.pcf,dhfma,0,0,68749488,1237,1236,13631122185037869237,20564,23f703aa3bc9,2026-08-28T19:56:09Z,60000,36076,23924,,,,,,,,,,,,,,,,,
campaign_e_out,out_n60000_rho0.6_near-ties_seed4.pcf,dhfma,1,0,67539891,1237,1236,13631122185037869237,23292,23f703aa3bc9,2026-08-28T19:56:09Z,60000,36076,23924,,,,,,,,,,,,,,,,,
campaign_e_out,out_n60000_rho0.6_near-ties_seed4.pcf,dhfma,2,0,67780324,1237,1236,13631122185037869237,23292,23f703aa3bc9,2026-08-28T19:56:09Z,60000,36076,23924,,,,,,,,,,,,,,,,,
campaign_e_out,out_n60000_rho1.0_anti-correlated_seed0.pcf,dhfma,0,0,1098136117,27084,27083,12433246035734638728,113540,23f703aa3bc9,2026-08-28T19:56:10Z,60000,59999,1,,,,,,,,,,,,,,,,,
campaign_e_out,out_n60000_rho1.0_anti-correlated_seed0.pcf,dhfma,1,0,1094261367,27084,27083,12433246035734638728,162000,23f703aa3bc9,2026-08-28T19:56:11Z,60000,59999,1,,,,,,,,,,,,,,,,,
campaign_e_out,out_n60000_rho1.0_anti-correlated_seed0.pcf,dhfma,2,0,1092765556,27084,27083,12433246035734638728,162108,23f703aa3bc9,2026-08-28T19:56:12Z,60000,59999,1,,,,,,,,,,,,,,,,,
campaign_e_out,out_n60000_rho1.0_anti-correlated_seed1.pcf,dhfma,0,0,892434886,26856,26855,2739077194624606170,113376,23f703aa3bc9,2026-08-28T19:56:13Z,60000,59999,1,,,,,,,,,,,,,,,,,
campaign_e_out,out_n60000_rho1.0_anti-correlated_seed1.pcf,dhfma,1,0,887556585,26856,26855,2739077194624606170,161948,23f703aa3bc9,2026-08-28T19:56:14Z,60000,59999,1,,,,,,,,,,,,,,,,,
campaign_e_out,out_n60000_rho1.0_anti-correlated_seed1.pcf,dhfma,2,0,889599134,26856,26855,2739077194624606170,161948,23f703aa3bc9,2026-08-28T19:56:15Z,60000,59999,1,,,,,,,,,,,,,,,,,
campaign_e_out,out_n60000_rho1.0_anti-correlated_seed2.pcf,dhfma,0,0,1200557135,27258,27257,5136718687187261905,113292,23f703aa3bc9,2026-08-28T19:56:16Z,60000,59999,1,,,,,,,,,,,,,,,,,
campaign_e_out,out_n60000_rho1.0_anti-correlated_seed2.pcf,dhfma,1,0,1198216833,27258,27257,5136718687187261905,161756,23f703aa3bc9,2026-08-28T19:56:18Z,60000,59999,1,,,,,,,,,,,,,,,,,
campaign_e_out,out_n60000_rho1.0_anti-correlated_seed2.pcf,dhfma,2,0,1200013939,27258,27257,5136718687187261905,162520,23f703aa3bc9,2026-08-28T19:56:19Z,60000,59999,1,,,,,,,,,,,,,,,,,
campaign_e_out,out_n60000_rho1.0_anti-correlated_seed3.pcf,dhfma,0,0,945506333,26930,26929,6107496446697684308,113016,23f703aa3bc9,2026-08-28T19:56:20Z,60000,59999,1,,,,,,,,,,,,,,,,,
campaign_e_out,out_n60000_rho1.0_anti-correlated_seed3.pcf,dhfma,1,0,942956718,26930,26929,6107496446697684308,161436,23f703aa3bc9,2026-08-28T19:56:21Z,60000,59999,1,,,,,,,,,,,,,,,,,
campaign_e_out,out_n60000_rho1.0_anti-correlated_seed3.pcf,dhfma,2,0,936490488,26930,26929,6107496446697684308,162332,23f703aa3bc9,2026-08-28T19:56:22Z,60000,59999,1,,,,,,,,,,,,,,,,,
campaign_e_out,out_n60000_rho1.0_anti-correlated_seed4.pcf,dhfma,0,0,1129254015,27068,27067,5989407040738552877,113488,23f703aa3bc9,2026-08-28T19:56:23Z,60000,59999,1,,,,,,,,,,,,,,,,,
campaign_e_out,out_n60000_rho1.0_anti-correlated_seed4.pcf,dhfma,1,0,1117134339,27068,27067,5989407040738552877,161764,23f703aa3bc9,2026-08-28T19:56:24Z,60000,59999,1,,,,,,,,,,,,,,,,,
campaign_e_out,out_n60000_rho1.0_anti-correlated_seed4.pcf,dhfma,2,0,1117376967,27068,27067,5989407040738552877,161768,23f703aa3bc9,2026-08-28T19:56:25Z,60000,59999,1,,,,,,,,,,,,,,,,,
campaign_e_out,out_n60000_rho1.0_correlated_seed0.pcf,dhfma,0,0,1212951284,22811,22810,2257138700543100612,113588,23f703aa3bc9,2026-08-28T19:56:26Z,60000,59999,1,,,,,,,,,,,,,,,,,
campaign_e_out,out_n60000_rho1.0_correlated_seed0.pcf,dhfma,1,0,1209008820,22811,22810,2257138700543100612,161556,23f703aa3bc9,2026-08-28T19:56:27Z,60000,59999,1,,,,,,,,,,,,,,,,,
campaign_e_out,out_n60000_rho1.0_correlated_seed0.pcf,dhfma,2,0,1210776772,22811,22810,2257138700543100612,161948,23f703aa3bc9,2026-08-28T19:56:29Z,60000,59999,1,,,,,,,,,,,,,,,,,
campaign_e_out,out_n60000_rho1.0_correlated_seed1.pcf,dhfma,0,0,942028032,22719,22718,5084392622003322252,113540,23f703aa3bc9,2026-08-28T19:56:30Z,60000,59999,1,,,,,,,,,,,,,,,,,
campaign_e_out,out_n60000_rho1.0_correlated_seed1.pcf,dhfma,1,0,937905843,22719,22718,5084392622003322252,161952,23f703aa3bc9,2026-08-28T19:56:31Z,60000,59999,1,,,,,,,,,,,,,,,,,
campaign_e_out,out_n60000_rho1.0_correlated_seed1.pcf,dhfma,2,0,939910401,22719,22718,5084392622003322252,161952,23f703aa3bc9,2026-08-28T19:56:32Z,60000,59999,1,,,,,,,,,,,,,,,,,
campaign_e_out,out_n60000_rho1.0_correlated_seed2.pcf,dhfma,0,0,765312607,22574,22573,12843057992597241927,67692,23f703aa3bc9,2026-08-28T19:56:32Z,60000,59999,1,,,,,,,,,,,,,,,,,
campaign_e_out,out_n60000_rho1.0_correlated_seed2.pcf,dhfma,1,0,762210959,22574,22573,12843057992597241927,111292,23f703aa3bc9,2026-08-28T19:56:33Z,60000,59999,1,,,,,,,,,,,,,,,,,
campaign_e_out,out_n60000_rho1.0_correlated_seed2.pcf,dhfma,2,0,763819656,22574,22573,12843057992597241927,111380,23f703aa3bc9,2026-08-28T19:56:34Z,60000,59999,1,,,,,,,,,,,,,,,,,
campaign_e_out,out_n60000_rho1.0_correlated_seed3.pcf,dhfma,0,0,918229180,22560,22559,16141897819038278389,113012,23f703aa3bc9,2026-08-28T19:56:35Z,60000,59999,1,,,,,,,,,,,,,,,,,
campaign_e_out,out_n60000_rho1.0_correlated_seed3.pcf,dhfma,1,0,917100279,22560,22559,16141897819038278389,162372,23f703aa3bc9,2026-08-28T19:56:36Z,60000,59999,1,,,,,,,,,,,,,,,,,
campaign_e_out,out_n60000_rho1.0_correlated_seed3.pcf,dhfma,2,0,920091444,22560,22559,16141897819038278389,162460,23f703aa3bc9,2026-08-28T19:56:37Z,60000,59999,1,,,,,,,,,,,,,,,,,
campaign_e_out,out_n60000_rho1.0_correlated_seed4.pcf,dhfma,0,0,810130848,22730,22729,9220795753752994328,113488,23f703aa3bc9,2026-08-28T19:56:37Z,60000,59999,1,,,,,,,,,,,,,,,,,
campaign_e_out,out_n60000_rho1.0_correlated_seed4.pcf,dhfma,1,0,808688754,22730,22729,9220795753752994328,161588,23f703aa3bc9,2026-08-28T19:56:38Z,60000,59999,1,,,,,,,,,,,,,,,,,
campaign_e_out,out_n60000_rho1.0_correlated_seed4.pcf,dhfma,2,0,811242861,22730,22729,9220795753752994328,162104,23f703aa3bc9,2026-08-28T19:56:39Z,60000,59999,1,,,,,,,,,,,,,,,,,
campaign_e_out,out_n60000_rho1.0_exact-ties_seed0.pcf,dhfma,0,0,1000211515,10014,10013,10454129630376146313,113056,23f703aa3bc9,2026-08-28T19:56:40Z,60000,59999,1,,,,,,,,,,,,,,,,,
campaign_e_out,out_n60000_rho1.0_exact-ties_seed0.pcf,dhfma,1,0,994708924,10014,10013,10454129630376146313,161600,23f703aa3bc9,2026-08-28T19:56:41Z,60000,59999,1,,,,,,,,,,,,,,,,,
campaign_e_out,out_n60000_rho1.0_exact-ties_seed0.pcf,dhfma,2,0,997676115,10014,10013,10454129630376146313,161600,23f703aa3bc9,2026-08-28T19:56:42Z,60000,59999,1,,,,,,,,,,,,,,,,,
campaign_e_out,out_n60000_rho1.0_exact-ties_seed1.pcf,dhfma,0,0,955411036,9938,9937,10868101010501055639,113064,23f703aa3bc9,2026-08-28T19:56:43Z,60000,59999,1,,,,,,,,,,,,,,,,,
campaign_e_out,out_n60000_rho1.0_exact-ties_seed1.pcf,dhfma,1,0,948800526,9938,9937,10868101010501055639,161756,23f703aa3bc9,2026-08-28T19:56:44Z,60000,59999,1,,,,,,,,,,,,,,,,,
campaign_e_out,out_n60000_rho1.0_exact-ties_seed1.pcf,dhfma,2,0,946524868,9938,9937,10868101010501055639,162024,23f703aa3bc9,2026-08-28T19:56:45Z,60000,59999,1,,,,,,,,,,,,,,,,,
campaign_e_out,out_n60000_rho1.0_exact-ties_seed2.pcf,dhfma,0,0,1096702870,10133,10132,4960552449668754650,112904,23f703aa3bc9,2026-08-28T19:56:46Z,60000,59999,1,,,,,,,,,,,,,,,,,
campaign_e_out,out_n60000_rho1.0_exact-ties_seed2.pcf,dhfma,1,0,1081191152,10133,10132,4960552449668754650,161612,23f703aa3bc9,2026-08-28T19:56:47Z,60000,59999,1,,,,,,,,,,,,,,,,,
campaign_e_out,out_n60000_rho1.0_exact-ties_seed2.pcf,dhfma,2,0,1079110624,10133,10132,4960552449668754650,162016,23f703aa3bc9,2026-08-28T19:56:48Z,60000,59999,1,,,,,,,,,,,,,,,,,
campaign_e_out,out_n60000_rho1.0_exact-ties_seed3.pcf,dhfma,0,0,887371405,10087,10086,11836692217925077140,113148,23f703aa3bc9,2026-08-28T19:56:49Z,60000,59999,1,,,,,,,,,,,,,,,,,
campaign_e_out,out_n60000_rho1.0_exact-ties_seed3.pcf,dhfma,1,0,884927104,10087,10086,11836692217925077140,161692,23f703aa3bc9,2026-08-28T19:56:50Z,60000,59999,1,,,,,,,,,,,,,,,,,
campaign_e_out,out_n60000_rho1.0_exact-ties_seed3.pcf,dhfma,2,0,887086371,10087,10086,11836692217925077140,161968,23f703aa3bc9,2026-08-28T19:56:51Z,60000,59999,1,,,,,,,,,,,,,,,,,
campaign_e_out,out_n60000_rho1.0_exact-ties_seed4.pcf,dhfma,0,0,1412653037,10067,10066,12495919214879705947,113300,23f703aa3bc9,2026-08-28T19:56:52Z,60000,59999,1,,,,,,,,,,,,,,,,,
campaign_e_out,out_n60000_rho1.0_exact-ties_seed4.pcf,dhfma,1,0,1413519954,10067,10066,12495919214879705947,161536,23f703aa3bc9,2026-08-28T19:56:54Z,60000,59999,1,,,,,,,,,,,,,,,,,
campaign_e_out,out_n60000_rho1.0_exact-ties_seed4.pcf,dhfma,2,0,1412589036,10067,10066,12495919214879705947,162020,23f703aa3bc9,2026-08-28T19:56:55Z,60000,59999,1,,,,,,,,,,,,,,,,,
campaign_e_out,out_n60000_rho1.0_independent-positive_seed0.pcf,dhfma,0,0,1173775207,28787,28786,5744936235240187392,113300,23f703aa3bc9,2026-08-28T19:56:56Z,60000,59999,1,,,,,,,,,,,,,,,,,
campaign_e_out,out_n60000_rho1.0_independent-positive_seed0.pcf,dhfma,1,0,1171588223,28787,28786,5744936235240187392,161956,23f703aa3bc9,2026-08-28T19:56:58Z,60000,59999,1,,,,,,,,,,,,,,,,,
campaign_e_out,out_n60000_rho1.0_independent-positive_seed0.pcf,dhfma,2,0,1173055305,28787,28786,5744936235240187392,161992,23f703aa3bc9,2026-08-28T19:56:59Z,60000,59999,1,,,,,,,,,,,,,,,,,
campaign_e_out,out_n60000_rho1.0_independent-positive_seed1.pcf,dhfma,0,0,1126869425,28911,28910,6323590340314400978,113252,23f703aa3bc9,2026-08-28T19:57:00Z,60000,59999,1,,,,,,,,,,,,,,,,,
campaign_e_out,out_n60000_rho1.0_independent-positive_seed1.pcf,dhfma,1,0,1119238539,28911,28910,6323590340314400978,161916,23f703aa3bc9,2026-08-28T19:57:01Z,60000,59999,1,,,,,,,,,,,,,,,,,
campaign_e_out,out_n60000_rho1.0_independent-positive_seed1.pcf,dhfma,2,0,1118888575,28911,28910,6323590340314400978,162784,23f703aa3bc9,2026-08-28T19:57:02Z,60000,59999,1,,,,,,,,,,,,,,,,,
campaign_e_out,out_n60000_rho1.0_independent-positive_seed2.pcf,dhfma,0,0,908979277,28748,28747,3550871278466992661,113536,23f703aa3bc9,2026-08-28T19:57:03Z,60000,59999,1,,,,,,,,,,,,,,,,,
campaign_e_out,out_n60000_rho1.0_independent-positive_seed2.pcf,dhfma,1,0,906164365,28748,28747,3550871278466992661,161864,23f703aa3bc9,2026-08-28T19:57:04Z,60000,59999,1,,,,,,,,,,,,,,,,,
campaign_e_out,out_n60000_rho1.0_independent-positive_seed2.pcf,dhfma,2,0,910063233,28748,28747,3550871278466992661,161952,23f703aa3bc9,2026-08-28T19:57:05Z,60000,59999,1,,,,,,,,,,,,,,,,,
campaign_e_out,out_n60000_rho1.0_independent-positive_seed3.pcf,dhfma,0,0,1171829607,28816,28815,2109800457598785045,112664,23f703aa3bc9,2026-08-28T19:57:06Z,60000,59999,1,,,,,,,,,,,,,,,,,
campaign_e_out,out_n60000_rho1.0_independent-positive_seed3.pcf,dhfma,1,0,1167539923,28816,28815,2109800457598785045,161636,23f703aa3bc9,2026-08-28T19:57:07Z,60000,59999,1,,,,,,,,,,,,,,,,,
campaign_e_out,out_n60000_rho1.0_independent-positive_seed3.pcf,dhfma,2,0,1176445161,28816,28815,2109800457598785045,161900,23f703aa3bc9,2026-08-28T19:57:08Z,60000,59999,1,,,,,,,,,,,,,,,,,
campaign_e_out,out_n60000_rho1.0_independent-positive_seed4.pcf,dhfma,0,0,1099475632,28989,28988,3133274701781055390,113496,23f703aa3bc9,2026-08-28T19:57:10Z,60000,59999,1,,,,,,,,,,,,,,,,,
campaign_e_out,out_n60000_rho1.0_independent-positive_seed4.pcf,dhfma,1,0,1097453300,28989,28988,3133274701781055390,162104,23f703aa3bc9,2026-08-28T19:57:11Z,60000,59999,1,,,,,,,,,,,,,,,,,
campaign_e_out,out_n60000_rho1.0_independent-positive_seed4.pcf,dhfma,2,0,1101656372,28989,28988,3133274701781055390,162104,23f703aa3bc9,2026-08-28T19:57:12Z,60000,59999,1,,,,,,,,,,,,,,,,,
campaign_e_out,out_n60000_rho1.0_independent-signed_seed0.pcf,dhfma,0,0,1035610325,29583,29582,5792216919780745530,112856,23f703aa3bc9,2026-08-28T19:57:13Z,60000,59999,1,,,,,,,,,,,,,,,,,
campaign_e_out,out_n60000_rho1.0_independent-signed_seed0.pcf,dhfma,1,0,1032167584,29583,29582,5792216919780745530,162816,23f703aa3bc9,2026-08-28T19:57:14Z,60000,59999,1,,,,,,,,,,,,,,,,,
campaign_e_out,out_n60000_rho1.0_independent-signed_seed0.pcf,dhfma,2,0,1022945390,29583,29582,5792216919780745530,162876,23f703aa3bc9,2026-08-28T19:57:15Z,60000,59999,1,,,,,,,,,,,,,,,,,
campaign_e_out,out_n60000_rho1.0_independent-signed_seed1.pcf,dhfma,0,0,837357593,29816,29815,10880956795924659736,113492,23f703aa3bc9,2026-08-28T19:57:16Z,60000,59999,1,,,,,,,,,,,,,,,,,
campaign_e_out,out_n60000_rho1.0_independent-signed_seed1.pcf,dhfma,1,0,835744093,29816,29815,10880956795924659736,162260,23f703aa3bc9,2026-08-28T19:57:17Z,60000,59999,1,,,,,,,,,,,,,,,,,
campaign_e_out,out_n60000_rho1.0_independent-signed_seed1.pcf,dhfma,2,0,837160501,29816,29815,10880956795924659736,162336,23f703aa3bc9,2026-08-28T19:57:17Z,60000,59999,1,,,,,,,,,,,,,,,,,
campaign_e_out,out_n60000_rho1.0_independent-signed_seed2.pcf,dhfma,0,0,820509595,29613,29612,13089509718106124346,113308,23f703aa3bc9,2026-08-28T19:57:18Z,60000,59999,1,,,,,,,,,,,,,,,,,
campaign_e_out,out_n60000_rho1.0_independent-signed_seed2.pcf,dhfma,1,0,818081771,29613,29612,13089509718106124346,162216,23f703aa3bc9,2026-08-28T19:57:19Z,60000,59999,1,,,,,,,,,,,,,,,,,
campaign_e_out,out_n60000_rho1.0_independent-signed_seed2.pcf,dhfma,2,0,818810751,29613,29612,13089509718106124346,162216,23f703aa3bc9,2026-08-28T19:57:20Z,60000,59999,1,,,,,,,,,,,,,,,,,
campaign_e_out,out_n60000_rho1.0_independent-signed_seed3.pcf,dhfma,0,0,961727144,29733,29732,2852114376719470595,113252,23f703aa3bc9,2026-08-28T19:57:21Z,60000,59999,1,,,,,,,,,,,,,,,,,
campaign_e_out,out_n60000_rho1.0_independent-signed_seed3.pcf,dhfma,1,0,959439647,29733,29732,2852114376719470595,161696,23f703aa3bc9,2026-08-28T19:57:22Z,60000,59999,1,,,,,,,,,,,,,,,,,
campaign_e_out,out_n60000_rho1.0_independent-signed_seed3.pcf,dhfma,2,0,961265430,29733,29732,2852114376719470595,161696,23f703aa3bc9,2026-08-28T19:57:23Z,60000,59999,1,,,,,,,,,,,,,,,,,
campaign_e_out,out_n60000_rho1.0_independent-signed_seed4.pcf,dhfma,0,0,1022163819,29658,29657,7025076704036460934,113260,23f703aa3bc9,2026-08-28T19:57:24Z,60000,59999,1,,,,,,,,,,,,,,,,,
campaign_e_out,out_n60000_rho1.0_independent-signed_seed4.pcf,dhfma,1,0,1018511182,29658,29657,7025076704036460934,161524,23f703aa3bc9,2026-08-28T19:57:25Z,60000,59999,1,,,,,,,,,,,,,,,,,
campaign_e_out,out_n60000_rho1.0_independent-signed_seed4.pcf,dhfma,2,0,1020044790,29658,29657,7025076704036460934,162388,23f703aa3bc9,2026-08-28T19:57:26Z,60000,59999,1,,,,,,,,,,,,,,,,,
campaign_e_out,out_n60000_rho1.0_near-ties_seed0.pcf,dhfma,0,0,786121646,1736,1735,2813272735230324693,112824,23f703aa3bc9,2026-08-28T19:57:27Z,60000,59999,1,,,,,,,,,,,,,,,,,
campaign_e_out,out_n60000_rho1.0_near-ties_seed0.pcf,dhfma,1,0,786745953,1736,1735,2813272735230324693,161632,23f703aa3bc9,2026-08-28T19:57:28Z,60000,59999,1,,,,,,,,,,,,,,,,,
campaign_e_out,out_n60000_rho1.0_near-ties_seed0.pcf,dhfma,2,0,788185208,1736,1735,2813272735230324693,162004,23f703aa3bc9,2026-08-28T19:57:28Z,60000,59999,1,,,,,,,,,,,,,,,,,
campaign_e_out,out_n60000_rho1.0_near-ties_seed1.pcf,dhfma,0,0,1108341745,1704,1703,17649234384226035805,113376,23f703aa3bc9,2026-08-28T19:57:30Z,60000,59999,1,,,,,,,,,,,,,,,,,
campaign_e_out,out_n60000_rho1.0_near-ties_seed1.pcf,dhfma,1,0,1108110559,1704,1703,17649234384226035805,161704,23f703aa3bc9,2026-08-28T19:57:31Z,60000,59999,1,,,,,,,,,,,,,,,,,
campaign_e_out,out_n60000_rho1.0_near-ties_seed1.pcf,dhfma,2,0,1108370185,1704,1703,17649234384226035805,162176,23f703aa3bc9,2026-08-28T19:57:32Z,60000,59999,1,,,,,,,,,,,,,,,,,
campaign_e_out,out_n60000_rho1.0_near-ties_seed2.pcf,dhfma,0,0,916691678,1719,1718,1166694795325159251,112820,23f703aa3bc9,2026-08-28T19:57:33Z,60000,59999,1,,,,,,,,,,,,,,,,,
campaign_e_out,out_n60000_rho1.0_near-ties_seed2.pcf,dhfma,1,0,921103841,1719,1718,1166694795325159251,161616,23f703aa3bc9,2026-08-28T19:57:34Z,60000,59999,1,,,,,,,,,,,,,,,,,
campaign_e_out,out_n60000_rho1.0_near-ties_seed2.pcf,dhfma,2,0,918644987,1719,1718,1166694795325159251,161672,23f703aa3bc9,2026-08-28T19:57:35Z,60000,59999,1,,,,,,,,,,,,,,,,,
campaign_e_out,out_n60000_rho1.0_near-ties_seed3.pcf,dhfma,0,0,940165795,1680,1679,1811246231823730057,113380,23f703aa3bc9,2026-08-28T19:57:35Z,60000,59999,1,,,,,,,,,,,,,,,,,
campaign_e_out,out_n60000_rho1.0_near-ties_seed3.pcf,dhfma,1,0,940499392,1680,1679,1811246231823730057,161712,23f703aa3bc9,2026-08-28T19:57:36Z,60000,59999,1,,,,,,,,,,,,,,,,,
campaign_e_out,out_n60000_rho1.0_near-ties_seed3.pcf,dhfma,2,0,944649603,1680,1679,1811246231823730057,162172,23f703aa3bc9,2026-08-28T19:57:37Z,60000,59999,1,,,,,,,,,,,,,,,,,
campaign_e_out,out_n60000_rho1.0_near-ties_seed4.pcf,dhfma,0,0,1055403008,1709,1708,5339456500352231146,113064,23f703aa3bc9,2026-08-28T19:57:38Z,60000,59999,1,,,,,,,,,,,,,,,,,
campaign_e_out,out_n60000_rho1.0_near-ties_seed4.pcf,dhfma,1,0,1059085439,1709,1708,5339456500352231146,161692,23f703aa3bc9,2026-08-28T19:57:40Z,60000,59999,1,,,,,,,,,,,,,,,,,
campaign_e_out,out_n60000_rho1.0_near-ties_seed4.pcf,dhfma,2,0,1058157465,1709,1708,5339456500352231146,161700,23f703aa3bc9,2026-08-28T19:57:41Z,60000,59999,1,,,,,,,,,,,,,,,,,
campaign_e_out,out_n600_rho0.6_anti-correlated_seed0.pcf,dhfma,0,0,456616,403,402,52922903024693723,19520,23f703aa3bc9,2026-08-28T19:57:41Z,600,371,229,,,,,,,,,,,,,,,,,
campaign_e_out,out_n600_rho0.6_anti-correlated_seed0.pcf,dhfma,1,0,400953,403,402,52922903024693723,19520,23f703aa3bc9,2026-08-28T19:57:41Z,600,371,229,,,,,,,,,,,,,,,,,
campaign_e_out,out_n600_rho0.6_anti-correlated_seed0.pcf,dhfma,2,0,391491,403,402,52922903024693723,19520,23f703aa3bc9,2026-08-28T19:57:41Z,600,371,229,,,,,,,,,,,,,,,,,
campaign_e_out,out_n600_rho0.6_anti-correlated_seed1.pcf,dhfma,0,0,529032,422,421,2514213053986003479,19520,23f703aa3bc9,2026-08-28T19:57:41Z,600,358,242,,,,,,,,,,,,,,,,,
campaign_e_out,out_n600_rho0.6_anti-correlated_seed1.pcf,dhfma,1,0,423288,422,421,2514213053986003479,19520,23f703aa3bc9,2026-08-28T19:57:41Z,600,358,242,,,,,,,,,,,,,,,,,
campaign_e_out,out_n600_rho0.6_anti-correlated_seed1.pcf,dhfma,2,0,433157,422,421,2514213053986003479,19520,23f703aa3bc9,2026-08-28T19:57:41Z,600,358,242,,,,,,,,,,,,,,,,,
campaign_e_out,out_n600_rho0.6_anti-correlated_seed2.pcf,dhfma,0,0,460657,421,420,17172200112157650401,19520,23f703aa3bc9,2026-08-28T19:57:41Z,600,372,228,,,,,,,,,,,,,,,,,
campaign_e_out,out_n600_rho0.6_anti-correlated_seed2.pcf,dhfma,1,0,424272,421,420,17172200112157650401,19520,23f703aa3bc9,2026-08-28T19:57:41Z,600,372,228,,,,,,,,,,,,,,,,,
campaign_e_out,out_n600_rho0.6_anti-correlated_seed2.pcf,dhfma,2,0,403965,421,420,17172200112157650401,19520,23f703aa3bc9,2026-08-28T19:57:41Z,600,372,228,,,,,,,,,,,,,,,,,
campaign_e_out,out_n600_rho0.6_anti-correlated_seed3.pcf,dhfma,0,0,519678,417,416,14320745322112984491,19520,23f703aa3bc9,2026-08-28T19:57:41Z,600,354,246,,,,,,,,,,,,,,,,,
campaign_e_out,out_n600_rho0.6_anti-correlated_seed3.pcf,dhfma,1,0,486324,417,416,14320745322112984491,19520,23f703aa3bc9,2026-08-28T19:57:41Z,600,354,246,,,,,,,,,,,,,,,,,
campaign_e_out,out_n600_rho0.6_anti-correlated_seed3.pcf,dhfma,2,0,455579,417,416,14320745322112984491,19520,23f703aa3bc9,2026-08-28T19:57:41Z,600,354,246,,,,,,,,,,,,,,,,,
campaign_e_out,out_n600_rho0.6_anti-correlated_seed4.pcf,dhfma,0,0,540079,416,415,1481369439425033316,19520,23f703aa3bc9,2026-08-28T19:57:41Z,600,365,235,,,,,,,,,,,,,,,,,
campaign_e_out,out_n600_rho0.6_anti-correlated_seed4.pcf,dhfma,1,0,489867,416,415,1481369439425033316,19520,23f703aa3bc9,2026-08-28T19:57:41Z,600,365,235,,,,,,,,,,,,,,,,,
campaign_e_out,out_n600_rho0.6_anti-correlated_seed4.pcf,dhfma,2,0,479243,416,415,1481369439425033316,19520,23f703aa3bc9,2026-08-28T19:57:41Z,600,365,235,,,,,,,,,,,,,,,,,
campaign_e_out,out_n600_rho0.6_correlated_seed0.pcf,dhfma,0,0,474272,412,411,12595206855861051017,19520,23f703aa3bc9,2026-08-28T19:57:41Z,600,371,229,,,,,,,,,,,,,,,,,
campaign_e_out,out_n600_rho0.6_correlated_seed0.pcf,dhfma,1,0,422976,412,411,12595206855861051017,19520,23f703aa3bc9,2026-08-28T19:57:41Z,600,371,229,,,,,,,,,,,,,,,,,
campaign_e_out,out_n600_rho0.6_correlated_seed0.pcf,dhfma,2,0,414614,412,411,12595206855861051017,19520,23f703aa3bc9,2026-08-28T19:57:41Z,600,371,229,,,,,,,,,,,,,,,,,
campaign_e_out,out_n600_rho0.6_correlated_seed1.pcf,dhfma,0,0,448234,414,413,17690165342039291441,19520,23f703aa3bc9,2026-08-28T19:57:41Z,600,358,242,,,,,,,,,,,,,,,,,
campaign_e_out,out_n600_rho0.6_correlated_seed1.pcf,dhfma,1,0,417491,414,413,17690165342039291441,19520,23f703aa3bc9,2026-08-28T19:57:41Z,600,358,242,,,,,,,,,,,,,,,,,
campaign_e_out,out_n600_rho0.6_correlated_seed1.pcf,dhfma,2,0,388202,414,413,17690165342039291441,19520,23f703aa3bc9,2026-08-28T19:57:41Z,600,358,242,,,,,,,,,,,,,,,,,
campaign_e_out,out_n600_rho0.6_correlated_seed2.pcf,dhfma,0,0,469446,420,419,15022862010275782365,19520,23f703aa3bc9,2026-08-28T19:57:41Z,600,372,228,,,,,,,,,,,,,,,,,
campaign_e_out,out_n600_rho0.6_correlated_seed2.pcf,dhfma,1,0,433025,420,419,15022862010275782365,19520,23f703aa3bc9,2026-08-28T19:57:41Z,600,372,228,,,,,,,,,,,,,,,,,
campaign_e_out,out_n600_rho0.6_correlated_seed2.pcf,dhfma,2,0,403717,420,419,15022862010275782365,19520,23f703aa3bc9,2026-08-28T19:57:41Z,600,372,228,,,,,,,,,,,,,,,,,
campaign_e_out,out_n600_rho0.6_correlated_seed3.pcf,dhfma,0,0,462008,414,413,17782749043379477566,19520,23f703aa3bc9,2026-08-28T19:57:41Z,600,354,246,,,,,,,,,,,,,,,,,
campaign_e_out,out_n600_rho0.6_correlated_seed3.pcf,dhfma,1,0,406151,414,413,17782749043379477566,19520,23f703aa3bc9,2026-08-28T19:57:41Z,600,354,246,,,,,,,,,,,,,,,,,
campaign_e_out,out_n600_rho0.6_correlated_seed3.pcf,dhfma,2,0,408508,414,413,17782749043379477566,19520,23f703aa3bc9,2026-08-28T19:57:41Z,600,354,246,,,,,,,,,,,,,,,,,
campaign_e_out,out_n600_rho0.6_correlated_seed4.pcf,dhfma,0,0,506239,415,414,13008526503731675290,19520,23f703aa3bc9,2026-08-28T19:57:41Z,600,365,235,,,,,,,,,,,,,,,,,
campaign_e_out,out_n600_rho0.6_correlated_seed4.pcf,dhfma,1,0,448468,415,414,13008526503731675290,19520,23f703aa3bc9,2026-08-28T19:57:41Z,600,365,235,,,,,,,,,,,,,,,,,
campaign_e_out,out_n600_rho0.6_correlated_seed4.pcf,dhfma,2,0,535780,415,414,13008526503731675290,19520,23f703aa3bc9,2026-08-28T19:57:41Z,600,365,235,,,,,,,,,,,,,,,,,
campaign_e_out,out_n600_rho0.6_exact-ties_seed0.pcf,dhfma,0,0,575757,117,116,14949472262062089157,19520,23f703aa3bc9,2026-08-28T19:57:41Z,600,367,233,,,,,,,,,,,,,,,,,
campaign_e_out,out_n600_rho0.6_exact-ties_seed0.pcf,dhfma,1,0,515196,117,116,14949472262062089157,19520,23f703aa3bc9,2026-08-28T19:57:41Z,600,367,233,,,,,,,,,,,,,,,,,
campaign_e_out,out_n600_rho0.6_exact-ties_seed0.pcf,dhfma,2,0,575576,117,116,14949472262062089157,19520,23f703aa3bc9,2026-08-28T19:57:41Z,600,367,233,,,,,,,,,,,,,,,,,
campaign_e_out,out_n600_rho0.6_exact-ties_seed1.pcf,dhfma,0,0,411794,122,121,14258427024164923931,19520,23f703aa3bc9,2026-08-28T19:57:41Z,600,363,237,,,,,,,,,,,,,,,,,
campaign_e_out,out_n600_rho0.6_exact-ties_seed1.pcf,dhfma,1,0,383558,122,121,14258427024164923931,19520,23f703aa3bc9,2026-08-28T19:57:41Z,600,363,237,,,,,,,,,,,,,,,,,
campaign_e_out,out_n600_rho0.6_exact-ties_seed1.pcf,dhfma,2,0,362289,122,121,14258427024164923931,19520,23f703aa3bc9,2026-08-28T19:57:41Z,600,363,237,,,,,,,,,,,,,,,,,
campaign_e_out,out_n600_rho0.6_exact-ties_seed2.pcf,dhfma,0,0,532667,118,117,5031928285983206145,19520,23f703aa3bc9,2026-08-28T19:57:41Z,600,362,238,,,,,,,,,,,,,,,,,
campaign_e_out,out_n600_rho0.6_exact-ties_seed2.pcf,dhfma,1,0,480920,118,117,5031928285983206145,19520,23f703aa3bc9,2026-08-28T19:57:41Z,600,362,238,,,,,,,,,,,,,,,,,
campaign_e_out,out_n600_rho0.6_exact-ties_seed2.pcf,dhfma,2,0,471206,118,117,5031928285983206145,19520,23f703aa3bc9,2026-08-28T19:57:41Z,600,362,238,,,,,,,,,,,,,,,,,
campaign_e_out,out_n600_rho0.6_exact-ties_seed3.pcf,dhfma,0,0,478448,113,112,1446918027070089344,19520,23f703aa3bc9,2026-08-28T19:57:41Z,600,358,242,,,,,,,,,,,,,,,,,
campaign_e_out,out_n600_rho0.6_exact-ties_seed3.pcf,dhfma,1,0,442686,113,112,1446918027070089344,19520,23f703aa3bc9,2026-08-28T19:57:41Z,600,358,242,,,,,,,,,,,,,,,,,
campaign_e_out,out_n600_rho0.6_exact-ties_seed3.pcf,dhfma,2,0,428603,113,112,1446918027070089344,19520,23f703aa3bc9,2026-08-28T19:57:41Z,600,358,242,,,,,,,,,,,,,,,,,
campaign_e_out,out_n600_rho0.6_exact-ties_seed4.pcf,dhfma,0,0,477644,118,117,14395676992405379809,19520,23f703aa3bc9,2026-08-28T19:57:41Z,600,376,224,,,,,,,,,,,,,,,,,
campaign_e_out,out_n600_rho0.6_exact-ties_seed4.pcf,dhfma,1,0,421748,118,117,14395676992405379809,19520,23f703aa3bc9,2026-08-28T19:57:41Z,600,376,224,,,,,,,,,,,,,,,,,
campaign_e_out,out_n600_rho0.6_exact-ties_seed4.pcf,dhfma,2,0,430576,118,117,14395676992405379809,19520,23f703aa3bc9,2026-08-28T19:57:41Z,600,376,224,,,,,,,,,,,,,,,,,
campaign_e_out,out_n600_rho0.6_independent-positive_seed0.pcf,dhfma,0,0,743980,408,407,996071229137308701,19520,23f703aa3bc9,2026-08-28T19:57:41Z,600,378,222,,,,,,,,,,,,,,,,,
campaign_e_out,out_n600_rho0.6_independent-positive_seed0.pcf,dhfma,1,0,685429,408,407,996071229137308701,19520,23f703aa3bc9,2026-08-28T19:57:41Z,600,378,222,,,,,,,,,,,,,,,,,
campaign_e_out,out_n600_rho0.6_independent-positive_seed0.pcf,dhfma,2,0,677421,408,407,996071229137308701,19520,23f703aa3bc9,2026-08-28T19:57:41Z,600,378,222,,,,,,,,,,,,,,,,,
campaign_e_out,out_n600_rho0.6_independent-positive_seed1.pcf,dhfma,0,0,474815,403,402,17070387181595933691,19520,23f703aa3bc9,2026-08-28T19:57:41Z,600,349,251,,,,,,,,,,,,,,,,,
campaign_e_out,out_n600_rho0.6_independent-positive_seed1.pcf,dhfma,1,0,417363,403,402,17070387181595933691,19520,23f703aa3bc9,2026-08-28T19:57:41Z,600,349,251,,,,,,,,,,,,,,,,,
campaign_e_out,out_n600_rho0.6_independent-positive_seed1.pcf,dhfma,2,0,400717,403,402,17070387181595933691,19520,23f703aa3bc9,2026-08-28T19:57:41Z,600,349,251,,,,,,,,,,,,,,,,,
campaign_e_out,out_n600_rho0.6_independent-positive_seed2.pcf,dhfma,0,0,527226,424,423,11845707907574228652,19680,23f703aa3bc9,2026-08-28T19:57:41Z,600,368,232,,,,,,,,,,,,,,,,,
campaign_e_out,out_n600_rho0.6_independent-positive_seed2.pcf,dhfma,1,0,501510,424,423,11845707907574228652,19680,23f703aa3bc9,2026-08-28T19:57:41Z,600,368,232,,,,,,,,,,,,,,,,,
campaign_e_out,out_n600_rho0.6_independent-positive_seed2.pcf,dhfma,2,0,466523,424,423,11845707907574228652,19680,23f703aa3bc9,2026-08-28T19:57:41Z,600,368,232,,,,,,,,,,,,,,,,,
campaign_e_out,out_n600_rho0.6_independent-positive_seed3.pcf,dhfma,0,0,499730,418,417,14021965238766214376,19680,23f703aa3bc9,2026-08-28T19:57:41Z,600,358,242,,,,,,,,,,,,,,,,,
campaign_e_out,out_n600_rho0.6_independent-positive_seed3.pcf,dhfma,1,0,533451,418,417,14021965238766214376,19680,23f703aa3bc9,2026-08-28T19:57:41Z,600,358,242,,,,,,,,,,,,,,,,,
campaign_e_out,out_n600_rho0.6_independent-positive_seed3.pcf,dhfma,2,0,454079,418,417,14021965238766214376,19680,23f703aa3bc9,2026-08-28T19:57:41Z,600,358,242,,,,,,,,,,,,,,,,,
campaign_e_out,out_n600_rho0.6_independent-positive_seed4.pcf,dhfma,0,0,524776,402,401,15401607744716428079,19680,23f703aa3bc9,2026-08-28T19:57:41Z,600,364,236,,,,,,,,,,,,,,,,,
campaign_e_out,out_n600_rho0.6_independent-positive_seed4.pcf,dhfma,1,0,482592,402,401,15401607744716428079,19680,23f703aa3bc9,2026-08-28T19:57:41Z,600,364,236,,,,,,,,,,,,,,,,,
campaign_e_out,out_n600_rho0.6_independent-positive_seed4.pcf,dhfma,2,0,471977,402,401,15401607744716428079,19680,23f703aa3bc9,2026-08-28T19:57:41Z,600,364,236,,,,,,,,,,,,,,,,,
campaign_e_out,out_n600_rho0.6_independent-signed_seed0.pcf,dhfma,0,0,670638,417,416,14460416224429355670,19680,23f703aa3bc9,2026-08-28T19:57:41Z,600,378,222,,,,,,,,,,,,,,,,,
campaign_e_out,out_n600_rho0.6_independent-signed_seed0.pcf,dhfma,1,0,617027,417,416,14460416224429355670,19680,23f703aa3bc9,2026-08-28T19:57:41Z,600,378,222,,,,,,,,,,,,,,,,,
campaign_e_out,out_n600_rho0.6_independent-signed_seed0.pcf,dhfma,2,0,691725,417,416,14460416224429355670,19680,23f703aa3bc9,2026-08-28T19:57:41Z,600,378,222,,,,,,,,,,,,,,,,,
campaign_e_out,out_n600_rho0.6_independent-signed_seed1.pcf,dhfma,0,0,482700,400,399,11840277832074094017,19680,23f703aa3bc9,2026-08-28T19:57:41Z,600,349,251,,,,,,,,,,,,,,,,,
campaign_e_out,out_n600_rho0.6_independent-signed_seed1.pcf,dhfma,1,0,440464,400,399,11840277832074094017,19680,23f703aa3bc9,2026-08-28T19:57:41Z,600,349,251,,,,,,,,,,,,,,,,,
campaign_e_out,out_n600_rho0.6_independent-signed_seed1.pcf,dhfma,2,0,480744,400,399,11840277832074094017,19680,23f703aa3bc9,2026-08-28T19:57:41Z,600,349,251,,,,,,,,,,,,,,,,,
campaign_e_out,out_n600_rho0.6_independent-signed_seed2.pcf,dhfma,0,0,558502,411,410,2001362372755806661,19680,23f703aa3bc9,2026-08-28T19:57:41Z,600,368,232,,,,,,,,,,,,,,,,,
campaign_e_out,out_n600_rho0.6_independent-signed_seed2.pcf,dhfma,1,0,499953,411,410,2001362372755806661,19680,23f703aa3bc9,2026-08-28T19:57:41Z,600,368,232,,,,,,,,,,,,,,,,,
campaign_e_out,out_n600_rho0.6_independent-signed_seed2.pcf,dhfma,2,0,556594,411,410,2001362372755806661,19680,23f703aa3bc9,2026-08-28T19:57:41Z,600,368,232,,,,,,,,,,,,,,,,,
campaign_e_out,out_n600_rho0.6_independent-signed_seed3.pcf,dhfma,0,0,548213,423,422,18117834984140456956,19680,23f703aa3bc9,2026-08-28T19:57:41Z,600,359,241,,,,,,,,,,,,,,,,,
campaign_e_out,out_n600_rho0.6_independent-signed_seed3.pcf,dhfma,1,0,504160,423,422,18117834984140456956,19680,23f703aa3bc9,2026-08-28T19:57:41Z,600,359,241,,,,,,,,,,,,,,,,,
campaign_e_out,out_n600_rho0.6_independent-signed_seed3.pcf,dhfma,2,0,481258,423,422,18117834984140456956,19680,23f703aa3bc9,2026-08-28T19:57:41Z,600,359,241,,,,,,,,,,,,,,,,,
campaign_e_out,out_n600_rho0.6_independent-signed_seed4.pcf,dhfma,0,0,513036,417,416,3517182857856028010,19680,23f703aa3bc9,2026-08-28T19:57:41Z,600,364,236,,,,,,,,,,,,,,,,,
campaign_e_out,out_n600_rho0.6_independent-signed_seed4.pcf,dhfma,1,0,467193,417,416,3517182857856028010,19680,23f703aa3bc9,2026-08-28T19:57:41Z,600,364,236,,,,,,,,,,,,,,,,,
campaign_e_out,out_n600_rho0.6_independent-signed_seed4.pcf,dhfma,2,0,452533,417,416,3517182857856028010,19680,23f703aa3bc9,2026-08-28T19:57:41Z,600,364,236,,,,,,,,,,,,,,,,,
campaign_e_out,out_n600_rho0.6_near-ties_seed0.pcf,dhfma,0,0,465303,183,182,4117115148585903941,19680,23f703aa3bc9,2026-08-28T19:57:41Z,600,360,240,,,,,,,,,,,,,,,,,
campaign_e_out,out_n600_rho0.6_near-ties_seed0.pcf,dhfma,1,0,420186,183,182,4117115148585903941,19680,23f703aa3bc9,2026-08-28T19:57:41Z,600,360,240,,,,,,,,,,,,,,,,,
campaign_e_out,out_n600_rho0.6_near-ties_seed0.pcf,dhfma,2,0,408221,183,182,4117115148585903941,19680,23f703aa3bc9,2026-08-28T19:57:41Z,600,360,240,,,,,,,,,,,,,,,,,
campaign_e_out,out_n600_rho0.6_near-ties_seed1.pcf,dhfma,0,0,461738,179,178,17566611193077056685,19680,23f703aa3bc9,2026-08-28T19:57:41Z,600,349,251,,,,,,,,,,,,,,,,,
campaign_e_out,out_n600_rho0.6_near-ties_seed1.pcf,dhfma,1,0,426872,179,178,17566611193077056685,19680,23f703aa3bc9,2026-08-28T19:57:41Z,600,349,251,,,,,,,,,,,,,,,,,
campaign_e_out,out_n600_rho0.6_near-ties_seed1.pcf,dhfma,2,0,408515,179,178,17566611193077056685,19680,23f703aa3bc9,2026-08-28T19:57:41Z,600,349,251,,,,,,,,,,,,,,,,,
campaign_e_out,out_n600_rho0.6_near-ties_seed2.pcf,dhfma,0,0,488427,176,175,57653020686783833,19680,23f703aa3bc9,2026-08-28T19:57:41Z,600,374,226,,,,,,,,,,,,,,,,,
campaign_e_out,out_n600_rho0.6_near-ties_seed2.pcf,dhfma,1,0,444337,176,175,57653020686783833,19680,23f703aa3bc9,2026-08-28T19:57:41Z,600,374,226,,,,,,,,,,,,,,,,,
campaign_e_out,out_n600_rho0.6_near-ties_seed2.pcf,dhfma,2,0,435963,176,175,57653020686783833,19680,23f703aa3bc9,2026-08-28T19:57:41Z,600,374,226,,,,,,,,,,,,,,,,,
campaign_e_out,out_n600_rho0.6_near-ties_seed3.pcf,dhfma,0,0,419750,181,180,17875005717499447154,19680,23f703aa3bc9,2026-08-28T19:57:41Z,600,352,248,,,,,,,,,,,,,,,,,
campaign_e_out,out_n600_rho0.6_near-ties_seed3.pcf,dhfma,1,0,375085,181,180,17875005717499447154,19680,23f703aa3bc9,2026-08-28T19:57:41Z,600,352,248,,,,,,,,,,,,,,,,,
campaign_e_out,out_n600_rho0.6_near-ties_seed3.pcf,dhfma,2,0,368774,181,180,17875005717499447154,19680,23f703aa3bc9,2026-08-28T19:57:41Z,600,352,248,,,,,,,,,,,,,,,,,
campaign_e_out,out_n600_rho0.6_near-ties_seed4.pcf,dhfma,0,0,415796,175,174,10050249891827456108,19680,23f703aa3bc9,2026-08-28T19:57:41Z,600,345,255,,,,,,,,,,,,,,,,,
campaign_e_out,out_n600_rho0.6_near-ties_seed4.pcf,dhfma,1,0,368748,175,174,10050249891827456108,19680,23f703aa3bc9,2026-08-28T19:57:41Z,600,345,255,,,,,,,,,,,,,,,,,
campaign_e_out,out_n600_rho0.6_near-ties_seed4.pcf,dhfma,2,0,377966,175,174,10050249891827456108,19680,23f703aa3bc9,2026-08-28T19:57:41Z,600,345,255,,,,,,,,,,,,,,,,,
campaign_e_out,out_n600_rho1.0_anti-correlated_seed0.pcf,dhfma,0,0,2012683,314,313,503960996947514915,19680,23f703aa3bc9,2026-08-28T19:57:41Z,600,599,1,,,,,,,,,,,,,,,,,
campaign_e_out,out_n600_rho1.0_anti-correlated_seed0.pcf,dhfma,1,0,1940626,314,313,503960996947514915,19680,23f703aa3bc9,2026-08-28T19:57:41Z,600,599,1,,,,,,,,,,,,,,,,,
campaign_e_out,out_n600_rho1.0_anti-correlated_seed0.pcf,dhfma,2,0,1918293,314,313,503960996947514915,19680,23f703aa3bc9,2026-08-28T19:57:41Z,600,599,1,,,,,,,,,,,,,,,,,
campaign_e_out,out_n600_rho1.0_anti-correlated_seed1.pcf,dhfma,0,0,2232046,279,278,16062540219226868334,19680,23f703aa3bc9,2026-08-28T19:57:41Z,600,599,1,,,,,,,,,,,,,,,,,
campaign_e_out,out_n600_rho1.0_anti-correlated_seed1.pcf,dhfma,1,0,2203169,279,278,16062540219226868334,19680,23f703aa3bc9,2026-08-28T19:57:41Z,600,599,1,,,,,,,,,,,,,,,,,
campaign_e_out,out_n600_rho1.0_anti-correlated_seed1.pcf,dhfma,2,0,2256772,279,278,16062540219226868334,19680,23f703aa3bc9,2026-08-28T19:57:41Z,600,599,1,,,,,,,,,,,,,,,,,
campaign_e_out,out_n600_rho1.0_anti-correlated_seed2.pcf,dhfma,0,0,2251329,288,287,1554121197958516048,19680,23f703aa3bc9,2026-08-28T19:57:41Z,600,599,1,,,,,,,,,,,,,,,,,
campaign_e_out,out_n600_rho1.0_anti-correlated_seed2.pcf,dhfma,1,0,2155756,288,287,1554121197958516048,19680,23f703aa3bc9,2026-08-28T19:57:41Z,600,599,1,,,,,,,,,,,,,,,,,
campaign_e_out,out_n600_rho1.0_anti-correlated_seed2.pcf,dhfma,2,0,2134751,288,287,1554121197958516048,19680,23f703aa3bc9,2026-08-28T19:57:41Z,600,599,1,,,,,,,,,,,,,,,,,
campaign_e_out,out_n600_rho1.0_anti-correlated_seed3.pcf,dhfma,0,0,2291276,302,301,16752839262309589675,19680,23f703aa3bc9,2026-08-28T19:57:41Z,600,599,1,,,,,,,,,,,,,,,,,
campaign_e_out,out_n600_rho1.0_anti-correlated_seed3.pcf,dhfma,1,0,2203504,302,301,16752839262309589675,19680,23f703aa3bc9,2026-08-28T19:57:41Z,600,599,1,,,,,,,,,,,,,,,,,
campaign_e_out,out_n600_rho1.0_anti-correlated_seed3.pcf,dhfma,2,0,2142940,302,301,16752839262309589675,19680,23f703aa3bc9,2026-08-28T19:57:41Z,600,599,1,,,,,,,,,,,,,,,,,
campaign_e_out,out_n600_rho1.0_anti-correlated_seed4.pcf,dhfma,0,0,2173998,298,297,2531813253982276973,19680,23f703aa3bc9,2026-08-28T19:57:41Z,600,599,1,,,,,,,,,,,,,,,,,
campaign_e_out,out_n600_rho1.0_anti-correlated_seed4.pcf,dhfma,1,0,2148078,298,297,2531813253982276973,19680,23f703aa3bc9,2026-08-28T19:57:41Z,600,599,1,,,,,,,,,,,,,,,,,
campaign_e_out,out_n600_rho1.0_anti-correlated_seed4.pcf,dhfma,2,0,2120386,298,297,2531813253982276973,19680,23f703aa3bc9,2026-08-28T19:57:41Z,600,599,1,,,,,,,,,,,,,,,,,
campaign_e_out,out_n600_rho1.0_correlated_seed0.pcf,dhfma,0,0,1897728,293,292,858634673481530886,19680,23f703aa3bc9,2026-08-28T19:57:41Z,600,599,1,,,,,,,,,,,,,,,,,
campaign_e_out,out_n600_rho1.0_correlated_seed0.pcf,dhfma,1,0,1809567,293,292,858634673481530886,19680,23f703aa3bc9,2026-08-28T19:57:41Z,600,599,1,,,,,,,,,,,,,,,,,
campaign_e_out,out_n600_rho1.0_correlated_seed0.pcf,dhfma,2,0,1791135,293,292,858634673481530886,19680,23f703aa3bc9,2026-08-28T19:57:41Z,600,599,1,,,,,,,,,,,,,,,,,
campaign_e_out,out_n600_rho1.0_correlated_seed1.pcf,dhfma,0,0,2130884,303,302,1755271307308493127,19680,23f703aa3bc9,2026-08-28T19:57:41Z,600,599,1,,,,,,,,,,,,,,,,,
campaign_e_out,out_n600_rho1.0_correlated_seed1.pcf,dhfma,1,0,2002775,303,302,1755271307308493127,19680,23f703aa3bc9,2026-08-28T19:57:41Z,600,599,1,,,,,,,,,,,,,,,,,
campaign_e_out,out_n600_rho1.0_correlated_seed1.pcf,dhfma,2,0,1988653,303,302,1755271307308493127,19680,23f703aa3bc9,2026-08-28T19:57:41Z,600,599,1,,,,,,,,,,,,,,,,,
campaign_e_out,out_n600_rho1.0_correlated_seed2.pcf,dhfma,0,0,2346697,296,295,862847801942407539,19840,23f703aa3bc9,2026-08-28T19:57:41Z,600,599,1,,,,,,,,,,,,,,,,,
campaign_e_out,out_n600_rho1.0_correlated_seed2.pcf,dhfma,1,0,2312290,296,295,862847801942407539,19840,23f703aa3bc9,2026-08-28T19:57:41Z,600,599,1,,,,,,,,,,,,,,,,,
campaign_e_out,out_n600_rho1.0_correlated_seed2.pcf,dhfma,2,0,2294172,296,295,862847801942407539,19840,23f703aa3bc9,2026-08-28T19:57:41Z,600,599,1,,,,,,,,,,,,,,,,,
campaign_e_out,out_n600_rho1.0_correlated_seed3.pcf,dhfma,0,0,2292336,310,309,5593305997540077488,19840,23f703aa3bc9,2026-08-28T19:57:41Z,600,599,1,,,,,,,,,,,,,,,,,
campaign_e_out,out_n600_rho1.0_correlated_seed3.pcf,dhfma,1,0,2294519,310,309,5593305997540077488,19840,23f703aa3bc9,2026-08-28T19:57:41Z,600,599,1,,,,,,,,,,,,,,,,,
campaign_e_out,out_n600_rho1.0_correlated_seed3.pcf,dhfma,2,0,2246855,310,309,5593305997540077488,19840,23f703aa3bc9,2026-08-28T19:57:41Z,600,599,1,,,,,,,,,,,,,,,,,
campaign_e_out,out_n600_rho1.0_correlated_seed4.pcf,dhfma,0,0,2881557,294,293,8457248286930380380,19840,23f703aa3bc9,2026-08-28T19:57:41Z,600,599,1,,,,,,,,,,,,,,,,,
campaign_e_out,out_n600_rho1.0_correlated_seed4.pcf,dhfma,1,0,2800287,294,293,8457248286930380380,19840,23f703aa3bc9,2026-08-28T19:57:41Z,600,599,1,,,,,,,,,,,,,,,,,
campaign_e_out,out_n600_rho1.0_correlated_seed4.pcf,dhfma,2,0,2770252,294,293,8457248286930380380,19840,23f703aa3bc9,2026-08-28T19:57:41Z,600,599,1,,,,,,,,,,,,,,,,,
campaign_e_out,out_n600_rho1.0_exact-ties_seed0.pcf,dhfma,0,0,2364491,131,130,4159969940187828665,19840,23f703aa3bc9,2026-08-28T19:57:41Z,600,599,1,,,,,,,,,,,,,,,,,
campaign_e_out,out_n600_rho1.0_exact-ties_seed0.pcf,dhfma,1,0,2304641,131,130,4159969940187828665,19840,23f703aa3bc9,2026-08-28T19:57:41Z,600,599,1,,,,,,,,,,,,,,,,,
campaign_e_out,out_n600_rho1.0_exact-ties_seed0.pcf,dhfma,2,0,2323641,131,130,4159969940187828665,19840,23f703aa3bc9,2026-08-28T19:57:41Z,600,599,1,,,,,,,,,,,,,,,,,
campaign_e_out,out_n600_rho1.0_exact-ties_seed1.pcf,dhfma,0,0,2043783,130,129,17696219696092814387,19840,23f703aa3bc9,2026-08-28T19:57:41Z,600,599,1,,,,,,,,,,,,,,,,,
campaign_e_out,out_n600_rho1.0_exact-ties_seed1.pcf,dhfma,1,0,2046210,130,129,17696219696092814387,19840,23f703aa3bc9,2026-08-28T19:57:41Z,600,599,1,,,,,,,,,,,,,,,,,
campaign_e_out,out_n600_rho1.0_exact-ties_seed1.pcf,dhfma,2,0,2000033,130,129,17696219696092814387,19840,23f703aa3bc9,2026-08-28T19:57:41Z,600,599,1,,,,,,,,,,,,,,,,,
campaign_e_out,out_n600_rho1.0_exact-ties_seed2.pcf,dhfma,0,0,2072301,132,131,11496865421275822493,19840,23f703aa3bc9,2026-08-28T19:57:41Z,600,599,1,,,,,,,,,,,,,,,,,
campaign_e_out,out_n600_rho1.0_exact-ties_seed2.pcf,dhfma,1,0,2053220,132,131,11496865421275822493,19840,23f703aa3bc9,2026-08-28T19:57:41Z,600,599,1,,,,,,,,,,,,,,,,,
campaign_e_out,out_n600_rho1.0_exact-ties_seed2.pcf,dhfma,2,0,2020863,132,131,11496865421275822493,19840,23f703aa3bc9,2026-08-28T19:57:41Z,600,599,1,,,,,,,,,,,,,,,,,
campaign_e_out,out_n600_rho1.0_exact-ties_seed3.pcf,dhfma,0,0,1944972,120,119,13421182020495764602,19840,23f703aa3bc9,2026-08-28T19:57:41Z,600,599,1,,,,,,,,,,,,,,,,,
campaign_e_out,out_n600_rho1.0_exact-ties_seed3.pcf,dhfma,1,0,1910242,120,119,13421182020495764602,19840,23f703aa3bc9,2026-08-28T19:57:41Z,600,599,1,,,,,,,,,,,,,,,,,
campaign_e_out,out_n600_rho1.0_exact-ties_seed3.pcf,dhfma,2,0,1905203,120,119,13421182020495764602,19840,23f703aa3bc9,2026-08-28T19:57:41Z,600,599,1,,,,,,,,,,,,,,,,,
campaign_e_out,out_n600_rho1.0_exact-ties_seed4.pcf,dhfma,0,0,2206474,123,122,16976055842996965873,19840,23f703aa3bc9,2026-08-28T19:57:41Z,600,599,1,,,,,,,,,,,,,,,,,
campaign_e_out,out_n600_rho1.0_exact-ties_seed4.pcf,dhfma,1,0,2113172,123,122,16976055842996965873,19840,23f703aa3bc9,2026-08-28T19:57:41Z,600,599,1,,,,,,,,,,,,,,,,,
campaign_e_out,out_n600_rho1.0_exact-ties_seed4.pcf,dhfma,2,0,2158524,123,122,16976055842996965873,19840,23f703aa3bc9,2026-08-28T19:57:41Z,600,599,1,,,,,,,,,,,,,,,,,
campaign_e_out,out_n600_rho1.0_independent-positive_seed0.pcf,dhfma,0,0,2360596,297,296,17929649172250605119,19840,23f703aa3bc9,2026-08-28T19:57:41Z,600,599,1,,,,,,,,,,,,,,,,,
campaign_e_out,out_n600_rho1.0_independent-positive_seed0.pcf,dhfma,1,0,2307006,297,296,17929649172250605119,19840,23f703aa3bc9,2026-08-28T19:57:41Z,600,599,1,,,,,,,,,,,,,,,,,
campaign_e_out,out_n600_rho1.0_independent-positive_seed0.pcf,dhfma,2,0,2275534,297,296,17929649172250605119,19840,23f703aa3bc9,2026-08-28T19:57:41Z,600,599,1,,,,,,,,,,,,,,,,,
campaign_e_out,out_n600_rho1.0_independent-positive_seed1.pcf,dhfma,0,0,2121101,302,301,15302986177600006210,19840,23f703aa3bc9,2026-08-28T19:57:41Z,600,599,1,,,,,,,,,,,,,,,,,
campaign_e_out,out_n600_rho1.0_independent-positive_seed1.pcf,dhfma,1,0,2085287,302,301,15302986177600006210,19840,23f703aa3bc9,2026-08-28T19:57:41Z,600,599,1,,,,,,,,,,,,,,,,,
campaign_e_out,out_n600_rho1.0_independent-positive_seed1.pcf,dhfma,2,0,2077187,302,301,15302986177600006210,19840,23f703aa3bc9,2026-08-28T19:57:41Z,600,599,1,,,,,,,,,,,,,,,,,
campaign_e_out,out_n600_rho1.0_independent-positive_seed2.pcf,dhfma,0,0,2250213,315,314,9550509805750658439,19840,23f703aa3bc9,2026-08-28T19:57:41Z,600,599,1,,,,,,,,,,,,,,,,,
campaign_e_out,out_n600_rho1.0_independent-positive_seed2.pcf,dhfma,1,0,2233419,315,314,9550509805750658439,19840,23f703aa3bc9,2026-08-28T19:57:41Z,600,599,1,,,,,,,,,,,,,,,,,
campaign_e_out,out_n600_rho1.0_independent-positive_seed2.pcf,dhfma,2,0,2203231,315,314,9550509805750658439,19840,23f703aa3bc9,2026-08-28T19:57:41Z,600,599,1,,,,,,,,,,,,,,,,,
campaign_e_out,out_n600_rho1.0_independent-positive_seed3.pcf,dhfma,0,0,1541332,328,327,14797738498481347044,19840,23f703aa3bc9,2026-08-28T19:57:41Z,600,599,1,,,,,,,,,,,,,,,,,
campaign_e_out,out_n600_rho1.0_independent-positive_seed3.pcf,dhfma,1,0,1559038,328,327,14797738498481347044,19840,23f703aa3bc9,2026-08-28T19:57:41Z,600,599,1,,,,,,,,,,,,,,,,,
campaign_e_out,out_n600_rho1.0_independent-positive_seed3.pcf,dhfma,2,0,1512217,328,327,14797738498481347044,19840,23f703aa3bc9,2026-08-28T19:57:41Z,600,599,1,,,,,,,,,,,,,,,,,
campaign_e_out,out_n600_rho1.0_independent-positive_seed4.pcf,dhfma,0,0,2047217,295,294,1806005511706655452,19840,23f703aa3bc9,2026-08-28T19:57:41Z,600,599,1,,,,,,,,,,,,,,,,,
campaign_e_out,out_n600_rho1.0_independent-positive_seed4.pcf,dhfma,1,0,1977065,295,294,1806005511706655452,19840,23f703aa3bc9,2026-08-28T19:57:41Z,600,599,1,,,,,,,,,,,,,,,,,
campaign_e_out,out_n600_rho1.0_independent-positive_seed4.pcf,dhfma,2,0,1963200,295,294,1806005511706655452,19840,23f703aa3bc9,2026-08-28T19:57:41Z,600,599,1,,,,,,,,,,,,,,,,,
campaign_e_out,out_n600_rho1.0_independent-signed_seed0.pcf,dhfma,0,0,2156374,301,300,14796783967164571847,19840,23f703aa3bc9,2026-08-28T19:57:41Z,600,599,1,,,,,,,,,,,,,,,,,
campaign_e_out,out_n600_rho1.0_independent-signed_seed0.pcf,dhfma,1,0,2078128,301,300,14796783967164571847,19840,23f703aa3bc9,2026-08-28T19:57:41Z,600,599,1,,,,,,,,,,,,,,,,,
campaign_e_out,out_n600_rho1.0_independent-signed_seed0.pcf,dhfma,2,0,2046302,301,300,14796783967164571847,19840,23f703aa3bc9,2026-08-28T19:57:41Z,600,599,1,,,,,,,,,,,,,,,,,
campaign_e_out,out_n600_rho1.0_independent-signed_seed1.pcf,dhfma,0,0,2306283,306,305,17146006533559967839,19840,23f703aa3bc9,2026-08-28T19:57:41Z,600,599,1,,,,,,,,,,,,,,,,,
campaign_e_out,out_n600_rho1.0_independent-signed_seed1.pcf,dhfma,1,0,2246452,306,305,17146006533559967839,19840,23f703aa3bc9,2026-08-28T19:57:41Z,600,599,1,,,,,,,,,,,,,,,,,
campaign_e_out,out_n600_rho1.0_independent-signed_seed1.pcf,dhfma,2,0,2218861,306,305,17146006533559967839,19840,23f703aa3bc9,2026-08-28T19:57:41Z,600,599,1,,,,,,,,,,,,,,,,,
campaign_e_out,out_n600_rho1.0_independent-signed_seed2.pcf,dhfma,0,0,2746439,311,310,4567556851653444336,19840,23f703aa3bc9,2026-08-28T19:57:41Z,600,599,1,,,,,,,,,,,,,,,,,
campaign_e_out,out_n600_rho1.0_independent-signed_seed2.pcf,dhfma,1,0,2637062,311,310,4567556851653444336,19840,23f703aa3bc9,2026-08-28T19:57:41Z,600,599,1,,,,,,,,,,,,,,,,,
campaign_e_out,out_n600_rho1.0_independent-signed_seed2.pcf,dhfma,2,0,2615461,311,310,4567556851653444336,19840,23f703aa3bc9,2026-08-28T19:57:41Z,600,599,1,,,,,,,,,,,,,,,,,
campaign_e_out,out_n600_rho1.0_independent-signed_seed3.pcf,dhfma,0,0,1779303,327,326,14390815970931616679,19840,23f703aa3bc9,2026-08-28T19:57:41Z,600,599,1,,,,,,,,,,,,,,,,,
campaign_e_out,out_n600_rho1.0_independent-signed_seed3.pcf,dhfma,1,0,1906800,327,326,14390815970931616679,19840,23f703aa3bc9,2026-08-28T19:57:41Z,600,599,1,,,,,,,,,,,,,,,,,
campaign_e_out,out_n600_rho1.0_independent-signed_seed3.pcf,dhfma,2,0,1730562,327,326,14390815970931616679,19840,23f703aa3bc9,2026-08-28T19:57:41Z,600,599,1,,,,,,,,,,,,,,,,,
campaign_e_out,out_n600_rho1.0_independent-signed_seed4.pcf,dhfma,0,0,2528366,282,281,14837603025762242845,19840,23f703aa3bc9,2026-08-28T19:57:41Z,600,599,1,,,,,,,,,,,,,,,,,
campaign_e_out,out_n600_rho1.0_independent-signed_seed4.pcf,dhfma,1,0,2461521,282,281,14837603025762242845,19840,23f703aa3bc9,2026-08-28T19:57:41Z,600,599,1,,,,,,,,,,,,,,,,,
campaign_e_out,out_n600_rho1.0_independent-signed_seed4.pcf,dhfma,2,0,2454009,282,281,14837603025762242845,19840,23f703aa3bc9,2026-08-28T19:57:41Z,600,599,1,,,,,,,,,,,,,,,,,
campaign_e_out,out_n600_rho1.0_near-ties_seed0.pcf,dhfma,0,0,2039677,162,161,17118869085165505159,19840,23f703aa3bc9,2026-08-28T19:57:41Z,600,599,1,,,,,,,,,,,,,,,,,
campaign_e_out,out_n600_rho1.0_near-ties_seed0.pcf,dhfma,1,0,1987139,162,161,17118869085165505159,19840,23f703aa3bc9,2026-08-28T19:57:41Z,600,599,1,,,,,,,,,,,,,,,,,
campaign_e_out,out_n600_rho1.0_near-ties_seed0.pcf,dhfma,2,0,1973615,162,161,17118869085165505159,19840,23f703aa3bc9,2026-08-28T19:57:41Z,600,599,1,,,,,,,,,,,,,,,,,
campaign_e_out,out_n600_rho1.0_near-ties_seed1.pcf,dhfma,0,0,1987375,146,145,15462707811353770883,20000,23f703aa3bc9,2026-08-28T19:57:41Z,600,599,1,,,,,,,,,,,,,,,,,
campaign_e_out,out_n600_rho1.0_near-ties_seed1.pcf,dhfma,1,0,1946229,146,145,15462707811353770883,20000,23f703aa3bc9,2026-08-28T19:57:41Z,600,599,1,,,,,,,,,,,,,,,,,
campaign_e_out,out_n600_rho1.0_near-ties_seed1.pcf,dhfma,2,0,1941870,146,145,15462707811353770883,20000,23f703aa3bc9,2026-08-28T19:57:41Z,600,599,1,,,,,,,,,,,,,,,,,
campaign_e_out,out_n600_rho1.0_near-ties_seed2.pcf,dhfma,0,0,3173898,150,149,17589909144452556530,20000,23f703aa3bc9,2026-08-28T19:57:41Z,600,599,1,,,,,,,,,,,,,,,,,
campaign_e_out,out_n600_rho1.0_near-ties_seed2.pcf,dhfma,1,0,3079519,150,149,17589909144452556530,20000,23f703aa3bc9,2026-08-28T19:57:41Z,600,599,1,,,,,,,,,,,,,,,,,
campaign_e_out,out_n600_rho1.0_near-ties_seed2.pcf,dhfma,2,0,3065439,150,149,17589909144452556530,20000,23f703aa3bc9,2026-08-28T19:57:41Z,600,599,1,,,,,,,,,,,,,,,,,
campaign_e_out,out_n600_rho1.0_near-ties_seed3.pcf,dhfma,0,0,2480402,160,159,15037687653679289986,20000,23f703aa3bc9,2026-08-28T19:57:41Z,600,599,1,,,,,,,,,,,,,,,,,
campaign_e_out,out_n600_rho1.0_near-ties_seed3.pcf,dhfma,1,0,2449065,160,159,15037687653679289986,20000,23f703aa3bc9,2026-08-28T19:57:41Z,600,599,1,,,,,,,,,,,,,,,,,
campaign_e_out,out_n600_rho1.0_near-ties_seed3.pcf,dhfma,2,0,2460769,160,159,15037687653679289986,20000,23f703aa3bc9,2026-08-28T19:57:41Z,600,599,1,,,,,,,,,,,,,,,,,
campaign_e_out,out_n600_rho1.0_near-ties_seed4.pcf,dhfma,0,0,1692309,149,148,12550277289139104760,20000,23f703aa3bc9,2026-08-28T19:57:41Z,600,599,1,,,,,,,,,,,,,,,,,
campaign_e_out,out_n600_rho1.0_near-ties_seed4.pcf,dhfma,1,0,1695576,149,148,12550277289139104760,20000,23f703aa3bc9,2026-08-28T19:57:41Z,600,599,1,,,,,,,,,,,,,,,,,
campaign_e_out,out_n600_rho1.0_near-ties_seed4.pcf,dhfma,2,0,1615059,149,148,12550277289139104760,20000,23f703aa3bc9,2026-08-28T19:57:41Z,600,599,1,,,,,,,,,,,,,,,,,
campaign_e_out,out_n70000_rho0.6_anti-correlated_seed0.pcf,dhfma,0,0,90124497,41155,41154,9142754878654287825,27928,23f703aa3bc9,2026-08-28T19:57:41Z,70000,42276,27724,,,,,,,,,,,,,,,,,
campaign_e_out,out_n70000_rho0.6_anti-correlated_seed0.pcf,dhfma,1,0,86956893,41155,41154,9142754878654287825,29728,23f703aa3bc9,2026-08-28T19:57:41Z,70000,42276,27724,,,,,,,,,,,,,,,,,
campaign_e_out,out_n70000_rho0.6_anti-correlated_seed0.pcf,dhfma,2,0,87894396,41155,41154,9142754878654287825,29992,23f703aa3bc9,2026-08-28T19:57:41Z,70000,42276,27724,,,,,,,,,,,,,,,,,
campaign_e_out,out_n70000_rho0.6_anti-correlated_seed1.pcf,dhfma,0,0,94538166,41273,41272,11931325659398158850,28420,23f703aa3bc9,2026-08-28T19:57:41Z,70000,42027,27973,,,,,,,,,,,,,,,,,
campaign_e_out,out_n70000_rho0.6_anti-correlated_seed1.pcf,dhfma,1,0,91802149,41273,41272,11931325659398158850,30408,23f703aa3bc9,2026-08-28T19:57:41Z,70000,42027,27973,,,,,,,,,,,,,,,,,
campaign_e_out,out_n70000_rho0.6_anti-correlated_seed1.pcf,dhfma,2,0,92012141,41273,41272,11931325659398158850,30408,23f703aa3bc9,2026-08-28T19:57:42Z,70000,42027,27973,,,,,,,,,,,,,,,,,
campaign_e_out,out_n70000_rho0.6_anti-correlated_seed2.pcf,dhfma,0,0,92016846,41105,41104,15330661113841988861,28312,23f703aa3bc9,2026-08-28T19:57:42Z,70000,42008,27992,,,,,,,,,,,,,,,,,
campaign_e_out,out_n70000_rho0.6_anti-correlated_seed2.pcf,dhfma,1,0,88966089,41105,41104,15330661113841988861,30044,23f703aa3bc9,2026-08-28T19:57:42Z,70000,42008,27992,,,,,,,,,,,,,,,,,
campaign_e_out,out_n70000_rho0.6_anti-correlated_seed2.pcf,dhfma,2,0,87451116,41105,41104,15330661113841988861,32604,23f703aa3bc9,2026-08-28T19:57:42Z,70000,42008,27992,,,,,,,,,,,,,,,,,
campaign_e_out,out_n70000_rho0.6_anti-correlated_seed3.pcf,dhfma,0,0,95095010,40998,40997,8415232844594029288,28608,23f703aa3bc9,2026-08-28T19:57:42Z,70000,42202,27798,,,,,,,,,,,,,,,,,
campaign_e_out,out_n70000_rho0.6_anti-correlated_seed3.pcf,dhfma,1,0,91868869,40998,40997,8415232844594029288,30512,23f703aa3bc9,2026-08-28T19:57:42Z,70000,42202,27798,,,,,,,,,,,,,,,,,
campaign_e_out,out_n70000_rho0.6_anti-correlated_seed3.pcf,dhfma,2,0,92616095,40998,40997,8415232844594029288,30512,23f703aa3bc9,2026-08-28T19:57:42Z,70000,42202,27798,,,,,,,,,,,,,,,,,
campaign_e_out,out_n70000_rho0.6_anti-correlated_seed4.pcf,dhfma,0,0,89170350,41316,41315,9270229812985673142,28240,23f703aa3bc9,2026-08-28T19:57:42Z,70000,41910,28090,,,,,,,,,,,,,,,,,
campaign_e_out,out_n70000_rho0.6_anti-correlated_seed4.pcf,dhfma,1,0,86236639,41316,41315,9270229812985673142,29992,23f703aa3bc9,2026-08-28T19:57:42Z,70000,41910,28090,,,,,,,,,,,,,,,,,
campaign_e_out,out_n70000_rho0.6_anti-correlated_seed4.pcf,dhfma,2,0,84526728,41316,41315,9270229812985673142,32552,23f703aa3bc9,2026-08-28T19:57:42Z,70000,41910,28090,,,,,,,,,,,,,,,,,
campaign_e_out,out_n70000_rho0.6_correlated_seed0.pcf,dhfma,0,0,86875553,32065,32064,12284029050551479364,25212,23f703aa3bc9,2026-08-28T19:57:43Z,70000,42276,27724,,,,,,,,,,,,,,,,,
campaign_e_out,out_n70000_rho0.6_correlated_seed0.pcf,dhfma,1,0,84003943,32065,32064,12284029050551479364,27192,23f703aa3bc9,2026-08-28T19:57:43Z,70000,42276,27724,,,,,,,,,,,,,,,,,
campaign_e_out,out_n70000_rho0.6_correlated_seed0.pcf,dhfma,2,0,86119532,32065,32064,12284029050551479364,27192,23f703aa3bc9,2026-08-28T19:57:43Z,70000,42276,27724,,,,,,,,,,,,,,,,,
campaign_e_out,out_n70000_rho0.6_correlated_seed1.pcf,dhfma,0,0,88440003,32069,32068,2270146444711793448,25384,23f703aa3bc9,2026-08-28T19:57:43Z,70000,42027,27973,,,,,,,,,,,,,,,,,
campaign_e_out,out_n70000_rho0.6_correlated_seed1.pcf,dhfma,1,0,86495696,32069,32068,2270146444711793448,27220,23f703aa3bc9,2026-08-28T19:57:43Z,70000,42027,27973,,,,,,,,,,,,,,,,,
campaign_e_out,out_n70000_rho0.6_correlated_seed1.pcf,dhfma,2,0,98457706,32069,32068,2270146444711793448,27220,23f703aa3bc9,2026-08-28T19:57:43Z,70000,42027,27973,,,,,,,,,,,,,,,,,
campaign_e_out,out_n70000_rho0.6_correlated_seed2.pcf,dhfma,0,0,91114285,32119,32118,12918507951993305290,25596,23f703aa3bc9,2026-08-28T19:57:43Z,70000,42008,27992,,,,,,,,,,,,,,,,,
campaign_e_out,out_n70000_rho0.6_correlated_seed2.pcf,dhfma,1,0,88222780,32119,32118,12918507951993305290,26788,23f703aa3bc9,2026-08-28T19:57:43Z,70000,42008,27992,,,,,,,,,,,,,,,,,
campaign_e_out,out_n70000_rho0.6_correlated_seed2.pcf,dhfma,2,0,89365186,32119,32118,12918507951993305290,26836,23f703aa3bc9,2026-08-28T19:57:43Z,70000,42008,27992,,,,,,,,,,,,,,,,,
campaign_e_out,out_n70000_rho0.6_correlated_seed3.pcf,dhfma,0,0,94076878,32069,32068,12719333734861558773,25892,23f703aa3bc9,2026-08-28T19:57:43Z,70000,42202,27798,,,,,,,,,,,,,,,,,
campaign_e_out,out_n70000_rho0.6_correlated_seed3.pcf,dhfma,1,0,91750726,32069,32068,12719333734861558773,27196,23f703aa3bc9,2026-08-28T19:57:44Z,70000,42202,27798,,,,,,,,,,,,,,,,,
campaign_e_out,out_n70000_rho0.6_correlated_seed3.pcf,dhfma,2,0,91981704,32069,32068,12719333734861558773,27360,23f703aa3bc9,2026-08-28T19:57:44Z,70000,42202,27798,,,,,,,,,,,,,,,,,
campaign_e_out,out_n70000_rho0.6_correlated_seed4.pcf,dhfma,0,0,85739024,32216,32215,9362047506488875924,25368,23f703aa3bc9,2026-08-28T19:57:44Z,70000,41910,28090,,,,,,,,,,,,,,,,,
campaign_e_out,out_n70000_rho0.6_correlated_seed4.pcf,dhfma,1,0,82666607,32216,32215,9362047506488875924,27044,23f703aa3bc9,2026-08-28T19:57:44Z,70000,41910,28090,,,,,,,,,,,,,,,,,
campaign_e_out,out_n70000_rho0.6_correlated_seed4.pcf,dhfma,2,0,83341603,32216,32215,9362047506488875924,27044,23f703aa3bc9,2026-08-28T19:57:44Z,70000,41910,28090,,,,,,,,,,,,,,,,,
campaign_e_out,out_n70000_rho0.6_exact-ties_seed0.pcf,dhfma,0,0,82457816,10681,10680,14168682500297388440,23624,23f703aa3bc9,2026-08-28T19:57:44Z,70000,42174,27826,,,,,,,,,,,,,,,,,
campaign_e_out,out_n70000_rho0.6_exact-ties_seed0.pcf,dhfma,1,0,81095705,10681,10680,14168682500297388440,25868,23f703aa3bc9,2026-08-28T19:57:44Z,70000,42174,27826,,,,,,,,,,,,,,,,,
campaign_e_out,out_n70000_rho0.6_exact-ties_seed0.pcf,dhfma,2,0,81787592,10681,10680,14168682500297388440,26124,23f703aa3bc9,2026-08-28T19:57:44Z,70000,42174,27826,,,,,,,,,,,,,,,,,
campaign_e_out,out_n70000_rho0.6_exact-ties_seed1.pcf,dhfma,0,0,82422257,10687,10686,4758961356256353689,24256,23f703aa3bc9,2026-08-28T19:57:44Z,70000,42070,27930,,,,,,,,,,,,,,,,,
campaign_e_out,out_n70000_rho0.6_exact-ties_seed1.pcf,dhfma,1,0,80692289,10687,10686,4758961356256353689,26868,23f703aa3bc9,2026-08-28T19:57:44Z,70000,42070,27930,,,,,,,,,,,,,,,,,
campaign_e_out,out_n70000_rho0.6_exact-ties_seed1.pcf,dhfma,2,0,81256919,10687,10686,4758961356256353689,26868,23f703aa3bc9,2026-08-28T19:57:44Z,70000,42070,27930,,,,,,,,,,,,,,,,,
campaign_e_out,out_n70000_rho0.6_exact-ties_seed2.pcf,dhfma,0,0,88755911,10682,10681,8456643969680189735,23616,23f703aa3bc9,2026-08-28T19:57:45Z,70000,42083,27917,,,,,,,,,,,,,,,,,
campaign_e_out,out_n70000_rho0.6_exact-ties_seed2.pcf,dhfma,1,0,87049786,10682,10681,8456643969680189735,26672,23f703aa3bc9,2026-08-28T19:57:45Z,70000,42083,27917,,,,,,,,,,,,,,,,,
campaign_e_out,out_n70000_rho0.6_exact-ties_seed2.pcf,dhfma,2,0,88174191,10682,10681,8456643969680189735,26672,23f703aa3bc9,2026-08-28T19:57:45Z,70000,42083,27917,,,,,,,,,,,,,,,,,
campaign_e_out,out_n70000_rho0.6_exact-ties_seed3.pcf,dhfma,0,0,80512428,10663,10662,3844126746339394158,23788,23f703aa3bc9,2026-08-28T19:57:45Z,70000,42259,27741,,,,,,,,,,,,,,,,,
campaign_e_out,out_n70000_rho0.6_exact-ties_seed3.pcf,dhfma,1,0,79104536,10663,10662,3844126746339394158,26016,23f703aa3bc9,2026-08-28T19:57:45Z,70000,42259,27741,,,,,,,,,,,,,,,,,
campaign_e_out,out_n70000_rho0.6_exact-ties_seed3.pcf,dhfma,2,0,79605340,10663,10662,3844126746339394158,26032,23f703aa3bc9,2026-08-28T19:57:45Z,70000,42259,27741,,,,,,,,,,,,,,,,,
campaign_e_out,out_n70000_rho0.6_exact-ties_seed4.pcf,dhfma,0,0,77646934,10759,10758,3386745017802909103,23760,23f703aa3bc9,2026-08-28T19:57:45Z,70000,41875,28125,,,,,,,,,,,,,,,,,
campaign_e_out,out_n70000_rho0.6_exact-ties_seed4.pcf,dhfma,1,0,76880244,10759,10758,3386745017802909103,26060,23f703aa3bc9,2026-08-28T19:57:45Z,70000,41875,28125,,,,,,,,,,,,,,,,,
campaign_e_out,out_n70000_rho0.6_exact-ties_seed4.pcf,dhfma,2,0,77532968,10759,10758,3386745017802909103,26100,23f703aa3bc9,2026-08-28T19:57:45Z,70000,41875,28125,,,,,,,,,,,,,,,,,
campaign_e_out,out_n70000_rho0.6_independent-positive_seed0.pcf,dhfma,0,0,89768346,45256,45255,3422751326588089901,28684,23f703aa3bc9,2026-08-28T19:57:45Z,70000,42285,27715,,,,,,,,,,,,,,,,,
campaign_e_out,out_n70000_rho0.6_independent-positive_seed0.pcf,dhfma,1,0,86240492,45256,45255,3422751326588089901,30796,23f703aa3bc9,2026-08-28T19:57:45Z,70000,42285,27715,,,,,,,,,,,,,,,,,
campaign_e_out,out_n70000_rho0.6_independent-positive_seed0.pcf,dhfma,2,0,87049534,45256,45255,3422751326588089901,31364,23f703aa3bc9,2026-08-28T19:57:46Z,70000,42285,27715,,,,,,,,,,,,,,,,,
campaign_e_out,out_n70000_rho0.6_independent-positive_seed1.pcf,dhfma,0,0,94248255,45491,45490,15351762185927051949,29572,23f703aa3bc9,2026-08-28T19:57:46Z,70000,42008,27992,,,,,,,,,,,,,,,,,
campaign_e_out,out_n70000_rho0.6_independent-positive_seed1.pcf,dhfma,1,0,91875968,45491,45490,15351762185927051949,30920,23f703aa3bc9,2026-08-28T19:57:46Z,70000,42008,27992,,,,,,,,,,,,,,,,,
campaign_e_out,out_n70000_rho0.6_independent-positive_seed1.pcf,dhfma,2,0,89236956,45491,45490,15351762185927051949,31240,23f703aa3bc9,2026-08-28T19:57:46Z,70000,42008,27992,,,,,,,,,,,,,,,,,
campaign_e_out,out_n70000_rho0.6_independent-positive_seed2.pcf,dhfma,0,0,85590878,45274,45273,2826011284821710544,28488,23f703aa3bc9,2026-08-28T19:57:46Z,70000,41856,28144,,,,,,,,,,,,,,,,,
campaign_e_out,out_n70000_rho0.6_independent-positive_seed2.pcf,dhfma,1,0,83257934,45274,45273,2826011284821710544,31908,23f703aa3bc9,2026-08-28T19:57:46Z,70000,41856,28144,,,,,,,,,,,,,,,,,
campaign_e_out,out_n70000_rho0.6_independent-positive_seed2.pcf,dhfma,2,0,83412419,45274,45273,2826011284821710544,31908,23f703aa3bc9,2026-08-28T19:57:46Z,70000,41856,28144,,,,,,,,,,,,,,,,,
campaign_e_out,out_n70000_rho0.6_independent-positive_seed3.pcf,dhfma,0,0,83564436,45231,45230,3583930845141319787,28336,23f703aa3bc9,2026-08-28T19:57:46Z,70000,42238,27762,,,,,,,,,,,,,,,,,
campaign_e_out,out_n70000_rho0.6_independent-positive_seed3.pcf,dhfma,1,0,80865741,45231,45230,3583930845141319787,29668,23f703aa3bc9,2026-08-28T19:57:46Z,70000,42238,27762,,,,,,,,,,,,,,,,,
campaign_e_out,out_n70000_rho0.6_independent-positive_seed3.pcf,dhfma,2,0,78434067,45231,45230,3583930845141319787,31108,23f703aa3bc9,2026-08-28T19:57:46Z,70000,42238,27762,,,,,,,,,,,,,,,,,
campaign_e_out,out_n70000_rho0.6_independent-positive_seed4.pcf,dhfma,0,0,85295117,45529,45528,6451240042567489454,28636,23f703aa3bc9,2026-08-28T19:57:46Z,70000,41907,28093,,,,,,,,,,,,,,,,,
campaign_e_out,out_n70000_rho0.6_independent-positive_seed4.pcf,dhfma,1,0,82314563,45529,45528,6451240042567489454,30188,23f703aa3bc9,2026-08-28T19:57:47Z,70000,41907,28093,,,,,,,,,,,,,,,,,
campaign_e_out,out_n70000_rho0.6_independent-positive_seed4.pcf,dhfma,2,0,81076362,45529,45528,6451240042567489454,33228,23f703aa3bc9,2026-08-28T19:57:47Z,70000,41907,28093,,,,,,,,,,,,,,,,,
campaign_e_out,out_n70000_rho0.6_independent-signed_seed0.pcf,dhfma,0,0,90191758,46663,46662,7585433952465063206,29072,23f703aa3bc9,2026-08-28T19:57:47Z,70000,42280,27720,,,,,,,,,,,,,,,,,
campaign_e_out,out_n70000_rho0.6_independent-signed_seed0.pcf,dhfma,1,0,86296153,46663,46662,7585433952465063206,31048,23f703aa3bc9,2026-08-28T19:57:47Z,70000,42280,27720,,,,,,,,,,,,,,,,,
campaign_e_out,out_n70000_rho0.6_independent-signed_seed0.pcf,dhfma,2,0,87235939,46663,46662,7585433952465063206,31048,23f703aa3bc9,2026-08-28T19:57:47Z,70000,42280,27720,,,,,,,,,,,,,,,,,
campaign_e_out,out_n70000_rho0.6_independent-signed_seed1.pcf,dhfma,0,0,87929727,46764,46763,3268512358528947898,29264,23f703aa3bc9,2026-08-28T19:57:47Z,70000,42021,27979,,,,,,,,,,,,,,,,,
campaign_e_out,out_n70000_rho0.6_independent-signed_seed1.pcf,dhfma,1,0,84978711,46764,46763,3268512358528947898,30668,23f703aa3bc9,2026-08-28T19:57:47Z,70000,42021,27979,,,,,,,,,,,,,,,,,
campaign_e_out,out_n70000_rho0.6_independent-signed_seed1.pcf,dhfma,2,0,83252829,46764,46763,3268512358528947898,33388,23f703aa3bc9,2026-08-28T19:57:47Z,70000,42021,27979,,,,,,,,,,,,,,,,,
campaign_e_out,out_n70000_rho0.6_independent-signed_seed2.pcf,dhfma,0,0,85349162,46908,46907,3335054225252199935,28968,23f703aa3bc9,2026-08-28T19:57:47Z,70000,41852,28148,,,,,,,,,,,,,,,,,
campaign_e_out,out_n70000_rho0.6_independent-signed_seed2.pcf,dhfma,1,0,82358483,46908,46907,3335054225252199935,31320,23f703aa3bc9,2026-08-28T19:57:47Z,70000,41852,28148,,,,,,,,,,,,,,,,,
campaign_e_out,out_n70000_rho0.6_independent-signed_seed2.pcf,dhfma,2,0,80292063,46908,46907,3335054225252199935,31640,23f703aa3bc9,2026-08-28T19:57:47Z,70000,41852,28148,,,,,,,,,,,,,,,,,
campaign_e_out,out_n70000_rho0.6_independent-signed_seed3.pcf,dhfma,0,0,88498784,46675,46674,147328311494366401,29028,23f703aa3bc9,2026-08-28T19:57:48Z,70000,42237,27763,,,,,,,,,,,,,,,,,
campaign_e_out,out_n70000_rho0.6_independent-signed_seed3.pcf,dhfma,1,0,85512434,46675,46674,147328311494366401,30424,23f703aa3bc9,2026-08-28T19:57:48Z,70000,42237,27763,,,,,,,,,,,,,,,,,
campaign_e_out,out_n70000_rho0.6_independent-signed_seed3.pcf,dhfma,2,0,83991242,46675,46674,147328311494366401,31064,23f703aa3bc9,2026-08-28T19:57:48Z,70000,42237,27763,,,,,,,,,,,,,,,,,
campaign_e_out,out_n70000_rho0.6_independent-signed_seed4.pcf,dhfma,0,0,82634588,46935,46934,9768991640292574580,28488,23f703aa3bc9,2026-08-28T19:57:48Z,70000,41888,28112,,,,,,,,,,,,,,,,,
campaign_e_out,out_n70000_rho0.6_independent-signed_seed4.pcf,dhfma,1,0,79301262,46935,46934,9768991640292574580,30444,23f703aa3bc9,2026-08-28T19:57:48Z,70000,41888,28112,,,,,,,,,,,,,,,,,
campaign_e_out,out_n70000_rho0.6_independent-signed_seed4.pcf,dhfma,2,0,80512333,46935,46934,9768991640292574580,31460,23f703aa3bc9,2026-08-28T19:57:48Z,70000,41888,28112,,,,,,,,,,,,,,,,,
campaign_e_out,out_n70000_rho0.6_near-ties_seed0.pcf,dhfma,0,0,77577352,1324,1323,2638368610630542733,23944,23f703aa3bc9,2026-08-28T19:57:48Z,70000,42203,27797,,,,,,,,,,,,,,,,,
campaign_e_out,out_n70000_rho0.6_near-ties_seed0.pcf,dhfma,1,0,76270568,1324,1323,2638368610630542733,25036,23f703aa3bc9,2026-08-28T19:57:48Z,70000,42203,27797,,,,,,,,,,,,,,,,,
campaign_e_out,out_n70000_rho0.6_near-ties_seed0.pcf,dhfma,2,0,75958647,1324,1323,2638368610630542733,25336,23f703aa3bc9,2026-08-28T19:57:48Z,70000,42203,27797,,,,,,,,,,,,,,,,,
campaign_e_out,out_n70000_rho0.6_near-ties_seed1.pcf,dhfma,0,0,80987368,1279,1278,6674553117043475724,23776,23f703aa3bc9,2026-08-28T19:57:48Z,70000,42101,27899,,,,,,,,,,,,,,,,,
campaign_e_out,out_n70000_rho0.6_near-ties_seed1.pcf,dhfma,1,0,79894886,1279,1278,6674553117043475724,25720,23f703aa3bc9,2026-08-28T19:57:48Z,70000,42101,27899,,,,,,,,,,,,,,,,,
campaign_e_out,out_n70000_rho0.6_near-ties_seed1.pcf,dhfma,2,0,80399240,1279,1278,6674553117043475724,25972,23f703aa3bc9,2026-08-28T19:57:49Z,70000,42101,27899,,,,,,,,,,,,,,,,,
campaign_e_out,out_n70000_rho0.6_near-ties_seed2.pcf,dhfma,0,0,78542436,1292,1291,2791619028781900499,23764,23f703aa3bc9,2026-08-28T19:57:49Z,70000,41961,28039,,,,,,,,,,,,,,,,,
campaign_e_out,out_n70000_rho0.6_near-ties_seed2.pcf,dhfma,1,0,77348832,1292,1291,2791619028781900499,25700,23f703aa3bc9,2026-08-28T19:57:49Z,70000,41961,28039,,,,,,,,,,,,,,,,,
campaign_e_out,out_n70000_rho0.6_near-ties_seed2.pcf,dhfma,2,0,76983527,1292,1291,2791619028781900499,25756,23f703aa3bc9,2026-08-28T19:57:49Z,70000,41961,28039,,,,,,,,,,,,,,,,,
campaign_e_out,out_n70000_rho0.6_near-ties_seed3.pcf,dhfma,0,0,80272338,1272,1271,17417822300212969062,24244,23f703aa3bc9,2026-08-28T19:57:49Z,70000,41913,28087,,,,,,,,,,,,,,,,,
campaign_e_out,out_n70000_rho0.6_near-ties_seed3.pcf,dhfma,1,0,78665614,1272,1271,17417822300212969062,25612,23f703aa3bc9,2026-08-28T19:57:49Z,70000,41913,28087,,,,,,,,,,,,,,,,,
campaign_e_out,out_n70000_rho0.6_near-ties_seed3.pcf,dhfma,2,0,79260025,1272,1271,17417822300212969062,26496,23f703aa3bc9,2026-08-28T19:57:49Z,70000,41913,28087,,,,,,,,,,,,,,,,,
campaign_e_out,out_n70000_rho0.6_near-ties_seed4.pcf,dhfma,0,0,78580778,1307,1306,6609074859037952847,23760,23f703aa3bc9,2026-08-28T19:57:49Z,70000,41946,28054,,,,,,,,,,,,,,,,,
campaign_e_out,out_n70000_rho0.6_near-ties_seed4.pcf,dhfma,1,0,76946255,1307,1306,6609074859037952847,25720,23f703aa3bc9,2026-08-28T19:57:49Z,70000,41946,28054,,,,,,,,,,,,,,,,,
campaign_e_out,out_n70000_rho0.6_near-ties_seed4.pcf,dhfma,2,0,76707612,1307,1306,6609074859037952847,25952,23f703aa3bc9,2026-08-28T19:57:49Z,70000,41946,28054,,,,,,,,,,,,,,,,,
campaign_e_out,out_n70000_rho1.0_anti-correlated_seed0.pcf,dhfma,0,0,1319195629,30955,30954,7261801714443283304,116288,23f703aa3bc9,2026-08-28T19:57:51Z,70000,69999,1,,,,,,,,,,,,,,,,,
campaign_e_out,out_n70000_rho1.0_anti-correlated_seed0.pcf,dhfma,1,0,1314316776,30955,30954,7261801714443283304,163580,23f703aa3bc9,2026-08-28T19:57:52Z,70000,69999,1,,,,,,,,,,,,,,,,,
campaign_e_out,out_n70000_rho1.0_anti-correlated_seed0.pcf,dhfma,2,0,1302052932,30955,30954,7261801714443283304,163580,23f703aa3bc9,2026-08-28T19:57:53Z,70000,69999,1,,,,,,,,,,,,,,,,,
campaign_e_out,out_n70000_rho1.0_anti-correlated_seed1.pcf,dhfma,0,0,1550067254,31043,31042,13696487456301478635,116280,23f703aa3bc9,2026-08-28T19:57:55Z,70000,69999,1,,,,,,,,,,,,,,,,,
campaign_e_out,out_n70000_rho1.0_anti-correlated_seed1.pcf,dhfma,1,0,1549569897,31043,31042,13696487456301478635,164584,23f703aa3bc9,2026-08-28T19:57:56Z,70000,69999,1,,,,,,,,,,,,,,,,,
campaign_e_out,out_n70000_rho1.0_anti-correlated_seed1.pcf,dhfma,2,0,1549473407,31043,31042,13696487456301478635,164584,23f703aa3bc9,2026-08-28T19:57:58Z,70000,69999,1,,,,,,,,,,,,,,,,,
campaign_e_out,out_n70000_rho1.0_anti-correlated_seed2.pcf,dhfma,0,0,1463920017,30846,30845,5017898411820084716,116548,23f703aa3bc9,2026-08-28T19:57:59Z,70000,69999,1,,,,,,,,,,,,,,,,,
campaign_e_out,out_n70000_rho1.0_anti-correlated_seed2.pcf,dhfma,1,0,1470674383,30846,30845,5017898411820084716,164692,23f703aa3bc9,2026-08-28T19:58:01Z,70000,69999,1,,,,,,,,,,,,,,,,,
campaign_e_out,out_n70000_rho1.0_anti-correlated_seed2.pcf,dhfma,2,0,1453467239,30846,30845,5017898411820084716,164764,23f703aa3bc9,2026-08-28T19:58:02Z,70000,69999,1,,,,,,,,,,,,,,,,,
campaign_e_out,out_n70000_rho1.0_anti-correlated_seed3.pcf,dhfma,0,0,1300515998,30835,30834,7553701504278563713,116560,23f703aa3bc9,2026-08-28T19:58:04Z,70000,69999,1,,,,,,,,,,,,,,,,,
campaign_e_out,out_n70000_rho1.0_anti-correlated_seed3.pcf,dhfma,1,0,1300448145,30835,30834,7553701504278563713,164960,23f703aa3bc9,2026-08-28T19:58:05Z,70000,69999,1,,,,,,,,,,,,,,,,,
campaign_e_out,out_n70000_rho1.0_anti-correlated_seed3.pcf,dhfma,2,0,1299477475,30835,30834,7553701504278563713,165068,23f703aa3bc9,2026-08-28T19:58:06Z,70000,69999,1,,,,,,,,,,,,,,,,,
campaign_e_out,out_n70000_rho1.0_anti-correlated_seed4.pcf,dhfma,0,0,1306537994,31092,31091,10607236988562714433,116936,23f703aa3bc9,2026-08-28T19:58:08Z,70000,69999,1,,,,,,,,,,,,,,,,,
campaign_e_out,out_n70000_rho1.0_anti-correlated_seed4.pcf,dhfma,1,0,1311307056,31092,31091,10607236988562714433,164084,23f703aa3bc9,2026-08-28T19:58:09Z,70000,69999,1,,,,,,,,,,,,,,,,,
campaign_e_out,out_n70000_rho1.0_anti-correlated_seed4.pcf,dhfma,2,0,1305078490,31092,31091,10607236988562714433,164128,23f703aa3bc9,2026-08-28T19:58:10Z,70000,69999,1,,,,,,,,,,,,,,,,,
campaign_e_out,out_n70000_rho1.0_correlated_seed0.pcf,dhfma,0,0,1226337047,25512,25511,1902882371553782925,116288,23f703aa3bc9,2026-08-28T19:58:12Z,70000,69999,1,,,,,,,,,,,,,,,,,
campaign_e_out,out_n70000_rho1.0_correlated_seed0.pcf,dhfma,1,0,1226043800,25512,25511,1902882371553782925,164384,23f703aa3bc9,2026-08-28T19:58:13Z,70000,69999,1,,,,,,,,,,,,,,,,,
campaign_e_out,out_n70000_rho1.0_correlated_seed0.pcf,dhfma,2,0,1227502455,25512,25511,1902882371553782925,164384,23f703aa3bc9,2026-08-28T19:58:14Z,70000,69999,1,,,,,,,,,,,,,,,,,
campaign_e_out,out_n70000_rho1.0_correlated_seed1.pcf,dhfma,0,0,1333523596,25607,25606,8003577602968466383,116280,23f703aa3bc9,2026-08-28T19:58:15Z,70000,69999,1,,,,,,,,,,,,,,,,,
campaign_e_out,out_n70000_rho1.0_correlated_seed1.pcf,dhfma,1,0,1333150494,25607,25606,8003577602968466383,163844,23f703aa3bc9,2026-08-28T19:58:17Z,70000,69999,1,,,,,,,,,,,,,,,,,
campaign_e_out,out_n70000_rho1.0_correlated_seed1.pcf,dhfma,2,0,1335413792,25607,25606,8003577602968466383,164040,23f703aa3bc9,2026-08-28T19:58:18Z,70000,69999,1,,,,,,,,,,,,,,,,,
campaign_e_out,out_n70000_rho1.0_correlated_seed2.pcf,dhfma,0,0,1120768920,25789,25788,4481432236155762793,116392,23f703aa3bc9,2026-08-28T19:58:19Z,70000,69999,1,,,,,,,,,,,,,,,,,
campaign_e_out,out_n70000_rho1.0_correlated_seed2.pcf,dhfma,1,0,1120304717,25789,25788,4481432236155762793,164044,23f703aa3bc9,2026-08-28T19:58:20Z,70000,69999,1,,,,,,,,,,,,,,,,,
campaign_e_out,out_n70000_rho1.0_correlated_seed2.pcf,dhfma,2,0,1136980773,25789,25788,4481432236155762793,164044,23f703aa3bc9,2026-08-28T19:58:21Z,70000,69999,1,,,,,,,,,,,,,,,,,
campaign_e_out,out_n70000_rho1.0_correlated_seed3.pcf,dhfma,0,0,1095251455,25606,25605,8413143017120426520,116400,23f703aa3bc9,2026-08-28T19:58:23Z,70000,69999,1,,,,,,,,,,,,,,,,,
campaign_e_out,out_n70000_rho1.0_correlated_seed3.pcf,dhfma,1,0,1090665170,25606,25605,8413143017120426520,164508,23f703aa3bc9,2026-08-28T19:58:24Z,70000,69999,1,,,,,,,,,,,,,,,,,
campaign_e_out,out_n70000_rho1.0_correlated_seed3.pcf,dhfma,2,0,1098274105,25606,25605,8413143017120426520,164508,23f703aa3bc9,2026-08-28T19:58:25Z,70000,69999,1,,,,,,,,,,,,,,,,,
campaign_e_out,out_n70000_rho1.0_correlated_seed4.pcf,dhfma,0,0,1162415089,25465,25464,16019166974443601941,117088,23f703aa3bc9,2026-08-28T19:58:26Z,70000,69999,1,,,,,,,,,,,,,,,,,
campaign_e_out,out_n70000_rho1.0_correlated_seed4.pcf,dhfma,1,0,1160743049,25465,25464,16019166974443601941,164280,23f703aa3bc9,2026-08-28T19:58:27Z,70000,69999,1,,,,,,,,,,,,,,,,,
campaign_e_out,out_n70000_rho1.0_correlated_seed4.pcf,dhfma,2,0,1160041179,25465,25464,16019166974443601941,164280,23f703aa3bc9,2026-08-28T19:58:28Z,70000,69999,1,,,,,,,,,,,,,,,,,
campaign_e_out,out_n70000_rho1.0_exact-ties_seed0.pcf,dhfma,0,0,1102972327,11738,11737,11160499274615303234,115864,23f703aa3bc9,2026-08-28T19:58:29Z,70000,69999,1,,,,,,,,,,,,,,,,,
campaign_e_out,out_n70000_rho1.0_exact-ties_seed0.pcf,dhfma,1,0,1102518055,11738,11737,11160499274615303234,164160,23f703aa3bc9,2026-08-28T19:58:31Z,70000,69999,1,,,,,,,,,,,,,,,,,
campaign_e_out,out_n70000_rho1.0_exact-ties_seed0.pcf,dhfma,2,0,1104940095,11738,11737,11160499274615303234,164204,23f703aa3bc9,2026-08-28T19:58:32Z,70000,69999,1,,,,,,,,,,,,,,,,,
campaign_e_out,out_n70000_rho1.0_exact-ties_seed1.pcf,dhfma,0,0,1329179494,11529,11528,11729059337168544440,116820,23f703aa3bc9,2026-08-28T19:58:33Z,70000,69999,1,,,,,,,,,,,,,,,,,
campaign_e_out,out_n70000_rho1.0_exact-ties_seed1.pcf,dhfma,1,0,1327639284,11529,11528,11729059337168544440,164084,23f703aa3bc9,2026-08-28T19:58:34Z,70000,69999,1,,,,,,,,,,,,,,,,,
campaign_e_out,out_n70000_rho1.0_exact-ties_seed1.pcf,dhfma,2,0,1328493507,11529,11528,11729059337168544440,164084,23f703aa3bc9,2026-08-28T19:58:36Z,70000,69999,1,,,,,,,,,,,,,,,,,
campaign_e_out,out_n70000_rho1.0_exact-ties_seed2.pcf,dhfma,0,0,1470588681,11619,11618,11487863976994324760,116560,23f703aa3bc9,2026-08-28T19:58:37Z,70000,69999,1,,,,,,,,,,,,,,,,,
campaign_e_out,out_n70000_rho1.0_exact-ties_seed2.pcf,dhfma,1,0,1466265295,11619,11618,11487863976994324760,164148,23f703aa3bc9,2026-08-28T19:58:39Z,70000,69999,1,,,,,,,,,,,,,,,,,
campaign_e_out,out_n70000_rho1.0_exact-ties_seed2.pcf,dhfma,2,0,1464174903,11619,11618,11487863976994324760,164148,23f703aa3bc9,2026-08-28T19:58:40Z,70000,69999,1,,,,,,,,,,,,,,,,,
campaign_e_out,out_n70000_rho1.0_exact-ties_seed3.pcf,dhfma,0,0,1310549758,11612,11611,6999573134029796550,116908,23f703aa3bc9,2026-08-28T19:58:41Z,70000,69999,1,,,,,,,,,,,,,,,,,
campaign_e_out,out_n70000_rho1.0_exact-ties_seed3.pcf,dhfma,1,0,1322213877,11612,11611,6999573134029796550,164392,23f703aa3bc9,2026-08-28T19:58:43Z,70000,69999,1,,,,,,,,,,,,,,,,,
campaign_e_out,out_n70000_rho1.0_exact-ties_seed3.pcf,dhfma,2,0,1311914412,11612,11611,6999573134029796550,164392,23f703aa3bc9,2026-08-28T19:58:44Z,70000,69999,1,,,,,,,,,,,,,,,,,
campaign_e_out,out_n70000_rho1.0_exact-ties_seed4.pcf,dhfma,0,0,941618455,11673,11672,15082662854905148067,116280,23f703aa3bc9,2026-08-28T19:58:45Z,70000,69999,1,,,,,,,,,,,,,,,,,
campaign_e_out,out_n70000_rho1.0_exact-ties_seed4.pcf,dhfma,1,0,943975821,11673,11672,15082662854905148067,163876,23f703aa3bc9,2026-08-28T19:58:46Z,70000,69999,1,,,,,,,,,,,,,,,,,
campaign_e_out,out_n70000_rho1.0_exact-ties_seed4.pcf,dhfma,2,0,945801907,11673,11672,15082662854905148067,164124,23f703aa3bc9,2026-08-28T19:58:47Z,70000,69999,1,,,,,,,,,,,,,,,,,
campaign_e_out,out_n70000_rho1.0_independent-positive_seed0.pcf,dhfma,0,0,1449225931,33371,33370,14436993501128210370,116296,23f703aa3bc9,2026-08-28T19:58:48Z,70000,69999,1,,,,,,,,,,,,,,,,,
campaign_e_out,out_n70000_rho1.0_independent-positive_seed0.pcf,dhfma,1,0,1447962164,33371,33370,14436993501128210370,164332,23f703aa3bc9,2026-08-28T19:58:50Z,70000,69999,1,,,,,,,,,,,,,,,,,
campaign_e_out,out_n70000_rho1.0_independent-positive_seed0.pcf,dhfma,2,0,1446206587,33371,33370,14436993501128210370,164424,23f703aa3bc9,2026-08-28T19:58:51Z,70000,69999,1,,,,,,,,,,,,,,,,,
campaign_e_out,out_n70000_rho1.0_independent-positive_seed1.pcf,dhfma,0,0,1145742043,33499,33498,13759945736983398333,117076,23f703aa3bc9,2026-08-28T19:58:53Z,70000,69999,1,,,,,,,,,,,,,,,,,
campaign_e_out,out_n70000_rho1.0_independent-positive_seed1.pcf,dhfma,1,0,1141750340,33499,33498,13759945736983398333,164844,23f703aa3bc9,2026-08-28T19:58:54Z,70000,69999,1,,,,,,,,,,,,,,,,,
campaign_e_out,out_n70000_rho1.0_independent-positive_seed1.pcf,dhfma,2,0,1143093939,33499,33498,13759945736983398333,164844,23f703aa3bc9,2026-08-28T19:58:55Z,70000,69999,1,,,,,,,,,,,,,,,,,
campaign_e_out,out_n70000_rho1.0_independent-positive_seed2.pcf,dhfma,0,0,1173167954,33452,33451,4476682967304291908,116564,23f703aa3bc9,2026-08-28T19:58:56Z,70000,69999,1,,,,,,,,,,,,,,,,,
campaign_e_out,out_n70000_rho1.0_independent-positive_seed2.pcf,dhfma,1,0,1171054612,33452,33451,4476682967304291908,164124,23f703aa3bc9,2026-08-28T19:58:57Z,70000,69999,1,,,,,,,,,,,,,,,,,
campaign_e_out,out_n70000_rho1.0_independent-positive_seed2.pcf,dhfma,2,0,1160697632,33452,33451,4476682967304291908,164188,23f703aa3bc9,2026-08-28T19:58:58Z,70000,69999,1,,,,,,,,,,,,,,,,,
campaign_e_out,out_n70000_rho1.0_independent-positive_seed3.pcf,dhfma,0,0,1432369406,33301,33300,13757444982318048812,117376,23f703aa3bc9,2026-08-28T19:59:00Z,70000,69999,1,,,,,,,,,,,,,,,,,
campaign_e_out,out_n70000_rho1.0_independent-positive_seed3.pcf,dhfma,1,0,1425096301,33301,33300,13757444982318048812,164380,23f703aa3bc9,2026-08-28T19:59:01Z,70000,69999,1,,,,,,,,,,,,,,,,,
campaign_e_out,out_n70000_rho1.0_independent-positive_seed3.pcf,dhfma,2,0,1424108954,33301,33300,13757444982318048812,164380,23f703aa3bc9,2026-08-28T19:59:03Z,70000,69999,1,,,,,,,,,,,,,,,,,
campaign_e_out,out_n70000_rho1.0_independent-positive_seed4.pcf,dhfma,0,0,1227229140,33478,33477,4387230834761694497,116280,23f703aa3bc9,2026-08-28T19:59:04Z,70000,69999,1,,,,,,,,,,,,,,,,,
campaign_e_out,out_n70000_rho1.0_independent-positive_seed4.pcf,dhfma,1,0,1228744405,33478,33477,4387230834761694497,163844,23f703aa3bc9,2026-08-28T19:59:05Z,70000,69999,1,,,,,,,,,,,,,,,,,
campaign_e_out,out_n70000_rho1.0_independent-positive_seed4.pcf,dhfma,2,0,1224163037,33478,33477,4387230834761694497,163916,23f703aa3bc9,2026-08-28T19:59:06Z,70000,69999,1,,,,,,,,,,,,,,,,,
campaign_e_out,out_n70000_rho1.0_independent-signed_seed0.pcf,dhfma,0,0,1241242466,34363,34362,977006096358864833,116292,23f703aa3bc9,2026-08-28T19:59:08Z,70000,69999,1,,,,,,,,,,,,,,,,,
campaign_e_out,out_n70000_rho1.0_independent-signed_seed0.pcf,dhfma,1,0,1243329374,34363,34362,977006096358864833,164720,23f703aa3bc9,2026-08-28T19:59:09Z,70000,69999,1,,,,,,,,,,,,,,,,,
campaign_e_out,out_n70000_rho1.0_independent-signed_seed0.pcf,dhfma,2,0,1233751471,34363,34362,977006096358864833,165344,23f703aa3bc9,2026-08-28T19:59:10Z,70000,69999,1,,,,,,,,,,,,,,,,,
campaign_e_out,out_n70000_rho1.0_independent-signed_seed1.pcf,dhfma,0,0,1114280050,34557,34556,15712582296274106954,116288,23f703aa3bc9,2026-08-28T19:59:11Z,70000,69999,1,,,,,,,,,,,,,,,,,
campaign_e_out,out_n70000_rho1.0_independent-signed_seed1.pcf,dhfma,1,0,1112625045,34557,34556,15712582296274106954,164252,23f703aa3bc9,2026-08-28T19:59:12Z,70000,69999,1,,,,,,,,,,,,,,,,,
campaign_e_out,out_n70000_rho1.0_independent-signed_seed1.pcf,dhfma,2,0,1102954830,34557,34556,15712582296274106954,164336,23f703aa3bc9,2026-08-28T19:59:13Z,70000,69999,1,,,,,,,,,,,,,,,,,
campaign_e_out,out_n70000_rho1.0_independent-signed_seed2.pcf,dhfma,0,0,1412496202,34590,34589,8127121707404110046,116120,23f703aa3bc9,2026-08-28T19:59:15Z,70000,69999,1,,,,,,,,,,,,,,,,,
campaign_e_out,out_n70000_rho1.0_independent-signed_seed2.pcf,dhfma,1,0,1411406052,34590,34589,8127121707404110046,164616,23f703aa3bc9,2026-08-28T19:59:16Z,70000,69999,1,,,,,,,,,,,,,,,,,
campaign_e_out,out_n70000_rho1.0_independent-signed_seed2.pcf,dhfma,2,0,1409975534,34590,34589,8127121707404110046,166040,23f703aa3bc9,2026-08-28T19:59:18Z,70000,69999,1,,,,,,,,,,,,,,,,,
campaign_e_out,out_n70000_rho1.0_independent-signed_seed3.pcf,dhfma,0,0,1376365802,34404,34403,2941063453964618649,116816,23f703aa3bc9,2026-08-28T19:59:19Z,70000,69999,1,,,,,,,,,,,,,,,,,
campaign_e_out,out_n70000_rho1.0_independent-signed_seed3.pcf,dhfma,1,0,1373590281,34404,34403,2941063453964618649,164452,23f703aa3bc9,2026-08-28T19:59:21Z,70000,69999,1,,,,,,,,,,,,,,,,,
campaign_e_out,out_n70000_rho1.0_independent-signed_seed3.pcf,dhfma,2,0,1375094178,34404,34403,2941063453964618649,164456,23f703aa3bc9,2026-08-28T19:59:22Z,70000,69999,1,,,,,,,,,,,,,,,,,
campaign_e_out,out_n70000_rho1.0_independent-signed_seed4.pcf,dhfma,0,0,1244643490,34469,34468,14538045530526499325,116280,23f703aa3bc9,2026-08-28T19:59:23Z,70000,69999,1,,,,,,,,,,,,,,,,,
campaign_e_out,out_n70000_rho1.0_independent-signed_seed4.pcf,dhfma,1,0,1229792042,34469,34468,14538045530526499325,163756,23f703aa3bc9,2026-08-28T19:59:24Z,70000,69999,1,,,,,,,,,,,,,,,,,
campaign_e_out,out_n70000_rho1.0_independent-signed_seed4.pcf,dhfma,2,0,1219334672,34469,34468,14538045530526499325,165256,23f703aa3bc9,2026-08-28T19:59:26Z,70000,69999,1,,,,,,,,,,,,,,,,,
campaign_e_out,out_n70000_rho1.0_near-ties_seed0.pcf,dhfma,0,0,981268203,1790,1789,3673040921844809897,116820,23f703aa3bc9,2026-08-28T19:59:27Z,70000,69999,1,,,,,,,,,,,,,,,,,
campaign_e_out,out_n70000_rho1.0_near-ties_seed0.pcf,dhfma,1,0,984453105,1790,1789,3673040921844809897,164160,23f703aa3bc9,2026-08-28T19:59:28Z,70000,69999,1,,,,,,,,,,,,,,,,,
campaign_e_out,out_n70000_rho1.0_near-ties_seed0.pcf,dhfma,2,0,981760828,1790,1789,3673040921844809897,164160,23f703aa3bc9,2026-08-28T19:59:29Z,70000,69999,1,,,,,,,,,,,,,,,,,
campaign_e_out,out_n70000_rho1.0_near-ties_seed1.pcf,dhfma,0,0,1253912858,1822,1821,2176125161282471524,116392,23f703aa3bc9,2026-08-28T19:59:30Z,70000,69999,1,,,,,,,,,,,,,,,,,
campaign_e_out,out_n70000_rho1.0_near-ties_seed1.pcf,dhfma,1,0,1244993450,1822,1821,2176125161282471524,164212,23f703aa3bc9,2026-08-28T19:59:31Z,70000,69999,1,,,,,,,,,,,,,,,,,
campaign_e_out,out_n70000_rho1.0_near-ties_seed1.pcf,dhfma,2,0,1243985610,1822,1821,2176125161282471524,164408,23f703aa3bc9,2026-08-28T19:59:32Z,70000,69999,1,,,,,,,,,,,,,,,,,
campaign_e_out,out_n70000_rho1.0_near-ties_seed2.pcf,dhfma,0,0,1337911703,1845,1844,1813109745554180094,116804,23f703aa3bc9,2026-08-28T19:59:34Z,70000,69999,1,,,,,,,,,,,,,,,,,
campaign_e_out,out_n70000_rho1.0_near-ties_seed2.pcf,dhfma,1,0,1341780344,1845,1844,1813109745554180094,164196,23f703aa3bc9,2026-08-28T19:59:35Z,70000,69999,1,,,,,,,,,,,,,,,,,
campaign_e_out,out_n70000_rho1.0_near-ties_seed2.pcf,dhfma,2,0,1342585589,1845,1844,1813109745554180094,164224,23f703aa3bc9,2026-08-28T19:59:36Z,70000,69999,1,,,,,,,,,,,,,,,,,
campaign_e_out,out_n70000_rho1.0_near-ties_seed3.pcf,dhfma,0,0,1249124184,1811,1810,15504290962669602465,116288,23f703aa3bc9,2026-08-28T19:59:38Z,70000,69999,1,,,,,,,,,,,,,,,,,
campaign_e_out,out_n70000_rho1.0_near-ties_seed3.pcf,dhfma,1,0,1250364381,1811,1810,15504290962669602465,163516,23f703aa3bc9,2026-08-28T19:59:39Z,70000,69999,1,,,,,,,,,,,,,,,,,
campaign_e_out,out_n70000_rho1.0_near-ties_seed3.pcf,dhfma,2,0,1250657389,1811,1810,15504290962669602465,163620,23f703aa3bc9,2026-08-28T19:59:40Z,70000,69999,1,,,,,,,,,,,,,,,,,
campaign_e_out,out_n70000_rho1.0_near-ties_seed4.pcf,dhfma,0,0,1158906897,1820,1819,2648299186251094873,116280,23f703aa3bc9,2026-08-28T19:59:41Z,70000,69999,1,,,,,,,,,,,,,,,,,
campaign_e_out,out_n70000_rho1.0_near-ties_seed4.pcf,dhfma,1,0,1160326062,1820,1819,2648299186251094873,163936,23f703aa3bc9,2026-08-28T19:59:43Z,70000,69999,1,,,,,,,,,,,,,,,,,
campaign_e_out,out_n70000_rho1.0_near-ties_seed4.pcf,dhfma,2,0,1159632969,1820,1819,2648299186251094873,164256,23f703aa3bc9,2026-08-28T19:59:44Z,70000,69999,1,,,,,,,,,,,,,,,,,
campaign_e_out,out_n700_rho0.6_anti-correlated_seed0.pcf,dhfma,0,0,586403,512,511,10859658503332561343,20480,23f703aa3bc9,2026-08-28T19:59:44Z,700,430,270,,,,,,,,,,,,,,,,,
campaign_e_out,out_n700_rho0.6_anti-correlated_seed0.pcf,dhfma,1,0,546283,512,511,10859658503332561343,20480,23f703aa3bc9,2026-08-28T19:59:44Z,700,430,270,,,,,,,,,,,,,,,,,
campaign_e_out,out_n700_rho0.6_anti-correlated_seed0.pcf,dhfma,2,0,520631,512,511,10859658503332561343,20480,23f703aa3bc9,2026-08-28T19:59:44Z,700,430,270,,,,,,,,,,,,,,,,,
campaign_e_out,out_n700_rho0.6_anti-correlated_seed1.pcf,dhfma,0,0,571652,464,463,5314123656464746603,20480,23f703aa3bc9,2026-08-28T19:59:44Z,700,438,262,,,,,,,,,,,,,,,,,
campaign_e_out,out_n700_rho0.6_anti-correlated_seed1.pcf,dhfma,1,0,520728,464,463,5314123656464746603,20480,23f703aa3bc9,2026-08-28T19:59:44Z,700,438,262,,,,,,,,,,,,,,,,,
campaign_e_out,out_n700_rho0.6_anti-correlated_seed1.pcf,dhfma,2,0,499344,464,463,5314123656464746603,20480,23f703aa3bc9,2026-08-28T19:59:44Z,700,438,262,,,,,,,,,,,,,,,,,
campaign_e_out,out_n700_rho0.6_anti-correlated_seed2.pcf,dhfma,0,0,552105,500,499,12636850645360857790,20480,23f703aa3bc9,2026-08-28T19:59:44Z,700,408,292,,,,,,,,,,,,,,,,,
campaign_e_out,out_n700_rho0.6_anti-correlated_seed2.pcf,dhfma,1,0,522894,500,499,12636850645360857790,20480,23f703aa3bc9,2026-08-28T19:59:44Z,700,408,292,,,,,,,,,,,,,,,,,
campaign_e_out,out_n700_rho0.6_anti-correlated_seed2.pcf,dhfma,2,0,503992,500,499,12636850645360857790,20480,23f703aa3bc9,2026-08-28T19:59:44Z,700,408,292,,,,,,,,,,,,,,,,,
campaign_e_out,out_n700_rho0.6_anti-correlated_seed3.pcf,dhfma,0,0,655181,488,487,4824801829062681913,20480,23f703aa3bc9,2026-08-28T19:59:44Z,700,436,264,,,,,,,,,,,,,,,,,
campaign_e_out,out_n700_rho0.6_anti-correlated_seed3.pcf,dhfma,1,0,598314,488,487,4824801829062681913,20480,23f703aa3bc9,2026-08-28T19:59:44Z,700,436,264,,,,,,,,,,,,,,,,,
campaign_e_out,out_n700_rho0.6_anti-correlated_seed3.pcf,dhfma,2,0,584164,488,487,4824801829062681913,20480,23f703aa3bc9,2026-08-28T19:59:44Z,700,436,264,,,,,,,,,,,,,,,,,
campaign_e_out,out_n700_rho0.6_anti-correlated_seed4.pcf,dhfma,0,0,553402,488,487,6836076287188577951,20480,23f703aa3bc9,2026-08-28T19:59:44Z,700,403,297,,,,,,,,,,,,,,,,,
campaign_e_out,out_n700_rho0.6_anti-correlated_seed4.pcf,dhfma,1,0,516805,488,487,6836076287188577951,20480,23f703aa3bc9,2026-08-28T19:59:44Z,700,403,297,,,,,,,,,,,,,,,,,
campaign_e_out,out_n700_rho0.6_anti-correlated_seed4.pcf,dhfma,2,0,488824,488,487,6836076287188577951,20480,23f703aa3bc9,2026-08-28T19:59:44Z,700,403,297,,,,,,,,,,,,,,,,,
campaign_e_out,out_n700_rho0.6_correlated_seed0.pcf,dhfma,0,0,593295,487,486,16951022693819693103,20480,23f703aa3bc9,2026-08-28T19:59:44Z,700,430,270,,,,,,,,,,,,,,,,,
campaign_e_out,out_n700_rho0.6_correlated_seed0.pcf,dhfma,1,0,515694,487,486,16951022693819693103,20480,23f703aa3bc9,2026-08-28T19:59:44Z,700,430,270,,,,,,,,,,,,,,,,,
campaign_e_out,out_n700_rho0.6_correlated_seed0.pcf,dhfma,2,0,507632,487,486,16951022693819693103,20480,23f703aa3bc9,2026-08-28T19:59:44Z,700,430,270,,,,,,,,,,,,,,,,,
campaign_e_out,out_n700_rho0.6_correlated_seed1.pcf,dhfma,0,0,567541,480,479,4478400802667660225,20480,23f703aa3bc9,2026-08-28T19:59:44Z,700,438,262,,,,,,,,,,,,,,,,,
campaign_e_out,out_n700_rho0.6_correlated_seed1.pcf,dhfma,1,0,529540,480,479,4478400802667660225,20480,23f703aa3bc9,2026-08-28T19:59:44Z,700,438,262,,,,,,,,,,,,,,,,,
campaign_e_out,out_n700_rho0.6_correlated_seed1.pcf,dhfma,2,0,584277,480,479,4478400802667660225,20480,23f703aa3bc9,2026-08-28T19:59:44Z,700,438,262,,,,,,,,,,,,,,,,,
campaign_e_out,out_n700_rho0.6_correlated_seed2.pcf,dhfma,0,0,584190,472,471,17788521438700137835,20480,23f703aa3bc9,2026-08-28T19:59:44Z,700,408,292,,,,,,,,,,,,,,,,,
campaign_e_out,out_n700_rho0.6_correlated_seed2.pcf,dhfma,1,0,527537,472,471,17788521438700137835,20480,23f703aa3bc9,2026-08-28T19:59:44Z,700,408,292,,,,,,,,,,,,,,,,,
campaign_e_out,out_n700_rho0.6_correlated_seed2.pcf,dhfma,2,0,564020,472,471,17788521438700137835,20480,23f703aa3bc9,2026-08-28T19:59:44Z,700,408,292,,,,,,,,,,,,,,,,,
campaign_e_out,out_n700_rho0.6_correlated_seed3.pcf,dhfma,0,0,600963,487,486,15699719488080715909,20480,23f703aa3bc9,2026-08-28T19:59:44Z,700,436,264,,,,,,,,,,,,,,,,,
campaign_e_out,out_n700_rho0.6_correlated_seed3.pcf,dhfma,1,0,607148,487,486,15699719488080715909,20480,23f703aa3bc9,2026-08-28T19:59:44Z,700,436,264,,,,,,,,,,,,,,,,,
campaign_e_out,out_n700_rho0.6_correlated_seed3.pcf,dhfma,2,0,537821,487,486,15699719488080715909,20480,23f703aa3bc9,2026-08-28T19:59:44Z,700,436,264,,,,,,,,,,,,,,,,,
campaign_e_out,out_n700_rho0.6_correlated_seed4.pcf,dhfma,0,0,649371,486,485,5773097593524949384,20480,23f703aa3bc9,2026-08-28T19:59:44Z,700,403,297,,,,,,,,,,,,,,,,,
campaign_e_out,out_n700_rho0.6_correlated_seed4.pcf,dhfma,1,0,522645,486,485,5773097593524949384,20480,23f703aa3bc9,2026-08-28T19:59:44Z,700,403,297,,,,,,,,,,,,,,,,,
campaign_e_out,out_n700_rho0.6_correlated_seed4.pcf,dhfma,2,0,500979,486,485,5773097593524949384,20480,23f703aa3bc9,2026-08-28T19:59:44Z,700,403,297,,,,,,,,,,,,,,,,,
campaign_e_out,out_n700_rho0.6_exact-ties_seed0.pcf,dhfma,0,0,660318,145,144,531243331465634851,20480,23f703aa3bc9,2026-08-28T19:59:44Z,700,437,263,,,,,,,,,,,,,,,,,
campaign_e_out,out_n700_rho0.6_exact-ties_seed0.pcf,dhfma,1,0,639102,145,144,531243331465634851,20480,23f703aa3bc9,2026-08-28T19:59:44Z,700,437,263,,,,,,,,,,,,,,,,,
campaign_e_out,out_n700_rho0.6_exact-ties_seed0.pcf,dhfma,2,0,618498,145,144,531243331465634851,20480,23f703aa3bc9,2026-08-28T19:59:44Z,700,437,263,,,,,,,,,,,,,,,,,
campaign_e_out,out_n700_rho0.6_exact-ties_seed1.pcf,dhfma,0,0,515322,154,153,10385331557630577340,20480,23f703aa3bc9,2026-08-28T19:59:44Z,700,420,280,,,,,,,,,,,,,,,,,
campaign_e_out,out_n700_rho0.6_exact-ties_seed1.pcf,dhfma,1,0,447343,154,153,10385331557630577340,20480,23f703aa3bc9,2026-08-28T19:59:44Z,700,420,280,,,,,,,,,,,,,,,,,
campaign_e_out,out_n700_rho0.6_exact-ties_seed1.pcf,dhfma,2,0,426657,154,153,10385331557630577340,20480,23f703aa3bc9,2026-08-28T19:59:44Z,700,420,280,,,,,,,,,,,,,,,,,
campaign_e_out,out_n700_rho0.6_exact-ties_seed2.pcf,dhfma,0,0,545401,139,138,3836620288586956707,20480,23f703aa3bc9,2026-08-28T19:59:44Z,700,412,288,,,,,,,,,,,,,,,,,
campaign_e_out,out_n700_rho0.6_exact-ties_seed2.pcf,dhfma,1,0,437294,139,138,3836620288586956707,20480,23f703aa3bc9,2026-08-28T19:59:44Z,700,412,288,,,,,,,,,,,,,,,,,
campaign_e_out,out_n700_rho0.6_exact-ties_seed2.pcf,dhfma,2,0,425853,139,138,3836620288586956707,20480,23f703aa3bc9,2026-08-28T19:59:44Z,700,412,288,,,,,,,,,,,,,,,,,
campaign_e_out,out_n700_rho0.6_exact-ties_seed3.pcf,dhfma,0,0,602571,145,144,2927164491060594479,20640,23f703aa3bc9,2026-08-28T19:59:44Z,700,437,263,,,,,,,,,,,,,,,,,
campaign_e_out,out_n700_rho0.6_exact-ties_seed3.pcf,dhfma,1,0,489093,145,144,2927164491060594479,20640,23f703aa3bc9,2026-08-28T19:59:44Z,700,437,263,,,,,,,,,,,,,,,,,
campaign_e_out,out_n700_rho0.6_exact-ties_seed3.pcf,dhfma,2,0,473031,145,144,2927164491060594479,20640,23f703aa3bc9,2026-08-28T19:59:44Z,700,437,263,,,,,,,,,,,,,,,,,
campaign_e_out,out_n700_rho0.6_exact-ties_seed4.pcf,dhfma,0,0,623963,130,129,16052532420705435407,20640,23f703aa3bc9,2026-08-28T19:59:44Z,700,412,288,,,,,,,,,,,,,,,,,
campaign_e_out,out_n700_rho0.6_exact-ties_seed4.pcf,dhfma,1,0,511265,130,129,16052532420705435407,20640,23f703aa3bc9,2026-08-28T19:59:44Z,700,412,288,,,,,,,,,,,,,,,,,
campaign_e_out,out_n700_rho0.6_exact-ties_seed4.pcf,dhfma,2,0,493550,130,129,16052532420705435407,20640,23f703aa3bc9,2026-08-28T19:59:44Z,700,412,288,,,,,,,,,,,,,,,,,
campaign_e_out,out_n700_rho0.6_independent-positive_seed0.pcf,dhfma,0,0,652258,451,450,2695864308736182110,20640,23f703aa3bc9,2026-08-28T19:59:44Z,700,442,258,,,,,,,,,,,,,,,,,
campaign_e_out,out_n700_rho0.6_independent-positive_seed0.pcf,dhfma,1,0,551655,451,450,2695864308736182110,20640,23f703aa3bc9,2026-08-28T19:59:44Z,700,442,258,,,,,,,,,,,,,,,,,
campaign_e_out,out_n700_rho0.6_independent-positive_seed0.pcf,dhfma,2,0,526331,451,450,2695864308736182110,20640,23f703aa3bc9,2026-08-28T19:59:44Z,700,442,258,,,,,,,,,,,,,,,,,
campaign_e_out,out_n700_rho0.6_independent-positive_seed1.pcf,dhfma,0,0,549188,493,492,3396212891720092687,20640,23f703aa3bc9,2026-08-28T19:59:44Z,700,436,264,,,,,,,,,,,,,,,,,
campaign_e_out,out_n700_rho0.6_independent-positive_seed1.pcf,dhfma,1,0,491303,493,492,3396212891720092687,20640,23f703aa3bc9,2026-08-28T19:59:44Z,700,436,264,,,,,,,,,,,,,,,,,
campaign_e_out,out_n700_rho0.6_independent-positive_seed1.pcf,dhfma,2,0,474332,493,492,3396212891720092687,20640,23f703aa3bc9,2026-08-28T19:59:44Z,700,436,264,,,,,,,,,,,,,,,,,
campaign_e_out,out_n700_rho0.6_independent-positive_seed2.pcf,dhfma,0,0,514617,498,497,9423276602536548399,20640,23f703aa3bc9,2026-08-28T19:59:44Z,700,417,283,,,,,,,,,,,,,,,,,
campaign_e_out,out_n700_rho0.6_independent-positive_seed2.pcf,dhfma,1,0,474240,498,497,9423276602536548399,20640,23f703aa3bc9,2026-08-28T19:59:44Z,700,417,283,,,,,,,,,,,,,,,,,
campaign_e_out,out_n700_rho0.6_independent-positive_seed2.pcf,dhfma,2,0,455914,498,497,9423276602536548399,20640,23f703aa3bc9,2026-08-28T19:59:44Z,700,417,283,,,,,,,,,,,,,,,,,
campaign_e_out,out_n700_rho0.6_independent-positive_seed3.pcf,dhfma,0,0,594215,489,488,6031765848173945144,20640,23f703aa3bc9,2026-08-28T19:59:44Z,700,426,274,,,,,,,,,,,,,,,,,
campaign_e_out,out_n700_rho0.6_independent-positive_seed3.pcf,dhfma,1,0,532481,489,488,6031765848173945144,20640,23f703aa3bc9,2026-08-28T19:59:44Z,700,426,274,,,,,,,,,,,,,,,,,
campaign_e_out,out_n700_rho0.6_independent-positive_seed3.pcf,dhfma,2,0,530767,489,488,6031765848173945144,20640,23f703aa3bc9,2026-08-28T19:59:44Z,700,426,274,,,,,,,,,,,,,,,,,
campaign_e_out,out_n700_rho0.6_independent-positive_seed4.pcf,dhfma,0,0,607380,488,487,4336255648824296823,20640,23f703aa3bc9,2026-08-28T19:59:44Z,700,414,286,,,,,,,,,,,,,,,,,
campaign_e_out,out_n700_rho0.6_independent-positive_seed4.pcf,dhfma,1,0,552759,488,487,4336255648824296823,20640,23f703aa3bc9,2026-08-28T19:59:44Z,700,414,286,,,,,,,,,,,,,,,,,
campaign_e_out,out_n700_rho0.6_independent-positive_seed4.pcf,dhfma,2,0,546177,488,487,4336255648824296823,20640,23f703aa3bc9,2026-08-28T19:59:44Z,700,414,286,,,,,,,,,,,,,,,,,
campaign_e_out,out_n700_rho0.6_independent-signed_seed0.pcf,dhfma,0,0,576433,461,460,15838252650900891350,20640,23f703aa3bc9,2026-08-28T19:59:44Z,700,442,258,,,,,,,,,,,,,,,,,
campaign_e_out,out_n700_rho0.6_independent-signed_seed0.pcf,dhfma,1,0,525004,461,460,15838252650900891350,20640,23f703aa3bc9,2026-08-28T19:59:44Z,700,442,258,,,,,,,,,,,,,,,,,
campaign_e_out,out_n700_rho0.6_independent-signed_seed0.pcf,dhfma,2,0,506044,461,460,15838252650900891350,20640,23f703aa3bc9,2026-08-28T19:59:44Z,700,442,258,,,,,,,,,,,,,,,,,
campaign_e_out,out_n700_rho0.6_independent-signed_seed1.pcf,dhfma,0,0,523973,499,498,13767203190240856350,20640,23f703aa3bc9,2026-08-28T19:59:44Z,700,436,264,,,,,,,,,,,,,,,,,
campaign_e_out,out_n700_rho0.6_independent-signed_seed1.pcf,dhfma,1,0,494220,499,498,13767203190240856350,20640,23f703aa3bc9,2026-08-28T19:59:44Z,700,436,264,,,,,,,,,,,,,,,,,
campaign_e_out,out_n700_rho0.6_independent-signed_seed1.pcf,dhfma,2,0,462777,499,498,13767203190240856350,20640,23f703aa3bc9,2026-08-28T19:59:44Z,700,436,264,,,,,,,,,,,,,,,,,
campaign_e_out,out_n700_rho0.6_independent-signed_seed2.pcf,dhfma,0,0,518052,486,485,11882607432517857513,20640,23f703aa3bc9,2026-08-28T19:59:44Z,700,417,283,,,,,,,,,,,,,,,,,
campaign_e_out,out_n700_rho0.6_independent-signed_seed2.pcf,dhfma,1,0,488751,486,485,11882607432517857513,20640,23f703aa3bc9,2026-08-28T19:59:44Z,700,417,283,,,,,,,,,,,,,,,,,
campaign_e_out,out_n700_rho0.6_independent-signed_seed2.pcf,dhfma,2,0,465063,486,485,11882607432517857513,20640,23f703aa3bc9,2026-08-28T19:59:44Z,700,417,283,,,,,,,,,,,,,,,,,
campaign_e_out,out_n700_rho0.6_independent-signed_seed3.pcf,dhfma,0,0,605024,505,504,1331630657372629344,20640,23f703aa3bc9,2026-08-28T19:59:44Z,700,426,274,,,,,,,,,,,,,,,,,
campaign_e_out,out_n700_rho0.6_independent-signed_seed3.pcf,dhfma,1,0,552438,505,504,1331630657372629344,20640,23f703aa3bc9,2026-08-28T19:59:44Z,700,426,274,,,,,,,,,,,,,,,,,
campaign_e_out,out_n700_rho0.6_independent-signed_seed3.pcf,dhfma,2,0,537440,505,504,1331630657372629344,20640,23f703aa3bc9,2026-08-28T19:59:44Z,700,426,274,,,,,,,,,,,,,,,,,
campaign_e_out,out_n700_rho0.6_independent-signed_seed4.pcf,dhfma,0,0,565079,482,481,700085873050830105,20640,23f703aa3bc9,2026-08-28T19:59:44Z,700,414,286,,,,,,,,,,,,,,,,,
campaign_e_out,out_n700_rho0.6_independent-signed_seed4.pcf,dhfma,1,0,518415,482,481,700085873050830105,20640,23f703aa3bc9,2026-08-28T19:59:44Z,700,414,286,,,,,,,,,,,,,,,,,
campaign_e_out,out_n700_rho0.6_independent-signed_seed4.pcf,dhfma,2,0,500122,482,481,700085873050830105,20640,23f703aa3bc9,2026-08-28T19:59:44Z,700,414,286,,,,,,,,,,,,,,,,,
campaign_e_out,out_n700_rho0.6_near-ties_seed0.pcf,dhfma,0,0,513224,187,186,2374008423922725572,20640,23f703aa3bc9,2026-08-28T19:59:44Z,700,425,275,,,,,,,,,,,,,,,,,
campaign_e_out,out_n700_rho0.6_near-ties_seed0.pcf,dhfma,1,0,489183,187,186,2374008423922725572,20640,23f703aa3bc9,2026-08-28T19:59:44Z,700,425,275,,,,,,,,,,,,,,,,,
campaign_e_out,out_n700_rho0.6_near-ties_seed0.pcf,dhfma,2,0,465634,187,186,2374008423922725572,20640,23f703aa3bc9,2026-08-28T19:59:44Z,700,425,275,,,,,,,,,,,,,,,,,
campaign_e_out,out_n700_rho0.6_near-ties_seed1.pcf,dhfma,0,0,763441,196,195,6746500704734752518,20640,23f703aa3bc9,2026-08-28T19:59:44Z,700,439,261,,,,,,,,,,,,,,,,,
campaign_e_out,out_n700_rho0.6_near-ties_seed1.pcf,dhfma,1,0,727796,196,195,6746500704734752518,20640,23f703aa3bc9,2026-08-28T19:59:44Z,700,439,261,,,,,,,,,,,,,,,,,
campaign_e_out,out_n700_rho0.6_near-ties_seed1.pcf,dhfma,2,0,749526,196,195,6746500704734752518,20640,23f703aa3bc9,2026-08-28T19:59:44Z,700,439,261,,,,,,,,,,,,,,,,,
campaign_e_out,out_n700_rho0.6_near-ties_seed2.pcf,dhfma,0,0,651088,187,186,17629721673584501061,20640,23f703aa3bc9,2026-08-28T19:59:44Z,700,430,270,,,,,,,,,,,,,,,,,
campaign_e_out,out_n700_rho0.6_near-ties_seed2.pcf,dhfma,1,0,614224,187,186,17629721673584501061,20640,23f703aa3bc9,2026-08-28T19:59:44Z,700,430,270,,,,,,,,,,,,,,,,,
campaign_e_out,out_n700_rho0.6_near-ties_seed2.pcf,dhfma,2,0,668293,187,186,17629721673584501061,20640,23f703aa3bc9,2026-08-28T19:59:44Z,700,430,270,,,,,,,,,,,,,,,,,
campaign_e_out,out_n700_rho0.6_near-ties_seed3.pcf,dhfma,0,0,536732,195,194,13104570618596592173,20640,23f703aa3bc9,2026-08-28T19:59:44Z,700,423,277,,,,,,,,,,,,,,,,,
campaign_e_out,out_n700_rho0.6_near-ties_seed3.pcf,dhfma,1,0,491791,195,194,13104570618596592173,20640,23f703aa3bc9,2026-08-28T19:59:44Z,700,423,277,,,,,,,,,,,,,,,,,
campaign_e_out,out_n700_rho0.6_near-ties_seed3.pcf,dhfma,2,0,489865,195,194,13104570618596592173,20640,23f703aa3bc9,2026-08-28T19:59:44Z,700,423,277,,,,,,,,,,,,,,,,,
campaign_e_out,out_n700_rho0.6_near-ties_seed4.pcf,dhfma,0,0,544943,189,188,17536325769304451852,20640,23f703aa3bc9,2026-08-28T19:59:44Z,700,428,272,,,,,,,,,,,,,,,,,
campaign_e_out,out_n700_rho0.6_near-ties_seed4.pcf,dhfma,1,0,504978,189,188,17536325769304451852,20640,23f703aa3bc9,2026-08-28T19:59:44Z,700,428,272,,,,,,,,,,,,,,,,,
campaign_e_out,out_n700_rho0.6_near-ties_seed4.pcf,dhfma,2,0,490313,189,188,17536325769304451852,20640,23f703aa3bc9,2026-08-28T19:59:44Z,700,428,272,,,,,,,,,,,,,,,,,
campaign_e_out,out_n700_rho1.0_anti-correlated_seed0.pcf,dhfma,0,0,2837955,344,343,7991531423988840316,20640,23f703aa3bc9,2026-08-28T19:59:44Z,700,699,1,,,,,,,,,,,,,,,,,
campaign_e_out,out_n700_rho1.0_anti-correlated_seed0.pcf,dhfma,1,0,2762282,344,343,7991531423988840316,20640,23f703aa3bc9,2026-08-28T19:59:44Z,700,699,1,,,,,,,,,,,,,,,,,
campaign_e_out,out_n700_rho1.0_anti-correlated_seed0.pcf,dhfma,2,0,2743291,344,343,7991531423988840316,20640,23f703aa3bc9,2026-08-28T19:59:44Z,700,699,1,,,,,,,,,,,,,,,,,
campaign_e_out,out_n700_rho1.0_anti-correlated_seed1.pcf,dhfma,0,0,3691825,332,331,1735574950053358434,20640,23f703aa3bc9,2026-08-28T19:59:44Z,700,699,1,,,,,,,,,,,,,,,,,
campaign_e_out,out_n700_rho1.0_anti-correlated_seed1.pcf,dhfma,1,0,3829753,332,331,1735574950053358434,20640,23f703aa3bc9,2026-08-28T19:59:44Z,700,699,1,,,,,,,,,,,,,,,,,
campaign_e_out,out_n700_rho1.0_anti-correlated_seed1.pcf,dhfma,2,0,3591052,332,331,1735574950053358434,20640,23f703aa3bc9,2026-08-28T19:59:44Z,700,699,1,,,,,,,,,,,,,,,,,
campaign_e_out,out_n700_rho1.0_anti-correlated_seed2.pcf,dhfma,0,0,3505770,340,339,11493768224323861696,20640,23f703aa3bc9,2026-08-28T19:59:44Z,700,699,1,,,,,,,,,,,,,,,,,
campaign_e_out,out_n700_rho1.0_anti-correlated_seed2.pcf,dhfma,1,0,3440627,340,339,11493768224323861696,20640,23f703aa3bc9,2026-08-28T19:59:44Z,700,699,1,,,,,,,,,,,,,,,,,
campaign_e_out,out_n700_rho1.0_anti-correlated_seed2.pcf,dhfma,2,0,3405417,340,339,11493768224323861696,20640,23f703aa3bc9,2026-08-28T19:59:44Z,700,699,1,,,,,,,,,,,,,,,,,
campaign_e_out,out_n700_rho1.0_anti-correlated_seed3.pcf,dhfma,0,0,2684190,327,326,15722918854635096170,20800,23f703aa3bc9,2026-08-28T19:59:44Z,700,699,1,,,,,,,,,,,,,,,,,
campaign_e_out,out_n700_rho1.0_anti-correlated_seed3.pcf,dhfma,1,0,2587527,327,326,15722918854635096170,20800,23f703aa3bc9,2026-08-28T19:59:44Z,700,699,1,,,,,,,,,,,,,,,,,
campaign_e_out,out_n700_rho1.0_anti-correlated_seed3.pcf,dhfma,2,0,2560749,327,326,15722918854635096170,20800,23f703aa3bc9,2026-08-28T19:59:44Z,700,699,1,,,,,,,,,,,,,,,,,
campaign_e_out,out_n700_rho1.0_anti-correlated_seed4.pcf,dhfma,0,0,2510031,349,348,12628797274811573806,20800,23f703aa3bc9,2026-08-28T19:59:44Z,700,699,1,,,,,,,,,,,,,,,,,
campaign_e_out,out_n700_rho1.0_anti-correlated_seed4.pcf,dhfma,1,0,2439436,349,348,12628797274811573806,20800,23f703aa3bc9,2026-08-28T19:59:44Z,700,699,1,,,,,,,,,,,,,,,,,
campaign_e_out,out_n700_rho1.0_anti-correlated_seed4.pcf,dhfma,2,0,2392203,349,348,12628797274811573806,20800,23f703aa3bc9,2026-08-28T19:59:44Z,700,699,1,,,,,,,,,,,,,,,,,
campaign_e_out,out_n700_rho1.0_correlated_seed0.pcf,dhfma,0,0,2511579,342,341,14286191064359258226,20800,23f703aa3bc9,2026-08-28T19:59:44Z,700,699,1,,,,,,,,,,,,,,,,,
campaign_e_out,out_n700_rho1.0_correlated_seed0.pcf,dhfma,1,0,2485993,342,341,14286191064359258226,20800,23f703aa3bc9,2026-08-28T19:59:44Z,700,699,1,,,,,,,,,,,,,,,,,
campaign_e_out,out_n700_rho1.0_correlated_seed0.pcf,dhfma,2,0,2422557,342,341,14286191064359258226,20800,23f703aa3bc9,2026-08-28T19:59:44Z,700,699,1,,,,,,,,,,,,,,,,,
campaign_e_out,out_n700_rho1.0_correlated_seed1.pcf,dhfma,0,0,2264915,347,346,7755216724998814211,20800,23f703aa3bc9,2026-08-28T19:59:44Z,700,699,1,,,,,,,,,,,,,,,,,
campaign_e_out,out_n700_rho1.0_correlated_seed1.pcf,dhfma,1,0,2106723,347,346,7755216724998814211,20800,23f703aa3bc9,2026-08-28T19:59:44Z,700,699,1,,,,,,,,,,,,,,,,,
campaign_e_out,out_n700_rho1.0_correlated_seed1.pcf,dhfma,2,0,2086972,347,346,7755216724998814211,20800,23f703aa3bc9,2026-08-28T19:59:44Z,700,699,1,,,,,,,,,,,,,,,,,
campaign_e_out,out_n700_rho1.0_correlated_seed2.pcf,dhfma,0,0,2294731,357,356,14185722912041594863,20800,23f703aa3bc9,2026-08-28T19:59:44Z,700,699,1,,,,,,,,,,,,,,,,,
campaign_e_out,out_n700_rho1.0_correlated_seed2.pcf,dhfma,1,0,2226812,357,356,14185722912041594863,20800,23f703aa3bc9,2026-08-28T19:59:44Z,700,699,1,,,,,,,,,,,,,,,,,
campaign_e_out,out_n700_rho1.0_correlated_seed2.pcf,dhfma,2,0,2197390,357,356,14185722912041594863,20800,23f703aa3bc9,2026-08-28T19:59:44Z,700,699,1,,,,,,,,,,,,,,,,,
campaign_e_out,out_n700_rho1.0_correlated_seed3.pcf,dhfma,0,0,1948712,338,337,9237922353784494621,20800,23f703aa3bc9,2026-08-28T19:59:44Z,700,699,1,,,,,,,,,,,,,,,,,
campaign_e_out,out_n700_rho1.0_correlated_seed3.pcf,dhfma,1,0,1870777,338,337,9237922353784494621,20800,23f703aa3bc9,2026-08-28T19:59:44Z,700,699,1,,,,,,,,,,,,,,,,,
campaign_e_out,out_n700_rho1.0_correlated_seed3.pcf,dhfma,2,0,1874073,338,337,9237922353784494621,20800,23f703aa3bc9,2026-08-28T19:59:44Z,700,699,1,,,,,,,,,,,,,,,,,
campaign_e_out,out_n700_rho1.0_correlated_seed4.pcf,dhfma,0,0,3233292,352,351,596957979814543449,20800,23f703aa3bc9,2026-08-28T19:59:44Z,700,699,1,,,,,,,,,,,,,,,,,
campaign_e_out,out_n700_rho1.0_correlated_seed4.pcf,dhfma,1,0,3095262,352,351,596957979814543449,20800,23f703aa3bc9,2026-08-28T19:59:44Z,700,699,1,,,,,,,,,,,,,,,,,
campaign_e_out,out_n700_rho1.0_correlated_seed4.pcf,dhfma,2,0,3072355,352,351,596957979814543449,20800,23f703aa3bc9,2026-08-28T19:59:44Z,700,699,1,,,,,,,,,,,,,,,,,
campaign_e_out,out_n700_rho1.0_exact-ties_seed0.pcf,dhfma,0,0,3678725,143,142,15687627443940032619,20800,23f703aa3bc9,2026-08-28T19:59:44Z,700,699,1,,,,,,,,,,,,,,,,,
campaign_e_out,out_n700_rho1.0_exact-ties_seed0.pcf,dhfma,1,0,3631372,143,142,15687627443940032619,20800,23f703aa3bc9,2026-08-28T19:59:44Z,700,699,1,,,,,,,,,,,,,,,,,
campaign_e_out,out_n700_rho1.0_exact-ties_seed0.pcf,dhfma,2,0,3613547,143,142,15687627443940032619,20800,23f703aa3bc9,2026-08-28T19:59:44Z,700,699,1,,,,,,,,,,,,,,,,,
campaign_e_out,out_n700_rho1.0_exact-ties_seed1.pcf,dhfma,0,0,3027872,150,149,18221422458161817133,20800,23f703aa3bc9,2026-08-28T19:59:44Z,700,699,1,,,,,,,,,,,,,,,,,
campaign_e_out,out_n700_rho1.0_exact-ties_seed1.pcf,dhfma,1,0,2951816,150,149,18221422458161817133,20800,23f703aa3bc9,2026-08-28T19:59:44Z,700,699,1,,,,,,,,,,,,,,,,,
campaign_e_out,out_n700_rho1.0_exact-ties_seed1.pcf,dhfma,2,0,2955486,150,149,18221422458161817133,20800,23f703aa3bc9,2026-08-28T19:59:44Z,700,699,1,,,,,,,,,,,,,,,,,
campaign_e_out,out_n700_rho1.0_exact-ties_seed2.pcf,dhfma,0,0,3759106,126,125,13546115177814115399,20800,23f703aa3bc9,2026-08-28T19:59:44Z,700,699,1,,,,,,,,,,,,,,,,,
campaign_e_out,out_n700_rho1.0_exact-ties_seed2.pcf,dhfma,1,0,3668888,126,125,13546115177814115399,20800,23f703aa3bc9,2026-08-28T19:59:44Z,700,699,1,,,,,,,,,,,,,,,,,
campaign_e_out,out_n700_rho1.0_exact-ties_seed2.pcf,dhfma,2,0,3705001,126,125,13546115177814115399,20800,23f703aa3bc9,2026-08-28T19:59:44Z,700,699,1,,,,,,,,,,,,,,,,,
campaign_e_out,out_n700_rho1.0_exact-ties_seed3.pcf,dhfma,0,0,2323736,144,143,8959965819366985021,20800,23f703aa3bc9,2026-08-28T19:59:44Z,700,699,1,,,,,,,,,,,,,,,,,
campaign_e_out,out_n700_rho1.0_exact-ties_seed3.pcf,dhfma,1,0,2226512,144,143,8959965819366985021,20800,23f703aa3bc9,2026-08-28T19:59:44Z,700,699,1,,,,,,,,,,,,,,,,,
campaign_e_out,out_n700_rho1.0_exact-ties_seed3.pcf,dhfma,2,0,2218969,144,143,8959965819366985021,20800,23f703aa3bc9,2026-08-28T19:59:44Z,700,699,1,,,,,,,,,,,,,,,,,
campaign_e_out,out_n700_rho1.0_exact-ties_seed4.pcf,dhfma,0,0,3496782,142,141,12243400541185863240,20800,23f703aa3bc9,2026-08-28T19:59:44Z,700,699,1,,,,,,,,,,,,,,,,,
campaign_e_out,out_n700_rho1.0_exact-ties_seed4.pcf,dhfma,1,0,3403777,142,141,12243400541185863240,20800,23f703aa3bc9,2026-08-28T19:59:44Z,700,699,1,,,,,,,,,,,,,,,,,
campaign_e_out,out_n700_rho1.0_exact-ties_seed4.pcf,dhfma,2,0,3399725,142,141,12243400541185863240,20800,23f703aa3bc9,2026-08-28T19:59:44Z,700,699,1,,,,,,,,,,,,,,,,,
campaign_e_out,out_n700_rho1.0_independent-positive_seed0.pcf,dhfma,0,0,2230411,339,338,3829594235228745512,20800,23f703aa3bc9,2026-08-28T19:59:44Z,700,699,1,,,,,,,,,,,,,,,,,
campaign_e_out,out_n700_rho1.0_independent-positive_seed0.pcf,dhfma,1,0,2235309,339,338,3829594235228745512,20800,23f703aa3bc9,2026-08-28T19:59:44Z,700,699,1,,,,,,,,,,,,,,,,,
campaign_e_out,out_n700_rho1.0_independent-positive_seed0.pcf,dhfma,2,0,2181488,339,338,3829594235228745512,20800,23f703aa3bc9,2026-08-28T19:59:44Z,700,699,1,,,,,,,,,,,,,,,,,
campaign_e_out,out_n700_rho1.0_independent-positive_seed1.pcf,dhfma,0,0,3033409,333,332,5454511087314590486,20800,23f703aa3bc9,2026-08-28T19:59:44Z,700,699,1,,,,,,,,,,,,,,,,,
campaign_e_out,out_n700_rho1.0_independent-positive_seed1.pcf,dhfma,1,0,2958088,333,332,5454511087314590486,20800,23f703aa3bc9,2026-08-28T19:59:44Z,700,699,1,,,,,,,,,,,,,,,,,
campaign_e_out,out_n700_rho1.0_independent-positive_seed1.pcf,dhfma,2,0,2975194,333,332,5454511087314590486,20800,23f703aa3bc9,2026-08-28T19:59:44Z,700,699,1,,,,,,,,,,,,,,,,,
campaign_e_out,out_n700_rho1.0_independent-positive_seed2.pcf,dhfma,0,0,3651037,346,345,14886904208926933021,20800,23f703aa3bc9,2026-08-28T19:59:44Z,700,699,1,,,,,,,,,,,,,,,,,
campaign_e_out,out_n700_rho1.0_independent-positive_seed2.pcf,dhfma,1,0,3553652,346,345,14886904208926933021,20800,23f703aa3bc9,2026-08-28T19:59:44Z,700,699,1,,,,,,,,,,,,,,,,,
campaign_e_out,out_n700_rho1.0_independent-positive_seed2.pcf,dhfma,2,0,3561294,346,345,14886904208926933021,20800,23f703aa3bc9,2026-08-28T19:59:44Z,700,699,1,,,,,,,,,,,,,,,,,
campaign_e_out,out_n700_rho1.0_independent-positive_seed3.pcf,dhfma,0,0,2971728,347,346,6297599584062280953,20800,23f703aa3bc9,2026-08-28T19:59:44Z,700,699,1,,,,,,,,,,,,,,,,,
campaign_e_out,out_n700_rho1.0_independent-positive_seed3.pcf,dhfma,1,0,2887551,347,346,6297599584062280953,20800,23f703aa3bc9,2026-08-28T19:59:44Z,700,699,1,,,,,,,,,,,,,,,,,
campaign_e_out,out_n700_rho1.0_independent-positive_seed3.pcf,dhfma,2,0,2898196,347,346,6297599584062280953,20800,23f703aa3bc9,2026-08-28T19:59:44Z,700,699,1,,,,,,,,,,,,,,,,,
campaign_e_out,out_n700_rho1.0_independent-positive_seed4.pcf,dhfma,0,0,3188822,364,363,13876009786028564270,20800,23f703aa3bc9,2026-08-28T19:59:44Z,700,699,1,,,,,,,,,,,,,,,,,
campaign_e_out,out_n700_rho1.0_independent-positive_seed4.pcf,dhfma,1,0,3038617,364,363,13876009786028564270,20800,23f703aa3bc9,2026-08-28T19:59:44Z,700,699,1,,,,,,,,,,,,,,,,,
campaign_e_out,out_n700_rho1.0_independent-positive_seed4.pcf,dhfma,2,0,3036257,364,363,13876009786028564270,20800,23f703aa3bc9,2026-08-28T19:59:44Z,700,699,1,,,,,,,,,,,,,,,,,
campaign_e_out,out_n700_rho1.0_independent-signed_seed0.pcf,dhfma,0,0,2132218,337,336,3881950799917537822,20800,23f703aa3bc9,2026-08-28T19:59:44Z,700,699,1,,,,,,,,,,,,,,,,,
campaign_e_out,out_n700_rho1.0_independent-signed_seed0.pcf,dhfma,1,0,2038354,337,336,3881950799917537822,20800,23f703aa3bc9,2026-08-28T19:59:44Z,700,699,1,,,,,,,,,,,,,,,,,
campaign_e_out,out_n700_rho1.0_independent-signed_seed0.pcf,dhfma,2,0,2013574,337,336,3881950799917537822,20800,23f703aa3bc9,2026-08-28T19:59:44Z,700,699,1,,,,,,,,,,,,,,,,,
campaign_e_out,out_n700_rho1.0_independent-signed_seed1.pcf,dhfma,0,0,2887683,351,350,5166707938539560448,20800,23f703aa3bc9,2026-08-28T19:59:44Z,700,699,1,,,,,,,,,,,,,,,,,
campaign_e_out,out_n700_rho1.0_independent-signed_seed1.pcf,dhfma,1,0,2804101,351,350,5166707938539560448,20800,23f703aa3bc9,2026-08-28T19:59:44Z,700,699,1,,,,,,,,,,,,,,,,,
campaign_e_out,out_n700_rho1.0_independent-signed_seed1.pcf,dhfma,2,0,2785471,351,350,5166707938539560448,20800,23f703aa3bc9,2026-08-28T19:59:44Z,700,699,1,,,,,,,,,,,,,,,,,
campaign_e_out,out_n700_rho1.0_independent-signed_seed2.pcf,dhfma,0,0,2830472,362,361,13572962872479873335,20960,23f703aa3bc9,2026-08-28T19:59:44Z,700,699,1,,,,,,,,,,,,,,,,,
campaign_e_out,out_n700_rho1.0_independent-signed_seed2.pcf,dhfma,1,0,2744166,362,361,13572962872479873335,20960,23f703aa3bc9,2026-08-28T19:59:44Z,700,699,1,,,,,,,,,,,,,,,,,
campaign_e_out,out_n700_rho1.0_independent-signed_seed2.pcf,dhfma,2,0,2750264,362,361,13572962872479873335,20960,23f703aa3bc9,2026-08-28T19:59:44Z,700,699,1,,,,,,,,,,,,,,,,,
campaign_e_out,out_n700_rho1.0_independent-signed_seed3.pcf,dhfma,0,0,2408687,345,344,17106091267596519462,20960,23f703aa3bc9,2026-08-28T19:59:44Z,700,699,1,,,,,,,,,,,,,,,,,
campaign_e_out,out_n700_rho1.0_independent-signed_seed3.pcf,dhfma,1,0,2297916,345,344,17106091267596519462,20960,23f703aa3bc9,2026-08-28T19:59:44Z,700,699,1,,,,,,,,,,,,,,,,,
campaign_e_out,out_n700_rho1.0_independent-signed_seed3.pcf,dhfma,2,0,2333735,345,344,17106091267596519462,20960,23f703aa3bc9,2026-08-28T19:59:44Z,700,699,1,,,,,,,,,,,,,,,,,
campaign_e_out,out_n700_rho1.0_independent-signed_seed4.pcf,dhfma,0,0,2728891,376,375,8011566578323965301,20960,23f703aa3bc9,2026-08-28T19:59:44Z,700,699,1,,,,,,,,,,,,,,,,,
campaign_e_out,out_n700_rho1.0_independent-signed_seed4.pcf,dhfma,1,0,2657772,376,375,8011566578323965301,20960,23f703aa3bc9,2026-08-28T19:59:44Z,700,699,1,,,,,,,,,,,,,,,,,
campaign_e_out,out_n700_rho1.0_independent-signed_seed4.pcf,dhfma,2,0,2648158,376,375,8011566578323965301,20960,23f703aa3bc9,2026-08-28T19:59:44Z,700,699,1,,,,,,,,,,,,,,,,,
campaign_e_out,out_n700_rho1.0_near-ties_seed0.pcf,dhfma,0,0,2525605,150,149,2017548528366378096,20960,23f703aa3bc9,2026-08-28T19:59:44Z,700,699,1,,,,,,,,,,,,,,,,,
campaign_e_out,out_n700_rho1.0_near-ties_seed0.pcf,dhfma,1,0,2435876,150,149,2017548528366378096,20960,23f703aa3bc9,2026-08-28T19:59:44Z,700,699,1,,,,,,,,,,,,,,,,,
campaign_e_out,out_n700_rho1.0_near-ties_seed0.pcf,dhfma,2,0,2413861,150,149,2017548528366378096,20960,23f703aa3bc9,2026-08-28T19:59:44Z,700,699,1,,,,,,,,,,,,,,,,,
campaign_e_out,out_n700_rho1.0_near-ties_seed1.pcf,dhfma,0,0,2130322,167,166,12009090788821128775,20960,23f703aa3bc9,2026-08-28T19:59:44Z,700,699,1,,,,,,,,,,,,,,,,,
campaign_e_out,out_n700_rho1.0_near-ties_seed1.pcf,dhfma,1,0,2000997,167,166,12009090788821128775,20960,23f703aa3bc9,2026-08-28T19:59:44Z,700,699,1,,,,,,,,,,,,,,,,,
campaign_e_out,out_n700_rho1.0_near-ties_seed1.pcf,dhfma,2,0,1987612,167,166,12009090788821128775,20960,23f703aa3bc9,2026-08-28T19:59:44Z,700,699,1,,,,,,,,,,,,,,,,,
campaign_e_out,out_n700_rho1.0_near-ties_seed2.pcf,dhfma,0,0,2250285,182,181,3652542794995189146,20960,23f703aa3bc9,2026-08-28T19:59:44Z,700,699,1,,,,,,,,,,,,,,,,,
campaign_e_out,out_n700_rho1.0_near-ties_seed2.pcf,dhfma,1,0,2212721,182,181,3652542794995189146,20960,23f703aa3bc9,2026-08-28T19:59:44Z,700,699,1,,,,,,,,,,,,,,,,,
campaign_e_out,out_n700_rho1.0_near-ties_seed2.pcf,dhfma,2,0,2189155,182,181,3652542794995189146,20960,23f703aa3bc9,2026-08-28T19:59:44Z,700,699,1,,,,,,,,,,,,,,,,,
campaign_e_out,out_n700_rho1.0_near-ties_seed3.pcf,dhfma,0,0,2904940,159,158,11488045052990804467,20960,23f703aa3bc9,2026-08-28T19:59:44Z,700,699,1,,,,,,,,,,,,,,,,,
campaign_e_out,out_n700_rho1.0_near-ties_seed3.pcf,dhfma,1,0,2850239,159,158,11488045052990804467,20960,23f703aa3bc9,2026-08-28T19:59:44Z,700,699,1,,,,,,,,,,,,,,,,,
campaign_e_out,out_n700_rho1.0_near-ties_seed3.pcf,dhfma,2,0,2844770,159,158,11488045052990804467,20960,23f703aa3bc9,2026-08-28T19:59:44Z,700,699,1,,,,,,,,,,,,,,,,,
campaign_e_out,out_n700_rho1.0_near-ties_seed4.pcf,dhfma,0,0,2594158,161,160,6116543129473312263,20960,23f703aa3bc9,2026-08-28T19:59:44Z,700,699,1,,,,,,,,,,,,,,,,,
campaign_e_out,out_n700_rho1.0_near-ties_seed4.pcf,dhfma,1,0,2527351,161,160,6116543129473312263,20960,23f703aa3bc9,2026-08-28T19:59:44Z,700,699,1,,,,,,,,,,,,,,,,,
campaign_e_out,out_n700_rho1.0_near-ties_seed4.pcf,dhfma,2,0,2514278,161,160,6116543129473312263,20960,23f703aa3bc9,2026-08-28T19:59:44Z,700,699,1,,,,,,,,,,,,,,,,,
campaign_e_out,out_n80000_rho0.6_anti-correlated_seed0.pcf,dhfma,0,0,103662158,46223,46222,14009879152550941862,32016,23f703aa3bc9,2026-08-28T19:59:44Z,80000,48044,31956,,,,,,,,,,,,,,,,,
campaign_e_out,out_n80000_rho0.6_anti-correlated_seed0.pcf,dhfma,1,0,100477541,46223,46222,14009879152550941862,34108,23f703aa3bc9,2026-08-28T19:59:44Z,80000,48044,31956,,,,,,,,,,,,,,,,,
campaign_e_out,out_n80000_rho0.6_anti-correlated_seed0.pcf,dhfma,2,0,102317301,46223,46222,14009879152550941862,34108,23f703aa3bc9,2026-08-28T19:59:45Z,80000,48044,31956,,,,,,,,,,,,,,,,,
campaign_e_out,out_n80000_rho0.6_anti-correlated_seed1.pcf,dhfma,0,0,101574033,46191,46190,13402872180632286788,31704,23f703aa3bc9,2026-08-28T19:59:45Z,80000,48166,31834,,,,,,,,,,,,,,,,,
campaign_e_out,out_n80000_rho0.6_anti-correlated_seed1.pcf,dhfma,1,0,101514991,46191,46190,13402872180632286788,32548,23f703aa3bc9,2026-08-28T19:59:45Z,80000,48166,31834,,,,,,,,,,,,,,,,,
campaign_e_out,out_n80000_rho0.6_anti-correlated_seed1.pcf,dhfma,2,0,110136174,46191,46190,13402872180632286788,33192,23f703aa3bc9,2026-08-28T19:59:45Z,80000,48166,31834,,,,,,,,,,,,,,,,,
campaign_e_out,out_n80000_rho0.6_anti-correlated_seed2.pcf,dhfma,0,0,102897899,46212,46211,10016863948240994058,31756,23f703aa3bc9,2026-08-28T19:59:45Z,80000,47934,32066,,,,,,,,,,,,,,,,,
campaign_e_out,out_n80000_rho0.6_anti-correlated_seed2.pcf,dhfma,1,0,99120521,46212,46211,10016863948240994058,32664,23f703aa3bc9,2026-08-28T19:59:45Z,80000,47934,32066,,,,,,,,,,,,,,,,,
campaign_e_out,out_n80000_rho0.6_anti-correlated_seed2.pcf,dhfma,2,0,99958186,46212,46211,10016863948240994058,32848,23f703aa3bc9,2026-08-28T19:59:45Z,80000,47934,32066,,,,,,,,,,,,,,,,,
campaign_e_out,out_n80000_rho0.6_anti-correlated_seed3.pcf,dhfma,0,0,103255309,46325,46324,4028802467008005133,31820,23f703aa3bc9,2026-08-28T19:59:45Z,80000,47911,32089,,,,,,,,,,,,,,,,,
campaign_e_out,out_n80000_rho0.6_anti-correlated_seed3.pcf,dhfma,1,0,100266838,46325,46324,4028802467008005133,32696,23f703aa3bc9,2026-08-28T19:59:45Z,80000,47911,32089,,,,,,,,,,,,,,,,,
campaign_e_out,out_n80000_rho0.6_anti-correlated_seed3.pcf,dhfma,2,0,100548784,46325,46324,4028802467008005133,33696,23f703aa3bc9,2026-08-28T19:59:46Z,80000,47911,32089,,,,,,,,,,,,,,,,,
campaign_e_out,out_n80000_rho0.6_anti-correlated_seed4.pcf,dhfma,0,0,105822387,46080,46079,16988586295157578446,31708,23f703aa3bc9,2026-08-28T19:59:46Z,80000,47912,32088,,,,,,,,,,,,,,,,,
campaign_e_out,out_n80000_rho0.6_anti-correlated_seed4.pcf,dhfma,1,0,103082616,46080,46079,16988586295157578446,33120,23f703aa3bc9,2026-08-28T19:59:46Z,80000,47912,32088,,,,,,,,,,,,,,,,,
campaign_e_out,out_n80000_rho0.6_anti-correlated_seed4.pcf,dhfma,2,0,100675408,46080,46079,16988586295157578446,34400,23f703aa3bc9,2026-08-28T19:59:46Z,80000,47912,32088,,,,,,,,,,,,,,,,,
campaign_e_out,out_n80000_rho0.6_correlated_seed0.pcf,dhfma,0,0,101388514,35194,35193,296938778537344775,30580,23f703aa3bc9,2026-08-28T19:59:46Z,80000,48044,31956,,,,,,,,,,,,,,,,,
campaign_e_out,out_n80000_rho0.6_correlated_seed0.pcf,dhfma,1,0,97399141,35194,35193,296938778537344775,31648,23f703aa3bc9,2026-08-28T19:59:46Z,80000,48044,31956,,,,,,,,,,,,,,,,,
campaign_e_out,out_n80000_rho0.6_correlated_seed0.pcf,dhfma,2,0,100236561,35194,35193,296938778537344775,31648,23f703aa3bc9,2026-08-28T19:59:46Z,80000,48044,31956,,,,,,,,,,,,,,,,,
campaign_e_out,out_n80000_rho0.6_correlated_seed1.pcf,dhfma,0,0,99585189,35380,35379,8457224128915603045,29948,23f703aa3bc9,2026-08-28T19:59:46Z,80000,48166,31834,,,,,,,,,,,,,,,,,
campaign_e_out,out_n80000_rho0.6_correlated_seed1.pcf,dhfma,1,0,96335999,35380,35379,8457224128915603045,31040,23f703aa3bc9,2026-08-28T19:59:46Z,80000,48166,31834,,,,,,,,,,,,,,,,,
campaign_e_out,out_n80000_rho0.6_correlated_seed1.pcf,dhfma,2,0,97787425,35380,35379,8457224128915603045,31040,23f703aa3bc9,2026-08-28T19:59:47Z,80000,48166,31834,,,,,,,,,,,,,,,,,
campaign_e_out,out_n80000_rho0.6_correlated_seed2.pcf,dhfma,0,0,99597154,35169,35168,5352216789287448638,29672,23f703aa3bc9,2026-08-28T19:59:47Z,80000,47934,32066,,,,,,,,,,,,,,,,,
campaign_e_out,out_n80000_rho0.6_correlated_seed2.pcf,dhfma,1,0,96889290,35169,35168,5352216789287448638,31068,23f703aa3bc9,2026-08-28T19:59:47Z,80000,47934,32066,,,,,,,,,,,,,,,,,
campaign_e_out,out_n80000_rho0.6_correlated_seed2.pcf,dhfma,2,0,98040295,35169,35168,5352216789287448638,31068,23f703aa3bc9,2026-08-28T19:59:47Z,80000,47934,32066,,,,,,,,,,,,,,,,,
campaign_e_out,out_n80000_rho0.6_correlated_seed3.pcf,dhfma,0,0,101177267,35397,35396,10239021737050934592,29904,23f703aa3bc9,2026-08-28T19:59:47Z,80000,47911,32089,,,,,,,,,,,,,,,,,
campaign_e_out,out_n80000_rho0.6_correlated_seed3.pcf,dhfma,1,0,98348943,35397,35396,10239021737050934592,30932,23f703aa3bc9,2026-08-28T19:59:47Z,80000,47911,32089,,,,,,,,,,,,,,,,,
campaign_e_out,out_n80000_rho0.6_correlated_seed3.pcf,dhfma,2,0,99295007,35397,35396,10239021737050934592,31252,23f703aa3bc9,2026-08-28T19:59:47Z,80000,47911,32089,,,,,,,,,,,,,,,,,
campaign_e_out,out_n80000_rho0.6_correlated_seed4.pcf,dhfma,0,0,101950273,35253,35252,11615827118367024067,30108,23f703aa3bc9,2026-08-28T19:59:47Z,80000,47912,32088,,,,,,,,,,,,,,,,,
campaign_e_out,out_n80000_rho0.6_correlated_seed4.pcf,dhfma,1,0,99412565,35253,35252,11615827118367024067,30868,23f703aa3bc9,2026-08-28T19:59:47Z,80000,47912,32088,,,,,,,,,,,,,,,,,
campaign_e_out,out_n80000_rho0.6_correlated_seed4.pcf,dhfma,2,0,99582658,35253,35252,11615827118367024067,30972,23f703aa3bc9,2026-08-28T19:59:48Z,80000,47912,32088,,,,,,,,,,,,,,,,,
campaign_e_out,out_n80000_rho0.6_exact-ties_seed0.pcf,dhfma,0,0,88317245,12130,12129,12876566237372251291,25200,23f703aa3bc9,2026-08-28T19:59:48Z,80000,48125,31875,,,,,,,,,,,,,,,,,
campaign_e_out,out_n80000_rho0.6_exact-ties_seed0.pcf,dhfma,1,0,87037822,12130,12129,12876566237372251291,27512,23f703aa3bc9,2026-08-28T19:59:48Z,80000,48125,31875,,,,,,,,,,,,,,,,,
campaign_e_out,out_n80000_rho0.6_exact-ties_seed0.pcf,dhfma,2,0,88486505,12130,12129,12876566237372251291,27852,23f703aa3bc9,2026-08-28T19:59:48Z,80000,48125,31875,,,,,,,,,,,,,,,,,
campaign_e_out,out_n80000_rho0.6_exact-ties_seed1.pcf,dhfma,0,0,94559164,12084,12083,2648993477442890418,25184,23f703aa3bc9,2026-08-28T19:59:48Z,80000,48007,31993,,,,,,,,,,,,,,,,,
campaign_e_out,out_n80000_rho0.6_exact-ties_seed1.pcf,dhfma,1,0,93222742,12084,12083,2648993477442890418,28144,23f703aa3bc9,2026-08-28T19:59:48Z,80000,48007,31993,,,,,,,,,,,,,,,,,
campaign_e_out,out_n80000_rho0.6_exact-ties_seed1.pcf,dhfma,2,0,93761121,12084,12083,2648993477442890418,28428,23f703aa3bc9,2026-08-28T19:59:48Z,80000,48007,31993,,,,,,,,,,,,,,,,,
campaign_e_out,out_n80000_rho0.6_exact-ties_seed2.pcf,dhfma,0,0,89389832,12169,12168,4402938165989015374,25192,23f703aa3bc9,2026-08-28T19:59:48Z,80000,47932,32068,,,,,,,,,,,,,,,,,
campaign_e_out,out_n80000_rho0.6_exact-ties_seed2.pcf,dhfma,1,0,87739249,12169,12168,4402938165989015374,27508,23f703aa3bc9,2026-08-28T19:59:48Z,80000,47932,32068,,,,,,,,,,,,,,,,,
campaign_e_out,out_n80000_rho0.6_exact-ties_seed2.pcf,dhfma,2,0,89087751,12169,12168,4402938165989015374,27848,23f703aa3bc9,2026-08-28T19:59:48Z,80000,47932,32068,,,,,,,,,,,,,,,,,
campaign_e_out,out_n80000_rho0.6_exact-ties_seed3.pcf,dhfma,0,0,92846216,12229,12228,17207793537987325544,25516,23f703aa3bc9,2026-08-28T19:59:49Z,80000,48001,31999,,,,,,,,,,,,,,,,,
campaign_e_out,out_n80000_rho0.6_exact-ties_seed3.pcf,dhfma,1,0,91261726,12229,12228,17207793537987325544,28352,23f703aa3bc9,2026-08-28T19:59:49Z,80000,48001,31999,,,,,,,,,,,,,,,,,
campaign_e_out,out_n80000_rho0.6_exact-ties_seed3.pcf,dhfma,2,0,92597298,12229,12228,17207793537987325544,28760,23f703aa3bc9,2026-08-28T19:59:49Z,80000,48001,31999,,,,,,,,,,,,,,,,,
campaign_e_out,out_n80000_rho0.6_exact-ties_seed4.pcf,dhfma,0,0,91213505,12054,12053,17303407949099780216,25832,23f703aa3bc9,2026-08-28T19:59:49Z,80000,48000,32000,,,,,,,,,,,,,,,,,
campaign_e_out,out_n80000_rho0.6_exact-ties_seed4.pcf,dhfma,1,0,89521067,12054,12053,17303407949099780216,28304,23f703aa3bc9,2026-08-28T19:59:49Z,80000,48000,32000,,,,,,,,,,,,,,,,,
campaign_e_out,out_n80000_rho0.6_exact-ties_seed4.pcf,dhfma,2,0,90201264,12054,12053,17303407949099780216,28520,23f703aa3bc9,2026-08-28T19:59:49Z,80000,48000,32000,,,,,,,,,,,,,,,,,
campaign_e_out,out_n80000_rho0.6_independent-positive_seed0.pcf,dhfma,0,0,108407051,51469,51468,15331247052400385732,33768,23f703aa3bc9,2026-08-28T19:59:49Z,80000,47961,32039,,,,,,,,,,,,,,,,,
campaign_e_out,out_n80000_rho0.6_independent-positive_seed0.pcf,dhfma,1,0,104617301,51469,51468,15331247052400385732,34284,23f703aa3bc9,2026-08-28T19:59:49Z,80000,47961,32039,,,,,,,,,,,,,,,,,
campaign_e_out,out_n80000_rho0.6_independent-positive_seed0.pcf,dhfma,2,0,106773294,51469,51468,15331247052400385732,34696,23f703aa3bc9,2026-08-28T19:59:49Z,80000,47961,32039,,,,,,,,,,,,,,,,,
campaign_e_out,out_n80000_rho0.6_independent-positive_seed1.pcf,dhfma,0,0,103419789,51315,51314,14889986314334944813,33040,23f703aa3bc9,2026-08-28T19:59:49Z,80000,48038,31962,,,,,,,,,,,,,,,,,
campaign_e_out,out_n80000_rho0.6_independent-positive_seed1.pcf,dhfma,1,0,99564054,51315,51314,14889986314334944813,34336,23f703aa3bc9,2026-08-28T19:59:50Z,80000,48038,31962,,,,,,,,,,,,,,,,,
campaign_e_out,out_n80000_rho0.6_independent-positive_seed1.pcf,dhfma,2,0,101314872,51315,51314,14889986314334944813,34864,23f703aa3bc9,2026-08-28T19:59:50Z,80000,48038,31962,,,,,,,,,,,,,,,,,
campaign_e_out,out_n80000_rho0.6_independent-positive_seed2.pcf,dhfma,0,0,100739587,51355,51354,10664750624381563301,32748,23f703aa3bc9,2026-08-28T19:59:50Z,80000,47964,32036,,,,,,,,,,,,,,,,,
campaign_e_out,out_n80000_rho0.6_independent-positive_seed2.pcf,dhfma,1,0,96692136,51355,51354,10664750624381563301,33568,23f703aa3bc9,2026-08-28T19:59:50Z,80000,47964,32036,,,,,,,,,,,,,,,,,
campaign_e_out,out_n80000_rho0.6_independent-positive_seed2.pcf,dhfma,2,0,98333316,51355,51354,10664750624381563301,34728,23f703aa3bc9,2026-08-28T19:59:50Z,80000,47964,32036,,,,,,,,,,,,,,,,,
campaign_e_out,out_n80000_rho0.6_independent-positive_seed3.pcf,dhfma,0,0,98487007,51626,51625,11260019658211146415,32812,23f703aa3bc9,2026-08-28T19:59:50Z,80000,47991,32009,,,,,,,,,,,,,,,,,
campaign_e_out,out_n80000_rho0.6_independent-positive_seed3.pcf,dhfma,1,0,95127234,51626,51625,11260019658211146415,33988,23f703aa3bc9,2026-08-28T19:59:50Z,80000,47991,32009,,,,,,,,,,,,,,,,,
campaign_e_out,out_n80000_rho0.6_independent-positive_seed3.pcf,dhfma,2,0,95023692,51626,51625,11260019658211146415,34036,23f703aa3bc9,2026-08-28T19:59:50Z,80000,47991,32009,,,,,,,,,,,,,,,,,
campaign_e_out,out_n80000_rho0.6_independent-positive_seed4.pcf,dhfma,0,0,101266350,51578,51577,3340266053629475388,32816,23f703aa3bc9,2026-08-28T19:59:50Z,80000,48067,31933,,,,,,,,,,,,,,,,,
campaign_e_out,out_n80000_rho0.6_independent-positive_seed4.pcf,dhfma,1,0,97257999,51578,51577,3340266053629475388,33028,23f703aa3bc9,2026-08-28T19:59:51Z,80000,48067,31933,,,,,,,,,,,,,,,,,
campaign_e_out,out_n80000_rho0.6_independent-positive_seed4.pcf,dhfma,2,0,97878932,51578,51577,3340266053629475388,33384,23f703aa3bc9,2026-08-28T19:59:51Z,80000,48067,31933,,,,,,,,,,,,,,,,,
campaign_e_out,out_n80000_rho0.6_independent-signed_seed0.pcf,dhfma,0,0,107296699,53225,53224,7932812916153475565,33776,23f703aa3bc9,2026-08-28T19:59:51Z,80000,47967,32033,,,,,,,,,,,,,,,,,
campaign_e_out,out_n80000_rho0.6_independent-signed_seed0.pcf,dhfma,1,0,103382405,53225,53224,7932812916153475565,35616,23f703aa3bc9,2026-08-28T19:59:51Z,80000,47967,32033,,,,,,,,,,,,,,,,,
campaign_e_out,out_n80000_rho0.6_independent-signed_seed0.pcf,dhfma,2,0,105272310,53225,53224,7932812916153475565,35616,23f703aa3bc9,2026-08-28T19:59:51Z,80000,47967,32033,,,,,,,,,,,,,,,,,
campaign_e_out,out_n80000_rho0.6_independent-signed_seed1.pcf,dhfma,0,0,101756525,53218,53217,10491331390853290084,32980,23f703aa3bc9,2026-08-28T19:59:51Z,80000,48043,31957,,,,,,,,,,,,,,,,,
campaign_e_out,out_n80000_rho0.6_independent-signed_seed1.pcf,dhfma,1,0,97798994,53218,53217,10491331390853290084,34504,23f703aa3bc9,2026-08-28T19:59:51Z,80000,48043,31957,,,,,,,,,,,,,,,,,
campaign_e_out,out_n80000_rho0.6_independent-signed_seed1.pcf,dhfma,2,0,98998533,53218,53217,10491331390853290084,34968,23f703aa3bc9,2026-08-28T19:59:51Z,80000,48043,31957,,,,,,,,,,,,,,,,,
campaign_e_out,out_n80000_rho0.6_independent-signed_seed2.pcf,dhfma,0,0,99258077,53061,53060,11089085094325001919,32948,23f703aa3bc9,2026-08-28T19:59:51Z,80000,47952,32048,,,,,,,,,,,,,,,,,
campaign_e_out,out_n80000_rho0.6_independent-signed_seed2.pcf,dhfma,1,0,95143140,53061,53060,11089085094325001919,34224,23f703aa3bc9,2026-08-28T19:59:52Z,80000,47952,32048,,,,,,,,,,,,,,,,,
campaign_e_out,out_n80000_rho0.6_independent-signed_seed2.pcf,dhfma,2,0,96765980,53061,53060,11089085094325001919,34224,23f703aa3bc9,2026-08-28T19:59:52Z,80000,47952,32048,,,,,,,,,,,,,,,,,
campaign_e_out,out_n80000_rho0.6_independent-signed_seed3.pcf,dhfma,0,0,100117297,53407,53406,5147362341747846698,33200,23f703aa3bc9,2026-08-28T19:59:52Z,80000,48002,31998,,,,,,,,,,,,,,,,,
campaign_e_out,out_n80000_rho0.6_independent-signed_seed3.pcf,dhfma,1,0,95968002,53407,53406,5147362341747846698,33464,23f703aa3bc9,2026-08-28T19:59:52Z,80000,48002,31998,,,,,,,,,,,,,,,,,
campaign_e_out,out_n80000_rho0.6_independent-signed_seed3.pcf,dhfma,2,0,96064174,53407,53406,5147362341747846698,33572,23f703aa3bc9,2026-08-28T19:59:52Z,80000,48002,31998,,,,,,,,,,,,,,,,,
campaign_e_out,out_n80000_rho0.6_independent-signed_seed4.pcf,dhfma,0,0,101759543,53292,53291,11596942410940169961,33356,23f703aa3bc9,2026-08-28T19:59:52Z,80000,48046,31954,,,,,,,,,,,,,,,,,
campaign_e_out,out_n80000_rho0.6_independent-signed_seed4.pcf,dhfma,1,0,97502766,53292,53291,11596942410940169961,33444,23f703aa3bc9,2026-08-28T19:59:52Z,80000,48046,31954,,,,,,,,,,,,,,,,,
campaign_e_out,out_n80000_rho0.6_independent-signed_seed4.pcf,dhfma,2,0,99324060,53292,53291,11596942410940169961,34588,23f703aa3bc9,2026-08-28T19:59:52Z,80000,48046,31954,,,,,,,,,,,,,,,,,
campaign_e_out,out_n80000_rho0.6_near-ties_seed0.pcf,dhfma,0,0,93835203,1388,1387,7047736910833147863,25520,23f703aa3bc9,2026-08-28T19:59:52Z,80000,48210,31790,,,,,,,,,,,,,,,,,
campaign_e_out,out_n80000_rho0.6_near-ties_seed0.pcf,dhfma,1,0,92938789,1388,1387,7047736910833147863,28236,23f703aa3bc9,2026-08-28T19:59:52Z,80000,48210,31790,,,,,,,,,,,,,,,,,
campaign_e_out,out_n80000_rho0.6_near-ties_seed0.pcf,dhfma,2,0,92291685,1388,1387,7047736910833147863,28796,23f703aa3bc9,2026-08-28T19:59:53Z,80000,48210,31790,,,,,,,,,,,,,,,,,
campaign_e_out,out_n80000_rho0.6_near-ties_seed1.pcf,dhfma,0,0,89233690,1381,1380,8187700621542528815,25852,23f703aa3bc9,2026-08-28T19:59:53Z,80000,48200,31800,,,,,,,,,,,,,,,,,
campaign_e_out,out_n80000_rho0.6_near-ties_seed1.pcf,dhfma,1,0,88386233,1381,1380,8187700621542528815,28080,23f703aa3bc9,2026-08-28T19:59:53Z,80000,48200,31800,,,,,,,,,,,,,,,,,
campaign_e_out,out_n80000_rho0.6_near-ties_seed1.pcf,dhfma,2,0,88393041,1381,1380,8187700621542528815,28748,23f703aa3bc9,2026-08-28T19:59:53Z,80000,48200,31800,,,,,,,,,,,,,,,,,
campaign_e_out,out_n80000_rho0.6_near-ties_seed2.pcf,dhfma,0,0,91978117,1363,1362,1110232240101087174,24876,23f703aa3bc9,2026-08-28T19:59:53Z,80000,47927,32073,,,,,,,,,,,,,,,,,
campaign_e_out,out_n80000_rho0.6_near-ties_seed2.pcf,dhfma,1,0,90955381,1363,1362,1110232240101087174,27448,23f703aa3bc9,2026-08-28T19:59:53Z,80000,47927,32073,,,,,,,,,,,,,,,,,
campaign_e_out,out_n80000_rho0.6_near-ties_seed2.pcf,dhfma,2,0,91256179,1363,1362,1110232240101087174,27608,23f703aa3bc9,2026-08-28T19:59:53Z,80000,47927,32073,,,,,,,,,,,,,,,,,
campaign_e_out,out_n80000_rho0.6_near-ties_seed3.pcf,dhfma,0,0,92804677,1374,1373,10491550269265545506,25192,23f703aa3bc9,2026-08-28T19:59:53Z,80000,47946,32054,,,,,,,,,,,,,,,,,
campaign_e_out,out_n80000_rho0.6_near-ties_seed3.pcf,dhfma,1,0,92101262,1374,1373,10491550269265545506,27524,23f703aa3bc9,2026-08-28T19:59:53Z,80000,47946,32054,,,,,,,,,,,,,,,,,
campaign_e_out,out_n80000_rho0.6_near-ties_seed3.pcf,dhfma,2,0,92011518,1374,1373,10491550269265545506,27592,23f703aa3bc9,2026-08-28T19:59:53Z,80000,47946,32054,,,,,,,,,,,,,,,,,
campaign_e_out,out_n80000_rho0.6_near-ties_seed4.pcf,dhfma,0,0,93241025,1347,1346,16844385912216183100,25184,23f703aa3bc9,2026-08-28T19:59:54Z,80000,47858,32142,,,,,,,,,,,,,,,,,
campaign_e_out,out_n80000_rho0.6_near-ties_seed4.pcf,dhfma,1,0,92398009,1347,1346,16844385912216183100,27604,23f703aa3bc9,2026-08-28T19:59:54Z,80000,47858,32142,,,,,,,,,,,,,,,,,
campaign_e_out,out_n80000_rho0.6_near-ties_seed4.pcf,dhfma,2,0,92636309,1347,1346,16844385912216183100,27604,23f703aa3bc9,2026-08-28T19:59:54Z,80000,47858,32142,,,,,,,,,,,,,,,,,
campaign_e_out,out_n80000_rho1.0_anti-correlated_seed0.pcf,dhfma,0,0,1849366293,34886,34885,17479329982690881722,216412,23f703aa3bc9,2026-08-28T19:59:56Z,80000,79999,1,,,,,,,,,,,,,,,,,
campaign_e_out,out_n80000_rho1.0_anti-correlated_seed0.pcf,dhfma,1,0,1842457270,34886,34885,17479329982690881722,264328,23f703aa3bc9,2026-08-28T19:59:58Z,80000,79999,1,,,,,,,,,,,,,,,,,
campaign_e_out,out_n80000_rho1.0_anti-correlated_seed0.pcf,dhfma,2,0,1840666468,34886,34885,17479329982690881722,264328,23f703aa3bc9,2026-08-28T19:59:59Z,80000,79999,1,,,,,,,,,,,,,,,,,
campaign_e_out,out_n80000_rho1.0_anti-correlated_seed1.pcf,dhfma,0,0,1529715307,34977,34976,13474226330525646616,117976,23f703aa3bc9,2026-08-28T20:00:01Z,80000,79999,1,,,,,,,,,,,,,,,,,
campaign_e_out,out_n80000_rho1.0_anti-correlated_seed1.pcf,dhfma,1,0,1515888579,34977,34976,13474226330525646616,165320,23f703aa3bc9,2026-08-28T20:00:02Z,80000,79999,1,,,,,,,,,,,,,,,,,
campaign_e_out,out_n80000_rho1.0_anti-correlated_seed1.pcf,dhfma,2,0,1527840674,34977,34976,13474226330525646616,165516,23f703aa3bc9,2026-08-28T20:00:04Z,80000,79999,1,,,,,,,,,,,,,,,,,
campaign_e_out,out_n80000_rho1.0_anti-correlated_seed2.pcf,dhfma,0,0,1463221338,34804,34803,9116974078388518566,118288,23f703aa3bc9,2026-08-28T20:00:05Z,80000,79999,1,,,,,,,,,,,,,,,,,
campaign_e_out,out_n80000_rho1.0_anti-correlated_seed2.pcf,dhfma,1,0,1451872582,34804,34803,9116974078388518566,165488,23f703aa3bc9,2026-08-28T20:00:07Z,80000,79999,1,,,,,,,,,,,,,,,,,
campaign_e_out,out_n80000_rho1.0_anti-correlated_seed2.pcf,dhfma,2,0,1454067075,34804,34803,9116974078388518566,166208,23f703aa3bc9,2026-08-28T20:00:08Z,80000,79999,1,,,,,,,,,,,,,,,,,
campaign_e_out,out_n80000_rho1.0_anti-correlated_seed3.pcf,dhfma,0,0,1451670574,34860,34859,14347562301935615866,118396,23f703aa3bc9,2026-08-28T20:00:10Z,80000,79999,1,,,,,,,,,,,,,,,,,
campaign_e_out,out_n80000_rho1.0_anti-correlated_seed3.pcf,dhfma,1,0,1435561435,34860,34859,14347562301935615866,166296,23f703aa3bc9,2026-08-28T20:00:11Z,80000,79999,1,,,,,,,,,,,,,,,,,
campaign_e_out,out_n80000_rho1.0_anti-correlated_seed3.pcf,dhfma,2,0,1432258212,34860,34859,14347562301935615866,166296,23f703aa3bc9,2026-08-28T20:00:13Z,80000,79999,1,,,,,,,,,,,,,,,,,
campaign_e_out,out_n80000_rho1.0_anti-correlated_seed4.pcf,dhfma,0,0,1736640719,34819,34818,991797460943906842,125032,23f703aa3bc9,2026-08-28T20:00:15Z,80000,79999,1,,,,,,,,,,,,,,,,,
campaign_e_out,out_n80000_rho1.0_anti-correlated_seed4.pcf,dhfma,1,0,1688074040,34819,34818,991797460943906842,166208,23f703aa3bc9,2026-08-28T20:00:16Z,80000,79999,1,,,,,,,,,,,,,,,,,
campaign_e_out,out_n80000_rho1.0_anti-correlated_seed4.pcf,dhfma,2,0,1689942057,34819,34818,991797460943906842,166208,23f703aa3bc9,2026-08-28T20:00:18Z,80000,79999,1,,,,,,,,,,,,,,,,,
campaign_e_out,out_n80000_rho1.0_correlated_seed0.pcf,dhfma,0,0,1486058606,28317,28316,17829358504141759009,117976,23f703aa3bc9,2026-08-28T20:00:19Z,80000,79999,1,,,,,,,,,,,,,,,,,
campaign_e_out,out_n80000_rho1.0_correlated_seed0.pcf,dhfma,1,0,1496444188,28317,28316,17829358504141759009,165488,23f703aa3bc9,2026-08-28T20:00:21Z,80000,79999,1,,,,,,,,,,,,,,,,,
campaign_e_out,out_n80000_rho1.0_correlated_seed0.pcf,dhfma,2,0,1481824171,28317,28316,17829358504141759009,165764,23f703aa3bc9,2026-08-28T20:00:22Z,80000,79999,1,,,,,,,,,,,,,,,,,
campaign_e_out,out_n80000_rho1.0_correlated_seed1.pcf,dhfma,0,0,1465134863,28181,28180,5966176245572039034,118076,23f703aa3bc9,2026-08-28T20:00:24Z,80000,79999,1,,,,,,,,,,,,,,,,,
campaign_e_out,out_n80000_rho1.0_correlated_seed1.pcf,dhfma,1,0,1459191652,28181,28180,5966176245572039034,165000,23f703aa3bc9,2026-08-28T20:00:25Z,80000,79999,1,,,,,,,,,,,,,,,,,
campaign_e_out,out_n80000_rho1.0_correlated_seed1.pcf,dhfma,2,0,1458767422,28181,28180,5966176245572039034,165120,23f703aa3bc9,2026-08-28T20:00:27Z,80000,79999,1,,,,,,,,,,,,,,,,,
campaign_e_out,out_n80000_rho1.0_correlated_seed2.pcf,dhfma,0,0,1471381325,28251,28250,14332284775099626213,118392,23f703aa3bc9,2026-08-28T20:00:28Z,80000,79999,1,,,,,,,,,,,,,,,,,
campaign_e_out,out_n80000_rho1.0_correlated_seed2.pcf,dhfma,1,0,1466803505,28251,28250,14332284775099626213,165284,23f703aa3bc9,2026-08-28T20:00:30Z,80000,79999,1,,,,,,,,,,,,,,,,,
campaign_e_out,out_n80000_rho1.0_correlated_seed2.pcf,dhfma,2,0,1468577893,28251,28250,14332284775099626213,165676,23f703aa3bc9,2026-08-28T20:00:31Z,80000,79999,1,,,,,,,,,,,,,,,,,
campaign_e_out,out_n80000_rho1.0_correlated_seed3.pcf,dhfma,0,0,1344269455,28356,28355,5174128050731273712,118296,23f703aa3bc9,2026-08-28T20:00:33Z,80000,79999,1,,,,,,,,,,,,,,,,,
campaign_e_out,out_n80000_rho1.0_correlated_seed3.pcf,dhfma,1,0,1343178747,28356,28355,5174128050731273712,165612,23f703aa3bc9,2026-08-28T20:00:34Z,80000,79999,1,,,,,,,,,,,,,,,,,
campaign_e_out,out_n80000_rho1.0_correlated_seed3.pcf,dhfma,2,0,1342919565,28356,28355,5174128050731273712,165996,23f703aa3bc9,2026-08-28T20:00:35Z,80000,79999,1,,,,,,,,,,,,,,,,,
campaign_e_out,out_n80000_rho1.0_correlated_seed4.pcf,dhfma,0,0,1420793795,28396,28395,5255994588125690968,117964,23f703aa3bc9,2026-08-28T20:00:37Z,80000,79999,1,,,,,,,,,,,,,,,,,
campaign_e_out,out_n80000_rho1.0_correlated_seed4.pcf,dhfma,1,0,1421876679,28396,28395,5255994588125690968,165016,23f703aa3bc9,2026-08-28T20:00:38Z,80000,79999,1,,,,,,,,,,,,,,,,,
campaign_e_out,out_n80000_rho1.0_correlated_seed4.pcf,dhfma,2,0,1419856568,28396,28395,5255994588125690968,165036,23f703aa3bc9,2026-08-28T20:00:40Z,80000,79999,1,,,,,,,,,,,,,,,,,
campaign_e_out,out_n80000_rho1.0_exact-ties_seed0.pcf,dhfma,0,0,1503346950,13307,13306,8542306953392435717,118396,23f703aa3bc9,2026-08-28T20:00:41Z,80000,79999,1,,,,,,,,,,,,,,,,,
campaign_e_out,out_n80000_rho1.0_exact-ties_seed0.pcf,dhfma,1,0,1501357930,13307,13306,8542306953392435717,165776,23f703aa3bc9,2026-08-28T20:00:43Z,80000,79999,1,,,,,,,,,,,,,,,,,
campaign_e_out,out_n80000_rho1.0_exact-ties_seed0.pcf,dhfma,2,0,1516128547,13307,13306,8542306953392435717,166092,23f703aa3bc9,2026-08-28T20:00:44Z,80000,79999,1,,,,,,,,,,,,,,,,,
campaign_e_out,out_n80000_rho1.0_exact-ties_seed1.pcf,dhfma,0,0,1899808495,13166,13165,17240578776843093017,216316,23f703aa3bc9,2026-08-28T20:00:46Z,80000,79999,1,,,,,,,,,,,,,,,,,
campaign_e_out,out_n80000_rho1.0_exact-ties_seed1.pcf,dhfma,1,0,1899341445,13166,13165,17240578776843093017,264076,23f703aa3bc9,2026-08-28T20:00:48Z,80000,79999,1,,,,,,,,,,,,,,,,,
campaign_e_out,out_n80000_rho1.0_exact-ties_seed1.pcf,dhfma,2,0,1896838784,13166,13165,17240578776843093017,264364,23f703aa3bc9,2026-08-28T20:00:50Z,80000,79999,1,,,,,,,,,,,,,,,,,
campaign_e_out,out_n80000_rho1.0_exact-ties_seed2.pcf,dhfma,0,0,1797332868,13165,13164,5877794111386608641,216252,23f703aa3bc9,2026-08-28T20:00:52Z,80000,79999,1,,,,,,,,,,,,,,,,,
campaign_e_out,out_n80000_rho1.0_exact-ties_seed2.pcf,dhfma,1,0,1792476798,13165,13164,5877794111386608641,263676,23f703aa3bc9,2026-08-28T20:00:54Z,80000,79999,1,,,,,,,,,,,,,,,,,
campaign_e_out,out_n80000_rho1.0_exact-ties_seed2.pcf,dhfma,2,0,1791907502,13165,13164,5877794111386608641,264064,23f703aa3bc9,2026-08-28T20:00:55Z,80000,79999,1,,,,,,,,,,,,,,,,,
campaign_e_out,out_n80000_rho1.0_exact-ties_seed3.pcf,dhfma,0,0,1776374753,13336,13335,9990283569444548976,216884,23f703aa3bc9,2026-08-28T20:00:57Z,80000,79999,1,,,,,,,,,,,,,,,,,
campaign_e_out,out_n80000_rho1.0_exact-ties_seed3.pcf,dhfma,1,0,1774540533,13336,13335,9990283569444548976,265004,23f703aa3bc9,2026-08-28T20:00:59Z,80000,79999,1,,,,,,,,,,,,,,,,,
campaign_e_out,out_n80000_rho1.0_exact-ties_seed3.pcf,dhfma,2,0,1782099969,13336,13335,9990283569444548976,265004,23f703aa3bc9,2026-08-28T20:01:01Z,80000,79999,1,,,,,,,,,,,,,,,,,
campaign_e_out,out_n80000_rho1.0_exact-ties_seed4.pcf,dhfma,0,0,1396552418,13190,13189,7234278247917189608,118800,23f703aa3bc9,2026-08-28T20:01:02Z,80000,79999,1,,,,,,,,,,,,,,,,,
campaign_e_out,out_n80000_rho1.0_exact-ties_seed4.pcf,dhfma,1,0,1397171660,13190,13189,7234278247917189608,165684,23f703aa3bc9,2026-08-28T20:01:04Z,80000,79999,1,,,,,,,,,,,,,,,,,
campaign_e_out,out_n80000_rho1.0_exact-ties_seed4.pcf,dhfma,2,0,1401369046,13190,13189,7234278247917189608,166408,23f703aa3bc9,2026-08-28T20:01:05Z,80000,79999,1,,,,,,,,,,,,,,,,,
campaign_e_out,out_n80000_rho1.0_independent-positive_seed0.pcf,dhfma,0,0,1910797031,38126,38125,8382934731011057752,216308,23f703aa3bc9,2026-08-28T20:01:07Z,80000,79999,1,,,,,,,,,,,,,,,,,
campaign_e_out,out_n80000_rho1.0_independent-positive_seed0.pcf,dhfma,1,0,1905081189,38126,38125,8382934731011057752,264992,23f703aa3bc9,2026-08-28T20:01:09Z,80000,79999,1,,,,,,,,,,,,,,,,,
campaign_e_out,out_n80000_rho1.0_independent-positive_seed0.pcf,dhfma,2,0,1902114323,38126,38125,8382934731011057752,265000,23f703aa3bc9,2026-08-28T20:01:11Z,80000,79999,1,,,,,,,,,,,,,,,,,
campaign_e_out,out_n80000_rho1.0_independent-positive_seed1.pcf,dhfma,0,0,1545087202,37961,37960,7020541087632890597,118392,23f703aa3bc9,2026-08-28T20:01:12Z,80000,79999,1,,,,,,,,,,,,,,,,,
campaign_e_out,out_n80000_rho1.0_independent-positive_seed1.pcf,dhfma,1,0,1541621479,37961,37960,7020541087632890597,166380,23f703aa3bc9,2026-08-28T20:01:14Z,80000,79999,1,,,,,,,,,,,,,,,,,
campaign_e_out,out_n80000_rho1.0_independent-positive_seed1.pcf,dhfma,2,0,1538230202,37961,37960,7020541087632890597,166412,23f703aa3bc9,2026-08-28T20:01:15Z,80000,79999,1,,,,,,,,,,,,,,,,,
campaign_e_out,out_n80000_rho1.0_independent-positive_seed2.pcf,dhfma,0,0,1733816808,38046,38045,4415832283020528968,216728,23f703aa3bc9,2026-08-28T20:01:17Z,80000,79999,1,,,,,,,,,,,,,,,,,
campaign_e_out,out_n80000_rho1.0_independent-positive_seed2.pcf,dhfma,1,0,1730502654,38046,38045,4415832283020528968,264652,23f703aa3bc9,2026-08-28T20:01:19Z,80000,79999,1,,,,,,,,,,,,,,,,,
campaign_e_out,out_n80000_rho1.0_independent-positive_seed2.pcf,dhfma,2,0,1731070353,38046,38045,4415832283020528968,264652,23f703aa3bc9,2026-08-28T20:01:21Z,80000,79999,1,,,,,,,,,,,,,,,,,
campaign_e_out,out_n80000_rho1.0_independent-positive_seed3.pcf,dhfma,0,0,1586281858,37873,37872,11789601219216372820,120508,23f703aa3bc9,2026-08-28T20:01:22Z,80000,79999,1,,,,,,,,,,,,,,,,,
campaign_e_out,out_n80000_rho1.0_independent-positive_seed3.pcf,dhfma,1,0,1570329583,37873,37872,11789601219216372820,166448,23f703aa3bc9,2026-08-28T20:01:24Z,80000,79999,1,,,,,,,,,,,,,,,,,
campaign_e_out,out_n80000_rho1.0_independent-positive_seed3.pcf,dhfma,2,0,1578405760,37873,37872,11789601219216372820,166964,23f703aa3bc9,2026-08-28T20:01:25Z,80000,79999,1,,,,,,,,,,,,,,,,,
campaign_e_out,out_n80000_rho1.0_independent-positive_seed4.pcf,dhfma,0,0,1545300166,38076,38075,4083674359479583031,117988,23f703aa3bc9,2026-08-28T20:01:27Z,80000,79999,1,,,,,,,,,,,,,,,,,
campaign_e_out,out_n80000_rho1.0_independent-positive_seed4.pcf,dhfma,1,0,1540325434,38076,38075,4083674359479583031,166440,23f703aa3bc9,2026-08-28T20:01:29Z,80000,79999,1,,,,,,,,,,,,,,,,,
campaign_e_out,out_n80000_rho1.0_independent-positive_seed4.pcf,dhfma,2,0,1541861434,38076,38075,4083674359479583031,166556,23f703aa3bc9,2026-08-28T20:01:30Z,80000,79999,1,,,,,,,,,,,,,,,,,
campaign_e_out,out_n80000_rho1.0_independent-signed_seed0.pcf,dhfma,0,0,1285099558,39054,39053,17858485974817952130,117916,23f703aa3bc9,2026-08-28T20:01:31Z,80000,79999,1,,,,,,,,,,,,,,,,,
campaign_e_out,out_n80000_rho1.0_independent-signed_seed0.pcf,dhfma,1,0,1281961279,39054,39053,17858485974817952130,166432,23f703aa3bc9,2026-08-28T20:01:33Z,80000,79999,1,,,,,,,,,,,,,,,,,
campaign_e_out,out_n80000_rho1.0_independent-signed_seed0.pcf,dhfma,2,0,1275804946,39054,39053,17858485974817952130,167240,23f703aa3bc9,2026-08-28T20:01:34Z,80000,79999,1,,,,,,,,,,,,,,,,,
campaign_e_out,out_n80000_rho1.0_independent-signed_seed1.pcf,dhfma,0,0,1546242831,39034,39033,8240950473114394935,118496,23f703aa3bc9,2026-08-28T20:01:36Z,80000,79999,1,,,,,,,,,,,,,,,,,
campaign_e_out,out_n80000_rho1.0_independent-signed_seed1.pcf,dhfma,1,0,1544462752,39034,39033,8240950473114394935,166348,23f703aa3bc9,2026-08-28T20:01:37Z,80000,79999,1,,,,,,,,,,,,,,,,,
campaign_e_out,out_n80000_rho1.0_independent-signed_seed1.pcf,dhfma,2,0,1546494811,39034,39033,8240950473114394935,166348,23f703aa3bc9,2026-08-28T20:01:39Z,80000,79999,1,,,,,,,,,,,,,,,,,
campaign_e_out,out_n80000_rho1.0_independent-signed_seed2.pcf,dhfma,0,0,1341524651,39129,39128,7303495811956048863,118232,23f703aa3bc9,2026-08-28T20:01:40Z,80000,79999,1,,,,,,,,,,,,,,,,,
campaign_e_out,out_n80000_rho1.0_independent-signed_seed2.pcf,dhfma,1,0,1337100463,39129,39128,7303495811956048863,166628,23f703aa3bc9,2026-08-28T20:01:41Z,80000,79999,1,,,,,,,,,,,,,,,,,
campaign_e_out,out_n80000_rho1.0_independent-signed_seed2.pcf,dhfma,2,0,1337801443,39129,39128,7303495811956048863,166628,23f703aa3bc9,2026-08-28T20:01:43Z,80000,79999,1,,,,,,,,,,,,,,,,,
campaign_e_out,out_n80000_rho1.0_independent-signed_seed3.pcf,dhfma,0,0,1397832607,39131,39130,8292554761407855179,118288,23f703aa3bc9,2026-08-28T20:01:44Z,80000,79999,1,,,,,,,,,,,,,,,,,
campaign_e_out,out_n80000_rho1.0_independent-signed_seed3.pcf,dhfma,1,0,1380283830,39131,39130,8292554761407855179,165252,23f703aa3bc9,2026-08-28T20:01:46Z,80000,79999,1,,,,,,,,,,,,,,,,,
campaign_e_out,out_n80000_rho1.0_independent-signed_seed3.pcf,dhfma,2,0,1383731687,39131,39130,8292554761407855179,166060,23f703aa3bc9,2026-08-28T20:01:47Z,80000,79999,1,,,,,,,,,,,,,,,,,
campaign_e_out,out_n80000_rho1.0_independent-signed_seed4.pcf,dhfma,0,0,1389885291,39288,39287,15786475115870752121,118388,23f703aa3bc9,2026-08-28T20:01:48Z,80000,79999,1,,,,,,,,,,,,,,,,,
campaign_e_out,out_n80000_rho1.0_independent-signed_seed4.pcf,dhfma,1,0,1388678819,39288,39287,15786475115870752121,166232,23f703aa3bc9,2026-08-28T20:01:50Z,80000,79999,1,,,,,,,,,,,,,,,,,
campaign_e_out,out_n80000_rho1.0_independent-signed_seed4.pcf,dhfma,2,0,1389329787,39288,39287,15786475115870752121,166232,23f703aa3bc9,2026-08-28T20:01:51Z,80000,79999,1,,,,,,,,,,,,,,,,,
campaign_e_out,out_n80000_rho1.0_near-ties_seed0.pcf,dhfma,0,0,1211776091,1942,1941,2044035110101339580,118396,23f703aa3bc9,2026-08-28T20:01:52Z,80000,79999,1,,,,,,,,,,,,,,,,,
campaign_e_out,out_n80000_rho1.0_near-ties_seed0.pcf,dhfma,1,0,1214611964,1942,1941,2044035110101339580,165808,23f703aa3bc9,2026-08-28T20:01:54Z,80000,79999,1,,,,,,,,,,,,,,,,,
campaign_e_out,out_n80000_rho1.0_near-ties_seed0.pcf,dhfma,2,0,1215351555,1942,1941,2044035110101339580,165864,23f703aa3bc9,2026-08-28T20:01:55Z,80000,79999,1,,,,,,,,,,,,,,,,,
campaign_e_out,out_n80000_rho1.0_near-ties_seed1.pcf,dhfma,0,0,1899710470,1929,1928,16873505346069262335,216100,23f703aa3bc9,2026-08-28T20:01:57Z,80000,79999,1,,,,,,,,,,,,,,,,,
campaign_e_out,out_n80000_rho1.0_near-ties_seed1.pcf,dhfma,1,0,1901509564,1929,1928,16873505346069262335,263696,23f703aa3bc9,2026-08-28T20:01:59Z,80000,79999,1,,,,,,,,,,,,,,,,,
campaign_e_out,out_n80000_rho1.0_near-ties_seed1.pcf,dhfma,2,0,1907257960,1929,1928,16873505346069262335,263700,23f703aa3bc9,2026-08-28T20:02:01Z,80000,79999,1,,,,,,,,,,,,,,,,,
campaign_e_out,out_n80000_rho1.0_near-ties_seed2.pcf,dhfma,0,0,1479263483,1947,1946,15879083058439550399,119320,23f703aa3bc9,2026-08-28T20:02:02Z,80000,79999,1,,,,,,,,,,,,,,,,,
campaign_e_out,out_n80000_rho1.0_near-ties_seed2.pcf,dhfma,1,0,1479374459,1947,1946,15879083058439550399,166412,23f703aa3bc9,2026-08-28T20:02:04Z,80000,79999,1,,,,,,,,,,,,,,,,,
campaign_e_out,out_n80000_rho1.0_near-ties_seed2.pcf,dhfma,2,0,1483166036,1947,1946,15879083058439550399,166920,23f703aa3bc9,2026-08-28T20:02:05Z,80000,79999,1,,,,,,,,,,,,,,,,,
campaign_e_out,out_n80000_rho1.0_near-ties_seed3.pcf,dhfma,0,0,1234327818,1963,1962,15867898669024285076,117980,23f703aa3bc9,2026-08-28T20:02:06Z,80000,79999,1,,,,,,,,,,,,,,,,,
campaign_e_out,out_n80000_rho1.0_near-ties_seed3.pcf,dhfma,1,0,1238325037,1963,1962,15867898669024285076,165856,23f703aa3bc9,2026-08-28T20:02:08Z,80000,79999,1,,,,,,,,,,,,,,,,,
campaign_e_out,out_n80000_rho1.0_near-ties_seed3.pcf,dhfma,2,0,1234686806,1963,1962,15867898669024285076,165856,23f703aa3bc9,2026-08-28T20:02:09Z,80000,79999,1,,,,,,,,,,,,,,,,,
campaign_e_out,out_n80000_rho1.0_near-ties_seed4.pcf,dhfma,0,0,1216667667,1939,1938,17296600111570481892,117984,23f703aa3bc9,2026-08-28T20:02:10Z,80000,79999,1,,,,,,,,,,,,,,,,,
campaign_e_out,out_n80000_rho1.0_near-ties_seed4.pcf,dhfma,1,0,1247510324,1939,1938,17296600111570481892,165496,23f703aa3bc9,2026-08-28T20:02:11Z,80000,79999,1,,,,,,,,,,,,,,,,,
campaign_e_out,out_n80000_rho1.0_near-ties_seed4.pcf,dhfma,2,0,1219442502,1939,1938,17296600111570481892,165496,23f703aa3bc9,2026-08-28T20:02:13Z,80000,79999,1,,,,,,,,,,,,,,,,,
campaign_e_out,out_n800_rho0.6_anti-correlated_seed0.pcf,dhfma,0,0,683381,585,584,17168951660224359343,21440,23f703aa3bc9,2026-08-28T20:02:13Z,800,471,329,,,,,,,,,,,,,,,,,
campaign_e_out,out_n800_rho0.6_anti-correlated_seed0.pcf,dhfma,1,0,606388,585,584,17168951660224359343,21440,23f703aa3bc9,2026-08-28T20:02:13Z,800,471,329,,,,,,,,,,,,,,,,,
campaign_e_out,out_n800_rho0.6_anti-correlated_seed0.pcf,dhfma,2,0,614881,585,584,17168951660224359343,21440,23f703aa3bc9,2026-08-28T20:02:13Z,800,471,329,,,,,,,,,,,,,,,,,
campaign_e_out,out_n800_rho0.6_anti-correlated_seed1.pcf,dhfma,0,0,650078,534,533,6406069839006783579,21440,23f703aa3bc9,2026-08-28T20:02:13Z,800,493,307,,,,,,,,,,,,,,,,,
campaign_e_out,out_n800_rho0.6_anti-correlated_seed1.pcf,dhfma,1,0,620374,534,533,6406069839006783579,21440,23f703aa3bc9,2026-08-28T20:02:13Z,800,493,307,,,,,,,,,,,,,,,,,
campaign_e_out,out_n800_rho0.6_anti-correlated_seed1.pcf,dhfma,2,0,641747,534,533,6406069839006783579,21440,23f703aa3bc9,2026-08-28T20:02:13Z,800,493,307,,,,,,,,,,,,,,,,,
campaign_e_out,out_n800_rho0.6_anti-correlated_seed2.pcf,dhfma,0,0,664514,573,572,2391475317339770926,21440,23f703aa3bc9,2026-08-28T20:02:13Z,800,491,309,,,,,,,,,,,,,,,,,
campaign_e_out,out_n800_rho0.6_anti-correlated_seed2.pcf,dhfma,1,0,603933,573,572,2391475317339770926,21440,23f703aa3bc9,2026-08-28T20:02:13Z,800,491,309,,,,,,,,,,,,,,,,,
campaign_e_out,out_n800_rho0.6_anti-correlated_seed2.pcf,dhfma,2,0,584640,573,572,2391475317339770926,21440,23f703aa3bc9,2026-08-28T20:02:13Z,800,491,309,,,,,,,,,,,,,,,,,
campaign_e_out,out_n800_rho0.6_anti-correlated_seed3.pcf,dhfma,0,0,558610,573,572,16575306575185725661,21440,23f703aa3bc9,2026-08-28T20:02:13Z,800,472,328,,,,,,,,,,,,,,,,,
campaign_e_out,out_n800_rho0.6_anti-correlated_seed3.pcf,dhfma,1,0,500731,573,572,16575306575185725661,21440,23f703aa3bc9,2026-08-28T20:02:13Z,800,472,328,,,,,,,,,,,,,,,,,
campaign_e_out,out_n800_rho0.6_anti-correlated_seed3.pcf,dhfma,2,0,491391,573,572,16575306575185725661,21440,23f703aa3bc9,2026-08-28T20:02:13Z,800,472,328,,,,,,,,,,,,,,,,,
campaign_e_out,out_n800_rho0.6_anti-correlated_seed4.pcf,dhfma,0,0,613170,528,527,6014571824905596876,21440,23f703aa3bc9,2026-08-28T20:02:13Z,800,491,309,,,,,,,,,,,,,,,,,
campaign_e_out,out_n800_rho0.6_anti-correlated_seed4.pcf,dhfma,1,0,563482,528,527,6014571824905596876,21440,23f703aa3bc9,2026-08-28T20:02:13Z,800,491,309,,,,,,,,,,,,,,,,,
campaign_e_out,out_n800_rho0.6_anti-correlated_seed4.pcf,dhfma,2,0,551066,528,527,6014571824905596876,21440,23f703aa3bc9,2026-08-28T20:02:13Z,800,491,309,,,,,,,,,,,,,,,,,
campaign_e_out,out_n800_rho0.6_correlated_seed0.pcf,dhfma,0,0,606698,554,553,12502837041160727678,21440,23f703aa3bc9,2026-08-28T20:02:13Z,800,471,329,,,,,,,,,,,,,,,,,
campaign_e_out,out_n800_rho0.6_correlated_seed0.pcf,dhfma,1,0,558596,554,553,12502837041160727678,21440,23f703aa3bc9,2026-08-28T20:02:13Z,800,471,329,,,,,,,,,,,,,,,,,
campaign_e_out,out_n800_rho0.6_correlated_seed0.pcf,dhfma,2,0,559567,554,553,12502837041160727678,21440,23f703aa3bc9,2026-08-28T20:02:13Z,800,471,329,,,,,,,,,,,,,,,,,
campaign_e_out,out_n800_rho0.6_correlated_seed1.pcf,dhfma,0,0,708526,538,537,3779911171480902534,21440,23f703aa3bc9,2026-08-28T20:02:13Z,800,493,307,,,,,,,,,,,,,,,,,
campaign_e_out,out_n800_rho0.6_correlated_seed1.pcf,dhfma,1,0,581927,538,537,3779911171480902534,21440,23f703aa3bc9,2026-08-28T20:02:13Z,800,493,307,,,,,,,,,,,,,,,,,
campaign_e_out,out_n800_rho0.6_correlated_seed1.pcf,dhfma,2,0,567015,538,537,3779911171480902534,21440,23f703aa3bc9,2026-08-28T20:02:13Z,800,493,307,,,,,,,,,,,,,,,,,
campaign_e_out,out_n800_rho0.6_correlated_seed2.pcf,dhfma,0,0,714015,536,535,15464350695118470370,21440,23f703aa3bc9,2026-08-28T20:02:13Z,800,491,309,,,,,,,,,,,,,,,,,
campaign_e_out,out_n800_rho0.6_correlated_seed2.pcf,dhfma,1,0,659944,536,535,15464350695118470370,21440,23f703aa3bc9,2026-08-28T20:02:13Z,800,491,309,,,,,,,,,,,,,,,,,
campaign_e_out,out_n800_rho0.6_correlated_seed2.pcf,dhfma,2,0,663145,536,535,15464350695118470370,21440,23f703aa3bc9,2026-08-28T20:02:13Z,800,491,309,,,,,,,,,,,,,,,,,
campaign_e_out,out_n800_rho0.6_correlated_seed3.pcf,dhfma,0,0,574900,551,550,3434404495710400827,21600,23f703aa3bc9,2026-08-28T20:02:13Z,800,472,328,,,,,,,,,,,,,,,,,
campaign_e_out,out_n800_rho0.6_correlated_seed3.pcf,dhfma,1,0,519807,551,550,3434404495710400827,21600,23f703aa3bc9,2026-08-28T20:02:13Z,800,472,328,,,,,,,,,,,,,,,,,
campaign_e_out,out_n800_rho0.6_correlated_seed3.pcf,dhfma,2,0,500512,551,550,3434404495710400827,21600,23f703aa3bc9,2026-08-28T20:02:13Z,800,472,328,,,,,,,,,,,,,,,,,
campaign_e_out,out_n800_rho0.6_correlated_seed4.pcf,dhfma,0,0,603969,555,554,18150295241707122624,21600,23f703aa3bc9,2026-08-28T20:02:13Z,800,491,309,,,,,,,,,,,,,,,,,
campaign_e_out,out_n800_rho0.6_correlated_seed4.pcf,dhfma,1,0,656511,555,554,18150295241707122624,21600,23f703aa3bc9,2026-08-28T20:02:13Z,800,491,309,,,,,,,,,,,,,,,,,
campaign_e_out,out_n800_rho0.6_correlated_seed4.pcf,dhfma,2,0,556381,555,554,18150295241707122624,21600,23f703aa3bc9,2026-08-28T20:02:13Z,800,491,309,,,,,,,,,,,,,,,,,
campaign_e_out,out_n800_rho0.6_exact-ties_seed0.pcf,dhfma,0,0,539114,168,167,2751121576155735276,21600,23f703aa3bc9,2026-08-28T20:02:13Z,800,466,334,,,,,,,,,,,,,,,,,
campaign_e_out,out_n800_rho0.6_exact-ties_seed0.pcf,dhfma,1,0,504343,168,167,2751121576155735276,21600,23f703aa3bc9,2026-08-28T20:02:13Z,800,466,334,,,,,,,,,,,,,,,,,
campaign_e_out,out_n800_rho0.6_exact-ties_seed0.pcf,dhfma,2,0,484748,168,167,2751121576155735276,21600,23f703aa3bc9,2026-08-28T20:02:13Z,800,466,334,,,,,,,,,,,,,,,,,
campaign_e_out,out_n800_rho0.6_exact-ties_seed1.pcf,dhfma,0,0,571763,157,156,4412527431683311498,21600,23f703aa3bc9,2026-08-28T20:02:13Z,800,488,312,,,,,,,,,,,,,,,,,
campaign_e_out,out_n800_rho0.6_exact-ties_seed1.pcf,dhfma,1,0,531508,157,156,4412527431683311498,21600,23f703aa3bc9,2026-08-28T20:02:13Z,800,488,312,,,,,,,,,,,,,,,,,
campaign_e_out,out_n800_rho0.6_exact-ties_seed1.pcf,dhfma,2,0,513144,157,156,4412527431683311498,21600,23f703aa3bc9,2026-08-28T20:02:13Z,800,488,312,,,,,,,,,,,,,,,,,
campaign_e_out,out_n800_rho0.6_exact-ties_seed2.pcf,dhfma,0,0,689684,151,150,13852023305045731601,21600,23f703aa3bc9,2026-08-28T20:02:13Z,800,493,307,,,,,,,,,,,,,,,,,
campaign_e_out,out_n800_rho0.6_exact-ties_seed2.pcf,dhfma,1,0,648956,151,150,13852023305045731601,21600,23f703aa3bc9,2026-08-28T20:02:13Z,800,493,307,,,,,,,,,,,,,,,,,
campaign_e_out,out_n800_rho0.6_exact-ties_seed2.pcf,dhfma,2,0,669607,151,150,13852023305045731601,21600,23f703aa3bc9,2026-08-28T20:02:13Z,800,493,307,,,,,,,,,,,,,,,,,
campaign_e_out,out_n800_rho0.6_exact-ties_seed3.pcf,dhfma,0,0,607503,161,160,4404164013944564207,21600,23f703aa3bc9,2026-08-28T20:02:13Z,800,471,329,,,,,,,,,,,,,,,,,
campaign_e_out,out_n800_rho0.6_exact-ties_seed3.pcf,dhfma,1,0,563301,161,160,4404164013944564207,21600,23f703aa3bc9,2026-08-28T20:02:13Z,800,471,329,,,,,,,,,,,,,,,,,
campaign_e_out,out_n800_rho0.6_exact-ties_seed3.pcf,dhfma,2,0,615539,161,160,4404164013944564207,21600,23f703aa3bc9,2026-08-28T20:02:13Z,800,471,329,,,,,,,,,,,,,,,,,
campaign_e_out,out_n800_rho0.6_exact-ties_seed4.pcf,dhfma,0,0,565427,153,152,13140435654097022538,21600,23f703aa3bc9,2026-08-28T20:02:13Z,800,475,325,,,,,,,,,,,,,,,,,
campaign_e_out,out_n800_rho0.6_exact-ties_seed4.pcf,dhfma,1,0,538171,153,152,13140435654097022538,21600,23f703aa3bc9,2026-08-28T20:02:13Z,800,475,325,,,,,,,,,,,,,,,,,
campaign_e_out,out_n800_rho0.6_exact-ties_seed4.pcf,dhfma,2,0,509087,153,152,13140435654097022538,21600,23f703aa3bc9,2026-08-28T20:02:13Z,800,475,325,,,,,,,,,,,,,,,,,
campaign_e_out,out_n800_rho0.6_independent-positive_seed0.pcf,dhfma,0,0,578851,580,579,660537963452348937,21600,23f703aa3bc9,2026-08-28T20:02:13Z,800,464,336,,,,,,,,,,,,,,,,,
campaign_e_out,out_n800_rho0.6_independent-positive_seed0.pcf,dhfma,1,0,528135,580,579,660537963452348937,21600,23f703aa3bc9,2026-08-28T20:02:13Z,800,464,336,,,,,,,,,,,,,,,,,
campaign_e_out,out_n800_rho0.6_independent-positive_seed0.pcf,dhfma,2,0,584708,580,579,660537963452348937,21600,23f703aa3bc9,2026-08-28T20:02:13Z,800,464,336,,,,,,,,,,,,,,,,,
campaign_e_out,out_n800_rho0.6_independent-positive_seed1.pcf,dhfma,0,0,761660,540,539,17892129081178564172,21600,23f703aa3bc9,2026-08-28T20:02:13Z,800,498,302,,,,,,,,,,,,,,,,,
campaign_e_out,out_n800_rho0.6_independent-positive_seed1.pcf,dhfma,1,0,718592,540,539,17892129081178564172,21600,23f703aa3bc9,2026-08-28T20:02:13Z,800,498,302,,,,,,,,,,,,,,,,,
campaign_e_out,out_n800_rho0.6_independent-positive_seed1.pcf,dhfma,2,0,733323,540,539,17892129081178564172,21600,23f703aa3bc9,2026-08-28T20:02:13Z,800,498,302,,,,,,,,,,,,,,,,,
campaign_e_out,out_n800_rho0.6_independent-positive_seed2.pcf,dhfma,0,0,714873,582,581,3661609585597925888,21600,23f703aa3bc9,2026-08-28T20:02:13Z,800,491,309,,,,,,,,,,,,,,,,,
campaign_e_out,out_n800_rho0.6_independent-positive_seed2.pcf,dhfma,1,0,710364,582,581,3661609585597925888,21600,23f703aa3bc9,2026-08-28T20:02:13Z,800,491,309,,,,,,,,,,,,,,,,,
campaign_e_out,out_n800_rho0.6_independent-positive_seed2.pcf,dhfma,2,0,658077,582,581,3661609585597925888,21600,23f703aa3bc9,2026-08-28T20:02:13Z,800,491,309,,,,,,,,,,,,,,,,,
campaign_e_out,out_n800_rho0.6_independent-positive_seed3.pcf,dhfma,0,0,552313,588,587,802610585608352455,21600,23f703aa3bc9,2026-08-28T20:02:13Z,800,461,339,,,,,,,,,,,,,,,,,
campaign_e_out,out_n800_rho0.6_independent-positive_seed3.pcf,dhfma,1,0,500497,588,587,802610585608352455,21600,23f703aa3bc9,2026-08-28T20:02:13Z,800,461,339,,,,,,,,,,,,,,,,,
campaign_e_out,out_n800_rho0.6_independent-positive_seed3.pcf,dhfma,2,0,483477,588,587,802610585608352455,21600,23f703aa3bc9,2026-08-28T20:02:13Z,800,461,339,,,,,,,,,,,,,,,,,
campaign_e_out,out_n800_rho0.6_independent-positive_seed4.pcf,dhfma,0,0,660934,552,551,18305856710993356147,21600,23f703aa3bc9,2026-08-28T20:02:13Z,800,487,313,,,,,,,,,,,,,,,,,
campaign_e_out,out_n800_rho0.6_independent-positive_seed4.pcf,dhfma,1,0,619488,552,551,18305856710993356147,21600,23f703aa3bc9,2026-08-28T20:02:13Z,800,487,313,,,,,,,,,,,,,,,,,
campaign_e_out,out_n800_rho0.6_independent-positive_seed4.pcf,dhfma,2,0,600446,552,551,18305856710993356147,21600,23f703aa3bc9,2026-08-28T20:02:13Z,800,487,313,,,,,,,,,,,,,,,,,
campaign_e_out,out_n800_rho0.6_independent-signed_seed0.pcf,dhfma,0,0,618199,559,558,15982494840245343259,21600,23f703aa3bc9,2026-08-28T20:02:13Z,800,467,333,,,,,,,,,,,,,,,,,
campaign_e_out,out_n800_rho0.6_independent-signed_seed0.pcf,dhfma,1,0,576280,559,558,15982494840245343259,21600,23f703aa3bc9,2026-08-28T20:02:13Z,800,467,333,,,,,,,,,,,,,,,,,
campaign_e_out,out_n800_rho0.6_independent-signed_seed0.pcf,dhfma,2,0,628073,559,558,15982494840245343259,21600,23f703aa3bc9,2026-08-28T20:02:13Z,800,467,333,,,,,,,,,,,,,,,,,
campaign_e_out,out_n800_rho0.6_independent-signed_seed1.pcf,dhfma,0,0,718704,552,551,4325496226985844263,21600,23f703aa3bc9,2026-08-28T20:02:13Z,800,498,302,,,,,,,,,,,,,,,,,
campaign_e_out,out_n800_rho0.6_independent-signed_seed1.pcf,dhfma,1,0,726727,552,551,4325496226985844263,21600,23f703aa3bc9,2026-08-28T20:02:13Z,800,498,302,,,,,,,,,,,,,,,,,
campaign_e_out,out_n800_rho0.6_independent-signed_seed1.pcf,dhfma,2,0,662261,552,551,4325496226985844263,21600,23f703aa3bc9,2026-08-28T20:02:13Z,800,498,302,,,,,,,,,,,,,,,,,
campaign_e_out,out_n800_rho0.6_independent-signed_seed2.pcf,dhfma,0,0,721840,561,560,4590266622906576679,21600,23f703aa3bc9,2026-08-28T20:02:13Z,800,492,308,,,,,,,,,,,,,,,,,
campaign_e_out,out_n800_rho0.6_independent-signed_seed2.pcf,dhfma,1,0,663086,561,560,4590266622906576679,21600,23f703aa3bc9,2026-08-28T20:02:13Z,800,492,308,,,,,,,,,,,,,,,,,
campaign_e_out,out_n800_rho0.6_independent-signed_seed2.pcf,dhfma,2,0,659583,561,560,4590266622906576679,21600,23f703aa3bc9,2026-08-28T20:02:13Z,800,492,308,,,,,,,,,,,,,,,,,
campaign_e_out,out_n800_rho0.6_independent-signed_seed3.pcf,dhfma,0,0,551813,591,590,539736163579660960,21600,23f703aa3bc9,2026-08-28T20:02:13Z,800,461,339,,,,,,,,,,,,,,,,,
campaign_e_out,out_n800_rho0.6_independent-signed_seed3.pcf,dhfma,1,0,505862,591,590,539736163579660960,21600,23f703aa3bc9,2026-08-28T20:02:13Z,800,461,339,,,,,,,,,,,,,,,,,
campaign_e_out,out_n800_rho0.6_independent-signed_seed3.pcf,dhfma,2,0,497116,591,590,539736163579660960,21600,23f703aa3bc9,2026-08-28T20:02:13Z,800,461,339,,,,,,,,,,,,,,,,,
campaign_e_out,out_n800_rho0.6_independent-signed_seed4.pcf,dhfma,0,0,647301,566,565,4235950710054602694,21600,23f703aa3bc9,2026-08-28T20:02:13Z,800,486,314,,,,,,,,,,,,,,,,,
campaign_e_out,out_n800_rho0.6_independent-signed_seed4.pcf,dhfma,1,0,594385,566,565,4235950710054602694,21600,23f703aa3bc9,2026-08-28T20:02:13Z,800,486,314,,,,,,,,,,,,,,,,,
campaign_e_out,out_n800_rho0.6_independent-signed_seed4.pcf,dhfma,2,0,565475,566,565,4235950710054602694,21600,23f703aa3bc9,2026-08-28T20:02:13Z,800,486,314,,,,,,,,,,,,,,,,,
campaign_e_out,out_n800_rho0.6_near-ties_seed0.pcf,dhfma,0,0,662427,202,201,13395958443646925543,21600,23f703aa3bc9,2026-08-28T20:02:13Z,800,488,312,,,,,,,,,,,,,,,,,
campaign_e_out,out_n800_rho0.6_near-ties_seed0.pcf,dhfma,1,0,614942,202,201,13395958443646925543,21600,23f703aa3bc9,2026-08-28T20:02:13Z,800,488,312,,,,,,,,,,,,,,,,,
campaign_e_out,out_n800_rho0.6_near-ties_seed0.pcf,dhfma,2,0,603792,202,201,13395958443646925543,21600,23f703aa3bc9,2026-08-28T20:02:13Z,800,488,312,,,,,,,,,,,,,,,,,
campaign_e_out,out_n800_rho0.6_near-ties_seed1.pcf,dhfma,0,0,602893,196,195,13406076782669303693,21600,23f703aa3bc9,2026-08-28T20:02:13Z,800,487,313,,,,,,,,,,,,,,,,,
campaign_e_out,out_n800_rho0.6_near-ties_seed1.pcf,dhfma,1,0,568006,196,195,13406076782669303693,21600,23f703aa3bc9,2026-08-28T20:02:13Z,800,487,313,,,,,,,,,,,,,,,,,
campaign_e_out,out_n800_rho0.6_near-ties_seed1.pcf,dhfma,2,0,546857,196,195,13406076782669303693,21600,23f703aa3bc9,2026-08-28T20:02:13Z,800,487,313,,,,,,,,,,,,,,,,,
campaign_e_out,out_n800_rho0.6_near-ties_seed2.pcf,dhfma,0,0,836483,198,197,12662607245128870271,21760,23f703aa3bc9,2026-08-28T20:02:13Z,800,483,317,,,,,,,,,,,,,,,,,
campaign_e_out,out_n800_rho0.6_near-ties_seed2.pcf,dhfma,1,0,716157,198,197,12662607245128870271,21760,23f703aa3bc9,2026-08-28T20:02:13Z,800,483,317,,,,,,,,,,,,,,,,,
campaign_e_out,out_n800_rho0.6_near-ties_seed2.pcf,dhfma,2,0,697184,198,197,12662607245128870271,21760,23f703aa3bc9,2026-08-28T20:02:13Z,800,483,317,,,,,,,,,,,,,,,,,
campaign_e_out,out_n800_rho0.6_near-ties_seed3.pcf,dhfma,0,0,707135,198,197,8614143032884214164,21760,23f703aa3bc9,2026-08-28T20:02:13Z,800,483,317,,,,,,,,,,,,,,,,,
campaign_e_out,out_n800_rho0.6_near-ties_seed3.pcf,dhfma,1,0,564506,198,197,8614143032884214164,21760,23f703aa3bc9,2026-08-28T20:02:13Z,800,483,317,,,,,,,,,,,,,,,,,
campaign_e_out,out_n800_rho0.6_near-ties_seed3.pcf,dhfma,2,0,549740,198,197,8614143032884214164,21760,23f703aa3bc9,2026-08-28T20:02:13Z,800,483,317,,,,,,,,,,,,,,,,,
campaign_e_out,out_n800_rho0.6_near-ties_seed4.pcf,dhfma,0,0,629863,200,199,3614563098498573617,21760,23f703aa3bc9,2026-08-28T20:02:13Z,800,495,305,,,,,,,,,,,,,,,,,
campaign_e_out,out_n800_rho0.6_near-ties_seed4.pcf,dhfma,1,0,595090,200,199,3614563098498573617,21760,23f703aa3bc9,2026-08-28T20:02:13Z,800,495,305,,,,,,,,,,,,,,,,,
campaign_e_out,out_n800_rho0.6_near-ties_seed4.pcf,dhfma,2,0,613447,200,199,3614563098498573617,21760,23f703aa3bc9,2026-08-28T20:02:13Z,800,495,305,,,,,,,,,,,,,,,,,
campaign_e_out,out_n800_rho1.0_anti-correlated_seed0.pcf,dhfma,0,0,3063489,388,387,251328772300208560,21760,23f703aa3bc9,2026-08-28T20:02:13Z,800,799,1,,,,,,,,,,,,,,,,,
campaign_e_out,out_n800_rho1.0_anti-correlated_seed0.pcf,dhfma,1,0,3007372,388,387,251328772300208560,21760,23f703aa3bc9,2026-08-28T20:02:13Z,800,799,1,,,,,,,,,,,,,,,,,
campaign_e_out,out_n800_rho1.0_anti-correlated_seed0.pcf,dhfma,2,0,2969022,388,387,251328772300208560,21760,23f703aa3bc9,2026-08-28T20:02:13Z,800,799,1,,,,,,,,,,,,,,,,,
campaign_e_out,out_n800_rho1.0_anti-correlated_seed1.pcf,dhfma,0,0,3776961,419,418,5747314014110796686,21760,23f703aa3bc9,2026-08-28T20:02:13Z,800,799,1,,,,,,,,,,,,,,,,,
campaign_e_out,out_n800_rho1.0_anti-correlated_seed1.pcf,dhfma,1,0,3697500,419,418,5747314014110796686,21760,23f703aa3bc9,2026-08-28T20:02:13Z,800,799,1,,,,,,,,,,,,,,,,,
campaign_e_out,out_n800_rho1.0_anti-correlated_seed1.pcf,dhfma,2,0,3659654,419,418,5747314014110796686,21760,23f703aa3bc9,2026-08-28T20:02:13Z,800,799,1,,,,,,,,,,,,,,,,,
campaign_e_out,out_n800_rho1.0_anti-correlated_seed2.pcf,dhfma,0,0,2753899,417,416,5116611993968037517,21760,23f703aa3bc9,2026-08-28T20:02:13Z,800,799,1,,,,,,,,,,,,,,,,,
campaign_e_out,out_n800_rho1.0_anti-correlated_seed2.pcf,dhfma,1,0,2635407,417,416,5116611993968037517,21760,23f703aa3bc9,2026-08-28T20:02:13Z,800,799,1,,,,,,,,,,,,,,,,,
campaign_e_out,out_n800_rho1.0_anti-correlated_seed2.pcf,dhfma,2,0,2675949,417,416,5116611993968037517,21760,23f703aa3bc9,2026-08-28T20:02:13Z,800,799,1,,,,,,,,,,,,,,,,,
campaign_e_out,out_n800_rho1.0_anti-correlated_seed3.pcf,dhfma,0,0,3120453,381,380,4131722916738898142,21760,23f703aa3bc9,2026-08-28T20:02:13Z,800,799,1,,,,,,,,,,,,,,,,,
campaign_e_out,out_n800_rho1.0_anti-correlated_seed3.pcf,dhfma,1,0,3032978,381,380,4131722916738898142,21760,23f703aa3bc9,2026-08-28T20:02:13Z,800,799,1,,,,,,,,,,,,,,,,,
campaign_e_out,out_n800_rho1.0_anti-correlated_seed3.pcf,dhfma,2,0,3030851,381,380,4131722916738898142,21760,23f703aa3bc9,2026-08-28T20:02:13Z,800,799,1,,,,,,,,,,,,,,,,,
campaign_e_out,out_n800_rho1.0_anti-correlated_seed4.pcf,dhfma,0,0,3293518,377,376,6145470894188048536,21760,23f703aa3bc9,2026-08-28T20:02:13Z,800,799,1,,,,,,,,,,,,,,,,,
campaign_e_out,out_n800_rho1.0_anti-correlated_seed4.pcf,dhfma,1,0,3230635,377,376,6145470894188048536,21760,23f703aa3bc9,2026-08-28T20:02:13Z,800,799,1,,,,,,,,,,,,,,,,,
campaign_e_out,out_n800_rho1.0_anti-correlated_seed4.pcf,dhfma,2,0,3229610,377,376,6145470894188048536,21760,23f703aa3bc9,2026-08-28T20:02:13Z,800,799,1,,,,,,,,,,,,,,,,,
campaign_e_out,out_n800_rho1.0_correlated_seed0.pcf,dhfma,0,0,4124592,404,403,13923392175269674985,21760,23f703aa3bc9,2026-08-28T20:02:13Z,800,799,1,,,,,,,,,,,,,,,,,
campaign_e_out,out_n800_rho1.0_correlated_seed0.pcf,dhfma,1,0,4032160,404,403,13923392175269674985,21760,23f703aa3bc9,2026-08-28T20:02:13Z,800,799,1,,,,,,,,,,,,,,,,,
campaign_e_out,out_n800_rho1.0_correlated_seed0.pcf,dhfma,2,0,4006747,404,403,13923392175269674985,21760,23f703aa3bc9,2026-08-28T20:02:13Z,800,799,1,,,,,,,,,,,,,,,,,
campaign_e_out,out_n800_rho1.0_correlated_seed1.pcf,dhfma,0,0,3891839,389,388,13474389564464740467,21760,23f703aa3bc9,2026-08-28T20:02:13Z,800,799,1,,,,,,,,,,,,,,,,,
campaign_e_out,out_n800_rho1.0_correlated_seed1.pcf,dhfma,1,0,3811588,389,388,13474389564464740467,21760,23f703aa3bc9,2026-08-28T20:02:13Z,800,799,1,,,,,,,,,,,,,,,,,
campaign_e_out,out_n800_rho1.0_correlated_seed1.pcf,dhfma,2,0,3858617,389,388,13474389564464740467,21760,23f703aa3bc9,2026-08-28T20:02:13Z,800,799,1,,,,,,,,,,,,,,,,,
campaign_e_out,out_n800_rho1.0_correlated_seed2.pcf,dhfma,0,0,2818963,387,386,688206561127872794,21760,23f703aa3bc9,2026-08-28T20:02:13Z,800,799,1,,,,,,,,,,,,,,,,,
campaign_e_out,out_n800_rho1.0_correlated_seed2.pcf,dhfma,1,0,2763709,387,386,688206561127872794,21760,23f703aa3bc9,2026-08-28T20:02:13Z,800,799,1,,,,,,,,,,,,,,,,,
campaign_e_out,out_n800_rho1.0_correlated_seed2.pcf,dhfma,2,0,2733503,387,386,688206561127872794,21760,23f703aa3bc9,2026-08-28T20:02:13Z,800,799,1,,,,,,,,,,,,,,,,,
campaign_e_out,out_n800_rho1.0_correlated_seed3.pcf,dhfma,0,0,3227509,385,384,18061332391597807329,21760,23f703aa3bc9,2026-08-28T20:02:13Z,800,799,1,,,,,,,,,,,,,,,,,
campaign_e_out,out_n800_rho1.0_correlated_seed3.pcf,dhfma,1,0,3130837,385,384,18061332391597807329,21760,23f703aa3bc9,2026-08-28T20:02:13Z,800,799,1,,,,,,,,,,,,,,,,,
campaign_e_out,out_n800_rho1.0_correlated_seed3.pcf,dhfma,2,0,3127778,385,384,18061332391597807329,21760,23f703aa3bc9,2026-08-28T20:02:13Z,800,799,1,,,,,,,,,,,,,,,,,
campaign_e_out,out_n800_rho1.0_correlated_seed4.pcf,dhfma,0,0,3301614,416,415,17933110922105251444,21760,23f703aa3bc9,2026-08-28T20:02:13Z,800,799,1,,,,,,,,,,,,,,,,,
campaign_e_out,out_n800_rho1.0_correlated_seed4.pcf,dhfma,1,0,3232910,416,415,17933110922105251444,21760,23f703aa3bc9,2026-08-28T20:02:13Z,800,799,1,,,,,,,,,,,,,,,,,
campaign_e_out,out_n800_rho1.0_correlated_seed4.pcf,dhfma,2,0,3166467,416,415,17933110922105251444,21760,23f703aa3bc9,2026-08-28T20:02:13Z,800,799,1,,,,,,,,,,,,,,,,,
campaign_e_out,out_n800_rho1.0_exact-ties_seed0.pcf,dhfma,0,0,5266925,165,164,3487764129775735878,21760,23f703aa3bc9,2026-08-28T20:02:13Z,800,799,1,,,,,,,,,,,,,,,,,
campaign_e_out,out_n800_rho1.0_exact-ties_seed0.pcf,dhfma,1,0,5220822,165,164,3487764129775735878,21760,23f703aa3bc9,2026-08-28T20:02:13Z,800,799,1,,,,,,,,,,,,,,,,,
campaign_e_out,out_n800_rho1.0_exact-ties_seed0.pcf,dhfma,2,0,5158951,165,164,3487764129775735878,21760,23f703aa3bc9,2026-08-28T20:02:13Z,800,799,1,,,,,,,,,,,,,,,,,
campaign_e_out,out_n800_rho1.0_exact-ties_seed1.pcf,dhfma,0,0,3714452,171,170,233329422782792364,21760,23f703aa3bc9,2026-08-28T20:02:13Z,800,799,1,,,,,,,,,,,,,,,,,
campaign_e_out,out_n800_rho1.0_exact-ties_seed1.pcf,dhfma,1,0,3650895,171,170,233329422782792364,21760,23f703aa3bc9,2026-08-28T20:02:13Z,800,799,1,,,,,,,,,,,,,,,,,
campaign_e_out,out_n800_rho1.0_exact-ties_seed1.pcf,dhfma,2,0,3602043,171,170,233329422782792364,21760,23f703aa3bc9,2026-08-28T20:02:13Z,800,799,1,,,,,,,,,,,,,,,,,
campaign_e_out,out_n800_rho1.0_exact-ties_seed2.pcf,dhfma,0,0,2596532,167,166,2855645246528232534,21760,23f703aa3bc9,2026-08-28T20:02:13Z,800,799,1,,,,,,,,,,,,,,,,,
campaign_e_out,out_n800_rho1.0_exact-ties_seed2.pcf,dhfma,1,0,2492673,167,166,2855645246528232534,21760,23f703aa3bc9,2026-08-28T20:02:13Z,800,799,1,,,,,,,,,,,,,,,,,
campaign_e_out,out_n800_rho1.0_exact-ties_seed2.pcf,dhfma,2,0,2462269,167,166,2855645246528232534,21760,23f703aa3bc9,2026-08-28T20:02:13Z,800,799,1,,,,,,,,,,,,,,,,,
campaign_e_out,out_n800_rho1.0_exact-ties_seed3.pcf,dhfma,0,0,2815257,174,173,12614417486361925896,21760,23f703aa3bc9,2026-08-28T20:02:13Z,800,799,1,,,,,,,,,,,,,,,,,
campaign_e_out,out_n800_rho1.0_exact-ties_seed3.pcf,dhfma,1,0,2760393,174,173,12614417486361925896,21760,23f703aa3bc9,2026-08-28T20:02:13Z,800,799,1,,,,,,,,,,,,,,,,,
campaign_e_out,out_n800_rho1.0_exact-ties_seed3.pcf,dhfma,2,0,2720153,174,173,12614417486361925896,21760,23f703aa3bc9,2026-08-28T20:02:13Z,800,799,1,,,,,,,,,,,,,,,,,
campaign_e_out,out_n800_rho1.0_exact-ties_seed4.pcf,dhfma,0,0,3477812,164,163,5987273966513824668,21760,23f703aa3bc9,2026-08-28T20:02:13Z,800,799,1,,,,,,,,,,,,,,,,,
campaign_e_out,out_n800_rho1.0_exact-ties_seed4.pcf,dhfma,1,0,3341821,164,163,5987273966513824668,21760,23f703aa3bc9,2026-08-28T20:02:13Z,800,799,1,,,,,,,,,,,,,,,,,
campaign_e_out,out_n800_rho1.0_exact-ties_seed4.pcf,dhfma,2,0,3320243,164,163,5987273966513824668,21760,23f703aa3bc9,2026-08-28T20:02:13Z,800,799,1,,,,,,,,,,,,,,,,,
campaign_e_out,out_n800_rho1.0_independent-positive_seed0.pcf,dhfma,0,0,2491272,414,413,6226533345873137457,21760,23f703aa3bc9,2026-08-28T20:02:13Z,800,799,1,,,,,,,,,,,,,,,,,
campaign_e_out,out_n800_rho1.0_independent-positive_seed0.pcf,dhfma,1,0,2422825,414,413,6226533345873137457,21760,23f703aa3bc9,2026-08-28T20:02:13Z,800,799,1,,,,,,,,,,,,,,,,,
campaign_e_out,out_n800_rho1.0_independent-positive_seed0.pcf,dhfma,2,0,2414199,414,413,6226533345873137457,21760,23f703aa3bc9,2026-08-28T20:02:13Z,800,799,1,,,,,,,,,,,,,,,,,
campaign_e_out,out_n800_rho1.0_independent-positive_seed1.pcf,dhfma,0,0,2907317,399,398,9135623890310155704,21920,23f703aa3bc9,2026-08-28T20:02:13Z,800,799,1,,,,,,,,,,,,,,,,,
campaign_e_out,out_n800_rho1.0_independent-positive_seed1.pcf,dhfma,1,0,2817487,399,398,9135623890310155704,21920,23f703aa3bc9,2026-08-28T20:02:13Z,800,799,1,,,,,,,,,,,,,,,,,
campaign_e_out,out_n800_rho1.0_independent-positive_seed1.pcf,dhfma,2,0,2818034,399,398,9135623890310155704,21920,23f703aa3bc9,2026-08-28T20:02:13Z,800,799,1,,,,,,,,,,,,,,,,,
campaign_e_out,out_n800_rho1.0_independent-positive_seed2.pcf,dhfma,0,0,3430117,407,406,3875537450536073098,21920,23f703aa3bc9,2026-08-28T20:02:13Z,800,799,1,,,,,,,,,,,,,,,,,
campaign_e_out,out_n800_rho1.0_independent-positive_seed2.pcf,dhfma,1,0,3371648,407,406,3875537450536073098,21920,23f703aa3bc9,2026-08-28T20:02:13Z,800,799,1,,,,,,,,,,,,,,,,,
campaign_e_out,out_n800_rho1.0_independent-positive_seed2.pcf,dhfma,2,0,3373113,407,406,3875537450536073098,21920,23f703aa3bc9,2026-08-28T20:02:13Z,800,799,1,,,,,,,,,,,,,,,,,
campaign_e_out,out_n800_rho1.0_independent-positive_seed3.pcf,dhfma,0,0,3278251,383,382,12205482774845674003,21920,23f703aa3bc9,2026-08-28T20:02:13Z,800,799,1,,,,,,,,,,,,,,,,,
campaign_e_out,out_n800_rho1.0_independent-positive_seed3.pcf,dhfma,1,0,3202613,383,382,12205482774845674003,21920,23f703aa3bc9,2026-08-28T20:02:13Z,800,799,1,,,,,,,,,,,,,,,,,
campaign_e_out,out_n800_rho1.0_independent-positive_seed3.pcf,dhfma,2,0,3185695,383,382,12205482774845674003,21920,23f703aa3bc9,2026-08-28T20:02:13Z,800,799,1,,,,,,,,,,,,,,,,,
campaign_e_out,out_n800_rho1.0_independent-positive_seed4.pcf,dhfma,0,0,2905585,393,392,9879438111562640646,21920,23f703aa3bc9,2026-08-28T20:02:13Z,800,799,1,,,,,,,,,,,,,,,,,
campaign_e_out,out_n800_rho1.0_independent-positive_seed4.pcf,dhfma,1,0,2780391,393,392,9879438111562640646,21920,23f703aa3bc9,2026-08-28T20:02:13Z,800,799,1,,,,,,,,,,,,,,,,,
campaign_e_out,out_n800_rho1.0_independent-positive_seed4.pcf,dhfma,2,0,2910255,393,392,9879438111562640646,21920,23f703aa3bc9,2026-08-28T20:02:13Z,800,799,1,,,,,,,,,,,,,,,,,
campaign_e_out,out_n800_rho1.0_independent-signed_seed0.pcf,dhfma,0,0,3270231,410,409,17972130722356713242,21920,23f703aa3bc9,2026-08-28T20:02:13Z,800,799,1,,,,,,,,,,,,,,,,,
campaign_e_out,out_n800_rho1.0_independent-signed_seed0.pcf,dhfma,1,0,3152363,410,409,17972130722356713242,21920,23f703aa3bc9,2026-08-28T20:02:13Z,800,799,1,,,,,,,,,,,,,,,,,
campaign_e_out,out_n800_rho1.0_independent-signed_seed0.pcf,dhfma,2,0,3127085,410,409,17972130722356713242,21920,23f703aa3bc9,2026-08-28T20:02:13Z,800,799,1,,,,,,,,,,,,,,,,,
campaign_e_out,out_n800_rho1.0_independent-signed_seed1.pcf,dhfma,0,0,3149929,387,386,3814284158441717283,21920,23f703aa3bc9,2026-08-28T20:02:13Z,800,799,1,,,,,,,,,,,,,,,,,
campaign_e_out,out_n800_rho1.0_independent-signed_seed1.pcf,dhfma,1,0,3077538,387,386,3814284158441717283,21920,23f703aa3bc9,2026-08-28T20:02:13Z,800,799,1,,,,,,,,,,,,,,,,,
campaign_e_out,out_n800_rho1.0_independent-signed_seed1.pcf,dhfma,2,0,3076059,387,386,3814284158441717283,21920,23f703aa3bc9,2026-08-28T20:02:13Z,800,799,1,,,,,,,,,,,,,,,,,
campaign_e_out,out_n800_rho1.0_independent-signed_seed2.pcf,dhfma,0,0,3368685,399,398,2727584616503141353,21920,23f703aa3bc9,2026-08-28T20:02:13Z,800,799,1,,,,,,,,,,,,,,,,,
campaign_e_out,out_n800_rho1.0_independent-signed_seed2.pcf,dhfma,1,0,3279780,399,398,2727584616503141353,21920,23f703aa3bc9,2026-08-28T20:02:13Z,800,799,1,,,,,,,,,,,,,,,,,
campaign_e_out,out_n800_rho1.0_independent-signed_seed2.pcf,dhfma,2,0,3262865,399,398,2727584616503141353,21920,23f703aa3bc9,2026-08-28T20:02:13Z,800,799,1,,,,,,,,,,,,,,,,,
campaign_e_out,out_n800_rho1.0_independent-signed_seed3.pcf,dhfma,0,0,2958830,397,396,5510154342841365743,21920,23f703aa3bc9,2026-08-28T20:02:13Z,800,799,1,,,,,,,,,,,,,,,,,
campaign_e_out,out_n800_rho1.0_independent-signed_seed3.pcf,dhfma,1,0,2870576,397,396,5510154342841365743,21920,23f703aa3bc9,2026-08-28T20:02:13Z,800,799,1,,,,,,,,,,,,,,,,,
campaign_e_out,out_n800_rho1.0_independent-signed_seed3.pcf,dhfma,2,0,2865767,397,396,5510154342841365743,21920,23f703aa3bc9,2026-08-28T20:02:13Z,800,799,1,,,,,,,,,,,,,,,,,
campaign_e_out,out_n800_rho1.0_independent-signed_seed4.pcf,dhfma,0,0,2846031,413,412,17129675360615746188,21920,23f703aa3bc9,2026-08-28T20:02:13Z,800,799,1,,,,,,,,,,,,,,,,,
campaign_e_out,out_n800_rho1.0_independent-signed_seed4.pcf,dhfma,1,0,2726766,413,412,17129675360615746188,21920,23f703aa3bc9,2026-08-28T20:02:13Z,800,799,1,,,,,,,,,,,,,,,,,
campaign_e_out,out_n800_rho1.0_independent-signed_seed4.pcf,dhfma,2,0,2711628,413,412,17129675360615746188,21920,23f703aa3bc9,2026-08-28T20:02:13Z,800,799,1,,,,,,,,,,,,,,,,,
campaign_e_out,out_n800_rho1.0_near-ties_seed0.pcf,dhfma,0,0,3016001,194,193,2572488380842745049,21920,23f703aa3bc9,2026-08-28T20:02:13Z,800,799,1,,,,,,,,,,,,,,,,,
campaign_e_out,out_n800_rho1.0_near-ties_seed0.pcf,dhfma,1,0,2951228,194,193,2572488380842745049,21920,23f703aa3bc9,2026-08-28T20:02:13Z,800,799,1,,,,,,,,,,,,,,,,,
campaign_e_out,out_n800_rho1.0_near-ties_seed0.pcf,dhfma,2,0,2983790,194,193,2572488380842745049,21920,23f703aa3bc9,2026-08-28T20:02:13Z,800,799,1,,,,,,,,,,,,,,,,,
campaign_e_out,out_n800_rho1.0_near-ties_seed1.pcf,dhfma,0,0,4538618,175,174,8518557802951118539,21920,23f703aa3bc9,2026-08-28T20:02:13Z,800,799,1,,,,,,,,,,,,,,,,,
campaign_e_out,out_n800_rho1.0_near-ties_seed1.pcf,dhfma,1,0,4519098,175,174,8518557802951118539,21920,23f703aa3bc9,2026-08-28T20:02:13Z,800,799,1,,,,,,,,,,,,,,,,,
campaign_e_out,out_n800_rho1.0_near-ties_seed1.pcf,dhfma,2,0,4469493,175,174,8518557802951118539,21920,23f703aa3bc9,2026-08-28T20:02:13Z,800,799,1,,,,,,,,,,,,,,,,,
campaign_e_out,out_n800_rho1.0_near-ties_seed2.pcf,dhfma,0,0,3155218,181,180,7459360530599953433,21920,23f703aa3bc9,2026-08-28T20:02:13Z,800,799,1,,,,,,,,,,,,,,,,,
campaign_e_out,out_n800_rho1.0_near-ties_seed2.pcf,dhfma,1,0,3089040,181,180,7459360530599953433,21920,23f703aa3bc9,2026-08-28T20:02:13Z,800,799,1,,,,,,,,,,,,,,,,,
campaign_e_out,out_n800_rho1.0_near-ties_seed2.pcf,dhfma,2,0,3121425,181,180,7459360530599953433,21920,23f703aa3bc9,2026-08-28T20:02:13Z,800,799,1,,,,,,,,,,,,,,,,,
campaign_e_out,out_n800_rho1.0_near-ties_seed3.pcf,dhfma,0,0,3357251,186,185,11466140931433760579,21920,23f703aa3bc9,2026-08-28T20:02:13Z,800,799,1,,,,,,,,,,,,,,,,,
campaign_e_out,out_n800_rho1.0_near-ties_seed3.pcf,dhfma,1,0,3266763,186,185,11466140931433760579,21920,23f703aa3bc9,2026-08-28T20:02:13Z,800,799,1,,,,,,,,,,,,,,,,,
campaign_e_out,out_n800_rho1.0_near-ties_seed3.pcf,dhfma,2,0,3274701,186,185,11466140931433760579,21920,23f703aa3bc9,2026-08-28T20:02:13Z,800,799,1,,,,,,,,,,,,,,,,,
campaign_e_out,out_n800_rho1.0_near-ties_seed4.pcf,dhfma,0,0,2705455,185,184,5013136813044307653,21920,23f703aa3bc9,2026-08-28T20:02:13Z,800,799,1,,,,,,,,,,,,,,,,,
campaign_e_out,out_n800_rho1.0_near-ties_seed4.pcf,dhfma,1,0,2595333,185,184,5013136813044307653,21920,23f703aa3bc9,2026-08-28T20:02:13Z,800,799,1,,,,,,,,,,,,,,,,,
campaign_e_out,out_n800_rho1.0_near-ties_seed4.pcf,dhfma,2,0,2626412,185,184,5013136813044307653,21920,23f703aa3bc9,2026-08-28T20:02:13Z,800,799,1,,,,,,,,,,,,,,,,,
campaign_e_out,out_n90000_rho0.6_anti-correlated_seed0.pcf,dhfma,0,0,124870140,50670,50669,15617517569337887947,34792,23f703aa3bc9,2026-08-28T20:02:13Z,90000,54017,35983,,,,,,,,,,,,,,,,,
campaign_e_out,out_n90000_rho0.6_anti-correlated_seed0.pcf,dhfma,1,0,121262446,50670,50669,15617517569337887947,36936,23f703aa3bc9,2026-08-28T20:02:13Z,90000,54017,35983,,,,,,,,,,,,,,,,,
campaign_e_out,out_n90000_rho0.6_anti-correlated_seed0.pcf,dhfma,2,0,122731986,50670,50669,15617517569337887947,36936,23f703aa3bc9,2026-08-28T20:02:13Z,90000,54017,35983,,,,,,,,,,,,,,,,,
campaign_e_out,out_n90000_rho0.6_anti-correlated_seed1.pcf,dhfma,0,0,115665041,50535,50534,4663265134801717732,33936,23f703aa3bc9,2026-08-28T20:02:14Z,90000,54265,35735,,,,,,,,,,,,,,,,,
campaign_e_out,out_n90000_rho0.6_anti-correlated_seed1.pcf,dhfma,1,0,112367060,50535,50534,4663265134801717732,36236,23f703aa3bc9,2026-08-28T20:02:14Z,90000,54265,35735,,,,,,,,,,,,,,,,,
campaign_e_out,out_n90000_rho0.6_anti-correlated_seed1.pcf,dhfma,2,0,114705752,50535,50534,4663265134801717732,36236,23f703aa3bc9,2026-08-28T20:02:14Z,90000,54265,35735,,,,,,,,,,,,,,,,,
campaign_e_out,out_n90000_rho0.6_anti-correlated_seed2.pcf,dhfma,0,0,113636478,50635,50634,2327635907711449131,33648,23f703aa3bc9,2026-08-28T20:02:14Z,90000,53976,36024,,,,,,,,,,,,,,,,,
campaign_e_out,out_n90000_rho0.6_anti-correlated_seed2.pcf,dhfma,1,0,110242733,50635,50634,2327635907711449131,36108,23f703aa3bc9,2026-08-28T20:02:14Z,90000,53976,36024,,,,,,,,,,,,,,,,,
campaign_e_out,out_n90000_rho0.6_anti-correlated_seed2.pcf,dhfma,2,0,111574392,50635,50634,2327635907711449131,36212,23f703aa3bc9,2026-08-28T20:02:14Z,90000,53976,36024,,,,,,,,,,,,,,,,,
campaign_e_out,out_n90000_rho0.6_anti-correlated_seed3.pcf,dhfma,0,0,124025659,50753,50752,10622276004776281128,34980,23f703aa3bc9,2026-08-28T20:02:14Z,90000,53779,36221,,,,,,,,,,,,,,,,,
campaign_e_out,out_n90000_rho0.6_anti-correlated_seed3.pcf,dhfma,1,0,120747437,50753,50752,10622276004776281128,36808,23f703aa3bc9,2026-08-28T20:02:14Z,90000,53779,36221,,,,,,,,,,,,,,,,,
campaign_e_out,out_n90000_rho0.6_anti-correlated_seed3.pcf,dhfma,2,0,122061770,50753,50752,10622276004776281128,36808,23f703aa3bc9,2026-08-28T20:02:15Z,90000,53779,36221,,,,,,,,,,,,,,,,,
campaign_e_out,out_n90000_rho0.6_anti-correlated_seed4.pcf,dhfma,0,0,115786362,50792,50791,7737499664943413143,33996,23f703aa3bc9,2026-08-28T20:02:15Z,90000,53993,36007,,,,,,,,,,,,,,,,,
campaign_e_out,out_n90000_rho0.6_anti-correlated_seed4.pcf,dhfma,1,0,113261293,50792,50791,7737499664943413143,36320,23f703aa3bc9,2026-08-28T20:02:15Z,90000,53993,36007,,,,,,,,,,,,,,,,,
campaign_e_out,out_n90000_rho0.6_anti-correlated_seed4.pcf,dhfma,2,0,114056019,50792,50791,7737499664943413143,36320,23f703aa3bc9,2026-08-28T20:02:15Z,90000,53993,36007,,,,,,,,,,,,,,,,,
campaign_e_out,out_n90000_rho0.6_correlated_seed0.pcf,dhfma,0,0,119562112,38144,38143,9095513205966482233,32392,23f703aa3bc9,2026-08-28T20:02:15Z,90000,54017,35983,,,,,,,,,,,,,,,,,
campaign_e_out,out_n90000_rho0.6_correlated_seed0.pcf,dhfma,1,0,117114400,38144,38143,9095513205966482233,35276,23f703aa3bc9,2026-08-28T20:02:15Z,90000,54017,35983,,,,,,,,,,,,,,,,,
campaign_e_out,out_n90000_rho0.6_correlated_seed0.pcf,dhfma,2,0,118257750,38144,38143,9095513205966482233,35276,23f703aa3bc9,2026-08-28T20:02:15Z,90000,54017,35983,,,,,,,,,,,,,,,,,
campaign_e_out,out_n90000_rho0.6_correlated_seed1.pcf,dhfma,0,0,116340057,38206,38205,1547891125296042277,31700,23f703aa3bc9,2026-08-28T20:02:15Z,90000,54265,35735,,,,,,,,,,,,,,,,,
campaign_e_out,out_n90000_rho0.6_correlated_seed1.pcf,dhfma,1,0,113438975,38206,38205,1547891125296042277,35300,23f703aa3bc9,2026-08-28T20:02:16Z,90000,54265,35735,,,,,,,,,,,,,,,,,
campaign_e_out,out_n90000_rho0.6_correlated_seed1.pcf,dhfma,2,0,116742779,38206,38205,1547891125296042277,35300,23f703aa3bc9,2026-08-28T20:02:16Z,90000,54265,35735,,,,,,,,,,,,,,,,,
campaign_e_out,out_n90000_rho0.6_correlated_seed2.pcf,dhfma,0,0,110840196,38179,38178,10697801714105320579,31420,23f703aa3bc9,2026-08-28T20:02:16Z,90000,53976,36024,,,,,,,,,,,,,,,,,
campaign_e_out,out_n90000_rho0.6_correlated_seed2.pcf,dhfma,1,0,107959132,38179,38178,10697801714105320579,34612,23f703aa3bc9,2026-08-28T20:02:16Z,90000,53976,36024,,,,,,,,,,,,,,,,,
campaign_e_out,out_n90000_rho0.6_correlated_seed2.pcf,dhfma,2,0,109021251,38179,38178,10697801714105320579,34612,23f703aa3bc9,2026-08-28T20:02:16Z,90000,53976,36024,,,,,,,,,,,,,,,,,
campaign_e_out,out_n90000_rho0.6_correlated_seed3.pcf,dhfma,0,0,117671027,38379,38378,15476464266162140620,32100,23f703aa3bc9,2026-08-28T20:02:16Z,90000,53779,36221,,,,,,,,,,,,,,,,,
campaign_e_out,out_n90000_rho0.6_correlated_seed3.pcf,dhfma,1,0,114981933,38379,38378,15476464266162140620,35140,23f703aa3bc9,2026-08-28T20:02:16Z,90000,53779,36221,,,,,,,,,,,,,,,,,
campaign_e_out,out_n90000_rho0.6_correlated_seed3.pcf,dhfma,2,0,115757636,38379,38378,15476464266162140620,35140,23f703aa3bc9,2026-08-28T20:02:16Z,90000,53779,36221,,,,,,,,,,,,,,,,,
campaign_e_out,out_n90000_rho0.6_correlated_seed4.pcf,dhfma,0,0,113217487,38295,38294,6115812679130815519,31920,23f703aa3bc9,2026-08-28T20:02:17Z,90000,53993,36007,,,,,,,,,,,,,,,,,
campaign_e_out,out_n90000_rho0.6_correlated_seed4.pcf,dhfma,1,0,110804871,38295,38294,6115812679130815519,34808,23f703aa3bc9,2026-08-28T20:02:17Z,90000,53993,36007,,,,,,,,,,,,,,,,,
campaign_e_out,out_n90000_rho0.6_correlated_seed4.pcf,dhfma,2,0,113198719,38295,38294,6115812679130815519,34808,23f703aa3bc9,2026-08-28T20:02:17Z,90000,53993,36007,,,,,,,,,,,,,,,,,
campaign_e_out,out_n90000_rho0.6_exact-ties_seed0.pcf,dhfma,0,0,111331024,13413,13412,11077407714118656718,26540,23f703aa3bc9,2026-08-28T20:02:17Z,90000,54036,35964,,,,,,,,,,,,,,,,,
campaign_e_out,out_n90000_rho0.6_exact-ties_seed0.pcf,dhfma,1,0,110043735,13413,13412,11077407714118656718,30376,23f703aa3bc9,2026-08-28T20:02:17Z,90000,54036,35964,,,,,,,,,,,,,,,,,
campaign_e_out,out_n90000_rho0.6_exact-ties_seed0.pcf,dhfma,2,0,111089786,13413,13412,11077407714118656718,30784,23f703aa3bc9,2026-08-28T20:02:17Z,90000,54036,35964,,,,,,,,,,,,,,,,,
campaign_e_out,out_n90000_rho0.6_exact-ties_seed1.pcf,dhfma,0,0,112676144,13544,13543,6271152087737174367,26844,23f703aa3bc9,2026-08-28T20:02:17Z,90000,54284,35716,,,,,,,,,,,,,,,,,
campaign_e_out,out_n90000_rho0.6_exact-ties_seed1.pcf,dhfma,1,0,111623653,13544,13543,6271152087737174367,31016,23f703aa3bc9,2026-08-28T20:02:17Z,90000,54284,35716,,,,,,,,,,,,,,,,,
campaign_e_out,out_n90000_rho0.6_exact-ties_seed1.pcf,dhfma,2,0,112397106,13544,13543,6271152087737174367,31380,23f703aa3bc9,2026-08-28T20:02:18Z,90000,54284,35716,,,,,,,,,,,,,,,,,
campaign_e_out,out_n90000_rho0.6_exact-ties_seed2.pcf,dhfma,0,0,106999674,13547,13546,6815776456140464350,27240,23f703aa3bc9,2026-08-28T20:02:18Z,90000,53842,36158,,,,,,,,,,,,,,,,,
campaign_e_out,out_n90000_rho0.6_exact-ties_seed2.pcf,dhfma,1,0,106950377,13547,13546,6815776456140464350,30792,23f703aa3bc9,2026-08-28T20:02:18Z,90000,53842,36158,,,,,,,,,,,,,,,,,
campaign_e_out,out_n90000_rho0.6_exact-ties_seed2.pcf,dhfma,2,0,106983620,13547,13546,6815776456140464350,31248,23f703aa3bc9,2026-08-28T20:02:18Z,90000,53842,36158,,,,,,,,,,,,,,,,,
campaign_e_out,out_n90000_rho0.6_exact-ties_seed3.pcf,dhfma,0,0,102961424,13548,13547,17455298619899840584,26924,23f703aa3bc9,2026-08-28T20:02:18Z,90000,53861,36139,,,,,,,,,,,,,,,,,
campaign_e_out,out_n90000_rho0.6_exact-ties_seed3.pcf,dhfma,1,0,102152868,13548,13547,17455298619899840584,30024,23f703aa3bc9,2026-08-28T20:02:18Z,90000,53861,36139,,,,,,,,,,,,,,,,,
campaign_e_out,out_n90000_rho0.6_exact-ties_seed3.pcf,dhfma,2,0,102793762,13548,13547,17455298619899840584,30024,23f703aa3bc9,2026-08-28T20:02:18Z,90000,53861,36139,,,,,,,,,,,,,,,,,
campaign_e_out,out_n90000_rho0.6_exact-ties_seed4.pcf,dhfma,0,0,109103026,13679,13678,13625513550989282334,27248,23f703aa3bc9,2026-08-28T20:02:18Z,90000,53975,36025,,,,,,,,,,,,,,,,,
campaign_e_out,out_n90000_rho0.6_exact-ties_seed4.pcf,dhfma,1,0,107617218,13679,13678,13625513550989282334,30940,23f703aa3bc9,2026-08-28T20:02:18Z,90000,53975,36025,,,,,,,,,,,,,,,,,
campaign_e_out,out_n90000_rho0.6_exact-ties_seed4.pcf,dhfma,2,0,108655752,13679,13678,13625513550989282334,30940,23f703aa3bc9,2026-08-28T20:02:19Z,90000,53975,36025,,,,,,,,,,,,,,,,,
campaign_e_out,out_n90000_rho0.6_independent-positive_seed0.pcf,dhfma,0,0,115189710,57180,57179,1327800379149674236,35420,23f703aa3bc9,2026-08-28T20:02:19Z,90000,53951,36049,,,,,,,,,,,,,,,,,
campaign_e_out,out_n90000_rho0.6_independent-positive_seed0.pcf,dhfma,1,0,111558582,57180,57179,1327800379149674236,37064,23f703aa3bc9,2026-08-28T20:02:19Z,90000,53951,36049,,,,,,,,,,,,,,,,,
campaign_e_out,out_n90000_rho0.6_independent-positive_seed0.pcf,dhfma,2,0,109355313,57180,57179,1327800379149674236,38184,23f703aa3bc9,2026-08-28T20:02:19Z,90000,53951,36049,,,,,,,,,,,,,,,,,
campaign_e_out,out_n90000_rho0.6_independent-positive_seed1.pcf,dhfma,0,0,118668323,57171,57170,10889598523804236554,35752,23f703aa3bc9,2026-08-28T20:02:19Z,90000,54145,35855,,,,,,,,,,,,,,,,,
campaign_e_out,out_n90000_rho0.6_independent-positive_seed1.pcf,dhfma,1,0,115441734,57171,57170,10889598523804236554,37552,23f703aa3bc9,2026-08-28T20:02:19Z,90000,54145,35855,,,,,,,,,,,,,,,,,
campaign_e_out,out_n90000_rho0.6_independent-positive_seed1.pcf,dhfma,2,0,113152364,57171,57170,10889598523804236554,38192,23f703aa3bc9,2026-08-28T20:02:19Z,90000,54145,35855,,,,,,,,,,,,,,,,,
campaign_e_out,out_n90000_rho0.6_independent-positive_seed2.pcf,dhfma,0,0,120041714,57235,57234,1928101482844225706,35852,23f703aa3bc9,2026-08-28T20:02:19Z,90000,53902,36098,,,,,,,,,,,,,,,,,
campaign_e_out,out_n90000_rho0.6_independent-positive_seed2.pcf,dhfma,1,0,116104055,57235,57234,1928101482844225706,37668,23f703aa3bc9,2026-08-28T20:02:20Z,90000,53902,36098,,,,,,,,,,,,,,,,,
campaign_e_out,out_n90000_rho0.6_independent-positive_seed2.pcf,dhfma,2,0,118046826,57235,57234,1928101482844225706,37668,23f703aa3bc9,2026-08-28T20:02:20Z,90000,53902,36098,,,,,,,,,,,,,,,,,
campaign_e_out,out_n90000_rho0.6_independent-positive_seed3.pcf,dhfma,0,0,115216122,57463,57462,16027118106937518122,35208,23f703aa3bc9,2026-08-28T20:02:20Z,90000,53787,36213,,,,,,,,,,,,,,,,,
campaign_e_out,out_n90000_rho0.6_independent-positive_seed3.pcf,dhfma,1,0,111648761,57463,57462,16027118106937518122,37200,23f703aa3bc9,2026-08-28T20:02:20Z,90000,53787,36213,,,,,,,,,,,,,,,,,
campaign_e_out,out_n90000_rho0.6_independent-positive_seed3.pcf,dhfma,2,0,111491456,57463,57462,16027118106937518122,38908,23f703aa3bc9,2026-08-28T20:02:20Z,90000,53787,36213,,,,,,,,,,,,,,,,,
campaign_e_out,out_n90000_rho0.6_independent-positive_seed4.pcf,dhfma,0,0,110687829,57549,57548,10992220437007827968,35104,23f703aa3bc9,2026-08-28T20:02:20Z,90000,53759,36241,,,,,,,,,,,,,,,,,
campaign_e_out,out_n90000_rho0.6_independent-positive_seed4.pcf,dhfma,1,0,106702781,57549,57548,10992220437007827968,36784,23f703aa3bc9,2026-08-28T20:02:20Z,90000,53759,36241,,,,,,,,,,,,,,,,,
campaign_e_out,out_n90000_rho0.6_independent-positive_seed4.pcf,dhfma,2,0,111433403,57549,57548,10992220437007827968,36784,23f703aa3bc9,2026-08-28T20:02:20Z,90000,53759,36241,,,,,,,,,,,,,,,,,
campaign_e_out,out_n90000_rho0.6_independent-signed_seed0.pcf,dhfma,0,0,124069850,59653,59652,3585284267890456321,35528,23f703aa3bc9,2026-08-28T20:02:21Z,90000,53948,36052,,,,,,,,,,,,,,,,,
campaign_e_out,out_n90000_rho0.6_independent-signed_seed0.pcf,dhfma,1,0,112736128,59653,59652,3585284267890456321,37616,23f703aa3bc9,2026-08-28T20:02:21Z,90000,53948,36052,,,,,,,,,,,,,,,,,
campaign_e_out,out_n90000_rho0.6_independent-signed_seed0.pcf,dhfma,2,0,114650054,59653,59652,3585284267890456321,37616,23f703aa3bc9,2026-08-28T20:02:21Z,90000,53948,36052,,,,,,,,,,,,,,,,,
campaign_e_out,out_n90000_rho0.6_independent-signed_seed1.pcf,dhfma,0,0,117953815,59309,59308,7737506123779568066,35632,23f703aa3bc9,2026-08-28T20:02:21Z,90000,54138,35862,,,,,,,,,,,,,,,,,
campaign_e_out,out_n90000_rho0.6_independent-signed_seed1.pcf,dhfma,1,0,114493445,59309,59308,7737506123779568066,37192,23f703aa3bc9,2026-08-28T20:02:21Z,90000,54138,35862,,,,,,,,,,,,,,,,,
campaign_e_out,out_n90000_rho0.6_independent-signed_seed1.pcf,dhfma,2,0,115155097,59309,59308,7737506123779568066,37192,23f703aa3bc9,2026-08-28T20:02:21Z,90000,54138,35862,,,,,,,,,,,,,,,,,
campaign_e_out,out_n90000_rho0.6_independent-signed_seed2.pcf,dhfma,0,0,120411847,59400,59399,9493396156951330298,36292,23f703aa3bc9,2026-08-28T20:02:21Z,90000,53908,36092,,,,,,,,,,,,,,,,,
campaign_e_out,out_n90000_rho0.6_independent-signed_seed2.pcf,dhfma,1,0,116852262,59400,59399,9493396156951330298,38032,23f703aa3bc9,2026-08-28T20:02:21Z,90000,53908,36092,,,,,,,,,,,,,,,,,
campaign_e_out,out_n90000_rho0.6_independent-signed_seed2.pcf,dhfma,2,0,117637798,59400,59399,9493396156951330298,38032,23f703aa3bc9,2026-08-28T20:02:22Z,90000,53908,36092,,,,,,,,,,,,,,,,,
campaign_e_out,out_n90000_rho0.6_independent-signed_seed3.pcf,dhfma,0,0,110443923,59629,59628,5054241319235666749,35172,23f703aa3bc9,2026-08-28T20:02:22Z,90000,53777,36223,,,,,,,,,,,,,,,,,
campaign_e_out,out_n90000_rho0.6_independent-signed_seed3.pcf,dhfma,1,0,107223344,59629,59628,5054241319235666749,36868,23f703aa3bc9,2026-08-28T20:02:22Z,90000,53777,36223,,,,,,,,,,,,,,,,,
campaign_e_out,out_n90000_rho0.6_independent-signed_seed3.pcf,dhfma,2,0,108362188,59629,59628,5054241319235666749,36868,23f703aa3bc9,2026-08-28T20:02:22Z,90000,53777,36223,,,,,,,,,,,,,,,,,
campaign_e_out,out_n90000_rho0.6_independent-signed_seed4.pcf,dhfma,0,0,113667376,59600,59599,349818632570942871,35940,23f703aa3bc9,2026-08-28T20:02:22Z,90000,53759,36241,,,,,,,,,,,,,,,,,
campaign_e_out,out_n90000_rho0.6_independent-signed_seed4.pcf,dhfma,1,0,109979710,59600,59599,349818632570942871,37372,23f703aa3bc9,2026-08-28T20:02:22Z,90000,53759,36241,,,,,,,,,,,,,,,,,
campaign_e_out,out_n90000_rho0.6_independent-signed_seed4.pcf,dhfma,2,0,111560385,59600,59599,349818632570942871,37372,23f703aa3bc9,2026-08-28T20:02:22Z,90000,53759,36241,,,,,,,,,,,,,,,,,
campaign_e_out,out_n90000_rho0.6_near-ties_seed0.pcf,dhfma,0,0,104938627,1404,1403,9478489013696965624,27104,23f703aa3bc9,2026-08-28T20:02:22Z,90000,54163,35837,,,,,,,,,,,,,,,,,
campaign_e_out,out_n90000_rho0.6_near-ties_seed0.pcf,dhfma,1,0,104090522,1404,1403,9478489013696965624,30460,23f703aa3bc9,2026-08-28T20:02:23Z,90000,54163,35837,,,,,,,,,,,,,,,,,
campaign_e_out,out_n90000_rho0.6_near-ties_seed0.pcf,dhfma,2,0,103475970,1404,1403,9478489013696965624,30936,23f703aa3bc9,2026-08-28T20:02:23Z,90000,54163,35837,,,,,,,,,,,,,,,,,
campaign_e_out,out_n90000_rho0.6_near-ties_seed1.pcf,dhfma,0,0,102889440,1431,1430,13278940728860103013,27260,23f703aa3bc9,2026-08-28T20:02:23Z,90000,54131,35869,,,,,,,,,,,,,,,,,
campaign_e_out,out_n90000_rho0.6_near-ties_seed1.pcf,dhfma,1,0,102022605,1431,1430,13278940728860103013,29812,23f703aa3bc9,2026-08-28T20:02:23Z,90000,54131,35869,,,,,,,,,,,,,,,,,
campaign_e_out,out_n90000_rho0.6_near-ties_seed1.pcf,dhfma,2,0,101550466,1431,1430,13278940728860103013,29932,23f703aa3bc9,2026-08-28T20:02:23Z,90000,54131,35869,,,,,,,,,,,,,,,,,
campaign_e_out,out_n90000_rho0.6_near-ties_seed2.pcf,dhfma,0,0,104503085,1441,1440,14595146662731994584,26628,23f703aa3bc9,2026-08-28T20:02:23Z,90000,54173,35827,,,,,,,,,,,,,,,,,
campaign_e_out,out_n90000_rho0.6_near-ties_seed2.pcf,dhfma,1,0,103052537,1441,1440,14595146662731994584,29860,23f703aa3bc9,2026-08-28T20:02:23Z,90000,54173,35827,,,,,,,,,,,,,,,,,
campaign_e_out,out_n90000_rho0.6_near-ties_seed2.pcf,dhfma,2,0,102796699,1441,1440,14595146662731994584,29876,23f703aa3bc9,2026-08-28T20:02:23Z,90000,54173,35827,,,,,,,,,,,,,,,,,
campaign_e_out,out_n90000_rho0.6_near-ties_seed3.pcf,dhfma,0,0,102714228,1429,1428,1382283157441438870,27228,23f703aa3bc9,2026-08-28T20:02:23Z,90000,53693,36307,,,,,,,,,,,,,,,,,
campaign_e_out,out_n90000_rho0.6_near-ties_seed3.pcf,dhfma,1,0,101805778,1429,1428,1382283157441438870,30416,23f703aa3bc9,2026-08-28T20:02:24Z,90000,53693,36307,,,,,,,,,,,,,,,,,
campaign_e_out,out_n90000_rho0.6_near-ties_seed3.pcf,dhfma,2,0,101669820,1429,1428,1382283157441438870,30512,23f703aa3bc9,2026-08-28T20:02:24Z,90000,53693,36307,,,,,,,,,,,,,,,,,
campaign_e_out,out_n90000_rho0.6_near-ties_seed4.pcf,dhfma,0,0,105608391,1427,1426,262455599343897428,27252,23f703aa3bc9,2026-08-28T20:02:24Z,90000,54002,35998,,,,,,,,,,,,,,,,,
campaign_e_out,out_n90000_rho0.6_near-ties_seed4.pcf,dhfma,1,0,104079977,1427,1426,262455599343897428,29808,23f703aa3bc9,2026-08-28T20:02:24Z,90000,54002,35998,,,,,,,,,,,,,,,,,
campaign_e_out,out_n90000_rho0.6_near-ties_seed4.pcf,dhfma,2,0,104153647,1427,1426,262455599343897428,30244,23f703aa3bc9,2026-08-28T20:02:24Z,90000,54002,35998,,,,,,,,,,,,,,,,,
campaign_e_out,out_n90000_rho1.0_anti-correlated_seed0.pcf,dhfma,0,0,2587321093,38759,38758,17465247786046619454,218352,23f703aa3bc9,2026-08-28T20:02:27Z,90000,89999,1,,,,,,,,,,,,,,,,,
campaign_e_out,out_n90000_rho1.0_anti-correlated_seed0.pcf,dhfma,1,0,2583355380,38759,38758,17465247786046619454,265844,23f703aa3bc9,2026-08-28T20:02:29Z,90000,89999,1,,,,,,,,,,,,,,,,,
campaign_e_out,out_n90000_rho1.0_anti-correlated_seed0.pcf,dhfma,2,0,2585283559,38759,38758,17465247786046619454,265844,23f703aa3bc9,2026-08-28T20:02:32Z,90000,89999,1,,,,,,,,,,,,,,,,,
campaign_e_out,out_n90000_rho1.0_anti-correlated_seed1.pcf,dhfma,0,0,2320100596,38717,38716,6014291550270926031,218004,23f703aa3bc9,2026-08-28T20:02:34Z,90000,89999,1,,,,,,,,,,,,,,,,,
campaign_e_out,out_n90000_rho1.0_anti-correlated_seed1.pcf,dhfma,1,0,2315637889,38717,38716,6014291550270926031,265812,23f703aa3bc9,2026-08-28T20:02:36Z,90000,89999,1,,,,,,,,,,,,,,,,,
campaign_e_out,out_n90000_rho1.0_anti-correlated_seed1.pcf,dhfma,2,0,2320626680,38717,38716,6014291550270926031,266580,23f703aa3bc9,2026-08-28T20:02:39Z,90000,89999,1,,,,,,,,,,,,,,,,,
campaign_e_out,out_n90000_rho1.0_anti-correlated_seed2.pcf,dhfma,0,0,2082616282,38813,38812,13255004419696688761,218352,23f703aa3bc9,2026-08-28T20:02:41Z,90000,89999,1,,,,,,,,,,,,,,,,,
campaign_e_out,out_n90000_rho1.0_anti-correlated_seed2.pcf,dhfma,1,0,2087755766,38813,38812,13255004419696688761,265428,23f703aa3bc9,2026-08-28T20:02:43Z,90000,89999,1,,,,,,,,,,,,,,,,,
campaign_e_out,out_n90000_rho1.0_anti-correlated_seed2.pcf,dhfma,2,0,2084200666,38813,38812,13255004419696688761,266196,23f703aa3bc9,2026-08-28T20:02:45Z,90000,89999,1,,,,,,,,,,,,,,,,,
campaign_e_out,out_n90000_rho1.0_anti-correlated_seed3.pcf,dhfma,0,0,1522354227,38749,38748,2982225049736835720,119308,23f703aa3bc9,2026-08-28T20:02:47Z,90000,89999,1,,,,,,,,,,,,,,,,,
campaign_e_out,out_n90000_rho1.0_anti-correlated_seed3.pcf,dhfma,1,0,1516105239,38749,38748,2982225049736835720,167860,23f703aa3bc9,2026-08-28T20:02:48Z,90000,89999,1,,,,,,,,,,,,,,,,,
campaign_e_out,out_n90000_rho1.0_anti-correlated_seed3.pcf,dhfma,2,0,1507589938,38749,38748,2982225049736835720,167900,23f703aa3bc9,2026-08-28T20:02:50Z,90000,89999,1,,,,,,,,,,,,,,,,,
campaign_e_out,out_n90000_rho1.0_anti-correlated_seed4.pcf,dhfma,0,0,1762518593,38630,38629,17720506532875901759,127116,23f703aa3bc9,2026-08-28T20:02:51Z,90000,89999,1,,,,,,,,,,,,,,,,,
campaign_e_out,out_n90000_rho1.0_anti-correlated_seed4.pcf,dhfma,1,0,1758019941,38630,38629,17720506532875901759,166292,23f703aa3bc9,2026-08-28T20:02:53Z,90000,89999,1,,,,,,,,,,,,,,,,,
campaign_e_out,out_n90000_rho1.0_anti-correlated_seed4.pcf,dhfma,2,0,1747828247,38630,38629,17720506532875901759,168112,23f703aa3bc9,2026-08-28T20:02:55Z,90000,89999,1,,,,,,,,,,,,,,,,,
campaign_e_out,out_n90000_rho1.0_correlated_seed0.pcf,dhfma,0,0,2249337092,30964,30963,13303013811537485981,218352,23f703aa3bc9,2026-08-28T20:02:57Z,90000,89999,1,,,,,,,,,,,,,,,,,
campaign_e_out,out_n90000_rho1.0_correlated_seed0.pcf,dhfma,1,0,2240211074,30964,30963,13303013811537485981,265464,23f703aa3bc9,2026-08-28T20:03:00Z,90000,89999,1,,,,,,,,,,,,,,,,,
campaign_e_out,out_n90000_rho1.0_correlated_seed0.pcf,dhfma,2,0,2232269670,30964,30963,13303013811537485981,265832,23f703aa3bc9,2026-08-28T20:03:02Z,90000,89999,1,,,,,,,,,,,,,,,,,
campaign_e_out,out_n90000_rho1.0_correlated_seed1.pcf,dhfma,0,0,2059214006,31034,31033,7146004310446367910,218000,23f703aa3bc9,2026-08-28T20:03:04Z,90000,89999,1,,,,,,,,,,,,,,,,,
campaign_e_out,out_n90000_rho1.0_correlated_seed1.pcf,dhfma,1,0,2058144825,31034,31033,7146004310446367910,266556,23f703aa3bc9,2026-08-28T20:03:06Z,90000,89999,1,,,,,,,,,,,,,,,,,
campaign_e_out,out_n90000_rho1.0_correlated_seed1.pcf,dhfma,2,0,2056205798,31034,31033,7146004310446367910,266556,23f703aa3bc9,2026-08-28T20:03:08Z,90000,89999,1,,,,,,,,,,,,,,,,,
campaign_e_out,out_n90000_rho1.0_correlated_seed2.pcf,dhfma,0,0,1553736500,30939,30938,2033260460984172106,120008,23f703aa3bc9,2026-08-28T20:03:10Z,90000,89999,1,,,,,,,,,,,,,,,,,
campaign_e_out,out_n90000_rho1.0_correlated_seed2.pcf,dhfma,1,0,1551978720,30939,30938,2033260460984172106,167100,23f703aa3bc9,2026-08-28T20:03:11Z,90000,89999,1,,,,,,,,,,,,,,,,,
campaign_e_out,out_n90000_rho1.0_correlated_seed2.pcf,dhfma,2,0,1559222199,30939,30938,2033260460984172106,167620,23f703aa3bc9,2026-08-28T20:03:13Z,90000,89999,1,,,,,,,,,,,,,,,,,
campaign_e_out,out_n90000_rho1.0_correlated_seed3.pcf,dhfma,0,0,1755485106,30846,30845,9070287774193867824,217644,23f703aa3bc9,2026-08-28T20:03:15Z,90000,89999,1,,,,,,,,,,,,,,,,,
campaign_e_out,out_n90000_rho1.0_correlated_seed3.pcf,dhfma,1,0,1757254241,30846,30845,9070287774193867824,265864,23f703aa3bc9,2026-08-28T20:03:16Z,90000,89999,1,,,,,,,,,,,,,,,,,
campaign_e_out,out_n90000_rho1.0_correlated_seed3.pcf,dhfma,2,0,1758020079,30846,30845,9070287774193867824,265864,23f703aa3bc9,2026-08-28T20:03:18Z,90000,89999,1,,,,,,,,,,,,,,,,,
campaign_e_out,out_n90000_rho1.0_correlated_seed4.pcf,dhfma,0,0,1804013281,30987,30986,7711569814508194546,218000,23f703aa3bc9,2026-08-28T20:03:20Z,90000,89999,1,,,,,,,,,,,,,,,,,
campaign_e_out,out_n90000_rho1.0_correlated_seed4.pcf,dhfma,1,0,1800299828,30987,30986,7711569814508194546,264976,23f703aa3bc9,2026-08-28T20:03:22Z,90000,89999,1,,,,,,,,,,,,,,,,,
campaign_e_out,out_n90000_rho1.0_correlated_seed4.pcf,dhfma,2,0,1815182759,30987,30986,7711569814508194546,265740,23f703aa3bc9,2026-08-28T20:03:23Z,90000,89999,1,,,,,,,,,,,,,,,,,
campaign_e_out,out_n90000_rho1.0_exact-ties_seed0.pcf,dhfma,0,0,1763796094,14848,14847,18381696970031398128,218712,23f703aa3bc9,2026-08-28T20:03:25Z,90000,89999,1,,,,,,,,,,,,,,,,,
campaign_e_out,out_n90000_rho1.0_exact-ties_seed0.pcf,dhfma,1,0,1761676647,14848,14847,18381696970031398128,265960,23f703aa3bc9,2026-08-28T20:03:27Z,90000,89999,1,,,,,,,,,,,,,,,,,
campaign_e_out,out_n90000_rho1.0_exact-ties_seed0.pcf,dhfma,2,0,1763129864,14848,14847,18381696970031398128,265960,23f703aa3bc9,2026-08-28T20:03:29Z,90000,89999,1,,,,,,,,,,,,,,,,,
campaign_e_out,out_n90000_rho1.0_exact-ties_seed1.pcf,dhfma,0,0,2423574910,14710,14709,5894335939497977090,217480,23f703aa3bc9,2026-08-28T20:03:31Z,90000,89999,1,,,,,,,,,,,,,,,,,
campaign_e_out,out_n90000_rho1.0_exact-ties_seed1.pcf,dhfma,1,0,2423279734,14710,14709,5894335939497977090,266112,23f703aa3bc9,2026-08-28T20:03:34Z,90000,89999,1,,,,,,,,,,,,,,,,,
campaign_e_out,out_n90000_rho1.0_exact-ties_seed1.pcf,dhfma,2,0,2423638362,14710,14709,5894335939497977090,266112,23f703aa3bc9,2026-08-28T20:03:36Z,90000,89999,1,,,,,,,,,,,,,,,,,
campaign_e_out,out_n90000_rho1.0_exact-ties_seed2.pcf,dhfma,0,0,1497814153,14707,14706,2141381461849531372,119856,23f703aa3bc9,2026-08-28T20:03:38Z,90000,89999,1,,,,,,,,,,,,,,,,,
campaign_e_out,out_n90000_rho1.0_exact-ties_seed2.pcf,dhfma,1,0,1500873104,14707,14706,2141381461849531372,167452,23f703aa3bc9,2026-08-28T20:03:39Z,90000,89999,1,,,,,,,,,,,,,,,,,
campaign_e_out,out_n90000_rho1.0_exact-ties_seed2.pcf,dhfma,2,0,1500349742,14707,14706,2141381461849531372,168200,23f703aa3bc9,2026-08-28T20:03:41Z,90000,89999,1,,,,,,,,,,,,,,,,,
campaign_e_out,out_n90000_rho1.0_exact-ties_seed3.pcf,dhfma,0,0,2359807478,14688,14687,6372431789925854517,217484,23f703aa3bc9,2026-08-28T20:03:43Z,90000,89999,1,,,,,,,,,,,,,,,,,
campaign_e_out,out_n90000_rho1.0_exact-ties_seed3.pcf,dhfma,1,0,2363783499,14688,14687,6372431789925854517,265560,23f703aa3bc9,2026-08-28T20:03:45Z,90000,89999,1,,,,,,,,,,,,,,,,,
campaign_e_out,out_n90000_rho1.0_exact-ties_seed3.pcf,dhfma,2,0,2370863307,14688,14687,6372431789925854517,265560,23f703aa3bc9,2026-08-28T20:03:48Z,90000,89999,1,,,,,,,,,,,,,,,,,
campaign_e_out,out_n90000_rho1.0_exact-ties_seed4.pcf,dhfma,0,0,1992450994,14880,14879,11946260538693842323,217488,23f703aa3bc9,2026-08-28T20:03:50Z,90000,89999,1,,,,,,,,,,,,,,,,,
campaign_e_out,out_n90000_rho1.0_exact-ties_seed4.pcf,dhfma,1,0,1991053167,14880,14879,11946260538693842323,265572,23f703aa3bc9,2026-08-28T20:03:52Z,90000,89999,1,,,,,,,,,,,,,,,,,
campaign_e_out,out_n90000_rho1.0_exact-ties_seed4.pcf,dhfma,2,0,1990750569,14880,14879,11946260538693842323,265572,23f703aa3bc9,2026-08-28T20:03:54Z,90000,89999,1,,,,,,,,,,,,,,,,,
campaign_e_out,out_n90000_rho1.0_independent-positive_seed0.pcf,dhfma,0,0,1971469281,42502,42501,16783502850164457111,218720,23f703aa3bc9,2026-08-28T20:03:56Z,90000,89999,1,,,,,,,,,,,,,,,,,
campaign_e_out,out_n90000_rho1.0_independent-positive_seed0.pcf,dhfma,1,0,1968889279,42502,42501,16783502850164457111,266212,23f703aa3bc9,2026-08-28T20:03:58Z,90000,89999,1,,,,,,,,,,,,,,,,,
campaign_e_out,out_n90000_rho1.0_independent-positive_seed0.pcf,dhfma,2,0,1978922294,42502,42501,16783502850164457111,266544,23f703aa3bc9,2026-08-28T20:04:00Z,90000,89999,1,,,,,,,,,,,,,,,,,
campaign_e_out,out_n90000_rho1.0_independent-positive_seed1.pcf,dhfma,0,0,2613042529,42566,42565,7323659298578085942,218000,23f703aa3bc9,2026-08-28T20:04:02Z,90000,89999,1,,,,,,,,,,,,,,,,,
campaign_e_out,out_n90000_rho1.0_independent-positive_seed1.pcf,dhfma,1,0,2610124660,42566,42565,7323659298578085942,266560,23f703aa3bc9,2026-08-28T20:04:05Z,90000,89999,1,,,,,,,,,,,,,,,,,
campaign_e_out,out_n90000_rho1.0_independent-positive_seed1.pcf,dhfma,2,0,2602468283,42566,42565,7323659298578085942,267484,23f703aa3bc9,2026-08-28T20:04:08Z,90000,89999,1,,,,,,,,,,,,,,,,,
campaign_e_out,out_n90000_rho1.0_independent-positive_seed2.pcf,dhfma,0,0,2773729629,42618,42617,8525455665485782121,217648,23f703aa3bc9,2026-08-28T20:04:11Z,90000,89999,1,,,,,,,,,,,,,,,,,
campaign_e_out,out_n90000_rho1.0_independent-positive_seed2.pcf,dhfma,1,0,2776475059,42618,42617,8525455665485782121,265244,23f703aa3bc9,2026-08-28T20:04:13Z,90000,89999,1,,,,,,,,,,,,,,,,,
campaign_e_out,out_n90000_rho1.0_independent-positive_seed2.pcf,dhfma,2,0,2762667796,42618,42617,8525455665485782121,265284,23f703aa3bc9,2026-08-28T20:04:16Z,90000,89999,1,,,,,,,,,,,,,,,,,
campaign_e_out,out_n90000_rho1.0_independent-positive_seed3.pcf,dhfma,0,0,1637734424,42284,42283,11877588928813934516,122996,23f703aa3bc9,2026-08-28T20:04:18Z,90000,89999,1,,,,,,,,,,,,,,,,,
campaign_e_out,out_n90000_rho1.0_independent-positive_seed3.pcf,dhfma,1,0,1635495751,42284,42283,11877588928813934516,168544,23f703aa3bc9,2026-08-28T20:04:19Z,90000,89999,1,,,,,,,,,,,,,,,,,
campaign_e_out,out_n90000_rho1.0_independent-positive_seed3.pcf,dhfma,2,0,1638303220,42284,42283,11877588928813934516,168640,23f703aa3bc9,2026-08-28T20:04:21Z,90000,89999,1,,,,,,,,,,,,,,,,,
campaign_e_out,out_n90000_rho1.0_independent-positive_seed4.pcf,dhfma,0,0,1851757772,42499,42498,3353521506680029694,217264,23f703aa3bc9,2026-08-28T20:04:23Z,90000,89999,1,,,,,,,,,,,,,,,,,
campaign_e_out,out_n90000_rho1.0_independent-positive_seed4.pcf,dhfma,1,0,1837103752,42499,42498,3353521506680029694,266164,23f703aa3bc9,2026-08-28T20:04:25Z,90000,89999,1,,,,,,,,,,,,,,,,,
campaign_e_out,out_n90000_rho1.0_independent-positive_seed4.pcf,dhfma,2,0,1833405509,42499,42498,3353521506680029694,266164,23f703aa3bc9,2026-08-28T20:04:27Z,90000,89999,1,,,,,,,,,,,,,,,,,
campaign_e_out,out_n90000_rho1.0_independent-signed_seed0.pcf,dhfma,0,0,1448158994,43978,43977,9073356505943813987,120020,23f703aa3bc9,2026-08-28T20:04:28Z,90000,89999,1,,,,,,,,,,,,,,,,,
campaign_e_out,out_n90000_rho1.0_independent-signed_seed0.pcf,dhfma,1,0,1441349730,43978,43977,9073356505943813987,167236,23f703aa3bc9,2026-08-28T20:04:30Z,90000,89999,1,,,,,,,,,,,,,,,,,
campaign_e_out,out_n90000_rho1.0_independent-signed_seed0.pcf,dhfma,2,0,1444179543,43978,43977,9073356505943813987,168000,23f703aa3bc9,2026-08-28T20:04:31Z,90000,89999,1,,,,,,,,,,,,,,,,,
campaign_e_out,out_n90000_rho1.0_independent-signed_seed1.pcf,dhfma,0,0,2376161582,43761,43760,9565490453817540441,218704,23f703aa3bc9,2026-08-28T20:04:33Z,90000,89999,1,,,,,,,,,,,,,,,,,
campaign_e_out,out_n90000_rho1.0_independent-signed_seed1.pcf,dhfma,1,0,2366366221,43761,43760,9565490453817540441,265852,23f703aa3bc9,2026-08-28T20:04:36Z,90000,89999,1,,,,,,,,,,,,,,,,,
campaign_e_out,out_n90000_rho1.0_independent-signed_seed1.pcf,dhfma,2,0,2373297052,43761,43760,9565490453817540441,265852,23f703aa3bc9,2026-08-28T20:04:38Z,90000,89999,1,,,,,,,,,,,,,,,,,
campaign_e_out,out_n90000_rho1.0_independent-signed_seed2.pcf,dhfma,0,0,1595120800,43775,43774,6218883364117415376,122352,23f703aa3bc9,2026-08-28T20:04:40Z,90000,89999,1,,,,,,,,,,,,,,,,,
campaign_e_out,out_n90000_rho1.0_independent-signed_seed2.pcf,dhfma,1,0,1588803421,43775,43774,6218883364117415376,167660,23f703aa3bc9,2026-08-28T20:04:41Z,90000,89999,1,,,,,,,,,,,,,,,,,
campaign_e_out,out_n90000_rho1.0_independent-signed_seed2.pcf,dhfma,2,0,1602878915,43775,43774,6218883364117415376,167660,23f703aa3bc9,2026-08-28T20:04:43Z,90000,89999,1,,,,,,,,,,,,,,,,,
campaign_e_out,out_n90000_rho1.0_independent-signed_seed3.pcf,dhfma,0,0,1669811639,43587,43586,8242180629562086155,125716,23f703aa3bc9,2026-08-28T20:04:45Z,90000,89999,1,,,,,,,,,,,,,,,,,
campaign_e_out,out_n90000_rho1.0_independent-signed_seed3.pcf,dhfma,1,0,1669631516,43587,43586,8242180629562086155,167292,23f703aa3bc9,2026-08-28T20:04:46Z,90000,89999,1,,,,,,,,,,,,,,,,,
campaign_e_out,out_n90000_rho1.0_independent-signed_seed3.pcf,dhfma,2,0,1659171399,43587,43586,8242180629562086155,169316,23f703aa3bc9,2026-08-28T20:04:48Z,90000,89999,1,,,,,,,,,,,,,,,,,
campaign_e_out,out_n90000_rho1.0_independent-signed_seed4.pcf,dhfma,0,0,1748947924,44144,44143,18038451407024545356,218360,23f703aa3bc9,2026-08-28T20:04:50Z,90000,89999,1,,,,,,,,,,,,,,,,,
campaign_e_out,out_n90000_rho1.0_independent-signed_seed4.pcf,dhfma,1,0,1743734621,44144,44143,18038451407024545356,265948,23f703aa3bc9,2026-08-28T20:04:52Z,90000,89999,1,,,,,,,,,,,,,,,,,
campaign_e_out,out_n90000_rho1.0_independent-signed_seed4.pcf,dhfma,2,0,1735986177,44144,44143,18038451407024545356,268492,23f703aa3bc9,2026-08-28T20:04:53Z,90000,89999,1,,,,,,,,,,,,,,,,,
campaign_e_out,out_n90000_rho1.0_near-ties_seed0.pcf,dhfma,0,0,1846818361,2035,2034,2391088278092331488,217640,23f703aa3bc9,2026-08-28T20:04:55Z,90000,89999,1,,,,,,,,,,,,,,,,,
campaign_e_out,out_n90000_rho1.0_near-ties_seed0.pcf,dhfma,1,0,1850453427,2035,2034,2391088278092331488,264776,23f703aa3bc9,2026-08-28T20:04:57Z,90000,89999,1,,,,,,,,,,,,,,,,,
campaign_e_out,out_n90000_rho1.0_near-ties_seed0.pcf,dhfma,2,0,1847776324,2035,2034,2391088278092331488,265548,23f703aa3bc9,2026-08-28T20:04:59Z,90000,89999,1,,,,,,,,,,,,,,,,,
campaign_e_out,out_n90000_rho1.0_near-ties_seed1.pcf,dhfma,0,0,1557214397,2079,2078,17510233443462225481,119996,23f703aa3bc9,2026-08-28T20:05:00Z,90000,89999,1,,,,,,,,,,,,,,,,,
campaign_e_out,out_n90000_rho1.0_near-ties_seed1.pcf,dhfma,1,0,1556206125,2079,2078,17510233443462225481,167304,23f703aa3bc9,2026-08-28T20:05:02Z,90000,89999,1,,,,,,,,,,,,,,,,,
campaign_e_out,out_n90000_rho1.0_near-ties_seed1.pcf,dhfma,2,0,1551781972,2079,2078,17510233443462225481,167304,23f703aa3bc9,2026-08-28T20:05:04Z,90000,89999,1,,,,,,,,,,,,,,,,,
campaign_e_out,out_n90000_rho1.0_near-ties_seed2.pcf,dhfma,0,0,1561622706,2044,2043,773239515321596559,119660,23f703aa3bc9,2026-08-28T20:05:05Z,90000,89999,1,,,,,,,,,,,,,,,,,
campaign_e_out,out_n90000_rho1.0_near-ties_seed2.pcf,dhfma,1,0,1558645265,2044,2043,773239515321596559,166484,23f703aa3bc9,2026-08-28T20:05:07Z,90000,89999,1,,,,,,,,,,,,,,,,,
campaign_e_out,out_n90000_rho1.0_near-ties_seed2.pcf,dhfma,2,0,1556316962,2044,2043,773239515321596559,167280,23f703aa3bc9,2026-08-28T20:05:08Z,90000,89999,1,,,,,,,,,,,,,,,,,
campaign_e_out,out_n90000_rho1.0_near-ties_seed3.pcf,dhfma,0,0,1707109455,2024,2023,11961641100264362980,217840,23f703aa3bc9,2026-08-28T20:05:10Z,90000,89999,1,,,,,,,,,,,,,,,,,
campaign_e_out,out_n90000_rho1.0_near-ties_seed3.pcf,dhfma,1,0,1705703982,2024,2023,11961641100264362980,264548,23f703aa3bc9,2026-08-28T20:05:12Z,90000,89999,1,,,,,,,,,,,,,,,,,
campaign_e_out,out_n90000_rho1.0_near-ties_seed3.pcf,dhfma,2,0,1713326667,2024,2023,11961641100264362980,265560,23f703aa3bc9,2026-08-28T20:05:13Z,90000,89999,1,,,,,,,,,,,,,,,,,
campaign_e_out,out_n90000_rho1.0_near-ties_seed4.pcf,dhfma,0,0,1502154378,2036,2035,16602923875319050260,120012,23f703aa3bc9,2026-08-28T20:05:15Z,90000,89999,1,,,,,,,,,,,,,,,,,
campaign_e_out,out_n90000_rho1.0_near-ties_seed4.pcf,dhfma,1,0,1502374266,2036,2035,16602923875319050260,167632,23f703aa3bc9,2026-08-28T20:05:17Z,90000,89999,1,,,,,,,,,,,,,,,,,
campaign_e_out,out_n90000_rho1.0_near-ties_seed4.pcf,dhfma,2,0,1503196955,2036,2035,16602923875319050260,167632,23f703aa3bc9,2026-08-28T20:05:18Z,90000,89999,1,,,,,,,,,,,,,,,,,
campaign_e_out,out_n900_rho0.6_anti-correlated_seed0.pcf,dhfma,0,0,1076876,624,623,7210725056187521837,22400,23f703aa3bc9,2026-08-28T20:05:18Z,900,537,363,,,,,,,,,,,,,,,,,
campaign_e_out,out_n900_rho0.6_anti-correlated_seed0.pcf,dhfma,1,0,1074624,624,623,7210725056187521837,22400,23f703aa3bc9,2026-08-28T20:05:18Z,900,537,363,,,,,,,,,,,,,,,,,
campaign_e_out,out_n900_rho0.6_anti-correlated_seed0.pcf,dhfma,2,0,1013443,624,623,7210725056187521837,22400,23f703aa3bc9,2026-08-28T20:05:18Z,900,537,363,,,,,,,,,,,,,,,,,
campaign_e_out,out_n900_rho0.6_anti-correlated_seed1.pcf,dhfma,0,0,690753,651,650,14373337816512895617,22400,23f703aa3bc9,2026-08-28T20:05:18Z,900,527,373,,,,,,,,,,,,,,,,,
campaign_e_out,out_n900_rho0.6_anti-correlated_seed1.pcf,dhfma,1,0,639929,651,650,14373337816512895617,22400,23f703aa3bc9,2026-08-28T20:05:18Z,900,527,373,,,,,,,,,,,,,,,,,
campaign_e_out,out_n900_rho0.6_anti-correlated_seed1.pcf,dhfma,2,0,668622,651,650,14373337816512895617,22400,23f703aa3bc9,2026-08-28T20:05:18Z,900,527,373,,,,,,,,,,,,,,,,,
campaign_e_out,out_n900_rho0.6_anti-correlated_seed2.pcf,dhfma,0,0,732901,634,633,6706826151945284429,22400,23f703aa3bc9,2026-08-28T20:05:18Z,900,563,337,,,,,,,,,,,,,,,,,
campaign_e_out,out_n900_rho0.6_anti-correlated_seed2.pcf,dhfma,1,0,687130,634,633,6706826151945284429,22400,23f703aa3bc9,2026-08-28T20:05:18Z,900,563,337,,,,,,,,,,,,,,,,,
campaign_e_out,out_n900_rho0.6_anti-correlated_seed2.pcf,dhfma,2,0,721521,634,633,6706826151945284429,22400,23f703aa3bc9,2026-08-28T20:05:18Z,900,563,337,,,,,,,,,,,,,,,,,
campaign_e_out,out_n900_rho0.6_anti-correlated_seed3.pcf,dhfma,0,0,727432,626,625,8088763178333659262,22560,23f703aa3bc9,2026-08-28T20:05:18Z,900,538,362,,,,,,,,,,,,,,,,,
campaign_e_out,out_n900_rho0.6_anti-correlated_seed3.pcf,dhfma,1,0,681852,626,625,8088763178333659262,22560,23f703aa3bc9,2026-08-28T20:05:18Z,900,538,362,,,,,,,,,,,,,,,,,
campaign_e_out,out_n900_rho0.6_anti-correlated_seed3.pcf,dhfma,2,0,701922,626,625,8088763178333659262,22560,23f703aa3bc9,2026-08-28T20:05:18Z,900,538,362,,,,,,,,,,,,,,,,,
campaign_e_out,out_n900_rho0.6_anti-correlated_seed4.pcf,dhfma,0,0,917419,601,600,11386803412137250914,22560,23f703aa3bc9,2026-08-28T20:05:18Z,900,560,340,,,,,,,,,,,,,,,,,
campaign_e_out,out_n900_rho0.6_anti-correlated_seed4.pcf,dhfma,1,0,803005,601,600,11386803412137250914,22560,23f703aa3bc9,2026-08-28T20:05:18Z,900,560,340,,,,,,,,,,,,,,,,,
campaign_e_out,out_n900_rho0.6_anti-correlated_seed4.pcf,dhfma,2,0,788134,601,600,11386803412137250914,22560,23f703aa3bc9,2026-08-28T20:05:18Z,900,560,340,,,,,,,,,,,,,,,,,
campaign_e_out,out_n900_rho0.6_correlated_seed0.pcf,dhfma,0,0,1049652,611,610,2840027039953938283,22560,23f703aa3bc9,2026-08-28T20:05:18Z,900,537,363,,,,,,,,,,,,,,,,,
campaign_e_out,out_n900_rho0.6_correlated_seed0.pcf,dhfma,1,0,988332,611,610,2840027039953938283,22560,23f703aa3bc9,2026-08-28T20:05:18Z,900,537,363,,,,,,,,,,,,,,,,,
campaign_e_out,out_n900_rho0.6_correlated_seed0.pcf,dhfma,2,0,979405,611,610,2840027039953938283,22560,23f703aa3bc9,2026-08-28T20:05:18Z,900,537,363,,,,,,,,,,,,,,,,,
campaign_e_out,out_n900_rho0.6_correlated_seed1.pcf,dhfma,0,0,647294,630,629,13281772775463541080,22560,23f703aa3bc9,2026-08-28T20:05:18Z,900,527,373,,,,,,,,,,,,,,,,,
campaign_e_out,out_n900_rho0.6_correlated_seed1.pcf,dhfma,1,0,592809,630,629,13281772775463541080,22560,23f703aa3bc9,2026-08-28T20:05:18Z,900,527,373,,,,,,,,,,,,,,,,,
campaign_e_out,out_n900_rho0.6_correlated_seed1.pcf,dhfma,2,0,585774,630,629,13281772775463541080,22560,23f703aa3bc9,2026-08-28T20:05:18Z,900,527,373,,,,,,,,,,,,,,,,,
campaign_e_out,out_n900_rho0.6_correlated_seed2.pcf,dhfma,0,0,741209,606,605,2967663428139754152,22560,23f703aa3bc9,2026-08-28T20:05:18Z,900,563,337,,,,,,,,,,,,,,,,,
campaign_e_out,out_n900_rho0.6_correlated_seed2.pcf,dhfma,1,0,669882,606,605,2967663428139754152,22560,23f703aa3bc9,2026-08-28T20:05:18Z,900,563,337,,,,,,,,,,,,,,,,,
campaign_e_out,out_n900_rho0.6_correlated_seed2.pcf,dhfma,2,0,730266,606,605,2967663428139754152,22560,23f703aa3bc9,2026-08-28T20:05:18Z,900,563,337,,,,,,,,,,,,,,,,,
campaign_e_out,out_n900_rho0.6_correlated_seed3.pcf,dhfma,0,0,692932,609,608,8191634360339781901,22560,23f703aa3bc9,2026-08-28T20:05:18Z,900,538,362,,,,,,,,,,,,,,,,,
campaign_e_out,out_n900_rho0.6_correlated_seed3.pcf,dhfma,1,0,643546,609,608,8191634360339781901,22560,23f703aa3bc9,2026-08-28T20:05:18Z,900,538,362,,,,,,,,,,,,,,,,,
campaign_e_out,out_n900_rho0.6_correlated_seed3.pcf,dhfma,2,0,630162,609,608,8191634360339781901,22560,23f703aa3bc9,2026-08-28T20:05:18Z,900,538,362,,,,,,,,,,,,,,,,,
campaign_e_out,out_n900_rho0.6_correlated_seed4.pcf,dhfma,0,0,803851,612,611,15098549004414169405,22560,23f703aa3bc9,2026-08-28T20:05:18Z,900,560,340,,,,,,,,,,,,,,,,,
campaign_e_out,out_n900_rho0.6_correlated_seed4.pcf,dhfma,1,0,747637,612,611,15098549004414169405,22560,23f703aa3bc9,2026-08-28T20:05:18Z,900,560,340,,,,,,,,,,,,,,,,,
campaign_e_out,out_n900_rho0.6_correlated_seed4.pcf,dhfma,2,0,727300,612,611,15098549004414169405,22560,23f703aa3bc9,2026-08-28T20:05:18Z,900,560,340,,,,,,,,,,,,,,,,,
campaign_e_out,out_n900_rho0.6_exact-ties_seed0.pcf,dhfma,0,0,672661,191,190,11182084840645903265,22560,23f703aa3bc9,2026-08-28T20:05:18Z,900,547,353,,,,,,,,,,,,,,,,,
campaign_e_out,out_n900_rho0.6_exact-ties_seed0.pcf,dhfma,1,0,631792,191,190,11182084840645903265,22560,23f703aa3bc9,2026-08-28T20:05:18Z,900,547,353,,,,,,,,,,,,,,,,,
campaign_e_out,out_n900_rho0.6_exact-ties_seed0.pcf,dhfma,2,0,606462,191,190,11182084840645903265,22560,23f703aa3bc9,2026-08-28T20:05:18Z,900,547,353,,,,,,,,,,,,,,,,,
campaign_e_out,out_n900_rho0.6_exact-ties_seed1.pcf,dhfma,0,0,661905,194,193,9790624434099458897,22560,23f703aa3bc9,2026-08-28T20:05:18Z,900,543,357,,,,,,,,,,,,,,,,,
campaign_e_out,out_n900_rho0.6_exact-ties_seed1.pcf,dhfma,1,0,632128,194,193,9790624434099458897,22560,23f703aa3bc9,2026-08-28T20:05:18Z,900,543,357,,,,,,,,,,,,,,,,,
campaign_e_out,out_n900_rho0.6_exact-ties_seed1.pcf,dhfma,2,0,674839,194,193,9790624434099458897,22560,23f703aa3bc9,2026-08-28T20:05:18Z,900,543,357,,,,,,,,,,,,,,,,,
campaign_e_out,out_n900_rho0.6_exact-ties_seed2.pcf,dhfma,0,0,674910,189,188,4674415918659193282,22560,23f703aa3bc9,2026-08-28T20:05:18Z,900,542,358,,,,,,,,,,,,,,,,,
campaign_e_out,out_n900_rho0.6_exact-ties_seed2.pcf,dhfma,1,0,626349,189,188,4674415918659193282,22560,23f703aa3bc9,2026-08-28T20:05:18Z,900,542,358,,,,,,,,,,,,,,,,,
campaign_e_out,out_n900_rho0.6_exact-ties_seed2.pcf,dhfma,2,0,673888,189,188,4674415918659193282,22560,23f703aa3bc9,2026-08-28T20:05:18Z,900,542,358,,,,,,,,,,,,,,,,,
campaign_e_out,out_n900_rho0.6_exact-ties_seed3.pcf,dhfma,0,0,616682,183,182,14289708255181963822,22560,23f703aa3bc9,2026-08-28T20:05:18Z,900,549,351,,,,,,,,,,,,,,,,,
campaign_e_out,out_n900_rho0.6_exact-ties_seed3.pcf,dhfma,1,0,558823,183,182,14289708255181963822,22560,23f703aa3bc9,2026-08-28T20:05:18Z,900,549,351,,,,,,,,,,,,,,,,,
campaign_e_out,out_n900_rho0.6_exact-ties_seed3.pcf,dhfma,2,0,547085,183,182,14289708255181963822,22560,23f703aa3bc9,2026-08-28T20:05:18Z,900,549,351,,,,,,,,,,,,,,,,,
campaign_e_out,out_n900_rho0.6_exact-ties_seed4.pcf,dhfma,0,0,830305,179,178,18333457146159805933,22560,23f703aa3bc9,2026-08-28T20:05:18Z,900,556,344,,,,,,,,,,,,,,,,,
campaign_e_out,out_n900_rho0.6_exact-ties_seed4.pcf,dhfma,1,0,777098,179,178,18333457146159805933,22560,23f703aa3bc9,2026-08-28T20:05:18Z,900,556,344,,,,,,,,,,,,,,,,,
campaign_e_out,out_n900_rho0.6_exact-ties_seed4.pcf,dhfma,2,0,764963,179,178,18333457146159805933,22560,23f703aa3bc9,2026-08-28T20:05:18Z,900,556,344,,,,,,,,,,,,,,,,,
campaign_e_out,out_n900_rho0.6_independent-positive_seed0.pcf,dhfma,0,0,977946,631,630,18388038978091880060,22560,23f703aa3bc9,2026-08-28T20:05:18Z,900,535,365,,,,,,,,,,,,,,,,,
campaign_e_out,out_n900_rho0.6_independent-positive_seed0.pcf,dhfma,1,0,904259,631,630,18388038978091880060,22560,23f703aa3bc9,2026-08-28T20:05:18Z,900,535,365,,,,,,,,,,,,,,,,,
campaign_e_out,out_n900_rho0.6_independent-positive_seed0.pcf,dhfma,2,0,911328,631,630,18388038978091880060,22560,23f703aa3bc9,2026-08-28T20:05:18Z,900,535,365,,,,,,,,,,,,,,,,,
campaign_e_out,out_n900_rho0.6_independent-positive_seed1.pcf,dhfma,0,0,802233,620,619,5491634064019029642,22560,23f703aa3bc9,2026-08-28T20:05:18Z,900,540,360,,,,,,,,,,,,,,,,,
campaign_e_out,out_n900_rho0.6_independent-positive_seed1.pcf,dhfma,1,0,657498,620,619,5491634064019029642,22560,23f703aa3bc9,2026-08-28T20:05:18Z,900,540,360,,,,,,,,,,,,,,,,,
campaign_e_out,out_n900_rho0.6_independent-positive_seed1.pcf,dhfma,2,0,638361,620,619,5491634064019029642,22560,23f703aa3bc9,2026-08-28T20:05:18Z,900,540,360,,,,,,,,,,,,,,,,,
campaign_e_out,out_n900_rho0.6_independent-positive_seed2.pcf,dhfma,0,0,683065,627,626,10727271403098418098,22560,23f703aa3bc9,2026-08-28T20:05:18Z,900,540,360,,,,,,,,,,,,,,,,,
campaign_e_out,out_n900_rho0.6_independent-positive_seed2.pcf,dhfma,1,0,631382,627,626,10727271403098418098,22560,23f703aa3bc9,2026-08-28T20:05:18Z,900,540,360,,,,,,,,,,,,,,,,,
campaign_e_out,out_n900_rho0.6_independent-positive_seed2.pcf,dhfma,2,0,615250,627,626,10727271403098418098,22560,23f703aa3bc9,2026-08-28T20:05:18Z,900,540,360,,,,,,,,,,,,,,,,,
campaign_e_out,out_n900_rho0.6_independent-positive_seed3.pcf,dhfma,0,0,772965,622,621,3916359982838707268,22560,23f703aa3bc9,2026-08-28T20:05:18Z,900,542,358,,,,,,,,,,,,,,,,,
campaign_e_out,out_n900_rho0.6_independent-positive_seed3.pcf,dhfma,1,0,710901,622,621,3916359982838707268,22560,23f703aa3bc9,2026-08-28T20:05:18Z,900,542,358,,,,,,,,,,,,,,,,,
campaign_e_out,out_n900_rho0.6_independent-positive_seed3.pcf,dhfma,2,0,732496,622,621,3916359982838707268,22560,23f703aa3bc9,2026-08-28T20:05:18Z,900,542,358,,,,,,,,,,,,,,,,,
campaign_e_out,out_n900_rho0.6_independent-positive_seed4.pcf,dhfma,0,0,773448,618,617,11794477107753881479,22560,23f703aa3bc9,2026-08-28T20:05:18Z,900,555,345,,,,,,,,,,,,,,,,,
campaign_e_out,out_n900_rho0.6_independent-positive_seed4.pcf,dhfma,1,0,725571,618,617,11794477107753881479,22560,23f703aa3bc9,2026-08-28T20:05:18Z,900,555,345,,,,,,,,,,,,,,,,,
campaign_e_out,out_n900_rho0.6_independent-positive_seed4.pcf,dhfma,2,0,695708,618,617,11794477107753881479,22560,23f703aa3bc9,2026-08-28T20:05:18Z,900,555,345,,,,,,,,,,,,,,,,,
campaign_e_out,out_n900_rho0.6_independent-signed_seed0.pcf,dhfma,0,0,1016519,639,638,12623690811270885639,22560,23f703aa3bc9,2026-08-28T20:05:18Z,900,535,365,,,,,,,,,,,,,,,,,
campaign_e_out,out_n900_rho0.6_independent-signed_seed0.pcf,dhfma,1,0,919051,639,638,12623690811270885639,22560,23f703aa3bc9,2026-08-28T20:05:18Z,900,535,365,,,,,,,,,,,,,,,,,
campaign_e_out,out_n900_rho0.6_independent-signed_seed0.pcf,dhfma,2,0,917854,639,638,12623690811270885639,22560,23f703aa3bc9,2026-08-28T20:05:18Z,900,535,365,,,,,,,,,,,,,,,,,
campaign_e_out,out_n900_rho0.6_independent-signed_seed1.pcf,dhfma,0,0,681197,633,632,9906087004119917191,22560,23f703aa3bc9,2026-08-28T20:05:18Z,900,540,360,,,,,,,,,,,,,,,,,
campaign_e_out,out_n900_rho0.6_independent-signed_seed1.pcf,dhfma,1,0,630787,633,632,9906087004119917191,22560,23f703aa3bc9,2026-08-28T20:05:18Z,900,540,360,,,,,,,,,,,,,,,,,
campaign_e_out,out_n900_rho0.6_independent-signed_seed1.pcf,dhfma,2,0,663093,633,632,9906087004119917191,22560,23f703aa3bc9,2026-08-28T20:05:18Z,900,540,360,,,,,,,,,,,,,,,,,
campaign_e_out,out_n900_rho0.6_independent-signed_seed2.pcf,dhfma,0,0,732804,628,627,12196272008428825544,22720,23f703aa3bc9,2026-08-28T20:05:18Z,900,543,357,,,,,,,,,,,,,,,,,
campaign_e_out,out_n900_rho0.6_independent-signed_seed2.pcf,dhfma,1,0,685738,628,627,12196272008428825544,22720,23f703aa3bc9,2026-08-28T20:05:18Z,900,543,357,,,,,,,,,,,,,,,,,
campaign_e_out,out_n900_rho0.6_independent-signed_seed2.pcf,dhfma,2,0,720516,628,627,12196272008428825544,22720,23f703aa3bc9,2026-08-28T20:05:18Z,900,543,357,,,,,,,,,,,,,,,,,
campaign_e_out,out_n900_rho0.6_independent-signed_seed3.pcf,dhfma,0,0,719666,613,612,1402970498824100197,22720,23f703aa3bc9,2026-08-28T20:05:18Z,900,542,358,,,,,,,,,,,,,,,,,
campaign_e_out,out_n900_rho0.6_independent-signed_seed3.pcf,dhfma,1,0,721522,613,612,1402970498824100197,22720,23f703aa3bc9,2026-08-28T20:05:18Z,900,542,358,,,,,,,,,,,,,,,,,
campaign_e_out,out_n900_rho0.6_independent-signed_seed3.pcf,dhfma,2,0,666620,613,612,1402970498824100197,22720,23f703aa3bc9,2026-08-28T20:05:18Z,900,542,358,,,,,,,,,,,,,,,,,
campaign_e_out,out_n900_rho0.6_independent-signed_seed4.pcf,dhfma,0,0,763844,617,616,17342925537944737422,22720,23f703aa3bc9,2026-08-28T20:05:18Z,900,555,345,,,,,,,,,,,,,,,,,
campaign_e_out,out_n900_rho0.6_independent-signed_seed4.pcf,dhfma,1,0,690258,617,616,17342925537944737422,22720,23f703aa3bc9,2026-08-28T20:05:18Z,900,555,345,,,,,,,,,,,,,,,,,
campaign_e_out,out_n900_rho0.6_independent-signed_seed4.pcf,dhfma,2,0,666484,617,616,17342925537944737422,22720,23f703aa3bc9,2026-08-28T20:05:18Z,900,555,345,,,,,,,,,,,,,,,,,
campaign_e_out,out_n900_rho0.6_near-ties_seed0.pcf,dhfma,0,0,747318,207,206,12101872300475825258,22720,23f703aa3bc9,2026-08-28T20:05:18Z,900,543,357,,,,,,,,,,,,,,,,,
campaign_e_out,out_n900_rho0.6_near-ties_seed0.pcf,dhfma,1,0,706644,207,206,12101872300475825258,22720,23f703aa3bc9,2026-08-28T20:05:18Z,900,543,357,,,,,,,,,,,,,,,,,
campaign_e_out,out_n900_rho0.6_near-ties_seed0.pcf,dhfma,2,0,689365,207,206,12101872300475825258,22720,23f703aa3bc9,2026-08-28T20:05:18Z,900,543,357,,,,,,,,,,,,,,,,,
campaign_e_out,out_n900_rho0.6_near-ties_seed1.pcf,dhfma,0,0,643110,215,214,2574499143456614130,22720,23f703aa3bc9,2026-08-28T20:05:18Z,900,529,371,,,,,,,,,,,,,,,,,
campaign_e_out,out_n900_rho0.6_near-ties_seed1.pcf,dhfma,1,0,602078,215,214,2574499143456614130,22720,23f703aa3bc9,2026-08-28T20:05:18Z,900,529,371,,,,,,,,,,,,,,,,,
campaign_e_out,out_n900_rho0.6_near-ties_seed1.pcf,dhfma,2,0,586488,215,214,2574499143456614130,22720,23f703aa3bc9,2026-08-28T20:05:18Z,900,529,371,,,,,,,,,,,,,,,,,
campaign_e_out,out_n900_rho0.6_near-ties_seed2.pcf,dhfma,0,0,806907,226,225,11085700979304696579,22720,23f703aa3bc9,2026-08-28T20:05:18Z,900,552,348,,,,,,,,,,,,,,,,,
campaign_e_out,out_n900_rho0.6_near-ties_seed2.pcf,dhfma,1,0,761468,226,225,11085700979304696579,22720,23f703aa3bc9,2026-08-28T20:05:18Z,900,552,348,,,,,,,,,,,,,,,,,
campaign_e_out,out_n900_rho0.6_near-ties_seed2.pcf,dhfma,2,0,772727,226,225,11085700979304696579,22720,23f703aa3bc9,2026-08-28T20:05:18Z,900,552,348,,,,,,,,,,,,,,,,,
campaign_e_out,out_n900_rho0.6_near-ties_seed3.pcf,dhfma,0,0,831062,219,218,873134008067735050,22720,23f703aa3bc9,2026-08-28T20:05:18Z,900,547,353,,,,,,,,,,,,,,,,,
campaign_e_out,out_n900_rho0.6_near-ties_seed3.pcf,dhfma,1,0,734542,219,218,873134008067735050,22720,23f703aa3bc9,2026-08-28T20:05:18Z,900,547,353,,,,,,,,,,,,,,,,,
campaign_e_out,out_n900_rho0.6_near-ties_seed3.pcf,dhfma,2,0,725091,219,218,873134008067735050,22720,23f703aa3bc9,2026-08-28T20:05:18Z,900,547,353,,,,,,,,,,,,,,,,,
campaign_e_out,out_n900_rho0.6_near-ties_seed4.pcf,dhfma,0,0,794505,206,205,18288071133714758715,22720,23f703aa3bc9,2026-08-28T20:05:18Z,900,533,367,,,,,,,,,,,,,,,,,
campaign_e_out,out_n900_rho0.6_near-ties_seed4.pcf,dhfma,1,0,750575,206,205,18288071133714758715,22720,23f703aa3bc9,2026-08-28T20:05:18Z,900,533,367,,,,,,,,,,,,,,,,,
campaign_e_out,out_n900_rho0.6_near-ties_seed4.pcf,dhfma,2,0,750268,206,205,18288071133714758715,22720,23f703aa3bc9,2026-08-28T20:05:18Z,900,533,367,,,,,,,,,,,,,,,,,
campaign_e_out,out_n900_rho1.0_anti-correlated_seed0.pcf,dhfma,0,0,4004229,430,429,1500343035924578764,22720,23f703aa3bc9,2026-08-28T20:05:18Z,900,899,1,,,,,,,,,,,,,,,,,
campaign_e_out,out_n900_rho1.0_anti-correlated_seed0.pcf,dhfma,1,0,3866211,430,429,1500343035924578764,22720,23f703aa3bc9,2026-08-28T20:05:18Z,900,899,1,,,,,,,,,,,,,,,,,
campaign_e_out,out_n900_rho1.0_anti-correlated_seed0.pcf,dhfma,2,0,3872458,430,429,1500343035924578764,22720,23f703aa3bc9,2026-08-28T20:05:18Z,900,899,1,,,,,,,,,,,,,,,,,
campaign_e_out,out_n900_rho1.0_anti-correlated_seed1.pcf,dhfma,0,0,4776078,440,439,9023364751032219009,22720,23f703aa3bc9,2026-08-28T20:05:18Z,900,899,1,,,,,,,,,,,,,,,,,
campaign_e_out,out_n900_rho1.0_anti-correlated_seed1.pcf,dhfma,1,0,4781655,440,439,9023364751032219009,22720,23f703aa3bc9,2026-08-28T20:05:18Z,900,899,1,,,,,,,,,,,,,,,,,
campaign_e_out,out_n900_rho1.0_anti-correlated_seed1.pcf,dhfma,2,0,4705567,440,439,9023364751032219009,22720,23f703aa3bc9,2026-08-28T20:05:18Z,900,899,1,,,,,,,,,,,,,,,,,
campaign_e_out,out_n900_rho1.0_anti-correlated_seed2.pcf,dhfma,0,0,5076225,459,458,11242739052679621776,22720,23f703aa3bc9,2026-08-28T20:05:18Z,900,899,1,,,,,,,,,,,,,,,,,
campaign_e_out,out_n900_rho1.0_anti-correlated_seed2.pcf,dhfma,1,0,5012958,459,458,11242739052679621776,22720,23f703aa3bc9,2026-08-28T20:05:18Z,900,899,1,,,,,,,,,,,,,,,,,
campaign_e_out,out_n900_rho1.0_anti-correlated_seed2.pcf,dhfma,2,0,4990036,459,458,11242739052679621776,22720,23f703aa3bc9,2026-08-28T20:05:18Z,900,899,1,,,,,,,,,,,,,,,,,
campaign_e_out,out_n900_rho1.0_anti-correlated_seed3.pcf,dhfma,0,0,3686142,454,453,8244147388754926554,22720,23f703aa3bc9,2026-08-28T20:05:18Z,900,899,1,,,,,,,,,,,,,,,,,
campaign_e_out,out_n900_rho1.0_anti-correlated_seed3.pcf,dhfma,1,0,3585049,454,453,8244147388754926554,22720,23f703aa3bc9,2026-08-28T20:05:18Z,900,899,1,,,,,,,,,,,,,,,,,
campaign_e_out,out_n900_rho1.0_anti-correlated_seed3.pcf,dhfma,2,0,3574093,454,453,8244147388754926554,22720,23f703aa3bc9,2026-08-28T20:05:18Z,900,899,1,,,,,,,,,,,,,,,,,
campaign_e_out,out_n900_rho1.0_anti-correlated_seed4.pcf,dhfma,0,0,4502935,462,461,790929736468840238,22720,23f703aa3bc9,2026-08-28T20:05:18Z,900,899,1,,,,,,,,,,,,,,,,,
campaign_e_out,out_n900_rho1.0_anti-correlated_seed4.pcf,dhfma,1,0,4431697,462,461,790929736468840238,22720,23f703aa3bc9,2026-08-28T20:05:18Z,900,899,1,,,,,,,,,,,,,,,,,
campaign_e_out,out_n900_rho1.0_anti-correlated_seed4.pcf,dhfma,2,0,4368828,462,461,790929736468840238,22720,23f703aa3bc9,2026-08-28T20:05:18Z,900,899,1,,,,,,,,,,,,,,,,,
campaign_e_out,out_n900_rho1.0_correlated_seed0.pcf,dhfma,0,0,3636496,450,449,6470241799413971552,22720,23f703aa3bc9,2026-08-28T20:05:18Z,900,899,1,,,,,,,,,,,,,,,,,
campaign_e_out,out_n900_rho1.0_correlated_seed0.pcf,dhfma,1,0,3529218,450,449,6470241799413971552,22720,23f703aa3bc9,2026-08-28T20:05:18Z,900,899,1,,,,,,,,,,,,,,,,,
campaign_e_out,out_n900_rho1.0_correlated_seed0.pcf,dhfma,2,0,3483206,450,449,6470241799413971552,22720,23f703aa3bc9,2026-08-28T20:05:18Z,900,899,1,,,,,,,,,,,,,,,,,
campaign_e_out,out_n900_rho1.0_correlated_seed1.pcf,dhfma,0,0,4157884,415,414,11138683212092265127,22720,23f703aa3bc9,2026-08-28T20:05:18Z,900,899,1,,,,,,,,,,,,,,,,,
campaign_e_out,out_n900_rho1.0_correlated_seed1.pcf,dhfma,1,0,4066953,415,414,11138683212092265127,22720,23f703aa3bc9,2026-08-28T20:05:18Z,900,899,1,,,,,,,,,,,,,,,,,
campaign_e_out,out_n900_rho1.0_correlated_seed1.pcf,dhfma,2,0,4101372,415,414,11138683212092265127,22720,23f703aa3bc9,2026-08-28T20:05:18Z,900,899,1,,,,,,,,,,,,,,,,,
campaign_e_out,out_n900_rho1.0_correlated_seed2.pcf,dhfma,0,0,4198580,462,461,17475407420720848599,22720,23f703aa3bc9,2026-08-28T20:05:18Z,900,899,1,,,,,,,,,,,,,,,,,
campaign_e_out,out_n900_rho1.0_correlated_seed2.pcf,dhfma,1,0,4165577,462,461,17475407420720848599,22720,23f703aa3bc9,2026-08-28T20:05:18Z,900,899,1,,,,,,,,,,,,,,,,,
campaign_e_out,out_n900_rho1.0_correlated_seed2.pcf,dhfma,2,0,4131390,462,461,17475407420720848599,22720,23f703aa3bc9,2026-08-28T20:05:18Z,900,899,1,,,,,,,,,,,,,,,,,
campaign_e_out,out_n900_rho1.0_correlated_seed3.pcf,dhfma,0,0,3886574,447,446,16133063982867134533,22720,23f703aa3bc9,2026-08-28T20:05:18Z,900,899,1,,,,,,,,,,,,,,,,,
campaign_e_out,out_n900_rho1.0_correlated_seed3.pcf,dhfma,1,0,3816374,447,446,16133063982867134533,22720,23f703aa3bc9,2026-08-28T20:05:18Z,900,899,1,,,,,,,,,,,,,,,,,
campaign_e_out,out_n900_rho1.0_correlated_seed3.pcf,dhfma,2,0,3776955,447,446,16133063982867134533,22720,23f703aa3bc9,2026-08-28T20:05:18Z,900,899,1,,,,,,,,,,,,,,,,,
campaign_e_out,out_n900_rho1.0_correlated_seed4.pcf,dhfma,0,0,3614358,444,443,2075240568628355323,22720,23f703aa3bc9,2026-08-28T20:05:18Z,900,899,1,,,,,,,,,,,,,,,,,
campaign_e_out,out_n900_rho1.0_correlated_seed4.pcf,dhfma,1,0,3566694,444,443,2075240568628355323,22720,23f703aa3bc9,2026-08-28T20:05:18Z,900,899,1,,,,,,,,,,,,,,,,,
campaign_e_out,out_n900_rho1.0_correlated_seed4.pcf,dhfma,2,0,3537560,444,443,2075240568628355323,22720,23f703aa3bc9,2026-08-28T20:05:18Z,900,899,1,,,,,,,,,,,,,,,,,
campaign_e_out,out_n900_rho1.0_exact-ties_seed0.pcf,dhfma,0,0,3100664,182,181,18318888081300715213,22720,23f703aa3bc9,2026-08-28T20:05:18Z,900,899,1,,,,,,,,,,,,,,,,,
campaign_e_out,out_n900_rho1.0_exact-ties_seed0.pcf,dhfma,1,0,3034048,182,181,18318888081300715213,22720,23f703aa3bc9,2026-08-28T20:05:18Z,900,899,1,,,,,,,,,,,,,,,,,
campaign_e_out,out_n900_rho1.0_exact-ties_seed0.pcf,dhfma,2,0,3027821,182,181,18318888081300715213,22720,23f703aa3bc9,2026-08-28T20:05:18Z,900,899,1,,,,,,,,,,,,,,,,,
campaign_e_out,out_n900_rho1.0_exact-ties_seed1.pcf,dhfma,0,0,4247715,182,181,7338179417072154283,22880,23f703aa3bc9,2026-08-28T20:05:18Z,900,899,1,,,,,,,,,,,,,,,,,
campaign_e_out,out_n900_rho1.0_exact-ties_seed1.pcf,dhfma,1,0,4224441,182,181,7338179417072154283,22880,23f703aa3bc9,2026-08-28T20:05:18Z,900,899,1,,,,,,,,,,,,,,,,,
campaign_e_out,out_n900_rho1.0_exact-ties_seed1.pcf,dhfma,2,0,4165141,182,181,7338179417072154283,22880,23f703aa3bc9,2026-08-28T20:05:18Z,900,899,1,,,,,,,,,,,,,,,,,
campaign_e_out,out_n900_rho1.0_exact-ties_seed2.pcf,dhfma,0,0,3034729,178,177,13456754487346113814,22880,23f703aa3bc9,2026-08-28T20:05:18Z,900,899,1,,,,,,,,,,,,,,,,,
campaign_e_out,out_n900_rho1.0_exact-ties_seed2.pcf,dhfma,1,0,2916105,178,177,13456754487346113814,22880,23f703aa3bc9,2026-08-28T20:05:18Z,900,899,1,,,,,,,,,,,,,,,,,
campaign_e_out,out_n900_rho1.0_exact-ties_seed2.pcf,dhfma,2,0,2905429,178,177,13456754487346113814,22880,23f703aa3bc9,2026-08-28T20:05:18Z,900,899,1,,,,,,,,,,,,,,,,,
campaign_e_out,out_n900_rho1.0_exact-ties_seed3.pcf,dhfma,0,0,3479099,198,197,9484226648482282762,22880,23f703aa3bc9,2026-08-28T20:05:18Z,900,899,1,,,,,,,,,,,,,,,,,
campaign_e_out,out_n900_rho1.0_exact-ties_seed3.pcf,dhfma,1,0,3444374,198,197,9484226648482282762,22880,23f703aa3bc9,2026-08-28T20:05:18Z,900,899,1,,,,,,,,,,,,,,,,,
campaign_e_out,out_n900_rho1.0_exact-ties_seed3.pcf,dhfma,2,0,3391092,198,197,9484226648482282762,22880,23f703aa3bc9,2026-08-28T20:05:18Z,900,899,1,,,,,,,,,,,,,,,,,
campaign_e_out,out_n900_rho1.0_exact-ties_seed4.pcf,dhfma,0,0,3855444,191,190,2242021395245309847,22880,23f703aa3bc9,2026-08-28T20:05:18Z,900,899,1,,,,,,,,,,,,,,,,,
campaign_e_out,out_n900_rho1.0_exact-ties_seed4.pcf,dhfma,1,0,3767744,191,190,2242021395245309847,22880,23f703aa3bc9,2026-08-28T20:05:18Z,900,899,1,,,,,,,,,,,,,,,,,
campaign_e_out,out_n900_rho1.0_exact-ties_seed4.pcf,dhfma,2,0,3763930,191,190,2242021395245309847,22880,23f703aa3bc9,2026-08-28T20:05:18Z,900,899,1,,,,,,,,,,,,,,,,,
campaign_e_out,out_n900_rho1.0_independent-positive_seed0.pcf,dhfma,0,0,3597868,442,441,12284744031544654427,22880,23f703aa3bc9,2026-08-28T20:05:18Z,900,899,1,,,,,,,,,,,,,,,,,
campaign_e_out,out_n900_rho1.0_independent-positive_seed0.pcf,dhfma,1,0,3515433,442,441,12284744031544654427,22880,23f703aa3bc9,2026-08-28T20:05:18Z,900,899,1,,,,,,,,,,,,,,,,,
campaign_e_out,out_n900_rho1.0_independent-positive_seed0.pcf,dhfma,2,0,3506035,442,441,12284744031544654427,22880,23f703aa3bc9,2026-08-28T20:05:18Z,900,899,1,,,,,,,,,,,,,,,,,
campaign_e_out,out_n900_rho1.0_independent-positive_seed1.pcf,dhfma,0,0,4387222,444,443,9330101964054283890,22880,23f703aa3bc9,2026-08-28T20:05:18Z,900,899,1,,,,,,,,,,,,,,,,,
campaign_e_out,out_n900_rho1.0_independent-positive_seed1.pcf,dhfma,1,0,4300824,444,443,9330101964054283890,22880,23f703aa3bc9,2026-08-28T20:05:18Z,900,899,1,,,,,,,,,,,,,,,,,
campaign_e_out,out_n900_rho1.0_independent-positive_seed1.pcf,dhfma,2,0,4269341,444,443,9330101964054283890,22880,23f703aa3bc9,2026-08-28T20:05:18Z,900,899,1,,,,,,,,,,,,,,,,,
campaign_e_out,out_n900_rho1.0_independent-positive_seed2.pcf,dhfma,0,0,3712161,467,466,5879090773222754464,22880,23f703aa3bc9,2026-08-28T20:05:18Z,900,899,1,,,,,,,,,,,,,,,,,
campaign_e_out,out_n900_rho1.0_independent-positive_seed2.pcf,dhfma,1,0,3617775,467,466,5879090773222754464,22880,23f703aa3bc9,2026-08-28T20:05:18Z,900,899,1,,,,,,,,,,,,,,,,,
campaign_e_out,out_n900_rho1.0_independent-positive_seed2.pcf,dhfma,2,0,3567636,467,466,5879090773222754464,22880,23f703aa3bc9,2026-08-28T20:05:18Z,900,899,1,,,,,,,,,,,,,,,,,
campaign_e_out,out_n900_rho1.0_independent-positive_seed3.pcf,dhfma,0,0,3604709,468,467,1616831450537578891,22880,23f703aa3bc9,2026-08-28T20:05:18Z,900,899,1,,,,,,,,,,,,,,,,,
campaign_e_out,out_n900_rho1.0_independent-positive_seed3.pcf,dhfma,1,0,3515219,468,467,1616831450537578891,22880,23f703aa3bc9,2026-08-28T20:05:18Z,900,899,1,,,,,,,,,,,,,,,,,
campaign_e_out,out_n900_rho1.0_independent-positive_seed3.pcf,dhfma,2,0,3496538,468,467,1616831450537578891,22880,23f703aa3bc9,2026-08-28T20:05:18Z,900,899,1,,,,,,,,,,,,,,,,,
campaign_e_out,out_n900_rho1.0_independent-positive_seed4.pcf,dhfma,0,0,3319584,446,445,8204844426138859219,22880,23f703aa3bc9,2026-08-28T20:05:18Z,900,899,1,,,,,,,,,,,,,,,,,
campaign_e_out,out_n900_rho1.0_independent-positive_seed4.pcf,dhfma,1,0,3229188,446,445,8204844426138859219,22880,23f703aa3bc9,2026-08-28T20:05:18Z,900,899,1,,,,,,,,,,,,,,,,,
campaign_e_out,out_n900_rho1.0_independent-positive_seed4.pcf,dhfma,2,0,3211702,446,445,8204844426138859219,22880,23f703aa3bc9,2026-08-28T20:05:18Z,900,899,1,,,,,,,,,,,,,,,,,
campaign_e_out,out_n900_rho1.0_independent-signed_seed0.pcf,dhfma,0,0,3307102,454,453,2628209627543863911,22880,23f703aa3bc9,2026-08-28T20:05:18Z,900,899,1,,,,,,,,,,,,,,,,,
campaign_e_out,out_n900_rho1.0_independent-signed_seed0.pcf,dhfma,1,0,3196101,454,453,2628209627543863911,22880,23f703aa3bc9,2026-08-28T20:05:18Z,900,899,1,,,,,,,,,,,,,,,,,
campaign_e_out,out_n900_rho1.0_independent-signed_seed0.pcf,dhfma,2,0,3169607,454,453,2628209627543863911,22880,23f703aa3bc9,2026-08-28T20:05:18Z,900,899,1,,,,,,,,,,,,,,,,,
campaign_e_out,out_n900_rho1.0_independent-signed_seed1.pcf,dhfma,0,0,3954119,444,443,12393802583617726117,22880,23f703aa3bc9,2026-08-28T20:05:18Z,900,899,1,,,,,,,,,,,,,,,,,
campaign_e_out,out_n900_rho1.0_independent-signed_seed1.pcf,dhfma,1,0,3805555,444,443,12393802583617726117,22880,23f703aa3bc9,2026-08-28T20:05:18Z,900,899,1,,,,,,,,,,,,,,,,,
campaign_e_out,out_n900_rho1.0_independent-signed_seed1.pcf,dhfma,2,0,3826988,444,443,12393802583617726117,22880,23f703aa3bc9,2026-08-28T20:05:18Z,900,899,1,,,,,,,,,,,,,,,,,
campaign_e_out,out_n900_rho1.0_independent-signed_seed2.pcf,dhfma,0,0,3336981,476,475,6178782888532318278,22880,23f703aa3bc9,2026-08-28T20:05:18Z,900,899,1,,,,,,,,,,,,,,,,,
campaign_e_out,out_n900_rho1.0_independent-signed_seed2.pcf,dhfma,1,0,3272036,476,475,6178782888532318278,22880,23f703aa3bc9,2026-08-28T20:05:18Z,900,899,1,,,,,,,,,,,,,,,,,
campaign_e_out,out_n900_rho1.0_independent-signed_seed2.pcf,dhfma,2,0,3262915,476,475,6178782888532318278,22880,23f703aa3bc9,2026-08-28T20:05:18Z,900,899,1,,,,,,,,,,,,,,,,,
campaign_e_out,out_n900_rho1.0_independent-signed_seed3.pcf,dhfma,0,0,4091216,483,482,13488040195964145974,22880,23f703aa3bc9,2026-08-28T20:05:19Z,900,899,1,,,,,,,,,,,,,,,,,
campaign_e_out,out_n900_rho1.0_independent-signed_seed3.pcf,dhfma,1,0,4005253,483,482,13488040195964145974,22880,23f703aa3bc9,2026-08-28T20:05:19Z,900,899,1,,,,,,,,,,,,,,,,,
campaign_e_out,out_n900_rho1.0_independent-signed_seed3.pcf,dhfma,2,0,3968167,483,482,13488040195964145974,22880,23f703aa3bc9,2026-08-28T20:05:19Z,900,899,1,,,,,,,,,,,,,,,,,
campaign_e_out,out_n900_rho1.0_independent-signed_seed4.pcf,dhfma,0,0,3452678,441,440,7102332412316355498,22880,23f703aa3bc9,2026-08-28T20:05:19Z,900,899,1,,,,,,,,,,,,,,,,,
campaign_e_out,out_n900_rho1.0_independent-signed_seed4.pcf,dhfma,1,0,3395767,441,440,7102332412316355498,22880,23f703aa3bc9,2026-08-28T20:05:19Z,900,899,1,,,,,,,,,,,,,,,,,
campaign_e_out,out_n900_rho1.0_independent-signed_seed4.pcf,dhfma,2,0,3365812,441,440,7102332412316355498,22880,23f703aa3bc9,2026-08-28T20:05:19Z,900,899,1,,,,,,,,,,,,,,,,,
campaign_e_out,out_n900_rho1.0_near-ties_seed0.pcf,dhfma,0,0,3276280,197,196,13067527550516079878,22880,23f703aa3bc9,2026-08-28T20:05:19Z,900,899,1,,,,,,,,,,,,,,,,,
campaign_e_out,out_n900_rho1.0_near-ties_seed0.pcf,dhfma,1,0,3223870,197,196,13067527550516079878,22880,23f703aa3bc9,2026-08-28T20:05:19Z,900,899,1,,,,,,,,,,,,,,,,,
campaign_e_out,out_n900_rho1.0_near-ties_seed0.pcf,dhfma,2,0,3218357,197,196,13067527550516079878,22880,23f703aa3bc9,2026-08-28T20:05:19Z,900,899,1,,,,,,,,,,,,,,,,,
campaign_e_out,out_n900_rho1.0_near-ties_seed1.pcf,dhfma,0,0,4248207,189,188,12140768126957733510,22880,23f703aa3bc9,2026-08-28T20:05:19Z,900,899,1,,,,,,,,,,,,,,,,,
campaign_e_out,out_n900_rho1.0_near-ties_seed1.pcf,dhfma,1,0,4159795,189,188,12140768126957733510,22880,23f703aa3bc9,2026-08-28T20:05:19Z,900,899,1,,,,,,,,,,,,,,,,,
campaign_e_out,out_n900_rho1.0_near-ties_seed1.pcf,dhfma,2,0,4099286,189,188,12140768126957733510,22880,23f703aa3bc9,2026-08-28T20:05:19Z,900,899,1,,,,,,,,,,,,,,,,,
campaign_e_out,out_n900_rho1.0_near-ties_seed2.pcf,dhfma,0,0,3300387,211,210,11137403642143076929,22880,23f703aa3bc9,2026-08-28T20:05:19Z,900,899,1,,,,,,,,,,,,,,,,,
campaign_e_out,out_n900_rho1.0_near-ties_seed2.pcf,dhfma,1,0,3240092,211,210,11137403642143076929,22880,23f703aa3bc9,2026-08-28T20:05:19Z,900,899,1,,,,,,,,,,,,,,,,,
campaign_e_out,out_n900_rho1.0_near-ties_seed2.pcf,dhfma,2,0,3250283,211,210,11137403642143076929,22880,23f703aa3bc9,2026-08-28T20:05:19Z,900,899,1,,,,,,,,,,,,,,,,,
campaign_e_out,out_n900_rho1.0_near-ties_seed3.pcf,dhfma,0,0,3535781,184,183,12030351005824920311,22880,23f703aa3bc9,2026-08-28T20:05:19Z,900,899,1,,,,,,,,,,,,,,,,,
campaign_e_out,out_n900_rho1.0_near-ties_seed3.pcf,dhfma,1,0,3448735,184,183,12030351005824920311,22880,23f703aa3bc9,2026-08-28T20:05:19Z,900,899,1,,,,,,,,,,,,,,,,,
campaign_e_out,out_n900_rho1.0_near-ties_seed3.pcf,dhfma,2,0,3424314,184,183,12030351005824920311,22880,23f703aa3bc9,2026-08-28T20:05:19Z,900,899,1,,,,,,,,,,,,,,,,,
campaign_e_out,out_n900_rho1.0_near-ties_seed4.pcf,dhfma,0,0,4683429,191,190,4345197285301502965,22880,23f703aa3bc9,2026-08-28T20:05:19Z,900,899,1,,,,,,,,,,,,,,,,,
campaign_e_out,out_n900_rho1.0_near-ties_seed4.pcf,dhfma,1,0,4711034,191,190,4345197285301502965,22880,23f703aa3bc9,2026-08-28T20:05:19Z,900,899,1,,,,,,,,,,,,,,,,,
campaign_e_out,out_n900_rho1.0_near-ties_seed4.pcf,dhfma,2,0,4662046,191,190,4345197285301502965,22880,23f703aa3bc9,2026-08-28T20:05:19Z,900,899,1,,,,,,,,,,,,,,,,,
