instance,algorithm,run,elapsed_ns,macroitems
random_n1000_rho0.3_strongly-corr-neg_seed0.pcf,hfma,0,698253,697
random_n1000_rho0.3_strongly-corr-neg_seed0.pcf,dhfma,0,864780,697
random_n1000_rho0.3_strongly-corr-neg_seed0.pcf,hfma,1,678589,697
random_n1000_rho0.3_strongly-corr-neg_seed0.pcf,dhfma,1,889701,697
random_n1000_rho0.3_strongly-corr-neg_seed0.pcf,hfma,2,778520,697
random_n1000_rho0.3_strongly-corr-neg_seed0.pcf,dhfma,2,1009584,697
random_n1000_rho0.3_strongly-corr-neg_seed1.pcf,hfma,0,1259484,706
random_n1000_rho0.3_strongly-corr-neg_seed1.pcf,dhfma,0,1645419,706
random_n1000_rho0.3_strongly-corr-neg_seed1.pcf,hfma,1,1138085,706
random_n1000_rho0.3_strongly-corr-neg_seed1.pcf,dhfma,1,1264072,706
random_n1000_rho0.3_strongly-corr-neg_seed1.pcf,hfma,2,1085475,706
random_n1000_rho0.3_strongly-corr-neg_seed1.pcf,dhfma,2,1179963,706
random_n1000_rho0.3_strongly-corr-neg_seed2.pcf,hfma,0,1772447,688
random_n1000_rho0.3_strongly-corr-neg_seed2.pcf,dhfma,0,1729579,688
random_n1000_rho0.3_strongly-corr-neg_seed2.pcf,hfma,1,1179974,688
random_n1000_rho0.3_strongly-corr-neg_seed2.pcf,dhfma,1,1249165,688
random_n1000_rho0.3_strongly-corr-neg_seed2.pcf,hfma,2,742432,688
random_n1000_rho0.3_strongly-corr-neg_seed2.pcf,dhfma,2,816594,688
random_n1000_rho0.3_strongly-corr-neg_seed3.pcf,hfma,0,705569,708
random_n1000_rho0.3_strongly-corr-neg_seed3.pcf,dhfma,0,923408,708
random_n1000_rho0.3_strongly-corr-neg_seed3.pcf,hfma,1,764139,708
random_n1000_rho0.3_strongly-corr-neg_seed3.pcf,dhfma,1,991206,708
random_n1000_rho0.3_strongly-corr-neg_seed3.pcf,hfma,2,912333,708
random_n1000_rho0.3_strongly-corr-neg_seed3.pcf,dhfma,2,1250034,708
random_n1000_rho0.3_strongly-corr-neg_seed4.pcf,hfma,0,1435204,686
random_n1000_rho0.3_strongly-corr-neg_seed4.pcf,dhfma,0,1419787,686
random_n1000_rho0.3_strongly-corr-neg_seed4.pcf,hfma,1,957519,686
random_n1000_rho0.3_strongly-corr-neg_seed4.pcf,dhfma,1,1036339,686
random_n1000_rho0.3_strongly-corr-neg_seed4.pcf,hfma,2,751003,686
random_n1000_rho0.3_strongly-corr-neg_seed4.pcf,dhfma,2,792805,686
random_n1000_rho0.3_strongly-corr-neg_seed5.pcf,hfma,0,462273,671
random_n1000_rho0.3_strongly-corr-neg_seed5.pcf,dhfma,0,560614,671
random_n1000_rho0.3_strongly-corr-neg_seed5.pcf,hfma,1,460194,671
random_n1000_rho0.3_strongly-corr-neg_seed5.pcf,dhfma,1,573706,671
random_n1000_rho0.3_strongly-corr-neg_seed5.pcf,hfma,2,505192,671
random_n1000_rho0.3_strongly-corr-neg_seed5.pcf,dhfma,2,679217,671
random_n1000_rho0.3_strongly-corr-neg_seed6.pcf,hfma,0,666702,693
random_n1000_rho0.3_strongly-corr-neg_seed6.pcf,dhfma,0,865317,693
random_n1000_rho0.3_strongly-corr-neg_seed6.pcf,hfma,1,683810,693
random_n1000_rho0.3_strongly-corr-neg_seed6.pcf,dhfma,1,936728,693
random_n1000_rho0.3_strongly-corr-neg_seed6.pcf,hfma,2,806045,693
random_n1000_rho0.3_strongly-corr-neg_seed6.pcf,dhfma,2,1047924,693
random_n1000_rho0.3_strongly-corr-neg_seed7.pcf,hfma,0,1345563,679
random_n1000_rho0.3_strongly-corr-neg_seed7.pcf,dhfma,0,1296735,679
random_n1000_rho0.3_strongly-corr-neg_seed7.pcf,hfma,1,866849,679
random_n1000_rho0.3_strongly-corr-neg_seed7.pcf,dhfma,1,904826,679
random_n1000_rho0.3_strongly-corr-neg_seed7.pcf,hfma,2,521474,679
random_n1000_rho0.3_strongly-corr-neg_seed7.pcf,dhfma,2,624171,679
random_n1000_rho0.3_strongly-corr-neg_seed8.pcf,hfma,0,1280519,686
random_n1000_rho0.3_strongly-corr-neg_seed8.pcf,dhfma,0,1641373,686
random_n1000_rho0.3_strongly-corr-neg_seed8.pcf,hfma,1,1423652,686
random_n1000_rho0.3_strongly-corr-neg_seed8.pcf,dhfma,1,1218327,686
random_n1000_rho0.3_strongly-corr-neg_seed8.pcf,hfma,2,476910,686
random_n1000_rho0.3_strongly-corr-neg_seed8.pcf,dhfma,2,556950,686
random_n1000_rho0.3_strongly-corr-neg_seed9.pcf,hfma,0,1232913,685
random_n1000_rho0.3_strongly-corr-neg_seed9.pcf,dhfma,0,1180974,685
random_n1000_rho0.3_strongly-corr-neg_seed9.pcf,hfma,1,824987,685
random_n1000_rho0.3_strongly-corr-neg_seed9.pcf,dhfma,1,915546,685
random_n1000_rho0.3_strongly-corr-neg_seed9.pcf,hfma,2,671410,685
random_n1000_rho0.3_strongly-corr-neg_seed9.pcf,dhfma,2,746327,685
random_n1000_rho0.3_strongly-corr_seed0.pcf,hfma,0,402749,598
random_n1000_rho0.3_strongly-corr_seed0.pcf,dhfma,0,422342,598
random_n1000_rho0.3_strongly-corr_seed0.pcf,hfma,1,320845,598
random_n1000_rho0.3_strongly-corr_seed0.pcf,dhfma,1,399397,598
random_n1000_rho0.3_strongly-corr_seed0.pcf,hfma,2,321497,598
random_n1000_rho0.3_strongly-corr_seed0.pcf,dhfma,2,361758,598
random_n1000_rho0.3_strongly-corr_seed1.pcf,hfma,0,523000,606
random_n1000_rho0.3_strongly-corr_seed1.pcf,dhfma,0,591110,606
random_n1000_rho0.3_strongly-corr_seed1.pcf,hfma,1,442525,606
random_n1000_rho0.3_strongly-corr_seed1.pcf,dhfma,1,559300,606
random_n1000_rho0.3_strongly-corr_seed1.pcf,hfma,2,439368,606
random_n1000_rho0.3_strongly-corr_seed1.pcf,dhfma,2,492627,606
random_n1000_rho0.3_strongly-corr_seed2.pcf,hfma,0,514048,608
random_n1000_rho0.3_strongly-corr_seed2.pcf,dhfma,0,607126,608
random_n1000_rho0.3_strongly-corr_seed2.pcf,hfma,1,467453,608
random_n1000_rho0.3_strongly-corr_seed2.pcf,dhfma,1,552995,608
random_n1000_rho0.3_strongly-corr_seed2.pcf,hfma,2,449621,608
random_n1000_rho0.3_strongly-corr_seed2.pcf,dhfma,2,543219,608
random_n1000_rho0.3_strongly-corr_seed3.pcf,hfma,0,597095,630
random_n1000_rho0.3_strongly-corr_seed3.pcf,dhfma,0,702712,630
random_n1000_rho0.3_strongly-corr_seed3.pcf,hfma,1,511631,630
random_n1000_rho0.3_strongly-corr_seed3.pcf,dhfma,1,661373,630
random_n1000_rho0.3_strongly-corr_seed3.pcf,hfma,2,568672,630
random_n1000_rho0.3_strongly-corr_seed3.pcf,dhfma,2,745092,630
random_n1000_rho0.3_strongly-corr_seed4.pcf,hfma,0,437243,593
random_n1000_rho0.3_strongly-corr_seed4.pcf,dhfma,0,600424,593
random_n1000_rho0.3_strongly-corr_seed4.pcf,hfma,1,536027,593
random_n1000_rho0.3_strongly-corr_seed4.pcf,dhfma,1,615190,593
random_n1000_rho0.3_strongly-corr_seed4.pcf,hfma,2,650169,593
random_n1000_rho0.3_strongly-corr_seed4.pcf,dhfma,2,725928,593
random_n1000_rho0.3_strongly-corr_seed5.pcf,hfma,0,869535,601
random_n1000_rho0.3_strongly-corr_seed5.pcf,dhfma,0,853098,601
random_n1000_rho0.3_strongly-corr_seed5.pcf,hfma,1,643415,601
random_n1000_rho0.3_strongly-corr_seed5.pcf,dhfma,1,718327,601
random_n1000_rho0.3_strongly-corr_seed5.pcf,hfma,2,552404,601
random_n1000_rho0.3_strongly-corr_seed5.pcf,dhfma,2,618975,601
random_n1000_rho0.3_strongly-corr_seed6.pcf,hfma,0,977870,596
random_n1000_rho0.3_strongly-corr_seed6.pcf,dhfma,0,1193441,596
random_n1000_rho0.3_strongly-corr_seed6.pcf,hfma,1,971896,596
random_n1000_rho0.3_strongly-corr_seed6.pcf,dhfma,1,1258826,596
random_n1000_rho0.3_strongly-corr_seed6.pcf,hfma,2,1129009,596
random_n1000_rho0.3_strongly-corr_seed6.pcf,dhfma,2,1207191,596
random_n1000_rho0.3_strongly-corr_seed7.pcf,hfma,0,852462,600
random_n1000_rho0.3_strongly-corr_seed7.pcf,dhfma,0,1044091,600
random_n1000_rho0.3_strongly-corr_seed7.pcf,hfma,1,913581,600
random_n1000_rho0.3_strongly-corr_seed7.pcf,dhfma,1,1325387,600
random_n1000_rho0.3_strongly-corr_seed7.pcf,hfma,2,1200259,600
random_n1000_rho0.3_strongly-corr_seed7.pcf,dhfma,2,1499384,600
random_n1000_rho0.3_strongly-corr_seed8.pcf,hfma,0,2010562,612
random_n1000_rho0.3_strongly-corr_seed8.pcf,dhfma,0,2087670,612
random_n1000_rho0.3_strongly-corr_seed8.pcf,hfma,1,1635680,612
random_n1000_rho0.3_strongly-corr_seed8.pcf,dhfma,1,1905452,612
random_n1000_rho0.3_strongly-corr_seed8.pcf,hfma,2,1128658,612
random_n1000_rho0.3_strongly-corr_seed8.pcf,dhfma,2,1299538,612
random_n1000_rho0.3_strongly-corr_seed9.pcf,hfma,0,1331435,601
random_n1000_rho0.3_strongly-corr_seed9.pcf,dhfma,0,1608995,601
random_n1000_rho0.3_strongly-corr_seed9.pcf,hfma,1,1268463,601
random_n1000_rho0.3_strongly-corr_seed9.pcf,dhfma,1,1538864,601
random_n1000_rho0.3_strongly-corr_seed9.pcf,hfma,2,1189221,601
random_n1000_rho0.3_strongly-corr_seed9.pcf,dhfma,2,1144491,601
random_n1000_rho0.3_uncorr-neg_seed0.pcf,hfma,0,1693997,851
random_n1000_rho0.3_uncorr-neg_seed0.pcf,dhfma,0,1570829,851
random_n1000_rho0.3_uncorr-neg_seed0.pcf,hfma,1,1228616,851
random_n1000_rho0.3_uncorr-neg_seed0.pcf,dhfma,1,1613361,851
random_n1000_rho0.3_uncorr-neg_seed0.pcf,hfma,2,1469524,851
random_n1000_rho0.3_uncorr-neg_seed0.pcf,dhfma,2,1739103,851
random_n1000_rho0.3_uncorr-neg_seed1.pcf,hfma,0,1404204,864
random_n1000_rho0.3_uncorr-neg_seed1.pcf,dhfma,0,1710232,864
random_n1000_rho0.3_uncorr-neg_seed1.pcf,hfma,1,1287885,864
random_n1000_rho0.3_uncorr-neg_seed1.pcf,dhfma,1,987508,864
random_n1000_rho0.3_uncorr-neg_seed1.pcf,hfma,2,332010,864
random_n1000_rho0.3_uncorr-neg_seed1.pcf,dhfma,2,395786,864
random_n1000_rho0.3_uncorr-neg_seed2.pcf,hfma,0,1208057,844
random_n1000_rho0.3_uncorr-neg_seed2.pcf,dhfma,0,1779502,844
random_n1000_rho0.3_uncorr-neg_seed2.pcf,hfma,1,1469818,844
random_n1000_rho0.3_uncorr-neg_seed2.pcf,dhfma,1,1684893,844
random_n1000_rho0.3_uncorr-neg_seed2.pcf,hfma,2,1372867,844
random_n1000_rho0.3_uncorr-neg_seed2.pcf,dhfma,2,1750614,844
random_n1000_rho0.3_uncorr-neg_seed3.pcf,hfma,0,1477496,864
random_n1000_rho0.3_uncorr-neg_seed3.pcf,dhfma,0,1775500,864
random_n1000_rho0.3_uncorr-neg_seed3.pcf,hfma,1,1369831,864
random_n1000_rho0.3_uncorr-neg_seed3.pcf,dhfma,1,1683702,864
random_n1000_rho0.3_uncorr-neg_seed3.pcf,hfma,2,1197459,864
random_n1000_rho0.3_uncorr-neg_seed3.pcf,dhfma,2,1265097,864
random_n1000_rho0.3_uncorr-neg_seed4.pcf,hfma,0,1381119,844
random_n1000_rho0.3_uncorr-neg_seed4.pcf,dhfma,0,1626607,844
random_n1000_rho0.3_uncorr-neg_seed4.pcf,hfma,1,1423381,844
random_n1000_rho0.3_uncorr-neg_seed4.pcf,dhfma,1,1631396,844
random_n1000_rho0.3_uncorr-neg_seed4.pcf,hfma,2,1437224,844
random_n1000_rho0.3_uncorr-neg_seed4.pcf,dhfma,2,1704334,844
random_n1000_rho0.3_uncorr-neg_seed5.pcf,hfma,0,1699716,854
random_n1000_rho0.3_uncorr-neg_seed5.pcf,dhfma,0,1889307,854
random_n1000_rho0.3_uncorr-neg_seed5.pcf,hfma,1,1686443,854
random_n1000_rho0.3_uncorr-neg_seed5.pcf,dhfma,1,1912457,854
random_n1000_rho0.3_uncorr-neg_seed5.pcf,hfma,2,1604497,854
random_n1000_rho0.3_uncorr-neg_seed5.pcf,dhfma,2,1927163,854
random_n1000_rho0.3_uncorr-neg_seed6.pcf,hfma,0,1920933,842
random_n1000_rho0.3_uncorr-neg_seed6.pcf,dhfma,0,2091336,842
random_n1000_rho0.3_uncorr-neg_seed6.pcf,hfma,1,1794340,842
random_n1000_rho0.3_uncorr-neg_seed6.pcf,dhfma,1,1754220,842
random_n1000_rho0.3_uncorr-neg_seed6.pcf,hfma,2,1477632,842
random_n1000_rho0.3_uncorr-neg_seed6.pcf,dhfma,2,1774386,842
random_n1000_rho0.3_uncorr-neg_seed7.pcf,hfma,0,1637006,838
random_n1000_rho0.3_uncorr-neg_seed7.pcf,dhfma,0,1807124,838
random_n1000_rho0.3_uncorr-neg_seed7.pcf,hfma,1,1474161,838
random_n1000_rho0.3_uncorr-neg_seed7.pcf,dhfma,1,1754492,838
random_n1000_rho0.3_uncorr-neg_seed7.pcf,hfma,2,1567443,838
random_n1000_rho0.3_uncorr-neg_seed7.pcf,dhfma,2,1964945,838
random_n1000_rho0.3_uncorr-neg_seed8.pcf,hfma,0,1500104,843
random_n1000_rho0.3_uncorr-neg_seed8.pcf,dhfma,0,1667826,843
random_n1000_rho0.3_uncorr-neg_seed8.pcf,hfma,1,1311757,843
random_n1000_rho0.3_uncorr-neg_seed8.pcf,dhfma,1,1502381,843
random_n1000_rho0.3_uncorr-neg_seed8.pcf,hfma,2,1274634,843
random_n1000_rho0.3_uncorr-neg_seed8.pcf,dhfma,2,1481143,843
random_n1000_rho0.3_uncorr-neg_seed9.pcf,hfma,0,1986676,837
random_n1000_rho0.3_uncorr-neg_seed9.pcf,dhfma,0,1970411,837
random_n1000_rho0.3_uncorr-neg_seed9.pcf,hfma,1,1578175,837
random_n1000_rho0.3_uncorr-neg_seed9.pcf,dhfma,1,2131547,837
random_n1000_rho0.3_uncorr-neg_seed9.pcf,hfma,2,1589725,837
random_n1000_rho0.3_uncorr-neg_seed9.pcf,dhfma,2,1878752,837
random_n1000_rho0.3_uncorr_seed0.pcf,hfma,0,1829481,855
random_n1000_rho0.3_uncorr_seed0.pcf,dhfma,0,1981812,855
random_n1000_rho0.3_uncorr_seed0.pcf,hfma,1,1547506,855
random_n1000_rho0.3_uncorr_seed0.pcf,dhfma,1,1229236,855
random_n1000_rho0.3_uncorr_seed0.pcf,hfma,2,1085139,855
random_n1000_rho0.3_uncorr_seed0.pcf,dhfma,2,1431587,855
random_n1000_rho0.3_uncorr_seed1.pcf,hfma,0,1109799,863
random_n1000_rho0.3_uncorr_seed1.pcf,dhfma,0,1294444,863
random_n1000_rho0.3_uncorr_seed1.pcf,hfma,1,1246876,863
random_n1000_rho0.3_uncorr_seed1.pcf,dhfma,1,1541033,863
random_n1000_rho0.3_uncorr_seed1.pcf,hfma,2,611749,863
random_n1000_rho0.3_uncorr_seed1.pcf,dhfma,2,356515,863
random_n1000_rho0.3_uncorr_seed2.pcf,hfma,0,1681486,846
random_n1000_rho0.3_uncorr_seed2.pcf,dhfma,0,1551925,846
random_n1000_rho0.3_uncorr_seed2.pcf,hfma,1,1130063,846
random_n1000_rho0.3_uncorr_seed2.pcf,dhfma,1,1705071,846
random_n1000_rho0.3_uncorr_seed2.pcf,hfma,2,1374388,846
random_n1000_rho0.3_uncorr_seed2.pcf,dhfma,2,1653075,846
random_n1000_rho0.3_uncorr_seed3.pcf,hfma,0,1705142,852
random_n1000_rho0.3_uncorr_seed3.pcf,dhfma,0,1737649,852
random_n1000_rho0.3_uncorr_seed3.pcf,hfma,1,1122403,852
random_n1000_rho0.3_uncorr_seed3.pcf,dhfma,1,1194127,852
random_n1000_rho0.3_uncorr_seed3.pcf,hfma,2,836164,852
random_n1000_rho0.3_uncorr_seed3.pcf,dhfma,2,932477,852
random_n1000_rho0.3_uncorr_seed4.pcf,hfma,0,648537,833
random_n1000_rho0.3_uncorr_seed4.pcf,dhfma,0,815740,833
random_n1000_rho0.3_uncorr_seed4.pcf,hfma,1,690425,833
random_n1000_rho0.3_uncorr_seed4.pcf,dhfma,1,912319,833
random_n1000_rho0.3_uncorr_seed4.pcf,hfma,2,774629,833
random_n1000_rho0.3_uncorr_seed4.pcf,dhfma,2,1026844,833
random_n1000_rho0.3_uncorr_seed5.pcf,hfma,0,1613487,849
random_n1000_rho0.3_uncorr_seed5.pcf,dhfma,0,2130452,849
random_n1000_rho0.3_uncorr_seed5.pcf,hfma,1,1542323,849
random_n1000_rho0.3_uncorr_seed5.pcf,dhfma,1,1876126,849
random_n1000_rho0.3_uncorr_seed5.pcf,hfma,2,1410353,849
random_n1000_rho0.3_uncorr_seed5.pcf,dhfma,2,948052,849
random_n1000_rho0.3_uncorr_seed6.pcf,hfma,0,1784477,853
random_n1000_rho0.3_uncorr_seed6.pcf,dhfma,0,1784498,853
random_n1000_rho0.3_uncorr_seed6.pcf,hfma,1,1394623,853
random_n1000_rho0.3_uncorr_seed6.pcf,dhfma,1,1663814,853
random_n1000_rho0.3_uncorr_seed6.pcf,hfma,2,1478646,853
random_n1000_rho0.3_uncorr_seed6.pcf,dhfma,2,1744073,853
random_n1000_rho0.3_uncorr_seed7.pcf,hfma,0,1533266,845
random_n1000_rho0.3_uncorr_seed7.pcf,dhfma,0,1828530,845
random_n1000_rho0.3_uncorr_seed7.pcf,hfma,1,1363036,845
random_n1000_rho0.3_uncorr_seed7.pcf,dhfma,1,1725942,845
random_n1000_rho0.3_uncorr_seed7.pcf,hfma,2,1364665,845
random_n1000_rho0.3_uncorr_seed7.pcf,dhfma,2,1583939,845
random_n1000_rho0.3_uncorr_seed8.pcf,hfma,0,1457893,865
random_n1000_rho0.3_uncorr_seed8.pcf,dhfma,0,1677705,865
random_n1000_rho0.3_uncorr_seed8.pcf,hfma,1,1301930,865
random_n1000_rho0.3_uncorr_seed8.pcf,dhfma,1,1600875,865
random_n1000_rho0.3_uncorr_seed8.pcf,hfma,2,1314426,865
random_n1000_rho0.3_uncorr_seed8.pcf,dhfma,2,1614427,865
random_n1000_rho0.3_uncorr_seed9.pcf,hfma,0,1882706,830
random_n1000_rho0.3_uncorr_seed9.pcf,dhfma,0,1908391,830
random_n1000_rho0.3_uncorr_seed9.pcf,hfma,1,1525283,830
random_n1000_rho0.3_uncorr_seed9.pcf,dhfma,1,1582050,830
random_n1000_rho0.3_uncorr_seed9.pcf,hfma,2,846176,830
random_n1000_rho0.3_uncorr_seed9.pcf,dhfma,2,421778,830
random_n1000_rho0.3_weakly-corr-neg_seed0.pcf,hfma,0,1555069,849
random_n1000_rho0.3_weakly-corr-neg_seed0.pcf,dhfma,0,1681123,849
random_n1000_rho0.3_weakly-corr-neg_seed0.pcf,hfma,1,1327830,849
random_n1000_rho0.3_weakly-corr-neg_seed0.pcf,dhfma,1,1532796,849
random_n1000_rho0.3_weakly-corr-neg_seed0.pcf,hfma,2,1267526,849
random_n1000_rho0.3_weakly-corr-neg_seed0.pcf,dhfma,2,1563685,849
random_n1000_rho0.3_weakly-corr-neg_seed1.pcf,hfma,0,1510953,832
random_n1000_rho0.3_weakly-corr-neg_seed1.pcf,dhfma,0,1799515,832
random_n1000_rho0.3_weakly-corr-neg_seed1.pcf,hfma,1,1344158,832
random_n1000_rho0.3_weakly-corr-neg_seed1.pcf,dhfma,1,1775877,832
random_n1000_rho0.3_weakly-corr-neg_seed1.pcf,hfma,2,1337272,832
random_n1000_rho0.3_weakly-corr-neg_seed1.pcf,dhfma,2,1395566,832
random_n1000_rho0.3_weakly-corr-neg_seed2.pcf,hfma,0,1639412,844
random_n1000_rho0.3_weakly-corr-neg_seed2.pcf,dhfma,0,1950185,844
random_n1000_rho0.3_weakly-corr-neg_seed2.pcf,hfma,1,1434621,844
random_n1000_rho0.3_weakly-corr-neg_seed2.pcf,dhfma,1,1604323,844
random_n1000_rho0.3_weakly-corr-neg_seed2.pcf,hfma,2,1472492,844
random_n1000_rho0.3_weakly-corr-neg_seed2.pcf,dhfma,2,1936139,844
random_n1000_rho0.3_weakly-corr-neg_seed3.pcf,hfma,0,1419484,829
random_n1000_rho0.3_weakly-corr-neg_seed3.pcf,dhfma,0,1641158,829
random_n1000_rho0.3_weakly-corr-neg_seed3.pcf,hfma,1,1249796,829
random_n1000_rho0.3_weakly-corr-neg_seed3.pcf,dhfma,1,1582358,829
random_n1000_rho0.3_weakly-corr-neg_seed3.pcf,hfma,2,1349170,829
random_n1000_rho0.3_weakly-corr-neg_seed3.pcf,dhfma,2,1670247,829
random_n1000_rho0.3_weakly-corr-neg_seed4.pcf,hfma,0,1543511,831
random_n1000_rho0.3_weakly-corr-neg_seed4.pcf,dhfma,0,1895344,831
random_n1000_rho0.3_weakly-corr-neg_seed4.pcf,hfma,1,1481171,831
random_n1000_rho0.3_weakly-corr-neg_seed4.pcf,dhfma,1,1774701,831
random_n1000_rho0.3_weakly-corr-neg_seed4.pcf,hfma,2,1380607,831
random_n1000_rho0.3_weakly-corr-neg_seed4.pcf,dhfma,2,1703552,831
random_n1000_rho0.3_weakly-corr-neg_seed5.pcf,hfma,0,1776176,837
random_n1000_rho0.3_weakly-corr-neg_seed5.pcf,dhfma,0,1295274,837
random_n1000_rho0.3_weakly-corr-neg_seed5.pcf,hfma,1,386581,837
random_n1000_rho0.3_weakly-corr-neg_seed5.pcf,dhfma,1,1317711,837
random_n1000_rho0.3_weakly-corr-neg_seed5.pcf,hfma,2,1476213,837
random_n1000_rho0.3_weakly-corr-neg_seed5.pcf,dhfma,2,1771418,837
random_n1000_rho0.3_weakly-corr-neg_seed6.pcf,hfma,0,1748069,844
random_n1000_rho0.3_weakly-corr-neg_seed6.pcf,dhfma,0,2013319,844
random_n1000_rho0.3_weakly-corr-neg_seed6.pcf,hfma,1,1428366,844
random_n1000_rho0.3_weakly-corr-neg_seed6.pcf,dhfma,1,1591928,844
random_n1000_rho0.3_weakly-corr-neg_seed6.pcf,hfma,2,977122,844
random_n1000_rho0.3_weakly-corr-neg_seed6.pcf,dhfma,2,910933,844
random_n1000_rho0.3_weakly-corr-neg_seed7.pcf,hfma,0,956678,827
random_n1000_rho0.3_weakly-corr-neg_seed7.pcf,dhfma,0,1186787,827
random_n1000_rho0.3_weakly-corr-neg_seed7.pcf,hfma,1,986025,827
random_n1000_rho0.3_weakly-corr-neg_seed7.pcf,dhfma,1,1424594,827
random_n1000_rho0.3_weakly-corr-neg_seed7.pcf,hfma,2,1240619,827
random_n1000_rho0.3_weakly-corr-neg_seed7.pcf,dhfma,2,1725124,827
random_n1000_rho0.3_weakly-corr-neg_seed8.pcf,hfma,0,1645227,847
random_n1000_rho0.3_weakly-corr-neg_seed8.pcf,dhfma,0,1682281,847
random_n1000_rho0.3_weakly-corr-neg_seed8.pcf,hfma,1,945156,847
random_n1000_rho0.3_weakly-corr-neg_seed8.pcf,dhfma,1,916470,847
random_n1000_rho0.3_weakly-corr-neg_seed8.pcf,hfma,2,782937,847
random_n1000_rho0.3_weakly-corr-neg_seed8.pcf,dhfma,2,1045793,847
random_n1000_rho0.3_weakly-corr-neg_seed9.pcf,hfma,0,1268349,833
random_n1000_rho0.3_weakly-corr-neg_seed9.pcf,dhfma,0,865806,833
random_n1000_rho0.3_weakly-corr-neg_seed9.pcf,hfma,1,730782,833
random_n1000_rho0.3_weakly-corr-neg_seed9.pcf,dhfma,1,968162,833
random_n1000_rho0.3_weakly-corr-neg_seed9.pcf,hfma,2,860908,833
random_n1000_rho0.3_weakly-corr-neg_seed9.pcf,dhfma,2,1102755,833
random_n1000_rho0.3_weakly-corr_seed0.pcf,hfma,0,1301422,849
random_n1000_rho0.3_weakly-corr_seed0.pcf,dhfma,0,1259043,849
random_n1000_rho0.3_weakly-corr_seed0.pcf,hfma,1,800350,849
random_n1000_rho0.3_weakly-corr_seed0.pcf,dhfma,1,715407,849
random_n1000_rho0.3_weakly-corr_seed0.pcf,hfma,2,566208,849
random_n1000_rho0.3_weakly-corr_seed0.pcf,dhfma,2,779697,849
random_n1000_rho0.3_weakly-corr_seed1.pcf,hfma,0,677235,855
random_n1000_rho0.3_weakly-corr_seed1.pcf,dhfma,0,898399,855
random_n1000_rho0.3_weakly-corr_seed1.pcf,hfma,1,691044,855
random_n1000_rho0.3_weakly-corr_seed1.pcf,dhfma,1,990855,855
random_n1000_rho0.3_weakly-corr_seed1.pcf,hfma,2,827544,855
random_n1000_rho0.3_weakly-corr_seed1.pcf,dhfma,2,1196260,855
random_n1000_rho0.3_weakly-corr_seed2.pcf,hfma,0,1430733,849
random_n1000_rho0.3_weakly-corr_seed2.pcf,dhfma,0,1647491,849
random_n1000_rho0.3_weakly-corr_seed2.pcf,hfma,1,1301138,849
random_n1000_rho0.3_weakly-corr_seed2.pcf,dhfma,1,1625255,849
random_n1000_rho0.3_weakly-corr_seed2.pcf,hfma,2,1324576,849
random_n1000_rho0.3_weakly-corr_seed2.pcf,dhfma,2,1648934,849
random_n1000_rho0.3_weakly-corr_seed3.pcf,hfma,0,1443729,852
random_n1000_rho0.3_weakly-corr_seed3.pcf,dhfma,0,1625854,852
random_n1000_rho0.3_weakly-corr_seed3.pcf,hfma,1,1234958,852
random_n1000_rho0.3_weakly-corr_seed3.pcf,dhfma,1,1551876,852
random_n1000_rho0.3_weakly-corr_seed3.pcf,hfma,2,1181343,852
random_n1000_rho0.3_weakly-corr_seed3.pcf,dhfma,2,1150138,852
random_n1000_rho0.3_weakly-corr_seed4.pcf,hfma,0,1811440,843
random_n1000_rho0.3_weakly-corr_seed4.pcf,dhfma,0,1870907,843
random_n1000_rho0.3_weakly-corr_seed4.pcf,hfma,1,493781,843
random_n1000_rho0.3_weakly-corr_seed4.pcf,dhfma,1,602594,843
random_n1000_rho0.3_weakly-corr_seed4.pcf,hfma,2,492694,843
random_n1000_rho0.3_weakly-corr_seed4.pcf,dhfma,2,994091,843
random_n1000_rho0.3_weakly-corr_seed5.pcf,hfma,0,1236347,829
random_n1000_rho0.3_weakly-corr_seed5.pcf,dhfma,0,1506486,829
random_n1000_rho0.3_weakly-corr_seed5.pcf,hfma,1,1313240,829
random_n1000_rho0.3_weakly-corr_seed5.pcf,dhfma,1,1779421,829
random_n1000_rho0.3_weakly-corr_seed5.pcf,hfma,2,1431591,829
random_n1000_rho0.3_weakly-corr_seed5.pcf,dhfma,2,1774738,829
random_n1000_rho0.3_weakly-corr_seed6.pcf,hfma,0,1598754,850
random_n1000_rho0.3_weakly-corr_seed6.pcf,dhfma,0,1598368,850
random_n1000_rho0.3_weakly-corr_seed6.pcf,hfma,1,1250578,850
random_n1000_rho0.3_weakly-corr_seed6.pcf,dhfma,1,1611731,850
random_n1000_rho0.3_weakly-corr_seed6.pcf,hfma,2,1235742,850
random_n1000_rho0.3_weakly-corr_seed6.pcf,dhfma,2,1415854,850
random_n1000_rho0.3_weakly-corr_seed7.pcf,hfma,0,1359744,844
random_n1000_rho0.3_weakly-corr_seed7.pcf,dhfma,0,1386713,844
random_n1000_rho0.3_weakly-corr_seed7.pcf,hfma,1,927823,844
random_n1000_rho0.3_weakly-corr_seed7.pcf,dhfma,1,1035268,844
random_n1000_rho0.3_weakly-corr_seed7.pcf,hfma,2,698948,844
random_n1000_rho0.3_weakly-corr_seed7.pcf,dhfma,2,817596,844
random_n1000_rho0.3_weakly-corr_seed8.pcf,hfma,0,776813,841
random_n1000_rho0.3_weakly-corr_seed8.pcf,dhfma,0,717056,841
random_n1000_rho0.3_weakly-corr_seed8.pcf,hfma,1,609680,841
random_n1000_rho0.3_weakly-corr_seed8.pcf,dhfma,1,761616,841
random_n1000_rho0.3_weakly-corr_seed8.pcf,hfma,2,699803,841
random_n1000_rho0.3_weakly-corr_seed8.pcf,dhfma,2,897048,841
random_n1000_rho0.3_weakly-corr_seed9.pcf,hfma,0,1633492,844
random_n1000_rho0.3_weakly-corr_seed9.pcf,dhfma,0,1594181,844
random_n1000_rho0.3_weakly-corr_seed9.pcf,hfma,1,487340,844
random_n1000_rho0.3_weakly-corr_seed9.pcf,dhfma,1,611040,844
random_n1000_rho0.3_weakly-corr_seed9.pcf,hfma,2,479232,844
random_n1000_rho0.3_weakly-corr_seed9.pcf,dhfma,2,608958,844
random_n1000_rho0.6_strongly-corr-neg_seed0.pcf,hfma,0,2557354,619
random_n1000_rho0.6_strongly-corr-neg_seed0.pcf,dhfma,0,2391619,619
random_n1000_rho0.6_strongly-corr-neg_seed0.pcf,hfma,1,2514863,619
random_n1000_rho0.6_strongly-corr-neg_seed0.pcf,dhfma,1,2789686,619
random_n1000_rho0.6_strongly-corr-neg_seed0.pcf,hfma,2,2497389,619
random_n1000_rho0.6_strongly-corr-neg_seed0.pcf,dhfma,2,2207032,619
random_n1000_rho0.6_strongly-corr-neg_seed1.pcf,hfma,0,3444636,617
random_n1000_rho0.6_strongly-corr-neg_seed1.pcf,dhfma,0,3233291,617
random_n1000_rho0.6_strongly-corr-neg_seed1.pcf,hfma,1,2918517,617
random_n1000_rho0.6_strongly-corr-neg_seed1.pcf,dhfma,1,2495688,617
random_n1000_rho0.6_strongly-corr-neg_seed1.pcf,hfma,2,1919902,617
random_n1000_rho0.6_strongly-corr-neg_seed1.pcf,dhfma,2,1589918,617
random_n1000_rho0.6_strongly-corr-neg_seed2.pcf,hfma,0,2342184,619
random_n1000_rho0.6_strongly-corr-neg_seed2.pcf,dhfma,0,3185590,619
random_n1000_rho0.6_strongly-corr-neg_seed2.pcf,hfma,1,2258987,619
random_n1000_rho0.6_strongly-corr-neg_seed2.pcf,dhfma,1,2493805,619
random_n1000_rho0.6_strongly-corr-neg_seed2.pcf,hfma,2,1823523,619
random_n1000_rho0.6_strongly-corr-neg_seed2.pcf,dhfma,2,1652227,619
random_n1000_rho0.6_strongly-corr-neg_seed3.pcf,hfma,0,3096604,612
random_n1000_rho0.6_strongly-corr-neg_seed3.pcf,dhfma,0,2755687,612
random_n1000_rho0.6_strongly-corr-neg_seed3.pcf,hfma,1,1824137,612
random_n1000_rho0.6_strongly-corr-neg_seed3.pcf,dhfma,1,1260221,612
random_n1000_rho0.6_strongly-corr-neg_seed3.pcf,hfma,2,1303991,612
random_n1000_rho0.6_strongly-corr-neg_seed3.pcf,dhfma,2,1597236,612
random_n1000_rho0.6_strongly-corr-neg_seed4.pcf,hfma,0,1885977,621
random_n1000_rho0.6_strongly-corr-neg_seed4.pcf,dhfma,0,2333098,621
random_n1000_rho0.6_strongly-corr-neg_seed4.pcf,hfma,1,924375,621
random_n1000_rho0.6_strongly-corr-neg_seed4.pcf,dhfma,1,787476,621
random_n1000_rho0.6_strongly-corr-neg_seed4.pcf,hfma,2,716918,621
random_n1000_rho0.6_strongly-corr-neg_seed4.pcf,dhfma,2,760502,621
random_n1000_rho0.6_strongly-corr-neg_seed5.pcf,hfma,0,2866384,611
random_n1000_rho0.6_strongly-corr-neg_seed5.pcf,dhfma,0,2001568,611
random_n1000_rho0.6_strongly-corr-neg_seed5.pcf,hfma,1,1488475,611
random_n1000_rho0.6_strongly-corr-neg_seed5.pcf,dhfma,1,1732498,611
random_n1000_rho0.6_strongly-corr-neg_seed5.pcf,hfma,2,2005577,611
random_n1000_rho0.6_strongly-corr-neg_seed5.pcf,dhfma,2,2379013,611
random_n1000_rho0.6_strongly-corr-neg_seed6.pcf,hfma,0,2760887,592
random_n1000_rho0.6_strongly-corr-neg_seed6.pcf,dhfma,0,2370620,592
random_n1000_rho0.6_strongly-corr-neg_seed6.pcf,hfma,1,1569715,592
random_n1000_rho0.6_strongly-corr-neg_seed6.pcf,dhfma,1,1441105,592
random_n1000_rho0.6_strongly-corr-neg_seed6.pcf,hfma,2,765844,592
random_n1000_rho0.6_strongly-corr-neg_seed6.pcf,dhfma,2,948034,592
random_n1000_rho0.6_strongly-corr-neg_seed7.pcf,hfma,0,1178959,634
random_n1000_rho0.6_strongly-corr-neg_seed7.pcf,dhfma,0,1139013,634
random_n1000_rho0.6_strongly-corr-neg_seed7.pcf,hfma,1,992567,634
random_n1000_rho0.6_strongly-corr-neg_seed7.pcf,dhfma,1,1076531,634
random_n1000_rho0.6_strongly-corr-neg_seed7.pcf,hfma,2,982223,634
random_n1000_rho0.6_strongly-corr-neg_seed7.pcf,dhfma,2,1056656,634
random_n1000_rho0.6_strongly-corr-neg_seed8.pcf,hfma,0,1017348,620
random_n1000_rho0.6_strongly-corr-neg_seed8.pcf,dhfma,0,1143219,620
random_n1000_rho0.6_strongly-corr-neg_seed8.pcf,hfma,1,942687,620
random_n1000_rho0.6_strongly-corr-neg_seed8.pcf,dhfma,1,1115495,620
random_n1000_rho0.6_strongly-corr-neg_seed8.pcf,hfma,2,879181,620
random_n1000_rho0.6_strongly-corr-neg_seed8.pcf,dhfma,2,773105,620
random_n1000_rho0.6_strongly-corr-neg_seed9.pcf,hfma,0,1366628,608
random_n1000_rho0.6_strongly-corr-neg_seed9.pcf,dhfma,0,1536604,608
random_n1000_rho0.6_strongly-corr-neg_seed9.pcf,hfma,1,1699241,608
random_n1000_rho0.6_strongly-corr-neg_seed9.pcf,dhfma,1,1929450,608
random_n1000_rho0.6_strongly-corr-neg_seed9.pcf,hfma,2,2306010,608
random_n1000_rho0.6_strongly-corr-neg_seed9.pcf,dhfma,2,1975055,608
random_n1000_rho0.6_strongly-corr_seed0.pcf,hfma,0,1695392,561
random_n1000_rho0.6_strongly-corr_seed0.pcf,dhfma,0,2010744,561
random_n1000_rho0.6_strongly-corr_seed0.pcf,hfma,1,2283765,561
random_n1000_rho0.6_strongly-corr_seed0.pcf,dhfma,1,2634652,561
random_n1000_rho0.6_strongly-corr_seed0.pcf,hfma,2,2380465,561
random_n1000_rho0.6_strongly-corr_seed0.pcf,dhfma,2,2454080,561
random_n1000_rho0.6_strongly-corr_seed1.pcf,hfma,0,3156510,544
random_n1000_rho0.6_strongly-corr_seed1.pcf,dhfma,0,3070310,544
random_n1000_rho0.6_strongly-corr_seed1.pcf,hfma,1,2980189,544
random_n1000_rho0.6_strongly-corr_seed1.pcf,dhfma,1,3014430,544
random_n1000_rho0.6_strongly-corr_seed1.pcf,hfma,2,2795344,544
random_n1000_rho0.6_strongly-corr_seed1.pcf,dhfma,2,2559726,544
random_n1000_rho0.6_strongly-corr_seed2.pcf,hfma,0,2853583,556
random_n1000_rho0.6_strongly-corr_seed2.pcf,dhfma,0,2758594,556
random_n1000_rho0.6_strongly-corr_seed2.pcf,hfma,1,1983924,556
random_n1000_rho0.6_strongly-corr_seed2.pcf,dhfma,1,1808612,556
random_n1000_rho0.6_strongly-corr_seed2.pcf,hfma,2,1828096,556
random_n1000_rho0.6_strongly-corr_seed2.pcf,dhfma,2,2351848,556
random_n1000_rho0.6_strongly-corr_seed3.pcf,hfma,0,3473748,540
random_n1000_rho0.6_strongly-corr_seed3.pcf,dhfma,0,2798229,540
random_n1000_rho0.6_strongly-corr_seed3.pcf,hfma,1,1853295,540
random_n1000_rho0.6_strongly-corr_seed3.pcf,dhfma,1,1675297,540
random_n1000_rho0.6_strongly-corr_seed3.pcf,hfma,2,1280238,540
random_n1000_rho0.6_strongly-corr_seed3.pcf,dhfma,2,1785844,540
random_n1000_rho0.6_strongly-corr_seed4.pcf,hfma,0,3781286,568
random_n1000_rho0.6_strongly-corr_seed4.pcf,dhfma,0,2719601,568
random_n1000_rho0.6_strongly-corr_seed4.pcf,hfma,1,1894336,568
random_n1000_rho0.6_strongly-corr_seed4.pcf,dhfma,1,1719824,568
random_n1000_rho0.6_strongly-corr_seed4.pcf,hfma,2,1232206,568
random_n1000_rho0.6_strongly-corr_seed4.pcf,dhfma,2,1200294,568
random_n1000_rho0.6_strongly-corr_seed5.pcf,hfma,0,1193143,561
random_n1000_rho0.6_strongly-corr_seed5.pcf,dhfma,0,1476920,561
random_n1000_rho0.6_strongly-corr_seed5.pcf,hfma,1,1534307,561
random_n1000_rho0.6_strongly-corr_seed5.pcf,dhfma,1,2061738,561
random_n1000_rho0.6_strongly-corr_seed5.pcf,hfma,2,1772672,561
random_n1000_rho0.6_strongly-corr_seed5.pcf,dhfma,2,1689764,561
random_n1000_rho0.6_strongly-corr_seed6.pcf,hfma,0,2499287,555
random_n1000_rho0.6_strongly-corr_seed6.pcf,dhfma,0,3206805,555
random_n1000_rho0.6_strongly-corr_seed6.pcf,hfma,1,2396490,555
random_n1000_rho0.6_strongly-corr_seed6.pcf,dhfma,1,2769621,555
random_n1000_rho0.6_strongly-corr_seed6.pcf,hfma,2,2611323,555
random_n1000_rho0.6_strongly-corr_seed6.pcf,dhfma,2,2829361,555
random_n1000_rho0.6_strongly-corr_seed7.pcf,hfma,0,3287506,558
random_n1000_rho0.6_strongly-corr_seed7.pcf,dhfma,0,3532460,558
random_n1000_rho0.6_strongly-corr_seed7.pcf,hfma,1,3130329,558
random_n1000_rho0.6_strongly-corr_seed7.pcf,dhfma,1,2554585,558
random_n1000_rho0.6_strongly-corr_seed7.pcf,hfma,2,1837847,558
random_n1000_rho0.6_strongly-corr_seed7.pcf,dhfma,2,1512744,558
random_n1000_rho0.6_strongly-corr_seed8.pcf,hfma,0,1456304,563
random_n1000_rho0.6_strongly-corr_seed8.pcf,dhfma,0,1819132,563
random_n1000_rho0.6_strongly-corr_seed8.pcf,hfma,1,2108883,563
random_n1000_rho0.6_strongly-corr_seed8.pcf,dhfma,1,2596000,563
random_n1000_rho0.6_strongly-corr_seed8.pcf,hfma,2,2012510,563
random_n1000_rho0.6_strongly-corr_seed8.pcf,dhfma,2,1699675,563
random_n1000_rho0.6_strongly-corr_seed9.pcf,hfma,0,3022654,543
random_n1000_rho0.6_strongly-corr_seed9.pcf,dhfma,0,3004551,543
random_n1000_rho0.6_strongly-corr_seed9.pcf,hfma,1,2911473,543
random_n1000_rho0.6_strongly-corr_seed9.pcf,dhfma,1,2961251,543
random_n1000_rho0.6_strongly-corr_seed9.pcf,hfma,2,2751294,543
random_n1000_rho0.6_strongly-corr_seed9.pcf,dhfma,2,2814911,543
random_n1000_rho0.6_uncorr-neg_seed0.pcf,hfma,0,3436049,711
random_n1000_rho0.6_uncorr-neg_seed0.pcf,dhfma,0,3187804,711
random_n1000_rho0.6_uncorr-neg_seed0.pcf,hfma,1,2265876,711
random_n1000_rho0.6_uncorr-neg_seed0.pcf,dhfma,1,2307953,711
random_n1000_rho0.6_uncorr-neg_seed0.pcf,hfma,2,2608278,711
random_n1000_rho0.6_uncorr-neg_seed0.pcf,dhfma,2,2711553,711
random_n1000_rho0.6_uncorr-neg_seed1.pcf,hfma,0,3535792,699
random_n1000_rho0.6_uncorr-neg_seed1.pcf,dhfma,0,3339147,699
random_n1000_rho0.6_uncorr-neg_seed1.pcf,hfma,1,2765070,699
random_n1000_rho0.6_uncorr-neg_seed1.pcf,dhfma,1,3474732,699
random_n1000_rho0.6_uncorr-neg_seed1.pcf,hfma,2,2639885,699
random_n1000_rho0.6_uncorr-neg_seed1.pcf,dhfma,2,2143562,699
random_n1000_rho0.6_uncorr-neg_seed2.pcf,hfma,0,2031283,712
random_n1000_rho0.6_uncorr-neg_seed2.pcf,dhfma,0,2600148,712
random_n1000_rho0.6_uncorr-neg_seed2.pcf,hfma,1,2261349,712
random_n1000_rho0.6_uncorr-neg_seed2.pcf,dhfma,1,2360864,712
random_n1000_rho0.6_uncorr-neg_seed2.pcf,hfma,2,2152405,712
random_n1000_rho0.6_uncorr-neg_seed2.pcf,dhfma,2,1833817,712
random_n1000_rho0.6_uncorr-neg_seed3.pcf,hfma,0,3380664,689
random_n1000_rho0.6_uncorr-neg_seed3.pcf,dhfma,0,3277846,689
random_n1000_rho0.6_uncorr-neg_seed3.pcf,hfma,1,2820919,689
random_n1000_rho0.6_uncorr-neg_seed3.pcf,dhfma,1,2453337,689
random_n1000_rho0.6_uncorr-neg_seed3.pcf,hfma,2,1713962,689
random_n1000_rho0.6_uncorr-neg_seed3.pcf,dhfma,2,1519238,689
random_n1000_rho0.6_uncorr-neg_seed4.pcf,hfma,0,2417517,691
random_n1000_rho0.6_uncorr-neg_seed4.pcf,dhfma,0,2973870,691
random_n1000_rho0.6_uncorr-neg_seed4.pcf,hfma,1,1809694,691
random_n1000_rho0.6_uncorr-neg_seed4.pcf,dhfma,1,1825205,691
random_n1000_rho0.6_uncorr-neg_seed4.pcf,hfma,2,1346259,691
random_n1000_rho0.6_uncorr-neg_seed4.pcf,dhfma,2,1381179,691
random_n1000_rho0.6_uncorr-neg_seed5.pcf,hfma,0,1691960,713
random_n1000_rho0.6_uncorr-neg_seed5.pcf,dhfma,0,2095879,713
random_n1000_rho0.6_uncorr-neg_seed5.pcf,hfma,1,2292614,713
random_n1000_rho0.6_uncorr-neg_seed5.pcf,dhfma,1,3121038,713
random_n1000_rho0.6_uncorr-neg_seed5.pcf,hfma,2,2774835,713
random_n1000_rho0.6_uncorr-neg_seed5.pcf,dhfma,2,2237581,713
random_n1000_rho0.6_uncorr-neg_seed6.pcf,hfma,0,2913809,673
random_n1000_rho0.6_uncorr-neg_seed6.pcf,dhfma,0,3590946,673
random_n1000_rho0.6_uncorr-neg_seed6.pcf,hfma,1,3360435,673
random_n1000_rho0.6_uncorr-neg_seed6.pcf,dhfma,1,2814619,673
random_n1000_rho0.6_uncorr-neg_seed6.pcf,hfma,2,2019675,673
random_n1000_rho0.6_uncorr-neg_seed6.pcf,dhfma,2,1609553,673
random_n1000_rho0.6_uncorr-neg_seed7.pcf,hfma,0,2288873,692
random_n1000_rho0.6_uncorr-neg_seed7.pcf,dhfma,0,1674940,692
random_n1000_rho0.6_uncorr-neg_seed7.pcf,hfma,1,1268979,692
random_n1000_rho0.6_uncorr-neg_seed7.pcf,dhfma,1,1117716,692
random_n1000_rho0.6_uncorr-neg_seed7.pcf,hfma,2,928532,692
random_n1000_rho0.6_uncorr-neg_seed7.pcf,dhfma,2,873200,692
random_n1000_rho0.6_uncorr-neg_seed8.pcf,hfma,0,1128414,693
random_n1000_rho0.6_uncorr-neg_seed8.pcf,dhfma,0,1436877,693
random_n1000_rho0.6_uncorr-neg_seed8.pcf,hfma,1,1435400,693
random_n1000_rho0.6_uncorr-neg_seed8.pcf,dhfma,1,1608659,693
random_n1000_rho0.6_uncorr-neg_seed8.pcf,hfma,2,1352031,693
random_n1000_rho0.6_uncorr-neg_seed8.pcf,dhfma,2,1769529,693
random_n1000_rho0.6_uncorr-neg_seed9.pcf,hfma,0,2469898,720
random_n1000_rho0.6_uncorr-neg_seed9.pcf,dhfma,0,3062698,720
random_n1000_rho0.6_uncorr-neg_seed9.pcf,hfma,1,2823084,720
random_n1000_rho0.6_uncorr-neg_seed9.pcf,dhfma,1,2455382,720
random_n1000_rho0.6_uncorr-neg_seed9.pcf,hfma,2,1755816,720
random_n1000_rho0.6_uncorr-neg_seed9.pcf,dhfma,2,1572410,720
random_n1000_rho0.6_uncorr_seed0.pcf,hfma,0,2072645,711
random_n1000_rho0.6_uncorr_seed0.pcf,dhfma,0,1813615,711
random_n1000_rho0.6_uncorr_seed0.pcf,hfma,1,1900571,711
random_n1000_rho0.6_uncorr_seed0.pcf,dhfma,1,2524169,711
random_n1000_rho0.6_uncorr_seed0.pcf,hfma,2,2170528,711
random_n1000_rho0.6_uncorr_seed0.pcf,dhfma,2,2030557,711
random_n1000_rho0.6_uncorr_seed1.pcf,hfma,0,4723835,707
random_n1000_rho0.6_uncorr_seed1.pcf,dhfma,0,4132572,707
random_n1000_rho0.6_uncorr_seed1.pcf,hfma,1,2670152,707
random_n1000_rho0.6_uncorr_seed1.pcf,dhfma,1,2347902,707
random_n1000_rho0.6_uncorr_seed1.pcf,hfma,2,1619802,707
random_n1000_rho0.6_uncorr_seed1.pcf,dhfma,2,1428495,707
random_n1000_rho0.6_uncorr_seed2.pcf,hfma,0,932537,702
random_n1000_rho0.6_uncorr_seed2.pcf,dhfma,0,1139407,702
random_n1000_rho0.6_uncorr_seed2.pcf,hfma,1,1174074,702
random_n1000_rho0.6_uncorr_seed2.pcf,dhfma,1,1443609,702
random_n1000_rho0.6_uncorr_seed2.pcf,hfma,2,1606576,702
random_n1000_rho0.6_uncorr_seed2.pcf,dhfma,2,1813783,702
random_n1000_rho0.6_uncorr_seed3.pcf,hfma,0,2211812,691
random_n1000_rho0.6_uncorr_seed3.pcf,dhfma,0,2701539,691
random_n1000_rho0.6_uncorr_seed3.pcf,hfma,1,2973369,691
random_n1000_rho0.6_uncorr_seed3.pcf,dhfma,1,2655636,691
random_n1000_rho0.6_uncorr_seed3.pcf,hfma,2,1961103,691
random_n1000_rho0.6_uncorr_seed3.pcf,dhfma,2,1668849,691
random_n1000_rho0.6_uncorr_seed4.pcf,hfma,0,1347125,724
random_n1000_rho0.6_uncorr_seed4.pcf,dhfma,0,1690193,724
random_n1000_rho0.6_uncorr_seed4.pcf,hfma,1,1832646,724
random_n1000_rho0.6_uncorr_seed4.pcf,dhfma,1,1924359,724
random_n1000_rho0.6_uncorr_seed4.pcf,hfma,2,1475060,724
random_n1000_rho0.6_uncorr_seed4.pcf,dhfma,2,1320382,724
random_n1000_rho0.6_uncorr_seed5.pcf,hfma,0,2505101,699
random_n1000_rho0.6_uncorr_seed5.pcf,dhfma,0,2563346,699
random_n1000_rho0.6_uncorr_seed5.pcf,hfma,1,2497698,699
random_n1000_rho0.6_uncorr_seed5.pcf,dhfma,1,1313076,699
random_n1000_rho0.6_uncorr_seed5.pcf,hfma,2,649218,699
random_n1000_rho0.6_uncorr_seed5.pcf,dhfma,2,757318,699
random_n1000_rho0.6_uncorr_seed6.pcf,hfma,0,3971465,693
random_n1000_rho0.6_uncorr_seed6.pcf,dhfma,0,3078101,693
random_n1000_rho0.6_uncorr_seed6.pcf,hfma,1,2164389,693
random_n1000_rho0.6_uncorr_seed6.pcf,dhfma,1,2880814,693
random_n1000_rho0.6_uncorr_seed6.pcf,hfma,2,2969584,693
random_n1000_rho0.6_uncorr_seed6.pcf,dhfma,2,3073346,693
random_n1000_rho0.6_uncorr_seed7.pcf,hfma,0,3283168,705
random_n1000_rho0.6_uncorr_seed7.pcf,dhfma,0,2730799,705
random_n1000_rho0.6_uncorr_seed7.pcf,hfma,1,2004036,705
random_n1000_rho0.6_uncorr_seed7.pcf,dhfma,1,2268669,705
random_n1000_rho0.6_uncorr_seed7.pcf,hfma,2,1553183,705
random_n1000_rho0.6_uncorr_seed7.pcf,dhfma,2,1746816,705
random_n1000_rho0.6_uncorr_seed8.pcf,hfma,0,3213324,699
random_n1000_rho0.6_uncorr_seed8.pcf,dhfma,0,2423558,699
random_n1000_rho0.6_uncorr_seed8.pcf,hfma,1,1460427,699
random_n1000_rho0.6_uncorr_seed8.pcf,dhfma,1,1941726,699
random_n1000_rho0.6_uncorr_seed8.pcf,hfma,2,1715650,699
random_n1000_rho0.6_uncorr_seed8.pcf,dhfma,2,1744002,699
random_n1000_rho0.6_uncorr_seed9.pcf,hfma,0,1700841,704
random_n1000_rho0.6_uncorr_seed9.pcf,dhfma,0,2021990,704
random_n1000_rho0.6_uncorr_seed9.pcf,hfma,1,2222303,704
random_n1000_rho0.6_uncorr_seed9.pcf,dhfma,1,2891716,704
random_n1000_rho0.6_uncorr_seed9.pcf,hfma,2,2440109,704
random_n1000_rho0.6_uncorr_seed9.pcf,dhfma,2,2127767,704
random_n1000_rho0.6_weakly-corr-neg_seed0.pcf,hfma,0,3836952,698
random_n1000_rho0.6_weakly-corr-neg_seed0.pcf,dhfma,0,2895308,698
random_n1000_rho0.6_weakly-corr-neg_seed0.pcf,hfma,1,2077647,698
random_n1000_rho0.6_weakly-corr-neg_seed0.pcf,dhfma,1,1686289,698
random_n1000_rho0.6_weakly-corr-neg_seed0.pcf,hfma,2,1267839,698
random_n1000_rho0.6_weakly-corr-neg_seed0.pcf,dhfma,2,1179586,698
random_n1000_rho0.6_weakly-corr-neg_seed1.pcf,hfma,0,1598918,685
random_n1000_rho0.6_weakly-corr-neg_seed1.pcf,dhfma,0,2123682,685
random_n1000_rho0.6_weakly-corr-neg_seed1.pcf,hfma,1,2232979,685
random_n1000_rho0.6_weakly-corr-neg_seed1.pcf,dhfma,1,1882304,685
random_n1000_rho0.6_weakly-corr-neg_seed1.pcf,hfma,2,1380898,685
random_n1000_rho0.6_weakly-corr-neg_seed1.pcf,dhfma,2,1526740,685
random_n1000_rho0.6_weakly-corr-neg_seed2.pcf,hfma,0,1856798,731
random_n1000_rho0.6_weakly-corr-neg_seed2.pcf,dhfma,0,1645954,731
random_n1000_rho0.6_weakly-corr-neg_seed2.pcf,hfma,1,926852,731
random_n1000_rho0.6_weakly-corr-neg_seed2.pcf,dhfma,1,1013948,731
random_n1000_rho0.6_weakly-corr-neg_seed2.pcf,hfma,2,1031353,731
random_n1000_rho0.6_weakly-corr-neg_seed2.pcf,dhfma,2,1252986,731
random_n1000_rho0.6_weakly-corr-neg_seed3.pcf,hfma,0,1267917,680
random_n1000_rho0.6_weakly-corr-neg_seed3.pcf,dhfma,0,1472044,680
random_n1000_rho0.6_weakly-corr-neg_seed3.pcf,hfma,1,1585311,680
random_n1000_rho0.6_weakly-corr-neg_seed3.pcf,dhfma,1,2027217,680
random_n1000_rho0.6_weakly-corr-neg_seed3.pcf,hfma,2,2024260,680
random_n1000_rho0.6_weakly-corr-neg_seed3.pcf,dhfma,2,1901907,680
random_n1000_rho0.6_weakly-corr-neg_seed4.pcf,hfma,0,2392368,693
random_n1000_rho0.6_weakly-corr-neg_seed4.pcf,dhfma,0,2165462,693
random_n1000_rho0.6_weakly-corr-neg_seed4.pcf,hfma,1,1434182,693
random_n1000_rho0.6_weakly-corr-neg_seed4.pcf,dhfma,1,1066066,693
random_n1000_rho0.6_weakly-corr-neg_seed4.pcf,hfma,2,962977,693
random_n1000_rho0.6_weakly-corr-neg_seed4.pcf,dhfma,2,1187834,693
random_n1000_rho0.6_weakly-corr-neg_seed5.pcf,hfma,0,1530661,710
random_n1000_rho0.6_weakly-corr-neg_seed5.pcf,dhfma,0,1319000,710
random_n1000_rho0.6_weakly-corr-neg_seed5.pcf,hfma,1,1030661,710
random_n1000_rho0.6_weakly-corr-neg_seed5.pcf,dhfma,1,1041003,710
random_n1000_rho0.6_weakly-corr-neg_seed5.pcf,hfma,2,981221,710
random_n1000_rho0.6_weakly-corr-neg_seed5.pcf,dhfma,2,1032613,710
random_n1000_rho0.6_weakly-corr-neg_seed6.pcf,hfma,0,1325326,679
random_n1000_rho0.6_weakly-corr-neg_seed6.pcf,dhfma,0,1432839,679
random_n1000_rho0.6_weakly-corr-neg_seed6.pcf,hfma,1,1345146,679
random_n1000_rho0.6_weakly-corr-neg_seed6.pcf,dhfma,1,1385428,679
random_n1000_rho0.6_weakly-corr-neg_seed6.pcf,hfma,2,959053,679
random_n1000_rho0.6_weakly-corr-neg_seed6.pcf,dhfma,2,1264492,679
random_n1000_rho0.6_weakly-corr-neg_seed7.pcf,hfma,0,2203430,718
random_n1000_rho0.6_weakly-corr-neg_seed7.pcf,dhfma,0,1936146,718
random_n1000_rho0.6_weakly-corr-neg_seed7.pcf,hfma,1,1413376,718
random_n1000_rho0.6_weakly-corr-neg_seed7.pcf,dhfma,1,1298681,718
random_n1000_rho0.6_weakly-corr-neg_seed7.pcf,hfma,2,1054860,718
random_n1000_rho0.6_weakly-corr-neg_seed7.pcf,dhfma,2,1103898,718
random_n1000_rho0.6_weakly-corr-neg_seed8.pcf,hfma,0,1112649,719
random_n1000_rho0.6_weakly-corr-neg_seed8.pcf,dhfma,0,1252828,719
random_n1000_rho0.6_weakly-corr-neg_seed8.pcf,hfma,1,1270778,719
random_n1000_rho0.6_weakly-corr-neg_seed8.pcf,dhfma,1,1387732,719
random_n1000_rho0.6_weakly-corr-neg_seed8.pcf,hfma,2,1103501,719
random_n1000_rho0.6_weakly-corr-neg_seed8.pcf,dhfma,2,1196466,719
random_n1000_rho0.6_weakly-corr-neg_seed9.pcf,hfma,0,2527662,673
random_n1000_rho0.6_weakly-corr-neg_seed9.pcf,dhfma,0,2307206,673
random_n1000_rho0.6_weakly-corr-neg_seed9.pcf,hfma,1,1676977,673
random_n1000_rho0.6_weakly-corr-neg_seed9.pcf,dhfma,1,1360490,673
random_n1000_rho0.6_weakly-corr-neg_seed9.pcf,hfma,2,963482,673
random_n1000_rho0.6_weakly-corr-neg_seed9.pcf,dhfma,2,1094526,673
random_n1000_rho0.6_weakly-corr_seed0.pcf,hfma,0,2149832,703
random_n1000_rho0.6_weakly-corr_seed0.pcf,dhfma,0,1672975,703
random_n1000_rho0.6_weakly-corr_seed0.pcf,hfma,1,1687315,703
random_n1000_rho0.6_weakly-corr_seed0.pcf,dhfma,1,2223280,703
random_n1000_rho0.6_weakly-corr_seed0.pcf,hfma,2,2352980,703
random_n1000_rho0.6_weakly-corr_seed0.pcf,dhfma,2,2294975,703
random_n1000_rho0.6_weakly-corr_seed1.pcf,hfma,0,2908289,698
random_n1000_rho0.6_weakly-corr_seed1.pcf,dhfma,0,3428499,698
random_n1000_rho0.6_weakly-corr_seed1.pcf,hfma,1,2949827,698
random_n1000_rho0.6_weakly-corr_seed1.pcf,dhfma,1,3305496,698
random_n1000_rho0.6_weakly-corr_seed1.pcf,hfma,2,2663662,698
random_n1000_rho0.6_weakly-corr_seed1.pcf,dhfma,2,2293795,698
random_n1000_rho0.6_weakly-corr_seed2.pcf,hfma,0,2222722,689
random_n1000_rho0.6_weakly-corr_seed2.pcf,dhfma,0,2954004,689
random_n1000_rho0.6_weakly-corr_seed2.pcf,hfma,1,2644100,689
random_n1000_rho0.6_weakly-corr_seed2.pcf,dhfma,1,2193601,689
random_n1000_rho0.6_weakly-corr_seed2.pcf,hfma,2,1638848,689
random_n1000_rho0.6_weakly-corr_seed2.pcf,dhfma,2,1481968,689
random_n1000_rho0.6_weakly-corr_seed3.pcf,hfma,0,2370386,698
random_n1000_rho0.6_weakly-corr_seed3.pcf,dhfma,0,2209683,698
random_n1000_rho0.6_weakly-corr_seed3.pcf,hfma,1,2397309,698
random_n1000_rho0.6_weakly-corr_seed3.pcf,dhfma,1,3014765,698
random_n1000_rho0.6_weakly-corr_seed3.pcf,hfma,2,2421752,698
random_n1000_rho0.6_weakly-corr_seed3.pcf,dhfma,2,2061974,698
random_n1000_rho0.6_weakly-corr_seed4.pcf,hfma,0,3144366,710
random_n1000_rho0.6_weakly-corr_seed4.pcf,dhfma,0,2784211,710
random_n1000_rho0.6_weakly-corr_seed4.pcf,hfma,1,2244395,710
random_n1000_rho0.6_weakly-corr_seed4.pcf,dhfma,1,2885432,710
random_n1000_rho0.6_weakly-corr_seed4.pcf,hfma,2,2650793,710
random_n1000_rho0.6_weakly-corr_seed4.pcf,dhfma,2,2850553,710
random_n1000_rho0.6_weakly-corr_seed5.pcf,hfma,0,3677332,695
random_n1000_rho0.6_weakly-corr_seed5.pcf,dhfma,0,3353395,695
random_n1000_rho0.6_weakly-corr_seed5.pcf,hfma,1,3258926,695
random_n1000_rho0.6_weakly-corr_seed5.pcf,dhfma,1,3853852,695
random_n1000_rho0.6_weakly-corr_seed5.pcf,hfma,2,3190248,695
random_n1000_rho0.6_weakly-corr_seed5.pcf,dhfma,2,2712900,695
random_n1000_rho0.6_weakly-corr_seed6.pcf,hfma,0,2589734,699
random_n1000_rho0.6_weakly-corr_seed6.pcf,dhfma,0,3162748,699
random_n1000_rho0.6_weakly-corr_seed6.pcf,hfma,1,2250382,699
random_n1000_rho0.6_weakly-corr_seed6.pcf,dhfma,1,1975832,699
random_n1000_rho0.6_weakly-corr_seed6.pcf,hfma,2,1429846,699
random_n1000_rho0.6_weakly-corr_seed6.pcf,dhfma,2,1299885,699
random_n1000_rho0.6_weakly-corr_seed7.pcf,hfma,0,2089493,710
random_n1000_rho0.6_weakly-corr_seed7.pcf,dhfma,0,2439674,710
random_n1000_rho0.6_weakly-corr_seed7.pcf,hfma,1,1692949,710
random_n1000_rho0.6_weakly-corr_seed7.pcf,dhfma,1,1469553,710
random_n1000_rho0.6_weakly-corr_seed7.pcf,hfma,2,1169144,710
random_n1000_rho0.6_weakly-corr_seed7.pcf,dhfma,2,1027616,710
random_n1000_rho0.6_weakly-corr_seed8.pcf,hfma,0,1912164,677
random_n1000_rho0.6_weakly-corr_seed8.pcf,dhfma,0,2340411,677
random_n1000_rho0.6_weakly-corr_seed8.pcf,hfma,1,1645571,677
random_n1000_rho0.6_weakly-corr_seed8.pcf,dhfma,1,2079386,677
random_n1000_rho0.6_weakly-corr_seed8.pcf,hfma,2,2214009,677
random_n1000_rho0.6_weakly-corr_seed8.pcf,dhfma,2,2958812,677
random_n1000_rho0.6_weakly-corr_seed9.pcf,hfma,0,2581920,692
random_n1000_rho0.6_weakly-corr_seed9.pcf,dhfma,0,3217094,692
random_n1000_rho0.6_weakly-corr_seed9.pcf,hfma,1,3006928,692
random_n1000_rho0.6_weakly-corr_seed9.pcf,dhfma,1,3223935,692
random_n1000_rho0.6_weakly-corr_seed9.pcf,hfma,2,2180691,692
random_n1000_rho0.6_weakly-corr_seed9.pcf,dhfma,2,1924410,692
random_n1000_rho0.9_strongly-corr-neg_seed0.pcf,hfma,0,4368288,505
random_n1000_rho0.9_strongly-corr-neg_seed0.pcf,dhfma,0,2517458,505
random_n1000_rho0.9_strongly-corr-neg_seed0.pcf,hfma,1,1913761,505
random_n1000_rho0.9_strongly-corr-neg_seed0.pcf,dhfma,1,1708186,505
random_n1000_rho0.9_strongly-corr-neg_seed0.pcf,hfma,2,1793629,505
random_n1000_rho0.9_strongly-corr-neg_seed0.pcf,dhfma,2,1680287,505
random_n1000_rho0.9_strongly-corr-neg_seed1.pcf,hfma,0,4160694,512
random_n1000_rho0.9_strongly-corr-neg_seed1.pcf,dhfma,0,3044813,512
random_n1000_rho0.9_strongly-corr-neg_seed1.pcf,hfma,1,2706854,512
random_n1000_rho0.9_strongly-corr-neg_seed1.pcf,dhfma,1,2813181,512
random_n1000_rho0.9_strongly-corr-neg_seed1.pcf,hfma,2,2705353,512
random_n1000_rho0.9_strongly-corr-neg_seed1.pcf,dhfma,2,2786912,512
random_n1000_rho0.9_strongly-corr-neg_seed2.pcf,hfma,0,3200679,515
random_n1000_rho0.9_strongly-corr-neg_seed2.pcf,dhfma,0,2433980,515
random_n1000_rho0.9_strongly-corr-neg_seed2.pcf,hfma,1,2101278,515
random_n1000_rho0.9_strongly-corr-neg_seed2.pcf,dhfma,1,1886818,515
random_n1000_rho0.9_strongly-corr-neg_seed2.pcf,hfma,2,2116790,515
random_n1000_rho0.9_strongly-corr-neg_seed2.pcf,dhfma,2,1894601,515
random_n1000_rho0.9_strongly-corr-neg_seed3.pcf,hfma,0,2369096,512
random_n1000_rho0.9_strongly-corr-neg_seed3.pcf,dhfma,0,2027978,512
random_n1000_rho0.9_strongly-corr-neg_seed3.pcf,hfma,1,1535683,512
random_n1000_rho0.9_strongly-corr-neg_seed3.pcf,dhfma,1,1557644,512
random_n1000_rho0.9_strongly-corr-neg_seed3.pcf,hfma,2,1663994,512
random_n1000_rho0.9_strongly-corr-neg_seed3.pcf,dhfma,2,1711279,512
random_n1000_rho0.9_strongly-corr-neg_seed4.pcf,hfma,0,4358184,521
random_n1000_rho0.9_strongly-corr-neg_seed4.pcf,dhfma,0,3518543,521
random_n1000_rho0.9_strongly-corr-neg_seed4.pcf,hfma,1,3125274,521
random_n1000_rho0.9_strongly-corr-neg_seed4.pcf,dhfma,1,2154980,521
random_n1000_rho0.9_strongly-corr-neg_seed4.pcf,hfma,2,2162079,521
random_n1000_rho0.9_strongly-corr-neg_seed4.pcf,dhfma,2,2230475,521
random_n1000_rho0.9_strongly-corr-neg_seed5.pcf,hfma,0,2969920,519
random_n1000_rho0.9_strongly-corr-neg_seed5.pcf,dhfma,0,2003355,519
random_n1000_rho0.9_strongly-corr-neg_seed5.pcf,hfma,1,2000170,519
random_n1000_rho0.9_strongly-corr-neg_seed5.pcf,dhfma,1,1964898,519
random_n1000_rho0.9_strongly-corr-neg_seed5.pcf,hfma,2,2223517,519
random_n1000_rho0.9_strongly-corr-neg_seed5.pcf,dhfma,2,1793488,519
random_n1000_rho0.9_strongly-corr-neg_seed6.pcf,hfma,0,3820732,512
random_n1000_rho0.9_strongly-corr-neg_seed6.pcf,dhfma,0,3642347,512
random_n1000_rho0.9_strongly-corr-neg_seed6.pcf,hfma,1,2592275,512
random_n1000_rho0.9_strongly-corr-neg_seed6.pcf,dhfma,1,2571622,512
random_n1000_rho0.9_strongly-corr-neg_seed6.pcf,hfma,2,5083484,512
random_n1000_rho0.9_strongly-corr-neg_seed6.pcf,dhfma,2,5599592,512
random_n1000_rho0.9_strongly-corr-neg_seed7.pcf,hfma,0,6521594,491
random_n1000_rho0.9_strongly-corr-neg_seed7.pcf,dhfma,0,4025207,491
random_n1000_rho0.9_strongly-corr-neg_seed7.pcf,hfma,1,2614435,491
random_n1000_rho0.9_strongly-corr-neg_seed7.pcf,dhfma,1,2104625,491
random_n1000_rho0.9_strongly-corr-neg_seed7.pcf,hfma,2,1876945,491
random_n1000_rho0.9_strongly-corr-neg_seed7.pcf,dhfma,2,1991526,491
random_n1000_rho0.9_strongly-corr-neg_seed8.pcf,hfma,0,2832301,499
random_n1000_rho0.9_strongly-corr-neg_seed8.pcf,dhfma,0,1942224,499
random_n1000_rho0.9_strongly-corr-neg_seed8.pcf,hfma,1,1951792,499
random_n1000_rho0.9_strongly-corr-neg_seed8.pcf,dhfma,1,1892761,499
random_n1000_rho0.9_strongly-corr-neg_seed8.pcf,hfma,2,1992372,499
random_n1000_rho0.9_strongly-corr-neg_seed8.pcf,dhfma,2,1855189,499
random_n1000_rho0.9_strongly-corr-neg_seed9.pcf,hfma,0,3094865,493
random_n1000_rho0.9_strongly-corr-neg_seed9.pcf,dhfma,0,2057134,493
random_n1000_rho0.9_strongly-corr-neg_seed9.pcf,hfma,1,2305234,493
random_n1000_rho0.9_strongly-corr-neg_seed9.pcf,dhfma,1,2517529,493
random_n1000_rho0.9_strongly-corr-neg_seed9.pcf,hfma,2,3020135,493
random_n1000_rho0.9_strongly-corr-neg_seed9.pcf,dhfma,2,2956560,493
random_n1000_rho0.9_strongly-corr_seed0.pcf,hfma,0,4547317,479
random_n1000_rho0.9_strongly-corr_seed0.pcf,dhfma,0,4040444,479
random_n1000_rho0.9_strongly-corr_seed0.pcf,hfma,1,2976373,479
random_n1000_rho0.9_strongly-corr_seed0.pcf,dhfma,1,2364461,479
random_n1000_rho0.9_strongly-corr_seed0.pcf,hfma,2,1735838,479
random_n1000_rho0.9_strongly-corr_seed0.pcf,dhfma,2,1714989,479
random_n1000_rho0.9_strongly-corr_seed1.pcf,hfma,0,3135508,466
random_n1000_rho0.9_strongly-corr_seed1.pcf,dhfma,0,3841939,466
random_n1000_rho0.9_strongly-corr_seed1.pcf,hfma,1,3072126,466
random_n1000_rho0.9_strongly-corr_seed1.pcf,dhfma,1,2547663,466
random_n1000_rho0.9_strongly-corr_seed1.pcf,hfma,2,1903292,466
random_n1000_rho0.9_strongly-corr_seed1.pcf,dhfma,2,2120284,466
random_n1000_rho0.9_strongly-corr_seed2.pcf,hfma,0,1694100,470
random_n1000_rho0.9_strongly-corr_seed2.pcf,dhfma,0,1720906,470
random_n1000_rho0.9_strongly-corr_seed2.pcf,hfma,1,1834761,470
random_n1000_rho0.9_strongly-corr_seed2.pcf,dhfma,1,1753167,470
random_n1000_rho0.9_strongly-corr_seed2.pcf,hfma,2,1700418,470
random_n1000_rho0.9_strongly-corr_seed2.pcf,dhfma,2,2284282,470
random_n1000_rho0.9_strongly-corr_seed3.pcf,hfma,0,4509358,461
random_n1000_rho0.9_strongly-corr_seed3.pcf,dhfma,0,3758440,461
random_n1000_rho0.9_strongly-corr_seed3.pcf,hfma,1,3079290,461
random_n1000_rho0.9_strongly-corr_seed3.pcf,dhfma,1,2736062,461
random_n1000_rho0.9_strongly-corr_seed3.pcf,hfma,2,2050664,461
random_n1000_rho0.9_strongly-corr_seed3.pcf,dhfma,2,1791295,461
random_n1000_rho0.9_strongly-corr_seed4.pcf,hfma,0,2086540,483
random_n1000_rho0.9_strongly-corr_seed4.pcf,dhfma,0,2674790,483
random_n1000_rho0.9_strongly-corr_seed4.pcf,hfma,1,2831978,483
random_n1000_rho0.9_strongly-corr_seed4.pcf,dhfma,1,3153326,483
random_n1000_rho0.9_strongly-corr_seed4.pcf,hfma,2,3761197,483
random_n1000_rho0.9_strongly-corr_seed4.pcf,dhfma,2,3130380,483
random_n1000_rho0.9_strongly-corr_seed5.pcf,hfma,0,3499236,440
random_n1000_rho0.9_strongly-corr_seed5.pcf,dhfma,0,4779585,440
random_n1000_rho0.9_strongly-corr_seed5.pcf,hfma,1,3457101,440
random_n1000_rho0.9_strongly-corr_seed5.pcf,dhfma,1,2631804,440
random_n1000_rho0.9_strongly-corr_seed5.pcf,hfma,2,1931232,440
random_n1000_rho0.9_strongly-corr_seed5.pcf,dhfma,2,2076397,440
random_n1000_rho0.9_strongly-corr_seed6.pcf,hfma,0,1983226,468
random_n1000_rho0.9_strongly-corr_seed6.pcf,dhfma,0,1979583,468
random_n1000_rho0.9_strongly-corr_seed6.pcf,hfma,1,1823018,468
random_n1000_rho0.9_strongly-corr_seed6.pcf,dhfma,1,1970480,468
random_n1000_rho0.9_strongly-corr_seed6.pcf,hfma,2,1813588,468
random_n1000_rho0.9_strongly-corr_seed6.pcf,dhfma,2,1977950,468
random_n1000_rho0.9_strongly-corr_seed7.pcf,hfma,0,3974978,457
random_n1000_rho0.9_strongly-corr_seed7.pcf,dhfma,0,2820761,457
random_n1000_rho0.9_strongly-corr_seed7.pcf,hfma,1,2789417,457
random_n1000_rho0.9_strongly-corr_seed7.pcf,dhfma,1,3325703,457
random_n1000_rho0.9_strongly-corr_seed7.pcf,hfma,2,5148358,457
random_n1000_rho0.9_strongly-corr_seed7.pcf,dhfma,2,6152178,457
random_n1000_rho0.9_strongly-corr_seed8.pcf,hfma,0,4468866,475
random_n1000_rho0.9_strongly-corr_seed8.pcf,dhfma,0,4166315,475
random_n1000_rho0.9_strongly-corr_seed8.pcf,hfma,1,2793694,475
random_n1000_rho0.9_strongly-corr_seed8.pcf,dhfma,1,2200055,475
random_n1000_rho0.9_strongly-corr_seed8.pcf,hfma,2,1576455,475
random_n1000_rho0.9_strongly-corr_seed8.pcf,dhfma,2,1638038,475
random_n1000_rho0.9_strongly-corr_seed9.pcf,hfma,0,2808209,469
random_n1000_rho0.9_strongly-corr_seed9.pcf,dhfma,0,2795274,469
random_n1000_rho0.9_strongly-corr_seed9.pcf,hfma,1,2887860,469
random_n1000_rho0.9_strongly-corr_seed9.pcf,dhfma,1,2378604,469
random_n1000_rho0.9_strongly-corr_seed9.pcf,hfma,2,1919428,469
random_n1000_rho0.9_strongly-corr_seed9.pcf,dhfma,2,2156608,469
random_n1000_rho0.9_uncorr-neg_seed0.pcf,hfma,0,2997645,545
random_n1000_rho0.9_uncorr-neg_seed0.pcf,dhfma,0,2033139,545
random_n1000_rho0.9_uncorr-neg_seed0.pcf,hfma,1,2811568,545
random_n1000_rho0.9_uncorr-neg_seed0.pcf,dhfma,1,2182832,545
random_n1000_rho0.9_uncorr-neg_seed0.pcf,hfma,2,2117542,545
random_n1000_rho0.9_uncorr-neg_seed0.pcf,dhfma,2,1882633,545
random_n1000_rho0.9_uncorr-neg_seed1.pcf,hfma,0,3490987,518
random_n1000_rho0.9_uncorr-neg_seed1.pcf,dhfma,0,2923994,518
random_n1000_rho0.9_uncorr-neg_seed1.pcf,hfma,1,2292956,518
random_n1000_rho0.9_uncorr-neg_seed1.pcf,dhfma,1,3042567,518
random_n1000_rho0.9_uncorr-neg_seed1.pcf,hfma,2,2353128,518
random_n1000_rho0.9_uncorr-neg_seed1.pcf,dhfma,2,1867693,518
random_n1000_rho0.9_uncorr-neg_seed2.pcf,hfma,0,3860068,549
random_n1000_rho0.9_uncorr-neg_seed2.pcf,dhfma,0,3957559,549
random_n1000_rho0.9_uncorr-neg_seed2.pcf,hfma,1,2307438,549
random_n1000_rho0.9_uncorr-neg_seed2.pcf,dhfma,1,2196618,549
random_n1000_rho0.9_uncorr-neg_seed2.pcf,hfma,2,2371183,549
random_n1000_rho0.9_uncorr-neg_seed2.pcf,dhfma,2,2035114,549
random_n1000_rho0.9_uncorr-neg_seed3.pcf,hfma,0,1862347,576
random_n1000_rho0.9_uncorr-neg_seed3.pcf,dhfma,0,2062729,576
random_n1000_rho0.9_uncorr-neg_seed3.pcf,hfma,1,2587260,576
random_n1000_rho0.9_uncorr-neg_seed3.pcf,dhfma,1,2929658,576
random_n1000_rho0.9_uncorr-neg_seed3.pcf,hfma,2,2578982,576
random_n1000_rho0.9_uncorr-neg_seed3.pcf,dhfma,2,1929620,576
random_n1000_rho0.9_uncorr-neg_seed4.pcf,hfma,0,2589885,549
random_n1000_rho0.9_uncorr-neg_seed4.pcf,dhfma,0,2845337,549
random_n1000_rho0.9_uncorr-neg_seed4.pcf,hfma,1,2281810,549
random_n1000_rho0.9_uncorr-neg_seed4.pcf,dhfma,1,1892321,549
random_n1000_rho0.9_uncorr-neg_seed4.pcf,hfma,2,1619798,549
random_n1000_rho0.9_uncorr-neg_seed4.pcf,dhfma,2,1683228,549
random_n1000_rho0.9_uncorr-neg_seed5.pcf,hfma,0,2904799,549
random_n1000_rho0.9_uncorr-neg_seed5.pcf,dhfma,0,3064597,549
random_n1000_rho0.9_uncorr-neg_seed5.pcf,hfma,1,3914932,549
random_n1000_rho0.9_uncorr-neg_seed5.pcf,dhfma,1,3000148,549
random_n1000_rho0.9_uncorr-neg_seed5.pcf,hfma,2,2556951,549
random_n1000_rho0.9_uncorr-neg_seed5.pcf,dhfma,2,2546757,549
random_n1000_rho0.9_uncorr-neg_seed6.pcf,hfma,0,2184248,565
random_n1000_rho0.9_uncorr-neg_seed6.pcf,dhfma,0,1574708,565
random_n1000_rho0.9_uncorr-neg_seed6.pcf,hfma,1,1495875,565
random_n1000_rho0.9_uncorr-neg_seed6.pcf,dhfma,1,1552387,565
random_n1000_rho0.9_uncorr-neg_seed6.pcf,hfma,2,1561927,565
random_n1000_rho0.9_uncorr-neg_seed6.pcf,dhfma,2,1561791,565
random_n1000_rho0.9_uncorr-neg_seed7.pcf,hfma,0,3360018,534
random_n1000_rho0.9_uncorr-neg_seed7.pcf,dhfma,0,3494462,534
random_n1000_rho0.9_uncorr-neg_seed7.pcf,hfma,1,3193081,534
random_n1000_rho0.9_uncorr-neg_seed7.pcf,dhfma,1,2536924,534
random_n1000_rho0.9_uncorr-neg_seed7.pcf,hfma,2,2412271,534
random_n1000_rho0.9_uncorr-neg_seed7.pcf,dhfma,2,2310313,534
random_n1000_rho0.9_uncorr-neg_seed8.pcf,hfma,0,1939671,530
random_n1000_rho0.9_uncorr-neg_seed8.pcf,dhfma,0,2056859,530
random_n1000_rho0.9_uncorr-neg_seed8.pcf,hfma,1,2257577,530
random_n1000_rho0.9_uncorr-neg_seed8.pcf,dhfma,1,2928194,530
random_n1000_rho0.9_uncorr-neg_seed8.pcf,hfma,2,2458905,530
random_n1000_rho0.9_uncorr-neg_seed8.pcf,dhfma,2,2114210,530
random_n1000_rho0.9_uncorr-neg_seed9.pcf,hfma,0,2945049,548
random_n1000_rho0.9_uncorr-neg_seed9.pcf,dhfma,0,2974013,548
random_n1000_rho0.9_uncorr-neg_seed9.pcf,hfma,1,1979906,548
random_n1000_rho0.9_uncorr-neg_seed9.pcf,dhfma,1,1832877,548
random_n1000_rho0.9_uncorr-neg_seed9.pcf,hfma,2,1700043,548
random_n1000_rho0.9_uncorr-neg_seed9.pcf,dhfma,2,1827390,548
random_n1000_rho0.9_uncorr_seed0.pcf,hfma,0,2518281,524
random_n1000_rho0.9_uncorr_seed0.pcf,dhfma,0,1700512,524
random_n1000_rho0.9_uncorr_seed0.pcf,hfma,1,1905012,524
random_n1000_rho0.9_uncorr_seed0.pcf,dhfma,1,2194117,524
random_n1000_rho0.9_uncorr_seed0.pcf,hfma,2,2632147,524
random_n1000_rho0.9_uncorr_seed0.pcf,dhfma,2,2155468,524
random_n1000_rho0.9_uncorr_seed1.pcf,hfma,0,4561946,535
random_n1000_rho0.9_uncorr_seed1.pcf,dhfma,0,3947524,535
random_n1000_rho0.9_uncorr_seed1.pcf,hfma,1,3523143,535
random_n1000_rho0.9_uncorr_seed1.pcf,dhfma,1,2915499,535
random_n1000_rho0.9_uncorr_seed1.pcf,hfma,2,2101330,535
random_n1000_rho0.9_uncorr_seed1.pcf,dhfma,2,2236051,535
random_n1000_rho0.9_uncorr_seed2.pcf,hfma,0,3151390,564
random_n1000_rho0.9_uncorr_seed2.pcf,dhfma,0,3307071,564
random_n1000_rho0.9_uncorr_seed2.pcf,hfma,1,2364091,564
random_n1000_rho0.9_uncorr_seed2.pcf,dhfma,1,2231112,564
random_n1000_rho0.9_uncorr_seed2.pcf,hfma,2,2070339,564
random_n1000_rho0.9_uncorr_seed2.pcf,dhfma,2,2115630,564
random_n1000_rho0.9_uncorr_seed3.pcf,hfma,0,3456159,545
random_n1000_rho0.9_uncorr_seed3.pcf,dhfma,0,3632636,545
random_n1000_rho0.9_uncorr_seed3.pcf,hfma,1,3123057,545
random_n1000_rho0.9_uncorr_seed3.pcf,dhfma,1,2248236,545
random_n1000_rho0.9_uncorr_seed3.pcf,hfma,2,2317517,545
random_n1000_rho0.9_uncorr_seed3.pcf,dhfma,2,2245756,545
random_n1000_rho0.9_uncorr_seed4.pcf,hfma,0,3025670,541
random_n1000_rho0.9_uncorr_seed4.pcf,dhfma,0,1919951,541
random_n1000_rho0.9_uncorr_seed4.pcf,hfma,1,2277830,541
random_n1000_rho0.9_uncorr_seed4.pcf,dhfma,1,2339848,541
random_n1000_rho0.9_uncorr_seed4.pcf,hfma,2,1921931,541
random_n1000_rho0.9_uncorr_seed4.pcf,dhfma,2,2913030,541
random_n1000_rho0.9_uncorr_seed5.pcf,hfma,0,4553800,543
random_n1000_rho0.9_uncorr_seed5.pcf,dhfma,0,4296609,543
random_n1000_rho0.9_uncorr_seed5.pcf,hfma,1,2115832,543
random_n1000_rho0.9_uncorr_seed5.pcf,dhfma,1,2234396,543
random_n1000_rho0.9_uncorr_seed5.pcf,hfma,2,2210018,543
random_n1000_rho0.9_uncorr_seed5.pcf,dhfma,2,2217423,543
random_n1000_rho0.9_uncorr_seed6.pcf,hfma,0,2016757,571
random_n1000_rho0.9_uncorr_seed6.pcf,dhfma,0,1950314,571
random_n1000_rho0.9_uncorr_seed6.pcf,hfma,1,2069209,571
random_n1000_rho0.9_uncorr_seed6.pcf,dhfma,1,1981219,571
random_n1000_rho0.9_uncorr_seed6.pcf,hfma,2,1451686,571
random_n1000_rho0.9_uncorr_seed6.pcf,dhfma,2,1599291,571
random_n1000_rho0.9_uncorr_seed7.pcf,hfma,0,5243816,572
random_n1000_rho0.9_uncorr_seed7.pcf,dhfma,0,6758807,572
random_n1000_rho0.9_uncorr_seed7.pcf,hfma,1,4152177,572
random_n1000_rho0.9_uncorr_seed7.pcf,dhfma,1,2988506,572
random_n1000_rho0.9_uncorr_seed7.pcf,hfma,2,2073293,572
random_n1000_rho0.9_uncorr_seed7.pcf,dhfma,2,2257509,572
random_n1000_rho0.9_uncorr_seed8.pcf,hfma,0,1763741,551
random_n1000_rho0.9_uncorr_seed8.pcf,dhfma,0,1812265,551
random_n1000_rho0.9_uncorr_seed8.pcf,hfma,1,1705455,551
random_n1000_rho0.9_uncorr_seed8.pcf,dhfma,1,1767358,551
random_n1000_rho0.9_uncorr_seed8.pcf,hfma,2,1717119,551
random_n1000_rho0.9_uncorr_seed8.pcf,dhfma,2,1785991,551
random_n1000_rho0.9_uncorr_seed9.pcf,hfma,0,2874353,542
random_n1000_rho0.9_uncorr_seed9.pcf,dhfma,0,2789049,542
random_n1000_rho0.9_uncorr_seed9.pcf,hfma,1,1996787,542
random_n1000_rho0.9_uncorr_seed9.pcf,dhfma,1,1922365,542
random_n1000_rho0.9_uncorr_seed9.pcf,hfma,2,1923221,542
random_n1000_rho0.9_uncorr_seed9.pcf,dhfma,2,1904483,542
random_n1000_rho0.9_weakly-corr-neg_seed0.pcf,hfma,0,2421490,534
random_n1000_rho0.9_weakly-corr-neg_seed0.pcf,dhfma,0,1759702,534
random_n1000_rho0.9_weakly-corr-neg_seed0.pcf,hfma,1,1918167,534
random_n1000_rho0.9_weakly-corr-neg_seed0.pcf,dhfma,1,1897888,534
random_n1000_rho0.9_weakly-corr-neg_seed0.pcf,hfma,2,2498314,534
random_n1000_rho0.9_weakly-corr-neg_seed0.pcf,dhfma,2,2272448,534
random_n1000_rho0.9_weakly-corr-neg_seed1.pcf,hfma,0,4983238,549
random_n1000_rho0.9_weakly-corr-neg_seed1.pcf,dhfma,0,5113588,549
random_n1000_rho0.9_weakly-corr-neg_seed1.pcf,hfma,1,6657815,549
random_n1000_rho0.9_weakly-corr-neg_seed1.pcf,dhfma,1,5687870,549
random_n1000_rho0.9_weakly-corr-neg_seed1.pcf,hfma,2,5402385,549
random_n1000_rho0.9_weakly-corr-neg_seed1.pcf,dhfma,2,3329615,549
random_n1000_rho0.9_weakly-corr-neg_seed2.pcf,hfma,0,5322036,529
random_n1000_rho0.9_weakly-corr-neg_seed2.pcf,dhfma,0,3528630,529
random_n1000_rho0.9_weakly-corr-neg_seed2.pcf,hfma,1,2679150,529
random_n1000_rho0.9_weakly-corr-neg_seed2.pcf,dhfma,1,2021346,529
random_n1000_rho0.9_weakly-corr-neg_seed2.pcf,hfma,2,2253506,529
random_n1000_rho0.9_weakly-corr-neg_seed2.pcf,dhfma,2,2007991,529
random_n1000_rho0.9_weakly-corr-neg_seed3.pcf,hfma,0,3282347,553
random_n1000_rho0.9_weakly-corr-neg_seed3.pcf,dhfma,0,2551962,553
random_n1000_rho0.9_weakly-corr-neg_seed3.pcf,hfma,1,2180005,553
random_n1000_rho0.9_weakly-corr-neg_seed3.pcf,dhfma,1,2049859,553
random_n1000_rho0.9_weakly-corr-neg_seed3.pcf,hfma,2,2098894,553
random_n1000_rho0.9_weakly-corr-neg_seed3.pcf,dhfma,2,2059296,553
random_n1000_rho0.9_weakly-corr-neg_seed4.pcf,hfma,0,2080912,531
random_n1000_rho0.9_weakly-corr-neg_seed4.pcf,dhfma,0,1671447,531
random_n1000_rho0.9_weakly-corr-neg_seed4.pcf,hfma,1,1689486,531
random_n1000_rho0.9_weakly-corr-neg_seed4.pcf,dhfma,1,1640947,531
random_n1000_rho0.9_weakly-corr-neg_seed4.pcf,hfma,2,1702891,531
random_n1000_rho0.9_weakly-corr-neg_seed4.pcf,dhfma,2,1700660,531
random_n1000_rho0.9_weakly-corr-neg_seed5.pcf,hfma,0,5086331,562
random_n1000_rho0.9_weakly-corr-neg_seed5.pcf,dhfma,0,5431635,562
random_n1000_rho0.9_weakly-corr-neg_seed5.pcf,hfma,1,2394700,562
random_n1000_rho0.9_weakly-corr-neg_seed5.pcf,dhfma,1,2394092,562
random_n1000_rho0.9_weakly-corr-neg_seed5.pcf,hfma,2,2503894,562
random_n1000_rho0.9_weakly-corr-neg_seed5.pcf,dhfma,2,3161597,562
random_n1000_rho0.9_weakly-corr-neg_seed6.pcf,hfma,0,4899847,537
random_n1000_rho0.9_weakly-corr-neg_seed6.pcf,dhfma,0,3714987,537
random_n1000_rho0.9_weakly-corr-neg_seed6.pcf,hfma,1,1982225,537
random_n1000_rho0.9_weakly-corr-neg_seed6.pcf,dhfma,1,2136565,537
random_n1000_rho0.9_weakly-corr-neg_seed6.pcf,hfma,2,2279866,537
random_n1000_rho0.9_weakly-corr-neg_seed6.pcf,dhfma,2,3479769,537
random_n1000_rho0.9_weakly-corr-neg_seed7.pcf,hfma,0,3807173,543
random_n1000_rho0.9_weakly-corr-neg_seed7.pcf,dhfma,0,2594065,543
random_n1000_rho0.9_weakly-corr-neg_seed7.pcf,hfma,1,2048765,543
random_n1000_rho0.9_weakly-corr-neg_seed7.pcf,dhfma,1,1844830,543
random_n1000_rho0.9_weakly-corr-neg_seed7.pcf,hfma,2,1987483,543
random_n1000_rho0.9_weakly-corr-neg_seed7.pcf,dhfma,2,1857295,543
random_n1000_rho0.9_weakly-corr-neg_seed8.pcf,hfma,0,2362198,527
random_n1000_rho0.9_weakly-corr-neg_seed8.pcf,dhfma,0,2266462,527
random_n1000_rho0.9_weakly-corr-neg_seed8.pcf,hfma,1,2905127,527
random_n1000_rho0.9_weakly-corr-neg_seed8.pcf,dhfma,1,1881230,527
random_n1000_rho0.9_weakly-corr-neg_seed8.pcf,hfma,2,2144410,527
random_n1000_rho0.9_weakly-corr-neg_seed8.pcf,dhfma,2,1871227,527
random_n1000_rho0.9_weakly-corr-neg_seed9.pcf,hfma,0,2681493,549
random_n1000_rho0.9_weakly-corr-neg_seed9.pcf,dhfma,0,2646595,549
random_n1000_rho0.9_weakly-corr-neg_seed9.pcf,hfma,1,3549033,549
random_n1000_rho0.9_weakly-corr-neg_seed9.pcf,dhfma,1,3088396,549
random_n1000_rho0.9_weakly-corr-neg_seed9.pcf,hfma,2,2457171,549
random_n1000_rho0.9_weakly-corr-neg_seed9.pcf,dhfma,2,1877475,549
random_n1000_rho0.9_weakly-corr_seed0.pcf,hfma,0,1860689,546
random_n1000_rho0.9_weakly-corr_seed0.pcf,dhfma,0,2303236,546
random_n1000_rho0.9_weakly-corr_seed0.pcf,hfma,1,1863269,546
random_n1000_rho0.9_weakly-corr_seed0.pcf,dhfma,1,1691727,546
random_n1000_rho0.9_weakly-corr_seed0.pcf,hfma,2,1643415,546
random_n1000_rho0.9_weakly-corr_seed0.pcf,dhfma,2,1706359,546
random_n1000_rho0.9_weakly-corr_seed1.pcf,hfma,0,2455088,576
random_n1000_rho0.9_weakly-corr_seed1.pcf,dhfma,0,2517616,576
random_n1000_rho0.9_weakly-corr_seed1.pcf,hfma,1,3006256,576
random_n1000_rho0.9_weakly-corr_seed1.pcf,dhfma,1,2330230,576
random_n1000_rho0.9_weakly-corr_seed1.pcf,hfma,2,2520321,576
random_n1000_rho0.9_weakly-corr_seed1.pcf,dhfma,2,2085591,576
random_n1000_rho0.9_weakly-corr_seed2.pcf,hfma,0,2349886,541
random_n1000_rho0.9_weakly-corr_seed2.pcf,dhfma,0,2842809,541
random_n1000_rho0.9_weakly-corr_seed2.pcf,hfma,1,3637043,541
random_n1000_rho0.9_weakly-corr_seed2.pcf,dhfma,1,3086819,541
random_n1000_rho0.9_weakly-corr_seed2.pcf,hfma,2,2372145,541
random_n1000_rho0.9_weakly-corr_seed2.pcf,dhfma,2,1821490,541
random_n1000_rho0.9_weakly-corr_seed3.pcf,hfma,0,2825364,532
random_n1000_rho0.9_weakly-corr_seed3.pcf,dhfma,0,2465141,532
random_n1000_rho0.9_weakly-corr_seed3.pcf,hfma,1,2288082,532
random_n1000_rho0.9_weakly-corr_seed3.pcf,dhfma,1,2356706,532
random_n1000_rho0.9_weakly-corr_seed3.pcf,hfma,2,2279754,532
random_n1000_rho0.9_weakly-corr_seed3.pcf,dhfma,2,2354850,532
random_n1000_rho0.9_weakly-corr_seed4.pcf,hfma,0,3131874,551
random_n1000_rho0.9_weakly-corr_seed4.pcf,dhfma,0,2340291,551
random_n1000_rho0.9_weakly-corr_seed4.pcf,hfma,1,2102586,551
random_n1000_rho0.9_weakly-corr_seed4.pcf,dhfma,1,2133502,551
random_n1000_rho0.9_weakly-corr_seed4.pcf,hfma,2,2048091,551
random_n1000_rho0.9_weakly-corr_seed4.pcf,dhfma,2,2116347,551
random_n1000_rho0.9_weakly-corr_seed5.pcf,hfma,0,3401674,557
random_n1000_rho0.9_weakly-corr_seed5.pcf,dhfma,0,3261530,557
random_n1000_rho0.9_weakly-corr_seed5.pcf,hfma,1,2927965,557
random_n1000_rho0.9_weakly-corr_seed5.pcf,dhfma,1,2761458,557
random_n1000_rho0.9_weakly-corr_seed5.pcf,hfma,2,3655263,557
random_n1000_rho0.9_weakly-corr_seed5.pcf,dhfma,2,3912134,557
random_n1000_rho0.9_weakly-corr_seed6.pcf,hfma,0,4747757,570
random_n1000_rho0.9_weakly-corr_seed6.pcf,dhfma,0,3374776,570
random_n1000_rho0.9_weakly-corr_seed6.pcf,hfma,1,3177109,570
random_n1000_rho0.9_weakly-corr_seed6.pcf,dhfma,1,2580309,570
random_n1000_rho0.9_weakly-corr_seed6.pcf,hfma,2,1829340,570
random_n1000_rho0.9_weakly-corr_seed6.pcf,dhfma,2,1899911,570
random_n1000_rho0.9_weakly-corr_seed7.pcf,hfma,0,2610682,561
random_n1000_rho0.9_weakly-corr_seed7.pcf,dhfma,0,3377674,561
random_n1000_rho0.9_weakly-corr_seed7.pcf,hfma,1,2703473,561
random_n1000_rho0.9_weakly-corr_seed7.pcf,dhfma,1,2963358,561
random_n1000_rho0.9_weakly-corr_seed7.pcf,hfma,2,3798825,561
random_n1000_rho0.9_weakly-corr_seed7.pcf,dhfma,2,4209713,561
random_n1000_rho0.9_weakly-corr_seed8.pcf,hfma,0,7529174,544
random_n1000_rho0.9_weakly-corr_seed8.pcf,dhfma,0,4959299,544
random_n1000_rho0.9_weakly-corr_seed8.pcf,hfma,1,3019861,544
random_n1000_rho0.9_weakly-corr_seed8.pcf,dhfma,1,2285346,544
random_n1000_rho0.9_weakly-corr_seed8.pcf,hfma,2,1784631,544
random_n1000_rho0.9_weakly-corr_seed8.pcf,dhfma,2,1863832,544
random_n1000_rho0.9_weakly-corr_seed9.pcf,hfma,0,2938298,534
random_n1000_rho0.9_weakly-corr_seed9.pcf,dhfma,0,2563136,534
random_n1000_rho0.9_weakly-corr_seed9.pcf,hfma,1,3779176,534
random_n1000_rho0.9_weakly-corr_seed9.pcf,dhfma,1,3649540,534
random_n1000_rho0.9_weakly-corr_seed9.pcf,hfma,2,2846505,534
random_n1000_rho0.9_weakly-corr_seed9.pcf,dhfma,2,2196823,534
random_n1000_rho1.0_strongly-corr-neg_seed0.pcf,hfma,0,3926745,474
random_n1000_rho1.0_strongly-corr-neg_seed0.pcf,dhfma,0,3507728,474
random_n1000_rho1.0_strongly-corr-neg_seed0.pcf,hfma,1,3546044,474
random_n1000_rho1.0_strongly-corr-neg_seed0.pcf,dhfma,1,3535357,474
random_n1000_rho1.0_strongly-corr-neg_seed0.pcf,hfma,2,3571563,474
random_n1000_rho1.0_strongly-corr-neg_seed0.pcf,dhfma,2,3442710,474
random_n1000_rho1.0_strongly-corr-neg_seed1.pcf,hfma,0,2522710,445
random_n1000_rho1.0_strongly-corr-neg_seed1.pcf,dhfma,0,2448749,445
random_n1000_rho1.0_strongly-corr-neg_seed1.pcf,hfma,1,2493727,445
random_n1000_rho1.0_strongly-corr-neg_seed1.pcf,dhfma,1,2450224,445
random_n1000_rho1.0_strongly-corr-neg_seed1.pcf,hfma,2,2444264,445
random_n1000_rho1.0_strongly-corr-neg_seed1.pcf,dhfma,2,2420363,445
random_n1000_rho1.0_strongly-corr-neg_seed2.pcf,hfma,0,3895971,481
random_n1000_rho1.0_strongly-corr-neg_seed2.pcf,dhfma,0,2975472,481
random_n1000_rho1.0_strongly-corr-neg_seed2.pcf,hfma,1,3376211,481
random_n1000_rho1.0_strongly-corr-neg_seed2.pcf,dhfma,1,2451847,481
random_n1000_rho1.0_strongly-corr-neg_seed2.pcf,hfma,2,2823057,481
random_n1000_rho1.0_strongly-corr-neg_seed2.pcf,dhfma,2,2427614,481
random_n1000_rho1.0_strongly-corr-neg_seed3.pcf,hfma,0,4992654,446
random_n1000_rho1.0_strongly-corr-neg_seed3.pcf,dhfma,0,3951338,446
random_n1000_rho1.0_strongly-corr-neg_seed3.pcf,hfma,1,5311984,446
random_n1000_rho1.0_strongly-corr-neg_seed3.pcf,dhfma,1,3858553,446
random_n1000_rho1.0_strongly-corr-neg_seed3.pcf,hfma,2,3762425,446
random_n1000_rho1.0_strongly-corr-neg_seed3.pcf,dhfma,2,3584444,446
random_n1000_rho1.0_strongly-corr-neg_seed4.pcf,hfma,0,3962838,467
random_n1000_rho1.0_strongly-corr-neg_seed4.pcf,dhfma,0,2772980,467
random_n1000_rho1.0_strongly-corr-neg_seed4.pcf,hfma,1,3429863,467
random_n1000_rho1.0_strongly-corr-neg_seed4.pcf,dhfma,1,2781292,467
random_n1000_rho1.0_strongly-corr-neg_seed4.pcf,hfma,2,3567707,467
random_n1000_rho1.0_strongly-corr-neg_seed4.pcf,dhfma,2,2803291,467
random_n1000_rho1.0_strongly-corr-neg_seed5.pcf,hfma,0,3942951,453
random_n1000_rho1.0_strongly-corr-neg_seed5.pcf,dhfma,0,3515472,453
random_n1000_rho1.0_strongly-corr-neg_seed5.pcf,hfma,1,3511635,453
random_n1000_rho1.0_strongly-corr-neg_seed5.pcf,dhfma,1,3477640,453
random_n1000_rho1.0_strongly-corr-neg_seed5.pcf,hfma,2,3610105,453
random_n1000_rho1.0_strongly-corr-neg_seed5.pcf,dhfma,2,3478222,453
random_n1000_rho1.0_strongly-corr-neg_seed6.pcf,hfma,0,4872612,477
random_n1000_rho1.0_strongly-corr-neg_seed6.pcf,dhfma,0,4559775,477
random_n1000_rho1.0_strongly-corr-neg_seed6.pcf,hfma,1,3826046,477
random_n1000_rho1.0_strongly-corr-neg_seed6.pcf,dhfma,1,3493007,477
random_n1000_rho1.0_strongly-corr-neg_seed6.pcf,hfma,2,3952973,477
random_n1000_rho1.0_strongly-corr-neg_seed6.pcf,dhfma,2,2965199,477
random_n1000_rho1.0_strongly-corr-neg_seed7.pcf,hfma,0,5210283,455
random_n1000_rho1.0_strongly-corr-neg_seed7.pcf,dhfma,0,4835201,455
random_n1000_rho1.0_strongly-corr-neg_seed7.pcf,hfma,1,4698768,455
random_n1000_rho1.0_strongly-corr-neg_seed7.pcf,dhfma,1,3199564,455
random_n1000_rho1.0_strongly-corr-neg_seed7.pcf,hfma,2,3107119,455
random_n1000_rho1.0_strongly-corr-neg_seed7.pcf,dhfma,2,3205928,455
random_n1000_rho1.0_strongly-corr-neg_seed8.pcf,hfma,0,4126725,473
random_n1000_rho1.0_strongly-corr-neg_seed8.pcf,dhfma,0,4442505,473
random_n1000_rho1.0_strongly-corr-neg_seed8.pcf,hfma,1,5623394,473
random_n1000_rho1.0_strongly-corr-neg_seed8.pcf,dhfma,1,3192226,473
random_n1000_rho1.0_strongly-corr-neg_seed8.pcf,hfma,2,3558318,473
random_n1000_rho1.0_strongly-corr-neg_seed8.pcf,dhfma,2,2996330,473
random_n1000_rho1.0_strongly-corr-neg_seed9.pcf,hfma,0,4352649,462
random_n1000_rho1.0_strongly-corr-neg_seed9.pcf,dhfma,0,4148854,462
random_n1000_rho1.0_strongly-corr-neg_seed9.pcf,hfma,1,2780269,462
random_n1000_rho1.0_strongly-corr-neg_seed9.pcf,dhfma,1,2601521,462
random_n1000_rho1.0_strongly-corr-neg_seed9.pcf,hfma,2,5098062,462
random_n1000_rho1.0_strongly-corr-neg_seed9.pcf,dhfma,2,2504005,462
random_n1000_rho1.0_strongly-corr_seed0.pcf,hfma,0,5647716,436
random_n1000_rho1.0_strongly-corr_seed0.pcf,dhfma,0,3507435,436
random_n1000_rho1.0_strongly-corr_seed0.pcf,hfma,1,3133811,436
random_n1000_rho1.0_strongly-corr_seed0.pcf,dhfma,1,3494976,436
random_n1000_rho1.0_strongly-corr_seed0.pcf,hfma,2,4044085,436
random_n1000_rho1.0_strongly-corr_seed0.pcf,dhfma,2,2922474,436
random_n1000_rho1.0_strongly-corr_seed1.pcf,hfma,0,3550146,418
random_n1000_rho1.0_strongly-corr_seed1.pcf,dhfma,0,3502282,418
random_n1000_rho1.0_strongly-corr_seed1.pcf,hfma,1,2617309,418
random_n1000_rho1.0_strongly-corr_seed1.pcf,dhfma,1,2327915,418
random_n1000_rho1.0_strongly-corr_seed1.pcf,hfma,2,2160280,418
random_n1000_rho1.0_strongly-corr_seed1.pcf,dhfma,2,2350446,418
random_n1000_rho1.0_strongly-corr_seed2.pcf,hfma,0,4492635,443
random_n1000_rho1.0_strongly-corr_seed2.pcf,dhfma,0,4510052,443
random_n1000_rho1.0_strongly-corr_seed2.pcf,hfma,1,3043261,443
random_n1000_rho1.0_strongly-corr_seed2.pcf,dhfma,1,3216849,443
random_n1000_rho1.0_strongly-corr_seed2.pcf,hfma,2,2903116,443
random_n1000_rho1.0_strongly-corr_seed2.pcf,dhfma,2,3247392,443
random_n1000_rho1.0_strongly-corr_seed3.pcf,hfma,0,4953513,412
random_n1000_rho1.0_strongly-corr_seed3.pcf,dhfma,0,2951285,412
random_n1000_rho1.0_strongly-corr_seed3.pcf,hfma,1,3206700,412
random_n1000_rho1.0_strongly-corr_seed3.pcf,dhfma,1,2931583,412
random_n1000_rho1.0_strongly-corr_seed3.pcf,hfma,2,3256469,412
random_n1000_rho1.0_strongly-corr_seed3.pcf,dhfma,2,2983235,412
random_n1000_rho1.0_strongly-corr_seed4.pcf,hfma,0,3405293,426
random_n1000_rho1.0_strongly-corr_seed4.pcf,dhfma,0,2538914,426
random_n1000_rho1.0_strongly-corr_seed4.pcf,hfma,1,2373308,426
random_n1000_rho1.0_strongly-corr_seed4.pcf,dhfma,1,2461536,426
random_n1000_rho1.0_strongly-corr_seed4.pcf,hfma,2,2403696,426
random_n1000_rho1.0_strongly-corr_seed4.pcf,dhfma,2,2432216,426
random_n1000_rho1.0_strongly-corr_seed5.pcf,hfma,0,2558168,418
random_n1000_rho1.0_strongly-corr_seed5.pcf,dhfma,0,2471052,418
random_n1000_rho1.0_strongly-corr_seed5.pcf,hfma,1,2482938,418
random_n1000_rho1.0_strongly-corr_seed5.pcf,dhfma,1,2503482,418
random_n1000_rho1.0_strongly-corr_seed5.pcf,hfma,2,2446152,418
random_n1000_rho1.0_strongly-corr_seed5.pcf,dhfma,2,2544689,418
random_n1000_rho1.0_strongly-corr_seed6.pcf,hfma,0,3525085,423
random_n1000_rho1.0_strongly-corr_seed6.pcf,dhfma,0,3363716,423
random_n1000_rho1.0_strongly-corr_seed6.pcf,hfma,1,3138532,423
random_n1000_rho1.0_strongly-corr_seed6.pcf,dhfma,1,2249053,423
random_n1000_rho1.0_strongly-corr_seed6.pcf,hfma,2,2325805,423
random_n1000_rho1.0_strongly-corr_seed6.pcf,dhfma,2,2240738,423
random_n1000_rho1.0_strongly-corr_seed7.pcf,hfma,0,3435406,423
random_n1000_rho1.0_strongly-corr_seed7.pcf,dhfma,0,3536982,423
random_n1000_rho1.0_strongly-corr_seed7.pcf,hfma,1,3315380,423
random_n1000_rho1.0_strongly-corr_seed7.pcf,dhfma,1,2728086,423
random_n1000_rho1.0_strongly-corr_seed7.pcf,hfma,2,2641194,423
random_n1000_rho1.0_strongly-corr_seed7.pcf,dhfma,2,2315292,423
random_n1000_rho1.0_strongly-corr_seed8.pcf,hfma,0,3385471,439
random_n1000_rho1.0_strongly-corr_seed8.pcf,dhfma,0,4411838,439
random_n1000_rho1.0_strongly-corr_seed8.pcf,hfma,1,5276126,439
random_n1000_rho1.0_strongly-corr_seed8.pcf,dhfma,1,4840543,439
random_n1000_rho1.0_strongly-corr_seed8.pcf,hfma,2,3433383,439
random_n1000_rho1.0_strongly-corr_seed8.pcf,dhfma,2,3119405,439
random_n1000_rho1.0_strongly-corr_seed9.pcf,hfma,0,4968570,445
random_n1000_rho1.0_strongly-corr_seed9.pcf,dhfma,0,3392819,445
random_n1000_rho1.0_strongly-corr_seed9.pcf,hfma,1,3101046,445
random_n1000_rho1.0_strongly-corr_seed9.pcf,dhfma,1,2930424,445
random_n1000_rho1.0_strongly-corr_seed9.pcf,hfma,2,3069314,445
random_n1000_rho1.0_strongly-corr_seed9.pcf,dhfma,2,2891949,445
random_n1000_rho1.0_uncorr-neg_seed0.pcf,hfma,0,3926330,512
random_n1000_rho1.0_uncorr-neg_seed0.pcf,dhfma,0,2675156,512
random_n1000_rho1.0_uncorr-neg_seed0.pcf,hfma,1,2640521,512
random_n1000_rho1.0_uncorr-neg_seed0.pcf,dhfma,1,2619889,512
random_n1000_rho1.0_uncorr-neg_seed0.pcf,hfma,2,2622886,512
random_n1000_rho1.0_uncorr-neg_seed0.pcf,dhfma,2,2622980,512
random_n1000_rho1.0_uncorr-neg_seed1.pcf,hfma,0,3800154,496
random_n1000_rho1.0_uncorr-neg_seed1.pcf,dhfma,0,2971450,496
random_n1000_rho1.0_uncorr-neg_seed1.pcf,hfma,1,2518904,496
random_n1000_rho1.0_uncorr-neg_seed1.pcf,dhfma,1,2541689,496
random_n1000_rho1.0_uncorr-neg_seed1.pcf,hfma,2,2511410,496
random_n1000_rho1.0_uncorr-neg_seed1.pcf,dhfma,2,2527607,496
random_n1000_rho1.0_uncorr-neg_seed2.pcf,hfma,0,3302325,518
random_n1000_rho1.0_uncorr-neg_seed2.pcf,dhfma,0,3351342,518
random_n1000_rho1.0_uncorr-neg_seed2.pcf,hfma,1,2247742,518
random_n1000_rho1.0_uncorr-neg_seed2.pcf,dhfma,1,2325179,518
random_n1000_rho1.0_uncorr-neg_seed2.pcf,hfma,2,2197872,518
random_n1000_rho1.0_uncorr-neg_seed2.pcf,dhfma,2,2292680,518
random_n1000_rho1.0_uncorr-neg_seed3.pcf,hfma,0,3271210,501
random_n1000_rho1.0_uncorr-neg_seed3.pcf,dhfma,0,3331269,501
random_n1000_rho1.0_uncorr-neg_seed3.pcf,hfma,1,3265777,501
random_n1000_rho1.0_uncorr-neg_seed3.pcf,dhfma,1,3387779,501
random_n1000_rho1.0_uncorr-neg_seed3.pcf,hfma,2,3120937,501
random_n1000_rho1.0_uncorr-neg_seed3.pcf,dhfma,2,3300801,501
random_n1000_rho1.0_uncorr-neg_seed4.pcf,hfma,0,3157771,489
random_n1000_rho1.0_uncorr-neg_seed4.pcf,dhfma,0,2945486,489
random_n1000_rho1.0_uncorr-neg_seed4.pcf,hfma,1,3155520,489
random_n1000_rho1.0_uncorr-neg_seed4.pcf,dhfma,1,2926424,489
random_n1000_rho1.0_uncorr-neg_seed4.pcf,hfma,2,3059545,489
random_n1000_rho1.0_uncorr-neg_seed4.pcf,dhfma,2,2955688,489
random_n1000_rho1.0_uncorr-neg_seed5.pcf,hfma,0,2189801,514
random_n1000_rho1.0_uncorr-neg_seed5.pcf,dhfma,0,2400071,514
random_n1000_rho1.0_uncorr-neg_seed5.pcf,hfma,1,2169160,514
random_n1000_rho1.0_uncorr-neg_seed5.pcf,dhfma,1,2395138,514
random_n1000_rho1.0_uncorr-neg_seed5.pcf,hfma,2,2150483,514
random_n1000_rho1.0_uncorr-neg_seed5.pcf,dhfma,2,2383878,514
random_n1000_rho1.0_uncorr-neg_seed6.pcf,hfma,0,3375930,474
random_n1000_rho1.0_uncorr-neg_seed6.pcf,dhfma,0,3870137,474
random_n1000_rho1.0_uncorr-neg_seed6.pcf,hfma,1,3100132,474
random_n1000_rho1.0_uncorr-neg_seed6.pcf,dhfma,1,2784150,474
random_n1000_rho1.0_uncorr-neg_seed6.pcf,hfma,2,3229168,474
random_n1000_rho1.0_uncorr-neg_seed6.pcf,dhfma,2,3550738,474
random_n1000_rho1.0_uncorr-neg_seed7.pcf,hfma,0,5830136,474
random_n1000_rho1.0_uncorr-neg_seed7.pcf,dhfma,0,7065997,474
random_n1000_rho1.0_uncorr-neg_seed7.pcf,hfma,1,5999157,474
random_n1000_rho1.0_uncorr-neg_seed7.pcf,dhfma,1,3974319,474
random_n1000_rho1.0_uncorr-neg_seed7.pcf,hfma,2,2654799,474
random_n1000_rho1.0_uncorr-neg_seed7.pcf,dhfma,2,2844740,474
random_n1000_rho1.0_uncorr-neg_seed8.pcf,hfma,0,2766467,515
random_n1000_rho1.0_uncorr-neg_seed8.pcf,dhfma,0,2239493,515
random_n1000_rho1.0_uncorr-neg_seed8.pcf,hfma,1,2155950,515
random_n1000_rho1.0_uncorr-neg_seed8.pcf,dhfma,1,2173662,515
random_n1000_rho1.0_uncorr-neg_seed8.pcf,hfma,2,2146632,515
random_n1000_rho1.0_uncorr-neg_seed8.pcf,dhfma,2,2185648,515
random_n1000_rho1.0_uncorr-neg_seed9.pcf,hfma,0,3314322,494
random_n1000_rho1.0_uncorr-neg_seed9.pcf,dhfma,0,3329627,494
random_n1000_rho1.0_uncorr-neg_seed9.pcf,hfma,1,2164971,494
random_n1000_rho1.0_uncorr-neg_seed9.pcf,dhfma,1,2302754,494
random_n1000_rho1.0_uncorr-neg_seed9.pcf,hfma,2,2154085,494
random_n1000_rho1.0_uncorr-neg_seed9.pcf,dhfma,2,2310679,494
random_n1000_rho1.0_uncorr_seed0.pcf,hfma,0,3660615,489
random_n1000_rho1.0_uncorr_seed0.pcf,dhfma,0,2918842,489
random_n1000_rho1.0_uncorr_seed0.pcf,hfma,1,3066213,489
random_n1000_rho1.0_uncorr_seed0.pcf,dhfma,1,3129419,489
random_n1000_rho1.0_uncorr_seed0.pcf,hfma,2,2717416,489
random_n1000_rho1.0_uncorr_seed0.pcf,dhfma,2,2859036,489
random_n1000_rho1.0_uncorr_seed1.pcf,hfma,0,4128872,521
random_n1000_rho1.0_uncorr_seed1.pcf,dhfma,0,3547360,521
random_n1000_rho1.0_uncorr_seed1.pcf,hfma,1,4040001,521
random_n1000_rho1.0_uncorr_seed1.pcf,dhfma,1,3424845,521
random_n1000_rho1.0_uncorr_seed1.pcf,hfma,2,2901549,521
random_n1000_rho1.0_uncorr_seed1.pcf,dhfma,2,3149590,521
random_n1000_rho1.0_uncorr_seed2.pcf,hfma,0,3768711,502
random_n1000_rho1.0_uncorr_seed2.pcf,dhfma,0,3580792,502
random_n1000_rho1.0_uncorr_seed2.pcf,hfma,1,3176115,502
random_n1000_rho1.0_uncorr_seed2.pcf,dhfma,1,3338779,502
random_n1000_rho1.0_uncorr_seed2.pcf,hfma,2,3153927,502
random_n1000_rho1.0_uncorr_seed2.pcf,dhfma,2,3341425,502
random_n1000_rho1.0_uncorr_seed3.pcf,hfma,0,2611092,499
random_n1000_rho1.0_uncorr_seed3.pcf,dhfma,0,2481057,499
random_n1000_rho1.0_uncorr_seed3.pcf,hfma,1,2295108,499
random_n1000_rho1.0_uncorr_seed3.pcf,dhfma,1,2425580,499
random_n1000_rho1.0_uncorr_seed3.pcf,hfma,2,2268924,499
random_n1000_rho1.0_uncorr_seed3.pcf,dhfma,2,2437575,499
random_n1000_rho1.0_uncorr_seed4.pcf,hfma,0,3179532,518
random_n1000_rho1.0_uncorr_seed4.pcf,dhfma,0,3004895,518
random_n1000_rho1.0_uncorr_seed4.pcf,hfma,1,2154835,518
random_n1000_rho1.0_uncorr_seed4.pcf,dhfma,1,2275897,518
random_n1000_rho1.0_uncorr_seed4.pcf,hfma,2,2113199,518
random_n1000_rho1.0_uncorr_seed4.pcf,dhfma,2,2205939,518
random_n1000_rho1.0_uncorr_seed5.pcf,hfma,0,4293629,485
random_n1000_rho1.0_uncorr_seed5.pcf,dhfma,0,4933377,485
random_n1000_rho1.0_uncorr_seed5.pcf,hfma,1,3095400,485
random_n1000_rho1.0_uncorr_seed5.pcf,dhfma,1,3475415,485
random_n1000_rho1.0_uncorr_seed5.pcf,hfma,2,2918635,485
random_n1000_rho1.0_uncorr_seed5.pcf,dhfma,2,3031355,485
random_n1000_rho1.0_uncorr_seed6.pcf,hfma,0,1850476,507
random_n1000_rho1.0_uncorr_seed6.pcf,dhfma,0,1877496,507
random_n1000_rho1.0_uncorr_seed6.pcf,hfma,1,1924135,507
random_n1000_rho1.0_uncorr_seed6.pcf,dhfma,1,1854590,507
random_n1000_rho1.0_uncorr_seed6.pcf,hfma,2,1846695,507
random_n1000_rho1.0_uncorr_seed6.pcf,dhfma,2,2346898,507
random_n1000_rho1.0_uncorr_seed7.pcf,hfma,0,3486430,499
random_n1000_rho1.0_uncorr_seed7.pcf,dhfma,0,3486870,499
random_n1000_rho1.0_uncorr_seed7.pcf,hfma,1,2557975,499
random_n1000_rho1.0_uncorr_seed7.pcf,dhfma,1,2541828,499
random_n1000_rho1.0_uncorr_seed7.pcf,hfma,2,2630848,499
random_n1000_rho1.0_uncorr_seed7.pcf,dhfma,2,2560638,499
random_n1000_rho1.0_uncorr_seed8.pcf,hfma,0,3208991,528
random_n1000_rho1.0_uncorr_seed8.pcf,dhfma,0,3776318,528
random_n1000_rho1.0_uncorr_seed8.pcf,hfma,1,3360027,528
random_n1000_rho1.0_uncorr_seed8.pcf,dhfma,1,3274515,528
random_n1000_rho1.0_uncorr_seed8.pcf,hfma,2,3069841,528
random_n1000_rho1.0_uncorr_seed8.pcf,dhfma,2,3148607,528
random_n1000_rho1.0_uncorr_seed9.pcf,hfma,0,2320892,555
random_n1000_rho1.0_uncorr_seed9.pcf,dhfma,0,2515798,555
random_n1000_rho1.0_uncorr_seed9.pcf,hfma,1,2285851,555
random_n1000_rho1.0_uncorr_seed9.pcf,dhfma,1,2440878,555
random_n1000_rho1.0_uncorr_seed9.pcf,hfma,2,2250086,555
random_n1000_rho1.0_uncorr_seed9.pcf,dhfma,2,2438538,555
random_n1000_rho1.0_weakly-corr-neg_seed0.pcf,hfma,0,4313545,479
random_n1000_rho1.0_weakly-corr-neg_seed0.pcf,dhfma,0,2831449,479
random_n1000_rho1.0_weakly-corr-neg_seed0.pcf,hfma,1,3082413,479
random_n1000_rho1.0_weakly-corr-neg_seed0.pcf,dhfma,1,2824883,479
random_n1000_rho1.0_weakly-corr-neg_seed0.pcf,hfma,2,3045042,479
random_n1000_rho1.0_weakly-corr-neg_seed0.pcf,dhfma,2,2816503,479
random_n1000_rho1.0_weakly-corr-neg_seed1.pcf,hfma,0,3535258,511
random_n1000_rho1.0_weakly-corr-neg_seed1.pcf,dhfma,0,2454567,511
random_n1000_rho1.0_weakly-corr-neg_seed1.pcf,hfma,1,2345651,511
random_n1000_rho1.0_weakly-corr-neg_seed1.pcf,dhfma,1,2371763,511
random_n1000_rho1.0_weakly-corr-neg_seed1.pcf,hfma,2,2347798,511
random_n1000_rho1.0_weakly-corr-neg_seed1.pcf,dhfma,2,2376651,511
random_n1000_rho1.0_weakly-corr-neg_seed2.pcf,hfma,0,4082069,499
random_n1000_rho1.0_weakly-corr-neg_seed2.pcf,dhfma,0,3087311,499
random_n1000_rho1.0_weakly-corr-neg_seed2.pcf,hfma,1,2605808,499
random_n1000_rho1.0_weakly-corr-neg_seed2.pcf,dhfma,1,2442290,499
random_n1000_rho1.0_weakly-corr-neg_seed2.pcf,hfma,2,2604620,499
random_n1000_rho1.0_weakly-corr-neg_seed2.pcf,dhfma,2,2542888,499
random_n1000_rho1.0_weakly-corr-neg_seed3.pcf,hfma,0,4877748,503
random_n1000_rho1.0_weakly-corr-neg_seed3.pcf,dhfma,0,3479897,503
random_n1000_rho1.0_weakly-corr-neg_seed3.pcf,hfma,1,3187816,503
random_n1000_rho1.0_weakly-corr-neg_seed3.pcf,dhfma,1,2716716,503
random_n1000_rho1.0_weakly-corr-neg_seed3.pcf,hfma,2,3199413,503
random_n1000_rho1.0_weakly-corr-neg_seed3.pcf,dhfma,2,2802468,503
random_n1000_rho1.0_weakly-corr-neg_seed4.pcf,hfma,0,3925201,510
random_n1000_rho1.0_weakly-corr-neg_seed4.pcf,dhfma,0,3160379,510
random_n1000_rho1.0_weakly-corr-neg_seed4.pcf,hfma,1,2539730,510
random_n1000_rho1.0_weakly-corr-neg_seed4.pcf,dhfma,1,2837427,510
random_n1000_rho1.0_weakly-corr-neg_seed4.pcf,hfma,2,2568452,510
random_n1000_rho1.0_weakly-corr-neg_seed4.pcf,dhfma,2,2810625,510
random_n1000_rho1.0_weakly-corr-neg_seed5.pcf,hfma,0,3450805,508
random_n1000_rho1.0_weakly-corr-neg_seed5.pcf,dhfma,0,2907737,508
random_n1000_rho1.0_weakly-corr-neg_seed5.pcf,hfma,1,2334525,508
random_n1000_rho1.0_weakly-corr-neg_seed5.pcf,dhfma,1,2259502,508
random_n1000_rho1.0_weakly-corr-neg_seed5.pcf,hfma,2,2278779,508
random_n1000_rho1.0_weakly-corr-neg_seed5.pcf,dhfma,2,2223981,508
random_n1000_rho1.0_weakly-corr-neg_seed6.pcf,hfma,0,5473205,463
random_n1000_rho1.0_weakly-corr-neg_seed6.pcf,dhfma,0,4478486,463
random_n1000_rho1.0_weakly-corr-neg_seed6.pcf,hfma,1,3674168,463
random_n1000_rho1.0_weakly-corr-neg_seed6.pcf,dhfma,1,3493271,463
random_n1000_rho1.0_weakly-corr-neg_seed6.pcf,hfma,2,3590491,463
random_n1000_rho1.0_weakly-corr-neg_seed6.pcf,dhfma,2,3443634,463
random_n1000_rho1.0_weakly-corr-neg_seed7.pcf,hfma,0,3619637,485
random_n1000_rho1.0_weakly-corr-neg_seed7.pcf,dhfma,0,2340868,485
random_n1000_rho1.0_weakly-corr-neg_seed7.pcf,hfma,1,2621283,485
random_n1000_rho1.0_weakly-corr-neg_seed7.pcf,dhfma,1,2296277,485
random_n1000_rho1.0_weakly-corr-neg_seed7.pcf,hfma,2,2623253,485
random_n1000_rho1.0_weakly-corr-neg_seed7.pcf,dhfma,2,2326428,485
random_n1000_rho1.0_weakly-corr-neg_seed8.pcf,hfma,0,2612366,495
random_n1000_rho1.0_weakly-corr-neg_seed8.pcf,dhfma,0,2158703,495
random_n1000_rho1.0_weakly-corr-neg_seed8.pcf,hfma,1,2533853,495
random_n1000_rho1.0_weakly-corr-neg_seed8.pcf,dhfma,1,2199983,495
random_n1000_rho1.0_weakly-corr-neg_seed8.pcf,hfma,2,2459652,495
random_n1000_rho1.0_weakly-corr-neg_seed8.pcf,dhfma,2,2197529,495
random_n1000_rho1.0_weakly-corr-neg_seed9.pcf,hfma,0,4252345,479
random_n1000_rho1.0_weakly-corr-neg_seed9.pcf,dhfma,0,3957019,479
random_n1000_rho1.0_weakly-corr-neg_seed9.pcf,hfma,1,3174800,479
random_n1000_rho1.0_weakly-corr-neg_seed9.pcf,dhfma,1,2563713,479
random_n1000_rho1.0_weakly-corr-neg_seed9.pcf,hfma,2,2826469,479
random_n1000_rho1.0_weakly-corr-neg_seed9.pcf,dhfma,2,2599727,479
random_n1000_rho1.0_weakly-corr_seed0.pcf,hfma,0,4595929,482
random_n1000_rho1.0_weakly-corr_seed0.pcf,dhfma,0,4078895,482
random_n1000_rho1.0_weakly-corr_seed0.pcf,hfma,1,3022171,482
random_n1000_rho1.0_weakly-corr_seed0.pcf,dhfma,1,2837521,482
random_n1000_rho1.0_weakly-corr_seed0.pcf,hfma,2,2968796,482
random_n1000_rho1.0_weakly-corr_seed0.pcf,dhfma,2,2772452,482
random_n1000_rho1.0_weakly-corr_seed1.pcf,hfma,0,3677587,495
random_n1000_rho1.0_weakly-corr_seed1.pcf,dhfma,0,3283176,495
random_n1000_rho1.0_weakly-corr_seed1.pcf,hfma,1,2484805,495
random_n1000_rho1.0_weakly-corr_seed1.pcf,dhfma,1,2322893,495
random_n1000_rho1.0_weakly-corr_seed1.pcf,hfma,2,2386952,495
random_n1000_rho1.0_weakly-corr_seed1.pcf,dhfma,2,2354853,495
random_n1000_rho1.0_weakly-corr_seed2.pcf,hfma,0,4216910,474
random_n1000_rho1.0_weakly-corr_seed2.pcf,dhfma,0,4077698,474
random_n1000_rho1.0_weakly-corr_seed2.pcf,hfma,1,2822932,474
random_n1000_rho1.0_weakly-corr_seed2.pcf,dhfma,1,2708238,474
random_n1000_rho1.0_weakly-corr_seed2.pcf,hfma,2,2769401,474
random_n1000_rho1.0_weakly-corr_seed2.pcf,dhfma,2,2706002,474
random_n1000_rho1.0_weakly-corr_seed3.pcf,hfma,0,3456258,529
random_n1000_rho1.0_weakly-corr_seed3.pcf,dhfma,0,3663390,529
random_n1000_rho1.0_weakly-corr_seed3.pcf,hfma,1,2382039,529
random_n1000_rho1.0_weakly-corr_seed3.pcf,dhfma,1,2440408,529
random_n1000_rho1.0_weakly-corr_seed3.pcf,hfma,2,2271437,529
random_n1000_rho1.0_weakly-corr_seed3.pcf,dhfma,2,2452858,529
random_n1000_rho1.0_weakly-corr_seed4.pcf,hfma,0,3546104,506
random_n1000_rho1.0_weakly-corr_seed4.pcf,dhfma,0,3926036,506
random_n1000_rho1.0_weakly-corr_seed4.pcf,hfma,1,2887146,506
random_n1000_rho1.0_weakly-corr_seed4.pcf,dhfma,1,2593349,506
random_n1000_rho1.0_weakly-corr_seed4.pcf,hfma,2,2329968,506
random_n1000_rho1.0_weakly-corr_seed4.pcf,dhfma,2,2542898,506
random_n1000_rho1.0_weakly-corr_seed5.pcf,hfma,0,4221839,516
random_n1000_rho1.0_weakly-corr_seed5.pcf,dhfma,0,3943074,516
random_n1000_rho1.0_weakly-corr_seed5.pcf,hfma,1,3533482,516
random_n1000_rho1.0_weakly-corr_seed5.pcf,dhfma,1,2977110,516
random_n1000_rho1.0_weakly-corr_seed5.pcf,hfma,2,2823651,516
random_n1000_rho1.0_weakly-corr_seed5.pcf,dhfma,2,2678521,516
random_n1000_rho1.0_weakly-corr_seed6.pcf,hfma,0,3960054,490
random_n1000_rho1.0_weakly-corr_seed6.pcf,dhfma,0,3684124,490
random_n1000_rho1.0_weakly-corr_seed6.pcf,hfma,1,3128471,490
random_n1000_rho1.0_weakly-corr_seed6.pcf,dhfma,1,2474842,490
random_n1000_rho1.0_weakly-corr_seed6.pcf,hfma,2,2575051,490
random_n1000_rho1.0_weakly-corr_seed6.pcf,dhfma,2,2450366,490
random_n1000_rho1.0_weakly-corr_seed7.pcf,hfma,0,3419408,507
random_n1000_rho1.0_weakly-corr_seed7.pcf,dhfma,0,3651993,507
random_n1000_rho1.0_weakly-corr_seed7.pcf,hfma,1,3041205,507
random_n1000_rho1.0_weakly-corr_seed7.pcf,dhfma,1,2401370,507
random_n1000_rho1.0_weakly-corr_seed7.pcf,hfma,2,2236453,507
random_n1000_rho1.0_weakly-corr_seed7.pcf,dhfma,2,2324392,507
random_n1000_rho1.0_weakly-corr_seed8.pcf,hfma,0,3897215,504
random_n1000_rho1.0_weakly-corr_seed8.pcf,dhfma,0,4078708,504
random_n1000_rho1.0_weakly-corr_seed8.pcf,hfma,1,3069915,504
random_n1000_rho1.0_weakly-corr_seed8.pcf,dhfma,1,2701498,504
random_n1000_rho1.0_weakly-corr_seed8.pcf,hfma,2,2526162,504
random_n1000_rho1.0_weakly-corr_seed8.pcf,dhfma,2,2693984,504
random_n1000_rho1.0_weakly-corr_seed9.pcf,hfma,0,2166420,491
random_n1000_rho1.0_weakly-corr_seed9.pcf,dhfma,0,2215221,491
random_n1000_rho1.0_weakly-corr_seed9.pcf,hfma,1,2089962,491
random_n1000_rho1.0_weakly-corr_seed9.pcf,dhfma,1,2161184,491
random_n1000_rho1.0_weakly-corr_seed9.pcf,hfma,2,2438888,491
random_n1000_rho1.0_weakly-corr_seed9.pcf,dhfma,2,2276901,491
random_n100_rho0.3_strongly-corr-neg_seed0.pcf,hfma,0,59823,83
random_n100_rho0.3_strongly-corr-neg_seed0.pcf,dhfma,0,61526,83
random_n100_rho0.3_strongly-corr-neg_seed0.pcf,hfma,1,42573,83
random_n100_rho0.3_strongly-corr-neg_seed0.pcf,dhfma,1,49927,83
random_n100_rho0.3_strongly-corr-neg_seed0.pcf,hfma,2,39764,83
random_n100_rho0.3_strongly-corr-neg_seed0.pcf,dhfma,2,47212,83
random_n100_rho0.3_strongly-corr-neg_seed1.pcf,hfma,0,68393,84
random_n100_rho0.3_strongly-corr-neg_seed1.pcf,dhfma,0,67888,84
random_n100_rho0.3_strongly-corr-neg_seed1.pcf,hfma,1,43725,84
random_n100_rho0.3_strongly-corr-neg_seed1.pcf,dhfma,1,69465,84
random_n100_rho0.3_strongly-corr-neg_seed1.pcf,hfma,2,42742,84
random_n100_rho0.3_strongly-corr-neg_seed1.pcf,dhfma,2,45336,84
random_n100_rho0.3_strongly-corr-neg_seed2.pcf,hfma,0,77977,79
random_n100_rho0.3_strongly-corr-neg_seed2.pcf,dhfma,0,88065,79
random_n100_rho0.3_strongly-corr-neg_seed2.pcf,hfma,1,61109,79
random_n100_rho0.3_strongly-corr-neg_seed2.pcf,dhfma,1,72131,79
random_n100_rho0.3_strongly-corr-neg_seed2.pcf,hfma,2,58254,79
random_n100_rho0.3_strongly-corr-neg_seed2.pcf,dhfma,2,68053,79
random_n100_rho0.3_strongly-corr-neg_seed3.pcf,hfma,0,70225,85
random_n100_rho0.3_strongly-corr-neg_seed3.pcf,dhfma,0,86812,85
random_n100_rho0.3_strongly-corr-neg_seed3.pcf,hfma,1,54366,85
random_n100_rho0.3_strongly-corr-neg_seed3.pcf,dhfma,1,63763,85
random_n100_rho0.3_strongly-corr-neg_seed3.pcf,hfma,2,48950,85
random_n100_rho0.3_strongly-corr-neg_seed3.pcf,dhfma,2,58619,85
random_n100_rho0.3_strongly-corr-neg_seed4.pcf,hfma,0,92043,85
random_n100_rho0.3_strongly-corr-neg_seed4.pcf,dhfma,0,110656,85
random_n100_rho0.3_strongly-corr-neg_seed4.pcf,hfma,1,73955,85
random_n100_rho0.3_strongly-corr-neg_seed4.pcf,dhfma,1,86415,85
random_n100_rho0.3_strongly-corr-neg_seed4.pcf,hfma,2,63286,85
random_n100_rho0.3_strongly-corr-neg_seed4.pcf,dhfma,2,79081,85
random_n100_rho0.3_strongly-corr-neg_seed5.pcf,hfma,0,107849,89
random_n100_rho0.3_strongly-corr-neg_seed5.pcf,dhfma,0,124063,89
random_n100_rho0.3_strongly-corr-neg_seed5.pcf,hfma,1,85011,89
random_n100_rho0.3_strongly-corr-neg_seed5.pcf,dhfma,1,103962,89
random_n100_rho0.3_strongly-corr-neg_seed5.pcf,hfma,2,75888,89
random_n100_rho0.3_strongly-corr-neg_seed5.pcf,dhfma,2,105027,89
random_n100_rho0.3_strongly-corr-neg_seed6.pcf,hfma,0,152209,79
random_n100_rho0.3_strongly-corr-neg_seed6.pcf,dhfma,0,134708,79
random_n100_rho0.3_strongly-corr-neg_seed6.pcf,hfma,1,99558,79
random_n100_rho0.3_strongly-corr-neg_seed6.pcf,dhfma,1,89735,79
random_n100_rho0.3_strongly-corr-neg_seed6.pcf,hfma,2,74745,79
random_n100_rho0.3_strongly-corr-neg_seed6.pcf,dhfma,2,76728,79
random_n100_rho0.3_strongly-corr-neg_seed7.pcf,hfma,0,85410,85
random_n100_rho0.3_strongly-corr-neg_seed7.pcf,dhfma,0,118801,85
random_n100_rho0.3_strongly-corr-neg_seed7.pcf,hfma,1,68509,85
random_n100_rho0.3_strongly-corr-neg_seed7.pcf,dhfma,1,77596,85
random_n100_rho0.3_strongly-corr-neg_seed7.pcf,hfma,2,58024,85
random_n100_rho0.3_strongly-corr-neg_seed7.pcf,dhfma,2,68650,85
random_n100_rho0.3_strongly-corr-neg_seed8.pcf,hfma,0,185355,80
random_n100_rho0.3_strongly-corr-neg_seed8.pcf,dhfma,0,221753,80
random_n100_rho0.3_strongly-corr-neg_seed8.pcf,hfma,1,141497,80
random_n100_rho0.3_strongly-corr-neg_seed8.pcf,dhfma,1,172652,80
random_n100_rho0.3_strongly-corr-neg_seed8.pcf,hfma,2,130017,80
random_n100_rho0.3_strongly-corr-neg_seed8.pcf,dhfma,2,160489,80
random_n100_rho0.3_strongly-corr-neg_seed9.pcf,hfma,0,159680,85
random_n100_rho0.3_strongly-corr-neg_seed9.pcf,dhfma,0,178528,85
random_n100_rho0.3_strongly-corr-neg_seed9.pcf,hfma,1,114565,85
random_n100_rho0.3_strongly-corr-neg_seed9.pcf,dhfma,1,130708,85
random_n100_rho0.3_strongly-corr-neg_seed9.pcf,hfma,2,96356,85
random_n100_rho0.3_strongly-corr-neg_seed9.pcf,dhfma,2,117703,85
random_n100_rho0.3_strongly-corr_seed0.pcf,hfma,0,172355,87
random_n100_rho0.3_strongly-corr_seed0.pcf,dhfma,0,181648,87
random_n100_rho0.3_strongly-corr_seed0.pcf,hfma,1,127742,87
random_n100_rho0.3_strongly-corr_seed0.pcf,dhfma,1,147205,87
random_n100_rho0.3_strongly-corr_seed0.pcf,hfma,2,198479,87
random_n100_rho0.3_strongly-corr_seed0.pcf,dhfma,2,139327,87
random_n100_rho0.3_strongly-corr_seed1.pcf,hfma,0,166225,80
random_n100_rho0.3_strongly-corr_seed1.pcf,dhfma,0,176166,80
random_n100_rho0.3_strongly-corr_seed1.pcf,hfma,1,125812,80
random_n100_rho0.3_strongly-corr_seed1.pcf,dhfma,1,140406,80
random_n100_rho0.3_strongly-corr_seed1.pcf,hfma,2,111640,80
random_n100_rho0.3_strongly-corr_seed1.pcf,dhfma,2,131374,80
random_n100_rho0.3_strongly-corr_seed2.pcf,hfma,0,79900,79
random_n100_rho0.3_strongly-corr_seed2.pcf,dhfma,0,83060,79
random_n100_rho0.3_strongly-corr_seed2.pcf,hfma,1,55880,79
random_n100_rho0.3_strongly-corr_seed2.pcf,dhfma,1,65242,79
random_n100_rho0.3_strongly-corr_seed2.pcf,hfma,2,46393,79
random_n100_rho0.3_strongly-corr_seed2.pcf,dhfma,2,53891,79
random_n100_rho0.3_strongly-corr_seed3.pcf,hfma,0,75476,80
random_n100_rho0.3_strongly-corr_seed3.pcf,dhfma,0,78449,80
random_n100_rho0.3_strongly-corr_seed3.pcf,hfma,1,51776,80
random_n100_rho0.3_strongly-corr_seed3.pcf,dhfma,1,62828,80
random_n100_rho0.3_strongly-corr_seed3.pcf,hfma,2,51191,80
random_n100_rho0.3_strongly-corr_seed3.pcf,dhfma,2,50120,80
random_n100_rho0.3_strongly-corr_seed4.pcf,hfma,0,74361,81
random_n100_rho0.3_strongly-corr_seed4.pcf,dhfma,0,74683,81
random_n100_rho0.3_strongly-corr_seed4.pcf,hfma,1,48141,81
random_n100_rho0.3_strongly-corr_seed4.pcf,dhfma,1,53660,81
random_n100_rho0.3_strongly-corr_seed4.pcf,hfma,2,38551,81
random_n100_rho0.3_strongly-corr_seed4.pcf,dhfma,2,44642,81
random_n100_rho0.3_strongly-corr_seed5.pcf,hfma,0,99939,84
random_n100_rho0.3_strongly-corr_seed5.pcf,dhfma,0,109375,84
random_n100_rho0.3_strongly-corr_seed5.pcf,hfma,1,72534,84
random_n100_rho0.3_strongly-corr_seed5.pcf,dhfma,1,83574,84
random_n100_rho0.3_strongly-corr_seed5.pcf,hfma,2,68772,84
random_n100_rho0.3_strongly-corr_seed5.pcf,dhfma,2,79784,84
random_n100_rho0.3_strongly-corr_seed6.pcf,hfma,0,74929,85
random_n100_rho0.3_strongly-corr_seed6.pcf,dhfma,0,80464,85
random_n100_rho0.3_strongly-corr_seed6.pcf,hfma,1,56992,85
random_n100_rho0.3_strongly-corr_seed6.pcf,dhfma,1,63686,85
random_n100_rho0.3_strongly-corr_seed6.pcf,hfma,2,51161,85
random_n100_rho0.3_strongly-corr_seed6.pcf,dhfma,2,60713,85
random_n100_rho0.3_strongly-corr_seed7.pcf,hfma,0,67457,86
random_n100_rho0.3_strongly-corr_seed7.pcf,dhfma,0,72445,86
random_n100_rho0.3_strongly-corr_seed7.pcf,hfma,1,47180,86
random_n100_rho0.3_strongly-corr_seed7.pcf,dhfma,1,61017,86
random_n100_rho0.3_strongly-corr_seed7.pcf,hfma,2,45953,86
random_n100_rho0.3_strongly-corr_seed7.pcf,dhfma,2,55799,86
random_n100_rho0.3_strongly-corr_seed8.pcf,hfma,0,90950,78
random_n100_rho0.3_strongly-corr_seed8.pcf,dhfma,0,94495,78
random_n100_rho0.3_strongly-corr_seed8.pcf,hfma,1,76463,78
random_n100_rho0.3_strongly-corr_seed8.pcf,dhfma,1,83522,78
random_n100_rho0.3_strongly-corr_seed8.pcf,hfma,2,67696,78
random_n100_rho0.3_strongly-corr_seed8.pcf,dhfma,2,79020,78
random_n100_rho0.3_strongly-corr_seed9.pcf,hfma,0,63147,87
random_n100_rho0.3_strongly-corr_seed9.pcf,dhfma,0,71780,87
random_n100_rho0.3_strongly-corr_seed9.pcf,hfma,1,47006,87
random_n100_rho0.3_strongly-corr_seed9.pcf,dhfma,1,58696,87
random_n100_rho0.3_strongly-corr_seed9.pcf,hfma,2,46254,87
random_n100_rho0.3_strongly-corr_seed9.pcf,dhfma,2,56203,87
random_n100_rho0.3_uncorr-neg_seed0.pcf,hfma,0,62788,90
random_n100_rho0.3_uncorr-neg_seed0.pcf,dhfma,0,76607,90
random_n100_rho0.3_uncorr-neg_seed0.pcf,hfma,1,61767,90
random_n100_rho0.3_uncorr-neg_seed0.pcf,dhfma,1,58110,90
random_n100_rho0.3_uncorr-neg_seed0.pcf,hfma,2,42892,90
random_n100_rho0.3_uncorr-neg_seed0.pcf,dhfma,2,53890,90
random_n100_rho0.3_uncorr-neg_seed1.pcf,hfma,0,75203,82
random_n100_rho0.3_uncorr-neg_seed1.pcf,dhfma,0,93750,82
random_n100_rho0.3_uncorr-neg_seed1.pcf,hfma,1,59662,82
random_n100_rho0.3_uncorr-neg_seed1.pcf,dhfma,1,69894,82
random_n100_rho0.3_uncorr-neg_seed1.pcf,hfma,2,52295,82
random_n100_rho0.3_uncorr-neg_seed1.pcf,dhfma,2,62114,82
random_n100_rho0.3_uncorr-neg_seed2.pcf,hfma,0,124050,78
random_n100_rho0.3_uncorr-neg_seed2.pcf,dhfma,0,134292,78
random_n100_rho0.3_uncorr-neg_seed2.pcf,hfma,1,93980,78
random_n100_rho0.3_uncorr-neg_seed2.pcf,dhfma,1,103420,78
random_n100_rho0.3_uncorr-neg_seed2.pcf,hfma,2,79378,78
random_n100_rho0.3_uncorr-neg_seed2.pcf,dhfma,2,90026,78
random_n100_rho0.3_uncorr-neg_seed3.pcf,hfma,0,244122,84
random_n100_rho0.3_uncorr-neg_seed3.pcf,dhfma,0,227921,84
random_n100_rho0.3_uncorr-neg_seed3.pcf,hfma,1,155799,84
random_n100_rho0.3_uncorr-neg_seed3.pcf,dhfma,1,183253,84
random_n100_rho0.3_uncorr-neg_seed3.pcf,hfma,2,150011,84
random_n100_rho0.3_uncorr-neg_seed3.pcf,dhfma,2,190127,84
random_n100_rho0.3_uncorr-neg_seed4.pcf,hfma,0,175742,87
random_n100_rho0.3_uncorr-neg_seed4.pcf,dhfma,0,191503,87
random_n100_rho0.3_uncorr-neg_seed4.pcf,hfma,1,144503,87
random_n100_rho0.3_uncorr-neg_seed4.pcf,dhfma,1,155993,87
random_n100_rho0.3_uncorr-neg_seed4.pcf,hfma,2,120289,87
random_n100_rho0.3_uncorr-neg_seed4.pcf,dhfma,2,144386,87
random_n100_rho0.3_uncorr-neg_seed5.pcf,hfma,0,199744,85
random_n100_rho0.3_uncorr-neg_seed5.pcf,dhfma,0,204983,85
random_n100_rho0.3_uncorr-neg_seed5.pcf,hfma,1,147968,85
random_n100_rho0.3_uncorr-neg_seed5.pcf,dhfma,1,164234,85
random_n100_rho0.3_uncorr-neg_seed5.pcf,hfma,2,129616,85
random_n100_rho0.3_uncorr-neg_seed5.pcf,dhfma,2,154485,85
random_n100_rho0.3_uncorr-neg_seed6.pcf,hfma,0,135324,82
random_n100_rho0.3_uncorr-neg_seed6.pcf,dhfma,0,168480,82
random_n100_rho0.3_uncorr-neg_seed6.pcf,hfma,1,116094,82
random_n100_rho0.3_uncorr-neg_seed6.pcf,dhfma,1,131869,82
random_n100_rho0.3_uncorr-neg_seed6.pcf,hfma,2,108530,82
random_n100_rho0.3_uncorr-neg_seed6.pcf,dhfma,2,114417,82
random_n100_rho0.3_uncorr-neg_seed7.pcf,hfma,0,161071,85
random_n100_rho0.3_uncorr-neg_seed7.pcf,dhfma,0,166528,85
random_n100_rho0.3_uncorr-neg_seed7.pcf,hfma,1,105946,85
random_n100_rho0.3_uncorr-neg_seed7.pcf,dhfma,1,133573,85
random_n100_rho0.3_uncorr-neg_seed7.pcf,hfma,2,98393,85
random_n100_rho0.3_uncorr-neg_seed7.pcf,dhfma,2,125143,85
random_n100_rho0.3_uncorr-neg_seed8.pcf,hfma,0,162443,87
random_n100_rho0.3_uncorr-neg_seed8.pcf,dhfma,0,194846,87
random_n100_rho0.3_uncorr-neg_seed8.pcf,hfma,1,133639,87
random_n100_rho0.3_uncorr-neg_seed8.pcf,dhfma,1,158660,87
random_n100_rho0.3_uncorr-neg_seed8.pcf,hfma,2,166575,87
random_n100_rho0.3_uncorr-neg_seed8.pcf,dhfma,2,160104,87
random_n100_rho0.3_uncorr-neg_seed9.pcf,hfma,0,136495,90
random_n100_rho0.3_uncorr-neg_seed9.pcf,dhfma,0,175530,90
random_n100_rho0.3_uncorr-neg_seed9.pcf,hfma,1,109258,90
random_n100_rho0.3_uncorr-neg_seed9.pcf,dhfma,1,134141,90
random_n100_rho0.3_uncorr-neg_seed9.pcf,hfma,2,105407,90
random_n100_rho0.3_uncorr-neg_seed9.pcf,dhfma,2,121659,90
random_n100_rho0.3_uncorr_seed0.pcf,hfma,0,167189,86
random_n100_rho0.3_uncorr_seed0.pcf,dhfma,0,194238,86
random_n100_rho0.3_uncorr_seed0.pcf,hfma,1,138784,86
random_n100_rho0.3_uncorr_seed0.pcf,dhfma,1,158921,86
random_n100_rho0.3_uncorr_seed0.pcf,hfma,2,117651,86
random_n100_rho0.3_uncorr_seed0.pcf,dhfma,2,147838,86
random_n100_rho0.3_uncorr_seed1.pcf,hfma,0,145388,81
random_n100_rho0.3_uncorr_seed1.pcf,dhfma,0,165577,81
random_n100_rho0.3_uncorr_seed1.pcf,hfma,1,110011,81
random_n100_rho0.3_uncorr_seed1.pcf,dhfma,1,120507,81
random_n100_rho0.3_uncorr_seed1.pcf,hfma,2,93627,81
random_n100_rho0.3_uncorr_seed1.pcf,dhfma,2,106585,81
random_n100_rho0.3_uncorr_seed2.pcf,hfma,0,166759,86
random_n100_rho0.3_uncorr_seed2.pcf,dhfma,0,171272,86
random_n100_rho0.3_uncorr_seed2.pcf,hfma,1,160744,86
random_n100_rho0.3_uncorr_seed2.pcf,dhfma,1,121986,86
random_n100_rho0.3_uncorr_seed2.pcf,hfma,2,90390,86
random_n100_rho0.3_uncorr_seed2.pcf,dhfma,2,96351,86
random_n100_rho0.3_uncorr_seed3.pcf,hfma,0,102663,83
random_n100_rho0.3_uncorr_seed3.pcf,dhfma,0,122018,83
random_n100_rho0.3_uncorr_seed3.pcf,hfma,1,97149,83
random_n100_rho0.3_uncorr_seed3.pcf,dhfma,1,94037,83
random_n100_rho0.3_uncorr_seed3.pcf,hfma,2,77511,83
random_n100_rho0.3_uncorr_seed3.pcf,dhfma,2,81261,83
random_n100_rho0.3_uncorr_seed4.pcf,hfma,0,203349,85
random_n100_rho0.3_uncorr_seed4.pcf,dhfma,0,224758,85
random_n100_rho0.3_uncorr_seed4.pcf,hfma,1,164925,85
random_n100_rho0.3_uncorr_seed4.pcf,dhfma,1,181323,85
random_n100_rho0.3_uncorr_seed4.pcf,hfma,2,130377,85
random_n100_rho0.3_uncorr_seed4.pcf,dhfma,2,161925,85
random_n100_rho0.3_uncorr_seed5.pcf,hfma,0,193804,84
random_n100_rho0.3_uncorr_seed5.pcf,dhfma,0,214888,84
random_n100_rho0.3_uncorr_seed5.pcf,hfma,1,154433,84
random_n100_rho0.3_uncorr_seed5.pcf,dhfma,1,200404,84
random_n100_rho0.3_uncorr_seed5.pcf,hfma,2,151005,84
random_n100_rho0.3_uncorr_seed5.pcf,dhfma,2,182820,84
random_n100_rho0.3_uncorr_seed6.pcf,hfma,0,153926,80
random_n100_rho0.3_uncorr_seed6.pcf,dhfma,0,174764,80
random_n100_rho0.3_uncorr_seed6.pcf,hfma,1,111932,80
random_n100_rho0.3_uncorr_seed6.pcf,dhfma,1,127406,80
random_n100_rho0.3_uncorr_seed6.pcf,hfma,2,95835,80
random_n100_rho0.3_uncorr_seed6.pcf,dhfma,2,108448,80
random_n100_rho0.3_uncorr_seed7.pcf,hfma,0,169589,82
random_n100_rho0.3_uncorr_seed7.pcf,dhfma,0,190832,82
random_n100_rho0.3_uncorr_seed7.pcf,hfma,1,118568,82
random_n100_rho0.3_uncorr_seed7.pcf,dhfma,1,131578,82
random_n100_rho0.3_uncorr_seed7.pcf,hfma,2,96012,82
random_n100_rho0.3_uncorr_seed7.pcf,dhfma,2,114140,82
random_n100_rho0.3_uncorr_seed8.pcf,hfma,0,209986,84
random_n100_rho0.3_uncorr_seed8.pcf,dhfma,0,218876,84
random_n100_rho0.3_uncorr_seed8.pcf,hfma,1,140838,84
random_n100_rho0.3_uncorr_seed8.pcf,dhfma,1,152134,84
random_n100_rho0.3_uncorr_seed8.pcf,hfma,2,119533,84
random_n100_rho0.3_uncorr_seed8.pcf,dhfma,2,135623,84
random_n100_rho0.3_uncorr_seed9.pcf,hfma,0,182016,87
random_n100_rho0.3_uncorr_seed9.pcf,dhfma,0,211396,87
random_n100_rho0.3_uncorr_seed9.pcf,hfma,1,139754,87
random_n100_rho0.3_uncorr_seed9.pcf,dhfma,1,166803,87
random_n100_rho0.3_uncorr_seed9.pcf,hfma,2,132704,87
random_n100_rho0.3_uncorr_seed9.pcf,dhfma,2,163521,87
random_n100_rho0.3_weakly-corr-neg_seed0.pcf,hfma,0,164358,91
random_n100_rho0.3_weakly-corr-neg_seed0.pcf,dhfma,0,179591,91
random_n100_rho0.3_weakly-corr-neg_seed0.pcf,hfma,1,130204,91
random_n100_rho0.3_weakly-corr-neg_seed0.pcf,dhfma,1,165261,91
random_n100_rho0.3_weakly-corr-neg_seed0.pcf,hfma,2,123968,91
random_n100_rho0.3_weakly-corr-neg_seed0.pcf,dhfma,2,162886,91
random_n100_rho0.3_weakly-corr-neg_seed1.pcf,hfma,0,123174,80
random_n100_rho0.3_weakly-corr-neg_seed1.pcf,dhfma,0,123817,80
random_n100_rho0.3_weakly-corr-neg_seed1.pcf,hfma,1,82785,80
random_n100_rho0.3_weakly-corr-neg_seed1.pcf,dhfma,1,90992,80
random_n100_rho0.3_weakly-corr-neg_seed1.pcf,hfma,2,73515,80
random_n100_rho0.3_weakly-corr-neg_seed1.pcf,dhfma,2,87284,80
random_n100_rho0.3_weakly-corr-neg_seed2.pcf,hfma,0,129997,85
random_n100_rho0.3_weakly-corr-neg_seed2.pcf,dhfma,0,139081,85
random_n100_rho0.3_weakly-corr-neg_seed2.pcf,hfma,1,92367,85
random_n100_rho0.3_weakly-corr-neg_seed2.pcf,dhfma,1,101697,85
random_n100_rho0.3_weakly-corr-neg_seed2.pcf,hfma,2,77975,85
random_n100_rho0.3_weakly-corr-neg_seed2.pcf,dhfma,2,94100,85
random_n100_rho0.3_weakly-corr-neg_seed3.pcf,hfma,0,170408,84
random_n100_rho0.3_weakly-corr-neg_seed3.pcf,dhfma,0,206866,84
random_n100_rho0.3_weakly-corr-neg_seed3.pcf,hfma,1,130346,84
random_n100_rho0.3_weakly-corr-neg_seed3.pcf,dhfma,1,146368,84
random_n100_rho0.3_weakly-corr-neg_seed3.pcf,hfma,2,116651,84
random_n100_rho0.3_weakly-corr-neg_seed3.pcf,dhfma,2,138200,84
random_n100_rho0.3_weakly-corr-neg_seed4.pcf,hfma,0,142262,83
random_n100_rho0.3_weakly-corr-neg_seed4.pcf,dhfma,0,152244,83
random_n100_rho0.3_weakly-corr-neg_seed4.pcf,hfma,1,111720,83
random_n100_rho0.3_weakly-corr-neg_seed4.pcf,dhfma,1,132360,83
random_n100_rho0.3_weakly-corr-neg_seed4.pcf,hfma,2,108054,83
random_n100_rho0.3_weakly-corr-neg_seed4.pcf,dhfma,2,136826,83
random_n100_rho0.3_weakly-corr-neg_seed5.pcf,hfma,0,135384,84
random_n100_rho0.3_weakly-corr-neg_seed5.pcf,dhfma,0,143836,84
random_n100_rho0.3_weakly-corr-neg_seed5.pcf,hfma,1,98014,84
random_n100_rho0.3_weakly-corr-neg_seed5.pcf,dhfma,1,117865,84
random_n100_rho0.3_weakly-corr-neg_seed5.pcf,hfma,2,95015,84
random_n100_rho0.3_weakly-corr-neg_seed5.pcf,dhfma,2,115183,84
random_n100_rho0.3_weakly-corr-neg_seed6.pcf,hfma,0,94729,83
random_n100_rho0.3_weakly-corr-neg_seed6.pcf,dhfma,0,116635,83
random_n100_rho0.3_weakly-corr-neg_seed6.pcf,hfma,1,77394,83
random_n100_rho0.3_weakly-corr-neg_seed6.pcf,dhfma,1,87639,83
random_n100_rho0.3_weakly-corr-neg_seed6.pcf,hfma,2,64737,83
random_n100_rho0.3_weakly-corr-neg_seed6.pcf,dhfma,2,75122,83
random_n100_rho0.3_weakly-corr-neg_seed7.pcf,hfma,0,153607,94
random_n100_rho0.3_weakly-corr-neg_seed7.pcf,dhfma,0,160965,94
random_n100_rho0.3_weakly-corr-neg_seed7.pcf,hfma,1,113344,94
random_n100_rho0.3_weakly-corr-neg_seed7.pcf,dhfma,1,126481,94
random_n100_rho0.3_weakly-corr-neg_seed7.pcf,hfma,2,109876,94
random_n100_rho0.3_weakly-corr-neg_seed7.pcf,dhfma,2,122204,94
random_n100_rho0.3_weakly-corr-neg_seed8.pcf,hfma,0,167457,85
random_n100_rho0.3_weakly-corr-neg_seed8.pcf,dhfma,0,187060,85
random_n100_rho0.3_weakly-corr-neg_seed8.pcf,hfma,1,122673,85
random_n100_rho0.3_weakly-corr-neg_seed8.pcf,dhfma,1,143619,85
random_n100_rho0.3_weakly-corr-neg_seed8.pcf,hfma,2,101924,85
random_n100_rho0.3_weakly-corr-neg_seed8.pcf,dhfma,2,123642,85
random_n100_rho0.3_weakly-corr-neg_seed9.pcf,hfma,0,176126,89
random_n100_rho0.3_weakly-corr-neg_seed9.pcf,dhfma,0,190801,89
random_n100_rho0.3_weakly-corr-neg_seed9.pcf,hfma,1,136154,89
random_n100_rho0.3_weakly-corr-neg_seed9.pcf,dhfma,1,165454,89
random_n100_rho0.3_weakly-corr-neg_seed9.pcf,hfma,2,171518,89
random_n100_rho0.3_weakly-corr-neg_seed9.pcf,dhfma,2,162993,89
random_n100_rho0.3_weakly-corr_seed0.pcf,hfma,0,267117,84
random_n100_rho0.3_weakly-corr_seed0.pcf,dhfma,0,200657,84
random_n100_rho0.3_weakly-corr_seed0.pcf,hfma,1,146791,84
random_n100_rho0.3_weakly-corr_seed0.pcf,dhfma,1,174009,84
random_n100_rho0.3_weakly-corr_seed0.pcf,hfma,2,140580,84
random_n100_rho0.3_weakly-corr_seed0.pcf,dhfma,2,232742,84
random_n100_rho0.3_weakly-corr_seed1.pcf,hfma,0,145783,86
random_n100_rho0.3_weakly-corr_seed1.pcf,dhfma,0,172598,86
random_n100_rho0.3_weakly-corr_seed1.pcf,hfma,1,103845,86
random_n100_rho0.3_weakly-corr_seed1.pcf,dhfma,1,118478,86
random_n100_rho0.3_weakly-corr_seed1.pcf,hfma,2,88499,86
random_n100_rho0.3_weakly-corr_seed1.pcf,dhfma,2,98122,86
random_n100_rho0.3_weakly-corr_seed2.pcf,hfma,0,182955,85
random_n100_rho0.3_weakly-corr_seed2.pcf,dhfma,0,185529,85
random_n100_rho0.3_weakly-corr_seed2.pcf,hfma,1,141535,85
random_n100_rho0.3_weakly-corr_seed2.pcf,dhfma,1,151321,85
random_n100_rho0.3_weakly-corr_seed2.pcf,hfma,2,115488,85
random_n100_rho0.3_weakly-corr_seed2.pcf,dhfma,2,126246,85
random_n100_rho0.3_weakly-corr_seed3.pcf,hfma,0,157244,83
random_n100_rho0.3_weakly-corr_seed3.pcf,dhfma,0,203192,83
random_n100_rho0.3_weakly-corr_seed3.pcf,hfma,1,120545,83
random_n100_rho0.3_weakly-corr_seed3.pcf,dhfma,1,161899,83
random_n100_rho0.3_weakly-corr_seed3.pcf,hfma,2,104768,83
random_n100_rho0.3_weakly-corr_seed3.pcf,dhfma,2,118773,83
random_n100_rho0.3_weakly-corr_seed4.pcf,hfma,0,195901,86
random_n100_rho0.3_weakly-corr_seed4.pcf,dhfma,0,192027,86
random_n100_rho0.3_weakly-corr_seed4.pcf,hfma,1,129584,86
random_n100_rho0.3_weakly-corr_seed4.pcf,dhfma,1,163159,86
random_n100_rho0.3_weakly-corr_seed4.pcf,hfma,2,125132,86
random_n100_rho0.3_weakly-corr_seed4.pcf,dhfma,2,158701,86
random_n100_rho0.3_weakly-corr_seed5.pcf,hfma,0,179704,88
random_n100_rho0.3_weakly-corr_seed5.pcf,dhfma,0,225887,88
random_n100_rho0.3_weakly-corr_seed5.pcf,hfma,1,143595,88
random_n100_rho0.3_weakly-corr_seed5.pcf,dhfma,1,177202,88
random_n100_rho0.3_weakly-corr_seed5.pcf,hfma,2,150621,88
random_n100_rho0.3_weakly-corr_seed5.pcf,dhfma,2,175774,88
random_n100_rho0.3_weakly-corr_seed6.pcf,hfma,0,151702,86
random_n100_rho0.3_weakly-corr_seed6.pcf,dhfma,0,160425,86
random_n100_rho0.3_weakly-corr_seed6.pcf,hfma,1,106355,86
random_n100_rho0.3_weakly-corr_seed6.pcf,dhfma,1,123158,86
random_n100_rho0.3_weakly-corr_seed6.pcf,hfma,2,92367,86
random_n100_rho0.3_weakly-corr_seed6.pcf,dhfma,2,110352,86
random_n100_rho0.3_weakly-corr_seed7.pcf,hfma,0,211503,82
random_n100_rho0.3_weakly-corr_seed7.pcf,dhfma,0,198426,82
random_n100_rho0.3_weakly-corr_seed7.pcf,hfma,1,129742,82
random_n100_rho0.3_weakly-corr_seed7.pcf,dhfma,1,141548,82
random_n100_rho0.3_weakly-corr_seed7.pcf,hfma,2,113702,82
random_n100_rho0.3_weakly-corr_seed7.pcf,dhfma,2,127502,82
random_n100_rho0.3_weakly-corr_seed8.pcf,hfma,0,186668,84
random_n100_rho0.3_weakly-corr_seed8.pcf,dhfma,0,189027,84
random_n100_rho0.3_weakly-corr_seed8.pcf,hfma,1,128688,84
random_n100_rho0.3_weakly-corr_seed8.pcf,dhfma,1,145289,84
random_n100_rho0.3_weakly-corr_seed8.pcf,hfma,2,109876,84
random_n100_rho0.3_weakly-corr_seed8.pcf,dhfma,2,133187,84
random_n100_rho0.3_weakly-corr_seed9.pcf,hfma,0,198117,84
random_n100_rho0.3_weakly-corr_seed9.pcf,dhfma,0,243847,84
random_n100_rho0.3_weakly-corr_seed9.pcf,hfma,1,150318,84
random_n100_rho0.3_weakly-corr_seed9.pcf,dhfma,1,182899,84
random_n100_rho0.3_weakly-corr_seed9.pcf,hfma,2,141494,84
random_n100_rho0.3_weakly-corr_seed9.pcf,dhfma,2,173873,84
random_n100_rho0.6_strongly-corr-neg_seed0.pcf,hfma,0,395624,63
random_n100_rho0.6_strongly-corr-neg_seed0.pcf,dhfma,0,383312,63
random_n100_rho0.6_strongly-corr-neg_seed0.pcf,hfma,1,341947,63
random_n100_rho0.6_strongly-corr-neg_seed0.pcf,dhfma,1,396737,63
random_n100_rho0.6_strongly-corr-neg_seed0.pcf,hfma,2,336713,63
random_n100_rho0.6_strongly-corr-neg_seed0.pcf,dhfma,2,325964,63
random_n100_rho0.6_strongly-corr-neg_seed1.pcf,hfma,0,301883,78
random_n100_rho0.6_strongly-corr-neg_seed1.pcf,dhfma,0,320744,78
random_n100_rho0.6_strongly-corr-neg_seed1.pcf,hfma,1,254876,78
random_n100_rho0.6_strongly-corr-neg_seed1.pcf,dhfma,1,282450,78
random_n100_rho0.6_strongly-corr-neg_seed1.pcf,hfma,2,253532,78
random_n100_rho0.6_strongly-corr-neg_seed1.pcf,dhfma,2,261489,78
random_n100_rho0.6_strongly-corr-neg_seed2.pcf,hfma,0,232711,72
random_n100_rho0.6_strongly-corr-neg_seed2.pcf,dhfma,0,250127,72
random_n100_rho0.6_strongly-corr-neg_seed2.pcf,hfma,1,186635,72
random_n100_rho0.6_strongly-corr-neg_seed2.pcf,dhfma,1,193354,72
random_n100_rho0.6_strongly-corr-neg_seed2.pcf,hfma,2,159733,72
random_n100_rho0.6_strongly-corr-neg_seed2.pcf,dhfma,2,178222,72
random_n100_rho0.6_strongly-corr-neg_seed3.pcf,hfma,0,314977,67
random_n100_rho0.6_strongly-corr-neg_seed3.pcf,dhfma,0,342896,67
random_n100_rho0.6_strongly-corr-neg_seed3.pcf,hfma,1,291466,67
random_n100_rho0.6_strongly-corr-neg_seed3.pcf,dhfma,1,308963,67
random_n100_rho0.6_strongly-corr-neg_seed3.pcf,hfma,2,270606,67
random_n100_rho0.6_strongly-corr-neg_seed3.pcf,dhfma,2,311984,67
random_n100_rho0.6_strongly-corr-neg_seed4.pcf,hfma,0,359781,70
random_n100_rho0.6_strongly-corr-neg_seed4.pcf,dhfma,0,308364,70
random_n100_rho0.6_strongly-corr-neg_seed4.pcf,hfma,1,256372,70
random_n100_rho0.6_strongly-corr-neg_seed4.pcf,dhfma,1,291625,70
random_n100_rho0.6_strongly-corr-neg_seed4.pcf,hfma,2,326093,70
random_n100_rho0.6_strongly-corr-neg_seed4.pcf,dhfma,2,292099,70
random_n100_rho0.6_strongly-corr-neg_seed5.pcf,hfma,0,304305,72
random_n100_rho0.6_strongly-corr-neg_seed5.pcf,dhfma,0,325108,72
random_n100_rho0.6_strongly-corr-neg_seed5.pcf,hfma,1,254508,72
random_n100_rho0.6_strongly-corr-neg_seed5.pcf,dhfma,1,268225,72
random_n100_rho0.6_strongly-corr-neg_seed5.pcf,hfma,2,223703,72
random_n100_rho0.6_strongly-corr-neg_seed5.pcf,dhfma,2,243562,72
random_n100_rho0.6_strongly-corr-neg_seed6.pcf,hfma,0,246463,74
random_n100_rho0.6_strongly-corr-neg_seed6.pcf,dhfma,0,257620,74
random_n100_rho0.6_strongly-corr-neg_seed6.pcf,hfma,1,191770,74
random_n100_rho0.6_strongly-corr-neg_seed6.pcf,dhfma,1,217348,74
random_n100_rho0.6_strongly-corr-neg_seed6.pcf,hfma,2,195731,74
random_n100_rho0.6_strongly-corr-neg_seed6.pcf,dhfma,2,196160,74
random_n100_rho0.6_strongly-corr-neg_seed7.pcf,hfma,0,292251,73
random_n100_rho0.6_strongly-corr-neg_seed7.pcf,dhfma,0,308718,73
random_n100_rho0.6_strongly-corr-neg_seed7.pcf,hfma,1,244323,73
random_n100_rho0.6_strongly-corr-neg_seed7.pcf,dhfma,1,273011,73
random_n100_rho0.6_strongly-corr-neg_seed7.pcf,hfma,2,289542,73
random_n100_rho0.6_strongly-corr-neg_seed7.pcf,dhfma,2,271697,73
random_n100_rho0.6_strongly-corr-neg_seed8.pcf,hfma,0,234705,73
random_n100_rho0.6_strongly-corr-neg_seed8.pcf,dhfma,0,253790,73
random_n100_rho0.6_strongly-corr-neg_seed8.pcf,hfma,1,179981,73
random_n100_rho0.6_strongly-corr-neg_seed8.pcf,dhfma,1,218294,73
random_n100_rho0.6_strongly-corr-neg_seed8.pcf,hfma,2,156276,73
random_n100_rho0.6_strongly-corr-neg_seed8.pcf,dhfma,2,179283,73
random_n100_rho0.6_strongly-corr-neg_seed9.pcf,hfma,0,249711,62
random_n100_rho0.6_strongly-corr-neg_seed9.pcf,dhfma,0,268995,62
random_n100_rho0.6_strongly-corr-neg_seed9.pcf,hfma,1,201783,62
random_n100_rho0.6_strongly-corr-neg_seed9.pcf,dhfma,1,229525,62
random_n100_rho0.6_strongly-corr-neg_seed9.pcf,hfma,2,198470,62
random_n100_rho0.6_strongly-corr-neg_seed9.pcf,dhfma,2,215589,62
random_n100_rho0.6_strongly-corr_seed0.pcf,hfma,0,244149,67
random_n100_rho0.6_strongly-corr_seed0.pcf,dhfma,0,259842,67
random_n100_rho0.6_strongly-corr_seed0.pcf,hfma,1,182942,67
random_n100_rho0.6_strongly-corr_seed0.pcf,dhfma,1,202753,67
random_n100_rho0.6_strongly-corr_seed0.pcf,hfma,2,162499,67
random_n100_rho0.6_strongly-corr_seed0.pcf,dhfma,2,180342,67
random_n100_rho0.6_strongly-corr_seed1.pcf,hfma,0,304136,66
random_n100_rho0.6_strongly-corr_seed1.pcf,dhfma,0,296521,66
random_n100_rho0.6_strongly-corr_seed1.pcf,hfma,1,250363,66
random_n100_rho0.6_strongly-corr_seed1.pcf,dhfma,1,249688,66
random_n100_rho0.6_strongly-corr_seed1.pcf,hfma,2,221372,66
random_n100_rho0.6_strongly-corr_seed1.pcf,dhfma,2,233670,66
random_n100_rho0.6_strongly-corr_seed2.pcf,hfma,0,275750,70
random_n100_rho0.6_strongly-corr_seed2.pcf,dhfma,0,273385,70
random_n100_rho0.6_strongly-corr_seed2.pcf,hfma,1,229868,70
random_n100_rho0.6_strongly-corr_seed2.pcf,dhfma,1,233581,70
random_n100_rho0.6_strongly-corr_seed2.pcf,hfma,2,220855,70
random_n100_rho0.6_strongly-corr_seed2.pcf,dhfma,2,203352,70
random_n100_rho0.6_strongly-corr_seed3.pcf,hfma,0,244907,63
random_n100_rho0.6_strongly-corr_seed3.pcf,dhfma,0,266287,63
random_n100_rho0.6_strongly-corr_seed3.pcf,hfma,1,191548,63
random_n100_rho0.6_strongly-corr_seed3.pcf,dhfma,1,215170,63
random_n100_rho0.6_strongly-corr_seed3.pcf,hfma,2,172420,63
random_n100_rho0.6_strongly-corr_seed3.pcf,dhfma,2,194373,63
random_n100_rho0.6_strongly-corr_seed4.pcf,hfma,0,358426,69
random_n100_rho0.6_strongly-corr_seed4.pcf,dhfma,0,351552,69
random_n100_rho0.6_strongly-corr_seed4.pcf,hfma,1,259191,69
random_n100_rho0.6_strongly-corr_seed4.pcf,dhfma,1,302642,69
random_n100_rho0.6_strongly-corr_seed4.pcf,hfma,2,236545,69
random_n100_rho0.6_strongly-corr_seed4.pcf,dhfma,2,251306,69
random_n100_rho0.6_strongly-corr_seed5.pcf,hfma,0,274512,73
random_n100_rho0.6_strongly-corr_seed5.pcf,dhfma,0,279260,73
random_n100_rho0.6_strongly-corr_seed5.pcf,hfma,1,218920,73
random_n100_rho0.6_strongly-corr_seed5.pcf,dhfma,1,257415,73
random_n100_rho0.6_strongly-corr_seed5.pcf,hfma,2,212465,73
random_n100_rho0.6_strongly-corr_seed5.pcf,dhfma,2,234435,73
random_n100_rho0.6_strongly-corr_seed6.pcf,hfma,0,273217,74
random_n100_rho0.6_strongly-corr_seed6.pcf,dhfma,0,267619,74
random_n100_rho0.6_strongly-corr_seed6.pcf,hfma,1,217266,74
random_n100_rho0.6_strongly-corr_seed6.pcf,dhfma,1,215538,74
random_n100_rho0.6_strongly-corr_seed6.pcf,hfma,2,197134,74
random_n100_rho0.6_strongly-corr_seed6.pcf,dhfma,2,195561,74
random_n100_rho0.6_strongly-corr_seed7.pcf,hfma,0,284526,67
random_n100_rho0.6_strongly-corr_seed7.pcf,dhfma,0,269652,67
random_n100_rho0.6_strongly-corr_seed7.pcf,hfma,1,231506,67
random_n100_rho0.6_strongly-corr_seed7.pcf,dhfma,1,231938,67
random_n100_rho0.6_strongly-corr_seed7.pcf,hfma,2,207319,67
random_n100_rho0.6_strongly-corr_seed7.pcf,dhfma,2,216047,67
random_n100_rho0.6_strongly-corr_seed8.pcf,hfma,0,252829,75
random_n100_rho0.6_strongly-corr_seed8.pcf,dhfma,0,280782,75
random_n100_rho0.6_strongly-corr_seed8.pcf,hfma,1,215225,75
random_n100_rho0.6_strongly-corr_seed8.pcf,dhfma,1,226590,75
random_n100_rho0.6_strongly-corr_seed8.pcf,hfma,2,185472,75
random_n100_rho0.6_strongly-corr_seed8.pcf,dhfma,2,207658,75
random_n100_rho0.6_strongly-corr_seed9.pcf,hfma,0,297276,61
random_n100_rho0.6_strongly-corr_seed9.pcf,dhfma,0,273514,61
random_n100_rho0.6_strongly-corr_seed9.pcf,hfma,1,248522,61
random_n100_rho0.6_strongly-corr_seed9.pcf,dhfma,1,256679,61
random_n100_rho0.6_strongly-corr_seed9.pcf,hfma,2,223105,61
random_n100_rho0.6_strongly-corr_seed9.pcf,dhfma,2,235277,61
random_n100_rho0.6_uncorr-neg_seed0.pcf,hfma,0,426549,65
random_n100_rho0.6_uncorr-neg_seed0.pcf,dhfma,0,349011,65
random_n100_rho0.6_uncorr-neg_seed0.pcf,hfma,1,293278,65
random_n100_rho0.6_uncorr-neg_seed0.pcf,dhfma,1,299383,65
random_n100_rho0.6_uncorr-neg_seed0.pcf,hfma,2,253481,65
random_n100_rho0.6_uncorr-neg_seed0.pcf,dhfma,2,275740,65
random_n100_rho0.6_uncorr-neg_seed1.pcf,hfma,0,270569,75
random_n100_rho0.6_uncorr-neg_seed1.pcf,dhfma,0,256481,75
random_n100_rho0.6_uncorr-neg_seed1.pcf,hfma,1,215966,75
random_n100_rho0.6_uncorr-neg_seed1.pcf,dhfma,1,228466,75
random_n100_rho0.6_uncorr-neg_seed1.pcf,hfma,2,188552,75
random_n100_rho0.6_uncorr-neg_seed1.pcf,dhfma,2,187777,75
random_n100_rho0.6_uncorr-neg_seed2.pcf,hfma,0,261605,79
random_n100_rho0.6_uncorr-neg_seed2.pcf,dhfma,0,280170,79
random_n100_rho0.6_uncorr-neg_seed2.pcf,hfma,1,208618,79
random_n100_rho0.6_uncorr-neg_seed2.pcf,dhfma,1,225488,79
random_n100_rho0.6_uncorr-neg_seed2.pcf,hfma,2,189867,79
random_n100_rho0.6_uncorr-neg_seed2.pcf,dhfma,2,337929,79
random_n100_rho0.6_uncorr-neg_seed3.pcf,hfma,0,448084,73
random_n100_rho0.6_uncorr-neg_seed3.pcf,dhfma,0,380848,73
random_n100_rho0.6_uncorr-neg_seed3.pcf,hfma,1,318831,73
random_n100_rho0.6_uncorr-neg_seed3.pcf,dhfma,1,351045,73
random_n100_rho0.6_uncorr-neg_seed3.pcf,hfma,2,292753,73
random_n100_rho0.6_uncorr-neg_seed3.pcf,dhfma,2,347740,73
random_n100_rho0.6_uncorr-neg_seed4.pcf,hfma,0,427460,68
random_n100_rho0.6_uncorr-neg_seed4.pcf,dhfma,0,455681,68
random_n100_rho0.6_uncorr-neg_seed4.pcf,hfma,1,359213,68
random_n100_rho0.6_uncorr-neg_seed4.pcf,dhfma,1,389138,68
random_n100_rho0.6_uncorr-neg_seed4.pcf,hfma,2,328396,68
random_n100_rho0.6_uncorr-neg_seed4.pcf,dhfma,2,371630,68
random_n100_rho0.6_uncorr-neg_seed5.pcf,hfma,0,291322,68
random_n100_rho0.6_uncorr-neg_seed5.pcf,dhfma,0,370867,68
random_n100_rho0.6_uncorr-neg_seed5.pcf,hfma,1,252289,68
random_n100_rho0.6_uncorr-neg_seed5.pcf,dhfma,1,265760,68
random_n100_rho0.6_uncorr-neg_seed5.pcf,hfma,2,217586,68
random_n100_rho0.6_uncorr-neg_seed5.pcf,dhfma,2,234078,68
random_n100_rho0.6_uncorr-neg_seed6.pcf,hfma,0,251867,71
random_n100_rho0.6_uncorr-neg_seed6.pcf,dhfma,0,291220,71
random_n100_rho0.6_uncorr-neg_seed6.pcf,hfma,1,197445,71
random_n100_rho0.6_uncorr-neg_seed6.pcf,dhfma,1,232278,71
random_n100_rho0.6_uncorr-neg_seed6.pcf,hfma,2,174007,71
random_n100_rho0.6_uncorr-neg_seed6.pcf,dhfma,2,221148,71
random_n100_rho0.6_uncorr-neg_seed7.pcf,hfma,0,368916,66
random_n100_rho0.6_uncorr-neg_seed7.pcf,dhfma,0,422873,66
random_n100_rho0.6_uncorr-neg_seed7.pcf,hfma,1,338312,66
random_n100_rho0.6_uncorr-neg_seed7.pcf,dhfma,1,396913,66
random_n100_rho0.6_uncorr-neg_seed7.pcf,hfma,2,332138,66
random_n100_rho0.6_uncorr-neg_seed7.pcf,dhfma,2,388652,66
random_n100_rho0.6_uncorr-neg_seed8.pcf,hfma,0,325714,75
random_n100_rho0.6_uncorr-neg_seed8.pcf,dhfma,0,317159,75
random_n100_rho0.6_uncorr-neg_seed8.pcf,hfma,1,252226,75
random_n100_rho0.6_uncorr-neg_seed8.pcf,dhfma,1,338006,75
random_n100_rho0.6_uncorr-neg_seed8.pcf,hfma,2,277620,75
random_n100_rho0.6_uncorr-neg_seed8.pcf,dhfma,2,262563,75
random_n100_rho0.6_uncorr-neg_seed9.pcf,hfma,0,272309,66
random_n100_rho0.6_uncorr-neg_seed9.pcf,dhfma,0,277799,66
random_n100_rho0.6_uncorr-neg_seed9.pcf,hfma,1,224064,66
random_n100_rho0.6_uncorr-neg_seed9.pcf,dhfma,1,231542,66
random_n100_rho0.6_uncorr-neg_seed9.pcf,hfma,2,189659,66
random_n100_rho0.6_uncorr-neg_seed9.pcf,dhfma,2,206048,66
random_n100_rho0.6_uncorr_seed0.pcf,hfma,0,383360,63
random_n100_rho0.6_uncorr_seed0.pcf,dhfma,0,437967,63
random_n100_rho0.6_uncorr_seed0.pcf,hfma,1,376453,63
random_n100_rho0.6_uncorr_seed0.pcf,dhfma,1,427441,63
random_n100_rho0.6_uncorr_seed0.pcf,hfma,2,336734,63
random_n100_rho0.6_uncorr_seed0.pcf,dhfma,2,371499,63
random_n100_rho0.6_uncorr_seed1.pcf,hfma,0,313882,69
random_n100_rho0.6_uncorr_seed1.pcf,dhfma,0,343447,69
random_n100_rho0.6_uncorr_seed1.pcf,hfma,1,251732,69
random_n100_rho0.6_uncorr_seed1.pcf,dhfma,1,288488,69
random_n100_rho0.6_uncorr_seed1.pcf,hfma,2,235618,69
random_n100_rho0.6_uncorr_seed1.pcf,dhfma,2,295257,69
random_n100_rho0.6_uncorr_seed2.pcf,hfma,0,284149,76
random_n100_rho0.6_uncorr_seed2.pcf,dhfma,0,275900,76
random_n100_rho0.6_uncorr_seed2.pcf,hfma,1,209076,76
random_n100_rho0.6_uncorr_seed2.pcf,dhfma,1,256477,76
random_n100_rho0.6_uncorr_seed2.pcf,hfma,2,202474,76
random_n100_rho0.6_uncorr_seed2.pcf,dhfma,2,237393,76
random_n100_rho0.6_uncorr_seed3.pcf,hfma,0,331314,76
random_n100_rho0.6_uncorr_seed3.pcf,dhfma,0,324805,76
random_n100_rho0.6_uncorr_seed3.pcf,hfma,1,255645,76
random_n100_rho0.6_uncorr_seed3.pcf,dhfma,1,305572,76
random_n100_rho0.6_uncorr_seed3.pcf,hfma,2,253585,76
random_n100_rho0.6_uncorr_seed3.pcf,dhfma,2,260187,76
random_n100_rho0.6_uncorr_seed4.pcf,hfma,0,374945,72
random_n100_rho0.6_uncorr_seed4.pcf,dhfma,0,370027,72
random_n100_rho0.6_uncorr_seed4.pcf,hfma,1,315189,72
random_n100_rho0.6_uncorr_seed4.pcf,dhfma,1,358255,72
random_n100_rho0.6_uncorr_seed4.pcf,hfma,2,310750,72
random_n100_rho0.6_uncorr_seed4.pcf,dhfma,2,350091,72
random_n100_rho0.6_uncorr_seed5.pcf,hfma,0,282945,76
random_n100_rho0.6_uncorr_seed5.pcf,dhfma,0,293356,76
random_n100_rho0.6_uncorr_seed5.pcf,hfma,1,228347,76
random_n100_rho0.6_uncorr_seed5.pcf,dhfma,1,260458,76
random_n100_rho0.6_uncorr_seed5.pcf,hfma,2,281810,76
random_n100_rho0.6_uncorr_seed5.pcf,dhfma,2,257912,76
random_n100_rho0.6_uncorr_seed6.pcf,hfma,0,320851,72
random_n100_rho0.6_uncorr_seed6.pcf,dhfma,0,301013,72
random_n100_rho0.6_uncorr_seed6.pcf,hfma,1,269983,72
random_n100_rho0.6_uncorr_seed6.pcf,dhfma,1,254036,72
random_n100_rho0.6_uncorr_seed6.pcf,hfma,2,233475,72
random_n100_rho0.6_uncorr_seed6.pcf,dhfma,2,239108,72
random_n100_rho0.6_uncorr_seed7.pcf,hfma,0,343263,63
random_n100_rho0.6_uncorr_seed7.pcf,dhfma,0,362853,63
random_n100_rho0.6_uncorr_seed7.pcf,hfma,1,315948,63
random_n100_rho0.6_uncorr_seed7.pcf,dhfma,1,334320,63
random_n100_rho0.6_uncorr_seed7.pcf,hfma,2,298277,63
random_n100_rho0.6_uncorr_seed7.pcf,dhfma,2,367631,63
random_n100_rho0.6_uncorr_seed8.pcf,hfma,0,348028,66
random_n100_rho0.6_uncorr_seed8.pcf,dhfma,0,341810,66
random_n100_rho0.6_uncorr_seed8.pcf,hfma,1,293494,66
random_n100_rho0.6_uncorr_seed8.pcf,dhfma,1,329234,66
random_n100_rho0.6_uncorr_seed8.pcf,hfma,2,288177,66
random_n100_rho0.6_uncorr_seed8.pcf,dhfma,2,310508,66
random_n100_rho0.6_uncorr_seed9.pcf,hfma,0,336278,71
random_n100_rho0.6_uncorr_seed9.pcf,dhfma,0,367491,71
random_n100_rho0.6_uncorr_seed9.pcf,hfma,1,266163,71
random_n100_rho0.6_uncorr_seed9.pcf,dhfma,1,310532,71
random_n100_rho0.6_uncorr_seed9.pcf,hfma,2,259656,71
random_n100_rho0.6_uncorr_seed9.pcf,dhfma,2,287836,71
random_n100_rho0.6_weakly-corr-neg_seed0.pcf,hfma,0,495062,62
random_n100_rho0.6_weakly-corr-neg_seed0.pcf,dhfma,0,461392,62
random_n100_rho0.6_weakly-corr-neg_seed0.pcf,hfma,1,424668,62
random_n100_rho0.6_weakly-corr-neg_seed0.pcf,dhfma,1,419967,62
random_n100_rho0.6_weakly-corr-neg_seed0.pcf,hfma,2,436895,62
random_n100_rho0.6_weakly-corr-neg_seed0.pcf,dhfma,2,399745,62
random_n100_rho0.6_weakly-corr-neg_seed1.pcf,hfma,0,287509,74
random_n100_rho0.6_weakly-corr-neg_seed1.pcf,dhfma,0,373368,74
random_n100_rho0.6_weakly-corr-neg_seed1.pcf,hfma,1,249937,74
random_n100_rho0.6_weakly-corr-neg_seed1.pcf,dhfma,1,322088,74
random_n100_rho0.6_weakly-corr-neg_seed1.pcf,hfma,2,244058,74
random_n100_rho0.6_weakly-corr-neg_seed1.pcf,dhfma,2,320197,74
random_n100_rho0.6_weakly-corr-neg_seed2.pcf,hfma,0,259736,73
random_n100_rho0.6_weakly-corr-neg_seed2.pcf,dhfma,0,280895,73
random_n100_rho0.6_weakly-corr-neg_seed2.pcf,hfma,1,222471,73
random_n100_rho0.6_weakly-corr-neg_seed2.pcf,dhfma,1,252837,73
random_n100_rho0.6_weakly-corr-neg_seed2.pcf,hfma,2,192221,73
random_n100_rho0.6_weakly-corr-neg_seed2.pcf,dhfma,2,208841,73
random_n100_rho0.6_weakly-corr-neg_seed3.pcf,hfma,0,312161,61
random_n100_rho0.6_weakly-corr-neg_seed3.pcf,dhfma,0,456321,61
random_n100_rho0.6_weakly-corr-neg_seed3.pcf,hfma,1,279229,61
random_n100_rho0.6_weakly-corr-neg_seed3.pcf,dhfma,1,299973,61
random_n100_rho0.6_weakly-corr-neg_seed3.pcf,hfma,2,234154,61
random_n100_rho0.6_weakly-corr-neg_seed3.pcf,dhfma,2,290844,61
random_n100_rho0.6_weakly-corr-neg_seed4.pcf,hfma,0,341043,81
random_n100_rho0.6_weakly-corr-neg_seed4.pcf,dhfma,0,347467,81
random_n100_rho0.6_weakly-corr-neg_seed4.pcf,hfma,1,298273,81
random_n100_rho0.6_weakly-corr-neg_seed4.pcf,dhfma,1,292160,81
random_n100_rho0.6_weakly-corr-neg_seed4.pcf,hfma,2,303574,81
random_n100_rho0.6_weakly-corr-neg_seed4.pcf,dhfma,2,289372,81
random_n100_rho0.6_weakly-corr-neg_seed5.pcf,hfma,0,275145,78
random_n100_rho0.6_weakly-corr-neg_seed5.pcf,dhfma,0,311574,78
random_n100_rho0.6_weakly-corr-neg_seed5.pcf,hfma,1,238416,78
random_n100_rho0.6_weakly-corr-neg_seed5.pcf,dhfma,1,271557,78
random_n100_rho0.6_weakly-corr-neg_seed5.pcf,hfma,2,228802,78
random_n100_rho0.6_weakly-corr-neg_seed5.pcf,dhfma,2,333391,78
random_n100_rho0.6_weakly-corr-neg_seed6.pcf,hfma,0,355240,70
random_n100_rho0.6_weakly-corr-neg_seed6.pcf,dhfma,0,375517,70
random_n100_rho0.6_weakly-corr-neg_seed6.pcf,hfma,1,298925,70
random_n100_rho0.6_weakly-corr-neg_seed6.pcf,dhfma,1,352713,70
random_n100_rho0.6_weakly-corr-neg_seed6.pcf,hfma,2,286241,70
random_n100_rho0.6_weakly-corr-neg_seed6.pcf,dhfma,2,355398,70
random_n100_rho0.6_weakly-corr-neg_seed7.pcf,hfma,0,284917,67
random_n100_rho0.6_weakly-corr-neg_seed7.pcf,dhfma,0,344055,67
random_n100_rho0.6_weakly-corr-neg_seed7.pcf,hfma,1,285438,67
random_n100_rho0.6_weakly-corr-neg_seed7.pcf,dhfma,1,283333,67
random_n100_rho0.6_weakly-corr-neg_seed7.pcf,hfma,2,279639,67
random_n100_rho0.6_weakly-corr-neg_seed7.pcf,dhfma,2,259251,67
random_n100_rho0.6_weakly-corr-neg_seed8.pcf,hfma,0,291378,72
random_n100_rho0.6_weakly-corr-neg_seed8.pcf,dhfma,0,338602,72
random_n100_rho0.6_weakly-corr-neg_seed8.pcf,hfma,1,253539,72
random_n100_rho0.6_weakly-corr-neg_seed8.pcf,dhfma,1,319516,72
random_n100_rho0.6_weakly-corr-neg_seed8.pcf,hfma,2,245513,72
random_n100_rho0.6_weakly-corr-neg_seed8.pcf,dhfma,2,302136,72
random_n100_rho0.6_weakly-corr-neg_seed9.pcf,hfma,0,284191,71
random_n100_rho0.6_weakly-corr-neg_seed9.pcf,dhfma,0,381511,71
random_n100_rho0.6_weakly-corr-neg_seed9.pcf,hfma,1,251433,71
random_n100_rho0.6_weakly-corr-neg_seed9.pcf,dhfma,1,231868,71
random_n100_rho0.6_weakly-corr-neg_seed9.pcf,hfma,2,221967,71
random_n100_rho0.6_weakly-corr-neg_seed9.pcf,dhfma,2,189059,71
random_n100_rho0.6_weakly-corr_seed0.pcf,hfma,0,335432,72
random_n100_rho0.6_weakly-corr_seed0.pcf,dhfma,0,327593,72
random_n100_rho0.6_weakly-corr_seed0.pcf,hfma,1,292071,72
random_n100_rho0.6_weakly-corr_seed0.pcf,dhfma,1,316853,72
random_n100_rho0.6_weakly-corr_seed0.pcf,hfma,2,279353,72
random_n100_rho0.6_weakly-corr_seed0.pcf,dhfma,2,273986,72
random_n100_rho0.6_weakly-corr_seed1.pcf,hfma,0,139812,73
random_n100_rho0.6_weakly-corr_seed1.pcf,dhfma,0,150176,73
random_n100_rho0.6_weakly-corr_seed1.pcf,hfma,1,112593,73
random_n100_rho0.6_weakly-corr_seed1.pcf,dhfma,1,135194,73
random_n100_rho0.6_weakly-corr_seed1.pcf,hfma,2,102703,73
random_n100_rho0.6_weakly-corr_seed1.pcf,dhfma,2,127791,73
random_n100_rho0.6_weakly-corr_seed2.pcf,hfma,0,236163,77
random_n100_rho0.6_weakly-corr_seed2.pcf,dhfma,0,254208,77
random_n100_rho0.6_weakly-corr_seed2.pcf,hfma,1,220102,77
random_n100_rho0.6_weakly-corr_seed2.pcf,dhfma,1,231228,77
random_n100_rho0.6_weakly-corr_seed2.pcf,hfma,2,196663,77
random_n100_rho0.6_weakly-corr_seed2.pcf,dhfma,2,226760,77
random_n100_rho0.6_weakly-corr_seed3.pcf,hfma,0,244692,74
random_n100_rho0.6_weakly-corr_seed3.pcf,dhfma,0,264506,74
random_n100_rho0.6_weakly-corr_seed3.pcf,hfma,1,207713,74
random_n100_rho0.6_weakly-corr_seed3.pcf,dhfma,1,218304,74
random_n100_rho0.6_weakly-corr_seed3.pcf,hfma,2,173767,74
random_n100_rho0.6_weakly-corr_seed3.pcf,dhfma,2,204914,74
random_n100_rho0.6_weakly-corr_seed4.pcf,hfma,0,161461,65
random_n100_rho0.6_weakly-corr_seed4.pcf,dhfma,0,166383,65
random_n100_rho0.6_weakly-corr_seed4.pcf,hfma,1,136271,65
random_n100_rho0.6_weakly-corr_seed4.pcf,dhfma,1,140953,65
random_n100_rho0.6_weakly-corr_seed4.pcf,hfma,2,118496,65
random_n100_rho0.6_weakly-corr_seed4.pcf,dhfma,2,134036,65
random_n100_rho0.6_weakly-corr_seed5.pcf,hfma,0,149162,74
random_n100_rho0.6_weakly-corr_seed5.pcf,dhfma,0,173203,74
random_n100_rho0.6_weakly-corr_seed5.pcf,hfma,1,122096,74
random_n100_rho0.6_weakly-corr_seed5.pcf,dhfma,1,143452,74
random_n100_rho0.6_weakly-corr_seed5.pcf,hfma,2,166004,74
random_n100_rho0.6_weakly-corr_seed5.pcf,dhfma,2,120148,74
random_n100_rho0.6_weakly-corr_seed6.pcf,hfma,0,124777,71
random_n100_rho0.6_weakly-corr_seed6.pcf,dhfma,0,123386,71
random_n100_rho0.6_weakly-corr_seed6.pcf,hfma,1,97473,71
random_n100_rho0.6_weakly-corr_seed6.pcf,dhfma,1,105245,71
random_n100_rho0.6_weakly-corr_seed6.pcf,hfma,2,86902,71
random_n100_rho0.6_weakly-corr_seed6.pcf,dhfma,2,101303,71
random_n100_rho0.6_weakly-corr_seed7.pcf,hfma,0,241796,66
random_n100_rho0.6_weakly-corr_seed7.pcf,dhfma,0,224837,66
random_n100_rho0.6_weakly-corr_seed7.pcf,hfma,1,197415,66
random_n100_rho0.6_weakly-corr_seed7.pcf,dhfma,1,196828,66
random_n100_rho0.6_weakly-corr_seed7.pcf,hfma,2,190702,66
random_n100_rho0.6_weakly-corr_seed7.pcf,dhfma,2,185521,66
random_n100_rho0.6_weakly-corr_seed8.pcf,hfma,0,130634,79
random_n100_rho0.6_weakly-corr_seed8.pcf,dhfma,0,146758,79
random_n100_rho0.6_weakly-corr_seed8.pcf,hfma,1,124881,79
random_n100_rho0.6_weakly-corr_seed8.pcf,dhfma,1,134806,79
random_n100_rho0.6_weakly-corr_seed8.pcf,hfma,2,120874,79
random_n100_rho0.6_weakly-corr_seed8.pcf,dhfma,2,132960,79
random_n100_rho0.6_weakly-corr_seed9.pcf,hfma,0,162150,66
random_n100_rho0.6_weakly-corr_seed9.pcf,dhfma,0,161840,66
random_n100_rho0.6_weakly-corr_seed9.pcf,hfma,1,120959,66
random_n100_rho0.6_weakly-corr_seed9.pcf,dhfma,1,134982,66
random_n100_rho0.6_weakly-corr_seed9.pcf,hfma,2,112211,66
random_n100_rho0.6_weakly-corr_seed9.pcf,dhfma,2,124139,66
random_n100_rho0.9_strongly-corr-neg_seed0.pcf,hfma,0,178695,62
random_n100_rho0.9_strongly-corr-neg_seed0.pcf,dhfma,0,178445,62
random_n100_rho0.9_strongly-corr-neg_seed0.pcf,hfma,1,166903,62
random_n100_rho0.9_strongly-corr-neg_seed0.pcf,dhfma,1,166468,62
random_n100_rho0.9_strongly-corr-neg_seed0.pcf,hfma,2,164560,62
random_n100_rho0.9_strongly-corr-neg_seed0.pcf,dhfma,2,164948,62
random_n100_rho0.9_strongly-corr-neg_seed1.pcf,hfma,0,480846,57
random_n100_rho0.9_strongly-corr-neg_seed1.pcf,dhfma,0,509803,57
random_n100_rho0.9_strongly-corr-neg_seed1.pcf,hfma,1,336933,57
random_n100_rho0.9_strongly-corr-neg_seed1.pcf,dhfma,1,314506,57
random_n100_rho0.9_strongly-corr-neg_seed1.pcf,hfma,2,329603,57
random_n100_rho0.9_strongly-corr-neg_seed1.pcf,dhfma,2,318136,57
random_n100_rho0.9_strongly-corr-neg_seed2.pcf,hfma,0,371549,58
random_n100_rho0.9_strongly-corr-neg_seed2.pcf,dhfma,0,380319,58
random_n100_rho0.9_strongly-corr-neg_seed2.pcf,hfma,1,404636,58
random_n100_rho0.9_strongly-corr-neg_seed2.pcf,dhfma,1,407322,58
random_n100_rho0.9_strongly-corr-neg_seed2.pcf,hfma,2,382875,58
random_n100_rho0.9_strongly-corr-neg_seed2.pcf,dhfma,2,359646,58
random_n100_rho0.9_strongly-corr-neg_seed3.pcf,hfma,0,579578,52
random_n100_rho0.9_strongly-corr-neg_seed3.pcf,dhfma,0,504831,52
random_n100_rho0.9_strongly-corr-neg_seed3.pcf,hfma,1,480120,52
random_n100_rho0.9_strongly-corr-neg_seed3.pcf,dhfma,1,423889,52
random_n100_rho0.9_strongly-corr-neg_seed3.pcf,hfma,2,444024,52
random_n100_rho0.9_strongly-corr-neg_seed3.pcf,dhfma,2,379958,52
random_n100_rho0.9_strongly-corr-neg_seed4.pcf,hfma,0,458504,60
random_n100_rho0.9_strongly-corr-neg_seed4.pcf,dhfma,0,438165,60
random_n100_rho0.9_strongly-corr-neg_seed4.pcf,hfma,1,320107,60
random_n100_rho0.9_strongly-corr-neg_seed4.pcf,dhfma,1,343735,60
random_n100_rho0.9_strongly-corr-neg_seed4.pcf,hfma,2,287208,60
random_n100_rho0.9_strongly-corr-neg_seed4.pcf,dhfma,2,341906,60
random_n100_rho0.9_strongly-corr-neg_seed5.pcf,hfma,0,574741,61
random_n100_rho0.9_strongly-corr-neg_seed5.pcf,dhfma,0,495599,61
random_n100_rho0.9_strongly-corr-neg_seed5.pcf,hfma,1,488750,61
random_n100_rho0.9_strongly-corr-neg_seed5.pcf,dhfma,1,446615,61
random_n100_rho0.9_strongly-corr-neg_seed5.pcf,hfma,2,469260,61
random_n100_rho0.9_strongly-corr-neg_seed5.pcf,dhfma,2,428852,61
random_n100_rho0.9_strongly-corr-neg_seed6.pcf,hfma,0,463541,57
random_n100_rho0.9_strongly-corr-neg_seed6.pcf,dhfma,0,441761,57
random_n100_rho0.9_strongly-corr-neg_seed6.pcf,hfma,1,429139,57
random_n100_rho0.9_strongly-corr-neg_seed6.pcf,dhfma,1,394084,57
random_n100_rho0.9_strongly-corr-neg_seed6.pcf,hfma,2,377365,57
random_n100_rho0.9_strongly-corr-neg_seed6.pcf,dhfma,2,376106,57
random_n100_rho0.9_strongly-corr-neg_seed7.pcf,hfma,0,870640,49
random_n100_rho0.9_strongly-corr-neg_seed7.pcf,dhfma,0,729969,49
random_n100_rho0.9_strongly-corr-neg_seed7.pcf,hfma,1,725079,49
random_n100_rho0.9_strongly-corr-neg_seed7.pcf,dhfma,1,706312,49
random_n100_rho0.9_strongly-corr-neg_seed7.pcf,hfma,2,628703,49
random_n100_rho0.9_strongly-corr-neg_seed7.pcf,dhfma,2,555748,49
random_n100_rho0.9_strongly-corr-neg_seed8.pcf,hfma,0,486169,53
random_n100_rho0.9_strongly-corr-neg_seed8.pcf,dhfma,0,474339,53
random_n100_rho0.9_strongly-corr-neg_seed8.pcf,hfma,1,415379,53
random_n100_rho0.9_strongly-corr-neg_seed8.pcf,dhfma,1,429340,53
random_n100_rho0.9_strongly-corr-neg_seed8.pcf,hfma,2,395778,53
random_n100_rho0.9_strongly-corr-neg_seed8.pcf,dhfma,2,416482,53
random_n100_rho0.9_strongly-corr-neg_seed9.pcf,hfma,0,551070,55
random_n100_rho0.9_strongly-corr-neg_seed9.pcf,dhfma,0,469142,55
random_n100_rho0.9_strongly-corr-neg_seed9.pcf,hfma,1,460051,55
random_n100_rho0.9_strongly-corr-neg_seed9.pcf,dhfma,1,402056,55
random_n100_rho0.9_strongly-corr-neg_seed9.pcf,hfma,2,416759,55
random_n100_rho0.9_strongly-corr-neg_seed9.pcf,dhfma,2,422560,55
random_n100_rho0.9_strongly-corr_seed0.pcf,hfma,0,620084,62
random_n100_rho0.9_strongly-corr_seed0.pcf,dhfma,0,566641,62
random_n100_rho0.9_strongly-corr_seed0.pcf,hfma,1,539802,62
random_n100_rho0.9_strongly-corr_seed0.pcf,dhfma,1,579506,62
random_n100_rho0.9_strongly-corr_seed0.pcf,hfma,2,518367,62
random_n100_rho0.9_strongly-corr_seed0.pcf,dhfma,2,545899,62
random_n100_rho0.9_strongly-corr_seed1.pcf,hfma,0,674665,49
random_n100_rho0.9_strongly-corr_seed1.pcf,dhfma,0,452176,49
random_n100_rho0.9_strongly-corr_seed1.pcf,hfma,1,406401,49
random_n100_rho0.9_strongly-corr_seed1.pcf,dhfma,1,452688,49
random_n100_rho0.9_strongly-corr_seed1.pcf,hfma,2,404974,49
random_n100_rho0.9_strongly-corr_seed1.pcf,dhfma,2,463725,49
random_n100_rho0.9_strongly-corr_seed2.pcf,hfma,0,321613,55
random_n100_rho0.9_strongly-corr_seed2.pcf,dhfma,0,327824,55
random_n100_rho0.9_strongly-corr_seed2.pcf,hfma,1,279174,55
random_n100_rho0.9_strongly-corr_seed2.pcf,dhfma,1,295570,55
random_n100_rho0.9_strongly-corr_seed2.pcf,hfma,2,270563,55
random_n100_rho0.9_strongly-corr_seed2.pcf,dhfma,2,318477,55
random_n100_rho0.9_strongly-corr_seed3.pcf,hfma,0,633524,53
random_n100_rho0.9_strongly-corr_seed3.pcf,dhfma,0,441373,53
random_n100_rho0.9_strongly-corr_seed3.pcf,hfma,1,487265,53
random_n100_rho0.9_strongly-corr_seed3.pcf,dhfma,1,385898,53
random_n100_rho0.9_strongly-corr_seed3.pcf,hfma,2,434009,53
random_n100_rho0.9_strongly-corr_seed3.pcf,dhfma,2,368447,53
random_n100_rho0.9_strongly-corr_seed4.pcf,hfma,0,427657,49
random_n100_rho0.9_strongly-corr_seed4.pcf,dhfma,0,307749,49
random_n100_rho0.9_strongly-corr_seed4.pcf,hfma,1,296578,49
random_n100_rho0.9_strongly-corr_seed4.pcf,dhfma,1,310399,49
random_n100_rho0.9_strongly-corr_seed4.pcf,hfma,2,298750,49
random_n100_rho0.9_strongly-corr_seed4.pcf,dhfma,2,304856,49
random_n100_rho0.9_strongly-corr_seed5.pcf,hfma,0,419811,57
random_n100_rho0.9_strongly-corr_seed5.pcf,dhfma,0,402895,57
random_n100_rho0.9_strongly-corr_seed5.pcf,hfma,1,357553,57
random_n100_rho0.9_strongly-corr_seed5.pcf,dhfma,1,407946,57
random_n100_rho0.9_strongly-corr_seed5.pcf,hfma,2,349919,57
random_n100_rho0.9_strongly-corr_seed5.pcf,dhfma,2,392079,57
random_n100_rho0.9_strongly-corr_seed6.pcf,hfma,0,774604,51
random_n100_rho0.9_strongly-corr_seed6.pcf,dhfma,0,706251,51
random_n100_rho0.9_strongly-corr_seed6.pcf,hfma,1,787837,51
random_n100_rho0.9_strongly-corr_seed6.pcf,dhfma,1,687736,51
random_n100_rho0.9_strongly-corr_seed6.pcf,hfma,2,654656,51
random_n100_rho0.9_strongly-corr_seed6.pcf,dhfma,2,627138,51
random_n100_rho0.9_strongly-corr_seed7.pcf,hfma,0,508623,53
random_n100_rho0.9_strongly-corr_seed7.pcf,dhfma,0,488592,53
random_n100_rho0.9_strongly-corr_seed7.pcf,hfma,1,457144,53
random_n100_rho0.9_strongly-corr_seed7.pcf,dhfma,1,497867,53
random_n100_rho0.9_strongly-corr_seed7.pcf,hfma,2,567860,53
random_n100_rho0.9_strongly-corr_seed7.pcf,dhfma,2,509020,53
random_n100_rho0.9_strongly-corr_seed8.pcf,hfma,0,858657,51
random_n100_rho0.9_strongly-corr_seed8.pcf,dhfma,0,926852,51
random_n100_rho0.9_strongly-corr_seed8.pcf,hfma,1,685987,51
random_n100_rho0.9_strongly-corr_seed8.pcf,dhfma,1,797737,51
random_n100_rho0.9_strongly-corr_seed8.pcf,hfma,2,640623,51
random_n100_rho0.9_strongly-corr_seed8.pcf,dhfma,2,782921,51
random_n100_rho0.9_strongly-corr_seed9.pcf,hfma,0,729609,53
random_n100_rho0.9_strongly-corr_seed9.pcf,dhfma,0,613822,53
random_n100_rho0.9_strongly-corr_seed9.pcf,hfma,1,622372,53
random_n100_rho0.9_strongly-corr_seed9.pcf,dhfma,1,570547,53
random_n100_rho0.9_strongly-corr_seed9.pcf,hfma,2,583961,53
random_n100_rho0.9_strongly-corr_seed9.pcf,dhfma,2,520524,53
random_n100_rho0.9_uncorr-neg_seed0.pcf,hfma,0,523758,58
random_n100_rho0.9_uncorr-neg_seed0.pcf,dhfma,0,519877,58
random_n100_rho0.9_uncorr-neg_seed0.pcf,hfma,1,447504,58
random_n100_rho0.9_uncorr-neg_seed0.pcf,dhfma,1,455914,58
random_n100_rho0.9_uncorr-neg_seed0.pcf,hfma,2,388329,58
random_n100_rho0.9_uncorr-neg_seed0.pcf,dhfma,2,428476,58
random_n100_rho0.9_uncorr-neg_seed1.pcf,hfma,0,651779,50
random_n100_rho0.9_uncorr-neg_seed1.pcf,dhfma,0,779566,50
random_n100_rho0.9_uncorr-neg_seed1.pcf,hfma,1,747616,50
random_n100_rho0.9_uncorr-neg_seed1.pcf,dhfma,1,649318,50
random_n100_rho0.9_uncorr-neg_seed1.pcf,hfma,2,547339,50
random_n100_rho0.9_uncorr-neg_seed1.pcf,dhfma,2,544275,50
random_n100_rho0.9_uncorr-neg_seed2.pcf,hfma,0,523135,61
random_n100_rho0.9_uncorr-neg_seed2.pcf,dhfma,0,550026,61
random_n100_rho0.9_uncorr-neg_seed2.pcf,hfma,1,450975,61
random_n100_rho0.9_uncorr-neg_seed2.pcf,dhfma,1,550013,61
random_n100_rho0.9_uncorr-neg_seed2.pcf,hfma,2,445136,61
random_n100_rho0.9_uncorr-neg_seed2.pcf,dhfma,2,526594,61
random_n100_rho0.9_uncorr-neg_seed3.pcf,hfma,0,553800,44
random_n100_rho0.9_uncorr-neg_seed3.pcf,dhfma,0,586007,44
random_n100_rho0.9_uncorr-neg_seed3.pcf,hfma,1,470627,44
random_n100_rho0.9_uncorr-neg_seed3.pcf,dhfma,1,531841,44
random_n100_rho0.9_uncorr-neg_seed3.pcf,hfma,2,462235,44
random_n100_rho0.9_uncorr-neg_seed3.pcf,dhfma,2,516889,44
random_n100_rho0.9_uncorr-neg_seed4.pcf,hfma,0,461526,57
random_n100_rho0.9_uncorr-neg_seed4.pcf,dhfma,0,516558,57
random_n100_rho0.9_uncorr-neg_seed4.pcf,hfma,1,408441,57
random_n100_rho0.9_uncorr-neg_seed4.pcf,dhfma,1,520636,57
random_n100_rho0.9_uncorr-neg_seed4.pcf,hfma,2,509783,57
random_n100_rho0.9_uncorr-neg_seed4.pcf,dhfma,2,429388,57
random_n100_rho0.9_uncorr-neg_seed5.pcf,hfma,0,727532,45
random_n100_rho0.9_uncorr-neg_seed5.pcf,dhfma,0,749599,45
random_n100_rho0.9_uncorr-neg_seed5.pcf,hfma,1,611502,45
random_n100_rho0.9_uncorr-neg_seed5.pcf,dhfma,1,644265,45
random_n100_rho0.9_uncorr-neg_seed5.pcf,hfma,2,583602,45
random_n100_rho0.9_uncorr-neg_seed5.pcf,dhfma,2,632528,45
random_n100_rho0.9_uncorr-neg_seed6.pcf,hfma,0,561546,56
random_n100_rho0.9_uncorr-neg_seed6.pcf,dhfma,0,492775,56
random_n100_rho0.9_uncorr-neg_seed6.pcf,hfma,1,489362,56
random_n100_rho0.9_uncorr-neg_seed6.pcf,dhfma,1,452233,56
random_n100_rho0.9_uncorr-neg_seed6.pcf,hfma,2,456026,56
random_n100_rho0.9_uncorr-neg_seed6.pcf,dhfma,2,470790,56
random_n100_rho0.9_uncorr-neg_seed7.pcf,hfma,0,609818,57
random_n100_rho0.9_uncorr-neg_seed7.pcf,dhfma,0,653858,57
random_n100_rho0.9_uncorr-neg_seed7.pcf,hfma,1,507292,57
random_n100_rho0.9_uncorr-neg_seed7.pcf,dhfma,1,613744,57
random_n100_rho0.9_uncorr-neg_seed7.pcf,hfma,2,499845,57
random_n100_rho0.9_uncorr-neg_seed7.pcf,dhfma,2,595749,57
random_n100_rho0.9_uncorr-neg_seed8.pcf,hfma,0,675635,65
random_n100_rho0.9_uncorr-neg_seed8.pcf,dhfma,0,661200,65
random_n100_rho0.9_uncorr-neg_seed8.pcf,hfma,1,570431,65
random_n100_rho0.9_uncorr-neg_seed8.pcf,dhfma,1,619628,65
random_n100_rho0.9_uncorr-neg_seed8.pcf,hfma,2,525789,65
random_n100_rho0.9_uncorr-neg_seed8.pcf,dhfma,2,614563,65
random_n100_rho0.9_uncorr-neg_seed9.pcf,hfma,0,626006,56
random_n100_rho0.9_uncorr-neg_seed9.pcf,dhfma,0,517185,56
random_n100_rho0.9_uncorr-neg_seed9.pcf,hfma,1,525786,56
random_n100_rho0.9_uncorr-neg_seed9.pcf,dhfma,1,477143,56
random_n100_rho0.9_uncorr-neg_seed9.pcf,hfma,2,509901,56
random_n100_rho0.9_uncorr-neg_seed9.pcf,dhfma,2,461341,56
random_n100_rho0.9_uncorr_seed0.pcf,hfma,0,594646,47
random_n100_rho0.9_uncorr_seed0.pcf,dhfma,0,654480,47
random_n100_rho0.9_uncorr_seed0.pcf,hfma,1,523025,47
random_n100_rho0.9_uncorr_seed0.pcf,dhfma,1,483958,47
random_n100_rho0.9_uncorr_seed0.pcf,hfma,2,423947,47
random_n100_rho0.9_uncorr_seed0.pcf,dhfma,2,446246,47
random_n100_rho0.9_uncorr_seed1.pcf,hfma,0,642369,56
random_n100_rho0.9_uncorr_seed1.pcf,dhfma,0,599662,56
random_n100_rho0.9_uncorr_seed1.pcf,hfma,1,566094,56
random_n100_rho0.9_uncorr_seed1.pcf,dhfma,1,579230,56
random_n100_rho0.9_uncorr_seed1.pcf,hfma,2,556125,56
random_n100_rho0.9_uncorr_seed1.pcf,dhfma,2,579233,56
random_n100_rho0.9_uncorr_seed2.pcf,hfma,0,285068,58
random_n100_rho0.9_uncorr_seed2.pcf,dhfma,0,327301,58
random_n100_rho0.9_uncorr_seed2.pcf,hfma,1,265753,58
random_n100_rho0.9_uncorr_seed2.pcf,dhfma,1,331138,58
random_n100_rho0.9_uncorr_seed2.pcf,hfma,2,273843,58
random_n100_rho0.9_uncorr_seed2.pcf,dhfma,2,337972,58
random_n100_rho0.9_uncorr_seed3.pcf,hfma,0,333388,50
random_n100_rho0.9_uncorr_seed3.pcf,dhfma,0,344185,50
random_n100_rho0.9_uncorr_seed3.pcf,hfma,1,287314,50
random_n100_rho0.9_uncorr_seed3.pcf,dhfma,1,303149,50
random_n100_rho0.9_uncorr_seed3.pcf,hfma,2,245334,50
random_n100_rho0.9_uncorr_seed3.pcf,dhfma,2,269582,50
random_n100_rho0.9_uncorr_seed4.pcf,hfma,0,323015,54
random_n100_rho0.9_uncorr_seed4.pcf,dhfma,0,356664,54
random_n100_rho0.9_uncorr_seed4.pcf,hfma,1,322457,54
random_n100_rho0.9_uncorr_seed4.pcf,dhfma,1,501416,54
random_n100_rho0.9_uncorr_seed4.pcf,hfma,2,357130,54
random_n100_rho0.9_uncorr_seed4.pcf,dhfma,2,382425,54
random_n100_rho0.9_uncorr_seed5.pcf,hfma,0,428202,57
random_n100_rho0.9_uncorr_seed5.pcf,dhfma,0,412542,57
random_n100_rho0.9_uncorr_seed5.pcf,hfma,1,436953,57
random_n100_rho0.9_uncorr_seed5.pcf,dhfma,1,413263,57
random_n100_rho0.9_uncorr_seed5.pcf,hfma,2,408987,57
random_n100_rho0.9_uncorr_seed5.pcf,dhfma,2,410229,57
random_n100_rho0.9_uncorr_seed6.pcf,hfma,0,429075,59
random_n100_rho0.9_uncorr_seed6.pcf,dhfma,0,479557,59
random_n100_rho0.9_uncorr_seed6.pcf,hfma,1,362033,59
random_n100_rho0.9_uncorr_seed6.pcf,dhfma,1,424981,59
random_n100_rho0.9_uncorr_seed6.pcf,hfma,2,344198,59
random_n100_rho0.9_uncorr_seed6.pcf,dhfma,2,378053,59
random_n100_rho0.9_uncorr_seed7.pcf,hfma,0,743196,51
random_n100_rho0.9_uncorr_seed7.pcf,dhfma,0,604553,51
random_n100_rho0.9_uncorr_seed7.pcf,hfma,1,643269,51
random_n100_rho0.9_uncorr_seed7.pcf,dhfma,1,556219,51
random_n100_rho0.9_uncorr_seed7.pcf,hfma,2,628969,51
random_n100_rho0.9_uncorr_seed7.pcf,dhfma,2,384514,51
random_n100_rho0.9_uncorr_seed8.pcf,hfma,0,555410,50
random_n100_rho0.9_uncorr_seed8.pcf,dhfma,0,691976,50
random_n100_rho0.9_uncorr_seed8.pcf,hfma,1,514519,50
random_n100_rho0.9_uncorr_seed8.pcf,dhfma,1,618006,50
random_n100_rho0.9_uncorr_seed8.pcf,hfma,2,518039,50
random_n100_rho0.9_uncorr_seed8.pcf,dhfma,2,605387,50
random_n100_rho0.9_uncorr_seed9.pcf,hfma,0,627446,55
random_n100_rho0.9_uncorr_seed9.pcf,dhfma,0,670315,55
random_n100_rho0.9_uncorr_seed9.pcf,hfma,1,545769,55
random_n100_rho0.9_uncorr_seed9.pcf,dhfma,1,669794,55
random_n100_rho0.9_uncorr_seed9.pcf,hfma,2,490006,55
random_n100_rho0.9_uncorr_seed9.pcf,dhfma,2,570860,55
random_n100_rho0.9_weakly-corr-neg_seed0.pcf,hfma,0,554553,47
random_n100_rho0.9_weakly-corr-neg_seed0.pcf,dhfma,0,548567,47
random_n100_rho0.9_weakly-corr-neg_seed0.pcf,hfma,1,474820,47
random_n100_rho0.9_weakly-corr-neg_seed0.pcf,dhfma,1,506578,47
random_n100_rho0.9_weakly-corr-neg_seed0.pcf,hfma,2,494324,47
random_n100_rho0.9_weakly-corr-neg_seed0.pcf,dhfma,2,506335,47
random_n100_rho0.9_weakly-corr-neg_seed1.pcf,hfma,0,498283,55
random_n100_rho0.9_weakly-corr-neg_seed1.pcf,dhfma,0,540919,55
random_n100_rho0.9_weakly-corr-neg_seed1.pcf,hfma,1,427792,55
random_n100_rho0.9_weakly-corr-neg_seed1.pcf,dhfma,1,494759,55
random_n100_rho0.9_weakly-corr-neg_seed1.pcf,hfma,2,403559,55
random_n100_rho0.9_weakly-corr-neg_seed1.pcf,dhfma,2,481456,55
random_n100_rho0.9_weakly-corr-neg_seed2.pcf,hfma,0,552920,60
random_n100_rho0.9_weakly-corr-neg_seed2.pcf,dhfma,0,590401,60
random_n100_rho0.9_weakly-corr-neg_seed2.pcf,hfma,1,553486,60
random_n100_rho0.9_weakly-corr-neg_seed2.pcf,dhfma,1,602549,60
random_n100_rho0.9_weakly-corr-neg_seed2.pcf,hfma,2,555013,60
random_n100_rho0.9_weakly-corr-neg_seed2.pcf,dhfma,2,486964,60
random_n100_rho0.9_weakly-corr-neg_seed3.pcf,hfma,0,550148,61
random_n100_rho0.9_weakly-corr-neg_seed3.pcf,dhfma,0,611516,61
random_n100_rho0.9_weakly-corr-neg_seed3.pcf,hfma,1,494858,61
random_n100_rho0.9_weakly-corr-neg_seed3.pcf,dhfma,1,540599,61
random_n100_rho0.9_weakly-corr-neg_seed3.pcf,hfma,2,458128,61
random_n100_rho0.9_weakly-corr-neg_seed3.pcf,dhfma,2,511942,61
random_n100_rho0.9_weakly-corr-neg_seed4.pcf,hfma,0,494699,55
random_n100_rho0.9_weakly-corr-neg_seed4.pcf,dhfma,0,533942,55
random_n100_rho0.9_weakly-corr-neg_seed4.pcf,hfma,1,419400,55
random_n100_rho0.9_weakly-corr-neg_seed4.pcf,dhfma,1,500612,55
random_n100_rho0.9_weakly-corr-neg_seed4.pcf,hfma,2,399092,55
random_n100_rho0.9_weakly-corr-neg_seed4.pcf,dhfma,2,466241,55
random_n100_rho0.9_weakly-corr-neg_seed5.pcf,hfma,0,785464,58
random_n100_rho0.9_weakly-corr-neg_seed5.pcf,dhfma,0,748484,58
random_n100_rho0.9_weakly-corr-neg_seed5.pcf,hfma,1,712865,58
random_n100_rho0.9_weakly-corr-neg_seed5.pcf,dhfma,1,698396,58
random_n100_rho0.9_weakly-corr-neg_seed5.pcf,hfma,2,720114,58
random_n100_rho0.9_weakly-corr-neg_seed5.pcf,dhfma,2,691272,58
random_n100_rho0.9_weakly-corr-neg_seed6.pcf,hfma,0,417531,58
random_n100_rho0.9_weakly-corr-neg_seed6.pcf,dhfma,0,365264,58
random_n100_rho0.9_weakly-corr-neg_seed6.pcf,hfma,1,353041,58
random_n100_rho0.9_weakly-corr-neg_seed6.pcf,dhfma,1,329814,58
random_n100_rho0.9_weakly-corr-neg_seed6.pcf,hfma,2,318490,58
random_n100_rho0.9_weakly-corr-neg_seed6.pcf,dhfma,2,308864,58
random_n100_rho0.9_weakly-corr-neg_seed7.pcf,hfma,0,278426,50
random_n100_rho0.9_weakly-corr-neg_seed7.pcf,dhfma,0,306927,50
random_n100_rho0.9_weakly-corr-neg_seed7.pcf,hfma,1,257462,50
random_n100_rho0.9_weakly-corr-neg_seed7.pcf,dhfma,1,274609,50
random_n100_rho0.9_weakly-corr-neg_seed7.pcf,hfma,2,277546,50
random_n100_rho0.9_weakly-corr-neg_seed7.pcf,dhfma,2,292809,50
random_n100_rho0.9_weakly-corr-neg_seed8.pcf,hfma,0,547737,57
random_n100_rho0.9_weakly-corr-neg_seed8.pcf,dhfma,0,483382,57
random_n100_rho0.9_weakly-corr-neg_seed8.pcf,hfma,1,502185,57
random_n100_rho0.9_weakly-corr-neg_seed8.pcf,dhfma,1,448652,57
random_n100_rho0.9_weakly-corr-neg_seed8.pcf,hfma,2,481167,57
random_n100_rho0.9_weakly-corr-neg_seed8.pcf,dhfma,2,480693,57
random_n100_rho0.9_weakly-corr-neg_seed9.pcf,hfma,0,502222,59
random_n100_rho0.9_weakly-corr-neg_seed9.pcf,dhfma,0,629355,59
random_n100_rho0.9_weakly-corr-neg_seed9.pcf,hfma,1,433749,59
random_n100_rho0.9_weakly-corr-neg_seed9.pcf,dhfma,1,562706,59
random_n100_rho0.9_weakly-corr-neg_seed9.pcf,hfma,2,420929,59
random_n100_rho0.9_weakly-corr-neg_seed9.pcf,dhfma,2,549406,59
random_n100_rho0.9_weakly-corr_seed0.pcf,hfma,0,595387,56
random_n100_rho0.9_weakly-corr_seed0.pcf,dhfma,0,628958,56
random_n100_rho0.9_weakly-corr_seed0.pcf,hfma,1,553646,56
random_n100_rho0.9_weakly-corr_seed0.pcf,dhfma,1,566966,56
random_n100_rho0.9_weakly-corr_seed0.pcf,hfma,2,513834,56
random_n100_rho0.9_weakly-corr_seed0.pcf,dhfma,2,528889,56
random_n100_rho0.9_weakly-corr_seed1.pcf,hfma,0,632976,56
random_n100_rho0.9_weakly-corr_seed1.pcf,dhfma,0,895014,56
random_n100_rho0.9_weakly-corr_seed1.pcf,hfma,1,591424,56
random_n100_rho0.9_weakly-corr_seed1.pcf,dhfma,1,791175,56
random_n100_rho0.9_weakly-corr_seed1.pcf,hfma,2,564122,56
random_n100_rho0.9_weakly-corr_seed1.pcf,dhfma,2,759530,56
random_n100_rho0.9_weakly-corr_seed2.pcf,hfma,0,367443,52
random_n100_rho0.9_weakly-corr_seed2.pcf,dhfma,0,464083,52
random_n100_rho0.9_weakly-corr_seed2.pcf,hfma,1,350270,52
random_n100_rho0.9_weakly-corr_seed2.pcf,dhfma,1,391245,52
random_n100_rho0.9_weakly-corr_seed2.pcf,hfma,2,330116,52
random_n100_rho0.9_weakly-corr_seed2.pcf,dhfma,2,331624,52
random_n100_rho0.9_weakly-corr_seed3.pcf,hfma,0,707269,58
random_n100_rho0.9_weakly-corr_seed3.pcf,dhfma,0,671335,58
random_n100_rho0.9_weakly-corr_seed3.pcf,hfma,1,651543,58
random_n100_rho0.9_weakly-corr_seed3.pcf,dhfma,1,569475,58
random_n100_rho0.9_weakly-corr_seed3.pcf,hfma,2,610334,58
random_n100_rho0.9_weakly-corr_seed3.pcf,dhfma,2,557319,58
random_n100_rho0.9_weakly-corr_seed4.pcf,hfma,0,607275,65
random_n100_rho0.9_weakly-corr_seed4.pcf,dhfma,0,639001,65
random_n100_rho0.9_weakly-corr_seed4.pcf,hfma,1,483699,65
random_n100_rho0.9_weakly-corr_seed4.pcf,dhfma,1,654490,65
random_n100_rho0.9_weakly-corr_seed4.pcf,hfma,2,391678,65
random_n100_rho0.9_weakly-corr_seed4.pcf,dhfma,2,478749,65
random_n100_rho0.9_weakly-corr_seed5.pcf,hfma,0,483768,55
random_n100_rho0.9_weakly-corr_seed5.pcf,dhfma,0,553083,55
random_n100_rho0.9_weakly-corr_seed5.pcf,hfma,1,481899,55
random_n100_rho0.9_weakly-corr_seed5.pcf,dhfma,1,492225,55
random_n100_rho0.9_weakly-corr_seed5.pcf,hfma,2,450651,55
random_n100_rho0.9_weakly-corr_seed5.pcf,dhfma,2,465052,55
random_n100_rho0.9_weakly-corr_seed6.pcf,hfma,0,654961,58
random_n100_rho0.9_weakly-corr_seed6.pcf,dhfma,0,557533,58
random_n100_rho0.9_weakly-corr_seed6.pcf,hfma,1,515408,58
random_n100_rho0.9_weakly-corr_seed6.pcf,dhfma,1,465683,58
random_n100_rho0.9_weakly-corr_seed6.pcf,hfma,2,462692,58
random_n100_rho0.9_weakly-corr_seed6.pcf,dhfma,2,450746,58
random_n100_rho0.9_weakly-corr_seed7.pcf,hfma,0,765533,51
random_n100_rho0.9_weakly-corr_seed7.pcf,dhfma,0,800507,51
random_n100_rho0.9_weakly-corr_seed7.pcf,hfma,1,647354,51
random_n100_rho0.9_weakly-corr_seed7.pcf,dhfma,1,667576,51
random_n100_rho0.9_weakly-corr_seed7.pcf,hfma,2,502362,51
random_n100_rho0.9_weakly-corr_seed7.pcf,dhfma,2,521006,51
random_n100_rho0.9_weakly-corr_seed8.pcf,hfma,0,468830,54
random_n100_rho0.9_weakly-corr_seed8.pcf,dhfma,0,588931,54
random_n100_rho0.9_weakly-corr_seed8.pcf,hfma,1,441845,54
random_n100_rho0.9_weakly-corr_seed8.pcf,dhfma,1,564781,54
random_n100_rho0.9_weakly-corr_seed8.pcf,hfma,2,450382,54
random_n100_rho0.9_weakly-corr_seed8.pcf,dhfma,2,551764,54
random_n100_rho0.9_weakly-corr_seed9.pcf,hfma,0,713085,54
random_n100_rho0.9_weakly-corr_seed9.pcf,dhfma,0,651218,54
random_n100_rho0.9_weakly-corr_seed9.pcf,hfma,1,566794,54
random_n100_rho0.9_weakly-corr_seed9.pcf,dhfma,1,546119,54
random_n100_rho0.9_weakly-corr_seed9.pcf,hfma,2,508614,54
random_n100_rho0.9_weakly-corr_seed9.pcf,dhfma,2,528097,54
random_n100_rho1.0_strongly-corr-neg_seed0.pcf,hfma,0,1048003,51
random_n100_rho1.0_strongly-corr-neg_seed0.pcf,dhfma,0,859497,51
random_n100_rho1.0_strongly-corr-neg_seed0.pcf,hfma,1,719279,51
random_n100_rho1.0_strongly-corr-neg_seed0.pcf,dhfma,1,667770,51
random_n100_rho1.0_strongly-corr-neg_seed0.pcf,hfma,2,733910,51
random_n100_rho1.0_strongly-corr-neg_seed0.pcf,dhfma,2,724209,51
random_n100_rho1.0_strongly-corr-neg_seed1.pcf,hfma,0,782626,50
random_n100_rho1.0_strongly-corr-neg_seed1.pcf,dhfma,0,738179,50
random_n100_rho1.0_strongly-corr-neg_seed1.pcf,hfma,1,635428,50
random_n100_rho1.0_strongly-corr-neg_seed1.pcf,dhfma,1,437143,50
random_n100_rho1.0_strongly-corr-neg_seed1.pcf,hfma,2,451499,50
random_n100_rho1.0_strongly-corr-neg_seed1.pcf,dhfma,2,408282,50
random_n100_rho1.0_strongly-corr-neg_seed2.pcf,hfma,0,609461,52
random_n100_rho1.0_strongly-corr-neg_seed2.pcf,dhfma,0,555250,52
random_n100_rho1.0_strongly-corr-neg_seed2.pcf,hfma,1,581126,52
random_n100_rho1.0_strongly-corr-neg_seed2.pcf,dhfma,1,566129,52
random_n100_rho1.0_strongly-corr-neg_seed2.pcf,hfma,2,575215,52
random_n100_rho1.0_strongly-corr-neg_seed2.pcf,dhfma,2,581724,52
random_n100_rho1.0_strongly-corr-neg_seed3.pcf,hfma,0,908794,51
random_n100_rho1.0_strongly-corr-neg_seed3.pcf,dhfma,0,761998,51
random_n100_rho1.0_strongly-corr-neg_seed3.pcf,hfma,1,737012,51
random_n100_rho1.0_strongly-corr-neg_seed3.pcf,dhfma,1,755263,51
random_n100_rho1.0_strongly-corr-neg_seed3.pcf,hfma,2,857206,51
random_n100_rho1.0_strongly-corr-neg_seed3.pcf,dhfma,2,834036,51
random_n100_rho1.0_strongly-corr-neg_seed4.pcf,hfma,0,842788,53
random_n100_rho1.0_strongly-corr-neg_seed4.pcf,dhfma,0,796768,53
random_n100_rho1.0_strongly-corr-neg_seed4.pcf,hfma,1,772691,53
random_n100_rho1.0_strongly-corr-neg_seed4.pcf,dhfma,1,873491,53
random_n100_rho1.0_strongly-corr-neg_seed4.pcf,hfma,2,864368,53
random_n100_rho1.0_strongly-corr-neg_seed4.pcf,dhfma,2,798686,53
random_n100_rho1.0_strongly-corr-neg_seed5.pcf,hfma,0,670480,52
random_n100_rho1.0_strongly-corr-neg_seed5.pcf,dhfma,0,780928,52
random_n100_rho1.0_strongly-corr-neg_seed5.pcf,hfma,1,623147,52
random_n100_rho1.0_strongly-corr-neg_seed5.pcf,dhfma,1,668073,52
random_n100_rho1.0_strongly-corr-neg_seed5.pcf,hfma,2,382749,52
random_n100_rho1.0_strongly-corr-neg_seed5.pcf,dhfma,2,483035,52
random_n100_rho1.0_strongly-corr-neg_seed6.pcf,hfma,0,703394,49
random_n100_rho1.0_strongly-corr-neg_seed6.pcf,dhfma,0,704991,49
random_n100_rho1.0_strongly-corr-neg_seed6.pcf,hfma,1,537500,49
random_n100_rho1.0_strongly-corr-neg_seed6.pcf,dhfma,1,585806,49
random_n100_rho1.0_strongly-corr-neg_seed6.pcf,hfma,2,486029,49
random_n100_rho1.0_strongly-corr-neg_seed6.pcf,dhfma,2,499195,49
random_n100_rho1.0_strongly-corr-neg_seed7.pcf,hfma,0,376988,39
random_n100_rho1.0_strongly-corr-neg_seed7.pcf,dhfma,0,257543,39
random_n100_rho1.0_strongly-corr-neg_seed7.pcf,hfma,1,393698,39
random_n100_rho1.0_strongly-corr-neg_seed7.pcf,dhfma,1,175612,39
random_n100_rho1.0_strongly-corr-neg_seed7.pcf,hfma,2,202894,39
random_n100_rho1.0_strongly-corr-neg_seed7.pcf,dhfma,2,151866,39
random_n100_rho1.0_strongly-corr-neg_seed8.pcf,hfma,0,241412,48
random_n100_rho1.0_strongly-corr-neg_seed8.pcf,dhfma,0,225607,48
random_n100_rho1.0_strongly-corr-neg_seed8.pcf,hfma,1,210692,48
random_n100_rho1.0_strongly-corr-neg_seed8.pcf,dhfma,1,217236,48
random_n100_rho1.0_strongly-corr-neg_seed8.pcf,hfma,2,219135,48
random_n100_rho1.0_strongly-corr-neg_seed8.pcf,dhfma,2,222515,48
random_n100_rho1.0_strongly-corr-neg_seed9.pcf,hfma,0,414568,44
random_n100_rho1.0_strongly-corr-neg_seed9.pcf,dhfma,0,383826,44
random_n100_rho1.0_strongly-corr-neg_seed9.pcf,hfma,1,338085,44
random_n100_rho1.0_strongly-corr-neg_seed9.pcf,dhfma,1,333313,44
random_n100_rho1.0_strongly-corr-neg_seed9.pcf,hfma,2,297456,44
random_n100_rho1.0_strongly-corr-neg_seed9.pcf,dhfma,2,301122,44
random_n100_rho1.0_strongly-corr_seed0.pcf,hfma,0,241628,47
random_n100_rho1.0_strongly-corr_seed0.pcf,dhfma,0,288898,47
random_n100_rho1.0_strongly-corr_seed0.pcf,hfma,1,304982,47
random_n100_rho1.0_strongly-corr_seed0.pcf,dhfma,1,235977,47
random_n100_rho1.0_strongly-corr_seed0.pcf,hfma,2,183516,47
random_n100_rho1.0_strongly-corr_seed0.pcf,dhfma,2,201989,47
random_n100_rho1.0_strongly-corr_seed1.pcf,hfma,0,475830,48
random_n100_rho1.0_strongly-corr_seed1.pcf,dhfma,0,402006,48
random_n100_rho1.0_strongly-corr_seed1.pcf,hfma,1,331700,48
random_n100_rho1.0_strongly-corr_seed1.pcf,dhfma,1,309050,48
random_n100_rho1.0_strongly-corr_seed1.pcf,hfma,2,319050,48
random_n100_rho1.0_strongly-corr_seed1.pcf,dhfma,2,311755,48
random_n100_rho1.0_strongly-corr_seed2.pcf,hfma,0,708885,51
random_n100_rho1.0_strongly-corr_seed2.pcf,dhfma,0,658099,51
random_n100_rho1.0_strongly-corr_seed2.pcf,hfma,1,505294,51
random_n100_rho1.0_strongly-corr_seed2.pcf,dhfma,1,487721,51
random_n100_rho1.0_strongly-corr_seed2.pcf,hfma,2,520516,51
random_n100_rho1.0_strongly-corr_seed2.pcf,dhfma,2,536135,51
random_n100_rho1.0_strongly-corr_seed3.pcf,hfma,0,971621,55
random_n100_rho1.0_strongly-corr_seed3.pcf,dhfma,0,873583,55
random_n100_rho1.0_strongly-corr_seed3.pcf,hfma,1,854420,55
random_n100_rho1.0_strongly-corr_seed3.pcf,dhfma,1,814812,55
random_n100_rho1.0_strongly-corr_seed3.pcf,hfma,2,693252,55
random_n100_rho1.0_strongly-corr_seed3.pcf,dhfma,2,191971,55
random_n100_rho1.0_strongly-corr_seed4.pcf,hfma,0,918294,46
random_n100_rho1.0_strongly-corr_seed4.pcf,dhfma,0,748660,46
random_n100_rho1.0_strongly-corr_seed4.pcf,hfma,1,690092,46
random_n100_rho1.0_strongly-corr_seed4.pcf,dhfma,1,665964,46
random_n100_rho1.0_strongly-corr_seed4.pcf,hfma,2,660033,46
random_n100_rho1.0_strongly-corr_seed4.pcf,dhfma,2,649141,46
random_n100_rho1.0_strongly-corr_seed5.pcf,hfma,0,822934,45
random_n100_rho1.0_strongly-corr_seed5.pcf,dhfma,0,1038691,45
random_n100_rho1.0_strongly-corr_seed5.pcf,hfma,1,697849,45
random_n100_rho1.0_strongly-corr_seed5.pcf,dhfma,1,873928,45
random_n100_rho1.0_strongly-corr_seed5.pcf,hfma,2,598455,45
random_n100_rho1.0_strongly-corr_seed5.pcf,dhfma,2,879496,45
random_n100_rho1.0_strongly-corr_seed6.pcf,hfma,0,648798,59
random_n100_rho1.0_strongly-corr_seed6.pcf,dhfma,0,602641,59
random_n100_rho1.0_strongly-corr_seed6.pcf,hfma,1,568837,59
random_n100_rho1.0_strongly-corr_seed6.pcf,dhfma,1,578013,59
random_n100_rho1.0_strongly-corr_seed6.pcf,hfma,2,546586,59
random_n100_rho1.0_strongly-corr_seed6.pcf,dhfma,2,622649,59
random_n100_rho1.0_strongly-corr_seed7.pcf,hfma,0,523562,64
random_n100_rho1.0_strongly-corr_seed7.pcf,dhfma,0,549216,64
random_n100_rho1.0_strongly-corr_seed7.pcf,hfma,1,408220,64
random_n100_rho1.0_strongly-corr_seed7.pcf,dhfma,1,519123,64
random_n100_rho1.0_strongly-corr_seed7.pcf,hfma,2,375029,64
random_n100_rho1.0_strongly-corr_seed7.pcf,dhfma,2,419486,64
random_n100_rho1.0_strongly-corr_seed8.pcf,hfma,0,387381,48
random_n100_rho1.0_strongly-corr_seed8.pcf,dhfma,0,505937,48
random_n100_rho1.0_strongly-corr_seed8.pcf,hfma,1,372643,48
random_n100_rho1.0_strongly-corr_seed8.pcf,dhfma,1,443450,48
random_n100_rho1.0_strongly-corr_seed8.pcf,hfma,2,388964,48
random_n100_rho1.0_strongly-corr_seed8.pcf,dhfma,2,484009,48
random_n100_rho1.0_strongly-corr_seed9.pcf,hfma,0,676397,50
random_n100_rho1.0_strongly-corr_seed9.pcf,dhfma,0,668188,50
random_n100_rho1.0_strongly-corr_seed9.pcf,hfma,1,614783,50
random_n100_rho1.0_strongly-corr_seed9.pcf,dhfma,1,622573,50
random_n100_rho1.0_strongly-corr_seed9.pcf,hfma,2,564297,50
random_n100_rho1.0_strongly-corr_seed9.pcf,dhfma,2,589881,50
random_n100_rho1.0_uncorr-neg_seed0.pcf,hfma,0,922497,52
random_n100_rho1.0_uncorr-neg_seed0.pcf,dhfma,0,833582,52
random_n100_rho1.0_uncorr-neg_seed0.pcf,hfma,1,823091,52
random_n100_rho1.0_uncorr-neg_seed0.pcf,dhfma,1,791083,52
random_n100_rho1.0_uncorr-neg_seed0.pcf,hfma,2,776065,52
random_n100_rho1.0_uncorr-neg_seed0.pcf,dhfma,2,761937,52
random_n100_rho1.0_uncorr-neg_seed1.pcf,hfma,0,958033,52
random_n100_rho1.0_uncorr-neg_seed1.pcf,dhfma,0,706430,52
random_n100_rho1.0_uncorr-neg_seed1.pcf,hfma,1,682424,52
random_n100_rho1.0_uncorr-neg_seed1.pcf,dhfma,1,630334,52
random_n100_rho1.0_uncorr-neg_seed1.pcf,hfma,2,633692,52
random_n100_rho1.0_uncorr-neg_seed1.pcf,dhfma,2,606020,52
random_n100_rho1.0_uncorr-neg_seed2.pcf,hfma,0,926787,53
random_n100_rho1.0_uncorr-neg_seed2.pcf,dhfma,0,693991,53
random_n100_rho1.0_uncorr-neg_seed2.pcf,hfma,1,566927,53
random_n100_rho1.0_uncorr-neg_seed2.pcf,dhfma,1,463335,53
random_n100_rho1.0_uncorr-neg_seed2.pcf,hfma,2,564991,53
random_n100_rho1.0_uncorr-neg_seed2.pcf,dhfma,2,481388,53
random_n100_rho1.0_uncorr-neg_seed3.pcf,hfma,0,794868,47
random_n100_rho1.0_uncorr-neg_seed3.pcf,dhfma,0,695840,47
random_n100_rho1.0_uncorr-neg_seed3.pcf,hfma,1,581849,47
random_n100_rho1.0_uncorr-neg_seed3.pcf,dhfma,1,452385,47
random_n100_rho1.0_uncorr-neg_seed3.pcf,hfma,2,406278,47
random_n100_rho1.0_uncorr-neg_seed3.pcf,dhfma,2,386700,47
random_n100_rho1.0_uncorr-neg_seed4.pcf,hfma,0,318068,43
random_n100_rho1.0_uncorr-neg_seed4.pcf,dhfma,0,338820,43
random_n100_rho1.0_uncorr-neg_seed4.pcf,hfma,1,290994,43
random_n100_rho1.0_uncorr-neg_seed4.pcf,dhfma,1,325668,43
random_n100_rho1.0_uncorr-neg_seed4.pcf,hfma,2,294648,43
random_n100_rho1.0_uncorr-neg_seed4.pcf,dhfma,2,317251,43
random_n100_rho1.0_uncorr-neg_seed5.pcf,hfma,0,573221,56
random_n100_rho1.0_uncorr-neg_seed5.pcf,dhfma,0,493366,56
random_n100_rho1.0_uncorr-neg_seed5.pcf,hfma,1,432255,56
random_n100_rho1.0_uncorr-neg_seed5.pcf,dhfma,1,391056,56
random_n100_rho1.0_uncorr-neg_seed5.pcf,hfma,2,386082,56
random_n100_rho1.0_uncorr-neg_seed5.pcf,dhfma,2,340491,56
random_n100_rho1.0_uncorr-neg_seed6.pcf,hfma,0,268338,53
random_n100_rho1.0_uncorr-neg_seed6.pcf,dhfma,0,250686,53
random_n100_rho1.0_uncorr-neg_seed6.pcf,hfma,1,237952,53
random_n100_rho1.0_uncorr-neg_seed6.pcf,dhfma,1,245626,53
random_n100_rho1.0_uncorr-neg_seed6.pcf,hfma,2,244923,53
random_n100_rho1.0_uncorr-neg_seed6.pcf,dhfma,2,262252,53
random_n100_rho1.0_uncorr-neg_seed7.pcf,hfma,0,595367,55
random_n100_rho1.0_uncorr-neg_seed7.pcf,dhfma,0,671000,55
random_n100_rho1.0_uncorr-neg_seed7.pcf,hfma,1,571182,55
random_n100_rho1.0_uncorr-neg_seed7.pcf,dhfma,1,705750,55
random_n100_rho1.0_uncorr-neg_seed7.pcf,hfma,2,611905,55
random_n100_rho1.0_uncorr-neg_seed7.pcf,dhfma,2,604177,55
random_n100_rho1.0_uncorr-neg_seed8.pcf,hfma,0,677212,49
random_n100_rho1.0_uncorr-neg_seed8.pcf,dhfma,0,669118,49
random_n100_rho1.0_uncorr-neg_seed8.pcf,hfma,1,659172,49
random_n100_rho1.0_uncorr-neg_seed8.pcf,dhfma,1,639874,49
random_n100_rho1.0_uncorr-neg_seed8.pcf,hfma,2,611806,49
random_n100_rho1.0_uncorr-neg_seed8.pcf,dhfma,2,600269,49
random_n100_rho1.0_uncorr-neg_seed9.pcf,hfma,0,609288,56
random_n100_rho1.0_uncorr-neg_seed9.pcf,dhfma,0,678866,56
random_n100_rho1.0_uncorr-neg_seed9.pcf,hfma,1,543124,56
random_n100_rho1.0_uncorr-neg_seed9.pcf,dhfma,1,598778,56
random_n100_rho1.0_uncorr-neg_seed9.pcf,hfma,2,577318,56
random_n100_rho1.0_uncorr-neg_seed9.pcf,dhfma,2,578521,56
random_n100_rho1.0_uncorr_seed0.pcf,hfma,0,1103620,47
random_n100_rho1.0_uncorr_seed0.pcf,dhfma,0,1217202,47
random_n100_rho1.0_uncorr_seed0.pcf,hfma,1,932140,47
random_n100_rho1.0_uncorr_seed0.pcf,dhfma,1,1012601,47
random_n100_rho1.0_uncorr_seed0.pcf,hfma,2,869294,47
random_n100_rho1.0_uncorr_seed0.pcf,dhfma,2,1102240,47
random_n100_rho1.0_uncorr_seed1.pcf,hfma,0,571035,58
random_n100_rho1.0_uncorr_seed1.pcf,dhfma,0,610150,58
random_n100_rho1.0_uncorr_seed1.pcf,hfma,1,501868,58
random_n100_rho1.0_uncorr_seed1.pcf,dhfma,1,557898,58
random_n100_rho1.0_uncorr_seed1.pcf,hfma,2,520836,58
random_n100_rho1.0_uncorr_seed1.pcf,dhfma,2,561724,58
random_n100_rho1.0_uncorr_seed2.pcf,hfma,0,907573,56
random_n100_rho1.0_uncorr_seed2.pcf,dhfma,0,762659,56
random_n100_rho1.0_uncorr_seed2.pcf,hfma,1,615558,56
random_n100_rho1.0_uncorr_seed2.pcf,dhfma,1,662924,56
random_n100_rho1.0_uncorr_seed2.pcf,hfma,2,589190,56
random_n100_rho1.0_uncorr_seed2.pcf,dhfma,2,664421,56
random_n100_rho1.0_uncorr_seed3.pcf,hfma,0,637818,63
random_n100_rho1.0_uncorr_seed3.pcf,dhfma,0,654030,63
random_n100_rho1.0_uncorr_seed3.pcf,hfma,1,591905,63
random_n100_rho1.0_uncorr_seed3.pcf,dhfma,1,572821,63
random_n100_rho1.0_uncorr_seed3.pcf,hfma,2,567977,63
random_n100_rho1.0_uncorr_seed3.pcf,dhfma,2,510602,63
random_n100_rho1.0_uncorr_seed4.pcf,hfma,0,1081085,48
random_n100_rho1.0_uncorr_seed4.pcf,dhfma,0,907494,48
random_n100_rho1.0_uncorr_seed4.pcf,hfma,1,929239,48
random_n100_rho1.0_uncorr_seed4.pcf,dhfma,1,529833,48
random_n100_rho1.0_uncorr_seed4.pcf,hfma,2,630954,48
random_n100_rho1.0_uncorr_seed4.pcf,dhfma,2,586355,48
random_n100_rho1.0_uncorr_seed5.pcf,hfma,0,769393,51
random_n100_rho1.0_uncorr_seed5.pcf,dhfma,0,643373,51
random_n100_rho1.0_uncorr_seed5.pcf,hfma,1,411714,51
random_n100_rho1.0_uncorr_seed5.pcf,dhfma,1,379445,51
random_n100_rho1.0_uncorr_seed5.pcf,hfma,2,410733,51
random_n100_rho1.0_uncorr_seed5.pcf,dhfma,2,403858,51
random_n100_rho1.0_uncorr_seed6.pcf,hfma,0,534117,43
random_n100_rho1.0_uncorr_seed6.pcf,dhfma,0,672728,43
random_n100_rho1.0_uncorr_seed6.pcf,hfma,1,581610,43
random_n100_rho1.0_uncorr_seed6.pcf,dhfma,1,551661,43
random_n100_rho1.0_uncorr_seed6.pcf,hfma,2,575893,43
random_n100_rho1.0_uncorr_seed6.pcf,dhfma,2,574698,43
random_n100_rho1.0_uncorr_seed7.pcf,hfma,0,684706,49
random_n100_rho1.0_uncorr_seed7.pcf,dhfma,0,645442,49
random_n100_rho1.0_uncorr_seed7.pcf,hfma,1,590358,49
random_n100_rho1.0_uncorr_seed7.pcf,dhfma,1,598620,49
random_n100_rho1.0_uncorr_seed7.pcf,hfma,2,609578,49
random_n100_rho1.0_uncorr_seed7.pcf,dhfma,2,581208,49
random_n100_rho1.0_uncorr_seed8.pcf,hfma,0,713247,60
random_n100_rho1.0_uncorr_seed8.pcf,dhfma,0,729307,60
random_n100_rho1.0_uncorr_seed8.pcf,hfma,1,621576,60
random_n100_rho1.0_uncorr_seed8.pcf,dhfma,1,622586,60
random_n100_rho1.0_uncorr_seed8.pcf,hfma,2,569782,60
random_n100_rho1.0_uncorr_seed8.pcf,dhfma,2,577723,60
random_n100_rho1.0_uncorr_seed9.pcf,hfma,0,779545,53
random_n100_rho1.0_uncorr_seed9.pcf,dhfma,0,775305,53
random_n100_rho1.0_uncorr_seed9.pcf,hfma,1,660315,53
random_n100_rho1.0_uncorr_seed9.pcf,dhfma,1,724890,53
random_n100_rho1.0_uncorr_seed9.pcf,hfma,2,706095,53
random_n100_rho1.0_uncorr_seed9.pcf,dhfma,2,667971,53
random_n100_rho1.0_weakly-corr-neg_seed0.pcf,hfma,0,1089140,43
random_n100_rho1.0_weakly-corr-neg_seed0.pcf,dhfma,0,764965,43
random_n100_rho1.0_weakly-corr-neg_seed0.pcf,hfma,1,813184,43
random_n100_rho1.0_weakly-corr-neg_seed0.pcf,dhfma,1,651221,43
random_n100_rho1.0_weakly-corr-neg_seed0.pcf,hfma,2,762458,43
random_n100_rho1.0_weakly-corr-neg_seed0.pcf,dhfma,2,631532,43
random_n100_rho1.0_weakly-corr-neg_seed1.pcf,hfma,0,939797,49
random_n100_rho1.0_weakly-corr-neg_seed1.pcf,dhfma,0,851427,49
random_n100_rho1.0_weakly-corr-neg_seed1.pcf,hfma,1,723061,49
random_n100_rho1.0_weakly-corr-neg_seed1.pcf,dhfma,1,762913,49
random_n100_rho1.0_weakly-corr-neg_seed1.pcf,hfma,2,637384,49
random_n100_rho1.0_weakly-corr-neg_seed1.pcf,dhfma,2,700262,49
random_n100_rho1.0_weakly-corr-neg_seed2.pcf,hfma,0,817163,48
random_n100_rho1.0_weakly-corr-neg_seed2.pcf,dhfma,0,784771,48
random_n100_rho1.0_weakly-corr-neg_seed2.pcf,hfma,1,745695,48
random_n100_rho1.0_weakly-corr-neg_seed2.pcf,dhfma,1,717933,48
random_n100_rho1.0_weakly-corr-neg_seed2.pcf,hfma,2,700168,48
random_n100_rho1.0_weakly-corr-neg_seed2.pcf,dhfma,2,681712,48
random_n100_rho1.0_weakly-corr-neg_seed3.pcf,hfma,0,1049915,57
random_n100_rho1.0_weakly-corr-neg_seed3.pcf,dhfma,0,682601,57
random_n100_rho1.0_weakly-corr-neg_seed3.pcf,hfma,1,731147,57
random_n100_rho1.0_weakly-corr-neg_seed3.pcf,dhfma,1,600394,57
random_n100_rho1.0_weakly-corr-neg_seed3.pcf,hfma,2,690444,57
random_n100_rho1.0_weakly-corr-neg_seed3.pcf,dhfma,2,597792,57
random_n100_rho1.0_weakly-corr-neg_seed4.pcf,hfma,0,836930,45
random_n100_rho1.0_weakly-corr-neg_seed4.pcf,dhfma,0,688810,45
random_n100_rho1.0_weakly-corr-neg_seed4.pcf,hfma,1,716814,45
random_n100_rho1.0_weakly-corr-neg_seed4.pcf,dhfma,1,639679,45
random_n100_rho1.0_weakly-corr-neg_seed4.pcf,hfma,2,691097,45
random_n100_rho1.0_weakly-corr-neg_seed4.pcf,dhfma,2,604884,45
random_n100_rho1.0_weakly-corr-neg_seed5.pcf,hfma,0,698915,62
random_n100_rho1.0_weakly-corr-neg_seed5.pcf,dhfma,0,753989,62
random_n100_rho1.0_weakly-corr-neg_seed5.pcf,hfma,1,709599,62
random_n100_rho1.0_weakly-corr-neg_seed5.pcf,dhfma,1,817701,62
random_n100_rho1.0_weakly-corr-neg_seed5.pcf,hfma,2,683280,62
random_n100_rho1.0_weakly-corr-neg_seed5.pcf,dhfma,2,754242,62
random_n100_rho1.0_weakly-corr-neg_seed6.pcf,hfma,0,862605,51
random_n100_rho1.0_weakly-corr-neg_seed6.pcf,dhfma,0,705479,51
random_n100_rho1.0_weakly-corr-neg_seed6.pcf,hfma,1,856680,51
random_n100_rho1.0_weakly-corr-neg_seed6.pcf,dhfma,1,849310,51
random_n100_rho1.0_weakly-corr-neg_seed6.pcf,hfma,2,826354,51
random_n100_rho1.0_weakly-corr-neg_seed6.pcf,dhfma,2,841389,51
random_n100_rho1.0_weakly-corr-neg_seed7.pcf,hfma,0,1030588,54
random_n100_rho1.0_weakly-corr-neg_seed7.pcf,dhfma,0,868394,54
random_n100_rho1.0_weakly-corr-neg_seed7.pcf,hfma,1,915676,54
random_n100_rho1.0_weakly-corr-neg_seed7.pcf,dhfma,1,770637,54
random_n100_rho1.0_weakly-corr-neg_seed7.pcf,hfma,2,863329,54
random_n100_rho1.0_weakly-corr-neg_seed7.pcf,dhfma,2,717148,54
random_n100_rho1.0_weakly-corr-neg_seed8.pcf,hfma,0,823040,54
random_n100_rho1.0_weakly-corr-neg_seed8.pcf,dhfma,0,788699,54
random_n100_rho1.0_weakly-corr-neg_seed8.pcf,hfma,1,619911,54
random_n100_rho1.0_weakly-corr-neg_seed8.pcf,dhfma,1,724138,54
random_n100_rho1.0_weakly-corr-neg_seed8.pcf,hfma,2,601993,54
random_n100_rho1.0_weakly-corr-neg_seed8.pcf,dhfma,2,653915,54
random_n100_rho1.0_weakly-corr-neg_seed9.pcf,hfma,0,786212,50
random_n100_rho1.0_weakly-corr-neg_seed9.pcf,dhfma,0,728928,50
random_n100_rho1.0_weakly-corr-neg_seed9.pcf,hfma,1,654344,50
random_n100_rho1.0_weakly-corr-neg_seed9.pcf,dhfma,1,626805,50
random_n100_rho1.0_weakly-corr-neg_seed9.pcf,hfma,2,741004,50
random_n100_rho1.0_weakly-corr-neg_seed9.pcf,dhfma,2,628412,50
random_n100_rho1.0_weakly-corr_seed0.pcf,hfma,0,766411,46
random_n100_rho1.0_weakly-corr_seed0.pcf,dhfma,0,796406,46
random_n100_rho1.0_weakly-corr_seed0.pcf,hfma,1,668079,46
random_n100_rho1.0_weakly-corr_seed0.pcf,dhfma,1,815192,46
random_n100_rho1.0_weakly-corr_seed0.pcf,hfma,2,614558,46
random_n100_rho1.0_weakly-corr_seed0.pcf,dhfma,2,667179,46
random_n100_rho1.0_weakly-corr_seed1.pcf,hfma,0,1080236,49
random_n100_rho1.0_weakly-corr_seed1.pcf,dhfma,0,921302,49
random_n100_rho1.0_weakly-corr_seed1.pcf,hfma,1,1039107,49
random_n100_rho1.0_weakly-corr_seed1.pcf,dhfma,1,1028125,49
random_n100_rho1.0_weakly-corr_seed1.pcf,hfma,2,930488,49
random_n100_rho1.0_weakly-corr_seed1.pcf,dhfma,2,806684,49
random_n100_rho1.0_weakly-corr_seed2.pcf,hfma,0,677577,52
random_n100_rho1.0_weakly-corr_seed2.pcf,dhfma,0,637449,52
random_n100_rho1.0_weakly-corr_seed2.pcf,hfma,1,601962,52
random_n100_rho1.0_weakly-corr_seed2.pcf,dhfma,1,598338,52
random_n100_rho1.0_weakly-corr_seed2.pcf,hfma,2,597404,52
random_n100_rho1.0_weakly-corr_seed2.pcf,dhfma,2,592173,52
random_n100_rho1.0_weakly-corr_seed3.pcf,hfma,0,948172,48
random_n100_rho1.0_weakly-corr_seed3.pcf,dhfma,0,738537,48
random_n100_rho1.0_weakly-corr_seed3.pcf,hfma,1,797297,48
random_n100_rho1.0_weakly-corr_seed3.pcf,dhfma,1,706839,48
random_n100_rho1.0_weakly-corr_seed3.pcf,hfma,2,785023,48
random_n100_rho1.0_weakly-corr_seed3.pcf,dhfma,2,648888,48
random_n100_rho1.0_weakly-corr_seed4.pcf,hfma,0,829315,55
random_n100_rho1.0_weakly-corr_seed4.pcf,dhfma,0,728497,55
random_n100_rho1.0_weakly-corr_seed4.pcf,hfma,1,711601,55
random_n100_rho1.0_weakly-corr_seed4.pcf,dhfma,1,678604,55
random_n100_rho1.0_weakly-corr_seed4.pcf,hfma,2,750132,55
random_n100_rho1.0_weakly-corr_seed4.pcf,dhfma,2,649050,55
random_n100_rho1.0_weakly-corr_seed5.pcf,hfma,0,765531,49
random_n100_rho1.0_weakly-corr_seed5.pcf,dhfma,0,858676,49
random_n100_rho1.0_weakly-corr_seed5.pcf,hfma,1,630589,49
random_n100_rho1.0_weakly-corr_seed5.pcf,dhfma,1,776152,49
random_n100_rho1.0_weakly-corr_seed5.pcf,hfma,2,615495,49
random_n100_rho1.0_weakly-corr_seed5.pcf,dhfma,2,762892,49
random_n100_rho1.0_weakly-corr_seed6.pcf,hfma,0,299311,46
random_n100_rho1.0_weakly-corr_seed6.pcf,dhfma,0,759958,46
random_n100_rho1.0_weakly-corr_seed6.pcf,hfma,1,887847,46
random_n100_rho1.0_weakly-corr_seed6.pcf,dhfma,1,854435,46
random_n100_rho1.0_weakly-corr_seed6.pcf,hfma,2,840808,46
random_n100_rho1.0_weakly-corr_seed6.pcf,dhfma,2,702419,46
random_n100_rho1.0_weakly-corr_seed7.pcf,hfma,0,866796,44
random_n100_rho1.0_weakly-corr_seed7.pcf,dhfma,0,854814,44
random_n100_rho1.0_weakly-corr_seed7.pcf,hfma,1,782217,44
random_n100_rho1.0_weakly-corr_seed7.pcf,dhfma,1,795533,44
random_n100_rho1.0_weakly-corr_seed7.pcf,hfma,2,677735,44
random_n100_rho1.0_weakly-corr_seed7.pcf,dhfma,2,184567,44
random_n100_rho1.0_weakly-corr_seed8.pcf,hfma,0,690776,50
random_n100_rho1.0_weakly-corr_seed8.pcf,dhfma,0,784144,50
random_n100_rho1.0_weakly-corr_seed8.pcf,hfma,1,621023,50
random_n100_rho1.0_weakly-corr_seed8.pcf,dhfma,1,706304,50
random_n100_rho1.0_weakly-corr_seed8.pcf,hfma,2,633860,50
random_n100_rho1.0_weakly-corr_seed8.pcf,dhfma,2,662566,50
random_n100_rho1.0_weakly-corr_seed9.pcf,hfma,0,708215,48
random_n100_rho1.0_weakly-corr_seed9.pcf,dhfma,0,1025044,48
random_n100_rho1.0_weakly-corr_seed9.pcf,hfma,1,636531,48
random_n100_rho1.0_weakly-corr_seed9.pcf,dhfma,1,510364,48
random_n100_rho1.0_weakly-corr_seed9.pcf,hfma,2,558997,48
random_n100_rho1.0_weakly-corr_seed9.pcf,dhfma,2,479636,48
random_n200_rho0.3_strongly-corr-neg_seed0.pcf,hfma,0,343356,160
random_n200_rho0.3_strongly-corr-neg_seed0.pcf,dhfma,0,338955,160
random_n200_rho0.3_strongly-corr-neg_seed0.pcf,hfma,1,235480,160
random_n200_rho0.3_strongly-corr-neg_seed0.pcf,dhfma,1,295968,160
random_n200_rho0.3_strongly-corr-neg_seed0.pcf,hfma,2,219462,160
random_n200_rho0.3_strongly-corr-neg_seed0.pcf,dhfma,2,267345,160
random_n200_rho0.3_strongly-corr-neg_seed1.pcf,hfma,0,383268,161
random_n200_rho0.3_strongly-corr-neg_seed1.pcf,dhfma,0,393726,161
random_n200_rho0.3_strongly-corr-neg_seed1.pcf,hfma,1,304053,161
random_n200_rho0.3_strongly-corr-neg_seed1.pcf,dhfma,1,340517,161
random_n200_rho0.3_strongly-corr-neg_seed1.pcf,hfma,2,274129,161
random_n200_rho0.3_strongly-corr-neg_seed1.pcf,dhfma,2,327306,161
random_n200_rho0.3_strongly-corr-neg_seed2.pcf,hfma,0,305504,162
random_n200_rho0.3_strongly-corr-neg_seed2.pcf,dhfma,0,311646,162
random_n200_rho0.3_strongly-corr-neg_seed2.pcf,hfma,1,219554,162
random_n200_rho0.3_strongly-corr-neg_seed2.pcf,dhfma,1,271102,162
random_n200_rho0.3_strongly-corr-neg_seed2.pcf,hfma,2,201008,162
random_n200_rho0.3_strongly-corr-neg_seed2.pcf,dhfma,2,240760,162
random_n200_rho0.3_strongly-corr-neg_seed3.pcf,hfma,0,337816,161
random_n200_rho0.3_strongly-corr-neg_seed3.pcf,dhfma,0,352235,161
random_n200_rho0.3_strongly-corr-neg_seed3.pcf,hfma,1,261569,161
random_n200_rho0.3_strongly-corr-neg_seed3.pcf,dhfma,1,299057,161
random_n200_rho0.3_strongly-corr-neg_seed3.pcf,hfma,2,241131,161
random_n200_rho0.3_strongly-corr-neg_seed3.pcf,dhfma,2,296047,161
random_n200_rho0.3_strongly-corr-neg_seed4.pcf,hfma,0,430191,152
random_n200_rho0.3_strongly-corr-neg_seed4.pcf,dhfma,0,415161,152
random_n200_rho0.3_strongly-corr-neg_seed4.pcf,hfma,1,299767,152
random_n200_rho0.3_strongly-corr-neg_seed4.pcf,dhfma,1,353407,152
random_n200_rho0.3_strongly-corr-neg_seed4.pcf,hfma,2,279033,152
random_n200_rho0.3_strongly-corr-neg_seed4.pcf,dhfma,2,349173,152
random_n200_rho0.3_strongly-corr-neg_seed5.pcf,hfma,0,338083,168
random_n200_rho0.3_strongly-corr-neg_seed5.pcf,dhfma,0,376978,168
random_n200_rho0.3_strongly-corr-neg_seed5.pcf,hfma,1,274255,168
random_n200_rho0.3_strongly-corr-neg_seed5.pcf,dhfma,1,327176,168
random_n200_rho0.3_strongly-corr-neg_seed5.pcf,hfma,2,250314,168
random_n200_rho0.3_strongly-corr-neg_seed5.pcf,dhfma,2,337160,168
random_n200_rho0.3_strongly-corr-neg_seed6.pcf,hfma,0,390837,167
random_n200_rho0.3_strongly-corr-neg_seed6.pcf,dhfma,0,395440,167
random_n200_rho0.3_strongly-corr-neg_seed6.pcf,hfma,1,296307,167
random_n200_rho0.3_strongly-corr-neg_seed6.pcf,dhfma,1,327075,167
random_n200_rho0.3_strongly-corr-neg_seed6.pcf,hfma,2,282737,167
random_n200_rho0.3_strongly-corr-neg_seed6.pcf,dhfma,2,295538,167
random_n200_rho0.3_strongly-corr-neg_seed7.pcf,hfma,0,358203,165
random_n200_rho0.3_strongly-corr-neg_seed7.pcf,dhfma,0,391856,165
random_n200_rho0.3_strongly-corr-neg_seed7.pcf,hfma,1,262750,165
random_n200_rho0.3_strongly-corr-neg_seed7.pcf,dhfma,1,397109,165
random_n200_rho0.3_strongly-corr-neg_seed7.pcf,hfma,2,257445,165
random_n200_rho0.3_strongly-corr-neg_seed7.pcf,dhfma,2,290058,165
random_n200_rho0.3_strongly-corr-neg_seed8.pcf,hfma,0,372184,167
random_n200_rho0.3_strongly-corr-neg_seed8.pcf,dhfma,0,402343,167
random_n200_rho0.3_strongly-corr-neg_seed8.pcf,hfma,1,320194,167
random_n200_rho0.3_strongly-corr-neg_seed8.pcf,dhfma,1,395292,167
random_n200_rho0.3_strongly-corr-neg_seed8.pcf,hfma,2,353695,167
random_n200_rho0.3_strongly-corr-neg_seed8.pcf,dhfma,2,299822,167
random_n200_rho0.3_strongly-corr-neg_seed9.pcf,hfma,0,260680,163
random_n200_rho0.3_strongly-corr-neg_seed9.pcf,dhfma,0,268621,163
random_n200_rho0.3_strongly-corr-neg_seed9.pcf,hfma,1,182359,163
random_n200_rho0.3_strongly-corr-neg_seed9.pcf,dhfma,1,240348,163
random_n200_rho0.3_strongly-corr-neg_seed9.pcf,hfma,2,179270,163
random_n200_rho0.3_strongly-corr-neg_seed9.pcf,dhfma,2,219869,163
random_n200_rho0.3_strongly-corr_seed0.pcf,hfma,0,374653,156
random_n200_rho0.3_strongly-corr_seed0.pcf,dhfma,0,369202,156
random_n200_rho0.3_strongly-corr_seed0.pcf,hfma,1,202867,156
random_n200_rho0.3_strongly-corr_seed0.pcf,dhfma,1,212046,156
random_n200_rho0.3_strongly-corr_seed0.pcf,hfma,2,187293,156
random_n200_rho0.3_strongly-corr_seed0.pcf,dhfma,2,211948,156
random_n200_rho0.3_strongly-corr_seed1.pcf,hfma,0,207506,151
random_n200_rho0.3_strongly-corr_seed1.pcf,dhfma,0,210921,151
random_n200_rho0.3_strongly-corr_seed1.pcf,hfma,1,151598,151
random_n200_rho0.3_strongly-corr_seed1.pcf,dhfma,1,191463,151
random_n200_rho0.3_strongly-corr_seed1.pcf,hfma,2,148186,151
random_n200_rho0.3_strongly-corr_seed1.pcf,dhfma,2,176749,151
random_n200_rho0.3_strongly-corr_seed2.pcf,hfma,0,285752,160
random_n200_rho0.3_strongly-corr_seed2.pcf,dhfma,0,252912,160
random_n200_rho0.3_strongly-corr_seed2.pcf,hfma,1,178313,160
random_n200_rho0.3_strongly-corr_seed2.pcf,dhfma,1,205879,160
random_n200_rho0.3_strongly-corr_seed2.pcf,hfma,2,165585,160
random_n200_rho0.3_strongly-corr_seed2.pcf,dhfma,2,194668,160
random_n200_rho0.3_strongly-corr_seed3.pcf,hfma,0,282335,159
random_n200_rho0.3_strongly-corr_seed3.pcf,dhfma,0,300487,159
random_n200_rho0.3_strongly-corr_seed3.pcf,hfma,1,169420,159
random_n200_rho0.3_strongly-corr_seed3.pcf,dhfma,1,183449,159
random_n200_rho0.3_strongly-corr_seed3.pcf,hfma,2,152763,159
random_n200_rho0.3_strongly-corr_seed3.pcf,dhfma,2,171057,159
random_n200_rho0.3_strongly-corr_seed4.pcf,hfma,0,273047,152
random_n200_rho0.3_strongly-corr_seed4.pcf,dhfma,0,305991,152
random_n200_rho0.3_strongly-corr_seed4.pcf,hfma,1,214448,152
random_n200_rho0.3_strongly-corr_seed4.pcf,dhfma,1,259616,152
random_n200_rho0.3_strongly-corr_seed4.pcf,hfma,2,209920,152
random_n200_rho0.3_strongly-corr_seed4.pcf,dhfma,2,273203,152
random_n200_rho0.3_strongly-corr_seed5.pcf,hfma,0,309155,160
random_n200_rho0.3_strongly-corr_seed5.pcf,dhfma,0,314380,160
random_n200_rho0.3_strongly-corr_seed5.pcf,hfma,1,220635,160
random_n200_rho0.3_strongly-corr_seed5.pcf,dhfma,1,262642,160
random_n200_rho0.3_strongly-corr_seed5.pcf,hfma,2,211920,160
random_n200_rho0.3_strongly-corr_seed5.pcf,dhfma,2,239246,160
random_n200_rho0.3_strongly-corr_seed6.pcf,hfma,0,391052,157
random_n200_rho0.3_strongly-corr_seed6.pcf,dhfma,0,405674,157
random_n200_rho0.3_strongly-corr_seed6.pcf,hfma,1,315319,157
random_n200_rho0.3_strongly-corr_seed6.pcf,dhfma,1,365295,157
random_n200_rho0.3_strongly-corr_seed6.pcf,hfma,2,297655,157
random_n200_rho0.3_strongly-corr_seed6.pcf,dhfma,2,369018,157
random_n200_rho0.3_strongly-corr_seed7.pcf,hfma,0,347637,155
random_n200_rho0.3_strongly-corr_seed7.pcf,dhfma,0,361266,155
random_n200_rho0.3_strongly-corr_seed7.pcf,hfma,1,259155,155
random_n200_rho0.3_strongly-corr_seed7.pcf,dhfma,1,296670,155
random_n200_rho0.3_strongly-corr_seed7.pcf,hfma,2,250596,155
random_n200_rho0.3_strongly-corr_seed7.pcf,dhfma,2,279763,155
random_n200_rho0.3_strongly-corr_seed8.pcf,hfma,0,334414,164
random_n200_rho0.3_strongly-corr_seed8.pcf,dhfma,0,318100,164
random_n200_rho0.3_strongly-corr_seed8.pcf,hfma,1,232074,164
random_n200_rho0.3_strongly-corr_seed8.pcf,dhfma,1,310152,164
random_n200_rho0.3_strongly-corr_seed8.pcf,hfma,2,232411,164
random_n200_rho0.3_strongly-corr_seed8.pcf,dhfma,2,250910,164
random_n200_rho0.3_strongly-corr_seed9.pcf,hfma,0,367654,155
random_n200_rho0.3_strongly-corr_seed9.pcf,dhfma,0,398015,155
random_n200_rho0.3_strongly-corr_seed9.pcf,hfma,1,277005,155
random_n200_rho0.3_strongly-corr_seed9.pcf,dhfma,1,338802,155
random_n200_rho0.3_strongly-corr_seed9.pcf,hfma,2,274545,155
random_n200_rho0.3_strongly-corr_seed9.pcf,dhfma,2,341744,155
random_n200_rho0.3_uncorr-neg_seed0.pcf,hfma,0,384600,168
random_n200_rho0.3_uncorr-neg_seed0.pcf,dhfma,0,409831,168
random_n200_rho0.3_uncorr-neg_seed0.pcf,hfma,1,286646,168
random_n200_rho0.3_uncorr-neg_seed0.pcf,dhfma,1,359945,168
random_n200_rho0.3_uncorr-neg_seed0.pcf,hfma,2,274462,168
random_n200_rho0.3_uncorr-neg_seed0.pcf,dhfma,2,344522,168
random_n200_rho0.3_uncorr-neg_seed1.pcf,hfma,0,400475,159
random_n200_rho0.3_uncorr-neg_seed1.pcf,dhfma,0,404548,159
random_n200_rho0.3_uncorr-neg_seed1.pcf,hfma,1,289754,159
random_n200_rho0.3_uncorr-neg_seed1.pcf,dhfma,1,353395,159
random_n200_rho0.3_uncorr-neg_seed1.pcf,hfma,2,269170,159
random_n200_rho0.3_uncorr-neg_seed1.pcf,dhfma,2,318315,159
random_n200_rho0.3_uncorr-neg_seed2.pcf,hfma,0,347676,177
random_n200_rho0.3_uncorr-neg_seed2.pcf,dhfma,0,381286,177
random_n200_rho0.3_uncorr-neg_seed2.pcf,hfma,1,257120,177
random_n200_rho0.3_uncorr-neg_seed2.pcf,dhfma,1,409488,177
random_n200_rho0.3_uncorr-neg_seed2.pcf,hfma,2,256433,177
random_n200_rho0.3_uncorr-neg_seed2.pcf,dhfma,2,294898,177
random_n200_rho0.3_uncorr-neg_seed3.pcf,hfma,0,403652,165
random_n200_rho0.3_uncorr-neg_seed3.pcf,dhfma,0,419075,165
random_n200_rho0.3_uncorr-neg_seed3.pcf,hfma,1,315269,165
random_n200_rho0.3_uncorr-neg_seed3.pcf,dhfma,1,390601,165
random_n200_rho0.3_uncorr-neg_seed3.pcf,hfma,2,310158,165
random_n200_rho0.3_uncorr-neg_seed3.pcf,dhfma,2,370399,165
random_n200_rho0.3_uncorr-neg_seed4.pcf,hfma,0,350879,161
random_n200_rho0.3_uncorr-neg_seed4.pcf,dhfma,0,367591,161
random_n200_rho0.3_uncorr-neg_seed4.pcf,hfma,1,269964,161
random_n200_rho0.3_uncorr-neg_seed4.pcf,dhfma,1,315995,161
random_n200_rho0.3_uncorr-neg_seed4.pcf,hfma,2,248090,161
random_n200_rho0.3_uncorr-neg_seed4.pcf,dhfma,2,282365,161
random_n200_rho0.3_uncorr-neg_seed5.pcf,hfma,0,364011,174
random_n200_rho0.3_uncorr-neg_seed5.pcf,dhfma,0,377037,174
random_n200_rho0.3_uncorr-neg_seed5.pcf,hfma,1,268539,174
random_n200_rho0.3_uncorr-neg_seed5.pcf,dhfma,1,313240,174
random_n200_rho0.3_uncorr-neg_seed5.pcf,hfma,2,252374,174
random_n200_rho0.3_uncorr-neg_seed5.pcf,dhfma,2,272882,174
random_n200_rho0.3_uncorr-neg_seed6.pcf,hfma,0,302430,174
random_n200_rho0.3_uncorr-neg_seed6.pcf,dhfma,0,318319,174
random_n200_rho0.3_uncorr-neg_seed6.pcf,hfma,1,238547,174
random_n200_rho0.3_uncorr-neg_seed6.pcf,dhfma,1,270771,174
random_n200_rho0.3_uncorr-neg_seed6.pcf,hfma,2,205972,174
random_n200_rho0.3_uncorr-neg_seed6.pcf,dhfma,2,250032,174
random_n200_rho0.3_uncorr-neg_seed7.pcf,hfma,0,345050,179
random_n200_rho0.3_uncorr-neg_seed7.pcf,dhfma,0,384397,179
random_n200_rho0.3_uncorr-neg_seed7.pcf,hfma,1,261683,179
random_n200_rho0.3_uncorr-neg_seed7.pcf,dhfma,1,319742,179
random_n200_rho0.3_uncorr-neg_seed7.pcf,hfma,2,259213,179
random_n200_rho0.3_uncorr-neg_seed7.pcf,dhfma,2,310917,179
random_n200_rho0.3_uncorr-neg_seed8.pcf,hfma,0,336668,180
random_n200_rho0.3_uncorr-neg_seed8.pcf,dhfma,0,381226,180
random_n200_rho0.3_uncorr-neg_seed8.pcf,hfma,1,238288,180
random_n200_rho0.3_uncorr-neg_seed8.pcf,dhfma,1,286149,180
random_n200_rho0.3_uncorr-neg_seed8.pcf,hfma,2,221922,180
random_n200_rho0.3_uncorr-neg_seed8.pcf,dhfma,2,280751,180
random_n200_rho0.3_uncorr-neg_seed9.pcf,hfma,0,276980,174
random_n200_rho0.3_uncorr-neg_seed9.pcf,dhfma,0,299373,174
random_n200_rho0.3_uncorr-neg_seed9.pcf,hfma,1,220096,174
random_n200_rho0.3_uncorr-neg_seed9.pcf,dhfma,1,252742,174
random_n200_rho0.3_uncorr-neg_seed9.pcf,hfma,2,238094,174
random_n200_rho0.3_uncorr-neg_seed9.pcf,dhfma,2,300788,174
random_n200_rho0.3_uncorr_seed0.pcf,hfma,0,328596,171
random_n200_rho0.3_uncorr_seed0.pcf,dhfma,0,352611,171
random_n200_rho0.3_uncorr_seed0.pcf,hfma,1,261239,171
random_n200_rho0.3_uncorr_seed0.pcf,dhfma,1,302520,171
random_n200_rho0.3_uncorr_seed0.pcf,hfma,2,239404,171
random_n200_rho0.3_uncorr_seed0.pcf,dhfma,2,293147,171
random_n200_rho0.3_uncorr_seed1.pcf,hfma,0,407782,157
random_n200_rho0.3_uncorr_seed1.pcf,dhfma,0,382572,157
random_n200_rho0.3_uncorr_seed1.pcf,hfma,1,281975,157
random_n200_rho0.3_uncorr_seed1.pcf,dhfma,1,412545,157
random_n200_rho0.3_uncorr_seed1.pcf,hfma,2,332429,157
random_n200_rho0.3_uncorr_seed1.pcf,dhfma,2,355374,157
random_n200_rho0.3_uncorr_seed2.pcf,hfma,0,312501,170
random_n200_rho0.3_uncorr_seed2.pcf,dhfma,0,333155,170
random_n200_rho0.3_uncorr_seed2.pcf,hfma,1,234488,170
random_n200_rho0.3_uncorr_seed2.pcf,dhfma,1,279032,170
random_n200_rho0.3_uncorr_seed2.pcf,hfma,2,215398,170
random_n200_rho0.3_uncorr_seed2.pcf,dhfma,2,272235,170
random_n200_rho0.3_uncorr_seed3.pcf,hfma,0,354711,167
random_n200_rho0.3_uncorr_seed3.pcf,dhfma,0,360256,167
random_n200_rho0.3_uncorr_seed3.pcf,hfma,1,263096,167
random_n200_rho0.3_uncorr_seed3.pcf,dhfma,1,324154,167
random_n200_rho0.3_uncorr_seed3.pcf,hfma,2,251237,167
random_n200_rho0.3_uncorr_seed3.pcf,dhfma,2,298663,167
random_n200_rho0.3_uncorr_seed4.pcf,hfma,0,343010,162
random_n200_rho0.3_uncorr_seed4.pcf,dhfma,0,376136,162
random_n200_rho0.3_uncorr_seed4.pcf,hfma,1,270190,162
random_n200_rho0.3_uncorr_seed4.pcf,dhfma,1,313979,162
random_n200_rho0.3_uncorr_seed4.pcf,hfma,2,248384,162
random_n200_rho0.3_uncorr_seed4.pcf,dhfma,2,312613,162
random_n200_rho0.3_uncorr_seed5.pcf,hfma,0,428565,173
random_n200_rho0.3_uncorr_seed5.pcf,dhfma,0,369649,173
random_n200_rho0.3_uncorr_seed5.pcf,hfma,1,275886,173
random_n200_rho0.3_uncorr_seed5.pcf,dhfma,1,330876,173
random_n200_rho0.3_uncorr_seed5.pcf,hfma,2,236915,173
random_n200_rho0.3_uncorr_seed5.pcf,dhfma,2,255337,173
random_n200_rho0.3_uncorr_seed6.pcf,hfma,0,343364,164
random_n200_rho0.3_uncorr_seed6.pcf,dhfma,0,377520,164
random_n200_rho0.3_uncorr_seed6.pcf,hfma,1,272032,164
random_n200_rho0.3_uncorr_seed6.pcf,dhfma,1,327678,164
random_n200_rho0.3_uncorr_seed6.pcf,hfma,2,251925,164
random_n200_rho0.3_uncorr_seed6.pcf,dhfma,2,298519,164
random_n200_rho0.3_uncorr_seed7.pcf,hfma,0,331969,162
random_n200_rho0.3_uncorr_seed7.pcf,dhfma,0,341610,162
random_n200_rho0.3_uncorr_seed7.pcf,hfma,1,242602,162
random_n200_rho0.3_uncorr_seed7.pcf,dhfma,1,302698,162
random_n200_rho0.3_uncorr_seed7.pcf,hfma,2,226275,162
random_n200_rho0.3_uncorr_seed7.pcf,dhfma,2,264852,162
random_n200_rho0.3_uncorr_seed8.pcf,hfma,0,375342,169
random_n200_rho0.3_uncorr_seed8.pcf,dhfma,0,405635,169
random_n200_rho0.3_uncorr_seed8.pcf,hfma,1,280163,169
random_n200_rho0.3_uncorr_seed8.pcf,dhfma,1,361315,169
random_n200_rho0.3_uncorr_seed8.pcf,hfma,2,271916,169
random_n200_rho0.3_uncorr_seed8.pcf,dhfma,2,335628,169
random_n200_rho0.3_uncorr_seed9.pcf,hfma,0,370189,169
random_n200_rho0.3_uncorr_seed9.pcf,dhfma,0,388798,169
random_n200_rho0.3_uncorr_seed9.pcf,hfma,1,281192,169
random_n200_rho0.3_uncorr_seed9.pcf,dhfma,1,335768,169
random_n200_rho0.3_uncorr_seed9.pcf,hfma,2,269675,169
random_n200_rho0.3_uncorr_seed9.pcf,dhfma,2,325695,169
random_n200_rho0.3_weakly-corr-neg_seed0.pcf,hfma,0,361780,161
random_n200_rho0.3_weakly-corr-neg_seed0.pcf,dhfma,0,372269,161
random_n200_rho0.3_weakly-corr-neg_seed0.pcf,hfma,1,278289,161
random_n200_rho0.3_weakly-corr-neg_seed0.pcf,dhfma,1,322804,161
random_n200_rho0.3_weakly-corr-neg_seed0.pcf,hfma,2,250613,161
random_n200_rho0.3_weakly-corr-neg_seed0.pcf,dhfma,2,284773,161
random_n200_rho0.3_weakly-corr-neg_seed1.pcf,hfma,0,436473,159
random_n200_rho0.3_weakly-corr-neg_seed1.pcf,dhfma,0,473063,159
random_n200_rho0.3_weakly-corr-neg_seed1.pcf,hfma,1,327746,159
random_n200_rho0.3_weakly-corr-neg_seed1.pcf,dhfma,1,411551,159
random_n200_rho0.3_weakly-corr-neg_seed1.pcf,hfma,2,319577,159
random_n200_rho0.3_weakly-corr-neg_seed1.pcf,dhfma,2,396977,159
random_n200_rho0.3_weakly-corr-neg_seed2.pcf,hfma,0,340827,177
random_n200_rho0.3_weakly-corr-neg_seed2.pcf,dhfma,0,384298,177
random_n200_rho0.3_weakly-corr-neg_seed2.pcf,hfma,1,254031,177
random_n200_rho0.3_weakly-corr-neg_seed2.pcf,dhfma,1,276706,177
random_n200_rho0.3_weakly-corr-neg_seed2.pcf,hfma,2,233289,177
random_n200_rho0.3_weakly-corr-neg_seed2.pcf,dhfma,2,263019,177
random_n200_rho0.3_weakly-corr-neg_seed3.pcf,hfma,0,351971,173
random_n200_rho0.3_weakly-corr-neg_seed3.pcf,dhfma,0,392453,173
random_n200_rho0.3_weakly-corr-neg_seed3.pcf,hfma,1,260291,173
random_n200_rho0.3_weakly-corr-neg_seed3.pcf,dhfma,1,329183,173
random_n200_rho0.3_weakly-corr-neg_seed3.pcf,hfma,2,282779,173
random_n200_rho0.3_weakly-corr-neg_seed3.pcf,dhfma,2,257719,173
random_n200_rho0.3_weakly-corr-neg_seed4.pcf,hfma,0,627610,170
random_n200_rho0.3_weakly-corr-neg_seed4.pcf,dhfma,0,240851,170
random_n200_rho0.3_weakly-corr-neg_seed4.pcf,hfma,1,178894,170
random_n200_rho0.3_weakly-corr-neg_seed4.pcf,dhfma,1,201210,170
random_n200_rho0.3_weakly-corr-neg_seed4.pcf,hfma,2,154964,170
random_n200_rho0.3_weakly-corr-neg_seed4.pcf,dhfma,2,197871,170
random_n200_rho0.3_weakly-corr-neg_seed5.pcf,hfma,0,296054,167
random_n200_rho0.3_weakly-corr-neg_seed5.pcf,dhfma,0,294088,167
random_n200_rho0.3_weakly-corr-neg_seed5.pcf,hfma,1,186313,167
random_n200_rho0.3_weakly-corr-neg_seed5.pcf,dhfma,1,221419,167
random_n200_rho0.3_weakly-corr-neg_seed5.pcf,hfma,2,181230,167
random_n200_rho0.3_weakly-corr-neg_seed5.pcf,dhfma,2,211433,167
random_n200_rho0.3_weakly-corr-neg_seed6.pcf,hfma,0,248745,170
random_n200_rho0.3_weakly-corr-neg_seed6.pcf,dhfma,0,218450,170
random_n200_rho0.3_weakly-corr-neg_seed6.pcf,hfma,1,153410,170
random_n200_rho0.3_weakly-corr-neg_seed6.pcf,dhfma,1,174366,170
random_n200_rho0.3_weakly-corr-neg_seed6.pcf,hfma,2,140790,170
random_n200_rho0.3_weakly-corr-neg_seed6.pcf,dhfma,2,183580,170
random_n200_rho0.3_weakly-corr-neg_seed7.pcf,hfma,0,293843,171
random_n200_rho0.3_weakly-corr-neg_seed7.pcf,dhfma,0,304309,171
random_n200_rho0.3_weakly-corr-neg_seed7.pcf,hfma,1,338867,171
random_n200_rho0.3_weakly-corr-neg_seed7.pcf,dhfma,1,289789,171
random_n200_rho0.3_weakly-corr-neg_seed7.pcf,hfma,2,227341,171
random_n200_rho0.3_weakly-corr-neg_seed7.pcf,dhfma,2,265814,171
random_n200_rho0.3_weakly-corr-neg_seed8.pcf,hfma,0,365429,167
random_n200_rho0.3_weakly-corr-neg_seed8.pcf,dhfma,0,377278,167
random_n200_rho0.3_weakly-corr-neg_seed8.pcf,hfma,1,276244,167
random_n200_rho0.3_weakly-corr-neg_seed8.pcf,dhfma,1,339473,167
random_n200_rho0.3_weakly-corr-neg_seed8.pcf,hfma,2,251603,167
random_n200_rho0.3_weakly-corr-neg_seed8.pcf,dhfma,2,301950,167
random_n200_rho0.3_weakly-corr-neg_seed9.pcf,hfma,0,395968,170
random_n200_rho0.3_weakly-corr-neg_seed9.pcf,dhfma,0,424051,170
random_n200_rho0.3_weakly-corr-neg_seed9.pcf,hfma,1,316635,170
random_n200_rho0.3_weakly-corr-neg_seed9.pcf,dhfma,1,401906,170
random_n200_rho0.3_weakly-corr-neg_seed9.pcf,hfma,2,305422,170
random_n200_rho0.3_weakly-corr-neg_seed9.pcf,dhfma,2,379743,170
random_n200_rho0.3_weakly-corr_seed0.pcf,hfma,0,340616,171
random_n200_rho0.3_weakly-corr_seed0.pcf,dhfma,0,344520,171
random_n200_rho0.3_weakly-corr_seed0.pcf,hfma,1,361687,171
random_n200_rho0.3_weakly-corr_seed0.pcf,dhfma,1,375517,171
random_n200_rho0.3_weakly-corr_seed0.pcf,hfma,2,293494,171
random_n200_rho0.3_weakly-corr_seed0.pcf,dhfma,2,306257,171
random_n200_rho0.3_weakly-corr_seed1.pcf,hfma,0,357108,159
random_n200_rho0.3_weakly-corr_seed1.pcf,dhfma,0,397981,159
random_n200_rho0.3_weakly-corr_seed1.pcf,hfma,1,269337,159
random_n200_rho0.3_weakly-corr_seed1.pcf,dhfma,1,327713,159
random_n200_rho0.3_weakly-corr_seed1.pcf,hfma,2,250038,159
random_n200_rho0.3_weakly-corr_seed1.pcf,dhfma,2,311721,159
random_n200_rho0.3_weakly-corr_seed2.pcf,hfma,0,388624,171
random_n200_rho0.3_weakly-corr_seed2.pcf,dhfma,0,447250,171
random_n200_rho0.3_weakly-corr_seed2.pcf,hfma,1,304492,171
random_n200_rho0.3_weakly-corr_seed2.pcf,dhfma,1,383516,171
random_n200_rho0.3_weakly-corr_seed2.pcf,hfma,2,305955,171
random_n200_rho0.3_weakly-corr_seed2.pcf,dhfma,2,335324,171
random_n200_rho0.3_weakly-corr_seed3.pcf,hfma,0,375569,169
random_n200_rho0.3_weakly-corr_seed3.pcf,dhfma,0,432277,169
random_n200_rho0.3_weakly-corr_seed3.pcf,hfma,1,299590,169
random_n200_rho0.3_weakly-corr_seed3.pcf,dhfma,1,370160,169
random_n200_rho0.3_weakly-corr_seed3.pcf,hfma,2,290394,169
random_n200_rho0.3_weakly-corr_seed3.pcf,dhfma,2,354500,169
random_n200_rho0.3_weakly-corr_seed4.pcf,hfma,0,339877,165
random_n200_rho0.3_weakly-corr_seed4.pcf,dhfma,0,378865,165
random_n200_rho0.3_weakly-corr_seed4.pcf,hfma,1,268852,165
random_n200_rho0.3_weakly-corr_seed4.pcf,dhfma,1,345263,165
random_n200_rho0.3_weakly-corr_seed4.pcf,hfma,2,278717,165
random_n200_rho0.3_weakly-corr_seed4.pcf,dhfma,2,304615,165
random_n200_rho0.3_weakly-corr_seed5.pcf,hfma,0,335344,174
random_n200_rho0.3_weakly-corr_seed5.pcf,dhfma,0,364977,174
random_n200_rho0.3_weakly-corr_seed5.pcf,hfma,1,275813,174
random_n200_rho0.3_weakly-corr_seed5.pcf,dhfma,1,345001,174
random_n200_rho0.3_weakly-corr_seed5.pcf,hfma,2,269760,174
random_n200_rho0.3_weakly-corr_seed5.pcf,dhfma,2,315813,174
random_n200_rho0.3_weakly-corr_seed6.pcf,hfma,0,358136,165
random_n200_rho0.3_weakly-corr_seed6.pcf,dhfma,0,395774,165
random_n200_rho0.3_weakly-corr_seed6.pcf,hfma,1,283738,165
random_n200_rho0.3_weakly-corr_seed6.pcf,dhfma,1,336066,165
random_n200_rho0.3_weakly-corr_seed6.pcf,hfma,2,268084,165
random_n200_rho0.3_weakly-corr_seed6.pcf,dhfma,2,363946,165
random_n200_rho0.3_weakly-corr_seed7.pcf,hfma,0,362297,174
random_n200_rho0.3_weakly-corr_seed7.pcf,dhfma,0,350168,174
random_n200_rho0.3_weakly-corr_seed7.pcf,hfma,1,305163,174
random_n200_rho0.3_weakly-corr_seed7.pcf,dhfma,1,322811,174
random_n200_rho0.3_weakly-corr_seed7.pcf,hfma,2,255810,174
random_n200_rho0.3_weakly-corr_seed7.pcf,dhfma,2,315319,174
random_n200_rho0.3_weakly-corr_seed8.pcf,hfma,0,388005,163
random_n200_rho0.3_weakly-corr_seed8.pcf,dhfma,0,468432,163
random_n200_rho0.3_weakly-corr_seed8.pcf,hfma,1,303936,163
random_n200_rho0.3_weakly-corr_seed8.pcf,dhfma,1,345442,163
random_n200_rho0.3_weakly-corr_seed8.pcf,hfma,2,275603,163
random_n200_rho0.3_weakly-corr_seed8.pcf,dhfma,2,318627,163
random_n200_rho0.3_weakly-corr_seed9.pcf,hfma,0,373993,165
random_n200_rho0.3_weakly-corr_seed9.pcf,dhfma,0,410758,165
random_n200_rho0.3_weakly-corr_seed9.pcf,hfma,1,293621,165
random_n200_rho0.3_weakly-corr_seed9.pcf,dhfma,1,357790,165
random_n200_rho0.3_weakly-corr_seed9.pcf,hfma,2,346617,165
random_n200_rho0.3_weakly-corr_seed9.pcf,dhfma,2,340467,165
random_n200_rho0.6_strongly-corr-neg_seed0.pcf,hfma,0,517654,132
random_n200_rho0.6_strongly-corr-neg_seed0.pcf,dhfma,0,545232,132
random_n200_rho0.6_strongly-corr-neg_seed0.pcf,hfma,1,415458,132
random_n200_rho0.6_strongly-corr-neg_seed0.pcf,dhfma,1,577088,132
random_n200_rho0.6_strongly-corr-neg_seed0.pcf,hfma,2,475159,132
random_n200_rho0.6_strongly-corr-neg_seed0.pcf,dhfma,2,511028,132
random_n200_rho0.6_strongly-corr-neg_seed1.pcf,hfma,0,569957,136
random_n200_rho0.6_strongly-corr-neg_seed1.pcf,dhfma,0,595830,136
random_n200_rho0.6_strongly-corr-neg_seed1.pcf,hfma,1,469948,136
random_n200_rho0.6_strongly-corr-neg_seed1.pcf,dhfma,1,524171,136
random_n200_rho0.6_strongly-corr-neg_seed1.pcf,hfma,2,452459,136
random_n200_rho0.6_strongly-corr-neg_seed1.pcf,dhfma,2,514034,136
random_n200_rho0.6_strongly-corr-neg_seed2.pcf,hfma,0,723381,137
random_n200_rho0.6_strongly-corr-neg_seed2.pcf,dhfma,0,788614,137
random_n200_rho0.6_strongly-corr-neg_seed2.pcf,hfma,1,636385,137
random_n200_rho0.6_strongly-corr-neg_seed2.pcf,dhfma,1,698143,137
random_n200_rho0.6_strongly-corr-neg_seed2.pcf,hfma,2,618000,137
random_n200_rho0.6_strongly-corr-neg_seed2.pcf,dhfma,2,687178,137
random_n200_rho0.6_strongly-corr-neg_seed3.pcf,hfma,0,737953,128
random_n200_rho0.6_strongly-corr-neg_seed3.pcf,dhfma,0,664099,128
random_n200_rho0.6_strongly-corr-neg_seed3.pcf,hfma,1,549762,128
random_n200_rho0.6_strongly-corr-neg_seed3.pcf,dhfma,1,571471,128
random_n200_rho0.6_strongly-corr-neg_seed3.pcf,hfma,2,518116,128
random_n200_rho0.6_strongly-corr-neg_seed3.pcf,dhfma,2,556924,128
random_n200_rho0.6_strongly-corr-neg_seed4.pcf,hfma,0,644740,140
random_n200_rho0.6_strongly-corr-neg_seed4.pcf,dhfma,0,623785,140
random_n200_rho0.6_strongly-corr-neg_seed4.pcf,hfma,1,537101,140
random_n200_rho0.6_strongly-corr-neg_seed4.pcf,dhfma,1,582092,140
random_n200_rho0.6_strongly-corr-neg_seed4.pcf,hfma,2,521670,140
random_n200_rho0.6_strongly-corr-neg_seed4.pcf,dhfma,2,577105,140
random_n200_rho0.6_strongly-corr-neg_seed5.pcf,hfma,0,834888,126
random_n200_rho0.6_strongly-corr-neg_seed5.pcf,dhfma,0,842838,126
random_n200_rho0.6_strongly-corr-neg_seed5.pcf,hfma,1,798643,126
random_n200_rho0.6_strongly-corr-neg_seed5.pcf,dhfma,1,804822,126
random_n200_rho0.6_strongly-corr-neg_seed5.pcf,hfma,2,767186,126
random_n200_rho0.6_strongly-corr-neg_seed5.pcf,dhfma,2,599165,126
random_n200_rho0.6_strongly-corr-neg_seed6.pcf,hfma,0,783093,127
random_n200_rho0.6_strongly-corr-neg_seed6.pcf,dhfma,0,676909,127
random_n200_rho0.6_strongly-corr-neg_seed6.pcf,hfma,1,506037,127
random_n200_rho0.6_strongly-corr-neg_seed6.pcf,dhfma,1,586262,127
random_n200_rho0.6_strongly-corr-neg_seed6.pcf,hfma,2,484902,127
random_n200_rho0.6_strongly-corr-neg_seed6.pcf,dhfma,2,566466,127
random_n200_rho0.6_strongly-corr-neg_seed7.pcf,hfma,0,614996,136
random_n200_rho0.6_strongly-corr-neg_seed7.pcf,dhfma,0,597871,136
random_n200_rho0.6_strongly-corr-neg_seed7.pcf,hfma,1,509564,136
random_n200_rho0.6_strongly-corr-neg_seed7.pcf,dhfma,1,528219,136
random_n200_rho0.6_strongly-corr-neg_seed7.pcf,hfma,2,508431,136
random_n200_rho0.6_strongly-corr-neg_seed7.pcf,dhfma,2,531990,136
random_n200_rho0.6_strongly-corr-neg_seed8.pcf,hfma,0,630766,132
random_n200_rho0.6_strongly-corr-neg_seed8.pcf,dhfma,0,609283,132
random_n200_rho0.6_strongly-corr-neg_seed8.pcf,hfma,1,548960,132
random_n200_rho0.6_strongly-corr-neg_seed8.pcf,dhfma,1,537184,132
random_n200_rho0.6_strongly-corr-neg_seed8.pcf,hfma,2,498868,132
random_n200_rho0.6_strongly-corr-neg_seed8.pcf,dhfma,2,510547,132
random_n200_rho0.6_strongly-corr-neg_seed9.pcf,hfma,0,593327,145
random_n200_rho0.6_strongly-corr-neg_seed9.pcf,dhfma,0,604379,145
random_n200_rho0.6_strongly-corr-neg_seed9.pcf,hfma,1,474512,145
random_n200_rho0.6_strongly-corr-neg_seed9.pcf,dhfma,1,515217,145
random_n200_rho0.6_strongly-corr-neg_seed9.pcf,hfma,2,464441,145
random_n200_rho0.6_strongly-corr-neg_seed9.pcf,dhfma,2,506809,145
random_n200_rho0.6_strongly-corr_seed0.pcf,hfma,0,687126,135
random_n200_rho0.6_strongly-corr_seed0.pcf,dhfma,0,749047,135
random_n200_rho0.6_strongly-corr_seed0.pcf,hfma,1,636358,135
random_n200_rho0.6_strongly-corr_seed0.pcf,dhfma,1,677973,135
random_n200_rho0.6_strongly-corr_seed0.pcf,hfma,2,580622,135
random_n200_rho0.6_strongly-corr_seed0.pcf,dhfma,2,661526,135
random_n200_rho0.6_strongly-corr_seed1.pcf,hfma,0,553323,132
random_n200_rho0.6_strongly-corr_seed1.pcf,dhfma,0,577160,132
random_n200_rho0.6_strongly-corr_seed1.pcf,hfma,1,509721,132
random_n200_rho0.6_strongly-corr_seed1.pcf,dhfma,1,517749,132
random_n200_rho0.6_strongly-corr_seed1.pcf,hfma,2,444494,132
random_n200_rho0.6_strongly-corr_seed1.pcf,dhfma,2,537917,132
random_n200_rho0.6_strongly-corr_seed2.pcf,hfma,0,678782,127
random_n200_rho0.6_strongly-corr_seed2.pcf,dhfma,0,747983,127
random_n200_rho0.6_strongly-corr_seed2.pcf,hfma,1,519088,127
random_n200_rho0.6_strongly-corr_seed2.pcf,dhfma,1,551422,127
random_n200_rho0.6_strongly-corr_seed2.pcf,hfma,2,461756,127
random_n200_rho0.6_strongly-corr_seed2.pcf,dhfma,2,505165,127
random_n200_rho0.6_strongly-corr_seed3.pcf,hfma,0,659261,140
random_n200_rho0.6_strongly-corr_seed3.pcf,dhfma,0,694384,140
random_n200_rho0.6_strongly-corr_seed3.pcf,hfma,1,578840,140
random_n200_rho0.6_strongly-corr_seed3.pcf,dhfma,1,636123,140
random_n200_rho0.6_strongly-corr_seed3.pcf,hfma,2,567982,140
random_n200_rho0.6_strongly-corr_seed3.pcf,dhfma,2,634984,140
random_n200_rho0.6_strongly-corr_seed4.pcf,hfma,0,734145,134
random_n200_rho0.6_strongly-corr_seed4.pcf,dhfma,0,757881,134
random_n200_rho0.6_strongly-corr_seed4.pcf,hfma,1,640367,134
random_n200_rho0.6_strongly-corr_seed4.pcf,dhfma,1,666612,134
random_n200_rho0.6_strongly-corr_seed4.pcf,hfma,2,600466,134
random_n200_rho0.6_strongly-corr_seed4.pcf,dhfma,2,598335,134
random_n200_rho0.6_strongly-corr_seed5.pcf,hfma,0,557339,134
random_n200_rho0.6_strongly-corr_seed5.pcf,dhfma,0,569311,134
random_n200_rho0.6_strongly-corr_seed5.pcf,hfma,1,463674,134
random_n200_rho0.6_strongly-corr_seed5.pcf,dhfma,1,501928,134
random_n200_rho0.6_strongly-corr_seed5.pcf,hfma,2,487076,134
random_n200_rho0.6_strongly-corr_seed5.pcf,dhfma,2,492483,134
random_n200_rho0.6_strongly-corr_seed6.pcf,hfma,0,854032,129
random_n200_rho0.6_strongly-corr_seed6.pcf,dhfma,0,808599,129
random_n200_rho0.6_strongly-corr_seed6.pcf,hfma,1,732793,129
random_n200_rho0.6_strongly-corr_seed6.pcf,dhfma,1,755096,129
random_n200_rho0.6_strongly-corr_seed6.pcf,hfma,2,725921,129
random_n200_rho0.6_strongly-corr_seed6.pcf,dhfma,2,704365,129
random_n200_rho0.6_strongly-corr_seed7.pcf,hfma,0,555347,134
random_n200_rho0.6_strongly-corr_seed7.pcf,dhfma,0,626839,134
random_n200_rho0.6_strongly-corr_seed7.pcf,hfma,1,498783,134
random_n200_rho0.6_strongly-corr_seed7.pcf,dhfma,1,564442,134
random_n200_rho0.6_strongly-corr_seed7.pcf,hfma,2,478125,134
random_n200_rho0.6_strongly-corr_seed7.pcf,dhfma,2,542536,134
random_n200_rho0.6_strongly-corr_seed8.pcf,hfma,0,901784,124
random_n200_rho0.6_strongly-corr_seed8.pcf,dhfma,0,960368,124
random_n200_rho0.6_strongly-corr_seed8.pcf,hfma,1,769002,124
random_n200_rho0.6_strongly-corr_seed8.pcf,dhfma,1,891615,124
random_n200_rho0.6_strongly-corr_seed8.pcf,hfma,2,752518,124
random_n200_rho0.6_strongly-corr_seed8.pcf,dhfma,2,878033,124
random_n200_rho0.6_strongly-corr_seed9.pcf,hfma,0,518151,145
random_n200_rho0.6_strongly-corr_seed9.pcf,dhfma,0,516344,145
random_n200_rho0.6_strongly-corr_seed9.pcf,hfma,1,408962,145
random_n200_rho0.6_strongly-corr_seed9.pcf,dhfma,1,473669,145
random_n200_rho0.6_strongly-corr_seed9.pcf,hfma,2,425427,145
random_n200_rho0.6_strongly-corr_seed9.pcf,dhfma,2,462876,145
random_n200_rho0.6_uncorr-neg_seed0.pcf,hfma,0,582646,137
random_n200_rho0.6_uncorr-neg_seed0.pcf,dhfma,0,647751,137
random_n200_rho0.6_uncorr-neg_seed0.pcf,hfma,1,515393,137
random_n200_rho0.6_uncorr-neg_seed0.pcf,dhfma,1,583304,137
random_n200_rho0.6_uncorr-neg_seed0.pcf,hfma,2,488237,137
random_n200_rho0.6_uncorr-neg_seed0.pcf,dhfma,2,550258,137
random_n200_rho0.6_uncorr-neg_seed1.pcf,hfma,0,855396,138
random_n200_rho0.6_uncorr-neg_seed1.pcf,dhfma,0,876837,138
random_n200_rho0.6_uncorr-neg_seed1.pcf,hfma,1,720261,138
random_n200_rho0.6_uncorr-neg_seed1.pcf,dhfma,1,808244,138
random_n200_rho0.6_uncorr-neg_seed1.pcf,hfma,2,721111,138
random_n200_rho0.6_uncorr-neg_seed1.pcf,dhfma,2,706987,138
random_n200_rho0.6_uncorr-neg_seed2.pcf,hfma,0,590286,141
random_n200_rho0.6_uncorr-neg_seed2.pcf,dhfma,0,521131,141
random_n200_rho0.6_uncorr-neg_seed2.pcf,hfma,1,433075,141
random_n200_rho0.6_uncorr-neg_seed2.pcf,dhfma,1,476407,141
random_n200_rho0.6_uncorr-neg_seed2.pcf,hfma,2,408984,141
random_n200_rho0.6_uncorr-neg_seed2.pcf,dhfma,2,447950,141
random_n200_rho0.6_uncorr-neg_seed3.pcf,hfma,0,525597,140
random_n200_rho0.6_uncorr-neg_seed3.pcf,dhfma,0,582760,140
random_n200_rho0.6_uncorr-neg_seed3.pcf,hfma,1,449774,140
random_n200_rho0.6_uncorr-neg_seed3.pcf,dhfma,1,518609,140
random_n200_rho0.6_uncorr-neg_seed3.pcf,hfma,2,418588,140
random_n200_rho0.6_uncorr-neg_seed3.pcf,dhfma,2,478369,140
random_n200_rho0.6_uncorr-neg_seed4.pcf,hfma,0,692541,147
random_n200_rho0.6_uncorr-neg_seed4.pcf,dhfma,0,706303,147
random_n200_rho0.6_uncorr-neg_seed4.pcf,hfma,1,606361,147
random_n200_rho0.6_uncorr-neg_seed4.pcf,dhfma,1,654128,147
random_n200_rho0.6_uncorr-neg_seed4.pcf,hfma,2,603330,147
random_n200_rho0.6_uncorr-neg_seed4.pcf,dhfma,2,633612,147
random_n200_rho0.6_uncorr-neg_seed5.pcf,hfma,0,568942,143
random_n200_rho0.6_uncorr-neg_seed5.pcf,dhfma,0,622330,143
random_n200_rho0.6_uncorr-neg_seed5.pcf,hfma,1,491443,143
random_n200_rho0.6_uncorr-neg_seed5.pcf,dhfma,1,559179,143
random_n200_rho0.6_uncorr-neg_seed5.pcf,hfma,2,470721,143
random_n200_rho0.6_uncorr-neg_seed5.pcf,dhfma,2,549142,143
random_n200_rho0.6_uncorr-neg_seed6.pcf,hfma,0,839758,137
random_n200_rho0.6_uncorr-neg_seed6.pcf,dhfma,0,796206,137
random_n200_rho0.6_uncorr-neg_seed6.pcf,hfma,1,740685,137
random_n200_rho0.6_uncorr-neg_seed6.pcf,dhfma,1,737896,137
random_n200_rho0.6_uncorr-neg_seed6.pcf,hfma,2,725295,137
random_n200_rho0.6_uncorr-neg_seed6.pcf,dhfma,2,721713,137
random_n200_rho0.6_uncorr-neg_seed7.pcf,hfma,0,725090,137
random_n200_rho0.6_uncorr-neg_seed7.pcf,dhfma,0,608355,137
random_n200_rho0.6_uncorr-neg_seed7.pcf,hfma,1,480736,137
random_n200_rho0.6_uncorr-neg_seed7.pcf,dhfma,1,526052,137
random_n200_rho0.6_uncorr-neg_seed7.pcf,hfma,2,443190,137
random_n200_rho0.6_uncorr-neg_seed7.pcf,dhfma,2,498820,137
random_n200_rho0.6_uncorr-neg_seed8.pcf,hfma,0,597479,148
random_n200_rho0.6_uncorr-neg_seed8.pcf,dhfma,0,613920,148
random_n200_rho0.6_uncorr-neg_seed8.pcf,hfma,1,468054,148
random_n200_rho0.6_uncorr-neg_seed8.pcf,dhfma,1,524757,148
random_n200_rho0.6_uncorr-neg_seed8.pcf,hfma,2,445022,148
random_n200_rho0.6_uncorr-neg_seed8.pcf,dhfma,2,505777,148
random_n200_rho0.6_uncorr-neg_seed9.pcf,hfma,0,613471,139
random_n200_rho0.6_uncorr-neg_seed9.pcf,dhfma,0,695539,139
random_n200_rho0.6_uncorr-neg_seed9.pcf,hfma,1,519871,139
random_n200_rho0.6_uncorr-neg_seed9.pcf,dhfma,1,632038,139
random_n200_rho0.6_uncorr-neg_seed9.pcf,hfma,2,520017,139
random_n200_rho0.6_uncorr-neg_seed9.pcf,dhfma,2,621345,139
random_n200_rho0.6_uncorr_seed0.pcf,hfma,0,603971,138
random_n200_rho0.6_uncorr_seed0.pcf,dhfma,0,611806,138
random_n200_rho0.6_uncorr_seed0.pcf,hfma,1,495603,138
random_n200_rho0.6_uncorr_seed0.pcf,dhfma,1,559062,138
random_n200_rho0.6_uncorr_seed0.pcf,hfma,2,440725,138
random_n200_rho0.6_uncorr_seed0.pcf,dhfma,2,484718,138
random_n200_rho0.6_uncorr_seed1.pcf,hfma,0,566156,137
random_n200_rho0.6_uncorr_seed1.pcf,dhfma,0,576967,137
random_n200_rho0.6_uncorr_seed1.pcf,hfma,1,469513,137
random_n200_rho0.6_uncorr_seed1.pcf,dhfma,1,510617,137
random_n200_rho0.6_uncorr_seed1.pcf,hfma,2,465344,137
random_n200_rho0.6_uncorr_seed1.pcf,dhfma,2,497564,137
random_n200_rho0.6_uncorr_seed2.pcf,hfma,0,636435,143
random_n200_rho0.6_uncorr_seed2.pcf,dhfma,0,647137,143
random_n200_rho0.6_uncorr_seed2.pcf,hfma,1,525768,143
random_n200_rho0.6_uncorr_seed2.pcf,dhfma,1,602891,143
random_n200_rho0.6_uncorr_seed2.pcf,hfma,2,523613,143
random_n200_rho0.6_uncorr_seed2.pcf,dhfma,2,655862,143
random_n200_rho0.6_uncorr_seed3.pcf,hfma,0,445014,151
random_n200_rho0.6_uncorr_seed3.pcf,dhfma,0,452029,151
random_n200_rho0.6_uncorr_seed3.pcf,hfma,1,383992,151
random_n200_rho0.6_uncorr_seed3.pcf,dhfma,1,438665,151
random_n200_rho0.6_uncorr_seed3.pcf,hfma,2,430472,151
random_n200_rho0.6_uncorr_seed3.pcf,dhfma,2,507465,151
random_n200_rho0.6_uncorr_seed4.pcf,hfma,0,579810,140
random_n200_rho0.6_uncorr_seed4.pcf,dhfma,0,587651,140
random_n200_rho0.6_uncorr_seed4.pcf,hfma,1,469101,140
random_n200_rho0.6_uncorr_seed4.pcf,dhfma,1,539042,140
random_n200_rho0.6_uncorr_seed4.pcf,hfma,2,443170,140
random_n200_rho0.6_uncorr_seed4.pcf,dhfma,2,485507,140
random_n200_rho0.6_uncorr_seed5.pcf,hfma,0,818769,128
random_n200_rho0.6_uncorr_seed5.pcf,dhfma,0,868259,128
random_n200_rho0.6_uncorr_seed5.pcf,hfma,1,725186,128
random_n200_rho0.6_uncorr_seed5.pcf,dhfma,1,804696,128
random_n200_rho0.6_uncorr_seed5.pcf,hfma,2,215701,128
random_n200_rho0.6_uncorr_seed5.pcf,dhfma,2,243199,128
random_n200_rho0.6_uncorr_seed6.pcf,hfma,0,728936,143
random_n200_rho0.6_uncorr_seed6.pcf,dhfma,0,746163,143
random_n200_rho0.6_uncorr_seed6.pcf,hfma,1,684851,143
random_n200_rho0.6_uncorr_seed6.pcf,dhfma,1,701609,143
random_n200_rho0.6_uncorr_seed6.pcf,hfma,2,582916,143
random_n200_rho0.6_uncorr_seed6.pcf,dhfma,2,789927,143
random_n200_rho0.6_uncorr_seed7.pcf,hfma,0,637704,147
random_n200_rho0.6_uncorr_seed7.pcf,dhfma,0,663062,147
random_n200_rho0.6_uncorr_seed7.pcf,hfma,1,559702,147
random_n200_rho0.6_uncorr_seed7.pcf,dhfma,1,605301,147
random_n200_rho0.6_uncorr_seed7.pcf,hfma,2,534416,147
random_n200_rho0.6_uncorr_seed7.pcf,dhfma,2,568773,147
random_n200_rho0.6_uncorr_seed8.pcf,hfma,0,653006,145
random_n200_rho0.6_uncorr_seed8.pcf,dhfma,0,670314,145
random_n200_rho0.6_uncorr_seed8.pcf,hfma,1,532650,145
random_n200_rho0.6_uncorr_seed8.pcf,dhfma,1,617053,145
random_n200_rho0.6_uncorr_seed8.pcf,hfma,2,523985,145
random_n200_rho0.6_uncorr_seed8.pcf,dhfma,2,592494,145
random_n200_rho0.6_uncorr_seed9.pcf,hfma,0,709585,134
random_n200_rho0.6_uncorr_seed9.pcf,dhfma,0,651937,134
random_n200_rho0.6_uncorr_seed9.pcf,hfma,1,502322,134
random_n200_rho0.6_uncorr_seed9.pcf,dhfma,1,548071,134
random_n200_rho0.6_uncorr_seed9.pcf,hfma,2,471224,134
random_n200_rho0.6_uncorr_seed9.pcf,dhfma,2,523434,134
random_n200_rho0.6_weakly-corr-neg_seed0.pcf,hfma,0,593901,130
random_n200_rho0.6_weakly-corr-neg_seed0.pcf,dhfma,0,603474,130
random_n200_rho0.6_weakly-corr-neg_seed0.pcf,hfma,1,530306,130
random_n200_rho0.6_weakly-corr-neg_seed0.pcf,dhfma,1,535187,130
random_n200_rho0.6_weakly-corr-neg_seed0.pcf,hfma,2,488638,130
random_n200_rho0.6_weakly-corr-neg_seed0.pcf,dhfma,2,514743,130
random_n200_rho0.6_weakly-corr-neg_seed1.pcf,hfma,0,626925,143
random_n200_rho0.6_weakly-corr-neg_seed1.pcf,dhfma,0,597291,143
random_n200_rho0.6_weakly-corr-neg_seed1.pcf,hfma,1,535721,143
random_n200_rho0.6_weakly-corr-neg_seed1.pcf,dhfma,1,523671,143
random_n200_rho0.6_weakly-corr-neg_seed1.pcf,hfma,2,501467,143
random_n200_rho0.6_weakly-corr-neg_seed1.pcf,dhfma,2,501099,143
random_n200_rho0.6_weakly-corr-neg_seed2.pcf,hfma,0,622587,137
random_n200_rho0.6_weakly-corr-neg_seed2.pcf,dhfma,0,597642,137
random_n200_rho0.6_weakly-corr-neg_seed2.pcf,hfma,1,510204,137
random_n200_rho0.6_weakly-corr-neg_seed2.pcf,dhfma,1,541600,137
random_n200_rho0.6_weakly-corr-neg_seed2.pcf,hfma,2,490227,137
random_n200_rho0.6_weakly-corr-neg_seed2.pcf,dhfma,2,521772,137
random_n200_rho0.6_weakly-corr-neg_seed3.pcf,hfma,0,671262,153
random_n200_rho0.6_weakly-corr-neg_seed3.pcf,dhfma,0,689694,153
random_n200_rho0.6_weakly-corr-neg_seed3.pcf,hfma,1,549051,153
random_n200_rho0.6_weakly-corr-neg_seed3.pcf,dhfma,1,637890,153
random_n200_rho0.6_weakly-corr-neg_seed3.pcf,hfma,2,523167,153
random_n200_rho0.6_weakly-corr-neg_seed3.pcf,dhfma,2,633882,153
random_n200_rho0.6_weakly-corr-neg_seed4.pcf,hfma,0,544302,143
random_n200_rho0.6_weakly-corr-neg_seed4.pcf,dhfma,0,607675,143
random_n200_rho0.6_weakly-corr-neg_seed4.pcf,hfma,1,431309,143
random_n200_rho0.6_weakly-corr-neg_seed4.pcf,dhfma,1,483318,143
random_n200_rho0.6_weakly-corr-neg_seed4.pcf,hfma,2,411339,143
random_n200_rho0.6_weakly-corr-neg_seed4.pcf,dhfma,2,500658,143
random_n200_rho0.6_weakly-corr-neg_seed5.pcf,hfma,0,593759,140
random_n200_rho0.6_weakly-corr-neg_seed5.pcf,dhfma,0,612475,140
random_n200_rho0.6_weakly-corr-neg_seed5.pcf,hfma,1,498330,140
random_n200_rho0.6_weakly-corr-neg_seed5.pcf,dhfma,1,539968,140
random_n200_rho0.6_weakly-corr-neg_seed5.pcf,hfma,2,520944,140
random_n200_rho0.6_weakly-corr-neg_seed5.pcf,dhfma,2,536059,140
random_n200_rho0.6_weakly-corr-neg_seed6.pcf,hfma,0,691574,141
random_n200_rho0.6_weakly-corr-neg_seed6.pcf,dhfma,0,711828,141
random_n200_rho0.6_weakly-corr-neg_seed6.pcf,hfma,1,559422,141
random_n200_rho0.6_weakly-corr-neg_seed6.pcf,dhfma,1,651442,141
random_n200_rho0.6_weakly-corr-neg_seed6.pcf,hfma,2,551151,141
random_n200_rho0.6_weakly-corr-neg_seed6.pcf,dhfma,2,580169,141
random_n200_rho0.6_weakly-corr-neg_seed7.pcf,hfma,0,549351,151
random_n200_rho0.6_weakly-corr-neg_seed7.pcf,dhfma,0,593498,151
random_n200_rho0.6_weakly-corr-neg_seed7.pcf,hfma,1,498337,151
random_n200_rho0.6_weakly-corr-neg_seed7.pcf,dhfma,1,550547,151
random_n200_rho0.6_weakly-corr-neg_seed7.pcf,hfma,2,613616,151
random_n200_rho0.6_weakly-corr-neg_seed7.pcf,dhfma,2,669869,151
random_n200_rho0.6_weakly-corr-neg_seed8.pcf,hfma,0,733278,146
random_n200_rho0.6_weakly-corr-neg_seed8.pcf,dhfma,0,753762,146
random_n200_rho0.6_weakly-corr-neg_seed8.pcf,hfma,1,664170,146
random_n200_rho0.6_weakly-corr-neg_seed8.pcf,dhfma,1,696286,146
random_n200_rho0.6_weakly-corr-neg_seed8.pcf,hfma,2,592718,146
random_n200_rho0.6_weakly-corr-neg_seed8.pcf,dhfma,2,605035,146
random_n200_rho0.6_weakly-corr-neg_seed9.pcf,hfma,0,596388,140
random_n200_rho0.6_weakly-corr-neg_seed9.pcf,dhfma,0,612385,140
random_n200_rho0.6_weakly-corr-neg_seed9.pcf,hfma,1,462509,140
random_n200_rho0.6_weakly-corr-neg_seed9.pcf,dhfma,1,472199,140
random_n200_rho0.6_weakly-corr-neg_seed9.pcf,hfma,2,394446,140
random_n200_rho0.6_weakly-corr-neg_seed9.pcf,dhfma,2,446668,140
random_n200_rho0.6_weakly-corr_seed0.pcf,hfma,0,532054,141
random_n200_rho0.6_weakly-corr_seed0.pcf,dhfma,0,521489,141
random_n200_rho0.6_weakly-corr_seed0.pcf,hfma,1,313056,141
random_n200_rho0.6_weakly-corr_seed0.pcf,dhfma,1,328802,141
random_n200_rho0.6_weakly-corr_seed0.pcf,hfma,2,311785,141
random_n200_rho0.6_weakly-corr_seed0.pcf,dhfma,2,319096,141
random_n200_rho0.6_weakly-corr_seed1.pcf,hfma,0,465368,141
random_n200_rho0.6_weakly-corr_seed1.pcf,dhfma,0,468705,141
random_n200_rho0.6_weakly-corr_seed1.pcf,hfma,1,405610,141
random_n200_rho0.6_weakly-corr_seed1.pcf,dhfma,1,295406,141
random_n200_rho0.6_weakly-corr_seed1.pcf,hfma,2,239589,141
random_n200_rho0.6_weakly-corr_seed1.pcf,dhfma,2,285292,141
random_n200_rho0.6_weakly-corr_seed2.pcf,hfma,0,389711,131
random_n200_rho0.6_weakly-corr_seed2.pcf,dhfma,0,396531,131
random_n200_rho0.6_weakly-corr_seed2.pcf,hfma,1,345833,131
random_n200_rho0.6_weakly-corr_seed2.pcf,dhfma,1,373187,131
random_n200_rho0.6_weakly-corr_seed2.pcf,hfma,2,361715,131
random_n200_rho0.6_weakly-corr_seed2.pcf,dhfma,2,401199,131
random_n200_rho0.6_weakly-corr_seed3.pcf,hfma,0,451490,149
random_n200_rho0.6_weakly-corr_seed3.pcf,dhfma,0,347595,149
random_n200_rho0.6_weakly-corr_seed3.pcf,hfma,1,267541,149
random_n200_rho0.6_weakly-corr_seed3.pcf,dhfma,1,318947,149
random_n200_rho0.6_weakly-corr_seed3.pcf,hfma,2,269284,149
random_n200_rho0.6_weakly-corr_seed3.pcf,dhfma,2,317348,149
random_n200_rho0.6_weakly-corr_seed4.pcf,hfma,0,448722,144
random_n200_rho0.6_weakly-corr_seed4.pcf,dhfma,0,505623,144
random_n200_rho0.6_weakly-corr_seed4.pcf,hfma,1,401043,144
random_n200_rho0.6_weakly-corr_seed4.pcf,dhfma,1,478167,144
random_n200_rho0.6_weakly-corr_seed4.pcf,hfma,2,461343,144
random_n200_rho0.6_weakly-corr_seed4.pcf,dhfma,2,477530,144
random_n200_rho0.6_weakly-corr_seed5.pcf,hfma,0,484619,135
random_n200_rho0.6_weakly-corr_seed5.pcf,dhfma,0,506466,135
random_n200_rho0.6_weakly-corr_seed5.pcf,hfma,1,422369,135
random_n200_rho0.6_weakly-corr_seed5.pcf,dhfma,1,487824,135
random_n200_rho0.6_weakly-corr_seed5.pcf,hfma,2,444632,135
random_n200_rho0.6_weakly-corr_seed5.pcf,dhfma,2,526695,135
random_n200_rho0.6_weakly-corr_seed6.pcf,hfma,0,661947,144
random_n200_rho0.6_weakly-corr_seed6.pcf,dhfma,0,697916,144
random_n200_rho0.6_weakly-corr_seed6.pcf,hfma,1,470630,144
random_n200_rho0.6_weakly-corr_seed6.pcf,dhfma,1,527958,144
random_n200_rho0.6_weakly-corr_seed6.pcf,hfma,2,349924,144
random_n200_rho0.6_weakly-corr_seed6.pcf,dhfma,2,397722,144
random_n200_rho0.6_weakly-corr_seed7.pcf,hfma,0,449928,139
random_n200_rho0.6_weakly-corr_seed7.pcf,dhfma,0,482097,139
random_n200_rho0.6_weakly-corr_seed7.pcf,hfma,1,414853,139
random_n200_rho0.6_weakly-corr_seed7.pcf,dhfma,1,451260,139
random_n200_rho0.6_weakly-corr_seed7.pcf,hfma,2,408606,139
random_n200_rho0.6_weakly-corr_seed7.pcf,dhfma,2,460183,139
random_n200_rho0.6_weakly-corr_seed8.pcf,hfma,0,496775,138
random_n200_rho0.6_weakly-corr_seed8.pcf,dhfma,0,525848,138
random_n200_rho0.6_weakly-corr_seed8.pcf,hfma,1,473989,138
random_n200_rho0.6_weakly-corr_seed8.pcf,dhfma,1,498587,138
random_n200_rho0.6_weakly-corr_seed8.pcf,hfma,2,479840,138
random_n200_rho0.6_weakly-corr_seed8.pcf,dhfma,2,507597,138
random_n200_rho0.6_weakly-corr_seed9.pcf,hfma,0,695797,133
random_n200_rho0.6_weakly-corr_seed9.pcf,dhfma,0,697417,133
random_n200_rho0.6_weakly-corr_seed9.pcf,hfma,1,507133,133
random_n200_rho0.6_weakly-corr_seed9.pcf,dhfma,1,527276,133
random_n200_rho0.6_weakly-corr_seed9.pcf,hfma,2,465903,133
random_n200_rho0.6_weakly-corr_seed9.pcf,dhfma,2,475369,133
random_n200_rho0.9_strongly-corr-neg_seed0.pcf,hfma,0,694190,110
random_n200_rho0.9_strongly-corr-neg_seed0.pcf,dhfma,0,553600,110
random_n200_rho0.9_strongly-corr-neg_seed0.pcf,hfma,1,413827,110
random_n200_rho0.9_strongly-corr-neg_seed0.pcf,dhfma,1,431117,110
random_n200_rho0.9_strongly-corr-neg_seed0.pcf,hfma,2,432307,110
random_n200_rho0.9_strongly-corr-neg_seed0.pcf,dhfma,2,468572,110
random_n200_rho0.9_strongly-corr-neg_seed1.pcf,hfma,0,691318,109
random_n200_rho0.9_strongly-corr-neg_seed1.pcf,dhfma,0,722373,109
random_n200_rho0.9_strongly-corr-neg_seed1.pcf,hfma,1,765194,109
random_n200_rho0.9_strongly-corr-neg_seed1.pcf,dhfma,1,856018,109
random_n200_rho0.9_strongly-corr-neg_seed1.pcf,hfma,2,816419,109
random_n200_rho0.9_strongly-corr-neg_seed1.pcf,dhfma,2,905088,109
random_n200_rho0.9_strongly-corr-neg_seed2.pcf,hfma,0,823185,113
random_n200_rho0.9_strongly-corr-neg_seed2.pcf,dhfma,0,807112,113
random_n200_rho0.9_strongly-corr-neg_seed2.pcf,hfma,1,776262,113
random_n200_rho0.9_strongly-corr-neg_seed2.pcf,dhfma,1,822018,113
random_n200_rho0.9_strongly-corr-neg_seed2.pcf,hfma,2,832123,113
random_n200_rho0.9_strongly-corr-neg_seed2.pcf,dhfma,2,532670,113
random_n200_rho0.9_strongly-corr-neg_seed3.pcf,hfma,0,1283846,99
random_n200_rho0.9_strongly-corr-neg_seed3.pcf,dhfma,0,1193980,99
random_n200_rho0.9_strongly-corr-neg_seed3.pcf,hfma,1,1244357,99
random_n200_rho0.9_strongly-corr-neg_seed3.pcf,dhfma,1,1164924,99
random_n200_rho0.9_strongly-corr-neg_seed3.pcf,hfma,2,1172375,99
random_n200_rho0.9_strongly-corr-neg_seed3.pcf,dhfma,2,1118873,99
random_n200_rho0.9_strongly-corr-neg_seed4.pcf,hfma,0,1485946,111
random_n200_rho0.9_strongly-corr-neg_seed4.pcf,dhfma,0,1394938,111
random_n200_rho0.9_strongly-corr-neg_seed4.pcf,hfma,1,1251407,111
random_n200_rho0.9_strongly-corr-neg_seed4.pcf,dhfma,1,1250905,111
random_n200_rho0.9_strongly-corr-neg_seed4.pcf,hfma,2,1205252,111
random_n200_rho0.9_strongly-corr-neg_seed4.pcf,dhfma,2,1206248,111
random_n200_rho0.9_strongly-corr-neg_seed5.pcf,hfma,0,1076132,103
random_n200_rho0.9_strongly-corr-neg_seed5.pcf,dhfma,0,905194,103
random_n200_rho0.9_strongly-corr-neg_seed5.pcf,hfma,1,967973,103
random_n200_rho0.9_strongly-corr-neg_seed5.pcf,dhfma,1,849659,103
random_n200_rho0.9_strongly-corr-neg_seed5.pcf,hfma,2,924584,103
random_n200_rho0.9_strongly-corr-neg_seed5.pcf,dhfma,2,849512,103
random_n200_rho0.9_strongly-corr-neg_seed6.pcf,hfma,0,1378811,106
random_n200_rho0.9_strongly-corr-neg_seed6.pcf,dhfma,0,1274072,106
random_n200_rho0.9_strongly-corr-neg_seed6.pcf,hfma,1,1294711,106
random_n200_rho0.9_strongly-corr-neg_seed6.pcf,dhfma,1,1337632,106
random_n200_rho0.9_strongly-corr-neg_seed6.pcf,hfma,2,1320872,106
random_n200_rho0.9_strongly-corr-neg_seed6.pcf,dhfma,2,1283542,106
random_n200_rho0.9_strongly-corr-neg_seed7.pcf,hfma,0,1230406,103
random_n200_rho0.9_strongly-corr-neg_seed7.pcf,dhfma,0,1284376,103
random_n200_rho0.9_strongly-corr-neg_seed7.pcf,hfma,1,1025129,103
random_n200_rho0.9_strongly-corr-neg_seed7.pcf,dhfma,1,1227454,103
random_n200_rho0.9_strongly-corr-neg_seed7.pcf,hfma,2,1126473,103
random_n200_rho0.9_strongly-corr-neg_seed7.pcf,dhfma,2,1217876,103
random_n200_rho0.9_strongly-corr-neg_seed8.pcf,hfma,0,1348190,100
random_n200_rho0.9_strongly-corr-neg_seed8.pcf,dhfma,0,1238316,100
random_n200_rho0.9_strongly-corr-neg_seed8.pcf,hfma,1,1200860,100
random_n200_rho0.9_strongly-corr-neg_seed8.pcf,dhfma,1,1163466,100
random_n200_rho0.9_strongly-corr-neg_seed8.pcf,hfma,2,1138305,100
random_n200_rho0.9_strongly-corr-neg_seed8.pcf,dhfma,2,1154470,100
random_n200_rho0.9_strongly-corr-neg_seed9.pcf,hfma,0,1276410,94
random_n200_rho0.9_strongly-corr-neg_seed9.pcf,dhfma,0,1088602,94
random_n200_rho0.9_strongly-corr-neg_seed9.pcf,hfma,1,1047001,94
random_n200_rho0.9_strongly-corr-neg_seed9.pcf,dhfma,1,1221750,94
random_n200_rho0.9_strongly-corr-neg_seed9.pcf,hfma,2,1255123,94
random_n200_rho0.9_strongly-corr-neg_seed9.pcf,dhfma,2,1256057,94
random_n200_rho0.9_strongly-corr_seed0.pcf,hfma,0,1367118,106
random_n200_rho0.9_strongly-corr_seed0.pcf,dhfma,0,1440366,106
random_n200_rho0.9_strongly-corr_seed0.pcf,hfma,1,1241965,106
random_n200_rho0.9_strongly-corr_seed0.pcf,dhfma,1,1343683,106
random_n200_rho0.9_strongly-corr_seed0.pcf,hfma,2,1152009,106
random_n200_rho0.9_strongly-corr_seed0.pcf,dhfma,2,1221142,106
random_n200_rho0.9_strongly-corr_seed1.pcf,hfma,0,1555349,112
random_n200_rho0.9_strongly-corr_seed1.pcf,dhfma,0,1656255,112
random_n200_rho0.9_strongly-corr_seed1.pcf,hfma,1,1490737,112
random_n200_rho0.9_strongly-corr_seed1.pcf,dhfma,1,1400493,112
random_n200_rho0.9_strongly-corr_seed1.pcf,hfma,2,1300532,112
random_n200_rho0.9_strongly-corr_seed1.pcf,dhfma,2,1426299,112
random_n200_rho0.9_strongly-corr_seed2.pcf,hfma,0,1181575,110
random_n200_rho0.9_strongly-corr_seed2.pcf,dhfma,0,1061208,110
random_n200_rho0.9_strongly-corr_seed2.pcf,hfma,1,1014170,110
random_n200_rho0.9_strongly-corr_seed2.pcf,dhfma,1,977867,110
random_n200_rho0.9_strongly-corr_seed2.pcf,hfma,2,1035010,110
random_n200_rho0.9_strongly-corr_seed2.pcf,dhfma,2,984334,110
random_n200_rho0.9_strongly-corr_seed3.pcf,hfma,0,1239118,116
random_n200_rho0.9_strongly-corr_seed3.pcf,dhfma,0,1068389,116
random_n200_rho0.9_strongly-corr_seed3.pcf,hfma,1,1071122,116
random_n200_rho0.9_strongly-corr_seed3.pcf,dhfma,1,1032064,116
random_n200_rho0.9_strongly-corr_seed3.pcf,hfma,2,1108961,116
random_n200_rho0.9_strongly-corr_seed3.pcf,dhfma,2,1040806,116
random_n200_rho0.9_strongly-corr_seed4.pcf,hfma,0,1108576,116
random_n200_rho0.9_strongly-corr_seed4.pcf,dhfma,0,1213009,116
random_n200_rho0.9_strongly-corr_seed4.pcf,hfma,1,981664,116
random_n200_rho0.9_strongly-corr_seed4.pcf,dhfma,1,1048079,116
random_n200_rho0.9_strongly-corr_seed4.pcf,hfma,2,798115,116
random_n200_rho0.9_strongly-corr_seed4.pcf,dhfma,2,881571,116
random_n200_rho0.9_strongly-corr_seed5.pcf,hfma,0,856094,107
random_n200_rho0.9_strongly-corr_seed5.pcf,dhfma,0,836415,107
random_n200_rho0.9_strongly-corr_seed5.pcf,hfma,1,1016212,107
random_n200_rho0.9_strongly-corr_seed5.pcf,dhfma,1,907223,107
random_n200_rho0.9_strongly-corr_seed5.pcf,hfma,2,1044913,107
random_n200_rho0.9_strongly-corr_seed5.pcf,dhfma,2,1057303,107
random_n200_rho0.9_strongly-corr_seed6.pcf,hfma,0,1161589,119
random_n200_rho0.9_strongly-corr_seed6.pcf,dhfma,0,1190409,119
random_n200_rho0.9_strongly-corr_seed6.pcf,hfma,1,476015,119
random_n200_rho0.9_strongly-corr_seed6.pcf,dhfma,1,386169,119
random_n200_rho0.9_strongly-corr_seed6.pcf,hfma,2,321293,119
random_n200_rho0.9_strongly-corr_seed6.pcf,dhfma,2,363228,119
random_n200_rho0.9_strongly-corr_seed7.pcf,hfma,0,1006100,110
random_n200_rho0.9_strongly-corr_seed7.pcf,dhfma,0,1033990,110
random_n200_rho0.9_strongly-corr_seed7.pcf,hfma,1,897569,110
random_n200_rho0.9_strongly-corr_seed7.pcf,dhfma,1,1002083,110
random_n200_rho0.9_strongly-corr_seed7.pcf,hfma,2,987269,110
random_n200_rho0.9_strongly-corr_seed7.pcf,dhfma,2,1038589,110
random_n200_rho0.9_strongly-corr_seed8.pcf,hfma,0,1145223,111
random_n200_rho0.9_strongly-corr_seed8.pcf,dhfma,0,1104712,111
random_n200_rho0.9_strongly-corr_seed8.pcf,hfma,1,1000838,111
random_n200_rho0.9_strongly-corr_seed8.pcf,dhfma,1,1055214,111
random_n200_rho0.9_strongly-corr_seed8.pcf,hfma,2,989917,111
random_n200_rho0.9_strongly-corr_seed8.pcf,dhfma,2,888642,111
random_n200_rho0.9_strongly-corr_seed9.pcf,hfma,0,1074422,102
random_n200_rho0.9_strongly-corr_seed9.pcf,dhfma,0,1089335,102
random_n200_rho0.9_strongly-corr_seed9.pcf,hfma,1,993257,102
random_n200_rho0.9_strongly-corr_seed9.pcf,dhfma,1,1059595,102
random_n200_rho0.9_strongly-corr_seed9.pcf,hfma,2,978590,102
random_n200_rho0.9_strongly-corr_seed9.pcf,dhfma,2,1031186,102
random_n200_rho0.9_uncorr-neg_seed0.pcf,hfma,0,1061818,112
random_n200_rho0.9_uncorr-neg_seed0.pcf,dhfma,0,911430,112
random_n200_rho0.9_uncorr-neg_seed0.pcf,hfma,1,892406,112
random_n200_rho0.9_uncorr-neg_seed0.pcf,dhfma,1,784130,112
random_n200_rho0.9_uncorr-neg_seed0.pcf,hfma,2,469122,112
random_n200_rho0.9_uncorr-neg_seed0.pcf,dhfma,2,200540,112
random_n200_rho0.9_uncorr-neg_seed1.pcf,hfma,0,1401998,111
random_n200_rho0.9_uncorr-neg_seed1.pcf,dhfma,0,1394005,111
random_n200_rho0.9_uncorr-neg_seed1.pcf,hfma,1,1266229,111
random_n200_rho0.9_uncorr-neg_seed1.pcf,dhfma,1,1363492,111
random_n200_rho0.9_uncorr-neg_seed1.pcf,hfma,2,1347027,111
random_n200_rho0.9_uncorr-neg_seed1.pcf,dhfma,2,1326290,111
random_n200_rho0.9_uncorr-neg_seed2.pcf,hfma,0,1004168,114
random_n200_rho0.9_uncorr-neg_seed2.pcf,dhfma,0,1142162,114
random_n200_rho0.9_uncorr-neg_seed2.pcf,hfma,1,858321,114
random_n200_rho0.9_uncorr-neg_seed2.pcf,dhfma,1,1008582,114
random_n200_rho0.9_uncorr-neg_seed2.pcf,hfma,2,815225,114
random_n200_rho0.9_uncorr-neg_seed2.pcf,dhfma,2,985522,114
random_n200_rho0.9_uncorr-neg_seed3.pcf,hfma,0,1589869,101
random_n200_rho0.9_uncorr-neg_seed3.pcf,dhfma,0,1536918,101
random_n200_rho0.9_uncorr-neg_seed3.pcf,hfma,1,1336402,101
random_n200_rho0.9_uncorr-neg_seed3.pcf,dhfma,1,1399260,101
random_n200_rho0.9_uncorr-neg_seed3.pcf,hfma,2,1184669,101
random_n200_rho0.9_uncorr-neg_seed3.pcf,dhfma,2,1307745,101
random_n200_rho0.9_uncorr-neg_seed4.pcf,hfma,0,1150977,112
random_n200_rho0.9_uncorr-neg_seed4.pcf,dhfma,0,1061299,112
random_n200_rho0.9_uncorr-neg_seed4.pcf,hfma,1,1076954,112
random_n200_rho0.9_uncorr-neg_seed4.pcf,dhfma,1,307851,112
random_n200_rho0.9_uncorr-neg_seed4.pcf,hfma,2,272277,112
random_n200_rho0.9_uncorr-neg_seed4.pcf,dhfma,2,252226,112
random_n200_rho0.9_uncorr-neg_seed5.pcf,hfma,0,487341,107
random_n200_rho0.9_uncorr-neg_seed5.pcf,dhfma,0,1007947,107
random_n200_rho0.9_uncorr-neg_seed5.pcf,hfma,1,1435927,107
random_n200_rho0.9_uncorr-neg_seed5.pcf,dhfma,1,1181564,107
random_n200_rho0.9_uncorr-neg_seed5.pcf,hfma,2,1548190,107
random_n200_rho0.9_uncorr-neg_seed5.pcf,dhfma,2,1243050,107
random_n200_rho0.9_uncorr-neg_seed6.pcf,hfma,0,1095948,118
random_n200_rho0.9_uncorr-neg_seed6.pcf,dhfma,0,1187287,118
random_n200_rho0.9_uncorr-neg_seed6.pcf,hfma,1,823262,118
random_n200_rho0.9_uncorr-neg_seed6.pcf,dhfma,1,1014720,118
random_n200_rho0.9_uncorr-neg_seed6.pcf,hfma,2,883833,118
random_n200_rho0.9_uncorr-neg_seed6.pcf,dhfma,2,1057383,118
random_n200_rho0.9_uncorr-neg_seed7.pcf,hfma,0,1470612,114
random_n200_rho0.9_uncorr-neg_seed7.pcf,dhfma,0,976429,114
random_n200_rho0.9_uncorr-neg_seed7.pcf,hfma,1,900496,114
random_n200_rho0.9_uncorr-neg_seed7.pcf,dhfma,1,1058759,114
random_n200_rho0.9_uncorr-neg_seed7.pcf,hfma,2,1075858,114
random_n200_rho0.9_uncorr-neg_seed7.pcf,dhfma,2,1100633,114
random_n200_rho0.9_uncorr-neg_seed8.pcf,hfma,0,998216,99
random_n200_rho0.9_uncorr-neg_seed8.pcf,dhfma,0,1135711,99
random_n200_rho0.9_uncorr-neg_seed8.pcf,hfma,1,1086975,99
random_n200_rho0.9_uncorr-neg_seed8.pcf,dhfma,1,1171863,99
random_n200_rho0.9_uncorr-neg_seed8.pcf,hfma,2,1021710,99
random_n200_rho0.9_uncorr-neg_seed8.pcf,dhfma,2,1119220,99
random_n200_rho0.9_uncorr-neg_seed9.pcf,hfma,0,1967710,109
random_n200_rho0.9_uncorr-neg_seed9.pcf,dhfma,0,1520366,109
random_n200_rho0.9_uncorr-neg_seed9.pcf,hfma,1,1874054,109
random_n200_rho0.9_uncorr-neg_seed9.pcf,dhfma,1,1530265,109
random_n200_rho0.9_uncorr-neg_seed9.pcf,hfma,2,1786699,109
random_n200_rho0.9_uncorr-neg_seed9.pcf,dhfma,2,1522397,109
random_n200_rho0.9_uncorr_seed0.pcf,hfma,0,1067549,132
random_n200_rho0.9_uncorr_seed0.pcf,dhfma,0,978347,132
random_n200_rho0.9_uncorr_seed0.pcf,hfma,1,984503,132
random_n200_rho0.9_uncorr_seed0.pcf,dhfma,1,892594,132
random_n200_rho0.9_uncorr_seed0.pcf,hfma,2,929752,132
random_n200_rho0.9_uncorr_seed0.pcf,dhfma,2,849636,132
random_n200_rho0.9_uncorr_seed1.pcf,hfma,0,1188764,103
random_n200_rho0.9_uncorr_seed1.pcf,dhfma,0,1089400,103
random_n200_rho0.9_uncorr_seed1.pcf,hfma,1,1099707,103
random_n200_rho0.9_uncorr_seed1.pcf,dhfma,1,1017075,103
random_n200_rho0.9_uncorr_seed1.pcf,hfma,2,940988,103
random_n200_rho0.9_uncorr_seed1.pcf,dhfma,2,816715,103
random_n200_rho0.9_uncorr_seed2.pcf,hfma,0,1286850,127
random_n200_rho0.9_uncorr_seed2.pcf,dhfma,0,1238618,127
random_n200_rho0.9_uncorr_seed2.pcf,hfma,1,1228281,127
random_n200_rho0.9_uncorr_seed2.pcf,dhfma,1,1079930,127
random_n200_rho0.9_uncorr_seed2.pcf,hfma,2,1070970,127
random_n200_rho0.9_uncorr_seed2.pcf,dhfma,2,1044119,127
random_n200_rho0.9_uncorr_seed3.pcf,hfma,0,1079894,115
random_n200_rho0.9_uncorr_seed3.pcf,dhfma,0,1247948,115
random_n200_rho0.9_uncorr_seed3.pcf,hfma,1,996147,115
random_n200_rho0.9_uncorr_seed3.pcf,dhfma,1,1219286,115
random_n200_rho0.9_uncorr_seed3.pcf,hfma,2,839401,115
random_n200_rho0.9_uncorr_seed3.pcf,dhfma,2,921915,115
random_n200_rho0.9_uncorr_seed4.pcf,hfma,0,896109,123
random_n200_rho0.9_uncorr_seed4.pcf,dhfma,0,1055517,123
random_n200_rho0.9_uncorr_seed4.pcf,hfma,1,913804,123
random_n200_rho0.9_uncorr_seed4.pcf,dhfma,1,977939,123
random_n200_rho0.9_uncorr_seed4.pcf,hfma,2,811212,123
random_n200_rho0.9_uncorr_seed4.pcf,dhfma,2,862699,123
random_n200_rho0.9_uncorr_seed5.pcf,hfma,0,1338783,117
random_n200_rho0.9_uncorr_seed5.pcf,dhfma,0,1447199,117
random_n200_rho0.9_uncorr_seed5.pcf,hfma,1,1240946,117
random_n200_rho0.9_uncorr_seed5.pcf,dhfma,1,1186756,117
random_n200_rho0.9_uncorr_seed5.pcf,hfma,2,1076114,117
random_n200_rho0.9_uncorr_seed5.pcf,dhfma,2,1020209,117
random_n200_rho0.9_uncorr_seed6.pcf,hfma,0,1577818,111
random_n200_rho0.9_uncorr_seed6.pcf,dhfma,0,1536587,111
random_n200_rho0.9_uncorr_seed6.pcf,hfma,1,1261312,111
random_n200_rho0.9_uncorr_seed6.pcf,dhfma,1,1221840,111
random_n200_rho0.9_uncorr_seed6.pcf,hfma,2,921155,111
random_n200_rho0.9_uncorr_seed6.pcf,dhfma,2,892274,111
random_n200_rho0.9_uncorr_seed7.pcf,hfma,0,840001,117
random_n200_rho0.9_uncorr_seed7.pcf,dhfma,0,943409,117
random_n200_rho0.9_uncorr_seed7.pcf,hfma,1,871214,117
random_n200_rho0.9_uncorr_seed7.pcf,dhfma,1,1020473,117
random_n200_rho0.9_uncorr_seed7.pcf,hfma,2,985795,117
random_n200_rho0.9_uncorr_seed7.pcf,dhfma,2,984018,117
random_n200_rho0.9_uncorr_seed8.pcf,hfma,0,1450270,105
random_n200_rho0.9_uncorr_seed8.pcf,dhfma,0,1485716,105
random_n200_rho0.9_uncorr_seed8.pcf,hfma,1,1254323,105
random_n200_rho0.9_uncorr_seed8.pcf,dhfma,1,1296112,105
random_n200_rho0.9_uncorr_seed8.pcf,hfma,2,1008990,105
random_n200_rho0.9_uncorr_seed8.pcf,dhfma,2,1097546,105
random_n200_rho0.9_uncorr_seed9.pcf,hfma,0,1373305,123
random_n200_rho0.9_uncorr_seed9.pcf,dhfma,0,1396866,123
random_n200_rho0.9_uncorr_seed9.pcf,hfma,1,1166657,123
random_n200_rho0.9_uncorr_seed9.pcf,dhfma,1,1337359,123
random_n200_rho0.9_uncorr_seed9.pcf,hfma,2,1133832,123
random_n200_rho0.9_uncorr_seed9.pcf,dhfma,2,1313651,123
random_n200_rho0.9_weakly-corr-neg_seed0.pcf,hfma,0,1289866,95
random_n200_rho0.9_weakly-corr-neg_seed0.pcf,dhfma,0,1346951,95
random_n200_rho0.9_weakly-corr-neg_seed0.pcf,hfma,1,1071981,95
random_n200_rho0.9_weakly-corr-neg_seed0.pcf,dhfma,1,1134772,95
random_n200_rho0.9_weakly-corr-neg_seed0.pcf,hfma,2,890590,95
random_n200_rho0.9_weakly-corr-neg_seed0.pcf,dhfma,2,885879,95
random_n200_rho0.9_weakly-corr-neg_seed1.pcf,hfma,0,1005093,106
random_n200_rho0.9_weakly-corr-neg_seed1.pcf,dhfma,0,1077156,106
random_n200_rho0.9_weakly-corr-neg_seed1.pcf,hfma,1,1111632,106
random_n200_rho0.9_weakly-corr-neg_seed1.pcf,dhfma,1,1163910,106
random_n200_rho0.9_weakly-corr-neg_seed1.pcf,hfma,2,1073450,106
random_n200_rho0.9_weakly-corr-neg_seed1.pcf,dhfma,2,1048284,106
random_n200_rho0.9_weakly-corr-neg_seed2.pcf,hfma,0,1150089,110
random_n200_rho0.9_weakly-corr-neg_seed2.pcf,dhfma,0,1084905,110
random_n200_rho0.9_weakly-corr-neg_seed2.pcf,hfma,1,1075809,110
random_n200_rho0.9_weakly-corr-neg_seed2.pcf,dhfma,1,1032307,110
random_n200_rho0.9_weakly-corr-neg_seed2.pcf,hfma,2,900136,110
random_n200_rho0.9_weakly-corr-neg_seed2.pcf,dhfma,2,840088,110
random_n200_rho0.9_weakly-corr-neg_seed3.pcf,hfma,0,1407858,108
random_n200_rho0.9_weakly-corr-neg_seed3.pcf,dhfma,0,1574816,108
random_n200_rho0.9_weakly-corr-neg_seed3.pcf,hfma,1,1371597,108
random_n200_rho0.9_weakly-corr-neg_seed3.pcf,dhfma,1,1447282,108
random_n200_rho0.9_weakly-corr-neg_seed3.pcf,hfma,2,1136495,108
random_n200_rho0.9_weakly-corr-neg_seed3.pcf,dhfma,2,1182102,108
random_n200_rho0.9_weakly-corr-neg_seed4.pcf,hfma,0,1193017,102
random_n200_rho0.9_weakly-corr-neg_seed4.pcf,dhfma,0,1006933,102
random_n200_rho0.9_weakly-corr-neg_seed4.pcf,hfma,1,1105925,102
random_n200_rho0.9_weakly-corr-neg_seed4.pcf,dhfma,1,923897,102
random_n200_rho0.9_weakly-corr-neg_seed4.pcf,hfma,2,910369,102
random_n200_rho0.9_weakly-corr-neg_seed4.pcf,dhfma,2,724207,102
random_n200_rho0.9_weakly-corr-neg_seed5.pcf,hfma,0,1757660,104
random_n200_rho0.9_weakly-corr-neg_seed5.pcf,dhfma,0,1651493,104
random_n200_rho0.9_weakly-corr-neg_seed5.pcf,hfma,1,1588172,104
random_n200_rho0.9_weakly-corr-neg_seed5.pcf,dhfma,1,1232470,104
random_n200_rho0.9_weakly-corr-neg_seed5.pcf,hfma,2,1017721,104
random_n200_rho0.9_weakly-corr-neg_seed5.pcf,dhfma,2,1087082,104
random_n200_rho0.9_weakly-corr-neg_seed6.pcf,hfma,0,812933,110
random_n200_rho0.9_weakly-corr-neg_seed6.pcf,dhfma,0,722301,110
random_n200_rho0.9_weakly-corr-neg_seed6.pcf,hfma,1,851592,110
random_n200_rho0.9_weakly-corr-neg_seed6.pcf,dhfma,1,847771,110
random_n200_rho0.9_weakly-corr-neg_seed6.pcf,hfma,2,937365,110
random_n200_rho0.9_weakly-corr-neg_seed6.pcf,dhfma,2,895243,110
random_n200_rho0.9_weakly-corr-neg_seed7.pcf,hfma,0,1181121,102
random_n200_rho0.9_weakly-corr-neg_seed7.pcf,dhfma,0,1238573,102
random_n200_rho0.9_weakly-corr-neg_seed7.pcf,hfma,1,1217225,102
random_n200_rho0.9_weakly-corr-neg_seed7.pcf,dhfma,1,1301958,102
random_n200_rho0.9_weakly-corr-neg_seed7.pcf,hfma,2,1236959,102
random_n200_rho0.9_weakly-corr-neg_seed7.pcf,dhfma,2,1288227,102
random_n200_rho0.9_weakly-corr-neg_seed8.pcf,hfma,0,1070549,126
random_n200_rho0.9_weakly-corr-neg_seed8.pcf,dhfma,0,1045924,126
random_n200_rho0.9_weakly-corr-neg_seed8.pcf,hfma,1,995717,126
random_n200_rho0.9_weakly-corr-neg_seed8.pcf,dhfma,1,979916,126
random_n200_rho0.9_weakly-corr-neg_seed8.pcf,hfma,2,243432,126
random_n200_rho0.9_weakly-corr-neg_seed8.pcf,dhfma,2,245850,126
random_n200_rho0.9_weakly-corr-neg_seed9.pcf,hfma,0,1119917,113
random_n200_rho0.9_weakly-corr-neg_seed9.pcf,dhfma,0,1241989,113
random_n200_rho0.9_weakly-corr-neg_seed9.pcf,hfma,1,909551,113
random_n200_rho0.9_weakly-corr-neg_seed9.pcf,dhfma,1,1041555,113
random_n200_rho0.9_weakly-corr-neg_seed9.pcf,hfma,2,915334,113
random_n200_rho0.9_weakly-corr-neg_seed9.pcf,dhfma,2,1020677,113
random_n200_rho0.9_weakly-corr_seed0.pcf,hfma,0,1802083,115
random_n200_rho0.9_weakly-corr_seed0.pcf,dhfma,0,1270434,115
random_n200_rho0.9_weakly-corr_seed0.pcf,hfma,1,1222085,115
random_n200_rho0.9_weakly-corr_seed0.pcf,dhfma,1,1439608,115
random_n200_rho0.9_weakly-corr_seed0.pcf,hfma,2,1353048,115
random_n200_rho0.9_weakly-corr_seed0.pcf,dhfma,2,1428816,115
random_n200_rho0.9_weakly-corr_seed1.pcf,hfma,0,1331478,124
random_n200_rho0.9_weakly-corr_seed1.pcf,dhfma,0,963700,124
random_n200_rho0.9_weakly-corr_seed1.pcf,hfma,1,1011546,124
random_n200_rho0.9_weakly-corr_seed1.pcf,dhfma,1,1049258,124
random_n200_rho0.9_weakly-corr_seed1.pcf,hfma,2,1093264,124
random_n200_rho0.9_weakly-corr_seed1.pcf,dhfma,2,1125654,124
random_n200_rho0.9_weakly-corr_seed2.pcf,hfma,0,1101336,103
random_n200_rho0.9_weakly-corr_seed2.pcf,dhfma,0,1133634,103
random_n200_rho0.9_weakly-corr_seed2.pcf,hfma,1,1018470,103
random_n200_rho0.9_weakly-corr_seed2.pcf,dhfma,1,1071690,103
random_n200_rho0.9_weakly-corr_seed2.pcf,hfma,2,966043,103
random_n200_rho0.9_weakly-corr_seed2.pcf,dhfma,2,1043267,103
random_n200_rho0.9_weakly-corr_seed3.pcf,hfma,0,1708156,108
random_n200_rho0.9_weakly-corr_seed3.pcf,dhfma,0,1275348,108
random_n200_rho0.9_weakly-corr_seed3.pcf,hfma,1,1394168,108
random_n200_rho0.9_weakly-corr_seed3.pcf,dhfma,1,1215633,108
random_n200_rho0.9_weakly-corr_seed3.pcf,hfma,2,1350012,108
random_n200_rho0.9_weakly-corr_seed3.pcf,dhfma,2,1177116,108
random_n200_rho0.9_weakly-corr_seed4.pcf,hfma,0,1373992,114
random_n200_rho0.9_weakly-corr_seed4.pcf,dhfma,0,1652206,114
random_n200_rho0.9_weakly-corr_seed4.pcf,hfma,1,1254847,114
random_n200_rho0.9_weakly-corr_seed4.pcf,dhfma,1,1595417,114
random_n200_rho0.9_weakly-corr_seed4.pcf,hfma,2,1230858,114
random_n200_rho0.9_weakly-corr_seed4.pcf,dhfma,2,1514495,114
random_n200_rho0.9_weakly-corr_seed5.pcf,hfma,0,1136588,111
random_n200_rho0.9_weakly-corr_seed5.pcf,dhfma,0,1066370,111
random_n200_rho0.9_weakly-corr_seed5.pcf,hfma,1,928780,111
random_n200_rho0.9_weakly-corr_seed5.pcf,dhfma,1,989410,111
random_n200_rho0.9_weakly-corr_seed5.pcf,hfma,2,887527,111
random_n200_rho0.9_weakly-corr_seed5.pcf,dhfma,2,956949,111
random_n200_rho0.9_weakly-corr_seed6.pcf,hfma,0,1881455,113
random_n200_rho0.9_weakly-corr_seed6.pcf,dhfma,0,2062977,113
random_n200_rho0.9_weakly-corr_seed6.pcf,hfma,1,724556,113
random_n200_rho0.9_weakly-corr_seed6.pcf,dhfma,1,460783,113
random_n200_rho0.9_weakly-corr_seed6.pcf,hfma,2,413923,113
random_n200_rho0.9_weakly-corr_seed6.pcf,dhfma,2,470824,113
random_n200_rho0.9_weakly-corr_seed7.pcf,hfma,0,1410274,115
random_n200_rho0.9_weakly-corr_seed7.pcf,dhfma,0,1359056,115
random_n200_rho0.9_weakly-corr_seed7.pcf,hfma,1,1200911,115
random_n200_rho0.9_weakly-corr_seed7.pcf,dhfma,1,1141519,115
random_n200_rho0.9_weakly-corr_seed7.pcf,hfma,2,1147971,115
random_n200_rho0.9_weakly-corr_seed7.pcf,dhfma,2,1233972,115
random_n200_rho0.9_weakly-corr_seed8.pcf,hfma,0,1371718,113
random_n200_rho0.9_weakly-corr_seed8.pcf,dhfma,0,1357208,113
random_n200_rho0.9_weakly-corr_seed8.pcf,hfma,1,1232511,113
random_n200_rho0.9_weakly-corr_seed8.pcf,dhfma,1,1306642,113
random_n200_rho0.9_weakly-corr_seed8.pcf,hfma,2,1084427,113
random_n200_rho0.9_weakly-corr_seed8.pcf,dhfma,2,1076869,113
random_n200_rho0.9_weakly-corr_seed9.pcf,hfma,0,1440314,117
random_n200_rho0.9_weakly-corr_seed9.pcf,dhfma,0,1128380,117
random_n200_rho0.9_weakly-corr_seed9.pcf,hfma,1,1125259,117
random_n200_rho0.9_weakly-corr_seed9.pcf,dhfma,1,1026762,117
random_n200_rho0.9_weakly-corr_seed9.pcf,hfma,2,1169548,117
random_n200_rho0.9_weakly-corr_seed9.pcf,dhfma,2,1163701,117
random_n200_rho1.0_strongly-corr-neg_seed0.pcf,hfma,0,1616193,106
random_n200_rho1.0_strongly-corr-neg_seed0.pcf,dhfma,0,1387061,106
random_n200_rho1.0_strongly-corr-neg_seed0.pcf,hfma,1,1482688,106
random_n200_rho1.0_strongly-corr-neg_seed0.pcf,dhfma,1,1242841,106
random_n200_rho1.0_strongly-corr-neg_seed0.pcf,hfma,2,1142729,106
random_n200_rho1.0_strongly-corr-neg_seed0.pcf,dhfma,2,972455,106
random_n200_rho1.0_strongly-corr-neg_seed1.pcf,hfma,0,1076951,91
random_n200_rho1.0_strongly-corr-neg_seed1.pcf,dhfma,0,1239313,91
random_n200_rho1.0_strongly-corr-neg_seed1.pcf,hfma,1,1222400,91
random_n200_rho1.0_strongly-corr-neg_seed1.pcf,dhfma,1,1569719,91
random_n200_rho1.0_strongly-corr-neg_seed1.pcf,hfma,2,1576863,91
random_n200_rho1.0_strongly-corr-neg_seed1.pcf,dhfma,2,1490156,91
random_n200_rho1.0_strongly-corr-neg_seed2.pcf,hfma,0,1859893,85
random_n200_rho1.0_strongly-corr-neg_seed2.pcf,dhfma,0,1697757,85
random_n200_rho1.0_strongly-corr-neg_seed2.pcf,hfma,1,1617524,85
random_n200_rho1.0_strongly-corr-neg_seed2.pcf,dhfma,1,1568620,85
random_n200_rho1.0_strongly-corr-neg_seed2.pcf,hfma,2,1261346,85
random_n200_rho1.0_strongly-corr-neg_seed2.pcf,dhfma,2,361001,85
random_n200_rho1.0_strongly-corr-neg_seed3.pcf,hfma,0,1762221,109
random_n200_rho1.0_strongly-corr-neg_seed3.pcf,dhfma,0,1535095,109
random_n200_rho1.0_strongly-corr-neg_seed3.pcf,hfma,1,1538621,109
random_n200_rho1.0_strongly-corr-neg_seed3.pcf,dhfma,1,1337195,109
random_n200_rho1.0_strongly-corr-neg_seed3.pcf,hfma,2,1513673,109
random_n200_rho1.0_strongly-corr-neg_seed3.pcf,dhfma,2,1332391,109
random_n200_rho1.0_strongly-corr-neg_seed4.pcf,hfma,0,2143774,97
random_n200_rho1.0_strongly-corr-neg_seed4.pcf,dhfma,0,1986048,97
random_n200_rho1.0_strongly-corr-neg_seed4.pcf,hfma,1,1814495,97
random_n200_rho1.0_strongly-corr-neg_seed4.pcf,dhfma,1,1368590,97
random_n200_rho1.0_strongly-corr-neg_seed4.pcf,hfma,2,1199838,97
random_n200_rho1.0_strongly-corr-neg_seed4.pcf,dhfma,2,1252334,97
random_n200_rho1.0_strongly-corr-neg_seed5.pcf,hfma,0,1830538,101
random_n200_rho1.0_strongly-corr-neg_seed5.pcf,dhfma,0,1095509,101
random_n200_rho1.0_strongly-corr-neg_seed5.pcf,hfma,1,538747,101
random_n200_rho1.0_strongly-corr-neg_seed5.pcf,dhfma,1,474228,101
random_n200_rho1.0_strongly-corr-neg_seed5.pcf,hfma,2,500181,101
random_n200_rho1.0_strongly-corr-neg_seed5.pcf,dhfma,2,468841,101
random_n200_rho1.0_strongly-corr-neg_seed6.pcf,hfma,0,875974,112
random_n200_rho1.0_strongly-corr-neg_seed6.pcf,dhfma,0,1638958,112
random_n200_rho1.0_strongly-corr-neg_seed6.pcf,hfma,1,1245906,112
random_n200_rho1.0_strongly-corr-neg_seed6.pcf,dhfma,1,1341351,112
random_n200_rho1.0_strongly-corr-neg_seed6.pcf,hfma,2,1150869,112
random_n200_rho1.0_strongly-corr-neg_seed6.pcf,dhfma,2,1382141,112
random_n200_rho1.0_strongly-corr-neg_seed7.pcf,hfma,0,1869641,103
random_n200_rho1.0_strongly-corr-neg_seed7.pcf,dhfma,0,1940214,103
random_n200_rho1.0_strongly-corr-neg_seed7.pcf,hfma,1,1704167,103
random_n200_rho1.0_strongly-corr-neg_seed7.pcf,dhfma,1,1597032,103
random_n200_rho1.0_strongly-corr-neg_seed7.pcf,hfma,2,1111212,103
random_n200_rho1.0_strongly-corr-neg_seed7.pcf,dhfma,2,1194271,103
random_n200_rho1.0_strongly-corr-neg_seed8.pcf,hfma,0,1404291,107
random_n200_rho1.0_strongly-corr-neg_seed8.pcf,dhfma,0,1374516,107
random_n200_rho1.0_strongly-corr-neg_seed8.pcf,hfma,1,1235965,107
random_n200_rho1.0_strongly-corr-neg_seed8.pcf,dhfma,1,1220069,107
random_n200_rho1.0_strongly-corr-neg_seed8.pcf,hfma,2,1173799,107
random_n200_rho1.0_strongly-corr-neg_seed8.pcf,dhfma,2,1147622,107
random_n200_rho1.0_strongly-corr-neg_seed9.pcf,hfma,0,2248148,91
random_n200_rho1.0_strongly-corr-neg_seed9.pcf,dhfma,0,2205471,91
random_n200_rho1.0_strongly-corr-neg_seed9.pcf,hfma,1,1466103,91
random_n200_rho1.0_strongly-corr-neg_seed9.pcf,dhfma,1,1227456,91
random_n200_rho1.0_strongly-corr-neg_seed9.pcf,hfma,2,1227866,91
random_n200_rho1.0_strongly-corr-neg_seed9.pcf,dhfma,2,1434321,91
random_n200_rho1.0_strongly-corr_seed0.pcf,hfma,0,1303798,107
random_n200_rho1.0_strongly-corr_seed0.pcf,dhfma,0,1276800,107
random_n200_rho1.0_strongly-corr_seed0.pcf,hfma,1,1162605,107
random_n200_rho1.0_strongly-corr_seed0.pcf,dhfma,1,1089942,107
random_n200_rho1.0_strongly-corr_seed0.pcf,hfma,2,1088331,107
random_n200_rho1.0_strongly-corr_seed0.pcf,dhfma,2,1165376,107
random_n200_rho1.0_strongly-corr_seed1.pcf,hfma,0,1724306,96
random_n200_rho1.0_strongly-corr_seed1.pcf,dhfma,0,1266202,96
random_n200_rho1.0_strongly-corr_seed1.pcf,hfma,1,1313037,96
random_n200_rho1.0_strongly-corr_seed1.pcf,dhfma,1,1321376,96
random_n200_rho1.0_strongly-corr_seed1.pcf,hfma,2,1276699,96
random_n200_rho1.0_strongly-corr_seed1.pcf,dhfma,2,1342782,96
random_n200_rho1.0_strongly-corr_seed2.pcf,hfma,0,2365254,90
random_n200_rho1.0_strongly-corr_seed2.pcf,dhfma,0,2161996,90
random_n200_rho1.0_strongly-corr_seed2.pcf,hfma,1,2329706,90
random_n200_rho1.0_strongly-corr_seed2.pcf,dhfma,1,2079436,90
random_n200_rho1.0_strongly-corr_seed2.pcf,hfma,2,2168227,90
random_n200_rho1.0_strongly-corr_seed2.pcf,dhfma,2,1596047,90
random_n200_rho1.0_strongly-corr_seed3.pcf,hfma,0,1605137,99
random_n200_rho1.0_strongly-corr_seed3.pcf,dhfma,0,1521841,99
random_n200_rho1.0_strongly-corr_seed3.pcf,hfma,1,1479962,99
random_n200_rho1.0_strongly-corr_seed3.pcf,dhfma,1,1417814,99
random_n200_rho1.0_strongly-corr_seed3.pcf,hfma,2,1432683,99
random_n200_rho1.0_strongly-corr_seed3.pcf,dhfma,2,1388763,99
random_n200_rho1.0_strongly-corr_seed4.pcf,hfma,0,1453441,103
random_n200_rho1.0_strongly-corr_seed4.pcf,dhfma,0,1343358,103
random_n200_rho1.0_strongly-corr_seed4.pcf,hfma,1,1305193,103
random_n200_rho1.0_strongly-corr_seed4.pcf,dhfma,1,1339214,103
random_n200_rho1.0_strongly-corr_seed4.pcf,hfma,2,993551,103
random_n200_rho1.0_strongly-corr_seed4.pcf,dhfma,2,1004938,103
random_n200_rho1.0_strongly-corr_seed5.pcf,hfma,0,1387140,105
random_n200_rho1.0_strongly-corr_seed5.pcf,dhfma,0,1289143,105
random_n200_rho1.0_strongly-corr_seed5.pcf,hfma,1,1315796,105
random_n200_rho1.0_strongly-corr_seed5.pcf,dhfma,1,1133400,105
random_n200_rho1.0_strongly-corr_seed5.pcf,hfma,2,1209117,105
random_n200_rho1.0_strongly-corr_seed5.pcf,dhfma,2,1095875,105
random_n200_rho1.0_strongly-corr_seed6.pcf,hfma,0,1654303,98
random_n200_rho1.0_strongly-corr_seed6.pcf,dhfma,0,1262410,98
random_n200_rho1.0_strongly-corr_seed6.pcf,hfma,1,1212735,98
random_n200_rho1.0_strongly-corr_seed6.pcf,dhfma,1,1225243,98
random_n200_rho1.0_strongly-corr_seed6.pcf,hfma,2,1132498,98
random_n200_rho1.0_strongly-corr_seed6.pcf,dhfma,2,479723,98
random_n200_rho1.0_strongly-corr_seed7.pcf,hfma,0,2481002,93
random_n200_rho1.0_strongly-corr_seed7.pcf,dhfma,0,2497249,93
random_n200_rho1.0_strongly-corr_seed7.pcf,hfma,1,1596516,93
random_n200_rho1.0_strongly-corr_seed7.pcf,dhfma,1,1636502,93
random_n200_rho1.0_strongly-corr_seed7.pcf,hfma,2,1146224,93
random_n200_rho1.0_strongly-corr_seed7.pcf,dhfma,2,1196578,93
random_n200_rho1.0_strongly-corr_seed8.pcf,hfma,0,564772,100
random_n200_rho1.0_strongly-corr_seed8.pcf,dhfma,0,393146,100
random_n200_rho1.0_strongly-corr_seed8.pcf,hfma,1,354658,100
random_n200_rho1.0_strongly-corr_seed8.pcf,dhfma,1,331762,100
random_n200_rho1.0_strongly-corr_seed8.pcf,hfma,2,351336,100
random_n200_rho1.0_strongly-corr_seed8.pcf,dhfma,2,339731,100
random_n200_rho1.0_strongly-corr_seed9.pcf,hfma,0,835281,110
random_n200_rho1.0_strongly-corr_seed9.pcf,dhfma,0,639513,110
random_n200_rho1.0_strongly-corr_seed9.pcf,hfma,1,723942,110
random_n200_rho1.0_strongly-corr_seed9.pcf,dhfma,1,675009,110
random_n200_rho1.0_strongly-corr_seed9.pcf,hfma,2,509258,110
random_n200_rho1.0_strongly-corr_seed9.pcf,dhfma,2,435282,110
random_n200_rho1.0_uncorr-neg_seed0.pcf,hfma,0,362316,110
random_n200_rho1.0_uncorr-neg_seed0.pcf,dhfma,0,355402,110
random_n200_rho1.0_uncorr-neg_seed0.pcf,hfma,1,346382,110
random_n200_rho1.0_uncorr-neg_seed0.pcf,dhfma,1,346499,110
random_n200_rho1.0_uncorr-neg_seed0.pcf,hfma,2,330530,110
random_n200_rho1.0_uncorr-neg_seed0.pcf,dhfma,2,353946,110
random_n200_rho1.0_uncorr-neg_seed1.pcf,hfma,0,573605,106
random_n200_rho1.0_uncorr-neg_seed1.pcf,dhfma,0,511989,106
random_n200_rho1.0_uncorr-neg_seed1.pcf,hfma,1,461636,106
random_n200_rho1.0_uncorr-neg_seed1.pcf,dhfma,1,477167,106
random_n200_rho1.0_uncorr-neg_seed1.pcf,hfma,2,461166,106
random_n200_rho1.0_uncorr-neg_seed1.pcf,dhfma,2,473829,106
random_n200_rho1.0_uncorr-neg_seed2.pcf,hfma,0,655947,100
random_n200_rho1.0_uncorr-neg_seed2.pcf,dhfma,0,612174,100
random_n200_rho1.0_uncorr-neg_seed2.pcf,hfma,1,444841,100
random_n200_rho1.0_uncorr-neg_seed2.pcf,dhfma,1,426627,100
random_n200_rho1.0_uncorr-neg_seed2.pcf,hfma,2,405478,100
random_n200_rho1.0_uncorr-neg_seed2.pcf,dhfma,2,406974,100
random_n200_rho1.0_uncorr-neg_seed3.pcf,hfma,0,713368,98
random_n200_rho1.0_uncorr-neg_seed3.pcf,dhfma,0,760936,98
random_n200_rho1.0_uncorr-neg_seed3.pcf,hfma,1,643675,98
random_n200_rho1.0_uncorr-neg_seed3.pcf,dhfma,1,591498,98
random_n200_rho1.0_uncorr-neg_seed3.pcf,hfma,2,595139,98
random_n200_rho1.0_uncorr-neg_seed3.pcf,dhfma,2,647217,98
random_n200_rho1.0_uncorr-neg_seed4.pcf,hfma,0,765626,102
random_n200_rho1.0_uncorr-neg_seed4.pcf,dhfma,0,677264,102
random_n200_rho1.0_uncorr-neg_seed4.pcf,hfma,1,767175,102
random_n200_rho1.0_uncorr-neg_seed4.pcf,dhfma,1,669698,102
random_n200_rho1.0_uncorr-neg_seed4.pcf,hfma,2,816086,102
random_n200_rho1.0_uncorr-neg_seed4.pcf,dhfma,2,765392,102
random_n200_rho1.0_uncorr-neg_seed5.pcf,hfma,0,2265875,88
random_n200_rho1.0_uncorr-neg_seed5.pcf,dhfma,0,1860408,88
random_n200_rho1.0_uncorr-neg_seed5.pcf,hfma,1,1901584,88
random_n200_rho1.0_uncorr-neg_seed5.pcf,dhfma,1,1807383,88
random_n200_rho1.0_uncorr-neg_seed5.pcf,hfma,2,1763161,88
random_n200_rho1.0_uncorr-neg_seed5.pcf,dhfma,2,1734779,88
random_n200_rho1.0_uncorr-neg_seed6.pcf,hfma,0,1666437,106
random_n200_rho1.0_uncorr-neg_seed6.pcf,dhfma,0,1537570,106
random_n200_rho1.0_uncorr-neg_seed6.pcf,hfma,1,1501015,106
random_n200_rho1.0_uncorr-neg_seed6.pcf,dhfma,1,1461453,106
random_n200_rho1.0_uncorr-neg_seed6.pcf,hfma,2,1507156,106
random_n200_rho1.0_uncorr-neg_seed6.pcf,dhfma,2,1353662,106
random_n200_rho1.0_uncorr-neg_seed7.pcf,hfma,0,2088007,109
random_n200_rho1.0_uncorr-neg_seed7.pcf,dhfma,0,1960429,109
random_n200_rho1.0_uncorr-neg_seed7.pcf,hfma,1,1869769,109
random_n200_rho1.0_uncorr-neg_seed7.pcf,dhfma,1,2172574,109
random_n200_rho1.0_uncorr-neg_seed7.pcf,hfma,2,1730368,109
random_n200_rho1.0_uncorr-neg_seed7.pcf,dhfma,2,1774871,109
random_n200_rho1.0_uncorr-neg_seed8.pcf,hfma,0,1891870,92
random_n200_rho1.0_uncorr-neg_seed8.pcf,dhfma,0,1930911,92
random_n200_rho1.0_uncorr-neg_seed8.pcf,hfma,1,1688644,92
random_n200_rho1.0_uncorr-neg_seed8.pcf,dhfma,1,1900973,92
random_n200_rho1.0_uncorr-neg_seed8.pcf,hfma,2,1864748,92
random_n200_rho1.0_uncorr-neg_seed8.pcf,dhfma,2,1941298,92
random_n200_rho1.0_uncorr-neg_seed9.pcf,hfma,0,1650387,97
random_n200_rho1.0_uncorr-neg_seed9.pcf,dhfma,0,1726552,97
random_n200_rho1.0_uncorr-neg_seed9.pcf,hfma,1,1526390,97
random_n200_rho1.0_uncorr-neg_seed9.pcf,dhfma,1,1632060,97
random_n200_rho1.0_uncorr-neg_seed9.pcf,hfma,2,1257911,97
random_n200_rho1.0_uncorr-neg_seed9.pcf,dhfma,2,1448343,97
random_n200_rho1.0_uncorr_seed0.pcf,hfma,0,1529013,98
random_n200_rho1.0_uncorr_seed0.pcf,dhfma,0,1482271,98
random_n200_rho1.0_uncorr_seed0.pcf,hfma,1,1432200,98
random_n200_rho1.0_uncorr_seed0.pcf,dhfma,1,1384997,98
random_n200_rho1.0_uncorr_seed0.pcf,hfma,2,1347151,98
random_n200_rho1.0_uncorr_seed0.pcf,dhfma,2,1349095,98
random_n200_rho1.0_uncorr_seed1.pcf,hfma,0,1609163,110
random_n200_rho1.0_uncorr_seed1.pcf,dhfma,0,1431990,110
random_n200_rho1.0_uncorr_seed1.pcf,hfma,1,1316644,110
random_n200_rho1.0_uncorr_seed1.pcf,dhfma,1,1389720,110
random_n200_rho1.0_uncorr_seed1.pcf,hfma,2,1244667,110
random_n200_rho1.0_uncorr_seed1.pcf,dhfma,2,1362335,110
random_n200_rho1.0_uncorr_seed2.pcf,hfma,0,1564928,99
random_n200_rho1.0_uncorr_seed2.pcf,dhfma,0,1931622,99
random_n200_rho1.0_uncorr_seed2.pcf,hfma,1,1595343,99
random_n200_rho1.0_uncorr_seed2.pcf,dhfma,1,1852748,99
random_n200_rho1.0_uncorr_seed2.pcf,hfma,2,1458132,99
random_n200_rho1.0_uncorr_seed2.pcf,dhfma,2,1507823,99
random_n200_rho1.0_uncorr_seed3.pcf,hfma,0,1976828,97
random_n200_rho1.0_uncorr_seed3.pcf,dhfma,0,2022785,97
random_n200_rho1.0_uncorr_seed3.pcf,hfma,1,1766509,97
random_n200_rho1.0_uncorr_seed3.pcf,dhfma,1,1622399,97
random_n200_rho1.0_uncorr_seed3.pcf,hfma,2,1598917,97
random_n200_rho1.0_uncorr_seed3.pcf,dhfma,2,1541810,97
random_n200_rho1.0_uncorr_seed4.pcf,hfma,0,1693471,105
random_n200_rho1.0_uncorr_seed4.pcf,dhfma,0,1616028,105
random_n200_rho1.0_uncorr_seed4.pcf,hfma,1,1224877,105
random_n200_rho1.0_uncorr_seed4.pcf,dhfma,1,1194287,105
random_n200_rho1.0_uncorr_seed4.pcf,hfma,2,894624,105
random_n200_rho1.0_uncorr_seed4.pcf,dhfma,2,709248,105
random_n200_rho1.0_uncorr_seed5.pcf,hfma,0,1069296,97
random_n200_rho1.0_uncorr_seed5.pcf,dhfma,0,1070310,97
random_n200_rho1.0_uncorr_seed5.pcf,hfma,1,1354024,97
random_n200_rho1.0_uncorr_seed5.pcf,dhfma,1,1395184,97
random_n200_rho1.0_uncorr_seed5.pcf,hfma,2,1569302,97
random_n200_rho1.0_uncorr_seed5.pcf,dhfma,2,1515879,97
random_n200_rho1.0_uncorr_seed6.pcf,hfma,0,1371820,102
random_n200_rho1.0_uncorr_seed6.pcf,dhfma,0,1431340,102
random_n200_rho1.0_uncorr_seed6.pcf,hfma,1,1291843,102
random_n200_rho1.0_uncorr_seed6.pcf,dhfma,1,1527183,102
random_n200_rho1.0_uncorr_seed6.pcf,hfma,2,1574375,102
random_n200_rho1.0_uncorr_seed6.pcf,dhfma,2,1593870,102
random_n200_rho1.0_uncorr_seed7.pcf,hfma,0,1635823,98
random_n200_rho1.0_uncorr_seed7.pcf,dhfma,0,1656937,98
random_n200_rho1.0_uncorr_seed7.pcf,hfma,1,1432766,98
random_n200_rho1.0_uncorr_seed7.pcf,dhfma,1,1567937,98
random_n200_rho1.0_uncorr_seed7.pcf,hfma,2,1213927,98
random_n200_rho1.0_uncorr_seed7.pcf,dhfma,2,1185835,98
random_n200_rho1.0_uncorr_seed8.pcf,hfma,0,1254982,105
random_n200_rho1.0_uncorr_seed8.pcf,dhfma,0,1391097,105
random_n200_rho1.0_uncorr_seed8.pcf,hfma,1,1344456,105
random_n200_rho1.0_uncorr_seed8.pcf,dhfma,1,868707,105
random_n200_rho1.0_uncorr_seed8.pcf,hfma,2,359132,105
random_n200_rho1.0_uncorr_seed8.pcf,dhfma,2,329611,105
random_n200_rho1.0_uncorr_seed9.pcf,hfma,0,394236,97
random_n200_rho1.0_uncorr_seed9.pcf,dhfma,0,909542,97
random_n200_rho1.0_uncorr_seed9.pcf,hfma,1,1291307,97
random_n200_rho1.0_uncorr_seed9.pcf,dhfma,1,1105328,97
random_n200_rho1.0_uncorr_seed9.pcf,hfma,2,973010,97
random_n200_rho1.0_uncorr_seed9.pcf,dhfma,2,912819,97
random_n200_rho1.0_weakly-corr-neg_seed0.pcf,hfma,0,1708341,96
random_n200_rho1.0_weakly-corr-neg_seed0.pcf,dhfma,0,1723884,96
random_n200_rho1.0_weakly-corr-neg_seed0.pcf,hfma,1,1570542,96
random_n200_rho1.0_weakly-corr-neg_seed0.pcf,dhfma,1,1321937,96
random_n200_rho1.0_weakly-corr-neg_seed0.pcf,hfma,2,1374444,96
random_n200_rho1.0_weakly-corr-neg_seed0.pcf,dhfma,2,1406388,96
random_n200_rho1.0_weakly-corr-neg_seed1.pcf,hfma,0,1804628,96
random_n200_rho1.0_weakly-corr-neg_seed1.pcf,dhfma,0,1575506,96
random_n200_rho1.0_weakly-corr-neg_seed1.pcf,hfma,1,1557347,96
random_n200_rho1.0_weakly-corr-neg_seed1.pcf,dhfma,1,1193841,96
random_n200_rho1.0_weakly-corr-neg_seed1.pcf,hfma,2,1186630,96
random_n200_rho1.0_weakly-corr-neg_seed1.pcf,dhfma,2,971441,96
random_n200_rho1.0_weakly-corr-neg_seed2.pcf,hfma,0,1425543,72
random_n200_rho1.0_weakly-corr-neg_seed2.pcf,dhfma,0,2122968,72
random_n200_rho1.0_weakly-corr-neg_seed2.pcf,hfma,1,1919837,72
random_n200_rho1.0_weakly-corr-neg_seed2.pcf,dhfma,1,2807401,72
random_n200_rho1.0_weakly-corr-neg_seed2.pcf,hfma,2,2020040,72
random_n200_rho1.0_weakly-corr-neg_seed2.pcf,dhfma,2,2235124,72
random_n200_rho1.0_weakly-corr-neg_seed3.pcf,hfma,0,1520900,100
random_n200_rho1.0_weakly-corr-neg_seed3.pcf,dhfma,0,1802102,100
random_n200_rho1.0_weakly-corr-neg_seed3.pcf,hfma,1,1249898,100
random_n200_rho1.0_weakly-corr-neg_seed3.pcf,dhfma,1,1470800,100
random_n200_rho1.0_weakly-corr-neg_seed3.pcf,hfma,2,1073670,100
random_n200_rho1.0_weakly-corr-neg_seed3.pcf,dhfma,2,1115935,100
random_n200_rho1.0_weakly-corr-neg_seed4.pcf,hfma,0,1515079,111
random_n200_rho1.0_weakly-corr-neg_seed4.pcf,dhfma,0,1641357,111
random_n200_rho1.0_weakly-corr-neg_seed4.pcf,hfma,1,1374065,111
random_n200_rho1.0_weakly-corr-neg_seed4.pcf,dhfma,1,1560703,111
random_n200_rho1.0_weakly-corr-neg_seed4.pcf,hfma,2,1362670,111
random_n200_rho1.0_weakly-corr-neg_seed4.pcf,dhfma,2,1496293,111
random_n200_rho1.0_weakly-corr-neg_seed5.pcf,hfma,0,2125103,88
random_n200_rho1.0_weakly-corr-neg_seed5.pcf,dhfma,0,1826684,88
random_n200_rho1.0_weakly-corr-neg_seed5.pcf,hfma,1,1982536,88
random_n200_rho1.0_weakly-corr-neg_seed5.pcf,dhfma,1,1468186,88
random_n200_rho1.0_weakly-corr-neg_seed5.pcf,hfma,2,1505688,88
random_n200_rho1.0_weakly-corr-neg_seed5.pcf,dhfma,2,1405713,88
random_n200_rho1.0_weakly-corr-neg_seed6.pcf,hfma,0,1728887,92
random_n200_rho1.0_weakly-corr-neg_seed6.pcf,dhfma,0,1436849,92
random_n200_rho1.0_weakly-corr-neg_seed6.pcf,hfma,1,1706575,92
random_n200_rho1.0_weakly-corr-neg_seed6.pcf,dhfma,1,489914,92
random_n200_rho1.0_weakly-corr-neg_seed6.pcf,hfma,2,401939,92
random_n200_rho1.0_weakly-corr-neg_seed6.pcf,dhfma,2,339534,92
random_n200_rho1.0_weakly-corr-neg_seed7.pcf,hfma,0,1856058,108
random_n200_rho1.0_weakly-corr-neg_seed7.pcf,dhfma,0,1698454,108
random_n200_rho1.0_weakly-corr-neg_seed7.pcf,hfma,1,1803650,108
random_n200_rho1.0_weakly-corr-neg_seed7.pcf,dhfma,1,1649455,108
random_n200_rho1.0_weakly-corr-neg_seed7.pcf,hfma,2,1404724,108
random_n200_rho1.0_weakly-corr-neg_seed7.pcf,dhfma,2,1281548,108
random_n200_rho1.0_weakly-corr-neg_seed8.pcf,hfma,0,1757227,96
random_n200_rho1.0_weakly-corr-neg_seed8.pcf,dhfma,0,1618481,96
random_n200_rho1.0_weakly-corr-neg_seed8.pcf,hfma,1,1799285,96
random_n200_rho1.0_weakly-corr-neg_seed8.pcf,dhfma,1,1438979,96
random_n200_rho1.0_weakly-corr-neg_seed8.pcf,hfma,2,1716432,96
random_n200_rho1.0_weakly-corr-neg_seed8.pcf,dhfma,2,1369194,96
random_n200_rho1.0_weakly-corr-neg_seed9.pcf,hfma,0,1820420,101
random_n200_rho1.0_weakly-corr-neg_seed9.pcf,dhfma,0,1506861,101
random_n200_rho1.0_weakly-corr-neg_seed9.pcf,hfma,1,1762645,101
random_n200_rho1.0_weakly-corr-neg_seed9.pcf,dhfma,1,1543007,101
random_n200_rho1.0_weakly-corr-neg_seed9.pcf,hfma,2,1721413,101
random_n200_rho1.0_weakly-corr-neg_seed9.pcf,dhfma,2,1474135,101
random_n200_rho1.0_weakly-corr_seed0.pcf,hfma,0,1892791,102
random_n200_rho1.0_weakly-corr_seed0.pcf,dhfma,0,1880283,102
random_n200_rho1.0_weakly-corr_seed0.pcf,hfma,1,1579545,102
random_n200_rho1.0_weakly-corr_seed0.pcf,dhfma,1,1901012,102
random_n200_rho1.0_weakly-corr_seed0.pcf,hfma,2,1668059,102
random_n200_rho1.0_weakly-corr_seed0.pcf,dhfma,2,1702813,102
random_n200_rho1.0_weakly-corr_seed1.pcf,hfma,0,2015931,105
random_n200_rho1.0_weakly-corr_seed1.pcf,dhfma,0,1834491,105
random_n200_rho1.0_weakly-corr_seed1.pcf,hfma,1,1777863,105
random_n200_rho1.0_weakly-corr_seed1.pcf,dhfma,1,1572169,105
random_n200_rho1.0_weakly-corr_seed1.pcf,hfma,2,1634222,105
random_n200_rho1.0_weakly-corr_seed1.pcf,dhfma,2,1368826,105
random_n200_rho1.0_weakly-corr_seed2.pcf,hfma,0,1901671,103
random_n200_rho1.0_weakly-corr_seed2.pcf,dhfma,0,1616765,103
random_n200_rho1.0_weakly-corr_seed2.pcf,hfma,1,1740277,103
random_n200_rho1.0_weakly-corr_seed2.pcf,dhfma,1,1391736,103
random_n200_rho1.0_weakly-corr_seed2.pcf,hfma,2,1733241,103
random_n200_rho1.0_weakly-corr_seed2.pcf,dhfma,2,1485971,103
random_n200_rho1.0_weakly-corr_seed3.pcf,hfma,0,1866273,96
random_n200_rho1.0_weakly-corr_seed3.pcf,dhfma,0,1920538,96
random_n200_rho1.0_weakly-corr_seed3.pcf,hfma,1,1371447,96
random_n200_rho1.0_weakly-corr_seed3.pcf,dhfma,1,1324070,96
random_n200_rho1.0_weakly-corr_seed3.pcf,hfma,2,1129869,96
random_n200_rho1.0_weakly-corr_seed3.pcf,dhfma,2,1193948,96
random_n200_rho1.0_weakly-corr_seed4.pcf,hfma,0,1822515,96
random_n200_rho1.0_weakly-corr_seed4.pcf,dhfma,0,1836845,96
random_n200_rho1.0_weakly-corr_seed4.pcf,hfma,1,1807256,96
random_n200_rho1.0_weakly-corr_seed4.pcf,dhfma,1,1664065,96
random_n200_rho1.0_weakly-corr_seed4.pcf,hfma,2,1522010,96
random_n200_rho1.0_weakly-corr_seed4.pcf,dhfma,2,1548206,96
random_n200_rho1.0_weakly-corr_seed5.pcf,hfma,0,2174722,83
random_n200_rho1.0_weakly-corr_seed5.pcf,dhfma,0,1797614,83
random_n200_rho1.0_weakly-corr_seed5.pcf,hfma,1,2030125,83
random_n200_rho1.0_weakly-corr_seed5.pcf,dhfma,1,1255551,83
random_n200_rho1.0_weakly-corr_seed5.pcf,hfma,2,502146,83
random_n200_rho1.0_weakly-corr_seed5.pcf,dhfma,2,484055,83
random_n200_rho1.0_weakly-corr_seed6.pcf,hfma,0,2267150,111
random_n200_rho1.0_weakly-corr_seed6.pcf,dhfma,0,1516602,111
random_n200_rho1.0_weakly-corr_seed6.pcf,hfma,1,1580300,111
random_n200_rho1.0_weakly-corr_seed6.pcf,dhfma,1,1740483,111
random_n200_rho1.0_weakly-corr_seed6.pcf,hfma,2,1860783,111
random_n200_rho1.0_weakly-corr_seed6.pcf,dhfma,2,1700631,111
random_n200_rho1.0_weakly-corr_seed7.pcf,hfma,0,1610889,116
random_n200_rho1.0_weakly-corr_seed7.pcf,dhfma,0,1643948,116
random_n200_rho1.0_weakly-corr_seed7.pcf,hfma,1,1555746,116
random_n200_rho1.0_weakly-corr_seed7.pcf,dhfma,1,1505436,116
random_n200_rho1.0_weakly-corr_seed7.pcf,hfma,2,1611354,116
random_n200_rho1.0_weakly-corr_seed7.pcf,dhfma,2,1539861,116
random_n200_rho1.0_weakly-corr_seed8.pcf,hfma,0,2196607,97
random_n200_rho1.0_weakly-corr_seed8.pcf,dhfma,0,1864879,97
random_n200_rho1.0_weakly-corr_seed8.pcf,hfma,1,508263,97
random_n200_rho1.0_weakly-corr_seed8.pcf,dhfma,1,439893,97
random_n200_rho1.0_weakly-corr_seed8.pcf,hfma,2,497002,97
random_n200_rho1.0_weakly-corr_seed8.pcf,dhfma,2,592023,97
random_n200_rho1.0_weakly-corr_seed9.pcf,hfma,0,1442149,93
random_n200_rho1.0_weakly-corr_seed9.pcf,dhfma,0,1711426,93
random_n200_rho1.0_weakly-corr_seed9.pcf,hfma,1,1349302,93
random_n200_rho1.0_weakly-corr_seed9.pcf,dhfma,1,1565230,93
random_n200_rho1.0_weakly-corr_seed9.pcf,hfma,2,1247953,93
random_n200_rho1.0_weakly-corr_seed9.pcf,dhfma,2,1560956,93
random_n300_rho0.3_strongly-corr-neg_seed0.pcf,hfma,0,428233,237
random_n300_rho0.3_strongly-corr-neg_seed0.pcf,dhfma,0,476731,237
random_n300_rho0.3_strongly-corr-neg_seed0.pcf,hfma,1,348413,237
random_n300_rho0.3_strongly-corr-neg_seed0.pcf,dhfma,1,426533,237
random_n300_rho0.3_strongly-corr-neg_seed0.pcf,hfma,2,328795,237
random_n300_rho0.3_strongly-corr-neg_seed0.pcf,dhfma,2,432367,237
random_n300_rho0.3_strongly-corr-neg_seed1.pcf,hfma,0,641775,240
random_n300_rho0.3_strongly-corr-neg_seed1.pcf,dhfma,0,533505,240
random_n300_rho0.3_strongly-corr-neg_seed1.pcf,hfma,1,429882,240
random_n300_rho0.3_strongly-corr-neg_seed1.pcf,dhfma,1,446780,240
random_n300_rho0.3_strongly-corr-neg_seed1.pcf,hfma,2,388108,240
random_n300_rho0.3_strongly-corr-neg_seed1.pcf,dhfma,2,430239,240
random_n300_rho0.3_strongly-corr-neg_seed2.pcf,hfma,0,462360,235
random_n300_rho0.3_strongly-corr-neg_seed2.pcf,dhfma,0,533673,235
random_n300_rho0.3_strongly-corr-neg_seed2.pcf,hfma,1,378153,235
random_n300_rho0.3_strongly-corr-neg_seed2.pcf,dhfma,1,439455,235
random_n300_rho0.3_strongly-corr-neg_seed2.pcf,hfma,2,366032,235
random_n300_rho0.3_strongly-corr-neg_seed2.pcf,dhfma,2,413526,235
random_n300_rho0.3_strongly-corr-neg_seed3.pcf,hfma,0,517684,229
random_n300_rho0.3_strongly-corr-neg_seed3.pcf,dhfma,0,579024,229
random_n300_rho0.3_strongly-corr-neg_seed3.pcf,hfma,1,398856,229
random_n300_rho0.3_strongly-corr-neg_seed3.pcf,dhfma,1,462498,229
random_n300_rho0.3_strongly-corr-neg_seed3.pcf,hfma,2,354883,229
random_n300_rho0.3_strongly-corr-neg_seed3.pcf,dhfma,2,410805,229
random_n300_rho0.3_strongly-corr-neg_seed4.pcf,hfma,0,594784,240
random_n300_rho0.3_strongly-corr-neg_seed4.pcf,dhfma,0,682443,240
random_n300_rho0.3_strongly-corr-neg_seed4.pcf,hfma,1,451842,240
random_n300_rho0.3_strongly-corr-neg_seed4.pcf,dhfma,1,510301,240
random_n300_rho0.3_strongly-corr-neg_seed4.pcf,hfma,2,399096,240
random_n300_rho0.3_strongly-corr-neg_seed4.pcf,dhfma,2,474663,240
random_n300_rho0.3_strongly-corr-neg_seed5.pcf,hfma,0,461155,229
random_n300_rho0.3_strongly-corr-neg_seed5.pcf,dhfma,0,520713,229
random_n300_rho0.3_strongly-corr-neg_seed5.pcf,hfma,1,394969,229
random_n300_rho0.3_strongly-corr-neg_seed5.pcf,dhfma,1,467798,229
random_n300_rho0.3_strongly-corr-neg_seed5.pcf,hfma,2,375608,229
random_n300_rho0.3_strongly-corr-neg_seed5.pcf,dhfma,2,456107,229
random_n300_rho0.3_strongly-corr-neg_seed6.pcf,hfma,0,453438,233
random_n300_rho0.3_strongly-corr-neg_seed6.pcf,dhfma,0,532725,233
random_n300_rho0.3_strongly-corr-neg_seed6.pcf,hfma,1,394693,233
random_n300_rho0.3_strongly-corr-neg_seed6.pcf,dhfma,1,465444,233
random_n300_rho0.3_strongly-corr-neg_seed6.pcf,hfma,2,383512,233
random_n300_rho0.3_strongly-corr-neg_seed6.pcf,dhfma,2,446891,233
random_n300_rho0.3_strongly-corr-neg_seed7.pcf,hfma,0,464108,241
random_n300_rho0.3_strongly-corr-neg_seed7.pcf,dhfma,0,502047,241
random_n300_rho0.3_strongly-corr-neg_seed7.pcf,hfma,1,377621,241
random_n300_rho0.3_strongly-corr-neg_seed7.pcf,dhfma,1,431356,241
random_n300_rho0.3_strongly-corr-neg_seed7.pcf,hfma,2,369880,241
random_n300_rho0.3_strongly-corr-neg_seed7.pcf,dhfma,2,414435,241
random_n300_rho0.3_strongly-corr-neg_seed8.pcf,hfma,0,466667,244
random_n300_rho0.3_strongly-corr-neg_seed8.pcf,dhfma,0,502343,244
random_n300_rho0.3_strongly-corr-neg_seed8.pcf,hfma,1,404389,244
random_n300_rho0.3_strongly-corr-neg_seed8.pcf,dhfma,1,434227,244
random_n300_rho0.3_strongly-corr-neg_seed8.pcf,hfma,2,377077,244
random_n300_rho0.3_strongly-corr-neg_seed8.pcf,dhfma,2,415532,244
random_n300_rho0.3_strongly-corr-neg_seed9.pcf,hfma,0,435432,253
random_n300_rho0.3_strongly-corr-neg_seed9.pcf,dhfma,0,499443,253
random_n300_rho0.3_strongly-corr-neg_seed9.pcf,hfma,1,355807,253
random_n300_rho0.3_strongly-corr-neg_seed9.pcf,dhfma,1,411296,253
random_n300_rho0.3_strongly-corr-neg_seed9.pcf,hfma,2,397894,253
random_n300_rho0.3_strongly-corr-neg_seed9.pcf,dhfma,2,408709,253
random_n300_rho0.3_strongly-corr_seed0.pcf,hfma,0,525322,227
random_n300_rho0.3_strongly-corr_seed0.pcf,dhfma,0,630207,227
random_n300_rho0.3_strongly-corr_seed0.pcf,hfma,1,425259,227
random_n300_rho0.3_strongly-corr_seed0.pcf,dhfma,1,414379,227
random_n300_rho0.3_strongly-corr_seed0.pcf,hfma,2,370141,227
random_n300_rho0.3_strongly-corr_seed0.pcf,dhfma,2,415212,227
random_n300_rho0.3_strongly-corr_seed1.pcf,hfma,0,428239,236
random_n300_rho0.3_strongly-corr_seed1.pcf,dhfma,0,483349,236
random_n300_rho0.3_strongly-corr_seed1.pcf,hfma,1,336678,236
random_n300_rho0.3_strongly-corr_seed1.pcf,dhfma,1,406396,236
random_n300_rho0.3_strongly-corr_seed1.pcf,hfma,2,333869,236
random_n300_rho0.3_strongly-corr_seed1.pcf,dhfma,2,419256,236
random_n300_rho0.3_strongly-corr_seed2.pcf,hfma,0,494808,233
random_n300_rho0.3_strongly-corr_seed2.pcf,dhfma,0,494054,233
random_n300_rho0.3_strongly-corr_seed2.pcf,hfma,1,401914,233
random_n300_rho0.3_strongly-corr_seed2.pcf,dhfma,1,434479,233
random_n300_rho0.3_strongly-corr_seed2.pcf,hfma,2,369306,233
random_n300_rho0.3_strongly-corr_seed2.pcf,dhfma,2,423810,233
random_n300_rho0.3_strongly-corr_seed3.pcf,hfma,0,458549,224
random_n300_rho0.3_strongly-corr_seed3.pcf,dhfma,0,500498,224
random_n300_rho0.3_strongly-corr_seed3.pcf,hfma,1,358651,224
random_n300_rho0.3_strongly-corr_seed3.pcf,dhfma,1,416836,224
random_n300_rho0.3_strongly-corr_seed3.pcf,hfma,2,360190,224
random_n300_rho0.3_strongly-corr_seed3.pcf,dhfma,2,420908,224
random_n300_rho0.3_strongly-corr_seed4.pcf,hfma,0,481157,226
random_n300_rho0.3_strongly-corr_seed4.pcf,dhfma,0,523879,226
random_n300_rho0.3_strongly-corr_seed4.pcf,hfma,1,391456,226
random_n300_rho0.3_strongly-corr_seed4.pcf,dhfma,1,452746,226
random_n300_rho0.3_strongly-corr_seed4.pcf,hfma,2,402780,226
random_n300_rho0.3_strongly-corr_seed4.pcf,dhfma,2,427889,226
random_n300_rho0.3_strongly-corr_seed5.pcf,hfma,0,547437,239
random_n300_rho0.3_strongly-corr_seed5.pcf,dhfma,0,469188,239
random_n300_rho0.3_strongly-corr_seed5.pcf,hfma,1,380435,239
random_n300_rho0.3_strongly-corr_seed5.pcf,dhfma,1,394402,239
random_n300_rho0.3_strongly-corr_seed5.pcf,hfma,2,333441,239
random_n300_rho0.3_strongly-corr_seed5.pcf,dhfma,2,391244,239
random_n300_rho0.3_strongly-corr_seed6.pcf,hfma,0,478401,234
random_n300_rho0.3_strongly-corr_seed6.pcf,dhfma,0,535648,234
random_n300_rho0.3_strongly-corr_seed6.pcf,hfma,1,387798,234
random_n300_rho0.3_strongly-corr_seed6.pcf,dhfma,1,476249,234
random_n300_rho0.3_strongly-corr_seed6.pcf,hfma,2,369203,234
random_n300_rho0.3_strongly-corr_seed6.pcf,dhfma,2,429030,234
random_n300_rho0.3_strongly-corr_seed7.pcf,hfma,0,462083,232
random_n300_rho0.3_strongly-corr_seed7.pcf,dhfma,0,445289,232
random_n300_rho0.3_strongly-corr_seed7.pcf,hfma,1,342522,232
random_n300_rho0.3_strongly-corr_seed7.pcf,dhfma,1,423524,232
random_n300_rho0.3_strongly-corr_seed7.pcf,hfma,2,373319,232
random_n300_rho0.3_strongly-corr_seed7.pcf,dhfma,2,410899,232
random_n300_rho0.3_strongly-corr_seed8.pcf,hfma,0,471300,243
random_n300_rho0.3_strongly-corr_seed8.pcf,dhfma,0,545662,243
random_n300_rho0.3_strongly-corr_seed8.pcf,hfma,1,417608,243
random_n300_rho0.3_strongly-corr_seed8.pcf,dhfma,1,452901,243
random_n300_rho0.3_strongly-corr_seed8.pcf,hfma,2,360230,243
random_n300_rho0.3_strongly-corr_seed8.pcf,dhfma,2,412420,243
random_n300_rho0.3_strongly-corr_seed9.pcf,hfma,0,502741,227
random_n300_rho0.3_strongly-corr_seed9.pcf,dhfma,0,517753,227
random_n300_rho0.3_strongly-corr_seed9.pcf,hfma,1,400578,227
random_n300_rho0.3_strongly-corr_seed9.pcf,dhfma,1,447747,227
random_n300_rho0.3_strongly-corr_seed9.pcf,hfma,2,370730,227
random_n300_rho0.3_strongly-corr_seed9.pcf,dhfma,2,435405,227
random_n300_rho0.3_uncorr-neg_seed0.pcf,hfma,0,473649,261
random_n300_rho0.3_uncorr-neg_seed0.pcf,dhfma,0,517059,261
random_n300_rho0.3_uncorr-neg_seed0.pcf,hfma,1,354187,261
random_n300_rho0.3_uncorr-neg_seed0.pcf,dhfma,1,414431,261
random_n300_rho0.3_uncorr-neg_seed0.pcf,hfma,2,342610,261
random_n300_rho0.3_uncorr-neg_seed0.pcf,dhfma,2,393850,261
random_n300_rho0.3_uncorr-neg_seed1.pcf,hfma,0,605723,259
random_n300_rho0.3_uncorr-neg_seed1.pcf,dhfma,0,588711,259
random_n300_rho0.3_uncorr-neg_seed1.pcf,hfma,1,510080,259
random_n300_rho0.3_uncorr-neg_seed1.pcf,dhfma,1,483875,259
random_n300_rho0.3_uncorr-neg_seed1.pcf,hfma,2,401580,259
random_n300_rho0.3_uncorr-neg_seed1.pcf,dhfma,2,431514,259
random_n300_rho0.3_uncorr-neg_seed2.pcf,hfma,0,432190,257
random_n300_rho0.3_uncorr-neg_seed2.pcf,dhfma,0,531413,257
random_n300_rho0.3_uncorr-neg_seed2.pcf,hfma,1,377608,257
random_n300_rho0.3_uncorr-neg_seed2.pcf,dhfma,1,437447,257
random_n300_rho0.3_uncorr-neg_seed2.pcf,hfma,2,332014,257
random_n300_rho0.3_uncorr-neg_seed2.pcf,dhfma,2,410551,257
random_n300_rho0.3_uncorr-neg_seed3.pcf,hfma,0,476417,259
random_n300_rho0.3_uncorr-neg_seed3.pcf,dhfma,0,512962,259
random_n300_rho0.3_uncorr-neg_seed3.pcf,hfma,1,382367,259
random_n300_rho0.3_uncorr-neg_seed3.pcf,dhfma,1,479679,259
random_n300_rho0.3_uncorr-neg_seed3.pcf,hfma,2,358248,259
random_n300_rho0.3_uncorr-neg_seed3.pcf,dhfma,2,410375,259
random_n300_rho0.3_uncorr-neg_seed4.pcf,hfma,0,291556,261
random_n300_rho0.3_uncorr-neg_seed4.pcf,dhfma,0,357517,261
random_n300_rho0.3_uncorr-neg_seed4.pcf,hfma,1,257781,261
random_n300_rho0.3_uncorr-neg_seed4.pcf,dhfma,1,310652,261
random_n300_rho0.3_uncorr-neg_seed4.pcf,hfma,2,259582,261
random_n300_rho0.3_uncorr-neg_seed4.pcf,dhfma,2,323122,261
random_n300_rho0.3_uncorr-neg_seed5.pcf,hfma,0,522607,252
random_n300_rho0.3_uncorr-neg_seed5.pcf,dhfma,0,554598,252
random_n300_rho0.3_uncorr-neg_seed5.pcf,hfma,1,436899,252
random_n300_rho0.3_uncorr-neg_seed5.pcf,dhfma,1,511892,252
random_n300_rho0.3_uncorr-neg_seed5.pcf,hfma,2,415527,252
random_n300_rho0.3_uncorr-neg_seed5.pcf,dhfma,2,477325,252
random_n300_rho0.3_uncorr-neg_seed6.pcf,hfma,0,532271,244
random_n300_rho0.3_uncorr-neg_seed6.pcf,dhfma,0,559179,244
random_n300_rho0.3_uncorr-neg_seed6.pcf,hfma,1,401205,244
random_n300_rho0.3_uncorr-neg_seed6.pcf,dhfma,1,422533,244
random_n300_rho0.3_uncorr-neg_seed6.pcf,hfma,2,378115,244
random_n300_rho0.3_uncorr-neg_seed6.pcf,dhfma,2,439346,244
random_n300_rho0.3_uncorr-neg_seed7.pcf,hfma,0,456725,256
random_n300_rho0.3_uncorr-neg_seed7.pcf,dhfma,0,525300,256
random_n300_rho0.3_uncorr-neg_seed7.pcf,hfma,1,378045,256
random_n300_rho0.3_uncorr-neg_seed7.pcf,dhfma,1,496402,256
random_n300_rho0.3_uncorr-neg_seed7.pcf,hfma,2,371253,256
random_n300_rho0.3_uncorr-neg_seed7.pcf,dhfma,2,446706,256
random_n300_rho0.3_uncorr-neg_seed8.pcf,hfma,0,491341,251
random_n300_rho0.3_uncorr-neg_seed8.pcf,dhfma,0,531135,251
random_n300_rho0.3_uncorr-neg_seed8.pcf,hfma,1,367998,251
random_n300_rho0.3_uncorr-neg_seed8.pcf,dhfma,1,446543,251
random_n300_rho0.3_uncorr-neg_seed8.pcf,hfma,2,348131,251
random_n300_rho0.3_uncorr-neg_seed8.pcf,dhfma,2,427461,251
random_n300_rho0.3_uncorr-neg_seed9.pcf,hfma,0,558097,261
random_n300_rho0.3_uncorr-neg_seed9.pcf,dhfma,0,560646,261
random_n300_rho0.3_uncorr-neg_seed9.pcf,hfma,1,406529,261
random_n300_rho0.3_uncorr-neg_seed9.pcf,dhfma,1,537772,261
random_n300_rho0.3_uncorr-neg_seed9.pcf,hfma,2,406131,261
random_n300_rho0.3_uncorr-neg_seed9.pcf,dhfma,2,490681,261
random_n300_rho0.3_uncorr_seed0.pcf,hfma,0,537978,241
random_n300_rho0.3_uncorr_seed0.pcf,dhfma,0,650355,241
random_n300_rho0.3_uncorr_seed0.pcf,hfma,1,438842,241
random_n300_rho0.3_uncorr_seed0.pcf,dhfma,1,487363,241
random_n300_rho0.3_uncorr_seed0.pcf,hfma,2,393259,241
random_n300_rho0.3_uncorr_seed0.pcf,dhfma,2,464001,241
random_n300_rho0.3_uncorr_seed1.pcf,hfma,0,512382,266
random_n300_rho0.3_uncorr_seed1.pcf,dhfma,0,399868,266
random_n300_rho0.3_uncorr_seed1.pcf,hfma,1,289169,266
random_n300_rho0.3_uncorr_seed1.pcf,dhfma,1,330181,266
random_n300_rho0.3_uncorr_seed1.pcf,hfma,2,264670,266
random_n300_rho0.3_uncorr_seed1.pcf,dhfma,2,323268,266
random_n300_rho0.3_uncorr_seed2.pcf,hfma,0,482750,257
random_n300_rho0.3_uncorr_seed2.pcf,dhfma,0,513815,257
random_n300_rho0.3_uncorr_seed2.pcf,hfma,1,341425,257
random_n300_rho0.3_uncorr_seed2.pcf,dhfma,1,397215,257
random_n300_rho0.3_uncorr_seed2.pcf,hfma,2,302670,257
random_n300_rho0.3_uncorr_seed2.pcf,dhfma,2,350430,257
random_n300_rho0.3_uncorr_seed3.pcf,hfma,0,442806,261
random_n300_rho0.3_uncorr_seed3.pcf,dhfma,0,440316,261
random_n300_rho0.3_uncorr_seed3.pcf,hfma,1,288793,261
random_n300_rho0.3_uncorr_seed3.pcf,dhfma,1,302127,261
random_n300_rho0.3_uncorr_seed3.pcf,hfma,2,283866,261
random_n300_rho0.3_uncorr_seed3.pcf,dhfma,2,329170,261
random_n300_rho0.3_uncorr_seed4.pcf,hfma,0,439035,253
random_n300_rho0.3_uncorr_seed4.pcf,dhfma,0,500844,253
random_n300_rho0.3_uncorr_seed4.pcf,hfma,1,361764,253
random_n300_rho0.3_uncorr_seed4.pcf,dhfma,1,449896,253
random_n300_rho0.3_uncorr_seed4.pcf,hfma,2,342173,253
random_n300_rho0.3_uncorr_seed4.pcf,dhfma,2,411119,253
random_n300_rho0.3_uncorr_seed5.pcf,hfma,0,463101,255
random_n300_rho0.3_uncorr_seed5.pcf,dhfma,0,521833,255
random_n300_rho0.3_uncorr_seed5.pcf,hfma,1,374862,255
random_n300_rho0.3_uncorr_seed5.pcf,dhfma,1,446868,255
random_n300_rho0.3_uncorr_seed5.pcf,hfma,2,357127,255
random_n300_rho0.3_uncorr_seed5.pcf,dhfma,2,428265,255
random_n300_rho0.3_uncorr_seed6.pcf,hfma,0,457778,250
random_n300_rho0.3_uncorr_seed6.pcf,dhfma,0,539436,250
random_n300_rho0.3_uncorr_seed6.pcf,hfma,1,376149,250
random_n300_rho0.3_uncorr_seed6.pcf,dhfma,1,468806,250
random_n300_rho0.3_uncorr_seed6.pcf,hfma,2,397603,250
random_n300_rho0.3_uncorr_seed6.pcf,dhfma,2,447101,250
random_n300_rho0.3_uncorr_seed7.pcf,hfma,0,465336,254
random_n300_rho0.3_uncorr_seed7.pcf,dhfma,0,519464,254
random_n300_rho0.3_uncorr_seed7.pcf,hfma,1,389143,254
random_n300_rho0.3_uncorr_seed7.pcf,dhfma,1,440378,254
random_n300_rho0.3_uncorr_seed7.pcf,hfma,2,372019,254
random_n300_rho0.3_uncorr_seed7.pcf,dhfma,2,441446,254
random_n300_rho0.3_uncorr_seed8.pcf,hfma,0,437035,257
random_n300_rho0.3_uncorr_seed8.pcf,dhfma,0,522830,257
random_n300_rho0.3_uncorr_seed8.pcf,hfma,1,353448,257
random_n300_rho0.3_uncorr_seed8.pcf,dhfma,1,428711,257
random_n300_rho0.3_uncorr_seed8.pcf,hfma,2,329782,257
random_n300_rho0.3_uncorr_seed8.pcf,dhfma,2,405006,257
random_n300_rho0.3_uncorr_seed9.pcf,hfma,0,467333,250
random_n300_rho0.3_uncorr_seed9.pcf,dhfma,0,524728,250
random_n300_rho0.3_uncorr_seed9.pcf,hfma,1,396694,250
random_n300_rho0.3_uncorr_seed9.pcf,dhfma,1,439288,250
random_n300_rho0.3_uncorr_seed9.pcf,hfma,2,373537,250
random_n300_rho0.3_uncorr_seed9.pcf,dhfma,2,416890,250
random_n300_rho0.3_weakly-corr-neg_seed0.pcf,hfma,0,122843,253
random_n300_rho0.3_weakly-corr-neg_seed0.pcf,dhfma,0,399567,253
random_n300_rho0.3_weakly-corr-neg_seed0.pcf,hfma,1,430415,253
random_n300_rho0.3_weakly-corr-neg_seed0.pcf,dhfma,1,474672,253
random_n300_rho0.3_weakly-corr-neg_seed0.pcf,hfma,2,403898,253
random_n300_rho0.3_weakly-corr-neg_seed0.pcf,dhfma,2,459102,253
random_n300_rho0.3_weakly-corr-neg_seed1.pcf,hfma,0,447389,262
random_n300_rho0.3_weakly-corr-neg_seed1.pcf,dhfma,0,483490,262
random_n300_rho0.3_weakly-corr-neg_seed1.pcf,hfma,1,345143,262
random_n300_rho0.3_weakly-corr-neg_seed1.pcf,dhfma,1,422080,262
random_n300_rho0.3_weakly-corr-neg_seed1.pcf,hfma,2,329638,262
random_n300_rho0.3_weakly-corr-neg_seed1.pcf,dhfma,2,441362,262
random_n300_rho0.3_weakly-corr-neg_seed2.pcf,hfma,0,475805,249
random_n300_rho0.3_weakly-corr-neg_seed2.pcf,dhfma,0,519097,249
random_n300_rho0.3_weakly-corr-neg_seed2.pcf,hfma,1,382906,249
random_n300_rho0.3_weakly-corr-neg_seed2.pcf,dhfma,1,468011,249
random_n300_rho0.3_weakly-corr-neg_seed2.pcf,hfma,2,383349,249
random_n300_rho0.3_weakly-corr-neg_seed2.pcf,dhfma,2,431309,249
random_n300_rho0.3_weakly-corr-neg_seed3.pcf,hfma,0,531530,261
random_n300_rho0.3_weakly-corr-neg_seed3.pcf,dhfma,0,607305,261
random_n300_rho0.3_weakly-corr-neg_seed3.pcf,hfma,1,419649,261
random_n300_rho0.3_weakly-corr-neg_seed3.pcf,dhfma,1,470261,261
random_n300_rho0.3_weakly-corr-neg_seed3.pcf,hfma,2,354693,261
random_n300_rho0.3_weakly-corr-neg_seed3.pcf,dhfma,2,432098,261
random_n300_rho0.3_weakly-corr-neg_seed4.pcf,hfma,0,468208,260
random_n300_rho0.3_weakly-corr-neg_seed4.pcf,dhfma,0,513842,260
random_n300_rho0.3_weakly-corr-neg_seed4.pcf,hfma,1,376812,260
random_n300_rho0.3_weakly-corr-neg_seed4.pcf,dhfma,1,477682,260
random_n300_rho0.3_weakly-corr-neg_seed4.pcf,hfma,2,352306,260
random_n300_rho0.3_weakly-corr-neg_seed4.pcf,dhfma,2,437691,260
random_n300_rho0.3_weakly-corr-neg_seed5.pcf,hfma,0,499573,245
random_n300_rho0.3_weakly-corr-neg_seed5.pcf,dhfma,0,546255,245
random_n300_rho0.3_weakly-corr-neg_seed5.pcf,hfma,1,393104,245
random_n300_rho0.3_weakly-corr-neg_seed5.pcf,dhfma,1,489376,245
random_n300_rho0.3_weakly-corr-neg_seed5.pcf,hfma,2,403025,245
random_n300_rho0.3_weakly-corr-neg_seed5.pcf,dhfma,2,459855,245
random_n300_rho0.3_weakly-corr-neg_seed6.pcf,hfma,0,531784,258
random_n300_rho0.3_weakly-corr-neg_seed6.pcf,dhfma,0,624810,258
random_n300_rho0.3_weakly-corr-neg_seed6.pcf,hfma,1,501157,258
random_n300_rho0.3_weakly-corr-neg_seed6.pcf,dhfma,1,461963,258
random_n300_rho0.3_weakly-corr-neg_seed6.pcf,hfma,2,367667,258
random_n300_rho0.3_weakly-corr-neg_seed6.pcf,dhfma,2,430387,258
random_n300_rho0.3_weakly-corr-neg_seed7.pcf,hfma,0,471558,258
random_n300_rho0.3_weakly-corr-neg_seed7.pcf,dhfma,0,519934,258
random_n300_rho0.3_weakly-corr-neg_seed7.pcf,hfma,1,353808,258
random_n300_rho0.3_weakly-corr-neg_seed7.pcf,dhfma,1,436789,258
random_n300_rho0.3_weakly-corr-neg_seed7.pcf,hfma,2,344180,258
random_n300_rho0.3_weakly-corr-neg_seed7.pcf,dhfma,2,430615,258
random_n300_rho0.3_weakly-corr-neg_seed8.pcf,hfma,0,506595,255
random_n300_rho0.3_weakly-corr-neg_seed8.pcf,dhfma,0,555919,255
random_n300_rho0.3_weakly-corr-neg_seed8.pcf,hfma,1,414479,255
random_n300_rho0.3_weakly-corr-neg_seed8.pcf,dhfma,1,478312,255
random_n300_rho0.3_weakly-corr-neg_seed8.pcf,hfma,2,387959,255
random_n300_rho0.3_weakly-corr-neg_seed8.pcf,dhfma,2,490160,255
random_n300_rho0.3_weakly-corr-neg_seed9.pcf,hfma,0,519895,257
random_n300_rho0.3_weakly-corr-neg_seed9.pcf,dhfma,0,587863,257
random_n300_rho0.3_weakly-corr-neg_seed9.pcf,hfma,1,414959,257
random_n300_rho0.3_weakly-corr-neg_seed9.pcf,dhfma,1,528391,257
random_n300_rho0.3_weakly-corr-neg_seed9.pcf,hfma,2,409571,257
random_n300_rho0.3_weakly-corr-neg_seed9.pcf,dhfma,2,467490,257
random_n300_rho0.3_weakly-corr_seed0.pcf,hfma,0,321322,265
random_n300_rho0.3_weakly-corr_seed0.pcf,dhfma,0,374860,265
random_n300_rho0.3_weakly-corr_seed0.pcf,hfma,1,310785,265
random_n300_rho0.3_weakly-corr_seed0.pcf,dhfma,1,346981,265
random_n300_rho0.3_weakly-corr_seed0.pcf,hfma,2,282446,265
random_n300_rho0.3_weakly-corr_seed0.pcf,dhfma,2,367435,265
random_n300_rho0.3_weakly-corr_seed1.pcf,hfma,0,496238,258
random_n300_rho0.3_weakly-corr_seed1.pcf,dhfma,0,477471,258
random_n300_rho0.3_weakly-corr_seed1.pcf,hfma,1,333241,258
random_n300_rho0.3_weakly-corr_seed1.pcf,dhfma,1,349848,258
random_n300_rho0.3_weakly-corr_seed1.pcf,hfma,2,229609,258
random_n300_rho0.3_weakly-corr_seed1.pcf,dhfma,2,259304,258
random_n300_rho0.3_weakly-corr_seed2.pcf,hfma,0,443479,248
random_n300_rho0.3_weakly-corr_seed2.pcf,dhfma,0,495916,248
random_n300_rho0.3_weakly-corr_seed2.pcf,hfma,1,380926,248
random_n300_rho0.3_weakly-corr_seed2.pcf,dhfma,1,472942,248
random_n300_rho0.3_weakly-corr_seed2.pcf,hfma,2,404160,248
random_n300_rho0.3_weakly-corr_seed2.pcf,dhfma,2,496368,248
random_n300_rho0.3_weakly-corr_seed3.pcf,hfma,0,409191,248
random_n300_rho0.3_weakly-corr_seed3.pcf,dhfma,0,429984,248
random_n300_rho0.3_weakly-corr_seed3.pcf,hfma,1,306482,248
random_n300_rho0.3_weakly-corr_seed3.pcf,dhfma,1,411975,248
random_n300_rho0.3_weakly-corr_seed3.pcf,hfma,2,367325,248
random_n300_rho0.3_weakly-corr_seed3.pcf,dhfma,2,415214,248
random_n300_rho0.3_weakly-corr_seed4.pcf,hfma,0,403615,266
random_n300_rho0.3_weakly-corr_seed4.pcf,dhfma,0,410181,266
random_n300_rho0.3_weakly-corr_seed4.pcf,hfma,1,308223,266
random_n300_rho0.3_weakly-corr_seed4.pcf,dhfma,1,402253,266
random_n300_rho0.3_weakly-corr_seed4.pcf,hfma,2,303043,266
random_n300_rho0.3_weakly-corr_seed4.pcf,dhfma,2,359025,266
random_n300_rho0.3_weakly-corr_seed5.pcf,hfma,0,456310,252
random_n300_rho0.3_weakly-corr_seed5.pcf,dhfma,0,561624,252
random_n300_rho0.3_weakly-corr_seed5.pcf,hfma,1,379585,252
random_n300_rho0.3_weakly-corr_seed5.pcf,dhfma,1,484739,252
random_n300_rho0.3_weakly-corr_seed5.pcf,hfma,2,359179,252
random_n300_rho0.3_weakly-corr_seed5.pcf,dhfma,2,458431,252
random_n300_rho0.3_weakly-corr_seed6.pcf,hfma,0,589124,252
random_n300_rho0.3_weakly-corr_seed6.pcf,dhfma,0,646453,252
random_n300_rho0.3_weakly-corr_seed6.pcf,hfma,1,351735,252
random_n300_rho0.3_weakly-corr_seed6.pcf,dhfma,1,404578,252
random_n300_rho0.3_weakly-corr_seed6.pcf,hfma,2,348574,252
random_n300_rho0.3_weakly-corr_seed6.pcf,dhfma,2,401327,252
random_n300_rho0.3_weakly-corr_seed7.pcf,hfma,0,393668,255
random_n300_rho0.3_weakly-corr_seed7.pcf,dhfma,0,439574,255
random_n300_rho0.3_weakly-corr_seed7.pcf,hfma,1,313635,255
random_n300_rho0.3_weakly-corr_seed7.pcf,dhfma,1,384448,255
random_n300_rho0.3_weakly-corr_seed7.pcf,hfma,2,295085,255
random_n300_rho0.3_weakly-corr_seed7.pcf,dhfma,2,386015,255
random_n300_rho0.3_weakly-corr_seed8.pcf,hfma,0,344214,255
random_n300_rho0.3_weakly-corr_seed8.pcf,dhfma,0,416216,255
random_n300_rho0.3_weakly-corr_seed8.pcf,hfma,1,305589,255
random_n300_rho0.3_weakly-corr_seed8.pcf,dhfma,1,389001,255
random_n300_rho0.3_weakly-corr_seed8.pcf,hfma,2,309061,255
random_n300_rho0.3_weakly-corr_seed8.pcf,dhfma,2,390985,255
random_n300_rho0.3_weakly-corr_seed9.pcf,hfma,0,448868,255
random_n300_rho0.3_weakly-corr_seed9.pcf,dhfma,0,520235,255
random_n300_rho0.3_weakly-corr_seed9.pcf,hfma,1,371611,255
random_n300_rho0.3_weakly-corr_seed9.pcf,dhfma,1,471163,255
random_n300_rho0.3_weakly-corr_seed9.pcf,hfma,2,357141,255
random_n300_rho0.3_weakly-corr_seed9.pcf,dhfma,2,442093,255
random_n300_rho0.6_strongly-corr-neg_seed0.pcf,hfma,0,996923,196
random_n300_rho0.6_strongly-corr-neg_seed0.pcf,dhfma,0,1042400,196
random_n300_rho0.6_strongly-corr-neg_seed0.pcf,hfma,1,906534,196
random_n300_rho0.6_strongly-corr-neg_seed0.pcf,dhfma,1,889473,196
random_n300_rho0.6_strongly-corr-neg_seed0.pcf,hfma,2,856237,196
random_n300_rho0.6_strongly-corr-neg_seed0.pcf,dhfma,2,863658,196
random_n300_rho0.6_strongly-corr-neg_seed1.pcf,hfma,0,756545,197
random_n300_rho0.6_strongly-corr-neg_seed1.pcf,dhfma,0,812828,197
random_n300_rho0.6_strongly-corr-neg_seed1.pcf,hfma,1,667136,197
random_n300_rho0.6_strongly-corr-neg_seed1.pcf,dhfma,1,742108,197
random_n300_rho0.6_strongly-corr-neg_seed1.pcf,hfma,2,632926,197
random_n300_rho0.6_strongly-corr-neg_seed1.pcf,dhfma,2,704898,197
random_n300_rho0.6_strongly-corr-neg_seed2.pcf,hfma,0,947084,210
random_n300_rho0.6_strongly-corr-neg_seed2.pcf,dhfma,0,826196,210
random_n300_rho0.6_strongly-corr-neg_seed2.pcf,hfma,1,825401,210
random_n300_rho0.6_strongly-corr-neg_seed2.pcf,dhfma,1,788049,210
random_n300_rho0.6_strongly-corr-neg_seed2.pcf,hfma,2,681686,210
random_n300_rho0.6_strongly-corr-neg_seed2.pcf,dhfma,2,720280,210
random_n300_rho0.6_strongly-corr-neg_seed3.pcf,hfma,0,1048337,207
random_n300_rho0.6_strongly-corr-neg_seed3.pcf,dhfma,0,1138468,207
random_n300_rho0.6_strongly-corr-neg_seed3.pcf,hfma,1,894997,207
random_n300_rho0.6_strongly-corr-neg_seed3.pcf,dhfma,1,906894,207
random_n300_rho0.6_strongly-corr-neg_seed3.pcf,hfma,2,829081,207
random_n300_rho0.6_strongly-corr-neg_seed3.pcf,dhfma,2,879449,207
random_n300_rho0.6_strongly-corr-neg_seed4.pcf,hfma,0,990563,203
random_n300_rho0.6_strongly-corr-neg_seed4.pcf,dhfma,0,1149444,203
random_n300_rho0.6_strongly-corr-neg_seed4.pcf,hfma,1,860583,203
random_n300_rho0.6_strongly-corr-neg_seed4.pcf,dhfma,1,977469,203
random_n300_rho0.6_strongly-corr-neg_seed4.pcf,hfma,2,868007,203
random_n300_rho0.6_strongly-corr-neg_seed4.pcf,dhfma,2,893007,203
random_n300_rho0.6_strongly-corr-neg_seed5.pcf,hfma,0,983056,193
random_n300_rho0.6_strongly-corr-neg_seed5.pcf,dhfma,0,1000078,193
random_n300_rho0.6_strongly-corr-neg_seed5.pcf,hfma,1,659833,193
random_n300_rho0.6_strongly-corr-neg_seed5.pcf,dhfma,1,594310,193
random_n300_rho0.6_strongly-corr-neg_seed5.pcf,hfma,2,598363,193
random_n300_rho0.6_strongly-corr-neg_seed5.pcf,dhfma,2,676109,193
random_n300_rho0.6_strongly-corr-neg_seed6.pcf,hfma,0,831420,198
random_n300_rho0.6_strongly-corr-neg_seed6.pcf,dhfma,0,743220,198
random_n300_rho0.6_strongly-corr-neg_seed6.pcf,hfma,1,590171,198
random_n300_rho0.6_strongly-corr-neg_seed6.pcf,dhfma,1,614939,198
random_n300_rho0.6_strongly-corr-neg_seed6.pcf,hfma,2,504791,198
random_n300_rho0.6_strongly-corr-neg_seed6.pcf,dhfma,2,504356,198
random_n300_rho0.6_strongly-corr-neg_seed7.pcf,hfma,0,443986,194
random_n300_rho0.6_strongly-corr-neg_seed7.pcf,dhfma,0,537732,194
random_n300_rho0.6_strongly-corr-neg_seed7.pcf,hfma,1,444709,194
random_n300_rho0.6_strongly-corr-neg_seed7.pcf,dhfma,1,550253,194
random_n300_rho0.6_strongly-corr-neg_seed7.pcf,hfma,2,467116,194
random_n300_rho0.6_strongly-corr-neg_seed7.pcf,dhfma,2,581220,194
random_n300_rho0.6_strongly-corr-neg_seed8.pcf,hfma,0,787121,211
random_n300_rho0.6_strongly-corr-neg_seed8.pcf,dhfma,0,882869,211
random_n300_rho0.6_strongly-corr-neg_seed8.pcf,hfma,1,760452,211
random_n300_rho0.6_strongly-corr-neg_seed8.pcf,dhfma,1,757022,211
random_n300_rho0.6_strongly-corr-neg_seed8.pcf,hfma,2,630112,211
random_n300_rho0.6_strongly-corr-neg_seed8.pcf,dhfma,2,671848,211
random_n300_rho0.6_strongly-corr-neg_seed9.pcf,hfma,0,1122659,210
random_n300_rho0.6_strongly-corr-neg_seed9.pcf,dhfma,0,1076249,210
random_n300_rho0.6_strongly-corr-neg_seed9.pcf,hfma,1,1009422,210
random_n300_rho0.6_strongly-corr-neg_seed9.pcf,dhfma,1,951181,210
random_n300_rho0.6_strongly-corr-neg_seed9.pcf,hfma,2,760159,210
random_n300_rho0.6_strongly-corr-neg_seed9.pcf,dhfma,2,605671,210
random_n300_rho0.6_strongly-corr_seed0.pcf,hfma,0,638462,183
random_n300_rho0.6_strongly-corr_seed0.pcf,dhfma,0,625066,183
random_n300_rho0.6_strongly-corr_seed0.pcf,hfma,1,469154,183
random_n300_rho0.6_strongly-corr_seed0.pcf,dhfma,1,500828,183
random_n300_rho0.6_strongly-corr_seed0.pcf,hfma,2,404431,183
random_n300_rho0.6_strongly-corr_seed0.pcf,dhfma,2,421143,183
random_n300_rho0.6_strongly-corr_seed1.pcf,hfma,0,545886,196
random_n300_rho0.6_strongly-corr_seed1.pcf,dhfma,0,512172,196
random_n300_rho0.6_strongly-corr_seed1.pcf,hfma,1,379522,196
random_n300_rho0.6_strongly-corr_seed1.pcf,dhfma,1,390111,196
random_n300_rho0.6_strongly-corr_seed1.pcf,hfma,2,384378,196
random_n300_rho0.6_strongly-corr_seed1.pcf,dhfma,2,410060,196
random_n300_rho0.6_strongly-corr_seed2.pcf,hfma,0,992855,186
random_n300_rho0.6_strongly-corr_seed2.pcf,dhfma,0,946927,186
random_n300_rho0.6_strongly-corr_seed2.pcf,hfma,1,907216,186
random_n300_rho0.6_strongly-corr_seed2.pcf,dhfma,1,964627,186
random_n300_rho0.6_strongly-corr_seed2.pcf,hfma,2,800736,186
random_n300_rho0.6_strongly-corr_seed2.pcf,dhfma,2,651141,186
random_n300_rho0.6_strongly-corr_seed3.pcf,hfma,0,771603,197
random_n300_rho0.6_strongly-corr_seed3.pcf,dhfma,0,847033,197
random_n300_rho0.6_strongly-corr_seed3.pcf,hfma,1,756516,197
random_n300_rho0.6_strongly-corr_seed3.pcf,dhfma,1,852682,197
random_n300_rho0.6_strongly-corr_seed3.pcf,hfma,2,822437,197
random_n300_rho0.6_strongly-corr_seed3.pcf,dhfma,2,897055,197
random_n300_rho0.6_strongly-corr_seed4.pcf,hfma,0,884263,192
random_n300_rho0.6_strongly-corr_seed4.pcf,dhfma,0,809321,192
random_n300_rho0.6_strongly-corr_seed4.pcf,hfma,1,779198,192
random_n300_rho0.6_strongly-corr_seed4.pcf,dhfma,1,785567,192
random_n300_rho0.6_strongly-corr_seed4.pcf,hfma,2,812259,192
random_n300_rho0.6_strongly-corr_seed4.pcf,dhfma,2,780384,192
random_n300_rho0.6_strongly-corr_seed5.pcf,hfma,0,722864,196
random_n300_rho0.6_strongly-corr_seed5.pcf,dhfma,0,738201,196
random_n300_rho0.6_strongly-corr_seed5.pcf,hfma,1,735816,196
random_n300_rho0.6_strongly-corr_seed5.pcf,dhfma,1,723070,196
random_n300_rho0.6_strongly-corr_seed5.pcf,hfma,2,697929,196
random_n300_rho0.6_strongly-corr_seed5.pcf,dhfma,2,701467,196
random_n300_rho0.6_strongly-corr_seed6.pcf,hfma,0,1009449,187
random_n300_rho0.6_strongly-corr_seed6.pcf,dhfma,0,819829,187
random_n300_rho0.6_strongly-corr_seed6.pcf,hfma,1,755457,187
random_n300_rho0.6_strongly-corr_seed6.pcf,dhfma,1,811715,187
random_n300_rho0.6_strongly-corr_seed6.pcf,hfma,2,795727,187
random_n300_rho0.6_strongly-corr_seed6.pcf,dhfma,2,880986,187
random_n300_rho0.6_strongly-corr_seed7.pcf,hfma,0,1202133,179
random_n300_rho0.6_strongly-corr_seed7.pcf,dhfma,0,1142865,179
random_n300_rho0.6_strongly-corr_seed7.pcf,hfma,1,934686,179
random_n300_rho0.6_strongly-corr_seed7.pcf,dhfma,1,982892,179
random_n300_rho0.6_strongly-corr_seed7.pcf,hfma,2,846713,179
random_n300_rho0.6_strongly-corr_seed7.pcf,dhfma,2,916696,179
random_n300_rho0.6_strongly-corr_seed8.pcf,hfma,0,797783,197
random_n300_rho0.6_strongly-corr_seed8.pcf,dhfma,0,855273,197
random_n300_rho0.6_strongly-corr_seed8.pcf,hfma,1,656980,197
random_n300_rho0.6_strongly-corr_seed8.pcf,dhfma,1,760548,197
random_n300_rho0.6_strongly-corr_seed8.pcf,hfma,2,740876,197
random_n300_rho0.6_strongly-corr_seed8.pcf,dhfma,2,638109,197
random_n300_rho0.6_strongly-corr_seed9.pcf,hfma,0,808639,203
random_n300_rho0.6_strongly-corr_seed9.pcf,dhfma,0,741236,203
random_n300_rho0.6_strongly-corr_seed9.pcf,hfma,1,584371,203
random_n300_rho0.6_strongly-corr_seed9.pcf,dhfma,1,420890,203
random_n300_rho0.6_strongly-corr_seed9.pcf,hfma,2,395060,203
random_n300_rho0.6_strongly-corr_seed9.pcf,dhfma,2,492180,203
random_n300_rho0.6_uncorr-neg_seed0.pcf,hfma,0,542039,223
random_n300_rho0.6_uncorr-neg_seed0.pcf,dhfma,0,620858,223
random_n300_rho0.6_uncorr-neg_seed0.pcf,hfma,1,580476,223
random_n300_rho0.6_uncorr-neg_seed0.pcf,dhfma,1,632753,223
random_n300_rho0.6_uncorr-neg_seed0.pcf,hfma,2,611537,223
random_n300_rho0.6_uncorr-neg_seed0.pcf,dhfma,2,728523,223
random_n300_rho0.6_uncorr-neg_seed1.pcf,hfma,0,799469,202
random_n300_rho0.6_uncorr-neg_seed1.pcf,dhfma,0,899193,202
random_n300_rho0.6_uncorr-neg_seed1.pcf,hfma,1,882678,202
random_n300_rho0.6_uncorr-neg_seed1.pcf,dhfma,1,996244,202
random_n300_rho0.6_uncorr-neg_seed1.pcf,hfma,2,938389,202
random_n300_rho0.6_uncorr-neg_seed1.pcf,dhfma,2,1042130,202
random_n300_rho0.6_uncorr-neg_seed2.pcf,hfma,0,815257,209
random_n300_rho0.6_uncorr-neg_seed2.pcf,dhfma,0,933080,209
random_n300_rho0.6_uncorr-neg_seed2.pcf,hfma,1,818086,209
random_n300_rho0.6_uncorr-neg_seed2.pcf,dhfma,1,839645,209
random_n300_rho0.6_uncorr-neg_seed2.pcf,hfma,2,749707,209
random_n300_rho0.6_uncorr-neg_seed2.pcf,dhfma,2,766410,209
random_n300_rho0.6_uncorr-neg_seed3.pcf,hfma,0,1157920,215
random_n300_rho0.6_uncorr-neg_seed3.pcf,dhfma,0,872247,215
random_n300_rho0.6_uncorr-neg_seed3.pcf,hfma,1,786724,215
random_n300_rho0.6_uncorr-neg_seed3.pcf,dhfma,1,858935,215
random_n300_rho0.6_uncorr-neg_seed3.pcf,hfma,2,818784,215
random_n300_rho0.6_uncorr-neg_seed3.pcf,dhfma,2,856271,215
random_n300_rho0.6_uncorr-neg_seed4.pcf,hfma,0,1064889,215
random_n300_rho0.6_uncorr-neg_seed4.pcf,dhfma,0,937074,215
random_n300_rho0.6_uncorr-neg_seed4.pcf,hfma,1,988629,215
random_n300_rho0.6_uncorr-neg_seed4.pcf,dhfma,1,1105609,215
random_n300_rho0.6_uncorr-neg_seed4.pcf,hfma,2,1083236,215
random_n300_rho0.6_uncorr-neg_seed4.pcf,dhfma,2,1031664,215
random_n300_rho0.6_uncorr-neg_seed5.pcf,hfma,0,842484,208
random_n300_rho0.6_uncorr-neg_seed5.pcf,dhfma,0,923808,208
random_n300_rho0.6_uncorr-neg_seed5.pcf,hfma,1,847754,208
random_n300_rho0.6_uncorr-neg_seed5.pcf,dhfma,1,908508,208
random_n300_rho0.6_uncorr-neg_seed5.pcf,hfma,2,769758,208
random_n300_rho0.6_uncorr-neg_seed5.pcf,dhfma,2,826987,208
random_n300_rho0.6_uncorr-neg_seed6.pcf,hfma,0,934888,217
random_n300_rho0.6_uncorr-neg_seed6.pcf,dhfma,0,978467,217
random_n300_rho0.6_uncorr-neg_seed6.pcf,hfma,1,783357,217
random_n300_rho0.6_uncorr-neg_seed6.pcf,dhfma,1,797572,217
random_n300_rho0.6_uncorr-neg_seed6.pcf,hfma,2,708396,217
random_n300_rho0.6_uncorr-neg_seed6.pcf,dhfma,2,872734,217
random_n300_rho0.6_uncorr-neg_seed7.pcf,hfma,0,869756,209
random_n300_rho0.6_uncorr-neg_seed7.pcf,dhfma,0,915405,209
random_n300_rho0.6_uncorr-neg_seed7.pcf,hfma,1,780321,209
random_n300_rho0.6_uncorr-neg_seed7.pcf,dhfma,1,842205,209
random_n300_rho0.6_uncorr-neg_seed7.pcf,hfma,2,728032,209
random_n300_rho0.6_uncorr-neg_seed7.pcf,dhfma,2,860853,209
random_n300_rho0.6_uncorr-neg_seed8.pcf,hfma,0,770502,209
random_n300_rho0.6_uncorr-neg_seed8.pcf,dhfma,0,921413,209
random_n300_rho0.6_uncorr-neg_seed8.pcf,hfma,1,690132,209
random_n300_rho0.6_uncorr-neg_seed8.pcf,dhfma,1,765581,209
random_n300_rho0.6_uncorr-neg_seed8.pcf,hfma,2,671243,209
random_n300_rho0.6_uncorr-neg_seed8.pcf,dhfma,2,727782,209
random_n300_rho0.6_uncorr-neg_seed9.pcf,hfma,0,905364,212
random_n300_rho0.6_uncorr-neg_seed9.pcf,dhfma,0,933120,212
random_n300_rho0.6_uncorr-neg_seed9.pcf,hfma,1,773465,212
random_n300_rho0.6_uncorr-neg_seed9.pcf,dhfma,1,848051,212
random_n300_rho0.6_uncorr-neg_seed9.pcf,hfma,2,766238,212
random_n300_rho0.6_uncorr-neg_seed9.pcf,dhfma,2,835235,212
random_n300_rho0.6_uncorr_seed0.pcf,hfma,0,1109800,203
random_n300_rho0.6_uncorr_seed0.pcf,dhfma,0,1093110,203
random_n300_rho0.6_uncorr_seed0.pcf,hfma,1,894933,203
random_n300_rho0.6_uncorr_seed0.pcf,dhfma,1,978320,203
random_n300_rho0.6_uncorr_seed0.pcf,hfma,2,862649,203
random_n300_rho0.6_uncorr_seed0.pcf,dhfma,2,972846,203
random_n300_rho0.6_uncorr_seed1.pcf,hfma,0,905724,215
random_n300_rho0.6_uncorr_seed1.pcf,dhfma,0,931778,215
random_n300_rho0.6_uncorr_seed1.pcf,hfma,1,835704,215
random_n300_rho0.6_uncorr_seed1.pcf,dhfma,1,849242,215
random_n300_rho0.6_uncorr_seed1.pcf,hfma,2,790633,215
random_n300_rho0.6_uncorr_seed1.pcf,dhfma,2,194868,215
random_n300_rho0.6_uncorr_seed2.pcf,hfma,0,1416941,215
random_n300_rho0.6_uncorr_seed2.pcf,dhfma,0,1413627,215
random_n300_rho0.6_uncorr_seed2.pcf,hfma,1,1287100,215
random_n300_rho0.6_uncorr_seed2.pcf,dhfma,1,1228353,215
random_n300_rho0.6_uncorr_seed2.pcf,hfma,2,1153953,215
random_n300_rho0.6_uncorr_seed2.pcf,dhfma,2,1073554,215
random_n300_rho0.6_uncorr_seed3.pcf,hfma,0,978024,197
random_n300_rho0.6_uncorr_seed3.pcf,dhfma,0,1010889,197
random_n300_rho0.6_uncorr_seed3.pcf,hfma,1,901305,197
random_n300_rho0.6_uncorr_seed3.pcf,dhfma,1,957412,197
random_n300_rho0.6_uncorr_seed3.pcf,hfma,2,848721,197
random_n300_rho0.6_uncorr_seed3.pcf,dhfma,2,916009,197
random_n300_rho0.6_uncorr_seed4.pcf,hfma,0,971827,207
random_n300_rho0.6_uncorr_seed4.pcf,dhfma,0,1021775,207
random_n300_rho0.6_uncorr_seed4.pcf,hfma,1,844447,207
random_n300_rho0.6_uncorr_seed4.pcf,dhfma,1,882355,207
random_n300_rho0.6_uncorr_seed4.pcf,hfma,2,559173,207
random_n300_rho0.6_uncorr_seed4.pcf,dhfma,2,608239,207
random_n300_rho0.6_uncorr_seed5.pcf,hfma,0,612142,202
random_n300_rho0.6_uncorr_seed5.pcf,dhfma,0,532031,202
random_n300_rho0.6_uncorr_seed5.pcf,hfma,1,446633,202
random_n300_rho0.6_uncorr_seed5.pcf,dhfma,1,543275,202
random_n300_rho0.6_uncorr_seed5.pcf,hfma,2,488330,202
random_n300_rho0.6_uncorr_seed5.pcf,dhfma,2,610601,202
random_n300_rho0.6_uncorr_seed6.pcf,hfma,0,816534,210
random_n300_rho0.6_uncorr_seed6.pcf,dhfma,0,914689,210
random_n300_rho0.6_uncorr_seed6.pcf,hfma,1,830939,210
random_n300_rho0.6_uncorr_seed6.pcf,dhfma,1,929949,210
random_n300_rho0.6_uncorr_seed6.pcf,hfma,2,920003,210
random_n300_rho0.6_uncorr_seed6.pcf,dhfma,2,987519,210
random_n300_rho0.6_uncorr_seed7.pcf,hfma,0,881375,212
random_n300_rho0.6_uncorr_seed7.pcf,dhfma,0,944508,212
random_n300_rho0.6_uncorr_seed7.pcf,hfma,1,788947,212
random_n300_rho0.6_uncorr_seed7.pcf,dhfma,1,945759,212
random_n300_rho0.6_uncorr_seed7.pcf,hfma,2,838867,212
random_n300_rho0.6_uncorr_seed7.pcf,dhfma,2,943880,212
random_n300_rho0.6_uncorr_seed8.pcf,hfma,0,1051515,208
random_n300_rho0.6_uncorr_seed8.pcf,dhfma,0,953085,208
random_n300_rho0.6_uncorr_seed8.pcf,hfma,1,833314,208
random_n300_rho0.6_uncorr_seed8.pcf,dhfma,1,865491,208
random_n300_rho0.6_uncorr_seed8.pcf,hfma,2,787858,208
random_n300_rho0.6_uncorr_seed8.pcf,dhfma,2,829266,208
random_n300_rho0.6_uncorr_seed9.pcf,hfma,0,1070721,208
random_n300_rho0.6_uncorr_seed9.pcf,dhfma,0,929764,208
random_n300_rho0.6_uncorr_seed9.pcf,hfma,1,755063,208
random_n300_rho0.6_uncorr_seed9.pcf,dhfma,1,851292,208
random_n300_rho0.6_uncorr_seed9.pcf,hfma,2,733459,208
random_n300_rho0.6_uncorr_seed9.pcf,dhfma,2,822212,208
random_n300_rho0.6_weakly-corr-neg_seed0.pcf,hfma,0,920744,209
random_n300_rho0.6_weakly-corr-neg_seed0.pcf,dhfma,0,919289,209
random_n300_rho0.6_weakly-corr-neg_seed0.pcf,hfma,1,808839,209
random_n300_rho0.6_weakly-corr-neg_seed0.pcf,dhfma,1,845290,209
random_n300_rho0.6_weakly-corr-neg_seed0.pcf,hfma,2,776157,209
random_n300_rho0.6_weakly-corr-neg_seed0.pcf,dhfma,2,394835,209
random_n300_rho0.6_weakly-corr-neg_seed1.pcf,hfma,0,1254324,208
random_n300_rho0.6_weakly-corr-neg_seed1.pcf,dhfma,0,1244940,208
random_n300_rho0.6_weakly-corr-neg_seed1.pcf,hfma,1,1105022,208
random_n300_rho0.6_weakly-corr-neg_seed1.pcf,dhfma,1,1034681,208
random_n300_rho0.6_weakly-corr-neg_seed1.pcf,hfma,2,925453,208
random_n300_rho0.6_weakly-corr-neg_seed1.pcf,dhfma,2,902191,208
random_n300_rho0.6_weakly-corr-neg_seed2.pcf,hfma,0,841420,223
random_n300_rho0.6_weakly-corr-neg_seed2.pcf,dhfma,0,666416,223
random_n300_rho0.6_weakly-corr-neg_seed2.pcf,hfma,1,665672,223
random_n300_rho0.6_weakly-corr-neg_seed2.pcf,dhfma,1,711413,223
random_n300_rho0.6_weakly-corr-neg_seed2.pcf,hfma,2,702826,223
random_n300_rho0.6_weakly-corr-neg_seed2.pcf,dhfma,2,765224,223
random_n300_rho0.6_weakly-corr-neg_seed3.pcf,hfma,0,1101647,217
random_n300_rho0.6_weakly-corr-neg_seed3.pcf,dhfma,0,932165,217
random_n300_rho0.6_weakly-corr-neg_seed3.pcf,hfma,1,630341,217
random_n300_rho0.6_weakly-corr-neg_seed3.pcf,dhfma,1,643558,217
random_n300_rho0.6_weakly-corr-neg_seed3.pcf,hfma,2,633277,217
random_n300_rho0.6_weakly-corr-neg_seed3.pcf,dhfma,2,662245,217
random_n300_rho0.6_weakly-corr-neg_seed4.pcf,hfma,0,692584,210
random_n300_rho0.6_weakly-corr-neg_seed4.pcf,dhfma,0,727682,210
random_n300_rho0.6_weakly-corr-neg_seed4.pcf,hfma,1,583550,210
random_n300_rho0.6_weakly-corr-neg_seed4.pcf,dhfma,1,442056,210
random_n300_rho0.6_weakly-corr-neg_seed4.pcf,hfma,2,374963,210
random_n300_rho0.6_weakly-corr-neg_seed4.pcf,dhfma,2,425441,210
random_n300_rho0.6_weakly-corr-neg_seed5.pcf,hfma,0,643352,207
random_n300_rho0.6_weakly-corr-neg_seed5.pcf,dhfma,0,601107,207
random_n300_rho0.6_weakly-corr-neg_seed5.pcf,hfma,1,516619,207
random_n300_rho0.6_weakly-corr-neg_seed5.pcf,dhfma,1,361699,207
random_n300_rho0.6_weakly-corr-neg_seed5.pcf,hfma,2,344024,207
random_n300_rho0.6_weakly-corr-neg_seed5.pcf,dhfma,2,349669,207
random_n300_rho0.6_weakly-corr-neg_seed6.pcf,hfma,0,441509,212
random_n300_rho0.6_weakly-corr-neg_seed6.pcf,dhfma,0,467709,212
random_n300_rho0.6_weakly-corr-neg_seed6.pcf,hfma,1,351373,212
random_n300_rho0.6_weakly-corr-neg_seed6.pcf,dhfma,1,398946,212
random_n300_rho0.6_weakly-corr-neg_seed6.pcf,hfma,2,349822,212
random_n300_rho0.6_weakly-corr-neg_seed6.pcf,dhfma,2,344584,212
random_n300_rho0.6_weakly-corr-neg_seed7.pcf,hfma,0,349278,211
random_n300_rho0.6_weakly-corr-neg_seed7.pcf,dhfma,0,391767,211
random_n300_rho0.6_weakly-corr-neg_seed7.pcf,hfma,1,341459,211
random_n300_rho0.6_weakly-corr-neg_seed7.pcf,dhfma,1,402212,211
random_n300_rho0.6_weakly-corr-neg_seed7.pcf,hfma,2,367427,211
random_n300_rho0.6_weakly-corr-neg_seed7.pcf,dhfma,2,391452,211
random_n300_rho0.6_weakly-corr-neg_seed8.pcf,hfma,0,553249,210
random_n300_rho0.6_weakly-corr-neg_seed8.pcf,dhfma,0,644647,210
random_n300_rho0.6_weakly-corr-neg_seed8.pcf,hfma,1,529220,210
random_n300_rho0.6_weakly-corr-neg_seed8.pcf,dhfma,1,649772,210
random_n300_rho0.6_weakly-corr-neg_seed8.pcf,hfma,2,584044,210
random_n300_rho0.6_weakly-corr-neg_seed8.pcf,dhfma,2,688355,210
random_n300_rho0.6_weakly-corr-neg_seed9.pcf,hfma,0,883968,209
random_n300_rho0.6_weakly-corr-neg_seed9.pcf,dhfma,0,881384,209
random_n300_rho0.6_weakly-corr-neg_seed9.pcf,hfma,1,925768,209
random_n300_rho0.6_weakly-corr-neg_seed9.pcf,dhfma,1,851178,209
random_n300_rho0.6_weakly-corr-neg_seed9.pcf,hfma,2,874020,209
random_n300_rho0.6_weakly-corr-neg_seed9.pcf,dhfma,2,827098,209
random_n300_rho0.6_weakly-corr_seed0.pcf,hfma,0,843351,216
random_n300_rho0.6_weakly-corr_seed0.pcf,dhfma,0,936089,216
random_n300_rho0.6_weakly-corr_seed0.pcf,hfma,1,710892,216
random_n300_rho0.6_weakly-corr_seed0.pcf,dhfma,1,780727,216
random_n300_rho0.6_weakly-corr_seed0.pcf,hfma,2,644957,216
random_n300_rho0.6_weakly-corr_seed0.pcf,dhfma,2,727547,216
random_n300_rho0.6_weakly-corr_seed1.pcf,hfma,0,981843,213
random_n300_rho0.6_weakly-corr_seed1.pcf,dhfma,0,1029749,213
random_n300_rho0.6_weakly-corr_seed1.pcf,hfma,1,864506,213
random_n300_rho0.6_weakly-corr_seed1.pcf,dhfma,1,914144,213
random_n300_rho0.6_weakly-corr_seed1.pcf,hfma,2,831326,213
random_n300_rho0.6_weakly-corr_seed1.pcf,dhfma,2,874662,213
random_n300_rho0.6_weakly-corr_seed2.pcf,hfma,0,937677,204
random_n300_rho0.6_weakly-corr_seed2.pcf,dhfma,0,872641,204
random_n300_rho0.6_weakly-corr_seed2.pcf,hfma,1,732513,204
random_n300_rho0.6_weakly-corr_seed2.pcf,dhfma,1,841817,204
random_n300_rho0.6_weakly-corr_seed2.pcf,hfma,2,821171,204
random_n300_rho0.6_weakly-corr_seed2.pcf,dhfma,2,898282,204
random_n300_rho0.6_weakly-corr_seed3.pcf,hfma,0,983726,205
random_n300_rho0.6_weakly-corr_seed3.pcf,dhfma,0,862930,205
random_n300_rho0.6_weakly-corr_seed3.pcf,hfma,1,695081,205
random_n300_rho0.6_weakly-corr_seed3.pcf,dhfma,1,713091,205
random_n300_rho0.6_weakly-corr_seed3.pcf,hfma,2,673157,205
random_n300_rho0.6_weakly-corr_seed3.pcf,dhfma,2,692641,205
random_n300_rho0.6_weakly-corr_seed4.pcf,hfma,0,916914,204
random_n300_rho0.6_weakly-corr_seed4.pcf,dhfma,0,982363,204
random_n300_rho0.6_weakly-corr_seed4.pcf,hfma,1,765109,204
random_n300_rho0.6_weakly-corr_seed4.pcf,dhfma,1,889989,204
random_n300_rho0.6_weakly-corr_seed4.pcf,hfma,2,593370,204
random_n300_rho0.6_weakly-corr_seed4.pcf,dhfma,2,210427,204
random_n300_rho0.6_weakly-corr_seed5.pcf,hfma,0,885156,207
random_n300_rho0.6_weakly-corr_seed5.pcf,dhfma,0,916864,207
random_n300_rho0.6_weakly-corr_seed5.pcf,hfma,1,703835,207
random_n300_rho0.6_weakly-corr_seed5.pcf,dhfma,1,806027,207
random_n300_rho0.6_weakly-corr_seed5.pcf,hfma,2,654357,207
random_n300_rho0.6_weakly-corr_seed5.pcf,dhfma,2,754891,207
random_n300_rho0.6_weakly-corr_seed6.pcf,hfma,0,869513,214
random_n300_rho0.6_weakly-corr_seed6.pcf,dhfma,0,905032,214
random_n300_rho0.6_weakly-corr_seed6.pcf,hfma,1,762769,214
random_n300_rho0.6_weakly-corr_seed6.pcf,dhfma,1,822006,214
random_n300_rho0.6_weakly-corr_seed6.pcf,hfma,2,725630,214
random_n300_rho0.6_weakly-corr_seed6.pcf,dhfma,2,806057,214
random_n300_rho0.6_weakly-corr_seed7.pcf,hfma,0,1073575,216
random_n300_rho0.6_weakly-corr_seed7.pcf,dhfma,0,981640,216
random_n300_rho0.6_weakly-corr_seed7.pcf,hfma,1,884905,216
random_n300_rho0.6_weakly-corr_seed7.pcf,dhfma,1,922689,216
random_n300_rho0.6_weakly-corr_seed7.pcf,hfma,2,762280,216
random_n300_rho0.6_weakly-corr_seed7.pcf,dhfma,2,787384,216
random_n300_rho0.6_weakly-corr_seed8.pcf,hfma,0,731461,218
random_n300_rho0.6_weakly-corr_seed8.pcf,dhfma,0,631086,218
random_n300_rho0.6_weakly-corr_seed8.pcf,hfma,1,523305,218
random_n300_rho0.6_weakly-corr_seed8.pcf,dhfma,1,586110,218
random_n300_rho0.6_weakly-corr_seed8.pcf,hfma,2,539119,218
random_n300_rho0.6_weakly-corr_seed8.pcf,dhfma,2,621939,218
random_n300_rho0.6_weakly-corr_seed9.pcf,hfma,0,950668,229
random_n300_rho0.6_weakly-corr_seed9.pcf,dhfma,0,921590,229
random_n300_rho0.6_weakly-corr_seed9.pcf,hfma,1,826726,229
random_n300_rho0.6_weakly-corr_seed9.pcf,dhfma,1,870099,229
random_n300_rho0.6_weakly-corr_seed9.pcf,hfma,2,390936,229
random_n300_rho0.6_weakly-corr_seed9.pcf,dhfma,2,210609,229
random_n300_rho0.9_strongly-corr-neg_seed0.pcf,hfma,0,2251097,167
random_n300_rho0.9_strongly-corr-neg_seed0.pcf,dhfma,0,1986272,167
random_n300_rho0.9_strongly-corr-neg_seed0.pcf,hfma,1,2281081,167
random_n300_rho0.9_strongly-corr-neg_seed0.pcf,dhfma,1,1959226,167
random_n300_rho0.9_strongly-corr-neg_seed0.pcf,hfma,2,2224098,167
random_n300_rho0.9_strongly-corr-neg_seed0.pcf,dhfma,2,1914613,167
random_n300_rho0.9_strongly-corr-neg_seed1.pcf,hfma,0,1656451,167
random_n300_rho0.9_strongly-corr-neg_seed1.pcf,dhfma,0,1788117,167
random_n300_rho0.9_strongly-corr-neg_seed1.pcf,hfma,1,1401702,167
random_n300_rho0.9_strongly-corr-neg_seed1.pcf,dhfma,1,1676074,167
random_n300_rho0.9_strongly-corr-neg_seed1.pcf,hfma,2,1415059,167
random_n300_rho0.9_strongly-corr-neg_seed1.pcf,dhfma,2,1541280,167
random_n300_rho0.9_strongly-corr-neg_seed2.pcf,hfma,0,2789810,171
random_n300_rho0.9_strongly-corr-neg_seed2.pcf,dhfma,0,2245065,171
random_n300_rho0.9_strongly-corr-neg_seed2.pcf,hfma,1,1749420,171
random_n300_rho0.9_strongly-corr-neg_seed2.pcf,dhfma,1,1432124,171
random_n300_rho0.9_strongly-corr-neg_seed2.pcf,hfma,2,2003449,171
random_n300_rho0.9_strongly-corr-neg_seed2.pcf,dhfma,2,1845496,171
random_n300_rho0.9_strongly-corr-neg_seed3.pcf,hfma,0,2013233,170
random_n300_rho0.9_strongly-corr-neg_seed3.pcf,dhfma,0,1578739,170
random_n300_rho0.9_strongly-corr-neg_seed3.pcf,hfma,1,1709006,170
random_n300_rho0.9_strongly-corr-neg_seed3.pcf,dhfma,1,1792598,170
random_n300_rho0.9_strongly-corr-neg_seed3.pcf,hfma,2,1971869,170
random_n300_rho0.9_strongly-corr-neg_seed3.pcf,dhfma,2,1888371,170
random_n300_rho0.9_strongly-corr-neg_seed4.pcf,hfma,0,1734225,149
random_n300_rho0.9_strongly-corr-neg_seed4.pcf,dhfma,0,1539609,149
random_n300_rho0.9_strongly-corr-neg_seed4.pcf,hfma,1,1503222,149
random_n300_rho0.9_strongly-corr-neg_seed4.pcf,dhfma,1,1504099,149
random_n300_rho0.9_strongly-corr-neg_seed4.pcf,hfma,2,1466841,149
random_n300_rho0.9_strongly-corr-neg_seed4.pcf,dhfma,2,1592726,149
random_n300_rho0.9_strongly-corr-neg_seed5.pcf,hfma,0,2391572,153
random_n300_rho0.9_strongly-corr-neg_seed5.pcf,dhfma,0,2022916,153
random_n300_rho0.9_strongly-corr-neg_seed5.pcf,hfma,1,1676155,153
random_n300_rho0.9_strongly-corr-neg_seed5.pcf,dhfma,1,1898314,153
random_n300_rho0.9_strongly-corr-neg_seed5.pcf,hfma,2,1903020,153
random_n300_rho0.9_strongly-corr-neg_seed5.pcf,dhfma,2,1873597,153
random_n300_rho0.9_strongly-corr-neg_seed6.pcf,hfma,0,2773082,144
random_n300_rho0.9_strongly-corr-neg_seed6.pcf,dhfma,0,2124524,144
random_n300_rho0.9_strongly-corr-neg_seed6.pcf,hfma,1,2527343,144
random_n300_rho0.9_strongly-corr-neg_seed6.pcf,dhfma,1,2012159,144
random_n300_rho0.9_strongly-corr-neg_seed6.pcf,hfma,2,2110841,144
random_n300_rho0.9_strongly-corr-neg_seed6.pcf,dhfma,2,1407795,144
random_n300_rho0.9_strongly-corr-neg_seed7.pcf,hfma,0,1398223,159
random_n300_rho0.9_strongly-corr-neg_seed7.pcf,dhfma,0,1262281,159
random_n300_rho0.9_strongly-corr-neg_seed7.pcf,hfma,1,1311354,159
random_n300_rho0.9_strongly-corr-neg_seed7.pcf,dhfma,1,1329572,159
random_n300_rho0.9_strongly-corr-neg_seed7.pcf,hfma,2,1105399,159
random_n300_rho0.9_strongly-corr-neg_seed7.pcf,dhfma,2,1016051,159
random_n300_rho0.9_strongly-corr-neg_seed8.pcf,hfma,0,941069,166
random_n300_rho0.9_strongly-corr-neg_seed8.pcf,dhfma,0,823696,166
random_n300_rho0.9_strongly-corr-neg_seed8.pcf,hfma,1,661062,166
random_n300_rho0.9_strongly-corr-neg_seed8.pcf,dhfma,1,621836,166
random_n300_rho0.9_strongly-corr-neg_seed8.pcf,hfma,2,533917,166
random_n300_rho0.9_strongly-corr-neg_seed8.pcf,dhfma,2,535351,166
random_n300_rho0.9_strongly-corr-neg_seed9.pcf,hfma,0,602514,159
random_n300_rho0.9_strongly-corr-neg_seed9.pcf,dhfma,0,587846,159
random_n300_rho0.9_strongly-corr-neg_seed9.pcf,hfma,1,545682,159
random_n300_rho0.9_strongly-corr-neg_seed9.pcf,dhfma,1,553088,159
random_n300_rho0.9_strongly-corr-neg_seed9.pcf,hfma,2,547698,159
random_n300_rho0.9_strongly-corr-neg_seed9.pcf,dhfma,2,572812,159
random_n300_rho0.9_strongly-corr_seed0.pcf,hfma,0,677963,167
random_n300_rho0.9_strongly-corr_seed0.pcf,dhfma,0,405429,167
random_n300_rho0.9_strongly-corr_seed0.pcf,hfma,1,390806,167
random_n300_rho0.9_strongly-corr_seed0.pcf,dhfma,1,389141,167
random_n300_rho0.9_strongly-corr_seed0.pcf,hfma,2,395752,167
random_n300_rho0.9_strongly-corr_seed0.pcf,dhfma,2,416688,167
random_n300_rho0.9_strongly-corr_seed1.pcf,hfma,0,553648,171
random_n300_rho0.9_strongly-corr_seed1.pcf,dhfma,0,506957,171
random_n300_rho0.9_strongly-corr_seed1.pcf,hfma,1,466038,171
random_n300_rho0.9_strongly-corr_seed1.pcf,dhfma,1,424756,171
random_n300_rho0.9_strongly-corr_seed1.pcf,hfma,2,401410,171
random_n300_rho0.9_strongly-corr_seed1.pcf,dhfma,2,395602,171
random_n300_rho0.9_strongly-corr_seed2.pcf,hfma,0,450106,153
random_n300_rho0.9_strongly-corr_seed2.pcf,dhfma,0,412447,153
random_n300_rho0.9_strongly-corr_seed2.pcf,hfma,1,460400,153
random_n300_rho0.9_strongly-corr_seed2.pcf,dhfma,1,424631,153
random_n300_rho0.9_strongly-corr_seed2.pcf,hfma,2,493921,153
random_n300_rho0.9_strongly-corr_seed2.pcf,dhfma,2,487381,153
random_n300_rho0.9_strongly-corr_seed3.pcf,hfma,0,651826,155
random_n300_rho0.9_strongly-corr_seed3.pcf,dhfma,0,678941,155
random_n300_rho0.9_strongly-corr_seed3.pcf,hfma,1,659788,155
random_n300_rho0.9_strongly-corr_seed3.pcf,dhfma,1,729407,155
random_n300_rho0.9_strongly-corr_seed3.pcf,hfma,2,749857,155
random_n300_rho0.9_strongly-corr_seed3.pcf,dhfma,2,833132,155
random_n300_rho0.9_strongly-corr_seed4.pcf,hfma,0,1790950,160
random_n300_rho0.9_strongly-corr_seed4.pcf,dhfma,0,1535798,160
random_n300_rho0.9_strongly-corr_seed4.pcf,hfma,1,1478496,160
random_n300_rho0.9_strongly-corr_seed4.pcf,dhfma,1,1720467,160
random_n300_rho0.9_strongly-corr_seed4.pcf,hfma,2,1503054,160
random_n300_rho0.9_strongly-corr_seed4.pcf,dhfma,2,1691516,160
random_n300_rho0.9_strongly-corr_seed5.pcf,hfma,0,2388542,159
random_n300_rho0.9_strongly-corr_seed5.pcf,dhfma,0,2421707,159
random_n300_rho0.9_strongly-corr_seed5.pcf,hfma,1,2345572,159
random_n300_rho0.9_strongly-corr_seed5.pcf,dhfma,1,2239771,159
random_n300_rho0.9_strongly-corr_seed5.pcf,hfma,2,2118926,159
random_n300_rho0.9_strongly-corr_seed5.pcf,dhfma,2,1876483,159
random_n300_rho0.9_strongly-corr_seed6.pcf,hfma,0,2241001,146
random_n300_rho0.9_strongly-corr_seed6.pcf,dhfma,0,1988200,146
random_n300_rho0.9_strongly-corr_seed6.pcf,hfma,1,1793448,146
random_n300_rho0.9_strongly-corr_seed6.pcf,dhfma,1,1826027,146
random_n300_rho0.9_strongly-corr_seed6.pcf,hfma,2,1749534,146
random_n300_rho0.9_strongly-corr_seed6.pcf,dhfma,2,1891152,146
random_n300_rho0.9_strongly-corr_seed7.pcf,hfma,0,2024377,158
random_n300_rho0.9_strongly-corr_seed7.pcf,dhfma,0,1729567,158
random_n300_rho0.9_strongly-corr_seed7.pcf,hfma,1,1521003,158
random_n300_rho0.9_strongly-corr_seed7.pcf,dhfma,1,1482982,158
random_n300_rho0.9_strongly-corr_seed7.pcf,hfma,2,1435611,158
random_n300_rho0.9_strongly-corr_seed7.pcf,dhfma,2,870817,158
random_n300_rho0.9_strongly-corr_seed8.pcf,hfma,0,2671856,166
random_n300_rho0.9_strongly-corr_seed8.pcf,dhfma,0,3131369,166
random_n300_rho0.9_strongly-corr_seed8.pcf,hfma,1,2358529,166
random_n300_rho0.9_strongly-corr_seed8.pcf,dhfma,1,2415969,166
random_n300_rho0.9_strongly-corr_seed8.pcf,hfma,2,1519926,166
random_n300_rho0.9_strongly-corr_seed8.pcf,dhfma,2,1538142,166
random_n300_rho0.9_strongly-corr_seed9.pcf,hfma,0,1478128,162
random_n300_rho0.9_strongly-corr_seed9.pcf,dhfma,0,1514685,162
random_n300_rho0.9_strongly-corr_seed9.pcf,hfma,1,1165960,162
random_n300_rho0.9_strongly-corr_seed9.pcf,dhfma,1,1331809,162
random_n300_rho0.9_strongly-corr_seed9.pcf,hfma,2,1133377,162
random_n300_rho0.9_strongly-corr_seed9.pcf,dhfma,2,964197,162
random_n300_rho0.9_uncorr-neg_seed0.pcf,hfma,0,2179352,176
random_n300_rho0.9_uncorr-neg_seed0.pcf,dhfma,0,2189104,176
random_n300_rho0.9_uncorr-neg_seed0.pcf,hfma,1,1674837,176
random_n300_rho0.9_uncorr-neg_seed0.pcf,dhfma,1,1499347,176
random_n300_rho0.9_uncorr-neg_seed0.pcf,hfma,2,1168718,176
random_n300_rho0.9_uncorr-neg_seed0.pcf,dhfma,2,889547,176
random_n300_rho0.9_uncorr-neg_seed1.pcf,hfma,0,977304,168
random_n300_rho0.9_uncorr-neg_seed1.pcf,dhfma,0,1077507,168
random_n300_rho0.9_uncorr-neg_seed1.pcf,hfma,1,1065647,168
random_n300_rho0.9_uncorr-neg_seed1.pcf,dhfma,1,1272678,168
random_n300_rho0.9_uncorr-neg_seed1.pcf,hfma,2,1302113,168
random_n300_rho0.9_uncorr-neg_seed1.pcf,dhfma,2,1582576,168
random_n300_rho0.9_uncorr-neg_seed2.pcf,hfma,0,2418597,176
random_n300_rho0.9_uncorr-neg_seed2.pcf,dhfma,0,2552851,176
random_n300_rho0.9_uncorr-neg_seed2.pcf,hfma,1,2162492,176
random_n300_rho0.9_uncorr-neg_seed2.pcf,dhfma,1,2145289,176
random_n300_rho0.9_uncorr-neg_seed2.pcf,hfma,2,1947081,176
random_n300_rho0.9_uncorr-neg_seed2.pcf,dhfma,2,2114951,176
random_n300_rho0.9_uncorr-neg_seed3.pcf,hfma,0,2317969,168
random_n300_rho0.9_uncorr-neg_seed3.pcf,dhfma,0,2477024,168
random_n300_rho0.9_uncorr-neg_seed3.pcf,hfma,1,2107473,168
random_n300_rho0.9_uncorr-neg_seed3.pcf,dhfma,1,1876289,168
random_n300_rho0.9_uncorr-neg_seed3.pcf,hfma,2,1143282,168
random_n300_rho0.9_uncorr-neg_seed3.pcf,dhfma,2,1404372,168
random_n300_rho0.9_uncorr-neg_seed4.pcf,hfma,0,1332176,167
random_n300_rho0.9_uncorr-neg_seed4.pcf,dhfma,0,1483458,167
random_n300_rho0.9_uncorr-neg_seed4.pcf,hfma,1,1789673,167
random_n300_rho0.9_uncorr-neg_seed4.pcf,dhfma,1,1860798,167
random_n300_rho0.9_uncorr-neg_seed4.pcf,hfma,2,2007062,167
random_n300_rho0.9_uncorr-neg_seed4.pcf,dhfma,2,1693555,167
random_n300_rho0.9_uncorr-neg_seed5.pcf,hfma,0,1789980,171
random_n300_rho0.9_uncorr-neg_seed5.pcf,dhfma,0,1944076,171
random_n300_rho0.9_uncorr-neg_seed5.pcf,hfma,1,1804962,171
random_n300_rho0.9_uncorr-neg_seed5.pcf,dhfma,1,2185568,171
random_n300_rho0.9_uncorr-neg_seed5.pcf,hfma,2,1882149,171
random_n300_rho0.9_uncorr-neg_seed5.pcf,dhfma,2,2036120,171
random_n300_rho0.9_uncorr-neg_seed6.pcf,hfma,0,2139260,156
random_n300_rho0.9_uncorr-neg_seed6.pcf,dhfma,0,1911447,156
random_n300_rho0.9_uncorr-neg_seed6.pcf,hfma,1,1758787,156
random_n300_rho0.9_uncorr-neg_seed6.pcf,dhfma,1,1833136,156
random_n300_rho0.9_uncorr-neg_seed6.pcf,hfma,2,1863272,156
random_n300_rho0.9_uncorr-neg_seed6.pcf,dhfma,2,1719414,156
random_n300_rho0.9_uncorr-neg_seed7.pcf,hfma,0,1623253,165
random_n300_rho0.9_uncorr-neg_seed7.pcf,dhfma,0,1587744,165
random_n300_rho0.9_uncorr-neg_seed7.pcf,hfma,1,1218669,165
random_n300_rho0.9_uncorr-neg_seed7.pcf,dhfma,1,373153,165
random_n300_rho0.9_uncorr-neg_seed7.pcf,hfma,2,365747,165
random_n300_rho0.9_uncorr-neg_seed7.pcf,dhfma,2,378983,165
random_n300_rho0.9_uncorr-neg_seed8.pcf,hfma,0,2699698,177
random_n300_rho0.9_uncorr-neg_seed8.pcf,dhfma,0,2279075,177
random_n300_rho0.9_uncorr-neg_seed8.pcf,hfma,1,2283361,177
random_n300_rho0.9_uncorr-neg_seed8.pcf,dhfma,1,521753,177
random_n300_rho0.9_uncorr-neg_seed8.pcf,hfma,2,548888,177
random_n300_rho0.9_uncorr-neg_seed8.pcf,dhfma,2,513377,177
random_n300_rho0.9_uncorr-neg_seed9.pcf,hfma,0,2201068,158
random_n300_rho0.9_uncorr-neg_seed9.pcf,dhfma,0,2230406,158
random_n300_rho0.9_uncorr-neg_seed9.pcf,hfma,1,2157245,158
random_n300_rho0.9_uncorr-neg_seed9.pcf,dhfma,1,1963561,158
random_n300_rho0.9_uncorr-neg_seed9.pcf,hfma,2,1614246,158
random_n300_rho0.9_uncorr-neg_seed9.pcf,dhfma,2,1391198,158
random_n300_rho0.9_uncorr_seed0.pcf,hfma,0,2055440,167
random_n300_rho0.9_uncorr_seed0.pcf,dhfma,0,1923069,167
random_n300_rho0.9_uncorr_seed0.pcf,hfma,1,1773252,167
random_n300_rho0.9_uncorr_seed0.pcf,dhfma,1,1830273,167
random_n300_rho0.9_uncorr_seed0.pcf,hfma,2,1682078,167
random_n300_rho0.9_uncorr_seed0.pcf,dhfma,2,1837385,167
random_n300_rho0.9_uncorr_seed1.pcf,hfma,0,1825162,152
random_n300_rho0.9_uncorr_seed1.pcf,dhfma,0,1723352,152
random_n300_rho0.9_uncorr_seed1.pcf,hfma,1,1760045,152
random_n300_rho0.9_uncorr_seed1.pcf,dhfma,1,1636717,152
random_n300_rho0.9_uncorr_seed1.pcf,hfma,2,1697675,152
random_n300_rho0.9_uncorr_seed1.pcf,dhfma,2,1511315,152
random_n300_rho0.9_uncorr_seed2.pcf,hfma,0,2688085,173
random_n300_rho0.9_uncorr_seed2.pcf,dhfma,0,2845875,173
random_n300_rho0.9_uncorr_seed2.pcf,hfma,1,2289303,173
random_n300_rho0.9_uncorr_seed2.pcf,dhfma,1,2148617,173
random_n300_rho0.9_uncorr_seed2.pcf,hfma,2,1620616,173
random_n300_rho0.9_uncorr_seed2.pcf,dhfma,2,1438169,173
random_n300_rho0.9_uncorr_seed3.pcf,hfma,0,1766794,157
random_n300_rho0.9_uncorr_seed3.pcf,dhfma,0,2043783,157
random_n300_rho0.9_uncorr_seed3.pcf,hfma,1,1929514,157
random_n300_rho0.9_uncorr_seed3.pcf,dhfma,1,2199791,157
random_n300_rho0.9_uncorr_seed3.pcf,hfma,2,1982002,157
random_n300_rho0.9_uncorr_seed3.pcf,dhfma,2,2336974,157
random_n300_rho0.9_uncorr_seed4.pcf,hfma,0,2122193,161
random_n300_rho0.9_uncorr_seed4.pcf,dhfma,0,2248979,161
random_n300_rho0.9_uncorr_seed4.pcf,hfma,1,1941768,161
random_n300_rho0.9_uncorr_seed4.pcf,dhfma,1,2095214,161
random_n300_rho0.9_uncorr_seed4.pcf,hfma,2,1812444,161
random_n300_rho0.9_uncorr_seed4.pcf,dhfma,2,2049911,161
random_n300_rho0.9_uncorr_seed5.pcf,hfma,0,2234703,178
random_n300_rho0.9_uncorr_seed5.pcf,dhfma,0,1622877,178
random_n300_rho0.9_uncorr_seed5.pcf,hfma,1,502709,178
random_n300_rho0.9_uncorr_seed5.pcf,dhfma,1,480825,178
random_n300_rho0.9_uncorr_seed5.pcf,hfma,2,494291,178
random_n300_rho0.9_uncorr_seed5.pcf,dhfma,2,518886,178
random_n300_rho0.9_uncorr_seed6.pcf,hfma,0,1619599,173
random_n300_rho0.9_uncorr_seed6.pcf,dhfma,0,1635352,173
random_n300_rho0.9_uncorr_seed6.pcf,hfma,1,1550151,173
random_n300_rho0.9_uncorr_seed6.pcf,dhfma,1,1608860,173
random_n300_rho0.9_uncorr_seed6.pcf,hfma,2,1522494,173
random_n300_rho0.9_uncorr_seed6.pcf,dhfma,2,1671219,173
random_n300_rho0.9_uncorr_seed7.pcf,hfma,0,2501265,170
random_n300_rho0.9_uncorr_seed7.pcf,dhfma,0,2608320,170
random_n300_rho0.9_uncorr_seed7.pcf,hfma,1,2114415,170
random_n300_rho0.9_uncorr_seed7.pcf,dhfma,1,2151143,170
random_n300_rho0.9_uncorr_seed7.pcf,hfma,2,1940566,170
random_n300_rho0.9_uncorr_seed7.pcf,dhfma,2,2213294,170
random_n300_rho0.9_uncorr_seed8.pcf,hfma,0,2503661,157
random_n300_rho0.9_uncorr_seed8.pcf,dhfma,0,2537466,157
random_n300_rho0.9_uncorr_seed8.pcf,hfma,1,2377052,157
random_n300_rho0.9_uncorr_seed8.pcf,dhfma,1,2455397,157
random_n300_rho0.9_uncorr_seed8.pcf,hfma,2,1879800,157
random_n300_rho0.9_uncorr_seed8.pcf,dhfma,2,1553505,157
random_n300_rho0.9_uncorr_seed9.pcf,hfma,0,1792500,167
random_n300_rho0.9_uncorr_seed9.pcf,dhfma,0,1593557,167
random_n300_rho0.9_uncorr_seed9.pcf,hfma,1,1250758,167
random_n300_rho0.9_uncorr_seed9.pcf,dhfma,1,1113249,167
random_n300_rho0.9_uncorr_seed9.pcf,hfma,2,955314,167
random_n300_rho0.9_uncorr_seed9.pcf,dhfma,2,828551,167
random_n300_rho0.9_weakly-corr-neg_seed0.pcf,hfma,0,1543210,169
random_n300_rho0.9_weakly-corr-neg_seed0.pcf,dhfma,0,1083518,169
random_n300_rho0.9_weakly-corr-neg_seed0.pcf,hfma,1,1487822,169
random_n300_rho0.9_weakly-corr-neg_seed0.pcf,dhfma,1,1366269,169
random_n300_rho0.9_weakly-corr-neg_seed0.pcf,hfma,2,1999955,169
random_n300_rho0.9_weakly-corr-neg_seed0.pcf,dhfma,2,1739687,169
random_n300_rho0.9_weakly-corr-neg_seed1.pcf,hfma,0,1781659,153
random_n300_rho0.9_weakly-corr-neg_seed1.pcf,dhfma,0,1461784,153
random_n300_rho0.9_weakly-corr-neg_seed1.pcf,hfma,1,1288919,153
random_n300_rho0.9_weakly-corr-neg_seed1.pcf,dhfma,1,1072307,153
random_n300_rho0.9_weakly-corr-neg_seed1.pcf,hfma,2,979874,153
random_n300_rho0.9_weakly-corr-neg_seed1.pcf,dhfma,2,816327,153
random_n300_rho0.9_weakly-corr-neg_seed2.pcf,hfma,0,1142572,170
random_n300_rho0.9_weakly-corr-neg_seed2.pcf,dhfma,0,1386476,170
random_n300_rho0.9_weakly-corr-neg_seed2.pcf,hfma,1,1365623,170
random_n300_rho0.9_weakly-corr-neg_seed2.pcf,dhfma,1,1629901,170
random_n300_rho0.9_weakly-corr-neg_seed2.pcf,hfma,2,1402182,170
random_n300_rho0.9_weakly-corr-neg_seed2.pcf,dhfma,2,1305065,170
random_n300_rho0.9_weakly-corr-neg_seed3.pcf,hfma,0,1776554,166
random_n300_rho0.9_weakly-corr-neg_seed3.pcf,dhfma,0,1838335,166
random_n300_rho0.9_weakly-corr-neg_seed3.pcf,hfma,1,1684148,166
random_n300_rho0.9_weakly-corr-neg_seed3.pcf,dhfma,1,1310719,166
random_n300_rho0.9_weakly-corr-neg_seed3.pcf,hfma,2,1173189,166
random_n300_rho0.9_weakly-corr-neg_seed3.pcf,dhfma,2,967675,166
random_n300_rho0.9_weakly-corr-neg_seed4.pcf,hfma,0,1060510,173
random_n300_rho0.9_weakly-corr-neg_seed4.pcf,dhfma,0,794055,173
random_n300_rho0.9_weakly-corr-neg_seed4.pcf,hfma,1,866329,173
random_n300_rho0.9_weakly-corr-neg_seed4.pcf,dhfma,1,879779,173
random_n300_rho0.9_weakly-corr-neg_seed4.pcf,hfma,2,1010732,173
random_n300_rho0.9_weakly-corr-neg_seed4.pcf,dhfma,2,1046016,173
random_n300_rho0.9_weakly-corr-neg_seed5.pcf,hfma,0,1691545,167
random_n300_rho0.9_weakly-corr-neg_seed5.pcf,dhfma,0,1219839,167
random_n300_rho0.9_weakly-corr-neg_seed5.pcf,hfma,1,1225308,167
random_n300_rho0.9_weakly-corr-neg_seed5.pcf,dhfma,1,908875,167
random_n300_rho0.9_weakly-corr-neg_seed5.pcf,hfma,2,965352,167
random_n300_rho0.9_weakly-corr-neg_seed5.pcf,dhfma,2,720081,167
random_n300_rho0.9_weakly-corr-neg_seed6.pcf,hfma,0,1260694,165
random_n300_rho0.9_weakly-corr-neg_seed6.pcf,dhfma,0,1295735,165
random_n300_rho0.9_weakly-corr-neg_seed6.pcf,hfma,1,1045032,165
random_n300_rho0.9_weakly-corr-neg_seed6.pcf,dhfma,1,1156913,165
random_n300_rho0.9_weakly-corr-neg_seed6.pcf,hfma,2,1212358,165
random_n300_rho0.9_weakly-corr-neg_seed6.pcf,dhfma,2,1421028,165
random_n300_rho0.9_weakly-corr-neg_seed7.pcf,hfma,0,1812166,159
random_n300_rho0.9_weakly-corr-neg_seed7.pcf,dhfma,0,1691754,159
random_n300_rho0.9_weakly-corr-neg_seed7.pcf,hfma,1,1439231,159
random_n300_rho0.9_weakly-corr-neg_seed7.pcf,dhfma,1,1255029,159
random_n300_rho0.9_weakly-corr-neg_seed7.pcf,hfma,2,1071602,159
random_n300_rho0.9_weakly-corr-neg_seed7.pcf,dhfma,2,917764,159
random_n300_rho0.9_weakly-corr-neg_seed8.pcf,hfma,0,1569721,168
random_n300_rho0.9_weakly-corr-neg_seed8.pcf,dhfma,0,1673782,168
random_n300_rho0.9_weakly-corr-neg_seed8.pcf,hfma,1,1695859,168
random_n300_rho0.9_weakly-corr-neg_seed8.pcf,dhfma,1,2104111,168
random_n300_rho0.9_weakly-corr-neg_seed8.pcf,hfma,2,2139609,168
random_n300_rho0.9_weakly-corr-neg_seed8.pcf,dhfma,2,2212621,168
random_n300_rho0.9_weakly-corr-neg_seed9.pcf,hfma,0,2212101,157
random_n300_rho0.9_weakly-corr-neg_seed9.pcf,dhfma,0,2177319,157
random_n300_rho0.9_weakly-corr-neg_seed9.pcf,hfma,1,1859412,157
random_n300_rho0.9_weakly-corr-neg_seed9.pcf,dhfma,1,1758766,157
random_n300_rho0.9_weakly-corr-neg_seed9.pcf,hfma,2,1828253,157
random_n300_rho0.9_weakly-corr-neg_seed9.pcf,dhfma,2,1545078,157
random_n300_rho0.9_weakly-corr_seed0.pcf,hfma,0,1433047,165
random_n300_rho0.9_weakly-corr_seed0.pcf,dhfma,0,1487691,165
random_n300_rho0.9_weakly-corr_seed0.pcf,hfma,1,1554859,165
random_n300_rho0.9_weakly-corr_seed0.pcf,dhfma,1,1573976,165
random_n300_rho0.9_weakly-corr_seed0.pcf,hfma,2,1382063,165
random_n300_rho0.9_weakly-corr_seed0.pcf,dhfma,2,1144989,165
random_n300_rho0.9_weakly-corr_seed1.pcf,hfma,0,1452147,162
random_n300_rho0.9_weakly-corr_seed1.pcf,dhfma,0,1727892,162
random_n300_rho0.9_weakly-corr_seed1.pcf,hfma,1,1565355,162
random_n300_rho0.9_weakly-corr_seed1.pcf,dhfma,1,1374604,162
random_n300_rho0.9_weakly-corr_seed1.pcf,hfma,2,1152587,162
random_n300_rho0.9_weakly-corr_seed1.pcf,dhfma,2,1045660,162
random_n300_rho0.9_weakly-corr_seed2.pcf,hfma,0,1096150,167
random_n300_rho0.9_weakly-corr_seed2.pcf,dhfma,0,1259312,167
random_n300_rho0.9_weakly-corr_seed2.pcf,hfma,1,1271962,167
random_n300_rho0.9_weakly-corr_seed2.pcf,dhfma,1,1289076,167
random_n300_rho0.9_weakly-corr_seed2.pcf,hfma,2,1066499,167
random_n300_rho0.9_weakly-corr_seed2.pcf,dhfma,2,998686,167
random_n300_rho0.9_weakly-corr_seed3.pcf,hfma,0,1390793,167
random_n300_rho0.9_weakly-corr_seed3.pcf,dhfma,0,1948032,167
random_n300_rho0.9_weakly-corr_seed3.pcf,hfma,1,1350563,167
random_n300_rho0.9_weakly-corr_seed3.pcf,dhfma,1,1507235,167
random_n300_rho0.9_weakly-corr_seed3.pcf,hfma,2,986222,167
random_n300_rho0.9_weakly-corr_seed3.pcf,dhfma,2,1104576,167
random_n300_rho0.9_weakly-corr_seed4.pcf,hfma,0,690707,166
random_n300_rho0.9_weakly-corr_seed4.pcf,dhfma,0,845326,166
random_n300_rho0.9_weakly-corr_seed4.pcf,hfma,1,725892,166
random_n300_rho0.9_weakly-corr_seed4.pcf,dhfma,1,952876,166
random_n300_rho0.9_weakly-corr_seed4.pcf,hfma,2,915247,166
random_n300_rho0.9_weakly-corr_seed4.pcf,dhfma,2,1119056,166
random_n300_rho0.9_weakly-corr_seed5.pcf,hfma,0,2138649,147
random_n300_rho0.9_weakly-corr_seed5.pcf,dhfma,0,2908296,147
random_n300_rho0.9_weakly-corr_seed5.pcf,hfma,1,2345120,147
random_n300_rho0.9_weakly-corr_seed5.pcf,dhfma,1,2909998,147
random_n300_rho0.9_weakly-corr_seed5.pcf,hfma,2,2163236,147
random_n300_rho0.9_weakly-corr_seed5.pcf,dhfma,2,2228716,147
random_n300_rho0.9_weakly-corr_seed6.pcf,hfma,0,2030826,166
random_n300_rho0.9_weakly-corr_seed6.pcf,dhfma,0,1717508,166
random_n300_rho0.9_weakly-corr_seed6.pcf,hfma,1,1415299,166
random_n300_rho0.9_weakly-corr_seed6.pcf,dhfma,1,1152417,166
random_n300_rho0.9_weakly-corr_seed6.pcf,hfma,2,1037778,166
random_n300_rho0.9_weakly-corr_seed6.pcf,dhfma,2,911165,166
random_n300_rho0.9_weakly-corr_seed7.pcf,hfma,0,1494760,168
random_n300_rho0.9_weakly-corr_seed7.pcf,dhfma,0,1559407,168
random_n300_rho0.9_weakly-corr_seed7.pcf,hfma,1,1226341,168
random_n300_rho0.9_weakly-corr_seed7.pcf,dhfma,1,1778968,168
random_n300_rho0.9_weakly-corr_seed7.pcf,hfma,2,1285953,168
random_n300_rho0.9_weakly-corr_seed7.pcf,dhfma,2,479059,168
random_n300_rho0.9_weakly-corr_seed8.pcf,hfma,0,1585326,164
random_n300_rho0.9_weakly-corr_seed8.pcf,dhfma,0,1579502,164
random_n300_rho0.9_weakly-corr_seed8.pcf,hfma,1,1385634,164
random_n300_rho0.9_weakly-corr_seed8.pcf,dhfma,1,1300959,164
random_n300_rho0.9_weakly-corr_seed8.pcf,hfma,2,1066432,164
random_n300_rho0.9_weakly-corr_seed8.pcf,dhfma,2,964316,164
random_n300_rho0.9_weakly-corr_seed9.pcf,hfma,0,883964,178
random_n300_rho0.9_weakly-corr_seed9.pcf,dhfma,0,738812,178
random_n300_rho0.9_weakly-corr_seed9.pcf,hfma,1,849060,178
random_n300_rho0.9_weakly-corr_seed9.pcf,dhfma,1,845691,178
random_n300_rho0.9_weakly-corr_seed9.pcf,hfma,2,965344,178
random_n300_rho0.9_weakly-corr_seed9.pcf,dhfma,2,1116545,178
random_n300_rho1.0_strongly-corr-neg_seed0.pcf,hfma,0,1455248,168
random_n300_rho1.0_strongly-corr-neg_seed0.pcf,dhfma,0,1053488,168
random_n300_rho1.0_strongly-corr-neg_seed0.pcf,hfma,1,845296,168
random_n300_rho1.0_strongly-corr-neg_seed0.pcf,dhfma,1,799334,168
random_n300_rho1.0_strongly-corr-neg_seed0.pcf,hfma,2,722636,168
random_n300_rho1.0_strongly-corr-neg_seed0.pcf,dhfma,2,780052,168
random_n300_rho1.0_strongly-corr-neg_seed1.pcf,hfma,0,878988,141
random_n300_rho1.0_strongly-corr-neg_seed1.pcf,dhfma,0,745719,141
random_n300_rho1.0_strongly-corr-neg_seed1.pcf,hfma,1,797606,141
random_n300_rho1.0_strongly-corr-neg_seed1.pcf,dhfma,1,750749,141
random_n300_rho1.0_strongly-corr-neg_seed1.pcf,hfma,2,784151,141
random_n300_rho1.0_strongly-corr-neg_seed1.pcf,dhfma,2,779461,141
random_n300_rho1.0_strongly-corr-neg_seed2.pcf,hfma,0,811920,147
random_n300_rho1.0_strongly-corr-neg_seed2.pcf,dhfma,0,817688,147
random_n300_rho1.0_strongly-corr-neg_seed2.pcf,hfma,1,514981,147
random_n300_rho1.0_strongly-corr-neg_seed2.pcf,dhfma,1,517842,147
random_n300_rho1.0_strongly-corr-neg_seed2.pcf,hfma,2,484707,147
random_n300_rho1.0_strongly-corr-neg_seed2.pcf,dhfma,2,505413,147
random_n300_rho1.0_strongly-corr-neg_seed3.pcf,hfma,0,928123,161
random_n300_rho1.0_strongly-corr-neg_seed3.pcf,dhfma,0,935622,161
random_n300_rho1.0_strongly-corr-neg_seed3.pcf,hfma,1,790327,161
random_n300_rho1.0_strongly-corr-neg_seed3.pcf,dhfma,1,585193,161
random_n300_rho1.0_strongly-corr-neg_seed3.pcf,hfma,2,572814,161
random_n300_rho1.0_strongly-corr-neg_seed3.pcf,dhfma,2,553663,161
random_n300_rho1.0_strongly-corr-neg_seed4.pcf,hfma,0,779016,143
random_n300_rho1.0_strongly-corr-neg_seed4.pcf,dhfma,0,662825,143
random_n300_rho1.0_strongly-corr-neg_seed4.pcf,hfma,1,734479,143
random_n300_rho1.0_strongly-corr-neg_seed4.pcf,dhfma,1,637509,143
random_n300_rho1.0_strongly-corr-neg_seed4.pcf,hfma,2,753639,143
random_n300_rho1.0_strongly-corr-neg_seed4.pcf,dhfma,2,624966,143
random_n300_rho1.0_strongly-corr-neg_seed5.pcf,hfma,0,1135719,141
random_n300_rho1.0_strongly-corr-neg_seed5.pcf,dhfma,0,1184696,141
random_n300_rho1.0_strongly-corr-neg_seed5.pcf,hfma,1,1041389,141
random_n300_rho1.0_strongly-corr-neg_seed5.pcf,dhfma,1,1140889,141
random_n300_rho1.0_strongly-corr-neg_seed5.pcf,hfma,2,1168838,141
random_n300_rho1.0_strongly-corr-neg_seed5.pcf,dhfma,2,760443,141
random_n300_rho1.0_strongly-corr-neg_seed6.pcf,hfma,0,884389,146
random_n300_rho1.0_strongly-corr-neg_seed6.pcf,dhfma,0,809397,146
random_n300_rho1.0_strongly-corr-neg_seed6.pcf,hfma,1,818059,146
random_n300_rho1.0_strongly-corr-neg_seed6.pcf,dhfma,1,779076,146
random_n300_rho1.0_strongly-corr-neg_seed6.pcf,hfma,2,625952,146
random_n300_rho1.0_strongly-corr-neg_seed6.pcf,dhfma,2,516457,146
random_n300_rho1.0_strongly-corr-neg_seed7.pcf,hfma,0,902277,157
random_n300_rho1.0_strongly-corr-neg_seed7.pcf,dhfma,0,603141,157
random_n300_rho1.0_strongly-corr-neg_seed7.pcf,hfma,1,575448,157
random_n300_rho1.0_strongly-corr-neg_seed7.pcf,dhfma,1,566270,157
random_n300_rho1.0_strongly-corr-neg_seed7.pcf,hfma,2,577797,157
random_n300_rho1.0_strongly-corr-neg_seed7.pcf,dhfma,2,538274,157
random_n300_rho1.0_strongly-corr-neg_seed8.pcf,hfma,0,1061902,139
random_n300_rho1.0_strongly-corr-neg_seed8.pcf,dhfma,0,946336,139
random_n300_rho1.0_strongly-corr-neg_seed8.pcf,hfma,1,789729,139
random_n300_rho1.0_strongly-corr-neg_seed8.pcf,dhfma,1,595017,139
random_n300_rho1.0_strongly-corr-neg_seed8.pcf,hfma,2,662201,139
random_n300_rho1.0_strongly-corr-neg_seed8.pcf,dhfma,2,562317,139
random_n300_rho1.0_strongly-corr-neg_seed9.pcf,hfma,0,1253144,140
random_n300_rho1.0_strongly-corr-neg_seed9.pcf,dhfma,0,1317838,140
random_n300_rho1.0_strongly-corr-neg_seed9.pcf,hfma,1,1198018,140
random_n300_rho1.0_strongly-corr-neg_seed9.pcf,dhfma,1,1278490,140
random_n300_rho1.0_strongly-corr-neg_seed9.pcf,hfma,2,1150979,140
random_n300_rho1.0_strongly-corr-neg_seed9.pcf,dhfma,2,821470,140
random_n300_rho1.0_strongly-corr_seed0.pcf,hfma,0,1080000,150
random_n300_rho1.0_strongly-corr_seed0.pcf,dhfma,0,944378,150
random_n300_rho1.0_strongly-corr_seed0.pcf,hfma,1,1009624,150
random_n300_rho1.0_strongly-corr_seed0.pcf,dhfma,1,892876,150
random_n300_rho1.0_strongly-corr_seed0.pcf,hfma,2,900080,150
random_n300_rho1.0_strongly-corr_seed0.pcf,dhfma,2,612538,150
random_n300_rho1.0_strongly-corr_seed1.pcf,hfma,0,849946,151
random_n300_rho1.0_strongly-corr_seed1.pcf,dhfma,0,552758,151
random_n300_rho1.0_strongly-corr_seed1.pcf,hfma,1,535665,151
random_n300_rho1.0_strongly-corr_seed1.pcf,dhfma,1,525409,151
random_n300_rho1.0_strongly-corr_seed1.pcf,hfma,2,522375,151
random_n300_rho1.0_strongly-corr_seed1.pcf,dhfma,2,537066,151
random_n300_rho1.0_strongly-corr_seed2.pcf,hfma,0,1319392,137
random_n300_rho1.0_strongly-corr_seed2.pcf,dhfma,0,1279796,137
random_n300_rho1.0_strongly-corr_seed2.pcf,hfma,1,1232736,137
random_n300_rho1.0_strongly-corr_seed2.pcf,dhfma,1,1250390,137
random_n300_rho1.0_strongly-corr_seed2.pcf,hfma,2,1058972,137
random_n300_rho1.0_strongly-corr_seed2.pcf,dhfma,2,837961,137
random_n300_rho1.0_strongly-corr_seed3.pcf,hfma,0,859005,139
random_n300_rho1.0_strongly-corr_seed3.pcf,dhfma,0,613910,139
random_n300_rho1.0_strongly-corr_seed3.pcf,hfma,1,654390,139
random_n300_rho1.0_strongly-corr_seed3.pcf,dhfma,1,602724,139
random_n300_rho1.0_strongly-corr_seed3.pcf,hfma,2,629102,139
random_n300_rho1.0_strongly-corr_seed3.pcf,dhfma,2,582323,139
random_n300_rho1.0_strongly-corr_seed4.pcf,hfma,0,609546,140
random_n300_rho1.0_strongly-corr_seed4.pcf,dhfma,0,538886,140
random_n300_rho1.0_strongly-corr_seed4.pcf,hfma,1,474362,140
random_n300_rho1.0_strongly-corr_seed4.pcf,dhfma,1,520686,140
random_n300_rho1.0_strongly-corr_seed4.pcf,hfma,2,474275,140
random_n300_rho1.0_strongly-corr_seed4.pcf,dhfma,2,517834,140
random_n300_rho1.0_strongly-corr_seed5.pcf,hfma,0,765885,151
random_n300_rho1.0_strongly-corr_seed5.pcf,dhfma,0,709717,151
random_n300_rho1.0_strongly-corr_seed5.pcf,hfma,1,700423,151
random_n300_rho1.0_strongly-corr_seed5.pcf,dhfma,1,687512,151
random_n300_rho1.0_strongly-corr_seed5.pcf,hfma,2,699713,151
random_n300_rho1.0_strongly-corr_seed5.pcf,dhfma,2,711037,151
random_n300_rho1.0_strongly-corr_seed6.pcf,hfma,0,821882,143
random_n300_rho1.0_strongly-corr_seed6.pcf,dhfma,0,864142,143
random_n300_rho1.0_strongly-corr_seed6.pcf,hfma,1,680629,143
random_n300_rho1.0_strongly-corr_seed6.pcf,dhfma,1,545648,143
random_n300_rho1.0_strongly-corr_seed6.pcf,hfma,2,495107,143
random_n300_rho1.0_strongly-corr_seed6.pcf,dhfma,2,519215,143
random_n300_rho1.0_strongly-corr_seed7.pcf,hfma,0,604963,134
random_n300_rho1.0_strongly-corr_seed7.pcf,dhfma,0,561950,134
random_n300_rho1.0_strongly-corr_seed7.pcf,hfma,1,566081,134
random_n300_rho1.0_strongly-corr_seed7.pcf,dhfma,1,538352,134
random_n300_rho1.0_strongly-corr_seed7.pcf,hfma,2,537632,134
random_n300_rho1.0_strongly-corr_seed7.pcf,dhfma,2,536525,134
random_n300_rho1.0_strongly-corr_seed8.pcf,hfma,0,1076290,148
random_n300_rho1.0_strongly-corr_seed8.pcf,dhfma,0,1108141,148
random_n300_rho1.0_strongly-corr_seed8.pcf,hfma,1,976814,148
random_n300_rho1.0_strongly-corr_seed8.pcf,dhfma,1,709083,148
random_n300_rho1.0_strongly-corr_seed8.pcf,hfma,2,637303,148
random_n300_rho1.0_strongly-corr_seed8.pcf,dhfma,2,709317,148
random_n300_rho1.0_strongly-corr_seed9.pcf,hfma,0,848383,148
random_n300_rho1.0_strongly-corr_seed9.pcf,dhfma,0,927268,148
random_n300_rho1.0_strongly-corr_seed9.pcf,hfma,1,925454,148
random_n300_rho1.0_strongly-corr_seed9.pcf,dhfma,1,1069913,148
random_n300_rho1.0_strongly-corr_seed9.pcf,hfma,2,964871,148
random_n300_rho1.0_strongly-corr_seed9.pcf,dhfma,2,940819,148
random_n300_rho1.0_uncorr-neg_seed0.pcf,hfma,0,798052,147
random_n300_rho1.0_uncorr-neg_seed0.pcf,dhfma,0,715448,147
random_n300_rho1.0_uncorr-neg_seed0.pcf,hfma,1,717339,147
random_n300_rho1.0_uncorr-neg_seed0.pcf,dhfma,1,706793,147
random_n300_rho1.0_uncorr-neg_seed0.pcf,hfma,2,714775,147
random_n300_rho1.0_uncorr-neg_seed0.pcf,dhfma,2,715411,147
random_n300_rho1.0_uncorr-neg_seed1.pcf,hfma,0,1390660,159
random_n300_rho1.0_uncorr-neg_seed1.pcf,dhfma,0,1439891,159
random_n300_rho1.0_uncorr-neg_seed1.pcf,hfma,1,1296572,159
random_n300_rho1.0_uncorr-neg_seed1.pcf,dhfma,1,1193629,159
random_n300_rho1.0_uncorr-neg_seed1.pcf,hfma,2,934602,159
random_n300_rho1.0_uncorr-neg_seed1.pcf,dhfma,2,987342,159
random_n300_rho1.0_uncorr-neg_seed2.pcf,hfma,0,839282,159
random_n300_rho1.0_uncorr-neg_seed2.pcf,dhfma,0,828347,159
random_n300_rho1.0_uncorr-neg_seed2.pcf,hfma,1,800368,159
random_n300_rho1.0_uncorr-neg_seed2.pcf,dhfma,1,803399,159
random_n300_rho1.0_uncorr-neg_seed2.pcf,hfma,2,802392,159
random_n300_rho1.0_uncorr-neg_seed2.pcf,dhfma,2,636242,159
random_n300_rho1.0_uncorr-neg_seed3.pcf,hfma,0,958785,139
random_n300_rho1.0_uncorr-neg_seed3.pcf,dhfma,0,952508,139
random_n300_rho1.0_uncorr-neg_seed3.pcf,hfma,1,934540,139
random_n300_rho1.0_uncorr-neg_seed3.pcf,dhfma,1,924584,139
random_n300_rho1.0_uncorr-neg_seed3.pcf,hfma,2,913669,139
random_n300_rho1.0_uncorr-neg_seed3.pcf,dhfma,2,933385,139
random_n300_rho1.0_uncorr-neg_seed4.pcf,hfma,0,919299,154
random_n300_rho1.0_uncorr-neg_seed4.pcf,dhfma,0,786283,154
random_n300_rho1.0_uncorr-neg_seed4.pcf,hfma,1,863786,154
random_n300_rho1.0_uncorr-neg_seed4.pcf,dhfma,1,762429,154
random_n300_rho1.0_uncorr-neg_seed4.pcf,hfma,2,843694,154
random_n300_rho1.0_uncorr-neg_seed4.pcf,dhfma,2,785593,154
random_n300_rho1.0_uncorr-neg_seed5.pcf,hfma,0,1246378,146
random_n300_rho1.0_uncorr-neg_seed5.pcf,dhfma,0,977642,146
random_n300_rho1.0_uncorr-neg_seed5.pcf,hfma,1,1141556,146
random_n300_rho1.0_uncorr-neg_seed5.pcf,dhfma,1,941537,146
random_n300_rho1.0_uncorr-neg_seed5.pcf,hfma,2,1104058,146
random_n300_rho1.0_uncorr-neg_seed5.pcf,dhfma,2,692873,146
random_n300_rho1.0_uncorr-neg_seed6.pcf,hfma,0,803642,152
random_n300_rho1.0_uncorr-neg_seed6.pcf,dhfma,0,795310,152
random_n300_rho1.0_uncorr-neg_seed6.pcf,hfma,1,759644,152
random_n300_rho1.0_uncorr-neg_seed6.pcf,dhfma,1,783348,152
random_n300_rho1.0_uncorr-neg_seed6.pcf,hfma,2,738529,152
random_n300_rho1.0_uncorr-neg_seed6.pcf,dhfma,2,772628,152
random_n300_rho1.0_uncorr-neg_seed7.pcf,hfma,0,917952,155
random_n300_rho1.0_uncorr-neg_seed7.pcf,dhfma,0,828925,155
random_n300_rho1.0_uncorr-neg_seed7.pcf,hfma,1,853227,155
random_n300_rho1.0_uncorr-neg_seed7.pcf,dhfma,1,809378,155
random_n300_rho1.0_uncorr-neg_seed7.pcf,hfma,2,872552,155
random_n300_rho1.0_uncorr-neg_seed7.pcf,dhfma,2,708951,155
random_n300_rho1.0_uncorr-neg_seed8.pcf,hfma,0,666885,148
random_n300_rho1.0_uncorr-neg_seed8.pcf,dhfma,0,530195,148
random_n300_rho1.0_uncorr-neg_seed8.pcf,hfma,1,648556,148
random_n300_rho1.0_uncorr-neg_seed8.pcf,dhfma,1,510981,148
random_n300_rho1.0_uncorr-neg_seed8.pcf,hfma,2,612825,148
random_n300_rho1.0_uncorr-neg_seed8.pcf,dhfma,2,503220,148
random_n300_rho1.0_uncorr-neg_seed9.pcf,hfma,0,854545,151
random_n300_rho1.0_uncorr-neg_seed9.pcf,dhfma,0,556936,151
random_n300_rho1.0_uncorr-neg_seed9.pcf,hfma,1,547889,151
random_n300_rho1.0_uncorr-neg_seed9.pcf,dhfma,1,550796,151
random_n300_rho1.0_uncorr-neg_seed9.pcf,hfma,2,522018,151
random_n300_rho1.0_uncorr-neg_seed9.pcf,dhfma,2,531662,151
random_n300_rho1.0_uncorr_seed0.pcf,hfma,0,603205,155
random_n300_rho1.0_uncorr_seed0.pcf,dhfma,0,587830,155
random_n300_rho1.0_uncorr_seed0.pcf,hfma,1,555494,155
random_n300_rho1.0_uncorr_seed0.pcf,dhfma,1,565558,155
random_n300_rho1.0_uncorr_seed0.pcf,hfma,2,544904,155
random_n300_rho1.0_uncorr_seed0.pcf,dhfma,2,559410,155
random_n300_rho1.0_uncorr_seed1.pcf,hfma,0,849751,150
random_n300_rho1.0_uncorr_seed1.pcf,dhfma,0,1068061,150
random_n300_rho1.0_uncorr_seed1.pcf,hfma,1,786251,150
random_n300_rho1.0_uncorr_seed1.pcf,dhfma,1,1023222,150
random_n300_rho1.0_uncorr_seed1.pcf,hfma,2,701104,150
random_n300_rho1.0_uncorr_seed1.pcf,dhfma,2,687855,150
random_n300_rho1.0_uncorr_seed2.pcf,hfma,0,715871,156
random_n300_rho1.0_uncorr_seed2.pcf,dhfma,0,774750,156
random_n300_rho1.0_uncorr_seed2.pcf,hfma,1,666109,156
random_n300_rho1.0_uncorr_seed2.pcf,dhfma,1,760384,156
random_n300_rho1.0_uncorr_seed2.pcf,hfma,2,663943,156
random_n300_rho1.0_uncorr_seed2.pcf,dhfma,2,900905,156
random_n300_rho1.0_uncorr_seed3.pcf,hfma,0,571698,151
random_n300_rho1.0_uncorr_seed3.pcf,dhfma,0,578705,151
random_n300_rho1.0_uncorr_seed3.pcf,hfma,1,522164,151
random_n300_rho1.0_uncorr_seed3.pcf,dhfma,1,582167,151
random_n300_rho1.0_uncorr_seed3.pcf,hfma,2,554101,151
random_n300_rho1.0_uncorr_seed3.pcf,dhfma,2,539061,151
random_n300_rho1.0_uncorr_seed4.pcf,hfma,0,685046,156
random_n300_rho1.0_uncorr_seed4.pcf,dhfma,0,732091,156
random_n300_rho1.0_uncorr_seed4.pcf,hfma,1,636643,156
random_n300_rho1.0_uncorr_seed4.pcf,dhfma,1,705204,156
random_n300_rho1.0_uncorr_seed4.pcf,hfma,2,625068,156
random_n300_rho1.0_uncorr_seed4.pcf,dhfma,2,686264,156
random_n300_rho1.0_uncorr_seed5.pcf,hfma,0,1462770,146
random_n300_rho1.0_uncorr_seed5.pcf,dhfma,0,955562,146
random_n300_rho1.0_uncorr_seed5.pcf,hfma,1,904057,146
random_n300_rho1.0_uncorr_seed5.pcf,dhfma,1,935739,146
random_n300_rho1.0_uncorr_seed5.pcf,hfma,2,864009,146
random_n300_rho1.0_uncorr_seed5.pcf,dhfma,2,923505,146
random_n300_rho1.0_uncorr_seed6.pcf,hfma,0,1191892,143
random_n300_rho1.0_uncorr_seed6.pcf,dhfma,0,819193,143
random_n300_rho1.0_uncorr_seed6.pcf,hfma,1,767315,143
random_n300_rho1.0_uncorr_seed6.pcf,dhfma,1,800077,143
random_n300_rho1.0_uncorr_seed6.pcf,hfma,2,791473,143
random_n300_rho1.0_uncorr_seed6.pcf,dhfma,2,772526,143
random_n300_rho1.0_uncorr_seed7.pcf,hfma,0,594012,155
random_n300_rho1.0_uncorr_seed7.pcf,dhfma,0,562206,155
random_n300_rho1.0_uncorr_seed7.pcf,hfma,1,469717,155
random_n300_rho1.0_uncorr_seed7.pcf,dhfma,1,505254,155
random_n300_rho1.0_uncorr_seed7.pcf,hfma,2,447541,155
random_n300_rho1.0_uncorr_seed7.pcf,dhfma,2,493177,155
random_n300_rho1.0_uncorr_seed8.pcf,hfma,0,949899,153
random_n300_rho1.0_uncorr_seed8.pcf,dhfma,0,925025,153
random_n300_rho1.0_uncorr_seed8.pcf,hfma,1,880618,153
random_n300_rho1.0_uncorr_seed8.pcf,dhfma,1,897954,153
random_n300_rho1.0_uncorr_seed8.pcf,hfma,2,809955,153
random_n300_rho1.0_uncorr_seed8.pcf,dhfma,2,638306,153
random_n300_rho1.0_uncorr_seed9.pcf,hfma,0,1213404,136
random_n300_rho1.0_uncorr_seed9.pcf,dhfma,0,965613,136
random_n300_rho1.0_uncorr_seed9.pcf,hfma,1,1122064,136
random_n300_rho1.0_uncorr_seed9.pcf,dhfma,1,946606,136
random_n300_rho1.0_uncorr_seed9.pcf,hfma,2,1117406,136
random_n300_rho1.0_uncorr_seed9.pcf,dhfma,2,809838,136
random_n300_rho1.0_weakly-corr-neg_seed0.pcf,hfma,0,732906,156
random_n300_rho1.0_weakly-corr-neg_seed0.pcf,dhfma,0,623720,156
random_n300_rho1.0_weakly-corr-neg_seed0.pcf,hfma,1,519467,156
random_n300_rho1.0_weakly-corr-neg_seed0.pcf,dhfma,1,595254,156
random_n300_rho1.0_weakly-corr-neg_seed0.pcf,hfma,2,513921,156
random_n300_rho1.0_weakly-corr-neg_seed0.pcf,dhfma,2,586987,156
random_n300_rho1.0_weakly-corr-neg_seed1.pcf,hfma,0,1087952,157
random_n300_rho1.0_weakly-corr-neg_seed1.pcf,dhfma,0,904562,157
random_n300_rho1.0_weakly-corr-neg_seed1.pcf,hfma,1,1001871,157
random_n300_rho1.0_weakly-corr-neg_seed1.pcf,dhfma,1,868602,157
random_n300_rho1.0_weakly-corr-neg_seed1.pcf,hfma,2,992351,157
random_n300_rho1.0_weakly-corr-neg_seed1.pcf,dhfma,2,725435,157
random_n300_rho1.0_weakly-corr-neg_seed2.pcf,hfma,0,835388,151
random_n300_rho1.0_weakly-corr-neg_seed2.pcf,dhfma,0,737610,151
random_n300_rho1.0_weakly-corr-neg_seed2.pcf,hfma,1,739687,151
random_n300_rho1.0_weakly-corr-neg_seed2.pcf,dhfma,1,698119,151
random_n300_rho1.0_weakly-corr-neg_seed2.pcf,hfma,2,728760,151
random_n300_rho1.0_weakly-corr-neg_seed2.pcf,dhfma,2,699472,151
random_n300_rho1.0_weakly-corr-neg_seed3.pcf,hfma,0,742635,150
random_n300_rho1.0_weakly-corr-neg_seed3.pcf,dhfma,0,546537,150
random_n300_rho1.0_weakly-corr-neg_seed3.pcf,hfma,1,544079,150
random_n300_rho1.0_weakly-corr-neg_seed3.pcf,dhfma,1,520432,150
random_n300_rho1.0_weakly-corr-neg_seed3.pcf,hfma,2,531841,150
random_n300_rho1.0_weakly-corr-neg_seed3.pcf,dhfma,2,524935,150
random_n300_rho1.0_weakly-corr-neg_seed4.pcf,hfma,0,1066720,157
random_n300_rho1.0_weakly-corr-neg_seed4.pcf,dhfma,0,851560,157
random_n300_rho1.0_weakly-corr-neg_seed4.pcf,hfma,1,1002843,157
random_n300_rho1.0_weakly-corr-neg_seed4.pcf,dhfma,1,841261,157
random_n300_rho1.0_weakly-corr-neg_seed4.pcf,hfma,2,996638,157
random_n300_rho1.0_weakly-corr-neg_seed4.pcf,dhfma,2,828803,157
random_n300_rho1.0_weakly-corr-neg_seed5.pcf,hfma,0,999682,152
random_n300_rho1.0_weakly-corr-neg_seed5.pcf,dhfma,0,837849,152
random_n300_rho1.0_weakly-corr-neg_seed5.pcf,hfma,1,962307,152
random_n300_rho1.0_weakly-corr-neg_seed5.pcf,dhfma,1,577425,152
random_n300_rho1.0_weakly-corr-neg_seed5.pcf,hfma,2,656195,152
random_n300_rho1.0_weakly-corr-neg_seed5.pcf,dhfma,2,567715,152
random_n300_rho1.0_weakly-corr-neg_seed6.pcf,hfma,0,1067526,150
random_n300_rho1.0_weakly-corr-neg_seed6.pcf,dhfma,0,1087280,150
random_n300_rho1.0_weakly-corr-neg_seed6.pcf,hfma,1,878180,150
random_n300_rho1.0_weakly-corr-neg_seed6.pcf,dhfma,1,1046826,150
random_n300_rho1.0_weakly-corr-neg_seed6.pcf,hfma,2,830164,150
random_n300_rho1.0_weakly-corr-neg_seed6.pcf,dhfma,2,1076467,150
random_n300_rho1.0_weakly-corr-neg_seed7.pcf,hfma,0,641131,147
random_n300_rho1.0_weakly-corr-neg_seed7.pcf,dhfma,0,686316,147
random_n300_rho1.0_weakly-corr-neg_seed7.pcf,hfma,1,579435,147
random_n300_rho1.0_weakly-corr-neg_seed7.pcf,dhfma,1,672607,147
random_n300_rho1.0_weakly-corr-neg_seed7.pcf,hfma,2,583594,147
random_n300_rho1.0_weakly-corr-neg_seed7.pcf,dhfma,2,646727,147
random_n300_rho1.0_weakly-corr-neg_seed8.pcf,hfma,0,1249493,154
random_n300_rho1.0_weakly-corr-neg_seed8.pcf,dhfma,0,1054682,154
random_n300_rho1.0_weakly-corr-neg_seed8.pcf,hfma,1,855909,154
random_n300_rho1.0_weakly-corr-neg_seed8.pcf,dhfma,1,781023,154
random_n300_rho1.0_weakly-corr-neg_seed8.pcf,hfma,2,830406,154
random_n300_rho1.0_weakly-corr-neg_seed8.pcf,dhfma,2,762280,154
random_n300_rho1.0_weakly-corr-neg_seed9.pcf,hfma,0,1020155,146
random_n300_rho1.0_weakly-corr-neg_seed9.pcf,dhfma,0,998717,146
random_n300_rho1.0_weakly-corr-neg_seed9.pcf,hfma,1,954617,146
random_n300_rho1.0_weakly-corr-neg_seed9.pcf,dhfma,1,950067,146
random_n300_rho1.0_weakly-corr-neg_seed9.pcf,hfma,2,952104,146
random_n300_rho1.0_weakly-corr-neg_seed9.pcf,dhfma,2,822663,146
random_n300_rho1.0_weakly-corr_seed0.pcf,hfma,0,1001485,145
random_n300_rho1.0_weakly-corr_seed0.pcf,dhfma,0,1007413,145
random_n300_rho1.0_weakly-corr_seed0.pcf,hfma,1,941075,145
random_n300_rho1.0_weakly-corr_seed0.pcf,dhfma,1,990566,145
random_n300_rho1.0_weakly-corr_seed0.pcf,hfma,2,931919,145
random_n300_rho1.0_weakly-corr_seed0.pcf,dhfma,2,968342,145
random_n300_rho1.0_weakly-corr_seed1.pcf,hfma,0,936819,158
random_n300_rho1.0_weakly-corr_seed1.pcf,dhfma,0,591419,158
random_n300_rho1.0_weakly-corr_seed1.pcf,hfma,1,632397,158
random_n300_rho1.0_weakly-corr_seed1.pcf,dhfma,1,564051,158
random_n300_rho1.0_weakly-corr_seed1.pcf,hfma,2,630923,158
random_n300_rho1.0_weakly-corr_seed1.pcf,dhfma,2,586427,158
random_n300_rho1.0_weakly-corr_seed2.pcf,hfma,0,1007021,141
random_n300_rho1.0_weakly-corr_seed2.pcf,dhfma,0,1063364,141
random_n300_rho1.0_weakly-corr_seed2.pcf,hfma,1,889381,141
random_n300_rho1.0_weakly-corr_seed2.pcf,dhfma,1,693510,141
random_n300_rho1.0_weakly-corr_seed2.pcf,hfma,2,620136,141
random_n300_rho1.0_weakly-corr_seed2.pcf,dhfma,2,649298,141
random_n300_rho1.0_weakly-corr_seed3.pcf,hfma,0,615612,138
random_n300_rho1.0_weakly-corr_seed3.pcf,dhfma,0,610350,138
random_n300_rho1.0_weakly-corr_seed3.pcf,hfma,1,586206,138
random_n300_rho1.0_weakly-corr_seed3.pcf,dhfma,1,583260,138
random_n300_rho1.0_weakly-corr_seed3.pcf,hfma,2,571430,138
random_n300_rho1.0_weakly-corr_seed3.pcf,dhfma,2,579000,138
random_n300_rho1.0_weakly-corr_seed4.pcf,hfma,0,1260199,144
random_n300_rho1.0_weakly-corr_seed4.pcf,dhfma,0,1211898,144
random_n300_rho1.0_weakly-corr_seed4.pcf,hfma,1,1175597,144
random_n300_rho1.0_weakly-corr_seed4.pcf,dhfma,1,785442,144
random_n300_rho1.0_weakly-corr_seed4.pcf,hfma,2,815573,144
random_n300_rho1.0_weakly-corr_seed4.pcf,dhfma,2,766669,144
random_n300_rho1.0_weakly-corr_seed5.pcf,hfma,0,768193,155
random_n300_rho1.0_weakly-corr_seed5.pcf,dhfma,0,864060,155
random_n300_rho1.0_weakly-corr_seed5.pcf,hfma,1,670726,155
random_n300_rho1.0_weakly-corr_seed5.pcf,dhfma,1,559383,155
random_n300_rho1.0_weakly-corr_seed5.pcf,hfma,2,499989,155
random_n300_rho1.0_weakly-corr_seed5.pcf,dhfma,2,554149,155
random_n300_rho1.0_weakly-corr_seed6.pcf,hfma,0,1123831,152
random_n300_rho1.0_weakly-corr_seed6.pcf,dhfma,0,955830,152
random_n300_rho1.0_weakly-corr_seed6.pcf,hfma,1,754306,152
random_n300_rho1.0_weakly-corr_seed6.pcf,dhfma,1,773325,152
random_n300_rho1.0_weakly-corr_seed6.pcf,hfma,2,741988,152
random_n300_rho1.0_weakly-corr_seed6.pcf,dhfma,2,672068,152
random_n300_rho1.0_weakly-corr_seed7.pcf,hfma,0,889565,158
random_n300_rho1.0_weakly-corr_seed7.pcf,dhfma,0,930203,158
random_n300_rho1.0_weakly-corr_seed7.pcf,hfma,1,832922,158
random_n300_rho1.0_weakly-corr_seed7.pcf,dhfma,1,893136,158
random_n300_rho1.0_weakly-corr_seed7.pcf,hfma,2,807817,158
random_n300_rho1.0_weakly-corr_seed7.pcf,dhfma,2,884862,158
random_n300_rho1.0_weakly-corr_seed8.pcf,hfma,0,1133652,165
random_n300_rho1.0_weakly-corr_seed8.pcf,dhfma,0,970333,165
random_n300_rho1.0_weakly-corr_seed8.pcf,hfma,1,1055166,165
random_n300_rho1.0_weakly-corr_seed8.pcf,dhfma,1,717483,165
random_n300_rho1.0_weakly-corr_seed8.pcf,hfma,2,714553,165
random_n300_rho1.0_weakly-corr_seed8.pcf,dhfma,2,637982,165
random_n300_rho1.0_weakly-corr_seed9.pcf,hfma,0,830742,140
random_n300_rho1.0_weakly-corr_seed9.pcf,dhfma,0,798759,140
random_n300_rho1.0_weakly-corr_seed9.pcf,hfma,1,771274,140
random_n300_rho1.0_weakly-corr_seed9.pcf,dhfma,1,774390,140
random_n300_rho1.0_weakly-corr_seed9.pcf,hfma,2,778741,140
random_n300_rho1.0_weakly-corr_seed9.pcf,dhfma,2,792158,140
random_n400_rho0.3_strongly-corr-neg_seed0.pcf,hfma,0,215092,321
random_n400_rho0.3_strongly-corr-neg_seed0.pcf,dhfma,0,257826,321
random_n400_rho0.3_strongly-corr-neg_seed0.pcf,hfma,1,173971,321
random_n400_rho0.3_strongly-corr-neg_seed0.pcf,dhfma,1,213656,321
random_n400_rho0.3_strongly-corr-neg_seed0.pcf,hfma,2,169422,321
random_n400_rho0.3_strongly-corr-neg_seed0.pcf,dhfma,2,207080,321
random_n400_rho0.3_strongly-corr-neg_seed1.pcf,hfma,0,222311,311
random_n400_rho0.3_strongly-corr-neg_seed1.pcf,dhfma,0,246068,311
random_n400_rho0.3_strongly-corr-neg_seed1.pcf,hfma,1,183555,311
random_n400_rho0.3_strongly-corr-neg_seed1.pcf,dhfma,1,216725,311
random_n400_rho0.3_strongly-corr-neg_seed1.pcf,hfma,2,180695,311
random_n400_rho0.3_strongly-corr-neg_seed1.pcf,dhfma,2,213869,311
random_n400_rho0.3_strongly-corr-neg_seed2.pcf,hfma,0,237380,309
random_n400_rho0.3_strongly-corr-neg_seed2.pcf,dhfma,0,264429,309
random_n400_rho0.3_strongly-corr-neg_seed2.pcf,hfma,1,197367,309
random_n400_rho0.3_strongly-corr-neg_seed2.pcf,dhfma,1,239592,309
random_n400_rho0.3_strongly-corr-neg_seed2.pcf,hfma,2,191698,309
random_n400_rho0.3_strongly-corr-neg_seed2.pcf,dhfma,2,230762,309
random_n400_rho0.3_strongly-corr-neg_seed3.pcf,hfma,0,142966,307
random_n400_rho0.3_strongly-corr-neg_seed3.pcf,dhfma,0,158103,307
random_n400_rho0.3_strongly-corr-neg_seed3.pcf,hfma,1,122466,307
random_n400_rho0.3_strongly-corr-neg_seed3.pcf,dhfma,1,144725,307
random_n400_rho0.3_strongly-corr-neg_seed3.pcf,hfma,2,109663,307
random_n400_rho0.3_strongly-corr-neg_seed3.pcf,dhfma,2,138825,307
random_n400_rho0.3_strongly-corr-neg_seed4.pcf,hfma,0,233464,309
random_n400_rho0.3_strongly-corr-neg_seed4.pcf,dhfma,0,258587,309
random_n400_rho0.3_strongly-corr-neg_seed4.pcf,hfma,1,186547,309
random_n400_rho0.3_strongly-corr-neg_seed4.pcf,dhfma,1,228438,309
random_n400_rho0.3_strongly-corr-neg_seed4.pcf,hfma,2,181777,309
random_n400_rho0.3_strongly-corr-neg_seed4.pcf,dhfma,2,226569,309
random_n400_rho0.3_strongly-corr-neg_seed5.pcf,hfma,0,217694,318
random_n400_rho0.3_strongly-corr-neg_seed5.pcf,dhfma,0,241269,318
random_n400_rho0.3_strongly-corr-neg_seed5.pcf,hfma,1,209891,318
random_n400_rho0.3_strongly-corr-neg_seed5.pcf,dhfma,1,152642,318
random_n400_rho0.3_strongly-corr-neg_seed5.pcf,hfma,2,119788,318
random_n400_rho0.3_strongly-corr-neg_seed5.pcf,dhfma,2,132075,318
random_n400_rho0.3_strongly-corr-neg_seed6.pcf,hfma,0,239998,318
random_n400_rho0.3_strongly-corr-neg_seed6.pcf,dhfma,0,260262,318
random_n400_rho0.3_strongly-corr-neg_seed6.pcf,hfma,1,202563,318
random_n400_rho0.3_strongly-corr-neg_seed6.pcf,dhfma,1,231266,318
random_n400_rho0.3_strongly-corr-neg_seed6.pcf,hfma,2,197118,318
random_n400_rho0.3_strongly-corr-neg_seed6.pcf,dhfma,2,228055,318
random_n400_rho0.3_strongly-corr-neg_seed7.pcf,hfma,0,257404,311
random_n400_rho0.3_strongly-corr-neg_seed7.pcf,dhfma,0,292932,311
random_n400_rho0.3_strongly-corr-neg_seed7.pcf,hfma,1,215397,311
random_n400_rho0.3_strongly-corr-neg_seed7.pcf,dhfma,1,259254,311
random_n400_rho0.3_strongly-corr-neg_seed7.pcf,hfma,2,212366,311
random_n400_rho0.3_strongly-corr-neg_seed7.pcf,dhfma,2,256824,311
random_n400_rho0.3_strongly-corr-neg_seed8.pcf,hfma,0,238061,312
random_n400_rho0.3_strongly-corr-neg_seed8.pcf,dhfma,0,256389,312
random_n400_rho0.3_strongly-corr-neg_seed8.pcf,hfma,1,196902,312
random_n400_rho0.3_strongly-corr-neg_seed8.pcf,dhfma,1,226513,312
random_n400_rho0.3_strongly-corr-neg_seed8.pcf,hfma,2,194624,312
random_n400_rho0.3_strongly-corr-neg_seed8.pcf,dhfma,2,219796,312
random_n400_rho0.3_strongly-corr-neg_seed9.pcf,hfma,0,238601,318
random_n400_rho0.3_strongly-corr-neg_seed9.pcf,dhfma,0,266312,318
random_n400_rho0.3_strongly-corr-neg_seed9.pcf,hfma,1,197683,318
random_n400_rho0.3_strongly-corr-neg_seed9.pcf,dhfma,1,246613,318
random_n400_rho0.3_strongly-corr-neg_seed9.pcf,hfma,2,193604,318
random_n400_rho0.3_strongly-corr-neg_seed9.pcf,dhfma,2,234295,318
random_n400_rho0.3_strongly-corr_seed0.pcf,hfma,0,283362,286
random_n400_rho0.3_strongly-corr_seed0.pcf,dhfma,0,160785,286
random_n400_rho0.3_strongly-corr_seed0.pcf,hfma,1,126800,286
random_n400_rho0.3_strongly-corr_seed0.pcf,dhfma,1,136463,286
random_n400_rho0.3_strongly-corr_seed0.pcf,hfma,2,120224,286
random_n400_rho0.3_strongly-corr_seed0.pcf,dhfma,2,134966,286
random_n400_rho0.3_strongly-corr_seed1.pcf,hfma,0,164333,286
random_n400_rho0.3_strongly-corr_seed1.pcf,dhfma,0,179839,286
random_n400_rho0.3_strongly-corr_seed1.pcf,hfma,1,131292,286
random_n400_rho0.3_strongly-corr_seed1.pcf,dhfma,1,152100,286
random_n400_rho0.3_strongly-corr_seed1.pcf,hfma,2,125182,286
random_n400_rho0.3_strongly-corr_seed1.pcf,dhfma,2,149691,286
random_n400_rho0.3_strongly-corr_seed2.pcf,hfma,0,240750,309
random_n400_rho0.3_strongly-corr_seed2.pcf,dhfma,0,261038,309
random_n400_rho0.3_strongly-corr_seed2.pcf,hfma,1,200001,309
random_n400_rho0.3_strongly-corr_seed2.pcf,dhfma,1,234377,309
random_n400_rho0.3_strongly-corr_seed2.pcf,hfma,2,189083,309
random_n400_rho0.3_strongly-corr_seed2.pcf,dhfma,2,228035,309
random_n400_rho0.3_strongly-corr_seed3.pcf,hfma,0,144763,304
random_n400_rho0.3_strongly-corr_seed3.pcf,dhfma,0,160856,304
random_n400_rho0.3_strongly-corr_seed3.pcf,hfma,1,110676,304
random_n400_rho0.3_strongly-corr_seed3.pcf,dhfma,1,133638,304
random_n400_rho0.3_strongly-corr_seed3.pcf,hfma,2,107505,304
random_n400_rho0.3_strongly-corr_seed3.pcf,dhfma,2,138506,304
random_n400_rho0.3_strongly-corr_seed4.pcf,hfma,0,225397,295
random_n400_rho0.3_strongly-corr_seed4.pcf,dhfma,0,256349,295
random_n400_rho0.3_strongly-corr_seed4.pcf,hfma,1,191191,295
random_n400_rho0.3_strongly-corr_seed4.pcf,dhfma,1,236984,295
random_n400_rho0.3_strongly-corr_seed4.pcf,hfma,2,134990,295
random_n400_rho0.3_strongly-corr_seed4.pcf,dhfma,2,136217,295
random_n400_rho0.3_strongly-corr_seed5.pcf,hfma,0,224126,297
random_n400_rho0.3_strongly-corr_seed5.pcf,dhfma,0,255121,297
random_n400_rho0.3_strongly-corr_seed5.pcf,hfma,1,183051,297
random_n400_rho0.3_strongly-corr_seed5.pcf,dhfma,1,218221,297
random_n400_rho0.3_strongly-corr_seed5.pcf,hfma,2,185048,297
random_n400_rho0.3_strongly-corr_seed5.pcf,dhfma,2,249769,297
random_n400_rho0.3_strongly-corr_seed6.pcf,hfma,0,239717,304
random_n400_rho0.3_strongly-corr_seed6.pcf,dhfma,0,265721,304
random_n400_rho0.3_strongly-corr_seed6.pcf,hfma,1,205871,304
random_n400_rho0.3_strongly-corr_seed6.pcf,dhfma,1,242064,304
random_n400_rho0.3_strongly-corr_seed6.pcf,hfma,2,192777,304
random_n400_rho0.3_strongly-corr_seed6.pcf,dhfma,2,235094,304
random_n400_rho0.3_strongly-corr_seed7.pcf,hfma,0,204578,295
random_n400_rho0.3_strongly-corr_seed7.pcf,dhfma,0,232593,295
random_n400_rho0.3_strongly-corr_seed7.pcf,hfma,1,177420,295
random_n400_rho0.3_strongly-corr_seed7.pcf,dhfma,1,216247,295
random_n400_rho0.3_strongly-corr_seed7.pcf,hfma,2,175800,295
random_n400_rho0.3_strongly-corr_seed7.pcf,dhfma,2,207261,295
random_n400_rho0.3_strongly-corr_seed8.pcf,hfma,0,234553,295
random_n400_rho0.3_strongly-corr_seed8.pcf,dhfma,0,244278,295
random_n400_rho0.3_strongly-corr_seed8.pcf,hfma,1,134188,295
random_n400_rho0.3_strongly-corr_seed8.pcf,dhfma,1,146526,295
random_n400_rho0.3_strongly-corr_seed8.pcf,hfma,2,119998,295
random_n400_rho0.3_strongly-corr_seed8.pcf,dhfma,2,136264,295
random_n400_rho0.3_strongly-corr_seed9.pcf,hfma,0,157302,287
random_n400_rho0.3_strongly-corr_seed9.pcf,dhfma,0,163866,287
random_n400_rho0.3_strongly-corr_seed9.pcf,hfma,1,121686,287
random_n400_rho0.3_strongly-corr_seed9.pcf,dhfma,1,143025,287
random_n400_rho0.3_strongly-corr_seed9.pcf,hfma,2,117587,287
random_n400_rho0.3_strongly-corr_seed9.pcf,dhfma,2,141312,287
random_n400_rho0.3_uncorr-neg_seed0.pcf,hfma,0,242913,339
random_n400_rho0.3_uncorr-neg_seed0.pcf,dhfma,0,283286,339
random_n400_rho0.3_uncorr-neg_seed0.pcf,hfma,1,207028,339
random_n400_rho0.3_uncorr-neg_seed0.pcf,dhfma,1,259492,339
random_n400_rho0.3_uncorr-neg_seed0.pcf,hfma,2,203897,339
random_n400_rho0.3_uncorr-neg_seed0.pcf,dhfma,2,247021,339
random_n400_rho0.3_uncorr-neg_seed1.pcf,hfma,0,158565,338
random_n400_rho0.3_uncorr-neg_seed1.pcf,dhfma,0,166523,338
random_n400_rho0.3_uncorr-neg_seed1.pcf,hfma,1,129423,338
random_n400_rho0.3_uncorr-neg_seed1.pcf,dhfma,1,145088,338
random_n400_rho0.3_uncorr-neg_seed1.pcf,hfma,2,123444,338
random_n400_rho0.3_uncorr-neg_seed1.pcf,dhfma,2,142016,338
random_n400_rho0.3_uncorr-neg_seed2.pcf,hfma,0,248522,330
random_n400_rho0.3_uncorr-neg_seed2.pcf,dhfma,0,273972,330
random_n400_rho0.3_uncorr-neg_seed2.pcf,hfma,1,205617,330
random_n400_rho0.3_uncorr-neg_seed2.pcf,dhfma,1,215852,330
random_n400_rho0.3_uncorr-neg_seed2.pcf,hfma,2,145287,330
random_n400_rho0.3_uncorr-neg_seed2.pcf,dhfma,2,155029,330
random_n400_rho0.3_uncorr-neg_seed3.pcf,hfma,0,233784,344
random_n400_rho0.3_uncorr-neg_seed3.pcf,dhfma,0,270334,344
random_n400_rho0.3_uncorr-neg_seed3.pcf,hfma,1,189407,344
random_n400_rho0.3_uncorr-neg_seed3.pcf,dhfma,1,242029,344
random_n400_rho0.3_uncorr-neg_seed3.pcf,hfma,2,185879,344
random_n400_rho0.3_uncorr-neg_seed3.pcf,dhfma,2,243745,344
random_n400_rho0.3_uncorr-neg_seed4.pcf,hfma,0,169732,333
random_n400_rho0.3_uncorr-neg_seed4.pcf,dhfma,0,185661,333
random_n400_rho0.3_uncorr-neg_seed4.pcf,hfma,1,138927,333
random_n400_rho0.3_uncorr-neg_seed4.pcf,dhfma,1,172934,333
random_n400_rho0.3_uncorr-neg_seed4.pcf,hfma,2,134803,333
random_n400_rho0.3_uncorr-neg_seed4.pcf,dhfma,2,158482,333
random_n400_rho0.3_uncorr-neg_seed5.pcf,hfma,0,280910,331
random_n400_rho0.3_uncorr-neg_seed5.pcf,dhfma,0,289345,331
random_n400_rho0.3_uncorr-neg_seed5.pcf,hfma,1,208929,331
random_n400_rho0.3_uncorr-neg_seed5.pcf,dhfma,1,262052,331
random_n400_rho0.3_uncorr-neg_seed5.pcf,hfma,2,212058,331
random_n400_rho0.3_uncorr-neg_seed5.pcf,dhfma,2,248811,331
random_n400_rho0.3_uncorr-neg_seed6.pcf,hfma,0,264465,335
random_n400_rho0.3_uncorr-neg_seed6.pcf,dhfma,0,284339,335
random_n400_rho0.3_uncorr-neg_seed6.pcf,hfma,1,210689,335
random_n400_rho0.3_uncorr-neg_seed6.pcf,dhfma,1,257571,335
random_n400_rho0.3_uncorr-neg_seed6.pcf,hfma,2,215431,335
random_n400_rho0.3_uncorr-neg_seed6.pcf,dhfma,2,256341,335
random_n400_rho0.3_uncorr-neg_seed7.pcf,hfma,0,207633,343
random_n400_rho0.3_uncorr-neg_seed7.pcf,dhfma,0,182399,343
random_n400_rho0.3_uncorr-neg_seed7.pcf,hfma,1,184658,343
random_n400_rho0.3_uncorr-neg_seed7.pcf,dhfma,1,212951,343
random_n400_rho0.3_uncorr-neg_seed7.pcf,hfma,2,122873,343
random_n400_rho0.3_uncorr-neg_seed7.pcf,dhfma,2,153700,343
random_n400_rho0.3_uncorr-neg_seed8.pcf,hfma,0,232027,337
random_n400_rho0.3_uncorr-neg_seed8.pcf,dhfma,0,267456,337
random_n400_rho0.3_uncorr-neg_seed8.pcf,hfma,1,194102,337
random_n400_rho0.3_uncorr-neg_seed8.pcf,dhfma,1,241879,337
random_n400_rho0.3_uncorr-neg_seed8.pcf,hfma,2,189082,337
random_n400_rho0.3_uncorr-neg_seed8.pcf,dhfma,2,231783,337
random_n400_rho0.3_uncorr-neg_seed9.pcf,hfma,0,261528,353
random_n400_rho0.3_uncorr-neg_seed9.pcf,dhfma,0,171394,353
random_n400_rho0.3_uncorr-neg_seed9.pcf,hfma,1,122578,353
random_n400_rho0.3_uncorr-neg_seed9.pcf,dhfma,1,147998,353
random_n400_rho0.3_uncorr-neg_seed9.pcf,hfma,2,115754,353
random_n400_rho0.3_uncorr-neg_seed9.pcf,dhfma,2,143381,353
random_n400_rho0.3_uncorr_seed0.pcf,hfma,0,163361,332
random_n400_rho0.3_uncorr_seed0.pcf,dhfma,0,176448,332
random_n400_rho0.3_uncorr_seed0.pcf,hfma,1,136081,332
random_n400_rho0.3_uncorr_seed0.pcf,dhfma,1,151527,332
random_n400_rho0.3_uncorr_seed0.pcf,hfma,2,131303,332
random_n400_rho0.3_uncorr_seed0.pcf,dhfma,2,147632,332
random_n400_rho0.3_uncorr_seed1.pcf,hfma,0,221494,344
random_n400_rho0.3_uncorr_seed1.pcf,dhfma,0,254259,344
random_n400_rho0.3_uncorr_seed1.pcf,hfma,1,185018,344
random_n400_rho0.3_uncorr_seed1.pcf,dhfma,1,232469,344
random_n400_rho0.3_uncorr_seed1.pcf,hfma,2,178456,344
random_n400_rho0.3_uncorr_seed1.pcf,dhfma,2,227327,344
random_n400_rho0.3_uncorr_seed2.pcf,hfma,0,278476,342
random_n400_rho0.3_uncorr_seed2.pcf,dhfma,0,306838,342
random_n400_rho0.3_uncorr_seed2.pcf,hfma,1,240546,342
random_n400_rho0.3_uncorr_seed2.pcf,dhfma,1,290317,342
random_n400_rho0.3_uncorr_seed2.pcf,hfma,2,242810,342
random_n400_rho0.3_uncorr_seed2.pcf,dhfma,2,293807,342
random_n400_rho0.3_uncorr_seed3.pcf,hfma,0,253714,343
random_n400_rho0.3_uncorr_seed3.pcf,dhfma,0,289821,343
random_n400_rho0.3_uncorr_seed3.pcf,hfma,1,209943,343
random_n400_rho0.3_uncorr_seed3.pcf,dhfma,1,255780,343
random_n400_rho0.3_uncorr_seed3.pcf,hfma,2,198125,343
random_n400_rho0.3_uncorr_seed3.pcf,dhfma,2,252013,343
random_n400_rho0.3_uncorr_seed4.pcf,hfma,0,241542,335
random_n400_rho0.3_uncorr_seed4.pcf,dhfma,0,312589,335
random_n400_rho0.3_uncorr_seed4.pcf,hfma,1,145966,335
random_n400_rho0.3_uncorr_seed4.pcf,dhfma,1,176676,335
random_n400_rho0.3_uncorr_seed4.pcf,hfma,2,132208,335
random_n400_rho0.3_uncorr_seed4.pcf,dhfma,2,160142,335
random_n400_rho0.3_uncorr_seed5.pcf,hfma,0,246558,333
random_n400_rho0.3_uncorr_seed5.pcf,dhfma,0,258342,333
random_n400_rho0.3_uncorr_seed5.pcf,hfma,1,193938,333
random_n400_rho0.3_uncorr_seed5.pcf,dhfma,1,236077,333
random_n400_rho0.3_uncorr_seed5.pcf,hfma,2,194762,333
random_n400_rho0.3_uncorr_seed5.pcf,dhfma,2,231749,333
random_n400_rho0.3_uncorr_seed6.pcf,hfma,0,221544,350
random_n400_rho0.3_uncorr_seed6.pcf,dhfma,0,251781,350
random_n400_rho0.3_uncorr_seed6.pcf,hfma,1,188336,350
random_n400_rho0.3_uncorr_seed6.pcf,dhfma,1,226345,350
random_n400_rho0.3_uncorr_seed6.pcf,hfma,2,182265,350
random_n400_rho0.3_uncorr_seed6.pcf,dhfma,2,239296,350
random_n400_rho0.3_uncorr_seed7.pcf,hfma,0,253512,339
random_n400_rho0.3_uncorr_seed7.pcf,dhfma,0,271203,339
random_n400_rho0.3_uncorr_seed7.pcf,hfma,1,252804,339
random_n400_rho0.3_uncorr_seed7.pcf,dhfma,1,168533,339
random_n400_rho0.3_uncorr_seed7.pcf,hfma,2,139602,339
random_n400_rho0.3_uncorr_seed7.pcf,dhfma,2,153548,339
random_n400_rho0.3_uncorr_seed8.pcf,hfma,0,241724,345
random_n400_rho0.3_uncorr_seed8.pcf,dhfma,0,269749,345
random_n400_rho0.3_uncorr_seed8.pcf,hfma,1,196122,345
random_n400_rho0.3_uncorr_seed8.pcf,dhfma,1,242307,345
random_n400_rho0.3_uncorr_seed8.pcf,hfma,2,193050,345
random_n400_rho0.3_uncorr_seed8.pcf,dhfma,2,242936,345
random_n400_rho0.3_uncorr_seed9.pcf,hfma,0,252906,330
random_n400_rho0.3_uncorr_seed9.pcf,dhfma,0,295034,330
random_n400_rho0.3_uncorr_seed9.pcf,hfma,1,215378,330
random_n400_rho0.3_uncorr_seed9.pcf,dhfma,1,261856,330
random_n400_rho0.3_uncorr_seed9.pcf,hfma,2,213065,330
random_n400_rho0.3_uncorr_seed9.pcf,dhfma,2,262456,330
random_n400_rho0.3_weakly-corr-neg_seed0.pcf,hfma,0,236791,346
random_n400_rho0.3_weakly-corr-neg_seed0.pcf,dhfma,0,265353,346
random_n400_rho0.3_weakly-corr-neg_seed0.pcf,hfma,1,194547,346
random_n400_rho0.3_weakly-corr-neg_seed0.pcf,dhfma,1,237069,346
random_n400_rho0.3_weakly-corr-neg_seed0.pcf,hfma,2,191812,346
random_n400_rho0.3_weakly-corr-neg_seed0.pcf,dhfma,2,231905,346
random_n400_rho0.3_weakly-corr-neg_seed1.pcf,hfma,0,221572,337
random_n400_rho0.3_weakly-corr-neg_seed1.pcf,dhfma,0,245669,337
random_n400_rho0.3_weakly-corr-neg_seed1.pcf,hfma,1,182667,337
random_n400_rho0.3_weakly-corr-neg_seed1.pcf,dhfma,1,226045,337
random_n400_rho0.3_weakly-corr-neg_seed1.pcf,hfma,2,179955,337
random_n400_rho0.3_weakly-corr-neg_seed1.pcf,dhfma,2,219014,337
random_n400_rho0.3_weakly-corr-neg_seed2.pcf,hfma,0,247584,337
random_n400_rho0.3_weakly-corr-neg_seed2.pcf,dhfma,0,263216,337
random_n400_rho0.3_weakly-corr-neg_seed2.pcf,hfma,1,208288,337
random_n400_rho0.3_weakly-corr-neg_seed2.pcf,dhfma,1,240938,337
random_n400_rho0.3_weakly-corr-neg_seed2.pcf,hfma,2,207607,337
random_n400_rho0.3_weakly-corr-neg_seed2.pcf,dhfma,2,236817,337
random_n400_rho0.3_weakly-corr-neg_seed3.pcf,hfma,0,224733,335
random_n400_rho0.3_weakly-corr-neg_seed3.pcf,dhfma,0,257604,335
random_n400_rho0.3_weakly-corr-neg_seed3.pcf,hfma,1,185942,335
random_n400_rho0.3_weakly-corr-neg_seed3.pcf,dhfma,1,229350,335
random_n400_rho0.3_weakly-corr-neg_seed3.pcf,hfma,2,184488,335
random_n400_rho0.3_weakly-corr-neg_seed3.pcf,dhfma,2,227515,335
random_n400_rho0.3_weakly-corr-neg_seed4.pcf,hfma,0,161966,339
random_n400_rho0.3_weakly-corr-neg_seed4.pcf,dhfma,0,175432,339
random_n400_rho0.3_weakly-corr-neg_seed4.pcf,hfma,1,130146,339
random_n400_rho0.3_weakly-corr-neg_seed4.pcf,dhfma,1,154808,339
random_n400_rho0.3_weakly-corr-neg_seed4.pcf,hfma,2,131104,339
random_n400_rho0.3_weakly-corr-neg_seed4.pcf,dhfma,2,151078,339
random_n400_rho0.3_weakly-corr-neg_seed5.pcf,hfma,0,159081,343
random_n400_rho0.3_weakly-corr-neg_seed5.pcf,dhfma,0,177596,343
random_n400_rho0.3_weakly-corr-neg_seed5.pcf,hfma,1,132175,343
random_n400_rho0.3_weakly-corr-neg_seed5.pcf,dhfma,1,160825,343
random_n400_rho0.3_weakly-corr-neg_seed5.pcf,hfma,2,124521,343
random_n400_rho0.3_weakly-corr-neg_seed5.pcf,dhfma,2,150986,343
random_n400_rho0.3_weakly-corr-neg_seed6.pcf,hfma,0,239702,342
random_n400_rho0.3_weakly-corr-neg_seed6.pcf,dhfma,0,262484,342
random_n400_rho0.3_weakly-corr-neg_seed6.pcf,hfma,1,193517,342
random_n400_rho0.3_weakly-corr-neg_seed6.pcf,dhfma,1,239102,342
random_n400_rho0.3_weakly-corr-neg_seed6.pcf,hfma,2,188676,342
random_n400_rho0.3_weakly-corr-neg_seed6.pcf,dhfma,2,233124,342
random_n400_rho0.3_weakly-corr-neg_seed7.pcf,hfma,0,140497,337
random_n400_rho0.3_weakly-corr-neg_seed7.pcf,dhfma,0,156503,337
random_n400_rho0.3_weakly-corr-neg_seed7.pcf,hfma,1,113310,337
random_n400_rho0.3_weakly-corr-neg_seed7.pcf,dhfma,1,134949,337
random_n400_rho0.3_weakly-corr-neg_seed7.pcf,hfma,2,107558,337
random_n400_rho0.3_weakly-corr-neg_seed7.pcf,dhfma,2,136167,337
random_n400_rho0.3_weakly-corr-neg_seed8.pcf,hfma,0,132692,344
random_n400_rho0.3_weakly-corr-neg_seed8.pcf,dhfma,0,154197,344
random_n400_rho0.3_weakly-corr-neg_seed8.pcf,hfma,1,110197,344
random_n400_rho0.3_weakly-corr-neg_seed8.pcf,dhfma,1,131935,344
random_n400_rho0.3_weakly-corr-neg_seed8.pcf,hfma,2,107201,344
random_n400_rho0.3_weakly-corr-neg_seed8.pcf,dhfma,2,136664,344
random_n400_rho0.3_weakly-corr-neg_seed9.pcf,hfma,0,221265,338
random_n400_rho0.3_weakly-corr-neg_seed9.pcf,dhfma,0,260739,338
random_n400_rho0.3_weakly-corr-neg_seed9.pcf,hfma,1,181134,338
random_n400_rho0.3_weakly-corr-neg_seed9.pcf,dhfma,1,230389,338
random_n400_rho0.3_weakly-corr-neg_seed9.pcf,hfma,2,179209,338
random_n400_rho0.3_weakly-corr-neg_seed9.pcf,dhfma,2,221307,338
random_n400_rho0.3_weakly-corr_seed0.pcf,hfma,0,233760,338
random_n400_rho0.3_weakly-corr_seed0.pcf,dhfma,0,160441,338
random_n400_rho0.3_weakly-corr_seed0.pcf,hfma,1,116601,338
random_n400_rho0.3_weakly-corr_seed0.pcf,dhfma,1,136457,338
random_n400_rho0.3_weakly-corr_seed0.pcf,hfma,2,110226,338
random_n400_rho0.3_weakly-corr_seed0.pcf,dhfma,2,130731,338
random_n400_rho0.3_weakly-corr_seed1.pcf,hfma,0,243560,339
random_n400_rho0.3_weakly-corr_seed1.pcf,dhfma,0,273847,339
random_n400_rho0.3_weakly-corr_seed1.pcf,hfma,1,202062,339
random_n400_rho0.3_weakly-corr_seed1.pcf,dhfma,1,264041,339
random_n400_rho0.3_weakly-corr_seed1.pcf,hfma,2,195775,339
random_n400_rho0.3_weakly-corr_seed1.pcf,dhfma,2,245723,339
random_n400_rho0.3_weakly-corr_seed2.pcf,hfma,0,231174,338
random_n400_rho0.3_weakly-corr_seed2.pcf,dhfma,0,257670,338
random_n400_rho0.3_weakly-corr_seed2.pcf,hfma,1,194354,338
random_n400_rho0.3_weakly-corr_seed2.pcf,dhfma,1,236036,338
random_n400_rho0.3_weakly-corr_seed2.pcf,hfma,2,191502,338
random_n400_rho0.3_weakly-corr_seed2.pcf,dhfma,2,204449,338
random_n400_rho0.3_weakly-corr_seed3.pcf,hfma,0,254424,334
random_n400_rho0.3_weakly-corr_seed3.pcf,dhfma,0,286257,334
random_n400_rho0.3_weakly-corr_seed3.pcf,hfma,1,220358,334
random_n400_rho0.3_weakly-corr_seed3.pcf,dhfma,1,256662,334
random_n400_rho0.3_weakly-corr_seed3.pcf,hfma,2,212093,334
random_n400_rho0.3_weakly-corr_seed3.pcf,dhfma,2,251398,334
random_n400_rho0.3_weakly-corr_seed4.pcf,hfma,0,220149,338
random_n400_rho0.3_weakly-corr_seed4.pcf,dhfma,0,250444,338
random_n400_rho0.3_weakly-corr_seed4.pcf,hfma,1,184808,338
random_n400_rho0.3_weakly-corr_seed4.pcf,dhfma,1,231069,338
random_n400_rho0.3_weakly-corr_seed4.pcf,hfma,2,179678,338
random_n400_rho0.3_weakly-corr_seed4.pcf,dhfma,2,221922,338
random_n400_rho0.3_weakly-corr_seed5.pcf,hfma,0,248111,332
random_n400_rho0.3_weakly-corr_seed5.pcf,dhfma,0,265238,332
random_n400_rho0.3_weakly-corr_seed5.pcf,hfma,1,195737,332
random_n400_rho0.3_weakly-corr_seed5.pcf,dhfma,1,238475,332
random_n400_rho0.3_weakly-corr_seed5.pcf,hfma,2,196934,332
random_n400_rho0.3_weakly-corr_seed5.pcf,dhfma,2,234316,332
random_n400_rho0.3_weakly-corr_seed6.pcf,hfma,0,150169,343
random_n400_rho0.3_weakly-corr_seed6.pcf,dhfma,0,162181,343
random_n400_rho0.3_weakly-corr_seed6.pcf,hfma,1,121018,343
random_n400_rho0.3_weakly-corr_seed6.pcf,dhfma,1,148292,343
random_n400_rho0.3_weakly-corr_seed6.pcf,hfma,2,117719,343
random_n400_rho0.3_weakly-corr_seed6.pcf,dhfma,2,137344,343
random_n400_rho0.3_weakly-corr_seed7.pcf,hfma,0,242281,339
random_n400_rho0.3_weakly-corr_seed7.pcf,dhfma,0,273005,339
random_n400_rho0.3_weakly-corr_seed7.pcf,hfma,1,203476,339
random_n400_rho0.3_weakly-corr_seed7.pcf,dhfma,1,236542,339
random_n400_rho0.3_weakly-corr_seed7.pcf,hfma,2,204527,339
random_n400_rho0.3_weakly-corr_seed7.pcf,dhfma,2,236547,339
random_n400_rho0.3_weakly-corr_seed8.pcf,hfma,0,138868,348
random_n400_rho0.3_weakly-corr_seed8.pcf,dhfma,0,155401,348
random_n400_rho0.3_weakly-corr_seed8.pcf,hfma,1,109329,348
random_n400_rho0.3_weakly-corr_seed8.pcf,dhfma,1,135055,348
random_n400_rho0.3_weakly-corr_seed8.pcf,hfma,2,106206,348
random_n400_rho0.3_weakly-corr_seed8.pcf,dhfma,2,139255,348
random_n400_rho0.3_weakly-corr_seed9.pcf,hfma,0,243917,340
random_n400_rho0.3_weakly-corr_seed9.pcf,dhfma,0,267878,340
random_n400_rho0.3_weakly-corr_seed9.pcf,hfma,1,204185,340
random_n400_rho0.3_weakly-corr_seed9.pcf,dhfma,1,263281,340
random_n400_rho0.3_weakly-corr_seed9.pcf,hfma,2,202373,340
random_n400_rho0.3_weakly-corr_seed9.pcf,dhfma,2,235127,340
random_n400_rho0.6_strongly-corr-neg_seed0.pcf,hfma,0,394907,273
random_n400_rho0.6_strongly-corr-neg_seed0.pcf,dhfma,0,432716,273
random_n400_rho0.6_strongly-corr-neg_seed0.pcf,hfma,1,321285,273
random_n400_rho0.6_strongly-corr-neg_seed0.pcf,dhfma,1,274445,273
random_n400_rho0.6_strongly-corr-neg_seed0.pcf,hfma,2,240271,273
random_n400_rho0.6_strongly-corr-neg_seed0.pcf,dhfma,2,253038,273
random_n400_rho0.6_strongly-corr-neg_seed1.pcf,hfma,0,284326,278
random_n400_rho0.6_strongly-corr-neg_seed1.pcf,dhfma,0,285994,278
random_n400_rho0.6_strongly-corr-neg_seed1.pcf,hfma,1,279454,278
random_n400_rho0.6_strongly-corr-neg_seed1.pcf,dhfma,1,259017,278
random_n400_rho0.6_strongly-corr-neg_seed1.pcf,hfma,2,260517,278
random_n400_rho0.6_strongly-corr-neg_seed1.pcf,dhfma,2,252340,278
random_n400_rho0.6_strongly-corr-neg_seed2.pcf,hfma,0,424719,248
random_n400_rho0.6_strongly-corr-neg_seed2.pcf,dhfma,0,476818,248
random_n400_rho0.6_strongly-corr-neg_seed2.pcf,hfma,1,263550,248
random_n400_rho0.6_strongly-corr-neg_seed2.pcf,dhfma,1,285454,248
random_n400_rho0.6_strongly-corr-neg_seed2.pcf,hfma,2,241421,248
random_n400_rho0.6_strongly-corr-neg_seed2.pcf,dhfma,2,273484,248
random_n400_rho0.6_strongly-corr-neg_seed3.pcf,hfma,0,419771,258
random_n400_rho0.6_strongly-corr-neg_seed3.pcf,dhfma,0,349641,258
random_n400_rho0.6_strongly-corr-neg_seed3.pcf,hfma,1,263118,258
random_n400_rho0.6_strongly-corr-neg_seed3.pcf,dhfma,1,264599,258
random_n400_rho0.6_strongly-corr-neg_seed3.pcf,hfma,2,251565,258
random_n400_rho0.6_strongly-corr-neg_seed3.pcf,dhfma,2,277116,258
random_n400_rho0.6_strongly-corr-neg_seed4.pcf,hfma,0,405355,262
random_n400_rho0.6_strongly-corr-neg_seed4.pcf,dhfma,0,416238,262
random_n400_rho0.6_strongly-corr-neg_seed4.pcf,hfma,1,360871,262
random_n400_rho0.6_strongly-corr-neg_seed4.pcf,dhfma,1,416609,262
random_n400_rho0.6_strongly-corr-neg_seed4.pcf,hfma,2,355557,262
random_n400_rho0.6_strongly-corr-neg_seed4.pcf,dhfma,2,414170,262
random_n400_rho0.6_strongly-corr-neg_seed5.pcf,hfma,0,455089,262
random_n400_rho0.6_strongly-corr-neg_seed5.pcf,dhfma,0,448801,262
random_n400_rho0.6_strongly-corr-neg_seed5.pcf,hfma,1,395380,262
random_n400_rho0.6_strongly-corr-neg_seed5.pcf,dhfma,1,426210,262
random_n400_rho0.6_strongly-corr-neg_seed5.pcf,hfma,2,370057,262
random_n400_rho0.6_strongly-corr-neg_seed5.pcf,dhfma,2,331229,262
random_n400_rho0.6_strongly-corr-neg_seed6.pcf,hfma,0,372629,249
random_n400_rho0.6_strongly-corr-neg_seed6.pcf,dhfma,0,315764,249
random_n400_rho0.6_strongly-corr-neg_seed6.pcf,hfma,1,275802,249
random_n400_rho0.6_strongly-corr-neg_seed6.pcf,dhfma,1,352131,249
random_n400_rho0.6_strongly-corr-neg_seed6.pcf,hfma,2,300719,249
random_n400_rho0.6_strongly-corr-neg_seed6.pcf,dhfma,2,299230,249
random_n400_rho0.6_strongly-corr-neg_seed7.pcf,hfma,0,444621,260
random_n400_rho0.6_strongly-corr-neg_seed7.pcf,dhfma,0,497188,260
random_n400_rho0.6_strongly-corr-neg_seed7.pcf,hfma,1,389637,260
random_n400_rho0.6_strongly-corr-neg_seed7.pcf,dhfma,1,453415,260
random_n400_rho0.6_strongly-corr-neg_seed7.pcf,hfma,2,377919,260
random_n400_rho0.6_strongly-corr-neg_seed7.pcf,dhfma,2,458180,260
random_n400_rho0.6_strongly-corr-neg_seed8.pcf,hfma,0,267447,265
random_n400_rho0.6_strongly-corr-neg_seed8.pcf,dhfma,0,294849,265
random_n400_rho0.6_strongly-corr-neg_seed8.pcf,hfma,1,233608,265
random_n400_rho0.6_strongly-corr-neg_seed8.pcf,dhfma,1,265145,265
random_n400_rho0.6_strongly-corr-neg_seed8.pcf,hfma,2,248887,265
random_n400_rho0.6_strongly-corr-neg_seed8.pcf,dhfma,2,273067,265
random_n400_rho0.6_strongly-corr-neg_seed9.pcf,hfma,0,416556,270
random_n400_rho0.6_strongly-corr-neg_seed9.pcf,dhfma,0,466198,270
random_n400_rho0.6_strongly-corr-neg_seed9.pcf,hfma,1,381284,270
random_n400_rho0.6_strongly-corr-neg_seed9.pcf,dhfma,1,442084,270
random_n400_rho0.6_strongly-corr-neg_seed9.pcf,hfma,2,371769,270
random_n400_rho0.6_strongly-corr-neg_seed9.pcf,dhfma,2,434008,270
random_n400_rho0.6_strongly-corr_seed0.pcf,hfma,0,321476,247
random_n400_rho0.6_strongly-corr_seed0.pcf,dhfma,0,309946,247
random_n400_rho0.6_strongly-corr_seed0.pcf,hfma,1,307198,247
random_n400_rho0.6_strongly-corr_seed0.pcf,dhfma,1,292662,247
random_n400_rho0.6_strongly-corr_seed0.pcf,hfma,2,289398,247
random_n400_rho0.6_strongly-corr_seed0.pcf,dhfma,2,289911,247
random_n400_rho0.6_strongly-corr_seed1.pcf,hfma,0,434147,249
random_n400_rho0.6_strongly-corr_seed1.pcf,dhfma,0,492177,249
random_n400_rho0.6_strongly-corr_seed1.pcf,hfma,1,278941,249
random_n400_rho0.6_strongly-corr_seed1.pcf,dhfma,1,306593,249
random_n400_rho0.6_strongly-corr_seed1.pcf,hfma,2,259357,249
random_n400_rho0.6_strongly-corr_seed1.pcf,dhfma,2,301873,249
random_n400_rho0.6_strongly-corr_seed2.pcf,hfma,0,393260,242
random_n400_rho0.6_strongly-corr_seed2.pcf,dhfma,0,364386,242
random_n400_rho0.6_strongly-corr_seed2.pcf,hfma,1,350883,242
random_n400_rho0.6_strongly-corr_seed2.pcf,dhfma,1,336963,242
random_n400_rho0.6_strongly-corr_seed2.pcf,hfma,2,356525,242
random_n400_rho0.6_strongly-corr_seed2.pcf,dhfma,2,346441,242
random_n400_rho0.6_strongly-corr_seed3.pcf,hfma,0,402500,264
random_n400_rho0.6_strongly-corr_seed3.pcf,dhfma,0,423560,264
random_n400_rho0.6_strongly-corr_seed3.pcf,hfma,1,361883,264
random_n400_rho0.6_strongly-corr_seed3.pcf,dhfma,1,402443,264
random_n400_rho0.6_strongly-corr_seed3.pcf,hfma,2,355239,264
random_n400_rho0.6_strongly-corr_seed3.pcf,dhfma,2,390339,264
random_n400_rho0.6_strongly-corr_seed4.pcf,hfma,0,399447,254
random_n400_rho0.6_strongly-corr_seed4.pcf,dhfma,0,306171,254
random_n400_rho0.6_strongly-corr_seed4.pcf,hfma,1,250198,254
random_n400_rho0.6_strongly-corr_seed4.pcf,dhfma,1,280302,254
random_n400_rho0.6_strongly-corr_seed4.pcf,hfma,2,258361,254
random_n400_rho0.6_strongly-corr_seed4.pcf,dhfma,2,260002,254
random_n400_rho0.6_strongly-corr_seed5.pcf,hfma,0,404124,276
random_n400_rho0.6_strongly-corr_seed5.pcf,dhfma,0,431087,276
random_n400_rho0.6_strongly-corr_seed5.pcf,hfma,1,370666,276
random_n400_rho0.6_strongly-corr_seed5.pcf,dhfma,1,433095,276
random_n400_rho0.6_strongly-corr_seed5.pcf,hfma,2,380746,276
random_n400_rho0.6_strongly-corr_seed5.pcf,dhfma,2,423445,276
random_n400_rho0.6_strongly-corr_seed6.pcf,hfma,0,306327,253
random_n400_rho0.6_strongly-corr_seed6.pcf,dhfma,0,308926,253
random_n400_rho0.6_strongly-corr_seed6.pcf,hfma,1,289713,253
random_n400_rho0.6_strongly-corr_seed6.pcf,dhfma,1,273067,253
random_n400_rho0.6_strongly-corr_seed6.pcf,hfma,2,282081,253
random_n400_rho0.6_strongly-corr_seed6.pcf,dhfma,2,291529,253
random_n400_rho0.6_strongly-corr_seed7.pcf,hfma,0,576105,256
random_n400_rho0.6_strongly-corr_seed7.pcf,dhfma,0,314887,256
random_n400_rho0.6_strongly-corr_seed7.pcf,hfma,1,273075,256
random_n400_rho0.6_strongly-corr_seed7.pcf,dhfma,1,282996,256
random_n400_rho0.6_strongly-corr_seed7.pcf,hfma,2,259333,256
random_n400_rho0.6_strongly-corr_seed7.pcf,dhfma,2,271593,256
random_n400_rho0.6_strongly-corr_seed8.pcf,hfma,0,289821,235
random_n400_rho0.6_strongly-corr_seed8.pcf,dhfma,0,315699,235
random_n400_rho0.6_strongly-corr_seed8.pcf,hfma,1,267652,235
random_n400_rho0.6_strongly-corr_seed8.pcf,dhfma,1,285735,235
random_n400_rho0.6_strongly-corr_seed8.pcf,hfma,2,256095,235
random_n400_rho0.6_strongly-corr_seed8.pcf,dhfma,2,285074,235
random_n400_rho0.6_strongly-corr_seed9.pcf,hfma,0,456682,250
random_n400_rho0.6_strongly-corr_seed9.pcf,dhfma,0,465582,250
random_n400_rho0.6_strongly-corr_seed9.pcf,hfma,1,417924,250
random_n400_rho0.6_strongly-corr_seed9.pcf,dhfma,1,443375,250
random_n400_rho0.6_strongly-corr_seed9.pcf,hfma,2,409233,250
random_n400_rho0.6_strongly-corr_seed9.pcf,dhfma,2,434540,250
random_n400_rho0.6_uncorr-neg_seed0.pcf,hfma,0,548469,280
random_n400_rho0.6_uncorr-neg_seed0.pcf,dhfma,0,306846,280
random_n400_rho0.6_uncorr-neg_seed0.pcf,hfma,1,275892,280
random_n400_rho0.6_uncorr-neg_seed0.pcf,dhfma,1,274529,280
random_n400_rho0.6_uncorr-neg_seed0.pcf,hfma,2,272415,280
random_n400_rho0.6_uncorr-neg_seed0.pcf,dhfma,2,272921,280
random_n400_rho0.6_uncorr-neg_seed1.pcf,hfma,0,275501,279
random_n400_rho0.6_uncorr-neg_seed1.pcf,dhfma,0,286733,279
random_n400_rho0.6_uncorr-neg_seed1.pcf,hfma,1,252433,279
random_n400_rho0.6_uncorr-neg_seed1.pcf,dhfma,1,257732,279
random_n400_rho0.6_uncorr-neg_seed1.pcf,hfma,2,242327,279
random_n400_rho0.6_uncorr-neg_seed1.pcf,dhfma,2,258925,279
random_n400_rho0.6_uncorr-neg_seed2.pcf,hfma,0,381878,294
random_n400_rho0.6_uncorr-neg_seed2.pcf,dhfma,0,384159,294
random_n400_rho0.6_uncorr-neg_seed2.pcf,hfma,1,243415,294
random_n400_rho0.6_uncorr-neg_seed2.pcf,dhfma,1,244475,294
random_n400_rho0.6_uncorr-neg_seed2.pcf,hfma,2,225225,294
random_n400_rho0.6_uncorr-neg_seed2.pcf,dhfma,2,232719,294
random_n400_rho0.6_uncorr-neg_seed3.pcf,hfma,0,402722,274
random_n400_rho0.6_uncorr-neg_seed3.pcf,dhfma,0,454918,274
random_n400_rho0.6_uncorr-neg_seed3.pcf,hfma,1,368194,274
random_n400_rho0.6_uncorr-neg_seed3.pcf,dhfma,1,446391,274
random_n400_rho0.6_uncorr-neg_seed3.pcf,hfma,2,266034,274
random_n400_rho0.6_uncorr-neg_seed3.pcf,dhfma,2,279949,274
random_n400_rho0.6_uncorr-neg_seed4.pcf,hfma,0,434456,273
random_n400_rho0.6_uncorr-neg_seed4.pcf,dhfma,0,276224,273
random_n400_rho0.6_uncorr-neg_seed4.pcf,hfma,1,230564,273
random_n400_rho0.6_uncorr-neg_seed4.pcf,dhfma,1,257926,273
random_n400_rho0.6_uncorr-neg_seed4.pcf,hfma,2,216999,273
random_n400_rho0.6_uncorr-neg_seed4.pcf,dhfma,2,246248,273
random_n400_rho0.6_uncorr-neg_seed5.pcf,hfma,0,408704,289
random_n400_rho0.6_uncorr-neg_seed5.pcf,dhfma,0,452278,289
random_n400_rho0.6_uncorr-neg_seed5.pcf,hfma,1,353537,289
random_n400_rho0.6_uncorr-neg_seed5.pcf,dhfma,1,420056,289
random_n400_rho0.6_uncorr-neg_seed5.pcf,hfma,2,339106,289
random_n400_rho0.6_uncorr-neg_seed5.pcf,dhfma,2,415593,289
random_n400_rho0.6_uncorr-neg_seed6.pcf,hfma,0,445411,280
random_n400_rho0.6_uncorr-neg_seed6.pcf,dhfma,0,469368,280
random_n400_rho0.6_uncorr-neg_seed6.pcf,hfma,1,397542,280
random_n400_rho0.6_uncorr-neg_seed6.pcf,dhfma,1,307474,280
random_n400_rho0.6_uncorr-neg_seed6.pcf,hfma,2,256393,280
random_n400_rho0.6_uncorr-neg_seed6.pcf,dhfma,2,287989,280
random_n400_rho0.6_uncorr-neg_seed7.pcf,hfma,0,288366,282
random_n400_rho0.6_uncorr-neg_seed7.pcf,dhfma,0,308777,282
random_n400_rho0.6_uncorr-neg_seed7.pcf,hfma,1,276363,282
random_n400_rho0.6_uncorr-neg_seed7.pcf,dhfma,1,289348,282
random_n400_rho0.6_uncorr-neg_seed7.pcf,hfma,2,256694,282
random_n400_rho0.6_uncorr-neg_seed7.pcf,dhfma,2,279244,282
random_n400_rho0.6_uncorr-neg_seed8.pcf,hfma,0,563604,261
random_n400_rho0.6_uncorr-neg_seed8.pcf,dhfma,0,500655,261
random_n400_rho0.6_uncorr-neg_seed8.pcf,hfma,1,357465,261
random_n400_rho0.6_uncorr-neg_seed8.pcf,dhfma,1,351610,261
random_n400_rho0.6_uncorr-neg_seed8.pcf,hfma,2,343772,261
random_n400_rho0.6_uncorr-neg_seed8.pcf,dhfma,2,343823,261
random_n400_rho0.6_uncorr-neg_seed9.pcf,hfma,0,430654,283
random_n400_rho0.6_uncorr-neg_seed9.pcf,dhfma,0,458966,283
random_n400_rho0.6_uncorr-neg_seed9.pcf,hfma,1,397311,283
random_n400_rho0.6_uncorr-neg_seed9.pcf,dhfma,1,431043,283
random_n400_rho0.6_uncorr-neg_seed9.pcf,hfma,2,387727,283
random_n400_rho0.6_uncorr-neg_seed9.pcf,dhfma,2,425845,283
random_n400_rho0.6_uncorr_seed0.pcf,hfma,0,326850,272
random_n400_rho0.6_uncorr_seed0.pcf,dhfma,0,349518,272
random_n400_rho0.6_uncorr_seed0.pcf,hfma,1,312692,272
random_n400_rho0.6_uncorr_seed0.pcf,dhfma,1,317596,272
random_n400_rho0.6_uncorr_seed0.pcf,hfma,2,302983,272
random_n400_rho0.6_uncorr_seed0.pcf,dhfma,2,309943,272
random_n400_rho0.6_uncorr_seed1.pcf,hfma,0,490555,279
random_n400_rho0.6_uncorr_seed1.pcf,dhfma,0,530486,279
random_n400_rho0.6_uncorr_seed1.pcf,hfma,1,445509,279
random_n400_rho0.6_uncorr_seed1.pcf,dhfma,1,504029,279
random_n400_rho0.6_uncorr_seed1.pcf,hfma,2,449929,279
random_n400_rho0.6_uncorr_seed1.pcf,dhfma,2,494005,279
random_n400_rho0.6_uncorr_seed2.pcf,hfma,0,291212,268
random_n400_rho0.6_uncorr_seed2.pcf,dhfma,0,328214,268
random_n400_rho0.6_uncorr_seed2.pcf,hfma,1,254496,268
random_n400_rho0.6_uncorr_seed2.pcf,dhfma,1,303440,268
random_n400_rho0.6_uncorr_seed2.pcf,hfma,2,246656,268
random_n400_rho0.6_uncorr_seed2.pcf,dhfma,2,296003,268
random_n400_rho0.6_uncorr_seed3.pcf,hfma,0,450000,288
random_n400_rho0.6_uncorr_seed3.pcf,dhfma,0,455781,288
random_n400_rho0.6_uncorr_seed3.pcf,hfma,1,397996,288
random_n400_rho0.6_uncorr_seed3.pcf,dhfma,1,429316,288
random_n400_rho0.6_uncorr_seed3.pcf,hfma,2,401043,288
random_n400_rho0.6_uncorr_seed3.pcf,dhfma,2,423762,288
random_n400_rho0.6_uncorr_seed4.pcf,hfma,0,411488,286
random_n400_rho0.6_uncorr_seed4.pcf,dhfma,0,444841,286
random_n400_rho0.6_uncorr_seed4.pcf,hfma,1,378461,286
random_n400_rho0.6_uncorr_seed4.pcf,dhfma,1,418702,286
random_n400_rho0.6_uncorr_seed4.pcf,hfma,2,381006,286
random_n400_rho0.6_uncorr_seed4.pcf,dhfma,2,405415,286
random_n400_rho0.6_uncorr_seed5.pcf,hfma,0,384476,295
random_n400_rho0.6_uncorr_seed5.pcf,dhfma,0,411848,295
random_n400_rho0.6_uncorr_seed5.pcf,hfma,1,305424,295
random_n400_rho0.6_uncorr_seed5.pcf,dhfma,1,269460,295
random_n400_rho0.6_uncorr_seed5.pcf,hfma,2,225222,295
random_n400_rho0.6_uncorr_seed5.pcf,dhfma,2,248107,295
random_n400_rho0.6_uncorr_seed6.pcf,hfma,0,540443,264
random_n400_rho0.6_uncorr_seed6.pcf,dhfma,0,548587,264
random_n400_rho0.6_uncorr_seed6.pcf,hfma,1,493291,264
random_n400_rho0.6_uncorr_seed6.pcf,dhfma,1,525861,264
random_n400_rho0.6_uncorr_seed6.pcf,hfma,2,482821,264
random_n400_rho0.6_uncorr_seed6.pcf,dhfma,2,515728,264
random_n400_rho0.6_uncorr_seed7.pcf,hfma,0,421705,266
random_n400_rho0.6_uncorr_seed7.pcf,dhfma,0,451278,266
random_n400_rho0.6_uncorr_seed7.pcf,hfma,1,412945,266
random_n400_rho0.6_uncorr_seed7.pcf,dhfma,1,406224,266
random_n400_rho0.6_uncorr_seed7.pcf,hfma,2,362418,266
random_n400_rho0.6_uncorr_seed7.pcf,dhfma,2,396425,266
random_n400_rho0.6_uncorr_seed8.pcf,hfma,0,380386,262
random_n400_rho0.6_uncorr_seed8.pcf,dhfma,0,389732,262
random_n400_rho0.6_uncorr_seed8.pcf,hfma,1,372924,262
random_n400_rho0.6_uncorr_seed8.pcf,dhfma,1,373306,262
random_n400_rho0.6_uncorr_seed8.pcf,hfma,2,341499,262
random_n400_rho0.6_uncorr_seed8.pcf,dhfma,2,382450,262
random_n400_rho0.6_uncorr_seed9.pcf,hfma,0,441738,269
random_n400_rho0.6_uncorr_seed9.pcf,dhfma,0,328963,269
random_n400_rho0.6_uncorr_seed9.pcf,hfma,1,287825,269
random_n400_rho0.6_uncorr_seed9.pcf,dhfma,1,297605,269
random_n400_rho0.6_uncorr_seed9.pcf,hfma,2,282740,269
random_n400_rho0.6_uncorr_seed9.pcf,dhfma,2,274971,269
random_n400_rho0.6_weakly-corr-neg_seed0.pcf,hfma,0,310752,271
random_n400_rho0.6_weakly-corr-neg_seed0.pcf,dhfma,0,323492,271
random_n400_rho0.6_weakly-corr-neg_seed0.pcf,hfma,1,275255,271
random_n400_rho0.6_weakly-corr-neg_seed0.pcf,dhfma,1,295069,271
random_n400_rho0.6_weakly-corr-neg_seed0.pcf,hfma,2,262947,271
random_n400_rho0.6_weakly-corr-neg_seed0.pcf,dhfma,2,290864,271
random_n400_rho0.6_weakly-corr-neg_seed1.pcf,hfma,0,267085,284
random_n400_rho0.6_weakly-corr-neg_seed1.pcf,dhfma,0,273901,284
random_n400_rho0.6_weakly-corr-neg_seed1.pcf,hfma,1,231908,284
random_n400_rho0.6_weakly-corr-neg_seed1.pcf,dhfma,1,325768,284
random_n400_rho0.6_weakly-corr-neg_seed1.pcf,hfma,2,256869,284
random_n400_rho0.6_weakly-corr-neg_seed1.pcf,dhfma,2,255807,284
random_n400_rho0.6_weakly-corr-neg_seed2.pcf,hfma,0,440376,292
random_n400_rho0.6_weakly-corr-neg_seed2.pcf,dhfma,0,458546,292
random_n400_rho0.6_weakly-corr-neg_seed2.pcf,hfma,1,399785,292
random_n400_rho0.6_weakly-corr-neg_seed2.pcf,dhfma,1,424338,292
random_n400_rho0.6_weakly-corr-neg_seed2.pcf,hfma,2,388134,292
random_n400_rho0.6_weakly-corr-neg_seed2.pcf,dhfma,2,417455,292
random_n400_rho0.6_weakly-corr-neg_seed3.pcf,hfma,0,426851,287
random_n400_rho0.6_weakly-corr-neg_seed3.pcf,dhfma,0,485279,287
random_n400_rho0.6_weakly-corr-neg_seed3.pcf,hfma,1,384813,287
random_n400_rho0.6_weakly-corr-neg_seed3.pcf,dhfma,1,455813,287
random_n400_rho0.6_weakly-corr-neg_seed3.pcf,hfma,2,381482,287
random_n400_rho0.6_weakly-corr-neg_seed3.pcf,dhfma,2,444983,287
random_n400_rho0.6_weakly-corr-neg_seed4.pcf,hfma,0,408251,279
random_n400_rho0.6_weakly-corr-neg_seed4.pcf,dhfma,0,445257,279
random_n400_rho0.6_weakly-corr-neg_seed4.pcf,hfma,1,372018,279
random_n400_rho0.6_weakly-corr-neg_seed4.pcf,dhfma,1,423929,279
random_n400_rho0.6_weakly-corr-neg_seed4.pcf,hfma,2,366344,279
random_n400_rho0.6_weakly-corr-neg_seed4.pcf,dhfma,2,410599,279
random_n400_rho0.6_weakly-corr-neg_seed5.pcf,hfma,0,277943,283
random_n400_rho0.6_weakly-corr-neg_seed5.pcf,dhfma,0,296693,283
random_n400_rho0.6_weakly-corr-neg_seed5.pcf,hfma,1,244849,283
random_n400_rho0.6_weakly-corr-neg_seed5.pcf,dhfma,1,270632,283
random_n400_rho0.6_weakly-corr-neg_seed5.pcf,hfma,2,256477,283
random_n400_rho0.6_weakly-corr-neg_seed5.pcf,dhfma,2,271344,283
random_n400_rho0.6_weakly-corr-neg_seed6.pcf,hfma,0,444040,263
random_n400_rho0.6_weakly-corr-neg_seed6.pcf,dhfma,0,473791,263
random_n400_rho0.6_weakly-corr-neg_seed6.pcf,hfma,1,396503,263
random_n400_rho0.6_weakly-corr-neg_seed6.pcf,dhfma,1,457381,263
random_n400_rho0.6_weakly-corr-neg_seed6.pcf,hfma,2,390786,263
random_n400_rho0.6_weakly-corr-neg_seed6.pcf,dhfma,2,460585,263
random_n400_rho0.6_weakly-corr-neg_seed7.pcf,hfma,0,294563,279
random_n400_rho0.6_weakly-corr-neg_seed7.pcf,dhfma,0,298628,279
random_n400_rho0.6_weakly-corr-neg_seed7.pcf,hfma,1,272990,279
random_n400_rho0.6_weakly-corr-neg_seed7.pcf,dhfma,1,264940,279
random_n400_rho0.6_weakly-corr-neg_seed7.pcf,hfma,2,267060,279
random_n400_rho0.6_weakly-corr-neg_seed7.pcf,dhfma,2,290543,279
random_n400_rho0.6_weakly-corr-neg_seed8.pcf,hfma,0,531154,270
random_n400_rho0.6_weakly-corr-neg_seed8.pcf,dhfma,0,541862,270
random_n400_rho0.6_weakly-corr-neg_seed8.pcf,hfma,1,491218,270
random_n400_rho0.6_weakly-corr-neg_seed8.pcf,dhfma,1,517411,270
random_n400_rho0.6_weakly-corr-neg_seed8.pcf,hfma,2,483125,270
random_n400_rho0.6_weakly-corr-neg_seed8.pcf,dhfma,2,518157,270
random_n400_rho0.6_weakly-corr-neg_seed9.pcf,hfma,0,463519,271
random_n400_rho0.6_weakly-corr-neg_seed9.pcf,dhfma,0,462449,271
random_n400_rho0.6_weakly-corr-neg_seed9.pcf,hfma,1,415270,271
random_n400_rho0.6_weakly-corr-neg_seed9.pcf,dhfma,1,441881,271
random_n400_rho0.6_weakly-corr-neg_seed9.pcf,hfma,2,408575,271
random_n400_rho0.6_weakly-corr-neg_seed9.pcf,dhfma,2,437929,271
random_n400_rho0.6_weakly-corr_seed0.pcf,hfma,0,498009,281
random_n400_rho0.6_weakly-corr_seed0.pcf,dhfma,0,518946,281
random_n400_rho0.6_weakly-corr_seed0.pcf,hfma,1,363671,281
random_n400_rho0.6_weakly-corr_seed0.pcf,dhfma,1,325821,281
random_n400_rho0.6_weakly-corr_seed0.pcf,hfma,2,305814,281
random_n400_rho0.6_weakly-corr_seed0.pcf,dhfma,2,318935,281
random_n400_rho0.6_weakly-corr_seed1.pcf,hfma,0,538662,280
random_n400_rho0.6_weakly-corr_seed1.pcf,dhfma,0,380326,280
random_n400_rho0.6_weakly-corr_seed1.pcf,hfma,1,330650,280
random_n400_rho0.6_weakly-corr_seed1.pcf,dhfma,1,350783,280
random_n400_rho0.6_weakly-corr_seed1.pcf,hfma,2,319240,280
random_n400_rho0.6_weakly-corr_seed1.pcf,dhfma,2,366136,280
random_n400_rho0.6_weakly-corr_seed2.pcf,hfma,0,293200,284
random_n400_rho0.6_weakly-corr_seed2.pcf,dhfma,0,311565,284
random_n400_rho0.6_weakly-corr_seed2.pcf,hfma,1,259729,284
random_n400_rho0.6_weakly-corr_seed2.pcf,dhfma,1,284010,284
random_n400_rho0.6_weakly-corr_seed2.pcf,hfma,2,247801,284
random_n400_rho0.6_weakly-corr_seed2.pcf,dhfma,2,288971,284
random_n400_rho0.6_weakly-corr_seed3.pcf,hfma,0,391218,289
random_n400_rho0.6_weakly-corr_seed3.pcf,dhfma,0,449817,289
random_n400_rho0.6_weakly-corr_seed3.pcf,hfma,1,352980,289
random_n400_rho0.6_weakly-corr_seed3.pcf,dhfma,1,415434,289
random_n400_rho0.6_weakly-corr_seed3.pcf,hfma,2,347369,289
random_n400_rho0.6_weakly-corr_seed3.pcf,dhfma,2,400794,289
random_n400_rho0.6_weakly-corr_seed4.pcf,hfma,0,464469,290
random_n400_rho0.6_weakly-corr_seed4.pcf,dhfma,0,513487,290
random_n400_rho0.6_weakly-corr_seed4.pcf,hfma,1,417456,290
random_n400_rho0.6_weakly-corr_seed4.pcf,dhfma,1,488062,290
random_n400_rho0.6_weakly-corr_seed4.pcf,hfma,2,413923,290
random_n400_rho0.6_weakly-corr_seed4.pcf,dhfma,2,472624,290
random_n400_rho0.6_weakly-corr_seed5.pcf,hfma,0,454426,285
random_n400_rho0.6_weakly-corr_seed5.pcf,dhfma,0,447585,285
random_n400_rho0.6_weakly-corr_seed5.pcf,hfma,1,403188,285
random_n400_rho0.6_weakly-corr_seed5.pcf,dhfma,1,416896,285
random_n400_rho0.6_weakly-corr_seed5.pcf,hfma,2,398325,285
random_n400_rho0.6_weakly-corr_seed5.pcf,dhfma,2,409269,285
random_n400_rho0.6_weakly-corr_seed6.pcf,hfma,0,491463,265
random_n400_rho0.6_weakly-corr_seed6.pcf,dhfma,0,510892,265
random_n400_rho0.6_weakly-corr_seed6.pcf,hfma,1,448731,265
random_n400_rho0.6_weakly-corr_seed6.pcf,dhfma,1,475554,265
random_n400_rho0.6_weakly-corr_seed6.pcf,hfma,2,340196,265
random_n400_rho0.6_weakly-corr_seed6.pcf,dhfma,2,345459,265
random_n400_rho0.6_weakly-corr_seed7.pcf,hfma,0,450069,282
random_n400_rho0.6_weakly-corr_seed7.pcf,dhfma,0,566586,282
random_n400_rho0.6_weakly-corr_seed7.pcf,hfma,1,280389,282
random_n400_rho0.6_weakly-corr_seed7.pcf,dhfma,1,299801,282
random_n400_rho0.6_weakly-corr_seed7.pcf,hfma,2,260401,282
random_n400_rho0.6_weakly-corr_seed7.pcf,dhfma,2,288313,282
random_n400_rho0.6_weakly-corr_seed8.pcf,hfma,0,539898,273
random_n400_rho0.6_weakly-corr_seed8.pcf,dhfma,0,589124,273
random_n400_rho0.6_weakly-corr_seed8.pcf,hfma,1,493879,273
random_n400_rho0.6_weakly-corr_seed8.pcf,dhfma,1,562074,273
random_n400_rho0.6_weakly-corr_seed8.pcf,hfma,2,491031,273
random_n400_rho0.6_weakly-corr_seed8.pcf,dhfma,2,553552,273
random_n400_rho0.6_weakly-corr_seed9.pcf,hfma,0,433994,277
random_n400_rho0.6_weakly-corr_seed9.pcf,dhfma,0,466219,277
random_n400_rho0.6_weakly-corr_seed9.pcf,hfma,1,395700,277
random_n400_rho0.6_weakly-corr_seed9.pcf,dhfma,1,479022,277
random_n400_rho0.6_weakly-corr_seed9.pcf,hfma,2,296086,277
random_n400_rho0.6_weakly-corr_seed9.pcf,dhfma,2,289821,277
random_n400_rho0.9_strongly-corr-neg_seed0.pcf,hfma,0,1350133,217
random_n400_rho0.9_strongly-corr-neg_seed0.pcf,dhfma,0,1386197,217
random_n400_rho0.9_strongly-corr-neg_seed0.pcf,hfma,1,962648,217
random_n400_rho0.9_strongly-corr-neg_seed0.pcf,dhfma,1,896608,217
random_n400_rho0.9_strongly-corr-neg_seed0.pcf,hfma,2,829715,217
random_n400_rho0.9_strongly-corr-neg_seed0.pcf,dhfma,2,986360,217
random_n400_rho0.9_strongly-corr-neg_seed1.pcf,hfma,0,765873,226
random_n400_rho0.9_strongly-corr-neg_seed1.pcf,dhfma,0,689846,226
random_n400_rho0.9_strongly-corr-neg_seed1.pcf,hfma,1,611657,226
random_n400_rho0.9_strongly-corr-neg_seed1.pcf,dhfma,1,672484,226
random_n400_rho0.9_strongly-corr-neg_seed1.pcf,hfma,2,619514,226
random_n400_rho0.9_strongly-corr-neg_seed1.pcf,dhfma,2,670169,226
random_n400_rho0.9_strongly-corr-neg_seed2.pcf,hfma,0,1457028,188
random_n400_rho0.9_strongly-corr-neg_seed2.pcf,dhfma,0,1341180,188
random_n400_rho0.9_strongly-corr-neg_seed2.pcf,hfma,1,1375042,188
random_n400_rho0.9_strongly-corr-neg_seed2.pcf,dhfma,1,1247134,188
random_n400_rho0.9_strongly-corr-neg_seed2.pcf,hfma,2,912783,188
random_n400_rho0.9_strongly-corr-neg_seed2.pcf,dhfma,2,836036,188
random_n400_rho0.9_strongly-corr-neg_seed3.pcf,hfma,0,867368,209
random_n400_rho0.9_strongly-corr-neg_seed3.pcf,dhfma,0,750007,209
random_n400_rho0.9_strongly-corr-neg_seed3.pcf,hfma,1,551893,209
random_n400_rho0.9_strongly-corr-neg_seed3.pcf,dhfma,1,590759,209
random_n400_rho0.9_strongly-corr-neg_seed3.pcf,hfma,2,543613,209
random_n400_rho0.9_strongly-corr-neg_seed3.pcf,dhfma,2,586698,209
random_n400_rho0.9_strongly-corr-neg_seed4.pcf,hfma,0,1159274,214
random_n400_rho0.9_strongly-corr-neg_seed4.pcf,dhfma,0,764639,214
random_n400_rho0.9_strongly-corr-neg_seed4.pcf,hfma,1,810185,214
random_n400_rho0.9_strongly-corr-neg_seed4.pcf,dhfma,1,787361,214
random_n400_rho0.9_strongly-corr-neg_seed4.pcf,hfma,2,816140,214
random_n400_rho0.9_strongly-corr-neg_seed4.pcf,dhfma,2,722519,214
random_n400_rho0.9_strongly-corr-neg_seed5.pcf,hfma,0,784372,210
random_n400_rho0.9_strongly-corr-neg_seed5.pcf,dhfma,0,793668,210
random_n400_rho0.9_strongly-corr-neg_seed5.pcf,hfma,1,712660,210
random_n400_rho0.9_strongly-corr-neg_seed5.pcf,dhfma,1,770627,210
random_n400_rho0.9_strongly-corr-neg_seed5.pcf,hfma,2,709189,210
random_n400_rho0.9_strongly-corr-neg_seed5.pcf,dhfma,2,764355,210
random_n400_rho0.9_strongly-corr-neg_seed6.pcf,hfma,0,831218,210
random_n400_rho0.9_strongly-corr-neg_seed6.pcf,dhfma,0,830808,210
random_n400_rho0.9_strongly-corr-neg_seed6.pcf,hfma,1,776560,210
random_n400_rho0.9_strongly-corr-neg_seed6.pcf,dhfma,1,801044,210
random_n400_rho0.9_strongly-corr-neg_seed6.pcf,hfma,2,661641,210
random_n400_rho0.9_strongly-corr-neg_seed6.pcf,dhfma,2,575054,210
random_n400_rho0.9_strongly-corr-neg_seed7.pcf,hfma,0,993973,204
random_n400_rho0.9_strongly-corr-neg_seed7.pcf,dhfma,0,597551,204
random_n400_rho0.9_strongly-corr-neg_seed7.pcf,hfma,1,710401,204
random_n400_rho0.9_strongly-corr-neg_seed7.pcf,dhfma,1,603137,204
random_n400_rho0.9_strongly-corr-neg_seed7.pcf,hfma,2,681017,204
random_n400_rho0.9_strongly-corr-neg_seed7.pcf,dhfma,2,592173,204
random_n400_rho0.9_strongly-corr-neg_seed8.pcf,hfma,0,1209539,214
random_n400_rho0.9_strongly-corr-neg_seed8.pcf,dhfma,0,1073645,214
random_n400_rho0.9_strongly-corr-neg_seed8.pcf,hfma,1,1137186,214
random_n400_rho0.9_strongly-corr-neg_seed8.pcf,dhfma,1,1080545,214
random_n400_rho0.9_strongly-corr-neg_seed8.pcf,hfma,2,1235583,214
random_n400_rho0.9_strongly-corr-neg_seed8.pcf,dhfma,2,1027203,214
random_n400_rho0.9_strongly-corr-neg_seed9.pcf,hfma,0,567360,211
random_n400_rho0.9_strongly-corr-neg_seed9.pcf,dhfma,0,564152,211
random_n400_rho0.9_strongly-corr-neg_seed9.pcf,hfma,1,518845,211
random_n400_rho0.9_strongly-corr-neg_seed9.pcf,dhfma,1,553640,211
random_n400_rho0.9_strongly-corr-neg_seed9.pcf,hfma,2,515111,211
random_n400_rho0.9_strongly-corr-neg_seed9.pcf,dhfma,2,542208,211
random_n400_rho0.9_strongly-corr_seed0.pcf,hfma,0,645699,211
random_n400_rho0.9_strongly-corr_seed0.pcf,dhfma,0,670391,211
random_n400_rho0.9_strongly-corr_seed0.pcf,hfma,1,632417,211
random_n400_rho0.9_strongly-corr_seed0.pcf,dhfma,1,668936,211
random_n400_rho0.9_strongly-corr_seed0.pcf,hfma,2,681871,211
random_n400_rho0.9_strongly-corr_seed0.pcf,dhfma,2,798055,211
random_n400_rho0.9_strongly-corr_seed1.pcf,hfma,0,837921,204
random_n400_rho0.9_strongly-corr_seed1.pcf,dhfma,0,819811,204
random_n400_rho0.9_strongly-corr_seed1.pcf,hfma,1,622477,204
random_n400_rho0.9_strongly-corr_seed1.pcf,dhfma,1,668715,204
random_n400_rho0.9_strongly-corr_seed1.pcf,hfma,2,603028,204
random_n400_rho0.9_strongly-corr_seed1.pcf,dhfma,2,674599,204
random_n400_rho0.9_strongly-corr_seed2.pcf,hfma,0,968062,214
random_n400_rho0.9_strongly-corr_seed2.pcf,dhfma,0,1027711,214
random_n400_rho0.9_strongly-corr_seed2.pcf,hfma,1,871323,214
random_n400_rho0.9_strongly-corr_seed2.pcf,dhfma,1,939234,214
random_n400_rho0.9_strongly-corr_seed2.pcf,hfma,2,604655,214
random_n400_rho0.9_strongly-corr_seed2.pcf,dhfma,2,650425,214
random_n400_rho0.9_strongly-corr_seed3.pcf,hfma,0,998600,202
random_n400_rho0.9_strongly-corr_seed3.pcf,dhfma,0,614056,202
random_n400_rho0.9_strongly-corr_seed3.pcf,hfma,1,612359,202
random_n400_rho0.9_strongly-corr_seed3.pcf,dhfma,1,603966,202
random_n400_rho0.9_strongly-corr_seed3.pcf,hfma,2,576200,202
random_n400_rho0.9_strongly-corr_seed3.pcf,dhfma,2,598284,202
random_n400_rho0.9_strongly-corr_seed4.pcf,hfma,0,1266521,194
random_n400_rho0.9_strongly-corr_seed4.pcf,dhfma,0,1091673,194
random_n400_rho0.9_strongly-corr_seed4.pcf,hfma,1,811395,194
random_n400_rho0.9_strongly-corr_seed4.pcf,dhfma,1,903107,194
random_n400_rho0.9_strongly-corr_seed4.pcf,hfma,2,785493,194
random_n400_rho0.9_strongly-corr_seed4.pcf,dhfma,2,898551,194
random_n400_rho0.9_strongly-corr_seed5.pcf,hfma,0,936495,212
random_n400_rho0.9_strongly-corr_seed5.pcf,dhfma,0,850242,212
random_n400_rho0.9_strongly-corr_seed5.pcf,hfma,1,766242,212
random_n400_rho0.9_strongly-corr_seed5.pcf,dhfma,1,823279,212
random_n400_rho0.9_strongly-corr_seed5.pcf,hfma,2,742643,212
random_n400_rho0.9_strongly-corr_seed5.pcf,dhfma,2,699107,212
random_n400_rho0.9_strongly-corr_seed6.pcf,hfma,0,931282,219
random_n400_rho0.9_strongly-corr_seed6.pcf,dhfma,0,971927,219
random_n400_rho0.9_strongly-corr_seed6.pcf,hfma,1,709339,219
random_n400_rho0.9_strongly-corr_seed6.pcf,dhfma,1,649749,219
random_n400_rho0.9_strongly-corr_seed6.pcf,hfma,2,627031,219
random_n400_rho0.9_strongly-corr_seed6.pcf,dhfma,2,657278,219
random_n400_rho0.9_strongly-corr_seed7.pcf,hfma,0,679003,206
random_n400_rho0.9_strongly-corr_seed7.pcf,dhfma,0,682739,206
random_n400_rho0.9_strongly-corr_seed7.pcf,hfma,1,632146,206
random_n400_rho0.9_strongly-corr_seed7.pcf,dhfma,1,652095,206
random_n400_rho0.9_strongly-corr_seed7.pcf,hfma,2,630918,206
random_n400_rho0.9_strongly-corr_seed7.pcf,dhfma,2,672889,206
random_n400_rho0.9_strongly-corr_seed8.pcf,hfma,0,906343,209
random_n400_rho0.9_strongly-corr_seed8.pcf,dhfma,0,918577,209
random_n400_rho0.9_strongly-corr_seed8.pcf,hfma,1,836267,209
random_n400_rho0.9_strongly-corr_seed8.pcf,dhfma,1,895545,209
random_n400_rho0.9_strongly-corr_seed8.pcf,hfma,2,824517,209
random_n400_rho0.9_strongly-corr_seed8.pcf,dhfma,2,865912,209
random_n400_rho0.9_strongly-corr_seed9.pcf,hfma,0,668582,217
random_n400_rho0.9_strongly-corr_seed9.pcf,dhfma,0,580986,217
random_n400_rho0.9_strongly-corr_seed9.pcf,hfma,1,560050,217
random_n400_rho0.9_strongly-corr_seed9.pcf,dhfma,1,575749,217
random_n400_rho0.9_strongly-corr_seed9.pcf,hfma,2,556582,217
random_n400_rho0.9_strongly-corr_seed9.pcf,dhfma,2,548401,217
random_n400_rho0.9_uncorr-neg_seed0.pcf,hfma,0,837658,214
random_n400_rho0.9_uncorr-neg_seed0.pcf,dhfma,0,864346,214
random_n400_rho0.9_uncorr-neg_seed0.pcf,hfma,1,824690,214
random_n400_rho0.9_uncorr-neg_seed0.pcf,dhfma,1,849943,214
random_n400_rho0.9_uncorr-neg_seed0.pcf,hfma,2,820042,214
random_n400_rho0.9_uncorr-neg_seed0.pcf,dhfma,2,861076,214
random_n400_rho0.9_uncorr-neg_seed1.pcf,hfma,0,1067996,212
random_n400_rho0.9_uncorr-neg_seed1.pcf,dhfma,0,1084068,212
random_n400_rho0.9_uncorr-neg_seed1.pcf,hfma,1,742960,212
random_n400_rho0.9_uncorr-neg_seed1.pcf,dhfma,1,747718,212
random_n400_rho0.9_uncorr-neg_seed1.pcf,hfma,2,719580,212
random_n400_rho0.9_uncorr-neg_seed1.pcf,dhfma,2,729821,212
random_n400_rho0.9_uncorr-neg_seed2.pcf,hfma,0,1044152,200
random_n400_rho0.9_uncorr-neg_seed2.pcf,dhfma,0,1020109,200
random_n400_rho0.9_uncorr-neg_seed2.pcf,hfma,1,816268,200
random_n400_rho0.9_uncorr-neg_seed2.pcf,dhfma,1,671589,200
random_n400_rho0.9_uncorr-neg_seed2.pcf,hfma,2,679697,200
random_n400_rho0.9_uncorr-neg_seed2.pcf,dhfma,2,641038,200
random_n400_rho0.9_uncorr-neg_seed3.pcf,hfma,0,627967,208
random_n400_rho0.9_uncorr-neg_seed3.pcf,dhfma,0,723425,208
random_n400_rho0.9_uncorr-neg_seed3.pcf,hfma,1,588453,208
random_n400_rho0.9_uncorr-neg_seed3.pcf,dhfma,1,722153,208
random_n400_rho0.9_uncorr-neg_seed3.pcf,hfma,2,591238,208
random_n400_rho0.9_uncorr-neg_seed3.pcf,dhfma,2,710662,208
random_n400_rho0.9_uncorr-neg_seed4.pcf,hfma,0,1088822,223
random_n400_rho0.9_uncorr-neg_seed4.pcf,dhfma,0,1223636,223
random_n400_rho0.9_uncorr-neg_seed4.pcf,hfma,1,1010710,223
random_n400_rho0.9_uncorr-neg_seed4.pcf,dhfma,1,868847,223
random_n400_rho0.9_uncorr-neg_seed4.pcf,hfma,2,758563,223
random_n400_rho0.9_uncorr-neg_seed4.pcf,dhfma,2,764093,223
random_n400_rho0.9_uncorr-neg_seed5.pcf,hfma,0,827760,217
random_n400_rho0.9_uncorr-neg_seed5.pcf,dhfma,0,764113,217
random_n400_rho0.9_uncorr-neg_seed5.pcf,hfma,1,769032,217
random_n400_rho0.9_uncorr-neg_seed5.pcf,dhfma,1,746896,217
random_n400_rho0.9_uncorr-neg_seed5.pcf,hfma,2,738039,217
random_n400_rho0.9_uncorr-neg_seed5.pcf,dhfma,2,538935,217
random_n400_rho0.9_uncorr-neg_seed6.pcf,hfma,0,1046266,217
random_n400_rho0.9_uncorr-neg_seed6.pcf,dhfma,0,913177,217
random_n400_rho0.9_uncorr-neg_seed6.pcf,hfma,1,712498,217
random_n400_rho0.9_uncorr-neg_seed6.pcf,dhfma,1,682875,217
random_n400_rho0.9_uncorr-neg_seed6.pcf,hfma,2,696905,217
random_n400_rho0.9_uncorr-neg_seed6.pcf,dhfma,2,672040,217
random_n400_rho0.9_uncorr-neg_seed7.pcf,hfma,0,857317,220
random_n400_rho0.9_uncorr-neg_seed7.pcf,dhfma,0,954115,220
random_n400_rho0.9_uncorr-neg_seed7.pcf,hfma,1,784085,220
random_n400_rho0.9_uncorr-neg_seed7.pcf,dhfma,1,917947,220
random_n400_rho0.9_uncorr-neg_seed7.pcf,hfma,2,851244,220
random_n400_rho0.9_uncorr-neg_seed7.pcf,dhfma,2,936569,220
random_n400_rho0.9_uncorr-neg_seed8.pcf,hfma,0,870477,236
random_n400_rho0.9_uncorr-neg_seed8.pcf,dhfma,0,963384,236
random_n400_rho0.9_uncorr-neg_seed8.pcf,hfma,1,807121,236
random_n400_rho0.9_uncorr-neg_seed8.pcf,dhfma,1,929313,236
random_n400_rho0.9_uncorr-neg_seed8.pcf,hfma,2,821568,236
random_n400_rho0.9_uncorr-neg_seed8.pcf,dhfma,2,842463,236
random_n400_rho0.9_uncorr-neg_seed9.pcf,hfma,0,1030938,239
random_n400_rho0.9_uncorr-neg_seed9.pcf,dhfma,0,998226,239
random_n400_rho0.9_uncorr-neg_seed9.pcf,hfma,1,961775,239
random_n400_rho0.9_uncorr-neg_seed9.pcf,dhfma,1,754718,239
random_n400_rho0.9_uncorr-neg_seed9.pcf,hfma,2,745073,239
random_n400_rho0.9_uncorr-neg_seed9.pcf,dhfma,2,686018,239
random_n400_rho0.9_uncorr_seed0.pcf,hfma,0,756809,221
random_n400_rho0.9_uncorr_seed0.pcf,dhfma,0,815026,221
random_n400_rho0.9_uncorr_seed0.pcf,hfma,1,671629,221
random_n400_rho0.9_uncorr_seed0.pcf,dhfma,1,803611,221
random_n400_rho0.9_uncorr_seed0.pcf,hfma,2,710058,221
random_n400_rho0.9_uncorr_seed0.pcf,dhfma,2,782756,221
random_n400_rho0.9_uncorr_seed1.pcf,hfma,0,804049,213
random_n400_rho0.9_uncorr_seed1.pcf,dhfma,0,884179,213
random_n400_rho0.9_uncorr_seed1.pcf,hfma,1,738633,213
random_n400_rho0.9_uncorr_seed1.pcf,dhfma,1,874677,213
random_n400_rho0.9_uncorr_seed1.pcf,hfma,2,775828,213
random_n400_rho0.9_uncorr_seed1.pcf,dhfma,2,856917,213
random_n400_rho0.9_uncorr_seed2.pcf,hfma,0,636726,205
random_n400_rho0.9_uncorr_seed2.pcf,dhfma,0,657052,205
random_n400_rho0.9_uncorr_seed2.pcf,hfma,1,617571,205
random_n400_rho0.9_uncorr_seed2.pcf,dhfma,1,639330,205
random_n400_rho0.9_uncorr_seed2.pcf,hfma,2,608333,205
random_n400_rho0.9_uncorr_seed2.pcf,dhfma,2,672704,205
random_n400_rho0.9_uncorr_seed3.pcf,hfma,0,546921,220
random_n400_rho0.9_uncorr_seed3.pcf,dhfma,0,576055,220
random_n400_rho0.9_uncorr_seed3.pcf,hfma,1,522107,220
random_n400_rho0.9_uncorr_seed3.pcf,dhfma,1,557297,220
random_n400_rho0.9_uncorr_seed3.pcf,hfma,2,524088,220
random_n400_rho0.9_uncorr_seed3.pcf,dhfma,2,551977,220
random_n400_rho0.9_uncorr_seed4.pcf,hfma,0,804960,227
random_n400_rho0.9_uncorr_seed4.pcf,dhfma,0,844454,227
random_n400_rho0.9_uncorr_seed4.pcf,hfma,1,756122,227
random_n400_rho0.9_uncorr_seed4.pcf,dhfma,1,787289,227
random_n400_rho0.9_uncorr_seed4.pcf,hfma,2,751708,227
random_n400_rho0.9_uncorr_seed4.pcf,dhfma,2,603410,227
random_n400_rho0.9_uncorr_seed5.pcf,hfma,0,1128308,203
random_n400_rho0.9_uncorr_seed5.pcf,dhfma,0,1189845,203
random_n400_rho0.9_uncorr_seed5.pcf,hfma,1,1041955,203
random_n400_rho0.9_uncorr_seed5.pcf,dhfma,1,1130774,203
random_n400_rho0.9_uncorr_seed5.pcf,hfma,2,1014983,203
random_n400_rho0.9_uncorr_seed5.pcf,dhfma,2,859815,203
random_n400_rho0.9_uncorr_seed6.pcf,hfma,0,900846,200
random_n400_rho0.9_uncorr_seed6.pcf,dhfma,0,712016,200
random_n400_rho0.9_uncorr_seed6.pcf,hfma,1,634765,200
random_n400_rho0.9_uncorr_seed6.pcf,dhfma,1,668440,200
random_n400_rho0.9_uncorr_seed6.pcf,hfma,2,613108,200
random_n400_rho0.9_uncorr_seed6.pcf,dhfma,2,702785,200
random_n400_rho0.9_uncorr_seed7.pcf,hfma,0,732771,216
random_n400_rho0.9_uncorr_seed7.pcf,dhfma,0,789470,216
random_n400_rho0.9_uncorr_seed7.pcf,hfma,1,726691,216
random_n400_rho0.9_uncorr_seed7.pcf,dhfma,1,755168,216
random_n400_rho0.9_uncorr_seed7.pcf,hfma,2,710420,216
random_n400_rho0.9_uncorr_seed7.pcf,dhfma,2,790431,216
random_n400_rho0.9_uncorr_seed8.pcf,hfma,0,753036,218
random_n400_rho0.9_uncorr_seed8.pcf,dhfma,0,843865,218
random_n400_rho0.9_uncorr_seed8.pcf,hfma,1,864402,218
random_n400_rho0.9_uncorr_seed8.pcf,dhfma,1,925788,218
random_n400_rho0.9_uncorr_seed8.pcf,hfma,2,950393,218
random_n400_rho0.9_uncorr_seed8.pcf,dhfma,2,1113794,218
random_n400_rho0.9_uncorr_seed9.pcf,hfma,0,1139632,232
random_n400_rho0.9_uncorr_seed9.pcf,dhfma,0,1198198,232
random_n400_rho0.9_uncorr_seed9.pcf,hfma,1,1265636,232
random_n400_rho0.9_uncorr_seed9.pcf,dhfma,1,1282659,232
random_n400_rho0.9_uncorr_seed9.pcf,hfma,2,1335440,232
random_n400_rho0.9_uncorr_seed9.pcf,dhfma,2,1363561,232
random_n400_rho0.9_weakly-corr-neg_seed0.pcf,hfma,0,2587764,230
random_n400_rho0.9_weakly-corr-neg_seed0.pcf,dhfma,0,2822738,230
random_n400_rho0.9_weakly-corr-neg_seed0.pcf,hfma,1,2778924,230
random_n400_rho0.9_weakly-corr-neg_seed0.pcf,dhfma,1,2283708,230
random_n400_rho0.9_weakly-corr-neg_seed0.pcf,hfma,2,1767777,230
random_n400_rho0.9_weakly-corr-neg_seed0.pcf,dhfma,2,1561412,230
random_n400_rho0.9_weakly-corr-neg_seed1.pcf,hfma,0,2036732,230
random_n400_rho0.9_weakly-corr-neg_seed1.pcf,dhfma,0,1695784,230
random_n400_rho0.9_weakly-corr-neg_seed1.pcf,hfma,1,2174761,230
random_n400_rho0.9_weakly-corr-neg_seed1.pcf,dhfma,1,1882910,230
random_n400_rho0.9_weakly-corr-neg_seed1.pcf,hfma,2,1681614,230
random_n400_rho0.9_weakly-corr-neg_seed1.pcf,dhfma,2,1271335,230
random_n400_rho0.9_weakly-corr-neg_seed2.pcf,hfma,0,2240333,221
random_n400_rho0.9_weakly-corr-neg_seed2.pcf,dhfma,0,1969724,221
random_n400_rho0.9_weakly-corr-neg_seed2.pcf,hfma,1,2099484,221
random_n400_rho0.9_weakly-corr-neg_seed2.pcf,dhfma,1,2240547,221
random_n400_rho0.9_weakly-corr-neg_seed2.pcf,hfma,2,1094203,221
random_n400_rho0.9_weakly-corr-neg_seed2.pcf,dhfma,2,584873,221
random_n400_rho0.9_weakly-corr-neg_seed3.pcf,hfma,0,3658258,209
random_n400_rho0.9_weakly-corr-neg_seed3.pcf,dhfma,0,2904216,209
random_n400_rho0.9_weakly-corr-neg_seed3.pcf,hfma,1,2356505,209
random_n400_rho0.9_weakly-corr-neg_seed3.pcf,dhfma,1,1702659,209
random_n400_rho0.9_weakly-corr-neg_seed3.pcf,hfma,2,1503161,209
random_n400_rho0.9_weakly-corr-neg_seed3.pcf,dhfma,2,1142381,209
random_n400_rho0.9_weakly-corr-neg_seed4.pcf,hfma,0,1213229,201
random_n400_rho0.9_weakly-corr-neg_seed4.pcf,dhfma,0,1090089,201
random_n400_rho0.9_weakly-corr-neg_seed4.pcf,hfma,1,1568999,201
random_n400_rho0.9_weakly-corr-neg_seed4.pcf,dhfma,1,1446054,201
random_n400_rho0.9_weakly-corr-neg_seed4.pcf,hfma,2,1931434,201
random_n400_rho0.9_weakly-corr-neg_seed4.pcf,dhfma,2,1341965,201
random_n400_rho0.9_weakly-corr-neg_seed5.pcf,hfma,0,2143873,237
random_n400_rho0.9_weakly-corr-neg_seed5.pcf,dhfma,0,2573620,237
random_n400_rho0.9_weakly-corr-neg_seed5.pcf,hfma,1,2762593,237
random_n400_rho0.9_weakly-corr-neg_seed5.pcf,dhfma,1,2299295,237
random_n400_rho0.9_weakly-corr-neg_seed5.pcf,hfma,2,1379077,237
random_n400_rho0.9_weakly-corr-neg_seed5.pcf,dhfma,2,1524958,237
random_n400_rho0.9_weakly-corr-neg_seed6.pcf,hfma,0,2488344,222
random_n400_rho0.9_weakly-corr-neg_seed6.pcf,dhfma,0,2255397,222
random_n400_rho0.9_weakly-corr-neg_seed6.pcf,hfma,1,2403561,222
random_n400_rho0.9_weakly-corr-neg_seed6.pcf,dhfma,1,1511990,222
random_n400_rho0.9_weakly-corr-neg_seed6.pcf,hfma,2,1654816,222
random_n400_rho0.9_weakly-corr-neg_seed6.pcf,dhfma,2,1066036,222
random_n400_rho0.9_weakly-corr-neg_seed7.pcf,hfma,0,1533601,207
random_n400_rho0.9_weakly-corr-neg_seed7.pcf,dhfma,0,1373496,207
random_n400_rho0.9_weakly-corr-neg_seed7.pcf,hfma,1,1580191,207
random_n400_rho0.9_weakly-corr-neg_seed7.pcf,dhfma,1,1787497,207
random_n400_rho0.9_weakly-corr-neg_seed7.pcf,hfma,2,2078309,207
random_n400_rho0.9_weakly-corr-neg_seed7.pcf,dhfma,2,1960673,207
random_n400_rho0.9_weakly-corr-neg_seed8.pcf,hfma,0,2993109,234
random_n400_rho0.9_weakly-corr-neg_seed8.pcf,dhfma,0,1095454,234
random_n400_rho0.9_weakly-corr-neg_seed8.pcf,hfma,1,1064413,234
random_n400_rho0.9_weakly-corr-neg_seed8.pcf,dhfma,1,1065447,234
random_n400_rho0.9_weakly-corr-neg_seed8.pcf,hfma,2,1049121,234
random_n400_rho0.9_weakly-corr-neg_seed8.pcf,dhfma,2,1045770,234
random_n400_rho0.9_weakly-corr-neg_seed9.pcf,hfma,0,1074717,209
random_n400_rho0.9_weakly-corr-neg_seed9.pcf,dhfma,0,1121507,209
random_n400_rho0.9_weakly-corr-neg_seed9.pcf,hfma,1,1031420,209
random_n400_rho0.9_weakly-corr-neg_seed9.pcf,dhfma,1,908874,209
random_n400_rho0.9_weakly-corr-neg_seed9.pcf,hfma,2,838715,209
random_n400_rho0.9_weakly-corr-neg_seed9.pcf,dhfma,2,592862,209
random_n400_rho0.9_weakly-corr_seed0.pcf,hfma,0,806938,228
random_n400_rho0.9_weakly-corr_seed0.pcf,dhfma,0,836661,228
random_n400_rho0.9_weakly-corr_seed0.pcf,hfma,1,752615,228
random_n400_rho0.9_weakly-corr_seed0.pcf,dhfma,1,835004,228
random_n400_rho0.9_weakly-corr_seed0.pcf,hfma,2,848541,228
random_n400_rho0.9_weakly-corr_seed0.pcf,dhfma,2,850000,228
random_n400_rho0.9_weakly-corr_seed1.pcf,hfma,0,909515,234
random_n400_rho0.9_weakly-corr_seed1.pcf,dhfma,0,686015,234
random_n400_rho0.9_weakly-corr_seed1.pcf,hfma,1,589473,234
random_n400_rho0.9_weakly-corr_seed1.pcf,dhfma,1,667415,234
random_n400_rho0.9_weakly-corr_seed1.pcf,hfma,2,585903,234
random_n400_rho0.9_weakly-corr_seed1.pcf,dhfma,2,655069,234
random_n400_rho0.9_weakly-corr_seed2.pcf,hfma,0,978423,225
random_n400_rho0.9_weakly-corr_seed2.pcf,dhfma,0,880133,225
random_n400_rho0.9_weakly-corr_seed2.pcf,hfma,1,793253,225
random_n400_rho0.9_weakly-corr_seed2.pcf,dhfma,1,921976,225
random_n400_rho0.9_weakly-corr_seed2.pcf,hfma,2,823109,225
random_n400_rho0.9_weakly-corr_seed2.pcf,dhfma,2,871586,225
random_n400_rho0.9_weakly-corr_seed3.pcf,hfma,0,1101605,210
random_n400_rho0.9_weakly-corr_seed3.pcf,dhfma,0,790614,210
random_n400_rho0.9_weakly-corr_seed3.pcf,hfma,1,748397,210
random_n400_rho0.9_weakly-corr_seed3.pcf,dhfma,1,755913,210
random_n400_rho0.9_weakly-corr_seed3.pcf,hfma,2,754152,210
random_n400_rho0.9_weakly-corr_seed3.pcf,dhfma,2,771136,210
random_n400_rho0.9_weakly-corr_seed4.pcf,hfma,0,875769,217
random_n400_rho0.9_weakly-corr_seed4.pcf,dhfma,0,954941,217
random_n400_rho0.9_weakly-corr_seed4.pcf,hfma,1,751904,217
random_n400_rho0.9_weakly-corr_seed4.pcf,dhfma,1,618071,217
random_n400_rho0.9_weakly-corr_seed4.pcf,hfma,2,538795,217
random_n400_rho0.9_weakly-corr_seed4.pcf,dhfma,2,599033,217
random_n400_rho0.9_weakly-corr_seed5.pcf,hfma,0,1438770,226
random_n400_rho0.9_weakly-corr_seed5.pcf,dhfma,0,987521,226
random_n400_rho0.9_weakly-corr_seed5.pcf,hfma,1,899598,226
random_n400_rho0.9_weakly-corr_seed5.pcf,dhfma,1,881435,226
random_n400_rho0.9_weakly-corr_seed5.pcf,hfma,2,978429,226
random_n400_rho0.9_weakly-corr_seed5.pcf,dhfma,2,969787,226
random_n400_rho0.9_weakly-corr_seed6.pcf,hfma,0,891674,237
random_n400_rho0.9_weakly-corr_seed6.pcf,dhfma,0,902129,237
random_n400_rho0.9_weakly-corr_seed6.pcf,hfma,1,569762,237
random_n400_rho0.9_weakly-corr_seed6.pcf,dhfma,1,567473,237
random_n400_rho0.9_weakly-corr_seed6.pcf,hfma,2,545581,237
random_n400_rho0.9_weakly-corr_seed6.pcf,dhfma,2,577864,237
random_n400_rho0.9_weakly-corr_seed7.pcf,hfma,0,932547,214
random_n400_rho0.9_weakly-corr_seed7.pcf,dhfma,0,964173,214
random_n400_rho0.9_weakly-corr_seed7.pcf,hfma,1,852842,214
random_n400_rho0.9_weakly-corr_seed7.pcf,dhfma,1,959965,214
random_n400_rho0.9_weakly-corr_seed7.pcf,hfma,2,582432,214
random_n400_rho0.9_weakly-corr_seed7.pcf,dhfma,2,610403,214
random_n400_rho0.9_weakly-corr_seed8.pcf,hfma,0,909041,219
random_n400_rho0.9_weakly-corr_seed8.pcf,dhfma,0,862130,219
random_n400_rho0.9_weakly-corr_seed8.pcf,hfma,1,819770,219
random_n400_rho0.9_weakly-corr_seed8.pcf,dhfma,1,606685,219
random_n400_rho0.9_weakly-corr_seed8.pcf,hfma,2,614651,219
random_n400_rho0.9_weakly-corr_seed8.pcf,dhfma,2,600469,219
random_n400_rho0.9_weakly-corr_seed9.pcf,hfma,0,667732,218
random_n400_rho0.9_weakly-corr_seed9.pcf,dhfma,0,666492,218
random_n400_rho0.9_weakly-corr_seed9.pcf,hfma,1,633748,218
random_n400_rho0.9_weakly-corr_seed9.pcf,dhfma,1,637096,218
random_n400_rho0.9_weakly-corr_seed9.pcf,hfma,2,630322,218
random_n400_rho0.9_weakly-corr_seed9.pcf,dhfma,2,639949,218
random_n400_rho1.0_strongly-corr-neg_seed0.pcf,hfma,0,1217408,177
random_n400_rho1.0_strongly-corr-neg_seed0.pcf,dhfma,0,996777,177
random_n400_rho1.0_strongly-corr-neg_seed0.pcf,hfma,1,1211236,177
random_n400_rho1.0_strongly-corr-neg_seed0.pcf,dhfma,1,1010819,177
random_n400_rho1.0_strongly-corr-neg_seed0.pcf,hfma,2,1183783,177
random_n400_rho1.0_strongly-corr-neg_seed0.pcf,dhfma,2,1022291,177
random_n400_rho1.0_strongly-corr-neg_seed1.pcf,hfma,0,1508552,191
random_n400_rho1.0_strongly-corr-neg_seed1.pcf,dhfma,0,1381423,191
random_n400_rho1.0_strongly-corr-neg_seed1.pcf,hfma,1,1260147,191
random_n400_rho1.0_strongly-corr-neg_seed1.pcf,dhfma,1,939086,191
random_n400_rho1.0_strongly-corr-neg_seed1.pcf,hfma,2,980598,191
random_n400_rho1.0_strongly-corr-neg_seed1.pcf,dhfma,2,910404,191
random_n400_rho1.0_strongly-corr-neg_seed2.pcf,hfma,0,981957,200
random_n400_rho1.0_strongly-corr-neg_seed2.pcf,dhfma,0,977952,200
random_n400_rho1.0_strongly-corr-neg_seed2.pcf,hfma,1,939375,200
random_n400_rho1.0_strongly-corr-neg_seed2.pcf,dhfma,1,966865,200
random_n400_rho1.0_strongly-corr-neg_seed2.pcf,hfma,2,964082,200
random_n400_rho1.0_strongly-corr-neg_seed2.pcf,dhfma,2,952329,200
random_n400_rho1.0_strongly-corr-neg_seed3.pcf,hfma,0,1336907,218
random_n400_rho1.0_strongly-corr-neg_seed3.pcf,dhfma,0,1415177,218
random_n400_rho1.0_strongly-corr-neg_seed3.pcf,hfma,1,1587890,218
random_n400_rho1.0_strongly-corr-neg_seed3.pcf,dhfma,1,1713708,218
random_n400_rho1.0_strongly-corr-neg_seed3.pcf,hfma,2,1563182,218
random_n400_rho1.0_strongly-corr-neg_seed3.pcf,dhfma,2,1334592,218
random_n400_rho1.0_strongly-corr-neg_seed4.pcf,hfma,0,1732531,189
random_n400_rho1.0_strongly-corr-neg_seed4.pcf,dhfma,0,1723542,189
random_n400_rho1.0_strongly-corr-neg_seed4.pcf,hfma,1,2138555,189
random_n400_rho1.0_strongly-corr-neg_seed4.pcf,dhfma,1,2288856,189
random_n400_rho1.0_strongly-corr-neg_seed4.pcf,hfma,2,2111417,189
random_n400_rho1.0_strongly-corr-neg_seed4.pcf,dhfma,2,1605842,189
random_n400_rho1.0_strongly-corr-neg_seed5.pcf,hfma,0,1926918,184
random_n400_rho1.0_strongly-corr-neg_seed5.pcf,dhfma,0,2229834,184
random_n400_rho1.0_strongly-corr-neg_seed5.pcf,hfma,1,1968649,184
random_n400_rho1.0_strongly-corr-neg_seed5.pcf,dhfma,1,1142755,184
random_n400_rho1.0_strongly-corr-neg_seed5.pcf,hfma,2,1097298,184
random_n400_rho1.0_strongly-corr-neg_seed5.pcf,dhfma,2,1171101,184
random_n400_rho1.0_strongly-corr-neg_seed6.pcf,hfma,0,2336688,198
random_n400_rho1.0_strongly-corr-neg_seed6.pcf,dhfma,0,2429718,198
random_n400_rho1.0_strongly-corr-neg_seed6.pcf,hfma,1,2990817,198
random_n400_rho1.0_strongly-corr-neg_seed6.pcf,dhfma,1,1152695,198
random_n400_rho1.0_strongly-corr-neg_seed6.pcf,hfma,2,921695,198
random_n400_rho1.0_strongly-corr-neg_seed6.pcf,dhfma,2,874854,198
random_n400_rho1.0_strongly-corr-neg_seed7.pcf,hfma,0,4223578,203
random_n400_rho1.0_strongly-corr-neg_seed7.pcf,dhfma,0,3800045,203
random_n400_rho1.0_strongly-corr-neg_seed7.pcf,hfma,1,3689066,203
random_n400_rho1.0_strongly-corr-neg_seed7.pcf,dhfma,1,3283109,203
random_n400_rho1.0_strongly-corr-neg_seed7.pcf,hfma,2,2422041,203
random_n400_rho1.0_strongly-corr-neg_seed7.pcf,dhfma,2,1940570,203
random_n400_rho1.0_strongly-corr-neg_seed8.pcf,hfma,0,2277629,199
random_n400_rho1.0_strongly-corr-neg_seed8.pcf,dhfma,0,2325761,199
random_n400_rho1.0_strongly-corr-neg_seed8.pcf,hfma,1,2216378,199
random_n400_rho1.0_strongly-corr-neg_seed8.pcf,dhfma,1,883311,199
random_n400_rho1.0_strongly-corr-neg_seed8.pcf,hfma,2,921691,199
random_n400_rho1.0_strongly-corr-neg_seed8.pcf,dhfma,2,877697,199
random_n400_rho1.0_strongly-corr-neg_seed9.pcf,hfma,0,3633275,191
random_n400_rho1.0_strongly-corr-neg_seed9.pcf,dhfma,0,3319936,191
random_n400_rho1.0_strongly-corr-neg_seed9.pcf,hfma,1,3485247,191
random_n400_rho1.0_strongly-corr-neg_seed9.pcf,dhfma,1,3563512,191
random_n400_rho1.0_strongly-corr-neg_seed9.pcf,hfma,2,2863180,191
random_n400_rho1.0_strongly-corr-neg_seed9.pcf,dhfma,2,2766296,191
random_n400_rho1.0_strongly-corr_seed0.pcf,hfma,0,3035702,197
random_n400_rho1.0_strongly-corr_seed0.pcf,dhfma,0,2499292,197
random_n400_rho1.0_strongly-corr_seed0.pcf,hfma,1,1691675,197
random_n400_rho1.0_strongly-corr_seed0.pcf,dhfma,1,1513218,197
random_n400_rho1.0_strongly-corr_seed0.pcf,hfma,2,1080795,197
random_n400_rho1.0_strongly-corr_seed0.pcf,dhfma,2,1036620,197
random_n400_rho1.0_strongly-corr_seed1.pcf,hfma,0,1125716,188
random_n400_rho1.0_strongly-corr_seed1.pcf,dhfma,0,1303143,188
random_n400_rho1.0_strongly-corr_seed1.pcf,hfma,1,1490633,188
random_n400_rho1.0_strongly-corr_seed1.pcf,dhfma,1,1808270,188
random_n400_rho1.0_strongly-corr_seed1.pcf,hfma,2,2090062,188
random_n400_rho1.0_strongly-corr_seed1.pcf,dhfma,2,1961168,188
random_n400_rho1.0_strongly-corr_seed2.pcf,hfma,0,3846026,180
random_n400_rho1.0_strongly-corr_seed2.pcf,dhfma,0,3840793,180
random_n400_rho1.0_strongly-corr_seed2.pcf,hfma,1,3976000,180
random_n400_rho1.0_strongly-corr_seed2.pcf,dhfma,1,3966636,180
random_n400_rho1.0_strongly-corr_seed2.pcf,hfma,2,2752455,180
random_n400_rho1.0_strongly-corr_seed2.pcf,dhfma,2,2093852,180
random_n400_rho1.0_strongly-corr_seed3.pcf,hfma,0,1663660,191
random_n400_rho1.0_strongly-corr_seed3.pcf,dhfma,0,1257281,191
random_n400_rho1.0_strongly-corr_seed3.pcf,hfma,1,1137347,191
random_n400_rho1.0_strongly-corr_seed3.pcf,dhfma,1,863571,191
random_n400_rho1.0_strongly-corr_seed3.pcf,hfma,2,915784,191
random_n400_rho1.0_strongly-corr_seed3.pcf,dhfma,2,851762,191
random_n400_rho1.0_strongly-corr_seed4.pcf,hfma,0,1174363,191
random_n400_rho1.0_strongly-corr_seed4.pcf,dhfma,0,1141977,191
random_n400_rho1.0_strongly-corr_seed4.pcf,hfma,1,1301775,191
random_n400_rho1.0_strongly-corr_seed4.pcf,dhfma,1,1529046,191
random_n400_rho1.0_strongly-corr_seed4.pcf,hfma,2,1472415,191
random_n400_rho1.0_strongly-corr_seed4.pcf,dhfma,2,1355878,191
random_n400_rho1.0_strongly-corr_seed5.pcf,hfma,0,1958323,202
random_n400_rho1.0_strongly-corr_seed5.pcf,dhfma,0,1584999,202
random_n400_rho1.0_strongly-corr_seed5.pcf,hfma,1,1462054,202
random_n400_rho1.0_strongly-corr_seed5.pcf,dhfma,1,1303948,202
random_n400_rho1.0_strongly-corr_seed5.pcf,hfma,2,1105405,202
random_n400_rho1.0_strongly-corr_seed5.pcf,dhfma,2,984528,202
random_n400_rho1.0_strongly-corr_seed6.pcf,hfma,0,2301674,197
random_n400_rho1.0_strongly-corr_seed6.pcf,dhfma,0,2741156,197
random_n400_rho1.0_strongly-corr_seed6.pcf,hfma,1,1747847,197
random_n400_rho1.0_strongly-corr_seed6.pcf,dhfma,1,1534723,197
random_n400_rho1.0_strongly-corr_seed6.pcf,hfma,2,1605467,197
random_n400_rho1.0_strongly-corr_seed6.pcf,dhfma,2,2086732,197
random_n400_rho1.0_strongly-corr_seed7.pcf,hfma,0,2627670,190
random_n400_rho1.0_strongly-corr_seed7.pcf,dhfma,0,1980254,190
random_n400_rho1.0_strongly-corr_seed7.pcf,hfma,1,1555691,190
random_n400_rho1.0_strongly-corr_seed7.pcf,dhfma,1,1427801,190
random_n400_rho1.0_strongly-corr_seed7.pcf,hfma,2,1462379,190
random_n400_rho1.0_strongly-corr_seed7.pcf,dhfma,2,1417888,190
random_n400_rho1.0_strongly-corr_seed8.pcf,hfma,0,1718569,178
random_n400_rho1.0_strongly-corr_seed8.pcf,dhfma,0,2414184,178
random_n400_rho1.0_strongly-corr_seed8.pcf,hfma,1,1544770,178
random_n400_rho1.0_strongly-corr_seed8.pcf,dhfma,1,1952415,178
random_n400_rho1.0_strongly-corr_seed8.pcf,hfma,2,1718699,178
random_n400_rho1.0_strongly-corr_seed8.pcf,dhfma,2,2921680,178
random_n400_rho1.0_strongly-corr_seed9.pcf,hfma,0,3524570,210
random_n400_rho1.0_strongly-corr_seed9.pcf,dhfma,0,2792084,210
random_n400_rho1.0_strongly-corr_seed9.pcf,hfma,1,1814964,210
random_n400_rho1.0_strongly-corr_seed9.pcf,dhfma,1,2123627,210
random_n400_rho1.0_strongly-corr_seed9.pcf,hfma,2,2572972,210
random_n400_rho1.0_strongly-corr_seed9.pcf,dhfma,2,2705777,210
random_n400_rho1.0_uncorr-neg_seed0.pcf,hfma,0,4660607,187
random_n400_rho1.0_uncorr-neg_seed0.pcf,dhfma,0,3295112,187
random_n400_rho1.0_uncorr-neg_seed0.pcf,hfma,1,1669599,187
random_n400_rho1.0_uncorr-neg_seed0.pcf,dhfma,1,2117478,187
random_n400_rho1.0_uncorr-neg_seed0.pcf,hfma,2,2417022,187
random_n400_rho1.0_uncorr-neg_seed0.pcf,dhfma,2,3305768,187
random_n400_rho1.0_uncorr-neg_seed1.pcf,hfma,0,2766869,205
random_n400_rho1.0_uncorr-neg_seed1.pcf,dhfma,0,2103321,205
random_n400_rho1.0_uncorr-neg_seed1.pcf,hfma,1,1609747,205
random_n400_rho1.0_uncorr-neg_seed1.pcf,dhfma,1,1327867,205
random_n400_rho1.0_uncorr-neg_seed1.pcf,hfma,2,898887,205
random_n400_rho1.0_uncorr-neg_seed1.pcf,dhfma,2,931986,205
random_n400_rho1.0_uncorr-neg_seed2.pcf,hfma,0,1408528,196
random_n400_rho1.0_uncorr-neg_seed2.pcf,dhfma,0,1264048,196
random_n400_rho1.0_uncorr-neg_seed2.pcf,hfma,1,1740565,196
random_n400_rho1.0_uncorr-neg_seed2.pcf,dhfma,1,1732716,196
random_n400_rho1.0_uncorr-neg_seed2.pcf,hfma,2,1877390,196
random_n400_rho1.0_uncorr-neg_seed2.pcf,dhfma,2,1357959,196
random_n400_rho1.0_uncorr-neg_seed3.pcf,hfma,0,2286312,192
random_n400_rho1.0_uncorr-neg_seed3.pcf,dhfma,0,2293121,192
random_n400_rho1.0_uncorr-neg_seed3.pcf,hfma,1,1712914,192
random_n400_rho1.0_uncorr-neg_seed3.pcf,dhfma,1,1151716,192
random_n400_rho1.0_uncorr-neg_seed3.pcf,hfma,2,1170419,192
random_n400_rho1.0_uncorr-neg_seed3.pcf,dhfma,2,1315624,192
random_n400_rho1.0_uncorr-neg_seed4.pcf,hfma,0,1984702,186
random_n400_rho1.0_uncorr-neg_seed4.pcf,dhfma,0,1335249,186
random_n400_rho1.0_uncorr-neg_seed4.pcf,hfma,1,1181068,186
random_n400_rho1.0_uncorr-neg_seed4.pcf,dhfma,1,1022826,186
random_n400_rho1.0_uncorr-neg_seed4.pcf,hfma,2,1374785,186
random_n400_rho1.0_uncorr-neg_seed4.pcf,dhfma,2,1234468,186
random_n400_rho1.0_uncorr-neg_seed5.pcf,hfma,0,2064180,202
random_n400_rho1.0_uncorr-neg_seed5.pcf,dhfma,0,1832460,202
random_n400_rho1.0_uncorr-neg_seed5.pcf,hfma,1,1091335,202
random_n400_rho1.0_uncorr-neg_seed5.pcf,dhfma,1,1165393,202
random_n400_rho1.0_uncorr-neg_seed5.pcf,hfma,2,1180710,202
random_n400_rho1.0_uncorr-neg_seed5.pcf,dhfma,2,1535429,202
random_n400_rho1.0_uncorr-neg_seed6.pcf,hfma,0,2024677,197
random_n400_rho1.0_uncorr-neg_seed6.pcf,dhfma,0,1205316,197
random_n400_rho1.0_uncorr-neg_seed6.pcf,hfma,1,1264876,197
random_n400_rho1.0_uncorr-neg_seed6.pcf,dhfma,1,1253647,197
random_n400_rho1.0_uncorr-neg_seed6.pcf,hfma,2,1646086,197
random_n400_rho1.0_uncorr-neg_seed6.pcf,dhfma,2,1658175,197
random_n400_rho1.0_uncorr-neg_seed7.pcf,hfma,0,1689252,222
random_n400_rho1.0_uncorr-neg_seed7.pcf,dhfma,0,1409389,222
random_n400_rho1.0_uncorr-neg_seed7.pcf,hfma,1,1179674,222
random_n400_rho1.0_uncorr-neg_seed7.pcf,dhfma,1,1061301,222
random_n400_rho1.0_uncorr-neg_seed7.pcf,hfma,2,923155,222
random_n400_rho1.0_uncorr-neg_seed7.pcf,dhfma,2,741537,222
random_n400_rho1.0_uncorr-neg_seed8.pcf,hfma,0,1244530,203
random_n400_rho1.0_uncorr-neg_seed8.pcf,dhfma,0,1437491,203
random_n400_rho1.0_uncorr-neg_seed8.pcf,hfma,1,1521825,203
random_n400_rho1.0_uncorr-neg_seed8.pcf,dhfma,1,1840063,203
random_n400_rho1.0_uncorr-neg_seed8.pcf,hfma,2,2097799,203
random_n400_rho1.0_uncorr-neg_seed8.pcf,dhfma,2,2053654,203
random_n400_rho1.0_uncorr-neg_seed9.pcf,hfma,0,2505563,195
random_n400_rho1.0_uncorr-neg_seed9.pcf,dhfma,0,1653959,195
random_n400_rho1.0_uncorr-neg_seed9.pcf,hfma,1,1736224,195
random_n400_rho1.0_uncorr-neg_seed9.pcf,dhfma,1,2089309,195
random_n400_rho1.0_uncorr-neg_seed9.pcf,hfma,2,1304640,195
random_n400_rho1.0_uncorr-neg_seed9.pcf,dhfma,2,1842499,195
random_n400_rho1.0_uncorr_seed0.pcf,hfma,0,3058515,205
random_n400_rho1.0_uncorr_seed0.pcf,dhfma,0,2430840,205
random_n400_rho1.0_uncorr_seed0.pcf,hfma,1,1777668,205
random_n400_rho1.0_uncorr_seed0.pcf,dhfma,1,1139019,205
random_n400_rho1.0_uncorr_seed0.pcf,hfma,2,1159847,205
random_n400_rho1.0_uncorr_seed0.pcf,dhfma,2,1446091,205
random_n400_rho1.0_uncorr_seed1.pcf,hfma,0,1401599,204
random_n400_rho1.0_uncorr_seed1.pcf,dhfma,0,1432805,204
random_n400_rho1.0_uncorr_seed1.pcf,hfma,1,1508041,204
random_n400_rho1.0_uncorr_seed1.pcf,dhfma,1,1780013,204
random_n400_rho1.0_uncorr_seed1.pcf,hfma,2,1926791,204
random_n400_rho1.0_uncorr_seed1.pcf,dhfma,2,1611574,204
random_n400_rho1.0_uncorr_seed2.pcf,hfma,0,2187732,188
random_n400_rho1.0_uncorr_seed2.pcf,dhfma,0,1436331,188
random_n400_rho1.0_uncorr_seed2.pcf,hfma,1,1538561,188
random_n400_rho1.0_uncorr_seed2.pcf,dhfma,1,1611894,188
random_n400_rho1.0_uncorr_seed2.pcf,hfma,2,1963474,188
random_n400_rho1.0_uncorr_seed2.pcf,dhfma,2,2400326,188
random_n400_rho1.0_uncorr_seed3.pcf,hfma,0,3918601,185
random_n400_rho1.0_uncorr_seed3.pcf,dhfma,0,2643066,185
random_n400_rho1.0_uncorr_seed3.pcf,hfma,1,1778492,185
random_n400_rho1.0_uncorr_seed3.pcf,dhfma,1,1537326,185
random_n400_rho1.0_uncorr_seed3.pcf,hfma,2,1930733,185
random_n400_rho1.0_uncorr_seed3.pcf,dhfma,2,2175648,185
random_n400_rho1.0_uncorr_seed4.pcf,hfma,0,1629468,209
random_n400_rho1.0_uncorr_seed4.pcf,dhfma,0,1926504,209
random_n400_rho1.0_uncorr_seed4.pcf,hfma,1,1959618,209
random_n400_rho1.0_uncorr_seed4.pcf,dhfma,1,1753562,209
random_n400_rho1.0_uncorr_seed4.pcf,hfma,2,734653,209
random_n400_rho1.0_uncorr_seed4.pcf,dhfma,2,839253,209
random_n400_rho1.0_uncorr_seed5.pcf,hfma,0,3110583,190
random_n400_rho1.0_uncorr_seed5.pcf,dhfma,0,2681798,190
random_n400_rho1.0_uncorr_seed5.pcf,hfma,1,2428635,190
random_n400_rho1.0_uncorr_seed5.pcf,dhfma,1,3041596,190
random_n400_rho1.0_uncorr_seed5.pcf,hfma,2,3296897,190
random_n400_rho1.0_uncorr_seed5.pcf,dhfma,2,3315213,190
random_n400_rho1.0_uncorr_seed6.pcf,hfma,0,3314545,202
random_n400_rho1.0_uncorr_seed6.pcf,dhfma,0,3602678,202
random_n400_rho1.0_uncorr_seed6.pcf,hfma,1,3085966,202
random_n400_rho1.0_uncorr_seed6.pcf,dhfma,1,2253734,202
random_n400_rho1.0_uncorr_seed6.pcf,hfma,2,1743641,202
random_n400_rho1.0_uncorr_seed6.pcf,dhfma,2,1377591,202
random_n400_rho1.0_uncorr_seed7.pcf,hfma,0,2186055,191
random_n400_rho1.0_uncorr_seed7.pcf,dhfma,0,2470404,191
random_n400_rho1.0_uncorr_seed7.pcf,hfma,1,3521891,191
random_n400_rho1.0_uncorr_seed7.pcf,dhfma,1,2652390,191
random_n400_rho1.0_uncorr_seed7.pcf,hfma,2,2127047,191
random_n400_rho1.0_uncorr_seed7.pcf,dhfma,2,1510799,191
random_n400_rho1.0_uncorr_seed8.pcf,hfma,0,2517968,205
random_n400_rho1.0_uncorr_seed8.pcf,dhfma,0,2983173,205
random_n400_rho1.0_uncorr_seed8.pcf,hfma,1,2855174,205
random_n400_rho1.0_uncorr_seed8.pcf,dhfma,1,3948259,205
random_n400_rho1.0_uncorr_seed8.pcf,hfma,2,2810652,205
random_n400_rho1.0_uncorr_seed8.pcf,dhfma,2,2550424,205
random_n400_rho1.0_uncorr_seed9.pcf,hfma,0,3528052,189
random_n400_rho1.0_uncorr_seed9.pcf,dhfma,0,3200419,189
random_n400_rho1.0_uncorr_seed9.pcf,hfma,1,3618992,189
random_n400_rho1.0_uncorr_seed9.pcf,dhfma,1,3474738,189
random_n400_rho1.0_uncorr_seed9.pcf,hfma,2,2913853,189
random_n400_rho1.0_uncorr_seed9.pcf,dhfma,2,2190706,189
random_n400_rho1.0_weakly-corr-neg_seed0.pcf,hfma,0,3461470,178
random_n400_rho1.0_weakly-corr-neg_seed0.pcf,dhfma,0,3214351,178
random_n400_rho1.0_weakly-corr-neg_seed0.pcf,hfma,1,3775888,178
random_n400_rho1.0_weakly-corr-neg_seed0.pcf,dhfma,1,3205743,178
random_n400_rho1.0_weakly-corr-neg_seed0.pcf,hfma,2,2404035,178
random_n400_rho1.0_weakly-corr-neg_seed0.pcf,dhfma,2,1843930,178
random_n400_rho1.0_weakly-corr-neg_seed1.pcf,hfma,0,2699041,215
random_n400_rho1.0_weakly-corr-neg_seed1.pcf,dhfma,0,2507560,215
random_n400_rho1.0_weakly-corr-neg_seed1.pcf,hfma,1,2998686,215
random_n400_rho1.0_weakly-corr-neg_seed1.pcf,dhfma,1,3152621,215
random_n400_rho1.0_weakly-corr-neg_seed1.pcf,hfma,2,2389878,215
random_n400_rho1.0_weakly-corr-neg_seed1.pcf,dhfma,2,1785130,215
random_n400_rho1.0_weakly-corr-neg_seed2.pcf,hfma,0,4756542,195
random_n400_rho1.0_weakly-corr-neg_seed2.pcf,dhfma,0,4627993,195
random_n400_rho1.0_weakly-corr-neg_seed2.pcf,hfma,1,4729767,195
random_n400_rho1.0_weakly-corr-neg_seed2.pcf,dhfma,1,3349777,195
random_n400_rho1.0_weakly-corr-neg_seed2.pcf,hfma,2,2531927,195
random_n400_rho1.0_weakly-corr-neg_seed2.pcf,dhfma,2,1808721,195
random_n400_rho1.0_weakly-corr-neg_seed3.pcf,hfma,0,1626258,201
random_n400_rho1.0_weakly-corr-neg_seed3.pcf,dhfma,0,1342784,201
random_n400_rho1.0_weakly-corr-neg_seed3.pcf,hfma,1,1533470,201
random_n400_rho1.0_weakly-corr-neg_seed3.pcf,dhfma,1,1780171,201
random_n400_rho1.0_weakly-corr-neg_seed3.pcf,hfma,2,2145073,201
random_n400_rho1.0_weakly-corr-neg_seed3.pcf,dhfma,2,1857487,201
random_n400_rho1.0_weakly-corr-neg_seed4.pcf,hfma,0,4554241,207
random_n400_rho1.0_weakly-corr-neg_seed4.pcf,dhfma,0,4183873,207
random_n400_rho1.0_weakly-corr-neg_seed4.pcf,hfma,1,2459179,207
random_n400_rho1.0_weakly-corr-neg_seed4.pcf,dhfma,1,2017664,207
random_n400_rho1.0_weakly-corr-neg_seed4.pcf,hfma,2,1346707,207
random_n400_rho1.0_weakly-corr-neg_seed4.pcf,dhfma,2,1229149,207
random_n400_rho1.0_weakly-corr-neg_seed5.pcf,hfma,0,967880,214
random_n400_rho1.0_weakly-corr-neg_seed5.pcf,dhfma,0,1116107,214
random_n400_rho1.0_weakly-corr-neg_seed5.pcf,hfma,1,1162836,214
random_n400_rho1.0_weakly-corr-neg_seed5.pcf,dhfma,1,1406155,214
random_n400_rho1.0_weakly-corr-neg_seed5.pcf,hfma,2,1104853,214
random_n400_rho1.0_weakly-corr-neg_seed5.pcf,dhfma,2,875947,214
random_n400_rho1.0_weakly-corr-neg_seed6.pcf,hfma,0,2555918,189
random_n400_rho1.0_weakly-corr-neg_seed6.pcf,dhfma,0,2021939,189
random_n400_rho1.0_weakly-corr-neg_seed6.pcf,hfma,1,1351572,189
random_n400_rho1.0_weakly-corr-neg_seed6.pcf,dhfma,1,1955906,189
random_n400_rho1.0_weakly-corr-neg_seed6.pcf,hfma,2,1987579,189
random_n400_rho1.0_weakly-corr-neg_seed6.pcf,dhfma,2,2850962,189
random_n400_rho1.0_weakly-corr-neg_seed7.pcf,hfma,0,4287238,195
random_n400_rho1.0_weakly-corr-neg_seed7.pcf,dhfma,0,1591124,195
random_n400_rho1.0_weakly-corr-neg_seed7.pcf,hfma,1,2139302,195
random_n400_rho1.0_weakly-corr-neg_seed7.pcf,dhfma,1,3536300,195
random_n400_rho1.0_weakly-corr-neg_seed7.pcf,hfma,2,1656646,195
random_n400_rho1.0_weakly-corr-neg_seed7.pcf,dhfma,2,4158529,195
random_n400_rho1.0_weakly-corr-neg_seed8.pcf,hfma,0,3735299,200
random_n400_rho1.0_weakly-corr-neg_seed8.pcf,dhfma,0,2800756,200
random_n400_rho1.0_weakly-corr-neg_seed8.pcf,hfma,1,1871526,200
random_n400_rho1.0_weakly-corr-neg_seed8.pcf,dhfma,1,1749915,200
random_n400_rho1.0_weakly-corr-neg_seed8.pcf,hfma,2,1896580,200
random_n400_rho1.0_weakly-corr-neg_seed8.pcf,dhfma,2,1395616,200
random_n400_rho1.0_weakly-corr-neg_seed9.pcf,hfma,0,1319189,200
random_n400_rho1.0_weakly-corr-neg_seed9.pcf,dhfma,0,843737,200
random_n400_rho1.0_weakly-corr-neg_seed9.pcf,hfma,1,895644,200
random_n400_rho1.0_weakly-corr-neg_seed9.pcf,dhfma,1,742193,200
random_n400_rho1.0_weakly-corr-neg_seed9.pcf,hfma,2,880778,200
random_n400_rho1.0_weakly-corr-neg_seed9.pcf,dhfma,2,782384,200
random_n400_rho1.0_weakly-corr_seed0.pcf,hfma,0,889673,203
random_n400_rho1.0_weakly-corr_seed0.pcf,dhfma,0,855034,203
random_n400_rho1.0_weakly-corr_seed0.pcf,hfma,1,862609,203
random_n400_rho1.0_weakly-corr_seed0.pcf,dhfma,1,789787,203
random_n400_rho1.0_weakly-corr_seed0.pcf,hfma,2,861523,203
random_n400_rho1.0_weakly-corr_seed0.pcf,dhfma,2,832288,203
random_n400_rho1.0_weakly-corr_seed1.pcf,hfma,0,1033169,199
random_n400_rho1.0_weakly-corr_seed1.pcf,dhfma,0,819658,199
random_n400_rho1.0_weakly-corr_seed1.pcf,hfma,1,832404,199
random_n400_rho1.0_weakly-corr_seed1.pcf,dhfma,1,808982,199
random_n400_rho1.0_weakly-corr_seed1.pcf,hfma,2,845704,199
random_n400_rho1.0_weakly-corr_seed1.pcf,dhfma,2,948938,199
random_n400_rho1.0_weakly-corr_seed2.pcf,hfma,0,1618126,193
random_n400_rho1.0_weakly-corr_seed2.pcf,dhfma,0,1088175,193
random_n400_rho1.0_weakly-corr_seed2.pcf,hfma,1,1076061,193
random_n400_rho1.0_weakly-corr_seed2.pcf,dhfma,1,1082594,193
random_n400_rho1.0_weakly-corr_seed2.pcf,hfma,2,1089881,193
random_n400_rho1.0_weakly-corr_seed2.pcf,dhfma,2,1054815,193
random_n400_rho1.0_weakly-corr_seed3.pcf,hfma,0,1264152,202
random_n400_rho1.0_weakly-corr_seed3.pcf,dhfma,0,1194859,202
random_n400_rho1.0_weakly-corr_seed3.pcf,hfma,1,1187892,202
random_n400_rho1.0_weakly-corr_seed3.pcf,dhfma,1,1176633,202
random_n400_rho1.0_weakly-corr_seed3.pcf,hfma,2,1188175,202
random_n400_rho1.0_weakly-corr_seed3.pcf,dhfma,2,823479,202
random_n400_rho1.0_weakly-corr_seed4.pcf,hfma,0,1648752,186
random_n400_rho1.0_weakly-corr_seed4.pcf,dhfma,0,1446365,186
random_n400_rho1.0_weakly-corr_seed4.pcf,hfma,1,1476085,186
random_n400_rho1.0_weakly-corr_seed4.pcf,dhfma,1,1427348,186
random_n400_rho1.0_weakly-corr_seed4.pcf,hfma,2,1467449,186
random_n400_rho1.0_weakly-corr_seed4.pcf,dhfma,2,1438635,186
random_n400_rho1.0_weakly-corr_seed5.pcf,hfma,0,952190,210
random_n400_rho1.0_weakly-corr_seed5.pcf,dhfma,0,886113,210
random_n400_rho1.0_weakly-corr_seed5.pcf,hfma,1,794863,210
random_n400_rho1.0_weakly-corr_seed5.pcf,dhfma,1,885230,210
random_n400_rho1.0_weakly-corr_seed5.pcf,hfma,2,772659,210
random_n400_rho1.0_weakly-corr_seed5.pcf,dhfma,2,881123,210
random_n400_rho1.0_weakly-corr_seed6.pcf,hfma,0,1875490,198
random_n400_rho1.0_weakly-corr_seed6.pcf,dhfma,0,1328317,198
random_n400_rho1.0_weakly-corr_seed6.pcf,hfma,1,1588091,198
random_n400_rho1.0_weakly-corr_seed6.pcf,dhfma,1,1262874,198
random_n400_rho1.0_weakly-corr_seed6.pcf,hfma,2,1555052,198
random_n400_rho1.0_weakly-corr_seed6.pcf,dhfma,2,1262664,198
random_n400_rho1.0_weakly-corr_seed7.pcf,hfma,0,1607426,204
random_n400_rho1.0_weakly-corr_seed7.pcf,dhfma,0,1631806,204
random_n400_rho1.0_weakly-corr_seed7.pcf,hfma,1,1135114,204
random_n400_rho1.0_weakly-corr_seed7.pcf,dhfma,1,1136264,204
random_n400_rho1.0_weakly-corr_seed7.pcf,hfma,2,1087628,204
random_n400_rho1.0_weakly-corr_seed7.pcf,dhfma,2,1098087,204
random_n400_rho1.0_weakly-corr_seed8.pcf,hfma,0,1196528,189
random_n400_rho1.0_weakly-corr_seed8.pcf,dhfma,0,1002390,189
random_n400_rho1.0_weakly-corr_seed8.pcf,hfma,1,812634,189
random_n400_rho1.0_weakly-corr_seed8.pcf,dhfma,1,848081,189
random_n400_rho1.0_weakly-corr_seed8.pcf,hfma,2,806191,189
random_n400_rho1.0_weakly-corr_seed8.pcf,dhfma,2,893816,189
random_n400_rho1.0_weakly-corr_seed9.pcf,hfma,0,1464829,195
random_n400_rho1.0_weakly-corr_seed9.pcf,dhfma,0,1379114,195
random_n400_rho1.0_weakly-corr_seed9.pcf,hfma,1,999479,195
random_n400_rho1.0_weakly-corr_seed9.pcf,dhfma,1,1047216,195
random_n400_rho1.0_weakly-corr_seed9.pcf,hfma,2,989632,195
random_n400_rho1.0_weakly-corr_seed9.pcf,dhfma,2,1042993,195
random_n500_rho0.3_strongly-corr-neg_seed0.pcf,hfma,0,261927,384
random_n500_rho0.3_strongly-corr-neg_seed0.pcf,dhfma,0,288329,384
random_n500_rho0.3_strongly-corr-neg_seed0.pcf,hfma,1,214330,384
random_n500_rho0.3_strongly-corr-neg_seed0.pcf,dhfma,1,259460,384
random_n500_rho0.3_strongly-corr-neg_seed0.pcf,hfma,2,211373,384
random_n500_rho0.3_strongly-corr-neg_seed0.pcf,dhfma,2,248801,384
random_n500_rho0.3_strongly-corr-neg_seed1.pcf,hfma,0,283451,373
random_n500_rho0.3_strongly-corr-neg_seed1.pcf,dhfma,0,325119,373
random_n500_rho0.3_strongly-corr-neg_seed1.pcf,hfma,1,244512,373
random_n500_rho0.3_strongly-corr-neg_seed1.pcf,dhfma,1,204953,373
random_n500_rho0.3_strongly-corr-neg_seed1.pcf,hfma,2,171314,373
random_n500_rho0.3_strongly-corr-neg_seed1.pcf,dhfma,2,176412,373
random_n500_rho0.3_strongly-corr-neg_seed2.pcf,hfma,0,223803,388
random_n500_rho0.3_strongly-corr-neg_seed2.pcf,dhfma,0,201687,388
random_n500_rho0.3_strongly-corr-neg_seed2.pcf,hfma,1,155665,388
random_n500_rho0.3_strongly-corr-neg_seed2.pcf,dhfma,1,180963,388
random_n500_rho0.3_strongly-corr-neg_seed2.pcf,hfma,2,152469,388
random_n500_rho0.3_strongly-corr-neg_seed2.pcf,dhfma,2,179273,388
random_n500_rho0.3_strongly-corr-neg_seed3.pcf,hfma,0,272837,384
random_n500_rho0.3_strongly-corr-neg_seed3.pcf,dhfma,0,300192,384
random_n500_rho0.3_strongly-corr-neg_seed3.pcf,hfma,1,233385,384
random_n500_rho0.3_strongly-corr-neg_seed3.pcf,dhfma,1,267655,384
random_n500_rho0.3_strongly-corr-neg_seed3.pcf,hfma,2,222239,384
random_n500_rho0.3_strongly-corr-neg_seed3.pcf,dhfma,2,262052,384
random_n500_rho0.3_strongly-corr-neg_seed4.pcf,hfma,0,212098,391
random_n500_rho0.3_strongly-corr-neg_seed4.pcf,dhfma,0,225044,391
random_n500_rho0.3_strongly-corr-neg_seed4.pcf,hfma,1,172063,391
random_n500_rho0.3_strongly-corr-neg_seed4.pcf,dhfma,1,206444,391
random_n500_rho0.3_strongly-corr-neg_seed4.pcf,hfma,2,168945,391
random_n500_rho0.3_strongly-corr-neg_seed4.pcf,dhfma,2,198015,391
random_n500_rho0.3_strongly-corr-neg_seed5.pcf,hfma,0,309803,364
random_n500_rho0.3_strongly-corr-neg_seed5.pcf,dhfma,0,209182,364
random_n500_rho0.3_strongly-corr-neg_seed5.pcf,hfma,1,167761,364
random_n500_rho0.3_strongly-corr-neg_seed5.pcf,dhfma,1,178864,364
random_n500_rho0.3_strongly-corr-neg_seed5.pcf,hfma,2,160603,364
random_n500_rho0.3_strongly-corr-neg_seed5.pcf,dhfma,2,179750,364
random_n500_rho0.3_strongly-corr-neg_seed6.pcf,hfma,0,278025,385
random_n500_rho0.3_strongly-corr-neg_seed6.pcf,dhfma,0,307492,385
random_n500_rho0.3_strongly-corr-neg_seed6.pcf,hfma,1,241614,385
random_n500_rho0.3_strongly-corr-neg_seed6.pcf,dhfma,1,275971,385
random_n500_rho0.3_strongly-corr-neg_seed6.pcf,hfma,2,230807,385
random_n500_rho0.3_strongly-corr-neg_seed6.pcf,dhfma,2,270767,385
random_n500_rho0.3_strongly-corr-neg_seed7.pcf,hfma,0,289044,366
random_n500_rho0.3_strongly-corr-neg_seed7.pcf,dhfma,0,320551,366
random_n500_rho0.3_strongly-corr-neg_seed7.pcf,hfma,1,248369,366
random_n500_rho0.3_strongly-corr-neg_seed7.pcf,dhfma,1,292326,366
random_n500_rho0.3_strongly-corr-neg_seed7.pcf,hfma,2,240666,366
random_n500_rho0.3_strongly-corr-neg_seed7.pcf,dhfma,2,304309,366
random_n500_rho0.3_strongly-corr-neg_seed8.pcf,hfma,0,254466,367
random_n500_rho0.3_strongly-corr-neg_seed8.pcf,dhfma,0,291202,367
random_n500_rho0.3_strongly-corr-neg_seed8.pcf,hfma,1,226285,367
random_n500_rho0.3_strongly-corr-neg_seed8.pcf,dhfma,1,268566,367
random_n500_rho0.3_strongly-corr-neg_seed8.pcf,hfma,2,225933,367
random_n500_rho0.3_strongly-corr-neg_seed8.pcf,dhfma,2,264068,367
random_n500_rho0.3_strongly-corr-neg_seed9.pcf,hfma,0,304127,385
random_n500_rho0.3_strongly-corr-neg_seed9.pcf,dhfma,0,337804,385
random_n500_rho0.3_strongly-corr-neg_seed9.pcf,hfma,1,208074,385
random_n500_rho0.3_strongly-corr-neg_seed9.pcf,dhfma,1,219004,385
random_n500_rho0.3_strongly-corr-neg_seed9.pcf,hfma,2,177210,385
random_n500_rho0.3_strongly-corr-neg_seed9.pcf,dhfma,2,206447,385
random_n500_rho0.3_strongly-corr_seed0.pcf,hfma,0,188057,361
random_n500_rho0.3_strongly-corr_seed0.pcf,dhfma,0,190326,361
random_n500_rho0.3_strongly-corr_seed0.pcf,hfma,1,148704,361
random_n500_rho0.3_strongly-corr_seed0.pcf,dhfma,1,166828,361
random_n500_rho0.3_strongly-corr_seed0.pcf,hfma,2,143977,361
random_n500_rho0.3_strongly-corr_seed0.pcf,dhfma,2,179522,361
random_n500_rho0.3_strongly-corr_seed1.pcf,hfma,0,260041,369
random_n500_rho0.3_strongly-corr_seed1.pcf,dhfma,0,293806,369
random_n500_rho0.3_strongly-corr_seed1.pcf,hfma,1,217145,369
random_n500_rho0.3_strongly-corr_seed1.pcf,dhfma,1,265514,369
random_n500_rho0.3_strongly-corr_seed1.pcf,hfma,2,208767,369
random_n500_rho0.3_strongly-corr_seed1.pcf,dhfma,2,267042,369
random_n500_rho0.3_strongly-corr_seed2.pcf,hfma,0,276017,368
random_n500_rho0.3_strongly-corr_seed2.pcf,dhfma,0,313070,368
random_n500_rho0.3_strongly-corr_seed2.pcf,hfma,1,205948,368
random_n500_rho0.3_strongly-corr_seed2.pcf,dhfma,1,193948,368
random_n500_rho0.3_strongly-corr_seed2.pcf,hfma,2,145359,368
random_n500_rho0.3_strongly-corr_seed2.pcf,dhfma,2,177368,368
random_n500_rho0.3_strongly-corr_seed3.pcf,hfma,0,301063,335
random_n500_rho0.3_strongly-corr_seed3.pcf,dhfma,0,328908,335
random_n500_rho0.3_strongly-corr_seed3.pcf,hfma,1,261376,335
random_n500_rho0.3_strongly-corr_seed3.pcf,dhfma,1,292619,335
random_n500_rho0.3_strongly-corr_seed3.pcf,hfma,2,256610,335
random_n500_rho0.3_strongly-corr_seed3.pcf,dhfma,2,289776,335
random_n500_rho0.3_strongly-corr_seed4.pcf,hfma,0,311391,360
random_n500_rho0.3_strongly-corr_seed4.pcf,dhfma,0,339219,360
random_n500_rho0.3_strongly-corr_seed4.pcf,hfma,1,267123,360
random_n500_rho0.3_strongly-corr_seed4.pcf,dhfma,1,201922,360
random_n500_rho0.3_strongly-corr_seed4.pcf,hfma,2,183711,360
random_n500_rho0.3_strongly-corr_seed4.pcf,dhfma,2,190459,360
random_n500_rho0.3_strongly-corr_seed5.pcf,hfma,0,308255,368
random_n500_rho0.3_strongly-corr_seed5.pcf,dhfma,0,312923,368
random_n500_rho0.3_strongly-corr_seed5.pcf,hfma,1,251006,368
random_n500_rho0.3_strongly-corr_seed5.pcf,dhfma,1,295384,368
random_n500_rho0.3_strongly-corr_seed5.pcf,hfma,2,246800,368
random_n500_rho0.3_strongly-corr_seed5.pcf,dhfma,2,273708,368
random_n500_rho0.3_strongly-corr_seed6.pcf,hfma,0,275577,350
random_n500_rho0.3_strongly-corr_seed6.pcf,dhfma,0,302164,350
random_n500_rho0.3_strongly-corr_seed6.pcf,hfma,1,230095,350
random_n500_rho0.3_strongly-corr_seed6.pcf,dhfma,1,292588,350
random_n500_rho0.3_strongly-corr_seed6.pcf,hfma,2,153961,350
random_n500_rho0.3_strongly-corr_seed6.pcf,dhfma,2,175999,350
random_n500_rho0.3_strongly-corr_seed7.pcf,hfma,0,298074,361
random_n500_rho0.3_strongly-corr_seed7.pcf,dhfma,0,179563,361
random_n500_rho0.3_strongly-corr_seed7.pcf,hfma,1,143942,361
random_n500_rho0.3_strongly-corr_seed7.pcf,dhfma,1,154198,361
random_n500_rho0.3_strongly-corr_seed7.pcf,hfma,2,135111,361
random_n500_rho0.3_strongly-corr_seed7.pcf,dhfma,2,149961,361
random_n500_rho0.3_strongly-corr_seed8.pcf,hfma,0,290924,337
random_n500_rho0.3_strongly-corr_seed8.pcf,dhfma,0,317469,337
random_n500_rho0.3_strongly-corr_seed8.pcf,hfma,1,255241,337
random_n500_rho0.3_strongly-corr_seed8.pcf,dhfma,1,290357,337
random_n500_rho0.3_strongly-corr_seed8.pcf,hfma,2,252649,337
random_n500_rho0.3_strongly-corr_seed8.pcf,dhfma,2,287545,337
random_n500_rho0.3_strongly-corr_seed9.pcf,hfma,0,318695,343
random_n500_rho0.3_strongly-corr_seed9.pcf,dhfma,0,339906,343
random_n500_rho0.3_strongly-corr_seed9.pcf,hfma,1,305041,343
random_n500_rho0.3_strongly-corr_seed9.pcf,dhfma,1,213173,343
random_n500_rho0.3_strongly-corr_seed9.pcf,hfma,2,187641,343
random_n500_rho0.3_strongly-corr_seed9.pcf,dhfma,2,191151,343
random_n500_rho0.3_uncorr-neg_seed0.pcf,hfma,0,184023,438
random_n500_rho0.3_uncorr-neg_seed0.pcf,dhfma,0,207844,438
random_n500_rho0.3_uncorr-neg_seed0.pcf,hfma,1,157313,438
random_n500_rho0.3_uncorr-neg_seed0.pcf,dhfma,1,178131,438
random_n500_rho0.3_uncorr-neg_seed0.pcf,hfma,2,146770,438
random_n500_rho0.3_uncorr-neg_seed0.pcf,dhfma,2,174963,438
random_n500_rho0.3_uncorr-neg_seed1.pcf,hfma,0,323246,411
random_n500_rho0.3_uncorr-neg_seed1.pcf,dhfma,0,339708,411
random_n500_rho0.3_uncorr-neg_seed1.pcf,hfma,1,255218,411
random_n500_rho0.3_uncorr-neg_seed1.pcf,dhfma,1,316848,411
random_n500_rho0.3_uncorr-neg_seed1.pcf,hfma,2,251181,411
random_n500_rho0.3_uncorr-neg_seed1.pcf,dhfma,2,302148,411
random_n500_rho0.3_uncorr-neg_seed2.pcf,hfma,0,192023,430
random_n500_rho0.3_uncorr-neg_seed2.pcf,dhfma,0,210525,430
random_n500_rho0.3_uncorr-neg_seed2.pcf,hfma,1,153915,430
random_n500_rho0.3_uncorr-neg_seed2.pcf,dhfma,1,188905,430
random_n500_rho0.3_uncorr-neg_seed2.pcf,hfma,2,153170,430
random_n500_rho0.3_uncorr-neg_seed2.pcf,dhfma,2,192863,430
random_n500_rho0.3_uncorr-neg_seed3.pcf,hfma,0,268524,433
random_n500_rho0.3_uncorr-neg_seed3.pcf,dhfma,0,296687,433
random_n500_rho0.3_uncorr-neg_seed3.pcf,hfma,1,225581,433
random_n500_rho0.3_uncorr-neg_seed3.pcf,dhfma,1,269394,433
random_n500_rho0.3_uncorr-neg_seed3.pcf,hfma,2,222419,433
random_n500_rho0.3_uncorr-neg_seed3.pcf,dhfma,2,280525,433
random_n500_rho0.3_uncorr-neg_seed4.pcf,hfma,0,185414,435
random_n500_rho0.3_uncorr-neg_seed4.pcf,dhfma,0,210623,435
random_n500_rho0.3_uncorr-neg_seed4.pcf,hfma,1,151134,435
random_n500_rho0.3_uncorr-neg_seed4.pcf,dhfma,1,180600,435
random_n500_rho0.3_uncorr-neg_seed4.pcf,hfma,2,148966,435
random_n500_rho0.3_uncorr-neg_seed4.pcf,dhfma,2,178630,435
random_n500_rho0.3_uncorr-neg_seed5.pcf,hfma,0,195455,417
random_n500_rho0.3_uncorr-neg_seed5.pcf,dhfma,0,214631,417
random_n500_rho0.3_uncorr-neg_seed5.pcf,hfma,1,163363,417
random_n500_rho0.3_uncorr-neg_seed5.pcf,dhfma,1,196138,417
random_n500_rho0.3_uncorr-neg_seed5.pcf,hfma,2,156020,417
random_n500_rho0.3_uncorr-neg_seed5.pcf,dhfma,2,185807,417
random_n500_rho0.3_uncorr-neg_seed6.pcf,hfma,0,343794,419
random_n500_rho0.3_uncorr-neg_seed6.pcf,dhfma,0,362587,419
random_n500_rho0.3_uncorr-neg_seed6.pcf,hfma,1,288431,419
random_n500_rho0.3_uncorr-neg_seed6.pcf,dhfma,1,376897,419
random_n500_rho0.3_uncorr-neg_seed6.pcf,hfma,2,204047,419
random_n500_rho0.3_uncorr-neg_seed6.pcf,dhfma,2,214223,419
random_n500_rho0.3_uncorr-neg_seed7.pcf,hfma,0,316216,409
random_n500_rho0.3_uncorr-neg_seed7.pcf,dhfma,0,377133,409
random_n500_rho0.3_uncorr-neg_seed7.pcf,hfma,1,331390,409
random_n500_rho0.3_uncorr-neg_seed7.pcf,dhfma,1,220573,409
random_n500_rho0.3_uncorr-neg_seed7.pcf,hfma,2,177369,409
random_n500_rho0.3_uncorr-neg_seed7.pcf,dhfma,2,200756,409
random_n500_rho0.3_uncorr-neg_seed8.pcf,hfma,0,283485,433
random_n500_rho0.3_uncorr-neg_seed8.pcf,dhfma,0,328553,433
random_n500_rho0.3_uncorr-neg_seed8.pcf,hfma,1,241435,433
random_n500_rho0.3_uncorr-neg_seed8.pcf,dhfma,1,303778,433
random_n500_rho0.3_uncorr-neg_seed8.pcf,hfma,2,231516,433
random_n500_rho0.3_uncorr-neg_seed8.pcf,dhfma,2,287784,433
random_n500_rho0.3_uncorr-neg_seed9.pcf,hfma,0,322635,433
random_n500_rho0.3_uncorr-neg_seed9.pcf,dhfma,0,360845,433
random_n500_rho0.3_uncorr-neg_seed9.pcf,hfma,1,273256,433
random_n500_rho0.3_uncorr-neg_seed9.pcf,dhfma,1,331664,433
random_n500_rho0.3_uncorr-neg_seed9.pcf,hfma,2,264284,433
random_n500_rho0.3_uncorr-neg_seed9.pcf,dhfma,2,326481,433
random_n500_rho0.3_uncorr_seed0.pcf,hfma,0,267561,433
random_n500_rho0.3_uncorr_seed0.pcf,dhfma,0,312763,433
random_n500_rho0.3_uncorr_seed0.pcf,hfma,1,224605,433
random_n500_rho0.3_uncorr_seed0.pcf,dhfma,1,283702,433
random_n500_rho0.3_uncorr_seed0.pcf,hfma,2,223265,433
random_n500_rho0.3_uncorr_seed0.pcf,dhfma,2,287820,433
random_n500_rho0.3_uncorr_seed1.pcf,hfma,0,195271,425
random_n500_rho0.3_uncorr_seed1.pcf,dhfma,0,216533,425
random_n500_rho0.3_uncorr_seed1.pcf,hfma,1,174155,425
random_n500_rho0.3_uncorr_seed1.pcf,dhfma,1,189379,425
random_n500_rho0.3_uncorr_seed1.pcf,hfma,2,159560,425
random_n500_rho0.3_uncorr_seed1.pcf,dhfma,2,181709,425
random_n500_rho0.3_uncorr_seed2.pcf,hfma,0,204464,428
random_n500_rho0.3_uncorr_seed2.pcf,dhfma,0,227843,428
random_n500_rho0.3_uncorr_seed2.pcf,hfma,1,173105,428
random_n500_rho0.3_uncorr_seed2.pcf,dhfma,1,204783,428
random_n500_rho0.3_uncorr_seed2.pcf,hfma,2,164319,428
random_n500_rho0.3_uncorr_seed2.pcf,dhfma,2,197177,428
random_n500_rho0.3_uncorr_seed3.pcf,hfma,0,286094,420
random_n500_rho0.3_uncorr_seed3.pcf,dhfma,0,326853,420
random_n500_rho0.3_uncorr_seed3.pcf,hfma,1,250398,420
random_n500_rho0.3_uncorr_seed3.pcf,dhfma,1,294536,420
random_n500_rho0.3_uncorr_seed3.pcf,hfma,2,241123,420
random_n500_rho0.3_uncorr_seed3.pcf,dhfma,2,289090,420
random_n500_rho0.3_uncorr_seed4.pcf,hfma,0,291619,416
random_n500_rho0.3_uncorr_seed4.pcf,dhfma,0,336317,416
random_n500_rho0.3_uncorr_seed4.pcf,hfma,1,247859,416
random_n500_rho0.3_uncorr_seed4.pcf,dhfma,1,217424,416
random_n500_rho0.3_uncorr_seed4.pcf,hfma,2,174621,416
random_n500_rho0.3_uncorr_seed4.pcf,dhfma,2,196804,416
random_n500_rho0.3_uncorr_seed5.pcf,hfma,0,289063,418
random_n500_rho0.3_uncorr_seed5.pcf,dhfma,0,330744,418
random_n500_rho0.3_uncorr_seed5.pcf,hfma,1,249182,418
random_n500_rho0.3_uncorr_seed5.pcf,dhfma,1,303550,418
random_n500_rho0.3_uncorr_seed5.pcf,hfma,2,244048,418
random_n500_rho0.3_uncorr_seed5.pcf,dhfma,2,294144,418
random_n500_rho0.3_uncorr_seed6.pcf,hfma,0,299451,427
random_n500_rho0.3_uncorr_seed6.pcf,dhfma,0,335273,427
random_n500_rho0.3_uncorr_seed6.pcf,hfma,1,298316,427
random_n500_rho0.3_uncorr_seed6.pcf,dhfma,1,313987,427
random_n500_rho0.3_uncorr_seed6.pcf,hfma,2,256343,427
random_n500_rho0.3_uncorr_seed6.pcf,dhfma,2,314014,427
random_n500_rho0.3_uncorr_seed7.pcf,hfma,0,182657,417
random_n500_rho0.3_uncorr_seed7.pcf,dhfma,0,206077,417
random_n500_rho0.3_uncorr_seed7.pcf,hfma,1,153358,417
random_n500_rho0.3_uncorr_seed7.pcf,dhfma,1,177796,417
random_n500_rho0.3_uncorr_seed7.pcf,hfma,2,145787,417
random_n500_rho0.3_uncorr_seed7.pcf,dhfma,2,178352,417
random_n500_rho0.3_uncorr_seed8.pcf,hfma,0,290914,420
random_n500_rho0.3_uncorr_seed8.pcf,dhfma,0,327975,420
random_n500_rho0.3_uncorr_seed8.pcf,hfma,1,173570,420
random_n500_rho0.3_uncorr_seed8.pcf,dhfma,1,193434,420
random_n500_rho0.3_uncorr_seed8.pcf,hfma,2,161774,420
random_n500_rho0.3_uncorr_seed8.pcf,dhfma,2,178923,420
random_n500_rho0.3_uncorr_seed9.pcf,hfma,0,236453,426
random_n500_rho0.3_uncorr_seed9.pcf,dhfma,0,248686,426
random_n500_rho0.3_uncorr_seed9.pcf,hfma,1,196023,426
random_n500_rho0.3_uncorr_seed9.pcf,dhfma,1,226724,426
random_n500_rho0.3_uncorr_seed9.pcf,hfma,2,204061,426
random_n500_rho0.3_uncorr_seed9.pcf,dhfma,2,217097,426
random_n500_rho0.3_weakly-corr-neg_seed0.pcf,hfma,0,279851,424
random_n500_rho0.3_weakly-corr-neg_seed0.pcf,dhfma,0,331218,424
random_n500_rho0.3_weakly-corr-neg_seed0.pcf,hfma,1,243833,424
random_n500_rho0.3_weakly-corr-neg_seed0.pcf,dhfma,1,287492,424
random_n500_rho0.3_weakly-corr-neg_seed0.pcf,hfma,2,243265,424
random_n500_rho0.3_weakly-corr-neg_seed0.pcf,dhfma,2,259158,424
random_n500_rho0.3_weakly-corr-neg_seed1.pcf,hfma,0,229187,427
random_n500_rho0.3_weakly-corr-neg_seed1.pcf,dhfma,0,295158,427
random_n500_rho0.3_weakly-corr-neg_seed1.pcf,hfma,1,255500,427
random_n500_rho0.3_weakly-corr-neg_seed1.pcf,dhfma,1,295945,427
random_n500_rho0.3_weakly-corr-neg_seed1.pcf,hfma,2,253758,427
random_n500_rho0.3_weakly-corr-neg_seed1.pcf,dhfma,2,271639,427
random_n500_rho0.3_weakly-corr-neg_seed2.pcf,hfma,0,191282,420
random_n500_rho0.3_weakly-corr-neg_seed2.pcf,dhfma,0,219280,420
random_n500_rho0.3_weakly-corr-neg_seed2.pcf,hfma,1,169818,420
random_n500_rho0.3_weakly-corr-neg_seed2.pcf,dhfma,1,203904,420
random_n500_rho0.3_weakly-corr-neg_seed2.pcf,hfma,2,157738,420
random_n500_rho0.3_weakly-corr-neg_seed2.pcf,dhfma,2,187714,420
random_n500_rho0.3_weakly-corr-neg_seed3.pcf,hfma,0,300160,422
random_n500_rho0.3_weakly-corr-neg_seed3.pcf,dhfma,0,354431,422
random_n500_rho0.3_weakly-corr-neg_seed3.pcf,hfma,1,247351,422
random_n500_rho0.3_weakly-corr-neg_seed3.pcf,dhfma,1,309904,422
random_n500_rho0.3_weakly-corr-neg_seed3.pcf,hfma,2,237770,422
random_n500_rho0.3_weakly-corr-neg_seed3.pcf,dhfma,2,293232,422
random_n500_rho0.3_weakly-corr-neg_seed4.pcf,hfma,0,287106,420
random_n500_rho0.3_weakly-corr-neg_seed4.pcf,dhfma,0,313916,420
random_n500_rho0.3_weakly-corr-neg_seed4.pcf,hfma,1,257368,420
random_n500_rho0.3_weakly-corr-neg_seed4.pcf,dhfma,1,197121,420
random_n500_rho0.3_weakly-corr-neg_seed4.pcf,hfma,2,167682,420
random_n500_rho0.3_weakly-corr-neg_seed4.pcf,dhfma,2,179790,420
random_n500_rho0.3_weakly-corr-neg_seed5.pcf,hfma,0,210154,407
random_n500_rho0.3_weakly-corr-neg_seed5.pcf,dhfma,0,227628,407
random_n500_rho0.3_weakly-corr-neg_seed5.pcf,hfma,1,188547,407
random_n500_rho0.3_weakly-corr-neg_seed5.pcf,dhfma,1,198327,407
random_n500_rho0.3_weakly-corr-neg_seed5.pcf,hfma,2,178014,407
random_n500_rho0.3_weakly-corr-neg_seed5.pcf,dhfma,2,195534,407
random_n500_rho0.3_weakly-corr-neg_seed6.pcf,hfma,0,326909,413
random_n500_rho0.3_weakly-corr-neg_seed6.pcf,dhfma,0,369750,413
random_n500_rho0.3_weakly-corr-neg_seed6.pcf,hfma,1,280280,413
random_n500_rho0.3_weakly-corr-neg_seed6.pcf,dhfma,1,229371,413
random_n500_rho0.3_weakly-corr-neg_seed6.pcf,hfma,2,186609,413
random_n500_rho0.3_weakly-corr-neg_seed6.pcf,dhfma,2,206007,413
random_n500_rho0.3_weakly-corr-neg_seed7.pcf,hfma,0,305600,415
random_n500_rho0.3_weakly-corr-neg_seed7.pcf,dhfma,0,330673,415
random_n500_rho0.3_weakly-corr-neg_seed7.pcf,hfma,1,264965,415
random_n500_rho0.3_weakly-corr-neg_seed7.pcf,dhfma,1,310754,415
random_n500_rho0.3_weakly-corr-neg_seed7.pcf,hfma,2,256164,415
random_n500_rho0.3_weakly-corr-neg_seed7.pcf,dhfma,2,302965,415
random_n500_rho0.3_weakly-corr-neg_seed8.pcf,hfma,0,274224,429
random_n500_rho0.3_weakly-corr-neg_seed8.pcf,dhfma,0,307240,429
random_n500_rho0.3_weakly-corr-neg_seed8.pcf,hfma,1,242713,429
random_n500_rho0.3_weakly-corr-neg_seed8.pcf,dhfma,1,273699,429
random_n500_rho0.3_weakly-corr-neg_seed8.pcf,hfma,2,235609,429
random_n500_rho0.3_weakly-corr-neg_seed8.pcf,dhfma,2,271899,429
random_n500_rho0.3_weakly-corr-neg_seed9.pcf,hfma,0,200855,424
random_n500_rho0.3_weakly-corr-neg_seed9.pcf,dhfma,0,217330,424
random_n500_rho0.3_weakly-corr-neg_seed9.pcf,hfma,1,167157,424
random_n500_rho0.3_weakly-corr-neg_seed9.pcf,dhfma,1,195476,424
random_n500_rho0.3_weakly-corr-neg_seed9.pcf,hfma,2,163137,424
random_n500_rho0.3_weakly-corr-neg_seed9.pcf,dhfma,2,185947,424
random_n500_rho0.3_weakly-corr_seed0.pcf,hfma,0,268669,430
random_n500_rho0.3_weakly-corr_seed0.pcf,dhfma,0,313336,430
random_n500_rho0.3_weakly-corr_seed0.pcf,hfma,1,227773,430
random_n500_rho0.3_weakly-corr_seed0.pcf,dhfma,1,279036,430
random_n500_rho0.3_weakly-corr_seed0.pcf,hfma,2,223667,430
random_n500_rho0.3_weakly-corr_seed0.pcf,dhfma,2,280343,430
random_n500_rho0.3_weakly-corr_seed1.pcf,hfma,0,286117,418
random_n500_rho0.3_weakly-corr_seed1.pcf,dhfma,0,335412,418
random_n500_rho0.3_weakly-corr_seed1.pcf,hfma,1,246972,418
random_n500_rho0.3_weakly-corr_seed1.pcf,dhfma,1,296852,418
random_n500_rho0.3_weakly-corr_seed1.pcf,hfma,2,269970,418
random_n500_rho0.3_weakly-corr_seed1.pcf,dhfma,2,203620,418
random_n500_rho0.3_weakly-corr_seed2.pcf,hfma,0,181051,434
random_n500_rho0.3_weakly-corr_seed2.pcf,dhfma,0,199598,434
random_n500_rho0.3_weakly-corr_seed2.pcf,hfma,1,154657,434
random_n500_rho0.3_weakly-corr_seed2.pcf,dhfma,1,173079,434
random_n500_rho0.3_weakly-corr_seed2.pcf,hfma,2,148051,434
random_n500_rho0.3_weakly-corr_seed2.pcf,dhfma,2,168124,434
random_n500_rho0.3_weakly-corr_seed3.pcf,hfma,0,287923,427
random_n500_rho0.3_weakly-corr_seed3.pcf,dhfma,0,313876,427
random_n500_rho0.3_weakly-corr_seed3.pcf,hfma,1,233935,427
random_n500_rho0.3_weakly-corr_seed3.pcf,dhfma,1,277487,427
random_n500_rho0.3_weakly-corr_seed3.pcf,hfma,2,265168,427
random_n500_rho0.3_weakly-corr_seed3.pcf,dhfma,2,192579,427
random_n500_rho0.3_weakly-corr_seed4.pcf,hfma,0,299908,419
random_n500_rho0.3_weakly-corr_seed4.pcf,dhfma,0,332554,419
random_n500_rho0.3_weakly-corr_seed4.pcf,hfma,1,259942,419
random_n500_rho0.3_weakly-corr_seed4.pcf,dhfma,1,297992,419
random_n500_rho0.3_weakly-corr_seed4.pcf,hfma,2,282519,419
random_n500_rho0.3_weakly-corr_seed4.pcf,dhfma,2,294263,419
random_n500_rho0.3_weakly-corr_seed5.pcf,hfma,0,184445,418
random_n500_rho0.3_weakly-corr_seed5.pcf,dhfma,0,208129,418
random_n500_rho0.3_weakly-corr_seed5.pcf,hfma,1,164655,418
random_n500_rho0.3_weakly-corr_seed5.pcf,dhfma,1,184983,418
random_n500_rho0.3_weakly-corr_seed5.pcf,hfma,2,146713,418
random_n500_rho0.3_weakly-corr_seed5.pcf,dhfma,2,181039,418
random_n500_rho0.3_weakly-corr_seed6.pcf,hfma,0,295395,418
random_n500_rho0.3_weakly-corr_seed6.pcf,dhfma,0,335149,418
random_n500_rho0.3_weakly-corr_seed6.pcf,hfma,1,253727,418
random_n500_rho0.3_weakly-corr_seed6.pcf,dhfma,1,316292,418
random_n500_rho0.3_weakly-corr_seed6.pcf,hfma,2,177267,418
random_n500_rho0.3_weakly-corr_seed6.pcf,dhfma,2,202242,418
random_n500_rho0.3_weakly-corr_seed7.pcf,hfma,0,297892,416
random_n500_rho0.3_weakly-corr_seed7.pcf,dhfma,0,345387,416
random_n500_rho0.3_weakly-corr_seed7.pcf,hfma,1,249207,416
random_n500_rho0.3_weakly-corr_seed7.pcf,dhfma,1,302453,416
random_n500_rho0.3_weakly-corr_seed7.pcf,hfma,2,265069,416
random_n500_rho0.3_weakly-corr_seed7.pcf,dhfma,2,297271,416
random_n500_rho0.3_weakly-corr_seed8.pcf,hfma,0,268597,422
random_n500_rho0.3_weakly-corr_seed8.pcf,dhfma,0,315099,422
random_n500_rho0.3_weakly-corr_seed8.pcf,hfma,1,231063,422
random_n500_rho0.3_weakly-corr_seed8.pcf,dhfma,1,274613,422
random_n500_rho0.3_weakly-corr_seed8.pcf,hfma,2,229352,422
random_n500_rho0.3_weakly-corr_seed8.pcf,dhfma,2,270494,422
random_n500_rho0.3_weakly-corr_seed9.pcf,hfma,0,189421,419
random_n500_rho0.3_weakly-corr_seed9.pcf,dhfma,0,208404,419
random_n500_rho0.3_weakly-corr_seed9.pcf,hfma,1,163571,419
random_n500_rho0.3_weakly-corr_seed9.pcf,dhfma,1,182353,419
random_n500_rho0.3_weakly-corr_seed9.pcf,hfma,2,151117,419
random_n500_rho0.3_weakly-corr_seed9.pcf,dhfma,2,178059,419
random_n500_rho0.6_strongly-corr-neg_seed0.pcf,hfma,0,541457,316
random_n500_rho0.6_strongly-corr-neg_seed0.pcf,dhfma,0,536170,316
random_n500_rho0.6_strongly-corr-neg_seed0.pcf,hfma,1,514668,316
random_n500_rho0.6_strongly-corr-neg_seed0.pcf,dhfma,1,525222,316
random_n500_rho0.6_strongly-corr-neg_seed0.pcf,hfma,2,489576,316
random_n500_rho0.6_strongly-corr-neg_seed0.pcf,dhfma,2,522726,316
random_n500_rho0.6_strongly-corr-neg_seed1.pcf,hfma,0,423914,337
random_n500_rho0.6_strongly-corr-neg_seed1.pcf,dhfma,0,454454,337
random_n500_rho0.6_strongly-corr-neg_seed1.pcf,hfma,1,383082,337
random_n500_rho0.6_strongly-corr-neg_seed1.pcf,dhfma,1,457840,337
random_n500_rho0.6_strongly-corr-neg_seed1.pcf,hfma,2,269634,337
random_n500_rho0.6_strongly-corr-neg_seed1.pcf,dhfma,2,287295,337
random_n500_rho0.6_strongly-corr-neg_seed2.pcf,hfma,0,513831,340
random_n500_rho0.6_strongly-corr-neg_seed2.pcf,dhfma,0,535454,340
random_n500_rho0.6_strongly-corr-neg_seed2.pcf,hfma,1,471791,340
random_n500_rho0.6_strongly-corr-neg_seed2.pcf,dhfma,1,509996,340
random_n500_rho0.6_strongly-corr-neg_seed2.pcf,hfma,2,325673,340
random_n500_rho0.6_strongly-corr-neg_seed2.pcf,dhfma,2,334884,340
random_n500_rho0.6_strongly-corr-neg_seed3.pcf,hfma,0,536979,335
random_n500_rho0.6_strongly-corr-neg_seed3.pcf,dhfma,0,571091,335
random_n500_rho0.6_strongly-corr-neg_seed3.pcf,hfma,1,480325,335
random_n500_rho0.6_strongly-corr-neg_seed3.pcf,dhfma,1,561947,335
random_n500_rho0.6_strongly-corr-neg_seed3.pcf,hfma,2,472190,335
random_n500_rho0.6_strongly-corr-neg_seed3.pcf,dhfma,2,538785,335
random_n500_rho0.6_strongly-corr-neg_seed4.pcf,hfma,0,582952,324
random_n500_rho0.6_strongly-corr-neg_seed4.pcf,dhfma,0,408574,324
random_n500_rho0.6_strongly-corr-neg_seed4.pcf,hfma,1,361934,324
random_n500_rho0.6_strongly-corr-neg_seed4.pcf,dhfma,1,392494,324
random_n500_rho0.6_strongly-corr-neg_seed4.pcf,hfma,2,361470,324
random_n500_rho0.6_strongly-corr-neg_seed4.pcf,dhfma,2,375314,324
random_n500_rho0.6_strongly-corr-neg_seed5.pcf,hfma,0,560767,333
random_n500_rho0.6_strongly-corr-neg_seed5.pcf,dhfma,0,509920,333
random_n500_rho0.6_strongly-corr-neg_seed5.pcf,hfma,1,510835,333
random_n500_rho0.6_strongly-corr-neg_seed5.pcf,dhfma,1,494583,333
random_n500_rho0.6_strongly-corr-neg_seed5.pcf,hfma,2,504515,333
random_n500_rho0.6_strongly-corr-neg_seed5.pcf,dhfma,2,488229,333
random_n500_rho0.6_strongly-corr-neg_seed6.pcf,hfma,0,585573,318
random_n500_rho0.6_strongly-corr-neg_seed6.pcf,dhfma,0,572289,318
random_n500_rho0.6_strongly-corr-neg_seed6.pcf,hfma,1,353190,318
random_n500_rho0.6_strongly-corr-neg_seed6.pcf,dhfma,1,355697,318
random_n500_rho0.6_strongly-corr-neg_seed6.pcf,hfma,2,339233,318
random_n500_rho0.6_strongly-corr-neg_seed6.pcf,dhfma,2,367363,318
random_n500_rho0.6_strongly-corr-neg_seed7.pcf,hfma,0,366178,316
random_n500_rho0.6_strongly-corr-neg_seed7.pcf,dhfma,0,370858,316
random_n500_rho0.6_strongly-corr-neg_seed7.pcf,hfma,1,333224,316
random_n500_rho0.6_strongly-corr-neg_seed7.pcf,dhfma,1,341273,316
random_n500_rho0.6_strongly-corr-neg_seed7.pcf,hfma,2,325498,316
random_n500_rho0.6_strongly-corr-neg_seed7.pcf,dhfma,2,348931,316
random_n500_rho0.6_strongly-corr-neg_seed8.pcf,hfma,0,533966,315
random_n500_rho0.6_strongly-corr-neg_seed8.pcf,dhfma,0,554629,315
random_n500_rho0.6_strongly-corr-neg_seed8.pcf,hfma,1,478026,315
random_n500_rho0.6_strongly-corr-neg_seed8.pcf,dhfma,1,535394,315
random_n500_rho0.6_strongly-corr-neg_seed8.pcf,hfma,2,478533,315
random_n500_rho0.6_strongly-corr-neg_seed8.pcf,dhfma,2,518596,315
random_n500_rho0.6_strongly-corr-neg_seed9.pcf,hfma,0,391562,326
random_n500_rho0.6_strongly-corr-neg_seed9.pcf,dhfma,0,332188,326
random_n500_rho0.6_strongly-corr-neg_seed9.pcf,hfma,1,321569,326
random_n500_rho0.6_strongly-corr-neg_seed9.pcf,dhfma,1,311814,326
random_n500_rho0.6_strongly-corr-neg_seed9.pcf,hfma,2,296219,326
random_n500_rho0.6_strongly-corr-neg_seed9.pcf,dhfma,2,305253,326
random_n500_rho0.6_strongly-corr_seed0.pcf,hfma,0,307285,313
random_n500_rho0.6_strongly-corr_seed0.pcf,dhfma,0,306842,313
random_n500_rho0.6_strongly-corr_seed0.pcf,hfma,1,279980,313
random_n500_rho0.6_strongly-corr_seed0.pcf,dhfma,1,288032,313
random_n500_rho0.6_strongly-corr_seed0.pcf,hfma,2,277823,313
random_n500_rho0.6_strongly-corr_seed0.pcf,dhfma,2,283751,313
random_n500_rho0.6_strongly-corr_seed1.pcf,hfma,0,454371,315
random_n500_rho0.6_strongly-corr_seed1.pcf,dhfma,0,525704,315
random_n500_rho0.6_strongly-corr_seed1.pcf,hfma,1,408676,315
random_n500_rho0.6_strongly-corr_seed1.pcf,dhfma,1,498788,315
random_n500_rho0.6_strongly-corr_seed1.pcf,hfma,2,401783,315
random_n500_rho0.6_strongly-corr_seed1.pcf,dhfma,2,509103,315
random_n500_rho0.6_strongly-corr_seed2.pcf,hfma,0,619678,302
random_n500_rho0.6_strongly-corr_seed2.pcf,dhfma,0,638306,302
random_n500_rho0.6_strongly-corr_seed2.pcf,hfma,1,559053,302
random_n500_rho0.6_strongly-corr_seed2.pcf,dhfma,1,412737,302
random_n500_rho0.6_strongly-corr_seed2.pcf,hfma,2,371617,302
random_n500_rho0.6_strongly-corr_seed2.pcf,dhfma,2,383254,302
random_n500_rho0.6_strongly-corr_seed3.pcf,hfma,0,543691,308
random_n500_rho0.6_strongly-corr_seed3.pcf,dhfma,0,577302,308
random_n500_rho0.6_strongly-corr_seed3.pcf,hfma,1,485715,308
random_n500_rho0.6_strongly-corr_seed3.pcf,dhfma,1,545281,308
random_n500_rho0.6_strongly-corr_seed3.pcf,hfma,2,497869,308
random_n500_rho0.6_strongly-corr_seed3.pcf,dhfma,2,534456,308
random_n500_rho0.6_strongly-corr_seed4.pcf,hfma,0,567617,301
random_n500_rho0.6_strongly-corr_seed4.pcf,dhfma,0,465060,301
random_n500_rho0.6_strongly-corr_seed4.pcf,hfma,1,342223,301
random_n500_rho0.6_strongly-corr_seed4.pcf,dhfma,1,375226,301
random_n500_rho0.6_strongly-corr_seed4.pcf,hfma,2,332572,301
random_n500_rho0.6_strongly-corr_seed4.pcf,dhfma,2,363828,301
random_n500_rho0.6_strongly-corr_seed5.pcf,hfma,0,335318,318
random_n500_rho0.6_strongly-corr_seed5.pcf,dhfma,0,339608,318
random_n500_rho0.6_strongly-corr_seed5.pcf,hfma,1,319697,318
random_n500_rho0.6_strongly-corr_seed5.pcf,dhfma,1,323723,318
random_n500_rho0.6_strongly-corr_seed5.pcf,hfma,2,299370,318
random_n500_rho0.6_strongly-corr_seed5.pcf,dhfma,2,322124,318
random_n500_rho0.6_strongly-corr_seed6.pcf,hfma,0,585564,323
random_n500_rho0.6_strongly-corr_seed6.pcf,dhfma,0,638008,323
random_n500_rho0.6_strongly-corr_seed6.pcf,hfma,1,532684,323
random_n500_rho0.6_strongly-corr_seed6.pcf,dhfma,1,608280,323
random_n500_rho0.6_strongly-corr_seed6.pcf,hfma,2,529373,323
random_n500_rho0.6_strongly-corr_seed6.pcf,dhfma,2,594617,323
random_n500_rho0.6_strongly-corr_seed7.pcf,hfma,0,532103,323
random_n500_rho0.6_strongly-corr_seed7.pcf,dhfma,0,580913,323
random_n500_rho0.6_strongly-corr_seed7.pcf,hfma,1,482652,323
random_n500_rho0.6_strongly-corr_seed7.pcf,dhfma,1,442406,323
random_n500_rho0.6_strongly-corr_seed7.pcf,hfma,2,337272,323
random_n500_rho0.6_strongly-corr_seed7.pcf,dhfma,2,371777,323
random_n500_rho0.6_strongly-corr_seed8.pcf,hfma,0,560894,304
random_n500_rho0.6_strongly-corr_seed8.pcf,dhfma,0,595765,304
random_n500_rho0.6_strongly-corr_seed8.pcf,hfma,1,504746,304
random_n500_rho0.6_strongly-corr_seed8.pcf,dhfma,1,564443,304
random_n500_rho0.6_strongly-corr_seed8.pcf,hfma,2,499566,304
random_n500_rho0.6_strongly-corr_seed8.pcf,dhfma,2,559675,304
random_n500_rho0.6_strongly-corr_seed9.pcf,hfma,0,347174,317
random_n500_rho0.6_strongly-corr_seed9.pcf,dhfma,0,339836,317
random_n500_rho0.6_strongly-corr_seed9.pcf,hfma,1,329007,317
random_n500_rho0.6_strongly-corr_seed9.pcf,dhfma,1,315940,317
random_n500_rho0.6_strongly-corr_seed9.pcf,hfma,2,314586,317
random_n500_rho0.6_strongly-corr_seed9.pcf,dhfma,2,344165,317
random_n500_rho0.6_uncorr-neg_seed0.pcf,hfma,0,391160,354
random_n500_rho0.6_uncorr-neg_seed0.pcf,dhfma,0,424972,354
random_n500_rho0.6_uncorr-neg_seed0.pcf,hfma,1,372103,354
random_n500_rho0.6_uncorr-neg_seed0.pcf,dhfma,1,397174,354
random_n500_rho0.6_uncorr-neg_seed0.pcf,hfma,2,361396,354
random_n500_rho0.6_uncorr-neg_seed0.pcf,dhfma,2,417028,354
random_n500_rho0.6_uncorr-neg_seed1.pcf,hfma,0,491457,367
random_n500_rho0.6_uncorr-neg_seed1.pcf,dhfma,0,547073,367
random_n500_rho0.6_uncorr-neg_seed1.pcf,hfma,1,444717,367
random_n500_rho0.6_uncorr-neg_seed1.pcf,dhfma,1,605829,367
random_n500_rho0.6_uncorr-neg_seed1.pcf,hfma,2,330996,367
random_n500_rho0.6_uncorr-neg_seed1.pcf,dhfma,2,346707,367
random_n500_rho0.6_uncorr-neg_seed2.pcf,hfma,0,542797,365
random_n500_rho0.6_uncorr-neg_seed2.pcf,dhfma,0,591582,365
random_n500_rho0.6_uncorr-neg_seed2.pcf,hfma,1,493785,365
random_n500_rho0.6_uncorr-neg_seed2.pcf,dhfma,1,491786,365
random_n500_rho0.6_uncorr-neg_seed2.pcf,hfma,2,354943,365
random_n500_rho0.6_uncorr-neg_seed2.pcf,dhfma,2,373950,365
random_n500_rho0.6_uncorr-neg_seed3.pcf,hfma,0,550894,342
random_n500_rho0.6_uncorr-neg_seed3.pcf,dhfma,0,622531,342
random_n500_rho0.6_uncorr-neg_seed3.pcf,hfma,1,495346,342
random_n500_rho0.6_uncorr-neg_seed3.pcf,dhfma,1,589228,342
random_n500_rho0.6_uncorr-neg_seed3.pcf,hfma,2,492936,342
random_n500_rho0.6_uncorr-neg_seed3.pcf,dhfma,2,576355,342
random_n500_rho0.6_uncorr-neg_seed4.pcf,hfma,0,381404,348
random_n500_rho0.6_uncorr-neg_seed4.pcf,dhfma,0,343937,348
random_n500_rho0.6_uncorr-neg_seed4.pcf,hfma,1,298157,348
random_n500_rho0.6_uncorr-neg_seed4.pcf,dhfma,1,313351,348
random_n500_rho0.6_uncorr-neg_seed4.pcf,hfma,2,284785,348
random_n500_rho0.6_uncorr-neg_seed4.pcf,dhfma,2,328948,348
random_n500_rho0.6_uncorr-neg_seed5.pcf,hfma,0,332979,365
random_n500_rho0.6_uncorr-neg_seed5.pcf,dhfma,0,331984,365
random_n500_rho0.6_uncorr-neg_seed5.pcf,hfma,1,292064,365
random_n500_rho0.6_uncorr-neg_seed5.pcf,dhfma,1,315849,365
random_n500_rho0.6_uncorr-neg_seed5.pcf,hfma,2,308455,365
random_n500_rho0.6_uncorr-neg_seed5.pcf,dhfma,2,314938,365
random_n500_rho0.6_uncorr-neg_seed6.pcf,hfma,0,586166,362
random_n500_rho0.6_uncorr-neg_seed6.pcf,dhfma,0,585595,362
random_n500_rho0.6_uncorr-neg_seed6.pcf,hfma,1,532303,362
random_n500_rho0.6_uncorr-neg_seed6.pcf,dhfma,1,557524,362
random_n500_rho0.6_uncorr-neg_seed6.pcf,hfma,2,541798,362
random_n500_rho0.6_uncorr-neg_seed6.pcf,dhfma,2,405814,362
random_n500_rho0.6_uncorr-neg_seed7.pcf,hfma,0,532128,352
random_n500_rho0.6_uncorr-neg_seed7.pcf,dhfma,0,587465,352
random_n500_rho0.6_uncorr-neg_seed7.pcf,hfma,1,479660,352
random_n500_rho0.6_uncorr-neg_seed7.pcf,dhfma,1,538305,352
random_n500_rho0.6_uncorr-neg_seed7.pcf,hfma,2,346882,352
random_n500_rho0.6_uncorr-neg_seed7.pcf,dhfma,2,373064,352
random_n500_rho0.6_uncorr-neg_seed8.pcf,hfma,0,531223,351
random_n500_rho0.6_uncorr-neg_seed8.pcf,dhfma,0,537735,351
random_n500_rho0.6_uncorr-neg_seed8.pcf,hfma,1,476077,351
random_n500_rho0.6_uncorr-neg_seed8.pcf,dhfma,1,502507,351
random_n500_rho0.6_uncorr-neg_seed8.pcf,hfma,2,468623,351
random_n500_rho0.6_uncorr-neg_seed8.pcf,dhfma,2,497327,351
random_n500_rho0.6_uncorr-neg_seed9.pcf,hfma,0,551450,350
random_n500_rho0.6_uncorr-neg_seed9.pcf,dhfma,0,404446,350
random_n500_rho0.6_uncorr-neg_seed9.pcf,hfma,1,356156,350
random_n500_rho0.6_uncorr-neg_seed9.pcf,dhfma,1,385656,350
random_n500_rho0.6_uncorr-neg_seed9.pcf,hfma,2,336724,350
random_n500_rho0.6_uncorr-neg_seed9.pcf,dhfma,2,379148,350
random_n500_rho0.6_uncorr_seed0.pcf,hfma,0,499664,348
random_n500_rho0.6_uncorr_seed0.pcf,dhfma,0,541209,348
random_n500_rho0.6_uncorr_seed0.pcf,hfma,1,454510,348
random_n500_rho0.6_uncorr_seed0.pcf,dhfma,1,349946,348
random_n500_rho0.6_uncorr_seed0.pcf,hfma,2,308917,348
random_n500_rho0.6_uncorr_seed0.pcf,dhfma,2,343838,348
random_n500_rho0.6_uncorr_seed1.pcf,hfma,0,486054,350
random_n500_rho0.6_uncorr_seed1.pcf,dhfma,0,534284,350
random_n500_rho0.6_uncorr_seed1.pcf,hfma,1,434932,350
random_n500_rho0.6_uncorr_seed1.pcf,dhfma,1,448367,350
random_n500_rho0.6_uncorr_seed1.pcf,hfma,2,324795,350
random_n500_rho0.6_uncorr_seed1.pcf,dhfma,2,349737,350
random_n500_rho0.6_uncorr_seed2.pcf,hfma,0,593098,339
random_n500_rho0.6_uncorr_seed2.pcf,dhfma,0,631294,339
random_n500_rho0.6_uncorr_seed2.pcf,hfma,1,513352,339
random_n500_rho0.6_uncorr_seed2.pcf,dhfma,1,430996,339
random_n500_rho0.6_uncorr_seed2.pcf,hfma,2,372193,339
random_n500_rho0.6_uncorr_seed2.pcf,dhfma,2,406985,339
random_n500_rho0.6_uncorr_seed3.pcf,hfma,0,485496,352
random_n500_rho0.6_uncorr_seed3.pcf,dhfma,0,492807,352
random_n500_rho0.6_uncorr_seed3.pcf,hfma,1,441849,352
random_n500_rho0.6_uncorr_seed3.pcf,dhfma,1,463920,352
random_n500_rho0.6_uncorr_seed3.pcf,hfma,2,432704,352
random_n500_rho0.6_uncorr_seed3.pcf,dhfma,2,460550,352
random_n500_rho0.6_uncorr_seed4.pcf,hfma,0,436111,348
random_n500_rho0.6_uncorr_seed4.pcf,dhfma,0,404501,348
random_n500_rho0.6_uncorr_seed4.pcf,hfma,1,346484,348
random_n500_rho0.6_uncorr_seed4.pcf,dhfma,1,385656,348
random_n500_rho0.6_uncorr_seed4.pcf,hfma,2,340453,348
random_n500_rho0.6_uncorr_seed4.pcf,dhfma,2,382427,348
random_n500_rho0.6_uncorr_seed5.pcf,hfma,0,557173,359
random_n500_rho0.6_uncorr_seed5.pcf,dhfma,0,543125,359
random_n500_rho0.6_uncorr_seed5.pcf,hfma,1,424841,359
random_n500_rho0.6_uncorr_seed5.pcf,dhfma,1,365187,359
random_n500_rho0.6_uncorr_seed5.pcf,hfma,2,329335,359
random_n500_rho0.6_uncorr_seed5.pcf,dhfma,2,359400,359
random_n500_rho0.6_uncorr_seed6.pcf,hfma,0,494102,339
random_n500_rho0.6_uncorr_seed6.pcf,dhfma,0,529287,339
random_n500_rho0.6_uncorr_seed6.pcf,hfma,1,414455,339
random_n500_rho0.6_uncorr_seed6.pcf,dhfma,1,343420,339
random_n500_rho0.6_uncorr_seed6.pcf,hfma,2,303883,339
random_n500_rho0.6_uncorr_seed6.pcf,dhfma,2,323695,339
random_n500_rho0.6_uncorr_seed7.pcf,hfma,0,651428,353
random_n500_rho0.6_uncorr_seed7.pcf,dhfma,0,643231,353
random_n500_rho0.6_uncorr_seed7.pcf,hfma,1,603288,353
random_n500_rho0.6_uncorr_seed7.pcf,dhfma,1,658394,353
random_n500_rho0.6_uncorr_seed7.pcf,hfma,2,422854,353
random_n500_rho0.6_uncorr_seed7.pcf,dhfma,2,424836,353
random_n500_rho0.6_uncorr_seed8.pcf,hfma,0,626460,356
random_n500_rho0.6_uncorr_seed8.pcf,dhfma,0,686441,356
random_n500_rho0.6_uncorr_seed8.pcf,hfma,1,582700,356
random_n500_rho0.6_uncorr_seed8.pcf,dhfma,1,677914,356
random_n500_rho0.6_uncorr_seed8.pcf,hfma,2,578861,356
random_n500_rho0.6_uncorr_seed8.pcf,dhfma,2,654965,356
random_n500_rho0.6_uncorr_seed9.pcf,hfma,0,532077,353
random_n500_rho0.6_uncorr_seed9.pcf,dhfma,0,558531,353
random_n500_rho0.6_uncorr_seed9.pcf,hfma,1,520180,353
random_n500_rho0.6_uncorr_seed9.pcf,dhfma,1,532098,353
random_n500_rho0.6_uncorr_seed9.pcf,hfma,2,417659,353
random_n500_rho0.6_uncorr_seed9.pcf,dhfma,2,363981,353
random_n500_rho0.6_weakly-corr-neg_seed0.pcf,hfma,0,393254,367
random_n500_rho0.6_weakly-corr-neg_seed0.pcf,dhfma,0,390685,367
random_n500_rho0.6_weakly-corr-neg_seed0.pcf,hfma,1,360833,367
random_n500_rho0.6_weakly-corr-neg_seed0.pcf,dhfma,1,373475,367
random_n500_rho0.6_weakly-corr-neg_seed0.pcf,hfma,2,347616,367
random_n500_rho0.6_weakly-corr-neg_seed0.pcf,dhfma,2,362994,367
random_n500_rho0.6_weakly-corr-neg_seed1.pcf,hfma,0,360745,362
random_n500_rho0.6_weakly-corr-neg_seed1.pcf,dhfma,0,359752,362
random_n500_rho0.6_weakly-corr-neg_seed1.pcf,hfma,1,326516,362
random_n500_rho0.6_weakly-corr-neg_seed1.pcf,dhfma,1,342742,362
random_n500_rho0.6_weakly-corr-neg_seed1.pcf,hfma,2,331060,362
random_n500_rho0.6_weakly-corr-neg_seed1.pcf,dhfma,2,343952,362
random_n500_rho0.6_weakly-corr-neg_seed2.pcf,hfma,0,362776,357
random_n500_rho0.6_weakly-corr-neg_seed2.pcf,dhfma,0,389268,357
random_n500_rho0.6_weakly-corr-neg_seed2.pcf,hfma,1,322153,357
random_n500_rho0.6_weakly-corr-neg_seed2.pcf,dhfma,1,369103,357
random_n500_rho0.6_weakly-corr-neg_seed2.pcf,hfma,2,344622,357
random_n500_rho0.6_weakly-corr-neg_seed2.pcf,dhfma,2,357404,357
random_n500_rho0.6_weakly-corr-neg_seed3.pcf,hfma,0,506675,344
random_n500_rho0.6_weakly-corr-neg_seed3.pcf,dhfma,0,533833,344
random_n500_rho0.6_weakly-corr-neg_seed3.pcf,hfma,1,434331,344
random_n500_rho0.6_weakly-corr-neg_seed3.pcf,dhfma,1,486761,344
random_n500_rho0.6_weakly-corr-neg_seed3.pcf,hfma,2,427883,344
random_n500_rho0.6_weakly-corr-neg_seed3.pcf,dhfma,2,475568,344
random_n500_rho0.6_weakly-corr-neg_seed4.pcf,hfma,0,373816,351
random_n500_rho0.6_weakly-corr-neg_seed4.pcf,dhfma,0,393095,351
random_n500_rho0.6_weakly-corr-neg_seed4.pcf,hfma,1,348042,351
random_n500_rho0.6_weakly-corr-neg_seed4.pcf,dhfma,1,393070,351
random_n500_rho0.6_weakly-corr-neg_seed4.pcf,hfma,2,391821,351
random_n500_rho0.6_weakly-corr-neg_seed4.pcf,dhfma,2,419930,351
random_n500_rho0.6_weakly-corr-neg_seed5.pcf,hfma,0,359374,355
random_n500_rho0.6_weakly-corr-neg_seed5.pcf,dhfma,0,433056,355
random_n500_rho0.6_weakly-corr-neg_seed5.pcf,hfma,1,342337,355
random_n500_rho0.6_weakly-corr-neg_seed5.pcf,dhfma,1,420678,355
random_n500_rho0.6_weakly-corr-neg_seed5.pcf,hfma,2,365081,355
random_n500_rho0.6_weakly-corr-neg_seed5.pcf,dhfma,2,453096,355
random_n500_rho0.6_weakly-corr-neg_seed6.pcf,hfma,0,846128,348
random_n500_rho0.6_weakly-corr-neg_seed6.pcf,dhfma,0,645896,348
random_n500_rho0.6_weakly-corr-neg_seed6.pcf,hfma,1,506372,348
random_n500_rho0.6_weakly-corr-neg_seed6.pcf,dhfma,1,540360,348
random_n500_rho0.6_weakly-corr-neg_seed6.pcf,hfma,2,525170,348
random_n500_rho0.6_weakly-corr-neg_seed6.pcf,dhfma,2,574786,348
random_n500_rho0.6_weakly-corr-neg_seed7.pcf,hfma,0,1030140,344
random_n500_rho0.6_weakly-corr-neg_seed7.pcf,dhfma,0,1161847,344
random_n500_rho0.6_weakly-corr-neg_seed7.pcf,hfma,1,1133685,344
random_n500_rho0.6_weakly-corr-neg_seed7.pcf,dhfma,1,1164028,344
random_n500_rho0.6_weakly-corr-neg_seed7.pcf,hfma,2,473806,344
random_n500_rho0.6_weakly-corr-neg_seed7.pcf,dhfma,2,509700,344
random_n500_rho0.6_weakly-corr-neg_seed8.pcf,hfma,0,982163,351
random_n500_rho0.6_weakly-corr-neg_seed8.pcf,dhfma,0,1134671,351
random_n500_rho0.6_weakly-corr-neg_seed8.pcf,hfma,1,1050110,351
random_n500_rho0.6_weakly-corr-neg_seed8.pcf,dhfma,1,1234546,351
random_n500_rho0.6_weakly-corr-neg_seed8.pcf,hfma,2,1165068,351
random_n500_rho0.6_weakly-corr-neg_seed8.pcf,dhfma,2,1275900,351
random_n500_rho0.6_weakly-corr-neg_seed9.pcf,hfma,0,1728893,355
random_n500_rho0.6_weakly-corr-neg_seed9.pcf,dhfma,0,1943620,355
random_n500_rho0.6_weakly-corr-neg_seed9.pcf,hfma,1,1696521,355
random_n500_rho0.6_weakly-corr-neg_seed9.pcf,dhfma,1,1878534,355
random_n500_rho0.6_weakly-corr-neg_seed9.pcf,hfma,2,1477443,355
random_n500_rho0.6_weakly-corr-neg_seed9.pcf,dhfma,2,1441194,355
random_n500_rho0.6_weakly-corr_seed0.pcf,hfma,0,1525614,345
random_n500_rho0.6_weakly-corr_seed0.pcf,dhfma,0,1448893,345
random_n500_rho0.6_weakly-corr_seed0.pcf,hfma,1,1213543,345
random_n500_rho0.6_weakly-corr_seed0.pcf,dhfma,1,1473982,345
random_n500_rho0.6_weakly-corr_seed0.pcf,hfma,2,1290240,345
random_n500_rho0.6_weakly-corr_seed0.pcf,dhfma,2,1281994,345
random_n500_rho0.6_weakly-corr_seed1.pcf,hfma,0,1363298,358
random_n500_rho0.6_weakly-corr_seed1.pcf,dhfma,0,1497340,358
random_n500_rho0.6_weakly-corr_seed1.pcf,hfma,1,432762,358
random_n500_rho0.6_weakly-corr_seed1.pcf,dhfma,1,499797,358
random_n500_rho0.6_weakly-corr_seed1.pcf,hfma,2,425181,358
random_n500_rho0.6_weakly-corr_seed1.pcf,dhfma,2,493137,358
random_n500_rho0.6_weakly-corr_seed2.pcf,hfma,0,1523427,351
random_n500_rho0.6_weakly-corr_seed2.pcf,dhfma,0,1512120,351
random_n500_rho0.6_weakly-corr_seed2.pcf,hfma,1,1254164,351
random_n500_rho0.6_weakly-corr_seed2.pcf,dhfma,1,1413694,351
random_n500_rho0.6_weakly-corr_seed2.pcf,hfma,2,1263951,351
random_n500_rho0.6_weakly-corr_seed2.pcf,dhfma,2,1373517,351
random_n500_rho0.6_weakly-corr_seed3.pcf,hfma,0,1353797,346
random_n500_rho0.6_weakly-corr_seed3.pcf,dhfma,0,1393264,346
random_n500_rho0.6_weakly-corr_seed3.pcf,hfma,1,1287178,346
random_n500_rho0.6_weakly-corr_seed3.pcf,dhfma,1,1318287,346
random_n500_rho0.6_weakly-corr_seed3.pcf,hfma,2,1236556,346
random_n500_rho0.6_weakly-corr_seed3.pcf,dhfma,2,1398775,346
random_n500_rho0.6_weakly-corr_seed4.pcf,hfma,0,1659912,340
random_n500_rho0.6_weakly-corr_seed4.pcf,dhfma,0,1961878,340
random_n500_rho0.6_weakly-corr_seed4.pcf,hfma,1,1662956,340
random_n500_rho0.6_weakly-corr_seed4.pcf,dhfma,1,1707565,340
random_n500_rho0.6_weakly-corr_seed4.pcf,hfma,2,1679394,340
random_n500_rho0.6_weakly-corr_seed4.pcf,dhfma,2,1729480,340
random_n500_rho0.6_weakly-corr_seed5.pcf,hfma,0,1592331,359
random_n500_rho0.6_weakly-corr_seed5.pcf,dhfma,0,1189771,359
random_n500_rho0.6_weakly-corr_seed5.pcf,hfma,1,445124,359
random_n500_rho0.6_weakly-corr_seed5.pcf,dhfma,1,501213,359
random_n500_rho0.6_weakly-corr_seed5.pcf,hfma,2,495804,359
random_n500_rho0.6_weakly-corr_seed5.pcf,dhfma,2,619712,359
random_n500_rho0.6_weakly-corr_seed6.pcf,hfma,0,1805108,343
random_n500_rho0.6_weakly-corr_seed6.pcf,dhfma,0,1783116,343
random_n500_rho0.6_weakly-corr_seed6.pcf,hfma,1,1622005,343
random_n500_rho0.6_weakly-corr_seed6.pcf,dhfma,1,1501566,343
random_n500_rho0.6_weakly-corr_seed6.pcf,hfma,2,1173510,343
random_n500_rho0.6_weakly-corr_seed6.pcf,dhfma,2,1168850,343
random_n500_rho0.6_weakly-corr_seed7.pcf,hfma,0,1163277,336
random_n500_rho0.6_weakly-corr_seed7.pcf,dhfma,0,1391196,336
random_n500_rho0.6_weakly-corr_seed7.pcf,hfma,1,1341912,336
random_n500_rho0.6_weakly-corr_seed7.pcf,dhfma,1,1463236,336
random_n500_rho0.6_weakly-corr_seed7.pcf,hfma,2,1292037,336
random_n500_rho0.6_weakly-corr_seed7.pcf,dhfma,2,1375858,336
random_n500_rho0.6_weakly-corr_seed8.pcf,hfma,0,1340012,357
random_n500_rho0.6_weakly-corr_seed8.pcf,dhfma,0,1346988,357
random_n500_rho0.6_weakly-corr_seed8.pcf,hfma,1,1241826,357
random_n500_rho0.6_weakly-corr_seed8.pcf,dhfma,1,1248343,357
random_n500_rho0.6_weakly-corr_seed8.pcf,hfma,2,1213442,357
random_n500_rho0.6_weakly-corr_seed8.pcf,dhfma,2,1306536,357
random_n500_rho0.6_weakly-corr_seed9.pcf,hfma,0,1518872,348
random_n500_rho0.6_weakly-corr_seed9.pcf,dhfma,0,1364223,348
random_n500_rho0.6_weakly-corr_seed9.pcf,hfma,1,1383323,348
random_n500_rho0.6_weakly-corr_seed9.pcf,dhfma,1,1486644,348
random_n500_rho0.6_weakly-corr_seed9.pcf,hfma,2,1181892,348
random_n500_rho0.6_weakly-corr_seed9.pcf,dhfma,2,1288441,348
random_n500_rho0.9_strongly-corr-neg_seed0.pcf,hfma,0,3583001,277
random_n500_rho0.9_strongly-corr-neg_seed0.pcf,dhfma,0,3639145,277
random_n500_rho0.9_strongly-corr-neg_seed0.pcf,hfma,1,2951859,277
random_n500_rho0.9_strongly-corr-neg_seed0.pcf,dhfma,1,1606854,277
random_n500_rho0.9_strongly-corr-neg_seed0.pcf,hfma,2,1992850,277
random_n500_rho0.9_strongly-corr-neg_seed0.pcf,dhfma,2,2339030,277
random_n500_rho0.9_strongly-corr-neg_seed1.pcf,hfma,0,3566665,277
random_n500_rho0.9_strongly-corr-neg_seed1.pcf,dhfma,0,1954570,277
random_n500_rho0.9_strongly-corr-neg_seed1.pcf,hfma,1,958321,277
random_n500_rho0.9_strongly-corr-neg_seed1.pcf,dhfma,1,917185,277
random_n500_rho0.9_strongly-corr-neg_seed1.pcf,hfma,2,912680,277
random_n500_rho0.9_strongly-corr-neg_seed1.pcf,dhfma,2,949275,277
random_n500_rho0.9_strongly-corr-neg_seed2.pcf,hfma,0,1876002,269
random_n500_rho0.9_strongly-corr-neg_seed2.pcf,dhfma,0,2311170,269
random_n500_rho0.9_strongly-corr-neg_seed2.pcf,hfma,1,2628363,269
random_n500_rho0.9_strongly-corr-neg_seed2.pcf,dhfma,1,2669695,269
random_n500_rho0.9_strongly-corr-neg_seed2.pcf,hfma,2,792635,269
random_n500_rho0.9_strongly-corr-neg_seed2.pcf,dhfma,2,799982,269
random_n500_rho0.9_strongly-corr-neg_seed3.pcf,hfma,0,3175267,268
random_n500_rho0.9_strongly-corr-neg_seed3.pcf,dhfma,0,3177774,268
random_n500_rho0.9_strongly-corr-neg_seed3.pcf,hfma,1,2070791,268
random_n500_rho0.9_strongly-corr-neg_seed3.pcf,dhfma,1,2568283,268
random_n500_rho0.9_strongly-corr-neg_seed3.pcf,hfma,2,2779210,268
random_n500_rho0.9_strongly-corr-neg_seed3.pcf,dhfma,2,2827752,268
random_n500_rho0.9_strongly-corr-neg_seed4.pcf,hfma,0,3353130,260
random_n500_rho0.9_strongly-corr-neg_seed4.pcf,dhfma,0,1940025,260
random_n500_rho0.9_strongly-corr-neg_seed4.pcf,hfma,1,837300,260
random_n500_rho0.9_strongly-corr-neg_seed4.pcf,dhfma,1,792492,260
random_n500_rho0.9_strongly-corr-neg_seed4.pcf,hfma,2,827352,260
random_n500_rho0.9_strongly-corr-neg_seed4.pcf,dhfma,2,823786,260
random_n500_rho0.9_strongly-corr-neg_seed5.pcf,hfma,0,2079775,270
random_n500_rho0.9_strongly-corr-neg_seed5.pcf,dhfma,0,2361585,270
random_n500_rho0.9_strongly-corr-neg_seed5.pcf,hfma,1,2758407,270
random_n500_rho0.9_strongly-corr-neg_seed5.pcf,dhfma,1,2471592,270
random_n500_rho0.9_strongly-corr-neg_seed5.pcf,hfma,2,1908773,270
random_n500_rho0.9_strongly-corr-neg_seed5.pcf,dhfma,2,1577786,270
random_n500_rho0.9_strongly-corr-neg_seed6.pcf,hfma,0,3670016,250
random_n500_rho0.9_strongly-corr-neg_seed6.pcf,dhfma,0,1126144,250
random_n500_rho0.9_strongly-corr-neg_seed6.pcf,hfma,1,2043871,250
random_n500_rho0.9_strongly-corr-neg_seed6.pcf,dhfma,1,1688561,250
random_n500_rho0.9_strongly-corr-neg_seed6.pcf,hfma,2,1439283,250
random_n500_rho0.9_strongly-corr-neg_seed6.pcf,dhfma,2,1227156,250
random_n500_rho0.9_strongly-corr-neg_seed7.pcf,hfma,0,1710960,282
random_n500_rho0.9_strongly-corr-neg_seed7.pcf,dhfma,0,2022093,282
random_n500_rho0.9_strongly-corr-neg_seed7.pcf,hfma,1,1771398,282
random_n500_rho0.9_strongly-corr-neg_seed7.pcf,dhfma,1,1310777,282
random_n500_rho0.9_strongly-corr-neg_seed7.pcf,hfma,2,1146752,282
random_n500_rho0.9_strongly-corr-neg_seed7.pcf,dhfma,2,979566,282
random_n500_rho0.9_strongly-corr-neg_seed8.pcf,hfma,0,1322515,270
random_n500_rho0.9_strongly-corr-neg_seed8.pcf,dhfma,0,1450210,270
random_n500_rho0.9_strongly-corr-neg_seed8.pcf,hfma,1,1637560,270
random_n500_rho0.9_strongly-corr-neg_seed8.pcf,dhfma,1,1485198,270
random_n500_rho0.9_strongly-corr-neg_seed8.pcf,hfma,2,1247212,270
random_n500_rho0.9_strongly-corr-neg_seed8.pcf,dhfma,2,1075766,270
random_n500_rho0.9_strongly-corr-neg_seed9.pcf,hfma,0,1222539,273
random_n500_rho0.9_strongly-corr-neg_seed9.pcf,dhfma,0,1279980,273
random_n500_rho0.9_strongly-corr-neg_seed9.pcf,hfma,1,1528309,273
random_n500_rho0.9_strongly-corr-neg_seed9.pcf,dhfma,1,1681106,273
random_n500_rho0.9_strongly-corr-neg_seed9.pcf,hfma,2,2097864,273
random_n500_rho0.9_strongly-corr-neg_seed9.pcf,dhfma,2,2495277,273
random_n500_rho0.9_strongly-corr_seed0.pcf,hfma,0,3346181,257
random_n500_rho0.9_strongly-corr_seed0.pcf,dhfma,0,2859014,257
random_n500_rho0.9_strongly-corr_seed0.pcf,hfma,1,792485,257
random_n500_rho0.9_strongly-corr_seed0.pcf,dhfma,1,945561,257
random_n500_rho0.9_strongly-corr_seed0.pcf,hfma,2,764840,257
random_n500_rho0.9_strongly-corr_seed0.pcf,dhfma,2,915389,257
random_n500_rho0.9_strongly-corr_seed1.pcf,hfma,0,2746633,245
random_n500_rho0.9_strongly-corr_seed1.pcf,dhfma,0,3553480,245
random_n500_rho0.9_strongly-corr_seed1.pcf,hfma,1,3113069,245
random_n500_rho0.9_strongly-corr_seed1.pcf,dhfma,1,2229136,245
random_n500_rho0.9_strongly-corr_seed1.pcf,hfma,2,1795105,245
random_n500_rho0.9_strongly-corr_seed1.pcf,dhfma,2,1493223,245
random_n500_rho0.9_strongly-corr_seed2.pcf,hfma,0,2000210,260
random_n500_rho0.9_strongly-corr_seed2.pcf,dhfma,0,1969140,260
random_n500_rho0.9_strongly-corr_seed2.pcf,hfma,1,1456929,260
random_n500_rho0.9_strongly-corr_seed2.pcf,dhfma,1,1231838,260
random_n500_rho0.9_strongly-corr_seed2.pcf,hfma,2,1101469,260
random_n500_rho0.9_strongly-corr_seed2.pcf,dhfma,2,949414,260
random_n500_rho0.9_strongly-corr_seed3.pcf,hfma,0,1316985,254
random_n500_rho0.9_strongly-corr_seed3.pcf,dhfma,0,1677200,254
random_n500_rho0.9_strongly-corr_seed3.pcf,hfma,1,1674587,254
random_n500_rho0.9_strongly-corr_seed3.pcf,dhfma,1,1973482,254
random_n500_rho0.9_strongly-corr_seed3.pcf,hfma,2,1312357,254
random_n500_rho0.9_strongly-corr_seed3.pcf,dhfma,2,1097656,254
random_n500_rho0.9_strongly-corr_seed4.pcf,hfma,0,1659638,264
random_n500_rho0.9_strongly-corr_seed4.pcf,dhfma,0,1194510,264
random_n500_rho0.9_strongly-corr_seed4.pcf,hfma,1,1103790,264
random_n500_rho0.9_strongly-corr_seed4.pcf,dhfma,1,1205439,264
random_n500_rho0.9_strongly-corr_seed4.pcf,hfma,2,1186868,264
random_n500_rho0.9_strongly-corr_seed4.pcf,dhfma,2,1044774,264
random_n500_rho0.9_strongly-corr_seed5.pcf,hfma,0,1750827,251
random_n500_rho0.9_strongly-corr_seed5.pcf,dhfma,0,1386944,251
random_n500_rho0.9_strongly-corr_seed5.pcf,hfma,1,1492557,251
random_n500_rho0.9_strongly-corr_seed5.pcf,dhfma,1,1662168,251
random_n500_rho0.9_strongly-corr_seed5.pcf,hfma,2,1622774,251
random_n500_rho0.9_strongly-corr_seed5.pcf,dhfma,2,712427,251
random_n500_rho0.9_strongly-corr_seed6.pcf,hfma,0,2579550,256
random_n500_rho0.9_strongly-corr_seed6.pcf,dhfma,0,2087925,256
random_n500_rho0.9_strongly-corr_seed6.pcf,hfma,1,1580967,256
random_n500_rho0.9_strongly-corr_seed6.pcf,dhfma,1,1222778,256
random_n500_rho0.9_strongly-corr_seed6.pcf,hfma,2,925046,256
random_n500_rho0.9_strongly-corr_seed6.pcf,dhfma,2,1098754,256
random_n500_rho0.9_strongly-corr_seed7.pcf,hfma,0,1392075,258
random_n500_rho0.9_strongly-corr_seed7.pcf,dhfma,0,1636814,258
random_n500_rho0.9_strongly-corr_seed7.pcf,hfma,1,1798405,258
random_n500_rho0.9_strongly-corr_seed7.pcf,dhfma,1,2105103,258
random_n500_rho0.9_strongly-corr_seed7.pcf,hfma,2,1703915,258
random_n500_rho0.9_strongly-corr_seed7.pcf,dhfma,2,1540135,258
random_n500_rho0.9_strongly-corr_seed8.pcf,hfma,0,2471445,232
random_n500_rho0.9_strongly-corr_seed8.pcf,dhfma,0,3234330,232
random_n500_rho0.9_strongly-corr_seed8.pcf,hfma,1,3501626,232
random_n500_rho0.9_strongly-corr_seed8.pcf,dhfma,1,4929577,232
random_n500_rho0.9_strongly-corr_seed8.pcf,hfma,2,3377721,232
random_n500_rho0.9_strongly-corr_seed8.pcf,dhfma,2,2801403,232
random_n500_rho0.9_strongly-corr_seed9.pcf,hfma,0,2716161,258
random_n500_rho0.9_strongly-corr_seed9.pcf,dhfma,0,2009532,258
random_n500_rho0.9_strongly-corr_seed9.pcf,hfma,1,1454525,258
random_n500_rho0.9_strongly-corr_seed9.pcf,dhfma,1,1269515,258
random_n500_rho0.9_strongly-corr_seed9.pcf,hfma,2,1080306,258
random_n500_rho0.9_strongly-corr_seed9.pcf,dhfma,2,923588,258
random_n500_rho0.9_uncorr-neg_seed0.pcf,hfma,0,1970476,266
random_n500_rho0.9_uncorr-neg_seed0.pcf,dhfma,0,2938970,266
random_n500_rho0.9_uncorr-neg_seed0.pcf,hfma,1,3019576,266
random_n500_rho0.9_uncorr-neg_seed0.pcf,dhfma,1,2419759,266
random_n500_rho0.9_uncorr-neg_seed0.pcf,hfma,2,2607283,266
random_n500_rho0.9_uncorr-neg_seed0.pcf,dhfma,2,2626733,266
random_n500_rho0.9_uncorr-neg_seed1.pcf,hfma,0,1967867,266
random_n500_rho0.9_uncorr-neg_seed1.pcf,dhfma,0,2177506,266
random_n500_rho0.9_uncorr-neg_seed1.pcf,hfma,1,2143264,266
random_n500_rho0.9_uncorr-neg_seed1.pcf,dhfma,1,785030,266
random_n500_rho0.9_uncorr-neg_seed1.pcf,hfma,2,733308,266
random_n500_rho0.9_uncorr-neg_seed1.pcf,dhfma,2,793897,266
random_n500_rho0.9_uncorr-neg_seed2.pcf,hfma,0,2925869,294
random_n500_rho0.9_uncorr-neg_seed2.pcf,dhfma,0,3424790,294
random_n500_rho0.9_uncorr-neg_seed2.pcf,hfma,1,2580247,294
random_n500_rho0.9_uncorr-neg_seed2.pcf,dhfma,1,2218732,294
random_n500_rho0.9_uncorr-neg_seed2.pcf,hfma,2,1626138,294
random_n500_rho0.9_uncorr-neg_seed2.pcf,dhfma,2,1491868,294
random_n500_rho0.9_uncorr-neg_seed3.pcf,hfma,0,3862600,279
random_n500_rho0.9_uncorr-neg_seed3.pcf,dhfma,0,3268437,279
random_n500_rho0.9_uncorr-neg_seed3.pcf,hfma,1,2855139,279
random_n500_rho0.9_uncorr-neg_seed3.pcf,dhfma,1,2080067,279
random_n500_rho0.9_uncorr-neg_seed3.pcf,hfma,2,1717881,279
random_n500_rho0.9_uncorr-neg_seed3.pcf,dhfma,2,1281615,279
random_n500_rho0.9_uncorr-neg_seed4.pcf,hfma,0,1568855,282
random_n500_rho0.9_uncorr-neg_seed4.pcf,dhfma,0,1874406,282
random_n500_rho0.9_uncorr-neg_seed4.pcf,hfma,1,1750236,282
random_n500_rho0.9_uncorr-neg_seed4.pcf,dhfma,1,1786687,282
random_n500_rho0.9_uncorr-neg_seed4.pcf,hfma,2,1980226,282
random_n500_rho0.9_uncorr-neg_seed4.pcf,dhfma,2,2337093,282
random_n500_rho0.9_uncorr-neg_seed5.pcf,hfma,0,3027596,270
random_n500_rho0.9_uncorr-neg_seed5.pcf,dhfma,0,2981484,270
random_n500_rho0.9_uncorr-neg_seed5.pcf,hfma,1,926992,270
random_n500_rho0.9_uncorr-neg_seed5.pcf,dhfma,1,932039,270
random_n500_rho0.9_uncorr-neg_seed5.pcf,hfma,2,929945,270
random_n500_rho0.9_uncorr-neg_seed5.pcf,dhfma,2,910555,270
random_n500_rho0.9_uncorr-neg_seed6.pcf,hfma,0,2037714,285
random_n500_rho0.9_uncorr-neg_seed6.pcf,dhfma,0,2323359,285
random_n500_rho0.9_uncorr-neg_seed6.pcf,hfma,1,2773041,285
random_n500_rho0.9_uncorr-neg_seed6.pcf,dhfma,1,2252815,285
random_n500_rho0.9_uncorr-neg_seed6.pcf,hfma,2,1875681,285
random_n500_rho0.9_uncorr-neg_seed6.pcf,dhfma,2,1537788,285
random_n500_rho0.9_uncorr-neg_seed7.pcf,hfma,0,2973389,279
random_n500_rho0.9_uncorr-neg_seed7.pcf,dhfma,0,2573496,279
random_n500_rho0.9_uncorr-neg_seed7.pcf,hfma,1,1924421,279
random_n500_rho0.9_uncorr-neg_seed7.pcf,dhfma,1,1791310,279
random_n500_rho0.9_uncorr-neg_seed7.pcf,hfma,2,1988048,279
random_n500_rho0.9_uncorr-neg_seed7.pcf,dhfma,2,2586901,279
random_n500_rho0.9_uncorr-neg_seed8.pcf,hfma,0,3374107,281
random_n500_rho0.9_uncorr-neg_seed8.pcf,dhfma,0,1829363,281
random_n500_rho0.9_uncorr-neg_seed8.pcf,hfma,1,846199,281
random_n500_rho0.9_uncorr-neg_seed8.pcf,dhfma,1,903413,281
random_n500_rho0.9_uncorr-neg_seed8.pcf,hfma,2,841222,281
random_n500_rho0.9_uncorr-neg_seed8.pcf,dhfma,2,867922,281
random_n500_rho0.9_uncorr-neg_seed9.pcf,hfma,0,2101509,291
random_n500_rho0.9_uncorr-neg_seed9.pcf,dhfma,0,2289717,291
random_n500_rho0.9_uncorr-neg_seed9.pcf,hfma,1,2683759,291
random_n500_rho0.9_uncorr-neg_seed9.pcf,dhfma,1,2132017,291
random_n500_rho0.9_uncorr-neg_seed9.pcf,hfma,2,1842059,291
random_n500_rho0.9_uncorr-neg_seed9.pcf,dhfma,2,1391422,291
random_n500_rho0.9_uncorr_seed0.pcf,hfma,0,2847931,277
random_n500_rho0.9_uncorr_seed0.pcf,dhfma,0,2209821,277
random_n500_rho0.9_uncorr_seed0.pcf,hfma,1,1838335,277
random_n500_rho0.9_uncorr_seed0.pcf,dhfma,1,1673600,277
random_n500_rho0.9_uncorr_seed0.pcf,hfma,2,1460755,277
random_n500_rho0.9_uncorr_seed0.pcf,dhfma,2,1209243,277
random_n500_rho0.9_uncorr_seed1.pcf,hfma,0,1271002,272
random_n500_rho0.9_uncorr_seed1.pcf,dhfma,0,1367541,272
random_n500_rho0.9_uncorr_seed1.pcf,hfma,1,2319265,272
random_n500_rho0.9_uncorr_seed1.pcf,dhfma,1,2150907,272
random_n500_rho0.9_uncorr_seed1.pcf,hfma,2,1352686,272
random_n500_rho0.9_uncorr_seed1.pcf,dhfma,2,1409362,272
random_n500_rho0.9_uncorr_seed2.pcf,hfma,0,1749138,274
random_n500_rho0.9_uncorr_seed2.pcf,dhfma,0,2232395,274
random_n500_rho0.9_uncorr_seed2.pcf,hfma,1,1617003,274
random_n500_rho0.9_uncorr_seed2.pcf,dhfma,1,1547711,274
random_n500_rho0.9_uncorr_seed2.pcf,hfma,2,1118886,274
random_n500_rho0.9_uncorr_seed2.pcf,dhfma,2,1158853,274
random_n500_rho0.9_uncorr_seed3.pcf,hfma,0,1511520,269
random_n500_rho0.9_uncorr_seed3.pcf,dhfma,0,1802314,269
random_n500_rho0.9_uncorr_seed3.pcf,hfma,1,1626718,269
random_n500_rho0.9_uncorr_seed3.pcf,dhfma,1,1365870,269
random_n500_rho0.9_uncorr_seed3.pcf,hfma,2,1494026,269
random_n500_rho0.9_uncorr_seed3.pcf,dhfma,2,1693169,269
random_n500_rho0.9_uncorr_seed4.pcf,hfma,0,2343233,274
random_n500_rho0.9_uncorr_seed4.pcf,dhfma,0,1905010,274
random_n500_rho0.9_uncorr_seed4.pcf,hfma,1,1449190,274
random_n500_rho0.9_uncorr_seed4.pcf,dhfma,1,1434483,274
random_n500_rho0.9_uncorr_seed4.pcf,hfma,2,1328081,274
random_n500_rho0.9_uncorr_seed4.pcf,dhfma,2,1429081,274
random_n500_rho0.9_uncorr_seed5.pcf,hfma,0,1408069,278
random_n500_rho0.9_uncorr_seed5.pcf,dhfma,0,1437439,278
random_n500_rho0.9_uncorr_seed5.pcf,hfma,1,1332487,278
random_n500_rho0.9_uncorr_seed5.pcf,dhfma,1,1012485,278
random_n500_rho0.9_uncorr_seed5.pcf,hfma,2,909878,278
random_n500_rho0.9_uncorr_seed5.pcf,dhfma,2,929306,278
random_n500_rho0.9_uncorr_seed6.pcf,hfma,0,1078625,273
random_n500_rho0.9_uncorr_seed6.pcf,dhfma,0,907683,273
random_n500_rho0.9_uncorr_seed6.pcf,hfma,1,707114,273
random_n500_rho0.9_uncorr_seed6.pcf,dhfma,1,750877,273
random_n500_rho0.9_uncorr_seed6.pcf,hfma,2,693505,273
random_n500_rho0.9_uncorr_seed6.pcf,dhfma,2,751855,273
random_n500_rho0.9_uncorr_seed7.pcf,hfma,0,1687312,269
random_n500_rho0.9_uncorr_seed7.pcf,dhfma,0,1449095,269
random_n500_rho0.9_uncorr_seed7.pcf,hfma,1,1605662,269
random_n500_rho0.9_uncorr_seed7.pcf,dhfma,1,1387979,269
random_n500_rho0.9_uncorr_seed7.pcf,hfma,2,1590581,269
random_n500_rho0.9_uncorr_seed7.pcf,dhfma,2,1422200,269
random_n500_rho0.9_uncorr_seed8.pcf,hfma,0,844445,276
random_n500_rho0.9_uncorr_seed8.pcf,dhfma,0,897647,276
random_n500_rho0.9_uncorr_seed8.pcf,hfma,1,787106,276
random_n500_rho0.9_uncorr_seed8.pcf,dhfma,1,855927,276
random_n500_rho0.9_uncorr_seed8.pcf,hfma,2,825085,276
random_n500_rho0.9_uncorr_seed8.pcf,dhfma,2,828535,276
random_n500_rho0.9_uncorr_seed9.pcf,hfma,0,1041028,272
random_n500_rho0.9_uncorr_seed9.pcf,dhfma,0,914382,272
random_n500_rho0.9_uncorr_seed9.pcf,hfma,1,813426,272
random_n500_rho0.9_uncorr_seed9.pcf,dhfma,1,891022,272
random_n500_rho0.9_uncorr_seed9.pcf,hfma,2,844191,272
random_n500_rho0.9_uncorr_seed9.pcf,dhfma,2,979983,272
random_n500_rho0.9_weakly-corr-neg_seed0.pcf,hfma,0,825452,288
random_n500_rho0.9_weakly-corr-neg_seed0.pcf,dhfma,0,845218,288
random_n500_rho0.9_weakly-corr-neg_seed0.pcf,hfma,1,754631,288
random_n500_rho0.9_weakly-corr-neg_seed0.pcf,dhfma,1,838241,288
random_n500_rho0.9_weakly-corr-neg_seed0.pcf,hfma,2,724737,288
random_n500_rho0.9_weakly-corr-neg_seed0.pcf,dhfma,2,817087,288
random_n500_rho0.9_weakly-corr-neg_seed1.pcf,hfma,0,1305616,269
random_n500_rho0.9_weakly-corr-neg_seed1.pcf,dhfma,0,1626776,269
random_n500_rho0.9_weakly-corr-neg_seed1.pcf,hfma,1,1826447,269
random_n500_rho0.9_weakly-corr-neg_seed1.pcf,dhfma,1,1609845,269
random_n500_rho0.9_weakly-corr-neg_seed1.pcf,hfma,2,1968913,269
random_n500_rho0.9_weakly-corr-neg_seed1.pcf,dhfma,2,1633029,269
random_n500_rho0.9_weakly-corr-neg_seed2.pcf,hfma,0,1962224,290
random_n500_rho0.9_weakly-corr-neg_seed2.pcf,dhfma,0,1762024,290
random_n500_rho0.9_weakly-corr-neg_seed2.pcf,hfma,1,1623763,290
random_n500_rho0.9_weakly-corr-neg_seed2.pcf,dhfma,1,1365965,290
random_n500_rho0.9_weakly-corr-neg_seed2.pcf,hfma,2,1202331,290
random_n500_rho0.9_weakly-corr-neg_seed2.pcf,dhfma,2,1114018,290
random_n500_rho0.9_weakly-corr-neg_seed3.pcf,hfma,0,2409548,272
random_n500_rho0.9_weakly-corr-neg_seed3.pcf,dhfma,0,1510719,272
random_n500_rho0.9_weakly-corr-neg_seed3.pcf,hfma,1,1992165,272
random_n500_rho0.9_weakly-corr-neg_seed3.pcf,dhfma,1,1965963,272
random_n500_rho0.9_weakly-corr-neg_seed3.pcf,hfma,2,1249529,272
random_n500_rho0.9_weakly-corr-neg_seed3.pcf,dhfma,2,751273,272
random_n500_rho0.9_weakly-corr-neg_seed4.pcf,hfma,0,3143342,276
random_n500_rho0.9_weakly-corr-neg_seed4.pcf,dhfma,0,3045332,276
random_n500_rho0.9_weakly-corr-neg_seed4.pcf,hfma,1,3073287,276
random_n500_rho0.9_weakly-corr-neg_seed4.pcf,dhfma,1,3006593,276
random_n500_rho0.9_weakly-corr-neg_seed4.pcf,hfma,2,1973013,276
random_n500_rho0.9_weakly-corr-neg_seed4.pcf,dhfma,2,781775,276
random_n500_rho0.9_weakly-corr-neg_seed5.pcf,hfma,0,3477749,276
random_n500_rho0.9_weakly-corr-neg_seed5.pcf,dhfma,0,3639089,276
random_n500_rho0.9_weakly-corr-neg_seed5.pcf,hfma,1,2517968,276
random_n500_rho0.9_weakly-corr-neg_seed5.pcf,dhfma,1,1934741,276
random_n500_rho0.9_weakly-corr-neg_seed5.pcf,hfma,2,1449826,276
random_n500_rho0.9_weakly-corr-neg_seed5.pcf,dhfma,2,1742689,276
random_n500_rho0.9_weakly-corr-neg_seed6.pcf,hfma,0,1533765,273
random_n500_rho0.9_weakly-corr-neg_seed6.pcf,dhfma,0,1639881,273
random_n500_rho0.9_weakly-corr-neg_seed6.pcf,hfma,1,1757153,273
random_n500_rho0.9_weakly-corr-neg_seed6.pcf,dhfma,1,1877388,273
random_n500_rho0.9_weakly-corr-neg_seed6.pcf,hfma,2,661718,273
random_n500_rho0.9_weakly-corr-neg_seed6.pcf,dhfma,2,715855,273
random_n500_rho0.9_weakly-corr-neg_seed7.pcf,hfma,0,4057704,262
random_n500_rho0.9_weakly-corr-neg_seed7.pcf,dhfma,0,4094830,262
random_n500_rho0.9_weakly-corr-neg_seed7.pcf,hfma,1,3731264,262
random_n500_rho0.9_weakly-corr-neg_seed7.pcf,dhfma,1,3765282,262
random_n500_rho0.9_weakly-corr-neg_seed7.pcf,hfma,2,2576900,262
random_n500_rho0.9_weakly-corr-neg_seed7.pcf,dhfma,2,1968419,262
random_n500_rho0.9_weakly-corr-neg_seed8.pcf,hfma,0,1735833,290
random_n500_rho0.9_weakly-corr-neg_seed8.pcf,dhfma,0,1987011,290
random_n500_rho0.9_weakly-corr-neg_seed8.pcf,hfma,1,2530884,290
random_n500_rho0.9_weakly-corr-neg_seed8.pcf,dhfma,1,2686982,290
random_n500_rho0.9_weakly-corr-neg_seed8.pcf,hfma,2,2922689,290
random_n500_rho0.9_weakly-corr-neg_seed8.pcf,dhfma,2,2500329,290
random_n500_rho0.9_weakly-corr-neg_seed9.pcf,hfma,0,4685042,275
random_n500_rho0.9_weakly-corr-neg_seed9.pcf,dhfma,0,4283312,275
random_n500_rho0.9_weakly-corr-neg_seed9.pcf,hfma,1,3127738,275
random_n500_rho0.9_weakly-corr-neg_seed9.pcf,dhfma,1,2138803,275
random_n500_rho0.9_weakly-corr-neg_seed9.pcf,hfma,2,1686547,275
random_n500_rho0.9_weakly-corr-neg_seed9.pcf,dhfma,2,1316871,275
random_n500_rho0.9_weakly-corr_seed0.pcf,hfma,0,1572875,272
random_n500_rho0.9_weakly-corr_seed0.pcf,dhfma,0,1456649,272
random_n500_rho0.9_weakly-corr_seed0.pcf,hfma,1,1470418,272
random_n500_rho0.9_weakly-corr_seed0.pcf,dhfma,1,1659962,272
random_n500_rho0.9_weakly-corr_seed0.pcf,hfma,2,1371458,272
random_n500_rho0.9_weakly-corr_seed0.pcf,dhfma,2,1167111,272
random_n500_rho0.9_weakly-corr_seed1.pcf,hfma,0,1245441,277
random_n500_rho0.9_weakly-corr_seed1.pcf,dhfma,0,1430483,277
random_n500_rho0.9_weakly-corr_seed1.pcf,hfma,1,1575902,277
random_n500_rho0.9_weakly-corr_seed1.pcf,dhfma,1,1942768,277
random_n500_rho0.9_weakly-corr_seed1.pcf,hfma,2,2168097,277
random_n500_rho0.9_weakly-corr_seed1.pcf,dhfma,2,2264094,277
random_n500_rho0.9_weakly-corr_seed2.pcf,hfma,0,3936050,264
random_n500_rho0.9_weakly-corr_seed2.pcf,dhfma,0,3468092,264
random_n500_rho0.9_weakly-corr_seed2.pcf,hfma,1,2589386,264
random_n500_rho0.9_weakly-corr_seed2.pcf,dhfma,1,1972557,264
random_n500_rho0.9_weakly-corr_seed2.pcf,hfma,2,1607863,264
random_n500_rho0.9_weakly-corr_seed2.pcf,dhfma,2,1301720,264
random_n500_rho0.9_weakly-corr_seed3.pcf,hfma,0,1093050,288
random_n500_rho0.9_weakly-corr_seed3.pcf,dhfma,0,1286068,288
random_n500_rho0.9_weakly-corr_seed3.pcf,hfma,1,1120928,288
random_n500_rho0.9_weakly-corr_seed3.pcf,dhfma,1,1136525,288
random_n500_rho0.9_weakly-corr_seed3.pcf,hfma,2,1158186,288
random_n500_rho0.9_weakly-corr_seed3.pcf,dhfma,2,1066026,288
random_n500_rho0.9_weakly-corr_seed4.pcf,hfma,0,2411622,265
random_n500_rho0.9_weakly-corr_seed4.pcf,dhfma,0,2987488,265
random_n500_rho0.9_weakly-corr_seed4.pcf,hfma,1,1232583,265
random_n500_rho0.9_weakly-corr_seed4.pcf,dhfma,1,1284407,265
random_n500_rho0.9_weakly-corr_seed4.pcf,hfma,2,1160704,265
random_n500_rho0.9_weakly-corr_seed4.pcf,dhfma,2,963830,265
random_n500_rho0.9_weakly-corr_seed5.pcf,hfma,0,2075555,259
random_n500_rho0.9_weakly-corr_seed5.pcf,dhfma,0,1747126,259
random_n500_rho0.9_weakly-corr_seed5.pcf,hfma,1,1786896,259
random_n500_rho0.9_weakly-corr_seed5.pcf,dhfma,1,2417853,259
random_n500_rho0.9_weakly-corr_seed5.pcf,hfma,2,2521159,259
random_n500_rho0.9_weakly-corr_seed5.pcf,dhfma,2,2575079,259
random_n500_rho0.9_weakly-corr_seed6.pcf,hfma,0,2166094,279
random_n500_rho0.9_weakly-corr_seed6.pcf,dhfma,0,2662196,279
random_n500_rho0.9_weakly-corr_seed6.pcf,hfma,1,984158,279
random_n500_rho0.9_weakly-corr_seed6.pcf,dhfma,1,852645,279
random_n500_rho0.9_weakly-corr_seed6.pcf,hfma,2,793692,279
random_n500_rho0.9_weakly-corr_seed6.pcf,dhfma,2,829840,279
random_n500_rho0.9_weakly-corr_seed7.pcf,hfma,0,3276827,289
random_n500_rho0.9_weakly-corr_seed7.pcf,dhfma,0,2185466,289
random_n500_rho0.9_weakly-corr_seed7.pcf,hfma,1,1089877,289
random_n500_rho0.9_weakly-corr_seed7.pcf,dhfma,1,1161930,289
random_n500_rho0.9_weakly-corr_seed7.pcf,hfma,2,1079086,289
random_n500_rho0.9_weakly-corr_seed7.pcf,dhfma,2,1102467,289
random_n500_rho0.9_weakly-corr_seed8.pcf,hfma,0,2744979,286
random_n500_rho0.9_weakly-corr_seed8.pcf,dhfma,0,2676905,286
random_n500_rho0.9_weakly-corr_seed8.pcf,hfma,1,2890478,286
random_n500_rho0.9_weakly-corr_seed8.pcf,dhfma,1,3597092,286
random_n500_rho0.9_weakly-corr_seed8.pcf,hfma,2,3139037,286
random_n500_rho0.9_weakly-corr_seed8.pcf,dhfma,2,3562600,286
random_n500_rho0.9_weakly-corr_seed9.pcf,hfma,0,6494110,254
random_n500_rho0.9_weakly-corr_seed9.pcf,dhfma,0,4594515,254
random_n500_rho0.9_weakly-corr_seed9.pcf,hfma,1,3069320,254
random_n500_rho0.9_weakly-corr_seed9.pcf,dhfma,1,1990935,254
random_n500_rho0.9_weakly-corr_seed9.pcf,hfma,2,1613332,254
random_n500_rho0.9_weakly-corr_seed9.pcf,dhfma,2,1381079,254
random_n500_rho1.0_strongly-corr-neg_seed0.pcf,hfma,0,1003337,259
random_n500_rho1.0_strongly-corr-neg_seed0.pcf,dhfma,0,1026261,259
random_n500_rho1.0_strongly-corr-neg_seed0.pcf,hfma,1,1162788,259
random_n500_rho1.0_strongly-corr-neg_seed0.pcf,dhfma,1,1161874,259
random_n500_rho1.0_strongly-corr-neg_seed0.pcf,hfma,2,973156,259
random_n500_rho1.0_strongly-corr-neg_seed0.pcf,dhfma,2,1001889,259
random_n500_rho1.0_strongly-corr-neg_seed1.pcf,hfma,0,1876063,223
random_n500_rho1.0_strongly-corr-neg_seed1.pcf,dhfma,0,1594972,223
random_n500_rho1.0_strongly-corr-neg_seed1.pcf,hfma,1,1485548,223
random_n500_rho1.0_strongly-corr-neg_seed1.pcf,dhfma,1,1619530,223
random_n500_rho1.0_strongly-corr-neg_seed1.pcf,hfma,2,2065731,223
random_n500_rho1.0_strongly-corr-neg_seed1.pcf,dhfma,2,1304208,223
random_n500_rho1.0_strongly-corr-neg_seed2.pcf,hfma,0,3996095,244
random_n500_rho1.0_strongly-corr-neg_seed2.pcf,dhfma,0,2752245,244
random_n500_rho1.0_strongly-corr-neg_seed2.pcf,hfma,1,2592489,244
random_n500_rho1.0_strongly-corr-neg_seed2.pcf,dhfma,1,1655739,244
random_n500_rho1.0_strongly-corr-neg_seed2.pcf,hfma,2,1648622,244
random_n500_rho1.0_strongly-corr-neg_seed2.pcf,dhfma,2,1228195,244
random_n500_rho1.0_strongly-corr-neg_seed3.pcf,hfma,0,1617419,240
random_n500_rho1.0_strongly-corr-neg_seed3.pcf,dhfma,0,1774704,240
random_n500_rho1.0_strongly-corr-neg_seed3.pcf,hfma,1,1796650,240
random_n500_rho1.0_strongly-corr-neg_seed3.pcf,dhfma,1,1516782,240
random_n500_rho1.0_strongly-corr-neg_seed3.pcf,hfma,2,1706167,240
random_n500_rho1.0_strongly-corr-neg_seed3.pcf,dhfma,2,2004814,240
random_n500_rho1.0_strongly-corr-neg_seed4.pcf,hfma,0,4145732,228
random_n500_rho1.0_strongly-corr-neg_seed4.pcf,dhfma,0,2808231,228
random_n500_rho1.0_strongly-corr-neg_seed4.pcf,hfma,1,2095122,228
random_n500_rho1.0_strongly-corr-neg_seed4.pcf,dhfma,1,2791054,228
random_n500_rho1.0_strongly-corr-neg_seed4.pcf,hfma,2,1565578,228
random_n500_rho1.0_strongly-corr-neg_seed4.pcf,dhfma,2,3366018,228
random_n500_rho1.0_strongly-corr-neg_seed5.pcf,hfma,0,3681677,241
random_n500_rho1.0_strongly-corr-neg_seed5.pcf,dhfma,0,2703688,241
random_n500_rho1.0_strongly-corr-neg_seed5.pcf,hfma,1,4138564,241
random_n500_rho1.0_strongly-corr-neg_seed5.pcf,dhfma,1,4264474,241
random_n500_rho1.0_strongly-corr-neg_seed5.pcf,hfma,2,5324854,241
random_n500_rho1.0_strongly-corr-neg_seed5.pcf,dhfma,2,3850576,241
random_n500_rho1.0_strongly-corr-neg_seed6.pcf,hfma,0,4396408,246
random_n500_rho1.0_strongly-corr-neg_seed6.pcf,dhfma,0,1785275,246
random_n500_rho1.0_strongly-corr-neg_seed6.pcf,hfma,1,2900240,246
random_n500_rho1.0_strongly-corr-neg_seed6.pcf,dhfma,1,2339094,246
random_n500_rho1.0_strongly-corr-neg_seed6.pcf,hfma,2,2054846,246
random_n500_rho1.0_strongly-corr-neg_seed6.pcf,dhfma,2,1471789,246
random_n500_rho1.0_strongly-corr-neg_seed7.pcf,hfma,0,2942453,255
random_n500_rho1.0_strongly-corr-neg_seed7.pcf,dhfma,0,2735865,255
random_n500_rho1.0_strongly-corr-neg_seed7.pcf,hfma,1,3963885,255
random_n500_rho1.0_strongly-corr-neg_seed7.pcf,dhfma,1,3209309,255
random_n500_rho1.0_strongly-corr-neg_seed7.pcf,hfma,2,2590087,255
random_n500_rho1.0_strongly-corr-neg_seed7.pcf,dhfma,2,1786831,255
random_n500_rho1.0_strongly-corr-neg_seed8.pcf,hfma,0,3027113,241
random_n500_rho1.0_strongly-corr-neg_seed8.pcf,dhfma,0,2742116,241
random_n500_rho1.0_strongly-corr-neg_seed8.pcf,hfma,1,3604299,241
random_n500_rho1.0_strongly-corr-neg_seed8.pcf,dhfma,1,3439431,241
random_n500_rho1.0_strongly-corr-neg_seed8.pcf,hfma,2,2494388,241
random_n500_rho1.0_strongly-corr-neg_seed8.pcf,dhfma,2,1838570,241
random_n500_rho1.0_strongly-corr-neg_seed9.pcf,hfma,0,2086888,232
random_n500_rho1.0_strongly-corr-neg_seed9.pcf,dhfma,0,2398655,232
random_n500_rho1.0_strongly-corr-neg_seed9.pcf,hfma,1,3248267,232
random_n500_rho1.0_strongly-corr-neg_seed9.pcf,dhfma,1,3366586,232
random_n500_rho1.0_strongly-corr-neg_seed9.pcf,hfma,2,3080178,232
random_n500_rho1.0_strongly-corr-neg_seed9.pcf,dhfma,2,3622136,232
random_n500_rho1.0_strongly-corr_seed0.pcf,hfma,0,4384895,230
random_n500_rho1.0_strongly-corr_seed0.pcf,dhfma,0,2661734,230
random_n500_rho1.0_strongly-corr_seed0.pcf,hfma,1,2186743,230
random_n500_rho1.0_strongly-corr_seed0.pcf,dhfma,1,1584467,230
random_n500_rho1.0_strongly-corr_seed0.pcf,hfma,2,1819234,230
random_n500_rho1.0_strongly-corr_seed0.pcf,dhfma,2,2016253,230
random_n500_rho1.0_strongly-corr_seed1.pcf,hfma,0,2727722,238
random_n500_rho1.0_strongly-corr_seed1.pcf,dhfma,0,2169876,238
random_n500_rho1.0_strongly-corr_seed1.pcf,hfma,1,1555385,238
random_n500_rho1.0_strongly-corr_seed1.pcf,dhfma,1,1419816,238
random_n500_rho1.0_strongly-corr_seed1.pcf,hfma,2,1061243,238
random_n500_rho1.0_strongly-corr_seed1.pcf,dhfma,2,1115199,238
random_n500_rho1.0_strongly-corr_seed2.pcf,hfma,0,2249917,230
random_n500_rho1.0_strongly-corr_seed2.pcf,dhfma,0,1917365,230
random_n500_rho1.0_strongly-corr_seed2.pcf,hfma,1,2332664,230
random_n500_rho1.0_strongly-corr_seed2.pcf,dhfma,1,2836053,230
random_n500_rho1.0_strongly-corr_seed2.pcf,hfma,2,2480825,230
random_n500_rho1.0_strongly-corr_seed2.pcf,dhfma,2,1983509,230
random_n500_rho1.0_strongly-corr_seed3.pcf,hfma,0,2314131,216
random_n500_rho1.0_strongly-corr_seed3.pcf,dhfma,0,3175700,216
random_n500_rho1.0_strongly-corr_seed3.pcf,hfma,1,2591814,216
random_n500_rho1.0_strongly-corr_seed3.pcf,dhfma,1,2425982,216
random_n500_rho1.0_strongly-corr_seed3.pcf,hfma,2,1859905,216
random_n500_rho1.0_strongly-corr_seed3.pcf,dhfma,2,1593757,216
random_n500_rho1.0_strongly-corr_seed4.pcf,hfma,0,2703938,240
random_n500_rho1.0_strongly-corr_seed4.pcf,dhfma,0,2329114,240
random_n500_rho1.0_strongly-corr_seed4.pcf,hfma,1,2718074,240
random_n500_rho1.0_strongly-corr_seed4.pcf,dhfma,1,1285013,240
random_n500_rho1.0_strongly-corr_seed4.pcf,hfma,2,1110721,240
random_n500_rho1.0_strongly-corr_seed4.pcf,dhfma,2,1149298,240
random_n500_rho1.0_strongly-corr_seed5.pcf,hfma,0,3579052,233
random_n500_rho1.0_strongly-corr_seed5.pcf,dhfma,0,3948290,233
random_n500_rho1.0_strongly-corr_seed5.pcf,hfma,1,3896890,233
random_n500_rho1.0_strongly-corr_seed5.pcf,dhfma,1,3075811,233
random_n500_rho1.0_strongly-corr_seed5.pcf,hfma,2,2204590,233
random_n500_rho1.0_strongly-corr_seed5.pcf,dhfma,2,1715517,233
random_n500_rho1.0_strongly-corr_seed6.pcf,hfma,0,3423453,218
random_n500_rho1.0_strongly-corr_seed6.pcf,dhfma,0,2170407,218
random_n500_rho1.0_strongly-corr_seed6.pcf,hfma,1,1715431,218
random_n500_rho1.0_strongly-corr_seed6.pcf,dhfma,1,1607457,218
random_n500_rho1.0_strongly-corr_seed6.pcf,hfma,2,1640235,218
random_n500_rho1.0_strongly-corr_seed6.pcf,dhfma,2,1570474,218
random_n500_rho1.0_strongly-corr_seed7.pcf,hfma,0,1539701,236
random_n500_rho1.0_strongly-corr_seed7.pcf,dhfma,0,1557946,236
random_n500_rho1.0_strongly-corr_seed7.pcf,hfma,1,1033924,236
random_n500_rho1.0_strongly-corr_seed7.pcf,dhfma,1,1020671,236
random_n500_rho1.0_strongly-corr_seed7.pcf,hfma,2,1098855,236
random_n500_rho1.0_strongly-corr_seed7.pcf,dhfma,2,1248154,236
random_n500_rho1.0_strongly-corr_seed8.pcf,hfma,0,2533711,234
random_n500_rho1.0_strongly-corr_seed8.pcf,dhfma,0,2485918,234
random_n500_rho1.0_strongly-corr_seed8.pcf,hfma,1,1869285,234
random_n500_rho1.0_strongly-corr_seed8.pcf,dhfma,1,2228094,234
random_n500_rho1.0_strongly-corr_seed8.pcf,hfma,2,1900691,234
random_n500_rho1.0_strongly-corr_seed8.pcf,dhfma,2,962825,234
random_n500_rho1.0_strongly-corr_seed9.pcf,hfma,0,3731933,228
random_n500_rho1.0_strongly-corr_seed9.pcf,dhfma,0,4861160,228
random_n500_rho1.0_strongly-corr_seed9.pcf,hfma,1,1225271,228
random_n500_rho1.0_strongly-corr_seed9.pcf,dhfma,1,1203711,228
random_n500_rho1.0_strongly-corr_seed9.pcf,hfma,2,1116194,228
random_n500_rho1.0_strongly-corr_seed9.pcf,dhfma,2,1194737,228
random_n500_rho1.0_uncorr-neg_seed0.pcf,hfma,0,2661676,265
random_n500_rho1.0_uncorr-neg_seed0.pcf,dhfma,0,3579320,265
random_n500_rho1.0_uncorr-neg_seed0.pcf,hfma,1,1322853,265
random_n500_rho1.0_uncorr-neg_seed0.pcf,dhfma,1,1453660,265
random_n500_rho1.0_uncorr-neg_seed0.pcf,hfma,2,2775205,265
random_n500_rho1.0_uncorr-neg_seed0.pcf,dhfma,2,2343709,265
random_n500_rho1.0_uncorr-neg_seed1.pcf,hfma,0,3616837,249
random_n500_rho1.0_uncorr-neg_seed1.pcf,dhfma,0,3425694,249
random_n500_rho1.0_uncorr-neg_seed1.pcf,hfma,1,2416700,249
random_n500_rho1.0_uncorr-neg_seed1.pcf,dhfma,1,1243676,249
random_n500_rho1.0_uncorr-neg_seed1.pcf,hfma,2,1309572,249
random_n500_rho1.0_uncorr-neg_seed1.pcf,dhfma,2,1240755,249
random_n500_rho1.0_uncorr-neg_seed2.pcf,hfma,0,4026563,253
random_n500_rho1.0_uncorr-neg_seed2.pcf,dhfma,0,3813447,253
random_n500_rho1.0_uncorr-neg_seed2.pcf,hfma,1,4395507,253
random_n500_rho1.0_uncorr-neg_seed2.pcf,dhfma,1,4580413,253
random_n500_rho1.0_uncorr-neg_seed2.pcf,hfma,2,4233535,253
random_n500_rho1.0_uncorr-neg_seed2.pcf,dhfma,2,4474262,253
random_n500_rho1.0_uncorr-neg_seed3.pcf,hfma,0,5261091,252
random_n500_rho1.0_uncorr-neg_seed3.pcf,dhfma,0,5462374,252
random_n500_rho1.0_uncorr-neg_seed3.pcf,hfma,1,5108934,252
random_n500_rho1.0_uncorr-neg_seed3.pcf,dhfma,1,4125083,252
random_n500_rho1.0_uncorr-neg_seed3.pcf,hfma,2,2579630,252
random_n500_rho1.0_uncorr-neg_seed3.pcf,dhfma,2,1979000,252
random_n500_rho1.0_uncorr-neg_seed4.pcf,hfma,0,1654165,241
random_n500_rho1.0_uncorr-neg_seed4.pcf,dhfma,0,1160584,241
random_n500_rho1.0_uncorr-neg_seed4.pcf,hfma,1,1226556,241
random_n500_rho1.0_uncorr-neg_seed4.pcf,dhfma,1,1072431,241
random_n500_rho1.0_uncorr-neg_seed4.pcf,hfma,2,1210967,241
random_n500_rho1.0_uncorr-neg_seed4.pcf,dhfma,2,1097060,241
random_n500_rho1.0_uncorr-neg_seed5.pcf,hfma,0,1609633,226
random_n500_rho1.0_uncorr-neg_seed5.pcf,dhfma,0,1871509,226
random_n500_rho1.0_uncorr-neg_seed5.pcf,hfma,1,1583124,226
random_n500_rho1.0_uncorr-neg_seed5.pcf,dhfma,1,2214801,226
random_n500_rho1.0_uncorr-neg_seed5.pcf,hfma,2,2077173,226
random_n500_rho1.0_uncorr-neg_seed5.pcf,dhfma,2,1739266,226
random_n500_rho1.0_uncorr-neg_seed6.pcf,hfma,0,2514168,252
random_n500_rho1.0_uncorr-neg_seed6.pcf,dhfma,0,2747876,252
random_n500_rho1.0_uncorr-neg_seed6.pcf,hfma,1,3943768,252
random_n500_rho1.0_uncorr-neg_seed6.pcf,dhfma,1,3016016,252
random_n500_rho1.0_uncorr-neg_seed6.pcf,hfma,2,2531800,252
random_n500_rho1.0_uncorr-neg_seed6.pcf,dhfma,2,1750753,252
random_n500_rho1.0_uncorr-neg_seed7.pcf,hfma,0,1821980,255
random_n500_rho1.0_uncorr-neg_seed7.pcf,dhfma,0,1690097,255
random_n500_rho1.0_uncorr-neg_seed7.pcf,hfma,1,2159590,255
random_n500_rho1.0_uncorr-neg_seed7.pcf,dhfma,1,2450873,255
random_n500_rho1.0_uncorr-neg_seed7.pcf,hfma,2,2331262,255
random_n500_rho1.0_uncorr-neg_seed7.pcf,dhfma,2,1722185,255
random_n500_rho1.0_uncorr-neg_seed8.pcf,hfma,0,2316406,245
random_n500_rho1.0_uncorr-neg_seed8.pcf,dhfma,0,2942979,245
random_n500_rho1.0_uncorr-neg_seed8.pcf,hfma,1,2431288,245
random_n500_rho1.0_uncorr-neg_seed8.pcf,dhfma,1,2079230,245
random_n500_rho1.0_uncorr-neg_seed8.pcf,hfma,2,1774535,245
random_n500_rho1.0_uncorr-neg_seed8.pcf,dhfma,2,1465070,245
random_n500_rho1.0_uncorr-neg_seed9.pcf,hfma,0,3120143,270
random_n500_rho1.0_uncorr-neg_seed9.pcf,dhfma,0,2355714,270
random_n500_rho1.0_uncorr-neg_seed9.pcf,hfma,1,1912627,270
random_n500_rho1.0_uncorr-neg_seed9.pcf,dhfma,1,1947029,270
random_n500_rho1.0_uncorr-neg_seed9.pcf,hfma,2,2364598,270
random_n500_rho1.0_uncorr-neg_seed9.pcf,dhfma,2,1259542,270
random_n500_rho1.0_uncorr_seed0.pcf,hfma,0,3011414,245
random_n500_rho1.0_uncorr_seed0.pcf,dhfma,0,2264596,245
random_n500_rho1.0_uncorr_seed0.pcf,hfma,1,1120291,245
random_n500_rho1.0_uncorr_seed0.pcf,dhfma,1,1232571,245
random_n500_rho1.0_uncorr_seed0.pcf,hfma,2,1094238,245
random_n500_rho1.0_uncorr_seed0.pcf,dhfma,2,1207229,245
random_n500_rho1.0_uncorr_seed1.pcf,hfma,0,1744758,242
random_n500_rho1.0_uncorr_seed1.pcf,dhfma,0,2139418,242
random_n500_rho1.0_uncorr_seed1.pcf,hfma,1,2321498,242
random_n500_rho1.0_uncorr_seed1.pcf,dhfma,1,2355330,242
random_n500_rho1.0_uncorr_seed1.pcf,hfma,2,2406824,242
random_n500_rho1.0_uncorr_seed1.pcf,dhfma,2,3106544,242
random_n500_rho1.0_uncorr_seed2.pcf,hfma,0,6651095,253
random_n500_rho1.0_uncorr_seed2.pcf,dhfma,0,5146428,253
random_n500_rho1.0_uncorr_seed2.pcf,hfma,1,5396044,253
random_n500_rho1.0_uncorr_seed2.pcf,dhfma,1,3499106,253
random_n500_rho1.0_uncorr_seed2.pcf,hfma,2,2411770,253
random_n500_rho1.0_uncorr_seed2.pcf,dhfma,2,1827299,253
random_n500_rho1.0_uncorr_seed3.pcf,hfma,0,1871364,261
random_n500_rho1.0_uncorr_seed3.pcf,dhfma,0,1441854,261
random_n500_rho1.0_uncorr_seed3.pcf,hfma,1,1216754,261
random_n500_rho1.0_uncorr_seed3.pcf,dhfma,1,1085998,261
random_n500_rho1.0_uncorr_seed3.pcf,hfma,2,1077896,261
random_n500_rho1.0_uncorr_seed3.pcf,dhfma,2,1064026,261
random_n500_rho1.0_uncorr_seed4.pcf,hfma,0,1978738,260
random_n500_rho1.0_uncorr_seed4.pcf,dhfma,0,2004048,260
random_n500_rho1.0_uncorr_seed4.pcf,hfma,1,2443003,260
random_n500_rho1.0_uncorr_seed4.pcf,dhfma,1,2507579,260
random_n500_rho1.0_uncorr_seed4.pcf,hfma,2,1966911,260
random_n500_rho1.0_uncorr_seed4.pcf,dhfma,2,1648329,260
random_n500_rho1.0_uncorr_seed5.pcf,hfma,0,1637196,261
random_n500_rho1.0_uncorr_seed5.pcf,dhfma,0,1235923,261
random_n500_rho1.0_uncorr_seed5.pcf,hfma,1,1223895,261
random_n500_rho1.0_uncorr_seed5.pcf,dhfma,1,1304295,261
random_n500_rho1.0_uncorr_seed5.pcf,hfma,2,1503863,261
random_n500_rho1.0_uncorr_seed5.pcf,dhfma,2,1690154,261
random_n500_rho1.0_uncorr_seed6.pcf,hfma,0,2002017,240
random_n500_rho1.0_uncorr_seed6.pcf,dhfma,0,1486895,240
random_n500_rho1.0_uncorr_seed6.pcf,hfma,1,1730440,240
random_n500_rho1.0_uncorr_seed6.pcf,dhfma,1,2008596,240
random_n500_rho1.0_uncorr_seed6.pcf,hfma,2,2571304,240
random_n500_rho1.0_uncorr_seed6.pcf,dhfma,2,2968238,240
random_n500_rho1.0_uncorr_seed7.pcf,hfma,0,3572629,238
random_n500_rho1.0_uncorr_seed7.pcf,dhfma,0,2653216,238
random_n500_rho1.0_uncorr_seed7.pcf,hfma,1,1794299,238
random_n500_rho1.0_uncorr_seed7.pcf,dhfma,1,2413654,238
random_n500_rho1.0_uncorr_seed7.pcf,hfma,2,2618416,238
random_n500_rho1.0_uncorr_seed7.pcf,dhfma,2,3774020,238
random_n500_rho1.0_uncorr_seed8.pcf,hfma,0,3824477,269
random_n500_rho1.0_uncorr_seed8.pcf,dhfma,0,2867469,269
random_n500_rho1.0_uncorr_seed8.pcf,hfma,1,3664593,269
random_n500_rho1.0_uncorr_seed8.pcf,dhfma,1,3294538,269
random_n500_rho1.0_uncorr_seed8.pcf,hfma,2,3950786,269
random_n500_rho1.0_uncorr_seed8.pcf,dhfma,2,2893613,269
random_n500_rho1.0_uncorr_seed9.pcf,hfma,0,2864590,271
random_n500_rho1.0_uncorr_seed9.pcf,dhfma,0,3701112,271
random_n500_rho1.0_uncorr_seed9.pcf,hfma,1,3090307,271
random_n500_rho1.0_uncorr_seed9.pcf,dhfma,1,3103264,271
random_n500_rho1.0_uncorr_seed9.pcf,hfma,2,1693987,271
random_n500_rho1.0_uncorr_seed9.pcf,dhfma,2,1818805,271
random_n500_rho1.0_weakly-corr-neg_seed0.pcf,hfma,0,2719013,244
random_n500_rho1.0_weakly-corr-neg_seed0.pcf,dhfma,0,1810528,244
random_n500_rho1.0_weakly-corr-neg_seed0.pcf,hfma,1,2484711,244
random_n500_rho1.0_weakly-corr-neg_seed0.pcf,dhfma,1,2662023,244
random_n500_rho1.0_weakly-corr-neg_seed0.pcf,hfma,2,3028663,244
random_n500_rho1.0_weakly-corr-neg_seed0.pcf,dhfma,2,2051602,244
random_n500_rho1.0_weakly-corr-neg_seed1.pcf,hfma,0,3350609,240
random_n500_rho1.0_weakly-corr-neg_seed1.pcf,dhfma,0,3076299,240
random_n500_rho1.0_weakly-corr-neg_seed1.pcf,hfma,1,3471397,240
random_n500_rho1.0_weakly-corr-neg_seed1.pcf,dhfma,1,2534519,240
random_n500_rho1.0_weakly-corr-neg_seed1.pcf,hfma,2,2938393,240
random_n500_rho1.0_weakly-corr-neg_seed1.pcf,dhfma,2,2532746,240
random_n500_rho1.0_weakly-corr-neg_seed2.pcf,hfma,0,5131226,236
random_n500_rho1.0_weakly-corr-neg_seed2.pcf,dhfma,0,3741194,236
random_n500_rho1.0_weakly-corr-neg_seed2.pcf,hfma,1,4112283,236
random_n500_rho1.0_weakly-corr-neg_seed2.pcf,dhfma,1,3466903,236
random_n500_rho1.0_weakly-corr-neg_seed2.pcf,hfma,2,3030353,236
random_n500_rho1.0_weakly-corr-neg_seed2.pcf,dhfma,2,1934010,236
random_n500_rho1.0_weakly-corr-neg_seed3.pcf,hfma,0,3153251,241
random_n500_rho1.0_weakly-corr-neg_seed3.pcf,dhfma,0,3966279,241
random_n500_rho1.0_weakly-corr-neg_seed3.pcf,hfma,1,3251704,241
random_n500_rho1.0_weakly-corr-neg_seed3.pcf,dhfma,1,2340908,241
random_n500_rho1.0_weakly-corr-neg_seed3.pcf,hfma,2,1772012,241
random_n500_rho1.0_weakly-corr-neg_seed3.pcf,dhfma,2,1408769,241
random_n500_rho1.0_weakly-corr-neg_seed4.pcf,hfma,0,2088087,242
random_n500_rho1.0_weakly-corr-neg_seed4.pcf,dhfma,0,2149347,242
random_n500_rho1.0_weakly-corr-neg_seed4.pcf,hfma,1,1490580,242
random_n500_rho1.0_weakly-corr-neg_seed4.pcf,dhfma,1,1324408,242
random_n500_rho1.0_weakly-corr-neg_seed4.pcf,hfma,2,1194936,242
random_n500_rho1.0_weakly-corr-neg_seed4.pcf,dhfma,2,1328328,242
random_n500_rho1.0_weakly-corr-neg_seed5.pcf,hfma,0,1475666,258
random_n500_rho1.0_weakly-corr-neg_seed5.pcf,dhfma,0,1364315,258
random_n500_rho1.0_weakly-corr-neg_seed5.pcf,hfma,1,1170935,258
random_n500_rho1.0_weakly-corr-neg_seed5.pcf,dhfma,1,1090894,258
random_n500_rho1.0_weakly-corr-neg_seed5.pcf,hfma,2,1394205,258
random_n500_rho1.0_weakly-corr-neg_seed5.pcf,dhfma,2,1364563,258
random_n500_rho1.0_weakly-corr-neg_seed6.pcf,hfma,0,3528151,255
random_n500_rho1.0_weakly-corr-neg_seed6.pcf,dhfma,0,2460927,255
random_n500_rho1.0_weakly-corr-neg_seed6.pcf,hfma,1,2196087,255
random_n500_rho1.0_weakly-corr-neg_seed6.pcf,dhfma,1,2066650,255
random_n500_rho1.0_weakly-corr-neg_seed6.pcf,hfma,2,2697548,255
random_n500_rho1.0_weakly-corr-neg_seed6.pcf,dhfma,2,3342841,255
random_n500_rho1.0_weakly-corr-neg_seed7.pcf,hfma,0,3852838,252
random_n500_rho1.0_weakly-corr-neg_seed7.pcf,dhfma,0,2898088,252
random_n500_rho1.0_weakly-corr-neg_seed7.pcf,hfma,1,2382254,252
random_n500_rho1.0_weakly-corr-neg_seed7.pcf,dhfma,1,2897877,252
random_n500_rho1.0_weakly-corr-neg_seed7.pcf,hfma,2,2603226,252
random_n500_rho1.0_weakly-corr-neg_seed7.pcf,dhfma,2,2054643,252
random_n500_rho1.0_weakly-corr-neg_seed8.pcf,hfma,0,3181575,252
random_n500_rho1.0_weakly-corr-neg_seed8.pcf,dhfma,0,3196477,252
random_n500_rho1.0_weakly-corr-neg_seed8.pcf,hfma,1,3461661,252
random_n500_rho1.0_weakly-corr-neg_seed8.pcf,dhfma,1,2969913,252
random_n500_rho1.0_weakly-corr-neg_seed8.pcf,hfma,2,2295767,252
random_n500_rho1.0_weakly-corr-neg_seed8.pcf,dhfma,2,1729220,252
random_n500_rho1.0_weakly-corr-neg_seed9.pcf,hfma,0,3494904,253
random_n500_rho1.0_weakly-corr-neg_seed9.pcf,dhfma,0,4407809,253
random_n500_rho1.0_weakly-corr-neg_seed9.pcf,hfma,1,2683630,253
random_n500_rho1.0_weakly-corr-neg_seed9.pcf,dhfma,1,2713203,253
random_n500_rho1.0_weakly-corr-neg_seed9.pcf,hfma,2,2225434,253
random_n500_rho1.0_weakly-corr-neg_seed9.pcf,dhfma,2,1768304,253
random_n500_rho1.0_weakly-corr_seed0.pcf,hfma,0,2670553,240
random_n500_rho1.0_weakly-corr_seed0.pcf,dhfma,0,2742367,240
random_n500_rho1.0_weakly-corr_seed0.pcf,hfma,1,1873412,240
random_n500_rho1.0_weakly-corr_seed0.pcf,dhfma,1,2378146,240
random_n500_rho1.0_weakly-corr_seed0.pcf,hfma,2,2776141,240
random_n500_rho1.0_weakly-corr_seed0.pcf,dhfma,2,2429561,240
random_n500_rho1.0_weakly-corr_seed1.pcf,hfma,0,3153025,240
random_n500_rho1.0_weakly-corr_seed1.pcf,dhfma,0,2899546,240
random_n500_rho1.0_weakly-corr_seed1.pcf,hfma,1,1201332,240
random_n500_rho1.0_weakly-corr_seed1.pcf,dhfma,1,1281413,240
random_n500_rho1.0_weakly-corr_seed1.pcf,hfma,2,1185840,240
random_n500_rho1.0_weakly-corr_seed1.pcf,dhfma,2,1273243,240
random_n500_rho1.0_weakly-corr_seed2.pcf,hfma,0,1399277,256
random_n500_rho1.0_weakly-corr_seed2.pcf,dhfma,0,1930770,256
random_n500_rho1.0_weakly-corr_seed2.pcf,hfma,1,2039028,256
random_n500_rho1.0_weakly-corr_seed2.pcf,dhfma,1,2058230,256
random_n500_rho1.0_weakly-corr_seed2.pcf,hfma,2,1617102,256
random_n500_rho1.0_weakly-corr_seed2.pcf,dhfma,2,1404688,256
random_n500_rho1.0_weakly-corr_seed3.pcf,hfma,0,4037046,249
random_n500_rho1.0_weakly-corr_seed3.pcf,dhfma,0,5018007,249
random_n500_rho1.0_weakly-corr_seed3.pcf,hfma,1,3399349,249
random_n500_rho1.0_weakly-corr_seed3.pcf,dhfma,1,2443383,249
random_n500_rho1.0_weakly-corr_seed3.pcf,hfma,2,1916371,249
random_n500_rho1.0_weakly-corr_seed3.pcf,dhfma,2,1554370,249
random_n500_rho1.0_weakly-corr_seed4.pcf,hfma,0,1532280,235
random_n500_rho1.0_weakly-corr_seed4.pcf,dhfma,0,1823262,235
random_n500_rho1.0_weakly-corr_seed4.pcf,hfma,1,1359607,235
random_n500_rho1.0_weakly-corr_seed4.pcf,dhfma,1,1856483,235
random_n500_rho1.0_weakly-corr_seed4.pcf,hfma,2,1894977,235
random_n500_rho1.0_weakly-corr_seed4.pcf,dhfma,2,2111974,235
random_n500_rho1.0_weakly-corr_seed5.pcf,hfma,0,3517251,230
random_n500_rho1.0_weakly-corr_seed5.pcf,dhfma,0,3073344,230
random_n500_rho1.0_weakly-corr_seed5.pcf,hfma,1,4387391,230
random_n500_rho1.0_weakly-corr_seed5.pcf,dhfma,1,3691066,230
random_n500_rho1.0_weakly-corr_seed5.pcf,hfma,2,2883789,230
random_n500_rho1.0_weakly-corr_seed5.pcf,dhfma,2,1843699,230
random_n500_rho1.0_weakly-corr_seed6.pcf,hfma,0,2225334,234
random_n500_rho1.0_weakly-corr_seed6.pcf,dhfma,0,2154142,234
random_n500_rho1.0_weakly-corr_seed6.pcf,hfma,1,2490264,234
random_n500_rho1.0_weakly-corr_seed6.pcf,dhfma,1,3228434,234
random_n500_rho1.0_weakly-corr_seed6.pcf,hfma,2,3065816,234
random_n500_rho1.0_weakly-corr_seed6.pcf,dhfma,2,2368960,234
random_n500_rho1.0_weakly-corr_seed7.pcf,hfma,0,4163582,253
random_n500_rho1.0_weakly-corr_seed7.pcf,dhfma,0,2838840,253
random_n500_rho1.0_weakly-corr_seed7.pcf,hfma,1,2008144,253
random_n500_rho1.0_weakly-corr_seed7.pcf,dhfma,1,1656824,253
random_n500_rho1.0_weakly-corr_seed7.pcf,hfma,2,1297574,253
random_n500_rho1.0_weakly-corr_seed7.pcf,dhfma,2,1147058,253
random_n500_rho1.0_weakly-corr_seed8.pcf,hfma,0,2074664,251
random_n500_rho1.0_weakly-corr_seed8.pcf,dhfma,0,2478813,251
random_n500_rho1.0_weakly-corr_seed8.pcf,hfma,1,2183942,251
random_n500_rho1.0_weakly-corr_seed8.pcf,dhfma,1,2438579,251
random_n500_rho1.0_weakly-corr_seed8.pcf,hfma,2,1160029,251
random_n500_rho1.0_weakly-corr_seed8.pcf,dhfma,2,1413822,251
random_n500_rho1.0_weakly-corr_seed9.pcf,hfma,0,4348519,233
random_n500_rho1.0_weakly-corr_seed9.pcf,dhfma,0,3196381,233
random_n500_rho1.0_weakly-corr_seed9.pcf,hfma,1,2213679,233
random_n500_rho1.0_weakly-corr_seed9.pcf,dhfma,1,1130647,233
random_n500_rho1.0_weakly-corr_seed9.pcf,hfma,2,1152553,233
random_n500_rho1.0_weakly-corr_seed9.pcf,dhfma,2,1118058,233
random_n600_rho0.3_strongly-corr-neg_seed0.pcf,hfma,0,695968,463
random_n600_rho0.3_strongly-corr-neg_seed0.pcf,dhfma,0,809736,463
random_n600_rho0.3_strongly-corr-neg_seed0.pcf,hfma,1,635321,463
random_n600_rho0.3_strongly-corr-neg_seed0.pcf,dhfma,1,833073,463
random_n600_rho0.3_strongly-corr-neg_seed0.pcf,hfma,2,622837,463
random_n600_rho0.3_strongly-corr-neg_seed0.pcf,dhfma,2,704421,463
random_n600_rho0.3_strongly-corr-neg_seed1.pcf,hfma,0,769507,442
random_n600_rho0.3_strongly-corr-neg_seed1.pcf,dhfma,0,831426,442
random_n600_rho0.3_strongly-corr-neg_seed1.pcf,hfma,1,523861,442
random_n600_rho0.3_strongly-corr-neg_seed1.pcf,dhfma,1,587672,442
random_n600_rho0.3_strongly-corr-neg_seed1.pcf,hfma,2,513703,442
random_n600_rho0.3_strongly-corr-neg_seed1.pcf,dhfma,2,593691,442
random_n600_rho0.3_strongly-corr-neg_seed2.pcf,hfma,0,877718,448
random_n600_rho0.3_strongly-corr-neg_seed2.pcf,dhfma,0,881152,448
random_n600_rho0.3_strongly-corr-neg_seed2.pcf,hfma,1,691460,448
random_n600_rho0.3_strongly-corr-neg_seed2.pcf,dhfma,1,846510,448
random_n600_rho0.3_strongly-corr-neg_seed2.pcf,hfma,2,698287,448
random_n600_rho0.3_strongly-corr-neg_seed2.pcf,dhfma,2,833962,448
random_n600_rho0.3_strongly-corr-neg_seed3.pcf,hfma,0,1098325,455
random_n600_rho0.3_strongly-corr-neg_seed3.pcf,dhfma,0,1117079,455
random_n600_rho0.3_strongly-corr-neg_seed3.pcf,hfma,1,779706,455
random_n600_rho0.3_strongly-corr-neg_seed3.pcf,dhfma,1,862872,455
random_n600_rho0.3_strongly-corr-neg_seed3.pcf,hfma,2,650073,455
random_n600_rho0.3_strongly-corr-neg_seed3.pcf,dhfma,2,550870,455
random_n600_rho0.3_strongly-corr-neg_seed4.pcf,hfma,0,570008,464
random_n600_rho0.3_strongly-corr-neg_seed4.pcf,dhfma,0,608897,464
random_n600_rho0.3_strongly-corr-neg_seed4.pcf,hfma,1,401604,464
random_n600_rho0.3_strongly-corr-neg_seed4.pcf,dhfma,1,432797,464
random_n600_rho0.3_strongly-corr-neg_seed4.pcf,hfma,2,259784,464
random_n600_rho0.3_strongly-corr-neg_seed4.pcf,dhfma,2,302296,464
random_n600_rho0.3_strongly-corr-neg_seed5.pcf,hfma,0,444312,462
random_n600_rho0.3_strongly-corr-neg_seed5.pcf,dhfma,0,464483,462
random_n600_rho0.3_strongly-corr-neg_seed5.pcf,hfma,1,334396,462
random_n600_rho0.3_strongly-corr-neg_seed5.pcf,dhfma,1,371779,462
random_n600_rho0.3_strongly-corr-neg_seed5.pcf,hfma,2,290709,462
random_n600_rho0.3_strongly-corr-neg_seed5.pcf,dhfma,2,348963,462
random_n600_rho0.3_strongly-corr-neg_seed6.pcf,hfma,0,324436,464
random_n600_rho0.3_strongly-corr-neg_seed6.pcf,dhfma,0,365394,464
random_n600_rho0.3_strongly-corr-neg_seed6.pcf,hfma,1,213679,464
random_n600_rho0.3_strongly-corr-neg_seed6.pcf,dhfma,1,250976,464
random_n600_rho0.3_strongly-corr-neg_seed6.pcf,hfma,2,216205,464
random_n600_rho0.3_strongly-corr-neg_seed6.pcf,dhfma,2,243288,464
random_n600_rho0.3_strongly-corr-neg_seed7.pcf,hfma,0,503467,451
random_n600_rho0.3_strongly-corr-neg_seed7.pcf,dhfma,0,627380,451
random_n600_rho0.3_strongly-corr-neg_seed7.pcf,hfma,1,496296,451
random_n600_rho0.3_strongly-corr-neg_seed7.pcf,dhfma,1,602235,451
random_n600_rho0.3_strongly-corr-neg_seed7.pcf,hfma,2,533165,451
random_n600_rho0.3_strongly-corr-neg_seed7.pcf,dhfma,2,637689,451
random_n600_rho0.3_strongly-corr-neg_seed8.pcf,hfma,0,496606,441
random_n600_rho0.3_strongly-corr-neg_seed8.pcf,dhfma,0,594234,441
random_n600_rho0.3_strongly-corr-neg_seed8.pcf,hfma,1,487838,441
random_n600_rho0.3_strongly-corr-neg_seed8.pcf,dhfma,1,607469,441
random_n600_rho0.3_strongly-corr-neg_seed8.pcf,hfma,2,509576,441
random_n600_rho0.3_strongly-corr-neg_seed8.pcf,dhfma,2,618198,441
random_n600_rho0.3_strongly-corr-neg_seed9.pcf,hfma,0,844024,449
random_n600_rho0.3_strongly-corr-neg_seed9.pcf,dhfma,0,941027,449
random_n600_rho0.3_strongly-corr-neg_seed9.pcf,hfma,1,735620,449
random_n600_rho0.3_strongly-corr-neg_seed9.pcf,dhfma,1,815036,449
random_n600_rho0.3_strongly-corr-neg_seed9.pcf,hfma,2,702919,449
random_n600_rho0.3_strongly-corr-neg_seed9.pcf,dhfma,2,929045,449
random_n600_rho0.3_strongly-corr_seed0.pcf,hfma,0,1064801,412
random_n600_rho0.3_strongly-corr_seed0.pcf,dhfma,0,1188174,412
random_n600_rho0.3_strongly-corr_seed0.pcf,hfma,1,908459,412
random_n600_rho0.3_strongly-corr_seed0.pcf,dhfma,1,975310,412
random_n600_rho0.3_strongly-corr_seed0.pcf,hfma,2,728833,412
random_n600_rho0.3_strongly-corr_seed0.pcf,dhfma,2,797827,412
random_n600_rho0.3_strongly-corr_seed1.pcf,hfma,0,577723,406
random_n600_rho0.3_strongly-corr_seed1.pcf,dhfma,0,650874,406
random_n600_rho0.3_strongly-corr_seed1.pcf,hfma,1,581264,406
random_n600_rho0.3_strongly-corr_seed1.pcf,dhfma,1,667149,406
random_n600_rho0.3_strongly-corr_seed1.pcf,hfma,2,605329,406
random_n600_rho0.3_strongly-corr_seed1.pcf,dhfma,2,734400,406
random_n600_rho0.3_strongly-corr_seed2.pcf,hfma,0,1060767,408
random_n600_rho0.3_strongly-corr_seed2.pcf,dhfma,0,1134212,408
random_n600_rho0.3_strongly-corr_seed2.pcf,hfma,1,927649,408
random_n600_rho0.3_strongly-corr_seed2.pcf,dhfma,1,989742,408
random_n600_rho0.3_strongly-corr_seed2.pcf,hfma,2,898235,408
random_n600_rho0.3_strongly-corr_seed2.pcf,dhfma,2,1007754,408
random_n600_rho0.3_strongly-corr_seed3.pcf,hfma,0,823495,426
random_n600_rho0.3_strongly-corr_seed3.pcf,dhfma,0,944888,426
random_n600_rho0.3_strongly-corr_seed3.pcf,hfma,1,823451,426
random_n600_rho0.3_strongly-corr_seed3.pcf,dhfma,1,968632,426
random_n600_rho0.3_strongly-corr_seed3.pcf,hfma,2,798922,426
random_n600_rho0.3_strongly-corr_seed3.pcf,dhfma,2,911585,426
random_n600_rho0.3_strongly-corr_seed4.pcf,hfma,0,894066,413
random_n600_rho0.3_strongly-corr_seed4.pcf,dhfma,0,934114,413
random_n600_rho0.3_strongly-corr_seed4.pcf,hfma,1,757251,413
random_n600_rho0.3_strongly-corr_seed4.pcf,dhfma,1,806491,413
random_n600_rho0.3_strongly-corr_seed4.pcf,hfma,2,695654,413
random_n600_rho0.3_strongly-corr_seed4.pcf,dhfma,2,795595,413
random_n600_rho0.3_strongly-corr_seed5.pcf,hfma,0,884516,419
random_n600_rho0.3_strongly-corr_seed5.pcf,dhfma,0,1044933,419
random_n600_rho0.3_strongly-corr_seed5.pcf,hfma,1,836288,419
random_n600_rho0.3_strongly-corr_seed5.pcf,dhfma,1,980443,419
random_n600_rho0.3_strongly-corr_seed5.pcf,hfma,2,910781,419
random_n600_rho0.3_strongly-corr_seed5.pcf,dhfma,2,1068433,419
random_n600_rho0.3_strongly-corr_seed6.pcf,hfma,0,1024900,434
random_n600_rho0.3_strongly-corr_seed6.pcf,dhfma,0,991182,434
random_n600_rho0.3_strongly-corr_seed6.pcf,hfma,1,744244,434
random_n600_rho0.3_strongly-corr_seed6.pcf,dhfma,1,736815,434
random_n600_rho0.3_strongly-corr_seed6.pcf,hfma,2,667842,434
random_n600_rho0.3_strongly-corr_seed6.pcf,dhfma,2,747285,434
random_n600_rho0.3_strongly-corr_seed7.pcf,hfma,0,984090,411
random_n600_rho0.3_strongly-corr_seed7.pcf,dhfma,0,1162778,411
random_n600_rho0.3_strongly-corr_seed7.pcf,hfma,1,850457,411
random_n600_rho0.3_strongly-corr_seed7.pcf,dhfma,1,986934,411
random_n600_rho0.3_strongly-corr_seed7.pcf,hfma,2,770417,411
random_n600_rho0.3_strongly-corr_seed7.pcf,dhfma,2,706121,411
random_n600_rho0.3_strongly-corr_seed8.pcf,hfma,0,477217,403
random_n600_rho0.3_strongly-corr_seed8.pcf,dhfma,0,633928,403
random_n600_rho0.3_strongly-corr_seed8.pcf,hfma,1,499047,403
random_n600_rho0.3_strongly-corr_seed8.pcf,dhfma,1,596158,403
random_n600_rho0.3_strongly-corr_seed8.pcf,hfma,2,515338,403
random_n600_rho0.3_strongly-corr_seed8.pcf,dhfma,2,626733,403
random_n600_rho0.3_strongly-corr_seed9.pcf,hfma,0,771453,413
random_n600_rho0.3_strongly-corr_seed9.pcf,dhfma,0,904839,413
random_n600_rho0.3_strongly-corr_seed9.pcf,hfma,1,773314,413
random_n600_rho0.3_strongly-corr_seed9.pcf,dhfma,1,881974,413
random_n600_rho0.3_strongly-corr_seed9.pcf,hfma,2,367140,413
random_n600_rho0.3_strongly-corr_seed9.pcf,dhfma,2,206953,413
random_n600_rho0.3_uncorr-neg_seed0.pcf,hfma,0,1055518,511
random_n600_rho0.3_uncorr-neg_seed0.pcf,dhfma,0,1144225,511
random_n600_rho0.3_uncorr-neg_seed0.pcf,hfma,1,773092,511
random_n600_rho0.3_uncorr-neg_seed0.pcf,dhfma,1,891463,511
random_n600_rho0.3_uncorr-neg_seed0.pcf,hfma,2,475571,511
random_n600_rho0.3_uncorr-neg_seed0.pcf,dhfma,2,623290,511
random_n600_rho0.3_uncorr-neg_seed1.pcf,hfma,0,563863,508
random_n600_rho0.3_uncorr-neg_seed1.pcf,dhfma,0,704816,508
random_n600_rho0.3_uncorr-neg_seed1.pcf,hfma,1,536422,508
random_n600_rho0.3_uncorr-neg_seed1.pcf,dhfma,1,665318,508
random_n600_rho0.3_uncorr-neg_seed1.pcf,hfma,2,591293,508
random_n600_rho0.3_uncorr-neg_seed1.pcf,dhfma,2,755068,508
random_n600_rho0.3_uncorr-neg_seed2.pcf,hfma,0,912763,513
random_n600_rho0.3_uncorr-neg_seed2.pcf,dhfma,0,939428,513
random_n600_rho0.3_uncorr-neg_seed2.pcf,hfma,1,630839,513
random_n600_rho0.3_uncorr-neg_seed2.pcf,dhfma,1,705335,513
random_n600_rho0.3_uncorr-neg_seed2.pcf,hfma,2,533171,513
random_n600_rho0.3_uncorr-neg_seed2.pcf,dhfma,2,593272,513
random_n600_rho0.3_uncorr-neg_seed3.pcf,hfma,0,644064,501
random_n600_rho0.3_uncorr-neg_seed3.pcf,dhfma,0,808841,501
random_n600_rho0.3_uncorr-neg_seed3.pcf,hfma,1,633946,501
random_n600_rho0.3_uncorr-neg_seed3.pcf,dhfma,1,733506,501
random_n600_rho0.3_uncorr-neg_seed3.pcf,hfma,2,522433,501
random_n600_rho0.3_uncorr-neg_seed3.pcf,dhfma,2,621067,501
random_n600_rho0.3_uncorr-neg_seed4.pcf,hfma,0,837595,510
random_n600_rho0.3_uncorr-neg_seed4.pcf,dhfma,0,1008188,510
random_n600_rho0.3_uncorr-neg_seed4.pcf,hfma,1,805686,510
random_n600_rho0.3_uncorr-neg_seed4.pcf,dhfma,1,933560,510
random_n600_rho0.3_uncorr-neg_seed4.pcf,hfma,2,773077,510
random_n600_rho0.3_uncorr-neg_seed4.pcf,dhfma,2,910665,510
random_n600_rho0.3_uncorr-neg_seed5.pcf,hfma,0,1049490,515
random_n600_rho0.3_uncorr-neg_seed5.pcf,dhfma,0,1183856,515
random_n600_rho0.3_uncorr-neg_seed5.pcf,hfma,1,882570,515
random_n600_rho0.3_uncorr-neg_seed5.pcf,dhfma,1,1098343,515
random_n600_rho0.3_uncorr-neg_seed5.pcf,hfma,2,800185,515
random_n600_rho0.3_uncorr-neg_seed5.pcf,dhfma,2,1016852,515
random_n600_rho0.3_uncorr-neg_seed6.pcf,hfma,0,831565,513
random_n600_rho0.3_uncorr-neg_seed6.pcf,dhfma,0,983452,513
random_n600_rho0.3_uncorr-neg_seed6.pcf,hfma,1,719488,513
random_n600_rho0.3_uncorr-neg_seed6.pcf,dhfma,1,1048012,513
random_n600_rho0.3_uncorr-neg_seed6.pcf,hfma,2,810417,513
random_n600_rho0.3_uncorr-neg_seed6.pcf,dhfma,2,933145,513
random_n600_rho0.3_uncorr-neg_seed7.pcf,hfma,0,1045504,511
random_n600_rho0.3_uncorr-neg_seed7.pcf,dhfma,0,1037961,511
random_n600_rho0.3_uncorr-neg_seed7.pcf,hfma,1,740189,511
random_n600_rho0.3_uncorr-neg_seed7.pcf,dhfma,1,960516,511
random_n600_rho0.3_uncorr-neg_seed7.pcf,hfma,2,802161,511
random_n600_rho0.3_uncorr-neg_seed7.pcf,dhfma,2,827120,511
random_n600_rho0.3_uncorr-neg_seed8.pcf,hfma,0,900422,509
random_n600_rho0.3_uncorr-neg_seed8.pcf,dhfma,0,951689,509
random_n600_rho0.3_uncorr-neg_seed8.pcf,hfma,1,779803,509
random_n600_rho0.3_uncorr-neg_seed8.pcf,dhfma,1,905912,509
random_n600_rho0.3_uncorr-neg_seed8.pcf,hfma,2,689460,509
random_n600_rho0.3_uncorr-neg_seed8.pcf,dhfma,2,865142,509
random_n600_rho0.3_uncorr-neg_seed9.pcf,hfma,0,1123777,503
random_n600_rho0.3_uncorr-neg_seed9.pcf,dhfma,0,1272473,503
random_n600_rho0.3_uncorr-neg_seed9.pcf,hfma,1,980683,503
random_n600_rho0.3_uncorr-neg_seed9.pcf,dhfma,1,1150195,503
random_n600_rho0.3_uncorr-neg_seed9.pcf,hfma,2,831623,503
random_n600_rho0.3_uncorr-neg_seed9.pcf,dhfma,2,1042626,503
random_n600_rho0.3_uncorr_seed0.pcf,hfma,0,1015207,495
random_n600_rho0.3_uncorr_seed0.pcf,dhfma,0,1125414,495
random_n600_rho0.3_uncorr_seed0.pcf,hfma,1,864664,495
random_n600_rho0.3_uncorr_seed0.pcf,dhfma,1,987971,495
random_n600_rho0.3_uncorr_seed0.pcf,hfma,2,772086,495
random_n600_rho0.3_uncorr_seed0.pcf,dhfma,2,914762,495
random_n600_rho0.3_uncorr_seed1.pcf,hfma,0,1026933,503
random_n600_rho0.3_uncorr_seed1.pcf,dhfma,0,1234939,503
random_n600_rho0.3_uncorr_seed1.pcf,hfma,1,1002382,503
random_n600_rho0.3_uncorr_seed1.pcf,dhfma,1,965281,503
random_n600_rho0.3_uncorr_seed1.pcf,hfma,2,883755,503
random_n600_rho0.3_uncorr_seed1.pcf,dhfma,2,959045,503
random_n600_rho0.3_uncorr_seed2.pcf,hfma,0,875676,519
random_n600_rho0.3_uncorr_seed2.pcf,dhfma,0,959324,519
random_n600_rho0.3_uncorr_seed2.pcf,hfma,1,713774,519
random_n600_rho0.3_uncorr_seed2.pcf,dhfma,1,922419,519
random_n600_rho0.3_uncorr_seed2.pcf,hfma,2,696808,519
random_n600_rho0.3_uncorr_seed2.pcf,dhfma,2,850615,519
random_n600_rho0.3_uncorr_seed3.pcf,hfma,0,856795,508
random_n600_rho0.3_uncorr_seed3.pcf,dhfma,0,950849,508
random_n600_rho0.3_uncorr_seed3.pcf,hfma,1,813943,508
random_n600_rho0.3_uncorr_seed3.pcf,dhfma,1,546093,508
random_n600_rho0.3_uncorr_seed3.pcf,hfma,2,190617,508
random_n600_rho0.3_uncorr_seed3.pcf,dhfma,2,217937,508
random_n600_rho0.3_uncorr_seed4.pcf,hfma,0,850701,509
random_n600_rho0.3_uncorr_seed4.pcf,dhfma,0,983354,509
random_n600_rho0.3_uncorr_seed4.pcf,hfma,1,637487,509
random_n600_rho0.3_uncorr_seed4.pcf,dhfma,1,786536,509
random_n600_rho0.3_uncorr_seed4.pcf,hfma,2,631376,509
random_n600_rho0.3_uncorr_seed4.pcf,dhfma,2,825821,509
random_n600_rho0.3_uncorr_seed5.pcf,hfma,0,977966,509
random_n600_rho0.3_uncorr_seed5.pcf,dhfma,0,1239167,509
random_n600_rho0.3_uncorr_seed5.pcf,hfma,1,802809,509
random_n600_rho0.3_uncorr_seed5.pcf,dhfma,1,1034405,509
random_n600_rho0.3_uncorr_seed5.pcf,hfma,2,746046,509
random_n600_rho0.3_uncorr_seed5.pcf,dhfma,2,913596,509
random_n600_rho0.3_uncorr_seed6.pcf,hfma,0,846335,503
random_n600_rho0.3_uncorr_seed6.pcf,dhfma,0,828342,503
random_n600_rho0.3_uncorr_seed6.pcf,hfma,1,650729,503
random_n600_rho0.3_uncorr_seed6.pcf,dhfma,1,817140,503
random_n600_rho0.3_uncorr_seed6.pcf,hfma,2,684562,503
random_n600_rho0.3_uncorr_seed6.pcf,dhfma,2,828641,503
random_n600_rho0.3_uncorr_seed7.pcf,hfma,0,870559,520
random_n600_rho0.3_uncorr_seed7.pcf,dhfma,0,1001847,520
random_n600_rho0.3_uncorr_seed7.pcf,hfma,1,753158,520
random_n600_rho0.3_uncorr_seed7.pcf,dhfma,1,891850,520
random_n600_rho0.3_uncorr_seed7.pcf,hfma,2,724822,520
random_n600_rho0.3_uncorr_seed7.pcf,dhfma,2,857011,520
random_n600_rho0.3_uncorr_seed8.pcf,hfma,0,1023730,506
random_n600_rho0.3_uncorr_seed8.pcf,dhfma,0,1192845,506
random_n600_rho0.3_uncorr_seed8.pcf,hfma,1,899897,506
random_n600_rho0.3_uncorr_seed8.pcf,dhfma,1,1032786,506
random_n600_rho0.3_uncorr_seed8.pcf,hfma,2,783484,506
random_n600_rho0.3_uncorr_seed8.pcf,dhfma,2,850459,506
random_n600_rho0.3_uncorr_seed9.pcf,hfma,0,618455,506
random_n600_rho0.3_uncorr_seed9.pcf,dhfma,0,763625,506
random_n600_rho0.3_uncorr_seed9.pcf,hfma,1,623397,506
random_n600_rho0.3_uncorr_seed9.pcf,dhfma,1,792855,506
random_n600_rho0.3_uncorr_seed9.pcf,hfma,2,677710,506
random_n600_rho0.3_uncorr_seed9.pcf,dhfma,2,900536,506
random_n600_rho0.3_weakly-corr-neg_seed0.pcf,hfma,0,811869,509
random_n600_rho0.3_weakly-corr-neg_seed0.pcf,dhfma,0,942626,509
random_n600_rho0.3_weakly-corr-neg_seed0.pcf,hfma,1,684115,509
random_n600_rho0.3_weakly-corr-neg_seed0.pcf,dhfma,1,868558,509
random_n600_rho0.3_weakly-corr-neg_seed0.pcf,hfma,2,676103,509
random_n600_rho0.3_weakly-corr-neg_seed0.pcf,dhfma,2,824150,509
random_n600_rho0.3_weakly-corr-neg_seed1.pcf,hfma,0,1008961,507
random_n600_rho0.3_weakly-corr-neg_seed1.pcf,dhfma,0,1171049,507
random_n600_rho0.3_weakly-corr-neg_seed1.pcf,hfma,1,890585,507
random_n600_rho0.3_weakly-corr-neg_seed1.pcf,dhfma,1,1018690,507
random_n600_rho0.3_weakly-corr-neg_seed1.pcf,hfma,2,768259,507
random_n600_rho0.3_weakly-corr-neg_seed1.pcf,dhfma,2,929554,507
random_n600_rho0.3_weakly-corr-neg_seed2.pcf,hfma,0,999018,491
random_n600_rho0.3_weakly-corr-neg_seed2.pcf,dhfma,0,1118026,491
random_n600_rho0.3_weakly-corr-neg_seed2.pcf,hfma,1,876770,491
random_n600_rho0.3_weakly-corr-neg_seed2.pcf,dhfma,1,1020493,491
random_n600_rho0.3_weakly-corr-neg_seed2.pcf,hfma,2,839141,491
random_n600_rho0.3_weakly-corr-neg_seed2.pcf,dhfma,2,976902,491
random_n600_rho0.3_weakly-corr-neg_seed3.pcf,hfma,0,967696,511
random_n600_rho0.3_weakly-corr-neg_seed3.pcf,dhfma,0,1145846,511
random_n600_rho0.3_weakly-corr-neg_seed3.pcf,hfma,1,807811,511
random_n600_rho0.3_weakly-corr-neg_seed3.pcf,dhfma,1,931082,511
random_n600_rho0.3_weakly-corr-neg_seed3.pcf,hfma,2,763578,511
random_n600_rho0.3_weakly-corr-neg_seed3.pcf,dhfma,2,827479,511
random_n600_rho0.3_weakly-corr-neg_seed4.pcf,hfma,0,913496,511
random_n600_rho0.3_weakly-corr-neg_seed4.pcf,dhfma,0,955105,511
random_n600_rho0.3_weakly-corr-neg_seed4.pcf,hfma,1,715823,511
random_n600_rho0.3_weakly-corr-neg_seed4.pcf,dhfma,1,911247,511
random_n600_rho0.3_weakly-corr-neg_seed4.pcf,hfma,2,735602,511
random_n600_rho0.3_weakly-corr-neg_seed4.pcf,dhfma,2,920672,511
random_n600_rho0.3_weakly-corr-neg_seed5.pcf,hfma,0,1007855,509
random_n600_rho0.3_weakly-corr-neg_seed5.pcf,dhfma,0,1164363,509
random_n600_rho0.3_weakly-corr-neg_seed5.pcf,hfma,1,783991,509
random_n600_rho0.3_weakly-corr-neg_seed5.pcf,dhfma,1,911770,509
random_n600_rho0.3_weakly-corr-neg_seed5.pcf,hfma,2,503158,509
random_n600_rho0.3_weakly-corr-neg_seed5.pcf,dhfma,2,596787,509
random_n600_rho0.3_weakly-corr-neg_seed6.pcf,hfma,0,718957,507
random_n600_rho0.3_weakly-corr-neg_seed6.pcf,dhfma,0,759847,507
random_n600_rho0.3_weakly-corr-neg_seed6.pcf,hfma,1,506288,507
random_n600_rho0.3_weakly-corr-neg_seed6.pcf,dhfma,1,571985,507
random_n600_rho0.3_weakly-corr-neg_seed6.pcf,hfma,2,330118,507
random_n600_rho0.3_weakly-corr-neg_seed6.pcf,dhfma,2,374150,507
random_n600_rho0.3_weakly-corr-neg_seed7.pcf,hfma,0,466146,522
random_n600_rho0.3_weakly-corr-neg_seed7.pcf,dhfma,0,480931,522
random_n600_rho0.3_weakly-corr-neg_seed7.pcf,hfma,1,344156,522
random_n600_rho0.3_weakly-corr-neg_seed7.pcf,dhfma,1,385971,522
random_n600_rho0.3_weakly-corr-neg_seed7.pcf,hfma,2,306534,522
random_n600_rho0.3_weakly-corr-neg_seed7.pcf,dhfma,2,340113,522
random_n600_rho0.3_weakly-corr-neg_seed8.pcf,hfma,0,359116,501
random_n600_rho0.3_weakly-corr-neg_seed8.pcf,dhfma,0,309326,501
random_n600_rho0.3_weakly-corr-neg_seed8.pcf,hfma,1,238686,501
random_n600_rho0.3_weakly-corr-neg_seed8.pcf,dhfma,1,275873,501
random_n600_rho0.3_weakly-corr-neg_seed8.pcf,hfma,2,249839,501
random_n600_rho0.3_weakly-corr-neg_seed8.pcf,dhfma,2,293242,501
random_n600_rho0.3_weakly-corr-neg_seed9.pcf,hfma,0,586110,515
random_n600_rho0.3_weakly-corr-neg_seed9.pcf,dhfma,0,748194,515
random_n600_rho0.3_weakly-corr-neg_seed9.pcf,hfma,1,571893,515
random_n600_rho0.3_weakly-corr-neg_seed9.pcf,dhfma,1,767110,515
random_n600_rho0.3_weakly-corr-neg_seed9.pcf,hfma,2,477584,515
random_n600_rho0.3_weakly-corr-neg_seed9.pcf,dhfma,2,593377,515
random_n600_rho0.3_weakly-corr_seed0.pcf,hfma,0,1072168,503
random_n600_rho0.3_weakly-corr_seed0.pcf,dhfma,0,1259538,503
random_n600_rho0.3_weakly-corr_seed0.pcf,hfma,1,683422,503
random_n600_rho0.3_weakly-corr_seed0.pcf,dhfma,1,802230,503
random_n600_rho0.3_weakly-corr_seed0.pcf,hfma,2,706395,503
random_n600_rho0.3_weakly-corr_seed0.pcf,dhfma,2,843907,503
random_n600_rho0.3_weakly-corr_seed1.pcf,hfma,0,722140,503
random_n600_rho0.3_weakly-corr_seed1.pcf,dhfma,0,882401,503
random_n600_rho0.3_weakly-corr_seed1.pcf,hfma,1,719938,503
random_n600_rho0.3_weakly-corr_seed1.pcf,dhfma,1,851595,503
random_n600_rho0.3_weakly-corr_seed1.pcf,hfma,2,813426,503
random_n600_rho0.3_weakly-corr_seed1.pcf,dhfma,2,972569,503
random_n600_rho0.3_weakly-corr_seed2.pcf,hfma,0,857884,501
random_n600_rho0.3_weakly-corr_seed2.pcf,dhfma,0,994675,501
random_n600_rho0.3_weakly-corr_seed2.pcf,hfma,1,743485,501
random_n600_rho0.3_weakly-corr_seed2.pcf,dhfma,1,897104,501
random_n600_rho0.3_weakly-corr_seed2.pcf,hfma,2,701994,501
random_n600_rho0.3_weakly-corr_seed2.pcf,dhfma,2,819889,501
random_n600_rho0.3_weakly-corr_seed3.pcf,hfma,0,750749,508
random_n600_rho0.3_weakly-corr_seed3.pcf,dhfma,0,908021,508
random_n600_rho0.3_weakly-corr_seed3.pcf,hfma,1,689159,508
random_n600_rho0.3_weakly-corr_seed3.pcf,dhfma,1,821539,508
random_n600_rho0.3_weakly-corr_seed3.pcf,hfma,2,708262,508
random_n600_rho0.3_weakly-corr_seed3.pcf,dhfma,2,471092,508
random_n600_rho0.3_weakly-corr_seed4.pcf,hfma,0,1067358,520
random_n600_rho0.3_weakly-corr_seed4.pcf,dhfma,0,1193955,520
random_n600_rho0.3_weakly-corr_seed4.pcf,hfma,1,940920,520
random_n600_rho0.3_weakly-corr_seed4.pcf,dhfma,1,1086803,520
random_n600_rho0.3_weakly-corr_seed4.pcf,hfma,2,795887,520
random_n600_rho0.3_weakly-corr_seed4.pcf,dhfma,2,964410,520
random_n600_rho0.3_weakly-corr_seed5.pcf,hfma,0,836719,516
random_n600_rho0.3_weakly-corr_seed5.pcf,dhfma,0,1002227,516
random_n600_rho0.3_weakly-corr_seed5.pcf,hfma,1,786146,516
random_n600_rho0.3_weakly-corr_seed5.pcf,dhfma,1,1049790,516
random_n600_rho0.3_weakly-corr_seed5.pcf,hfma,2,840352,516
random_n600_rho0.3_weakly-corr_seed5.pcf,dhfma,2,1065514,516
random_n600_rho0.3_weakly-corr_seed6.pcf,hfma,0,997185,502
random_n600_rho0.3_weakly-corr_seed6.pcf,dhfma,0,1175955,502
random_n600_rho0.3_weakly-corr_seed6.pcf,hfma,1,784081,502
random_n600_rho0.3_weakly-corr_seed6.pcf,dhfma,1,901755,502
random_n600_rho0.3_weakly-corr_seed6.pcf,hfma,2,490590,502
random_n600_rho0.3_weakly-corr_seed6.pcf,dhfma,2,593650,502
random_n600_rho0.3_weakly-corr_seed7.pcf,hfma,0,522515,502
random_n600_rho0.3_weakly-corr_seed7.pcf,dhfma,0,643464,502
random_n600_rho0.3_weakly-corr_seed7.pcf,hfma,1,487422,502
random_n600_rho0.3_weakly-corr_seed7.pcf,dhfma,1,624952,502
random_n600_rho0.3_weakly-corr_seed7.pcf,hfma,2,515445,502
random_n600_rho0.3_weakly-corr_seed7.pcf,dhfma,2,691385,502
random_n600_rho0.3_weakly-corr_seed8.pcf,hfma,0,863139,501
random_n600_rho0.3_weakly-corr_seed8.pcf,dhfma,0,754134,501
random_n600_rho0.3_weakly-corr_seed8.pcf,hfma,1,456932,501
random_n600_rho0.3_weakly-corr_seed8.pcf,dhfma,1,545809,501
random_n600_rho0.3_weakly-corr_seed8.pcf,hfma,2,481909,501
random_n600_rho0.3_weakly-corr_seed8.pcf,dhfma,2,614237,501
random_n600_rho0.3_weakly-corr_seed9.pcf,hfma,0,759393,506
random_n600_rho0.3_weakly-corr_seed9.pcf,dhfma,0,699163,506
random_n600_rho0.3_weakly-corr_seed9.pcf,hfma,1,391840,506
random_n600_rho0.3_weakly-corr_seed9.pcf,dhfma,1,436761,506
random_n600_rho0.3_weakly-corr_seed9.pcf,hfma,2,395956,506
random_n600_rho0.3_weakly-corr_seed9.pcf,dhfma,2,479415,506
random_n600_rho0.6_strongly-corr-neg_seed0.pcf,hfma,0,858941,375
random_n600_rho0.6_strongly-corr-neg_seed0.pcf,dhfma,0,1065861,375
random_n600_rho0.6_strongly-corr-neg_seed0.pcf,hfma,1,960855,375
random_n600_rho0.6_strongly-corr-neg_seed0.pcf,dhfma,1,1192810,375
random_n600_rho0.6_strongly-corr-neg_seed0.pcf,hfma,2,1259987,375
random_n600_rho0.6_strongly-corr-neg_seed0.pcf,dhfma,2,1488138,375
random_n600_rho0.6_strongly-corr-neg_seed1.pcf,hfma,0,1591359,379
random_n600_rho0.6_strongly-corr-neg_seed1.pcf,dhfma,0,1700959,379
random_n600_rho0.6_strongly-corr-neg_seed1.pcf,hfma,1,1632055,379
random_n600_rho0.6_strongly-corr-neg_seed1.pcf,dhfma,1,1721595,379
random_n600_rho0.6_strongly-corr-neg_seed1.pcf,hfma,2,1532933,379
random_n600_rho0.6_strongly-corr-neg_seed1.pcf,dhfma,2,1602083,379
random_n600_rho0.6_strongly-corr-neg_seed2.pcf,hfma,0,1651322,382
random_n600_rho0.6_strongly-corr-neg_seed2.pcf,dhfma,0,1723511,382
random_n600_rho0.6_strongly-corr-neg_seed2.pcf,hfma,1,1430140,382
random_n600_rho0.6_strongly-corr-neg_seed2.pcf,dhfma,1,1551311,382
random_n600_rho0.6_strongly-corr-neg_seed2.pcf,hfma,2,1508102,382
random_n600_rho0.6_strongly-corr-neg_seed2.pcf,dhfma,2,1511996,382
random_n600_rho0.6_strongly-corr-neg_seed3.pcf,hfma,0,1693247,385
random_n600_rho0.6_strongly-corr-neg_seed3.pcf,dhfma,0,1699134,385
random_n600_rho0.6_strongly-corr-neg_seed3.pcf,hfma,1,1590251,385
random_n600_rho0.6_strongly-corr-neg_seed3.pcf,dhfma,1,1594280,385
random_n600_rho0.6_strongly-corr-neg_seed3.pcf,hfma,2,1522683,385
random_n600_rho0.6_strongly-corr-neg_seed3.pcf,dhfma,2,1539995,385
random_n600_rho0.6_strongly-corr-neg_seed4.pcf,hfma,0,1861208,377
random_n600_rho0.6_strongly-corr-neg_seed4.pcf,dhfma,0,1656355,377
random_n600_rho0.6_strongly-corr-neg_seed4.pcf,hfma,1,529645,377
random_n600_rho0.6_strongly-corr-neg_seed4.pcf,dhfma,1,1011816,377
random_n600_rho0.6_strongly-corr-neg_seed4.pcf,hfma,2,1610994,377
random_n600_rho0.6_strongly-corr-neg_seed4.pcf,dhfma,2,1737638,377
random_n600_rho0.6_strongly-corr-neg_seed5.pcf,hfma,0,1613183,396
random_n600_rho0.6_strongly-corr-neg_seed5.pcf,dhfma,0,1650866,396
random_n600_rho0.6_strongly-corr-neg_seed5.pcf,hfma,1,1539218,396
random_n600_rho0.6_strongly-corr-neg_seed5.pcf,dhfma,1,1542342,396
random_n600_rho0.6_strongly-corr-neg_seed5.pcf,hfma,2,1495228,396
random_n600_rho0.6_strongly-corr-neg_seed5.pcf,dhfma,2,1497178,396
random_n600_rho0.6_strongly-corr-neg_seed6.pcf,hfma,0,1803511,382
random_n600_rho0.6_strongly-corr-neg_seed6.pcf,dhfma,0,1853979,382
random_n600_rho0.6_strongly-corr-neg_seed6.pcf,hfma,1,1540471,382
random_n600_rho0.6_strongly-corr-neg_seed6.pcf,dhfma,1,1752466,382
random_n600_rho0.6_strongly-corr-neg_seed6.pcf,hfma,2,1593865,382
random_n600_rho0.6_strongly-corr-neg_seed6.pcf,dhfma,2,1564869,382
random_n600_rho0.6_strongly-corr-neg_seed7.pcf,hfma,0,1951029,371
random_n600_rho0.6_strongly-corr-neg_seed7.pcf,dhfma,0,2076696,371
random_n600_rho0.6_strongly-corr-neg_seed7.pcf,hfma,1,1583126,371
random_n600_rho0.6_strongly-corr-neg_seed7.pcf,dhfma,1,1674501,371
random_n600_rho0.6_strongly-corr-neg_seed7.pcf,hfma,2,1717144,371
random_n600_rho0.6_strongly-corr-neg_seed7.pcf,dhfma,2,1735821,371
random_n600_rho0.6_strongly-corr-neg_seed8.pcf,hfma,0,2277990,371
random_n600_rho0.6_strongly-corr-neg_seed8.pcf,dhfma,0,2219083,371
random_n600_rho0.6_strongly-corr-neg_seed8.pcf,hfma,1,1327313,371
random_n600_rho0.6_strongly-corr-neg_seed8.pcf,dhfma,1,1472901,371
random_n600_rho0.6_strongly-corr-neg_seed8.pcf,hfma,2,1503836,371
random_n600_rho0.6_strongly-corr-neg_seed8.pcf,dhfma,2,1891385,371
random_n600_rho0.6_strongly-corr-neg_seed9.pcf,hfma,0,1747695,408
random_n600_rho0.6_strongly-corr-neg_seed9.pcf,dhfma,0,1498346,408
random_n600_rho0.6_strongly-corr-neg_seed9.pcf,hfma,1,974102,408
random_n600_rho0.6_strongly-corr-neg_seed9.pcf,dhfma,1,1206397,408
random_n600_rho0.6_strongly-corr-neg_seed9.pcf,hfma,2,1155834,408
random_n600_rho0.6_strongly-corr-neg_seed9.pcf,dhfma,2,1518718,408
random_n600_rho0.6_strongly-corr_seed0.pcf,hfma,0,2140513,370
random_n600_rho0.6_strongly-corr_seed0.pcf,dhfma,0,1420978,370
random_n600_rho0.6_strongly-corr_seed0.pcf,hfma,1,627984,370
random_n600_rho0.6_strongly-corr_seed0.pcf,dhfma,1,1890585,370
random_n600_rho0.6_strongly-corr_seed0.pcf,hfma,2,1953368,370
random_n600_rho0.6_strongly-corr_seed0.pcf,dhfma,2,1907775,370
random_n600_rho0.6_strongly-corr_seed1.pcf,hfma,0,1682582,368
random_n600_rho0.6_strongly-corr_seed1.pcf,dhfma,0,1952569,368
random_n600_rho0.6_strongly-corr_seed1.pcf,hfma,1,1601159,368
random_n600_rho0.6_strongly-corr_seed1.pcf,dhfma,1,1632487,368
random_n600_rho0.6_strongly-corr_seed1.pcf,hfma,2,1134572,368
random_n600_rho0.6_strongly-corr_seed1.pcf,dhfma,2,1185895,368
random_n600_rho0.6_strongly-corr_seed2.pcf,hfma,0,1061015,378
random_n600_rho0.6_strongly-corr_seed2.pcf,dhfma,0,957952,378
random_n600_rho0.6_strongly-corr_seed2.pcf,hfma,1,906830,378
random_n600_rho0.6_strongly-corr_seed2.pcf,dhfma,1,1064837,378
random_n600_rho0.6_strongly-corr_seed2.pcf,hfma,2,1047456,378
random_n600_rho0.6_strongly-corr_seed2.pcf,dhfma,2,1276240,378
random_n600_rho0.6_strongly-corr_seed3.pcf,hfma,0,1645994,353
random_n600_rho0.6_strongly-corr_seed3.pcf,dhfma,0,1616081,353
random_n600_rho0.6_strongly-corr_seed3.pcf,hfma,1,873765,353
random_n600_rho0.6_strongly-corr_seed3.pcf,dhfma,1,363480,353
random_n600_rho0.6_strongly-corr_seed3.pcf,hfma,2,368993,353
random_n600_rho0.6_strongly-corr_seed3.pcf,dhfma,2,349726,353
random_n600_rho0.6_strongly-corr_seed4.pcf,hfma,0,1657229,363
random_n600_rho0.6_strongly-corr_seed4.pcf,dhfma,0,1827912,363
random_n600_rho0.6_strongly-corr_seed4.pcf,hfma,1,1612505,363
random_n600_rho0.6_strongly-corr_seed4.pcf,dhfma,1,1634519,363
random_n600_rho0.6_strongly-corr_seed4.pcf,hfma,2,1507679,363
random_n600_rho0.6_strongly-corr_seed4.pcf,dhfma,2,1694778,363
random_n600_rho0.6_strongly-corr_seed5.pcf,hfma,0,2537840,350
random_n600_rho0.6_strongly-corr_seed5.pcf,dhfma,0,2456796,350
random_n600_rho0.6_strongly-corr_seed5.pcf,hfma,1,2056305,350
random_n600_rho0.6_strongly-corr_seed5.pcf,dhfma,1,2117391,350
random_n600_rho0.6_strongly-corr_seed5.pcf,hfma,2,2161195,350
random_n600_rho0.6_strongly-corr_seed5.pcf,dhfma,2,2241809,350
random_n600_rho0.6_strongly-corr_seed6.pcf,hfma,0,2406630,378
random_n600_rho0.6_strongly-corr_seed6.pcf,dhfma,0,2409618,378
random_n600_rho0.6_strongly-corr_seed6.pcf,hfma,1,1615568,378
random_n600_rho0.6_strongly-corr_seed6.pcf,dhfma,1,1692950,378
random_n600_rho0.6_strongly-corr_seed6.pcf,hfma,2,1777308,378
random_n600_rho0.6_strongly-corr_seed6.pcf,dhfma,2,2083658,378
random_n600_rho0.6_strongly-corr_seed7.pcf,hfma,0,1571666,365
random_n600_rho0.6_strongly-corr_seed7.pcf,dhfma,0,1642170,365
random_n600_rho0.6_strongly-corr_seed7.pcf,hfma,1,1423751,365
random_n600_rho0.6_strongly-corr_seed7.pcf,dhfma,1,1573314,365
random_n600_rho0.6_strongly-corr_seed7.pcf,hfma,2,1370263,365
random_n600_rho0.6_strongly-corr_seed7.pcf,dhfma,2,1602926,365
random_n600_rho0.6_strongly-corr_seed8.pcf,hfma,0,1995445,365
random_n600_rho0.6_strongly-corr_seed8.pcf,dhfma,0,2174080,365
random_n600_rho0.6_strongly-corr_seed8.pcf,hfma,1,1574014,365
random_n600_rho0.6_strongly-corr_seed8.pcf,dhfma,1,1997867,365
random_n600_rho0.6_strongly-corr_seed8.pcf,hfma,2,1815334,365
random_n600_rho0.6_strongly-corr_seed8.pcf,dhfma,2,2021857,365
random_n600_rho0.6_strongly-corr_seed9.pcf,hfma,0,2190051,370
random_n600_rho0.6_strongly-corr_seed9.pcf,dhfma,0,1816886,370
random_n600_rho0.6_strongly-corr_seed9.pcf,hfma,1,1815889,370
random_n600_rho0.6_strongly-corr_seed9.pcf,dhfma,1,1776061,370
random_n600_rho0.6_strongly-corr_seed9.pcf,hfma,2,1583419,370
random_n600_rho0.6_strongly-corr_seed9.pcf,dhfma,2,1636334,370
random_n600_rho0.6_uncorr-neg_seed0.pcf,hfma,0,1805386,415
random_n600_rho0.6_uncorr-neg_seed0.pcf,dhfma,0,1894356,415
random_n600_rho0.6_uncorr-neg_seed0.pcf,hfma,1,390782,415
random_n600_rho0.6_uncorr-neg_seed0.pcf,dhfma,1,435389,415
random_n600_rho0.6_uncorr-neg_seed0.pcf,hfma,2,395569,415
random_n600_rho0.6_uncorr-neg_seed0.pcf,dhfma,2,423085,415
random_n600_rho0.6_uncorr-neg_seed1.pcf,hfma,0,1734571,417
random_n600_rho0.6_uncorr-neg_seed1.pcf,dhfma,0,1948904,417
random_n600_rho0.6_uncorr-neg_seed1.pcf,hfma,1,1592563,417
random_n600_rho0.6_uncorr-neg_seed1.pcf,dhfma,1,1750659,417
random_n600_rho0.6_uncorr-neg_seed1.pcf,hfma,2,1676568,417
random_n600_rho0.6_uncorr-neg_seed1.pcf,dhfma,2,1730388,417
random_n600_rho0.6_uncorr-neg_seed2.pcf,hfma,0,2534621,411
random_n600_rho0.6_uncorr-neg_seed2.pcf,dhfma,0,2493362,411
random_n600_rho0.6_uncorr-neg_seed2.pcf,hfma,1,2257426,411
random_n600_rho0.6_uncorr-neg_seed2.pcf,dhfma,1,2194682,411
random_n600_rho0.6_uncorr-neg_seed2.pcf,hfma,2,2159338,411
random_n600_rho0.6_uncorr-neg_seed2.pcf,dhfma,2,2162644,411
random_n600_rho0.6_uncorr-neg_seed3.pcf,hfma,0,2147868,419
random_n600_rho0.6_uncorr-neg_seed3.pcf,dhfma,0,2431979,419
random_n600_rho0.6_uncorr-neg_seed3.pcf,hfma,1,1567143,419
random_n600_rho0.6_uncorr-neg_seed3.pcf,dhfma,1,1542303,419
random_n600_rho0.6_uncorr-neg_seed3.pcf,hfma,2,1588580,419
random_n600_rho0.6_uncorr-neg_seed3.pcf,dhfma,2,1981787,419
random_n600_rho0.6_uncorr-neg_seed4.pcf,hfma,0,1506843,412
random_n600_rho0.6_uncorr-neg_seed4.pcf,dhfma,0,1589742,412
random_n600_rho0.6_uncorr-neg_seed4.pcf,hfma,1,1513887,412
random_n600_rho0.6_uncorr-neg_seed4.pcf,dhfma,1,1536341,412
random_n600_rho0.6_uncorr-neg_seed4.pcf,hfma,2,1527231,412
random_n600_rho0.6_uncorr-neg_seed4.pcf,dhfma,2,1566632,412
random_n600_rho0.6_uncorr-neg_seed5.pcf,hfma,0,1653277,421
random_n600_rho0.6_uncorr-neg_seed5.pcf,dhfma,0,1775211,421
random_n600_rho0.6_uncorr-neg_seed5.pcf,hfma,1,688102,421
random_n600_rho0.6_uncorr-neg_seed5.pcf,dhfma,1,428174,421
random_n600_rho0.6_uncorr-neg_seed5.pcf,hfma,2,373343,421
random_n600_rho0.6_uncorr-neg_seed5.pcf,dhfma,2,410930,421
random_n600_rho0.6_uncorr-neg_seed6.pcf,hfma,0,1456821,434
random_n600_rho0.6_uncorr-neg_seed6.pcf,dhfma,0,1593193,434
random_n600_rho0.6_uncorr-neg_seed6.pcf,hfma,1,1446406,434
random_n600_rho0.6_uncorr-neg_seed6.pcf,dhfma,1,1601547,434
random_n600_rho0.6_uncorr-neg_seed6.pcf,hfma,2,1236892,434
random_n600_rho0.6_uncorr-neg_seed6.pcf,dhfma,2,1123478,434
random_n600_rho0.6_uncorr-neg_seed7.pcf,hfma,0,1517712,417
random_n600_rho0.6_uncorr-neg_seed7.pcf,dhfma,0,1882362,417
random_n600_rho0.6_uncorr-neg_seed7.pcf,hfma,1,1569017,417
random_n600_rho0.6_uncorr-neg_seed7.pcf,dhfma,1,1819701,417
random_n600_rho0.6_uncorr-neg_seed7.pcf,hfma,2,1678965,417
random_n600_rho0.6_uncorr-neg_seed7.pcf,dhfma,2,1971568,417
random_n600_rho0.6_uncorr-neg_seed8.pcf,hfma,0,2082531,407
random_n600_rho0.6_uncorr-neg_seed8.pcf,dhfma,0,2180503,407
random_n600_rho0.6_uncorr-neg_seed8.pcf,hfma,1,1663793,407
random_n600_rho0.6_uncorr-neg_seed8.pcf,dhfma,1,1821082,407
random_n600_rho0.6_uncorr-neg_seed8.pcf,hfma,2,1658336,407
random_n600_rho0.6_uncorr-neg_seed8.pcf,dhfma,2,1756176,407
random_n600_rho0.6_uncorr-neg_seed9.pcf,hfma,0,1635806,446
random_n600_rho0.6_uncorr-neg_seed9.pcf,dhfma,0,1676908,446
random_n600_rho0.6_uncorr-neg_seed9.pcf,hfma,1,1378491,446
random_n600_rho0.6_uncorr-neg_seed9.pcf,dhfma,1,373494,446
random_n600_rho0.6_uncorr-neg_seed9.pcf,hfma,2,335606,446
random_n600_rho0.6_uncorr-neg_seed9.pcf,dhfma,2,375467,446
random_n600_rho0.6_uncorr_seed0.pcf,hfma,0,1834321,413
random_n600_rho0.6_uncorr_seed0.pcf,dhfma,0,1806728,413
random_n600_rho0.6_uncorr_seed0.pcf,hfma,1,1569378,413
random_n600_rho0.6_uncorr_seed0.pcf,dhfma,1,1703456,413
random_n600_rho0.6_uncorr_seed0.pcf,hfma,2,1631613,413
random_n600_rho0.6_uncorr_seed0.pcf,dhfma,2,1681257,413
random_n600_rho0.6_uncorr_seed1.pcf,hfma,0,2041708,413
random_n600_rho0.6_uncorr_seed1.pcf,dhfma,0,2076443,413
random_n600_rho0.6_uncorr_seed1.pcf,hfma,1,1784257,413
random_n600_rho0.6_uncorr_seed1.pcf,dhfma,1,1331146,413
random_n600_rho0.6_uncorr_seed1.pcf,hfma,2,1054147,413
random_n600_rho0.6_uncorr_seed1.pcf,dhfma,2,1139056,413
random_n600_rho0.6_uncorr_seed2.pcf,hfma,0,956883,420
random_n600_rho0.6_uncorr_seed2.pcf,dhfma,0,1132166,420
random_n600_rho0.6_uncorr_seed2.pcf,hfma,1,1120476,420
random_n600_rho0.6_uncorr_seed2.pcf,dhfma,1,1617648,420
random_n600_rho0.6_uncorr_seed2.pcf,hfma,2,1507942,420
random_n600_rho0.6_uncorr_seed2.pcf,dhfma,2,1628824,420
random_n600_rho0.6_uncorr_seed3.pcf,hfma,0,1914375,428
random_n600_rho0.6_uncorr_seed3.pcf,dhfma,0,1328602,428
random_n600_rho0.6_uncorr_seed3.pcf,hfma,1,1345707,428
random_n600_rho0.6_uncorr_seed3.pcf,dhfma,1,1812120,428
random_n600_rho0.6_uncorr_seed3.pcf,hfma,2,1618922,428
random_n600_rho0.6_uncorr_seed3.pcf,dhfma,2,1648843,428
random_n600_rho0.6_uncorr_seed4.pcf,hfma,0,1878585,419
random_n600_rho0.6_uncorr_seed4.pcf,dhfma,0,2049588,419
random_n600_rho0.6_uncorr_seed4.pcf,hfma,1,1891365,419
random_n600_rho0.6_uncorr_seed4.pcf,dhfma,1,2175730,419
random_n600_rho0.6_uncorr_seed4.pcf,hfma,2,1819492,419
random_n600_rho0.6_uncorr_seed4.pcf,dhfma,2,2051001,419
random_n600_rho0.6_uncorr_seed5.pcf,hfma,0,2108972,427
random_n600_rho0.6_uncorr_seed5.pcf,dhfma,0,1959378,427
random_n600_rho0.6_uncorr_seed5.pcf,hfma,1,2058396,427
random_n600_rho0.6_uncorr_seed5.pcf,dhfma,1,843997,427
random_n600_rho0.6_uncorr_seed5.pcf,hfma,2,482270,427
random_n600_rho0.6_uncorr_seed5.pcf,dhfma,2,487711,427
random_n600_rho0.6_uncorr_seed6.pcf,hfma,0,1829659,424
random_n600_rho0.6_uncorr_seed6.pcf,dhfma,0,2019717,424
random_n600_rho0.6_uncorr_seed6.pcf,hfma,1,1613818,424
random_n600_rho0.6_uncorr_seed6.pcf,dhfma,1,1723115,424
random_n600_rho0.6_uncorr_seed6.pcf,hfma,2,1536000,424
random_n600_rho0.6_uncorr_seed6.pcf,dhfma,2,1602781,424
random_n600_rho0.6_uncorr_seed7.pcf,hfma,0,1897456,427
random_n600_rho0.6_uncorr_seed7.pcf,dhfma,0,1967844,427
random_n600_rho0.6_uncorr_seed7.pcf,hfma,1,1589949,427
random_n600_rho0.6_uncorr_seed7.pcf,dhfma,1,1850155,427
random_n600_rho0.6_uncorr_seed7.pcf,hfma,2,1476248,427
random_n600_rho0.6_uncorr_seed7.pcf,dhfma,2,1477347,427
random_n600_rho0.6_uncorr_seed8.pcf,hfma,0,1866872,412
random_n600_rho0.6_uncorr_seed8.pcf,dhfma,0,1764210,412
random_n600_rho0.6_uncorr_seed8.pcf,hfma,1,553571,412
random_n600_rho0.6_uncorr_seed8.pcf,dhfma,1,472960,412
random_n600_rho0.6_uncorr_seed8.pcf,hfma,2,406267,412
random_n600_rho0.6_uncorr_seed8.pcf,dhfma,2,407105,412
random_n600_rho0.6_uncorr_seed9.pcf,hfma,0,1666988,426
random_n600_rho0.6_uncorr_seed9.pcf,dhfma,0,1768949,426
random_n600_rho0.6_uncorr_seed9.pcf,hfma,1,1253228,426
random_n600_rho0.6_uncorr_seed9.pcf,dhfma,1,1211980,426
random_n600_rho0.6_uncorr_seed9.pcf,hfma,2,949877,426
random_n600_rho0.6_uncorr_seed9.pcf,dhfma,2,929219,426
random_n600_rho0.6_weakly-corr-neg_seed0.pcf,hfma,0,1225023,404
random_n600_rho0.6_weakly-corr-neg_seed0.pcf,dhfma,0,1406814,404
random_n600_rho0.6_weakly-corr-neg_seed0.pcf,hfma,1,1032142,404
random_n600_rho0.6_weakly-corr-neg_seed0.pcf,dhfma,1,1190090,404
random_n600_rho0.6_weakly-corr-neg_seed0.pcf,hfma,2,1243295,404
random_n600_rho0.6_weakly-corr-neg_seed0.pcf,dhfma,2,1602590,404
random_n600_rho0.6_weakly-corr-neg_seed1.pcf,hfma,0,1863945,411
random_n600_rho0.6_weakly-corr-neg_seed1.pcf,dhfma,0,2158098,411
random_n600_rho0.6_weakly-corr-neg_seed1.pcf,hfma,1,1845881,411
random_n600_rho0.6_weakly-corr-neg_seed1.pcf,dhfma,1,1855585,411
random_n600_rho0.6_weakly-corr-neg_seed1.pcf,hfma,2,1408075,411
random_n600_rho0.6_weakly-corr-neg_seed1.pcf,dhfma,2,1340511,411
random_n600_rho0.6_weakly-corr-neg_seed2.pcf,hfma,0,902169,417
random_n600_rho0.6_weakly-corr-neg_seed2.pcf,dhfma,0,733775,417
random_n600_rho0.6_weakly-corr-neg_seed2.pcf,hfma,1,729066,417
random_n600_rho0.6_weakly-corr-neg_seed2.pcf,dhfma,1,795045,417
random_n600_rho0.6_weakly-corr-neg_seed2.pcf,hfma,2,885681,417
random_n600_rho0.6_weakly-corr-neg_seed2.pcf,dhfma,2,953132,417
random_n600_rho0.6_weakly-corr-neg_seed3.pcf,hfma,0,1145573,417
random_n600_rho0.6_weakly-corr-neg_seed3.pcf,dhfma,0,1053160,417
random_n600_rho0.6_weakly-corr-neg_seed3.pcf,hfma,1,809193,417
random_n600_rho0.6_weakly-corr-neg_seed3.pcf,dhfma,1,720085,417
random_n600_rho0.6_weakly-corr-neg_seed3.pcf,hfma,2,503079,417
random_n600_rho0.6_weakly-corr-neg_seed3.pcf,dhfma,2,535302,417
random_n600_rho0.6_weakly-corr-neg_seed4.pcf,hfma,0,887687,432
random_n600_rho0.6_weakly-corr-neg_seed4.pcf,dhfma,0,805730,432
random_n600_rho0.6_weakly-corr-neg_seed4.pcf,hfma,1,656002,432
random_n600_rho0.6_weakly-corr-neg_seed4.pcf,dhfma,1,639757,432
random_n600_rho0.6_weakly-corr-neg_seed4.pcf,hfma,2,454569,432
random_n600_rho0.6_weakly-corr-neg_seed4.pcf,dhfma,2,482043,432
random_n600_rho0.6_weakly-corr-neg_seed5.pcf,hfma,0,433820,419
random_n600_rho0.6_weakly-corr-neg_seed5.pcf,dhfma,0,461439,419
random_n600_rho0.6_weakly-corr-neg_seed5.pcf,hfma,1,437108,419
random_n600_rho0.6_weakly-corr-neg_seed5.pcf,dhfma,1,465380,419
random_n600_rho0.6_weakly-corr-neg_seed5.pcf,hfma,2,475845,419
random_n600_rho0.6_weakly-corr-neg_seed5.pcf,dhfma,2,521336,419
random_n600_rho0.6_weakly-corr-neg_seed6.pcf,hfma,0,695341,436
random_n600_rho0.6_weakly-corr-neg_seed6.pcf,dhfma,0,696074,436
random_n600_rho0.6_weakly-corr-neg_seed6.pcf,hfma,1,552663,436
random_n600_rho0.6_weakly-corr-neg_seed6.pcf,dhfma,1,574210,436
random_n600_rho0.6_weakly-corr-neg_seed6.pcf,hfma,2,511427,436
random_n600_rho0.6_weakly-corr-neg_seed6.pcf,dhfma,2,562548,436
random_n600_rho0.6_weakly-corr-neg_seed7.pcf,hfma,0,623607,427
random_n600_rho0.6_weakly-corr-neg_seed7.pcf,dhfma,0,684707,427
random_n600_rho0.6_weakly-corr-neg_seed7.pcf,hfma,1,600414,427
random_n600_rho0.6_weakly-corr-neg_seed7.pcf,dhfma,1,766466,427
random_n600_rho0.6_weakly-corr-neg_seed7.pcf,hfma,2,500334,427
random_n600_rho0.6_weakly-corr-neg_seed7.pcf,dhfma,2,552500,427
random_n600_rho0.6_weakly-corr-neg_seed8.pcf,hfma,0,737073,413
random_n600_rho0.6_weakly-corr-neg_seed8.pcf,dhfma,0,743827,413
random_n600_rho0.6_weakly-corr-neg_seed8.pcf,hfma,1,626615,413
random_n600_rho0.6_weakly-corr-neg_seed8.pcf,dhfma,1,449853,413
random_n600_rho0.6_weakly-corr-neg_seed8.pcf,hfma,2,393591,413
random_n600_rho0.6_weakly-corr-neg_seed8.pcf,dhfma,2,432176,413
random_n600_rho0.6_weakly-corr-neg_seed9.pcf,hfma,0,564031,421
random_n600_rho0.6_weakly-corr-neg_seed9.pcf,dhfma,0,428931,421
random_n600_rho0.6_weakly-corr-neg_seed9.pcf,hfma,1,348449,421
random_n600_rho0.6_weakly-corr-neg_seed9.pcf,dhfma,1,423419,421
random_n600_rho0.6_weakly-corr-neg_seed9.pcf,hfma,2,397067,421
random_n600_rho0.6_weakly-corr-neg_seed9.pcf,dhfma,2,470982,421
random_n600_rho0.6_weakly-corr_seed0.pcf,hfma,0,618258,410
random_n600_rho0.6_weakly-corr_seed0.pcf,dhfma,0,659580,410
random_n600_rho0.6_weakly-corr_seed0.pcf,hfma,1,495267,410
random_n600_rho0.6_weakly-corr_seed0.pcf,dhfma,1,592095,410
random_n600_rho0.6_weakly-corr_seed0.pcf,hfma,2,489796,410
random_n600_rho0.6_weakly-corr_seed0.pcf,dhfma,2,578887,410
random_n600_rho0.6_weakly-corr_seed1.pcf,hfma,0,603080,421
random_n600_rho0.6_weakly-corr_seed1.pcf,dhfma,0,662879,421
random_n600_rho0.6_weakly-corr_seed1.pcf,hfma,1,556478,421
random_n600_rho0.6_weakly-corr_seed1.pcf,dhfma,1,619415,421
random_n600_rho0.6_weakly-corr_seed1.pcf,hfma,2,617941,421
random_n600_rho0.6_weakly-corr_seed1.pcf,dhfma,2,444595,421
random_n600_rho0.6_weakly-corr_seed2.pcf,hfma,0,580987,413
random_n600_rho0.6_weakly-corr_seed2.pcf,dhfma,0,616610,413
random_n600_rho0.6_weakly-corr_seed2.pcf,hfma,1,518216,413
random_n600_rho0.6_weakly-corr_seed2.pcf,dhfma,1,581738,413
random_n600_rho0.6_weakly-corr_seed2.pcf,hfma,2,510450,413
random_n600_rho0.6_weakly-corr_seed2.pcf,dhfma,2,556850,413
random_n600_rho0.6_weakly-corr_seed3.pcf,hfma,0,628887,415
random_n600_rho0.6_weakly-corr_seed3.pcf,dhfma,0,675150,415
random_n600_rho0.6_weakly-corr_seed3.pcf,hfma,1,389880,415
random_n600_rho0.6_weakly-corr_seed3.pcf,dhfma,1,431641,415
random_n600_rho0.6_weakly-corr_seed3.pcf,hfma,2,365971,415
random_n600_rho0.6_weakly-corr_seed3.pcf,dhfma,2,412788,415
random_n600_rho0.6_weakly-corr_seed4.pcf,hfma,0,651604,424
random_n600_rho0.6_weakly-corr_seed4.pcf,dhfma,0,724741,424
random_n600_rho0.6_weakly-corr_seed4.pcf,hfma,1,607613,424
random_n600_rho0.6_weakly-corr_seed4.pcf,dhfma,1,731810,424
random_n600_rho0.6_weakly-corr_seed4.pcf,hfma,2,626448,424
random_n600_rho0.6_weakly-corr_seed4.pcf,dhfma,2,714071,424
random_n600_rho0.6_weakly-corr_seed5.pcf,hfma,0,649737,415
random_n600_rho0.6_weakly-corr_seed5.pcf,dhfma,0,719832,415
random_n600_rho0.6_weakly-corr_seed5.pcf,hfma,1,579723,415
random_n600_rho0.6_weakly-corr_seed5.pcf,dhfma,1,653955,415
random_n600_rho0.6_weakly-corr_seed5.pcf,hfma,2,575415,415
random_n600_rho0.6_weakly-corr_seed5.pcf,dhfma,2,627046,415
random_n600_rho0.6_weakly-corr_seed6.pcf,hfma,0,645310,445
random_n600_rho0.6_weakly-corr_seed6.pcf,dhfma,0,709603,445
random_n600_rho0.6_weakly-corr_seed6.pcf,hfma,1,584559,445
random_n600_rho0.6_weakly-corr_seed6.pcf,dhfma,1,705566,445
random_n600_rho0.6_weakly-corr_seed6.pcf,hfma,2,680269,445
random_n600_rho0.6_weakly-corr_seed6.pcf,dhfma,2,534411,445
random_n600_rho0.6_weakly-corr_seed7.pcf,hfma,0,1211915,410
random_n600_rho0.6_weakly-corr_seed7.pcf,dhfma,0,1052218,410
random_n600_rho0.6_weakly-corr_seed7.pcf,hfma,1,741844,410
random_n600_rho0.6_weakly-corr_seed7.pcf,dhfma,1,938454,410
random_n600_rho0.6_weakly-corr_seed7.pcf,hfma,2,805386,410
random_n600_rho0.6_weakly-corr_seed7.pcf,dhfma,2,1041705,410
random_n600_rho0.6_weakly-corr_seed8.pcf,hfma,0,1045174,413
random_n600_rho0.6_weakly-corr_seed8.pcf,dhfma,0,995340,413
random_n600_rho0.6_weakly-corr_seed8.pcf,hfma,1,776399,413
random_n600_rho0.6_weakly-corr_seed8.pcf,dhfma,1,772435,413
random_n600_rho0.6_weakly-corr_seed8.pcf,hfma,2,666613,413
random_n600_rho0.6_weakly-corr_seed8.pcf,dhfma,2,692353,413
random_n600_rho0.6_weakly-corr_seed9.pcf,hfma,0,513271,431
random_n600_rho0.6_weakly-corr_seed9.pcf,dhfma,0,574546,431
random_n600_rho0.6_weakly-corr_seed9.pcf,hfma,1,477704,431
random_n600_rho0.6_weakly-corr_seed9.pcf,dhfma,1,543888,431
random_n600_rho0.6_weakly-corr_seed9.pcf,hfma,2,472834,431
random_n600_rho0.6_weakly-corr_seed9.pcf,dhfma,2,537755,431
random_n600_rho0.9_strongly-corr-neg_seed0.pcf,hfma,0,1443306,311
random_n600_rho0.9_strongly-corr-neg_seed0.pcf,dhfma,0,1226890,311
random_n600_rho0.9_strongly-corr-neg_seed0.pcf,hfma,1,1052550,311
random_n600_rho0.9_strongly-corr-neg_seed0.pcf,dhfma,1,1109408,311
random_n600_rho0.9_strongly-corr-neg_seed0.pcf,hfma,2,1176700,311
random_n600_rho0.9_strongly-corr-neg_seed0.pcf,dhfma,2,1377075,311
random_n600_rho0.9_strongly-corr-neg_seed1.pcf,hfma,0,3923206,305
random_n600_rho0.9_strongly-corr-neg_seed1.pcf,dhfma,0,2186555,305
random_n600_rho0.9_strongly-corr-neg_seed1.pcf,hfma,1,3158118,305
random_n600_rho0.9_strongly-corr-neg_seed1.pcf,dhfma,1,4952398,305
random_n600_rho0.9_strongly-corr-neg_seed1.pcf,hfma,2,5072194,305
random_n600_rho0.9_strongly-corr-neg_seed1.pcf,dhfma,2,5551037,305
random_n600_rho0.9_strongly-corr-neg_seed2.pcf,hfma,0,4590077,301
random_n600_rho0.9_strongly-corr-neg_seed2.pcf,dhfma,0,5646249,301
random_n600_rho0.9_strongly-corr-neg_seed2.pcf,hfma,1,2539711,301
random_n600_rho0.9_strongly-corr-neg_seed2.pcf,dhfma,1,1241023,301
random_n600_rho0.9_strongly-corr-neg_seed2.pcf,hfma,2,1198194,301
random_n600_rho0.9_strongly-corr-neg_seed2.pcf,dhfma,2,1243122,301
random_n600_rho0.9_strongly-corr-neg_seed3.pcf,hfma,0,3782943,306
random_n600_rho0.9_strongly-corr-neg_seed3.pcf,dhfma,0,5053146,306
random_n600_rho0.9_strongly-corr-neg_seed3.pcf,hfma,1,2171553,306
random_n600_rho0.9_strongly-corr-neg_seed3.pcf,dhfma,1,1344222,306
random_n600_rho0.9_strongly-corr-neg_seed3.pcf,hfma,2,1426065,306
random_n600_rho0.9_strongly-corr-neg_seed3.pcf,dhfma,2,1344482,306
random_n600_rho0.9_strongly-corr-neg_seed4.pcf,hfma,0,2561702,317
random_n600_rho0.9_strongly-corr-neg_seed4.pcf,dhfma,0,2895900,317
random_n600_rho0.9_strongly-corr-neg_seed4.pcf,hfma,1,3303770,317
random_n600_rho0.9_strongly-corr-neg_seed4.pcf,dhfma,1,3304743,317
random_n600_rho0.9_strongly-corr-neg_seed4.pcf,hfma,2,2336866,317
random_n600_rho0.9_strongly-corr-neg_seed4.pcf,dhfma,2,1914324,317
random_n600_rho0.9_strongly-corr-neg_seed5.pcf,hfma,0,2802543,314
random_n600_rho0.9_strongly-corr-neg_seed5.pcf,dhfma,0,2679327,314
random_n600_rho0.9_strongly-corr-neg_seed5.pcf,hfma,1,2074248,314
random_n600_rho0.9_strongly-corr-neg_seed5.pcf,dhfma,1,1790965,314
random_n600_rho0.9_strongly-corr-neg_seed5.pcf,hfma,2,1324585,314
random_n600_rho0.9_strongly-corr-neg_seed5.pcf,dhfma,2,1215072,314
random_n600_rho0.9_strongly-corr-neg_seed6.pcf,hfma,0,1008118,331
random_n600_rho0.9_strongly-corr-neg_seed6.pcf,dhfma,0,1130519,331
random_n600_rho0.9_strongly-corr-neg_seed6.pcf,hfma,1,1259715,331
random_n600_rho0.9_strongly-corr-neg_seed6.pcf,dhfma,1,1438688,331
random_n600_rho0.9_strongly-corr-neg_seed6.pcf,hfma,2,1687607,331
random_n600_rho0.9_strongly-corr-neg_seed6.pcf,dhfma,2,1980165,331
random_n600_rho0.9_strongly-corr-neg_seed7.pcf,hfma,0,2834639,295
random_n600_rho0.9_strongly-corr-neg_seed7.pcf,dhfma,0,2047041,295
random_n600_rho0.9_strongly-corr-neg_seed7.pcf,hfma,1,1719984,295
random_n600_rho0.9_strongly-corr-neg_seed7.pcf,dhfma,1,1331355,295
random_n600_rho0.9_strongly-corr-neg_seed7.pcf,hfma,2,1284516,295
random_n600_rho0.9_strongly-corr-neg_seed7.pcf,dhfma,2,976583,295
random_n600_rho0.9_strongly-corr-neg_seed8.pcf,hfma,0,1491271,325
random_n600_rho0.9_strongly-corr-neg_seed8.pcf,dhfma,0,1807710,325
random_n600_rho0.9_strongly-corr-neg_seed8.pcf,hfma,1,1688886,325
random_n600_rho0.9_strongly-corr-neg_seed8.pcf,dhfma,1,1331439,325
random_n600_rho0.9_strongly-corr-neg_seed8.pcf,hfma,2,1074811,325
random_n600_rho0.9_strongly-corr-neg_seed8.pcf,dhfma,2,1377032,325
random_n600_rho0.9_strongly-corr-neg_seed9.pcf,hfma,0,2046313,314
random_n600_rho0.9_strongly-corr-neg_seed9.pcf,dhfma,0,1610236,314
random_n600_rho0.9_strongly-corr-neg_seed9.pcf,hfma,1,1166331,314
random_n600_rho0.9_strongly-corr-neg_seed9.pcf,dhfma,1,1384827,314
random_n600_rho0.9_strongly-corr-neg_seed9.pcf,hfma,2,1410955,314
random_n600_rho0.9_strongly-corr-neg_seed9.pcf,dhfma,2,1595841,314
random_n600_rho0.9_strongly-corr_seed0.pcf,hfma,0,2379197,298
random_n600_rho0.9_strongly-corr_seed0.pcf,dhfma,0,1990108,298
random_n600_rho0.9_strongly-corr_seed0.pcf,hfma,1,1143515,298
random_n600_rho0.9_strongly-corr_seed0.pcf,dhfma,1,1365493,298
random_n600_rho0.9_strongly-corr_seed0.pcf,hfma,2,1366488,298
random_n600_rho0.9_strongly-corr_seed0.pcf,dhfma,2,1719876,298
random_n600_rho0.9_strongly-corr_seed1.pcf,hfma,0,3046641,304
random_n600_rho0.9_strongly-corr_seed1.pcf,dhfma,0,4414798,304
random_n600_rho0.9_strongly-corr_seed1.pcf,hfma,1,4341868,304
random_n600_rho0.9_strongly-corr_seed1.pcf,dhfma,1,3794445,304
random_n600_rho0.9_strongly-corr_seed1.pcf,hfma,2,2345232,304
random_n600_rho0.9_strongly-corr_seed1.pcf,dhfma,2,2066347,304
random_n600_rho0.9_strongly-corr_seed2.pcf,hfma,0,1374523,294
random_n600_rho0.9_strongly-corr_seed2.pcf,dhfma,0,1159314,294
random_n600_rho0.9_strongly-corr_seed2.pcf,hfma,1,962447,294
random_n600_rho0.9_strongly-corr_seed2.pcf,dhfma,1,875337,294
random_n600_rho0.9_strongly-corr_seed2.pcf,hfma,2,869652,294
random_n600_rho0.9_strongly-corr_seed2.pcf,dhfma,2,864759,294
random_n600_rho0.9_strongly-corr_seed3.pcf,hfma,0,1689237,290
random_n600_rho0.9_strongly-corr_seed3.pcf,dhfma,0,1776731,290
random_n600_rho0.9_strongly-corr_seed3.pcf,hfma,1,2100017,290
random_n600_rho0.9_strongly-corr_seed3.pcf,dhfma,1,1935535,290
random_n600_rho0.9_strongly-corr_seed3.pcf,hfma,2,2112235,290
random_n600_rho0.9_strongly-corr_seed3.pcf,dhfma,2,2478224,290
random_n600_rho0.9_strongly-corr_seed4.pcf,hfma,0,2075430,308
random_n600_rho0.9_strongly-corr_seed4.pcf,dhfma,0,1877294,308
random_n600_rho0.9_strongly-corr_seed4.pcf,hfma,1,1446779,308
random_n600_rho0.9_strongly-corr_seed4.pcf,dhfma,1,1294316,308
random_n600_rho0.9_strongly-corr_seed4.pcf,hfma,2,1024526,308
random_n600_rho0.9_strongly-corr_seed4.pcf,dhfma,2,1067440,308
random_n600_rho0.9_strongly-corr_seed5.pcf,hfma,0,1366195,299
random_n600_rho0.9_strongly-corr_seed5.pcf,dhfma,0,1470962,299
random_n600_rho0.9_strongly-corr_seed5.pcf,hfma,1,1748327,299
random_n600_rho0.9_strongly-corr_seed5.pcf,dhfma,1,1737182,299
random_n600_rho0.9_strongly-corr_seed5.pcf,hfma,2,1229096,299
random_n600_rho0.9_strongly-corr_seed5.pcf,dhfma,2,1209351,299
random_n600_rho0.9_strongly-corr_seed6.pcf,hfma,0,1786516,265
random_n600_rho0.9_strongly-corr_seed6.pcf,dhfma,0,1757838,265
random_n600_rho0.9_strongly-corr_seed6.pcf,hfma,1,1498233,265
random_n600_rho0.9_strongly-corr_seed6.pcf,dhfma,1,1263380,265
random_n600_rho0.9_strongly-corr_seed6.pcf,hfma,2,1189611,265
random_n600_rho0.9_strongly-corr_seed6.pcf,dhfma,2,1051028,265
random_n600_rho0.9_strongly-corr_seed7.pcf,hfma,0,1250279,302
random_n600_rho0.9_strongly-corr_seed7.pcf,dhfma,0,1337341,302
random_n600_rho0.9_strongly-corr_seed7.pcf,hfma,1,1416101,302
random_n600_rho0.9_strongly-corr_seed7.pcf,dhfma,1,1703947,302
random_n600_rho0.9_strongly-corr_seed7.pcf,hfma,2,1519109,302
random_n600_rho0.9_strongly-corr_seed7.pcf,dhfma,2,1368664,302
random_n600_rho0.9_strongly-corr_seed8.pcf,hfma,0,1354065,283
random_n600_rho0.9_strongly-corr_seed8.pcf,dhfma,0,1563629,283
random_n600_rho0.9_strongly-corr_seed8.pcf,hfma,1,1562270,283
random_n600_rho0.9_strongly-corr_seed8.pcf,dhfma,1,1386695,283
random_n600_rho0.9_strongly-corr_seed8.pcf,hfma,2,1210524,283
random_n600_rho0.9_strongly-corr_seed8.pcf,dhfma,2,1244507,283
random_n600_rho0.9_strongly-corr_seed9.pcf,hfma,0,835175,304
random_n600_rho0.9_strongly-corr_seed9.pcf,dhfma,0,840074,304
random_n600_rho0.9_strongly-corr_seed9.pcf,hfma,1,816775,304
random_n600_rho0.9_strongly-corr_seed9.pcf,dhfma,1,874405,304
random_n600_rho0.9_strongly-corr_seed9.pcf,hfma,2,915126,304
random_n600_rho0.9_strongly-corr_seed9.pcf,dhfma,2,1004905,304
random_n600_rho0.9_uncorr-neg_seed0.pcf,hfma,0,2524021,323
random_n600_rho0.9_uncorr-neg_seed0.pcf,dhfma,0,2498639,323
random_n600_rho0.9_uncorr-neg_seed0.pcf,hfma,1,1912446,323
random_n600_rho0.9_uncorr-neg_seed0.pcf,dhfma,1,1861143,323
random_n600_rho0.9_uncorr-neg_seed0.pcf,hfma,2,1320443,323
random_n600_rho0.9_uncorr-neg_seed0.pcf,dhfma,2,1422526,323
random_n600_rho0.9_uncorr-neg_seed1.pcf,hfma,0,1266113,331
random_n600_rho0.9_uncorr-neg_seed1.pcf,dhfma,0,1421732,331
random_n600_rho0.9_uncorr-neg_seed1.pcf,hfma,1,1405308,331
random_n600_rho0.9_uncorr-neg_seed1.pcf,dhfma,1,1834514,331
random_n600_rho0.9_uncorr-neg_seed1.pcf,hfma,2,1523887,331
random_n600_rho0.9_uncorr-neg_seed1.pcf,dhfma,2,1436800,331
random_n600_rho0.9_uncorr-neg_seed2.pcf,hfma,0,1076913,338
random_n600_rho0.9_uncorr-neg_seed2.pcf,dhfma,0,1207547,338
random_n600_rho0.9_uncorr-neg_seed2.pcf,hfma,1,1305153,338
random_n600_rho0.9_uncorr-neg_seed2.pcf,dhfma,1,1280538,338
random_n600_rho0.9_uncorr-neg_seed2.pcf,hfma,2,1141506,338
random_n600_rho0.9_uncorr-neg_seed2.pcf,dhfma,2,975573,338
random_n600_rho0.9_uncorr-neg_seed3.pcf,hfma,0,1846501,325
random_n600_rho0.9_uncorr-neg_seed3.pcf,dhfma,0,1524993,325
random_n600_rho0.9_uncorr-neg_seed3.pcf,hfma,1,1649698,325
random_n600_rho0.9_uncorr-neg_seed3.pcf,dhfma,1,1743904,325
random_n600_rho0.9_uncorr-neg_seed3.pcf,hfma,2,1403074,325
random_n600_rho0.9_uncorr-neg_seed3.pcf,dhfma,2,1271661,325
random_n600_rho0.9_uncorr-neg_seed4.pcf,hfma,0,1160062,339
random_n600_rho0.9_uncorr-neg_seed4.pcf,dhfma,0,1398075,339
random_n600_rho0.9_uncorr-neg_seed4.pcf,hfma,1,1421525,339
random_n600_rho0.9_uncorr-neg_seed4.pcf,dhfma,1,1689788,339
random_n600_rho0.9_uncorr-neg_seed4.pcf,hfma,2,1370623,339
random_n600_rho0.9_uncorr-neg_seed4.pcf,dhfma,2,1337117,339
random_n600_rho0.9_uncorr-neg_seed5.pcf,hfma,0,1649810,347
random_n600_rho0.9_uncorr-neg_seed5.pcf,dhfma,0,1734759,347
random_n600_rho0.9_uncorr-neg_seed5.pcf,hfma,1,1662355,347
random_n600_rho0.9_uncorr-neg_seed5.pcf,dhfma,1,1708133,347
random_n600_rho0.9_uncorr-neg_seed5.pcf,hfma,2,1271018,347
random_n600_rho0.9_uncorr-neg_seed5.pcf,dhfma,2,1259172,347
random_n600_rho0.9_uncorr-neg_seed6.pcf,hfma,0,1407093,337
random_n600_rho0.9_uncorr-neg_seed6.pcf,dhfma,0,1476828,337
random_n600_rho0.9_uncorr-neg_seed6.pcf,hfma,1,1626678,337
random_n600_rho0.9_uncorr-neg_seed6.pcf,dhfma,1,1772740,337
random_n600_rho0.9_uncorr-neg_seed6.pcf,hfma,2,1385410,337
random_n600_rho0.9_uncorr-neg_seed6.pcf,dhfma,2,1272290,337
random_n600_rho0.9_uncorr-neg_seed7.pcf,hfma,0,1305215,323
random_n600_rho0.9_uncorr-neg_seed7.pcf,dhfma,0,1242250,323
random_n600_rho0.9_uncorr-neg_seed7.pcf,hfma,1,1360501,323
random_n600_rho0.9_uncorr-neg_seed7.pcf,dhfma,1,1363633,323
random_n600_rho0.9_uncorr-neg_seed7.pcf,hfma,2,1701296,323
random_n600_rho0.9_uncorr-neg_seed7.pcf,dhfma,2,1703415,323
random_n600_rho0.9_uncorr-neg_seed8.pcf,hfma,0,2251010,322
random_n600_rho0.9_uncorr-neg_seed8.pcf,dhfma,0,2758397,322
random_n600_rho0.9_uncorr-neg_seed8.pcf,hfma,1,1292449,322
random_n600_rho0.9_uncorr-neg_seed8.pcf,dhfma,1,1074094,322
random_n600_rho0.9_uncorr-neg_seed8.pcf,hfma,2,1016996,322
random_n600_rho0.9_uncorr-neg_seed8.pcf,dhfma,2,1225779,322
random_n600_rho0.9_uncorr-neg_seed9.pcf,hfma,0,5572842,321
random_n600_rho0.9_uncorr-neg_seed9.pcf,dhfma,0,5043302,321
random_n600_rho0.9_uncorr-neg_seed9.pcf,hfma,1,4676271,321
random_n600_rho0.9_uncorr-neg_seed9.pcf,dhfma,1,2834857,321
random_n600_rho0.9_uncorr-neg_seed9.pcf,hfma,2,2377669,321
random_n600_rho0.9_uncorr-neg_seed9.pcf,dhfma,2,1624492,321
random_n600_rho0.9_uncorr_seed0.pcf,hfma,0,1644340,315
random_n600_rho0.9_uncorr_seed0.pcf,dhfma,0,1281961,315
random_n600_rho0.9_uncorr_seed0.pcf,hfma,1,1376505,315
random_n600_rho0.9_uncorr_seed0.pcf,dhfma,1,1383663,315
random_n600_rho0.9_uncorr_seed0.pcf,hfma,2,1081895,315
random_n600_rho0.9_uncorr_seed0.pcf,dhfma,2,1014593,315
random_n600_rho0.9_uncorr_seed1.pcf,hfma,0,2063754,336
random_n600_rho0.9_uncorr_seed1.pcf,dhfma,0,2801073,336
random_n600_rho0.9_uncorr_seed1.pcf,hfma,1,2688328,336
random_n600_rho0.9_uncorr_seed1.pcf,dhfma,1,2263905,336
random_n600_rho0.9_uncorr_seed1.pcf,hfma,2,1681028,336
random_n600_rho0.9_uncorr_seed1.pcf,dhfma,2,1551367,336
random_n600_rho0.9_uncorr_seed2.pcf,hfma,0,1333654,321
random_n600_rho0.9_uncorr_seed2.pcf,dhfma,0,1139146,321
random_n600_rho0.9_uncorr_seed2.pcf,hfma,1,1028445,321
random_n600_rho0.9_uncorr_seed2.pcf,dhfma,1,1136314,321
random_n600_rho0.9_uncorr_seed2.pcf,hfma,2,1134682,321
random_n600_rho0.9_uncorr_seed2.pcf,dhfma,2,1348247,321
random_n600_rho0.9_uncorr_seed3.pcf,hfma,0,1410279,344
random_n600_rho0.9_uncorr_seed3.pcf,dhfma,0,1213665,344
random_n600_rho0.9_uncorr_seed3.pcf,hfma,1,1335512,344
random_n600_rho0.9_uncorr_seed3.pcf,dhfma,1,1510210,344
random_n600_rho0.9_uncorr_seed3.pcf,hfma,2,1689856,344
random_n600_rho0.9_uncorr_seed3.pcf,dhfma,2,2026763,344
random_n600_rho0.9_uncorr_seed4.pcf,hfma,0,1972426,353
random_n600_rho0.9_uncorr_seed4.pcf,dhfma,0,2452804,353
random_n600_rho0.9_uncorr_seed4.pcf,hfma,1,1436330,353
random_n600_rho0.9_uncorr_seed4.pcf,dhfma,1,839705,353
random_n600_rho0.9_uncorr_seed4.pcf,hfma,2,793476,353
random_n600_rho0.9_uncorr_seed4.pcf,dhfma,2,830117,353
random_n600_rho0.9_uncorr_seed5.pcf,hfma,0,2573950,323
random_n600_rho0.9_uncorr_seed5.pcf,dhfma,0,3024430,323
random_n600_rho0.9_uncorr_seed5.pcf,hfma,1,2273366,323
random_n600_rho0.9_uncorr_seed5.pcf,dhfma,1,1863701,323
random_n600_rho0.9_uncorr_seed5.pcf,hfma,2,1503972,323
random_n600_rho0.9_uncorr_seed5.pcf,dhfma,2,1281142,323
random_n600_rho0.9_uncorr_seed6.pcf,hfma,0,1365165,346
random_n600_rho0.9_uncorr_seed6.pcf,dhfma,0,1725743,346
random_n600_rho0.9_uncorr_seed6.pcf,hfma,1,1782049,346
random_n600_rho0.9_uncorr_seed6.pcf,dhfma,1,1884493,346
random_n600_rho0.9_uncorr_seed6.pcf,hfma,2,1352022,346
random_n600_rho0.9_uncorr_seed6.pcf,dhfma,2,1281086,346
random_n600_rho0.9_uncorr_seed7.pcf,hfma,0,1691187,361
random_n600_rho0.9_uncorr_seed7.pcf,dhfma,0,1745263,361
random_n600_rho0.9_uncorr_seed7.pcf,hfma,1,1422288,361
random_n600_rho0.9_uncorr_seed7.pcf,dhfma,1,1072132,361
random_n600_rho0.9_uncorr_seed7.pcf,hfma,2,907688,361
random_n600_rho0.9_uncorr_seed7.pcf,dhfma,2,949596,361
random_n600_rho0.9_uncorr_seed8.pcf,hfma,0,1990833,321
random_n600_rho0.9_uncorr_seed8.pcf,dhfma,0,1860517,321
random_n600_rho0.9_uncorr_seed8.pcf,hfma,1,1296373,321
random_n600_rho0.9_uncorr_seed8.pcf,dhfma,1,1200597,321
random_n600_rho0.9_uncorr_seed8.pcf,hfma,2,1021027,321
random_n600_rho0.9_uncorr_seed8.pcf,dhfma,2,1252542,321
random_n600_rho0.9_uncorr_seed9.pcf,hfma,0,1491962,320
random_n600_rho0.9_uncorr_seed9.pcf,dhfma,0,1657192,320
random_n600_rho0.9_uncorr_seed9.pcf,hfma,1,1414142,320
random_n600_rho0.9_uncorr_seed9.pcf,dhfma,1,1267017,320
random_n600_rho0.9_uncorr_seed9.pcf,hfma,2,978642,320
random_n600_rho0.9_uncorr_seed9.pcf,dhfma,2,1095608,320
random_n600_rho0.9_weakly-corr-neg_seed0.pcf,hfma,0,1622076,341
random_n600_rho0.9_weakly-corr-neg_seed0.pcf,dhfma,0,1656049,341
random_n600_rho0.9_weakly-corr-neg_seed0.pcf,hfma,1,1549157,341
random_n600_rho0.9_weakly-corr-neg_seed0.pcf,dhfma,1,1170357,341
random_n600_rho0.9_weakly-corr-neg_seed0.pcf,hfma,2,1065608,341
random_n600_rho0.9_weakly-corr-neg_seed0.pcf,dhfma,2,1089892,341
random_n600_rho0.9_weakly-corr-neg_seed1.pcf,hfma,0,1017313,334
random_n600_rho0.9_weakly-corr-neg_seed1.pcf,dhfma,0,958564,334
random_n600_rho0.9_weakly-corr-neg_seed1.pcf,hfma,1,986251,334
random_n600_rho0.9_weakly-corr-neg_seed1.pcf,dhfma,1,1015232,334
random_n600_rho0.9_weakly-corr-neg_seed1.pcf,hfma,2,1145976,334
random_n600_rho0.9_weakly-corr-neg_seed1.pcf,dhfma,2,987010,334
random_n600_rho0.9_weakly-corr-neg_seed2.pcf,hfma,0,2584017,335
random_n600_rho0.9_weakly-corr-neg_seed2.pcf,dhfma,0,1703526,335
random_n600_rho0.9_weakly-corr-neg_seed2.pcf,hfma,1,2037631,335
random_n600_rho0.9_weakly-corr-neg_seed2.pcf,dhfma,1,1646185,335
random_n600_rho0.9_weakly-corr-neg_seed2.pcf,hfma,2,1617481,335
random_n600_rho0.9_weakly-corr-neg_seed2.pcf,dhfma,2,1152968,335
random_n600_rho0.9_weakly-corr-neg_seed3.pcf,hfma,0,1005322,344
random_n600_rho0.9_weakly-corr-neg_seed3.pcf,dhfma,0,1061030,344
random_n600_rho0.9_weakly-corr-neg_seed3.pcf,hfma,1,959175,344
random_n600_rho0.9_weakly-corr-neg_seed3.pcf,dhfma,1,1053805,344
random_n600_rho0.9_weakly-corr-neg_seed3.pcf,hfma,2,1098768,344
random_n600_rho0.9_weakly-corr-neg_seed3.pcf,dhfma,2,1278077,344
random_n600_rho0.9_weakly-corr-neg_seed4.pcf,hfma,0,1233809,353
random_n600_rho0.9_weakly-corr-neg_seed4.pcf,dhfma,0,1413144,353
random_n600_rho0.9_weakly-corr-neg_seed4.pcf,hfma,1,1508523,353
random_n600_rho0.9_weakly-corr-neg_seed4.pcf,dhfma,1,1577362,353
random_n600_rho0.9_weakly-corr-neg_seed4.pcf,hfma,2,834852,353
random_n600_rho0.9_weakly-corr-neg_seed4.pcf,dhfma,2,878733,353
random_n600_rho0.9_weakly-corr-neg_seed5.pcf,hfma,0,1432425,325
random_n600_rho0.9_weakly-corr-neg_seed5.pcf,dhfma,0,2491525,325
random_n600_rho0.9_weakly-corr-neg_seed5.pcf,hfma,1,2785965,325
random_n600_rho0.9_weakly-corr-neg_seed5.pcf,dhfma,1,2568141,325
random_n600_rho0.9_weakly-corr-neg_seed5.pcf,hfma,2,2054572,325
random_n600_rho0.9_weakly-corr-neg_seed5.pcf,dhfma,2,2163642,325
random_n600_rho0.9_weakly-corr-neg_seed6.pcf,hfma,0,6081440,338
random_n600_rho0.9_weakly-corr-neg_seed6.pcf,dhfma,0,6235697,338
random_n600_rho0.9_weakly-corr-neg_seed6.pcf,hfma,1,6411367,338
random_n600_rho0.9_weakly-corr-neg_seed6.pcf,dhfma,1,6548187,338
random_n600_rho0.9_weakly-corr-neg_seed6.pcf,hfma,2,4396419,338
random_n600_rho0.9_weakly-corr-neg_seed6.pcf,dhfma,2,2865346,338
random_n600_rho0.9_weakly-corr-neg_seed7.pcf,hfma,0,1609997,323
random_n600_rho0.9_weakly-corr-neg_seed7.pcf,dhfma,0,1621132,323
random_n600_rho0.9_weakly-corr-neg_seed7.pcf,hfma,1,2128144,323
random_n600_rho0.9_weakly-corr-neg_seed7.pcf,dhfma,1,1517274,323
random_n600_rho0.9_weakly-corr-neg_seed7.pcf,hfma,2,1114361,323
random_n600_rho0.9_weakly-corr-neg_seed7.pcf,dhfma,2,1015750,323
random_n600_rho0.9_weakly-corr-neg_seed8.pcf,hfma,0,4227234,317
random_n600_rho0.9_weakly-corr-neg_seed8.pcf,dhfma,0,1631372,317
random_n600_rho0.9_weakly-corr-neg_seed8.pcf,hfma,1,1960535,317
random_n600_rho0.9_weakly-corr-neg_seed8.pcf,dhfma,1,3083230,317
random_n600_rho0.9_weakly-corr-neg_seed8.pcf,hfma,2,4001770,317
random_n600_rho0.9_weakly-corr-neg_seed8.pcf,dhfma,2,4141150,317
random_n600_rho0.9_weakly-corr-neg_seed9.pcf,hfma,0,3839296,330
random_n600_rho0.9_weakly-corr-neg_seed9.pcf,dhfma,0,3103527,330
random_n600_rho0.9_weakly-corr-neg_seed9.pcf,hfma,1,3453622,330
random_n600_rho0.9_weakly-corr-neg_seed9.pcf,dhfma,1,2602905,330
random_n600_rho0.9_weakly-corr-neg_seed9.pcf,hfma,2,2057768,330
random_n600_rho0.9_weakly-corr-neg_seed9.pcf,dhfma,2,1528001,330
random_n600_rho0.9_weakly-corr_seed0.pcf,hfma,0,3080466,331
random_n600_rho0.9_weakly-corr_seed0.pcf,dhfma,0,2934447,331
random_n600_rho0.9_weakly-corr_seed0.pcf,hfma,1,2812553,331
random_n600_rho0.9_weakly-corr_seed0.pcf,dhfma,1,2179480,331
random_n600_rho0.9_weakly-corr_seed0.pcf,hfma,2,1691052,331
random_n600_rho0.9_weakly-corr_seed0.pcf,dhfma,2,1403945,331
random_n600_rho0.9_weakly-corr_seed1.pcf,hfma,0,2429049,311
random_n600_rho0.9_weakly-corr_seed1.pcf,dhfma,0,2489201,311
random_n600_rho0.9_weakly-corr_seed1.pcf,hfma,1,2600466,311
random_n600_rho0.9_weakly-corr_seed1.pcf,dhfma,1,1121334,311
random_n600_rho0.9_weakly-corr_seed1.pcf,hfma,2,1120565,311
random_n600_rho0.9_weakly-corr_seed1.pcf,dhfma,2,1419314,311
random_n600_rho0.9_weakly-corr_seed2.pcf,hfma,0,5574147,317
random_n600_rho0.9_weakly-corr_seed2.pcf,dhfma,0,5332803,317
random_n600_rho0.9_weakly-corr_seed2.pcf,hfma,1,4825660,317
random_n600_rho0.9_weakly-corr_seed2.pcf,dhfma,1,5683231,317
random_n600_rho0.9_weakly-corr_seed2.pcf,hfma,2,3967487,317
random_n600_rho0.9_weakly-corr_seed2.pcf,dhfma,2,3069431,317
random_n600_rho0.9_weakly-corr_seed3.pcf,hfma,0,3147292,319
random_n600_rho0.9_weakly-corr_seed3.pcf,dhfma,0,3153670,319
random_n600_rho0.9_weakly-corr_seed3.pcf,hfma,1,2168746,319
random_n600_rho0.9_weakly-corr_seed3.pcf,dhfma,1,1764903,319
random_n600_rho0.9_weakly-corr_seed3.pcf,hfma,2,1333821,319
random_n600_rho0.9_weakly-corr_seed3.pcf,dhfma,2,1202601,319
random_n600_rho0.9_weakly-corr_seed4.pcf,hfma,0,2105722,341
random_n600_rho0.9_weakly-corr_seed4.pcf,dhfma,0,1775667,341
random_n600_rho0.9_weakly-corr_seed4.pcf,hfma,1,2147961,341
random_n600_rho0.9_weakly-corr_seed4.pcf,dhfma,1,2720797,341
random_n600_rho0.9_weakly-corr_seed4.pcf,hfma,2,3018912,341
random_n600_rho0.9_weakly-corr_seed4.pcf,dhfma,2,2342354,341
random_n600_rho0.9_weakly-corr_seed5.pcf,hfma,0,2865790,353
random_n600_rho0.9_weakly-corr_seed5.pcf,dhfma,0,3412739,353
random_n600_rho0.9_weakly-corr_seed5.pcf,hfma,1,4253050,353
random_n600_rho0.9_weakly-corr_seed5.pcf,dhfma,1,3747448,353
random_n600_rho0.9_weakly-corr_seed5.pcf,hfma,2,2579884,353
random_n600_rho0.9_weakly-corr_seed5.pcf,dhfma,2,2004998,353
random_n600_rho0.9_weakly-corr_seed6.pcf,hfma,0,1328448,340
random_n600_rho0.9_weakly-corr_seed6.pcf,dhfma,0,1209352,340
random_n600_rho0.9_weakly-corr_seed6.pcf,hfma,1,1187249,340
random_n600_rho0.9_weakly-corr_seed6.pcf,dhfma,1,1384169,340
random_n600_rho0.9_weakly-corr_seed6.pcf,hfma,2,1577971,340
random_n600_rho0.9_weakly-corr_seed6.pcf,dhfma,2,1442828,340
random_n600_rho0.9_weakly-corr_seed7.pcf,hfma,0,4058981,350
random_n600_rho0.9_weakly-corr_seed7.pcf,dhfma,0,2599733,350
random_n600_rho0.9_weakly-corr_seed7.pcf,hfma,1,1131643,350
random_n600_rho0.9_weakly-corr_seed7.pcf,dhfma,1,1195260,350
random_n600_rho0.9_weakly-corr_seed7.pcf,hfma,2,1098235,350
random_n600_rho0.9_weakly-corr_seed7.pcf,dhfma,2,2438486,350
random_n600_rho0.9_weakly-corr_seed8.pcf,hfma,0,5681943,327
random_n600_rho0.9_weakly-corr_seed8.pcf,dhfma,0,4980902,327
random_n600_rho0.9_weakly-corr_seed8.pcf,hfma,1,4667629,327
random_n600_rho0.9_weakly-corr_seed8.pcf,dhfma,1,4549414,327
random_n600_rho0.9_weakly-corr_seed8.pcf,hfma,2,3009700,327
random_n600_rho0.9_weakly-corr_seed8.pcf,dhfma,2,2347829,327
random_n600_rho0.9_weakly-corr_seed9.pcf,hfma,0,1733517,310
random_n600_rho0.9_weakly-corr_seed9.pcf,dhfma,0,1242659,310
random_n600_rho0.9_weakly-corr_seed9.pcf,hfma,1,1269146,310
random_n600_rho0.9_weakly-corr_seed9.pcf,dhfma,1,1196873,310
random_n600_rho0.9_weakly-corr_seed9.pcf,hfma,2,1263490,310
random_n600_rho0.9_weakly-corr_seed9.pcf,dhfma,2,1179326,310
random_n600_rho1.0_strongly-corr-neg_seed0.pcf,hfma,0,2226621,266
random_n600_rho1.0_strongly-corr-neg_seed0.pcf,dhfma,0,1449906,266
random_n600_rho1.0_strongly-corr-neg_seed0.pcf,hfma,1,1636297,266
random_n600_rho1.0_strongly-corr-neg_seed0.pcf,dhfma,1,1781719,266
random_n600_rho1.0_strongly-corr-neg_seed0.pcf,hfma,2,1786034,266
random_n600_rho1.0_strongly-corr-neg_seed0.pcf,dhfma,2,2444376,266
random_n600_rho1.0_strongly-corr-neg_seed1.pcf,hfma,0,4121494,276
random_n600_rho1.0_strongly-corr-neg_seed1.pcf,dhfma,0,5237936,276
random_n600_rho1.0_strongly-corr-neg_seed1.pcf,hfma,1,4459444,276
random_n600_rho1.0_strongly-corr-neg_seed1.pcf,dhfma,1,2938793,276
random_n600_rho1.0_strongly-corr-neg_seed1.pcf,hfma,2,2157684,276
random_n600_rho1.0_strongly-corr-neg_seed1.pcf,dhfma,2,1693438,276
random_n600_rho1.0_strongly-corr-neg_seed2.pcf,hfma,0,3304459,301
random_n600_rho1.0_strongly-corr-neg_seed2.pcf,dhfma,0,5234560,301
random_n600_rho1.0_strongly-corr-neg_seed2.pcf,hfma,1,3753822,301
random_n600_rho1.0_strongly-corr-neg_seed2.pcf,dhfma,1,3124207,301
random_n600_rho1.0_strongly-corr-neg_seed2.pcf,hfma,2,3604516,301
random_n600_rho1.0_strongly-corr-neg_seed2.pcf,dhfma,2,5480099,301
random_n600_rho1.0_strongly-corr-neg_seed3.pcf,hfma,0,5901993,299
random_n600_rho1.0_strongly-corr-neg_seed3.pcf,dhfma,0,4967612,299
random_n600_rho1.0_strongly-corr-neg_seed3.pcf,hfma,1,4176894,299
random_n600_rho1.0_strongly-corr-neg_seed3.pcf,dhfma,1,2322010,299
random_n600_rho1.0_strongly-corr-neg_seed3.pcf,hfma,2,2051444,299
random_n600_rho1.0_strongly-corr-neg_seed3.pcf,dhfma,2,1287727,299
random_n600_rho1.0_strongly-corr-neg_seed4.pcf,hfma,0,1738768,277
random_n600_rho1.0_strongly-corr-neg_seed4.pcf,dhfma,0,1660709,277
random_n600_rho1.0_strongly-corr-neg_seed4.pcf,hfma,1,1811547,277
random_n600_rho1.0_strongly-corr-neg_seed4.pcf,dhfma,1,1629689,277
random_n600_rho1.0_strongly-corr-neg_seed4.pcf,hfma,2,1663183,277
random_n600_rho1.0_strongly-corr-neg_seed4.pcf,dhfma,2,1680447,277
random_n600_rho1.0_strongly-corr-neg_seed5.pcf,hfma,0,1311392,293
random_n600_rho1.0_strongly-corr-neg_seed5.pcf,dhfma,0,1642840,293
random_n600_rho1.0_strongly-corr-neg_seed5.pcf,hfma,1,1679662,293
random_n600_rho1.0_strongly-corr-neg_seed5.pcf,dhfma,1,2211952,293
random_n600_rho1.0_strongly-corr-neg_seed5.pcf,hfma,2,2393975,293
random_n600_rho1.0_strongly-corr-neg_seed5.pcf,dhfma,2,2278520,293
random_n600_rho1.0_strongly-corr-neg_seed6.pcf,hfma,0,3561871,284
random_n600_rho1.0_strongly-corr-neg_seed6.pcf,dhfma,0,2712936,284
random_n600_rho1.0_strongly-corr-neg_seed6.pcf,hfma,1,2285316,284
random_n600_rho1.0_strongly-corr-neg_seed6.pcf,dhfma,1,1661633,284
random_n600_rho1.0_strongly-corr-neg_seed6.pcf,hfma,2,1525473,284
random_n600_rho1.0_strongly-corr-neg_seed6.pcf,dhfma,2,1271385,284
random_n600_rho1.0_strongly-corr-neg_seed7.pcf,hfma,0,2528572,308
random_n600_rho1.0_strongly-corr-neg_seed7.pcf,dhfma,0,2373800,308
random_n600_rho1.0_strongly-corr-neg_seed7.pcf,hfma,1,1744633,308
random_n600_rho1.0_strongly-corr-neg_seed7.pcf,dhfma,1,1503201,308
random_n600_rho1.0_strongly-corr-neg_seed7.pcf,hfma,2,1587145,308
random_n600_rho1.0_strongly-corr-neg_seed7.pcf,dhfma,2,1411815,308
random_n600_rho1.0_strongly-corr-neg_seed8.pcf,hfma,0,3223910,264
random_n600_rho1.0_strongly-corr-neg_seed8.pcf,dhfma,0,1999904,264
random_n600_rho1.0_strongly-corr-neg_seed8.pcf,hfma,1,3129129,264
random_n600_rho1.0_strongly-corr-neg_seed8.pcf,dhfma,1,1818941,264
random_n600_rho1.0_strongly-corr-neg_seed8.pcf,hfma,2,2499146,264
random_n600_rho1.0_strongly-corr-neg_seed8.pcf,dhfma,2,2936220,264
random_n600_rho1.0_strongly-corr-neg_seed9.pcf,hfma,0,5442995,275
random_n600_rho1.0_strongly-corr-neg_seed9.pcf,dhfma,0,5652459,275
random_n600_rho1.0_strongly-corr-neg_seed9.pcf,hfma,1,5078482,275
random_n600_rho1.0_strongly-corr-neg_seed9.pcf,dhfma,1,2822089,275
random_n600_rho1.0_strongly-corr-neg_seed9.pcf,hfma,2,2358823,275
random_n600_rho1.0_strongly-corr-neg_seed9.pcf,dhfma,2,1901937,275
random_n600_rho1.0_strongly-corr_seed0.pcf,hfma,0,1621363,276
random_n600_rho1.0_strongly-corr_seed0.pcf,dhfma,0,1667353,276
random_n600_rho1.0_strongly-corr_seed0.pcf,hfma,1,1610128,276
random_n600_rho1.0_strongly-corr_seed0.pcf,dhfma,1,1737744,276
random_n600_rho1.0_strongly-corr_seed0.pcf,hfma,2,1551367,276
random_n600_rho1.0_strongly-corr_seed0.pcf,dhfma,2,1671737,276
random_n600_rho1.0_strongly-corr_seed1.pcf,hfma,0,2477343,273
random_n600_rho1.0_strongly-corr_seed1.pcf,dhfma,0,1662361,273
random_n600_rho1.0_strongly-corr_seed1.pcf,hfma,1,1579694,273
random_n600_rho1.0_strongly-corr_seed1.pcf,dhfma,1,1612426,273
random_n600_rho1.0_strongly-corr_seed1.pcf,hfma,2,1561496,273
random_n600_rho1.0_strongly-corr_seed1.pcf,dhfma,2,1639852,273
random_n600_rho1.0_strongly-corr_seed2.pcf,hfma,0,3383163,285
random_n600_rho1.0_strongly-corr_seed2.pcf,dhfma,0,4037324,285
random_n600_rho1.0_strongly-corr_seed2.pcf,hfma,1,2582064,285
random_n600_rho1.0_strongly-corr_seed2.pcf,dhfma,1,2074776,285
random_n600_rho1.0_strongly-corr_seed2.pcf,hfma,2,2364818,285
random_n600_rho1.0_strongly-corr_seed2.pcf,dhfma,2,2116229,285
random_n600_rho1.0_strongly-corr_seed3.pcf,hfma,0,3217314,273
random_n600_rho1.0_strongly-corr_seed3.pcf,dhfma,0,2026570,273
random_n600_rho1.0_strongly-corr_seed3.pcf,hfma,1,2178558,273
random_n600_rho1.0_strongly-corr_seed3.pcf,dhfma,1,3026118,273
random_n600_rho1.0_strongly-corr_seed3.pcf,hfma,2,3302091,273
random_n600_rho1.0_strongly-corr_seed3.pcf,dhfma,2,4522331,273
random_n600_rho1.0_strongly-corr_seed4.pcf,hfma,0,5333392,289
random_n600_rho1.0_strongly-corr_seed4.pcf,dhfma,0,1517005,289
random_n600_rho1.0_strongly-corr_seed4.pcf,hfma,1,1546742,289
random_n600_rho1.0_strongly-corr_seed4.pcf,dhfma,1,1522416,289
random_n600_rho1.0_strongly-corr_seed4.pcf,hfma,2,1537004,289
random_n600_rho1.0_strongly-corr_seed4.pcf,dhfma,2,1501796,289
random_n600_rho1.0_strongly-corr_seed5.pcf,hfma,0,2504144,284
random_n600_rho1.0_strongly-corr_seed5.pcf,dhfma,0,2747423,284
random_n600_rho1.0_strongly-corr_seed5.pcf,hfma,1,1933182,284
random_n600_rho1.0_strongly-corr_seed5.pcf,dhfma,1,1597301,284
random_n600_rho1.0_strongly-corr_seed5.pcf,hfma,2,1312195,284
random_n600_rho1.0_strongly-corr_seed5.pcf,dhfma,2,1204141,284
random_n600_rho1.0_strongly-corr_seed6.pcf,hfma,0,2257374,275
random_n600_rho1.0_strongly-corr_seed6.pcf,dhfma,0,2213673,275
random_n600_rho1.0_strongly-corr_seed6.pcf,hfma,1,2437976,275
random_n600_rho1.0_strongly-corr_seed6.pcf,dhfma,1,3389007,275
random_n600_rho1.0_strongly-corr_seed6.pcf,hfma,2,3188120,275
random_n600_rho1.0_strongly-corr_seed6.pcf,dhfma,2,2634776,275
random_n600_rho1.0_strongly-corr_seed7.pcf,hfma,0,3190250,282
random_n600_rho1.0_strongly-corr_seed7.pcf,dhfma,0,3340712,282
random_n600_rho1.0_strongly-corr_seed7.pcf,hfma,1,4456032,282
random_n600_rho1.0_strongly-corr_seed7.pcf,dhfma,1,4016455,282
random_n600_rho1.0_strongly-corr_seed7.pcf,hfma,2,2763984,282
random_n600_rho1.0_strongly-corr_seed7.pcf,dhfma,2,2051205,282
random_n600_rho1.0_strongly-corr_seed8.pcf,hfma,0,1456842,279
random_n600_rho1.0_strongly-corr_seed8.pcf,dhfma,0,1417726,279
random_n600_rho1.0_strongly-corr_seed8.pcf,hfma,1,1141012,279
random_n600_rho1.0_strongly-corr_seed8.pcf,dhfma,1,1346474,279
random_n600_rho1.0_strongly-corr_seed8.pcf,hfma,2,1129572,279
random_n600_rho1.0_strongly-corr_seed8.pcf,dhfma,2,1346476,279
random_n600_rho1.0_strongly-corr_seed9.pcf,hfma,0,3290679,256
random_n600_rho1.0_strongly-corr_seed9.pcf,dhfma,0,2467047,256
random_n600_rho1.0_strongly-corr_seed9.pcf,hfma,1,3167324,256
random_n600_rho1.0_strongly-corr_seed9.pcf,dhfma,1,3654332,256
random_n600_rho1.0_strongly-corr_seed9.pcf,hfma,2,2730823,256
random_n600_rho1.0_strongly-corr_seed9.pcf,dhfma,2,2364997,256
random_n600_rho1.0_uncorr-neg_seed0.pcf,hfma,0,1786720,299
random_n600_rho1.0_uncorr-neg_seed0.pcf,dhfma,0,1870335,299
random_n600_rho1.0_uncorr-neg_seed0.pcf,hfma,1,1300661,299
random_n600_rho1.0_uncorr-neg_seed0.pcf,dhfma,1,1297390,299
random_n600_rho1.0_uncorr-neg_seed0.pcf,hfma,2,1184205,299
random_n600_rho1.0_uncorr-neg_seed0.pcf,dhfma,2,1283591,299
random_n600_rho1.0_uncorr-neg_seed1.pcf,hfma,0,1602209,322
random_n600_rho1.0_uncorr-neg_seed1.pcf,dhfma,0,1248096,322
random_n600_rho1.0_uncorr-neg_seed1.pcf,hfma,1,1207802,322
random_n600_rho1.0_uncorr-neg_seed1.pcf,dhfma,1,1338975,322
random_n600_rho1.0_uncorr-neg_seed1.pcf,hfma,2,1456777,322
random_n600_rho1.0_uncorr-neg_seed1.pcf,dhfma,2,1315371,322
random_n600_rho1.0_uncorr-neg_seed2.pcf,hfma,0,4007588,312
random_n600_rho1.0_uncorr-neg_seed2.pcf,dhfma,0,2886167,312
random_n600_rho1.0_uncorr-neg_seed2.pcf,hfma,1,2179715,312
random_n600_rho1.0_uncorr-neg_seed2.pcf,dhfma,1,1924970,312
random_n600_rho1.0_uncorr-neg_seed2.pcf,hfma,2,1467546,312
random_n600_rho1.0_uncorr-neg_seed2.pcf,dhfma,2,1497177,312
random_n600_rho1.0_uncorr-neg_seed3.pcf,hfma,0,2165396,290
random_n600_rho1.0_uncorr-neg_seed3.pcf,dhfma,0,1654896,290
random_n600_rho1.0_uncorr-neg_seed3.pcf,hfma,1,2082764,290
random_n600_rho1.0_uncorr-neg_seed3.pcf,dhfma,1,2158168,290
random_n600_rho1.0_uncorr-neg_seed3.pcf,hfma,2,2187832,290
random_n600_rho1.0_uncorr-neg_seed3.pcf,dhfma,2,2015642,290
random_n600_rho1.0_uncorr-neg_seed4.pcf,hfma,0,3732548,295
random_n600_rho1.0_uncorr-neg_seed4.pcf,dhfma,0,4495089,295
random_n600_rho1.0_uncorr-neg_seed4.pcf,hfma,1,2206332,295
random_n600_rho1.0_uncorr-neg_seed4.pcf,dhfma,1,3027156,295
random_n600_rho1.0_uncorr-neg_seed4.pcf,hfma,2,4033002,295
random_n600_rho1.0_uncorr-neg_seed4.pcf,dhfma,2,5418623,295
random_n600_rho1.0_uncorr-neg_seed5.pcf,hfma,0,5673710,301
random_n600_rho1.0_uncorr-neg_seed5.pcf,dhfma,0,1783737,301
random_n600_rho1.0_uncorr-neg_seed5.pcf,hfma,1,1734479,301
random_n600_rho1.0_uncorr-neg_seed5.pcf,dhfma,1,2355520,301
random_n600_rho1.0_uncorr-neg_seed5.pcf,hfma,2,4346679,301
random_n600_rho1.0_uncorr-neg_seed5.pcf,dhfma,2,4545701,301
random_n600_rho1.0_uncorr-neg_seed6.pcf,hfma,0,4199780,308
random_n600_rho1.0_uncorr-neg_seed6.pcf,dhfma,0,5395172,308
random_n600_rho1.0_uncorr-neg_seed6.pcf,hfma,1,3870370,308
random_n600_rho1.0_uncorr-neg_seed6.pcf,dhfma,1,2691700,308
random_n600_rho1.0_uncorr-neg_seed6.pcf,hfma,2,1963840,308
random_n600_rho1.0_uncorr-neg_seed6.pcf,dhfma,2,1584417,308
random_n600_rho1.0_uncorr-neg_seed7.pcf,hfma,0,2003212,320
random_n600_rho1.0_uncorr-neg_seed7.pcf,dhfma,0,2618034,320
random_n600_rho1.0_uncorr-neg_seed7.pcf,hfma,1,1661463,320
random_n600_rho1.0_uncorr-neg_seed7.pcf,dhfma,1,1859327,320
random_n600_rho1.0_uncorr-neg_seed7.pcf,hfma,2,1464725,320
random_n600_rho1.0_uncorr-neg_seed7.pcf,dhfma,2,1296156,320
random_n600_rho1.0_uncorr-neg_seed8.pcf,hfma,0,2767317,300
random_n600_rho1.0_uncorr-neg_seed8.pcf,dhfma,0,2200152,300
random_n600_rho1.0_uncorr-neg_seed8.pcf,hfma,1,3170680,300
random_n600_rho1.0_uncorr-neg_seed8.pcf,dhfma,1,3488505,300
random_n600_rho1.0_uncorr-neg_seed8.pcf,hfma,2,4196973,300
random_n600_rho1.0_uncorr-neg_seed8.pcf,dhfma,2,2814314,300
random_n600_rho1.0_uncorr-neg_seed9.pcf,hfma,0,4462185,289
random_n600_rho1.0_uncorr-neg_seed9.pcf,dhfma,0,3855959,289
random_n600_rho1.0_uncorr-neg_seed9.pcf,hfma,1,2577454,289
random_n600_rho1.0_uncorr-neg_seed9.pcf,dhfma,1,2078059,289
random_n600_rho1.0_uncorr-neg_seed9.pcf,hfma,2,1957069,289
random_n600_rho1.0_uncorr-neg_seed9.pcf,dhfma,2,1996258,289
random_n600_rho1.0_uncorr_seed0.pcf,hfma,0,2810029,300
random_n600_rho1.0_uncorr_seed0.pcf,dhfma,0,1982839,300
random_n600_rho1.0_uncorr_seed0.pcf,hfma,1,2239483,300
random_n600_rho1.0_uncorr_seed0.pcf,dhfma,1,1995790,300
random_n600_rho1.0_uncorr_seed0.pcf,hfma,2,2110571,300
random_n600_rho1.0_uncorr_seed0.pcf,dhfma,2,1986303,300
random_n600_rho1.0_uncorr_seed1.pcf,hfma,0,1698346,304
random_n600_rho1.0_uncorr_seed1.pcf,dhfma,0,1459087,304
random_n600_rho1.0_uncorr_seed1.pcf,hfma,1,1589260,304
random_n600_rho1.0_uncorr_seed1.pcf,dhfma,1,1455835,304
random_n600_rho1.0_uncorr_seed1.pcf,hfma,2,1800564,304
random_n600_rho1.0_uncorr_seed1.pcf,dhfma,2,1986450,304
random_n600_rho1.0_uncorr_seed2.pcf,hfma,0,3129684,262
random_n600_rho1.0_uncorr_seed2.pcf,dhfma,0,2418953,262
random_n600_rho1.0_uncorr_seed2.pcf,hfma,1,2613405,262
random_n600_rho1.0_uncorr_seed2.pcf,dhfma,1,2410787,262
random_n600_rho1.0_uncorr_seed2.pcf,hfma,2,2605268,262
random_n600_rho1.0_uncorr_seed2.pcf,dhfma,2,2410387,262
random_n600_rho1.0_uncorr_seed3.pcf,hfma,0,2050209,323
random_n600_rho1.0_uncorr_seed3.pcf,dhfma,0,1346495,323
random_n600_rho1.0_uncorr_seed3.pcf,hfma,1,1370982,323
random_n600_rho1.0_uncorr_seed3.pcf,dhfma,1,1225274,323
random_n600_rho1.0_uncorr_seed3.pcf,hfma,2,1323122,323
random_n600_rho1.0_uncorr_seed3.pcf,dhfma,2,1248436,323
random_n600_rho1.0_uncorr_seed4.pcf,hfma,0,2121538,287
random_n600_rho1.0_uncorr_seed4.pcf,dhfma,0,2373019,287
random_n600_rho1.0_uncorr_seed4.pcf,hfma,1,1718354,287
random_n600_rho1.0_uncorr_seed4.pcf,dhfma,1,1623594,287
random_n600_rho1.0_uncorr_seed4.pcf,hfma,2,1424211,287
random_n600_rho1.0_uncorr_seed4.pcf,dhfma,2,1825752,287
random_n600_rho1.0_uncorr_seed5.pcf,hfma,0,1986365,313
random_n600_rho1.0_uncorr_seed5.pcf,dhfma,0,1647666,313
random_n600_rho1.0_uncorr_seed5.pcf,hfma,1,1425962,313
random_n600_rho1.0_uncorr_seed5.pcf,dhfma,1,1434288,313
random_n600_rho1.0_uncorr_seed5.pcf,hfma,2,1389979,313
random_n600_rho1.0_uncorr_seed5.pcf,dhfma,2,1407250,313
random_n600_rho1.0_uncorr_seed6.pcf,hfma,0,1405331,302
random_n600_rho1.0_uncorr_seed6.pcf,dhfma,0,1232481,302
random_n600_rho1.0_uncorr_seed6.pcf,hfma,1,1298269,302
random_n600_rho1.0_uncorr_seed6.pcf,dhfma,1,1219209,302
random_n600_rho1.0_uncorr_seed6.pcf,hfma,2,1404986,302
random_n600_rho1.0_uncorr_seed6.pcf,dhfma,2,1478496,302
random_n600_rho1.0_uncorr_seed7.pcf,hfma,0,2529289,292
random_n600_rho1.0_uncorr_seed7.pcf,dhfma,0,2250327,292
random_n600_rho1.0_uncorr_seed7.pcf,hfma,1,1985672,292
random_n600_rho1.0_uncorr_seed7.pcf,dhfma,1,2165065,292
random_n600_rho1.0_uncorr_seed7.pcf,hfma,2,1939003,292
random_n600_rho1.0_uncorr_seed7.pcf,dhfma,2,2140902,292
random_n600_rho1.0_uncorr_seed8.pcf,hfma,0,1832164,297
random_n600_rho1.0_uncorr_seed8.pcf,dhfma,0,1495546,297
random_n600_rho1.0_uncorr_seed8.pcf,hfma,1,1671798,297
random_n600_rho1.0_uncorr_seed8.pcf,dhfma,1,1549529,297
random_n600_rho1.0_uncorr_seed8.pcf,hfma,2,1731285,297
random_n600_rho1.0_uncorr_seed8.pcf,dhfma,2,1503326,297
random_n600_rho1.0_uncorr_seed9.pcf,hfma,0,2577441,300
random_n600_rho1.0_uncorr_seed9.pcf,dhfma,0,2734337,300
random_n600_rho1.0_uncorr_seed9.pcf,hfma,1,2431958,300
random_n600_rho1.0_uncorr_seed9.pcf,dhfma,1,2341932,300
random_n600_rho1.0_uncorr_seed9.pcf,hfma,2,2987562,300
random_n600_rho1.0_uncorr_seed9.pcf,dhfma,2,2251548,300
random_n600_rho1.0_weakly-corr-neg_seed0.pcf,hfma,0,3888617,290
random_n600_rho1.0_weakly-corr-neg_seed0.pcf,dhfma,0,2617150,290
random_n600_rho1.0_weakly-corr-neg_seed0.pcf,hfma,1,1739031,290
random_n600_rho1.0_weakly-corr-neg_seed0.pcf,dhfma,1,2085474,290
random_n600_rho1.0_weakly-corr-neg_seed0.pcf,hfma,2,2545746,290
random_n600_rho1.0_weakly-corr-neg_seed0.pcf,dhfma,2,2978251,290
random_n600_rho1.0_weakly-corr-neg_seed1.pcf,hfma,0,3399863,304
random_n600_rho1.0_weakly-corr-neg_seed1.pcf,dhfma,0,2321090,304
random_n600_rho1.0_weakly-corr-neg_seed1.pcf,hfma,1,1880735,304
random_n600_rho1.0_weakly-corr-neg_seed1.pcf,dhfma,1,1703749,304
random_n600_rho1.0_weakly-corr-neg_seed1.pcf,hfma,2,1785146,304
random_n600_rho1.0_weakly-corr-neg_seed1.pcf,dhfma,2,1425103,304
random_n600_rho1.0_weakly-corr-neg_seed2.pcf,hfma,0,1686742,280
random_n600_rho1.0_weakly-corr-neg_seed2.pcf,dhfma,0,1641660,280
random_n600_rho1.0_weakly-corr-neg_seed2.pcf,hfma,1,1653778,280
random_n600_rho1.0_weakly-corr-neg_seed2.pcf,dhfma,1,1918189,280
random_n600_rho1.0_weakly-corr-neg_seed2.pcf,hfma,2,2309400,280
random_n600_rho1.0_weakly-corr-neg_seed2.pcf,dhfma,2,2356751,280
random_n600_rho1.0_weakly-corr-neg_seed3.pcf,hfma,0,3373716,312
random_n600_rho1.0_weakly-corr-neg_seed3.pcf,dhfma,0,2183718,312
random_n600_rho1.0_weakly-corr-neg_seed3.pcf,hfma,1,1944830,312
random_n600_rho1.0_weakly-corr-neg_seed3.pcf,dhfma,1,2402502,312
random_n600_rho1.0_weakly-corr-neg_seed3.pcf,hfma,2,3000026,312
random_n600_rho1.0_weakly-corr-neg_seed3.pcf,dhfma,2,3961425,312
random_n600_rho1.0_weakly-corr-neg_seed4.pcf,hfma,0,4344801,288
random_n600_rho1.0_weakly-corr-neg_seed4.pcf,dhfma,0,4524137,288
random_n600_rho1.0_weakly-corr-neg_seed4.pcf,hfma,1,4421465,288
random_n600_rho1.0_weakly-corr-neg_seed4.pcf,dhfma,1,4263727,288
random_n600_rho1.0_weakly-corr-neg_seed4.pcf,hfma,2,4457278,288
random_n600_rho1.0_weakly-corr-neg_seed4.pcf,dhfma,2,2559434,288
random_n600_rho1.0_weakly-corr-neg_seed5.pcf,hfma,0,4332977,301
random_n600_rho1.0_weakly-corr-neg_seed5.pcf,dhfma,0,4254969,301
random_n600_rho1.0_weakly-corr-neg_seed5.pcf,hfma,1,2758215,301
random_n600_rho1.0_weakly-corr-neg_seed5.pcf,dhfma,1,2015711,301
random_n600_rho1.0_weakly-corr-neg_seed5.pcf,hfma,2,1680909,301
random_n600_rho1.0_weakly-corr-neg_seed5.pcf,dhfma,2,1740381,301
random_n600_rho1.0_weakly-corr-neg_seed6.pcf,hfma,0,1823113,318
random_n600_rho1.0_weakly-corr-neg_seed6.pcf,dhfma,0,1192959,318
random_n600_rho1.0_weakly-corr-neg_seed6.pcf,hfma,1,1456582,318
random_n600_rho1.0_weakly-corr-neg_seed6.pcf,dhfma,1,1580009,318
random_n600_rho1.0_weakly-corr-neg_seed6.pcf,hfma,2,1645742,318
random_n600_rho1.0_weakly-corr-neg_seed6.pcf,dhfma,2,1236096,318
random_n600_rho1.0_weakly-corr-neg_seed7.pcf,hfma,0,4648492,276
random_n600_rho1.0_weakly-corr-neg_seed7.pcf,dhfma,0,4823739,276
random_n600_rho1.0_weakly-corr-neg_seed7.pcf,hfma,1,4872225,276
random_n600_rho1.0_weakly-corr-neg_seed7.pcf,dhfma,1,6333730,276
random_n600_rho1.0_weakly-corr-neg_seed7.pcf,hfma,2,5101526,276
random_n600_rho1.0_weakly-corr-neg_seed7.pcf,dhfma,2,2871536,276
random_n600_rho1.0_weakly-corr-neg_seed8.pcf,hfma,0,3082484,290
random_n600_rho1.0_weakly-corr-neg_seed8.pcf,dhfma,0,3594995,290
random_n600_rho1.0_weakly-corr-neg_seed8.pcf,hfma,1,2558899,290
random_n600_rho1.0_weakly-corr-neg_seed8.pcf,dhfma,1,2042767,290
random_n600_rho1.0_weakly-corr-neg_seed8.pcf,hfma,2,1571538,290
random_n600_rho1.0_weakly-corr-neg_seed8.pcf,dhfma,2,1406308,290
random_n600_rho1.0_weakly-corr-neg_seed9.pcf,hfma,0,2135831,289
random_n600_rho1.0_weakly-corr-neg_seed9.pcf,dhfma,0,2128012,289
random_n600_rho1.0_weakly-corr-neg_seed9.pcf,hfma,1,2046655,289
random_n600_rho1.0_weakly-corr-neg_seed9.pcf,dhfma,1,2633116,289
random_n600_rho1.0_weakly-corr-neg_seed9.pcf,hfma,2,1625675,289
random_n600_rho1.0_weakly-corr-neg_seed9.pcf,dhfma,2,1751752,289
random_n600_rho1.0_weakly-corr_seed0.pcf,hfma,0,5649072,290
random_n600_rho1.0_weakly-corr_seed0.pcf,dhfma,0,3448421,290
random_n600_rho1.0_weakly-corr_seed0.pcf,hfma,1,2450193,290
random_n600_rho1.0_weakly-corr_seed0.pcf,dhfma,1,2890707,290
random_n600_rho1.0_weakly-corr_seed0.pcf,hfma,2,1967359,290
random_n600_rho1.0_weakly-corr_seed0.pcf,dhfma,2,5053249,290
random_n600_rho1.0_weakly-corr_seed1.pcf,hfma,0,4115684,300
random_n600_rho1.0_weakly-corr_seed1.pcf,dhfma,0,2601245,300
random_n600_rho1.0_weakly-corr_seed1.pcf,hfma,1,2753603,300
random_n600_rho1.0_weakly-corr_seed1.pcf,dhfma,1,3710707,300
random_n600_rho1.0_weakly-corr_seed1.pcf,hfma,2,4151620,300
random_n600_rho1.0_weakly-corr_seed1.pcf,dhfma,2,3184554,300
random_n600_rho1.0_weakly-corr_seed2.pcf,hfma,0,4487829,294
random_n600_rho1.0_weakly-corr_seed2.pcf,dhfma,0,5514681,294
random_n600_rho1.0_weakly-corr_seed2.pcf,hfma,1,4212781,294
random_n600_rho1.0_weakly-corr_seed2.pcf,dhfma,1,2590032,294
random_n600_rho1.0_weakly-corr_seed2.pcf,hfma,2,2061670,294
random_n600_rho1.0_weakly-corr_seed2.pcf,dhfma,2,1489979,294
random_n600_rho1.0_weakly-corr_seed3.pcf,hfma,0,3982148,284
random_n600_rho1.0_weakly-corr_seed3.pcf,dhfma,0,3783779,284
random_n600_rho1.0_weakly-corr_seed3.pcf,hfma,1,2680978,284
random_n600_rho1.0_weakly-corr_seed3.pcf,dhfma,1,2183396,284
random_n600_rho1.0_weakly-corr_seed3.pcf,hfma,2,2148214,284
random_n600_rho1.0_weakly-corr_seed3.pcf,dhfma,2,2133086,284
random_n600_rho1.0_weakly-corr_seed4.pcf,hfma,0,1895295,318
random_n600_rho1.0_weakly-corr_seed4.pcf,dhfma,0,1347412,318
random_n600_rho1.0_weakly-corr_seed4.pcf,hfma,1,1177798,318
random_n600_rho1.0_weakly-corr_seed4.pcf,dhfma,1,1355583,318
random_n600_rho1.0_weakly-corr_seed4.pcf,hfma,2,1351645,318
random_n600_rho1.0_weakly-corr_seed4.pcf,dhfma,2,1703284,318
random_n600_rho1.0_weakly-corr_seed5.pcf,hfma,0,4719245,296
random_n600_rho1.0_weakly-corr_seed5.pcf,dhfma,0,2489806,296
random_n600_rho1.0_weakly-corr_seed5.pcf,hfma,1,2414117,296
random_n600_rho1.0_weakly-corr_seed5.pcf,dhfma,1,2472205,296
random_n600_rho1.0_weakly-corr_seed5.pcf,hfma,2,3041945,296
random_n600_rho1.0_weakly-corr_seed5.pcf,dhfma,2,1643928,296
random_n600_rho1.0_weakly-corr_seed6.pcf,hfma,0,3110890,302
random_n600_rho1.0_weakly-corr_seed6.pcf,dhfma,0,2259866,302
random_n600_rho1.0_weakly-corr_seed6.pcf,hfma,1,1144586,302
random_n600_rho1.0_weakly-corr_seed6.pcf,dhfma,1,1159294,302
random_n600_rho1.0_weakly-corr_seed6.pcf,hfma,2,1116158,302
random_n600_rho1.0_weakly-corr_seed6.pcf,dhfma,2,1210560,302
random_n600_rho1.0_weakly-corr_seed7.pcf,hfma,0,4355961,302
random_n600_rho1.0_weakly-corr_seed7.pcf,dhfma,0,3777153,302
random_n600_rho1.0_weakly-corr_seed7.pcf,hfma,1,4484841,302
random_n600_rho1.0_weakly-corr_seed7.pcf,dhfma,1,4426138,302
random_n600_rho1.0_weakly-corr_seed7.pcf,hfma,2,2979852,302
random_n600_rho1.0_weakly-corr_seed7.pcf,dhfma,2,2203059,302
random_n600_rho1.0_weakly-corr_seed8.pcf,hfma,0,2657965,290
random_n600_rho1.0_weakly-corr_seed8.pcf,dhfma,0,2483793,290
random_n600_rho1.0_weakly-corr_seed8.pcf,hfma,1,3393802,290
random_n600_rho1.0_weakly-corr_seed8.pcf,dhfma,1,3437511,290
random_n600_rho1.0_weakly-corr_seed8.pcf,hfma,2,3033482,290
random_n600_rho1.0_weakly-corr_seed8.pcf,dhfma,2,2087601,290
random_n600_rho1.0_weakly-corr_seed9.pcf,hfma,0,3236656,295
random_n600_rho1.0_weakly-corr_seed9.pcf,dhfma,0,2839969,295
random_n600_rho1.0_weakly-corr_seed9.pcf,hfma,1,3059454,295
random_n600_rho1.0_weakly-corr_seed9.pcf,dhfma,1,2826706,295
random_n600_rho1.0_weakly-corr_seed9.pcf,hfma,2,2258673,295
random_n600_rho1.0_weakly-corr_seed9.pcf,dhfma,2,2709113,295
random_n700_rho0.3_strongly-corr-neg_seed0.pcf,hfma,0,1154325,508
random_n700_rho0.3_strongly-corr-neg_seed0.pcf,dhfma,0,1325726,508
random_n700_rho0.3_strongly-corr-neg_seed0.pcf,hfma,1,864307,508
random_n700_rho0.3_strongly-corr-neg_seed0.pcf,dhfma,1,889106,508
random_n700_rho0.3_strongly-corr-neg_seed0.pcf,hfma,2,674751,508
random_n700_rho0.3_strongly-corr-neg_seed0.pcf,dhfma,2,732627,508
random_n700_rho0.3_strongly-corr-neg_seed1.pcf,hfma,0,1112145,526
random_n700_rho0.3_strongly-corr-neg_seed1.pcf,dhfma,0,1209891,526
random_n700_rho0.3_strongly-corr-neg_seed1.pcf,hfma,1,887424,526
random_n700_rho0.3_strongly-corr-neg_seed1.pcf,dhfma,1,889786,526
random_n700_rho0.3_strongly-corr-neg_seed1.pcf,hfma,2,734335,526
random_n700_rho0.3_strongly-corr-neg_seed1.pcf,dhfma,2,915171,526
random_n700_rho0.3_strongly-corr-neg_seed2.pcf,hfma,0,856845,519
random_n700_rho0.3_strongly-corr-neg_seed2.pcf,dhfma,0,993745,519
random_n700_rho0.3_strongly-corr-neg_seed2.pcf,hfma,1,806281,519
random_n700_rho0.3_strongly-corr-neg_seed2.pcf,dhfma,1,1072639,519
random_n700_rho0.3_strongly-corr-neg_seed2.pcf,hfma,2,883559,519
random_n700_rho0.3_strongly-corr-neg_seed2.pcf,dhfma,2,1033638,519
random_n700_rho0.3_strongly-corr-neg_seed3.pcf,hfma,0,1060688,511
random_n700_rho0.3_strongly-corr-neg_seed3.pcf,dhfma,0,1259166,511
random_n700_rho0.3_strongly-corr-neg_seed3.pcf,hfma,1,918269,511
random_n700_rho0.3_strongly-corr-neg_seed3.pcf,dhfma,1,741320,511
random_n700_rho0.3_strongly-corr-neg_seed3.pcf,hfma,2,586599,511
random_n700_rho0.3_strongly-corr-neg_seed3.pcf,dhfma,2,734363,511
random_n700_rho0.3_strongly-corr-neg_seed4.pcf,hfma,0,822190,522
random_n700_rho0.3_strongly-corr-neg_seed4.pcf,dhfma,0,725694,522
random_n700_rho0.3_strongly-corr-neg_seed4.pcf,hfma,1,570950,522
random_n700_rho0.3_strongly-corr-neg_seed4.pcf,dhfma,1,748721,522
random_n700_rho0.3_strongly-corr-neg_seed4.pcf,hfma,2,669405,522
random_n700_rho0.3_strongly-corr-neg_seed4.pcf,dhfma,2,1071834,522
random_n700_rho0.3_strongly-corr-neg_seed5.pcf,hfma,0,1000814,510
random_n700_rho0.3_strongly-corr-neg_seed5.pcf,dhfma,0,1019565,510
random_n700_rho0.3_strongly-corr-neg_seed5.pcf,hfma,1,689493,510
random_n700_rho0.3_strongly-corr-neg_seed5.pcf,dhfma,1,760324,510
random_n700_rho0.3_strongly-corr-neg_seed5.pcf,hfma,2,548952,510
random_n700_rho0.3_strongly-corr-neg_seed5.pcf,dhfma,2,641042,510
random_n700_rho0.3_strongly-corr-neg_seed6.pcf,hfma,0,650792,505
random_n700_rho0.3_strongly-corr-neg_seed6.pcf,dhfma,0,819665,505
random_n700_rho0.3_strongly-corr-neg_seed6.pcf,hfma,1,669282,505
random_n700_rho0.3_strongly-corr-neg_seed6.pcf,dhfma,1,718758,505
random_n700_rho0.3_strongly-corr-neg_seed6.pcf,hfma,2,560000,505
random_n700_rho0.3_strongly-corr-neg_seed6.pcf,dhfma,2,617088,505
random_n700_rho0.3_strongly-corr-neg_seed7.pcf,hfma,0,1226172,516
random_n700_rho0.3_strongly-corr-neg_seed7.pcf,dhfma,0,1192119,516
random_n700_rho0.3_strongly-corr-neg_seed7.pcf,hfma,1,882733,516
random_n700_rho0.3_strongly-corr-neg_seed7.pcf,dhfma,1,1066835,516
random_n700_rho0.3_strongly-corr-neg_seed7.pcf,hfma,2,914413,516
random_n700_rho0.3_strongly-corr-neg_seed7.pcf,dhfma,2,1037986,516
random_n700_rho0.3_strongly-corr-neg_seed8.pcf,hfma,0,1210968,512
random_n700_rho0.3_strongly-corr-neg_seed8.pcf,dhfma,0,1437616,512
random_n700_rho0.3_strongly-corr-neg_seed8.pcf,hfma,1,962646,512
random_n700_rho0.3_strongly-corr-neg_seed8.pcf,dhfma,1,830290,512
random_n700_rho0.3_strongly-corr-neg_seed8.pcf,hfma,2,702610,512
random_n700_rho0.3_strongly-corr-neg_seed8.pcf,dhfma,2,903645,512
random_n700_rho0.3_strongly-corr-neg_seed9.pcf,hfma,0,809281,500
random_n700_rho0.3_strongly-corr-neg_seed9.pcf,dhfma,0,849757,500
random_n700_rho0.3_strongly-corr-neg_seed9.pcf,hfma,1,736540,500
random_n700_rho0.3_strongly-corr-neg_seed9.pcf,dhfma,1,946160,500
random_n700_rho0.3_strongly-corr-neg_seed9.pcf,hfma,2,886883,500
random_n700_rho0.3_strongly-corr-neg_seed9.pcf,dhfma,2,1011900,500
random_n700_rho0.3_strongly-corr_seed0.pcf,hfma,0,1303277,457
random_n700_rho0.3_strongly-corr_seed0.pcf,dhfma,0,931893,457
random_n700_rho0.3_strongly-corr_seed0.pcf,hfma,1,345000,457
random_n700_rho0.3_strongly-corr_seed0.pcf,dhfma,1,392480,457
random_n700_rho0.3_strongly-corr_seed0.pcf,hfma,2,338937,457
random_n700_rho0.3_strongly-corr_seed0.pcf,dhfma,2,344750,457
random_n700_rho0.3_strongly-corr_seed1.pcf,hfma,0,957058,454
random_n700_rho0.3_strongly-corr_seed1.pcf,dhfma,0,1149012,454
random_n700_rho0.3_strongly-corr_seed1.pcf,hfma,1,807448,454
random_n700_rho0.3_strongly-corr_seed1.pcf,dhfma,1,1021104,454
random_n700_rho0.3_strongly-corr_seed1.pcf,hfma,2,325406,454
random_n700_rho0.3_strongly-corr_seed1.pcf,dhfma,2,258436,454
random_n700_rho0.3_strongly-corr_seed2.pcf,hfma,0,578105,468
random_n700_rho0.3_strongly-corr_seed2.pcf,dhfma,0,1234471,468
random_n700_rho0.3_strongly-corr_seed2.pcf,hfma,1,930179,468
random_n700_rho0.3_strongly-corr_seed2.pcf,dhfma,1,1091345,468
random_n700_rho0.3_strongly-corr_seed2.pcf,hfma,2,964155,468
random_n700_rho0.3_strongly-corr_seed2.pcf,dhfma,2,947912,468
random_n700_rho0.3_strongly-corr_seed3.pcf,hfma,0,1334171,463
random_n700_rho0.3_strongly-corr_seed3.pcf,dhfma,0,1212091,463
random_n700_rho0.3_strongly-corr_seed3.pcf,hfma,1,980255,463
random_n700_rho0.3_strongly-corr_seed3.pcf,dhfma,1,1120421,463
random_n700_rho0.3_strongly-corr_seed3.pcf,hfma,2,959038,463
random_n700_rho0.3_strongly-corr_seed3.pcf,dhfma,2,1088806,463
random_n700_rho0.3_strongly-corr_seed4.pcf,hfma,0,971789,479
random_n700_rho0.3_strongly-corr_seed4.pcf,dhfma,0,1063578,479
random_n700_rho0.3_strongly-corr_seed4.pcf,hfma,1,832125,479
random_n700_rho0.3_strongly-corr_seed4.pcf,dhfma,1,909517,479
random_n700_rho0.3_strongly-corr_seed4.pcf,hfma,2,800811,479
random_n700_rho0.3_strongly-corr_seed4.pcf,dhfma,2,889075,479
random_n700_rho0.3_strongly-corr_seed5.pcf,hfma,0,951625,465
random_n700_rho0.3_strongly-corr_seed5.pcf,dhfma,0,1052063,465
random_n700_rho0.3_strongly-corr_seed5.pcf,hfma,1,802354,465
random_n700_rho0.3_strongly-corr_seed5.pcf,dhfma,1,871476,465
random_n700_rho0.3_strongly-corr_seed5.pcf,hfma,2,203867,465
random_n700_rho0.3_strongly-corr_seed5.pcf,dhfma,2,241745,465
random_n700_rho0.3_strongly-corr_seed6.pcf,hfma,0,1221646,457
random_n700_rho0.3_strongly-corr_seed6.pcf,dhfma,0,1289423,457
random_n700_rho0.3_strongly-corr_seed6.pcf,hfma,1,993067,457
random_n700_rho0.3_strongly-corr_seed6.pcf,dhfma,1,1029448,457
random_n700_rho0.3_strongly-corr_seed6.pcf,hfma,2,845779,457
random_n700_rho0.3_strongly-corr_seed6.pcf,dhfma,2,919470,457
random_n700_rho0.3_strongly-corr_seed7.pcf,hfma,0,1097499,458
random_n700_rho0.3_strongly-corr_seed7.pcf,dhfma,0,1169564,458
random_n700_rho0.3_strongly-corr_seed7.pcf,hfma,1,891238,458
random_n700_rho0.3_strongly-corr_seed7.pcf,dhfma,1,1025516,458
random_n700_rho0.3_strongly-corr_seed7.pcf,hfma,2,844793,458
random_n700_rho0.3_strongly-corr_seed7.pcf,dhfma,2,1015317,458
random_n700_rho0.3_strongly-corr_seed8.pcf,hfma,0,1261814,460
random_n700_rho0.3_strongly-corr_seed8.pcf,dhfma,0,994050,460
random_n700_rho0.3_strongly-corr_seed8.pcf,hfma,1,922142,460
random_n700_rho0.3_strongly-corr_seed8.pcf,dhfma,1,1041772,460
random_n700_rho0.3_strongly-corr_seed8.pcf,hfma,2,877981,460
random_n700_rho0.3_strongly-corr_seed8.pcf,dhfma,2,975357,460
random_n700_rho0.3_strongly-corr_seed9.pcf,hfma,0,1093818,462
random_n700_rho0.3_strongly-corr_seed9.pcf,dhfma,0,1009703,462
random_n700_rho0.3_strongly-corr_seed9.pcf,hfma,1,851275,462
random_n700_rho0.3_strongly-corr_seed9.pcf,dhfma,1,1022937,462
random_n700_rho0.3_strongly-corr_seed9.pcf,hfma,2,914884,462
random_n700_rho0.3_strongly-corr_seed9.pcf,dhfma,2,1056214,462
random_n700_rho0.3_uncorr-neg_seed0.pcf,hfma,0,1071923,593
random_n700_rho0.3_uncorr-neg_seed0.pcf,dhfma,0,1044637,593
random_n700_rho0.3_uncorr-neg_seed0.pcf,hfma,1,942639,593
random_n700_rho0.3_uncorr-neg_seed0.pcf,dhfma,1,1133733,593
random_n700_rho0.3_uncorr-neg_seed0.pcf,hfma,2,869482,593
random_n700_rho0.3_uncorr-neg_seed0.pcf,dhfma,2,1162130,593
random_n700_rho0.3_uncorr-neg_seed1.pcf,hfma,0,1274921,594
random_n700_rho0.3_uncorr-neg_seed1.pcf,dhfma,0,1305242,594
random_n700_rho0.3_uncorr-neg_seed1.pcf,hfma,1,854297,594
random_n700_rho0.3_uncorr-neg_seed1.pcf,dhfma,1,1075207,594
random_n700_rho0.3_uncorr-neg_seed1.pcf,hfma,2,501811,594
random_n700_rho0.3_uncorr-neg_seed1.pcf,dhfma,2,645810,594
random_n700_rho0.3_uncorr-neg_seed2.pcf,hfma,0,747294,585
random_n700_rho0.3_uncorr-neg_seed2.pcf,dhfma,0,549452,585
random_n700_rho0.3_uncorr-neg_seed2.pcf,hfma,1,435075,585
random_n700_rho0.3_uncorr-neg_seed2.pcf,dhfma,1,530338,585
random_n700_rho0.3_uncorr-neg_seed2.pcf,hfma,2,476860,585
random_n700_rho0.3_uncorr-neg_seed2.pcf,dhfma,2,581616,585
random_n700_rho0.3_uncorr-neg_seed3.pcf,hfma,0,716784,590
random_n700_rho0.3_uncorr-neg_seed3.pcf,dhfma,0,763231,590
random_n700_rho0.3_uncorr-neg_seed3.pcf,hfma,1,512861,590
random_n700_rho0.3_uncorr-neg_seed3.pcf,dhfma,1,588878,590
random_n700_rho0.3_uncorr-neg_seed3.pcf,hfma,2,437353,590
random_n700_rho0.3_uncorr-neg_seed3.pcf,dhfma,2,508011,590
random_n700_rho0.3_uncorr-neg_seed4.pcf,hfma,0,394539,589
random_n700_rho0.3_uncorr-neg_seed4.pcf,dhfma,0,439405,589
random_n700_rho0.3_uncorr-neg_seed4.pcf,hfma,1,309581,589
random_n700_rho0.3_uncorr-neg_seed4.pcf,dhfma,1,400097,589
random_n700_rho0.3_uncorr-neg_seed4.pcf,hfma,2,265232,589
random_n700_rho0.3_uncorr-neg_seed4.pcf,dhfma,2,292920,589
random_n700_rho0.3_uncorr-neg_seed5.pcf,hfma,0,319967,589
random_n700_rho0.3_uncorr-neg_seed5.pcf,dhfma,0,346478,589
random_n700_rho0.3_uncorr-neg_seed5.pcf,hfma,1,271843,589
random_n700_rho0.3_uncorr-neg_seed5.pcf,dhfma,1,330047,589
random_n700_rho0.3_uncorr-neg_seed5.pcf,hfma,2,264498,589
random_n700_rho0.3_uncorr-neg_seed5.pcf,dhfma,2,328562,589
random_n700_rho0.3_uncorr-neg_seed6.pcf,hfma,0,373558,606
random_n700_rho0.3_uncorr-neg_seed6.pcf,dhfma,0,438723,606
random_n700_rho0.3_uncorr-neg_seed6.pcf,hfma,1,317434,606
random_n700_rho0.3_uncorr-neg_seed6.pcf,dhfma,1,404101,606
random_n700_rho0.3_uncorr-neg_seed6.pcf,hfma,2,251419,606
random_n700_rho0.3_uncorr-neg_seed6.pcf,dhfma,2,279413,606
random_n700_rho0.3_uncorr-neg_seed7.pcf,hfma,0,383044,581
random_n700_rho0.3_uncorr-neg_seed7.pcf,dhfma,0,440002,581
random_n700_rho0.3_uncorr-neg_seed7.pcf,hfma,1,329180,581
random_n700_rho0.3_uncorr-neg_seed7.pcf,dhfma,1,411874,581
random_n700_rho0.3_uncorr-neg_seed7.pcf,hfma,2,321509,581
random_n700_rho0.3_uncorr-neg_seed7.pcf,dhfma,2,411348,581
random_n700_rho0.3_uncorr-neg_seed8.pcf,hfma,0,385600,589
random_n700_rho0.3_uncorr-neg_seed8.pcf,dhfma,0,442354,589
random_n700_rho0.3_uncorr-neg_seed8.pcf,hfma,1,335488,589
random_n700_rho0.3_uncorr-neg_seed8.pcf,dhfma,1,429168,589
random_n700_rho0.3_uncorr-neg_seed8.pcf,hfma,2,331212,589
random_n700_rho0.3_uncorr-neg_seed8.pcf,dhfma,2,419734,589
random_n700_rho0.3_uncorr-neg_seed9.pcf,hfma,0,395226,583
random_n700_rho0.3_uncorr-neg_seed9.pcf,dhfma,0,466646,583
random_n700_rho0.3_uncorr-neg_seed9.pcf,hfma,1,339950,583
random_n700_rho0.3_uncorr-neg_seed9.pcf,dhfma,1,439336,583
random_n700_rho0.3_uncorr-neg_seed9.pcf,hfma,2,334002,583
random_n700_rho0.3_uncorr-neg_seed9.pcf,dhfma,2,424465,583
random_n700_rho0.3_uncorr_seed0.pcf,hfma,0,255858,584
random_n700_rho0.3_uncorr_seed0.pcf,dhfma,0,279350,584
random_n700_rho0.3_uncorr_seed0.pcf,hfma,1,218276,584
random_n700_rho0.3_uncorr_seed0.pcf,dhfma,1,271466,584
random_n700_rho0.3_uncorr_seed0.pcf,hfma,2,225885,584
random_n700_rho0.3_uncorr_seed0.pcf,dhfma,2,262202,584
random_n700_rho0.3_uncorr_seed1.pcf,hfma,0,395267,602
random_n700_rho0.3_uncorr_seed1.pcf,dhfma,0,447490,602
random_n700_rho0.3_uncorr_seed1.pcf,hfma,1,339052,602
random_n700_rho0.3_uncorr_seed1.pcf,dhfma,1,419835,602
random_n700_rho0.3_uncorr_seed1.pcf,hfma,2,330953,602
random_n700_rho0.3_uncorr_seed1.pcf,dhfma,2,414842,602
random_n700_rho0.3_uncorr_seed2.pcf,hfma,0,381508,601
random_n700_rho0.3_uncorr_seed2.pcf,dhfma,0,436395,601
random_n700_rho0.3_uncorr_seed2.pcf,hfma,1,398427,601
random_n700_rho0.3_uncorr_seed2.pcf,dhfma,1,281484,601
random_n700_rho0.3_uncorr_seed2.pcf,hfma,2,223561,601
random_n700_rho0.3_uncorr_seed2.pcf,dhfma,2,259339,601
random_n700_rho0.3_uncorr_seed3.pcf,hfma,0,272656,599
random_n700_rho0.3_uncorr_seed3.pcf,dhfma,0,310041,599
random_n700_rho0.3_uncorr_seed3.pcf,hfma,1,235725,599
random_n700_rho0.3_uncorr_seed3.pcf,dhfma,1,304435,599
random_n700_rho0.3_uncorr_seed3.pcf,hfma,2,246023,599
random_n700_rho0.3_uncorr_seed3.pcf,dhfma,2,322223,599
random_n700_rho0.3_uncorr_seed4.pcf,hfma,0,480643,603
random_n700_rho0.3_uncorr_seed4.pcf,dhfma,0,585945,603
random_n700_rho0.3_uncorr_seed4.pcf,hfma,1,455813,603
random_n700_rho0.3_uncorr_seed4.pcf,dhfma,1,631453,603
random_n700_rho0.3_uncorr_seed4.pcf,hfma,2,488011,603
random_n700_rho0.3_uncorr_seed4.pcf,dhfma,2,677455,603
random_n700_rho0.3_uncorr_seed5.pcf,hfma,0,626779,599
random_n700_rho0.3_uncorr_seed5.pcf,dhfma,0,692348,599
random_n700_rho0.3_uncorr_seed5.pcf,hfma,1,486866,599
random_n700_rho0.3_uncorr_seed5.pcf,dhfma,1,593726,599
random_n700_rho0.3_uncorr_seed5.pcf,hfma,2,424358,599
random_n700_rho0.3_uncorr_seed5.pcf,dhfma,2,533394,599
random_n700_rho0.3_uncorr_seed6.pcf,hfma,0,498054,581
random_n700_rho0.3_uncorr_seed6.pcf,dhfma,0,601510,581
random_n700_rho0.3_uncorr_seed6.pcf,hfma,1,476193,581
random_n700_rho0.3_uncorr_seed6.pcf,dhfma,1,642063,581
random_n700_rho0.3_uncorr_seed6.pcf,hfma,2,521385,581
random_n700_rho0.3_uncorr_seed6.pcf,dhfma,2,730334,581
random_n700_rho0.3_uncorr_seed7.pcf,hfma,0,485168,594
random_n700_rho0.3_uncorr_seed7.pcf,dhfma,0,528082,594
random_n700_rho0.3_uncorr_seed7.pcf,hfma,1,395556,594
random_n700_rho0.3_uncorr_seed7.pcf,dhfma,1,517901,594
random_n700_rho0.3_uncorr_seed7.pcf,hfma,2,443683,594
random_n700_rho0.3_uncorr_seed7.pcf,dhfma,2,563831,594
random_n700_rho0.3_uncorr_seed8.pcf,hfma,0,809610,601
random_n700_rho0.3_uncorr_seed8.pcf,dhfma,0,839783,601
random_n700_rho0.3_uncorr_seed8.pcf,hfma,1,618219,601
random_n700_rho0.3_uncorr_seed8.pcf,dhfma,1,507908,601
random_n700_rho0.3_uncorr_seed8.pcf,hfma,2,392436,601
random_n700_rho0.3_uncorr_seed8.pcf,dhfma,2,487300,601
random_n700_rho0.3_uncorr_seed9.pcf,hfma,0,481792,568
random_n700_rho0.3_uncorr_seed9.pcf,dhfma,0,571779,568
random_n700_rho0.3_uncorr_seed9.pcf,hfma,1,446201,568
random_n700_rho0.3_uncorr_seed9.pcf,dhfma,1,561128,568
random_n700_rho0.3_uncorr_seed9.pcf,hfma,2,473882,568
random_n700_rho0.3_uncorr_seed9.pcf,dhfma,2,600101,568
random_n700_rho0.3_weakly-corr-neg_seed0.pcf,hfma,0,797007,590
random_n700_rho0.3_weakly-corr-neg_seed0.pcf,dhfma,0,589016,590
random_n700_rho0.3_weakly-corr-neg_seed0.pcf,hfma,1,458937,590
random_n700_rho0.3_weakly-corr-neg_seed0.pcf,dhfma,1,522238,590
random_n700_rho0.3_weakly-corr-neg_seed0.pcf,hfma,2,634393,590
random_n700_rho0.3_weakly-corr-neg_seed0.pcf,dhfma,2,660548,590
random_n700_rho0.3_weakly-corr-neg_seed1.pcf,hfma,0,743826,606
random_n700_rho0.3_weakly-corr-neg_seed1.pcf,dhfma,0,777697,606
random_n700_rho0.3_weakly-corr-neg_seed1.pcf,hfma,1,532047,606
random_n700_rho0.3_weakly-corr-neg_seed1.pcf,dhfma,1,618941,606
random_n700_rho0.3_weakly-corr-neg_seed1.pcf,hfma,2,494982,606
random_n700_rho0.3_weakly-corr-neg_seed1.pcf,dhfma,2,385858,606
random_n700_rho0.3_weakly-corr-neg_seed2.pcf,hfma,0,313924,592
random_n700_rho0.3_weakly-corr-neg_seed2.pcf,dhfma,0,379059,592
random_n700_rho0.3_weakly-corr-neg_seed2.pcf,hfma,1,281247,592
random_n700_rho0.3_weakly-corr-neg_seed2.pcf,dhfma,1,363390,592
random_n700_rho0.3_weakly-corr-neg_seed2.pcf,hfma,2,300562,592
random_n700_rho0.3_weakly-corr-neg_seed2.pcf,dhfma,2,392605,592
random_n700_rho0.3_weakly-corr-neg_seed3.pcf,hfma,0,517918,604
random_n700_rho0.3_weakly-corr-neg_seed3.pcf,dhfma,0,569791,604
random_n700_rho0.3_weakly-corr-neg_seed3.pcf,hfma,1,380571,604
random_n700_rho0.3_weakly-corr-neg_seed3.pcf,dhfma,1,450059,604
random_n700_rho0.3_weakly-corr-neg_seed3.pcf,hfma,2,353222,604
random_n700_rho0.3_weakly-corr-neg_seed3.pcf,dhfma,2,405871,604
random_n700_rho0.3_weakly-corr-neg_seed4.pcf,hfma,0,417508,592
random_n700_rho0.3_weakly-corr-neg_seed4.pcf,dhfma,0,494071,592
random_n700_rho0.3_weakly-corr-neg_seed4.pcf,hfma,1,384928,592
random_n700_rho0.3_weakly-corr-neg_seed4.pcf,dhfma,1,526383,592
random_n700_rho0.3_weakly-corr-neg_seed4.pcf,hfma,2,422034,592
random_n700_rho0.3_weakly-corr-neg_seed4.pcf,dhfma,2,571765,592
random_n700_rho0.3_weakly-corr-neg_seed5.pcf,hfma,0,447518,581
random_n700_rho0.3_weakly-corr-neg_seed5.pcf,dhfma,0,511442,581
random_n700_rho0.3_weakly-corr-neg_seed5.pcf,hfma,1,430676,581
random_n700_rho0.3_weakly-corr-neg_seed5.pcf,dhfma,1,491685,581
random_n700_rho0.3_weakly-corr-neg_seed5.pcf,hfma,2,454782,581
random_n700_rho0.3_weakly-corr-neg_seed5.pcf,dhfma,2,534020,581
random_n700_rho0.3_weakly-corr-neg_seed6.pcf,hfma,0,444057,596
random_n700_rho0.3_weakly-corr-neg_seed6.pcf,dhfma,0,549987,596
random_n700_rho0.3_weakly-corr-neg_seed6.pcf,hfma,1,415172,596
random_n700_rho0.3_weakly-corr-neg_seed6.pcf,dhfma,1,558951,596
random_n700_rho0.3_weakly-corr-neg_seed6.pcf,hfma,2,442415,596
random_n700_rho0.3_weakly-corr-neg_seed6.pcf,dhfma,2,598699,596
random_n700_rho0.3_weakly-corr-neg_seed7.pcf,hfma,0,771847,599
random_n700_rho0.3_weakly-corr-neg_seed7.pcf,dhfma,0,833980,599
random_n700_rho0.3_weakly-corr-neg_seed7.pcf,hfma,1,573024,599
random_n700_rho0.3_weakly-corr-neg_seed7.pcf,dhfma,1,676328,599
random_n700_rho0.3_weakly-corr-neg_seed7.pcf,hfma,2,475591,599
random_n700_rho0.3_weakly-corr-neg_seed7.pcf,dhfma,2,585719,599
random_n700_rho0.3_weakly-corr-neg_seed8.pcf,hfma,0,607311,592
random_n700_rho0.3_weakly-corr-neg_seed8.pcf,dhfma,0,593894,592
random_n700_rho0.3_weakly-corr-neg_seed8.pcf,hfma,1,418114,592
random_n700_rho0.3_weakly-corr-neg_seed8.pcf,dhfma,1,497931,592
random_n700_rho0.3_weakly-corr-neg_seed8.pcf,hfma,2,414814,592
random_n700_rho0.3_weakly-corr-neg_seed8.pcf,dhfma,2,597241,592
random_n700_rho0.3_weakly-corr-neg_seed9.pcf,hfma,0,1139256,583
random_n700_rho0.3_weakly-corr-neg_seed9.pcf,dhfma,0,1389084,583
random_n700_rho0.3_weakly-corr-neg_seed9.pcf,hfma,1,1091455,583
random_n700_rho0.3_weakly-corr-neg_seed9.pcf,dhfma,1,1264491,583
random_n700_rho0.3_weakly-corr-neg_seed9.pcf,hfma,2,878116,583
random_n700_rho0.3_weakly-corr-neg_seed9.pcf,dhfma,2,1062332,583
random_n700_rho0.3_weakly-corr_seed0.pcf,hfma,0,664787,593
random_n700_rho0.3_weakly-corr_seed0.pcf,dhfma,0,695161,593
random_n700_rho0.3_weakly-corr_seed0.pcf,hfma,1,483943,593
random_n700_rho0.3_weakly-corr_seed0.pcf,dhfma,1,582409,593
random_n700_rho0.3_weakly-corr_seed0.pcf,hfma,2,413153,593
random_n700_rho0.3_weakly-corr_seed0.pcf,dhfma,2,500856,593
random_n700_rho0.3_weakly-corr_seed1.pcf,hfma,0,337933,590
random_n700_rho0.3_weakly-corr_seed1.pcf,dhfma,0,379865,590
random_n700_rho0.3_weakly-corr_seed1.pcf,hfma,1,292388,590
random_n700_rho0.3_weakly-corr_seed1.pcf,dhfma,1,378069,590
random_n700_rho0.3_weakly-corr_seed1.pcf,hfma,2,306673,590
random_n700_rho0.3_weakly-corr_seed1.pcf,dhfma,2,406585,590
random_n700_rho0.3_weakly-corr_seed2.pcf,hfma,0,803314,585
random_n700_rho0.3_weakly-corr_seed2.pcf,dhfma,0,972681,585
random_n700_rho0.3_weakly-corr_seed2.pcf,hfma,1,828691,585
random_n700_rho0.3_weakly-corr_seed2.pcf,dhfma,1,1114375,585
random_n700_rho0.3_weakly-corr_seed2.pcf,hfma,2,916290,585
random_n700_rho0.3_weakly-corr_seed2.pcf,dhfma,2,939418,585
random_n700_rho0.3_weakly-corr_seed3.pcf,hfma,0,711531,586
random_n700_rho0.3_weakly-corr_seed3.pcf,dhfma,0,852992,586
random_n700_rho0.3_weakly-corr_seed3.pcf,hfma,1,730973,586
random_n700_rho0.3_weakly-corr_seed3.pcf,dhfma,1,953573,586
random_n700_rho0.3_weakly-corr_seed3.pcf,hfma,2,788835,586
random_n700_rho0.3_weakly-corr_seed3.pcf,dhfma,2,1109765,586
random_n700_rho0.3_weakly-corr_seed4.pcf,hfma,0,1014709,594
random_n700_rho0.3_weakly-corr_seed4.pcf,dhfma,0,1076542,594
random_n700_rho0.3_weakly-corr_seed4.pcf,hfma,1,813770,594
random_n700_rho0.3_weakly-corr_seed4.pcf,dhfma,1,1011010,594
random_n700_rho0.3_weakly-corr_seed4.pcf,hfma,2,862923,594
random_n700_rho0.3_weakly-corr_seed4.pcf,dhfma,2,1052725,594
random_n700_rho0.3_weakly-corr_seed5.pcf,hfma,0,1098049,594
random_n700_rho0.3_weakly-corr_seed5.pcf,dhfma,0,1155326,594
random_n700_rho0.3_weakly-corr_seed5.pcf,hfma,1,842139,594
random_n700_rho0.3_weakly-corr_seed5.pcf,dhfma,1,1052708,594
random_n700_rho0.3_weakly-corr_seed5.pcf,hfma,2,868843,594
random_n700_rho0.3_weakly-corr_seed5.pcf,dhfma,2,426671,594
random_n700_rho0.3_weakly-corr_seed6.pcf,hfma,0,1090024,591
random_n700_rho0.3_weakly-corr_seed6.pcf,dhfma,0,1294900,591
random_n700_rho0.3_weakly-corr_seed6.pcf,hfma,1,895823,591
random_n700_rho0.3_weakly-corr_seed6.pcf,dhfma,1,987399,591
random_n700_rho0.3_weakly-corr_seed6.pcf,hfma,2,809695,591
random_n700_rho0.3_weakly-corr_seed6.pcf,dhfma,2,1121657,591
random_n700_rho0.3_weakly-corr_seed7.pcf,hfma,0,1110130,603
random_n700_rho0.3_weakly-corr_seed7.pcf,dhfma,0,957007,603
random_n700_rho0.3_weakly-corr_seed7.pcf,hfma,1,714200,603
random_n700_rho0.3_weakly-corr_seed7.pcf,dhfma,1,937067,603
random_n700_rho0.3_weakly-corr_seed7.pcf,hfma,2,828977,603
random_n700_rho0.3_weakly-corr_seed7.pcf,dhfma,2,1081989,603
random_n700_rho0.3_weakly-corr_seed8.pcf,hfma,0,1104808,586
random_n700_rho0.3_weakly-corr_seed8.pcf,dhfma,0,1147438,586
random_n700_rho0.3_weakly-corr_seed8.pcf,hfma,1,706590,586
random_n700_rho0.3_weakly-corr_seed8.pcf,dhfma,1,732570,586
random_n700_rho0.3_weakly-corr_seed8.pcf,hfma,2,574264,586
random_n700_rho0.3_weakly-corr_seed8.pcf,dhfma,2,731705,586
random_n700_rho0.3_weakly-corr_seed9.pcf,hfma,0,854277,593
random_n700_rho0.3_weakly-corr_seed9.pcf,dhfma,0,1049177,593
random_n700_rho0.3_weakly-corr_seed9.pcf,hfma,1,878738,593
random_n700_rho0.3_weakly-corr_seed9.pcf,dhfma,1,1065861,593
random_n700_rho0.3_weakly-corr_seed9.pcf,hfma,2,846036,593
random_n700_rho0.3_weakly-corr_seed9.pcf,dhfma,2,1051080,593
random_n700_rho0.6_strongly-corr-neg_seed0.pcf,hfma,0,2241918,440
random_n700_rho0.6_strongly-corr-neg_seed0.pcf,dhfma,0,2360712,440
random_n700_rho0.6_strongly-corr-neg_seed0.pcf,hfma,1,2207764,440
random_n700_rho0.6_strongly-corr-neg_seed0.pcf,dhfma,1,2191630,440
random_n700_rho0.6_strongly-corr-neg_seed0.pcf,hfma,2,2215141,440
random_n700_rho0.6_strongly-corr-neg_seed0.pcf,dhfma,2,2348037,440
random_n700_rho0.6_strongly-corr-neg_seed1.pcf,hfma,0,2111497,431
random_n700_rho0.6_strongly-corr-neg_seed1.pcf,dhfma,0,2173618,431
random_n700_rho0.6_strongly-corr-neg_seed1.pcf,hfma,1,1901802,431
random_n700_rho0.6_strongly-corr-neg_seed1.pcf,dhfma,1,1664519,431
random_n700_rho0.6_strongly-corr-neg_seed1.pcf,hfma,2,1305018,431
random_n700_rho0.6_strongly-corr-neg_seed1.pcf,dhfma,2,1176743,431
random_n700_rho0.6_strongly-corr-neg_seed2.pcf,hfma,0,1275820,459
random_n700_rho0.6_strongly-corr-neg_seed2.pcf,dhfma,0,1398297,459
random_n700_rho0.6_strongly-corr-neg_seed2.pcf,hfma,1,1619159,459
random_n700_rho0.6_strongly-corr-neg_seed2.pcf,dhfma,1,1808863,459
random_n700_rho0.6_strongly-corr-neg_seed2.pcf,hfma,2,1742837,459
random_n700_rho0.6_strongly-corr-neg_seed2.pcf,dhfma,2,1436905,459
random_n700_rho0.6_strongly-corr-neg_seed3.pcf,hfma,0,1878400,451
random_n700_rho0.6_strongly-corr-neg_seed3.pcf,dhfma,0,1814712,451
random_n700_rho0.6_strongly-corr-neg_seed3.pcf,hfma,1,1806119,451
random_n700_rho0.6_strongly-corr-neg_seed3.pcf,dhfma,1,1975422,451
random_n700_rho0.6_strongly-corr-neg_seed3.pcf,hfma,2,1814630,451
random_n700_rho0.6_strongly-corr-neg_seed3.pcf,dhfma,2,1885458,451
random_n700_rho0.6_strongly-corr-neg_seed4.pcf,hfma,0,2111370,456
random_n700_rho0.6_strongly-corr-neg_seed4.pcf,dhfma,0,2353588,456
random_n700_rho0.6_strongly-corr-neg_seed4.pcf,hfma,1,1538536,456
random_n700_rho0.6_strongly-corr-neg_seed4.pcf,dhfma,1,1895496,456
random_n700_rho0.6_strongly-corr-neg_seed4.pcf,hfma,2,1645331,456
random_n700_rho0.6_strongly-corr-neg_seed4.pcf,dhfma,2,1969090,456
random_n700_rho0.6_strongly-corr-neg_seed5.pcf,hfma,0,1686418,448
random_n700_rho0.6_strongly-corr-neg_seed5.pcf,dhfma,0,1844133,448
random_n700_rho0.6_strongly-corr-neg_seed5.pcf,hfma,1,1006102,448
random_n700_rho0.6_strongly-corr-neg_seed5.pcf,dhfma,1,441039,448
random_n700_rho0.6_strongly-corr-neg_seed5.pcf,hfma,2,367113,448
random_n700_rho0.6_strongly-corr-neg_seed5.pcf,dhfma,2,421859,448
random_n700_rho0.6_strongly-corr-neg_seed6.pcf,hfma,0,1994713,449
random_n700_rho0.6_strongly-corr-neg_seed6.pcf,dhfma,0,2053710,449
random_n700_rho0.6_strongly-corr-neg_seed6.pcf,hfma,1,1815527,449
random_n700_rho0.6_strongly-corr-neg_seed6.pcf,dhfma,1,1908746,449
random_n700_rho0.6_strongly-corr-neg_seed6.pcf,hfma,2,1771831,449
random_n700_rho0.6_strongly-corr-neg_seed6.pcf,dhfma,2,1860869,449
random_n700_rho0.6_strongly-corr-neg_seed7.pcf,hfma,0,2616660,448
random_n700_rho0.6_strongly-corr-neg_seed7.pcf,dhfma,0,2670369,448
random_n700_rho0.6_strongly-corr-neg_seed7.pcf,hfma,1,1570702,448
random_n700_rho0.6_strongly-corr-neg_seed7.pcf,dhfma,1,1537325,448
random_n700_rho0.6_strongly-corr-neg_seed7.pcf,hfma,2,1727639,448
random_n700_rho0.6_strongly-corr-neg_seed7.pcf,dhfma,2,1966408,448
random_n700_rho0.6_strongly-corr-neg_seed8.pcf,hfma,0,1970118,451
random_n700_rho0.6_strongly-corr-neg_seed8.pcf,dhfma,0,1864722,451
random_n700_rho0.6_strongly-corr-neg_seed8.pcf,hfma,1,964584,451
random_n700_rho0.6_strongly-corr-neg_seed8.pcf,dhfma,1,1187411,451
random_n700_rho0.6_strongly-corr-neg_seed8.pcf,hfma,2,1111353,451
random_n700_rho0.6_strongly-corr-neg_seed8.pcf,dhfma,2,1442116,451
random_n700_rho0.6_strongly-corr-neg_seed9.pcf,hfma,0,1432672,446
random_n700_rho0.6_strongly-corr-neg_seed9.pcf,dhfma,0,1873109,446
random_n700_rho0.6_strongly-corr-neg_seed9.pcf,hfma,1,1680052,446
random_n700_rho0.6_strongly-corr-neg_seed9.pcf,dhfma,1,1728095,446
random_n700_rho0.6_strongly-corr-neg_seed9.pcf,hfma,2,1568314,446
random_n700_rho0.6_strongly-corr-neg_seed9.pcf,dhfma,2,1684549,446
random_n700_rho0.6_strongly-corr_seed0.pcf,hfma,0,1764135,400
random_n700_rho0.6_strongly-corr_seed0.pcf,dhfma,0,1826092,400
random_n700_rho0.6_strongly-corr_seed0.pcf,hfma,1,1740865,400
random_n700_rho0.6_strongly-corr_seed0.pcf,dhfma,1,1721184,400
random_n700_rho0.6_strongly-corr_seed0.pcf,hfma,2,1648378,400
random_n700_rho0.6_strongly-corr_seed0.pcf,dhfma,2,1562548,400
random_n700_rho0.6_strongly-corr_seed1.pcf,hfma,0,2273253,405
random_n700_rho0.6_strongly-corr_seed1.pcf,dhfma,0,2521033,405
random_n700_rho0.6_strongly-corr_seed1.pcf,hfma,1,2323187,405
random_n700_rho0.6_strongly-corr_seed1.pcf,dhfma,1,2575112,405
random_n700_rho0.6_strongly-corr_seed1.pcf,hfma,2,2032671,405
random_n700_rho0.6_strongly-corr_seed1.pcf,dhfma,2,1838373,405
random_n700_rho0.6_strongly-corr_seed2.pcf,hfma,0,2244376,414
random_n700_rho0.6_strongly-corr_seed2.pcf,dhfma,0,2149404,414
random_n700_rho0.6_strongly-corr_seed2.pcf,hfma,1,1507485,414
random_n700_rho0.6_strongly-corr_seed2.pcf,dhfma,1,1382920,414
random_n700_rho0.6_strongly-corr_seed2.pcf,hfma,2,1081497,414
random_n700_rho0.6_strongly-corr_seed2.pcf,dhfma,2,989939,414
random_n700_rho0.6_strongly-corr_seed3.pcf,hfma,0,1494802,427
random_n700_rho0.6_strongly-corr_seed3.pcf,dhfma,0,1990782,427
random_n700_rho0.6_strongly-corr_seed3.pcf,hfma,1,1535064,427
random_n700_rho0.6_strongly-corr_seed3.pcf,dhfma,1,1815648,427
random_n700_rho0.6_strongly-corr_seed3.pcf,hfma,2,1836372,427
random_n700_rho0.6_strongly-corr_seed3.pcf,dhfma,2,2168104,427
random_n700_rho0.6_strongly-corr_seed4.pcf,hfma,0,2203453,427
random_n700_rho0.6_strongly-corr_seed4.pcf,dhfma,0,2237505,427
random_n700_rho0.6_strongly-corr_seed4.pcf,hfma,1,1998065,427
random_n700_rho0.6_strongly-corr_seed4.pcf,dhfma,1,2009770,427
random_n700_rho0.6_strongly-corr_seed4.pcf,hfma,2,1771191,427
random_n700_rho0.6_strongly-corr_seed4.pcf,dhfma,2,1893932,427
random_n700_rho0.6_strongly-corr_seed5.pcf,hfma,0,1887834,433
random_n700_rho0.6_strongly-corr_seed5.pcf,dhfma,0,2059540,433
random_n700_rho0.6_strongly-corr_seed5.pcf,hfma,1,1965388,433
random_n700_rho0.6_strongly-corr_seed5.pcf,dhfma,1,1898465,433
random_n700_rho0.6_strongly-corr_seed5.pcf,hfma,2,1566936,433
random_n700_rho0.6_strongly-corr_seed5.pcf,dhfma,2,1330689,433
random_n700_rho0.6_strongly-corr_seed6.pcf,hfma,0,2064373,396
random_n700_rho0.6_strongly-corr_seed6.pcf,dhfma,0,2220160,396
random_n700_rho0.6_strongly-corr_seed6.pcf,hfma,1,1729606,396
random_n700_rho0.6_strongly-corr_seed6.pcf,dhfma,1,2085990,396
random_n700_rho0.6_strongly-corr_seed6.pcf,hfma,2,1878911,396
random_n700_rho0.6_strongly-corr_seed6.pcf,dhfma,2,1238563,396
random_n700_rho0.6_strongly-corr_seed7.pcf,hfma,0,2369886,435
random_n700_rho0.6_strongly-corr_seed7.pcf,dhfma,0,1823991,435
random_n700_rho0.6_strongly-corr_seed7.pcf,hfma,1,1810819,435
random_n700_rho0.6_strongly-corr_seed7.pcf,dhfma,1,1931107,435
random_n700_rho0.6_strongly-corr_seed7.pcf,hfma,2,1576356,435
random_n700_rho0.6_strongly-corr_seed7.pcf,dhfma,2,1806177,435
random_n700_rho0.6_strongly-corr_seed8.pcf,hfma,0,2221107,396
random_n700_rho0.6_strongly-corr_seed8.pcf,dhfma,0,2258846,396
random_n700_rho0.6_strongly-corr_seed8.pcf,hfma,1,2111570,396
random_n700_rho0.6_strongly-corr_seed8.pcf,dhfma,1,2285914,396
random_n700_rho0.6_strongly-corr_seed8.pcf,hfma,2,2135058,396
random_n700_rho0.6_strongly-corr_seed8.pcf,dhfma,2,2215488,396
random_n700_rho0.6_strongly-corr_seed9.pcf,hfma,0,2454084,402
random_n700_rho0.6_strongly-corr_seed9.pcf,dhfma,0,2195526,402
random_n700_rho0.6_strongly-corr_seed9.pcf,hfma,1,1867571,402
random_n700_rho0.6_strongly-corr_seed9.pcf,dhfma,1,1651497,402
random_n700_rho0.6_strongly-corr_seed9.pcf,hfma,2,1334344,402
random_n700_rho0.6_strongly-corr_seed9.pcf,dhfma,2,1134669,402
random_n700_rho0.6_uncorr-neg_seed0.pcf,hfma,0,2087412,486
random_n700_rho0.6_uncorr-neg_seed0.pcf,dhfma,0,1722300,486
random_n700_rho0.6_uncorr-neg_seed0.pcf,hfma,1,1774638,486
random_n700_rho0.6_uncorr-neg_seed0.pcf,dhfma,1,1863565,486
random_n700_rho0.6_uncorr-neg_seed0.pcf,hfma,2,1837696,486
random_n700_rho0.6_uncorr-neg_seed0.pcf,dhfma,2,1958877,486
random_n700_rho0.6_uncorr-neg_seed1.pcf,hfma,0,2360967,484
random_n700_rho0.6_uncorr-neg_seed1.pcf,dhfma,0,2530252,484
random_n700_rho0.6_uncorr-neg_seed1.pcf,hfma,1,2313958,484
random_n700_rho0.6_uncorr-neg_seed1.pcf,dhfma,1,2442749,484
random_n700_rho0.6_uncorr-neg_seed1.pcf,hfma,2,2315539,484
random_n700_rho0.6_uncorr-neg_seed1.pcf,dhfma,2,2263977,484
random_n700_rho0.6_uncorr-neg_seed2.pcf,hfma,0,2298437,486
random_n700_rho0.6_uncorr-neg_seed2.pcf,dhfma,0,2549113,486
random_n700_rho0.6_uncorr-neg_seed2.pcf,hfma,1,2319278,486
random_n700_rho0.6_uncorr-neg_seed2.pcf,dhfma,1,2595822,486
random_n700_rho0.6_uncorr-neg_seed2.pcf,hfma,2,2342918,486
random_n700_rho0.6_uncorr-neg_seed2.pcf,dhfma,2,2338286,486
random_n700_rho0.6_uncorr-neg_seed3.pcf,hfma,0,2368850,479
random_n700_rho0.6_uncorr-neg_seed3.pcf,dhfma,0,2655538,479
random_n700_rho0.6_uncorr-neg_seed3.pcf,hfma,1,2081399,479
random_n700_rho0.6_uncorr-neg_seed3.pcf,dhfma,1,2136816,479
random_n700_rho0.6_uncorr-neg_seed3.pcf,hfma,2,1784997,479
random_n700_rho0.6_uncorr-neg_seed3.pcf,dhfma,2,1794547,479
random_n700_rho0.6_uncorr-neg_seed4.pcf,hfma,0,2098440,494
random_n700_rho0.6_uncorr-neg_seed4.pcf,dhfma,0,2144425,494
random_n700_rho0.6_uncorr-neg_seed4.pcf,hfma,1,1728901,494
random_n700_rho0.6_uncorr-neg_seed4.pcf,dhfma,1,2077218,494
random_n700_rho0.6_uncorr-neg_seed4.pcf,hfma,2,1920741,494
random_n700_rho0.6_uncorr-neg_seed4.pcf,dhfma,2,2278969,494
random_n700_rho0.6_uncorr-neg_seed5.pcf,hfma,0,2016055,477
random_n700_rho0.6_uncorr-neg_seed5.pcf,dhfma,0,2126757,477
random_n700_rho0.6_uncorr-neg_seed5.pcf,hfma,1,1883976,477
random_n700_rho0.6_uncorr-neg_seed5.pcf,dhfma,1,2094233,477
random_n700_rho0.6_uncorr-neg_seed5.pcf,hfma,2,1818664,477
random_n700_rho0.6_uncorr-neg_seed5.pcf,dhfma,2,1583208,477
random_n700_rho0.6_uncorr-neg_seed6.pcf,hfma,0,2590470,518
random_n700_rho0.6_uncorr-neg_seed6.pcf,dhfma,0,2292975,518
random_n700_rho0.6_uncorr-neg_seed6.pcf,hfma,1,1657984,518
random_n700_rho0.6_uncorr-neg_seed6.pcf,dhfma,1,1499125,518
random_n700_rho0.6_uncorr-neg_seed6.pcf,hfma,2,1151015,518
random_n700_rho0.6_uncorr-neg_seed6.pcf,dhfma,2,1099518,518
random_n700_rho0.6_uncorr-neg_seed7.pcf,hfma,0,1946133,466
random_n700_rho0.6_uncorr-neg_seed7.pcf,dhfma,0,2153812,466
random_n700_rho0.6_uncorr-neg_seed7.pcf,hfma,1,2388967,466
random_n700_rho0.6_uncorr-neg_seed7.pcf,dhfma,1,3050771,466
random_n700_rho0.6_uncorr-neg_seed7.pcf,hfma,2,2874117,466
random_n700_rho0.6_uncorr-neg_seed7.pcf,dhfma,2,2394364,466
random_n700_rho0.6_uncorr-neg_seed8.pcf,hfma,0,2347327,506
random_n700_rho0.6_uncorr-neg_seed8.pcf,dhfma,0,2156793,506
random_n700_rho0.6_uncorr-neg_seed8.pcf,hfma,1,1844347,506
random_n700_rho0.6_uncorr-neg_seed8.pcf,dhfma,1,2080822,506
random_n700_rho0.6_uncorr-neg_seed8.pcf,hfma,2,1710561,506
random_n700_rho0.6_uncorr-neg_seed8.pcf,dhfma,2,1713416,506
random_n700_rho0.6_uncorr-neg_seed9.pcf,hfma,0,2052758,500
random_n700_rho0.6_uncorr-neg_seed9.pcf,dhfma,0,2216392,500
random_n700_rho0.6_uncorr-neg_seed9.pcf,hfma,1,1765648,500
random_n700_rho0.6_uncorr-neg_seed9.pcf,dhfma,1,1947229,500
random_n700_rho0.6_uncorr-neg_seed9.pcf,hfma,2,1640326,500
random_n700_rho0.6_uncorr-neg_seed9.pcf,dhfma,2,1708221,500
random_n700_rho0.6_uncorr_seed0.pcf,hfma,0,2339219,488
random_n700_rho0.6_uncorr_seed0.pcf,dhfma,0,2506131,488
random_n700_rho0.6_uncorr_seed0.pcf,hfma,1,2105772,488
random_n700_rho0.6_uncorr_seed0.pcf,dhfma,1,1986052,488
random_n700_rho0.6_uncorr_seed0.pcf,hfma,2,1382576,488
random_n700_rho0.6_uncorr_seed0.pcf,dhfma,2,1371825,488
random_n700_rho0.6_uncorr_seed1.pcf,hfma,0,2224384,489
random_n700_rho0.6_uncorr_seed1.pcf,dhfma,0,2556331,489
random_n700_rho0.6_uncorr_seed1.pcf,hfma,1,1605996,489
random_n700_rho0.6_uncorr_seed1.pcf,dhfma,1,1474241,489
random_n700_rho0.6_uncorr_seed1.pcf,hfma,2,1101391,489
random_n700_rho0.6_uncorr_seed1.pcf,dhfma,2,1071040,489
random_n700_rho0.6_uncorr_seed2.pcf,hfma,0,1543059,501
random_n700_rho0.6_uncorr_seed2.pcf,dhfma,0,2086523,501
random_n700_rho0.6_uncorr_seed2.pcf,hfma,1,1564073,501
random_n700_rho0.6_uncorr_seed2.pcf,dhfma,1,1533314,501
random_n700_rho0.6_uncorr_seed2.pcf,hfma,2,1099803,501
random_n700_rho0.6_uncorr_seed2.pcf,dhfma,2,887706,501
random_n700_rho0.6_uncorr_seed3.pcf,hfma,0,866756,498
random_n700_rho0.6_uncorr_seed3.pcf,dhfma,0,761134,498
random_n700_rho0.6_uncorr_seed3.pcf,hfma,1,750217,498
random_n700_rho0.6_uncorr_seed3.pcf,dhfma,1,848742,498
random_n700_rho0.6_uncorr_seed3.pcf,hfma,2,928710,498
random_n700_rho0.6_uncorr_seed3.pcf,dhfma,2,1007314,498
random_n700_rho0.6_uncorr_seed4.pcf,hfma,0,1213872,492
random_n700_rho0.6_uncorr_seed4.pcf,dhfma,0,1136778,492
random_n700_rho0.6_uncorr_seed4.pcf,hfma,1,817119,492
random_n700_rho0.6_uncorr_seed4.pcf,dhfma,1,752286,492
random_n700_rho0.6_uncorr_seed4.pcf,hfma,2,559554,492
random_n700_rho0.6_uncorr_seed4.pcf,dhfma,2,645821,492
random_n700_rho0.6_uncorr_seed5.pcf,hfma,0,916310,497
random_n700_rho0.6_uncorr_seed5.pcf,dhfma,0,844798,497
random_n700_rho0.6_uncorr_seed5.pcf,hfma,1,683961,497
random_n700_rho0.6_uncorr_seed5.pcf,dhfma,1,774287,497
random_n700_rho0.6_uncorr_seed5.pcf,hfma,2,480366,497
random_n700_rho0.6_uncorr_seed5.pcf,dhfma,2,523364,497
random_n700_rho0.6_uncorr_seed6.pcf,hfma,0,530666,474
random_n700_rho0.6_uncorr_seed6.pcf,dhfma,0,596014,474
random_n700_rho0.6_uncorr_seed6.pcf,hfma,1,514668,474
random_n700_rho0.6_uncorr_seed6.pcf,dhfma,1,593439,474
random_n700_rho0.6_uncorr_seed6.pcf,hfma,2,606827,474
random_n700_rho0.6_uncorr_seed6.pcf,dhfma,2,700710,474
random_n700_rho0.6_uncorr_seed7.pcf,hfma,0,929390,478
random_n700_rho0.6_uncorr_seed7.pcf,dhfma,0,737106,478
random_n700_rho0.6_uncorr_seed7.pcf,hfma,1,739697,478
random_n700_rho0.6_uncorr_seed7.pcf,dhfma,1,791894,478
random_n700_rho0.6_uncorr_seed7.pcf,hfma,2,840382,478
random_n700_rho0.6_uncorr_seed7.pcf,dhfma,2,923457,478
random_n700_rho0.6_uncorr_seed8.pcf,hfma,0,814869,481
random_n700_rho0.6_uncorr_seed8.pcf,dhfma,0,886551,481
random_n700_rho0.6_uncorr_seed8.pcf,hfma,1,881574,481
random_n700_rho0.6_uncorr_seed8.pcf,dhfma,1,966716,481
random_n700_rho0.6_uncorr_seed8.pcf,hfma,2,1021981,481
random_n700_rho0.6_uncorr_seed8.pcf,dhfma,2,1243378,481
random_n700_rho0.6_uncorr_seed9.pcf,hfma,0,1246269,507
random_n700_rho0.6_uncorr_seed9.pcf,dhfma,0,1366281,507
random_n700_rho0.6_uncorr_seed9.pcf,hfma,1,1490180,507
random_n700_rho0.6_uncorr_seed9.pcf,dhfma,1,1484348,507
random_n700_rho0.6_uncorr_seed9.pcf,hfma,2,1251676,507
random_n700_rho0.6_uncorr_seed9.pcf,dhfma,2,1180798,507
random_n700_rho0.6_weakly-corr-neg_seed0.pcf,hfma,0,1576001,501
random_n700_rho0.6_weakly-corr-neg_seed0.pcf,dhfma,0,1889856,501
random_n700_rho0.6_weakly-corr-neg_seed0.pcf,hfma,1,1858916,501
random_n700_rho0.6_weakly-corr-neg_seed0.pcf,dhfma,1,2429889,501
random_n700_rho0.6_weakly-corr-neg_seed0.pcf,hfma,2,2088017,501
random_n700_rho0.6_weakly-corr-neg_seed0.pcf,dhfma,2,2170092,501
random_n700_rho0.6_weakly-corr-neg_seed1.pcf,hfma,0,2913486,490
random_n700_rho0.6_weakly-corr-neg_seed1.pcf,dhfma,0,2710949,490
random_n700_rho0.6_weakly-corr-neg_seed1.pcf,hfma,1,2373062,490
random_n700_rho0.6_weakly-corr-neg_seed1.pcf,dhfma,1,2072435,490
random_n700_rho0.6_weakly-corr-neg_seed1.pcf,hfma,2,1538225,490
random_n700_rho0.6_weakly-corr-neg_seed1.pcf,dhfma,2,1366947,490
random_n700_rho0.6_weakly-corr-neg_seed2.pcf,hfma,0,1886287,504
random_n700_rho0.6_weakly-corr-neg_seed2.pcf,dhfma,0,1724109,504
random_n700_rho0.6_weakly-corr-neg_seed2.pcf,hfma,1,1736724,504
random_n700_rho0.6_weakly-corr-neg_seed2.pcf,dhfma,1,2117361,504
random_n700_rho0.6_weakly-corr-neg_seed2.pcf,hfma,2,2058535,504
random_n700_rho0.6_weakly-corr-neg_seed2.pcf,dhfma,2,2080761,504
random_n700_rho0.6_weakly-corr-neg_seed3.pcf,hfma,0,2467194,486
random_n700_rho0.6_weakly-corr-neg_seed3.pcf,dhfma,0,2547179,486
random_n700_rho0.6_weakly-corr-neg_seed3.pcf,hfma,1,1670904,486
random_n700_rho0.6_weakly-corr-neg_seed3.pcf,dhfma,1,1512774,486
random_n700_rho0.6_weakly-corr-neg_seed3.pcf,hfma,2,1690553,486
random_n700_rho0.6_weakly-corr-neg_seed3.pcf,dhfma,2,1968092,486
random_n700_rho0.6_weakly-corr-neg_seed4.pcf,hfma,0,2021206,489
random_n700_rho0.6_weakly-corr-neg_seed4.pcf,dhfma,0,1342009,489
random_n700_rho0.6_weakly-corr-neg_seed4.pcf,hfma,1,1375929,489
random_n700_rho0.6_weakly-corr-neg_seed4.pcf,dhfma,1,1832281,489
random_n700_rho0.6_weakly-corr-neg_seed4.pcf,hfma,2,1874626,489
random_n700_rho0.6_weakly-corr-neg_seed4.pcf,dhfma,2,2029969,489
random_n700_rho0.6_weakly-corr-neg_seed5.pcf,hfma,0,2041389,485
random_n700_rho0.6_weakly-corr-neg_seed5.pcf,dhfma,0,2267737,485
random_n700_rho0.6_weakly-corr-neg_seed5.pcf,hfma,1,2123394,485
random_n700_rho0.6_weakly-corr-neg_seed5.pcf,dhfma,1,2163962,485
random_n700_rho0.6_weakly-corr-neg_seed5.pcf,hfma,2,2054809,485
random_n700_rho0.6_weakly-corr-neg_seed5.pcf,dhfma,2,2182031,485
random_n700_rho0.6_weakly-corr-neg_seed6.pcf,hfma,0,2305971,499
random_n700_rho0.6_weakly-corr-neg_seed6.pcf,dhfma,0,2525337,499
random_n700_rho0.6_weakly-corr-neg_seed6.pcf,hfma,1,2056594,499
random_n700_rho0.6_weakly-corr-neg_seed6.pcf,dhfma,1,1911446,499
random_n700_rho0.6_weakly-corr-neg_seed6.pcf,hfma,2,1404359,499
random_n700_rho0.6_weakly-corr-neg_seed6.pcf,dhfma,2,1352104,499
random_n700_rho0.6_weakly-corr-neg_seed7.pcf,hfma,0,1209708,480
random_n700_rho0.6_weakly-corr-neg_seed7.pcf,dhfma,0,1460716,480
random_n700_rho0.6_weakly-corr-neg_seed7.pcf,hfma,1,1541676,480
random_n700_rho0.6_weakly-corr-neg_seed7.pcf,dhfma,1,1821427,480
random_n700_rho0.6_weakly-corr-neg_seed7.pcf,hfma,2,1881754,480
random_n700_rho0.6_weakly-corr-neg_seed7.pcf,dhfma,2,1923049,480
random_n700_rho0.6_weakly-corr-neg_seed8.pcf,hfma,0,2559178,489
random_n700_rho0.6_weakly-corr-neg_seed8.pcf,dhfma,0,2578477,489
random_n700_rho0.6_weakly-corr-neg_seed8.pcf,hfma,1,2421632,489
random_n700_rho0.6_weakly-corr-neg_seed8.pcf,dhfma,1,2561827,489
random_n700_rho0.6_weakly-corr-neg_seed8.pcf,hfma,2,2196272,489
random_n700_rho0.6_weakly-corr-neg_seed8.pcf,dhfma,2,2524358,489
random_n700_rho0.6_weakly-corr-neg_seed9.pcf,hfma,0,2360341,492
random_n700_rho0.6_weakly-corr-neg_seed9.pcf,dhfma,0,2287719,492
random_n700_rho0.6_weakly-corr-neg_seed9.pcf,hfma,1,1782334,492
random_n700_rho0.6_weakly-corr-neg_seed9.pcf,dhfma,1,2075420,492
random_n700_rho0.6_weakly-corr-neg_seed9.pcf,hfma,2,1916957,492
random_n700_rho0.6_weakly-corr-neg_seed9.pcf,dhfma,2,2096344,492
random_n700_rho0.6_weakly-corr_seed0.pcf,hfma,0,2102288,492
random_n700_rho0.6_weakly-corr_seed0.pcf,dhfma,0,1921848,492
random_n700_rho0.6_weakly-corr_seed0.pcf,hfma,1,1644074,492
random_n700_rho0.6_weakly-corr_seed0.pcf,dhfma,1,1974232,492
random_n700_rho0.6_weakly-corr_seed0.pcf,hfma,2,1749676,492
random_n700_rho0.6_weakly-corr_seed0.pcf,dhfma,2,1859954,492
random_n700_rho0.6_weakly-corr_seed1.pcf,hfma,0,2816477,470
random_n700_rho0.6_weakly-corr_seed1.pcf,dhfma,0,2319862,470
random_n700_rho0.6_weakly-corr_seed1.pcf,hfma,1,2183249,470
random_n700_rho0.6_weakly-corr_seed1.pcf,dhfma,1,2278080,470
random_n700_rho0.6_weakly-corr_seed1.pcf,hfma,2,2292810,470
random_n700_rho0.6_weakly-corr_seed1.pcf,dhfma,2,2272675,470
random_n700_rho0.6_weakly-corr_seed2.pcf,hfma,0,2096999,477
random_n700_rho0.6_weakly-corr_seed2.pcf,dhfma,0,2186136,477
random_n700_rho0.6_weakly-corr_seed2.pcf,hfma,1,628666,477
random_n700_rho0.6_weakly-corr_seed2.pcf,dhfma,1,530796,477
random_n700_rho0.6_weakly-corr_seed2.pcf,hfma,2,458113,477
random_n700_rho0.6_weakly-corr_seed2.pcf,dhfma,2,507494,477
random_n700_rho0.6_weakly-corr_seed3.pcf,hfma,0,2405490,481
random_n700_rho0.6_weakly-corr_seed3.pcf,dhfma,0,2646283,481
random_n700_rho0.6_weakly-corr_seed3.pcf,hfma,1,2370300,481
random_n700_rho0.6_weakly-corr_seed3.pcf,dhfma,1,2657198,481
random_n700_rho0.6_weakly-corr_seed3.pcf,hfma,2,2285769,481
random_n700_rho0.6_weakly-corr_seed3.pcf,dhfma,2,2461884,481
random_n700_rho0.6_weakly-corr_seed4.pcf,hfma,0,2470035,475
random_n700_rho0.6_weakly-corr_seed4.pcf,dhfma,0,2560267,475
random_n700_rho0.6_weakly-corr_seed4.pcf,hfma,1,2293070,475
random_n700_rho0.6_weakly-corr_seed4.pcf,dhfma,1,2462319,475
random_n700_rho0.6_weakly-corr_seed4.pcf,hfma,2,2168572,475
random_n700_rho0.6_weakly-corr_seed4.pcf,dhfma,2,2438721,475
random_n700_rho0.6_weakly-corr_seed5.pcf,hfma,0,2112584,494
random_n700_rho0.6_weakly-corr_seed5.pcf,dhfma,0,2330885,494
random_n700_rho0.6_weakly-corr_seed5.pcf,hfma,1,2017381,494
random_n700_rho0.6_weakly-corr_seed5.pcf,dhfma,1,2180404,494
random_n700_rho0.6_weakly-corr_seed5.pcf,hfma,2,1885340,494
random_n700_rho0.6_weakly-corr_seed5.pcf,dhfma,2,1924029,494
random_n700_rho0.6_weakly-corr_seed6.pcf,hfma,0,2422017,483
random_n700_rho0.6_weakly-corr_seed6.pcf,dhfma,0,2111948,483
random_n700_rho0.6_weakly-corr_seed6.pcf,hfma,1,1611605,483
random_n700_rho0.6_weakly-corr_seed6.pcf,dhfma,1,1466266,483
random_n700_rho0.6_weakly-corr_seed6.pcf,hfma,2,1143644,483
random_n700_rho0.6_weakly-corr_seed6.pcf,dhfma,2,1103369,483
random_n700_rho0.6_weakly-corr_seed7.pcf,hfma,0,915341,480
random_n700_rho0.6_weakly-corr_seed7.pcf,dhfma,0,1373836,480
random_n700_rho0.6_weakly-corr_seed7.pcf,hfma,1,1176780,480
random_n700_rho0.6_weakly-corr_seed7.pcf,dhfma,1,1556886,480
random_n700_rho0.6_weakly-corr_seed7.pcf,hfma,2,1559728,480
random_n700_rho0.6_weakly-corr_seed7.pcf,dhfma,2,1997251,480
random_n700_rho0.6_weakly-corr_seed8.pcf,hfma,0,1744536,485
random_n700_rho0.6_weakly-corr_seed8.pcf,dhfma,0,1613320,485
random_n700_rho0.6_weakly-corr_seed8.pcf,hfma,1,1210675,485
random_n700_rho0.6_weakly-corr_seed8.pcf,dhfma,1,1204175,485
random_n700_rho0.6_weakly-corr_seed8.pcf,hfma,2,926594,485
random_n700_rho0.6_weakly-corr_seed8.pcf,dhfma,2,909996,485
random_n700_rho0.6_weakly-corr_seed9.pcf,hfma,0,1024099,499
random_n700_rho0.6_weakly-corr_seed9.pcf,dhfma,0,1200483,499
random_n700_rho0.6_weakly-corr_seed9.pcf,hfma,1,1226218,499
random_n700_rho0.6_weakly-corr_seed9.pcf,dhfma,1,1526865,499
random_n700_rho0.6_weakly-corr_seed9.pcf,hfma,2,1601578,499
random_n700_rho0.6_weakly-corr_seed9.pcf,dhfma,2,1531107,499
random_n700_rho0.9_strongly-corr-neg_seed0.pcf,hfma,0,3653210,343
random_n700_rho0.9_strongly-corr-neg_seed0.pcf,dhfma,0,5921580,343
random_n700_rho0.9_strongly-corr-neg_seed0.pcf,hfma,1,6339257,343
random_n700_rho0.9_strongly-corr-neg_seed0.pcf,dhfma,1,4755688,343
random_n700_rho0.9_strongly-corr-neg_seed0.pcf,hfma,2,2454987,343
random_n700_rho0.9_strongly-corr-neg_seed0.pcf,dhfma,2,2149264,343
random_n700_rho0.9_strongly-corr-neg_seed1.pcf,hfma,0,1401948,360
random_n700_rho0.9_strongly-corr-neg_seed1.pcf,dhfma,0,1499945,360
random_n700_rho0.9_strongly-corr-neg_seed1.pcf,hfma,1,1887788,360
random_n700_rho0.9_strongly-corr-neg_seed1.pcf,dhfma,1,1432360,360
random_n700_rho0.9_strongly-corr-neg_seed1.pcf,hfma,2,1320190,360
random_n700_rho0.9_strongly-corr-neg_seed1.pcf,dhfma,2,1230431,360
random_n700_rho0.9_strongly-corr-neg_seed2.pcf,hfma,0,3328274,366
random_n700_rho0.9_strongly-corr-neg_seed2.pcf,dhfma,0,3801970,366
random_n700_rho0.9_strongly-corr-neg_seed2.pcf,hfma,1,3307653,366
random_n700_rho0.9_strongly-corr-neg_seed2.pcf,dhfma,1,2514688,366
random_n700_rho0.9_strongly-corr-neg_seed2.pcf,hfma,2,3753408,366
random_n700_rho0.9_strongly-corr-neg_seed2.pcf,dhfma,2,3909773,366
random_n700_rho0.9_strongly-corr-neg_seed3.pcf,hfma,0,4098544,372
random_n700_rho0.9_strongly-corr-neg_seed3.pcf,dhfma,0,1112757,372
random_n700_rho0.9_strongly-corr-neg_seed3.pcf,hfma,1,2274812,372
random_n700_rho0.9_strongly-corr-neg_seed3.pcf,dhfma,1,4144555,372
random_n700_rho0.9_strongly-corr-neg_seed3.pcf,hfma,2,4049766,372
random_n700_rho0.9_strongly-corr-neg_seed3.pcf,dhfma,2,3121427,372
random_n700_rho0.9_strongly-corr-neg_seed4.pcf,hfma,0,3530552,353
random_n700_rho0.9_strongly-corr-neg_seed4.pcf,dhfma,0,3060487,353
random_n700_rho0.9_strongly-corr-neg_seed4.pcf,hfma,1,2631260,353
random_n700_rho0.9_strongly-corr-neg_seed4.pcf,dhfma,1,1952167,353
random_n700_rho0.9_strongly-corr-neg_seed4.pcf,hfma,2,1501108,353
random_n700_rho0.9_strongly-corr-neg_seed4.pcf,dhfma,2,1324596,353
random_n700_rho0.9_strongly-corr-neg_seed5.pcf,hfma,0,2543647,359
random_n700_rho0.9_strongly-corr-neg_seed5.pcf,dhfma,0,3295799,359
random_n700_rho0.9_strongly-corr-neg_seed5.pcf,hfma,1,3162253,359
random_n700_rho0.9_strongly-corr-neg_seed5.pcf,dhfma,1,2303933,359
random_n700_rho0.9_strongly-corr-neg_seed5.pcf,hfma,2,1900968,359
random_n700_rho0.9_strongly-corr-neg_seed5.pcf,dhfma,2,1454015,359
random_n700_rho0.9_strongly-corr-neg_seed6.pcf,hfma,0,1556181,377
random_n700_rho0.9_strongly-corr-neg_seed6.pcf,dhfma,0,1287479,377
random_n700_rho0.9_strongly-corr-neg_seed6.pcf,hfma,1,1527596,377
random_n700_rho0.9_strongly-corr-neg_seed6.pcf,dhfma,1,1768439,377
random_n700_rho0.9_strongly-corr-neg_seed6.pcf,hfma,2,2063070,377
random_n700_rho0.9_strongly-corr-neg_seed6.pcf,dhfma,2,2191487,377
random_n700_rho0.9_strongly-corr-neg_seed7.pcf,hfma,0,1573705,352
random_n700_rho0.9_strongly-corr-neg_seed7.pcf,dhfma,0,1539143,352
random_n700_rho0.9_strongly-corr-neg_seed7.pcf,hfma,1,1466941,352
random_n700_rho0.9_strongly-corr-neg_seed7.pcf,dhfma,1,1195631,352
random_n700_rho0.9_strongly-corr-neg_seed7.pcf,hfma,2,1067514,352
random_n700_rho0.9_strongly-corr-neg_seed7.pcf,dhfma,2,943962,352
random_n700_rho0.9_strongly-corr-neg_seed8.pcf,hfma,0,2950526,362
random_n700_rho0.9_strongly-corr-neg_seed8.pcf,dhfma,0,4369939,362
random_n700_rho0.9_strongly-corr-neg_seed8.pcf,hfma,1,3018397,362
random_n700_rho0.9_strongly-corr-neg_seed8.pcf,dhfma,1,2265513,362
random_n700_rho0.9_strongly-corr-neg_seed8.pcf,hfma,2,2347763,362
random_n700_rho0.9_strongly-corr-neg_seed8.pcf,dhfma,2,2068989,362
random_n700_rho0.9_strongly-corr-neg_seed9.pcf,hfma,0,1490446,360
random_n700_rho0.9_strongly-corr-neg_seed9.pcf,dhfma,0,1438037,360
random_n700_rho0.9_strongly-corr-neg_seed9.pcf,hfma,1,1761422,360
random_n700_rho0.9_strongly-corr-neg_seed9.pcf,dhfma,1,1806595,360
random_n700_rho0.9_strongly-corr-neg_seed9.pcf,hfma,2,1953951,360
random_n700_rho0.9_strongly-corr-neg_seed9.pcf,dhfma,2,1800674,360
random_n700_rho0.9_strongly-corr_seed0.pcf,hfma,0,2096301,326
random_n700_rho0.9_strongly-corr_seed0.pcf,dhfma,0,2653600,326
random_n700_rho0.9_strongly-corr_seed0.pcf,hfma,1,2502078,326
random_n700_rho0.9_strongly-corr_seed0.pcf,dhfma,1,1294544,326
random_n700_rho0.9_strongly-corr_seed0.pcf,hfma,2,1128961,326
random_n700_rho0.9_strongly-corr_seed0.pcf,dhfma,2,1260934,326
random_n700_rho0.9_strongly-corr_seed1.pcf,hfma,0,5128848,348
random_n700_rho0.9_strongly-corr_seed1.pcf,dhfma,0,3311449,348
random_n700_rho0.9_strongly-corr_seed1.pcf,hfma,1,3499872,348
random_n700_rho0.9_strongly-corr_seed1.pcf,dhfma,1,1195701,348
random_n700_rho0.9_strongly-corr_seed1.pcf,hfma,2,1276222,348
random_n700_rho0.9_strongly-corr_seed1.pcf,dhfma,2,1187500,348
random_n700_rho0.9_strongly-corr_seed2.pcf,hfma,0,3063357,345
random_n700_rho0.9_strongly-corr_seed2.pcf,dhfma,0,3241023,345
random_n700_rho0.9_strongly-corr_seed2.pcf,hfma,1,2162349,345
random_n700_rho0.9_strongly-corr_seed2.pcf,dhfma,1,1017295,345
random_n700_rho0.9_strongly-corr_seed2.pcf,hfma,2,945866,345
random_n700_rho0.9_strongly-corr_seed2.pcf,dhfma,2,981042,345
random_n700_rho0.9_strongly-corr_seed3.pcf,hfma,0,5641091,327
random_n700_rho0.9_strongly-corr_seed3.pcf,dhfma,0,4791553,327
random_n700_rho0.9_strongly-corr_seed3.pcf,hfma,1,5718693,327
random_n700_rho0.9_strongly-corr_seed3.pcf,dhfma,1,5408440,327
random_n700_rho0.9_strongly-corr_seed3.pcf,hfma,2,6077273,327
random_n700_rho0.9_strongly-corr_seed3.pcf,dhfma,2,5372733,327
random_n700_rho0.9_strongly-corr_seed4.pcf,hfma,0,3535211,357
random_n700_rho0.9_strongly-corr_seed4.pcf,dhfma,0,1999505,357
random_n700_rho0.9_strongly-corr_seed4.pcf,hfma,1,841261,357
random_n700_rho0.9_strongly-corr_seed4.pcf,dhfma,1,971453,357
random_n700_rho0.9_strongly-corr_seed4.pcf,hfma,2,868039,357
random_n700_rho0.9_strongly-corr_seed4.pcf,dhfma,2,972448,357
random_n700_rho0.9_strongly-corr_seed5.pcf,hfma,0,3514009,341
random_n700_rho0.9_strongly-corr_seed5.pcf,dhfma,0,3883916,341
random_n700_rho0.9_strongly-corr_seed5.pcf,hfma,1,4438222,341
random_n700_rho0.9_strongly-corr_seed5.pcf,dhfma,1,3709607,341
random_n700_rho0.9_strongly-corr_seed5.pcf,hfma,2,2593188,341
random_n700_rho0.9_strongly-corr_seed5.pcf,dhfma,2,1946471,341
random_n700_rho0.9_strongly-corr_seed6.pcf,hfma,0,1700804,324
random_n700_rho0.9_strongly-corr_seed6.pcf,dhfma,0,1368273,324
random_n700_rho0.9_strongly-corr_seed6.pcf,hfma,1,1290861,324
random_n700_rho0.9_strongly-corr_seed6.pcf,dhfma,1,1357964,324
random_n700_rho0.9_strongly-corr_seed6.pcf,hfma,2,1320425,324
random_n700_rho0.9_strongly-corr_seed6.pcf,dhfma,2,1382543,324
random_n700_rho0.9_strongly-corr_seed7.pcf,hfma,0,2505349,329
random_n700_rho0.9_strongly-corr_seed7.pcf,dhfma,0,2832146,329
random_n700_rho0.9_strongly-corr_seed7.pcf,hfma,1,3858676,329
random_n700_rho0.9_strongly-corr_seed7.pcf,dhfma,1,2357087,329
random_n700_rho0.9_strongly-corr_seed7.pcf,hfma,2,2446671,329
random_n700_rho0.9_strongly-corr_seed7.pcf,dhfma,2,1797373,329
random_n700_rho0.9_strongly-corr_seed8.pcf,hfma,0,1779613,351
random_n700_rho0.9_strongly-corr_seed8.pcf,dhfma,0,2111209,351
random_n700_rho0.9_strongly-corr_seed8.pcf,hfma,1,2426901,351
random_n700_rho0.9_strongly-corr_seed8.pcf,dhfma,1,2827178,351
random_n700_rho0.9_strongly-corr_seed8.pcf,hfma,2,2190783,351
random_n700_rho0.9_strongly-corr_seed8.pcf,dhfma,2,1825954,351
random_n700_rho0.9_strongly-corr_seed9.pcf,hfma,0,2922710,338
random_n700_rho0.9_strongly-corr_seed9.pcf,dhfma,0,2815745,338
random_n700_rho0.9_strongly-corr_seed9.pcf,hfma,1,2077791,338
random_n700_rho0.9_strongly-corr_seed9.pcf,dhfma,1,1682494,338
random_n700_rho0.9_strongly-corr_seed9.pcf,hfma,2,1370000,338
random_n700_rho0.9_strongly-corr_seed9.pcf,dhfma,2,1199415,338
random_n700_rho0.9_uncorr-neg_seed0.pcf,hfma,0,1231636,383
random_n700_rho0.9_uncorr-neg_seed0.pcf,dhfma,0,1390462,383
random_n700_rho0.9_uncorr-neg_seed0.pcf,hfma,1,1560492,383
random_n700_rho0.9_uncorr-neg_seed0.pcf,dhfma,1,1858476,383
random_n700_rho0.9_uncorr-neg_seed0.pcf,hfma,2,2186254,383
random_n700_rho0.9_uncorr-neg_seed0.pcf,dhfma,2,2105154,383
random_n700_rho0.9_uncorr-neg_seed1.pcf,hfma,0,3838139,396
random_n700_rho0.9_uncorr-neg_seed1.pcf,dhfma,0,3698136,396
random_n700_rho0.9_uncorr-neg_seed1.pcf,hfma,1,2794427,396
random_n700_rho0.9_uncorr-neg_seed1.pcf,dhfma,1,2198214,396
random_n700_rho0.9_uncorr-neg_seed1.pcf,hfma,2,1775387,396
random_n700_rho0.9_uncorr-neg_seed1.pcf,dhfma,2,1486756,396
random_n700_rho0.9_uncorr-neg_seed2.pcf,hfma,0,1830263,377
random_n700_rho0.9_uncorr-neg_seed2.pcf,dhfma,0,2207657,377
random_n700_rho0.9_uncorr-neg_seed2.pcf,hfma,1,2229432,377
random_n700_rho0.9_uncorr-neg_seed2.pcf,dhfma,1,2374859,377
random_n700_rho0.9_uncorr-neg_seed2.pcf,hfma,2,1189185,377
random_n700_rho0.9_uncorr-neg_seed2.pcf,dhfma,2,1314455,377
random_n700_rho0.9_uncorr-neg_seed3.pcf,hfma,0,4596730,381
random_n700_rho0.9_uncorr-neg_seed3.pcf,dhfma,0,3244310,381
random_n700_rho0.9_uncorr-neg_seed3.pcf,hfma,1,2409414,381
random_n700_rho0.9_uncorr-neg_seed3.pcf,dhfma,1,3031603,381
random_n700_rho0.9_uncorr-neg_seed3.pcf,hfma,2,2860185,381
random_n700_rho0.9_uncorr-neg_seed3.pcf,dhfma,2,2249875,381
random_n700_rho0.9_uncorr-neg_seed4.pcf,hfma,0,4957674,390
random_n700_rho0.9_uncorr-neg_seed4.pcf,dhfma,0,2880438,390
random_n700_rho0.9_uncorr-neg_seed4.pcf,hfma,1,3288099,390
random_n700_rho0.9_uncorr-neg_seed4.pcf,dhfma,1,3665180,390
random_n700_rho0.9_uncorr-neg_seed4.pcf,hfma,2,2807028,390
random_n700_rho0.9_uncorr-neg_seed4.pcf,dhfma,2,1978135,390
random_n700_rho0.9_uncorr-neg_seed5.pcf,hfma,0,2263620,405
random_n700_rho0.9_uncorr-neg_seed5.pcf,dhfma,0,2834072,405
random_n700_rho0.9_uncorr-neg_seed5.pcf,hfma,1,2307007,405
random_n700_rho0.9_uncorr-neg_seed5.pcf,dhfma,1,2868823,405
random_n700_rho0.9_uncorr-neg_seed5.pcf,hfma,2,3572804,405
random_n700_rho0.9_uncorr-neg_seed5.pcf,dhfma,2,3576973,405
random_n700_rho0.9_uncorr-neg_seed6.pcf,hfma,0,5842857,374
random_n700_rho0.9_uncorr-neg_seed6.pcf,dhfma,0,6128314,374
random_n700_rho0.9_uncorr-neg_seed6.pcf,hfma,1,5131599,374
random_n700_rho0.9_uncorr-neg_seed6.pcf,dhfma,1,3375112,374
random_n700_rho0.9_uncorr-neg_seed6.pcf,hfma,2,2321704,374
random_n700_rho0.9_uncorr-neg_seed6.pcf,dhfma,2,1742120,374
random_n700_rho0.9_uncorr-neg_seed7.pcf,hfma,0,1690003,406
random_n700_rho0.9_uncorr-neg_seed7.pcf,dhfma,0,1582312,406
random_n700_rho0.9_uncorr-neg_seed7.pcf,hfma,1,1903299,406
random_n700_rho0.9_uncorr-neg_seed7.pcf,dhfma,1,2290549,406
random_n700_rho0.9_uncorr-neg_seed7.pcf,hfma,2,1167068,406
random_n700_rho0.9_uncorr-neg_seed7.pcf,dhfma,2,1069961,406
random_n700_rho0.9_uncorr-neg_seed8.pcf,hfma,0,4814136,384
random_n700_rho0.9_uncorr-neg_seed8.pcf,dhfma,0,4372946,384
random_n700_rho0.9_uncorr-neg_seed8.pcf,hfma,1,4061631,384
random_n700_rho0.9_uncorr-neg_seed8.pcf,dhfma,1,4809699,384
random_n700_rho0.9_uncorr-neg_seed8.pcf,hfma,2,3407009,384
random_n700_rho0.9_uncorr-neg_seed8.pcf,dhfma,2,2504680,384
random_n700_rho0.9_uncorr-neg_seed9.pcf,hfma,0,2830916,401
random_n700_rho0.9_uncorr-neg_seed9.pcf,dhfma,0,1948881,401
random_n700_rho0.9_uncorr-neg_seed9.pcf,hfma,1,1522982,401
random_n700_rho0.9_uncorr-neg_seed9.pcf,dhfma,1,1237648,401
random_n700_rho0.9_uncorr-neg_seed9.pcf,hfma,2,1182611,401
random_n700_rho0.9_uncorr-neg_seed9.pcf,dhfma,2,1221910,401
random_n700_rho0.9_uncorr_seed0.pcf,hfma,0,1219369,385
random_n700_rho0.9_uncorr_seed0.pcf,dhfma,0,1229117,385
random_n700_rho0.9_uncorr_seed0.pcf,hfma,1,1197755,385
random_n700_rho0.9_uncorr_seed0.pcf,dhfma,1,1469568,385
random_n700_rho0.9_uncorr_seed0.pcf,hfma,2,1672018,385
random_n700_rho0.9_uncorr_seed0.pcf,dhfma,2,1951299,385
random_n700_rho0.9_uncorr_seed1.pcf,hfma,0,2211265,380
random_n700_rho0.9_uncorr_seed1.pcf,dhfma,0,2285721,380
random_n700_rho0.9_uncorr_seed1.pcf,hfma,1,2499094,380
random_n700_rho0.9_uncorr_seed1.pcf,dhfma,1,3489696,380
random_n700_rho0.9_uncorr_seed1.pcf,hfma,2,2812588,380
random_n700_rho0.9_uncorr_seed1.pcf,dhfma,2,2319250,380
random_n700_rho0.9_uncorr_seed2.pcf,hfma,0,2478596,372
random_n700_rho0.9_uncorr_seed2.pcf,dhfma,0,2738004,372
random_n700_rho0.9_uncorr_seed2.pcf,hfma,1,3093284,372
random_n700_rho0.9_uncorr_seed2.pcf,dhfma,1,4269331,372
random_n700_rho0.9_uncorr_seed2.pcf,hfma,2,4259243,372
random_n700_rho0.9_uncorr_seed2.pcf,dhfma,2,3345130,372
random_n700_rho0.9_uncorr_seed3.pcf,hfma,0,3941604,364
random_n700_rho0.9_uncorr_seed3.pcf,dhfma,0,1815255,364
random_n700_rho0.9_uncorr_seed3.pcf,hfma,1,1206416,364
random_n700_rho0.9_uncorr_seed3.pcf,dhfma,1,1241267,364
random_n700_rho0.9_uncorr_seed3.pcf,hfma,2,1232873,364
random_n700_rho0.9_uncorr_seed3.pcf,dhfma,2,1222057,364
random_n700_rho0.9_uncorr_seed4.pcf,hfma,0,1870501,392
random_n700_rho0.9_uncorr_seed4.pcf,dhfma,0,2519438,392
random_n700_rho0.9_uncorr_seed4.pcf,hfma,1,2577424,392
random_n700_rho0.9_uncorr_seed4.pcf,dhfma,1,3279531,392
random_n700_rho0.9_uncorr_seed4.pcf,hfma,2,3046778,392
random_n700_rho0.9_uncorr_seed4.pcf,dhfma,2,3962720,392
random_n700_rho0.9_uncorr_seed5.pcf,hfma,0,3734360,401
random_n700_rho0.9_uncorr_seed5.pcf,dhfma,0,2957860,401
random_n700_rho0.9_uncorr_seed5.pcf,hfma,1,2849058,401
random_n700_rho0.9_uncorr_seed5.pcf,dhfma,1,3662266,401
random_n700_rho0.9_uncorr_seed5.pcf,hfma,2,4155525,401
random_n700_rho0.9_uncorr_seed5.pcf,dhfma,2,3239262,401
random_n700_rho0.9_uncorr_seed6.pcf,hfma,0,5240007,374
random_n700_rho0.9_uncorr_seed6.pcf,dhfma,0,3477342,374
random_n700_rho0.9_uncorr_seed6.pcf,hfma,1,2443280,374
random_n700_rho0.9_uncorr_seed6.pcf,dhfma,1,1722415,374
random_n700_rho0.9_uncorr_seed6.pcf,hfma,2,1631836,374
random_n700_rho0.9_uncorr_seed6.pcf,dhfma,2,1565278,374
random_n700_rho0.9_uncorr_seed7.pcf,hfma,0,1502725,407
random_n700_rho0.9_uncorr_seed7.pcf,dhfma,0,1131338,407
random_n700_rho0.9_uncorr_seed7.pcf,hfma,1,1170746,407
random_n700_rho0.9_uncorr_seed7.pcf,dhfma,1,1329164,407
random_n700_rho0.9_uncorr_seed7.pcf,hfma,2,1334913,407
random_n700_rho0.9_uncorr_seed7.pcf,dhfma,2,1309642,407
random_n700_rho0.9_uncorr_seed8.pcf,hfma,0,2009186,358
random_n700_rho0.9_uncorr_seed8.pcf,dhfma,0,1777837,358
random_n700_rho0.9_uncorr_seed8.pcf,hfma,1,1949667,358
random_n700_rho0.9_uncorr_seed8.pcf,dhfma,1,1919042,358
random_n700_rho0.9_uncorr_seed8.pcf,hfma,2,1021627,358
random_n700_rho0.9_uncorr_seed8.pcf,dhfma,2,1107134,358
random_n700_rho0.9_uncorr_seed9.pcf,hfma,0,3098917,387
random_n700_rho0.9_uncorr_seed9.pcf,dhfma,0,4106843,387
random_n700_rho0.9_uncorr_seed9.pcf,hfma,1,2786605,387
random_n700_rho0.9_uncorr_seed9.pcf,dhfma,1,2425785,387
random_n700_rho0.9_uncorr_seed9.pcf,hfma,2,1690183,387
random_n700_rho0.9_uncorr_seed9.pcf,dhfma,2,1570464,387
random_n700_rho0.9_weakly-corr-neg_seed0.pcf,hfma,0,2460849,379
random_n700_rho0.9_weakly-corr-neg_seed0.pcf,dhfma,0,3431360,379
random_n700_rho0.9_weakly-corr-neg_seed0.pcf,hfma,1,2707531,379
random_n700_rho0.9_weakly-corr-neg_seed0.pcf,dhfma,1,2631508,379
random_n700_rho0.9_weakly-corr-neg_seed0.pcf,hfma,2,2619050,379
random_n700_rho0.9_weakly-corr-neg_seed0.pcf,dhfma,2,1159010,379
random_n700_rho0.9_weakly-corr-neg_seed1.pcf,hfma,0,5522586,370
random_n700_rho0.9_weakly-corr-neg_seed1.pcf,dhfma,0,2936610,370
random_n700_rho0.9_weakly-corr-neg_seed1.pcf,hfma,1,3798432,370
random_n700_rho0.9_weakly-corr-neg_seed1.pcf,dhfma,1,4109030,370
random_n700_rho0.9_weakly-corr-neg_seed1.pcf,hfma,2,4020139,370
random_n700_rho0.9_weakly-corr-neg_seed1.pcf,dhfma,2,2907740,370
random_n700_rho0.9_weakly-corr-neg_seed2.pcf,hfma,0,3195878,371
random_n700_rho0.9_weakly-corr-neg_seed2.pcf,dhfma,0,3304410,371
random_n700_rho0.9_weakly-corr-neg_seed2.pcf,hfma,1,4435794,371
random_n700_rho0.9_weakly-corr-neg_seed2.pcf,dhfma,1,4580305,371
random_n700_rho0.9_weakly-corr-neg_seed2.pcf,hfma,2,3971843,371
random_n700_rho0.9_weakly-corr-neg_seed2.pcf,dhfma,2,2650619,371
random_n700_rho0.9_weakly-corr-neg_seed3.pcf,hfma,0,3374315,395
random_n700_rho0.9_weakly-corr-neg_seed3.pcf,dhfma,0,4089808,395
random_n700_rho0.9_weakly-corr-neg_seed3.pcf,hfma,1,4298242,395
random_n700_rho0.9_weakly-corr-neg_seed3.pcf,dhfma,1,2782450,395
random_n700_rho0.9_weakly-corr-neg_seed3.pcf,hfma,2,2173607,395
random_n700_rho0.9_weakly-corr-neg_seed3.pcf,dhfma,2,1585476,395
random_n700_rho0.9_weakly-corr-neg_seed4.pcf,hfma,0,3159519,400
random_n700_rho0.9_weakly-corr-neg_seed4.pcf,dhfma,0,3337598,400
random_n700_rho0.9_weakly-corr-neg_seed4.pcf,hfma,1,1983039,400
random_n700_rho0.9_weakly-corr-neg_seed4.pcf,dhfma,1,1527379,400
random_n700_rho0.9_weakly-corr-neg_seed4.pcf,hfma,2,1713475,400
random_n700_rho0.9_weakly-corr-neg_seed4.pcf,dhfma,2,1544099,400
random_n700_rho0.9_weakly-corr-neg_seed5.pcf,hfma,0,2634090,384
random_n700_rho0.9_weakly-corr-neg_seed5.pcf,dhfma,0,3360029,384
random_n700_rho0.9_weakly-corr-neg_seed5.pcf,hfma,1,2909223,384
random_n700_rho0.9_weakly-corr-neg_seed5.pcf,dhfma,1,3336036,384
random_n700_rho0.9_weakly-corr-neg_seed5.pcf,hfma,2,1345742,384
random_n700_rho0.9_weakly-corr-neg_seed5.pcf,dhfma,2,1105829,384
random_n700_rho0.9_weakly-corr-neg_seed6.pcf,hfma,0,4282964,382
random_n700_rho0.9_weakly-corr-neg_seed6.pcf,dhfma,0,2560818,382
random_n700_rho0.9_weakly-corr-neg_seed6.pcf,hfma,1,2648849,382
random_n700_rho0.9_weakly-corr-neg_seed6.pcf,dhfma,1,3592352,382
random_n700_rho0.9_weakly-corr-neg_seed6.pcf,hfma,2,4310221,382
random_n700_rho0.9_weakly-corr-neg_seed6.pcf,dhfma,2,4614344,382
random_n700_rho0.9_weakly-corr-neg_seed7.pcf,hfma,0,7702634,383
random_n700_rho0.9_weakly-corr-neg_seed7.pcf,dhfma,0,4982846,383
random_n700_rho0.9_weakly-corr-neg_seed7.pcf,hfma,1,3320665,383
random_n700_rho0.9_weakly-corr-neg_seed7.pcf,dhfma,1,2088706,383
random_n700_rho0.9_weakly-corr-neg_seed7.pcf,hfma,2,1798876,383
random_n700_rho0.9_weakly-corr-neg_seed7.pcf,dhfma,2,1569236,383
random_n700_rho0.9_weakly-corr-neg_seed8.pcf,hfma,0,1057067,398
random_n700_rho0.9_weakly-corr-neg_seed8.pcf,dhfma,0,1096982,398
random_n700_rho0.9_weakly-corr-neg_seed8.pcf,hfma,1,1082409,398
random_n700_rho0.9_weakly-corr-neg_seed8.pcf,dhfma,1,1334386,398
random_n700_rho0.9_weakly-corr-neg_seed8.pcf,hfma,2,1456896,398
random_n700_rho0.9_weakly-corr-neg_seed8.pcf,dhfma,2,1838152,398
random_n700_rho0.9_weakly-corr-neg_seed9.pcf,hfma,0,4325742,398
random_n700_rho0.9_weakly-corr-neg_seed9.pcf,dhfma,0,1805977,398
random_n700_rho0.9_weakly-corr-neg_seed9.pcf,hfma,1,1947232,398
random_n700_rho0.9_weakly-corr-neg_seed9.pcf,dhfma,1,1570343,398
random_n700_rho0.9_weakly-corr-neg_seed9.pcf,hfma,2,2301740,398
random_n700_rho0.9_weakly-corr-neg_seed9.pcf,dhfma,2,2411077,398
random_n700_rho0.9_weakly-corr_seed0.pcf,hfma,0,4136934,383
random_n700_rho0.9_weakly-corr_seed0.pcf,dhfma,0,3039706,383
random_n700_rho0.9_weakly-corr_seed0.pcf,hfma,1,2340816,383
random_n700_rho0.9_weakly-corr_seed0.pcf,dhfma,1,2392251,383
random_n700_rho0.9_weakly-corr_seed0.pcf,hfma,2,1584051,383
random_n700_rho0.9_weakly-corr_seed0.pcf,dhfma,2,1751881,383
random_n700_rho0.9_weakly-corr_seed1.pcf,hfma,0,1650749,375
random_n700_rho0.9_weakly-corr_seed1.pcf,dhfma,0,1944689,375
random_n700_rho0.9_weakly-corr_seed1.pcf,hfma,1,2201431,375
random_n700_rho0.9_weakly-corr_seed1.pcf,dhfma,1,1739772,375
random_n700_rho0.9_weakly-corr_seed1.pcf,hfma,2,1623254,375
random_n700_rho0.9_weakly-corr_seed1.pcf,dhfma,2,1689095,375
random_n700_rho0.9_weakly-corr_seed2.pcf,hfma,0,2677614,376
random_n700_rho0.9_weakly-corr_seed2.pcf,dhfma,0,1853726,376
random_n700_rho0.9_weakly-corr_seed2.pcf,hfma,1,1928795,376
random_n700_rho0.9_weakly-corr_seed2.pcf,dhfma,1,2320152,376
random_n700_rho0.9_weakly-corr_seed2.pcf,hfma,2,2770221,376
random_n700_rho0.9_weakly-corr_seed2.pcf,dhfma,2,2646393,376
random_n700_rho0.9_weakly-corr_seed3.pcf,hfma,0,4243752,382
random_n700_rho0.9_weakly-corr_seed3.pcf,dhfma,0,2847233,382
random_n700_rho0.9_weakly-corr_seed3.pcf,hfma,1,2138491,382
random_n700_rho0.9_weakly-corr_seed3.pcf,dhfma,1,2812019,382
random_n700_rho0.9_weakly-corr_seed3.pcf,hfma,2,3321239,382
random_n700_rho0.9_weakly-corr_seed3.pcf,dhfma,2,1718924,382
random_n700_rho0.9_weakly-corr_seed4.pcf,hfma,0,3737363,397
random_n700_rho0.9_weakly-corr_seed4.pcf,dhfma,0,2794652,397
random_n700_rho0.9_weakly-corr_seed4.pcf,hfma,1,1747338,397
random_n700_rho0.9_weakly-corr_seed4.pcf,dhfma,1,1500701,397
random_n700_rho0.9_weakly-corr_seed4.pcf,hfma,2,1872887,397
random_n700_rho0.9_weakly-corr_seed4.pcf,dhfma,2,2186316,397
random_n700_rho0.9_weakly-corr_seed5.pcf,hfma,0,2589987,380
random_n700_rho0.9_weakly-corr_seed5.pcf,dhfma,0,2274588,380
random_n700_rho0.9_weakly-corr_seed5.pcf,hfma,1,1508381,380
random_n700_rho0.9_weakly-corr_seed5.pcf,dhfma,1,1791115,380
random_n700_rho0.9_weakly-corr_seed5.pcf,hfma,2,1480290,380
random_n700_rho0.9_weakly-corr_seed5.pcf,dhfma,2,1659889,380
random_n700_rho0.9_weakly-corr_seed6.pcf,hfma,0,1925080,390
random_n700_rho0.9_weakly-corr_seed6.pcf,dhfma,0,1258941,390
random_n700_rho0.9_weakly-corr_seed6.pcf,hfma,1,1213055,390
random_n700_rho0.9_weakly-corr_seed6.pcf,dhfma,1,1250482,390
random_n700_rho0.9_weakly-corr_seed6.pcf,hfma,2,1244977,390
random_n700_rho0.9_weakly-corr_seed6.pcf,dhfma,2,1271723,390
random_n700_rho0.9_weakly-corr_seed7.pcf,hfma,0,1884964,408
random_n700_rho0.9_weakly-corr_seed7.pcf,dhfma,0,2019737,408
random_n700_rho0.9_weakly-corr_seed7.pcf,hfma,1,1788835,408
random_n700_rho0.9_weakly-corr_seed7.pcf,dhfma,1,1959148,408
random_n700_rho0.9_weakly-corr_seed7.pcf,hfma,2,1492640,408
random_n700_rho0.9_weakly-corr_seed7.pcf,dhfma,2,1368165,408
random_n700_rho0.9_weakly-corr_seed8.pcf,hfma,0,1292154,386
random_n700_rho0.9_weakly-corr_seed8.pcf,dhfma,0,1121291,386
random_n700_rho0.9_weakly-corr_seed8.pcf,hfma,1,1036910,386
random_n700_rho0.9_weakly-corr_seed8.pcf,dhfma,1,1094619,386
random_n700_rho0.9_weakly-corr_seed8.pcf,hfma,2,1071539,386
random_n700_rho0.9_weakly-corr_seed8.pcf,dhfma,2,1112894,386
random_n700_rho0.9_weakly-corr_seed9.pcf,hfma,0,1725023,377
random_n700_rho0.9_weakly-corr_seed9.pcf,dhfma,0,1868272,377
random_n700_rho0.9_weakly-corr_seed9.pcf,hfma,1,1634826,377
random_n700_rho0.9_weakly-corr_seed9.pcf,dhfma,1,1828671,377
random_n700_rho0.9_weakly-corr_seed9.pcf,hfma,2,1359916,377
random_n700_rho0.9_weakly-corr_seed9.pcf,dhfma,2,1266007,377
random_n700_rho1.0_strongly-corr-neg_seed0.pcf,hfma,0,1860588,319
random_n700_rho1.0_strongly-corr-neg_seed0.pcf,dhfma,0,1549200,319
random_n700_rho1.0_strongly-corr-neg_seed0.pcf,hfma,1,1624601,319
random_n700_rho1.0_strongly-corr-neg_seed0.pcf,dhfma,1,1497376,319
random_n700_rho1.0_strongly-corr-neg_seed0.pcf,hfma,2,1670013,319
random_n700_rho1.0_strongly-corr-neg_seed0.pcf,dhfma,2,1737890,319
random_n700_rho1.0_strongly-corr-neg_seed1.pcf,hfma,0,4163966,320
random_n700_rho1.0_strongly-corr-neg_seed1.pcf,dhfma,0,2649141,320
random_n700_rho1.0_strongly-corr-neg_seed1.pcf,hfma,1,2578201,320
random_n700_rho1.0_strongly-corr-neg_seed1.pcf,dhfma,1,2372960,320
random_n700_rho1.0_strongly-corr-neg_seed1.pcf,hfma,2,2586699,320
random_n700_rho1.0_strongly-corr-neg_seed1.pcf,dhfma,2,2197985,320
random_n700_rho1.0_strongly-corr-neg_seed2.pcf,hfma,0,3629985,336
random_n700_rho1.0_strongly-corr-neg_seed2.pcf,dhfma,0,2861839,336
random_n700_rho1.0_strongly-corr-neg_seed2.pcf,hfma,1,2390633,336
random_n700_rho1.0_strongly-corr-neg_seed2.pcf,dhfma,1,1847882,336
random_n700_rho1.0_strongly-corr-neg_seed2.pcf,hfma,2,2432340,336
random_n700_rho1.0_strongly-corr-neg_seed2.pcf,dhfma,2,1932526,336
random_n700_rho1.0_strongly-corr-neg_seed3.pcf,hfma,0,2859434,334
random_n700_rho1.0_strongly-corr-neg_seed3.pcf,dhfma,0,2376415,334
random_n700_rho1.0_strongly-corr-neg_seed3.pcf,hfma,1,2154749,334
random_n700_rho1.0_strongly-corr-neg_seed3.pcf,dhfma,1,2284559,334
random_n700_rho1.0_strongly-corr-neg_seed3.pcf,hfma,2,1769548,334
random_n700_rho1.0_strongly-corr-neg_seed3.pcf,dhfma,2,1546578,334
random_n700_rho1.0_strongly-corr-neg_seed4.pcf,hfma,0,2652859,320
random_n700_rho1.0_strongly-corr-neg_seed4.pcf,dhfma,0,2868815,320
random_n700_rho1.0_strongly-corr-neg_seed4.pcf,hfma,1,3354818,320
random_n700_rho1.0_strongly-corr-neg_seed4.pcf,dhfma,1,2675962,320
random_n700_rho1.0_strongly-corr-neg_seed4.pcf,hfma,2,2530484,320
random_n700_rho1.0_strongly-corr-neg_seed4.pcf,dhfma,2,2774978,320
random_n700_rho1.0_strongly-corr-neg_seed5.pcf,hfma,0,3007687,345
random_n700_rho1.0_strongly-corr-neg_seed5.pcf,dhfma,0,2816135,345
random_n700_rho1.0_strongly-corr-neg_seed5.pcf,hfma,1,3912448,345
random_n700_rho1.0_strongly-corr-neg_seed5.pcf,dhfma,1,3537347,345
random_n700_rho1.0_strongly-corr-neg_seed5.pcf,hfma,2,2752555,345
random_n700_rho1.0_strongly-corr-neg_seed5.pcf,dhfma,2,2059886,345
random_n700_rho1.0_strongly-corr-neg_seed6.pcf,hfma,0,2445352,332
random_n700_rho1.0_strongly-corr-neg_seed6.pcf,dhfma,0,1551432,332
random_n700_rho1.0_strongly-corr-neg_seed6.pcf,hfma,1,1639316,332
random_n700_rho1.0_strongly-corr-neg_seed6.pcf,dhfma,1,1495160,332
random_n700_rho1.0_strongly-corr-neg_seed6.pcf,hfma,2,1678632,332
random_n700_rho1.0_strongly-corr-neg_seed6.pcf,dhfma,2,1488957,332
random_n700_rho1.0_strongly-corr-neg_seed7.pcf,hfma,0,1869736,346
random_n700_rho1.0_strongly-corr-neg_seed7.pcf,dhfma,0,1865571,346
random_n700_rho1.0_strongly-corr-neg_seed7.pcf,hfma,1,1794789,346
random_n700_rho1.0_strongly-corr-neg_seed7.pcf,dhfma,1,1805130,346
random_n700_rho1.0_strongly-corr-neg_seed7.pcf,hfma,2,1910113,346
random_n700_rho1.0_strongly-corr-neg_seed7.pcf,dhfma,2,2776237,346
random_n700_rho1.0_strongly-corr-neg_seed8.pcf,hfma,0,5382858,316
random_n700_rho1.0_strongly-corr-neg_seed8.pcf,dhfma,0,1795287,316
random_n700_rho1.0_strongly-corr-neg_seed8.pcf,hfma,1,2164868,316
random_n700_rho1.0_strongly-corr-neg_seed8.pcf,dhfma,1,1779134,316
random_n700_rho1.0_strongly-corr-neg_seed8.pcf,hfma,2,2114939,316
random_n700_rho1.0_strongly-corr-neg_seed8.pcf,dhfma,2,1885511,316
random_n700_rho1.0_strongly-corr-neg_seed9.pcf,hfma,0,2347290,331
random_n700_rho1.0_strongly-corr-neg_seed9.pcf,dhfma,0,2464852,331
random_n700_rho1.0_strongly-corr-neg_seed9.pcf,hfma,1,3161064,331
random_n700_rho1.0_strongly-corr-neg_seed9.pcf,dhfma,1,2150566,331
random_n700_rho1.0_strongly-corr-neg_seed9.pcf,hfma,2,1959741,331
random_n700_rho1.0_strongly-corr-neg_seed9.pcf,dhfma,2,1511006,331
random_n700_rho1.0_strongly-corr_seed0.pcf,hfma,0,3035173,309
random_n700_rho1.0_strongly-corr_seed0.pcf,dhfma,0,2572501,309
random_n700_rho1.0_strongly-corr_seed0.pcf,hfma,1,2727184,309
random_n700_rho1.0_strongly-corr_seed0.pcf,dhfma,1,3147784,309
random_n700_rho1.0_strongly-corr_seed0.pcf,hfma,2,3320371,309
random_n700_rho1.0_strongly-corr_seed0.pcf,dhfma,2,2407887,309
random_n700_rho1.0_strongly-corr_seed1.pcf,hfma,0,3511354,323
random_n700_rho1.0_strongly-corr_seed1.pcf,dhfma,0,2697035,323
random_n700_rho1.0_strongly-corr_seed1.pcf,hfma,1,2715345,323
random_n700_rho1.0_strongly-corr_seed1.pcf,dhfma,1,2059352,323
random_n700_rho1.0_strongly-corr_seed1.pcf,hfma,2,1970978,323
random_n700_rho1.0_strongly-corr_seed1.pcf,dhfma,2,1991093,323
random_n700_rho1.0_strongly-corr_seed2.pcf,hfma,0,2775967,301
random_n700_rho1.0_strongly-corr_seed2.pcf,dhfma,0,2531120,301
random_n700_rho1.0_strongly-corr_seed2.pcf,hfma,1,2260518,301
random_n700_rho1.0_strongly-corr_seed2.pcf,dhfma,1,2746401,301
random_n700_rho1.0_strongly-corr_seed2.pcf,hfma,2,3511132,301
random_n700_rho1.0_strongly-corr_seed2.pcf,dhfma,2,3148316,301
random_n700_rho1.0_strongly-corr_seed3.pcf,hfma,0,2157153,303
random_n700_rho1.0_strongly-corr_seed3.pcf,dhfma,0,1704888,303
random_n700_rho1.0_strongly-corr_seed3.pcf,hfma,1,1572796,303
random_n700_rho1.0_strongly-corr_seed3.pcf,dhfma,1,1572995,303
random_n700_rho1.0_strongly-corr_seed3.pcf,hfma,2,1577982,303
random_n700_rho1.0_strongly-corr_seed3.pcf,dhfma,2,1577387,303
random_n700_rho1.0_strongly-corr_seed4.pcf,hfma,0,2942069,316
random_n700_rho1.0_strongly-corr_seed4.pcf,dhfma,0,2095658,316
random_n700_rho1.0_strongly-corr_seed4.pcf,hfma,1,2052133,316
random_n700_rho1.0_strongly-corr_seed4.pcf,dhfma,1,2639891,316
random_n700_rho1.0_strongly-corr_seed4.pcf,hfma,2,3138531,316
random_n700_rho1.0_strongly-corr_seed4.pcf,dhfma,2,2836048,316
random_n700_rho1.0_strongly-corr_seed5.pcf,hfma,0,3190674,323
random_n700_rho1.0_strongly-corr_seed5.pcf,dhfma,0,4070838,323
random_n700_rho1.0_strongly-corr_seed5.pcf,hfma,1,5203454,323
random_n700_rho1.0_strongly-corr_seed5.pcf,dhfma,1,3912326,323
random_n700_rho1.0_strongly-corr_seed5.pcf,hfma,2,2632784,323
random_n700_rho1.0_strongly-corr_seed5.pcf,dhfma,2,2091530,323
random_n700_rho1.0_strongly-corr_seed6.pcf,hfma,0,4723477,312
random_n700_rho1.0_strongly-corr_seed6.pcf,dhfma,0,4728101,312
random_n700_rho1.0_strongly-corr_seed6.pcf,hfma,1,4288538,312
random_n700_rho1.0_strongly-corr_seed6.pcf,dhfma,1,6884200,312
random_n700_rho1.0_strongly-corr_seed6.pcf,hfma,2,4114168,312
random_n700_rho1.0_strongly-corr_seed6.pcf,dhfma,2,5056296,312
random_n700_rho1.0_strongly-corr_seed7.pcf,hfma,0,6725070,298
random_n700_rho1.0_strongly-corr_seed7.pcf,dhfma,0,4815293,298
random_n700_rho1.0_strongly-corr_seed7.pcf,hfma,1,4605147,298
random_n700_rho1.0_strongly-corr_seed7.pcf,dhfma,1,3974840,298
random_n700_rho1.0_strongly-corr_seed7.pcf,hfma,2,2461011,298
random_n700_rho1.0_strongly-corr_seed7.pcf,dhfma,2,2070528,298
random_n700_rho1.0_strongly-corr_seed8.pcf,hfma,0,2156874,319
random_n700_rho1.0_strongly-corr_seed8.pcf,dhfma,0,2649407,319
random_n700_rho1.0_strongly-corr_seed8.pcf,hfma,1,3292762,319
random_n700_rho1.0_strongly-corr_seed8.pcf,dhfma,1,3567452,319
random_n700_rho1.0_strongly-corr_seed8.pcf,hfma,2,2399789,319
random_n700_rho1.0_strongly-corr_seed8.pcf,dhfma,2,1966994,319
random_n700_rho1.0_strongly-corr_seed9.pcf,hfma,0,2598131,311
random_n700_rho1.0_strongly-corr_seed9.pcf,dhfma,0,2901382,311
random_n700_rho1.0_strongly-corr_seed9.pcf,hfma,1,1838429,311
random_n700_rho1.0_strongly-corr_seed9.pcf,dhfma,1,2099888,311
random_n700_rho1.0_strongly-corr_seed9.pcf,hfma,2,1743370,311
random_n700_rho1.0_strongly-corr_seed9.pcf,dhfma,2,2079630,311
random_n700_rho1.0_uncorr-neg_seed0.pcf,hfma,0,2398178,389
random_n700_rho1.0_uncorr-neg_seed0.pcf,dhfma,0,2562282,389
random_n700_rho1.0_uncorr-neg_seed0.pcf,hfma,1,1661225,389
random_n700_rho1.0_uncorr-neg_seed0.pcf,dhfma,1,2177939,389
random_n700_rho1.0_uncorr-neg_seed0.pcf,hfma,2,1823112,389
random_n700_rho1.0_uncorr-neg_seed0.pcf,dhfma,2,1745364,389
random_n700_rho1.0_uncorr-neg_seed1.pcf,hfma,0,3543752,324
random_n700_rho1.0_uncorr-neg_seed1.pcf,dhfma,0,3458312,324
random_n700_rho1.0_uncorr-neg_seed1.pcf,hfma,1,4055457,324
random_n700_rho1.0_uncorr-neg_seed1.pcf,dhfma,1,5251483,324
random_n700_rho1.0_uncorr-neg_seed1.pcf,hfma,2,4053735,324
random_n700_rho1.0_uncorr-neg_seed1.pcf,dhfma,2,2881694,324
random_n700_rho1.0_uncorr-neg_seed2.pcf,hfma,0,2378244,359
random_n700_rho1.0_uncorr-neg_seed2.pcf,dhfma,0,2786817,359
random_n700_rho1.0_uncorr-neg_seed2.pcf,hfma,1,2876403,359
random_n700_rho1.0_uncorr-neg_seed2.pcf,dhfma,1,2120216,359
random_n700_rho1.0_uncorr-neg_seed2.pcf,hfma,2,2344461,359
random_n700_rho1.0_uncorr-neg_seed2.pcf,dhfma,2,2484204,359
random_n700_rho1.0_uncorr-neg_seed3.pcf,hfma,0,3910570,343
random_n700_rho1.0_uncorr-neg_seed3.pcf,dhfma,0,3404562,343
random_n700_rho1.0_uncorr-neg_seed3.pcf,hfma,1,2573799,343
random_n700_rho1.0_uncorr-neg_seed3.pcf,dhfma,1,1939621,343
random_n700_rho1.0_uncorr-neg_seed3.pcf,hfma,2,1791509,343
random_n700_rho1.0_uncorr-neg_seed3.pcf,dhfma,2,1810208,343
random_n700_rho1.0_uncorr-neg_seed4.pcf,hfma,0,4849396,353
random_n700_rho1.0_uncorr-neg_seed4.pcf,dhfma,0,3101622,353
random_n700_rho1.0_uncorr-neg_seed4.pcf,hfma,1,2723191,353
random_n700_rho1.0_uncorr-neg_seed4.pcf,dhfma,1,2233899,353
random_n700_rho1.0_uncorr-neg_seed4.pcf,hfma,2,1891295,353
random_n700_rho1.0_uncorr-neg_seed4.pcf,dhfma,2,2077536,353
random_n700_rho1.0_uncorr-neg_seed5.pcf,hfma,0,2230385,357
random_n700_rho1.0_uncorr-neg_seed5.pcf,dhfma,0,2071560,357
random_n700_rho1.0_uncorr-neg_seed5.pcf,hfma,1,2513643,357
random_n700_rho1.0_uncorr-neg_seed5.pcf,dhfma,1,1743989,357
random_n700_rho1.0_uncorr-neg_seed5.pcf,hfma,2,1584776,357
random_n700_rho1.0_uncorr-neg_seed5.pcf,dhfma,2,1598418,357
random_n700_rho1.0_uncorr-neg_seed6.pcf,hfma,0,5315037,363
random_n700_rho1.0_uncorr-neg_seed6.pcf,dhfma,0,6335087,363
random_n700_rho1.0_uncorr-neg_seed6.pcf,hfma,1,5369636,363
random_n700_rho1.0_uncorr-neg_seed6.pcf,dhfma,1,3638483,363
random_n700_rho1.0_uncorr-neg_seed6.pcf,hfma,2,2294873,363
random_n700_rho1.0_uncorr-neg_seed6.pcf,dhfma,2,2192945,363
random_n700_rho1.0_uncorr-neg_seed7.pcf,hfma,0,1587584,358
random_n700_rho1.0_uncorr-neg_seed7.pcf,dhfma,0,1478355,358
random_n700_rho1.0_uncorr-neg_seed7.pcf,hfma,1,1575775,358
random_n700_rho1.0_uncorr-neg_seed7.pcf,dhfma,1,1458388,358
random_n700_rho1.0_uncorr-neg_seed7.pcf,hfma,2,1518431,358
random_n700_rho1.0_uncorr-neg_seed7.pcf,dhfma,2,1462587,358
random_n700_rho1.0_uncorr-neg_seed8.pcf,hfma,0,2232472,373
random_n700_rho1.0_uncorr-neg_seed8.pcf,dhfma,0,2204193,373
random_n700_rho1.0_uncorr-neg_seed8.pcf,hfma,1,2098871,373
random_n700_rho1.0_uncorr-neg_seed8.pcf,dhfma,1,1844950,373
random_n700_rho1.0_uncorr-neg_seed8.pcf,hfma,2,1770204,373
random_n700_rho1.0_uncorr-neg_seed8.pcf,dhfma,2,1622554,373
random_n700_rho1.0_uncorr-neg_seed9.pcf,hfma,0,3470433,325
random_n700_rho1.0_uncorr-neg_seed9.pcf,dhfma,0,2920869,325
random_n700_rho1.0_uncorr-neg_seed9.pcf,hfma,1,2824395,325
random_n700_rho1.0_uncorr-neg_seed9.pcf,dhfma,1,2732681,325
random_n700_rho1.0_uncorr-neg_seed9.pcf,hfma,2,2255593,325
random_n700_rho1.0_uncorr-neg_seed9.pcf,dhfma,2,1916088,325
random_n700_rho1.0_uncorr_seed0.pcf,hfma,0,1702823,339
random_n700_rho1.0_uncorr_seed0.pcf,dhfma,0,1530802,339
random_n700_rho1.0_uncorr_seed0.pcf,hfma,1,1528141,339
random_n700_rho1.0_uncorr_seed0.pcf,dhfma,1,1585350,339
random_n700_rho1.0_uncorr_seed0.pcf,hfma,2,1817285,339
random_n700_rho1.0_uncorr_seed0.pcf,dhfma,2,2056179,339
random_n700_rho1.0_uncorr_seed1.pcf,hfma,0,2910299,351
random_n700_rho1.0_uncorr_seed1.pcf,dhfma,0,2277544,351
random_n700_rho1.0_uncorr_seed1.pcf,hfma,1,1714353,351
random_n700_rho1.0_uncorr_seed1.pcf,dhfma,1,2356107,351
random_n700_rho1.0_uncorr_seed1.pcf,hfma,2,2356420,351
random_n700_rho1.0_uncorr_seed1.pcf,dhfma,2,3339154,351
random_n700_rho1.0_uncorr_seed2.pcf,hfma,0,5402729,347
random_n700_rho1.0_uncorr_seed2.pcf,dhfma,0,4189478,347
random_n700_rho1.0_uncorr_seed2.pcf,hfma,1,4705019,347
random_n700_rho1.0_uncorr_seed2.pcf,dhfma,1,2610053,347
random_n700_rho1.0_uncorr_seed2.pcf,hfma,2,2428162,347
random_n700_rho1.0_uncorr_seed2.pcf,dhfma,2,2624269,347
random_n700_rho1.0_uncorr_seed3.pcf,hfma,0,2795343,346
random_n700_rho1.0_uncorr_seed3.pcf,dhfma,0,2344791,346
random_n700_rho1.0_uncorr_seed3.pcf,hfma,1,2879337,346
random_n700_rho1.0_uncorr_seed3.pcf,dhfma,1,3700008,346
random_n700_rho1.0_uncorr_seed3.pcf,hfma,2,4120419,346
random_n700_rho1.0_uncorr_seed3.pcf,dhfma,2,3096899,346
random_n700_rho1.0_uncorr_seed4.pcf,hfma,0,6110463,343
random_n700_rho1.0_uncorr_seed4.pcf,dhfma,0,4261844,343
random_n700_rho1.0_uncorr_seed4.pcf,hfma,1,2758451,343
random_n700_rho1.0_uncorr_seed4.pcf,dhfma,1,2144680,343
random_n700_rho1.0_uncorr_seed4.pcf,hfma,2,1968198,343
random_n700_rho1.0_uncorr_seed4.pcf,dhfma,2,2031286,343
random_n700_rho1.0_uncorr_seed5.pcf,hfma,0,3074553,336
random_n700_rho1.0_uncorr_seed5.pcf,dhfma,0,2345306,336
random_n700_rho1.0_uncorr_seed5.pcf,hfma,1,2189103,336
random_n700_rho1.0_uncorr_seed5.pcf,dhfma,1,2153307,336
random_n700_rho1.0_uncorr_seed5.pcf,hfma,2,2159689,336
random_n700_rho1.0_uncorr_seed5.pcf,dhfma,2,2147205,336
random_n700_rho1.0_uncorr_seed6.pcf,hfma,0,2593337,358
random_n700_rho1.0_uncorr_seed6.pcf,dhfma,0,2939558,358
random_n700_rho1.0_uncorr_seed6.pcf,hfma,1,2191991,358
random_n700_rho1.0_uncorr_seed6.pcf,dhfma,1,2475494,358
random_n700_rho1.0_uncorr_seed6.pcf,hfma,2,2550741,358
random_n700_rho1.0_uncorr_seed6.pcf,dhfma,2,3453215,358
random_n700_rho1.0_uncorr_seed7.pcf,hfma,0,5402503,366
random_n700_rho1.0_uncorr_seed7.pcf,dhfma,0,3611275,366
random_n700_rho1.0_uncorr_seed7.pcf,hfma,1,1972408,366
random_n700_rho1.0_uncorr_seed7.pcf,dhfma,1,2113062,366
random_n700_rho1.0_uncorr_seed7.pcf,hfma,2,2558838,366
random_n700_rho1.0_uncorr_seed7.pcf,dhfma,2,3223560,366
random_n700_rho1.0_uncorr_seed8.pcf,hfma,0,3664103,361
random_n700_rho1.0_uncorr_seed8.pcf,dhfma,0,2753216,361
random_n700_rho1.0_uncorr_seed8.pcf,hfma,1,1900169,361
random_n700_rho1.0_uncorr_seed8.pcf,dhfma,1,1523406,361
random_n700_rho1.0_uncorr_seed8.pcf,hfma,2,1459103,361
random_n700_rho1.0_uncorr_seed8.pcf,dhfma,2,1864919,361
random_n700_rho1.0_uncorr_seed9.pcf,hfma,0,2196158,353
random_n700_rho1.0_uncorr_seed9.pcf,dhfma,0,2116553,353
random_n700_rho1.0_uncorr_seed9.pcf,hfma,1,2403054,353
random_n700_rho1.0_uncorr_seed9.pcf,dhfma,1,1504040,353
random_n700_rho1.0_uncorr_seed9.pcf,hfma,2,1488462,353
random_n700_rho1.0_uncorr_seed9.pcf,dhfma,2,1503057,353
random_n700_rho1.0_weakly-corr-neg_seed0.pcf,hfma,0,3473634,357
random_n700_rho1.0_weakly-corr-neg_seed0.pcf,dhfma,0,3661000,357
random_n700_rho1.0_weakly-corr-neg_seed0.pcf,hfma,1,5413444,357
random_n700_rho1.0_weakly-corr-neg_seed0.pcf,dhfma,1,3287240,357
random_n700_rho1.0_weakly-corr-neg_seed0.pcf,hfma,2,2826397,357
random_n700_rho1.0_weakly-corr-neg_seed0.pcf,dhfma,2,1709979,357
random_n700_rho1.0_weakly-corr-neg_seed1.pcf,hfma,0,1801278,369
random_n700_rho1.0_weakly-corr-neg_seed1.pcf,dhfma,0,2008088,369
random_n700_rho1.0_weakly-corr-neg_seed1.pcf,hfma,1,2545040,369
random_n700_rho1.0_weakly-corr-neg_seed1.pcf,dhfma,1,1315799,369
random_n700_rho1.0_weakly-corr-neg_seed1.pcf,hfma,2,1512903,369
random_n700_rho1.0_weakly-corr-neg_seed1.pcf,dhfma,2,1336706,369
random_n700_rho1.0_weakly-corr-neg_seed2.pcf,hfma,0,5306317,358
random_n700_rho1.0_weakly-corr-neg_seed2.pcf,dhfma,0,4770876,358
random_n700_rho1.0_weakly-corr-neg_seed2.pcf,hfma,1,3467014,358
random_n700_rho1.0_weakly-corr-neg_seed2.pcf,dhfma,1,1726634,358
random_n700_rho1.0_weakly-corr-neg_seed2.pcf,hfma,2,1808930,358
random_n700_rho1.0_weakly-corr-neg_seed2.pcf,dhfma,2,1734728,358
random_n700_rho1.0_weakly-corr-neg_seed3.pcf,hfma,0,4458540,341
random_n700_rho1.0_weakly-corr-neg_seed3.pcf,dhfma,0,2852147,341
random_n700_rho1.0_weakly-corr-neg_seed3.pcf,hfma,1,2922663,341
random_n700_rho1.0_weakly-corr-neg_seed3.pcf,dhfma,1,1575351,341
random_n700_rho1.0_weakly-corr-neg_seed3.pcf,hfma,2,1535574,341
random_n700_rho1.0_weakly-corr-neg_seed3.pcf,dhfma,2,1536709,341
random_n700_rho1.0_weakly-corr-neg_seed4.pcf,hfma,0,4917747,373
random_n700_rho1.0_weakly-corr-neg_seed4.pcf,dhfma,0,3404554,373
random_n700_rho1.0_weakly-corr-neg_seed4.pcf,hfma,1,1878581,373
random_n700_rho1.0_weakly-corr-neg_seed4.pcf,dhfma,1,2281548,373
random_n700_rho1.0_weakly-corr-neg_seed4.pcf,hfma,2,2472323,373
random_n700_rho1.0_weakly-corr-neg_seed4.pcf,dhfma,2,1977590,373
random_n700_rho1.0_weakly-corr-neg_seed5.pcf,hfma,0,2697824,347
random_n700_rho1.0_weakly-corr-neg_seed5.pcf,dhfma,0,2859259,347
random_n700_rho1.0_weakly-corr-neg_seed5.pcf,hfma,1,2510780,347
random_n700_rho1.0_weakly-corr-neg_seed5.pcf,dhfma,1,1879371,347
random_n700_rho1.0_weakly-corr-neg_seed5.pcf,hfma,2,1872905,347
random_n700_rho1.0_weakly-corr-neg_seed5.pcf,dhfma,2,1859752,347
random_n700_rho1.0_weakly-corr-neg_seed6.pcf,hfma,0,2705710,366
random_n700_rho1.0_weakly-corr-neg_seed6.pcf,dhfma,0,2996658,366
random_n700_rho1.0_weakly-corr-neg_seed6.pcf,hfma,1,2060139,366
random_n700_rho1.0_weakly-corr-neg_seed6.pcf,dhfma,1,2053922,366
random_n700_rho1.0_weakly-corr-neg_seed6.pcf,hfma,2,2019634,366
random_n700_rho1.0_weakly-corr-neg_seed6.pcf,dhfma,2,2029737,366
random_n700_rho1.0_weakly-corr-neg_seed7.pcf,hfma,0,2883369,345
random_n700_rho1.0_weakly-corr-neg_seed7.pcf,dhfma,0,2282237,345
random_n700_rho1.0_weakly-corr-neg_seed7.pcf,hfma,1,2939848,345
random_n700_rho1.0_weakly-corr-neg_seed7.pcf,dhfma,1,3710381,345
random_n700_rho1.0_weakly-corr-neg_seed7.pcf,hfma,2,3679529,345
random_n700_rho1.0_weakly-corr-neg_seed7.pcf,dhfma,2,2523403,345
random_n700_rho1.0_weakly-corr-neg_seed8.pcf,hfma,0,2955336,359
random_n700_rho1.0_weakly-corr-neg_seed8.pcf,dhfma,0,3312796,359
random_n700_rho1.0_weakly-corr-neg_seed8.pcf,hfma,1,5164258,359
random_n700_rho1.0_weakly-corr-neg_seed8.pcf,dhfma,1,3513868,359
random_n700_rho1.0_weakly-corr-neg_seed8.pcf,hfma,2,1572016,359
random_n700_rho1.0_weakly-corr-neg_seed8.pcf,dhfma,2,1468371,359
random_n700_rho1.0_weakly-corr-neg_seed9.pcf,hfma,0,6513304,360
random_n700_rho1.0_weakly-corr-neg_seed9.pcf,dhfma,0,5770402,360
random_n700_rho1.0_weakly-corr-neg_seed9.pcf,hfma,1,5508458,360
random_n700_rho1.0_weakly-corr-neg_seed9.pcf,dhfma,1,3029699,360
random_n700_rho1.0_weakly-corr-neg_seed9.pcf,hfma,2,2385839,360
random_n700_rho1.0_weakly-corr-neg_seed9.pcf,dhfma,2,1660645,360
random_n700_rho1.0_weakly-corr_seed0.pcf,hfma,0,2507823,353
random_n700_rho1.0_weakly-corr_seed0.pcf,dhfma,0,2639931,353
random_n700_rho1.0_weakly-corr_seed0.pcf,hfma,1,3823782,353
random_n700_rho1.0_weakly-corr_seed0.pcf,dhfma,1,3135052,353
random_n700_rho1.0_weakly-corr_seed0.pcf,hfma,2,2473395,353
random_n700_rho1.0_weakly-corr_seed0.pcf,dhfma,2,1807185,353
random_n700_rho1.0_weakly-corr_seed1.pcf,hfma,0,3151949,357
random_n700_rho1.0_weakly-corr_seed1.pcf,dhfma,0,2763492,357
random_n700_rho1.0_weakly-corr_seed1.pcf,hfma,1,2223882,357
random_n700_rho1.0_weakly-corr_seed1.pcf,dhfma,1,2212226,357
random_n700_rho1.0_weakly-corr_seed1.pcf,hfma,2,2201024,357
random_n700_rho1.0_weakly-corr_seed1.pcf,dhfma,2,2203641,357
random_n700_rho1.0_weakly-corr_seed2.pcf,hfma,0,2159404,323
random_n700_rho1.0_weakly-corr_seed2.pcf,dhfma,0,1961890,323
random_n700_rho1.0_weakly-corr_seed2.pcf,hfma,1,1795024,323
random_n700_rho1.0_weakly-corr_seed2.pcf,dhfma,1,1981099,323
random_n700_rho1.0_weakly-corr_seed2.pcf,hfma,2,1848357,323
random_n700_rho1.0_weakly-corr_seed2.pcf,dhfma,2,1927203,323
random_n700_rho1.0_weakly-corr_seed3.pcf,hfma,0,3786489,366
random_n700_rho1.0_weakly-corr_seed3.pcf,dhfma,0,4403243,366
random_n700_rho1.0_weakly-corr_seed3.pcf,hfma,1,3856267,366
random_n700_rho1.0_weakly-corr_seed3.pcf,dhfma,1,4798322,366
random_n700_rho1.0_weakly-corr_seed3.pcf,hfma,2,3267350,366
random_n700_rho1.0_weakly-corr_seed3.pcf,dhfma,2,2577926,366
random_n700_rho1.0_weakly-corr_seed4.pcf,hfma,0,2469903,351
random_n700_rho1.0_weakly-corr_seed4.pcf,dhfma,0,2514641,351
random_n700_rho1.0_weakly-corr_seed4.pcf,hfma,1,2574702,351
random_n700_rho1.0_weakly-corr_seed4.pcf,dhfma,1,1951604,351
random_n700_rho1.0_weakly-corr_seed4.pcf,hfma,2,2142943,351
random_n700_rho1.0_weakly-corr_seed4.pcf,dhfma,2,4346154,351
random_n700_rho1.0_weakly-corr_seed5.pcf,hfma,0,5257183,357
random_n700_rho1.0_weakly-corr_seed5.pcf,dhfma,0,3473908,357
random_n700_rho1.0_weakly-corr_seed5.pcf,hfma,1,2559752,357
random_n700_rho1.0_weakly-corr_seed5.pcf,dhfma,1,2684209,357
random_n700_rho1.0_weakly-corr_seed5.pcf,hfma,2,3233209,357
random_n700_rho1.0_weakly-corr_seed5.pcf,dhfma,2,2861948,357
random_n700_rho1.0_weakly-corr_seed6.pcf,hfma,0,4104554,372
random_n700_rho1.0_weakly-corr_seed6.pcf,dhfma,0,3920119,372
random_n700_rho1.0_weakly-corr_seed6.pcf,hfma,1,3068477,372
random_n700_rho1.0_weakly-corr_seed6.pcf,dhfma,1,3651515,372
random_n700_rho1.0_weakly-corr_seed6.pcf,hfma,2,2596522,372
random_n700_rho1.0_weakly-corr_seed6.pcf,dhfma,2,2051013,372
random_n700_rho1.0_weakly-corr_seed7.pcf,hfma,0,3640462,345
random_n700_rho1.0_weakly-corr_seed7.pcf,dhfma,0,3203631,345
random_n700_rho1.0_weakly-corr_seed7.pcf,hfma,1,3630772,345
random_n700_rho1.0_weakly-corr_seed7.pcf,dhfma,1,2704640,345
random_n700_rho1.0_weakly-corr_seed7.pcf,hfma,2,2059881,345
random_n700_rho1.0_weakly-corr_seed7.pcf,dhfma,2,2106931,345
random_n700_rho1.0_weakly-corr_seed8.pcf,hfma,0,3133020,339
random_n700_rho1.0_weakly-corr_seed8.pcf,dhfma,0,2510747,339
random_n700_rho1.0_weakly-corr_seed8.pcf,hfma,1,3161675,339
random_n700_rho1.0_weakly-corr_seed8.pcf,dhfma,1,2597942,339
random_n700_rho1.0_weakly-corr_seed8.pcf,hfma,2,2354394,339
random_n700_rho1.0_weakly-corr_seed8.pcf,dhfma,2,2160068,339
random_n700_rho1.0_weakly-corr_seed9.pcf,hfma,0,2831491,351
random_n700_rho1.0_weakly-corr_seed9.pcf,dhfma,0,2472739,351
random_n700_rho1.0_weakly-corr_seed9.pcf,hfma,1,3258667,351
random_n700_rho1.0_weakly-corr_seed9.pcf,dhfma,1,4081958,351
random_n700_rho1.0_weakly-corr_seed9.pcf,hfma,2,3484958,351
random_n700_rho1.0_weakly-corr_seed9.pcf,dhfma,2,2454463,351
random_n800_rho0.3_strongly-corr-neg_seed0.pcf,hfma,0,507111,581
random_n800_rho0.3_strongly-corr-neg_seed0.pcf,dhfma,0,614601,581
random_n800_rho0.3_strongly-corr-neg_seed0.pcf,hfma,1,499408,581
random_n800_rho0.3_strongly-corr-neg_seed0.pcf,dhfma,1,657861,581
random_n800_rho0.3_strongly-corr-neg_seed0.pcf,hfma,2,553306,581
random_n800_rho0.3_strongly-corr-neg_seed0.pcf,dhfma,2,479442,581
random_n800_rho0.3_strongly-corr-neg_seed1.pcf,hfma,0,769562,567
random_n800_rho0.3_strongly-corr-neg_seed1.pcf,dhfma,0,925597,567
random_n800_rho0.3_strongly-corr-neg_seed1.pcf,hfma,1,720687,567
random_n800_rho0.3_strongly-corr-neg_seed1.pcf,dhfma,1,557656,567
random_n800_rho0.3_strongly-corr-neg_seed1.pcf,hfma,2,479108,567
random_n800_rho0.3_strongly-corr-neg_seed1.pcf,dhfma,2,544702,567
random_n800_rho0.3_strongly-corr-neg_seed2.pcf,hfma,0,566616,556
random_n800_rho0.3_strongly-corr-neg_seed2.pcf,dhfma,0,660637,556
random_n800_rho0.3_strongly-corr-neg_seed2.pcf,hfma,1,547352,556
random_n800_rho0.3_strongly-corr-neg_seed2.pcf,dhfma,1,581340,556
random_n800_rho0.3_strongly-corr-neg_seed2.pcf,hfma,2,505254,556
random_n800_rho0.3_strongly-corr-neg_seed2.pcf,dhfma,2,525847,556
random_n800_rho0.3_strongly-corr-neg_seed3.pcf,hfma,0,904750,561
random_n800_rho0.3_strongly-corr-neg_seed3.pcf,dhfma,0,1012776,561
random_n800_rho0.3_strongly-corr-neg_seed3.pcf,hfma,1,691936,561
random_n800_rho0.3_strongly-corr-neg_seed3.pcf,dhfma,1,784049,561
random_n800_rho0.3_strongly-corr-neg_seed3.pcf,hfma,2,589085,561
random_n800_rho0.3_strongly-corr-neg_seed3.pcf,dhfma,2,683642,561
random_n800_rho0.3_strongly-corr-neg_seed4.pcf,hfma,0,652350,593
random_n800_rho0.3_strongly-corr-neg_seed4.pcf,dhfma,0,927454,593
random_n800_rho0.3_strongly-corr-neg_seed4.pcf,hfma,1,455955,593
random_n800_rho0.3_strongly-corr-neg_seed4.pcf,dhfma,1,597730,593
random_n800_rho0.3_strongly-corr-neg_seed4.pcf,hfma,2,476413,593
random_n800_rho0.3_strongly-corr-neg_seed4.pcf,dhfma,2,623827,593
random_n800_rho0.3_strongly-corr-neg_seed5.pcf,hfma,0,778234,580
random_n800_rho0.3_strongly-corr-neg_seed5.pcf,dhfma,0,892721,580
random_n800_rho0.3_strongly-corr-neg_seed5.pcf,hfma,1,800313,580
random_n800_rho0.3_strongly-corr-neg_seed5.pcf,dhfma,1,1026751,580
random_n800_rho0.3_strongly-corr-neg_seed5.pcf,hfma,2,868532,580
random_n800_rho0.3_strongly-corr-neg_seed5.pcf,dhfma,2,855064,580
random_n800_rho0.3_strongly-corr-neg_seed6.pcf,hfma,0,1220480,586
random_n800_rho0.3_strongly-corr-neg_seed6.pcf,dhfma,0,1470079,586
random_n800_rho0.3_strongly-corr-neg_seed6.pcf,hfma,1,1119227,586
random_n800_rho0.3_strongly-corr-neg_seed6.pcf,dhfma,1,1063887,586
random_n800_rho0.3_strongly-corr-neg_seed6.pcf,hfma,2,895681,586
random_n800_rho0.3_strongly-corr-neg_seed6.pcf,dhfma,2,1117415,586
random_n800_rho0.3_strongly-corr-neg_seed7.pcf,hfma,0,1140985,566
random_n800_rho0.3_strongly-corr-neg_seed7.pcf,dhfma,0,1262904,566
random_n800_rho0.3_strongly-corr-neg_seed7.pcf,hfma,1,984899,566
random_n800_rho0.3_strongly-corr-neg_seed7.pcf,dhfma,1,1178128,566
random_n800_rho0.3_strongly-corr-neg_seed7.pcf,hfma,2,956635,566
random_n800_rho0.3_strongly-corr-neg_seed7.pcf,dhfma,2,1159774,566
random_n800_rho0.3_strongly-corr-neg_seed8.pcf,hfma,0,1364653,582
random_n800_rho0.3_strongly-corr-neg_seed8.pcf,dhfma,0,1376816,582
random_n800_rho0.3_strongly-corr-neg_seed8.pcf,hfma,1,1011045,582
random_n800_rho0.3_strongly-corr-neg_seed8.pcf,dhfma,1,1229137,582
random_n800_rho0.3_strongly-corr-neg_seed8.pcf,hfma,2,1130539,582
random_n800_rho0.3_strongly-corr-neg_seed8.pcf,dhfma,2,1297807,582
random_n800_rho0.3_strongly-corr-neg_seed9.pcf,hfma,0,1147978,574
random_n800_rho0.3_strongly-corr-neg_seed9.pcf,dhfma,0,1188774,574
random_n800_rho0.3_strongly-corr-neg_seed9.pcf,hfma,1,927682,574
random_n800_rho0.3_strongly-corr-neg_seed9.pcf,dhfma,1,1221494,574
random_n800_rho0.3_strongly-corr-neg_seed9.pcf,hfma,2,1024062,574
random_n800_rho0.3_strongly-corr-neg_seed9.pcf,dhfma,2,1244460,574
random_n800_rho0.3_strongly-corr_seed0.pcf,hfma,0,1215907,504
random_n800_rho0.3_strongly-corr_seed0.pcf,dhfma,0,1269679,504
random_n800_rho0.3_strongly-corr_seed0.pcf,hfma,1,1102639,504
random_n800_rho0.3_strongly-corr_seed0.pcf,dhfma,1,1366893,504
random_n800_rho0.3_strongly-corr_seed0.pcf,hfma,2,1146472,504
random_n800_rho0.3_strongly-corr_seed0.pcf,dhfma,2,1143273,504
random_n800_rho0.3_strongly-corr_seed1.pcf,hfma,0,1046076,518
random_n800_rho0.3_strongly-corr_seed1.pcf,dhfma,0,1203168,518
random_n800_rho0.3_strongly-corr_seed1.pcf,hfma,1,975400,518
random_n800_rho0.3_strongly-corr_seed1.pcf,dhfma,1,1165361,518
random_n800_rho0.3_strongly-corr_seed1.pcf,hfma,2,959968,518
random_n800_rho0.3_strongly-corr_seed1.pcf,dhfma,2,1146243,518
random_n800_rho0.3_strongly-corr_seed2.pcf,hfma,0,1121104,496
random_n800_rho0.3_strongly-corr_seed2.pcf,dhfma,0,1220925,496
random_n800_rho0.3_strongly-corr_seed2.pcf,hfma,1,1107078,496
random_n800_rho0.3_strongly-corr_seed2.pcf,dhfma,1,1272045,496
random_n800_rho0.3_strongly-corr_seed2.pcf,hfma,2,1027156,496
random_n800_rho0.3_strongly-corr_seed2.pcf,dhfma,2,1190509,496
random_n800_rho0.3_strongly-corr_seed3.pcf,hfma,0,1426616,521
random_n800_rho0.3_strongly-corr_seed3.pcf,dhfma,0,1552534,521
random_n800_rho0.3_strongly-corr_seed3.pcf,hfma,1,373401,521
random_n800_rho0.3_strongly-corr_seed3.pcf,dhfma,1,455137,521
random_n800_rho0.3_strongly-corr_seed3.pcf,hfma,2,370953,521
random_n800_rho0.3_strongly-corr_seed3.pcf,dhfma,2,445799,521
random_n800_rho0.3_strongly-corr_seed4.pcf,hfma,0,1524811,523
random_n800_rho0.3_strongly-corr_seed4.pcf,dhfma,0,1674500,523
random_n800_rho0.3_strongly-corr_seed4.pcf,hfma,1,1224399,523
random_n800_rho0.3_strongly-corr_seed4.pcf,dhfma,1,1337639,523
random_n800_rho0.3_strongly-corr_seed4.pcf,hfma,2,1202054,523
random_n800_rho0.3_strongly-corr_seed4.pcf,dhfma,2,1288003,523
random_n800_rho0.3_strongly-corr_seed5.pcf,hfma,0,1341819,512
random_n800_rho0.3_strongly-corr_seed5.pcf,dhfma,0,1509992,512
random_n800_rho0.3_strongly-corr_seed5.pcf,hfma,1,1091658,512
random_n800_rho0.3_strongly-corr_seed5.pcf,dhfma,1,1105814,512
random_n800_rho0.3_strongly-corr_seed5.pcf,hfma,2,634242,512
random_n800_rho0.3_strongly-corr_seed5.pcf,dhfma,2,757828,512
random_n800_rho0.3_strongly-corr_seed6.pcf,hfma,0,1116766,518
random_n800_rho0.3_strongly-corr_seed6.pcf,dhfma,0,1299138,518
random_n800_rho0.3_strongly-corr_seed6.pcf,hfma,1,1112587,518
random_n800_rho0.3_strongly-corr_seed6.pcf,dhfma,1,1297441,518
random_n800_rho0.3_strongly-corr_seed6.pcf,hfma,2,1106285,518
random_n800_rho0.3_strongly-corr_seed6.pcf,dhfma,2,1343367,518
random_n800_rho0.3_strongly-corr_seed7.pcf,hfma,0,1334766,518
random_n800_rho0.3_strongly-corr_seed7.pcf,dhfma,0,1465075,518
random_n800_rho0.3_strongly-corr_seed7.pcf,hfma,1,1113916,518
random_n800_rho0.3_strongly-corr_seed7.pcf,dhfma,1,883423,518
random_n800_rho0.3_strongly-corr_seed7.pcf,hfma,2,768998,518
random_n800_rho0.3_strongly-corr_seed7.pcf,dhfma,2,947913,518
random_n800_rho0.3_strongly-corr_seed8.pcf,hfma,0,1041870,542
random_n800_rho0.3_strongly-corr_seed8.pcf,dhfma,0,1263496,542
random_n800_rho0.3_strongly-corr_seed8.pcf,hfma,1,1093174,542
random_n800_rho0.3_strongly-corr_seed8.pcf,dhfma,1,1245277,542
random_n800_rho0.3_strongly-corr_seed8.pcf,hfma,2,1079252,542
random_n800_rho0.3_strongly-corr_seed8.pcf,dhfma,2,1229921,542
random_n800_rho0.3_strongly-corr_seed9.pcf,hfma,0,1201956,518
random_n800_rho0.3_strongly-corr_seed9.pcf,dhfma,0,1496732,518
random_n800_rho0.3_strongly-corr_seed9.pcf,hfma,1,828684,518
random_n800_rho0.3_strongly-corr_seed9.pcf,dhfma,1,949815,518
random_n800_rho0.3_strongly-corr_seed9.pcf,hfma,2,844889,518
random_n800_rho0.3_strongly-corr_seed9.pcf,dhfma,2,1064143,518
random_n800_rho0.3_uncorr-neg_seed0.pcf,hfma,0,1125894,688
random_n800_rho0.3_uncorr-neg_seed0.pcf,dhfma,0,1308166,688
random_n800_rho0.3_uncorr-neg_seed0.pcf,hfma,1,1080364,688
random_n800_rho0.3_uncorr-neg_seed0.pcf,dhfma,1,1191861,688
random_n800_rho0.3_uncorr-neg_seed0.pcf,hfma,2,876052,688
random_n800_rho0.3_uncorr-neg_seed0.pcf,dhfma,2,1018760,688
random_n800_rho0.3_uncorr-neg_seed1.pcf,hfma,0,890688,689
random_n800_rho0.3_uncorr-neg_seed1.pcf,dhfma,0,1163041,689
random_n800_rho0.3_uncorr-neg_seed1.pcf,hfma,1,973135,689
random_n800_rho0.3_uncorr-neg_seed1.pcf,dhfma,1,1180558,689
random_n800_rho0.3_uncorr-neg_seed1.pcf,hfma,2,1025022,689
random_n800_rho0.3_uncorr-neg_seed1.pcf,dhfma,2,1135548,689
random_n800_rho0.3_uncorr-neg_seed2.pcf,hfma,0,1141122,681
random_n800_rho0.3_uncorr-neg_seed2.pcf,dhfma,0,1306664,681
random_n800_rho0.3_uncorr-neg_seed2.pcf,hfma,1,1066295,681
random_n800_rho0.3_uncorr-neg_seed2.pcf,dhfma,1,689826,681
random_n800_rho0.3_uncorr-neg_seed2.pcf,hfma,2,273483,681
random_n800_rho0.3_uncorr-neg_seed2.pcf,dhfma,2,345648,681
random_n800_rho0.3_uncorr-neg_seed3.pcf,hfma,0,1235662,675
random_n800_rho0.3_uncorr-neg_seed3.pcf,dhfma,0,1396245,675
random_n800_rho0.3_uncorr-neg_seed3.pcf,hfma,1,1006226,675
random_n800_rho0.3_uncorr-neg_seed3.pcf,dhfma,1,1132099,675
random_n800_rho0.3_uncorr-neg_seed3.pcf,hfma,2,820965,675
random_n800_rho0.3_uncorr-neg_seed3.pcf,dhfma,2,876947,675
random_n800_rho0.3_uncorr-neg_seed4.pcf,hfma,0,595059,691
random_n800_rho0.3_uncorr-neg_seed4.pcf,dhfma,0,636603,691
random_n800_rho0.3_uncorr-neg_seed4.pcf,hfma,1,440883,691
random_n800_rho0.3_uncorr-neg_seed4.pcf,dhfma,1,527318,691
random_n800_rho0.3_uncorr-neg_seed4.pcf,hfma,2,376213,691
random_n800_rho0.3_uncorr-neg_seed4.pcf,dhfma,2,463964,691
random_n800_rho0.3_uncorr-neg_seed5.pcf,hfma,0,432569,669
random_n800_rho0.3_uncorr-neg_seed5.pcf,dhfma,0,481005,669
random_n800_rho0.3_uncorr-neg_seed5.pcf,hfma,1,346578,669
random_n800_rho0.3_uncorr-neg_seed5.pcf,dhfma,1,390982,669
random_n800_rho0.3_uncorr-neg_seed5.pcf,hfma,2,290597,669
random_n800_rho0.3_uncorr-neg_seed5.pcf,dhfma,2,349735,669
random_n800_rho0.3_uncorr-neg_seed6.pcf,hfma,0,515388,688
random_n800_rho0.3_uncorr-neg_seed6.pcf,dhfma,0,645522,688
random_n800_rho0.3_uncorr-neg_seed6.pcf,hfma,1,525903,688
random_n800_rho0.3_uncorr-neg_seed6.pcf,dhfma,1,728101,688
random_n800_rho0.3_uncorr-neg_seed6.pcf,hfma,2,619710,688
random_n800_rho0.3_uncorr-neg_seed6.pcf,dhfma,2,859363,688
random_n800_rho0.3_uncorr-neg_seed7.pcf,hfma,0,568619,670
random_n800_rho0.3_uncorr-neg_seed7.pcf,dhfma,0,600711,670
random_n800_rho0.3_uncorr-neg_seed7.pcf,hfma,1,455017,670
random_n800_rho0.3_uncorr-neg_seed7.pcf,dhfma,1,525449,670
random_n800_rho0.3_uncorr-neg_seed7.pcf,hfma,2,395824,670
random_n800_rho0.3_uncorr-neg_seed7.pcf,dhfma,2,484151,670
random_n800_rho0.3_uncorr-neg_seed8.pcf,hfma,0,366875,672
random_n800_rho0.3_uncorr-neg_seed8.pcf,dhfma,0,404536,672
random_n800_rho0.3_uncorr-neg_seed8.pcf,hfma,1,292905,672
random_n800_rho0.3_uncorr-neg_seed8.pcf,dhfma,1,355198,672
random_n800_rho0.3_uncorr-neg_seed8.pcf,hfma,2,267587,672
random_n800_rho0.3_uncorr-neg_seed8.pcf,dhfma,2,329296,672
random_n800_rho0.3_uncorr-neg_seed9.pcf,hfma,0,296551,673
random_n800_rho0.3_uncorr-neg_seed9.pcf,dhfma,0,339658,673
random_n800_rho0.3_uncorr-neg_seed9.pcf,hfma,1,262863,673
random_n800_rho0.3_uncorr-neg_seed9.pcf,dhfma,1,329477,673
random_n800_rho0.3_uncorr-neg_seed9.pcf,hfma,2,278127,673
random_n800_rho0.3_uncorr-neg_seed9.pcf,dhfma,2,317440,673
random_n800_rho0.3_uncorr_seed0.pcf,hfma,0,312327,685
random_n800_rho0.3_uncorr_seed0.pcf,dhfma,0,355960,685
random_n800_rho0.3_uncorr_seed0.pcf,hfma,1,278125,685
random_n800_rho0.3_uncorr_seed0.pcf,dhfma,1,336388,685
random_n800_rho0.3_uncorr_seed0.pcf,hfma,2,280848,685
random_n800_rho0.3_uncorr_seed0.pcf,dhfma,2,327281,685
random_n800_rho0.3_uncorr_seed1.pcf,hfma,0,510868,658
random_n800_rho0.3_uncorr_seed1.pcf,dhfma,0,650373,658
random_n800_rho0.3_uncorr_seed1.pcf,hfma,1,523827,658
random_n800_rho0.3_uncorr_seed1.pcf,dhfma,1,690454,658
random_n800_rho0.3_uncorr_seed1.pcf,hfma,2,592421,658
random_n800_rho0.3_uncorr_seed1.pcf,dhfma,2,788379,658
random_n800_rho0.3_uncorr_seed2.pcf,hfma,0,1009179,674
random_n800_rho0.3_uncorr_seed2.pcf,dhfma,0,1242560,674
random_n800_rho0.3_uncorr_seed2.pcf,hfma,1,859487,674
random_n800_rho0.3_uncorr_seed2.pcf,dhfma,1,927561,674
random_n800_rho0.3_uncorr_seed2.pcf,hfma,2,662564,674
random_n800_rho0.3_uncorr_seed2.pcf,dhfma,2,750497,674
random_n800_rho0.3_uncorr_seed3.pcf,hfma,0,562778,698
random_n800_rho0.3_uncorr_seed3.pcf,dhfma,0,612672,698
random_n800_rho0.3_uncorr_seed3.pcf,hfma,1,435138,698
random_n800_rho0.3_uncorr_seed3.pcf,dhfma,1,515313,698
random_n800_rho0.3_uncorr_seed3.pcf,hfma,2,387773,698
random_n800_rho0.3_uncorr_seed3.pcf,dhfma,2,488060,698
random_n800_rho0.3_uncorr_seed4.pcf,hfma,0,744192,663
random_n800_rho0.3_uncorr_seed4.pcf,dhfma,0,960898,663
random_n800_rho0.3_uncorr_seed4.pcf,hfma,1,846316,663
random_n800_rho0.3_uncorr_seed4.pcf,dhfma,1,1118229,663
random_n800_rho0.3_uncorr_seed4.pcf,hfma,2,941278,663
random_n800_rho0.3_uncorr_seed4.pcf,dhfma,2,1193851,663
random_n800_rho0.3_uncorr_seed5.pcf,hfma,0,784797,679
random_n800_rho0.3_uncorr_seed5.pcf,dhfma,0,931055,679
random_n800_rho0.3_uncorr_seed5.pcf,hfma,1,807521,679
random_n800_rho0.3_uncorr_seed5.pcf,dhfma,1,1022483,679
random_n800_rho0.3_uncorr_seed5.pcf,hfma,2,791992,679
random_n800_rho0.3_uncorr_seed5.pcf,dhfma,2,879626,679
random_n800_rho0.3_uncorr_seed6.pcf,hfma,0,654644,677
random_n800_rho0.3_uncorr_seed6.pcf,dhfma,0,719828,677
random_n800_rho0.3_uncorr_seed6.pcf,hfma,1,473205,677
random_n800_rho0.3_uncorr_seed6.pcf,dhfma,1,584122,677
random_n800_rho0.3_uncorr_seed6.pcf,hfma,2,431272,677
random_n800_rho0.3_uncorr_seed6.pcf,dhfma,2,539921,677
random_n800_rho0.3_uncorr_seed7.pcf,hfma,0,420085,675
random_n800_rho0.3_uncorr_seed7.pcf,dhfma,0,444004,675
random_n800_rho0.3_uncorr_seed7.pcf,hfma,1,344239,675
random_n800_rho0.3_uncorr_seed7.pcf,dhfma,1,381995,675
random_n800_rho0.3_uncorr_seed7.pcf,hfma,2,303422,675
random_n800_rho0.3_uncorr_seed7.pcf,dhfma,2,360226,675
random_n800_rho0.3_uncorr_seed8.pcf,hfma,0,297476,676
random_n800_rho0.3_uncorr_seed8.pcf,dhfma,0,336646,676
random_n800_rho0.3_uncorr_seed8.pcf,hfma,1,268995,676
random_n800_rho0.3_uncorr_seed8.pcf,dhfma,1,327861,676
random_n800_rho0.3_uncorr_seed8.pcf,hfma,2,258840,676
random_n800_rho0.3_uncorr_seed8.pcf,dhfma,2,326356,676
random_n800_rho0.3_uncorr_seed9.pcf,hfma,0,423550,689
random_n800_rho0.3_uncorr_seed9.pcf,dhfma,0,547024,689
random_n800_rho0.3_uncorr_seed9.pcf,hfma,1,264824,689
random_n800_rho0.3_uncorr_seed9.pcf,dhfma,1,318208,689
random_n800_rho0.3_uncorr_seed9.pcf,hfma,2,246660,689
random_n800_rho0.3_uncorr_seed9.pcf,dhfma,2,313290,689
random_n800_rho0.3_weakly-corr-neg_seed0.pcf,hfma,0,510247,684
random_n800_rho0.3_weakly-corr-neg_seed0.pcf,dhfma,0,399510,684
random_n800_rho0.3_weakly-corr-neg_seed0.pcf,hfma,1,312659,684
random_n800_rho0.3_weakly-corr-neg_seed0.pcf,dhfma,1,359128,684
random_n800_rho0.3_weakly-corr-neg_seed0.pcf,hfma,2,278906,684
random_n800_rho0.3_weakly-corr-neg_seed0.pcf,dhfma,2,307839,684
random_n800_rho0.3_weakly-corr-neg_seed1.pcf,hfma,0,278452,685
random_n800_rho0.3_weakly-corr-neg_seed1.pcf,dhfma,0,320405,685
random_n800_rho0.3_weakly-corr-neg_seed1.pcf,hfma,1,235263,685
random_n800_rho0.3_weakly-corr-neg_seed1.pcf,dhfma,1,283037,685
random_n800_rho0.3_weakly-corr-neg_seed1.pcf,hfma,2,232047,685
random_n800_rho0.3_weakly-corr-neg_seed1.pcf,dhfma,2,276918,685
random_n800_rho0.3_weakly-corr-neg_seed2.pcf,hfma,0,416706,694
random_n800_rho0.3_weakly-corr-neg_seed2.pcf,dhfma,0,487176,694
random_n800_rho0.3_weakly-corr-neg_seed2.pcf,hfma,1,374883,694
random_n800_rho0.3_weakly-corr-neg_seed2.pcf,dhfma,1,482726,694
random_n800_rho0.3_weakly-corr-neg_seed2.pcf,hfma,2,403092,694
random_n800_rho0.3_weakly-corr-neg_seed2.pcf,dhfma,2,524056,694
random_n800_rho0.3_weakly-corr-neg_seed3.pcf,hfma,0,608871,676
random_n800_rho0.3_weakly-corr-neg_seed3.pcf,dhfma,0,799227,676
random_n800_rho0.3_weakly-corr-neg_seed3.pcf,hfma,1,614596,676
random_n800_rho0.3_weakly-corr-neg_seed3.pcf,dhfma,1,832317,676
random_n800_rho0.3_weakly-corr-neg_seed3.pcf,hfma,2,696077,676
random_n800_rho0.3_weakly-corr-neg_seed3.pcf,dhfma,2,947665,676
random_n800_rho0.3_weakly-corr-neg_seed4.pcf,hfma,0,725534,680
random_n800_rho0.3_weakly-corr-neg_seed4.pcf,dhfma,0,873485,680
random_n800_rho0.3_weakly-corr-neg_seed4.pcf,hfma,1,729119,680
random_n800_rho0.3_weakly-corr-neg_seed4.pcf,dhfma,1,918746,680
random_n800_rho0.3_weakly-corr-neg_seed4.pcf,hfma,2,823457,680
random_n800_rho0.3_weakly-corr-neg_seed4.pcf,dhfma,2,1142663,680
random_n800_rho0.3_weakly-corr-neg_seed5.pcf,hfma,0,885467,660
random_n800_rho0.3_weakly-corr-neg_seed5.pcf,dhfma,0,924036,660
random_n800_rho0.3_weakly-corr-neg_seed5.pcf,hfma,1,650942,660
random_n800_rho0.3_weakly-corr-neg_seed5.pcf,dhfma,1,746861,660
random_n800_rho0.3_weakly-corr-neg_seed5.pcf,hfma,2,607386,660
random_n800_rho0.3_weakly-corr-neg_seed5.pcf,dhfma,2,645536,660
random_n800_rho0.3_weakly-corr-neg_seed6.pcf,hfma,0,956061,688
random_n800_rho0.3_weakly-corr-neg_seed6.pcf,dhfma,0,1206024,688
random_n800_rho0.3_weakly-corr-neg_seed6.pcf,hfma,1,1028465,688
random_n800_rho0.3_weakly-corr-neg_seed6.pcf,dhfma,1,1122816,688
random_n800_rho0.3_weakly-corr-neg_seed6.pcf,hfma,2,814262,688
random_n800_rho0.3_weakly-corr-neg_seed6.pcf,dhfma,2,1023942,688
random_n800_rho0.3_weakly-corr-neg_seed7.pcf,hfma,0,795517,672
random_n800_rho0.3_weakly-corr-neg_seed7.pcf,dhfma,0,866909,672
random_n800_rho0.3_weakly-corr-neg_seed7.pcf,hfma,1,571696,672
random_n800_rho0.3_weakly-corr-neg_seed7.pcf,dhfma,1,649113,672
random_n800_rho0.3_weakly-corr-neg_seed7.pcf,hfma,2,493537,672
random_n800_rho0.3_weakly-corr-neg_seed7.pcf,dhfma,2,557051,672
random_n800_rho0.3_weakly-corr-neg_seed8.pcf,hfma,0,479788,662
random_n800_rho0.3_weakly-corr-neg_seed8.pcf,dhfma,0,630000,662
random_n800_rho0.3_weakly-corr-neg_seed8.pcf,hfma,1,367085,662
random_n800_rho0.3_weakly-corr-neg_seed8.pcf,dhfma,1,424698,662
random_n800_rho0.3_weakly-corr-neg_seed8.pcf,hfma,2,325875,662
random_n800_rho0.3_weakly-corr-neg_seed8.pcf,dhfma,2,372164,662
random_n800_rho0.3_weakly-corr-neg_seed9.pcf,hfma,0,545719,670
random_n800_rho0.3_weakly-corr-neg_seed9.pcf,dhfma,0,678302,670
random_n800_rho0.3_weakly-corr-neg_seed9.pcf,hfma,1,553267,670
random_n800_rho0.3_weakly-corr-neg_seed9.pcf,dhfma,1,753524,670
random_n800_rho0.3_weakly-corr-neg_seed9.pcf,hfma,2,626171,670
random_n800_rho0.3_weakly-corr-neg_seed9.pcf,dhfma,2,739905,670
random_n800_rho0.3_weakly-corr_seed0.pcf,hfma,0,500263,657
random_n800_rho0.3_weakly-corr_seed0.pcf,dhfma,0,525958,657
random_n800_rho0.3_weakly-corr_seed0.pcf,hfma,1,384655,657
random_n800_rho0.3_weakly-corr_seed0.pcf,dhfma,1,447797,657
random_n800_rho0.3_weakly-corr_seed0.pcf,hfma,2,360289,657
random_n800_rho0.3_weakly-corr_seed0.pcf,dhfma,2,407708,657
random_n800_rho0.3_weakly-corr_seed1.pcf,hfma,0,381762,675
random_n800_rho0.3_weakly-corr_seed1.pcf,dhfma,0,445060,675
random_n800_rho0.3_weakly-corr_seed1.pcf,hfma,1,371392,675
random_n800_rho0.3_weakly-corr_seed1.pcf,dhfma,1,479165,675
random_n800_rho0.3_weakly-corr_seed1.pcf,hfma,2,390550,675
random_n800_rho0.3_weakly-corr_seed1.pcf,dhfma,2,498104,675
random_n800_rho0.3_weakly-corr_seed2.pcf,hfma,0,578776,679
random_n800_rho0.3_weakly-corr_seed2.pcf,dhfma,0,598023,679
random_n800_rho0.3_weakly-corr_seed2.pcf,hfma,1,440159,679
random_n800_rho0.3_weakly-corr_seed2.pcf,dhfma,1,536645,679
random_n800_rho0.3_weakly-corr_seed2.pcf,hfma,2,404280,679
random_n800_rho0.3_weakly-corr_seed2.pcf,dhfma,2,443062,679
random_n800_rho0.3_weakly-corr_seed3.pcf,hfma,0,629803,672
random_n800_rho0.3_weakly-corr_seed3.pcf,dhfma,0,730734,672
random_n800_rho0.3_weakly-corr_seed3.pcf,hfma,1,563802,672
random_n800_rho0.3_weakly-corr_seed3.pcf,dhfma,1,639151,672
random_n800_rho0.3_weakly-corr_seed3.pcf,hfma,2,414587,672
random_n800_rho0.3_weakly-corr_seed3.pcf,dhfma,2,481719,672
random_n800_rho0.3_weakly-corr_seed4.pcf,hfma,0,736169,676
random_n800_rho0.3_weakly-corr_seed4.pcf,dhfma,0,955045,676
random_n800_rho0.3_weakly-corr_seed4.pcf,hfma,1,764881,676
random_n800_rho0.3_weakly-corr_seed4.pcf,dhfma,1,1060981,676
random_n800_rho0.3_weakly-corr_seed4.pcf,hfma,2,719157,676
random_n800_rho0.3_weakly-corr_seed4.pcf,dhfma,2,761076,676
random_n800_rho0.3_weakly-corr_seed5.pcf,hfma,0,905696,673
random_n800_rho0.3_weakly-corr_seed5.pcf,dhfma,0,1029262,673
random_n800_rho0.3_weakly-corr_seed5.pcf,hfma,1,715191,673
random_n800_rho0.3_weakly-corr_seed5.pcf,dhfma,1,850278,673
random_n800_rho0.3_weakly-corr_seed5.pcf,hfma,2,601443,673
random_n800_rho0.3_weakly-corr_seed5.pcf,dhfma,2,717026,673
random_n800_rho0.3_weakly-corr_seed6.pcf,hfma,0,637122,684
random_n800_rho0.3_weakly-corr_seed6.pcf,dhfma,0,724180,684
random_n800_rho0.3_weakly-corr_seed6.pcf,hfma,1,493930,684
random_n800_rho0.3_weakly-corr_seed6.pcf,dhfma,1,580542,684
random_n800_rho0.3_weakly-corr_seed6.pcf,hfma,2,463167,684
random_n800_rho0.3_weakly-corr_seed6.pcf,dhfma,2,507578,684
random_n800_rho0.3_weakly-corr_seed7.pcf,hfma,0,582544,676
random_n800_rho0.3_weakly-corr_seed7.pcf,dhfma,0,633270,676
random_n800_rho0.3_weakly-corr_seed7.pcf,hfma,1,483454,676
random_n800_rho0.3_weakly-corr_seed7.pcf,dhfma,1,509212,676
random_n800_rho0.3_weakly-corr_seed7.pcf,hfma,2,407908,676
random_n800_rho0.3_weakly-corr_seed7.pcf,dhfma,2,455428,676
random_n800_rho0.3_weakly-corr_seed8.pcf,hfma,0,392376,679
random_n800_rho0.3_weakly-corr_seed8.pcf,dhfma,0,430141,679
random_n800_rho0.3_weakly-corr_seed8.pcf,hfma,1,326810,679
random_n800_rho0.3_weakly-corr_seed8.pcf,dhfma,1,379995,679
random_n800_rho0.3_weakly-corr_seed8.pcf,hfma,2,291450,679
random_n800_rho0.3_weakly-corr_seed8.pcf,dhfma,2,341063,679
random_n800_rho0.3_weakly-corr_seed9.pcf,hfma,0,460850,697
random_n800_rho0.3_weakly-corr_seed9.pcf,dhfma,0,577997,697
random_n800_rho0.3_weakly-corr_seed9.pcf,hfma,1,442100,697
random_n800_rho0.3_weakly-corr_seed9.pcf,dhfma,1,630890,697
random_n800_rho0.3_weakly-corr_seed9.pcf,hfma,2,497477,697
random_n800_rho0.3_weakly-corr_seed9.pcf,dhfma,2,656790,697
random_n800_rho0.6_strongly-corr-neg_seed0.pcf,hfma,0,854340,500
random_n800_rho0.6_strongly-corr-neg_seed0.pcf,dhfma,0,797184,500
random_n800_rho0.6_strongly-corr-neg_seed0.pcf,hfma,1,660158,500
random_n800_rho0.6_strongly-corr-neg_seed0.pcf,dhfma,1,653052,500
random_n800_rho0.6_strongly-corr-neg_seed0.pcf,hfma,2,561940,500
random_n800_rho0.6_strongly-corr-neg_seed0.pcf,dhfma,2,563807,500
random_n800_rho0.6_strongly-corr-neg_seed1.pcf,hfma,0,1228101,495
random_n800_rho0.6_strongly-corr-neg_seed1.pcf,dhfma,0,886135,495
random_n800_rho0.6_strongly-corr-neg_seed1.pcf,hfma,1,915549,495
random_n800_rho0.6_strongly-corr-neg_seed1.pcf,dhfma,1,913742,495
random_n800_rho0.6_strongly-corr-neg_seed1.pcf,hfma,2,1056182,495
random_n800_rho0.6_strongly-corr-neg_seed1.pcf,dhfma,2,1061035,495
random_n800_rho0.6_strongly-corr-neg_seed2.pcf,hfma,0,1143176,488
random_n800_rho0.6_strongly-corr-neg_seed2.pcf,dhfma,0,1033651,488
random_n800_rho0.6_strongly-corr-neg_seed2.pcf,hfma,1,863500,488
random_n800_rho0.6_strongly-corr-neg_seed2.pcf,dhfma,1,819449,488
random_n800_rho0.6_strongly-corr-neg_seed2.pcf,hfma,2,699001,488
random_n800_rho0.6_strongly-corr-neg_seed2.pcf,dhfma,2,652120,488
random_n800_rho0.6_strongly-corr-neg_seed3.pcf,hfma,0,610887,481
random_n800_rho0.6_strongly-corr-neg_seed3.pcf,dhfma,0,621217,481
random_n800_rho0.6_strongly-corr-neg_seed3.pcf,hfma,1,583262,481
random_n800_rho0.6_strongly-corr-neg_seed3.pcf,dhfma,1,605964,481
random_n800_rho0.6_strongly-corr-neg_seed3.pcf,hfma,2,599488,481
random_n800_rho0.6_strongly-corr-neg_seed3.pcf,dhfma,2,582813,481
random_n800_rho0.6_strongly-corr-neg_seed4.pcf,hfma,0,893247,494
random_n800_rho0.6_strongly-corr-neg_seed4.pcf,dhfma,0,935780,494
random_n800_rho0.6_strongly-corr-neg_seed4.pcf,hfma,1,579262,494
random_n800_rho0.6_strongly-corr-neg_seed4.pcf,dhfma,1,616706,494
random_n800_rho0.6_strongly-corr-neg_seed4.pcf,hfma,2,562848,494
random_n800_rho0.6_strongly-corr-neg_seed4.pcf,dhfma,2,699053,494
random_n800_rho0.6_strongly-corr-neg_seed5.pcf,hfma,0,1154779,490
random_n800_rho0.6_strongly-corr-neg_seed5.pcf,dhfma,0,1171211,490
random_n800_rho0.6_strongly-corr-neg_seed5.pcf,hfma,1,915985,490
random_n800_rho0.6_strongly-corr-neg_seed5.pcf,dhfma,1,959368,490
random_n800_rho0.6_strongly-corr-neg_seed5.pcf,hfma,2,1026084,490
random_n800_rho0.6_strongly-corr-neg_seed5.pcf,dhfma,2,1138427,490
random_n800_rho0.6_strongly-corr-neg_seed6.pcf,hfma,0,1376578,475
random_n800_rho0.6_strongly-corr-neg_seed6.pcf,dhfma,0,1323598,475
random_n800_rho0.6_strongly-corr-neg_seed6.pcf,hfma,1,1078212,475
random_n800_rho0.6_strongly-corr-neg_seed6.pcf,dhfma,1,1062646,475
random_n800_rho0.6_strongly-corr-neg_seed6.pcf,hfma,2,840004,475
random_n800_rho0.6_strongly-corr-neg_seed6.pcf,dhfma,2,856858,475
random_n800_rho0.6_strongly-corr-neg_seed7.pcf,hfma,0,917721,503
random_n800_rho0.6_strongly-corr-neg_seed7.pcf,dhfma,0,855488,503
random_n800_rho0.6_strongly-corr-neg_seed7.pcf,hfma,1,806122,503
random_n800_rho0.6_strongly-corr-neg_seed7.pcf,dhfma,1,985946,503
random_n800_rho0.6_strongly-corr-neg_seed7.pcf,hfma,2,904392,503
random_n800_rho0.6_strongly-corr-neg_seed7.pcf,dhfma,2,1148283,503
random_n800_rho0.6_strongly-corr-neg_seed8.pcf,hfma,0,1707690,495
random_n800_rho0.6_strongly-corr-neg_seed8.pcf,dhfma,0,2362245,495
random_n800_rho0.6_strongly-corr-neg_seed8.pcf,hfma,1,1849008,495
random_n800_rho0.6_strongly-corr-neg_seed8.pcf,dhfma,1,1729801,495
random_n800_rho0.6_strongly-corr-neg_seed8.pcf,hfma,2,1360126,495
random_n800_rho0.6_strongly-corr-neg_seed8.pcf,dhfma,2,1322737,495
random_n800_rho0.6_strongly-corr-neg_seed9.pcf,hfma,0,1213354,502
random_n800_rho0.6_strongly-corr-neg_seed9.pcf,dhfma,0,1414816,502
random_n800_rho0.6_strongly-corr-neg_seed9.pcf,hfma,1,1423882,502
random_n800_rho0.6_strongly-corr-neg_seed9.pcf,dhfma,1,1629006,502
random_n800_rho0.6_strongly-corr-neg_seed9.pcf,hfma,2,1313231,502
random_n800_rho0.6_strongly-corr-neg_seed9.pcf,dhfma,2,1258785,502
random_n800_rho0.6_strongly-corr_seed0.pcf,hfma,0,1307311,457
random_n800_rho0.6_strongly-corr_seed0.pcf,dhfma,0,1412704,457
random_n800_rho0.6_strongly-corr_seed0.pcf,hfma,1,1186971,457
random_n800_rho0.6_strongly-corr_seed0.pcf,dhfma,1,1117209,457
random_n800_rho0.6_strongly-corr_seed0.pcf,hfma,2,911152,457
random_n800_rho0.6_strongly-corr_seed0.pcf,dhfma,2,873312,457
random_n800_rho0.6_strongly-corr_seed1.pcf,hfma,0,647097,453
random_n800_rho0.6_strongly-corr_seed1.pcf,dhfma,0,649509,453
random_n800_rho0.6_strongly-corr_seed1.pcf,hfma,1,517614,453
random_n800_rho0.6_strongly-corr_seed1.pcf,dhfma,1,551005,453
random_n800_rho0.6_strongly-corr_seed1.pcf,hfma,2,519852,453
random_n800_rho0.6_strongly-corr_seed1.pcf,dhfma,2,546608,453
random_n800_rho0.6_strongly-corr_seed2.pcf,hfma,0,913462,448
random_n800_rho0.6_strongly-corr_seed2.pcf,dhfma,0,1052617,448
random_n800_rho0.6_strongly-corr_seed2.pcf,hfma,1,610112,448
random_n800_rho0.6_strongly-corr_seed2.pcf,dhfma,1,705531,448
random_n800_rho0.6_strongly-corr_seed2.pcf,hfma,2,699309,448
random_n800_rho0.6_strongly-corr_seed2.pcf,dhfma,2,806439,448
random_n800_rho0.6_strongly-corr_seed3.pcf,hfma,0,734131,473
random_n800_rho0.6_strongly-corr_seed3.pcf,dhfma,0,661855,473
random_n800_rho0.6_strongly-corr_seed3.pcf,hfma,1,590923,473
random_n800_rho0.6_strongly-corr_seed3.pcf,dhfma,1,557105,473
random_n800_rho0.6_strongly-corr_seed3.pcf,hfma,2,514110,473
random_n800_rho0.6_strongly-corr_seed3.pcf,dhfma,2,500401,473
random_n800_rho0.6_strongly-corr_seed4.pcf,hfma,0,970148,472
random_n800_rho0.6_strongly-corr_seed4.pcf,dhfma,0,1116697,472
random_n800_rho0.6_strongly-corr_seed4.pcf,hfma,1,1089275,472
random_n800_rho0.6_strongly-corr_seed4.pcf,dhfma,1,1064828,472
random_n800_rho0.6_strongly-corr_seed4.pcf,hfma,2,785261,472
random_n800_rho0.6_strongly-corr_seed4.pcf,dhfma,2,765968,472
random_n800_rho0.6_strongly-corr_seed5.pcf,hfma,0,1177873,475
random_n800_rho0.6_strongly-corr_seed5.pcf,dhfma,0,1361450,475
random_n800_rho0.6_strongly-corr_seed5.pcf,hfma,1,906289,475
random_n800_rho0.6_strongly-corr_seed5.pcf,dhfma,1,799440,475
random_n800_rho0.6_strongly-corr_seed5.pcf,hfma,2,691594,475
random_n800_rho0.6_strongly-corr_seed5.pcf,dhfma,2,672537,475
random_n800_rho0.6_strongly-corr_seed6.pcf,hfma,0,1013539,463
random_n800_rho0.6_strongly-corr_seed6.pcf,dhfma,0,862532,463
random_n800_rho0.6_strongly-corr_seed6.pcf,hfma,1,688884,463
random_n800_rho0.6_strongly-corr_seed6.pcf,dhfma,1,641352,463
random_n800_rho0.6_strongly-corr_seed6.pcf,hfma,2,552240,463
random_n800_rho0.6_strongly-corr_seed6.pcf,dhfma,2,547449,463
random_n800_rho0.6_strongly-corr_seed7.pcf,hfma,0,1095152,465
random_n800_rho0.6_strongly-corr_seed7.pcf,dhfma,0,1218131,465
random_n800_rho0.6_strongly-corr_seed7.pcf,hfma,1,1060385,465
random_n800_rho0.6_strongly-corr_seed7.pcf,dhfma,1,757114,465
random_n800_rho0.6_strongly-corr_seed7.pcf,hfma,2,679201,465
random_n800_rho0.6_strongly-corr_seed7.pcf,dhfma,2,719391,465
random_n800_rho0.6_strongly-corr_seed8.pcf,hfma,0,897290,462
random_n800_rho0.6_strongly-corr_seed8.pcf,dhfma,0,707317,462
random_n800_rho0.6_strongly-corr_seed8.pcf,hfma,1,621399,462
random_n800_rho0.6_strongly-corr_seed8.pcf,dhfma,1,744571,462
random_n800_rho0.6_strongly-corr_seed8.pcf,hfma,2,742328,462
random_n800_rho0.6_strongly-corr_seed8.pcf,dhfma,2,859979,462
random_n800_rho0.6_strongly-corr_seed9.pcf,hfma,0,1291458,450
random_n800_rho0.6_strongly-corr_seed9.pcf,dhfma,0,1227942,450
random_n800_rho0.6_strongly-corr_seed9.pcf,hfma,1,919392,450
random_n800_rho0.6_strongly-corr_seed9.pcf,dhfma,1,980468,450
random_n800_rho0.6_strongly-corr_seed9.pcf,hfma,2,878124,450
random_n800_rho0.6_strongly-corr_seed9.pcf,dhfma,2,980369,450
random_n800_rho0.6_uncorr-neg_seed0.pcf,hfma,0,773453,561
random_n800_rho0.6_uncorr-neg_seed0.pcf,dhfma,0,579838,561
random_n800_rho0.6_uncorr-neg_seed0.pcf,hfma,1,514615,561
random_n800_rho0.6_uncorr-neg_seed0.pcf,dhfma,1,527581,561
random_n800_rho0.6_uncorr-neg_seed0.pcf,hfma,2,509817,561
random_n800_rho0.6_uncorr-neg_seed0.pcf,dhfma,2,569178,561
random_n800_rho0.6_uncorr-neg_seed1.pcf,hfma,0,910971,578
random_n800_rho0.6_uncorr-neg_seed1.pcf,dhfma,0,842532,578
random_n800_rho0.6_uncorr-neg_seed1.pcf,hfma,1,754272,578
random_n800_rho0.6_uncorr-neg_seed1.pcf,dhfma,1,957267,578
random_n800_rho0.6_uncorr-neg_seed1.pcf,hfma,2,887996,578
random_n800_rho0.6_uncorr-neg_seed1.pcf,dhfma,2,1032774,578
random_n800_rho0.6_uncorr-neg_seed2.pcf,hfma,0,1431561,567
random_n800_rho0.6_uncorr-neg_seed2.pcf,dhfma,0,1351015,567
random_n800_rho0.6_uncorr-neg_seed2.pcf,hfma,1,1023822,567
random_n800_rho0.6_uncorr-neg_seed2.pcf,dhfma,1,846640,567
random_n800_rho0.6_uncorr-neg_seed2.pcf,hfma,2,635885,567
random_n800_rho0.6_uncorr-neg_seed2.pcf,dhfma,2,739826,567
random_n800_rho0.6_uncorr-neg_seed3.pcf,hfma,0,1033605,546
random_n800_rho0.6_uncorr-neg_seed3.pcf,dhfma,0,986250,546
random_n800_rho0.6_uncorr-neg_seed3.pcf,hfma,1,792123,546
random_n800_rho0.6_uncorr-neg_seed3.pcf,dhfma,1,836027,546
random_n800_rho0.6_uncorr-neg_seed3.pcf,hfma,2,546165,546
random_n800_rho0.6_uncorr-neg_seed3.pcf,dhfma,2,593792,546
random_n800_rho0.6_uncorr-neg_seed4.pcf,hfma,0,654774,564
random_n800_rho0.6_uncorr-neg_seed4.pcf,dhfma,0,788330,564
random_n800_rho0.6_uncorr-neg_seed4.pcf,hfma,1,676638,564
random_n800_rho0.6_uncorr-neg_seed4.pcf,dhfma,1,843927,564
random_n800_rho0.6_uncorr-neg_seed4.pcf,hfma,2,762118,564
random_n800_rho0.6_uncorr-neg_seed4.pcf,dhfma,2,960714,564
random_n800_rho0.6_uncorr-neg_seed5.pcf,hfma,0,879216,526
random_n800_rho0.6_uncorr-neg_seed5.pcf,dhfma,0,1043870,526
random_n800_rho0.6_uncorr-neg_seed5.pcf,hfma,1,1021186,526
random_n800_rho0.6_uncorr-neg_seed5.pcf,dhfma,1,1220770,526
random_n800_rho0.6_uncorr-neg_seed5.pcf,hfma,2,1223906,526
random_n800_rho0.6_uncorr-neg_seed5.pcf,dhfma,2,1361648,526
random_n800_rho0.6_uncorr-neg_seed6.pcf,hfma,0,1311657,565
random_n800_rho0.6_uncorr-neg_seed6.pcf,dhfma,0,1622270,565
random_n800_rho0.6_uncorr-neg_seed6.pcf,hfma,1,1309030,565
random_n800_rho0.6_uncorr-neg_seed6.pcf,dhfma,1,1200527,565
random_n800_rho0.6_uncorr-neg_seed6.pcf,hfma,2,989117,565
random_n800_rho0.6_uncorr-neg_seed6.pcf,dhfma,2,973549,565
random_n800_rho0.6_uncorr-neg_seed7.pcf,hfma,0,1612200,546
random_n800_rho0.6_uncorr-neg_seed7.pcf,dhfma,0,1175873,546
random_n800_rho0.6_uncorr-neg_seed7.pcf,hfma,1,991846,546
random_n800_rho0.6_uncorr-neg_seed7.pcf,dhfma,1,943860,546
random_n800_rho0.6_uncorr-neg_seed7.pcf,hfma,2,801531,546
random_n800_rho0.6_uncorr-neg_seed7.pcf,dhfma,2,760018,546
random_n800_rho0.6_uncorr-neg_seed8.pcf,hfma,0,963289,569
random_n800_rho0.6_uncorr-neg_seed8.pcf,dhfma,0,1041858,569
random_n800_rho0.6_uncorr-neg_seed8.pcf,hfma,1,776827,569
random_n800_rho0.6_uncorr-neg_seed8.pcf,dhfma,1,945316,569
random_n800_rho0.6_uncorr-neg_seed8.pcf,hfma,2,902614,569
random_n800_rho0.6_uncorr-neg_seed8.pcf,dhfma,2,934628,569
random_n800_rho0.6_uncorr-neg_seed9.pcf,hfma,0,912252,566
random_n800_rho0.6_uncorr-neg_seed9.pcf,dhfma,0,813746,566
random_n800_rho0.6_uncorr-neg_seed9.pcf,hfma,1,710588,566
random_n800_rho0.6_uncorr-neg_seed9.pcf,dhfma,1,695002,566
random_n800_rho0.6_uncorr-neg_seed9.pcf,hfma,2,582798,566
random_n800_rho0.6_uncorr-neg_seed9.pcf,dhfma,2,582480,566
random_n800_rho0.6_uncorr_seed0.pcf,hfma,0,872745,549
random_n800_rho0.6_uncorr_seed0.pcf,dhfma,0,1062001,549
random_n800_rho0.6_uncorr_seed0.pcf,hfma,1,963460,549
random_n800_rho0.6_uncorr_seed0.pcf,dhfma,1,1257931,549
random_n800_rho0.6_uncorr_seed0.pcf,hfma,2,1133395,549
random_n800_rho0.6_uncorr_seed0.pcf,dhfma,2,1399548,549
random_n800_rho0.6_uncorr_seed1.pcf,hfma,0,980134,540
random_n800_rho0.6_uncorr_seed1.pcf,dhfma,0,1191563,540
random_n800_rho0.6_uncorr_seed1.pcf,hfma,1,1124134,540
random_n800_rho0.6_uncorr_seed1.pcf,dhfma,1,1301798,540
random_n800_rho0.6_uncorr_seed1.pcf,hfma,2,1318650,540
random_n800_rho0.6_uncorr_seed1.pcf,dhfma,2,1638172,540
random_n800_rho0.6_uncorr_seed2.pcf,hfma,0,2060911,546
random_n800_rho0.6_uncorr_seed2.pcf,dhfma,0,1786126,546
random_n800_rho0.6_uncorr_seed2.pcf,hfma,1,1446591,546
random_n800_rho0.6_uncorr_seed2.pcf,dhfma,1,1340564,546
random_n800_rho0.6_uncorr_seed2.pcf,hfma,2,1061806,546
random_n800_rho0.6_uncorr_seed2.pcf,dhfma,2,1053654,546
random_n800_rho0.6_uncorr_seed3.pcf,hfma,0,868144,571
random_n800_rho0.6_uncorr_seed3.pcf,dhfma,0,974006,571
random_n800_rho0.6_uncorr_seed3.pcf,hfma,1,887786,571
random_n800_rho0.6_uncorr_seed3.pcf,dhfma,1,1141567,571
random_n800_rho0.6_uncorr_seed3.pcf,hfma,2,1055361,571
random_n800_rho0.6_uncorr_seed3.pcf,dhfma,2,1440430,571
random_n800_rho0.6_uncorr_seed4.pcf,hfma,0,1948125,547
random_n800_rho0.6_uncorr_seed4.pcf,dhfma,0,2185927,547
random_n800_rho0.6_uncorr_seed4.pcf,hfma,1,2102988,547
random_n800_rho0.6_uncorr_seed4.pcf,dhfma,1,1863795,547
random_n800_rho0.6_uncorr_seed4.pcf,hfma,2,1463418,547
random_n800_rho0.6_uncorr_seed4.pcf,dhfma,2,1294797,547
random_n800_rho0.6_uncorr_seed5.pcf,hfma,0,911937,551
random_n800_rho0.6_uncorr_seed5.pcf,dhfma,0,891388,551
random_n800_rho0.6_uncorr_seed5.pcf,hfma,1,695465,551
random_n800_rho0.6_uncorr_seed5.pcf,dhfma,1,725455,551
random_n800_rho0.6_uncorr_seed5.pcf,hfma,2,558910,551
random_n800_rho0.6_uncorr_seed5.pcf,dhfma,2,638161,551
random_n800_rho0.6_uncorr_seed6.pcf,hfma,0,609533,555
random_n800_rho0.6_uncorr_seed6.pcf,dhfma,0,669640,555
random_n800_rho0.6_uncorr_seed6.pcf,hfma,1,602480,555
random_n800_rho0.6_uncorr_seed6.pcf,dhfma,1,595176,555
random_n800_rho0.6_uncorr_seed6.pcf,hfma,2,580598,555
random_n800_rho0.6_uncorr_seed6.pcf,dhfma,2,607964,555
random_n800_rho0.6_uncorr_seed7.pcf,hfma,0,829183,557
random_n800_rho0.6_uncorr_seed7.pcf,dhfma,0,576250,557
random_n800_rho0.6_uncorr_seed7.pcf,hfma,1,510786,557
random_n800_rho0.6_uncorr_seed7.pcf,dhfma,1,567213,557
random_n800_rho0.6_uncorr_seed7.pcf,hfma,2,506791,557
random_n800_rho0.6_uncorr_seed7.pcf,dhfma,2,566196,557
random_n800_rho0.6_uncorr_seed8.pcf,hfma,0,543831,561
random_n800_rho0.6_uncorr_seed8.pcf,dhfma,0,574374,561
random_n800_rho0.6_uncorr_seed8.pcf,hfma,1,518792,561
random_n800_rho0.6_uncorr_seed8.pcf,dhfma,1,546247,561
random_n800_rho0.6_uncorr_seed8.pcf,hfma,2,517292,561
random_n800_rho0.6_uncorr_seed8.pcf,dhfma,2,638090,561
random_n800_rho0.6_uncorr_seed9.pcf,hfma,0,707873,570
random_n800_rho0.6_uncorr_seed9.pcf,dhfma,0,702234,570
random_n800_rho0.6_uncorr_seed9.pcf,hfma,1,678065,570
random_n800_rho0.6_uncorr_seed9.pcf,dhfma,1,810132,570
random_n800_rho0.6_uncorr_seed9.pcf,hfma,2,794359,570
random_n800_rho0.6_uncorr_seed9.pcf,dhfma,2,828326,570
random_n800_rho0.6_weakly-corr-neg_seed0.pcf,hfma,0,683608,577
random_n800_rho0.6_weakly-corr-neg_seed0.pcf,dhfma,0,766786,577
random_n800_rho0.6_weakly-corr-neg_seed0.pcf,hfma,1,717284,577
random_n800_rho0.6_weakly-corr-neg_seed0.pcf,dhfma,1,846581,577
random_n800_rho0.6_weakly-corr-neg_seed0.pcf,hfma,2,858254,577
random_n800_rho0.6_weakly-corr-neg_seed0.pcf,dhfma,2,945456,577
random_n800_rho0.6_weakly-corr-neg_seed1.pcf,hfma,0,2424572,560
random_n800_rho0.6_weakly-corr-neg_seed1.pcf,dhfma,0,2172067,560
random_n800_rho0.6_weakly-corr-neg_seed1.pcf,hfma,1,2235289,560
random_n800_rho0.6_weakly-corr-neg_seed1.pcf,dhfma,1,1916335,560
random_n800_rho0.6_weakly-corr-neg_seed1.pcf,hfma,2,1517233,560
random_n800_rho0.6_weakly-corr-neg_seed1.pcf,dhfma,2,1403414,560
random_n800_rho0.6_weakly-corr-neg_seed2.pcf,hfma,0,1828025,564
random_n800_rho0.6_weakly-corr-neg_seed2.pcf,dhfma,0,2376108,564
random_n800_rho0.6_weakly-corr-neg_seed2.pcf,hfma,1,1957524,564
random_n800_rho0.6_weakly-corr-neg_seed2.pcf,dhfma,1,1734328,564
random_n800_rho0.6_weakly-corr-neg_seed2.pcf,hfma,2,1118767,564
random_n800_rho0.6_weakly-corr-neg_seed2.pcf,dhfma,2,1514159,564
random_n800_rho0.6_weakly-corr-neg_seed3.pcf,hfma,0,1432113,558
random_n800_rho0.6_weakly-corr-neg_seed3.pcf,dhfma,0,1846821,558
random_n800_rho0.6_weakly-corr-neg_seed3.pcf,hfma,1,1820095,558
random_n800_rho0.6_weakly-corr-neg_seed3.pcf,dhfma,1,588681,558
random_n800_rho0.6_weakly-corr-neg_seed3.pcf,hfma,2,484090,558
random_n800_rho0.6_weakly-corr-neg_seed3.pcf,dhfma,2,573386,558
random_n800_rho0.6_weakly-corr-neg_seed4.pcf,hfma,0,2660794,549
random_n800_rho0.6_weakly-corr-neg_seed4.pcf,dhfma,0,2252942,549
random_n800_rho0.6_weakly-corr-neg_seed4.pcf,hfma,1,1228314,549
random_n800_rho0.6_weakly-corr-neg_seed4.pcf,dhfma,1,1466609,549
random_n800_rho0.6_weakly-corr-neg_seed4.pcf,hfma,2,1485758,549
random_n800_rho0.6_weakly-corr-neg_seed4.pcf,dhfma,2,1782571,549
random_n800_rho0.6_weakly-corr-neg_seed5.pcf,hfma,0,1705417,564
random_n800_rho0.6_weakly-corr-neg_seed5.pcf,dhfma,0,2301379,564
random_n800_rho0.6_weakly-corr-neg_seed5.pcf,hfma,1,2451307,564
random_n800_rho0.6_weakly-corr-neg_seed5.pcf,dhfma,1,2567261,564
random_n800_rho0.6_weakly-corr-neg_seed5.pcf,hfma,2,2264989,564
random_n800_rho0.6_weakly-corr-neg_seed5.pcf,dhfma,2,1954619,564
random_n800_rho0.6_weakly-corr-neg_seed6.pcf,hfma,0,2549618,535
random_n800_rho0.6_weakly-corr-neg_seed6.pcf,dhfma,0,2648476,535
random_n800_rho0.6_weakly-corr-neg_seed6.pcf,hfma,1,2690840,535
random_n800_rho0.6_weakly-corr-neg_seed6.pcf,dhfma,1,2715204,535
random_n800_rho0.6_weakly-corr-neg_seed6.pcf,hfma,2,2571258,535
random_n800_rho0.6_weakly-corr-neg_seed6.pcf,dhfma,2,2475995,535
random_n800_rho0.6_weakly-corr-neg_seed7.pcf,hfma,0,1708631,552
random_n800_rho0.6_weakly-corr-neg_seed7.pcf,dhfma,0,1549968,552
random_n800_rho0.6_weakly-corr-neg_seed7.pcf,hfma,1,1097515,552
random_n800_rho0.6_weakly-corr-neg_seed7.pcf,dhfma,1,1060278,552
random_n800_rho0.6_weakly-corr-neg_seed7.pcf,hfma,2,853833,552
random_n800_rho0.6_weakly-corr-neg_seed7.pcf,dhfma,2,772806,552
random_n800_rho0.6_weakly-corr-neg_seed8.pcf,hfma,0,1137846,559
random_n800_rho0.6_weakly-corr-neg_seed8.pcf,dhfma,0,1602561,559
random_n800_rho0.6_weakly-corr-neg_seed8.pcf,hfma,1,1476000,559
random_n800_rho0.6_weakly-corr-neg_seed8.pcf,dhfma,1,1939201,559
random_n800_rho0.6_weakly-corr-neg_seed8.pcf,hfma,2,1438317,559
random_n800_rho0.6_weakly-corr-neg_seed8.pcf,dhfma,2,1931016,559
random_n800_rho0.6_weakly-corr-neg_seed9.pcf,hfma,0,1113729,577
random_n800_rho0.6_weakly-corr-neg_seed9.pcf,dhfma,0,1042363,577
random_n800_rho0.6_weakly-corr-neg_seed9.pcf,hfma,1,782123,577
random_n800_rho0.6_weakly-corr-neg_seed9.pcf,dhfma,1,810812,577
random_n800_rho0.6_weakly-corr-neg_seed9.pcf,hfma,2,682551,577
random_n800_rho0.6_weakly-corr-neg_seed9.pcf,dhfma,2,649922,577
random_n800_rho0.6_weakly-corr_seed0.pcf,hfma,0,1142492,564
random_n800_rho0.6_weakly-corr_seed0.pcf,dhfma,0,1452217,564
random_n800_rho0.6_weakly-corr_seed0.pcf,hfma,1,1406578,564
random_n800_rho0.6_weakly-corr_seed0.pcf,dhfma,1,1465118,564
random_n800_rho0.6_weakly-corr_seed0.pcf,hfma,2,1049873,564
random_n800_rho0.6_weakly-corr_seed0.pcf,dhfma,2,1027937,564
random_n800_rho0.6_weakly-corr_seed1.pcf,hfma,0,1316697,567
random_n800_rho0.6_weakly-corr_seed1.pcf,dhfma,0,1066570,567
random_n800_rho0.6_weakly-corr_seed1.pcf,hfma,1,1009668,567
random_n800_rho0.6_weakly-corr_seed1.pcf,dhfma,1,1253966,567
random_n800_rho0.6_weakly-corr_seed1.pcf,hfma,2,1241381,567
random_n800_rho0.6_weakly-corr_seed1.pcf,dhfma,2,1510920,567
random_n800_rho0.6_weakly-corr_seed2.pcf,hfma,0,1934131,546
random_n800_rho0.6_weakly-corr_seed2.pcf,dhfma,0,1901862,546
random_n800_rho0.6_weakly-corr_seed2.pcf,hfma,1,921873,546
random_n800_rho0.6_weakly-corr_seed2.pcf,dhfma,1,1135443,546
random_n800_rho0.6_weakly-corr_seed2.pcf,hfma,2,1065156,546
random_n800_rho0.6_weakly-corr_seed2.pcf,dhfma,2,1383487,546
random_n800_rho0.6_weakly-corr_seed3.pcf,hfma,0,1393000,560
random_n800_rho0.6_weakly-corr_seed3.pcf,dhfma,0,1686134,560
random_n800_rho0.6_weakly-corr_seed3.pcf,hfma,1,1583929,560
random_n800_rho0.6_weakly-corr_seed3.pcf,dhfma,1,1629591,560
random_n800_rho0.6_weakly-corr_seed3.pcf,hfma,2,1197715,560
random_n800_rho0.6_weakly-corr_seed3.pcf,dhfma,2,1230847,560
random_n800_rho0.6_weakly-corr_seed4.pcf,hfma,0,2439350,539
random_n800_rho0.6_weakly-corr_seed4.pcf,dhfma,0,2531829,539
random_n800_rho0.6_weakly-corr_seed4.pcf,hfma,1,2361166,539
random_n800_rho0.6_weakly-corr_seed4.pcf,dhfma,1,2528142,539
random_n800_rho0.6_weakly-corr_seed4.pcf,hfma,2,1855101,539
random_n800_rho0.6_weakly-corr_seed4.pcf,dhfma,2,1722527,539
random_n800_rho0.6_weakly-corr_seed5.pcf,hfma,0,1569918,557
random_n800_rho0.6_weakly-corr_seed5.pcf,dhfma,0,1728154,557
random_n800_rho0.6_weakly-corr_seed5.pcf,hfma,1,1923221,557
random_n800_rho0.6_weakly-corr_seed5.pcf,dhfma,1,1797200,557
random_n800_rho0.6_weakly-corr_seed5.pcf,hfma,2,1415154,557
random_n800_rho0.6_weakly-corr_seed5.pcf,dhfma,2,1382526,557
random_n800_rho0.6_weakly-corr_seed6.pcf,hfma,0,1117009,558
random_n800_rho0.6_weakly-corr_seed6.pcf,dhfma,0,1222615,558
random_n800_rho0.6_weakly-corr_seed6.pcf,hfma,1,1202439,558
random_n800_rho0.6_weakly-corr_seed6.pcf,dhfma,1,1383817,558
random_n800_rho0.6_weakly-corr_seed6.pcf,hfma,2,1110154,558
random_n800_rho0.6_weakly-corr_seed6.pcf,dhfma,2,1071379,558
random_n800_rho0.6_weakly-corr_seed7.pcf,hfma,0,2532908,544
random_n800_rho0.6_weakly-corr_seed7.pcf,dhfma,0,3389959,544
random_n800_rho0.6_weakly-corr_seed7.pcf,hfma,1,2674736,544
random_n800_rho0.6_weakly-corr_seed7.pcf,dhfma,1,2179276,544
random_n800_rho0.6_weakly-corr_seed7.pcf,hfma,2,1887264,544
random_n800_rho0.6_weakly-corr_seed7.pcf,dhfma,2,1683402,544
random_n800_rho0.6_weakly-corr_seed8.pcf,hfma,0,2129659,552
random_n800_rho0.6_weakly-corr_seed8.pcf,dhfma,0,1986815,552
random_n800_rho0.6_weakly-corr_seed8.pcf,hfma,1,1442742,552
random_n800_rho0.6_weakly-corr_seed8.pcf,dhfma,1,1333064,552
random_n800_rho0.6_weakly-corr_seed8.pcf,hfma,2,807338,552
random_n800_rho0.6_weakly-corr_seed8.pcf,dhfma,2,816019,552
random_n800_rho0.6_weakly-corr_seed9.pcf,hfma,0,744683,539
random_n800_rho0.6_weakly-corr_seed9.pcf,dhfma,0,908492,539
random_n800_rho0.6_weakly-corr_seed9.pcf,hfma,1,864928,539
random_n800_rho0.6_weakly-corr_seed9.pcf,dhfma,1,1033561,539
random_n800_rho0.6_weakly-corr_seed9.pcf,hfma,2,1013611,539
random_n800_rho0.6_weakly-corr_seed9.pcf,dhfma,2,1259896,539
random_n800_rho0.9_strongly-corr-neg_seed0.pcf,hfma,0,4043390,401
random_n800_rho0.9_strongly-corr-neg_seed0.pcf,dhfma,0,3345515,401
random_n800_rho0.9_strongly-corr-neg_seed0.pcf,hfma,1,2666333,401
random_n800_rho0.9_strongly-corr-neg_seed0.pcf,dhfma,1,1873650,401
random_n800_rho0.9_strongly-corr-neg_seed0.pcf,hfma,2,1590985,401
random_n800_rho0.9_strongly-corr-neg_seed0.pcf,dhfma,2,1233190,401
random_n800_rho0.9_strongly-corr-neg_seed1.pcf,hfma,0,3102228,375
random_n800_rho0.9_strongly-corr-neg_seed1.pcf,dhfma,0,2806304,375
random_n800_rho0.9_strongly-corr-neg_seed1.pcf,hfma,1,2792363,375
random_n800_rho0.9_strongly-corr-neg_seed1.pcf,dhfma,1,1769252,375
random_n800_rho0.9_strongly-corr-neg_seed1.pcf,hfma,2,1829436,375
random_n800_rho0.9_strongly-corr-neg_seed1.pcf,dhfma,2,1767293,375
random_n800_rho0.9_strongly-corr-neg_seed2.pcf,hfma,0,3174272,403
random_n800_rho0.9_strongly-corr-neg_seed2.pcf,dhfma,0,2573941,403
random_n800_rho0.9_strongly-corr-neg_seed2.pcf,hfma,1,3128502,403
random_n800_rho0.9_strongly-corr-neg_seed2.pcf,dhfma,1,1436879,403
random_n800_rho0.9_strongly-corr-neg_seed2.pcf,hfma,2,1316696,403
random_n800_rho0.9_strongly-corr-neg_seed2.pcf,dhfma,2,1334790,403
random_n800_rho0.9_strongly-corr-neg_seed3.pcf,hfma,0,4520262,415
random_n800_rho0.9_strongly-corr-neg_seed3.pcf,dhfma,0,2908131,415
random_n800_rho0.9_strongly-corr-neg_seed3.pcf,hfma,1,2832596,415
random_n800_rho0.9_strongly-corr-neg_seed3.pcf,dhfma,1,2991767,415
random_n800_rho0.9_strongly-corr-neg_seed3.pcf,hfma,2,3986204,415
random_n800_rho0.9_strongly-corr-neg_seed3.pcf,dhfma,2,4834753,415
random_n800_rho0.9_strongly-corr-neg_seed4.pcf,hfma,0,5971503,409
random_n800_rho0.9_strongly-corr-neg_seed4.pcf,dhfma,0,4060262,409
random_n800_rho0.9_strongly-corr-neg_seed4.pcf,hfma,1,3703447,409
random_n800_rho0.9_strongly-corr-neg_seed4.pcf,dhfma,1,2409136,409
random_n800_rho0.9_strongly-corr-neg_seed4.pcf,hfma,2,1929490,409
random_n800_rho0.9_strongly-corr-neg_seed4.pcf,dhfma,2,1453766,409
random_n800_rho0.9_strongly-corr-neg_seed5.pcf,hfma,0,1870783,415
random_n800_rho0.9_strongly-corr-neg_seed5.pcf,dhfma,0,1682330,415
random_n800_rho0.9_strongly-corr-neg_seed5.pcf,hfma,1,1951200,415
random_n800_rho0.9_strongly-corr-neg_seed5.pcf,dhfma,1,1513294,415
random_n800_rho0.9_strongly-corr-neg_seed5.pcf,hfma,2,1347522,415
random_n800_rho0.9_strongly-corr-neg_seed5.pcf,dhfma,2,1312568,415
random_n800_rho0.9_strongly-corr-neg_seed6.pcf,hfma,0,1414365,406
random_n800_rho0.9_strongly-corr-neg_seed6.pcf,dhfma,0,1435906,406
random_n800_rho0.9_strongly-corr-neg_seed6.pcf,hfma,1,1378179,406
random_n800_rho0.9_strongly-corr-neg_seed6.pcf,dhfma,1,1415790,406
random_n800_rho0.9_strongly-corr-neg_seed6.pcf,hfma,2,1378667,406
random_n800_rho0.9_strongly-corr-neg_seed6.pcf,dhfma,2,1430713,406
random_n800_rho0.9_strongly-corr-neg_seed7.pcf,hfma,0,2099492,387
random_n800_rho0.9_strongly-corr-neg_seed7.pcf,dhfma,0,1768217,387
random_n800_rho0.9_strongly-corr-neg_seed7.pcf,hfma,1,1886077,387
random_n800_rho0.9_strongly-corr-neg_seed7.pcf,dhfma,1,1751523,387
random_n800_rho0.9_strongly-corr-neg_seed7.pcf,hfma,2,1894860,387
random_n800_rho0.9_strongly-corr-neg_seed7.pcf,dhfma,2,1742632,387
random_n800_rho0.9_strongly-corr-neg_seed8.pcf,hfma,0,2134391,403
random_n800_rho0.9_strongly-corr-neg_seed8.pcf,dhfma,0,2020771,403
random_n800_rho0.9_strongly-corr-neg_seed8.pcf,hfma,1,1693780,403
random_n800_rho0.9_strongly-corr-neg_seed8.pcf,dhfma,1,1339405,403
random_n800_rho0.9_strongly-corr-neg_seed8.pcf,hfma,2,1380089,403
random_n800_rho0.9_strongly-corr-neg_seed8.pcf,dhfma,2,1291726,403
random_n800_rho0.9_strongly-corr-neg_seed9.pcf,hfma,0,1584011,414
random_n800_rho0.9_strongly-corr-neg_seed9.pcf,dhfma,0,1390307,414
random_n800_rho0.9_strongly-corr-neg_seed9.pcf,hfma,1,1377223,414
random_n800_rho0.9_strongly-corr-neg_seed9.pcf,dhfma,1,1390286,414
random_n800_rho0.9_strongly-corr-neg_seed9.pcf,hfma,2,1422946,414
random_n800_rho0.9_strongly-corr-neg_seed9.pcf,dhfma,2,1377394,414
random_n800_rho0.9_strongly-corr_seed0.pcf,hfma,0,1805421,393
random_n800_rho0.9_strongly-corr_seed0.pcf,dhfma,0,1604516,393
random_n800_rho0.9_strongly-corr_seed0.pcf,hfma,1,1598840,393
random_n800_rho0.9_strongly-corr_seed0.pcf,dhfma,1,1592836,393
random_n800_rho0.9_strongly-corr_seed0.pcf,hfma,2,1587161,393
random_n800_rho0.9_strongly-corr_seed0.pcf,dhfma,2,1609087,393
random_n800_rho0.9_strongly-corr_seed1.pcf,hfma,0,2795207,376
random_n800_rho0.9_strongly-corr_seed1.pcf,dhfma,0,2036712,376
random_n800_rho0.9_strongly-corr_seed1.pcf,hfma,1,1808857,376
random_n800_rho0.9_strongly-corr_seed1.pcf,dhfma,1,1774130,376
random_n800_rho0.9_strongly-corr_seed1.pcf,hfma,2,1806743,376
random_n800_rho0.9_strongly-corr_seed1.pcf,dhfma,2,1736496,376
random_n800_rho0.9_strongly-corr_seed2.pcf,hfma,0,1769605,370
random_n800_rho0.9_strongly-corr_seed2.pcf,dhfma,0,1685883,370
random_n800_rho0.9_strongly-corr_seed2.pcf,hfma,1,1752285,370
random_n800_rho0.9_strongly-corr_seed2.pcf,dhfma,1,1651877,370
random_n800_rho0.9_strongly-corr_seed2.pcf,hfma,2,1750709,370
random_n800_rho0.9_strongly-corr_seed2.pcf,dhfma,2,1696219,370
random_n800_rho0.9_strongly-corr_seed3.pcf,hfma,0,2016970,397
random_n800_rho0.9_strongly-corr_seed3.pcf,dhfma,0,1799985,397
random_n800_rho0.9_strongly-corr_seed3.pcf,hfma,1,1293459,397
random_n800_rho0.9_strongly-corr_seed3.pcf,dhfma,1,1422624,397
random_n800_rho0.9_strongly-corr_seed3.pcf,hfma,2,1331789,397
random_n800_rho0.9_strongly-corr_seed3.pcf,dhfma,2,1408853,397
random_n800_rho0.9_strongly-corr_seed4.pcf,hfma,0,1828534,382
random_n800_rho0.9_strongly-corr_seed4.pcf,dhfma,0,1612036,382
random_n800_rho0.9_strongly-corr_seed4.pcf,hfma,1,1201174,382
random_n800_rho0.9_strongly-corr_seed4.pcf,dhfma,1,1154661,382
random_n800_rho0.9_strongly-corr_seed4.pcf,hfma,2,1194445,382
random_n800_rho0.9_strongly-corr_seed4.pcf,dhfma,2,1182335,382
random_n800_rho0.9_strongly-corr_seed5.pcf,hfma,0,2096517,370
random_n800_rho0.9_strongly-corr_seed5.pcf,dhfma,0,1509466,370
random_n800_rho0.9_strongly-corr_seed5.pcf,hfma,1,1329732,370
random_n800_rho0.9_strongly-corr_seed5.pcf,dhfma,1,1342362,370
random_n800_rho0.9_strongly-corr_seed5.pcf,hfma,2,1315796,370
random_n800_rho0.9_strongly-corr_seed5.pcf,dhfma,2,1763578,370
random_n800_rho0.9_strongly-corr_seed6.pcf,hfma,0,1312091,397
random_n800_rho0.9_strongly-corr_seed6.pcf,dhfma,0,1281929,397
random_n800_rho0.9_strongly-corr_seed6.pcf,hfma,1,1240048,397
random_n800_rho0.9_strongly-corr_seed6.pcf,dhfma,1,1528219,397
random_n800_rho0.9_strongly-corr_seed6.pcf,hfma,2,1342863,397
random_n800_rho0.9_strongly-corr_seed6.pcf,dhfma,2,1283606,397
random_n800_rho0.9_strongly-corr_seed7.pcf,hfma,0,4253307,377
random_n800_rho0.9_strongly-corr_seed7.pcf,dhfma,0,3624875,377
random_n800_rho0.9_strongly-corr_seed7.pcf,hfma,1,3538694,377
random_n800_rho0.9_strongly-corr_seed7.pcf,dhfma,1,2430099,377
random_n800_rho0.9_strongly-corr_seed7.pcf,hfma,2,1322019,377
random_n800_rho0.9_strongly-corr_seed7.pcf,dhfma,2,1430239,377
random_n800_rho0.9_strongly-corr_seed8.pcf,hfma,0,4139189,390
random_n800_rho0.9_strongly-corr_seed8.pcf,dhfma,0,4781934,390
random_n800_rho0.9_strongly-corr_seed8.pcf,hfma,1,4252309,390
random_n800_rho0.9_strongly-corr_seed8.pcf,dhfma,1,3301708,390
random_n800_rho0.9_strongly-corr_seed8.pcf,hfma,2,2193067,390
random_n800_rho0.9_strongly-corr_seed8.pcf,dhfma,2,1927075,390
random_n800_rho0.9_strongly-corr_seed9.pcf,hfma,0,2802186,363
random_n800_rho0.9_strongly-corr_seed9.pcf,dhfma,0,3151379,363
random_n800_rho0.9_strongly-corr_seed9.pcf,hfma,1,4069066,363
random_n800_rho0.9_strongly-corr_seed9.pcf,dhfma,1,3177137,363
random_n800_rho0.9_strongly-corr_seed9.pcf,hfma,2,2287324,363
random_n800_rho0.9_strongly-corr_seed9.pcf,dhfma,2,1767108,363
random_n800_rho0.9_uncorr-neg_seed0.pcf,hfma,0,1667799,422
random_n800_rho0.9_uncorr-neg_seed0.pcf,dhfma,0,1672849,422
random_n800_rho0.9_uncorr-neg_seed0.pcf,hfma,1,1570303,422
random_n800_rho0.9_uncorr-neg_seed0.pcf,dhfma,1,1644711,422
random_n800_rho0.9_uncorr-neg_seed0.pcf,hfma,2,1598192,422
random_n800_rho0.9_uncorr-neg_seed0.pcf,dhfma,2,1638879,422
random_n800_rho0.9_uncorr-neg_seed1.pcf,hfma,0,2636567,431
random_n800_rho0.9_uncorr-neg_seed1.pcf,dhfma,0,1742719,431
random_n800_rho0.9_uncorr-neg_seed1.pcf,hfma,1,1811791,431
random_n800_rho0.9_uncorr-neg_seed1.pcf,dhfma,1,1758239,431
random_n800_rho0.9_uncorr-neg_seed1.pcf,hfma,2,1936136,431
random_n800_rho0.9_uncorr-neg_seed1.pcf,dhfma,2,1755654,431
random_n800_rho0.9_uncorr-neg_seed2.pcf,hfma,0,2160709,457
random_n800_rho0.9_uncorr-neg_seed2.pcf,dhfma,0,1481791,457
random_n800_rho0.9_uncorr-neg_seed2.pcf,hfma,1,1811706,457
random_n800_rho0.9_uncorr-neg_seed2.pcf,dhfma,1,1967031,457
random_n800_rho0.9_uncorr-neg_seed2.pcf,hfma,2,2243064,457
random_n800_rho0.9_uncorr-neg_seed2.pcf,dhfma,2,2379882,457
random_n800_rho0.9_uncorr-neg_seed3.pcf,hfma,0,2402839,428
random_n800_rho0.9_uncorr-neg_seed3.pcf,dhfma,0,1843329,428
random_n800_rho0.9_uncorr-neg_seed3.pcf,hfma,1,1577747,428
random_n800_rho0.9_uncorr-neg_seed3.pcf,dhfma,1,1450031,428
random_n800_rho0.9_uncorr-neg_seed3.pcf,hfma,2,1505256,428
random_n800_rho0.9_uncorr-neg_seed3.pcf,dhfma,2,1436629,428
random_n800_rho0.9_uncorr-neg_seed4.pcf,hfma,0,1329609,451
random_n800_rho0.9_uncorr-neg_seed4.pcf,dhfma,0,1317601,451
random_n800_rho0.9_uncorr-neg_seed4.pcf,hfma,1,1306009,451
random_n800_rho0.9_uncorr-neg_seed4.pcf,dhfma,1,1324534,451
random_n800_rho0.9_uncorr-neg_seed4.pcf,hfma,2,1294162,451
random_n800_rho0.9_uncorr-neg_seed4.pcf,dhfma,2,1321339,451
random_n800_rho0.9_uncorr-neg_seed5.pcf,hfma,0,1920477,454
random_n800_rho0.9_uncorr-neg_seed5.pcf,dhfma,0,2185472,454
random_n800_rho0.9_uncorr-neg_seed5.pcf,hfma,1,1814257,454
random_n800_rho0.9_uncorr-neg_seed5.pcf,dhfma,1,2100881,454
random_n800_rho0.9_uncorr-neg_seed5.pcf,hfma,2,1910967,454
random_n800_rho0.9_uncorr-neg_seed5.pcf,dhfma,2,1561447,454
random_n800_rho0.9_uncorr-neg_seed6.pcf,hfma,0,1804995,429
random_n800_rho0.9_uncorr-neg_seed6.pcf,dhfma,0,2222188,429
random_n800_rho0.9_uncorr-neg_seed6.pcf,hfma,1,2227515,429
random_n800_rho0.9_uncorr-neg_seed6.pcf,dhfma,1,1638661,429
random_n800_rho0.9_uncorr-neg_seed6.pcf,hfma,2,1524711,429
random_n800_rho0.9_uncorr-neg_seed6.pcf,dhfma,2,1627569,429
random_n800_rho0.9_uncorr-neg_seed7.pcf,hfma,0,2499436,458
random_n800_rho0.9_uncorr-neg_seed7.pcf,dhfma,0,2760157,458
random_n800_rho0.9_uncorr-neg_seed7.pcf,hfma,1,2802048,458
random_n800_rho0.9_uncorr-neg_seed7.pcf,dhfma,1,3267740,458
random_n800_rho0.9_uncorr-neg_seed7.pcf,hfma,2,2218561,458
random_n800_rho0.9_uncorr-neg_seed7.pcf,dhfma,2,1994461,458
random_n800_rho0.9_uncorr-neg_seed8.pcf,hfma,0,1511497,451
random_n800_rho0.9_uncorr-neg_seed8.pcf,dhfma,0,1449397,451
random_n800_rho0.9_uncorr-neg_seed8.pcf,hfma,1,1342436,451
random_n800_rho0.9_uncorr-neg_seed8.pcf,dhfma,1,1445185,451
random_n800_rho0.9_uncorr-neg_seed8.pcf,hfma,2,1332121,451
random_n800_rho0.9_uncorr-neg_seed8.pcf,dhfma,2,1407677,451
random_n800_rho0.9_uncorr-neg_seed9.pcf,hfma,0,1863263,441
random_n800_rho0.9_uncorr-neg_seed9.pcf,dhfma,0,1831000,441
random_n800_rho0.9_uncorr-neg_seed9.pcf,hfma,1,1837133,441
random_n800_rho0.9_uncorr-neg_seed9.pcf,dhfma,1,1811550,441
random_n800_rho0.9_uncorr-neg_seed9.pcf,hfma,2,1820060,441
random_n800_rho0.9_uncorr-neg_seed9.pcf,dhfma,2,1816455,441
random_n800_rho0.9_uncorr_seed0.pcf,hfma,0,2051006,434
random_n800_rho0.9_uncorr_seed0.pcf,dhfma,0,1790646,434
random_n800_rho0.9_uncorr_seed0.pcf,hfma,1,1920422,434
random_n800_rho0.9_uncorr_seed0.pcf,dhfma,1,1790698,434
random_n800_rho0.9_uncorr_seed0.pcf,hfma,2,2124208,434
random_n800_rho0.9_uncorr_seed0.pcf,dhfma,2,1802787,434
random_n800_rho0.9_uncorr_seed1.pcf,hfma,0,1765375,425
random_n800_rho0.9_uncorr_seed1.pcf,dhfma,0,1540130,425
random_n800_rho0.9_uncorr_seed1.pcf,hfma,1,1483301,425
random_n800_rho0.9_uncorr_seed1.pcf,dhfma,1,1522981,425
random_n800_rho0.9_uncorr_seed1.pcf,hfma,2,1495207,425
random_n800_rho0.9_uncorr_seed1.pcf,dhfma,2,1531293,425
random_n800_rho0.9_uncorr_seed2.pcf,hfma,0,1604382,418
random_n800_rho0.9_uncorr_seed2.pcf,dhfma,0,1218429,418
random_n800_rho0.9_uncorr_seed2.pcf,hfma,1,1222778,418
random_n800_rho0.9_uncorr_seed2.pcf,dhfma,1,1214026,418
random_n800_rho0.9_uncorr_seed2.pcf,hfma,2,1207038,418
random_n800_rho0.9_uncorr_seed2.pcf,dhfma,2,1230743,418
random_n800_rho0.9_uncorr_seed3.pcf,hfma,0,1327253,445
random_n800_rho0.9_uncorr_seed3.pcf,dhfma,0,1336037,445
random_n800_rho0.9_uncorr_seed3.pcf,hfma,1,1306922,445
random_n800_rho0.9_uncorr_seed3.pcf,dhfma,1,1316557,445
random_n800_rho0.9_uncorr_seed3.pcf,hfma,2,1298637,445
random_n800_rho0.9_uncorr_seed3.pcf,dhfma,2,1317217,445
random_n800_rho0.9_uncorr_seed4.pcf,hfma,0,1351423,447
random_n800_rho0.9_uncorr_seed4.pcf,dhfma,0,1349686,447
random_n800_rho0.9_uncorr_seed4.pcf,hfma,1,1196625,447
random_n800_rho0.9_uncorr_seed4.pcf,dhfma,1,1331916,447
random_n800_rho0.9_uncorr_seed4.pcf,hfma,2,1224702,447
random_n800_rho0.9_uncorr_seed4.pcf,dhfma,2,1291822,447
random_n800_rho0.9_uncorr_seed5.pcf,hfma,0,1343958,456
random_n800_rho0.9_uncorr_seed5.pcf,dhfma,0,1451518,456
random_n800_rho0.9_uncorr_seed5.pcf,hfma,1,1302144,456
random_n800_rho0.9_uncorr_seed5.pcf,dhfma,1,1425851,456
random_n800_rho0.9_uncorr_seed5.pcf,hfma,2,1298483,456
random_n800_rho0.9_uncorr_seed5.pcf,dhfma,2,1455568,456
random_n800_rho0.9_uncorr_seed6.pcf,hfma,0,1402404,430
random_n800_rho0.9_uncorr_seed6.pcf,dhfma,0,1312944,430
random_n800_rho0.9_uncorr_seed6.pcf,hfma,1,1334584,430
random_n800_rho0.9_uncorr_seed6.pcf,dhfma,1,1308927,430
random_n800_rho0.9_uncorr_seed6.pcf,hfma,2,1390959,430
random_n800_rho0.9_uncorr_seed6.pcf,dhfma,2,1305252,430
random_n800_rho0.9_uncorr_seed7.pcf,hfma,0,1688949,450
random_n800_rho0.9_uncorr_seed7.pcf,dhfma,0,1318912,450
random_n800_rho0.9_uncorr_seed7.pcf,hfma,1,1162366,450
random_n800_rho0.9_uncorr_seed7.pcf,dhfma,1,1331080,450
random_n800_rho0.9_uncorr_seed7.pcf,hfma,2,1153198,450
random_n800_rho0.9_uncorr_seed7.pcf,dhfma,2,1298417,450
random_n800_rho0.9_uncorr_seed8.pcf,hfma,0,1631798,427
random_n800_rho0.9_uncorr_seed8.pcf,dhfma,0,1659417,427
random_n800_rho0.9_uncorr_seed8.pcf,hfma,1,1616369,427
random_n800_rho0.9_uncorr_seed8.pcf,dhfma,1,1643751,427
random_n800_rho0.9_uncorr_seed8.pcf,hfma,2,1568849,427
random_n800_rho0.9_uncorr_seed8.pcf,dhfma,2,1630607,427
random_n800_rho0.9_uncorr_seed9.pcf,hfma,0,1269617,429
random_n800_rho0.9_uncorr_seed9.pcf,dhfma,0,1469264,429
random_n800_rho0.9_uncorr_seed9.pcf,hfma,1,1231064,429
random_n800_rho0.9_uncorr_seed9.pcf,dhfma,1,1438487,429
random_n800_rho0.9_uncorr_seed9.pcf,hfma,2,1225188,429
random_n800_rho0.9_uncorr_seed9.pcf,dhfma,2,1394814,429
random_n800_rho0.9_weakly-corr-neg_seed0.pcf,hfma,0,1887163,447
random_n800_rho0.9_weakly-corr-neg_seed0.pcf,dhfma,0,1475515,447
random_n800_rho0.9_weakly-corr-neg_seed0.pcf,hfma,1,1214096,447
random_n800_rho0.9_weakly-corr-neg_seed0.pcf,dhfma,1,1135260,447
random_n800_rho0.9_weakly-corr-neg_seed0.pcf,hfma,2,1230482,447
random_n800_rho0.9_weakly-corr-neg_seed0.pcf,dhfma,2,1112106,447
random_n800_rho0.9_weakly-corr-neg_seed1.pcf,hfma,0,2073615,430
random_n800_rho0.9_weakly-corr-neg_seed1.pcf,dhfma,0,1895620,430
random_n800_rho0.9_weakly-corr-neg_seed1.pcf,hfma,1,1946910,430
random_n800_rho0.9_weakly-corr-neg_seed1.pcf,dhfma,1,1894383,430
random_n800_rho0.9_weakly-corr-neg_seed1.pcf,hfma,2,1975548,430
random_n800_rho0.9_weakly-corr-neg_seed1.pcf,dhfma,2,1908455,430
random_n800_rho0.9_weakly-corr-neg_seed2.pcf,hfma,0,2012715,408
random_n800_rho0.9_weakly-corr-neg_seed2.pcf,dhfma,0,1619996,408
random_n800_rho0.9_weakly-corr-neg_seed2.pcf,hfma,1,1537693,408
random_n800_rho0.9_weakly-corr-neg_seed2.pcf,dhfma,1,1575617,408
random_n800_rho0.9_weakly-corr-neg_seed2.pcf,hfma,2,1535139,408
random_n800_rho0.9_weakly-corr-neg_seed2.pcf,dhfma,2,1574245,408
random_n800_rho0.9_weakly-corr-neg_seed3.pcf,hfma,0,1424827,413
random_n800_rho0.9_weakly-corr-neg_seed3.pcf,dhfma,0,1335436,413
random_n800_rho0.9_weakly-corr-neg_seed3.pcf,hfma,1,1379065,413
random_n800_rho0.9_weakly-corr-neg_seed3.pcf,dhfma,1,1365838,413
random_n800_rho0.9_weakly-corr-neg_seed3.pcf,hfma,2,1353927,413
random_n800_rho0.9_weakly-corr-neg_seed3.pcf,dhfma,2,1352033,413
random_n800_rho0.9_weakly-corr-neg_seed4.pcf,hfma,0,1485076,438
random_n800_rho0.9_weakly-corr-neg_seed4.pcf,dhfma,0,1404896,438
random_n800_rho0.9_weakly-corr-neg_seed4.pcf,hfma,1,1428993,438
random_n800_rho0.9_weakly-corr-neg_seed4.pcf,dhfma,1,1399105,438
random_n800_rho0.9_weakly-corr-neg_seed4.pcf,hfma,2,1457416,438
random_n800_rho0.9_weakly-corr-neg_seed4.pcf,dhfma,2,1401450,438
random_n800_rho0.9_weakly-corr-neg_seed5.pcf,hfma,0,1919692,461
random_n800_rho0.9_weakly-corr-neg_seed5.pcf,dhfma,0,1805958,461
random_n800_rho0.9_weakly-corr-neg_seed5.pcf,hfma,1,1818498,461
random_n800_rho0.9_weakly-corr-neg_seed5.pcf,dhfma,1,1766851,461
random_n800_rho0.9_weakly-corr-neg_seed5.pcf,hfma,2,1339650,461
random_n800_rho0.9_weakly-corr-neg_seed5.pcf,dhfma,2,1244485,461
random_n800_rho0.9_weakly-corr-neg_seed6.pcf,hfma,0,2681851,420
random_n800_rho0.9_weakly-corr-neg_seed6.pcf,dhfma,0,2453554,420
random_n800_rho0.9_weakly-corr-neg_seed6.pcf,hfma,1,1874279,420
random_n800_rho0.9_weakly-corr-neg_seed6.pcf,dhfma,1,2289893,420
random_n800_rho0.9_weakly-corr-neg_seed6.pcf,hfma,2,2054400,420
random_n800_rho0.9_weakly-corr-neg_seed6.pcf,dhfma,2,1852315,420
random_n800_rho0.9_weakly-corr-neg_seed7.pcf,hfma,0,3160777,450
random_n800_rho0.9_weakly-corr-neg_seed7.pcf,dhfma,0,3237636,450
random_n800_rho0.9_weakly-corr-neg_seed7.pcf,hfma,1,3228518,450
random_n800_rho0.9_weakly-corr-neg_seed7.pcf,dhfma,1,2224048,450
random_n800_rho0.9_weakly-corr-neg_seed7.pcf,hfma,2,1936211,450
random_n800_rho0.9_weakly-corr-neg_seed7.pcf,dhfma,2,1517909,450
random_n800_rho0.9_weakly-corr-neg_seed8.pcf,hfma,0,2085129,433
random_n800_rho0.9_weakly-corr-neg_seed8.pcf,dhfma,0,2400757,433
random_n800_rho0.9_weakly-corr-neg_seed8.pcf,hfma,1,2134563,433
random_n800_rho0.9_weakly-corr-neg_seed8.pcf,dhfma,1,1794945,433
random_n800_rho0.9_weakly-corr-neg_seed8.pcf,hfma,2,1541114,433
random_n800_rho0.9_weakly-corr-neg_seed8.pcf,dhfma,2,1288430,433
random_n800_rho0.9_weakly-corr-neg_seed9.pcf,hfma,0,2364555,420
random_n800_rho0.9_weakly-corr-neg_seed9.pcf,dhfma,0,2014125,420
random_n800_rho0.9_weakly-corr-neg_seed9.pcf,hfma,1,2319661,420
random_n800_rho0.9_weakly-corr-neg_seed9.pcf,dhfma,1,2181404,420
random_n800_rho0.9_weakly-corr-neg_seed9.pcf,hfma,2,1386297,420
random_n800_rho0.9_weakly-corr-neg_seed9.pcf,dhfma,2,1393316,420
random_n800_rho0.9_weakly-corr_seed0.pcf,hfma,0,3065588,426
random_n800_rho0.9_weakly-corr_seed0.pcf,dhfma,0,2599740,426
random_n800_rho0.9_weakly-corr_seed0.pcf,hfma,1,2008502,426
random_n800_rho0.9_weakly-corr_seed0.pcf,dhfma,1,1699869,426
random_n800_rho0.9_weakly-corr_seed0.pcf,hfma,2,1430908,426
random_n800_rho0.9_weakly-corr_seed0.pcf,dhfma,2,1430292,426
random_n800_rho0.9_weakly-corr_seed1.pcf,hfma,0,2127066,421
random_n800_rho0.9_weakly-corr_seed1.pcf,dhfma,0,2581741,421
random_n800_rho0.9_weakly-corr_seed1.pcf,hfma,1,1910427,421
random_n800_rho0.9_weakly-corr_seed1.pcf,dhfma,1,1939142,421
random_n800_rho0.9_weakly-corr_seed1.pcf,hfma,2,1523432,421
random_n800_rho0.9_weakly-corr_seed1.pcf,dhfma,2,1475068,421
random_n800_rho0.9_weakly-corr_seed2.pcf,hfma,0,1835110,445
random_n800_rho0.9_weakly-corr_seed2.pcf,dhfma,0,1825185,445
random_n800_rho0.9_weakly-corr_seed2.pcf,hfma,1,1808904,445
random_n800_rho0.9_weakly-corr_seed2.pcf,dhfma,1,1810459,445
random_n800_rho0.9_weakly-corr_seed2.pcf,hfma,2,1810111,445
random_n800_rho0.9_weakly-corr_seed2.pcf,dhfma,2,1818743,445
random_n800_rho0.9_weakly-corr_seed3.pcf,hfma,0,1427716,439
random_n800_rho0.9_weakly-corr_seed3.pcf,dhfma,0,1296702,439
random_n800_rho0.9_weakly-corr_seed3.pcf,hfma,1,1207808,439
random_n800_rho0.9_weakly-corr_seed3.pcf,dhfma,1,1285444,439
random_n800_rho0.9_weakly-corr_seed3.pcf,hfma,2,1181679,439
random_n800_rho0.9_weakly-corr_seed3.pcf,dhfma,2,1279055,439
random_n800_rho0.9_weakly-corr_seed4.pcf,hfma,0,1489215,425
random_n800_rho0.9_weakly-corr_seed4.pcf,dhfma,0,1373275,425
random_n800_rho0.9_weakly-corr_seed4.pcf,hfma,1,1227611,425
random_n800_rho0.9_weakly-corr_seed4.pcf,dhfma,1,1368948,425
random_n800_rho0.9_weakly-corr_seed4.pcf,hfma,2,1194888,425
random_n800_rho0.9_weakly-corr_seed4.pcf,dhfma,2,1345621,425
random_n800_rho0.9_weakly-corr_seed5.pcf,hfma,0,1517675,449
random_n800_rho0.9_weakly-corr_seed5.pcf,dhfma,0,1656666,449
random_n800_rho0.9_weakly-corr_seed5.pcf,hfma,1,1448692,449
random_n800_rho0.9_weakly-corr_seed5.pcf,dhfma,1,1643939,449
random_n800_rho0.9_weakly-corr_seed5.pcf,hfma,2,1448151,449
random_n800_rho0.9_weakly-corr_seed5.pcf,dhfma,2,1649378,449
random_n800_rho0.9_weakly-corr_seed6.pcf,hfma,0,1227334,435
random_n800_rho0.9_weakly-corr_seed6.pcf,dhfma,0,1370604,435
random_n800_rho0.9_weakly-corr_seed6.pcf,hfma,1,1225033,435
random_n800_rho0.9_weakly-corr_seed6.pcf,dhfma,1,1352654,435
random_n800_rho0.9_weakly-corr_seed6.pcf,hfma,2,1196700,435
random_n800_rho0.9_weakly-corr_seed6.pcf,dhfma,2,1360736,435
random_n800_rho0.9_weakly-corr_seed7.pcf,hfma,0,1899292,454
random_n800_rho0.9_weakly-corr_seed7.pcf,dhfma,0,1422394,454
random_n800_rho0.9_weakly-corr_seed7.pcf,hfma,1,1229096,454
random_n800_rho0.9_weakly-corr_seed7.pcf,dhfma,1,1270013,454
random_n800_rho0.9_weakly-corr_seed7.pcf,hfma,2,1216811,454
random_n800_rho0.9_weakly-corr_seed7.pcf,dhfma,2,1268898,454
random_n800_rho0.9_weakly-corr_seed8.pcf,hfma,0,1814069,425
random_n800_rho0.9_weakly-corr_seed8.pcf,dhfma,0,1436821,425
random_n800_rho0.9_weakly-corr_seed8.pcf,hfma,1,1468186,425
random_n800_rho0.9_weakly-corr_seed8.pcf,dhfma,1,1389036,425
random_n800_rho0.9_weakly-corr_seed8.pcf,hfma,2,1535945,425
random_n800_rho0.9_weakly-corr_seed8.pcf,dhfma,2,1357626,425
random_n800_rho0.9_weakly-corr_seed9.pcf,hfma,0,2161110,438
random_n800_rho0.9_weakly-corr_seed9.pcf,dhfma,0,1813228,438
random_n800_rho0.9_weakly-corr_seed9.pcf,hfma,1,1393869,438
random_n800_rho0.9_weakly-corr_seed9.pcf,dhfma,1,1480635,438
random_n800_rho0.9_weakly-corr_seed9.pcf,hfma,2,1495159,438
random_n800_rho0.9_weakly-corr_seed9.pcf,dhfma,2,1808443,438
random_n800_rho1.0_strongly-corr-neg_seed0.pcf,hfma,0,2861342,381
random_n800_rho1.0_strongly-corr-neg_seed0.pcf,dhfma,0,2158138,381
random_n800_rho1.0_strongly-corr-neg_seed0.pcf,hfma,1,1868547,381
random_n800_rho1.0_strongly-corr-neg_seed0.pcf,dhfma,1,1672284,381
random_n800_rho1.0_strongly-corr-neg_seed0.pcf,hfma,2,1709491,381
random_n800_rho1.0_strongly-corr-neg_seed0.pcf,dhfma,2,1629339,381
random_n800_rho1.0_strongly-corr-neg_seed1.pcf,hfma,0,1675671,360
random_n800_rho1.0_strongly-corr-neg_seed1.pcf,dhfma,0,1735368,360
random_n800_rho1.0_strongly-corr-neg_seed1.pcf,hfma,1,1618315,360
random_n800_rho1.0_strongly-corr-neg_seed1.pcf,dhfma,1,1708420,360
random_n800_rho1.0_strongly-corr-neg_seed1.pcf,hfma,2,1555253,360
random_n800_rho1.0_strongly-corr-neg_seed1.pcf,dhfma,2,1673669,360
random_n800_rho1.0_strongly-corr-neg_seed2.pcf,hfma,0,3269026,375
random_n800_rho1.0_strongly-corr-neg_seed2.pcf,dhfma,0,3352407,375
random_n800_rho1.0_strongly-corr-neg_seed2.pcf,hfma,1,3220572,375
random_n800_rho1.0_strongly-corr-neg_seed2.pcf,dhfma,1,3266031,375
random_n800_rho1.0_strongly-corr-neg_seed2.pcf,hfma,2,3214741,375
random_n800_rho1.0_strongly-corr-neg_seed2.pcf,dhfma,2,3240352,375
random_n800_rho1.0_strongly-corr-neg_seed3.pcf,hfma,0,2064689,378
random_n800_rho1.0_strongly-corr-neg_seed3.pcf,dhfma,0,2043757,378
random_n800_rho1.0_strongly-corr-neg_seed3.pcf,hfma,1,1998034,378
random_n800_rho1.0_strongly-corr-neg_seed3.pcf,dhfma,1,2027357,378
random_n800_rho1.0_strongly-corr-neg_seed3.pcf,hfma,2,1994165,378
random_n800_rho1.0_strongly-corr-neg_seed3.pcf,dhfma,2,2047939,378
random_n800_rho1.0_strongly-corr-neg_seed4.pcf,hfma,0,2716738,382
random_n800_rho1.0_strongly-corr-neg_seed4.pcf,dhfma,0,1775011,382
random_n800_rho1.0_strongly-corr-neg_seed4.pcf,hfma,1,2082839,382
random_n800_rho1.0_strongly-corr-neg_seed4.pcf,dhfma,1,1748517,382
random_n800_rho1.0_strongly-corr-neg_seed4.pcf,hfma,2,2080501,382
random_n800_rho1.0_strongly-corr-neg_seed4.pcf,dhfma,2,1732999,382
random_n800_rho1.0_strongly-corr-neg_seed5.pcf,hfma,0,2007000,368
random_n800_rho1.0_strongly-corr-neg_seed5.pcf,dhfma,0,2144706,368
random_n800_rho1.0_strongly-corr-neg_seed5.pcf,hfma,1,1949467,368
random_n800_rho1.0_strongly-corr-neg_seed5.pcf,dhfma,1,2098830,368
random_n800_rho1.0_strongly-corr-neg_seed5.pcf,hfma,2,1939705,368
random_n800_rho1.0_strongly-corr-neg_seed5.pcf,dhfma,2,2068659,368
random_n800_rho1.0_strongly-corr-neg_seed6.pcf,hfma,0,2946093,370
random_n800_rho1.0_strongly-corr-neg_seed6.pcf,dhfma,0,1943366,370
random_n800_rho1.0_strongly-corr-neg_seed6.pcf,hfma,1,2108605,370
random_n800_rho1.0_strongly-corr-neg_seed6.pcf,dhfma,1,1916683,370
random_n800_rho1.0_strongly-corr-neg_seed6.pcf,hfma,2,2124360,370
random_n800_rho1.0_strongly-corr-neg_seed6.pcf,dhfma,2,1916934,370
random_n800_rho1.0_strongly-corr-neg_seed7.pcf,hfma,0,2126274,382
random_n800_rho1.0_strongly-corr-neg_seed7.pcf,dhfma,0,2068100,382
random_n800_rho1.0_strongly-corr-neg_seed7.pcf,hfma,1,2102734,382
random_n800_rho1.0_strongly-corr-neg_seed7.pcf,dhfma,1,1995552,382
random_n800_rho1.0_strongly-corr-neg_seed7.pcf,hfma,2,2107371,382
random_n800_rho1.0_strongly-corr-neg_seed7.pcf,dhfma,2,2015980,382
random_n800_rho1.0_strongly-corr-neg_seed8.pcf,hfma,0,3459793,371
random_n800_rho1.0_strongly-corr-neg_seed8.pcf,dhfma,0,2517389,371
random_n800_rho1.0_strongly-corr-neg_seed8.pcf,hfma,1,2327847,371
random_n800_rho1.0_strongly-corr-neg_seed8.pcf,dhfma,1,2480053,371
random_n800_rho1.0_strongly-corr-neg_seed8.pcf,hfma,2,2344119,371
random_n800_rho1.0_strongly-corr-neg_seed8.pcf,dhfma,2,2551314,371
random_n800_rho1.0_strongly-corr-neg_seed9.pcf,hfma,0,2187624,369
random_n800_rho1.0_strongly-corr-neg_seed9.pcf,dhfma,0,1920614,369
random_n800_rho1.0_strongly-corr-neg_seed9.pcf,hfma,1,2125553,369
random_n800_rho1.0_strongly-corr-neg_seed9.pcf,dhfma,1,1955476,369
random_n800_rho1.0_strongly-corr-neg_seed9.pcf,hfma,2,2167568,369
random_n800_rho1.0_strongly-corr-neg_seed9.pcf,dhfma,2,1916737,369
random_n800_rho1.0_strongly-corr_seed0.pcf,hfma,0,2254874,350
random_n800_rho1.0_strongly-corr_seed0.pcf,dhfma,0,2113976,350
random_n800_rho1.0_strongly-corr_seed0.pcf,hfma,1,2187041,350
random_n800_rho1.0_strongly-corr_seed0.pcf,dhfma,1,2121716,350
random_n800_rho1.0_strongly-corr_seed0.pcf,hfma,2,2203015,350
random_n800_rho1.0_strongly-corr_seed0.pcf,dhfma,2,2142249,350
random_n800_rho1.0_strongly-corr_seed1.pcf,hfma,0,2252295,365
random_n800_rho1.0_strongly-corr_seed1.pcf,dhfma,0,1965296,365
random_n800_rho1.0_strongly-corr_seed1.pcf,hfma,1,1749091,365
random_n800_rho1.0_strongly-corr_seed1.pcf,dhfma,1,1885419,365
random_n800_rho1.0_strongly-corr_seed1.pcf,hfma,2,1740915,365
random_n800_rho1.0_strongly-corr_seed1.pcf,dhfma,2,1886841,365
random_n800_rho1.0_strongly-corr_seed2.pcf,hfma,0,1837612,360
random_n800_rho1.0_strongly-corr_seed2.pcf,dhfma,0,1875758,360
random_n800_rho1.0_strongly-corr_seed2.pcf,hfma,1,1782296,360
random_n800_rho1.0_strongly-corr_seed2.pcf,dhfma,1,1867449,360
random_n800_rho1.0_strongly-corr_seed2.pcf,hfma,2,1778768,360
random_n800_rho1.0_strongly-corr_seed2.pcf,dhfma,2,1863623,360
random_n800_rho1.0_strongly-corr_seed3.pcf,hfma,0,1949583,356
random_n800_rho1.0_strongly-corr_seed3.pcf,dhfma,0,1737240,356
random_n800_rho1.0_strongly-corr_seed3.pcf,hfma,1,1603696,356
random_n800_rho1.0_strongly-corr_seed3.pcf,dhfma,1,1697219,356
random_n800_rho1.0_strongly-corr_seed3.pcf,hfma,2,1619739,356
random_n800_rho1.0_strongly-corr_seed3.pcf,dhfma,2,1730841,356
random_n800_rho1.0_strongly-corr_seed4.pcf,hfma,0,2654247,357
random_n800_rho1.0_strongly-corr_seed4.pcf,dhfma,0,2825049,357
random_n800_rho1.0_strongly-corr_seed4.pcf,hfma,1,2210290,357
random_n800_rho1.0_strongly-corr_seed4.pcf,dhfma,1,1835978,357
random_n800_rho1.0_strongly-corr_seed4.pcf,hfma,2,1730776,357
random_n800_rho1.0_strongly-corr_seed4.pcf,dhfma,2,1847698,357
random_n800_rho1.0_strongly-corr_seed5.pcf,hfma,0,2932767,368
random_n800_rho1.0_strongly-corr_seed5.pcf,dhfma,0,3416554,368
random_n800_rho1.0_strongly-corr_seed5.pcf,hfma,1,4020907,368
random_n800_rho1.0_strongly-corr_seed5.pcf,dhfma,1,3888804,368
random_n800_rho1.0_strongly-corr_seed5.pcf,hfma,2,2478069,368
random_n800_rho1.0_strongly-corr_seed5.pcf,dhfma,2,2182303,368
random_n800_rho1.0_strongly-corr_seed6.pcf,hfma,0,3220455,343
random_n800_rho1.0_strongly-corr_seed6.pcf,dhfma,0,2623385,343
random_n800_rho1.0_strongly-corr_seed6.pcf,hfma,1,2524814,343
random_n800_rho1.0_strongly-corr_seed6.pcf,dhfma,1,2591303,343
random_n800_rho1.0_strongly-corr_seed6.pcf,hfma,2,2506042,343
random_n800_rho1.0_strongly-corr_seed6.pcf,dhfma,2,2588731,343
random_n800_rho1.0_strongly-corr_seed7.pcf,hfma,0,2463591,354
random_n800_rho1.0_strongly-corr_seed7.pcf,dhfma,0,1797918,354
random_n800_rho1.0_strongly-corr_seed7.pcf,hfma,1,1759616,354
random_n800_rho1.0_strongly-corr_seed7.pcf,dhfma,1,1725537,354
random_n800_rho1.0_strongly-corr_seed7.pcf,hfma,2,1781326,354
random_n800_rho1.0_strongly-corr_seed7.pcf,dhfma,2,1731394,354
random_n800_rho1.0_strongly-corr_seed8.pcf,hfma,0,3177428,357
random_n800_rho1.0_strongly-corr_seed8.pcf,dhfma,0,2373350,357
random_n800_rho1.0_strongly-corr_seed8.pcf,hfma,1,2215430,357
random_n800_rho1.0_strongly-corr_seed8.pcf,dhfma,1,2637729,357
random_n800_rho1.0_strongly-corr_seed8.pcf,hfma,2,2902920,357
random_n800_rho1.0_strongly-corr_seed8.pcf,dhfma,2,2460751,357
random_n800_rho1.0_strongly-corr_seed9.pcf,hfma,0,3023874,336
random_n800_rho1.0_strongly-corr_seed9.pcf,dhfma,0,3873292,336
random_n800_rho1.0_strongly-corr_seed9.pcf,hfma,1,4660786,336
random_n800_rho1.0_strongly-corr_seed9.pcf,dhfma,1,3296595,336
random_n800_rho1.0_strongly-corr_seed9.pcf,hfma,2,2806046,336
random_n800_rho1.0_strongly-corr_seed9.pcf,dhfma,2,2820514,336
random_n800_rho1.0_uncorr-neg_seed0.pcf,hfma,0,2078221,399
random_n800_rho1.0_uncorr-neg_seed0.pcf,dhfma,0,1803008,399
random_n800_rho1.0_uncorr-neg_seed0.pcf,hfma,1,1994714,399
random_n800_rho1.0_uncorr-neg_seed0.pcf,dhfma,1,1763984,399
random_n800_rho1.0_uncorr-neg_seed0.pcf,hfma,2,2000172,399
random_n800_rho1.0_uncorr-neg_seed0.pcf,dhfma,2,1779687,399
random_n800_rho1.0_uncorr-neg_seed1.pcf,hfma,0,3018859,409
random_n800_rho1.0_uncorr-neg_seed1.pcf,dhfma,0,3111059,409
random_n800_rho1.0_uncorr-neg_seed1.pcf,hfma,1,2049423,409
random_n800_rho1.0_uncorr-neg_seed1.pcf,dhfma,1,2044563,409
random_n800_rho1.0_uncorr-neg_seed1.pcf,hfma,2,1922007,409
random_n800_rho1.0_uncorr-neg_seed1.pcf,dhfma,2,2056207,409
random_n800_rho1.0_uncorr-neg_seed2.pcf,hfma,0,2201212,389
random_n800_rho1.0_uncorr-neg_seed2.pcf,dhfma,0,1986448,389
random_n800_rho1.0_uncorr-neg_seed2.pcf,hfma,1,2099694,389
random_n800_rho1.0_uncorr-neg_seed2.pcf,dhfma,1,1992291,389
random_n800_rho1.0_uncorr-neg_seed2.pcf,hfma,2,2135625,389
random_n800_rho1.0_uncorr-neg_seed2.pcf,dhfma,2,1977688,389
random_n800_rho1.0_uncorr-neg_seed3.pcf,hfma,0,1815610,396
random_n800_rho1.0_uncorr-neg_seed3.pcf,dhfma,0,1789640,396
random_n800_rho1.0_uncorr-neg_seed3.pcf,hfma,1,1790615,396
random_n800_rho1.0_uncorr-neg_seed3.pcf,dhfma,1,1696817,396
random_n800_rho1.0_uncorr-neg_seed3.pcf,hfma,2,1758396,396
random_n800_rho1.0_uncorr-neg_seed3.pcf,dhfma,2,1687903,396
random_n800_rho1.0_uncorr-neg_seed4.pcf,hfma,0,2845976,425
random_n800_rho1.0_uncorr-neg_seed4.pcf,dhfma,0,2588262,425
random_n800_rho1.0_uncorr-neg_seed4.pcf,hfma,1,2480307,425
random_n800_rho1.0_uncorr-neg_seed4.pcf,dhfma,1,1716915,425
random_n800_rho1.0_uncorr-neg_seed4.pcf,hfma,2,1809154,425
random_n800_rho1.0_uncorr-neg_seed4.pcf,dhfma,2,1689641,425
random_n800_rho1.0_uncorr-neg_seed5.pcf,hfma,0,2964481,415
random_n800_rho1.0_uncorr-neg_seed5.pcf,dhfma,0,2057967,415
random_n800_rho1.0_uncorr-neg_seed5.pcf,hfma,1,2006247,415
random_n800_rho1.0_uncorr-neg_seed5.pcf,dhfma,1,1817397,415
random_n800_rho1.0_uncorr-neg_seed5.pcf,hfma,2,2079571,415
random_n800_rho1.0_uncorr-neg_seed5.pcf,dhfma,2,2306593,415
random_n800_rho1.0_uncorr-neg_seed6.pcf,hfma,0,5166099,420
random_n800_rho1.0_uncorr-neg_seed6.pcf,dhfma,0,2568795,420
random_n800_rho1.0_uncorr-neg_seed6.pcf,hfma,1,2870467,420
random_n800_rho1.0_uncorr-neg_seed6.pcf,dhfma,1,3050836,420
random_n800_rho1.0_uncorr-neg_seed6.pcf,hfma,2,2656952,420
random_n800_rho1.0_uncorr-neg_seed6.pcf,dhfma,2,2030948,420
random_n800_rho1.0_uncorr-neg_seed7.pcf,hfma,0,2285230,414
random_n800_rho1.0_uncorr-neg_seed7.pcf,dhfma,0,2549656,414
random_n800_rho1.0_uncorr-neg_seed7.pcf,hfma,1,2469410,414
random_n800_rho1.0_uncorr-neg_seed7.pcf,dhfma,1,2103356,414
random_n800_rho1.0_uncorr-neg_seed7.pcf,hfma,2,2149693,414
random_n800_rho1.0_uncorr-neg_seed7.pcf,dhfma,2,2122639,414
random_n800_rho1.0_uncorr-neg_seed8.pcf,hfma,0,2908881,406
random_n800_rho1.0_uncorr-neg_seed8.pcf,dhfma,0,2292579,406
random_n800_rho1.0_uncorr-neg_seed8.pcf,hfma,1,2948563,406
random_n800_rho1.0_uncorr-neg_seed8.pcf,dhfma,1,1977558,406
random_n800_rho1.0_uncorr-neg_seed8.pcf,hfma,2,1795650,406
random_n800_rho1.0_uncorr-neg_seed8.pcf,dhfma,2,1684727,406
random_n800_rho1.0_uncorr-neg_seed9.pcf,hfma,0,4013141,414
random_n800_rho1.0_uncorr-neg_seed9.pcf,dhfma,0,4446398,414
random_n800_rho1.0_uncorr-neg_seed9.pcf,hfma,1,4795601,414
random_n800_rho1.0_uncorr-neg_seed9.pcf,dhfma,1,3048736,414
random_n800_rho1.0_uncorr-neg_seed9.pcf,hfma,2,2281261,414
random_n800_rho1.0_uncorr-neg_seed9.pcf,dhfma,2,1834013,414
random_n800_rho1.0_uncorr_seed0.pcf,hfma,0,2269517,397
random_n800_rho1.0_uncorr_seed0.pcf,dhfma,0,2436589,397
random_n800_rho1.0_uncorr_seed0.pcf,hfma,1,2237962,397
random_n800_rho1.0_uncorr_seed0.pcf,dhfma,1,2346635,397
random_n800_rho1.0_uncorr_seed0.pcf,hfma,2,2211963,397
random_n800_rho1.0_uncorr_seed0.pcf,dhfma,2,2353282,397
random_n800_rho1.0_uncorr_seed1.pcf,hfma,0,3076385,378
random_n800_rho1.0_uncorr_seed1.pcf,dhfma,0,2244252,378
random_n800_rho1.0_uncorr_seed1.pcf,hfma,1,2309359,378
random_n800_rho1.0_uncorr_seed1.pcf,dhfma,1,2193657,378
random_n800_rho1.0_uncorr_seed1.pcf,hfma,2,2669667,378
random_n800_rho1.0_uncorr_seed1.pcf,dhfma,2,2765369,378
random_n800_rho1.0_uncorr_seed2.pcf,hfma,0,2732290,403
random_n800_rho1.0_uncorr_seed2.pcf,dhfma,0,3145760,403
random_n800_rho1.0_uncorr_seed2.pcf,hfma,1,2997521,403
random_n800_rho1.0_uncorr_seed2.pcf,dhfma,1,2703668,403
random_n800_rho1.0_uncorr_seed2.pcf,hfma,2,2208991,403
random_n800_rho1.0_uncorr_seed2.pcf,dhfma,2,1981148,403
random_n800_rho1.0_uncorr_seed3.pcf,hfma,0,2971850,391
random_n800_rho1.0_uncorr_seed3.pcf,dhfma,0,2917184,391
random_n800_rho1.0_uncorr_seed3.pcf,hfma,1,3326067,391
random_n800_rho1.0_uncorr_seed3.pcf,dhfma,1,3518715,391
random_n800_rho1.0_uncorr_seed3.pcf,hfma,2,2280138,391
random_n800_rho1.0_uncorr_seed3.pcf,dhfma,2,2430886,391
random_n800_rho1.0_uncorr_seed4.pcf,hfma,0,2782780,390
random_n800_rho1.0_uncorr_seed4.pcf,dhfma,0,2122706,390
random_n800_rho1.0_uncorr_seed4.pcf,hfma,1,1769746,390
random_n800_rho1.0_uncorr_seed4.pcf,dhfma,1,1972152,390
random_n800_rho1.0_uncorr_seed4.pcf,hfma,2,1768598,390
random_n800_rho1.0_uncorr_seed4.pcf,dhfma,2,2052430,390
random_n800_rho1.0_uncorr_seed5.pcf,hfma,0,4543880,396
random_n800_rho1.0_uncorr_seed5.pcf,dhfma,0,3892619,396
random_n800_rho1.0_uncorr_seed5.pcf,hfma,1,5498621,396
random_n800_rho1.0_uncorr_seed5.pcf,dhfma,1,6523188,396
random_n800_rho1.0_uncorr_seed5.pcf,hfma,2,4467346,396
random_n800_rho1.0_uncorr_seed5.pcf,dhfma,2,2760889,396
random_n800_rho1.0_uncorr_seed6.pcf,hfma,0,2810685,418
random_n800_rho1.0_uncorr_seed6.pcf,dhfma,0,2867289,418
random_n800_rho1.0_uncorr_seed6.pcf,hfma,1,2772029,418
random_n800_rho1.0_uncorr_seed6.pcf,dhfma,1,2868526,418
random_n800_rho1.0_uncorr_seed6.pcf,hfma,2,2756745,418
random_n800_rho1.0_uncorr_seed6.pcf,dhfma,2,2817970,418
random_n800_rho1.0_uncorr_seed7.pcf,hfma,0,2046088,410
random_n800_rho1.0_uncorr_seed7.pcf,dhfma,0,1988589,410
random_n800_rho1.0_uncorr_seed7.pcf,hfma,1,1928189,410
random_n800_rho1.0_uncorr_seed7.pcf,dhfma,1,1998211,410
random_n800_rho1.0_uncorr_seed7.pcf,hfma,2,1955035,410
random_n800_rho1.0_uncorr_seed7.pcf,dhfma,2,2049264,410
random_n800_rho1.0_uncorr_seed8.pcf,hfma,0,4238410,397
random_n800_rho1.0_uncorr_seed8.pcf,dhfma,0,2802923,397
random_n800_rho1.0_uncorr_seed8.pcf,hfma,1,2831080,397
random_n800_rho1.0_uncorr_seed8.pcf,dhfma,1,2767848,397
random_n800_rho1.0_uncorr_seed8.pcf,hfma,2,2816988,397
random_n800_rho1.0_uncorr_seed8.pcf,dhfma,2,2764344,397
random_n800_rho1.0_uncorr_seed9.pcf,hfma,0,3841999,384
random_n800_rho1.0_uncorr_seed9.pcf,dhfma,0,3214851,384
random_n800_rho1.0_uncorr_seed9.pcf,hfma,1,2565561,384
random_n800_rho1.0_uncorr_seed9.pcf,dhfma,1,2697538,384
random_n800_rho1.0_uncorr_seed9.pcf,hfma,2,2651166,384
random_n800_rho1.0_uncorr_seed9.pcf,dhfma,2,2631469,384
random_n800_rho1.0_weakly-corr-neg_seed0.pcf,hfma,0,3017373,391
random_n800_rho1.0_weakly-corr-neg_seed0.pcf,dhfma,0,3166518,391
random_n800_rho1.0_weakly-corr-neg_seed0.pcf,hfma,1,2190054,391
random_n800_rho1.0_weakly-corr-neg_seed0.pcf,dhfma,1,2876398,391
random_n800_rho1.0_weakly-corr-neg_seed0.pcf,hfma,2,2456591,391
random_n800_rho1.0_weakly-corr-neg_seed0.pcf,dhfma,2,2119308,391
random_n800_rho1.0_weakly-corr-neg_seed1.pcf,hfma,0,2716857,398
random_n800_rho1.0_weakly-corr-neg_seed1.pcf,dhfma,0,2539253,398
random_n800_rho1.0_weakly-corr-neg_seed1.pcf,hfma,1,2641026,398
random_n800_rho1.0_weakly-corr-neg_seed1.pcf,dhfma,1,2490979,398
random_n800_rho1.0_weakly-corr-neg_seed1.pcf,hfma,2,2673832,398
random_n800_rho1.0_weakly-corr-neg_seed1.pcf,dhfma,2,2501930,398
random_n800_rho1.0_weakly-corr-neg_seed2.pcf,hfma,0,2607153,430
random_n800_rho1.0_weakly-corr-neg_seed2.pcf,dhfma,0,1649722,430
random_n800_rho1.0_weakly-corr-neg_seed2.pcf,hfma,1,1699058,430
random_n800_rho1.0_weakly-corr-neg_seed2.pcf,dhfma,1,1591131,430
random_n800_rho1.0_weakly-corr-neg_seed2.pcf,hfma,2,1655330,430
random_n800_rho1.0_weakly-corr-neg_seed2.pcf,dhfma,2,1583559,430
random_n800_rho1.0_weakly-corr-neg_seed3.pcf,hfma,0,2430685,375
random_n800_rho1.0_weakly-corr-neg_seed3.pcf,dhfma,0,2169518,375
random_n800_rho1.0_weakly-corr-neg_seed3.pcf,hfma,1,2211627,375
random_n800_rho1.0_weakly-corr-neg_seed3.pcf,dhfma,1,2115160,375
random_n800_rho1.0_weakly-corr-neg_seed3.pcf,hfma,2,2615867,375
random_n800_rho1.0_weakly-corr-neg_seed3.pcf,dhfma,2,2802252,375
random_n800_rho1.0_weakly-corr-neg_seed4.pcf,hfma,0,4231748,416
random_n800_rho1.0_weakly-corr-neg_seed4.pcf,dhfma,0,3676507,416
random_n800_rho1.0_weakly-corr-neg_seed4.pcf,hfma,1,3123434,416
random_n800_rho1.0_weakly-corr-neg_seed4.pcf,dhfma,1,1786312,416
random_n800_rho1.0_weakly-corr-neg_seed4.pcf,hfma,2,1951822,416
random_n800_rho1.0_weakly-corr-neg_seed4.pcf,dhfma,2,1789600,416
random_n800_rho1.0_weakly-corr-neg_seed5.pcf,hfma,0,3926419,406
random_n800_rho1.0_weakly-corr-neg_seed5.pcf,dhfma,0,3287198,406
random_n800_rho1.0_weakly-corr-neg_seed5.pcf,hfma,1,2590584,406
random_n800_rho1.0_weakly-corr-neg_seed5.pcf,dhfma,1,2310423,406
random_n800_rho1.0_weakly-corr-neg_seed5.pcf,hfma,2,3348136,406
random_n800_rho1.0_weakly-corr-neg_seed5.pcf,dhfma,2,3286473,406
random_n800_rho1.0_weakly-corr-neg_seed6.pcf,hfma,0,7889745,398
random_n800_rho1.0_weakly-corr-neg_seed6.pcf,dhfma,0,3777763,398
random_n800_rho1.0_weakly-corr-neg_seed6.pcf,hfma,1,3029211,398
random_n800_rho1.0_weakly-corr-neg_seed6.pcf,dhfma,1,2105817,398
random_n800_rho1.0_weakly-corr-neg_seed6.pcf,hfma,2,2513311,398
random_n800_rho1.0_weakly-corr-neg_seed6.pcf,dhfma,2,2143497,398
random_n800_rho1.0_weakly-corr-neg_seed7.pcf,hfma,0,2040982,391
random_n800_rho1.0_weakly-corr-neg_seed7.pcf,dhfma,0,2028428,391
random_n800_rho1.0_weakly-corr-neg_seed7.pcf,hfma,1,1957352,391
random_n800_rho1.0_weakly-corr-neg_seed7.pcf,dhfma,1,2021569,391
random_n800_rho1.0_weakly-corr-neg_seed7.pcf,hfma,2,1961343,391
random_n800_rho1.0_weakly-corr-neg_seed7.pcf,dhfma,2,2018755,391
random_n800_rho1.0_weakly-corr-neg_seed8.pcf,hfma,0,3318504,391
random_n800_rho1.0_weakly-corr-neg_seed8.pcf,dhfma,0,2659554,391
random_n800_rho1.0_weakly-corr-neg_seed8.pcf,hfma,1,2100366,391
random_n800_rho1.0_weakly-corr-neg_seed8.pcf,dhfma,1,1867198,391
random_n800_rho1.0_weakly-corr-neg_seed8.pcf,hfma,2,2072039,391
random_n800_rho1.0_weakly-corr-neg_seed8.pcf,dhfma,2,1875929,391
random_n800_rho1.0_weakly-corr-neg_seed9.pcf,hfma,0,3206924,410
random_n800_rho1.0_weakly-corr-neg_seed9.pcf,dhfma,0,2084606,410
random_n800_rho1.0_weakly-corr-neg_seed9.pcf,hfma,1,2075890,410
random_n800_rho1.0_weakly-corr-neg_seed9.pcf,dhfma,1,1872188,410
random_n800_rho1.0_weakly-corr-neg_seed9.pcf,hfma,2,2027973,410
random_n800_rho1.0_weakly-corr-neg_seed9.pcf,dhfma,2,1829587,410
random_n800_rho1.0_weakly-corr_seed0.pcf,hfma,0,4312349,416
random_n800_rho1.0_weakly-corr_seed0.pcf,dhfma,0,3951770,416
random_n800_rho1.0_weakly-corr_seed0.pcf,hfma,1,2176647,416
random_n800_rho1.0_weakly-corr_seed0.pcf,dhfma,1,2246933,416
random_n800_rho1.0_weakly-corr_seed0.pcf,hfma,2,2355720,416
random_n800_rho1.0_weakly-corr_seed0.pcf,dhfma,2,2172661,416
random_n800_rho1.0_weakly-corr_seed1.pcf,hfma,0,3957653,392
random_n800_rho1.0_weakly-corr_seed1.pcf,dhfma,0,3015248,392
random_n800_rho1.0_weakly-corr_seed1.pcf,hfma,1,3355650,392
random_n800_rho1.0_weakly-corr_seed1.pcf,dhfma,1,4461757,392
random_n800_rho1.0_weakly-corr_seed1.pcf,hfma,2,3158490,392
random_n800_rho1.0_weakly-corr_seed1.pcf,dhfma,2,2635393,392
random_n800_rho1.0_weakly-corr_seed2.pcf,hfma,0,2669132,396
random_n800_rho1.0_weakly-corr_seed2.pcf,dhfma,0,2353486,396
random_n800_rho1.0_weakly-corr_seed2.pcf,hfma,1,2599471,396
random_n800_rho1.0_weakly-corr_seed2.pcf,dhfma,1,2139952,396
random_n800_rho1.0_weakly-corr_seed2.pcf,hfma,2,1671548,396
random_n800_rho1.0_weakly-corr_seed2.pcf,dhfma,2,1673225,396
random_n800_rho1.0_weakly-corr_seed3.pcf,hfma,0,5498749,384
random_n800_rho1.0_weakly-corr_seed3.pcf,dhfma,0,4052128,384
random_n800_rho1.0_weakly-corr_seed3.pcf,hfma,1,3460062,384
random_n800_rho1.0_weakly-corr_seed3.pcf,dhfma,1,3753367,384
random_n800_rho1.0_weakly-corr_seed3.pcf,hfma,2,4640929,384
random_n800_rho1.0_weakly-corr_seed3.pcf,dhfma,2,3807891,384
random_n800_rho1.0_weakly-corr_seed4.pcf,hfma,0,4948772,397
random_n800_rho1.0_weakly-corr_seed4.pcf,dhfma,0,7476357,397
random_n800_rho1.0_weakly-corr_seed4.pcf,hfma,1,4363330,397
random_n800_rho1.0_weakly-corr_seed4.pcf,dhfma,1,3135153,397
random_n800_rho1.0_weakly-corr_seed4.pcf,hfma,2,1976736,397
random_n800_rho1.0_weakly-corr_seed4.pcf,dhfma,2,2044220,397
random_n800_rho1.0_weakly-corr_seed5.pcf,hfma,0,2450310,408
random_n800_rho1.0_weakly-corr_seed5.pcf,dhfma,0,2126610,408
random_n800_rho1.0_weakly-corr_seed5.pcf,hfma,1,2353291,408
random_n800_rho1.0_weakly-corr_seed5.pcf,dhfma,1,2125224,408
random_n800_rho1.0_weakly-corr_seed5.pcf,hfma,2,2331108,408
random_n800_rho1.0_weakly-corr_seed5.pcf,dhfma,2,2115888,408
random_n800_rho1.0_weakly-corr_seed6.pcf,hfma,0,1786036,387
random_n800_rho1.0_weakly-corr_seed6.pcf,dhfma,0,1699318,387
random_n800_rho1.0_weakly-corr_seed6.pcf,hfma,1,1735423,387
random_n800_rho1.0_weakly-corr_seed6.pcf,dhfma,1,1685364,387
random_n800_rho1.0_weakly-corr_seed6.pcf,hfma,2,1718187,387
random_n800_rho1.0_weakly-corr_seed6.pcf,dhfma,2,1636997,387
random_n800_rho1.0_weakly-corr_seed7.pcf,hfma,0,2990674,415
random_n800_rho1.0_weakly-corr_seed7.pcf,dhfma,0,2980228,415
random_n800_rho1.0_weakly-corr_seed7.pcf,hfma,1,1932361,415
random_n800_rho1.0_weakly-corr_seed7.pcf,dhfma,1,1946304,415
random_n800_rho1.0_weakly-corr_seed7.pcf,hfma,2,1889828,415
random_n800_rho1.0_weakly-corr_seed7.pcf,dhfma,2,1932716,415
random_n800_rho1.0_weakly-corr_seed8.pcf,hfma,0,3197404,408
random_n800_rho1.0_weakly-corr_seed8.pcf,dhfma,0,2743283,408
random_n800_rho1.0_weakly-corr_seed8.pcf,hfma,1,3089469,408
random_n800_rho1.0_weakly-corr_seed8.pcf,dhfma,1,2733153,408
random_n800_rho1.0_weakly-corr_seed8.pcf,hfma,2,3071752,408
random_n800_rho1.0_weakly-corr_seed8.pcf,dhfma,2,2743428,408
random_n800_rho1.0_weakly-corr_seed9.pcf,hfma,0,2104184,412
random_n800_rho1.0_weakly-corr_seed9.pcf,dhfma,0,1676451,412
random_n800_rho1.0_weakly-corr_seed9.pcf,hfma,1,1758896,412
random_n800_rho1.0_weakly-corr_seed9.pcf,dhfma,1,1640344,412
random_n800_rho1.0_weakly-corr_seed9.pcf,hfma,2,1754936,412
random_n800_rho1.0_weakly-corr_seed9.pcf,dhfma,2,1690758,412
random_n900_rho0.3_strongly-corr-neg_seed0.pcf,hfma,0,312340,641
random_n900_rho0.3_strongly-corr-neg_seed0.pcf,dhfma,0,352754,641
random_n900_rho0.3_strongly-corr-neg_seed0.pcf,hfma,1,279853,641
random_n900_rho0.3_strongly-corr-neg_seed0.pcf,dhfma,1,325496,641
random_n900_rho0.3_strongly-corr-neg_seed0.pcf,hfma,2,277197,641
random_n900_rho0.3_strongly-corr-neg_seed0.pcf,dhfma,2,321113,641
random_n900_rho0.3_strongly-corr-neg_seed1.pcf,hfma,0,484257,651
random_n900_rho0.3_strongly-corr-neg_seed1.pcf,dhfma,0,526695,651
random_n900_rho0.3_strongly-corr-neg_seed1.pcf,hfma,1,408101,651
random_n900_rho0.3_strongly-corr-neg_seed1.pcf,dhfma,1,512682,651
random_n900_rho0.3_strongly-corr-neg_seed1.pcf,hfma,2,301604,651
random_n900_rho0.3_strongly-corr-neg_seed1.pcf,dhfma,2,351579,651
random_n900_rho0.3_strongly-corr-neg_seed2.pcf,hfma,0,312122,645
random_n900_rho0.3_strongly-corr-neg_seed2.pcf,dhfma,0,342196,645
random_n900_rho0.3_strongly-corr-neg_seed2.pcf,hfma,1,283570,645
random_n900_rho0.3_strongly-corr-neg_seed2.pcf,dhfma,1,309346,645
random_n900_rho0.3_strongly-corr-neg_seed2.pcf,hfma,2,281159,645
random_n900_rho0.3_strongly-corr-neg_seed2.pcf,dhfma,2,304233,645
random_n900_rho0.3_strongly-corr-neg_seed3.pcf,hfma,0,453575,639
random_n900_rho0.3_strongly-corr-neg_seed3.pcf,dhfma,0,528057,639
random_n900_rho0.3_strongly-corr-neg_seed3.pcf,hfma,1,411952,639
random_n900_rho0.3_strongly-corr-neg_seed3.pcf,dhfma,1,497139,639
random_n900_rho0.3_strongly-corr-neg_seed3.pcf,hfma,2,396625,639
random_n900_rho0.3_strongly-corr-neg_seed3.pcf,dhfma,2,491606,639
random_n900_rho0.3_strongly-corr-neg_seed4.pcf,hfma,0,481192,619
random_n900_rho0.3_strongly-corr-neg_seed4.pcf,dhfma,0,568498,619
random_n900_rho0.3_strongly-corr-neg_seed4.pcf,hfma,1,424376,619
random_n900_rho0.3_strongly-corr-neg_seed4.pcf,dhfma,1,517121,619
random_n900_rho0.3_strongly-corr-neg_seed4.pcf,hfma,2,444485,619
random_n900_rho0.3_strongly-corr-neg_seed4.pcf,dhfma,2,616474,619
random_n900_rho0.3_strongly-corr-neg_seed5.pcf,hfma,0,376231,630
random_n900_rho0.3_strongly-corr-neg_seed5.pcf,dhfma,0,382266,630
random_n900_rho0.3_strongly-corr-neg_seed5.pcf,hfma,1,310404,630
random_n900_rho0.3_strongly-corr-neg_seed5.pcf,dhfma,1,343210,630
random_n900_rho0.3_strongly-corr-neg_seed5.pcf,hfma,2,284134,630
random_n900_rho0.3_strongly-corr-neg_seed5.pcf,dhfma,2,334243,630
random_n900_rho0.3_strongly-corr-neg_seed6.pcf,hfma,0,469081,634
random_n900_rho0.3_strongly-corr-neg_seed6.pcf,dhfma,0,559872,634
random_n900_rho0.3_strongly-corr-neg_seed6.pcf,hfma,1,426721,634
random_n900_rho0.3_strongly-corr-neg_seed6.pcf,dhfma,1,563707,634
random_n900_rho0.3_strongly-corr-neg_seed6.pcf,hfma,2,484413,634
random_n900_rho0.3_strongly-corr-neg_seed6.pcf,dhfma,2,627063,634
random_n900_rho0.3_strongly-corr-neg_seed7.pcf,hfma,0,460350,639
random_n900_rho0.3_strongly-corr-neg_seed7.pcf,dhfma,0,513878,639
random_n900_rho0.3_strongly-corr-neg_seed7.pcf,hfma,1,398334,639
random_n900_rho0.3_strongly-corr-neg_seed7.pcf,dhfma,1,449106,639
random_n900_rho0.3_strongly-corr-neg_seed7.pcf,hfma,2,352009,639
random_n900_rho0.3_strongly-corr-neg_seed7.pcf,dhfma,2,416700,639
random_n900_rho0.3_strongly-corr-neg_seed8.pcf,hfma,0,618013,623
random_n900_rho0.3_strongly-corr-neg_seed8.pcf,dhfma,0,735281,623
random_n900_rho0.3_strongly-corr-neg_seed8.pcf,hfma,1,611107,623
random_n900_rho0.3_strongly-corr-neg_seed8.pcf,dhfma,1,739298,623
random_n900_rho0.3_strongly-corr-neg_seed8.pcf,hfma,2,546869,623
random_n900_rho0.3_strongly-corr-neg_seed8.pcf,dhfma,2,643935,623
random_n900_rho0.3_strongly-corr-neg_seed9.pcf,hfma,0,725173,625
random_n900_rho0.3_strongly-corr-neg_seed9.pcf,dhfma,0,498716,625
random_n900_rho0.3_strongly-corr-neg_seed9.pcf,hfma,1,464015,625
random_n900_rho0.3_strongly-corr-neg_seed9.pcf,dhfma,1,531984,625
random_n900_rho0.3_strongly-corr-neg_seed9.pcf,hfma,2,489781,625
random_n900_rho0.3_strongly-corr-neg_seed9.pcf,dhfma,2,552329,625
random_n900_rho0.3_strongly-corr_seed0.pcf,hfma,0,608612,552
random_n900_rho0.3_strongly-corr_seed0.pcf,dhfma,0,709972,552
random_n900_rho0.3_strongly-corr_seed0.pcf,hfma,1,641005,552
random_n900_rho0.3_strongly-corr_seed0.pcf,dhfma,1,776936,552
random_n900_rho0.3_strongly-corr_seed0.pcf,hfma,2,680424,552
random_n900_rho0.3_strongly-corr_seed0.pcf,dhfma,2,852826,552
random_n900_rho0.3_strongly-corr_seed1.pcf,hfma,0,1064979,567
random_n900_rho0.3_strongly-corr_seed1.pcf,dhfma,0,1075605,567
random_n900_rho0.3_strongly-corr_seed1.pcf,hfma,1,730237,567
random_n900_rho0.3_strongly-corr_seed1.pcf,dhfma,1,631921,567
random_n900_rho0.3_strongly-corr_seed1.pcf,hfma,2,546672,567
random_n900_rho0.3_strongly-corr_seed1.pcf,dhfma,2,634179,567
random_n900_rho0.3_strongly-corr_seed2.pcf,hfma,0,755328,564
random_n900_rho0.3_strongly-corr_seed2.pcf,dhfma,0,814484,564
random_n900_rho0.3_strongly-corr_seed2.pcf,hfma,1,654514,564
random_n900_rho0.3_strongly-corr_seed2.pcf,dhfma,1,672666,564
random_n900_rho0.3_strongly-corr_seed2.pcf,hfma,2,552940,564
random_n900_rho0.3_strongly-corr_seed2.pcf,dhfma,2,602928,564
random_n900_rho0.3_strongly-corr_seed3.pcf,hfma,0,549408,567
random_n900_rho0.3_strongly-corr_seed3.pcf,dhfma,0,558072,567
random_n900_rho0.3_strongly-corr_seed3.pcf,hfma,1,430895,567
random_n900_rho0.3_strongly-corr_seed3.pcf,dhfma,1,460767,567
random_n900_rho0.3_strongly-corr_seed3.pcf,hfma,2,374323,567
random_n900_rho0.3_strongly-corr_seed3.pcf,dhfma,2,413522,567
random_n900_rho0.3_strongly-corr_seed4.pcf,hfma,0,442147,572
random_n900_rho0.3_strongly-corr_seed4.pcf,dhfma,0,496863,572
random_n900_rho0.3_strongly-corr_seed4.pcf,hfma,1,446649,572
random_n900_rho0.3_strongly-corr_seed4.pcf,dhfma,1,516409,572
random_n900_rho0.3_strongly-corr_seed4.pcf,hfma,2,464458,572
random_n900_rho0.3_strongly-corr_seed4.pcf,dhfma,2,492019,572
random_n900_rho0.3_strongly-corr_seed5.pcf,hfma,0,552335,571
random_n900_rho0.3_strongly-corr_seed5.pcf,dhfma,0,533985,571
random_n900_rho0.3_strongly-corr_seed5.pcf,hfma,1,469433,571
random_n900_rho0.3_strongly-corr_seed5.pcf,dhfma,1,459353,571
random_n900_rho0.3_strongly-corr_seed5.pcf,hfma,2,397612,571
random_n900_rho0.3_strongly-corr_seed5.pcf,dhfma,2,410325,571
random_n900_rho0.3_strongly-corr_seed6.pcf,hfma,0,338833,562
random_n900_rho0.3_strongly-corr_seed6.pcf,dhfma,0,369889,562
random_n900_rho0.3_strongly-corr_seed6.pcf,hfma,1,294353,562
random_n900_rho0.3_strongly-corr_seed6.pcf,dhfma,1,349075,562
random_n900_rho0.3_strongly-corr_seed6.pcf,hfma,2,309062,562
random_n900_rho0.3_strongly-corr_seed6.pcf,dhfma,2,344152,562
random_n900_rho0.3_strongly-corr_seed7.pcf,hfma,0,328587,577
random_n900_rho0.3_strongly-corr_seed7.pcf,dhfma,0,350646,577
random_n900_rho0.3_strongly-corr_seed7.pcf,hfma,1,297087,577
random_n900_rho0.3_strongly-corr_seed7.pcf,dhfma,1,332151,577
random_n900_rho0.3_strongly-corr_seed7.pcf,hfma,2,286570,577
random_n900_rho0.3_strongly-corr_seed7.pcf,dhfma,2,344742,577
random_n900_rho0.3_strongly-corr_seed8.pcf,hfma,0,372748,539
random_n900_rho0.3_strongly-corr_seed8.pcf,dhfma,0,398141,539
random_n900_rho0.3_strongly-corr_seed8.pcf,hfma,1,318843,539
random_n900_rho0.3_strongly-corr_seed8.pcf,dhfma,1,356823,539
random_n900_rho0.3_strongly-corr_seed8.pcf,hfma,2,284075,539
random_n900_rho0.3_strongly-corr_seed8.pcf,dhfma,2,334103,539
random_n900_rho0.3_strongly-corr_seed9.pcf,hfma,0,495138,557
random_n900_rho0.3_strongly-corr_seed9.pcf,dhfma,0,536379,557
random_n900_rho0.3_strongly-corr_seed9.pcf,hfma,1,421029,557
random_n900_rho0.3_strongly-corr_seed9.pcf,dhfma,1,537928,557
random_n900_rho0.3_strongly-corr_seed9.pcf,hfma,2,446418,557
random_n900_rho0.3_strongly-corr_seed9.pcf,dhfma,2,396910,557
random_n900_rho0.3_uncorr-neg_seed0.pcf,hfma,0,336167,776
random_n900_rho0.3_uncorr-neg_seed0.pcf,dhfma,0,372002,776
random_n900_rho0.3_uncorr-neg_seed0.pcf,hfma,1,294113,776
random_n900_rho0.3_uncorr-neg_seed0.pcf,dhfma,1,350346,776
random_n900_rho0.3_uncorr-neg_seed0.pcf,hfma,2,278936,776
random_n900_rho0.3_uncorr-neg_seed0.pcf,dhfma,2,356289,776
random_n900_rho0.3_uncorr-neg_seed1.pcf,hfma,0,498074,757
random_n900_rho0.3_uncorr-neg_seed1.pcf,dhfma,0,562758,757
random_n900_rho0.3_uncorr-neg_seed1.pcf,hfma,1,434927,757
random_n900_rho0.3_uncorr-neg_seed1.pcf,dhfma,1,590373,757
random_n900_rho0.3_uncorr-neg_seed1.pcf,hfma,2,473720,757
random_n900_rho0.3_uncorr-neg_seed1.pcf,dhfma,2,630953,757
random_n900_rho0.3_uncorr-neg_seed2.pcf,hfma,0,436332,760
random_n900_rho0.3_uncorr-neg_seed2.pcf,dhfma,0,485112,760
random_n900_rho0.3_uncorr-neg_seed2.pcf,hfma,1,344712,760
random_n900_rho0.3_uncorr-neg_seed2.pcf,dhfma,1,415767,760
random_n900_rho0.3_uncorr-neg_seed2.pcf,hfma,2,327012,760
random_n900_rho0.3_uncorr-neg_seed2.pcf,dhfma,2,388928,760
random_n900_rho0.3_uncorr-neg_seed3.pcf,hfma,0,526043,767
random_n900_rho0.3_uncorr-neg_seed3.pcf,dhfma,0,558341,767
random_n900_rho0.3_uncorr-neg_seed3.pcf,hfma,1,347872,767
random_n900_rho0.3_uncorr-neg_seed3.pcf,dhfma,1,415828,767
random_n900_rho0.3_uncorr-neg_seed3.pcf,hfma,2,290127,767
random_n900_rho0.3_uncorr-neg_seed3.pcf,dhfma,2,334832,767
random_n900_rho0.3_uncorr-neg_seed4.pcf,hfma,0,516518,742
random_n900_rho0.3_uncorr-neg_seed4.pcf,dhfma,0,548328,742
random_n900_rho0.3_uncorr-neg_seed4.pcf,hfma,1,335152,742
random_n900_rho0.3_uncorr-neg_seed4.pcf,dhfma,1,401596,742
random_n900_rho0.3_uncorr-neg_seed4.pcf,hfma,2,304178,742
random_n900_rho0.3_uncorr-neg_seed4.pcf,dhfma,2,362440,742
random_n900_rho0.3_uncorr-neg_seed5.pcf,hfma,0,346952,752
random_n900_rho0.3_uncorr-neg_seed5.pcf,dhfma,0,415886,752
random_n900_rho0.3_uncorr-neg_seed5.pcf,hfma,1,319802,752
random_n900_rho0.3_uncorr-neg_seed5.pcf,dhfma,1,410383,752
random_n900_rho0.3_uncorr-neg_seed5.pcf,hfma,2,354314,752
random_n900_rho0.3_uncorr-neg_seed5.pcf,dhfma,2,480981,752
random_n900_rho0.3_uncorr-neg_seed6.pcf,hfma,0,631245,772
random_n900_rho0.3_uncorr-neg_seed6.pcf,dhfma,0,785993,772
random_n900_rho0.3_uncorr-neg_seed6.pcf,hfma,1,602288,772
random_n900_rho0.3_uncorr-neg_seed6.pcf,dhfma,1,811023,772
random_n900_rho0.3_uncorr-neg_seed6.pcf,hfma,2,686678,772
random_n900_rho0.3_uncorr-neg_seed6.pcf,dhfma,2,919721,772
random_n900_rho0.3_uncorr-neg_seed7.pcf,hfma,0,1167940,758
random_n900_rho0.3_uncorr-neg_seed7.pcf,dhfma,0,1185161,758
random_n900_rho0.3_uncorr-neg_seed7.pcf,hfma,1,755723,758
random_n900_rho0.3_uncorr-neg_seed7.pcf,dhfma,1,836310,758
random_n900_rho0.3_uncorr-neg_seed7.pcf,hfma,2,662612,758
random_n900_rho0.3_uncorr-neg_seed7.pcf,dhfma,2,713458,758
random_n900_rho0.3_uncorr-neg_seed8.pcf,hfma,0,749971,764
random_n900_rho0.3_uncorr-neg_seed8.pcf,dhfma,0,942279,764
random_n900_rho0.3_uncorr-neg_seed8.pcf,hfma,1,772358,764
random_n900_rho0.3_uncorr-neg_seed8.pcf,dhfma,1,988282,764
random_n900_rho0.3_uncorr-neg_seed8.pcf,hfma,2,863053,764
random_n900_rho0.3_uncorr-neg_seed8.pcf,dhfma,2,1171209,764
random_n900_rho0.3_uncorr-neg_seed9.pcf,hfma,0,1461110,757
random_n900_rho0.3_uncorr-neg_seed9.pcf,dhfma,0,1587256,757
random_n900_rho0.3_uncorr-neg_seed9.pcf,hfma,1,1159878,757
random_n900_rho0.3_uncorr-neg_seed9.pcf,dhfma,1,1324654,757
random_n900_rho0.3_uncorr-neg_seed9.pcf,hfma,2,968983,757
random_n900_rho0.3_uncorr-neg_seed9.pcf,dhfma,2,1052603,757
random_n900_rho0.3_uncorr_seed0.pcf,hfma,0,777595,754
random_n900_rho0.3_uncorr_seed0.pcf,dhfma,0,844406,754
random_n900_rho0.3_uncorr_seed0.pcf,hfma,1,587599,754
random_n900_rho0.3_uncorr_seed0.pcf,dhfma,1,683031,754
random_n900_rho0.3_uncorr_seed0.pcf,hfma,2,528445,754
random_n900_rho0.3_uncorr_seed0.pcf,dhfma,2,582815,754
random_n900_rho0.3_uncorr_seed1.pcf,hfma,0,860457,754
random_n900_rho0.3_uncorr_seed1.pcf,dhfma,0,1104575,754
random_n900_rho0.3_uncorr_seed1.pcf,hfma,1,887299,754
random_n900_rho0.3_uncorr_seed1.pcf,dhfma,1,1298110,754
random_n900_rho0.3_uncorr_seed1.pcf,hfma,2,803682,754
random_n900_rho0.3_uncorr_seed1.pcf,dhfma,2,1023494,754
random_n900_rho0.3_uncorr_seed2.pcf,hfma,0,947162,759
random_n900_rho0.3_uncorr_seed2.pcf,dhfma,0,1116979,759
random_n900_rho0.3_uncorr_seed2.pcf,hfma,1,823645,759
random_n900_rho0.3_uncorr_seed2.pcf,dhfma,1,901062,759
random_n900_rho0.3_uncorr_seed2.pcf,hfma,2,689815,759
random_n900_rho0.3_uncorr_seed2.pcf,dhfma,2,775684,759
random_n900_rho0.3_uncorr_seed3.pcf,hfma,0,588798,749
random_n900_rho0.3_uncorr_seed3.pcf,dhfma,0,628467,749
random_n900_rho0.3_uncorr_seed3.pcf,hfma,1,451613,749
random_n900_rho0.3_uncorr_seed3.pcf,dhfma,1,513749,749
random_n900_rho0.3_uncorr_seed3.pcf,hfma,2,389065,749
random_n900_rho0.3_uncorr_seed3.pcf,dhfma,2,447035,749
random_n900_rho0.3_uncorr_seed4.pcf,hfma,0,690259,755
random_n900_rho0.3_uncorr_seed4.pcf,dhfma,0,889456,755
random_n900_rho0.3_uncorr_seed4.pcf,hfma,1,750930,755
random_n900_rho0.3_uncorr_seed4.pcf,dhfma,1,698434,755
random_n900_rho0.3_uncorr_seed4.pcf,hfma,2,604826,755
random_n900_rho0.3_uncorr_seed4.pcf,dhfma,2,752832,755
random_n900_rho0.3_uncorr_seed5.pcf,hfma,0,871337,760
random_n900_rho0.3_uncorr_seed5.pcf,dhfma,0,1076368,760
random_n900_rho0.3_uncorr_seed5.pcf,hfma,1,879612,760
random_n900_rho0.3_uncorr_seed5.pcf,dhfma,1,1229507,760
random_n900_rho0.3_uncorr_seed5.pcf,hfma,2,1186833,760
random_n900_rho0.3_uncorr_seed5.pcf,dhfma,2,1199413,760
random_n900_rho0.3_uncorr_seed6.pcf,hfma,0,861962,764
random_n900_rho0.3_uncorr_seed6.pcf,dhfma,0,895290,764
random_n900_rho0.3_uncorr_seed6.pcf,hfma,1,646365,764
random_n900_rho0.3_uncorr_seed6.pcf,dhfma,1,677264,764
random_n900_rho0.3_uncorr_seed6.pcf,hfma,2,546223,764
random_n900_rho0.3_uncorr_seed6.pcf,dhfma,2,575863,764
random_n900_rho0.3_uncorr_seed7.pcf,hfma,0,619321,753
random_n900_rho0.3_uncorr_seed7.pcf,dhfma,0,769892,753
random_n900_rho0.3_uncorr_seed7.pcf,hfma,1,655058,753
random_n900_rho0.3_uncorr_seed7.pcf,dhfma,1,878332,753
random_n900_rho0.3_uncorr_seed7.pcf,hfma,2,771718,753
random_n900_rho0.3_uncorr_seed7.pcf,dhfma,2,1029055,753
random_n900_rho0.3_uncorr_seed8.pcf,hfma,0,915526,754
random_n900_rho0.3_uncorr_seed8.pcf,dhfma,0,986360,754
random_n900_rho0.3_uncorr_seed8.pcf,hfma,1,670528,754
random_n900_rho0.3_uncorr_seed8.pcf,dhfma,1,729367,754
random_n900_rho0.3_uncorr_seed8.pcf,hfma,2,576637,754
random_n900_rho0.3_uncorr_seed8.pcf,dhfma,2,664411,754
random_n900_rho0.3_uncorr_seed9.pcf,hfma,0,503487,751
random_n900_rho0.3_uncorr_seed9.pcf,dhfma,0,538141,751
random_n900_rho0.3_uncorr_seed9.pcf,hfma,1,390586,751
random_n900_rho0.3_uncorr_seed9.pcf,dhfma,1,447760,751
random_n900_rho0.3_uncorr_seed9.pcf,hfma,2,336328,751
random_n900_rho0.3_uncorr_seed9.pcf,dhfma,2,420300,751
random_n900_rho0.3_weakly-corr-neg_seed0.pcf,hfma,0,312367,754
random_n900_rho0.3_weakly-corr-neg_seed0.pcf,dhfma,0,367287,754
random_n900_rho0.3_weakly-corr-neg_seed0.pcf,hfma,1,281538,754
random_n900_rho0.3_weakly-corr-neg_seed0.pcf,dhfma,1,340321,754
random_n900_rho0.3_weakly-corr-neg_seed0.pcf,hfma,2,275527,754
random_n900_rho0.3_weakly-corr-neg_seed0.pcf,dhfma,2,330256,754
random_n900_rho0.3_weakly-corr-neg_seed1.pcf,hfma,0,503794,743
random_n900_rho0.3_weakly-corr-neg_seed1.pcf,dhfma,0,566925,743
random_n900_rho0.3_weakly-corr-neg_seed1.pcf,hfma,1,446867,743
random_n900_rho0.3_weakly-corr-neg_seed1.pcf,dhfma,1,433865,743
random_n900_rho0.3_weakly-corr-neg_seed1.pcf,hfma,2,317841,743
random_n900_rho0.3_weakly-corr-neg_seed1.pcf,dhfma,2,360797,743
random_n900_rho0.3_weakly-corr-neg_seed2.pcf,hfma,0,485993,758
random_n900_rho0.3_weakly-corr-neg_seed2.pcf,dhfma,0,576094,758
random_n900_rho0.3_weakly-corr-neg_seed2.pcf,hfma,1,423550,758
random_n900_rho0.3_weakly-corr-neg_seed2.pcf,dhfma,1,550311,758
random_n900_rho0.3_weakly-corr-neg_seed2.pcf,hfma,2,488776,758
random_n900_rho0.3_weakly-corr-neg_seed2.pcf,dhfma,2,414041,758
random_n900_rho0.3_weakly-corr-neg_seed3.pcf,hfma,0,450323,750
random_n900_rho0.3_weakly-corr-neg_seed3.pcf,dhfma,0,472827,750
random_n900_rho0.3_weakly-corr-neg_seed3.pcf,hfma,1,367394,750
random_n900_rho0.3_weakly-corr-neg_seed3.pcf,dhfma,1,425873,750
random_n900_rho0.3_weakly-corr-neg_seed3.pcf,hfma,2,367188,750
random_n900_rho0.3_weakly-corr-neg_seed3.pcf,dhfma,2,472985,750
random_n900_rho0.3_weakly-corr-neg_seed4.pcf,hfma,0,863821,737
random_n900_rho0.3_weakly-corr-neg_seed4.pcf,dhfma,0,1030208,737
random_n900_rho0.3_weakly-corr-neg_seed4.pcf,hfma,1,686153,737
random_n900_rho0.3_weakly-corr-neg_seed4.pcf,dhfma,1,798426,737
random_n900_rho0.3_weakly-corr-neg_seed4.pcf,hfma,2,619055,737
random_n900_rho0.3_weakly-corr-neg_seed4.pcf,dhfma,2,663138,737
random_n900_rho0.3_weakly-corr-neg_seed5.pcf,hfma,0,411840,754
random_n900_rho0.3_weakly-corr-neg_seed5.pcf,dhfma,0,492398,754
random_n900_rho0.3_weakly-corr-neg_seed5.pcf,hfma,1,390734,754
random_n900_rho0.3_weakly-corr-neg_seed5.pcf,dhfma,1,505548,754
random_n900_rho0.3_weakly-corr-neg_seed5.pcf,hfma,2,404240,754
random_n900_rho0.3_weakly-corr-neg_seed5.pcf,dhfma,2,493561,754
random_n900_rho0.3_weakly-corr-neg_seed6.pcf,hfma,0,454948,777
random_n900_rho0.3_weakly-corr-neg_seed6.pcf,dhfma,0,529692,777
random_n900_rho0.3_weakly-corr-neg_seed6.pcf,hfma,1,410577,777
random_n900_rho0.3_weakly-corr-neg_seed6.pcf,dhfma,1,549650,777
random_n900_rho0.3_weakly-corr-neg_seed6.pcf,hfma,2,457028,777
random_n900_rho0.3_weakly-corr-neg_seed6.pcf,dhfma,2,644363,777
random_n900_rho0.3_weakly-corr-neg_seed7.pcf,hfma,0,583627,761
random_n900_rho0.3_weakly-corr-neg_seed7.pcf,dhfma,0,684480,761
random_n900_rho0.3_weakly-corr-neg_seed7.pcf,hfma,1,615666,761
random_n900_rho0.3_weakly-corr-neg_seed7.pcf,dhfma,1,729126,761
random_n900_rho0.3_weakly-corr-neg_seed7.pcf,hfma,2,624582,761
random_n900_rho0.3_weakly-corr-neg_seed7.pcf,dhfma,2,726089,761
random_n900_rho0.3_weakly-corr-neg_seed8.pcf,hfma,0,993273,746
random_n900_rho0.3_weakly-corr-neg_seed8.pcf,dhfma,0,962008,746
random_n900_rho0.3_weakly-corr-neg_seed8.pcf,hfma,1,534602,746
random_n900_rho0.3_weakly-corr-neg_seed8.pcf,dhfma,1,669047,746
random_n900_rho0.3_weakly-corr-neg_seed8.pcf,hfma,2,551173,746
random_n900_rho0.3_weakly-corr-neg_seed8.pcf,dhfma,2,691468,746
random_n900_rho0.3_weakly-corr-neg_seed9.pcf,hfma,0,965975,764
random_n900_rho0.3_weakly-corr-neg_seed9.pcf,dhfma,0,644539,764
random_n900_rho0.3_weakly-corr-neg_seed9.pcf,hfma,1,535718,764
random_n900_rho0.3_weakly-corr-neg_seed9.pcf,dhfma,1,685110,764
random_n900_rho0.3_weakly-corr-neg_seed9.pcf,hfma,2,564725,764
random_n900_rho0.3_weakly-corr-neg_seed9.pcf,dhfma,2,732851,764
random_n900_rho0.3_weakly-corr_seed0.pcf,hfma,0,696196,752
random_n900_rho0.3_weakly-corr_seed0.pcf,dhfma,0,842278,752
random_n900_rho0.3_weakly-corr_seed0.pcf,hfma,1,763898,752
random_n900_rho0.3_weakly-corr_seed0.pcf,dhfma,1,927249,752
random_n900_rho0.3_weakly-corr_seed0.pcf,hfma,2,822554,752
random_n900_rho0.3_weakly-corr_seed0.pcf,dhfma,2,1124541,752
random_n900_rho0.3_weakly-corr_seed1.pcf,hfma,0,1021925,747
random_n900_rho0.3_weakly-corr_seed1.pcf,dhfma,0,1384890,747
random_n900_rho0.3_weakly-corr_seed1.pcf,hfma,1,1124523,747
random_n900_rho0.3_weakly-corr_seed1.pcf,dhfma,1,1315685,747
random_n900_rho0.3_weakly-corr_seed1.pcf,hfma,2,940961,747
random_n900_rho0.3_weakly-corr_seed1.pcf,dhfma,2,1041281,747
random_n900_rho0.3_weakly-corr_seed2.pcf,hfma,0,1096864,747
random_n900_rho0.3_weakly-corr_seed2.pcf,dhfma,0,1447774,747
random_n900_rho0.3_weakly-corr_seed2.pcf,hfma,1,1186639,747
random_n900_rho0.3_weakly-corr_seed2.pcf,dhfma,1,1474465,747
random_n900_rho0.3_weakly-corr_seed2.pcf,hfma,2,1112626,747
random_n900_rho0.3_weakly-corr_seed2.pcf,dhfma,2,1394141,747
random_n900_rho0.3_weakly-corr_seed3.pcf,hfma,0,1260544,759
random_n900_rho0.3_weakly-corr_seed3.pcf,dhfma,0,1479742,759
random_n900_rho0.3_weakly-corr_seed3.pcf,hfma,1,1133986,759
random_n900_rho0.3_weakly-corr_seed3.pcf,dhfma,1,1426155,759
random_n900_rho0.3_weakly-corr_seed3.pcf,hfma,2,285641,759
random_n900_rho0.3_weakly-corr_seed3.pcf,dhfma,2,371924,759
random_n900_rho0.3_weakly-corr_seed4.pcf,hfma,0,630938,756
random_n900_rho0.3_weakly-corr_seed4.pcf,dhfma,0,1575086,756
random_n900_rho0.3_weakly-corr_seed4.pcf,hfma,1,1211550,756
random_n900_rho0.3_weakly-corr_seed4.pcf,dhfma,1,1523683,756
random_n900_rho0.3_weakly-corr_seed4.pcf,hfma,2,1156979,756
random_n900_rho0.3_weakly-corr_seed4.pcf,dhfma,2,1429540,756
random_n900_rho0.3_weakly-corr_seed5.pcf,hfma,0,1336509,750
random_n900_rho0.3_weakly-corr_seed5.pcf,dhfma,0,1492586,750
random_n900_rho0.3_weakly-corr_seed5.pcf,hfma,1,1181951,750
random_n900_rho0.3_weakly-corr_seed5.pcf,dhfma,1,1217297,750
random_n900_rho0.3_weakly-corr_seed5.pcf,hfma,2,879139,750
random_n900_rho0.3_weakly-corr_seed5.pcf,dhfma,2,939058,750
random_n900_rho0.3_weakly-corr_seed6.pcf,hfma,0,1020119,773
random_n900_rho0.3_weakly-corr_seed6.pcf,dhfma,0,1315404,773
random_n900_rho0.3_weakly-corr_seed6.pcf,hfma,1,1146911,773
random_n900_rho0.3_weakly-corr_seed6.pcf,dhfma,1,1413614,773
random_n900_rho0.3_weakly-corr_seed6.pcf,hfma,2,1126273,773
random_n900_rho0.3_weakly-corr_seed6.pcf,dhfma,2,1377456,773
random_n900_rho0.3_weakly-corr_seed7.pcf,hfma,0,1239026,757
random_n900_rho0.3_weakly-corr_seed7.pcf,dhfma,0,1349738,757
random_n900_rho0.3_weakly-corr_seed7.pcf,hfma,1,942908,757
random_n900_rho0.3_weakly-corr_seed7.pcf,dhfma,1,1041958,757
random_n900_rho0.3_weakly-corr_seed7.pcf,hfma,2,774832,757
random_n900_rho0.3_weakly-corr_seed7.pcf,dhfma,2,815132,757
random_n900_rho0.3_weakly-corr_seed8.pcf,hfma,0,1235894,757
random_n900_rho0.3_weakly-corr_seed8.pcf,dhfma,0,1441126,757
random_n900_rho0.3_weakly-corr_seed8.pcf,hfma,1,1214799,757
random_n900_rho0.3_weakly-corr_seed8.pcf,dhfma,1,1300093,757
random_n900_rho0.3_weakly-corr_seed8.pcf,hfma,2,1071291,757
random_n900_rho0.3_weakly-corr_seed8.pcf,dhfma,2,1425121,757
random_n900_rho0.3_weakly-corr_seed9.pcf,hfma,0,1475215,745
random_n900_rho0.3_weakly-corr_seed9.pcf,dhfma,0,1653096,745
random_n900_rho0.3_weakly-corr_seed9.pcf,hfma,1,1335931,745
random_n900_rho0.3_weakly-corr_seed9.pcf,dhfma,1,1648107,745
random_n900_rho0.3_weakly-corr_seed9.pcf,hfma,2,1381044,745
random_n900_rho0.3_weakly-corr_seed9.pcf,dhfma,2,1446696,745
random_n900_rho0.6_strongly-corr-neg_seed0.pcf,hfma,0,2636100,559
random_n900_rho0.6_strongly-corr-neg_seed0.pcf,dhfma,0,2250303,559
random_n900_rho0.6_strongly-corr-neg_seed0.pcf,hfma,1,1697940,559
random_n900_rho0.6_strongly-corr-neg_seed0.pcf,dhfma,1,1452532,559
random_n900_rho0.6_strongly-corr-neg_seed0.pcf,hfma,2,1145174,559
random_n900_rho0.6_strongly-corr-neg_seed0.pcf,dhfma,2,1060637,559
random_n900_rho0.6_strongly-corr-neg_seed1.pcf,hfma,0,1064233,566
random_n900_rho0.6_strongly-corr-neg_seed1.pcf,dhfma,0,899849,566
random_n900_rho0.6_strongly-corr-neg_seed1.pcf,hfma,1,779772,566
random_n900_rho0.6_strongly-corr-neg_seed1.pcf,dhfma,1,719429,566
random_n900_rho0.6_strongly-corr-neg_seed1.pcf,hfma,2,661189,566
random_n900_rho0.6_strongly-corr-neg_seed1.pcf,dhfma,2,706605,566
random_n900_rho0.6_strongly-corr-neg_seed2.pcf,hfma,0,1389042,533
random_n900_rho0.6_strongly-corr-neg_seed2.pcf,dhfma,0,1477153,533
random_n900_rho0.6_strongly-corr-neg_seed2.pcf,hfma,1,1730323,533
random_n900_rho0.6_strongly-corr-neg_seed2.pcf,dhfma,1,2002717,533
random_n900_rho0.6_strongly-corr-neg_seed2.pcf,hfma,2,1752286,533
random_n900_rho0.6_strongly-corr-neg_seed2.pcf,dhfma,2,1977172,533
random_n900_rho0.6_strongly-corr-neg_seed3.pcf,hfma,0,1745421,561
random_n900_rho0.6_strongly-corr-neg_seed3.pcf,dhfma,0,1619466,561
random_n900_rho0.6_strongly-corr-neg_seed3.pcf,hfma,1,1197159,561
random_n900_rho0.6_strongly-corr-neg_seed3.pcf,dhfma,1,1182715,561
random_n900_rho0.6_strongly-corr-neg_seed3.pcf,hfma,2,942908,561
random_n900_rho0.6_strongly-corr-neg_seed3.pcf,dhfma,2,903558,561
random_n900_rho0.6_strongly-corr-neg_seed4.pcf,hfma,0,845417,550
random_n900_rho0.6_strongly-corr-neg_seed4.pcf,dhfma,0,770473,550
random_n900_rho0.6_strongly-corr-neg_seed4.pcf,hfma,1,733517,550
random_n900_rho0.6_strongly-corr-neg_seed4.pcf,dhfma,1,767704,550
random_n900_rho0.6_strongly-corr-neg_seed4.pcf,hfma,2,710173,550
random_n900_rho0.6_strongly-corr-neg_seed4.pcf,dhfma,2,747252,550
random_n900_rho0.6_strongly-corr-neg_seed5.pcf,hfma,0,839986,568
random_n900_rho0.6_strongly-corr-neg_seed5.pcf,dhfma,0,699681,568
random_n900_rho0.6_strongly-corr-neg_seed5.pcf,hfma,1,625066,568
random_n900_rho0.6_strongly-corr-neg_seed5.pcf,dhfma,1,670466,568
random_n900_rho0.6_strongly-corr-neg_seed5.pcf,hfma,2,644444,568
random_n900_rho0.6_strongly-corr-neg_seed5.pcf,dhfma,2,663063,568
random_n900_rho0.6_strongly-corr-neg_seed6.pcf,hfma,0,931406,556
random_n900_rho0.6_strongly-corr-neg_seed6.pcf,dhfma,0,672924,556
random_n900_rho0.6_strongly-corr-neg_seed6.pcf,hfma,1,616310,556
random_n900_rho0.6_strongly-corr-neg_seed6.pcf,dhfma,1,685821,556
random_n900_rho0.6_strongly-corr-neg_seed6.pcf,hfma,2,606789,556
random_n900_rho0.6_strongly-corr-neg_seed6.pcf,dhfma,2,690632,556
random_n900_rho0.6_strongly-corr-neg_seed7.pcf,hfma,0,1171535,554
random_n900_rho0.6_strongly-corr-neg_seed7.pcf,dhfma,0,1175985,554
random_n900_rho0.6_strongly-corr-neg_seed7.pcf,hfma,1,773594,554
random_n900_rho0.6_strongly-corr-neg_seed7.pcf,dhfma,1,765753,554
random_n900_rho0.6_strongly-corr-neg_seed7.pcf,hfma,2,751926,554
random_n900_rho0.6_strongly-corr-neg_seed7.pcf,dhfma,2,781537,554
random_n900_rho0.6_strongly-corr-neg_seed8.pcf,hfma,0,900041,553
random_n900_rho0.6_strongly-corr-neg_seed8.pcf,dhfma,0,957691,553
random_n900_rho0.6_strongly-corr-neg_seed8.pcf,hfma,1,816393,553
random_n900_rho0.6_strongly-corr-neg_seed8.pcf,dhfma,1,923304,553
random_n900_rho0.6_strongly-corr-neg_seed8.pcf,hfma,2,810908,553
random_n900_rho0.6_strongly-corr-neg_seed8.pcf,dhfma,2,960866,553
random_n900_rho0.6_strongly-corr-neg_seed9.pcf,hfma,0,929890,564
random_n900_rho0.6_strongly-corr-neg_seed9.pcf,dhfma,0,810869,564
random_n900_rho0.6_strongly-corr-neg_seed9.pcf,hfma,1,738982,564
random_n900_rho0.6_strongly-corr-neg_seed9.pcf,dhfma,1,682488,564
random_n900_rho0.6_strongly-corr-neg_seed9.pcf,hfma,2,646997,564
random_n900_rho0.6_strongly-corr-neg_seed9.pcf,dhfma,2,636312,564
random_n900_rho0.6_strongly-corr_seed0.pcf,hfma,0,906864,522
random_n900_rho0.6_strongly-corr_seed0.pcf,dhfma,0,1055618,522
random_n900_rho0.6_strongly-corr_seed0.pcf,hfma,1,772854,522
random_n900_rho0.6_strongly-corr_seed0.pcf,dhfma,1,743791,522
random_n900_rho0.6_strongly-corr_seed0.pcf,hfma,2,601520,522
random_n900_rho0.6_strongly-corr_seed0.pcf,dhfma,2,640648,522
random_n900_rho0.6_strongly-corr_seed1.pcf,hfma,0,888007,511
random_n900_rho0.6_strongly-corr_seed1.pcf,dhfma,0,819196,511
random_n900_rho0.6_strongly-corr_seed1.pcf,hfma,1,684244,511
random_n900_rho0.6_strongly-corr_seed1.pcf,dhfma,1,713467,511
random_n900_rho0.6_strongly-corr_seed1.pcf,hfma,2,757336,511
random_n900_rho0.6_strongly-corr_seed1.pcf,dhfma,2,817959,511
random_n900_rho0.6_strongly-corr_seed2.pcf,hfma,0,1608536,496
random_n900_rho0.6_strongly-corr_seed2.pcf,dhfma,0,1213561,496
random_n900_rho0.6_strongly-corr_seed2.pcf,hfma,1,989283,496
random_n900_rho0.6_strongly-corr_seed2.pcf,dhfma,1,977179,496
random_n900_rho0.6_strongly-corr_seed2.pcf,hfma,2,808590,496
random_n900_rho0.6_strongly-corr_seed2.pcf,dhfma,2,810561,496
random_n900_rho0.6_strongly-corr_seed3.pcf,hfma,0,1221446,513
random_n900_rho0.6_strongly-corr_seed3.pcf,dhfma,0,948419,513
random_n900_rho0.6_strongly-corr_seed3.pcf,hfma,1,770549,513
random_n900_rho0.6_strongly-corr_seed3.pcf,dhfma,1,770105,513
random_n900_rho0.6_strongly-corr_seed3.pcf,hfma,2,668729,513
random_n900_rho0.6_strongly-corr_seed3.pcf,dhfma,2,626945,513
random_n900_rho0.6_strongly-corr_seed4.pcf,hfma,0,963056,523
random_n900_rho0.6_strongly-corr_seed4.pcf,dhfma,0,721989,523
random_n900_rho0.6_strongly-corr_seed4.pcf,hfma,1,736803,523
random_n900_rho0.6_strongly-corr_seed4.pcf,dhfma,1,815115,523
random_n900_rho0.6_strongly-corr_seed4.pcf,hfma,2,825434,523
random_n900_rho0.6_strongly-corr_seed4.pcf,dhfma,2,943740,523
random_n900_rho0.6_strongly-corr_seed5.pcf,hfma,0,1950671,510
random_n900_rho0.6_strongly-corr_seed5.pcf,dhfma,0,1657432,510
random_n900_rho0.6_strongly-corr_seed5.pcf,hfma,1,1147175,510
random_n900_rho0.6_strongly-corr_seed5.pcf,dhfma,1,1283196,510
random_n900_rho0.6_strongly-corr_seed5.pcf,hfma,2,1086280,510
random_n900_rho0.6_strongly-corr_seed5.pcf,dhfma,2,1021502,510
random_n900_rho0.6_strongly-corr_seed6.pcf,hfma,0,1038720,486
random_n900_rho0.6_strongly-corr_seed6.pcf,dhfma,0,905590,486
random_n900_rho0.6_strongly-corr_seed6.pcf,hfma,1,791966,486
random_n900_rho0.6_strongly-corr_seed6.pcf,dhfma,1,743613,486
random_n900_rho0.6_strongly-corr_seed6.pcf,hfma,2,657438,486
random_n900_rho0.6_strongly-corr_seed6.pcf,dhfma,2,664530,486
random_n900_rho0.6_strongly-corr_seed7.pcf,hfma,0,1047358,515
random_n900_rho0.6_strongly-corr_seed7.pcf,dhfma,0,730720,515
random_n900_rho0.6_strongly-corr_seed7.pcf,hfma,1,670540,515
random_n900_rho0.6_strongly-corr_seed7.pcf,dhfma,1,911175,515
random_n900_rho0.6_strongly-corr_seed7.pcf,hfma,2,767645,515
random_n900_rho0.6_strongly-corr_seed7.pcf,dhfma,2,755783,515
random_n900_rho0.6_strongly-corr_seed8.pcf,hfma,0,868732,507
random_n900_rho0.6_strongly-corr_seed8.pcf,dhfma,0,845499,507
random_n900_rho0.6_strongly-corr_seed8.pcf,hfma,1,767415,507
random_n900_rho0.6_strongly-corr_seed8.pcf,dhfma,1,890136,507
random_n900_rho0.6_strongly-corr_seed8.pcf,hfma,2,870555,507
random_n900_rho0.6_strongly-corr_seed8.pcf,dhfma,2,1063778,507
random_n900_rho0.6_strongly-corr_seed9.pcf,hfma,0,1159516,505
random_n900_rho0.6_strongly-corr_seed9.pcf,dhfma,0,1067407,505
random_n900_rho0.6_strongly-corr_seed9.pcf,hfma,1,895098,505
random_n900_rho0.6_strongly-corr_seed9.pcf,dhfma,1,845372,505
random_n900_rho0.6_strongly-corr_seed9.pcf,hfma,2,749096,505
random_n900_rho0.6_strongly-corr_seed9.pcf,dhfma,2,726942,505
random_n900_rho0.6_uncorr-neg_seed0.pcf,hfma,0,830620,632
random_n900_rho0.6_uncorr-neg_seed0.pcf,dhfma,0,839800,632
random_n900_rho0.6_uncorr-neg_seed0.pcf,hfma,1,857608,632
random_n900_rho0.6_uncorr-neg_seed0.pcf,dhfma,1,991994,632
random_n900_rho0.6_uncorr-neg_seed0.pcf,hfma,2,1065217,632
random_n900_rho0.6_uncorr-neg_seed0.pcf,dhfma,2,1085511,632
random_n900_rho0.6_uncorr-neg_seed1.pcf,hfma,0,1534540,652
random_n900_rho0.6_uncorr-neg_seed1.pcf,dhfma,0,1916232,652
random_n900_rho0.6_uncorr-neg_seed1.pcf,hfma,1,1639237,652
random_n900_rho0.6_uncorr-neg_seed1.pcf,dhfma,1,1414684,652
random_n900_rho0.6_uncorr-neg_seed1.pcf,hfma,2,1150828,652
random_n900_rho0.6_uncorr-neg_seed1.pcf,dhfma,2,1113315,652
random_n900_rho0.6_uncorr-neg_seed2.pcf,hfma,0,1555514,608
random_n900_rho0.6_uncorr-neg_seed2.pcf,dhfma,0,1368183,608
random_n900_rho0.6_uncorr-neg_seed2.pcf,hfma,1,1014116,608
random_n900_rho0.6_uncorr-neg_seed2.pcf,dhfma,1,1056889,608
random_n900_rho0.6_uncorr-neg_seed2.pcf,hfma,2,803820,608
random_n900_rho0.6_uncorr-neg_seed2.pcf,dhfma,2,876323,608
random_n900_rho0.6_uncorr-neg_seed3.pcf,hfma,0,922852,645
random_n900_rho0.6_uncorr-neg_seed3.pcf,dhfma,0,1085909,645
random_n900_rho0.6_uncorr-neg_seed3.pcf,hfma,1,1037605,645
random_n900_rho0.6_uncorr-neg_seed3.pcf,dhfma,1,1253177,645
random_n900_rho0.6_uncorr-neg_seed3.pcf,hfma,2,1102832,645
random_n900_rho0.6_uncorr-neg_seed3.pcf,dhfma,2,774925,645
random_n900_rho0.6_uncorr-neg_seed4.pcf,hfma,0,1148509,636
random_n900_rho0.6_uncorr-neg_seed4.pcf,dhfma,0,936091,636
random_n900_rho0.6_uncorr-neg_seed4.pcf,hfma,1,705804,636
random_n900_rho0.6_uncorr-neg_seed4.pcf,dhfma,1,891468,636
random_n900_rho0.6_uncorr-neg_seed4.pcf,hfma,2,829394,636
random_n900_rho0.6_uncorr-neg_seed4.pcf,dhfma,2,1023105,636
random_n900_rho0.6_uncorr-neg_seed5.pcf,hfma,0,1378385,622
random_n900_rho0.6_uncorr-neg_seed5.pcf,dhfma,0,1229070,622
random_n900_rho0.6_uncorr-neg_seed5.pcf,hfma,1,987639,622
random_n900_rho0.6_uncorr-neg_seed5.pcf,dhfma,1,810913,622
random_n900_rho0.6_uncorr-neg_seed5.pcf,hfma,2,700614,622
random_n900_rho0.6_uncorr-neg_seed5.pcf,dhfma,2,740351,622
random_n900_rho0.6_uncorr-neg_seed6.pcf,hfma,0,1005911,629
random_n900_rho0.6_uncorr-neg_seed6.pcf,dhfma,0,1089207,629
random_n900_rho0.6_uncorr-neg_seed6.pcf,hfma,1,745430,629
random_n900_rho0.6_uncorr-neg_seed6.pcf,dhfma,1,734893,629
random_n900_rho0.6_uncorr-neg_seed6.pcf,hfma,2,640069,629
random_n900_rho0.6_uncorr-neg_seed6.pcf,dhfma,2,715684,629
random_n900_rho0.6_uncorr-neg_seed7.pcf,hfma,0,625766,633
random_n900_rho0.6_uncorr-neg_seed7.pcf,dhfma,0,708221,633
random_n900_rho0.6_uncorr-neg_seed7.pcf,hfma,1,641826,633
random_n900_rho0.6_uncorr-neg_seed7.pcf,dhfma,1,753943,633
random_n900_rho0.6_uncorr-neg_seed7.pcf,hfma,2,731036,633
random_n900_rho0.6_uncorr-neg_seed7.pcf,dhfma,2,892256,633
random_n900_rho0.6_uncorr-neg_seed8.pcf,hfma,0,1202310,648
random_n900_rho0.6_uncorr-neg_seed8.pcf,dhfma,0,1180472,648
random_n900_rho0.6_uncorr-neg_seed8.pcf,hfma,1,926765,648
random_n900_rho0.6_uncorr-neg_seed8.pcf,dhfma,1,693642,648
random_n900_rho0.6_uncorr-neg_seed8.pcf,hfma,2,617308,648
random_n900_rho0.6_uncorr-neg_seed8.pcf,dhfma,2,743704,648
random_n900_rho0.6_uncorr-neg_seed9.pcf,hfma,0,1008997,638
random_n900_rho0.6_uncorr-neg_seed9.pcf,dhfma,0,1102603,638
random_n900_rho0.6_uncorr-neg_seed9.pcf,hfma,1,717173,638
random_n900_rho0.6_uncorr-neg_seed9.pcf,dhfma,1,727633,638
random_n900_rho0.6_uncorr-neg_seed9.pcf,hfma,2,654316,638
random_n900_rho0.6_uncorr-neg_seed9.pcf,dhfma,2,719696,638
random_n900_rho0.6_uncorr_seed0.pcf,hfma,0,657173,637
random_n900_rho0.6_uncorr_seed0.pcf,dhfma,0,664020,637
random_n900_rho0.6_uncorr_seed0.pcf,hfma,1,683404,637
random_n900_rho0.6_uncorr_seed0.pcf,dhfma,1,758879,637
random_n900_rho0.6_uncorr_seed0.pcf,hfma,2,752655,637
random_n900_rho0.6_uncorr_seed0.pcf,dhfma,2,849488,637
random_n900_rho0.6_uncorr_seed1.pcf,hfma,0,1196601,614
random_n900_rho0.6_uncorr_seed1.pcf,dhfma,0,856450,614
random_n900_rho0.6_uncorr_seed1.pcf,hfma,1,712141,614
random_n900_rho0.6_uncorr_seed1.pcf,dhfma,1,839576,614
random_n900_rho0.6_uncorr_seed1.pcf,hfma,2,785084,614
random_n900_rho0.6_uncorr_seed1.pcf,dhfma,2,963556,614
random_n900_rho0.6_uncorr_seed2.pcf,hfma,0,1189884,627
random_n900_rho0.6_uncorr_seed2.pcf,dhfma,0,1125541,627
random_n900_rho0.6_uncorr_seed2.pcf,hfma,1,733208,627
random_n900_rho0.6_uncorr_seed2.pcf,dhfma,1,775455,627
random_n900_rho0.6_uncorr_seed2.pcf,hfma,2,732946,627
random_n900_rho0.6_uncorr_seed2.pcf,dhfma,2,876410,627
random_n900_rho0.6_uncorr_seed3.pcf,hfma,0,1042428,610
random_n900_rho0.6_uncorr_seed3.pcf,dhfma,0,1069711,610
random_n900_rho0.6_uncorr_seed3.pcf,hfma,1,825188,610
random_n900_rho0.6_uncorr_seed3.pcf,dhfma,1,856926,610
random_n900_rho0.6_uncorr_seed3.pcf,hfma,2,703114,610
random_n900_rho0.6_uncorr_seed3.pcf,dhfma,2,755748,610
random_n900_rho0.6_uncorr_seed4.pcf,hfma,0,851873,643
random_n900_rho0.6_uncorr_seed4.pcf,dhfma,0,817845,643
random_n900_rho0.6_uncorr_seed4.pcf,hfma,1,694546,643
random_n900_rho0.6_uncorr_seed4.pcf,dhfma,1,758069,643
random_n900_rho0.6_uncorr_seed4.pcf,hfma,2,726363,643
random_n900_rho0.6_uncorr_seed4.pcf,dhfma,2,744492,643
random_n900_rho0.6_uncorr_seed5.pcf,hfma,0,643293,661
random_n900_rho0.6_uncorr_seed5.pcf,dhfma,0,645055,661
random_n900_rho0.6_uncorr_seed5.pcf,hfma,1,602740,661
random_n900_rho0.6_uncorr_seed5.pcf,dhfma,1,669103,661
random_n900_rho0.6_uncorr_seed5.pcf,hfma,2,602520,661
random_n900_rho0.6_uncorr_seed5.pcf,dhfma,2,635151,661
random_n900_rho0.6_uncorr_seed6.pcf,hfma,0,693383,634
random_n900_rho0.6_uncorr_seed6.pcf,dhfma,0,768450,634
random_n900_rho0.6_uncorr_seed6.pcf,hfma,1,656137,634
random_n900_rho0.6_uncorr_seed6.pcf,dhfma,1,739543,634
random_n900_rho0.6_uncorr_seed6.pcf,hfma,2,670060,634
random_n900_rho0.6_uncorr_seed6.pcf,dhfma,2,757961,634
random_n900_rho0.6_uncorr_seed7.pcf,hfma,0,923461,627
random_n900_rho0.6_uncorr_seed7.pcf,dhfma,0,989478,627
random_n900_rho0.6_uncorr_seed7.pcf,hfma,1,604284,627
random_n900_rho0.6_uncorr_seed7.pcf,dhfma,1,674461,627
random_n900_rho0.6_uncorr_seed7.pcf,hfma,2,592167,627
random_n900_rho0.6_uncorr_seed7.pcf,dhfma,2,659911,627
random_n900_rho0.6_uncorr_seed8.pcf,hfma,0,818570,621
random_n900_rho0.6_uncorr_seed8.pcf,dhfma,0,814596,621
random_n900_rho0.6_uncorr_seed8.pcf,hfma,1,818606,621
random_n900_rho0.6_uncorr_seed8.pcf,dhfma,1,820962,621
random_n900_rho0.6_uncorr_seed8.pcf,hfma,2,807716,621
random_n900_rho0.6_uncorr_seed8.pcf,dhfma,2,818796,621
random_n900_rho0.6_uncorr_seed9.pcf,hfma,0,1037411,629
random_n900_rho0.6_uncorr_seed9.pcf,dhfma,0,991902,629
random_n900_rho0.6_uncorr_seed9.pcf,hfma,1,714901,629
random_n900_rho0.6_uncorr_seed9.pcf,dhfma,1,741973,629
random_n900_rho0.6_uncorr_seed9.pcf,hfma,2,621652,629
random_n900_rho0.6_uncorr_seed9.pcf,dhfma,2,682673,629
random_n900_rho0.6_weakly-corr-neg_seed0.pcf,hfma,0,837895,628
random_n900_rho0.6_weakly-corr-neg_seed0.pcf,dhfma,0,977668,628
random_n900_rho0.6_weakly-corr-neg_seed0.pcf,hfma,1,874378,628
random_n900_rho0.6_weakly-corr-neg_seed0.pcf,dhfma,1,760327,628
random_n900_rho0.6_weakly-corr-neg_seed0.pcf,hfma,2,717186,628
random_n900_rho0.6_weakly-corr-neg_seed0.pcf,dhfma,2,853656,628
random_n900_rho0.6_weakly-corr-neg_seed1.pcf,hfma,0,994211,653
random_n900_rho0.6_weakly-corr-neg_seed1.pcf,dhfma,0,1163855,653
random_n900_rho0.6_weakly-corr-neg_seed1.pcf,hfma,1,1084869,653
random_n900_rho0.6_weakly-corr-neg_seed1.pcf,dhfma,1,1326633,653
random_n900_rho0.6_weakly-corr-neg_seed1.pcf,hfma,2,1332089,653
random_n900_rho0.6_weakly-corr-neg_seed1.pcf,dhfma,2,1621629,653
random_n900_rho0.6_weakly-corr-neg_seed2.pcf,hfma,0,1985699,623
random_n900_rho0.6_weakly-corr-neg_seed2.pcf,dhfma,0,2268974,623
random_n900_rho0.6_weakly-corr-neg_seed2.pcf,hfma,1,2000900,623
random_n900_rho0.6_weakly-corr-neg_seed2.pcf,dhfma,1,1715175,623
random_n900_rho0.6_weakly-corr-neg_seed2.pcf,hfma,2,1432648,623
random_n900_rho0.6_weakly-corr-neg_seed2.pcf,dhfma,2,1292957,623
random_n900_rho0.6_weakly-corr-neg_seed3.pcf,hfma,0,1887850,640
random_n900_rho0.6_weakly-corr-neg_seed3.pcf,dhfma,0,2368358,640
random_n900_rho0.6_weakly-corr-neg_seed3.pcf,hfma,1,1390074,640
random_n900_rho0.6_weakly-corr-neg_seed3.pcf,dhfma,1,1503658,640
random_n900_rho0.6_weakly-corr-neg_seed3.pcf,hfma,2,1166099,640
random_n900_rho0.6_weakly-corr-neg_seed3.pcf,dhfma,2,1124965,640
random_n900_rho0.6_weakly-corr-neg_seed4.pcf,hfma,0,2319809,627
random_n900_rho0.6_weakly-corr-neg_seed4.pcf,dhfma,0,1892676,627
random_n900_rho0.6_weakly-corr-neg_seed4.pcf,hfma,1,1567152,627
random_n900_rho0.6_weakly-corr-neg_seed4.pcf,dhfma,1,1444272,627
random_n900_rho0.6_weakly-corr-neg_seed4.pcf,hfma,2,1172370,627
random_n900_rho0.6_weakly-corr-neg_seed4.pcf,dhfma,2,1051662,627
random_n900_rho0.6_weakly-corr-neg_seed5.pcf,hfma,0,1304633,617
random_n900_rho0.6_weakly-corr-neg_seed5.pcf,dhfma,0,996583,617
random_n900_rho0.6_weakly-corr-neg_seed5.pcf,hfma,1,842372,617
random_n900_rho0.6_weakly-corr-neg_seed5.pcf,dhfma,1,794409,617
random_n900_rho0.6_weakly-corr-neg_seed5.pcf,hfma,2,692572,617
random_n900_rho0.6_weakly-corr-neg_seed5.pcf,dhfma,2,691909,617
random_n900_rho0.6_weakly-corr-neg_seed6.pcf,hfma,0,1168055,617
random_n900_rho0.6_weakly-corr-neg_seed6.pcf,dhfma,0,853914,617
random_n900_rho0.6_weakly-corr-neg_seed6.pcf,hfma,1,809391,617
random_n900_rho0.6_weakly-corr-neg_seed6.pcf,dhfma,1,972412,617
random_n900_rho0.6_weakly-corr-neg_seed6.pcf,hfma,2,975567,617
random_n900_rho0.6_weakly-corr-neg_seed6.pcf,dhfma,2,1151211,617
random_n900_rho0.6_weakly-corr-neg_seed7.pcf,hfma,0,1233249,624
random_n900_rho0.6_weakly-corr-neg_seed7.pcf,dhfma,0,1191886,624
random_n900_rho0.6_weakly-corr-neg_seed7.pcf,hfma,1,930404,624
random_n900_rho0.6_weakly-corr-neg_seed7.pcf,dhfma,1,917825,624
random_n900_rho0.6_weakly-corr-neg_seed7.pcf,hfma,2,748760,624
random_n900_rho0.6_weakly-corr-neg_seed7.pcf,dhfma,2,782727,624
random_n900_rho0.6_weakly-corr-neg_seed8.pcf,hfma,0,604775,657
random_n900_rho0.6_weakly-corr-neg_seed8.pcf,dhfma,0,634077,657
random_n900_rho0.6_weakly-corr-neg_seed8.pcf,hfma,1,560717,657
random_n900_rho0.6_weakly-corr-neg_seed8.pcf,dhfma,1,634094,657
random_n900_rho0.6_weakly-corr-neg_seed8.pcf,hfma,2,562466,657
random_n900_rho0.6_weakly-corr-neg_seed8.pcf,dhfma,2,629903,657
random_n900_rho0.6_weakly-corr-neg_seed9.pcf,hfma,0,923314,606
random_n900_rho0.6_weakly-corr-neg_seed9.pcf,dhfma,0,721043,606
random_n900_rho0.6_weakly-corr-neg_seed9.pcf,hfma,1,635449,606
random_n900_rho0.6_weakly-corr-neg_seed9.pcf,dhfma,1,693221,606
random_n900_rho0.6_weakly-corr-neg_seed9.pcf,hfma,2,687828,606
random_n900_rho0.6_weakly-corr-neg_seed9.pcf,dhfma,2,831193,606
random_n900_rho0.6_weakly-corr_seed0.pcf,hfma,0,743556,635
random_n900_rho0.6_weakly-corr_seed0.pcf,dhfma,0,738448,635
random_n900_rho0.6_weakly-corr_seed0.pcf,hfma,1,596613,635
random_n900_rho0.6_weakly-corr_seed0.pcf,dhfma,1,631779,635
random_n900_rho0.6_weakly-corr_seed0.pcf,hfma,2,570637,635
random_n900_rho0.6_weakly-corr_seed0.pcf,dhfma,2,646049,635
random_n900_rho0.6_weakly-corr_seed1.pcf,hfma,0,845477,640
random_n900_rho0.6_weakly-corr_seed1.pcf,dhfma,0,939676,640
random_n900_rho0.6_weakly-corr_seed1.pcf,hfma,1,870451,640
random_n900_rho0.6_weakly-corr_seed1.pcf,dhfma,1,1003230,640
random_n900_rho0.6_weakly-corr_seed1.pcf,hfma,2,696925,640
random_n900_rho0.6_weakly-corr_seed1.pcf,dhfma,2,696177,640
random_n900_rho0.6_weakly-corr_seed2.pcf,hfma,0,1086893,596
random_n900_rho0.6_weakly-corr_seed2.pcf,dhfma,0,1319380,596
random_n900_rho0.6_weakly-corr_seed2.pcf,hfma,1,986410,596
random_n900_rho0.6_weakly-corr_seed2.pcf,dhfma,1,1102152,596
random_n900_rho0.6_weakly-corr_seed2.pcf,hfma,2,1037787,596
random_n900_rho0.6_weakly-corr_seed2.pcf,dhfma,2,1287123,596
random_n900_rho0.6_weakly-corr_seed3.pcf,hfma,0,1495126,617
random_n900_rho0.6_weakly-corr_seed3.pcf,dhfma,0,1840887,617
random_n900_rho0.6_weakly-corr_seed3.pcf,hfma,1,1751587,617
random_n900_rho0.6_weakly-corr_seed3.pcf,dhfma,1,966969,617
random_n900_rho0.6_weakly-corr_seed3.pcf,hfma,2,598313,617
random_n900_rho0.6_weakly-corr_seed3.pcf,dhfma,2,730207,617
random_n900_rho0.6_weakly-corr_seed4.pcf,hfma,0,2628688,632
random_n900_rho0.6_weakly-corr_seed4.pcf,dhfma,0,1946137,632
random_n900_rho0.6_weakly-corr_seed4.pcf,hfma,1,1915702,632
random_n900_rho0.6_weakly-corr_seed4.pcf,dhfma,1,2218507,632
random_n900_rho0.6_weakly-corr_seed4.pcf,hfma,2,1625705,632
random_n900_rho0.6_weakly-corr_seed4.pcf,dhfma,2,1559781,632
random_n900_rho0.6_weakly-corr_seed5.pcf,hfma,0,2760348,638
random_n900_rho0.6_weakly-corr_seed5.pcf,dhfma,0,2537476,638
random_n900_rho0.6_weakly-corr_seed5.pcf,hfma,1,2384555,638
random_n900_rho0.6_weakly-corr_seed5.pcf,dhfma,1,653391,638
random_n900_rho0.6_weakly-corr_seed5.pcf,hfma,2,607924,638
random_n900_rho0.6_weakly-corr_seed5.pcf,dhfma,2,646329,638
random_n900_rho0.6_weakly-corr_seed6.pcf,hfma,0,1311967,616
random_n900_rho0.6_weakly-corr_seed6.pcf,dhfma,0,2383741,616
random_n900_rho0.6_weakly-corr_seed6.pcf,hfma,1,1743221,616
random_n900_rho0.6_weakly-corr_seed6.pcf,dhfma,1,1584295,616
random_n900_rho0.6_weakly-corr_seed6.pcf,hfma,2,1241970,616
random_n900_rho0.6_weakly-corr_seed6.pcf,dhfma,2,1156530,616
random_n900_rho0.6_weakly-corr_seed7.pcf,hfma,0,920921,624
random_n900_rho0.6_weakly-corr_seed7.pcf,dhfma,0,924209,624
random_n900_rho0.6_weakly-corr_seed7.pcf,hfma,1,708376,624
random_n900_rho0.6_weakly-corr_seed7.pcf,dhfma,1,698229,624
random_n900_rho0.6_weakly-corr_seed7.pcf,hfma,2,618364,624
random_n900_rho0.6_weakly-corr_seed7.pcf,dhfma,2,669977,624
random_n900_rho0.6_weakly-corr_seed8.pcf,hfma,0,956748,641
random_n900_rho0.6_weakly-corr_seed8.pcf,dhfma,0,1053786,641
random_n900_rho0.6_weakly-corr_seed8.pcf,hfma,1,1049784,641
random_n900_rho0.6_weakly-corr_seed8.pcf,dhfma,1,1327341,641
random_n900_rho0.6_weakly-corr_seed8.pcf,hfma,2,1363938,641
random_n900_rho0.6_weakly-corr_seed8.pcf,dhfma,2,1236868,641
random_n900_rho0.6_weakly-corr_seed9.pcf,hfma,0,1637152,632
random_n900_rho0.6_weakly-corr_seed9.pcf,dhfma,0,1562565,632
random_n900_rho0.6_weakly-corr_seed9.pcf,hfma,1,819591,632
random_n900_rho0.6_weakly-corr_seed9.pcf,dhfma,1,975524,632
random_n900_rho0.6_weakly-corr_seed9.pcf,hfma,2,890258,632
random_n900_rho0.6_weakly-corr_seed9.pcf,dhfma,2,1110092,632
random_n900_rho0.9_strongly-corr-neg_seed0.pcf,hfma,0,3444100,429
random_n900_rho0.9_strongly-corr-neg_seed0.pcf,dhfma,0,2676802,429
random_n900_rho0.9_strongly-corr-neg_seed0.pcf,hfma,1,3250821,429
random_n900_rho0.9_strongly-corr-neg_seed0.pcf,dhfma,1,2922758,429
random_n900_rho0.9_strongly-corr-neg_seed0.pcf,hfma,2,2365255,429
random_n900_rho0.9_strongly-corr-neg_seed0.pcf,dhfma,2,1736813,429
random_n900_rho0.9_strongly-corr-neg_seed1.pcf,hfma,0,1500036,462
random_n900_rho0.9_strongly-corr-neg_seed1.pcf,dhfma,0,1346350,462
random_n900_rho0.9_strongly-corr-neg_seed1.pcf,hfma,1,1419008,462
random_n900_rho0.9_strongly-corr-neg_seed1.pcf,dhfma,1,1379862,462
random_n900_rho0.9_strongly-corr-neg_seed1.pcf,hfma,2,1435041,462
random_n900_rho0.9_strongly-corr-neg_seed1.pcf,dhfma,2,1334001,462
random_n900_rho0.9_strongly-corr-neg_seed2.pcf,hfma,0,2505522,454
random_n900_rho0.9_strongly-corr-neg_seed2.pcf,dhfma,0,1658797,454
random_n900_rho0.9_strongly-corr-neg_seed2.pcf,hfma,1,1622566,454
random_n900_rho0.9_strongly-corr-neg_seed2.pcf,dhfma,1,1554460,454
random_n900_rho0.9_strongly-corr-neg_seed2.pcf,hfma,2,1575644,454
random_n900_rho0.9_strongly-corr-neg_seed2.pcf,dhfma,2,1568480,454
random_n900_rho0.9_strongly-corr-neg_seed3.pcf,hfma,0,2681960,447
random_n900_rho0.9_strongly-corr-neg_seed3.pcf,dhfma,0,2110721,447
random_n900_rho0.9_strongly-corr-neg_seed3.pcf,hfma,1,1720013,447
random_n900_rho0.9_strongly-corr-neg_seed3.pcf,dhfma,1,1910995,447
random_n900_rho0.9_strongly-corr-neg_seed3.pcf,hfma,2,1699439,447
random_n900_rho0.9_strongly-corr-neg_seed3.pcf,dhfma,2,1900976,447
random_n900_rho0.9_strongly-corr-neg_seed4.pcf,hfma,0,2397660,456
random_n900_rho0.9_strongly-corr-neg_seed4.pcf,dhfma,0,1435742,456
random_n900_rho0.9_strongly-corr-neg_seed4.pcf,hfma,1,1446650,456
random_n900_rho0.9_strongly-corr-neg_seed4.pcf,dhfma,1,1454271,456
random_n900_rho0.9_strongly-corr-neg_seed4.pcf,hfma,2,1498469,456
random_n900_rho0.9_strongly-corr-neg_seed4.pcf,dhfma,2,1395175,456
random_n900_rho0.9_strongly-corr-neg_seed5.pcf,hfma,0,1652995,467
random_n900_rho0.9_strongly-corr-neg_seed5.pcf,dhfma,0,1591561,467
random_n900_rho0.9_strongly-corr-neg_seed5.pcf,hfma,1,1587200,467
random_n900_rho0.9_strongly-corr-neg_seed5.pcf,dhfma,1,1599130,467
random_n900_rho0.9_strongly-corr-neg_seed5.pcf,hfma,2,1565509,467
random_n900_rho0.9_strongly-corr-neg_seed5.pcf,dhfma,2,1586158,467
random_n900_rho0.9_strongly-corr-neg_seed6.pcf,hfma,0,1550927,460
random_n900_rho0.9_strongly-corr-neg_seed6.pcf,dhfma,0,1401972,460
random_n900_rho0.9_strongly-corr-neg_seed6.pcf,hfma,1,1477394,460
random_n900_rho0.9_strongly-corr-neg_seed6.pcf,dhfma,1,1377687,460
random_n900_rho0.9_strongly-corr-neg_seed6.pcf,hfma,2,1494661,460
random_n900_rho0.9_strongly-corr-neg_seed6.pcf,dhfma,2,1403412,460
random_n900_rho0.9_strongly-corr-neg_seed7.pcf,hfma,0,2098666,459
random_n900_rho0.9_strongly-corr-neg_seed7.pcf,dhfma,0,1793249,459
random_n900_rho0.9_strongly-corr-neg_seed7.pcf,hfma,1,2078704,459
random_n900_rho0.9_strongly-corr-neg_seed7.pcf,dhfma,1,1789523,459
random_n900_rho0.9_strongly-corr-neg_seed7.pcf,hfma,2,2062882,459
random_n900_rho0.9_strongly-corr-neg_seed7.pcf,dhfma,2,1774340,459
random_n900_rho0.9_strongly-corr-neg_seed8.pcf,hfma,0,1560180,468
random_n900_rho0.9_strongly-corr-neg_seed8.pcf,dhfma,0,1336789,468
random_n900_rho0.9_strongly-corr-neg_seed8.pcf,hfma,1,1293925,468
random_n900_rho0.9_strongly-corr-neg_seed8.pcf,dhfma,1,1329224,468
random_n900_rho0.9_strongly-corr-neg_seed8.pcf,hfma,2,1337181,468
random_n900_rho0.9_strongly-corr-neg_seed8.pcf,dhfma,2,1321701,468
random_n900_rho0.9_strongly-corr-neg_seed9.pcf,hfma,0,3281669,443
random_n900_rho0.9_strongly-corr-neg_seed9.pcf,dhfma,0,2911352,443
random_n900_rho0.9_strongly-corr-neg_seed9.pcf,hfma,1,3259748,443
random_n900_rho0.9_strongly-corr-neg_seed9.pcf,dhfma,1,2906012,443
random_n900_rho0.9_strongly-corr-neg_seed9.pcf,hfma,2,3227856,443
random_n900_rho0.9_strongly-corr-neg_seed9.pcf,dhfma,2,2914497,443
random_n900_rho0.9_strongly-corr_seed0.pcf,hfma,0,1768846,413
random_n900_rho0.9_strongly-corr_seed0.pcf,dhfma,0,1896373,413
random_n900_rho0.9_strongly-corr_seed0.pcf,hfma,1,1704967,413
random_n900_rho0.9_strongly-corr_seed0.pcf,dhfma,1,1877880,413
random_n900_rho0.9_strongly-corr_seed0.pcf,hfma,2,1715595,413
random_n900_rho0.9_strongly-corr_seed0.pcf,dhfma,2,1895334,413
random_n900_rho0.9_strongly-corr_seed1.pcf,hfma,0,1638733,426
random_n900_rho0.9_strongly-corr_seed1.pcf,dhfma,0,1516815,426
random_n900_rho0.9_strongly-corr_seed1.pcf,hfma,1,1394590,426
random_n900_rho0.9_strongly-corr_seed1.pcf,dhfma,1,1469518,426
random_n900_rho0.9_strongly-corr_seed1.pcf,hfma,2,1372181,426
random_n900_rho0.9_strongly-corr_seed1.pcf,dhfma,2,1425157,426
random_n900_rho0.9_strongly-corr_seed2.pcf,hfma,0,2273775,432
random_n900_rho0.9_strongly-corr_seed2.pcf,dhfma,0,2228701,432
random_n900_rho0.9_strongly-corr_seed2.pcf,hfma,1,1949617,432
random_n900_rho0.9_strongly-corr_seed2.pcf,dhfma,1,1501210,432
random_n900_rho0.9_strongly-corr_seed2.pcf,hfma,2,1464478,432
random_n900_rho0.9_strongly-corr_seed2.pcf,dhfma,2,1462176,432
random_n900_rho0.9_strongly-corr_seed3.pcf,hfma,0,2997186,447
random_n900_rho0.9_strongly-corr_seed3.pcf,dhfma,0,2872606,447
random_n900_rho0.9_strongly-corr_seed3.pcf,hfma,1,2037560,447
random_n900_rho0.9_strongly-corr_seed3.pcf,dhfma,1,1837379,447
random_n900_rho0.9_strongly-corr_seed3.pcf,hfma,2,1872691,447
random_n900_rho0.9_strongly-corr_seed3.pcf,dhfma,2,1823801,447
random_n900_rho0.9_strongly-corr_seed4.pcf,hfma,0,1626237,414
random_n900_rho0.9_strongly-corr_seed4.pcf,dhfma,0,1643173,414
random_n900_rho0.9_strongly-corr_seed4.pcf,hfma,1,1561625,414
random_n900_rho0.9_strongly-corr_seed4.pcf,dhfma,1,1640746,414
random_n900_rho0.9_strongly-corr_seed4.pcf,hfma,2,1600335,414
random_n900_rho0.9_strongly-corr_seed4.pcf,dhfma,2,1630751,414
random_n900_rho0.9_strongly-corr_seed5.pcf,hfma,0,1751899,422
random_n900_rho0.9_strongly-corr_seed5.pcf,dhfma,0,1495354,422
random_n900_rho0.9_strongly-corr_seed5.pcf,hfma,1,1461147,422
random_n900_rho0.9_strongly-corr_seed5.pcf,dhfma,1,1544847,422
random_n900_rho0.9_strongly-corr_seed5.pcf,hfma,2,1481692,422
random_n900_rho0.9_strongly-corr_seed5.pcf,dhfma,2,1550064,422
random_n900_rho0.9_strongly-corr_seed6.pcf,hfma,0,2902298,409
random_n900_rho0.9_strongly-corr_seed6.pcf,dhfma,0,2110821,409
random_n900_rho0.9_strongly-corr_seed6.pcf,hfma,1,2074624,409
random_n900_rho0.9_strongly-corr_seed6.pcf,dhfma,1,2144336,409
random_n900_rho0.9_strongly-corr_seed6.pcf,hfma,2,2133352,409
random_n900_rho0.9_strongly-corr_seed6.pcf,dhfma,2,2531322,409
random_n900_rho0.9_strongly-corr_seed7.pcf,hfma,0,3066361,442
random_n900_rho0.9_strongly-corr_seed7.pcf,dhfma,0,3711075,442
random_n900_rho0.9_strongly-corr_seed7.pcf,hfma,1,1510716,442
random_n900_rho0.9_strongly-corr_seed7.pcf,dhfma,1,1846553,442
random_n900_rho0.9_strongly-corr_seed7.pcf,hfma,2,3031678,442
random_n900_rho0.9_strongly-corr_seed7.pcf,dhfma,2,3063344,442
random_n900_rho0.9_strongly-corr_seed8.pcf,hfma,0,2488607,431
random_n900_rho0.9_strongly-corr_seed8.pcf,dhfma,0,2034431,431
random_n900_rho0.9_strongly-corr_seed8.pcf,hfma,1,2008537,431
random_n900_rho0.9_strongly-corr_seed8.pcf,dhfma,1,2015921,431
random_n900_rho0.9_strongly-corr_seed8.pcf,hfma,2,2032173,431
random_n900_rho0.9_strongly-corr_seed8.pcf,dhfma,2,2044552,431
random_n900_rho0.9_strongly-corr_seed9.pcf,hfma,0,2643936,442
random_n900_rho0.9_strongly-corr_seed9.pcf,dhfma,0,2562862,442
random_n900_rho0.9_strongly-corr_seed9.pcf,hfma,1,1724982,442
random_n900_rho0.9_strongly-corr_seed9.pcf,dhfma,1,1764765,442
random_n900_rho0.9_strongly-corr_seed9.pcf,hfma,2,1714441,442
random_n900_rho0.9_strongly-corr_seed9.pcf,dhfma,2,1757679,442
random_n900_rho0.9_uncorr-neg_seed0.pcf,hfma,0,1541257,488
random_n900_rho0.9_uncorr-neg_seed0.pcf,dhfma,0,1504186,488
random_n900_rho0.9_uncorr-neg_seed0.pcf,hfma,1,1501222,488
random_n900_rho0.9_uncorr-neg_seed0.pcf,dhfma,1,1489581,488
random_n900_rho0.9_uncorr-neg_seed0.pcf,hfma,2,1567390,488
random_n900_rho0.9_uncorr-neg_seed0.pcf,dhfma,2,1518056,488
random_n900_rho0.9_uncorr-neg_seed1.pcf,hfma,0,2284346,500
random_n900_rho0.9_uncorr-neg_seed1.pcf,dhfma,0,1810332,500
random_n900_rho0.9_uncorr-neg_seed1.pcf,hfma,1,1946514,500
random_n900_rho0.9_uncorr-neg_seed1.pcf,dhfma,1,1788154,500
random_n900_rho0.9_uncorr-neg_seed1.pcf,hfma,2,1934199,500
random_n900_rho0.9_uncorr-neg_seed1.pcf,dhfma,2,1778357,500
random_n900_rho0.9_uncorr-neg_seed2.pcf,hfma,0,2300987,492
random_n900_rho0.9_uncorr-neg_seed2.pcf,dhfma,0,2011993,492
random_n900_rho0.9_uncorr-neg_seed2.pcf,hfma,1,1588187,492
random_n900_rho0.9_uncorr-neg_seed2.pcf,dhfma,1,1501252,492
random_n900_rho0.9_uncorr-neg_seed2.pcf,hfma,2,1538126,492
random_n900_rho0.9_uncorr-neg_seed2.pcf,dhfma,2,1481621,492
random_n900_rho0.9_uncorr-neg_seed3.pcf,hfma,0,1703203,489
random_n900_rho0.9_uncorr-neg_seed3.pcf,dhfma,0,1953408,489
random_n900_rho0.9_uncorr-neg_seed3.pcf,hfma,1,2237602,489
random_n900_rho0.9_uncorr-neg_seed3.pcf,dhfma,1,1692275,489
random_n900_rho0.9_uncorr-neg_seed3.pcf,hfma,2,1608615,489
random_n900_rho0.9_uncorr-neg_seed3.pcf,dhfma,2,1683896,489
random_n900_rho0.9_uncorr-neg_seed4.pcf,hfma,0,1923379,476
random_n900_rho0.9_uncorr-neg_seed4.pcf,dhfma,0,2143030,476
random_n900_rho0.9_uncorr-neg_seed4.pcf,hfma,1,1544893,476
random_n900_rho0.9_uncorr-neg_seed4.pcf,dhfma,1,1523153,476
random_n900_rho0.9_uncorr-neg_seed4.pcf,hfma,2,1343911,476
random_n900_rho0.9_uncorr-neg_seed4.pcf,dhfma,2,1490045,476
random_n900_rho0.9_uncorr-neg_seed5.pcf,hfma,0,1715317,471
random_n900_rho0.9_uncorr-neg_seed5.pcf,dhfma,0,1723190,471
random_n900_rho0.9_uncorr-neg_seed5.pcf,hfma,1,1667016,471
random_n900_rho0.9_uncorr-neg_seed5.pcf,dhfma,1,1725635,471
random_n900_rho0.9_uncorr-neg_seed5.pcf,hfma,2,1663399,471
random_n900_rho0.9_uncorr-neg_seed5.pcf,dhfma,2,1706864,471
random_n900_rho0.9_uncorr-neg_seed6.pcf,hfma,0,3193977,493
random_n900_rho0.9_uncorr-neg_seed6.pcf,dhfma,0,3085521,493
random_n900_rho0.9_uncorr-neg_seed6.pcf,hfma,1,2534141,493
random_n900_rho0.9_uncorr-neg_seed6.pcf,dhfma,1,2031260,493
random_n900_rho0.9_uncorr-neg_seed6.pcf,hfma,2,2068418,493
random_n900_rho0.9_uncorr-neg_seed6.pcf,dhfma,2,2015542,493
random_n900_rho0.9_uncorr-neg_seed7.pcf,hfma,0,2441208,522
random_n900_rho0.9_uncorr-neg_seed7.pcf,dhfma,0,1714925,522
random_n900_rho0.9_uncorr-neg_seed7.pcf,hfma,1,1594178,522
random_n900_rho0.9_uncorr-neg_seed7.pcf,dhfma,1,1815150,522
random_n900_rho0.9_uncorr-neg_seed7.pcf,hfma,2,1629590,522
random_n900_rho0.9_uncorr-neg_seed7.pcf,dhfma,2,1684298,522
random_n900_rho0.9_uncorr-neg_seed8.pcf,hfma,0,4360742,456
random_n900_rho0.9_uncorr-neg_seed8.pcf,dhfma,0,3055904,456
random_n900_rho0.9_uncorr-neg_seed8.pcf,hfma,1,1829687,456
random_n900_rho0.9_uncorr-neg_seed8.pcf,dhfma,1,2271501,456
random_n900_rho0.9_uncorr-neg_seed8.pcf,hfma,2,2092639,456
random_n900_rho0.9_uncorr-neg_seed8.pcf,dhfma,2,1692621,456
random_n900_rho0.9_uncorr-neg_seed9.pcf,hfma,0,3932344,516
random_n900_rho0.9_uncorr-neg_seed9.pcf,dhfma,0,4063567,516
random_n900_rho0.9_uncorr-neg_seed9.pcf,hfma,1,1143635,516
random_n900_rho0.9_uncorr-neg_seed9.pcf,dhfma,1,1197768,516
random_n900_rho0.9_uncorr-neg_seed9.pcf,hfma,2,1180526,516
random_n900_rho0.9_uncorr-neg_seed9.pcf,dhfma,2,1208512,516
random_n900_rho0.9_uncorr_seed0.pcf,hfma,0,4173174,498
random_n900_rho0.9_uncorr_seed0.pcf,dhfma,0,5292946,498
random_n900_rho0.9_uncorr_seed0.pcf,hfma,1,3756260,498
random_n900_rho0.9_uncorr_seed0.pcf,dhfma,1,2687400,498
random_n900_rho0.9_uncorr_seed0.pcf,hfma,2,1923127,498
random_n900_rho0.9_uncorr_seed0.pcf,dhfma,2,1718630,498
random_n900_rho0.9_uncorr_seed1.pcf,hfma,0,3088830,500
random_n900_rho0.9_uncorr_seed1.pcf,dhfma,0,3278429,500
random_n900_rho0.9_uncorr_seed1.pcf,hfma,1,2756088,500
random_n900_rho0.9_uncorr_seed1.pcf,dhfma,1,2599808,500
random_n900_rho0.9_uncorr_seed1.pcf,hfma,2,2592453,500
random_n900_rho0.9_uncorr_seed1.pcf,dhfma,2,1774903,500
random_n900_rho0.9_uncorr_seed2.pcf,hfma,0,1939134,515
random_n900_rho0.9_uncorr_seed2.pcf,dhfma,0,2500583,515
random_n900_rho0.9_uncorr_seed2.pcf,hfma,1,2662854,515
random_n900_rho0.9_uncorr_seed2.pcf,dhfma,1,3336429,515
random_n900_rho0.9_uncorr_seed2.pcf,hfma,2,2327993,515
random_n900_rho0.9_uncorr_seed2.pcf,dhfma,2,2023657,515
random_n900_rho0.9_uncorr_seed3.pcf,hfma,0,2345899,492
random_n900_rho0.9_uncorr_seed3.pcf,dhfma,0,2541645,492
random_n900_rho0.9_uncorr_seed3.pcf,hfma,1,2010543,492
random_n900_rho0.9_uncorr_seed3.pcf,dhfma,1,1716865,492
random_n900_rho0.9_uncorr_seed3.pcf,hfma,2,1731142,492
random_n900_rho0.9_uncorr_seed3.pcf,dhfma,2,1751606,492
random_n900_rho0.9_uncorr_seed4.pcf,hfma,0,2267553,498
random_n900_rho0.9_uncorr_seed4.pcf,dhfma,0,2302163,498
random_n900_rho0.9_uncorr_seed4.pcf,hfma,1,2526887,498
random_n900_rho0.9_uncorr_seed4.pcf,dhfma,1,2226829,498
random_n900_rho0.9_uncorr_seed4.pcf,hfma,2,2548936,498
random_n900_rho0.9_uncorr_seed4.pcf,dhfma,2,3329111,498
random_n900_rho0.9_uncorr_seed5.pcf,hfma,0,4174214,488
random_n900_rho0.9_uncorr_seed5.pcf,dhfma,0,3929298,488
random_n900_rho0.9_uncorr_seed5.pcf,hfma,1,1992043,488
random_n900_rho0.9_uncorr_seed5.pcf,dhfma,1,2047192,488
random_n900_rho0.9_uncorr_seed5.pcf,hfma,2,3795574,488
random_n900_rho0.9_uncorr_seed5.pcf,dhfma,2,5087643,488
random_n900_rho0.9_uncorr_seed6.pcf,hfma,0,2741815,457
random_n900_rho0.9_uncorr_seed6.pcf,dhfma,0,2254856,457
random_n900_rho0.9_uncorr_seed6.pcf,hfma,1,1621071,457
random_n900_rho0.9_uncorr_seed6.pcf,dhfma,1,1744798,457
random_n900_rho0.9_uncorr_seed6.pcf,hfma,2,1537469,457
random_n900_rho0.9_uncorr_seed6.pcf,dhfma,2,1722824,457
random_n900_rho0.9_uncorr_seed7.pcf,hfma,0,2456330,495
random_n900_rho0.9_uncorr_seed7.pcf,dhfma,0,1921926,495
random_n900_rho0.9_uncorr_seed7.pcf,hfma,1,1665751,495
random_n900_rho0.9_uncorr_seed7.pcf,dhfma,1,1695844,495
random_n900_rho0.9_uncorr_seed7.pcf,hfma,2,1609373,495
random_n900_rho0.9_uncorr_seed7.pcf,dhfma,2,1677400,495
random_n900_rho0.9_uncorr_seed8.pcf,hfma,0,1473064,495
random_n900_rho0.9_uncorr_seed8.pcf,dhfma,0,1571329,495
random_n900_rho0.9_uncorr_seed8.pcf,hfma,1,1436789,495
random_n900_rho0.9_uncorr_seed8.pcf,dhfma,1,1511121,495
random_n900_rho0.9_uncorr_seed8.pcf,hfma,2,1451846,495
random_n900_rho0.9_uncorr_seed8.pcf,dhfma,2,1505208,495
random_n900_rho0.9_uncorr_seed9.pcf,hfma,0,2040656,486
random_n900_rho0.9_uncorr_seed9.pcf,dhfma,0,1714418,486
random_n900_rho0.9_uncorr_seed9.pcf,hfma,1,1602850,486
random_n900_rho0.9_uncorr_seed9.pcf,dhfma,1,1608090,486
random_n900_rho0.9_uncorr_seed9.pcf,hfma,2,1543570,486
random_n900_rho0.9_uncorr_seed9.pcf,dhfma,2,1646869,486
random_n900_rho0.9_weakly-corr-neg_seed0.pcf,hfma,0,2680007,465
random_n900_rho0.9_weakly-corr-neg_seed0.pcf,dhfma,0,2493231,465
random_n900_rho0.9_weakly-corr-neg_seed0.pcf,hfma,1,2571286,465
random_n900_rho0.9_weakly-corr-neg_seed0.pcf,dhfma,1,1698907,465
random_n900_rho0.9_weakly-corr-neg_seed0.pcf,hfma,2,1733325,465
random_n900_rho0.9_weakly-corr-neg_seed0.pcf,dhfma,2,1633029,465
random_n900_rho0.9_weakly-corr-neg_seed1.pcf,hfma,0,1568063,476
random_n900_rho0.9_weakly-corr-neg_seed1.pcf,dhfma,0,1477101,476
random_n900_rho0.9_weakly-corr-neg_seed1.pcf,hfma,1,1511876,476
random_n900_rho0.9_weakly-corr-neg_seed1.pcf,dhfma,1,1460932,476
random_n900_rho0.9_weakly-corr-neg_seed1.pcf,hfma,2,1504141,476
random_n900_rho0.9_weakly-corr-neg_seed1.pcf,dhfma,2,1481983,476
random_n900_rho0.9_weakly-corr-neg_seed2.pcf,hfma,0,2056776,503
random_n900_rho0.9_weakly-corr-neg_seed2.pcf,dhfma,0,1817083,503
random_n900_rho0.9_weakly-corr-neg_seed2.pcf,hfma,1,1349951,503
random_n900_rho0.9_weakly-corr-neg_seed2.pcf,dhfma,1,1421909,503
random_n900_rho0.9_weakly-corr-neg_seed2.pcf,hfma,2,1365262,503
random_n900_rho0.9_weakly-corr-neg_seed2.pcf,dhfma,2,1397788,503
random_n900_rho0.9_weakly-corr-neg_seed3.pcf,hfma,0,1863684,492
random_n900_rho0.9_weakly-corr-neg_seed3.pcf,dhfma,0,2128262,492
random_n900_rho0.9_weakly-corr-neg_seed3.pcf,hfma,1,1835458,492
random_n900_rho0.9_weakly-corr-neg_seed3.pcf,dhfma,1,2088113,492
random_n900_rho0.9_weakly-corr-neg_seed3.pcf,hfma,2,1832458,492
random_n900_rho0.9_weakly-corr-neg_seed3.pcf,dhfma,2,2077027,492
random_n900_rho0.9_weakly-corr-neg_seed4.pcf,hfma,0,2269784,491
random_n900_rho0.9_weakly-corr-neg_seed4.pcf,dhfma,0,1436894,491
random_n900_rho0.9_weakly-corr-neg_seed4.pcf,hfma,1,1393687,491
random_n900_rho0.9_weakly-corr-neg_seed4.pcf,dhfma,1,1546421,491
random_n900_rho0.9_weakly-corr-neg_seed4.pcf,hfma,2,1444317,491
random_n900_rho0.9_weakly-corr-neg_seed4.pcf,dhfma,2,1471164,491
random_n900_rho0.9_weakly-corr-neg_seed5.pcf,hfma,0,2363184,489
random_n900_rho0.9_weakly-corr-neg_seed5.pcf,dhfma,0,1533454,489
random_n900_rho0.9_weakly-corr-neg_seed5.pcf,hfma,1,1487383,489
random_n900_rho0.9_weakly-corr-neg_seed5.pcf,dhfma,1,1624519,489
random_n900_rho0.9_weakly-corr-neg_seed5.pcf,hfma,2,1508055,489
random_n900_rho0.9_weakly-corr-neg_seed5.pcf,dhfma,2,1506220,489
random_n900_rho0.9_weakly-corr-neg_seed6.pcf,hfma,0,2273471,469
random_n900_rho0.9_weakly-corr-neg_seed6.pcf,dhfma,0,1739065,469
random_n900_rho0.9_weakly-corr-neg_seed6.pcf,hfma,1,1699062,469
random_n900_rho0.9_weakly-corr-neg_seed6.pcf,dhfma,1,1569443,469
random_n900_rho0.9_weakly-corr-neg_seed6.pcf,hfma,2,1603770,469
random_n900_rho0.9_weakly-corr-neg_seed6.pcf,dhfma,2,1574610,469
random_n900_rho0.9_weakly-corr-neg_seed7.pcf,hfma,0,3586329,493
random_n900_rho0.9_weakly-corr-neg_seed7.pcf,dhfma,0,4128702,493
random_n900_rho0.9_weakly-corr-neg_seed7.pcf,hfma,1,3164384,493
random_n900_rho0.9_weakly-corr-neg_seed7.pcf,dhfma,1,2537677,493
random_n900_rho0.9_weakly-corr-neg_seed7.pcf,hfma,2,2297238,493
random_n900_rho0.9_weakly-corr-neg_seed7.pcf,dhfma,2,2301920,493
random_n900_rho0.9_weakly-corr-neg_seed8.pcf,hfma,0,1745097,475
random_n900_rho0.9_weakly-corr-neg_seed8.pcf,dhfma,0,1760810,475
random_n900_rho0.9_weakly-corr-neg_seed8.pcf,hfma,1,1694957,475
random_n900_rho0.9_weakly-corr-neg_seed8.pcf,dhfma,1,1770390,475
random_n900_rho0.9_weakly-corr-neg_seed8.pcf,hfma,2,1713236,475
random_n900_rho0.9_weakly-corr-neg_seed8.pcf,dhfma,2,1754261,475
random_n900_rho0.9_weakly-corr-neg_seed9.pcf,hfma,0,2685123,497
random_n900_rho0.9_weakly-corr-neg_seed9.pcf,dhfma,0,2019393,497
random_n900_rho0.9_weakly-corr-neg_seed9.pcf,hfma,1,1688899,497
random_n900_rho0.9_weakly-corr-neg_seed9.pcf,dhfma,1,1761164,497
random_n900_rho0.9_weakly-corr-neg_seed9.pcf,hfma,2,1739371,497
random_n900_rho0.9_weakly-corr-neg_seed9.pcf,dhfma,2,1794704,497
random_n900_rho0.9_weakly-corr_seed0.pcf,hfma,0,2984986,499
random_n900_rho0.9_weakly-corr_seed0.pcf,dhfma,0,2502082,499
random_n900_rho0.9_weakly-corr_seed0.pcf,hfma,1,2416010,499
random_n900_rho0.9_weakly-corr_seed0.pcf,dhfma,1,2697995,499
random_n900_rho0.9_weakly-corr_seed0.pcf,hfma,2,1931347,499
random_n900_rho0.9_weakly-corr_seed0.pcf,dhfma,2,2481106,499
random_n900_rho0.9_weakly-corr_seed1.pcf,hfma,0,2116554,499
random_n900_rho0.9_weakly-corr_seed1.pcf,dhfma,0,1793222,499
random_n900_rho0.9_weakly-corr_seed1.pcf,hfma,1,1447097,499
random_n900_rho0.9_weakly-corr_seed1.pcf,dhfma,1,1497873,499
random_n900_rho0.9_weakly-corr_seed1.pcf,hfma,2,1441385,499
random_n900_rho0.9_weakly-corr_seed1.pcf,dhfma,2,1505562,499
random_n900_rho0.9_weakly-corr_seed2.pcf,hfma,0,2110512,488
random_n900_rho0.9_weakly-corr_seed2.pcf,dhfma,0,1599654,488
random_n900_rho0.9_weakly-corr_seed2.pcf,hfma,1,1621096,488
random_n900_rho0.9_weakly-corr_seed2.pcf,dhfma,1,1581161,488
random_n900_rho0.9_weakly-corr_seed2.pcf,hfma,2,1621858,488
random_n900_rho0.9_weakly-corr_seed2.pcf,dhfma,2,1566179,488
random_n900_rho0.9_weakly-corr_seed3.pcf,hfma,0,1964260,496
random_n900_rho0.9_weakly-corr_seed3.pcf,dhfma,0,2065054,496
random_n900_rho0.9_weakly-corr_seed3.pcf,hfma,1,1983060,496
random_n900_rho0.9_weakly-corr_seed3.pcf,dhfma,1,2047203,496
random_n900_rho0.9_weakly-corr_seed3.pcf,hfma,2,1915930,496
random_n900_rho0.9_weakly-corr_seed3.pcf,dhfma,2,2056566,496
random_n900_rho0.9_weakly-corr_seed4.pcf,hfma,0,2250966,515
random_n900_rho0.9_weakly-corr_seed4.pcf,dhfma,0,2127091,515
random_n900_rho0.9_weakly-corr_seed4.pcf,hfma,1,2025594,515
random_n900_rho0.9_weakly-corr_seed4.pcf,dhfma,1,1427082,515
random_n900_rho0.9_weakly-corr_seed4.pcf,hfma,2,1453514,515
random_n900_rho0.9_weakly-corr_seed4.pcf,dhfma,2,1411322,515
random_n900_rho0.9_weakly-corr_seed5.pcf,hfma,0,1718131,484
random_n900_rho0.9_weakly-corr_seed5.pcf,dhfma,0,1885608,484
random_n900_rho0.9_weakly-corr_seed5.pcf,hfma,1,1652038,484
random_n900_rho0.9_weakly-corr_seed5.pcf,dhfma,1,1880626,484
random_n900_rho0.9_weakly-corr_seed5.pcf,hfma,2,1730376,484
random_n900_rho0.9_weakly-corr_seed5.pcf,dhfma,2,1888476,484
random_n900_rho0.9_weakly-corr_seed6.pcf,hfma,0,2404829,460
random_n900_rho0.9_weakly-corr_seed6.pcf,dhfma,0,1936117,460
random_n900_rho0.9_weakly-corr_seed6.pcf,hfma,1,1649395,460
random_n900_rho0.9_weakly-corr_seed6.pcf,dhfma,1,1901805,460
random_n900_rho0.9_weakly-corr_seed6.pcf,hfma,2,1642282,460
random_n900_rho0.9_weakly-corr_seed6.pcf,dhfma,2,1909705,460
random_n900_rho0.9_weakly-corr_seed7.pcf,hfma,0,1773117,442
random_n900_rho0.9_weakly-corr_seed7.pcf,dhfma,0,1760662,442
random_n900_rho0.9_weakly-corr_seed7.pcf,hfma,1,1681074,442
random_n900_rho0.9_weakly-corr_seed7.pcf,dhfma,1,1699543,442
random_n900_rho0.9_weakly-corr_seed7.pcf,hfma,2,1619657,442
random_n900_rho0.9_weakly-corr_seed7.pcf,dhfma,2,1723258,442
random_n900_rho0.9_weakly-corr_seed8.pcf,hfma,0,1923332,497
random_n900_rho0.9_weakly-corr_seed8.pcf,dhfma,0,1972272,497
random_n900_rho0.9_weakly-corr_seed8.pcf,hfma,1,1854264,497
random_n900_rho0.9_weakly-corr_seed8.pcf,dhfma,1,1947102,497
random_n900_rho0.9_weakly-corr_seed8.pcf,hfma,2,1896382,497
random_n900_rho0.9_weakly-corr_seed8.pcf,dhfma,2,1945972,497
random_n900_rho0.9_weakly-corr_seed9.pcf,hfma,0,1575091,469
random_n900_rho0.9_weakly-corr_seed9.pcf,dhfma,0,1514534,469
random_n900_rho0.9_weakly-corr_seed9.pcf,hfma,1,1587020,469
random_n900_rho0.9_weakly-corr_seed9.pcf,dhfma,1,1513645,469
random_n900_rho0.9_weakly-corr_seed9.pcf,hfma,2,1523799,469
random_n900_rho0.9_weakly-corr_seed9.pcf,dhfma,2,1511394,469
random_n900_rho1.0_strongly-corr-neg_seed0.pcf,hfma,0,2389678,439
random_n900_rho1.0_strongly-corr-neg_seed0.pcf,dhfma,0,1955618,439
random_n900_rho1.0_strongly-corr-neg_seed0.pcf,hfma,1,2347390,439
random_n900_rho1.0_strongly-corr-neg_seed0.pcf,dhfma,1,1960531,439
random_n900_rho1.0_strongly-corr-neg_seed0.pcf,hfma,2,2318965,439
random_n900_rho1.0_strongly-corr-neg_seed0.pcf,dhfma,2,1938350,439
random_n900_rho1.0_strongly-corr-neg_seed1.pcf,hfma,0,6122981,424
random_n900_rho1.0_strongly-corr-neg_seed1.pcf,dhfma,0,4629668,424
random_n900_rho1.0_strongly-corr-neg_seed1.pcf,hfma,1,4142532,424
random_n900_rho1.0_strongly-corr-neg_seed1.pcf,dhfma,1,4512685,424
random_n900_rho1.0_strongly-corr-neg_seed1.pcf,hfma,2,4085669,424
random_n900_rho1.0_strongly-corr-neg_seed1.pcf,dhfma,2,4452637,424
random_n900_rho1.0_strongly-corr-neg_seed2.pcf,hfma,0,1892889,426
random_n900_rho1.0_strongly-corr-neg_seed2.pcf,dhfma,0,1778036,426
random_n900_rho1.0_strongly-corr-neg_seed2.pcf,hfma,1,1806877,426
random_n900_rho1.0_strongly-corr-neg_seed2.pcf,dhfma,1,1752365,426
random_n900_rho1.0_strongly-corr-neg_seed2.pcf,hfma,2,1803612,426
random_n900_rho1.0_strongly-corr-neg_seed2.pcf,dhfma,2,1765907,426
random_n900_rho1.0_strongly-corr-neg_seed3.pcf,hfma,0,2586179,437
random_n900_rho1.0_strongly-corr-neg_seed3.pcf,dhfma,0,2558221,437
random_n900_rho1.0_strongly-corr-neg_seed3.pcf,hfma,1,2535386,437
random_n900_rho1.0_strongly-corr-neg_seed3.pcf,dhfma,1,2553695,437
random_n900_rho1.0_strongly-corr-neg_seed3.pcf,hfma,2,2526084,437
random_n900_rho1.0_strongly-corr-neg_seed3.pcf,dhfma,2,2537127,437
random_n900_rho1.0_strongly-corr-neg_seed4.pcf,hfma,0,3451885,420
random_n900_rho1.0_strongly-corr-neg_seed4.pcf,dhfma,0,3388815,420
random_n900_rho1.0_strongly-corr-neg_seed4.pcf,hfma,1,2784052,420
random_n900_rho1.0_strongly-corr-neg_seed4.pcf,dhfma,1,2208118,420
random_n900_rho1.0_strongly-corr-neg_seed4.pcf,hfma,2,2253184,420
random_n900_rho1.0_strongly-corr-neg_seed4.pcf,dhfma,2,2193917,420
random_n900_rho1.0_strongly-corr-neg_seed5.pcf,hfma,0,3172406,405
random_n900_rho1.0_strongly-corr-neg_seed5.pcf,dhfma,0,2589595,405
random_n900_rho1.0_strongly-corr-neg_seed5.pcf,hfma,1,2779472,405
random_n900_rho1.0_strongly-corr-neg_seed5.pcf,dhfma,1,2613955,405
random_n900_rho1.0_strongly-corr-neg_seed5.pcf,hfma,2,2839006,405
random_n900_rho1.0_strongly-corr-neg_seed5.pcf,dhfma,2,2643141,405
random_n900_rho1.0_strongly-corr-neg_seed6.pcf,hfma,0,3479285,403
random_n900_rho1.0_strongly-corr-neg_seed6.pcf,dhfma,0,2916299,403
random_n900_rho1.0_strongly-corr-neg_seed6.pcf,hfma,1,3422242,403
random_n900_rho1.0_strongly-corr-neg_seed6.pcf,dhfma,1,2939031,403
random_n900_rho1.0_strongly-corr-neg_seed6.pcf,hfma,2,3442877,403
random_n900_rho1.0_strongly-corr-neg_seed6.pcf,dhfma,2,2922706,403
random_n900_rho1.0_strongly-corr-neg_seed7.pcf,hfma,0,2079398,432
random_n900_rho1.0_strongly-corr-neg_seed7.pcf,dhfma,0,1856683,432
random_n900_rho1.0_strongly-corr-neg_seed7.pcf,hfma,1,1995591,432
random_n900_rho1.0_strongly-corr-neg_seed7.pcf,dhfma,1,1870270,432
random_n900_rho1.0_strongly-corr-neg_seed7.pcf,hfma,2,1989143,432
random_n900_rho1.0_strongly-corr-neg_seed7.pcf,dhfma,2,1895459,432
random_n900_rho1.0_strongly-corr-neg_seed8.pcf,hfma,0,5712953,404
random_n900_rho1.0_strongly-corr-neg_seed8.pcf,dhfma,0,4534459,404
random_n900_rho1.0_strongly-corr-neg_seed8.pcf,hfma,1,6507397,404
random_n900_rho1.0_strongly-corr-neg_seed8.pcf,dhfma,1,6218653,404
random_n900_rho1.0_strongly-corr-neg_seed8.pcf,hfma,2,3547794,404
random_n900_rho1.0_strongly-corr-neg_seed8.pcf,dhfma,2,3193443,404
random_n900_rho1.0_strongly-corr-neg_seed9.pcf,hfma,0,2136187,431
random_n900_rho1.0_strongly-corr-neg_seed9.pcf,dhfma,0,2065612,431
random_n900_rho1.0_strongly-corr-neg_seed9.pcf,hfma,1,2069125,431
random_n900_rho1.0_strongly-corr-neg_seed9.pcf,dhfma,1,2038819,431
random_n900_rho1.0_strongly-corr-neg_seed9.pcf,hfma,2,2074774,431
random_n900_rho1.0_strongly-corr-neg_seed9.pcf,dhfma,2,2032737,431
random_n900_rho1.0_strongly-corr_seed0.pcf,hfma,0,3827534,415
random_n900_rho1.0_strongly-corr_seed0.pcf,dhfma,0,2943579,415
random_n900_rho1.0_strongly-corr_seed0.pcf,hfma,1,2946916,415
random_n900_rho1.0_strongly-corr_seed0.pcf,dhfma,1,3234374,415
random_n900_rho1.0_strongly-corr_seed0.pcf,hfma,2,2912654,415
random_n900_rho1.0_strongly-corr_seed0.pcf,dhfma,2,2943674,415
random_n900_rho1.0_strongly-corr_seed1.pcf,hfma,0,2688417,376
random_n900_rho1.0_strongly-corr_seed1.pcf,dhfma,0,2793855,376
random_n900_rho1.0_strongly-corr_seed1.pcf,hfma,1,2609950,376
random_n900_rho1.0_strongly-corr_seed1.pcf,dhfma,1,2797286,376
random_n900_rho1.0_strongly-corr_seed1.pcf,hfma,2,2637653,376
random_n900_rho1.0_strongly-corr_seed1.pcf,dhfma,2,2811838,376
random_n900_rho1.0_strongly-corr_seed2.pcf,hfma,0,2886198,393
random_n900_rho1.0_strongly-corr_seed2.pcf,dhfma,0,2506209,393
random_n900_rho1.0_strongly-corr_seed2.pcf,hfma,1,2272398,393
random_n900_rho1.0_strongly-corr_seed2.pcf,dhfma,1,2371207,393
random_n900_rho1.0_strongly-corr_seed2.pcf,hfma,2,2310243,393
random_n900_rho1.0_strongly-corr_seed2.pcf,dhfma,2,2398919,393
random_n900_rho1.0_strongly-corr_seed3.pcf,hfma,0,3003519,399
random_n900_rho1.0_strongly-corr_seed3.pcf,dhfma,0,2023635,399
random_n900_rho1.0_strongly-corr_seed3.pcf,hfma,1,1928103,399
random_n900_rho1.0_strongly-corr_seed3.pcf,dhfma,1,1866954,399
random_n900_rho1.0_strongly-corr_seed3.pcf,hfma,2,1925856,399
random_n900_rho1.0_strongly-corr_seed3.pcf,dhfma,2,1860304,399
random_n900_rho1.0_strongly-corr_seed4.pcf,hfma,0,2695655,399
random_n900_rho1.0_strongly-corr_seed4.pcf,dhfma,0,1852218,399
random_n900_rho1.0_strongly-corr_seed4.pcf,hfma,1,1740797,399
random_n900_rho1.0_strongly-corr_seed4.pcf,dhfma,1,1871869,399
random_n900_rho1.0_strongly-corr_seed4.pcf,hfma,2,1725059,399
random_n900_rho1.0_strongly-corr_seed4.pcf,dhfma,2,1832965,399
random_n900_rho1.0_strongly-corr_seed5.pcf,hfma,0,2423762,382
random_n900_rho1.0_strongly-corr_seed5.pcf,dhfma,0,2257380,382
random_n900_rho1.0_strongly-corr_seed5.pcf,hfma,1,2363202,382
random_n900_rho1.0_strongly-corr_seed5.pcf,dhfma,1,2229881,382
random_n900_rho1.0_strongly-corr_seed5.pcf,hfma,2,2321516,382
random_n900_rho1.0_strongly-corr_seed5.pcf,dhfma,2,2210954,382
random_n900_rho1.0_strongly-corr_seed6.pcf,hfma,0,4157583,391
random_n900_rho1.0_strongly-corr_seed6.pcf,dhfma,0,2884608,391
random_n900_rho1.0_strongly-corr_seed6.pcf,hfma,1,2644809,391
random_n900_rho1.0_strongly-corr_seed6.pcf,dhfma,1,2814221,391
random_n900_rho1.0_strongly-corr_seed6.pcf,hfma,2,2665924,391
random_n900_rho1.0_strongly-corr_seed6.pcf,dhfma,2,2826000,391
random_n900_rho1.0_strongly-corr_seed7.pcf,hfma,0,2805962,406
random_n900_rho1.0_strongly-corr_seed7.pcf,dhfma,0,2905918,406
random_n900_rho1.0_strongly-corr_seed7.pcf,hfma,1,2699476,406
random_n900_rho1.0_strongly-corr_seed7.pcf,dhfma,1,2835637,406
random_n900_rho1.0_strongly-corr_seed7.pcf,hfma,2,2712952,406
random_n900_rho1.0_strongly-corr_seed7.pcf,dhfma,2,2839293,406
random_n900_rho1.0_strongly-corr_seed8.pcf,hfma,0,2673660,391
random_n900_rho1.0_strongly-corr_seed8.pcf,dhfma,0,2479246,391
random_n900_rho1.0_strongly-corr_seed8.pcf,hfma,1,2231880,391
random_n900_rho1.0_strongly-corr_seed8.pcf,dhfma,1,2388207,391
random_n900_rho1.0_strongly-corr_seed8.pcf,hfma,2,2163010,391
random_n900_rho1.0_strongly-corr_seed8.pcf,dhfma,2,2354412,391
random_n900_rho1.0_strongly-corr_seed9.pcf,hfma,0,3003095,400
random_n900_rho1.0_strongly-corr_seed9.pcf,dhfma,0,2824760,400
random_n900_rho1.0_strongly-corr_seed9.pcf,hfma,1,1941944,400
random_n900_rho1.0_strongly-corr_seed9.pcf,dhfma,1,1990206,400
random_n900_rho1.0_strongly-corr_seed9.pcf,hfma,2,1864002,400
random_n900_rho1.0_strongly-corr_seed9.pcf,dhfma,2,1949018,400
random_n900_rho1.0_uncorr-neg_seed0.pcf,hfma,0,2730563,436
random_n900_rho1.0_uncorr-neg_seed0.pcf,dhfma,0,2347503,436
random_n900_rho1.0_uncorr-neg_seed0.pcf,hfma,1,2642779,436
random_n900_rho1.0_uncorr-neg_seed0.pcf,dhfma,1,2344386,436
random_n900_rho1.0_uncorr-neg_seed0.pcf,hfma,2,2615025,436
random_n900_rho1.0_uncorr-neg_seed0.pcf,dhfma,2,2320985,436
random_n900_rho1.0_uncorr-neg_seed1.pcf,hfma,0,2933587,453
random_n900_rho1.0_uncorr-neg_seed1.pcf,dhfma,0,2055509,453
random_n900_rho1.0_uncorr-neg_seed1.pcf,hfma,1,1889855,453
random_n900_rho1.0_uncorr-neg_seed1.pcf,dhfma,1,2039108,453
random_n900_rho1.0_uncorr-neg_seed1.pcf,hfma,2,1899656,453
random_n900_rho1.0_uncorr-neg_seed1.pcf,dhfma,2,2017812,453
random_n900_rho1.0_uncorr-neg_seed2.pcf,hfma,0,2090400,465
random_n900_rho1.0_uncorr-neg_seed2.pcf,dhfma,0,1890438,465
random_n900_rho1.0_uncorr-neg_seed2.pcf,hfma,1,2072515,465
random_n900_rho1.0_uncorr-neg_seed2.pcf,dhfma,1,1866427,465
random_n900_rho1.0_uncorr-neg_seed2.pcf,hfma,2,2042777,465
random_n900_rho1.0_uncorr-neg_seed2.pcf,dhfma,2,1886251,465
random_n900_rho1.0_uncorr-neg_seed3.pcf,hfma,0,4620135,440
random_n900_rho1.0_uncorr-neg_seed3.pcf,dhfma,0,4659018,440
random_n900_rho1.0_uncorr-neg_seed3.pcf,hfma,1,3601875,440
random_n900_rho1.0_uncorr-neg_seed3.pcf,dhfma,1,3019912,440
random_n900_rho1.0_uncorr-neg_seed3.pcf,hfma,2,2933139,440
random_n900_rho1.0_uncorr-neg_seed3.pcf,dhfma,2,3003429,440
random_n900_rho1.0_uncorr-neg_seed4.pcf,hfma,0,1988605,472
random_n900_rho1.0_uncorr-neg_seed4.pcf,dhfma,0,2081847,472
random_n900_rho1.0_uncorr-neg_seed4.pcf,hfma,1,1916162,472
random_n900_rho1.0_uncorr-neg_seed4.pcf,dhfma,1,2064760,472
random_n900_rho1.0_uncorr-neg_seed4.pcf,hfma,2,1921107,472
random_n900_rho1.0_uncorr-neg_seed4.pcf,dhfma,2,2065224,472
random_n900_rho1.0_uncorr-neg_seed5.pcf,hfma,0,3861659,457
random_n900_rho1.0_uncorr-neg_seed5.pcf,dhfma,0,3654142,457
random_n900_rho1.0_uncorr-neg_seed5.pcf,hfma,1,3377950,457
random_n900_rho1.0_uncorr-neg_seed5.pcf,dhfma,1,3543777,457
random_n900_rho1.0_uncorr-neg_seed5.pcf,hfma,2,3337562,457
random_n900_rho1.0_uncorr-neg_seed5.pcf,dhfma,2,3567002,457
random_n900_rho1.0_uncorr-neg_seed6.pcf,hfma,0,2289594,441
random_n900_rho1.0_uncorr-neg_seed6.pcf,dhfma,0,2435193,441
random_n900_rho1.0_uncorr-neg_seed6.pcf,hfma,1,2226615,441
random_n900_rho1.0_uncorr-neg_seed6.pcf,dhfma,1,2522111,441
random_n900_rho1.0_uncorr-neg_seed6.pcf,hfma,2,2240351,441
random_n900_rho1.0_uncorr-neg_seed6.pcf,dhfma,2,2440779,441
random_n900_rho1.0_uncorr-neg_seed7.pcf,hfma,0,2254726,454
random_n900_rho1.0_uncorr-neg_seed7.pcf,dhfma,0,2326291,454
random_n900_rho1.0_uncorr-neg_seed7.pcf,hfma,1,2167074,454
random_n900_rho1.0_uncorr-neg_seed7.pcf,dhfma,1,2308929,454
random_n900_rho1.0_uncorr-neg_seed7.pcf,hfma,2,2159082,454
random_n900_rho1.0_uncorr-neg_seed7.pcf,dhfma,2,2299370,454
random_n900_rho1.0_uncorr-neg_seed8.pcf,hfma,0,3136005,442
random_n900_rho1.0_uncorr-neg_seed8.pcf,dhfma,0,2092922,442
random_n900_rho1.0_uncorr-neg_seed8.pcf,hfma,1,2155075,442
random_n900_rho1.0_uncorr-neg_seed8.pcf,dhfma,1,2070052,442
random_n900_rho1.0_uncorr-neg_seed8.pcf,hfma,2,2149733,442
random_n900_rho1.0_uncorr-neg_seed8.pcf,dhfma,2,2052519,442
random_n900_rho1.0_uncorr-neg_seed9.pcf,hfma,0,2392647,459
random_n900_rho1.0_uncorr-neg_seed9.pcf,dhfma,0,2085759,459
random_n900_rho1.0_uncorr-neg_seed9.pcf,hfma,1,2292845,459
random_n900_rho1.0_uncorr-neg_seed9.pcf,dhfma,1,2069401,459
random_n900_rho1.0_uncorr-neg_seed9.pcf,hfma,2,2262353,459
random_n900_rho1.0_uncorr-neg_seed9.pcf,dhfma,2,2052612,459
random_n900_rho1.0_uncorr_seed0.pcf,hfma,0,2262772,464
random_n900_rho1.0_uncorr_seed0.pcf,dhfma,0,2165123,464
random_n900_rho1.0_uncorr_seed0.pcf,hfma,1,2218380,464
random_n900_rho1.0_uncorr_seed0.pcf,dhfma,1,2114325,464
random_n900_rho1.0_uncorr_seed0.pcf,hfma,2,2202382,464
random_n900_rho1.0_uncorr_seed0.pcf,dhfma,2,2118576,464
random_n900_rho1.0_uncorr_seed1.pcf,hfma,0,3120710,415
random_n900_rho1.0_uncorr_seed1.pcf,dhfma,0,2844839,415
random_n900_rho1.0_uncorr_seed1.pcf,hfma,1,3117224,415
random_n900_rho1.0_uncorr_seed1.pcf,dhfma,1,2841485,415
random_n900_rho1.0_uncorr_seed1.pcf,hfma,2,3072900,415
random_n900_rho1.0_uncorr_seed1.pcf,dhfma,2,2799637,415
random_n900_rho1.0_uncorr_seed2.pcf,hfma,0,2124453,475
random_n900_rho1.0_uncorr_seed2.pcf,dhfma,0,2259836,475
random_n900_rho1.0_uncorr_seed2.pcf,hfma,1,2103440,475
random_n900_rho1.0_uncorr_seed2.pcf,dhfma,1,2234343,475
random_n900_rho1.0_uncorr_seed2.pcf,hfma,2,2073093,475
random_n900_rho1.0_uncorr_seed2.pcf,dhfma,2,2243897,475
random_n900_rho1.0_uncorr_seed3.pcf,hfma,0,2513220,478
random_n900_rho1.0_uncorr_seed3.pcf,dhfma,0,2461930,478
random_n900_rho1.0_uncorr_seed3.pcf,hfma,1,2471811,478
random_n900_rho1.0_uncorr_seed3.pcf,dhfma,1,2447548,478
random_n900_rho1.0_uncorr_seed3.pcf,hfma,2,2455513,478
random_n900_rho1.0_uncorr_seed3.pcf,dhfma,2,2449717,478
random_n900_rho1.0_uncorr_seed4.pcf,hfma,0,2281106,435
random_n900_rho1.0_uncorr_seed4.pcf,dhfma,0,2288807,435
random_n900_rho1.0_uncorr_seed4.pcf,hfma,1,2228349,435
random_n900_rho1.0_uncorr_seed4.pcf,dhfma,1,2246962,435
random_n900_rho1.0_uncorr_seed4.pcf,hfma,2,2263334,435
random_n900_rho1.0_uncorr_seed4.pcf,dhfma,2,2283472,435
random_n900_rho1.0_uncorr_seed5.pcf,hfma,0,3941026,456
random_n900_rho1.0_uncorr_seed5.pcf,dhfma,0,3090850,456
random_n900_rho1.0_uncorr_seed5.pcf,hfma,1,2651740,456
random_n900_rho1.0_uncorr_seed5.pcf,dhfma,1,2698931,456
random_n900_rho1.0_uncorr_seed5.pcf,hfma,2,2567841,456
random_n900_rho1.0_uncorr_seed5.pcf,dhfma,2,2638927,456
random_n900_rho1.0_uncorr_seed6.pcf,hfma,0,2797283,468
random_n900_rho1.0_uncorr_seed6.pcf,dhfma,0,2664042,468
random_n900_rho1.0_uncorr_seed6.pcf,hfma,1,2352408,468
random_n900_rho1.0_uncorr_seed6.pcf,dhfma,1,2617123,468
random_n900_rho1.0_uncorr_seed6.pcf,hfma,2,2338510,468
random_n900_rho1.0_uncorr_seed6.pcf,dhfma,2,2591304,468
random_n900_rho1.0_uncorr_seed7.pcf,hfma,0,5353115,429
random_n900_rho1.0_uncorr_seed7.pcf,dhfma,0,5234753,429
random_n900_rho1.0_uncorr_seed7.pcf,hfma,1,5753776,429
random_n900_rho1.0_uncorr_seed7.pcf,dhfma,1,4397004,429
random_n900_rho1.0_uncorr_seed7.pcf,hfma,2,3518125,429
random_n900_rho1.0_uncorr_seed7.pcf,dhfma,2,3886724,429
random_n900_rho1.0_uncorr_seed8.pcf,hfma,0,3114605,453
random_n900_rho1.0_uncorr_seed8.pcf,dhfma,0,3206438,453
random_n900_rho1.0_uncorr_seed8.pcf,hfma,1,3006050,453
random_n900_rho1.0_uncorr_seed8.pcf,dhfma,1,3149712,453
random_n900_rho1.0_uncorr_seed8.pcf,hfma,2,3025351,453
random_n900_rho1.0_uncorr_seed8.pcf,dhfma,2,3118804,453
random_n900_rho1.0_uncorr_seed9.pcf,hfma,0,2086203,462
random_n900_rho1.0_uncorr_seed9.pcf,dhfma,0,2215113,462
random_n900_rho1.0_uncorr_seed9.pcf,hfma,1,2011737,462
random_n900_rho1.0_uncorr_seed9.pcf,dhfma,1,2185823,462
random_n900_rho1.0_uncorr_seed9.pcf,hfma,2,2017853,462
random_n900_rho1.0_uncorr_seed9.pcf,dhfma,2,2159633,462
random_n900_rho1.0_weakly-corr-neg_seed0.pcf,hfma,0,2487520,450
random_n900_rho1.0_weakly-corr-neg_seed0.pcf,dhfma,0,2050903,450
random_n900_rho1.0_weakly-corr-neg_seed0.pcf,hfma,1,1948019,450
random_n900_rho1.0_weakly-corr-neg_seed0.pcf,dhfma,1,2066270,450
random_n900_rho1.0_weakly-corr-neg_seed0.pcf,hfma,2,2059122,450
random_n900_rho1.0_weakly-corr-neg_seed0.pcf,dhfma,2,2071666,450
random_n900_rho1.0_weakly-corr-neg_seed1.pcf,hfma,0,3899364,441
random_n900_rho1.0_weakly-corr-neg_seed1.pcf,dhfma,0,3865452,441
random_n900_rho1.0_weakly-corr-neg_seed1.pcf,hfma,1,3862780,441
random_n900_rho1.0_weakly-corr-neg_seed1.pcf,dhfma,1,2492720,441
random_n900_rho1.0_weakly-corr-neg_seed1.pcf,hfma,2,2579489,441
random_n900_rho1.0_weakly-corr-neg_seed1.pcf,dhfma,2,2185197,441
random_n900_rho1.0_weakly-corr-neg_seed2.pcf,hfma,0,3616317,434
random_n900_rho1.0_weakly-corr-neg_seed2.pcf,dhfma,0,3297029,434
random_n900_rho1.0_weakly-corr-neg_seed2.pcf,hfma,1,3490830,434
random_n900_rho1.0_weakly-corr-neg_seed2.pcf,dhfma,1,3216159,434
random_n900_rho1.0_weakly-corr-neg_seed2.pcf,hfma,2,3549674,434
random_n900_rho1.0_weakly-corr-neg_seed2.pcf,dhfma,2,3247029,434
random_n900_rho1.0_weakly-corr-neg_seed3.pcf,hfma,0,2687091,450
random_n900_rho1.0_weakly-corr-neg_seed3.pcf,dhfma,0,2746594,450
random_n900_rho1.0_weakly-corr-neg_seed3.pcf,hfma,1,2612773,450
random_n900_rho1.0_weakly-corr-neg_seed3.pcf,dhfma,1,2720152,450
random_n900_rho1.0_weakly-corr-neg_seed3.pcf,hfma,2,2627430,450
random_n900_rho1.0_weakly-corr-neg_seed3.pcf,dhfma,2,2696286,450
random_n900_rho1.0_weakly-corr-neg_seed4.pcf,hfma,0,3144227,468
random_n900_rho1.0_weakly-corr-neg_seed4.pcf,dhfma,0,2070889,468
random_n900_rho1.0_weakly-corr-neg_seed4.pcf,hfma,1,2520345,468
random_n900_rho1.0_weakly-corr-neg_seed4.pcf,dhfma,1,2059712,468
random_n900_rho1.0_weakly-corr-neg_seed4.pcf,hfma,2,2502454,468
random_n900_rho1.0_weakly-corr-neg_seed4.pcf,dhfma,2,2042951,468
random_n900_rho1.0_weakly-corr-neg_seed5.pcf,hfma,0,3283587,442
random_n900_rho1.0_weakly-corr-neg_seed5.pcf,dhfma,0,2698402,442
random_n900_rho1.0_weakly-corr-neg_seed5.pcf,hfma,1,3150204,442
random_n900_rho1.0_weakly-corr-neg_seed5.pcf,dhfma,1,2633960,442
random_n900_rho1.0_weakly-corr-neg_seed5.pcf,hfma,2,3119946,442
random_n900_rho1.0_weakly-corr-neg_seed5.pcf,dhfma,2,2614050,442
random_n900_rho1.0_weakly-corr-neg_seed6.pcf,hfma,0,2780008,426
random_n900_rho1.0_weakly-corr-neg_seed6.pcf,dhfma,0,2347405,426
random_n900_rho1.0_weakly-corr-neg_seed6.pcf,hfma,1,2459793,426
random_n900_rho1.0_weakly-corr-neg_seed6.pcf,dhfma,1,2343835,426
random_n900_rho1.0_weakly-corr-neg_seed6.pcf,hfma,2,2414156,426
random_n900_rho1.0_weakly-corr-neg_seed6.pcf,dhfma,2,2342923,426
random_n900_rho1.0_weakly-corr-neg_seed7.pcf,hfma,0,2925617,434
random_n900_rho1.0_weakly-corr-neg_seed7.pcf,dhfma,0,2684389,434
random_n900_rho1.0_weakly-corr-neg_seed7.pcf,hfma,1,2686462,434
random_n900_rho1.0_weakly-corr-neg_seed7.pcf,dhfma,1,2694996,434
random_n900_rho1.0_weakly-corr-neg_seed7.pcf,hfma,2,2931434,434
random_n900_rho1.0_weakly-corr-neg_seed7.pcf,dhfma,2,2662708,434
random_n900_rho1.0_weakly-corr-neg_seed8.pcf,hfma,0,3146849,451
random_n900_rho1.0_weakly-corr-neg_seed8.pcf,dhfma,0,2180880,451
random_n900_rho1.0_weakly-corr-neg_seed8.pcf,hfma,1,2524058,451
random_n900_rho1.0_weakly-corr-neg_seed8.pcf,dhfma,1,2162106,451
random_n900_rho1.0_weakly-corr-neg_seed8.pcf,hfma,2,2521828,451
random_n900_rho1.0_weakly-corr-neg_seed8.pcf,dhfma,2,2170162,451
random_n900_rho1.0_weakly-corr-neg_seed9.pcf,hfma,0,2908999,462
random_n900_rho1.0_weakly-corr-neg_seed9.pcf,dhfma,0,2684056,462
random_n900_rho1.0_weakly-corr-neg_seed9.pcf,hfma,1,2869484,462
random_n900_rho1.0_weakly-corr-neg_seed9.pcf,dhfma,1,2635252,462
random_n900_rho1.0_weakly-corr-neg_seed9.pcf,hfma,2,2808078,462
random_n900_rho1.0_weakly-corr-neg_seed9.pcf,dhfma,2,2643431,462
random_n900_rho1.0_weakly-corr_seed0.pcf,hfma,0,4203329,455
random_n900_rho1.0_weakly-corr_seed0.pcf,dhfma,0,3354865,455
random_n900_rho1.0_weakly-corr_seed0.pcf,hfma,1,2739107,455
random_n900_rho1.0_weakly-corr_seed0.pcf,dhfma,1,2649709,455
random_n900_rho1.0_weakly-corr_seed0.pcf,hfma,2,2674808,455
random_n900_rho1.0_weakly-corr_seed0.pcf,dhfma,2,2631678,455
random_n900_rho1.0_weakly-corr_seed1.pcf,hfma,0,2965241,445
random_n900_rho1.0_weakly-corr_seed1.pcf,dhfma,0,2644636,445
random_n900_rho1.0_weakly-corr_seed1.pcf,hfma,1,2407841,445
random_n900_rho1.0_weakly-corr_seed1.pcf,dhfma,1,2597003,445
random_n900_rho1.0_weakly-corr_seed1.pcf,hfma,2,2373244,445
random_n900_rho1.0_weakly-corr_seed1.pcf,dhfma,2,2544991,445
random_n900_rho1.0_weakly-corr_seed2.pcf,hfma,0,2151654,425
random_n900_rho1.0_weakly-corr_seed2.pcf,dhfma,0,2305555,425
random_n900_rho1.0_weakly-corr_seed2.pcf,hfma,1,2108702,425
random_n900_rho1.0_weakly-corr_seed2.pcf,dhfma,1,2293813,425
random_n900_rho1.0_weakly-corr_seed2.pcf,hfma,2,2070816,425
random_n900_rho1.0_weakly-corr_seed2.pcf,dhfma,2,2358610,425
random_n900_rho1.0_weakly-corr_seed3.pcf,hfma,0,3057988,443
random_n900_rho1.0_weakly-corr_seed3.pcf,dhfma,0,3076265,443
random_n900_rho1.0_weakly-corr_seed3.pcf,hfma,1,2987433,443
random_n900_rho1.0_weakly-corr_seed3.pcf,dhfma,1,3095824,443
random_n900_rho1.0_weakly-corr_seed3.pcf,hfma,2,3006771,443
random_n900_rho1.0_weakly-corr_seed3.pcf,dhfma,2,3109785,443
random_n900_rho1.0_weakly-corr_seed4.pcf,hfma,0,2988679,440
random_n900_rho1.0_weakly-corr_seed4.pcf,dhfma,0,2664742,440
random_n900_rho1.0_weakly-corr_seed4.pcf,hfma,1,2637578,440
random_n900_rho1.0_weakly-corr_seed4.pcf,dhfma,1,2959118,440
random_n900_rho1.0_weakly-corr_seed4.pcf,hfma,2,3147649,440
random_n900_rho1.0_weakly-corr_seed4.pcf,dhfma,2,2670557,440
random_n900_rho1.0_weakly-corr_seed5.pcf,hfma,0,2178530,459
random_n900_rho1.0_weakly-corr_seed5.pcf,dhfma,0,2318597,459
random_n900_rho1.0_weakly-corr_seed5.pcf,hfma,1,2328333,459
random_n900_rho1.0_weakly-corr_seed5.pcf,dhfma,1,2197296,459
random_n900_rho1.0_weakly-corr_seed5.pcf,hfma,2,2094419,459
random_n900_rho1.0_weakly-corr_seed5.pcf,dhfma,2,2158576,459
random_n900_rho1.0_weakly-corr_seed6.pcf,hfma,0,3313850,465
random_n900_rho1.0_weakly-corr_seed6.pcf,dhfma,0,3247592,465
random_n900_rho1.0_weakly-corr_seed6.pcf,hfma,1,2179003,465
random_n900_rho1.0_weakly-corr_seed6.pcf,dhfma,1,2062637,465
random_n900_rho1.0_weakly-corr_seed6.pcf,hfma,2,1909821,465
random_n900_rho1.0_weakly-corr_seed6.pcf,dhfma,2,2051486,465
random_n900_rho1.0_weakly-corr_seed7.pcf,hfma,0,2666066,435
random_n900_rho1.0_weakly-corr_seed7.pcf,dhfma,0,2365983,435
random_n900_rho1.0_weakly-corr_seed7.pcf,hfma,1,2692230,435
random_n900_rho1.0_weakly-corr_seed7.pcf,dhfma,1,2914435,435
random_n900_rho1.0_weakly-corr_seed7.pcf,hfma,2,2642212,435
random_n900_rho1.0_weakly-corr_seed7.pcf,dhfma,2,3507758,435
random_n900_rho1.0_weakly-corr_seed8.pcf,hfma,0,2243699,450
random_n900_rho1.0_weakly-corr_seed8.pcf,dhfma,0,2338093,450
random_n900_rho1.0_weakly-corr_seed8.pcf,hfma,1,2062419,450
random_n900_rho1.0_weakly-corr_seed8.pcf,dhfma,1,2327471,450
random_n900_rho1.0_weakly-corr_seed8.pcf,hfma,2,2065087,450
random_n900_rho1.0_weakly-corr_seed8.pcf,dhfma,2,2467443,450
random_n900_rho1.0_weakly-corr_seed9.pcf,hfma,0,2016790,442
random_n900_rho1.0_weakly-corr_seed9.pcf,dhfma,0,2107887,442
random_n900_rho1.0_weakly-corr_seed9.pcf,hfma,1,1939642,442
random_n900_rho1.0_weakly-corr_seed9.pcf,dhfma,1,2111548,442
random_n900_rho1.0_weakly-corr_seed9.pcf,hfma,2,1924345,442
random_n900_rho1.0_weakly-corr_seed9.pcf,dhfma,2,2064836,442
