instance,algorithm,run,elapsed_ns,macroitems
random_n1000_rho0.3_strongly-corr-neg_seed0.pcf,hfma,0,580909,697
random_n1000_rho0.3_strongly-corr-neg_seed0.pcf,rac,0,1729238,697
random_n1000_rho0.3_strongly-corr-neg_seed1.pcf,hfma,0,555200,706
random_n1000_rho0.3_strongly-corr-neg_seed1.pcf,rac,0,1501401,706
random_n1000_rho0.3_strongly-corr-neg_seed2.pcf,hfma,0,404435,688
random_n1000_rho0.3_strongly-corr-neg_seed2.pcf,rac,0,1062165,688
random_n1000_rho0.3_strongly-corr-neg_seed3.pcf,hfma,0,552131,708
random_n1000_rho0.3_strongly-corr-neg_seed3.pcf,rac,0,1788903,708
random_n1000_rho0.3_strongly-corr-neg_seed4.pcf,hfma,0,820941,686
random_n1000_rho0.3_strongly-corr-neg_seed4.pcf,rac,0,2308906,686
random_n1000_rho0.3_strongly-corr-neg_seed5.pcf,hfma,0,736633,671
random_n1000_rho0.3_strongly-corr-neg_seed5.pcf,rac,0,2533538,671
random_n1000_rho0.3_strongly-corr-neg_seed6.pcf,hfma,0,710876,693
random_n1000_rho0.3_strongly-corr-neg_seed6.pcf,rac,0,1879934,693
random_n1000_rho0.3_strongly-corr-neg_seed7.pcf,hfma,0,980718,679
random_n1000_rho0.3_strongly-corr-neg_seed7.pcf,rac,0,2327392,679
random_n1000_rho0.3_strongly-corr-neg_seed8.pcf,hfma,0,654930,686
random_n1000_rho0.3_strongly-corr-neg_seed8.pcf,rac,0,1732349,686
random_n1000_rho0.3_strongly-corr-neg_seed9.pcf,hfma,0,583235,685
random_n1000_rho0.3_strongly-corr-neg_seed9.pcf,rac,0,3775409,685
random_n1000_rho0.3_strongly-corr_seed0.pcf,hfma,0,716506,598
random_n1000_rho0.3_strongly-corr_seed0.pcf,rac,0,2147314,598
random_n1000_rho0.3_strongly-corr_seed1.pcf,hfma,0,625701,606
random_n1000_rho0.3_strongly-corr_seed1.pcf,rac,0,1774266,606
random_n1000_rho0.3_strongly-corr_seed2.pcf,hfma,0,857729,608
random_n1000_rho0.3_strongly-corr_seed2.pcf,rac,0,2393961,608
random_n1000_rho0.3_strongly-corr_seed3.pcf,hfma,0,765584,630
random_n1000_rho0.3_strongly-corr_seed3.pcf,rac,0,2346897,630
random_n1000_rho0.3_strongly-corr_seed4.pcf,hfma,0,662513,593
random_n1000_rho0.3_strongly-corr_seed4.pcf,rac,0,1276246,593
random_n1000_rho0.3_strongly-corr_seed5.pcf,hfma,0,625131,601
random_n1000_rho0.3_strongly-corr_seed5.pcf,rac,0,1842168,601
random_n1000_rho0.3_strongly-corr_seed6.pcf,hfma,0,600123,596
random_n1000_rho0.3_strongly-corr_seed6.pcf,rac,0,2822509,596
random_n1000_rho0.3_strongly-corr_seed7.pcf,hfma,0,1046969,600
random_n1000_rho0.3_strongly-corr_seed7.pcf,rac,0,3061237,600
random_n1000_rho0.3_strongly-corr_seed8.pcf,hfma,0,642406,612
random_n1000_rho0.3_strongly-corr_seed8.pcf,rac,0,1059072,612
random_n1000_rho0.3_strongly-corr_seed9.pcf,hfma,0,569388,601
random_n1000_rho0.3_strongly-corr_seed9.pcf,rac,0,1681613,601
random_n1000_rho0.3_uncorr-neg_seed0.pcf,hfma,0,564379,851
random_n1000_rho0.3_uncorr-neg_seed0.pcf,rac,0,1549161,851
random_n1000_rho0.3_uncorr-neg_seed1.pcf,hfma,0,684137,864
random_n1000_rho0.3_uncorr-neg_seed1.pcf,rac,0,2308818,864
random_n1000_rho0.3_uncorr-neg_seed2.pcf,hfma,0,683149,844
random_n1000_rho0.3_uncorr-neg_seed2.pcf,rac,0,2140005,844
random_n1000_rho0.3_uncorr-neg_seed3.pcf,hfma,0,1352010,864
random_n1000_rho0.3_uncorr-neg_seed3.pcf,rac,0,3997171,864
random_n1000_rho0.3_uncorr-neg_seed4.pcf,hfma,0,812996,844
random_n1000_rho0.3_uncorr-neg_seed4.pcf,rac,0,2059785,844
random_n1000_rho0.3_uncorr-neg_seed5.pcf,hfma,0,408557,854
random_n1000_rho0.3_uncorr-neg_seed5.pcf,rac,0,1095985,854
random_n1000_rho0.3_uncorr-neg_seed6.pcf,hfma,0,594805,842
random_n1000_rho0.3_uncorr-neg_seed6.pcf,rac,0,1695455,842
random_n1000_rho0.3_uncorr-neg_seed7.pcf,hfma,0,601586,838
random_n1000_rho0.3_uncorr-neg_seed7.pcf,rac,0,1808957,838
random_n1000_rho0.3_uncorr-neg_seed8.pcf,hfma,0,565955,843
random_n1000_rho0.3_uncorr-neg_seed8.pcf,rac,0,1579352,843
random_n1000_rho0.3_uncorr-neg_seed9.pcf,hfma,0,627688,837
random_n1000_rho0.3_uncorr-neg_seed9.pcf,rac,0,1798993,837
random_n1000_rho0.3_uncorr_seed0.pcf,hfma,0,545662,855
random_n1000_rho0.3_uncorr_seed0.pcf,rac,0,1483774,855
random_n1000_rho0.3_uncorr_seed1.pcf,hfma,0,553772,863
random_n1000_rho0.3_uncorr_seed1.pcf,rac,0,1302440,863
random_n1000_rho0.3_uncorr_seed2.pcf,hfma,0,365665,846
random_n1000_rho0.3_uncorr_seed2.pcf,rac,0,991851,846
random_n1000_rho0.3_uncorr_seed3.pcf,hfma,0,529533,852
random_n1000_rho0.3_uncorr_seed3.pcf,rac,0,1003559,852
random_n1000_rho0.3_uncorr_seed4.pcf,hfma,0,385568,833
random_n1000_rho0.3_uncorr_seed4.pcf,rac,0,1126811,833
random_n1000_rho0.3_uncorr_seed5.pcf,hfma,0,632617,849
random_n1000_rho0.3_uncorr_seed5.pcf,rac,0,1088764,849
random_n1000_rho0.3_uncorr_seed6.pcf,hfma,0,575261,853
random_n1000_rho0.3_uncorr_seed6.pcf,rac,0,1673237,853
random_n1000_rho0.3_uncorr_seed7.pcf,hfma,0,599967,845
random_n1000_rho0.3_uncorr_seed7.pcf,rac,0,1128353,845
random_n1000_rho0.3_uncorr_seed8.pcf,hfma,0,588154,865
random_n1000_rho0.3_uncorr_seed8.pcf,rac,0,1834164,865
random_n1000_rho0.3_uncorr_seed9.pcf,hfma,0,595504,830
random_n1000_rho0.3_uncorr_seed9.pcf,rac,0,1794525,830
random_n1000_rho0.3_weakly-corr-neg_seed0.pcf,hfma,0,418787,849
random_n1000_rho0.3_weakly-corr-neg_seed0.pcf,rac,0,1081814,849
random_n1000_rho0.3_weakly-corr-neg_seed1.pcf,hfma,0,364404,832
random_n1000_rho0.3_weakly-corr-neg_seed1.pcf,rac,0,1062379,832
random_n1000_rho0.3_weakly-corr-neg_seed2.pcf,hfma,0,596178,844
random_n1000_rho0.3_weakly-corr-neg_seed2.pcf,rac,0,1821860,844
random_n1000_rho0.3_weakly-corr-neg_seed3.pcf,hfma,0,592725,829
random_n1000_rho0.3_weakly-corr-neg_seed3.pcf,rac,0,1674854,829
random_n1000_rho0.3_weakly-corr-neg_seed4.pcf,hfma,0,596500,831
random_n1000_rho0.3_weakly-corr-neg_seed4.pcf,rac,0,1800879,831
random_n1000_rho0.3_weakly-corr-neg_seed5.pcf,hfma,0,379448,837
random_n1000_rho0.3_weakly-corr-neg_seed5.pcf,rac,0,1055283,837
random_n1000_rho0.3_weakly-corr-neg_seed6.pcf,hfma,0,579791,844
random_n1000_rho0.3_weakly-corr-neg_seed6.pcf,rac,0,1705724,844
random_n1000_rho0.3_weakly-corr-neg_seed7.pcf,hfma,0,487602,827
random_n1000_rho0.3_weakly-corr-neg_seed7.pcf,rac,0,1118010,827
random_n1000_rho0.3_weakly-corr-neg_seed8.pcf,hfma,0,555859,847
random_n1000_rho0.3_weakly-corr-neg_seed8.pcf,rac,0,1623359,847
random_n1000_rho0.3_weakly-corr-neg_seed9.pcf,hfma,0,374001,833
random_n1000_rho0.3_weakly-corr-neg_seed9.pcf,rac,0,1047182,833
random_n1000_rho0.3_weakly-corr_seed0.pcf,hfma,0,565310,849
random_n1000_rho0.3_weakly-corr_seed0.pcf,rac,0,1642425,849
random_n1000_rho0.3_weakly-corr_seed1.pcf,hfma,0,354940,855
random_n1000_rho0.3_weakly-corr_seed1.pcf,rac,0,966316,855
random_n1000_rho0.3_weakly-corr_seed2.pcf,hfma,0,369343,849
random_n1000_rho0.3_weakly-corr_seed2.pcf,rac,0,1009416,849
random_n1000_rho0.3_weakly-corr_seed3.pcf,hfma,0,576460,852
random_n1000_rho0.3_weakly-corr_seed3.pcf,rac,0,1284156,852
random_n1000_rho0.3_weakly-corr_seed4.pcf,hfma,0,595180,843
random_n1000_rho0.3_weakly-corr_seed4.pcf,rac,0,1778868,843
random_n1000_rho0.3_weakly-corr_seed5.pcf,hfma,0,657734,829
random_n1000_rho0.3_weakly-corr_seed5.pcf,rac,0,1446452,829
random_n1000_rho0.3_weakly-corr_seed6.pcf,hfma,0,610665,850
random_n1000_rho0.3_weakly-corr_seed6.pcf,rac,0,1794278,850
random_n1000_rho0.3_weakly-corr_seed7.pcf,hfma,0,367126,844
random_n1000_rho0.3_weakly-corr_seed7.pcf,rac,0,1051860,844
random_n1000_rho0.3_weakly-corr_seed8.pcf,hfma,0,402730,841
random_n1000_rho0.3_weakly-corr_seed8.pcf,rac,0,1091822,841
random_n1000_rho0.3_weakly-corr_seed9.pcf,hfma,0,585386,844
random_n1000_rho0.3_weakly-corr_seed9.pcf,rac,0,1223852,844
random_n1000_rho0.6_strongly-corr-neg_seed0.pcf,hfma,0,1060418,619
random_n1000_rho0.6_strongly-corr-neg_seed0.pcf,rac,0,3702326,619
random_n1000_rho0.6_strongly-corr-neg_seed1.pcf,hfma,0,742160,617
random_n1000_rho0.6_strongly-corr-neg_seed1.pcf,rac,0,2316218,617
random_n1000_rho0.6_strongly-corr-neg_seed2.pcf,hfma,0,696295,619
random_n1000_rho0.6_strongly-corr-neg_seed2.pcf,rac,0,2473625,619
random_n1000_rho0.6_strongly-corr-neg_seed3.pcf,hfma,0,1069416,612
random_n1000_rho0.6_strongly-corr-neg_seed3.pcf,rac,0,4350045,612
random_n1000_rho0.6_strongly-corr-neg_seed4.pcf,hfma,0,2417734,621
random_n1000_rho0.6_strongly-corr-neg_seed4.pcf,rac,0,6888335,621
random_n1000_rho0.6_strongly-corr-neg_seed5.pcf,hfma,0,2220937,611
random_n1000_rho0.6_strongly-corr-neg_seed5.pcf,rac,0,5283923,611
random_n1000_rho0.6_strongly-corr-neg_seed6.pcf,hfma,0,1673744,592
random_n1000_rho0.6_strongly-corr-neg_seed6.pcf,rac,0,5935502,592
random_n1000_rho0.6_strongly-corr-neg_seed7.pcf,hfma,0,1779314,634
random_n1000_rho0.6_strongly-corr-neg_seed7.pcf,rac,0,5769779,634
random_n1000_rho0.6_strongly-corr-neg_seed8.pcf,hfma,0,2535571,620
random_n1000_rho0.6_strongly-corr-neg_seed8.pcf,rac,0,5472329,620
random_n1000_rho0.6_strongly-corr-neg_seed9.pcf,hfma,0,3345647,608
random_n1000_rho0.6_strongly-corr-neg_seed9.pcf,rac,0,9026781,608
random_n1000_rho0.6_strongly-corr_seed0.pcf,hfma,0,3183871,561
random_n1000_rho0.6_strongly-corr_seed0.pcf,rac,0,8226556,561
random_n1000_rho0.6_strongly-corr_seed1.pcf,hfma,0,3186989,544
random_n1000_rho0.6_strongly-corr_seed1.pcf,rac,0,7223509,544
random_n1000_rho0.6_strongly-corr_seed2.pcf,hfma,0,1862813,556
random_n1000_rho0.6_strongly-corr_seed2.pcf,rac,0,3274312,556
random_n1000_rho0.6_strongly-corr_seed3.pcf,hfma,0,1243276,540
random_n1000_rho0.6_strongly-corr_seed3.pcf,rac,0,3727009,540
random_n1000_rho0.6_strongly-corr_seed4.pcf,hfma,0,1086460,568
random_n1000_rho0.6_strongly-corr_seed4.pcf,rac,0,3613593,568
random_n1000_rho0.6_strongly-corr_seed5.pcf,hfma,0,1112323,561
random_n1000_rho0.6_strongly-corr_seed5.pcf,rac,0,2439110,561
random_n1000_rho0.6_strongly-corr_seed6.pcf,hfma,0,1059374,555
random_n1000_rho0.6_strongly-corr_seed6.pcf,rac,0,3606148,555
random_n1000_rho0.6_strongly-corr_seed7.pcf,hfma,0,799755,558
random_n1000_rho0.6_strongly-corr_seed7.pcf,rac,0,2474372,558
random_n1000_rho0.6_strongly-corr_seed8.pcf,hfma,0,1133468,563
random_n1000_rho0.6_strongly-corr_seed8.pcf,rac,0,2428111,563
random_n1000_rho0.6_strongly-corr_seed9.pcf,hfma,0,752332,543
random_n1000_rho0.6_strongly-corr_seed9.pcf,rac,0,2439123,543
random_n1000_rho0.6_uncorr-neg_seed0.pcf,hfma,0,1194420,711
random_n1000_rho0.6_uncorr-neg_seed0.pcf,rac,0,3909363,711
random_n1000_rho0.6_uncorr-neg_seed1.pcf,hfma,0,844736,699
random_n1000_rho0.6_uncorr-neg_seed1.pcf,rac,0,2462601,699
random_n1000_rho0.6_uncorr-neg_seed2.pcf,hfma,0,1004028,712
random_n1000_rho0.6_uncorr-neg_seed2.pcf,rac,0,2278719,712
random_n1000_rho0.6_uncorr-neg_seed3.pcf,hfma,0,1166326,689
random_n1000_rho0.6_uncorr-neg_seed3.pcf,rac,0,3000781,689
random_n1000_rho0.6_uncorr-neg_seed4.pcf,hfma,0,1071430,691
random_n1000_rho0.6_uncorr-neg_seed4.pcf,rac,0,3269480,691
random_n1000_rho0.6_uncorr-neg_seed5.pcf,hfma,0,818374,713
random_n1000_rho0.6_uncorr-neg_seed5.pcf,rac,0,2295209,713
random_n1000_rho0.6_uncorr-neg_seed6.pcf,hfma,0,862405,673
random_n1000_rho0.6_uncorr-neg_seed6.pcf,rac,0,2511493,673
random_n1000_rho0.6_uncorr-neg_seed7.pcf,hfma,0,1437043,692
random_n1000_rho0.6_uncorr-neg_seed7.pcf,rac,0,3090718,692
random_n1000_rho0.6_uncorr-neg_seed8.pcf,hfma,0,1208359,693
random_n1000_rho0.6_uncorr-neg_seed8.pcf,rac,0,2678361,693
random_n1000_rho0.6_uncorr-neg_seed9.pcf,hfma,0,1115663,720
random_n1000_rho0.6_uncorr-neg_seed9.pcf,rac,0,3349074,720
random_n1000_rho0.6_uncorr_seed0.pcf,hfma,0,1019720,711
random_n1000_rho0.6_uncorr_seed0.pcf,rac,0,3737258,711
random_n1000_rho0.6_uncorr_seed1.pcf,hfma,0,1031015,707
random_n1000_rho0.6_uncorr_seed1.pcf,rac,0,2475448,707
random_n1000_rho0.6_uncorr_seed2.pcf,hfma,0,931986,702
random_n1000_rho0.6_uncorr_seed2.pcf,rac,0,2380352,702
random_n1000_rho0.6_uncorr_seed3.pcf,hfma,0,1286765,691
random_n1000_rho0.6_uncorr_seed3.pcf,rac,0,3834782,691
random_n1000_rho0.6_uncorr_seed4.pcf,hfma,0,1051049,724
random_n1000_rho0.6_uncorr_seed4.pcf,rac,0,3066137,724
random_n1000_rho0.6_uncorr_seed5.pcf,hfma,0,1210607,699
random_n1000_rho0.6_uncorr_seed5.pcf,rac,0,3277058,699
random_n1000_rho0.6_uncorr_seed6.pcf,hfma,0,1227252,693
random_n1000_rho0.6_uncorr_seed6.pcf,rac,0,4014628,693
random_n1000_rho0.6_uncorr_seed7.pcf,hfma,0,814206,705
random_n1000_rho0.6_uncorr_seed7.pcf,rac,0,3184471,705
random_n1000_rho0.6_uncorr_seed8.pcf,hfma,0,1427980,699
random_n1000_rho0.6_uncorr_seed8.pcf,rac,0,5836447,699
random_n1000_rho0.6_uncorr_seed9.pcf,hfma,0,1793461,704
random_n1000_rho0.6_uncorr_seed9.pcf,rac,0,8383136,704
random_n1000_rho0.6_weakly-corr-neg_seed0.pcf,hfma,0,4241381,698
random_n1000_rho0.6_weakly-corr-neg_seed0.pcf,rac,0,8885279,698
random_n1000_rho0.6_weakly-corr-neg_seed1.pcf,hfma,0,3091865,685
random_n1000_rho0.6_weakly-corr-neg_seed1.pcf,rac,0,5998654,685
random_n1000_rho0.6_weakly-corr-neg_seed2.pcf,hfma,0,2942694,731
random_n1000_rho0.6_weakly-corr-neg_seed2.pcf,rac,0,10418758,731
random_n1000_rho0.6_weakly-corr-neg_seed3.pcf,hfma,0,2384377,680
random_n1000_rho0.6_weakly-corr-neg_seed3.pcf,rac,0,4242871,680
random_n1000_rho0.6_weakly-corr-neg_seed4.pcf,hfma,0,687766,693
random_n1000_rho0.6_weakly-corr-neg_seed4.pcf,rac,0,2317721,693
random_n1000_rho0.6_weakly-corr-neg_seed5.pcf,hfma,0,1076121,710
random_n1000_rho0.6_weakly-corr-neg_seed5.pcf,rac,0,3535501,710
random_n1000_rho0.6_weakly-corr-neg_seed6.pcf,hfma,0,999489,679
random_n1000_rho0.6_weakly-corr-neg_seed6.pcf,rac,0,2448222,679
random_n1000_rho0.6_weakly-corr-neg_seed7.pcf,hfma,0,1177230,718
random_n1000_rho0.6_weakly-corr-neg_seed7.pcf,rac,0,3447976,718
random_n1000_rho0.6_weakly-corr-neg_seed8.pcf,hfma,0,1175935,719
random_n1000_rho0.6_weakly-corr-neg_seed8.pcf,rac,0,2522301,719
random_n1000_rho0.6_weakly-corr-neg_seed9.pcf,hfma,0,1079653,673
random_n1000_rho0.6_weakly-corr-neg_seed9.pcf,rac,0,2690062,673
random_n1000_rho0.6_weakly-corr_seed0.pcf,hfma,0,870838,703
random_n1000_rho0.6_weakly-corr_seed0.pcf,rac,0,2239678,703
random_n1000_rho0.6_weakly-corr_seed1.pcf,hfma,0,1065194,698
random_n1000_rho0.6_weakly-corr_seed1.pcf,rac,0,3052269,698
random_n1000_rho0.6_weakly-corr_seed2.pcf,hfma,0,710430,689
random_n1000_rho0.6_weakly-corr_seed2.pcf,rac,0,2447066,689
random_n1000_rho0.6_weakly-corr_seed3.pcf,hfma,0,1065467,698
random_n1000_rho0.6_weakly-corr_seed3.pcf,rac,0,3656598,698
random_n1000_rho0.6_weakly-corr_seed4.pcf,hfma,0,1010201,710
random_n1000_rho0.6_weakly-corr_seed4.pcf,rac,0,2358507,710
random_n1000_rho0.6_weakly-corr_seed5.pcf,hfma,0,1503381,695
random_n1000_rho0.6_weakly-corr_seed5.pcf,rac,0,6044813,695
random_n1000_rho0.6_weakly-corr_seed6.pcf,hfma,0,1423978,699
random_n1000_rho0.6_weakly-corr_seed6.pcf,rac,0,5552233,699
random_n1000_rho0.6_weakly-corr_seed7.pcf,hfma,0,2143747,710
random_n1000_rho0.6_weakly-corr_seed7.pcf,rac,0,6381605,710
random_n1000_rho0.6_weakly-corr_seed8.pcf,hfma,0,1747001,677
random_n1000_rho0.6_weakly-corr_seed8.pcf,rac,0,5786743,677
random_n1000_rho0.6_weakly-corr_seed9.pcf,hfma,0,2322427,692
random_n1000_rho0.6_weakly-corr_seed9.pcf,rac,0,7474179,692
random_n1000_rho0.9_strongly-corr-neg_seed0.pcf,hfma,0,7607283,505
random_n1000_rho0.9_strongly-corr-neg_seed0.pcf,rac,0,8558339,505
random_n1000_rho0.9_strongly-corr-neg_seed1.pcf,hfma,0,3577199,512
random_n1000_rho0.9_strongly-corr-neg_seed1.pcf,rac,0,3918891,512
random_n1000_rho0.9_strongly-corr-neg_seed2.pcf,hfma,0,3363950,515
random_n1000_rho0.9_strongly-corr-neg_seed2.pcf,rac,0,7081714,515
random_n1000_rho0.9_strongly-corr-neg_seed3.pcf,hfma,0,2755791,512
random_n1000_rho0.9_strongly-corr-neg_seed3.pcf,rac,0,4545936,512
random_n1000_rho0.9_strongly-corr-neg_seed4.pcf,hfma,0,3493201,521
random_n1000_rho0.9_strongly-corr-neg_seed4.pcf,rac,0,8283280,521
random_n1000_rho0.9_strongly-corr-neg_seed5.pcf,hfma,0,5000004,519
random_n1000_rho0.9_strongly-corr-neg_seed5.pcf,rac,0,14340529,519
random_n1000_rho0.9_strongly-corr-neg_seed6.pcf,hfma,0,6904477,512
random_n1000_rho0.9_strongly-corr-neg_seed6.pcf,rac,0,5760869,512
random_n1000_rho0.9_strongly-corr-neg_seed7.pcf,hfma,0,3761289,491
random_n1000_rho0.9_strongly-corr-neg_seed7.pcf,rac,0,5322468,491
random_n1000_rho0.9_strongly-corr-neg_seed8.pcf,hfma,0,4496794,499
random_n1000_rho0.9_strongly-corr-neg_seed8.pcf,rac,0,6384559,499
random_n1000_rho0.9_strongly-corr-neg_seed9.pcf,hfma,0,4398057,493
random_n1000_rho0.9_strongly-corr-neg_seed9.pcf,rac,0,6412825,493
random_n1000_rho0.9_strongly-corr_seed0.pcf,hfma,0,2136307,479
random_n1000_rho0.9_strongly-corr_seed0.pcf,rac,0,6526535,479
random_n1000_rho0.9_strongly-corr_seed1.pcf,hfma,0,6145445,466
random_n1000_rho0.9_strongly-corr_seed1.pcf,rac,0,13097918,466
random_n1000_rho0.9_strongly-corr_seed2.pcf,hfma,0,4517845,470
random_n1000_rho0.9_strongly-corr_seed2.pcf,rac,0,9927535,470
random_n1000_rho0.9_strongly-corr_seed3.pcf,hfma,0,5496159,461
random_n1000_rho0.9_strongly-corr_seed3.pcf,rac,0,11544684,461
random_n1000_rho0.9_strongly-corr_seed4.pcf,hfma,0,6766346,483
random_n1000_rho0.9_strongly-corr_seed4.pcf,rac,0,7562916,483
random_n1000_rho0.9_strongly-corr_seed5.pcf,hfma,0,3967879,440
random_n1000_rho0.9_strongly-corr_seed5.pcf,rac,0,4733354,440
random_n1000_rho0.9_strongly-corr_seed6.pcf,hfma,0,2649032,468
random_n1000_rho0.9_strongly-corr_seed6.pcf,rac,0,4924469,468
random_n1000_rho0.9_strongly-corr_seed7.pcf,hfma,0,7790012,457
random_n1000_rho0.9_strongly-corr_seed7.pcf,rac,0,6496433,457
random_n1000_rho0.9_strongly-corr_seed8.pcf,hfma,0,2286145,475
random_n1000_rho0.9_strongly-corr_seed8.pcf,rac,0,5911749,475
random_n1000_rho0.9_strongly-corr_seed9.pcf,hfma,0,2977094,469
random_n1000_rho0.9_strongly-corr_seed9.pcf,rac,0,5223249,469
random_n1000_rho0.9_uncorr-neg_seed0.pcf,hfma,0,3656444,545
random_n1000_rho0.9_uncorr-neg_seed0.pcf,rac,0,4911161,545
random_n1000_rho0.9_uncorr-neg_seed1.pcf,hfma,0,5352214,518
random_n1000_rho0.9_uncorr-neg_seed1.pcf,rac,0,7448163,518
random_n1000_rho0.9_uncorr-neg_seed2.pcf,hfma,0,5117464,549
random_n1000_rho0.9_uncorr-neg_seed2.pcf,rac,0,6223233,549
random_n1000_rho0.9_uncorr-neg_seed3.pcf,hfma,0,1801314,576
random_n1000_rho0.9_uncorr-neg_seed3.pcf,rac,0,4178963,576
random_n1000_rho0.9_uncorr-neg_seed4.pcf,hfma,0,2656574,549
random_n1000_rho0.9_uncorr-neg_seed4.pcf,rac,0,6309913,549
random_n1000_rho0.9_uncorr-neg_seed5.pcf,hfma,0,2697376,549
random_n1000_rho0.9_uncorr-neg_seed5.pcf,rac,0,5217580,549
random_n1000_rho0.9_uncorr-neg_seed6.pcf,hfma,0,2950239,565
random_n1000_rho0.9_uncorr-neg_seed6.pcf,rac,0,5798460,565
random_n1000_rho0.9_uncorr-neg_seed7.pcf,hfma,0,3416690,534
random_n1000_rho0.9_uncorr-neg_seed7.pcf,rac,0,6450675,534
random_n1000_rho0.9_uncorr-neg_seed8.pcf,hfma,0,4114465,530
random_n1000_rho0.9_uncorr-neg_seed8.pcf,rac,0,6227317,530
random_n1000_rho0.9_uncorr-neg_seed9.pcf,hfma,0,1809518,548
random_n1000_rho0.9_uncorr-neg_seed9.pcf,rac,0,4916146,548
random_n1000_rho0.9_uncorr_seed0.pcf,hfma,0,2176954,524
random_n1000_rho0.9_uncorr_seed0.pcf,rac,0,6184427,524
random_n1000_rho0.9_uncorr_seed1.pcf,hfma,0,2511962,535
random_n1000_rho0.9_uncorr_seed1.pcf,rac,0,5572190,535
random_n1000_rho0.9_uncorr_seed2.pcf,hfma,0,3200060,564
random_n1000_rho0.9_uncorr_seed2.pcf,rac,0,5013057,564
random_n1000_rho0.9_uncorr_seed3.pcf,hfma,0,2388235,545
random_n1000_rho0.9_uncorr_seed3.pcf,rac,0,4102763,545
random_n1000_rho0.9_uncorr_seed4.pcf,hfma,0,3051487,541
random_n1000_rho0.9_uncorr_seed4.pcf,rac,0,4130222,541
random_n1000_rho0.9_uncorr_seed5.pcf,hfma,0,3362201,543
random_n1000_rho0.9_uncorr_seed5.pcf,rac,0,4644115,543
random_n1000_rho0.9_uncorr_seed6.pcf,hfma,0,3532949,571
random_n1000_rho0.9_uncorr_seed6.pcf,rac,0,6286053,571
random_n1000_rho0.9_uncorr_seed7.pcf,hfma,0,6811800,572
random_n1000_rho0.9_uncorr_seed7.pcf,rac,0,9813320,572
random_n1000_rho0.9_uncorr_seed8.pcf,hfma,0,3893795,551
random_n1000_rho0.9_uncorr_seed8.pcf,rac,0,5957701,551
random_n1000_rho0.9_uncorr_seed9.pcf,hfma,0,3637110,542
random_n1000_rho0.9_uncorr_seed9.pcf,rac,0,8404194,542
random_n1000_rho0.9_weakly-corr-neg_seed0.pcf,hfma,0,2349001,534
random_n1000_rho0.9_weakly-corr-neg_seed0.pcf,rac,0,4728180,534
random_n1000_rho0.9_weakly-corr-neg_seed1.pcf,hfma,0,4211210,549
random_n1000_rho0.9_weakly-corr-neg_seed1.pcf,rac,0,9541988,549
random_n1000_rho0.9_weakly-corr-neg_seed2.pcf,hfma,0,6286896,529
random_n1000_rho0.9_weakly-corr-neg_seed2.pcf,rac,0,5082025,529
random_n1000_rho0.9_weakly-corr-neg_seed3.pcf,hfma,0,2613900,553
random_n1000_rho0.9_weakly-corr-neg_seed3.pcf,rac,0,6905676,553
random_n1000_rho0.9_weakly-corr-neg_seed4.pcf,hfma,0,5137488,531
random_n1000_rho0.9_weakly-corr-neg_seed4.pcf,rac,0,10318282,531
random_n1000_rho0.9_weakly-corr-neg_seed5.pcf,hfma,0,5977939,562
random_n1000_rho0.9_weakly-corr-neg_seed5.pcf,rac,0,3913293,562
random_n1000_rho0.9_weakly-corr-neg_seed6.pcf,hfma,0,2857514,537
random_n1000_rho0.9_weakly-corr-neg_seed6.pcf,rac,0,4240887,537
random_n1000_rho0.9_weakly-corr-neg_seed7.pcf,hfma,0,3188028,543
random_n1000_rho0.9_weakly-corr-neg_seed7.pcf,rac,0,7289858,543
random_n1000_rho0.9_weakly-corr-neg_seed8.pcf,hfma,0,6350222,527
random_n1000_rho0.9_weakly-corr-neg_seed8.pcf,rac,0,9560515,527
random_n1000_rho0.9_weakly-corr-neg_seed9.pcf,hfma,0,3912040,549
random_n1000_rho0.9_weakly-corr-neg_seed9.pcf,rac,0,7492148,549
random_n1000_rho0.9_weakly-corr_seed0.pcf,hfma,0,2738553,546
random_n1000_rho0.9_weakly-corr_seed0.pcf,rac,0,9493432,546
random_n1000_rho0.9_weakly-corr_seed1.pcf,hfma,0,2929021,576
random_n1000_rho0.9_weakly-corr_seed1.pcf,rac,0,4430958,576
random_n1000_rho0.9_weakly-corr_seed2.pcf,hfma,0,1985724,541
random_n1000_rho0.9_weakly-corr_seed2.pcf,rac,0,6477418,541
random_n1000_rho0.9_weakly-corr_seed3.pcf,hfma,0,4276445,532
random_n1000_rho0.9_weakly-corr_seed3.pcf,rac,0,4545884,532
random_n1000_rho0.9_weakly-corr_seed4.pcf,hfma,0,2403155,551
random_n1000_rho0.9_weakly-corr_seed4.pcf,rac,0,5981873,551
random_n1000_rho0.9_weakly-corr_seed5.pcf,hfma,0,6798448,557
random_n1000_rho0.9_weakly-corr_seed5.pcf,rac,0,7700314,557
random_n1000_rho0.9_weakly-corr_seed6.pcf,hfma,0,5760818,570
random_n1000_rho0.9_weakly-corr_seed6.pcf,rac,0,15971767,570
random_n1000_rho0.9_weakly-corr_seed7.pcf,hfma,0,3928936,561
random_n1000_rho0.9_weakly-corr_seed7.pcf,rac,0,6405638,561
random_n1000_rho0.9_weakly-corr_seed8.pcf,hfma,0,4357575,544
random_n1000_rho0.9_weakly-corr_seed8.pcf,rac,0,11287812,544
random_n1000_rho0.9_weakly-corr_seed9.pcf,hfma,0,9061511,534
random_n1000_rho0.9_weakly-corr_seed9.pcf,rac,0,17599670,534
random_n1000_rho1.0_strongly-corr-neg_seed0.pcf,hfma,0,6717268,474
random_n1000_rho1.0_strongly-corr-neg_seed0.pcf,rac,0,4777798,474
random_n1000_rho1.0_strongly-corr-neg_seed1.pcf,hfma,0,5541333,445
random_n1000_rho1.0_strongly-corr-neg_seed1.pcf,rac,0,6357917,445
random_n1000_rho1.0_strongly-corr-neg_seed2.pcf,hfma,0,6382485,481
random_n1000_rho1.0_strongly-corr-neg_seed2.pcf,rac,0,12210297,481
random_n1000_rho1.0_strongly-corr-neg_seed3.pcf,hfma,0,10692852,446
random_n1000_rho1.0_strongly-corr-neg_seed3.pcf,rac,0,17069394,446
random_n1000_rho1.0_strongly-corr-neg_seed4.pcf,hfma,0,11634081,467
random_n1000_rho1.0_strongly-corr-neg_seed4.pcf,rac,0,7216220,467
random_n1000_rho1.0_strongly-corr-neg_seed5.pcf,hfma,0,5706724,453
random_n1000_rho1.0_strongly-corr-neg_seed5.pcf,rac,0,5491176,453
random_n1000_rho1.0_strongly-corr-neg_seed6.pcf,hfma,0,6024225,477
random_n1000_rho1.0_strongly-corr-neg_seed6.pcf,rac,0,11337683,477
random_n1000_rho1.0_strongly-corr-neg_seed7.pcf,hfma,0,6083959,455
random_n1000_rho1.0_strongly-corr-neg_seed7.pcf,rac,0,4833265,455
random_n1000_rho1.0_strongly-corr-neg_seed8.pcf,hfma,0,6206342,473
random_n1000_rho1.0_strongly-corr-neg_seed8.pcf,rac,0,5610532,473
random_n1000_rho1.0_strongly-corr-neg_seed9.pcf,hfma,0,4855652,462
random_n1000_rho1.0_strongly-corr-neg_seed9.pcf,rac,0,9977472,462
random_n1000_rho1.0_strongly-corr_seed0.pcf,hfma,0,13011998,436
random_n1000_rho1.0_strongly-corr_seed0.pcf,rac,0,13864338,436
random_n1000_rho1.0_strongly-corr_seed1.pcf,hfma,0,8607568,418
random_n1000_rho1.0_strongly-corr_seed1.pcf,rac,0,12077757,418
random_n1000_rho1.0_strongly-corr_seed2.pcf,hfma,0,6134102,443
random_n1000_rho1.0_strongly-corr_seed2.pcf,rac,0,7125483,443
random_n1000_rho1.0_strongly-corr_seed3.pcf,hfma,0,4219368,412
random_n1000_rho1.0_strongly-corr_seed3.pcf,rac,0,4844579,412
random_n1000_rho1.0_strongly-corr_seed4.pcf,hfma,0,3200113,426
random_n1000_rho1.0_strongly-corr_seed4.pcf,rac,0,5071790,426
random_n1000_rho1.0_strongly-corr_seed5.pcf,hfma,0,2766937,418
random_n1000_rho1.0_strongly-corr_seed5.pcf,rac,0,5168077,418
random_n1000_rho1.0_strongly-corr_seed6.pcf,hfma,0,2434337,423
random_n1000_rho1.0_strongly-corr_seed6.pcf,rac,0,5009763,423
random_n1000_rho1.0_strongly-corr_seed7.pcf,hfma,0,2342455,423
random_n1000_rho1.0_strongly-corr_seed7.pcf,rac,0,5224869,423
random_n1000_rho1.0_strongly-corr_seed8.pcf,hfma,0,5233011,439
random_n1000_rho1.0_strongly-corr_seed8.pcf,rac,0,7529322,439
random_n1000_rho1.0_strongly-corr_seed9.pcf,hfma,0,5909679,445
random_n1000_rho1.0_strongly-corr_seed9.pcf,rac,0,15270968,445
random_n1000_rho1.0_uncorr-neg_seed0.pcf,hfma,0,10821713,512
random_n1000_rho1.0_uncorr-neg_seed0.pcf,rac,0,10374461,512
random_n1000_rho1.0_uncorr-neg_seed1.pcf,hfma,0,5113554,496
random_n1000_rho1.0_uncorr-neg_seed1.pcf,rac,0,15330808,496
random_n1000_rho1.0_uncorr-neg_seed2.pcf,hfma,0,10350574,518
random_n1000_rho1.0_uncorr-neg_seed2.pcf,rac,0,12942004,518
random_n1000_rho1.0_uncorr-neg_seed3.pcf,hfma,0,4738989,501
random_n1000_rho1.0_uncorr-neg_seed3.pcf,rac,0,4830022,501
random_n1000_rho1.0_uncorr-neg_seed4.pcf,hfma,0,4738877,489
random_n1000_rho1.0_uncorr-neg_seed4.pcf,rac,0,7624616,489
random_n1000_rho1.0_uncorr-neg_seed5.pcf,hfma,0,3286207,514
random_n1000_rho1.0_uncorr-neg_seed5.pcf,rac,0,6728163,514
random_n1000_rho1.0_uncorr-neg_seed6.pcf,hfma,0,3238873,474
random_n1000_rho1.0_uncorr-neg_seed6.pcf,rac,0,6098365,474
random_n1000_rho1.0_uncorr-neg_seed7.pcf,hfma,0,4613846,474
random_n1000_rho1.0_uncorr-neg_seed7.pcf,rac,0,5548632,474
random_n1000_rho1.0_uncorr-neg_seed8.pcf,hfma,0,3084257,515
random_n1000_rho1.0_uncorr-neg_seed8.pcf,rac,0,6931857,515
random_n1000_rho1.0_uncorr-neg_seed9.pcf,hfma,0,3022757,494
random_n1000_rho1.0_uncorr-neg_seed9.pcf,rac,0,9566552,494
random_n1000_rho1.0_uncorr_seed0.pcf,hfma,0,6934926,489
random_n1000_rho1.0_uncorr_seed0.pcf,rac,0,15958863,489
random_n1000_rho1.0_uncorr_seed1.pcf,hfma,0,9207139,521
random_n1000_rho1.0_uncorr_seed1.pcf,rac,0,10505064,521
random_n1000_rho1.0_uncorr_seed2.pcf,hfma,0,6041204,502
random_n1000_rho1.0_uncorr_seed2.pcf,rac,0,7277471,502
random_n1000_rho1.0_uncorr_seed3.pcf,hfma,0,3649798,499
random_n1000_rho1.0_uncorr_seed3.pcf,rac,0,6191421,499
random_n1000_rho1.0_uncorr_seed4.pcf,hfma,0,3182730,518
random_n1000_rho1.0_uncorr_seed4.pcf,rac,0,9334068,518
random_n1000_rho1.0_uncorr_seed5.pcf,hfma,0,6515628,485
random_n1000_rho1.0_uncorr_seed5.pcf,rac,0,9142083,485
random_n1000_rho1.0_uncorr_seed6.pcf,hfma,0,3927364,507
random_n1000_rho1.0_uncorr_seed6.pcf,rac,0,8640645,507
random_n1000_rho1.0_uncorr_seed7.pcf,hfma,0,5937838,499
random_n1000_rho1.0_uncorr_seed7.pcf,rac,0,8117841,499
random_n1000_rho1.0_uncorr_seed8.pcf,hfma,0,11721314,528
random_n1000_rho1.0_uncorr_seed8.pcf,rac,0,10635341,528
random_n1000_rho1.0_uncorr_seed9.pcf,hfma,0,8978951,555
random_n1000_rho1.0_uncorr_seed9.pcf,rac,0,9035860,555
random_n1000_rho1.0_weakly-corr-neg_seed0.pcf,hfma,0,13183117,479
random_n1000_rho1.0_weakly-corr-neg_seed0.pcf,rac,0,8710969,479
random_n1000_rho1.0_weakly-corr-neg_seed1.pcf,hfma,0,2561716,511
random_n1000_rho1.0_weakly-corr-neg_seed1.pcf,rac,0,4933806,511
random_n1000_rho1.0_weakly-corr-neg_seed2.pcf,hfma,0,4381140,499
random_n1000_rho1.0_weakly-corr-neg_seed2.pcf,rac,0,7449315,499
random_n1000_rho1.0_weakly-corr-neg_seed3.pcf,hfma,0,6726550,503
random_n1000_rho1.0_weakly-corr-neg_seed3.pcf,rac,0,12521216,503
random_n1000_rho1.0_weakly-corr-neg_seed4.pcf,hfma,0,5355061,510
random_n1000_rho1.0_weakly-corr-neg_seed4.pcf,rac,0,5061073,510
random_n1000_rho1.0_weakly-corr-neg_seed5.pcf,hfma,0,5647576,508
random_n1000_rho1.0_weakly-corr-neg_seed5.pcf,rac,0,9291750,508
random_n1000_rho1.0_weakly-corr-neg_seed6.pcf,hfma,0,7644945,463
random_n1000_rho1.0_weakly-corr-neg_seed6.pcf,rac,0,11541809,463
random_n1000_rho1.0_weakly-corr-neg_seed7.pcf,hfma,0,11221763,485
random_n1000_rho1.0_weakly-corr-neg_seed7.pcf,rac,0,8904080,485
random_n1000_rho1.0_weakly-corr-neg_seed8.pcf,hfma,0,4873771,495
random_n1000_rho1.0_weakly-corr-neg_seed8.pcf,rac,0,7909374,495
random_n1000_rho1.0_weakly-corr-neg_seed9.pcf,hfma,0,5781440,479
random_n1000_rho1.0_weakly-corr-neg_seed9.pcf,rac,0,9625420,479
random_n1000_rho1.0_weakly-corr_seed0.pcf,hfma,0,7797061,482
random_n1000_rho1.0_weakly-corr_seed0.pcf,rac,0,15027647,482
random_n1000_rho1.0_weakly-corr_seed1.pcf,hfma,0,7354332,495
random_n1000_rho1.0_weakly-corr_seed1.pcf,rac,0,7811330,495
random_n1000_rho1.0_weakly-corr_seed2.pcf,hfma,0,4431446,474
random_n1000_rho1.0_weakly-corr_seed2.pcf,rac,0,8938509,474
random_n1000_rho1.0_weakly-corr_seed3.pcf,hfma,0,5963215,529
random_n1000_rho1.0_weakly-corr_seed3.pcf,rac,0,10930456,529
random_n1000_rho1.0_weakly-corr_seed4.pcf,hfma,0,6140342,506
random_n1000_rho1.0_weakly-corr_seed4.pcf,rac,0,5257338,506
random_n1000_rho1.0_weakly-corr_seed5.pcf,hfma,0,6459944,516
random_n1000_rho1.0_weakly-corr_seed5.pcf,rac,0,14226533,516
random_n1000_rho1.0_weakly-corr_seed6.pcf,hfma,0,6307577,490
random_n1000_rho1.0_weakly-corr_seed6.pcf,rac,0,5515484,490
random_n1000_rho1.0_weakly-corr_seed7.pcf,hfma,0,3085195,507
random_n1000_rho1.0_weakly-corr_seed7.pcf,rac,0,8732260,507
random_n1000_rho1.0_weakly-corr_seed8.pcf,hfma,0,10098404,504
random_n1000_rho1.0_weakly-corr_seed8.pcf,rac,0,16967841,504
random_n1000_rho1.0_weakly-corr_seed9.pcf,hfma,0,3576996,491
random_n1000_rho1.0_weakly-corr_seed9.pcf,rac,0,5368563,491
random_n100_rho0.3_strongly-corr-neg_seed0.pcf,hfma,0,56705,83
random_n100_rho0.3_strongly-corr-neg_seed0.pcf,rac,0,176579,83
random_n100_rho0.3_strongly-corr-neg_seed1.pcf,hfma,0,56230,84
random_n100_rho0.3_strongly-corr-neg_seed1.pcf,rac,0,157221,84
random_n100_rho0.3_strongly-corr-neg_seed2.pcf,hfma,0,65677,79
random_n100_rho0.3_strongly-corr-neg_seed2.pcf,rac,0,234401,79
random_n100_rho0.3_strongly-corr-neg_seed3.pcf,hfma,0,52794,85
random_n100_rho0.3_strongly-corr-neg_seed3.pcf,rac,0,145748,85
random_n100_rho0.3_strongly-corr-neg_seed4.pcf,hfma,0,58265,85
random_n100_rho0.3_strongly-corr-neg_seed4.pcf,rac,0,171555,85
random_n100_rho0.3_strongly-corr-neg_seed5.pcf,hfma,0,68207,89
random_n100_rho0.3_strongly-corr-neg_seed5.pcf,rac,0,197631,89
random_n100_rho0.3_strongly-corr-neg_seed6.pcf,hfma,0,91780,79
random_n100_rho0.3_strongly-corr-neg_seed6.pcf,rac,0,303644,79
random_n100_rho0.3_strongly-corr-neg_seed7.pcf,hfma,0,82766,85
random_n100_rho0.3_strongly-corr-neg_seed7.pcf,rac,0,256674,85
random_n100_rho0.3_strongly-corr-neg_seed8.pcf,hfma,0,113411,80
random_n100_rho0.3_strongly-corr-neg_seed8.pcf,rac,0,387661,80
random_n100_rho0.3_strongly-corr-neg_seed9.pcf,hfma,0,104004,85
random_n100_rho0.3_strongly-corr-neg_seed9.pcf,rac,0,285533,85
random_n100_rho0.3_strongly-corr_seed0.pcf,hfma,0,186448,87
random_n100_rho0.3_strongly-corr_seed0.pcf,rac,0,654461,87
random_n100_rho0.3_strongly-corr_seed1.pcf,hfma,0,62353,80
random_n100_rho0.3_strongly-corr_seed1.pcf,rac,0,191412,80
random_n100_rho0.3_strongly-corr_seed2.pcf,hfma,0,41748,79
random_n100_rho0.3_strongly-corr_seed2.pcf,rac,0,132782,79
random_n100_rho0.3_strongly-corr_seed3.pcf,hfma,0,50726,80
random_n100_rho0.3_strongly-corr_seed3.pcf,rac,0,164302,80
random_n100_rho0.3_strongly-corr_seed4.pcf,hfma,0,61050,81
random_n100_rho0.3_strongly-corr_seed4.pcf,rac,0,164800,81
random_n100_rho0.3_strongly-corr_seed5.pcf,hfma,0,61590,84
random_n100_rho0.3_strongly-corr_seed5.pcf,rac,0,196833,84
random_n100_rho0.3_strongly-corr_seed6.pcf,hfma,0,82117,85
random_n100_rho0.3_strongly-corr_seed6.pcf,rac,0,187841,85
random_n100_rho0.3_strongly-corr_seed7.pcf,hfma,0,108179,86
random_n100_rho0.3_strongly-corr_seed7.pcf,rac,0,297943,86
random_n100_rho0.3_strongly-corr_seed8.pcf,hfma,0,133949,78
random_n100_rho0.3_strongly-corr_seed8.pcf,rac,0,471124,78
random_n100_rho0.3_strongly-corr_seed9.pcf,hfma,0,177531,87
random_n100_rho0.3_strongly-corr_seed9.pcf,rac,0,574771,87
random_n100_rho0.3_uncorr-neg_seed0.pcf,hfma,0,153421,90
random_n100_rho0.3_uncorr-neg_seed0.pcf,rac,0,428546,90
random_n100_rho0.3_uncorr-neg_seed1.pcf,hfma,0,166267,82
random_n100_rho0.3_uncorr-neg_seed1.pcf,rac,0,526243,82
random_n100_rho0.3_uncorr-neg_seed2.pcf,hfma,0,181636,78
random_n100_rho0.3_uncorr-neg_seed2.pcf,rac,0,669142,78
random_n100_rho0.3_uncorr-neg_seed3.pcf,hfma,0,186429,84
random_n100_rho0.3_uncorr-neg_seed3.pcf,rac,0,587325,84
random_n100_rho0.3_uncorr-neg_seed4.pcf,hfma,0,208344,87
random_n100_rho0.3_uncorr-neg_seed4.pcf,rac,0,635990,87
random_n100_rho0.3_uncorr-neg_seed5.pcf,hfma,0,199153,85
random_n100_rho0.3_uncorr-neg_seed5.pcf,rac,0,600091,85
random_n100_rho0.3_uncorr-neg_seed6.pcf,hfma,0,205176,82
random_n100_rho0.3_uncorr-neg_seed6.pcf,rac,0,722805,82
random_n100_rho0.3_uncorr-neg_seed7.pcf,hfma,0,166027,85
random_n100_rho0.3_uncorr-neg_seed7.pcf,rac,0,547194,85
random_n100_rho0.3_uncorr-neg_seed8.pcf,hfma,0,193984,87
random_n100_rho0.3_uncorr-neg_seed8.pcf,rac,0,576890,87
random_n100_rho0.3_uncorr-neg_seed9.pcf,hfma,0,174574,90
random_n100_rho0.3_uncorr-neg_seed9.pcf,rac,0,492084,90
random_n100_rho0.3_uncorr_seed0.pcf,hfma,0,272357,86
random_n100_rho0.3_uncorr_seed0.pcf,rac,0,618882,86
random_n100_rho0.3_uncorr_seed1.pcf,hfma,0,232991,81
random_n100_rho0.3_uncorr_seed1.pcf,rac,0,707479,81
random_n100_rho0.3_uncorr_seed2.pcf,hfma,0,161514,86
random_n100_rho0.3_uncorr_seed2.pcf,rac,0,429357,86
random_n100_rho0.3_uncorr_seed3.pcf,hfma,0,216064,83
random_n100_rho0.3_uncorr_seed3.pcf,rac,0,598755,83
random_n100_rho0.3_uncorr_seed4.pcf,hfma,0,132993,85
random_n100_rho0.3_uncorr_seed4.pcf,rac,0,439935,85
random_n100_rho0.3_uncorr_seed5.pcf,hfma,0,116777,84
random_n100_rho0.3_uncorr_seed5.pcf,rac,0,360590,84
random_n100_rho0.3_uncorr_seed6.pcf,hfma,0,61746,80
random_n100_rho0.3_uncorr_seed6.pcf,rac,0,184197,80
random_n100_rho0.3_uncorr_seed7.pcf,hfma,0,56977,82
random_n100_rho0.3_uncorr_seed7.pcf,rac,0,168775,82
random_n100_rho0.3_uncorr_seed8.pcf,hfma,0,70693,84
random_n100_rho0.3_uncorr_seed8.pcf,rac,0,232833,84
random_n100_rho0.3_uncorr_seed9.pcf,hfma,0,58335,87
random_n100_rho0.3_uncorr_seed9.pcf,rac,0,184118,87
random_n100_rho0.3_weakly-corr-neg_seed0.pcf,hfma,0,65488,91
random_n100_rho0.3_weakly-corr-neg_seed0.pcf,rac,0,191082,91
random_n100_rho0.3_weakly-corr-neg_seed1.pcf,hfma,0,83983,80
random_n100_rho0.3_weakly-corr-neg_seed1.pcf,rac,0,271196,80
random_n100_rho0.3_weakly-corr-neg_seed2.pcf,hfma,0,105776,85
random_n100_rho0.3_weakly-corr-neg_seed2.pcf,rac,0,379040,85
random_n100_rho0.3_weakly-corr-neg_seed3.pcf,hfma,0,134432,84
random_n100_rho0.3_weakly-corr-neg_seed3.pcf,rac,0,440527,84
random_n100_rho0.3_weakly-corr-neg_seed4.pcf,hfma,0,127538,83
random_n100_rho0.3_weakly-corr-neg_seed4.pcf,rac,0,369403,83
random_n100_rho0.3_weakly-corr-neg_seed5.pcf,hfma,0,99212,84
random_n100_rho0.3_weakly-corr-neg_seed5.pcf,rac,0,282772,84
random_n100_rho0.3_weakly-corr-neg_seed6.pcf,hfma,0,97818,83
random_n100_rho0.3_weakly-corr-neg_seed6.pcf,rac,0,311494,83
random_n100_rho0.3_weakly-corr-neg_seed7.pcf,hfma,0,123478,94
random_n100_rho0.3_weakly-corr-neg_seed7.pcf,rac,0,334149,94
random_n100_rho0.3_weakly-corr-neg_seed8.pcf,hfma,0,132210,85
random_n100_rho0.3_weakly-corr-neg_seed8.pcf,rac,0,490567,85
random_n100_rho0.3_weakly-corr-neg_seed9.pcf,hfma,0,168355,89
random_n100_rho0.3_weakly-corr-neg_seed9.pcf,rac,0,523895,89
random_n100_rho0.3_weakly-corr_seed0.pcf,hfma,0,203671,84
random_n100_rho0.3_weakly-corr_seed0.pcf,rac,0,620945,84
random_n100_rho0.3_weakly-corr_seed1.pcf,hfma,0,162274,86
random_n100_rho0.3_weakly-corr_seed1.pcf,rac,0,416578,86
random_n100_rho0.3_weakly-corr_seed2.pcf,hfma,0,173609,85
random_n100_rho0.3_weakly-corr_seed2.pcf,rac,0,490124,85
random_n100_rho0.3_weakly-corr_seed3.pcf,hfma,0,202253,83
random_n100_rho0.3_weakly-corr_seed3.pcf,rac,0,580954,83
random_n100_rho0.3_weakly-corr_seed4.pcf,hfma,0,189649,86
random_n100_rho0.3_weakly-corr_seed4.pcf,rac,0,563775,86
random_n100_rho0.3_weakly-corr_seed5.pcf,hfma,0,231726,88
random_n100_rho0.3_weakly-corr_seed5.pcf,rac,0,671453,88
random_n100_rho0.3_weakly-corr_seed6.pcf,hfma,0,171168,86
random_n100_rho0.3_weakly-corr_seed6.pcf,rac,0,506823,86
random_n100_rho0.3_weakly-corr_seed7.pcf,hfma,0,200274,82
random_n100_rho0.3_weakly-corr_seed7.pcf,rac,0,571443,82
random_n100_rho0.3_weakly-corr_seed8.pcf,hfma,0,204581,84
random_n100_rho0.3_weakly-corr_seed8.pcf,rac,0,554842,84
random_n100_rho0.3_weakly-corr_seed9.pcf,hfma,0,200999,84
random_n100_rho0.3_weakly-corr_seed9.pcf,rac,0,561125,84
random_n100_rho0.6_strongly-corr-neg_seed0.pcf,hfma,0,369404,63
random_n100_rho0.6_strongly-corr-neg_seed0.pcf,rac,0,1397713,63
random_n100_rho0.6_strongly-corr-neg_seed1.pcf,hfma,0,328788,78
random_n100_rho0.6_strongly-corr-neg_seed1.pcf,rac,0,1101251,78
random_n100_rho0.6_strongly-corr-neg_seed2.pcf,hfma,0,276807,72
random_n100_rho0.6_strongly-corr-neg_seed2.pcf,rac,0,1024576,72
random_n100_rho0.6_strongly-corr-neg_seed3.pcf,hfma,0,313332,67
random_n100_rho0.6_strongly-corr-neg_seed3.pcf,rac,0,1370573,67
random_n100_rho0.6_strongly-corr-neg_seed4.pcf,hfma,0,305501,70
random_n100_rho0.6_strongly-corr-neg_seed4.pcf,rac,0,1139925,70
random_n100_rho0.6_strongly-corr-neg_seed5.pcf,hfma,0,300698,72
random_n100_rho0.6_strongly-corr-neg_seed5.pcf,rac,0,959623,72
random_n100_rho0.6_strongly-corr-neg_seed6.pcf,hfma,0,327619,74
random_n100_rho0.6_strongly-corr-neg_seed6.pcf,rac,0,1168585,74
random_n100_rho0.6_strongly-corr-neg_seed7.pcf,hfma,0,299061,73
random_n100_rho0.6_strongly-corr-neg_seed7.pcf,rac,0,999791,73
random_n100_rho0.6_strongly-corr-neg_seed8.pcf,hfma,0,222533,73
random_n100_rho0.6_strongly-corr-neg_seed8.pcf,rac,0,784755,73
random_n100_rho0.6_strongly-corr-neg_seed9.pcf,hfma,0,298431,62
random_n100_rho0.6_strongly-corr-neg_seed9.pcf,rac,0,1173137,62
random_n100_rho0.6_strongly-corr_seed0.pcf,hfma,0,276172,67
random_n100_rho0.6_strongly-corr_seed0.pcf,rac,0,1018182,67
random_n100_rho0.6_strongly-corr_seed1.pcf,hfma,0,335800,66
random_n100_rho0.6_strongly-corr_seed1.pcf,rac,0,1076099,66
random_n100_rho0.6_strongly-corr_seed2.pcf,hfma,0,294975,70
random_n100_rho0.6_strongly-corr_seed2.pcf,rac,0,831994,70
random_n100_rho0.6_strongly-corr_seed3.pcf,hfma,0,304360,63
random_n100_rho0.6_strongly-corr_seed3.pcf,rac,0,1102637,63
random_n100_rho0.6_strongly-corr_seed4.pcf,hfma,0,369029,69
random_n100_rho0.6_strongly-corr_seed4.pcf,rac,0,1378169,69
random_n100_rho0.6_strongly-corr_seed5.pcf,hfma,0,302901,73
random_n100_rho0.6_strongly-corr_seed5.pcf,rac,0,1206271,73
random_n100_rho0.6_strongly-corr_seed6.pcf,hfma,0,320906,74
random_n100_rho0.6_strongly-corr_seed6.pcf,rac,0,1007328,74
random_n100_rho0.6_strongly-corr_seed7.pcf,hfma,0,370534,67
random_n100_rho0.6_strongly-corr_seed7.pcf,rac,0,1432825,67
random_n100_rho0.6_strongly-corr_seed8.pcf,hfma,0,288920,75
random_n100_rho0.6_strongly-corr_seed8.pcf,rac,0,1187408,75
random_n100_rho0.6_strongly-corr_seed9.pcf,hfma,0,308618,61
random_n100_rho0.6_strongly-corr_seed9.pcf,rac,0,1084143,61
random_n100_rho0.6_uncorr-neg_seed0.pcf,hfma,0,370466,65
random_n100_rho0.6_uncorr-neg_seed0.pcf,rac,0,1361275,65
random_n100_rho0.6_uncorr-neg_seed1.pcf,hfma,0,290697,75
random_n100_rho0.6_uncorr-neg_seed1.pcf,rac,0,922434,75
random_n100_rho0.6_uncorr-neg_seed2.pcf,hfma,0,319967,79
random_n100_rho0.6_uncorr-neg_seed2.pcf,rac,0,1210883,79
random_n100_rho0.6_uncorr-neg_seed3.pcf,hfma,0,396478,73
random_n100_rho0.6_uncorr-neg_seed3.pcf,rac,0,1512786,73
random_n100_rho0.6_uncorr-neg_seed4.pcf,hfma,0,499714,68
random_n100_rho0.6_uncorr-neg_seed4.pcf,rac,0,1323306,68
random_n100_rho0.6_uncorr-neg_seed5.pcf,hfma,0,319690,68
random_n100_rho0.6_uncorr-neg_seed5.pcf,rac,0,1085009,68
random_n100_rho0.6_uncorr-neg_seed6.pcf,hfma,0,277916,71
random_n100_rho0.6_uncorr-neg_seed6.pcf,rac,0,1138541,71
random_n100_rho0.6_uncorr-neg_seed7.pcf,hfma,0,331791,66
random_n100_rho0.6_uncorr-neg_seed7.pcf,rac,0,1111641,66
random_n100_rho0.6_uncorr-neg_seed8.pcf,hfma,0,338877,75
random_n100_rho0.6_uncorr-neg_seed8.pcf,rac,0,657355,75
random_n100_rho0.6_uncorr-neg_seed9.pcf,hfma,0,201124,66
random_n100_rho0.6_uncorr-neg_seed9.pcf,rac,0,754264,66
random_n100_rho0.6_uncorr_seed0.pcf,hfma,0,200787,63
random_n100_rho0.6_uncorr_seed0.pcf,rac,0,717008,63
random_n100_rho0.6_uncorr_seed1.pcf,hfma,0,119148,69
random_n100_rho0.6_uncorr_seed1.pcf,rac,0,434151,69
random_n100_rho0.6_uncorr_seed2.pcf,hfma,0,93982,76
random_n100_rho0.6_uncorr_seed2.pcf,rac,0,352068,76
random_n100_rho0.6_uncorr_seed3.pcf,hfma,0,120937,76
random_n100_rho0.6_uncorr_seed3.pcf,rac,0,424095,76
random_n100_rho0.6_uncorr_seed4.pcf,hfma,0,166801,72
random_n100_rho0.6_uncorr_seed4.pcf,rac,0,536409,72
random_n100_rho0.6_uncorr_seed5.pcf,hfma,0,113396,76
random_n100_rho0.6_uncorr_seed5.pcf,rac,0,389705,76
random_n100_rho0.6_uncorr_seed6.pcf,hfma,0,196044,72
random_n100_rho0.6_uncorr_seed6.pcf,rac,0,516522,72
random_n100_rho0.6_uncorr_seed7.pcf,hfma,0,256098,63
random_n100_rho0.6_uncorr_seed7.pcf,rac,0,1143534,63
random_n100_rho0.6_uncorr_seed8.pcf,hfma,0,233319,66
random_n100_rho0.6_uncorr_seed8.pcf,rac,0,713653,66
random_n100_rho0.6_uncorr_seed9.pcf,hfma,0,280781,71
random_n100_rho0.6_uncorr_seed9.pcf,rac,0,852404,71
random_n100_rho0.6_weakly-corr-neg_seed0.pcf,hfma,0,332264,62
random_n100_rho0.6_weakly-corr-neg_seed0.pcf,rac,0,1015749,62
random_n100_rho0.6_weakly-corr-neg_seed1.pcf,hfma,0,245690,74
random_n100_rho0.6_weakly-corr-neg_seed1.pcf,rac,0,650076,74
random_n100_rho0.6_weakly-corr-neg_seed2.pcf,hfma,0,306609,73
random_n100_rho0.6_weakly-corr-neg_seed2.pcf,rac,0,1195197,73
random_n100_rho0.6_weakly-corr-neg_seed3.pcf,hfma,0,336900,61
random_n100_rho0.6_weakly-corr-neg_seed3.pcf,rac,0,1144902,61
random_n100_rho0.6_weakly-corr-neg_seed4.pcf,hfma,0,265540,81
random_n100_rho0.6_weakly-corr-neg_seed4.pcf,rac,0,832823,81
random_n100_rho0.6_weakly-corr-neg_seed5.pcf,hfma,0,270545,78
random_n100_rho0.6_weakly-corr-neg_seed5.pcf,rac,0,873028,78
random_n100_rho0.6_weakly-corr-neg_seed6.pcf,hfma,0,367170,70
random_n100_rho0.6_weakly-corr-neg_seed6.pcf,rac,0,1349126,70
random_n100_rho0.6_weakly-corr-neg_seed7.pcf,hfma,0,326261,67
random_n100_rho0.6_weakly-corr-neg_seed7.pcf,rac,0,1194516,67
random_n100_rho0.6_weakly-corr-neg_seed8.pcf,hfma,0,206625,72
random_n100_rho0.6_weakly-corr-neg_seed8.pcf,rac,0,780431,72
random_n100_rho0.6_weakly-corr-neg_seed9.pcf,hfma,0,236244,71
random_n100_rho0.6_weakly-corr-neg_seed9.pcf,rac,0,935879,71
random_n100_rho0.6_weakly-corr_seed0.pcf,hfma,0,407587,72
random_n100_rho0.6_weakly-corr_seed0.pcf,rac,0,1526223,72
random_n100_rho0.6_weakly-corr_seed1.pcf,hfma,0,397056,73
random_n100_rho0.6_weakly-corr_seed1.pcf,rac,0,1278538,73
random_n100_rho0.6_weakly-corr_seed2.pcf,hfma,0,233687,77
random_n100_rho0.6_weakly-corr_seed2.pcf,rac,0,926840,77
random_n100_rho0.6_weakly-corr_seed3.pcf,hfma,0,294578,74
random_n100_rho0.6_weakly-corr_seed3.pcf,rac,0,1234754,74
random_n100_rho0.6_weakly-corr_seed4.pcf,hfma,0,306958,65
random_n100_rho0.6_weakly-corr_seed4.pcf,rac,0,1099210,65
random_n100_rho0.6_weakly-corr_seed5.pcf,hfma,0,235335,74
random_n100_rho0.6_weakly-corr_seed5.pcf,rac,0,813047,74
random_n100_rho0.6_weakly-corr_seed6.pcf,hfma,0,316733,71
random_n100_rho0.6_weakly-corr_seed6.pcf,rac,0,1096146,71
random_n100_rho0.6_weakly-corr_seed7.pcf,hfma,0,565055,66
random_n100_rho0.6_weakly-corr_seed7.pcf,rac,0,1572697,66
random_n100_rho0.6_weakly-corr_seed8.pcf,hfma,0,207281,79
random_n100_rho0.6_weakly-corr_seed8.pcf,rac,0,692013,79
random_n100_rho0.6_weakly-corr_seed9.pcf,hfma,0,161494,66
random_n100_rho0.6_weakly-corr_seed9.pcf,rac,0,537348,66
random_n100_rho0.9_strongly-corr-neg_seed0.pcf,hfma,0,273353,62
random_n100_rho0.9_strongly-corr-neg_seed0.pcf,rac,0,686709,62
random_n100_rho0.9_strongly-corr-neg_seed1.pcf,hfma,0,207866,57
random_n100_rho0.9_strongly-corr-neg_seed1.pcf,rac,0,422954,57
random_n100_rho0.9_strongly-corr-neg_seed2.pcf,hfma,0,172673,58
random_n100_rho0.9_strongly-corr-neg_seed2.pcf,rac,0,658126,58
random_n100_rho0.9_strongly-corr-neg_seed3.pcf,hfma,0,210940,52
random_n100_rho0.9_strongly-corr-neg_seed3.pcf,rac,0,662283,52
random_n100_rho0.9_strongly-corr-neg_seed4.pcf,hfma,0,177581,60
random_n100_rho0.9_strongly-corr-neg_seed4.pcf,rac,0,638358,60
random_n100_rho0.9_strongly-corr-neg_seed5.pcf,hfma,0,156214,61
random_n100_rho0.9_strongly-corr-neg_seed5.pcf,rac,0,376313,61
random_n100_rho0.9_strongly-corr-neg_seed6.pcf,hfma,0,171159,57
random_n100_rho0.9_strongly-corr-neg_seed6.pcf,rac,0,602550,57
random_n100_rho0.9_strongly-corr-neg_seed7.pcf,hfma,0,301003,49
random_n100_rho0.9_strongly-corr-neg_seed7.pcf,rac,0,638227,49
random_n100_rho0.9_strongly-corr-neg_seed8.pcf,hfma,0,309549,53
random_n100_rho0.9_strongly-corr-neg_seed8.pcf,rac,0,579498,53
random_n100_rho0.9_strongly-corr-neg_seed9.pcf,hfma,0,243989,55
random_n100_rho0.9_strongly-corr-neg_seed9.pcf,rac,0,685428,55
random_n100_rho0.9_strongly-corr_seed0.pcf,hfma,0,344842,62
random_n100_rho0.9_strongly-corr_seed0.pcf,rac,0,1025201,62
random_n100_rho0.9_strongly-corr_seed1.pcf,hfma,0,725205,49
random_n100_rho0.9_strongly-corr_seed1.pcf,rac,0,1529868,49
random_n100_rho0.9_strongly-corr_seed2.pcf,hfma,0,405829,55
random_n100_rho0.9_strongly-corr_seed2.pcf,rac,0,1374583,55
random_n100_rho0.9_strongly-corr_seed3.pcf,hfma,0,571499,53
random_n100_rho0.9_strongly-corr_seed3.pcf,rac,0,1396064,53
random_n100_rho0.9_strongly-corr_seed4.pcf,hfma,0,540794,49
random_n100_rho0.9_strongly-corr_seed4.pcf,rac,0,1434838,49
random_n100_rho0.9_strongly-corr_seed5.pcf,hfma,0,557326,57
random_n100_rho0.9_strongly-corr_seed5.pcf,rac,0,1790853,57
random_n100_rho0.9_strongly-corr_seed6.pcf,hfma,0,843393,51
random_n100_rho0.9_strongly-corr_seed6.pcf,rac,0,1761588,51
random_n100_rho0.9_strongly-corr_seed7.pcf,hfma,0,561607,53
random_n100_rho0.9_strongly-corr_seed7.pcf,rac,0,1874624,53
random_n100_rho0.9_strongly-corr_seed8.pcf,hfma,0,779803,51
random_n100_rho0.9_strongly-corr_seed8.pcf,rac,0,1528741,51
random_n100_rho0.9_strongly-corr_seed9.pcf,hfma,0,995747,53
random_n100_rho0.9_strongly-corr_seed9.pcf,rac,0,2218299,53
random_n100_rho0.9_uncorr-neg_seed0.pcf,hfma,0,641620,58
random_n100_rho0.9_uncorr-neg_seed0.pcf,rac,0,1975410,58
random_n100_rho0.9_uncorr-neg_seed1.pcf,hfma,0,441575,50
random_n100_rho0.9_uncorr-neg_seed1.pcf,rac,0,1250292,50
random_n100_rho0.9_uncorr-neg_seed2.pcf,hfma,0,502435,61
random_n100_rho0.9_uncorr-neg_seed2.pcf,rac,0,1084422,61
random_n100_rho0.9_uncorr-neg_seed3.pcf,hfma,0,454488,44
random_n100_rho0.9_uncorr-neg_seed3.pcf,rac,0,1109055,44
random_n100_rho0.9_uncorr-neg_seed4.pcf,hfma,0,250770,57
random_n100_rho0.9_uncorr-neg_seed4.pcf,rac,0,921758,57
random_n100_rho0.9_uncorr-neg_seed5.pcf,hfma,0,354907,45
random_n100_rho0.9_uncorr-neg_seed5.pcf,rac,0,762299,45
random_n100_rho0.9_uncorr-neg_seed6.pcf,hfma,0,264288,56
random_n100_rho0.9_uncorr-neg_seed6.pcf,rac,0,763792,56
random_n100_rho0.9_uncorr-neg_seed7.pcf,hfma,0,360176,57
random_n100_rho0.9_uncorr-neg_seed7.pcf,rac,0,1008207,57
random_n100_rho0.9_uncorr-neg_seed8.pcf,hfma,0,411961,65
random_n100_rho0.9_uncorr-neg_seed8.pcf,rac,0,926361,65
random_n100_rho0.9_uncorr-neg_seed9.pcf,hfma,0,532208,56
random_n100_rho0.9_uncorr-neg_seed9.pcf,rac,0,1449512,56
random_n100_rho0.9_uncorr_seed0.pcf,hfma,0,430787,47
random_n100_rho0.9_uncorr_seed0.pcf,rac,0,1377116,47
random_n100_rho0.9_uncorr_seed1.pcf,hfma,0,263049,56
random_n100_rho0.9_uncorr_seed1.pcf,rac,0,721677,56
random_n100_rho0.9_uncorr_seed2.pcf,hfma,0,327121,58
random_n100_rho0.9_uncorr_seed2.pcf,rac,0,998243,58
random_n100_rho0.9_uncorr_seed3.pcf,hfma,0,267000,50
random_n100_rho0.9_uncorr_seed3.pcf,rac,0,1167772,50
random_n100_rho0.9_uncorr_seed4.pcf,hfma,0,370036,54
random_n100_rho0.9_uncorr_seed4.pcf,rac,0,999896,54
random_n100_rho0.9_uncorr_seed5.pcf,hfma,0,300300,57
random_n100_rho0.9_uncorr_seed5.pcf,rac,0,842839,57
random_n100_rho0.9_uncorr_seed6.pcf,hfma,0,269833,59
random_n100_rho0.9_uncorr_seed6.pcf,rac,0,1108382,59
random_n100_rho0.9_uncorr_seed7.pcf,hfma,0,292247,51
random_n100_rho0.9_uncorr_seed7.pcf,rac,0,501860,51
random_n100_rho0.9_uncorr_seed8.pcf,hfma,0,141977,50
random_n100_rho0.9_uncorr_seed8.pcf,rac,0,393843,50
random_n100_rho0.9_uncorr_seed9.pcf,hfma,0,146719,55
random_n100_rho0.9_uncorr_seed9.pcf,rac,0,469549,55
random_n100_rho0.9_weakly-corr-neg_seed0.pcf,hfma,0,207730,47
random_n100_rho0.9_weakly-corr-neg_seed0.pcf,rac,0,596419,47
random_n100_rho0.9_weakly-corr-neg_seed1.pcf,hfma,0,180053,55
random_n100_rho0.9_weakly-corr-neg_seed1.pcf,rac,0,646461,55
random_n100_rho0.9_weakly-corr-neg_seed2.pcf,hfma,0,135009,60
random_n100_rho0.9_weakly-corr-neg_seed2.pcf,rac,0,367337,60
random_n100_rho0.9_weakly-corr-neg_seed3.pcf,hfma,0,129149,61
random_n100_rho0.9_weakly-corr-neg_seed3.pcf,rac,0,411728,61
random_n100_rho0.9_weakly-corr-neg_seed4.pcf,hfma,0,120280,55
random_n100_rho0.9_weakly-corr-neg_seed4.pcf,rac,0,368199,55
random_n100_rho0.9_weakly-corr-neg_seed5.pcf,hfma,0,181305,58
random_n100_rho0.9_weakly-corr-neg_seed5.pcf,rac,0,383576,58
random_n100_rho0.9_weakly-corr-neg_seed6.pcf,hfma,0,108925,58
random_n100_rho0.9_weakly-corr-neg_seed6.pcf,rac,0,403472,58
random_n100_rho0.9_weakly-corr-neg_seed7.pcf,hfma,0,175541,50
random_n100_rho0.9_weakly-corr-neg_seed7.pcf,rac,0,585922,50
random_n100_rho0.9_weakly-corr-neg_seed8.pcf,hfma,0,137286,57
random_n100_rho0.9_weakly-corr-neg_seed8.pcf,rac,0,414734,57
random_n100_rho0.9_weakly-corr-neg_seed9.pcf,hfma,0,189821,59
random_n100_rho0.9_weakly-corr-neg_seed9.pcf,rac,0,671234,59
random_n100_rho0.9_weakly-corr_seed0.pcf,hfma,0,238038,56
random_n100_rho0.9_weakly-corr_seed0.pcf,rac,0,592433,56
random_n100_rho0.9_weakly-corr_seed1.pcf,hfma,0,147160,56
random_n100_rho0.9_weakly-corr_seed1.pcf,rac,0,463651,56
random_n100_rho0.9_weakly-corr_seed2.pcf,hfma,0,150577,52
random_n100_rho0.9_weakly-corr_seed2.pcf,rac,0,645960,52
random_n100_rho0.9_weakly-corr_seed3.pcf,hfma,0,278683,58
random_n100_rho0.9_weakly-corr_seed3.pcf,rac,0,724253,58
random_n100_rho0.9_weakly-corr_seed4.pcf,hfma,0,156984,65
random_n100_rho0.9_weakly-corr_seed4.pcf,rac,0,534581,65
random_n100_rho0.9_weakly-corr_seed5.pcf,hfma,0,186278,55
random_n100_rho0.9_weakly-corr_seed5.pcf,rac,0,605773,55
random_n100_rho0.9_weakly-corr_seed6.pcf,hfma,0,247805,58
random_n100_rho0.9_weakly-corr_seed6.pcf,rac,0,763384,58
random_n100_rho0.9_weakly-corr_seed7.pcf,hfma,0,475918,51
random_n100_rho0.9_weakly-corr_seed7.pcf,rac,0,1442550,51
random_n100_rho0.9_weakly-corr_seed8.pcf,hfma,0,430845,54
random_n100_rho0.9_weakly-corr_seed8.pcf,rac,0,861236,54
random_n100_rho0.9_weakly-corr_seed9.pcf,hfma,0,438022,54
random_n100_rho0.9_weakly-corr_seed9.pcf,rac,0,1066301,54
random_n100_rho1.0_strongly-corr-neg_seed0.pcf,hfma,0,582505,51
random_n100_rho1.0_strongly-corr-neg_seed0.pcf,rac,0,1337009,51
random_n100_rho1.0_strongly-corr-neg_seed1.pcf,hfma,0,470137,50
random_n100_rho1.0_strongly-corr-neg_seed1.pcf,rac,0,1187459,50
random_n100_rho1.0_strongly-corr-neg_seed2.pcf,hfma,0,880802,52
random_n100_rho1.0_strongly-corr-neg_seed2.pcf,rac,0,2323832,52
random_n100_rho1.0_strongly-corr-neg_seed3.pcf,hfma,0,1068948,51
random_n100_rho1.0_strongly-corr-neg_seed3.pcf,rac,0,1882837,51
random_n100_rho1.0_strongly-corr-neg_seed4.pcf,hfma,0,629226,53
random_n100_rho1.0_strongly-corr-neg_seed4.pcf,rac,0,1164524,53
random_n100_rho1.0_strongly-corr-neg_seed5.pcf,hfma,0,529609,52
random_n100_rho1.0_strongly-corr-neg_seed5.pcf,rac,0,1604857,52
random_n100_rho1.0_strongly-corr-neg_seed6.pcf,hfma,0,607599,49
random_n100_rho1.0_strongly-corr-neg_seed6.pcf,rac,0,1143030,49
random_n100_rho1.0_strongly-corr-neg_seed7.pcf,hfma,0,931504,39
random_n100_rho1.0_strongly-corr-neg_seed7.pcf,rac,0,1891439,39
random_n100_rho1.0_strongly-corr-neg_seed8.pcf,hfma,0,930735,48
random_n100_rho1.0_strongly-corr-neg_seed8.pcf,rac,0,1942834,48
random_n100_rho1.0_strongly-corr-neg_seed9.pcf,hfma,0,858284,44
random_n100_rho1.0_strongly-corr-neg_seed9.pcf,rac,0,1791606,44
random_n100_rho1.0_strongly-corr_seed0.pcf,hfma,0,770299,47
random_n100_rho1.0_strongly-corr_seed0.pcf,rac,0,2497774,47
random_n100_rho1.0_strongly-corr_seed1.pcf,hfma,0,643636,48
random_n100_rho1.0_strongly-corr_seed1.pcf,rac,0,1506095,48
random_n100_rho1.0_strongly-corr_seed2.pcf,hfma,0,782222,51
random_n100_rho1.0_strongly-corr_seed2.pcf,rac,0,1817754,51
random_n100_rho1.0_strongly-corr_seed3.pcf,hfma,0,1202997,55
random_n100_rho1.0_strongly-corr_seed3.pcf,rac,0,2095987,55
random_n100_rho1.0_strongly-corr_seed4.pcf,hfma,0,888542,46
random_n100_rho1.0_strongly-corr_seed4.pcf,rac,0,1756179,46
random_n100_rho1.0_strongly-corr_seed5.pcf,hfma,0,775446,45
random_n100_rho1.0_strongly-corr_seed5.pcf,rac,0,1911310,45
random_n100_rho1.0_strongly-corr_seed6.pcf,hfma,0,584991,59
random_n100_rho1.0_strongly-corr_seed6.pcf,rac,0,1867232,59
random_n100_rho1.0_strongly-corr_seed7.pcf,hfma,0,550954,64
random_n100_rho1.0_strongly-corr_seed7.pcf,rac,0,2269454,64
random_n100_rho1.0_strongly-corr_seed8.pcf,hfma,0,655425,48
random_n100_rho1.0_strongly-corr_seed8.pcf,rac,0,1928654,48
random_n100_rho1.0_strongly-corr_seed9.pcf,hfma,0,677790,50
random_n100_rho1.0_strongly-corr_seed9.pcf,rac,0,1791187,50
random_n100_rho1.0_uncorr-neg_seed0.pcf,hfma,0,1007251,52
random_n100_rho1.0_uncorr-neg_seed0.pcf,rac,0,2186872,52
random_n100_rho1.0_uncorr-neg_seed1.pcf,hfma,0,661620,52
random_n100_rho1.0_uncorr-neg_seed1.pcf,rac,0,1694189,52
random_n100_rho1.0_uncorr-neg_seed2.pcf,hfma,0,755022,53
random_n100_rho1.0_uncorr-neg_seed2.pcf,rac,0,1571473,53
random_n100_rho1.0_uncorr-neg_seed3.pcf,hfma,0,930728,47
random_n100_rho1.0_uncorr-neg_seed3.pcf,rac,0,1741050,47
random_n100_rho1.0_uncorr-neg_seed4.pcf,hfma,0,362579,43
random_n100_rho1.0_uncorr-neg_seed4.pcf,rac,0,1160557,43
random_n100_rho1.0_uncorr-neg_seed5.pcf,hfma,0,743860,56
random_n100_rho1.0_uncorr-neg_seed5.pcf,rac,0,1839392,56
random_n100_rho1.0_uncorr-neg_seed6.pcf,hfma,0,790528,53
random_n100_rho1.0_uncorr-neg_seed6.pcf,rac,0,2126242,53
random_n100_rho1.0_uncorr-neg_seed7.pcf,hfma,0,880465,55
random_n100_rho1.0_uncorr-neg_seed7.pcf,rac,0,2323017,55
random_n100_rho1.0_uncorr-neg_seed8.pcf,hfma,0,943878,49
random_n100_rho1.0_uncorr-neg_seed8.pcf,rac,0,1965873,49
random_n100_rho1.0_uncorr-neg_seed9.pcf,hfma,0,787441,56
random_n100_rho1.0_uncorr-neg_seed9.pcf,rac,0,2554578,56
random_n100_rho1.0_uncorr_seed0.pcf,hfma,0,1082110,47
random_n100_rho1.0_uncorr_seed0.pcf,rac,0,2150965,47
random_n100_rho1.0_uncorr_seed1.pcf,hfma,0,653565,58
random_n100_rho1.0_uncorr_seed1.pcf,rac,0,2178101,58
random_n100_rho1.0_uncorr_seed2.pcf,hfma,0,962816,56
random_n100_rho1.0_uncorr_seed2.pcf,rac,0,2584049,56
random_n100_rho1.0_uncorr_seed3.pcf,hfma,0,651848,63
random_n100_rho1.0_uncorr_seed3.pcf,rac,0,2126568,63
random_n100_rho1.0_uncorr_seed4.pcf,hfma,0,1025729,48
random_n100_rho1.0_uncorr_seed4.pcf,rac,0,1975955,48
random_n100_rho1.0_uncorr_seed5.pcf,hfma,0,1049763,51
random_n100_rho1.0_uncorr_seed5.pcf,rac,0,2479956,51
random_n100_rho1.0_uncorr_seed6.pcf,hfma,0,812585,43
random_n100_rho1.0_uncorr_seed6.pcf,rac,0,1997512,43
random_n100_rho1.0_uncorr_seed7.pcf,hfma,0,777314,49
random_n100_rho1.0_uncorr_seed7.pcf,rac,0,2091399,49
random_n100_rho1.0_uncorr_seed8.pcf,hfma,0,823964,60
random_n100_rho1.0_uncorr_seed8.pcf,rac,0,2429942,60
random_n100_rho1.0_uncorr_seed9.pcf,hfma,0,995105,53
random_n100_rho1.0_uncorr_seed9.pcf,rac,0,1815614,53
random_n100_rho1.0_weakly-corr-neg_seed0.pcf,hfma,0,747451,43
random_n100_rho1.0_weakly-corr-neg_seed0.pcf,rac,0,1295087,43
random_n100_rho1.0_weakly-corr-neg_seed1.pcf,hfma,0,634448,49
random_n100_rho1.0_weakly-corr-neg_seed1.pcf,rac,0,1690203,49
random_n100_rho1.0_weakly-corr-neg_seed2.pcf,hfma,0,556374,48
random_n100_rho1.0_weakly-corr-neg_seed2.pcf,rac,0,1289307,48
random_n100_rho1.0_weakly-corr-neg_seed3.pcf,hfma,0,664354,57
random_n100_rho1.0_weakly-corr-neg_seed3.pcf,rac,0,1308178,57
random_n100_rho1.0_weakly-corr-neg_seed4.pcf,hfma,0,392426,45
random_n100_rho1.0_weakly-corr-neg_seed4.pcf,rac,0,568915,45
random_n100_rho1.0_weakly-corr-neg_seed5.pcf,hfma,0,230168,62
random_n100_rho1.0_weakly-corr-neg_seed5.pcf,rac,0,678142,62
random_n100_rho1.0_weakly-corr-neg_seed6.pcf,hfma,0,194226,51
random_n100_rho1.0_weakly-corr-neg_seed6.pcf,rac,0,424367,51
random_n100_rho1.0_weakly-corr-neg_seed7.pcf,hfma,0,407316,54
random_n100_rho1.0_weakly-corr-neg_seed7.pcf,rac,0,981485,54
random_n100_rho1.0_weakly-corr-neg_seed8.pcf,hfma,0,302388,54
random_n100_rho1.0_weakly-corr-neg_seed8.pcf,rac,0,799845,54
random_n100_rho1.0_weakly-corr-neg_seed9.pcf,hfma,0,529851,50
random_n100_rho1.0_weakly-corr-neg_seed9.pcf,rac,0,768137,50
random_n100_rho1.0_weakly-corr_seed0.pcf,hfma,0,314608,46
random_n100_rho1.0_weakly-corr_seed0.pcf,rac,0,735928,46
random_n100_rho1.0_weakly-corr_seed1.pcf,hfma,0,604565,49
random_n100_rho1.0_weakly-corr_seed1.pcf,rac,0,830909,49
random_n100_rho1.0_weakly-corr_seed2.pcf,hfma,0,431614,52
random_n100_rho1.0_weakly-corr_seed2.pcf,rac,0,1525266,52
random_n100_rho1.0_weakly-corr_seed3.pcf,hfma,0,868002,48
random_n100_rho1.0_weakly-corr_seed3.pcf,rac,0,1755145,48
random_n100_rho1.0_weakly-corr_seed4.pcf,hfma,0,527743,55
random_n100_rho1.0_weakly-corr_seed4.pcf,rac,0,781664,55
random_n100_rho1.0_weakly-corr_seed5.pcf,hfma,0,331704,49
random_n100_rho1.0_weakly-corr_seed5.pcf,rac,0,799966,49
random_n100_rho1.0_weakly-corr_seed6.pcf,hfma,0,548014,46
random_n100_rho1.0_weakly-corr_seed6.pcf,rac,0,774198,46
random_n100_rho1.0_weakly-corr_seed7.pcf,hfma,0,506079,44
random_n100_rho1.0_weakly-corr_seed7.pcf,rac,0,1009821,44
random_n100_rho1.0_weakly-corr_seed8.pcf,hfma,0,202712,50
random_n100_rho1.0_weakly-corr_seed8.pcf,rac,0,567529,50
random_n100_rho1.0_weakly-corr_seed9.pcf,hfma,0,196188,48
random_n100_rho1.0_weakly-corr_seed9.pcf,rac,0,568568,48
random_n200_rho0.3_strongly-corr-neg_seed0.pcf,hfma,0,148572,160
random_n200_rho0.3_strongly-corr-neg_seed0.pcf,rac,0,421308,160
random_n200_rho0.3_strongly-corr-neg_seed1.pcf,hfma,0,187898,161
random_n200_rho0.3_strongly-corr-neg_seed1.pcf,rac,0,592447,161
random_n200_rho0.3_strongly-corr-neg_seed2.pcf,hfma,0,107647,162
random_n200_rho0.3_strongly-corr-neg_seed2.pcf,rac,0,272045,162
random_n200_rho0.3_strongly-corr-neg_seed3.pcf,hfma,0,258192,161
random_n200_rho0.3_strongly-corr-neg_seed3.pcf,rac,0,689975,161
random_n200_rho0.3_strongly-corr-neg_seed4.pcf,hfma,0,184055,152
random_n200_rho0.3_strongly-corr-neg_seed4.pcf,rac,0,627854,152
random_n200_rho0.3_strongly-corr-neg_seed5.pcf,hfma,0,232969,168
random_n200_rho0.3_strongly-corr-neg_seed5.pcf,rac,0,491104,168
random_n200_rho0.3_strongly-corr-neg_seed6.pcf,hfma,0,222263,167
random_n200_rho0.3_strongly-corr-neg_seed6.pcf,rac,0,516953,167
random_n200_rho0.3_strongly-corr-neg_seed7.pcf,hfma,0,167855,165
random_n200_rho0.3_strongly-corr-neg_seed7.pcf,rac,0,436015,165
random_n200_rho0.3_strongly-corr-neg_seed8.pcf,hfma,0,193835,167
random_n200_rho0.3_strongly-corr-neg_seed8.pcf,rac,0,547767,167
random_n200_rho0.3_strongly-corr-neg_seed9.pcf,hfma,0,162002,163
random_n200_rho0.3_strongly-corr-neg_seed9.pcf,rac,0,409761,163
random_n200_rho0.3_strongly-corr_seed0.pcf,hfma,0,191431,156
random_n200_rho0.3_strongly-corr_seed0.pcf,rac,0,524226,156
random_n200_rho0.3_strongly-corr_seed1.pcf,hfma,0,156750,151
random_n200_rho0.3_strongly-corr_seed1.pcf,rac,0,480214,151
random_n200_rho0.3_strongly-corr_seed2.pcf,hfma,0,190240,160
random_n200_rho0.3_strongly-corr_seed2.pcf,rac,0,522345,160
random_n200_rho0.3_strongly-corr_seed3.pcf,hfma,0,263206,159
random_n200_rho0.3_strongly-corr_seed3.pcf,rac,0,703573,159
random_n200_rho0.3_strongly-corr_seed4.pcf,hfma,0,380081,152
random_n200_rho0.3_strongly-corr_seed4.pcf,rac,0,1158918,152
random_n200_rho0.3_strongly-corr_seed5.pcf,hfma,0,212783,160
random_n200_rho0.3_strongly-corr_seed5.pcf,rac,0,522800,160
random_n200_rho0.3_strongly-corr_seed6.pcf,hfma,0,194202,157
random_n200_rho0.3_strongly-corr_seed6.pcf,rac,0,534226,157
random_n200_rho0.3_strongly-corr_seed7.pcf,hfma,0,131251,155
random_n200_rho0.3_strongly-corr_seed7.pcf,rac,0,351661,155
random_n200_rho0.3_strongly-corr_seed8.pcf,hfma,0,150846,164
random_n200_rho0.3_strongly-corr_seed8.pcf,rac,0,397731,164
random_n200_rho0.3_strongly-corr_seed9.pcf,hfma,0,203379,155
random_n200_rho0.3_strongly-corr_seed9.pcf,rac,0,572454,155
random_n200_rho0.3_uncorr-neg_seed0.pcf,hfma,0,431102,168
random_n200_rho0.3_uncorr-neg_seed0.pcf,rac,0,1199150,168
random_n200_rho0.3_uncorr-neg_seed1.pcf,hfma,0,406549,159
random_n200_rho0.3_uncorr-neg_seed1.pcf,rac,0,1196549,159
random_n200_rho0.3_uncorr-neg_seed2.pcf,hfma,0,313045,177
random_n200_rho0.3_uncorr-neg_seed2.pcf,rac,0,832789,177
random_n200_rho0.3_uncorr-neg_seed3.pcf,hfma,0,384358,165
random_n200_rho0.3_uncorr-neg_seed3.pcf,rac,0,1033304,165
random_n200_rho0.3_uncorr-neg_seed4.pcf,hfma,0,438339,161
random_n200_rho0.3_uncorr-neg_seed4.pcf,rac,0,1219524,161
random_n200_rho0.3_uncorr-neg_seed5.pcf,hfma,0,351830,174
random_n200_rho0.3_uncorr-neg_seed5.pcf,rac,0,886556,174
random_n200_rho0.3_uncorr-neg_seed6.pcf,hfma,0,350552,174
random_n200_rho0.3_uncorr-neg_seed6.pcf,rac,0,932272,174
random_n200_rho0.3_uncorr-neg_seed7.pcf,hfma,0,403902,179
random_n200_rho0.3_uncorr-neg_seed7.pcf,rac,0,1032146,179
random_n200_rho0.3_uncorr-neg_seed8.pcf,hfma,0,478358,180
random_n200_rho0.3_uncorr-neg_seed8.pcf,rac,0,1048150,180
random_n200_rho0.3_uncorr-neg_seed9.pcf,hfma,0,376744,174
random_n200_rho0.3_uncorr-neg_seed9.pcf,rac,0,954185,174
random_n200_rho0.3_uncorr_seed0.pcf,hfma,0,428118,171
random_n200_rho0.3_uncorr_seed0.pcf,rac,0,1071243,171
random_n200_rho0.3_uncorr_seed1.pcf,hfma,0,281301,157
random_n200_rho0.3_uncorr_seed1.pcf,rac,0,944605,157
random_n200_rho0.3_uncorr_seed2.pcf,hfma,0,352583,170
random_n200_rho0.3_uncorr_seed2.pcf,rac,0,938628,170
random_n200_rho0.3_uncorr_seed3.pcf,hfma,0,447618,167
random_n200_rho0.3_uncorr_seed3.pcf,rac,0,1035342,167
random_n200_rho0.3_uncorr_seed4.pcf,hfma,0,375013,162
random_n200_rho0.3_uncorr_seed4.pcf,rac,0,1027630,162
random_n200_rho0.3_uncorr_seed5.pcf,hfma,0,353669,173
random_n200_rho0.3_uncorr_seed5.pcf,rac,0,1013075,173
random_n200_rho0.3_uncorr_seed6.pcf,hfma,0,341856,164
random_n200_rho0.3_uncorr_seed6.pcf,rac,0,1028250,164
random_n200_rho0.3_uncorr_seed7.pcf,hfma,0,320004,162
random_n200_rho0.3_uncorr_seed7.pcf,rac,0,864119,162
random_n200_rho0.3_uncorr_seed8.pcf,hfma,0,369688,169
random_n200_rho0.3_uncorr_seed8.pcf,rac,0,974855,169
random_n200_rho0.3_uncorr_seed9.pcf,hfma,0,247458,169
random_n200_rho0.3_uncorr_seed9.pcf,rac,0,606645,169
random_n200_rho0.3_weakly-corr-neg_seed0.pcf,hfma,0,389910,161
random_n200_rho0.3_weakly-corr-neg_seed0.pcf,rac,0,605888,161
random_n200_rho0.3_weakly-corr-neg_seed1.pcf,hfma,0,193348,159
random_n200_rho0.3_weakly-corr-neg_seed1.pcf,rac,0,571989,159
random_n200_rho0.3_weakly-corr-neg_seed2.pcf,hfma,0,144043,177
random_n200_rho0.3_weakly-corr-neg_seed2.pcf,rac,0,362974,177
random_n200_rho0.3_weakly-corr-neg_seed3.pcf,hfma,0,153723,173
random_n200_rho0.3_weakly-corr-neg_seed3.pcf,rac,0,348918,173
random_n200_rho0.3_weakly-corr-neg_seed4.pcf,hfma,0,83907,170
random_n200_rho0.3_weakly-corr-neg_seed4.pcf,rac,0,225785,170
random_n200_rho0.3_weakly-corr-neg_seed5.pcf,hfma,0,110723,167
random_n200_rho0.3_weakly-corr-neg_seed5.pcf,rac,0,306643,167
random_n200_rho0.3_weakly-corr-neg_seed6.pcf,hfma,0,122505,170
random_n200_rho0.3_weakly-corr-neg_seed6.pcf,rac,0,296757,170
random_n200_rho0.3_weakly-corr-neg_seed7.pcf,hfma,0,104744,171
random_n200_rho0.3_weakly-corr-neg_seed7.pcf,rac,0,273231,171
random_n200_rho0.3_weakly-corr-neg_seed8.pcf,hfma,0,174652,167
random_n200_rho0.3_weakly-corr-neg_seed8.pcf,rac,0,571633,167
random_n200_rho0.3_weakly-corr-neg_seed9.pcf,hfma,0,225715,170
random_n200_rho0.3_weakly-corr-neg_seed9.pcf,rac,0,652181,170
random_n200_rho0.3_weakly-corr_seed0.pcf,hfma,0,201285,171
random_n200_rho0.3_weakly-corr_seed0.pcf,rac,0,585783,171
random_n200_rho0.3_weakly-corr_seed1.pcf,hfma,0,404365,159
random_n200_rho0.3_weakly-corr_seed1.pcf,rac,0,1148374,159
random_n200_rho0.3_weakly-corr_seed2.pcf,hfma,0,315510,171
random_n200_rho0.3_weakly-corr_seed2.pcf,rac,0,822471,171
random_n200_rho0.3_weakly-corr_seed3.pcf,hfma,0,368785,169
random_n200_rho0.3_weakly-corr_seed3.pcf,rac,0,978536,169
random_n200_rho0.3_weakly-corr_seed4.pcf,hfma,0,369822,165
random_n200_rho0.3_weakly-corr_seed4.pcf,rac,0,1140643,165
random_n200_rho0.3_weakly-corr_seed5.pcf,hfma,0,448094,174
random_n200_rho0.3_weakly-corr_seed5.pcf,rac,0,925270,174
random_n200_rho0.3_weakly-corr_seed6.pcf,hfma,0,408863,165
random_n200_rho0.3_weakly-corr_seed6.pcf,rac,0,1151489,165
random_n200_rho0.3_weakly-corr_seed7.pcf,hfma,0,399313,174
random_n200_rho0.3_weakly-corr_seed7.pcf,rac,0,1020600,174
random_n200_rho0.3_weakly-corr_seed8.pcf,hfma,0,403084,163
random_n200_rho0.3_weakly-corr_seed8.pcf,rac,0,1016195,163
random_n200_rho0.3_weakly-corr_seed9.pcf,hfma,0,350436,165
random_n200_rho0.3_weakly-corr_seed9.pcf,rac,0,936637,165
random_n200_rho0.6_strongly-corr-neg_seed0.pcf,hfma,0,636719,132
random_n200_rho0.6_strongly-corr-neg_seed0.pcf,rac,0,1667836,132
random_n200_rho0.6_strongly-corr-neg_seed1.pcf,hfma,0,400331,136
random_n200_rho0.6_strongly-corr-neg_seed1.pcf,rac,0,1059936,136
random_n200_rho0.6_strongly-corr-neg_seed2.pcf,hfma,0,280733,137
random_n200_rho0.6_strongly-corr-neg_seed2.pcf,rac,0,807803,137
random_n200_rho0.6_strongly-corr-neg_seed3.pcf,hfma,0,356043,128
random_n200_rho0.6_strongly-corr-neg_seed3.pcf,rac,0,697664,128
random_n200_rho0.6_strongly-corr-neg_seed4.pcf,hfma,0,154437,140
random_n200_rho0.6_strongly-corr-neg_seed4.pcf,rac,0,493401,140
random_n200_rho0.6_strongly-corr-neg_seed5.pcf,hfma,0,356230,126
random_n200_rho0.6_strongly-corr-neg_seed5.pcf,rac,0,1128891,126
random_n200_rho0.6_strongly-corr-neg_seed6.pcf,hfma,0,368983,127
random_n200_rho0.6_strongly-corr-neg_seed6.pcf,rac,0,1096252,127
random_n200_rho0.6_strongly-corr-neg_seed7.pcf,hfma,0,571638,136
random_n200_rho0.6_strongly-corr-neg_seed7.pcf,rac,0,2304683,136
random_n200_rho0.6_strongly-corr-neg_seed8.pcf,hfma,0,462373,132
random_n200_rho0.6_strongly-corr-neg_seed8.pcf,rac,0,1385965,132
random_n200_rho0.6_strongly-corr-neg_seed9.pcf,hfma,0,551922,145
random_n200_rho0.6_strongly-corr-neg_seed9.pcf,rac,0,1780601,145
random_n200_rho0.6_strongly-corr_seed0.pcf,hfma,0,464287,135
random_n200_rho0.6_strongly-corr_seed0.pcf,rac,0,1346542,135
random_n200_rho0.6_strongly-corr_seed1.pcf,hfma,0,499776,132
random_n200_rho0.6_strongly-corr_seed1.pcf,rac,0,1530877,132
random_n200_rho0.6_strongly-corr_seed2.pcf,hfma,0,358195,127
random_n200_rho0.6_strongly-corr_seed2.pcf,rac,0,1132254,127
random_n200_rho0.6_strongly-corr_seed3.pcf,hfma,0,247168,140
random_n200_rho0.6_strongly-corr_seed3.pcf,rac,0,732214,140
random_n200_rho0.6_strongly-corr_seed4.pcf,hfma,0,308153,134
random_n200_rho0.6_strongly-corr_seed4.pcf,rac,0,929571,134
random_n200_rho0.6_strongly-corr_seed5.pcf,hfma,0,204295,134
random_n200_rho0.6_strongly-corr_seed5.pcf,rac,0,765554,134
random_n200_rho0.6_strongly-corr_seed6.pcf,hfma,0,289703,129
random_n200_rho0.6_strongly-corr_seed6.pcf,rac,0,930923,129
random_n200_rho0.6_strongly-corr_seed7.pcf,hfma,0,349003,134
random_n200_rho0.6_strongly-corr_seed7.pcf,rac,0,1052919,134
random_n200_rho0.6_strongly-corr_seed8.pcf,hfma,0,333461,124
random_n200_rho0.6_strongly-corr_seed8.pcf,rac,0,848791,124
random_n200_rho0.6_strongly-corr_seed9.pcf,hfma,0,302305,145
random_n200_rho0.6_strongly-corr_seed9.pcf,rac,0,991819,145
random_n200_rho0.6_uncorr-neg_seed0.pcf,hfma,0,246902,137
random_n200_rho0.6_uncorr-neg_seed0.pcf,rac,0,791587,137
random_n200_rho0.6_uncorr-neg_seed1.pcf,hfma,0,334493,138
random_n200_rho0.6_uncorr-neg_seed1.pcf,rac,0,946019,138
random_n200_rho0.6_uncorr-neg_seed2.pcf,hfma,0,159526,141
random_n200_rho0.6_uncorr-neg_seed2.pcf,rac,0,550783,141
random_n200_rho0.6_uncorr-neg_seed3.pcf,hfma,0,146295,140
random_n200_rho0.6_uncorr-neg_seed3.pcf,rac,0,478089,140
random_n200_rho0.6_uncorr-neg_seed4.pcf,hfma,0,236930,147
random_n200_rho0.6_uncorr-neg_seed4.pcf,rac,0,734590,147
random_n200_rho0.6_uncorr-neg_seed5.pcf,hfma,0,226143,143
random_n200_rho0.6_uncorr-neg_seed5.pcf,rac,0,691688,143
random_n200_rho0.6_uncorr-neg_seed6.pcf,hfma,0,190981,137
random_n200_rho0.6_uncorr-neg_seed6.pcf,rac,0,546548,137
random_n200_rho0.6_uncorr-neg_seed7.pcf,hfma,0,135630,137
random_n200_rho0.6_uncorr-neg_seed7.pcf,rac,0,457970,137
random_n200_rho0.6_uncorr-neg_seed8.pcf,hfma,0,416085,148
random_n200_rho0.6_uncorr-neg_seed8.pcf,rac,0,1345095,148
random_n200_rho0.6_uncorr-neg_seed9.pcf,hfma,0,363601,139
random_n200_rho0.6_uncorr-neg_seed9.pcf,rac,0,1180147,139
random_n200_rho0.6_uncorr_seed0.pcf,hfma,0,347325,138
random_n200_rho0.6_uncorr_seed0.pcf,rac,0,1129630,138
random_n200_rho0.6_uncorr_seed1.pcf,hfma,0,207599,137
random_n200_rho0.6_uncorr_seed1.pcf,rac,0,696655,137
random_n200_rho0.6_uncorr_seed2.pcf,hfma,0,249500,143
random_n200_rho0.6_uncorr_seed2.pcf,rac,0,859425,143
random_n200_rho0.6_uncorr_seed3.pcf,hfma,0,138014,151
random_n200_rho0.6_uncorr_seed3.pcf,rac,0,438058,151
random_n200_rho0.6_uncorr_seed4.pcf,hfma,0,202915,140
random_n200_rho0.6_uncorr_seed4.pcf,rac,0,480676,140
random_n200_rho0.6_uncorr_seed5.pcf,hfma,0,265739,128
random_n200_rho0.6_uncorr_seed5.pcf,rac,0,912280,128
random_n200_rho0.6_uncorr_seed6.pcf,hfma,0,265700,143
random_n200_rho0.6_uncorr_seed6.pcf,rac,0,873792,143
random_n200_rho0.6_uncorr_seed7.pcf,hfma,0,238710,147
random_n200_rho0.6_uncorr_seed7.pcf,rac,0,810527,147
random_n200_rho0.6_uncorr_seed8.pcf,hfma,0,215886,145
random_n200_rho0.6_uncorr_seed8.pcf,rac,0,719656,145
random_n200_rho0.6_uncorr_seed9.pcf,hfma,0,203321,134
random_n200_rho0.6_uncorr_seed9.pcf,rac,0,719196,134
random_n200_rho0.6_weakly-corr-neg_seed0.pcf,hfma,0,208171,130
random_n200_rho0.6_weakly-corr-neg_seed0.pcf,rac,0,799009,130
random_n200_rho0.6_weakly-corr-neg_seed1.pcf,hfma,0,216831,143
random_n200_rho0.6_weakly-corr-neg_seed1.pcf,rac,0,708084,143
random_n200_rho0.6_weakly-corr-neg_seed2.pcf,hfma,0,151219,137
random_n200_rho0.6_weakly-corr-neg_seed2.pcf,rac,0,478477,137
random_n200_rho0.6_weakly-corr-neg_seed3.pcf,hfma,0,196425,153
random_n200_rho0.6_weakly-corr-neg_seed3.pcf,rac,0,702142,153
random_n200_rho0.6_weakly-corr-neg_seed4.pcf,hfma,0,195566,143
random_n200_rho0.6_weakly-corr-neg_seed4.pcf,rac,0,717241,143
random_n200_rho0.6_weakly-corr-neg_seed5.pcf,hfma,0,143807,140
random_n200_rho0.6_weakly-corr-neg_seed5.pcf,rac,0,496065,140
random_n200_rho0.6_weakly-corr-neg_seed6.pcf,hfma,0,214563,141
random_n200_rho0.6_weakly-corr-neg_seed6.pcf,rac,0,765361,141
random_n200_rho0.6_weakly-corr-neg_seed7.pcf,hfma,0,192163,151
random_n200_rho0.6_weakly-corr-neg_seed7.pcf,rac,0,742659,151
random_n200_rho0.6_weakly-corr-neg_seed8.pcf,hfma,0,253493,146
random_n200_rho0.6_weakly-corr-neg_seed8.pcf,rac,0,799836,146
random_n200_rho0.6_weakly-corr-neg_seed9.pcf,hfma,0,145638,140
random_n200_rho0.6_weakly-corr-neg_seed9.pcf,rac,0,447361,140
random_n200_rho0.6_weakly-corr_seed0.pcf,hfma,0,199234,141
random_n200_rho0.6_weakly-corr_seed0.pcf,rac,0,713058,141
random_n200_rho0.6_weakly-corr_seed1.pcf,hfma,0,199502,141
random_n200_rho0.6_weakly-corr_seed1.pcf,rac,0,790021,141
random_n200_rho0.6_weakly-corr_seed2.pcf,hfma,0,157225,131
random_n200_rho0.6_weakly-corr_seed2.pcf,rac,0,492607,131
random_n200_rho0.6_weakly-corr_seed3.pcf,hfma,0,186187,149
random_n200_rho0.6_weakly-corr_seed3.pcf,rac,0,659826,149
random_n200_rho0.6_weakly-corr_seed4.pcf,hfma,0,210766,144
random_n200_rho0.6_weakly-corr_seed4.pcf,rac,0,727682,144
random_n200_rho0.6_weakly-corr_seed5.pcf,hfma,0,224208,135
random_n200_rho0.6_weakly-corr_seed5.pcf,rac,0,852933,135
random_n200_rho0.6_weakly-corr_seed6.pcf,hfma,0,219666,144
random_n200_rho0.6_weakly-corr_seed6.pcf,rac,0,803837,144
random_n200_rho0.6_weakly-corr_seed7.pcf,hfma,0,265114,139
random_n200_rho0.6_weakly-corr_seed7.pcf,rac,0,870033,139
random_n200_rho0.6_weakly-corr_seed8.pcf,hfma,0,229438,138
random_n200_rho0.6_weakly-corr_seed8.pcf,rac,0,750563,138
random_n200_rho0.6_weakly-corr_seed9.pcf,hfma,0,235918,133
random_n200_rho0.6_weakly-corr_seed9.pcf,rac,0,773020,133
random_n200_rho0.9_strongly-corr-neg_seed0.pcf,hfma,0,464280,110
random_n200_rho0.9_strongly-corr-neg_seed0.pcf,rac,0,1046043,110
random_n200_rho0.9_strongly-corr-neg_seed1.pcf,hfma,0,325539,109
random_n200_rho0.9_strongly-corr-neg_seed1.pcf,rac,0,775470,109
random_n200_rho0.9_strongly-corr-neg_seed2.pcf,hfma,0,261016,113
random_n200_rho0.9_strongly-corr-neg_seed2.pcf,rac,0,794659,113
random_n200_rho0.9_strongly-corr-neg_seed3.pcf,hfma,0,471028,99
random_n200_rho0.9_strongly-corr-neg_seed3.pcf,rac,0,720070,99
random_n200_rho0.9_strongly-corr-neg_seed4.pcf,hfma,0,558584,111
random_n200_rho0.9_strongly-corr-neg_seed4.pcf,rac,0,1264503,111
random_n200_rho0.9_strongly-corr-neg_seed5.pcf,hfma,0,391928,103
random_n200_rho0.9_strongly-corr-neg_seed5.pcf,rac,0,1245278,103
random_n200_rho0.9_strongly-corr-neg_seed6.pcf,hfma,0,556531,106
random_n200_rho0.9_strongly-corr-neg_seed6.pcf,rac,0,857095,106
random_n200_rho0.9_strongly-corr-neg_seed7.pcf,hfma,0,464676,103
random_n200_rho0.9_strongly-corr-neg_seed7.pcf,rac,0,1261404,103
random_n200_rho0.9_strongly-corr-neg_seed8.pcf,hfma,0,413144,100
random_n200_rho0.9_strongly-corr-neg_seed8.pcf,rac,0,776404,100
random_n200_rho0.9_strongly-corr-neg_seed9.pcf,hfma,0,477526,94
random_n200_rho0.9_strongly-corr-neg_seed9.pcf,rac,0,888669,94
random_n200_rho0.9_strongly-corr_seed0.pcf,hfma,0,444892,106
random_n200_rho0.9_strongly-corr_seed0.pcf,rac,0,1007118,106
random_n200_rho0.9_strongly-corr_seed1.pcf,hfma,0,600127,112
random_n200_rho0.9_strongly-corr_seed1.pcf,rac,0,1290835,112
random_n200_rho0.9_strongly-corr_seed2.pcf,hfma,0,427054,110
random_n200_rho0.9_strongly-corr_seed2.pcf,rac,0,1170803,110
random_n200_rho0.9_strongly-corr_seed3.pcf,hfma,0,461376,116
random_n200_rho0.9_strongly-corr_seed3.pcf,rac,0,1078800,116
random_n200_rho0.9_strongly-corr_seed4.pcf,hfma,0,362747,116
random_n200_rho0.9_strongly-corr_seed4.pcf,rac,0,1290890,116
random_n200_rho0.9_strongly-corr_seed5.pcf,hfma,0,512816,107
random_n200_rho0.9_strongly-corr_seed5.pcf,rac,0,1134965,107
random_n200_rho0.9_strongly-corr_seed6.pcf,hfma,0,387033,119
random_n200_rho0.9_strongly-corr_seed6.pcf,rac,0,886521,119
random_n200_rho0.9_strongly-corr_seed7.pcf,hfma,0,378016,110
random_n200_rho0.9_strongly-corr_seed7.pcf,rac,0,1275034,110
random_n200_rho0.9_strongly-corr_seed8.pcf,hfma,0,373521,111
random_n200_rho0.9_strongly-corr_seed8.pcf,rac,0,1144082,111
random_n200_rho0.9_strongly-corr_seed9.pcf,hfma,0,419818,102
random_n200_rho0.9_strongly-corr_seed9.pcf,rac,0,785530,102
random_n200_rho0.9_uncorr-neg_seed0.pcf,hfma,0,387583,112
random_n200_rho0.9_uncorr-neg_seed0.pcf,rac,0,1199213,112
random_n200_rho0.9_uncorr-neg_seed1.pcf,hfma,0,334186,111
random_n200_rho0.9_uncorr-neg_seed1.pcf,rac,0,817608,111
random_n200_rho0.9_uncorr-neg_seed2.pcf,hfma,0,370165,114
random_n200_rho0.9_uncorr-neg_seed2.pcf,rac,0,1216123,114
random_n200_rho0.9_uncorr-neg_seed3.pcf,hfma,0,342195,101
random_n200_rho0.9_uncorr-neg_seed3.pcf,rac,0,838202,101
random_n200_rho0.9_uncorr-neg_seed4.pcf,hfma,0,304430,112
random_n200_rho0.9_uncorr-neg_seed4.pcf,rac,0,839342,112
random_n200_rho0.9_uncorr-neg_seed5.pcf,hfma,0,536018,107
random_n200_rho0.9_uncorr-neg_seed5.pcf,rac,0,1289951,107
random_n200_rho0.9_uncorr-neg_seed6.pcf,hfma,0,419991,118
random_n200_rho0.9_uncorr-neg_seed6.pcf,rac,0,1349988,118
random_n200_rho0.9_uncorr-neg_seed7.pcf,hfma,0,504803,114
random_n200_rho0.9_uncorr-neg_seed7.pcf,rac,0,1313227,114
random_n200_rho0.9_uncorr-neg_seed8.pcf,hfma,0,429788,99
random_n200_rho0.9_uncorr-neg_seed8.pcf,rac,0,973790,99
random_n200_rho0.9_uncorr-neg_seed9.pcf,hfma,0,748627,109
random_n200_rho0.9_uncorr-neg_seed9.pcf,rac,0,957680,109
random_n200_rho0.9_uncorr_seed0.pcf,hfma,0,268933,132
random_n200_rho0.9_uncorr_seed0.pcf,rac,0,773689,132
random_n200_rho0.9_uncorr_seed1.pcf,hfma,0,360166,103
random_n200_rho0.9_uncorr_seed1.pcf,rac,0,804525,103
random_n200_rho0.9_uncorr_seed2.pcf,hfma,0,499173,127
random_n200_rho0.9_uncorr_seed2.pcf,rac,0,886433,127
random_n200_rho0.9_uncorr_seed3.pcf,hfma,0,402735,115
random_n200_rho0.9_uncorr_seed3.pcf,rac,0,1188312,115
random_n200_rho0.9_uncorr_seed4.pcf,hfma,0,406415,123
random_n200_rho0.9_uncorr_seed4.pcf,rac,0,1472338,123
random_n200_rho0.9_uncorr_seed5.pcf,hfma,0,488967,117
random_n200_rho0.9_uncorr_seed5.pcf,rac,0,1095015,117
random_n200_rho0.9_uncorr_seed6.pcf,hfma,0,486965,111
random_n200_rho0.9_uncorr_seed6.pcf,rac,0,1206896,111
random_n200_rho0.9_uncorr_seed7.pcf,hfma,0,534686,117
random_n200_rho0.9_uncorr_seed7.pcf,rac,0,1524270,117
random_n200_rho0.9_uncorr_seed8.pcf,hfma,0,889927,105
random_n200_rho0.9_uncorr_seed8.pcf,rac,0,1745557,105
random_n200_rho0.9_uncorr_seed9.pcf,hfma,0,1382574,123
random_n200_rho0.9_uncorr_seed9.pcf,rac,0,2354230,123
random_n200_rho0.9_weakly-corr-neg_seed0.pcf,hfma,0,876107,95
random_n200_rho0.9_weakly-corr-neg_seed0.pcf,rac,0,1119688,95
random_n200_rho0.9_weakly-corr-neg_seed1.pcf,hfma,0,412481,106
random_n200_rho0.9_weakly-corr-neg_seed1.pcf,rac,0,867105,106
random_n200_rho0.9_weakly-corr-neg_seed2.pcf,hfma,0,319295,110
random_n200_rho0.9_weakly-corr-neg_seed2.pcf,rac,0,868001,110
random_n200_rho0.9_weakly-corr-neg_seed3.pcf,hfma,0,643768,108
random_n200_rho0.9_weakly-corr-neg_seed3.pcf,rac,0,1624196,108
random_n200_rho0.9_weakly-corr-neg_seed4.pcf,hfma,0,781270,102
random_n200_rho0.9_weakly-corr-neg_seed4.pcf,rac,0,2240856,102
random_n200_rho0.9_weakly-corr-neg_seed5.pcf,hfma,0,872775,104
random_n200_rho0.9_weakly-corr-neg_seed5.pcf,rac,0,1970087,104
random_n200_rho0.9_weakly-corr-neg_seed6.pcf,hfma,0,942250,110
random_n200_rho0.9_weakly-corr-neg_seed6.pcf,rac,0,2236479,110
random_n200_rho0.9_weakly-corr-neg_seed7.pcf,hfma,0,1723578,102
random_n200_rho0.9_weakly-corr-neg_seed7.pcf,rac,0,3052175,102
random_n200_rho0.9_weakly-corr-neg_seed8.pcf,hfma,0,629636,126
random_n200_rho0.9_weakly-corr-neg_seed8.pcf,rac,0,2037467,126
random_n200_rho0.9_weakly-corr-neg_seed9.pcf,hfma,0,1053652,113
random_n200_rho0.9_weakly-corr-neg_seed9.pcf,rac,0,3255329,113
random_n200_rho0.9_weakly-corr_seed0.pcf,hfma,0,1834683,115
random_n200_rho0.9_weakly-corr_seed0.pcf,rac,0,3746811,115
random_n200_rho0.9_weakly-corr_seed1.pcf,hfma,0,1012676,124
random_n200_rho0.9_weakly-corr_seed1.pcf,rac,0,1811072,124
random_n200_rho0.9_weakly-corr_seed2.pcf,hfma,0,616306,103
random_n200_rho0.9_weakly-corr_seed2.pcf,rac,0,2124124,103
random_n200_rho0.9_weakly-corr_seed3.pcf,hfma,0,1352858,108
random_n200_rho0.9_weakly-corr_seed3.pcf,rac,0,2323620,108
random_n200_rho0.9_weakly-corr_seed4.pcf,hfma,0,845912,114
random_n200_rho0.9_weakly-corr_seed4.pcf,rac,0,1728397,114
random_n200_rho0.9_weakly-corr_seed5.pcf,hfma,0,809461,111
random_n200_rho0.9_weakly-corr_seed5.pcf,rac,0,2916016,111
random_n200_rho0.9_weakly-corr_seed6.pcf,hfma,0,2166543,113
random_n200_rho0.9_weakly-corr_seed6.pcf,rac,0,3499062,113
random_n200_rho0.9_weakly-corr_seed7.pcf,hfma,0,1247347,115
random_n200_rho0.9_weakly-corr_seed7.pcf,rac,0,3317543,115
random_n200_rho0.9_weakly-corr_seed8.pcf,hfma,0,1371779,113
random_n200_rho0.9_weakly-corr_seed8.pcf,rac,0,3291486,113
random_n200_rho0.9_weakly-corr_seed9.pcf,hfma,0,1352382,117
random_n200_rho0.9_weakly-corr_seed9.pcf,rac,0,3712627,117
random_n200_rho1.0_strongly-corr-neg_seed0.pcf,hfma,0,1306657,106
random_n200_rho1.0_strongly-corr-neg_seed0.pcf,rac,0,3563402,106
random_n200_rho1.0_strongly-corr-neg_seed1.pcf,hfma,0,1905355,91
random_n200_rho1.0_strongly-corr-neg_seed1.pcf,rac,0,3247931,91
random_n200_rho1.0_strongly-corr-neg_seed2.pcf,hfma,0,1666510,85
random_n200_rho1.0_strongly-corr-neg_seed2.pcf,rac,0,3456911,85
random_n200_rho1.0_strongly-corr-neg_seed3.pcf,hfma,0,1686323,109
random_n200_rho1.0_strongly-corr-neg_seed3.pcf,rac,0,3733863,109
random_n200_rho1.0_strongly-corr-neg_seed4.pcf,hfma,0,2132404,97
random_n200_rho1.0_strongly-corr-neg_seed4.pcf,rac,0,3583417,97
random_n200_rho1.0_strongly-corr-neg_seed5.pcf,hfma,0,1596701,101
random_n200_rho1.0_strongly-corr-neg_seed5.pcf,rac,0,2944860,101
random_n200_rho1.0_strongly-corr-neg_seed6.pcf,hfma,0,1723575,112
random_n200_rho1.0_strongly-corr-neg_seed6.pcf,rac,0,4231073,112
random_n200_rho1.0_strongly-corr-neg_seed7.pcf,hfma,0,1644347,103
random_n200_rho1.0_strongly-corr-neg_seed7.pcf,rac,0,3583317,103
random_n200_rho1.0_strongly-corr-neg_seed8.pcf,hfma,0,1574486,107
random_n200_rho1.0_strongly-corr-neg_seed8.pcf,rac,0,2107929,107
random_n200_rho1.0_strongly-corr-neg_seed9.pcf,hfma,0,2156435,91
random_n200_rho1.0_strongly-corr-neg_seed9.pcf,rac,0,3859080,91
random_n200_rho1.0_strongly-corr_seed0.pcf,hfma,0,1431994,107
random_n200_rho1.0_strongly-corr_seed0.pcf,rac,0,3942007,107
random_n200_rho1.0_strongly-corr_seed1.pcf,hfma,0,1724547,96
random_n200_rho1.0_strongly-corr_seed1.pcf,rac,0,3929809,96
random_n200_rho1.0_strongly-corr_seed2.pcf,hfma,0,2707182,90
random_n200_rho1.0_strongly-corr_seed2.pcf,rac,0,3725228,90
random_n200_rho1.0_strongly-corr_seed3.pcf,hfma,0,1659539,99
random_n200_rho1.0_strongly-corr_seed3.pcf,rac,0,3755174,99
random_n200_rho1.0_strongly-corr_seed4.pcf,hfma,0,1247743,103
random_n200_rho1.0_strongly-corr_seed4.pcf,rac,0,3292054,103
random_n200_rho1.0_strongly-corr_seed5.pcf,hfma,0,1223323,105
random_n200_rho1.0_strongly-corr_seed5.pcf,rac,0,1743021,105
random_n200_rho1.0_strongly-corr_seed6.pcf,hfma,0,641757,98
random_n200_rho1.0_strongly-corr_seed6.pcf,rac,0,1644310,98
random_n200_rho1.0_strongly-corr_seed7.pcf,hfma,0,520567,93
random_n200_rho1.0_strongly-corr_seed7.pcf,rac,0,951546,93
random_n200_rho1.0_strongly-corr_seed8.pcf,hfma,0,844670,100
random_n200_rho1.0_strongly-corr_seed8.pcf,rac,0,1476425,100
random_n200_rho1.0_strongly-corr_seed9.pcf,hfma,0,1638277,110
random_n200_rho1.0_strongly-corr_seed9.pcf,rac,0,3362312,110
random_n200_rho1.0_uncorr-neg_seed0.pcf,hfma,0,857550,110
random_n200_rho1.0_uncorr-neg_seed0.pcf,rac,0,2307730,110
random_n200_rho1.0_uncorr-neg_seed1.pcf,hfma,0,1336739,106
random_n200_rho1.0_uncorr-neg_seed1.pcf,rac,0,3354065,106
random_n200_rho1.0_uncorr-neg_seed2.pcf,hfma,0,2187582,100
random_n200_rho1.0_uncorr-neg_seed2.pcf,rac,0,2732342,100
random_n200_rho1.0_uncorr-neg_seed3.pcf,hfma,0,1485279,98
random_n200_rho1.0_uncorr-neg_seed3.pcf,rac,0,3446877,98
random_n200_rho1.0_uncorr-neg_seed4.pcf,hfma,0,2029947,102
random_n200_rho1.0_uncorr-neg_seed4.pcf,rac,0,4598502,102
random_n200_rho1.0_uncorr-neg_seed5.pcf,hfma,0,1938693,88
random_n200_rho1.0_uncorr-neg_seed5.pcf,rac,0,3498319,88
random_n200_rho1.0_uncorr-neg_seed6.pcf,hfma,0,1741404,106
random_n200_rho1.0_uncorr-neg_seed6.pcf,rac,0,3612349,106
random_n200_rho1.0_uncorr-neg_seed7.pcf,hfma,0,1950140,109
random_n200_rho1.0_uncorr-neg_seed7.pcf,rac,0,3926753,109
random_n200_rho1.0_uncorr-neg_seed8.pcf,hfma,0,1906187,92
random_n200_rho1.0_uncorr-neg_seed8.pcf,rac,0,3746205,92
random_n200_rho1.0_uncorr-neg_seed9.pcf,hfma,0,1753880,97
random_n200_rho1.0_uncorr-neg_seed9.pcf,rac,0,3851473,97
random_n200_rho1.0_uncorr_seed0.pcf,hfma,0,1644888,98
random_n200_rho1.0_uncorr_seed0.pcf,rac,0,3806384,98
random_n200_rho1.0_uncorr_seed1.pcf,hfma,0,1700281,110
random_n200_rho1.0_uncorr_seed1.pcf,rac,0,3825207,110
random_n200_rho1.0_uncorr_seed2.pcf,hfma,0,1913961,99
random_n200_rho1.0_uncorr_seed2.pcf,rac,0,3660533,99
random_n200_rho1.0_uncorr_seed3.pcf,hfma,0,2272549,97
random_n200_rho1.0_uncorr_seed3.pcf,rac,0,3583319,97
random_n200_rho1.0_uncorr_seed4.pcf,hfma,0,1570324,105
random_n200_rho1.0_uncorr_seed4.pcf,rac,0,2642519,105
random_n200_rho1.0_uncorr_seed5.pcf,hfma,0,2564617,97
random_n200_rho1.0_uncorr_seed5.pcf,rac,0,4044656,97
random_n200_rho1.0_uncorr_seed6.pcf,hfma,0,1463380,102
random_n200_rho1.0_uncorr_seed6.pcf,rac,0,2173446,102
random_n200_rho1.0_uncorr_seed7.pcf,hfma,0,1149043,98
random_n200_rho1.0_uncorr_seed7.pcf,rac,0,3150416,98
random_n200_rho1.0_uncorr_seed8.pcf,hfma,0,1332532,105
random_n200_rho1.0_uncorr_seed8.pcf,rac,0,3107679,105
random_n200_rho1.0_uncorr_seed9.pcf,hfma,0,2375554,97
random_n200_rho1.0_uncorr_seed9.pcf,rac,0,4001055,97
random_n200_rho1.0_weakly-corr-neg_seed0.pcf,hfma,0,1461333,96
random_n200_rho1.0_weakly-corr-neg_seed0.pcf,rac,0,1775740,96
random_n200_rho1.0_weakly-corr-neg_seed1.pcf,hfma,0,795080,96
random_n200_rho1.0_weakly-corr-neg_seed1.pcf,rac,0,1267787,96
random_n200_rho1.0_weakly-corr-neg_seed2.pcf,hfma,0,1266411,72
random_n200_rho1.0_weakly-corr-neg_seed2.pcf,rac,0,1507748,72
random_n200_rho1.0_weakly-corr-neg_seed3.pcf,hfma,0,799364,100
random_n200_rho1.0_weakly-corr-neg_seed3.pcf,rac,0,2304115,100
random_n200_rho1.0_weakly-corr-neg_seed4.pcf,hfma,0,1402087,111
random_n200_rho1.0_weakly-corr-neg_seed4.pcf,rac,0,3145735,111
random_n200_rho1.0_weakly-corr-neg_seed5.pcf,hfma,0,1435359,88
random_n200_rho1.0_weakly-corr-neg_seed5.pcf,rac,0,1923175,88
random_n200_rho1.0_weakly-corr-neg_seed6.pcf,hfma,0,949329,92
random_n200_rho1.0_weakly-corr-neg_seed6.pcf,rac,0,1928789,92
random_n200_rho1.0_weakly-corr-neg_seed7.pcf,hfma,0,1633243,108
random_n200_rho1.0_weakly-corr-neg_seed7.pcf,rac,0,3467744,108
random_n200_rho1.0_weakly-corr-neg_seed8.pcf,hfma,0,1627508,96
random_n200_rho1.0_weakly-corr-neg_seed8.pcf,rac,0,2182679,96
random_n200_rho1.0_weakly-corr-neg_seed9.pcf,hfma,0,1180784,101
random_n200_rho1.0_weakly-corr-neg_seed9.pcf,rac,0,1473651,101
random_n200_rho1.0_weakly-corr_seed0.pcf,hfma,0,665942,102
random_n200_rho1.0_weakly-corr_seed0.pcf,rac,0,1052965,102
random_n200_rho1.0_weakly-corr_seed1.pcf,hfma,0,703030,105
random_n200_rho1.0_weakly-corr_seed1.pcf,rac,0,1262203,105
random_n200_rho1.0_weakly-corr_seed2.pcf,hfma,0,1085838,103
random_n200_rho1.0_weakly-corr_seed2.pcf,rac,0,1448137,103
random_n200_rho1.0_weakly-corr_seed3.pcf,hfma,0,903959,96
random_n200_rho1.0_weakly-corr_seed3.pcf,rac,0,2070601,96
random_n200_rho1.0_weakly-corr_seed4.pcf,hfma,0,1120159,96
random_n200_rho1.0_weakly-corr_seed4.pcf,rac,0,2671777,96
random_n200_rho1.0_weakly-corr_seed5.pcf,hfma,0,1537808,83
random_n200_rho1.0_weakly-corr_seed5.pcf,rac,0,1936792,83
random_n200_rho1.0_weakly-corr_seed6.pcf,hfma,0,1089653,111
random_n200_rho1.0_weakly-corr_seed6.pcf,rac,0,1849462,111
random_n200_rho1.0_weakly-corr_seed7.pcf,hfma,0,574533,116
random_n200_rho1.0_weakly-corr_seed7.pcf,rac,0,1204688,116
random_n200_rho1.0_weakly-corr_seed8.pcf,hfma,0,894426,97
random_n200_rho1.0_weakly-corr_seed8.pcf,rac,0,1342788,97
random_n200_rho1.0_weakly-corr_seed9.pcf,hfma,0,603450,93
random_n200_rho1.0_weakly-corr_seed9.pcf,rac,0,1491252,93
random_n300_rho0.3_strongly-corr-neg_seed0.pcf,hfma,0,222351,237
random_n300_rho0.3_strongly-corr-neg_seed0.pcf,rac,0,646870,237
random_n300_rho0.3_strongly-corr-neg_seed1.pcf,hfma,0,334378,240
random_n300_rho0.3_strongly-corr-neg_seed1.pcf,rac,0,996049,240
random_n300_rho0.3_strongly-corr-neg_seed2.pcf,hfma,0,255809,235
random_n300_rho0.3_strongly-corr-neg_seed2.pcf,rac,0,756207,235
random_n300_rho0.3_strongly-corr-neg_seed3.pcf,hfma,0,311350,229
random_n300_rho0.3_strongly-corr-neg_seed3.pcf,rac,0,1117905,229
random_n300_rho0.3_strongly-corr-neg_seed4.pcf,hfma,0,472671,240
random_n300_rho0.3_strongly-corr-neg_seed4.pcf,rac,0,1643028,240
random_n300_rho0.3_strongly-corr-neg_seed5.pcf,hfma,0,625186,229
random_n300_rho0.3_strongly-corr-neg_seed5.pcf,rac,0,1036111,229
random_n300_rho0.3_strongly-corr-neg_seed6.pcf,hfma,0,425611,233
random_n300_rho0.3_strongly-corr-neg_seed6.pcf,rac,0,1291169,233
random_n300_rho0.3_strongly-corr-neg_seed7.pcf,hfma,0,433333,241
random_n300_rho0.3_strongly-corr-neg_seed7.pcf,rac,0,1274772,241
random_n300_rho0.3_strongly-corr-neg_seed8.pcf,hfma,0,609685,244
random_n300_rho0.3_strongly-corr-neg_seed8.pcf,rac,0,1237645,244
random_n300_rho0.3_strongly-corr-neg_seed9.pcf,hfma,0,266909,253
random_n300_rho0.3_strongly-corr-neg_seed9.pcf,rac,0,721118,253
random_n300_rho0.3_strongly-corr_seed0.pcf,hfma,0,308684,227
random_n300_rho0.3_strongly-corr_seed0.pcf,rac,0,825796,227
random_n300_rho0.3_strongly-corr_seed1.pcf,hfma,0,250034,236
random_n300_rho0.3_strongly-corr_seed1.pcf,rac,0,632848,236
random_n300_rho0.3_strongly-corr_seed2.pcf,hfma,0,336427,233
random_n300_rho0.3_strongly-corr_seed2.pcf,rac,0,947414,233
random_n300_rho0.3_strongly-corr_seed3.pcf,hfma,0,306306,224
random_n300_rho0.3_strongly-corr_seed3.pcf,rac,0,815104,224
random_n300_rho0.3_strongly-corr_seed4.pcf,hfma,0,552242,226
random_n300_rho0.3_strongly-corr_seed4.pcf,rac,0,1130498,226
random_n300_rho0.3_strongly-corr_seed5.pcf,hfma,0,438552,239
random_n300_rho0.3_strongly-corr_seed5.pcf,rac,0,1178073,239
random_n300_rho0.3_strongly-corr_seed6.pcf,hfma,0,476514,234
random_n300_rho0.3_strongly-corr_seed6.pcf,rac,0,1436261,234
random_n300_rho0.3_strongly-corr_seed7.pcf,hfma,0,542538,232
random_n300_rho0.3_strongly-corr_seed7.pcf,rac,0,1283328,232
random_n300_rho0.3_strongly-corr_seed8.pcf,hfma,0,438010,243
random_n300_rho0.3_strongly-corr_seed8.pcf,rac,0,1226442,243
random_n300_rho0.3_strongly-corr_seed9.pcf,hfma,0,559451,227
random_n300_rho0.3_strongly-corr_seed9.pcf,rac,0,1591957,227
random_n300_rho0.3_uncorr-neg_seed0.pcf,hfma,0,530526,261
random_n300_rho0.3_uncorr-neg_seed0.pcf,rac,0,1425230,261
random_n300_rho0.3_uncorr-neg_seed1.pcf,hfma,0,599846,259
random_n300_rho0.3_uncorr-neg_seed1.pcf,rac,0,1604992,259
random_n300_rho0.3_uncorr-neg_seed2.pcf,hfma,0,430263,257
random_n300_rho0.3_uncorr-neg_seed2.pcf,rac,0,1308811,257
random_n300_rho0.3_uncorr-neg_seed3.pcf,hfma,0,306490,259
random_n300_rho0.3_uncorr-neg_seed3.pcf,rac,0,914193,259
random_n300_rho0.3_uncorr-neg_seed4.pcf,hfma,0,515442,261
random_n300_rho0.3_uncorr-neg_seed4.pcf,rac,0,1208737,261
random_n300_rho0.3_uncorr-neg_seed5.pcf,hfma,0,308772,252
random_n300_rho0.3_uncorr-neg_seed5.pcf,rac,0,961759,252
random_n300_rho0.3_uncorr-neg_seed6.pcf,hfma,0,381865,244
random_n300_rho0.3_uncorr-neg_seed6.pcf,rac,0,1287582,244
random_n300_rho0.3_uncorr-neg_seed7.pcf,hfma,0,582028,256
random_n300_rho0.3_uncorr-neg_seed7.pcf,rac,0,1806649,256
random_n300_rho0.3_uncorr-neg_seed8.pcf,hfma,0,564465,251
random_n300_rho0.3_uncorr-neg_seed8.pcf,rac,0,1594295,251
random_n300_rho0.3_uncorr-neg_seed9.pcf,hfma,0,520092,261
random_n300_rho0.3_uncorr-neg_seed9.pcf,rac,0,1373858,261
random_n300_rho0.3_uncorr_seed0.pcf,hfma,0,586442,241
random_n300_rho0.3_uncorr_seed0.pcf,rac,0,1684568,241
random_n300_rho0.3_uncorr_seed1.pcf,hfma,0,486322,266
random_n300_rho0.3_uncorr_seed1.pcf,rac,0,1172088,266
random_n300_rho0.3_uncorr_seed2.pcf,hfma,0,410181,257
random_n300_rho0.3_uncorr_seed2.pcf,rac,0,1217370,257
random_n300_rho0.3_uncorr_seed3.pcf,hfma,0,543530,261
random_n300_rho0.3_uncorr_seed3.pcf,rac,0,1402472,261
random_n300_rho0.3_uncorr_seed4.pcf,hfma,0,274390,253
random_n300_rho0.3_uncorr_seed4.pcf,rac,0,752022,253
random_n300_rho0.3_uncorr_seed5.pcf,hfma,0,259203,255
random_n300_rho0.3_uncorr_seed5.pcf,rac,0,781889,255
random_n300_rho0.3_uncorr_seed6.pcf,hfma,0,209136,250
random_n300_rho0.3_uncorr_seed6.pcf,rac,0,612624,250
random_n300_rho0.3_uncorr_seed7.pcf,hfma,0,113378,254
random_n300_rho0.3_uncorr_seed7.pcf,rac,0,333441,254
random_n300_rho0.3_uncorr_seed8.pcf,hfma,0,140382,257
random_n300_rho0.3_uncorr_seed8.pcf,rac,0,385034,257
random_n300_rho0.3_uncorr_seed9.pcf,hfma,0,286237,250
random_n300_rho0.3_uncorr_seed9.pcf,rac,0,943486,250
random_n300_rho0.3_weakly-corr-neg_seed0.pcf,hfma,0,224061,253
random_n300_rho0.3_weakly-corr-neg_seed0.pcf,rac,0,697347,253
random_n300_rho0.3_weakly-corr-neg_seed1.pcf,hfma,0,343697,262
random_n300_rho0.3_weakly-corr-neg_seed1.pcf,rac,0,700323,262
random_n300_rho0.3_weakly-corr-neg_seed2.pcf,hfma,0,406813,249
random_n300_rho0.3_weakly-corr-neg_seed2.pcf,rac,0,978918,249
random_n300_rho0.3_weakly-corr-neg_seed3.pcf,hfma,0,285897,261
random_n300_rho0.3_weakly-corr-neg_seed3.pcf,rac,0,808873,261
random_n300_rho0.3_weakly-corr-neg_seed4.pcf,hfma,0,315631,260
random_n300_rho0.3_weakly-corr-neg_seed4.pcf,rac,0,788081,260
random_n300_rho0.3_weakly-corr-neg_seed5.pcf,hfma,0,337930,245
random_n300_rho0.3_weakly-corr-neg_seed5.pcf,rac,0,1052959,245
random_n300_rho0.3_weakly-corr-neg_seed6.pcf,hfma,0,402541,258
random_n300_rho0.3_weakly-corr-neg_seed6.pcf,rac,0,1183581,258
random_n300_rho0.3_weakly-corr-neg_seed7.pcf,hfma,0,566210,258
random_n300_rho0.3_weakly-corr-neg_seed7.pcf,rac,0,1158282,258
random_n300_rho0.3_weakly-corr-neg_seed8.pcf,hfma,0,500422,255
random_n300_rho0.3_weakly-corr-neg_seed8.pcf,rac,0,792910,255
random_n300_rho0.3_weakly-corr-neg_seed9.pcf,hfma,0,206589,257
random_n300_rho0.3_weakly-corr-neg_seed9.pcf,rac,0,555508,257
random_n300_rho0.3_weakly-corr_seed0.pcf,hfma,0,164398,265
random_n300_rho0.3_weakly-corr_seed0.pcf,rac,0,448677,265
random_n300_rho0.3_weakly-corr_seed1.pcf,hfma,0,178495,258
random_n300_rho0.3_weakly-corr_seed1.pcf,rac,0,488490,258
random_n300_rho0.3_weakly-corr_seed2.pcf,hfma,0,108011,248
random_n300_rho0.3_weakly-corr_seed2.pcf,rac,0,313413,248
random_n300_rho0.3_weakly-corr_seed3.pcf,hfma,0,160880,248
random_n300_rho0.3_weakly-corr_seed3.pcf,rac,0,480959,248
random_n300_rho0.3_weakly-corr_seed4.pcf,hfma,0,215678,266
random_n300_rho0.3_weakly-corr_seed4.pcf,rac,0,641239,266
random_n300_rho0.3_weakly-corr_seed5.pcf,hfma,0,176106,252
random_n300_rho0.3_weakly-corr_seed5.pcf,rac,0,566588,252
random_n300_rho0.3_weakly-corr_seed6.pcf,hfma,0,383972,252
random_n300_rho0.3_weakly-corr_seed6.pcf,rac,0,1073030,252
random_n300_rho0.3_weakly-corr_seed7.pcf,hfma,0,303079,255
random_n300_rho0.3_weakly-corr_seed7.pcf,rac,0,854124,255
random_n300_rho0.3_weakly-corr_seed8.pcf,hfma,0,385066,255
random_n300_rho0.3_weakly-corr_seed8.pcf,rac,0,1060214,255
random_n300_rho0.3_weakly-corr_seed9.pcf,hfma,0,522880,255
random_n300_rho0.3_weakly-corr_seed9.pcf,rac,0,1381237,255
random_n300_rho0.6_strongly-corr-neg_seed0.pcf,hfma,0,729981,196
random_n300_rho0.6_strongly-corr-neg_seed0.pcf,rac,0,1961494,196
random_n300_rho0.6_strongly-corr-neg_seed1.pcf,hfma,0,332462,197
random_n300_rho0.6_strongly-corr-neg_seed1.pcf,rac,0,839049,197
random_n300_rho0.6_strongly-corr-neg_seed2.pcf,hfma,0,311483,210
random_n300_rho0.6_strongly-corr-neg_seed2.pcf,rac,0,907356,210
random_n300_rho0.6_strongly-corr-neg_seed3.pcf,hfma,0,343668,207
random_n300_rho0.6_strongly-corr-neg_seed3.pcf,rac,0,1123657,207
random_n300_rho0.6_strongly-corr-neg_seed4.pcf,hfma,0,218735,203
random_n300_rho0.6_strongly-corr-neg_seed4.pcf,rac,0,681883,203
random_n300_rho0.6_strongly-corr-neg_seed5.pcf,hfma,0,322069,193
random_n300_rho0.6_strongly-corr-neg_seed5.pcf,rac,0,1295324,193
random_n300_rho0.6_strongly-corr-neg_seed6.pcf,hfma,0,461989,198
random_n300_rho0.6_strongly-corr-neg_seed6.pcf,rac,0,1591742,198
random_n300_rho0.6_strongly-corr-neg_seed7.pcf,hfma,0,739437,194
random_n300_rho0.6_strongly-corr-neg_seed7.pcf,rac,0,1743529,194
random_n300_rho0.6_strongly-corr-neg_seed8.pcf,hfma,0,549917,211
random_n300_rho0.6_strongly-corr-neg_seed8.pcf,rac,0,1309218,211
random_n300_rho0.6_strongly-corr-neg_seed9.pcf,hfma,0,455556,210
random_n300_rho0.6_strongly-corr-neg_seed9.pcf,rac,0,1453946,210
random_n300_rho0.6_strongly-corr_seed0.pcf,hfma,0,401314,183
random_n300_rho0.6_strongly-corr_seed0.pcf,rac,0,1454067,183
random_n300_rho0.6_strongly-corr_seed1.pcf,hfma,0,582403,196
random_n300_rho0.6_strongly-corr_seed1.pcf,rac,0,2175812,196
random_n300_rho0.6_strongly-corr_seed2.pcf,hfma,0,911783,186
random_n300_rho0.6_strongly-corr_seed2.pcf,rac,0,1805810,186
random_n300_rho0.6_strongly-corr_seed3.pcf,hfma,0,534203,197
random_n300_rho0.6_strongly-corr_seed3.pcf,rac,0,1849855,197
random_n300_rho0.6_strongly-corr_seed4.pcf,hfma,0,689454,192
random_n300_rho0.6_strongly-corr_seed4.pcf,rac,0,2560105,192
random_n300_rho0.6_strongly-corr_seed5.pcf,hfma,0,925504,196
random_n300_rho0.6_strongly-corr_seed5.pcf,rac,0,2592854,196
random_n300_rho0.6_strongly-corr_seed6.pcf,hfma,0,534587,187
random_n300_rho0.6_strongly-corr_seed6.pcf,rac,0,1400939,187
random_n300_rho0.6_strongly-corr_seed7.pcf,hfma,0,469894,179
random_n300_rho0.6_strongly-corr_seed7.pcf,rac,0,1339726,179
random_n300_rho0.6_strongly-corr_seed8.pcf,hfma,0,247677,197
random_n300_rho0.6_strongly-corr_seed8.pcf,rac,0,905465,197
random_n300_rho0.6_strongly-corr_seed9.pcf,hfma,0,199376,203
random_n300_rho0.6_strongly-corr_seed9.pcf,rac,0,650943,203
random_n300_rho0.6_uncorr-neg_seed0.pcf,hfma,0,375337,223
random_n300_rho0.6_uncorr-neg_seed0.pcf,rac,0,1127099,223
random_n300_rho0.6_uncorr-neg_seed1.pcf,hfma,0,660751,202
random_n300_rho0.6_uncorr-neg_seed1.pcf,rac,0,2254372,202
random_n300_rho0.6_uncorr-neg_seed2.pcf,hfma,0,734642,209
random_n300_rho0.6_uncorr-neg_seed2.pcf,rac,0,1561754,209
random_n300_rho0.6_uncorr-neg_seed3.pcf,hfma,0,515130,215
random_n300_rho0.6_uncorr-neg_seed3.pcf,rac,0,1863823,215
random_n300_rho0.6_uncorr-neg_seed4.pcf,hfma,0,870337,215
random_n300_rho0.6_uncorr-neg_seed4.pcf,rac,0,2917148,215
random_n300_rho0.6_uncorr-neg_seed5.pcf,hfma,0,1049644,208
random_n300_rho0.6_uncorr-neg_seed5.pcf,rac,0,3378784,208
random_n300_rho0.6_uncorr-neg_seed6.pcf,hfma,0,1031698,217
random_n300_rho0.6_uncorr-neg_seed6.pcf,rac,0,2999716,217
random_n300_rho0.6_uncorr-neg_seed7.pcf,hfma,0,925021,209
random_n300_rho0.6_uncorr-neg_seed7.pcf,rac,0,2982510,209
random_n300_rho0.6_uncorr-neg_seed8.pcf,hfma,0,925930,209
random_n300_rho0.6_uncorr-neg_seed8.pcf,rac,0,3685987,209
random_n300_rho0.6_uncorr-neg_seed9.pcf,hfma,0,1006082,212
random_n300_rho0.6_uncorr-neg_seed9.pcf,rac,0,3174627,212
random_n300_rho0.6_uncorr_seed0.pcf,hfma,0,1114448,203
random_n300_rho0.6_uncorr_seed0.pcf,rac,0,4307608,203
random_n300_rho0.6_uncorr_seed1.pcf,hfma,0,1018548,215
random_n300_rho0.6_uncorr_seed1.pcf,rac,0,3197913,215
random_n300_rho0.6_uncorr_seed2.pcf,hfma,0,1544742,215
random_n300_rho0.6_uncorr_seed2.pcf,rac,0,3149336,215
random_n300_rho0.6_uncorr_seed3.pcf,hfma,0,1162587,197
random_n300_rho0.6_uncorr_seed3.pcf,rac,0,2982607,197
random_n300_rho0.6_uncorr_seed4.pcf,hfma,0,876074,207
random_n300_rho0.6_uncorr_seed4.pcf,rac,0,2866396,207
random_n300_rho0.6_uncorr_seed5.pcf,hfma,0,948211,202
random_n300_rho0.6_uncorr_seed5.pcf,rac,0,2975017,202
random_n300_rho0.6_uncorr_seed6.pcf,hfma,0,1091953,210
random_n300_rho0.6_uncorr_seed6.pcf,rac,0,2977760,210
random_n300_rho0.6_uncorr_seed7.pcf,hfma,0,1004414,212
random_n300_rho0.6_uncorr_seed7.pcf,rac,0,3176992,212
random_n300_rho0.6_uncorr_seed8.pcf,hfma,0,988991,208
random_n300_rho0.6_uncorr_seed8.pcf,rac,0,2866439,208
random_n300_rho0.6_uncorr_seed9.pcf,hfma,0,523155,208
random_n300_rho0.6_uncorr_seed9.pcf,rac,0,1188600,208
random_n300_rho0.6_weakly-corr-neg_seed0.pcf,hfma,0,564208,209
random_n300_rho0.6_weakly-corr-neg_seed0.pcf,rac,0,1675352,209
random_n300_rho0.6_weakly-corr-neg_seed1.pcf,hfma,0,325639,208
random_n300_rho0.6_weakly-corr-neg_seed1.pcf,rac,0,891285,208
random_n300_rho0.6_weakly-corr-neg_seed2.pcf,hfma,0,536804,223
random_n300_rho0.6_weakly-corr-neg_seed2.pcf,rac,0,2074833,223
random_n300_rho0.6_weakly-corr-neg_seed3.pcf,hfma,0,357912,217
random_n300_rho0.6_weakly-corr-neg_seed3.pcf,rac,0,976637,217
random_n300_rho0.6_weakly-corr-neg_seed4.pcf,hfma,0,299351,210
random_n300_rho0.6_weakly-corr-neg_seed4.pcf,rac,0,1038463,210
random_n300_rho0.6_weakly-corr-neg_seed5.pcf,hfma,0,622909,207
random_n300_rho0.6_weakly-corr-neg_seed5.pcf,rac,0,1875601,207
random_n300_rho0.6_weakly-corr-neg_seed6.pcf,hfma,0,448542,212
random_n300_rho0.6_weakly-corr-neg_seed6.pcf,rac,0,1061826,212
random_n300_rho0.6_weakly-corr-neg_seed7.pcf,hfma,0,529122,211
random_n300_rho0.6_weakly-corr-neg_seed7.pcf,rac,0,1743757,211
random_n300_rho0.6_weakly-corr-neg_seed8.pcf,hfma,0,551283,210
random_n300_rho0.6_weakly-corr-neg_seed8.pcf,rac,0,1795749,210
random_n300_rho0.6_weakly-corr-neg_seed9.pcf,hfma,0,428573,209
random_n300_rho0.6_weakly-corr-neg_seed9.pcf,rac,0,1165762,209
random_n300_rho0.6_weakly-corr_seed0.pcf,hfma,0,437163,216
random_n300_rho0.6_weakly-corr_seed0.pcf,rac,0,1545562,216
random_n300_rho0.6_weakly-corr_seed1.pcf,hfma,0,493999,213
random_n300_rho0.6_weakly-corr_seed1.pcf,rac,0,1253324,213
random_n300_rho0.6_weakly-corr_seed2.pcf,hfma,0,388498,204
random_n300_rho0.6_weakly-corr_seed2.pcf,rac,0,1294789,204
random_n300_rho0.6_weakly-corr_seed3.pcf,hfma,0,742175,205
random_n300_rho0.6_weakly-corr_seed3.pcf,rac,0,2650741,205
random_n300_rho0.6_weakly-corr_seed4.pcf,hfma,0,789869,204
random_n300_rho0.6_weakly-corr_seed4.pcf,rac,0,1848860,204
random_n300_rho0.6_weakly-corr_seed5.pcf,hfma,0,938026,207
random_n300_rho0.6_weakly-corr_seed5.pcf,rac,0,2675200,207
random_n300_rho0.6_weakly-corr_seed6.pcf,hfma,0,1204272,214
random_n300_rho0.6_weakly-corr_seed6.pcf,rac,0,3100987,214
random_n300_rho0.6_weakly-corr_seed7.pcf,hfma,0,479811,216
random_n300_rho0.6_weakly-corr_seed7.pcf,rac,0,1704425,216
random_n300_rho0.6_weakly-corr_seed8.pcf,hfma,0,773834,218
random_n300_rho0.6_weakly-corr_seed8.pcf,rac,0,3366397,218
random_n300_rho0.6_weakly-corr_seed9.pcf,hfma,0,1045146,229
random_n300_rho0.6_weakly-corr_seed9.pcf,rac,0,3051826,229
random_n300_rho0.9_strongly-corr-neg_seed0.pcf,hfma,0,1885986,167
random_n300_rho0.9_strongly-corr-neg_seed0.pcf,rac,0,3329373,167
random_n300_rho0.9_strongly-corr-neg_seed1.pcf,hfma,0,908603,167
random_n300_rho0.9_strongly-corr-neg_seed1.pcf,rac,0,2380421,167
random_n300_rho0.9_strongly-corr-neg_seed2.pcf,hfma,0,1291604,171
random_n300_rho0.9_strongly-corr-neg_seed2.pcf,rac,0,2492701,171
random_n300_rho0.9_strongly-corr-neg_seed3.pcf,hfma,0,535811,170
random_n300_rho0.9_strongly-corr-neg_seed3.pcf,rac,0,1432004,170
random_n300_rho0.9_strongly-corr-neg_seed4.pcf,hfma,0,1077505,149
random_n300_rho0.9_strongly-corr-neg_seed4.pcf,rac,0,3597032,149
random_n300_rho0.9_strongly-corr-neg_seed5.pcf,hfma,0,1593480,153
random_n300_rho0.9_strongly-corr-neg_seed5.pcf,rac,0,4489423,153
random_n300_rho0.9_strongly-corr-neg_seed6.pcf,hfma,0,2250452,144
random_n300_rho0.9_strongly-corr-neg_seed6.pcf,rac,0,5217393,144
random_n300_rho0.9_strongly-corr-neg_seed7.pcf,hfma,0,2304583,159
random_n300_rho0.9_strongly-corr-neg_seed7.pcf,rac,0,5895600,159
random_n300_rho0.9_strongly-corr-neg_seed8.pcf,hfma,0,1449605,166
random_n300_rho0.9_strongly-corr-neg_seed8.pcf,rac,0,2664619,166
random_n300_rho0.9_strongly-corr-neg_seed9.pcf,hfma,0,1451854,159
random_n300_rho0.9_strongly-corr-neg_seed9.pcf,rac,0,3454305,159
random_n300_rho0.9_strongly-corr_seed0.pcf,hfma,0,1377792,167
random_n300_rho0.9_strongly-corr_seed0.pcf,rac,0,3868895,167
random_n300_rho0.9_strongly-corr_seed1.pcf,hfma,0,1988606,171
random_n300_rho0.9_strongly-corr_seed1.pcf,rac,0,5120442,171
random_n300_rho0.9_strongly-corr_seed2.pcf,hfma,0,2081453,153
random_n300_rho0.9_strongly-corr_seed2.pcf,rac,0,4969753,153
random_n300_rho0.9_strongly-corr_seed3.pcf,hfma,0,1893782,155
random_n300_rho0.9_strongly-corr_seed3.pcf,rac,0,4961885,155
random_n300_rho0.9_strongly-corr_seed4.pcf,hfma,0,1745231,160
random_n300_rho0.9_strongly-corr_seed4.pcf,rac,0,4805062,160
random_n300_rho0.9_strongly-corr_seed5.pcf,hfma,0,2419796,159
random_n300_rho0.9_strongly-corr_seed5.pcf,rac,0,4781677,159
random_n300_rho0.9_strongly-corr_seed6.pcf,hfma,0,1927891,146
random_n300_rho0.9_strongly-corr_seed6.pcf,rac,0,4436497,146
random_n300_rho0.9_strongly-corr_seed7.pcf,hfma,0,1259474,158
random_n300_rho0.9_strongly-corr_seed7.pcf,rac,0,4258657,158
random_n300_rho0.9_strongly-corr_seed8.pcf,hfma,0,2768554,166
random_n300_rho0.9_strongly-corr_seed8.pcf,rac,0,4640950,166
random_n300_rho0.9_strongly-corr_seed9.pcf,hfma,0,1701824,162
random_n300_rho0.9_strongly-corr_seed9.pcf,rac,0,4172321,162
random_n300_rho0.9_uncorr-neg_seed0.pcf,hfma,0,2096504,176
random_n300_rho0.9_uncorr-neg_seed0.pcf,rac,0,5036886,176
random_n300_rho0.9_uncorr-neg_seed1.pcf,hfma,0,1998223,168
random_n300_rho0.9_uncorr-neg_seed1.pcf,rac,0,2975337,168
random_n300_rho0.9_uncorr-neg_seed2.pcf,hfma,0,2881923,176
random_n300_rho0.9_uncorr-neg_seed2.pcf,rac,0,5136895,176
random_n300_rho0.9_uncorr-neg_seed3.pcf,hfma,0,2276618,168
random_n300_rho0.9_uncorr-neg_seed3.pcf,rac,0,4862212,168
random_n300_rho0.9_uncorr-neg_seed4.pcf,hfma,0,1759847,167
random_n300_rho0.9_uncorr-neg_seed4.pcf,rac,0,2963422,167
random_n300_rho0.9_uncorr-neg_seed5.pcf,hfma,0,2008872,171
random_n300_rho0.9_uncorr-neg_seed5.pcf,rac,0,4814090,171
random_n300_rho0.9_uncorr-neg_seed6.pcf,hfma,0,1394194,156
random_n300_rho0.9_uncorr-neg_seed6.pcf,rac,0,2806105,156
random_n300_rho0.9_uncorr-neg_seed7.pcf,hfma,0,961963,165
random_n300_rho0.9_uncorr-neg_seed7.pcf,rac,0,3265569,165
random_n300_rho0.9_uncorr-neg_seed8.pcf,hfma,0,1129203,177
random_n300_rho0.9_uncorr-neg_seed8.pcf,rac,0,2543860,177
random_n300_rho0.9_uncorr-neg_seed9.pcf,hfma,0,746874,158
random_n300_rho0.9_uncorr-neg_seed9.pcf,rac,0,1351301,158
random_n300_rho0.9_uncorr_seed0.pcf,hfma,0,671294,167
random_n300_rho0.9_uncorr_seed0.pcf,rac,0,1555769,167
random_n300_rho0.9_uncorr_seed1.pcf,hfma,0,659005,152
random_n300_rho0.9_uncorr_seed1.pcf,rac,0,1966554,152
random_n300_rho0.9_uncorr_seed2.pcf,hfma,0,604897,173
random_n300_rho0.9_uncorr_seed2.pcf,rac,0,1424154,173
random_n300_rho0.9_uncorr_seed3.pcf,hfma,0,1106129,157
random_n300_rho0.9_uncorr_seed3.pcf,rac,0,2944243,157
random_n300_rho0.9_uncorr_seed4.pcf,hfma,0,1229623,161
random_n300_rho0.9_uncorr_seed4.pcf,rac,0,3631473,161
random_n300_rho0.9_uncorr_seed5.pcf,hfma,0,1615143,178
random_n300_rho0.9_uncorr_seed5.pcf,rac,0,2488642,178
random_n300_rho0.9_uncorr_seed6.pcf,hfma,0,801346,173
random_n300_rho0.9_uncorr_seed6.pcf,rac,0,2239079,173
random_n300_rho0.9_uncorr_seed7.pcf,hfma,0,833925,170
random_n300_rho0.9_uncorr_seed7.pcf,rac,0,2443085,170
random_n300_rho0.9_uncorr_seed8.pcf,hfma,0,1743273,157
random_n300_rho0.9_uncorr_seed8.pcf,rac,0,2069459,157
random_n300_rho0.9_uncorr_seed9.pcf,hfma,0,1685232,167
random_n300_rho0.9_uncorr_seed9.pcf,rac,0,3404778,167
random_n300_rho0.9_weakly-corr-neg_seed0.pcf,hfma,0,3380954,169
random_n300_rho0.9_weakly-corr-neg_seed0.pcf,rac,0,5428529,169
random_n300_rho0.9_weakly-corr-neg_seed1.pcf,hfma,0,1926343,153
random_n300_rho0.9_weakly-corr-neg_seed1.pcf,rac,0,5118754,153
random_n300_rho0.9_weakly-corr-neg_seed2.pcf,hfma,0,2386318,170
random_n300_rho0.9_weakly-corr-neg_seed2.pcf,rac,0,5479974,170
random_n300_rho0.9_weakly-corr-neg_seed3.pcf,hfma,0,3123609,166
random_n300_rho0.9_weakly-corr-neg_seed3.pcf,rac,0,4958859,166
random_n300_rho0.9_weakly-corr-neg_seed4.pcf,hfma,0,446832,173
random_n300_rho0.9_weakly-corr-neg_seed4.pcf,rac,0,1133218,173
random_n300_rho0.9_weakly-corr-neg_seed5.pcf,hfma,0,698607,167
random_n300_rho0.9_weakly-corr-neg_seed5.pcf,rac,0,1548227,167
random_n300_rho0.9_weakly-corr-neg_seed6.pcf,hfma,0,828377,165
random_n300_rho0.9_weakly-corr-neg_seed6.pcf,rac,0,2349399,165
random_n300_rho0.9_weakly-corr-neg_seed7.pcf,hfma,0,1808694,159
random_n300_rho0.9_weakly-corr-neg_seed7.pcf,rac,0,4610046,159
random_n300_rho0.9_weakly-corr-neg_seed8.pcf,hfma,0,1275262,168
random_n300_rho0.9_weakly-corr-neg_seed8.pcf,rac,0,2933940,168
random_n300_rho0.9_weakly-corr-neg_seed9.pcf,hfma,0,2467189,157
random_n300_rho0.9_weakly-corr-neg_seed9.pcf,rac,0,6193404,157
random_n300_rho0.9_weakly-corr_seed0.pcf,hfma,0,2316710,165
random_n300_rho0.9_weakly-corr_seed0.pcf,rac,0,5821390,165
random_n300_rho0.9_weakly-corr_seed1.pcf,hfma,0,2536092,162
random_n300_rho0.9_weakly-corr_seed1.pcf,rac,0,5450929,162
random_n300_rho0.9_weakly-corr_seed2.pcf,hfma,0,1196913,167
random_n300_rho0.9_weakly-corr_seed2.pcf,rac,0,4050144,167
random_n300_rho0.9_weakly-corr_seed3.pcf,hfma,0,2542112,167
random_n300_rho0.9_weakly-corr_seed3.pcf,rac,0,5987180,167
random_n300_rho0.9_weakly-corr_seed4.pcf,hfma,0,1591919,166
random_n300_rho0.9_weakly-corr_seed4.pcf,rac,0,5453862,166
random_n300_rho0.9_weakly-corr_seed5.pcf,hfma,0,2576515,147
random_n300_rho0.9_weakly-corr_seed5.pcf,rac,0,3933965,147
random_n300_rho0.9_weakly-corr_seed6.pcf,hfma,0,1668455,166
random_n300_rho0.9_weakly-corr_seed6.pcf,rac,0,4982786,166
random_n300_rho0.9_weakly-corr_seed7.pcf,hfma,0,1874107,168
random_n300_rho0.9_weakly-corr_seed7.pcf,rac,0,6062801,168
random_n300_rho0.9_weakly-corr_seed8.pcf,hfma,0,1240346,164
random_n300_rho0.9_weakly-corr_seed8.pcf,rac,0,2740143,164
random_n300_rho0.9_weakly-corr_seed9.pcf,hfma,0,1352456,178
random_n300_rho0.9_weakly-corr_seed9.pcf,rac,0,4062805,178
random_n300_rho1.0_strongly-corr-neg_seed0.pcf,hfma,0,2147342,168
random_n300_rho1.0_strongly-corr-neg_seed0.pcf,rac,0,6160930,168
random_n300_rho1.0_strongly-corr-neg_seed1.pcf,hfma,0,3783543,141
random_n300_rho1.0_strongly-corr-neg_seed1.pcf,rac,0,6092103,141
random_n300_rho1.0_strongly-corr-neg_seed2.pcf,hfma,0,2813034,147
random_n300_rho1.0_strongly-corr-neg_seed2.pcf,rac,0,6438483,147
random_n300_rho1.0_strongly-corr-neg_seed3.pcf,hfma,0,2175953,161
random_n300_rho1.0_strongly-corr-neg_seed3.pcf,rac,0,4247067,161
random_n300_rho1.0_strongly-corr-neg_seed4.pcf,hfma,0,1765911,143
random_n300_rho1.0_strongly-corr-neg_seed4.pcf,rac,0,2757409,143
random_n300_rho1.0_strongly-corr-neg_seed5.pcf,hfma,0,1999715,141
random_n300_rho1.0_strongly-corr-neg_seed5.pcf,rac,0,2684241,141
random_n300_rho1.0_strongly-corr-neg_seed6.pcf,hfma,0,1074181,146
random_n300_rho1.0_strongly-corr-neg_seed6.pcf,rac,0,3300793,146
random_n300_rho1.0_strongly-corr-neg_seed7.pcf,hfma,0,3235969,157
random_n300_rho1.0_strongly-corr-neg_seed7.pcf,rac,0,5674672,157
random_n300_rho1.0_strongly-corr-neg_seed8.pcf,hfma,0,3001417,139
random_n300_rho1.0_strongly-corr-neg_seed8.pcf,rac,0,4400873,139
random_n300_rho1.0_strongly-corr-neg_seed9.pcf,hfma,0,2284303,140
random_n300_rho1.0_strongly-corr-neg_seed9.pcf,rac,0,6139479,140
random_n300_rho1.0_strongly-corr_seed0.pcf,hfma,0,3021057,150
random_n300_rho1.0_strongly-corr_seed0.pcf,rac,0,2258218,150
random_n300_rho1.0_strongly-corr_seed1.pcf,hfma,0,1343264,151
random_n300_rho1.0_strongly-corr_seed1.pcf,rac,0,4409875,151
random_n300_rho1.0_strongly-corr_seed2.pcf,hfma,0,3904632,137
random_n300_rho1.0_strongly-corr_seed2.pcf,rac,0,4063139,137
random_n300_rho1.0_strongly-corr_seed3.pcf,hfma,0,1158115,139
random_n300_rho1.0_strongly-corr_seed3.pcf,rac,0,2963904,139
random_n300_rho1.0_strongly-corr_seed4.pcf,hfma,0,1766099,140
random_n300_rho1.0_strongly-corr_seed4.pcf,rac,0,6001482,140
random_n300_rho1.0_strongly-corr_seed5.pcf,hfma,0,4003148,151
random_n300_rho1.0_strongly-corr_seed5.pcf,rac,0,6487591,151
random_n300_rho1.0_strongly-corr_seed6.pcf,hfma,0,2803176,143
random_n300_rho1.0_strongly-corr_seed6.pcf,rac,0,3440593,143
random_n300_rho1.0_strongly-corr_seed7.pcf,hfma,0,2735954,134
random_n300_rho1.0_strongly-corr_seed7.pcf,rac,0,6217317,134
random_n300_rho1.0_strongly-corr_seed8.pcf,hfma,0,3415419,148
random_n300_rho1.0_strongly-corr_seed8.pcf,rac,0,6334578,148
random_n300_rho1.0_strongly-corr_seed9.pcf,hfma,0,3798190,148
random_n300_rho1.0_strongly-corr_seed9.pcf,rac,0,5434390,148
random_n300_rho1.0_uncorr-neg_seed0.pcf,hfma,0,3268316,147
random_n300_rho1.0_uncorr-neg_seed0.pcf,rac,0,5870654,147
random_n300_rho1.0_uncorr-neg_seed1.pcf,hfma,0,4565296,159
random_n300_rho1.0_uncorr-neg_seed1.pcf,rac,0,5686455,159
random_n300_rho1.0_uncorr-neg_seed2.pcf,hfma,0,2628228,159
random_n300_rho1.0_uncorr-neg_seed2.pcf,rac,0,6779243,159
random_n300_rho1.0_uncorr-neg_seed3.pcf,hfma,0,4139633,139
random_n300_rho1.0_uncorr-neg_seed3.pcf,rac,0,4524364,139
random_n300_rho1.0_uncorr-neg_seed4.pcf,hfma,0,3086568,154
random_n300_rho1.0_uncorr-neg_seed4.pcf,rac,0,7003940,154
random_n300_rho1.0_uncorr-neg_seed5.pcf,hfma,0,2188507,146
random_n300_rho1.0_uncorr-neg_seed5.pcf,rac,0,2538831,146
random_n300_rho1.0_uncorr-neg_seed6.pcf,hfma,0,888095,152
random_n300_rho1.0_uncorr-neg_seed6.pcf,rac,0,2242010,152
random_n300_rho1.0_uncorr-neg_seed7.pcf,hfma,0,1383948,155
random_n300_rho1.0_uncorr-neg_seed7.pcf,rac,0,3427323,155
random_n300_rho1.0_uncorr-neg_seed8.pcf,hfma,0,3077855,148
random_n300_rho1.0_uncorr-neg_seed8.pcf,rac,0,4985694,148
random_n300_rho1.0_uncorr-neg_seed9.pcf,hfma,0,2586604,151
random_n300_rho1.0_uncorr-neg_seed9.pcf,rac,0,6515540,151
random_n300_rho1.0_uncorr_seed0.pcf,hfma,0,2724258,155
random_n300_rho1.0_uncorr_seed0.pcf,rac,0,6255452,155
random_n300_rho1.0_uncorr_seed1.pcf,hfma,0,3011582,150
random_n300_rho1.0_uncorr_seed1.pcf,rac,0,5865713,150
random_n300_rho1.0_uncorr_seed2.pcf,hfma,0,2900063,156
random_n300_rho1.0_uncorr_seed2.pcf,rac,0,5698599,156
random_n300_rho1.0_uncorr_seed3.pcf,hfma,0,2542824,151
random_n300_rho1.0_uncorr_seed3.pcf,rac,0,6068524,151
random_n300_rho1.0_uncorr_seed4.pcf,hfma,0,2926277,156
random_n300_rho1.0_uncorr_seed4.pcf,rac,0,6258218,156
random_n300_rho1.0_uncorr_seed5.pcf,hfma,0,4688991,146
random_n300_rho1.0_uncorr_seed5.pcf,rac,0,6415866,146
random_n300_rho1.0_uncorr_seed6.pcf,hfma,0,3686004,143
random_n300_rho1.0_uncorr_seed6.pcf,rac,0,6145152,143
random_n300_rho1.0_uncorr_seed7.pcf,hfma,0,2220584,155
random_n300_rho1.0_uncorr_seed7.pcf,rac,0,5869497,155
random_n300_rho1.0_uncorr_seed8.pcf,hfma,0,2742720,153
random_n300_rho1.0_uncorr_seed8.pcf,rac,0,6523708,153
random_n300_rho1.0_uncorr_seed9.pcf,hfma,0,3749640,136
random_n300_rho1.0_uncorr_seed9.pcf,rac,0,6145736,136
random_n300_rho1.0_weakly-corr-neg_seed0.pcf,hfma,0,3000473,156
random_n300_rho1.0_weakly-corr-neg_seed0.pcf,rac,0,6071196,156
random_n300_rho1.0_weakly-corr-neg_seed1.pcf,hfma,0,3430852,157
random_n300_rho1.0_weakly-corr-neg_seed1.pcf,rac,0,5750064,157
random_n300_rho1.0_weakly-corr-neg_seed2.pcf,hfma,0,3453396,151
random_n300_rho1.0_weakly-corr-neg_seed2.pcf,rac,0,5572050,151
random_n300_rho1.0_weakly-corr-neg_seed3.pcf,hfma,0,2409330,150
random_n300_rho1.0_weakly-corr-neg_seed3.pcf,rac,0,5840554,150
random_n300_rho1.0_weakly-corr-neg_seed4.pcf,hfma,0,3666478,157
random_n300_rho1.0_weakly-corr-neg_seed4.pcf,rac,0,5886249,157
random_n300_rho1.0_weakly-corr-neg_seed5.pcf,hfma,0,3066239,152
random_n300_rho1.0_weakly-corr-neg_seed5.pcf,rac,0,5746435,152
random_n300_rho1.0_weakly-corr-neg_seed6.pcf,hfma,0,3694757,150
random_n300_rho1.0_weakly-corr-neg_seed6.pcf,rac,0,5428644,150
random_n300_rho1.0_weakly-corr-neg_seed7.pcf,hfma,0,2063670,147
random_n300_rho1.0_weakly-corr-neg_seed7.pcf,rac,0,5639428,147
random_n300_rho1.0_weakly-corr-neg_seed8.pcf,hfma,0,4165448,154
random_n300_rho1.0_weakly-corr-neg_seed8.pcf,rac,0,5454094,154
random_n300_rho1.0_weakly-corr-neg_seed9.pcf,hfma,0,2129052,146
random_n300_rho1.0_weakly-corr-neg_seed9.pcf,rac,0,3250958,146
random_n300_rho1.0_weakly-corr_seed0.pcf,hfma,0,2418910,145
random_n300_rho1.0_weakly-corr_seed0.pcf,rac,0,3403338,145
random_n300_rho1.0_weakly-corr_seed1.pcf,hfma,0,1515468,158
random_n300_rho1.0_weakly-corr_seed1.pcf,rac,0,2731844,158
random_n300_rho1.0_weakly-corr_seed2.pcf,hfma,0,656252,141
random_n300_rho1.0_weakly-corr_seed2.pcf,rac,0,1651684,141
random_n300_rho1.0_weakly-corr_seed3.pcf,hfma,0,949056,138
random_n300_rho1.0_weakly-corr_seed3.pcf,rac,0,2484153,138
random_n300_rho1.0_weakly-corr_seed4.pcf,hfma,0,2433368,144
random_n300_rho1.0_weakly-corr_seed4.pcf,rac,0,5118585,144
random_n300_rho1.0_weakly-corr_seed5.pcf,hfma,0,2347730,155
random_n300_rho1.0_weakly-corr_seed5.pcf,rac,0,6520024,155
random_n300_rho1.0_weakly-corr_seed6.pcf,hfma,0,3627405,152
random_n300_rho1.0_weakly-corr_seed6.pcf,rac,0,6454297,152
random_n300_rho1.0_weakly-corr_seed7.pcf,hfma,0,3124961,158
random_n300_rho1.0_weakly-corr_seed7.pcf,rac,0,4456678,158
random_n300_rho1.0_weakly-corr_seed8.pcf,hfma,0,1560320,165
random_n300_rho1.0_weakly-corr_seed8.pcf,rac,0,2438727,165
random_n300_rho1.0_weakly-corr_seed9.pcf,hfma,0,874327,140
random_n300_rho1.0_weakly-corr_seed9.pcf,rac,0,1396950,140
random_n400_rho0.3_strongly-corr-neg_seed0.pcf,hfma,0,221202,321
random_n400_rho0.3_strongly-corr-neg_seed0.pcf,rac,0,628661,321
random_n400_rho0.3_strongly-corr-neg_seed1.pcf,hfma,0,148535,311
random_n400_rho0.3_strongly-corr-neg_seed1.pcf,rac,0,390444,311
random_n400_rho0.3_strongly-corr-neg_seed2.pcf,hfma,0,274380,309
random_n400_rho0.3_strongly-corr-neg_seed2.pcf,rac,0,832781,309
random_n400_rho0.3_strongly-corr-neg_seed3.pcf,hfma,0,336565,307
random_n400_rho0.3_strongly-corr-neg_seed3.pcf,rac,0,884324,307
random_n400_rho0.3_strongly-corr-neg_seed4.pcf,hfma,0,264922,309
random_n400_rho0.3_strongly-corr-neg_seed4.pcf,rac,0,747597,309
random_n400_rho0.3_strongly-corr-neg_seed5.pcf,hfma,0,338559,318
random_n400_rho0.3_strongly-corr-neg_seed5.pcf,rac,0,790378,318
random_n400_rho0.3_strongly-corr-neg_seed6.pcf,hfma,0,367749,318
random_n400_rho0.3_strongly-corr-neg_seed6.pcf,rac,0,1015156,318
random_n400_rho0.3_strongly-corr-neg_seed7.pcf,hfma,0,299610,311
random_n400_rho0.3_strongly-corr-neg_seed7.pcf,rac,0,895476,311
random_n400_rho0.3_strongly-corr-neg_seed8.pcf,hfma,0,374070,312
random_n400_rho0.3_strongly-corr-neg_seed8.pcf,rac,0,1039162,312
random_n400_rho0.3_strongly-corr-neg_seed9.pcf,hfma,0,688143,318
random_n400_rho0.3_strongly-corr-neg_seed9.pcf,rac,0,1282984,318
random_n400_rho0.3_strongly-corr_seed0.pcf,hfma,0,504960,286
random_n400_rho0.3_strongly-corr_seed0.pcf,rac,0,1341504,286
random_n400_rho0.3_strongly-corr_seed1.pcf,hfma,0,619425,286
random_n400_rho0.3_strongly-corr_seed1.pcf,rac,0,1491338,286
random_n400_rho0.3_strongly-corr_seed2.pcf,hfma,0,565031,309
random_n400_rho0.3_strongly-corr_seed2.pcf,rac,0,1547639,309
random_n400_rho0.3_strongly-corr_seed3.pcf,hfma,0,563747,304
random_n400_rho0.3_strongly-corr_seed3.pcf,rac,0,1480773,304
random_n400_rho0.3_strongly-corr_seed4.pcf,hfma,0,647690,295
random_n400_rho0.3_strongly-corr_seed4.pcf,rac,0,1797035,295
random_n400_rho0.3_strongly-corr_seed5.pcf,hfma,0,793909,297
random_n400_rho0.3_strongly-corr_seed5.pcf,rac,0,1569040,297
random_n400_rho0.3_strongly-corr_seed6.pcf,hfma,0,795271,304
random_n400_rho0.3_strongly-corr_seed6.pcf,rac,0,2090287,304
random_n400_rho0.3_strongly-corr_seed7.pcf,hfma,0,749737,295
random_n400_rho0.3_strongly-corr_seed7.pcf,rac,0,2094804,295
random_n400_rho0.3_strongly-corr_seed8.pcf,hfma,0,669583,295
random_n400_rho0.3_strongly-corr_seed8.pcf,rac,0,1438370,295
random_n400_rho0.3_strongly-corr_seed9.pcf,hfma,0,654013,287
random_n400_rho0.3_strongly-corr_seed9.pcf,rac,0,1640070,287
random_n400_rho0.3_uncorr-neg_seed0.pcf,hfma,0,357824,339
random_n400_rho0.3_uncorr-neg_seed0.pcf,rac,0,1151369,339
random_n400_rho0.3_uncorr-neg_seed1.pcf,hfma,0,329337,338
random_n400_rho0.3_uncorr-neg_seed1.pcf,rac,0,887890,338
random_n400_rho0.3_uncorr-neg_seed2.pcf,hfma,0,479544,330
random_n400_rho0.3_uncorr-neg_seed2.pcf,rac,0,785976,330
random_n400_rho0.3_uncorr-neg_seed3.pcf,hfma,0,380626,344
random_n400_rho0.3_uncorr-neg_seed3.pcf,rac,0,958492,344
random_n400_rho0.3_uncorr-neg_seed4.pcf,hfma,0,398498,333
random_n400_rho0.3_uncorr-neg_seed4.pcf,rac,0,1456063,333
random_n400_rho0.3_uncorr-neg_seed5.pcf,hfma,0,307205,331
random_n400_rho0.3_uncorr-neg_seed5.pcf,rac,0,926968,331
random_n400_rho0.3_uncorr-neg_seed6.pcf,hfma,0,567735,335
random_n400_rho0.3_uncorr-neg_seed6.pcf,rac,0,1377193,335
random_n400_rho0.3_uncorr-neg_seed7.pcf,hfma,0,804502,343
random_n400_rho0.3_uncorr-neg_seed7.pcf,rac,0,1808609,343
random_n400_rho0.3_uncorr-neg_seed8.pcf,hfma,0,635311,337
random_n400_rho0.3_uncorr-neg_seed8.pcf,rac,0,1646581,337
random_n400_rho0.3_uncorr-neg_seed9.pcf,hfma,0,677488,353
random_n400_rho0.3_uncorr-neg_seed9.pcf,rac,0,1728803,353
random_n400_rho0.3_uncorr_seed0.pcf,hfma,0,851650,332
random_n400_rho0.3_uncorr_seed0.pcf,rac,0,2113368,332
random_n400_rho0.3_uncorr_seed1.pcf,hfma,0,597914,344
random_n400_rho0.3_uncorr_seed1.pcf,rac,0,1585957,344
random_n400_rho0.3_uncorr_seed2.pcf,hfma,0,611977,342
random_n400_rho0.3_uncorr_seed2.pcf,rac,0,1605959,342
random_n400_rho0.3_uncorr_seed3.pcf,hfma,0,788933,343
random_n400_rho0.3_uncorr_seed3.pcf,rac,0,2225242,343
random_n400_rho0.3_uncorr_seed4.pcf,hfma,0,733470,335
random_n400_rho0.3_uncorr_seed4.pcf,rac,0,2156960,335
random_n400_rho0.3_uncorr_seed5.pcf,hfma,0,701675,333
random_n400_rho0.3_uncorr_seed5.pcf,rac,0,1893107,333
random_n400_rho0.3_uncorr_seed6.pcf,hfma,0,804337,350
random_n400_rho0.3_uncorr_seed6.pcf,rac,0,2095712,350
random_n400_rho0.3_uncorr_seed7.pcf,hfma,0,732692,339
random_n400_rho0.3_uncorr_seed7.pcf,rac,0,1940169,339
random_n400_rho0.3_uncorr_seed8.pcf,hfma,0,694512,345
random_n400_rho0.3_uncorr_seed8.pcf,rac,0,1906173,345
random_n400_rho0.3_uncorr_seed9.pcf,hfma,0,743626,330
random_n400_rho0.3_uncorr_seed9.pcf,rac,0,1917625,330
random_n400_rho0.3_weakly-corr-neg_seed0.pcf,hfma,0,687656,346
random_n400_rho0.3_weakly-corr-neg_seed0.pcf,rac,0,1821248,346
random_n400_rho0.3_weakly-corr-neg_seed1.pcf,hfma,0,670030,337
random_n400_rho0.3_weakly-corr-neg_seed1.pcf,rac,0,1883941,337
random_n400_rho0.3_weakly-corr-neg_seed2.pcf,hfma,0,709124,337
random_n400_rho0.3_weakly-corr-neg_seed2.pcf,rac,0,1826381,337
random_n400_rho0.3_weakly-corr-neg_seed3.pcf,hfma,0,667098,335
random_n400_rho0.3_weakly-corr-neg_seed3.pcf,rac,0,1648433,335
random_n400_rho0.3_weakly-corr-neg_seed4.pcf,hfma,0,419067,339
random_n400_rho0.3_weakly-corr-neg_seed4.pcf,rac,0,1115495,339
random_n400_rho0.3_weakly-corr-neg_seed5.pcf,hfma,0,553631,343
random_n400_rho0.3_weakly-corr-neg_seed5.pcf,rac,0,1328613,343
random_n400_rho0.3_weakly-corr-neg_seed6.pcf,hfma,0,431030,342
random_n400_rho0.3_weakly-corr-neg_seed6.pcf,rac,0,1098176,342
random_n400_rho0.3_weakly-corr-neg_seed7.pcf,hfma,0,256731,337
random_n400_rho0.3_weakly-corr-neg_seed7.pcf,rac,0,691772,337
random_n400_rho0.3_weakly-corr-neg_seed8.pcf,hfma,0,169806,344
random_n400_rho0.3_weakly-corr-neg_seed8.pcf,rac,0,412952,344
random_n400_rho0.3_weakly-corr-neg_seed9.pcf,hfma,0,211410,338
random_n400_rho0.3_weakly-corr-neg_seed9.pcf,rac,0,559685,338
random_n400_rho0.3_weakly-corr_seed0.pcf,hfma,0,237434,338
random_n400_rho0.3_weakly-corr_seed0.pcf,rac,0,376260,338
random_n400_rho0.3_weakly-corr_seed1.pcf,hfma,0,186848,339
random_n400_rho0.3_weakly-corr_seed1.pcf,rac,0,533546,339
random_n400_rho0.3_weakly-corr_seed2.pcf,hfma,0,302977,338
random_n400_rho0.3_weakly-corr_seed2.pcf,rac,0,845309,338
random_n400_rho0.3_weakly-corr_seed3.pcf,hfma,0,444465,334
random_n400_rho0.3_weakly-corr_seed3.pcf,rac,0,1055964,334
random_n400_rho0.3_weakly-corr_seed4.pcf,hfma,0,403500,338
random_n400_rho0.3_weakly-corr_seed4.pcf,rac,0,1173484,338
random_n400_rho0.3_weakly-corr_seed5.pcf,hfma,0,402166,332
random_n400_rho0.3_weakly-corr_seed5.pcf,rac,0,1077974,332
random_n400_rho0.3_weakly-corr_seed6.pcf,hfma,0,664626,343
random_n400_rho0.3_weakly-corr_seed6.pcf,rac,0,1105624,343
random_n400_rho0.3_weakly-corr_seed7.pcf,hfma,0,476013,339
random_n400_rho0.3_weakly-corr_seed7.pcf,rac,0,1305239,339
random_n400_rho0.3_weakly-corr_seed8.pcf,hfma,0,402066,348
random_n400_rho0.3_weakly-corr_seed8.pcf,rac,0,959535,348
random_n400_rho0.3_weakly-corr_seed9.pcf,hfma,0,677988,340
random_n400_rho0.3_weakly-corr_seed9.pcf,rac,0,1444172,340
random_n400_rho0.6_strongly-corr-neg_seed0.pcf,hfma,0,1208167,273
random_n400_rho0.6_strongly-corr-neg_seed0.pcf,rac,0,3391622,273
random_n400_rho0.6_strongly-corr-neg_seed1.pcf,hfma,0,1275470,278
random_n400_rho0.6_strongly-corr-neg_seed1.pcf,rac,0,3719776,278
random_n400_rho0.6_strongly-corr-neg_seed2.pcf,hfma,0,1144512,248
random_n400_rho0.6_strongly-corr-neg_seed2.pcf,rac,0,3572382,248
random_n400_rho0.6_strongly-corr-neg_seed3.pcf,hfma,0,1364494,258
random_n400_rho0.6_strongly-corr-neg_seed3.pcf,rac,0,3346320,258
random_n400_rho0.6_strongly-corr-neg_seed4.pcf,hfma,0,1372695,262
random_n400_rho0.6_strongly-corr-neg_seed4.pcf,rac,0,3761264,262
random_n400_rho0.6_strongly-corr-neg_seed5.pcf,hfma,0,1192085,262
random_n400_rho0.6_strongly-corr-neg_seed5.pcf,rac,0,3864311,262
random_n400_rho0.6_strongly-corr-neg_seed6.pcf,hfma,0,1457046,249
random_n400_rho0.6_strongly-corr-neg_seed6.pcf,rac,0,4279374,249
random_n400_rho0.6_strongly-corr-neg_seed7.pcf,hfma,0,1251729,260
random_n400_rho0.6_strongly-corr-neg_seed7.pcf,rac,0,4023278,260
random_n400_rho0.6_strongly-corr-neg_seed8.pcf,hfma,0,1475217,265
random_n400_rho0.6_strongly-corr-neg_seed8.pcf,rac,0,4290393,265
random_n400_rho0.6_strongly-corr-neg_seed9.pcf,hfma,0,1252395,270
random_n400_rho0.6_strongly-corr-neg_seed9.pcf,rac,0,3829504,270
random_n400_rho0.6_strongly-corr_seed0.pcf,hfma,0,1728411,247
random_n400_rho0.6_strongly-corr_seed0.pcf,rac,0,4590153,247
random_n400_rho0.6_strongly-corr_seed1.pcf,hfma,0,1263856,249
random_n400_rho0.6_strongly-corr_seed1.pcf,rac,0,4222269,249
random_n400_rho0.6_strongly-corr_seed2.pcf,hfma,0,1847833,242
random_n400_rho0.6_strongly-corr_seed2.pcf,rac,0,4306199,242
random_n400_rho0.6_strongly-corr_seed3.pcf,hfma,0,1352358,264
random_n400_rho0.6_strongly-corr_seed3.pcf,rac,0,4676696,264
random_n400_rho0.6_strongly-corr_seed4.pcf,hfma,0,1166504,254
random_n400_rho0.6_strongly-corr_seed4.pcf,rac,0,2823318,254
random_n400_rho0.6_strongly-corr_seed5.pcf,hfma,0,466139,276
random_n400_rho0.6_strongly-corr_seed5.pcf,rac,0,1044442,276
random_n400_rho0.6_strongly-corr_seed6.pcf,hfma,0,553024,253
random_n400_rho0.6_strongly-corr_seed6.pcf,rac,0,1045481,253
random_n400_rho0.6_strongly-corr_seed7.pcf,hfma,0,574986,256
random_n400_rho0.6_strongly-corr_seed7.pcf,rac,0,1891007,256
random_n400_rho0.6_strongly-corr_seed8.pcf,hfma,0,630990,235
random_n400_rho0.6_strongly-corr_seed8.pcf,rac,0,1941975,235
random_n400_rho0.6_strongly-corr_seed9.pcf,hfma,0,332595,250
random_n400_rho0.6_strongly-corr_seed9.pcf,rac,0,903348,250
random_n400_rho0.6_uncorr-neg_seed0.pcf,hfma,0,304777,280
random_n400_rho0.6_uncorr-neg_seed0.pcf,rac,0,923951,280
random_n400_rho0.6_uncorr-neg_seed1.pcf,hfma,0,423761,279
random_n400_rho0.6_uncorr-neg_seed1.pcf,rac,0,1221567,279
random_n400_rho0.6_uncorr-neg_seed2.pcf,hfma,0,397674,294
random_n400_rho0.6_uncorr-neg_seed2.pcf,rac,0,1217735,294
random_n400_rho0.6_uncorr-neg_seed3.pcf,hfma,0,423570,274
random_n400_rho0.6_uncorr-neg_seed3.pcf,rac,0,1335982,274
random_n400_rho0.6_uncorr-neg_seed4.pcf,hfma,0,388045,273
random_n400_rho0.6_uncorr-neg_seed4.pcf,rac,0,867149,273
random_n400_rho0.6_uncorr-neg_seed5.pcf,hfma,0,389039,289
random_n400_rho0.6_uncorr-neg_seed5.pcf,rac,0,1421973,289
random_n400_rho0.6_uncorr-neg_seed6.pcf,hfma,0,472438,280
random_n400_rho0.6_uncorr-neg_seed6.pcf,rac,0,925753,280
random_n400_rho0.6_uncorr-neg_seed7.pcf,hfma,0,440476,282
random_n400_rho0.6_uncorr-neg_seed7.pcf,rac,0,1456526,282
random_n400_rho0.6_uncorr-neg_seed8.pcf,hfma,0,557191,261
random_n400_rho0.6_uncorr-neg_seed8.pcf,rac,0,1115430,261
random_n400_rho0.6_uncorr-neg_seed9.pcf,hfma,0,291596,283
random_n400_rho0.6_uncorr-neg_seed9.pcf,rac,0,952348,283
random_n400_rho0.6_uncorr_seed0.pcf,hfma,0,331792,272
random_n400_rho0.6_uncorr_seed0.pcf,rac,0,1003736,272
random_n400_rho0.6_uncorr_seed1.pcf,hfma,0,478225,279
random_n400_rho0.6_uncorr_seed1.pcf,rac,0,1095752,279
random_n400_rho0.6_uncorr_seed2.pcf,hfma,0,448030,268
random_n400_rho0.6_uncorr_seed2.pcf,rac,0,1414248,268
random_n400_rho0.6_uncorr_seed3.pcf,hfma,0,446555,288
random_n400_rho0.6_uncorr_seed3.pcf,rac,0,955249,288
random_n400_rho0.6_uncorr_seed4.pcf,hfma,0,414694,286
random_n400_rho0.6_uncorr_seed4.pcf,rac,0,1109616,286
random_n400_rho0.6_uncorr_seed5.pcf,hfma,0,404647,295
random_n400_rho0.6_uncorr_seed5.pcf,rac,0,1146022,295
random_n400_rho0.6_uncorr_seed6.pcf,hfma,0,368258,264
random_n400_rho0.6_uncorr_seed6.pcf,rac,0,1092364,264
random_n400_rho0.6_uncorr_seed7.pcf,hfma,0,296717,266
random_n400_rho0.6_uncorr_seed7.pcf,rac,0,1006270,266
random_n400_rho0.6_uncorr_seed8.pcf,hfma,0,666226,262
random_n400_rho0.6_uncorr_seed8.pcf,rac,0,1255711,262
random_n400_rho0.6_uncorr_seed9.pcf,hfma,0,515962,269
random_n400_rho0.6_uncorr_seed9.pcf,rac,0,1459198,269
random_n400_rho0.6_weakly-corr-neg_seed0.pcf,hfma,0,418044,271
random_n400_rho0.6_weakly-corr-neg_seed0.pcf,rac,0,977798,271
random_n400_rho0.6_weakly-corr-neg_seed1.pcf,hfma,0,525651,284
random_n400_rho0.6_weakly-corr-neg_seed1.pcf,rac,0,1103202,284
random_n400_rho0.6_weakly-corr-neg_seed2.pcf,hfma,0,531155,292
random_n400_rho0.6_weakly-corr-neg_seed2.pcf,rac,0,1459362,292
random_n400_rho0.6_weakly-corr-neg_seed3.pcf,hfma,0,585194,287
random_n400_rho0.6_weakly-corr-neg_seed3.pcf,rac,0,2047121,287
random_n400_rho0.6_weakly-corr-neg_seed4.pcf,hfma,0,1072798,279
random_n400_rho0.6_weakly-corr-neg_seed4.pcf,rac,0,3124883,279
random_n400_rho0.6_weakly-corr-neg_seed5.pcf,hfma,0,478981,283
random_n400_rho0.6_weakly-corr-neg_seed5.pcf,rac,0,1655986,283
random_n400_rho0.6_weakly-corr-neg_seed6.pcf,hfma,0,594966,263
random_n400_rho0.6_weakly-corr-neg_seed6.pcf,rac,0,1896542,263
random_n400_rho0.6_weakly-corr-neg_seed7.pcf,hfma,0,930230,279
random_n400_rho0.6_weakly-corr-neg_seed7.pcf,rac,0,2665143,279
random_n400_rho0.6_weakly-corr-neg_seed8.pcf,hfma,0,758721,270
random_n400_rho0.6_weakly-corr-neg_seed8.pcf,rac,0,1713382,270
random_n400_rho0.6_weakly-corr-neg_seed9.pcf,hfma,0,628384,271
random_n400_rho0.6_weakly-corr-neg_seed9.pcf,rac,0,2333042,271
random_n400_rho0.6_weakly-corr_seed0.pcf,hfma,0,609361,281
random_n400_rho0.6_weakly-corr_seed0.pcf,rac,0,2103947,281
random_n400_rho0.6_weakly-corr_seed1.pcf,hfma,0,929347,280
random_n400_rho0.6_weakly-corr_seed1.pcf,rac,0,3113978,280
random_n400_rho0.6_weakly-corr_seed2.pcf,hfma,0,1193878,284
random_n400_rho0.6_weakly-corr_seed2.pcf,rac,0,3871570,284
random_n400_rho0.6_weakly-corr_seed3.pcf,hfma,0,1215676,289
random_n400_rho0.6_weakly-corr_seed3.pcf,rac,0,3678574,289
random_n400_rho0.6_weakly-corr_seed4.pcf,hfma,0,1400989,290
random_n400_rho0.6_weakly-corr_seed4.pcf,rac,0,3760654,290
random_n400_rho0.6_weakly-corr_seed5.pcf,hfma,0,1401759,285
random_n400_rho0.6_weakly-corr_seed5.pcf,rac,0,3535982,285
random_n400_rho0.6_weakly-corr_seed6.pcf,hfma,0,1541724,265
random_n400_rho0.6_weakly-corr_seed6.pcf,rac,0,3987539,265
random_n400_rho0.6_weakly-corr_seed7.pcf,hfma,0,1266438,282
random_n400_rho0.6_weakly-corr_seed7.pcf,rac,0,3539274,282
random_n400_rho0.6_weakly-corr_seed8.pcf,hfma,0,1474503,273
random_n400_rho0.6_weakly-corr_seed8.pcf,rac,0,4528651,273
random_n400_rho0.6_weakly-corr_seed9.pcf,hfma,0,1300458,277
random_n400_rho0.6_weakly-corr_seed9.pcf,rac,0,3963168,277
random_n400_rho0.9_strongly-corr-neg_seed0.pcf,hfma,0,4314185,217
random_n400_rho0.9_strongly-corr-neg_seed0.pcf,rac,0,8395781,217
random_n400_rho0.9_strongly-corr-neg_seed1.pcf,hfma,0,3042881,226
random_n400_rho0.9_strongly-corr-neg_seed1.pcf,rac,0,5299172,226
random_n400_rho0.9_strongly-corr-neg_seed2.pcf,hfma,0,3923377,188
random_n400_rho0.9_strongly-corr-neg_seed2.pcf,rac,0,6872376,188
random_n400_rho0.9_strongly-corr-neg_seed3.pcf,hfma,0,2680684,209
random_n400_rho0.9_strongly-corr-neg_seed3.pcf,rac,0,6965969,209
random_n400_rho0.9_strongly-corr-neg_seed4.pcf,hfma,0,3688680,214
random_n400_rho0.9_strongly-corr-neg_seed4.pcf,rac,0,2816570,214
random_n400_rho0.9_strongly-corr-neg_seed5.pcf,hfma,0,2767682,210
random_n400_rho0.9_strongly-corr-neg_seed5.pcf,rac,0,7463736,210
random_n400_rho0.9_strongly-corr-neg_seed6.pcf,hfma,0,1924653,210
random_n400_rho0.9_strongly-corr-neg_seed6.pcf,rac,0,5831985,210
random_n400_rho0.9_strongly-corr-neg_seed7.pcf,hfma,0,3042793,204
random_n400_rho0.9_strongly-corr-neg_seed7.pcf,rac,0,6885497,204
random_n400_rho0.9_strongly-corr-neg_seed8.pcf,hfma,0,4918795,214
random_n400_rho0.9_strongly-corr-neg_seed8.pcf,rac,0,4038935,214
random_n400_rho0.9_strongly-corr-neg_seed9.pcf,hfma,0,1771907,211
random_n400_rho0.9_strongly-corr-neg_seed9.pcf,rac,0,2906404,211
random_n400_rho0.9_strongly-corr_seed0.pcf,hfma,0,834500,211
random_n400_rho0.9_strongly-corr_seed0.pcf,rac,0,1686125,211
random_n400_rho0.9_strongly-corr_seed1.pcf,hfma,0,1015873,204
random_n400_rho0.9_strongly-corr_seed1.pcf,rac,0,2453252,204
random_n400_rho0.9_strongly-corr_seed2.pcf,hfma,0,1040665,214
random_n400_rho0.9_strongly-corr_seed2.pcf,rac,0,2814943,214
random_n400_rho0.9_strongly-corr_seed3.pcf,hfma,0,1872560,202
random_n400_rho0.9_strongly-corr_seed3.pcf,rac,0,5994608,202
random_n400_rho0.9_strongly-corr_seed4.pcf,hfma,0,3488744,194
random_n400_rho0.9_strongly-corr_seed4.pcf,rac,0,6201621,194
random_n400_rho0.9_strongly-corr_seed5.pcf,hfma,0,2509344,212
random_n400_rho0.9_strongly-corr_seed5.pcf,rac,0,5627401,212
random_n400_rho0.9_strongly-corr_seed6.pcf,hfma,0,3275533,219
random_n400_rho0.9_strongly-corr_seed6.pcf,rac,0,5659108,219
random_n400_rho0.9_strongly-corr_seed7.pcf,hfma,0,3117714,206
random_n400_rho0.9_strongly-corr_seed7.pcf,rac,0,6433872,206
random_n400_rho0.9_strongly-corr_seed8.pcf,hfma,0,2480040,209
random_n400_rho0.9_strongly-corr_seed8.pcf,rac,0,5959528,209
random_n400_rho0.9_strongly-corr_seed9.pcf,hfma,0,2419312,217
random_n400_rho0.9_strongly-corr_seed9.pcf,rac,0,6153200,217
random_n400_rho0.9_uncorr-neg_seed0.pcf,hfma,0,3497872,214
random_n400_rho0.9_uncorr-neg_seed0.pcf,rac,0,5963370,214
random_n400_rho0.9_uncorr-neg_seed1.pcf,hfma,0,3512491,212
random_n400_rho0.9_uncorr-neg_seed1.pcf,rac,0,5166292,212
random_n400_rho0.9_uncorr-neg_seed2.pcf,hfma,0,1164412,200
random_n400_rho0.9_uncorr-neg_seed2.pcf,rac,0,2027284,200
random_n400_rho0.9_uncorr-neg_seed3.pcf,hfma,0,1012280,208
random_n400_rho0.9_uncorr-neg_seed3.pcf,rac,0,2633473,208
random_n400_rho0.9_uncorr-neg_seed4.pcf,hfma,0,1877813,223
random_n400_rho0.9_uncorr-neg_seed4.pcf,rac,0,3581752,223
random_n400_rho0.9_uncorr-neg_seed5.pcf,hfma,0,1365330,217
random_n400_rho0.9_uncorr-neg_seed5.pcf,rac,0,4307592,217
random_n400_rho0.9_uncorr-neg_seed6.pcf,hfma,0,2849129,217
random_n400_rho0.9_uncorr-neg_seed6.pcf,rac,0,5737472,217
random_n400_rho0.9_uncorr-neg_seed7.pcf,hfma,0,3023967,220
random_n400_rho0.9_uncorr-neg_seed7.pcf,rac,0,6066908,220
random_n400_rho0.9_uncorr-neg_seed8.pcf,hfma,0,2992362,236
random_n400_rho0.9_uncorr-neg_seed8.pcf,rac,0,6573056,236
random_n400_rho0.9_uncorr-neg_seed9.pcf,hfma,0,3068035,239
random_n400_rho0.9_uncorr-neg_seed9.pcf,rac,0,6838908,239
random_n400_rho0.9_uncorr_seed0.pcf,hfma,0,3379399,221
random_n400_rho0.9_uncorr_seed0.pcf,rac,0,7001701,221
random_n400_rho0.9_uncorr_seed1.pcf,hfma,0,3555344,213
random_n400_rho0.9_uncorr_seed1.pcf,rac,0,6928883,213
random_n400_rho0.9_uncorr_seed2.pcf,hfma,0,2895025,205
random_n400_rho0.9_uncorr_seed2.pcf,rac,0,7482242,205
random_n400_rho0.9_uncorr_seed3.pcf,hfma,0,2326275,220
random_n400_rho0.9_uncorr_seed3.pcf,rac,0,6627194,220
random_n400_rho0.9_uncorr_seed4.pcf,hfma,0,2607223,227
random_n400_rho0.9_uncorr_seed4.pcf,rac,0,6955591,227
random_n400_rho0.9_uncorr_seed5.pcf,hfma,0,3495690,203
random_n400_rho0.9_uncorr_seed5.pcf,rac,0,6715801,203
random_n400_rho0.9_uncorr_seed6.pcf,hfma,0,1685990,200
random_n400_rho0.9_uncorr_seed6.pcf,rac,0,2867800,200
random_n400_rho0.9_uncorr_seed7.pcf,hfma,0,1970718,216
random_n400_rho0.9_uncorr_seed7.pcf,rac,0,4835694,216
random_n400_rho0.9_uncorr_seed8.pcf,hfma,0,2077719,218
random_n400_rho0.9_uncorr_seed8.pcf,rac,0,3131968,218
random_n400_rho0.9_uncorr_seed9.pcf,hfma,0,1465389,232
random_n400_rho0.9_uncorr_seed9.pcf,rac,0,3670930,232
random_n400_rho0.9_weakly-corr-neg_seed0.pcf,hfma,0,2548176,230
random_n400_rho0.9_weakly-corr-neg_seed0.pcf,rac,0,3584871,230
random_n400_rho0.9_weakly-corr-neg_seed1.pcf,hfma,0,1405517,230
random_n400_rho0.9_weakly-corr-neg_seed1.pcf,rac,0,1954402,230
random_n400_rho0.9_weakly-corr-neg_seed2.pcf,hfma,0,695190,221
random_n400_rho0.9_weakly-corr-neg_seed2.pcf,rac,0,1702152,221
random_n400_rho0.9_weakly-corr-neg_seed3.pcf,hfma,0,968492,209
random_n400_rho0.9_weakly-corr-neg_seed3.pcf,rac,0,1636505,209
random_n400_rho0.9_weakly-corr-neg_seed4.pcf,hfma,0,912506,201
random_n400_rho0.9_weakly-corr-neg_seed4.pcf,rac,0,1539031,201
random_n400_rho0.9_weakly-corr-neg_seed5.pcf,hfma,0,1012343,237
random_n400_rho0.9_weakly-corr-neg_seed5.pcf,rac,0,1681714,237
random_n400_rho0.9_weakly-corr-neg_seed6.pcf,hfma,0,943862,222
random_n400_rho0.9_weakly-corr-neg_seed6.pcf,rac,0,1627509,222
random_n400_rho0.9_weakly-corr-neg_seed7.pcf,hfma,0,827159,207
random_n400_rho0.9_weakly-corr-neg_seed7.pcf,rac,0,1847761,207
random_n400_rho0.9_weakly-corr-neg_seed8.pcf,hfma,0,817841,234
random_n400_rho0.9_weakly-corr-neg_seed8.pcf,rac,0,1631798,234
random_n400_rho0.9_weakly-corr-neg_seed9.pcf,hfma,0,817147,209
random_n400_rho0.9_weakly-corr-neg_seed9.pcf,rac,0,1574548,209
random_n400_rho0.9_weakly-corr_seed0.pcf,hfma,0,817646,228
random_n400_rho0.9_weakly-corr_seed0.pcf,rac,0,1589553,228
random_n400_rho0.9_weakly-corr_seed1.pcf,hfma,0,958292,234
random_n400_rho0.9_weakly-corr_seed1.pcf,rac,0,2070754,234
random_n400_rho0.9_weakly-corr_seed2.pcf,hfma,0,845190,225
random_n400_rho0.9_weakly-corr_seed2.pcf,rac,0,1640206,225
random_n400_rho0.9_weakly-corr_seed3.pcf,hfma,0,1184523,210
random_n400_rho0.9_weakly-corr_seed3.pcf,rac,0,1626781,210
random_n400_rho0.9_weakly-corr_seed4.pcf,hfma,0,984231,217
random_n400_rho0.9_weakly-corr_seed4.pcf,rac,0,3033420,217
random_n400_rho0.9_weakly-corr_seed5.pcf,hfma,0,1123897,226
random_n400_rho0.9_weakly-corr_seed5.pcf,rac,0,2072313,226
random_n400_rho0.9_weakly-corr_seed6.pcf,hfma,0,951928,237
random_n400_rho0.9_weakly-corr_seed6.pcf,rac,0,3079462,237
random_n400_rho0.9_weakly-corr_seed7.pcf,hfma,0,1171062,214
random_n400_rho0.9_weakly-corr_seed7.pcf,rac,0,3131189,214
random_n400_rho0.9_weakly-corr_seed8.pcf,hfma,0,1100656,219
random_n400_rho0.9_weakly-corr_seed8.pcf,rac,0,3585593,219
random_n400_rho0.9_weakly-corr_seed9.pcf,hfma,0,1541338,218
random_n400_rho0.9_weakly-corr_seed9.pcf,rac,0,3434291,218
random_n400_rho1.0_strongly-corr-neg_seed0.pcf,hfma,0,2816822,177
random_n400_rho1.0_strongly-corr-neg_seed0.pcf,rac,0,5397015,177
random_n400_rho1.0_strongly-corr-neg_seed1.pcf,hfma,0,3799976,191
random_n400_rho1.0_strongly-corr-neg_seed1.pcf,rac,0,6246040,191
random_n400_rho1.0_strongly-corr-neg_seed2.pcf,hfma,0,3407701,200
random_n400_rho1.0_strongly-corr-neg_seed2.pcf,rac,0,6299096,200
random_n400_rho1.0_strongly-corr-neg_seed3.pcf,hfma,0,2548124,218
random_n400_rho1.0_strongly-corr-neg_seed3.pcf,rac,0,4472504,218
random_n400_rho1.0_strongly-corr-neg_seed4.pcf,hfma,0,4370737,189
random_n400_rho1.0_strongly-corr-neg_seed4.pcf,rac,0,6556207,189
random_n400_rho1.0_strongly-corr-neg_seed5.pcf,hfma,0,5387818,184
random_n400_rho1.0_strongly-corr-neg_seed5.pcf,rac,0,1927053,184
random_n400_rho1.0_strongly-corr-neg_seed6.pcf,hfma,0,3120103,198
random_n400_rho1.0_strongly-corr-neg_seed6.pcf,rac,0,5347391,198
random_n400_rho1.0_strongly-corr-neg_seed7.pcf,hfma,0,1841459,203
random_n400_rho1.0_strongly-corr-neg_seed7.pcf,rac,0,2177397,203
random_n400_rho1.0_strongly-corr-neg_seed8.pcf,hfma,0,974043,199
random_n400_rho1.0_strongly-corr-neg_seed8.pcf,rac,0,1854180,199
random_n400_rho1.0_strongly-corr-neg_seed9.pcf,hfma,0,1456669,191
random_n400_rho1.0_strongly-corr-neg_seed9.pcf,rac,0,3119675,191
random_n400_rho1.0_strongly-corr_seed0.pcf,hfma,0,2719444,197
random_n400_rho1.0_strongly-corr_seed0.pcf,rac,0,4053270,197
random_n400_rho1.0_strongly-corr_seed1.pcf,hfma,0,2814980,188
random_n400_rho1.0_strongly-corr_seed1.pcf,rac,0,6126159,188
random_n400_rho1.0_strongly-corr_seed2.pcf,hfma,0,3277796,180
random_n400_rho1.0_strongly-corr_seed2.pcf,rac,0,3756156,180
random_n400_rho1.0_strongly-corr_seed3.pcf,hfma,0,3181639,191
random_n400_rho1.0_strongly-corr_seed3.pcf,rac,0,6059490,191
random_n400_rho1.0_strongly-corr_seed4.pcf,hfma,0,3564176,191
random_n400_rho1.0_strongly-corr_seed4.pcf,rac,0,5345057,191
random_n400_rho1.0_strongly-corr_seed5.pcf,hfma,0,2756631,202
random_n400_rho1.0_strongly-corr_seed5.pcf,rac,0,4027407,202
random_n400_rho1.0_strongly-corr_seed6.pcf,hfma,0,2277384,197
random_n400_rho1.0_strongly-corr_seed6.pcf,rac,0,5710188,197
random_n400_rho1.0_strongly-corr_seed7.pcf,hfma,0,3012010,190
random_n400_rho1.0_strongly-corr_seed7.pcf,rac,0,3513180,190
random_n400_rho1.0_strongly-corr_seed8.pcf,hfma,0,2060812,178
random_n400_rho1.0_strongly-corr_seed8.pcf,rac,0,3508071,178
random_n400_rho1.0_strongly-corr_seed9.pcf,hfma,0,1676390,210
random_n400_rho1.0_strongly-corr_seed9.pcf,rac,0,2080624,210
random_n400_rho1.0_uncorr-neg_seed0.pcf,hfma,0,2401242,187
random_n400_rho1.0_uncorr-neg_seed0.pcf,rac,0,3522624,187
random_n400_rho1.0_uncorr-neg_seed1.pcf,hfma,0,1970241,205
random_n400_rho1.0_uncorr-neg_seed1.pcf,rac,0,5434076,205
random_n400_rho1.0_uncorr-neg_seed2.pcf,hfma,0,4503632,196
random_n400_rho1.0_uncorr-neg_seed2.pcf,rac,0,5556610,196
random_n400_rho1.0_uncorr-neg_seed3.pcf,hfma,0,1918542,192
random_n400_rho1.0_uncorr-neg_seed3.pcf,rac,0,2402134,192
random_n400_rho1.0_uncorr-neg_seed4.pcf,hfma,0,1352766,186
random_n400_rho1.0_uncorr-neg_seed4.pcf,rac,0,2443401,186
random_n400_rho1.0_uncorr-neg_seed5.pcf,hfma,0,2245877,202
random_n400_rho1.0_uncorr-neg_seed5.pcf,rac,0,4467181,202
random_n400_rho1.0_uncorr-neg_seed6.pcf,hfma,0,2794341,197
random_n400_rho1.0_uncorr-neg_seed6.pcf,rac,0,2896958,197
random_n400_rho1.0_uncorr-neg_seed7.pcf,hfma,0,1880437,222
random_n400_rho1.0_uncorr-neg_seed7.pcf,rac,0,4542465,222
random_n400_rho1.0_uncorr-neg_seed8.pcf,hfma,0,5157134,203
random_n400_rho1.0_uncorr-neg_seed8.pcf,rac,0,8323237,203
random_n400_rho1.0_uncorr-neg_seed9.pcf,hfma,0,5287104,195
random_n400_rho1.0_uncorr-neg_seed9.pcf,rac,0,8657293,195
random_n400_rho1.0_uncorr_seed0.pcf,hfma,0,2248527,205
random_n400_rho1.0_uncorr_seed0.pcf,rac,0,5456989,205
random_n400_rho1.0_uncorr_seed1.pcf,hfma,0,3353238,204
random_n400_rho1.0_uncorr_seed1.pcf,rac,0,8594258,204
random_n400_rho1.0_uncorr_seed2.pcf,hfma,0,3432462,188
random_n400_rho1.0_uncorr_seed2.pcf,rac,0,8082631,188
random_n400_rho1.0_uncorr_seed3.pcf,hfma,0,4978601,185
random_n400_rho1.0_uncorr_seed3.pcf,rac,0,7620100,185
random_n400_rho1.0_uncorr_seed4.pcf,hfma,0,3368743,209
random_n400_rho1.0_uncorr_seed4.pcf,rac,0,8885602,209
random_n400_rho1.0_uncorr_seed5.pcf,hfma,0,4195507,190
random_n400_rho1.0_uncorr_seed5.pcf,rac,0,7907048,190
random_n400_rho1.0_uncorr_seed6.pcf,hfma,0,3097183,202
random_n400_rho1.0_uncorr_seed6.pcf,rac,0,5682210,202
random_n400_rho1.0_uncorr_seed7.pcf,hfma,0,3654838,191
random_n400_rho1.0_uncorr_seed7.pcf,rac,0,5437824,191
random_n400_rho1.0_uncorr_seed8.pcf,hfma,0,3473289,205
random_n400_rho1.0_uncorr_seed8.pcf,rac,0,5536527,205
random_n400_rho1.0_uncorr_seed9.pcf,hfma,0,1606064,189
random_n400_rho1.0_uncorr_seed9.pcf,rac,0,2244562,189
random_n400_rho1.0_weakly-corr-neg_seed0.pcf,hfma,0,1672054,178
random_n400_rho1.0_weakly-corr-neg_seed0.pcf,rac,0,2667774,178
random_n400_rho1.0_weakly-corr-neg_seed1.pcf,hfma,0,1748133,215
random_n400_rho1.0_weakly-corr-neg_seed1.pcf,rac,0,4316520,215
random_n400_rho1.0_weakly-corr-neg_seed2.pcf,hfma,0,2316718,195
random_n400_rho1.0_weakly-corr-neg_seed2.pcf,rac,0,3093775,195
random_n400_rho1.0_weakly-corr-neg_seed3.pcf,hfma,0,1325989,201
random_n400_rho1.0_weakly-corr-neg_seed3.pcf,rac,0,2495503,201
random_n400_rho1.0_weakly-corr-neg_seed4.pcf,hfma,0,1644354,207
random_n400_rho1.0_weakly-corr-neg_seed4.pcf,rac,0,2104612,207
random_n400_rho1.0_weakly-corr-neg_seed5.pcf,hfma,0,1534398,214
random_n400_rho1.0_weakly-corr-neg_seed5.pcf,rac,0,3728922,214
random_n400_rho1.0_weakly-corr-neg_seed6.pcf,hfma,0,2920305,189
random_n400_rho1.0_weakly-corr-neg_seed6.pcf,rac,0,4384078,189
random_n400_rho1.0_weakly-corr-neg_seed7.pcf,hfma,0,2460878,195
random_n400_rho1.0_weakly-corr-neg_seed7.pcf,rac,0,2527967,195
random_n400_rho1.0_weakly-corr-neg_seed8.pcf,hfma,0,1598353,200
random_n400_rho1.0_weakly-corr-neg_seed8.pcf,rac,0,3220088,200
random_n400_rho1.0_weakly-corr-neg_seed9.pcf,hfma,0,3360302,200
random_n400_rho1.0_weakly-corr-neg_seed9.pcf,rac,0,6108003,200
random_n400_rho1.0_weakly-corr_seed0.pcf,hfma,0,1860977,203
random_n400_rho1.0_weakly-corr_seed0.pcf,rac,0,4131209,203
random_n400_rho1.0_weakly-corr_seed1.pcf,hfma,0,1818831,199
random_n400_rho1.0_weakly-corr_seed1.pcf,rac,0,3369724,199
random_n400_rho1.0_weakly-corr_seed2.pcf,hfma,0,3121682,193
random_n400_rho1.0_weakly-corr_seed2.pcf,rac,0,4734914,193
random_n400_rho1.0_weakly-corr_seed3.pcf,hfma,0,2071927,202
random_n400_rho1.0_weakly-corr_seed3.pcf,rac,0,6261350,202
random_n400_rho1.0_weakly-corr_seed4.pcf,hfma,0,5714822,186
random_n400_rho1.0_weakly-corr_seed4.pcf,rac,0,3744674,186
random_n400_rho1.0_weakly-corr_seed5.pcf,hfma,0,1651853,210
random_n400_rho1.0_weakly-corr_seed5.pcf,rac,0,5264181,210
random_n400_rho1.0_weakly-corr_seed6.pcf,hfma,0,3666135,198
random_n400_rho1.0_weakly-corr_seed6.pcf,rac,0,2847915,198
random_n400_rho1.0_weakly-corr_seed7.pcf,hfma,0,1326889,204
random_n400_rho1.0_weakly-corr_seed7.pcf,rac,0,1859390,204
random_n400_rho1.0_weakly-corr_seed8.pcf,hfma,0,1241476,189
random_n400_rho1.0_weakly-corr_seed8.pcf,rac,0,3419241,189
random_n400_rho1.0_weakly-corr_seed9.pcf,hfma,0,1959874,195
random_n400_rho1.0_weakly-corr_seed9.pcf,rac,0,4439940,195
random_n500_rho0.3_strongly-corr-neg_seed0.pcf,hfma,0,560153,384
random_n500_rho0.3_strongly-corr-neg_seed0.pcf,rac,0,1394790,384
random_n500_rho0.3_strongly-corr-neg_seed1.pcf,hfma,0,686903,373
random_n500_rho0.3_strongly-corr-neg_seed1.pcf,rac,0,2188341,373
random_n500_rho0.3_strongly-corr-neg_seed2.pcf,hfma,0,619096,388
random_n500_rho0.3_strongly-corr-neg_seed2.pcf,rac,0,1721824,388
random_n500_rho0.3_strongly-corr-neg_seed3.pcf,hfma,0,669506,384
random_n500_rho0.3_strongly-corr-neg_seed3.pcf,rac,0,1635074,384
random_n500_rho0.3_strongly-corr-neg_seed4.pcf,hfma,0,480712,391
random_n500_rho0.3_strongly-corr-neg_seed4.pcf,rac,0,1224409,391
random_n500_rho0.3_strongly-corr-neg_seed5.pcf,hfma,0,605950,364
random_n500_rho0.3_strongly-corr-neg_seed5.pcf,rac,0,2085803,364
random_n500_rho0.3_strongly-corr-neg_seed6.pcf,hfma,0,691694,385
random_n500_rho0.3_strongly-corr-neg_seed6.pcf,rac,0,2145989,385
random_n500_rho0.3_strongly-corr-neg_seed7.pcf,hfma,0,812971,366
random_n500_rho0.3_strongly-corr-neg_seed7.pcf,rac,0,2289522,366
random_n500_rho0.3_strongly-corr-neg_seed8.pcf,hfma,0,645566,367
random_n500_rho0.3_strongly-corr-neg_seed8.pcf,rac,0,1720777,367
random_n500_rho0.3_strongly-corr-neg_seed9.pcf,hfma,0,716013,385
random_n500_rho0.3_strongly-corr-neg_seed9.pcf,rac,0,2423248,385
random_n500_rho0.3_strongly-corr_seed0.pcf,hfma,0,804226,361
random_n500_rho0.3_strongly-corr_seed0.pcf,rac,0,2188340,361
random_n500_rho0.3_strongly-corr_seed1.pcf,hfma,0,749842,369
random_n500_rho0.3_strongly-corr_seed1.pcf,rac,0,1830428,369
random_n500_rho0.3_strongly-corr_seed2.pcf,hfma,0,703921,368
random_n500_rho0.3_strongly-corr_seed2.pcf,rac,0,2074163,368
random_n500_rho0.3_strongly-corr_seed3.pcf,hfma,0,872872,335
random_n500_rho0.3_strongly-corr_seed3.pcf,rac,0,2578846,335
random_n500_rho0.3_strongly-corr_seed4.pcf,hfma,0,858427,360
random_n500_rho0.3_strongly-corr_seed4.pcf,rac,0,2033987,360
random_n500_rho0.3_strongly-corr_seed5.pcf,hfma,0,465283,368
random_n500_rho0.3_strongly-corr_seed5.pcf,rac,0,1121677,368
random_n500_rho0.3_strongly-corr_seed6.pcf,hfma,0,389634,350
random_n500_rho0.3_strongly-corr_seed6.pcf,rac,0,1126477,350
random_n500_rho0.3_strongly-corr_seed7.pcf,hfma,0,594922,361
random_n500_rho0.3_strongly-corr_seed7.pcf,rac,0,1402094,361
random_n500_rho0.3_strongly-corr_seed8.pcf,hfma,0,787068,337
random_n500_rho0.3_strongly-corr_seed8.pcf,rac,0,1940280,337
random_n500_rho0.3_strongly-corr_seed9.pcf,hfma,0,550937,343
random_n500_rho0.3_strongly-corr_seed9.pcf,rac,0,1483841,343
random_n500_rho0.3_uncorr-neg_seed0.pcf,hfma,0,534665,438
random_n500_rho0.3_uncorr-neg_seed0.pcf,rac,0,1353969,438
random_n500_rho0.3_uncorr-neg_seed1.pcf,hfma,0,772269,411
random_n500_rho0.3_uncorr-neg_seed1.pcf,rac,0,2387900,411
random_n500_rho0.3_uncorr-neg_seed2.pcf,hfma,0,839545,430
random_n500_rho0.3_uncorr-neg_seed2.pcf,rac,0,2441828,430
random_n500_rho0.3_uncorr-neg_seed3.pcf,hfma,0,767193,433
random_n500_rho0.3_uncorr-neg_seed3.pcf,rac,0,2083598,433
random_n500_rho0.3_uncorr-neg_seed4.pcf,hfma,0,821492,435
random_n500_rho0.3_uncorr-neg_seed4.pcf,rac,0,2246158,435
random_n500_rho0.3_uncorr-neg_seed5.pcf,hfma,0,725184,417
random_n500_rho0.3_uncorr-neg_seed5.pcf,rac,0,1844616,417
random_n500_rho0.3_uncorr-neg_seed6.pcf,hfma,0,620474,419
random_n500_rho0.3_uncorr-neg_seed6.pcf,rac,0,1482339,419
random_n500_rho0.3_uncorr-neg_seed7.pcf,hfma,0,528816,409
random_n500_rho0.3_uncorr-neg_seed7.pcf,rac,0,1485543,409
random_n500_rho0.3_uncorr-neg_seed8.pcf,hfma,0,339390,433
random_n500_rho0.3_uncorr-neg_seed8.pcf,rac,0,983419,433
random_n500_rho0.3_uncorr-neg_seed9.pcf,hfma,0,389981,433
random_n500_rho0.3_uncorr-neg_seed9.pcf,rac,0,757944,433
random_n500_rho0.3_uncorr_seed0.pcf,hfma,0,269534,433
random_n500_rho0.3_uncorr_seed0.pcf,rac,0,751861,433
random_n500_rho0.3_uncorr_seed1.pcf,hfma,0,423881,425
random_n500_rho0.3_uncorr_seed1.pcf,rac,0,916385,425
random_n500_rho0.3_uncorr_seed2.pcf,hfma,0,570144,428
random_n500_rho0.3_uncorr_seed2.pcf,rac,0,2071856,428
random_n500_rho0.3_uncorr_seed3.pcf,hfma,0,886847,420
random_n500_rho0.3_uncorr_seed3.pcf,rac,0,1828241,420
random_n500_rho0.3_uncorr_seed4.pcf,hfma,0,869240,416
random_n500_rho0.3_uncorr_seed4.pcf,rac,0,2582132,416
random_n500_rho0.3_uncorr_seed5.pcf,hfma,0,867055,418
random_n500_rho0.3_uncorr_seed5.pcf,rac,0,2518661,418
random_n500_rho0.3_uncorr_seed6.pcf,hfma,0,1062715,427
random_n500_rho0.3_uncorr_seed6.pcf,rac,0,2760589,427
random_n500_rho0.3_uncorr_seed7.pcf,hfma,0,957210,417
random_n500_rho0.3_uncorr_seed7.pcf,rac,0,2703745,417
random_n500_rho0.3_uncorr_seed8.pcf,hfma,0,920132,420
random_n500_rho0.3_uncorr_seed8.pcf,rac,0,2410706,420
random_n500_rho0.3_uncorr_seed9.pcf,hfma,0,1086660,426
random_n500_rho0.3_uncorr_seed9.pcf,rac,0,3164938,426
random_n500_rho0.3_weakly-corr-neg_seed0.pcf,hfma,0,469384,424
random_n500_rho0.3_weakly-corr-neg_seed0.pcf,rac,0,1581611,424
random_n500_rho0.3_weakly-corr-neg_seed1.pcf,hfma,0,781735,427
random_n500_rho0.3_weakly-corr-neg_seed1.pcf,rac,0,2316453,427
random_n500_rho0.3_weakly-corr-neg_seed2.pcf,hfma,0,878437,420
random_n500_rho0.3_weakly-corr-neg_seed2.pcf,rac,0,2606050,420
random_n500_rho0.3_weakly-corr-neg_seed3.pcf,hfma,0,836927,422
random_n500_rho0.3_weakly-corr-neg_seed3.pcf,rac,0,2490049,422
random_n500_rho0.3_weakly-corr-neg_seed4.pcf,hfma,0,949844,420
random_n500_rho0.3_weakly-corr-neg_seed4.pcf,rac,0,2701247,420
random_n500_rho0.3_weakly-corr-neg_seed5.pcf,hfma,0,915167,407
random_n500_rho0.3_weakly-corr-neg_seed5.pcf,rac,0,2292622,407
random_n500_rho0.3_weakly-corr-neg_seed6.pcf,hfma,0,502727,413
random_n500_rho0.3_weakly-corr-neg_seed6.pcf,rac,0,1231526,413
random_n500_rho0.3_weakly-corr-neg_seed7.pcf,hfma,0,636613,415
random_n500_rho0.3_weakly-corr-neg_seed7.pcf,rac,0,1678809,415
random_n500_rho0.3_weakly-corr-neg_seed8.pcf,hfma,0,485951,429
random_n500_rho0.3_weakly-corr-neg_seed8.pcf,rac,0,1295585,429
random_n500_rho0.3_weakly-corr-neg_seed9.pcf,hfma,0,717678,424
random_n500_rho0.3_weakly-corr-neg_seed9.pcf,rac,0,1316526,424
random_n500_rho0.3_weakly-corr_seed0.pcf,hfma,0,459623,430
random_n500_rho0.3_weakly-corr_seed0.pcf,rac,0,1138953,430
random_n500_rho0.3_weakly-corr_seed1.pcf,hfma,0,501802,418
random_n500_rho0.3_weakly-corr_seed1.pcf,rac,0,1383938,418
random_n500_rho0.3_weakly-corr_seed2.pcf,hfma,0,742835,434
random_n500_rho0.3_weakly-corr_seed2.pcf,rac,0,1604561,434
random_n500_rho0.3_weakly-corr_seed3.pcf,hfma,0,581052,427
random_n500_rho0.3_weakly-corr_seed3.pcf,rac,0,1478081,427
random_n500_rho0.3_weakly-corr_seed4.pcf,hfma,0,977863,419
random_n500_rho0.3_weakly-corr_seed4.pcf,rac,0,2645605,419
random_n500_rho0.3_weakly-corr_seed5.pcf,hfma,0,973199,418
random_n500_rho0.3_weakly-corr_seed5.pcf,rac,0,2478849,418
random_n500_rho0.3_weakly-corr_seed6.pcf,hfma,0,881166,418
random_n500_rho0.3_weakly-corr_seed6.pcf,rac,0,2538293,418
random_n500_rho0.3_weakly-corr_seed7.pcf,hfma,0,657389,416
random_n500_rho0.3_weakly-corr_seed7.pcf,rac,0,2442867,416
random_n500_rho0.3_weakly-corr_seed8.pcf,hfma,0,822005,422
random_n500_rho0.3_weakly-corr_seed8.pcf,rac,0,2671524,422
random_n500_rho0.3_weakly-corr_seed9.pcf,hfma,0,1076171,419
random_n500_rho0.3_weakly-corr_seed9.pcf,rac,0,3273700,419
random_n500_rho0.6_strongly-corr-neg_seed0.pcf,hfma,0,1552382,316
random_n500_rho0.6_strongly-corr-neg_seed0.pcf,rac,0,4975189,316
random_n500_rho0.6_strongly-corr-neg_seed1.pcf,hfma,0,1282416,337
random_n500_rho0.6_strongly-corr-neg_seed1.pcf,rac,0,4552484,337
random_n500_rho0.6_strongly-corr-neg_seed2.pcf,hfma,0,1422823,340
random_n500_rho0.6_strongly-corr-neg_seed2.pcf,rac,0,5074528,340
random_n500_rho0.6_strongly-corr-neg_seed3.pcf,hfma,0,1162697,335
random_n500_rho0.6_strongly-corr-neg_seed3.pcf,rac,0,2867607,335
random_n500_rho0.6_strongly-corr-neg_seed4.pcf,hfma,0,881740,324
random_n500_rho0.6_strongly-corr-neg_seed4.pcf,rac,0,3262906,324
random_n500_rho0.6_strongly-corr-neg_seed5.pcf,hfma,0,1703454,333
random_n500_rho0.6_strongly-corr-neg_seed5.pcf,rac,0,5051561,333
random_n500_rho0.6_strongly-corr-neg_seed6.pcf,hfma,0,1281291,318
random_n500_rho0.6_strongly-corr-neg_seed6.pcf,rac,0,3142321,318
random_n500_rho0.6_strongly-corr-neg_seed7.pcf,hfma,0,585380,316
random_n500_rho0.6_strongly-corr-neg_seed7.pcf,rac,0,1716764,316
random_n500_rho0.6_strongly-corr-neg_seed8.pcf,hfma,0,535520,315
random_n500_rho0.6_strongly-corr-neg_seed8.pcf,rac,0,1307281,315
random_n500_rho0.6_strongly-corr-neg_seed9.pcf,hfma,0,530479,326
random_n500_rho0.6_strongly-corr-neg_seed9.pcf,rac,0,1786543,326
random_n500_rho0.6_strongly-corr_seed0.pcf,hfma,0,310431,313
random_n500_rho0.6_strongly-corr_seed0.pcf,rac,0,1092611,313
random_n500_rho0.6_strongly-corr_seed1.pcf,hfma,0,309061,315
random_n500_rho0.6_strongly-corr_seed1.pcf,rac,0,1075319,315
random_n500_rho0.6_strongly-corr_seed2.pcf,hfma,0,634322,302
random_n500_rho0.6_strongly-corr_seed2.pcf,rac,0,1830144,302
random_n500_rho0.6_strongly-corr_seed3.pcf,hfma,0,578817,308
random_n500_rho0.6_strongly-corr_seed3.pcf,rac,0,1386625,308
random_n500_rho0.6_strongly-corr_seed4.pcf,hfma,0,568288,301
random_n500_rho0.6_strongly-corr_seed4.pcf,rac,0,1167103,301
random_n500_rho0.6_strongly-corr_seed5.pcf,hfma,0,505298,318
random_n500_rho0.6_strongly-corr_seed5.pcf,rac,0,1433824,318
random_n500_rho0.6_strongly-corr_seed6.pcf,hfma,0,592013,323
random_n500_rho0.6_strongly-corr_seed6.pcf,rac,0,1632516,323
random_n500_rho0.6_strongly-corr_seed7.pcf,hfma,0,569512,323
random_n500_rho0.6_strongly-corr_seed7.pcf,rac,0,1849148,323
random_n500_rho0.6_strongly-corr_seed8.pcf,hfma,0,558218,304
random_n500_rho0.6_strongly-corr_seed8.pcf,rac,0,1766128,304
random_n500_rho0.6_strongly-corr_seed9.pcf,hfma,0,334526,317
random_n500_rho0.6_strongly-corr_seed9.pcf,rac,0,1053187,317
random_n500_rho0.6_uncorr-neg_seed0.pcf,hfma,0,600503,354
random_n500_rho0.6_uncorr-neg_seed0.pcf,rac,0,1547274,354
random_n500_rho0.6_uncorr-neg_seed1.pcf,hfma,0,329681,367
random_n500_rho0.6_uncorr-neg_seed1.pcf,rac,0,1110194,367
random_n500_rho0.6_uncorr-neg_seed2.pcf,hfma,0,568799,365
random_n500_rho0.6_uncorr-neg_seed2.pcf,rac,0,1789834,365
random_n500_rho0.6_uncorr-neg_seed3.pcf,hfma,0,582946,342
random_n500_rho0.6_uncorr-neg_seed3.pcf,rac,0,1850088,342
random_n500_rho0.6_uncorr-neg_seed4.pcf,hfma,0,484220,348
random_n500_rho0.6_uncorr-neg_seed4.pcf,rac,0,1591553,348
random_n500_rho0.6_uncorr-neg_seed5.pcf,hfma,0,338077,365
random_n500_rho0.6_uncorr-neg_seed5.pcf,rac,0,1730845,365
random_n500_rho0.6_uncorr-neg_seed6.pcf,hfma,0,412825,362
random_n500_rho0.6_uncorr-neg_seed6.pcf,rac,0,1159058,362
random_n500_rho0.6_uncorr-neg_seed7.pcf,hfma,0,571414,352
random_n500_rho0.6_uncorr-neg_seed7.pcf,rac,0,1808690,352
random_n500_rho0.6_uncorr-neg_seed8.pcf,hfma,0,564905,351
random_n500_rho0.6_uncorr-neg_seed8.pcf,rac,0,1440389,351
random_n500_rho0.6_uncorr-neg_seed9.pcf,hfma,0,585178,350
random_n500_rho0.6_uncorr-neg_seed9.pcf,rac,0,1887689,350
random_n500_rho0.6_uncorr_seed0.pcf,hfma,0,333762,348
random_n500_rho0.6_uncorr_seed0.pcf,rac,0,1141065,348
random_n500_rho0.6_uncorr_seed1.pcf,hfma,0,341936,350
random_n500_rho0.6_uncorr_seed1.pcf,rac,0,1091638,350
random_n500_rho0.6_uncorr_seed2.pcf,hfma,0,406703,339
random_n500_rho0.6_uncorr_seed2.pcf,rac,0,1254851,339
random_n500_rho0.6_uncorr_seed3.pcf,hfma,0,518896,352
random_n500_rho0.6_uncorr_seed3.pcf,rac,0,1670416,352
random_n500_rho0.6_uncorr_seed4.pcf,hfma,0,390425,348
random_n500_rho0.6_uncorr_seed4.pcf,rac,0,1225954,348
random_n500_rho0.6_uncorr_seed5.pcf,hfma,0,675988,359
random_n500_rho0.6_uncorr_seed5.pcf,rac,0,1533752,359
random_n500_rho0.6_uncorr_seed6.pcf,hfma,0,523649,339
random_n500_rho0.6_uncorr_seed6.pcf,rac,0,1806941,339
random_n500_rho0.6_uncorr_seed7.pcf,hfma,0,1063606,353
random_n500_rho0.6_uncorr_seed7.pcf,rac,0,2829984,353
random_n500_rho0.6_uncorr_seed8.pcf,hfma,0,954222,356
random_n500_rho0.6_uncorr_seed8.pcf,rac,0,2698115,356
random_n500_rho0.6_uncorr_seed9.pcf,hfma,0,839331,353
random_n500_rho0.6_uncorr_seed9.pcf,rac,0,2342302,353
random_n500_rho0.6_weakly-corr-neg_seed0.pcf,hfma,0,778278,367
random_n500_rho0.6_weakly-corr-neg_seed0.pcf,rac,0,2782176,367
random_n500_rho0.6_weakly-corr-neg_seed1.pcf,hfma,0,1182124,362
random_n500_rho0.6_weakly-corr-neg_seed1.pcf,rac,0,4066062,362
random_n500_rho0.6_weakly-corr-neg_seed2.pcf,hfma,0,1410195,357
random_n500_rho0.6_weakly-corr-neg_seed2.pcf,rac,0,4795316,357
random_n500_rho0.6_weakly-corr-neg_seed3.pcf,hfma,0,1225425,344
random_n500_rho0.6_weakly-corr-neg_seed3.pcf,rac,0,4550741,344
random_n500_rho0.6_weakly-corr-neg_seed4.pcf,hfma,0,1673859,351
random_n500_rho0.6_weakly-corr-neg_seed4.pcf,rac,0,4862735,351
random_n500_rho0.6_weakly-corr-neg_seed5.pcf,hfma,0,1288317,355
random_n500_rho0.6_weakly-corr-neg_seed5.pcf,rac,0,4677196,355
random_n500_rho0.6_weakly-corr-neg_seed6.pcf,hfma,0,1762151,348
random_n500_rho0.6_weakly-corr-neg_seed6.pcf,rac,0,5162083,348
random_n500_rho0.6_weakly-corr-neg_seed7.pcf,hfma,0,1691952,344
random_n500_rho0.6_weakly-corr-neg_seed7.pcf,rac,0,5052948,344
random_n500_rho0.6_weakly-corr-neg_seed8.pcf,hfma,0,1609918,351
random_n500_rho0.6_weakly-corr-neg_seed8.pcf,rac,0,4975362,351
random_n500_rho0.6_weakly-corr-neg_seed9.pcf,hfma,0,2008880,355
random_n500_rho0.6_weakly-corr-neg_seed9.pcf,rac,0,5065773,355
random_n500_rho0.6_weakly-corr_seed0.pcf,hfma,0,1621639,345
random_n500_rho0.6_weakly-corr_seed0.pcf,rac,0,5147571,345
random_n500_rho0.6_weakly-corr_seed1.pcf,hfma,0,1454729,358
random_n500_rho0.6_weakly-corr_seed1.pcf,rac,0,3437809,358
random_n500_rho0.6_weakly-corr_seed2.pcf,hfma,0,1931504,351
random_n500_rho0.6_weakly-corr_seed2.pcf,rac,0,4857971,351
random_n500_rho0.6_weakly-corr_seed3.pcf,hfma,0,1418142,346
random_n500_rho0.6_weakly-corr_seed3.pcf,rac,0,4817949,346
random_n500_rho0.6_weakly-corr_seed4.pcf,hfma,0,1958430,340
random_n500_rho0.6_weakly-corr_seed4.pcf,rac,0,5212103,340
random_n500_rho0.6_weakly-corr_seed5.pcf,hfma,0,1580308,359
random_n500_rho0.6_weakly-corr_seed5.pcf,rac,0,3956519,359
random_n500_rho0.6_weakly-corr_seed6.pcf,hfma,0,1041821,343
random_n500_rho0.6_weakly-corr_seed6.pcf,rac,0,2162807,343
random_n500_rho0.6_weakly-corr_seed7.pcf,hfma,0,669646,336
random_n500_rho0.6_weakly-corr_seed7.pcf,rac,0,2645798,336
random_n500_rho0.6_weakly-corr_seed8.pcf,hfma,0,1532504,357
random_n500_rho0.6_weakly-corr_seed8.pcf,rac,0,4832122,357
random_n500_rho0.6_weakly-corr_seed9.pcf,hfma,0,1756654,348
random_n500_rho0.6_weakly-corr_seed9.pcf,rac,0,5571107,348
random_n500_rho0.9_strongly-corr-neg_seed0.pcf,hfma,0,3952483,277
random_n500_rho0.9_strongly-corr-neg_seed0.pcf,rac,0,7888029,277
random_n500_rho0.9_strongly-corr-neg_seed1.pcf,hfma,0,3945664,277
random_n500_rho0.9_strongly-corr-neg_seed1.pcf,rac,0,8441659,277
random_n500_rho0.9_strongly-corr-neg_seed2.pcf,hfma,0,2689634,269
random_n500_rho0.9_strongly-corr-neg_seed2.pcf,rac,0,4771735,269
random_n500_rho0.9_strongly-corr-neg_seed3.pcf,hfma,0,1961838,268
random_n500_rho0.9_strongly-corr-neg_seed3.pcf,rac,0,2993422,268
random_n500_rho0.9_strongly-corr-neg_seed4.pcf,hfma,0,1403800,260
random_n500_rho0.9_strongly-corr-neg_seed4.pcf,rac,0,2793426,260
random_n500_rho0.9_strongly-corr-neg_seed5.pcf,hfma,0,1486591,270
random_n500_rho0.9_strongly-corr-neg_seed5.pcf,rac,0,4728286,270
random_n500_rho0.9_strongly-corr-neg_seed6.pcf,hfma,0,2568753,250
random_n500_rho0.9_strongly-corr-neg_seed6.pcf,rac,0,4046616,250
random_n500_rho0.9_strongly-corr-neg_seed7.pcf,hfma,0,2034231,282
random_n500_rho0.9_strongly-corr-neg_seed7.pcf,rac,0,5626614,282
random_n500_rho0.9_strongly-corr-neg_seed8.pcf,hfma,0,3057614,270
random_n500_rho0.9_strongly-corr-neg_seed8.pcf,rac,0,7878305,270
random_n500_rho0.9_strongly-corr-neg_seed9.pcf,hfma,0,4437234,273
random_n500_rho0.9_strongly-corr-neg_seed9.pcf,rac,0,8267858,273
random_n500_rho0.9_strongly-corr_seed0.pcf,hfma,0,3651444,257
random_n500_rho0.9_strongly-corr_seed0.pcf,rac,0,7612534,257
random_n500_rho0.9_strongly-corr_seed1.pcf,hfma,0,5338885,245
random_n500_rho0.9_strongly-corr_seed1.pcf,rac,0,6206038,245
random_n500_rho0.9_strongly-corr_seed2.pcf,hfma,0,2980832,260
random_n500_rho0.9_strongly-corr_seed2.pcf,rac,0,7260594,260
random_n500_rho0.9_strongly-corr_seed3.pcf,hfma,0,4387286,254
random_n500_rho0.9_strongly-corr_seed3.pcf,rac,0,8300962,254
random_n500_rho0.9_strongly-corr_seed4.pcf,hfma,0,2743080,264
random_n500_rho0.9_strongly-corr_seed4.pcf,rac,0,5011554,264
random_n500_rho0.9_strongly-corr_seed5.pcf,hfma,0,1121749,251
random_n500_rho0.9_strongly-corr_seed5.pcf,rac,0,2329785,251
random_n500_rho0.9_strongly-corr_seed6.pcf,hfma,0,829721,256
random_n500_rho0.9_strongly-corr_seed6.pcf,rac,0,2381284,256
random_n500_rho0.9_strongly-corr_seed7.pcf,hfma,0,2856854,258
random_n500_rho0.9_strongly-corr_seed7.pcf,rac,0,5884765,258
random_n500_rho0.9_strongly-corr_seed8.pcf,hfma,0,4934337,232
random_n500_rho0.9_strongly-corr_seed8.pcf,rac,0,5106783,232
random_n500_rho0.9_strongly-corr_seed9.pcf,hfma,0,3797928,258
random_n500_rho0.9_strongly-corr_seed9.pcf,rac,0,6575039,258
random_n500_rho0.9_uncorr-neg_seed0.pcf,hfma,0,3809239,266
random_n500_rho0.9_uncorr-neg_seed0.pcf,rac,0,6882523,266
random_n500_rho0.9_uncorr-neg_seed1.pcf,hfma,0,2363107,266
random_n500_rho0.9_uncorr-neg_seed1.pcf,rac,0,6381901,266
random_n500_rho0.9_uncorr-neg_seed2.pcf,hfma,0,3547321,294
random_n500_rho0.9_uncorr-neg_seed2.pcf,rac,0,8074856,294
random_n500_rho0.9_uncorr-neg_seed3.pcf,hfma,0,5331756,279
random_n500_rho0.9_uncorr-neg_seed3.pcf,rac,0,5806730,279
random_n500_rho0.9_uncorr-neg_seed4.pcf,hfma,0,2399012,282
random_n500_rho0.9_uncorr-neg_seed4.pcf,rac,0,6923667,282
random_n500_rho0.9_uncorr-neg_seed5.pcf,hfma,0,3780530,270
random_n500_rho0.9_uncorr-neg_seed5.pcf,rac,0,5848192,270
random_n500_rho0.9_uncorr-neg_seed6.pcf,hfma,0,1506737,285
random_n500_rho0.9_uncorr-neg_seed6.pcf,rac,0,2771032,285
random_n500_rho0.9_uncorr-neg_seed7.pcf,hfma,0,1423288,279
random_n500_rho0.9_uncorr-neg_seed7.pcf,rac,0,2640327,279
random_n500_rho0.9_uncorr-neg_seed8.pcf,hfma,0,1931948,281
random_n500_rho0.9_uncorr-neg_seed8.pcf,rac,0,4819511,281
random_n500_rho0.9_uncorr-neg_seed9.pcf,hfma,0,1464737,291
random_n500_rho0.9_uncorr-neg_seed9.pcf,rac,0,2623284,291
random_n500_rho0.9_uncorr_seed0.pcf,hfma,0,1116037,277
random_n500_rho0.9_uncorr_seed0.pcf,rac,0,2784927,277
random_n500_rho0.9_uncorr_seed1.pcf,hfma,0,1654527,272
random_n500_rho0.9_uncorr_seed1.pcf,rac,0,3004754,272
random_n500_rho0.9_uncorr_seed2.pcf,hfma,0,1264026,274
random_n500_rho0.9_uncorr_seed2.pcf,rac,0,3635288,274
random_n500_rho0.9_uncorr_seed3.pcf,hfma,0,2443890,269
random_n500_rho0.9_uncorr_seed3.pcf,rac,0,6704040,269
random_n500_rho0.9_uncorr_seed4.pcf,hfma,0,3900567,274
random_n500_rho0.9_uncorr_seed4.pcf,rac,0,5379335,274
random_n500_rho0.9_uncorr_seed5.pcf,hfma,0,2426368,278
random_n500_rho0.9_uncorr_seed5.pcf,rac,0,5329825,278
random_n500_rho0.9_uncorr_seed6.pcf,hfma,0,1548980,273
random_n500_rho0.9_uncorr_seed6.pcf,rac,0,3060922,273
random_n500_rho0.9_uncorr_seed7.pcf,hfma,0,1896339,269
random_n500_rho0.9_uncorr_seed7.pcf,rac,0,4283113,269
random_n500_rho0.9_uncorr_seed8.pcf,hfma,0,3844334,276
random_n500_rho0.9_uncorr_seed8.pcf,rac,0,6369484,276
random_n500_rho0.9_uncorr_seed9.pcf,hfma,0,3531525,272
random_n500_rho0.9_uncorr_seed9.pcf,rac,0,3028983,272
random_n500_rho0.9_weakly-corr-neg_seed0.pcf,hfma,0,2159261,288
random_n500_rho0.9_weakly-corr-neg_seed0.pcf,rac,0,5196630,288
random_n500_rho0.9_weakly-corr-neg_seed1.pcf,hfma,0,2330756,269
random_n500_rho0.9_weakly-corr-neg_seed1.pcf,rac,0,5276055,269
random_n500_rho0.9_weakly-corr-neg_seed2.pcf,hfma,0,1602719,290
random_n500_rho0.9_weakly-corr-neg_seed2.pcf,rac,0,2714592,290
random_n500_rho0.9_weakly-corr-neg_seed3.pcf,hfma,0,1145083,272
random_n500_rho0.9_weakly-corr-neg_seed3.pcf,rac,0,2013537,272
random_n500_rho0.9_weakly-corr-neg_seed4.pcf,hfma,0,787102,276
random_n500_rho0.9_weakly-corr-neg_seed4.pcf,rac,0,2000699,276
random_n500_rho0.9_weakly-corr-neg_seed5.pcf,hfma,0,1129012,276
random_n500_rho0.9_weakly-corr-neg_seed5.pcf,rac,0,2151194,276
random_n500_rho0.9_weakly-corr-neg_seed6.pcf,hfma,0,758156,273
random_n500_rho0.9_weakly-corr-neg_seed6.pcf,rac,0,1910863,273
random_n500_rho0.9_weakly-corr-neg_seed7.pcf,hfma,0,1492112,262
random_n500_rho0.9_weakly-corr-neg_seed7.pcf,rac,0,2398238,262
random_n500_rho0.9_weakly-corr-neg_seed8.pcf,hfma,0,1242855,290
random_n500_rho0.9_weakly-corr-neg_seed8.pcf,rac,0,2176608,290
random_n500_rho0.9_weakly-corr-neg_seed9.pcf,hfma,0,2917420,275
random_n500_rho0.9_weakly-corr-neg_seed9.pcf,rac,0,5983456,275
random_n500_rho0.9_weakly-corr_seed0.pcf,hfma,0,3349972,272
random_n500_rho0.9_weakly-corr_seed0.pcf,rac,0,7887921,272
random_n500_rho0.9_weakly-corr_seed1.pcf,hfma,0,3622705,277
random_n500_rho0.9_weakly-corr_seed1.pcf,rac,0,6325954,277
random_n500_rho0.9_weakly-corr_seed2.pcf,hfma,0,3566872,264
random_n500_rho0.9_weakly-corr_seed2.pcf,rac,0,3665948,264
random_n500_rho0.9_weakly-corr_seed3.pcf,hfma,0,1818446,288
random_n500_rho0.9_weakly-corr_seed3.pcf,rac,0,6861647,288
random_n500_rho0.9_weakly-corr_seed4.pcf,hfma,0,2960064,265
random_n500_rho0.9_weakly-corr_seed4.pcf,rac,0,4479693,265
random_n500_rho0.9_weakly-corr_seed5.pcf,hfma,0,2203891,259
random_n500_rho0.9_weakly-corr_seed5.pcf,rac,0,6002146,259
random_n500_rho0.9_weakly-corr_seed6.pcf,hfma,0,3796831,279
random_n500_rho0.9_weakly-corr_seed6.pcf,rac,0,8077281,279
random_n500_rho0.9_weakly-corr_seed7.pcf,hfma,0,1758114,289
random_n500_rho0.9_weakly-corr_seed7.pcf,rac,0,3782274,289
random_n500_rho0.9_weakly-corr_seed8.pcf,hfma,0,1753480,286
random_n500_rho0.9_weakly-corr_seed8.pcf,rac,0,3875688,286
random_n500_rho0.9_weakly-corr_seed9.pcf,hfma,0,2602481,254
random_n500_rho0.9_weakly-corr_seed9.pcf,rac,0,2806785,254
random_n500_rho1.0_strongly-corr-neg_seed0.pcf,hfma,0,1655676,259
random_n500_rho1.0_strongly-corr-neg_seed0.pcf,rac,0,4348419,259
random_n500_rho1.0_strongly-corr-neg_seed1.pcf,hfma,0,2557121,223
random_n500_rho1.0_strongly-corr-neg_seed1.pcf,rac,0,3102594,223
random_n500_rho1.0_strongly-corr-neg_seed2.pcf,hfma,0,2904426,244
random_n500_rho1.0_strongly-corr-neg_seed2.pcf,rac,0,4249351,244
random_n500_rho1.0_strongly-corr-neg_seed3.pcf,hfma,0,2928919,240
random_n500_rho1.0_strongly-corr-neg_seed3.pcf,rac,0,5965051,240
random_n500_rho1.0_strongly-corr-neg_seed4.pcf,hfma,0,5650666,228
random_n500_rho1.0_strongly-corr-neg_seed4.pcf,rac,0,7433786,228
random_n500_rho1.0_strongly-corr-neg_seed5.pcf,hfma,0,4560440,241
random_n500_rho1.0_strongly-corr-neg_seed5.pcf,rac,0,7271558,241
random_n500_rho1.0_strongly-corr-neg_seed6.pcf,hfma,0,1995006,246
random_n500_rho1.0_strongly-corr-neg_seed6.pcf,rac,0,2666418,246
random_n500_rho1.0_strongly-corr-neg_seed7.pcf,hfma,0,1491081,255
random_n500_rho1.0_strongly-corr-neg_seed7.pcf,rac,0,2368889,255
random_n500_rho1.0_strongly-corr-neg_seed8.pcf,hfma,0,1439555,241
random_n500_rho1.0_strongly-corr-neg_seed8.pcf,rac,0,2371807,241
random_n500_rho1.0_strongly-corr-neg_seed9.pcf,hfma,0,1673213,232
random_n500_rho1.0_strongly-corr-neg_seed9.pcf,rac,0,3512481,232
random_n500_rho1.0_strongly-corr_seed0.pcf,hfma,0,3665700,230
random_n500_rho1.0_strongly-corr_seed0.pcf,rac,0,3580197,230
random_n500_rho1.0_strongly-corr_seed1.pcf,hfma,0,1163237,238
random_n500_rho1.0_strongly-corr_seed1.pcf,rac,0,2431890,238
random_n500_rho1.0_strongly-corr_seed2.pcf,hfma,0,2358296,230
random_n500_rho1.0_strongly-corr_seed2.pcf,rac,0,4320927,230
random_n500_rho1.0_strongly-corr_seed3.pcf,hfma,0,2295530,216
random_n500_rho1.0_strongly-corr_seed3.pcf,rac,0,6576476,216
random_n500_rho1.0_strongly-corr_seed4.pcf,hfma,0,2940122,240
random_n500_rho1.0_strongly-corr_seed4.pcf,rac,0,4384484,240
random_n500_rho1.0_strongly-corr_seed5.pcf,hfma,0,2710971,233
random_n500_rho1.0_strongly-corr_seed5.pcf,rac,0,6441068,233
random_n500_rho1.0_strongly-corr_seed6.pcf,hfma,0,8173950,218
random_n500_rho1.0_strongly-corr_seed6.pcf,rac,0,6646780,218
random_n500_rho1.0_strongly-corr_seed7.pcf,hfma,0,3301756,236
random_n500_rho1.0_strongly-corr_seed7.pcf,rac,0,8523108,236
random_n500_rho1.0_strongly-corr_seed8.pcf,hfma,0,4072107,234
random_n500_rho1.0_strongly-corr_seed8.pcf,rac,0,3065692,234
random_n500_rho1.0_strongly-corr_seed9.pcf,hfma,0,3538226,228
random_n500_rho1.0_strongly-corr_seed9.pcf,rac,0,7551738,228
random_n500_rho1.0_uncorr-neg_seed0.pcf,hfma,0,5912466,265
random_n500_rho1.0_uncorr-neg_seed0.pcf,rac,0,10247648,265
random_n500_rho1.0_uncorr-neg_seed1.pcf,hfma,0,5640664,249
random_n500_rho1.0_uncorr-neg_seed1.pcf,rac,0,2317802,249
random_n500_rho1.0_uncorr-neg_seed2.pcf,hfma,0,4375899,253
random_n500_rho1.0_uncorr-neg_seed2.pcf,rac,0,6343357,253
random_n500_rho1.0_uncorr-neg_seed3.pcf,hfma,0,2005909,252
random_n500_rho1.0_uncorr-neg_seed3.pcf,rac,0,5339599,252
random_n500_rho1.0_uncorr-neg_seed4.pcf,hfma,0,4276848,241
random_n500_rho1.0_uncorr-neg_seed4.pcf,rac,0,5087909,241
random_n500_rho1.0_uncorr-neg_seed5.pcf,hfma,0,3032623,226
random_n500_rho1.0_uncorr-neg_seed5.pcf,rac,0,7088084,226
random_n500_rho1.0_uncorr-neg_seed6.pcf,hfma,0,5437393,252
random_n500_rho1.0_uncorr-neg_seed6.pcf,rac,0,7837501,252
random_n500_rho1.0_uncorr-neg_seed7.pcf,hfma,0,3590590,255
random_n500_rho1.0_uncorr-neg_seed7.pcf,rac,0,3472971,255
random_n500_rho1.0_uncorr-neg_seed8.pcf,hfma,0,1360824,245
random_n500_rho1.0_uncorr-neg_seed8.pcf,rac,0,2570989,245
random_n500_rho1.0_uncorr-neg_seed9.pcf,hfma,0,1745151,270
random_n500_rho1.0_uncorr-neg_seed9.pcf,rac,0,2483781,270
random_n500_rho1.0_uncorr_seed0.pcf,hfma,0,1948624,245
random_n500_rho1.0_uncorr_seed0.pcf,rac,0,4219807,245
random_n500_rho1.0_uncorr_seed1.pcf,hfma,0,1931767,242
random_n500_rho1.0_uncorr_seed1.pcf,rac,0,4142451,242
random_n500_rho1.0_uncorr_seed2.pcf,hfma,0,5051359,253
random_n500_rho1.0_uncorr_seed2.pcf,rac,0,6905053,253
random_n500_rho1.0_uncorr_seed3.pcf,hfma,0,3585018,261
random_n500_rho1.0_uncorr_seed3.pcf,rac,0,6956817,261
random_n500_rho1.0_uncorr_seed4.pcf,hfma,0,3206331,260
random_n500_rho1.0_uncorr_seed4.pcf,rac,0,7147214,260
random_n500_rho1.0_uncorr_seed5.pcf,hfma,0,3146507,261
random_n500_rho1.0_uncorr_seed5.pcf,rac,0,5350525,261
random_n500_rho1.0_uncorr_seed6.pcf,hfma,0,2569475,240
random_n500_rho1.0_uncorr_seed6.pcf,rac,0,4619161,240
random_n500_rho1.0_uncorr_seed7.pcf,hfma,0,1419700,238
random_n500_rho1.0_uncorr_seed7.pcf,rac,0,2541937,238
random_n500_rho1.0_uncorr_seed8.pcf,hfma,0,1355945,269
random_n500_rho1.0_uncorr_seed8.pcf,rac,0,2502649,269
random_n500_rho1.0_uncorr_seed9.pcf,hfma,0,975918,271
random_n500_rho1.0_uncorr_seed9.pcf,rac,0,2555522,271
random_n500_rho1.0_weakly-corr-neg_seed0.pcf,hfma,0,2732572,244
random_n500_rho1.0_weakly-corr-neg_seed0.pcf,rac,0,5737123,244
random_n500_rho1.0_weakly-corr-neg_seed1.pcf,hfma,0,2014902,240
random_n500_rho1.0_weakly-corr-neg_seed1.pcf,rac,0,3232585,240
random_n500_rho1.0_weakly-corr-neg_seed2.pcf,hfma,0,3028027,236
random_n500_rho1.0_weakly-corr-neg_seed2.pcf,rac,0,4944141,236
random_n500_rho1.0_weakly-corr-neg_seed3.pcf,hfma,0,1544555,241
random_n500_rho1.0_weakly-corr-neg_seed3.pcf,rac,0,3410731,241
random_n500_rho1.0_weakly-corr-neg_seed4.pcf,hfma,0,3358891,242
random_n500_rho1.0_weakly-corr-neg_seed4.pcf,rac,0,5270024,242
random_n500_rho1.0_weakly-corr-neg_seed5.pcf,hfma,0,4767210,258
random_n500_rho1.0_weakly-corr-neg_seed5.pcf,rac,0,9772935,258
random_n500_rho1.0_weakly-corr-neg_seed6.pcf,hfma,0,6543472,255
random_n500_rho1.0_weakly-corr-neg_seed6.pcf,rac,0,3701405,255
random_n500_rho1.0_weakly-corr-neg_seed7.pcf,hfma,0,1491863,252
random_n500_rho1.0_weakly-corr-neg_seed7.pcf,rac,0,2725426,252
random_n500_rho1.0_weakly-corr-neg_seed8.pcf,hfma,0,1550717,252
random_n500_rho1.0_weakly-corr-neg_seed8.pcf,rac,0,2549299,252
random_n500_rho1.0_weakly-corr-neg_seed9.pcf,hfma,0,1645595,253
random_n500_rho1.0_weakly-corr-neg_seed9.pcf,rac,0,3668762,253
random_n500_rho1.0_weakly-corr_seed0.pcf,hfma,0,1469952,240
random_n500_rho1.0_weakly-corr_seed0.pcf,rac,0,2804034,240
random_n500_rho1.0_weakly-corr_seed1.pcf,hfma,0,1795554,240
random_n500_rho1.0_weakly-corr_seed1.pcf,rac,0,3689030,240
random_n500_rho1.0_weakly-corr_seed2.pcf,hfma,0,1028007,256
random_n500_rho1.0_weakly-corr_seed2.pcf,rac,0,2665040,256
random_n500_rho1.0_weakly-corr_seed3.pcf,hfma,0,1698777,249
random_n500_rho1.0_weakly-corr_seed3.pcf,rac,0,2802951,249
random_n500_rho1.0_weakly-corr_seed4.pcf,hfma,0,1750537,235
random_n500_rho1.0_weakly-corr_seed4.pcf,rac,0,3680683,235
random_n500_rho1.0_weakly-corr_seed5.pcf,hfma,0,1380887,230
random_n500_rho1.0_weakly-corr_seed5.pcf,rac,0,2399860,230
random_n500_rho1.0_weakly-corr_seed6.pcf,hfma,0,1246149,234
random_n500_rho1.0_weakly-corr_seed6.pcf,rac,0,2682942,234
random_n500_rho1.0_weakly-corr_seed7.pcf,hfma,0,2384201,253
random_n500_rho1.0_weakly-corr_seed7.pcf,rac,0,4269254,253
random_n500_rho1.0_weakly-corr_seed8.pcf,hfma,0,1857880,251
random_n500_rho1.0_weakly-corr_seed8.pcf,rac,0,2386014,251
random_n500_rho1.0_weakly-corr_seed9.pcf,hfma,0,2095483,233
random_n500_rho1.0_weakly-corr_seed9.pcf,rac,0,3110897,233
random_n600_rho0.3_strongly-corr-neg_seed0.pcf,hfma,0,256258,463
random_n600_rho0.3_strongly-corr-neg_seed0.pcf,rac,0,749046,463
random_n600_rho0.3_strongly-corr-neg_seed1.pcf,hfma,0,441781,442
random_n600_rho0.3_strongly-corr-neg_seed1.pcf,rac,0,1054649,442
random_n600_rho0.3_strongly-corr-neg_seed2.pcf,hfma,0,299875,448
random_n600_rho0.3_strongly-corr-neg_seed2.pcf,rac,0,910046,448
random_n600_rho0.3_strongly-corr-neg_seed3.pcf,hfma,0,515598,455
random_n600_rho0.3_strongly-corr-neg_seed3.pcf,rac,0,830003,455
random_n600_rho0.3_strongly-corr-neg_seed4.pcf,hfma,0,300599,464
random_n600_rho0.3_strongly-corr-neg_seed4.pcf,rac,0,906630,464
random_n600_rho0.3_strongly-corr-neg_seed5.pcf,hfma,0,658572,462
random_n600_rho0.3_strongly-corr-neg_seed5.pcf,rac,0,2075835,462
random_n600_rho0.3_strongly-corr-neg_seed6.pcf,hfma,0,450460,464
random_n600_rho0.3_strongly-corr-neg_seed6.pcf,rac,0,1309329,464
random_n600_rho0.3_strongly-corr-neg_seed7.pcf,hfma,0,474435,451
random_n600_rho0.3_strongly-corr-neg_seed7.pcf,rac,0,1466888,451
random_n600_rho0.3_strongly-corr-neg_seed8.pcf,hfma,0,773275,441
random_n600_rho0.3_strongly-corr-neg_seed8.pcf,rac,0,2403732,441
random_n600_rho0.3_strongly-corr-neg_seed9.pcf,hfma,0,754974,449
random_n600_rho0.3_strongly-corr-neg_seed9.pcf,rac,0,2337688,449
random_n600_rho0.3_strongly-corr_seed0.pcf,hfma,0,916680,412
random_n600_rho0.3_strongly-corr_seed0.pcf,rac,0,2603457,412
random_n600_rho0.3_strongly-corr_seed1.pcf,hfma,0,896513,406
random_n600_rho0.3_strongly-corr_seed1.pcf,rac,0,3489367,406
random_n600_rho0.3_strongly-corr_seed2.pcf,hfma,0,1182672,408
random_n600_rho0.3_strongly-corr_seed2.pcf,rac,0,2922544,408
random_n600_rho0.3_strongly-corr_seed3.pcf,hfma,0,909171,426
random_n600_rho0.3_strongly-corr_seed3.pcf,rac,0,2655051,426
random_n600_rho0.3_strongly-corr_seed4.pcf,hfma,0,881424,413
random_n600_rho0.3_strongly-corr_seed4.pcf,rac,0,2522044,413
random_n600_rho0.3_strongly-corr_seed5.pcf,hfma,0,967202,419
random_n600_rho0.3_strongly-corr_seed5.pcf,rac,0,2797746,419
random_n600_rho0.3_strongly-corr_seed6.pcf,hfma,0,820223,434
random_n600_rho0.3_strongly-corr_seed6.pcf,rac,0,2288177,434
random_n600_rho0.3_strongly-corr_seed7.pcf,hfma,0,870831,411
random_n600_rho0.3_strongly-corr_seed7.pcf,rac,0,2370096,411
random_n600_rho0.3_strongly-corr_seed8.pcf,hfma,0,913735,403
random_n600_rho0.3_strongly-corr_seed8.pcf,rac,0,2748992,403
random_n600_rho0.3_strongly-corr_seed9.pcf,hfma,0,870834,413
random_n600_rho0.3_strongly-corr_seed9.pcf,rac,0,2679366,413
random_n600_rho0.3_uncorr-neg_seed0.pcf,hfma,0,929580,511
random_n600_rho0.3_uncorr-neg_seed0.pcf,rac,0,2517986,511
random_n600_rho0.3_uncorr-neg_seed1.pcf,hfma,0,902621,508
random_n600_rho0.3_uncorr-neg_seed1.pcf,rac,0,2601447,508
random_n600_rho0.3_uncorr-neg_seed2.pcf,hfma,0,1118753,513
random_n600_rho0.3_uncorr-neg_seed2.pcf,rac,0,3253130,513
random_n600_rho0.3_uncorr-neg_seed3.pcf,hfma,0,904805,501
random_n600_rho0.3_uncorr-neg_seed3.pcf,rac,0,2673324,501
random_n600_rho0.3_uncorr-neg_seed4.pcf,hfma,0,903713,510
random_n600_rho0.3_uncorr-neg_seed4.pcf,rac,0,2658250,510
random_n600_rho0.3_uncorr-neg_seed5.pcf,hfma,0,963340,515
random_n600_rho0.3_uncorr-neg_seed5.pcf,rac,0,2781148,515
random_n600_rho0.3_uncorr-neg_seed6.pcf,hfma,0,908171,513
random_n600_rho0.3_uncorr-neg_seed6.pcf,rac,0,2389779,513
random_n600_rho0.3_uncorr-neg_seed7.pcf,hfma,0,945736,511
random_n600_rho0.3_uncorr-neg_seed7.pcf,rac,0,2736064,511
random_n600_rho0.3_uncorr-neg_seed8.pcf,hfma,0,1158513,509
random_n600_rho0.3_uncorr-neg_seed8.pcf,rac,0,2858828,509
random_n600_rho0.3_uncorr-neg_seed9.pcf,hfma,0,1088507,503
random_n600_rho0.3_uncorr-neg_seed9.pcf,rac,0,3122580,503
random_n600_rho0.3_uncorr_seed0.pcf,hfma,0,1281819,495
random_n600_rho0.3_uncorr_seed0.pcf,rac,0,3337099,495
random_n600_rho0.3_uncorr_seed1.pcf,hfma,0,1061565,503
random_n600_rho0.3_uncorr_seed1.pcf,rac,0,2935392,503
random_n600_rho0.3_uncorr_seed2.pcf,hfma,0,1047552,519
random_n600_rho0.3_uncorr_seed2.pcf,rac,0,2918896,519
random_n600_rho0.3_uncorr_seed3.pcf,hfma,0,613308,508
random_n600_rho0.3_uncorr_seed3.pcf,rac,0,1803943,508
random_n600_rho0.3_uncorr_seed4.pcf,hfma,0,687128,509
random_n600_rho0.3_uncorr_seed4.pcf,rac,0,1598062,509
random_n600_rho0.3_uncorr_seed5.pcf,hfma,0,731995,509
random_n600_rho0.3_uncorr_seed5.pcf,rac,0,1677436,509
random_n600_rho0.3_uncorr_seed6.pcf,hfma,0,567031,503
random_n600_rho0.3_uncorr_seed6.pcf,rac,0,1542766,503
random_n600_rho0.3_uncorr_seed7.pcf,hfma,0,337961,520
random_n600_rho0.3_uncorr_seed7.pcf,rac,0,971384,520
random_n600_rho0.3_uncorr_seed8.pcf,hfma,0,238835,506
random_n600_rho0.3_uncorr_seed8.pcf,rac,0,691383,506
random_n600_rho0.3_uncorr_seed9.pcf,hfma,0,439328,506
random_n600_rho0.3_uncorr_seed9.pcf,rac,0,1497718,506
random_n600_rho0.3_weakly-corr-neg_seed0.pcf,hfma,0,657106,509
random_n600_rho0.3_weakly-corr-neg_seed0.pcf,rac,0,1905787,509
random_n600_rho0.3_weakly-corr-neg_seed1.pcf,hfma,0,654788,507
random_n600_rho0.3_weakly-corr-neg_seed1.pcf,rac,0,1551614,507
random_n600_rho0.3_weakly-corr-neg_seed2.pcf,hfma,0,640580,491
random_n600_rho0.3_weakly-corr-neg_seed2.pcf,rac,0,1752849,491
random_n600_rho0.3_weakly-corr-neg_seed3.pcf,hfma,0,391172,511
random_n600_rho0.3_weakly-corr-neg_seed3.pcf,rac,0,1216583,511
random_n600_rho0.3_weakly-corr-neg_seed4.pcf,hfma,0,503168,511
random_n600_rho0.3_weakly-corr-neg_seed4.pcf,rac,0,1601008,511
random_n600_rho0.3_weakly-corr-neg_seed5.pcf,hfma,0,688573,509
random_n600_rho0.3_weakly-corr-neg_seed5.pcf,rac,0,2307436,509
random_n600_rho0.3_weakly-corr-neg_seed6.pcf,hfma,0,1008990,507
random_n600_rho0.3_weakly-corr-neg_seed6.pcf,rac,0,2600789,507
random_n600_rho0.3_weakly-corr-neg_seed7.pcf,hfma,0,571265,522
random_n600_rho0.3_weakly-corr-neg_seed7.pcf,rac,0,1477159,522
random_n600_rho0.3_weakly-corr-neg_seed8.pcf,hfma,0,385162,501
random_n600_rho0.3_weakly-corr-neg_seed8.pcf,rac,0,1055721,501
random_n600_rho0.3_weakly-corr-neg_seed9.pcf,hfma,0,447621,515
random_n600_rho0.3_weakly-corr-neg_seed9.pcf,rac,0,839276,515
random_n600_rho0.3_weakly-corr_seed0.pcf,hfma,0,384765,503
random_n600_rho0.3_weakly-corr_seed0.pcf,rac,0,1214937,503
random_n600_rho0.3_weakly-corr_seed1.pcf,hfma,0,615912,503
random_n600_rho0.3_weakly-corr_seed1.pcf,rac,0,1449258,503
random_n600_rho0.3_weakly-corr_seed2.pcf,hfma,0,751912,501
random_n600_rho0.3_weakly-corr_seed2.pcf,rac,0,1814793,501
random_n600_rho0.3_weakly-corr_seed3.pcf,hfma,0,781997,508
random_n600_rho0.3_weakly-corr_seed3.pcf,rac,0,1982059,508
random_n600_rho0.3_weakly-corr_seed4.pcf,hfma,0,1243839,520
random_n600_rho0.3_weakly-corr_seed4.pcf,rac,0,3115358,520
random_n600_rho0.3_weakly-corr_seed5.pcf,hfma,0,1069144,516
random_n600_rho0.3_weakly-corr_seed5.pcf,rac,0,2741982,516
random_n600_rho0.3_weakly-corr_seed6.pcf,hfma,0,1015767,502
random_n600_rho0.3_weakly-corr_seed6.pcf,rac,0,2860375,502
random_n600_rho0.3_weakly-corr_seed7.pcf,hfma,0,926493,502
random_n600_rho0.3_weakly-corr_seed7.pcf,rac,0,2547128,502
random_n600_rho0.3_weakly-corr_seed8.pcf,hfma,0,930130,501
random_n600_rho0.3_weakly-corr_seed8.pcf,rac,0,2712539,501
random_n600_rho0.3_weakly-corr_seed9.pcf,hfma,0,1211174,506
random_n600_rho0.3_weakly-corr_seed9.pcf,rac,0,3548433,506
random_n600_rho0.6_strongly-corr-neg_seed0.pcf,hfma,0,1546100,375
random_n600_rho0.6_strongly-corr-neg_seed0.pcf,rac,0,3298470,375
random_n600_rho0.6_strongly-corr-neg_seed1.pcf,hfma,0,423837,379
random_n600_rho0.6_strongly-corr-neg_seed1.pcf,rac,0,5348322,379
random_n600_rho0.6_strongly-corr-neg_seed2.pcf,hfma,0,1951438,382
random_n600_rho0.6_strongly-corr-neg_seed2.pcf,rac,0,5281375,382
random_n600_rho0.6_strongly-corr-neg_seed3.pcf,hfma,0,1691946,385
random_n600_rho0.6_strongly-corr-neg_seed3.pcf,rac,0,5242081,385
random_n600_rho0.6_strongly-corr-neg_seed4.pcf,hfma,0,1811313,377
random_n600_rho0.6_strongly-corr-neg_seed4.pcf,rac,0,6012971,377
random_n600_rho0.6_strongly-corr-neg_seed5.pcf,hfma,0,1834563,396
random_n600_rho0.6_strongly-corr-neg_seed5.pcf,rac,0,5271919,396
random_n600_rho0.6_strongly-corr-neg_seed6.pcf,hfma,0,1130131,382
random_n600_rho0.6_strongly-corr-neg_seed6.pcf,rac,0,2672388,382
random_n600_rho0.6_strongly-corr-neg_seed7.pcf,hfma,0,1379839,371
random_n600_rho0.6_strongly-corr-neg_seed7.pcf,rac,0,3905598,371
random_n600_rho0.6_strongly-corr-neg_seed8.pcf,hfma,0,1786040,371
random_n600_rho0.6_strongly-corr-neg_seed8.pcf,rac,0,3944327,371
random_n600_rho0.6_strongly-corr-neg_seed9.pcf,hfma,0,1001854,408
random_n600_rho0.6_strongly-corr-neg_seed9.pcf,rac,0,3067231,408
random_n600_rho0.6_strongly-corr_seed0.pcf,hfma,0,1367644,370
random_n600_rho0.6_strongly-corr_seed0.pcf,rac,0,3924284,370
random_n600_rho0.6_strongly-corr_seed1.pcf,hfma,0,1583038,368
random_n600_rho0.6_strongly-corr_seed1.pcf,rac,0,5802207,368
random_n600_rho0.6_strongly-corr_seed2.pcf,hfma,0,1675239,378
random_n600_rho0.6_strongly-corr_seed2.pcf,rac,0,5690006,378
random_n600_rho0.6_strongly-corr_seed3.pcf,hfma,0,1924971,353
random_n600_rho0.6_strongly-corr_seed3.pcf,rac,0,5611914,353
random_n600_rho0.6_strongly-corr_seed4.pcf,hfma,0,2003330,363
random_n600_rho0.6_strongly-corr_seed4.pcf,rac,0,5533223,363
random_n600_rho0.6_strongly-corr_seed5.pcf,hfma,0,2033637,350
random_n600_rho0.6_strongly-corr_seed5.pcf,rac,0,3912034,350
random_n600_rho0.6_strongly-corr_seed6.pcf,hfma,0,1379261,378
random_n600_rho0.6_strongly-corr_seed6.pcf,rac,0,2433122,378
random_n600_rho0.6_strongly-corr_seed7.pcf,hfma,0,658609,365
random_n600_rho0.6_strongly-corr_seed7.pcf,rac,0,2394367,365
random_n600_rho0.6_strongly-corr_seed8.pcf,hfma,0,689810,365
random_n600_rho0.6_strongly-corr_seed8.pcf,rac,0,2125702,365
random_n600_rho0.6_strongly-corr_seed9.pcf,hfma,0,1431552,370
random_n600_rho0.6_strongly-corr_seed9.pcf,rac,0,4274662,370
random_n600_rho0.6_uncorr-neg_seed0.pcf,hfma,0,1895144,415
random_n600_rho0.6_uncorr-neg_seed0.pcf,rac,0,5462793,415
random_n600_rho0.6_uncorr-neg_seed1.pcf,hfma,0,1986510,417
random_n600_rho0.6_uncorr-neg_seed1.pcf,rac,0,5742659,417
random_n600_rho0.6_uncorr-neg_seed2.pcf,hfma,0,1329958,411
random_n600_rho0.6_uncorr-neg_seed2.pcf,rac,0,1391100,411
random_n600_rho0.6_uncorr-neg_seed3.pcf,hfma,0,590339,419
random_n600_rho0.6_uncorr-neg_seed3.pcf,rac,0,2345582,419
random_n600_rho0.6_uncorr-neg_seed4.pcf,hfma,0,894761,412
random_n600_rho0.6_uncorr-neg_seed4.pcf,rac,0,2239512,412
random_n600_rho0.6_uncorr-neg_seed5.pcf,hfma,0,626398,421
random_n600_rho0.6_uncorr-neg_seed5.pcf,rac,0,1353556,421
random_n600_rho0.6_uncorr-neg_seed6.pcf,hfma,0,599461,434
random_n600_rho0.6_uncorr-neg_seed6.pcf,rac,0,1977221,434
random_n600_rho0.6_uncorr-neg_seed7.pcf,hfma,0,454459,417
random_n600_rho0.6_uncorr-neg_seed7.pcf,rac,0,1402759,417
random_n600_rho0.6_uncorr-neg_seed8.pcf,hfma,0,480098,407
random_n600_rho0.6_uncorr-neg_seed8.pcf,rac,0,1649359,407
random_n600_rho0.6_uncorr-neg_seed9.pcf,hfma,0,987463,446
random_n600_rho0.6_uncorr-neg_seed9.pcf,rac,0,4030323,446
random_n600_rho0.6_uncorr_seed0.pcf,hfma,0,1221056,413
random_n600_rho0.6_uncorr_seed0.pcf,rac,0,3886926,413
random_n600_rho0.6_uncorr_seed1.pcf,hfma,0,1944723,413
random_n600_rho0.6_uncorr_seed1.pcf,rac,0,5508672,413
random_n600_rho0.6_uncorr_seed2.pcf,hfma,0,1370725,420
random_n600_rho0.6_uncorr_seed2.pcf,rac,0,4725553,420
random_n600_rho0.6_uncorr_seed3.pcf,hfma,0,1054206,428
random_n600_rho0.6_uncorr_seed3.pcf,rac,0,2825934,428
random_n600_rho0.6_uncorr_seed4.pcf,hfma,0,621350,419
random_n600_rho0.6_uncorr_seed4.pcf,rac,0,1421480,419
random_n600_rho0.6_uncorr_seed5.pcf,hfma,0,788534,427
random_n600_rho0.6_uncorr_seed5.pcf,rac,0,2515283,427
random_n600_rho0.6_uncorr_seed6.pcf,hfma,0,679149,424
random_n600_rho0.6_uncorr_seed6.pcf,rac,0,1811358,424
random_n600_rho0.6_uncorr_seed7.pcf,hfma,0,580984,427
random_n600_rho0.6_uncorr_seed7.pcf,rac,0,1971856,427
random_n600_rho0.6_uncorr_seed8.pcf,hfma,0,1076300,412
random_n600_rho0.6_uncorr_seed8.pcf,rac,0,4222610,412
random_n600_rho0.6_uncorr_seed9.pcf,hfma,0,905083,426
random_n600_rho0.6_uncorr_seed9.pcf,rac,0,3601633,426
random_n600_rho0.6_weakly-corr-neg_seed0.pcf,hfma,0,1040033,404
random_n600_rho0.6_weakly-corr-neg_seed0.pcf,rac,0,2841812,404
random_n600_rho0.6_weakly-corr-neg_seed1.pcf,hfma,0,1244284,411
random_n600_rho0.6_weakly-corr-neg_seed1.pcf,rac,0,3461855,411
random_n600_rho0.6_weakly-corr-neg_seed2.pcf,hfma,0,1286340,417
random_n600_rho0.6_weakly-corr-neg_seed2.pcf,rac,0,2988357,417
random_n600_rho0.6_weakly-corr-neg_seed3.pcf,hfma,0,807612,417
random_n600_rho0.6_weakly-corr-neg_seed3.pcf,rac,0,2563922,417
random_n600_rho0.6_weakly-corr-neg_seed4.pcf,hfma,0,1405820,432
random_n600_rho0.6_weakly-corr-neg_seed4.pcf,rac,0,4220810,432
random_n600_rho0.6_weakly-corr-neg_seed5.pcf,hfma,0,1456775,419
random_n600_rho0.6_weakly-corr-neg_seed5.pcf,rac,0,3398142,419
random_n600_rho0.6_weakly-corr-neg_seed6.pcf,hfma,0,966211,436
random_n600_rho0.6_weakly-corr-neg_seed6.pcf,rac,0,4026875,436
random_n600_rho0.6_weakly-corr-neg_seed7.pcf,hfma,0,2329089,427
random_n600_rho0.6_weakly-corr-neg_seed7.pcf,rac,0,5243394,427
random_n600_rho0.6_weakly-corr-neg_seed8.pcf,hfma,0,1679811,413
random_n600_rho0.6_weakly-corr-neg_seed8.pcf,rac,0,5108192,413
random_n600_rho0.6_weakly-corr-neg_seed9.pcf,hfma,0,1796963,421
random_n600_rho0.6_weakly-corr-neg_seed9.pcf,rac,0,5184041,421
random_n600_rho0.6_weakly-corr_seed0.pcf,hfma,0,1825138,410
random_n600_rho0.6_weakly-corr_seed0.pcf,rac,0,4841453,410
random_n600_rho0.6_weakly-corr_seed1.pcf,hfma,0,1268122,421
random_n600_rho0.6_weakly-corr_seed1.pcf,rac,0,3199327,421
random_n600_rho0.6_weakly-corr_seed2.pcf,hfma,0,1279865,413
random_n600_rho0.6_weakly-corr_seed2.pcf,rac,0,3350660,413
random_n600_rho0.6_weakly-corr_seed3.pcf,hfma,0,1508576,415
random_n600_rho0.6_weakly-corr_seed3.pcf,rac,0,3280381,415
random_n600_rho0.6_weakly-corr_seed4.pcf,hfma,0,1132127,424
random_n600_rho0.6_weakly-corr_seed4.pcf,rac,0,2075508,424
random_n600_rho0.6_weakly-corr_seed5.pcf,hfma,0,1055869,415
random_n600_rho0.6_weakly-corr_seed5.pcf,rac,0,2599391,415
random_n600_rho0.6_weakly-corr_seed6.pcf,hfma,0,1286801,445
random_n600_rho0.6_weakly-corr_seed6.pcf,rac,0,4040267,445
random_n600_rho0.6_weakly-corr_seed7.pcf,hfma,0,2499573,410
random_n600_rho0.6_weakly-corr_seed7.pcf,rac,0,6294589,410
random_n600_rho0.6_weakly-corr_seed8.pcf,hfma,0,2375395,413
random_n600_rho0.6_weakly-corr_seed8.pcf,rac,0,7234184,413
random_n600_rho0.6_weakly-corr_seed9.pcf,hfma,0,1658148,431
random_n600_rho0.6_weakly-corr_seed9.pcf,rac,0,5263469,431
random_n600_rho0.9_strongly-corr-neg_seed0.pcf,hfma,0,4683825,311
random_n600_rho0.9_strongly-corr-neg_seed0.pcf,rac,0,9487532,311
random_n600_rho0.9_strongly-corr-neg_seed1.pcf,hfma,0,5814816,305
random_n600_rho0.9_strongly-corr-neg_seed1.pcf,rac,0,5516328,305
random_n600_rho0.9_strongly-corr-neg_seed2.pcf,hfma,0,3789309,301
random_n600_rho0.9_strongly-corr-neg_seed2.pcf,rac,0,4191524,301
random_n600_rho0.9_strongly-corr-neg_seed3.pcf,hfma,0,1849306,306
random_n600_rho0.9_strongly-corr-neg_seed3.pcf,rac,0,3161046,306
random_n600_rho0.9_strongly-corr-neg_seed4.pcf,hfma,0,1509694,317
random_n600_rho0.9_strongly-corr-neg_seed4.pcf,rac,0,4716676,317
random_n600_rho0.9_strongly-corr-neg_seed5.pcf,hfma,0,3275410,314
random_n600_rho0.9_strongly-corr-neg_seed5.pcf,rac,0,6531841,314
random_n600_rho0.9_strongly-corr-neg_seed6.pcf,hfma,0,2502353,331
random_n600_rho0.9_strongly-corr-neg_seed6.pcf,rac,0,6067369,331
random_n600_rho0.9_strongly-corr-neg_seed7.pcf,hfma,0,2563059,295
random_n600_rho0.9_strongly-corr-neg_seed7.pcf,rac,0,6162393,295
random_n600_rho0.9_strongly-corr-neg_seed8.pcf,hfma,0,2379066,325
random_n600_rho0.9_strongly-corr-neg_seed8.pcf,rac,0,4731440,325
random_n600_rho0.9_strongly-corr-neg_seed9.pcf,hfma,0,1810322,314
random_n600_rho0.9_strongly-corr-neg_seed9.pcf,rac,0,6909065,314
random_n600_rho0.9_strongly-corr_seed0.pcf,hfma,0,3778990,298
random_n600_rho0.9_strongly-corr_seed0.pcf,rac,0,8627266,298
random_n600_rho0.9_strongly-corr_seed1.pcf,hfma,0,3419888,304
random_n600_rho0.9_strongly-corr_seed1.pcf,rac,0,7081645,304
random_n600_rho0.9_strongly-corr_seed2.pcf,hfma,0,2466714,294
random_n600_rho0.9_strongly-corr_seed2.pcf,rac,0,8706935,294
random_n600_rho0.9_strongly-corr_seed3.pcf,hfma,0,5614031,290
random_n600_rho0.9_strongly-corr_seed3.pcf,rac,0,6851318,290
random_n600_rho0.9_strongly-corr_seed4.pcf,hfma,0,2429337,308
random_n600_rho0.9_strongly-corr_seed4.pcf,rac,0,9440307,308
random_n600_rho0.9_strongly-corr_seed5.pcf,hfma,0,5750870,299
random_n600_rho0.9_strongly-corr_seed5.pcf,rac,0,10829091,299
random_n600_rho0.9_strongly-corr_seed6.pcf,hfma,0,4523227,265
random_n600_rho0.9_strongly-corr_seed6.pcf,rac,0,5142049,265
random_n600_rho0.9_strongly-corr_seed7.pcf,hfma,0,1996853,302
random_n600_rho0.9_strongly-corr_seed7.pcf,rac,0,2551706,302
random_n600_rho0.9_strongly-corr_seed8.pcf,hfma,0,1683992,283
random_n600_rho0.9_strongly-corr_seed8.pcf,rac,0,2362117,283
random_n600_rho0.9_strongly-corr_seed9.pcf,hfma,0,855736,304
random_n600_rho0.9_strongly-corr_seed9.pcf,rac,0,2500619,304
random_n600_rho0.9_uncorr-neg_seed0.pcf,hfma,0,1453561,323
random_n600_rho0.9_uncorr-neg_seed0.pcf,rac,0,2538963,323
random_n600_rho0.9_uncorr-neg_seed1.pcf,hfma,0,1193598,331
random_n600_rho0.9_uncorr-neg_seed1.pcf,rac,0,2926046,331
random_n600_rho0.9_uncorr-neg_seed2.pcf,hfma,0,2428586,338
random_n600_rho0.9_uncorr-neg_seed2.pcf,rac,0,5393356,338
random_n600_rho0.9_uncorr-neg_seed3.pcf,hfma,0,2915908,325
random_n600_rho0.9_uncorr-neg_seed3.pcf,rac,0,5197882,325
random_n600_rho0.9_uncorr-neg_seed4.pcf,hfma,0,1722744,339
random_n600_rho0.9_uncorr-neg_seed4.pcf,rac,0,3025383,339
random_n600_rho0.9_uncorr-neg_seed5.pcf,hfma,0,1547831,347
random_n600_rho0.9_uncorr-neg_seed5.pcf,rac,0,2852203,347
random_n600_rho0.9_uncorr-neg_seed6.pcf,hfma,0,1488143,337
random_n600_rho0.9_uncorr-neg_seed6.pcf,rac,0,2626556,337
random_n600_rho0.9_uncorr-neg_seed7.pcf,hfma,0,1234417,323
random_n600_rho0.9_uncorr-neg_seed7.pcf,rac,0,2428041,323
random_n600_rho0.9_uncorr-neg_seed8.pcf,hfma,0,1701557,322
random_n600_rho0.9_uncorr-neg_seed8.pcf,rac,0,3019966,322
random_n600_rho0.9_uncorr-neg_seed9.pcf,hfma,0,1680147,321
random_n600_rho0.9_uncorr-neg_seed9.pcf,rac,0,2451027,321
random_n600_rho0.9_uncorr_seed0.pcf,hfma,0,1244307,315
random_n600_rho0.9_uncorr_seed0.pcf,rac,0,3742244,315
random_n600_rho0.9_uncorr_seed1.pcf,hfma,0,1691524,336
random_n600_rho0.9_uncorr_seed1.pcf,rac,0,5215794,336
random_n600_rho0.9_uncorr_seed2.pcf,hfma,0,2541689,321
random_n600_rho0.9_uncorr_seed2.pcf,rac,0,4297106,321
random_n600_rho0.9_uncorr_seed3.pcf,hfma,0,2086130,344
random_n600_rho0.9_uncorr_seed3.pcf,rac,0,4776078,344
random_n600_rho0.9_uncorr_seed4.pcf,hfma,0,2619544,353
random_n600_rho0.9_uncorr_seed4.pcf,rac,0,5146590,353
random_n600_rho0.9_uncorr_seed5.pcf,hfma,0,2709335,323
random_n600_rho0.9_uncorr_seed5.pcf,rac,0,6309897,323
random_n600_rho0.9_uncorr_seed6.pcf,hfma,0,2903448,346
random_n600_rho0.9_uncorr_seed6.pcf,rac,0,8792448,346
random_n600_rho0.9_uncorr_seed7.pcf,hfma,0,2679537,361
random_n600_rho0.9_uncorr_seed7.pcf,rac,0,8626795,361
random_n600_rho0.9_uncorr_seed8.pcf,hfma,0,5061473,321
random_n600_rho0.9_uncorr_seed8.pcf,rac,0,4821745,321
random_n600_rho0.9_uncorr_seed9.pcf,hfma,0,4477841,320
random_n600_rho0.9_uncorr_seed9.pcf,rac,0,9972955,320
random_n600_rho0.9_weakly-corr-neg_seed0.pcf,hfma,0,4716215,341
random_n600_rho0.9_weakly-corr-neg_seed0.pcf,rac,0,9109809,341
random_n600_rho0.9_weakly-corr-neg_seed1.pcf,hfma,0,2712587,334
random_n600_rho0.9_weakly-corr-neg_seed1.pcf,rac,0,7782328,334
random_n600_rho0.9_weakly-corr-neg_seed2.pcf,hfma,0,2769841,335
random_n600_rho0.9_weakly-corr-neg_seed2.pcf,rac,0,3228043,335
random_n600_rho0.9_weakly-corr-neg_seed3.pcf,hfma,0,2126511,344
random_n600_rho0.9_weakly-corr-neg_seed3.pcf,rac,0,4801609,344
random_n600_rho0.9_weakly-corr-neg_seed4.pcf,hfma,0,2566294,353
random_n600_rho0.9_weakly-corr-neg_seed4.pcf,rac,0,4683631,353
random_n600_rho0.9_weakly-corr-neg_seed5.pcf,hfma,0,2231731,325
random_n600_rho0.9_weakly-corr-neg_seed5.pcf,rac,0,5618473,325
random_n600_rho0.9_weakly-corr-neg_seed6.pcf,hfma,0,4790713,338
random_n600_rho0.9_weakly-corr-neg_seed6.pcf,rac,0,2429953,338
random_n600_rho0.9_weakly-corr-neg_seed7.pcf,hfma,0,3661421,323
random_n600_rho0.9_weakly-corr-neg_seed7.pcf,rac,0,8930671,323
random_n600_rho0.9_weakly-corr-neg_seed8.pcf,hfma,0,4335151,317
random_n600_rho0.9_weakly-corr-neg_seed8.pcf,rac,0,6824835,317
random_n600_rho0.9_weakly-corr-neg_seed9.pcf,hfma,0,1985217,330
random_n600_rho0.9_weakly-corr-neg_seed9.pcf,rac,0,6866066,330
random_n600_rho0.9_weakly-corr_seed0.pcf,hfma,0,2754398,331
random_n600_rho0.9_weakly-corr_seed0.pcf,rac,0,5574591,331
random_n600_rho0.9_weakly-corr_seed1.pcf,hfma,0,2248982,311
random_n600_rho0.9_weakly-corr_seed1.pcf,rac,0,6546481,311
random_n600_rho0.9_weakly-corr_seed2.pcf,hfma,0,2058975,317
random_n600_rho0.9_weakly-corr_seed2.pcf,rac,0,3656521,317
random_n600_rho0.9_weakly-corr_seed3.pcf,hfma,0,1865927,319
random_n600_rho0.9_weakly-corr_seed3.pcf,rac,0,2895296,319
random_n600_rho0.9_weakly-corr_seed4.pcf,hfma,0,1297579,341
random_n600_rho0.9_weakly-corr_seed4.pcf,rac,0,2725851,341
random_n600_rho0.9_weakly-corr_seed5.pcf,hfma,0,1343471,353
random_n600_rho0.9_weakly-corr_seed5.pcf,rac,0,3333386,353
random_n600_rho0.9_weakly-corr_seed6.pcf,hfma,0,1515326,340
random_n600_rho0.9_weakly-corr_seed6.pcf,rac,0,3098604,340
random_n600_rho0.9_weakly-corr_seed7.pcf,hfma,0,2000923,350
random_n600_rho0.9_weakly-corr_seed7.pcf,rac,0,4151346,350
random_n600_rho0.9_weakly-corr_seed8.pcf,hfma,0,3580666,327
random_n600_rho0.9_weakly-corr_seed8.pcf,rac,0,4832922,327
random_n600_rho0.9_weakly-corr_seed9.pcf,hfma,0,3319544,310
random_n600_rho0.9_weakly-corr_seed9.pcf,rac,0,7315931,310
random_n600_rho1.0_strongly-corr-neg_seed0.pcf,hfma,0,7280608,266
random_n600_rho1.0_strongly-corr-neg_seed0.pcf,rac,0,6589937,266
random_n600_rho1.0_strongly-corr-neg_seed1.pcf,hfma,0,3288623,276
random_n600_rho1.0_strongly-corr-neg_seed1.pcf,rac,0,7693697,276
random_n600_rho1.0_strongly-corr-neg_seed2.pcf,hfma,0,8170452,301
random_n600_rho1.0_strongly-corr-neg_seed2.pcf,rac,0,7562230,301
random_n600_rho1.0_strongly-corr-neg_seed3.pcf,hfma,0,3529425,299
random_n600_rho1.0_strongly-corr-neg_seed3.pcf,rac,0,8659659,299
random_n600_rho1.0_strongly-corr-neg_seed4.pcf,hfma,0,3742186,277
random_n600_rho1.0_strongly-corr-neg_seed4.pcf,rac,0,3229672,277
random_n600_rho1.0_strongly-corr-neg_seed5.pcf,hfma,0,1497220,293
random_n600_rho1.0_strongly-corr-neg_seed5.pcf,rac,0,3786408,293
random_n600_rho1.0_strongly-corr-neg_seed6.pcf,hfma,0,2292440,284
random_n600_rho1.0_strongly-corr-neg_seed6.pcf,rac,0,5583116,284
random_n600_rho1.0_strongly-corr-neg_seed7.pcf,hfma,0,6227193,308
random_n600_rho1.0_strongly-corr-neg_seed7.pcf,rac,0,7768720,308
random_n600_rho1.0_strongly-corr-neg_seed8.pcf,hfma,0,8625994,264
random_n600_rho1.0_strongly-corr-neg_seed8.pcf,rac,0,9854389,264
random_n600_rho1.0_strongly-corr-neg_seed9.pcf,hfma,0,7532450,275
random_n600_rho1.0_strongly-corr-neg_seed9.pcf,rac,0,7378318,275
random_n600_rho1.0_strongly-corr_seed0.pcf,hfma,0,4685486,276
random_n600_rho1.0_strongly-corr_seed0.pcf,rac,0,3601821,276
random_n600_rho1.0_strongly-corr_seed1.pcf,hfma,0,1644216,273
random_n600_rho1.0_strongly-corr_seed1.pcf,rac,0,2886995,273
random_n600_rho1.0_strongly-corr_seed2.pcf,hfma,0,2402202,285
random_n600_rho1.0_strongly-corr_seed2.pcf,rac,0,4535793,285
random_n600_rho1.0_strongly-corr_seed3.pcf,hfma,0,3801590,273
random_n600_rho1.0_strongly-corr_seed3.pcf,rac,0,5546424,273
random_n600_rho1.0_strongly-corr_seed4.pcf,hfma,0,4310061,289
random_n600_rho1.0_strongly-corr_seed4.pcf,rac,0,4107780,289
random_n600_rho1.0_strongly-corr_seed5.pcf,hfma,0,2019692,284
random_n600_rho1.0_strongly-corr_seed5.pcf,rac,0,3996287,284
random_n600_rho1.0_strongly-corr_seed6.pcf,hfma,0,3087594,275
random_n600_rho1.0_strongly-corr_seed6.pcf,rac,0,4365730,275
random_n600_rho1.0_strongly-corr_seed7.pcf,hfma,0,2240242,282
random_n600_rho1.0_strongly-corr_seed7.pcf,rac,0,3601924,282
random_n600_rho1.0_strongly-corr_seed8.pcf,hfma,0,1215738,279
random_n600_rho1.0_strongly-corr_seed8.pcf,rac,0,2851119,279
random_n600_rho1.0_strongly-corr_seed9.pcf,hfma,0,3687321,256
random_n600_rho1.0_strongly-corr_seed9.pcf,rac,0,3398395,256
random_n600_rho1.0_uncorr-neg_seed0.pcf,hfma,0,1498238,299
random_n600_rho1.0_uncorr-neg_seed0.pcf,rac,0,2989329,299
random_n600_rho1.0_uncorr-neg_seed1.pcf,hfma,0,1203393,322
random_n600_rho1.0_uncorr-neg_seed1.pcf,rac,0,3107708,322
random_n600_rho1.0_uncorr-neg_seed2.pcf,hfma,0,2208705,312
random_n600_rho1.0_uncorr-neg_seed2.pcf,rac,0,3834691,312
random_n600_rho1.0_uncorr-neg_seed3.pcf,hfma,0,1659961,290
random_n600_rho1.0_uncorr-neg_seed3.pcf,rac,0,2978897,290
random_n600_rho1.0_uncorr-neg_seed4.pcf,hfma,0,1922359,295
random_n600_rho1.0_uncorr-neg_seed4.pcf,rac,0,3850998,295
random_n600_rho1.0_uncorr-neg_seed5.pcf,hfma,0,2794013,301
random_n600_rho1.0_uncorr-neg_seed5.pcf,rac,0,5811592,301
random_n600_rho1.0_uncorr-neg_seed6.pcf,hfma,0,4763430,308
random_n600_rho1.0_uncorr-neg_seed6.pcf,rac,0,7278332,308
random_n600_rho1.0_uncorr-neg_seed7.pcf,hfma,0,2561642,320
random_n600_rho1.0_uncorr-neg_seed7.pcf,rac,0,6201755,320
random_n600_rho1.0_uncorr-neg_seed8.pcf,hfma,0,6247769,300
random_n600_rho1.0_uncorr-neg_seed8.pcf,rac,0,8534832,300
random_n600_rho1.0_uncorr-neg_seed9.pcf,hfma,0,8036408,289
random_n600_rho1.0_uncorr-neg_seed9.pcf,rac,0,6394305,289
random_n600_rho1.0_uncorr_seed0.pcf,hfma,0,3810467,300
random_n600_rho1.0_uncorr_seed0.pcf,rac,0,4810990,300
random_n600_rho1.0_uncorr_seed1.pcf,hfma,0,2361568,304
random_n600_rho1.0_uncorr_seed1.pcf,rac,0,5162036,304
random_n600_rho1.0_uncorr_seed2.pcf,hfma,0,5012300,262
random_n600_rho1.0_uncorr_seed2.pcf,rac,0,3087868,262
random_n600_rho1.0_uncorr_seed3.pcf,hfma,0,1421276,323
random_n600_rho1.0_uncorr_seed3.pcf,rac,0,3610973,323
random_n600_rho1.0_uncorr_seed4.pcf,hfma,0,2761630,287
random_n600_rho1.0_uncorr_seed4.pcf,rac,0,7254667,287
random_n600_rho1.0_uncorr_seed5.pcf,hfma,0,4247293,313
random_n600_rho1.0_uncorr_seed5.pcf,rac,0,6865914,313
random_n600_rho1.0_uncorr_seed6.pcf,hfma,0,6420093,302
random_n600_rho1.0_uncorr_seed6.pcf,rac,0,10667164,302
random_n600_rho1.0_uncorr_seed7.pcf,hfma,0,9405863,292
random_n600_rho1.0_uncorr_seed7.pcf,rac,0,8955434,292
random_n600_rho1.0_uncorr_seed8.pcf,hfma,0,6729745,297
random_n600_rho1.0_uncorr_seed8.pcf,rac,0,3073647,297
random_n600_rho1.0_uncorr_seed9.pcf,hfma,0,1823183,300
random_n600_rho1.0_uncorr_seed9.pcf,rac,0,3097000,300
random_n600_rho1.0_weakly-corr-neg_seed0.pcf,hfma,0,2492751,290
random_n600_rho1.0_weakly-corr-neg_seed0.pcf,rac,0,4830556,290
random_n600_rho1.0_weakly-corr-neg_seed1.pcf,hfma,0,2764361,304
random_n600_rho1.0_weakly-corr-neg_seed1.pcf,rac,0,3594219,304
random_n600_rho1.0_weakly-corr-neg_seed2.pcf,hfma,0,3489581,280
random_n600_rho1.0_weakly-corr-neg_seed2.pcf,rac,0,4613645,280
random_n600_rho1.0_weakly-corr-neg_seed3.pcf,hfma,0,1944869,312
random_n600_rho1.0_weakly-corr-neg_seed3.pcf,rac,0,2816322,312
random_n600_rho1.0_weakly-corr-neg_seed4.pcf,hfma,0,1602373,288
random_n600_rho1.0_weakly-corr-neg_seed4.pcf,rac,0,2832178,288
random_n600_rho1.0_weakly-corr-neg_seed5.pcf,hfma,0,1869697,301
random_n600_rho1.0_weakly-corr-neg_seed5.pcf,rac,0,3305660,301
random_n600_rho1.0_weakly-corr-neg_seed6.pcf,hfma,0,2218566,318
random_n600_rho1.0_weakly-corr-neg_seed6.pcf,rac,0,4685318,318
random_n600_rho1.0_weakly-corr-neg_seed7.pcf,hfma,0,3935868,276
random_n600_rho1.0_weakly-corr-neg_seed7.pcf,rac,0,4325135,276
random_n600_rho1.0_weakly-corr-neg_seed8.pcf,hfma,0,3449036,290
random_n600_rho1.0_weakly-corr-neg_seed8.pcf,rac,0,5995358,290
random_n600_rho1.0_weakly-corr-neg_seed9.pcf,hfma,0,3352592,289
random_n600_rho1.0_weakly-corr-neg_seed9.pcf,rac,0,6186990,289
random_n600_rho1.0_weakly-corr_seed0.pcf,hfma,0,5963152,290
random_n600_rho1.0_weakly-corr_seed0.pcf,rac,0,9989682,290
random_n600_rho1.0_weakly-corr_seed1.pcf,hfma,0,3586273,300
random_n600_rho1.0_weakly-corr_seed1.pcf,rac,0,8984065,300
random_n600_rho1.0_weakly-corr_seed2.pcf,hfma,0,6456704,294
random_n600_rho1.0_weakly-corr_seed2.pcf,rac,0,8852492,294
random_n600_rho1.0_weakly-corr_seed3.pcf,hfma,0,5407694,284
random_n600_rho1.0_weakly-corr_seed3.pcf,rac,0,3839918,284
random_n600_rho1.0_weakly-corr_seed4.pcf,hfma,0,2273498,318
random_n600_rho1.0_weakly-corr_seed4.pcf,rac,0,6502365,318
random_n600_rho1.0_weakly-corr_seed5.pcf,hfma,0,6129432,296
random_n600_rho1.0_weakly-corr_seed5.pcf,rac,0,8294701,296
random_n600_rho1.0_weakly-corr_seed6.pcf,hfma,0,6049930,302
random_n600_rho1.0_weakly-corr_seed6.pcf,rac,0,7802393,302
random_n600_rho1.0_weakly-corr_seed7.pcf,hfma,0,5376458,302
random_n600_rho1.0_weakly-corr_seed7.pcf,rac,0,8416911,302
random_n600_rho1.0_weakly-corr_seed8.pcf,hfma,0,5035045,290
random_n600_rho1.0_weakly-corr_seed8.pcf,rac,0,5572710,290
random_n600_rho1.0_weakly-corr_seed9.pcf,hfma,0,2803787,295
random_n600_rho1.0_weakly-corr_seed9.pcf,rac,0,7014673,295
random_n700_rho0.3_strongly-corr-neg_seed0.pcf,hfma,0,820269,508
random_n700_rho0.3_strongly-corr-neg_seed0.pcf,rac,0,2032868,508
random_n700_rho0.3_strongly-corr-neg_seed1.pcf,hfma,0,700995,526
random_n700_rho0.3_strongly-corr-neg_seed1.pcf,rac,0,2162762,526
random_n700_rho0.3_strongly-corr-neg_seed2.pcf,hfma,0,1049023,519
random_n700_rho0.3_strongly-corr-neg_seed2.pcf,rac,0,2697782,519
random_n700_rho0.3_strongly-corr-neg_seed3.pcf,hfma,0,1017851,511
random_n700_rho0.3_strongly-corr-neg_seed3.pcf,rac,0,2734928,511
random_n700_rho0.3_strongly-corr-neg_seed4.pcf,hfma,0,1071552,522
random_n700_rho0.3_strongly-corr-neg_seed4.pcf,rac,0,2713608,522
random_n700_rho0.3_strongly-corr-neg_seed5.pcf,hfma,0,1279870,510
random_n700_rho0.3_strongly-corr-neg_seed5.pcf,rac,0,3215271,510
random_n700_rho0.3_strongly-corr-neg_seed6.pcf,hfma,0,1080333,505
random_n700_rho0.3_strongly-corr-neg_seed6.pcf,rac,0,2936470,505
random_n700_rho0.3_strongly-corr-neg_seed7.pcf,hfma,0,1076879,516
random_n700_rho0.3_strongly-corr-neg_seed7.pcf,rac,0,2424425,516
random_n700_rho0.3_strongly-corr-neg_seed8.pcf,hfma,0,820736,512
random_n700_rho0.3_strongly-corr-neg_seed8.pcf,rac,0,1979734,512
random_n700_rho0.3_strongly-corr-neg_seed9.pcf,hfma,0,710946,500
random_n700_rho0.3_strongly-corr-neg_seed9.pcf,rac,0,2022492,500
random_n700_rho0.3_strongly-corr_seed0.pcf,hfma,0,488005,457
random_n700_rho0.3_strongly-corr_seed0.pcf,rac,0,862207,457
random_n700_rho0.3_strongly-corr_seed1.pcf,hfma,0,393719,454
random_n700_rho0.3_strongly-corr_seed1.pcf,rac,0,1135574,454
random_n700_rho0.3_strongly-corr_seed2.pcf,hfma,0,374921,468
random_n700_rho0.3_strongly-corr_seed2.pcf,rac,0,892804,468
random_n700_rho0.3_strongly-corr_seed3.pcf,hfma,0,581744,463
random_n700_rho0.3_strongly-corr_seed3.pcf,rac,0,1307946,463
random_n700_rho0.3_strongly-corr_seed4.pcf,hfma,0,482765,479
random_n700_rho0.3_strongly-corr_seed4.pcf,rac,0,1423226,479
random_n700_rho0.3_strongly-corr_seed5.pcf,hfma,0,942841,465
random_n700_rho0.3_strongly-corr_seed5.pcf,rac,0,1896891,465
random_n700_rho0.3_strongly-corr_seed6.pcf,hfma,0,562600,457
random_n700_rho0.3_strongly-corr_seed6.pcf,rac,0,1809564,457
random_n700_rho0.3_strongly-corr_seed7.pcf,hfma,0,702421,458
random_n700_rho0.3_strongly-corr_seed7.pcf,rac,0,2183445,458
random_n700_rho0.3_strongly-corr_seed8.pcf,hfma,0,1268208,460
random_n700_rho0.3_strongly-corr_seed8.pcf,rac,0,3755056,460
random_n700_rho0.3_strongly-corr_seed9.pcf,hfma,0,832271,462
random_n700_rho0.3_strongly-corr_seed9.pcf,rac,0,2305196,462
random_n700_rho0.3_uncorr-neg_seed0.pcf,hfma,0,1264004,593
random_n700_rho0.3_uncorr-neg_seed0.pcf,rac,0,3019771,593
random_n700_rho0.3_uncorr-neg_seed1.pcf,hfma,0,742448,594
random_n700_rho0.3_uncorr-neg_seed1.pcf,rac,0,1859693,594
random_n700_rho0.3_uncorr-neg_seed2.pcf,hfma,0,730630,585
random_n700_rho0.3_uncorr-neg_seed2.pcf,rac,0,2385477,585
random_n700_rho0.3_uncorr-neg_seed3.pcf,hfma,0,1179229,590
random_n700_rho0.3_uncorr-neg_seed3.pcf,rac,0,3029361,590
random_n700_rho0.3_uncorr-neg_seed4.pcf,hfma,0,1238841,589
random_n700_rho0.3_uncorr-neg_seed4.pcf,rac,0,3147061,589
random_n700_rho0.3_uncorr-neg_seed5.pcf,hfma,0,1338240,589
random_n700_rho0.3_uncorr-neg_seed5.pcf,rac,0,3978668,589
random_n700_rho0.3_uncorr-neg_seed6.pcf,hfma,0,1153694,606
random_n700_rho0.3_uncorr-neg_seed6.pcf,rac,0,3178966,606
random_n700_rho0.3_uncorr-neg_seed7.pcf,hfma,0,1119641,581
random_n700_rho0.3_uncorr-neg_seed7.pcf,rac,0,3738086,581
random_n700_rho0.3_uncorr-neg_seed8.pcf,hfma,0,1238526,589
random_n700_rho0.3_uncorr-neg_seed8.pcf,rac,0,3448581,589
random_n700_rho0.3_uncorr-neg_seed9.pcf,hfma,0,1280476,583
random_n700_rho0.3_uncorr-neg_seed9.pcf,rac,0,3647498,583
random_n700_rho0.3_uncorr_seed0.pcf,hfma,0,1103475,584
random_n700_rho0.3_uncorr_seed0.pcf,rac,0,2908987,584
random_n700_rho0.3_uncorr_seed1.pcf,hfma,0,1214017,602
random_n700_rho0.3_uncorr_seed1.pcf,rac,0,3177842,602
random_n700_rho0.3_uncorr_seed2.pcf,hfma,0,1107610,601
random_n700_rho0.3_uncorr_seed2.pcf,rac,0,2916420,601
random_n700_rho0.3_uncorr_seed3.pcf,hfma,0,1129816,599
random_n700_rho0.3_uncorr_seed3.pcf,rac,0,3198811,599
random_n700_rho0.3_uncorr_seed4.pcf,hfma,0,1054443,603
random_n700_rho0.3_uncorr_seed4.pcf,rac,0,2763738,603
random_n700_rho0.3_uncorr_seed5.pcf,hfma,0,1296863,599
random_n700_rho0.3_uncorr_seed5.pcf,rac,0,3269108,599
random_n700_rho0.3_uncorr_seed6.pcf,hfma,0,1425117,581
random_n700_rho0.3_uncorr_seed6.pcf,rac,0,3197733,581
random_n700_rho0.3_uncorr_seed7.pcf,hfma,0,1174242,594
random_n700_rho0.3_uncorr_seed7.pcf,rac,0,3115366,594
random_n700_rho0.3_uncorr_seed8.pcf,hfma,0,1289093,601
random_n700_rho0.3_uncorr_seed8.pcf,rac,0,3213652,601
random_n700_rho0.3_uncorr_seed9.pcf,hfma,0,1238079,568
random_n700_rho0.3_uncorr_seed9.pcf,rac,0,3000666,568
random_n700_rho0.3_weakly-corr-neg_seed0.pcf,hfma,0,1153573,590
random_n700_rho0.3_weakly-corr-neg_seed0.pcf,rac,0,3351714,590
random_n700_rho0.3_weakly-corr-neg_seed1.pcf,hfma,0,1155160,606
random_n700_rho0.3_weakly-corr-neg_seed1.pcf,rac,0,3963785,606
random_n700_rho0.3_weakly-corr-neg_seed2.pcf,hfma,0,1304374,592
random_n700_rho0.3_weakly-corr-neg_seed2.pcf,rac,0,3382990,592
random_n700_rho0.3_weakly-corr-neg_seed3.pcf,hfma,0,1143960,604
random_n700_rho0.3_weakly-corr-neg_seed3.pcf,rac,0,3021306,604
random_n700_rho0.3_weakly-corr-neg_seed4.pcf,hfma,0,1179975,592
random_n700_rho0.3_weakly-corr-neg_seed4.pcf,rac,0,3526455,592
random_n700_rho0.3_weakly-corr-neg_seed5.pcf,hfma,0,1255091,581
random_n700_rho0.3_weakly-corr-neg_seed5.pcf,rac,0,3531467,581
random_n700_rho0.3_weakly-corr-neg_seed6.pcf,hfma,0,1213292,596
random_n700_rho0.3_weakly-corr-neg_seed6.pcf,rac,0,3089921,596
random_n700_rho0.3_weakly-corr-neg_seed7.pcf,hfma,0,1159513,599
random_n700_rho0.3_weakly-corr-neg_seed7.pcf,rac,0,3323901,599
random_n700_rho0.3_weakly-corr-neg_seed8.pcf,hfma,0,1480646,592
random_n700_rho0.3_weakly-corr-neg_seed8.pcf,rac,0,4049571,592
random_n700_rho0.3_weakly-corr-neg_seed9.pcf,hfma,0,1164353,583
random_n700_rho0.3_weakly-corr-neg_seed9.pcf,rac,0,2605813,583
random_n700_rho0.3_weakly-corr_seed0.pcf,hfma,0,777906,593
random_n700_rho0.3_weakly-corr_seed0.pcf,rac,0,1768999,593
random_n700_rho0.3_weakly-corr_seed1.pcf,hfma,0,472835,590
random_n700_rho0.3_weakly-corr_seed1.pcf,rac,0,1265708,590
random_n700_rho0.3_weakly-corr_seed2.pcf,hfma,0,356485,585
random_n700_rho0.3_weakly-corr_seed2.pcf,rac,0,1323518,585
random_n700_rho0.3_weakly-corr_seed3.pcf,hfma,0,772708,586
random_n700_rho0.3_weakly-corr_seed3.pcf,rac,0,2262843,586
random_n700_rho0.3_weakly-corr_seed4.pcf,hfma,0,258543,594
random_n700_rho0.3_weakly-corr_seed4.pcf,rac,0,710303,594
random_n700_rho0.3_weakly-corr_seed5.pcf,hfma,0,276192,594
random_n700_rho0.3_weakly-corr_seed5.pcf,rac,0,744836,594
random_n700_rho0.3_weakly-corr_seed6.pcf,hfma,0,260158,591
random_n700_rho0.3_weakly-corr_seed6.pcf,rac,0,702448,591
random_n700_rho0.3_weakly-corr_seed7.pcf,hfma,0,270119,603
random_n700_rho0.3_weakly-corr_seed7.pcf,rac,0,727778,603
random_n700_rho0.3_weakly-corr_seed8.pcf,hfma,0,267690,586
random_n700_rho0.3_weakly-corr_seed8.pcf,rac,0,731141,586
random_n700_rho0.3_weakly-corr_seed9.pcf,hfma,0,275632,593
random_n700_rho0.3_weakly-corr_seed9.pcf,rac,0,763462,593
random_n700_rho0.6_strongly-corr-neg_seed0.pcf,hfma,0,561087,440
random_n700_rho0.6_strongly-corr-neg_seed0.pcf,rac,0,1618862,440
random_n700_rho0.6_strongly-corr-neg_seed1.pcf,hfma,0,519453,431
random_n700_rho0.6_strongly-corr-neg_seed1.pcf,rac,0,1665452,431
random_n700_rho0.6_strongly-corr-neg_seed2.pcf,hfma,0,805280,459
random_n700_rho0.6_strongly-corr-neg_seed2.pcf,rac,0,1777208,459
random_n700_rho0.6_strongly-corr-neg_seed3.pcf,hfma,0,465796,451
random_n700_rho0.6_strongly-corr-neg_seed3.pcf,rac,0,2355463,451
random_n700_rho0.6_strongly-corr-neg_seed4.pcf,hfma,0,674802,456
random_n700_rho0.6_strongly-corr-neg_seed4.pcf,rac,0,2022642,456
random_n700_rho0.6_strongly-corr-neg_seed5.pcf,hfma,0,412660,448
random_n700_rho0.6_strongly-corr-neg_seed5.pcf,rac,0,1487501,448
random_n700_rho0.6_strongly-corr-neg_seed6.pcf,hfma,0,727590,449
random_n700_rho0.6_strongly-corr-neg_seed6.pcf,rac,0,1821739,449
random_n700_rho0.6_strongly-corr-neg_seed7.pcf,hfma,0,914019,448
random_n700_rho0.6_strongly-corr-neg_seed7.pcf,rac,0,1973634,448
random_n700_rho0.6_strongly-corr-neg_seed8.pcf,hfma,0,710959,451
random_n700_rho0.6_strongly-corr-neg_seed8.pcf,rac,0,2720538,451
random_n700_rho0.6_strongly-corr-neg_seed9.pcf,hfma,0,1279260,446
random_n700_rho0.6_strongly-corr-neg_seed9.pcf,rac,0,2479945,446
random_n700_rho0.6_strongly-corr_seed0.pcf,hfma,0,857619,400
random_n700_rho0.6_strongly-corr_seed0.pcf,rac,0,3246584,400
random_n700_rho0.6_strongly-corr_seed1.pcf,hfma,0,1239860,405
random_n700_rho0.6_strongly-corr_seed1.pcf,rac,0,4291327,405
random_n700_rho0.6_strongly-corr_seed2.pcf,hfma,0,1878985,414
random_n700_rho0.6_strongly-corr_seed2.pcf,rac,0,6571304,414
random_n700_rho0.6_strongly-corr_seed3.pcf,hfma,0,2371298,427
random_n700_rho0.6_strongly-corr_seed3.pcf,rac,0,7174078,427
random_n700_rho0.6_strongly-corr_seed4.pcf,hfma,0,2369127,427
random_n700_rho0.6_strongly-corr_seed4.pcf,rac,0,5984283,427
random_n700_rho0.6_strongly-corr_seed5.pcf,hfma,0,1407202,433
random_n700_rho0.6_strongly-corr_seed5.pcf,rac,0,2755255,433
random_n700_rho0.6_strongly-corr_seed6.pcf,hfma,0,1199616,396
random_n700_rho0.6_strongly-corr_seed6.pcf,rac,0,4804132,396
random_n700_rho0.6_strongly-corr_seed7.pcf,hfma,0,2683517,435
random_n700_rho0.6_strongly-corr_seed7.pcf,rac,0,7319027,435
random_n700_rho0.6_strongly-corr_seed8.pcf,hfma,0,2435903,396
random_n700_rho0.6_strongly-corr_seed8.pcf,rac,0,6816872,396
random_n700_rho0.6_strongly-corr_seed9.pcf,hfma,0,2472083,402
random_n700_rho0.6_strongly-corr_seed9.pcf,rac,0,6658022,402
random_n700_rho0.6_uncorr-neg_seed0.pcf,hfma,0,2210361,486
random_n700_rho0.6_uncorr-neg_seed0.pcf,rac,0,6074214,486
random_n700_rho0.6_uncorr-neg_seed1.pcf,hfma,0,1970462,484
random_n700_rho0.6_uncorr-neg_seed1.pcf,rac,0,3773486,484
random_n700_rho0.6_uncorr-neg_seed2.pcf,hfma,0,1846672,486
random_n700_rho0.6_uncorr-neg_seed2.pcf,rac,0,3014994,486
random_n700_rho0.6_uncorr-neg_seed3.pcf,hfma,0,873661,479
random_n700_rho0.6_uncorr-neg_seed3.pcf,rac,0,2216187,479
random_n700_rho0.6_uncorr-neg_seed4.pcf,hfma,0,480596,494
random_n700_rho0.6_uncorr-neg_seed4.pcf,rac,0,1590959,494
random_n700_rho0.6_uncorr-neg_seed5.pcf,hfma,0,845077,477
random_n700_rho0.6_uncorr-neg_seed5.pcf,rac,0,2579903,477
random_n700_rho0.6_uncorr-neg_seed6.pcf,hfma,0,824642,518
random_n700_rho0.6_uncorr-neg_seed6.pcf,rac,0,2569198,518
random_n700_rho0.6_uncorr-neg_seed7.pcf,hfma,0,1148539,466
random_n700_rho0.6_uncorr-neg_seed7.pcf,rac,0,2372598,466
random_n700_rho0.6_uncorr-neg_seed8.pcf,hfma,0,940790,506
random_n700_rho0.6_uncorr-neg_seed8.pcf,rac,0,2734220,506
random_n700_rho0.6_uncorr-neg_seed9.pcf,hfma,0,1830590,500
random_n700_rho0.6_uncorr-neg_seed9.pcf,rac,0,6627329,500
random_n700_rho0.6_uncorr_seed0.pcf,hfma,0,2531386,488
random_n700_rho0.6_uncorr_seed0.pcf,rac,0,7129501,488
random_n700_rho0.6_uncorr_seed1.pcf,hfma,0,2948374,489
random_n700_rho0.6_uncorr_seed1.pcf,rac,0,7375859,489
random_n700_rho0.6_uncorr_seed2.pcf,hfma,0,2249447,501
random_n700_rho0.6_uncorr_seed2.pcf,rac,0,6794662,501
random_n700_rho0.6_uncorr_seed3.pcf,hfma,0,2300333,498
random_n700_rho0.6_uncorr_seed3.pcf,rac,0,7270213,498
random_n700_rho0.6_uncorr_seed4.pcf,hfma,0,1970155,492
random_n700_rho0.6_uncorr_seed4.pcf,rac,0,6173356,492
random_n700_rho0.6_uncorr_seed5.pcf,hfma,0,2424080,497
random_n700_rho0.6_uncorr_seed5.pcf,rac,0,6276669,497
random_n700_rho0.6_uncorr_seed6.pcf,hfma,0,2374330,474
random_n700_rho0.6_uncorr_seed6.pcf,rac,0,7388359,474
random_n700_rho0.6_uncorr_seed7.pcf,hfma,0,2691621,478
random_n700_rho0.6_uncorr_seed7.pcf,rac,0,8792077,478
random_n700_rho0.6_uncorr_seed8.pcf,hfma,0,1424244,481
random_n700_rho0.6_uncorr_seed8.pcf,rac,0,3430926,481
random_n700_rho0.6_uncorr_seed9.pcf,hfma,0,1825103,507
random_n700_rho0.6_uncorr_seed9.pcf,rac,0,6192401,507
random_n700_rho0.6_weakly-corr-neg_seed0.pcf,hfma,0,3138224,501
random_n700_rho0.6_weakly-corr-neg_seed0.pcf,rac,0,7842116,501
random_n700_rho0.6_weakly-corr-neg_seed1.pcf,hfma,0,3393021,490
random_n700_rho0.6_weakly-corr-neg_seed1.pcf,rac,0,6932352,490
random_n700_rho0.6_weakly-corr-neg_seed2.pcf,hfma,0,2772967,504
random_n700_rho0.6_weakly-corr-neg_seed2.pcf,rac,0,6006712,504
random_n700_rho0.6_weakly-corr-neg_seed3.pcf,hfma,0,2895193,486
random_n700_rho0.6_weakly-corr-neg_seed3.pcf,rac,0,6210794,486
random_n700_rho0.6_weakly-corr-neg_seed4.pcf,hfma,0,1815485,489
random_n700_rho0.6_weakly-corr-neg_seed4.pcf,rac,0,5394151,489
random_n700_rho0.6_weakly-corr-neg_seed5.pcf,hfma,0,2441217,485
random_n700_rho0.6_weakly-corr-neg_seed5.pcf,rac,0,6794816,485
random_n700_rho0.6_weakly-corr-neg_seed6.pcf,hfma,0,2571921,499
random_n700_rho0.6_weakly-corr-neg_seed6.pcf,rac,0,6790961,499
random_n700_rho0.6_weakly-corr-neg_seed7.pcf,hfma,0,2319467,480
random_n700_rho0.6_weakly-corr-neg_seed7.pcf,rac,0,7098223,480
random_n700_rho0.6_weakly-corr-neg_seed8.pcf,hfma,0,2340977,489
random_n700_rho0.6_weakly-corr-neg_seed8.pcf,rac,0,6909900,489
random_n700_rho0.6_weakly-corr-neg_seed9.pcf,hfma,0,2446735,492
random_n700_rho0.6_weakly-corr-neg_seed9.pcf,rac,0,6573143,492
random_n700_rho0.6_weakly-corr_seed0.pcf,hfma,0,2071258,492
random_n700_rho0.6_weakly-corr_seed0.pcf,rac,0,6328529,492
random_n700_rho0.6_weakly-corr_seed1.pcf,hfma,0,2633402,470
random_n700_rho0.6_weakly-corr_seed1.pcf,rac,0,7209540,470
random_n700_rho0.6_weakly-corr_seed2.pcf,hfma,0,2710410,477
random_n700_rho0.6_weakly-corr_seed2.pcf,rac,0,7060030,477
random_n700_rho0.6_weakly-corr_seed3.pcf,hfma,0,1684095,481
random_n700_rho0.6_weakly-corr_seed3.pcf,rac,0,3554900,481
random_n700_rho0.6_weakly-corr_seed4.pcf,hfma,0,1792631,475
random_n700_rho0.6_weakly-corr_seed4.pcf,rac,0,5655306,475
random_n700_rho0.6_weakly-corr_seed5.pcf,hfma,0,1526651,494
random_n700_rho0.6_weakly-corr_seed5.pcf,rac,0,4649359,494
random_n700_rho0.6_weakly-corr_seed6.pcf,hfma,0,2084437,483
random_n700_rho0.6_weakly-corr_seed6.pcf,rac,0,3941219,483
random_n700_rho0.6_weakly-corr_seed7.pcf,hfma,0,742410,480
random_n700_rho0.6_weakly-corr_seed7.pcf,rac,0,2187383,480
random_n700_rho0.6_weakly-corr_seed8.pcf,hfma,0,654599,485
random_n700_rho0.6_weakly-corr_seed8.pcf,rac,0,1615544,485
random_n700_rho0.6_weakly-corr_seed9.pcf,hfma,0,481225,499
random_n700_rho0.6_weakly-corr_seed9.pcf,rac,0,1680373,499
random_n700_rho0.9_strongly-corr-neg_seed0.pcf,hfma,0,2720685,343
random_n700_rho0.9_strongly-corr-neg_seed0.pcf,rac,0,4089603,343
random_n700_rho0.9_strongly-corr-neg_seed1.pcf,hfma,0,2021763,360
random_n700_rho0.9_strongly-corr-neg_seed1.pcf,rac,0,5305857,360
random_n700_rho0.9_strongly-corr-neg_seed2.pcf,hfma,0,3323380,366
random_n700_rho0.9_strongly-corr-neg_seed2.pcf,rac,0,5023794,366
random_n700_rho0.9_strongly-corr-neg_seed3.pcf,hfma,0,1880288,372
random_n700_rho0.9_strongly-corr-neg_seed3.pcf,rac,0,5868012,372
random_n700_rho0.9_strongly-corr-neg_seed4.pcf,hfma,0,4833406,353
random_n700_rho0.9_strongly-corr-neg_seed4.pcf,rac,0,10258839,353
random_n700_rho0.9_strongly-corr-neg_seed5.pcf,hfma,0,3142713,359
random_n700_rho0.9_strongly-corr-neg_seed5.pcf,rac,0,3695381,359
random_n700_rho0.9_strongly-corr-neg_seed6.pcf,hfma,0,2860597,377
random_n700_rho0.9_strongly-corr-neg_seed6.pcf,rac,0,7683383,377
random_n700_rho0.9_strongly-corr-neg_seed7.pcf,hfma,0,3014897,352
random_n700_rho0.9_strongly-corr-neg_seed7.pcf,rac,0,4728289,352
random_n700_rho0.9_strongly-corr-neg_seed8.pcf,hfma,0,7473677,362
random_n700_rho0.9_strongly-corr-neg_seed8.pcf,rac,0,9582850,362
random_n700_rho0.9_strongly-corr-neg_seed9.pcf,hfma,0,4842696,360
random_n700_rho0.9_strongly-corr-neg_seed9.pcf,rac,0,7692250,360
random_n700_rho0.9_strongly-corr_seed0.pcf,hfma,0,5501866,326
random_n700_rho0.9_strongly-corr_seed0.pcf,rac,0,11182839,326
random_n700_rho0.9_strongly-corr_seed1.pcf,hfma,0,5188662,348
random_n700_rho0.9_strongly-corr_seed1.pcf,rac,0,12392421,348
random_n700_rho0.9_strongly-corr_seed2.pcf,hfma,0,4956256,345
random_n700_rho0.9_strongly-corr_seed2.pcf,rac,0,11963988,345
random_n700_rho0.9_strongly-corr_seed3.pcf,hfma,0,6167233,327
random_n700_rho0.9_strongly-corr_seed3.pcf,rac,0,9441028,327
random_n700_rho0.9_strongly-corr_seed4.pcf,hfma,0,3492562,357
random_n700_rho0.9_strongly-corr_seed4.pcf,rac,0,5339469,357
random_n700_rho0.9_strongly-corr_seed5.pcf,hfma,0,2597129,341
random_n700_rho0.9_strongly-corr_seed5.pcf,rac,0,8909540,341
random_n700_rho0.9_strongly-corr_seed6.pcf,hfma,0,3623632,324
random_n700_rho0.9_strongly-corr_seed6.pcf,rac,0,5104121,324
random_n700_rho0.9_strongly-corr_seed7.pcf,hfma,0,4192370,329
random_n700_rho0.9_strongly-corr_seed7.pcf,rac,0,6052623,329
random_n700_rho0.9_strongly-corr_seed8.pcf,hfma,0,4389191,351
random_n700_rho0.9_strongly-corr_seed8.pcf,rac,0,9038395,351
random_n700_rho0.9_strongly-corr_seed9.pcf,hfma,0,3599561,338
random_n700_rho0.9_strongly-corr_seed9.pcf,rac,0,9937938,338
random_n700_rho0.9_uncorr-neg_seed0.pcf,hfma,0,3092475,383
random_n700_rho0.9_uncorr-neg_seed0.pcf,rac,0,9111789,383
random_n700_rho0.9_uncorr-neg_seed1.pcf,hfma,0,4814665,396
random_n700_rho0.9_uncorr-neg_seed1.pcf,rac,0,8039365,396
random_n700_rho0.9_uncorr-neg_seed2.pcf,hfma,0,5125952,377
random_n700_rho0.9_uncorr-neg_seed2.pcf,rac,0,10610715,377
random_n700_rho0.9_uncorr-neg_seed3.pcf,hfma,0,4369164,381
random_n700_rho0.9_uncorr-neg_seed3.pcf,rac,0,5958451,381
random_n700_rho0.9_uncorr-neg_seed4.pcf,hfma,0,2782559,390
random_n700_rho0.9_uncorr-neg_seed4.pcf,rac,0,5861969,390
random_n700_rho0.9_uncorr-neg_seed5.pcf,hfma,0,3514133,405
random_n700_rho0.9_uncorr-neg_seed5.pcf,rac,0,4579244,405
random_n700_rho0.9_uncorr-neg_seed6.pcf,hfma,0,4204312,374
random_n700_rho0.9_uncorr-neg_seed6.pcf,rac,0,4584468,374
random_n700_rho0.9_uncorr-neg_seed7.pcf,hfma,0,4724348,406
random_n700_rho0.9_uncorr-neg_seed7.pcf,rac,0,11854570,406
random_n700_rho0.9_uncorr-neg_seed8.pcf,hfma,0,5350307,384
random_n700_rho0.9_uncorr-neg_seed8.pcf,rac,0,10020497,384
random_n700_rho0.9_uncorr-neg_seed9.pcf,hfma,0,6171073,401
random_n700_rho0.9_uncorr-neg_seed9.pcf,rac,0,8418575,401
random_n700_rho0.9_uncorr_seed0.pcf,hfma,0,2713667,385
random_n700_rho0.9_uncorr_seed0.pcf,rac,0,4320564,385
random_n700_rho0.9_uncorr_seed1.pcf,hfma,0,1437536,380
random_n700_rho0.9_uncorr_seed1.pcf,rac,0,3700208,380
random_n700_rho0.9_uncorr_seed2.pcf,hfma,0,2055868,372
random_n700_rho0.9_uncorr_seed2.pcf,rac,0,6662930,372
random_n700_rho0.9_uncorr_seed3.pcf,hfma,0,3625580,364
random_n700_rho0.9_uncorr_seed3.pcf,rac,0,10660571,364
random_n700_rho0.9_uncorr_seed4.pcf,hfma,0,4523689,392
random_n700_rho0.9_uncorr_seed4.pcf,rac,0,10339509,392
random_n700_rho0.9_uncorr_seed5.pcf,hfma,0,1680827,401
random_n700_rho0.9_uncorr_seed5.pcf,rac,0,3136187,401
random_n700_rho0.9_uncorr_seed6.pcf,hfma,0,1809409,374
random_n700_rho0.9_uncorr_seed6.pcf,rac,0,3805258,374
random_n700_rho0.9_uncorr_seed7.pcf,hfma,0,1753613,407
random_n700_rho0.9_uncorr_seed7.pcf,rac,0,5006425,407
random_n700_rho0.9_uncorr_seed8.pcf,hfma,0,3761812,358
random_n700_rho0.9_uncorr_seed8.pcf,rac,0,7407977,358
random_n700_rho0.9_uncorr_seed9.pcf,hfma,0,2016502,387
random_n700_rho0.9_uncorr_seed9.pcf,rac,0,3992855,387
random_n700_rho0.9_weakly-corr-neg_seed0.pcf,hfma,0,1504954,379
random_n700_rho0.9_weakly-corr-neg_seed0.pcf,rac,0,2824717,379
random_n700_rho0.9_weakly-corr-neg_seed1.pcf,hfma,0,1923016,370
random_n700_rho0.9_weakly-corr-neg_seed1.pcf,rac,0,4293731,370
random_n700_rho0.9_weakly-corr-neg_seed2.pcf,hfma,0,4363392,371
random_n700_rho0.9_weakly-corr-neg_seed2.pcf,rac,0,9366459,371
random_n700_rho0.9_weakly-corr-neg_seed3.pcf,hfma,0,4636014,395
random_n700_rho0.9_weakly-corr-neg_seed3.pcf,rac,0,5891447,395
random_n700_rho0.9_weakly-corr-neg_seed4.pcf,hfma,0,4806067,400
random_n700_rho0.9_weakly-corr-neg_seed4.pcf,rac,0,6931609,400
random_n700_rho0.9_weakly-corr-neg_seed5.pcf,hfma,0,1989605,384
random_n700_rho0.9_weakly-corr-neg_seed5.pcf,rac,0,3781581,384
random_n700_rho0.9_weakly-corr-neg_seed6.pcf,hfma,0,4817287,382
random_n700_rho0.9_weakly-corr-neg_seed6.pcf,rac,0,7905416,382
random_n700_rho0.9_weakly-corr-neg_seed7.pcf,hfma,0,2754581,383
random_n700_rho0.9_weakly-corr-neg_seed7.pcf,rac,0,3365942,383
random_n700_rho0.9_weakly-corr-neg_seed8.pcf,hfma,0,1571115,398
random_n700_rho0.9_weakly-corr-neg_seed8.pcf,rac,0,2969160,398
random_n700_rho0.9_weakly-corr-neg_seed9.pcf,hfma,0,2187522,398
random_n700_rho0.9_weakly-corr-neg_seed9.pcf,rac,0,4970650,398
random_n700_rho0.9_weakly-corr_seed0.pcf,hfma,0,3504103,383
random_n700_rho0.9_weakly-corr_seed0.pcf,rac,0,8944280,383
random_n700_rho0.9_weakly-corr_seed1.pcf,hfma,0,5328160,375
random_n700_rho0.9_weakly-corr_seed1.pcf,rac,0,8682704,375
random_n700_rho0.9_weakly-corr_seed2.pcf,hfma,0,4562481,376
random_n700_rho0.9_weakly-corr_seed2.pcf,rac,0,7890807,376
random_n700_rho0.9_weakly-corr_seed3.pcf,hfma,0,5099793,382
random_n700_rho0.9_weakly-corr_seed3.pcf,rac,0,6298512,382
random_n700_rho0.9_weakly-corr_seed4.pcf,hfma,0,2925720,397
random_n700_rho0.9_weakly-corr_seed4.pcf,rac,0,4580340,397
random_n700_rho0.9_weakly-corr_seed5.pcf,hfma,0,1690774,380
random_n700_rho0.9_weakly-corr_seed5.pcf,rac,0,3972035,380
random_n700_rho0.9_weakly-corr_seed6.pcf,hfma,0,1458283,390
random_n700_rho0.9_weakly-corr_seed6.pcf,rac,0,3050805,390
random_n700_rho0.9_weakly-corr_seed7.pcf,hfma,0,2196167,408
random_n700_rho0.9_weakly-corr_seed7.pcf,rac,0,5484203,408
random_n700_rho0.9_weakly-corr_seed8.pcf,hfma,0,3298599,386
random_n700_rho0.9_weakly-corr_seed8.pcf,rac,0,9859450,386
random_n700_rho0.9_weakly-corr_seed9.pcf,hfma,0,3578326,377
random_n700_rho0.9_weakly-corr_seed9.pcf,rac,0,4051370,377
random_n700_rho1.0_strongly-corr-neg_seed0.pcf,hfma,0,2788648,319
random_n700_rho1.0_strongly-corr-neg_seed0.pcf,rac,0,4921399,319
random_n700_rho1.0_strongly-corr-neg_seed1.pcf,hfma,0,9105506,320
random_n700_rho1.0_strongly-corr-neg_seed1.pcf,rac,0,11088118,320
random_n700_rho1.0_strongly-corr-neg_seed2.pcf,hfma,0,8058788,336
random_n700_rho1.0_strongly-corr-neg_seed2.pcf,rac,0,7996456,336
random_n700_rho1.0_strongly-corr-neg_seed3.pcf,hfma,0,4497626,334
random_n700_rho1.0_strongly-corr-neg_seed3.pcf,rac,0,5288696,334
random_n700_rho1.0_strongly-corr-neg_seed4.pcf,hfma,0,5485726,320
random_n700_rho1.0_strongly-corr-neg_seed4.pcf,rac,0,7100408,320
random_n700_rho1.0_strongly-corr-neg_seed5.pcf,hfma,0,8038573,345
random_n700_rho1.0_strongly-corr-neg_seed5.pcf,rac,0,3136914,345
random_n700_rho1.0_strongly-corr-neg_seed6.pcf,hfma,0,6882933,332
random_n700_rho1.0_strongly-corr-neg_seed6.pcf,rac,0,11918111,332
random_n700_rho1.0_strongly-corr-neg_seed7.pcf,hfma,0,4829961,346
random_n700_rho1.0_strongly-corr-neg_seed7.pcf,rac,0,4482543,346
random_n700_rho1.0_strongly-corr-neg_seed8.pcf,hfma,0,2585216,316
random_n700_rho1.0_strongly-corr-neg_seed8.pcf,rac,0,5032984,316
random_n700_rho1.0_strongly-corr-neg_seed9.pcf,hfma,0,2919441,331
random_n700_rho1.0_strongly-corr-neg_seed9.pcf,rac,0,3566517,331
random_n700_rho1.0_strongly-corr_seed0.pcf,hfma,0,3456319,309
random_n700_rho1.0_strongly-corr_seed0.pcf,rac,0,7391174,309
random_n700_rho1.0_strongly-corr_seed1.pcf,hfma,0,2794189,323
random_n700_rho1.0_strongly-corr_seed1.pcf,rac,0,4332215,323
random_n700_rho1.0_strongly-corr_seed2.pcf,hfma,0,3563138,301
random_n700_rho1.0_strongly-corr_seed2.pcf,rac,0,5554863,301
random_n700_rho1.0_strongly-corr_seed3.pcf,hfma,0,1648262,303
random_n700_rho1.0_strongly-corr_seed3.pcf,rac,0,3651000,303
random_n700_rho1.0_strongly-corr_seed4.pcf,hfma,0,2930150,316
random_n700_rho1.0_strongly-corr_seed4.pcf,rac,0,6945196,316
random_n700_rho1.0_strongly-corr_seed5.pcf,hfma,0,6714365,323
random_n700_rho1.0_strongly-corr_seed5.pcf,rac,0,6063649,323
random_n700_rho1.0_strongly-corr_seed6.pcf,hfma,0,7717196,312
random_n700_rho1.0_strongly-corr_seed6.pcf,rac,0,5906981,312
random_n700_rho1.0_strongly-corr_seed7.pcf,hfma,0,4426403,298
random_n700_rho1.0_strongly-corr_seed7.pcf,rac,0,6694737,298
random_n700_rho1.0_strongly-corr_seed8.pcf,hfma,0,2483390,319
random_n700_rho1.0_strongly-corr_seed8.pcf,rac,0,3721405,319
random_n700_rho1.0_strongly-corr_seed9.pcf,hfma,0,2449055,311
random_n700_rho1.0_strongly-corr_seed9.pcf,rac,0,3226780,311
random_n700_rho1.0_uncorr-neg_seed0.pcf,hfma,0,1620689,389
random_n700_rho1.0_uncorr-neg_seed0.pcf,rac,0,4431165,389
random_n700_rho1.0_uncorr-neg_seed1.pcf,hfma,0,3482033,324
random_n700_rho1.0_uncorr-neg_seed1.pcf,rac,0,3912547,324
random_n700_rho1.0_uncorr-neg_seed2.pcf,hfma,0,3152882,359
random_n700_rho1.0_uncorr-neg_seed2.pcf,rac,0,3887266,359
random_n700_rho1.0_uncorr-neg_seed3.pcf,hfma,0,3324890,343
random_n700_rho1.0_uncorr-neg_seed3.pcf,rac,0,4949389,343
random_n700_rho1.0_uncorr-neg_seed4.pcf,hfma,0,3527869,353
random_n700_rho1.0_uncorr-neg_seed4.pcf,rac,0,4927612,353
random_n700_rho1.0_uncorr-neg_seed5.pcf,hfma,0,2976750,357
random_n700_rho1.0_uncorr-neg_seed5.pcf,rac,0,5951327,357
random_n700_rho1.0_uncorr-neg_seed6.pcf,hfma,0,4994357,363
random_n700_rho1.0_uncorr-neg_seed6.pcf,rac,0,6541858,363
random_n700_rho1.0_uncorr-neg_seed7.pcf,hfma,0,3986752,358
random_n700_rho1.0_uncorr-neg_seed7.pcf,rac,0,5977664,358
random_n700_rho1.0_uncorr-neg_seed8.pcf,hfma,0,5384633,373
random_n700_rho1.0_uncorr-neg_seed8.pcf,rac,0,3499949,373
random_n700_rho1.0_uncorr-neg_seed9.pcf,hfma,0,6327381,325
random_n700_rho1.0_uncorr-neg_seed9.pcf,rac,0,8433262,325
random_n700_rho1.0_uncorr_seed0.pcf,hfma,0,3357152,339
random_n700_rho1.0_uncorr_seed0.pcf,rac,0,7332499,339
random_n700_rho1.0_uncorr_seed1.pcf,hfma,0,1889803,351
random_n700_rho1.0_uncorr_seed1.pcf,rac,0,5225985,351
random_n700_rho1.0_uncorr_seed2.pcf,hfma,0,7680557,347
random_n700_rho1.0_uncorr_seed2.pcf,rac,0,11881607,347
random_n700_rho1.0_uncorr_seed3.pcf,hfma,0,8906657,346
random_n700_rho1.0_uncorr_seed3.pcf,rac,0,11049935,346
random_n700_rho1.0_uncorr_seed4.pcf,hfma,0,7538098,343
random_n700_rho1.0_uncorr_seed4.pcf,rac,0,12240147,343
random_n700_rho1.0_uncorr_seed5.pcf,hfma,0,7178605,336
random_n700_rho1.0_uncorr_seed5.pcf,rac,0,7260510,336
random_n700_rho1.0_uncorr_seed6.pcf,hfma,0,3858268,358
random_n700_rho1.0_uncorr_seed6.pcf,rac,0,8730703,358
random_n700_rho1.0_uncorr_seed7.pcf,hfma,0,4523242,366
random_n700_rho1.0_uncorr_seed7.pcf,rac,0,4844269,366
random_n700_rho1.0_uncorr_seed8.pcf,hfma,0,1752241,361
random_n700_rho1.0_uncorr_seed8.pcf,rac,0,4539659,361
random_n700_rho1.0_uncorr_seed9.pcf,hfma,0,2100402,353
random_n700_rho1.0_uncorr_seed9.pcf,rac,0,4861259,353
random_n700_rho1.0_weakly-corr-neg_seed0.pcf,hfma,0,3336821,357
random_n700_rho1.0_weakly-corr-neg_seed0.pcf,rac,0,6007587,357
random_n700_rho1.0_weakly-corr-neg_seed1.pcf,hfma,0,4945004,369
random_n700_rho1.0_weakly-corr-neg_seed1.pcf,rac,0,5686690,369
random_n700_rho1.0_weakly-corr-neg_seed2.pcf,hfma,0,2486884,358
random_n700_rho1.0_weakly-corr-neg_seed2.pcf,rac,0,3820718,358
random_n700_rho1.0_weakly-corr-neg_seed3.pcf,hfma,0,2756193,341
random_n700_rho1.0_weakly-corr-neg_seed3.pcf,rac,0,5227788,341
random_n700_rho1.0_weakly-corr-neg_seed4.pcf,hfma,0,2029437,373
random_n700_rho1.0_weakly-corr-neg_seed4.pcf,rac,0,3412685,373
random_n700_rho1.0_weakly-corr-neg_seed5.pcf,hfma,0,3453530,347
random_n700_rho1.0_weakly-corr-neg_seed5.pcf,rac,0,5980781,347
random_n700_rho1.0_weakly-corr-neg_seed6.pcf,hfma,0,3480705,366
random_n700_rho1.0_weakly-corr-neg_seed6.pcf,rac,0,7514905,366
random_n700_rho1.0_weakly-corr-neg_seed7.pcf,hfma,0,5979236,345
random_n700_rho1.0_weakly-corr-neg_seed7.pcf,rac,0,6804269,345
random_n700_rho1.0_weakly-corr-neg_seed8.pcf,hfma,0,5755023,359
random_n700_rho1.0_weakly-corr-neg_seed8.pcf,rac,0,9544480,359
random_n700_rho1.0_weakly-corr-neg_seed9.pcf,hfma,0,3316197,360
random_n700_rho1.0_weakly-corr-neg_seed9.pcf,rac,0,5995001,360
random_n700_rho1.0_weakly-corr_seed0.pcf,hfma,0,4796617,353
random_n700_rho1.0_weakly-corr_seed0.pcf,rac,0,8558485,353
random_n700_rho1.0_weakly-corr_seed1.pcf,hfma,0,8071127,357
random_n700_rho1.0_weakly-corr_seed1.pcf,rac,0,12649151,357
random_n700_rho1.0_weakly-corr_seed2.pcf,hfma,0,8343315,323
random_n700_rho1.0_weakly-corr_seed2.pcf,rac,0,7159638,323
random_n700_rho1.0_weakly-corr_seed3.pcf,hfma,0,6442154,366
random_n700_rho1.0_weakly-corr_seed3.pcf,rac,0,6685211,366
random_n700_rho1.0_weakly-corr_seed4.pcf,hfma,0,5710248,351
random_n700_rho1.0_weakly-corr_seed4.pcf,rac,0,10831347,351
random_n700_rho1.0_weakly-corr_seed5.pcf,hfma,0,6092816,357
random_n700_rho1.0_weakly-corr_seed5.pcf,rac,0,7856830,357
random_n700_rho1.0_weakly-corr_seed6.pcf,hfma,0,5928047,372
random_n700_rho1.0_weakly-corr_seed6.pcf,rac,0,4761020,372
random_n700_rho1.0_weakly-corr_seed7.pcf,hfma,0,2649669,345
random_n700_rho1.0_weakly-corr_seed7.pcf,rac,0,4747307,345
random_n700_rho1.0_weakly-corr_seed8.pcf,hfma,0,4254024,339
random_n700_rho1.0_weakly-corr_seed8.pcf,rac,0,4076826,339
random_n700_rho1.0_weakly-corr_seed9.pcf,hfma,0,2704809,351
random_n700_rho1.0_weakly-corr_seed9.pcf,rac,0,3536145,351
random_n800_rho0.3_strongly-corr-neg_seed0.pcf,hfma,0,512341,581
random_n800_rho0.3_strongly-corr-neg_seed0.pcf,rac,0,1408059,581
random_n800_rho0.3_strongly-corr-neg_seed1.pcf,hfma,0,423329,567
random_n800_rho0.3_strongly-corr-neg_seed1.pcf,rac,0,1274074,567
random_n800_rho0.3_strongly-corr-neg_seed2.pcf,hfma,0,575407,556
random_n800_rho0.3_strongly-corr-neg_seed2.pcf,rac,0,1708133,556
random_n800_rho0.3_strongly-corr-neg_seed3.pcf,hfma,0,899544,561
random_n800_rho0.3_strongly-corr-neg_seed3.pcf,rac,0,2808969,561
random_n800_rho0.3_strongly-corr-neg_seed4.pcf,hfma,0,1038937,593
random_n800_rho0.3_strongly-corr-neg_seed4.pcf,rac,0,2682266,593
random_n800_rho0.3_strongly-corr-neg_seed5.pcf,hfma,0,1530327,580
random_n800_rho0.3_strongly-corr-neg_seed5.pcf,rac,0,3362012,580
random_n800_rho0.3_strongly-corr-neg_seed6.pcf,hfma,0,1023656,586
random_n800_rho0.3_strongly-corr-neg_seed6.pcf,rac,0,2755448,586
random_n800_rho0.3_strongly-corr-neg_seed7.pcf,hfma,0,1444923,566
random_n800_rho0.3_strongly-corr-neg_seed7.pcf,rac,0,4080189,566
random_n800_rho0.3_strongly-corr-neg_seed8.pcf,hfma,0,1174139,582
random_n800_rho0.3_strongly-corr-neg_seed8.pcf,rac,0,3969718,582
random_n800_rho0.3_strongly-corr-neg_seed9.pcf,hfma,0,1453097,574
random_n800_rho0.3_strongly-corr-neg_seed9.pcf,rac,0,3547054,574
random_n800_rho0.3_strongly-corr_seed0.pcf,hfma,0,1102277,504
random_n800_rho0.3_strongly-corr_seed0.pcf,rac,0,3184574,504
random_n800_rho0.3_strongly-corr_seed1.pcf,hfma,0,1246345,518
random_n800_rho0.3_strongly-corr_seed1.pcf,rac,0,3322287,518
random_n800_rho0.3_strongly-corr_seed2.pcf,hfma,0,1253306,496
random_n800_rho0.3_strongly-corr_seed2.pcf,rac,0,3817385,496
random_n800_rho0.3_strongly-corr_seed3.pcf,hfma,0,1378840,521
random_n800_rho0.3_strongly-corr_seed3.pcf,rac,0,3514961,521
random_n800_rho0.3_strongly-corr_seed4.pcf,hfma,0,1738583,523
random_n800_rho0.3_strongly-corr_seed4.pcf,rac,0,4868264,523
random_n800_rho0.3_strongly-corr_seed5.pcf,hfma,0,1279228,512
random_n800_rho0.3_strongly-corr_seed5.pcf,rac,0,3526790,512
random_n800_rho0.3_strongly-corr_seed6.pcf,hfma,0,1631484,518
random_n800_rho0.3_strongly-corr_seed6.pcf,rac,0,3774990,518
random_n800_rho0.3_strongly-corr_seed7.pcf,hfma,0,620593,518
random_n800_rho0.3_strongly-corr_seed7.pcf,rac,0,1598325,518
random_n800_rho0.3_strongly-corr_seed8.pcf,hfma,0,454486,542
random_n800_rho0.3_strongly-corr_seed8.pcf,rac,0,1205491,542
random_n800_rho0.3_strongly-corr_seed9.pcf,hfma,0,431507,518
random_n800_rho0.3_strongly-corr_seed9.pcf,rac,0,1132499,518
random_n800_rho0.3_uncorr-neg_seed0.pcf,hfma,0,458083,688
random_n800_rho0.3_uncorr-neg_seed0.pcf,rac,0,1269106,688
random_n800_rho0.3_uncorr-neg_seed1.pcf,hfma,0,601861,689
random_n800_rho0.3_uncorr-neg_seed1.pcf,rac,0,1210353,689
random_n800_rho0.3_uncorr-neg_seed2.pcf,hfma,0,732420,681
random_n800_rho0.3_uncorr-neg_seed2.pcf,rac,0,1572155,681
random_n800_rho0.3_uncorr-neg_seed3.pcf,hfma,0,659059,675
random_n800_rho0.3_uncorr-neg_seed3.pcf,rac,0,1974870,675
random_n800_rho0.3_uncorr-neg_seed4.pcf,hfma,0,1319751,691
random_n800_rho0.3_uncorr-neg_seed4.pcf,rac,0,3160706,691
random_n800_rho0.3_uncorr-neg_seed5.pcf,hfma,0,774129,669
random_n800_rho0.3_uncorr-neg_seed5.pcf,rac,0,1769404,669
random_n800_rho0.3_uncorr-neg_seed6.pcf,hfma,0,424776,688
random_n800_rho0.3_uncorr-neg_seed6.pcf,rac,0,859265,688
random_n800_rho0.3_uncorr-neg_seed7.pcf,hfma,0,461173,670
random_n800_rho0.3_uncorr-neg_seed7.pcf,rac,0,827350,670
random_n800_rho0.3_uncorr-neg_seed8.pcf,hfma,0,494568,672
random_n800_rho0.3_uncorr-neg_seed8.pcf,rac,0,1364849,672
random_n800_rho0.3_uncorr-neg_seed9.pcf,hfma,0,477770,673
random_n800_rho0.3_uncorr-neg_seed9.pcf,rac,0,1418084,673
random_n800_rho0.3_uncorr_seed0.pcf,hfma,0,483404,685
random_n800_rho0.3_uncorr_seed0.pcf,rac,0,1325658,685
random_n800_rho0.3_uncorr_seed1.pcf,hfma,0,463825,658
random_n800_rho0.3_uncorr_seed1.pcf,rac,0,1320831,658
random_n800_rho0.3_uncorr_seed2.pcf,hfma,0,300689,674
random_n800_rho0.3_uncorr_seed2.pcf,rac,0,797905,674
random_n800_rho0.3_uncorr_seed3.pcf,hfma,0,391745,698
random_n800_rho0.3_uncorr_seed3.pcf,rac,0,752043,698
random_n800_rho0.3_uncorr_seed4.pcf,hfma,0,311688,663
random_n800_rho0.3_uncorr_seed4.pcf,rac,0,826411,663
random_n800_rho0.3_uncorr_seed5.pcf,hfma,0,444295,679
random_n800_rho0.3_uncorr_seed5.pcf,rac,0,1335739,679
random_n800_rho0.3_uncorr_seed6.pcf,hfma,0,571419,677
random_n800_rho0.3_uncorr_seed6.pcf,rac,0,1774940,677
random_n800_rho0.3_uncorr_seed7.pcf,hfma,0,869035,675
random_n800_rho0.3_uncorr_seed7.pcf,rac,0,2867185,675
random_n800_rho0.3_uncorr_seed8.pcf,hfma,0,668606,676
random_n800_rho0.3_uncorr_seed8.pcf,rac,0,2043465,676
random_n800_rho0.3_uncorr_seed9.pcf,hfma,0,976843,689
random_n800_rho0.3_uncorr_seed9.pcf,rac,0,2850657,689
random_n800_rho0.3_weakly-corr-neg_seed0.pcf,hfma,0,1225771,684
random_n800_rho0.3_weakly-corr-neg_seed0.pcf,rac,0,3308405,684
random_n800_rho0.3_weakly-corr-neg_seed1.pcf,hfma,0,1234756,685
random_n800_rho0.3_weakly-corr-neg_seed1.pcf,rac,0,2922089,685
random_n800_rho0.3_weakly-corr-neg_seed2.pcf,hfma,0,1353531,694
random_n800_rho0.3_weakly-corr-neg_seed2.pcf,rac,0,3634029,694
random_n800_rho0.3_weakly-corr-neg_seed3.pcf,hfma,0,469872,676
random_n800_rho0.3_weakly-corr-neg_seed3.pcf,rac,0,764199,676
random_n800_rho0.3_weakly-corr-neg_seed4.pcf,hfma,0,406317,680
random_n800_rho0.3_weakly-corr-neg_seed4.pcf,rac,0,1357549,680
random_n800_rho0.3_weakly-corr-neg_seed5.pcf,hfma,0,914494,660
random_n800_rho0.3_weakly-corr-neg_seed5.pcf,rac,0,3319064,660
random_n800_rho0.3_weakly-corr-neg_seed6.pcf,hfma,0,1464064,688
random_n800_rho0.3_weakly-corr-neg_seed6.pcf,rac,0,3976738,688
random_n800_rho0.3_weakly-corr-neg_seed7.pcf,hfma,0,1384940,672
random_n800_rho0.3_weakly-corr-neg_seed7.pcf,rac,0,3833677,672
random_n800_rho0.3_weakly-corr-neg_seed8.pcf,hfma,0,1710431,662
random_n800_rho0.3_weakly-corr-neg_seed8.pcf,rac,0,3536881,662
random_n800_rho0.3_weakly-corr-neg_seed9.pcf,hfma,0,702039,670
random_n800_rho0.3_weakly-corr-neg_seed9.pcf,rac,0,2185218,670
random_n800_rho0.3_weakly-corr_seed0.pcf,hfma,0,824261,657
random_n800_rho0.3_weakly-corr_seed0.pcf,rac,0,2722593,657
random_n800_rho0.3_weakly-corr_seed1.pcf,hfma,0,1272473,675
random_n800_rho0.3_weakly-corr_seed1.pcf,rac,0,2125428,675
random_n800_rho0.3_weakly-corr_seed2.pcf,hfma,0,1094463,679
random_n800_rho0.3_weakly-corr_seed2.pcf,rac,0,3888880,679
random_n800_rho0.3_weakly-corr_seed3.pcf,hfma,0,1320758,672
random_n800_rho0.3_weakly-corr_seed3.pcf,rac,0,3353302,672
random_n800_rho0.3_weakly-corr_seed4.pcf,hfma,0,704474,676
random_n800_rho0.3_weakly-corr_seed4.pcf,rac,0,2091511,676
random_n800_rho0.3_weakly-corr_seed5.pcf,hfma,0,1034415,673
random_n800_rho0.3_weakly-corr_seed5.pcf,rac,0,2585431,673
random_n800_rho0.3_weakly-corr_seed6.pcf,hfma,0,1202437,684
random_n800_rho0.3_weakly-corr_seed6.pcf,rac,0,2489790,684
random_n800_rho0.3_weakly-corr_seed7.pcf,hfma,0,639905,676
random_n800_rho0.3_weakly-corr_seed7.pcf,rac,0,1746142,676
random_n800_rho0.3_weakly-corr_seed8.pcf,hfma,0,785256,679
random_n800_rho0.3_weakly-corr_seed8.pcf,rac,0,1255067,679
random_n800_rho0.3_weakly-corr_seed9.pcf,hfma,0,747106,697
random_n800_rho0.3_weakly-corr_seed9.pcf,rac,0,2122666,697
random_n800_rho0.6_strongly-corr-neg_seed0.pcf,hfma,0,1077990,500
random_n800_rho0.6_strongly-corr-neg_seed0.pcf,rac,0,2728554,500
random_n800_rho0.6_strongly-corr-neg_seed1.pcf,hfma,0,765063,495
random_n800_rho0.6_strongly-corr-neg_seed1.pcf,rac,0,1793608,495
random_n800_rho0.6_strongly-corr-neg_seed2.pcf,hfma,0,706861,488
random_n800_rho0.6_strongly-corr-neg_seed2.pcf,rac,0,1922559,488
random_n800_rho0.6_strongly-corr-neg_seed3.pcf,hfma,0,657972,481
random_n800_rho0.6_strongly-corr-neg_seed3.pcf,rac,0,1835818,481
random_n800_rho0.6_strongly-corr-neg_seed4.pcf,hfma,0,1010910,494
random_n800_rho0.6_strongly-corr-neg_seed4.pcf,rac,0,4435314,494
random_n800_rho0.6_strongly-corr-neg_seed5.pcf,hfma,0,1506238,490
random_n800_rho0.6_strongly-corr-neg_seed5.pcf,rac,0,3621833,490
random_n800_rho0.6_strongly-corr-neg_seed6.pcf,hfma,0,2040021,475
random_n800_rho0.6_strongly-corr-neg_seed6.pcf,rac,0,7334834,475
random_n800_rho0.6_strongly-corr-neg_seed7.pcf,hfma,0,2292472,503
random_n800_rho0.6_strongly-corr-neg_seed7.pcf,rac,0,7354324,503
random_n800_rho0.6_strongly-corr-neg_seed8.pcf,hfma,0,3238891,495
random_n800_rho0.6_strongly-corr-neg_seed8.pcf,rac,0,8284203,495
random_n800_rho0.6_strongly-corr-neg_seed9.pcf,hfma,0,2822713,502
random_n800_rho0.6_strongly-corr-neg_seed9.pcf,rac,0,7243390,502
random_n800_rho0.6_strongly-corr_seed0.pcf,hfma,0,2565477,457
random_n800_rho0.6_strongly-corr_seed0.pcf,rac,0,8435686,457
random_n800_rho0.6_strongly-corr_seed1.pcf,hfma,0,2769376,453
random_n800_rho0.6_strongly-corr_seed1.pcf,rac,0,5819246,453
random_n800_rho0.6_strongly-corr_seed2.pcf,hfma,0,2012503,448
random_n800_rho0.6_strongly-corr_seed2.pcf,rac,0,7459003,448
random_n800_rho0.6_strongly-corr_seed3.pcf,hfma,0,2446996,473
random_n800_rho0.6_strongly-corr_seed3.pcf,rac,0,4712287,473
random_n800_rho0.6_strongly-corr_seed4.pcf,hfma,0,2226210,472
random_n800_rho0.6_strongly-corr_seed4.pcf,rac,0,6823597,472
random_n800_rho0.6_strongly-corr_seed5.pcf,hfma,0,1613232,475
random_n800_rho0.6_strongly-corr_seed5.pcf,rac,0,6632771,475
random_n800_rho0.6_strongly-corr_seed6.pcf,hfma,0,2097333,463
random_n800_rho0.6_strongly-corr_seed6.pcf,rac,0,7821451,463
random_n800_rho0.6_strongly-corr_seed7.pcf,hfma,0,3219735,465
random_n800_rho0.6_strongly-corr_seed7.pcf,rac,0,3288068,465
random_n800_rho0.6_strongly-corr_seed8.pcf,hfma,0,3202121,462
random_n800_rho0.6_strongly-corr_seed8.pcf,rac,0,6560294,462
random_n800_rho0.6_strongly-corr_seed9.pcf,hfma,0,2285181,450
random_n800_rho0.6_strongly-corr_seed9.pcf,rac,0,6462774,450
random_n800_rho0.6_uncorr-neg_seed0.pcf,hfma,0,2216994,561
random_n800_rho0.6_uncorr-neg_seed0.pcf,rac,0,6154017,561
random_n800_rho0.6_uncorr-neg_seed1.pcf,hfma,0,2653957,578
random_n800_rho0.6_uncorr-neg_seed1.pcf,rac,0,7605335,578
random_n800_rho0.6_uncorr-neg_seed2.pcf,hfma,0,2654633,567
random_n800_rho0.6_uncorr-neg_seed2.pcf,rac,0,8192445,567
random_n800_rho0.6_uncorr-neg_seed3.pcf,hfma,0,3001590,546
random_n800_rho0.6_uncorr-neg_seed3.pcf,rac,0,8073010,546
random_n800_rho0.6_uncorr-neg_seed4.pcf,hfma,0,2822401,564
random_n800_rho0.6_uncorr-neg_seed4.pcf,rac,0,7781166,564
random_n800_rho0.6_uncorr-neg_seed5.pcf,hfma,0,2713659,526
random_n800_rho0.6_uncorr-neg_seed5.pcf,rac,0,8286025,526
random_n800_rho0.6_uncorr-neg_seed6.pcf,hfma,0,3169694,565
random_n800_rho0.6_uncorr-neg_seed6.pcf,rac,0,7574973,565
random_n800_rho0.6_uncorr-neg_seed7.pcf,hfma,0,3015614,546
random_n800_rho0.6_uncorr-neg_seed7.pcf,rac,0,7317413,546
random_n800_rho0.6_uncorr-neg_seed8.pcf,hfma,0,2624000,569
random_n800_rho0.6_uncorr-neg_seed8.pcf,rac,0,7712222,569
random_n800_rho0.6_uncorr-neg_seed9.pcf,hfma,0,2854504,566
random_n800_rho0.6_uncorr-neg_seed9.pcf,rac,0,6590741,566
random_n800_rho0.6_uncorr_seed0.pcf,hfma,0,1951427,549
random_n800_rho0.6_uncorr_seed0.pcf,rac,0,7136289,549
random_n800_rho0.6_uncorr_seed1.pcf,hfma,0,1565249,540
random_n800_rho0.6_uncorr_seed1.pcf,rac,0,5900692,540
random_n800_rho0.6_uncorr_seed2.pcf,hfma,0,2501021,546
random_n800_rho0.6_uncorr_seed2.pcf,rac,0,8573481,546
random_n800_rho0.6_uncorr_seed3.pcf,hfma,0,2446065,571
random_n800_rho0.6_uncorr_seed3.pcf,rac,0,7428785,571
random_n800_rho0.6_uncorr_seed4.pcf,hfma,0,2610303,547
random_n800_rho0.6_uncorr_seed4.pcf,rac,0,7238240,547
random_n800_rho0.6_uncorr_seed5.pcf,hfma,0,1983231,551
random_n800_rho0.6_uncorr_seed5.pcf,rac,0,5544856,551
random_n800_rho0.6_uncorr_seed6.pcf,hfma,0,1980599,555
random_n800_rho0.6_uncorr_seed6.pcf,rac,0,2942179,555
random_n800_rho0.6_uncorr_seed7.pcf,hfma,0,2717630,557
random_n800_rho0.6_uncorr_seed7.pcf,rac,0,6916527,557
random_n800_rho0.6_uncorr_seed8.pcf,hfma,0,1610831,561
random_n800_rho0.6_uncorr_seed8.pcf,rac,0,3709164,561
random_n800_rho0.6_uncorr_seed9.pcf,hfma,0,2129809,570
random_n800_rho0.6_uncorr_seed9.pcf,rac,0,8116434,570
random_n800_rho0.6_weakly-corr-neg_seed0.pcf,hfma,0,1804423,577
random_n800_rho0.6_weakly-corr-neg_seed0.pcf,rac,0,4977593,577
random_n800_rho0.6_weakly-corr-neg_seed1.pcf,hfma,0,3527034,560
random_n800_rho0.6_weakly-corr-neg_seed1.pcf,rac,0,6170568,560
random_n800_rho0.6_weakly-corr-neg_seed2.pcf,hfma,0,2447543,564
random_n800_rho0.6_weakly-corr-neg_seed2.pcf,rac,0,2476572,564
random_n800_rho0.6_weakly-corr-neg_seed3.pcf,hfma,0,2224430,558
random_n800_rho0.6_weakly-corr-neg_seed3.pcf,rac,0,7709133,558
random_n800_rho0.6_weakly-corr-neg_seed4.pcf,hfma,0,2857154,549
random_n800_rho0.6_weakly-corr-neg_seed4.pcf,rac,0,5933557,549
random_n800_rho0.6_weakly-corr-neg_seed5.pcf,hfma,0,2119632,564
random_n800_rho0.6_weakly-corr-neg_seed5.pcf,rac,0,7349375,564
random_n800_rho0.6_weakly-corr-neg_seed6.pcf,hfma,0,3018190,535
random_n800_rho0.6_weakly-corr-neg_seed6.pcf,rac,0,7712132,535
random_n800_rho0.6_weakly-corr-neg_seed7.pcf,hfma,0,3206569,552
random_n800_rho0.6_weakly-corr-neg_seed7.pcf,rac,0,7528889,552
random_n800_rho0.6_weakly-corr-neg_seed8.pcf,hfma,0,2585497,559
random_n800_rho0.6_weakly-corr-neg_seed8.pcf,rac,0,2777192,559
random_n800_rho0.6_weakly-corr-neg_seed9.pcf,hfma,0,2756942,577
random_n800_rho0.6_weakly-corr-neg_seed9.pcf,rac,0,6819205,577
random_n800_rho0.6_weakly-corr_seed0.pcf,hfma,0,2872952,564
random_n800_rho0.6_weakly-corr_seed0.pcf,rac,0,6347100,564
random_n800_rho0.6_weakly-corr_seed1.pcf,hfma,0,2511288,567
random_n800_rho0.6_weakly-corr_seed1.pcf,rac,0,2818610,567
random_n800_rho0.6_weakly-corr_seed2.pcf,hfma,0,2580668,546
random_n800_rho0.6_weakly-corr_seed2.pcf,rac,0,8433539,546
random_n800_rho0.6_weakly-corr_seed3.pcf,hfma,0,2526628,560
random_n800_rho0.6_weakly-corr_seed3.pcf,rac,0,2268727,560
random_n800_rho0.6_weakly-corr_seed4.pcf,hfma,0,2877737,539
random_n800_rho0.6_weakly-corr_seed4.pcf,rac,0,6289136,539
random_n800_rho0.6_weakly-corr_seed5.pcf,hfma,0,1911482,557
random_n800_rho0.6_weakly-corr_seed5.pcf,rac,0,4632351,557
random_n800_rho0.6_weakly-corr_seed6.pcf,hfma,0,896591,558
random_n800_rho0.6_weakly-corr_seed6.pcf,rac,0,2276026,558
random_n800_rho0.6_weakly-corr_seed7.pcf,hfma,0,765579,544
random_n800_rho0.6_weakly-corr_seed7.pcf,rac,0,2554664,544
random_n800_rho0.6_weakly-corr_seed8.pcf,hfma,0,1257287,552
random_n800_rho0.6_weakly-corr_seed8.pcf,rac,0,3993233,552
random_n800_rho0.6_weakly-corr_seed9.pcf,hfma,0,1723961,539
random_n800_rho0.6_weakly-corr_seed9.pcf,rac,0,2978087,539
random_n800_rho0.9_strongly-corr-neg_seed0.pcf,hfma,0,2349622,401
random_n800_rho0.9_strongly-corr-neg_seed0.pcf,rac,0,3235558,401
random_n800_rho0.9_strongly-corr-neg_seed1.pcf,hfma,0,2952403,375
random_n800_rho0.9_strongly-corr-neg_seed1.pcf,rac,0,4413957,375
random_n800_rho0.9_strongly-corr-neg_seed2.pcf,hfma,0,4059053,403
random_n800_rho0.9_strongly-corr-neg_seed2.pcf,rac,0,6579032,403
random_n800_rho0.9_strongly-corr-neg_seed3.pcf,hfma,0,4164528,415
random_n800_rho0.9_strongly-corr-neg_seed3.pcf,rac,0,7507354,415
random_n800_rho0.9_strongly-corr-neg_seed4.pcf,hfma,0,5006098,409
random_n800_rho0.9_strongly-corr-neg_seed4.pcf,rac,0,9511579,409
random_n800_rho0.9_strongly-corr-neg_seed5.pcf,hfma,0,2331872,415
random_n800_rho0.9_strongly-corr-neg_seed5.pcf,rac,0,3630950,415
random_n800_rho0.9_strongly-corr-neg_seed6.pcf,hfma,0,2418494,406
random_n800_rho0.9_strongly-corr-neg_seed6.pcf,rac,0,6461247,406
random_n800_rho0.9_strongly-corr-neg_seed7.pcf,hfma,0,4702979,387
random_n800_rho0.9_strongly-corr-neg_seed7.pcf,rac,0,4272889,387
random_n800_rho0.9_strongly-corr-neg_seed8.pcf,hfma,0,2935509,403
random_n800_rho0.9_strongly-corr-neg_seed8.pcf,rac,0,6231120,403
random_n800_rho0.9_strongly-corr-neg_seed9.pcf,hfma,0,4933230,414
random_n800_rho0.9_strongly-corr-neg_seed9.pcf,rac,0,5665252,414
random_n800_rho0.9_strongly-corr_seed0.pcf,hfma,0,1669655,393
random_n800_rho0.9_strongly-corr_seed0.pcf,rac,0,3772810,393
random_n800_rho0.9_strongly-corr_seed1.pcf,hfma,0,3370403,376
random_n800_rho0.9_strongly-corr_seed1.pcf,rac,0,5952691,376
random_n800_rho0.9_strongly-corr_seed2.pcf,hfma,0,7462189,370
random_n800_rho0.9_strongly-corr_seed2.pcf,rac,0,7884958,370
random_n800_rho0.9_strongly-corr_seed3.pcf,hfma,0,3428536,397
random_n800_rho0.9_strongly-corr_seed3.pcf,rac,0,4359675,397
random_n800_rho0.9_strongly-corr_seed4.pcf,hfma,0,2060410,382
random_n800_rho0.9_strongly-corr_seed4.pcf,rac,0,5603338,382
random_n800_rho0.9_strongly-corr_seed5.pcf,hfma,0,4726928,370
random_n800_rho0.9_strongly-corr_seed5.pcf,rac,0,7827548,370
random_n800_rho0.9_strongly-corr_seed6.pcf,hfma,0,5324532,397
random_n800_rho0.9_strongly-corr_seed6.pcf,rac,0,8176706,397
random_n800_rho0.9_strongly-corr_seed7.pcf,hfma,0,3186437,377
random_n800_rho0.9_strongly-corr_seed7.pcf,rac,0,4956792,377
random_n800_rho0.9_strongly-corr_seed8.pcf,hfma,0,1698175,390
random_n800_rho0.9_strongly-corr_seed8.pcf,rac,0,4616598,390
random_n800_rho0.9_strongly-corr_seed9.pcf,hfma,0,7301585,363
random_n800_rho0.9_strongly-corr_seed9.pcf,rac,0,12211221,363
random_n800_rho0.9_uncorr-neg_seed0.pcf,hfma,0,6505705,422
random_n800_rho0.9_uncorr-neg_seed0.pcf,rac,0,5814344,422
random_n800_rho0.9_uncorr-neg_seed1.pcf,hfma,0,3902363,431
random_n800_rho0.9_uncorr-neg_seed1.pcf,rac,0,5492022,431
random_n800_rho0.9_uncorr-neg_seed2.pcf,hfma,0,5485347,457
random_n800_rho0.9_uncorr-neg_seed2.pcf,rac,0,8123166,457
random_n800_rho0.9_uncorr-neg_seed3.pcf,hfma,0,4282596,428
random_n800_rho0.9_uncorr-neg_seed3.pcf,rac,0,5067569,428
random_n800_rho0.9_uncorr-neg_seed4.pcf,hfma,0,2890801,451
random_n800_rho0.9_uncorr-neg_seed4.pcf,rac,0,8377615,451
random_n800_rho0.9_uncorr-neg_seed5.pcf,hfma,0,5885889,454
random_n800_rho0.9_uncorr-neg_seed5.pcf,rac,0,8937499,454
random_n800_rho0.9_uncorr-neg_seed6.pcf,hfma,0,2166766,429
random_n800_rho0.9_uncorr-neg_seed6.pcf,rac,0,3573574,429
random_n800_rho0.9_uncorr-neg_seed7.pcf,hfma,0,2144384,458
random_n800_rho0.9_uncorr-neg_seed7.pcf,rac,0,4529438,458
random_n800_rho0.9_uncorr-neg_seed8.pcf,hfma,0,1805279,451
random_n800_rho0.9_uncorr-neg_seed8.pcf,rac,0,5935225,451
random_n800_rho0.9_uncorr-neg_seed9.pcf,hfma,0,4953742,441
random_n800_rho0.9_uncorr-neg_seed9.pcf,rac,0,4898033,441
random_n800_rho0.9_uncorr_seed0.pcf,hfma,0,3665029,434
random_n800_rho0.9_uncorr_seed0.pcf,rac,0,7466198,434
random_n800_rho0.9_uncorr_seed1.pcf,hfma,0,3842768,425
random_n800_rho0.9_uncorr_seed1.pcf,rac,0,4140999,425
random_n800_rho0.9_uncorr_seed2.pcf,hfma,0,3883155,418
random_n800_rho0.9_uncorr_seed2.pcf,rac,0,6584245,418
random_n800_rho0.9_uncorr_seed3.pcf,hfma,0,3284093,445
random_n800_rho0.9_uncorr_seed3.pcf,rac,0,9986204,445
random_n800_rho0.9_uncorr_seed4.pcf,hfma,0,3081129,447
random_n800_rho0.9_uncorr_seed4.pcf,rac,0,6678632,447
random_n800_rho0.9_uncorr_seed5.pcf,hfma,0,4751243,456
random_n800_rho0.9_uncorr_seed5.pcf,rac,0,7155954,456
random_n800_rho0.9_uncorr_seed6.pcf,hfma,0,3361927,430
random_n800_rho0.9_uncorr_seed6.pcf,rac,0,5933920,430
random_n800_rho0.9_uncorr_seed7.pcf,hfma,0,1935424,450
random_n800_rho0.9_uncorr_seed7.pcf,rac,0,4883399,450
random_n800_rho0.9_uncorr_seed8.pcf,hfma,0,3589003,427
random_n800_rho0.9_uncorr_seed8.pcf,rac,0,6037908,427
random_n800_rho0.9_uncorr_seed9.pcf,hfma,0,2188004,429
random_n800_rho0.9_uncorr_seed9.pcf,rac,0,6930696,429
random_n800_rho0.9_weakly-corr-neg_seed0.pcf,hfma,0,3844039,447
random_n800_rho0.9_weakly-corr-neg_seed0.pcf,rac,0,6131764,447
random_n800_rho0.9_weakly-corr-neg_seed1.pcf,hfma,0,7715672,430
random_n800_rho0.9_weakly-corr-neg_seed1.pcf,rac,0,11389476,430
random_n800_rho0.9_weakly-corr-neg_seed2.pcf,hfma,0,6554811,408
random_n800_rho0.9_weakly-corr-neg_seed2.pcf,rac,0,8655701,408
random_n800_rho0.9_weakly-corr-neg_seed3.pcf,hfma,0,3697283,413
random_n800_rho0.9_weakly-corr-neg_seed3.pcf,rac,0,4732768,413
random_n800_rho0.9_weakly-corr-neg_seed4.pcf,hfma,0,1850553,438
random_n800_rho0.9_weakly-corr-neg_seed4.pcf,rac,0,4138613,438
random_n800_rho0.9_weakly-corr-neg_seed5.pcf,hfma,0,2368555,461
random_n800_rho0.9_weakly-corr-neg_seed5.pcf,rac,0,8364436,461
random_n800_rho0.9_weakly-corr-neg_seed6.pcf,hfma,0,2895663,420
random_n800_rho0.9_weakly-corr-neg_seed6.pcf,rac,0,4874630,420
random_n800_rho0.9_weakly-corr-neg_seed7.pcf,hfma,0,3900029,450
random_n800_rho0.9_weakly-corr-neg_seed7.pcf,rac,0,5365845,450
random_n800_rho0.9_weakly-corr-neg_seed8.pcf,hfma,0,1408973,433
random_n800_rho0.9_weakly-corr-neg_seed8.pcf,rac,0,3490478,433
random_n800_rho0.9_weakly-corr-neg_seed9.pcf,hfma,0,2363464,420
random_n800_rho0.9_weakly-corr-neg_seed9.pcf,rac,0,4651620,420
random_n800_rho0.9_weakly-corr_seed0.pcf,hfma,0,2207065,426
random_n800_rho0.9_weakly-corr_seed0.pcf,rac,0,4024808,426
random_n800_rho0.9_weakly-corr_seed1.pcf,hfma,0,2265281,421
random_n800_rho0.9_weakly-corr_seed1.pcf,rac,0,4466710,421
random_n800_rho0.9_weakly-corr_seed2.pcf,hfma,0,7093650,445
random_n800_rho0.9_weakly-corr_seed2.pcf,rac,0,6692816,445
random_n800_rho0.9_weakly-corr_seed3.pcf,hfma,0,3610923,439
random_n800_rho0.9_weakly-corr_seed3.pcf,rac,0,5544173,439
random_n800_rho0.9_weakly-corr_seed4.pcf,hfma,0,1801399,425
random_n800_rho0.9_weakly-corr_seed4.pcf,rac,0,3792287,425
random_n800_rho0.9_weakly-corr_seed5.pcf,hfma,0,2633422,449
random_n800_rho0.9_weakly-corr_seed5.pcf,rac,0,8830627,449
random_n800_rho0.9_weakly-corr_seed6.pcf,hfma,0,2269446,435
random_n800_rho0.9_weakly-corr_seed6.pcf,rac,0,4650631,435
random_n800_rho0.9_weakly-corr_seed7.pcf,hfma,0,2062864,454
random_n800_rho0.9_weakly-corr_seed7.pcf,rac,0,6121038,454
random_n800_rho0.9_weakly-corr_seed8.pcf,hfma,0,1813955,425
random_n800_rho0.9_weakly-corr_seed8.pcf,rac,0,5201610,425
random_n800_rho0.9_weakly-corr_seed9.pcf,hfma,0,5105103,438
random_n800_rho0.9_weakly-corr_seed9.pcf,rac,0,10461047,438
random_n800_rho1.0_strongly-corr-neg_seed0.pcf,hfma,0,2957405,381
random_n800_rho1.0_strongly-corr-neg_seed0.pcf,rac,0,3913152,381
random_n800_rho1.0_strongly-corr-neg_seed1.pcf,hfma,0,2689266,360
random_n800_rho1.0_strongly-corr-neg_seed1.pcf,rac,0,5736816,360
random_n800_rho1.0_strongly-corr-neg_seed2.pcf,hfma,0,5584062,375
random_n800_rho1.0_strongly-corr-neg_seed2.pcf,rac,0,3728185,375
random_n800_rho1.0_strongly-corr-neg_seed3.pcf,hfma,0,3368435,378
random_n800_rho1.0_strongly-corr-neg_seed3.pcf,rac,0,5282028,378
random_n800_rho1.0_strongly-corr-neg_seed4.pcf,hfma,0,5573938,382
random_n800_rho1.0_strongly-corr-neg_seed4.pcf,rac,0,6099410,382
random_n800_rho1.0_strongly-corr-neg_seed5.pcf,hfma,0,2053075,368
random_n800_rho1.0_strongly-corr-neg_seed5.pcf,rac,0,3914505,368
random_n800_rho1.0_strongly-corr-neg_seed6.pcf,hfma,0,3559928,370
random_n800_rho1.0_strongly-corr-neg_seed6.pcf,rac,0,6029723,370
random_n800_rho1.0_strongly-corr-neg_seed7.pcf,hfma,0,2694091,382
random_n800_rho1.0_strongly-corr-neg_seed7.pcf,rac,0,3673689,382
random_n800_rho1.0_strongly-corr-neg_seed8.pcf,hfma,0,5982274,371
random_n800_rho1.0_strongly-corr-neg_seed8.pcf,rac,0,7865681,371
random_n800_rho1.0_strongly-corr-neg_seed9.pcf,hfma,0,2349531,369
random_n800_rho1.0_strongly-corr-neg_seed9.pcf,rac,0,4800292,369
random_n800_rho1.0_strongly-corr_seed0.pcf,hfma,0,4203721,350
random_n800_rho1.0_strongly-corr_seed0.pcf,rac,0,4922981,350
random_n800_rho1.0_strongly-corr_seed1.pcf,hfma,0,1803566,365
random_n800_rho1.0_strongly-corr_seed1.pcf,rac,0,4440156,365
random_n800_rho1.0_strongly-corr_seed2.pcf,hfma,0,3335402,360
random_n800_rho1.0_strongly-corr_seed2.pcf,rac,0,5558761,360
random_n800_rho1.0_strongly-corr_seed3.pcf,hfma,0,1799618,356
random_n800_rho1.0_strongly-corr_seed3.pcf,rac,0,3936461,356
random_n800_rho1.0_strongly-corr_seed4.pcf,hfma,0,3311036,357
random_n800_rho1.0_strongly-corr_seed4.pcf,rac,0,8109501,357
random_n800_rho1.0_strongly-corr_seed5.pcf,hfma,0,4436336,368
random_n800_rho1.0_strongly-corr_seed5.pcf,rac,0,5906210,368
random_n800_rho1.0_strongly-corr_seed6.pcf,hfma,0,4640307,343
random_n800_rho1.0_strongly-corr_seed6.pcf,rac,0,4305763,343
random_n800_rho1.0_strongly-corr_seed7.pcf,hfma,0,2195639,354
random_n800_rho1.0_strongly-corr_seed7.pcf,rac,0,6544636,354
random_n800_rho1.0_strongly-corr_seed8.pcf,hfma,0,8023171,357
random_n800_rho1.0_strongly-corr_seed8.pcf,rac,0,7137248,357
random_n800_rho1.0_strongly-corr_seed9.pcf,hfma,0,4315756,336
random_n800_rho1.0_strongly-corr_seed9.pcf,rac,0,4036890,336
random_n800_rho1.0_uncorr-neg_seed0.pcf,hfma,0,2256263,399
random_n800_rho1.0_uncorr-neg_seed0.pcf,rac,0,4356659,399
random_n800_rho1.0_uncorr-neg_seed1.pcf,hfma,0,3280182,409
random_n800_rho1.0_uncorr-neg_seed1.pcf,rac,0,7256246,409
random_n800_rho1.0_uncorr-neg_seed2.pcf,hfma,0,2559964,389
random_n800_rho1.0_uncorr-neg_seed2.pcf,rac,0,5409963,389
random_n800_rho1.0_uncorr-neg_seed3.pcf,hfma,0,4558265,396
random_n800_rho1.0_uncorr-neg_seed3.pcf,rac,0,7191649,396
random_n800_rho1.0_uncorr-neg_seed4.pcf,hfma,0,8797390,425
random_n800_rho1.0_uncorr-neg_seed4.pcf,rac,0,11556877,425
random_n800_rho1.0_uncorr-neg_seed5.pcf,hfma,0,5403665,415
random_n800_rho1.0_uncorr-neg_seed5.pcf,rac,0,8028828,415
random_n800_rho1.0_uncorr-neg_seed6.pcf,hfma,0,6858485,420
random_n800_rho1.0_uncorr-neg_seed6.pcf,rac,0,5427396,420
random_n800_rho1.0_uncorr-neg_seed7.pcf,hfma,0,3256197,414
random_n800_rho1.0_uncorr-neg_seed7.pcf,rac,0,3928324,414
random_n800_rho1.0_uncorr-neg_seed8.pcf,hfma,0,2785370,406
random_n800_rho1.0_uncorr-neg_seed8.pcf,rac,0,5839264,406
random_n800_rho1.0_uncorr-neg_seed9.pcf,hfma,0,2121034,414
random_n800_rho1.0_uncorr-neg_seed9.pcf,rac,0,3928713,414
random_n800_rho1.0_uncorr_seed0.pcf,hfma,0,2803447,397
random_n800_rho1.0_uncorr_seed0.pcf,rac,0,4886870,397
random_n800_rho1.0_uncorr_seed1.pcf,hfma,0,4475929,378
random_n800_rho1.0_uncorr_seed1.pcf,rac,0,6937790,378
random_n800_rho1.0_uncorr_seed2.pcf,hfma,0,5577658,403
random_n800_rho1.0_uncorr_seed2.pcf,rac,0,5228334,403
random_n800_rho1.0_uncorr_seed3.pcf,hfma,0,2426087,391
random_n800_rho1.0_uncorr_seed3.pcf,rac,0,4931615,391
random_n800_rho1.0_uncorr_seed4.pcf,hfma,0,3010346,390
random_n800_rho1.0_uncorr_seed4.pcf,rac,0,5380167,390
random_n800_rho1.0_uncorr_seed5.pcf,hfma,0,3483520,396
random_n800_rho1.0_uncorr_seed5.pcf,rac,0,3802542,396
random_n800_rho1.0_uncorr_seed6.pcf,hfma,0,7297517,418
random_n800_rho1.0_uncorr_seed6.pcf,rac,0,10343048,418
random_n800_rho1.0_uncorr_seed7.pcf,hfma,0,7122235,410
random_n800_rho1.0_uncorr_seed7.pcf,rac,0,14051162,410
random_n800_rho1.0_uncorr_seed8.pcf,hfma,0,4950052,397
random_n800_rho1.0_uncorr_seed8.pcf,rac,0,4207766,397
random_n800_rho1.0_uncorr_seed9.pcf,hfma,0,3125727,384
random_n800_rho1.0_uncorr_seed9.pcf,rac,0,3881874,384
random_n800_rho1.0_weakly-corr-neg_seed0.pcf,hfma,0,3303571,391
random_n800_rho1.0_weakly-corr-neg_seed0.pcf,rac,0,6734118,391
random_n800_rho1.0_weakly-corr-neg_seed1.pcf,hfma,0,3310952,398
random_n800_rho1.0_weakly-corr-neg_seed1.pcf,rac,0,3927956,398
random_n800_rho1.0_weakly-corr-neg_seed2.pcf,hfma,0,2787363,430
random_n800_rho1.0_weakly-corr-neg_seed2.pcf,rac,0,5625929,430
random_n800_rho1.0_weakly-corr-neg_seed3.pcf,hfma,0,4516928,375
random_n800_rho1.0_weakly-corr-neg_seed3.pcf,rac,0,4128330,375
random_n800_rho1.0_weakly-corr-neg_seed4.pcf,hfma,0,8222963,416
random_n800_rho1.0_weakly-corr-neg_seed4.pcf,rac,0,8823815,416
random_n800_rho1.0_weakly-corr-neg_seed5.pcf,hfma,0,5131018,406
random_n800_rho1.0_weakly-corr-neg_seed5.pcf,rac,0,10146417,406
random_n800_rho1.0_weakly-corr-neg_seed6.pcf,hfma,0,6866488,398
random_n800_rho1.0_weakly-corr-neg_seed6.pcf,rac,0,4817177,398
random_n800_rho1.0_weakly-corr-neg_seed7.pcf,hfma,0,3690909,391
random_n800_rho1.0_weakly-corr-neg_seed7.pcf,rac,0,6432995,391
random_n800_rho1.0_weakly-corr-neg_seed8.pcf,hfma,0,2245849,391
random_n800_rho1.0_weakly-corr-neg_seed8.pcf,rac,0,3845331,391
random_n800_rho1.0_weakly-corr-neg_seed9.pcf,hfma,0,2182542,410
random_n800_rho1.0_weakly-corr-neg_seed9.pcf,rac,0,4103577,410
random_n800_rho1.0_weakly-corr_seed0.pcf,hfma,0,5115820,416
random_n800_rho1.0_weakly-corr_seed0.pcf,rac,0,5955413,416
random_n800_rho1.0_weakly-corr_seed1.pcf,hfma,0,4612641,392
random_n800_rho1.0_weakly-corr_seed1.pcf,rac,0,5805600,392
random_n800_rho1.0_weakly-corr_seed2.pcf,hfma,0,4037318,396
random_n800_rho1.0_weakly-corr_seed2.pcf,rac,0,5405721,396
random_n800_rho1.0_weakly-corr_seed3.pcf,hfma,0,3356334,384
random_n800_rho1.0_weakly-corr_seed3.pcf,rac,0,8023487,384
random_n800_rho1.0_weakly-corr_seed4.pcf,hfma,0,3529701,397
random_n800_rho1.0_weakly-corr_seed4.pcf,rac,0,6527133,397
random_n800_rho1.0_weakly-corr_seed5.pcf,hfma,0,5703385,408
random_n800_rho1.0_weakly-corr_seed5.pcf,rac,0,11122742,408
random_n800_rho1.0_weakly-corr_seed6.pcf,hfma,0,6911176,387
random_n800_rho1.0_weakly-corr_seed6.pcf,rac,0,11133137,387
random_n800_rho1.0_weakly-corr_seed7.pcf,hfma,0,8111930,415
random_n800_rho1.0_weakly-corr_seed7.pcf,rac,0,10194975,415
random_n800_rho1.0_weakly-corr_seed8.pcf,hfma,0,8674179,408
random_n800_rho1.0_weakly-corr_seed8.pcf,rac,0,5864945,408
random_n800_rho1.0_weakly-corr_seed9.pcf,hfma,0,2512164,412
random_n800_rho1.0_weakly-corr_seed9.pcf,rac,0,4615198,412
random_n900_rho0.3_strongly-corr-neg_seed0.pcf,hfma,0,765204,641
random_n900_rho0.3_strongly-corr-neg_seed0.pcf,rac,0,1837102,641
random_n900_rho0.3_strongly-corr-neg_seed1.pcf,hfma,0,910994,651
random_n900_rho0.3_strongly-corr-neg_seed1.pcf,rac,0,2990264,651
random_n900_rho0.3_strongly-corr-neg_seed2.pcf,hfma,0,869093,645
random_n900_rho0.3_strongly-corr-neg_seed2.pcf,rac,0,2172295,645
random_n900_rho0.3_strongly-corr-neg_seed3.pcf,hfma,0,813247,639
random_n900_rho0.3_strongly-corr-neg_seed3.pcf,rac,0,2462889,639
random_n900_rho0.3_strongly-corr-neg_seed4.pcf,hfma,0,1337915,619
random_n900_rho0.3_strongly-corr-neg_seed4.pcf,rac,0,3893134,619
random_n900_rho0.3_strongly-corr-neg_seed5.pcf,hfma,0,1367503,630
random_n900_rho0.3_strongly-corr-neg_seed5.pcf,rac,0,4095090,630
random_n900_rho0.3_strongly-corr-neg_seed6.pcf,hfma,0,1329178,634
random_n900_rho0.3_strongly-corr-neg_seed6.pcf,rac,0,3595902,634
random_n900_rho0.3_strongly-corr-neg_seed7.pcf,hfma,0,1450908,639
random_n900_rho0.3_strongly-corr-neg_seed7.pcf,rac,0,2573208,639
random_n900_rho0.3_strongly-corr-neg_seed8.pcf,hfma,0,1347782,623
random_n900_rho0.3_strongly-corr-neg_seed8.pcf,rac,0,3931132,623
random_n900_rho0.3_strongly-corr-neg_seed9.pcf,hfma,0,1787684,625
random_n900_rho0.3_strongly-corr-neg_seed9.pcf,rac,0,4334251,625
random_n900_rho0.3_strongly-corr_seed0.pcf,hfma,0,1369473,552
random_n900_rho0.3_strongly-corr_seed0.pcf,rac,0,3979602,552
random_n900_rho0.3_strongly-corr_seed1.pcf,hfma,0,1682545,567
random_n900_rho0.3_strongly-corr_seed1.pcf,rac,0,4032256,567
random_n900_rho0.3_strongly-corr_seed2.pcf,hfma,0,1397328,564
random_n900_rho0.3_strongly-corr_seed2.pcf,rac,0,4172606,564
random_n900_rho0.3_strongly-corr_seed3.pcf,hfma,0,1618476,567
random_n900_rho0.3_strongly-corr_seed3.pcf,rac,0,2675148,567
random_n900_rho0.3_strongly-corr_seed4.pcf,hfma,0,1337441,572
random_n900_rho0.3_strongly-corr_seed4.pcf,rac,0,4198609,572
random_n900_rho0.3_strongly-corr_seed5.pcf,hfma,0,1626222,571
random_n900_rho0.3_strongly-corr_seed5.pcf,rac,0,4729465,571
random_n900_rho0.3_strongly-corr_seed6.pcf,hfma,0,1379236,562
random_n900_rho0.3_strongly-corr_seed6.pcf,rac,0,4323732,562
random_n900_rho0.3_strongly-corr_seed7.pcf,hfma,0,1489484,577
random_n900_rho0.3_strongly-corr_seed7.pcf,rac,0,3970940,577
random_n900_rho0.3_strongly-corr_seed8.pcf,hfma,0,1423325,539
random_n900_rho0.3_strongly-corr_seed8.pcf,rac,0,3885263,539
random_n900_rho0.3_strongly-corr_seed9.pcf,hfma,0,1419993,557
random_n900_rho0.3_strongly-corr_seed9.pcf,rac,0,4175943,557
random_n900_rho0.3_uncorr-neg_seed0.pcf,hfma,0,1468249,776
random_n900_rho0.3_uncorr-neg_seed0.pcf,rac,0,4595558,776
random_n900_rho0.3_uncorr-neg_seed1.pcf,hfma,0,1494570,757
random_n900_rho0.3_uncorr-neg_seed1.pcf,rac,0,3867409,757
random_n900_rho0.3_uncorr-neg_seed2.pcf,hfma,0,1507192,760
random_n900_rho0.3_uncorr-neg_seed2.pcf,rac,0,3881447,760
random_n900_rho0.3_uncorr-neg_seed3.pcf,hfma,0,1664842,767
random_n900_rho0.3_uncorr-neg_seed3.pcf,rac,0,3721116,767
random_n900_rho0.3_uncorr-neg_seed4.pcf,hfma,0,1573105,742
random_n900_rho0.3_uncorr-neg_seed4.pcf,rac,0,3882020,742
random_n900_rho0.3_uncorr-neg_seed5.pcf,hfma,0,996506,752
random_n900_rho0.3_uncorr-neg_seed5.pcf,rac,0,2157123,752
random_n900_rho0.3_uncorr-neg_seed6.pcf,hfma,0,688813,772
random_n900_rho0.3_uncorr-neg_seed6.pcf,rac,0,1873662,772
random_n900_rho0.3_uncorr-neg_seed7.pcf,hfma,0,492970,758
random_n900_rho0.3_uncorr-neg_seed7.pcf,rac,0,1171464,758
random_n900_rho0.3_uncorr-neg_seed8.pcf,hfma,0,542734,764
random_n900_rho0.3_uncorr-neg_seed8.pcf,rac,0,1818456,764
random_n900_rho0.3_uncorr-neg_seed9.pcf,hfma,0,511116,757
random_n900_rho0.3_uncorr-neg_seed9.pcf,rac,0,1255846,757
random_n900_rho0.3_uncorr_seed0.pcf,hfma,0,575026,754
random_n900_rho0.3_uncorr_seed0.pcf,rac,0,1425385,754
random_n900_rho0.3_uncorr_seed1.pcf,hfma,0,687290,754
random_n900_rho0.3_uncorr_seed1.pcf,rac,0,2224837,754
random_n900_rho0.3_uncorr_seed2.pcf,hfma,0,970433,759
random_n900_rho0.3_uncorr_seed2.pcf,rac,0,3455185,759
random_n900_rho0.3_uncorr_seed3.pcf,hfma,0,1334653,749
random_n900_rho0.3_uncorr_seed3.pcf,rac,0,3146154,749
random_n900_rho0.3_uncorr_seed4.pcf,hfma,0,958111,755
random_n900_rho0.3_uncorr_seed4.pcf,rac,0,3548151,755
random_n900_rho0.3_uncorr_seed5.pcf,hfma,0,1876397,760
random_n900_rho0.3_uncorr_seed5.pcf,rac,0,4435303,760
random_n900_rho0.3_uncorr_seed6.pcf,hfma,0,1540940,764
random_n900_rho0.3_uncorr_seed6.pcf,rac,0,4006792,764
random_n900_rho0.3_uncorr_seed7.pcf,hfma,0,1495064,753
random_n900_rho0.3_uncorr_seed7.pcf,rac,0,3873829,753
random_n900_rho0.3_uncorr_seed8.pcf,hfma,0,1690787,754
random_n900_rho0.3_uncorr_seed8.pcf,rac,0,3807278,754
random_n900_rho0.3_uncorr_seed9.pcf,hfma,0,1019018,751
random_n900_rho0.3_uncorr_seed9.pcf,rac,0,3960677,751
random_n900_rho0.3_weakly-corr-neg_seed0.pcf,hfma,0,1171748,754
random_n900_rho0.3_weakly-corr-neg_seed0.pcf,rac,0,3926190,754
random_n900_rho0.3_weakly-corr-neg_seed1.pcf,hfma,0,1615437,743
random_n900_rho0.3_weakly-corr-neg_seed1.pcf,rac,0,3892469,743
random_n900_rho0.3_weakly-corr-neg_seed2.pcf,hfma,0,810774,758
random_n900_rho0.3_weakly-corr-neg_seed2.pcf,rac,0,2392028,758
random_n900_rho0.3_weakly-corr-neg_seed3.pcf,hfma,0,1595475,750
random_n900_rho0.3_weakly-corr-neg_seed3.pcf,rac,0,4112989,750
random_n900_rho0.3_weakly-corr-neg_seed4.pcf,hfma,0,1682511,737
random_n900_rho0.3_weakly-corr-neg_seed4.pcf,rac,0,4143564,737
random_n900_rho0.3_weakly-corr-neg_seed5.pcf,hfma,0,1252159,754
random_n900_rho0.3_weakly-corr-neg_seed5.pcf,rac,0,3958591,754
random_n900_rho0.3_weakly-corr-neg_seed6.pcf,hfma,0,1663245,777
random_n900_rho0.3_weakly-corr-neg_seed6.pcf,rac,0,3835731,777
random_n900_rho0.3_weakly-corr-neg_seed7.pcf,hfma,0,1164295,761
random_n900_rho0.3_weakly-corr-neg_seed7.pcf,rac,0,2686415,761
random_n900_rho0.3_weakly-corr-neg_seed8.pcf,hfma,0,549150,746
random_n900_rho0.3_weakly-corr-neg_seed8.pcf,rac,0,1614125,746
random_n900_rho0.3_weakly-corr-neg_seed9.pcf,hfma,0,523329,764
random_n900_rho0.3_weakly-corr-neg_seed9.pcf,rac,0,1831313,764
random_n900_rho0.3_weakly-corr_seed0.pcf,hfma,0,1102631,752
random_n900_rho0.3_weakly-corr_seed0.pcf,rac,0,3089977,752
random_n900_rho0.3_weakly-corr_seed1.pcf,hfma,0,1575342,747
random_n900_rho0.3_weakly-corr_seed1.pcf,rac,0,4440683,747
random_n900_rho0.3_weakly-corr_seed2.pcf,hfma,0,1920363,747
random_n900_rho0.3_weakly-corr_seed2.pcf,rac,0,4206414,747
random_n900_rho0.3_weakly-corr_seed3.pcf,hfma,0,1506561,759
random_n900_rho0.3_weakly-corr_seed3.pcf,rac,0,4118440,759
random_n900_rho0.3_weakly-corr_seed4.pcf,hfma,0,1504302,756
random_n900_rho0.3_weakly-corr_seed4.pcf,rac,0,4137021,756
random_n900_rho0.3_weakly-corr_seed5.pcf,hfma,0,1611360,750
random_n900_rho0.3_weakly-corr_seed5.pcf,rac,0,4487823,750
random_n900_rho0.3_weakly-corr_seed6.pcf,hfma,0,1398262,773
random_n900_rho0.3_weakly-corr_seed6.pcf,rac,0,3638374,773
random_n900_rho0.3_weakly-corr_seed7.pcf,hfma,0,1473090,757
random_n900_rho0.3_weakly-corr_seed7.pcf,rac,0,3739312,757
random_n900_rho0.3_weakly-corr_seed8.pcf,hfma,0,1409438,757
random_n900_rho0.3_weakly-corr_seed8.pcf,rac,0,4212330,757
random_n900_rho0.3_weakly-corr_seed9.pcf,hfma,0,1599051,745
random_n900_rho0.3_weakly-corr_seed9.pcf,rac,0,3635127,745
random_n900_rho0.6_strongly-corr-neg_seed0.pcf,hfma,0,2172078,559
random_n900_rho0.6_strongly-corr-neg_seed0.pcf,rac,0,4334646,559
random_n900_rho0.6_strongly-corr-neg_seed1.pcf,hfma,0,1406801,566
random_n900_rho0.6_strongly-corr-neg_seed1.pcf,rac,0,5742222,566
random_n900_rho0.6_strongly-corr-neg_seed2.pcf,hfma,0,3670429,533
random_n900_rho0.6_strongly-corr-neg_seed2.pcf,rac,0,5267803,533
random_n900_rho0.6_strongly-corr-neg_seed3.pcf,hfma,0,2419335,561
random_n900_rho0.6_strongly-corr-neg_seed3.pcf,rac,0,7084128,561
random_n900_rho0.6_strongly-corr-neg_seed4.pcf,hfma,0,3417983,550
random_n900_rho0.6_strongly-corr-neg_seed4.pcf,rac,0,9035590,550
random_n900_rho0.6_strongly-corr-neg_seed5.pcf,hfma,0,2804357,568
random_n900_rho0.6_strongly-corr-neg_seed5.pcf,rac,0,8310222,568
random_n900_rho0.6_strongly-corr-neg_seed6.pcf,hfma,0,2684350,556
random_n900_rho0.6_strongly-corr-neg_seed6.pcf,rac,0,8409102,556
random_n900_rho0.6_strongly-corr-neg_seed7.pcf,hfma,0,2912547,554
random_n900_rho0.6_strongly-corr-neg_seed7.pcf,rac,0,5066698,554
random_n900_rho0.6_strongly-corr-neg_seed8.pcf,hfma,0,1168819,553
random_n900_rho0.6_strongly-corr-neg_seed8.pcf,rac,0,3133723,553
random_n900_rho0.6_strongly-corr-neg_seed9.pcf,hfma,0,683904,564
random_n900_rho0.6_strongly-corr-neg_seed9.pcf,rac,0,2066777,564
random_n900_rho0.6_strongly-corr_seed0.pcf,hfma,0,835503,522
random_n900_rho0.6_strongly-corr_seed0.pcf,rac,0,2443572,522
random_n900_rho0.6_strongly-corr_seed1.pcf,hfma,0,990189,511
random_n900_rho0.6_strongly-corr_seed1.pcf,rac,0,3373481,511
random_n900_rho0.6_strongly-corr_seed2.pcf,hfma,0,1927763,496
random_n900_rho0.6_strongly-corr_seed2.pcf,rac,0,4093114,496
random_n900_rho0.6_strongly-corr_seed3.pcf,hfma,0,1709384,513
random_n900_rho0.6_strongly-corr_seed3.pcf,rac,0,7011627,513
random_n900_rho0.6_strongly-corr_seed4.pcf,hfma,0,2404012,523
random_n900_rho0.6_strongly-corr_seed4.pcf,rac,0,10100038,523
random_n900_rho0.6_strongly-corr_seed5.pcf,hfma,0,2782833,510
random_n900_rho0.6_strongly-corr_seed5.pcf,rac,0,5142490,510
random_n900_rho0.6_strongly-corr_seed6.pcf,hfma,0,1702885,486
random_n900_rho0.6_strongly-corr_seed6.pcf,rac,0,5204077,486
random_n900_rho0.6_strongly-corr_seed7.pcf,hfma,0,3410577,515
random_n900_rho0.6_strongly-corr_seed7.pcf,rac,0,8445583,515
random_n900_rho0.6_strongly-corr_seed8.pcf,hfma,0,2559581,507
random_n900_rho0.6_strongly-corr_seed8.pcf,rac,0,8897883,507
random_n900_rho0.6_strongly-corr_seed9.pcf,hfma,0,3286808,505
random_n900_rho0.6_strongly-corr_seed9.pcf,rac,0,10925869,505
random_n900_rho0.6_uncorr-neg_seed0.pcf,hfma,0,3910522,632
random_n900_rho0.6_uncorr-neg_seed0.pcf,rac,0,10023224,632
random_n900_rho0.6_uncorr-neg_seed1.pcf,hfma,0,3563517,652
random_n900_rho0.6_uncorr-neg_seed1.pcf,rac,0,10643764,652
random_n900_rho0.6_uncorr-neg_seed2.pcf,hfma,0,2681307,608
random_n900_rho0.6_uncorr-neg_seed2.pcf,rac,0,3248771,608
random_n900_rho0.6_uncorr-neg_seed3.pcf,hfma,0,997879,645
random_n900_rho0.6_uncorr-neg_seed3.pcf,rac,0,4909115,645
random_n900_rho0.6_uncorr-neg_seed4.pcf,hfma,0,1065034,636
random_n900_rho0.6_uncorr-neg_seed4.pcf,rac,0,2791599,636
random_n900_rho0.6_uncorr-neg_seed5.pcf,hfma,0,1090904,622
random_n900_rho0.6_uncorr-neg_seed5.pcf,rac,0,2611832,622
random_n900_rho0.6_uncorr-neg_seed6.pcf,hfma,0,874627,629
random_n900_rho0.6_uncorr-neg_seed6.pcf,rac,0,2964532,629
random_n900_rho0.6_uncorr-neg_seed7.pcf,hfma,0,1123695,633
random_n900_rho0.6_uncorr-neg_seed7.pcf,rac,0,3804714,633
random_n900_rho0.6_uncorr-neg_seed8.pcf,hfma,0,1914406,648
random_n900_rho0.6_uncorr-neg_seed8.pcf,rac,0,5347333,648
random_n900_rho0.6_uncorr-neg_seed9.pcf,hfma,0,2198924,638
random_n900_rho0.6_uncorr-neg_seed9.pcf,rac,0,7157866,638
random_n900_rho0.6_uncorr_seed0.pcf,hfma,0,2449106,637
random_n900_rho0.6_uncorr_seed0.pcf,rac,0,7011943,637
random_n900_rho0.6_uncorr_seed1.pcf,hfma,0,1336150,614
random_n900_rho0.6_uncorr_seed1.pcf,rac,0,3412684,614
random_n900_rho0.6_uncorr_seed2.pcf,hfma,0,685916,627
random_n900_rho0.6_uncorr_seed2.pcf,rac,0,2102046,627
random_n900_rho0.6_uncorr_seed3.pcf,hfma,0,789876,610
random_n900_rho0.6_uncorr_seed3.pcf,rac,0,3104597,610
random_n900_rho0.6_uncorr_seed4.pcf,hfma,0,1300060,643
random_n900_rho0.6_uncorr_seed4.pcf,rac,0,4673276,643
random_n900_rho0.6_uncorr_seed5.pcf,hfma,0,1443889,661
random_n900_rho0.6_uncorr_seed5.pcf,rac,0,4901157,661
random_n900_rho0.6_uncorr_seed6.pcf,hfma,0,2634809,634
random_n900_rho0.6_uncorr_seed6.pcf,rac,0,7571084,634
random_n900_rho0.6_uncorr_seed7.pcf,hfma,0,2142331,627
random_n900_rho0.6_uncorr_seed7.pcf,rac,0,5299428,627
random_n900_rho0.6_uncorr_seed8.pcf,hfma,0,3943270,621
random_n900_rho0.6_uncorr_seed8.pcf,rac,0,8588808,621
random_n900_rho0.6_uncorr_seed9.pcf,hfma,0,1633722,629
random_n900_rho0.6_uncorr_seed9.pcf,rac,0,6852427,629
random_n900_rho0.6_weakly-corr-neg_seed0.pcf,hfma,0,2458036,628
random_n900_rho0.6_weakly-corr-neg_seed0.pcf,rac,0,3669767,628
random_n900_rho0.6_weakly-corr-neg_seed1.pcf,hfma,0,2674783,653
random_n900_rho0.6_weakly-corr-neg_seed1.pcf,rac,0,3473846,653
random_n900_rho0.6_weakly-corr-neg_seed2.pcf,hfma,0,3665520,623
random_n900_rho0.6_weakly-corr-neg_seed2.pcf,rac,0,8874866,623
random_n900_rho0.6_weakly-corr-neg_seed3.pcf,hfma,0,3274543,640
random_n900_rho0.6_weakly-corr-neg_seed3.pcf,rac,0,8857820,640
random_n900_rho0.6_weakly-corr-neg_seed4.pcf,hfma,0,3073426,627
random_n900_rho0.6_weakly-corr-neg_seed4.pcf,rac,0,3269697,627
random_n900_rho0.6_weakly-corr-neg_seed5.pcf,hfma,0,1085150,617
random_n900_rho0.6_weakly-corr-neg_seed5.pcf,rac,0,4100279,617
random_n900_rho0.6_weakly-corr-neg_seed6.pcf,hfma,0,2315551,617
random_n900_rho0.6_weakly-corr-neg_seed6.pcf,rac,0,3692333,617
random_n900_rho0.6_weakly-corr-neg_seed7.pcf,hfma,0,2837655,624
random_n900_rho0.6_weakly-corr-neg_seed7.pcf,rac,0,8270919,624
random_n900_rho0.6_weakly-corr-neg_seed8.pcf,hfma,0,2908709,657
random_n900_rho0.6_weakly-corr-neg_seed8.pcf,rac,0,5814310,657
random_n900_rho0.6_weakly-corr-neg_seed9.pcf,hfma,0,2134607,606
random_n900_rho0.6_weakly-corr-neg_seed9.pcf,rac,0,4526992,606
random_n900_rho0.6_weakly-corr_seed0.pcf,hfma,0,618102,635
random_n900_rho0.6_weakly-corr_seed0.pcf,rac,0,2244045,635
random_n900_rho0.6_weakly-corr_seed1.pcf,hfma,0,972583,640
random_n900_rho0.6_weakly-corr_seed1.pcf,rac,0,4000102,640
random_n900_rho0.6_weakly-corr_seed2.pcf,hfma,0,1588892,596
random_n900_rho0.6_weakly-corr_seed2.pcf,rac,0,6454679,596
random_n900_rho0.6_weakly-corr_seed3.pcf,hfma,0,2443662,617
random_n900_rho0.6_weakly-corr_seed3.pcf,rac,0,7649785,617
random_n900_rho0.6_weakly-corr_seed4.pcf,hfma,0,3134232,632
random_n900_rho0.6_weakly-corr_seed4.pcf,rac,0,6483516,632
random_n900_rho0.6_weakly-corr_seed5.pcf,hfma,0,1914619,638
random_n900_rho0.6_weakly-corr_seed5.pcf,rac,0,7586842,638
random_n900_rho0.6_weakly-corr_seed6.pcf,hfma,0,2488236,616
random_n900_rho0.6_weakly-corr_seed6.pcf,rac,0,10034124,616
random_n900_rho0.6_weakly-corr_seed7.pcf,hfma,0,3203734,624
random_n900_rho0.6_weakly-corr_seed7.pcf,rac,0,8968481,624
random_n900_rho0.6_weakly-corr_seed8.pcf,hfma,0,3522437,641
random_n900_rho0.6_weakly-corr_seed8.pcf,rac,0,8752961,641
random_n900_rho0.6_weakly-corr_seed9.pcf,hfma,0,3021553,632
random_n900_rho0.6_weakly-corr_seed9.pcf,rac,0,5756440,632
random_n900_rho0.9_strongly-corr-neg_seed0.pcf,hfma,0,2460879,429
random_n900_rho0.9_strongly-corr-neg_seed0.pcf,rac,0,5098443,429
random_n900_rho0.9_strongly-corr-neg_seed1.pcf,hfma,0,3192483,462
random_n900_rho0.9_strongly-corr-neg_seed1.pcf,rac,0,3968546,462
random_n900_rho0.9_strongly-corr-neg_seed2.pcf,hfma,0,2402576,454
random_n900_rho0.9_strongly-corr-neg_seed2.pcf,rac,0,3725636,454
random_n900_rho0.9_strongly-corr-neg_seed3.pcf,hfma,0,2917144,447
random_n900_rho0.9_strongly-corr-neg_seed3.pcf,rac,0,6785393,447
random_n900_rho0.9_strongly-corr-neg_seed4.pcf,hfma,0,2617184,456
random_n900_rho0.9_strongly-corr-neg_seed4.pcf,rac,0,5771557,456
random_n900_rho0.9_strongly-corr-neg_seed5.pcf,hfma,0,4025817,467
random_n900_rho0.9_strongly-corr-neg_seed5.pcf,rac,0,5252215,467
random_n900_rho0.9_strongly-corr-neg_seed6.pcf,hfma,0,1693147,460
random_n900_rho0.9_strongly-corr-neg_seed6.pcf,rac,0,4959341,460
random_n900_rho0.9_strongly-corr-neg_seed7.pcf,hfma,0,4318935,459
random_n900_rho0.9_strongly-corr-neg_seed7.pcf,rac,0,4503903,459
random_n900_rho0.9_strongly-corr-neg_seed8.pcf,hfma,0,1387198,468
random_n900_rho0.9_strongly-corr-neg_seed8.pcf,rac,0,4310803,468
random_n900_rho0.9_strongly-corr-neg_seed9.pcf,hfma,0,7291780,443
random_n900_rho0.9_strongly-corr-neg_seed9.pcf,rac,0,5999965,443
random_n900_rho0.9_strongly-corr_seed0.pcf,hfma,0,2271679,413
random_n900_rho0.9_strongly-corr_seed0.pcf,rac,0,4474465,413
random_n900_rho0.9_strongly-corr_seed1.pcf,hfma,0,2972991,426
random_n900_rho0.9_strongly-corr_seed1.pcf,rac,0,8183033,426
random_n900_rho0.9_strongly-corr_seed2.pcf,hfma,0,5852513,432
random_n900_rho0.9_strongly-corr_seed2.pcf,rac,0,6635514,432
random_n900_rho0.9_strongly-corr_seed3.pcf,hfma,0,2884048,447
random_n900_rho0.9_strongly-corr_seed3.pcf,rac,0,7434163,447
random_n900_rho0.9_strongly-corr_seed4.pcf,hfma,0,6368722,414
random_n900_rho0.9_strongly-corr_seed4.pcf,rac,0,9018783,414
random_n900_rho0.9_strongly-corr_seed5.pcf,hfma,0,4953972,422
random_n900_rho0.9_strongly-corr_seed5.pcf,rac,0,5627568,422
random_n900_rho0.9_strongly-corr_seed6.pcf,hfma,0,6979831,409
random_n900_rho0.9_strongly-corr_seed6.pcf,rac,0,7957294,409
random_n900_rho0.9_strongly-corr_seed7.pcf,hfma,0,2104269,442
random_n900_rho0.9_strongly-corr_seed7.pcf,rac,0,7165045,442
random_n900_rho0.9_strongly-corr_seed8.pcf,hfma,0,8856974,431
random_n900_rho0.9_strongly-corr_seed8.pcf,rac,0,12106199,431
random_n900_rho0.9_strongly-corr_seed9.pcf,hfma,0,7582517,442
random_n900_rho0.9_strongly-corr_seed9.pcf,rac,0,13132044,442
random_n900_rho0.9_uncorr-neg_seed0.pcf,hfma,0,5431246,488
random_n900_rho0.9_uncorr-neg_seed0.pcf,rac,0,6313398,488
random_n900_rho0.9_uncorr-neg_seed1.pcf,hfma,0,4110330,500
random_n900_rho0.9_uncorr-neg_seed1.pcf,rac,0,7750741,500
random_n900_rho0.9_uncorr-neg_seed2.pcf,hfma,0,3601779,492
random_n900_rho0.9_uncorr-neg_seed2.pcf,rac,0,7678586,492
random_n900_rho0.9_uncorr-neg_seed3.pcf,hfma,0,5523719,489
random_n900_rho0.9_uncorr-neg_seed3.pcf,rac,0,9582944,489
random_n900_rho0.9_uncorr-neg_seed4.pcf,hfma,0,3212839,476
random_n900_rho0.9_uncorr-neg_seed4.pcf,rac,0,8483639,476
random_n900_rho0.9_uncorr-neg_seed5.pcf,hfma,0,5509124,471
random_n900_rho0.9_uncorr-neg_seed5.pcf,rac,0,12408143,471
random_n900_rho0.9_uncorr-neg_seed6.pcf,hfma,0,5864180,493
random_n900_rho0.9_uncorr-neg_seed6.pcf,rac,0,7512327,493
random_n900_rho0.9_uncorr-neg_seed7.pcf,hfma,0,3874877,522
random_n900_rho0.9_uncorr-neg_seed7.pcf,rac,0,8244914,522
random_n900_rho0.9_uncorr-neg_seed8.pcf,hfma,0,7146847,456
random_n900_rho0.9_uncorr-neg_seed8.pcf,rac,0,6908239,456
random_n900_rho0.9_uncorr-neg_seed9.pcf,hfma,0,2354127,516
random_n900_rho0.9_uncorr-neg_seed9.pcf,rac,0,9807396,516
random_n900_rho0.9_uncorr_seed0.pcf,hfma,0,7262255,498
random_n900_rho0.9_uncorr_seed0.pcf,rac,0,10701814,498
random_n900_rho0.9_uncorr_seed1.pcf,hfma,0,3827559,500
random_n900_rho0.9_uncorr_seed1.pcf,rac,0,4267945,500
random_n900_rho0.9_uncorr_seed2.pcf,hfma,0,2399180,515
random_n900_rho0.9_uncorr_seed2.pcf,rac,0,8496085,515
random_n900_rho0.9_uncorr_seed3.pcf,hfma,0,4150781,492
random_n900_rho0.9_uncorr_seed3.pcf,rac,0,12504327,492
random_n900_rho0.9_uncorr_seed4.pcf,hfma,0,4947371,498
random_n900_rho0.9_uncorr_seed4.pcf,rac,0,6096814,498
random_n900_rho0.9_uncorr_seed5.pcf,hfma,0,5096233,488
random_n900_rho0.9_uncorr_seed5.pcf,rac,0,5439243,488
random_n900_rho0.9_uncorr_seed6.pcf,hfma,0,3977540,457
random_n900_rho0.9_uncorr_seed6.pcf,rac,0,5556714,457
random_n900_rho0.9_uncorr_seed7.pcf,hfma,0,2369811,495
random_n900_rho0.9_uncorr_seed7.pcf,rac,0,8265982,495
random_n900_rho0.9_uncorr_seed8.pcf,hfma,0,2231711,495
random_n900_rho0.9_uncorr_seed8.pcf,rac,0,4573624,495
random_n900_rho0.9_uncorr_seed9.pcf,hfma,0,1668081,486
random_n900_rho0.9_uncorr_seed9.pcf,rac,0,3466165,486
random_n900_rho0.9_weakly-corr-neg_seed0.pcf,hfma,0,1832917,465
random_n900_rho0.9_weakly-corr-neg_seed0.pcf,rac,0,3663797,465
random_n900_rho0.9_weakly-corr-neg_seed1.pcf,hfma,0,2757402,476
random_n900_rho0.9_weakly-corr-neg_seed1.pcf,rac,0,6206789,476
random_n900_rho0.9_weakly-corr-neg_seed2.pcf,hfma,0,3160115,503
random_n900_rho0.9_weakly-corr-neg_seed2.pcf,rac,0,8827590,503
random_n900_rho0.9_weakly-corr-neg_seed3.pcf,hfma,0,5297432,492
random_n900_rho0.9_weakly-corr-neg_seed3.pcf,rac,0,7704895,492
random_n900_rho0.9_weakly-corr-neg_seed4.pcf,hfma,0,3905246,491
random_n900_rho0.9_weakly-corr-neg_seed4.pcf,rac,0,6990634,491
random_n900_rho0.9_weakly-corr-neg_seed5.pcf,hfma,0,2816196,489
random_n900_rho0.9_weakly-corr-neg_seed5.pcf,rac,0,8957847,489
random_n900_rho0.9_weakly-corr-neg_seed6.pcf,hfma,0,5961836,469
random_n900_rho0.9_weakly-corr-neg_seed6.pcf,rac,0,14201667,469
random_n900_rho0.9_weakly-corr-neg_seed7.pcf,hfma,0,5451934,493
random_n900_rho0.9_weakly-corr-neg_seed7.pcf,rac,0,4334201,493
random_n900_rho0.9_weakly-corr-neg_seed8.pcf,hfma,0,2954098,475
random_n900_rho0.9_weakly-corr-neg_seed8.pcf,rac,0,6399517,475
random_n900_rho0.9_weakly-corr-neg_seed9.pcf,hfma,0,5479067,497
random_n900_rho0.9_weakly-corr-neg_seed9.pcf,rac,0,6385869,497
random_n900_rho0.9_weakly-corr_seed0.pcf,hfma,0,3166765,499
random_n900_rho0.9_weakly-corr_seed0.pcf,rac,0,5868078,499
random_n900_rho0.9_weakly-corr_seed1.pcf,hfma,0,5628458,499
random_n900_rho0.9_weakly-corr_seed1.pcf,rac,0,7392306,499
random_n900_rho0.9_weakly-corr_seed2.pcf,hfma,0,4762972,488
random_n900_rho0.9_weakly-corr_seed2.pcf,rac,0,3700375,488
random_n900_rho0.9_weakly-corr_seed3.pcf,hfma,0,6938074,496
random_n900_rho0.9_weakly-corr_seed3.pcf,rac,0,4897885,496
random_n900_rho0.9_weakly-corr_seed4.pcf,hfma,0,5959056,515
random_n900_rho0.9_weakly-corr_seed4.pcf,rac,0,7756267,515
random_n900_rho0.9_weakly-corr_seed5.pcf,hfma,0,4491213,484
random_n900_rho0.9_weakly-corr_seed5.pcf,rac,0,5612503,484
random_n900_rho0.9_weakly-corr_seed6.pcf,hfma,0,2513859,460
random_n900_rho0.9_weakly-corr_seed6.pcf,rac,0,7803642,460
random_n900_rho0.9_weakly-corr_seed7.pcf,hfma,0,4821179,442
random_n900_rho0.9_weakly-corr_seed7.pcf,rac,0,4524921,442
random_n900_rho0.9_weakly-corr_seed8.pcf,hfma,0,2711686,497
random_n900_rho0.9_weakly-corr_seed8.pcf,rac,0,4427576,497
random_n900_rho0.9_weakly-corr_seed9.pcf,hfma,0,2662836,469
random_n900_rho0.9_weakly-corr_seed9.pcf,rac,0,7260820,469
random_n900_rho1.0_strongly-corr-neg_seed0.pcf,hfma,0,4633138,439
random_n900_rho1.0_strongly-corr-neg_seed0.pcf,rac,0,9428607,439
random_n900_rho1.0_strongly-corr-neg_seed1.pcf,hfma,0,10377266,424
random_n900_rho1.0_strongly-corr-neg_seed1.pcf,rac,0,6565391,424
random_n900_rho1.0_strongly-corr-neg_seed2.pcf,hfma,0,2875210,426
random_n900_rho1.0_strongly-corr-neg_seed2.pcf,rac,0,11473355,426
random_n900_rho1.0_strongly-corr-neg_seed3.pcf,hfma,0,8021243,437
random_n900_rho1.0_strongly-corr-neg_seed3.pcf,rac,0,7720174,437
random_n900_rho1.0_strongly-corr-neg_seed4.pcf,hfma,0,3761452,420
random_n900_rho1.0_strongly-corr-neg_seed4.pcf,rac,0,7391929,420
random_n900_rho1.0_strongly-corr-neg_seed5.pcf,hfma,0,7033785,405
random_n900_rho1.0_strongly-corr-neg_seed5.pcf,rac,0,4763257,405
random_n900_rho1.0_strongly-corr-neg_seed6.pcf,hfma,0,4806109,403
random_n900_rho1.0_strongly-corr-neg_seed6.pcf,rac,0,6648339,403
random_n900_rho1.0_strongly-corr-neg_seed7.pcf,hfma,0,3319255,432
random_n900_rho1.0_strongly-corr-neg_seed7.pcf,rac,0,9170289,432
random_n900_rho1.0_strongly-corr-neg_seed8.pcf,hfma,0,9594338,404
random_n900_rho1.0_strongly-corr-neg_seed8.pcf,rac,0,6815359,404
random_n900_rho1.0_strongly-corr-neg_seed9.pcf,hfma,0,5098403,431
random_n900_rho1.0_strongly-corr-neg_seed9.pcf,rac,0,8481493,431
random_n900_rho1.0_strongly-corr_seed0.pcf,hfma,0,7243923,415
random_n900_rho1.0_strongly-corr_seed0.pcf,rac,0,5208222,415
random_n900_rho1.0_strongly-corr_seed1.pcf,hfma,0,3311054,376
random_n900_rho1.0_strongly-corr_seed1.pcf,rac,0,4660655,376
random_n900_rho1.0_strongly-corr_seed2.pcf,hfma,0,4080253,393
random_n900_rho1.0_strongly-corr_seed2.pcf,rac,0,5263073,393
random_n900_rho1.0_strongly-corr_seed3.pcf,hfma,0,2150083,399
random_n900_rho1.0_strongly-corr_seed3.pcf,rac,0,5115306,399
random_n900_rho1.0_strongly-corr_seed4.pcf,hfma,0,3341030,399
random_n900_rho1.0_strongly-corr_seed4.pcf,rac,0,5132670,399
random_n900_rho1.0_strongly-corr_seed5.pcf,hfma,0,2710547,382
random_n900_rho1.0_strongly-corr_seed5.pcf,rac,0,6558297,382
random_n900_rho1.0_strongly-corr_seed6.pcf,hfma,0,5208232,391
random_n900_rho1.0_strongly-corr_seed6.pcf,rac,0,6546502,391
random_n900_rho1.0_strongly-corr_seed7.pcf,hfma,0,7122026,406
random_n900_rho1.0_strongly-corr_seed7.pcf,rac,0,8318097,406
random_n900_rho1.0_strongly-corr_seed8.pcf,hfma,0,2553345,391
random_n900_rho1.0_strongly-corr_seed8.pcf,rac,0,4279797,391
random_n900_rho1.0_strongly-corr_seed9.pcf,hfma,0,3146459,400
random_n900_rho1.0_strongly-corr_seed9.pcf,rac,0,5624328,400
random_n900_rho1.0_uncorr-neg_seed0.pcf,hfma,0,3061738,436
random_n900_rho1.0_uncorr-neg_seed0.pcf,rac,0,6333143,436
random_n900_rho1.0_uncorr-neg_seed1.pcf,hfma,0,3998787,453
random_n900_rho1.0_uncorr-neg_seed1.pcf,rac,0,6330158,453
random_n900_rho1.0_uncorr-neg_seed2.pcf,hfma,0,3681085,465
random_n900_rho1.0_uncorr-neg_seed2.pcf,rac,0,7088237,465
random_n900_rho1.0_uncorr-neg_seed3.pcf,hfma,0,4413032,440
random_n900_rho1.0_uncorr-neg_seed3.pcf,rac,0,4320618,440
random_n900_rho1.0_uncorr-neg_seed4.pcf,hfma,0,3002412,472
random_n900_rho1.0_uncorr-neg_seed4.pcf,rac,0,5988143,472
random_n900_rho1.0_uncorr-neg_seed5.pcf,hfma,0,3614439,457
random_n900_rho1.0_uncorr-neg_seed5.pcf,rac,0,4627527,457
random_n900_rho1.0_uncorr-neg_seed6.pcf,hfma,0,3601700,441
random_n900_rho1.0_uncorr-neg_seed6.pcf,rac,0,5939699,441
random_n900_rho1.0_uncorr-neg_seed7.pcf,hfma,0,2551206,454
random_n900_rho1.0_uncorr-neg_seed7.pcf,rac,0,4328611,454
random_n900_rho1.0_uncorr-neg_seed8.pcf,hfma,0,3388099,442
random_n900_rho1.0_uncorr-neg_seed8.pcf,rac,0,6142348,442
random_n900_rho1.0_uncorr-neg_seed9.pcf,hfma,0,2560024,459
random_n900_rho1.0_uncorr-neg_seed9.pcf,rac,0,4339662,459
random_n900_rho1.0_uncorr_seed0.pcf,hfma,0,5347855,464
random_n900_rho1.0_uncorr_seed0.pcf,rac,0,6639618,464
random_n900_rho1.0_uncorr_seed1.pcf,hfma,0,4355985,415
random_n900_rho1.0_uncorr_seed1.pcf,rac,0,4343044,415
random_n900_rho1.0_uncorr_seed2.pcf,hfma,0,3822889,475
random_n900_rho1.0_uncorr_seed2.pcf,rac,0,5685524,475
random_n900_rho1.0_uncorr_seed3.pcf,hfma,0,2788723,478
random_n900_rho1.0_uncorr_seed3.pcf,rac,0,5163604,478
random_n900_rho1.0_uncorr_seed4.pcf,hfma,0,5974400,435
random_n900_rho1.0_uncorr_seed4.pcf,rac,0,6596301,435
random_n900_rho1.0_uncorr_seed5.pcf,hfma,0,5232671,456
random_n900_rho1.0_uncorr_seed5.pcf,rac,0,6308954,456
random_n900_rho1.0_uncorr_seed6.pcf,hfma,0,3299481,468
random_n900_rho1.0_uncorr_seed6.pcf,rac,0,8565822,468
random_n900_rho1.0_uncorr_seed7.pcf,hfma,0,7299936,429
random_n900_rho1.0_uncorr_seed7.pcf,rac,0,7101383,429
random_n900_rho1.0_uncorr_seed8.pcf,hfma,0,9169675,453
random_n900_rho1.0_uncorr_seed8.pcf,rac,0,7689193,453
random_n900_rho1.0_uncorr_seed9.pcf,hfma,0,2735022,462
random_n900_rho1.0_uncorr_seed9.pcf,rac,0,4567267,462
random_n900_rho1.0_weakly-corr-neg_seed0.pcf,hfma,0,2126293,450
random_n900_rho1.0_weakly-corr-neg_seed0.pcf,rac,0,4573121,450
random_n900_rho1.0_weakly-corr-neg_seed1.pcf,hfma,0,3957053,441
random_n900_rho1.0_weakly-corr-neg_seed1.pcf,rac,0,4437085,441
random_n900_rho1.0_weakly-corr-neg_seed2.pcf,hfma,0,6478514,434
random_n900_rho1.0_weakly-corr-neg_seed2.pcf,rac,0,8258669,434
random_n900_rho1.0_weakly-corr-neg_seed3.pcf,hfma,0,5673482,450
random_n900_rho1.0_weakly-corr-neg_seed3.pcf,rac,0,6148720,450
random_n900_rho1.0_weakly-corr-neg_seed4.pcf,hfma,0,7327652,468
random_n900_rho1.0_weakly-corr-neg_seed4.pcf,rac,0,8048149,468
random_n900_rho1.0_weakly-corr-neg_seed5.pcf,hfma,0,10318800,442
random_n900_rho1.0_weakly-corr-neg_seed5.pcf,rac,0,14791736,442
random_n900_rho1.0_weakly-corr-neg_seed6.pcf,hfma,0,10241710,426
random_n900_rho1.0_weakly-corr-neg_seed6.pcf,rac,0,7779866,426
random_n900_rho1.0_weakly-corr-neg_seed7.pcf,hfma,0,2843866,434
random_n900_rho1.0_weakly-corr-neg_seed7.pcf,rac,0,4018813,434
random_n900_rho1.0_weakly-corr-neg_seed8.pcf,hfma,0,2705780,451
random_n900_rho1.0_weakly-corr-neg_seed8.pcf,rac,0,4151451,451
random_n900_rho1.0_weakly-corr-neg_seed9.pcf,hfma,0,5650332,462
random_n900_rho1.0_weakly-corr-neg_seed9.pcf,rac,0,4591129,462
random_n900_rho1.0_weakly-corr_seed0.pcf,hfma,0,4554563,455
random_n900_rho1.0_weakly-corr_seed0.pcf,rac,0,7881250,455
random_n900_rho1.0_weakly-corr_seed1.pcf,hfma,0,3391201,445
random_n900_rho1.0_weakly-corr_seed1.pcf,rac,0,4580153,445
random_n900_rho1.0_weakly-corr_seed2.pcf,hfma,0,2293663,425
random_n900_rho1.0_weakly-corr_seed2.pcf,rac,0,5967554,425
random_n900_rho1.0_weakly-corr_seed3.pcf,hfma,0,6532600,443
random_n900_rho1.0_weakly-corr_seed3.pcf,rac,0,4561799,443
random_n900_rho1.0_weakly-corr_seed4.pcf,hfma,0,6899236,440
random_n900_rho1.0_weakly-corr_seed4.pcf,rac,0,10956345,440
random_n900_rho1.0_weakly-corr_seed5.pcf,hfma,0,7793502,459
random_n900_rho1.0_weakly-corr_seed5.pcf,rac,0,7681053,459
random_n900_rho1.0_weakly-corr_seed6.pcf,hfma,0,4890078,465
random_n900_rho1.0_weakly-corr_seed6.pcf,rac,0,10124507,465
random_n900_rho1.0_weakly-corr_seed7.pcf,hfma,0,7667713,435
random_n900_rho1.0_weakly-corr_seed7.pcf,rac,0,9503532,435
random_n900_rho1.0_weakly-corr_seed8.pcf,hfma,0,3674505,450
random_n900_rho1.0_weakly-corr_seed8.pcf,rac,0,6120889,450
random_n900_rho1.0_weakly-corr_seed9.pcf,hfma,0,6311919,442
random_n900_rho1.0_weakly-corr_seed9.pcf,rac,0,4293069,442
